solar_date,month,season,n_points,dtr_c,dtr_bin,tmax_c,tmin_c,daily_bias_c,daily_rmse_c,morning_n,morning_bias_c,morning_rmse_c,afternoon_n,afternoon_bias_c,afternoon_rmse_c,night_n,night_bias_c,obs_peak_checkpoint_solar_h,pred_peak_checkpoint_solar_h,peak_checkpoint_error_h
2000-01-01,1,Other,7,10.8,10-<12,-4.4,-15.2,1.3472,5.3659,2,-3.9703,4.0577,2,7.8491,7.8508,2,-1.4111,23.7719,14.7792,-8.9927
2000-01-02,1,Other,8,13.1,12-<15,-2.3,-15.4,-2.8392,4.9355,2,-7.1086,7.2315,2,2.4291,2.6081,3,-4.6526,14.7719,14.7719,0.0
2000-01-03,1,Other,9,7.1,<8,-3.8,-10.9,1.658,3.5196,2,-2.1528,2.1532,3,4.7937,4.8377,3,1.0543,2.7644,14.7644,-12.0
2000-01-04,1,Other,8,10.2,10-<12,-8.9,-19.1,1.592,5.7779,2,-5.1007,5.3278,2,7.7883,7.7889,3,1.1692,5.7572,14.7572,9.0
2000-01-06,1,Other,6,7.6,<8,-18.9,-26.5,-1.2809,2.3258,1,-3.9693,3.9693,2,0.7559,0.9227,2,-1.6251,11.7431,14.7431,3.0
2000-01-07,1,Other,8,8.9,8-<10,-12.0,-20.9,-2.9112,6.5145,2,-1.5097,1.5899,2,1.2583,3.1826,3,-8.4718,23.7292,14.7361,-8.9931
2000-01-08,1,Other,8,15.7,15-<18,-2.9,-18.6,0.514,9.6556,2,-10.2687,10.2695,2,12.6218,12.6335,3,-1.5592,2.7292,14.7292,-12.0
2000-01-09,1,Other,7,13.9,12-<15,-5.3,-19.2,-5.2413,7.2029,2,-11.353,11.3533,2,1.0897,1.4647,3,-5.3875,5.7225,14.7225,9.0
2000-01-10,1,Other,9,4.3,<8,-8.3,-12.6,0.668,2.5462,3,-1.4745,1.4877,2,2.4545,2.5708,3,1.9734,11.7161,14.7161,3.0
2000-01-11,1,Other,8,6.1,<8,-12.2,-18.3,0.1266,1.033,2,-0.3883,0.3889,2,1.4509,1.8415,3,-0.5587,17.7094,14.7094,-3.0
2000-01-12,1,Other,8,12.3,12-<15,-4.9,-17.2,0.4887,2.3607,2,-1.7642,1.8174,2,3.9478,3.982,3,0.3485,11.7033,14.7033,3.0
2000-01-13,1,Other,8,10.9,10-<12,-10.5,-21.4,-1.2007,3.1462,2,-0.1799,0.1816,2,0.8644,0.8645,3,-4.4642,14.6969,14.6969,0.0
2000-01-14,1,Other,7,7.0,<8,-9.1,-16.1,1.9431,2.8337,2,-0.6288,0.6384,2,4.2109,4.2442,2,3.0724,11.6911,14.6911,3.0
2000-01-15,1,Other,8,11.0,10-<12,-7.4,-18.4,0.1023,1.6208,2,-1.3083,1.9208,2,1.9672,1.9771,3,0.4701,11.6853,14.6853,3.0
2000-01-16,1,Other,8,7.9,<8,-11.4,-19.3,-1.3653,2.2524,2,-1.0686,1.4616,2,0.6697,0.6782,3,-3.4165,20.6794,14.6794,-6.0
2000-01-17,1,Other,8,8.4,8-<10,-8.2,-16.6,2.3061,4.0301,2,-1.5839,1.5851,2,6.3696,6.3725,3,3.0671,11.6739,14.6739,3.0
2000-01-18,1,Other,8,8.5,8-<10,-10.7,-19.2,0.5165,1.6815,2,-1.2702,1.5167,2,0.6141,0.901,3,1.5982,14.6686,14.6686,0.0
2000-01-19,1,Other,8,11.8,10-<12,-7.3,-19.1,-2.7893,3.9143,2,-2.5722,2.7623,2,-0.6914,1.7003,3,-4.8504,20.6633,14.6633,-6.0
2000-01-20,1,Other,8,7.1,<8,-4.6,-11.7,2.2515,3.5202,2,-1.0347,1.1558,2,5.4778,5.4778,3,2.0834,2.6583,14.6583,-12.0
2000-01-21,1,Other,8,6.2,<8,-9.8,-16.0,0.1368,0.7614,2,-0.2804,0.3378,2,1.2799,1.2799,3,-0.1507,14.6533,14.6533,0.0
2000-01-22,1,Other,8,7.5,<8,-8.7,-16.2,2.0973,2.9833,2,-0.2943,0.3521,2,4.8945,4.8951,3,2.3379,11.6486,14.6486,3.0
2000-01-23,1,Other,8,8.8,8-<10,-9.8,-18.6,0.4344,2.6511,2,-2.3544,3.2081,2,3.7609,3.8434,3,0.5266,11.6442,14.6442,3.0
2000-01-24,1,Other,8,5.3,<8,-11.9,-17.2,-0.3848,1.0128,2,-1.5146,1.527,2,0.9381,1.091,3,-0.4843,14.64,14.64,0.0
2000-01-25,1,Other,9,4.3,<8,-12.8,-17.1,-0.0485,0.9049,2,-0.4722,0.5121,2,1.347,1.395,3,-0.0158,10.6358,14.6358,4.0
2000-01-26,1,Other,8,5.6,<8,-11.5,-17.1,-0.6335,1.0671,2,-1.4805,1.5877,2,0.214,0.6987,3,-0.3939,11.6319,14.6319,3.0
2000-01-27,1,Other,8,7.9,<8,-9.3,-17.2,0.6723,1.5565,2,-0.3174,0.4886,2,2.4789,2.5525,3,0.8267,11.6283,14.6283,3.0
2000-01-28,1,Other,8,5.1,<8,-13.4,-18.5,-0.7844,1.3431,2,-0.3988,0.6109,2,0.5236,0.8401,3,-1.7763,11.6247,14.6247,3.0
2000-01-29,1,Other,8,8.6,8-<10,-7.3,-15.9,1.2177,2.482,2,-1.2948,1.6592,2,3.7184,3.7188,3,1.8363,11.6214,14.6214,3.0
2000-01-30,1,Other,8,6.7,<8,-11.7,-18.4,0.2442,2.0315,2,-2.1181,2.2782,2,2.1179,2.4072,3,0.8352,14.6183,14.6183,0.0
2000-01-31,1,Other,8,7.8,<8,-11.5,-19.3,-1.6003,2.7188,2,-1.8264,2.1441,2,-0.0886,1.261,3,-2.9029,20.6156,14.6156,-6.0
2000-02-01,2,Other,8,9.8,8-<10,-4.0,-13.8,1.657,3.3039,2,-0.6133,0.7274,2,5.7664,5.7664,3,1.5278,11.6128,14.6128,3.0
2000-02-02,2,Other,8,5.3,<8,-9.7,-15.0,-0.3273,1.2281,2,-0.8927,1.3102,2,1.1719,1.2713,3,-0.6835,11.6103,14.6103,3.0
2000-02-03,2,Other,8,5.7,<8,-7.4,-13.1,0.1426,1.0823,2,-1.2522,1.506,2,1.2361,1.2872,3,0.3356,14.6081,14.6081,0.0
2000-02-04,2,Other,8,6.7,<8,-5.4,-12.1,-0.7938,2.1731,2,-0.6619,0.7766,2,0.342,1.6664,3,-2.5995,17.6061,14.6061,-3.0
2000-02-05,2,Other,8,6.6,<8,-2.4,-9.0,0.0166,1.8344,2,-1.758,1.7619,2,2.1566,2.2341,3,-0.0633,11.6044,14.6044,3.0
2000-02-06,2,Other,8,5.8,<8,-6.4,-12.2,1.413,2.1887,2,0.0868,0.413,2,3.3388,3.3391,3,0.564,2.6028,14.6028,-12.0
2000-02-07,2,Other,8,6.6,<8,-6.7,-13.3,-0.3106,0.9406,2,-1.0837,1.1236,2,0.9163,1.1797,3,-0.5647,14.6014,14.6014,0.0
2000-02-08,2,Other,8,6.7,<8,-4.8,-11.5,-0.1104,1.9342,2,-2.1625,2.6808,2,2.3615,2.4338,3,-0.069,11.6003,14.6003,3.0
2000-02-09,2,Other,8,7.7,<8,-3.0,-10.7,1.2331,2.4729,2,-1.6603,2.3246,2,2.922,2.9433,3,2.1947,14.5992,14.5992,0.0
2000-02-10,2,Other,8,11.9,10-<12,-0.8,-12.7,-1.0643,2.4039,2,-2.0608,2.3962,2,1.4835,1.4893,3,-1.7223,11.5986,14.5986,3.0
2000-02-11,2,Other,8,3.8,<8,-4.3,-8.1,1.2689,1.8032,2,-0.1447,0.229,2,2.4463,2.4466,3,1.2979,14.5981,14.5981,0.0
2000-02-12,2,Other,8,8.4,8-<10,-4.3,-12.7,0.1815,1.7556,2,-1.6979,1.6979,2,2.3743,2.6639,3,0.399,11.5978,14.5978,3.0
2000-02-13,2,Other,8,11.6,10-<12,-1.5,-13.1,2.1286,4.1267,2,-0.5189,0.833,2,6.8373,6.9759,3,2.482,11.5978,14.5978,3.0
2000-02-14,2,Other,8,7.3,<8,-6.8,-14.1,0.3951,1.196,2,-0.8234,1.1873,2,1.3867,1.3868,3,0.8021,14.5978,14.5978,0.0
2000-02-15,2,Other,8,9.1,8-<10,-6.4,-15.5,-0.9663,2.3663,2,-2.0756,2.6117,2,2.03,2.0344,3,-1.9985,11.5981,14.5981,3.0
2000-02-16,2,Other,8,10.0,10-<12,-1.0,-11.0,-0.8229,1.7885,2,-1.2633,1.2964,2,1.4063,1.4504,3,-1.667,11.5986,14.5986,3.0
2000-02-17,2,Other,8,4.2,<8,-3.5,-7.7,1.2456,2.2974,2,-0.8058,1.0101,2,2.9277,2.9281,3,1.2448,2.5994,14.5994,-12.0
2000-02-18,2,Other,7,7.1,<8,-4.3,-11.4,0.9213,1.992,2,-0.6341,0.9036,1,3.3792,3.3792,3,1.7358,11.6003,17.6003,6.0
2000-02-19,2,Other,6,7.8,<8,-5.4,-13.2,0.773,1.4083,1,-0.4638,0.4638,2,2.3703,2.3892,2,0.2501,11.6017,14.6017,3.0
2000-02-20,2,Other,8,5.9,<8,-7.0,-12.9,0.3755,1.6344,2,-1.0383,1.0554,2,2.8403,2.8502,3,-0.5562,11.6031,14.6031,3.0
2000-02-21,2,Other,7,1.8,<8,-9.9,-11.7,0.1915,1.1265,2,-1.0442,1.0444,1,1.4983,1.4983,3,0.4648,8.6044,17.6044,9.0
2000-02-22,2,Other,8,2.7,<8,-11.4,-14.1,0.5336,1.2476,2,-0.3855,0.801,2,1.6209,1.7055,3,0.163,14.6061,14.6061,0.0
2000-02-23,2,Other,8,9.1,8-<10,-6.6,-15.7,-0.0424,1.1581,2,-1.3204,1.4918,2,1.0346,1.135,3,0.5479,14.6081,14.6081,0.0
2000-02-24,2,Other,8,9.0,8-<10,-7.2,-16.2,1.769,3.3454,2,-1.7125,2.2617,2,5.1997,5.2824,3,2.2821,11.6103,14.6103,3.0
2000-02-25,2,Other,8,10.0,10-<12,-6.6,-16.6,-1.2093,2.4979,2,-2.5698,3.1204,2,1.474,1.6353,3,-1.7604,11.6125,14.6125,3.0
2000-02-26,2,Other,8,10.3,10-<12,-2.9,-13.2,0.9136,3.4207,2,-3.1603,3.3688,2,4.707,4.8209,3,1.7242,11.615,14.615,3.0
2000-02-27,2,Other,8,7.3,<8,-7.3,-14.6,0.1126,2.0521,2,-1.4697,2.5192,2,2.858,2.8835,3,-0.8594,11.6178,14.6178,3.0
2000-02-28,2,Other,7,15.5,15-<18,3.0,-12.5,-0.8361,2.6179,2,-2.1905,2.8259,2,2.3051,2.3097,3,-2.0272,14.6206,14.6206,0.0
2000-02-29,2,Other,8,8.1,8-<10,-1.6,-9.7,-0.7135,1.8147,2,-0.7319,0.9085,2,1.7056,1.707,3,-2.4642,11.6236,14.6236,3.0
2000-03-01,3,Other,9,4.0,<8,-3.4,-7.4,0.4277,2.45,2,-0.6637,0.7684,2,1.9849,2.0254,4,-0.183,2.6267,14.6267,-12.0
2000-03-02,3,Other,8,9.6,8-<10,-0.6,-10.2,1.6039,2.8351,2,-1.3916,1.5779,2,4.9012,4.9066,3,1.3002,11.63,14.63,3.0
2000-03-03,3,Other,8,7.6,<8,-3.0,-10.6,0.7845,1.8185,2,-0.9972,1.3923,2,2.963,3.0202,3,0.947,11.6336,14.6336,3.0
2000-03-04,3,Other,7,6.6,<8,-4.6,-11.2,0.0502,0.8444,2,-0.8211,0.9915,1,1.6813,1.6813,3,0.153,11.6372,14.6372,3.0
2000-03-05,3,Other,8,6.6,<8,-5.3,-11.9,-0.1619,1.0431,2,-1.0566,1.3177,2,1.3506,1.4297,3,-0.3497,11.6408,14.6408,3.0
2000-03-06,3,Other,8,7.6,<8,-2.4,-10.0,-0.9713,1.8872,2,-1.0967,1.1886,2,0.581,0.5898,3,-2.0959,14.6447,14.6447,0.0
2000-03-07,3,Other,8,6.0,<8,-1.2,-7.2,-0.4099,1.2994,2,-1.3657,1.6184,2,1.0554,1.1188,3,-0.4959,11.6489,14.6489,3.0
2000-03-08,3,Other,7,8.6,8-<10,2.4,-6.2,0.6241,2.6949,2,-1.8634,1.8803,2,4.5183,4.5184,3,-0.3135,14.6531,14.6531,0.0
2000-03-09,3,Other,7,7.9,<8,2.4,-5.5,-0.1386,1.3492,2,-0.6509,0.891,1,2.6632,2.6632,3,-0.6861,11.6572,17.6572,6.0
2000-03-10,3,Other,8,4.9,<8,1.0,-3.9,0.6427,1.7591,2,-1.2454,1.802,2,2.6428,2.655,3,0.3456,8.6617,14.6617,6.0
2000-03-11,3,Other,7,7.4,<8,2.2,-5.2,0.1547,1.1212,2,-0.9944,1.2317,2,1.6625,1.6858,2,-0.0608,14.6661,14.6661,0.0
2000-03-12,3,Other,8,8.0,8-<10,3.6,-4.4,0.3028,1.4099,2,-1.3833,1.7246,2,2.071,2.0796,3,0.2984,11.6706,14.6706,3.0
2000-03-13,3,Other,8,9.3,8-<10,5.0,-4.3,0.5791,1.9324,2,-1.0573,1.2895,2,3.4793,3.4808,3,-0.0658,11.6753,14.6753,3.0
2000-03-14,3,Other,8,10.5,10-<12,7.6,-2.9,0.8217,1.8496,2,-0.8921,1.2002,2,3.1454,3.1667,3,0.3734,14.68,14.68,0.0
2000-03-15,3,Other,8,9.5,8-<10,8.1,-1.4,0.7747,1.7706,2,-0.6342,0.8136,2,2.8695,3.1877,3,0.7825,11.685,14.685,3.0
2000-03-16,3,Other,8,9.8,8-<10,8.5,-1.3,1.2998,2.697,2,-1.5638,2.196,2,4.4002,4.4436,3,0.9302,8.69,14.69,6.0
2000-03-17,3,Other,7,4.5,<8,4.2,-0.3,0.9063,2.733,2,-2.2391,2.3355,2,3.9297,3.9302,2,1.0511,8.695,14.695,6.0
2000-03-18,3,Other,7,5.2,<8,2.6,-2.6,-0.2886,1.0035,2,-0.8599,1.1751,2,0.8311,1.0491,3,-0.6543,14.7,14.7,0.0
2000-03-19,3,Other,8,3.2,<8,1.1,-2.1,0.6783,1.4247,2,-0.2956,0.5977,2,1.8237,2.0468,3,0.742,11.705,14.705,3.0
2000-03-20,3,Other,8,1.8,<8,-2.2,-4.0,0.2928,0.8147,2,-0.4344,0.6035,2,1.0731,1.0874,3,0.0436,2.7103,14.7103,-12.0
2000-03-21,3,Other,8,5.5,<8,-2.5,-8.0,0.1177,0.7419,2,0.3759,0.7395,2,-0.0366,0.5293,3,-0.377,17.7156,14.7156,-3.0
2000-03-22,3,Other,8,9.5,8-<10,1.9,-7.6,-0.8205,1.4234,2,-1.045,1.3657,2,0.0342,0.7524,3,-1.4831,17.7208,14.7208,-3.0
2000-03-23,3,Other,8,8.9,8-<10,3.6,-5.3,-0.6926,1.0245,2,-0.7846,1.0505,2,-0.1719,0.3983,3,-1.2236,14.7261,14.7261,0.0
2000-03-24,3,Other,8,10.0,10-<12,7.2,-2.8,-0.5167,1.0321,2,-0.2648,0.5649,2,-0.1968,0.4308,3,-1.1848,14.7314,14.7314,0.0
2000-03-25,3,Other,8,12.2,12-<15,13.5,1.3,-0.1184,3.0156,2,-4.4367,4.5241,2,3.5523,3.5678,3,0.8286,11.7367,14.7367,3.0
2000-03-26,3,Other,7,13.9,12-<15,17.0,3.1,-1.1953,1.619,2,-1.9939,2.2316,2,0.0869,0.4052,2,-1.4922,14.7419,14.7419,0.0
2000-03-27,3,Other,8,9.9,8-<10,15.8,5.9,-0.6728,1.1893,2,-1.4745,1.8325,2,0.216,0.3139,3,-0.9939,14.7472,14.7472,0.0
2000-03-28,3,Other,8,10.8,10-<12,14.1,3.3,3.7962,6.29,2,-0.9829,2.4012,2,9.6558,9.6764,3,1.9197,2.7528,14.7528,-12.0
2000-03-29,3,Other,8,4.9,<8,6.0,1.1,-0.2488,0.7519,2,0.0473,0.6493,2,0.1633,0.2832,3,-0.7989,14.7581,14.7581,0.0
2000-03-30,3,Other,8,6.5,<8,8.7,2.2,-0.4027,0.7788,2,-0.631,0.8433,2,0.3546,0.3598,3,-0.822,14.7633,14.7633,0.0
2000-03-31,3,Other,8,7.4,<8,11.6,4.2,-0.0094,0.4661,2,-0.4915,0.5092,2,0.1942,0.2798,3,-0.0413,14.7686,14.7686,0.0
2000-04-01,4,Other,8,14.2,12-<15,17.5,3.3,-0.7917,1.3459,2,-1.0249,1.4234,2,0.082,0.1256,3,-1.1894,14.7739,14.7739,0.0
2000-04-02,4,Other,8,8.6,8-<10,15.5,6.9,0.3238,0.7087,2,-0.3732,0.4963,2,1.2653,1.2771,3,0.218,14.7792,14.7792,0.0
2000-04-03,4,Other,8,9.4,8-<10,15.7,6.3,-0.3295,0.6141,2,-0.8958,1.1117,2,0.1627,0.2079,3,-0.1977,14.7842,14.7842,0.0
2000-04-04,4,Other,8,10.8,10-<12,17.2,6.4,-0.225,0.5423,2,-0.7427,0.8547,2,0.4197,0.4206,3,-0.2149,14.7894,14.7894,0.0
2000-04-05,4,Other,7,9.8,8-<10,16.9,7.1,-0.5958,1.1447,2,-1.1799,1.507,1,0.5927,0.5927,3,-0.8955,14.7944,14.7944,0.0
2000-04-06,4,Other,8,13.4,12-<15,20.8,7.4,-0.4977,1.6657,2,-2.3144,2.3368,2,0.9988,1.079,3,0.259,11.7994,14.7994,3.0
2000-04-07,4,Other,8,10.0,10-<12,17.4,7.4,1.0729,2.2459,2,-0.704,0.7876,2,2.5793,2.6514,3,1.1512,11.8044,14.8044,3.0
2000-04-08,4,Other,8,8.8,8-<10,14.1,5.3,0.874,1.4016,2,-0.0406,0.2369,2,1.8113,1.8333,3,0.2841,14.8094,14.8094,0.0
2000-04-09,4,Other,8,14.7,12-<15,18.4,3.7,-1.5363,2.7045,2,-0.4195,0.4201,2,0.1693,0.2087,3,-3.6009,14.8142,14.8142,0.0
2000-04-10,4,Other,8,8.2,8-<10,21.5,13.3,1.6489,2.6405,2,-0.2403,0.2843,2,3.9544,3.9576,3,2.1795,11.8189,14.8189,3.0
2000-04-11,4,Other,8,11.0,10-<12,16.3,5.3,2.4993,5.5925,2,-2.1216,3.1588,2,7.92,8.0384,3,-0.0911,2.8236,14.8236,-12.0
2000-04-12,4,Other,8,10.5,10-<12,12.4,1.9,-1.1803,2.816,2,-0.1131,0.1792,2,-0.2948,0.9372,3,-3.2651,17.8281,14.8281,-3.0
2000-04-13,4,Other,8,11.1,10-<12,17.6,6.5,-1.5407,2.3783,2,-2.7651,2.9432,2,0.6176,0.7484,3,-2.6719,14.8325,14.8325,0.0
2000-04-14,4,Other,8,7.6,<8,19.0,11.4,0.5671,1.0701,2,-0.0211,0.6967,2,0.4499,0.6386,3,1.0373,14.8369,14.8369,0.0
2000-04-15,4,Other,8,11.0,10-<12,18.7,7.7,-0.73,1.589,2,-2.2035,2.2881,2,1.3782,1.3832,3,-0.9068,11.8411,14.8411,3.0
2000-04-16,4,Other,8,7.3,<8,18.2,10.9,0.4751,1.5948,2,-0.2156,0.216,2,0.4224,0.4289,3,1.2506,14.8453,14.8453,0.0
2000-04-17,4,Other,8,9.6,8-<10,17.0,7.4,1.7716,2.4935,2,-0.4864,0.7161,2,2.7736,2.7825,3,2.5726,14.8494,14.8494,0.0
2000-04-18,4,Other,8,7.2,<8,13.6,6.4,0.1319,0.918,2,0.2329,0.9983,2,0.0816,0.6213,3,-0.4478,17.8533,14.8533,-3.0
2000-04-19,4,Other,8,12.7,12-<15,19.1,6.4,-0.7889,1.1719,2,-0.9017,1.2084,2,0.3261,0.493,3,-1.1936,11.8572,14.8572,3.0
2000-04-20,4,Other,7,11.5,10-<12,19.0,7.5,-0.7189,1.263,2,-1.6599,2.2018,2,0.0062,0.3902,2,-0.5731,14.8608,14.8608,0.0
2000-04-21,4,Other,7,13.8,12-<15,22.0,8.2,-0.8901,1.2403,1,-1.6236,1.6236,2,-0.1897,0.2654,3,-1.2697,14.8642,14.8642,0.0
2000-04-22,4,Other,7,7.7,<8,20.4,12.7,2.3199,2.9881,2,0.5383,1.3963,1,4.9979,4.9979,3,2.3794,11.8678,14.8678,3.0
2000-04-23,4,Other,8,9.5,8-<10,19.4,9.9,-0.141,0.9593,2,-1.4314,1.6456,2,0.4413,0.5103,3,-0.0701,14.8708,14.8708,0.0
2000-04-24,4,Other,6,12.6,12-<15,20.9,8.3,-1.1493,1.5498,2,-1.0414,1.3194,1,0.6969,0.6969,3,-1.8366,14.8742,14.8742,0.0
2000-04-25,4,Other,7,13.5,12-<15,23.4,9.9,-0.7795,1.4647,1,-0.5331,0.5331,2,0.3905,0.7212,3,-1.93,14.8769,14.8769,0.0
2000-04-26,4,Other,8,10.1,10-<12,23.9,13.8,-0.3537,1.4828,2,-2.5539,2.7422,2,0.8091,0.8091,3,0.2188,14.8797,14.8797,0.0
2000-04-27,4,Other,8,8.6,8-<10,22.0,13.4,3.2609,5.064,2,-1.1495,2.1496,2,7.256,7.2561,3,2.8801,8.8825,14.8825,6.0
2000-04-28,4,Other,8,11.4,10-<12,18.4,7.0,-0.606,1.0735,2,-1.0688,1.1124,2,0.1812,0.2823,3,-1.2354,14.885,14.885,0.0
2000-04-29,4,Other,8,13.2,12-<15,23.5,10.3,-0.6853,1.3001,2,-1.0225,1.2052,2,-0.0295,0.5277,3,-1.5869,14.8875,14.8875,0.0
2000-04-30,4,Other,8,9.3,8-<10,22.3,13.0,0.7103,0.9061,2,0.1989,0.4248,2,1.4176,1.4345,3,0.564,14.8897,14.8897,0.0
2000-05-01,5,May-Sep,8,9.6,8-<10,21.8,12.2,-0.0228,0.6458,2,0.3316,0.6959,2,0.0009,0.1974,3,-0.6232,14.8917,14.8917,0.0
2000-05-02,5,May-Sep,8,10.9,10-<12,25.0,14.1,0.0225,4.336,2,-6.4413,6.5249,2,4.7221,4.8219,3,0.0246,8.8936,14.8936,6.0
2000-05-03,5,May-Sep,8,8.6,8-<10,21.7,13.1,-0.6941,1.2255,2,-1.6937,1.9686,2,0.4671,0.6359,3,-0.9266,11.8953,14.8953,3.0
2000-05-04,5,May-Sep,8,13.0,12-<15,25.1,12.1,-1.2735,1.9197,2,-2.253,2.4124,2,-0.0028,0.1007,3,-1.9141,14.8969,14.8969,0.0
2000-05-05,5,May-Sep,7,11.6,10-<12,29.5,17.9,0.9899,2.9235,2,-1.2863,1.291,2,0.6863,0.7116,3,2.7098,14.8983,14.8983,0.0
2000-05-06,5,May-Sep,8,24.2,>=20,27.1,2.9,8.743,12.3934,2,5.0139,7.5038,2,18.3167,18.403,3,1.8202,2.8994,14.8994,-12.0
2000-05-07,5,May-Sep,8,13.1,12-<15,17.0,3.9,-0.8996,2.2726,2,-0.5555,0.6216,2,0.1,0.2219,3,-2.5888,14.9006,14.9006,0.0
2000-05-08,5,May-Sep,8,13.0,12-<15,21.2,8.2,-0.5891,1.6423,2,-1.4933,1.4971,2,1.4591,1.4596,3,-1.6824,14.9014,14.9014,0.0
2000-05-09,5,May-Sep,8,16.2,15-<18,27.6,11.4,-0.4542,1.1348,2,-0.1837,0.2859,2,0.7681,0.7713,3,-1.0914,11.9022,14.9022,3.0
2000-05-10,5,May-Sep,8,11.6,10-<12,25.2,13.6,-0.2539,0.9777,2,0.2149,1.056,2,-0.0504,0.2539,3,-1.1241,14.9028,14.9028,0.0
2000-05-11,5,May-Sep,8,12.5,12-<15,28.0,15.5,1.0637,2.8152,2,-1.0176,1.3291,2,0.6481,0.7365,3,3.1509,14.9033,14.9033,0.0
2000-05-12,5,May-Sep,7,11.9,10-<12,25.2,13.3,3.3518,5.103,2,-0.2446,1.0205,2,8.487,8.5877,2,1.4465,11.9036,14.9036,3.0
2000-05-13,5,May-Sep,8,9.1,8-<10,20.0,10.9,-0.0904,1.3573,2,-0.4144,0.6151,2,0.1069,0.3108,3,-1.0927,14.9036,14.9036,0.0
2000-05-14,5,May-Sep,8,9.3,8-<10,20.6,11.3,0.4688,2.2203,2,1.5117,2.9617,2,0.0972,0.3169,3,-1.205,14.9036,14.9036,0.0
2000-05-15,5,May-Sep,8,9.3,8-<10,21.4,12.1,0.0631,0.6123,2,0.0333,0.0528,2,0.4494,0.7098,3,-0.3708,14.9033,14.9033,0.0
2000-05-16,5,May-Sep,8,13.0,12-<15,26.1,13.1,-0.8449,1.3503,2,-1.8793,1.9269,2,0.0834,0.5217,3,-1.1431,14.9031,14.9031,0.0
2000-05-17,5,May-Sep,8,15.3,15-<18,30.5,15.2,-0.9294,1.4657,2,-2.2142,2.2217,2,0.4013,0.499,3,-1.2235,14.9025,14.9025,0.0
2000-05-18,5,May-Sep,8,15.7,15-<18,34.2,18.5,-0.7507,1.5231,2,-1.9209,2.0264,2,0.6816,0.7151,3,-1.1804,14.9017,14.9017,0.0
2000-05-19,5,May-Sep,8,10.0,10-<12,31.9,21.9,1.5871,2.2357,2,1.0094,1.7962,2,3.4174,3.4222,3,0.2558,14.9008,14.9008,0.0
2000-05-20,5,May-Sep,8,9.2,8-<10,29.5,20.3,0.0186,0.8442,2,0.7026,0.9174,2,0.2661,0.3534,3,-0.8245,14.9,14.9,0.0
2000-05-21,5,May-Sep,8,13.8,12-<15,33.4,19.6,-0.3883,1.6277,2,-0.6703,0.6747,2,0.1524,0.6633,3,-1.5509,14.8989,14.8989,0.0
2000-05-22,5,May-Sep,8,18.3,18-<20,32.3,14.0,5.8335,8.621,2,3.3933,6.2818,2,11.8467,11.8494,3,1.1311,2.8975,14.8975,-12.0
2000-05-23,5,May-Sep,8,5.7,<8,18.5,12.8,-0.063,0.8901,2,-0.7571,0.9346,2,0.6733,0.8543,3,-0.4963,17.8961,14.8961,-3.0
2000-05-24,5,May-Sep,8,10.8,10-<12,23.1,12.3,-0.7052,1.0308,2,-1.2195,1.2235,2,0.0333,0.566,3,-1.1187,14.8947,14.8947,0.0
2000-05-25,5,May-Sep,8,13.4,12-<15,27.1,13.7,-1.0633,1.7887,2,-1.0952,1.1247,2,-0.012,0.1106,3,-2.2139,14.8931,14.8931,0.0
2000-05-26,5,May-Sep,8,7.4,<8,25.7,18.3,2.0541,2.4926,2,1.267,1.7724,2,3.0809,3.082,3,1.9673,11.8911,14.8911,3.0
2000-05-27,5,May-Sep,7,9.3,8-<10,25.3,16.0,2.1533,3.253,2,0.5861,1.101,2,1.2754,1.2777,3,3.7833,14.8892,14.8892,0.0
2000-05-28,5,May-Sep,8,12.3,12-<15,22.7,10.4,0.448,1.6018,2,-0.115,0.543,2,1.959,2.0937,3,-0.9351,17.8872,14.8872,-3.0
2000-05-29,5,May-Sep,8,12.8,12-<15,25.1,12.3,-1.0233,2.1155,2,-1.5017,1.9268,2,1.3337,1.537,3,-2.3961,11.885,14.885,3.0
2000-05-30,5,May-Sep,8,8.7,8-<10,25.6,16.9,-0.254,0.6631,2,-0.4088,0.6222,2,0.6652,0.6784,3,-0.6386,11.8825,14.8825,3.0
2000-05-31,5,May-Sep,8,10.9,10-<12,27.7,16.8,-0.4277,0.9264,2,-0.6416,0.6429,2,0.1449,0.5717,3,-1.0385,14.8803,14.8803,0.0
2000-06-01,6,May-Sep,8,10.5,10-<12,27.1,16.6,1.6431,2.8885,2,1.9491,3.6988,2,3.0194,3.0275,3,-0.344,14.8778,14.8778,0.0
2000-06-02,6,May-Sep,8,8.9,8-<10,22.7,13.8,0.8365,4.1431,2,-3.073,3.0784,2,7.2598,7.3201,3,-0.4765,8.875,14.875,6.0
2000-06-03,6,May-Sep,8,7.5,<8,19.9,12.4,0.3206,1.3275,2,-0.1877,0.8127,2,0.2884,1.0503,3,0.0778,17.8725,14.8725,-3.0
2000-06-04,6,May-Sep,8,10.0,10-<12,19.8,9.8,1.881,3.0203,2,2.4238,3.2189,2,3.4032,3.416,3,-0.4708,14.8697,14.8697,0.0
2000-06-05,6,May-Sep,8,8.0,8-<10,20.2,12.2,-0.2126,0.4396,2,-0.5259,0.5618,2,0.1643,0.4639,3,-0.3807,14.8667,14.8667,0.0
2000-06-06,6,May-Sep,8,16.1,15-<18,28.4,12.3,-0.8426,1.7631,2,-0.8115,0.8208,2,0.2762,0.5886,3,-2.1292,14.8639,14.8639,0.0
2000-06-07,6,May-Sep,8,14.8,12-<15,31.2,16.4,-0.8316,1.3518,2,-0.8487,1.2592,2,0.3997,0.563,3,-1.6799,14.8608,14.8608,0.0
2000-06-08,6,May-Sep,8,14.5,12-<15,33.9,19.4,-0.96,1.9514,2,-0.5342,0.8052,2,0.4188,1.1558,3,-2.6905,17.8575,14.8575,-3.0
2000-06-09,6,May-Sep,7,9.8,8-<10,33.2,23.4,3.9997,4.8494,1,0.4487,0.4487,2,5.7237,5.8151,3,4.4572,11.8544,14.8544,3.0
2000-06-10,6,May-Sep,8,10.0,10-<12,25.7,15.7,3.3854,5.0731,2,0.1518,1.8114,2,8.0648,8.1077,3,1.4821,8.8511,14.8511,6.0
2000-06-11,6,May-Sep,8,6.7,<8,17.6,10.9,2.4174,3.7045,2,0.896,2.1854,2,5.7927,5.8146,3,0.5772,2.8478,14.8478,-12.0
2000-06-12,6,May-Sep,8,7.4,<8,15.8,8.4,-0.5637,1.6706,2,0.0107,1.5537,2,0.0066,0.591,3,-1.861,17.8444,14.8444,-3.0
2000-06-13,6,May-Sep,8,12.9,12-<15,24.2,11.3,-0.9357,1.6071,2,-1.8083,2.1071,2,0.3164,0.4939,3,-1.1747,11.8411,14.8411,3.0
2000-06-14,6,May-Sep,8,11.0,10-<12,26.4,15.4,-0.3949,0.8192,2,-1.239,1.2458,2,0.0688,0.3345,3,-0.2953,14.8378,14.8378,0.0
2000-06-15,6,May-Sep,8,7.9,<8,25.8,17.9,-0.2854,0.8884,2,-0.1369,0.8773,2,-0.0162,0.4137,3,-0.7823,14.8344,14.8344,0.0
2000-06-16,6,May-Sep,8,10.7,10-<12,29.0,18.3,-0.4128,0.9848,2,-0.2335,0.2411,2,0.0379,0.4596,3,-1.2046,14.8308,14.8308,0.0
2000-06-17,6,May-Sep,8,8.1,8-<10,28.6,20.5,0.4335,0.7845,2,-0.2791,0.2793,2,1.4756,1.4777,3,0.2114,14.8275,14.8275,0.0
2000-06-18,6,May-Sep,8,9.7,8-<10,26.4,16.7,1.7751,3.6269,2,1.5558,3.8572,2,3.8431,3.9366,3,-0.5754,17.8239,14.8239,-3.0
2000-06-19,6,May-Sep,8,11.4,10-<12,27.9,16.5,-0.5309,1.6225,2,-0.0307,0.2224,2,0.3558,0.4917,3,-2.0002,14.8203,14.8203,0.0
2000-06-20,6,May-Sep,8,10.2,10-<12,29.6,19.4,-0.1119,0.9639,2,-0.7003,0.9591,2,1.1196,1.1265,3,-0.8638,14.8169,14.8169,0.0
2000-06-21,6,May-Sep,8,9.2,8-<10,29.2,20.0,-0.2255,0.7502,2,-0.5092,0.6382,2,0.6227,0.6463,3,-0.8058,14.8133,14.8133,0.0
2000-06-22,6,May-Sep,7,7.7,<8,28.0,20.3,0.0911,1.2521,2,-0.1189,1.0278,2,0.4014,0.4981,2,-1.1546,14.8097,14.8097,0.0
2000-06-23,6,May-Sep,8,10.1,10-<12,27.1,17.0,0.309,1.6937,2,-0.5488,1.4329,2,2.0282,2.1927,3,-0.5164,14.8064,14.8064,0.0
2000-06-24,6,May-Sep,8,11.8,10-<12,29.1,17.3,-0.6236,1.3566,2,-0.0937,0.347,2,0.1915,0.7281,3,-1.8057,17.8031,14.8031,-3.0
2000-06-25,6,May-Sep,8,10.0,10-<12,29.5,19.5,-0.4833,0.9504,2,-0.8445,1.1962,2,0.5353,0.7054,3,-1.0056,14.7994,14.7994,0.0
2000-06-26,6,May-Sep,8,12.9,12-<15,33.4,20.5,-0.249,1.4924,2,-1.3338,1.4344,2,1.687,1.7612,3,-1.1587,14.7961,14.7961,0.0
2000-06-27,6,May-Sep,8,12.3,12-<15,34.4,22.1,-0.4788,0.947,2,-0.9251,1.0834,2,0.5687,0.5693,3,-1.0569,14.7928,14.7928,0.0
2000-06-28,6,May-Sep,8,13.4,12-<15,35.8,22.4,-0.1913,0.8849,2,-0.5098,1.1296,2,0.9632,0.99,3,-0.5459,11.7894,14.7894,3.0
2000-06-29,6,May-Sep,8,9.6,8-<10,34.0,24.4,3.3621,4.2873,2,1.0488,1.3295,2,5.6585,5.6589,3,3.2581,11.7864,14.7864,3.0
2000-06-30,6,May-Sep,8,9.9,8-<10,27.4,17.5,0.5296,2.6984,2,1.8266,3.1679,2,0.7937,1.2768,3,-1.9223,17.7831,14.7831,-3.0
2000-07-01,7,May-Sep,8,10.3,10-<12,29.8,19.5,0.0617,0.7615,2,-0.2172,0.4263,2,0.9736,1.0452,3,-0.5748,14.78,14.78,0.0
2000-07-02,7,May-Sep,8,10.3,10-<12,30.3,20.0,2.1587,3.9434,2,-0.6799,0.9861,2,1.4739,1.8886,3,5.1271,14.7769,14.7769,0.0
2000-07-03,7,May-Sep,8,11.3,10-<12,26.4,15.1,2.3417,3.2883,2,0.7985,2.2657,2,4.3733,4.4688,3,1.4767,17.7739,14.7739,-3.0
2000-07-04,7,May-Sep,8,9.1,8-<10,23.7,14.6,-0.3257,1.0644,2,0.1442,0.183,2,0.2356,0.3494,3,-1.4737,14.7711,14.7711,0.0
2000-07-05,7,May-Sep,7,10.8,10-<12,27.1,16.3,-0.4167,1.0189,2,-0.677,1.0399,2,0.349,0.5641,2,-1.3894,14.7683,14.7683,0.0
2000-07-06,7,May-Sep,8,12.9,12-<15,30.8,17.9,-0.2467,0.6332,2,-0.5388,0.9212,2,0.0919,0.1347,3,-0.368,14.7656,14.7656,0.0
2000-07-07,7,May-Sep,8,14.1,12-<15,33.4,19.3,-0.5877,1.1325,2,-0.4147,0.9576,2,0.0805,0.3191,3,-1.0286,14.7631,14.7631,0.0
2000-07-08,7,May-Sep,8,10.6,10-<12,34.4,23.8,0.1803,0.6153,2,0.017,0.7748,2,0.4589,0.5669,3,-0.18,14.7606,14.7606,0.0
2000-07-09,7,May-Sep,8,12.0,12-<15,36.0,24.0,-0.2821,0.5817,2,-0.5042,0.64,2,0.1372,0.379,3,-0.3177,14.7581,14.7581,0.0
2000-07-10,7,May-Sep,8,14.7,12-<15,38.8,24.1,-0.0563,0.8915,2,-0.1646,0.5811,2,0.2987,0.3537,3,-0.6889,14.7558,14.7558,0.0
2000-07-11,7,May-Sep,7,11.7,10-<12,37.3,25.6,0.8205,1.564,2,-0.4288,0.499,2,2.7515,2.7863,3,0.366,14.7536,14.7536,0.0
2000-07-12,7,May-Sep,6,10.5,10-<12,33.7,23.2,-0.2402,1.927,1,-2.9502,2.9502,2,1.7624,1.7706,3,-0.672,14.7517,14.7517,0.0
2000-07-13,7,May-Sep,8,9.4,8-<10,30.5,21.1,1.3317,2.0118,2,0.4446,1.0607,2,3.3681,3.4673,3,0.7849,11.7497,14.7497,3.0
2000-07-14,7,May-Sep,8,11.6,10-<12,32.1,20.5,-0.3071,0.8655,2,-0.2701,0.4712,2,0.3045,0.4912,3,-0.9943,14.7478,14.7478,0.0
2000-07-15,7,May-Sep,7,10.2,10-<12,31.2,21.0,3.4179,5.7553,2,-0.7229,2.4209,2,8.6255,8.6594,2,0.6349,8.7464,14.7464,6.0
2000-07-16,7,May-Sep,7,9.7,8-<10,28.2,18.5,-0.0401,1.4032,2,0.3718,0.4463,2,0.8003,0.8228,2,-2.0707,14.7447,14.7447,0.0
2000-07-17,7,May-Sep,9,6.1,<8,26.7,20.6,2.1365,2.9665,3,0.5564,1.606,2,4.2851,4.2962,3,1.854,6.7433,14.7433,8.0
2000-07-18,7,May-Sep,8,6.6,<8,22.4,15.8,0.396,1.6606,2,1.3575,1.9282,2,0.8586,1.2696,3,-1.2386,17.7422,14.7422,-3.0
2000-07-19,7,May-Sep,8,9.3,8-<10,26.9,17.6,0.0095,1.0241,2,0.2571,0.4891,2,0.4677,0.7795,3,-0.9775,17.7411,14.7411,-3.0
2000-07-20,7,May-Sep,8,9.4,8-<10,29.8,20.4,-0.245,1.1372,2,-0.0862,0.7002,2,0.1113,0.3012,3,-1.1499,14.7403,14.7403,0.0
2000-07-21,7,May-Sep,8,9.6,8-<10,31.5,21.9,-0.3859,0.9939,2,-0.1545,0.292,2,0.5495,0.6002,3,-1.3942,14.7394,14.7394,0.0
2000-07-22,7,May-Sep,7,8.4,8-<10,30.4,22.0,0.9505,1.8465,2,-0.2847,0.3292,2,2.9607,3.0149,2,0.1631,11.7389,14.7389,3.0
2000-07-23,7,May-Sep,8,6.8,<8,26.0,19.2,0.0266,1.6949,2,-0.2123,0.8134,2,1.7933,1.9251,3,-1.3846,17.7383,14.7383,-3.0
2000-07-24,7,May-Sep,8,8.9,8-<10,28.0,19.1,-0.2772,1.157,2,-0.6457,0.6941,2,0.9817,1.1454,3,-1.0607,14.7381,14.7381,0.0
2000-07-25,7,May-Sep,8,3.4,<8,25.7,22.3,1.0396,1.5261,2,-0.1966,0.6044,2,2.2705,2.2817,3,1.2236,11.7378,14.7378,3.0
2000-07-26,7,May-Sep,8,11.5,10-<12,27.9,16.4,-0.6369,1.1484,2,-0.2899,0.297,2,0.3404,0.3443,3,-1.7315,14.7381,14.7381,0.0
2000-07-27,7,May-Sep,8,8.7,8-<10,27.5,18.8,-0.0742,0.4515,2,-0.407,0.4118,2,0.5371,0.539,3,-0.3538,14.7381,14.7381,0.0
2000-07-28,7,May-Sep,8,13.3,12-<15,30.1,16.8,-0.8252,1.1446,2,-1.0552,1.2456,2,-0.1106,0.4127,3,-1.3292,14.7386,14.7386,0.0
2000-07-29,7,May-Sep,8,11.1,10-<12,30.9,19.8,-0.1756,1.2138,2,-0.8029,0.8997,2,0.4044,1.1577,3,-0.7492,17.7392,14.7392,-3.0
2000-07-30,7,May-Sep,8,10.2,10-<12,31.1,20.9,0.1251,2.3643,2,-0.129,3.5667,2,1.5003,1.8088,3,-1.3369,14.7397,14.7397,0.0
2000-07-31,7,May-Sep,8,7.0,<8,30.9,23.9,0.3949,1.0072,2,0.4907,1.468,2,0.571,0.5839,3,0.1302,14.7406,14.7406,0.0
2000-08-01,8,May-Sep,8,9.1,8-<10,31.6,22.5,0.8337,1.9564,2,-1.2587,1.3822,2,2.2049,2.2066,3,1.6174,11.7417,14.7417,3.0
2000-08-02,8,May-Sep,8,9.2,8-<10,28.7,19.5,0.6308,1.3875,2,-0.4413,0.9513,2,1.4469,1.5838,3,0.1102,17.7431,14.7431,-3.0
2000-08-03,8,May-Sep,8,10.8,10-<12,29.8,19.0,0.4009,1.0196,2,-0.6652,0.6911,2,1.6063,1.6595,3,0.2561,14.7444,14.7444,0.0
2000-08-04,8,May-Sep,8,10.7,10-<12,26.8,16.1,3.1458,5.2056,2,1.753,3.5845,2,7.3587,7.4609,3,-0.441,2.7461,14.7461,-12.0
2000-08-05,8,May-Sep,8,9.8,8-<10,27.7,17.9,-0.3767,0.6644,2,-0.8692,0.9185,2,-0.1947,0.6169,3,-0.3283,17.7478,14.7478,-3.0
2000-08-06,8,May-Sep,8,12.6,12-<15,31.2,18.6,-0.3772,0.769,2,-0.2128,0.2193,2,-0.2542,0.5991,3,-0.6489,14.7497,14.7497,0.0
2000-08-07,8,May-Sep,8,13.8,12-<15,34.8,21.0,0.1489,0.4679,2,-0.3887,0.4125,2,0.5241,0.5417,3,0.1494,14.7519,14.7519,0.0
2000-08-08,8,May-Sep,8,13.5,12-<15,35.8,22.3,-0.3086,0.7591,2,-0.47,0.5703,2,0.1864,0.3543,3,-0.571,14.7542,14.7542,0.0
2000-08-09,8,May-Sep,8,11.0,10-<12,34.6,23.6,0.0118,1.2274,2,-1.1173,1.1753,2,1.2238,1.2459,3,-0.1372,14.7567,14.7567,0.0
2000-08-10,8,May-Sep,7,11.1,10-<12,31.7,20.6,4.3612,5.239,2,2.4474,3.4246,2,6.8641,6.8743,2,2.3668,14.7592,14.7592,0.0
2000-08-11,8,May-Sep,7,9.3,8-<10,23.2,13.9,0.8362,2.4357,2,1.669,2.779,2,0.1637,0.3668,2,-1.2797,14.7619,14.7619,0.0
2000-08-12,8,May-Sep,8,7.5,<8,23.3,15.8,0.0484,0.5725,2,-0.3066,0.3103,2,0.1145,0.3016,3,-0.2178,14.765,14.765,0.0
2000-08-13,8,May-Sep,8,13.0,12-<15,28.5,15.5,-0.5654,0.8474,2,-0.9885,1.0231,2,0.19,0.19,3,-0.9613,14.7681,14.7681,0.0
2000-08-14,8,May-Sep,8,13.1,12-<15,31.0,17.9,-0.8837,1.74,2,-1.0256,1.1033,2,0.4787,0.5707,3,-1.8706,14.7714,14.7714,0.0
2000-08-15,8,May-Sep,7,7.7,<8,29.7,22.0,0.2734,0.9453,1,-0.0495,0.0495,2,0.8934,0.8934,3,-0.1355,14.7747,14.7747,0.0
2000-08-16,8,May-Sep,8,10.6,10-<12,30.0,19.4,-0.2618,0.9471,2,-0.9698,1.4244,2,0.6667,0.6709,3,-0.3027,14.7783,14.7783,0.0
2000-08-17,8,May-Sep,8,11.7,10-<12,30.8,19.1,-0.3411,0.9126,2,-0.6269,0.627,2,0.5957,0.6047,3,-1.1022,14.7822,14.7822,0.0
2000-08-18,8,May-Sep,8,10.0,10-<12,28.6,18.6,2.9277,5.3507,2,-1.4234,2.5368,2,7.1934,7.3693,3,3.092,11.7861,14.7861,3.0
2000-08-19,8,May-Sep,8,7.1,<8,22.3,15.2,-0.5515,1.2613,2,-1.6893,1.9909,2,0.1159,0.7877,3,-0.6436,17.7903,14.7903,-3.0
2000-08-20,8,May-Sep,8,10.8,10-<12,26.4,15.6,-0.2076,0.7582,2,-0.5088,0.5466,2,0.2844,0.3525,3,-0.7606,14.7944,14.7944,0.0
2000-08-21,8,May-Sep,8,13.4,12-<15,30.2,16.8,-0.4662,1.3297,2,-0.9322,1.2616,2,1.1675,1.4288,3,-0.8823,11.7986,14.7986,3.0
2000-08-22,8,May-Sep,8,10.6,10-<12,29.0,18.4,-0.0681,0.6507,2,-0.4215,0.4219,2,0.386,0.4006,3,-0.5221,14.8031,14.8031,0.0
2000-08-23,8,May-Sep,8,14.1,12-<15,33.0,18.9,0.3188,1.132,2,-0.5477,0.7995,2,1.0093,1.1344,3,0.6681,14.8078,14.8078,0.0
2000-08-24,8,May-Sep,8,15.9,15-<18,29.7,13.8,5.1566,8.1694,2,-0.4585,3.1176,2,12.937,13.099,3,1.6235,8.8125,14.8125,6.0
2000-08-25,8,May-Sep,8,10.3,10-<12,23.8,13.5,-0.4834,0.8766,2,-1.4143,1.5444,2,0.088,0.138,3,-0.3809,14.8175,14.8175,0.0
2000-08-26,8,May-Sep,8,12.2,12-<15,27.0,14.8,-0.1834,0.868,2,-1.1528,1.5818,2,0.209,0.2789,3,-0.0647,14.8225,14.8225,0.0
2000-08-27,8,May-Sep,8,13.3,12-<15,29.2,15.9,-0.4694,0.7143,2,-0.471,0.7,2,0.1801,0.2792,3,-0.7681,14.8275,14.8275,0.0
2000-08-28,8,May-Sep,8,13.8,12-<15,31.7,17.9,-0.0913,1.0039,2,-0.6725,0.9215,2,1.0892,1.0942,3,-0.8358,14.8328,14.8328,0.0
2000-08-29,8,May-Sep,8,13.7,12-<15,33.2,19.5,0.4645,1.4003,2,-0.3062,0.3079,2,2.3376,2.3646,3,0.4327,11.8381,14.8381,3.0
2000-08-30,8,May-Sep,8,9.7,8-<10,29.5,19.8,2.2181,3.0232,2,0.0113,0.0941,2,4.5481,4.5551,3,2.2399,11.8433,14.8433,3.0
2000-08-31,8,May-Sep,8,9.8,8-<10,23.6,13.8,1.8498,2.715,2,1.4747,2.2144,2,3.9852,3.9897,3,0.0308,14.8489,14.8489,0.0
2000-09-01,9,May-Sep,7,11.6,10-<12,18.2,6.6,1.9281,4.6872,1,-2.6504,2.6504,2,4.7557,4.8477,3,-0.35,2.8544,14.8544,-12.0
2000-09-02,9,May-Sep,8,12.4,12-<15,18.6,6.2,-0.7426,1.8495,2,-0.6331,0.8705,2,0.4928,0.5329,3,-2.1365,14.8603,14.8603,0.0
2000-09-03,9,May-Sep,8,10.3,10-<12,19.6,9.3,-0.4701,0.7945,2,-0.944,1.2935,2,-0.0188,0.0244,3,-0.5758,14.8658,14.8658,0.0
2000-09-04,9,May-Sep,8,15.5,15-<18,24.7,9.2,-1.3202,3.0706,2,-0.5439,0.7813,2,0.1079,0.6961,3,-3.5715,14.8717,14.8717,0.0
2000-09-05,9,May-Sep,8,6.0,<8,25.9,19.9,0.4078,0.8632,2,-0.1754,0.4722,2,1.173,1.3532,3,0.2555,14.8778,14.8778,0.0
2000-09-06,9,May-Sep,7,9.3,8-<10,29.4,20.1,0.9833,2.4009,2,-1.1329,1.5312,1,2.1658,2.1658,3,2.0117,11.8836,17.8836,6.0
2000-09-07,9,May-Sep,8,10.6,10-<12,26.0,15.4,-0.2458,1.3635,2,-1.4674,2.0472,2,1.2308,1.4862,3,-0.3068,14.8897,14.8897,0.0
2000-09-08,9,May-Sep,6,8.6,8-<10,24.2,15.6,-0.294,1.499,2,-1.5467,1.6894,1,2.3983,2.3983,2,0.0362,11.8956,14.8956,3.0
2000-09-09,9,May-Sep,8,7.9,<8,23.4,15.5,-0.302,0.5175,2,-0.2007,0.2369,2,0.1653,0.1782,3,-0.4728,14.9017,14.9017,0.0
2000-09-10,9,May-Sep,8,10.9,10-<12,26.0,15.1,-0.1047,0.7924,2,-0.8844,1.1668,2,0.4352,0.5504,3,0.232,14.9078,14.9078,0.0
2000-09-11,9,May-Sep,8,12.3,12-<15,27.6,15.3,-0.2908,0.6365,2,-0.4548,0.5231,2,0.2211,0.5259,3,-0.3614,14.9142,14.9142,0.0
2000-09-12,9,May-Sep,8,12.5,12-<15,29.8,17.3,0.1246,1.3848,2,-1.5753,2.308,2,1.1965,1.2127,3,0.6559,14.9203,14.9203,0.0
2000-09-13,9,May-Sep,8,14.3,12-<15,31.7,17.4,-0.107,0.9452,2,-0.4682,0.8551,2,1.1982,1.2352,3,-0.4643,11.9264,14.9264,3.0
2000-09-14,9,May-Sep,8,14.2,12-<15,33.1,18.9,0.1487,1.0268,2,-1.0524,1.5247,2,1.2448,1.2533,3,0.2388,14.9325,14.9325,0.0
2000-09-15,9,May-Sep,8,10.1,10-<12,29.4,19.3,0.4135,1.4605,2,-1.0487,1.5422,2,2.1058,2.1279,3,0.3043,14.9389,14.9389,0.0
2000-09-16,9,May-Sep,8,6.6,<8,25.5,18.9,0.1988,1.3315,2,-1.4661,1.8254,2,1.0757,1.0988,3,0.9324,11.945,14.945,3.0
2000-09-17,9,May-Sep,8,11.1,10-<12,27.1,16.0,-0.2516,1.1476,2,-1.5676,2.0858,2,0.6092,0.619,3,0.2672,14.9511,14.9511,0.0
2000-09-18,9,May-Sep,8,8.3,8-<10,25.0,16.7,0.2131,1.0631,2,-0.6391,0.9494,2,0.9271,0.9358,3,0.717,11.9572,14.9572,3.0
2000-09-19,9,May-Sep,8,10.8,10-<12,27.0,16.2,-1.847,3.1304,2,-2.4499,2.4928,2,0.5154,0.5886,3,-3.4507,14.9633,14.9633,0.0
2000-09-20,9,May-Sep,8,15.3,15-<18,26.2,10.9,3.4921,8.1941,2,-3.6197,4.8158,2,13.134,13.1509,3,0.7807,2.9694,14.9694,-12.0
2000-09-21,9,May-Sep,8,8.5,8-<10,18.0,9.5,-0.1682,0.6192,2,-0.8753,1.0886,2,0.2878,0.301,3,-0.0346,14.9756,14.9756,0.0
2000-09-22,9,May-Sep,8,10.0,10-<12,19.5,9.5,-0.8785,1.502,2,-0.8902,1.2633,2,0.3459,0.4245,3,-1.7032,14.9817,14.9817,0.0
2000-09-23,9,May-Sep,8,9.6,8-<10,21.9,12.3,-0.5658,1.0182,2,-0.779,0.8669,2,0.5151,0.5581,3,-1.2446,14.9875,14.9875,0.0
2000-09-24,9,May-Sep,7,14.2,12-<15,26.6,12.4,-0.5784,1.5849,1,-1.3988,1.3988,2,1.2429,1.2528,3,-1.7557,14.9933,14.9933,0.0
2000-09-25,9,May-Sep,7,12.7,12-<15,27.1,14.4,-0.8263,1.8087,2,-2.4024,2.9306,2,0.3563,0.3607,2,-0.3391,14.9992,14.9992,0.0
2000-09-26,9,May-Sep,8,16.5,15-<18,24.3,7.8,3.0098,8.1154,2,-3.3883,3.6464,2,13.3893,13.3897,3,-0.3801,0.005,15.005,-9.0
2000-09-27,9,May-Sep,8,5.6,<8,8.4,2.8,0.0593,0.9872,2,0.1667,0.6622,2,-0.171,0.501,3,-0.4786,15.0106,15.0106,0.0
2000-09-28,9,May-Sep,8,8.3,8-<10,11.7,3.4,-0.4212,0.7741,2,-0.7785,1.0258,2,-0.1341,0.3599,3,-0.5954,15.0161,15.0161,0.0
2000-09-29,9,May-Sep,8,11.7,10-<12,16.7,5.0,-0.3353,1.4157,2,-0.3982,0.6158,2,0.0282,0.4726,3,-0.7936,15.0217,15.0217,0.0
2000-09-30,9,May-Sep,8,7.7,<8,14.9,7.2,0.419,1.9479,2,-0.7099,1.0632,2,2.9009,2.9009,3,-0.7898,12.0272,15.0272,3.0
2000-10-01,10,Other,8,5.0,<8,10.9,5.9,0.1957,0.7001,2,0.2792,0.5376,2,0.4068,0.5657,3,-0.4068,15.0325,15.0325,0.0
2000-10-02,10,Other,8,8.6,8-<10,13.4,4.8,-0.4912,0.8921,2,-0.8624,1.0931,2,0.3403,0.3758,3,-0.6189,12.0375,15.0375,3.0
2000-10-03,10,Other,8,7.2,<8,14.0,6.8,-0.0092,0.4299,2,-0.2296,0.2996,2,0.3709,0.372,3,-0.324,15.0425,15.0425,0.0
2000-10-04,10,Other,8,11.9,10-<12,19.2,7.3,0.1538,0.917,2,-0.7825,1.0375,2,0.9297,0.9451,3,0.4883,15.0475,15.0475,0.0
2000-10-05,10,Other,8,8.6,8-<10,16.0,7.4,2.3777,4.474,2,-0.2945,2.0081,2,6.9574,6.9617,3,-0.0202,0.0522,15.0522,-9.0
2000-10-06,10,Other,8,5.0,<8,11.4,6.4,0.2151,0.5412,2,-0.252,0.2786,2,0.575,0.5755,3,0.3253,15.0569,15.0569,0.0
2000-10-07,10,Other,8,8.3,8-<10,12.7,4.4,0.3745,1.3252,2,-0.8702,1.1094,2,2.1686,2.1752,3,0.2998,12.0614,15.0614,3.0
2000-10-08,10,Other,7,8.8,8-<10,8.7,-0.1,1.5465,4.9091,2,-2.9926,3.2521,2,6.3552,6.3716,2,1.1484,12.0658,15.0658,3.0
2000-10-09,10,Other,8,5.5,<8,0.0,-5.5,0.5263,1.1068,2,-0.3341,0.3985,2,1.7033,1.8046,3,-0.0423,15.07,15.07,0.0
2000-10-10,10,Other,8,7.8,<8,2.2,-5.6,0.0107,0.7692,2,-0.7407,1.0573,2,0.6951,0.7244,3,0.0674,15.0742,15.0742,0.0
2000-10-11,10,Other,8,6.9,<8,3.3,-3.6,0.1225,0.5362,2,-0.2071,0.4495,2,0.5363,0.5972,3,-0.1376,15.0781,15.0781,0.0
2000-10-12,10,Other,8,7.8,<8,5.4,-2.4,-0.3626,0.8649,2,-1.3625,1.6798,2,0.1285,0.1465,3,-0.1987,15.0817,15.0817,0.0
2000-10-13,10,Other,8,9.8,8-<10,9.5,-0.3,-0.4366,1.1378,2,-1.3835,1.7451,2,-0.1049,0.105,3,0.3654,15.0853,15.0853,0.0
2000-10-14,10,Other,8,10.7,10-<12,12.7,2.0,-0.2124,1.0692,2,-1.246,1.6334,2,0.583,0.5891,3,0.2047,15.0886,15.0886,0.0
2000-10-15,10,Other,8,11.1,10-<12,18.2,7.1,-0.1964,4.2669,2,-5.3949,5.3949,2,4.3769,4.5079,3,0.6451,12.0917,15.0917,3.0
2000-10-16,10,Other,8,7.5,<8,12.0,4.5,0.6771,2.2337,2,-0.8577,1.0953,2,2.9828,3.2883,3,0.5239,12.0947,15.0947,3.0
2000-10-17,10,Other,8,7.0,<8,6.0,-1.0,1.803,3.1612,2,-0.4511,0.7809,2,5.3342,5.4598,3,0.1586,0.0975,15.0975,-9.0
2000-10-18,10,Other,8,5.1,<8,3.6,-1.5,0.2075,0.6161,2,0.3293,0.5765,2,0.701,0.7284,3,-0.2121,15.1003,15.1003,0.0
2000-10-19,10,Other,8,5.2,<8,3.1,-2.1,-0.4872,0.7946,2,-0.9627,1.0519,2,0.2849,0.3562,3,-0.9181,15.1025,15.1025,0.0
2000-10-20,10,Other,8,6.3,<8,5.2,-1.1,0.0164,0.5111,2,-0.6954,0.6955,2,0.4496,0.4744,3,-0.0249,15.1047,15.1047,0.0
2000-10-21,10,Other,8,8.3,8-<10,8.7,0.4,0.8452,3.5724,2,-4.5899,4.7094,2,4.3549,4.3616,3,1.3748,9.1067,15.1067,6.0
2000-10-22,10,Other,8,8.0,8-<10,5.3,-2.7,0.8893,4.1255,2,-3.5002,3.5096,2,6.2346,6.2367,3,0.9629,12.1086,15.1086,3.0
2000-10-23,10,Other,8,5.6,<8,-2.5,-8.1,-0.5174,1.4676,2,-1.6843,2.2337,2,0.97,1.0387,3,-0.975,15.1103,15.1103,0.0
2000-10-24,10,Other,8,6.1,<8,-2.5,-8.6,-0.367,0.5252,2,-0.4672,0.539,2,0.1049,0.1496,3,-0.7074,15.1117,15.1117,0.0
2000-10-25,10,Other,8,9.2,8-<10,3.4,-5.8,0.2727,1.1856,2,-0.5586,0.6054,2,0.12,0.1427,3,0.4207,15.1128,15.1128,0.0
2000-10-26,10,Other,8,4.4,<8,2.2,-2.2,0.7357,1.5166,2,-0.4921,0.5481,2,2.7066,2.7349,3,0.5746,12.1136,15.1136,3.0
2000-10-27,10,Other,8,3.8,<8,1.5,-2.3,0.5591,0.8401,2,-0.1384,0.359,2,0.9283,1.1216,3,0.7152,15.1144,15.1144,0.0
2000-10-28,10,Other,7,9.0,8-<10,5.1,-3.9,0.5004,2.3713,2,-2.6355,2.9603,2,2.8272,3.0228,3,1.0398,9.115,15.115,6.0
2000-10-29,10,Other,8,10.8,10-<12,8.4,-2.4,0.6893,2.0422,2,-0.9421,1.0322,2,3.3465,3.4295,3,0.1905,12.115,15.115,3.0
2000-10-30,10,Other,8,7.3,<8,9.8,2.5,1.567,2.6676,2,-0.7599,1.0465,2,4.231,4.2781,3,1.8222,12.1153,15.1153,3.0
2000-10-31,10,Other,8,6.2,<8,7.1,0.9,-0.0743,1.1269,2,-0.8279,1.261,2,0.6162,0.6936,3,-0.1375,15.115,15.115,0.0
2000-11-01,11,Other,8,6.0,<8,6.8,0.8,-0.0314,0.749,2,-0.817,1.3188,2,0.6384,0.6537,3,0.1105,15.1147,15.1147,0.0
2000-11-02,11,Other,8,8.0,8-<10,4.6,-3.4,0.6821,4.2626,2,-1.4542,2.9365,2,5.2807,5.306,3,-2.5837,0.1139,15.1139,-9.0
2000-11-03,11,Other,8,7.6,<8,5.5,-2.1,0.4338,1.2269,2,-0.8731,1.0353,2,2.1282,2.1285,3,0.3777,12.1131,15.1131,3.0
2000-11-04,11,Other,8,7.9,<8,5.3,-2.6,0.0893,0.4582,2,-0.2975,0.3123,2,0.6365,0.7733,3,0.1608,15.1119,15.1119,0.0
2000-11-05,11,Other,8,4.7,<8,2.5,-2.2,1.2926,2.659,2,-0.6327,0.8639,2,3.6451,3.6483,3,0.5671,0.1108,15.1108,-9.0
2000-11-06,11,Other,8,5.5,<8,-1.6,-7.1,-0.4879,0.9716,2,-1.6381,1.7624,2,0.19,0.2819,3,-0.3487,15.1092,15.1092,0.0
2000-11-07,11,Other,8,4.3,<8,-2.7,-7.0,-0.243,0.8046,2,-0.3517,0.4501,2,0.4434,0.4698,3,-0.7046,15.1075,15.1075,0.0
2000-11-08,11,Other,6,2.7,<8,-3.6,-6.3,0.2522,0.2915,0,,,2,0.3496,0.3531,3,0.1306,15.1056,15.1056,0.0
2000-11-09,11,Other,8,6.4,<8,-3.3,-9.7,-0.8075,1.362,2,-1.4587,1.5825,2,0.4174,0.4549,3,-1.4993,15.1033,15.1033,0.0
2000-11-10,11,Other,8,6.6,<8,-3.3,-9.9,-0.372,0.9035,2,-1.397,1.4432,2,0.6395,0.6589,3,-0.1761,12.1008,15.1008,3.0
2000-11-11,11,Other,7,6.2,<8,-3.8,-10.0,-0.1404,0.6949,2,-0.8579,1.1135,2,0.5901,0.6205,2,-0.0459,15.0981,15.0981,0.0
2000-11-12,11,Other,8,7.2,<8,-2.2,-9.4,-0.0374,0.6078,2,-0.6024,0.8487,2,0.6577,0.707,3,0.092,15.0953,15.0953,0.0
2000-11-13,11,Other,6,6.7,<8,-1.4,-8.1,-0.455,1.2233,2,-1.4745,1.8713,1,0.7984,0.7984,2,0.2534,12.0922,15.0922,3.0
2000-11-14,11,Other,7,3.6,<8,-1.0,-4.6,-0.0057,1.1948,2,-1.3905,1.4113,1,1.9992,1.9992,3,-0.0512,9.0889,15.0889,6.0
2000-11-15,11,Other,8,9.5,8-<10,4.9,-4.6,1.2342,1.9989,2,0.0617,0.4642,2,3.4512,3.4692,3,1.2287,12.0853,15.0853,3.0
2000-11-16,11,Other,8,4.7,<8,-1.0,-5.7,0.4858,1.041,2,-0.3841,0.401,2,1.4314,1.5399,3,-0.0141,15.0817,15.0817,0.0
2000-11-17,11,Other,8,3.2,<8,-2.4,-5.6,-0.4318,0.6461,2,-1.0551,1.0551,2,-0.0215,0.2221,3,-0.3899,15.0778,15.0778,0.0
2000-11-18,11,Other,7,6.8,<8,0.0,-6.8,0.1971,2.1,2,-1.0806,1.0809,1,3.6079,3.6079,3,0.366,12.0736,12.0736,0.0
2000-11-19,11,Other,8,10.1,10-<12,2.0,-8.1,0.8396,2.5509,2,-1.4014,1.69,2,3.6174,3.6314,3,1.5091,12.0694,15.0694,3.0
2000-11-20,11,Other,8,5.9,<8,-4.0,-9.9,-0.6203,2.1598,2,-1.0493,1.0551,2,1.0712,2.0332,3,-1.7426,21.0647,15.0647,-6.0
2000-11-21,11,Other,8,8.0,8-<10,1.9,-6.1,1.0647,2.1031,2,-0.1012,0.2617,2,3.5937,3.5949,3,0.3722,12.06,15.06,3.0
2000-11-22,11,Other,7,6.0,<8,-1.7,-7.7,-0.3477,1.597,1,-1.2956,1.2956,2,2.0075,2.0096,3,-1.61,12.0553,15.0553,3.0
2000-11-23,11,Other,8,7.5,<8,-0.6,-8.1,0.311,1.4325,2,-0.4305,0.6385,2,1.3594,1.6086,3,-0.6924,15.05,15.05,0.0
2000-11-24,11,Other,8,2.8,<8,-2.9,-5.7,-0.1076,1.3452,2,-1.2369,1.311,2,1.3802,1.3976,3,-0.6244,3.0447,15.0447,-12.0
2000-11-25,11,Other,8,3.8,<8,-4.6,-8.4,0.8046,1.7287,2,-0.1501,0.4975,2,2.8483,2.8593,3,-0.0124,0.0394,15.0394,-9.0
2000-11-26,11,Other,8,2.9,<8,-7.6,-10.5,0.5333,1.1581,2,-0.3386,0.3465,2,2.1173,2.1251,3,-0.0608,12.0339,15.0339,3.0
2000-11-27,11,Other,8,3.9,<8,-9.5,-13.4,-0.143,1.2884,2,-0.3558,0.5823,2,1.2855,1.5218,3,-1.2811,0.0281,15.0281,-9.0
2000-11-28,11,Other,8,14.9,12-<15,0.9,-14.0,2.7765,6.2416,2,-2.3626,2.892,2,10.7858,10.8094,3,0.6541,12.0222,15.0222,3.0
2000-11-29,11,Other,7,18.5,18-<20,3.6,-14.9,2.6434,4.379,2,-0.5858,1.0175,1,3.9999,3.9999,3,2.1663,15.0161,15.0161,0.0
2000-11-30,11,Other,8,10.6,10-<12,-3.6,-14.2,-3.8512,5.9776,2,-9.4733,9.4824,2,1.8052,2.1648,3,-4.9682,6.0097,15.0097,9.0
2000-12-01,12,Other,9,8.1,8-<10,-4.6,-12.7,-0.3406,1.5092,2,-1.0446,1.1744,2,1.1353,1.3526,4,-0.4981,15.0033,15.0033,0.0
2000-12-02,12,Other,8,11.8,10-<12,-1.9,-13.7,-0.1506,7.4505,2,-8.4159,8.6257,2,9.7008,9.7629,3,-1.0536,8.9969,14.9969,6.0
2000-12-03,12,Other,8,14.2,12-<15,0.2,-14.0,-3.2871,4.6079,2,-7.2506,7.3936,2,1.1382,1.4277,3,-3.8732,11.9903,14.9903,3.0
2000-12-04,12,Other,8,13.5,12-<15,3.4,-10.1,1.2402,8.1144,2,-10.2276,10.2395,2,10.3826,10.4009,3,0.3029,8.9836,14.9836,6.0
2000-12-05,12,Other,8,13.1,12-<15,1.9,-11.2,-0.3015,3.975,2,-5.2798,5.2867,2,4.9877,5.0251,3,-1.5369,14.9767,14.9767,0.0
2000-12-06,12,Other,8,13.3,12-<15,4.6,-8.7,2.33,3.932,2,-0.0867,0.5549,2,4.4145,5.8345,3,3.4924,14.9697,14.9697,0.0
2000-12-07,12,Other,8,9.1,8-<10,-1.4,-10.5,0.2677,2.9406,2,-3.4554,3.4801,2,4.3648,4.4262,3,0.6763,11.9625,14.9625,3.0
2000-12-08,12,Other,8,4.9,<8,-7.1,-12.0,0.8337,1.9932,2,-0.5103,0.5344,2,3.013,3.0266,3,0.2895,2.9556,14.9556,-12.0
2000-12-09,12,Other,8,4.7,<8,-11.0,-15.7,0.2205,2.8254,2,-3.2314,3.3127,2,3.2403,3.2409,3,0.7017,5.9481,14.9481,9.0
2000-12-10,12,Other,8,3.0,<8,-15.1,-18.1,-1.1034,1.7781,2,-0.751,0.751,2,0.0117,0.2882,3,-2.2798,23.9333,14.9408,-8.9925
2000-12-11,12,Other,8,14.4,12-<15,-1.3,-15.7,0.1819,5.5789,2,-5.365,5.3794,2,9.2905,9.3256,3,-1.3298,11.9333,14.9333,3.0
2000-12-12,12,Other,8,7.2,<8,-8.1,-15.3,-0.2424,3.1231,2,-2.0423,2.2259,2,2.3225,3.1828,3,-1.9449,2.9258,14.9258,-12.0
2000-12-13,12,Other,7,7.4,<8,-8.8,-16.2,-1.6234,2.1475,2,-0.5392,0.7193,1,-1.1002,1.1002,3,-2.9178,17.9183,17.9183,0.0
2000-12-14,12,Other,8,11.0,10-<12,-2.7,-13.7,1.5542,4.552,2,-4.329,4.4223,2,6.3405,6.7643,3,1.4498,8.9106,14.9106,6.0
2000-12-15,12,Other,8,12.3,12-<15,-0.9,-13.2,0.9993,3.9367,2,-3.1642,3.9061,2,5.9781,6.1218,3,0.1275,11.9031,14.9031,3.0
2000-12-16,12,Other,8,14.4,12-<15,1.6,-12.8,-0.9991,2.4175,2,-0.0551,0.1266,2,1.0151,1.4822,3,-2.897,14.8953,14.8953,0.0
2000-12-17,12,Other,8,11.3,10-<12,-0.9,-12.2,0.6513,4.2377,2,-0.4993,0.5839,2,6.0145,6.2188,3,-3.4158,23.8797,14.8875,-8.9922
2000-12-18,12,Other,8,8.0,8-<10,-0.5,-8.5,-2.058,3.5376,2,-6.1475,6.1536,2,0.8868,1.4999,3,-2.3283,8.8797,14.8797,6.0
2000-12-19,12,Other,8,11.5,10-<12,1.3,-10.2,1.6461,5.352,2,-4.3606,4.6709,2,7.4483,7.4499,3,2.5852,11.8719,14.8719,3.0
2000-12-20,12,Other,8,8.7,8-<10,-4.5,-13.2,-0.5344,3.5838,2,-2.5745,3.4125,2,3.2555,3.8416,3,-2.7523,23.8561,14.8639,-8.9922
2000-12-21,12,Other,8,13.1,12-<15,3.3,-9.8,-0.6064,3.3133,2,-4.0949,4.1383,2,3.9075,4.4286,3,-0.9084,11.8561,14.8561,3.0
2000-12-22,12,Other,8,13.3,12-<15,-1.0,-14.3,-1.3216,4.1385,2,-2.4944,3.0699,2,3.7384,3.7387,3,-3.7449,20.8483,14.8483,-6.0
2000-12-23,12,Other,8,14.0,12-<15,5.3,-8.7,0.8784,5.1721,2,-4.9672,4.9947,2,6.2073,6.5796,3,2.2638,11.8406,14.8406,3.0
2000-12-24,12,Other,8,13.0,12-<15,2.4,-10.6,-0.5393,4.9712,2,-6.9779,6.9803,2,5.6378,5.9993,3,-1.6212,8.8328,14.8328,6.0
2000-12-25,12,Other,8,8.8,8-<10,2.7,-6.1,1.7184,4.0082,2,-2.1002,2.2069,2,6.8628,6.9254,3,1.8282,11.825,14.825,3.0
2000-12-26,12,Other,8,5.6,<8,-4.0,-9.6,0.3311,1.8597,2,-2.2167,2.2771,2,2.5609,2.5825,3,0.2657,8.8172,14.8172,6.0
2000-12-27,12,Other,8,6.0,<8,-4.7,-10.7,-1.6219,2.3695,2,-3.7492,3.7533,2,0.1647,0.4592,3,-1.6821,14.8094,14.8094,0.0
2000-12-28,12,Other,8,8.4,8-<10,0.7,-7.7,-0.8901,2.1794,2,-3.0318,3.0569,2,2.2248,2.2955,3,-1.4451,11.8019,14.8019,3.0
2000-12-29,12,Other,8,8.1,8-<10,2.0,-6.1,0.5316,1.3612,2,-0.8994,1.3137,2,1.8657,1.9032,3,0.5037,14.7942,14.7942,0.0
2000-12-30,12,Other,8,8.5,8-<10,-1.6,-10.1,-0.6456,4.0232,2,-4.5316,4.8048,2,5.3215,5.4027,3,-2.5429,8.7867,14.7867,6.0
2000-12-31,12,Other,8,13.5,12-<15,3.1,-10.4,-0.4949,3.7331,2,-5.2379,5.2409,2,4.2239,4.2242,3,0.1252,11.7792,14.7792,3.0
2001-01-01,1,Other,8,8.5,8-<10,-1.0,-9.5,-1.432,2.253,2,-2.8331,3.0388,2,0.2261,0.8906,3,-2.1398,20.7792,14.7792,-6.0
2001-01-02,1,Other,8,5.3,<8,-1.1,-6.4,1.4551,2.8344,2,-1.3405,1.3423,2,3.9144,3.9152,3,1.3232,2.7719,14.7719,-12.0
2001-01-03,1,Other,8,4.7,<8,-5.7,-10.4,-0.3522,0.9271,2,-0.8201,0.9031,2,0.839,0.9103,3,-0.8847,11.7644,14.7644,3.0
2001-01-04,1,Other,8,11.4,10-<12,0.9,-10.5,-1.8913,3.2621,2,-5.642,5.6941,2,0.0457,0.5361,3,-1.4442,14.7572,14.7572,0.0
2001-01-05,1,Other,8,10.3,10-<12,0.3,-10.0,-0.6127,1.8827,2,-1.1448,1.8168,2,1.7824,1.9143,3,-1.9313,14.75,14.75,0.0
2001-01-06,1,Other,8,10.6,10-<12,-2.3,-12.9,2.4817,5.1619,2,-2.0282,2.2146,2,7.853,7.8541,3,1.427,2.7431,14.7431,-12.0
2001-01-07,1,Other,8,8.4,8-<10,-12.1,-20.5,1.6357,4.2556,2,-2.3845,2.3849,2,5.5668,5.6217,3,1.5806,2.7361,14.7361,-12.0
2001-01-08,1,Other,7,7.4,<8,-18.2,-25.6,0.5656,3.3653,2,-3.1317,3.8632,1,5.4839,5.4839,3,0.5541,5.7292,14.7292,9.0
2001-01-09,1,Other,8,9.7,8-<10,-15.9,-25.6,-1.5977,3.4009,2,-2.2136,2.3059,2,2.0764,2.1148,3,-3.5967,23.7161,14.7225,-8.9936
2001-01-10,1,Other,7,13.4,12-<15,-8.2,-21.6,-1.0545,6.2102,1,-11.1655,11.1655,2,1.4558,4.3625,3,-2.2652,17.7161,14.7161,-3.0
2001-01-11,1,Other,8,17.9,15-<18,-0.1,-18.0,-4.4683,6.6974,2,-10.7854,10.7879,2,2.1484,2.2574,3,-5.028,14.7094,14.7094,0.0
2001-01-12,1,Other,8,5.8,<8,-5.9,-11.7,0.699,2.2651,2,-1.0502,1.4973,2,2.3388,2.4284,3,0.9538,14.7033,14.7033,0.0
2001-01-13,1,Other,8,4.3,<8,-9.9,-14.2,0.9012,1.8113,2,-0.7751,1.1952,2,2.8126,2.8153,3,0.7432,11.6969,14.6969,3.0
2001-01-14,1,Other,7,6.9,<8,-8.0,-14.9,-0.5582,1.7818,1,-2.3241,2.3241,2,1.6722,1.8162,3,-1.3502,11.6911,14.6911,3.0
2001-01-15,1,Other,8,14.6,12-<15,3.0,-11.6,2.8033,4.5651,2,-1.0146,1.5779,2,3.0636,3.257,3,5.907,14.6853,14.6853,0.0
2001-01-16,1,Other,7,18.1,18-<20,2.1,-16.0,2.6656,7.3638,1,-4.3182,4.3182,2,12.5332,12.8451,3,-1.2155,11.6794,14.6794,3.0
2001-01-17,1,Other,8,6.1,<8,-5.6,-11.7,0.03,2.6187,2,-3.2615,3.285,2,2.7243,2.7351,3,0.2824,2.6739,14.6739,-12.0
2001-01-18,1,Other,7,8.0,8-<10,-7.1,-15.1,-0.6921,1.6863,2,-1.3485,2.1543,2,0.8192,0.9834,2,-2.0428,14.6686,14.6686,0.0
2001-01-19,1,Other,8,8.3,8-<10,-8.3,-16.6,0.4212,2.6804,2,-0.6232,0.6271,2,3.4916,3.7551,3,-1.8934,23.6583,14.6633,-8.995
2001-01-20,1,Other,8,12.5,12-<15,-3.2,-15.7,0.8354,3.3161,2,-3.1687,3.2142,2,5.5404,5.6867,3,0.76,11.6583,14.6583,3.0
2001-01-21,1,Other,8,7.0,<8,-7.1,-14.1,-0.1882,1.7784,2,-1.8328,2.3104,2,2.2934,2.3153,3,-0.3455,11.6533,14.6533,3.0
2001-01-22,1,Other,8,3.8,<8,-9.2,-13.0,-0.0357,1.0224,2,-1.2691,1.5981,2,1.1419,1.17,3,-0.1328,14.6486,14.6486,0.0
2001-01-23,1,Other,8,3.2,<8,-10.7,-13.9,0.0284,1.322,2,-0.8016,0.8197,2,2.0085,2.0519,3,-0.5449,11.6442,14.6442,3.0
2001-01-24,1,Other,8,9.4,8-<10,-4.6,-14.0,-0.1967,2.6207,2,-1.8551,2.0848,2,3.8533,3.8533,3,-1.2935,11.64,14.64,3.0
2001-01-25,1,Other,8,10.3,10-<12,-7.9,-18.2,-0.6075,2.6442,2,-0.1846,0.4641,2,2.1651,2.1746,3,-3.1573,14.6358,14.6358,0.0
2001-01-26,1,Other,8,5.7,<8,-10.9,-16.6,-0.177,2.2448,2,-1.874,1.8936,2,2.0035,2.1306,3,-0.2974,2.6319,14.6319,-12.0
2001-01-27,1,Other,8,4.4,<8,-13.6,-18.0,0.7909,1.4436,2,-0.3534,0.598,2,1.7927,2.0101,3,1.2811,11.6283,14.6283,3.0
2001-01-28,1,Other,8,5.8,<8,-14.2,-20.0,0.0498,1.2094,2,-0.6506,0.7391,2,1.9513,1.9704,3,-0.5338,11.6247,14.6247,3.0
2001-01-29,1,Other,8,10.6,10-<12,-11.9,-22.5,-0.8099,3.4162,2,-1.054,1.6738,2,1.8133,2.0975,3,-4.1328,14.6214,14.6214,0.0
2001-01-30,1,Other,8,8.1,8-<10,-9.1,-17.2,-0.5354,2.263,2,-3.2173,3.2257,2,1.8254,2.1612,3,-0.1465,14.6183,14.6183,0.0
2001-01-31,1,Other,8,4.8,<8,-12.4,-17.2,0.5681,1.7335,2,-1.197,1.2053,2,2.9147,2.9468,3,-0.0992,14.6156,14.6156,0.0
2001-02-01,2,Other,8,6.2,<8,-11.0,-17.2,0.5565,2.7927,2,-2.5339,2.7418,2,4.5277,4.528,3,0.7189,11.6128,14.6128,3.0
2001-02-02,2,Other,8,13.1,12-<15,-4.3,-17.4,-0.0537,2.7683,2,-3.2934,3.428,2,3.9946,4.0638,3,-0.0536,11.6103,14.6103,3.0
2001-02-03,2,Other,8,11.0,10-<12,-4.0,-15.0,2.6443,4.0359,2,-1.3858,1.4853,2,6.3618,6.3627,3,3.1519,11.6081,14.6081,3.0
2001-02-04,2,Other,8,6.4,<8,-12.1,-18.5,1.1347,1.866,2,-0.386,0.634,2,2.9215,2.942,3,0.7442,14.6061,14.6061,0.0
2001-02-05,2,Other,8,4.5,<8,-14.3,-18.8,1.1017,1.9879,2,-0.4804,0.5673,2,2.3613,2.6857,3,1.9432,11.6044,14.6044,3.0
2001-02-06,2,Other,8,5.1,<8,-16.1,-21.2,-0.4758,1.1259,2,-1.2219,1.4447,2,0.8566,0.9805,3,-0.6116,11.6028,14.6028,3.0
2001-02-07,2,Other,8,7.9,<8,-11.4,-19.3,-0.7143,2.073,2,-2.3222,2.7141,2,1.6914,1.7006,3,-0.8769,11.6014,14.6014,3.0
2001-02-08,2,Other,8,9.1,8-<10,-6.6,-15.7,0.2194,2.6209,2,-2.1021,2.5476,2,3.8828,3.9055,3,0.1132,11.6003,14.6003,3.0
2001-02-09,2,Other,8,7.0,<8,-11.6,-18.6,-1.0699,2.027,2,-1.473,1.6281,2,1.3382,1.3448,3,-2.6806,20.5992,14.5992,-6.0
2001-02-10,2,Other,8,7.3,<8,-7.0,-14.3,-0.8163,2.4387,2,-2.2818,2.5905,2,2.9151,2.9655,3,-1.959,11.5986,14.5986,3.0
2001-02-11,2,Other,8,6.6,<8,-5.4,-12.0,0.9355,2.4863,2,-1.3829,1.6545,2,2.9856,3.0019,3,1.5314,11.5981,14.5981,3.0
2001-02-12,2,Other,8,11.6,10-<12,-3.2,-14.8,2.9566,4.9229,2,-1.0424,1.1095,2,8.5288,8.5332,3,2.9843,11.5978,14.5978,3.0
2001-02-13,2,Other,8,13.7,12-<15,-2.8,-16.5,-1.268,4.9682,2,-4.0141,7.0181,2,3.4449,3.6822,3,-4.2937,5.5978,14.5978,9.0
2001-02-14,2,Other,8,11.3,10-<12,0.1,-11.2,2.9018,5.0069,2,-1.7752,1.9855,2,7.0233,7.3503,3,4.2239,11.5978,14.5978,3.0
2001-02-15,2,Other,8,5.8,<8,-9.9,-15.7,-0.1574,0.7631,2,-0.1108,0.2936,2,0.4773,0.5176,3,-0.7782,14.5981,14.5981,0.0
2001-02-16,2,Other,8,9.0,8-<10,-4.2,-13.2,-0.6043,2.2197,2,-3.217,3.3742,2,1.6957,1.7041,3,-0.4969,14.5986,14.5986,0.0
2001-02-17,2,Other,8,12.3,12-<15,1.6,-10.7,-2.8002,3.7303,2,-5.699,5.7471,2,0.6598,0.887,3,-3.2211,11.5994,14.5994,3.0
2001-02-18,2,Other,8,9.1,8-<10,0.9,-8.2,-0.0309,2.51,2,-0.5184,1.6674,2,2.0503,2.0521,3,-1.8386,14.6003,14.6003,0.0
2001-02-19,2,Other,8,7.1,<8,0.9,-6.2,0.3588,1.775,2,-1.3689,1.4489,2,2.6813,2.8645,3,-0.2329,14.6017,14.6017,0.0
2001-02-20,2,Other,8,5.3,<8,-2.2,-7.5,-0.7379,2.329,2,-0.2056,0.2167,2,0.8921,1.4072,3,-3.1002,20.6031,14.6031,-6.0
2001-02-21,2,Other,7,3.2,<8,-1.0,-4.2,0.3883,0.9863,2,-0.5843,0.8511,2,1.326,1.3471,3,0.4115,14.6044,14.6044,0.0
2001-02-22,2,Other,8,5.6,<8,-2.1,-7.7,1.022,2.9847,2,-1.9979,2.0021,2,3.6247,3.7458,3,2.0184,11.6061,14.6061,3.0
2001-02-23,2,Other,8,6.9,<8,-3.8,-10.7,-0.2722,1.0367,2,-0.9314,0.9832,2,0.6695,0.6971,3,-0.867,14.6081,14.6081,0.0
2001-02-24,2,Other,8,8.8,8-<10,1.3,-7.5,-0.0737,2.3877,2,-2.1367,2.1568,2,3.6664,3.6664,3,-1.1768,11.6103,14.6103,3.0
2001-02-25,2,Other,8,7.1,<8,2.2,-4.9,1.6824,2.7894,2,-1.2766,1.3943,2,4.7635,4.7648,3,1.6538,11.6125,14.6125,3.0
2001-02-26,2,Other,8,8.0,8-<10,0.8,-7.2,-0.9682,1.9587,2,-1.1983,1.3464,2,0.7953,1.1846,3,-2.3511,20.615,14.615,-6.0
2001-02-27,2,Other,8,12.9,12-<15,9.5,-3.4,2.6459,3.9139,2,-0.306,0.4344,2,3.954,4.9013,3,4.0494,14.6178,14.6178,0.0
2001-02-28,2,Other,8,11.2,10-<12,5.3,-5.9,0.4511,1.753,2,-0.7979,0.7984,2,2.6004,2.6552,3,0.8134,11.6206,14.6206,3.0
2001-03-01,3,Other,8,7.4,<8,0.7,-6.7,2.4468,3.1524,2,0.3758,0.4238,2,4.8113,4.8117,3,1.7977,14.6236,14.6236,0.0
2001-03-02,3,Other,8,10.9,10-<12,2.4,-8.5,1.0921,2.2269,2,-0.8886,1.0693,2,3.1913,3.5369,3,1.7505,11.6267,14.6267,3.0
2001-03-03,3,Other,8,7.9,<8,-0.6,-8.5,0.6689,1.6798,2,-0.1232,0.2462,2,3.0838,3.0838,3,0.2711,11.63,14.63,3.0
2001-03-04,3,Other,8,4.2,<8,-4.0,-8.2,0.0365,0.5891,2,-0.3682,0.3872,2,0.5756,0.6055,3,-0.3433,14.6336,14.6336,0.0
2001-03-05,3,Other,8,3.9,<8,-3.9,-7.8,0.8113,1.505,2,-0.7011,0.7022,2,1.2518,1.2624,3,1.5677,14.6372,14.6372,0.0
2001-03-06,3,Other,8,5.9,<8,-5.6,-11.5,-0.0671,0.7416,2,-0.9566,1.1099,2,0.8536,0.8953,3,-0.1197,14.6408,14.6408,0.0
2001-03-07,3,Other,7,6.2,<8,-4.4,-10.6,0.0357,0.4561,1,-0.0868,0.0868,2,0.3858,0.3991,3,-0.2353,14.6447,14.6447,0.0
2001-03-08,3,Other,8,8.8,8-<10,0.3,-8.5,-1.372,2.5371,2,-1.953,2.3744,2,0.998,1.0139,3,-2.5518,11.6489,14.6489,3.0
2001-03-09,3,Other,8,10.3,10-<12,7.5,-2.8,0.3337,2.4062,2,-0.8092,0.9777,2,4.0934,4.1561,3,-0.6553,11.6531,14.6531,3.0
2001-03-10,3,Other,7,12.0,12-<15,9.0,-3.0,-0.2492,5.0542,2,-2.7786,3.652,2,4.872,4.8813,2,-4.9687,23.6617,14.6572,-9.0045
2001-03-11,3,Other,8,11.2,10-<12,10.3,-0.9,2.6761,3.4628,2,0.6746,1.2196,2,5.4835,5.4988,3,1.6281,14.6617,14.6617,0.0
2001-03-12,3,Other,8,5.2,<8,2.9,-2.3,2.0139,2.9872,2,-0.138,0.7122,2,4.6723,4.6773,3,1.1631,2.6661,14.6661,-12.0
2001-03-13,3,Other,8,5.4,<8,-0.6,-6.0,-0.4622,1.0879,2,-1.095,1.1068,2,0.7092,0.7195,3,-1.2819,14.6706,14.6706,0.0
2001-03-14,3,Other,8,5.5,<8,0.3,-5.2,0.1642,0.9617,2,-0.5673,0.6579,2,1.3534,1.3538,3,-0.4224,14.6753,14.6753,0.0
2001-03-15,3,Other,8,5.9,<8,2.5,-3.4,0.2342,0.5046,2,-0.1404,0.1641,2,0.526,0.6253,3,0.3895,14.68,14.68,0.0
2001-03-16,3,Other,8,7.6,<8,4.5,-3.1,-0.3477,0.9314,2,-1.1975,1.638,2,0.2556,0.3434,3,-0.3607,14.685,14.685,0.0
2001-03-17,3,Other,8,8.6,8-<10,7.1,-1.5,-0.2632,1.0248,2,-1.3642,1.89,2,0.4859,0.5246,3,0.0543,14.69,14.69,0.0
2001-03-18,3,Other,8,10.5,10-<12,9.3,-1.2,-0.3076,0.7721,2,-0.7247,0.8356,2,0.3527,0.4816,3,-0.3418,14.695,14.695,0.0
2001-03-19,3,Other,8,10.5,10-<12,10.5,0.0,-0.7134,1.0566,2,-0.9526,1.2684,2,0.0551,0.4298,3,-1.2801,14.7,14.7,0.0
2001-03-20,3,Other,8,9.0,8-<10,11.4,2.4,-0.229,1.2334,2,-1.5906,2.1384,2,1.0135,1.0217,3,-0.1111,14.705,14.705,0.0
2001-03-21,3,Other,8,7.2,<8,10.1,2.9,-0.3036,0.697,2,-0.7874,0.7974,2,0.4924,0.5033,3,-0.4924,14.7103,14.7103,0.0
2001-03-22,3,Other,8,10.0,10-<12,12.9,2.9,-0.51,0.9428,2,-1.1757,1.5621,2,0.297,0.5084,3,-0.5703,14.7156,14.7156,0.0
2001-03-23,3,Other,8,9.7,8-<10,13.5,3.8,-0.1613,0.9534,2,-1.209,1.2582,2,0.9202,0.9791,3,-0.2266,14.7208,14.7208,0.0
2001-03-24,3,Other,8,11.9,10-<12,14.8,2.9,-0.4907,1.2625,2,-1.84,2.3906,2,0.4683,0.4686,3,-0.3442,14.7261,14.7261,0.0
2001-03-25,3,Other,8,12.1,12-<15,14.8,2.7,-0.7241,1.1306,2,-1.0293,1.3758,2,0.3569,0.4838,3,-1.1603,14.7314,14.7314,0.0
2001-03-26,3,Other,8,10.8,10-<12,16.2,5.4,-0.1851,1.0976,2,-1.5464,2.0156,2,0.2496,0.3437,3,0.4019,14.7367,14.7367,0.0
2001-03-27,3,Other,8,17.4,15-<18,21.8,4.4,-1.4103,3.4997,2,-0.0876,0.1145,2,0.0444,0.0559,3,-4.2849,14.7419,14.7419,0.0
2001-03-28,3,Other,8,7.1,<8,22.3,15.2,1.453,2.5955,2,-0.1049,0.7492,2,1.3095,1.5991,3,2.9219,14.7472,14.7472,0.0
2001-03-29,3,Other,8,12.0,12-<15,20.2,8.2,-0.182,1.024,2,-1.4031,1.8823,2,0.6231,0.6379,3,0.0885,14.7528,14.7528,0.0
2001-03-30,3,Other,8,12.8,12-<15,21.0,8.2,-0.1853,0.7567,2,-0.2755,0.3627,2,0.1204,1.0727,3,-0.6605,17.7581,14.7581,-3.0
2001-03-31,3,Other,8,11.9,10-<12,20.2,8.3,-0.4673,1.2987,2,-1.5769,1.8736,2,1.0345,1.1294,3,-0.8839,14.7633,14.7633,0.0
2001-04-01,4,Other,8,10.6,10-<12,20.9,10.3,-0.3084,1.1647,2,-1.2108,1.5167,2,0.4255,0.4466,3,-0.0178,14.7686,14.7686,0.0
2001-04-02,4,Other,8,18.0,18-<20,18.9,0.9,6.5795,10.28,2,-0.0189,3.348,2,16.373,16.3983,3,2.7659,2.7739,14.7739,-12.0
2001-04-03,4,Other,8,6.6,<8,6.3,-0.3,-0.5431,0.9419,2,-1.2248,1.2256,2,0.5513,0.553,3,-1.0032,14.7792,14.7792,0.0
2001-04-04,4,Other,8,12.3,12-<15,12.8,0.5,-1.5329,3.3593,2,-0.5082,0.6599,2,0.5661,0.7071,3,-4.2614,14.7842,14.7842,0.0
2001-04-05,4,Other,8,12.8,12-<15,14.3,1.5,0.294,7.3585,2,-7.8339,8.0735,2,8.0845,8.6212,3,1.2046,11.7894,14.7894,3.0
2001-04-06,4,Other,8,9.8,8-<10,9.9,0.1,-0.4107,1.3972,2,0.3701,0.4268,2,-0.0609,0.1652,3,-1.6288,14.7944,14.7944,0.0
2001-04-07,4,Other,7,16.2,15-<18,9.6,-6.6,4.5195,9.9268,2,-6.7824,8.838,2,12.8605,13.052,2,3.2969,5.7994,14.7994,9.0
2001-04-08,4,Other,8,7.6,<8,0.3,-7.3,-0.5836,1.8994,2,0.0929,0.2947,2,0.5903,1.0803,3,-2.5424,17.8044,14.8044,-3.0
2001-04-09,4,Other,8,8.6,8-<10,3.5,-5.1,-0.612,0.8771,2,-0.4829,0.4943,2,0.0746,0.2323,3,-1.3042,14.8094,14.8094,0.0
2001-04-10,4,Other,8,11.0,10-<12,9.4,-1.6,-1.4864,2.6055,2,-2.2575,2.2601,2,0.0661,0.7304,3,-2.8492,14.8142,14.8142,0.0
2001-04-11,4,Other,8,9.0,8-<10,13.4,4.4,-0.1686,0.7716,2,-1.0687,1.0687,2,0.1512,0.1574,3,0.0319,14.8189,14.8189,0.0
2001-04-12,4,Other,8,13.0,12-<15,15.9,2.9,-0.6747,1.3891,2,-1.2892,1.6028,2,-0.0627,0.8581,3,-1.0774,14.8236,14.8236,0.0
2001-04-13,4,Other,8,14.2,12-<15,21.1,6.9,-0.7123,2.1179,2,-1.1572,1.2027,2,0.8103,0.8703,3,-2.021,14.8281,14.8281,0.0
2001-04-14,4,Other,8,7.3,<8,22.0,14.7,1.04,1.8023,2,-0.0987,0.3329,2,0.9183,0.973,3,2.2581,14.8325,14.8325,0.0
2001-04-15,4,Other,8,16.5,15-<18,25.6,9.1,-1.4714,3.0701,2,-0.505,0.5375,2,0.0142,0.6786,3,-3.6713,14.8369,14.8369,0.0
2001-04-16,4,Other,8,11.6,10-<12,24.2,12.6,3.0551,4.2747,2,0.63,1.8229,2,5.8888,5.9105,3,1.6232,14.8411,14.8411,0.0
2001-04-17,4,Other,9,10.7,10-<12,19.8,9.1,-0.3067,1.1626,2,-0.7543,0.9385,2,0.9499,0.9623,4,-0.5611,11.8453,14.8453,3.0
2001-04-18,4,Other,8,9.2,8-<10,17.4,8.2,3.0728,4.3701,2,1.5734,2.4584,2,6.0497,6.0842,3,0.864,2.8494,14.8494,-12.0
2001-04-19,4,Other,8,10.5,10-<12,16.3,5.8,-0.514,1.3568,2,-0.2686,0.3033,2,-0.0831,0.6845,3,-1.5863,14.8533,14.8533,0.0
2001-04-20,4,Other,8,9.1,8-<10,17.4,8.3,0.0811,0.6964,2,-0.6233,0.801,2,0.8097,0.8175,3,0.0647,14.8572,14.8572,0.0
2001-04-21,4,Other,8,10.1,10-<12,15.5,5.4,0.1459,1.3225,2,-0.5813,0.943,2,1.4968,1.6524,3,-0.8006,17.8608,14.8608,-3.0
2001-04-22,4,Other,8,9.3,8-<10,16.7,7.4,0.1262,0.6603,2,-0.1025,0.4442,2,0.5504,0.6505,3,-0.3194,14.8642,14.8642,0.0
2001-04-23,4,Other,8,11.7,10-<12,18.3,6.6,-0.8467,1.0807,2,-1.3826,1.5315,2,-0.0521,0.0714,3,-1.2071,14.8678,14.8678,0.0
2001-04-24,4,Other,8,10.6,10-<12,18.8,8.2,-0.3914,0.8609,2,-0.9746,1.1132,2,0.4208,0.4766,3,-0.7399,14.8708,14.8708,0.0
2001-04-25,4,Other,8,7.0,<8,18.4,11.4,0.4753,1.1345,2,-0.9063,0.9196,2,1.4528,1.4536,3,0.6871,14.8742,14.8742,0.0
2001-04-26,4,Other,8,9.4,8-<10,16.3,6.9,0.9418,2.102,2,-0.7812,1.4929,2,2.8015,2.8172,3,0.0655,14.8769,14.8769,0.0
2001-04-27,4,Other,8,11.5,10-<12,17.7,6.2,-1.2525,2.1936,2,-3.2717,3.2989,2,0.6202,0.645,3,-1.7377,14.8797,14.8797,0.0
2001-04-28,4,Other,8,17.8,15-<18,15.9,-1.9,4.8226,8.0282,2,3.0941,5.6467,2,10.624,10.7397,3,-0.6452,2.8825,14.8825,-12.0
2001-04-29,4,Other,8,15.9,15-<18,17.3,1.4,-0.936,2.2126,2,-0.9906,1.245,2,0.4476,0.5686,3,-2.1256,14.885,14.885,0.0
2001-04-30,4,Other,8,11.7,10-<12,19.7,8.0,-1.0384,1.6795,2,-2.4336,2.4909,2,0.2647,0.5075,3,-1.4565,14.8875,14.8875,0.0
2001-05-01,5,May-Sep,8,7.7,<8,18.7,11.0,0.1063,0.9596,2,-1.0381,1.0931,2,0.9178,1.0861,3,-0.099,17.8897,14.8897,-3.0
2001-05-02,5,May-Sep,8,7.5,<8,19.7,12.2,-0.0788,0.6431,2,-0.9284,0.99,2,0.182,0.1827,3,0.1465,14.8917,14.8917,0.0
2001-05-03,5,May-Sep,8,13.9,12-<15,25.2,11.3,0.3947,0.6351,2,-0.1095,0.3841,2,0.8356,0.9434,3,0.5629,14.8936,14.8936,0.0
2001-05-04,5,May-Sep,8,9.8,8-<10,22.2,12.4,3.0602,3.8038,2,1.3503,2.3628,2,5.4927,5.5159,3,1.7286,14.8953,14.8953,0.0
2001-05-05,5,May-Sep,8,8.4,8-<10,19.3,10.9,0.0458,0.9088,2,-0.9343,1.1326,2,0.4313,0.5666,3,0.0857,14.8969,14.8969,0.0
2001-05-06,5,May-Sep,8,11.0,10-<12,22.8,11.8,-0.6648,0.9494,2,-1.0843,1.1515,2,0.2232,0.3543,3,-0.951,14.8983,14.8983,0.0
2001-05-07,5,May-Sep,8,14.2,12-<15,27.6,13.4,-0.9558,2.2064,2,-1.4211,1.602,2,0.8296,0.84,3,-2.327,14.8994,14.8994,0.0
2001-05-08,5,May-Sep,8,9.0,8-<10,29.7,20.7,1.0518,1.5911,2,0.0133,0.6684,2,1.2004,1.2004,3,1.6456,14.9006,14.9006,0.0
2001-05-09,5,May-Sep,8,14.0,12-<15,30.0,16.0,-0.495,0.9829,2,-1.4889,1.609,2,0.5983,0.6066,3,-0.7144,14.9014,14.9014,0.0
2001-05-10,5,May-Sep,8,12.4,12-<15,29.7,17.3,-0.6325,1.5165,2,-1.0109,1.2083,2,0.2485,0.3524,3,-1.6432,14.9022,14.9022,0.0
2001-05-11,5,May-Sep,8,14.5,12-<15,31.8,17.3,1.6701,3.7675,2,-1.3813,1.4716,2,4.1245,5.2366,3,2.6533,14.9028,14.9028,0.0
2001-05-12,5,May-Sep,8,8.9,8-<10,22.7,13.8,1.406,2.5082,2,0.237,1.6848,2,4.1147,4.1948,3,0.2191,11.9033,14.9033,3.0
2001-05-13,5,May-Sep,8,10.4,10-<12,20.9,10.5,0.0528,1.0168,2,0.3577,1.2775,2,0.4768,0.5259,3,-0.8449,14.9036,14.9036,0.0
2001-05-14,5,May-Sep,7,15.6,15-<18,25.8,10.2,-1.1372,3.1954,2,-0.5248,0.5307,2,0.869,1.1342,2,-5.32,14.9036,14.9036,0.0
2001-05-15,5,May-Sep,7,7.9,<8,28.2,20.3,1.0495,1.3214,2,0.6836,1.1774,2,1.3303,1.341,2,0.7913,14.9036,14.9036,0.0
2001-05-16,5,May-Sep,6,9.0,8-<10,26.3,17.3,0.6891,1.3766,1,-0.0171,0.0171,2,1.4171,1.4968,2,0.2125,14.9033,14.9033,0.0
2001-05-17,5,May-Sep,8,12.1,12-<15,29.1,17.0,-1.019,2.1961,2,-1.0764,1.2796,2,0.4864,0.7817,3,-2.5514,14.9031,14.9031,0.0
2001-05-18,5,May-Sep,8,9.6,8-<10,33.2,23.6,1.1055,1.6571,2,-0.0923,0.7571,2,1.1861,1.1914,3,1.812,14.9025,14.9025,0.0
2001-05-19,5,May-Sep,8,12.7,12-<15,31.1,18.4,2.7564,4.5621,2,-1.5077,1.6274,2,6.6571,6.7751,3,3.1133,8.9017,14.9017,6.0
2001-05-20,5,May-Sep,8,11.5,10-<12,21.8,10.3,2.9845,5.1643,2,1.7808,4.0107,2,6.28,6.3104,3,-0.4074,14.9008,14.9008,0.0
2001-05-21,5,May-Sep,8,9.5,8-<10,21.2,11.7,0.7108,1.5494,2,-1.0125,1.1126,2,1.9487,2.0249,3,1.2229,11.9,14.9,3.0
2001-05-22,5,May-Sep,8,10.0,10-<12,17.8,7.8,1.45,1.811,2,0.8476,1.1484,2,2.6721,2.6919,3,0.6259,14.8989,14.8989,0.0
2001-05-23,5,May-Sep,8,13.4,12-<15,20.8,7.4,-1.1741,1.9078,2,-2.4106,2.7042,2,0.2787,0.6791,3,-1.8226,14.8975,14.8975,0.0
2001-05-24,5,May-Sep,8,12.3,12-<15,23.1,10.8,-0.4728,0.9222,2,-0.7549,0.7788,2,0.095,0.6107,3,-1.0165,14.8961,14.8961,0.0
2001-05-25,5,May-Sep,8,14.9,12-<15,26.2,11.3,-1.4187,2.1569,2,-1.431,1.4695,2,0.0992,0.4106,3,-3.0789,14.8947,14.8947,0.0
2001-05-26,5,May-Sep,8,13.2,12-<15,28.8,15.6,-0.6795,2.0941,2,-3.3035,3.7424,2,1.3493,1.3502,3,-0.6346,14.8931,14.8931,0.0
2001-05-27,5,May-Sep,7,10.8,10-<12,28.5,17.7,0.1392,0.8115,2,-0.5874,1.0017,1,1.0982,1.0982,3,0.3865,14.8911,14.8911,0.0
2001-05-28,5,May-Sep,8,14.2,12-<15,30.1,15.9,-0.2334,1.0283,2,-0.5721,1.0821,2,0.949,1.0497,3,-0.9907,14.8892,14.8892,0.0
2001-05-29,5,May-Sep,8,14.2,12-<15,31.8,17.6,-0.2387,0.654,2,-0.3534,0.4186,2,0.2522,0.4276,3,-0.6538,14.8872,14.8872,0.0
2001-05-30,5,May-Sep,8,13.5,12-<15,33.5,20.0,0.5786,3.7306,2,-4.494,4.9014,2,5.0946,5.173,3,1.327,11.885,14.885,3.0
2001-05-31,5,May-Sep,8,12.8,12-<15,32.2,19.4,-0.4425,1.4071,2,-0.6875,0.7551,2,0.9867,1.0047,3,-1.5591,14.8825,14.8825,0.0
2001-06-01,6,May-Sep,8,13.1,12-<15,33.6,20.5,-0.3178,0.8136,2,-0.7339,1.0121,2,0.6727,0.747,3,-0.6073,14.8803,14.8803,0.0
2001-06-02,6,May-Sep,6,13.8,12-<15,34.5,20.7,0.327,1.3713,1,0.4272,0.4272,2,1.3869,1.7637,3,-0.4131,14.8778,14.8778,0.0
2001-06-03,6,May-Sep,8,21.1,>=20,31.3,10.2,5.9218,11.2516,2,1.5466,8.4465,2,14.9377,15.2278,3,-0.6543,2.875,14.875,-12.0
2001-06-04,6,May-Sep,8,11.7,10-<12,23.3,11.6,0.2036,2.3544,2,-1.0208,1.1094,2,3.3579,4.2841,3,-1.1106,14.8725,14.8725,0.0
2001-06-05,6,May-Sep,8,13.1,12-<15,27.4,14.3,-0.2099,0.8236,2,0.1112,0.112,2,0.1838,0.4522,3,-0.9248,14.8697,14.8697,0.0
2001-06-06,6,May-Sep,8,12.7,12-<15,29.5,16.8,0.2976,1.2803,2,-1.2516,1.7061,2,1.2083,1.2116,3,0.7035,14.8667,14.8667,0.0
2001-06-07,6,May-Sep,8,13.4,12-<15,29.5,16.1,-0.7067,1.8099,2,-0.5312,0.5407,2,0.3728,0.643,3,-2.0344,14.8639,14.8639,0.0
2001-06-08,6,May-Sep,8,18.2,18-<20,28.6,10.4,6.7001,9.9116,2,3.1854,7.109,2,14.1658,14.2032,3,1.618,2.8608,14.8608,-12.0
2001-06-09,6,May-Sep,8,13.2,12-<15,23.0,9.8,-0.9041,1.8714,2,-0.5301,0.5301,2,-0.1112,0.9144,3,-2.3803,17.8575,14.8575,-3.0
2001-06-10,6,May-Sep,8,12.8,12-<15,26.6,13.8,-1.3356,2.624,2,-1.2971,1.298,2,0.6127,1.5133,3,-3.2858,17.8544,14.8544,-3.0
2001-06-11,6,May-Sep,8,15.6,15-<18,34.1,18.5,-0.9258,1.9199,2,-1.4392,2.0107,2,0.6653,0.7039,3,-1.8785,14.8511,14.8511,0.0
2001-06-12,6,May-Sep,8,18.5,18-<20,32.3,13.8,2.8748,8.7347,2,-4.3007,5.3675,2,13.6134,13.8095,3,0.6914,11.8478,14.8478,3.0
2001-06-13,6,May-Sep,8,11.5,10-<12,24.8,13.3,-0.9355,1.6239,2,-1.8868,2.0294,2,0.0887,0.7132,3,-1.6646,17.8444,14.8444,-3.0
2001-06-14,6,May-Sep,8,11.0,10-<12,28.3,17.3,1.6036,2.039,2,0.3111,0.4454,2,1.167,1.2584,3,2.5345,14.8411,14.8411,0.0
2001-06-15,6,May-Sep,8,10.5,10-<12,26.2,15.7,-0.4201,1.0708,2,-0.8918,1.0834,2,0.5452,0.7076,3,-1.1334,14.8378,14.8378,0.0
2001-06-16,6,May-Sep,8,12.4,12-<15,29.4,17.0,-0.5078,1.2826,2,-1.3122,1.4638,2,0.5967,0.9971,3,-1.2714,17.8344,14.8344,-3.0
2001-06-17,6,May-Sep,8,12.7,12-<15,31.2,18.5,-0.7365,1.269,2,-1.423,1.6733,2,0.2329,0.2839,3,-1.351,14.8308,14.8308,0.0
2001-06-18,6,May-Sep,8,12.4,12-<15,33.1,20.7,-0.3308,0.8394,2,-0.7673,1.2603,2,0.4503,0.6329,3,-0.6302,14.8275,14.8275,0.0
2001-06-19,6,May-Sep,8,13.8,12-<15,36.0,22.2,0.0183,0.9557,2,-0.8448,1.0834,2,0.8289,0.8615,3,-0.4045,14.8239,14.8239,0.0
2001-06-20,6,May-Sep,8,16.9,15-<18,39.1,22.2,-0.4141,1.8322,2,0.1431,0.7297,2,0.5692,0.8442,3,-2.3392,14.8203,14.8203,0.0
2001-06-21,6,May-Sep,8,14.0,12-<15,37.9,23.9,2.0236,2.9047,2,0.0545,0.1302,2,4.872,4.9338,3,0.9927,14.8169,14.8169,0.0
2001-06-22,6,May-Sep,8,8.3,8-<10,32.1,23.8,2.1513,3.2148,2,-0.3822,0.7044,2,3.8694,4.2157,3,3.0437,11.8133,14.8133,3.0
2001-06-23,6,May-Sep,8,11.8,10-<12,26.1,14.3,2.3784,6.198,2,-0.9277,3.6342,2,8.1891,8.3263,3,-1.712,2.8097,14.8097,-12.0
2001-06-24,6,May-Sep,8,6.6,<8,23.6,17.0,-0.1558,0.8014,2,-0.6062,0.6443,2,0.709,0.9368,3,-0.4926,14.8064,14.8064,0.0
2001-06-25,6,May-Sep,8,5.5,<8,22.0,16.5,0.353,2.2598,2,-1.6924,1.9739,2,3.4664,3.5507,3,-0.0645,11.8031,14.8031,3.0
2001-06-26,6,May-Sep,8,14.5,12-<15,30.4,15.9,-0.3565,1.6398,2,-0.042,0.2643,2,0.6535,1.0632,3,-1.6481,17.7994,14.7994,-3.0
2001-06-27,6,May-Sep,8,12.1,12-<15,32.1,20.0,-0.5567,1.1826,2,-1.1737,1.5497,2,0.6281,0.6818,3,-1.2825,14.7961,14.7961,0.0
2001-06-28,6,May-Sep,8,14.8,12-<15,35.8,21.0,0.9465,2.4237,2,-1.3781,1.9557,2,2.8404,3.1028,3,1.7429,11.7928,14.7928,3.0
2001-06-29,6,May-Sep,7,10.2,10-<12,30.7,20.5,1.5997,2.5846,2,-0.4627,0.5823,2,2.5272,2.5829,2,0.7192,14.7894,14.7894,0.0
2001-06-30,6,May-Sep,8,10.9,10-<12,29.3,18.4,-0.1558,0.7592,2,-0.2654,0.6404,2,0.892,0.892,3,-0.644,11.7864,14.7864,3.0
2001-07-01,7,May-Sep,8,13.0,12-<15,33.2,20.2,-0.5196,0.9802,2,-1.207,1.4734,2,0.1851,0.3582,3,-0.8192,14.7831,14.7831,0.0
2001-07-02,7,May-Sep,8,11.7,10-<12,32.1,20.4,3.158,5.0198,2,-1.755,1.755,2,8.202,8.288,3,2.385,8.78,14.78,6.0
2001-07-03,7,May-Sep,8,12.4,12-<15,30.7,18.3,0.6214,1.7108,2,-1.2142,1.442,2,0.4168,0.452,3,1.9171,14.7769,14.7769,0.0
2001-07-04,7,May-Sep,8,13.2,12-<15,29.5,16.3,1.8865,3.195,2,1.4031,2.452,2,4.3263,4.3416,3,-0.4892,14.7739,14.7739,0.0
2001-07-05,7,May-Sep,8,13.1,12-<15,24.9,11.8,3.3798,6.6447,2,-0.3436,4.1057,2,9.1316,9.4834,3,-0.382,5.7711,14.7711,9.0
2001-07-06,7,May-Sep,7,11.9,10-<12,24.5,12.6,-0.728,1.2854,2,-1.009,1.2188,2,0.0429,0.3511,2,-1.9156,14.7683,14.7683,0.0
2001-07-07,7,May-Sep,8,13.6,12-<15,27.6,14.0,-1.1685,2.2453,2,-1.1374,1.1724,2,0.7562,0.7591,3,-2.9376,14.7656,14.7656,0.0
2001-07-08,7,May-Sep,8,12.0,12-<15,31.4,19.4,0.1283,0.7399,2,-0.5657,0.9022,2,1.0877,1.0877,3,0.0132,14.7631,14.7631,0.0
2001-07-09,7,May-Sep,8,12.3,12-<15,31.3,19.0,0.2548,0.893,2,-0.6991,0.82,2,1.1222,1.1459,3,0.299,14.7606,14.7606,0.0
2001-07-10,7,May-Sep,7,14.1,12-<15,34.1,20.0,0.6592,1.1011,1,0.2932,0.2932,2,0.8299,0.832,3,0.9075,14.7581,14.7581,0.0
2001-07-11,7,May-Sep,8,14.4,12-<15,34.6,20.2,-0.45,1.1205,2,-1.1489,1.416,2,0.9641,0.9898,3,-1.0069,14.7558,14.7558,0.0
2001-07-12,7,May-Sep,8,11.9,10-<12,34.7,22.8,1.9546,4.2565,2,-2.4228,2.4468,2,2.0913,2.3635,3,5.1224,14.7536,14.7536,0.0
2001-07-13,7,May-Sep,8,12.0,12-<15,30.3,18.3,2.9382,4.2171,2,2.0841,3.5469,2,5.9855,6.1968,3,0.5845,17.7517,14.7517,-3.0
2001-07-14,7,May-Sep,8,7.3,<8,25.2,17.9,0.4536,1.8746,2,1.4149,1.8673,2,0.6757,1.3063,3,-1.3408,17.7497,14.7497,-3.0
2001-07-15,7,May-Sep,8,8.9,8-<10,26.2,17.3,0.0672,1.0941,2,-0.2103,0.6824,2,0.4931,1.2965,3,-0.6226,17.7478,14.7478,-3.0
2001-07-16,7,May-Sep,8,11.8,10-<12,29.5,17.7,0.0901,1.4537,2,0.6127,1.4268,2,0.3931,0.6333,3,-1.2379,14.7464,14.7464,0.0
2001-07-17,7,May-Sep,8,12.9,12-<15,32.8,19.9,-0.1848,0.7876,2,-0.5632,1.0578,2,0.4854,0.5262,3,-0.5609,14.7447,14.7447,0.0
2001-07-18,7,May-Sep,8,11.1,10-<12,31.8,20.7,-0.4232,1.3129,2,-0.7719,1.053,2,1.177,1.2474,3,-1.4689,14.7433,14.7433,0.0
2001-07-19,7,May-Sep,8,11.8,10-<12,34.0,22.2,-0.231,0.8078,2,-0.4078,0.6031,2,0.6395,0.7817,3,-0.9053,14.7422,14.7422,0.0
2001-07-20,7,May-Sep,8,10.1,10-<12,34.3,24.2,0.1471,0.8073,2,-0.5315,0.6612,2,1.3262,1.3364,3,0.1148,11.7411,14.7411,3.0
2001-07-21,7,May-Sep,8,10.9,10-<12,32.3,21.4,3.4152,4.7074,2,0.657,1.919,2,7.0832,7.0839,3,1.773,14.7403,14.7403,0.0
2001-07-22,7,May-Sep,8,11.0,10-<12,29.9,18.9,1.9469,4.3398,2,-1.4906,1.5017,2,5.8265,7.0319,3,2.4671,11.7394,14.7394,3.0
2001-07-23,7,May-Sep,8,10.8,10-<12,27.7,16.9,0.0491,0.8932,2,0.134,0.5573,2,0.6852,0.7151,3,-0.7568,14.7389,14.7389,0.0
2001-07-24,7,May-Sep,8,12.3,12-<15,30.9,18.6,-0.3388,1.0124,2,-0.6568,0.6721,2,0.9548,0.9914,3,-1.0353,14.7383,14.7383,0.0
2001-07-25,7,May-Sep,8,9.3,8-<10,28.7,19.4,1.5528,2.6472,2,1.3556,2.129,2,2.9106,2.9162,3,-0.4147,14.7381,14.7381,0.0
2001-07-26,7,May-Sep,8,8.2,8-<10,29.0,20.8,0.9581,1.4312,2,-0.142,0.2304,2,1.417,1.6397,3,1.3413,14.7378,14.7378,0.0
2001-07-27,7,May-Sep,8,12.3,12-<15,32.7,20.4,-0.4032,0.9409,2,-0.591,0.5952,2,0.398,0.408,3,-1.0398,14.7381,14.7381,0.0
2001-07-28,7,May-Sep,8,9.7,8-<10,31.5,21.8,-0.039,1.3094,2,-1.5107,1.6841,2,1.7839,1.8297,3,-0.4059,11.7381,14.7381,3.0
2001-07-29,7,May-Sep,8,11.6,10-<12,29.3,17.7,4.7714,6.1741,2,2.1801,3.4503,2,8.6302,8.6482,3,2.9598,2.7386,14.7386,-12.0
2001-07-30,7,May-Sep,8,6.2,<8,20.0,13.8,2.4555,3.264,2,0.9565,1.741,2,4.9673,4.978,3,1.108,2.7392,14.7392,-12.0
2001-07-31,7,May-Sep,8,1.7,<8,14.6,12.9,-0.1479,0.7551,2,-0.6381,0.993,2,0.5084,0.5162,3,-0.5228,2.7397,14.7397,-12.0
2001-08-01,8,May-Sep,8,9.5,8-<10,22.1,12.6,-0.447,1.2536,2,-1.4554,1.4559,2,0.9856,1.0318,3,-0.9685,14.7406,14.7406,0.0
2001-08-02,8,May-Sep,8,11.4,10-<12,25.5,14.1,-0.7859,1.4596,2,-2.1048,2.2973,2,0.7797,0.7874,3,-1.0712,14.7417,14.7417,0.0
2001-08-03,8,May-Sep,8,12.2,12-<15,28.6,16.4,-0.4344,1.1187,2,-0.8211,0.8895,2,0.2828,0.7599,3,-1.1495,17.7431,14.7431,-3.0
2001-08-04,8,May-Sep,8,12.5,12-<15,31.0,18.5,0.2753,0.9386,2,-0.7583,0.7805,2,1.3129,1.4139,3,0.1985,14.7444,14.7444,0.0
2001-08-05,8,May-Sep,8,11.2,10-<12,31.1,19.9,-0.0759,1.0479,2,-1.2778,1.5103,2,0.881,0.9334,3,-0.3679,14.7461,14.7461,0.0
2001-08-06,8,May-Sep,8,12.3,12-<15,33.3,21.0,-0.2987,0.8144,2,-1.3246,1.4379,2,0.4664,0.5668,3,-0.0963,14.7478,14.7478,0.0
2001-08-07,8,May-Sep,8,11.5,10-<12,32.0,20.5,1.8414,2.5631,2,0.6264,1.1713,2,3.8072,3.8867,3,0.7107,17.7497,14.7497,-3.0
2001-08-08,8,May-Sep,8,13.7,12-<15,33.1,19.4,-0.5392,1.1753,2,-0.4123,0.5481,2,0.1797,0.5385,3,-1.4785,14.7519,14.7519,0.0
2001-08-09,8,May-Sep,8,11.3,10-<12,32.2,20.9,2.6147,4.0647,3,1.3955,2.0734,1,6.6319,6.6319,3,0.7492,17.7542,17.7542,0.0
2001-08-10,8,May-Sep,8,9.1,8-<10,30.8,21.7,0.0907,0.5651,2,-0.7134,0.7568,2,0.382,0.4358,3,0.2671,14.7567,14.7567,0.0
2001-08-11,8,May-Sep,5,12.6,12-<15,33.6,21.0,-0.6167,1.0063,2,-1.1016,1.4615,0,,,2,-0.1092,11.7592,11.7592,0.0
2001-08-12,8,May-Sep,7,15.3,15-<18,36.3,21.0,-0.7079,2.9082,2,-0.0817,0.0914,2,0.5677,0.6837,2,-3.9188,14.7619,14.7619,0.0
2001-08-13,8,May-Sep,8,11.0,10-<12,33.8,22.8,1.7594,2.4515,2,0.7569,1.6776,2,3.7114,3.7122,3,0.6538,14.765,14.765,0.0
2001-08-14,8,May-Sep,7,9.8,8-<10,29.1,19.3,2.235,2.731,2,0.9203,1.989,2,3.7771,3.7967,2,1.4449,14.7681,14.7681,0.0
2001-08-15,8,May-Sep,7,10.5,10-<12,28.2,17.7,-0.2208,0.7076,2,-0.8759,1.0853,2,0.5818,0.6184,2,-0.2512,14.7714,14.7714,0.0
2001-08-16,8,May-Sep,8,10.0,10-<12,28.5,18.5,0.0547,1.1096,2,-0.9993,1.148,2,1.657,1.6652,3,-0.399,14.7747,14.7747,0.0
2001-08-17,8,May-Sep,7,10.5,10-<12,27.9,17.4,0.0474,1.9132,1,3.5418,3.5418,2,0.4227,0.7915,3,-1.6304,17.7783,14.7783,-3.0
2001-08-18,8,May-Sep,8,12.5,12-<15,32.0,19.5,-0.103,0.6264,2,-0.0941,0.1271,2,0.5975,0.5975,3,-0.4812,14.7822,14.7822,0.0
2001-08-19,8,May-Sep,8,10.2,10-<12,32.1,21.9,0.2903,0.9428,2,-0.8779,0.9893,2,1.4812,1.4932,3,0.1138,14.7861,14.7861,0.0
2001-08-20,8,May-Sep,8,14.4,12-<15,29.4,15.0,4.4219,6.6358,2,1.2668,3.77,2,8.9196,8.9619,3,1.2346,14.7903,14.7903,0.0
2001-08-21,8,May-Sep,8,10.8,10-<12,26.0,15.2,-0.5076,1.1141,2,-1.4087,1.9167,2,0.2344,0.3488,3,-0.6606,14.7944,14.7944,0.0
2001-08-22,8,May-Sep,8,11.8,10-<12,28.5,16.7,-0.2017,0.6843,2,-0.9925,1.2124,2,0.3669,0.3877,3,-0.2222,14.7986,14.7986,0.0
2001-08-23,8,May-Sep,8,12.1,12-<15,29.7,17.6,-0.1332,1.2978,2,-1.3349,1.6361,2,1.6421,1.661,3,-0.4101,11.8031,14.8031,3.0
2001-08-24,8,May-Sep,8,9.5,8-<10,29.8,20.3,0.754,0.9376,2,-0.0761,0.1013,2,1.1499,1.2036,3,0.8395,14.8078,14.8078,0.0
2001-08-25,8,May-Sep,8,10.9,10-<12,31.4,20.5,0.1078,0.9423,2,-0.3721,0.4135,2,0.9555,1.0218,3,0.3534,11.8125,14.8125,3.0
2001-08-26,8,May-Sep,8,8.2,8-<10,30.6,22.4,0.1609,0.4166,2,-0.3304,0.3307,2,0.423,0.4418,3,0.311,14.8175,14.8175,0.0
2001-08-27,8,May-Sep,8,11.3,10-<12,29.1,17.8,2.77,3.8477,2,1.1482,1.911,2,5.7674,5.7914,3,0.8226,14.8225,14.8225,0.0
2001-08-28,8,May-Sep,8,10.2,10-<12,26.6,16.4,0.4438,1.7235,2,-0.0037,1.1837,2,0.8328,1.2725,3,-0.6146,17.8275,14.8275,-3.0
2001-08-29,8,May-Sep,8,8.6,8-<10,27.1,18.5,0.9337,1.295,2,0.0367,0.6397,2,1.2825,1.3815,3,1.4124,14.8328,14.8328,0.0
2001-08-30,8,May-Sep,8,9.3,8-<10,25.3,16.0,3.1629,4.2655,2,1.5823,2.5289,2,6.3307,6.6907,3,1.1672,17.8381,14.8381,-3.0
2001-08-31,8,May-Sep,8,11.5,10-<12,25.7,14.2,-0.2174,1.4135,2,0.0531,0.0547,2,0.5771,1.0844,3,-1.5368,17.8433,14.8433,-3.0
2001-09-01,9,May-Sep,8,11.6,10-<12,26.1,14.5,-0.2742,0.9394,2,-0.8351,1.0771,2,0.7631,0.7977,3,-0.9132,14.8489,14.8489,0.0
2001-09-02,9,May-Sep,8,12.5,12-<15,27.8,15.3,-0.9242,1.6057,2,-1.2008,1.4782,2,0.4441,0.4692,3,-1.9723,14.8544,14.8544,0.0
2001-09-03,9,May-Sep,8,11.4,10-<12,28.8,17.4,-0.3476,1.0445,2,-1.2481,1.731,2,0.762,0.7627,3,-0.3078,14.8603,14.8603,0.0
2001-09-04,9,May-Sep,8,10.4,10-<12,28.3,17.9,0.4291,1.5536,2,-1.3725,1.7066,2,0.6742,0.6972,3,1.5513,14.8658,14.8658,0.0
2001-09-05,9,May-Sep,8,10.2,10-<12,26.0,15.8,2.1002,2.7407,2,1.4756,2.276,2,2.6313,2.6365,3,0.9607,14.8717,14.8717,0.0
2001-09-06,9,May-Sep,8,13.4,12-<15,28.1,14.7,-0.3846,1.0095,2,-0.2535,0.2926,2,0.4465,0.471,3,-1.2772,14.8778,14.8778,0.0
2001-09-07,9,May-Sep,8,13.3,12-<15,29.8,16.5,-0.216,1.1069,2,-0.8868,1.1192,2,1.0944,1.357,3,-0.7413,14.8836,14.8836,0.0
2001-09-08,9,May-Sep,8,11.9,10-<12,30.3,18.4,-0.4716,1.1325,2,-1.2436,1.3708,2,0.4865,0.4989,3,-0.7561,14.8897,14.8897,0.0
2001-09-09,9,May-Sep,8,8.3,8-<10,28.7,20.4,1.6106,4.4193,2,-2.8095,4.5367,2,4.6918,4.7083,3,1.8371,5.8956,14.8956,9.0
2001-09-10,9,May-Sep,8,8.1,8-<10,22.5,14.4,1.3832,2.822,2,0.2911,0.8165,2,2.7005,2.817,3,-0.419,14.9017,14.9017,0.0
2001-09-11,9,May-Sep,8,9.9,8-<10,20.5,10.6,-0.4303,0.7249,2,-0.7923,0.83,2,0.06,0.0713,3,-0.6037,14.9078,14.9078,0.0
2001-09-12,9,May-Sep,8,14.0,12-<15,25.2,11.2,-0.3245,1.066,2,-0.8529,1.0939,2,0.6927,0.6992,3,-0.8379,14.9142,14.9142,0.0
2001-09-13,9,May-Sep,8,13.4,12-<15,22.2,8.8,5.2379,7.1262,2,0.0102,2.7833,2,10.3778,10.415,3,4.2975,14.9203,14.9203,0.0
2001-09-14,9,May-Sep,8,7.2,<8,12.8,5.6,-0.6729,1.122,2,-0.6739,0.6815,2,0.2453,0.2495,3,-1.5021,14.9264,14.9264,0.0
2001-09-15,9,May-Sep,8,6.9,<8,14.3,7.4,-0.1603,0.6428,2,-0.492,0.4995,2,0.263,0.427,3,-0.6175,14.9325,14.9325,0.0
2001-09-16,9,May-Sep,8,12.5,12-<15,20.1,7.6,-0.3594,0.9943,2,-0.4613,0.4694,2,0.117,0.3996,3,-1.1198,14.9389,14.9389,0.0
2001-09-17,9,May-Sep,8,10.7,10-<12,19.9,9.2,-0.7765,1.1536,2,-1.2874,1.6206,2,0.15,0.2117,3,-1.2375,14.945,14.945,0.0
2001-09-18,9,May-Sep,8,9.8,8-<10,20.5,10.7,-0.7184,1.101,2,-0.9291,1.1131,2,0.1636,0.1675,3,-1.1136,14.9511,14.9511,0.0
2001-09-19,9,May-Sep,8,8.3,8-<10,19.5,11.2,-0.1619,0.8065,2,-0.4891,0.5484,2,0.5771,0.6038,3,-0.683,14.9572,14.9572,0.0
2001-09-20,9,May-Sep,8,9.7,8-<10,17.5,7.8,1.4843,3.8972,2,-2.0689,2.3632,2,6.3055,6.4603,3,0.989,11.9633,14.9633,3.0
2001-09-21,9,May-Sep,8,4.2,<8,10.7,6.5,-0.0242,0.54,2,-0.0182,0.1992,2,0.4024,0.5004,3,-0.5798,14.9694,14.9694,0.0
2001-09-22,9,May-Sep,8,11.1,10-<12,16.6,5.5,-0.4283,1.1511,2,-1.463,1.949,2,0.32,0.3298,3,-0.6416,14.9756,14.9756,0.0
2001-09-23,9,May-Sep,8,10.5,10-<12,17.9,7.4,-0.2005,0.9737,2,-1.0922,1.4207,2,0.5032,0.5403,3,-0.3701,14.9817,14.9817,0.0
2001-09-24,9,May-Sep,8,9.1,8-<10,17.5,8.4,-0.2059,0.8338,2,-1.3264,1.3905,2,0.6085,0.6182,3,-0.2777,14.9875,14.9875,0.0
2001-09-25,9,May-Sep,8,12.8,12-<15,20.5,7.7,-0.3893,0.7281,2,-0.8692,0.9753,2,0.3169,0.366,3,-0.7281,14.9933,14.9933,0.0
2001-09-26,9,May-Sep,7,8.9,8-<10,18.2,9.3,-0.3619,1.2852,2,-1.7848,2.3173,2,0.5985,0.6315,2,-0.0046,14.9992,14.9992,0.0
2001-09-27,9,May-Sep,8,7.5,<8,18.9,11.4,0.359,0.8085,2,0.1371,1.0802,2,0.3633,0.3688,3,0.2272,15.005,15.005,0.0
2001-09-28,9,May-Sep,8,13.4,12-<15,22.6,9.2,-0.1568,0.6934,2,-0.4476,0.708,2,-0.0965,0.7032,3,-0.1392,15.0106,15.0106,0.0
2001-09-29,9,May-Sep,8,9.0,8-<10,23.1,14.1,-0.3753,3.0656,2,-4.7959,4.8218,2,2.2999,2.5078,3,0.0905,15.0161,15.0161,0.0
2001-09-30,9,May-Sep,8,6.8,<8,18.1,11.3,1.1966,3.004,2,-0.2703,1.4965,2,3.548,3.5512,3,-0.4946,3.0217,15.0217,-12.0
2001-10-01,10,Other,8,10.7,10-<12,20.0,9.3,0.0686,1.2545,2,-1.4988,2.0179,2,0.359,0.3927,3,0.9397,15.0272,15.0272,0.0
2001-10-02,10,Other,8,11.7,10-<12,22.0,10.3,-1.0026,2.1214,2,-3.3758,3.4389,2,0.6459,0.6912,3,-0.4959,15.0325,15.0325,0.0
2001-10-03,10,Other,8,9.6,8-<10,19.0,9.4,-0.4803,2.7414,2,-2.0277,2.2031,2,2.4903,2.4927,3,-1.787,0.0375,15.0375,-9.0
2001-10-04,10,Other,8,9.4,8-<10,14.6,5.2,-0.5318,1.3249,2,-1.7762,2.0426,2,0.8481,1.0116,3,-0.974,15.0425,15.0425,0.0
2001-10-05,10,Other,8,9.3,8-<10,16.4,7.1,0.1892,1.0418,2,-1.0561,1.3808,2,1.2963,1.3299,3,0.099,15.0475,15.0475,0.0
2001-10-06,10,Other,8,6.7,<8,12.8,6.1,0.1073,1.6869,2,-0.2881,1.8635,2,0.9046,1.0361,3,-0.2572,15.0522,15.0522,0.0
2001-10-07,10,Other,8,9.5,8-<10,14.8,5.3,0.245,0.6399,2,-0.4438,0.4826,2,0.8024,1.0038,3,0.4514,15.0569,15.0569,0.0
2001-10-08,10,Other,8,10.5,10-<12,14.9,4.4,-0.8919,3.3423,2,-0.128,0.8066,2,1.685,1.685,3,-3.6838,3.0614,15.0614,-12.0
2001-10-09,10,Other,8,14.9,12-<15,22.4,7.5,1.1648,2.1265,2,-1.1131,1.3766,2,3.2004,3.4173,3,1.5489,12.0658,15.0658,3.0
2001-10-10,10,Other,8,10.6,10-<12,17.5,6.9,1.9652,5.0541,2,-2.4383,2.7994,2,8.1,8.1,3,0.1094,12.07,15.07,3.0
2001-10-11,10,Other,8,4.9,<8,7.2,2.3,0.5418,2.8816,2,-1.096,1.8333,2,3.863,3.8875,3,-1.2013,0.0742,15.0742,-9.0
2001-10-12,10,Other,8,2.3,<8,2.9,0.6,-0.1708,0.6222,3,-0.0953,0.3848,2,0.4955,0.7069,3,-0.6903,21.0781,15.0781,-6.0
2001-10-13,10,Other,8,6.8,<8,8.9,2.1,0.2211,0.8637,2,-0.3839,1.3788,2,0.8403,0.8521,3,0.2362,15.0817,15.0817,0.0
2001-10-14,10,Other,8,9.6,8-<10,12.1,2.5,0.0077,1.1021,2,-1.2174,1.6355,2,0.7676,0.7682,3,0.679,12.0853,15.0853,3.0
2001-10-15,10,Other,7,12.0,12-<15,16.0,4.0,0.1129,0.9857,2,-0.7768,1.0624,2,0.3352,0.4259,2,1.251,15.0886,15.0886,0.0
2001-10-16,10,Other,8,8.4,8-<10,15.4,7.0,-0.9125,2.2372,2,-1.8461,2.6443,2,1.3865,1.47,3,-1.7713,12.0917,15.0917,3.0
2001-10-17,10,Other,8,12.1,12-<15,18.5,6.4,-0.7778,2.36,2,-1.7458,2.2418,2,1.0008,1.0457,3,-1.3219,15.0947,15.0947,0.0
2001-10-18,10,Other,8,13.6,12-<15,14.4,0.8,1.7834,7.631,2,-4.218,5.0469,2,10.515,10.7191,3,-2.6891,0.0975,15.0975,-9.0
2001-10-19,10,Other,8,7.5,<8,9.6,2.1,0.0795,1.088,2,-1.2305,1.4463,2,1.2692,1.2712,3,0.4255,12.1003,15.1003,3.0
2001-10-20,10,Other,8,7.1,<8,8.2,1.1,-1.1227,1.5921,2,-1.6067,1.6624,2,0.6102,0.6748,3,-2.0132,12.1025,15.1025,3.0
2001-10-21,10,Other,8,12.0,12-<15,14.6,2.6,0.2561,1.6524,2,-1.4866,1.488,2,2.6208,2.6548,3,0.424,12.1047,15.1047,3.0
2001-10-22,10,Other,8,8.3,8-<10,14.3,6.0,0.2202,0.7108,2,-0.5399,0.6744,2,0.8548,0.9211,3,0.5748,12.1067,15.1067,3.0
2001-10-23,10,Other,8,13.3,12-<15,19.3,6.0,1.5752,5.0415,2,-4.1221,5.1884,2,8.295,8.3552,3,1.6403,12.1086,15.1086,3.0
2001-10-24,10,Other,9,4.9,<8,10.1,5.2,0.9496,2.38,2,-0.8925,1.2342,3,3.2886,3.8299,3,-0.2282,9.1103,15.1103,6.0
2001-10-25,10,Other,8,5.7,<8,9.0,3.3,-0.0753,0.7155,2,-0.9783,1.243,2,0.4537,0.4762,3,0.1193,15.1117,15.1117,0.0
2001-10-26,10,Other,8,6.8,<8,9.4,2.6,-0.2131,0.6468,2,-0.6216,0.6393,2,0.7147,0.8274,3,-0.5862,15.1128,15.1128,0.0
2001-10-27,10,Other,7,13.3,12-<15,17.3,4.0,2.1836,3.9994,2,-2.4115,2.4554,2,6.0575,6.0835,2,3.3573,12.1136,15.1136,3.0
2001-10-28,10,Other,8,5.1,<8,7.5,2.4,0.9147,3.1692,2,-2.4463,2.4475,2,4.1669,4.1892,3,0.0959,9.1144,15.1144,6.0
2001-10-29,10,Other,8,3.2,<8,2.7,-0.5,1.1331,1.5451,2,0.1674,0.486,2,2.4008,2.4192,3,0.589,3.115,15.115,-12.0
2001-10-30,10,Other,8,6.2,<8,4.3,-1.9,0.1962,1.0961,2,-0.8056,0.9608,2,1.7731,1.88,3,-0.0073,12.115,15.115,3.0
2001-10-31,10,Other,8,4.8,<8,3.4,-1.4,-0.1065,0.4638,2,-0.4161,0.4561,2,0.3957,0.4422,3,-0.2475,15.1153,15.1153,0.0
2001-11-01,11,Other,8,4.4,<8,2.3,-2.1,-0.4786,0.8302,2,-0.431,0.4402,2,-0.2062,0.4543,3,-0.8202,15.115,15.115,0.0
2001-11-02,11,Other,8,5.6,<8,5.1,-0.5,-0.0877,0.7206,2,-0.2724,0.2735,2,0.8392,0.948,3,-0.6636,15.1147,15.1147,0.0
2001-11-03,11,Other,8,5.5,<8,4.9,-0.6,-0.149,0.5882,2,-0.7466,0.8242,2,0.5993,0.6074,3,-0.0554,12.1139,15.1139,3.0
2001-11-04,11,Other,8,10.4,10-<12,10.6,0.2,0.6239,1.2546,2,-0.8448,0.949,2,1.8203,1.8204,3,1.0309,15.1131,15.1131,0.0
2001-11-05,11,Other,8,7.6,<8,7.5,-0.1,-0.2335,1.2242,2,-0.3875,0.5383,2,1.3249,1.3922,3,-0.92,12.1119,15.1119,3.0
2001-11-06,11,Other,8,8.0,8-<10,7.7,-0.3,0.2044,0.9746,2,-0.3992,0.4483,2,1.5703,1.6715,3,0.1568,12.1108,15.1108,3.0
2001-11-07,11,Other,8,9.7,8-<10,10.2,0.5,0.6142,1.4351,2,-0.2945,0.4715,2,2.3479,2.3613,3,0.785,12.1092,15.1092,3.0
2001-11-08,11,Other,7,6.4,<8,6.9,0.5,0.2092,0.9478,2,-0.9339,1.101,2,1.0215,1.1479,3,0.4296,15.1075,15.1075,0.0
2001-11-09,11,Other,8,8.1,8-<10,9.4,1.3,0.2717,2.0285,2,-2.5328,2.7424,2,2.7988,2.8149,3,0.5918,12.1056,15.1056,3.0
2001-11-10,11,Other,8,7.0,<8,8.5,1.5,-0.1762,1.2977,2,-1.5346,1.7857,2,1.4393,1.6191,3,-0.2368,15.1033,15.1033,0.0
2001-11-11,11,Other,8,6.4,<8,9.9,3.5,0.401,1.0556,2,-0.6213,0.7276,2,1.4656,1.4716,3,0.603,12.1008,15.1008,3.0
2001-11-12,11,Other,8,7.6,<8,8.6,1.0,0.0832,1.1443,2,-0.9904,1.0345,2,1.5572,1.5786,3,0.198,12.0981,15.0981,3.0
2001-11-13,11,Other,8,6.5,<8,7.4,0.9,0.1253,0.7737,2,-0.4348,0.5291,2,1.0993,1.3601,3,0.0682,15.0953,15.0953,0.0
2001-11-14,11,Other,8,10.0,10-<12,10.9,0.9,0.2684,2.0514,2,-1.4425,1.8492,2,3.2891,3.2891,3,0.1908,12.0922,15.0922,3.0
2001-11-15,11,Other,8,8.5,8-<10,10.3,1.8,0.6449,2.2676,2,-1.3331,1.7213,2,3.3841,3.4741,3,0.8855,12.0889,15.0889,3.0
2001-11-16,11,Other,8,6.2,<8,7.6,1.4,0.4052,1.9246,2,-1.9071,2.4074,2,2.785,2.7932,3,0.7605,12.0853,15.0853,3.0
2001-11-17,11,Other,8,8.4,8-<10,10.9,2.5,0.3403,1.8881,2,-0.5779,0.6244,2,2.1444,2.7654,3,0.1315,15.0817,15.0817,0.0
2001-11-18,11,Other,8,11.3,10-<12,12.8,1.5,1.5332,2.8065,2,-1.782,1.8334,2,4.2613,4.2746,3,2.0962,12.0778,15.0778,3.0
2001-11-19,11,Other,8,9.0,8-<10,9.9,0.9,-0.2789,2.3672,2,-2.9978,3.1569,2,2.6133,2.6461,3,-0.4303,12.0736,15.0736,3.0
2001-11-20,11,Other,8,8.1,8-<10,9.2,1.1,0.4556,1.7166,2,-1.259,1.7493,2,2.1313,2.3263,3,1.0594,12.0694,15.0694,3.0
2001-11-21,11,Other,8,4.9,<8,5.9,1.0,0.1632,1.2592,2,-1.6511,1.7811,2,1.4032,1.4169,3,0.7154,12.0647,15.0647,3.0
2001-11-22,11,Other,8,3.6,<8,3.7,0.1,0.5497,1.3494,2,-0.9906,1.0511,2,1.9746,1.9786,3,0.8258,12.06,15.06,3.0
2001-11-23,11,Other,8,4.6,<8,3.5,-1.1,-0.1744,0.9433,2,-1.0497,1.2384,2,0.9425,0.9555,3,-0.1632,12.0553,15.0553,3.0
2001-11-24,11,Other,8,5.8,<8,2.2,-3.6,-0.1367,0.8612,2,-0.5937,0.5964,2,0.984,1.0564,3,-0.7293,15.05,15.05,0.0
2001-11-25,11,Other,9,5.2,<8,0.3,-4.9,0.1953,1.4775,2,-0.9613,1.0834,3,1.837,2.1489,3,-0.4929,15.0447,15.0447,0.0
2001-11-26,11,Other,8,4.1,<8,-1.1,-5.2,-0.2387,0.6056,2,-0.5225,0.6086,2,0.4587,0.4605,3,-0.5291,15.0394,15.0394,0.0
2001-11-27,11,Other,8,6.2,<8,2.9,-3.3,0.6418,1.7415,2,-1.141,1.1877,2,3.1317,3.1533,3,0.2896,12.0339,15.0339,3.0
2001-11-28,11,Other,9,5.5,<8,-1.1,-6.6,0.4356,3.2001,2,-2.7146,2.7282,2,4.2745,4.2956,3,-0.9691,3.0281,15.0281,-12.0
2001-11-29,11,Other,8,5.9,<8,-6.3,-12.2,0.6294,2.4836,2,-2.1902,2.1914,2,3.9222,3.9285,3,0.3783,12.0222,15.0222,3.0
2001-11-30,11,Other,8,4.7,<8,-9.6,-14.3,0.3025,1.361,2,-1.1026,1.136,2,2.181,2.2042,3,-0.0875,12.0161,15.0161,3.0
2001-12-01,12,Other,8,3.9,<8,-11.5,-15.4,0.0137,1.2129,2,-0.9774,0.9912,2,1.5868,1.7712,3,-0.1424,12.0097,15.0097,3.0
2001-12-02,12,Other,9,2.2,<8,-14.4,-16.6,-0.2734,0.5564,2,-0.522,0.5494,2,0.2109,0.2111,4,-0.3702,12.0033,15.0033,3.0
2001-12-03,12,Other,8,4.5,<8,-12.3,-16.8,0.1215,1.0738,2,-0.8938,1.1433,2,1.7092,1.7338,3,-0.0699,11.9969,14.9969,3.0
2001-12-04,12,Other,7,4.6,<8,-11.9,-16.5,0.5045,1.3577,2,-0.6938,0.7278,2,2.1469,2.2155,2,0.6044,11.9903,14.9903,3.0
2001-12-05,12,Other,8,3.2,<8,-15.6,-18.8,0.3778,1.1357,2,-0.4577,0.556,2,1.431,1.437,3,0.3014,11.9836,14.9836,3.0
2001-12-06,12,Other,8,7.4,<8,-12.6,-20.0,0.2869,1.9717,2,-1.1019,1.6071,2,3.2828,3.2878,3,-0.4453,11.9767,14.9767,3.0
2001-12-07,12,Other,8,4.7,<8,-13.6,-18.3,-0.2494,0.9271,2,-0.8596,0.8813,2,1.1867,1.2013,3,-0.7716,11.9697,14.9697,3.0
2001-12-08,12,Other,8,3.5,<8,-15.0,-18.5,0.3664,1.0043,2,-0.052,0.2767,2,1.7442,1.7779,3,0.0242,11.9625,14.9625,3.0
2001-12-09,12,Other,8,7.1,<8,-11.1,-18.2,-0.8389,2.4155,2,-3.1579,3.9169,2,1.677,2.0754,3,-1.42,8.9556,14.9556,6.0
2001-12-10,12,Other,8,8.9,8-<10,-13.3,-22.2,1.4497,4.9429,2,-4.2967,4.3456,2,6.6456,6.7002,3,0.928,2.9481,14.9481,-12.0
2001-12-11,12,Other,8,8.0,8-<10,-17.6,-25.6,0.6703,3.1551,2,-3.1692,3.3478,2,3.8645,4.2912,3,1.5094,11.9408,14.9408,3.0
2001-12-12,12,Other,8,4.1,<8,-22.6,-26.7,0.2583,1.7918,2,-1.7338,1.8174,2,2.3705,2.3767,3,0.435,11.9333,14.9333,3.0
2001-12-13,12,Other,8,4.4,<8,-22.5,-26.9,-0.126,1.1916,2,-0.7203,0.7999,2,1.3332,1.3744,3,-0.6108,11.9258,14.9258,3.0
2001-12-14,12,Other,9,10.5,10-<12,-15.2,-25.7,-4.6727,6.3291,2,-5.1961,5.1964,3,-1.428,3.3999,3,-8.2315,20.9183,14.9183,-6.0
2001-12-15,12,Other,8,10.3,10-<12,-9.4,-19.7,1.465,3.1513,2,-0.3216,0.5611,2,5.2801,5.3287,3,1.0827,11.9106,14.9106,3.0
2001-12-16,12,Other,8,10.1,10-<12,-11.0,-21.1,-1.0111,3.6412,2,-6.7457,6.7514,2,2.5092,2.561,3,-0.1368,14.9031,14.9031,0.0
2001-12-17,12,Other,8,3.6,<8,-15.9,-19.5,0.3502,0.8588,2,0.0112,0.0793,2,1.4913,1.6047,3,-0.0326,11.8953,14.8953,3.0
2001-12-18,12,Other,8,3.2,<8,-17.0,-20.2,-0.3601,0.8593,2,-1.1658,1.1892,2,0.8435,0.9535,3,-0.5794,11.8875,14.8875,3.0
2001-12-19,12,Other,8,4.4,<8,-15.5,-19.9,0.8806,1.4304,2,-0.3511,0.3695,2,1.9928,1.995,3,1.3678,11.8797,14.8797,3.0
2001-12-20,12,Other,8,9.5,8-<10,-11.6,-21.1,0.3359,2.5375,2,-2.1218,3.3007,2,3.8007,3.8212,3,-0.0919,11.8719,14.8719,3.0
2001-12-21,12,Other,8,6.4,<8,-11.8,-18.2,-0.0483,0.8252,2,-1.2002,1.2086,2,0.6948,0.9852,3,0.3497,14.8639,14.8639,0.0
2001-12-22,12,Other,8,10.8,10-<12,-7.0,-17.8,-1.4326,4.4698,2,-2.8186,2.8187,2,5.246,5.248,3,-4.6074,23.8483,14.8561,-8.9922
2001-12-23,12,Other,8,11.2,10-<12,-3.6,-14.8,-3.7491,5.482,2,-8.0558,8.1015,2,1.9507,2.0535,3,-4.9869,11.8483,14.8483,3.0
2001-12-24,12,Other,8,3.3,<8,-6.7,-10.0,0.218,1.8572,2,-2.0773,2.0823,2,2.4892,2.5224,3,0.2246,5.8406,14.8406,9.0
2001-12-25,12,Other,8,8.5,8-<10,-2.2,-10.7,1.6147,2.8768,2,-1.1606,1.1608,2,4.7958,4.8462,3,1.6708,11.8328,14.8328,3.0
2001-12-26,12,Other,8,5.5,<8,-8.0,-13.5,0.0756,1.1828,2,-0.8689,1.1592,2,1.5205,1.754,3,-0.499,17.825,14.825,-3.0
2001-12-27,12,Other,8,3.2,<8,-9.9,-13.1,0.4624,1.1496,2,-0.988,0.99,2,1.8062,1.8085,3,0.3661,11.8172,14.8172,3.0
2001-12-28,12,Other,8,4.0,<8,-10.6,-14.6,0.3312,1.0588,2,-1.0494,1.1351,2,1.4098,1.4099,3,0.6342,11.8094,14.8094,3.0
2001-12-29,12,Other,8,8.6,8-<10,-6.5,-15.1,-2.1041,4.032,2,-3.1719,3.5266,2,2.2504,2.3192,3,-5.0533,20.8019,14.8019,-6.0
2001-12-30,12,Other,7,15.0,15-<18,-3.2,-18.2,-2.412,5.0134,1,-1.1797,1.1797,2,3.1272,4.5854,3,-6.0105,11.7942,14.7942,3.0
2001-12-31,12,Other,7,9.1,8-<10,-3.5,-12.6,1.004,4.5614,2,-2.5021,3.6808,2,6.399,6.4194,2,-0.0859,11.7867,14.7867,3.0
2002-01-01,1,Other,7,11.1,10-<12,-1.6,-12.7,-1.6505,3.0149,2,-1.9056,1.9737,1,3.7837,3.7837,3,-3.1438,11.7792,14.7792,3.0
2002-01-02,1,Other,8,6.4,<8,-0.8,-7.2,0.0034,2.2875,2,-2.4867,2.4869,2,2.9825,2.9839,3,0.213,11.7719,14.7719,3.0
2002-01-03,1,Other,7,5.1,<8,-4.7,-9.8,0.3104,1.0895,2,-1.1505,1.151,2,1.4413,1.51,2,0.4557,14.7644,14.7644,0.0
2002-01-04,1,Other,8,8.9,8-<10,-3.2,-12.1,0.0197,1.7997,2,-1.9144,2.434,2,0.6927,1.3783,3,0.8199,17.7572,14.7572,-3.0
2002-01-05,1,Other,8,17.3,15-<18,4.2,-13.1,0.303,6.5377,2,-7.7515,8.0862,2,8.7049,8.844,3,1.6315,11.75,14.75,3.0
2002-01-06,1,Other,8,13.3,12-<15,1.4,-11.9,-2.6044,3.8486,2,-4.7953,5.8633,2,0.4854,0.9259,3,-3.9432,14.7431,14.7431,0.0
2002-01-07,1,Other,8,13.0,12-<15,1.8,-11.2,-2.7677,4.2186,2,-4.2069,4.4734,2,0.9284,0.9412,3,-4.6277,20.7361,14.7361,-6.0
2002-01-08,1,Other,7,16.4,15-<18,9.9,-6.5,-0.6125,4.8321,2,-5.8339,6.0585,1,3.0644,3.0644,3,2.1478,11.7292,14.7292,3.0
2002-01-09,1,Other,8,15.6,15-<18,5.3,-10.3,-1.0868,4.7426,2,-6.8678,6.9759,2,5.3428,5.6448,3,-2.0512,11.7225,14.7225,3.0
2002-01-10,1,Other,8,10.7,10-<12,2.1,-8.6,-2.4371,3.8635,2,-5.9085,6.6242,2,1.1669,1.2726,3,-2.5981,11.7161,14.7161,3.0
2002-01-11,1,Other,8,2.1,<8,-0.4,-2.5,-0.4165,1.2248,2,-1.2927,1.3069,2,0.8593,1.0688,3,-0.8442,20.7094,14.7094,-6.0
2002-01-12,1,Other,8,5.9,<8,1.4,-4.5,0.8674,1.834,2,-0.195,0.3727,2,2.9774,2.9846,3,-0.4165,14.7033,14.7033,0.0
2002-01-13,1,Other,8,5.6,<8,-1.8,-7.4,1.0522,3.2137,2,-2.4571,2.4957,2,4.1652,4.1652,3,1.1958,2.6969,14.6969,-12.0
2002-01-14,1,Other,8,5.6,<8,-6.1,-11.7,0.4421,1.63,2,-0.8531,0.855,2,2.3188,2.3795,3,0.6303,11.6911,14.6911,3.0
2002-01-15,1,Other,8,10.6,10-<12,-3.6,-14.2,0.8161,2.6037,2,-1.2298,1.2951,2,4.9619,4.9715,3,-0.0487,11.6853,14.6853,3.0
2002-01-16,1,Other,8,6.8,<8,-8.8,-15.6,0.1189,2.4546,2,-3.0786,3.3607,2,3.4423,3.4429,3,0.0229,8.6794,14.6794,6.0
2002-01-17,1,Other,8,8.8,8-<10,-7.8,-16.6,-0.7823,2.4381,2,-3.6117,3.6351,2,1.0252,2.7465,3,-0.1805,17.6739,14.6739,-3.0
2002-01-18,1,Other,8,11.4,10-<12,-3.1,-14.5,-1.3448,3.933,2,-5.8566,5.8683,2,4.0947,4.1861,3,-1.5381,11.6686,14.6686,3.0
2002-01-19,1,Other,8,10.8,10-<12,-3.5,-14.3,1.2494,2.6821,2,-0.7297,1.0906,2,3.4181,3.4798,3,2.2849,11.6633,14.6633,3.0
2002-01-20,1,Other,8,9.0,8-<10,-9.3,-18.3,1.0315,1.8604,2,-0.4234,0.8232,2,3.321,3.3515,3,0.6165,14.6583,14.6583,0.0
2002-01-21,1,Other,8,4.9,<8,-11.1,-16.0,-0.1443,1.2897,2,-1.8079,1.9895,2,1.2204,1.2962,3,0.3615,11.6533,14.6533,3.0
2002-01-22,1,Other,8,6.3,<8,-9.8,-16.1,-0.2283,1.545,2,-1.4171,1.8266,2,0.5734,0.5829,3,0.4131,11.6486,14.6486,3.0
2002-01-23,1,Other,8,7.1,<8,-10.1,-17.2,-1.0112,2.2625,2,-3.4098,3.5231,2,1.9424,1.9607,3,-1.3475,11.6442,14.6442,3.0
2002-01-24,1,Other,8,5.4,<8,-10.3,-15.7,0.6841,2.3525,2,-1.8083,1.8506,2,3.7274,3.7435,3,0.1789,2.64,14.64,-12.0
2002-01-25,1,Other,8,9.1,8-<10,-7.6,-16.7,-0.3478,2.1371,2,-3.0121,3.2388,2,2.4915,2.5274,3,-0.1157,11.6358,14.6358,3.0
2002-01-26,1,Other,8,4.8,<8,-10.3,-15.1,0.2642,1.5318,2,-1.3333,1.4557,2,2.3478,2.5782,3,0.2004,11.6319,14.6319,3.0
2002-01-27,1,Other,8,8.4,8-<10,-7.0,-15.4,1.3053,3.4593,2,-2.1338,2.1657,2,6.1269,6.1374,3,1.0761,11.6283,14.6283,3.0
2002-01-28,1,Other,8,6.0,<8,-10.1,-16.1,-0.1368,1.786,2,-1.2368,1.2847,2,2.8807,2.8878,3,-0.9407,11.6247,14.6247,3.0
2002-01-29,1,Other,8,5.1,<8,-11.7,-16.8,0.6316,1.3472,2,-0.441,0.5355,2,2.2272,2.2277,3,0.4238,11.6214,14.6214,3.0
2002-01-30,1,Other,8,10.3,10-<12,-6.6,-16.9,0.9896,4.6368,2,-4.8091,5.1477,2,6.2014,6.2171,3,2.3442,11.6183,14.6183,3.0
2002-01-31,1,Other,8,9.7,8-<10,-8.9,-18.6,-0.5444,1.7218,2,-2.1366,2.2392,2,1.7194,1.9214,3,-0.7352,14.6156,14.6156,0.0
2002-02-01,2,Other,8,7.6,<8,-7.3,-14.9,0.6914,2.0254,2,-1.2787,1.2792,2,3.2371,3.4412,3,0.7705,11.6128,14.6128,3.0
2002-02-02,2,Other,8,9.1,8-<10,-5.6,-14.7,-1.1725,2.1281,2,-2.9007,2.9013,2,1.1932,1.2682,3,-1.2817,11.6103,14.6103,3.0
2002-02-03,2,Other,8,12.3,12-<15,0.8,-11.5,-0.8883,2.632,2,-1.0336,1.3366,2,2.3832,2.5245,3,-2.8932,14.6081,14.6081,0.0
2002-02-04,2,Other,8,8.5,8-<10,-2.2,-10.7,0.623,3.5196,2,-3.5173,3.6463,2,3.1652,3.2649,3,0.9712,2.6061,14.6061,-12.0
2002-02-05,2,Other,8,10.1,10-<12,-5.1,-15.2,-1.1293,2.7395,2,-0.3206,0.3413,2,0.5153,0.7492,3,-3.5186,20.6044,14.6044,-6.0
2002-02-06,2,Other,8,2.6,<8,-4.8,-7.4,0.2907,1.2208,2,-1.0318,1.1222,2,1.3984,1.4026,3,0.2425,2.6028,14.6028,-12.0
2002-02-07,2,Other,8,4.6,<8,-5.4,-10.0,0.091,1.3775,2,-1.3054,1.4682,2,1.4583,1.5062,3,0.2387,11.6014,14.6014,3.0
2002-02-08,2,Other,7,13.2,12-<15,-1.9,-15.1,-0.5278,3.4141,2,-0.7426,1.5175,2,4.1421,4.3426,3,-3.4977,20.6003,14.6003,-6.0
2002-02-09,2,Other,8,9.4,8-<10,-5.9,-15.3,1.8243,3.1158,2,0.142,0.611,2,5.0113,5.0115,3,0.268,14.5992,14.5992,0.0
2002-02-10,2,Other,8,12.4,12-<15,-1.8,-14.2,-0.926,3.1442,2,-4.065,4.3507,2,3.0366,3.0387,3,-2.04,14.5986,14.5986,0.0
2002-02-11,2,Other,8,6.3,<8,-3.1,-9.4,1.7122,3.2604,2,-1.411,1.5356,2,3.9635,4.0851,3,3.2087,11.5981,14.5981,3.0
2002-02-12,2,Other,8,11.4,10-<12,-1.7,-13.1,-1.659,3.1286,2,-4.6114,4.7752,2,2.1972,2.2934,3,-2.3752,11.5978,14.5978,3.0
2002-02-13,2,Other,8,8.8,8-<10,0.7,-8.1,0.62,2.2045,2,-1.4419,1.4493,2,3.9938,4.0073,3,-0.1504,11.5978,14.5978,3.0
2002-02-14,2,Other,8,7.4,<8,-0.6,-8.0,0.1905,2.2767,2,-2.5635,2.7516,2,3.3776,3.4726,3,-0.0015,11.5978,14.5978,3.0
2002-02-15,2,Other,8,5.9,<8,-1.4,-7.3,0.7882,2.3827,2,-2.0507,2.0925,2,3.3683,3.5728,3,0.5182,14.5981,14.5981,0.0
2002-02-16,2,Other,8,9.9,8-<10,2.4,-7.5,-1.7935,2.9958,2,-3.2737,3.4918,2,1.2152,1.9667,3,-3.03,17.5986,14.5986,-3.0
2002-02-17,2,Other,7,7.7,<8,2.0,-5.7,0.2543,3.7622,1,-3.5606,3.5606,2,4.0176,4.1797,3,-2.5512,2.5994,14.5994,-12.0
2002-02-18,2,Other,7,4.0,<8,0.9,-3.1,-0.1035,1.0212,2,-0.9686,1.2207,1,1.8122,1.8122,3,-0.0488,11.6003,17.6003,6.0
2002-02-19,2,Other,8,4.4,<8,1.4,-3.0,1.2945,1.8416,2,-0.1159,0.1568,2,3.2166,3.225,3,1.1684,11.6017,14.6017,3.0
2002-02-20,2,Other,8,1.5,<8,-2.3,-3.8,0.5022,0.8261,2,-0.1318,0.1318,2,1.0704,1.0731,3,0.5433,2.6031,14.6031,-12.0
2002-02-21,2,Other,8,3.7,<8,-3.4,-7.1,0.692,1.7416,2,-0.5771,0.8091,2,2.7332,2.7375,3,-0.0742,2.6044,14.6044,-12.0
2002-02-22,2,Other,8,3.1,<8,-4.7,-7.8,0.3057,0.8697,2,-0.789,0.9438,2,1.1869,1.2033,3,0.4477,14.6061,14.6061,0.0
2002-02-23,2,Other,8,3.7,<8,-5.7,-9.4,0.0858,0.6062,2,-0.4611,0.4612,2,0.6388,0.7825,3,0.2235,14.6081,14.6081,0.0
2002-02-24,2,Other,8,11.3,10-<12,0.4,-10.9,2.7844,5.0463,2,-2.5346,2.6872,2,8.208,8.2745,3,3.2256,11.6103,14.6103,3.0
2002-02-25,2,Other,8,5.4,<8,-9.5,-14.9,-0.6065,1.4875,2,-0.5857,0.7713,2,0.654,0.7084,3,-2.0793,14.6125,14.6125,0.0
2002-02-26,2,Other,8,8.3,8-<10,-3.5,-11.8,0.4838,1.7088,2,-1.5107,1.6814,2,2.8207,2.8735,3,0.4703,11.615,14.615,3.0
2002-02-27,2,Other,8,8.1,8-<10,-2.6,-10.7,0.6602,1.9107,2,-1.5677,1.964,2,3.0932,3.0955,3,0.6419,11.6178,14.6178,3.0
2002-02-28,2,Other,8,7.9,<8,-3.5,-11.4,-0.3887,2.2284,2,-3.5758,3.9939,2,1.7155,1.7213,3,0.4803,8.6206,14.6206,6.0
2002-03-01,3,Other,8,6.5,<8,-5.3,-11.8,0.651,1.6163,2,-1.0929,1.5078,2,2.0329,2.168,3,1.2678,11.6236,14.6236,3.0
2002-03-02,3,Other,8,6.9,<8,-5.7,-12.6,0.1688,1.5159,2,-1.6249,2.0093,2,2.0564,2.0751,3,0.2821,11.6267,14.6267,3.0
2002-03-03,3,Other,8,6.4,<8,-7.3,-13.7,-0.9349,1.3488,2,-2.0277,2.0342,2,0.5508,0.5552,3,-1.2998,14.63,14.63,0.0
2002-03-04,3,Other,8,9.9,8-<10,-1.3,-11.2,0.5905,2.6081,2,-0.5286,0.5356,2,4.6853,4.7012,3,-0.783,11.6336,14.6336,3.0
2002-03-05,3,Other,8,4.7,<8,-3.7,-8.4,-0.3246,1.3866,2,-0.3385,0.8635,2,1.0907,1.2015,3,-1.533,14.6372,14.6372,0.0
2002-03-06,3,Other,8,11.7,10-<12,3.4,-8.3,-0.5063,2.3588,2,-2.6775,3.2188,2,2.9147,2.9657,3,-0.9351,11.6408,14.6408,3.0
2002-03-07,3,Other,8,10.1,10-<12,3.8,-6.3,0.46,2.1621,2,0.5661,1.4352,2,0.8438,0.8536,3,-1.2709,14.6447,14.6447,0.0
2002-03-08,3,Other,8,5.1,<8,1.9,-3.2,0.9266,1.3819,2,-0.0483,0.4817,2,2.0721,2.0722,3,0.7435,14.6489,14.6489,0.0
2002-03-09,3,Other,8,5.4,<8,1.7,-3.7,0.9229,1.7388,2,-0.7922,1.1058,2,2.9533,2.958,3,0.9946,11.6531,14.6531,3.0
2002-03-10,3,Other,8,5.0,<8,0.8,-4.2,0.2492,2.0831,2,-0.591,0.8045,2,2.6341,2.6729,3,-1.6899,23.6617,14.6572,-9.0045
2002-03-11,3,Other,8,12.5,12-<15,10.1,-2.4,1.4568,3.5641,2,-2.6752,2.8148,2,4.4387,4.6753,3,2.9361,11.6617,14.6617,3.0
2002-03-12,3,Other,8,6.9,<8,3.6,-3.3,0.3485,1.4677,2,-1.3224,1.323,2,2.2488,2.2643,3,0.6189,11.6661,14.6661,3.0
2002-03-13,3,Other,8,6.7,<8,4.2,-2.5,0.7703,2.0022,2,-1.4392,1.7789,2,3.3651,3.405,3,0.7583,11.6706,14.6706,3.0
2002-03-14,3,Other,7,8.1,8-<10,6.0,-2.1,0.2236,1.1323,2,-0.75,0.957,1,1.949,1.949,3,0.69,11.6753,17.6753,6.0
2002-03-15,3,Other,8,7.9,<8,5.1,-2.8,0.2157,0.9815,2,0.335,0.4505,2,1.5323,1.7053,3,-0.6044,14.68,14.68,0.0
2002-03-16,3,Other,8,7.0,<8,5.0,-2.0,0.5274,1.3346,2,-1.0962,1.3566,2,1.2986,1.396,3,0.9011,14.685,14.685,0.0
2002-03-17,3,Other,8,8.5,8-<10,4.6,-3.9,-0.2111,0.7439,2,-0.1308,0.1493,2,0.443,0.4449,3,-0.7409,14.69,14.69,0.0
2002-03-18,3,Other,8,16.0,15-<18,14.5,-1.5,4.3336,6.0094,2,1.8053,2.4533,2,8.0613,9.3267,3,4.7919,14.695,14.695,0.0
2002-03-19,3,Other,8,6.7,<8,0.2,-6.5,0.2718,0.9072,2,-0.1531,0.157,2,1.3247,1.4034,3,-0.461,14.7,14.7,0.0
2002-03-20,3,Other,8,7.4,<8,1.8,-5.6,-0.0244,1.0381,2,-0.9178,1.1043,2,1.3767,1.3927,3,-0.5988,14.705,14.705,0.0
2002-03-21,3,Other,8,9.0,8-<10,4.4,-4.6,-0.5733,1.2104,2,-1.2218,1.6142,2,0.8155,0.8797,3,-1.0822,14.7103,14.7103,0.0
2002-03-22,3,Other,7,5.1,<8,2.7,-2.4,-0.0549,0.5046,1,-0.2711,0.2711,2,0.6414,0.6434,3,-0.2902,11.7156,14.7156,3.0
2002-03-23,3,Other,8,7.4,<8,5.4,-2.0,-0.3356,0.9681,2,-0.0718,0.0901,2,0.3813,0.4342,3,-1.2096,14.7208,14.7208,0.0
2002-03-24,3,Other,8,11.6,10-<12,13.0,1.4,0.1016,1.086,2,0.2056,0.7552,2,0.9893,0.9893,3,-0.4621,14.7261,14.7261,0.0
2002-03-25,3,Other,8,8.4,8-<10,13.7,5.3,-0.4796,1.2739,2,-1.8084,2.2902,2,0.6147,0.6275,3,-0.3686,14.7314,14.7314,0.0
2002-03-26,3,Other,8,6.6,<8,11.8,5.2,2.3396,3.1939,2,0.8744,1.424,2,4.6914,4.718,3,1.0215,2.7367,14.7367,-12.0
2002-03-27,3,Other,8,12.4,12-<15,16.0,3.6,-0.1141,1.2258,2,-1.0251,1.0251,2,0.7409,0.8221,3,0.2789,14.7419,14.7419,0.0
2002-03-28,3,Other,8,11.4,10-<12,13.4,2.0,-0.1682,1.375,2,-1.7903,1.7907,2,1.8624,1.8626,3,-0.5404,14.7472,14.7472,0.0
2002-03-29,3,Other,8,13.2,12-<15,17.0,3.8,-1.8103,3.4053,2,-1.9735,2.449,2,0.6904,1.1301,3,-4.0093,14.7528,14.7528,0.0
2002-03-30,3,Other,8,10.8,10-<12,20.4,9.6,-0.7727,3.1254,2,-3.5621,3.5668,2,3.1578,3.1624,3,-2.6521,20.7581,14.7581,-6.0
2002-03-31,3,Other,8,13.5,12-<15,19.4,5.9,4.376,7.1474,2,-1.2146,1.9449,2,11.9748,11.9904,3,1.8619,8.7633,14.7633,6.0
2002-04-01,4,Other,8,5.3,<8,9.8,4.5,-0.698,1.7693,2,-1.1555,1.1563,2,0.2878,0.8569,3,-2.0589,17.7686,14.7686,-3.0
2002-04-02,4,Other,8,5.4,<8,10.3,4.9,0.3539,1.6686,2,-0.0257,1.7745,2,0.8319,0.8725,3,-0.6335,14.7739,14.7739,0.0
2002-04-03,4,Other,8,8.0,8-<10,12.1,4.1,-0.1825,0.6202,2,-0.1937,0.8846,2,0.1561,0.4639,3,-0.315,14.7792,14.7792,0.0
2002-04-04,4,Other,7,14.0,12-<15,11.5,-2.5,4.6248,8.8191,1,-6.3578,6.3578,2,12.7508,12.7722,3,1.3425,2.7842,14.7842,-12.0
2002-04-05,4,Other,8,6.4,<8,1.0,-5.4,-0.4718,0.9892,2,-0.342,0.6487,2,0.3172,0.4217,3,-1.3644,14.7894,14.7894,0.0
2002-04-06,4,Other,8,6.3,<8,3.0,-3.3,0.2575,0.5236,2,-0.1014,0.5075,2,0.6752,0.6858,3,0.1053,14.7944,14.7944,0.0
2002-04-07,4,Other,7,9.9,8-<10,7.5,-2.4,-0.561,1.7538,2,-0.392,0.6791,1,0.893,0.893,3,-1.9054,14.7994,14.7994,0.0
2002-04-08,4,Other,8,7.2,<8,8.4,1.2,0.0444,0.7136,2,-0.7409,0.8659,2,0.967,1.076,3,-0.0524,14.8044,14.8044,0.0
2002-04-09,4,Other,7,11.0,10-<12,12.8,1.8,-0.4418,1.057,2,-0.4758,0.5298,2,-0.036,0.4306,2,-0.9961,14.8094,14.8094,0.0
2002-04-10,4,Other,7,14.2,12-<15,19.4,5.2,0.8604,5.076,2,-1.076,1.3237,1,12.7916,12.7916,3,-1.6048,11.8142,14.8142,3.0
2002-04-11,4,Other,6,16.5,15-<18,25.3,8.8,-0.4243,0.7754,2,-0.5592,0.5862,1,0.1135,0.1135,3,-0.5137,17.8189,17.8189,0.0
2002-04-12,4,Other,8,12.5,12-<15,26.1,13.6,2.4782,6.3053,2,-5.2973,5.3811,2,6.1205,6.2847,3,4.9859,8.8236,14.8236,6.0
2002-04-13,4,Other,8,16.1,15-<18,16.8,0.7,3.8152,5.3055,2,1.5565,2.2782,2,8.8847,8.894,3,0.8313,14.8281,14.8281,0.0
2002-04-14,4,Other,8,5.3,<8,6.6,1.3,1.7871,2.4692,2,-0.0874,0.559,2,3.9503,3.9505,3,1.1792,8.8325,14.8325,6.0
2002-04-15,4,Other,7,9.7,8-<10,9.7,0.0,-0.5041,0.9347,2,-1.2572,1.4703,2,0.4117,0.5002,2,-0.5822,14.8369,14.8369,0.0
2002-04-16,4,Other,8,8.4,8-<10,10.9,2.5,-1.02,1.6792,2,-0.6818,0.6851,2,-0.1512,0.4725,3,-2.0143,14.8411,14.8411,0.0
2002-04-17,4,Other,6,11.6,10-<12,15.1,3.5,-0.3712,1.282,1,-0.1871,0.1871,2,1.041,1.042,2,-1.8354,14.8453,14.8453,0.0
2002-04-18,4,Other,8,13.2,12-<15,20.2,7.0,1.3234,2.6222,2,-1.3752,1.8226,2,3.8887,3.8936,3,1.0832,14.8494,14.8494,0.0
2002-04-19,4,Other,8,7.8,<8,14.5,6.7,2.0054,2.9647,2,1.269,2.1228,2,4.4926,4.5331,3,0.2149,17.8533,14.8533,-3.0
2002-04-20,4,Other,8,5.7,<8,11.6,5.9,2.2382,3.7837,2,0.1508,1.7114,2,2.8302,3.4842,3,3.6105,14.8572,14.8572,0.0
2002-04-21,4,Other,8,9.0,8-<10,8.5,-0.5,0.0102,1.141,2,0.4162,0.8563,2,0.218,0.5265,3,-0.8315,14.8608,14.8608,0.0
2002-04-22,4,Other,8,9.8,8-<10,12.3,2.5,-1.1494,2.5486,2,0.013,0.5443,2,-0.3318,0.7111,3,-3.3843,14.8642,14.8642,0.0
2002-04-23,4,Other,8,8.3,8-<10,17.6,9.3,0.381,1.4743,2,-0.8723,1.3074,2,1.2664,1.2683,3,0.5081,14.8678,14.8678,0.0
2002-04-24,4,Other,8,7.2,<8,15.4,8.2,1.0224,1.7291,2,-0.4186,0.4231,2,2.9387,2.939,3,0.376,14.8708,14.8708,0.0
2002-04-25,4,Other,8,7.6,<8,15.5,7.9,-0.1621,1.2977,2,0.3846,1.1117,2,0.3645,0.5665,3,-1.4512,14.8742,14.8742,0.0
2002-04-26,4,Other,8,6.7,<8,14.7,8.0,0.8156,1.45,2,0.8814,1.3696,2,1.4734,1.5335,3,-0.3285,14.8769,14.8769,0.0
2002-04-27,4,Other,9,12.1,12-<15,19.6,7.5,-1.1345,1.7645,2,-1.2293,1.5743,2,-0.3678,0.7601,4,-1.8307,14.8797,14.8797,0.0
2002-04-28,4,Other,8,10.9,10-<12,19.1,8.2,4.4138,6.3261,2,0.6989,2.7461,2,9.7105,9.7182,3,1.9987,2.8825,14.8825,-12.0
2002-04-29,4,Other,8,3.0,<8,8.9,5.9,0.53,1.2918,2,-0.4312,0.6293,2,2.1608,2.174,3,0.0398,11.885,14.885,3.0
2002-04-30,4,Other,8,3.2,<8,8.1,4.9,-0.1434,1.2379,2,-0.2297,0.5148,2,1.3989,1.6637,3,-1.2736,23.8897,14.8875,-9.0022
2002-05-01,5,May-Sep,8,8.5,8-<10,14.5,6.0,0.0083,0.6554,2,-0.3946,0.3949,2,0.6176,0.8478,3,-0.4175,17.8897,14.8897,-3.0
2002-05-02,5,May-Sep,8,11.7,10-<12,18.1,6.4,0.3831,1.1175,2,-0.8084,0.968,2,1.1699,1.1721,3,0.8738,14.8917,14.8917,0.0
2002-05-03,5,May-Sep,8,11.1,10-<12,15.5,4.4,0.9357,2.302,2,0.8075,1.6073,2,2.8097,2.8928,3,-1.1551,14.8936,14.8936,0.0
2002-05-04,5,May-Sep,8,8.1,8-<10,14.6,6.5,-0.2459,0.708,2,-0.866,1.0398,2,0.4981,0.5079,3,-0.1607,11.8953,14.8953,3.0
2002-05-05,5,May-Sep,8,10.1,10-<12,16.5,6.4,-0.1725,1.1818,2,0.1838,0.4191,2,-0.1736,0.2444,3,-1.0584,14.8969,14.8969,0.0
2002-05-06,5,May-Sep,8,10.3,10-<12,18.8,8.5,-0.9054,1.4828,2,-1.2572,1.3319,2,0.4663,0.5209,3,-1.872,14.8983,14.8983,0.0
2002-05-07,5,May-Sep,8,5.8,<8,17.6,11.8,0.1408,0.7254,2,-0.7587,0.7766,2,0.5945,0.6036,3,0.1547,14.8994,14.8994,0.0
2002-05-08,5,May-Sep,8,11.4,10-<12,20.7,9.3,-0.7344,1.2402,2,-1.3831,1.4038,2,0.3538,0.7352,3,-1.3778,14.9006,14.9006,0.0
2002-05-09,5,May-Sep,8,12.9,12-<15,24.5,11.6,-0.7147,1.7896,2,-1.6187,1.8669,2,0.7652,0.8487,3,-1.4759,14.9014,14.9014,0.0
2002-05-10,5,May-Sep,7,9.0,8-<10,22.0,13.0,2.4964,3.4417,2,0.2646,0.5264,2,4.5545,4.6015,3,2.6122,14.9022,14.9022,0.0
2002-05-11,5,May-Sep,8,8.1,8-<10,18.7,10.6,-0.0954,0.557,2,-0.0947,0.097,2,0.311,0.3112,3,-0.5955,14.9028,14.9028,0.0
2002-05-12,5,May-Sep,7,13.6,12-<15,24.4,10.8,-0.4964,1.1126,2,-0.6288,0.6912,2,-0.218,0.4698,2,-1.4636,14.9033,14.9033,0.0
2002-05-13,5,May-Sep,8,11.1,10-<12,28.7,17.6,-0.2027,2.0229,2,-1.8067,1.8073,2,2.1849,2.3972,3,-0.6238,11.9036,14.9036,3.0
2002-05-14,5,May-Sep,7,8.2,8-<10,25.7,17.5,0.0287,1.1247,2,0.3447,1.5747,1,-0.0776,0.0776,3,-0.6675,17.9036,17.9036,0.0
2002-05-15,5,May-Sep,7,12.6,12-<15,25.3,12.7,4.8714,7.4529,2,1.3029,3.8701,2,11.351,11.3755,2,0.2945,2.9036,14.9036,-12.0
2002-05-16,5,May-Sep,8,6.4,<8,16.9,10.5,0.6904,1.4835,2,0.3934,1.3508,2,0.971,1.1565,3,-0.1491,17.9033,14.9033,-3.0
2002-05-17,5,May-Sep,8,12.2,12-<15,21.2,9.0,2.2323,4.5562,2,-2.099,2.5903,2,5.1805,5.9775,3,3.9755,11.9031,14.9031,3.0
2002-05-18,5,May-Sep,8,5.9,<8,11.5,5.6,0.3552,1.1017,2,0.6834,1.0254,2,0.8034,1.0002,3,-0.7152,17.9025,14.9025,-3.0
2002-05-19,5,May-Sep,8,11.0,10-<12,17.0,6.0,-1.0929,2.0157,2,-2.2319,2.502,2,0.1065,0.7991,3,-1.8769,17.9017,14.9017,-3.0
2002-05-20,5,May-Sep,8,14.2,12-<15,22.8,8.6,-1.1251,2.3886,2,-0.5107,0.7972,2,-0.3273,1.0763,3,-3.0147,17.9008,14.9008,-3.0
2002-05-21,5,May-Sep,8,11.0,10-<12,26.1,15.1,-1.9033,2.8628,2,-3.3381,3.7318,2,0.6617,0.6627,3,-3.3735,14.9,14.9,0.0
2002-05-22,5,May-Sep,8,8.5,8-<10,25.5,17.0,-0.0994,1.7357,2,0.0705,0.1828,2,1.0088,1.1215,3,-1.3779,14.8989,14.8989,0.0
2002-05-23,5,May-Sep,8,11.8,10-<12,28.4,16.6,-0.5635,1.1366,2,-1.8191,1.8221,2,0.6708,0.6828,3,-0.3537,11.8975,14.8975,3.0
2002-05-24,5,May-Sep,8,13.9,12-<15,30.5,16.6,-0.5948,1.1729,2,-1.3437,1.7772,2,0.5032,0.512,3,-1.1183,14.8961,14.8961,0.0
2002-05-25,5,May-Sep,8,10.4,10-<12,28.5,18.1,1.7376,2.5337,2,-0.3354,0.7799,2,4.1062,4.1115,3,1.0734,14.8947,14.8947,0.0
2002-05-26,5,May-Sep,8,7.2,<8,23.2,16.0,-0.2036,0.8337,2,-0.7519,0.9342,2,1.0406,1.0526,3,-0.5886,11.8931,14.8931,3.0
2002-05-27,5,May-Sep,8,13.0,12-<15,28.6,15.6,-0.8012,1.4086,2,-0.4931,0.8113,2,-0.2862,0.8347,3,-1.7854,17.8911,14.8911,-3.0
2002-05-28,5,May-Sep,8,10.3,10-<12,28.5,18.2,0.7524,1.3804,2,0.2304,0.8485,2,1.919,2.0046,3,-0.1794,14.8892,14.8892,0.0
2002-05-29,5,May-Sep,8,10.6,10-<12,28.4,17.8,-0.3238,1.7834,2,0.0826,0.1561,2,0.2545,0.9774,3,-1.9289,17.8872,14.8872,-3.0
2002-05-30,5,May-Sep,8,10.0,10-<12,29.6,19.6,-0.3311,0.8892,2,-0.2826,0.2829,2,0.0404,0.36,3,-1.1553,14.885,14.885,0.0
2002-05-31,5,May-Sep,8,8.1,8-<10,28.7,20.6,0.0084,0.7313,2,-0.1375,0.5579,2,0.8986,0.9836,3,-0.5681,11.8825,14.8825,3.0
2002-06-01,6,May-Sep,8,9.5,8-<10,28.8,19.3,0.8921,1.484,2,0.6898,1.4401,2,0.3226,0.4951,3,1.5145,14.8803,14.8803,0.0
2002-06-02,6,May-Sep,8,12.5,12-<15,29.9,17.4,-0.2505,1.4116,2,0.2489,0.6579,2,0.1087,0.7962,3,-1.6,17.8778,14.8778,-3.0
2002-06-03,6,May-Sep,7,11.7,10-<12,30.9,19.2,0.3279,1.1516,2,0.2692,0.3806,1,2.8136,2.8136,3,-0.0473,11.875,17.875,6.0
2002-06-04,6,May-Sep,7,9.4,8-<10,27.1,17.7,2.5938,4.3376,1,-1.7829,1.7829,2,5.0841,6.0537,3,2.9291,14.8725,14.8725,0.0
2002-06-05,6,May-Sep,8,10.6,10-<12,25.6,15.0,-0.1926,0.8009,2,-0.4948,0.5191,2,0.5205,0.5897,3,-0.8404,14.8697,14.8697,0.0
2002-06-06,6,May-Sep,8,9.9,8-<10,24.4,14.5,0.6195,2.3573,2,1.5999,2.6339,2,1.9108,1.9718,3,-1.8283,14.8667,14.8667,0.0
2002-06-07,6,May-Sep,8,7.3,<8,22.1,14.8,2.0609,3.1046,2,1.0166,1.4893,2,5.0038,5.0533,3,0.1636,14.8639,14.8639,0.0
2002-06-08,6,May-Sep,8,8.7,8-<10,23.5,14.8,0.1967,0.536,2,0.646,0.7653,2,0.4295,0.5427,3,-0.2839,14.8608,14.8608,0.0
2002-06-09,6,May-Sep,8,11.6,10-<12,26.7,15.1,-0.493,1.201,2,-0.4173,0.4235,2,0.125,0.5853,3,-1.4857,14.8575,14.8575,0.0
2002-06-10,6,May-Sep,8,11.4,10-<12,29.8,18.4,0.0925,2.766,2,-3.024,3.1108,2,3.3879,3.4104,3,0.1631,11.8544,14.8544,3.0
2002-06-11,6,May-Sep,7,9.7,8-<10,26.6,16.9,-0.1586,0.7852,2,-0.4898,0.5819,2,0.631,0.6344,2,-1.0673,14.8511,14.8511,0.0
2002-06-12,6,May-Sep,8,11.3,10-<12,27.6,16.3,-0.4176,1.7515,2,0.4507,0.5431,2,0.3474,0.8258,3,-2.1568,17.8478,14.8478,-3.0
2002-06-13,6,May-Sep,8,7.4,<8,26.7,19.3,0.9738,1.742,2,-0.4894,0.5129,2,2.9566,2.9783,3,0.5723,11.8444,14.8444,3.0
2002-06-14,6,May-Sep,6,13.6,12-<15,30.7,17.1,-0.4425,1.9162,0,,,2,0.5793,0.5908,3,-1.9149,14.8411,14.8411,0.0
2002-06-15,6,May-Sep,7,10.7,10-<12,29.1,18.4,1.6801,2.582,2,0.9693,1.3651,2,3.2347,3.2548,2,-0.4769,14.8378,14.8378,0.0
2002-06-16,6,May-Sep,8,11.2,10-<12,25.5,14.3,3.024,4.4232,2,0.8212,1.5169,2,7.6599,7.6644,3,1.3302,11.8344,14.8344,3.0
2002-06-17,6,May-Sep,8,10.6,10-<12,26.0,15.4,2.0221,2.8725,2,0.5359,0.8324,2,0.8432,0.8445,3,3.5343,14.8308,14.8308,0.0
2002-06-18,6,May-Sep,7,12.3,12-<15,24.0,11.7,4.3062,5.3983,2,2.4522,3.0581,2,8.7555,8.7788,2,1.2685,11.8275,14.8275,3.0
2002-06-19,6,May-Sep,6,9.6,8-<10,23.7,14.1,-0.0793,0.7519,2,-0.3247,0.5497,2,0.2484,0.6013,1,-1.1645,17.8239,14.8239,-3.0
2002-06-20,6,May-Sep,7,9.6,8-<10,25.5,15.9,0.072,1.276,2,-0.8286,1.2556,2,1.4996,1.553,2,-0.5386,14.8203,14.8203,0.0
2002-06-21,6,May-Sep,5,11.3,10-<12,26.1,14.8,-0.1532,1.2879,0,,,1,0.995,0.995,3,-0.9247,14.8169,14.8169,0.0
2002-06-22,6,May-Sep,8,14.6,12-<15,31.1,16.5,-0.7238,1.284,2,-1.1211,1.2684,2,0.2426,0.5118,3,-1.5361,14.8133,14.8133,0.0
2002-06-23,6,May-Sep,8,13.0,12-<15,33.1,20.1,-0.4908,1.3067,2,-1.2144,2.057,2,0.3271,0.3671,3,-0.8777,14.8097,14.8097,0.0
2002-06-24,6,May-Sep,8,11.2,10-<12,31.8,20.6,4.2246,5.7357,2,0.9834,2.0307,2,7.3213,7.8127,3,4.3571,14.8064,14.8064,0.0
2002-06-25,6,May-Sep,8,9.8,8-<10,26.4,16.6,-0.6872,1.3893,2,-0.7965,0.853,2,0.1445,0.569,3,-1.7641,17.8031,14.8031,-3.0
2002-06-26,6,May-Sep,8,10.0,10-<12,28.4,18.4,-0.3083,0.7451,2,-0.8944,1.1982,2,0.4353,0.4574,3,-0.5389,14.7994,14.7994,0.0
2002-06-27,6,May-Sep,7,11.8,10-<12,29.8,18.0,-0.0331,1.063,1,0.0554,0.0554,2,0.2935,0.6679,3,-0.833,14.7961,14.7961,0.0
2002-06-28,6,May-Sep,8,11.3,10-<12,30.1,18.8,-0.1413,1.374,2,0.6261,0.72,2,-0.03,0.3248,3,-1.4368,14.7928,14.7928,0.0
2002-06-29,6,May-Sep,8,12.1,12-<15,32.0,19.9,0.0014,0.6793,2,-0.2969,0.3536,2,0.4798,0.493,3,-0.5768,14.7894,14.7894,0.0
2002-06-30,6,May-Sep,8,10.9,10-<12,30.7,19.8,2.7567,3.6597,2,2.2846,3.2898,2,4.692,4.8195,3,0.7893,17.7864,14.7864,-3.0
2002-07-01,7,May-Sep,8,10.0,10-<12,31.2,21.2,0.9695,2.1263,2,-0.8939,1.0985,2,3.0885,3.6235,3,1.1058,14.7831,14.7831,0.0
2002-07-02,7,May-Sep,8,10.6,10-<12,29.8,19.2,2.419,4.1879,2,-0.6289,0.7439,2,3.9583,5.3272,3,3.9428,14.78,14.78,0.0
2002-07-03,7,May-Sep,8,7.3,<8,23.9,16.6,0.0245,0.7783,2,-0.2095,1.0617,2,0.7272,0.7633,3,-0.5157,14.7769,14.7769,0.0
2002-07-04,7,May-Sep,7,9.4,8-<10,25.6,16.2,-0.4849,1.3299,2,0.0439,0.0484,2,0.4702,0.6327,2,-2.3707,14.7739,14.7739,0.0
2002-07-05,7,May-Sep,8,8.8,8-<10,27.1,18.3,-0.0452,0.8999,2,0.107,0.3119,2,0.9009,0.9474,3,-0.9915,14.7711,14.7711,0.0
2002-07-06,7,May-Sep,7,8.9,8-<10,26.0,17.1,0.4192,1.9701,2,1.7735,2.7251,2,0.646,0.6481,2,-1.9419,14.7683,14.7683,0.0
2002-07-07,7,May-Sep,8,8.0,8-<10,26.6,18.6,0.5553,1.6372,2,0.6515,1.2037,2,0.8919,0.9417,3,-0.8143,14.7656,14.7656,0.0
2002-07-08,7,May-Sep,8,10.9,10-<12,28.2,17.3,-0.0211,1.2755,2,1.2194,1.4269,2,0.6938,0.7013,3,-1.5633,14.7631,14.7631,0.0
2002-07-09,7,May-Sep,8,10.1,10-<12,27.0,16.9,0.307,1.5897,2,0.7746,1.5633,2,1.2345,1.3988,3,-1.2875,17.7606,14.7606,-3.0
2002-07-10,7,May-Sep,8,11.3,10-<12,29.2,17.9,-0.3469,1.0433,2,-0.5522,0.8213,2,0.523,0.7018,3,-1.115,14.7581,14.7581,0.0
2002-07-11,7,May-Sep,7,10.8,10-<12,28.2,17.4,4.0987,6.1757,2,0.8882,1.7255,2,9.5481,9.5482,2,0.3629,2.7558,14.7558,-12.0
2002-07-12,7,May-Sep,7,11.2,10-<12,26.2,15.0,-1.1908,1.8739,1,-1.896,1.896,2,0.0772,0.2271,3,-2.4083,14.7536,14.7536,0.0
2002-07-13,7,May-Sep,8,11.0,10-<12,30.1,19.1,-0.4442,1.1284,2,-0.3438,0.4663,2,0.3867,0.5592,3,-1.5309,14.7517,14.7517,0.0
2002-07-14,7,May-Sep,8,11.4,10-<12,32.1,20.7,-0.4297,1.1823,2,-0.2534,0.4872,2,0.0156,0.6748,3,-1.251,17.7497,14.7497,-3.0
2002-07-15,7,May-Sep,7,8.7,8-<10,31.7,23.0,2.0392,2.6823,1,1.037,1.037,2,3.7534,3.8945,3,0.6876,17.7478,14.7478,-3.0
2002-07-16,7,May-Sep,8,10.7,10-<12,33.1,22.4,0.4201,0.9385,2,0.8132,1.161,2,0.4497,0.6297,3,-0.3149,14.7464,14.7464,0.0
2002-07-17,7,May-Sep,8,11.7,10-<12,35.1,23.4,-0.631,1.314,2,-0.8876,1.06,2,0.3973,0.6325,3,-1.4995,14.7447,14.7447,0.0
2002-07-18,7,May-Sep,8,11.1,10-<12,34.3,23.2,-0.5107,1.184,2,0.0281,0.2852,2,0.477,0.8577,3,-1.7689,17.7433,14.7433,-3.0
2002-07-19,7,May-Sep,8,12.0,12-<15,36.3,24.3,-0.0777,0.7029,2,-0.9546,1.2434,2,0.4792,0.5706,3,0.0178,14.7422,14.7422,0.0
2002-07-20,7,May-Sep,8,13.4,12-<15,37.4,24.0,0.1868,2.0888,2,-1.6597,2.3101,2,2.7052,3.1018,3,0.0454,11.7411,14.7411,3.0
2002-07-21,7,May-Sep,8,6.8,<8,33.7,26.9,1.5781,1.9645,2,0.5323,0.7128,2,1.1464,1.2326,3,2.0505,14.7403,14.7403,0.0
2002-07-22,7,May-Sep,8,8.7,8-<10,31.7,23.0,3.1885,3.8782,2,1.4615,2.5441,2,4.7464,4.7533,3,2.9521,14.7394,14.7394,0.0
2002-07-23,7,May-Sep,8,11.6,10-<12,26.1,14.5,4.5852,6.1034,2,2.4902,3.8857,2,8.9934,9.0071,3,1.7686,2.7389,14.7389,-12.0
2002-07-24,7,May-Sep,8,6.5,<8,20.7,14.2,0.9102,1.5347,2,-0.089,0.8179,2,1.8091,1.881,3,1.2976,11.7383,14.7383,3.0
2002-07-25,7,May-Sep,8,9.2,8-<10,22.0,12.8,0.2515,1.1203,2,0.4303,0.8367,2,0.7158,0.8082,3,-0.8429,14.7381,14.7381,0.0
2002-07-26,7,May-Sep,8,12.4,12-<15,26.8,14.4,-0.5054,1.3984,2,-0.8378,0.8391,2,0.1952,0.4385,3,-1.4433,14.7378,14.7378,0.0
2002-07-27,7,May-Sep,7,11.7,10-<12,29.1,17.4,-0.3174,1.1446,1,-0.6243,0.6243,2,0.5298,1.184,3,-1.1419,17.7381,14.7381,-3.0
2002-07-28,7,May-Sep,8,10.9,10-<12,29.8,18.9,-0.4768,1.194,2,-1.3152,1.5675,2,0.77,0.8007,3,-1.0351,14.7381,14.7381,0.0
2002-07-29,7,May-Sep,7,7.6,<8,28.2,20.6,2.2113,2.8897,2,0.7042,1.4788,2,3.7939,3.7939,2,0.8079,14.7386,14.7386,0.0
2002-07-30,7,May-Sep,7,10.3,10-<12,26.5,16.2,0.0478,1.4685,1,1.9024,1.9024,2,0.3473,0.352,3,-1.4739,14.7392,14.7392,0.0
2002-07-31,7,May-Sep,8,12.6,12-<15,30.6,18.0,-0.3793,1.2923,2,-1.0476,1.1425,2,0.6209,0.7211,3,-0.9967,14.7397,14.7397,0.0
2002-08-01,8,May-Sep,8,10.2,10-<12,29.2,19.0,1.0962,2.1569,2,-0.6364,0.9861,2,3.0978,3.1776,3,0.3945,14.7406,14.7406,0.0
2002-08-02,8,May-Sep,8,9.8,8-<10,28.8,19.0,-0.2984,0.8932,2,-0.1401,0.3737,2,0.2668,0.5006,3,-1.1863,14.7417,14.7417,0.0
2002-08-03,8,May-Sep,8,11.2,10-<12,31.6,20.4,-0.7044,1.3762,2,-1.0612,1.2095,2,0.3375,0.4874,3,-1.6296,14.7431,14.7431,0.0
2002-08-04,8,May-Sep,8,9.7,8-<10,33.1,23.4,0.8056,1.3429,2,0.9716,1.3597,2,1.2668,1.279,3,-0.2185,14.7444,14.7444,0.0
2002-08-05,8,May-Sep,8,12.5,12-<15,30.8,18.3,3.6077,6.3107,2,0.4325,3.1318,2,8.9092,9.1717,3,0.129,2.7461,14.7461,-12.0
2002-08-06,8,May-Sep,8,11.8,10-<12,30.5,18.7,-0.6018,0.9501,2,-0.9435,1.1059,2,0.2442,0.2482,3,-1.1027,14.7478,14.7478,0.0
2002-08-07,8,May-Sep,8,12.2,12-<15,32.5,20.3,-0.492,0.9409,2,-1.4076,1.5933,2,0.2681,0.2939,3,-0.4939,14.7497,14.7497,0.0
2002-08-08,8,May-Sep,8,10.8,10-<12,32.8,22.0,-0.2422,1.1565,2,-0.6976,0.7108,2,1.4928,1.4959,3,-1.0875,11.7519,14.7519,3.0
2002-08-09,8,May-Sep,8,9.0,8-<10,33.2,24.2,-0.0182,0.2859,2,-0.18,0.1807,2,0.2909,0.4185,3,-0.1251,14.7542,14.7542,0.0
2002-08-10,8,May-Sep,8,14.7,12-<15,37.2,22.5,-0.7217,2.1458,2,-0.3986,0.4769,2,1.1632,1.1765,3,-2.407,14.7567,14.7567,0.0
2002-08-11,8,May-Sep,7,6.6,<8,35.8,29.2,0.3633,0.7049,2,0.2445,0.4804,2,0.9219,0.9307,2,-0.381,14.7592,14.7592,0.0
2002-08-12,8,May-Sep,8,6.5,<8,37.2,30.7,1.0983,1.6683,2,0.116,0.4968,2,1.0752,1.222,3,1.8064,14.7619,14.7619,0.0
2002-08-13,8,May-Sep,8,11.4,10-<12,35.1,23.7,2.7606,4.2746,2,-0.8501,1.3034,2,6.7381,6.7912,3,2.6649,11.765,14.765,3.0
2002-08-14,8,May-Sep,8,9.2,8-<10,29.5,20.3,-0.063,0.9971,2,0.0312,0.0838,2,0.6622,0.7897,3,-1.0484,14.7681,14.7681,0.0
2002-08-15,8,May-Sep,8,6.0,<8,28.4,22.4,2.0007,3.0729,2,0.0352,0.7989,2,3.7967,4.0829,3,2.4957,11.7714,14.7714,3.0
2002-08-16,8,May-Sep,8,4.6,<8,22.6,18.0,1.7079,2.2112,2,0.2083,0.4317,2,3.4772,3.498,3,1.6065,11.7747,14.7747,3.0
2002-08-17,8,May-Sep,8,9.2,8-<10,24.8,15.6,-0.3635,1.2801,2,0.4592,0.752,2,0.2004,0.3546,3,-1.6231,14.7783,14.7783,0.0
2002-08-18,8,May-Sep,8,11.0,10-<12,28.6,17.6,-0.3291,1.1208,2,-0.3368,0.3566,2,0.4378,0.8719,3,-1.4288,17.7822,14.7822,-3.0
2002-08-19,8,May-Sep,8,12.5,12-<15,31.5,19.0,-0.4466,0.9482,2,-0.6542,0.8548,2,0.5917,0.7742,3,-1.2184,14.7861,14.7861,0.0
2002-08-20,8,May-Sep,7,12.8,12-<15,34.6,21.8,-0.0966,0.8347,2,-0.7462,1.0575,2,0.3174,0.3258,3,0.0604,14.7903,14.7903,0.0
2002-08-21,8,May-Sep,8,10.7,10-<12,33.1,22.4,1.5049,3.7132,2,-0.8813,1.1714,2,1.0406,1.051,3,3.8452,14.7944,14.7944,0.0
2002-08-22,8,May-Sep,8,13.3,12-<15,30.9,17.6,2.0465,2.9313,2,1.0953,1.921,2,4.2737,4.3512,3,0.2902,14.7986,14.7986,0.0
2002-08-23,8,May-Sep,8,11.2,10-<12,29.1,17.9,-0.3191,0.8535,2,-1.1369,1.3045,2,0.4985,0.6357,3,-0.5573,14.8031,14.8031,0.0
2002-08-24,8,May-Sep,8,13.4,12-<15,31.4,18.0,-0.3672,0.9526,2,-0.8042,1.0876,2,0.4035,0.4131,3,-1.0573,14.8078,14.8078,0.0
2002-08-25,8,May-Sep,8,13.6,12-<15,33.1,19.5,-0.6121,1.3139,2,-1.4708,1.6313,2,1.0836,1.1267,3,-0.9401,11.8125,14.8125,3.0
2002-08-26,8,May-Sep,8,8.7,8-<10,30.6,21.9,3.0468,4.2482,2,-0.2193,0.2449,2,4.8408,4.9985,3,4.0478,14.8175,14.8175,0.0
2002-08-27,8,May-Sep,8,9.4,8-<10,25.4,16.0,-0.1478,0.9335,2,-1.0719,1.4177,2,0.6905,0.7202,3,-0.4635,14.8225,14.8225,0.0
2002-08-28,8,May-Sep,8,13.5,12-<15,29.6,16.1,-0.4953,0.9207,2,-0.627,0.922,2,0.117,0.1397,3,-0.8801,14.8275,14.8275,0.0
2002-08-29,8,May-Sep,7,13.2,12-<15,31.6,18.4,0.5917,1.3331,1,-0.7589,0.7589,2,1.3288,1.4859,3,1.0672,11.8328,14.8328,3.0
2002-08-30,8,May-Sep,8,10.9,10-<12,29.2,18.3,3.3044,4.3851,2,0.182,0.3976,2,5.8741,5.8829,3,4.1365,11.8381,14.8381,3.0
2002-08-31,8,May-Sep,8,10.9,10-<12,22.1,11.2,2.6736,5.4339,2,-1.6275,1.7488,2,8.2174,8.4076,3,-0.0335,8.8433,14.8433,6.0
2002-09-01,9,May-Sep,8,10.7,10-<12,21.0,10.3,-1.1434,1.9285,2,-2.4302,2.4445,2,0.9242,0.94,3,-1.9579,14.8489,14.8489,0.0
2002-09-02,9,May-Sep,8,9.9,8-<10,22.5,12.6,0.0814,0.5305,2,-0.4123,0.4142,2,0.7221,0.7226,3,-0.245,14.8544,14.8544,0.0
2002-09-03,9,May-Sep,8,10.6,10-<12,23.2,12.6,-0.1792,0.958,2,-1.4202,1.6111,2,0.6172,0.7814,3,-0.1915,14.8603,14.8603,0.0
2002-09-04,9,May-Sep,7,9.0,8-<10,22.5,13.5,-0.4585,1.2612,1,-0.4773,0.4773,2,0.9219,0.9954,3,-1.3947,11.8658,14.8658,3.0
2002-09-05,9,May-Sep,7,8.3,8-<10,23.9,15.6,-0.3638,0.8814,2,-1.4297,1.5303,2,0.4152,0.4233,2,-0.2193,14.8717,14.8717,0.0
2002-09-06,9,May-Sep,7,13.9,12-<15,28.2,14.3,-0.887,2.8322,2,-3.0973,3.2538,1,-0.3745,0.3745,3,0.358,11.8778,17.8778,6.0
2002-09-07,9,May-Sep,8,18.4,18-<20,26.4,8.0,6.3097,8.0149,2,3.3419,5.1138,2,11.778,11.8407,3,2.7694,14.8836,14.8836,0.0
2002-09-08,9,May-Sep,8,10.3,10-<12,17.2,6.9,-0.7052,1.1471,2,-0.8306,0.9624,2,-0.2474,0.5093,3,-1.3878,14.8897,14.8897,0.0
2002-09-09,9,May-Sep,8,11.6,10-<12,19.0,7.4,-0.7625,1.2216,2,-0.9676,1.1115,2,0.1,0.7048,3,-1.5401,14.8956,14.8956,0.0
2002-09-10,9,May-Sep,8,13.1,12-<15,22.7,9.6,-0.2985,0.9818,2,-0.5151,0.8872,2,0.1804,0.365,3,-0.7394,14.9017,14.9017,0.0
2002-09-11,9,May-Sep,8,13.4,12-<15,24.8,11.4,-0.4844,0.8961,2,-0.9149,1.0583,2,0.1983,0.4461,3,-0.9289,14.9078,14.9078,0.0
2002-09-12,9,May-Sep,8,12.9,12-<15,27.1,14.2,-0.1857,0.9159,2,-1.0306,1.4672,2,0.4258,0.5055,3,-0.2668,14.9142,14.9142,0.0
2002-09-13,9,May-Sep,8,14.5,12-<15,30.3,15.8,-0.3889,1.1217,2,-0.1633,0.265,2,0.4439,0.5626,3,-1.2072,14.9203,14.9203,0.0
2002-09-14,9,May-Sep,8,15.7,15-<18,33.6,17.9,0.274,1.2945,2,-1.1812,1.5822,2,1.4903,1.643,3,0.6445,14.9264,14.9264,0.0
2002-09-15,9,May-Sep,8,10.8,10-<12,29.0,18.2,2.5469,4.771,2,-1.4962,2.1095,2,3.6594,3.7592,3,5.4276,11.9325,14.9325,3.0
2002-09-16,9,May-Sep,8,14.8,12-<15,22.9,8.1,4.7442,6.0487,2,2.0058,3.9813,2,8.7861,8.7917,3,2.496,14.9389,14.9389,0.0
2002-09-17,9,May-Sep,8,9.8,8-<10,16.7,6.9,-0.1377,0.5488,2,-0.5193,0.5564,2,0.5214,0.551,3,-0.5116,14.945,14.945,0.0
2002-09-18,9,May-Sep,8,12.1,12-<15,18.0,5.9,-0.8175,1.2214,2,-1.0666,1.4577,2,-0.171,0.5956,3,-1.3322,14.9511,14.9511,0.0
2002-09-19,9,May-Sep,8,13.2,12-<15,21.9,8.7,-0.7552,1.58,2,-2.8087,3.0392,2,0.2298,0.2642,3,-0.2409,14.9572,14.9572,0.0
2002-09-20,9,May-Sep,8,14.5,12-<15,24.3,9.8,-2.2602,3.7114,2,-1.7633,2.1591,2,-0.4376,0.773,3,-4.6299,14.9633,14.9633,0.0
2002-09-21,9,May-Sep,7,7.4,<8,26.5,19.1,-0.9329,1.6272,1,-2.153,2.153,2,0.7877,0.9265,3,-1.793,14.9694,14.9694,0.0
2002-09-22,9,May-Sep,8,10.2,10-<12,28.6,18.4,0.4132,2.328,2,-1.1904,1.6879,2,1.5454,1.9237,3,1.2519,14.9756,14.9756,0.0
2002-09-23,9,May-Sep,8,9.9,8-<10,24.2,14.3,-0.1891,0.7738,2,-0.9099,1.0449,2,0.5545,0.5756,3,0.0368,14.9817,14.9817,0.0
2002-09-24,9,May-Sep,8,8.8,8-<10,21.8,13.0,0.5376,1.1072,2,-0.2849,0.3921,2,1.6346,1.635,3,-0.0909,14.9875,14.9875,0.0
2002-09-25,9,May-Sep,8,9.1,8-<10,20.9,11.8,0.1746,1.2842,2,-1.1363,1.6029,2,0.9944,1.0371,3,0.5542,14.9933,14.9933,0.0
2002-09-26,9,May-Sep,6,13.3,12-<15,23.5,10.2,-0.0191,0.798,2,-0.7369,1.0342,2,0.8522,0.8888,1,-0.0273,14.9992,14.9992,0.0
2002-09-27,9,May-Sep,8,12.8,12-<15,23.4,10.6,-0.3583,0.8881,2,-0.8473,1.2581,2,0.4281,0.5671,3,-0.2638,15.005,15.005,0.0
2002-09-28,9,May-Sep,7,13.5,12-<15,25.3,11.8,-0.2389,1.1891,2,-1.7285,1.9636,1,1.0884,1.0884,3,0.4207,12.0106,12.0106,0.0
2002-09-29,9,May-Sep,8,9.6,8-<10,24.3,14.7,0.298,0.8825,2,-0.6824,0.7917,2,0.6931,0.9803,3,0.9499,15.0161,15.0161,0.0
2002-09-30,9,May-Sep,8,11.9,10-<12,24.5,12.6,-0.3902,0.9215,2,-0.9606,1.3417,2,0.309,0.3276,3,-0.2739,15.0217,15.0217,0.0
2002-10-01,10,Other,8,12.8,12-<15,24.6,11.8,-0.5592,1.069,2,-0.9561,1.4259,2,0.5048,0.5411,3,-0.9029,15.0272,15.0272,0.0
2002-10-02,10,Other,8,8.8,8-<10,22.0,13.2,1.4349,4.241,2,-1.8147,2.0843,2,7.0319,7.0339,3,0.568,12.0325,15.0325,3.0
2002-10-03,10,Other,8,9.3,8-<10,19.0,9.7,0.2652,0.8604,2,-0.8331,1.1273,2,0.6703,0.819,3,0.6334,15.0375,15.0375,0.0
2002-10-04,10,Other,8,9.5,8-<10,20.0,10.5,-0.347,0.8925,2,-0.9079,1.1123,2,0.338,0.3652,3,-0.5808,15.0425,15.0425,0.0
2002-10-05,10,Other,7,11.7,10-<12,24.1,12.4,-0.0571,1.1138,2,-1.0189,1.3033,2,0.2002,0.36,2,1.2155,15.0475,15.0475,0.0
2002-10-06,10,Other,8,7.2,<8,22.9,15.7,-0.9946,2.7271,2,-1.8977,3.0744,2,0.8528,0.8664,3,-2.4914,15.0522,15.0522,0.0
2002-10-07,10,Other,7,9.2,8-<10,22.1,12.9,-0.4482,0.8484,2,-0.9477,1.1698,1,0.2994,0.2994,3,-0.5948,15.0569,15.0569,0.0
2002-10-08,10,Other,8,9.1,8-<10,19.8,10.7,2.3254,4.0482,2,0.2724,0.599,2,6.2336,6.3417,3,-0.1881,0.0614,15.0614,-9.0
2002-10-09,10,Other,8,9.6,8-<10,17.4,7.8,-0.3965,1.1987,2,-1.601,1.7306,2,0.3693,0.4067,3,-0.3224,15.0658,15.0658,0.0
2002-10-10,10,Other,8,8.5,8-<10,16.5,8.0,-0.5185,1.2003,2,-2.2071,2.3605,2,0.2278,0.2297,3,0.0861,15.07,15.07,0.0
2002-10-11,10,Other,8,10.4,10-<12,18.0,7.6,-0.1857,0.8722,2,-1.0876,1.5994,2,0.2601,0.2672,3,0.0898,15.0742,15.0742,0.0
2002-10-12,10,Other,8,12.3,12-<15,21.1,8.8,-0.1181,2.1625,2,-3.2235,3.8833,2,1.2386,1.24,3,1.0271,15.0781,15.0781,0.0
2002-10-13,10,Other,8,14.0,12-<15,23.4,9.4,-0.1713,1.6072,2,-0.6493,0.8473,2,0.7359,0.7811,3,-0.6549,15.0817,15.0817,0.0
2002-10-14,10,Other,7,12.1,12-<15,20.2,8.1,1.0395,7.1398,2,0.5577,2.5728,1,9.1735,9.1735,3,-3.7248,0.0853,12.0853,-12.0
2002-10-15,10,Other,8,4.9,<8,8.4,3.5,0.6908,2.1228,2,-0.6239,0.8212,2,2.7927,2.9321,3,-0.1003,15.0886,15.0886,0.0
2002-10-16,10,Other,8,4.5,<8,3.8,-0.7,0.1143,1.0052,2,0.252,0.3344,2,0.2839,0.5883,3,-0.7727,15.0917,15.0917,0.0
2002-10-17,10,Other,8,7.0,<8,5.8,-1.2,-0.0798,0.554,2,-0.7906,0.9349,2,0.2905,0.3482,3,0.1579,15.0947,15.0947,0.0
2002-10-18,10,Other,8,7.1,<8,5.7,-1.4,-0.2257,0.8865,2,-1.1847,1.6161,2,0.4725,0.4732,3,-0.0482,15.0975,15.0975,0.0
2002-10-19,10,Other,8,7.4,<8,5.9,-1.5,-0.4043,0.7703,2,-1.2967,1.4387,2,0.031,0.0741,3,-0.2011,15.1003,15.1003,0.0
2002-10-20,10,Other,8,4.2,<8,4.4,0.2,0.0012,1.0856,2,-0.4236,1.3161,2,1.2033,1.2191,3,-0.7172,12.1025,15.1025,3.0
2002-10-21,10,Other,8,4.4,<8,5.7,1.3,0.4406,1.1035,2,-0.0484,0.1232,2,0.1759,0.2147,3,0.0699,15.1047,15.1047,0.0
2002-10-22,10,Other,8,10.1,10-<12,11.2,1.1,-0.0513,0.9614,2,-0.7558,1.0842,2,-0.111,0.155,3,0.8536,15.1067,15.1067,0.0
2002-10-23,10,Other,8,10.0,10-<12,10.6,0.6,-0.354,0.712,2,-0.3377,0.4263,2,0.3432,0.373,3,-0.4381,15.1086,15.1086,0.0
2002-10-24,10,Other,8,13.7,12-<15,17.3,3.6,-0.0875,1.8674,2,-2.3321,2.5294,2,1.3864,1.4706,3,1.1491,12.1103,15.1103,3.0
2002-10-25,10,Other,8,8.9,8-<10,13.4,4.5,-0.6338,1.3691,2,-1.4389,1.5346,2,0.9128,0.913,3,-0.8611,12.1117,15.1117,3.0
2002-10-26,10,Other,2,11.6,10-<12,14.9,3.3,0.3755,0.4565,0,,,0,,,2,0.3755,0.1128,0.1128,0.0
2002-10-27,10,Other,8,8.0,8-<10,12.4,4.4,-0.0817,0.5697,2,-0.4038,0.4886,2,0.712,0.7784,3,-0.1977,15.1136,15.1136,0.0
2002-10-28,10,Other,8,8.4,8-<10,13.3,4.9,0.2581,0.6836,2,-0.1086,0.2247,2,0.8573,0.872,3,0.3108,15.1144,15.1144,0.0
2002-10-29,10,Other,8,7.5,<8,11.5,4.0,-0.2324,0.9318,2,-1.3046,1.5124,2,0.8144,0.8227,3,-0.1613,15.115,15.115,0.0
2002-10-30,10,Other,8,9.0,8-<10,12.2,3.2,0.0202,0.8,2,-0.7017,0.9352,2,0.5721,0.6841,3,0.5421,15.115,15.115,0.0
2002-10-31,10,Other,8,7.6,<8,11.3,3.7,0.0408,0.8695,2,-0.8671,1.2055,2,0.5933,0.6023,3,0.5025,15.1153,15.1153,0.0
2002-11-01,11,Other,8,8.0,8-<10,9.5,1.5,-0.2076,1.2458,2,-1.5248,2.1478,2,0.8886,0.8887,3,0.2118,12.115,15.115,3.0
2002-11-02,11,Other,8,11.5,10-<12,11.5,0.0,-0.0019,0.8274,2,-0.3033,0.6037,2,1.0903,1.1593,3,-0.2799,15.1147,15.1147,0.0
2002-11-03,11,Other,8,8.4,8-<10,11.6,3.2,-1.6244,2.7809,2,-4.3494,4.3829,2,0.9298,1.1837,3,-1.7429,15.1139,15.1139,0.0
2002-11-04,11,Other,8,12.3,12-<15,17.2,4.9,1.9699,3.5811,2,0.1619,0.2545,2,6.4274,6.4379,3,1.642,12.1131,15.1131,3.0
2002-11-05,11,Other,8,6.7,<8,9.8,3.1,-0.6521,1.3716,2,-0.9073,0.9438,2,0.3905,0.488,3,-1.0957,15.1119,15.1119,0.0
2002-11-06,11,Other,8,7.4,<8,9.1,1.7,0.0841,0.7413,2,-0.028,0.0296,2,0.9476,1.2085,3,-0.0383,12.1108,15.1108,3.0
2002-11-07,11,Other,8,11.5,10-<12,15.1,3.6,1.6491,4.5891,2,-3.4616,4.8552,2,6.7156,6.7231,3,1.5042,9.1092,15.1092,6.0
2002-11-08,11,Other,8,11.2,10-<12,13.1,1.9,0.3946,1.9212,2,-1.5718,2.472,2,2.5502,2.7201,3,0.3602,12.1075,15.1075,3.0
2002-11-09,11,Other,8,7.4,<8,8.5,1.1,-0.5799,4.1245,2,-3.5707,3.7793,2,5.2896,5.3245,3,-2.6976,0.1056,15.1056,-9.0
2002-11-10,11,Other,8,6.4,<8,5.5,-0.9,-0.37,1.5134,2,-1.4087,1.8923,2,1.5674,1.5903,3,-0.9993,12.1033,15.1033,3.0
2002-11-11,11,Other,8,6.0,<8,4.4,-1.6,-0.1029,0.8968,2,-0.47,0.4783,2,1.2677,1.3389,3,-0.7722,12.1008,15.1008,3.0
2002-11-12,11,Other,8,3.6,<8,2.1,-1.5,0.296,0.9905,2,-0.2691,0.9247,2,1.3798,1.3971,3,-0.2553,15.0981,15.0981,0.0
2002-11-13,11,Other,8,6.5,<8,3.5,-3.0,0.0003,0.8655,2,-0.1348,0.1348,2,1.3493,1.3942,3,-0.7651,15.0953,15.0953,0.0
2002-11-14,11,Other,8,7.8,<8,6.7,-1.1,0.4381,1.4527,2,-0.5972,0.7304,2,2.2774,2.316,3,0.3248,12.0922,15.0922,3.0
2002-11-15,11,Other,8,10.8,10-<12,10.5,-0.3,0.7933,2.1161,2,-0.6214,1.155,2,3.2321,3.2938,3,0.8796,12.0889,15.0889,3.0
2002-11-16,11,Other,8,5.1,<8,4.4,-0.7,0.0789,3.3111,2,-3.1801,3.2802,2,4.0296,4.0386,3,-1.04,3.0853,15.0853,-12.0
2002-11-17,11,Other,8,6.9,<8,3.5,-3.4,0.6122,1.6241,2,-0.5425,0.5665,2,2.9918,2.9933,3,0.0878,12.0817,15.0817,3.0
2002-11-18,11,Other,7,2.4,<8,-0.1,-2.5,0.2565,0.7348,1,-0.5966,0.5966,2,1.1338,1.182,3,-0.0424,12.0778,15.0778,3.0
2002-11-19,11,Other,7,10.3,10-<12,6.1,-4.2,-0.0085,1.0315,1,-1.152,1.152,2,1.142,1.1428,3,-0.1068,15.0736,15.0736,0.0
2002-11-20,11,Other,8,10.6,10-<12,7.6,-3.0,-1.5518,2.0734,2,-2.0995,2.5432,2,0.0514,0.9486,3,-2.4202,15.0694,15.0694,0.0
2002-11-21,11,Other,7,7.4,<8,6.6,-0.8,-0.0486,0.2869,2,-0.1465,0.193,2,0.1732,0.4598,2,-0.1823,15.0647,15.0647,0.0
2002-11-22,11,Other,8,6.6,<8,5.3,-1.3,1.3725,3.2955,2,-0.341,0.7465,2,5.0285,5.0358,3,-0.8805,0.06,15.06,-9.0
2002-11-23,11,Other,8,9.4,8-<10,3.4,-6.0,-0.1607,1.6512,2,-0.8297,1.4975,2,1.8085,1.8205,3,-1.2712,15.0553,15.0553,0.0
2002-11-24,11,Other,8,10.2,10-<12,3.5,-6.7,0.8609,1.8517,2,-0.6216,0.8538,2,3.3529,3.356,3,0.7543,12.05,15.05,3.0
2002-11-25,11,Other,8,6.9,<8,0.0,-6.9,-0.3941,1.3279,2,-1.9015,1.9103,2,0.9888,0.9889,3,-0.8887,15.0447,15.0447,0.0
2002-11-26,11,Other,8,12.2,12-<15,5.6,-6.6,0.6774,4.9793,2,-5.2268,6.1237,2,5.5892,6.256,3,-0.5818,9.0394,15.0394,6.0
2002-11-27,11,Other,7,5.9,<8,1.9,-4.0,1.0308,2.8793,2,-0.7681,0.7812,2,4.2212,4.223,2,-0.1744,0.0339,15.0339,-9.0
2002-11-28,11,Other,8,5.0,<8,-1.1,-6.1,-0.0866,1.3637,2,-1.2587,1.6116,2,1.6404,1.6415,3,-0.7749,15.0281,15.0281,0.0
2002-11-29,11,Other,8,4.8,<8,-2.6,-7.4,-0.214,1.62,2,-1.1353,1.1436,2,2.0672,2.1619,3,-1.1284,0.0222,15.0222,-9.0
2002-11-30,11,Other,8,3.6,<8,-4.2,-7.8,-0.0154,1.3446,2,-0.2956,0.445,2,1.4258,1.6224,3,-1.1613,0.0161,15.0161,-9.0
2002-12-01,12,Other,8,14.3,12-<15,6.0,-8.3,3.3628,5.8832,2,-1.0172,2.4199,2,10.7683,10.9067,3,2.3335,12.0097,15.0097,3.0
2002-12-02,12,Other,8,16.2,15-<18,6.9,-9.3,0.9597,5.7661,2,-1.5392,1.9054,2,8.9207,8.9394,3,-1.2924,12.0033,15.0033,3.0
2002-12-03,12,Other,8,6.1,<8,-4.1,-10.2,2.1555,2.8347,2,-0.0672,0.1514,2,3.7992,3.832,3,2.0793,14.9969,14.9969,0.0
2002-12-04,12,Other,8,4.4,<8,-8.6,-13.0,0.526,1.1572,2,-0.7094,0.7098,2,1.8231,1.8232,3,0.4708,11.9903,14.9903,3.0
2002-12-05,12,Other,8,3.3,<8,-11.1,-14.4,-0.2038,0.6523,2,-0.5501,0.5616,2,0.518,0.5312,3,-0.4704,14.9836,14.9836,0.0
2002-12-06,12,Other,8,3.5,<8,-11.1,-14.6,0.2817,0.9737,2,-0.7408,0.7457,2,1.0925,1.1984,3,0.5876,14.9767,14.9767,0.0
2002-12-07,12,Other,8,7.0,<8,-9.4,-16.4,0.9105,1.8151,2,-0.393,0.3953,2,2.5366,2.5476,3,1.5784,11.9697,14.9697,3.0
2002-12-08,12,Other,7,3.8,<8,-13.3,-17.1,-0.1641,0.4706,2,-0.4308,0.5379,2,0.355,0.4373,2,-0.3462,14.9625,14.9625,0.0
2002-12-09,12,Other,8,7.7,<8,-8.1,-15.8,-0.9917,2.4739,2,-3.8163,3.8286,2,1.999,2.1182,3,-1.4832,11.9556,14.9556,3.0
2002-12-10,12,Other,8,6.8,<8,-6.8,-13.6,-0.4712,3.692,2,-4.6891,4.8246,2,4.418,4.4377,3,-1.2685,8.9481,14.9481,6.0
2002-12-11,12,Other,7,10.6,10-<12,-3.1,-13.7,-1.715,3.9485,2,-5.1967,5.2033,1,5.7989,5.7989,3,-2.5176,11.9408,14.9408,3.0
2002-12-12,12,Other,8,7.4,<8,-4.6,-12.0,-0.8289,2.3842,2,-0.1695,0.4805,2,1.4945,1.5084,3,-3.3246,20.9333,14.9333,-6.0
2002-12-13,12,Other,7,5.2,<8,-3.6,-8.8,-1.06,1.9776,2,-2.3195,2.3929,2,1.1301,1.2236,2,-2.0111,11.9258,14.9258,3.0
2002-12-14,12,Other,8,4.5,<8,-2.6,-7.1,0.741,1.7695,2,-0.8198,0.856,2,2.4218,2.4584,3,1.1865,11.9183,14.9183,3.0
2002-12-15,12,Other,8,7.1,<8,-2.0,-9.1,-0.3769,1.6238,2,-0.3169,0.4281,2,0.6402,1.5925,3,-1.6336,17.9106,14.9106,-3.0
2002-12-16,12,Other,8,3.3,<8,-2.9,-6.2,0.7718,1.5554,2,-0.9025,0.9111,2,2.0283,2.0548,3,1.1131,11.9031,14.9031,3.0
2002-12-17,12,Other,8,3.7,<8,-5.7,-9.4,0.5308,1.2888,2,-0.6829,0.6873,2,1.9786,2.0227,3,0.0628,2.8953,14.8953,-12.0
2002-12-18,12,Other,7,2.5,<8,-8.1,-10.6,-0.0053,0.8005,2,-0.706,0.8436,2,0.7824,0.7868,2,-0.394,14.8875,14.8875,0.0
2002-12-19,12,Other,8,4.2,<8,-9.7,-13.9,0.2445,2.5723,2,-2.8125,2.8132,2,3.218,3.2231,3,0.3435,2.8797,14.8797,-12.0
2002-12-20,12,Other,7,3.4,<8,-12.3,-15.7,0.6739,1.4749,1,-1.2032,1.2032,2,1.3708,1.4855,3,1.0145,14.8719,14.8719,0.0
2002-12-21,12,Other,8,6.9,<8,-11.6,-18.5,1.0042,1.4242,2,-0.1229,0.1535,2,1.882,1.8911,3,1.4275,14.8639,14.8639,0.0
2002-12-22,12,Other,8,6.5,<8,-15.0,-21.5,1.7065,3.0236,2,-1.2001,1.3198,2,4.9351,4.9354,3,1.5147,11.8561,14.8561,3.0
2002-12-23,12,Other,8,7.9,<8,-14.4,-22.3,-0.0423,1.2953,2,-1.7809,1.8515,2,1.3131,1.7249,3,0.0898,14.8483,14.8483,0.0
2002-12-24,12,Other,8,3.3,<8,-17.5,-20.8,-0.082,0.8234,2,-0.2273,0.4648,2,0.8392,0.9061,3,-0.5421,14.8406,14.8406,0.0
2002-12-25,12,Other,8,6.9,<8,-12.8,-19.7,0.9772,2.303,2,-1.2933,1.5036,2,2.7942,2.8387,3,2.1057,11.8328,14.8328,3.0
2002-12-26,12,Other,8,5.8,<8,-16.5,-22.3,-1.008,1.7533,2,-0.5535,0.7933,2,0.2834,1.0501,3,-2.245,23.8172,14.825,-8.9922
2002-12-27,12,Other,8,4.4,<8,-13.1,-17.5,0.678,1.9004,2,-1.3774,1.4391,2,2.7085,2.7266,3,1.2825,11.8172,14.8172,3.0
2002-12-28,12,Other,8,5.9,<8,-12.4,-18.3,-0.5648,2.3489,2,-3.0042,3.1156,2,2.2769,2.3348,3,-0.6446,11.8094,14.8094,3.0
2002-12-29,12,Other,8,14.8,12-<15,-3.2,-18.0,0.4103,5.043,2,-5.2632,5.4146,2,7.9436,8.0432,3,0.4253,11.8019,14.8019,3.0
2002-12-30,12,Other,8,8.8,8-<10,-8.3,-17.1,0.1825,1.4911,2,-1.4647,1.7999,2,1.0806,1.0806,3,1.2418,11.7942,14.7942,3.0
2002-12-31,12,Other,8,7.4,<8,-9.2,-16.6,-1.2685,3.9079,2,-6.6358,6.6402,2,2.4546,2.4583,3,0.0348,8.7867,14.7867,6.0
2003-01-01,1,Other,8,8.3,8-<10,-10.5,-18.8,2.082,3.543,2,-0.6929,1.1742,2,4.6502,4.9057,3,3.4348,11.7792,14.7792,3.0
2003-01-02,1,Other,8,3.9,<8,-18.1,-22.0,-0.2597,0.7499,2,-0.409,0.5885,2,0.6823,0.8391,3,-0.7213,14.7719,14.7719,0.0
2003-01-03,1,Other,8,6.7,<8,-13.4,-20.1,-1.2789,1.8818,2,-1.7723,1.9207,2,0.3003,0.4164,3,-1.8632,11.7644,14.7644,3.0
2003-01-04,1,Other,8,9.5,8-<10,-6.1,-15.6,1.4781,3.7024,2,-2.835,3.0619,2,5.1715,5.217,3,2.7298,11.7572,14.7572,3.0
2003-01-05,1,Other,8,7.4,<8,-10.4,-17.8,-1.737,2.3543,2,-3.787,3.8693,2,0.4752,0.4835,3,-1.9526,14.75,14.75,0.0
2003-01-06,1,Other,8,10.9,10-<12,-7.4,-18.3,0.2736,2.9244,2,-3.3134,3.3146,2,4.3178,4.3256,3,0.0155,11.7431,14.7431,3.0
2003-01-07,1,Other,8,12.2,12-<15,-2.4,-14.6,0.4122,4.2322,2,-3.7965,3.8942,2,6.572,6.8704,3,0.1027,11.7361,14.7361,3.0
2003-01-08,1,Other,8,11.4,10-<12,-1.7,-13.1,0.558,3.7905,2,-3.3327,3.4415,2,5.8725,5.88,3,0.6031,11.7292,14.7292,3.0
2003-01-09,1,Other,8,13.6,12-<15,1.6,-12.0,-0.6757,2.3776,2,-3.168,3.195,2,2.8745,2.9572,3,-1.4429,11.7225,14.7225,3.0
2003-01-10,1,Other,8,10.6,10-<12,-2.8,-13.4,-0.0803,3.9564,2,-2.1136,3.0547,2,5.7285,5.7778,3,-2.8944,23.7094,14.7161,-8.9933
2003-01-11,1,Other,8,12.9,12-<15,0.5,-12.4,0.0185,5.0193,2,-2.4909,2.5615,2,4.9715,5.008,3,-2.3432,2.7094,14.7094,-12.0
2003-01-12,1,Other,8,8.1,8-<10,-2.8,-10.9,-2.1675,3.4082,2,-6.1314,6.1338,2,1.1267,1.4129,3,-1.8306,11.7033,14.7033,3.0
2003-01-13,1,Other,8,8.5,8-<10,-0.1,-8.6,2.4966,3.7365,2,-0.0054,0.2695,2,5.9865,5.9872,3,3.0234,11.6969,14.6969,3.0
2003-01-14,1,Other,8,7.5,<8,-4.4,-11.9,-0.3211,1.576,2,-1.0023,1.125,2,1.2546,1.3416,3,-1.3386,14.6911,14.6911,0.0
2003-01-15,1,Other,8,12.4,12-<15,2.9,-9.5,2.0979,4.7265,2,-2.3329,2.6268,2,8.1102,8.1661,3,2.453,11.6853,14.6853,3.0
2003-01-16,1,Other,8,14.0,12-<15,0.2,-13.8,-2.3758,3.7616,2,-2.8855,3.7821,2,1.09,1.1393,3,-4.7352,14.6794,14.6794,0.0
2003-01-17,1,Other,8,9.6,8-<10,0.1,-9.5,0.9534,3.2839,2,-1.5673,1.5784,2,5.4367,5.4392,3,0.5242,11.6739,14.6739,3.0
2003-01-18,1,Other,8,7.3,<8,-2.7,-10.0,-1.0439,2.3586,2,-0.2879,0.3405,2,-0.3038,1.2194,3,-3.0925,20.6686,14.6686,-6.0
2003-01-19,1,Other,8,7.6,<8,-1.1,-8.7,0.3408,3.7973,2,-3.4634,3.4834,2,4.5683,4.5696,3,-1.4686,2.6633,14.6633,-12.0
2003-01-20,1,Other,7,6.9,<8,-1.2,-8.1,-1.1175,3.311,2,-4.8463,4.8704,2,1.0995,1.3155,3,-0.1096,14.6583,14.6583,0.0
2003-01-21,1,Other,8,10.3,10-<12,-0.4,-10.7,1.3926,3.9281,2,-2.436,2.7096,2,6.6368,6.6506,3,-0.0612,23.6486,14.6533,-8.9953
2003-01-22,1,Other,8,9.4,8-<10,-0.4,-9.8,0.9294,2.9766,2,-2.3288,2.9612,2,4.6905,4.7095,3,0.8381,11.6486,14.6486,3.0
2003-01-23,1,Other,8,5.9,<8,-3.1,-9.0,0.4875,1.5984,2,-0.8342,1.1931,2,2.4204,2.5039,3,0.461,11.6442,14.6442,3.0
2003-01-24,1,Other,8,6.4,<8,-6.1,-12.5,1.8108,3.2307,2,-0.645,0.75,2,4.6714,4.688,3,1.3775,2.64,14.64,-12.0
2003-01-25,1,Other,8,7.2,<8,-10.8,-18.0,1.3541,2.6661,2,-0.2849,0.2873,2,4.7916,4.8195,3,0.7835,11.6358,14.6358,3.0
2003-01-26,1,Other,8,5.8,<8,-16.2,-22.0,1.1046,2.5752,2,-1.8173,1.9774,2,3.6432,3.6727,3,1.3991,11.6319,14.6319,3.0
2003-01-27,1,Other,8,13.2,12-<15,-9.6,-22.8,0.3601,4.1785,2,-4.7103,5.0414,2,6.378,6.5457,3,-0.29,11.6283,14.6283,3.0
2003-01-28,1,Other,8,8.5,8-<10,-11.1,-19.6,-0.9324,2.6211,2,-2.8146,4.0089,2,1.9226,1.9984,3,-1.8937,20.6247,14.6247,-6.0
2003-01-29,1,Other,8,10.9,10-<12,-7.1,-18.0,0.9729,3.9307,2,-3.883,4.2566,2,5.5326,5.7132,3,2.0568,11.6214,14.6214,3.0
2003-01-30,1,Other,8,10.9,10-<12,-10.6,-21.5,-2.1945,3.2135,2,-1.0159,1.1441,2,0.1903,0.8877,3,-4.6432,23.6156,14.6183,-8.9973
2003-01-31,1,Other,8,9.6,8-<10,-3.7,-13.3,-0.8013,3.053,2,-2.494,3.6627,2,3.1795,3.2024,3,-2.6318,23.6128,14.6156,-8.9972
2003-02-01,2,Other,8,5.7,<8,-3.1,-8.8,0.4092,2.6238,2,-2.5715,2.7114,2,3.5279,3.629,3,0.7029,11.6128,14.6128,3.0
2003-02-02,2,Other,8,7.7,<8,-4.7,-12.4,2.079,3.7899,2,-1.0583,1.1162,2,5.8327,5.8386,3,2.8001,11.6103,14.6103,3.0
2003-02-03,2,Other,8,9.1,8-<10,-6.6,-15.7,-0.5033,1.4277,2,-1.0351,1.3645,2,1.1997,1.2228,3,-0.7489,11.6081,14.6081,3.0
2003-02-04,2,Other,8,11.9,10-<12,-1.1,-13.0,1.6672,3.949,2,-1.5441,1.9156,2,6.6813,6.7456,3,1.3864,11.6061,14.6061,3.0
2003-02-05,2,Other,8,10.1,10-<12,-2.1,-12.2,-1.1543,4.0557,2,-3.9205,4.241,2,3.7653,3.8507,3,-2.8519,2.6044,14.6044,-12.0
2003-02-06,2,Other,8,9.3,8-<10,-1.0,-10.3,0.8323,3.9042,2,-4.4193,4.691,2,5.6002,5.6392,3,0.775,8.6028,14.6028,6.0
2003-02-07,2,Other,8,8.9,8-<10,-3.1,-12.0,0.2849,1.2609,2,-0.7864,1.0645,2,2.0953,2.1617,3,0.1547,14.6014,14.6014,0.0
2003-02-08,2,Other,8,6.1,<8,-7.0,-13.1,1.4571,3.1651,2,-1.9152,1.9247,2,4.2687,4.2971,3,1.5854,2.6003,14.6003,-12.0
2003-02-09,2,Other,8,3.0,<8,-12.5,-15.5,-0.1353,0.7677,2,-0.3812,0.3887,2,0.9163,1.0579,3,-0.5059,11.5992,14.5992,3.0
2003-02-10,2,Other,8,4.1,<8,-12.9,-17.0,-0.3737,0.8223,2,-0.9247,0.9322,2,0.4153,0.6748,3,-0.5788,14.5986,14.5986,0.0
2003-02-11,2,Other,8,4.3,<8,-12.1,-16.4,0.1326,0.8476,2,-0.398,0.4458,2,1.2497,1.3724,3,-0.02,11.5981,14.5981,3.0
2003-02-12,2,Other,8,7.4,<8,-8.1,-15.5,0.7408,2.3875,2,-2.0934,2.4837,2,3.0166,3.3454,3,1.6015,11.5978,14.5978,3.0
2003-02-13,2,Other,7,7.0,<8,-9.0,-16.0,-0.2392,1.4204,2,-0.5174,0.6785,2,1.1087,1.3311,3,-0.9522,14.5978,14.5978,0.0
2003-02-14,2,Other,8,11.8,10-<12,-1.4,-13.2,-2.0709,3.5353,2,-5.5755,5.5907,2,2.1279,2.2823,3,-2.7276,11.5978,14.5978,3.0
2003-02-15,2,Other,7,5.8,<8,-2.8,-8.6,0.9712,2.7575,2,-1.4608,1.6551,2,3.5273,3.6804,3,0.8885,2.5981,14.5981,-12.0
2003-02-16,2,Other,8,4.2,<8,-6.5,-10.7,-0.0329,1.2256,2,-0.4647,0.5268,2,1.6246,1.6452,3,-1.1208,23.5994,14.5986,-9.0008
2003-02-17,2,Other,7,4.1,<8,-6.8,-10.9,1.0455,2.3488,1,-0.6134,0.6134,2,3.3866,3.388,3,-0.2181,2.5994,14.5994,-12.0
2003-02-18,2,Other,8,10.6,10-<12,-0.6,-11.2,-1.5937,3.4383,2,-5.6566,5.6578,2,2.6185,2.6296,3,-1.7611,11.6003,14.6003,3.0
2003-02-19,2,Other,8,2.3,<8,-4.4,-6.7,0.2432,0.7531,2,-0.397,0.4104,2,0.8996,0.9043,3,0.3804,11.6017,14.6017,3.0
2003-02-20,2,Other,7,7.9,<8,-0.1,-8.0,-0.6126,2.1228,2,-0.5139,0.5164,2,1.3675,1.4549,3,-1.9985,14.6031,14.6031,0.0
2003-02-21,2,Other,7,12.5,12-<15,4.8,-7.7,1.048,5.9657,1,-1.6737,1.6737,2,8.6296,8.669,3,-1.9092,11.6044,14.6044,3.0
2003-02-22,2,Other,6,13.7,12-<15,4.7,-9.0,1.8535,5.132,2,1.0955,1.314,1,8.1506,8.1506,2,-3.5075,1.6061,14.6061,-11.0
2003-02-23,2,Other,5,5.1,<8,-1.4,-6.5,-0.3293,1.7247,2,-0.495,0.7744,1,2.6819,2.6819,1,-2.343,11.6081,14.6081,3.0
2003-02-24,2,Other,8,5.0,<8,-1.9,-6.9,0.7536,1.7654,2,-0.3458,0.919,2,3.0332,3.0368,3,0.5382,11.6103,14.6103,3.0
2003-02-25,2,Other,8,3.5,<8,-4.8,-8.3,0.1618,0.8253,2,-0.2694,0.6491,2,0.6609,0.715,3,-0.3044,14.6125,14.6125,0.0
2003-02-26,2,Other,8,3.2,<8,-5.5,-8.7,0.8752,1.4047,2,0.0507,0.3283,2,1.2881,1.4654,3,1.2062,14.615,14.615,0.0
2003-02-27,2,Other,8,4.8,<8,-6.6,-11.4,1.2107,2.5731,2,-1.7883,1.9909,2,3.3608,3.3654,3,1.5409,8.6178,14.6178,6.0
2003-02-28,2,Other,8,8.5,8-<10,-4.8,-13.3,-0.8838,2.2102,2,-0.998,1.0057,2,1.5673,1.7143,3,-2.0773,11.6206,14.6206,3.0
2003-03-01,3,Other,8,9.3,8-<10,-0.2,-9.5,-0.69,2.366,2,-3.4736,3.7938,2,2.1601,2.162,3,-0.3799,11.6236,14.6236,3.0
2003-03-02,3,Other,6,5.5,<8,-3.6,-9.1,1.6864,2.7259,1,-0.8301,0.8301,2,4.2167,4.22,2,0.0185,8.6267,14.6267,6.0
2003-03-03,3,Other,8,5.4,<8,-4.5,-9.9,-0.1166,0.8437,2,-0.164,0.1683,2,0.9788,1.0554,3,-0.8249,14.63,14.63,0.0
2003-03-04,3,Other,8,2.5,<8,-5.0,-7.5,-0.3125,0.6508,2,-1.1537,1.1551,2,0.3069,0.3072,3,-0.2051,14.6336,14.6336,0.0
2003-03-05,3,Other,8,6.3,<8,-2.0,-8.3,0.3413,1.3409,2,-1.1133,1.1961,2,2.2183,2.2308,3,0.2657,11.6372,14.6372,3.0
2003-03-06,3,Other,7,6.6,<8,-2.8,-9.4,0.307,1.2589,1,-0.3692,0.3692,2,1.9506,2.0062,3,-0.3497,11.6408,14.6408,3.0
2003-03-07,3,Other,8,4.5,<8,-6.1,-10.6,0.4888,1.146,2,0.0032,0.3485,2,1.863,1.8766,3,-0.3283,14.6447,14.6447,0.0
2003-03-08,3,Other,8,4.9,<8,-7.6,-12.5,0.7569,1.5646,2,-0.5778,0.8023,2,2.1369,2.1515,3,0.3189,14.6489,14.6489,0.0
2003-03-09,3,Other,8,7.9,<8,-4.7,-12.6,-1.3917,3.1304,2,-1.6182,1.6623,2,0.5696,1.2479,3,-3.5492,23.6572,14.6531,-9.0041
2003-03-10,3,Other,8,10.0,10-<12,2.9,-7.1,0.136,1.6462,2,-1.4822,1.7926,2,2.2183,2.2229,3,0.3868,11.6572,14.6572,3.0
2003-03-11,3,Other,8,8.1,8-<10,-0.9,-9.0,2.0269,3.0774,2,-0.0527,0.2928,2,5.4095,5.4122,3,0.6346,11.6617,14.6617,3.0
2003-03-12,3,Other,8,2.4,<8,-6.8,-9.2,0.068,0.4676,2,-0.1252,0.5149,2,0.4757,0.509,3,-0.0427,14.6661,14.6661,0.0
2003-03-13,3,Other,8,5.8,<8,-5.9,-11.7,-0.2464,1.0517,2,-1.1317,1.3919,2,1.1803,1.2791,3,-0.6003,14.6706,14.6706,0.0
2003-03-14,3,Other,8,5.5,<8,-6.1,-11.6,0.3517,1.1814,2,-0.9672,0.9764,2,1.9533,1.9544,3,0.3442,11.6753,14.6753,3.0
2003-03-15,3,Other,8,5.6,<8,-7.0,-12.6,-0.3968,1.1213,2,-0.8392,1.0959,2,0.9975,1.0016,3,-1.063,11.68,14.68,3.0
2003-03-16,3,Other,8,7.0,<8,-4.0,-11.0,-0.2476,1.243,2,-1.4963,1.7992,2,1.2486,1.4134,3,-0.3322,14.685,14.685,0.0
2003-03-17,3,Other,8,6.6,<8,-4.0,-10.6,-0.0223,0.7768,2,-0.0981,0.0992,2,0.8288,0.8438,3,-0.5831,14.69,14.69,0.0
2003-03-18,3,Other,8,7.1,<8,-1.0,-8.1,-0.2404,1.2647,2,-1.7995,2.1073,2,1.0446,1.2345,3,-0.0771,14.695,14.695,0.0
2003-03-19,3,Other,8,8.4,8-<10,0.7,-7.7,-0.9357,2.2895,2,-0.3121,0.5395,2,1.254,1.2826,3,-2.8441,11.7,14.7,3.0
2003-03-20,3,Other,8,7.5,<8,4.7,-2.8,-0.8263,1.6892,2,-2.3005,2.3027,2,1.1196,1.2397,3,-1.237,14.705,14.705,0.0
2003-03-21,3,Other,7,8.0,8-<10,4.9,-3.1,-0.2627,1.1486,2,-0.6472,0.8521,2,1.036,1.0466,2,-0.8961,11.7103,14.7103,3.0
2003-03-22,3,Other,8,10.4,10-<12,9.3,-1.1,-0.0169,1.7713,2,-1.8547,2.7406,2,2.019,2.0235,3,0.2429,11.7156,14.7156,3.0
2003-03-23,3,Other,8,9.2,8-<10,9.3,0.1,-0.203,1.005,2,-0.2988,0.3079,2,1.1052,1.1503,3,-0.6345,11.7208,14.7208,3.0
2003-03-24,3,Other,8,6.8,<8,9.5,2.7,0.5285,1.0701,2,-0.8157,0.8352,2,1.7248,1.7569,3,0.5509,14.7261,14.7261,0.0
2003-03-25,3,Other,8,7.9,<8,8.5,0.6,-0.1968,0.6897,2,-0.4002,0.4541,2,0.5995,0.6062,3,-0.7093,14.7314,14.7314,0.0
2003-03-26,3,Other,8,9.4,8-<10,11.8,2.4,-0.4644,1.125,2,-0.8561,1.0626,2,0.5968,0.6639,3,-0.9582,14.7367,14.7367,0.0
2003-03-27,3,Other,8,12.0,12-<15,16.2,4.2,0.3416,1.9699,2,-2.1501,2.161,2,2.9186,2.9217,3,0.5334,11.7419,14.7419,3.0
2003-03-28,3,Other,8,9.9,8-<10,14.7,4.8,-0.1603,0.9491,2,-0.1245,0.139,2,0.766,0.7757,3,-1.0605,14.7472,14.7472,0.0
2003-03-29,3,Other,8,9.0,8-<10,12.8,3.8,2.2447,4.4279,2,-0.0774,3.035,2,6.4798,6.558,3,-0.3503,2.7528,14.7528,-12.0
2003-03-30,3,Other,8,5.5,<8,10.3,4.8,0.2186,0.4193,2,0.2132,0.638,2,0.422,0.4558,3,0.1019,14.7581,14.7581,0.0
2003-03-31,3,Other,8,10.9,10-<12,13.4,2.5,-0.3804,0.6693,2,-0.5722,0.6402,2,0.353,0.3893,3,-0.8959,14.7633,14.7633,0.0
2003-04-01,4,Other,8,10.3,10-<12,11.5,1.2,3.0575,4.501,2,1.1801,2.4817,2,6.846,6.8864,3,0.5654,2.7686,14.7686,-12.0
2003-04-02,4,Other,8,4.4,<8,5.4,1.0,-0.0103,0.9876,2,0.0754,0.5987,2,0.05,0.0679,3,-0.8446,14.7739,14.7739,0.0
2003-04-03,4,Other,8,6.2,<8,5.0,-1.2,2.1485,3.0459,2,0.7449,1.5278,2,4.7285,4.7623,3,0.6525,2.7792,14.7792,-12.0
2003-04-04,4,Other,8,5.6,<8,4.1,-1.5,0.0327,0.7558,2,-0.0655,0.5416,2,0.2703,0.681,3,-0.483,17.7842,14.7842,-3.0
2003-04-05,4,Other,8,12.3,12-<15,10.2,-2.1,-1.0764,1.7952,2,-0.4861,0.6242,2,-0.0317,0.2244,3,-2.4003,14.7894,14.7894,0.0
2003-04-06,4,Other,8,13.0,12-<15,14.9,1.9,-1.3261,3.2808,2,-0.0702,0.1395,2,-0.0267,1.1173,3,-4.1124,17.7944,14.7944,-3.0
2003-04-07,4,Other,8,10.3,10-<12,15.7,5.4,-0.0097,1.1389,2,-0.6588,0.6591,2,1.0073,1.0299,3,-0.8952,14.7994,14.7994,0.0
2003-04-08,4,Other,8,17.5,15-<18,13.1,-4.4,4.7024,9.4786,2,0.5179,4.8846,2,13.2262,13.2771,3,-1.1187,2.8044,14.8044,-12.0
2003-04-09,4,Other,8,12.3,12-<15,9.1,-3.2,-0.3512,1.3928,2,-0.201,0.6546,2,-0.0729,0.7687,3,-1.3544,14.8094,14.8094,0.0
2003-04-10,4,Other,8,10.0,10-<12,11.0,1.0,-0.6672,1.1996,2,-1.0204,1.1629,2,0.2329,0.4298,3,-1.3569,14.8142,14.8142,0.0
2003-04-11,4,Other,8,9.6,8-<10,12.5,2.9,-0.4473,1.1241,2,-1.1399,1.3734,2,0.9113,0.9543,3,-1.1037,14.8189,14.8189,0.0
2003-04-12,4,Other,8,9.8,8-<10,14.2,4.4,0.0562,0.6546,2,-0.081,0.4041,2,0.1997,0.1998,3,-0.4194,14.8236,14.8236,0.0
2003-04-13,4,Other,8,11.5,10-<12,17.7,6.2,-0.7356,1.2428,2,-0.5453,0.6665,2,0.439,0.5079,3,-1.8919,14.8281,14.8281,0.0
2003-04-14,4,Other,8,11.4,10-<12,18.4,7.0,0.1828,1.3584,2,-1.0993,1.3771,2,1.2977,1.2978,3,0.51,14.8325,14.8325,0.0
2003-04-15,4,Other,8,22.4,>=20,15.8,-6.6,7.5405,12.0121,2,1.5983,6.3594,2,17.276,17.3608,3,1.3695,2.8369,14.8369,-12.0
2003-04-16,4,Other,8,8.3,8-<10,-2.5,-10.8,0.3054,2.6112,2,0.846,2.3203,2,1.6054,1.6788,3,-2.3415,14.8411,14.8411,0.0
2003-04-17,4,Other,8,6.1,<8,-0.6,-6.7,-0.2083,1.0999,2,0.4158,0.777,2,0.6509,0.7406,3,-1.1088,14.8453,14.8453,0.0
2003-04-18,4,Other,8,6.7,<8,2.2,-4.5,-0.2448,0.9115,2,0.11,0.7565,2,0.1628,0.2113,3,-1.1813,14.8494,14.8494,0.0
2003-04-19,4,Other,8,11.0,10-<12,7.5,-3.5,-0.5277,1.7183,2,0.3448,0.8253,2,-0.1156,0.5247,3,-1.9841,14.8533,14.8533,0.0
2003-04-20,4,Other,8,7.6,<8,6.8,-0.8,1.5092,3.4712,2,-1.0656,1.5122,2,5.457,5.6439,3,-0.5082,8.8572,14.8572,6.0
2003-04-21,4,Other,8,8.5,8-<10,9.6,1.1,-0.289,1.2774,2,-0.3986,1.0185,2,0.5503,0.709,3,-1.3001,14.8608,14.8608,0.0
2003-04-22,4,Other,8,8.7,8-<10,13.6,4.9,-0.1605,0.5363,2,-0.7911,0.7925,2,0.3891,0.4964,3,-0.3149,14.8642,14.8642,0.0
2003-04-23,4,Other,8,16.7,15-<18,19.1,2.4,-2.4756,3.4825,2,-2.4714,2.5175,2,0.0265,0.1709,3,-4.4901,14.8678,14.8678,0.0
2003-04-24,4,Other,8,8.3,8-<10,17.2,8.9,-0.0781,1.0038,2,-0.8117,0.9336,2,1.3182,1.3304,3,-0.7939,14.8708,14.8708,0.0
2003-04-25,4,Other,8,10.5,10-<12,19.9,9.4,-0.0245,1.4131,2,0.2655,1.1396,2,0.7792,1.0597,3,-1.236,17.8742,14.8742,-3.0
2003-04-26,4,Other,7,10.0,10-<12,18.8,8.8,1.9297,4.1237,2,-0.4896,1.5406,1,7.0976,7.0976,3,0.0938,8.8769,14.8769,6.0
2003-04-27,4,Other,8,11.4,10-<12,20.0,8.6,-0.5901,1.2099,2,-1.5955,1.6326,2,0.3265,0.573,3,-0.798,14.8797,14.8797,0.0
2003-04-28,4,Other,8,15.4,15-<18,26.7,11.3,-0.8805,3.0402,2,-0.0282,0.0936,2,0.3258,1.0241,3,-3.3908,14.8825,14.8825,0.0
2003-04-29,4,Other,8,7.6,<8,28.1,20.5,0.4126,0.7846,2,0.2708,0.8868,2,0.7208,0.7211,3,0.0098,14.885,14.885,0.0
2003-04-30,4,Other,8,14.9,12-<15,26.7,11.8,2.7681,4.8742,2,1.9367,2.925,2,6.2136,6.2201,3,-0.5968,14.8875,14.8875,0.0
2003-05-01,5,May-Sep,8,10.7,10-<12,19.0,8.3,4.6012,6.0263,2,1.4874,2.3046,2,9.5799,9.6238,3,2.3733,2.8897,14.8897,-12.0
2003-05-02,5,May-Sep,8,5.3,<8,9.4,4.1,0.9025,2.6751,2,-0.9627,1.7209,2,3.7692,3.8215,3,-0.7441,2.8917,14.8917,-12.0
2003-05-03,5,May-Sep,8,2.0,<8,6.4,4.4,-0.2186,0.8378,2,-0.4122,0.4516,2,0.8256,0.8438,3,-0.9967,23.8953,14.8936,-9.0017
2003-05-04,5,May-Sep,8,3.8,<8,8.4,4.6,0.1512,0.7824,2,0.1808,0.5095,2,0.8646,0.8802,3,-0.6141,14.8953,14.8953,0.0
2003-05-05,5,May-Sep,8,6.8,<8,12.7,5.9,-0.423,0.6921,2,-0.6777,0.6828,2,-0.0699,0.474,3,-0.6766,17.8969,14.8969,-3.0
2003-05-06,5,May-Sep,8,9.7,8-<10,17.1,7.4,-0.458,0.9507,2,-0.8054,0.8279,2,0.3532,0.6497,3,-1.0995,14.8983,14.8983,0.0
2003-05-07,5,May-Sep,8,10.1,10-<12,19.3,9.2,-0.2258,0.9179,2,-0.34,0.3729,2,0.381,0.4387,3,-1.126,14.8994,14.8994,0.0
2003-05-08,5,May-Sep,8,12.1,12-<15,21.7,9.6,-0.6304,1.182,2,-0.8571,0.9141,2,0.011,0.4873,3,-1.3569,14.9006,14.9006,0.0
2003-05-09,5,May-Sep,8,10.1,10-<12,21.5,11.4,0.8668,1.6247,2,-0.681,0.8264,2,2.6856,2.6856,3,1.0737,11.9014,14.9014,3.0
2003-05-10,5,May-Sep,7,10.9,10-<12,17.9,7.0,2.3074,4.6703,2,0.2533,2.5333,1,6.3802,6.3802,3,0.0881,2.9022,17.9022,-9.0
2003-05-11,5,May-Sep,8,8.4,8-<10,16.0,7.6,0.6946,2.6138,2,1.5333,2.6019,2,0.6928,1.5674,3,-1.4152,17.9028,14.9028,-3.0
2003-05-12,5,May-Sep,8,12.3,12-<15,22.8,10.5,-1.2631,1.796,2,-1.6202,1.6584,2,-0.1898,0.4321,3,-2.1361,14.9033,14.9033,0.0
2003-05-13,5,May-Sep,8,8.9,8-<10,22.1,13.2,3.388,4.4331,2,1.41,3.0566,2,4.8167,4.8408,3,2.6863,14.9036,14.9036,0.0
2003-05-14,5,May-Sep,8,12.0,12-<15,20.7,8.7,-0.3845,1.3193,2,-0.4882,0.779,2,0.2339,0.5201,3,-1.415,14.9036,14.9036,0.0
2003-05-15,5,May-Sep,8,10.2,10-<12,21.5,11.3,-0.521,1.0286,2,-0.9453,1.0865,2,0.3936,0.8074,3,-1.0636,17.9036,14.9036,-3.0
2003-05-16,5,May-Sep,8,10.8,10-<12,23.5,12.7,-0.4561,0.7861,2,-0.9581,1.0795,2,0.1605,0.3742,3,-0.6349,14.9033,14.9033,0.0
2003-05-17,5,May-Sep,8,14.5,12-<15,26.7,12.2,-1.0631,1.6085,2,-1.0673,1.2575,2,0.4948,0.8599,3,-2.2736,14.9031,14.9031,0.0
2003-05-18,5,May-Sep,8,10.5,10-<12,25.5,15.0,0.9928,1.8882,2,-0.7931,0.8223,2,3.0833,3.0908,3,0.7205,11.9025,14.9025,3.0
2003-05-19,5,May-Sep,7,10.1,10-<12,22.5,12.4,-0.1237,0.9488,2,-0.2829,0.4774,1,1.4986,1.4986,3,-0.7855,14.9017,14.9017,0.0
2003-05-20,5,May-Sep,8,10.6,10-<12,24.8,14.2,-0.179,0.8301,2,-0.8221,0.9019,2,0.2824,0.5883,3,-0.1828,14.9008,14.9008,0.0
2003-05-21,5,May-Sep,8,10.4,10-<12,24.0,13.6,0.3748,1.3302,2,-1.3079,1.31,2,1.3464,1.3698,3,1.0984,11.9,14.9,3.0
2003-05-22,5,May-Sep,8,13.3,12-<15,26.3,13.0,-0.4964,1.0791,2,-0.3627,0.6108,2,0.6313,0.653,3,-1.3522,14.8989,14.8989,0.0
2003-05-23,5,May-Sep,8,12.0,12-<15,27.9,15.9,0.1648,1.3458,2,-1.1618,1.7859,2,1.8093,1.8359,3,0.3002,11.8975,14.8975,3.0
2003-05-24,5,May-Sep,8,9.8,8-<10,24.4,14.6,2.7211,4.8452,2,-1.2755,1.2781,2,5.8882,6.4734,3,3.8427,11.8961,14.8961,3.0
2003-05-25,5,May-Sep,7,4.9,<8,15.2,10.3,0.0329,0.8405,1,-0.5359,0.5359,2,0.5202,0.8554,3,-0.5776,17.8947,14.8947,-3.0
2003-05-26,5,May-Sep,8,12.7,12-<15,22.8,10.1,-0.4263,1.4049,2,-0.1992,0.3526,2,0.0278,1.1705,3,-1.603,17.8931,14.8931,-3.0
2003-05-27,5,May-Sep,8,10.4,10-<12,24.7,14.3,-0.151,0.8833,2,-0.7545,0.9923,2,0.411,0.4202,3,-0.555,14.8911,14.8911,0.0
2003-05-28,5,May-Sep,7,10.1,10-<12,24.9,14.8,0.3496,0.8979,1,-0.6981,0.6981,2,1.3803,1.3922,3,0.0664,14.8892,14.8892,0.0
2003-05-29,5,May-Sep,8,10.7,10-<12,25.8,15.1,-0.0843,1.6191,2,0.1121,1.0619,2,0.7989,0.8233,3,-1.4684,14.8872,14.8872,0.0
2003-05-30,5,May-Sep,8,8.4,8-<10,26.8,18.4,2.1859,3.7573,2,-0.4073,0.5281,2,2.33,2.6835,3,4.3776,14.885,14.885,0.0
2003-05-31,5,May-Sep,8,11.8,10-<12,24.0,12.2,-0.8136,1.8997,2,-1.3355,1.559,2,0.3424,0.7395,3,-2.1305,14.8825,14.8825,0.0
2003-06-01,6,May-Sep,8,11.5,10-<12,26.5,15.0,-0.1648,0.9514,2,-0.5623,0.6037,2,0.5116,0.7781,3,-0.8088,14.8803,14.8803,0.0
2003-06-02,6,May-Sep,7,10.7,10-<12,27.5,16.8,-0.674,1.1535,2,-0.9909,1.3453,1,0.3187,0.3187,3,-1.0896,17.8778,17.8778,0.0
2003-06-03,6,May-Sep,8,12.7,12-<15,30.8,18.1,-0.491,1.1613,2,-0.68,0.8736,2,0.2505,0.6936,3,-1.275,14.875,14.875,0.0
2003-06-04,6,May-Sep,8,11.3,10-<12,32.2,20.9,-0.5431,0.9145,2,-0.5915,0.9768,2,-0.2702,0.4562,3,-0.853,14.8725,14.8725,0.0
2003-06-05,6,May-Sep,8,11.3,10-<12,31.8,20.5,0.8235,2.0299,2,1.1669,2.0369,2,2.1322,2.3011,3,-1.0827,17.8697,14.8697,-3.0
2003-06-06,6,May-Sep,8,12.0,12-<15,29.5,17.5,2.2187,4.1813,2,2.2363,2.9206,2,6.5464,6.6465,3,-1.0878,11.8667,14.8667,3.0
2003-06-07,6,May-Sep,8,11.7,10-<12,29.9,18.2,-0.6596,1.2684,2,-1.0975,1.4475,2,0.365,0.3882,3,-1.3328,14.8639,14.8639,0.0
2003-06-08,6,May-Sep,8,9.0,8-<10,28.6,19.6,2.1789,2.9277,2,1.4373,1.9923,2,2.8634,2.9639,3,1.8983,14.8608,14.8608,0.0
2003-06-09,6,May-Sep,8,7.0,<8,24.3,17.3,0.9202,1.2491,2,0.8818,1.105,2,1.6728,1.6745,3,0.0862,14.8575,14.8575,0.0
2003-06-10,6,May-Sep,8,5.8,<8,24.0,18.2,0.255,0.5814,2,0.3185,0.3187,2,0.5886,0.7172,3,-0.2743,17.8544,14.8544,-3.0
2003-06-11,6,May-Sep,8,7.8,<8,26.2,18.4,0.6183,1.0401,2,0.9803,1.0996,2,1.0826,1.1275,3,-0.3226,14.8511,14.8511,0.0
2003-06-12,6,May-Sep,8,10.9,10-<12,29.1,18.2,-0.0151,1.0927,2,0.5786,0.6005,2,0.5187,0.7765,3,-1.0668,14.8478,14.8478,0.0
2003-06-13,6,May-Sep,8,8.8,8-<10,28.3,19.5,1.784,2.4389,2,0.8883,1.4342,2,2.7822,2.7846,3,1.5581,14.8444,14.8444,0.0
2003-06-14,6,May-Sep,8,7.1,<8,25.0,17.9,1.5549,2.1779,2,1.2194,1.5668,2,3.2737,3.3326,3,0.1586,17.8411,14.8411,-3.0
2003-06-15,6,May-Sep,8,7.5,<8,25.4,17.9,-0.5965,1.25,2,-0.0084,0.375,2,0.3537,0.5674,3,-1.7953,17.8378,14.8378,-3.0
2003-06-16,6,May-Sep,8,6.7,<8,26.8,20.1,-0.0161,0.8236,2,-0.0034,0.5906,2,0.397,0.8053,3,-0.5808,17.8344,14.8344,-3.0
2003-06-17,6,May-Sep,6,11.8,10-<12,31.3,19.5,-0.4441,0.9511,2,-0.4977,0.6965,2,0.4801,0.6349,2,-1.3145,14.8308,14.8308,0.0
2003-06-18,6,May-Sep,8,11.8,10-<12,33.2,21.4,-0.2838,0.9263,2,-0.5003,0.6987,2,0.5817,0.8455,3,-0.9298,14.8275,14.8275,0.0
2003-06-19,6,May-Sep,8,11.0,10-<12,32.5,21.5,2.2461,3.6449,2,-0.848,0.926,2,6.3252,6.3275,3,1.5853,11.8239,14.8239,3.0
2003-06-20,6,May-Sep,8,10.9,10-<12,31.1,20.2,-0.0313,0.8299,2,-0.4329,0.4352,2,1.1319,1.1325,3,-0.4724,14.8203,14.8203,0.0
2003-06-21,6,May-Sep,8,8.1,8-<10,29.1,21.0,-0.0785,0.7063,2,-0.2884,0.3443,2,0.6788,0.679,3,-0.6478,14.8169,14.8169,0.0
2003-06-22,6,May-Sep,8,11.2,10-<12,30.8,19.6,-0.7739,1.52,2,-0.7524,0.947,2,0.519,0.6408,3,-2.0825,14.8133,14.8133,0.0
2003-06-23,6,May-Sep,7,15.8,15-<18,29.8,14.0,6.9328,9.1974,2,2.1833,5.6708,2,12.6821,12.8565,2,2.8439,5.8097,14.8097,9.0
2003-06-24,6,May-Sep,8,11.0,10-<12,25.3,14.3,0.2195,1.5991,2,-0.9269,0.9346,2,0.5316,0.6437,3,0.5346,14.8064,14.8064,0.0
2003-06-25,6,May-Sep,7,11.5,10-<12,24.2,12.7,-1.189,2.0111,2,-1.9341,1.9649,2,0.9569,1.1497,3,-2.1228,17.8031,14.8031,-3.0
2003-06-26,6,May-Sep,8,10.8,10-<12,27.1,16.3,-0.513,1.1631,2,-0.904,1.065,2,0.2941,0.6683,3,-1.2487,17.7994,14.7994,-3.0
2003-06-27,6,May-Sep,8,11.1,10-<12,28.8,17.7,-0.5695,1.4477,2,-1.4733,1.8643,2,1.2296,1.2519,3,-1.2621,14.7961,14.7961,0.0
2003-06-28,6,May-Sep,8,9.8,8-<10,29.1,19.3,0.0585,0.9683,2,-0.322,0.3741,2,0.547,0.7067,3,-0.1901,14.7928,14.7928,0.0
2003-06-29,6,May-Sep,8,9.4,8-<10,28.4,19.0,1.3591,2.2572,2,2.4491,3.4423,2,1.9182,1.9645,3,-0.1999,14.7894,14.7894,0.0
2003-06-30,6,May-Sep,8,11.1,10-<12,25.3,14.2,2.6866,4.201,2,2.9939,4.0071,2,4.8316,4.9469,3,-0.4546,17.7864,14.7864,-3.0
2003-07-01,7,May-Sep,8,8.6,8-<10,24.5,15.9,0.1353,1.3745,2,0.4423,1.1744,2,0.4102,0.8852,3,-0.9537,17.7831,14.7831,-3.0
2003-07-02,7,May-Sep,8,10.6,10-<12,27.5,16.9,0.2565,1.124,2,0.0212,0.6529,2,0.6083,0.6085,3,-0.3572,14.78,14.78,0.0
2003-07-03,7,May-Sep,8,10.2,10-<12,28.1,17.9,-0.2186,1.0485,2,-0.2592,0.3199,2,0.4291,0.6321,3,-1.201,14.7769,14.7769,0.0
2003-07-04,7,May-Sep,8,11.0,10-<12,31.1,20.1,-0.4279,0.9297,2,-0.6891,0.9467,2,0.4886,0.6339,3,-0.9743,14.7739,14.7739,0.0
2003-07-05,7,May-Sep,8,11.5,10-<12,32.5,21.0,1.7426,3.1658,2,-0.7085,0.9157,2,5.7632,5.8091,3,1.3346,11.7711,14.7711,3.0
2003-07-06,7,May-Sep,8,5.0,<8,26.6,21.6,1.4396,2.0932,2,0.2458,0.8966,2,2.3449,2.3498,3,0.8071,14.7683,14.7683,0.0
2003-07-07,7,May-Sep,8,11.0,10-<12,29.1,18.1,-0.2271,1.3304,2,0.0645,0.173,2,0.3388,0.7357,3,-1.5363,17.7656,14.7656,-3.0
2003-07-08,7,May-Sep,8,11.1,10-<12,32.0,20.9,0.0708,0.3166,2,0.0267,0.046,2,0.5336,0.5565,3,-0.1403,14.7631,14.7631,0.0
2003-07-09,7,May-Sep,8,10.0,10-<12,30.8,20.8,2.3798,3.6842,2,1.5962,3.6518,2,3.7395,3.9132,3,0.5843,17.7606,14.7606,-3.0
2003-07-10,7,May-Sep,8,7.7,<8,27.7,20.0,1.8889,3.5139,2,-1.071,1.2526,2,4.0568,4.6452,3,3.237,11.7581,14.7581,3.0
2003-07-11,7,May-Sep,8,10.4,10-<12,27.3,16.9,-0.3458,1.2902,2,0.3258,1.1814,2,0.4686,0.4844,3,-1.7346,14.7558,14.7558,0.0
2003-07-12,7,May-Sep,8,9.6,8-<10,28.5,18.9,-0.1547,0.9212,2,-0.3659,0.418,2,0.909,0.9345,3,-1.0595,14.7536,14.7536,0.0
2003-07-13,7,May-Sep,8,10.9,10-<12,27.0,16.1,1.8288,4.8651,2,-1.8716,2.5027,2,7.3918,7.7417,3,0.7409,11.7517,14.7517,3.0
2003-07-14,7,May-Sep,8,6.2,<8,20.2,14.0,0.5699,1.79,2,1.2113,1.9748,2,0.8821,1.3429,3,-0.9844,17.7497,14.7497,-3.0
2003-07-15,7,May-Sep,8,9.8,8-<10,25.3,15.5,-0.1034,0.9195,2,-0.1635,0.1747,2,0.3969,0.7999,3,-0.8354,17.7478,14.7478,-3.0
2003-07-16,7,May-Sep,7,9.3,8-<10,26.8,17.5,-1.1336,1.4536,2,-1.9179,2.2905,1,-0.2483,0.2483,3,-0.9098,11.7464,17.7464,6.0
2003-07-17,7,May-Sep,8,10.6,10-<12,26.5,15.9,2.2121,3.7742,2,1.5651,3.6614,2,3.604,3.7114,3,-0.0098,17.7447,14.7447,-3.0
2003-07-18,7,May-Sep,8,13.7,12-<15,30.7,17.0,-0.4539,1.1391,2,-0.9743,0.9743,2,0.2428,0.3447,3,-0.7689,14.7433,14.7433,0.0
2003-07-19,7,May-Sep,8,13.7,12-<15,29.6,15.9,2.8877,6.2601,2,-2.0519,3.3575,2,9.2413,9.7019,3,1.7973,11.7422,14.7422,3.0
2003-07-20,7,May-Sep,8,10.0,10-<12,25.3,15.3,-0.3794,0.9314,2,-0.458,0.5383,2,0.2314,0.2809,3,-1.1801,14.7411,14.7411,0.0
2003-07-21,7,May-Sep,8,12.7,12-<15,29.7,17.0,-0.27,0.9889,2,-0.0712,0.1816,2,0.5397,0.5941,3,-1.0862,14.7403,14.7403,0.0
2003-07-22,7,May-Sep,8,8.7,8-<10,29.6,20.9,2.0636,3.4693,2,-0.6885,0.7386,2,4.6464,4.8689,3,3.0521,11.7394,14.7394,3.0
2003-07-23,7,May-Sep,8,8.3,8-<10,26.1,17.8,-0.2729,0.6724,2,-0.7105,0.7129,2,0.416,0.5607,3,-0.5279,14.7389,14.7389,0.0
2003-07-24,7,May-Sep,8,8.6,8-<10,25.8,17.2,2.6752,4.4308,2,-1.4524,1.4637,2,7.7489,7.7845,3,2.5225,11.7383,14.7383,3.0
2003-07-25,7,May-Sep,8,10.0,10-<12,22.7,12.7,-0.7136,1.3465,2,-1.1171,1.1738,2,0.3737,0.6376,3,-1.6843,14.7381,14.7381,0.0
2003-07-26,7,May-Sep,8,9.5,8-<10,24.5,15.0,0.8108,1.884,2,-0.6657,0.6679,2,3.1984,3.4553,3,0.6405,11.7378,14.7378,3.0
2003-07-27,7,May-Sep,8,8.8,8-<10,24.1,15.3,1.2711,2.6698,2,-0.9615,1.2002,2,4.9835,5.0078,3,0.7089,11.7381,14.7381,3.0
2003-07-28,7,May-Sep,8,8.0,8-<10,19.5,11.5,0.7687,3.9965,2,-3.3295,3.3734,2,4.7743,5.2917,3,1.1161,11.7381,14.7381,3.0
2003-07-29,7,May-Sep,8,9.7,8-<10,18.5,8.8,-0.609,1.2423,2,-0.6835,0.7155,2,0.1817,0.3583,3,-1.5742,14.7386,14.7386,0.0
2003-07-30,7,May-Sep,8,10.0,10-<12,21.5,11.5,-0.3105,0.8889,2,-0.5702,0.5749,2,0.4134,0.6311,3,-0.9581,14.7392,14.7392,0.0
2003-07-31,7,May-Sep,8,11.2,10-<12,24.6,13.4,-0.3664,0.874,2,-0.5368,0.6376,2,0.0964,0.3081,3,-0.8896,14.7397,14.7397,0.0
2003-08-01,8,May-Sep,8,12.8,12-<15,27.9,15.1,-0.62,1.2516,2,-1.5585,1.7389,2,0.407,0.4943,3,-0.9762,14.7406,14.7406,0.0
2003-08-02,8,May-Sep,8,14.2,12-<15,31.1,16.9,-0.889,2.0177,2,-0.5306,0.5514,2,0.4774,0.6285,3,-2.553,14.7417,14.7417,0.0
2003-08-03,8,May-Sep,8,9.4,8-<10,30.5,21.1,-0.3927,1.1071,2,-0.4433,0.4473,2,0.886,0.9072,3,-1.4671,14.7431,14.7431,0.0
2003-08-04,8,May-Sep,8,8.8,8-<10,28.9,20.1,0.4868,1.2033,2,-0.4438,0.4726,2,1.7163,1.7309,3,0.263,14.7444,14.7444,0.0
2003-08-05,8,May-Sep,8,10.8,10-<12,26.3,15.5,4.0214,5.011,2,1.8768,2.7796,2,7.2031,7.204,3,2.8536,11.7461,14.7461,3.0
2003-08-06,8,May-Sep,8,9.9,8-<10,23.3,13.4,-0.7886,1.1966,2,-1.5454,1.5456,2,-0.0002,0.2908,3,-1.267,14.7478,14.7478,0.0
2003-08-07,8,May-Sep,7,6.8,<8,22.7,15.9,0.2085,1.0248,2,-0.6378,0.836,2,0.6199,0.6243,3,0.4985,14.7497,14.7497,0.0
2003-08-08,8,May-Sep,8,9.1,8-<10,23.5,14.4,-0.1513,0.9562,2,-1.2494,1.4411,2,0.7883,0.7943,3,-0.3617,14.7519,14.7519,0.0
2003-08-09,8,May-Sep,8,9.4,8-<10,25.0,15.6,-0.5038,0.8493,2,-1.0357,1.0383,2,0.0182,0.2738,3,-0.7136,14.7542,14.7542,0.0
2003-08-10,8,May-Sep,7,10.9,10-<12,27.3,16.4,-0.3506,0.691,2,-0.6409,0.8054,2,0.3795,0.4905,2,-0.6198,14.7567,14.7567,0.0
2003-08-11,8,May-Sep,8,11.5,10-<12,29.6,18.1,-0.3911,1.0969,2,-0.559,0.6948,2,0.5412,0.5956,3,-1.201,14.7592,14.7592,0.0
2003-08-12,8,May-Sep,8,8.8,8-<10,28.3,19.5,-0.206,1.051,2,-1.0976,1.2716,2,0.9425,0.9439,3,-0.7878,14.7619,14.7619,0.0
2003-08-13,8,May-Sep,8,9.8,8-<10,26.7,16.9,1.6681,2.4888,2,0.128,0.5889,2,3.231,3.235,3,0.6873,14.765,14.765,0.0
2003-08-14,8,May-Sep,8,12.0,12-<15,26.1,14.1,-0.7681,1.3694,2,-1.0701,1.1986,2,0.4985,0.5775,3,-1.8052,14.7681,14.7681,0.0
2003-08-15,8,May-Sep,7,10.5,10-<12,28.8,18.3,0.243,0.3223,1,0.0649,0.0649,2,0.4318,0.4359,3,0.1424,14.7714,14.7714,0.0
2003-08-16,8,May-Sep,8,12.2,12-<15,30.6,18.4,-0.279,0.7965,2,-0.7932,0.8766,2,0.4765,0.4842,3,-0.6567,14.7747,14.7747,0.0
2003-08-17,8,May-Sep,8,11.7,10-<12,32.8,21.1,-0.2229,1.3492,2,-0.9176,1.0005,2,0.251,0.4226,3,0.3014,11.7783,14.7783,3.0
2003-08-18,8,May-Sep,7,11.4,10-<12,31.7,20.3,4.5112,6.1421,2,0.0046,1.5213,1,7.336,7.336,3,5.6483,8.7822,17.7822,9.0
2003-08-19,8,May-Sep,8,9.6,8-<10,24.1,14.5,-1.2349,1.841,2,-2.3644,2.5526,2,0.2176,0.5228,3,-2.0184,14.7861,14.7861,0.0
2003-08-20,8,May-Sep,8,10.3,10-<12,26.6,16.3,-0.1647,0.6674,2,-0.5133,0.5496,2,0.6202,0.6438,3,-0.6618,14.7903,14.7903,0.0
2003-08-21,8,May-Sep,8,11.0,10-<12,28.0,17.0,0.3172,1.8384,2,-0.7635,0.7794,2,3.2721,3.3882,3,-0.7722,11.7944,14.7944,3.0
2003-08-22,8,May-Sep,8,8.7,8-<10,27.1,18.4,-0.398,1.4741,2,-1.0407,1.4552,2,1.5595,1.7834,3,-1.2746,14.7986,14.7986,0.0
2003-08-23,8,May-Sep,8,11.4,10-<12,30.2,18.8,-0.5195,0.9629,2,-0.392,0.4385,2,0.2859,0.4194,3,-1.4357,14.8031,14.8031,0.0
2003-08-24,8,May-Sep,8,9.4,8-<10,29.1,19.7,-0.1583,0.8902,2,-0.7484,1.0513,2,0.9062,0.9509,3,-0.7213,14.8078,14.8078,0.0
2003-08-25,8,May-Sep,8,6.7,<8,27.8,21.1,0.7192,0.9481,2,0.2923,0.7825,2,0.8231,0.8328,3,0.8692,14.8125,14.8125,0.0
2003-08-26,8,May-Sep,8,6.4,<8,26.4,20.0,0.2543,0.8755,2,-0.7797,1.0124,2,1.0887,1.1572,3,0.485,14.8175,14.8175,0.0
2003-08-27,8,May-Sep,8,8.7,8-<10,26.7,18.0,-0.5327,1.2307,2,-0.6267,0.8811,2,0.5859,0.6627,3,-1.5215,14.8225,14.8225,0.0
2003-08-28,8,May-Sep,8,10.1,10-<12,25.7,15.6,2.8192,5.5758,2,-1.1258,3.3571,2,7.8894,8.0934,3,0.4914,2.8275,14.8275,-12.0
2003-08-29,8,May-Sep,8,11.0,10-<12,25.0,14.0,-0.1404,0.7335,2,-0.0868,0.4954,2,0.474,0.5724,3,-0.7329,14.8328,14.8328,0.0
2003-08-30,8,May-Sep,8,12.4,12-<15,27.6,15.2,-0.5411,1.0365,2,-0.5403,0.7973,2,0.6742,0.6788,3,-1.2881,14.8381,14.8381,0.0
2003-08-31,8,May-Sep,8,10.3,10-<12,27.7,17.4,-0.1604,0.7565,2,-0.9081,1.3022,2,0.4577,0.4619,3,-0.1301,14.8433,14.8433,0.0
2003-09-01,9,May-Sep,8,11.6,10-<12,28.1,16.5,-0.5117,1.1099,2,-1.185,1.7082,2,0.5631,0.6539,3,-0.9465,14.8489,14.8489,0.0
2003-09-02,9,May-Sep,8,9.8,8-<10,26.9,17.1,-0.2805,1.023,2,-0.9839,1.2745,2,0.8289,0.9517,3,-0.6389,14.8544,14.8544,0.0
2003-09-03,9,May-Sep,7,11.4,10-<12,28.2,16.8,-0.3114,1.2721,2,-1.9981,2.2569,2,0.6119,0.6122,2,0.039,14.8603,14.8603,0.0
2003-09-04,9,May-Sep,8,10.6,10-<12,26.7,16.1,-0.1975,0.7493,2,-0.9297,1.2098,2,0.6603,0.6742,3,-0.3945,14.8658,14.8658,0.0
2003-09-05,9,May-Sep,8,14.3,12-<15,29.6,15.3,-0.535,0.9475,2,-0.8498,1.202,2,0.3924,0.3924,3,-0.9963,14.8717,14.8717,0.0
2003-09-06,9,May-Sep,8,12.8,12-<15,29.7,16.9,-0.4916,0.91,2,-0.931,1.1738,2,0.3891,0.4037,3,-0.8061,14.8778,14.8778,0.0
2003-09-07,9,May-Sep,8,13.8,12-<15,32.1,18.3,0.3291,0.5257,2,0.0189,0.1171,2,0.5085,0.5161,3,0.3271,14.8836,14.8836,0.0
2003-09-08,9,May-Sep,8,12.0,12-<15,33.3,21.3,-0.4851,2.0918,2,-2.7226,3.0186,2,0.8792,0.883,3,0.2709,14.8897,14.8897,0.0
2003-09-09,9,May-Sep,7,12.7,12-<15,34.1,21.4,-0.2284,1.7293,2,-2.4369,2.7313,2,1.3194,1.3581,2,0.7823,14.8956,14.8956,0.0
2003-09-10,9,May-Sep,8,12.7,12-<15,33.1,20.4,-0.3314,0.8831,2,-0.7486,1.1324,2,0.8101,0.8682,3,-0.7471,14.9017,14.9017,0.0
2003-09-11,9,May-Sep,8,11.3,10-<12,30.3,19.0,0.8156,2.0083,2,-0.6013,0.6015,2,3.1553,3.1754,3,-0.5271,14.9078,14.9078,0.0
2003-09-12,9,May-Sep,7,12.3,12-<15,31.6,19.3,-0.2318,0.592,2,-0.1048,0.1051,2,0.4711,0.4719,2,-0.7401,14.9142,14.9142,0.0
2003-09-13,9,May-Sep,8,13.7,12-<15,29.6,15.9,3.3465,4.7357,2,1.6219,2.2713,2,7.205,7.2293,3,0.6447,14.9203,14.9203,0.0
2003-09-14,9,May-Sep,8,9.4,8-<10,21.0,11.6,2.4722,4.1611,2,-0.5228,2.0813,2,5.9757,6.1923,3,0.7547,17.9264,14.9264,-3.0
2003-09-15,9,May-Sep,8,6.2,<8,15.5,9.3,0.7621,2.8898,2,-0.9849,3.068,2,3.1674,3.2749,3,-0.7718,5.9325,14.9325,9.0
2003-09-16,9,May-Sep,8,7.5,<8,17.7,10.2,0.2019,0.543,2,-0.3268,0.3326,2,0.8102,0.8177,3,-0.0586,14.9389,14.9389,0.0
2003-09-17,9,May-Sep,8,10.3,10-<12,19.6,9.3,-0.5829,1.3517,2,-0.1683,0.1735,2,0.1817,0.2165,3,-1.7111,14.945,14.945,0.0
2003-09-18,9,May-Sep,8,7.0,<8,19.4,12.4,0.5261,1.1025,2,-0.4922,0.5229,2,0.9383,1.0456,3,0.7378,14.9511,14.9511,0.0
2003-09-19,9,May-Sep,7,13.7,12-<15,23.4,9.7,-0.1091,0.6434,2,-0.6586,0.7325,2,0.4893,0.4975,2,-0.339,14.9572,14.9572,0.0
2003-09-20,9,May-Sep,8,12.4,12-<15,24.0,11.6,-0.4868,0.8604,2,-1.1313,1.2682,2,0.3344,0.3407,3,-0.657,14.9633,14.9633,0.0
2003-09-21,9,May-Sep,6,13.9,12-<15,27.6,13.7,-0.101,0.6177,1,-0.3239,0.3239,2,0.5498,0.57,2,-0.0943,14.9694,14.9694,0.0
2003-09-22,9,May-Sep,8,9.1,8-<10,24.7,15.6,1.7958,2.8603,2,-0.3071,1.5397,2,4.3876,4.3987,3,0.9587,14.9756,14.9756,0.0
2003-09-23,9,May-Sep,8,8.3,8-<10,19.2,10.9,2.4915,4.2132,2,-0.3734,1.6972,2,6.8911,6.9275,3,1.3773,11.9817,14.9817,3.0
2003-09-24,9,May-Sep,8,7.3,<8,11.7,4.4,1.6674,3.5525,2,-0.3772,1.5173,2,5.4651,5.6503,3,-0.4568,2.9875,14.9875,-12.0
2003-09-25,9,May-Sep,8,10.7,10-<12,14.5,3.8,-0.4584,1.4457,2,-0.8762,1.0646,2,0.1527,0.7627,3,-1.4535,14.9933,14.9933,0.0
2003-09-26,9,May-Sep,7,10.2,10-<12,15.7,5.5,-0.8234,1.3318,2,-1.1342,1.363,2,0.1315,0.299,2,-1.7401,14.9992,14.9992,0.0
2003-09-27,9,May-Sep,8,8.5,8-<10,14.1,5.6,1.0368,5.0498,2,-2.6713,3.8274,2,7.1717,7.2316,3,-1.5736,0.005,15.005,-9.0
2003-09-28,9,May-Sep,8,7.2,<8,6.9,-0.3,0.2602,0.7355,2,-0.4785,0.5872,2,0.4303,0.5673,3,0.3466,15.0106,15.0106,0.0
2003-09-29,9,May-Sep,8,9.8,8-<10,11.3,1.5,0.0308,0.7026,2,-0.7444,1.0698,2,0.4742,0.6372,3,0.1697,15.0161,15.0161,0.0
2003-09-30,9,May-Sep,8,8.3,8-<10,11.4,3.1,-0.2649,0.8961,2,-0.988,1.2592,2,0.8041,0.8963,3,-0.5297,15.0217,15.0217,0.0
2003-10-01,10,Other,8,7.7,<8,12.5,4.8,-0.8185,1.2344,2,-1.5599,1.6867,2,0.1509,0.1593,3,-1.2898,15.0272,15.0272,0.0
2003-10-02,10,Other,8,9.0,8-<10,13.5,4.5,-0.6453,0.915,2,-1.2275,1.4892,2,0.0122,0.2879,3,-0.6455,15.0325,15.0325,0.0
2003-10-03,10,Other,8,9.2,8-<10,14.3,5.1,-0.6197,0.9723,2,-1.1016,1.319,2,0.0803,0.3293,3,-0.8264,15.0375,15.0375,0.0
2003-10-04,10,Other,8,9.8,8-<10,16.2,6.4,-0.4677,0.8268,2,-0.9028,1.0547,2,0.5076,0.519,3,-0.7012,15.0425,15.0425,0.0
2003-10-05,10,Other,8,8.5,8-<10,16.2,7.7,-0.0884,1.0456,2,-0.9017,1.2848,2,1.2284,1.2716,3,-0.2798,15.0475,15.0475,0.0
2003-10-06,10,Other,8,9.5,8-<10,18.0,8.5,0.0893,1.0005,2,-1.4317,1.4797,2,0.764,0.8465,3,0.7183,15.0522,15.0522,0.0
2003-10-07,10,Other,8,4.5,<8,14.8,10.3,0.3674,0.6622,2,-0.3418,0.37,2,1.0775,1.0803,3,0.3927,15.0569,15.0569,0.0
2003-10-08,10,Other,8,3.7,<8,12.8,9.1,0.6508,1.3909,2,0.1097,0.3312,2,1.6071,1.7181,3,0.2473,15.0614,15.0614,0.0
2003-10-09,10,Other,8,8.5,8-<10,11.8,3.3,-0.5875,1.1015,2,-0.8457,1.0803,2,0.5374,0.5549,3,-1.2472,15.0658,15.0658,0.0
2003-10-10,10,Other,8,7.1,<8,10.4,3.3,-0.2993,1.138,2,-1.6031,1.6149,2,1.0297,1.1161,3,-0.3516,15.07,15.07,0.0
2003-10-11,10,Other,8,9.7,8-<10,9.1,-0.6,-0.6631,1.182,2,-1.4095,1.6593,2,0.5869,0.5934,3,-1.1624,15.0742,15.0742,0.0
2003-10-12,10,Other,8,9.8,8-<10,8.4,-1.4,-1.1731,1.7916,2,-1.8557,1.9044,2,0.1653,0.1783,3,-2.1022,15.0781,15.0781,0.0
2003-10-13,10,Other,8,6.8,<8,9.9,3.1,-0.8914,1.8197,2,-2.4339,2.4626,2,0.7403,0.7786,3,-1.3305,15.0817,15.0817,0.0
2003-10-14,10,Other,8,9.7,8-<10,11.1,1.4,-0.1082,1.0483,2,-0.3004,0.3492,2,1.4564,1.4649,3,-0.9611,15.0853,15.0853,0.0
2003-10-15,10,Other,8,9.9,8-<10,12.2,2.3,-0.5093,0.9636,2,-1.3308,1.5121,2,0.5739,0.6003,3,-0.6741,15.0886,15.0886,0.0
2003-10-16,10,Other,8,10.3,10-<12,12.5,2.2,-0.5303,1.0467,2,-0.7786,0.9718,2,0.8186,0.8479,3,-1.1338,15.0917,15.0917,0.0
2003-10-17,10,Other,8,6.9,<8,11.3,4.4,-0.0636,0.4695,2,-0.3571,0.3924,2,0.4521,0.5183,3,-0.002,15.0947,15.0947,0.0
2003-10-18,10,Other,8,11.8,10-<12,16.3,4.5,-0.1749,0.8255,2,-0.9133,1.027,2,0.8748,1.019,3,-0.3003,15.0975,15.0975,0.0
2003-10-19,10,Other,8,10.3,10-<12,17.3,7.0,-0.4637,1.4479,2,-0.8751,1.0557,2,1.2904,1.3047,3,-0.9642,12.1003,15.1003,3.0
2003-10-20,10,Other,8,12.5,12-<15,17.3,4.8,-0.2926,0.8308,2,-0.5372,0.824,2,0.5215,0.6426,3,-0.2448,12.1025,15.1025,3.0
2003-10-21,10,Other,8,11.1,10-<12,17.3,6.2,-0.4712,1.5549,2,-1.3301,1.4506,2,1.0779,1.1433,3,-0.9486,15.1047,15.1047,0.0
2003-10-22,10,Other,8,9.1,8-<10,16.0,6.9,1.4759,2.6174,2,-0.4637,0.4884,2,4.1589,4.1612,3,0.4543,15.1067,15.1067,0.0
2003-10-23,10,Other,7,7.7,<8,13.3,5.6,-0.5235,1.912,2,-2.697,3.5093,2,0.5208,0.6128,2,0.2865,15.1086,15.1086,0.0
2003-10-24,10,Other,8,7.8,<8,11.9,4.1,-0.8703,1.483,2,-1.5442,1.839,2,0.9028,0.909,3,-1.5558,12.1103,15.1103,3.0
2003-10-25,10,Other,8,13.0,12-<15,18.8,5.8,0.0327,0.6503,2,0.0881,0.1056,2,-0.0879,0.4919,3,0.5317,15.1117,15.1117,0.0
2003-10-26,10,Other,8,12.4,12-<15,19.0,6.6,-0.1754,0.6751,2,-0.0247,0.3407,2,0.4768,0.5249,3,-0.4257,15.1128,15.1128,0.0
2003-10-27,10,Other,8,11.1,10-<12,18.5,7.4,-1.2401,2.8376,2,-0.9904,1.0948,2,2.0293,2.0336,3,-4.0369,15.1136,15.1136,0.0
2003-10-28,10,Other,8,13.2,12-<15,22.7,9.5,-0.414,1.6967,2,-1.1491,1.3466,2,2.1614,2.1677,3,-1.4734,12.1144,15.1144,3.0
2003-10-29,10,Other,8,15.4,15-<18,26.1,10.7,1.5424,3.2799,2,-0.0509,0.389,2,5.2789,5.3698,3,1.5178,12.115,15.115,3.0
2003-10-30,10,Other,8,14.0,12-<15,25.5,11.5,1.2828,2.9981,2,0.0195,0.2733,2,5.7455,5.751,3,0.3136,12.115,15.115,3.0
2003-10-31,10,Other,7,13.4,12-<15,20.6,7.2,4.5481,7.8072,2,-2.6907,2.9194,2,11.363,11.4529,2,2.7981,0.1153,15.1153,-9.0
2003-11-01,11,Other,8,9.7,8-<10,7.5,-2.2,-0.0487,1.3158,2,-1.1356,1.2773,2,1.7237,1.7452,3,-0.7323,15.115,15.115,0.0
2003-11-02,11,Other,8,7.6,<8,6.8,-0.8,-0.3065,1.2114,2,-1.6448,1.8385,2,1.0853,1.2343,3,-0.0267,12.1147,15.1147,3.0
2003-11-03,11,Other,8,8.7,8-<10,9.1,0.4,-0.6012,1.7416,2,-2.8083,2.8113,2,1.0916,1.2483,3,-0.0289,12.1139,15.1139,3.0
2003-11-04,11,Other,8,4.6,<8,6.5,1.9,0.1534,0.9787,2,-0.7285,0.9436,2,1.6119,1.6226,3,-0.0293,12.1131,15.1131,3.0
2003-11-05,11,Other,8,6.8,<8,3.9,-2.9,1.0431,3.7867,2,-1.1941,1.4655,2,5.0777,5.1285,3,-1.3354,0.1119,15.1119,-9.0
2003-11-06,11,Other,8,5.4,<8,-1.9,-7.3,-0.1295,0.9571,2,-0.7407,0.8648,2,1.155,1.2049,3,-0.5775,12.1108,15.1108,3.0
2003-11-07,11,Other,8,4.7,<8,-2.1,-6.8,0.0521,0.5431,2,-0.2417,0.3287,2,0.7933,0.7989,3,0.0353,12.1092,15.1092,3.0
2003-11-08,11,Other,8,6.0,<8,-0.9,-6.9,-0.0043,0.6717,2,-0.4349,0.6392,2,0.9233,0.9789,3,-0.1118,12.1075,15.1075,3.0
2003-11-09,11,Other,8,6.4,<8,-1.0,-7.4,-0.266,0.5869,2,-0.8462,1.0363,2,0.3194,0.3417,3,-0.3349,15.1056,15.1056,0.0
2003-11-10,11,Other,8,10.3,10-<12,4.9,-5.4,0.4399,1.7172,2,-1.0766,1.1437,2,2.6101,2.6125,3,0.824,12.1033,15.1033,3.0
2003-11-11,11,Other,8,11.1,10-<12,7.5,-3.6,-0.996,2.5157,2,-2.4494,2.5754,2,2.2529,2.6294,3,-1.7552,12.1008,15.1008,3.0
2003-11-12,11,Other,7,11.6,10-<12,8.5,-3.1,-1.4897,3.7352,2,-2.3616,5.053,2,1.5847,1.6375,2,-3.9688,12.0981,15.0981,3.0
2003-11-13,11,Other,8,8.9,8-<10,5.1,-3.8,1.3212,4.7587,2,0.4977,2.581,2,5.7852,5.7923,3,-2.2456,0.0953,15.0953,-9.0
2003-11-14,11,Other,8,6.9,<8,-0.1,-7.0,0.0621,1.0939,2,-0.8513,1.0635,2,1.5454,1.5651,3,0.1797,12.0922,15.0922,3.0
2003-11-15,11,Other,7,6.0,<8,-1.2,-7.2,0.1161,0.4976,2,-0.4174,0.4376,2,0.8122,0.8201,2,-0.0182,15.0889,15.0889,0.0
2003-11-16,11,Other,8,8.0,8-<10,1.4,-6.6,-0.2699,0.9969,2,-1.1059,1.2326,2,0.8983,0.9471,3,-0.4144,15.0853,15.0853,0.0
2003-11-17,11,Other,8,2.1,<8,-0.5,-2.6,0.2445,0.9048,2,-0.6195,0.6196,2,1.4236,1.429,3,0.1412,12.0817,15.0817,3.0
2003-11-18,11,Other,8,2.4,<8,-2.3,-4.7,0.2012,0.962,2,-0.8913,0.8963,2,1.4838,1.4883,3,0.0242,12.0778,15.0778,3.0
2003-11-19,11,Other,7,2.7,<8,-4.0,-6.7,-0.3913,1.2152,2,-1.3144,1.3161,2,1.344,1.4156,2,-1.1385,12.0736,15.0736,3.0
2003-11-20,11,Other,8,6.7,<8,-5.3,-12.0,0.1867,0.9908,2,-0.3543,0.497,2,1.766,1.7813,3,-0.192,12.0694,15.0694,3.0
2003-11-21,11,Other,8,7.4,<8,-4.1,-11.5,0.6919,1.6768,2,-0.8465,0.9256,2,3.0232,3.0528,3,0.6369,12.0647,15.0647,3.0
2003-11-22,11,Other,8,14.1,12-<15,3.1,-11.0,0.9418,3.3253,2,-1.5422,1.6128,2,5.0382,5.2743,3,0.1539,12.06,15.06,3.0
2003-11-23,11,Other,8,8.7,8-<10,-0.7,-9.4,0.506,1.3747,2,-0.8483,1.2665,2,2.3009,2.3782,3,0.3688,15.0553,15.0553,0.0
2003-11-24,11,Other,8,9.7,8-<10,2.1,-7.6,-1.859,3.2603,2,-5.9195,5.9197,2,0.8688,0.9696,3,-0.9507,12.05,15.05,3.0
2003-11-25,11,Other,8,9.7,8-<10,5.9,-3.8,-1.4892,3.7674,2,-7.0884,7.0887,2,-0.581,1.0548,3,1.6203,15.0447,15.0447,0.0
2003-11-26,11,Other,8,11.9,10-<12,4.8,-7.1,3.1333,5.7737,2,-2.8044,2.929,2,9.2788,9.3067,3,1.9016,6.0394,15.0394,9.0
2003-11-27,11,Other,7,9.8,8-<10,-1.9,-11.7,1.5115,2.8189,2,-0.7664,1.1997,2,3.8565,3.9506,2,2.4977,12.0339,15.0339,3.0
2003-11-28,11,Other,8,8.4,8-<10,-7.6,-16.0,0.2766,1.5263,2,-1.8086,1.9789,2,2.0419,2.0428,3,0.5381,15.0281,15.0281,0.0
2003-11-29,11,Other,8,8.3,8-<10,-5.6,-13.9,-1.0714,2.6769,2,-5.0328,5.0344,2,1.0059,1.0514,3,0.4474,12.0222,15.0222,3.0
2003-11-30,11,Other,8,6.5,<8,-5.8,-12.3,0.6635,1.742,2,-0.8004,0.9383,2,3.1939,3.2196,3,0.4819,12.0161,15.0161,3.0
2003-12-01,12,Other,8,4.1,<8,-9.0,-13.1,0.1885,1.2862,2,-0.4609,0.574,2,1.9105,1.9323,3,-0.5531,0.0097,15.0097,-9.0
2003-12-02,12,Other,9,5.3,<8,-9.3,-14.6,-0.2835,2.5103,2,-2.2712,3.1121,2,3.0034,3.0098,4,-1.1679,0.0033,15.0033,-9.0
2003-12-03,12,Other,8,11.5,10-<12,-2.6,-14.1,-3.1687,4.0531,2,-6.7396,6.9046,2,-0.4098,0.9978,3,-2.8045,11.9969,14.9969,3.0
2003-12-04,12,Other,8,6.9,<8,-1.1,-8.0,0.8507,1.6317,2,-0.7658,0.866,2,2.2454,2.4025,3,1.4738,11.9903,14.9903,3.0
2003-12-05,12,Other,8,8.0,8-<10,-4.2,-12.2,1.8507,3.4922,2,-1.6442,2.1206,2,5.8526,5.8697,3,1.7203,11.9836,14.9836,3.0
2003-12-06,12,Other,8,7.2,<8,-6.5,-13.7,1.6251,2.8983,2,-1.5168,1.9813,2,4.8089,4.8177,3,1.5316,8.9767,14.9767,6.0
2003-12-07,12,Other,7,7.1,<8,-7.3,-14.4,0.6966,1.5727,1,-1.2266,1.2266,2,2.2736,2.2747,3,0.9401,11.9697,14.9697,3.0
2003-12-08,12,Other,8,4.8,<8,-9.7,-14.5,0.0047,1.1224,2,-1.11,1.1382,2,1.6249,1.7236,3,-0.2411,11.9625,14.9625,3.0
2003-12-09,12,Other,8,8.8,8-<10,-5.2,-14.0,-1.0779,2.5278,2,-2.0901,2.2509,2,1.9561,2.1717,3,-2.5712,20.9556,14.9556,-6.0
2003-12-10,12,Other,8,5.2,<8,-5.6,-10.8,1.2868,2.8042,2,-1.7975,1.9525,2,3.8755,3.8775,3,2.177,11.9481,14.9481,3.0
2003-12-11,12,Other,8,12.3,12-<15,-1.4,-13.7,-1.2087,3.2216,2,-5.784,5.8557,2,2.0579,2.2628,3,-0.3006,11.9408,14.9408,3.0
2003-12-12,12,Other,8,9.6,8-<10,-4.4,-14.0,-1.9413,3.486,2,-2.4267,2.9749,2,0.0104,1.1884,3,-3.7977,23.9258,14.9333,-8.9925
2003-12-13,12,Other,8,3.2,<8,-4.0,-7.2,0.6686,1.5476,2,-0.8465,0.8671,2,2.2378,2.2381,3,0.4134,2.9258,14.9258,-12.0
2003-12-14,12,Other,8,1.9,<8,-7.1,-9.0,0.332,0.9451,2,-0.2817,0.306,2,0.6058,0.64,3,0.5765,14.9183,14.9183,0.0
2003-12-15,12,Other,8,7.8,<8,-4.9,-12.7,1.7124,2.9777,2,-0.9742,1.1346,2,4.3005,4.3942,3,2.5002,11.9106,14.9106,3.0
2003-12-16,12,Other,8,4.6,<8,-11.7,-16.3,-0.0682,0.9609,2,-0.5248,0.5259,2,1.4122,1.4465,3,-0.4808,11.9031,14.9031,3.0
2003-12-17,12,Other,8,10.7,10-<12,-5.1,-15.8,1.3451,2.7949,2,-1.8222,2.0719,2,3.6365,3.7151,3,2.5735,11.8953,14.8953,3.0
2003-12-18,12,Other,6,9.8,8-<10,-10.5,-20.3,1.6393,3.4548,1,-0.7899,0.7899,2,5.305,5.313,2,-1.2163,23.8797,14.8875,-8.9922
2003-12-19,12,Other,8,8.0,8-<10,-10.2,-18.2,-0.4205,2.1132,2,-1.9975,2.2441,2,2.4369,2.5777,3,-0.9616,11.8797,14.8797,3.0
2003-12-20,12,Other,8,5.7,<8,-11.1,-16.8,-0.2859,1.6484,2,-1.5331,2.1709,2,1.8805,1.9191,3,-0.6218,11.8719,14.8719,3.0
2003-12-21,12,Other,8,6.5,<8,-9.1,-15.6,-0.5178,2.4532,2,-3.5947,3.8372,2,0.2322,1.8785,3,1.4119,17.8639,14.8639,-3.0
2003-12-22,12,Other,8,12.6,12-<15,-4.7,-17.3,-1.6589,5.5294,2,-4.9718,5.0614,2,5.3203,5.5476,3,-4.3864,23.8483,14.8561,-8.9922
2003-12-23,12,Other,8,9.5,8-<10,-2.9,-12.4,-2.4422,4.0458,2,-6.096,6.0969,2,1.9131,2.197,3,-3.4797,11.8483,14.8483,3.0
2003-12-24,12,Other,8,4.7,<8,-4.9,-9.6,0.6821,2.3548,2,-2.354,2.3891,2,3.2149,3.215,3,0.9643,8.8406,14.8406,6.0
2003-12-25,12,Other,8,5.3,<8,-9.0,-14.3,1.1772,2.5604,2,-1.476,1.485,2,3.7927,3.7927,3,1.1073,2.8328,14.8328,-12.0
2003-12-26,12,Other,8,9.9,8-<10,-6.0,-15.9,-2.1715,2.9405,2,-2.894,3.011,2,-0.623,1.106,3,-3.1183,14.825,14.825,0.0
2003-12-27,12,Other,8,5.8,<8,-4.8,-10.6,0.4795,2.0123,2,-1.9566,2.1034,2,3.2363,3.2543,3,0.2573,11.8172,14.8172,3.0
2003-12-28,12,Other,8,8.4,8-<10,-6.4,-14.8,1.1969,5.0964,2,-4.7787,4.7846,2,7.0206,7.1016,3,1.5517,2.8094,14.8094,-12.0
2003-12-29,12,Other,8,11.3,10-<12,-5.8,-17.1,-0.7688,2.3881,2,-3.5875,4.3701,2,0.4708,0.9419,3,-0.5642,14.8019,14.8019,0.0
2003-12-30,12,Other,8,11.8,10-<12,-1.6,-13.4,-1.7281,3.8867,2,-1.1164,1.2082,2,1.366,2.2747,3,-4.3136,23.7867,14.7942,-8.9925
2003-12-31,12,Other,8,6.8,<8,-0.6,-7.4,0.5735,1.9552,2,-1.6153,2.3361,2,2.1772,2.231,3,1.459,11.7867,14.7867,3.0
2004-01-01,1,Other,8,7.8,<8,-5.0,-12.8,1.7044,3.9231,2,-2.6674,2.6837,2,5.6104,5.856,3,2.1548,11.7792,14.7792,3.0
2004-01-02,1,Other,8,5.4,<8,-10.2,-15.6,-0.5393,1.441,2,-1.9356,2.0694,2,1.2525,1.3345,3,-0.5474,11.7719,14.7719,3.0
2004-01-03,1,Other,8,3.5,<8,-10.9,-14.4,0.6313,1.3301,2,-0.6288,0.6403,2,2.3323,2.3326,3,0.4291,11.7644,14.7644,3.0
2004-01-04,1,Other,8,3.8,<8,-12.5,-16.3,0.3362,2.0102,2,-1.714,1.7363,2,2.2486,2.3162,3,0.7853,11.7572,14.7572,3.0
2004-01-05,1,Other,7,4.4,<8,-14.7,-19.1,-0.0322,0.3884,1,-0.1582,0.1582,2,0.0799,0.5181,3,0.03,14.75,14.75,0.0
2004-01-06,1,Other,8,6.5,<8,-13.3,-19.8,-0.6856,1.3234,2,-0.08,0.2502,2,0.1854,0.1854,3,-1.7158,14.7431,14.7431,0.0
2004-01-07,1,Other,8,10.7,10-<12,-6.8,-17.5,1.8402,4.1992,2,-3.6207,3.817,2,6.6476,6.6477,3,2.4597,11.7361,14.7361,3.0
2004-01-08,1,Other,8,8.7,8-<10,-9.3,-18.0,-1.4699,2.1435,2,-3.167,3.7165,2,0.0869,0.0871,3,-1.195,14.7292,14.7292,0.0
2004-01-09,1,Other,8,14.3,12-<15,-2.1,-16.4,0.4392,2.8209,2,-2.4829,4.0247,2,3.4434,3.4762,3,-0.0691,14.7225,14.7225,0.0
2004-01-10,1,Other,8,6.1,<8,-6.6,-12.7,0.2994,2.7951,2,-3.4413,3.5905,2,3.897,3.9304,3,0.0397,5.7161,14.7161,9.0
2004-01-11,1,Other,8,8.0,8-<10,-6.2,-14.2,0.5736,4.0303,2,-3.8413,3.9406,2,6.1831,6.1862,3,0.5711,11.7094,14.7094,3.0
2004-01-12,1,Other,8,8.2,8-<10,-5.8,-14.0,-1.4867,2.3717,2,-2.5762,2.5859,2,0.8152,0.9379,3,-2.3343,23.6969,14.7033,-8.9936
2004-01-13,1,Other,8,4.2,<8,-4.4,-8.6,-0.5546,1.3381,2,-2.0803,2.0908,2,0.9239,0.9338,3,-0.3531,11.6969,14.6969,3.0
2004-01-14,1,Other,8,4.0,<8,-6.1,-10.1,1.2354,2.3001,2,-1.1379,1.1888,2,3.0991,3.0991,3,1.5216,2.6911,14.6911,-12.0
2004-01-15,1,Other,8,6.6,<8,-9.7,-16.3,0.9664,2.4122,2,-1.295,1.4946,2,2.8602,3.0571,3,1.6621,11.6853,14.6853,3.0
2004-01-16,1,Other,8,6.5,<8,-12.2,-18.7,-0.074,1.5627,2,-1.0451,1.2039,2,2.3758,2.3758,3,-0.4997,11.6794,14.6794,3.0
2004-01-17,1,Other,8,6.1,<8,-10.7,-16.8,0.555,1.4688,2,-0.7116,0.8942,2,2.1743,2.2295,3,1.0158,11.6739,14.6739,3.0
2004-01-18,1,Other,8,5.0,<8,-12.3,-17.3,-1.2212,2.198,2,-1.2678,1.5194,2,0.6994,0.8511,3,-2.4108,23.6633,14.6686,-8.9947
2004-01-19,1,Other,8,3.5,<8,-10.1,-13.6,0.5895,1.6363,2,-1.1989,1.2021,2,2.0669,2.1463,3,1.1429,11.6633,14.6633,3.0
2004-01-20,1,Other,8,6.2,<8,-12.1,-18.3,-0.6291,1.4839,2,-0.8872,1.4286,2,1.1257,1.3504,3,-1.6516,14.6583,14.6583,0.0
2004-01-21,1,Other,8,7.6,<8,-7.7,-15.3,1.4867,2.7048,2,-1.2971,1.5805,2,4.5785,4.5831,3,1.5335,11.6533,14.6533,3.0
2004-01-22,1,Other,5,6.1,<8,-11.0,-17.1,0.499,1.9045,2,-0.6793,0.686,1,4.0108,4.0108,1,0.6612,11.6486,17.6486,6.0
2004-01-23,1,Other,8,7.1,<8,-9.9,-17.0,-0.0862,1.4409,2,-0.9598,1.273,2,1.9924,2.3348,3,-0.6141,14.6442,14.6442,0.0
2004-01-24,1,Other,8,8.1,8-<10,-8.9,-17.0,-0.2676,1.4647,2,-0.8874,1.3481,2,1.8411,1.9274,3,-0.915,11.64,14.64,3.0
2004-01-25,1,Other,8,7.5,<8,-6.0,-13.5,0.1735,1.8952,2,-1.6655,2.15,2,2.71,2.784,3,0.3731,11.6358,14.6358,3.0
2004-01-26,1,Other,8,8.9,8-<10,-5.2,-14.1,-2.155,2.9325,2,-3.5628,3.7372,2,0.1188,1.055,3,-2.7083,11.6319,14.6319,3.0
2004-01-27,1,Other,8,10.8,10-<12,-3.3,-14.1,1.7015,5.0504,2,-3.372,4.2373,2,7.9774,7.9775,3,0.6264,5.6283,14.6283,9.0
2004-01-28,1,Other,8,11.4,10-<12,-3.0,-14.4,-1.2637,3.3152,2,-5.3149,5.552,2,2.5732,2.5927,3,-0.4273,11.6247,14.6247,3.0
2004-01-29,1,Other,8,3.9,<8,-8.1,-12.0,0.8381,1.8512,2,-0.7755,0.8072,2,2.4502,2.5389,3,1.2319,11.6214,14.6214,3.0
2004-01-30,1,Other,8,8.8,8-<10,-8.4,-17.2,1.4748,3.4017,2,-1.717,2.195,2,3.7041,4.1807,3,3.396,11.6183,14.6183,3.0
2004-01-31,1,Other,8,5.2,<8,-15.8,-21.0,-0.7669,1.621,2,-1.0676,1.3536,2,1.0743,1.114,3,-1.6797,11.6156,14.6156,3.0
2004-02-01,2,Other,8,5.3,<8,-14.2,-19.5,0.4314,2.6157,2,-2.6016,2.94,2,3.268,3.4144,3,0.8834,8.6128,14.6128,6.0
2004-02-02,2,Other,8,8.6,8-<10,-12.3,-20.9,-0.0077,2.1368,2,-1.9392,2.5599,2,2.943,3.071,3,-0.3311,11.6103,14.6103,3.0
2004-02-03,2,Other,8,7.4,<8,-11.3,-18.7,1.2259,2.9355,2,-2.6187,2.8755,2,4.2179,4.2837,3,1.81,8.6081,14.6081,6.0
2004-02-04,2,Other,8,3.4,<8,-17.1,-20.5,0.1442,1.3165,2,-1.0269,1.0685,2,1.8661,1.9541,3,-0.0515,11.6061,14.6061,3.0
2004-02-05,2,Other,8,9.1,8-<10,-11.4,-20.5,0.0606,1.8613,2,-1.9026,2.1267,2,2.5129,2.7233,3,0.0496,14.6044,14.6044,0.0
2004-02-06,2,Other,8,11.9,10-<12,-6.0,-17.9,-0.777,3.0587,2,-4.0011,4.4216,2,3.4986,3.5579,3,-0.8158,11.6028,14.6028,3.0
2004-02-07,2,Other,7,11.3,10-<12,-2.6,-13.9,1.9448,4.1254,2,-2.4806,3.8373,2,4.415,4.4297,2,3.5612,14.6014,14.6014,0.0
2004-02-08,2,Other,8,10.1,10-<12,-5.2,-15.3,-1.6681,2.7048,2,-3.6144,3.7501,2,1.6876,1.8381,3,-2.4553,11.6003,14.6003,3.0
2004-02-09,2,Other,8,7.5,<8,-4.6,-12.1,-1.8195,3.2534,2,-0.4282,0.5146,2,0.1909,1.5902,3,-4.7649,23.5986,14.5992,-8.9994
2004-02-10,2,Other,8,7.5,<8,-0.9,-8.4,0.8615,3.7378,2,-2.8135,2.8702,2,5.8463,5.8795,3,0.7339,11.5986,14.5986,3.0
2004-02-11,2,Other,8,17.2,15-<18,6.0,-11.2,-2.1822,4.0464,2,-4.5419,5.4692,2,1.249,1.2491,3,-2.8132,14.5981,14.5981,0.0
2004-02-12,2,Other,8,13.5,12-<15,2.8,-10.7,2.3301,3.4516,2,0.2891,0.4641,2,5.3034,5.3035,3,0.5162,14.5978,14.5978,0.0
2004-02-13,2,Other,8,10.2,10-<12,1.9,-8.3,-2.2319,4.3293,2,-2.3054,3.309,2,1.5156,2.4648,3,-4.8009,20.5978,14.5978,-6.0
2004-02-14,2,Other,8,9.4,8-<10,4.5,-4.9,1.6001,4.8496,2,-3.1143,3.1479,2,7.6459,7.6464,3,0.5927,2.5978,14.5978,-12.0
2004-02-15,2,Other,7,13.2,12-<15,4.2,-9.0,2.2483,5.0215,2,-1.1091,1.3133,2,7.8105,8.2846,2,2.3899,11.5981,14.5981,3.0
2004-02-16,2,Other,8,18.7,18-<20,8.2,-10.5,-2.7266,8.6197,2,-12.4114,12.4482,2,6.3287,8.003,3,-2.1863,11.5986,14.5986,3.0
2004-02-17,2,Other,8,17.9,15-<18,6.9,-11.0,-0.4643,4.0532,2,-3.1067,3.8044,2,4.7135,4.7186,3,-2.728,14.5994,14.5994,0.0
2004-02-18,2,Other,8,5.2,<8,1.8,-3.4,1.7948,3.1386,2,-1.0391,1.1684,2,4.593,4.6093,3,1.5732,2.6003,14.6003,-12.0
2004-02-19,2,Other,8,8.6,8-<10,1.8,-6.8,0.9597,2.295,2,-0.5539,0.9933,2,2.8506,3.3103,3,1.4109,11.6017,14.6017,3.0
2004-02-20,2,Other,8,9.4,8-<10,1.6,-7.8,0.4349,2.4125,2,-2.5457,2.5499,2,3.7379,3.7479,3,0.9115,11.6031,14.6031,3.0
2004-02-21,2,Other,7,5.7,<8,-2.3,-8.0,0.9394,1.6802,2,-0.6485,0.8119,2,2.862,2.8631,3,0.7163,14.6044,14.6044,0.0
2004-02-22,2,Other,8,12.4,12-<15,3.9,-8.5,0.3479,2.0511,2,-0.3059,0.3778,2,2.9976,3.0656,3,0.1242,11.6061,14.6061,3.0
2004-02-23,2,Other,8,6.4,<8,-0.3,-6.7,1.1342,2.3499,2,-0.7407,1.2473,2,2.7117,3.1661,3,2.0857,11.6081,14.6081,3.0
2004-02-24,2,Other,8,6.9,<8,-2.6,-9.5,1.2087,2.271,2,-0.7163,0.7426,2,3.9248,3.9328,3,1.164,11.6103,14.6103,3.0
2004-02-25,2,Other,8,5.4,<8,-3.9,-9.3,1.406,2.0604,2,0.1643,0.2213,2,3.404,3.4604,3,1.5541,11.6125,14.6125,3.0
2004-02-26,2,Other,8,8.5,8-<10,-1.2,-9.7,-1.5482,2.853,2,-1.4356,1.5673,2,0.6043,1.1404,3,-3.2377,23.6178,14.615,-9.0028
2004-02-27,2,Other,7,5.5,<8,2.4,-3.1,1.7257,2.4672,1,-0.4123,0.4123,2,3.504,3.5085,3,1.9461,11.6178,14.6178,3.0
2004-02-28,2,Other,8,5.7,<8,0.6,-5.1,-0.6278,1.689,2,-2.311,2.3506,2,1.7922,1.7956,3,-1.0973,11.6206,14.6206,3.0
2004-02-29,2,Other,8,6.0,<8,1.0,-5.0,0.3673,1.9888,2,-1.4087,1.8739,2,2.5727,2.664,3,0.4216,11.6236,14.6236,3.0
2004-03-01,3,Other,8,3.9,<8,-1.5,-5.4,0.4264,0.7564,2,-0.1771,0.2843,2,1.1928,1.1973,3,0.5725,11.6267,14.6267,3.0
2004-03-02,3,Other,8,8.8,8-<10,3.2,-5.6,1.3161,3.0224,2,-1.7506,2.3538,2,2.6136,3.2549,3,3.2336,14.63,14.63,0.0
2004-03-03,3,Other,8,6.9,<8,-1.6,-8.5,0.543,1.3307,2,0.0558,0.0562,2,2.3171,2.3786,3,0.3432,11.6336,14.6336,3.0
2004-03-04,3,Other,7,7.8,<8,-0.1,-7.9,-0.0927,1.1355,2,-1.2022,1.3345,1,1.4778,1.4778,3,0.3687,11.6372,14.6372,3.0
2004-03-05,3,Other,8,6.6,<8,0.7,-5.9,-1.2494,2.458,2,-1.1065,1.3297,2,1.0006,1.293,3,-2.8164,23.6447,14.6408,-9.0039
2004-03-06,3,Other,8,8.6,8-<10,6.4,-2.2,0.3012,2.2677,2,-1.4016,1.4016,2,3.8061,3.8578,3,-1.0725,11.6447,14.6447,3.0
2004-03-07,3,Other,8,14.6,12-<15,12.7,-1.9,-1.739,6.0438,2,-1.3481,4.5622,2,2.1683,4.6324,3,-6.7723,20.6489,14.6489,-6.0
2004-03-08,3,Other,7,16.6,15-<18,13.9,-2.7,2.3111,4.0884,2,-2.4167,3.5998,2,3.8306,3.9287,2,4.2545,14.6531,14.6531,0.0
2004-03-09,3,Other,8,9.6,8-<10,6.8,-2.8,2.8835,3.7247,2,0.5071,1.2973,2,6.1475,6.1476,3,1.7379,14.6572,14.6572,0.0
2004-03-10,3,Other,8,4.8,<8,0.8,-4.0,-0.1424,1.058,2,-1.1608,1.3631,2,1.1,1.3101,3,-0.2832,14.6617,14.6617,0.0
2004-03-11,3,Other,8,5.8,<8,1.9,-3.9,0.1621,1.0218,2,-0.7442,1.04,2,1.1287,1.3508,3,0.469,11.6661,14.6661,3.0
2004-03-12,3,Other,8,7.9,<8,4.1,-3.8,0.4301,1.9017,2,-1.6492,1.8298,2,3.0782,3.1179,3,0.4697,11.6706,14.6706,3.0
2004-03-13,3,Other,8,5.0,<8,2.7,-2.3,0.1754,0.7587,2,-0.5475,0.5568,2,1.2394,1.3186,3,-0.0992,14.6753,14.6753,0.0
2004-03-14,3,Other,8,4.2,<8,3.0,-1.2,0.4337,1.2284,2,-0.2168,0.9831,2,2.1982,2.2195,3,-0.0973,11.68,14.68,3.0
2004-03-15,3,Other,8,3.1,<8,1.6,-1.5,0.9096,1.6275,2,-0.9391,1.0324,2,2.5779,2.5793,3,1.1195,8.685,14.685,6.0
2004-03-16,3,Other,8,3.6,<8,0.9,-2.7,0.539,0.8231,2,0.251,0.3536,2,1.2429,1.2912,3,0.5941,11.69,14.69,3.0
2004-03-17,3,Other,8,3.7,<8,-0.3,-4.0,0.0518,0.758,2,-0.0744,0.4294,2,0.2867,0.2867,3,-0.5792,14.695,14.695,0.0
2004-03-18,3,Other,8,6.5,<8,3.3,-3.2,-0.3869,1.2159,2,-1.3373,1.5031,2,0.8888,0.8945,3,-0.8512,14.7,14.7,0.0
2004-03-19,3,Other,8,1.8,<8,1.4,-0.4,0.3417,0.7309,2,-0.0381,0.4159,2,0.9227,0.9231,3,-0.0222,2.705,14.705,-12.0
2004-03-20,3,Other,8,4.0,<8,3.0,-1.0,0.841,1.2394,2,0.1014,0.1015,2,2.318,2.3288,3,0.2672,11.7103,14.7103,3.0
2004-03-21,3,Other,8,4.5,<8,3.6,-0.9,0.1599,0.625,2,0.6484,0.8404,2,0.5837,0.5838,3,-0.4266,14.7156,14.7156,0.0
2004-03-22,3,Other,8,5.9,<8,5.1,-0.8,-0.1106,0.7835,2,-0.4911,0.5097,2,0.9865,1.0297,3,-0.4667,11.7208,14.7208,3.0
2004-03-23,3,Other,8,7.6,<8,7.4,-0.2,0.2032,0.5107,2,0.3795,0.4817,2,0.4189,0.6001,3,-0.0901,14.7261,14.7261,0.0
2004-03-24,3,Other,8,11.6,10-<12,12.3,0.7,-0.6039,1.7702,2,-2.1211,3.1235,2,0.8417,1.0096,3,-0.2344,14.7314,14.7314,0.0
2004-03-25,3,Other,8,12.6,12-<15,13.9,1.3,1.1132,3.2898,2,-1.6624,2.2728,2,4.8746,5.3861,3,1.2077,11.7367,14.7367,3.0
2004-03-26,3,Other,8,6.8,<8,5.1,-1.7,2.5907,4.2805,2,0.175,1.8324,2,5.3289,5.3353,3,1.4745,2.7419,14.7419,-12.0
2004-03-27,3,Other,8,5.0,<8,0.3,-4.7,-0.5683,1.0989,2,-1.0528,1.0545,2,0.5046,0.5817,3,-1.0996,11.7472,14.7472,3.0
2004-03-28,3,Other,8,7.1,<8,3.4,-3.7,-0.4054,0.8474,2,-1.1911,1.3077,2,0.4607,0.4618,3,-0.5816,14.7528,14.7528,0.0
2004-03-29,3,Other,8,7.5,<8,4.0,-3.5,-0.9689,1.3861,2,-1.6001,1.6199,2,0.0346,0.1611,3,-1.7065,14.7581,14.7581,0.0
2004-03-30,3,Other,8,10.0,10-<12,10.0,0.0,0.6429,1.8621,2,1.1522,2.0993,2,1.1147,1.3577,3,-0.88,17.7633,14.7633,-3.0
2004-03-31,3,Other,8,12.2,12-<15,15.3,3.1,-0.0891,1.0791,2,-1.1954,1.2258,2,1.3162,1.384,3,-0.206,14.7686,14.7686,0.0
2004-04-01,4,Other,8,10.6,10-<12,14.2,3.6,-0.6026,0.8502,2,-0.6912,0.9748,2,-0.0726,0.1782,3,-0.8559,14.7739,14.7739,0.0
2004-04-02,4,Other,8,16.8,15-<18,22.1,5.3,-0.8109,1.956,2,-0.1268,0.4459,2,-0.0921,0.5848,3,-2.4749,14.7792,14.7792,0.0
2004-04-03,4,Other,8,10.1,10-<12,21.7,11.6,0.5012,2.6543,2,-3.9539,3.9576,2,2.0653,2.0833,3,1.8962,14.7842,14.7842,0.0
2004-04-04,4,Other,8,9.7,8-<10,19.1,9.4,0.5227,0.7643,2,-0.1675,0.3695,2,0.9441,1.0466,3,0.8144,14.7894,14.7894,0.0
2004-04-05,4,Other,7,8.8,8-<10,16.3,7.5,0.395,1.0068,2,-0.586,0.9342,1,1.0935,1.0935,3,0.7619,14.7944,14.7944,0.0
2004-04-06,4,Other,8,14.0,12-<15,20.5,6.5,-1.3151,2.8063,2,-1.3397,1.383,2,0.3584,0.3599,3,-2.9424,14.7994,14.7994,0.0
2004-04-07,4,Other,8,4.9,<8,19.4,14.5,1.1747,2.0171,2,0.027,0.355,2,1.6713,1.6804,3,2.0814,11.8044,14.8044,3.0
2004-04-08,4,Other,8,9.1,8-<10,16.9,7.8,2.4969,3.3495,2,0.4728,0.5839,2,5.4412,5.4434,3,1.7332,11.8094,14.8094,3.0
2004-04-09,4,Other,8,5.1,<8,10.4,5.3,1.2407,2.2034,2,0.236,1.6827,2,2.5598,2.56,3,0.299,2.8142,14.8142,-12.0
2004-04-10,4,Other,8,7.8,<8,12.0,4.2,-0.4111,1.0178,2,-0.8261,0.9808,2,0.481,0.4812,3,-0.9968,14.8189,14.8189,0.0
2004-04-11,4,Other,8,7.8,<8,12.8,5.0,1.0427,2.1055,2,0.1865,1.5001,2,1.3824,1.4175,3,1.3669,14.8236,14.8236,0.0
2004-04-12,4,Other,8,9.5,8-<10,13.5,4.0,-0.1,0.6678,2,-0.4809,0.7649,2,0.4714,0.4775,3,-0.5049,14.8281,14.8281,0.0
2004-04-13,4,Other,8,14.2,12-<15,18.8,4.6,-0.7931,1.2528,2,-0.6851,1.0895,2,0.313,0.3824,3,-1.4262,14.8325,14.8325,0.0
2004-04-14,4,Other,8,13.5,12-<15,21.3,7.8,-0.1959,0.8237,2,-0.8177,1.0535,2,0.5616,0.5625,3,-0.322,14.8369,14.8369,0.0
2004-04-15,4,Other,8,13.8,12-<15,24.0,10.2,-0.3034,1.0272,2,-1.2307,1.7704,2,0.4945,0.5333,3,-0.1782,14.8411,14.8411,0.0
2004-04-16,4,Other,8,15.6,15-<18,27.8,12.2,-2.2408,3.5279,2,-3.2572,3.4408,2,0.3292,0.5694,3,-3.6603,14.8453,14.8453,0.0
2004-04-17,4,Other,8,8.5,8-<10,25.9,17.4,0.2748,2.3852,2,-1.0844,1.2103,2,1.9954,2.0052,3,0.2407,11.8494,14.8494,3.0
2004-04-18,4,Other,8,13.5,12-<15,27.5,14.0,-1.3465,3.0189,2,-0.4882,0.5258,2,0.0718,0.2348,3,-3.5062,14.8533,14.8533,0.0
2004-04-19,4,Other,8,10.4,10-<12,25.9,15.5,3.1659,6.9247,2,-1.4267,5.9624,2,7.2754,7.2825,3,2.5835,2.8572,14.8572,-12.0
2004-04-20,4,Other,8,10.1,10-<12,17.6,7.5,3.3459,4.4533,2,1.8687,2.8055,2,7.0968,7.1144,3,1.1328,11.8608,14.8608,3.0
2004-04-21,4,Other,8,10.9,10-<12,16.3,5.4,-0.2882,1.0957,2,-0.7831,0.7991,2,0.7973,0.852,3,-0.9869,14.8642,14.8642,0.0
2004-04-22,4,Other,8,13.8,12-<15,21.9,8.1,0.1516,1.2187,2,0.3551,0.4433,2,1.0629,1.065,3,-1.1066,14.8678,14.8678,0.0
2004-04-23,4,Other,8,8.6,8-<10,19.5,10.9,0.0468,0.7208,2,-0.8917,0.9031,2,0.8489,0.9614,3,0.2204,14.8708,14.8708,0.0
2004-04-24,4,Other,8,9.4,8-<10,20.2,10.8,0.2255,0.6368,2,0.2572,0.4805,2,0.0495,0.1562,3,-0.0326,14.8742,14.8742,0.0
2004-04-25,4,Other,8,17.2,15-<18,29.5,12.3,-1.2671,2.9825,2,-2.6902,2.7997,2,1.3049,1.3081,3,-2.1666,14.8769,14.8769,0.0
2004-04-26,4,Other,8,10.2,10-<12,26.0,15.8,0.3964,3.3187,2,-3.1801,3.7177,2,2.6027,2.9115,3,1.2124,8.8797,14.8797,6.0
2004-04-27,4,Other,8,12.2,12-<15,20.8,8.6,5.3155,7.6453,2,0.5589,3.9502,2,10.6783,10.6789,3,3.6151,2.8825,14.8825,-12.0
2004-04-28,4,Other,8,5.4,<8,9.6,4.2,0.659,1.2677,2,0.9438,1.7934,2,0.4596,0.5713,3,0.1517,14.885,14.885,0.0
2004-04-29,4,Other,8,8.6,8-<10,12.2,3.6,-0.5198,1.1021,2,-1.1298,1.1844,2,0.9095,0.9096,3,-1.2561,14.8875,14.8875,0.0
2004-04-30,4,Other,8,6.1,<8,12.2,6.1,0.4649,0.9507,2,-0.4249,0.5444,2,0.868,0.9867,3,0.6714,14.8897,14.8897,0.0
2004-05-01,5,May-Sep,8,7.8,<8,13.1,5.3,0.0471,0.8731,2,-0.3555,0.9014,2,0.5132,0.7064,3,-0.073,14.8917,14.8917,0.0
2004-05-02,5,May-Sep,8,12.6,12-<15,17.1,4.5,-0.4845,1.0666,2,-1.0766,1.1168,2,0.2664,0.3529,3,-0.9193,14.8936,14.8936,0.0
2004-05-03,5,May-Sep,8,15.3,15-<18,21.9,6.6,-0.7451,1.7011,2,-1.1026,1.18,2,0.4019,0.447,3,-1.9629,14.8953,14.8953,0.0
2004-05-04,5,May-Sep,7,14.7,12-<15,24.4,9.7,-0.2249,0.6856,2,-0.8349,0.9463,2,-0.0077,0.0094,2,-0.4076,14.8969,14.8969,0.0
2004-05-05,5,May-Sep,7,12.7,12-<15,25.4,12.7,-0.225,0.7548,2,-0.8147,0.9158,2,0.4686,0.5974,2,-0.3004,14.8983,14.8983,0.0
2004-05-06,5,May-Sep,8,13.7,12-<15,27.5,13.8,-0.5957,1.3272,2,-0.7455,0.9977,2,0.7102,0.7759,3,-1.2943,14.8994,14.8994,0.0
2004-05-07,5,May-Sep,8,8.8,8-<10,24.8,16.0,0.7756,1.3527,2,0.113,0.2033,2,1.7626,1.7998,3,0.2586,14.9006,14.9006,0.0
2004-05-08,5,May-Sep,8,12.5,12-<15,21.7,9.2,4.7701,7.257,2,1.9794,3.9098,2,10.0895,10.0971,3,1.2169,2.9014,14.9014,-12.0
2004-05-09,5,May-Sep,8,10.1,10-<12,17.9,7.8,-0.3372,1.2142,2,-0.7025,0.7136,2,0.5378,0.6476,3,-1.293,14.9022,14.9022,0.0
2004-05-10,5,May-Sep,8,5.1,<8,16.5,11.4,1.9672,2.5406,2,0.0756,0.1221,2,2.8421,2.8764,3,2.0337,14.9028,14.9028,0.0
2004-05-11,5,May-Sep,7,5.8,<8,14.2,8.4,-0.683,1.0577,2,-1.227,1.3114,1,0.1992,0.1992,3,-1.0785,14.9033,14.9033,0.0
2004-05-12,5,May-Sep,8,7.7,<8,16.9,9.2,0.9387,1.3829,2,0.9918,1.4231,2,1.4887,1.8448,3,0.1645,14.9036,14.9036,0.0
2004-05-13,5,May-Sep,8,11.2,10-<12,21.1,9.9,-0.018,0.9539,2,-0.2524,0.4423,2,0.5316,1.0169,3,-0.6962,17.9036,14.9036,-3.0
2004-05-14,5,May-Sep,8,11.8,10-<12,23.2,11.4,1.4473,2.996,2,-1.3632,1.489,2,5.4985,5.4985,3,1.2657,11.9036,14.9036,3.0
2004-05-15,5,May-Sep,8,14.5,12-<15,25.9,11.4,-1.5111,2.7724,2,-0.8002,0.8153,2,0.0915,0.4168,3,-3.4752,14.9033,14.9033,0.0
2004-05-16,5,May-Sep,8,8.3,8-<10,29.0,20.7,0.607,1.2921,2,-0.3202,0.5895,2,0.5105,0.5181,3,1.1617,14.9031,14.9031,0.0
2004-05-17,5,May-Sep,8,15.3,15-<18,31.6,16.3,-1.4294,2.8438,2,-0.4142,0.8849,2,-0.2487,0.6005,3,-3.5902,14.9025,14.9025,0.0
2004-05-18,5,May-Sep,8,8.6,8-<10,33.3,24.7,0.9104,2.0825,2,-1.2012,1.3691,2,0.6969,0.8026,3,2.6781,14.9017,14.9017,0.0
2004-05-19,5,May-Sep,8,12.9,12-<15,32.1,19.2,-0.2821,1.0759,2,-0.7759,1.0601,2,0.8985,1.0281,3,-0.8976,14.9008,14.9008,0.0
2004-05-20,5,May-Sep,7,9.1,8-<10,32.1,23.0,-0.0727,0.6846,2,-0.5756,0.6043,1,0.2987,0.2987,3,0.0486,14.9,14.9,0.0
2004-05-21,5,May-Sep,8,11.4,10-<12,29.5,18.1,5.2602,6.7269,2,1.7962,2.9637,2,9.9412,9.9422,3,3.8696,2.8989,14.8989,-12.0
2004-05-22,5,May-Sep,8,8.7,8-<10,19.4,10.7,0.9967,1.9937,2,1.9927,2.8672,2,1.1493,1.176,3,-0.2224,14.8975,14.8975,0.0
2004-05-23,5,May-Sep,8,11.2,10-<12,24.5,13.3,-0.467,1.6794,2,-0.872,0.939,2,1.0579,1.4838,3,-1.8131,17.8961,14.8961,-3.0
2004-05-24,5,May-Sep,8,7.8,<8,23.2,15.4,0.5532,0.8102,2,0.6109,0.7251,2,0.7046,0.7682,3,0.1717,14.8947,14.8947,0.0
2004-05-25,5,May-Sep,8,6.5,<8,21.3,14.8,0.9459,1.4465,2,-0.3059,0.6462,2,1.2804,1.2859,3,1.2557,14.8931,14.8931,0.0
2004-05-26,5,May-Sep,8,9.0,8-<10,19.8,10.8,0.8472,1.3701,2,1.1356,1.4586,2,1.6903,2.1896,3,0.0999,14.8911,14.8911,0.0
2004-05-27,5,May-Sep,8,9.3,8-<10,21.7,12.4,-0.0422,0.8912,2,0.2861,0.9749,2,-0.0246,0.2244,3,-0.65,14.8892,14.8892,0.0
2004-05-28,5,May-Sep,8,11.0,10-<12,24.7,13.7,-0.5783,1.0437,2,-1.0992,1.161,2,0.232,0.2412,3,-0.9872,14.8872,14.8872,0.0
2004-05-29,5,May-Sep,8,8.7,8-<10,25.2,16.5,-1.1829,2.0928,2,-0.5184,1.0092,2,0.1631,0.851,3,-2.6744,17.885,14.885,-3.0
2004-05-30,5,May-Sep,8,9.2,8-<10,30.7,21.5,0.4816,1.6489,2,-1.2598,1.3736,2,0.0873,0.088,3,2.0304,14.8825,14.8825,0.0
2004-05-31,5,May-Sep,8,11.2,10-<12,29.6,18.4,3.9038,4.5506,2,2.198,2.8796,2,5.6782,5.6872,3,2.9431,14.8803,14.8803,0.0
2004-06-01,6,May-Sep,8,8.1,8-<10,23.9,15.8,0.2529,0.4241,2,0.0792,0.3443,2,0.5521,0.5712,3,0.0365,14.8778,14.8778,0.0
2004-06-02,6,May-Sep,8,10.8,10-<12,22.8,12.0,-0.396,1.2523,2,-1.5015,1.7303,2,0.7051,0.7132,3,-0.8258,14.875,14.875,0.0
2004-06-03,6,May-Sep,8,11.9,10-<12,23.6,11.7,-0.7919,1.2592,2,-1.9605,2.0468,2,0.197,0.3592,3,-1.056,14.8725,14.8725,0.0
2004-06-04,6,May-Sep,7,12.2,12-<15,27.4,15.2,-1.609,2.5661,1,-3.739,3.739,2,-0.267,0.9045,3,-2.7704,17.8697,14.8697,-3.0
2004-06-05,6,May-Sep,8,8.5,8-<10,29.5,21.0,0.1242,1.0718,2,0.7757,1.0238,2,0.1371,0.2114,3,-0.8108,14.8667,14.8667,0.0
2004-06-06,6,May-Sep,8,9.0,8-<10,33.1,24.1,-0.1988,0.8446,2,0.2828,0.6022,2,0.4115,0.427,3,-0.938,14.8639,14.8639,0.0
2004-06-07,6,May-Sep,8,12.7,12-<15,31.5,18.8,4.5804,5.7301,2,2.3626,2.9913,2,8.6133,8.6233,3,2.8117,11.8608,14.8608,3.0
2004-06-08,6,May-Sep,8,7.9,<8,23.5,15.6,0.0796,1.3578,2,0.9559,1.2298,2,0.0244,0.8738,3,-1.1336,17.8575,14.8575,-3.0
2004-06-09,6,May-Sep,8,8.3,8-<10,23.6,15.3,2.8788,3.5533,2,1.6807,2.1649,2,4.8543,4.8568,3,1.3787,14.8544,14.8544,0.0
2004-06-10,6,May-Sep,8,8.0,8-<10,22.6,14.6,-0.1892,0.9903,2,0.0914,0.2254,2,0.6219,0.6265,3,-1.201,14.8511,14.8511,0.0
2004-06-11,6,May-Sep,8,9.9,8-<10,24.1,14.2,0.4599,1.9114,2,0.1232,0.9882,2,0.672,1.1433,3,-0.8754,17.8478,14.8478,-3.0
2004-06-12,6,May-Sep,8,12.7,12-<15,28.6,15.9,-0.1553,1.039,2,-0.7202,0.7713,2,1.1749,1.1811,3,-0.6673,14.8444,14.8444,0.0
2004-06-13,6,May-Sep,8,10.8,10-<12,29.1,18.3,-0.0639,0.4566,2,-0.7,0.7675,2,0.1776,0.2818,3,0.0126,14.8411,14.8411,0.0
2004-06-14,6,May-Sep,8,14.4,12-<15,32.4,18.0,-0.6708,1.2058,2,-1.4002,1.9023,2,0.1891,0.2168,3,-0.7896,14.8378,14.8378,0.0
2004-06-15,6,May-Sep,8,11.6,10-<12,30.9,19.3,3.8593,4.7426,2,1.2933,1.7761,2,6.6388,6.6407,3,3.3408,11.8344,14.8344,3.0
2004-06-16,6,May-Sep,8,9.8,8-<10,25.5,15.7,-0.3609,0.84,2,-0.6583,0.7719,2,0.3852,0.5634,3,-0.9871,14.8308,14.8308,0.0
2004-06-17,6,May-Sep,8,11.6,10-<12,28.9,17.3,-0.4889,1.0418,2,-0.9613,1.2725,2,0.4922,0.6363,3,-0.8852,14.8275,14.8275,0.0
2004-06-18,6,May-Sep,8,12.9,12-<15,32.1,19.2,-0.255,0.7639,2,-0.8691,1.0206,2,0.4759,0.4763,3,-0.5875,14.8239,14.8239,0.0
2004-06-19,6,May-Sep,8,14.2,12-<15,34.7,20.5,-0.4087,1.1519,2,-0.6287,1.255,2,0.3599,0.4293,3,-1.0225,14.8203,14.8203,0.0
2004-06-20,6,May-Sep,8,10.0,10-<12,33.2,23.2,0.2454,1.3422,2,-1.4611,1.6207,2,1.38,1.4986,3,0.5805,14.8169,14.8169,0.0
2004-06-21,6,May-Sep,7,8.4,8-<10,32.0,23.6,0.736,0.893,1,0.6168,0.6168,2,0.8642,1.0148,3,0.4382,17.8133,14.8133,-3.0
2004-06-22,6,May-Sep,8,11.4,10-<12,33.3,21.9,-0.2444,0.7158,2,-1.0488,1.1149,2,0.4098,0.4185,3,-0.3901,14.8097,14.8097,0.0
2004-06-23,6,May-Sep,8,11.5,10-<12,34.2,22.7,1.3323,2.1609,2,-0.7259,0.9133,2,2.9558,2.9565,3,2.0407,11.8064,14.8064,3.0
2004-06-24,6,May-Sep,8,14.1,12-<15,30.1,16.0,5.6851,7.2401,2,3.3495,4.8773,2,11.1228,11.1951,3,2.603,11.8031,14.8031,3.0
2004-06-25,6,May-Sep,7,8.3,8-<10,23.9,15.6,-0.0089,1.052,2,0.2446,0.7996,1,0.6956,0.6956,3,-0.814,14.7994,14.7994,0.0
2004-06-26,6,May-Sep,8,11.7,10-<12,28.1,16.4,-0.5293,1.1819,2,-0.6435,0.6458,2,1.0987,1.1176,3,-1.561,14.7961,14.7961,0.0
2004-06-27,6,May-Sep,8,11.1,10-<12,25.6,14.5,2.4786,5.6153,2,-0.7336,2.6143,2,7.8803,8.1093,3,-1.1262,2.7928,14.7928,-12.0
2004-06-28,6,May-Sep,8,10.7,10-<12,27.3,16.6,0.454,0.7099,2,0.5362,0.5492,2,0.6016,0.6688,3,-0.0357,14.7894,14.7894,0.0
2004-06-29,6,May-Sep,8,14.4,12-<15,30.9,16.5,-0.6944,1.3957,2,-1.0768,1.4863,2,0.1127,0.2111,3,-1.3628,14.7864,14.7864,0.0
2004-06-30,6,May-Sep,8,14.6,12-<15,34.5,19.9,0.357,1.339,2,0.0159,0.7254,2,1.4533,1.5972,3,-0.1703,14.7831,14.7831,0.0
2004-07-01,7,May-Sep,8,9.7,8-<10,32.1,22.4,0.7097,1.3434,2,0.4062,1.2615,2,2.0043,2.2352,3,0.2234,11.78,14.78,3.0
2004-07-02,7,May-Sep,4,10.4,10-<12,30.5,20.1,-0.411,0.7523,2,0.0993,0.3723,0,,,2,-0.9213,8.7769,8.7769,0.0
2004-07-03,7,May-Sep,8,9.7,8-<10,30.8,21.1,-0.4836,0.9049,2,-1.0186,1.0381,2,0.3049,0.3175,3,-0.9398,14.7739,14.7739,0.0
2004-07-04,7,May-Sep,8,12.9,12-<15,35.5,22.6,0.0002,0.6858,2,-0.5516,0.8188,2,0.7418,0.7566,3,-0.0716,14.7711,14.7711,0.0
2004-07-05,7,May-Sep,8,16.1,15-<18,33.6,17.5,2.419,7.4732,2,-4.5945,4.6112,2,9.9286,10.9175,3,2.5975,11.7683,14.7683,3.0
2004-07-06,7,May-Sep,8,10.9,10-<12,25.4,14.5,0.9082,3.1837,2,-2.3641,2.4485,2,3.144,4.2448,3,1.8355,14.7656,14.7656,0.0
2004-07-07,7,May-Sep,8,10.4,10-<12,24.7,14.3,-0.2697,0.9898,2,-0.4236,0.5335,2,0.4193,0.7928,3,-0.9708,17.7631,14.7631,-3.0
2004-07-08,7,May-Sep,7,15.0,15-<18,31.3,16.3,0.0607,0.6363,2,-0.0307,0.2998,2,0.4844,0.4844,2,-0.5516,14.7606,14.7606,0.0
2004-07-09,7,May-Sep,8,9.8,8-<10,29.5,19.7,2.1711,2.7822,2,1.9732,2.6651,2,3.6995,3.7111,3,0.7622,14.7581,14.7581,0.0
2004-07-10,7,May-Sep,8,11.7,10-<12,31.4,19.7,0.5312,1.6496,2,0.3915,1.6862,2,1.102,1.1222,3,-0.7014,14.7558,14.7558,0.0
2004-07-11,7,May-Sep,8,14.6,12-<15,34.5,19.9,-0.6404,1.057,2,-0.8179,1.0605,2,-0.0968,0.4942,3,-1.0829,14.7536,14.7536,0.0
2004-07-12,7,May-Sep,8,16.2,15-<18,37.7,21.5,-0.5785,1.2785,2,-0.499,0.854,2,0.1205,0.6767,3,-1.4977,14.7517,14.7517,0.0
2004-07-13,7,May-Sep,8,16.1,15-<18,39.5,23.4,-0.5888,1.106,2,-0.7061,0.9663,2,0.0246,0.3624,3,-1.2919,14.7497,14.7497,0.0
2004-07-14,7,May-Sep,8,15.2,15-<18,40.6,25.4,-0.2895,1.3027,2,-1.7832,2.1299,2,1.0697,1.3871,3,-0.1787,14.7478,14.7478,0.0
2004-07-15,7,May-Sep,8,11.8,10-<12,37.0,25.2,0.7651,1.4027,2,-0.2373,0.5886,2,1.8432,1.8439,3,0.1287,14.7464,14.7464,0.0
2004-07-16,7,May-Sep,8,9.9,8-<10,35.4,25.5,0.2248,0.8784,2,-0.0241,0.2568,2,0.99,0.9949,3,-0.5739,14.7447,14.7447,0.0
2004-07-17,7,May-Sep,8,7.7,<8,33.2,25.5,1.1313,1.4866,2,0.5658,1.2611,2,2.0025,2.0135,3,0.8053,14.7433,14.7433,0.0
2004-07-18,7,May-Sep,8,8.4,8-<10,30.3,21.9,3.3256,4.6255,2,0.2368,0.928,2,5.9654,6.1694,3,3.6691,11.7422,14.7422,3.0
2004-07-19,7,May-Sep,8,6.4,<8,21.9,15.5,3.0636,3.8253,2,1.041,1.888,2,5.8681,5.8724,3,1.9381,5.7411,14.7411,9.0
2004-07-20,7,May-Sep,8,8.3,8-<10,22.1,13.8,0.3383,1.4212,2,0.9755,1.6917,2,1.1184,1.1792,3,-0.96,14.7403,14.7403,0.0
2004-07-21,7,May-Sep,8,7.2,<8,23.5,16.3,0.1168,0.9366,2,-1.0284,1.3513,2,1.1746,1.2171,3,0.2294,11.7394,14.7394,3.0
2004-07-22,7,May-Sep,8,7.9,<8,24.6,16.7,0.0091,0.8775,2,0.1365,0.7085,2,0.1369,0.3809,3,-0.7407,14.7389,14.7389,0.0
2004-07-23,7,May-Sep,8,12.4,12-<15,29.9,17.5,-0.3125,1.3847,2,-0.1313,0.1326,2,0.1496,0.5588,3,-1.5071,14.7383,14.7383,0.0
2004-07-24,7,May-Sep,8,8.8,8-<10,28.9,20.1,0.9591,1.5391,2,0.579,1.581,2,0.637,0.8445,3,0.8445,17.7381,14.7381,-3.0
2004-07-25,7,May-Sep,8,9.6,8-<10,27.8,18.2,1.9994,2.8848,2,-0.3406,0.3805,2,4.593,4.6199,3,2.1687,11.7378,14.7378,3.0
2004-07-26,7,May-Sep,8,6.7,<8,25.0,18.3,0.7107,0.9869,2,0.7163,1.1293,2,0.6448,0.733,3,0.3515,14.7381,14.7381,0.0
2004-07-27,7,May-Sep,7,11.3,10-<12,28.8,17.5,-0.0469,0.583,2,-0.6166,0.6191,2,0.2988,0.4165,2,-0.257,14.7381,14.7381,0.0
2004-07-28,7,May-Sep,8,15.1,15-<18,33.0,17.9,-0.3083,0.9619,2,-0.1661,0.2087,2,0.1432,0.4646,3,-1.0233,14.7386,14.7386,0.0
2004-07-29,7,May-Sep,8,14.0,12-<15,34.6,20.6,-0.0121,1.4894,2,-0.7983,1.0632,2,1.7988,1.9347,3,-0.668,14.7392,14.7392,0.0
2004-07-30,7,May-Sep,8,7.2,<8,30.7,23.5,1.4743,2.6831,2,-1.0557,1.3011,2,3.862,3.8903,3,1.8543,11.7397,14.7397,3.0
2004-07-31,7,May-Sep,8,9.5,8-<10,26.4,16.9,0.003,2.2262,2,0.0945,0.3002,2,0.5357,1.2732,3,-1.8352,17.7406,14.7406,-3.0
2004-08-01,8,May-Sep,7,12.8,12-<15,31.5,18.7,-0.7527,1.3462,2,-1.3177,1.3878,2,0.5036,0.5781,2,-2.0027,14.7417,14.7417,0.0
2004-08-02,8,May-Sep,8,11.6,10-<12,32.6,21.0,-0.0764,0.6971,2,-0.8651,1.1035,2,0.4657,0.4817,3,-0.1176,14.7431,14.7431,0.0
2004-08-03,8,May-Sep,8,10.5,10-<12,31.2,20.7,2.6488,3.5282,2,0.4131,1.4511,2,5.7729,5.7734,3,1.9054,11.7444,14.7444,3.0
2004-08-04,8,May-Sep,8,9.9,8-<10,26.3,16.4,0.353,1.4917,2,1.2121,1.6971,2,0.8029,0.8245,3,-1.1981,14.7461,14.7461,0.0
2004-08-05,8,May-Sep,8,12.8,12-<15,31.3,18.5,-0.4331,1.0694,2,-1.2557,1.6002,2,0.5887,0.6219,3,-0.8233,14.7478,14.7478,0.0
2004-08-06,8,May-Sep,8,11.2,10-<12,31.4,20.2,-0.4478,0.8395,2,-0.6947,0.8741,2,-0.126,0.1709,3,-0.8397,14.7497,14.7497,0.0
2004-08-07,8,May-Sep,8,10.3,10-<12,29.4,19.1,3.5676,5.4928,2,-0.6659,1.2836,2,8.2208,8.2321,3,2.3064,8.7519,14.7519,6.0
2004-08-08,8,May-Sep,8,8.1,8-<10,20.5,12.4,0.0273,0.8285,2,0.458,0.6975,2,0.2418,0.2471,3,-0.576,14.7542,14.7542,0.0
2004-08-09,8,May-Sep,8,9.7,8-<10,23.2,13.5,-0.3816,1.0914,2,-1.1225,1.3044,2,1.0478,1.0788,3,-0.9325,14.7567,14.7567,0.0
2004-08-10,8,May-Sep,7,7.9,<8,24.2,16.3,0.103,0.6803,2,0.0987,0.2796,2,0.7474,0.7867,2,-0.6205,14.7592,14.7592,0.0
2004-08-11,8,May-Sep,8,11.7,10-<12,27.4,15.7,-0.1581,0.7958,2,-0.6213,0.6265,2,0.4254,0.4268,3,-0.7152,14.7619,14.7619,0.0
2004-08-12,8,May-Sep,8,7.4,<8,25.6,18.2,0.5356,1.2652,2,-0.5799,0.779,2,1.7204,1.7843,3,0.2544,17.765,14.765,-3.0
2004-08-13,8,May-Sep,8,11.5,10-<12,28.5,17.0,-0.3944,0.958,2,-0.786,0.824,2,0.0277,0.4635,3,-0.8106,14.7681,14.7681,0.0
2004-08-14,8,May-Sep,8,13.9,12-<15,31.8,17.9,-0.2445,0.8524,2,-0.8409,1.0489,2,0.4816,0.6993,3,-0.4823,14.7714,14.7714,0.0
2004-08-15,8,May-Sep,8,13.6,12-<15,33.6,20.0,-1.1266,2.2165,2,-3.9711,4.224,2,0.5435,0.7763,3,-0.3693,14.7747,14.7747,0.0
2004-08-16,8,May-Sep,8,9.1,8-<10,30.9,21.8,1.2863,2.1781,2,-0.9637,0.9665,2,3.6063,3.6112,3,1.2159,11.7783,14.7783,3.0
2004-08-17,8,May-Sep,8,10.9,10-<12,31.3,20.4,-0.3417,1.0051,2,-1.3097,1.7691,2,0.5438,0.6478,3,-0.2231,14.7822,14.7822,0.0
2004-08-18,8,May-Sep,8,12.1,12-<15,33.0,20.9,-0.4717,0.9757,2,-1.1453,1.6147,2,0.116,0.2101,3,-0.4287,14.7861,14.7861,0.0
2004-08-19,8,May-Sep,8,9.3,8-<10,32.2,22.9,1.073,1.9692,2,-0.8402,0.8403,2,1.3814,1.4348,3,2.596,14.7903,14.7903,0.0
2004-08-20,8,May-Sep,8,11.3,10-<12,29.3,18.0,3.417,4.9836,2,-0.4457,0.7956,2,8.0535,8.1107,3,3.2437,11.7944,14.7944,3.0
2004-08-21,8,May-Sep,8,8.7,8-<10,24.8,16.1,0.1645,0.9282,2,-0.5907,1.1897,2,0.5595,0.9236,3,-0.0412,17.7986,14.7986,-3.0
2004-08-22,8,May-Sep,8,13.4,12-<15,30.4,17.0,0.8896,2.0371,2,-1.2933,1.5849,2,1.1107,1.117,3,2.5469,14.8031,14.8031,0.0
2004-08-23,8,May-Sep,8,16.1,15-<18,27.9,11.8,4.6643,7.7223,2,-1.7506,3.0484,2,13.083,13.0922,3,2.3834,8.8078,14.8078,6.0
2004-08-24,8,May-Sep,8,10.0,10-<12,21.3,11.3,0.4352,0.9147,2,-0.3226,0.3685,2,1.1129,1.3248,3,0.2735,14.8125,14.8125,0.0
2004-08-25,8,May-Sep,8,11.2,10-<12,21.7,10.5,-0.5613,1.2368,2,-1.3646,1.4165,2,0.4802,0.5256,3,-0.8679,14.8175,14.8175,0.0
2004-08-26,8,May-Sep,8,10.6,10-<12,23.5,12.9,0.0227,0.568,2,-0.6566,0.8693,2,0.4128,0.4294,3,-0.0354,14.8225,14.8225,0.0
2004-08-27,8,May-Sep,8,12.9,12-<15,25.5,12.6,-0.4927,0.8216,2,-1.0091,1.2011,2,0.1063,0.107,3,-0.8106,14.8275,14.8275,0.0
2004-08-28,8,May-Sep,8,9.2,8-<10,24.5,15.3,0.2808,0.9355,2,-0.2317,0.269,2,1.5928,1.5958,3,-0.1572,11.8328,14.8328,3.0
2004-08-29,8,May-Sep,8,13.2,12-<15,29.2,16.0,-0.2203,0.7852,2,-0.0154,0.2295,2,0.6709,0.6821,3,-0.7702,14.8381,14.8381,0.0
2004-08-30,8,May-Sep,8,14.0,12-<15,31.1,17.1,-0.6445,1.2007,2,-1.5027,1.5754,2,0.4091,0.4179,3,-0.7564,14.8433,14.8433,0.0
2004-08-31,8,May-Sep,8,10.7,10-<12,28.8,18.1,2.6816,3.5603,2,0.2698,0.5999,2,4.9242,4.9382,3,2.8088,11.8489,14.8489,3.0
2004-09-01,9,May-Sep,8,7.9,<8,22.8,14.9,1.7952,2.6494,2,0.4059,1.6546,2,2.6591,2.6598,3,1.0452,14.8544,14.8544,0.0
2004-09-02,9,May-Sep,8,11.2,10-<12,24.5,13.3,-0.0462,0.8547,2,-0.4912,0.7298,2,0.8257,0.8287,3,-0.4954,14.8603,14.8603,0.0
2004-09-03,9,May-Sep,8,8.1,8-<10,23.1,15.0,0.6851,2.1215,2,-1.6151,2.2915,2,3.0347,3.2499,3,0.7281,8.8658,14.8658,6.0
2004-09-04,9,May-Sep,8,11.2,10-<12,25.1,13.9,-0.2209,0.7992,2,-0.7611,1.1924,2,0.6609,0.7116,3,-0.6019,14.8717,14.8717,0.0
2004-09-05,9,May-Sep,7,12.8,12-<15,27.6,14.8,-0.2021,0.7398,2,-0.931,1.2373,1,0.2966,0.2966,3,-0.0394,14.8778,14.8778,0.0
2004-09-06,9,May-Sep,8,14.5,12-<15,30.1,15.6,-0.6276,1.2691,2,-1.1831,1.6827,2,0.6081,0.7948,3,-0.8839,14.8836,14.8836,0.0
2004-09-07,9,May-Sep,8,15.3,15-<18,31.7,16.4,-0.6313,1.2756,2,-0.9275,1.3338,2,0.8397,0.8518,3,-1.0388,14.8897,14.8897,0.0
2004-09-08,9,May-Sep,8,16.1,15-<18,28.4,12.3,3.2766,7.7758,2,-2.9239,5.6435,2,9.4703,9.6847,3,0.0728,2.8956,14.8956,-12.0
2004-09-09,9,May-Sep,8,12.0,12-<15,24.1,12.1,-0.411,1.2351,2,-1.5447,2.0415,2,0.7618,0.8443,3,-0.4022,14.9017,14.9017,0.0
2004-09-10,9,May-Sep,8,8.0,8-<10,21.2,13.2,2.4173,3.9499,2,-0.5373,0.6322,2,7.152,7.1729,3,0.8852,8.9078,14.9078,6.0
2004-09-11,9,May-Sep,8,10.3,10-<12,22.1,11.8,-0.1784,0.783,2,-0.9686,1.2816,2,0.6221,0.6467,3,-0.3989,14.9142,14.9142,0.0
2004-09-12,9,May-Sep,8,14.7,12-<15,27.8,13.1,-0.879,2.4355,2,-1.022,1.0245,2,0.3787,0.4712,3,-2.2202,14.9203,14.9203,0.0
2004-09-13,9,May-Sep,8,12.9,12-<15,29.2,16.3,3.262,7.2627,2,0.3448,4.136,2,7.456,8.8907,3,-1.2399,17.9264,14.9264,-3.0
2004-09-14,9,May-Sep,8,13.4,12-<15,24.6,11.2,2.6476,6.1076,2,-2.9657,3.2785,2,10.2071,10.267,3,1.6911,11.9325,14.9325,3.0
2004-09-15,9,May-Sep,8,8.0,8-<10,18.7,10.7,0.407,1.2009,2,-0.4253,1.1148,2,0.8709,1.0996,3,0.642,14.9389,14.9389,0.0
2004-09-16,9,May-Sep,8,11.7,10-<12,20.7,9.0,0.0331,0.8107,2,-0.5854,0.9129,2,0.8206,1.0925,3,-0.2699,14.945,14.945,0.0
2004-09-17,9,May-Sep,8,8.9,8-<10,20.9,12.0,0.1209,0.7396,2,-0.1601,0.1624,2,0.8858,0.9051,3,-0.1876,14.9511,14.9511,0.0
2004-09-18,9,May-Sep,6,9.2,8-<10,22.9,13.7,0.4684,1.3579,1,-1.3941,1.3941,1,1.5086,1.5086,3,0.9574,11.9572,17.9572,6.0
2004-09-19,9,May-Sep,8,14.0,12-<15,25.5,11.5,-0.3017,0.9271,2,-0.1128,0.402,2,0.5033,0.543,3,-1.1633,14.9633,14.9633,0.0
2004-09-20,9,May-Sep,8,13.4,12-<15,27.2,13.8,0.0507,0.8737,2,-0.3461,0.7033,2,1.0913,1.1593,3,0.0406,14.9694,14.9694,0.0
2004-09-21,9,May-Sep,8,9.5,8-<10,23.5,14.0,0.4635,1.8157,2,-0.1283,0.176,2,2.104,2.1636,3,-0.6681,14.9756,14.9756,0.0
2004-09-22,9,May-Sep,8,8.0,8-<10,19.3,11.3,2.2972,4.4174,2,-1.2822,2.3363,2,6.7167,6.7746,3,0.6641,2.9817,14.9817,-12.0
2004-09-23,9,May-Sep,8,6.9,<8,17.8,10.9,0.6754,0.9544,2,-0.0552,0.1143,2,0.7999,1.0628,3,1.1034,14.9875,14.9875,0.0
2004-09-24,9,May-Sep,7,9.3,8-<10,18.8,9.5,-0.1275,0.8776,2,-0.9475,1.487,2,0.5267,0.6779,2,-0.0671,14.9933,14.9933,0.0
2004-09-25,9,May-Sep,7,11.8,10-<12,20.6,8.8,-0.2453,0.8841,2,-0.6259,1.0017,2,0.8374,0.8703,2,-0.5915,14.9992,14.9992,0.0
2004-09-26,9,May-Sep,8,9.2,8-<10,19.6,10.4,-0.1411,0.8901,2,-1.0871,1.5397,2,0.6576,0.8012,3,-0.0209,15.005,15.005,0.0
2004-09-27,9,May-Sep,8,10.2,10-<12,20.4,10.2,0.5915,1.9538,2,-1.1071,1.5864,2,2.3011,2.8617,3,1.2438,12.0106,15.0106,3.0
2004-09-28,9,May-Sep,8,11.7,10-<12,14.5,2.8,1.1734,5.9986,2,-2.8348,3.4116,2,9.3447,9.5081,3,-2.659,0.0161,15.0161,-9.0
2004-09-29,9,May-Sep,8,7.8,<8,8.3,0.5,0.1223,0.4746,2,0.0679,0.1102,2,0.5521,0.6549,3,-0.2291,15.0217,15.0217,0.0
2004-09-30,9,May-Sep,7,11.6,10-<12,12.1,0.5,0.0563,0.9347,1,-1.9345,1.9345,2,0.5715,0.741,3,0.3786,15.0272,15.0272,0.0
2004-10-01,10,Other,8,11.4,10-<12,14.2,2.8,-0.0074,0.8042,2,-1.0315,1.1483,2,0.4754,0.5496,3,0.4578,15.0325,15.0325,0.0
2004-10-02,10,Other,7,10.4,10-<12,15.9,5.5,-0.098,0.9958,2,-0.98,1.4982,2,0.9104,0.962,2,0.1012,15.0375,15.0375,0.0
2004-10-03,10,Other,8,6.5,<8,15.0,8.5,0.1349,0.5023,2,-0.258,0.4918,2,0.3418,0.4188,3,0.357,15.0425,15.0425,0.0
2004-10-04,10,Other,8,13.2,12-<15,21.5,8.3,-0.0202,1.3525,2,-1.6457,1.9139,2,0.6965,0.8017,3,1.033,15.0475,15.0475,0.0
2004-10-05,10,Other,8,14.7,12-<15,24.6,9.9,0.1897,0.9284,2,-0.3412,0.5378,2,0.9244,1.0175,3,0.6301,15.0522,15.0522,0.0
2004-10-06,10,Other,7,15.4,15-<18,26.6,11.2,0.3529,1.3456,1,-0.6668,0.6668,2,1.3329,1.4358,3,0.2818,15.0569,15.0569,0.0
2004-10-07,10,Other,8,11.2,10-<12,22.0,10.8,2.0245,4.2845,2,0.1968,0.2826,2,6.1106,6.123,3,-0.4982,0.0614,15.0614,-9.0
2004-10-08,10,Other,8,10.0,10-<12,14.0,4.0,3.6412,5.3807,2,1.4198,2.1793,2,8.2264,8.2837,3,0.7503,0.0658,15.0658,-9.0
2004-10-09,10,Other,8,9.5,8-<10,12.3,2.8,0.0499,1.168,2,-1.2815,1.853,2,0.7693,0.788,3,0.5512,15.07,15.07,0.0
2004-10-10,10,Other,8,9.9,8-<10,14.5,4.6,0.0804,1.1768,2,-1.3247,1.9983,2,0.6649,0.8732,3,0.6906,15.0742,15.0742,0.0
2004-10-11,10,Other,7,9.3,8-<10,14.0,4.7,-0.0968,0.7146,2,-0.7921,1.0914,2,0.6207,0.6591,2,0.0357,15.0781,15.0781,0.0
2004-10-12,10,Other,8,10.6,10-<12,15.1,4.5,-0.3319,0.7402,2,-0.5323,0.5804,2,0.2657,0.377,3,-0.1564,15.0817,15.0817,0.0
2004-10-13,10,Other,8,9.8,8-<10,15.7,5.9,0.1634,0.7684,2,-0.5835,0.6876,2,0.695,0.9841,3,0.5654,15.0853,15.0853,0.0
2004-10-14,10,Other,8,11.5,10-<12,17.9,6.4,0.0096,1.1372,2,-0.561,0.9727,2,1.492,1.5207,3,0.0502,12.0886,15.0886,3.0
2004-10-15,10,Other,7,12.9,12-<15,21.4,8.5,0.7597,1.9639,2,-0.9441,1.4674,2,1.9204,1.9205,2,2.0358,12.0917,15.0917,3.0
2004-10-16,10,Other,8,14.0,12-<15,16.5,2.5,4.1655,5.7902,2,1.769,2.4202,2,9.1311,9.1312,3,1.2157,15.0947,15.0947,0.0
2004-10-17,10,Other,7,8.0,8-<10,8.4,0.4,-0.2809,0.669,2,-0.887,1.0872,2,0.3676,0.3901,3,-0.3092,15.0975,15.0975,0.0
2004-10-18,10,Other,8,7.4,<8,9.1,1.7,0.3457,0.6301,2,0.0033,0.0768,2,1.131,1.1388,3,-0.0678,15.1003,15.1003,0.0
2004-10-19,10,Other,8,6.3,<8,6.1,-0.2,1.3705,2.409,2,0.4144,0.5894,2,3.6049,3.6049,3,0.0076,0.1025,15.1025,-9.0
2004-10-20,10,Other,8,8.0,8-<10,5.8,-2.2,0.1124,0.9954,2,-1.1244,1.6269,2,0.8471,0.9589,3,0.4937,15.1047,15.1047,0.0
2004-10-21,10,Other,8,9.0,8-<10,5.9,-3.1,-0.2076,0.9239,2,-0.7295,1.2507,2,0.9709,0.9713,3,-0.439,12.1067,15.1067,3.0
2004-10-22,10,Other,8,12.1,12-<15,11.8,-0.3,0.0987,1.649,2,-1.5596,2.3439,2,1.6898,1.7908,3,0.6209,12.1086,15.1086,3.0
2004-10-23,10,Other,8,9.5,8-<10,11.3,1.8,-0.2276,1.1681,2,-1.2813,1.8916,2,0.6964,0.8027,3,0.2304,15.1103,15.1103,0.0
2004-10-24,10,Other,8,9.7,8-<10,11.9,2.2,-0.1546,1.1273,2,-0.6666,1.1913,2,1.1652,1.2556,3,-0.1479,12.1117,15.1117,3.0
2004-10-25,10,Other,8,7.6,<8,10.9,3.3,0.1655,1.043,2,-0.7506,1.0298,2,1.3664,1.5213,3,0.1939,15.1128,15.1128,0.0
2004-10-26,10,Other,8,8.2,8-<10,10.7,2.5,0.4347,0.8328,2,-0.224,0.2461,2,1.2374,1.4955,3,0.4557,15.1136,15.1136,0.0
2004-10-27,10,Other,8,8.0,8-<10,10.6,2.6,0.1131,1.276,2,-1.4676,1.9227,2,1.4569,1.643,3,0.2373,15.1144,15.1144,0.0
2004-10-28,10,Other,8,4.1,<8,7.5,3.4,-0.4067,1.6234,2,-0.8012,1.84,2,0.7386,0.7396,3,-1.4037,3.115,15.115,-12.0
2004-10-29,10,Other,8,5.5,<8,5.7,0.2,0.7276,3.2016,2,-1.9567,2.1333,2,4.6608,4.7187,3,-1.1946,0.115,15.115,-9.0
2004-10-30,10,Other,8,9.6,8-<10,9.2,-0.4,0.8121,1.1031,2,0.3678,0.3889,2,1.7914,1.8155,3,0.905,12.1153,15.1153,3.0
2004-10-31,10,Other,8,9.3,8-<10,9.6,0.3,-0.1927,1.2496,2,-0.5918,0.6052,2,-0.0257,0.0342,3,-0.5729,15.115,15.115,0.0
2004-11-01,11,Other,8,12.6,12-<15,14.0,1.4,0.8965,3.5239,2,-2.8506,3.7324,2,5.5007,5.6772,3,0.382,12.1147,15.1147,3.0
2004-11-02,11,Other,8,7.7,<8,8.1,0.4,2.3589,4.0405,2,0.0547,0.773,2,6.519,6.5653,3,0.269,0.1139,15.1139,-9.0
2004-11-03,11,Other,8,4.3,<8,3.8,-0.5,0.9303,1.238,2,0.381,0.7284,2,1.2502,1.3665,3,0.5567,15.1131,15.1131,0.0
2004-11-04,11,Other,8,2.7,<8,1.7,-1.0,0.1057,0.6672,2,0.0097,0.1084,2,0.9036,0.9036,3,-0.2396,12.1119,15.1119,3.0
2004-11-05,11,Other,7,12.8,12-<15,11.6,-1.2,1.5458,2.8663,2,-1.4687,1.809,2,4.5025,4.5035,3,1.5842,15.1108,15.1108,0.0
2004-11-06,11,Other,8,3.4,<8,5.2,1.8,0.4422,0.9158,2,-0.5599,0.5672,2,0.7611,0.805,3,0.6844,15.1092,15.1092,0.0
2004-11-07,11,Other,8,6.5,<8,6.3,-0.2,-0.0421,1.1074,2,-1.4211,1.723,2,1.0086,1.0126,3,0.49,12.1075,15.1075,3.0
2004-11-08,11,Other,8,7.2,<8,3.8,-3.4,1.2929,3.3876,2,-0.0458,1.4715,2,4.9656,5.0057,3,-1.0851,0.1056,15.1056,-9.0
2004-11-09,11,Other,8,7.1,<8,0.4,-6.7,1.2186,2.5034,2,-0.4222,0.7374,2,4.4764,4.5193,3,0.157,12.1033,15.1033,3.0
2004-11-10,11,Other,8,2.7,<8,-4.4,-7.1,-0.1294,0.4067,2,-0.4215,0.6772,2,0.048,0.1587,3,-0.1675,15.1008,15.1008,0.0
2004-11-11,11,Other,8,4.5,<8,-2.8,-7.3,-0.1519,0.6829,2,-0.9114,0.993,2,0.5622,0.5854,3,-0.0108,15.0981,15.0981,0.0
2004-11-12,11,Other,8,6.2,<8,-0.9,-7.1,-0.2586,0.7874,2,-0.5701,1.1299,2,-0.3614,0.9328,3,-0.2134,18.0953,15.0953,-3.0
2004-11-13,11,Other,8,6.6,<8,2.8,-3.8,0.2784,1.7563,2,-2.1861,2.2566,2,2.3848,2.3944,3,0.7646,12.0922,15.0922,3.0
2004-11-14,11,Other,8,4.4,<8,0.7,-3.7,0.0579,1.0765,2,-1.0995,1.2011,2,1.4223,1.5155,3,0.0003,12.0889,15.0889,3.0
2004-11-15,11,Other,8,6.0,<8,0.3,-5.7,0.0663,0.9354,2,-0.5295,0.6536,2,1.5613,1.5832,3,-0.2608,12.0853,15.0853,3.0
2004-11-16,11,Other,8,7.3,<8,1.9,-5.4,0.3772,1.8385,2,-1.5486,1.9966,2,2.8392,2.8395,3,0.5306,12.0817,15.0817,3.0
2004-11-17,11,Other,8,6.2,<8,2.0,-4.2,-0.0522,1.659,2,-1.7317,1.8674,2,2.0332,2.2509,3,-0.0345,12.0778,15.0778,3.0
2004-11-18,11,Other,8,5.9,<8,2.0,-3.9,0.424,1.2408,2,-0.6758,0.6886,2,2.3221,2.3288,3,0.1524,12.0736,15.0736,3.0
2004-11-19,11,Other,8,6.8,<8,3.6,-3.2,0.2684,1.5487,2,-1.644,2.002,2,2.1528,2.1817,3,0.5021,12.0694,15.0694,3.0
2004-11-20,11,Other,8,6.6,<8,4.0,-2.6,0.1887,1.6457,2,-1.528,2.0194,2,1.6288,2.0408,3,-0.05,15.0647,15.0647,0.0
2004-11-21,11,Other,8,3.7,<8,1.4,-2.3,0.5188,0.8195,2,-0.1306,0.167,2,1.4614,1.4847,3,0.5201,12.06,15.06,3.0
2004-11-22,11,Other,8,4.3,<8,-1.1,-5.4,-0.669,1.0909,2,-1.879,1.8805,2,0.3321,0.4953,3,-0.6794,15.0553,15.0553,0.0
2004-11-23,11,Other,8,5.0,<8,0.4,-4.6,1.074,1.9739,2,-0.3204,0.3246,2,3.2396,3.2574,3,1.2161,12.05,15.05,3.0
2004-11-24,11,Other,8,9.7,8-<10,3.5,-6.2,-3.2642,4.9284,2,-7.1884,7.2035,2,0.169,0.7497,3,-3.2797,12.0447,15.0447,3.0
2004-11-25,11,Other,8,12.0,12-<15,3.1,-8.9,0.7397,5.7407,2,-0.2951,0.8058,2,7.3156,7.3316,3,-4.004,0.0394,15.0394,-9.0
2004-11-26,11,Other,8,3.2,<8,-5.7,-8.9,0.0148,0.4451,2,-0.1115,0.2641,2,0.3776,0.4174,3,-0.3441,15.0339,15.0339,0.0
2004-11-27,11,Other,8,15.5,15-<18,7.6,-7.9,1.0717,4.19,2,-3.5819,3.5936,2,6.1554,6.2291,3,2.3144,12.0281,15.0281,3.0
2004-11-28,11,Other,8,6.7,<8,-1.4,-8.1,-0.2709,2.27,2,-0.3211,1.2054,2,0.3667,2.1644,3,-1.932,21.0222,15.0222,-6.0
2004-11-29,11,Other,8,15.0,15-<18,6.4,-8.6,-0.5496,5.7298,2,-2.5318,3.8897,2,5.6242,5.8685,3,-5.0444,0.0161,15.0161,-9.0
2004-11-30,11,Other,8,4.0,<8,0.2,-3.8,-1.5176,1.7884,2,-2.4691,2.4744,2,-0.3263,0.4615,3,-1.9811,15.0097,15.0097,0.0
2004-12-01,12,Other,9,4.2,<8,3.2,-1.0,0.2144,0.5039,2,-0.3102,0.3765,2,0.648,0.8486,4,0.2547,15.0033,15.0033,0.0
2004-12-02,12,Other,8,7.3,<8,4.4,-2.9,1.5904,3.2676,2,-0.8721,0.8726,2,5.4916,5.5371,3,1.5162,11.9969,14.9969,3.0
2004-12-03,12,Other,8,3.7,<8,-1.6,-5.3,1.1216,1.5959,2,-0.0136,0.2054,2,2.4649,2.4761,3,0.5739,14.9903,14.9903,0.0
2004-12-04,12,Other,8,6.1,<8,0.0,-6.1,0.1127,1.0298,2,-1.1381,1.2594,2,1.5014,1.5145,3,0.2517,11.9836,14.9836,3.0
2004-12-05,12,Other,8,8.6,8-<10,0.2,-8.4,0.3828,2.1044,2,-1.1631,1.6644,2,2.4759,2.741,3,0.76,11.9767,14.9767,3.0
2004-12-06,12,Other,8,5.7,<8,-3.0,-8.7,0.8218,2.2255,2,-1.3872,1.4253,2,3.3562,3.402,3,1.0777,11.9697,14.9697,3.0
2004-12-07,12,Other,8,5.6,<8,-3.9,-9.5,-1.7237,2.7821,2,-2.3033,2.604,2,0.3707,1.8663,3,-3.5479,20.9625,14.9625,-6.0
2004-12-08,12,Other,8,5.8,<8,0.5,-5.3,1.7983,2.5686,2,-0.098,0.3236,2,3.2961,3.3688,3,2.4447,11.9556,14.9556,3.0
2004-12-09,12,Other,8,7.4,<8,-1.5,-8.9,0.3258,1.5291,2,-0.4484,0.6179,2,2.4901,2.5841,3,0.0686,11.9481,14.9481,3.0
2004-12-10,12,Other,7,12.4,12-<15,4.1,-8.3,0.211,2.0763,2,-1.6774,1.6774,1,3.0913,3.0913,3,1.2278,11.9408,17.9408,6.0
2004-12-11,12,Other,8,10.0,10-<12,-1.4,-11.4,-0.331,3.8548,2,0.1493,0.201,2,1.7087,4.0664,3,-3.7503,17.9333,14.9333,-3.0
2004-12-12,12,Other,8,8.1,8-<10,-0.9,-9.0,-0.9915,2.9082,2,-1.935,2.1996,2,1.2565,1.5705,3,-3.3214,2.9258,14.9258,-12.0
2004-12-13,12,Other,7,9.4,8-<10,3.8,-5.6,1.4784,4.0431,2,-3.0146,3.0146,2,6.2422,6.2659,2,2.7374,11.9183,14.9183,3.0
2004-12-14,12,Other,8,4.7,<8,-2.4,-7.1,-0.2865,1.2571,2,-0.8133,0.8154,2,1.4478,1.4897,3,-0.9542,11.9106,14.9106,3.0
2004-12-15,12,Other,8,3.5,<8,-1.2,-4.7,-0.8671,1.5347,2,-2.6406,2.6922,2,0.6527,0.8512,3,-0.6962,8.9031,14.9031,6.0
2004-12-16,12,Other,8,2.3,<8,-1.8,-4.1,0.4029,1.0059,2,-0.2651,0.2654,2,1.5569,1.558,3,0.1273,2.8953,14.8953,-12.0
2004-12-17,12,Other,8,2.3,<8,-3.1,-5.4,0.2775,1.2137,2,-1.1176,1.1679,2,1.4078,1.4412,3,0.7283,11.8875,14.8875,3.0
2004-12-18,12,Other,8,5.2,<8,-2.1,-7.3,0.3498,1.0121,2,-0.0559,0.0645,2,1.8914,1.9013,3,-0.1684,11.8797,14.8797,3.0
2004-12-19,12,Other,8,2.1,<8,-3.5,-5.6,-0.4843,0.794,2,-0.7833,0.8371,2,0.3349,0.341,3,-0.8607,23.8639,14.8719,-8.992
2004-12-20,12,Other,8,2.1,<8,-3.3,-5.4,0.5654,1.3594,2,-0.6852,0.7145,2,1.3358,1.3567,3,0.9069,2.8639,14.8639,-12.0
2004-12-21,12,Other,8,5.2,<8,-3.5,-8.7,0.8728,1.9363,2,-1.0201,1.0201,2,2.448,2.8459,3,1.3384,14.8561,14.8561,0.0
2004-12-22,12,Other,8,2.9,<8,-8.3,-11.2,0.6713,1.2299,2,-0.6462,0.6542,2,1.8377,1.843,3,0.8073,11.8483,14.8483,3.0
2004-12-23,12,Other,8,2.9,<8,-10.6,-13.5,1.1337,1.6423,2,-0.1982,0.3228,2,1.689,1.6915,3,1.8418,11.8406,14.8406,3.0
2004-12-24,12,Other,7,4.9,<8,-12.3,-17.2,1.4539,2.3897,1,-0.8587,0.8587,2,3.1923,3.2168,3,1.8577,11.8328,14.8328,3.0
2004-12-25,12,Other,8,6.5,<8,-14.3,-20.8,1.0052,2.6059,2,-1.0677,1.1332,2,4.647,4.6538,3,0.7921,11.825,14.825,3.0
2004-12-26,12,Other,8,6.4,<8,-15.1,-21.5,-1.3627,1.9212,2,-2.6762,2.7374,2,0.7125,1.0122,3,-1.9012,14.8172,14.8172,0.0
2004-12-27,12,Other,8,5.6,<8,-14.8,-20.4,0.8813,2.2401,2,-0.4692,0.5711,2,3.7637,3.8769,3,-0.5655,23.8019,14.8094,-8.9925
2004-12-28,12,Other,8,7.3,<8,-12.1,-19.4,0.9497,2.3421,2,-1.2866,1.375,2,3.3591,3.4957,3,1.5001,11.8019,14.8019,3.0
2004-12-29,12,Other,8,10.7,10-<12,-11.6,-22.3,1.9616,4.6022,2,-2.3208,2.356,2,6.2497,6.5216,3,3.4312,11.7942,14.7942,3.0
2004-12-30,12,Other,8,5.1,<8,-19.6,-24.7,-0.1449,1.1824,2,-0.6989,0.9739,2,1.1829,1.3694,3,-0.2724,11.7867,14.7867,3.0
2004-12-31,12,Other,8,9.7,8-<10,-13.8,-23.5,-2.0914,2.904,2,-4.8243,4.8374,2,0.7316,0.8128,3,-2.2557,11.7792,14.7792,3.0
2005-01-01,1,Other,8,10.4,10-<12,-12.7,-23.1,-0.6649,2.3813,2,-0.9899,1.1898,2,1.3972,3.4803,3,-1.4825,17.7792,14.7792,-3.0
2005-01-02,1,Other,8,12.8,12-<15,-5.4,-18.2,-2.0183,3.8493,2,-2.3732,2.9639,2,-0.185,2.3722,3,-4.5074,17.7719,14.7719,-3.0
2005-01-03,1,Other,8,9.5,8-<10,-5.9,-15.4,0.2512,5.28,2,-5.3854,5.3864,2,7.4662,7.6843,3,-0.84,2.7644,14.7644,-12.0
2005-01-04,1,Other,8,7.6,<8,-8.7,-16.3,0.41,1.6754,2,-0.778,0.8021,2,2.6972,2.9896,3,0.1372,11.7572,14.7572,3.0
2005-01-05,1,Other,8,3.6,<8,-10.6,-14.2,0.1509,1.3815,2,-1.1235,1.13,2,1.9244,2.0963,3,-0.0057,11.75,14.75,3.0
2005-01-06,1,Other,8,2.9,<8,-12.9,-15.8,0.2876,1.463,2,-1.1572,1.2542,2,1.9588,1.9766,3,-0.1778,2.7431,14.7431,-12.0
2005-01-07,1,Other,8,3.9,<8,-13.0,-16.9,0.0447,0.7779,2,-0.3571,0.4241,2,0.9935,1.4108,3,-0.1817,14.7361,14.7361,0.0
2005-01-08,1,Other,8,6.5,<8,-10.0,-16.5,0.0555,1.4883,2,-0.9265,1.1513,2,2.3931,2.3931,3,-0.812,11.7292,14.7292,3.0
2005-01-09,1,Other,8,7.4,<8,-6.6,-14.0,-0.4037,2.4859,2,-2.5789,2.6445,2,3.2927,3.4161,3,-1.3106,20.7225,14.7225,-6.0
2005-01-10,1,Other,8,6.1,<8,-6.5,-12.6,-0.6006,3.1824,2,-3.6413,4.029,2,3.647,3.7658,3,-2.1603,5.7161,14.7161,9.0
2005-01-11,1,Other,8,6.9,<8,-4.6,-11.5,1.2852,3.5671,2,-2.6974,2.7115,2,5.3091,5.312,3,1.8451,11.7094,14.7094,3.0
2005-01-12,1,Other,8,3.5,<8,-11.3,-14.8,0.4406,1.1459,2,-0.2191,0.2897,2,2.001,2.0426,3,-0.0285,11.7033,14.7033,3.0
2005-01-13,1,Other,8,6.1,<8,-9.2,-15.3,-0.6061,0.9591,2,-1.081,1.2431,2,0.4586,0.5923,3,-1.0558,14.6969,14.6969,0.0
2005-01-14,1,Other,8,8.7,8-<10,-4.5,-13.2,1.512,3.0493,2,-0.7887,1.4888,2,5.6193,5.6246,3,1.2512,11.6911,14.6911,3.0
2005-01-15,1,Other,8,5.8,<8,-6.9,-12.7,0.1439,2.5798,2,-2.588,2.588,2,3.6499,3.6574,3,0.1576,11.6853,14.6853,3.0
2005-01-16,1,Other,8,5.9,<8,-7.8,-13.7,0.5401,2.0625,2,-1.3279,1.6915,2,2.8926,2.9372,3,0.0218,14.6794,14.6794,0.0
2005-01-17,1,Other,8,4.6,<8,-10.9,-15.5,0.6522,2.2516,2,-1.6447,1.7486,2,3.4905,3.492,3,0.3359,2.6739,14.6739,-12.0
2005-01-18,1,Other,8,6.9,<8,-8.9,-15.8,-0.0932,2.1713,2,-1.4605,1.6813,2,3.1902,3.1922,3,-0.7449,11.6686,14.6686,3.0
2005-01-19,1,Other,8,7.4,<8,-6.5,-13.9,-1.6715,2.0744,2,-2.6749,2.6759,2,-0.0599,1.2375,3,-1.9949,11.6633,14.6633,3.0
2005-01-20,1,Other,7,10.9,10-<12,-5.9,-16.8,0.8287,5.3909,1,-6.0156,6.0156,2,7.6144,7.6735,3,-1.9837,20.6583,14.6583,-6.0
2005-01-21,1,Other,8,15.4,15-<18,-3.7,-19.1,-0.8892,3.2771,2,-0.8321,1.7635,2,1.3855,1.8086,3,-4.1734,14.6533,14.6533,0.0
2005-01-22,1,Other,7,8.0,8-<10,-5.5,-13.5,1.4939,3.0339,2,-0.1139,0.1206,1,5.8092,5.8092,3,2.1537,11.6486,17.6486,6.0
2005-01-23,1,Other,8,4.3,<8,-12.7,-17.0,0.2608,1.2912,2,-0.1334,0.2734,2,1.8912,1.8935,3,-0.3832,11.6442,14.6442,3.0
2005-01-24,1,Other,8,3.9,<8,-15.4,-19.3,1.0128,1.6554,2,-0.1031,0.1375,2,2.2365,2.3033,3,1.3311,11.64,14.64,3.0
2005-01-25,1,Other,8,4.0,<8,-17.3,-21.3,0.1342,1.3069,2,-1.6416,1.7026,2,0.9287,0.9635,3,1.1612,11.6358,14.6358,3.0
2005-01-26,1,Other,8,6.3,<8,-16.1,-22.4,0.6248,1.4852,2,-0.9344,1.0432,2,2.5408,2.5461,3,0.6818,11.6319,14.6319,3.0
2005-01-27,1,Other,8,3.9,<8,-20.1,-24.0,0.8078,1.6025,2,-0.3871,0.6403,2,2.2447,2.2732,3,0.8984,11.6283,14.6283,3.0
2005-01-28,1,Other,8,6.0,<8,-19.9,-25.9,0.7257,2.4075,2,-1.7368,1.9784,2,3.6806,3.7899,3,0.726,11.6247,14.6247,3.0
2005-01-29,1,Other,8,5.7,<8,-20.1,-25.8,-1.3405,2.0602,2,-3.0489,3.1631,2,0.6657,0.7252,3,-1.5969,14.6214,14.6214,0.0
2005-01-30,1,Other,8,5.2,<8,-20.6,-25.8,-0.0331,1.4666,2,-1.5259,2.443,2,0.4206,0.4497,3,0.787,14.6183,14.6183,0.0
2005-01-31,1,Other,8,7.1,<8,-19.3,-26.4,-0.911,1.8987,2,-3.1779,3.1959,2,1.3322,1.5338,3,-0.8454,14.6156,14.6156,0.0
2005-02-01,2,Other,8,4.0,<8,-21.6,-25.6,-0.1841,0.6558,2,-0.6494,0.852,2,0.4985,0.5115,3,-0.0717,11.6128,14.6128,3.0
2005-02-02,2,Other,8,8.6,8-<10,-16.2,-24.8,0.1173,1.8015,2,-0.6391,0.8572,2,2.843,2.9474,3,-0.7977,11.6103,14.6103,3.0
2005-02-03,2,Other,8,5.1,<8,-19.2,-24.3,0.825,1.2848,2,0.0006,0.2463,2,2.0955,2.1364,3,0.3231,14.6081,14.6081,0.0
2005-02-04,2,Other,8,7.1,<8,-16.4,-23.5,0.1975,1.7231,2,-1.5297,1.8175,2,2.7027,2.7126,3,-0.0134,11.6061,14.6061,3.0
2005-02-05,2,Other,8,5.4,<8,-15.7,-21.1,0.817,2.3241,2,-1.4065,1.5589,2,2.4735,2.7922,3,1.7118,11.6044,14.6044,3.0
2005-02-06,2,Other,8,5.6,<8,-20.4,-26.0,-0.0892,1.4408,2,-0.3299,0.33,2,1.9082,1.9562,3,-1.3623,14.6028,14.6028,0.0
2005-02-07,2,Other,8,7.9,<8,-16.0,-23.9,0.2607,1.8344,2,-1.5722,1.7896,2,2.5414,2.6291,3,0.6231,11.6014,14.6014,3.0
2005-02-08,2,Other,8,5.1,<8,-17.6,-22.7,-0.3678,1.1949,2,-1.4529,1.571,2,1.314,1.5055,3,-0.6461,14.6003,14.6003,0.0
2005-02-09,2,Other,8,8.4,8-<10,-13.3,-21.7,0.3236,1.5747,2,-1.2475,1.2719,2,2.0557,2.1684,3,1.0033,11.5992,14.5992,3.0
2005-02-10,2,Other,8,10.0,10-<12,-11.3,-21.3,-0.0472,1.4135,2,-1.0347,1.0389,2,1.8118,1.9617,3,0.0452,11.5986,14.5986,3.0
2005-02-11,2,Other,8,5.6,<8,-14.4,-20.0,-0.7419,1.5528,2,-0.7264,0.8754,2,0.4287,0.4315,3,-1.533,23.5978,14.5981,-8.9997
2005-02-12,2,Other,8,14.6,12-<15,-3.4,-18.0,-1.1089,3.6606,2,-5.4059,5.4072,2,4.0518,4.0725,3,-1.6565,11.5978,14.5978,3.0
2005-02-13,2,Other,8,5.6,<8,-7.5,-13.1,-0.4452,0.815,2,-0.754,0.7621,2,0.687,0.693,3,-0.8684,11.5978,14.5978,3.0
2005-02-14,2,Other,8,3.2,<8,-7.5,-10.7,0.8554,1.9333,2,-0.6815,0.8296,2,1.5593,1.8922,3,1.7507,14.5978,14.5978,0.0
2005-02-15,2,Other,8,4.1,<8,-10.7,-14.8,1.4181,2.0437,2,-0.2335,0.366,2,2.6305,2.7345,3,1.8839,14.5981,14.5981,0.0
2005-02-16,2,Other,8,6.0,<8,-11.4,-17.4,1.0763,2.2986,2,-0.878,1.1517,2,3.2638,3.3822,3,1.7132,11.5986,14.5986,3.0
2005-02-17,2,Other,8,4.2,<8,-16.6,-20.8,0.6706,1.7487,2,-0.7558,0.7724,2,2.2277,2.3487,3,0.8781,11.5994,14.5994,3.0
2005-02-18,2,Other,8,4.8,<8,-17.5,-22.3,0.4616,1.3079,2,-0.9323,1.0315,2,1.8782,2.1262,3,0.4881,14.6003,14.6003,0.0
2005-02-19,2,Other,8,11.8,10-<12,-10.2,-22.0,0.866,2.6337,2,-2.1518,2.7802,2,4.0218,4.0487,3,1.3909,11.6017,14.6017,3.0
2005-02-20,2,Other,8,9.1,8-<10,-11.3,-20.4,-0.4905,1.9667,2,-0.4294,0.5753,2,0.7639,1.5099,3,-2.0771,17.6031,14.6031,-3.0
2005-02-21,2,Other,8,9.7,8-<10,-6.3,-16.0,0.206,4.0623,2,-4.2413,4.4216,2,4.0194,4.6584,3,-0.0359,14.6044,14.6044,0.0
2005-02-22,2,Other,8,16.6,15-<18,-0.9,-17.5,-2.5762,4.9373,2,-3.7668,3.8393,2,1.8411,3.6047,3,-4.5037,11.6061,14.6061,3.0
2005-02-23,2,Other,8,10.1,10-<12,-2.1,-12.2,-1.1926,4.4661,2,-3.2517,4.9008,2,4.6004,4.6237,3,-4.5908,8.6081,14.6081,6.0
2005-02-24,2,Other,8,8.4,8-<10,-0.7,-9.1,-0.7715,2.4825,2,-4.235,4.3951,2,1.9497,1.9579,3,-0.7612,8.6103,14.6103,6.0
2005-02-25,2,Other,8,2.6,<8,-4.1,-6.7,0.1566,0.6274,2,0.1198,0.2469,2,1.1353,1.1366,3,-0.3357,11.6125,14.6125,3.0
2005-02-26,2,Other,8,3.5,<8,-2.5,-6.0,0.4772,0.9745,2,-0.4117,0.4816,2,1.3636,1.4799,3,0.6943,11.615,14.615,3.0
2005-02-27,2,Other,8,3.5,<8,-4.9,-8.4,0.7427,1.0584,2,0.1961,0.3254,2,1.8162,1.8164,3,0.2263,14.6178,14.6178,0.0
2005-02-28,2,Other,8,7.3,<8,-0.8,-8.1,-0.4437,1.8946,2,-0.4036,0.4039,2,1.7136,1.7685,3,-1.7621,11.6206,14.6206,3.0
2005-03-01,3,Other,8,7.6,<8,2.5,-5.1,1.5902,3.5109,2,-1.7478,1.9371,2,5.9954,6.01,3,1.5562,11.6236,14.6236,3.0
2005-03-02,3,Other,8,5.9,<8,-1.6,-7.5,1.6005,3.4797,2,-2.509,2.7512,2,4.8352,4.8376,3,1.6234,8.6267,14.6267,6.0
2005-03-03,3,Other,6,13.6,12-<15,4.3,-9.3,0.5461,8.0785,2,-7.1964,8.4373,2,8.3392,8.3755,1,-6.8667,20.63,14.63,-6.0
2005-03-04,3,Other,8,17.6,15-<18,8.2,-9.4,-0.128,6.735,2,-8.6619,9.1337,2,9.0907,9.1022,3,0.6932,11.6336,14.6336,3.0
2005-03-05,3,Other,8,7.3,<8,2.6,-4.7,0.1622,1.9236,2,-1.7226,2.0891,2,2.8419,3.0005,3,0.0233,11.6372,14.6372,3.0
2005-03-06,3,Other,8,5.9,<8,1.8,-4.1,0.1454,1.757,2,-2.0566,2.5831,2,1.8536,2.1402,3,0.647,8.6408,14.6408,6.0
2005-03-07,3,Other,8,9.0,8-<10,4.7,-4.3,-0.9723,2.5192,2,-2.0435,2.8967,2,1.5261,1.5464,3,-1.6232,11.6447,14.6447,3.0
2005-03-08,3,Other,8,17.6,15-<18,13.9,-3.7,0.0561,3.8568,2,-6.156,6.3483,2,3.096,3.1618,3,1.0297,14.6489,14.6489,0.0
2005-03-09,3,Other,8,9.0,8-<10,7.6,-1.4,2.4674,3.9275,2,0.0963,0.1371,2,5.9889,6.003,3,1.1688,2.6531,14.6531,-12.0
2005-03-10,3,Other,8,3.6,<8,0.0,-3.6,0.2595,0.7704,2,-0.1036,0.2976,2,1.2366,1.2625,3,-0.2941,20.6572,14.6572,-6.0
2005-03-11,3,Other,8,4.2,<8,1.1,-3.1,0.3723,0.8502,2,-0.1033,1.0673,2,1.2438,1.2524,3,0.2438,11.6617,14.6617,3.0
2005-03-12,3,Other,8,3.1,<8,-0.4,-3.5,0.2013,0.4345,2,0.2842,0.5636,2,0.3748,0.4916,3,-0.0746,17.6661,14.6661,-3.0
2005-03-13,3,Other,8,2.3,<8,-0.5,-2.8,0.2469,0.5398,2,0.1142,0.1832,2,0.8336,0.9924,3,0.1275,11.6706,14.6706,3.0
2005-03-14,3,Other,8,3.2,<8,0.8,-2.4,-0.7342,1.0581,2,-1.1864,1.1865,2,0.0192,0.4743,3,-1.0488,17.6753,14.6753,-3.0
2005-03-15,3,Other,8,6.6,<8,4.9,-1.7,0.6815,1.5583,2,-0.7265,0.8945,2,1.1757,1.6028,3,1.49,14.68,14.68,0.0
2005-03-16,3,Other,8,5.6,<8,1.8,-3.8,0.0194,0.9068,2,-1.0771,1.4291,2,0.5488,0.5503,3,0.4342,14.685,14.685,0.0
2005-03-17,3,Other,8,8.7,8-<10,5.7,-3.0,0.2223,0.683,2,-0.0974,0.762,2,0.7788,0.9804,3,-0.1171,14.69,14.69,0.0
2005-03-18,3,Other,8,7.6,<8,6.9,-0.7,0.3997,0.7244,2,0.585,0.8196,2,0.7591,0.8458,3,0.232,14.695,14.695,0.0
2005-03-19,3,Other,8,4.7,<8,4.7,0.0,0.1601,1.094,2,-0.7954,1.0104,2,1.8166,1.9055,3,-0.0965,11.7,14.7,3.0
2005-03-20,3,Other,8,5.1,<8,4.9,-0.2,-0.0693,0.6784,2,0.4837,0.7312,2,0.1894,0.5365,3,-0.7185,17.705,14.705,-3.0
2005-03-21,3,Other,8,8.1,8-<10,8.0,-0.1,0.2178,0.4271,2,-0.0796,0.3001,2,0.4289,0.4925,3,0.396,14.7103,14.7103,0.0
2005-03-22,3,Other,8,9.3,8-<10,10.2,0.9,-0.4479,1.0935,2,-1.4,1.9345,2,0.2963,0.3163,3,-0.235,14.7156,14.7156,0.0
2005-03-23,3,Other,8,11.8,10-<12,12.9,1.1,-0.0588,0.5291,2,-0.3821,0.4027,2,0.6729,0.673,3,-0.3,14.7208,14.7208,0.0
2005-03-24,3,Other,8,10.6,10-<12,13.0,2.4,-0.3448,0.897,2,-0.9759,1.3487,2,0.6092,0.6218,3,-0.5441,14.7261,14.7261,0.0
2005-03-25,3,Other,8,12.1,12-<15,15.0,2.9,-0.4616,1.0191,2,-1.1794,1.6562,2,0.3569,0.3578,3,-0.5936,14.7314,14.7314,0.0
2005-03-26,3,Other,8,11.1,10-<12,15.9,4.8,-0.0396,0.8776,2,-0.7408,1.161,2,1.0288,1.0845,3,-0.1138,14.7367,14.7367,0.0
2005-03-27,3,Other,8,10.1,10-<12,14.3,4.2,-0.0563,0.6094,2,-0.4063,0.5237,2,0.7002,0.7318,3,-0.4997,14.7419,14.7419,0.0
2005-03-28,3,Other,8,6.7,<8,12.0,5.3,0.446,0.7087,2,0.1693,0.3662,2,0.7371,0.9795,3,0.4432,14.7472,14.7472,0.0
2005-03-29,3,Other,8,6.4,<8,10.1,3.7,-0.0963,0.7546,2,0.5249,0.7904,2,0.409,0.4175,3,-0.9106,14.7528,14.7528,0.0
2005-03-30,3,Other,8,7.6,<8,12.5,4.9,0.1798,0.5439,2,-0.3808,0.4477,2,0.8777,0.9231,3,0.0214,14.7581,14.7581,0.0
2005-03-31,3,Other,8,12.6,12-<15,16.9,4.3,-0.5507,1.3623,2,-1.2403,1.8621,2,0.7365,0.7382,3,-0.9222,14.7633,14.7633,0.0
2005-04-01,4,Other,8,14.2,12-<15,20.8,6.6,-0.1245,1.3691,2,-1.2013,1.7502,2,1.4295,1.45,3,0.1838,11.7686,14.7686,3.0
2005-04-02,4,Other,8,11.1,10-<12,21.6,10.5,-0.8455,2.1779,2,-0.1916,0.6326,2,0.4434,0.4693,3,-1.9171,14.7739,14.7739,0.0
2005-04-03,4,Other,8,14.9,12-<15,26.0,11.1,-2.5037,3.5939,2,-4.0583,4.1226,2,0.287,0.3499,3,-3.5351,14.7792,14.7792,0.0
2005-04-04,4,Other,8,22.9,>=20,23.5,0.6,2.1884,12.4448,2,-8.3109,9.1355,2,17.6975,17.7805,3,-1.2269,2.7842,14.7842,-12.0
2005-04-05,4,Other,8,7.9,<8,8.0,0.1,0.0393,0.5377,2,-0.0854,0.2017,2,0.4658,0.5961,3,-0.3831,14.7894,14.7894,0.0
2005-04-06,4,Other,8,6.8,<8,6.1,-0.7,3.0156,4.0425,2,0.5517,1.638,2,6.2415,6.2579,3,1.6433,2.7944,14.7944,-12.0
2005-04-07,4,Other,7,6.1,<8,-0.7,-6.8,1.8577,2.8581,1,1.7416,1.7416,2,3.1398,3.1402,3,0.5475,2.7994,14.7994,-12.0
2005-04-08,4,Other,8,11.8,10-<12,3.5,-8.3,-1.116,2.2501,2,-0.6767,0.8142,2,-0.1915,0.6143,3,-2.5869,14.8044,14.8044,0.0
2005-04-09,4,Other,8,8.9,8-<10,6.5,-2.4,-0.2892,1.0735,2,-0.6194,0.6668,2,0.6545,0.6971,3,-1.0218,14.8094,14.8094,0.0
2005-04-10,4,Other,8,5.8,<8,6.7,0.9,-0.1639,0.3854,2,-0.3648,0.4392,2,0.1131,0.4966,3,-0.309,17.8142,14.8142,-3.0
2005-04-11,4,Other,8,12.1,12-<15,13.0,0.9,-0.2254,0.7746,2,-0.4534,0.6842,2,0.2949,0.2949,3,-0.7523,14.8189,14.8189,0.0
2005-04-12,4,Other,8,11.9,10-<12,16.0,4.1,-0.3559,0.8698,2,-0.977,1.1098,2,0.2104,0.3529,3,-0.645,14.8236,14.8236,0.0
2005-04-13,4,Other,8,14.6,12-<15,19.2,4.6,-0.5894,0.9937,2,-0.9202,1.3554,2,0.0839,0.0844,3,-0.9451,14.8281,14.8281,0.0
2005-04-14,4,Other,8,14.4,12-<15,21.6,7.2,-0.6691,1.5831,2,-0.6412,0.9534,2,0.2498,0.2535,3,-1.705,14.8325,14.8325,0.0
2005-04-15,4,Other,8,16.6,15-<18,19.5,2.9,3.8032,5.4247,2,2.217,3.0107,2,8.2576,8.2902,3,0.656,14.8369,14.8369,0.0
2005-04-16,4,Other,8,11.4,10-<12,15.9,4.5,-0.5191,1.1409,2,-0.9145,1.3056,2,0.402,0.402,3,-1.0979,14.8411,14.8411,0.0
2005-04-17,4,Other,8,7.6,<8,15.6,8.0,0.8616,1.2899,2,0.3016,0.3779,2,0.4028,0.4523,3,1.5988,14.8453,14.8453,0.0
2005-04-18,4,Other,8,14.8,12-<15,17.4,2.6,-1.1188,1.789,2,-1.2146,1.2639,2,0.0843,0.2264,3,-2.4492,14.8494,14.8494,0.0
2005-04-19,4,Other,8,13.2,12-<15,20.2,7.0,-0.5457,1.2104,2,-0.2063,0.2073,2,0.1412,0.8658,3,-1.7209,14.8533,14.8533,0.0
2005-04-20,4,Other,8,13.0,12-<15,21.9,8.9,-0.7395,1.5032,2,-0.4833,0.7614,2,0.3567,0.3914,3,-1.679,14.8572,14.8572,0.0
2005-04-21,4,Other,8,8.9,8-<10,20.9,12.0,-0.1146,0.5952,2,0.1933,0.2974,2,0.0244,0.0768,3,-0.5252,14.8608,14.8608,0.0
2005-04-22,4,Other,8,11.0,10-<12,23.2,12.2,0.1241,0.6807,2,0.19,0.4545,2,0.3908,0.4049,3,-0.4599,14.8642,14.8642,0.0
2005-04-23,4,Other,8,12.4,12-<15,25.6,13.2,-0.1473,0.518,2,-0.5701,0.5722,2,0.3029,0.321,3,-0.2847,14.8678,14.8678,0.0
2005-04-24,4,Other,8,13.0,12-<15,26.7,13.7,-0.2673,1.0074,2,-1.1141,1.3668,2,1.0171,1.0407,3,-0.2924,14.8708,14.8708,0.0
2005-04-25,4,Other,8,12.6,12-<15,23.8,11.2,2.9256,6.33,2,-2.5414,3.2277,2,10.5451,10.7065,3,0.3634,8.8742,14.8742,6.0
2005-04-26,4,Other,8,11.8,10-<12,23.1,11.3,-0.4571,1.3603,2,-0.5148,0.52,2,0.1487,0.8614,3,-1.4546,17.8769,14.8769,-3.0
2005-04-27,4,Other,8,12.7,12-<15,26.4,13.7,-0.114,0.6166,2,-0.737,0.8356,2,0.344,0.493,3,-0.2147,14.8797,14.8797,0.0
2005-04-28,4,Other,8,12.9,12-<15,28.0,15.1,-0.7836,1.4558,2,-1.4743,1.917,2,0.5839,0.9218,3,-1.2966,11.8825,14.8825,3.0
2005-04-29,4,Other,8,15.4,15-<18,26.5,11.1,4.2257,5.8048,2,2.5896,3.8404,2,8.4791,8.4795,3,1.2733,14.885,14.885,0.0
2005-04-30,4,Other,8,12.8,12-<15,23.7,10.9,-0.1237,0.7521,2,-0.9188,0.9858,2,0.5957,0.6277,3,-0.3277,14.8875,14.8875,0.0
2005-05-01,5,May-Sep,8,14.6,12-<15,26.8,12.2,-0.2393,1.0021,2,-0.9195,1.0265,2,0.8357,0.9015,3,-0.7127,14.8897,14.8897,0.0
2005-05-02,5,May-Sep,8,9.4,8-<10,25.2,15.8,0.5141,1.7741,2,-1.2169,1.2928,2,1.3134,1.4812,3,1.5231,11.8917,14.8917,3.0
2005-05-03,5,May-Sep,8,12.8,12-<15,23.3,10.5,3.2536,4.1065,2,1.1221,2.1225,2,5.954,5.9887,3,2.0011,14.8936,14.8936,0.0
2005-05-04,5,May-Sep,8,15.4,15-<18,20.6,5.2,-1.1822,2.0179,2,-0.6281,0.6298,2,-0.2543,0.6997,3,-2.8694,14.8953,14.8953,0.0
2005-05-05,5,May-Sep,8,16.3,15-<18,25.6,9.3,-0.5104,1.3736,2,-0.8415,0.8428,2,0.1435,0.5722,3,-1.4626,14.8969,14.8969,0.0
2005-05-06,5,May-Sep,8,13.1,12-<15,26.0,12.9,-0.6058,1.2518,2,-1.1159,1.1922,2,0.344,0.3769,3,-1.2547,14.8983,14.8983,0.0
2005-05-07,5,May-Sep,8,14.8,12-<15,29.4,14.6,-0.8279,1.27,2,-1.1721,1.2356,2,0.3928,0.4386,3,-1.3328,14.8994,14.8994,0.0
2005-05-08,5,May-Sep,8,7.9,<8,27.0,19.1,0.8455,1.0331,2,0.5367,0.7315,2,1.3676,1.3693,3,0.5841,14.9006,14.9006,0.0
2005-05-09,5,May-Sep,8,11.0,10-<12,28.3,17.3,-0.6648,1.2002,2,-1.552,1.7681,2,0.2808,0.4239,3,-0.9852,14.9014,14.9014,0.0
2005-05-10,5,May-Sep,8,9.9,8-<10,27.0,17.1,1.4238,1.913,2,0.6461,1.0484,2,2.25,2.2772,3,1.0534,14.9022,14.9022,0.0
2005-05-11,5,May-Sep,8,9.0,8-<10,23.2,14.2,0.9995,1.5017,2,0.9892,2.0091,2,1.1566,1.3229,3,0.4457,17.9028,14.9028,-3.0
2005-05-12,5,May-Sep,8,7.8,<8,22.2,14.4,0.1334,0.3748,2,-0.0518,0.4034,2,0.3308,0.4949,3,0.0909,14.9033,14.9033,0.0
2005-05-13,5,May-Sep,8,10.8,10-<12,21.3,10.5,2.1068,4.9023,2,-2.3862,2.4328,2,8.0028,8.1251,3,2.0624,11.9036,14.9036,3.0
2005-05-14,5,May-Sep,8,6.4,<8,15.0,8.6,-0.1942,1.6573,2,0.763,1.1802,2,0.368,0.9089,3,-1.8836,17.9036,14.9036,-3.0
2005-05-15,5,May-Sep,8,8.3,8-<10,18.3,10.0,0.0198,1.1559,2,0.6416,0.9535,2,0.1066,0.7005,3,-1.1066,17.9036,14.9036,-3.0
2005-05-16,5,May-Sep,8,10.7,10-<12,21.1,10.4,0.4927,1.1171,2,-0.2853,0.43,2,0.4165,0.524,3,1.1383,14.9033,14.9033,0.0
2005-05-17,5,May-Sep,8,13.8,12-<15,19.1,5.3,1.5654,3.0217,2,1.0405,1.4203,2,4.4861,4.5423,3,-0.9282,14.9031,14.9031,0.0
2005-05-18,5,May-Sep,8,9.1,8-<10,19.6,10.5,0.0987,1.1036,2,0.3693,0.7317,2,0.3655,0.4947,3,-0.8223,14.9025,14.9025,0.0
2005-05-19,5,May-Sep,8,13.5,12-<15,24.5,11.0,-0.4947,1.8649,2,-0.2346,0.2905,2,0.7103,0.7104,3,-1.9717,14.9017,14.9017,0.0
2005-05-20,5,May-Sep,8,7.2,<8,22.5,15.3,0.4202,0.8535,2,-0.1772,0.2128,2,0.6305,0.6526,3,0.3695,14.9008,14.9008,0.0
2005-05-21,5,May-Sep,8,11.5,10-<12,24.9,13.4,-0.308,0.7927,2,-1.2466,1.2482,2,0.3826,0.4961,3,-0.4056,14.9,14.9,0.0
2005-05-22,5,May-Sep,8,11.9,10-<12,27.2,15.3,0.5183,1.4267,2,-0.6613,0.9806,2,1.9123,2.265,3,0.2042,14.8989,14.8989,0.0
2005-05-23,5,May-Sep,8,8.3,8-<10,25.3,17.0,0.8649,1.2679,2,0.2281,0.7522,2,1.3723,1.7423,3,0.6699,14.8975,14.8975,0.0
2005-05-24,5,May-Sep,8,11.1,10-<12,26.3,15.2,-0.2562,0.9321,2,-1.1507,1.1726,2,0.8137,0.8218,3,-0.5734,14.8961,14.8961,0.0
2005-05-25,5,May-Sep,8,11.4,10-<12,24.1,12.7,2.3806,5.0902,2,0.5545,3.7809,2,5.0991,5.2875,3,-0.6234,17.8947,14.8947,-3.0
2005-05-26,5,May-Sep,8,11.4,10-<12,25.4,14.0,0.487,1.501,2,-1.228,1.3519,2,1.9517,2.1722,3,1.0459,11.8931,14.8931,3.0
2005-05-27,5,May-Sep,8,13.2,12-<15,21.3,8.1,2.3401,6.0906,2,-3.1345,3.2619,2,7.9024,8.1755,3,-0.3313,8.8911,14.8911,6.0
2005-05-28,5,May-Sep,8,11.2,10-<12,19.6,8.4,0.4451,1.6923,2,0.2952,0.8788,2,1.3183,1.9083,3,-0.8026,17.8892,14.8892,-3.0
2005-05-29,5,May-Sep,8,10.9,10-<12,22.1,11.2,0.4822,1.6853,2,-1.5287,1.8252,2,2.3376,2.6005,3,0.6524,14.8872,14.8872,0.0
2005-05-30,5,May-Sep,8,15.5,15-<18,28.1,12.6,-0.8676,1.6544,2,-1.7506,2.1372,2,0.5827,0.5938,3,-1.4973,14.885,14.885,0.0
2005-05-31,5,May-Sep,8,12.9,12-<15,29.4,16.5,-0.1778,1.003,2,0.0422,0.6127,2,0.5811,0.6094,3,-1.1986,14.8825,14.8825,0.0
2005-06-01,6,May-Sep,8,12.2,12-<15,30.9,18.7,-0.2497,0.7636,2,-0.903,0.9078,2,0.1727,0.1745,3,-0.3186,14.8803,14.8803,0.0
2005-06-02,6,May-Sep,8,14.5,12-<15,29.4,14.9,5.3935,6.5512,2,2.1987,2.6755,2,10.6982,10.7099,3,3.9107,11.8778,14.8778,3.0
2005-06-03,6,May-Sep,8,8.2,8-<10,16.7,8.5,0.1458,2.0363,2,1.1665,3.2241,2,0.0984,0.4119,3,-1.0671,14.875,14.875,0.0
2005-06-04,6,May-Sep,8,13.6,12-<15,21.9,8.3,-0.6657,1.3617,2,-0.7977,0.7989,2,0.2036,0.8191,3,-1.3926,17.8725,14.8725,-3.0
2005-06-05,6,May-Sep,8,14.8,12-<15,26.6,11.8,-0.7206,1.2436,2,-1.2748,1.2935,2,0.0909,0.091,3,-1.3608,14.8697,14.8697,0.0
2005-06-06,6,May-Sep,8,13.7,12-<15,29.4,15.7,-1.0665,2.0362,2,-1.3486,1.4876,2,0.8038,0.8267,3,-2.2566,14.8667,14.8667,0.0
2005-06-07,6,May-Sep,8,7.1,<8,28.0,20.9,0.7061,0.9472,2,0.9058,0.9871,2,0.3647,0.3662,3,0.6422,14.8639,14.8639,0.0
2005-06-08,6,May-Sep,8,9.1,8-<10,28.9,19.8,0.2313,0.9715,2,-0.6823,0.7276,2,0.6079,0.7221,3,0.659,14.8608,14.8608,0.0
2005-06-09,6,May-Sep,8,12.7,12-<15,31.3,18.6,-0.3163,0.9217,2,-1.3323,1.4484,2,0.5657,0.6265,3,-0.2174,14.8575,14.8575,0.0
2005-06-10,6,May-Sep,8,11.7,10-<12,31.2,19.5,-0.3501,1.0909,2,-1.3325,1.5058,2,0.9718,1.0606,3,-0.6545,11.8544,14.8544,3.0
2005-06-11,6,May-Sep,8,11.2,10-<12,32.4,21.2,-0.7474,1.4034,2,-1.782,1.8103,2,0.2007,0.3576,3,-0.9547,14.8511,14.8511,0.0
2005-06-12,6,May-Sep,8,10.0,10-<12,31.2,21.2,-0.4126,1.0563,2,-0.9963,1.1363,2,0.4667,0.4966,3,-0.9145,14.8478,14.8478,0.0
2005-06-13,6,May-Sep,8,9.5,8-<10,29.5,20.0,2.3266,3.1096,2,1.4522,2.1884,2,4.545,4.6877,3,1.2843,14.8444,14.8444,0.0
2005-06-14,6,May-Sep,8,4.9,<8,25.1,20.2,0.4616,0.849,2,0.8472,0.9726,2,0.8403,0.9134,3,0.0184,11.8411,14.8411,3.0
2005-06-15,6,May-Sep,8,10.2,10-<12,30.7,20.5,-0.2652,0.8129,2,-1.1335,1.1735,2,0.361,0.4928,3,-0.4163,14.8378,14.8378,0.0
2005-06-16,6,May-Sep,8,11.5,10-<12,33.7,22.2,-0.0433,0.5553,2,-0.6371,0.9507,2,0.1441,0.29,3,0.2464,14.8344,14.8344,0.0
2005-06-17,6,May-Sep,8,11.3,10-<12,33.3,22.0,1.4025,2.5215,2,-0.1004,0.6599,2,3.4564,4.3015,3,1.4281,14.8308,14.8308,0.0
2005-06-18,6,May-Sep,8,13.1,12-<15,34.2,21.1,-0.5379,1.0075,2,-0.8038,0.8541,2,0.1136,0.3033,3,-1.0362,14.8275,14.8275,0.0
2005-06-19,6,May-Sep,8,13.7,12-<15,36.7,23.0,-0.1093,0.9998,2,-0.5753,0.7629,2,1.0341,1.2715,3,-0.7322,14.8239,14.8239,0.0
2005-06-20,6,May-Sep,8,15.2,15-<18,33.5,18.3,3.1421,7.3323,2,-3.2243,4.2992,2,12.2078,12.268,3,1.0886,11.8203,14.8203,3.0
2005-06-21,6,May-Sep,8,11.1,10-<12,26.9,15.8,0.1113,1.5229,2,0.4732,1.1532,2,0.5728,1.0857,3,-1.1803,17.8169,14.8169,-3.0
2005-06-22,6,May-Sep,8,9.5,8-<10,28.7,19.2,-0.2052,0.8932,2,-0.7182,1.014,2,0.9571,0.9864,3,-0.5223,11.8133,14.8133,3.0
2005-06-23,6,May-Sep,8,9.8,8-<10,28.8,19.0,-0.3856,1.3686,2,-1.1332,1.258,2,1.4427,1.9106,3,-1.1027,11.8097,14.8097,3.0
2005-06-24,6,May-Sep,8,14.3,12-<15,33.9,19.6,-0.4209,1.9583,2,-2.6301,3.2801,2,0.9112,0.9291,3,0.4551,11.8064,14.8064,3.0
2005-06-25,6,May-Sep,8,15.1,15-<18,31.7,16.6,4.8357,5.8678,2,4.3008,5.625,2,7.2212,7.3002,3,2.2155,17.8031,14.8031,-3.0
2005-06-26,6,May-Sep,8,11.9,10-<12,25.2,13.3,1.6149,3.4488,2,-1.0734,1.333,2,4.8374,6.1786,3,1.692,14.7994,14.7994,0.0
2005-06-27,6,May-Sep,8,11.9,10-<12,24.7,12.8,-0.9118,1.3638,2,-1.5335,1.5525,2,0.2884,0.3538,3,-1.6051,14.7961,14.7961,0.0
2005-06-28,6,May-Sep,8,10.0,10-<12,25.7,15.7,0.376,0.7672,2,0.4377,0.7884,2,0.9868,0.9868,3,-0.134,14.7928,14.7928,0.0
2005-06-29,6,May-Sep,8,7.5,<8,24.4,16.9,0.3243,1.1107,2,-1.0167,1.0547,2,1.6156,1.6597,3,0.0678,14.7894,14.7894,0.0
2005-06-30,6,May-Sep,8,10.1,10-<12,26.8,16.7,-0.0506,0.6629,2,0.0972,0.1025,2,0.1329,0.3847,3,-0.6683,14.7864,14.7864,0.0
2005-07-01,7,May-Sep,8,13.1,12-<15,30.6,17.5,-0.3797,1.2957,2,-0.8275,0.8279,2,0.73,0.8147,3,-1.3578,14.7831,14.7831,0.0
2005-07-02,7,May-Sep,8,12.9,12-<15,32.3,19.4,0.2496,1.3375,2,-0.6516,0.9312,2,1.8908,1.9325,3,-0.0115,11.78,14.78,3.0
2005-07-03,7,May-Sep,8,10.0,10-<12,31.7,21.7,0.4516,1.1805,2,-0.3179,0.3449,2,1.6393,1.8447,3,-0.2238,14.7769,14.7769,0.0
2005-07-04,7,May-Sep,8,8.5,8-<10,29.6,21.1,0.0881,1.3203,2,-1.1689,1.5246,2,1.9662,2.0477,3,-0.2771,11.7739,14.7739,3.0
2005-07-05,7,May-Sep,8,10.3,10-<12,31.6,21.3,0.7897,1.7277,2,-1.0071,1.1768,2,3.0244,3.0363,3,0.5304,11.7711,14.7711,3.0
2005-07-06,7,May-Sep,8,11.4,10-<12,32.9,21.5,0.4863,0.8013,2,-0.0036,0.0501,2,1.5184,1.5237,3,0.1081,14.7683,14.7683,0.0
2005-07-07,7,May-Sep,8,10.7,10-<12,33.2,22.5,-0.2963,0.9646,2,-1.0217,1.1416,2,0.7541,0.7984,3,-0.5208,14.7656,14.7656,0.0
2005-07-08,7,May-Sep,8,6.3,<8,31.1,24.8,1.7395,2.5564,2,1.203,2.057,2,2.8285,2.8287,3,0.5411,14.7631,14.7631,0.0
2005-07-09,7,May-Sep,8,10.3,10-<12,33.5,23.2,0.1738,0.9534,2,1.0816,1.4426,2,0.0743,0.1392,3,-0.6312,14.7606,14.7606,0.0
2005-07-10,7,May-Sep,8,13.9,12-<15,36.5,22.6,-0.2541,0.769,2,-0.4166,0.4621,2,0.4402,0.5616,3,-0.6488,14.7581,14.7581,0.0
2005-07-11,7,May-Sep,8,10.0,10-<12,35.0,25.0,1.5958,2.1195,2,1.3132,1.56,2,3.5389,3.542,3,0.486,11.7558,14.7558,3.0
2005-07-12,7,May-Sep,8,11.0,10-<12,34.5,23.5,0.3363,0.7506,2,-0.0245,0.0313,2,1.0374,1.3389,3,0.1352,14.7536,14.7536,0.0
2005-07-13,7,May-Sep,8,11.8,10-<12,36.3,24.5,0.1092,0.6986,2,0.0785,0.3363,2,0.4958,0.5368,3,-0.1053,14.7517,14.7517,0.0
2005-07-14,7,May-Sep,8,9.2,8-<10,34.3,25.1,3.9903,4.8736,2,1.4393,2.2782,2,5.9783,5.9981,3,4.1618,14.7497,14.7497,0.0
2005-07-15,7,May-Sep,8,9.8,8-<10,27.7,17.9,0.0591,1.4635,2,0.5865,1.7149,2,0.3969,0.442,3,-1.0687,14.7478,14.7478,0.0
2005-07-16,7,May-Sep,8,12.5,12-<15,26.5,14.0,4.2529,7.2501,2,0.7533,4.1726,2,11.0071,11.1064,3,0.1262,2.7464,14.7464,-12.0
2005-07-17,7,May-Sep,8,11.9,10-<12,26.3,14.4,-0.39,1.0556,2,-0.5836,0.6482,2,0.2869,0.3484,3,-1.0097,14.7447,14.7447,0.0
2005-07-18,7,May-Sep,8,8.1,8-<10,24.6,16.5,2.2256,2.9981,2,1.3232,2.2924,2,3.3819,3.5921,3,1.0182,17.7433,14.7433,-3.0
2005-07-19,7,May-Sep,8,12.9,12-<15,28.7,15.8,-0.6629,1.2633,2,-1.1649,1.2809,2,0.3326,0.4128,3,-1.1617,14.7422,14.7422,0.0
2005-07-20,7,May-Sep,8,10.6,10-<12,30.1,19.5,0.68,1.1285,2,-0.1494,0.2308,2,1.3003,1.4364,3,0.9558,14.7411,14.7411,0.0
2005-07-21,7,May-Sep,8,9.3,8-<10,27.5,18.2,0.216,0.6836,2,0.2876,0.2963,2,0.2165,0.6142,3,-0.2447,17.7403,14.7403,-3.0
2005-07-22,7,May-Sep,7,15.1,15-<18,33.1,18.0,-0.6494,1.4763,2,-0.5747,0.6922,2,0.6628,0.7625,2,-2.4641,14.7394,14.7394,0.0
2005-07-23,7,May-Sep,8,9.6,8-<10,32.2,22.6,0.4826,1.2095,2,0.5746,0.9875,2,1.6981,1.8395,3,-0.4283,14.7389,14.7389,0.0
2005-07-24,7,May-Sep,8,9.2,8-<10,32.4,23.2,-0.0044,0.75,2,0.501,0.6817,2,0.2174,0.219,3,-0.6085,14.7383,14.7383,0.0
2005-07-25,7,May-Sep,8,7.5,<8,32.1,24.6,0.5805,1.015,2,-0.5004,0.7018,2,1.0553,1.056,3,1.0785,14.7381,14.7381,0.0
2005-07-26,7,May-Sep,8,8.3,8-<10,30.3,22.0,2.6968,3.5907,2,0.8831,1.9206,2,6.2118,6.2489,3,1.8694,11.7378,14.7378,3.0
2005-07-27,7,May-Sep,8,8.9,8-<10,28.9,20.0,-0.2028,0.9798,2,-0.2866,0.3842,2,0.3282,0.3343,3,-1.0296,14.7381,14.7381,0.0
2005-07-28,7,May-Sep,8,7.4,<8,29.1,21.7,0.3627,1.148,2,0.9728,1.7436,2,0.5062,0.5136,3,-0.5859,14.7381,14.7381,0.0
2005-07-29,7,May-Sep,7,10.3,10-<12,31.5,21.2,-0.2623,0.4901,2,-0.3371,0.3421,1,0.4899,0.4899,3,-0.5722,14.7386,14.7386,0.0
2005-07-30,7,May-Sep,8,11.5,10-<12,32.3,20.8,-0.4845,1.1209,2,-1.0557,1.0828,2,0.7829,0.8364,3,-1.0702,14.7392,14.7392,0.0
2005-07-31,7,May-Sep,8,6.8,<8,29.9,23.1,1.6709,2.2862,2,-0.2026,0.722,2,2.3835,2.8214,3,1.9087,17.7397,14.7397,-3.0
2005-08-01,8,May-Sep,8,13.5,12-<15,34.3,20.8,-0.4767,0.8906,2,-0.9893,0.9947,2,0.169,0.2757,3,-0.8465,14.7406,14.7406,0.0
2005-08-02,8,May-Sep,8,14.0,12-<15,36.4,22.4,-0.6531,1.5977,2,-1.2288,1.3891,2,0.7883,0.8138,3,-1.6757,14.7417,14.7417,0.0
2005-08-03,8,May-Sep,8,8.0,8-<10,33.9,25.9,3.4094,4.719,2,0.5706,1.5646,2,7.2625,7.2637,3,2.0407,2.7431,14.7431,-12.0
2005-08-04,8,May-Sep,8,5.9,<8,29.2,23.3,0.7414,1.3754,2,-0.938,1.0012,2,1.8256,1.8269,3,1.1846,11.7444,14.7444,3.0
2005-08-05,8,May-Sep,8,10.6,10-<12,26.7,16.1,2.2576,6.2635,2,-2.9709,5.0657,2,8.7142,8.8932,3,-0.6357,5.7461,14.7461,9.0
2005-08-06,8,May-Sep,8,4.4,<8,21.7,17.3,0.6398,1.2578,2,0.0964,0.6908,2,0.5554,0.9256,3,0.2628,17.7478,14.7478,-3.0
2005-08-07,8,May-Sep,8,9.8,8-<10,26.7,16.9,-0.4559,1.0141,2,-1.1266,1.1557,2,0.4022,0.4024,3,-0.8306,14.7497,14.7497,0.0
2005-08-08,8,May-Sep,8,10.8,10-<12,29.9,19.1,-0.2922,0.5282,2,-0.4476,0.5912,2,0.2428,0.2839,3,-0.5208,14.7519,14.7519,0.0
2005-08-09,8,May-Sep,8,7.9,<8,29.1,21.2,2.5763,3.9413,2,-0.1391,0.3579,2,3.1531,3.5635,3,4.835,11.7542,14.7542,3.0
2005-08-10,8,May-Sep,8,11.4,10-<12,27.3,15.9,-0.9865,1.5743,2,-1.6734,1.8452,2,0.101,0.5974,3,-1.6259,14.7567,14.7567,0.0
2005-08-11,8,May-Sep,8,12.2,12-<15,31.2,19.0,-0.1258,1.519,2,-1.9951,2.4677,2,0.8011,0.8287,3,0.7604,14.7592,14.7592,0.0
2005-08-12,8,May-Sep,8,13.6,12-<15,28.9,15.3,5.9362,7.4522,2,2.1219,3.718,2,11.3157,11.328,3,3.6794,14.7619,14.7619,0.0
2005-08-13,8,May-Sep,8,6.8,<8,17.8,11.0,-0.6412,0.8656,2,-0.9193,0.9305,2,0.1552,0.285,3,-1.1455,14.765,14.765,0.0
2005-08-14,8,May-Sep,8,11.0,10-<12,23.6,12.6,-0.4957,0.9186,2,-1.2018,1.2308,2,0.0569,0.1456,3,-0.5159,14.7681,14.7681,0.0
2005-08-15,8,May-Sep,8,11.5,10-<12,26.4,14.9,-0.2747,0.6368,2,-0.695,0.7855,2,0.123,0.1404,3,-0.4805,14.7714,14.7714,0.0
2005-08-16,8,May-Sep,8,12.0,12-<15,28.3,16.3,-0.1543,0.8403,2,-0.5892,0.6473,2,0.3384,0.422,3,-0.4788,14.7747,14.7747,0.0
2005-08-17,8,May-Sep,8,10.6,10-<12,28.5,17.9,0.5882,1.2588,2,-0.3198,0.3371,2,1.3667,1.9387,3,0.8306,14.7783,14.7783,0.0
2005-08-18,8,May-Sep,8,6.7,<8,24.5,17.8,1.3051,2.7307,2,-1.2193,1.2197,2,3.5967,4.164,3,0.3503,17.7822,14.7822,-3.0
2005-08-19,8,May-Sep,8,10.4,10-<12,28.3,17.9,0.2279,1.5348,2,-1.1323,1.5872,2,2.2691,2.4704,3,-0.0977,14.7861,14.7861,0.0
2005-08-20,8,May-Sep,8,10.2,10-<12,28.7,18.5,-0.0522,0.7983,2,-1.036,1.4526,2,0.3263,0.3526,3,0.4107,14.7903,14.7903,0.0
2005-08-21,8,May-Sep,8,13.5,12-<15,30.9,17.4,-0.672,1.0592,2,-1.0984,1.3661,2,0.168,0.1696,3,-0.7507,14.7944,14.7944,0.0
2005-08-22,8,May-Sep,8,12.4,12-<15,34.6,22.2,-0.2149,2.3152,2,-2.3074,2.4707,2,0.7796,0.8707,3,0.4428,14.7986,14.7986,0.0
2005-08-23,8,May-Sep,8,15.4,15-<18,31.9,16.5,4.5237,5.8691,2,2.1555,3.466,2,8.9353,8.9672,3,1.9962,14.8031,14.8031,0.0
2005-08-24,8,May-Sep,8,11.2,10-<12,27.4,16.2,-0.2748,1.4293,2,-0.4461,0.6358,2,1.1425,1.1947,3,-1.3942,14.8078,14.8078,0.0
2005-08-25,8,May-Sep,8,9.0,8-<10,26.6,17.6,0.4005,1.1441,2,-0.5454,0.5938,2,1.3266,1.6211,3,0.7995,14.8125,14.8125,0.0
2005-08-26,8,May-Sep,8,9.8,8-<10,26.1,16.3,0.0557,1.2623,2,-0.3253,0.3489,2,1.6201,2.0011,3,-0.6844,11.8175,14.8175,3.0
2005-08-27,8,May-Sep,8,10.1,10-<12,28.6,18.5,1.862,3.2436,2,-0.8171,1.0923,2,3.1452,3.349,3,3.8279,11.8225,14.8225,3.0
2005-08-28,8,May-Sep,8,12.2,12-<15,22.9,10.7,5.5228,6.9219,2,1.8867,3.1738,2,10.452,10.4576,3,3.2649,14.8275,14.8275,0.0
2005-08-29,8,May-Sep,8,8.3,8-<10,18.5,10.2,-0.1024,0.6808,2,-0.4791,0.4955,2,0.3022,0.3591,3,-0.4027,14.8328,14.8328,0.0
2005-08-30,8,May-Sep,7,12.0,12-<15,23.7,11.7,0.0079,1.1902,2,-0.4777,0.6354,2,1.1508,1.562,3,-0.4304,14.8381,14.8381,0.0
2005-08-31,8,May-Sep,8,9.5,8-<10,24.1,14.6,0.0068,0.5821,2,-0.3822,0.4845,2,0.8615,0.8719,3,-0.3811,14.8433,14.8433,0.0
2005-09-01,9,May-Sep,7,14.4,12-<15,28.9,14.5,-0.5,1.3698,2,-0.278,0.4536,2,0.4232,0.5026,2,-2.3597,14.8489,14.8489,0.0
2005-09-02,9,May-Sep,8,9.6,8-<10,26.7,17.1,0.6084,1.2198,2,-0.377,0.4272,2,1.8426,1.8763,3,0.5402,11.8544,14.8544,3.0
2005-09-03,9,May-Sep,8,12.3,12-<15,28.9,16.6,0.0331,0.7178,2,-0.7546,1.0414,2,0.5497,0.6055,3,0.1696,14.8603,14.8603,0.0
2005-09-04,9,May-Sep,8,11.1,10-<12,29.0,17.9,0.011,0.6211,2,-0.3726,0.5644,2,0.3754,0.4676,3,0.2743,14.8658,14.8658,0.0
2005-09-05,9,May-Sep,8,12.2,12-<15,30.8,18.6,0.058,0.5156,2,-0.1478,0.3512,2,0.3904,0.4359,3,0.3353,14.8717,14.8717,0.0
2005-09-06,9,May-Sep,8,14.0,12-<15,32.9,18.9,-0.0275,0.7842,2,-0.0761,0.1928,2,0.7038,0.8677,3,0.0184,14.8778,14.8778,0.0
2005-09-07,9,May-Sep,8,16.0,15-<18,36.7,20.7,0.5079,2.3807,2,-2.3157,3.0283,2,3.0004,3.233,3,1.0546,14.8836,14.8836,0.0
2005-09-08,9,May-Sep,8,14.0,12-<15,30.2,16.2,4.4195,7.4352,2,-1.2013,1.9906,2,11.6841,11.7692,3,1.4771,2.8897,14.8897,-12.0
2005-09-09,9,May-Sep,8,9.1,8-<10,21.6,12.5,1.102,4.1348,2,-2.4918,2.5481,2,7.4331,7.4379,3,0.0861,11.8956,14.8956,3.0
2005-09-10,9,May-Sep,8,9.8,8-<10,22.0,12.2,-0.2236,1.0414,2,-1.204,1.6036,2,1.0747,1.0774,3,-0.5613,14.9017,14.9017,0.0
2005-09-11,9,May-Sep,8,8.1,8-<10,20.9,12.8,0.7661,1.2472,2,0.0335,0.0336,2,0.9446,0.9782,3,0.3455,14.9078,14.9078,0.0
2005-09-12,9,May-Sep,8,13.6,12-<15,24.8,11.2,-1.432,3.0365,2,-0.4858,0.6363,2,0.623,0.6353,3,-3.7454,14.9142,14.9142,0.0
2005-09-13,9,May-Sep,8,9.6,8-<10,26.6,17.0,-0.3376,2.9056,2,-3.3726,3.5681,2,2.4177,2.4956,3,-0.0893,11.9203,14.9203,3.0
2005-09-14,9,May-Sep,8,11.8,10-<12,27.5,15.7,-0.1855,0.8902,2,-0.4308,0.7672,2,1.0907,1.1966,3,-0.5349,14.9264,14.9264,0.0
2005-09-15,9,May-Sep,8,10.2,10-<12,24.1,13.9,1.5429,2.4711,2,1.5814,2.7921,2,2.556,2.5809,3,0.7001,14.9325,14.9325,0.0
2005-09-16,9,May-Sep,8,12.9,12-<15,25.2,12.3,-0.3653,1.7038,2,-1.7801,2.6869,2,0.9356,1.0323,3,-0.7794,14.9389,14.9389,0.0
2005-09-17,9,May-Sep,8,9.8,8-<10,25.6,15.8,0.1622,1.1368,2,-0.9194,1.2863,2,1.2214,1.4723,3,0.3218,14.945,14.945,0.0
2005-09-18,9,May-Sep,8,13.3,12-<15,27.6,14.3,-0.3241,1.1162,2,-1.3253,1.771,2,0.7326,0.9684,3,-0.1114,14.9511,14.9511,0.0
2005-09-19,9,May-Sep,8,8.3,8-<10,24.1,15.8,1.3131,1.6959,2,-0.1391,0.3288,2,2.2271,2.3138,3,1.4503,14.9572,14.9572,0.0
2005-09-20,9,May-Sep,8,8.3,8-<10,24.1,15.8,0.2207,0.6743,2,-0.3976,0.4217,2,1.0202,1.1453,3,0.1486,14.9633,14.9633,0.0
2005-09-21,9,May-Sep,8,10.6,10-<12,24.5,13.9,-0.2999,0.9993,2,-1.0506,1.6415,2,0.6229,0.8134,3,-0.1729,14.9694,14.9694,0.0
2005-09-22,9,May-Sep,8,12.0,12-<15,26.3,14.3,0.0677,0.7719,2,-0.5357,0.656,2,0.7446,0.9849,3,0.265,14.9756,14.9756,0.0
2005-09-23,9,May-Sep,8,9.7,8-<10,22.9,13.2,0.9522,2.4514,2,0.001,0.2012,2,2.7216,2.754,3,0.0502,14.9817,14.9817,0.0
2005-09-24,9,May-Sep,8,8.8,8-<10,20.3,11.5,-0.2999,0.9834,2,-1.1349,1.3998,2,0.6346,0.7692,3,-0.0909,14.9875,14.9875,0.0
2005-09-25,9,May-Sep,8,11.0,10-<12,22.4,11.4,-0.8271,1.6311,2,-0.568,0.9835,2,0.7762,0.7799,3,-2.1403,14.9933,14.9933,0.0
2005-09-26,9,May-Sep,7,8.7,8-<10,22.9,14.2,-0.0216,1.6724,2,-1.5734,2.1479,2,1.4165,1.5448,2,0.5393,11.9992,14.9992,3.0
2005-09-27,9,May-Sep,8,12.0,12-<15,19.3,7.3,0.1844,3.0393,2,-0.5006,0.6199,2,3.8513,3.9915,3,-2.5431,0.005,15.005,-9.0
2005-09-28,9,May-Sep,8,6.3,<8,17.2,10.9,0.6183,0.8131,2,0.05,0.2145,2,0.9139,1.1598,3,0.7408,15.0106,15.0106,0.0
2005-09-29,9,May-Sep,8,8.8,8-<10,17.6,8.8,-0.2955,1.2714,2,-1.4338,2.1003,2,0.8187,1.0263,3,0.0707,12.0161,15.0161,3.0
2005-09-30,9,May-Sep,8,6.9,<8,17.6,10.7,0.2692,0.8006,2,-0.3516,0.4103,2,1.0884,1.2372,3,0.132,15.0217,15.0217,0.0
2005-10-01,10,Other,8,11.2,10-<12,19.3,8.1,0.3436,1.0048,2,-0.6553,0.9731,2,1.4104,1.5793,3,0.4058,15.0272,15.0272,0.0
2005-10-02,10,Other,8,13.6,12-<15,21.8,8.2,-0.8143,1.5979,2,-1.8727,1.9146,2,0.3584,0.3632,3,-0.6585,15.0325,15.0325,0.0
2005-10-03,10,Other,8,10.4,10-<12,20.0,9.6,-0.6391,1.2257,2,-0.73,1.1458,2,0.6104,0.6204,3,-1.4415,15.0375,15.0375,0.0
2005-10-04,10,Other,8,9.1,8-<10,20.4,11.3,-0.2111,0.9246,2,-0.8812,1.3375,2,0.8286,0.9829,3,-0.5535,15.0425,15.0425,0.0
2005-10-05,10,Other,8,8.9,8-<10,20.0,11.1,-0.1996,1.0026,2,-1.1289,1.3038,2,0.8374,0.9952,3,-0.0404,15.0475,15.0475,0.0
2005-10-06,10,Other,8,13.5,12-<15,23.5,10.0,0.1493,0.6644,2,-0.2582,0.6553,2,0.4489,0.6354,3,0.512,15.0522,15.0522,0.0
2005-10-07,10,Other,8,9.4,8-<10,22.5,13.1,-0.2645,1.9419,2,0.0383,0.2975,2,1.4629,1.6064,3,-1.7085,15.0569,15.0569,0.0
2005-10-08,10,Other,8,11.7,10-<12,23.4,11.7,1.0719,2.3367,2,-1.564,2.3629,2,3.7075,3.7086,3,0.9343,12.0614,15.0614,3.0
2005-10-09,10,Other,8,9.0,8-<10,20.0,11.0,0.0346,0.5071,2,-0.4072,0.435,2,0.6338,0.6372,3,-0.2814,15.0658,15.0658,0.0
2005-10-10,10,Other,8,15.5,15-<18,17.5,2.0,3.0604,9.0099,2,-3.0777,4.3002,2,13.6684,13.7774,3,-2.0586,0.07,15.07,-9.0
2005-10-11,10,Other,8,2.9,<8,3.9,1.0,0.1189,0.4916,2,-0.1946,0.2082,2,0.7321,0.8041,3,0.002,12.0742,15.0742,3.0
2005-10-12,10,Other,8,8.0,8-<10,6.4,-1.6,0.2362,0.8541,2,-0.8168,1.2448,2,0.7146,0.7812,3,0.554,15.0781,15.0781,0.0
2005-10-13,10,Other,8,9.1,8-<10,7.8,-1.3,-0.1189,0.7614,2,-0.9395,1.2985,2,0.6833,0.7402,3,-0.0207,15.0817,15.0817,0.0
2005-10-14,10,Other,8,10.8,10-<12,9.9,-0.9,-0.021,0.6721,2,-0.5134,0.8862,2,0.7823,0.8715,3,-0.0695,15.0853,15.0853,0.0
2005-10-15,10,Other,8,9.6,8-<10,11.8,2.2,0.5637,1.137,2,-0.4314,0.595,2,1.3081,1.5934,3,1.1463,15.0886,15.0886,0.0
2005-10-16,10,Other,8,11.3,10-<12,13.8,2.5,0.3089,1.1336,2,-0.9615,1.4563,2,1.5539,1.5749,3,0.5315,15.0917,15.0917,0.0
2005-10-17,10,Other,8,9.9,8-<10,13.7,3.8,-0.0228,0.965,2,-0.3602,0.5059,2,1.1052,1.1779,3,-0.1058,12.0947,15.0947,3.0
2005-10-18,10,Other,8,6.5,<8,14.9,8.4,0.8716,1.1459,2,-0.0332,0.1337,2,1.2425,1.4482,3,1.2925,15.0975,15.0975,0.0
2005-10-19,10,Other,8,10.0,10-<12,16.3,6.3,-0.0399,0.9122,2,-0.574,0.9685,2,0.9257,0.9261,3,0.0228,12.1003,15.1003,3.0
2005-10-20,10,Other,8,7.5,<8,16.1,8.6,0.262,1.3212,2,-0.8423,1.2145,2,1.263,1.6519,3,0.6598,15.1025,15.1025,0.0
2005-10-21,10,Other,8,8.6,8-<10,16.8,8.2,-1.4485,2.5236,2,-3.8287,3.8496,2,1.2757,1.288,3,-1.7467,12.1047,15.1047,3.0
2005-10-22,10,Other,8,6.0,<8,18.4,12.4,0.8866,1.9768,2,-0.4029,0.4988,2,2.8806,3.3358,3,0.8296,12.1067,15.1067,3.0
2005-10-23,10,Other,8,9.1,8-<10,17.7,8.6,0.3949,1.7235,2,-1.2783,1.6057,2,2.1518,2.2802,3,0.8223,12.1086,15.1086,3.0
2005-10-24,10,Other,8,7.5,<8,12.5,5.0,1.442,3.7362,2,-1.7406,2.0147,2,5.7393,5.9217,3,-0.269,0.1103,15.1103,-9.0
2005-10-25,10,Other,8,6.8,<8,7.0,0.2,-0.5462,1.8933,2,0.3399,0.4022,2,0.6694,0.6816,3,-2.4542,15.1117,15.1117,0.0
2005-10-26,10,Other,8,8.3,8-<10,9.5,1.2,0.1733,1.0228,2,-0.7948,1.2561,2,1.0304,1.1602,3,0.6139,15.1128,15.1128,0.0
2005-10-27,10,Other,8,8.2,8-<10,10.9,2.7,-0.1278,2.1617,2,-3.524,3.5295,2,1.5874,1.8198,3,1.2223,15.1136,15.1136,0.0
2005-10-28,10,Other,8,7.3,<8,10.2,2.9,0.3562,0.8614,2,-0.4211,0.5011,2,1.2437,1.4504,3,0.5503,15.1144,15.1144,0.0
2005-10-29,10,Other,8,8.5,8-<10,9.8,1.3,-0.1018,0.848,2,-0.7586,0.884,2,1.0396,1.2775,3,-0.1939,15.115,15.115,0.0
2005-10-30,10,Other,8,15.8,15-<18,18.9,3.1,2.0394,3.6919,2,-1.2208,1.9157,2,6.82,6.82,3,1.1954,12.115,15.115,3.0
2005-10-31,10,Other,8,9.0,8-<10,13.7,4.7,-0.1606,4.1467,2,-5.1677,5.4762,2,4.0169,4.0187,3,-0.9891,6.1153,15.1153,9.0
2005-11-01,11,Other,8,6.9,<8,11.1,4.2,1.0683,2.0641,2,-0.0794,0.1897,2,3.3777,3.3825,3,0.9835,12.115,15.115,3.0
2005-11-02,11,Other,8,8.7,8-<10,10.5,1.8,0.1794,1.0786,2,-0.7421,1.2124,2,1.1957,1.2603,3,0.6352,12.1147,15.1147,3.0
2005-11-03,11,Other,8,8.8,8-<10,11.2,2.4,0.3316,1.0562,2,-0.6447,0.8597,2,1.5288,1.5304,3,0.6646,12.1139,15.1139,3.0
2005-11-04,11,Other,8,8.4,8-<10,7.5,-0.9,2.2328,4.2877,2,-0.115,1.9754,2,6.1259,6.132,3,-0.0071,3.1131,15.1131,-12.0
2005-11-05,11,Other,8,6.8,<8,4.7,-2.1,0.3055,1.0453,2,-0.4441,0.5978,2,1.4777,1.5536,3,0.5979,12.1119,15.1119,3.0
2005-11-06,11,Other,8,7.2,<8,6.4,-0.8,0.094,1.0845,2,-0.7543,1.1963,2,1.3733,1.5772,3,0.2078,12.1108,15.1108,3.0
2005-11-07,11,Other,7,5.8,<8,4.9,-0.9,-0.4755,0.9359,2,-1.1493,1.5057,1,0.0982,0.0982,3,-0.4344,15.1092,15.1092,0.0
2005-11-08,11,Other,8,14.6,12-<15,12.9,-1.7,0.8222,1.3888,2,0.3617,0.9637,2,2.0101,2.2516,3,0.5124,15.1075,15.1075,0.0
2005-11-09,11,Other,8,8.3,8-<10,9.6,1.3,0.3489,1.1792,2,-0.2576,0.3168,2,1.8228,2.0009,3,0.1459,12.1056,15.1056,3.0
2005-11-10,11,Other,8,5.3,<8,5.5,0.2,0.1621,1.0355,2,-0.3947,0.4451,2,1.5105,1.7645,3,-0.064,12.1033,15.1033,3.0
2005-11-11,11,Other,8,4.4,<8,5.1,0.7,-0.1188,0.5903,2,-0.6646,0.7072,2,0.2763,0.287,3,0.1937,12.1008,15.1008,3.0
2005-11-12,11,Other,8,5.6,<8,8.2,2.6,0.4396,1.1546,2,-0.6297,0.9848,2,1.4184,1.5907,3,0.888,12.0981,15.0981,3.0
2005-11-13,11,Other,8,5.5,<8,7.7,2.2,0.3416,1.2914,2,-1.2025,1.224,2,1.8801,1.9408,3,0.7295,12.0953,15.0953,3.0
2005-11-14,11,Other,8,5.7,<8,5.5,-0.2,0.2399,1.1197,2,-0.7902,0.898,2,1.5027,1.6595,3,0.3861,12.0922,15.0922,3.0
2005-11-15,11,Other,8,4.5,<8,3.3,-1.2,-0.4851,0.8074,2,-0.0381,0.0464,2,0.2092,0.3574,3,-1.1057,12.0889,15.0889,3.0
2005-11-16,11,Other,8,2.8,<8,2.4,-0.4,0.2193,0.9682,2,-0.237,0.3406,2,1.4319,1.5654,3,-0.3351,15.0853,15.0853,0.0
2005-11-17,11,Other,8,6.2,<8,4.0,-2.2,-0.036,0.9776,2,-0.3194,0.4274,2,1.534,1.6247,3,-0.637,12.0817,15.0817,3.0
2005-11-18,11,Other,7,2.8,<8,1.5,-1.3,0.4382,1.4979,2,-0.5982,0.661,2,2.1811,2.1843,3,-0.0328,3.0778,15.0778,-12.0
2005-11-19,11,Other,8,5.6,<8,0.8,-4.8,0.6412,2.2943,2,-1.5575,1.5576,2,3.4116,3.4852,3,0.67,12.0736,15.0736,3.0
2005-11-20,11,Other,8,5.5,<8,-1.3,-6.8,0.1937,1.6443,2,-1.5789,1.682,2,2.5243,2.5598,3,0.2115,12.0694,15.0694,3.0
2005-11-21,11,Other,8,2.2,<8,-5.5,-7.7,-0.1413,0.8608,2,-0.376,0.439,2,0.7096,0.7666,3,-0.8277,0.0647,15.0647,-9.0
2005-11-22,11,Other,8,3.1,<8,-6.4,-9.5,0.2168,0.8772,2,-0.3405,0.4059,2,1.1406,1.1517,3,-0.3787,15.06,15.06,0.0
2005-11-23,11,Other,8,3.7,<8,-7.4,-11.1,0.1418,1.0038,2,-0.5877,0.7375,2,1.2113,1.2145,3,0.155,12.0553,15.0553,3.0
2005-11-24,11,Other,8,8.5,8-<10,-4.5,-13.0,0.0633,1.3088,2,-0.4347,0.5404,2,1.6774,1.6775,3,-0.5825,15.05,15.05,0.0
2005-11-25,11,Other,7,9.7,8-<10,-0.8,-10.5,-2.0111,3.9135,2,-0.9384,2.3156,2,0.969,3.2769,3,-4.713,21.0447,15.0447,-6.0
2005-11-26,11,Other,8,3.4,<8,2.0,-1.4,-0.5583,0.806,2,-1.037,1.1538,2,0.0511,0.2539,3,-0.8567,15.0394,15.0394,0.0
2005-11-27,11,Other,8,5.6,<8,3.6,-2.0,0.7039,2.0424,2,-0.2951,0.3829,2,2.9108,2.9274,3,0.3562,12.0339,15.0339,3.0
2005-11-28,11,Other,8,7.3,<8,-0.2,-7.5,-0.1799,1.0322,2,-0.3056,0.8112,2,1.187,1.3846,3,-0.8347,12.0281,15.0281,3.0
2005-11-29,11,Other,7,2.7,<8,-2.6,-5.3,0.2069,0.7787,2,-0.0667,0.3127,2,0.7441,0.7454,2,-0.4183,15.0222,15.0222,0.0
2005-11-30,11,Other,7,3.3,<8,-1.7,-5.0,0.2755,0.682,2,-0.1709,0.3702,1,1.6307,1.6307,3,0.2216,12.0161,12.0161,0.0
2005-12-01,12,Other,8,1.7,<8,-3.4,-5.1,0.129,0.8906,2,-0.5094,0.5506,2,1.2263,1.2266,3,-0.2245,0.0097,15.0097,-9.0
2005-12-02,12,Other,9,3.6,<8,-5.1,-8.7,0.4202,2.0218,2,-1.5087,1.5949,2,2.3268,2.3496,4,0.1897,0.0033,15.0033,-9.0
2005-12-03,12,Other,8,4.1,<8,-7.7,-11.8,1.0349,1.7077,2,-0.3254,0.4601,2,2.4117,2.4143,3,1.5178,11.9969,14.9969,3.0
2005-12-04,12,Other,8,4.8,<8,-9.6,-14.4,-0.625,1.337,2,-0.8284,0.9494,2,0.7207,0.7427,3,-1.3168,11.9903,14.9903,3.0
2005-12-05,12,Other,8,3.3,<8,-8.4,-11.7,0.4087,1.1116,2,-0.9501,1.1879,2,1.3179,1.3826,3,0.8963,11.9836,14.9836,3.0
2005-12-06,12,Other,8,5.0,<8,-8.6,-13.6,0.3827,1.0824,2,0.0203,0.1729,2,1.1965,1.3369,3,-0.2558,14.9767,14.9767,0.0
2005-12-07,12,Other,8,6.4,<8,-6.2,-12.6,-1.0747,1.4994,2,-2.6364,2.7138,2,-0.2352,0.4944,3,-0.7911,14.9697,14.9697,0.0
2005-12-08,12,Other,8,3.2,<8,-6.6,-9.8,0.399,0.7608,2,-0.2233,0.2238,2,0.8333,0.8498,3,0.5726,14.9625,14.9625,0.0
2005-12-09,12,Other,8,6.2,<8,-5.8,-12.0,1.284,2.6437,2,-1.3202,1.4647,2,3.694,3.8007,3,2.0915,11.9556,14.9556,3.0
2005-12-10,12,Other,8,4.9,<8,-8.8,-13.7,0.407,1.4265,2,-1.3178,1.3447,2,2.3144,2.3462,3,0.2585,11.9481,14.9481,3.0
2005-12-11,12,Other,7,3.0,<8,-11.9,-14.9,0.4105,1.4272,2,-0.851,0.9422,1,2.2237,2.2237,3,0.8535,11.9408,17.9408,6.0
2005-12-12,12,Other,8,4.3,<8,-13.7,-18.0,0.1697,1.3381,2,-0.9208,0.9226,2,2.0948,2.1777,3,-0.1746,11.9333,14.9333,3.0
2005-12-13,12,Other,8,7.3,<8,-13.3,-20.6,1.5132,3.5392,2,-2.7859,2.7907,2,5.3096,5.3175,3,1.2503,8.9258,14.9258,6.0
2005-12-14,12,Other,8,7.6,<8,-13.7,-21.3,-0.1219,1.3641,2,-1.3268,1.8037,2,1.7735,1.7751,3,-0.4939,11.9183,14.9183,3.0
2005-12-15,12,Other,8,8.9,8-<10,-9.9,-18.8,-0.0635,2.891,2,-4.0571,4.1395,2,3.8595,3.8629,3,0.1818,11.9106,14.9106,3.0
2005-12-16,12,Other,8,5.2,<8,-11.4,-16.6,0.3653,2.0129,2,-2.189,2.2599,2,3.0354,3.0385,3,0.558,11.9031,14.9031,3.0
2005-12-17,12,Other,8,10.6,10-<12,-5.7,-16.3,-0.4479,3.9037,2,-4.728,4.8513,2,5.6494,5.6513,3,-0.9219,11.8953,14.8953,3.0
2005-12-18,12,Other,8,9.3,8-<10,-5.3,-14.6,0.2779,3.4671,2,-3.6145,3.7033,2,4.5185,4.5202,3,0.8422,11.8875,14.8875,3.0
2005-12-19,12,Other,7,10.3,10-<12,-4.5,-14.8,-1.2205,2.4418,2,-2.7675,2.8849,1,2.9957,2.9957,3,-1.3989,11.8797,17.8797,6.0
2005-12-20,12,Other,8,9.7,8-<10,-7.6,-17.3,1.6094,4.1249,2,-0.7608,1.3556,2,6.3755,6.3755,3,-0.4009,2.8719,14.8719,-12.0
2005-12-21,12,Other,8,8.0,8-<10,-9.2,-17.2,-0.6603,2.869,2,-4.4127,4.4273,2,3.1936,3.1936,3,-1.0212,11.8639,14.8639,3.0
2005-12-22,12,Other,8,8.2,8-<10,-6.2,-14.4,0.2373,2.3862,2,-2.1586,2.4222,2,3.6219,3.647,3,0.4067,11.8561,14.8561,3.0
2005-12-23,12,Other,8,7.5,<8,-5.5,-13.0,0.1107,1.7472,2,-1.7021,1.7054,2,1.9629,2.2176,3,0.8073,11.8483,14.8483,3.0
2005-12-24,12,Other,6,6.6,<8,-7.0,-13.6,-0.8089,2.4564,2,-1.8546,2.0241,2,2.2784,2.3291,2,-2.8506,23.8328,14.8406,-8.9922
2005-12-25,12,Other,8,11.0,10-<12,-4.4,-15.4,-1.2612,4.583,2,-6.4313,6.5293,2,4.5358,4.5384,3,-2.9025,8.8328,14.8328,6.0
2005-12-26,12,Other,8,11.5,10-<12,-0.5,-12.0,1.541,5.5555,2,-4.8121,4.8843,2,8.9293,8.9366,3,1.6808,11.825,14.825,3.0
2005-12-27,12,Other,8,8.5,8-<10,-6.1,-14.6,0.8146,2.0181,2,-0.9199,0.9453,2,3.6041,3.6176,3,-0.0224,14.8172,14.8172,0.0
2005-12-28,12,Other,8,10.2,10-<12,-1.9,-12.1,-0.9797,2.4373,2,-1.3885,1.6793,2,1.6,2.0067,3,-3.0562,14.8094,14.8094,0.0
2005-12-29,12,Other,8,5.4,<8,-1.7,-7.1,-1.3668,2.0631,2,-2.6812,2.7231,2,0.591,0.591,3,-1.7552,11.8019,14.8019,3.0
2005-12-30,12,Other,8,3.8,<8,-2.3,-6.1,0.4958,1.5249,2,-1.2121,1.2536,2,2.4882,2.4957,3,0.7453,11.7942,14.7942,3.0
2005-12-31,12,Other,7,7.2,<8,-0.7,-7.9,1.91,2.8758,1,-0.6855,0.6855,2,2.7788,3.8666,3,2.7429,14.7867,14.7867,0.0
2006-01-01,1,Other,7,5.4,<8,-7.3,-12.7,0.8158,1.9325,2,-0.9352,0.9503,2,2.9496,2.9501,2,0.0422,14.7792,14.7792,0.0
2006-01-02,1,Other,7,3.8,<8,-11.6,-15.4,0.486,2.3553,2,-1.5639,1.5691,2,2.7443,2.7448,2,0.6359,2.7719,14.7719,-12.0
2006-01-03,1,Other,8,5.2,<8,-15.3,-20.5,1.288,2.2983,2,-0.6956,0.7057,2,3.0793,3.2048,3,1.8623,11.7644,14.7644,3.0
2006-01-04,1,Other,8,3.9,<8,-18.8,-22.7,0.3168,1.2998,2,-0.6591,1.0161,2,2.1867,2.2218,3,-0.0186,11.7572,14.7572,3.0
2006-01-05,1,Other,8,7.6,<8,-18.4,-26.0,1.2242,3.6972,2,-2.7272,2.7633,2,5.7016,5.7022,3,1.073,11.75,14.75,3.0
2006-01-06,1,Other,8,7.7,<8,-18.7,-26.4,-0.5933,2.2265,2,-2.0709,2.8064,2,2.2442,2.2498,3,-1.2618,11.7431,14.7431,3.0
2006-01-07,1,Other,8,7.1,<8,-15.8,-22.9,0.3749,3.3903,2,-3.7988,3.8798,2,2.819,2.8192,3,1.83,11.7361,14.7361,3.0
2006-01-08,1,Other,8,12.7,12-<15,-13.2,-25.9,-2.9434,5.0251,2,-6.668,6.6981,2,1.5711,4.1132,3,-3.2126,11.7292,14.7292,3.0
2006-01-09,1,Other,8,9.8,8-<10,-11.5,-21.3,-1.867,5.0304,2,-5.4585,6.0915,2,3.3147,4.7937,3,-4.7671,20.7225,14.7225,-6.0
2006-01-10,1,Other,7,12.9,12-<15,-6.7,-19.6,-1.9034,2.9168,2,-3.6471,3.7439,2,1.3134,1.5154,2,-2.3875,11.7161,14.7161,3.0
2006-01-11,1,Other,7,3.9,<8,-9.9,-13.8,-0.4651,1.5088,2,-2.4508,2.4892,2,0.953,1.2049,2,-0.3931,5.7094,14.7094,9.0
2006-01-12,1,Other,8,8.0,8-<10,-7.0,-15.0,0.6517,2.1738,2,-0.6365,0.7935,2,3.688,3.7106,3,0.273,11.7033,14.7033,3.0
2006-01-13,1,Other,8,10.8,10-<12,-6.0,-16.8,1.7435,3.2618,2,-0.4351,0.8453,2,6.0258,6.0422,3,0.9395,11.6969,14.6969,3.0
2006-01-14,1,Other,8,11.3,10-<12,-4.5,-15.8,1.2651,3.1953,2,-1.3508,1.3513,2,3.8262,4.2106,3,2.4903,11.6911,14.6911,3.0
2006-01-15,1,Other,7,9.0,8-<10,-9.5,-18.5,1.4558,2.5091,1,-0.2107,0.2107,2,4.2913,4.3115,3,0.8089,11.6853,14.6853,3.0
2006-01-16,1,Other,7,11.7,10-<12,-5.2,-16.9,0.8968,3.2315,2,-1.8611,2.1108,2,3.9963,4.2121,2,2.0626,11.6794,14.6794,3.0
2006-01-17,1,Other,8,9.9,8-<10,-7.7,-17.6,-0.2285,3.6024,2,-2.8007,3.1032,2,5.4034,5.5499,3,-1.5531,11.6739,14.6739,3.0
2006-01-18,1,Other,7,8.4,8-<10,-5.9,-14.3,0.4532,3.1902,2,-2.7259,3.011,2,4.125,4.1327,2,-0.9027,2.6686,14.6686,-12.0
2006-01-19,1,Other,8,8.9,8-<10,-6.8,-15.7,0.2704,2.5638,2,-3.2388,3.3949,2,3.276,3.4266,3,0.8521,11.6633,14.6633,3.0
2006-01-20,1,Other,7,12.8,12-<15,-1.8,-14.6,0.8945,2.9054,2,-2.1011,2.103,2,4.0578,4.1563,3,0.7827,14.6583,14.6583,0.0
2006-01-21,1,Other,8,5.7,<8,-7.3,-13.0,0.7431,2.1139,2,-1.2103,1.5171,2,3.934,3.9369,3,0.1001,11.6533,14.6533,3.0
2006-01-22,1,Other,8,4.4,<8,-9.7,-14.1,0.5771,1.9896,2,-1.9326,2.1181,2,1.1774,1.3249,3,1.6129,8.6486,14.6486,6.0
2006-01-23,1,Other,8,11.0,10-<12,-5.8,-16.8,0.9867,5.2342,2,-5.2681,5.3081,2,8.0761,8.0811,3,1.5833,11.6442,14.6442,3.0
2006-01-24,1,Other,8,7.2,<8,-9.2,-16.4,-1.7129,3.2549,2,-3.7444,3.9395,2,1.3866,1.3911,3,-2.717,20.64,14.64,-6.0
2006-01-25,1,Other,8,9.3,8-<10,-5.0,-14.3,-0.3598,2.6375,2,-3.4492,3.5744,2,0.3204,0.4778,3,1.344,14.6358,14.6358,0.0
2006-01-26,1,Other,7,14.5,12-<15,-3.7,-18.2,-2.3183,6.496,2,-7.9933,8.9168,2,5.0328,6.1956,3,-3.4356,8.6319,14.6319,6.0
2006-01-27,1,Other,8,7.0,<8,-7.5,-14.5,1.5503,3.2666,2,-1.7782,1.8138,2,5.5224,5.5227,3,1.1912,11.6283,14.6283,3.0
2006-01-28,1,Other,8,3.2,<8,-12.2,-15.4,0.4887,1.46,2,-1.0296,1.5032,2,1.9197,1.992,3,0.8227,11.6247,14.6247,3.0
2006-01-29,1,Other,7,5.2,<8,-13.4,-18.6,-0.1511,1.4706,1,-0.0323,0.0323,2,2.0169,2.0235,3,-1.3463,11.6214,14.6214,3.0
2006-01-30,1,Other,8,7.4,<8,-9.7,-17.1,0.3419,2.2015,2,-2.2176,2.2263,2,3.3467,3.3803,3,0.6777,11.6183,14.6183,3.0
2006-01-31,1,Other,8,7.3,<8,-11.4,-18.7,-0.6597,1.8134,2,-0.4631,0.4678,2,0.362,1.3583,3,-2.1856,20.6156,14.6156,-6.0
2006-02-01,2,Other,8,11.0,10-<12,-3.9,-14.9,-0.5095,2.2003,2,-1.7231,2.088,2,2.5959,3.0703,3,-1.8804,14.6128,14.6128,0.0
2006-02-02,2,Other,8,5.5,<8,-5.3,-10.8,1.3243,2.6154,2,-1.0774,1.2113,2,3.2519,3.2734,3,2.5763,11.6103,14.6103,3.0
2006-02-03,2,Other,8,18.5,18-<20,4.6,-13.9,-0.7102,3.5778,2,-2.8466,3.7037,2,2.5198,3.0365,3,-2.0749,14.6081,14.6081,0.0
2006-02-04,2,Other,7,5.6,<8,-2.0,-7.6,0.2993,2.7267,2,-2.2502,2.2504,1,3.3774,3.3774,3,0.172,2.6061,14.6061,-12.0
2006-02-05,2,Other,8,4.5,<8,-4.2,-8.7,0.7642,1.3474,2,-0.7304,0.7453,2,2.3113,2.3124,3,0.6432,11.6044,14.6044,3.0
2006-02-06,2,Other,8,3.9,<8,-4.2,-8.1,-1.1889,2.8734,2,-0.1726,0.1838,2,0.5226,0.7504,3,-3.1696,23.6014,14.6028,-8.9986
2006-02-07,2,Other,8,8.4,8-<10,2.2,-6.2,-2.5022,3.3251,2,-5.0794,5.428,2,0.0934,0.4816,3,-2.8945,14.6014,14.6014,0.0
2006-02-08,2,Other,8,6.8,<8,3.4,-3.4,1.072,2.6357,2,-1.3538,1.6149,2,3.302,3.5982,3,1.9608,11.6003,14.6003,3.0
2006-02-09,2,Other,7,4.9,<8,-0.5,-5.4,-0.116,0.7086,2,0.1389,0.1744,1,0.7933,0.7933,3,-0.5398,11.5992,17.5992,6.0
2006-02-10,2,Other,8,6.5,<8,-1.4,-7.9,0.7475,1.7407,2,-0.5551,0.6039,2,2.9402,2.9882,3,-0.1973,14.5986,14.5986,0.0
2006-02-11,2,Other,8,9.4,8-<10,1.2,-8.2,-1.4355,2.9649,2,0.1789,0.2265,2,0.125,0.8464,3,-3.8351,20.5981,14.5981,-6.0
2006-02-12,2,Other,8,4.7,<8,1.7,-3.0,0.7798,2.6748,2,-1.5012,1.6484,2,3.516,3.5319,3,0.2316,2.5978,14.5978,-12.0
2006-02-13,2,Other,7,3.6,<8,-3.0,-6.6,0.227,1.8305,2,-1.649,1.8854,1,2.9547,2.9547,3,0.6036,8.5978,17.5978,9.0
2006-02-14,2,Other,8,3.0,<8,-5.8,-8.8,0.7769,2.0188,2,-0.9514,1.0369,2,1.6774,1.8538,3,1.6246,11.5978,14.5978,3.0
2006-02-15,2,Other,8,7.5,<8,-5.5,-13.0,1.1422,2.2887,2,-0.7381,1.0007,2,3.4241,3.5544,3,1.6932,11.5981,14.5981,3.0
2006-02-16,2,Other,8,6.4,<8,-8.9,-15.3,0.4339,1.2423,2,-0.7365,0.7368,2,1.778,1.912,3,0.6985,11.5986,14.5986,3.0
2006-02-17,2,Other,8,11.3,10-<12,-5.6,-16.9,-0.0325,1.9516,2,-0.8548,1.2076,2,2.4485,2.4502,3,-1.5508,20.5994,14.5994,-6.0
2006-02-18,2,Other,8,10.3,10-<12,-4.0,-14.3,-0.0187,2.8618,2,-2.9889,3.5623,2,3.8949,3.9462,3,-0.4499,11.6003,14.6003,3.0
2006-02-19,2,Other,8,15.1,15-<18,4.3,-10.8,-0.5819,5.6832,2,-7.3387,7.5307,2,7.8842,8.0781,3,-1.8328,8.6017,14.6017,6.0
2006-02-20,2,Other,8,5.0,<8,-0.9,-5.9,0.7491,2.4117,2,-1.1892,1.254,2,2.3681,2.9664,3,1.3778,14.6031,14.6031,0.0
2006-02-21,2,Other,8,6.3,<8,-3.7,-10.0,1.4897,2.3575,2,-0.5799,0.8675,2,4.1605,4.1646,3,1.1268,11.6044,14.6044,3.0
2006-02-22,2,Other,8,11.9,10-<12,0.0,-11.9,0.1796,2.3308,2,-0.1641,0.3067,2,3.54,3.5401,3,-0.79,11.6061,14.6061,3.0
2006-02-23,2,Other,8,7.7,<8,-4.2,-11.9,-0.1398,1.3004,2,-1.4865,1.517,2,1.6523,1.751,3,-0.1646,11.6081,14.6081,3.0
2006-02-24,2,Other,8,8.6,8-<10,-1.2,-9.8,0.5337,2.622,2,-2.6109,2.8177,2,4.2331,4.2846,3,0.631,11.6103,14.6103,3.0
2006-02-25,2,Other,8,6.7,<8,-3.4,-10.1,-0.3783,1.2086,2,-0.7758,0.777,2,0.7466,0.8819,3,-1.0304,14.6125,14.6125,0.0
2006-02-26,2,Other,8,3.9,<8,-3.5,-7.4,1.2007,1.9831,2,-0.1116,0.1295,2,2.1808,2.4398,3,1.9117,11.615,14.615,3.0
2006-02-27,2,Other,8,7.2,<8,-5.8,-13.0,-0.2465,1.3438,2,-0.7324,1.1505,2,1.6162,1.6515,3,-1.122,14.6178,14.6178,0.0
2006-02-28,2,Other,8,7.4,<8,-4.7,-12.1,0.378,0.999,2,0.0093,0.1749,2,1.7556,1.8825,3,0.0672,11.6206,14.6206,3.0
2006-03-01,3,Other,8,7.9,<8,-2.7,-10.6,-0.5445,2.2512,2,-2.0082,2.8392,2,1.8216,1.9017,3,-0.8894,11.6236,14.6236,3.0
2006-03-02,3,Other,8,12.4,12-<15,2.0,-10.4,-0.3054,2.9633,2,-1.3375,1.7966,2,4.1731,4.1774,3,-2.2114,11.6267,14.6267,3.0
2006-03-03,3,Other,8,9.8,8-<10,5.8,-4.0,-0.2522,2.6361,2,-3.6143,3.6164,2,3.1856,3.4094,3,0.2919,11.63,14.63,3.0
2006-03-04,3,Other,8,5.4,<8,-0.1,-5.5,0.263,1.8667,2,-0.6019,1.8062,2,1.8829,2.0084,3,-0.0938,11.6336,14.6336,3.0
2006-03-05,3,Other,8,6.6,<8,1.4,-5.2,-0.4299,1.6865,2,-1.2211,1.6142,2,1.5454,1.5467,3,-1.3136,11.6372,14.6372,3.0
2006-03-06,3,Other,8,13.0,12-<15,11.6,-1.4,0.1319,3.9464,2,-5.2916,5.3104,2,4.0164,5.2316,3,1.3425,14.6408,14.6408,0.0
2006-03-07,3,Other,8,4.6,<8,4.6,0.0,0.1861,1.4457,2,-1.3323,1.6024,2,1.8055,2.1779,3,0.1674,14.6447,14.6447,0.0
2006-03-08,3,Other,8,6.1,<8,5.1,-1.0,-0.325,1.3031,2,-1.3009,1.7082,2,1.3981,1.6177,3,-0.6336,11.6489,14.6489,3.0
2006-03-09,3,Other,8,7.8,<8,7.9,0.1,0.8109,2.6117,2,-1.5332,1.9421,2,1.7271,2.0731,3,2.5885,11.6531,14.6531,3.0
2006-03-10,3,Other,8,7.6,<8,3.9,-3.7,1.3463,2.1868,2,-0.1964,0.2042,2,3.3439,3.3467,3,0.2273,14.6572,14.6572,0.0
2006-03-11,3,Other,8,3.8,<8,1.2,-2.6,1.2821,1.9857,2,-0.3149,0.5382,2,2.423,2.4456,3,1.9619,11.6617,14.6617,3.0
2006-03-12,3,Other,8,6.9,<8,0.0,-6.9,-0.489,0.9111,2,-1.2724,1.4973,2,0.4488,0.521,3,-0.6811,14.6661,14.6661,0.0
2006-03-13,3,Other,8,7.7,<8,1.5,-6.2,0.2847,0.9371,2,-0.1308,0.213,2,0.6928,0.9919,3,-0.0877,14.6706,14.6706,0.0
2006-03-14,3,Other,8,8.4,8-<10,2.6,-5.8,-0.5633,1.6957,2,-0.6018,0.8116,2,0.6942,0.9946,3,-1.7906,14.6753,14.6753,0.0
2006-03-15,3,Other,8,8.2,8-<10,5.3,-2.9,-0.1658,1.8736,2,-2.7662,2.7815,2,2.1606,2.2365,3,0.3481,11.68,14.68,3.0
2006-03-16,3,Other,8,4.9,<8,1.4,-3.5,1.6842,3.0281,2,-0.8924,1.0565,2,4.0489,4.0521,3,1.4675,2.685,14.685,-12.0
2006-03-17,3,Other,8,4.8,<8,-2.3,-7.1,-0.4106,1.0351,2,-1.5986,1.8519,2,0.5573,0.6042,3,-0.1301,11.69,14.69,3.0
2006-03-18,3,Other,8,6.8,<8,0.1,-6.7,-0.397,0.84,2,-0.1003,0.134,2,0.2661,0.3204,3,-1.1626,14.695,14.695,0.0
2006-03-19,3,Other,8,11.7,10-<12,7.7,-4.0,-0.3739,1.6544,2,-1.8971,2.4912,2,1.2199,1.4272,3,-0.1055,14.7,14.7,0.0
2006-03-20,3,Other,8,8.7,8-<10,7.9,-0.8,0.1641,1.2539,2,-1.3926,1.5257,2,1.1847,1.3278,3,0.7371,14.705,14.705,0.0
2006-03-21,3,Other,8,8.8,8-<10,7.9,-0.9,0.1927,0.7865,2,-0.4068,0.5954,2,0.9795,1.2004,3,0.0278,14.7103,14.7103,0.0
2006-03-22,3,Other,8,8.6,8-<10,8.6,0.0,0.3892,0.9334,2,-0.8242,1.1087,2,1.0454,1.1053,3,0.6002,14.7156,14.7156,0.0
2006-03-23,3,Other,8,5.7,<8,6.0,0.3,0.1802,0.7398,2,-0.7269,0.9223,2,1.0005,1.0064,3,0.3435,14.7208,14.7208,0.0
2006-03-24,3,Other,8,6.7,<8,8.0,1.3,0.2676,1.1251,2,-1.0838,1.1716,2,0.5817,0.6124,3,0.9894,14.7261,14.7261,0.0
2006-03-25,3,Other,8,9.4,8-<10,9.1,-0.3,0.0675,0.8333,2,-0.7749,1.1102,2,0.895,0.9464,3,-0.1204,14.7314,14.7314,0.0
2006-03-26,3,Other,8,11.4,10-<12,11.7,0.3,-0.044,0.8106,2,-0.5851,0.5868,2,0.6079,0.6202,3,-0.1962,14.7367,14.7367,0.0
2006-03-27,3,Other,8,14.7,12-<15,17.4,2.7,-0.1218,1.1129,2,-1.0938,1.4957,2,1.0815,1.1223,3,-0.1091,14.7419,14.7419,0.0
2006-03-28,3,Other,8,12.6,12-<15,17.8,5.2,-0.5721,1.6011,2,-2.463,2.9562,2,0.8295,0.8306,3,-0.4043,14.7472,14.7472,0.0
2006-03-29,3,Other,8,7.1,<8,15.2,8.1,1.0196,1.647,2,-0.3911,0.4587,2,2.4108,2.4317,3,1.2851,11.7528,14.7528,3.0
2006-03-30,3,Other,8,11.9,10-<12,11.5,-0.4,4.076,6.8996,2,-1.1495,1.9769,2,10.5823,10.6398,3,1.6216,2.7581,14.7581,-12.0
2006-03-31,3,Other,8,14.0,12-<15,11.6,-2.4,-0.5049,1.5035,2,-0.867,1.0795,2,0.2405,0.2809,3,-1.3654,14.7633,14.7633,0.0
2006-04-01,4,Other,8,9.2,8-<10,12.0,2.8,-0.4549,1.2738,2,-0.7368,0.8003,2,0.8212,0.8528,3,-1.3406,14.7686,14.7686,0.0
2006-04-02,4,Other,8,5.1,<8,9.7,4.6,0.5446,1.438,2,0.0146,0.2207,2,2.3523,2.4386,3,-0.6502,17.7739,14.7739,-3.0
2006-04-03,4,Other,8,6.2,<8,11.8,5.6,0.536,0.7406,2,0.1449,0.364,2,1.1785,1.274,3,0.3858,14.7792,14.7792,0.0
2006-04-04,4,Other,8,8.6,8-<10,14.0,5.4,-0.3216,1.1363,2,-0.6577,0.8947,2,0.617,0.6564,3,-1.0191,14.7842,14.7842,0.0
2006-04-05,4,Other,8,9.0,8-<10,15.8,6.8,0.1792,0.6145,2,-0.3105,0.5557,2,0.5414,0.5436,3,0.4209,14.7894,14.7894,0.0
2006-04-06,4,Other,8,11.1,10-<12,17.7,6.6,-0.3595,1.0144,2,-1.1119,1.629,2,0.6515,0.6944,3,-0.3701,14.7944,14.7944,0.0
2006-04-07,4,Other,8,10.6,10-<12,17.6,7.0,-0.5997,0.9309,2,-0.8465,1.0439,2,0.2871,0.4968,3,-0.9792,14.7994,14.7994,0.0
2006-04-08,4,Other,8,15.6,15-<18,24.4,8.8,-0.3329,2.2516,2,-0.7803,1.2785,2,2.1036,2.1053,3,-1.5081,11.8044,14.8044,3.0
2006-04-09,4,Other,8,20.7,>=20,20.3,-0.4,5.3132,13.7148,2,-5.1261,7.4294,2,18.9151,18.9454,3,0.3865,2.8094,14.8094,-12.0
2006-04-10,4,Other,8,6.5,<8,0.9,-5.6,0.1688,0.8421,2,0.3842,0.7083,2,0.3663,0.4929,3,-0.5836,14.8142,14.8142,0.0
2006-04-11,4,Other,8,9.3,8-<10,5.5,-3.8,-0.0579,0.6588,2,-0.4542,0.6583,2,0.4812,0.5744,3,-0.4192,14.8189,14.8189,0.0
2006-04-12,4,Other,8,10.3,10-<12,8.2,-2.1,-0.3216,0.8421,2,-0.4229,0.6193,2,0.3665,0.4049,3,-0.9159,14.8236,14.8236,0.0
2006-04-13,4,Other,8,11.6,10-<12,12.7,1.1,0.0264,0.8787,2,-0.2735,0.495,2,0.3824,0.4371,3,-0.3313,14.8281,14.8281,0.0
2006-04-14,4,Other,8,13.3,12-<15,16.6,3.3,-0.3888,0.9927,2,-0.7324,1.0732,2,0.4723,0.4877,3,-0.9051,14.8325,14.8325,0.0
2006-04-15,4,Other,8,12.9,12-<15,18.8,5.9,-0.2308,0.855,2,-0.6003,0.9531,2,0.3011,0.3012,3,-0.1854,14.8369,14.8369,0.0
2006-04-16,4,Other,8,12.3,12-<15,20.6,8.3,-0.5101,1.481,2,-1.3643,1.8782,2,0.7429,0.7833,3,-1.0864,14.8411,14.8411,0.0
2006-04-17,4,Other,8,8.6,8-<10,19.5,10.9,0.3332,0.7123,2,-0.1744,0.3116,2,0.5373,0.5554,3,0.3706,14.8453,14.8453,0.0
2006-04-18,4,Other,8,16.4,15-<18,25.9,9.5,-0.3111,0.9531,2,-0.204,0.4089,2,0.13,0.2092,3,-0.8482,14.8494,14.8494,0.0
2006-04-19,4,Other,8,14.1,12-<15,26.1,12.0,-0.723,1.0716,2,-1.0021,1.363,2,0.1827,0.3619,3,-1.1102,14.8533,14.8533,0.0
2006-04-20,4,Other,8,14.4,12-<15,24.4,10.0,2.2076,2.9973,2,1.3361,2.1778,2,4.4658,4.4717,3,0.6669,14.8572,14.8572,0.0
2006-04-21,4,Other,8,15.6,15-<18,26.1,10.5,1.4619,2.5657,2,0.3814,0.6004,2,3.7411,3.7415,3,-0.1124,14.8608,14.8608,0.0
2006-04-22,4,Other,8,9.5,8-<10,20.4,10.9,2.001,3.1422,2,0.6937,1.0049,2,4.4375,4.4835,3,0.9013,14.8642,14.8642,0.0
2006-04-23,4,Other,8,5.4,<8,15.4,10.0,1.1333,1.9649,2,-0.3458,0.3463,2,1.0029,1.0083,3,2.125,14.8678,14.8678,0.0
2006-04-24,4,Other,8,10.7,10-<12,17.9,7.2,-0.4039,0.7828,2,-1.3012,1.3116,2,0.3644,0.3879,3,-0.313,14.8708,14.8708,0.0
2006-04-25,4,Other,8,8.9,8-<10,18.2,9.3,0.6629,1.0438,2,-0.4602,0.6155,2,0.8815,0.8891,3,1.1326,14.8742,14.8742,0.0
2006-04-26,4,Other,8,12.7,12-<15,20.9,8.2,-0.4192,0.9099,2,-0.6523,0.6625,2,0.3914,0.4026,3,-0.7455,14.8769,14.8769,0.0
2006-04-27,4,Other,8,14.6,12-<15,25.9,11.3,-0.1498,1.0748,2,-1.0362,1.31,2,0.9734,1.0257,3,0.1968,11.8797,14.8797,3.0
2006-04-28,4,Other,8,17.8,15-<18,30.9,13.1,-0.4649,1.1077,2,-0.8559,1.2613,2,0.374,0.3935,3,-0.8785,14.8825,14.8825,0.0
2006-04-29,4,Other,8,14.9,12-<15,31.5,16.6,1.7498,3.8419,2,-1.8802,2.6251,2,4.0106,4.4437,3,3.6056,11.885,14.885,3.0
2006-04-30,4,Other,8,11.7,10-<12,23.7,12.0,-0.1259,1.293,2,-0.5836,0.5955,2,0.8648,0.8749,3,-1.0899,14.8875,14.8875,0.0
2006-05-01,5,May-Sep,8,8.6,8-<10,21.5,12.9,0.4586,1.8856,2,-1.3704,1.6352,2,1.6614,1.8603,3,0.6761,17.8897,14.8897,-3.0
2006-05-02,5,May-Sep,8,10.4,10-<12,20.9,10.5,1.1294,1.8154,2,-0.3741,0.4263,2,2.001,2.3877,3,1.8582,14.8917,14.8917,0.0
2006-05-03,5,May-Sep,8,7.8,<8,16.3,8.5,2.7376,3.7471,2,0.7526,1.6249,2,5.515,5.5704,3,1.1262,17.8936,14.8936,-3.0
2006-05-04,5,May-Sep,8,7.2,<8,15.0,7.8,1.5758,3.1743,2,-1.6365,1.7248,2,4.6539,4.9068,3,1.8645,8.8953,14.8953,6.0
2006-05-05,5,May-Sep,8,9.4,8-<10,15.5,6.1,-0.1253,1.1261,2,-0.2384,0.604,2,0.1195,0.7881,3,-0.9128,17.8969,14.8969,-3.0
2006-05-06,5,May-Sep,8,8.2,8-<10,15.1,6.9,2.1105,3.6781,2,0.0744,2.3732,2,4.4954,4.5235,3,0.265,14.8983,14.8983,0.0
2006-05-07,5,May-Sep,8,8.3,8-<10,10.1,1.8,1.8155,4.9528,2,-1.7873,3.8429,2,7.0913,7.1625,3,-0.6418,2.8994,14.8994,-12.0
2006-05-08,5,May-Sep,8,6.4,<8,9.2,2.8,0.3743,0.7406,2,0.3595,0.5585,2,0.1092,0.4049,3,0.1487,14.9006,14.9006,0.0
2006-05-09,5,May-Sep,8,12.3,12-<15,14.4,2.1,-0.5312,1.039,2,-1.0714,1.1068,2,0.6517,0.668,3,-1.1034,14.9014,14.9014,0.0
2006-05-10,5,May-Sep,8,7.4,<8,12.4,5.0,0.6427,1.2812,2,-0.6469,0.6612,2,1.9015,2.062,3,0.5167,17.9022,14.9022,-3.0
2006-05-11,5,May-Sep,8,10.2,10-<12,14.7,4.5,-0.253,0.7954,2,-0.2489,0.2714,2,-0.1159,0.4303,3,-0.8327,14.9028,14.9028,0.0
2006-05-12,5,May-Sep,8,12.8,12-<15,21.1,8.3,-2.0836,3.0215,2,-2.7389,3.1315,2,0.2301,0.4342,3,-3.902,14.9033,14.9033,0.0
2006-05-13,5,May-Sep,8,9.3,8-<10,25.3,16.0,-0.233,1.3874,2,0.416,0.8222,2,0.5427,0.5445,3,-1.6731,14.9036,14.9036,0.0
2006-05-14,5,May-Sep,7,10.7,10-<12,27.1,16.4,0.5422,0.902,2,0.5638,0.8927,2,-0.0386,0.3393,2,0.4458,14.9036,14.9036,0.0
2006-05-15,5,May-Sep,8,11.7,10-<12,27.7,16.0,-0.0788,0.9856,2,-1.3902,1.7261,2,0.4044,0.6384,3,0.2055,14.9036,14.9036,0.0
2006-05-16,5,May-Sep,8,14.0,12-<15,30.2,16.2,-0.7547,1.1068,2,-1.4864,1.613,2,0.171,0.3691,3,-0.9761,14.9033,14.9033,0.0
2006-05-17,5,May-Sep,8,12.8,12-<15,31.9,19.1,-0.2975,2.0311,2,-2.2842,2.3231,2,0.2451,0.4299,3,0.6366,14.9031,14.9031,0.0
2006-05-18,5,May-Sep,8,19.7,18-<20,30.5,10.8,6.5929,8.7778,2,3.4039,5.1562,2,14.4928,14.4941,3,2.4251,11.9025,14.9025,3.0
2006-05-19,5,May-Sep,8,9.2,8-<10,20.1,10.9,0.0189,0.6838,2,-0.684,0.7003,2,0.3118,0.5782,3,-0.094,14.9017,14.9017,0.0
2006-05-20,5,May-Sep,8,15.4,15-<18,27.0,11.6,-2.4322,3.8404,2,-4.0736,4.6654,2,-0.2472,0.8805,3,-3.692,14.9008,14.9008,0.0
2006-05-21,5,May-Sep,8,6.0,<8,28.0,22.0,1.4062,2.5262,2,0.2474,0.3723,2,0.4019,0.4019,3,3.1811,14.9,14.9,0.0
2006-05-22,5,May-Sep,8,14.2,12-<15,26.8,12.6,4.6932,6.2611,2,3.2936,4.6782,2,7.9793,8.032,3,1.7568,17.8989,14.8989,-3.0
2006-05-23,5,May-Sep,8,14.5,12-<15,25.3,10.8,-0.693,1.7913,2,-1.2454,1.2731,2,0.6654,0.7172,3,-1.6594,14.8975,14.8975,0.0
2006-05-24,5,May-Sep,8,7.7,<8,22.7,15.0,1.6469,3.0683,2,-0.2807,1.3503,2,2.7086,2.8511,3,0.6097,17.8961,14.8961,-3.0
2006-05-25,5,May-Sep,8,15.3,15-<18,28.2,12.9,-0.774,1.9384,2,-0.9651,1.0408,2,0.1764,0.6458,3,-2.0043,14.8947,14.8947,0.0
2006-05-26,5,May-Sep,8,10.6,10-<12,26.9,16.3,0.6096,2.3858,2,-1.3611,1.8505,2,3.5472,4.0001,3,0.3631,11.8931,14.8931,3.0
2006-05-27,5,May-Sep,8,12.2,12-<15,29.0,16.8,-0.579,1.0927,2,-1.2773,1.6742,2,0.0591,0.2461,3,-0.635,14.8911,14.8911,0.0
2006-05-28,5,May-Sep,8,10.0,10-<12,29.1,19.1,-0.0909,0.5938,2,-0.6079,0.8568,2,0.036,0.2648,3,0.206,14.8892,14.8892,0.0
2006-05-29,5,May-Sep,8,12.2,12-<15,28.2,16.0,0.7959,1.2417,2,0.3054,0.8165,2,1.7646,1.7659,3,0.1378,14.8872,14.8872,0.0
2006-05-30,5,May-Sep,8,11.9,10-<12,29.1,17.2,-0.0544,0.8036,2,-0.5688,0.5747,2,0.4841,0.5769,3,-0.4401,14.885,14.885,0.0
2006-05-31,5,May-Sep,8,9.0,8-<10,29.1,20.1,1.1399,1.3804,2,0.9807,1.2661,2,0.4485,0.6352,3,1.3428,14.8825,14.8825,0.0
2006-06-01,6,May-Sep,8,11.7,10-<12,28.2,16.5,0.227,1.012,2,-0.9525,1.1959,2,1.0005,1.0437,3,0.0789,14.8803,14.8803,0.0
2006-06-02,6,May-Sep,8,8.1,8-<10,26.7,18.6,1.4779,3.1127,2,-2.1707,2.538,2,3.7521,3.8972,3,2.7032,8.8778,14.8778,6.0
2006-06-03,6,May-Sep,8,10.8,10-<12,27.0,16.2,1.5665,2.394,2,2.1985,3.082,2,0.9051,0.9254,3,1.2742,14.875,14.875,0.0
2006-06-04,6,May-Sep,8,14.2,12-<15,25.2,11.0,2.9479,4.3336,2,2.9332,3.5199,2,6.6208,6.6552,3,-0.3624,14.8725,14.8725,0.0
2006-06-05,6,May-Sep,8,9.5,8-<10,23.5,14.0,0.4445,0.9126,2,0.7227,0.7245,2,0.3806,0.6421,3,-0.1739,14.8697,14.8697,0.0
2006-06-06,6,May-Sep,8,12.7,12-<15,27.5,14.8,-0.9899,1.9064,2,-0.8516,0.8664,2,-0.0417,0.2423,3,-2.2299,14.8667,14.8667,0.0
2006-06-07,6,May-Sep,8,8.4,8-<10,27.3,18.9,0.3245,0.9872,2,0.7506,1.3673,2,0.4941,0.6381,3,-0.4688,14.8639,14.8639,0.0
2006-06-08,6,May-Sep,8,11.7,10-<12,29.8,18.1,-0.0187,0.725,2,-0.4915,0.664,2,0.7673,0.8135,3,-0.3289,14.8608,14.8608,0.0
2006-06-09,6,May-Sep,8,10.6,10-<12,31.0,20.4,-0.1923,0.4065,2,-0.3719,0.5126,2,0.2289,0.2641,3,-0.46,14.8575,14.8575,0.0
2006-06-10,6,May-Sep,8,7.3,<8,29.5,22.2,1.0043,1.454,2,-0.1741,0.333,2,1.958,1.9752,3,1.2042,14.8544,14.8544,0.0
2006-06-11,6,May-Sep,8,7.7,<8,29.4,21.7,0.3034,0.6815,2,0.3999,0.4006,2,1.138,1.1395,3,-0.3834,14.8511,14.8511,0.0
2006-06-12,6,May-Sep,8,9.1,8-<10,29.7,20.6,-0.1851,0.903,2,-1.2711,1.2795,2,0.2646,0.425,3,-0.1289,14.8478,14.8478,0.0
2006-06-13,6,May-Sep,8,11.0,10-<12,31.5,20.5,-0.2606,0.5963,2,-0.3396,0.3462,2,0.0652,0.5352,3,-0.6691,14.8444,14.8444,0.0
2006-06-14,6,May-Sep,8,14.8,12-<15,35.4,20.6,0.6749,1.5615,2,-0.0277,0.7449,2,2.1157,2.6054,3,0.3494,14.8411,14.8411,0.0
2006-06-15,6,May-Sep,8,16.2,15-<18,30.2,14.0,6.025,9.0817,2,1.9998,5.1781,2,13.044,13.0717,3,1.3741,2.8378,14.8378,-12.0
2006-06-16,6,May-Sep,8,8.5,8-<10,18.8,10.3,0.08,1.7159,2,1.7465,2.1216,2,0.5521,0.9271,3,-1.6164,17.8344,14.8344,-3.0
2006-06-17,6,May-Sep,8,9.0,8-<10,23.3,14.3,-0.2315,0.8458,2,-0.3525,0.4835,2,0.1772,0.1947,3,-0.8752,14.8308,14.8308,0.0
2006-06-18,6,May-Sep,8,11.3,10-<12,27.1,15.8,-0.1592,0.914,2,-1.1529,1.1529,2,0.3079,0.3278,3,-0.1684,14.8275,14.8275,0.0
2006-06-19,6,May-Sep,8,9.9,8-<10,28.2,18.3,0.7427,1.1995,2,0.0168,0.1257,2,1.5827,1.6558,3,0.6468,14.8239,14.8239,0.0
2006-06-20,6,May-Sep,8,12.4,12-<15,29.7,17.3,0.2074,0.9966,2,-0.6264,0.6284,2,0.8037,0.8548,3,0.1442,14.8203,14.8203,0.0
2006-06-21,6,May-Sep,8,10.6,10-<12,29.1,18.5,0.0609,0.7353,2,0.5712,0.8188,2,0.2488,0.2545,3,-0.5526,14.8169,14.8169,0.0
2006-06-22,6,May-Sep,8,13.3,12-<15,32.5,19.2,-0.5698,1.063,2,-1.3155,1.5355,2,0.21,0.4375,3,-0.7979,14.8133,14.8133,0.0
2006-06-23,6,May-Sep,8,11.0,10-<12,33.3,22.3,0.1953,1.3799,2,-1.1699,1.2007,2,2.3306,2.3364,3,0.0651,11.8097,14.8097,3.0
2006-06-24,6,May-Sep,8,9.7,8-<10,31.5,21.8,1.4862,2.6056,2,-0.2697,0.5405,2,4.4489,4.6502,3,1.2054,11.8064,14.8064,3.0
2006-06-25,6,May-Sep,8,10.5,10-<12,30.7,20.2,0.1432,0.579,2,-0.2855,0.4389,2,0.5585,0.5597,3,-0.0353,14.8031,14.8031,0.0
2006-06-26,6,May-Sep,8,10.9,10-<12,29.2,18.3,-0.398,0.8774,2,-0.074,0.2704,2,0.2889,0.304,3,-1.1874,14.7994,14.7994,0.0
2006-06-27,6,May-Sep,8,12.1,12-<15,32.8,20.7,-0.4692,1.1563,2,-1.0736,1.2883,2,0.7281,0.7289,3,-1.0158,14.7961,14.7961,0.0
2006-06-28,6,May-Sep,8,8.5,8-<10,30.9,22.4,1.5384,2.3776,2,0.1396,0.6744,2,4.0638,4.1479,3,0.3794,11.7928,14.7928,3.0
2006-06-29,6,May-Sep,8,11.7,10-<12,31.7,20.0,-0.1461,1.1027,2,-0.366,0.3957,2,1.1503,1.5624,3,-1.0555,14.7894,14.7894,0.0
2006-06-30,6,May-Sep,8,11.3,10-<12,30.8,19.5,-0.2959,2.3344,2,0.6533,3.4716,2,0.3714,0.4914,3,-2.1652,14.7864,14.7864,0.0
2006-07-01,7,May-Sep,8,12.5,12-<15,34.4,21.9,-0.2818,0.8722,2,-0.6048,0.7916,2,0.4607,0.4657,3,-0.8595,14.7831,14.7831,0.0
2006-07-02,7,May-Sep,8,9.3,8-<10,32.8,23.5,0.8125,1.3064,2,-0.4116,0.5752,2,2.1747,2.251,3,0.9112,11.78,14.78,3.0
2006-07-03,7,May-Sep,8,9.0,8-<10,29.1,20.1,3.2652,4.9046,2,-0.0611,1.2861,2,7.7904,7.796,3,1.5619,8.7769,14.7769,6.0
2006-07-04,7,May-Sep,8,11.9,10-<12,31.3,19.4,-0.1692,1.3625,2,-0.7764,1.039,2,1.7426,1.7772,3,-1.188,11.7739,14.7739,3.0
2006-07-05,7,May-Sep,8,11.4,10-<12,33.5,22.1,-0.1972,0.9454,2,-0.9375,1.172,2,0.7183,0.8604,3,-0.5602,14.7711,14.7711,0.0
2006-07-06,7,May-Sep,8,7.9,<8,32.6,24.7,1.281,2.8813,2,-0.4657,0.5614,2,0.897,0.9466,3,2.7898,14.7683,14.7683,0.0
2006-07-07,7,May-Sep,8,17.5,15-<18,31.3,13.8,4.3195,6.9358,2,2.5346,6.214,2,8.4573,8.5324,3,0.1271,17.7656,14.7656,-3.0
2006-07-08,7,May-Sep,8,9.2,8-<10,25.1,15.9,0.3912,0.8462,2,0.4829,1.1964,2,0.5305,0.6425,3,-0.0088,14.7631,14.7631,0.0
2006-07-09,7,May-Sep,8,12.2,12-<15,29.3,17.1,0.8776,1.9829,2,-1.3777,1.4662,2,2.9272,3.0185,3,1.3375,11.7606,14.7606,3.0
2006-07-10,7,May-Sep,8,9.4,8-<10,25.2,15.8,0.4376,0.9475,2,-0.14,0.614,2,1.37,1.3721,3,0.1828,14.7581,14.7581,0.0
2006-07-11,7,May-Sep,8,13.8,12-<15,26.0,12.2,-1.0251,2.0831,2,-1.5678,1.5997,2,0.3948,0.4058,3,-2.1427,14.7558,14.7558,0.0
2006-07-12,7,May-Sep,8,8.1,8-<10,25.2,17.1,0.2023,1.0407,2,-0.9853,1.0456,2,1.4857,1.5406,3,0.4508,11.7536,14.7536,3.0
2006-07-13,7,May-Sep,8,10.9,10-<12,27.6,16.7,-0.3962,1.1235,2,-0.6716,0.6744,2,0.3919,0.3919,3,-1.2591,14.7517,14.7517,0.0
2006-07-14,7,May-Sep,8,7.0,<8,26.1,19.1,2.4103,2.971,2,0.8321,1.1189,2,4.0911,4.1692,3,2.3745,11.7497,14.7497,3.0
2006-07-15,7,May-Sep,8,8.3,8-<10,25.2,16.9,0.1309,0.7363,2,0.6753,0.7642,2,0.724,0.7434,3,-0.6252,14.7478,14.7478,0.0
2006-07-16,7,May-Sep,8,11.8,10-<12,30.1,18.3,-0.3849,1.4075,2,-0.3873,0.7046,2,0.5432,0.5644,3,-1.3713,14.7464,14.7464,0.0
2006-07-17,7,May-Sep,8,8.7,8-<10,29.1,20.4,0.3035,0.7906,2,-0.0984,0.2321,2,1.3018,1.3382,3,-0.3124,14.7447,14.7447,0.0
2006-07-18,7,May-Sep,8,11.6,10-<12,31.3,19.7,0.0603,0.8671,2,0.1623,0.3432,2,0.3012,0.4913,3,-0.6612,14.7433,14.7433,0.0
2006-07-19,7,May-Sep,8,10.9,10-<12,32.1,21.2,1.2167,2.2249,2,-0.7975,1.003,2,2.4861,3.067,3,1.9409,14.7422,14.7422,0.0
2006-07-20,7,May-Sep,8,9.0,8-<10,26.7,17.7,1.8047,2.6697,2,1.6779,2.7229,2,3.0833,3.1875,3,0.1712,17.7411,14.7411,-3.0
2006-07-21,7,May-Sep,8,10.4,10-<12,29.1,18.7,0.0577,1.0889,2,-1.324,1.4275,2,0.6593,0.6986,3,0.1987,14.7403,14.7403,0.0
2006-07-22,7,May-Sep,8,11.7,10-<12,31.7,20.0,-0.468,0.8524,2,-0.7086,0.7104,2,0.2901,0.3064,3,-1.0023,14.7394,14.7394,0.0
2006-07-23,7,May-Sep,8,12.7,12-<15,34.2,21.5,-0.7621,1.164,2,-1.1262,1.413,2,0.0359,0.1561,3,-0.9548,14.7389,14.7389,0.0
2006-07-24,7,May-Sep,8,12.2,12-<15,33.0,20.8,0.5724,1.8279,2,1.0676,1.8279,2,1.5101,1.5121,3,-1.0635,14.7383,14.7383,0.0
2006-07-25,7,May-Sep,8,7.8,<8,30.3,22.5,1.5467,2.4292,2,0.1257,2.5333,2,2.8395,2.8613,3,1.3296,14.7381,14.7381,0.0
2006-07-26,7,May-Sep,8,11.5,10-<12,30.4,18.9,-0.4284,1.1886,2,-0.4637,0.4646,2,0.1428,0.2099,3,-1.3633,14.7378,14.7378,0.0
2006-07-27,7,May-Sep,8,7.9,<8,28.9,21.0,1.3863,1.9964,2,1.4647,2.4099,2,1.6812,1.6918,3,0.5891,14.7381,14.7381,0.0
2006-07-28,7,May-Sep,8,13.2,12-<15,31.8,18.6,-0.541,1.1043,2,-0.7486,0.8971,2,0.0476,0.1473,3,-1.0884,14.7381,14.7381,0.0
2006-07-29,7,May-Sep,8,12.7,12-<15,33.9,21.2,0.3567,1.4305,2,-0.7016,1.1349,2,0.9714,0.9951,3,-0.2644,14.7386,14.7386,0.0
2006-07-30,7,May-Sep,8,15.0,15-<18,37.7,22.7,-0.0532,0.5991,2,-0.4552,0.5148,2,0.4951,0.584,3,-0.3538,14.7392,14.7392,0.0
2006-07-31,7,May-Sep,8,16.1,15-<18,40.6,24.5,-0.3993,1.0421,2,-1.7996,1.8119,2,0.3823,0.4871,3,-0.1476,14.7397,14.7397,0.0
2006-08-01,8,May-Sep,8,12.9,12-<15,38.8,25.9,3.8184,5.0898,2,1.7657,3.5266,2,6.9016,6.9123,3,1.9519,14.7406,14.7406,0.0
2006-08-02,8,May-Sep,8,10.3,10-<12,31.1,20.8,0.5181,1.1912,2,0.8803,1.235,2,0.7896,0.9348,3,-0.5128,14.7417,14.7417,0.0
2006-08-03,8,May-Sep,8,13.3,12-<15,35.1,21.8,-0.3638,1.088,2,-1.507,1.6744,2,0.8227,0.8337,3,-0.3748,14.7431,14.7431,0.0
2006-08-04,8,May-Sep,8,9.9,8-<10,34.9,25.0,2.4945,4.3585,2,-0.9306,1.196,2,4.2558,4.7305,3,4.4375,11.7444,14.7444,3.0
2006-08-05,8,May-Sep,8,11.2,10-<12,30.9,19.7,-1.1259,1.5144,2,-1.9278,1.9583,2,0.431,0.4537,3,-1.6679,14.7461,14.7461,0.0
2006-08-06,8,May-Sep,8,12.6,12-<15,34.0,21.4,-0.3594,1.0632,2,-0.4032,0.5267,2,0.5998,0.6287,3,-1.1792,14.7478,14.7478,0.0
2006-08-07,8,May-Sep,8,11.1,10-<12,32.2,21.1,1.2016,1.9903,2,0.5315,1.0419,2,2.7296,3.1844,3,0.6324,14.7497,14.7497,0.0
2006-08-08,8,May-Sep,8,12.4,12-<15,32.0,19.6,-0.8962,1.2779,2,-0.9695,0.9762,2,0.2527,0.3014,3,-1.7745,14.7519,14.7519,0.0
2006-08-09,8,May-Sep,8,11.4,10-<12,34.1,22.7,0.1185,0.7685,2,-0.6147,0.8312,2,0.2551,0.2884,3,-0.0229,14.7542,14.7542,0.0
2006-08-10,8,May-Sep,8,11.6,10-<12,32.7,21.1,5.4894,7.0939,2,1.6735,4.0824,2,10.0897,10.0902,3,3.8965,2.7567,14.7567,-12.0
2006-08-11,8,May-Sep,8,11.9,10-<12,26.2,14.3,-0.477,1.6566,2,-0.3154,0.3233,2,0.4683,0.4749,3,-2.1898,14.7592,14.7592,0.0
2006-08-12,8,May-Sep,8,10.6,10-<12,27.3,16.7,-0.1495,0.6177,2,-0.7278,0.7803,2,0.6388,0.6852,3,-0.4209,14.7619,14.7619,0.0
2006-08-13,8,May-Sep,7,12.6,12-<15,30.1,17.5,-0.3016,0.9996,2,-1.2211,1.356,2,0.7685,0.7687,3,-0.402,14.765,14.765,0.0
2006-08-14,8,May-Sep,8,14.7,12-<15,33.6,18.9,-0.7984,1.5686,2,-1.2947,1.2949,2,0.8406,0.8779,3,-1.5231,14.7681,14.7681,0.0
2006-08-15,8,May-Sep,8,7.7,<8,30.8,23.1,3.0919,4.057,2,-0.0723,0.5846,2,6.1966,6.2097,3,2.3,8.7714,14.7714,6.0
2006-08-16,8,May-Sep,8,11.1,10-<12,30.4,19.3,-0.3809,0.7054,2,-0.9463,1.0793,2,0.3417,0.3453,3,-0.3945,14.7747,14.7747,0.0
2006-08-17,8,May-Sep,8,16.3,15-<18,28.8,12.5,4.6203,9.6453,2,-1.763,6.1808,2,13.9262,14.0026,3,-0.2935,2.7783,14.7783,-12.0
2006-08-18,8,May-Sep,8,9.7,8-<10,23.7,14.0,-0.1801,0.7995,2,-1.2338,1.2339,2,0.316,0.3621,3,-0.1878,14.7822,14.7822,0.0
2006-08-19,8,May-Sep,8,13.3,12-<15,28.7,15.4,-0.2963,0.8573,2,-0.8221,1.1641,2,0.3932,0.4064,3,-0.4977,14.7861,14.7861,0.0
2006-08-20,8,May-Sep,8,13.7,12-<15,30.4,16.7,-0.0029,0.8123,2,-0.742,1.0567,2,0.8124,0.8126,3,-0.2249,14.7903,14.7903,0.0
2006-08-21,8,May-Sep,8,11.4,10-<12,30.1,18.7,-0.2081,0.7908,2,-1.1231,1.3901,2,0.3974,0.4111,3,-0.1954,14.7944,14.7944,0.0
2006-08-22,8,May-Sep,8,12.5,12-<15,31.6,19.1,-0.3026,0.8033,2,-1.3349,1.4071,2,0.5234,0.5244,3,-0.1964,14.7986,14.7986,0.0
2006-08-23,8,May-Sep,8,10.9,10-<12,31.3,20.4,0.2314,1.0731,2,-0.7042,0.7332,2,1.2672,1.4353,3,0.6936,11.8031,14.8031,3.0
2006-08-24,8,May-Sep,8,13.6,12-<15,33.9,20.3,-0.2302,0.6463,2,-0.6095,0.8139,2,0.2908,0.3524,3,-0.0691,14.8078,14.8078,0.0
2006-08-25,8,May-Sep,8,11.1,10-<12,33.0,21.9,0.7072,1.4966,2,-1.1776,1.1925,2,1.5928,1.6207,3,1.3083,14.8125,14.8125,0.0
2006-08-26,8,May-Sep,8,12.0,12-<15,29.7,17.7,2.1236,2.9262,2,0.513,0.7089,2,4.6788,4.6796,3,1.1844,14.8175,14.8175,0.0
2006-08-27,8,May-Sep,8,13.5,12-<15,29.2,15.7,-0.2507,0.8928,2,-0.5655,0.7612,2,0.7248,0.761,3,-0.6093,14.8225,14.8225,0.0
2006-08-28,8,May-Sep,8,12.0,12-<15,28.8,16.8,-0.4639,1.6749,2,-1.0573,1.5184,2,1.2151,1.2282,3,-1.5564,14.8275,14.8275,0.0
2006-08-29,8,May-Sep,8,11.5,10-<12,28.1,16.6,-0.4052,2.4622,2,-0.2771,3.5027,2,0.741,0.818,3,-1.9299,14.8328,14.8328,0.0
2006-08-30,8,May-Sep,8,8.9,8-<10,26.8,17.9,0.5151,1.3529,2,-0.8551,0.8938,2,2.0073,2.0446,3,0.8249,11.8381,14.8381,3.0
2006-08-31,8,May-Sep,8,8.8,8-<10,23.9,15.1,3.2609,5.1367,2,-1.3346,1.3439,2,7.2585,7.2676,3,4.0617,11.8433,14.8433,3.0
2006-09-01,9,May-Sep,8,7.9,<8,16.3,8.4,-0.088,0.9126,2,-0.3872,0.6215,2,0.6141,0.6761,3,-0.8524,14.8489,14.8489,0.0
2006-09-02,9,May-Sep,8,7.7,<8,18.2,10.5,-0.0659,0.5366,2,-0.5373,0.6487,2,0.5727,0.5777,3,-0.2757,14.8544,14.8544,0.0
2006-09-03,9,May-Sep,8,10.7,10-<12,21.2,10.5,-0.78,1.4577,2,-0.7987,0.9122,2,0.4103,0.4627,3,-1.8644,14.8603,14.8603,0.0
2006-09-04,9,May-Sep,8,12.2,12-<15,25.1,12.9,-0.1853,0.7235,2,-0.737,1.1658,2,0.5487,0.6039,3,-0.3943,14.8658,14.8658,0.0
2006-09-05,9,May-Sep,8,12.8,12-<15,26.0,13.2,-0.2971,0.8049,2,-0.8198,1.0773,2,0.5481,0.5678,3,-0.6023,14.8717,14.8717,0.0
2006-09-06,9,May-Sep,8,12.8,12-<15,28.4,15.6,-0.1041,1.1214,2,-1.131,1.6599,2,0.9391,1.0382,3,-0.0727,14.8778,14.8778,0.0
2006-09-07,9,May-Sep,8,11.5,10-<12,27.8,16.3,0.3014,1.3204,2,-1.2676,1.7712,2,1.2737,1.3981,3,0.8392,14.8836,14.8836,0.0
2006-09-08,9,May-Sep,8,10.6,10-<12,26.7,16.1,-1.1458,2.2641,2,-3.1174,3.2809,2,0.9808,1.1952,3,-1.3735,14.8897,14.8897,0.0
2006-09-09,9,May-Sep,8,6.0,<8,26.3,20.3,0.3854,1.2139,2,-0.0918,1.0195,2,1.7104,1.8931,3,0.0505,11.8956,14.8956,3.0
2006-09-10,9,May-Sep,8,11.6,10-<12,28.6,17.0,-0.0565,1.5494,2,-1.6282,2.091,2,1.0415,1.1748,3,0.2901,14.9017,14.9017,0.0
2006-09-11,9,May-Sep,8,11.1,10-<12,25.4,14.3,-0.2321,1.2206,2,0.0571,0.1353,2,1.2703,1.3236,3,-1.3142,14.9078,14.9078,0.0
2006-09-12,9,May-Sep,8,11.2,10-<12,26.9,15.7,-0.2771,0.7238,2,-0.7324,1.0979,2,0.5042,0.5152,3,-0.5903,14.9142,14.9142,0.0
2006-09-13,9,May-Sep,8,14.9,12-<15,31.1,16.2,-1.2816,2.9243,2,-1.1808,1.6366,2,0.4134,0.4292,3,-3.1665,14.9203,14.9203,0.0
2006-09-14,9,May-Sep,8,10.1,10-<12,28.3,18.2,0.3001,3.3015,2,-1.7293,1.7324,2,3.3217,3.3374,3,-0.5242,2.9264,14.9264,-12.0
2006-09-15,9,May-Sep,8,7.7,<8,23.0,15.3,2.9158,3.878,2,0.3712,1.0997,2,5.8506,5.8868,3,2.9968,11.9325,14.9325,3.0
2006-09-16,9,May-Sep,8,10.4,10-<12,21.3,10.9,0.4716,1.3095,2,-0.5378,0.7518,2,0.7822,0.8032,3,0.6179,14.9389,14.9389,0.0
2006-09-17,9,May-Sep,8,12.5,12-<15,22.7,10.2,0.1334,0.8401,2,0.1764,0.1824,2,0.707,0.713,3,-0.7226,14.945,14.945,0.0
2006-09-18,9,May-Sep,8,13.8,12-<15,27.9,14.1,1.9804,3.6665,2,-2.2747,2.9855,2,5.4925,5.5245,3,2.1223,8.9511,14.9511,6.0
2006-09-19,9,May-Sep,8,10.5,10-<12,20.6,10.1,1.5393,5.0578,2,-3.4989,3.5682,2,6.9487,7.1905,3,2.238,11.9572,14.9572,3.0
2006-09-20,9,May-Sep,8,2.4,<8,10.1,7.7,0.134,0.4694,2,0.2278,0.4439,2,0.2034,0.2828,3,-0.1261,14.9633,14.9633,0.0
2006-09-21,9,May-Sep,8,12.2,12-<15,17.8,5.6,-0.4031,1.6113,2,-0.6337,0.7926,2,0.4905,0.5333,3,-1.6462,14.9694,14.9694,0.0
2006-09-22,9,May-Sep,8,5.7,<8,16.2,10.5,0.1831,0.8191,2,-0.827,1.1113,2,0.6224,0.6228,3,0.5858,14.9756,14.9756,0.0
2006-09-23,9,May-Sep,8,11.4,10-<12,20.3,8.9,0.1323,0.887,2,-0.7659,1.1823,2,1.0264,1.1536,3,0.0697,14.9817,14.9817,0.0
2006-09-24,9,May-Sep,8,15.3,15-<18,23.9,8.6,0.5459,1.3492,2,-0.368,0.5354,2,2.1193,2.4964,3,0.2726,14.9875,14.9875,0.0
2006-09-25,9,May-Sep,8,13.3,12-<15,23.2,9.9,-0.5621,1.3349,2,-0.7223,1.0824,2,1.0726,1.1067,3,-1.2618,14.9933,14.9933,0.0
2006-09-26,9,May-Sep,7,9.2,8-<10,21.7,12.5,0.335,0.8137,2,-0.4269,0.6781,2,0.7715,1.0228,2,0.6296,14.9992,14.9992,0.0
2006-09-27,9,May-Sep,8,14.7,12-<15,24.7,10.0,-0.1129,0.8541,2,-0.3332,0.6498,2,0.554,0.5567,3,-0.6587,15.005,15.005,0.0
2006-09-28,9,May-Sep,8,9.2,8-<10,27.2,18.0,0.8894,2.6729,2,-1.3476,1.6512,2,3.2442,3.4081,3,1.378,12.0106,15.0106,3.0
2006-09-29,9,May-Sep,8,14.3,12-<15,27.9,13.6,-0.0006,4.874,2,-7.4425,7.5436,2,5.6492,5.667,3,1.7316,12.0161,15.0161,3.0
2006-09-30,9,May-Sep,8,5.9,<8,19.6,13.7,0.2061,0.7776,2,-0.0897,0.1552,2,0.9843,0.9879,3,-0.5002,15.0217,15.0217,0.0
2006-10-01,10,Other,8,9.8,8-<10,21.9,12.1,-0.0088,0.9393,2,-1.0672,1.5313,2,0.7966,1.0583,3,0.0675,15.0272,15.0272,0.0
2006-10-02,10,Other,8,10.5,10-<12,22.8,12.3,0.4909,0.9836,2,-0.4987,0.7427,2,0.9143,1.2244,3,1.0524,15.0325,15.0325,0.0
2006-10-03,10,Other,8,13.4,12-<15,24.6,11.2,0.1061,0.7102,2,-0.4262,0.6976,2,1.0105,1.1808,3,-0.0791,15.0375,15.0375,0.0
2006-10-04,10,Other,8,12.9,12-<15,26.2,13.3,1.6851,4.4305,2,-4.0343,4.6705,2,6.5437,6.5596,3,1.8209,9.0425,15.0425,6.0
2006-10-05,10,Other,8,12.8,12-<15,17.5,4.7,1.5661,5.6331,2,0.7814,3.6449,2,7.0875,7.0943,3,-3.2064,0.0475,15.0475,-9.0
2006-10-06,10,Other,8,6.4,<8,9.4,3.0,-0.4841,1.4085,2,0.1576,0.2503,2,0.8857,1.1376,3,-2.0701,21.0522,15.0522,-6.0
2006-10-07,10,Other,8,13.7,12-<15,19.7,6.0,0.4212,1.6673,2,-1.0395,1.6597,2,2.2113,2.2495,3,0.9312,12.0569,15.0569,3.0
2006-10-08,10,Other,8,11.0,10-<12,20.0,9.0,0.093,1.6839,2,-1.0888,1.1525,2,2.5819,2.6468,3,-0.3512,12.0614,15.0614,3.0
2006-10-09,10,Other,8,10.8,10-<12,20.2,9.4,0.1539,0.981,2,-0.6387,0.8946,2,1.0405,1.3382,3,0.529,15.0658,15.0658,0.0
2006-10-10,10,Other,8,11.4,10-<12,20.5,9.1,0.0649,0.9326,2,-0.6479,1.1549,2,1.1132,1.4406,3,-0.1119,15.07,15.07,0.0
2006-10-11,10,Other,8,12.2,12-<15,23.0,10.8,0.2311,0.6761,2,-0.3238,0.6455,2,0.8628,1.031,3,0.3336,15.0742,15.0742,0.0
2006-10-12,10,Other,8,9.2,8-<10,21.5,12.3,0.3466,1.2432,2,-0.5094,0.5136,2,1.3818,1.7556,3,0.0387,15.0781,15.0781,0.0
2006-10-13,10,Other,8,11.1,10-<12,21.2,10.1,0.1013,1.0921,2,-0.4966,0.9499,2,1.4599,1.6465,3,0.1095,12.0817,15.0817,3.0
2006-10-14,10,Other,8,12.8,12-<15,18.5,5.7,0.3103,5.6926,2,-4.7233,4.7486,2,7.8568,8.0973,3,-0.9058,12.0853,15.0853,3.0
2006-10-15,10,Other,8,8.3,8-<10,11.5,3.2,-0.0033,0.7919,2,-0.9006,1.0029,2,0.956,1.1066,3,0.0015,15.0886,15.0886,0.0
2006-10-16,10,Other,8,10.8,10-<12,14.4,3.6,0.0393,1.3126,2,-1.195,1.3004,2,1.8113,1.8579,3,0.2655,12.0917,15.0917,3.0
2006-10-17,10,Other,8,10.0,10-<12,14.6,4.6,-0.3889,1.0854,2,-1.0436,1.4057,2,1.0936,1.1659,3,-0.7126,12.0947,15.0947,3.0
2006-10-18,10,Other,8,10.6,10-<12,18.5,7.9,0.7446,1.3563,2,-0.4603,0.7408,2,2.0147,2.2568,3,0.9478,15.0975,15.0975,0.0
2006-10-19,10,Other,8,7.3,<8,15.8,8.5,0.637,2.4429,2,-0.763,0.8553,2,3.7927,3.8248,3,0.039,12.1003,15.1003,3.0
2006-10-20,10,Other,8,6.4,<8,13.7,7.3,0.4917,0.7384,2,-0.1195,0.1679,2,0.893,1.0728,3,0.4341,15.1025,15.1025,0.0
2006-10-21,10,Other,8,5.6,<8,10.7,5.1,0.6437,1.2297,2,0.5929,0.8557,2,1.5331,1.5345,3,-0.411,15.1047,15.1047,0.0
2006-10-22,10,Other,8,8.8,8-<10,13.7,4.9,-0.2872,0.7077,2,-0.411,0.5673,2,0.2449,0.2858,3,-0.3255,15.1067,15.1067,0.0
2006-10-23,10,Other,8,7.5,<8,13.5,6.0,0.1595,0.9532,2,-0.8782,1.2719,2,0.9949,1.2148,3,0.3964,15.1086,15.1086,0.0
2006-10-24,10,Other,8,7.2,<8,12.3,5.1,-0.0706,0.7722,2,-0.8369,1.0137,2,0.8757,0.876,3,-0.0822,15.1103,15.1103,0.0
2006-10-25,10,Other,8,8.1,8-<10,14.3,6.2,-0.2504,1.2589,2,-1.4613,2.1885,2,0.9106,1.0452,3,-0.0077,15.1117,15.1117,0.0
2006-10-26,10,Other,8,4.1,<8,12.0,7.9,0.2138,0.6112,2,-0.4299,0.4889,2,0.7463,0.7482,3,0.3936,12.1128,15.1128,3.0
2006-10-27,10,Other,8,9.5,8-<10,15.4,5.9,0.2412,1.1629,2,-0.8797,1.4892,2,1.1768,1.3119,3,0.7027,15.1136,15.1136,0.0
2006-10-28,10,Other,8,10.5,10-<12,14.8,4.3,-0.1211,1.0232,2,-0.8481,1.2428,2,1.2466,1.2947,3,-0.2281,15.1144,15.1144,0.0
2006-10-29,10,Other,8,11.9,10-<12,16.9,5.0,0.285,1.1045,2,-0.712,1.2483,2,1.1654,1.2226,3,0.8486,15.115,15.115,0.0
2006-10-30,10,Other,8,8.5,8-<10,14.7,6.2,0.2427,1.8811,2,-2.0739,2.25,2,2.7848,2.7911,3,0.575,12.115,15.115,3.0
2006-10-31,10,Other,8,8.9,8-<10,14.8,5.9,-0.056,1.5145,2,-1.6819,2.4624,2,1.2795,1.4059,3,0.4508,15.1153,15.1153,0.0
2006-11-01,11,Other,8,12.1,12-<15,17.2,5.1,0.1402,1.1601,2,-0.798,0.9599,2,1.1203,1.3909,3,0.7113,15.115,15.115,0.0
2006-11-02,11,Other,8,11.1,10-<12,17.5,6.4,0.1294,0.9878,2,-0.9588,1.1657,2,1.391,1.395,3,0.3127,12.1147,15.1147,3.0
2006-11-03,11,Other,8,7.9,<8,15.4,7.5,-0.0006,1.4075,2,-1.4179,2.0706,2,0.9435,1.2674,3,0.6228,15.1139,15.1139,0.0
2006-11-04,11,Other,8,10.0,10-<12,14.8,4.8,0.0807,1.4841,2,-0.7989,0.8171,2,2.3214,2.404,3,-0.3434,12.1131,15.1131,3.0
2006-11-05,11,Other,8,8.3,8-<10,14.1,5.8,0.6323,1.4006,2,-0.8942,1.423,2,1.4352,1.8316,3,1.0352,15.1119,15.1119,0.0
2006-11-06,11,Other,8,6.9,<8,14.5,7.6,0.6713,1.6688,2,-0.9937,1.0557,2,2.8619,2.885,3,0.5936,12.1108,15.1108,3.0
2006-11-07,11,Other,8,5.7,<8,11.9,6.2,0.502,1.2135,2,0.0877,0.1112,2,1.9642,2.2842,3,-0.2947,15.1092,15.1092,0.0
2006-11-08,11,Other,8,10.3,10-<12,16.3,6.0,0.1652,1.7435,2,-0.2866,0.3567,2,2.5667,2.7101,3,-0.4497,12.1075,15.1075,3.0
2006-11-09,11,Other,8,10.8,10-<12,16.1,5.3,1.7081,3.892,2,-2.1437,2.1943,2,5.9483,6.2921,3,2.2557,12.1056,15.1056,3.0
2006-11-10,11,Other,8,9.4,8-<10,11.7,2.3,0.2866,0.9811,2,0.5121,0.6741,2,0.5771,0.9229,3,0.2468,15.1033,15.1033,0.0
2006-11-11,11,Other,8,4.9,<8,10.0,5.1,1.7174,2.4817,2,0.3462,0.5671,2,3.9112,3.9897,3,0.5294,0.1008,15.1008,-9.0
2006-11-12,11,Other,8,2.9,<8,7.0,4.1,0.4832,1.0874,2,-0.2529,0.284,2,1.3212,1.556,3,0.6878,12.0981,15.0981,3.0
2006-11-13,11,Other,8,5.2,<8,5.4,0.2,0.1577,1.0429,2,-0.3878,0.558,2,1.2195,1.29,3,-0.3521,15.0953,15.0953,0.0
2006-11-14,11,Other,8,6.3,<8,7.0,0.7,0.3447,1.2477,2,-1.0208,1.2276,2,1.5241,1.7831,3,0.8496,12.0922,15.0922,3.0
2006-11-15,11,Other,8,5.1,<8,5.9,0.8,0.3944,1.1438,2,-0.3199,0.462,2,1.9304,2.0644,3,-0.1087,15.0889,15.0889,0.0
2006-11-16,11,Other,8,6.3,<8,7.1,0.8,0.8371,1.687,2,-0.646,0.89,2,2.5218,2.6234,3,1.2545,12.0853,15.0853,3.0
2006-11-17,11,Other,8,7.0,<8,6.9,-0.1,-0.0184,1.1903,2,-1.1316,1.2953,2,1.3787,1.584,3,0.1485,12.0817,15.0817,3.0
2006-11-18,11,Other,8,7.3,<8,6.6,-0.7,-0.0146,1.2699,2,-0.7131,0.8315,2,1.9883,1.9883,3,-0.3998,12.0778,15.0778,3.0
2006-11-19,11,Other,8,9.3,8-<10,10.1,0.8,0.9039,2.1673,2,-0.6161,0.6945,2,3.6238,3.6617,3,1.0187,12.0736,15.0736,3.0
2006-11-20,11,Other,8,8.1,8-<10,6.9,-1.2,0.4556,1.5372,2,-0.109,0.2861,2,2.6313,2.6321,3,0.0594,12.0694,15.0694,3.0
2006-11-21,11,Other,8,5.8,<8,5.6,-0.2,0.5355,1.4074,2,-0.2094,0.2196,2,2.5344,2.5453,3,0.2298,12.0647,15.0647,3.0
2006-11-22,11,Other,8,4.4,<8,1.4,-3.0,0.115,2.4325,2,-2.4107,2.4825,2,3.2691,3.2692,3,-0.587,0.06,15.06,-9.0
2006-11-23,11,Other,8,3.0,<8,-1.9,-4.9,0.096,1.1889,2,-1.2063,1.2537,2,1.4538,1.5558,3,0.0617,12.0553,15.0553,3.0
2006-11-24,11,Other,8,3.1,<8,-4.6,-7.7,-0.3991,1.2014,2,-0.4526,0.6697,2,1.0406,1.0724,3,-1.5427,3.05,15.05,-12.0
2006-11-25,11,Other,8,1.9,<8,-5.2,-7.1,0.1846,0.7835,2,-0.2714,0.3061,2,1.0491,1.1057,3,-0.0737,12.0447,15.0447,3.0
2006-11-26,11,Other,8,9.6,8-<10,-1.7,-11.3,2.0993,3.3068,2,0.1839,0.2436,2,5.6325,5.7452,3,1.7635,12.0394,15.0394,3.0
2006-11-27,11,Other,8,3.7,<8,-9.2,-12.9,0.0089,0.7578,2,-0.7664,0.7789,2,1.1617,1.2099,3,-0.3385,12.0339,15.0339,3.0
2006-11-28,11,Other,8,2.0,<8,-9.8,-11.8,0.3004,0.7343,2,-0.2735,0.359,2,0.8862,1.0108,3,0.3567,15.0281,15.0281,0.0
2006-11-29,11,Other,8,6.5,<8,-8.9,-15.4,-0.2958,0.7642,2,-0.4884,0.6961,2,0.1931,0.5423,3,-0.8211,15.0222,15.0222,0.0
2006-11-30,11,Other,8,4.9,<8,-8.4,-13.3,0.4273,1.2731,2,-0.8357,0.9899,2,2.0046,2.0073,3,0.5684,12.0161,15.0161,3.0
2006-12-01,12,Other,8,4.1,<8,-9.5,-13.6,-0.299,0.9041,2,-0.5608,0.5786,2,-0.0895,0.9935,3,-0.3864,18.0097,15.0097,-3.0
2006-12-02,12,Other,9,8.1,8-<10,-2.3,-10.4,0.4816,1.7851,2,-0.7946,1.1906,2,3.0353,3.1481,4,0.3769,12.0033,15.0033,3.0
2006-12-03,12,Other,8,5.3,<8,-4.2,-9.5,0.8572,1.8497,2,-0.7804,0.9483,2,3.3542,3.3719,3,0.2547,11.9969,14.9969,3.0
2006-12-04,12,Other,8,2.6,<8,-7.9,-10.5,1.0807,1.4642,2,-0.0487,0.1329,2,2.0591,2.0639,3,1.0979,2.9903,14.9903,-12.0
2006-12-05,12,Other,8,5.0,<8,-8.1,-13.1,-0.2777,1.0994,2,-1.0213,1.0739,2,1.2454,1.2693,3,-0.8248,14.9836,14.9836,0.0
2006-12-06,12,Other,7,6.4,<8,-4.5,-10.9,-1.7577,2.2948,2,-2.576,2.6436,1,1.1999,1.1999,3,-2.2608,11.9767,14.9767,3.0
2006-12-07,12,Other,7,8.2,8-<10,-2.1,-10.3,0.7354,2.7544,2,-1.756,1.8451,1,5.8602,5.8602,3,1.1843,11.9697,17.9697,6.0
2006-12-08,12,Other,8,3.5,<8,-9.0,-12.5,0.0289,1.4208,2,-1.4021,1.4385,2,1.7942,1.9622,3,0.0909,11.9625,14.9625,3.0
2006-12-09,12,Other,8,6.2,<8,-8.1,-14.3,1.534,2.6417,2,-0.9703,0.9739,2,3.494,3.8453,3,2.0248,11.9556,14.9556,3.0
2006-12-10,12,Other,8,15.1,15-<18,-1.8,-16.9,1.4315,3.7381,2,-1.4764,1.8685,2,6.7413,6.7733,3,1.2557,11.9481,14.9481,3.0
2006-12-11,12,Other,8,9.0,8-<10,-5.2,-14.2,-1.1601,2.0577,2,-3.4529,3.6944,2,0.935,0.9493,3,-1.0395,14.9408,14.9408,0.0
2006-12-12,12,Other,8,11.7,10-<12,-3.0,-14.7,2.1907,5.2812,2,-3.7903,3.894,2,8.1891,8.2038,3,2.8341,11.9333,14.9333,3.0
2006-12-13,12,Other,8,15.7,15-<18,-4.6,-20.3,-0.5113,4.731,2,-4.952,6.7345,2,5.1276,5.8279,3,-1.3188,11.9258,14.9258,3.0
2006-12-14,12,Other,8,8.6,8-<10,-4.3,-12.9,-0.8906,2.3689,2,-2.4644,3.0586,2,2.295,2.3495,3,-2.0081,11.9183,14.9183,3.0
2006-12-15,12,Other,8,9.9,8-<10,-5.6,-15.5,0.5176,6.0195,2,-7.346,7.4376,2,7.7814,7.7985,3,0.3348,8.9106,14.9106,6.0
2006-12-16,12,Other,8,10.7,10-<12,-5.9,-16.6,-3.6901,4.3994,2,-5.1099,5.1417,2,-0.7674,1.3945,3,-5.5313,14.9031,14.9031,0.0
2006-12-17,12,Other,8,7.3,<8,-0.5,-7.8,0.0685,2.2932,2,-1.3217,1.6612,2,3.4199,3.9015,3,-0.8365,11.8953,14.8953,3.0
2006-12-18,12,Other,8,14.1,12-<15,2.5,-11.6,-1.0936,2.7249,2,-2.338,2.7333,2,1.5588,1.9455,3,-2.4102,14.8875,14.8875,0.0
2006-12-19,12,Other,8,10.9,10-<12,-1.7,-12.6,0.0022,4.9344,2,-5.0836,5.1883,2,7.2696,7.2717,3,-0.8261,11.8797,14.8797,3.0
2006-12-20,12,Other,8,11.3,10-<12,-0.5,-11.8,0.3351,2.9687,2,-3.1718,3.4567,2,4.0236,4.1531,3,0.9275,11.8719,14.8719,3.0
2006-12-21,12,Other,8,8.1,8-<10,-2.0,-10.1,0.6952,2.6464,2,-2.8572,2.9395,2,3.2309,3.2418,3,1.7743,11.8639,14.8639,3.0
2006-12-22,12,Other,7,11.9,10-<12,-1.8,-13.7,-0.3386,3.363,2,-2.5095,2.7196,2,3.958,3.9721,3,-1.7557,23.8483,14.8561,-8.9922
2006-12-23,12,Other,8,14.0,12-<15,0.5,-13.5,-1.6832,3.8444,2,-3.2572,4.0993,2,3.4009,3.4256,3,-4.042,11.8483,14.8483,3.0
2006-12-24,12,Other,8,5.2,<8,-3.9,-9.1,0.597,2.79,2,-2.6278,2.6974,2,4.2027,4.2444,3,0.7427,11.8406,14.8406,3.0
2006-12-25,12,Other,8,5.1,<8,-5.1,-10.2,-0.2962,1.1373,2,-1.2364,1.6632,2,0.9675,1.058,3,-0.2842,11.8328,14.8328,3.0
2006-12-26,12,Other,8,9.4,8-<10,-2.4,-11.8,-1.1363,2.1775,2,-1.8695,1.8781,2,-0.4613,1.524,3,-2.2971,17.825,14.825,-3.0
2006-12-27,12,Other,8,5.6,<8,-2.8,-8.4,1.5186,3.1489,2,-1.3167,1.4559,2,4.7109,4.7756,3,0.499,2.8172,14.8172,-12.0
2006-12-28,12,Other,8,2.5,<8,-7.1,-9.6,0.1742,1.0735,2,-0.7746,0.9732,2,1.0936,1.0936,3,0.2964,11.8094,14.8094,3.0
2006-12-29,12,Other,8,3.4,<8,-8.7,-12.1,0.8861,1.3839,2,-0.0807,0.1849,2,1.8851,2.0147,3,0.9936,11.8019,14.8019,3.0
2006-12-30,12,Other,8,7.9,<8,-7.1,-15.0,0.4706,2.563,2,-1.2093,1.733,2,4.29,4.2947,3,-1.2216,23.7867,14.7942,-8.9925
2006-12-31,12,Other,7,12.7,12-<15,-0.7,-13.4,-0.7447,3.4599,2,-4.6249,4.6971,2,4.0633,4.0963,2,-1.1652,11.7867,14.7867,3.0
2007-01-01,1,Other,8,7.0,<8,-5.0,-12.0,1.1479,3.5355,2,-3.1067,3.1451,2,5.2068,5.2081,3,0.8535,8.7792,14.7792,6.0
2007-01-02,1,Other,8,7.0,<8,-5.7,-12.7,-2.0385,2.8237,2,-4.5072,4.662,2,0.6106,0.7183,3,-2.3775,11.7719,14.7719,3.0
2007-01-03,1,Other,8,3.2,<8,-6.7,-9.9,0.6272,1.4861,2,-0.2435,0.3033,2,1.3181,1.7319,3,0.4409,14.7644,14.7644,0.0
2007-01-04,1,Other,8,6.8,<8,-5.3,-12.1,1.478,3.2163,2,-2.5671,2.7013,2,4.0922,4.2386,3,2.8017,11.7572,14.7572,3.0
2007-01-05,1,Other,8,5.6,<8,-9.8,-15.4,0.95,1.756,2,-0.0754,0.2297,2,2.888,2.9306,3,1.1169,11.75,14.75,3.0
2007-01-06,1,Other,8,10.2,10-<12,-6.4,-16.6,2.5968,3.8971,2,-0.7479,0.9042,2,5.75,5.7564,3,3.809,11.7431,14.7431,3.0
2007-01-07,1,Other,8,9.3,8-<10,-11.8,-21.1,-0.4012,2.0723,2,-2.5899,3.5315,2,1.1615,1.3462,3,0.2463,14.7361,14.7361,0.0
2007-01-08,1,Other,8,9.6,8-<10,-8.7,-18.3,-0.0814,3.4487,2,-4.0222,4.8164,2,3.6322,3.8422,3,0.2377,11.7292,14.7292,3.0
2007-01-09,1,Other,8,9.5,8-<10,-7.4,-16.9,-1.7966,2.7399,2,-4.0737,4.3393,2,-0.7505,1.614,3,-1.5559,17.7225,14.7225,-3.0
2007-01-10,1,Other,8,7.1,<8,-5.0,-12.1,0.7317,2.7523,2,-2.8906,3.3947,2,3.0818,3.2404,3,1.2025,8.7161,14.7161,6.0
2007-01-11,1,Other,8,9.4,8-<10,-6.0,-15.4,0.3918,3.7026,2,-3.2697,3.4448,2,5.6227,6.1755,3,0.1194,11.7094,14.7094,3.0
2007-01-12,1,Other,8,7.5,<8,-7.2,-14.7,-0.0398,1.9223,2,-1.0124,1.4388,2,2.895,2.912,3,-0.8086,11.7033,14.7033,3.0
2007-01-13,1,Other,8,6.8,<8,-6.0,-12.8,0.4223,2.6661,2,-1.9943,2.1362,2,4.4792,4.5496,3,0.152,11.6969,14.6969,3.0
2007-01-14,1,Other,8,9.5,8-<10,-5.3,-14.8,2.2966,4.6642,2,-3.0463,3.1177,2,6.7791,6.8061,3,3.1889,11.6911,14.6911,3.0
2007-01-15,1,Other,7,6.1,<8,-12.4,-18.5,-0.5817,2.1101,2,-0.3219,0.4054,2,1.5664,1.7091,2,-3.0128,23.6794,14.6853,-8.9941
2007-01-16,1,Other,8,6.6,<8,-9.6,-16.2,-0.0555,1.4691,2,-0.9396,0.9396,2,1.9646,2.1153,3,-0.5366,11.6794,14.6794,3.0
2007-01-17,1,Other,8,9.9,8-<10,-4.0,-13.9,0.1465,2.5148,2,-3.1507,3.1637,2,3.3535,3.3555,3,0.7802,11.6739,14.6739,3.0
2007-01-18,1,Other,8,10.6,10-<12,-7.9,-18.5,0.3066,3.2148,2,-3.1517,4.8024,2,4.1328,4.1975,3,0.1237,8.6686,14.6686,6.0
2007-01-19,1,Other,8,16.2,15-<18,0.1,-16.1,-1.7571,2.9565,2,-3.0194,3.6167,2,1.1771,1.1992,3,-2.6393,14.6633,14.6633,0.0
2007-01-20,1,Other,8,6.5,<8,-1.4,-7.9,1.1019,3.0388,2,-1.6697,1.6839,2,4.993,5.0166,3,1.2712,11.6583,14.6583,3.0
2007-01-21,1,Other,8,8.2,8-<10,-3.6,-11.8,0.9116,2.1582,2,-1.1113,1.4616,2,3.8637,3.897,3,0.2791,11.6533,14.6533,3.0
2007-01-22,1,Other,8,11.9,10-<12,0.5,-11.4,2.5619,4.5114,2,-0.6268,0.9104,2,6.622,7.1753,3,3.4174,11.6486,14.6486,3.0
2007-01-23,1,Other,8,4.5,<8,-10.7,-15.2,0.0735,0.6473,2,-0.221,0.4059,2,0.6198,0.8192,3,0.0432,14.6442,14.6442,0.0
2007-01-24,1,Other,8,7.7,<8,-6.6,-14.3,-0.9558,2.4769,2,-3.6128,3.7278,2,1.5336,1.5399,3,-0.9011,11.64,14.64,3.0
2007-01-25,1,Other,8,10.2,10-<12,-2.1,-12.3,-4.1015,5.3694,2,-7.9411,7.943,2,1.1256,1.8254,3,-5.3872,11.6358,14.6358,3.0
2007-01-26,1,Other,6,10.4,10-<12,-0.2,-10.6,3.1478,5.9544,1,-3.4561,3.4561,2,8.3118,8.3119,3,1.9064,2.6319,14.6319,-12.0
2007-01-27,1,Other,8,7.9,<8,-6.7,-14.6,-0.0277,2.3488,2,-2.4175,3.3565,2,3.0289,3.0501,3,-0.8067,8.6283,14.6283,6.0
2007-01-28,1,Other,8,12.1,12-<15,-0.8,-12.9,-1.0795,3.921,2,-5.8667,6.0076,2,4.1509,4.2268,3,-1.0182,11.6247,14.6247,3.0
2007-01-29,1,Other,8,11.1,10-<12,0.1,-11.0,0.2114,3.8471,2,-5.3689,5.4196,2,5.1121,5.3151,3,0.6833,11.6214,14.6214,3.0
2007-01-30,1,Other,8,14.4,12-<15,3.2,-11.2,-0.606,4.6175,2,-6.2641,6.3033,2,6.034,6.037,3,-0.2308,11.6183,14.6183,3.0
2007-01-31,1,Other,8,11.0,10-<12,-1.6,-12.6,0.4326,4.4923,2,-0.691,1.516,2,5.4879,5.5241,3,-3.4801,23.6128,14.6156,-8.9972
2007-02-01,2,Other,8,13.3,12-<15,3.3,-10.0,-0.7619,6.6978,2,-7.3503,7.5862,2,7.1151,7.1377,3,-2.9599,2.6128,14.6128,-12.0
2007-02-02,2,Other,8,10.4,10-<12,3.1,-7.3,0.9689,4.1816,2,-3.5008,3.5963,2,6.9636,6.9899,3,0.5066,11.6103,14.6103,3.0
2007-02-03,2,Other,8,7.8,<8,-0.9,-8.7,-0.3082,1.9584,2,-2.8872,2.9182,2,2.1784,2.1811,3,-0.2038,11.6081,14.6081,3.0
2007-02-04,2,Other,8,4.8,<8,-2.7,-7.5,0.8073,1.7238,2,-0.8145,0.8874,2,3.0786,3.0786,3,0.5665,11.6061,14.6061,3.0
2007-02-05,2,Other,8,7.1,<8,-0.5,-7.6,1.3154,2.4244,2,-0.5669,0.7666,2,3.7079,3.801,3,1.9859,11.6044,14.6044,3.0
2007-02-06,2,Other,8,10.2,10-<12,-0.7,-10.9,-0.1392,2.0085,2,0.0562,0.3462,2,2.5631,2.718,3,-1.6564,11.6028,14.6028,3.0
2007-02-07,2,Other,8,11.1,10-<12,2.5,-8.6,-0.902,2.3206,2,-2.1977,2.4293,2,2.3342,2.3355,3,-1.9225,11.6014,14.6014,3.0
2007-02-08,2,Other,8,6.2,<8,0.4,-5.8,1.7771,3.0,2,-1.1064,1.4289,2,4.7091,4.721,3,1.9152,11.6003,14.6003,3.0
2007-02-09,2,Other,8,6.1,<8,-1.5,-7.6,-0.7631,1.5449,2,-1.9036,2.3018,2,1.1233,1.2093,3,-1.1155,11.5992,14.5992,3.0
2007-02-10,2,Other,8,7.3,<8,2.1,-5.2,0.1087,1.7358,2,-1.0818,1.1628,2,3.0151,3.0347,3,-0.659,11.5986,14.5986,3.0
2007-02-11,2,Other,8,6.6,<8,0.6,-6.0,0.023,2.0349,2,-1.3329,1.6917,2,3.2856,3.2925,3,-0.6686,11.5981,14.5981,3.0
2007-02-12,2,Other,8,11.7,10-<12,2.9,-8.8,1.2894,5.634,2,-5.5328,5.7261,2,7.9695,8.1125,3,2.2474,11.5978,14.5978,3.0
2007-02-13,2,Other,8,8.3,8-<10,-1.4,-9.7,-1.1195,1.8528,2,-2.1906,2.5847,2,0.7396,0.8282,3,-1.4658,14.5978,14.5978,0.0
2007-02-14,2,Other,8,5.7,<8,-0.3,-6.0,-0.1452,0.9242,2,-1.0827,1.1404,2,1.2321,1.2821,3,-0.2399,11.5978,14.5978,3.0
2007-02-15,2,Other,8,6.1,<8,-2.5,-8.6,1.4918,3.2353,2,-1.8303,1.9614,2,5.2503,5.2675,3,0.6443,8.5981,14.5981,6.0
2007-02-16,2,Other,8,4.0,<8,-4.5,-8.5,0.2383,0.8322,2,-0.1854,0.3841,2,1.5425,1.5799,3,-0.1801,11.5986,14.5986,3.0
2007-02-17,2,Other,8,3.3,<8,-5.1,-8.4,0.9466,1.7015,2,-0.551,0.551,2,2.6575,2.6585,3,0.9447,11.5994,14.5994,3.0
2007-02-18,2,Other,8,7.4,<8,-2.6,-10.0,-0.3598,1.889,2,-0.0018,0.3244,2,1.4497,1.6453,3,-1.542,20.6003,14.6003,-6.0
2007-02-19,2,Other,7,14.5,12-<15,6.0,-8.5,3.7332,6.6683,2,-1.0547,3.5792,2,10.5865,10.6003,3,2.3564,5.6017,14.6017,9.0
2007-02-20,2,Other,8,6.9,<8,-2.1,-9.0,0.4478,3.26,2,-2.1761,2.3665,2,2.9539,3.0102,3,-0.1607,2.6031,14.6031,-12.0
2007-02-21,2,Other,8,8.7,8-<10,-2.5,-11.2,1.1454,2.8228,2,-1.2556,1.6838,2,3.5551,4.1738,3,1.8688,11.6044,14.6044,3.0
2007-02-22,2,Other,8,8.3,8-<10,-3.5,-11.8,-1.2194,2.6225,2,-1.5333,1.5354,2,1.4956,1.9335,3,-2.8518,23.6081,14.6061,-9.002
2007-02-23,2,Other,8,17.4,15-<18,9.2,-8.2,-0.2298,6.2372,2,-3.0357,3.0689,2,9.2363,9.2803,3,-5.14,23.6103,14.6081,-9.0022
2007-02-24,2,Other,7,17.6,15-<18,7.1,-10.5,-0.2846,6.1037,1,0.7397,0.7397,2,4.8827,4.8895,3,-4.7536,2.6103,14.6103,-12.0
2007-02-25,2,Other,8,5.6,<8,1.1,-4.5,0.9863,2.0424,2,-1.0611,1.2118,2,3.1875,3.3741,3,1.0128,11.6125,14.6125,3.0
2007-02-26,2,Other,8,3.3,<8,-3.3,-6.6,-0.2533,1.352,2,0.0633,0.1472,2,0.6299,1.2322,3,-1.6311,20.615,14.615,-6.0
2007-02-27,2,Other,8,3.9,<8,-2.7,-6.6,1.054,2.2231,2,-1.253,1.3473,2,2.8838,2.9109,3,1.1103,2.6178,14.6178,-12.0
2007-02-28,2,Other,6,3.4,<8,-6.6,-10.0,0.3615,1.6323,2,-0.8092,1.3338,1,2.2891,2.2891,2,-0.0355,2.6206,14.6206,-12.0
2007-03-01,3,Other,8,4.9,<8,-7.7,-12.6,1.0906,2.292,2,-0.7539,0.7549,2,2.2102,2.4366,3,2.0665,11.6236,14.6236,3.0
2007-03-02,3,Other,8,7.0,<8,-7.8,-14.8,0.4282,1.5118,2,-1.0615,1.2839,2,1.8485,2.3618,3,0.578,14.6267,14.6267,0.0
2007-03-03,3,Other,8,4.4,<8,-9.2,-13.6,0.1518,0.9843,2,-0.7003,0.9635,2,1.4567,1.503,3,0.2168,11.63,14.63,3.0
2007-03-04,3,Other,8,8.5,8-<10,-5.5,-14.0,0.27,1.4553,2,-0.7225,0.7581,2,2.4435,2.5087,3,-0.4575,14.6336,14.6336,0.0
2007-03-05,3,Other,7,8.9,8-<10,-2.7,-11.6,-0.3215,1.3596,2,-0.7473,0.8312,1,2.5644,2.5644,3,-0.9113,11.6372,17.6372,6.0
2007-03-06,3,Other,7,6.2,<8,-1.7,-7.9,1.0914,1.6549,1,-0.1832,0.1832,2,2.5309,2.6692,3,0.9674,11.6408,14.6408,3.0
2007-03-07,3,Other,7,8.6,8-<10,0.4,-8.2,0.9165,1.8689,2,-0.6016,0.8478,2,3.2561,3.348,2,0.5442,11.6447,14.6447,3.0
2007-03-08,3,Other,7,7.4,<8,0.0,-7.4,-0.1571,1.9945,2,-2.6094,2.8162,1,1.5807,1.5807,3,1.2428,11.6489,14.6489,3.0
2007-03-09,3,Other,8,7.6,<8,-1.2,-8.8,1.191,2.5221,2,-1.3631,1.8263,2,3.8918,3.9753,3,1.6973,11.6531,14.6531,3.0
2007-03-10,3,Other,8,5.8,<8,-4.9,-10.7,-0.7584,1.4305,2,-0.7697,1.1532,2,0.6756,0.6757,3,-1.759,20.6572,14.6572,-6.0
2007-03-11,3,Other,8,12.5,12-<15,3.8,-8.7,-0.9682,2.3344,2,-1.1752,1.2677,2,1.1887,1.2602,3,-2.2639,14.6617,14.6617,0.0
2007-03-12,3,Other,8,7.3,<8,2.8,-4.5,0.089,1.5084,2,-0.96,1.3785,2,1.9697,2.121,3,-0.3327,14.6661,14.6661,0.0
2007-03-13,3,Other,8,5.8,<8,2.8,-3.0,0.5411,1.3667,2,-0.5317,0.543,2,1.9802,2.0981,3,0.733,11.6706,14.6706,3.0
2007-03-14,3,Other,8,6.3,<8,2.7,-3.6,0.1963,1.192,2,-1.1888,1.6055,2,1.4457,1.6329,3,0.307,14.6753,14.6753,0.0
2007-03-15,3,Other,8,6.3,<8,2.4,-3.9,-0.4745,1.0437,2,-1.0253,1.0254,2,0.7973,1.0677,3,-1.0293,14.68,14.68,0.0
2007-03-16,3,Other,8,6.9,<8,4.3,-2.6,-0.308,1.037,2,-0.9127,1.3634,2,0.9557,1.0648,3,-0.7275,14.685,14.685,0.0
2007-03-17,3,Other,8,8.4,8-<10,7.4,-1.0,0.1284,0.8665,2,-0.2975,0.6129,2,1.4002,1.4924,3,-0.3694,14.69,14.69,0.0
2007-03-18,3,Other,5,6.5,<8,8.0,1.5,0.6391,0.7288,1,0.2176,0.2176,2,0.9374,0.9492,2,0.5516,14.695,14.695,0.0
2007-03-19,3,Other,6,13.3,12-<15,15.1,1.8,1.9757,4.6854,1,-5.4074,5.4074,2,6.7565,6.76,3,1.2496,8.7,14.7,6.0
2007-03-20,3,Other,8,10.5,10-<12,12.8,2.3,-0.6692,1.6377,2,-0.7807,0.7967,2,1.1575,1.2513,3,-2.0852,14.705,14.705,0.0
2007-03-21,3,Other,8,3.7,<8,9.7,6.0,0.9339,1.2137,2,0.1988,0.3624,2,1.4891,1.5181,3,0.7155,14.7103,14.7103,0.0
2007-03-22,3,Other,8,8.6,8-<10,13.0,4.4,0.2392,0.7806,2,-0.4742,0.683,2,0.9455,1.0113,3,0.4335,14.7156,14.7156,0.0
2007-03-23,3,Other,8,8.8,8-<10,12.9,4.1,0.5911,1.3651,2,-0.7706,1.1754,2,1.8832,1.9245,3,0.8525,14.7208,14.7208,0.0
2007-03-24,3,Other,8,9.7,8-<10,13.3,3.6,0.0571,0.5813,2,-0.6393,0.8582,2,0.6221,0.6368,3,0.102,14.7261,14.7261,0.0
2007-03-25,3,Other,8,13.5,12-<15,16.9,3.4,-0.0207,1.1157,2,-0.1724,0.5182,2,1.2093,1.3194,3,-0.5995,14.7314,14.7314,0.0
2007-03-26,3,Other,8,9.9,8-<10,16.5,6.6,1.3907,2.5198,2,-1.8134,1.9583,2,3.5621,3.6932,3,1.9489,14.7367,14.7367,0.0
2007-03-27,3,Other,8,11.8,10-<12,17.5,5.7,-0.2305,1.0166,2,-0.5876,0.6384,2,1.0824,1.1225,3,-0.4227,11.7419,14.7419,3.0
2007-03-28,3,Other,8,10.2,10-<12,16.4,6.2,0.7232,1.0792,2,0.9324,1.3044,2,0.3453,0.3479,3,0.4235,14.7472,14.7472,0.0
2007-03-29,3,Other,8,16.0,15-<18,14.7,-1.3,4.2281,8.7015,2,-3.3375,4.929,2,13.9974,14.0141,3,1.0069,2.7528,14.7528,-12.0
2007-03-30,3,Other,8,10.3,10-<12,8.4,-1.9,-0.1415,1.3591,2,-0.2088,0.4676,2,1.0422,1.4124,3,-1.3917,14.7581,14.7581,0.0
2007-03-31,3,Other,8,5.4,<8,5.9,0.5,1.0479,1.3877,2,0.7042,1.064,2,1.0799,1.184,3,1.4048,14.7633,14.7633,0.0
2007-04-01,4,Other,8,12.1,12-<15,9.9,-2.2,-0.7755,2.5994,2,-0.2651,0.3301,2,0.973,1.0138,3,-2.8004,14.7686,14.7686,0.0
2007-04-02,4,Other,8,5.1,<8,10.3,5.2,1.0071,1.6826,2,-0.2354,0.4051,2,2.7024,2.7039,3,0.9498,11.7739,14.7739,3.0
2007-04-03,4,Other,8,11.4,10-<12,14.0,2.6,-1.1301,2.1756,2,-0.861,1.088,2,0.125,0.1409,3,-2.4056,14.7792,14.7792,0.0
2007-04-04,4,Other,8,8.2,8-<10,14.6,6.4,-0.5802,1.1163,2,0.1112,0.9757,2,0.1941,0.2793,3,-1.5299,14.7842,14.7842,0.0
2007-04-05,4,Other,7,10.8,10-<12,17.5,6.7,0.238,0.7289,1,-0.0197,0.0197,2,0.8197,0.883,3,-0.1815,14.7894,14.7894,0.0
2007-04-06,4,Other,8,13.1,12-<15,19.3,6.2,-0.7269,1.2715,2,-0.5495,0.8592,2,0.5666,0.6802,3,-1.6514,14.7944,14.7944,0.0
2007-04-07,4,Other,8,12.1,12-<15,19.8,7.7,-0.437,1.0948,2,-0.9846,1.5309,2,0.6862,0.6927,3,-0.5325,14.7994,14.7994,0.0
2007-04-08,4,Other,8,14.3,12-<15,22.7,8.4,-0.5479,1.0973,2,-0.5528,0.8655,2,0.3908,0.4033,3,-1.5324,14.8044,14.8044,0.0
2007-04-09,4,Other,7,10.0,10-<12,20.5,10.5,-0.664,1.486,2,-1.337,1.7834,2,0.3309,0.3368,2,-1.7147,14.8094,14.8094,0.0
2007-04-10,4,Other,7,8.0,8-<10,19.2,11.2,0.8462,1.2353,2,1.3537,1.9792,2,0.9163,0.9165,3,0.4612,14.8142,14.8142,0.0
2007-04-11,4,Other,8,8.3,8-<10,19.3,11.0,1.1483,1.9688,2,-0.0688,1.9233,2,1.5978,1.6749,3,1.6402,14.8189,14.8189,0.0
2007-04-12,4,Other,8,11.7,10-<12,21.0,9.3,-0.3672,1.4355,2,-0.7702,1.0525,2,0.8236,0.8338,3,-1.3997,14.8236,14.8236,0.0
2007-04-13,4,Other,8,6.5,<8,20.5,14.0,0.5533,0.7937,2,0.5157,0.9002,2,0.5199,0.5343,3,0.5089,14.8281,14.8281,0.0
2007-04-14,4,Other,8,13.7,12-<15,25.8,12.1,-0.5532,1.7101,2,-0.8448,1.0978,2,1.246,1.2949,3,-1.8959,14.8325,14.8325,0.0
2007-04-15,4,Other,8,10.0,10-<12,22.4,12.4,1.4442,4.8967,2,-2.791,2.7928,2,8.0419,8.0497,3,0.4245,11.8369,14.8369,3.0
2007-04-16,4,Other,8,13.6,12-<15,24.8,11.2,0.8349,1.323,2,-0.3752,0.4183,2,1.1576,1.1656,3,0.7007,14.8411,14.8411,0.0
2007-04-17,4,Other,8,13.3,12-<15,25.7,12.4,-0.5079,1.3028,2,-1.2222,1.385,2,0.5798,0.696,3,-0.8187,14.8453,14.8453,0.0
2007-04-18,4,Other,8,11.0,10-<12,23.0,12.0,4.2549,5.4514,2,2.079,2.9395,2,6.8323,6.848,3,3.086,14.8494,14.8494,0.0
2007-04-19,4,Other,8,10.4,10-<12,19.9,9.5,0.0988,1.1204,2,-0.6913,0.6961,2,0.9734,0.9737,3,-0.1468,14.8533,14.8533,0.0
2007-04-20,4,Other,8,8.4,8-<10,17.7,9.3,0.8075,1.1375,2,0.367,1.0643,2,1.8051,1.8074,3,0.3418,14.8572,14.8572,0.0
2007-04-21,4,Other,8,11.4,10-<12,14.9,3.5,2.8063,6.2243,2,-1.9328,3.0668,2,9.6627,9.7685,3,-0.2488,2.8608,14.8608,-12.0
2007-04-22,4,Other,8,10.2,10-<12,14.9,4.7,-0.3499,0.7928,2,-0.8947,1.1155,2,0.1424,0.1495,3,-0.5428,14.8642,14.8642,0.0
2007-04-23,4,Other,7,8.9,8-<10,15.0,6.1,-0.1886,0.7249,2,-0.583,0.7308,2,0.5279,0.576,2,-0.7771,14.8678,14.8678,0.0
2007-04-24,4,Other,8,12.5,12-<15,19.1,6.6,-0.7421,1.2397,2,-1.2308,1.471,2,0.3491,0.3809,3,-1.3606,14.8708,14.8708,0.0
2007-04-25,4,Other,8,9.7,8-<10,19.0,9.3,-0.7995,1.1824,2,-0.7223,0.9888,2,0.0304,0.0447,3,-1.6184,14.8742,14.8742,0.0
2007-04-26,4,Other,8,8.6,8-<10,20.2,11.6,0.0789,0.7727,2,-0.9201,0.9209,2,0.2525,0.2565,3,0.6167,14.8769,14.8769,0.0
2007-04-27,4,Other,8,17.8,15-<18,26.8,9.0,-1.3471,2.6817,2,-1.2771,1.5376,2,0.4704,0.5017,3,-3.0751,14.8797,14.8797,0.0
2007-04-28,4,Other,8,8.4,8-<10,23.9,15.5,2.8607,5.7306,2,-2.7972,2.9604,2,5.4187,5.7489,3,5.1262,8.8825,14.8825,6.0
2007-04-29,4,Other,8,11.6,10-<12,20.1,8.5,0.3068,1.4132,2,0.9292,1.671,2,0.5187,0.5638,3,-0.7816,14.885,14.885,0.0
2007-04-30,4,Other,8,11.3,10-<12,22.6,11.3,-0.8017,1.3031,2,-1.0798,1.4146,2,0.1399,0.3843,3,-1.0974,11.8875,14.8875,3.0
2007-05-01,5,May-Sep,8,9.6,8-<10,21.4,11.8,1.861,4.4025,2,-0.8786,2.7418,2,5.3487,5.7645,3,-0.6887,17.8897,14.8897,-3.0
2007-05-02,5,May-Sep,8,14.9,12-<15,27.6,12.7,-0.3078,1.3322,2,-1.4811,1.6433,2,0.2201,0.6177,3,-0.6006,14.8917,14.8917,0.0
2007-05-03,5,May-Sep,8,11.3,10-<12,26.1,14.8,2.3488,3.2113,2,-0.3437,0.4182,2,5.0972,5.1323,3,1.9652,14.8936,14.8936,0.0
2007-05-04,5,May-Sep,8,9.4,8-<10,22.7,13.3,-0.8663,1.7212,2,-0.5476,0.5701,2,0.1675,0.2126,3,-1.9787,14.8953,14.8953,0.0
2007-05-05,5,May-Sep,8,7.8,<8,25.3,17.5,1.7059,3.3535,2,-1.6318,1.718,2,5.3683,5.3811,3,1.9248,11.8969,14.8969,3.0
2007-05-06,5,May-Sep,8,14.9,12-<15,29.1,14.2,0.052,1.3241,2,-0.6716,0.6942,2,0.4333,0.5076,3,-0.1055,14.8983,14.8983,0.0
2007-05-07,5,May-Sep,8,16.2,15-<18,27.1,10.9,4.8165,7.0146,2,3.0258,5.4268,2,9.8571,9.9348,3,1.0091,17.8994,14.8994,-3.0
2007-05-08,5,May-Sep,8,7.4,<8,16.5,9.1,1.3426,3.7363,2,-2.689,2.7722,2,4.0481,4.631,3,2.2834,8.9006,14.9006,6.0
2007-05-09,5,May-Sep,8,4.8,<8,9.4,4.6,1.3442,1.6902,2,0.4209,0.5667,2,2.558,2.5583,3,0.9198,14.9014,14.9014,0.0
2007-05-10,5,May-Sep,8,10.8,10-<12,14.2,3.4,-0.332,0.9395,2,-0.4724,0.8413,2,0.1954,0.2181,3,-0.9054,14.9022,14.9022,0.0
2007-05-11,5,May-Sep,8,12.6,12-<15,19.8,7.2,-0.4331,2.1419,2,0.3749,0.4668,2,-0.0607,1.0608,3,-2.1894,17.9028,14.9028,-3.0
2007-05-12,5,May-Sep,8,12.0,12-<15,25.2,13.2,-0.2409,1.2191,2,0.051,0.6253,2,0.2782,0.5899,3,-1.3498,14.9033,14.9033,0.0
2007-05-13,5,May-Sep,8,14.7,12-<15,24.0,9.3,3.0829,7.8067,2,-2.5521,5.1915,2,10.0692,10.2001,3,-0.9919,2.9036,14.9036,-12.0
2007-05-14,5,May-Sep,8,10.0,10-<12,19.4,9.4,-0.4058,0.9732,2,-1.2235,1.2238,2,-0.0968,0.6033,3,-0.3514,14.9036,14.9036,0.0
2007-05-15,5,May-Sep,8,14.8,12-<15,25.9,11.1,-0.4934,1.6335,2,-0.4529,0.5295,2,-0.0798,0.9811,3,-1.6629,17.9036,14.9036,-3.0
2007-05-16,5,May-Sep,8,10.8,10-<12,28.0,17.2,0.1189,0.8192,2,-0.0581,0.1178,2,0.3105,0.5785,3,-0.4349,14.9033,14.9033,0.0
2007-05-17,5,May-Sep,8,9.6,8-<10,26.9,17.3,0.1863,0.9882,2,-1.3131,1.3138,2,1.2338,1.256,3,0.3774,14.9031,14.9031,0.0
2007-05-18,5,May-Sep,8,12.4,12-<15,24.3,11.9,4.4186,7.0532,2,0.2329,2.8822,2,11.0716,11.0765,3,1.2642,2.9025,14.9025,-12.0
2007-05-19,5,May-Sep,8,5.7,<8,17.7,12.0,-0.0561,0.6138,2,0.1399,0.5319,2,0.1666,0.1797,3,-0.6014,14.9017,14.9017,0.0
2007-05-20,5,May-Sep,8,10.5,10-<12,22.5,12.0,-0.593,1.3123,2,-0.9002,0.9134,2,0.8383,0.8719,3,-1.4764,14.9008,14.9008,0.0
2007-05-21,5,May-Sep,8,4.5,<8,20.1,15.6,1.6827,2.9068,2,0.473,0.6013,2,1.2889,1.2936,3,2.7442,14.9,14.9,0.0
2007-05-22,5,May-Sep,8,12.2,12-<15,18.4,6.2,4.4357,5.9668,2,1.8241,3.1331,2,10.2449,10.2989,3,1.9516,11.8989,14.8989,3.0
2007-05-23,5,May-Sep,8,16.4,15-<18,22.1,5.7,-1.311,2.1512,2,-1.6011,1.6118,2,-0.244,0.4197,3,-2.2808,14.8975,14.8975,0.0
2007-05-24,5,May-Sep,8,12.6,12-<15,25.2,12.6,-0.4801,1.0762,2,-0.4184,0.7904,2,-0.1723,0.6922,3,-1.0356,14.8961,14.8961,0.0
2007-05-25,5,May-Sep,8,10.5,10-<12,26.2,15.7,0.6144,2.1058,2,-2.1065,2.2111,2,2.0505,2.4026,3,1.8003,14.8947,14.8947,0.0
2007-05-26,5,May-Sep,8,10.8,10-<12,25.8,15.0,-0.4116,0.6979,2,-0.8529,0.8671,2,-0.0141,0.2129,3,-0.6162,14.8931,14.8931,0.0
2007-05-27,5,May-Sep,8,12.8,12-<15,29.0,16.2,1.3074,2.7216,2,-1.0516,1.5891,2,1.9251,1.9293,3,2.9605,11.8911,14.8911,3.0
2007-05-28,5,May-Sep,8,18.2,18-<20,25.4,7.2,5.2328,10.0818,2,-3.2452,4.607,2,15.7735,15.7821,3,1.1917,8.8892,14.8892,6.0
2007-05-29,5,May-Sep,8,8.2,8-<10,16.4,8.2,-0.2972,0.9998,2,-0.2267,0.5222,2,0.2393,0.5179,3,-1.1789,14.8872,14.8872,0.0
2007-05-30,5,May-Sep,8,14.2,12-<15,24.0,9.8,-0.4069,1.3731,2,-0.0863,0.1177,2,0.0054,0.592,3,-1.4165,14.885,14.885,0.0
2007-05-31,5,May-Sep,8,14.6,12-<15,27.6,13.0,-0.6795,1.3635,2,-1.0014,1.0115,2,-0.0136,0.4111,3,-1.3372,14.8825,14.8825,0.0
2007-06-01,6,May-Sep,8,10.3,10-<12,26.9,16.6,1.5094,3.9891,2,-2.071,2.4187,2,5.3782,6.5738,3,2.0986,11.8803,14.8803,3.0
2007-06-02,6,May-Sep,8,9.9,8-<10,23.7,13.8,-0.12,0.535,2,-0.3309,0.3846,2,0.0526,0.3494,3,-0.3738,14.8778,14.8778,0.0
2007-06-03,6,May-Sep,8,14.3,12-<15,29.4,15.1,-0.2303,1.4195,2,0.1013,0.2946,2,0.5123,0.6016,3,-1.4727,14.875,14.875,0.0
2007-06-04,6,May-Sep,8,14.5,12-<15,32.7,18.2,-0.3078,1.3181,2,-0.4263,0.4312,2,0.9542,1.1588,3,-1.4473,14.8725,14.8725,0.0
2007-06-05,6,May-Sep,8,7.6,<8,29.5,21.9,3.1881,4.5175,2,0.9981,1.5317,2,2.3845,2.4051,3,5.2408,14.8697,14.8697,0.0
2007-06-06,6,May-Sep,8,14.1,12-<15,26.6,12.5,4.4679,6.2743,2,2.5226,4.0864,2,8.832,8.896,3,1.3527,17.8667,14.8667,-3.0
2007-06-07,6,May-Sep,8,8.8,8-<10,20.1,11.3,-0.041,1.2154,2,-0.378,0.7827,2,1.1224,1.4542,3,-0.7927,14.8639,14.8639,0.0
2007-06-08,6,May-Sep,8,9.8,8-<10,25.3,15.5,0.8106,1.4619,2,-0.2694,0.2927,2,0.4701,0.7065,3,2.0174,14.8608,14.8608,0.0
2007-06-09,6,May-Sep,8,11.2,10-<12,24.6,13.4,0.8223,1.5667,2,0.4608,0.5176,2,2.1966,2.1989,3,-0.5287,14.8575,14.8575,0.0
2007-06-10,6,May-Sep,8,12.9,12-<15,27.6,14.7,-0.5706,1.3082,2,-0.6167,0.6749,2,0.1073,0.5006,3,-1.3584,14.8544,14.8544,0.0
2007-06-11,6,May-Sep,8,10.8,10-<12,29.2,18.4,-0.3823,1.297,2,-0.7041,0.8698,2,1.0721,1.2408,3,-1.2313,11.8511,14.8511,3.0
2007-06-12,6,May-Sep,8,7.6,<8,27.7,20.1,2.3149,3.3302,2,0.4708,0.4812,2,3.3947,3.3947,3,2.7916,11.8478,14.8478,3.0
2007-06-13,6,May-Sep,8,11.6,10-<12,26.3,14.7,-0.9205,1.6219,2,-0.8563,1.0289,2,0.0834,0.2287,3,-2.0704,14.8444,14.8444,0.0
2007-06-14,6,May-Sep,8,8.0,8-<10,25.2,17.2,1.9776,3.272,2,-0.4055,0.4057,2,5.126,5.4569,3,2.2402,11.8411,14.8411,3.0
2007-06-15,6,May-Sep,8,10.3,10-<12,21.1,10.8,1.1623,2.9797,2,-0.2529,1.5894,2,2.6058,2.7231,3,-0.722,17.8378,14.8378,-3.0
2007-06-16,6,May-Sep,8,11.2,10-<12,23.1,11.9,-0.5635,1.6011,2,-0.7288,0.8697,2,0.7599,0.7957,3,-1.8365,14.8344,14.8344,0.0
2007-06-17,6,May-Sep,8,10.6,10-<12,25.8,15.2,-0.4154,0.9587,2,-0.6141,0.7401,2,0.4431,0.7085,3,-1.1657,14.8308,14.8308,0.0
2007-06-18,6,May-Sep,8,12.2,12-<15,28.1,15.9,-0.0485,1.2686,2,-0.9284,1.1908,2,1.6108,1.9594,3,-0.5523,14.8275,14.8275,0.0
2007-06-19,6,May-Sep,8,11.2,10-<12,29.0,17.8,-0.2363,1.0273,2,-1.187,1.3913,2,0.7147,0.7372,3,-0.2925,14.8239,14.8239,0.0
2007-06-20,6,May-Sep,8,13.9,12-<15,32.4,18.5,-0.429,1.0232,2,-0.0699,0.4111,2,0.0755,0.3273,3,-1.3391,14.8203,14.8203,0.0
2007-06-21,6,May-Sep,8,14.4,12-<15,34.4,20.0,-0.0661,0.642,2,0.0761,0.694,2,0.2512,0.2548,3,-0.4627,14.8169,14.8169,0.0
2007-06-22,6,May-Sep,8,13.1,12-<15,34.5,21.4,1.275,2.9284,2,-0.6761,1.2389,2,5.3204,5.3209,3,0.6464,11.8133,14.8133,3.0
2007-06-23,6,May-Sep,8,11.3,10-<12,35.1,23.8,0.253,0.9343,2,-0.9791,1.0244,2,1.1651,1.1655,3,0.3487,14.8097,14.8097,0.0
2007-06-24,6,May-Sep,8,10.2,10-<12,35.4,25.2,0.624,1.408,2,-0.8686,1.1832,2,1.973,1.9731,3,1.1115,11.8064,14.8064,3.0
2007-06-25,6,May-Sep,8,9.3,8-<10,32.4,23.1,0.5375,0.8454,2,0.0028,0.2405,2,1.0204,1.0709,3,0.163,14.8031,14.8031,0.0
2007-06-26,6,May-Sep,8,10.7,10-<12,30.1,19.4,2.5094,5.2285,2,-1.7341,2.5827,2,7.3492,7.6284,3,0.29,8.7994,14.7994,6.0
2007-06-27,6,May-Sep,8,9.0,8-<10,29.4,20.4,0.2274,0.5764,2,0.1473,0.544,2,0.2874,0.3545,3,0.0838,14.7961,14.7961,0.0
2007-06-28,6,May-Sep,8,13.6,12-<15,34.1,20.5,-0.2461,1.0291,2,-1.0366,1.2879,2,0.802,0.829,3,-0.4263,14.7928,14.7928,0.0
2007-06-29,6,May-Sep,8,16.8,15-<18,32.0,15.2,4.4059,9.5772,2,-3.3474,6.1226,2,14.6889,14.776,3,1.0399,5.7894,14.7894,9.0
2007-06-30,6,May-Sep,8,12.9,12-<15,28.3,15.4,-0.6189,1.714,2,-0.5219,0.588,2,0.7395,0.9201,3,-2.05,14.7864,14.7864,0.0
2007-07-01,7,May-Sep,8,12.7,12-<15,30.3,17.6,2.1856,3.5272,2,-0.1457,0.3659,2,3.3004,3.9712,3,3.5633,14.7831,14.7831,0.0
2007-07-02,7,May-Sep,8,14.4,12-<15,29.8,15.4,-0.8391,1.6234,2,-1.56,1.5603,2,0.9141,1.0074,3,-1.9236,14.78,14.78,0.0
2007-07-03,7,May-Sep,8,10.5,10-<12,28.7,18.2,1.526,2.5459,2,-0.0213,0.7323,2,3.6638,3.8779,3,1.3166,11.7769,14.7769,3.0
2007-07-04,7,May-Sep,8,9.4,8-<10,27.0,17.6,0.9968,1.4484,2,0.4939,1.2329,2,2.0703,2.1491,3,0.4759,14.7739,14.7739,0.0
2007-07-05,7,May-Sep,8,13.0,12-<15,31.2,18.2,-0.4225,1.1634,2,-0.8226,1.0076,2,0.4367,0.5053,3,-1.0435,14.7711,14.7711,0.0
2007-07-06,7,May-Sep,8,12.5,12-<15,33.6,21.1,0.3115,1.3763,2,-0.9354,1.478,2,1.3623,1.7331,3,0.4177,14.7683,14.7683,0.0
2007-07-07,7,May-Sep,8,8.9,8-<10,32.2,23.3,0.6256,1.0016,2,-0.0395,0.2317,2,1.4959,1.7471,3,0.6724,14.7656,14.7656,0.0
2007-07-08,7,May-Sep,8,8.9,8-<10,31.4,22.5,0.2221,0.9106,2,-0.9529,1.0646,2,0.8959,0.8959,3,0.1401,14.7631,14.7631,0.0
2007-07-09,7,May-Sep,8,9.9,8-<10,29.6,19.7,3.6776,5.7938,2,-0.9322,2.7255,2,8.2447,8.257,3,2.7895,5.7606,14.7606,9.0
2007-07-10,7,May-Sep,8,10.5,10-<12,27.1,16.6,0.136,2.4213,2,0.6213,1.909,2,0.2638,0.5901,3,-1.8072,14.7581,14.7581,0.0
2007-07-11,7,May-Sep,8,10.8,10-<12,31.1,20.3,-0.3875,0.9411,2,-0.4617,0.5921,2,0.4981,0.578,3,-1.1552,14.7558,14.7558,0.0
2007-07-12,7,May-Sep,8,10.3,10-<12,33.2,22.9,-0.1904,0.5298,2,-0.4702,0.7113,2,0.2232,0.4307,3,-0.3955,14.7536,14.7536,0.0
2007-07-13,7,May-Sep,8,9.6,8-<10,32.3,22.7,2.2905,2.934,2,1.7672,2.4219,2,4.4584,4.4734,3,0.7742,14.7517,14.7517,0.0
2007-07-14,7,May-Sep,8,5.3,<8,27.9,22.6,0.8399,1.2726,2,0.1129,0.3185,2,2.1283,2.1294,3,0.395,11.7497,14.7497,3.0
2007-07-15,7,May-Sep,8,6.8,<8,27.9,21.1,0.4652,1.6208,2,0.9141,2.067,2,0.7009,0.7071,3,-0.6817,14.7478,14.7478,0.0
2007-07-16,7,May-Sep,8,9.2,8-<10,26.6,17.4,1.1802,4.0901,2,-2.7451,3.0057,2,4.6269,5.7035,3,1.6286,14.7464,14.7464,0.0
2007-07-17,7,May-Sep,8,5.7,<8,20.5,14.8,0.8131,1.6608,2,0.9906,1.4801,2,1.2563,2.145,3,-0.2587,17.7447,14.7447,-3.0
2007-07-18,7,May-Sep,8,10.5,10-<12,27.1,16.6,-0.221,1.0326,2,-0.4328,1.3147,2,-0.042,0.053,3,-0.5715,14.7433,14.7433,0.0
2007-07-19,7,May-Sep,8,10.7,10-<12,30.3,19.6,-0.0116,0.8236,2,-0.9508,1.0544,2,0.4965,0.6336,3,-0.0822,14.7422,14.7422,0.0
2007-07-20,7,May-Sep,8,13.4,12-<15,33.2,19.8,-0.3007,0.7166,2,-0.7597,0.8618,2,0.4052,0.4443,3,-0.7213,14.7411,14.7411,0.0
2007-07-21,7,May-Sep,8,13.5,12-<15,34.7,21.2,-0.4329,0.6892,2,-0.6116,0.652,2,-0.0019,0.3892,3,-0.6273,14.7403,14.7403,0.0
2007-07-22,7,May-Sep,8,10.9,10-<12,33.7,22.8,1.3454,2.2877,2,-0.9166,1.2561,2,3.3818,3.3872,3,0.9389,14.7394,14.7394,0.0
2007-07-23,7,May-Sep,8,9.9,8-<10,31.6,21.7,0.0992,0.7079,2,-0.348,0.4144,2,0.9324,0.9342,3,-0.1771,14.7389,14.7389,0.0
2007-07-24,7,May-Sep,8,7.5,<8,29.7,22.2,1.1858,1.5791,2,1.2166,1.8574,2,1.7567,1.7764,3,0.5126,14.7383,14.7383,0.0
2007-07-25,7,May-Sep,8,8.9,8-<10,31.4,22.5,0.8228,1.1072,2,0.5043,1.1158,2,1.1817,1.1867,3,0.8727,14.7381,14.7381,0.0
2007-07-26,7,May-Sep,8,9.8,8-<10,30.9,21.1,-0.3108,0.82,2,-0.2904,0.3018,2,0.1825,0.6347,3,-1.0084,17.7378,14.7378,-3.0
2007-07-27,7,May-Sep,8,8.7,8-<10,30.3,21.6,4.2575,5.3493,2,1.4137,1.9599,2,7.9389,7.9403,3,3.2141,2.7381,14.7381,-12.0
2007-07-28,7,May-Sep,8,7.2,<8,21.6,14.4,3.1856,4.24,2,0.7735,1.0764,2,6.4669,6.4751,3,1.9912,2.7381,14.7381,-12.0
2007-07-29,7,May-Sep,8,11.8,10-<12,24.7,12.9,-0.7642,1.2512,2,-1.9211,1.9253,2,0.4695,0.518,3,-0.984,14.7386,14.7386,0.0
2007-07-30,7,May-Sep,8,10.5,10-<12,26.9,16.4,-0.481,0.8494,2,-1.0487,1.1849,2,0.0365,0.0645,3,-0.6177,14.7392,14.7392,0.0
2007-07-31,7,May-Sep,8,11.7,10-<12,29.5,17.8,-0.4121,0.9436,2,-0.9656,0.9684,2,0.1194,0.2944,3,-0.8493,14.7397,14.7397,0.0
2007-08-01,8,May-Sep,8,12.2,12-<15,31.8,19.6,-0.1499,0.612,2,-0.3533,0.4421,2,0.3395,0.3429,3,-0.6445,14.7406,14.7406,0.0
2007-08-02,8,May-Sep,8,9.2,8-<10,30.2,21.0,2.2219,3.1559,2,0.8654,1.7777,2,4.0495,4.1613,3,1.1455,14.7417,14.7417,0.0
2007-08-03,8,May-Sep,8,8.8,8-<10,28.2,19.4,-0.1472,0.7413,2,-0.4873,0.7,2,0.8188,0.822,3,-0.4685,11.7431,14.7431,3.0
2007-08-04,8,May-Sep,8,9.9,8-<10,26.5,16.6,2.0195,2.775,2,1.6194,2.5724,2,3.5558,3.5596,3,0.5375,14.7444,14.7444,0.0
2007-08-05,8,May-Sep,7,9.6,8-<10,26.6,17.0,-0.2519,0.5565,2,-0.7595,0.764,2,0.1194,0.2965,2,-0.4586,14.7461,14.7461,0.0
2007-08-06,8,May-Sep,8,12.1,12-<15,30.8,18.7,-0.275,0.8192,2,-0.6722,0.7031,2,0.2276,0.2788,3,-0.7189,14.7478,14.7478,0.0
2007-08-07,8,May-Sep,8,8.7,8-<10,30.1,21.4,0.7003,1.1696,2,1.1126,1.8554,2,1.1638,1.166,3,0.2623,14.7497,14.7497,0.0
2007-08-08,8,May-Sep,8,8.6,8-<10,30.7,22.1,0.371,0.8464,2,-0.3176,0.3218,2,0.7164,0.8878,3,0.4322,14.7519,14.7519,0.0
2007-08-09,8,May-Sep,8,12.6,12-<15,33.2,20.6,-0.2005,1.1256,2,-0.582,0.7246,2,1.3872,1.3873,3,-0.8218,11.7542,14.7542,3.0
2007-08-10,8,May-Sep,8,12.1,12-<15,34.5,22.4,-0.1208,0.421,2,-0.5091,0.6241,2,0.2112,0.2251,3,-0.2643,14.7567,14.7567,0.0
2007-08-11,8,May-Sep,8,14.9,12-<15,37.6,22.7,-0.6774,1.2209,2,-1.1134,1.6245,2,0.4464,0.4504,3,-0.6885,11.7592,14.7592,3.0
2007-08-12,8,May-Sep,8,23.6,>=20,35.4,11.8,6.8845,15.1496,2,-4.8459,9.1274,2,22.1391,22.1738,3,1.1251,2.7619,14.7619,-12.0
2007-08-13,8,May-Sep,8,10.1,10-<12,21.2,11.1,-0.4184,1.2433,2,-0.8023,2.01,2,0.0636,0.1428,3,-0.696,14.765,14.765,0.0
2007-08-14,8,May-Sep,8,11.3,10-<12,25.0,13.7,-0.5574,0.9784,2,-0.8323,0.9699,2,-0.0606,0.654,3,-0.6327,14.7681,14.7681,0.0
2007-08-15,8,May-Sep,8,11.9,10-<12,27.4,15.5,-0.2989,1.1382,2,-0.6527,0.8384,2,0.7994,1.0049,3,-0.9697,14.7714,14.7714,0.0
2007-08-16,8,May-Sep,8,7.3,<8,26.2,18.9,0.8126,1.3291,2,0.9795,1.6531,2,0.7171,0.7688,3,0.2871,14.7747,14.7747,0.0
2007-08-17,8,May-Sep,8,9.8,8-<10,24.9,15.1,2.3747,3.1262,2,1.5968,2.2107,2,4.2645,4.4111,3,0.7428,17.7783,14.7783,-3.0
2007-08-18,8,May-Sep,8,6.9,<8,22.1,15.2,0.0928,0.5991,2,-0.2735,0.2746,2,0.1346,0.3845,3,-0.0278,14.7822,14.7822,0.0
2007-08-19,8,May-Sep,8,10.5,10-<12,25.1,14.6,-0.2846,0.8171,2,-0.3095,0.498,2,0.2131,0.2273,3,-0.9701,14.7861,14.7861,0.0
2007-08-20,8,May-Sep,8,10.6,10-<12,26.7,16.1,-0.5897,1.0072,2,-0.9952,1.3972,2,0.1519,0.5616,3,-1.0124,14.7903,14.7903,0.0
2007-08-21,8,May-Sep,8,10.5,10-<12,25.8,15.3,3.2051,4.8732,2,0.1734,0.2536,2,7.7028,7.7688,3,2.3902,11.7944,14.7944,3.0
2007-08-22,8,May-Sep,8,9.1,8-<10,21.3,12.2,0.214,0.7251,2,-0.4506,0.6962,2,0.5346,0.6442,3,0.1021,14.7986,14.7986,0.0
2007-08-23,8,May-Sep,8,13.5,12-<15,25.3,11.8,-0.4356,1.013,2,-0.6708,1.04,2,0.4544,0.4587,3,-1.0256,14.8031,14.8031,0.0
2007-08-24,8,May-Sep,8,12.3,12-<15,27.2,14.9,-0.3272,0.8695,2,-0.3001,0.437,2,0.273,0.298,3,-0.8257,14.8078,14.8078,0.0
2007-08-25,8,May-Sep,8,11.9,10-<12,28.4,16.5,0.1175,1.0988,2,-0.5494,0.8646,2,1.7418,1.7595,3,-0.2726,11.8125,14.8125,3.0
2007-08-26,8,May-Sep,8,10.5,10-<12,29.2,18.7,0.116,0.9139,2,-1.0199,1.3789,2,0.6752,0.9589,3,0.4738,14.8175,14.8175,0.0
2007-08-27,8,May-Sep,8,8.1,8-<10,26.6,18.5,2.1946,3.2777,2,-0.1593,0.1657,2,5.8248,5.9225,3,1.5478,11.8225,14.8225,3.0
2007-08-28,8,May-Sep,4,9.3,8-<10,26.2,16.9,0.2304,0.4456,1,0.1027,0.1027,0,,,3,0.273,20.8275,20.8275,0.0
2007-08-29,8,May-Sep,6,11.2,10-<12,28.0,16.8,-0.1678,0.993,1,-1.7136,1.7136,2,0.6108,0.6379,2,-0.4418,14.8328,14.8328,0.0
2007-08-30,8,May-Sep,8,11.9,10-<12,29.8,17.9,-0.1509,1.4952,2,-0.6995,1.0181,2,2.0074,2.1657,3,-0.9244,11.8381,14.8381,3.0
2007-08-31,8,May-Sep,8,11.9,10-<12,31.7,19.8,0.0052,0.8628,2,-0.5598,0.8998,2,0.9002,1.1435,3,-0.1946,14.8433,14.8433,0.0
2007-09-01,9,May-Sep,8,11.9,10-<12,32.2,20.3,0.3989,0.8626,2,-0.12,0.1776,2,0.9928,1.0693,3,0.835,14.8489,14.8489,0.0
2007-09-02,9,May-Sep,8,14.3,12-<15,33.5,19.2,-0.5992,1.3375,2,-0.3121,0.4306,2,0.3709,0.5282,3,-0.9169,14.8544,14.8544,0.0
2007-09-03,9,May-Sep,8,6.8,<8,30.7,23.9,2.3117,3.0399,2,0.9625,1.299,2,4.6299,4.7663,3,1.6111,14.8603,14.8603,0.0
2007-09-04,9,May-Sep,8,10.6,10-<12,30.3,19.7,-0.0225,0.7773,2,-0.7297,1.0639,2,0.3603,0.4464,3,0.4055,14.8658,14.8658,0.0
2007-09-05,9,May-Sep,8,13.2,12-<15,28.1,14.9,2.512,5.8077,2,-3.0345,3.1333,2,8.3199,8.8523,3,2.3727,11.8717,14.8717,3.0
2007-09-06,9,May-Sep,8,7.8,<8,21.0,13.2,-0.0835,1.1953,2,-1.3432,1.7649,2,0.595,0.6287,3,0.2755,14.8778,14.8778,0.0
2007-09-07,9,May-Sep,8,11.7,10-<12,24.2,12.5,0.1369,0.7782,2,-0.5753,0.9433,2,0.7093,0.7404,3,-0.1068,14.8836,14.8836,0.0
2007-09-08,9,May-Sep,8,12.0,12-<15,26.6,14.6,-0.4726,1.2453,2,-0.8226,1.222,2,0.7292,0.8011,3,-1.0625,14.8897,14.8897,0.0
2007-09-09,9,May-Sep,8,7.0,<8,24.4,17.4,0.0246,0.8713,2,-0.4822,0.4822,2,1.0371,1.0496,3,-0.0466,11.8956,14.8956,3.0
2007-09-10,9,May-Sep,8,8.9,8-<10,25.7,16.8,0.3991,0.7122,2,-0.1419,0.2314,2,0.6913,0.7952,3,0.4964,14.9017,14.9017,0.0
2007-09-11,9,May-Sep,8,12.7,12-<15,28.0,15.3,-0.6636,1.9533,2,-0.1103,0.3349,2,1.2006,1.2167,3,-2.0838,11.9078,14.9078,3.0
2007-09-12,9,May-Sep,8,6.8,<8,28.7,21.9,0.1028,0.6384,2,-0.2929,0.3578,2,0.7865,0.9816,3,-0.106,14.9142,14.9142,0.0
2007-09-13,9,May-Sep,8,12.3,12-<15,32.8,20.5,0.3022,1.9751,2,-2.0665,2.0919,2,1.7617,2.0577,3,1.0022,14.9203,14.9203,0.0
2007-09-14,9,May-Sep,8,9.4,8-<10,28.1,18.7,1.1846,1.5386,2,0.0272,0.1668,2,2.2757,2.3067,3,1.0547,14.9264,14.9264,0.0
2007-09-15,9,May-Sep,8,10.1,10-<12,24.0,13.9,2.8318,4.0393,2,-0.0891,0.1897,2,5.9638,5.9685,3,1.7067,8.9325,14.9325,6.0
2007-09-16,9,May-Sep,8,16.4,15-<18,26.8,10.4,-0.6919,2.25,2,-0.5693,0.9534,2,1.4103,1.7355,3,-2.1423,14.9389,14.9389,0.0
2007-09-17,9,May-Sep,8,5.9,<8,24.0,18.1,0.597,1.2753,2,-0.3076,1.0309,2,0.9313,1.3173,3,0.7117,14.945,14.945,0.0
2007-09-18,9,May-Sep,8,10.0,10-<12,25.7,15.7,0.2409,1.046,2,-0.7389,1.0362,2,0.8475,1.0092,3,0.8398,14.9511,14.9511,0.0
2007-09-19,9,May-Sep,8,14.2,12-<15,28.2,14.0,-0.0968,0.8272,2,-0.5586,0.8421,2,0.8987,1.0281,3,-0.1737,14.9572,14.9572,0.0
2007-09-20,9,May-Sep,8,14.7,12-<15,30.7,16.0,-0.0136,1.2028,2,0.7765,1.1077,2,0.496,0.6349,3,-0.9098,14.9633,14.9633,0.0
2007-09-21,9,May-Sep,8,12.5,12-<15,27.4,14.9,3.2916,4.5971,2,1.0257,1.7985,2,7.2157,7.2319,3,1.4005,14.9694,14.9694,0.0
2007-09-22,9,May-Sep,8,7.3,<8,19.5,12.2,-0.2337,1.1585,2,-1.1618,1.7505,2,0.7384,0.7759,3,-0.7544,14.9756,14.9756,0.0
2007-09-23,9,May-Sep,8,7.9,<8,17.2,9.3,2.3991,4.7387,2,-1.2518,2.6059,2,6.9753,6.995,3,0.9374,2.9817,14.9817,-12.0
2007-09-24,9,May-Sep,8,4.8,<8,9.4,4.6,0.1796,2.2909,2,-1.1145,2.8149,2,1.0325,1.0847,3,-0.6223,14.9875,14.9875,0.0
2007-09-25,9,May-Sep,8,9.6,8-<10,12.9,3.3,-0.5232,0.9668,2,-0.2394,0.2795,2,0.3502,0.3809,3,-1.2128,14.9933,14.9933,0.0
2007-09-26,9,May-Sep,7,9.7,8-<10,15.1,5.4,-0.2371,0.8557,2,-0.7807,1.2617,2,0.5765,0.6885,2,-0.3803,14.9992,14.9992,0.0
2007-09-27,9,May-Sep,8,10.5,10-<12,18.4,7.9,0.4551,0.6745,2,0.362,0.6419,2,0.7386,0.859,3,0.5915,15.005,15.005,0.0
2007-09-28,9,May-Sep,8,9.6,8-<10,18.4,8.8,-0.3073,1.0122,2,-1.3214,1.7432,2,0.657,0.6724,3,-0.149,15.0106,15.0106,0.0
2007-09-29,9,May-Sep,8,8.0,8-<10,18.1,10.1,-0.4141,0.8221,2,-0.7853,1.0984,2,0.2443,0.2506,3,-0.8418,15.0161,15.0161,0.0
2007-09-30,9,May-Sep,8,5.8,<8,17.1,11.3,0.6461,1.6887,2,-0.6085,0.8156,2,0.8939,0.9768,3,1.7399,12.0217,15.0217,3.0
2007-10-01,10,Other,8,9.5,8-<10,17.8,8.3,-0.0262,0.81,2,-0.7732,1.1845,2,0.7758,0.9101,3,0.0879,15.0272,15.0272,0.0
2007-10-02,10,Other,8,10.0,10-<12,18.2,8.2,-0.3462,1.1181,2,-1.3917,1.9259,2,0.7635,0.7756,3,-0.2136,12.0325,15.0325,3.0
2007-10-03,10,Other,8,9.7,8-<10,15.5,5.8,2.2795,4.9529,2,-0.5092,0.9949,2,7.9803,7.9834,3,-0.5938,0.0375,15.0375,-9.0
2007-10-04,10,Other,8,4.8,<8,8.9,4.1,0.8314,1.5549,2,-0.4198,0.442,2,1.964,2.0181,3,1.0062,12.0425,15.0425,3.0
2007-10-05,10,Other,8,6.3,<8,8.2,1.9,0.5108,0.6022,2,0.0975,0.3531,2,0.654,0.6562,3,0.7036,15.0475,15.0475,0.0
2007-10-06,10,Other,8,8.9,8-<10,10.7,1.8,0.344,0.8943,2,-0.6903,1.0696,2,0.8263,1.0371,3,0.726,15.0522,15.0522,0.0
2007-10-07,10,Other,8,8.8,8-<10,11.3,2.5,0.1157,0.4779,2,-0.1696,0.3421,2,0.5759,0.7475,3,0.1325,15.0569,15.0569,0.0
2007-10-08,10,Other,8,9.5,8-<10,13.4,3.9,0.0758,1.0061,2,-0.8562,1.2463,2,0.9911,1.2088,3,0.2845,15.0614,15.0614,0.0
2007-10-09,10,Other,8,9.6,8-<10,14.9,5.3,-0.5465,1.0498,2,-1.001,1.4557,2,0.4693,0.5978,3,-0.7557,15.0658,15.0658,0.0
2007-10-10,10,Other,8,7.8,<8,12.9,5.1,-0.1589,1.1698,2,-0.6801,0.901,2,1.3038,1.482,3,-0.6661,15.07,15.07,0.0
2007-10-11,10,Other,8,8.1,8-<10,11.9,3.8,-0.024,1.0751,2,-1.0384,1.6331,2,0.8622,1.1515,3,0.3469,15.0742,15.0742,0.0
2007-10-12,10,Other,8,10.4,10-<12,13.1,2.7,-0.1304,1.0661,2,-1.2019,1.6922,2,0.6989,0.9894,3,0.2568,15.0781,15.0781,0.0
2007-10-13,10,Other,8,10.2,10-<12,15.8,5.6,0.5441,1.2392,2,-0.4009,0.5584,2,1.4104,1.7359,3,1.1043,15.0817,15.0817,0.0
2007-10-14,10,Other,8,12.6,12-<15,18.7,6.1,0.2047,1.2474,2,-0.9573,1.3972,2,0.9794,1.1931,3,0.9745,15.0853,15.0853,0.0
2007-10-15,10,Other,8,10.7,10-<12,19.8,9.1,0.2876,1.592,2,-1.546,2.0565,2,1.483,1.5942,3,1.1714,12.0886,15.0886,3.0
2007-10-16,10,Other,8,12.3,12-<15,19.0,6.7,-0.0518,1.3018,2,-0.8444,1.3134,2,1.2392,1.5564,3,0.2968,12.0917,15.0917,3.0
2007-10-17,10,Other,8,12.6,12-<15,18.7,6.1,-0.071,1.0297,2,-0.3629,0.6494,2,1.143,1.3647,3,-0.0892,15.0947,15.0947,0.0
2007-10-18,10,Other,8,12.6,12-<15,20.2,7.6,0.633,2.1818,2,-1.7821,2.184,2,3.4316,3.4395,3,0.9455,12.0975,15.0975,3.0
2007-10-19,10,Other,8,9.6,8-<10,20.1,10.5,0.5377,2.537,2,-2.489,3.2455,2,2.7226,2.9855,3,1.6832,12.1003,15.1003,3.0
2007-10-20,10,Other,8,10.9,10-<12,17.8,6.9,0.1064,1.3623,2,-1.0948,1.5755,2,1.7108,2.0413,3,0.23,15.1025,15.1025,0.0
2007-10-21,10,Other,8,7.1,<8,12.4,5.3,0.3851,1.4608,2,-0.2679,0.3955,2,2.1544,2.1592,3,-0.4122,12.1047,15.1047,3.0
2007-10-22,10,Other,8,4.6,<8,8.7,4.1,0.7047,0.8718,2,0.3261,0.5004,2,1.3985,1.4545,3,0.4571,15.1067,15.1067,0.0
2007-10-23,10,Other,8,8.9,8-<10,11.6,2.7,0.2155,0.6717,2,-0.3095,0.5851,2,0.976,1.0468,3,0.3358,15.1086,15.1086,0.0
2007-10-24,10,Other,8,7.6,<8,10.9,3.3,0.213,0.7039,2,-0.5751,0.7775,2,0.7772,1.0322,3,0.291,15.1103,15.1103,0.0
2007-10-25,10,Other,8,7.1,<8,10.0,2.9,0.5163,1.9494,2,-1.0642,1.1365,2,2.5827,2.5841,3,0.3924,12.1117,15.1117,3.0
2007-10-26,10,Other,8,5.6,<8,5.5,-0.1,1.5627,2.2247,2,0.5969,0.9271,2,3.4122,3.4241,3,0.2937,15.1128,15.1128,0.0
2007-10-27,10,Other,8,6.1,<8,3.9,-2.2,-0.2625,1.3252,2,-1.3379,1.8274,2,0.8967,1.1367,3,-0.1716,15.1136,15.1136,0.0
2007-10-28,10,Other,8,10.4,10-<12,8.4,-2.0,0.0832,1.095,2,-0.2129,0.6082,2,0.9589,1.0646,3,0.2118,15.1144,15.1144,0.0
2007-10-29,10,Other,8,6.8,<8,7.9,1.1,-0.4139,1.1375,2,-1.4568,1.486,2,0.9017,1.0852,3,-0.5485,15.115,15.115,0.0
2007-10-30,10,Other,8,7.1,<8,7.8,0.7,0.2057,0.7533,2,-0.9258,0.9341,2,0.9603,0.9955,3,0.3669,15.115,15.115,0.0
2007-10-31,10,Other,8,8.0,8-<10,8.7,0.7,-0.2025,1.0259,2,-1.4102,1.6186,2,0.6928,0.7199,3,0.2431,15.1153,15.1153,0.0
2007-11-01,11,Other,8,8.7,8-<10,9.1,0.4,-0.7775,1.8776,2,-1.6763,2.6014,2,1.0501,1.353,3,-1.3338,15.115,15.115,0.0
2007-11-02,11,Other,8,8.6,8-<10,9.9,1.3,0.6341,1.4003,2,-0.7059,1.0813,2,2.1583,2.3238,3,0.875,12.1147,15.1147,3.0
2007-11-03,11,Other,8,9.1,8-<10,9.6,0.5,0.0548,1.3203,2,-0.7535,1.0908,2,1.7407,2.0295,3,-0.0214,12.1139,15.1139,3.0
2007-11-04,11,Other,8,7.2,<8,9.1,1.9,0.5281,1.1896,2,-0.0772,0.1646,2,1.5794,2.0985,3,0.6368,15.1131,15.1131,0.0
2007-11-05,11,Other,8,13.3,12-<15,15.9,2.6,1.5007,2.7776,2,-0.178,0.6059,2,4.8438,4.8501,3,1.6484,12.1119,15.1119,3.0
2007-11-06,11,Other,8,7.1,<8,10.9,3.8,0.3364,2.2508,2,-0.2673,0.3008,2,2.7862,2.9563,3,-0.8858,0.1108,15.1108,-9.0
2007-11-07,11,Other,8,7.6,<8,9.5,1.9,0.2944,0.8011,2,-0.3163,0.4423,2,1.1689,1.2265,3,0.5181,12.1092,15.1092,3.0
2007-11-08,11,Other,8,9.0,8-<10,11.6,2.6,0.0186,1.8955,2,-1.1023,1.5243,2,2.785,2.955,3,-0.6677,12.1075,15.1075,3.0
2007-11-09,11,Other,8,9.2,8-<10,12.8,3.6,-0.1848,4.8202,2,-2.8446,5.5738,2,4.256,4.304,3,-2.9773,6.1056,15.1056,9.0
2007-11-10,11,Other,8,9.2,8-<10,6.9,-2.3,1.947,3.9567,2,-0.4626,0.8996,2,6.4532,6.4629,3,-0.3074,0.1033,15.1033,-9.0
2007-11-11,11,Other,8,6.8,<8,1.7,-5.1,-0.2575,1.1456,2,-1.3726,1.9937,2,0.6634,0.8103,3,0.0115,15.1008,15.1008,0.0
2007-11-12,11,Other,8,4.2,<8,-0.3,-4.5,-0.0234,0.8389,2,-0.5973,0.8242,2,1.1513,1.1523,3,-0.6257,15.0981,15.0981,0.0
2007-11-13,11,Other,8,7.0,<8,4.6,-2.4,-0.1141,1.5976,2,-1.676,1.7388,2,1.7839,1.8488,3,-0.0291,12.0953,15.0953,3.0
2007-11-14,11,Other,8,7.2,<8,3.7,-3.5,-0.0918,1.3268,2,-1.8667,1.9503,2,1.3561,1.5535,3,0.428,12.0922,15.0922,3.0
2007-11-15,11,Other,8,5.2,<8,2.0,-3.2,-0.0111,0.855,2,-0.6085,0.6214,2,1.0173,1.2454,3,-0.1481,15.0889,15.0889,0.0
2007-11-16,11,Other,8,6.7,<8,4.0,-2.7,0.1024,1.0441,2,-0.6013,0.7137,2,1.4192,1.6394,3,0.0638,12.0853,15.0853,3.0
2007-11-17,11,Other,8,6.6,<8,6.3,-0.3,0.354,1.6288,2,-1.4754,1.7587,2,2.0314,2.4294,3,0.8057,15.0817,15.0817,0.0
2007-11-18,11,Other,8,7.4,<8,6.0,-1.4,0.7047,1.5068,2,-0.4024,0.7401,2,2.5251,2.6896,3,0.761,12.0778,15.0778,3.0
2007-11-19,11,Other,8,7.0,<8,5.2,-1.8,0.8608,2.8383,2,-1.8595,2.0944,2,4.077,4.2172,3,1.1876,12.0736,15.0736,3.0
2007-11-20,11,Other,8,8.0,8-<10,4.8,-3.2,0.0488,1.6895,2,-1.4194,1.467,2,2.2444,2.365,3,-0.468,15.0694,15.0694,0.0
2007-11-21,11,Other,8,7.7,<8,6.8,-0.9,0.4368,2.1723,2,-2.016,2.1204,2,3.0336,3.1463,3,1.0862,12.0647,15.0647,3.0
2007-11-22,11,Other,8,14.8,12-<15,13.0,-1.8,1.3629,2.3182,2,0.2777,0.5863,2,1.9958,2.3833,3,0.4469,15.06,15.06,0.0
2007-11-23,11,Other,8,11.6,10-<12,8.5,-3.1,-1.917,5.1573,2,-3.1144,4.7321,2,3.0179,3.0418,3,-4.9971,3.0553,15.0553,-12.0
2007-11-24,11,Other,8,8.6,8-<10,2.9,-5.7,2.0698,3.3018,2,0.1249,0.3566,2,5.7641,5.7757,3,0.7451,12.05,15.05,3.0
2007-11-25,11,Other,8,8.3,8-<10,1.6,-6.7,1.5958,2.8329,2,-0.67,0.7561,2,4.1039,4.225,3,2.2325,12.0447,15.0447,3.0
2007-11-26,11,Other,8,7.3,<8,-2.6,-9.9,0.2652,1.6202,2,-1.7279,2.3315,2,2.0861,2.1267,3,0.5587,12.0394,15.0394,3.0
2007-11-27,11,Other,8,8.9,8-<10,1.0,-7.9,-0.2875,2.4098,2,-2.8476,3.0057,2,2.7753,2.789,3,-0.4268,12.0339,15.0339,3.0
2007-11-28,11,Other,8,7.0,<8,1.4,-5.6,1.3263,3.0751,2,-1.6321,1.7259,2,4.8766,4.8844,3,1.3151,12.0281,15.0281,3.0
2007-11-29,11,Other,8,9.0,8-<10,1.0,-8.0,-0.5778,1.6688,2,-1.8723,1.9375,2,0.0635,1.3379,3,0.2425,12.0222,15.0222,3.0
2007-11-30,11,Other,8,6.1,<8,1.4,-4.7,1.1138,2.2627,2,-0.3342,0.3569,2,3.7466,3.8202,3,1.0035,12.0161,15.0161,3.0
2007-12-01,12,Other,8,6.3,<8,0.9,-5.4,0.9106,1.9282,2,-0.7789,1.1764,2,2.921,2.9671,3,1.2956,12.0097,15.0097,3.0
2007-12-02,12,Other,9,7.9,<8,1.2,-6.7,0.4651,1.3808,2,-0.0108,0.0937,2,2.6116,2.6823,4,0.0719,12.0033,15.0033,3.0
2007-12-03,12,Other,8,7.4,<8,1.1,-6.3,1.1339,1.9952,2,-0.2642,0.5876,2,3.5785,3.5785,3,1.111,11.9969,14.9969,3.0
2007-12-04,12,Other,8,6.0,<8,-1.4,-7.4,0.7468,1.6607,2,-1.0855,1.1002,2,2.6133,2.6321,3,1.0874,11.9903,14.9903,3.0
2007-12-05,12,Other,8,6.3,<8,-1.7,-8.0,-0.3129,1.7555,2,-1.1229,1.8214,2,2.0751,2.1088,3,-1.2253,11.9836,14.9836,3.0
2007-12-06,12,Other,8,4.7,<8,-1.1,-5.8,0.065,1.2189,2,-1.002,1.0026,2,2.0356,2.0632,3,-0.3405,11.9767,14.9767,3.0
2007-12-07,12,Other,8,7.2,<8,1.5,-5.7,1.0098,1.852,2,-0.1784,0.1887,2,2.9105,2.955,3,1.435,11.9697,14.9697,3.0
2007-12-08,12,Other,8,2.9,<8,-3.1,-6.0,-0.206,1.4247,2,-1.8945,1.8955,2,0.4723,0.7855,3,0.521,11.9625,14.9625,3.0
2007-12-09,12,Other,8,6.2,<8,-2.3,-8.5,0.4215,1.9899,2,-1.1202,1.3394,2,3.344,3.4077,3,0.1581,11.9556,14.9556,3.0
2007-12-10,12,Other,8,2.1,<8,-4.9,-7.0,-0.6417,1.0134,2,-1.7576,1.7588,2,0.2276,0.2854,3,-0.7035,8.9481,14.9481,6.0
2007-12-11,12,Other,8,3.4,<8,-5.2,-8.6,0.1696,1.5393,2,-1.2244,1.2603,2,1.7099,1.8922,3,0.1673,2.9408,14.9408,-12.0
2007-12-12,12,Other,8,1.5,<8,-8.1,-9.6,0.3854,0.7662,2,-0.3026,0.3742,2,1.0563,1.0578,3,0.4608,11.9333,14.9333,3.0
2007-12-13,12,Other,7,4.7,<8,-7.0,-11.7,1.073,1.6232,2,-0.1512,0.5277,2,2.6946,2.6946,3,0.8082,14.9258,14.9258,0.0
2007-12-14,12,Other,8,4.6,<8,-9.7,-14.3,0.2716,1.2384,2,-0.7635,0.9695,2,2.2089,2.2117,3,-0.2183,11.9183,14.9183,3.0
2007-12-15,12,Other,8,4.7,<8,-9.0,-13.7,-0.4115,1.3536,2,-0.8133,0.9868,2,1.3978,1.4298,3,-1.1208,20.9106,14.9106,-6.0
2007-12-16,12,Other,8,6.0,<8,-8.8,-14.8,1.585,2.685,2,-0.8411,0.9087,2,4.2332,4.2398,3,1.4208,11.9031,14.9031,3.0
2007-12-17,12,Other,8,6.6,<8,-9.3,-15.9,-0.3954,2.967,2,-2.9127,3.445,2,3.309,3.3157,3,-1.2375,20.8953,14.8953,-6.0
2007-12-18,12,Other,8,13.0,12-<15,-3.0,-16.0,-0.492,5.4048,2,-5.7014,6.4375,2,5.5485,6.0243,3,-2.6934,23.8797,14.8875,-8.9922
2007-12-19,12,Other,8,13.9,12-<15,0.0,-13.9,0.7554,6.2163,2,-5.7138,5.7927,2,9.3396,9.4235,3,0.6384,11.8797,14.8797,3.0
2007-12-20,12,Other,8,14.5,12-<15,0.6,-13.9,-2.3761,4.4457,2,-5.9939,6.1708,2,2.5195,2.547,3,-3.2157,20.8719,14.8719,-6.0
2007-12-21,12,Other,8,17.3,15-<18,3.3,-14.0,3.5258,6.1274,2,-0.9544,0.9946,2,10.2235,10.4303,3,0.3999,20.8639,14.8639,-6.0
2007-12-22,12,Other,8,13.7,12-<15,4.5,-9.2,-0.586,2.8767,2,-3.2626,3.5113,2,0.7323,2.1854,3,1.432,11.8561,14.8561,3.0
2007-12-23,12,Other,8,15.1,15-<18,2.7,-12.4,2.252,5.6099,2,-0.1489,0.8511,2,7.5634,7.8048,3,-2.1899,23.8406,14.8483,-8.9923
2007-12-24,12,Other,8,6.3,<8,-0.4,-6.7,-0.2054,2.3515,2,-3.0702,3.0859,2,2.2658,2.7012,3,0.2954,14.8406,14.8406,0.0
2007-12-25,12,Other,8,9.4,8-<10,-1.4,-10.8,-0.5111,2.3308,2,-2.064,2.3262,2,3.1342,3.2773,3,-1.2676,11.8328,14.8328,3.0
2007-12-26,12,Other,8,8.7,8-<10,-5.3,-14.0,1.1755,5.4579,2,-5.3553,5.3581,2,5.9752,6.0036,3,2.2325,2.825,14.825,-12.0
2007-12-27,12,Other,8,10.1,10-<12,-9.8,-19.9,1.9271,3.6001,2,-1.339,1.9288,2,4.7572,4.9231,3,3.344,11.8172,14.8172,3.0
2007-12-28,12,Other,8,9.4,8-<10,-14.6,-24.0,0.3141,2.4861,2,-1.6286,1.833,2,4.148,4.156,3,-0.1897,11.8094,14.8094,3.0
2007-12-29,12,Other,8,6.2,<8,-15.0,-21.2,-0.6481,1.452,2,-2.2913,2.3313,2,1.0433,1.3453,3,-0.6214,11.8019,14.8019,3.0
2007-12-30,12,Other,8,6.3,<8,-14.7,-21.0,1.0829,2.8396,2,-2.1885,2.2781,2,4.3344,4.3569,3,1.1769,11.7942,14.7942,3.0
2007-12-31,12,Other,8,7.0,<8,-15.0,-22.0,-0.628,2.0342,2,-2.1055,2.1252,2,2.4531,2.4671,3,-1.349,11.7867,14.7867,3.0
2008-01-01,1,Other,8,7.2,<8,-12.2,-19.4,-0.6286,1.9495,2,-2.0969,2.1056,2,2.0827,2.0929,3,-1.1212,11.7792,14.7792,3.0
2008-01-02,1,Other,8,10.0,10-<12,-10.8,-20.8,1.1771,4.6398,2,-4.1104,4.2706,2,6.7508,6.7942,3,2.237,11.7719,14.7719,3.0
2008-01-03,1,Other,8,13.2,12-<15,-8.7,-21.9,-0.1189,4.3856,2,-5.8043,6.7416,2,4.6245,4.6311,3,1.248,11.7644,14.7644,3.0
2008-01-04,1,Other,8,14.8,12-<15,-5.4,-20.2,-2.7648,5.2611,2,-7.4756,7.517,2,4.2919,4.2935,3,-4.0433,11.7572,14.7572,3.0
2008-01-05,1,Other,7,14.8,12-<15,-2.9,-17.7,-0.2519,2.5757,2,-2.0241,2.0288,2,3.7004,3.7251,3,-1.7052,14.75,14.75,0.0
2008-01-06,1,Other,8,8.5,8-<10,-6.1,-14.6,1.7515,4.1653,2,-2.4815,2.6567,2,6.5501,6.5501,3,2.2741,11.7431,14.7431,3.0
2008-01-07,1,Other,8,9.4,8-<10,-6.9,-16.3,-0.008,2.3101,2,-2.435,2.4397,2,3.0998,3.1161,3,0.3092,11.7361,14.7361,3.0
2008-01-08,1,Other,8,5.4,<8,-11.5,-16.9,-0.3817,1.2383,2,-0.3312,0.355,2,1.2712,1.2739,3,-1.3704,11.7292,14.7292,3.0
2008-01-09,1,Other,8,6.9,<8,-7.7,-14.6,-0.0697,2.1791,2,-3.054,3.3733,2,2.0507,2.0639,3,1.0081,11.7225,14.7225,3.0
2008-01-10,1,Other,8,5.4,<8,-9.7,-15.1,0.6843,2.3745,2,-2.2267,2.341,2,3.4277,3.5068,3,1.3324,11.7161,14.7161,3.0
2008-01-11,1,Other,8,5.0,<8,-10.9,-15.9,-0.6743,1.038,2,-1.0945,1.095,2,0.1769,1.026,3,-0.7514,11.7094,14.7094,3.0
2008-01-12,1,Other,8,6.1,<8,-8.7,-14.8,0.5665,2.6496,2,-2.2847,2.3068,2,4.6546,4.6551,3,0.1761,11.7033,14.7033,3.0
2008-01-13,1,Other,8,4.7,<8,-11.9,-16.6,0.4746,1.3382,2,-1.2042,1.2148,2,2.0672,2.147,3,0.762,11.6969,14.6969,3.0
2008-01-14,1,Other,8,8.2,8-<10,-8.4,-16.6,-0.1674,1.3426,2,-0.8652,1.0597,2,1.5756,1.5757,3,-0.9306,14.6911,14.6911,0.0
2008-01-15,1,Other,8,5.7,<8,-8.8,-14.5,0.188,2.4044,2,-2.2934,2.2954,2,3.5611,3.645,3,0.1279,11.6853,14.6853,3.0
2008-01-16,1,Other,8,4.9,<8,-12.9,-17.8,0.4053,1.8569,2,-0.3825,0.7557,2,2.454,2.4983,3,-0.609,2.6794,14.6794,-12.0
2008-01-17,1,Other,8,9.9,8-<10,-8.0,-17.9,-0.741,2.4944,2,-1.1007,1.4451,2,2.3034,2.3979,3,-1.8864,11.6739,14.6739,3.0
2008-01-18,1,Other,8,3.7,<8,-10.2,-13.9,0.4248,1.7185,2,-0.7411,1.061,2,1.4426,1.5124,3,0.9686,11.6686,14.6686,3.0
2008-01-19,1,Other,8,7.5,<8,-12.9,-20.4,1.8722,3.038,2,-0.3192,0.5296,2,5.0292,5.1011,3,1.1683,14.6633,14.6633,0.0
2008-01-20,1,Other,8,4.5,<8,-17.7,-22.2,0.4408,1.7245,2,-1.3367,1.3653,2,2.7106,2.73,3,0.6083,11.6583,14.6583,3.0
2008-01-21,1,Other,8,7.0,<8,-16.5,-23.5,0.5368,1.7651,2,-0.7827,0.9606,2,3.1435,3.2608,3,0.2212,11.6533,14.6533,3.0
2008-01-22,1,Other,8,6.1,<8,-16.3,-22.4,1.1716,2.1851,2,-0.6793,0.8459,2,3.8948,3.9289,3,1.1868,11.6486,14.6486,3.0
2008-01-23,1,Other,8,4.2,<8,-18.6,-22.8,-0.2705,1.2616,2,-1.4396,1.5455,2,1.4518,1.8015,3,-0.6131,14.6442,14.6442,0.0
2008-01-24,1,Other,8,6.8,<8,-15.3,-22.1,0.1239,2.0285,2,-1.7197,1.8877,2,3.079,3.2088,3,-0.0364,11.64,14.64,3.0
2008-01-25,1,Other,8,6.2,<8,-15.0,-21.2,-0.2607,1.4238,2,-1.6995,1.8477,2,1.7969,1.8453,3,-0.4151,11.6358,14.6358,3.0
2008-01-26,1,Other,8,4.5,<8,-14.4,-18.9,-0.093,1.1891,2,-1.2531,1.4297,2,1.1291,1.1385,3,-0.0892,14.6319,14.6319,0.0
2008-01-27,1,Other,8,5.4,<8,-14.6,-20.0,1.082,2.2636,2,-0.986,0.9883,2,3.4888,3.5126,3,1.4465,11.6283,14.6283,3.0
2008-01-28,1,Other,8,6.5,<8,-14.7,-21.2,0.0966,1.0961,2,-1.0023,1.4436,2,1.229,1.5558,3,0.242,14.6247,14.6247,0.0
2008-01-29,1,Other,8,7.3,<8,-12.3,-19.6,0.4175,2.161,2,-1.6863,2.2318,2,3.3517,3.3858,3,0.5812,11.6214,14.6214,3.0
2008-01-30,1,Other,8,7.4,<8,-11.0,-18.4,0.4919,2.0743,2,-1.5676,1.63,2,3.0967,3.1805,3,0.9777,11.6183,14.6183,3.0
2008-01-31,1,Other,8,8.4,8-<10,-9.6,-18.0,0.8786,2.5777,2,-1.4823,1.6027,2,4.3008,4.3473,3,1.2097,11.6156,14.6156,3.0
2008-02-01,2,Other,8,10.1,10-<12,-8.2,-18.3,-0.4971,2.5651,2,-2.6408,2.9223,2,3.0362,3.4211,3,-0.9159,11.6128,14.6128,3.0
2008-02-02,2,Other,8,9.7,8-<10,-10.8,-20.5,-0.8928,3.2703,2,-5.5546,5.7387,2,2.0834,2.1743,3,0.8308,11.6103,14.6103,3.0
2008-02-03,2,Other,8,9.8,8-<10,-8.5,-18.3,0.5215,2.4979,2,-2.4801,2.8825,2,3.7305,3.7902,3,0.9601,11.6081,14.6081,3.0
2008-02-04,2,Other,8,8.2,8-<10,-9.0,-17.2,1.0515,2.0828,2,-0.4914,0.6993,2,3.7947,3.9314,3,0.7817,11.6061,14.6061,3.0
2008-02-05,2,Other,8,6.8,<8,-10.4,-17.2,0.5436,1.5439,2,-1.0916,1.2583,2,2.2371,2.6739,3,0.6964,14.6044,14.6044,0.0
2008-02-06,2,Other,8,8.5,8-<10,-8.0,-16.5,0.7486,1.9866,2,-0.6865,1.133,2,3.2776,3.5305,3,0.6697,11.6028,14.6028,3.0
2008-02-07,2,Other,8,7.1,<8,-9.2,-16.3,0.2139,2.3042,2,-0.4909,0.7259,2,3.9683,3.9696,3,-1.3489,11.6014,14.6014,3.0
2008-02-08,2,Other,8,8.4,8-<10,-6.6,-15.0,1.0794,2.3678,2,-0.8635,0.9038,2,3.5495,3.7745,3,1.7711,11.6003,14.6003,3.0
2008-02-09,2,Other,7,6.4,<8,-11.6,-18.0,-0.6912,1.4661,2,-1.7268,1.8386,1,1.474,1.474,3,-0.626,11.5992,14.5992,3.0
2008-02-10,2,Other,7,6.5,<8,-9.4,-15.9,0.371,1.4602,1,0.1069,0.1069,2,1.5401,1.994,3,0.2694,14.5986,14.5986,0.0
2008-02-11,2,Other,8,5.5,<8,-9.5,-15.0,0.5879,1.5778,2,-0.8357,1.0248,2,2.288,2.368,3,0.8706,11.5981,14.5981,3.0
2008-02-12,2,Other,8,7.9,<8,-9.4,-17.3,0.8299,1.9264,2,-0.1956,0.254,2,2.7205,3.038,3,1.0169,11.5978,14.5978,3.0
2008-02-13,2,Other,8,6.4,<8,-12.7,-19.1,0.4555,1.2093,2,-0.1259,0.4964,2,1.5637,1.7516,3,0.536,14.5978,14.5978,0.0
2008-02-14,2,Other,8,11.7,10-<12,-7.8,-19.5,-0.2288,2.3137,2,-1.2355,1.77,2,3.0869,3.0985,3,-0.8573,11.5978,14.5978,3.0
2008-02-15,2,Other,8,8.1,8-<10,-6.5,-14.6,0.0156,1.4256,2,-1.6772,1.9235,2,1.6201,1.9316,3,0.338,14.5981,14.5981,0.0
2008-02-16,2,Other,8,10.0,10-<12,-4.5,-14.5,-0.4854,1.9845,2,-0.7633,1.0418,2,2.1563,2.2369,3,-1.867,11.5986,14.5986,3.0
2008-02-17,2,Other,8,8.3,8-<10,-2.8,-11.1,0.3706,2.0518,2,-1.3721,1.7826,2,3.6143,3.6173,3,-0.1733,11.5994,14.5994,3.0
2008-02-18,2,Other,8,7.5,<8,-4.0,-11.5,-3.5265,6.1631,2,-0.691,0.701,2,0.141,1.1392,3,-8.5457,23.6017,14.6003,-9.0014
2008-02-19,2,Other,7,17.8,15-<18,4.1,-13.7,0.7752,3.4732,2,-0.3917,0.4227,2,4.5489,4.5526,2,-3.5175,14.6017,14.6017,0.0
2008-02-20,2,Other,8,5.8,<8,-0.4,-6.2,1.5295,2.8953,2,-1.2994,1.5509,2,3.799,3.9336,3,2.5142,11.6031,14.6031,3.0
2008-02-21,2,Other,8,6.3,<8,-3.1,-9.4,0.4648,1.7145,2,-0.0299,0.1975,2,3.0106,3.0223,3,-0.4732,11.6044,14.6044,3.0
2008-02-22,2,Other,8,6.7,<8,-0.3,-7.0,-2.1203,2.9332,2,-4.7697,4.8843,2,0.3314,0.3615,3,-2.5571,14.6061,14.6061,0.0
2008-02-23,2,Other,8,3.6,<8,-1.6,-5.2,1.377,2.379,2,-0.6729,0.7724,2,2.5472,2.5849,3,1.8607,2.6081,14.6081,-12.0
2008-02-24,2,Other,8,10.6,10-<12,2.4,-8.2,2.2851,3.682,2,-1.1692,1.3622,2,5.6663,5.8623,3,2.9863,11.6103,14.6103,3.0
2008-02-25,2,Other,8,7.7,<8,-3.1,-10.8,0.2608,1.2609,2,-0.7528,1.2206,2,1.614,1.7757,3,0.3635,14.6125,14.6125,0.0
2008-02-26,2,Other,8,8.2,8-<10,-1.4,-9.6,0.1248,1.1932,2,-0.6732,0.969,2,1.3289,1.7616,3,-0.1591,14.615,14.615,0.0
2008-02-27,2,Other,8,13.3,12-<15,5.6,-7.7,-1.2178,3.1345,2,-0.055,0.5755,2,1.3716,1.3764,3,-3.0999,20.6178,14.6178,-6.0
2008-02-28,2,Other,8,15.0,15-<18,7.0,-8.0,2.0743,4.5126,2,-0.7053,2.4238,2,6.8952,7.2868,3,-0.3403,17.6206,14.6206,-3.0
2008-02-29,2,Other,8,7.3,<8,4.2,-3.1,0.0875,1.4842,2,-1.4374,1.5175,2,1.5693,1.9119,3,0.3351,14.6236,14.6236,0.0
2008-03-01,3,Other,8,5.4,<8,0.8,-4.6,0.5664,1.378,2,-0.876,1.2397,2,1.4746,1.723,3,1.144,14.6267,14.6267,0.0
2008-03-02,3,Other,8,6.7,<8,2.0,-4.7,-0.2067,1.1449,2,-1.4868,1.8691,2,1.0774,1.1483,3,-0.0457,14.63,14.63,0.0
2008-03-03,3,Other,8,7.9,<8,5.1,-2.8,0.4505,0.9666,2,-0.3056,0.3604,2,1.1399,1.3716,3,0.5678,14.6336,14.6336,0.0
2008-03-04,3,Other,8,6.5,<8,5.5,-1.0,0.648,1.306,2,-0.4352,0.7141,2,1.803,2.1778,3,0.7573,14.6372,14.6372,0.0
2008-03-05,3,Other,8,10.8,10-<12,9.2,-1.6,-0.2683,0.975,2,-0.7061,0.983,2,0.8328,1.0052,3,-0.5965,14.6408,14.6408,0.0
2008-03-06,3,Other,8,11.4,10-<12,12.5,1.1,0.4992,1.284,2,-0.2452,0.5012,2,1.5965,2.076,3,0.6728,14.6447,14.6447,0.0
2008-03-07,3,Other,8,6.0,<8,9.1,3.1,0.2276,0.8143,2,-0.5657,0.8019,2,1.0054,1.1818,3,0.4707,14.6489,14.6489,0.0
2008-03-08,3,Other,8,8.3,8-<10,9.6,1.3,-0.0021,0.6546,2,0.4416,0.5156,2,0.5903,0.7195,3,-0.3669,14.6531,14.6531,0.0
2008-03-09,3,Other,8,10.6,10-<12,12.2,1.6,-0.2791,1.3979,2,-0.091,0.2537,2,1.4244,1.4939,3,-1.44,14.6572,14.6572,0.0
2008-03-10,3,Other,8,4.6,<8,8.9,4.3,0.65,1.807,2,-0.9417,1.061,2,1.2647,1.3511,3,1.6925,11.6617,14.6617,3.0
2008-03-11,3,Other,8,8.3,8-<10,6.5,-1.8,2.1652,2.749,2,0.9962,1.2383,2,4.3971,4.4062,3,1.2218,11.6661,14.6661,3.0
2008-03-12,3,Other,8,6.4,<8,4.6,-1.8,-0.1728,1.2538,2,-0.1867,0.2198,2,1.2869,1.3211,3,-1.128,11.6706,14.6706,3.0
2008-03-13,3,Other,8,7.2,<8,6.2,-1.0,-0.1239,0.8831,2,-0.4444,0.7163,2,0.7308,0.7736,3,-0.8681,14.6753,14.6753,0.0
2008-03-14,3,Other,8,9.1,8-<10,9.4,0.3,-0.2229,1.3136,2,-1.4699,2.2017,2,0.946,1.1018,3,-0.1608,14.68,14.68,0.0
2008-03-15,3,Other,8,13.8,12-<15,13.7,-0.1,-1.5159,3.3223,2,-1.3756,2.1678,2,1.2115,1.2194,3,-3.9216,14.685,14.685,0.0
2008-03-16,3,Other,8,11.4,10-<12,15.9,4.5,-0.8328,3.3959,2,-1.8967,2.0288,2,2.7361,3.2984,3,-2.9465,2.69,14.69,-12.0
2008-03-17,3,Other,8,10.9,10-<12,17.1,6.2,1.2844,2.4452,2,0.093,0.1437,2,4.3242,4.4261,3,0.9722,11.695,14.695,3.0
2008-03-18,3,Other,8,9.8,8-<10,15.0,5.2,1.05,2.4655,2,-0.7724,0.8433,2,2.0048,2.0991,3,2.4541,11.7,14.7,3.0
2008-03-19,3,Other,8,10.7,10-<12,11.0,0.3,2.4021,2.9658,2,0.704,1.0809,2,4.9933,5.0195,3,1.5383,14.705,14.705,0.0
2008-03-20,3,Other,8,11.6,10-<12,12.0,0.4,0.0802,0.9966,2,-0.6159,1.0226,2,0.9821,1.2674,3,0.0881,14.7103,14.7103,0.0
2008-03-21,3,Other,8,11.7,10-<12,13.1,1.4,-0.2393,1.1036,2,-0.4241,0.7511,2,0.6775,0.7076,3,-1.0226,14.7156,14.7156,0.0
2008-03-22,3,Other,8,10.6,10-<12,14.9,4.3,-0.4763,1.0156,2,-1.4975,1.7783,2,0.457,0.6576,3,-0.539,14.7208,14.7208,0.0
2008-03-23,3,Other,8,14.8,12-<15,19.4,4.6,-0.5496,1.0034,2,-0.2636,0.4954,2,0.3657,0.4107,3,-0.9931,14.7261,14.7261,0.0
2008-03-24,3,Other,8,9.6,8-<10,17.9,8.3,-0.2355,1.0171,2,-1.2381,1.7687,2,0.5311,0.5534,3,-0.1641,14.7314,14.7314,0.0
2008-03-25,3,Other,8,13.6,12-<15,16.1,2.5,2.2609,4.1637,2,1.1231,3.2154,2,5.305,5.3056,3,-0.2112,14.7367,14.7367,0.0
2008-03-26,3,Other,8,10.6,10-<12,9.0,-1.6,0.2741,1.1477,2,0.4375,0.5317,2,1.3156,1.3561,3,-0.8594,14.7419,14.7419,0.0
2008-03-27,3,Other,8,9.3,8-<10,7.6,-1.7,-0.5895,1.079,2,-1.4382,1.5737,2,0.6075,0.6129,3,-0.9286,14.7472,14.7472,0.0
2008-03-28,3,Other,8,11.2,10-<12,11.7,0.5,-0.434,1.1731,2,-0.7063,1.1766,2,0.3282,0.3308,3,-0.9685,14.7528,14.7528,0.0
2008-03-29,3,Other,8,6.9,<8,10.2,3.3,1.4011,3.3643,2,-1.8161,2.0526,2,3.5259,4.284,3,2.7593,11.7581,14.7581,3.0
2008-03-30,3,Other,8,10.0,10-<12,8.8,-1.2,-0.4946,1.1073,2,-1.0478,1.2858,2,0.3147,0.3157,3,-0.9134,14.7633,14.7633,0.0
2008-03-31,3,Other,8,12.9,12-<15,12.2,-0.7,-0.5721,1.1646,2,-0.9075,1.3168,2,0.5684,0.7062,3,-1.2112,14.7686,14.7686,0.0
2008-04-01,4,Other,8,12.2,12-<15,15.6,3.4,-1.395,2.2751,2,-1.4728,1.6767,2,0.4184,0.4243,3,-3.2116,14.7739,14.7739,0.0
2008-04-02,4,Other,8,8.0,8-<10,17.7,9.7,0.4425,0.7311,2,-0.2437,0.3764,2,1.0061,1.0537,3,0.685,14.7792,14.7792,0.0
2008-04-03,4,Other,8,11.1,10-<12,17.8,6.7,-0.5086,1.4963,2,-1.2513,1.8359,2,0.9974,1.0435,3,-0.6937,11.7842,14.7842,3.0
2008-04-04,4,Other,8,8.5,8-<10,17.8,9.3,0.6838,1.0785,2,0.1372,0.1373,2,0.9752,1.0473,3,0.8827,14.7894,14.7894,0.0
2008-04-05,4,Other,8,14.8,12-<15,21.0,6.2,-0.7043,1.2386,2,-0.6991,1.0909,2,0.152,0.1645,3,-1.4156,14.7944,14.7944,0.0
2008-04-06,4,Other,8,10.3,10-<12,18.8,8.5,1.5403,2.3321,2,0.7411,0.942,2,3.6073,3.6278,3,-0.0286,14.7994,14.7994,0.0
2008-04-07,4,Other,8,11.3,10-<12,20.4,9.1,1.1878,2.6256,2,-0.9315,1.4414,2,0.6421,0.6888,3,3.5422,14.8044,14.8044,0.0
2008-04-08,4,Other,8,16.0,15-<18,18.0,2.0,5.5721,7.6558,2,1.5308,2.2889,2,12.9296,12.9346,3,2.1953,11.8094,14.8094,3.0
2008-04-09,4,Other,8,11.8,10-<12,13.2,1.4,-0.2418,1.1683,2,-0.5371,0.6148,2,0.6128,0.651,3,-0.9631,14.8142,14.8142,0.0
2008-04-10,4,Other,8,10.0,10-<12,14.4,4.4,-0.3873,0.9451,2,-1.3041,1.6651,2,0.3347,0.3708,3,-0.2275,14.8189,14.8189,0.0
2008-04-11,4,Other,8,10.4,10-<12,16.8,6.4,0.3278,1.0399,2,-0.8513,1.2996,2,1.0099,1.0326,3,0.7781,14.8236,14.8236,0.0
2008-04-12,4,Other,8,13.5,12-<15,18.6,5.1,-0.3836,1.0859,2,-0.8597,1.0609,2,0.6067,0.6431,3,-0.9122,14.8281,14.8281,0.0
2008-04-13,4,Other,8,13.9,12-<15,20.5,6.6,-0.9291,1.7153,2,-1.1508,1.6696,2,0.6328,0.648,3,-2.0414,14.8325,14.8325,0.0
2008-04-14,4,Other,8,12.8,12-<15,23.1,10.3,-0.2554,0.6336,2,-0.5724,0.6515,2,0.4076,0.4079,3,-0.4127,14.8369,14.8369,0.0
2008-04-15,4,Other,8,8.9,8-<10,21.0,12.1,3.2531,4.1506,2,0.8295,1.179,2,6.716,6.7332,3,2.0884,11.8411,14.8411,3.0
2008-04-16,4,Other,8,8.5,8-<10,18.4,9.9,0.146,0.6309,2,-0.5968,0.8319,2,0.6438,0.6917,3,0.1768,14.8453,14.8453,0.0
2008-04-17,4,Other,8,10.9,10-<12,20.4,9.5,4.3177,6.6078,2,0.0065,0.7065,2,4.3388,5.2426,3,8.0922,14.8494,14.8494,0.0
2008-04-18,4,Other,8,16.5,15-<18,11.7,-4.8,6.9585,9.336,2,2.5921,4.3954,2,14.3266,14.3663,3,2.7072,2.8533,14.8533,-12.0
2008-04-19,4,Other,8,4.5,<8,0.1,-4.4,0.3532,0.6532,2,0.327,0.5093,2,0.8081,0.8082,3,-0.1812,14.8572,14.8572,0.0
2008-04-20,4,Other,8,10.2,10-<12,6.2,-4.0,-0.2417,1.0774,2,-0.5583,0.5594,2,0.1403,0.2102,3,-0.8401,14.8608,14.8608,0.0
2008-04-21,4,Other,8,11.4,10-<12,10.9,-0.5,-0.5013,1.2963,2,-0.4175,0.4176,2,0.015,0.4818,3,-1.4518,14.8642,14.8642,0.0
2008-04-22,4,Other,8,12.3,12-<15,16.1,3.8,-2.1472,3.0188,2,-3.7433,4.0618,2,0.0093,0.2874,3,-3.145,14.8678,14.8678,0.0
2008-04-23,4,Other,8,9.7,8-<10,19.1,9.4,-0.3411,1.0209,2,-1.5348,1.5652,2,0.2285,0.434,3,-0.0494,14.8708,14.8708,0.0
2008-04-24,4,Other,8,13.5,12-<15,21.4,7.9,-1.0118,1.8519,2,-0.98,1.4391,2,0.3376,0.4148,3,-2.3273,14.8742,14.8742,0.0
2008-04-25,4,Other,8,7.8,<8,21.6,13.8,0.5286,1.0654,2,-0.5589,0.5928,2,0.9534,0.9659,3,0.7345,14.8769,14.8769,0.0
2008-04-26,4,Other,8,12.5,12-<15,25.8,13.3,0.2608,0.9353,2,-0.9845,1.1743,2,0.6567,0.7487,3,0.4315,14.8797,14.8797,0.0
2008-04-27,4,Other,8,12.8,12-<15,26.4,13.6,-0.5088,1.1668,2,-1.5981,1.9682,2,0.3403,0.9221,3,-0.3235,17.8825,14.8825,-3.0
2008-04-28,4,Other,8,17.7,15-<18,25.3,7.6,5.817,9.5234,2,0.5907,4.7658,2,16.184,16.2546,3,1.6583,11.885,14.885,3.0
2008-04-29,4,Other,8,10.0,10-<12,17.7,7.7,-0.3419,1.427,2,-0.0428,0.5289,2,1.0216,1.029,3,-1.9133,14.8875,14.8875,0.0
2008-04-30,4,Other,8,13.1,12-<15,20.9,7.8,2.5571,4.5474,2,-1.5822,2.0575,2,7.2796,7.2896,3,2.4511,11.8897,14.8897,3.0
2008-05-01,5,May-Sep,8,6.4,<8,12.7,6.3,0.7556,1.6379,2,1.2044,1.9168,2,1.1506,1.4315,3,-0.3821,14.8917,14.8917,0.0
2008-05-02,5,May-Sep,8,12.3,12-<15,13.6,1.3,-0.673,1.662,2,-0.7998,1.0501,2,0.485,0.8622,3,-1.8331,14.8936,14.8936,0.0
2008-05-03,5,May-Sep,8,13.0,12-<15,20.1,7.1,-1.4909,3.1381,2,-2.866,3.198,2,0.7444,1.0591,3,-2.9131,14.8953,14.8953,0.0
2008-05-04,5,May-Sep,8,12.1,12-<15,27.3,15.2,1.3354,2.7462,2,-0.2744,0.2749,2,3.1529,3.8761,3,1.2779,14.8969,14.8969,0.0
2008-05-05,5,May-Sep,8,9.1,8-<10,20.4,11.3,1.0769,1.8441,2,0.4466,1.3218,2,2.5401,2.5404,3,0.3063,14.8983,14.8983,0.0
2008-05-06,5,May-Sep,8,6.7,<8,16.7,10.0,1.5452,1.8519,2,1.065,1.647,2,2.5393,2.5772,3,1.0293,14.8994,14.8994,0.0
2008-05-07,5,May-Sep,8,8.3,8-<10,18.3,10.0,0.6853,0.905,2,0.6873,1.1691,2,0.4931,0.5343,3,0.8246,14.9006,14.9006,0.0
2008-05-08,5,May-Sep,8,15.5,15-<18,23.7,8.2,-2.085,3.0339,2,-2.3575,2.7373,2,-0.2929,0.5715,3,-3.3457,14.9014,14.9014,0.0
2008-05-09,5,May-Sep,8,10.0,10-<12,28.1,18.1,0.9371,1.3918,2,0.2218,0.5471,2,0.3439,0.3469,3,1.9468,14.9022,14.9022,0.0
2008-05-10,5,May-Sep,8,14.8,12-<15,29.8,15.0,-0.2649,0.7747,2,-0.6033,0.7434,2,0.1564,0.4684,3,-0.4663,14.9028,14.9028,0.0
2008-05-11,5,May-Sep,8,11.0,10-<12,29.3,18.3,0.0375,0.8199,2,-0.9616,1.0304,2,0.8383,0.9046,3,-0.0846,14.9033,14.9033,0.0
2008-05-12,5,May-Sep,8,10.0,10-<12,29.9,19.9,0.3614,0.5636,2,0.2017,0.2697,2,0.6509,0.698,3,0.2812,14.9036,14.9036,0.0
2008-05-13,5,May-Sep,8,10.5,10-<12,30.4,19.9,0.5745,1.1269,2,-0.3897,0.4199,2,1.7233,2.0579,3,0.5161,14.9036,14.9036,0.0
2008-05-14,5,May-Sep,8,11.5,10-<12,32.2,20.7,0.0939,0.3706,2,-0.3442,0.4384,2,0.2664,0.4257,3,0.2519,14.9036,14.9036,0.0
2008-05-15,5,May-Sep,8,10.5,10-<12,30.9,20.4,0.4402,0.7449,2,0.5602,0.7713,2,1.0783,1.0932,3,-0.1487,14.9033,14.9033,0.0
2008-05-16,5,May-Sep,8,10.3,10-<12,30.4,20.1,-0.0922,0.2974,2,-0.1208,0.1419,2,0.1925,0.282,3,-0.2346,14.9031,14.9031,0.0
2008-05-17,5,May-Sep,8,8.6,8-<10,29.1,20.5,1.9295,3.4103,2,-0.4691,0.5633,2,2.2449,2.2714,3,3.4101,14.9025,14.9025,0.0
2008-05-18,5,May-Sep,8,12.3,12-<15,25.4,13.1,-0.2118,1.3852,2,-1.0193,1.2906,2,1.2805,1.3193,3,-0.9609,14.9017,14.9017,0.0
2008-05-19,5,May-Sep,8,11.3,10-<12,26.9,15.6,-0.581,1.1171,2,-0.6754,0.6927,2,0.2417,0.3526,3,-1.3612,14.9008,14.9008,0.0
2008-05-20,5,May-Sep,8,7.7,<8,26.5,18.8,1.0202,1.4379,2,0.3783,0.9147,2,2.2531,2.3462,3,0.6052,14.9,14.9,0.0
2008-05-21,5,May-Sep,8,10.1,10-<12,27.2,17.1,-0.1109,0.6314,2,-0.9239,0.9718,2,0.1663,0.2857,3,0.0195,14.8989,14.8989,0.0
2008-05-22,5,May-Sep,8,11.2,10-<12,29.1,17.9,-0.2612,0.8933,2,-0.841,0.9296,2,0.4554,0.4773,3,-0.3487,14.8975,14.8975,0.0
2008-05-23,5,May-Sep,8,8.8,8-<10,29.3,20.5,0.2786,0.4894,2,-0.3136,0.3212,2,0.4955,0.4956,3,0.373,14.8961,14.8961,0.0
2008-05-24,5,May-Sep,8,10.6,10-<12,27.8,17.2,2.1037,4.504,2,-1.9774,2.2882,2,6.2948,7.0151,3,2.494,11.8947,14.8947,3.0
2008-05-25,5,May-Sep,8,8.9,8-<10,21.9,13.0,0.9905,1.2937,2,1.1935,1.3816,2,1.5939,1.6691,3,0.3373,14.8931,14.8931,0.0
2008-05-26,5,May-Sep,8,11.4,10-<12,24.7,13.3,-0.2569,0.6687,2,-0.6616,0.6855,2,0.0544,0.348,3,-0.518,14.8911,14.8911,0.0
2008-05-27,5,May-Sep,8,12.1,12-<15,26.8,14.7,-0.2747,1.0276,2,-0.39,0.4,2,0.3675,0.7298,3,-1.059,14.8892,14.8892,0.0
2008-05-28,5,May-Sep,8,13.0,12-<15,29.4,16.4,-0.3504,0.9313,2,-1.0081,1.0533,2,0.4196,0.4747,3,-0.6121,14.8872,14.8872,0.0
2008-05-29,5,May-Sep,8,13.4,12-<15,32.3,18.9,-0.6359,1.6593,2,-0.9237,0.9939,2,0.4502,0.4737,3,-1.6667,14.885,14.885,0.0
2008-05-30,5,May-Sep,8,10.3,10-<12,32.6,22.3,0.1548,0.411,2,0.0178,0.4461,2,0.476,0.5512,3,0.129,14.8825,14.8825,0.0
2008-05-31,5,May-Sep,8,13.2,12-<15,35.0,21.8,-0.3406,0.892,2,-1.004,1.1563,2,0.5171,0.5175,3,-0.7135,14.8803,14.8803,0.0
2008-06-01,6,May-Sep,8,13.7,12-<15,36.2,22.5,0.4009,1.9315,2,-0.5912,0.9252,2,2.4923,3.3881,3,0.0931,14.8778,14.8778,0.0
2008-06-02,6,May-Sep,8,7.1,<8,31.6,24.5,0.7212,0.9944,2,0.8356,1.0003,2,1.1089,1.1144,3,0.1667,14.875,14.875,0.0
2008-06-03,6,May-Sep,8,8.3,8-<10,29.6,21.3,2.9263,3.9864,2,1.2036,2.1873,2,5.7945,5.8251,3,1.7626,11.8725,14.8725,3.0
2008-06-04,6,May-Sep,8,7.6,<8,27.2,19.6,0.2506,0.647,2,-0.1018,0.3758,2,0.4345,0.6355,3,0.0075,17.8697,14.8697,-3.0
2008-06-05,6,May-Sep,8,13.8,12-<15,32.6,18.8,-0.6766,1.3345,2,-0.6183,0.6513,2,0.1484,0.7629,3,-1.6626,14.8667,14.8667,0.0
2008-06-06,6,May-Sep,8,14.5,12-<15,36.4,21.9,-0.0056,1.4069,2,-1.7973,2.0796,2,1.213,1.4623,3,0.2665,14.8639,14.8639,0.0
2008-06-07,6,May-Sep,8,11.7,10-<12,32.9,21.2,1.4813,2.0678,2,0.7585,0.817,2,2.8673,2.88,3,0.7377,14.8608,14.8608,0.0
2008-06-08,6,May-Sep,8,10.5,10-<12,31.1,20.6,0.3927,1.3086,2,-0.1023,0.585,2,1.2842,1.3829,3,0.3126,11.8575,14.8575,3.0
2008-06-09,6,May-Sep,8,11.1,10-<12,32.1,21.0,-0.1898,0.6496,2,-0.7654,0.9086,2,0.154,0.2876,3,-0.2526,14.8544,14.8544,0.0
2008-06-10,6,May-Sep,8,15.6,15-<18,36.5,20.9,-0.5508,1.6482,2,-0.1393,0.3345,2,1.2652,1.3877,3,-2.0785,14.8511,14.8511,0.0
2008-06-11,6,May-Sep,8,19.4,18-<20,33.0,13.6,4.6473,9.9464,2,-1.3258,5.6759,2,12.2653,12.4009,3,-0.3942,2.8478,14.8478,-12.0
2008-06-12,6,May-Sep,8,13.3,12-<15,28.0,14.7,-0.4027,0.8162,2,-0.8868,0.9066,2,0.393,0.4927,3,-0.7686,14.8444,14.8444,0.0
2008-06-13,6,May-Sep,8,9.5,8-<10,27.1,17.6,0.0406,0.68,2,0.4527,0.5106,2,0.1465,0.29,3,-0.4793,14.8411,14.8411,0.0
2008-06-14,6,May-Sep,8,11.4,10-<12,28.6,17.2,-0.1597,0.707,2,-0.3168,0.3633,2,-0.0023,0.3984,3,-0.4849,14.8378,14.8378,0.0
2008-06-15,6,May-Sep,8,15.8,15-<18,33.2,17.4,-0.5333,1.4335,2,-0.2737,0.7208,2,0.3175,0.3634,3,-1.698,14.8344,14.8344,0.0
2008-06-16,6,May-Sep,8,9.9,8-<10,31.4,21.5,2.9041,3.6048,2,0.5722,0.5859,2,5.3299,5.3365,3,2.5406,11.8308,14.8308,3.0
2008-06-17,6,May-Sep,8,10.5,10-<12,30.3,19.8,2.8327,4.7964,2,-0.7969,0.9895,2,5.9498,6.8798,3,4.1432,11.8275,14.8275,3.0
2008-06-18,6,May-Sep,8,9.0,8-<10,24.0,15.0,-0.0305,0.4378,2,0.1925,0.3722,2,0.1297,0.1339,3,-0.5029,14.8239,14.8239,0.0
2008-06-19,6,May-Sep,8,8.2,8-<10,24.5,16.3,0.199,1.0467,2,1.1454,1.6124,2,0.4226,0.635,3,-0.7223,17.8203,14.8203,-3.0
2008-06-20,6,May-Sep,8,9.8,8-<10,23.8,14.0,3.3778,4.844,2,1.9282,2.2725,2,7.2904,7.2932,3,0.6916,2.8169,14.8169,-12.0
2008-06-21,6,May-Sep,8,12.1,12-<15,27.0,14.9,0.0243,1.0246,2,0.0705,0.2291,2,0.4223,0.7938,3,-0.7986,17.8133,14.8133,-3.0
2008-06-22,6,May-Sep,8,15.6,15-<18,32.7,17.1,-0.6114,1.8017,2,-1.2273,1.235,2,1.2925,1.3268,3,-1.6532,14.8097,14.8097,0.0
2008-06-23,6,May-Sep,7,9.8,8-<10,31.8,22.0,0.4633,1.6119,2,-1.1895,1.3302,2,2.5436,2.5674,2,0.1166,11.8064,14.8064,3.0
2008-06-24,6,May-Sep,8,11.5,10-<12,32.7,21.2,-0.2312,0.9239,2,-0.7341,0.736,2,0.8569,0.8679,3,-0.8562,14.8031,14.8031,0.0
2008-06-25,6,May-Sep,8,10.2,10-<12,32.1,21.9,0.3467,1.1997,2,-0.2843,0.4142,2,0.5249,0.5295,3,0.6836,14.7994,14.7994,0.0
2008-06-26,6,May-Sep,8,11.2,10-<12,30.7,19.5,3.3705,4.9042,2,-0.2434,0.8177,2,8.5244,8.5793,3,1.6325,8.7961,14.7961,6.0
2008-06-27,6,May-Sep,8,8.3,8-<10,27.1,18.8,-0.1041,1.1256,2,-1.3201,1.4445,2,0.9741,1.6415,3,0.0567,17.7928,14.7928,-3.0
2008-06-28,6,May-Sep,8,9.4,8-<10,29.1,19.7,0.3091,1.0739,2,-0.9509,1.0656,2,0.6682,0.8505,3,0.3334,17.7894,14.7894,-3.0
2008-06-29,6,May-Sep,8,10.1,10-<12,29.8,19.7,0.7119,1.5872,2,-1.0528,1.3329,2,1.8329,2.2124,3,1.0983,14.7864,14.7864,0.0
2008-06-30,6,May-Sep,8,7.3,<8,26.9,19.6,0.2035,1.1859,2,0.158,0.6083,2,1.3767,1.3768,3,-0.8518,14.7831,14.7831,0.0
2008-07-01,7,May-Sep,8,6.9,<8,25.9,19.0,0.4544,2.7034,2,-1.9683,2.0567,2,2.8474,3.891,3,0.5706,14.78,14.78,0.0
2008-07-02,7,May-Sep,8,11.4,10-<12,30.4,19.0,0.56,1.2465,2,0.9426,1.3316,2,0.6178,0.9908,3,-0.3305,17.7769,14.7769,-3.0
2008-07-03,7,May-Sep,8,14.2,12-<15,34.3,20.1,-0.2024,0.9972,2,-0.505,0.9102,2,0.4253,0.4858,3,-0.5081,14.7739,14.7739,0.0
2008-07-04,7,May-Sep,8,10.3,10-<12,33.4,23.1,-0.1603,0.8034,2,-0.7071,1.1515,2,0.5245,0.8496,3,-0.3362,17.7711,14.7711,-3.0
2008-07-05,7,May-Sep,8,8.6,8-<10,32.5,23.9,1.1971,1.7936,2,-0.1632,0.2992,2,2.4112,2.4591,3,0.5202,17.7683,14.7683,-3.0
2008-07-06,7,May-Sep,8,10.5,10-<12,32.6,22.1,0.4492,1.7123,2,-0.6793,0.8703,2,2.1143,2.727,3,0.4562,14.7656,14.7656,0.0
2008-07-07,7,May-Sep,8,5.8,<8,27.7,21.9,1.2285,2.0272,2,-0.1901,0.2774,2,2.2541,2.2798,3,1.4003,11.7631,14.7631,3.0
2008-07-08,7,May-Sep,8,8.1,8-<10,25.9,17.8,0.101,0.9553,2,0.1554,0.7571,2,0.5866,0.5939,3,-0.6177,14.7606,14.7606,0.0
2008-07-09,7,May-Sep,8,10.1,10-<12,28.5,18.4,0.0525,0.6362,2,-0.0918,0.7175,2,0.4343,0.5626,3,-0.3866,14.7581,14.7581,0.0
2008-07-10,7,May-Sep,8,10.9,10-<12,30.4,19.5,-0.3479,0.9529,2,-1.0336,1.402,2,0.493,0.5762,3,-0.4936,14.7558,14.7558,0.0
2008-07-11,7,May-Sep,8,11.3,10-<12,31.9,20.6,-0.0576,0.5982,2,-0.7906,0.8453,2,0.472,0.5057,3,0.0199,14.7536,14.7536,0.0
2008-07-12,7,May-Sep,8,12.6,12-<15,33.7,21.1,-0.2249,0.9616,2,-1.0493,1.2032,2,0.7048,0.8181,3,-0.1464,14.7517,14.7517,0.0
2008-07-13,7,May-Sep,8,13.7,12-<15,35.4,21.7,-0.7102,1.3366,2,-1.4686,1.8497,2,0.5476,0.5704,3,-0.9022,14.7497,14.7497,0.0
2008-07-14,7,May-Sep,8,8.5,8-<10,33.3,24.8,2.0597,3.2301,2,-0.3699,0.4182,2,5.4137,5.7305,3,1.9645,11.7478,14.7478,3.0
2008-07-15,7,May-Sep,8,9.3,8-<10,32.7,23.4,0.2946,0.8685,2,-0.7679,0.8252,2,0.5718,0.7729,3,0.5568,17.7464,14.7464,-3.0
2008-07-16,7,May-Sep,8,12.9,12-<15,33.8,20.9,-0.5473,1.0471,2,-1.6633,1.8889,2,0.4854,0.4855,3,-0.4609,14.7447,14.7447,0.0
2008-07-17,7,May-Sep,8,10.0,10-<12,32.1,22.1,0.7205,1.1156,2,0.333,1.0756,2,1.1839,1.3304,3,0.3874,17.7433,14.7433,-3.0
2008-07-18,7,May-Sep,8,12.4,12-<15,33.7,21.3,0.4038,1.2895,2,-1.0481,1.2613,2,1.3585,1.7292,3,0.8639,14.7422,14.7422,0.0
2008-07-19,7,May-Sep,8,10.3,10-<12,30.6,20.3,1.2003,2.7176,2,-0.4286,0.4287,2,4.5159,5.0795,3,0.3045,11.7411,14.7411,3.0
2008-07-20,7,May-Sep,8,7.0,<8,25.6,18.6,0.9186,2.1895,2,1.5348,2.344,2,0.5861,0.9186,3,-0.2265,17.7403,14.7403,-3.0
2008-07-21,7,May-Sep,8,11.7,10-<12,30.5,18.8,-0.5805,1.5267,2,-0.6086,0.6267,2,0.3901,0.4024,3,-1.7023,14.7394,14.7394,0.0
2008-07-22,7,May-Sep,8,8.3,8-<10,31.3,23.0,0.3771,0.722,2,0.2895,0.5277,2,0.866,1.2678,3,0.1387,17.7389,14.7389,-3.0
2008-07-23,7,May-Sep,8,10.3,10-<12,32.5,22.2,-0.4025,0.9189,2,-0.9679,1.0564,2,0.3098,0.7475,3,-0.6653,17.7383,14.7383,-3.0
2008-07-24,7,May-Sep,8,14.2,12-<15,31.9,17.7,2.951,7.6764,2,-2.5032,5.5227,2,10.2527,10.781,3,-0.7016,2.7381,14.7381,-12.0
2008-07-25,7,May-Sep,8,7.5,<8,25.7,18.2,1.7249,2.9895,2,0.2323,0.6084,2,1.154,1.3825,3,3.4443,14.7378,14.7378,0.0
2008-07-26,7,May-Sep,8,9.6,8-<10,24.7,15.1,-0.4327,0.8887,2,-1.3125,1.4539,2,0.2411,0.2463,3,-0.6327,14.7381,14.7381,0.0
2008-07-27,7,May-Sep,8,10.3,10-<12,27.8,17.5,-0.1829,1.0002,2,-0.1629,0.1905,2,0.252,0.594,3,-0.9372,14.7381,14.7381,0.0
2008-07-28,7,May-Sep,8,9.5,8-<10,29.9,20.4,1.0267,1.8859,2,0.5177,0.7288,2,1.3924,1.7755,3,1.7363,14.7386,14.7386,0.0
2008-07-29,7,May-Sep,8,7.9,<8,26.7,18.8,0.2207,0.5843,2,0.3196,0.8775,2,0.126,0.1305,3,-0.0146,14.7392,14.7392,0.0
2008-07-30,7,May-Sep,8,9.8,8-<10,30.6,20.8,0.4466,0.8483,2,0.8241,1.3095,2,0.3219,0.4192,3,-0.0159,14.7397,14.7397,0.0
2008-07-31,7,May-Sep,8,12.0,12-<15,33.7,21.7,-0.4516,0.9205,2,-0.6017,0.6785,2,0.1502,0.463,3,-1.0006,14.7406,14.7406,0.0
2008-08-01,8,May-Sep,8,12.2,12-<15,37.4,25.2,-1.0796,1.8979,2,-0.9622,1.1229,2,0.6863,0.7143,3,-2.747,14.7417,14.7417,0.0
2008-08-02,8,May-Sep,8,13.1,12-<15,38.5,25.4,-0.2778,0.9086,2,-1.105,1.3806,2,0.8836,0.9068,3,-0.4308,14.7431,14.7431,0.0
2008-08-03,8,May-Sep,8,11.4,10-<12,36.3,24.9,0.1801,0.9733,2,-0.4716,0.5105,2,1.0734,1.0735,3,-0.3094,14.7444,14.7444,0.0
2008-08-04,8,May-Sep,8,13.3,12-<15,34.0,20.7,2.738,6.8347,2,-4.3767,4.4041,2,8.765,9.1648,3,3.9861,8.7461,14.7461,6.0
2008-08-05,8,May-Sep,8,9.0,8-<10,21.9,12.9,1.8683,2.5586,2,1.0905,1.7472,2,3.1498,3.2145,3,0.5816,17.7478,14.7478,-3.0
2008-08-06,8,May-Sep,8,12.8,12-<15,27.1,14.3,-0.651,1.2427,2,-1.4653,1.5858,2,-0.2155,0.5476,3,-0.5597,14.7497,14.7497,0.0
2008-08-07,8,May-Sep,8,15.8,15-<18,32.7,16.9,0.097,1.1862,2,-0.2161,0.2509,2,1.1116,1.114,3,-0.7927,14.7519,14.7519,0.0
2008-08-08,8,May-Sep,8,10.5,10-<12,31.4,20.9,-0.0234,1.2632,2,-0.9767,1.3403,2,1.656,1.6564,3,-0.7071,14.7542,14.7542,0.0
2008-08-09,8,May-Sep,8,13.3,12-<15,35.7,22.4,0.2846,0.8131,2,0.0727,0.3237,2,1.4429,1.4636,3,-0.0968,11.7567,14.7567,3.0
2008-08-10,8,May-Sep,8,14.4,12-<15,37.2,22.8,-0.5544,0.9849,2,-1.0803,1.2597,2,0.125,0.2048,3,-0.861,14.7592,14.7592,0.0
2008-08-11,8,May-Sep,8,12.0,12-<15,35.5,23.5,5.0305,6.3237,2,2.1487,3.2874,2,9.258,9.2698,3,3.2015,14.7619,14.7619,0.0
2008-08-12,8,May-Sep,8,8.6,8-<10,27.0,18.4,0.2019,0.9783,2,-0.001,0.3524,2,1.5007,1.5288,3,-0.6791,14.765,14.765,0.0
2008-08-13,8,May-Sep,8,8.2,8-<10,27.1,18.9,0.6343,1.272,2,-0.8004,1.169,2,1.6706,1.7128,3,0.8742,14.7681,14.7681,0.0
2008-08-14,8,May-Sep,8,9.8,8-<10,27.9,18.1,0.7715,1.5274,2,0.8624,1.732,2,0.923,0.9614,3,-0.1182,14.7714,14.7714,0.0
2008-08-15,8,May-Sep,8,12.8,12-<15,31.5,18.7,-0.7654,1.6722,2,-0.4552,0.6325,2,0.391,0.4038,3,-1.9907,14.7747,14.7747,0.0
2008-08-16,8,May-Sep,8,10.3,10-<12,31.7,21.4,1.4128,3.1095,2,-1.6885,2.1068,2,4.8847,4.9486,3,1.6476,11.7783,14.7783,3.0
2008-08-17,8,May-Sep,8,6.5,<8,26.2,19.7,0.33,0.914,2,-0.665,0.8395,2,1.5587,1.5808,3,0.2284,11.7822,14.7822,3.0
2008-08-18,8,May-Sep,8,7.9,<8,27.7,19.8,0.9022,2.5206,2,-0.8014,1.0396,2,1.1208,1.1232,3,2.346,11.7861,14.7861,3.0
2008-08-19,8,May-Sep,8,12.9,12-<15,25.7,12.8,3.8347,5.1668,2,1.9265,2.8665,2,7.2112,7.2432,3,1.088,14.7903,14.7903,0.0
2008-08-20,8,May-Sep,8,12.9,12-<15,26.8,13.9,-0.0091,0.7211,2,-0.434,0.4569,2,0.3549,0.3568,3,-0.3492,14.7944,14.7944,0.0
2008-08-21,8,May-Sep,8,14.4,12-<15,29.7,15.3,-0.4174,0.8716,2,-0.657,0.9482,2,0.2554,0.2578,3,-0.574,14.7986,14.7986,0.0
2008-08-22,8,May-Sep,8,9.9,8-<10,28.9,19.0,0.1206,1.117,2,-0.6286,0.8825,2,1.2299,1.3049,3,0.0857,14.8031,14.8031,0.0
2008-08-23,8,May-Sep,8,10.3,10-<12,30.5,20.2,1.0147,1.8904,2,-0.8472,1.0652,2,2.5994,2.7213,3,1.6589,11.8078,14.8078,3.0
2008-08-24,8,May-Sep,8,11.0,10-<12,29.4,18.4,0.0825,1.6221,2,-2.0999,2.1027,2,0.6992,0.8628,3,1.1475,14.8125,14.8125,0.0
2008-08-25,8,May-Sep,8,10.9,10-<12,29.4,18.5,-0.1853,1.0009,2,-0.9311,1.3984,2,0.9994,1.1685,3,-0.2501,14.8175,14.8175,0.0
2008-08-26,8,May-Sep,8,14.0,12-<15,32.6,18.6,2.0224,4.3067,2,-1.1549,1.5979,2,4.5923,5.4852,3,3.7608,11.8225,14.8225,3.0
2008-08-27,8,May-Sep,8,8.6,8-<10,23.1,14.5,3.1382,4.4417,2,1.194,2.4148,2,6.5375,6.5473,3,1.1151,2.8275,14.8275,-12.0
2008-08-28,8,May-Sep,8,8.9,8-<10,21.2,12.3,0.2198,0.7457,2,0.4526,0.5727,2,0.3126,0.5755,3,-0.3724,14.8328,14.8328,0.0
2008-08-29,8,May-Sep,8,14.1,12-<15,27.6,13.5,-0.4251,1.1806,2,-1.0687,1.3562,2,0.261,0.4229,3,-0.8583,14.8381,14.8381,0.0
2008-08-30,8,May-Sep,8,10.8,10-<12,29.6,18.8,-0.0133,1.3994,2,-1.9492,1.9616,2,0.5741,0.6382,3,0.8393,14.8433,14.8433,0.0
2008-08-31,8,May-Sep,8,10.0,10-<12,27.3,17.3,1.7986,2.8388,2,-0.182,0.2042,2,5.1217,5.1538,3,1.3519,11.8489,14.8489,3.0
2008-09-01,9,May-Sep,8,10.2,10-<12,26.7,16.5,-0.0832,0.777,2,-0.8475,1.2949,2,0.7516,0.7938,3,-0.0302,14.8544,14.8544,0.0
2008-09-02,9,May-Sep,8,12.8,12-<15,28.8,16.0,-0.0706,0.8766,2,-0.9471,1.3182,2,1.0652,1.0785,3,-0.2281,14.8603,14.8603,0.0
2008-09-03,9,May-Sep,8,11.4,10-<12,29.1,17.7,0.4711,1.7613,2,-1.3083,1.8899,2,1.4044,1.4935,3,1.6222,11.8658,14.8658,3.0
2008-09-04,9,May-Sep,8,8.3,8-<10,25.5,17.2,1.6289,2.0827,2,-0.1796,0.3461,2,2.4651,2.4708,3,1.8131,14.8717,14.8717,0.0
2008-09-05,9,May-Sep,8,11.5,10-<12,26.7,15.2,-0.2547,0.923,2,-0.6572,0.8395,2,0.5817,0.6974,3,-0.6575,14.8778,14.8778,0.0
2008-09-06,9,May-Sep,8,13.1,12-<15,24.1,11.0,2.6484,6.7161,2,-3.8792,4.1692,2,10.8588,10.8648,3,1.9047,11.8836,14.8836,3.0
2008-09-07,9,May-Sep,8,7.3,<8,16.7,9.4,-0.0246,0.6848,2,-0.8125,0.9661,2,0.4202,0.5955,3,0.1695,14.8897,14.8897,0.0
2008-09-08,9,May-Sep,8,8.5,8-<10,18.3,9.8,0.1834,0.5355,2,0.2324,0.4634,2,0.5272,0.5747,3,-0.1756,14.8956,14.8956,0.0
2008-09-09,9,May-Sep,8,13.0,12-<15,24.2,11.2,-0.2848,0.8959,2,-0.7859,1.2654,2,0.4879,0.4879,3,-0.333,14.9017,14.9017,0.0
2008-09-10,9,May-Sep,8,14.2,12-<15,27.1,12.9,-0.3815,0.8246,2,-0.9486,1.0213,2,0.4385,0.4605,3,-0.5137,14.9078,14.9078,0.0
2008-09-11,9,May-Sep,8,13.2,12-<15,29.0,15.8,-0.3145,1.2563,2,-0.7686,1.2511,2,0.8532,0.8904,3,-0.7863,14.9142,14.9142,0.0
2008-09-12,9,May-Sep,8,8.9,8-<10,28.2,19.3,0.4966,1.2317,2,-0.6167,0.8381,2,1.8711,1.9566,3,0.6227,11.9203,14.9203,3.0
2008-09-13,9,May-Sep,8,9.6,8-<10,27.3,17.7,0.2569,0.8535,2,-0.7818,1.2286,2,0.9103,0.962,3,0.5083,14.9264,14.9264,0.0
2008-09-14,9,May-Sep,8,13.0,12-<15,29.2,16.2,0.5907,1.6277,2,-0.6473,0.9367,2,2.3381,2.9749,3,0.5505,14.9325,14.9325,0.0
2008-09-15,9,May-Sep,8,12.5,12-<15,29.9,17.4,0.0906,1.2079,2,-1.0613,1.592,2,0.967,1.0743,3,0.5802,14.9389,14.9389,0.0
2008-09-16,9,May-Sep,8,10.1,10-<12,26.5,16.4,0.0327,1.0943,2,-1.1587,1.7749,2,0.9476,0.9796,3,0.0353,14.945,14.945,0.0
2008-09-17,9,May-Sep,8,14.1,12-<15,30.2,16.1,-0.9994,2.482,2,-0.3144,0.3241,2,0.4184,0.5922,3,-2.7309,14.9511,14.9511,0.0
2008-09-18,9,May-Sep,8,11.9,10-<12,27.6,15.7,2.9662,4.7734,2,1.4812,2.0065,2,6.7352,6.7366,3,0.6452,2.9572,14.9572,-12.0
2008-09-19,9,May-Sep,8,7.2,<8,20.8,13.6,0.852,1.5528,2,-0.1666,0.198,2,2.7103,2.8591,3,0.2884,14.9633,14.9633,0.0
2008-09-20,9,May-Sep,8,10.3,10-<12,17.1,6.8,2.693,6.0489,2,-2.36,3.5376,2,9.0978,9.1528,3,0.1471,2.9694,14.9694,-12.0
2008-09-21,9,May-Sep,8,8.1,8-<10,13.7,5.6,-0.1233,1.0324,2,-0.4041,0.6183,2,0.3214,0.3676,3,-0.9412,14.9756,14.9756,0.0
2008-09-22,9,May-Sep,7,7.9,<8,13.6,5.7,0.6228,1.5809,2,-0.6518,1.0432,2,0.9253,0.9338,3,1.2708,14.9817,14.9817,0.0
2008-09-23,9,May-Sep,7,6.8,<8,11.4,4.6,0.4298,0.7953,2,0.2753,0.69,2,0.3586,0.3633,2,0.06,14.9875,14.9875,0.0
2008-09-24,9,May-Sep,8,8.9,8-<10,13.0,4.1,-0.3213,0.9407,2,-0.9751,1.3719,2,0.3621,0.3967,3,-0.499,14.9933,14.9933,0.0
2008-09-25,9,May-Sep,7,8.6,8-<10,14.4,5.8,-0.2872,0.7152,2,-0.7926,1.0439,2,0.3256,0.3489,2,-0.5887,14.9992,14.9992,0.0
2008-09-26,9,May-Sep,8,10.2,10-<12,17.9,7.7,0.2367,0.6897,2,-0.2955,0.4362,2,0.5661,0.6255,3,0.0784,15.005,15.005,0.0
2008-09-27,9,May-Sep,8,13.7,12-<15,21.9,8.2,0.0364,0.811,2,-0.6404,1.0627,2,0.8756,1.0479,3,-0.0262,15.0106,15.0106,0.0
2008-09-28,9,May-Sep,8,8.6,8-<10,19.6,11.0,-0.1658,0.9485,2,-1.1717,1.6545,2,0.3876,0.3974,3,0.1176,15.0161,15.0161,0.0
2008-09-29,9,May-Sep,8,12.6,12-<15,25.2,12.6,0.2677,0.8933,2,-0.1789,0.2904,2,0.5419,0.5934,3,0.3453,15.0217,15.0217,0.0
2008-09-30,9,May-Sep,8,10.6,10-<12,23.6,13.0,-0.5539,1.4343,2,-0.7675,1.1213,2,0.7688,0.9005,3,-1.3202,15.0272,15.0272,0.0
2008-10-01,10,Other,8,7.9,<8,20.9,13.0,1.1457,2.5492,2,-0.9819,1.2485,2,4.2707,4.4283,3,0.9959,12.0325,15.0325,3.0
2008-10-02,10,Other,8,7.0,<8,19.3,12.3,0.0763,0.674,2,-0.6577,0.6961,2,0.5002,0.5835,3,0.0234,15.0375,15.0375,0.0
2008-10-03,10,Other,8,9.6,8-<10,20.4,10.8,-0.2373,0.8749,2,-0.8896,1.2847,2,0.5278,0.6797,3,-0.5876,15.0425,15.0425,0.0
2008-10-04,10,Other,8,12.1,12-<15,22.5,10.4,-0.1018,0.6924,2,-0.246,0.4276,2,0.9592,0.9611,3,-0.492,15.0475,15.0475,0.0
2008-10-05,10,Other,8,5.9,<8,19.0,13.1,0.8928,1.7825,2,-0.5328,0.8665,2,2.8377,2.8411,3,0.1307,9.0522,15.0522,6.0
2008-10-06,10,Other,8,7.1,<8,19.0,11.9,0.0408,0.8015,2,-0.8249,0.9205,2,1.2544,1.264,3,-0.0514,12.0569,15.0569,3.0
2008-10-07,10,Other,8,9.6,8-<10,19.8,10.2,-0.1272,1.2279,2,-1.2384,1.862,2,0.9806,1.0923,3,0.1444,15.0614,15.0614,0.0
2008-10-08,10,Other,8,10.0,10-<12,20.0,10.0,-0.0088,1.1159,2,-1.1803,1.7167,2,1.1764,1.3574,3,0.0836,15.0658,15.0658,0.0
2008-10-09,10,Other,8,12.8,12-<15,21.8,9.0,0.1582,0.8785,2,-0.8519,1.3897,2,0.8113,0.9102,3,0.4258,15.07,15.07,0.0
2008-10-10,10,Other,8,12.5,12-<15,23.2,10.7,-0.5285,2.2896,2,-4.0216,4.0451,2,1.4299,1.5632,3,0.8131,12.0742,15.0742,3.0
2008-10-11,10,Other,8,12.5,12-<15,24.0,11.5,-0.6122,1.8104,2,-1.9889,2.6403,2,0.4665,0.4715,3,-0.2866,15.0781,15.0781,0.0
2008-10-12,10,Other,8,8.8,8-<10,20.7,11.9,1.8913,3.3808,2,0.959,1.5446,2,4.5669,4.5908,3,0.1664,0.0817,15.0817,-9.0
2008-10-13,10,Other,8,9.2,8-<10,16.4,7.2,-0.541,0.948,2,-0.9855,1.3005,2,0.5127,0.5129,3,-1.0271,15.0853,15.0853,0.0
2008-10-14,10,Other,8,6.0,<8,13.8,7.8,0.7023,2.1762,2,-0.1383,1.0964,2,2.8175,2.8355,3,-0.8086,15.0886,15.0886,0.0
2008-10-15,10,Other,8,8.8,8-<10,14.3,5.5,0.0482,1.0993,2,-1.0793,1.5685,2,1.1407,1.191,3,0.4015,12.0917,15.0917,3.0
2008-10-16,10,Other,8,7.2,<8,13.8,6.6,1.163,3.4177,2,-2.0074,2.0089,2,5.8174,5.9568,3,0.1109,12.0947,15.0947,3.0
2008-10-17,10,Other,8,11.7,10-<12,16.0,4.3,0.1538,1.0858,2,-1.1298,1.6359,2,0.8365,0.8479,3,0.4398,15.0975,15.0975,0.0
2008-10-18,10,Other,8,7.2,<8,15.8,8.6,-0.4842,2.5491,2,-0.1792,2.108,2,1.9545,2.0956,3,-2.1209,12.1003,15.1003,3.0
2008-10-19,10,Other,8,12.6,12-<15,19.2,6.6,-0.2464,1.2141,2,-0.2711,0.3157,2,0.5597,0.6183,3,-1.3849,15.1025,15.1025,0.0
2008-10-20,10,Other,8,14.8,12-<15,15.3,0.5,2.6717,8.3311,2,-1.5401,4.3748,2,11.2373,11.4244,3,-3.1315,0.1047,15.1047,-9.0
2008-10-21,10,Other,8,8.3,8-<10,6.8,-1.5,-0.4048,1.3602,2,-1.8899,2.2681,2,1.0049,1.2888,3,-0.2252,15.1067,15.1067,0.0
2008-10-22,10,Other,8,7.5,<8,5.8,-1.7,-0.3905,1.2353,2,-1.1783,1.2209,2,0.9949,1.1121,3,-0.6702,15.1086,15.1086,0.0
2008-10-23,10,Other,8,7.3,<8,7.0,-0.3,0.2753,0.5214,2,-0.1214,0.2868,2,0.7136,0.8804,3,0.3778,15.1103,15.1103,0.0
2008-10-24,10,Other,8,8.6,8-<10,10.0,1.4,0.4162,1.4131,2,-1.1848,1.8107,2,1.5995,1.7468,3,0.9923,15.1117,15.1117,0.0
2008-10-25,10,Other,8,8.0,8-<10,9.6,1.6,0.1985,0.7011,2,-0.1401,0.3383,2,1.0673,1.3159,3,0.0672,15.1128,15.1128,0.0
2008-10-26,10,Other,8,8.2,8-<10,10.0,1.8,0.3472,0.738,2,-0.1739,0.1805,2,0.8874,0.9693,3,0.689,15.1136,15.1136,0.0
2008-10-27,10,Other,8,5.2,<8,8.9,3.7,0.7729,1.3207,2,0.0685,0.2981,2,2.1044,2.141,3,0.2559,12.1144,15.1144,3.0
2008-10-28,10,Other,8,8.5,8-<10,9.4,0.9,0.1232,0.8944,2,-0.7086,1.0715,2,0.9896,1.3325,3,0.0395,15.115,15.115,0.0
2008-10-29,10,Other,8,8.1,8-<10,10.8,2.7,0.1107,1.2191,2,-1.0316,1.52,2,1.1849,1.3226,3,0.6679,12.115,15.115,3.0
2008-10-30,10,Other,7,8.6,8-<10,11.6,3.0,0.537,1.0662,2,-0.0247,0.3315,2,1.2673,1.4336,2,1.1046,15.1153,15.1153,0.0
2008-10-31,10,Other,8,8.8,8-<10,11.9,3.1,0.4304,1.2695,2,-1.0122,1.4433,2,1.6376,1.8406,3,0.7597,15.115,15.115,0.0
2008-11-01,11,Other,8,9.8,8-<10,12.2,2.4,0.4028,1.2067,2,-0.1893,0.4847,2,1.606,1.7178,3,0.5304,12.1147,15.1147,3.0
2008-11-02,11,Other,8,7.7,<8,10.8,3.1,0.0839,1.0193,2,-0.8453,1.1839,2,1.2189,1.4165,3,0.3024,15.1139,15.1139,0.0
2008-11-03,11,Other,8,7.2,<8,10.2,3.0,-0.0969,0.8957,2,-0.7772,1.2239,2,0.9794,1.1392,3,-0.2632,15.1131,15.1131,0.0
2008-11-04,11,Other,8,6.8,<8,11.5,4.7,0.368,1.2195,2,-0.4941,0.8166,2,1.5276,1.7884,3,0.2979,15.1119,15.1119,0.0
2008-11-05,11,Other,8,10.2,10-<12,13.4,3.2,0.0581,1.5557,2,-1.9102,2.4279,2,1.3872,1.3872,3,0.8833,12.1108,15.1108,3.0
2008-11-06,11,Other,8,6.2,<8,9.9,3.7,0.8645,1.6209,2,-0.9476,1.1143,2,2.4497,2.5349,3,0.8069,15.1092,15.1092,0.0
2008-11-07,11,Other,8,8.2,8-<10,9.4,1.2,-0.0283,0.7796,2,-0.6543,0.8078,2,0.7885,1.1169,3,0.0494,15.1075,15.1075,0.0
2008-11-08,11,Other,8,8.4,8-<10,12.7,4.3,0.7188,4.8474,2,-6.3451,6.3491,2,5.7098,5.7109,3,1.0063,9.1056,15.1056,6.0
2008-11-09,11,Other,8,9.2,8-<10,7.0,-2.2,-0.378,5.6846,2,-7.1126,7.1199,2,7.0532,7.0574,3,-1.0407,9.1033,15.1033,6.0
2008-11-10,11,Other,8,2.2,<8,-2.2,-4.4,0.2593,0.5928,2,-0.2324,0.2619,2,0.8632,0.9263,3,0.0635,12.1008,15.1008,3.0
2008-11-11,11,Other,8,3.1,<8,-1.5,-4.6,-0.3774,0.7623,2,-0.9789,0.9836,2,0.3451,0.4945,3,-0.3911,12.0981,15.0981,3.0
2008-11-12,11,Other,8,6.4,<8,1.0,-5.4,0.3307,1.3929,2,-0.9965,1.5286,2,2.1124,2.1998,3,0.3743,12.0953,15.0953,3.0
2008-11-13,11,Other,8,8.4,8-<10,2.8,-5.6,-0.3445,0.9713,2,-1.0277,1.3503,2,0.4488,0.5696,3,-0.3784,15.0922,15.0922,0.0
2008-11-14,11,Other,8,4.9,<8,2.7,-2.2,-0.5446,1.1273,2,-1.9426,1.9735,2,0.3066,0.4344,3,-0.0966,15.0889,15.0889,0.0
2008-11-15,11,Other,8,6.1,<8,3.7,-2.4,-0.6267,1.3831,2,-2.1683,2.4433,2,0.3482,0.4941,3,-0.2335,12.0853,15.0853,3.0
2008-11-16,11,Other,8,3.3,<8,3.1,-0.2,0.6645,1.4622,2,-0.0377,0.1825,2,2.1657,2.1913,3,0.4362,12.0817,15.0817,3.0
2008-11-17,11,Other,8,3.5,<8,1.1,-2.4,0.4387,1.1258,2,-0.9728,1.2123,2,1.3389,1.3395,3,0.8923,12.0778,15.0778,3.0
2008-11-18,11,Other,8,5.0,<8,-0.2,-5.2,-0.1619,0.7505,2,-0.821,1.0401,2,0.5407,0.6396,3,-0.0279,15.0736,15.0736,0.0
2008-11-19,11,Other,8,4.4,<8,-0.9,-5.3,0.145,0.7717,2,-0.7932,0.8432,2,0.9194,1.0109,3,0.4759,12.0694,15.0694,3.0
2008-11-20,11,Other,8,5.3,<8,-0.1,-5.4,-0.0727,0.8706,2,-0.4103,0.4386,2,0.9004,1.2051,3,-0.2745,15.0647,15.0647,0.0
2008-11-21,11,Other,8,6.9,<8,3.6,-3.3,-0.3203,1.9907,2,-2.6611,2.6643,2,2.5389,2.5615,3,-0.4311,12.06,15.06,3.0
2008-11-22,11,Other,8,5.2,<8,1.8,-3.4,0.3523,1.249,2,-0.3409,0.4382,2,2.1132,2.3022,3,-0.0309,12.0553,15.0553,3.0
2008-11-23,11,Other,8,2.8,<8,-1.4,-4.2,0.444,0.8009,2,-0.1314,0.1439,2,1.4802,1.4912,3,0.1411,12.05,15.05,3.0
2008-11-24,11,Other,8,9.7,8-<10,3.7,-6.0,0.9233,1.9448,2,0.5116,0.516,2,3.569,3.5764,3,0.2203,12.0447,15.0447,3.0
2008-11-25,11,Other,8,8.3,8-<10,4.2,-4.1,0.6539,2.5759,2,-1.5858,1.9127,2,4.1541,4.157,3,0.3361,12.0394,15.0394,3.0
2008-11-26,11,Other,8,6.2,<8,-0.8,-7.0,0.3044,0.9872,2,0.209,0.21,2,1.6817,1.6837,3,-0.6771,15.0339,15.0339,0.0
2008-11-27,11,Other,8,8.7,8-<10,4.3,-4.4,-0.7296,2.3045,2,-3.7821,3.7933,2,2.2024,2.3117,3,-0.6117,12.0281,15.0281,3.0
2008-11-28,11,Other,8,7.2,<8,3.7,-3.5,0.9477,2.7712,2,-1.3279,1.3781,2,4.2508,4.3788,3,0.974,12.0222,15.0222,3.0
2008-11-29,11,Other,8,14.6,12-<15,10.1,-4.5,-0.0993,4.8242,2,-2.5655,2.5789,2,7.5269,8.0566,3,-3.5895,12.0161,15.0161,3.0
2008-11-30,11,Other,8,11.1,10-<12,9.8,-1.3,0.1169,2.0994,2,-2.0819,2.1447,2,2.5394,3.078,3,0.2383,15.0097,15.0097,0.0
2008-12-01,12,Other,9,11.4,10-<12,6.3,-5.1,1.8215,2.6641,2,-0.0276,0.48,2,3.3015,3.627,4,1.5841,15.0033,15.0033,0.0
2008-12-02,12,Other,8,5.3,<8,-1.5,-6.8,2.2822,3.4476,2,-1.0304,1.0764,2,4.5042,4.5434,3,2.888,5.9969,14.9969,9.0
2008-12-03,12,Other,8,8.9,8-<10,-4.1,-13.0,1.408,3.4027,2,-1.7109,1.8672,2,5.0831,5.2951,3,2.2363,11.9903,14.9903,3.0
2008-12-04,12,Other,8,4.6,<8,-12.3,-16.9,-0.0265,1.2737,2,-0.5517,0.7996,2,1.5478,1.7189,3,-0.3708,11.9836,14.9836,3.0
2008-12-05,12,Other,8,9.0,8-<10,-7.1,-16.1,-1.6186,2.4162,2,-2.9835,3.097,2,1.0236,1.1079,3,-2.5272,14.9767,14.9767,0.0
2008-12-06,12,Other,8,11.2,10-<12,-0.6,-11.8,-2.2931,3.4094,2,-2.4387,2.8115,2,-0.1614,0.7781,3,-4.3678,14.9697,14.9697,0.0
2008-12-07,12,Other,8,9.3,8-<10,5.5,-3.8,1.6418,3.0797,2,-0.3912,0.6826,2,5.1888,5.3982,3,1.7329,11.9625,14.9625,3.0
2008-12-08,12,Other,8,10.7,10-<12,1.8,-8.9,-1.543,2.8119,2,-2.8083,3.5369,2,1.409,1.9795,3,-3.0325,20.9556,14.9556,-6.0
2008-12-09,12,Other,8,12.1,12-<15,4.6,-7.5,-0.0537,3.1029,2,-2.3798,3.6716,2,4.4804,4.5104,3,-0.6964,11.9481,14.9481,3.0
2008-12-10,12,Other,8,6.4,<8,-1.9,-8.3,0.3912,2.9152,2,-2.4753,2.5733,2,4.2716,4.2976,3,0.1542,11.9408,14.9408,3.0
2008-12-11,12,Other,8,13.1,12-<15,3.3,-9.8,-1.3296,2.4631,2,-2.7994,2.9982,2,1.0584,1.3638,3,-1.3003,14.9333,14.9333,0.0
2008-12-12,12,Other,8,5.9,<8,-0.4,-6.3,1.6215,2.6258,2,-0.525,0.6422,2,4.2899,4.295,3,0.8174,2.9258,14.9258,-12.0
2008-12-13,12,Other,8,2.8,<8,-5.7,-8.5,0.0452,1.6287,2,-1.8256,1.8399,2,1.6402,1.6578,3,0.4005,11.9183,14.9183,3.0
2008-12-14,12,Other,8,3.0,<8,-7.6,-10.6,0.5307,1.0115,2,-0.267,0.2777,2,1.3656,1.443,3,0.759,11.9106,14.9106,3.0
2008-12-15,12,Other,8,12.2,12-<15,1.0,-11.2,-0.7938,2.163,2,-1.1202,1.15,2,1.7409,1.7478,3,-1.4345,11.9031,14.9031,3.0
2008-12-16,12,Other,8,6.4,<8,-2.6,-9.0,1.2934,2.8495,2,-1.4745,1.4865,2,4.3845,4.4015,3,1.405,11.8953,14.8953,3.0
2008-12-17,12,Other,8,3.6,<8,-6.7,-10.3,0.362,0.6211,2,-0.2427,0.4122,2,0.6926,0.8508,3,0.4023,14.8875,14.8875,0.0
2008-12-18,12,Other,8,4.1,<8,-6.0,-10.1,-0.6485,1.2632,2,-1.4181,1.4376,2,0.8807,0.8885,3,-1.3187,23.8719,14.8797,-8.9922
2008-12-19,12,Other,8,6.4,<8,-2.0,-8.4,0.5401,1.97,2,-1.6942,2.0395,2,2.092,2.2046,3,1.7135,11.8719,14.8719,3.0
2008-12-20,12,Other,8,3.9,<8,-6.4,-10.3,0.4143,1.7925,2,-1.5368,1.5577,2,2.5594,2.5848,3,0.1605,2.8639,14.8639,-12.0
2008-12-21,12,Other,8,2.7,<8,-8.1,-10.8,-0.3269,0.5421,2,-0.4047,0.4077,2,0.1115,0.3077,3,-0.6518,20.8561,14.8561,-6.0
2008-12-22,12,Other,8,5.3,<8,-5.1,-10.4,0.8528,1.9566,2,-1.0188,1.0188,2,2.7879,2.898,3,1.3696,11.8483,14.8483,3.0
2008-12-23,12,Other,8,7.3,<8,-5.2,-12.5,0.2118,1.7916,2,0.1321,0.2091,2,1.9912,2.4912,3,-1.481,14.8406,14.8406,0.0
2008-12-24,12,Other,8,6.1,<8,-4.8,-10.9,-0.004,1.9187,2,-0.7847,0.9385,2,3.1435,3.1471,3,-0.9935,11.8328,14.8328,3.0
2008-12-25,12,Other,8,6.4,<8,-6.6,-13.0,1.0123,2.1783,2,-0.5729,0.5853,2,3.5593,3.5896,3,0.6296,11.825,14.825,3.0
2008-12-26,12,Other,8,2.1,<8,-11.0,-13.1,0.3273,1.3318,2,-1.0938,1.0976,2,1.2916,1.306,3,0.8121,11.8172,14.8172,3.0
2008-12-27,12,Other,8,10.5,10-<12,-4.9,-15.4,0.8992,2.3352,2,-1.4235,1.7964,2,3.5132,3.7911,3,1.2313,14.8094,14.8094,0.0
2008-12-28,12,Other,8,7.7,<8,-10.2,-17.9,1.6591,2.3732,2,-0.3166,0.345,2,4.0602,4.0691,3,1.2504,14.8019,14.8019,0.0
2008-12-29,12,Other,8,7.6,<8,-9.5,-17.1,0.3417,1.9302,2,-1.6241,2.238,2,2.7264,2.7298,3,0.7573,11.7942,14.7942,3.0
2008-12-30,12,Other,8,8.0,8-<10,-8.0,-16.0,-1.1856,2.4577,2,-1.5062,1.8916,2,0.782,1.8776,3,-2.3227,17.7867,14.7867,-3.0
2008-12-31,12,Other,8,5.4,<8,-5.7,-11.1,1.1845,1.8761,2,-0.2352,0.2895,2,2.9996,3.0422,3,1.4834,11.7792,14.7792,3.0
2009-01-01,1,Other,8,5.2,<8,-10.2,-15.4,-0.3637,0.7962,2,-0.3949,0.4341,2,0.3736,0.9,3,-0.7746,17.7792,14.7792,-3.0
2009-01-02,1,Other,8,4.9,<8,-8.7,-13.6,0.9455,2.1267,2,-0.8101,0.8943,2,3.1124,3.1201,3,1.4724,11.7719,14.7719,3.0
2009-01-03,1,Other,8,4.7,<8,-11.9,-16.6,-0.1772,1.004,2,-0.6201,0.6452,2,1.3891,1.5118,3,-0.818,14.7644,14.7644,0.0
2009-01-04,1,Other,8,8.2,8-<10,-7.0,-15.2,-0.5692,1.6186,2,-1.9987,2.0141,2,1.5259,1.696,3,-0.6195,11.7572,14.7572,3.0
2009-01-05,1,Other,8,6.5,<8,-6.4,-12.9,1.6252,2.8462,2,-0.8813,0.892,2,4.6816,4.6916,3,2.2155,11.75,14.75,3.0
2009-01-06,1,Other,8,9.4,8-<10,-6.6,-16.0,-0.0231,2.5535,2,-1.9373,2.6812,2,3.7442,3.7981,3,-0.427,11.7431,14.7431,3.0
2009-01-07,1,Other,8,7.3,<8,-9.4,-16.7,1.1487,2.3912,2,-0.3388,0.742,2,4.0456,4.0487,3,-0.0776,14.7361,14.7361,0.0
2009-01-08,1,Other,8,6.5,<8,-9.0,-15.5,-0.8945,1.516,2,-2.1765,2.1775,2,0.9931,1.164,3,-1.3786,14.7292,14.7292,0.0
2009-01-09,1,Other,8,4.5,<8,-9.9,-14.4,-0.2688,1.5136,2,-0.5243,0.5516,2,1.6787,1.7034,3,-1.6019,23.7161,14.7225,-8.9936
2009-01-10,1,Other,8,8.4,8-<10,-5.2,-13.6,0.9562,4.0608,2,-3.9749,4.0108,2,5.6819,5.7383,3,1.7875,11.7161,14.7161,3.0
2009-01-11,1,Other,8,7.6,<8,-7.0,-14.6,0.7256,2.4355,2,-1.9117,1.9194,2,3.429,3.4321,3,1.3859,11.7094,14.7094,3.0
2009-01-12,1,Other,8,7.4,<8,-7.7,-15.1,0.0294,1.2742,2,-1.2175,1.3672,2,1.8564,2.0119,3,-0.2383,14.7033,14.7033,0.0
2009-01-13,1,Other,8,8.5,8-<10,-4.5,-13.0,1.0091,2.5416,2,-1.8054,2.151,2,2.9865,3.441,3,2.19,14.6969,14.6969,0.0
2009-01-14,1,Other,8,4.8,<8,-9.5,-14.3,-0.655,1.6925,2,-1.3455,1.377,2,0.0589,0.9297,3,-1.1073,23.6853,14.6911,-8.9942
2009-01-15,1,Other,8,14.8,12-<15,2.3,-12.5,-1.8223,4.9098,2,-6.9039,6.9045,2,4.2412,4.4312,3,-2.1002,11.6853,14.6853,3.0
2009-01-16,1,Other,8,10.8,10-<12,2.4,-8.4,0.4705,4.2481,2,-2.2603,2.2608,2,7.2467,7.5233,3,-1.1871,11.6794,14.6794,3.0
2009-01-17,1,Other,8,5.7,<8,0.1,-5.6,1.131,3.0623,2,-1.1337,1.1593,2,3.7187,3.7441,3,1.7967,11.6739,14.6739,3.0
2009-01-18,1,Other,8,4.7,<8,-4.6,-9.3,-0.4394,2.3334,2,-0.7847,0.7871,2,2.0825,2.3565,3,-2.4335,23.6633,14.6686,-8.9947
2009-01-19,1,Other,8,6.2,<8,-2.3,-8.5,-0.295,1.216,2,-0.5938,0.5945,2,0.4715,0.5089,3,-0.4858,14.6633,14.6633,0.0
2009-01-20,1,Other,8,9.9,8-<10,-0.2,-10.1,1.3746,3.0152,2,-1.3708,2.1851,2,5.3232,5.3235,3,1.2182,11.6583,14.6583,3.0
2009-01-21,1,Other,8,6.1,<8,-7.3,-13.4,1.4431,3.3737,2,-2.0864,2.1426,2,4.0907,4.1521,3,2.0194,2.6533,14.6533,-12.0
2009-01-22,1,Other,8,6.6,<8,-9.4,-16.0,0.7156,1.8426,2,-1.2489,1.7321,2,2.6412,2.6543,3,1.336,11.6486,14.6486,3.0
2009-01-23,1,Other,8,6.8,<8,-10.1,-16.9,0.3947,1.5363,2,-1.0284,1.1851,2,2.4243,2.4855,3,0.5297,11.6442,14.6442,3.0
2009-01-24,1,Other,8,6.6,<8,-9.0,-15.6,-1.3264,2.7542,2,-0.6323,0.9291,2,0.8502,0.8506,3,-3.0295,23.6358,14.64,-8.9958
2009-01-25,1,Other,8,9.4,8-<10,-2.5,-11.9,0.5467,4.6172,2,-4.2428,4.2583,2,5.6599,5.691,3,1.1405,11.6358,14.6358,3.0
2009-01-26,1,Other,8,8.0,8-<10,-7.3,-15.3,0.1736,2.0053,2,-2.2721,2.4058,2,2.3129,2.4292,3,0.9229,11.6319,14.6319,3.0
2009-01-27,1,Other,8,12.6,12-<15,-1.3,-13.9,-0.9795,2.3977,2,-2.7006,2.7389,2,2.0904,2.2612,3,-1.0692,11.6283,14.6283,3.0
2009-01-28,1,Other,8,8.1,8-<10,-3.1,-11.2,1.7409,3.7995,2,-3.3922,3.7995,2,5.0139,5.0705,3,2.8867,8.6247,14.6247,6.0
2009-01-29,1,Other,7,11.3,10-<12,-1.4,-12.7,-1.8996,3.6193,2,-0.8548,1.5255,2,0.0415,0.716,3,-3.8903,20.6214,14.6214,-6.0
2009-01-30,1,Other,8,7.5,<8,-1.1,-8.6,1.3612,3.8935,2,-3.0105,3.0377,2,5.2364,5.2786,3,1.1742,2.6183,14.6183,-12.0
2009-01-31,1,Other,8,12.4,12-<15,2.0,-10.4,0.004,1.3682,2,-0.1881,0.2048,2,1.6464,2.1581,3,-0.4285,14.6156,14.6156,0.0
2009-02-01,2,Other,8,5.4,<8,-3.3,-8.7,0.1633,1.5983,2,-1.1941,1.2236,2,2.6079,2.6501,3,-0.7201,11.6128,14.6128,3.0
2009-02-02,2,Other,8,2.7,<8,-5.8,-8.5,-0.0726,0.629,2,-0.3425,0.6242,2,0.131,0.1374,3,-0.0935,14.6103,14.6103,0.0
2009-02-03,2,Other,8,8.2,8-<10,-1.7,-9.9,0.9953,2.6346,2,-0.1058,0.1562,2,4.8888,4.9034,3,0.0156,11.6081,14.6081,3.0
2009-02-04,2,Other,8,7.3,<8,-1.2,-8.5,-0.3632,1.0896,2,-0.3136,0.7445,2,0.5331,0.7751,3,-1.3537,14.6061,14.6061,0.0
2009-02-05,2,Other,8,5.0,<8,-0.5,-5.5,-0.1745,0.7035,2,-0.8893,0.89,2,0.8126,0.8781,3,-0.3076,14.6044,14.6044,0.0
2009-02-06,2,Other,8,3.1,<8,-2.4,-5.5,0.9149,1.3511,2,-0.2898,0.3886,2,2.25,2.2504,3,0.725,11.6028,14.6028,3.0
2009-02-07,2,Other,8,3.9,<8,-4.4,-8.3,0.4392,1.4558,2,-0.7654,0.8434,2,2.4255,2.4263,3,0.23,11.6014,14.6014,3.0
2009-02-08,2,Other,8,2.8,<8,-6.3,-9.1,0.1598,1.2311,2,-0.0045,0.361,2,0.8832,0.9043,3,-0.6985,23.5992,14.6003,-8.9989
2009-02-09,2,Other,8,15.6,15-<18,5.9,-9.7,0.9438,3.3949,2,-2.0526,2.1137,2,5.975,6.009,3,-0.5843,14.5992,14.5992,0.0
2009-02-10,2,Other,8,8.6,8-<10,0.8,-7.8,-0.0168,2.4966,2,0.4871,0.5197,2,2.8431,2.8613,3,-2.5718,20.5986,14.5986,-6.0
2009-02-11,2,Other,8,4.6,<8,0.7,-3.9,0.3183,2.7213,2,-2.8199,2.9495,2,2.7719,2.9435,3,1.2027,11.5981,14.5981,3.0
2009-02-12,2,Other,8,8.5,8-<10,-3.8,-12.3,0.4393,2.6007,2,-0.4884,0.7601,2,3.2651,3.4451,3,-0.538,11.5978,14.5978,3.0
2009-02-13,2,Other,8,7.4,<8,-6.0,-13.4,0.6469,2.0811,2,-0.6784,0.7494,2,2.722,3.7309,3,-0.3333,14.5978,14.5978,0.0
2009-02-14,2,Other,8,8.5,8-<10,-5.7,-14.2,1.6158,3.8232,2,-2.8039,3.1755,2,5.0777,5.4255,3,2.992,11.5978,14.5978,3.0
2009-02-15,2,Other,8,7.1,<8,-9.4,-16.5,-0.5275,2.1353,2,-3.3787,3.4021,2,2.3602,2.3777,3,-0.7589,11.5981,14.5981,3.0
2009-02-16,2,Other,8,6.6,<8,-7.6,-14.2,-0.4873,2.0012,2,-2.3658,2.5172,2,2.3102,2.3961,3,-0.8089,11.5986,14.5986,3.0
2009-02-17,2,Other,8,7.4,<8,-6.1,-13.5,-0.216,2.3766,2,-3.4173,3.6365,2,2.5442,2.7437,3,0.5266,11.5994,14.5994,3.0
2009-02-18,2,Other,8,10.2,10-<12,-4.5,-14.7,1.5105,3.0839,2,-1.2498,1.5971,2,5.4037,5.4039,3,1.4205,11.6003,14.6003,3.0
2009-02-19,2,Other,8,8.6,8-<10,-7.6,-16.2,1.3097,4.4106,2,-4.4039,4.6442,2,5.4506,5.7045,3,2.3109,8.6017,14.6017,6.0
2009-02-20,2,Other,8,11.4,10-<12,-6.2,-17.6,-1.158,2.8618,2,-4.0714,4.3242,2,1.9151,2.1411,3,-1.6307,14.6031,14.6031,0.0
2009-02-21,2,Other,8,6.3,<8,-6.9,-13.2,0.0022,2.0338,2,-2.5799,2.6369,2,1.9606,2.2901,3,0.7602,11.6044,14.6044,3.0
2009-02-22,2,Other,8,6.0,<8,-8.3,-14.3,1.3566,1.9273,2,-0.1513,0.2514,2,2.9908,3.0191,3,1.4031,11.6061,14.6061,3.0
2009-02-23,2,Other,8,6.1,<8,-10.1,-16.2,0.583,1.949,2,-1.3763,1.8438,2,2.4869,2.5384,3,1.2306,11.6081,14.6081,3.0
2009-02-24,2,Other,8,6.1,<8,-10.5,-16.6,0.1632,1.3413,2,-0.5629,0.6428,2,1.6915,1.922,3,0.1286,11.6103,14.6103,3.0
2009-02-25,2,Other,8,7.4,<8,-8.1,-15.5,0.1591,1.2517,2,-0.7896,0.8788,2,1.8388,1.955,3,0.2753,11.6125,14.6125,3.0
2009-02-26,2,Other,8,9.5,8-<10,-5.0,-14.5,0.0417,1.6224,2,-1.5103,1.5104,2,2.2725,2.3278,3,-0.2107,11.615,14.615,3.0
2009-02-27,2,Other,8,7.5,<8,-3.2,-10.7,-0.0567,1.5544,2,-0.4942,0.6933,2,2.0918,2.4198,3,-0.9674,14.6178,14.6178,0.0
2009-02-28,2,Other,8,10.5,10-<12,1.2,-9.3,0.8995,2.634,2,-0.3887,0.486,2,4.9567,4.9604,3,-0.0915,11.6206,14.6206,3.0
2009-03-01,3,Other,8,7.3,<8,-1.5,-8.8,0.4,1.7472,2,-1.2874,1.2879,2,2.3192,2.6309,3,0.5684,14.6236,14.6236,0.0
2009-03-02,3,Other,6,7.8,<8,-1.5,-9.3,-0.0902,0.7842,2,-0.6542,0.7395,2,0.7856,1.0585,1,-0.5286,14.6267,14.6267,0.0
2009-03-03,3,Other,8,6.3,<8,-2.6,-8.9,0.0307,0.9961,2,-0.5914,0.7268,2,1.2086,1.3617,3,-0.1623,14.63,14.63,0.0
2009-03-04,3,Other,8,6.2,<8,-1.5,-7.7,0.964,1.6717,2,0.0089,0.2153,2,2.9711,3.0111,3,0.2393,11.6336,14.6336,3.0
2009-03-05,3,Other,8,6.2,<8,-1.7,-7.9,-0.5683,1.0946,2,-1.0273,1.1643,2,0.826,0.8946,3,-1.0966,14.6372,14.6372,0.0
2009-03-06,3,Other,8,8.9,8-<10,4.1,-4.8,-0.527,1.6395,2,-1.0777,1.0941,2,1.7766,1.8459,3,-1.3484,11.6408,14.6408,3.0
2009-03-07,3,Other,8,9.1,8-<10,7.1,-2.0,1.3249,2.4828,2,-0.729,1.1911,2,4.0187,4.1518,3,1.6058,11.6447,14.6447,3.0
2009-03-08,3,Other,8,6.8,<8,5.3,-1.5,0.3563,1.188,2,-0.6478,0.7047,2,1.1962,1.6345,3,0.769,14.6489,14.6489,0.0
2009-03-09,3,Other,8,5.1,<8,2.5,-2.6,1.1431,1.8581,2,-0.1371,0.1735,2,3.1753,3.1906,3,0.8412,11.6531,14.6531,3.0
2009-03-10,3,Other,8,3.5,<8,-1.1,-4.6,1.787,2.7226,2,-0.5188,0.6164,2,2.8939,2.8955,3,3.1437,11.6572,14.6572,3.0
2009-03-11,3,Other,8,10.3,10-<12,1.0,-9.3,0.1981,1.3239,2,-1.014,1.6046,2,1.8491,1.8572,3,0.2353,11.6617,14.6617,3.0
2009-03-12,3,Other,8,11.9,10-<12,4.2,-7.7,-0.6828,1.9211,2,-1.2416,1.8088,2,0.8857,1.0235,3,-1.409,14.6661,14.6661,0.0
2009-03-13,3,Other,8,8.1,8-<10,1.3,-6.8,-0.3495,1.7697,2,-0.1175,0.3854,2,1.2138,1.2583,3,-1.9062,14.6706,14.6706,0.0
2009-03-14,3,Other,8,9.6,8-<10,7.1,-2.5,-0.4402,1.4624,2,-1.8092,2.0667,2,0.9577,1.0296,3,-0.5797,14.6753,14.6753,0.0
2009-03-15,3,Other,8,7.3,<8,7.6,0.3,-0.0713,1.0047,2,-1.0127,1.5163,2,0.9254,0.9359,3,0.1904,11.68,14.68,3.0
2009-03-16,3,Other,8,20.7,>=20,22.7,2.0,0.8136,2.1349,2,1.2117,1.6445,2,2.5672,3.52,3,-0.1157,14.685,14.685,0.0
2009-03-17,3,Other,8,9.5,8-<10,14.8,5.3,2.806,4.7189,2,-1.6639,1.7577,2,7.7217,7.7342,3,2.5779,11.69,14.69,3.0
2009-03-18,3,Other,8,9.2,8-<10,11.1,1.9,0.1056,0.9267,2,-0.8445,1.1631,2,1.3952,1.4297,3,-0.0788,14.695,14.695,0.0
2009-03-19,3,Other,8,8.2,8-<10,9.6,1.4,1.6431,3.6622,2,-1.8963,1.942,2,4.5183,5.1797,3,3.099,11.7,14.7,3.0
2009-03-20,3,Other,8,4.2,<8,2.4,-1.8,0.8098,1.1654,2,0.0277,0.617,2,1.203,1.2212,3,0.9259,14.705,14.705,0.0
2009-03-21,3,Other,8,8.2,8-<10,3.5,-4.7,-0.659,1.1408,2,-1.3121,1.4988,2,0.2718,0.329,3,-0.7756,14.7103,14.7103,0.0
2009-03-22,3,Other,8,9.3,8-<10,6.6,-2.7,-0.4854,1.3636,2,-0.6999,0.9451,2,0.1462,0.2173,3,-1.2017,14.7156,14.7156,0.0
2009-03-23,3,Other,8,10.0,10-<12,10.7,0.7,-0.3163,0.866,2,-0.3552,0.4661,2,0.1491,0.2217,3,-0.7085,14.7208,14.7208,0.0
2009-03-24,3,Other,8,7.8,<8,11.1,3.3,0.35,0.6724,2,-0.1342,0.136,2,0.5548,0.7246,3,0.2996,14.7261,14.7261,0.0
2009-03-25,3,Other,8,4.3,<8,9.3,5.0,1.0212,1.98,2,-1.3108,1.5417,2,2.1003,2.1105,3,2.0772,8.7314,14.7314,6.0
2009-03-26,3,Other,8,7.7,<8,10.4,2.7,0.1983,0.7064,2,-0.6216,0.6538,2,0.965,0.9679,3,0.0973,14.7367,14.7367,0.0
2009-03-27,3,Other,8,12.4,12-<15,14.7,2.3,-0.8391,2.2367,2,-0.1251,0.3253,2,0.4409,0.4445,3,-2.8211,14.7419,14.7419,0.0
2009-03-28,3,Other,8,9.5,8-<10,17.9,8.4,-0.3298,1.0124,2,-1.0503,1.0617,2,0.9436,1.0947,3,-0.7059,14.7472,14.7472,0.0
2009-03-29,3,Other,8,12.7,12-<15,18.9,6.2,-0.9787,1.8907,2,-1.2191,1.8454,2,0.6749,0.707,3,-2.1158,14.7528,14.7528,0.0
2009-03-30,3,Other,8,10.8,10-<12,18.4,7.6,-0.2852,0.8236,2,-0.5622,0.963,2,0.2579,0.3085,3,-0.3854,14.7581,14.7581,0.0
2009-03-31,3,Other,8,8.3,8-<10,16.4,8.1,0.6757,0.9473,2,-0.0797,0.2562,2,1.0312,1.0586,3,0.9796,14.7633,14.7633,0.0
2009-04-01,4,Other,8,8.3,8-<10,14.8,6.5,0.0928,0.6309,2,-0.2641,0.3181,2,0.8827,0.9653,3,-0.3576,14.7686,14.7686,0.0
2009-04-02,4,Other,8,8.5,8-<10,14.1,5.6,0.3202,0.5828,2,0.441,0.5846,2,0.3206,0.3454,3,-0.0726,14.7739,14.7739,0.0
2009-04-03,4,Other,8,10.9,10-<12,16.8,5.9,-0.075,0.7665,2,-0.5114,0.8722,2,0.459,0.4601,3,-0.2776,14.7792,14.7792,0.0
2009-04-04,4,Other,8,9.3,8-<10,18.0,8.7,0.1215,0.4801,2,-0.516,0.7026,2,0.4695,0.4758,3,0.308,14.7842,14.7842,0.0
2009-04-05,4,Other,8,14.8,12-<15,23.2,8.4,-0.8245,1.9099,2,-0.7752,1.2829,2,0.6992,0.7049,3,-2.2093,14.7894,14.7894,0.0
2009-04-06,4,Other,8,9.5,8-<10,23.0,13.5,0.3295,1.5703,2,-2.0417,2.1265,2,1.0093,1.0095,3,1.6217,14.7944,14.7944,0.0
2009-04-07,4,Other,8,9.6,8-<10,20.6,11.0,2.721,3.6201,2,0.3957,0.5262,2,3.5044,3.6763,3,3.9786,14.7994,14.7994,0.0
2009-04-08,4,Other,8,8.9,8-<10,14.6,5.7,1.5188,2.2869,2,0.9654,1.5658,2,3.203,3.3528,3,0.0153,17.8044,14.8044,-3.0
2009-04-09,4,Other,8,9.5,8-<10,15.5,6.0,-0.406,0.9647,2,-0.8427,1.0222,2,0.0644,0.1447,3,-0.7569,14.8094,14.8094,0.0
2009-04-10,4,Other,8,8.8,8-<10,18.0,9.2,-0.1091,0.4982,2,-0.226,0.273,2,0.4129,0.4295,3,-0.5194,14.8142,14.8142,0.0
2009-04-11,4,Other,8,11.8,10-<12,21.2,9.4,-0.6735,1.1067,2,-0.8177,1.2709,2,0.1648,0.2818,3,-1.1678,14.8189,14.8189,0.0
2009-04-12,4,Other,8,9.1,8-<10,21.6,12.5,-0.2148,0.8287,2,-1.0824,1.541,2,0.3962,0.3962,3,0.0558,14.8236,14.8236,0.0
2009-04-13,4,Other,8,12.2,12-<15,22.3,10.1,1.3858,2.2656,2,0.1572,0.4399,2,0.9927,1.0367,3,2.2326,14.8281,14.8281,0.0
2009-04-14,4,Other,8,10.0,10-<12,19.0,9.0,0.1896,1.1287,2,-0.0063,0.0215,2,0.7902,0.888,3,-0.8053,14.8325,14.8325,0.0
2009-04-15,4,Other,8,9.7,8-<10,20.1,10.4,0.2955,0.7283,2,-0.5572,0.6647,2,0.5617,0.5627,3,0.3094,14.8369,14.8369,0.0
2009-04-16,4,Other,8,13.6,12-<15,18.3,4.7,2.6349,6.9704,2,-3.9252,4.2915,2,11.3576,11.3577,3,0.7007,8.8411,14.8411,6.0
2009-04-17,4,Other,8,8.8,8-<10,13.5,4.7,0.12,1.0326,2,0.6703,1.11,2,0.3742,0.3749,3,-0.9084,14.8453,14.8453,0.0
2009-04-18,4,Other,8,7.6,<8,11.9,4.3,1.5775,2.9705,2,0.2628,2.8054,2,3.0042,3.0298,3,0.2297,14.8494,14.8494,0.0
2009-04-19,4,Other,8,11.5,10-<12,15.4,3.9,-0.529,1.1646,2,-0.5419,0.6402,2,0.0519,0.348,3,-1.1818,14.8533,14.8533,0.0
2009-04-20,4,Other,8,12.1,12-<15,19.3,7.2,-0.2752,1.0882,2,-0.1887,0.2653,2,0.4651,0.4702,3,-1.2561,14.8572,14.8572,0.0
2009-04-21,4,Other,8,11.4,10-<12,21.8,10.4,-0.2062,1.0005,2,-0.8828,1.0502,2,0.2627,0.2948,3,-0.3821,14.8608,14.8608,0.0
2009-04-22,4,Other,8,10.4,10-<12,22.3,11.9,-0.0876,1.0614,2,-1.4985,1.9021,2,0.2795,0.3032,3,0.6779,14.8642,14.8642,0.0
2009-04-23,4,Other,8,11.1,10-<12,20.8,9.7,1.8913,2.7021,2,0.878,1.4917,2,4.4365,4.4582,3,0.5309,14.8678,14.8678,0.0
2009-04-24,4,Other,8,8.9,8-<10,20.0,11.1,0.6717,1.227,2,0.6285,1.8832,2,0.8798,0.8876,3,0.2014,14.8708,14.8708,0.0
2009-04-25,4,Other,8,13.4,12-<15,23.9,10.5,-1.7493,3.0865,2,-2.2035,2.6526,2,0.594,0.6259,3,-3.3876,14.8742,14.8742,0.0
2009-04-26,4,Other,8,6.1,<8,25.3,19.2,2.0653,3.1498,2,0.3898,0.6026,2,1.6616,2.2813,3,3.8099,14.8769,14.8769,0.0
2009-04-27,4,Other,8,11.4,10-<12,21.3,9.9,3.4099,4.3941,2,2.4046,3.5076,2,6.7265,6.7507,3,1.2354,11.8797,14.8797,3.0
2009-04-28,4,Other,8,9.9,8-<10,18.8,8.9,1.4001,2.5241,2,-0.7395,0.7903,2,1.7737,2.3074,3,2.8964,14.8825,14.8825,0.0
2009-04-29,4,Other,8,10.7,10-<12,14.3,3.6,2.4303,3.5995,2,1.2136,2.3192,2,4.1754,4.2556,3,0.4431,17.885,14.885,-3.0
2009-04-30,4,Other,8,13.0,12-<15,18.7,5.7,-0.3232,0.9891,2,-0.8206,0.8216,2,0.6331,0.6341,3,-0.7406,14.8875,14.8875,0.0
2009-05-01,5,May-Sep,8,13.5,12-<15,21.7,8.2,-1.6044,3.2405,2,-0.6855,0.8602,2,-0.1455,0.4662,3,-3.6414,14.8897,14.8897,0.0
2009-05-02,5,May-Sep,8,7.5,<8,25.3,17.8,0.4213,1.263,2,-0.2784,0.5776,2,-0.018,0.3173,3,1.4131,14.8917,14.8917,0.0
2009-05-03,5,May-Sep,8,11.0,10-<12,25.3,14.3,-0.8897,1.5207,2,-1.2669,1.6045,2,0.1159,0.5936,3,-1.9152,14.8936,14.8936,0.0
2009-05-04,5,May-Sep,8,8.9,8-<10,24.3,15.4,3.5069,4.4466,2,1.0299,1.6739,2,5.1985,5.1985,3,3.6539,14.8953,14.8953,0.0
2009-05-05,5,May-Sep,8,6.9,<8,18.0,11.1,0.9524,1.4202,2,1.0969,1.5477,2,1.8239,1.8621,3,-0.0498,14.8969,14.8969,0.0
2009-05-06,5,May-Sep,8,6.3,<8,17.1,10.8,0.2273,0.7364,2,0.3553,0.5013,2,0.3624,0.3873,3,-0.0777,14.8983,14.8983,0.0
2009-05-07,5,May-Sep,8,8.0,8-<10,16.1,8.1,1.8515,3.2639,2,1.6381,2.6852,2,3.6096,3.8329,3,-0.6223,17.8994,14.8994,-3.0
2009-05-08,5,May-Sep,8,6.5,<8,13.9,7.4,0.4749,1.9461,2,1.3846,2.2331,2,0.5531,0.6523,3,-1.0912,14.9006,14.9006,0.0
2009-05-09,5,May-Sep,8,8.8,8-<10,14.6,5.8,0.0832,0.6325,2,-0.3616,0.4468,2,0.6146,0.6771,3,-0.3081,14.9014,14.9014,0.0
2009-05-10,5,May-Sep,8,12.7,12-<15,19.3,6.6,-0.7303,1.8567,2,-0.5338,0.5742,2,-0.1198,0.7279,3,-2.1295,14.9022,14.9022,0.0
2009-05-11,5,May-Sep,8,13.1,12-<15,23.1,10.0,-0.554,1.3762,2,-0.8452,0.8583,2,0.309,0.9413,3,-1.3887,17.9028,14.9028,-3.0
2009-05-12,5,May-Sep,8,12.1,12-<15,24.7,12.6,-0.6649,1.0383,2,-0.6227,1.0556,2,-0.0778,0.1089,3,-1.123,14.9033,14.9033,0.0
2009-05-13,5,May-Sep,8,12.3,12-<15,26.1,13.8,-0.5784,1.1195,2,-0.6385,0.8185,2,0.463,0.5333,3,-1.2687,14.9036,14.9036,0.0
2009-05-14,5,May-Sep,8,9.0,8-<10,23.9,14.9,1.546,2.4022,2,-0.1912,0.2628,2,3.7129,3.7239,3,1.1471,11.9036,14.9036,3.0
2009-05-15,5,May-Sep,8,9.8,8-<10,24.0,14.2,0.1495,0.4849,2,-0.1033,0.396,2,0.2674,0.3536,3,-0.0042,14.9036,14.9036,0.0
2009-05-16,5,May-Sep,8,8.3,8-<10,23.1,14.8,1.6385,3.2062,2,-1.0891,1.2201,2,4.4586,4.7575,3,2.4275,11.9033,14.9033,3.0
2009-05-17,5,May-Sep,8,10.8,10-<12,22.9,12.1,0.0517,1.0779,2,-0.6835,0.7264,2,1.4631,1.5682,3,-0.5004,14.9031,14.9031,0.0
2009-05-18,5,May-Sep,8,15.3,15-<18,29.0,13.7,-0.8169,1.6949,2,-0.7643,0.9917,2,0.1513,0.7618,3,-1.9569,14.9025,14.9025,0.0
2009-05-19,5,May-Sep,8,18.2,18-<20,27.9,9.7,6.41,10.3241,2,1.5264,6.9718,2,14.1353,14.2327,3,1.5582,2.9017,14.9017,-12.0
2009-05-20,5,May-Sep,8,10.8,10-<12,19.3,8.5,-0.4635,1.1061,2,-1.1159,1.234,2,-0.0292,0.5285,3,-0.829,14.9008,14.9008,0.0
2009-05-21,5,May-Sep,8,14.8,12-<15,25.6,10.8,-1.369,2.5807,2,-2.4631,2.7979,2,0.4911,0.4912,3,-2.4177,14.9,14.9,0.0
2009-05-22,5,May-Sep,8,13.6,12-<15,23.4,9.8,3.3584,5.8106,2,1.3728,4.5423,2,7.314,7.3672,3,-0.1047,17.8989,14.8989,-3.0
2009-05-23,5,May-Sep,8,10.3,10-<12,19.7,9.4,0.5362,1.2036,2,1.0011,1.2163,2,0.4572,0.7876,3,-0.3579,17.8975,14.8975,-3.0
2009-05-24,5,May-Sep,8,13.2,12-<15,25.2,12.0,0.1054,1.1327,2,-0.1955,0.5568,2,1.2433,1.7597,3,-0.4738,14.8961,14.8961,0.0
2009-05-25,5,May-Sep,8,13.4,12-<15,21.2,7.8,3.9792,8.1512,2,-3.7658,4.6408,2,11.3849,11.3953,3,2.9163,8.8947,14.8947,6.0
2009-05-26,5,May-Sep,8,7.5,<8,9.3,1.8,0.227,1.8491,2,1.8355,2.6535,2,0.5735,0.714,3,-1.5409,14.8931,14.8931,0.0
2009-05-27,5,May-Sep,8,14.9,12-<15,19.4,4.5,-1.0274,1.9514,2,-0.8867,0.8882,2,-0.4438,0.9513,3,-2.105,14.8911,14.8911,0.0
2009-05-28,5,May-Sep,8,14.2,12-<15,24.2,10.0,-0.6709,1.3733,2,-0.9221,1.4885,2,-0.001,0.6986,3,-1.3574,14.8892,14.8892,0.0
2009-05-29,5,May-Sep,8,14.5,12-<15,27.5,13.0,-0.6452,1.228,2,-0.6648,0.7117,2,-0.1147,0.5248,3,-1.5392,14.8872,14.8872,0.0
2009-05-30,5,May-Sep,8,13.4,12-<15,29.2,15.8,-0.9484,1.9404,2,-0.9737,1.5586,2,0.2002,0.8221,3,-1.8334,17.885,14.885,-3.0
2009-05-31,5,May-Sep,8,10.2,10-<12,28.4,18.2,2.4152,3.5027,2,0.088,0.7362,2,5.3316,5.3731,3,1.2685,8.8825,14.8825,6.0
2009-06-01,6,May-Sep,8,11.4,10-<12,26.9,15.5,-0.0169,0.7342,2,-0.1921,0.1969,2,0.5171,0.5478,3,-0.5693,14.8803,14.8803,0.0
2009-06-02,6,May-Sep,8,11.0,10-<12,28.3,17.3,0.0791,0.8751,2,-0.551,1.2214,2,0.4417,0.4439,3,0.4253,14.8778,14.8778,0.0
2009-06-03,6,May-Sep,8,16.5,15-<18,26.8,10.3,3.6564,8.7739,2,-4.137,5.0721,2,14.7411,14.7434,3,1.3264,11.875,14.875,3.0
2009-06-04,6,May-Sep,8,9.6,8-<10,19.7,10.1,-0.5942,1.1059,2,-1.4043,1.5818,2,0.0731,0.431,3,-0.883,14.8725,14.8725,0.0
2009-06-05,6,May-Sep,8,11.8,10-<12,24.5,12.7,-0.2024,0.976,2,-0.8819,0.9363,2,0.4548,0.6345,3,-0.5462,14.8697,14.8697,0.0
2009-06-06,6,May-Sep,8,8.2,8-<10,24.1,15.9,0.1421,0.528,2,0.2347,0.5968,2,0.3034,0.3604,3,-0.2594,14.8667,14.8667,0.0
2009-06-07,6,May-Sep,8,13.9,12-<15,29.3,15.4,-0.5824,1.346,2,-1.2795,1.3109,2,0.7456,0.7607,3,-1.3643,14.8639,14.8639,0.0
2009-06-08,6,May-Sep,8,12.1,12-<15,27.2,15.1,2.7659,3.8668,2,2.4801,3.0045,2,5.4957,5.5185,3,0.1806,14.8608,14.8608,0.0
2009-06-09,6,May-Sep,8,11.6,10-<12,27.4,15.8,-0.018,1.2407,2,0.1327,0.222,2,0.925,0.9408,3,-1.1524,14.8575,14.8575,0.0
2009-06-10,6,May-Sep,8,10.3,10-<12,29.1,18.8,0.2905,0.5619,2,0.0906,0.117,2,0.9469,0.9588,3,-0.0722,14.8544,14.8544,0.0
2009-06-11,6,May-Sep,8,10.7,10-<12,29.8,19.1,-0.2848,1.0378,2,-1.2846,1.5047,2,1.0274,1.0357,3,-0.6588,14.8511,14.8511,0.0
2009-06-12,6,May-Sep,8,9.1,8-<10,29.7,20.6,0.3524,0.8473,2,-0.5211,0.7976,2,0.6646,0.7595,3,0.9378,14.8478,14.8478,0.0
2009-06-13,6,May-Sep,8,12.0,12-<15,27.7,15.7,4.0146,5.6129,2,1.9159,3.4863,2,5.5621,5.6291,3,4.1398,14.8444,14.8444,0.0
2009-06-14,6,May-Sep,8,11.0,10-<12,21.7,10.7,0.0911,1.2901,2,0.6111,0.6374,2,0.6171,0.6174,3,-1.1322,14.8411,14.8411,0.0
2009-06-15,6,May-Sep,8,12.6,12-<15,26.2,13.6,-0.4916,1.2182,2,-0.4501,0.4607,2,-0.0658,0.1742,3,-1.3868,14.8378,14.8378,0.0
2009-06-16,6,May-Sep,8,8.9,8-<10,25.1,16.2,1.7277,2.7811,2,-0.7814,1.1572,2,4.5311,4.5316,3,1.2275,8.8344,14.8344,6.0
2009-06-17,6,May-Sep,8,9.7,8-<10,19.7,10.0,1.1115,4.9506,2,-3.7889,3.9992,2,7.6904,7.7313,3,0.0852,8.8308,14.8308,6.0
2009-06-18,6,May-Sep,8,9.2,8-<10,18.7,9.5,-0.0132,1.5156,2,1.0565,1.3652,2,0.118,0.5903,3,-1.4837,17.8275,14.8275,-3.0
2009-06-19,6,May-Sep,8,12.5,12-<15,25.7,13.2,-0.7402,1.4615,2,-1.4409,1.5178,2,0.1968,0.444,3,-1.0651,14.8239,14.8239,0.0
2009-06-20,6,May-Sep,8,9.5,8-<10,27.9,18.4,1.2701,2.3172,2,-0.459,0.5307,2,0.6548,0.9889,3,3.1721,17.8203,14.8203,-3.0
2009-06-21,6,May-Sep,8,12.2,12-<15,27.9,15.7,-0.6103,1.2745,2,-1.2426,1.2437,2,0.0156,0.6792,3,-1.1744,17.8169,14.8169,-3.0
2009-06-22,6,May-Sep,8,12.8,12-<15,31.9,19.1,-0.6077,1.0747,2,-1.4672,1.7249,2,0.036,0.0684,3,-0.5704,14.8133,14.8133,0.0
2009-06-23,6,May-Sep,8,12.9,12-<15,34.0,21.1,-0.0808,1.1461,2,-0.5947,0.5956,2,1.3322,1.3394,3,-0.7722,14.8097,14.8097,0.0
2009-06-24,6,May-Sep,8,8.8,8-<10,31.2,22.4,3.6256,5.0851,2,1.2085,2.1469,2,4.2454,4.6308,3,4.8877,14.8064,14.8064,0.0
2009-06-25,6,May-Sep,7,7.3,<8,24.4,17.1,0.8808,2.3939,2,-2.2999,2.338,2,2.3735,2.3896,2,1.744,8.8031,14.8031,6.0
2009-06-26,6,May-Sep,8,12.3,12-<15,25.3,13.0,-0.6124,1.1999,2,-0.9031,0.9751,2,0.1169,0.3002,3,-1.1962,14.7994,14.7994,0.0
2009-06-27,6,May-Sep,8,12.7,12-<15,30.1,17.4,0.346,1.2105,2,-0.3438,0.3654,2,1.6973,1.7448,3,0.0854,14.7961,14.7961,0.0
2009-06-28,6,May-Sep,7,12.4,12-<15,31.1,18.7,-0.3105,1.1125,1,-0.1543,0.1543,2,0.0136,0.1798,3,-1.2622,14.7928,14.7928,0.0
2009-06-29,6,May-Sep,8,13.5,12-<15,34.7,21.2,5.3987,8.2343,2,-2.58,2.8823,2,9.7081,9.9805,3,8.4821,8.7894,14.7894,6.0
2009-06-30,6,May-Sep,8,8.0,8-<10,21.2,13.2,1.6851,2.5082,2,-0.626,0.8316,2,4.1904,4.2477,3,1.3429,11.7864,14.7864,3.0
2009-07-01,7,May-Sep,8,6.5,<8,18.0,11.5,-0.6411,1.3414,2,-1.0785,1.1512,2,0.5175,0.5317,3,-1.2096,14.7831,14.7831,0.0
2009-07-02,7,May-Sep,8,10.5,10-<12,25.9,15.4,0.5915,0.8169,2,0.5917,0.6772,2,0.9134,1.1041,3,0.1147,14.78,14.78,0.0
2009-07-03,7,May-Sep,8,14.4,12-<15,30.5,16.1,-0.4307,0.8473,2,-0.5777,0.8079,2,0.1646,0.2072,3,-0.6543,14.7769,14.7769,0.0
2009-07-04,7,May-Sep,8,13.0,12-<15,31.8,18.8,-0.0932,0.8658,2,0.3448,0.382,2,0.1865,0.3572,3,-0.9787,14.7739,14.7739,0.0
2009-07-05,7,May-Sep,8,10.7,10-<12,30.6,19.9,0.649,1.1559,2,-0.2409,0.4381,2,2.004,2.0459,3,0.2096,14.7711,14.7711,0.0
2009-07-06,7,May-Sep,8,7.5,<8,28.4,20.9,0.8969,1.3164,2,1.3687,1.7835,2,1.2174,1.5276,3,0.2106,14.7683,14.7683,0.0
2009-07-07,7,May-Sep,8,8.7,8-<10,30.2,21.5,0.2961,0.5846,2,-0.3471,0.3689,2,0.4062,0.4976,3,0.3495,14.7656,14.7656,0.0
2009-07-08,7,May-Sep,8,8.3,8-<10,29.3,21.0,1.7338,2.8721,2,-0.9746,0.992,2,4.8265,4.9577,3,1.3044,8.7631,14.7631,6.0
2009-07-09,7,May-Sep,8,12.3,12-<15,31.9,19.6,0.0048,0.9609,2,-0.7491,0.8394,2,0.9722,1.2475,3,-0.101,14.7606,14.7606,0.0
2009-07-10,7,May-Sep,8,10.8,10-<12,31.8,21.0,1.4549,2.8328,2,-0.9437,1.221,2,4.3484,4.5265,3,2.0107,11.7581,14.7581,3.0
2009-07-11,7,May-Sep,8,11.2,10-<12,31.3,20.1,0.2333,0.5426,2,0.0008,0.173,2,0.2776,0.4186,3,0.1243,14.7558,14.7558,0.0
2009-07-12,7,May-Sep,8,15.2,15-<18,35.0,19.8,-0.4157,1.2388,2,-0.7502,0.8668,2,0.6226,0.6371,3,-1.147,14.7536,14.7536,0.0
2009-07-13,7,May-Sep,8,9.5,8-<10,32.7,23.2,4.3886,5.3047,2,1.9394,2.9573,2,7.0136,7.1562,3,4.146,14.7517,14.7517,0.0
2009-07-14,7,May-Sep,8,6.9,<8,27.0,20.1,0.2084,1.0561,2,0.4045,0.744,2,0.3962,0.5615,3,-0.7203,17.7497,14.7497,-3.0
2009-07-15,7,May-Sep,8,7.9,<8,26.2,18.3,1.4859,3.5203,2,-1.8343,2.0719,2,3.7945,4.044,3,0.5286,8.7478,14.7478,6.0
2009-07-16,7,May-Sep,8,11.8,10-<12,29.1,17.3,1.2151,1.9998,2,-0.6873,0.693,2,1.7931,1.8047,3,2.3287,14.7464,14.7464,0.0
2009-07-17,7,May-Sep,8,11.1,10-<12,27.7,16.6,-0.5916,1.3223,2,-1.7498,1.7637,2,1.2282,1.2558,3,-1.1687,11.7447,14.7447,3.0
2009-07-18,7,May-Sep,8,12.5,12-<15,30.0,17.5,0.0131,0.6133,2,-0.9463,1.0035,2,0.5048,0.5179,3,0.2593,14.7433,14.7433,0.0
2009-07-19,7,May-Sep,8,11.5,10-<12,30.1,18.6,1.264,2.8022,2,-0.9878,1.3468,2,4.305,4.4734,3,1.5434,11.7422,14.7422,3.0
2009-07-20,7,May-Sep,8,12.9,12-<15,28.9,16.0,-0.8711,1.4076,2,-0.9917,1.0599,2,0.131,0.5722,3,-1.8956,14.7411,14.7411,0.0
2009-07-21,7,May-Sep,8,13.2,12-<15,33.0,19.8,-0.1999,0.927,2,-0.7902,0.8846,2,0.4137,0.4202,3,-0.4452,14.7403,14.7403,0.0
2009-07-22,7,May-Sep,8,12.5,12-<15,34.7,22.2,-0.1689,0.7846,2,-0.7506,0.8544,2,0.3983,0.4504,3,0.2899,14.7394,14.7394,0.0
2009-07-23,7,May-Sep,8,13.7,12-<15,32.7,19.0,3.0517,4.2674,2,2.2815,3.6403,2,5.8836,5.9382,3,0.4603,17.7389,14.7389,-3.0
2009-07-24,7,May-Sep,8,9.5,8-<10,28.3,18.8,0.112,0.6177,2,-0.4224,0.4432,2,0.3517,0.3569,3,0.0426,14.7383,14.7383,0.0
2009-07-25,7,May-Sep,8,10.9,10-<12,26.9,16.0,-0.6649,1.2687,2,-1.1891,1.2211,2,0.9764,1.0177,3,-1.5642,14.7381,14.7381,0.0
2009-07-26,7,May-Sep,8,12.7,12-<15,30.4,17.7,-0.6769,1.4136,2,-0.8625,0.8664,2,0.1794,0.2095,3,-1.5922,14.7378,14.7378,0.0
2009-07-27,7,May-Sep,8,8.7,8-<10,31.1,22.4,1.52,2.7288,2,-0.8863,0.8977,2,3.5889,4.1568,3,2.3475,11.7381,14.7381,3.0
2009-07-28,7,May-Sep,8,13.5,12-<15,32.1,18.6,0.6121,1.1946,2,-0.5747,0.6018,2,1.4316,1.5319,3,0.9626,14.7381,14.7381,0.0
2009-07-29,7,May-Sep,8,11.3,10-<12,28.7,17.4,1.4686,2.3962,2,0.1569,1.1619,2,4.1962,4.2064,3,0.3755,11.7386,14.7386,3.0
2009-07-30,7,May-Sep,8,9.8,8-<10,25.9,16.1,0.2128,1.3144,2,1.2312,2.1221,2,0.1242,0.1287,3,-0.7809,14.7392,14.7392,0.0
2009-07-31,7,May-Sep,8,13.6,12-<15,32.3,18.7,-0.4582,1.0798,2,-1.2053,1.5128,2,0.2671,0.3458,3,-0.4826,14.7397,14.7397,0.0
2009-08-01,8,May-Sep,8,13.8,12-<15,33.6,19.8,-0.5242,1.1561,2,-1.3169,1.6126,2,0.6529,0.7332,3,-0.8623,14.7406,14.7406,0.0
2009-08-02,8,May-Sep,8,8.4,8-<10,31.8,23.4,1.2782,2.5721,2,-1.1772,1.6035,2,2.593,2.714,3,2.5212,11.7417,14.7417,3.0
2009-08-03,8,May-Sep,8,11.0,10-<12,31.6,20.6,0.6442,1.1927,2,-0.2591,0.2707,2,0.9985,1.1208,3,0.981,14.7431,14.7431,0.0
2009-08-04,8,May-Sep,8,7.2,<8,28.9,21.7,1.7756,2.227,2,0.4233,0.588,2,2.8043,2.9192,3,2.1485,14.7444,14.7444,0.0
2009-08-05,8,May-Sep,8,8.9,8-<10,28.1,19.2,1.4589,2.4787,2,-0.1265,0.1366,2,1.6081,1.851,3,3.0222,14.7461,14.7461,0.0
2009-08-06,8,May-Sep,8,7.8,<8,24.6,16.8,2.3108,2.9932,2,0.8551,1.6688,2,4.4665,4.4671,3,1.3796,14.7478,14.7478,0.0
2009-08-07,8,May-Sep,8,11.0,10-<12,27.0,16.0,0.3261,0.8444,2,-0.2922,0.3011,2,0.5352,0.642,3,0.1044,14.7497,14.7497,0.0
2009-08-08,8,May-Sep,7,15.8,15-<18,31.7,15.9,-0.7659,1.3264,2,-0.716,0.8578,1,0.0854,0.0854,3,-1.2261,14.7519,14.7519,0.0
2009-08-09,8,May-Sep,8,14.9,12-<15,34.3,19.4,0.0232,1.0396,2,-0.6402,0.6704,2,1.0071,1.1337,3,-0.4142,14.7542,14.7542,0.0
2009-08-10,8,May-Sep,8,13.9,12-<15,35.8,21.9,0.0622,0.879,2,-0.5864,0.7369,2,0.8087,1.0836,3,0.1702,14.7567,14.7567,0.0
2009-08-11,8,May-Sep,8,10.9,10-<12,33.8,22.9,-0.0185,0.6455,2,-0.6493,0.9551,2,0.2256,0.4289,3,0.1654,14.7592,14.7592,0.0
2009-08-12,8,May-Sep,8,13.6,12-<15,32.7,19.1,5.7987,7.7806,2,1.6719,3.35,2,11.7658,11.8101,3,3.1128,2.7619,14.7619,-12.0
2009-08-13,8,May-Sep,8,12.6,12-<15,28.9,16.3,-0.3106,1.1023,2,-1.2211,1.4024,2,0.7685,0.9056,3,-0.4687,14.765,14.765,0.0
2009-08-14,8,May-Sep,8,9.7,8-<10,26.2,16.5,0.5133,1.3528,2,-0.2029,0.3292,2,2.0329,2.0378,3,-0.1431,14.7681,14.7681,0.0
2009-08-15,8,May-Sep,8,9.4,8-<10,26.1,16.7,0.2331,0.5177,2,-0.2298,0.2461,2,0.4965,0.5369,3,0.2377,14.7714,14.7714,0.0
2009-08-16,8,May-Sep,8,10.0,10-<12,26.6,16.6,-0.4578,0.7411,2,-1.0494,1.0956,2,0.457,0.4616,3,-0.6656,14.7747,14.7747,0.0
2009-08-17,8,May-Sep,8,9.7,8-<10,27.1,17.4,0.3371,0.8237,2,-0.6261,0.7395,2,0.6205,0.6336,3,0.8151,14.7783,14.7783,0.0
2009-08-18,8,May-Sep,8,10.8,10-<12,27.2,16.4,0.1582,0.5358,2,-0.5325,0.5326,2,0.2999,0.3137,3,0.1826,14.7822,14.7822,0.0
2009-08-19,8,May-Sep,8,12.7,12-<15,28.6,15.9,-0.609,1.9729,2,-1.4087,1.8545,2,1.9296,1.93,3,-1.7299,11.7861,14.7861,3.0
2009-08-20,8,May-Sep,8,9.3,8-<10,28.2,18.9,1.6605,3.0406,2,-0.5402,0.5814,2,2.8314,3.0515,3,3.2627,11.7903,14.7903,3.0
2009-08-21,8,May-Sep,8,10.0,10-<12,24.4,14.4,0.1554,1.1166,2,-0.3896,1.3822,2,1.2336,1.2416,3,-0.5808,14.7944,14.7944,0.0
2009-08-22,8,May-Sep,8,11.7,10-<12,23.4,11.7,-1.1641,2.0234,2,-1.0651,1.0983,2,0.1731,0.5474,3,-2.8163,14.7986,14.7986,0.0
2009-08-23,8,May-Sep,8,10.7,10-<12,26.2,15.5,0.0192,0.9015,2,-0.3491,0.4278,2,0.7797,0.7799,3,-0.7946,14.8031,14.8031,0.0
2009-08-24,8,May-Sep,8,10.6,10-<12,27.5,16.9,0.289,0.8297,2,-0.3802,0.643,2,0.7304,0.7764,3,0.0079,14.8078,14.8078,0.0
2009-08-25,8,May-Sep,8,15.4,15-<18,31.8,16.4,-0.2295,0.6523,2,-0.5698,0.7095,2,0.6688,0.7242,3,-0.5135,14.8125,14.8125,0.0
2009-08-26,8,May-Sep,8,12.2,12-<15,30.4,18.2,-0.1645,0.7726,2,-0.4926,0.715,2,0.6159,0.8078,3,-0.4942,14.8175,14.8175,0.0
2009-08-27,8,May-Sep,8,8.0,8-<10,28.4,20.4,1.7199,2.4433,2,0.7686,1.248,2,3.7813,3.7823,3,1.7204,11.8225,14.8225,3.0
2009-08-28,8,May-Sep,8,10.8,10-<12,29.6,18.8,-0.4962,1.2744,2,-2.3716,2.4485,2,0.4436,0.4465,3,0.0159,14.8275,14.8275,0.0
2009-08-29,8,May-Sep,8,17.4,15-<18,35.9,18.5,1.1414,2.7127,2,-1.3827,2.0264,2,1.4016,1.8515,3,3.1461,14.8328,14.8328,0.0
2009-08-30,8,May-Sep,8,13.0,12-<15,30.9,17.9,3.4182,4.4068,2,2.0409,2.8489,2,6.9843,6.9874,3,1.242,14.8381,14.8381,0.0
2009-08-31,8,May-Sep,8,9.9,8-<10,26.7,16.8,-0.1205,0.8451,2,-0.9451,1.1559,2,0.7846,0.981,3,-0.2056,14.8433,14.8433,0.0
2009-09-01,9,May-Sep,8,10.0,10-<12,26.8,16.8,0.6611,1.2408,2,-0.332,0.565,2,1.3216,1.3612,3,1.0519,14.8489,14.8489,0.0
2009-09-02,9,May-Sep,8,15.2,15-<18,23.8,8.6,0.9071,7.5658,2,-7.6178,7.6333,2,11.0092,11.2105,3,0.3608,8.8544,14.8544,6.0
2009-09-03,9,May-Sep,8,9.7,8-<10,16.4,6.7,-0.285,0.6111,2,-0.0638,0.2027,2,0.2794,0.2799,3,-0.7689,14.8603,14.8603,0.0
2009-09-04,9,May-Sep,8,8.4,8-<10,18.0,9.6,-0.2173,0.7457,2,-0.5009,0.7935,2,0.3138,0.3636,3,-0.6239,14.8658,14.8658,0.0
2009-09-05,9,May-Sep,8,9.1,8-<10,20.0,10.9,-0.4404,1.0799,2,-0.609,0.8808,2,0.5088,0.6543,3,-1.2037,14.8717,14.8717,0.0
2009-09-06,9,May-Sep,8,9.3,8-<10,21.3,12.0,-0.0722,0.8768,2,-0.6244,0.6757,2,1.0383,1.039,3,-0.5856,14.8778,14.8778,0.0
2009-09-07,9,May-Sep,8,9.5,8-<10,22.8,13.3,-0.3168,0.7972,2,-0.5906,0.864,2,0.5174,0.5311,3,-0.9009,14.8836,14.8836,0.0
2009-09-08,9,May-Sep,8,8.1,8-<10,21.1,13.0,-0.1452,0.8766,2,-0.144,0.3027,2,0.6622,0.6632,3,-1.0813,14.8897,14.8897,0.0
2009-09-09,9,May-Sep,8,10.4,10-<12,22.4,12.0,-0.6245,0.9978,2,-0.9192,1.3437,2,0.038,0.1645,3,-1.0969,14.8956,14.8956,0.0
2009-09-10,9,May-Sep,8,9.7,8-<10,21.0,11.3,0.9151,1.9277,2,-0.3749,0.5278,2,3.0821,3.4652,3,0.2451,14.9017,14.9017,0.0
2009-09-11,9,May-Sep,8,7.4,<8,20.6,13.2,-0.0756,0.5397,2,-0.562,0.7402,2,0.4468,0.4499,3,-0.0762,14.9078,14.9078,0.0
2009-09-12,9,May-Sep,8,8.9,8-<10,22.6,13.7,-0.2234,0.5396,2,-0.4583,0.6825,2,0.3279,0.3292,3,-0.5084,14.9142,14.9142,0.0
2009-09-13,9,May-Sep,8,11.9,10-<12,25.6,13.7,0.0574,0.8101,2,-0.3488,0.6515,2,0.7923,0.8156,3,-0.5385,14.9203,14.9203,0.0
2009-09-14,9,May-Sep,8,14.7,12-<15,28.5,13.8,-0.0374,0.7644,2,-0.6862,0.7004,2,0.8673,1.0372,3,-0.2904,14.9264,14.9264,0.0
2009-09-15,9,May-Sep,8,13.7,12-<15,29.0,15.3,0.0183,0.9099,2,-0.6545,1.0308,2,1.0837,1.2314,3,0.0048,14.9325,14.9325,0.0
2009-09-16,9,May-Sep,8,14.3,12-<15,31.2,16.9,-0.2109,1.7392,2,-2.1957,3.0706,2,0.2255,0.227,3,0.0621,14.9389,14.9389,0.0
2009-09-17,9,May-Sep,8,12.8,12-<15,28.7,15.9,1.8038,2.5885,2,-0.4131,0.4163,2,4.1332,4.1337,3,1.2244,14.945,14.945,0.0
2009-09-18,9,May-Sep,8,12.5,12-<15,22.6,10.1,5.1011,6.4751,2,1.9138,3.4574,2,9.7469,9.7759,3,3.0414,2.9511,14.9511,-12.0
2009-09-19,9,May-Sep,8,12.5,12-<15,18.8,6.3,-0.4812,1.1366,2,-1.2988,1.3706,2,0.4366,0.4968,3,-0.9278,14.9572,14.9572,0.0
2009-09-20,9,May-Sep,8,9.1,8-<10,19.8,10.7,0.5195,0.8801,2,0.2617,0.8267,2,0.6547,0.7026,3,0.1622,14.9633,14.9633,0.0
2009-09-21,9,May-Sep,8,12.8,12-<15,24.4,11.6,0.4488,1.4584,2,-0.7148,1.1254,2,2.3409,2.3413,3,0.4805,11.9694,14.9694,3.0
2009-09-22,9,May-Sep,8,11.5,10-<12,25.1,13.6,0.0894,1.0619,2,-0.3342,0.3598,2,1.4365,1.5335,3,-0.4017,14.9756,14.9756,0.0
2009-09-23,9,May-Sep,8,8.0,8-<10,21.3,13.3,2.8347,4.3375,2,0.1178,0.4681,2,6.0668,6.0822,3,1.8307,2.9817,14.9817,-12.0
2009-09-24,9,May-Sep,8,9.6,8-<10,19.9,10.3,0.1467,0.7339,2,-0.629,0.9638,2,0.615,0.742,3,0.1554,14.9875,14.9875,0.0
2009-09-25,9,May-Sep,8,11.7,10-<12,21.7,10.0,-0.1916,0.9377,2,-0.9824,1.3542,2,1.0143,1.0179,3,-0.4208,14.9933,14.9933,0.0
2009-09-26,9,May-Sep,7,11.5,10-<12,23.9,12.4,0.1008,0.6139,2,-0.5337,0.5402,2,0.8143,0.9137,2,0.2745,14.9992,14.9992,0.0
2009-09-27,9,May-Sep,8,9.7,8-<10,22.4,12.7,0.2228,1.1732,2,-0.9414,1.272,2,1.8118,1.8242,3,-0.0879,15.005,15.005,0.0
2009-09-28,9,May-Sep,8,7.2,<8,19.8,12.6,0.5352,1.6473,2,-0.8785,1.2868,2,2.0802,2.2588,3,0.9466,12.0106,15.0106,3.0
2009-09-29,9,May-Sep,8,9.3,8-<10,21.8,12.5,0.1176,0.8985,2,-0.8392,1.1265,2,0.8715,0.9909,3,0.2369,15.0161,15.0161,0.0
2009-09-30,9,May-Sep,8,12.7,12-<15,23.6,10.9,0.1028,0.7251,2,-0.66,1.0799,2,0.8322,0.9379,3,0.1052,15.0217,15.0217,0.0
2009-10-01,10,Other,8,13.6,12-<15,26.3,12.7,0.2082,1.0585,2,-0.9564,1.2978,2,0.9269,1.0206,3,0.7427,15.0272,15.0272,0.0
2009-10-02,10,Other,8,10.8,10-<12,26.0,15.2,0.3457,0.6926,2,-0.293,0.5384,2,0.5347,0.6892,3,0.4986,15.0325,15.0325,0.0
2009-10-03,10,Other,8,11.8,10-<12,25.4,13.6,-0.3888,0.8556,2,-0.5216,0.6062,2,0.6205,0.6985,3,-0.5368,15.0375,15.0375,0.0
2009-10-04,10,Other,8,9.7,8-<10,22.1,12.4,2.185,3.1503,2,1.1288,1.7134,2,4.6677,4.6682,3,0.6723,15.0425,15.0425,0.0
2009-10-05,10,Other,8,9.4,8-<10,19.7,10.3,0.0489,0.7677,2,-0.5378,0.9423,2,0.6361,0.8999,3,0.3588,15.0475,15.0475,0.0
2009-10-06,10,Other,8,9.3,8-<10,19.6,10.3,-0.03,0.9875,2,-0.9679,1.5455,2,0.7848,0.979,3,0.332,15.0522,15.0522,0.0
2009-10-07,10,Other,8,9.4,8-<10,19.7,10.3,0.0355,0.8664,2,-0.4617,0.761,2,0.9129,1.0475,3,0.2915,12.0569,15.0569,3.0
2009-10-08,10,Other,8,11.1,10-<12,20.6,9.5,0.1525,0.6219,2,-0.171,0.1751,2,0.7712,0.8563,3,0.3419,15.0614,15.0614,0.0
2009-10-09,10,Other,8,10.9,10-<12,21.3,10.4,0.2134,0.6106,2,0.079,0.1187,2,0.6298,0.763,3,0.4555,15.0658,15.0658,0.0
2009-10-10,10,Other,8,9.2,8-<10,19.8,10.6,-0.1406,0.8407,2,-0.6842,1.0026,2,0.7019,0.8093,3,0.0717,12.07,15.07,3.0
2009-10-11,10,Other,8,9.2,8-<10,18.3,9.1,-0.0845,0.7067,2,-0.3467,0.5285,2,0.9416,0.9724,3,-0.4616,15.0742,15.0742,0.0
2009-10-12,10,Other,8,4.7,<8,15.1,10.4,1.1075,2.0897,2,0.5126,0.7036,2,2.9798,2.9799,3,-0.1208,0.0781,15.0781,-9.0
2009-10-13,10,Other,8,8.6,8-<10,14.3,5.7,-0.4645,0.7475,2,-0.6753,0.9856,2,0.2892,0.3571,3,-0.6533,15.0817,15.0817,0.0
2009-10-14,10,Other,8,8.7,8-<10,12.3,3.6,0.6386,2.8504,2,0.9795,1.4218,2,2.8691,2.8818,3,-2.0263,0.0853,15.0853,-9.0
2009-10-15,10,Other,8,10.9,10-<12,14.3,3.4,-0.0319,1.3237,2,-1.4122,2.1554,2,0.7103,0.9376,3,0.6911,15.0886,15.0886,0.0
2009-10-16,10,Other,8,10.8,10-<12,14.8,4.0,-0.0482,0.8372,2,-0.395,0.8148,2,1.0113,1.0336,3,-0.0679,12.0917,15.0917,3.0
2009-10-17,10,Other,8,11.6,10-<12,17.4,5.8,0.0779,1.0242,2,-1.2786,1.3819,2,0.7086,0.7087,3,0.5454,15.0947,15.0947,0.0
2009-10-18,10,Other,8,8.5,8-<10,16.0,7.5,-0.0651,0.9479,2,-0.9549,1.4656,2,0.9593,1.1115,3,-0.0765,15.0975,15.0975,0.0
2009-10-19,10,Other,8,9.4,8-<10,16.6,7.2,-0.0172,1.1985,2,-0.9716,1.3653,2,1.6961,1.6991,3,-0.1032,12.1003,15.1003,3.0
2009-10-20,10,Other,8,7.7,<8,15.1,7.4,0.3917,2.0353,2,-1.5601,2.2339,2,3.0892,3.3173,3,-0.0204,12.1025,15.1025,3.0
2009-10-21,10,Other,8,10.3,10-<12,18.7,8.4,0.435,1.2705,2,-0.8077,1.2328,2,1.6232,1.8212,3,0.872,15.1047,15.1047,0.0
2009-10-22,10,Other,8,11.1,10-<12,19.1,8.0,0.3714,0.9311,2,-0.0479,0.4042,2,1.2691,1.4855,3,0.4864,15.1067,15.1067,0.0
2009-10-23,10,Other,8,12.3,12-<15,19.6,7.3,0.3281,0.917,2,0.1216,0.2131,2,1.5156,1.5725,3,0.1742,15.1086,15.1086,0.0
2009-10-24,10,Other,8,13.2,12-<15,14.6,1.4,3.4955,6.3845,2,0.5406,2.5672,2,9.6471,9.6761,3,-0.3841,0.1103,15.1103,-9.0
2009-10-25,10,Other,8,7.2,<8,7.4,0.2,0.7371,1.5471,2,-0.6489,0.7095,2,2.6705,2.7539,3,0.8524,12.1117,15.1117,3.0
2009-10-26,10,Other,8,8.5,8-<10,8.1,-0.4,-0.0227,1.219,2,-1.4645,1.5318,2,1.3559,1.5536,3,0.4006,12.1128,15.1128,3.0
2009-10-27,10,Other,8,13.3,12-<15,15.1,1.8,0.3527,2.3227,2,-2.1615,2.3091,2,2.9076,3.1128,3,1.0838,12.1136,15.1136,3.0
2009-10-28,10,Other,8,6.9,<8,9.5,2.6,-0.1764,1.2946,2,-0.9302,1.2056,2,1.4434,1.4843,3,-0.3566,12.1144,15.1144,3.0
2009-10-29,10,Other,8,3.7,<8,5.9,2.2,0.411,1.2755,2,-1.0096,1.0115,2,1.5884,1.8825,3,0.3893,18.115,15.115,-3.0
2009-10-30,10,Other,8,6.0,<8,6.4,0.4,0.3176,0.7567,2,0.2655,0.2711,2,0.598,0.8472,3,0.1059,15.115,15.115,0.0
2009-10-31,10,Other,8,8.1,8-<10,7.1,-1.0,-0.332,0.8141,2,-0.4459,0.4472,2,0.7802,0.8014,3,-0.6968,12.1153,15.1153,3.0
2009-11-01,11,Other,8,7.2,<8,7.0,-0.2,0.1544,0.8452,2,-0.7873,0.9583,2,1.1398,1.3083,3,0.2307,15.115,15.115,0.0
2009-11-02,11,Other,8,7.5,<8,6.5,-1.0,0.1232,1.0413,2,-1.0087,1.5537,2,1.148,1.3195,3,0.3131,15.1147,15.1147,0.0
2009-11-03,11,Other,8,8.4,8-<10,8.2,-0.2,0.1881,1.1166,2,-0.7994,1.2104,2,1.4298,1.6066,3,0.3905,15.1139,15.1139,0.0
2009-11-04,11,Other,8,11.4,10-<12,13.9,2.5,0.2007,2.3178,2,-2.0597,2.204,2,2.9924,3.3021,3,0.3332,12.1131,15.1131,3.0
2009-11-05,11,Other,8,12.0,12-<15,18.5,6.5,-0.3358,3.484,2,-3.8013,3.8041,2,4.6605,4.6946,3,-1.0684,12.1119,15.1119,3.0
2009-11-06,11,Other,8,8.5,8-<10,16.0,7.5,0.6922,1.6427,2,-0.1835,0.5395,2,1.906,2.2049,3,1.0916,12.1108,15.1108,3.0
2009-11-07,11,Other,8,6.3,<8,10.7,4.4,1.647,2.3245,2,0.3654,0.7221,2,3.4867,3.4879,3,0.6005,15.1092,15.1092,0.0
2009-11-08,11,Other,8,4.5,<8,5.6,1.1,0.2093,2.477,2,-1.2262,2.1768,2,2.5675,2.6439,3,-1.3839,0.1075,15.1075,-9.0
2009-11-09,11,Other,8,2.7,<8,2.5,-0.2,0.2739,1.3411,2,-1.0109,1.0497,2,1.9996,1.9996,3,-0.2027,0.1056,15.1056,-9.0
2009-11-10,11,Other,8,5.5,<8,-0.1,-5.6,0.6517,3.1208,2,-0.97,1.5517,2,4.3345,4.3592,3,-1.5432,0.1033,15.1033,-9.0
2009-11-11,11,Other,8,5.2,<8,-2.5,-7.7,-0.4234,1.418,2,-1.0674,1.213,2,1.472,1.5187,3,-1.2893,12.1008,15.1008,3.0
2009-11-12,11,Other,8,1.4,<8,-5.4,-6.8,0.0255,0.2692,2,-0.2824,0.2851,2,0.2171,0.2322,3,0.147,12.0981,15.0981,3.0
2009-11-13,11,Other,8,1.6,<8,-5.6,-7.2,0.0889,0.6097,2,-0.4617,0.5146,2,0.7406,0.7788,3,0.0353,12.0953,15.0953,3.0
2009-11-14,11,Other,8,1.9,<8,-6.6,-8.5,-0.0909,0.6364,2,-0.7301,0.7302,2,0.7009,0.701,3,-0.1824,12.0922,15.0922,3.0
2009-11-15,11,Other,8,2.8,<8,-6.4,-9.2,0.2585,0.8092,2,-0.6315,0.7214,2,1.2824,1.3133,3,0.3638,12.0889,15.0889,3.0
2009-11-16,11,Other,8,7.8,<8,-6.0,-13.8,0.2037,1.0731,2,-0.5783,0.7077,2,1.6746,1.6839,3,0.0976,12.0853,15.0853,3.0
2009-11-17,11,Other,8,6.2,<8,-7.6,-13.8,0.114,1.0444,2,-0.9194,1.4214,2,1.484,1.4955,3,-0.1037,15.0817,15.0817,0.0
2009-11-18,11,Other,8,6.6,<8,-6.2,-12.8,-0.5498,1.2056,2,-1.1386,1.2979,2,-0.7195,1.0167,3,-0.2916,15.0778,15.0778,0.0
2009-11-19,11,Other,8,10.4,10-<12,0.6,-9.8,0.5907,2.682,2,-2.4998,2.7121,2,4.1288,4.1827,3,0.9872,12.0736,15.0736,3.0
2009-11-20,11,Other,8,5.6,<8,-3.7,-9.3,0.4254,1.342,2,-0.4185,0.4235,2,1.9111,2.0764,3,0.339,12.0694,15.0694,3.0
2009-11-21,11,Other,8,8.3,8-<10,-3.8,-12.1,0.2517,1.0235,2,-0.6549,0.9751,2,1.4544,1.4748,3,0.3513,12.0647,15.0647,3.0
2009-11-22,11,Other,8,14.9,12-<15,5.2,-9.7,-1.2055,2.9314,2,-4.4623,4.4778,2,1.5826,2.1695,3,-1.1589,15.06,15.06,0.0
2009-11-23,11,Other,8,7.2,<8,0.5,-6.7,0.333,3.2956,2,-1.3952,2.063,2,4.7491,4.7493,3,-2.112,0.0553,15.0553,-9.0
2009-11-24,11,Other,8,7.4,<8,1.1,-6.3,-2.733,3.4713,2,-5.9902,5.9964,2,-0.5773,0.8161,3,-2.5201,15.05,15.05,0.0
2009-11-25,11,Other,8,4.2,<8,0.3,-3.9,0.3074,1.6362,2,-0.9553,0.9869,2,2.6454,2.669,3,-0.5033,0.0447,15.0447,-9.0
2009-11-26,11,Other,8,2.8,<8,-0.4,-3.2,0.2409,0.8533,2,-0.7922,0.8226,2,1.2303,1.2323,3,0.3768,12.0394,15.0394,3.0
2009-11-27,11,Other,8,2.5,<8,-1.7,-4.2,0.458,0.806,2,-0.1246,0.1312,2,1.42,1.4314,3,0.4614,12.0339,15.0339,3.0
2009-11-28,11,Other,8,5.2,<8,-0.6,-5.8,0.6385,1.781,2,-1.0411,1.0412,2,2.9641,2.9758,3,0.6807,12.0281,15.0281,3.0
2009-11-29,11,Other,8,4.5,<8,-2.7,-7.2,0.0924,0.8846,2,-0.8112,0.8735,2,1.0568,1.0844,3,0.0546,12.0222,15.0222,3.0
2009-11-30,11,Other,8,8.6,8-<10,3.6,-5.0,-1.1069,2.5354,2,-4.4728,4.4818,2,1.6672,1.6756,3,-0.865,12.0161,15.0161,3.0
2009-12-01,12,Other,8,7.7,<8,2.7,-5.0,1.0838,3.3573,2,-1.4132,1.6323,2,5.4868,5.49,3,0.3206,12.0097,15.0097,3.0
2009-12-02,12,Other,9,2.0,<8,-4.9,-6.9,0.0545,0.4735,2,-0.1381,0.1527,2,0.7871,0.8154,4,-0.2752,12.0033,15.0033,3.0
2009-12-03,12,Other,8,5.9,<8,-0.3,-6.2,1.406,2.2499,2,-0.7329,0.7546,2,3.4254,3.5482,3,1.8232,11.9969,14.9969,3.0
2009-12-04,12,Other,8,4.2,<8,-5.4,-9.6,0.514,1.758,2,-1.9748,1.9784,2,2.5494,2.5886,3,0.7812,11.9903,14.9903,3.0
2009-12-05,12,Other,8,6.2,<8,-4.7,-10.9,-1.9439,2.848,2,-1.1305,1.6755,2,-0.6117,1.1822,3,-3.5535,23.9767,14.9836,-8.9931
2009-12-06,12,Other,8,7.2,<8,2.5,-4.7,0.2751,1.9573,2,-1.4168,1.6396,2,2.6589,2.6596,3,0.1316,11.9767,14.9767,3.0
2009-12-07,12,Other,8,12.9,12-<15,1.6,-11.3,2.3691,5.7749,2,-0.3656,1.5333,2,8.3167,8.6794,3,-1.3873,2.9697,14.9697,-12.0
2009-12-08,12,Other,8,7.6,<8,-2.5,-10.1,1.3553,3.3075,2,-2.5617,2.8479,2,5.4602,5.5583,3,1.4516,11.9625,14.9625,3.0
2009-12-09,12,Other,8,3.0,<8,-8.4,-11.4,0.4862,2.564,2,-2.542,2.5443,2,2.26,2.2604,3,1.6174,5.9556,14.9556,9.0
2009-12-10,12,Other,8,6.2,<8,-10.1,-16.3,0.3943,1.5704,2,-0.9797,1.2014,2,2.0958,2.2084,3,0.8277,11.9481,14.9481,3.0
2009-12-11,12,Other,8,6.5,<8,-11.5,-18.0,-0.1781,1.4034,2,-1.7188,1.7194,2,1.8586,1.8767,3,-0.0841,11.9408,14.9408,3.0
2009-12-12,12,Other,8,4.0,<8,-13.1,-17.1,0.6401,1.4401,2,-1.0402,1.1349,2,2.1335,2.1345,3,1.0065,11.9333,14.9333,3.0
2009-12-13,12,Other,8,9.4,8-<10,-8.1,-17.5,-0.7554,2.3505,2,-3.3524,3.381,2,2.4891,2.5832,3,-0.6836,11.9258,14.9258,3.0
2009-12-14,12,Other,8,5.6,<8,-11.2,-16.8,0.8529,1.7435,2,-0.1513,0.2185,2,2.6804,2.9872,3,-0.2324,20.9183,14.9183,-6.0
2009-12-15,12,Other,8,5.1,<8,-12.5,-17.6,0.011,1.0103,2,-1.0389,1.0828,2,1.5465,1.5851,3,-0.1396,11.9106,14.9106,3.0
2009-12-16,12,Other,8,9.6,8-<10,-6.7,-16.3,1.136,2.5006,2,-1.2257,1.8082,2,3.7232,3.7273,3,1.9532,11.9031,14.9031,3.0
2009-12-17,12,Other,8,18.3,18-<20,1.8,-16.5,-1.6572,3.5113,2,-4.1763,4.304,2,1.6682,1.7096,3,-2.6434,14.8953,14.8953,0.0
2009-12-18,12,Other,8,13.1,12-<15,-0.6,-13.7,1.2385,7.1209,2,-6.8956,6.9066,2,9.8358,9.8371,3,2.3687,11.8875,14.8875,3.0
2009-12-19,12,Other,8,9.2,8-<10,-6.1,-15.3,-0.7417,2.8421,2,-4.4797,4.5631,2,2.5849,2.6139,3,0.0841,11.8797,14.8797,3.0
2009-12-20,12,Other,8,6.5,<8,-7.8,-14.3,0.3581,1.4604,2,-0.9886,1.0439,2,1.9795,2.3587,3,0.7424,11.8719,14.8719,3.0
2009-12-21,12,Other,8,10.0,10-<12,-3.3,-13.3,-2.5504,4.8221,2,-4.5034,4.645,2,2.7919,3.0017,3,-5.5099,23.8561,14.8639,-8.9922
2009-12-22,12,Other,8,14.5,12-<15,5.1,-9.4,0.1329,5.4945,2,-5.8696,5.9808,2,3.5821,3.7214,3,2.8302,11.8561,14.8561,3.0
2009-12-23,12,Other,8,12.1,12-<15,-0.9,-13.0,1.4752,7.1866,2,-6.9081,6.9859,2,9.3383,9.3417,3,0.8739,2.8483,14.8483,-12.0
2009-12-24,12,Other,8,13.0,12-<15,-10.4,-23.4,-0.3263,7.3207,2,-9.2695,9.277,2,9.7817,9.7817,3,-1.2932,8.8406,14.8406,6.0
2009-12-25,12,Other,8,12.9,12-<15,-10.4,-23.3,-2.8073,4.0146,2,-5.4831,6.2897,2,0.5001,0.589,3,-3.8836,14.8328,14.8328,0.0
2009-12-26,12,Other,8,13.2,12-<15,-5.2,-18.4,1.9089,5.9983,2,-4.2253,4.2483,2,7.6192,7.968,3,3.8423,11.825,14.825,3.0
2009-12-27,12,Other,8,11.7,10-<12,-9.5,-21.2,-2.948,4.8347,2,-3.108,3.1959,2,0.5603,2.9809,3,-5.5896,23.8094,14.8172,-8.9922
2009-12-28,12,Other,8,7.1,<8,-6.0,-13.1,-0.5617,2.3603,2,-3.694,3.822,2,2.2799,2.3886,3,-0.0944,11.8094,14.8094,3.0
2009-12-29,12,Other,8,6.9,<8,-8.6,-15.5,1.2278,2.876,2,-1.6565,1.918,2,4.2579,4.2833,3,1.2832,11.8019,14.8019,3.0
2009-12-30,12,Other,8,15.8,15-<18,-0.9,-16.7,1.1163,7.0495,2,-7.0686,7.4128,2,11.03,11.1383,3,1.2236,11.7942,14.7942,3.0
2009-12-31,12,Other,8,14.8,12-<15,0.1,-14.7,-3.7245,5.6947,2,-7.8215,7.847,2,2.2593,2.7232,3,-5.297,23.7792,14.7867,-8.9925
2010-01-01,1,Other,8,8.1,8-<10,3.1,-5.0,-0.6415,3.6768,2,-4.3027,4.3265,2,5.3243,5.3445,3,-1.6239,11.7792,14.7792,3.0
2010-01-02,1,Other,8,17.6,15-<18,6.5,-11.1,-0.5782,3.7169,2,-0.4883,1.4392,2,3.4394,4.2326,3,-3.031,14.7719,14.7719,0.0
2010-01-03,1,Other,8,4.3,<8,-2.0,-6.3,1.0381,2.2647,2,-1.4397,1.5692,2,3.2367,3.3026,3,1.2977,5.7644,14.7644,9.0
2010-01-04,1,Other,8,7.3,<8,-0.6,-7.9,-0.3567,1.7694,2,-1.5426,2.0458,2,0.2828,0.2986,3,-0.5178,14.7572,14.7572,0.0
2010-01-05,1,Other,8,9.6,8-<10,1.5,-8.1,-0.1142,3.2747,2,-0.1291,0.3793,2,1.2651,2.214,3,-2.9043,23.7431,14.75,-8.9931
2010-01-06,1,Other,8,11.3,10-<12,9.3,-2.0,-1.6415,2.2183,2,-1.9937,2.1179,2,0.2707,0.3988,3,-2.7665,14.7431,14.7431,0.0
2010-01-07,1,Other,8,14.9,12-<15,6.5,-8.4,0.9143,2.8768,2,-1.0129,1.7534,2,5.1059,5.1627,3,-0.7667,11.7361,14.7361,3.0
2010-01-08,1,Other,8,4.1,<8,-1.3,-5.4,0.8071,1.8472,2,-1.146,1.1586,2,2.9226,2.9234,3,0.9453,11.7292,14.7292,3.0
2010-01-09,1,Other,8,3.3,<8,-4.8,-8.1,0.9254,2.0948,2,-1.4345,1.4392,2,2.2177,2.2414,3,1.6431,8.7225,14.7225,6.0
2010-01-10,1,Other,8,5.5,<8,-7.3,-12.8,0.49,2.5383,2,-2.7717,2.7771,2,3.2662,3.4098,3,1.062,11.7161,14.7161,3.0
2010-01-11,1,Other,8,11.1,10-<12,-7.0,-18.1,2.2023,5.4889,2,-4.0329,4.1411,2,8.5278,8.528,3,3.0232,11.7094,14.7094,3.0
2010-01-12,1,Other,8,8.4,8-<10,-12.1,-20.5,-0.0501,1.0627,2,-1.3158,1.4567,2,0.2424,0.4989,3,0.125,14.7033,14.7033,0.0
2010-01-13,1,Other,8,12.8,12-<15,-4.5,-17.3,0.9228,4.7871,2,-5.9806,6.2396,2,6.1491,6.2122,3,2.6999,11.6969,14.6969,3.0
2010-01-14,1,Other,8,18.0,18-<20,1.2,-16.8,1.6219,4.8999,2,-2.8455,3.0985,2,8.921,8.9251,3,0.6474,11.6911,14.6911,3.0
2010-01-15,1,Other,8,17.0,15-<18,1.5,-15.5,0.6457,4.3026,2,-4.6356,4.7508,2,5.5946,5.6052,3,1.9872,11.6853,14.6853,3.0
2010-01-16,1,Other,8,12.3,12-<15,-2.2,-14.5,-2.9398,3.6581,2,-4.7283,4.7668,2,0.0795,1.0871,3,-3.8743,11.6794,14.6794,3.0
2010-01-17,1,Other,8,14.7,12-<15,4.2,-10.5,2.2107,7.2863,2,-6.7343,7.3845,2,10.9718,11.3702,3,1.2757,8.6739,14.6739,6.0
2010-01-18,1,Other,8,16.2,15-<18,4.4,-11.8,6.0219,8.7871,2,-2.6856,2.7433,2,13.9162,13.9707,3,5.6915,8.6686,14.6686,6.0
2010-01-19,1,Other,8,8.9,8-<10,-11.8,-20.7,1.6954,4.709,2,-3.4388,3.4388,2,5.976,6.0599,3,2.2854,2.6633,14.6633,-12.0
2010-01-20,1,Other,8,5.0,<8,-19.4,-24.4,0.9092,1.758,2,-0.3075,0.5663,2,2.8561,2.9588,3,0.9573,11.6583,14.6583,3.0
2010-01-21,1,Other,8,3.4,<8,-23.7,-27.1,-0.4879,0.909,2,-1.1473,1.16,2,0.6325,0.6779,3,-0.7526,11.6533,14.6533,3.0
2010-01-22,1,Other,8,7.4,<8,-18.4,-25.8,-1.1465,1.9372,2,-2.5503,2.7952,2,0.7552,0.7864,3,-1.3253,11.6486,14.6486,3.0
2010-01-23,1,Other,8,8.1,8-<10,-13.3,-21.4,-1.6351,2.9695,2,-4.8979,4.9379,2,1.8857,2.1278,3,-1.8823,11.6442,14.6442,3.0
2010-01-24,1,Other,8,5.5,<8,-12.0,-17.5,0.7155,1.4523,2,-1.1019,1.14,2,2.1168,2.1614,3,1.0754,14.64,14.64,0.0
2010-01-25,1,Other,8,9.5,8-<10,-7.9,-17.4,-1.2718,4.4513,2,-0.6363,0.8993,2,2.7493,2.9311,3,-5.0296,23.6319,14.6358,-8.9961
2010-01-26,1,Other,8,8.0,8-<10,-3.6,-11.6,0.3361,3.3686,2,-2.9722,2.9722,2,4.7629,4.7899,3,-0.5104,2.6319,14.6319,-12.0
2010-01-27,1,Other,8,4.6,<8,-7.5,-12.1,0.8041,2.2558,2,-1.5399,1.6128,2,3.0719,3.1106,3,0.9075,2.6283,14.6283,-12.0
2010-01-28,1,Other,8,5.8,<8,-9.2,-15.0,1.1623,2.4494,2,-0.7006,0.8071,2,3.0513,3.4331,3,1.8995,11.6247,14.6247,3.0
2010-01-29,1,Other,8,6.4,<8,-13.1,-19.5,-0.2182,1.416,2,-0.6996,0.9409,2,1.7939,1.8976,3,-0.8877,11.6214,14.6214,3.0
2010-01-30,1,Other,8,15.0,15-<18,-2.3,-17.3,0.5724,2.662,2,-2.1709,2.4515,2,4.1229,4.169,3,1.0152,11.6183,14.6183,3.0
2010-01-31,1,Other,8,10.4,10-<12,-5.8,-16.2,0.9788,3.7789,2,-3.2851,3.3619,2,6.1986,6.2002,3,1.3406,11.6156,14.6156,3.0
2010-02-01,2,Other,8,4.4,<8,-10.8,-15.2,0.4687,2.0426,2,-1.0192,1.0475,2,2.4083,2.6177,3,0.6145,11.6128,14.6128,3.0
2010-02-02,2,Other,8,3.6,<8,-13.8,-17.4,0.2407,0.898,2,-0.1233,0.2315,2,1.2412,1.5665,3,0.1087,14.6103,14.6103,0.0
2010-02-03,2,Other,8,8.5,8-<10,-9.8,-18.3,0.4916,0.9619,2,-0.2822,0.4165,2,1.5091,1.6039,3,0.3386,14.6081,14.6081,0.0
2010-02-04,2,Other,8,16.0,15-<18,-2.2,-18.2,1.7617,4.6935,2,-1.6648,2.886,2,7.8287,7.8347,3,1.7106,11.6061,14.6061,3.0
2010-02-05,2,Other,8,9.0,8-<10,-6.6,-15.6,-1.5342,3.6587,2,-5.8609,5.8616,2,2.3727,2.3727,3,-1.1803,11.6044,14.6044,3.0
2010-02-06,2,Other,8,5.1,<8,-10.7,-15.8,0.9116,1.8657,2,-0.4719,0.8615,2,2.9066,2.9154,3,0.3218,2.6028,14.6028,-12.0
2010-02-07,2,Other,8,4.8,<8,-11.6,-16.4,0.5809,1.4765,2,-0.7882,1.068,2,1.6891,1.8727,3,1.3317,11.6014,14.6014,3.0
2010-02-08,2,Other,8,3.7,<8,-14.7,-18.4,0.7648,1.437,2,-0.2756,0.2795,2,1.7974,1.8441,3,1.2698,11.6003,14.6003,3.0
2010-02-09,2,Other,7,3.3,<8,-17.1,-20.4,-0.0002,0.949,2,-1.0044,1.0379,2,1.338,1.3465,2,-0.2751,11.5992,14.5992,3.0
2010-02-10,2,Other,8,4.8,<8,-15.6,-20.4,0.2799,1.3549,2,-1.2607,1.293,2,2.2496,2.2535,3,0.363,11.5986,14.5986,3.0
2010-02-11,2,Other,8,6.0,<8,-18.0,-24.0,-0.4484,1.4259,2,-1.289,1.7407,2,1.4915,1.6136,3,-1.1472,14.5981,14.5981,0.0
2010-02-12,2,Other,8,7.6,<8,-14.5,-22.1,-0.781,1.4545,2,-2.1243,2.1422,2,0.5981,0.6118,3,-0.8724,14.5978,14.5978,0.0
2010-02-13,2,Other,8,5.3,<8,-14.0,-19.3,0.7436,1.8944,2,-1.3832,1.4801,2,2.7645,2.8739,3,1.3423,11.5978,14.5978,3.0
2010-02-14,2,Other,8,7.6,<8,-12.3,-19.9,-0.3935,2.2135,2,-2.9935,3.0031,2,2.0095,2.2183,3,-0.6754,14.5978,14.5978,0.0
2010-02-15,2,Other,8,10.8,10-<12,-7.0,-17.8,-0.4167,2.0026,2,-2.2529,2.4408,2,2.3768,2.5484,3,-0.3271,11.5981,14.5981,3.0
2010-02-16,2,Other,8,7.2,<8,-7.8,-15.0,0.649,2.2035,2,-1.6536,2.0877,2,2.5566,3.0616,3,1.6024,11.5986,14.5986,3.0
2010-02-17,2,Other,8,6.6,<8,-13.3,-19.9,0.1557,0.8598,2,-0.302,0.6653,2,1.415,1.482,3,-0.2772,14.5994,14.5994,0.0
2010-02-18,2,Other,8,15.8,15-<18,-2.3,-18.1,-0.0614,7.4818,2,-11.6457,11.6459,2,8.2616,8.262,3,1.0121,8.6003,14.6003,6.0
2010-02-19,2,Other,8,12.8,12-<15,-2.8,-15.6,-2.7375,4.3765,2,-5.2918,5.4139,2,2.5346,2.8872,3,-4.6132,11.6017,14.6017,3.0
2010-02-20,2,Other,8,8.1,8-<10,-3.7,-11.8,0.3496,2.4162,2,-2.8915,3.1855,2,2.9503,3.1418,3,0.1607,14.6031,14.6031,0.0
2010-02-21,2,Other,8,6.5,<8,-3.0,-9.5,-1.1431,2.481,2,-2.7571,2.8795,2,1.9434,2.0894,3,-2.4808,23.6061,14.6044,-9.0017
2010-02-22,2,Other,8,8.0,8-<10,-0.1,-8.1,0.9172,2.8217,2,-1.1183,1.5347,2,4.521,4.6003,3,-0.907,23.6081,14.6061,-9.002
2010-02-23,2,Other,8,6.6,<8,-0.9,-7.5,0.4891,1.3429,2,-0.917,0.9612,2,1.6949,1.9276,3,0.1113,14.6081,14.6081,0.0
2010-02-24,2,Other,8,4.6,<8,-4.6,-9.2,1.1183,2.827,2,-1.7442,1.7445,2,3.2165,3.2781,3,1.5538,2.6103,14.6103,-12.0
2010-02-25,2,Other,8,7.5,<8,-5.5,-13.0,-0.582,1.6787,2,-2.0774,2.185,2,1.3805,1.4662,3,-1.0619,11.6125,14.6125,3.0
2010-02-26,2,Other,8,7.4,<8,-3.4,-10.8,-0.6096,2.0002,2,-0.1734,0.1853,2,1.3943,1.3994,3,-2.1273,11.615,14.615,3.0
2010-02-27,2,Other,8,3.0,<8,-3.2,-6.2,-0.3652,1.4374,2,-1.7677,1.8413,2,1.0068,1.0459,3,-0.8869,20.6178,14.6178,-6.0
2010-02-28,2,Other,8,8.3,8-<10,0.8,-7.5,0.9104,1.7042,2,-0.2739,0.4007,2,2.4833,2.5572,3,1.3975,11.6206,14.6206,3.0
2010-03-01,3,Other,8,4.2,<8,-2.9,-7.1,0.5383,1.2454,2,-0.4961,0.4992,2,1.9159,2.1747,3,0.4951,14.6236,14.6236,0.0
2010-03-02,3,Other,8,5.4,<8,-3.1,-8.5,1.0789,2.677,2,-1.826,1.9655,2,3.2746,3.3937,3,2.0107,11.6267,14.6267,3.0
2010-03-03,3,Other,8,3.6,<8,-7.8,-11.4,0.789,2.0669,2,-0.8094,1.1675,2,2.1692,2.2217,3,1.4168,11.63,14.63,3.0
2010-03-04,3,Other,8,4.9,<8,-10.7,-15.6,0.6655,1.1685,2,-0.2712,0.4442,2,1.4216,1.6491,3,0.9939,14.6336,14.6336,0.0
2010-03-05,3,Other,8,8.6,8-<10,-8.3,-16.9,-0.2757,2.1198,2,-2.3896,3.455,2,1.5925,1.8895,3,0.4348,11.6372,14.6372,3.0
2010-03-06,3,Other,8,7.0,<8,-9.6,-16.6,0.2518,1.4078,2,-1.3994,1.9403,2,1.2704,1.6104,3,0.8665,14.6408,14.6408,0.0
2010-03-07,3,Other,8,10.8,10-<12,-5.4,-16.2,0.2157,3.2759,2,-3.9322,4.3261,2,3.2914,3.9703,3,1.6988,11.6447,14.6447,3.0
2010-03-08,3,Other,8,7.7,<8,-9.3,-17.0,0.1448,0.573,2,-0.0651,0.1413,2,0.7795,0.9259,3,0.063,14.6489,14.6489,0.0
2010-03-09,3,Other,8,9.1,8-<10,-5.6,-14.7,-0.4602,1.4544,2,-1.0387,1.5428,2,1.0816,1.2908,3,-0.8023,14.6531,14.6531,0.0
2010-03-10,3,Other,8,9.7,8-<10,-0.7,-10.4,-0.619,1.3795,2,-1.6277,1.8335,2,0.8902,1.256,3,-0.4998,11.6572,14.6572,3.0
2010-03-11,3,Other,8,11.5,10-<12,4.0,-7.5,-1.6938,4.3673,2,-5.4792,5.5614,2,3.9116,4.074,3,-2.8188,11.6617,14.6617,3.0
2010-03-12,3,Other,7,19.1,18-<20,14.1,-5.0,2.74,10.2918,2,-9.1672,9.5758,2,14.6126,14.637,3,2.763,8.6661,14.6661,6.0
2010-03-13,3,Other,8,4.6,<8,-2.4,-7.0,1.2313,1.9492,2,-0.0717,0.4919,2,1.6671,1.7093,3,1.9549,14.6706,14.6706,0.0
2010-03-14,3,Other,8,11.0,10-<12,0.8,-10.2,1.166,2.4248,2,-1.0845,1.3576,2,3.5067,3.6549,3,1.8552,11.6753,14.6753,3.0
2010-03-15,3,Other,8,7.6,<8,-4.1,-11.7,-1.7153,4.3475,2,0.3862,0.4663,2,1.0038,1.0735,3,-5.4237,23.685,14.68,-9.005
2010-03-16,3,Other,8,13.4,12-<15,7.0,-6.4,1.755,6.109,2,-4.3915,4.3931,2,9.8401,9.8457,3,0.8307,11.685,14.685,3.0
2010-03-17,3,Other,8,24.0,>=20,18.2,-5.8,-1.1277,10.7074,2,-8.3431,8.4184,2,14.5364,14.8882,3,-8.7506,23.695,14.69,-9.005
2010-03-18,3,Other,7,19.6,18-<20,16.1,-3.5,4.2109,8.0474,2,-3.9361,3.9422,2,13.105,13.2226,2,1.9149,8.695,14.695,6.0
2010-03-19,3,Other,8,6.1,<8,5.8,-0.3,2.3083,2.9239,2,0.1442,0.1458,2,4.0172,4.0179,3,2.6017,11.7,14.7,3.0
2010-03-20,3,Other,8,14.6,12-<15,9.8,-4.8,2.8924,5.5661,2,1.2297,1.4906,2,7.8675,8.5738,3,-1.121,17.705,14.705,-3.0
2010-03-21,3,Other,8,9.9,8-<10,3.3,-6.6,3.3231,4.1525,2,1.2861,1.7117,2,6.352,6.387,3,2.7396,11.7103,14.7103,3.0
2010-03-22,3,Other,8,7.5,<8,-0.6,-8.1,0.1457,1.4753,2,-1.3693,2.0008,2,1.7728,1.9004,3,0.3556,11.7156,14.7156,3.0
2010-03-23,3,Other,8,9.6,8-<10,3.4,-6.2,-0.2597,1.813,2,-2.227,2.5606,2,1.6271,1.8318,3,-0.1548,14.7208,14.7208,0.0
2010-03-24,3,Other,8,5.2,<8,1.3,-3.9,0.7917,2.011,2,-1.6061,1.8085,2,3.2866,3.2923,3,0.9997,8.7261,14.7261,6.0
2010-03-25,3,Other,8,10.1,10-<12,5.5,-4.6,-0.5058,1.6907,2,-0.0964,0.2522,2,0.4962,0.4963,3,-1.79,14.7314,14.7314,0.0
2010-03-26,3,Other,8,10.0,10-<12,10.2,0.2,1.7142,3.2693,2,-0.9948,1.4269,2,4.9552,5.2612,3,2.2437,11.7367,14.7367,3.0
2010-03-27,3,Other,8,8.3,8-<10,8.1,-0.2,-0.0557,0.7982,2,-0.8938,0.9704,2,0.675,0.7328,3,-0.0047,14.7419,14.7419,0.0
2010-03-28,3,Other,8,10.4,10-<12,6.0,-4.4,4.0579,6.2916,2,0.6703,2.7294,2,8.7815,8.8024,3,1.8129,2.7472,14.7472,-12.0
2010-03-29,3,Other,8,12.5,12-<15,5.5,-7.0,0.6364,2.8898,2,-1.9074,2.6708,2,4.0887,4.2098,3,0.7616,11.7528,14.7528,3.0
2010-03-30,3,Other,8,6.0,<8,0.0,-6.0,0.4874,1.2701,2,-0.7401,0.8239,2,1.1877,1.3756,3,1.2414,11.7581,14.7581,3.0
2010-03-31,3,Other,8,8.5,8-<10,1.1,-7.4,-0.4516,1.1037,2,-1.3406,1.7395,2,0.8675,0.8708,3,-0.7647,14.7633,14.7633,0.0
2010-04-01,4,Other,8,8.8,8-<10,3.7,-5.1,-0.0879,0.7536,2,-0.9655,0.9748,2,0.6485,0.6976,3,-0.0185,14.7686,14.7686,0.0
2010-04-02,4,Other,8,8.8,8-<10,5.4,-3.4,-0.3456,0.804,2,-0.9992,1.1465,2,0.3502,0.3526,3,-0.5893,14.7739,14.7739,0.0
2010-04-03,4,Other,8,11.3,10-<12,10.1,-1.2,0.2459,0.956,2,0.0189,0.0252,2,1.0817,1.3405,3,-0.3333,14.7792,14.7792,0.0
2010-04-04,4,Other,8,8.5,8-<10,9.8,1.3,-0.3082,1.0101,2,-1.278,1.4227,2,0.8237,0.8555,3,-0.4468,14.7842,14.7842,0.0
2010-04-05,4,Other,8,9.0,8-<10,12.2,3.2,0.0542,0.8256,2,0.0895,0.1082,2,0.5914,0.6248,3,-0.6791,14.7894,14.7894,0.0
2010-04-06,4,Other,8,10.7,10-<12,15.2,4.5,-0.856,2.2424,2,-0.3443,0.4677,2,0.2784,0.3008,3,-2.0471,14.7944,14.7944,0.0
2010-04-07,4,Other,8,7.2,<8,15.0,7.8,1.3283,4.4075,2,-2.1033,4.3302,2,3.7657,3.8651,3,1.6172,2.7994,14.7994,-12.0
2010-04-08,4,Other,8,6.9,<8,9.4,2.5,2.4717,3.7385,2,-1.1038,1.1421,2,5.3872,5.4111,3,1.865,8.8044,14.8044,6.0
2010-04-09,4,Other,8,7.6,<8,7.0,-0.6,0.3577,1.4062,2,1.1559,1.852,2,0.9415,0.9732,3,-0.8789,14.8094,14.8094,0.0
2010-04-10,4,Other,8,9.0,8-<10,4.8,-4.2,1.502,2.6843,2,1.1166,2.461,2,2.9495,2.983,3,-0.2979,14.8142,14.8142,0.0
2010-04-11,4,Other,8,6.2,<8,2.9,-3.3,0.6739,1.1455,2,1.1805,1.7553,2,0.3375,0.3426,3,0.1316,14.8189,14.8189,0.0
2010-04-12,4,Other,8,11.6,10-<12,8.3,-3.3,-0.3041,1.2932,2,-0.6419,0.6761,2,0.8302,0.8462,3,-1.4937,14.8236,14.8236,0.0
2010-04-13,4,Other,8,5.6,<8,6.1,0.5,0.9455,1.6122,2,-0.0303,0.9031,2,2.9794,2.9963,3,0.3297,11.8281,14.8281,3.0
2010-04-14,4,Other,8,14.7,12-<15,15.6,0.9,-1.158,2.1001,2,-1.1754,1.3399,2,0.58,0.6094,3,-2.2231,14.8325,14.8325,0.0
2010-04-15,4,Other,8,8.0,8-<10,15.5,7.5,0.4404,1.5292,2,-1.0827,1.0959,2,1.9236,2.5194,3,0.7463,14.8369,14.8369,0.0
2010-04-16,4,Other,8,7.7,<8,15.2,7.5,0.3452,3.3896,2,-3.7374,3.773,2,2.8448,3.2897,3,-0.3047,8.8411,14.8411,6.0
2010-04-17,4,Other,8,7.8,<8,13.0,5.2,0.9359,1.489,2,0.7464,1.1467,2,2.4397,2.4403,3,0.0865,11.8453,14.8453,3.0
2010-04-18,4,Other,8,5.5,<8,9.6,4.1,0.4587,1.2997,2,-0.0104,1.8391,2,0.6912,0.7951,3,0.1597,14.8494,14.8494,0.0
2010-04-19,4,Other,8,7.5,<8,7.8,0.3,1.6186,3.5928,2,0.451,2.4285,2,4.6121,4.6785,3,-0.9331,2.8533,14.8533,-12.0
2010-04-20,4,Other,8,11.9,10-<12,13.3,1.4,0.0253,0.8652,2,-0.3343,0.3589,2,0.5281,0.5922,3,-0.4103,14.8572,14.8572,0.0
2010-04-21,4,Other,8,14.7,12-<15,18.6,3.9,-1.1366,2.7644,2,-0.7752,0.9718,2,-0.2007,0.5352,3,-2.9226,14.8608,14.8608,0.0
2010-04-22,4,Other,8,6.7,<8,19.4,12.7,1.0044,1.6701,2,-0.2029,0.2089,2,0.868,0.8777,3,1.9111,14.8642,14.8642,0.0
2010-04-23,4,Other,8,11.1,10-<12,19.4,8.3,0.4913,1.6888,2,-1.322,1.6541,2,0.5865,0.5866,3,1.9975,14.8678,14.8678,0.0
2010-04-24,4,Other,8,13.5,12-<15,17.4,3.9,1.1825,2.6219,2,0.9526,1.361,2,3.535,3.7209,3,-1.2575,17.8708,14.8708,-3.0
2010-04-25,4,Other,7,15.0,15-<18,21.3,6.3,-0.6699,1.3058,2,-1.7278,1.7554,2,0.3918,0.5631,2,-1.4321,14.8742,14.8742,0.0
2010-04-26,4,Other,8,16.6,15-<18,25.2,8.6,-0.7048,1.1672,2,-0.9318,1.0642,2,-0.0569,0.6555,3,-1.3616,14.8769,14.8769,0.0
2010-04-27,4,Other,8,16.4,15-<18,27.3,10.9,-0.9358,1.5386,2,-1.1593,1.2756,2,0.5593,0.5628,3,-1.7187,14.8797,14.8797,0.0
2010-04-28,4,Other,8,9.9,8-<10,25.7,15.8,-0.0999,0.6484,2,-1.0896,1.2111,2,0.3237,0.3248,3,0.1631,14.8825,14.8825,0.0
2010-04-29,4,Other,8,15.1,15-<18,28.9,13.8,-0.8123,1.3531,2,-0.6323,0.7402,2,0.098,0.1408,3,-1.9073,14.885,14.885,0.0
2010-04-30,4,Other,8,12.2,12-<15,26.8,14.6,1.7126,2.5751,2,0.3867,1.2134,2,3.9833,3.985,3,0.3111,14.8875,14.8875,0.0
2010-05-01,5,May-Sep,8,11.8,10-<12,25.3,13.5,-0.0836,1.3272,2,0.3534,0.7168,2,0.561,0.6543,3,-1.5313,14.8897,14.8897,0.0
2010-05-02,5,May-Sep,8,10.4,10-<12,23.6,13.2,2.2919,3.746,2,1.3259,3.012,2,1.751,1.7516,3,3.4249,14.8917,14.8917,0.0
2010-05-03,5,May-Sep,8,12.4,12-<15,20.6,8.2,4.4648,5.7393,2,2.6246,4.0654,2,7.6789,7.8277,3,1.8937,17.8936,14.8936,-3.0
2010-05-04,5,May-Sep,8,9.4,8-<10,17.2,7.8,-0.0038,0.695,2,-0.1976,0.2752,2,0.0175,0.2814,3,-0.2454,14.8953,14.8953,0.0
2010-05-05,5,May-Sep,8,10.5,10-<12,21.1,10.6,-0.2834,0.6397,2,-0.2678,0.3201,2,-0.0484,0.4493,3,-0.7512,14.8969,14.8969,0.0
2010-05-06,5,May-Sep,8,11.5,10-<12,23.8,12.3,-0.1127,0.7792,2,-0.911,1.046,2,0.2924,0.3073,3,0.083,14.8983,14.8983,0.0
2010-05-07,5,May-Sep,8,9.1,8-<10,23.2,14.1,0.9444,1.9852,2,-0.9886,1.0332,2,0.9422,0.9732,3,2.4393,14.8994,14.8994,0.0
2010-05-08,5,May-Sep,8,11.4,10-<12,21.2,9.8,-0.2094,1.1042,2,-1.1831,1.2693,2,0.3038,0.3182,3,-0.5112,14.9006,14.9006,0.0
2010-05-09,5,May-Sep,8,11.8,10-<12,23.5,11.7,-0.6845,1.6795,2,-1.3985,1.522,2,0.9821,0.9857,3,-1.6041,14.9014,14.9014,0.0
2010-05-10,5,May-Sep,8,7.5,<8,24.0,16.5,0.6559,0.9231,2,0.3289,0.7174,2,0.3454,0.3485,3,0.7768,14.9022,14.9022,0.0
2010-05-11,5,May-Sep,8,7.9,<8,22.6,14.7,1.5154,2.2997,2,1.4533,2.6618,2,2.473,2.4741,3,1.1175,11.9028,14.9028,3.0
2010-05-12,5,May-Sep,8,10.6,10-<12,19.2,8.6,3.6589,4.6033,2,2.1834,3.6158,2,5.4625,5.4887,3,2.1082,14.9033,14.9033,0.0
2010-05-13,5,May-Sep,8,12.3,12-<15,20.2,7.9,0.3967,1.3771,2,-1.2385,1.2416,2,-0.037,0.2382,3,1.7979,14.9036,14.9036,0.0
2010-05-14,5,May-Sep,8,17.5,15-<18,18.9,1.4,7.5991,10.2256,2,4.1338,6.1028,2,15.6556,15.7131,3,2.3601,2.9036,14.9036,-12.0
2010-05-15,5,May-Sep,8,5.3,<8,7.6,2.3,-0.0144,1.2693,2,-0.8686,1.1034,2,0.935,1.0315,3,-0.8448,14.9036,14.9036,0.0
2010-05-16,5,May-Sep,8,8.1,8-<10,12.5,4.4,-0.039,1.3432,2,-0.3436,1.1542,2,0.5204,1.2883,3,-0.9928,17.9033,14.9033,-3.0
2010-05-17,5,May-Sep,8,17.2,15-<18,22.4,5.2,-0.8158,1.7208,2,-1.8256,1.9997,2,0.2356,0.6095,3,-1.3154,14.9031,14.9031,0.0
2010-05-18,5,May-Sep,8,16.0,15-<18,24.7,8.7,-0.8449,1.5398,2,-1.4705,1.7584,2,0.3602,0.3856,3,-1.4355,14.9025,14.9025,0.0
2010-05-19,5,May-Sep,8,10.5,10-<12,23.9,13.4,-0.05,0.9831,2,-1.4213,1.5583,2,0.6858,0.6859,3,0.2554,14.9017,14.9017,0.0
2010-05-20,5,May-Sep,8,10.3,10-<12,24.7,14.4,0.3291,1.4799,2,-1.5063,1.726,2,2.15,2.2465,3,0.4365,11.9008,14.9008,3.0
2010-05-21,5,May-Sep,8,14.8,12-<15,29.7,14.9,-1.8315,3.1918,2,-4.3631,4.8304,2,0.1911,0.5416,3,-2.2177,14.9,14.9,0.0
2010-05-22,5,May-Sep,8,12.9,12-<15,28.3,15.4,3.9471,4.9491,2,2.4734,4.0157,2,6.8044,6.8397,3,1.9068,14.8989,14.8989,0.0
2010-05-23,5,May-Sep,8,10.3,10-<12,20.6,10.3,2.0987,4.4897,2,1.3011,4.2927,2,5.2072,5.3203,3,-0.9579,2.8975,14.8975,-12.0
2010-05-24,5,May-Sep,8,7.7,<8,15.4,7.7,0.1094,1.108,2,-0.0307,0.9713,2,0.4586,0.571,3,-0.4903,14.8961,14.8961,0.0
2010-05-25,5,May-Sep,8,11.1,10-<12,21.6,10.5,0.3752,0.8776,2,0.4175,0.5917,2,0.5662,0.6564,3,-0.0711,14.8947,14.8947,0.0
2010-05-26,5,May-Sep,8,14.3,12-<15,25.7,11.4,-0.4591,1.2858,2,-1.383,1.5421,2,0.7868,0.9961,3,-0.9708,14.8931,14.8931,0.0
2010-05-27,5,May-Sep,8,12.5,12-<15,26.8,14.3,-0.2108,1.0754,2,-0.7396,1.0618,2,1.0921,1.0921,3,-0.4872,11.8911,14.8911,3.0
2010-05-28,5,May-Sep,8,7.2,<8,24.5,17.3,0.554,0.7396,2,0.4183,0.4592,2,0.8439,1.0046,3,0.415,14.8892,14.8892,0.0
2010-05-29,5,May-Sep,8,5.8,<8,23.7,17.9,0.6419,0.9708,2,0.4641,1.2016,2,0.8741,1.0196,3,0.471,17.8872,14.8872,-3.0
2010-05-30,5,May-Sep,8,10.5,10-<12,27.7,17.2,0.4667,0.8655,2,0.6158,0.6664,2,0.8625,0.8941,3,-0.2197,14.885,14.885,0.0
2010-05-31,5,May-Sep,8,9.2,8-<10,29.0,19.8,0.0566,1.3767,2,-0.1098,0.2304,2,1.7873,1.8142,3,-1.2029,11.8825,14.8825,3.0
2010-06-01,6,May-Sep,8,8.6,8-<10,30.8,22.2,2.5978,3.6808,2,0.4708,0.5607,2,3.2226,3.5649,3,4.47,11.8803,14.8803,3.0
2010-06-02,6,May-Sep,8,8.8,8-<10,25.1,16.3,2.6558,3.2103,2,0.5393,0.701,2,4.4134,4.4328,3,2.6603,14.8778,14.8778,0.0
2010-06-03,6,May-Sep,8,5.5,<8,19.7,14.2,1.148,1.8555,2,0.0543,0.0585,2,2.0471,2.692,3,1.731,14.875,14.875,0.0
2010-06-04,6,May-Sep,8,4.4,<8,17.1,12.7,0.1376,1.5021,2,-2.0228,2.0241,2,1.4585,1.8515,3,0.5661,8.8725,14.8725,6.0
2010-06-05,6,May-Sep,8,11.7,10-<12,23.6,11.9,-0.7797,1.423,2,-1.6121,1.6125,2,0.1103,0.1579,3,-1.4068,14.8697,14.8697,0.0
2010-06-06,6,May-Sep,8,9.9,8-<10,26.0,16.1,-0.593,1.0129,2,-1.1001,1.1383,2,-0.0892,0.397,3,-0.9616,14.8667,14.8667,0.0
2010-06-07,6,May-Sep,8,11.6,10-<12,26.7,15.1,-0.237,0.4296,2,-0.3779,0.3869,2,0.2704,0.2802,3,-0.5268,14.8639,14.8639,0.0
2010-06-08,6,May-Sep,8,13.5,12-<15,29.3,15.8,-0.2879,1.1605,2,-1.3941,1.5514,2,0.62,0.6788,3,-0.5359,14.8608,14.8608,0.0
2010-06-09,6,May-Sep,8,14.5,12-<15,31.5,17.0,-0.5475,1.4065,2,-0.9842,1.7545,2,0.4188,0.5023,3,-0.8905,14.8575,14.8575,0.0
2010-06-10,6,May-Sep,8,9.7,8-<10,31.0,21.3,0.7882,1.7933,2,-0.9424,1.347,2,2.2791,2.6653,3,1.3631,11.8544,14.8544,3.0
2010-06-11,6,May-Sep,8,11.3,10-<12,32.1,20.8,-0.1449,0.7146,2,-0.3515,0.6074,2,0.4954,0.5056,3,-0.4939,14.8511,14.8511,0.0
2010-06-12,6,May-Sep,8,12.5,12-<15,34.3,21.8,0.4624,1.0564,2,-0.6329,0.8521,2,0.6833,0.7085,3,1.2068,14.8478,14.8478,0.0
2010-06-13,6,May-Sep,8,13.7,12-<15,32.3,18.6,3.7324,6.3292,2,-1.0646,2.4477,2,11.2217,11.2685,3,1.8749,11.8444,14.8444,3.0
2010-06-14,6,May-Sep,8,8.6,8-<10,26.9,18.3,-0.0447,0.6262,2,-0.2722,0.2731,2,0.5942,0.9204,3,-0.3609,17.8411,14.8411,-3.0
2010-06-15,6,May-Sep,8,12.0,12-<15,30.5,18.5,-0.5944,1.1034,2,-0.8335,0.9424,2,0.1659,0.5552,3,-1.2525,14.8378,14.8378,0.0
2010-06-16,6,May-Sep,8,12.7,12-<15,33.0,20.3,-0.2126,1.1344,2,-0.7706,0.9952,2,0.9809,1.0539,3,-0.8884,14.8344,14.8344,0.0
2010-06-17,6,May-Sep,8,11.6,10-<12,34.4,22.8,-0.2898,0.5677,2,-0.5589,0.6056,2,0.1906,0.2799,3,-0.6221,14.8308,14.8308,0.0
2010-06-18,6,May-Sep,8,12.0,12-<15,36.1,24.1,-0.0661,1.1303,2,0.6107,1.013,2,0.0713,0.3318,3,-1.0744,14.8275,14.8275,0.0
2010-06-19,6,May-Sep,8,10.7,10-<12,35.5,24.8,-0.3366,0.7517,2,-0.5394,0.5575,2,0.3409,1.0137,3,-0.7645,17.8239,14.8239,-3.0
2010-06-20,6,May-Sep,8,9.3,8-<10,35.1,25.8,1.0274,1.8262,2,-0.6198,0.8713,2,2.7653,2.8363,3,0.9832,11.8203,14.8203,3.0
2010-06-21,6,May-Sep,8,7.8,<8,32.0,24.2,2.2512,2.8098,2,0.6704,0.8322,2,4.2944,4.3358,3,1.6688,14.8169,14.8169,0.0
2010-06-22,6,May-Sep,8,8.1,8-<10,31.5,23.4,3.2587,5.2105,2,0.4571,0.4614,2,2.6798,3.0159,3,6.6547,11.8133,14.8133,3.0
2010-06-23,6,May-Sep,8,10.9,10-<12,26.6,15.7,2.9552,3.8002,2,2.3498,3.0579,2,4.4358,4.4845,3,1.0372,17.8097,14.8097,-3.0
2010-06-24,6,May-Sep,8,5.0,<8,21.7,16.7,1.9782,2.7346,2,0.4105,1.1277,2,3.1416,3.2805,3,2.1945,14.8064,14.8064,0.0
2010-06-25,6,May-Sep,8,6.1,<8,17.0,10.9,2.1183,3.2325,2,0.5885,1.2071,2,5.3354,5.3358,3,0.4696,23.7994,14.8031,-8.9963
2010-06-26,6,May-Sep,8,10.3,10-<12,21.4,11.1,-0.6757,0.9114,2,-1.2543,1.4,2,-0.0302,0.3261,3,-0.8551,14.7994,14.7994,0.0
2010-06-27,6,May-Sep,7,10.6,10-<12,24.8,14.2,-0.3962,1.0442,2,-0.3232,0.326,1,0.2941,0.2941,3,-1.002,14.7961,14.7961,0.0
2010-06-28,6,May-Sep,8,10.9,10-<12,28.0,17.1,0.1361,1.579,2,-2.0934,2.2544,2,1.1406,1.6174,3,0.7512,14.7928,14.7928,0.0
2010-06-29,6,May-Sep,8,10.1,10-<12,24.8,14.7,2.4766,3.36,2,0.1075,0.3476,2,4.9823,4.9993,3,1.2962,8.7894,14.7894,6.0
2010-06-30,6,May-Sep,8,12.1,12-<15,26.6,14.5,-0.1387,1.3063,2,0.0907,0.6012,2,0.7804,1.0403,3,-1.4076,14.7864,14.7864,0.0
2010-07-01,7,May-Sep,8,9.2,8-<10,25.4,16.2,0.075,1.2425,2,0.5696,0.9631,2,0.2294,0.4309,3,-0.9853,14.7831,14.7831,0.0
2010-07-02,7,May-Sep,8,12.6,12-<15,29.6,17.0,-0.1202,0.9037,2,-0.4899,0.6229,2,0.4061,0.415,3,-0.729,14.78,14.78,0.0
2010-07-03,7,May-Sep,8,13.0,12-<15,31.1,18.1,0.0233,1.4668,2,-0.6883,1.1242,2,2.1861,2.2656,3,-0.9476,14.7769,14.7769,0.0
2010-07-04,7,May-Sep,8,9.3,8-<10,28.5,19.2,0.1069,1.2306,2,1.2647,1.6163,2,0.5753,0.5873,3,-1.1522,14.7739,14.7739,0.0
2010-07-05,7,May-Sep,8,10.9,10-<12,30.5,19.6,-0.4339,1.1473,2,-0.7328,0.8702,2,0.7438,0.9888,3,-1.1341,14.7711,14.7711,0.0
2010-07-06,7,May-Sep,8,10.4,10-<12,31.5,21.1,0.8508,1.623,2,-0.8427,0.9472,2,2.2195,2.2207,3,1.46,11.7683,14.7683,3.0
2010-07-07,7,May-Sep,8,12.1,12-<15,30.6,18.5,0.1602,1.6971,2,1.531,2.4142,2,0.0327,0.5593,3,-1.1599,14.7656,14.7656,0.0
2010-07-08,7,May-Sep,8,9.5,8-<10,31.4,21.9,0.2979,1.0978,2,-0.4812,1.0967,2,1.6153,1.6305,3,0.2091,11.7631,14.7631,3.0
2010-07-09,7,May-Sep,8,8.7,8-<10,29.8,21.1,0.1391,0.477,2,0.1262,0.2207,2,0.456,0.4575,3,-0.2153,14.7606,14.7606,0.0
2010-07-10,7,May-Sep,8,11.1,10-<12,30.6,19.5,0.7113,2.1123,2,-0.4589,0.4707,2,1.3332,1.822,3,1.3619,14.7581,14.7581,0.0
2010-07-11,7,May-Sep,8,10.9,10-<12,27.2,16.3,0.952,1.7382,2,-0.7336,1.4517,2,2.343,2.3693,3,0.773,14.7558,14.7558,0.0
2010-07-12,7,May-Sep,8,9.9,8-<10,25.6,15.7,1.9014,3.3732,2,-0.4321,0.439,2,4.2936,4.3873,3,2.5917,11.7536,14.7536,3.0
2010-07-13,7,May-Sep,8,14.0,12-<15,28.1,14.1,-0.8596,1.4857,2,-0.7103,0.8103,2,-0.0668,0.1688,3,-1.9515,14.7517,14.7517,0.0
2010-07-14,7,May-Sep,8,15.8,15-<18,33.3,17.5,-0.6321,1.7003,2,-0.539,0.5449,2,0.19,0.2733,3,-1.8432,14.7497,14.7497,0.0
2010-07-15,7,May-Sep,8,8.9,8-<10,31.7,22.8,0.6047,1.0419,2,1.3397,1.7981,2,0.8931,0.9419,3,0.0107,14.7478,14.7478,0.0
2010-07-16,7,May-Sep,8,12.4,12-<15,35.2,22.8,0.0386,0.6636,2,-0.5239,0.5507,2,0.9123,1.0517,3,-0.202,14.7464,14.7464,0.0
2010-07-17,7,May-Sep,8,12.9,12-<15,37.3,24.4,0.2027,1.4668,2,-0.6632,1.0356,2,1.3855,1.5509,3,0.6391,11.7447,14.7447,3.0
2010-07-18,7,May-Sep,8,9.6,8-<10,33.9,24.3,0.6012,1.6588,2,-1.3243,1.4632,2,2.6045,2.6112,3,0.3746,11.7433,14.7433,3.0
2010-07-19,7,May-Sep,8,6.2,<8,30.6,24.4,2.3644,3.3228,2,0.0009,0.0243,2,4.9292,4.9294,3,2.3153,11.7422,14.7422,3.0
2010-07-20,7,May-Sep,8,10.1,10-<12,28.5,18.4,-0.1279,1.042,2,0.2185,0.9813,2,0.0762,0.4213,3,-0.9852,14.7411,14.7411,0.0
2010-07-21,7,May-Sep,8,12.3,12-<15,32.7,20.4,-0.3261,0.9744,2,-0.5261,0.5584,2,0.5605,0.5651,3,-0.8989,14.7403,14.7403,0.0
2010-07-22,7,May-Sep,8,7.6,<8,30.8,23.2,2.7727,3.5116,2,0.7256,1.0574,2,5.6538,5.6555,3,2.1088,11.7394,14.7394,3.0
2010-07-23,7,May-Sep,8,7.3,<8,24.5,17.2,2.7383,4.417,2,1.0318,2.522,2,5.9183,5.9301,3,0.6903,2.7389,14.7389,-12.0
2010-07-24,7,May-Sep,8,11.4,10-<12,27.2,15.8,-0.2381,1.8696,2,-0.7369,1.4008,2,0.7521,1.0529,3,-1.5222,17.7383,14.7383,-3.0
2010-07-25,7,May-Sep,8,9.2,8-<10,29.1,19.9,-0.411,1.241,2,-0.7197,0.9581,2,0.6159,0.6284,3,-1.1762,14.7381,14.7381,0.0
2010-07-26,7,May-Sep,8,7.8,<8,28.6,20.8,-0.1716,1.6184,2,0.2077,1.3508,2,0.6381,0.7833,3,-1.8046,17.7378,14.7378,-3.0
2010-07-27,7,May-Sep,8,4.2,<8,27.7,23.5,0.6459,1.2519,2,0.2945,1.2039,2,0.7773,0.9934,3,0.5815,17.7381,14.7381,-3.0
2010-07-28,7,May-Sep,8,8.0,8-<10,27.7,19.7,0.3062,0.5905,2,-0.3795,0.5461,2,0.5243,0.5287,3,0.3494,14.7381,14.7381,0.0
2010-07-29,7,May-Sep,8,10.3,10-<12,26.4,16.1,3.3717,5.5319,2,0.8128,2.8271,2,8.0997,8.1727,3,0.2945,2.7386,14.7386,-12.0
2010-07-30,7,May-Sep,8,6.5,<8,22.8,16.3,0.2582,0.7021,2,0.2794,0.3938,2,0.9512,0.9529,3,-0.3411,14.7392,14.7392,0.0
2010-07-31,7,May-Sep,8,6.5,<8,24.7,18.2,0.3933,1.4232,2,-1.2254,1.4261,2,2.0496,2.0803,3,0.7245,11.7397,14.7397,3.0
2010-08-01,8,May-Sep,8,4.8,<8,22.2,17.4,0.6519,1.2586,2,0.7593,1.1431,2,0.6901,1.3888,3,-0.0536,17.7406,14.7406,-3.0
2010-08-02,8,May-Sep,8,10.7,10-<12,27.3,16.6,0.0961,0.6604,2,0.2265,0.3855,2,0.4678,0.4684,3,-0.4674,14.7417,14.7417,0.0
2010-08-03,8,May-Sep,8,9.9,8-<10,25.8,15.9,-0.239,0.6435,2,-0.3732,0.3734,2,0.3586,0.36,3,-0.7604,14.7431,14.7431,0.0
2010-08-04,8,May-Sep,8,12.2,12-<15,28.6,16.4,-0.3018,1.1254,2,-0.6801,0.6882,2,0.7294,0.774,3,-0.8521,14.7444,14.7444,0.0
2010-08-05,8,May-Sep,8,9.8,8-<10,28.9,19.1,-0.3602,0.9604,2,-0.7117,0.9544,2,0.9083,0.9341,3,-0.8594,14.7461,14.7461,0.0
2010-08-06,8,May-Sep,8,6.3,<8,26.7,20.4,1.1265,1.6301,2,0.7984,1.2645,2,0.9999,1.2842,3,0.7604,14.7478,14.7478,0.0
2010-08-07,8,May-Sep,8,11.0,10-<12,30.9,19.9,-0.5364,1.275,2,-1.7422,1.7511,2,0.5852,0.7114,3,-0.2956,11.7497,14.7497,3.0
2010-08-08,8,May-Sep,8,6.4,<8,29.5,23.1,0.9467,1.174,2,0.8125,1.133,2,0.4902,0.4995,3,1.3185,14.7519,14.7519,0.0
2010-08-09,8,May-Sep,8,10.0,10-<12,30.3,20.3,-0.4008,0.5857,2,-0.6444,0.6499,2,0.2343,0.2818,3,-0.6798,14.7542,14.7542,0.0
2010-08-10,8,May-Sep,8,9.0,8-<10,30.4,21.4,1.4153,3.1134,2,0.5131,0.8473,2,0.3876,0.4928,3,2.8725,14.7567,14.7567,0.0
2010-08-11,8,May-Sep,7,18.3,18-<20,29.3,11.0,2.6588,5.1839,1,-2.0143,2.0143,2,7.6517,7.6968,3,-0.5427,14.7592,14.7592,0.0
2010-08-12,8,May-Sep,8,9.5,8-<10,23.1,13.6,-0.1285,0.7101,2,-0.1844,0.227,2,0.5522,0.5536,3,-0.8933,14.7619,14.7619,0.0
2010-08-13,8,May-Sep,8,11.3,10-<12,25.8,14.5,-0.1022,0.7589,2,-0.4734,0.5797,2,0.4939,0.5032,3,-0.5962,14.765,14.765,0.0
2010-08-14,8,May-Sep,8,13.6,12-<15,28.9,15.3,-0.9513,1.8795,2,-0.5995,0.7089,2,0.255,0.2879,3,-2.2948,14.7681,14.7681,0.0
2010-08-15,8,May-Sep,8,7.7,<8,28.8,21.1,0.3544,1.1294,2,0.0277,0.2815,2,0.5966,0.6054,3,-0.4333,14.7714,14.7714,0.0
2010-08-16,8,May-Sep,8,6.7,<8,27.6,20.9,1.2115,1.8984,2,1.3414,2.086,2,1.3027,1.3168,3,0.2544,14.7747,14.7747,0.0
2010-08-17,8,May-Sep,8,9.8,8-<10,26.2,16.4,-0.3503,1.059,2,-0.6532,0.7772,2,0.5145,0.515,3,-0.8572,14.7783,14.7783,0.0
2010-08-18,8,May-Sep,8,13.6,12-<15,30.3,16.7,-0.1646,0.96,2,-0.8428,0.8439,2,0.8813,1.1202,3,-0.7108,14.7822,14.7822,0.0
2010-08-19,8,May-Sep,8,9.7,8-<10,28.1,18.4,0.3652,0.5664,2,0.2583,0.731,2,0.5616,0.5658,3,0.2092,14.7861,14.7861,0.0
2010-08-20,8,May-Sep,8,13.6,12-<15,32.1,18.5,-0.0279,0.743,2,-0.7648,0.9564,2,0.2684,0.2694,3,-0.0191,14.7903,14.7903,0.0
2010-08-21,8,May-Sep,8,13.1,12-<15,35.0,21.9,0.1282,1.2708,2,-0.9388,0.9402,2,1.3426,1.3878,3,0.4725,11.7944,14.7944,3.0
2010-08-22,8,May-Sep,8,14.0,12-<15,34.9,20.9,0.1331,0.8879,2,-0.597,0.9356,2,1.2802,1.4642,3,-0.084,14.7986,14.7986,0.0
2010-08-23,8,May-Sep,8,14.8,12-<15,37.4,22.6,0.2372,2.4421,2,-2.879,3.1651,2,0.2229,0.2253,3,2.7314,14.8031,14.8031,0.0
2010-08-24,8,May-Sep,8,16.5,15-<18,35.2,18.7,6.9884,8.764,2,2.9388,4.6327,2,13.3077,13.3089,3,4.1931,11.8078,14.8078,3.0
2010-08-25,8,May-Sep,8,6.8,<8,22.0,15.2,0.269,0.9851,2,-0.0354,0.1034,2,1.0168,1.0199,3,-0.6367,14.8125,14.8125,0.0
2010-08-26,8,May-Sep,8,5.9,<8,21.9,16.0,0.2684,0.695,2,-0.1907,0.5808,2,1.1708,1.1776,3,0.1481,11.8175,14.8175,3.0
2010-08-27,8,May-Sep,8,7.3,<8,24.1,16.8,-0.4524,0.8299,2,-0.7862,0.8989,2,0.4267,0.4591,3,-0.9709,14.8225,14.8225,0.0
2010-08-28,8,May-Sep,8,7.5,<8,23.9,16.4,0.3929,1.3481,2,-0.2483,0.2577,2,2.1094,2.3851,3,-0.2519,14.8275,14.8275,0.0
2010-08-29,8,May-Sep,8,12.8,12-<15,29.2,16.4,-0.449,1.142,2,-0.6419,0.9409,2,0.5552,0.6504,3,-1.2419,14.8328,14.8328,0.0
2010-08-30,8,May-Sep,8,10.5,10-<12,29.6,19.1,-0.0435,0.9758,2,-1.1555,1.2509,2,1.1008,1.1048,3,0.1942,11.8381,14.8381,3.0
2010-08-31,8,May-Sep,8,10.9,10-<12,30.5,19.6,-0.0514,0.7377,2,-0.7775,1.1969,2,0.4675,0.4683,3,0.1999,14.8433,14.8433,0.0
2010-09-01,9,May-Sep,8,12.4,12-<15,32.9,20.5,-1.2043,2.1744,2,-2.3617,2.4409,2,0.3589,0.3645,3,-1.7957,14.8489,14.8489,0.0
2010-09-02,9,May-Sep,8,7.0,<8,34.1,27.1,1.414,2.1495,2,0.0116,0.2216,2,1.9707,2.1979,3,2.5675,11.8544,14.8544,3.0
2010-09-03,9,May-Sep,8,8.2,8-<10,30.2,22.0,3.3512,4.9167,2,0.5636,2.4214,2,3.5831,3.7163,3,4.3575,14.8603,14.8603,0.0
2010-09-04,9,May-Sep,8,11.4,10-<12,24.4,13.0,3.5961,4.4766,2,1.4917,2.0707,2,6.7044,6.7053,3,2.1889,14.8658,14.8658,0.0
2010-09-05,9,May-Sep,8,7.4,<8,17.7,10.3,0.7742,1.2166,2,-0.0716,0.1038,2,0.6286,0.7103,3,0.7696,14.8717,14.8717,0.0
2010-09-06,9,May-Sep,8,14.0,12-<15,23.6,9.6,-0.515,1.0651,2,-0.5261,0.5268,2,0.5538,0.6046,3,-1.2816,14.8778,14.8778,0.0
2010-09-07,9,May-Sep,8,14.5,12-<15,26.4,11.9,-0.9401,2.2807,2,-0.733,1.1973,2,0.6582,0.6593,3,-2.5172,14.8836,14.8836,0.0
2010-09-08,9,May-Sep,8,10.2,10-<12,29.7,19.5,-0.3167,1.0319,2,-1.1517,1.3448,2,0.5099,0.5522,3,-0.6148,14.8897,14.8897,0.0
2010-09-09,9,May-Sep,8,14.0,12-<15,32.2,18.2,0.1242,1.1391,2,0.2857,0.9149,2,1.1742,1.3082,3,-0.5932,14.8956,14.8956,0.0
2010-09-10,9,May-Sep,8,9.5,8-<10,28.3,18.8,1.1673,1.8795,2,-0.3667,0.3759,2,3.4969,3.4983,3,0.558,11.9017,14.9017,3.0
2010-09-11,9,May-Sep,8,16.0,15-<18,32.7,16.7,-0.0404,1.1895,2,0.2755,0.276,2,0.254,0.2601,3,-0.5962,14.9078,14.9078,0.0
2010-09-12,9,May-Sep,8,15.1,15-<18,30.0,14.9,5.6368,6.6987,2,1.5747,2.1234,2,7.9597,7.9669,3,5.8243,14.9142,14.9142,0.0
2010-09-13,9,May-Sep,8,10.8,10-<12,20.1,9.3,4.1968,5.712,2,0.6745,1.8213,2,9.7762,9.8295,3,2.1995,11.9203,14.9203,3.0
2010-09-14,9,May-Sep,8,8.3,8-<10,16.9,8.6,-0.0129,0.9187,2,-0.1483,0.6259,2,0.2605,0.2951,3,-0.5737,14.9264,14.9264,0.0
2010-09-15,9,May-Sep,8,10.2,10-<12,20.1,9.9,0.1054,0.9178,2,-0.1187,0.2316,2,0.7061,0.7122,3,-0.4665,14.9325,14.9325,0.0
2010-09-16,9,May-Sep,8,8.9,8-<10,20.3,11.4,-0.2813,0.8201,2,-0.8425,1.2349,2,0.5501,0.6045,3,-0.5504,14.9389,14.9389,0.0
2010-09-17,9,May-Sep,8,6.5,<8,18.1,11.6,1.2004,1.7453,2,-0.0863,0.1366,2,2.4336,2.4915,3,1.4389,11.945,14.945,3.0
2010-09-18,9,May-Sep,8,9.7,8-<10,18.1,8.4,-0.2418,0.8078,2,-0.2492,0.4146,2,0.3716,0.3785,3,-1.0404,14.9511,14.9511,0.0
2010-09-19,9,May-Sep,8,7.5,<8,16.9,9.4,-0.5737,1.2215,2,-0.9992,1.4442,2,0.342,0.6542,3,-1.13,14.9572,14.9572,0.0
2010-09-20,9,May-Sep,8,5.7,<8,18.7,13.0,0.0276,0.4603,2,-0.2652,0.2663,2,0.6332,0.6471,3,-0.1453,14.9633,14.9633,0.0
2010-09-21,9,May-Sep,8,12.5,12-<15,24.5,12.0,-1.1834,2.0759,2,-0.8743,1.2004,2,0.5657,0.5695,3,-2.7661,14.9694,14.9694,0.0
2010-09-22,9,May-Sep,8,6.9,<8,25.3,18.4,0.9361,2.533,2,-1.7906,1.8415,2,2.5218,2.6232,3,2.2057,11.9756,14.9756,3.0
2010-09-23,9,May-Sep,8,8.7,8-<10,22.9,14.2,0.1963,0.9348,2,-0.995,1.3925,2,0.4069,0.5098,3,0.5505,14.9817,14.9817,0.0
2010-09-24,9,May-Sep,8,9.6,8-<10,23.6,14.0,0.3592,1.3262,2,-1.179,1.6683,2,0.9151,1.1025,3,1.2554,14.9875,14.9875,0.0
2010-09-25,9,May-Sep,8,12.2,12-<15,24.6,12.4,0.3106,0.7736,2,-0.3854,0.5179,2,1.12,1.2348,3,0.5123,14.9933,14.9933,0.0
2010-09-26,9,May-Sep,7,9.8,8-<10,22.0,12.2,-0.1858,0.9304,2,-1.0614,1.1624,2,0.8675,0.9421,2,-0.1522,14.9992,14.9992,0.0
2010-09-27,9,May-Sep,8,12.3,12-<15,24.8,12.5,-0.2473,0.7534,2,-0.2932,0.6363,2,0.6738,0.6959,3,-0.43,15.005,15.005,0.0
2010-09-28,9,May-Sep,8,7.4,<8,21.7,14.3,2.0806,3.2382,2,1.1096,1.7423,2,4.8617,4.862,3,0.3997,0.0106,15.0106,-9.0
2010-09-29,9,May-Sep,8,8.7,8-<10,19.3,10.6,-0.1307,0.6153,2,-0.6028,0.674,2,0.4782,0.6762,3,-0.4892,15.0161,15.0161,0.0
2010-09-30,9,May-Sep,8,8.4,8-<10,19.0,10.6,-0.0424,1.1164,2,-1.0192,1.3045,2,1.0945,1.2457,3,-0.1365,15.0217,15.0217,0.0
2010-10-01,10,Other,8,12.0,12-<15,20.5,8.5,-0.2016,0.7272,2,-0.5556,0.9243,2,0.4826,0.4896,3,-0.5819,15.0272,15.0272,0.0
2010-10-02,10,Other,8,9.8,8-<10,21.6,11.8,0.109,1.1312,2,-1.3788,1.7113,2,1.2333,1.2552,3,0.5334,15.0325,15.0325,0.0
2010-10-03,10,Other,8,13.9,12-<15,24.7,10.8,-0.0072,1.2069,2,-1.1839,1.8505,2,0.9105,1.0965,3,0.4869,15.0375,15.0375,0.0
2010-10-04,10,Other,8,14.8,12-<15,27.4,12.6,0.2082,0.948,2,-0.4859,0.5473,2,1.0513,1.2925,3,0.6247,15.0425,15.0425,0.0
2010-10-05,10,Other,8,9.6,8-<10,26.1,16.5,0.2308,1.8265,2,-1.8514,2.5186,2,1.2655,1.7208,3,0.9785,15.0475,15.0475,0.0
2010-10-06,10,Other,8,10.8,10-<12,24.4,13.6,0.3019,1.3006,2,-0.5966,0.8264,2,2.2291,2.2303,3,-0.2704,12.0522,15.0522,3.0
2010-10-07,10,Other,8,11.3,10-<12,20.0,8.7,2.2295,6.7208,2,-3.3705,3.3988,2,9.7134,9.7981,3,-0.7382,0.0569,15.0569,-9.0
2010-10-08,10,Other,8,5.0,<8,10.4,5.4,0.5741,0.8159,2,0.0915,0.3716,2,0.969,1.2374,3,0.5252,15.0614,15.0614,0.0
2010-10-09,10,Other,8,3.3,<8,8.5,5.2,0.5731,1.1521,2,-0.566,0.5846,2,1.0457,1.0742,3,0.5079,15.0658,15.0658,0.0
2010-10-10,10,Other,8,10.2,10-<12,13.1,2.9,0.3779,1.0005,2,-0.7586,1.0558,2,1.1434,1.3125,3,0.8367,15.07,15.07,0.0
2010-10-11,10,Other,8,9.9,8-<10,14.3,4.4,0.3929,0.8383,2,-0.3746,0.5101,2,1.1649,1.2211,3,0.6573,15.0742,15.0742,0.0
2010-10-12,10,Other,8,8.6,8-<10,13.9,5.3,0.0289,0.728,2,-0.4132,0.6126,2,1.0981,1.0981,3,-0.1203,12.0781,15.0781,3.0
2010-10-13,10,Other,8,12.5,12-<15,17.0,4.5,0.0542,0.4135,2,-0.2065,0.4143,2,0.4034,0.506,3,0.014,15.0817,15.0817,0.0
2010-10-14,10,Other,8,11.9,10-<12,17.6,5.7,-0.1463,0.8635,2,-0.3263,0.6539,2,1.0583,1.0898,3,-0.4445,15.0853,15.0853,0.0
2010-10-15,10,Other,8,9.5,8-<10,17.9,8.4,0.2297,1.0793,2,-0.3982,0.7827,2,1.1195,1.3884,3,0.5531,15.0886,15.0886,0.0
2010-10-16,10,Other,8,8.7,8-<10,18.3,9.6,-0.0482,1.1668,2,-1.146,1.6606,2,1.4522,1.4531,3,-0.0583,12.0917,15.0917,3.0
2010-10-17,10,Other,8,8.7,8-<10,17.4,8.7,0.3959,1.0295,2,-0.3589,0.5512,2,1.2439,1.6251,3,0.4091,15.0947,15.0947,0.0
2010-10-18,10,Other,8,10.3,10-<12,18.1,7.8,-0.0693,1.021,2,-1.2595,1.3828,2,0.7496,0.8753,3,0.5014,15.0975,15.0975,0.0
2010-10-19,10,Other,8,9.0,8-<10,19.7,10.7,0.7979,1.9019,2,-0.4866,0.5416,2,2.8931,2.9755,3,0.8239,12.1003,15.1003,3.0
2010-10-20,10,Other,8,6.4,<8,16.8,10.4,0.4792,1.295,2,-0.8694,1.16,2,1.743,1.8954,3,0.8675,12.1025,15.1025,3.0
2010-10-21,10,Other,8,6.4,<8,12.8,6.4,0.8749,3.1982,2,-1.9295,2.0423,2,4.6877,4.6915,3,-0.265,0.1047,15.1047,-9.0
2010-10-22,10,Other,8,6.0,<8,6.4,0.4,1.2866,3.0259,2,0.097,0.6138,2,4.7806,4.8877,3,-1.0038,0.1067,15.1067,-9.0
2010-10-23,10,Other,8,2.6,<8,2.6,0.0,0.2075,0.5302,2,0.1062,0.3394,2,0.3362,0.3631,3,-0.0079,15.1086,15.1086,0.0
2010-10-24,10,Other,8,4.5,<8,4.2,-0.3,-0.1473,0.4152,2,-0.6043,0.6063,2,0.2535,0.2575,3,-0.0681,15.1103,15.1103,0.0
2010-10-25,10,Other,8,5.7,<8,5.4,-0.3,0.0247,0.695,2,-0.7283,1.0943,2,0.1537,0.3773,3,0.5526,15.1117,15.1117,0.0
2010-10-26,10,Other,8,6.6,<8,7.3,0.7,0.2954,0.635,2,-0.4018,0.5833,2,0.7393,0.9163,3,0.4605,15.1128,15.1128,0.0
2010-10-27,10,Other,8,7.5,<8,8.6,1.1,0.2648,0.8555,2,-0.4786,0.7935,2,1.2238,1.2959,3,0.4021,15.1136,15.1136,0.0
2010-10-28,10,Other,8,7.3,<8,9.3,2.0,0.3437,0.9787,2,-0.5211,0.5876,2,1.0938,1.2965,3,0.817,15.1144,15.1144,0.0
2010-10-29,10,Other,8,9.6,8-<10,11.2,1.6,0.2495,1.3356,2,-0.8479,1.223,2,1.9024,1.9964,3,0.2669,12.115,15.115,3.0
2010-10-30,10,Other,8,6.9,<8,8.9,2.0,0.0522,0.8791,2,-0.9546,1.3101,2,0.8353,0.8376,3,0.4134,12.115,15.115,3.0
2010-10-31,10,Other,8,10.7,10-<12,14.1,3.4,0.7369,1.4757,2,-0.8255,1.3801,2,1.8529,1.8869,3,1.3997,15.1153,15.1153,0.0
2010-11-01,11,Other,8,9.5,8-<10,13.4,3.9,-0.327,2.3902,2,-2.5137,3.0661,2,3.049,3.0824,3,-0.686,12.115,15.115,3.0
2010-11-02,11,Other,8,9.1,8-<10,13.3,4.2,-0.3269,1.856,2,-1.5366,2.125,2,1.9449,2.2092,3,-0.6241,12.1147,15.1147,3.0
2010-11-03,11,Other,8,9.6,8-<10,15.1,5.5,0.6061,1.9035,2,-0.885,1.4422,2,2.1269,2.6797,3,1.0796,15.1139,15.1139,0.0
2010-11-04,11,Other,8,8.4,8-<10,8.9,0.5,0.3953,4.2153,2,-4.8651,4.8683,2,5.7259,5.7503,3,-0.1071,9.1131,15.1131,6.0
2010-11-05,11,Other,8,6.0,<8,6.1,0.1,0.5321,1.1132,2,-0.5006,0.5978,2,1.2803,1.4065,3,1.1825,12.1119,15.1119,3.0
2010-11-06,11,Other,8,5.7,<8,4.3,-1.4,-0.0069,0.6046,2,-0.4013,0.7372,2,0.5664,0.6755,3,0.1034,15.1108,15.1108,0.0
2010-11-07,11,Other,8,6.5,<8,5.1,-1.4,0.1995,1.0206,2,-1.0587,1.4626,2,1.1109,1.1852,3,0.4212,15.1092,15.1092,0.0
2010-11-08,11,Other,8,12.1,12-<15,12.3,0.2,0.3739,1.7493,2,-1.657,1.6573,2,2.3837,2.433,3,0.9034,12.1075,15.1075,3.0
2010-11-09,11,Other,8,10.5,10-<12,12.8,2.3,-0.6515,1.3825,2,-0.7814,1.2648,2,1.0873,1.1927,3,-1.3255,12.1056,15.1056,3.0
2010-11-10,11,Other,8,6.2,<8,10.4,4.2,-0.0596,2.0455,2,-1.6334,1.7694,2,2.3434,2.7021,3,-0.5202,12.1033,15.1033,3.0
2010-11-11,11,Other,7,6.9,<8,6.7,-0.2,-0.2429,1.3774,2,-0.9605,1.153,1,2.6027,2.6027,3,-0.828,12.1008,12.1008,0.0
2010-11-12,11,Other,8,11.0,10-<12,12.6,1.6,0.9524,2.5584,2,-1.7334,1.9441,2,4.113,4.1749,3,1.4217,12.0981,15.0981,3.0
2010-11-13,11,Other,8,6.2,<8,7.0,0.8,0.2789,1.2901,2,-0.4701,0.4863,2,2.0886,2.233,3,0.0533,12.0953,15.0953,3.0
2010-11-14,11,Other,8,7.3,<8,7.4,0.1,0.1278,1.5622,2,-1.455,1.689,2,2.243,2.4338,3,0.0553,12.0922,15.0922,3.0
2010-11-15,11,Other,8,6.9,<8,6.7,-0.2,0.2079,1.7758,2,-1.6651,1.8278,2,2.7941,2.8569,3,0.249,12.0889,15.0889,3.0
2010-11-16,11,Other,8,8.8,8-<10,9.8,1.0,-1.0894,3.1183,2,-3.6665,3.7612,2,3.1932,3.2701,3,-1.9958,12.0853,15.0853,3.0
2010-11-17,11,Other,8,3.0,<8,5.0,2.0,-0.1311,1.1736,2,-0.9207,0.9221,2,0.7551,0.8348,3,-0.9459,15.0817,15.0817,0.0
2010-11-18,11,Other,8,9.5,8-<10,12.3,2.8,0.4604,2.2709,2,-2.526,2.6605,2,2.2984,2.9821,3,1.2697,15.0778,15.0778,0.0
2010-11-19,11,Other,8,10.4,10-<12,12.5,2.1,1.8157,3.4182,2,-0.5497,0.5584,2,4.6787,4.8781,3,2.5539,12.0736,15.0736,3.0
2010-11-20,11,Other,8,6.5,<8,3.7,-2.8,1.1733,1.7477,2,-0.3751,0.408,2,2.8424,3.0278,3,1.0863,15.0694,15.0694,0.0
2010-11-21,11,Other,8,5.9,<8,0.4,-5.5,1.0422,2.6173,2,-0.9992,1.0011,2,4.5212,4.5247,3,0.524,12.0647,15.0647,3.0
2010-11-22,11,Other,8,9.8,8-<10,3.2,-6.6,0.4209,1.6975,2,-1.8215,2.0061,2,1.4559,1.5973,3,0.7351,15.06,15.06,0.0
2010-11-23,11,Other,8,5.9,<8,1.2,-4.7,0.7231,1.7453,2,-0.4724,0.7162,2,2.6707,2.7538,3,0.6957,12.0553,15.0553,3.0
2010-11-24,11,Other,8,5.1,<8,-0.6,-5.7,0.768,1.215,2,0.1893,0.2461,2,2.1764,2.2172,3,0.6771,12.05,15.05,3.0
2010-11-25,11,Other,8,6.2,<8,1.4,-4.8,0.7984,1.4184,2,-0.9673,1.1663,2,1.8312,1.9494,3,1.0508,15.0447,15.0447,0.0
2010-11-26,11,Other,8,6.0,<8,2.4,-3.6,0.3823,2.2154,2,-1.9476,2.2008,2,3.2077,3.2477,3,0.5313,12.0394,15.0394,3.0
2010-11-27,11,Other,8,8.0,8-<10,3.1,-4.9,-0.2194,1.6769,2,-1.4286,1.8667,2,2.2441,2.2445,3,-0.5769,12.0339,15.0339,3.0
2010-11-28,11,Other,8,10.7,10-<12,5.0,-5.7,0.4707,5.2915,2,-4.5056,4.7205,2,9.0386,9.1261,3,-1.6883,12.0281,15.0281,3.0
2010-11-29,11,Other,8,15.7,15-<18,8.3,-7.4,-2.7612,5.134,2,-7.3934,7.4208,2,3.7303,4.7437,3,-3.9228,15.0222,15.0222,0.0
2010-11-30,11,Other,7,16.9,15-<18,8.5,-8.4,-3.3522,8.3443,1,-10.1481,10.1481,2,5.724,6.0554,3,-7.9472,0.0161,15.0161,-9.0
2010-12-01,12,Other,8,8.1,8-<10,4.3,-3.8,0.2083,1.725,2,-1.03,1.3805,2,2.2341,2.2351,3,0.3325,12.0097,15.0097,3.0
2010-12-02,12,Other,9,6.7,<8,0.5,-6.2,1.6324,2.2796,2,0.0421,0.1869,2,4.2194,4.2287,4,1.167,12.0033,15.0033,3.0
2010-12-03,12,Other,8,12.8,12-<15,6.8,-6.0,0.3097,6.8647,2,-8.8868,9.0108,2,9.0695,9.3641,3,1.4604,11.9969,14.9969,3.0
2010-12-04,12,Other,8,7.5,<8,-2.7,-10.2,2.4367,4.0897,2,-1.8694,1.8877,2,5.8667,5.8762,3,2.6426,5.9903,14.9903,9.0
2010-12-05,12,Other,8,5.5,<8,-7.5,-13.0,1.0645,2.236,2,-1.5335,1.732,2,3.33,3.409,3,1.6494,11.9836,14.9836,3.0
2010-12-06,12,Other,8,7.4,<8,-7.1,-14.5,1.2119,2.496,2,-0.702,0.9041,2,4.2328,4.2458,3,1.4547,11.9767,14.9767,3.0
2010-12-07,12,Other,8,9.6,8-<10,-5.2,-14.8,0.613,2.012,2,-1.0547,1.7012,2,2.4473,3.3912,3,0.28,14.9697,14.9697,0.0
2010-12-08,12,Other,8,12.4,12-<15,-1.5,-13.9,-1.7026,3.7059,2,-5.0717,5.4877,2,1.335,3.5269,3,-1.9561,17.9625,14.9625,-3.0
2010-12-09,12,Other,8,6.2,<8,-1.2,-7.4,0.6215,2.0956,2,-1.6703,1.8452,2,3.194,3.4851,3,0.8915,11.9556,14.9556,3.0
2010-12-10,12,Other,8,5.6,<8,-2.9,-8.5,0.8972,2.1275,2,-1.2204,1.2358,2,3.0236,3.1617,3,1.4573,11.9481,14.9481,3.0
2010-12-11,12,Other,8,8.7,8-<10,-1.3,-10.0,0.7853,3.0188,2,-2.9728,3.0583,2,4.0739,4.0912,3,1.9418,11.9408,14.9408,3.0
2010-12-12,12,Other,8,5.4,<8,-6.8,-12.2,1.0448,2.354,2,-0.8494,0.8589,2,2.8027,3.0501,3,1.7055,11.9333,14.9333,3.0
2010-12-13,12,Other,8,7.7,<8,-6.7,-14.4,1.2109,2.8362,2,-2.1105,2.2978,2,4.5581,4.5923,3,1.6978,11.9258,14.9258,3.0
2010-12-14,12,Other,8,3.6,<8,-11.3,-14.9,0.5903,1.1549,2,-0.3258,0.526,2,1.4874,1.6834,3,0.9292,11.9183,14.9183,3.0
2010-12-15,12,Other,8,8.4,8-<10,-8.9,-17.3,0.221,1.7082,2,-1.1376,1.7857,2,2.5736,2.5884,3,-0.5614,14.9106,14.9106,0.0
2010-12-16,12,Other,8,7.9,<8,-7.2,-15.1,-0.1964,2.2762,2,-2.6774,3.0176,2,2.2404,2.3052,3,0.299,11.9031,14.9031,3.0
2010-12-17,12,Other,8,12.9,12-<15,-0.9,-13.8,-1.8825,3.4265,2,-4.4432,4.5594,2,2.7062,2.9977,3,-3.1279,11.8953,14.8953,3.0
2010-12-18,12,Other,8,14.0,12-<15,6.6,-7.4,1.5384,4.6746,2,-4.2938,4.3944,2,6.6715,6.7005,3,3.0943,11.8875,14.8875,3.0
2010-12-19,12,Other,8,12.3,12-<15,1.2,-11.1,-1.2205,2.1965,2,-0.6043,0.8819,2,-0.7077,1.4822,3,-2.356,14.8797,14.8797,0.0
2010-12-20,12,Other,8,12.4,12-<15,5.3,-7.1,-0.6293,1.8357,2,-2.8606,2.9274,2,1.0846,1.1905,3,0.2116,14.8719,14.8719,0.0
2010-12-21,12,Other,8,9.2,8-<10,2.8,-6.4,-1.0444,1.6785,2,-2.0471,2.0518,2,0.8926,1.1357,3,-1.4077,11.8639,14.8639,3.0
2010-12-22,12,Other,8,5.3,<8,0.6,-4.7,0.8157,1.7594,2,-0.6148,0.6148,2,2.3356,2.3359,3,1.0673,11.8561,14.8561,3.0
2010-12-23,12,Other,8,5.2,<8,-3.1,-8.3,1.6848,3.076,2,-1.4242,1.4242,2,4.0004,4.0015,3,2.1406,2.8483,14.8483,-12.0
2010-12-24,12,Other,8,12.7,12-<15,-1.8,-14.5,1.6948,3.4621,2,-1.3352,1.3376,2,4.0191,4.4157,3,2.0864,14.8406,14.8406,0.0
2010-12-25,12,Other,8,10.8,10-<12,-4.7,-15.5,-0.1221,3.2988,2,-0.9416,1.3929,2,5.2106,5.2844,3,-2.4273,11.8328,14.8328,3.0
2010-12-26,12,Other,8,7.7,<8,-4.3,-12.0,-2.2792,3.7444,2,-6.2064,6.2076,2,1.5987,1.5987,3,-2.6586,8.825,14.825,6.0
2010-12-27,12,Other,8,11.6,10-<12,-0.6,-12.2,0.8465,5.6634,2,-5.713,6.3379,2,7.6226,7.872,3,-1.0188,8.8172,14.8172,6.0
2010-12-28,12,Other,8,8.5,8-<10,-4.7,-13.2,1.5898,3.4496,2,-1.6738,1.7299,2,4.9083,5.0571,3,1.9476,11.8094,14.8094,3.0
2010-12-29,12,Other,8,10.1,10-<12,-9.2,-19.3,1.578,4.5749,2,-2.2972,2.2977,2,7.0673,7.091,3,1.8518,11.8019,14.8019,3.0
2010-12-30,12,Other,8,8.6,8-<10,-12.0,-20.6,-1.0035,2.266,2,-2.5247,3.1568,2,0.4549,1.6001,3,-0.9167,17.7942,14.7942,-3.0
2010-12-31,12,Other,8,13.7,12-<15,-3.9,-17.6,1.4775,4.8417,2,-3.0757,3.311,2,8.3924,8.4206,3,0.7807,11.7867,14.7867,3.0
2011-01-01,1,Other,8,5.3,<8,-11.9,-17.2,1.2918,3.1835,2,-1.7401,1.7483,2,3.9116,3.9134,3,1.5881,2.7792,14.7792,-12.0
2011-01-02,1,Other,8,6.2,<8,-17.2,-23.4,0.9673,2.0569,2,-0.4964,0.731,2,2.7565,2.993,3,0.9876,14.7719,14.7719,0.0
2011-01-03,1,Other,8,4.8,<8,-22.3,-27.1,0.7534,1.9914,2,-1.1152,1.1218,2,3.4771,3.482,3,0.3114,11.7644,14.7644,3.0
2011-01-04,1,Other,8,4.7,<8,-23.4,-28.1,0.2238,1.5183,2,-1.02,1.0438,2,2.4916,2.4997,3,0.0502,11.7572,14.7572,3.0
2011-01-05,1,Other,8,6.2,<8,-21.2,-27.4,-1.554,1.9429,2,-2.8959,2.9154,2,0.1171,0.4857,3,-1.9396,14.75,14.75,0.0
2011-01-06,1,Other,8,6.4,<8,-18.9,-25.3,0.5588,1.7454,2,-0.885,1.0349,2,3.2471,3.2474,3,0.188,11.7431,14.7431,3.0
2011-01-07,1,Other,8,5.7,<8,-20.2,-25.9,-0.1164,1.7664,2,-1.618,1.6595,2,2.1828,2.2182,3,-0.3168,11.7361,14.7361,3.0
2011-01-08,1,Other,7,8.8,8-<10,-16.5,-25.3,-0.0085,2.2977,2,-2.112,2.4268,2,3.0753,3.1147,2,0.1789,11.7292,14.7292,3.0
2011-01-09,1,Other,8,4.9,<8,-20.3,-25.2,1.254,2.2437,2,-1.2543,1.274,2,3.0824,3.139,3,1.9164,11.7225,14.7225,3.0
2011-01-10,1,Other,8,8.0,8-<10,-18.5,-26.5,-0.9792,1.7255,2,-2.4451,2.452,2,0.9781,1.0971,3,-1.0643,14.7161,14.7161,0.0
2011-01-11,1,Other,8,13.1,12-<15,-12.3,-25.4,-1.7074,4.4386,2,-0.4306,0.9547,2,1.2486,1.2487,3,-6.2839,20.7094,14.7094,-6.0
2011-01-12,1,Other,8,9.7,8-<10,-6.8,-16.5,-0.9871,2.8968,2,-3.7986,3.8008,2,3.2443,3.2525,3,-2.1893,11.7033,14.7033,3.0
2011-01-13,1,Other,8,6.8,<8,-10.1,-16.9,1.0348,3.0912,2,-2.8443,2.8525,2,4.3292,4.3932,3,1.2187,8.6969,14.6969,6.0
2011-01-14,1,Other,8,6.3,<8,-16.2,-22.5,1.1458,2.9593,2,-0.666,0.666,2,4.5899,4.5899,3,-0.3284,2.6911,14.6911,-12.0
2011-01-15,1,Other,8,6.9,<8,-15.6,-22.5,-0.6658,1.6568,2,-2.0789,2.2873,2,1.0767,1.4009,3,-0.4487,11.6853,14.6853,3.0
2011-01-16,1,Other,8,7.4,<8,-13.2,-20.6,0.5048,1.858,2,-1.446,1.5136,2,2.4254,2.6039,3,1.2681,11.6794,14.6794,3.0
2011-01-17,1,Other,8,7.8,<8,-15.0,-22.8,-0.4925,2.0769,2,-1.1172,1.744,2,2.536,2.5399,3,-1.6449,11.6739,14.6739,3.0
2011-01-18,1,Other,8,8.4,8-<10,-10.7,-19.1,0.1354,2.2839,2,-2.9259,3.2346,2,2.675,2.9324,3,0.6684,14.6686,14.6686,0.0
2011-01-19,1,Other,8,13.3,12-<15,-4.9,-18.2,1.6651,5.3632,2,-4.8361,4.9288,2,8.0444,8.0932,3,2.8299,11.6633,14.6633,3.0
2011-01-20,1,Other,8,4.4,<8,-16.0,-20.4,0.422,1.3366,2,-0.6426,0.9345,2,2.3714,2.4026,3,-0.0216,11.6583,14.6583,3.0
2011-01-21,1,Other,8,7.1,<8,-13.3,-20.4,0.7805,2.0723,2,-1.1268,1.579,2,3.0326,3.1513,3,1.3177,11.6533,14.6533,3.0
2011-01-22,1,Other,8,5.5,<8,-16.5,-22.0,-0.0537,0.4979,2,-0.4158,0.5829,2,0.4593,0.537,3,-0.1255,14.6486,14.6486,0.0
2011-01-23,1,Other,8,11.3,10-<12,-9.0,-20.3,1.2183,2.623,2,-1.4994,1.6988,2,4.6942,4.6946,3,1.1728,11.6442,14.6442,3.0
2011-01-24,1,Other,8,4.7,<8,-14.4,-19.1,-0.7859,1.426,2,-2.5526,2.5545,2,-0.1483,0.8446,3,0.0032,17.64,14.64,-3.0
2011-01-25,1,Other,7,9.5,8-<10,-9.3,-18.8,-1.8128,3.9406,2,-6.5363,6.5405,2,1.4493,1.6027,2,-0.9517,14.6358,14.6358,0.0
2011-01-26,1,Other,8,4.1,<8,-13.5,-17.6,-0.0066,1.3045,2,-1.1795,1.1832,2,1.771,2.0271,3,-0.3087,14.6319,14.6319,0.0
2011-01-27,1,Other,8,12.6,12-<15,-6.9,-19.5,2.633,5.9334,2,-2.3506,2.4045,2,9.0404,9.0942,3,3.4308,11.6283,14.6283,3.0
2011-01-28,1,Other,8,7.5,<8,-15.6,-23.1,-0.8491,1.5462,2,-1.6335,1.9815,2,0.5758,0.7655,3,-0.9925,14.6247,14.6247,0.0
2011-01-29,1,Other,8,5.0,<8,-14.2,-19.2,0.8498,2.1362,2,-0.9982,1.0926,2,2.5875,2.8987,3,1.594,11.6214,14.6214,3.0
2011-01-30,1,Other,8,6.3,<8,-14.7,-21.0,-0.5581,1.2681,2,-1.0968,1.2596,2,0.5087,0.6081,3,-1.051,14.6183,14.6183,0.0
2011-01-31,1,Other,8,7.5,<8,-11.9,-19.4,0.3916,1.5655,2,-1.0484,1.2231,2,2.5918,2.6652,3,0.4408,11.6156,14.6156,3.0
2011-02-01,2,Other,8,9.1,8-<10,-8.9,-18.0,-1.3167,2.8539,2,-1.6159,1.7517,2,1.1366,1.7474,3,-2.9147,20.6128,14.6128,-6.0
2011-02-02,2,Other,8,5.3,<8,-8.0,-13.3,0.3102,2.8347,2,-2.6427,2.7316,2,4.1219,4.1222,3,-0.5168,2.6103,14.6103,-12.0
2011-02-03,2,Other,8,6.8,<8,-8.0,-14.8,-3.1792,4.6168,2,-2.8658,3.1917,2,0.4273,0.4513,3,-6.6692,23.6061,14.6081,-8.998
2011-02-04,2,Other,8,8.5,8-<10,-1.1,-9.6,-0.252,3.5322,2,-3.4172,3.8446,2,4.1653,4.2613,3,-0.8954,11.6061,14.6061,3.0
2011-02-05,2,Other,8,9.1,8-<10,-2.6,-11.7,-1.9644,2.8395,2,-0.7026,0.7185,2,-0.7371,1.2425,3,-4.0838,17.6044,14.6044,-3.0
2011-02-06,2,Other,8,4.0,<8,-1.0,-5.0,0.5185,1.1999,2,-0.7642,0.8446,2,1.963,2.0467,3,0.6602,11.6028,14.6028,3.0
2011-02-07,2,Other,8,2.9,<8,-4.0,-6.9,0.4525,1.4217,2,-0.5012,0.6792,2,2.2215,2.2255,3,-0.135,2.6014,14.6014,-12.0
2011-02-08,2,Other,8,3.8,<8,-3.6,-7.4,-0.1902,0.9375,2,-1.0168,1.4257,2,0.9379,0.9394,3,-0.1337,11.6003,14.6003,3.0
2011-02-09,2,Other,8,9.4,8-<10,1.0,-8.4,2.0118,3.3364,2,-0.808,0.9276,2,5.0612,5.4794,3,1.8346,14.5992,14.5992,0.0
2011-02-10,2,Other,8,6.3,<8,-2.0,-8.3,-0.5053,1.5135,2,-1.7233,1.9089,2,1.5089,1.518,3,-0.8235,11.5986,14.5986,3.0
2011-02-11,2,Other,8,7.1,<8,-0.8,-7.9,1.3116,2.3534,2,-0.7362,0.7394,2,4.0391,4.0788,3,1.4469,11.5981,14.5981,3.0
2011-02-12,2,Other,8,3.0,<8,-6.7,-9.7,0.9345,1.3987,2,-0.1135,0.3654,2,1.973,2.0317,3,1.0258,11.5978,14.5978,3.0
2011-02-13,2,Other,8,3.2,<8,-8.0,-11.2,-0.1723,0.4928,2,-0.088,0.1094,2,0.1568,0.1598,3,-0.6153,14.5978,14.5978,0.0
2011-02-14,2,Other,8,8.7,8-<10,-1.4,-10.1,-0.1682,1.9719,2,-1.734,1.7864,2,2.0095,2.6608,3,-0.1153,14.5978,14.5978,0.0
2011-02-15,2,Other,8,7.2,<8,-0.8,-8.0,0.043,2.1031,2,-3.0686,3.0936,2,2.4012,2.4823,3,0.8708,11.5981,14.5981,3.0
2011-02-16,2,Other,8,4.7,<8,-5.1,-9.8,1.2329,1.9261,2,0.0372,0.5291,2,3.08,3.0866,3,0.3275,2.5986,14.5986,-12.0
2011-02-17,2,Other,8,1.7,<8,-8.2,-9.9,0.1774,0.4785,2,-0.2202,0.2203,2,0.8494,0.8505,3,0.0705,11.5994,14.5994,3.0
2011-02-18,2,Other,8,5.4,<8,-6.0,-11.4,0.4489,1.5922,2,-1.4176,1.4882,2,2.2254,2.239,3,1.0658,11.6003,14.6003,3.0
2011-02-19,2,Other,8,6.4,<8,-6.2,-12.6,-0.4625,1.9737,2,0.1541,0.1728,2,0.3923,1.1525,3,-2.3066,20.6017,14.6017,-6.0
2011-02-20,2,Other,8,7.6,<8,-0.5,-8.1,0.7572,1.4693,2,0.1024,0.7853,2,2.5934,2.6274,3,0.3462,11.6031,14.6031,3.0
2011-02-21,2,Other,8,3.3,<8,-3.3,-6.6,1.0952,1.5296,2,0.0772,0.0861,2,2.4674,2.4687,3,1.0744,11.6044,14.6044,3.0
2011-02-22,2,Other,8,3.6,<8,-5.3,-8.9,0.649,1.2768,2,-0.3807,0.3871,2,1.2445,1.2708,3,0.9285,14.6061,14.6061,0.0
2011-02-23,2,Other,8,2.9,<8,-7.3,-10.2,-0.6216,1.1024,2,-1.706,1.7105,2,0.6561,0.6569,3,-0.9789,8.6081,14.6081,6.0
2011-02-24,2,Other,8,2.7,<8,-6.4,-9.1,0.6507,1.3923,2,-0.9237,1.0203,2,1.8749,1.9139,3,1.028,8.6103,14.6103,6.0
2011-02-25,2,Other,8,4.0,<8,-9.1,-13.1,1.2563,2.564,2,-1.0579,1.1625,2,2.7196,2.7924,3,2.0092,2.6125,14.6125,-12.0
2011-02-26,2,Other,8,5.5,<8,-12.0,-17.5,1.257,2.1564,2,-0.4113,0.5939,2,2.6499,2.8213,3,1.6815,14.615,14.615,0.0
2011-02-27,2,Other,8,6.3,<8,-13.7,-20.0,0.9468,2.2706,2,-1.0471,1.5869,2,3.1891,3.2469,3,1.4141,11.6178,14.6178,3.0
2011-02-28,2,Other,8,8.1,8-<10,-12.4,-20.5,0.0046,2.1052,2,-2.1999,2.3118,2,2.7494,2.9174,3,0.1056,11.6206,14.6206,3.0
2011-03-01,3,Other,8,7.8,<8,-10.7,-18.5,0.2587,1.7916,2,-1.2214,1.4692,2,2.1795,2.5398,3,0.348,14.6236,14.6236,0.0
2011-03-02,3,Other,8,7.1,<8,-10.2,-17.3,-0.625,1.7271,2,-2.3981,2.5841,2,1.4907,1.5058,3,-0.6928,11.6267,14.6267,3.0
2011-03-03,3,Other,8,10.1,10-<12,-4.9,-15.0,-2.549,3.2216,2,-4.6234,4.7511,2,-0.6378,0.9526,3,-3.1206,14.63,14.63,0.0
2011-03-04,3,Other,8,7.9,<8,-4.3,-12.2,0.713,2.4159,2,-1.7556,2.0938,2,3.7399,3.8618,3,1.0011,11.6336,14.6336,3.0
2011-03-05,3,Other,8,9.2,8-<10,-3.0,-12.2,0.4818,2.5831,2,-1.7051,1.9433,2,4.0966,4.1184,3,0.2426,11.6372,14.6372,3.0
2011-03-06,3,Other,8,7.2,<8,-3.6,-10.8,-0.3914,1.6612,2,-1.5208,1.7533,2,2.0053,2.0498,3,-0.9421,11.6408,14.6408,3.0
2011-03-07,3,Other,8,8.5,8-<10,-2.0,-10.5,-0.4961,1.3726,2,-1.6661,1.7915,2,1.4135,1.4332,3,-0.9015,11.6447,14.6447,3.0
2011-03-08,3,Other,8,7.6,<8,-0.6,-8.2,-0.24,2.0505,2,-2.6298,3.0715,2,2.3869,2.5533,3,-0.166,11.6489,14.6489,3.0
2011-03-09,3,Other,8,6.6,<8,-1.9,-8.5,-1.3706,2.3828,2,-0.7627,1.0922,2,0.5151,0.5318,3,-3.2251,23.6572,14.6531,-9.0041
2011-03-10,3,Other,8,10.9,10-<12,5.0,-5.9,0.9384,3.5514,2,-3.6955,4.1331,2,5.2524,5.2842,3,1.3466,8.6572,14.6572,6.0
2011-03-11,3,Other,8,17.4,15-<18,11.0,-6.4,1.9995,5.137,2,-2.8706,3.0644,2,8.1314,8.5912,3,3.0484,11.6617,14.6617,3.0
2011-03-12,3,Other,8,5.2,<8,-1.9,-7.1,2.0514,3.3571,2,-1.0379,1.3097,2,4.4223,4.4224,3,2.3297,2.6661,14.6661,-12.0
2011-03-13,3,Other,8,7.8,<8,-3.3,-11.1,-0.6926,1.4636,2,-1.465,1.8971,2,0.9856,1.1553,3,-1.2257,14.6706,14.6706,0.0
2011-03-14,3,Other,8,8.7,8-<10,-3.8,-12.5,-0.8825,2.1007,2,-1.0536,1.4639,2,0.8226,0.9334,3,-1.9712,14.6753,14.6753,0.0
2011-03-15,3,Other,8,10.0,10-<12,-0.7,-10.7,-1.7049,3.1528,2,-1.8735,2.7181,2,0.9813,1.0019,3,-3.8364,20.68,14.68,-6.0
2011-03-16,3,Other,8,11.1,10-<12,4.1,-7.0,3.216,5.2923,2,-1.4205,2.26,2,8.9048,8.909,3,1.5732,5.685,14.685,9.0
2011-03-17,3,Other,7,12.3,12-<15,0.6,-11.7,0.6936,3.0231,2,-1.1965,1.2479,2,3.8217,4.3347,2,0.2478,11.69,14.69,3.0
2011-03-18,3,Other,8,10.8,10-<12,0.1,-10.7,-0.0636,1.4598,2,-0.774,0.9074,2,1.9813,1.9838,3,-0.6896,11.695,14.695,3.0
2011-03-19,3,Other,8,7.1,<8,-3.3,-10.4,1.8767,2.9746,2,0.6154,1.1936,2,3.5463,3.5759,3,1.3862,14.7,14.7,0.0
2011-03-20,3,Other,8,8.0,8-<10,-6.7,-14.7,-0.098,1.3374,2,-1.7138,1.9025,2,1.1843,1.2493,3,0.3383,14.705,14.705,0.0
2011-03-21,3,Other,8,11.2,10-<12,-4.2,-15.4,0.3499,1.5512,2,-0.736,1.1829,2,2.3603,2.5185,3,0.0415,14.7103,14.7103,0.0
2011-03-22,3,Other,8,9.4,8-<10,-4.2,-13.6,0.4379,1.0871,2,-0.3821,0.3905,2,1.6892,1.8707,3,0.5599,14.7156,14.7156,0.0
2011-03-23,3,Other,8,10.2,10-<12,-2.5,-12.7,-0.1071,1.2852,2,-1.1193,1.6935,2,1.0851,1.5453,3,-0.152,14.7208,14.7208,0.0
2011-03-24,3,Other,8,8.8,8-<10,-0.4,-9.2,0.0465,1.2673,2,-1.3527,1.6612,2,1.385,1.5982,3,0.4149,14.7261,14.7261,0.0
2011-03-25,3,Other,8,10.2,10-<12,2.5,-7.7,0.2302,1.1981,2,-0.878,0.9721,2,1.5893,1.8279,3,0.4048,14.7314,14.7314,0.0
2011-03-26,3,Other,7,7.4,<8,2.8,-4.6,-1.0491,1.8063,2,-1.9771,2.337,2,0.3858,0.3997,3,-1.387,14.7367,14.7367,0.0
2011-03-27,3,Other,8,8.2,8-<10,6.7,-1.5,-0.3293,1.5284,2,-1.8625,1.9405,2,1.7818,1.8245,3,-0.3994,11.7419,14.7419,3.0
2011-03-28,3,Other,5,6.8,<8,6.4,-0.4,-0.8625,1.4018,2,-1.0617,1.2764,0,,,2,-1.4476,11.7472,11.7472,0.0
2011-03-29,3,Other,8,5.4,<8,8.5,3.1,0.8543,1.4171,2,-0.3164,0.3909,2,1.0779,1.2766,3,1.6098,14.7528,14.7528,0.0
2011-03-30,3,Other,8,8.3,8-<10,9.5,1.2,0.0961,0.9096,2,-1.1454,1.4054,2,0.8797,0.8996,3,0.4834,14.7581,14.7581,0.0
2011-03-31,3,Other,8,7.8,<8,10.4,2.6,0.0442,0.8171,2,-0.8773,1.2794,2,0.4655,0.5398,3,0.5069,14.7633,14.7633,0.0
2011-04-01,4,Other,8,8.6,8-<10,11.3,2.7,-0.2356,0.7601,2,-0.755,1.1142,2,0.5122,0.5577,3,-0.3075,14.7686,14.7686,0.0
2011-04-02,4,Other,8,9.3,8-<10,13.0,3.7,-0.1885,0.9419,2,-0.5998,0.9007,2,0.9661,1.0362,3,-0.2504,11.7739,14.7739,3.0
2011-04-03,4,Other,8,8.7,8-<10,12.8,4.1,1.0852,3.077,2,-1.3032,1.8119,2,0.9085,1.2213,3,3.1457,14.7792,14.7792,0.0
2011-04-04,4,Other,8,13.9,12-<15,9.9,-4.0,5.939,8.0297,2,1.4159,3.3857,2,12.5076,12.5262,3,2.9148,2.7842,14.7842,-12.0
2011-04-05,4,Other,8,5.4,<8,-0.6,-6.0,0.15,0.8294,2,-0.4963,0.7683,2,1.0848,1.1525,3,-0.0075,14.7894,14.7894,0.0
2011-04-06,4,Other,8,11.7,10-<12,6.5,-5.2,-1.3397,2.0386,2,-1.7882,1.8633,2,0.561,0.651,3,-2.3378,11.7944,14.7944,3.0
2011-04-07,4,Other,8,10.5,10-<12,10.8,0.3,-0.4364,1.0533,2,-0.8173,1.201,2,0.1438,0.7625,3,-0.9068,17.7994,14.7994,-3.0
2011-04-08,4,Other,8,10.2,10-<12,13.6,3.4,-0.1287,0.7401,2,-0.8621,1.0585,2,0.5158,0.5216,3,-0.2271,14.8044,14.8044,0.0
2011-04-09,4,Other,8,15.3,15-<18,19.1,3.8,-1.6104,3.739,2,-0.3171,0.4126,2,0.5264,0.8473,3,-4.4303,14.8094,14.8094,0.0
2011-04-10,4,Other,8,7.1,<8,20.7,13.6,0.8273,1.9445,2,-0.738,0.7389,2,1.8263,1.8764,3,1.6143,11.8142,14.8142,3.0
2011-04-11,4,Other,8,10.9,10-<12,19.7,8.8,-0.3679,0.9828,2,-0.9109,1.2488,2,0.4748,0.5516,3,-0.5476,14.8189,14.8189,0.0
2011-04-12,4,Other,8,9.5,8-<10,21.7,12.2,0.3454,0.4255,2,0.0041,0.1153,2,0.3696,0.3771,3,0.5986,14.8236,14.8236,0.0
2011-04-13,4,Other,8,12.8,12-<15,23.9,11.1,-0.6549,1.2356,2,-1.5122,2.0375,2,0.203,0.2223,3,-0.6368,14.8281,14.8281,0.0
2011-04-14,4,Other,8,13.5,12-<15,25.0,11.5,-0.5022,0.7348,2,-0.6386,0.9421,2,0.1092,0.1381,3,-0.7172,14.8325,14.8325,0.0
2011-04-15,4,Other,8,13.6,12-<15,26.0,12.4,-0.6464,0.938,2,-0.8457,1.1595,2,0.155,0.2082,3,-0.8614,14.8369,14.8369,0.0
2011-04-16,4,Other,8,12.1,12-<15,26.4,14.3,-0.1718,1.2743,2,-1.2588,1.8703,2,1.106,1.1431,3,0.1259,11.8411,14.8411,3.0
2011-04-17,4,Other,8,10.4,10-<12,24.0,13.6,0.0895,0.7146,2,-0.8715,0.8719,2,0.9695,0.9723,3,-0.0735,14.8453,14.8453,0.0
2011-04-18,4,Other,8,9.5,8-<10,21.5,12.0,1.9594,2.5858,2,0.991,1.4106,2,4.0301,4.0324,3,1.0121,14.8494,14.8494,0.0
2011-04-19,4,Other,8,8.9,8-<10,20.7,11.8,0.1401,0.4368,2,-0.4815,0.4833,2,0.421,0.4278,3,0.2132,14.8533,14.8533,0.0
2011-04-20,4,Other,8,10.4,10-<12,22.3,11.9,-0.2341,0.933,2,-1.2267,1.4177,2,0.4754,0.4906,3,-0.1165,14.8572,14.8572,0.0
2011-04-21,4,Other,8,9.1,8-<10,22.4,13.3,0.6976,0.9999,2,-0.1608,0.2065,2,0.9115,1.0012,3,1.1289,14.8608,14.8608,0.0
2011-04-22,4,Other,8,12.4,12-<15,24.0,11.6,0.3849,1.3611,2,-0.1366,0.1387,2,2.3005,2.3195,3,-0.7481,14.8642,14.8642,0.0
2011-04-23,4,Other,8,14.1,12-<15,27.5,13.4,-0.4236,0.9445,2,-0.8752,1.0428,2,0.5436,0.5646,3,-0.7256,14.8678,14.8678,0.0
2011-04-24,4,Other,8,11.1,10-<12,25.3,14.2,2.0459,2.8417,2,0.3422,0.8479,2,4.6388,4.6703,3,1.2616,14.8708,14.8708,0.0
2011-04-25,4,Other,8,13.3,12-<15,28.2,14.9,0.5131,1.1949,2,0.573,0.7607,2,1.0004,1.0195,3,-0.4146,14.8742,14.8742,0.0
2011-04-26,4,Other,8,8.1,8-<10,25.7,17.6,2.5912,3.3997,2,-0.1381,1.3289,2,4.8843,4.8995,3,2.882,11.8769,14.8769,3.0
2011-04-27,4,Other,8,10.7,10-<12,24.2,13.5,0.3093,1.2317,2,-1.0615,1.3348,2,0.5709,0.7416,3,0.8136,14.8797,14.8797,0.0
2011-04-28,4,Other,8,14.6,12-<15,21.7,7.1,5.1935,7.6439,2,1.4311,4.1291,2,10.7264,10.7474,3,2.294,2.8825,14.8825,-12.0
2011-04-29,4,Other,8,11.6,10-<12,14.9,3.3,-0.7182,1.7057,2,-0.0208,0.7391,2,0.3186,0.3878,3,-2.1149,14.885,14.885,0.0
2011-04-30,4,Other,8,7.2,<8,17.0,9.8,-0.1477,1.0846,2,-0.0668,0.6152,2,0.3976,0.7206,3,-0.9989,17.8875,14.8875,-3.0
2011-05-01,5,May-Sep,8,8.6,8-<10,17.6,9.0,0.9961,3.9983,2,-3.4704,3.5832,2,4.6114,5.0213,3,-0.1239,8.8897,14.8897,6.0
2011-05-02,5,May-Sep,8,9.9,8-<10,18.2,8.3,-0.847,1.2521,2,-1.5956,1.6061,2,0.2822,0.3554,3,-1.4427,14.8917,14.8917,0.0
2011-05-03,5,May-Sep,8,10.6,10-<12,20.6,10.0,-0.3659,0.6689,2,-0.9144,1.0577,2,-0.0592,0.0825,3,-0.2892,14.8936,14.8936,0.0
2011-05-04,5,May-Sep,8,11.8,10-<12,23.7,11.9,0.0173,0.674,2,-0.2599,0.2612,2,0.6187,0.6238,3,-0.5683,14.8953,14.8953,0.0
2011-05-05,5,May-Sep,8,8.3,8-<10,22.0,13.7,-0.0046,1.0489,2,-0.4589,0.4876,2,1.1875,1.2024,3,-0.7411,14.8969,14.8969,0.0
2011-05-06,5,May-Sep,8,4.5,<8,20.2,15.7,0.5445,0.9212,2,-0.439,0.4431,2,1.3232,1.3289,3,0.8064,11.8983,14.8983,3.0
2011-05-07,5,May-Sep,8,12.4,12-<15,18.2,5.8,0.9855,5.3085,2,0.4316,5.2334,2,5.14,5.1702,3,-3.2095,2.8994,14.8994,-12.0
2011-05-08,5,May-Sep,8,5.3,<8,14.1,8.8,1.4305,2.1723,2,0.9829,1.6749,2,1.3263,1.4671,3,1.8539,14.9006,14.9006,0.0
2011-05-09,5,May-Sep,8,9.6,8-<10,14.3,4.7,-0.6865,1.3591,2,-1.1582,1.2458,2,0.266,0.5954,3,-1.2937,14.9014,14.9014,0.0
2011-05-10,5,May-Sep,8,7.0,<8,15.7,8.7,0.2522,0.6891,2,-0.0998,0.2101,2,0.5757,0.688,3,0.2095,14.9022,14.9022,0.0
2011-05-11,5,May-Sep,8,12.2,12-<15,19.9,7.7,-0.4864,1.4085,2,-0.629,0.6342,2,-0.0866,0.6904,3,-1.3299,14.9028,14.9028,0.0
2011-05-12,5,May-Sep,8,10.2,10-<12,22.1,11.9,-0.3697,1.2021,2,-0.6216,0.6837,2,0.7365,0.7391,3,-1.399,14.9033,14.9033,0.0
2011-05-13,5,May-Sep,8,8.3,8-<10,23.6,15.3,0.6696,1.0872,2,0.5009,1.0442,2,0.3527,0.4301,3,0.5254,14.9036,14.9036,0.0
2011-05-14,5,May-Sep,8,12.1,12-<15,26.6,14.5,-0.5835,0.892,2,-1.0615,1.3716,2,-0.2221,0.313,3,-0.6882,14.9036,14.9036,0.0
2011-05-15,5,May-Sep,8,13.7,12-<15,31.3,17.6,-0.7685,2.5321,2,-4.4501,4.7496,2,1.3856,1.3884,3,0.342,11.9036,14.9036,3.0
2011-05-16,5,May-Sep,8,12.8,12-<15,31.0,18.2,-0.1568,0.8946,2,-0.7633,1.0592,2,0.8421,0.8433,3,-0.4315,14.9033,14.9033,0.0
2011-05-17,5,May-Sep,8,17.0,15-<18,28.6,11.6,5.5191,9.1047,2,0.3195,5.3454,2,12.6974,12.745,3,1.2309,2.9031,14.9031,-12.0
2011-05-18,5,May-Sep,8,8.9,8-<10,20.8,11.9,1.346,3.2116,2,-0.8361,1.2778,2,4.3773,5.5911,3,1.3907,11.9025,14.9025,3.0
2011-05-19,5,May-Sep,8,8.4,8-<10,19.5,11.1,0.0575,0.8165,2,0.2929,0.3909,2,0.8086,0.8659,3,-0.8424,14.9017,14.9017,0.0
2011-05-20,5,May-Sep,8,10.9,10-<12,22.7,11.8,-0.437,0.7506,2,-0.6877,0.6896,2,0.0149,0.0222,3,-0.9022,14.9008,14.9008,0.0
2011-05-21,5,May-Sep,8,9.4,8-<10,21.4,12.0,1.0092,1.6152,2,1.2592,1.6316,2,1.8045,1.8709,3,-0.2373,14.9,14.9,0.0
2011-05-22,5,May-Sep,8,8.0,8-<10,20.1,12.1,1.63,2.5084,2,0.1281,0.5646,2,1.5377,1.665,3,2.8874,14.8989,14.8989,0.0
2011-05-23,5,May-Sep,8,10.6,10-<12,20.0,9.4,-0.4588,1.1596,2,-1.1128,1.1432,2,0.4899,0.7812,3,-1.0771,14.8975,14.8975,0.0
2011-05-24,5,May-Sep,8,11.9,10-<12,23.4,11.5,-0.2423,0.9679,2,-0.6702,0.6757,2,0.2679,0.5942,3,-0.7577,14.8961,14.8961,0.0
2011-05-25,5,May-Sep,8,13.8,12-<15,27.2,13.4,-1.1386,2.0574,2,-0.6999,1.0212,2,0.112,0.217,3,-2.6091,14.8947,14.8947,0.0
2011-05-26,5,May-Sep,8,10.3,10-<12,27.5,17.2,0.5166,1.6123,2,-1.1485,1.1553,2,0.5643,0.6238,3,1.1488,14.8931,14.8931,0.0
2011-05-27,5,May-Sep,8,11.1,10-<12,25.5,14.4,3.2624,4.6071,2,0.8005,2.3027,2,5.1214,5.2137,3,1.5343,17.8911,14.8911,-3.0
2011-05-28,5,May-Sep,8,11.2,10-<12,23.0,11.8,-0.1549,0.9443,2,0.7452,0.7661,2,0.0182,0.2804,3,-1.2026,14.8892,14.8892,0.0
2011-05-29,5,May-Sep,8,13.2,12-<15,27.2,14.0,-0.1339,1.0878,2,-0.249,0.2525,2,0.8584,0.8605,3,-1.1913,14.8872,14.8872,0.0
2011-05-30,5,May-Sep,8,14.8,12-<15,30.3,15.5,-0.5445,1.9273,2,-0.6582,0.7649,2,0.5218,0.706,3,-1.8872,14.885,14.885,0.0
2011-05-31,5,May-Sep,8,8.9,8-<10,28.7,19.8,0.3128,1.1302,2,-0.3492,0.7622,2,0.504,0.647,3,0.2157,14.8825,14.8825,0.0
2011-06-01,6,May-Sep,8,10.6,10-<12,26.8,16.2,2.4158,3.1583,2,1.0687,1.6602,2,5.0615,5.0727,3,1.08,11.8803,14.8803,3.0
2011-06-02,6,May-Sep,8,6.0,<8,21.4,15.4,-0.2682,0.6174,2,-0.6505,0.6528,2,0.4682,0.5732,3,-0.568,11.8778,14.8778,3.0
2011-06-03,6,May-Sep,8,9.0,8-<10,25.9,16.9,0.2512,0.9196,2,-0.5929,0.6607,2,1.5542,1.5621,3,-0.1493,14.875,14.875,0.0
2011-06-04,6,May-Sep,8,14.8,12-<15,31.9,17.1,-0.3759,1.1466,2,-0.7857,1.5319,2,0.7378,0.7547,3,-0.7988,14.8725,14.8725,0.0
2011-06-05,6,May-Sep,8,11.2,10-<12,29.7,18.5,4.0462,5.5711,2,0.2367,1.1705,2,8.5877,8.684,3,3.39,11.8697,14.8697,3.0
2011-06-06,6,May-Sep,8,10.8,10-<12,27.2,16.4,-0.4469,1.1055,2,-0.6273,0.6587,2,0.7618,0.9921,3,-1.449,17.8667,14.8667,-3.0
2011-06-07,6,May-Sep,8,8.7,8-<10,27.9,19.2,0.5941,0.7684,2,0.2916,0.2982,2,0.3778,0.3964,3,0.6799,14.8639,14.8639,0.0
2011-06-08,6,May-Sep,8,9.2,8-<10,28.9,19.7,-0.1913,0.5182,2,-0.3019,0.3486,2,0.2525,0.4276,3,-0.547,14.8608,14.8608,0.0
2011-06-09,6,May-Sep,8,9.5,8-<10,29.0,19.5,0.4059,1.7568,2,-0.7569,0.9396,2,2.8381,3.0975,3,-0.3283,11.8575,14.8575,3.0
2011-06-10,6,May-Sep,8,7.8,<8,28.2,20.4,0.7791,1.7218,2,-0.9216,1.2887,2,2.7811,2.8894,3,0.9081,11.8544,14.8544,3.0
2011-06-11,6,May-Sep,8,10.9,10-<12,30.7,19.8,-0.2298,0.7682,2,-0.2736,0.559,2,0.0668,0.0732,3,-0.7038,14.8511,14.8511,0.0
2011-06-12,6,May-Sep,8,11.9,10-<12,32.8,20.9,-0.3526,1.207,2,-0.5161,1.0451,2,0.8653,0.9061,3,-1.3583,14.8478,14.8478,0.0
2011-06-13,6,May-Sep,8,10.2,10-<12,31.6,21.4,2.1193,4.6376,2,-1.634,1.634,2,5.3078,6.5342,3,2.9438,14.8444,14.8444,0.0
2011-06-14,6,May-Sep,8,6.8,<8,25.6,18.8,0.0847,0.9697,2,-1.1222,1.1531,2,1.2896,1.3063,3,-0.0574,11.8411,14.8411,3.0
2011-06-15,6,May-Sep,8,7.4,<8,26.2,18.8,1.1885,2.4885,2,1.411,2.9163,2,1.159,1.4913,3,-0.1896,17.8378,14.8378,-3.0
2011-06-16,6,May-Sep,8,8.4,8-<10,28.9,20.5,0.3524,0.8438,2,0.2159,0.3548,2,1.0074,1.2327,3,-0.3107,14.8344,14.8344,0.0
2011-06-17,6,May-Sep,8,9.7,8-<10,27.6,17.9,0.449,1.5514,2,0.1612,0.7475,2,1.3404,1.4923,3,-0.8148,17.8308,14.8308,-3.0
2011-06-18,6,May-Sep,8,6.2,<8,25.9,19.7,1.6096,2.8247,2,-0.6087,0.6901,2,2.0751,2.386,3,3.3516,11.8275,14.8275,3.0
2011-06-19,6,May-Sep,8,6.3,<8,22.9,16.6,-0.5376,1.0859,2,-0.8802,0.8818,2,0.0208,0.6769,3,-1.0187,17.8239,14.8239,-3.0
2011-06-20,6,May-Sep,8,8.4,8-<10,26.7,18.3,-0.0583,0.5322,2,-0.4437,0.4625,2,0.2622,0.5072,3,-0.0668,14.8203,14.8203,0.0
2011-06-21,6,May-Sep,8,13.6,12-<15,32.2,18.6,0.6508,1.7073,2,-0.4171,0.8353,2,2.6427,2.9671,3,0.6148,11.8169,14.8169,3.0
2011-06-22,6,May-Sep,8,9.8,8-<10,26.7,16.9,-0.3225,1.1532,2,-0.0772,0.0773,2,0.9416,1.142,3,-1.5054,14.8133,14.8133,0.0
2011-06-23,6,May-Sep,8,10.9,10-<12,29.9,19.0,2.0928,3.6419,2,-0.3502,0.6463,2,5.5858,6.1161,3,2.5039,11.8097,14.8097,3.0
2011-06-24,6,May-Sep,8,12.0,12-<15,30.0,18.0,-0.2674,0.7522,2,-0.4749,0.6469,2,0.03,0.1667,3,-0.4864,14.8064,14.8064,0.0
2011-06-25,6,May-Sep,8,13.3,12-<15,33.6,20.3,-0.2228,0.828,2,-0.7416,0.7959,2,0.614,0.6929,3,-0.7203,14.8031,14.8031,0.0
2011-06-26,6,May-Sep,8,11.8,10-<12,34.2,22.4,1.6999,3.1336,2,-0.9535,1.1727,2,2.5426,3.0305,3,3.6641,14.7994,14.7994,0.0
2011-06-27,6,May-Sep,8,10.8,10-<12,28.8,18.0,1.5729,2.0797,2,1.3868,1.8593,2,2.4449,2.6227,3,0.454,17.7961,14.7961,-3.0
2011-06-28,6,May-Sep,8,10.1,10-<12,28.5,18.4,-0.009,0.9034,2,0.0676,0.7817,2,1.0316,1.0645,3,-0.8728,14.7928,14.7928,0.0
2011-06-29,6,May-Sep,8,9.4,8-<10,28.0,18.6,0.3216,1.2902,2,-0.3509,0.7115,2,1.9682,2.0501,3,-0.4999,14.7894,14.7894,0.0
2011-06-30,6,May-Sep,8,8.8,8-<10,25.4,16.6,0.3423,1.618,2,1.0114,1.1429,2,0.5994,1.2485,3,-1.1661,17.7864,14.7864,-3.0
2011-07-01,7,May-Sep,8,8.5,8-<10,27.1,18.6,1.9453,3.3137,2,-1.0873,1.1711,2,2.2153,2.687,3,3.8515,14.7831,14.7831,0.0
2011-07-02,7,May-Sep,8,10.2,10-<12,24.9,14.7,0.3593,0.9404,2,1.4033,1.6459,2,0.0788,0.0801,3,-0.2695,14.78,14.78,0.0
2011-07-03,7,May-Sep,8,10.9,10-<12,23.8,12.9,1.5481,2.2738,2,1.446,1.9952,2,2.5434,2.5555,3,0.0957,14.7769,14.7769,0.0
2011-07-04,7,May-Sep,8,10.9,10-<12,26.5,15.6,-0.4428,1.0636,2,-1.2683,1.4128,2,0.0936,0.1362,3,-0.2357,14.7739,14.7739,0.0
2011-07-05,7,May-Sep,8,9.5,8-<10,26.6,17.1,-0.529,0.9348,2,-1.0896,1.1167,2,0.1153,0.4917,3,-0.8613,14.7711,14.7711,0.0
2011-07-06,7,May-Sep,8,9.8,8-<10,27.7,17.9,-0.5129,1.0408,2,-1.4162,1.4421,2,0.0,0.6929,3,-0.4421,17.7683,14.7683,-3.0
2011-07-07,7,May-Sep,8,10.4,10-<12,29.6,19.2,-0.2156,0.5694,2,-0.608,0.669,2,0.4194,0.4257,3,-0.5719,14.7656,14.7656,0.0
2011-07-08,7,May-Sep,8,8.2,8-<10,29.5,21.3,0.2441,0.6655,2,-0.5533,0.5845,2,0.4316,0.4531,3,0.2429,14.7631,14.7631,0.0
2011-07-09,7,May-Sep,8,9.7,8-<10,29.1,19.4,-0.1642,0.9064,2,-1.2392,1.2917,2,0.4549,0.4592,3,-0.2002,14.7606,14.7606,0.0
2011-07-10,7,May-Sep,8,9.5,8-<10,29.3,19.8,0.1023,0.7509,2,-0.7117,0.7808,2,0.4149,0.4221,3,0.2443,14.7581,14.7581,0.0
2011-07-11,7,May-Sep,8,11.9,10-<12,32.4,20.5,-0.2146,0.8694,2,-1.1022,1.1956,2,0.3919,0.4393,3,-0.3784,14.7558,14.7558,0.0
2011-07-12,7,May-Sep,8,13.9,12-<15,35.3,21.4,-0.6422,1.068,2,-0.2137,0.4009,2,-0.161,0.5725,3,-1.4469,14.7536,14.7536,0.0
2011-07-13,7,May-Sep,8,14.2,12-<15,38.1,23.9,0.0818,0.8645,2,0.1453,0.4853,2,0.0728,0.4215,3,-0.1618,14.7517,14.7517,0.0
2011-07-14,7,May-Sep,8,11.3,10-<12,37.0,25.7,3.2434,4.2021,2,1.369,2.1907,2,5.7706,5.7775,3,2.0542,14.7497,14.7497,0.0
2011-07-15,7,May-Sep,8,11.1,10-<12,29.7,18.6,3.5085,5.3864,2,2.3428,3.7423,2,7.9302,7.9383,3,0.3646,2.7478,14.7478,-12.0
2011-07-16,7,May-Sep,8,3.7,<8,22.5,18.8,1.08,1.4575,2,0.4074,0.875,2,1.4097,1.7961,3,1.2104,14.7464,14.7464,0.0
2011-07-17,7,May-Sep,8,10.6,10-<12,27.4,16.8,-0.1004,1.2024,2,-0.1849,1.1746,2,0.554,0.7053,3,-1.1098,14.7447,14.7447,0.0
2011-07-18,7,May-Sep,8,12.6,12-<15,31.2,18.6,-0.4852,0.965,2,-0.7694,0.8966,2,0.1996,0.3511,3,-0.8792,14.7433,14.7433,0.0
2011-07-19,7,May-Sep,8,12.3,12-<15,33.9,21.6,0.2522,0.8755,2,-0.2248,0.257,2,0.8137,0.8589,3,-0.1976,14.7422,14.7422,0.0
2011-07-20,7,May-Sep,8,8.9,8-<10,32.1,23.2,3.9157,5.2574,2,0.2514,2.1356,2,7.5385,7.5517,3,4.0764,11.7411,14.7411,3.0
2011-07-21,7,May-Sep,8,11.7,10-<12,27.9,16.2,-0.3101,1.379,2,-0.8333,1.0845,2,0.6917,0.6985,3,-1.1348,14.7403,14.7403,0.0
2011-07-22,7,May-Sep,8,11.0,10-<12,30.1,19.1,-0.3906,0.7295,2,-0.6405,0.6414,2,0.2265,0.3471,3,-0.8662,14.7394,14.7394,0.0
2011-07-23,7,May-Sep,8,12.4,12-<15,33.4,21.0,-0.5163,1.5625,2,-0.9536,1.364,2,0.8516,0.8838,3,-1.4727,14.7389,14.7389,0.0
2011-07-24,7,May-Sep,8,8.0,8-<10,33.6,25.6,0.4549,0.5802,2,0.1944,0.3357,2,0.6304,0.6509,3,0.4868,14.7383,14.7383,0.0
2011-07-25,7,May-Sep,8,8.7,8-<10,32.3,23.6,0.9578,1.5192,2,0.7536,1.7209,2,1.0921,1.1104,3,0.683,14.7381,14.7381,0.0
2011-07-26,7,May-Sep,8,6.1,<8,30.1,24.0,2.7961,3.5896,2,0.381,1.0926,2,4.3779,4.3817,3,3.2835,11.7378,14.7378,3.0
2011-07-27,7,May-Sep,8,10.8,10-<12,26.4,15.6,-0.2696,1.0439,2,-0.8641,1.1548,2,0.0775,0.2256,3,-0.6285,14.7381,14.7381,0.0
2011-07-28,7,May-Sep,8,13.5,12-<15,31.7,18.2,-0.0004,0.8752,2,-0.6747,0.8527,2,0.8317,0.8335,3,0.1293,14.7381,14.7381,0.0
2011-07-29,7,May-Sep,8,13.3,12-<15,32.3,19.0,-0.4252,1.0541,2,-1.0052,1.2317,2,0.5393,0.5605,3,-0.8292,14.7386,14.7386,0.0
2011-07-30,7,May-Sep,8,11.5,10-<12,34.0,22.5,0.103,1.0253,2,-1.2057,1.5723,2,0.6829,0.7885,3,0.5298,14.7392,14.7392,0.0
2011-07-31,7,May-Sep,8,9.2,8-<10,32.5,23.3,-0.3335,1.0337,2,-1.6213,1.8201,2,0.6042,0.6806,3,-0.1843,14.7397,14.7397,0.0
2011-08-01,8,May-Sep,8,6.7,<8,30.7,24.0,2.105,2.7972,2,-0.0318,0.3628,2,4.1872,4.2069,3,1.5127,8.7406,14.7406,6.0
2011-08-02,8,May-Sep,8,9.8,8-<10,31.4,21.6,0.1391,0.6767,2,-0.4901,0.5307,2,0.7668,0.7672,3,0.1137,14.7417,14.7417,0.0
2011-08-03,8,May-Sep,8,11.2,10-<12,33.9,22.7,1.4082,3.0282,2,-1.0111,1.0638,2,4.0875,5.2523,3,1.9371,14.7431,14.7431,0.0
2011-08-04,8,May-Sep,8,11.1,10-<12,32.4,21.3,-0.3096,0.9029,2,-1.1934,1.3004,2,0.6899,0.6899,3,-0.2934,14.7444,14.7444,0.0
2011-08-05,8,May-Sep,8,11.7,10-<12,34.1,22.4,-0.0226,0.6371,2,-0.7085,0.7112,2,0.7033,0.8164,3,-0.1947,14.7461,14.7461,0.0
2011-08-06,8,May-Sep,8,12.2,12-<15,31.7,19.5,1.2382,2.1941,2,-0.4984,0.6831,2,3.5221,3.5246,3,0.209,14.7478,14.7478,0.0
2011-08-07,8,May-Sep,8,12.3,12-<15,33.7,21.4,-0.0039,0.9553,2,-1.1839,1.2048,2,0.8125,0.822,3,0.0341,14.7497,14.7497,0.0
2011-08-08,8,May-Sep,8,8.1,8-<10,31.4,23.3,4.1183,5.6016,2,0.6142,0.8485,2,4.9946,5.1147,3,6.4928,11.7519,14.7519,3.0
2011-08-09,8,May-Sep,8,8.1,8-<10,24.4,16.3,-0.4727,0.9635,2,-1.192,1.2836,2,0.3418,0.4898,3,-0.976,14.7542,14.7542,0.0
2011-08-10,8,May-Sep,8,10.2,10-<12,25.8,15.6,-0.5793,1.0606,2,-1.0551,1.0598,2,0.3194,0.4191,3,-1.0267,14.7567,14.7567,0.0
2011-08-11,8,May-Sep,8,8.0,8-<10,24.6,16.6,1.8197,2.5375,2,1.022,1.4902,2,3.8917,3.9238,3,0.3254,17.7592,14.7592,-3.0
2011-08-12,8,May-Sep,8,9.0,8-<10,25.3,16.3,-0.1178,0.7194,2,-0.001,0.0465,2,0.431,0.504,3,-0.9322,14.7619,14.7619,0.0
2011-08-13,8,May-Sep,8,8.3,8-<10,26.3,18.0,-0.4116,1.1604,2,-0.5207,0.5464,2,0.2182,0.2796,3,-1.2957,14.765,14.765,0.0
2011-08-14,8,May-Sep,8,9.0,8-<10,26.3,17.3,-0.0761,1.0995,2,-0.1652,1.5912,2,0.5239,0.7732,3,-0.6706,17.7681,14.7681,-3.0
2011-08-15,8,May-Sep,8,11.6,10-<12,30.9,19.3,-0.362,0.8522,2,-1.122,1.2693,2,0.2671,0.2681,3,-0.4528,14.7714,14.7714,0.0
2011-08-16,8,May-Sep,8,13.4,12-<15,33.1,19.7,-1.3019,2.1473,2,-1.2172,1.7128,2,-0.0446,0.1412,3,-2.7913,14.7747,14.7747,0.0
2011-08-17,8,May-Sep,8,9.8,8-<10,33.7,23.9,0.3997,1.3782,2,-0.9032,0.943,2,1.7645,2.2979,3,0.4428,14.7783,14.7783,0.0
2011-08-18,8,May-Sep,8,7.0,<8,32.8,25.8,1.5929,2.4118,2,0.0493,0.1099,2,3.2786,3.319,3,2.1332,11.7822,14.7822,3.0
2011-08-19,8,May-Sep,8,12.7,12-<15,33.9,21.2,0.016,0.7038,2,-0.4087,0.4523,2,1.0796,1.1001,3,-0.2965,14.7861,14.7861,0.0
2011-08-20,8,May-Sep,8,12.7,12-<15,34.5,21.8,-0.2027,0.9307,2,-0.9189,1.2324,2,0.8735,0.9979,3,-0.1671,14.7903,14.7903,0.0
2011-08-21,8,May-Sep,8,9.2,8-<10,31.5,22.3,3.0185,4.7699,2,-1.3204,1.5428,2,7.583,7.6955,3,2.899,8.7944,14.7944,6.0
2011-08-22,8,May-Sep,8,9.3,8-<10,24.1,14.8,0.3513,3.4742,2,-1.6056,3.5023,2,1.8222,1.9789,3,-1.4429,17.7986,14.7986,-3.0
2011-08-23,8,May-Sep,8,12.8,12-<15,28.9,16.1,-0.5844,1.375,2,-1.1279,1.2528,2,0.3982,0.4122,3,-1.1512,14.8031,14.8031,0.0
2011-08-24,8,May-Sep,8,12.8,12-<15,32.5,19.7,-0.0534,0.4319,2,-0.5383,0.5981,2,0.4914,0.5017,3,-0.0886,14.8078,14.8078,0.0
2011-08-25,8,May-Sep,8,14.5,12-<15,35.2,20.7,-0.2396,1.3138,2,-0.3203,0.564,2,0.6762,0.7779,3,-1.2268,14.8125,14.8125,0.0
2011-08-26,8,May-Sep,8,13.1,12-<15,32.3,19.2,3.6325,4.8069,2,0.557,1.1641,2,5.1081,5.145,3,4.5854,14.8175,14.8175,0.0
2011-08-27,8,May-Sep,8,12.2,12-<15,24.9,12.7,2.6916,6.157,2,-3.4529,3.5265,2,10.859,10.8615,3,1.702,11.8225,14.8225,3.0
2011-08-28,8,May-Sep,8,3.1,<8,15.5,12.4,-0.4633,0.7796,2,-0.9173,0.9187,2,0.3972,0.41,3,-0.8201,11.8275,14.8275,3.0
2011-08-29,8,May-Sep,8,3.5,<8,16.4,12.9,0.0832,0.7243,2,-0.6322,0.9227,2,0.669,0.6814,3,0.088,8.8328,14.8328,6.0
2011-08-30,8,May-Sep,8,8.1,8-<10,19.2,11.1,0.1443,0.9471,2,-0.9799,0.9878,2,0.5605,0.6535,3,0.0736,14.8381,14.8381,0.0
2011-08-31,8,May-Sep,8,8.1,8-<10,19.7,11.6,-0.8725,1.3982,2,-1.6369,2.0508,2,0.2556,0.2919,3,-1.2622,14.8433,14.8433,0.0
2011-09-01,9,May-Sep,8,6.6,<8,20.2,13.6,0.2953,2.039,2,-1.3691,1.8551,2,2.6522,3.0744,3,0.1942,11.8489,14.8489,3.0
2011-09-02,9,May-Sep,8,10.4,10-<12,23.7,13.3,-0.4221,1.1154,2,-1.4043,1.9399,2,0.3879,0.4326,3,-0.2426,14.8544,14.8544,0.0
2011-09-03,9,May-Sep,8,10.7,10-<12,25.9,15.2,-0.0925,0.5778,2,-0.4987,0.6655,2,0.2103,0.2108,3,-0.2977,14.8603,14.8603,0.0
2011-09-04,9,May-Sep,8,10.8,10-<12,27.5,16.7,0.0884,0.8035,2,-0.4869,0.7227,2,0.4463,0.5114,3,0.0597,14.8658,14.8658,0.0
2011-09-05,9,May-Sep,8,8.5,8-<10,27.1,18.6,0.2147,0.584,2,-0.387,0.4013,2,0.6511,0.6533,3,0.4339,14.8717,14.8717,0.0
2011-09-06,9,May-Sep,8,10.3,10-<12,27.5,17.2,-0.0063,1.3557,2,-1.512,2.1726,2,0.8671,0.8699,3,0.6847,14.8778,14.8778,0.0
2011-09-07,9,May-Sep,8,10.1,10-<12,26.9,16.8,-0.1851,1.1034,2,-1.4637,1.966,2,0.7743,0.8223,3,0.0611,14.8836,14.8836,0.0
2011-09-08,9,May-Sep,8,10.7,10-<12,26.9,16.2,0.0032,0.6671,2,-0.7464,0.9626,2,0.7236,0.758,3,0.2201,14.8897,14.8897,0.0
2011-09-09,9,May-Sep,8,10.5,10-<12,28.0,17.5,-0.5881,1.5637,2,-2.2483,2.5435,2,1.1305,1.2497,3,-0.9033,14.8956,14.8956,0.0
2011-09-10,9,May-Sep,8,9.4,8-<10,28.5,19.1,0.3185,1.3415,2,-0.9375,1.2902,2,1.9543,1.9864,3,0.2977,11.9017,14.9017,3.0
2011-09-11,9,May-Sep,8,8.2,8-<10,24.8,16.6,0.6274,1.3585,2,-0.0457,0.6231,2,1.437,1.4375,3,-0.161,14.9078,14.9078,0.0
2011-09-12,9,May-Sep,8,8.9,8-<10,23.1,14.2,-0.1484,1.1087,2,-1.0084,1.2028,2,0.8279,0.8909,3,-0.4751,14.9142,14.9142,0.0
2011-09-13,9,May-Sep,8,8.9,8-<10,22.5,13.6,0.2591,1.1357,2,-0.9168,1.029,2,1.0711,1.1705,3,0.5561,14.9203,14.9203,0.0
2011-09-14,9,May-Sep,8,10.1,10-<12,22.9,12.8,0.1251,1.1177,2,-1.2293,1.7207,2,1.0217,1.0457,3,0.6424,14.9264,14.9264,0.0
2011-09-15,9,May-Sep,8,11.5,10-<12,23.5,12.0,-0.113,1.0416,2,-1.1034,1.635,2,1.1049,1.1465,3,-0.1515,14.9325,14.9325,0.0
2011-09-16,9,May-Sep,8,11.8,10-<12,23.7,11.9,-0.8866,1.6475,2,-1.0034,1.3588,2,0.6721,0.7253,3,-1.9406,14.9389,14.9389,0.0
2011-09-17,9,May-Sep,8,5.8,<8,21.5,15.7,1.3861,2.3565,2,-1.1278,1.5303,2,3.3892,3.3958,3,1.7183,8.945,14.945,6.0
2011-09-18,9,May-Sep,8,9.3,8-<10,21.3,12.0,-0.498,0.9594,2,-1.0297,1.1062,2,0.5536,0.5747,3,-1.1473,14.9511,14.9511,0.0
2011-09-19,9,May-Sep,8,10.9,10-<12,23.0,12.1,-0.3673,0.7043,2,-0.6189,0.7521,2,0.5663,0.5903,3,-0.7552,14.9572,14.9572,0.0
2011-09-20,9,May-Sep,8,11.9,10-<12,24.1,12.2,-0.3908,0.736,2,-0.5809,0.9196,2,0.3754,0.3829,3,-0.5905,14.9633,14.9633,0.0
2011-09-21,9,May-Sep,8,12.5,12-<15,26.4,13.9,-0.1334,1.0629,2,-1.3743,1.978,2,0.3657,0.5173,3,0.3672,14.9694,14.9694,0.0
2011-09-22,9,May-Sep,8,10.6,10-<12,23.6,13.0,2.3934,3.3727,2,-0.5115,0.5169,2,4.7119,4.7127,3,2.5251,14.9756,14.9756,0.0
2011-09-23,9,May-Sep,8,10.2,10-<12,20.4,10.2,-0.3698,0.7309,2,-0.751,0.8813,2,0.3789,0.3794,3,-0.7166,14.9817,14.9817,0.0
2011-09-24,9,May-Sep,8,11.1,10-<12,23.0,11.9,-0.1081,0.8597,2,-0.3366,0.6614,2,0.7846,0.8346,3,-0.5454,14.9875,14.9875,0.0
2011-09-25,9,May-Sep,8,7.3,<8,20.0,12.7,1.1993,1.8509,2,-0.3352,0.3473,2,2.3537,2.3802,3,1.142,14.9933,14.9933,0.0
2011-09-26,9,May-Sep,7,7.7,<8,16.5,8.8,0.3938,1.4403,2,-0.5661,0.5815,2,1.6566,1.664,2,0.3089,11.9992,14.9992,3.0
2011-09-27,9,May-Sep,8,10.9,10-<12,18.0,7.1,0.1462,1.0768,2,-0.9614,1.5393,2,0.802,1.0658,3,0.6978,15.005,15.005,0.0
2011-09-28,9,May-Sep,8,12.7,12-<15,20.1,7.4,-0.0782,0.9752,2,-0.8309,1.3126,2,1.0686,1.1304,3,0.0414,15.0106,15.0106,0.0
2011-09-29,9,May-Sep,8,13.0,12-<15,22.7,9.7,0.1301,0.8314,2,-0.0886,0.2989,2,0.8219,0.924,3,0.053,15.0161,15.0161,0.0
2011-09-30,9,May-Sep,8,8.0,8-<10,19.0,11.0,0.6799,1.7308,2,0.3055,0.691,2,2.2329,2.2391,3,-0.676,15.0217,15.0217,0.0
2011-10-01,10,Other,8,11.4,10-<12,20.6,9.2,-0.199,0.5881,2,-0.3179,0.6673,2,0.3409,0.4175,3,-0.5412,15.0272,15.0272,0.0
2011-10-02,10,Other,8,14.7,12-<15,23.5,8.8,-0.8427,2.1697,2,-2.8682,3.885,2,0.9499,1.0978,3,-0.5,15.0325,15.0325,0.0
2011-10-03,10,Other,8,11.9,10-<12,24.0,12.1,-1.6415,2.2755,2,-2.6032,3.1608,2,0.1105,0.1564,3,-2.5103,15.0375,15.0375,0.0
2011-10-04,10,Other,8,6.1,<8,23.4,17.3,0.2833,2.0058,2,-1.4813,1.4872,2,2.2823,2.526,3,0.3843,12.0425,15.0425,3.0
2011-10-05,10,Other,8,10.7,10-<12,27.1,16.4,-0.0125,2.2236,2,-2.451,2.8325,2,1.8528,2.2369,3,0.8368,12.0475,15.0475,3.0
2011-10-06,10,Other,8,9.9,8-<10,21.6,11.7,0.8903,1.943,2,-0.3593,0.417,2,2.8725,2.8855,3,0.0577,15.0522,15.0522,0.0
2011-10-07,10,Other,8,5.5,<8,16.4,10.9,0.1629,1.1536,2,0.0878,0.3565,2,1.2725,1.2745,3,-0.6755,15.0569,15.0569,0.0
2011-10-08,10,Other,8,7.3,<8,17.0,9.7,0.3047,0.5715,2,-0.0485,0.3631,2,0.7748,0.909,3,0.1348,15.0614,15.0614,0.0
2011-10-09,10,Other,8,8.9,8-<10,14.2,5.3,1.0376,4.5594,2,-2.9749,3.0001,2,7.0945,7.0953,3,-0.7746,0.0658,15.0658,-9.0
2011-10-10,10,Other,8,7.6,<8,11.3,3.7,-0.5651,1.326,2,-1.9152,2.3264,2,0.7255,0.7364,3,-0.3857,12.07,15.07,3.0
2011-10-11,10,Other,8,5.1,<8,9.5,4.4,-0.1021,0.8114,2,-1.1112,1.2403,2,0.6911,0.8481,3,0.0184,15.0742,15.0742,0.0
2011-10-12,10,Other,8,10.4,10-<12,14.8,4.4,0.2196,1.1112,2,-1.1019,1.6975,2,0.9489,1.0503,3,0.7235,15.0781,15.0781,0.0
2011-10-13,10,Other,8,9.9,8-<10,14.5,4.6,-0.0458,0.9392,2,-0.6023,0.8373,2,1.0939,1.1331,3,0.1247,12.0817,15.0817,3.0
2011-10-14,10,Other,8,11.5,10-<12,16.4,4.9,0.2425,0.953,2,-0.8443,1.3656,2,0.9034,0.9902,3,0.2161,15.0853,15.0853,0.0
2011-10-15,10,Other,8,9.5,8-<10,15.8,6.3,-0.0703,0.9104,2,-1.0483,1.5368,2,0.7195,0.8884,3,0.1198,15.0886,15.0886,0.0
2011-10-16,10,Other,8,12.4,12-<15,18.4,6.0,-0.1304,1.3347,2,-1.0276,1.574,2,1.2778,1.4033,3,0.1567,12.0917,15.0917,3.0
2011-10-17,10,Other,8,11.6,10-<12,20.4,8.8,0.1154,1.0388,2,-0.5286,0.8568,2,1.2586,1.3093,3,0.4121,12.0947,15.0947,3.0
2011-10-18,10,Other,8,11.5,10-<12,21.4,9.9,0.2737,1.172,2,-0.5126,0.5369,2,1.5597,1.8327,3,0.4867,15.0975,15.0975,0.0
2011-10-19,10,Other,8,7.1,<8,16.8,9.7,-0.0804,1.0604,2,-0.6955,1.0697,2,1.0162,1.0648,3,-0.1141,12.1003,15.1003,3.0
2011-10-20,10,Other,8,8.1,8-<10,13.8,5.7,1.4139,2.5197,2,0.4543,0.4976,2,3.7919,3.8033,3,0.0526,0.1025,15.1025,-9.0
2011-10-21,10,Other,8,4.6,<8,9.1,4.5,0.3828,1.0469,2,-0.3165,0.4802,2,0.8521,1.1373,3,0.6564,15.1047,15.1047,0.0
2011-10-22,10,Other,8,5.9,<8,8.4,2.5,0.8655,1.2329,2,0.1313,0.1944,2,1.0926,1.5463,3,0.8029,15.1067,15.1067,0.0
2011-10-23,10,Other,8,7.6,<8,8.3,0.7,-0.2195,1.201,2,-1.3627,1.8886,2,1.2329,1.2775,3,-0.3436,15.1086,15.1086,0.0
2011-10-24,10,Other,8,7.8,<8,10.2,2.4,0.0672,0.9685,2,-1.0942,1.4483,2,0.9528,1.056,3,0.4776,15.1103,15.1103,0.0
2011-10-25,10,Other,8,9.5,8-<10,10.8,1.3,-0.2963,0.8745,2,-0.2972,0.5074,2,0.8396,0.9067,3,-0.6012,12.1117,15.1117,3.0
2011-10-26,10,Other,8,10.4,10-<12,12.3,1.9,0.0718,0.7654,2,-0.5772,0.7804,2,1.1225,1.2005,3,0.0741,15.1128,15.1128,0.0
2011-10-27,10,Other,8,11.0,10-<12,15.7,4.7,-0.3233,1.2582,2,-0.8054,1.4272,2,0.0915,1.1087,3,0.0698,12.1136,15.1136,3.0
2011-10-28,10,Other,8,10.3,10-<12,14.1,3.8,0.9376,4.3838,2,0.3723,1.1792,2,5.4214,5.5694,3,-2.7816,3.1144,15.1144,-12.0
2011-10-29,10,Other,8,5.1,<8,7.4,2.3,1.3364,2.2623,2,0.4448,0.5772,2,3.1638,3.1814,3,0.1304,0.115,15.115,-9.0
2011-10-30,10,Other,8,4.4,<8,3.3,-1.1,1.4271,2.1501,2,0.4847,0.6479,2,3.3485,3.411,3,0.2443,0.115,15.115,-9.0
2011-10-31,10,Other,8,6.5,<8,3.4,-3.1,0.091,0.9569,2,-0.2738,0.4099,2,1.6817,1.6955,3,-0.5588,12.1153,15.1153,3.0
2011-11-01,11,Other,8,5.2,<8,1.9,-3.3,-0.3156,0.8603,2,-1.1186,1.5728,2,0.3427,0.3763,3,-0.139,12.115,15.115,3.0
2011-11-02,11,Other,8,5.7,<8,3.6,-2.1,0.2827,0.77,2,-0.8586,0.8745,2,0.6265,0.6271,3,0.7966,15.1147,15.1147,0.0
2011-11-03,11,Other,8,6.4,<8,4.9,-1.5,0.1707,0.8047,2,-0.3733,0.3843,2,1.4346,1.5318,3,-0.1803,15.1139,15.1139,0.0
2011-11-04,11,Other,8,4.4,<8,3.5,-0.9,-0.3995,0.7467,2,-0.7555,0.977,2,0.4874,0.5783,3,-0.6498,12.1131,15.1131,3.0
2011-11-05,11,Other,8,4.8,<8,4.4,-0.4,0.3032,0.7059,2,-0.1605,0.2257,2,1.1342,1.1829,3,0.2926,12.1119,15.1119,3.0
2011-11-06,11,Other,8,8.5,8-<10,7.7,-0.8,0.1672,1.1496,2,-1.0335,1.0935,2,1.3559,1.5538,3,0.6249,12.1108,15.1108,3.0
2011-11-07,11,Other,8,9.3,8-<10,11.8,2.5,-2.7283,3.639,2,-5.6463,5.6497,2,-0.3505,0.9172,3,-2.6897,12.1092,15.1092,3.0
2011-11-08,11,Other,8,8.8,8-<10,12.2,3.4,-1.0462,5.3425,2,-6.0779,6.0843,2,6.5609,6.561,3,-2.5218,12.1075,15.1075,3.0
2011-11-09,11,Other,8,5.7,<8,4.6,-1.1,0.1449,3.5872,2,-2.9842,3.1446,2,4.4102,4.4371,3,-1.3576,3.1056,15.1056,-12.0
2011-11-10,11,Other,8,2.6,<8,-0.8,-3.4,0.0399,0.3921,2,-0.3785,0.3873,2,0.4618,0.572,3,0.0378,12.1033,15.1033,3.0
2011-11-11,11,Other,8,6.7,<8,2.0,-4.7,-0.2023,1.1433,2,-1.7849,1.9376,2,1.1265,1.1395,3,0.0844,12.1008,15.1008,3.0
2011-11-12,11,Other,8,8.9,8-<10,4.9,-4.0,1.0266,1.9703,2,-0.0847,0.5602,2,3.4374,3.4457,3,0.9512,12.0981,15.0981,3.0
2011-11-13,11,Other,8,11.2,10-<12,7.9,-3.3,0.4724,1.8844,2,-0.6815,0.7229,2,2.9842,3.0862,3,0.3468,12.0953,15.0953,3.0
2011-11-14,11,Other,8,9.4,8-<10,8.6,-0.8,0.051,5.0537,2,-1.212,2.6872,2,5.5677,5.5692,3,-4.406,3.0922,15.0922,-12.0
2011-11-15,11,Other,8,3.9,<8,2.8,-1.1,1.1229,1.82,2,-0.6064,0.767,2,2.888,2.9171,3,0.6972,9.0889,15.0889,6.0
2011-11-16,11,Other,8,2.6,<8,-0.6,-3.2,-0.0821,1.1275,2,-0.6095,0.621,2,1.4583,1.4651,3,-0.7897,0.0853,15.0853,-9.0
2011-11-17,11,Other,8,3.0,<8,-1.6,-4.6,-0.1561,0.5723,2,-0.5207,0.5232,2,0.7051,0.7052,3,-0.3792,12.0817,15.0817,3.0
2011-11-18,11,Other,8,4.5,<8,-1.9,-6.4,-0.0431,1.0008,2,-0.9149,0.9602,2,1.2571,1.3029,3,-0.0337,12.0778,15.0778,3.0
2011-11-19,11,Other,8,5.2,<8,0.2,-5.0,0.1766,1.1821,2,-0.7499,0.799,2,2.1144,2.1548,3,-0.4397,12.0736,15.0736,3.0
2011-11-20,11,Other,8,8.9,8-<10,4.2,-4.7,0.4967,2.1874,2,-1.476,1.4853,2,3.9257,3.9541,3,0.0126,12.0694,15.0694,3.0
2011-11-21,11,Other,8,4.7,<8,1.9,-2.8,0.5624,2.2242,2,-1.0714,1.2181,2,3.7296,3.8297,3,-0.0729,12.0647,15.0647,3.0
2011-11-22,11,Other,8,3.4,<8,-0.1,-3.5,0.2366,0.572,2,-0.0606,0.2939,2,0.4511,0.5164,3,-0.0626,15.06,15.06,0.0
2011-11-23,11,Other,8,3.7,<8,1.8,-1.9,0.4293,1.3177,2,-0.6378,0.667,2,2.4613,2.4845,3,0.0216,12.0553,15.0553,3.0
2011-11-24,11,Other,8,1.9,<8,-0.3,-2.2,0.0856,0.8571,2,-0.1177,0.2285,2,0.9491,1.0973,3,-0.7412,21.05,15.05,-6.0
2011-11-25,11,Other,8,2.4,<8,1.2,-1.2,-0.2333,0.5681,2,-0.8245,0.9468,2,0.083,0.1175,3,-0.3352,15.0447,15.0447,0.0
2011-11-26,11,Other,8,2.5,<8,1.3,-1.2,0.2468,1.2925,2,-0.9198,0.9494,2,1.8699,1.884,3,-0.5397,0.0394,15.0394,-9.0
2011-11-27,11,Other,8,2.0,<8,0.3,-1.7,0.0264,0.9743,2,-0.7197,0.7436,2,1.286,1.3037,3,-0.5109,0.0339,15.0339,-9.0
2011-11-28,11,Other,8,3.7,<8,1.7,-2.0,0.1069,0.8966,2,-0.9734,0.9853,2,1.4119,1.4939,3,-0.0368,12.0281,15.0281,3.0
2011-11-29,11,Other,8,2.4,<8,1.7,-0.7,0.3867,0.7724,2,-0.4927,0.5801,2,1.2836,1.2864,3,0.4358,12.0222,15.0222,3.0
2011-11-30,11,Other,8,2.6,<8,1.8,-0.8,0.5479,1.0343,2,-0.2301,0.3429,2,1.6076,1.6076,3,0.7594,12.0161,15.0161,3.0
2011-12-01,12,Other,8,1.4,<8,-0.4,-1.8,0.2982,0.5507,2,-0.0342,0.0342,2,0.9658,0.9751,3,0.0916,12.0097,15.0097,3.0
2011-12-02,12,Other,9,1.7,<8,-0.7,-2.4,-0.1148,0.2908,2,-0.4624,0.4846,2,0.1765,0.2154,4,-0.0326,12.0033,15.0033,3.0
2011-12-03,12,Other,8,2.2,<8,0.3,-1.9,0.2327,0.8924,2,-0.1759,0.1767,2,1.3611,1.3682,3,-0.549,23.9903,14.9969,-8.9934
2011-12-04,12,Other,8,3.1,<8,-0.2,-3.3,0.4481,1.644,2,-1.21,1.3342,2,2.2935,2.2936,3,0.4385,11.9903,14.9903,3.0
2011-12-05,12,Other,8,1.4,<8,-3.0,-4.4,0.1082,0.3667,2,-0.344,0.3621,2,0.2667,0.2749,3,0.3944,11.9836,14.9836,3.0
2011-12-06,12,Other,8,2.1,<8,-3.7,-5.8,0.599,0.9378,2,-0.0945,0.1384,2,1.5255,1.5258,3,0.5925,11.9767,14.9767,3.0
2011-12-07,12,Other,8,2.0,<8,-5.7,-7.7,0.6423,1.1108,2,-0.1552,0.2986,2,1.139,1.1503,3,0.9653,11.9697,14.9697,3.0
2011-12-08,12,Other,8,2.6,<8,-7.1,-9.7,0.564,1.1336,2,-0.6658,0.6942,2,1.5614,1.5697,3,0.8027,11.9625,14.9625,3.0
2011-12-09,12,Other,8,2.3,<8,-9.1,-11.4,0.2332,0.6742,2,-0.1906,0.1907,2,0.701,0.8618,3,0.4189,11.9556,14.9556,3.0
2011-12-10,12,Other,8,8.3,8-<10,-3.7,-12.0,0.3651,2.3892,2,-2.5874,2.8911,2,3.3234,3.3234,3,0.0242,14.9481,14.9481,0.0
2011-12-11,12,Other,8,6.1,<8,-4.3,-10.4,-0.1885,1.3551,2,-1.4953,1.6543,2,1.6105,1.6896,3,-0.2979,11.9408,14.9408,3.0
2011-12-12,12,Other,8,7.5,<8,-3.6,-11.1,1.2768,3.3193,2,-1.4131,1.5348,2,5.8815,5.8901,3,1.0039,11.9333,14.9333,3.0
2011-12-13,12,Other,8,8.4,8-<10,-2.9,-11.3,-2.2745,3.0406,2,-3.916,4.1108,2,0.218,0.4386,3,-3.3691,20.9258,14.9258,-6.0
2011-12-14,12,Other,8,6.9,<8,-1.9,-8.8,1.2512,2.7553,2,-1.7203,1.7428,2,4.5134,4.5185,3,1.6393,11.9183,14.9183,3.0
2011-12-15,12,Other,8,6.8,<8,-5.5,-12.3,-1.1938,3.5457,2,-2.2352,2.2724,2,1.3786,3.4107,3,-3.8195,20.9106,14.9106,-6.0
2011-12-16,12,Other,8,3.5,<8,-4.1,-7.6,1.0829,1.9101,2,-0.7407,0.751,2,2.6027,2.6101,3,1.2371,2.9031,14.9031,-12.0
2011-12-17,12,Other,8,3.6,<8,-7.1,-10.7,1.0502,1.6478,2,-0.3888,0.3966,2,2.4913,2.4987,3,0.7674,14.8953,14.8953,0.0
2011-12-18,12,Other,8,5.2,<8,-7.8,-13.0,1.0132,1.8869,2,-0.6006,0.981,2,2.8394,2.8599,3,1.4293,11.8875,14.8875,3.0
2011-12-19,12,Other,8,3.4,<8,-10.8,-14.2,-0.2122,0.6891,2,-0.6577,0.6995,2,0.6694,0.7459,3,-0.387,11.8797,14.8797,3.0
2011-12-20,12,Other,8,2.5,<8,-10.7,-13.2,0.5627,1.2541,2,-0.761,0.7854,2,1.4345,1.4349,3,1.0548,11.8719,14.8719,3.0
2011-12-21,12,Other,8,4.4,<8,-12.8,-17.2,0.7918,2.4355,2,-1.8595,1.8708,2,3.1965,3.198,3,1.2717,11.8639,14.8639,3.0
2011-12-22,12,Other,8,9.7,8-<10,-9.3,-19.0,-0.2679,1.8322,2,-1.2279,1.4926,2,2.6839,2.6839,3,-1.4925,11.8561,14.8561,3.0
2011-12-23,12,Other,8,6.3,<8,-11.9,-18.2,1.0325,3.1204,2,-2.7158,2.7719,2,4.4629,4.466,3,1.3928,11.8483,14.8483,3.0
2011-12-24,12,Other,8,5.6,<8,-15.0,-20.6,-0.0436,1.5921,2,-0.4069,0.4576,2,1.7029,1.9785,3,-0.6078,11.8406,14.8406,3.0
2011-12-25,12,Other,8,8.9,8-<10,-10.5,-19.4,-1.101,2.6651,2,-3.6899,3.7817,2,2.7462,2.7506,3,-1.5796,11.8328,14.8328,3.0
2011-12-26,12,Other,8,7.6,<8,-9.0,-16.6,-0.1346,2.154,2,-1.1615,1.5819,2,2.5111,2.7488,3,-0.6878,11.825,14.825,3.0
2011-12-27,12,Other,8,9.1,8-<10,-7.1,-16.2,0.0099,2.8692,2,-3.5896,3.681,2,3.9303,3.9327,3,0.4525,11.8172,14.8172,3.0
2011-12-28,12,Other,8,11.8,10-<12,-4.0,-15.8,-1.4047,2.829,2,-4.2083,4.2936,2,2.1039,2.5178,3,-1.6559,11.8094,14.8094,3.0
2011-12-29,12,Other,8,8.6,8-<10,-3.4,-12.0,0.7709,3.359,2,-1.8718,1.9232,2,6.2004,6.2033,3,-0.4199,11.8019,14.8019,3.0
2011-12-30,12,Other,8,10.5,10-<12,-3.4,-13.9,1.9506,4.1095,2,-2.5308,2.9394,2,6.824,6.9398,3,0.9059,5.7942,14.7942,9.0
2011-12-31,12,Other,8,6.7,<8,-5.7,-12.4,-2.7195,3.4444,2,-5.5202,5.5234,2,-0.2106,0.5439,3,-2.8703,11.7867,14.7867,3.0
2012-01-01,1,Other,8,8.4,8-<10,-3.6,-12.0,1.225,3.6003,2,-2.138,2.2492,2,6.0882,6.1176,3,1.1975,11.7792,14.7792,3.0
2012-01-02,1,Other,8,3.8,<8,-11.0,-14.8,0.8098,1.8832,2,-0.6139,0.9143,2,2.5443,2.5487,3,0.7494,2.7719,14.7719,-12.0
2012-01-03,1,Other,8,4.4,<8,-12.4,-16.8,-0.7563,1.3609,2,-1.3848,1.7851,2,0.8249,0.8892,3,-1.3729,11.7644,14.7644,3.0
2012-01-04,1,Other,8,5.6,<8,-9.8,-15.4,0.2738,1.4811,2,-1.2259,1.5409,2,1.7348,2.025,3,0.8485,11.7572,14.7572,3.0
2012-01-05,1,Other,8,8.3,8-<10,-7.2,-15.5,-0.4243,2.0732,2,-3.093,3.2353,2,2.0688,2.08,3,0.1793,11.75,14.75,3.0
2012-01-06,1,Other,8,9.7,8-<10,-4.3,-14.0,0.6063,2.6078,2,-1.9225,1.9394,2,4.4089,4.4246,3,0.7282,11.7431,14.7431,3.0
2012-01-07,1,Other,8,9.2,8-<10,-4.5,-13.7,1.7057,3.7919,2,-2.6949,2.7245,2,6.1731,6.1738,3,2.4834,11.7361,14.7361,3.0
2012-01-08,1,Other,8,6.4,<8,-8.9,-15.3,0.4749,2.0286,2,-1.8315,2.0332,2,3.2047,3.2069,3,0.7251,11.7292,14.7292,3.0
2012-01-09,1,Other,8,6.8,<8,-8.2,-15.0,0.8622,2.3741,2,-1.609,1.6335,2,3.5622,3.6088,3,1.3785,11.7225,14.7225,3.0
2012-01-10,1,Other,8,4.4,<8,-11.4,-15.8,0.3521,0.9643,2,-0.3773,0.436,2,1.2429,1.6293,3,0.4696,14.7161,14.7161,0.0
2012-01-11,1,Other,8,6.4,<8,-9.4,-15.8,-0.4686,1.3941,2,-0.923,1.3414,2,1.0665,1.073,3,-1.1364,14.7094,14.7094,0.0
2012-01-12,1,Other,8,6.8,<8,-5.4,-12.2,1.5696,2.5766,2,-0.2985,0.3,2,3.7748,3.821,3,2.0504,11.7033,14.7033,3.0
2012-01-13,1,Other,8,7.8,<8,-7.2,-15.0,1.4432,3.0556,2,-1.342,1.3916,2,4.7659,4.7906,3,2.0822,11.6969,14.6969,3.0
2012-01-14,1,Other,8,10.3,10-<12,-7.6,-17.9,-0.5813,1.6935,2,-1.9539,1.9745,2,1.5889,1.9425,3,-0.9734,14.6911,14.6911,0.0
2012-01-15,1,Other,8,5.4,<8,-9.9,-15.3,-0.5048,2.1839,2,-2.2095,3.1871,2,1.9948,2.1175,3,-1.028,5.6853,14.6853,9.0
2012-01-16,1,Other,8,14.5,12-<15,0.3,-14.2,-0.6709,2.5977,2,-3.8582,3.8667,2,2.0844,2.471,3,0.2802,14.6794,14.6794,0.0
2012-01-17,1,Other,8,4.9,<8,-5.1,-10.0,-0.0297,1.7094,2,-2.4781,2.49,2,1.6073,1.853,3,0.8252,11.6739,14.6739,3.0
2012-01-18,1,Other,8,5.4,<8,-8.6,-14.0,1.2906,2.6295,2,-1.1452,1.147,2,3.8054,3.8241,3,0.875,2.6686,14.6686,-12.0
2012-01-19,1,Other,8,7.3,<8,-13.1,-20.4,1.4599,3.8718,2,-3.0807,3.1254,2,5.0511,5.0959,3,1.8753,5.6633,14.6633,9.0
2012-01-20,1,Other,8,2.8,<8,-20.1,-22.9,0.1731,1.0224,2,-0.2862,0.3711,2,1.3455,1.3543,3,0.0014,11.6583,14.6583,3.0
2012-01-21,1,Other,8,2.9,<8,-21.0,-23.9,-0.0316,0.7633,2,-0.3271,0.3744,2,1.0865,1.1262,3,-0.5017,11.6533,14.6533,3.0
2012-01-22,1,Other,8,6.3,<8,-17.3,-23.6,0.1967,1.1698,2,-0.4672,0.7623,2,1.7734,1.9047,3,0.0465,11.6486,14.6486,3.0
2012-01-23,1,Other,8,7.4,<8,-16.1,-23.5,-0.0921,1.3884,2,-0.7912,1.0455,2,2.0603,2.0801,3,-0.4913,11.6442,14.6442,3.0
2012-01-24,1,Other,8,8.4,8-<10,-12.4,-20.8,0.7391,2.9386,2,-2.0684,2.4493,2,4.0594,4.3969,3,1.4413,11.64,14.64,3.0
2012-01-25,1,Other,8,9.5,8-<10,-12.8,-22.3,0.5907,1.8791,2,-0.9363,0.9946,2,2.9993,3.0179,3,0.4037,11.6358,14.6358,3.0
2012-01-26,1,Other,8,6.1,<8,-15.5,-21.6,0.6742,1.4898,2,-0.9975,1.1556,2,2.3618,2.3928,3,0.822,11.6319,14.6319,3.0
2012-01-27,1,Other,8,6.8,<8,-15.7,-22.5,0.962,2.4015,2,-0.7917,1.2331,2,3.1432,3.2611,3,1.6648,11.6283,14.6283,3.0
2012-01-28,1,Other,8,9.4,8-<10,-14.9,-24.3,0.8652,3.0155,2,-3.2527,3.2822,2,4.2797,4.3391,3,1.9418,11.6247,14.6247,3.0
2012-01-29,1,Other,8,10.2,10-<12,-15.3,-25.5,0.2881,2.1441,2,-1.7322,2.7667,2,2.6543,2.6999,3,0.8477,11.6214,14.6214,3.0
2012-01-30,1,Other,8,14.3,12-<15,-10.0,-24.3,-0.2878,3.629,2,-4.7713,4.9716,2,4.3442,4.6295,3,0.4727,11.6183,14.6183,3.0
2012-01-31,1,Other,8,8.9,8-<10,-11.1,-20.0,-0.6245,2.4104,2,-3.0455,3.3106,2,2.8502,2.8803,3,-1.2743,11.6156,14.6156,3.0
2012-02-01,2,Other,8,5.6,<8,-11.7,-17.3,1.0397,2.5449,2,-1.929,1.9677,2,2.7879,3.0008,3,2.4397,11.6128,14.6128,3.0
2012-02-02,2,Other,8,12.0,12-<15,-7.7,-19.7,-0.4436,2.6373,2,-3.6278,3.8,2,2.9042,2.9148,3,0.2512,11.6103,14.6103,3.0
2012-02-03,2,Other,8,6.7,<8,-9.6,-16.3,-0.0363,1.4403,2,-2.0736,2.1349,2,1.4372,1.8495,3,0.1343,14.6081,14.6081,0.0
2012-02-04,2,Other,8,8.3,8-<10,-7.9,-16.2,-1.0914,2.2726,2,-0.9333,1.4007,2,0.9349,1.0457,3,-2.3552,14.6061,14.6061,0.0
2012-02-05,2,Other,8,3.2,<8,-8.3,-11.5,0.2448,0.9407,2,-0.9371,0.9571,2,0.988,1.0663,3,0.7552,11.6044,14.6044,3.0
2012-02-06,2,Other,8,5.4,<8,-10.3,-15.7,-0.4413,1.4407,2,-1.3468,1.3631,2,1.4276,1.4492,3,-1.022,11.6028,14.6028,3.0
2012-02-07,2,Other,8,4.4,<8,-11.8,-16.2,0.9387,2.1125,2,-1.0725,1.5987,2,2.1775,2.3942,3,1.6458,14.6014,14.6014,0.0
2012-02-08,2,Other,8,6.1,<8,-13.3,-19.4,0.2821,1.5272,2,-1.6651,1.6726,2,1.9187,2.1381,3,0.9187,11.6003,14.6003,3.0
2012-02-09,2,Other,8,5.0,<8,-15.3,-20.3,-0.2839,0.8075,2,-1.1521,1.1556,2,0.7272,0.9103,3,-0.2433,14.5992,14.5992,0.0
2012-02-10,2,Other,8,9.4,8-<10,-9.8,-19.2,-0.0431,1.7564,2,-1.7396,1.7625,2,2.518,2.531,3,0.0331,11.5986,14.5986,3.0
2012-02-11,2,Other,8,9.6,8-<10,-6.3,-15.9,0.7425,2.3927,2,-1.5524,1.7472,2,3.7064,3.7342,3,1.1911,11.5981,14.5981,3.0
2012-02-12,2,Other,8,6.0,<8,-10.0,-16.0,0.0064,1.4593,2,-1.427,1.8679,2,1.9959,2.0214,3,0.0516,11.5978,14.5978,3.0
2012-02-13,2,Other,8,5.2,<8,-10.6,-15.8,0.3857,1.4382,2,-0.793,1.0138,2,1.4737,1.629,3,0.9459,11.5978,14.5978,3.0
2012-02-14,2,Other,8,7.8,<8,-10.1,-17.9,-0.1526,1.8882,2,-2.9737,3.0869,2,1.6913,1.77,3,0.784,11.5978,14.5978,3.0
2012-02-15,2,Other,8,4.3,<8,-13.3,-17.6,0.1717,1.0396,2,-0.9631,0.9641,2,1.5625,1.7038,3,0.2432,11.5981,14.5981,3.0
2012-02-16,2,Other,8,6.6,<8,-11.7,-18.3,0.2752,1.0325,2,-0.5658,0.9474,2,1.2601,1.4347,3,0.5911,14.5986,14.5986,0.0
2012-02-17,2,Other,8,10.3,10-<12,-6.6,-16.9,-0.0398,1.5555,2,-1.6106,1.7829,2,2.0871,2.1303,3,-0.2139,14.5994,14.5994,0.0
2012-02-18,2,Other,8,11.9,10-<12,-4.8,-16.7,-0.2481,1.5465,2,-1.1163,1.98,2,1.6543,1.7596,3,-0.6094,14.6003,14.6003,0.0
2012-02-19,2,Other,8,8.9,8-<10,-3.0,-11.9,0.3225,2.2908,2,-2.7208,2.8373,2,1.8245,2.0161,3,1.9996,11.6017,14.6017,3.0
2012-02-20,2,Other,8,9.6,8-<10,-3.4,-13.0,-1.9356,3.2593,2,-5.0732,5.3143,2,0.3206,0.3567,3,-1.9627,14.6031,14.6031,0.0
2012-02-21,2,Other,8,7.2,<8,-2.2,-9.4,-0.3956,2.2193,2,-2.127,2.262,2,2.6835,2.7519,3,-0.9074,11.6044,14.6044,3.0
2012-02-22,2,Other,8,2.0,<8,-5.1,-7.1,0.198,0.7781,2,-0.6671,0.8045,2,0.8302,0.8962,3,0.4232,11.6061,14.6061,3.0
2012-02-23,2,Other,8,4.0,<8,-4.9,-8.9,0.612,1.8298,2,-0.9755,1.2242,2,1.4635,1.8785,3,1.5119,14.6081,14.6081,0.0
2012-02-24,2,Other,8,5.1,<8,-6.3,-11.4,0.8374,1.8165,2,-0.4838,0.4838,2,3.1748,3.1762,3,0.7676,11.6103,14.6103,3.0
2012-02-25,2,Other,8,5.9,<8,-9.1,-15.0,-0.012,0.6529,2,-0.3242,0.4847,2,0.8126,0.9718,3,-0.2323,14.6125,14.6125,0.0
2012-02-26,2,Other,8,12.3,12-<15,-2.8,-15.1,0.6435,2.7335,2,-1.6098,2.6423,2,4.0934,4.107,3,0.8114,11.615,14.615,3.0
2012-02-27,2,Other,8,4.2,<8,-9.2,-13.4,0.4437,0.6217,2,-0.0647,0.2373,2,0.8095,0.8397,3,0.5983,14.6178,14.6178,0.0
2012-02-28,2,Other,8,10.6,10-<12,-3.7,-14.3,0.1711,1.9516,2,-2.6257,2.6259,2,2.6986,2.7019,3,0.2711,14.6206,14.6206,0.0
2012-02-29,2,Other,8,6.6,<8,-5.1,-11.7,0.8978,1.7445,2,-0.4296,0.4656,2,1.8749,2.3374,3,1.5971,14.6236,14.6236,0.0
2012-03-01,3,Other,8,8.2,8-<10,-5.5,-13.7,-0.6348,1.8821,2,-1.1505,1.2044,2,1.404,1.4058,3,-1.7381,14.6267,14.6267,0.0
2012-03-02,3,Other,8,7.1,<8,-2.1,-9.2,0.731,1.6789,2,-1.0823,1.2588,2,1.8462,2.0843,3,1.6377,14.63,14.63,0.0
2012-03-03,3,Other,8,7.1,<8,-3.5,-10.6,-0.1005,1.1984,2,-1.2165,1.3902,2,1.7016,1.7161,3,-0.2319,11.6336,14.6336,3.0
2012-03-04,3,Other,8,10.6,10-<12,-1.8,-12.4,1.2034,2.5654,2,-0.2581,0.4228,2,4.4395,4.5239,3,1.1498,11.6372,14.6372,3.0
2012-03-05,3,Other,8,10.6,10-<12,-1.7,-12.3,-0.4501,1.6711,2,-0.8347,1.3068,2,0.998,1.1788,3,-1.2879,14.6408,14.6408,0.0
2012-03-06,3,Other,8,5.6,<8,-1.2,-6.8,-0.2539,1.2675,2,-0.8871,0.8906,2,1.4807,1.4936,3,-0.876,11.6447,14.6447,3.0
2012-03-07,3,Other,8,6.4,<8,-0.4,-6.8,0.0545,1.2491,2,-1.1567,1.3912,2,1.3758,1.5403,3,0.3199,11.6489,14.6489,3.0
2012-03-08,3,Other,8,7.1,<8,0.9,-6.2,0.354,1.648,2,-1.4878,1.5773,2,2.5284,2.6098,3,0.3195,11.6531,14.6531,3.0
2012-03-09,3,Other,8,7.9,<8,2.2,-5.7,0.1888,1.3579,2,-0.5509,0.9783,2,2.0719,2.1085,3,-0.0861,11.6572,14.6572,3.0
2012-03-10,3,Other,8,4.8,<8,0.3,-4.5,0.3701,0.9335,2,-0.2609,0.4086,2,1.75,1.7575,3,0.0501,11.6617,14.6617,3.0
2012-03-11,3,Other,8,2.9,<8,-1.3,-4.2,0.4436,0.6258,2,0.1529,0.2226,2,0.4894,0.6968,3,0.3345,14.6661,14.6661,0.0
2012-03-12,3,Other,8,7.7,<8,3.3,-4.4,0.5972,1.0462,2,0.8192,1.2037,2,1.3427,1.5945,3,0.2123,14.6706,14.6706,0.0
2012-03-13,3,Other,8,4.6,<8,1.7,-2.9,-0.2156,0.586,2,-0.5617,0.7524,2,0.5182,0.5662,3,-0.3806,14.6753,14.6753,0.0
2012-03-14,3,Other,8,4.0,<8,1.3,-2.7,0.5255,1.3016,2,-0.7994,0.9019,2,1.5125,1.7014,3,0.3788,17.68,14.68,-3.0
2012-03-15,3,Other,8,6.9,<8,3.6,-3.3,0.0295,0.7967,2,-0.0628,0.073,2,1.2058,1.2084,3,-0.7941,14.685,14.685,0.0
2012-03-16,3,Other,8,6.3,<8,4.3,-2.0,-0.0287,0.6394,2,-0.2482,0.2788,2,0.7501,0.7869,3,-0.1354,11.69,14.69,3.0
2012-03-17,3,Other,8,8.6,8-<10,8.4,-0.2,0.1299,1.0153,2,0.3541,0.5458,2,1.0379,1.0966,3,-0.8164,14.695,14.695,0.0
2012-03-18,3,Other,8,9.7,8-<10,9.9,0.2,-1.3481,2.526,2,-1.2395,1.5334,2,0.5119,0.5127,3,-2.8743,14.7,14.7,0.0
2012-03-19,3,Other,8,12.1,12-<15,12.2,0.1,3.6887,6.4355,2,-3.0534,3.083,2,9.4943,9.5383,3,3.8025,8.705,14.705,6.0
2012-03-20,3,Other,8,4.6,<8,0.2,-4.4,1.5428,1.8846,2,0.5066,0.7758,2,2.5256,2.5364,3,1.3706,14.7103,14.7103,0.0
2012-03-21,3,Other,8,8.9,8-<10,3.1,-5.8,-0.6785,1.3528,2,-1.6209,1.8283,2,0.4244,0.5576,3,-1.1816,14.7156,14.7156,0.0
2012-03-22,3,Other,8,11.0,10-<12,8.6,-2.4,-0.5704,1.9432,2,-0.4257,0.5821,2,0.829,0.8672,3,-2.0927,14.7208,14.7208,0.0
2012-03-23,3,Other,8,9.6,8-<10,10.9,1.3,-0.0163,1.9095,2,-0.6075,0.6615,2,1.8291,1.8451,3,-0.7262,11.7261,14.7261,3.0
2012-03-24,3,Other,8,10.8,10-<12,12.3,1.5,-0.1791,0.6498,2,-0.0679,0.1042,2,0.5474,0.5709,3,-0.5596,14.7314,14.7314,0.0
2012-03-25,3,Other,8,9.1,8-<10,12.4,3.3,-0.0599,0.8481,2,-0.8117,1.3031,2,0.6677,0.668,3,0.2241,14.7367,14.7367,0.0
2012-03-26,3,Other,8,9.2,8-<10,12.2,3.0,-0.7435,1.5405,2,-1.0251,1.6006,2,0.6625,0.6631,3,-1.4189,14.7419,14.7419,0.0
2012-03-27,3,Other,8,6.2,<8,10.3,4.1,1.5153,3.3731,2,-1.9754,2.0355,2,5.1716,5.1716,3,0.9365,8.7472,14.7472,6.0
2012-03-28,3,Other,8,10.1,10-<12,11.7,1.6,0.2178,0.8044,2,-0.7668,1.0239,2,0.904,1.0936,3,0.3239,14.7528,14.7528,0.0
2012-03-29,3,Other,8,11.4,10-<12,12.8,1.4,-0.6927,1.6219,2,-0.8462,0.8907,2,0.1666,0.6432,3,-1.7179,14.7581,14.7581,0.0
2012-03-30,3,Other,8,8.4,8-<10,14.8,6.4,-0.563,2.9611,2,-2.6602,3.1975,2,1.9243,2.0257,3,-0.9259,11.7633,14.7633,3.0
2012-03-31,3,Other,7,9.7,8-<10,14.0,4.3,0.2045,1.3882,2,0.6618,0.8154,1,1.1906,1.1906,3,-1.1348,14.7686,14.7686,0.0
2012-04-01,4,Other,8,7.6,<8,14.3,6.7,0.23,0.8771,2,-0.2879,0.4699,2,0.532,0.7573,3,0.2108,14.7739,14.7739,0.0
2012-04-02,4,Other,8,7.8,<8,15.6,7.8,0.6195,1.4618,2,-0.7839,0.8035,2,2.2698,2.3418,3,0.8628,11.7792,14.7792,3.0
2012-04-03,4,Other,8,10.8,10-<12,17.8,7.0,-0.2182,0.8575,2,-0.8621,1.282,2,0.5179,0.671,3,-0.5434,14.7842,14.7842,0.0
2012-04-04,4,Other,8,8.7,8-<10,15.5,6.8,0.9194,1.3725,2,0.0781,1.1356,2,1.7617,1.7926,3,0.738,14.7894,14.7894,0.0
2012-04-05,4,Other,8,11.9,10-<12,18.6,6.7,0.071,0.7005,2,-0.3969,0.6294,2,0.6475,0.7849,3,-0.2159,14.7944,14.7944,0.0
2012-04-06,4,Other,8,10.8,10-<12,20.3,9.5,-0.6638,1.606,2,-1.1049,1.3481,2,1.0236,1.0759,3,-1.3241,11.7994,14.7994,3.0
2012-04-07,4,Other,8,10.1,10-<12,18.8,8.7,-0.4529,1.0281,2,0.0669,0.2265,2,0.2725,0.2838,3,-1.1212,14.8044,14.8044,0.0
2012-04-08,4,Other,8,11.2,10-<12,22.0,10.8,-0.4308,1.1238,2,-1.1335,1.5752,2,0.7007,0.7308,3,-0.6233,14.8094,14.8094,0.0
2012-04-09,4,Other,8,13.1,12-<15,19.6,6.5,5.1745,7.4616,2,2.0897,3.7468,2,11.126,11.1404,3,1.4935,2.8142,14.8142,-12.0
2012-04-10,4,Other,8,10.1,10-<12,15.2,5.1,-0.3129,0.809,2,-0.4325,0.7118,2,0.4279,0.5041,3,-1.0001,14.8189,14.8189,0.0
2012-04-11,4,Other,8,11.8,10-<12,19.8,8.0,0.0697,1.212,2,-1.3486,1.4395,2,1.217,1.2298,3,-0.239,14.8236,14.8236,0.0
2012-04-12,4,Other,8,11.1,10-<12,18.9,7.8,0.0165,0.7087,2,-0.3824,0.4246,2,0.5655,0.7098,3,-0.1679,14.8281,14.8281,0.0
2012-04-13,4,Other,8,9.8,8-<10,19.3,9.5,-0.2595,1.0565,2,0.0498,0.0625,2,0.4533,0.457,3,-1.1932,14.8325,14.8325,0.0
2012-04-14,4,Other,8,8.4,8-<10,20.9,12.5,0.3512,0.6528,2,-0.3944,0.5044,2,0.7973,0.8515,3,0.6886,14.8369,14.8369,0.0
2012-04-15,4,Other,8,10.9,10-<12,21.8,10.9,-0.2297,0.6438,2,-0.6757,0.8334,2,0.3347,0.4243,3,-0.4007,14.8411,14.8411,0.0
2012-04-16,4,Other,8,11.1,10-<12,22.5,11.4,-0.5004,0.9848,2,-0.9147,1.2993,2,0.5237,0.5901,3,-0.8166,14.8453,14.8453,0.0
2012-04-17,4,Other,8,8.5,8-<10,21.3,12.8,0.2873,1.3752,2,-1.3344,1.8029,2,1.6454,1.6461,3,0.4073,14.8494,14.8494,0.0
2012-04-18,4,Other,8,8.9,8-<10,19.0,10.1,0.3901,1.2977,2,0.2685,0.3965,2,1.071,1.0784,3,-0.3535,14.8533,14.8533,0.0
2012-04-19,4,Other,8,12.2,12-<15,22.3,10.1,-0.2004,0.9045,2,-0.7659,0.8957,2,0.9086,0.9128,3,-0.7957,14.8572,14.8572,0.0
2012-04-20,4,Other,8,13.2,12-<15,25.1,11.9,-0.1217,0.841,2,-0.8196,1.0903,2,0.3463,0.3775,3,-0.2951,14.8608,14.8608,0.0
2012-04-21,4,Other,8,13.3,12-<15,26.0,12.7,-0.2036,1.1324,2,-1.3788,1.8097,2,1.0925,1.1647,3,-0.2715,14.8642,14.8642,0.0
2012-04-22,4,Other,8,15.4,15-<18,23.6,8.2,6.2504,7.7546,2,2.9267,4.2827,2,11.01,11.0116,3,4.0921,14.8678,14.8678,0.0
2012-04-23,4,Other,8,7.3,<8,10.8,3.5,1.0723,1.4521,2,0.6548,1.122,2,1.9823,2.0254,3,0.3697,14.8708,14.8708,0.0
2012-04-24,4,Other,8,13.6,12-<15,16.8,3.2,-0.9743,1.757,2,-1.0566,1.1071,2,-0.0188,0.4158,3,-1.967,14.8742,14.8742,0.0
2012-04-25,4,Other,8,12.6,12-<15,19.6,7.0,-0.5817,1.2354,2,-0.776,1.0712,2,0.1978,0.7267,3,-1.4391,14.8769,14.8769,0.0
2012-04-26,4,Other,8,13.0,12-<15,24.2,11.2,-0.1888,0.8007,2,-0.7659,1.0538,2,0.525,0.5913,3,-0.5339,14.8797,14.8797,0.0
2012-04-27,4,Other,8,9.8,8-<10,23.2,13.4,-0.3876,0.8979,2,-1.3134,1.5135,2,0.58,0.5919,3,-0.3972,14.8825,14.8825,0.0
2012-04-28,4,Other,8,10.4,10-<12,24.5,14.1,-0.2952,0.5761,2,-0.9583,0.9778,2,0.1443,0.2056,3,-0.2375,14.885,14.885,0.0
2012-04-29,4,Other,8,9.7,8-<10,22.9,13.2,1.3325,1.8117,2,0.135,1.0149,2,2.4405,2.4408,3,1.5061,11.8875,14.8875,3.0
2012-04-30,4,Other,8,10.5,10-<12,19.2,8.7,0.7507,4.0248,2,-0.361,4.4273,2,1.8424,1.9913,3,-1.6137,17.8897,14.8897,-3.0
2012-05-01,5,May-Sep,8,12.2,12-<15,22.4,10.2,-0.7529,1.2362,2,-0.9869,1.1613,2,-0.0613,0.3644,3,-1.3253,14.8917,14.8917,0.0
2012-05-02,5,May-Sep,8,13.2,12-<15,25.8,12.6,-0.0201,0.8456,2,-0.3802,0.4303,2,0.729,0.7483,3,-0.6249,14.8936,14.8936,0.0
2012-05-03,5,May-Sep,8,9.2,8-<10,23.9,14.7,-0.2295,0.8058,2,-0.6467,0.6959,2,0.8299,1.006,3,-0.6657,11.8953,14.8953,3.0
2012-05-04,5,May-Sep,8,7.5,<8,22.5,15.0,2.4922,3.5911,2,0.6944,2.2965,2,5.2869,5.3649,3,1.5777,11.8969,14.8969,3.0
2012-05-05,5,May-Sep,8,13.1,12-<15,24.9,11.8,-0.4683,1.4867,2,-1.416,1.4161,2,0.1941,0.9245,3,-1.088,17.8983,14.8983,-3.0
2012-05-06,5,May-Sep,8,13.3,12-<15,28.0,14.7,-0.8977,1.3854,2,-1.4949,1.9244,2,0.0348,0.3649,3,-1.2682,14.8994,14.8994,0.0
2012-05-07,5,May-Sep,8,14.6,12-<15,26.6,12.0,1.084,3.634,2,0.2216,3.755,2,4.4584,4.48,3,-1.6535,14.9006,14.9006,0.0
2012-05-08,5,May-Sep,8,8.6,8-<10,21.1,12.5,0.2944,1.2545,2,0.4375,1.5273,2,0.9768,1.0285,3,-0.7617,14.9014,14.9014,0.0
2012-05-09,5,May-Sep,8,7.4,<8,21.6,14.2,1.5052,2.5801,2,0.2031,0.4603,2,0.3015,0.3184,3,3.35,14.9022,14.9022,0.0
2012-05-10,5,May-Sep,8,14.2,12-<15,20.5,6.3,3.9676,5.2123,2,2.2908,3.1547,2,7.5426,7.5563,3,1.1728,14.9028,14.9028,0.0
2012-05-11,5,May-Sep,8,14.7,12-<15,20.8,6.1,-0.7913,1.6144,2,-1.2899,1.2903,2,0.1158,0.692,3,-1.6594,14.9033,14.9033,0.0
2012-05-12,5,May-Sep,8,14.3,12-<15,23.5,9.2,-0.5836,1.1978,2,-1.0581,1.0936,2,0.7432,0.7452,3,-1.3325,14.9036,14.9036,0.0
2012-05-13,5,May-Sep,8,12.3,12-<15,25.2,12.9,-0.2813,0.5473,2,-0.6079,0.6083,2,-0.1341,0.3585,3,-0.1345,14.9036,14.9036,0.0
2012-05-14,5,May-Sep,8,15.7,15-<18,28.9,13.2,-0.7331,1.5368,2,-0.5598,0.6921,2,0.4667,0.4848,3,-1.8214,14.9036,14.9036,0.0
2012-05-15,5,May-Sep,8,13.8,12-<15,30.2,16.4,-0.2321,1.2425,2,-0.0908,0.3371,2,0.933,0.9475,3,-1.3298,14.9033,14.9033,0.0
2012-05-16,5,May-Sep,8,10.0,10-<12,27.7,17.7,1.4664,2.1775,2,0.2468,0.3911,2,3.8602,3.8676,3,0.6182,11.9031,14.9031,3.0
2012-05-17,5,May-Sep,8,11.0,10-<12,25.1,14.1,-0.5754,1.3274,2,-1.2547,1.2552,2,1.0539,1.1088,3,-1.3786,11.9025,14.9025,3.0
2012-05-18,5,May-Sep,8,11.5,10-<12,27.3,15.8,-0.1732,1.1911,2,-0.1424,0.7146,2,0.9272,0.93,3,-1.1092,14.9017,14.9017,0.0
2012-05-19,5,May-Sep,8,7.5,<8,25.5,18.0,3.2122,4.9386,2,0.4071,0.4994,2,4.1631,4.6919,3,5.6835,11.9008,14.9008,3.0
2012-05-20,5,May-Sep,8,13.4,12-<15,18.2,4.8,3.2092,6.2347,2,1.7409,4.6757,2,7.7224,7.797,3,-0.9611,2.9,14.9,-12.0
2012-05-21,5,May-Sep,8,11.6,10-<12,17.9,6.3,-0.5866,1.3719,2,-0.7967,0.9709,2,0.4795,0.7064,3,-1.4433,14.8989,14.8989,0.0
2012-05-22,5,May-Sep,8,11.3,10-<12,22.5,11.2,-0.5845,1.4103,2,-1.3123,1.3947,2,0.6996,0.7607,3,-1.1551,14.8975,14.8975,0.0
2012-05-23,5,May-Sep,8,8.5,8-<10,23.5,15.0,0.3984,0.9634,2,0.9999,1.4571,2,0.6627,1.0668,3,-0.0079,17.8961,14.8961,-3.0
2012-05-24,5,May-Sep,8,13.2,12-<15,27.5,14.3,-0.4869,1.1688,2,-0.6738,1.1936,2,0.5963,0.6043,3,-1.3043,14.8947,14.8947,0.0
2012-05-25,5,May-Sep,8,10.3,10-<12,27.9,17.6,0.5541,0.7492,2,-0.0485,0.2799,2,1.0643,1.1254,3,0.5488,14.8931,14.8931,0.0
2012-05-26,5,May-Sep,8,12.1,12-<15,29.5,17.4,3.2691,5.3191,2,-0.7067,0.8149,2,5.6647,7.1525,3,5.1713,14.8911,14.8911,0.0
2012-05-27,5,May-Sep,8,7.9,<8,21.3,13.4,0.0928,0.3596,2,-0.2757,0.2808,2,0.3044,0.4981,3,0.0378,14.8892,14.8892,0.0
2012-05-28,5,May-Sep,8,12.0,12-<15,25.4,13.4,-0.1581,0.911,2,-0.7036,0.7048,2,0.2758,0.5905,3,-0.3163,14.8872,14.8872,0.0
2012-05-29,5,May-Sep,8,13.3,12-<15,27.8,14.5,-0.688,1.7595,2,-0.9533,1.6044,2,1.1058,1.1058,3,-1.4605,11.885,14.885,3.0
2012-05-30,5,May-Sep,8,10.1,10-<12,30.3,20.2,-0.2994,0.7569,2,-0.8417,1.0899,2,0.3871,0.5646,3,-0.4919,14.8825,14.8825,0.0
2012-05-31,5,May-Sep,8,7.6,<8,29.1,21.5,2.5262,3.0922,2,2.0219,2.6554,2,3.378,3.3781,3,1.5316,14.8803,14.8803,0.0
2012-06-01,6,May-Sep,8,8.1,8-<10,28.1,20.0,0.3529,0.9597,2,0.6793,1.1557,2,0.6521,0.6683,3,-0.4968,14.8778,14.8778,0.0
2012-06-02,6,May-Sep,8,6.7,<8,26.7,20.0,0.1748,0.9272,2,-0.2847,0.3836,2,1.431,1.4558,3,-0.3422,11.875,14.875,3.0
2012-06-03,6,May-Sep,8,8.6,8-<10,25.0,16.4,1.0081,2.5349,2,1.4941,1.9138,2,2.628,2.6313,3,-0.9223,14.8725,14.8725,0.0
2012-06-04,6,May-Sep,8,9.0,8-<10,25.4,16.4,-0.6421,1.3655,2,-1.0286,1.2811,2,0.9079,1.0828,3,-1.5104,11.8697,14.8697,3.0
2012-06-05,6,May-Sep,8,8.7,8-<10,24.5,15.8,1.0663,2.5985,2,1.5863,3.1009,2,0.6261,0.8479,3,-0.0228,17.8667,14.8667,-3.0
2012-06-06,6,May-Sep,8,10.6,10-<12,26.8,16.2,0.5768,1.2462,2,1.4686,2.0302,2,0.7748,0.8825,3,-0.3337,14.8639,14.8639,0.0
2012-06-07,6,May-Sep,8,10.9,10-<12,29.0,18.1,-0.2254,0.6664,2,-0.4349,0.4543,2,0.3606,0.7316,3,-0.6147,17.8608,14.8608,-3.0
2012-06-08,6,May-Sep,8,12.4,12-<15,28.4,16.0,-0.7361,1.8588,2,0.1263,0.4316,2,-0.0681,0.5688,3,-2.4664,14.8575,14.8575,0.0
2012-06-09,6,May-Sep,8,9.6,8-<10,29.3,19.7,0.4233,1.4267,2,0.9272,1.1123,2,0.3346,0.372,3,-0.7977,14.8544,14.8544,0.0
2012-06-10,6,May-Sep,8,9.1,8-<10,29.3,20.2,0.4631,1.3924,2,-0.2729,0.3126,2,2.213,2.2971,3,-0.0653,11.8511,14.8511,3.0
2012-06-11,6,May-Sep,8,5.3,<8,25.5,20.2,1.7449,2.6042,2,-0.3315,1.2169,2,3.8674,3.9638,3,2.1253,11.8478,14.8478,3.0
2012-06-12,6,May-Sep,8,9.1,8-<10,25.7,16.6,-0.4709,1.1422,2,-1.07,1.0709,2,1.0163,1.1412,3,-0.9926,11.8444,14.8444,3.0
2012-06-13,6,May-Sep,8,9.1,8-<10,28.6,19.5,0.5555,0.8412,2,0.2306,0.2347,2,1.0677,1.1507,3,0.077,14.8411,14.8411,0.0
2012-06-14,6,May-Sep,8,6.9,<8,27.0,20.1,0.8507,1.5986,2,-0.7918,1.0484,2,2.5854,2.6514,3,1.0057,11.8378,14.8378,3.0
2012-06-15,6,May-Sep,8,9.8,8-<10,28.8,19.0,-0.1493,0.7339,2,-0.1065,0.1162,2,0.2336,0.3516,3,-0.8569,14.8344,14.8344,0.0
2012-06-16,6,May-Sep,8,10.9,10-<12,31.7,20.8,0.6923,1.4807,2,0.6275,0.6604,2,1.7774,2.2512,3,-0.2826,14.8308,14.8308,0.0
2012-06-17,6,May-Sep,8,7.4,<8,27.4,20.0,1.0905,2.3848,2,0.2574,0.8412,2,1.2123,1.5619,3,1.7175,17.8275,14.8275,-3.0
2012-06-18,6,May-Sep,8,12.0,12-<15,26.9,14.9,-0.9406,1.6044,2,-1.4433,1.5143,2,0.123,0.5852,3,-1.8039,14.8239,14.8239,0.0
2012-06-19,6,May-Sep,8,11.7,10-<12,30.8,19.1,-0.4357,0.8593,2,-0.6895,0.6921,2,0.0902,0.3179,3,-0.8502,14.8203,14.8203,0.0
2012-06-20,6,May-Sep,8,8.2,8-<10,30.2,22.0,1.3115,1.9597,2,0.342,0.9023,2,2.7236,2.7246,3,1.6134,11.8169,14.8169,3.0
2012-06-21,6,May-Sep,8,9.3,8-<10,28.1,18.8,0.4521,1.585,2,-0.6288,0.635,2,0.3675,0.4326,3,1.122,14.8133,14.8133,0.0
2012-06-22,6,May-Sep,8,10.9,10-<12,27.6,16.7,-0.8323,1.3608,2,-1.9502,2.0281,2,-0.2142,0.4617,3,-0.9295,14.8097,14.8097,0.0
2012-06-23,6,May-Sep,8,11.7,10-<12,31.4,19.7,-0.1126,0.632,2,-0.6155,0.6355,2,0.6956,0.7234,3,-0.3701,14.8064,14.8064,0.0
2012-06-24,6,May-Sep,8,7.7,<8,29.9,22.2,2.3342,2.9685,2,1.7207,2.4701,2,4.3529,4.3866,3,1.0496,11.8031,14.8031,3.0
2012-06-25,6,May-Sep,8,6.4,<8,26.9,20.5,1.2502,2.2408,2,-0.3265,0.4981,2,3.5206,3.7976,3,0.8218,11.7994,14.7994,3.0
2012-06-26,6,May-Sep,8,10.1,10-<12,29.7,19.6,-0.1573,1.0033,2,-0.073,0.1031,2,0.0809,0.1394,3,-0.9418,14.7961,14.7961,0.0
2012-06-27,6,May-Sep,8,10.4,10-<12,32.9,22.5,-0.1139,0.5507,2,-0.1427,0.5702,2,0.1163,0.3012,3,-0.3888,14.7928,14.7928,0.0
2012-06-28,6,May-Sep,8,13.1,12-<15,36.2,23.1,0.5638,1.0171,2,0.2509,0.4123,2,1.3286,1.8148,3,0.3367,14.7894,14.7894,0.0
2012-06-29,6,May-Sep,8,9.9,8-<10,33.1,23.2,2.282,3.0782,2,0.2379,0.9176,2,4.9432,5.0156,3,1.8089,11.7864,14.7864,3.0
2012-06-30,6,May-Sep,8,4.3,<8,27.2,22.9,1.1426,1.7983,2,0.2712,1.2244,2,0.9301,1.0,3,1.5731,17.7831,14.7831,-3.0
2012-07-01,7,May-Sep,8,12.3,12-<15,30.4,18.1,-0.9024,1.452,2,-1.4283,1.4417,2,-0.1286,0.4398,3,-1.4466,14.78,14.78,0.0
2012-07-02,7,May-Sep,8,10.5,10-<12,33.0,22.5,1.176,1.7194,2,-0.0213,0.5324,2,1.6638,1.9263,3,1.9166,14.7769,14.7769,0.0
2012-07-03,7,May-Sep,8,11.5,10-<12,29.3,17.8,2.4464,4.3711,2,-1.0931,1.1584,2,8.1631,8.2705,3,1.5996,11.7739,14.7739,3.0
2012-07-04,7,May-Sep,8,6.9,<8,24.3,17.4,1.1106,1.9211,2,-0.945,0.9566,2,2.8479,2.9011,3,0.7741,8.7711,14.7711,6.0
2012-07-05,7,May-Sep,8,10.2,10-<12,27.2,17.0,0.0088,0.3928,2,-0.3505,0.3735,2,0.3296,0.3677,3,-0.1629,14.7683,14.7683,0.0
2012-07-06,7,May-Sep,8,6.5,<8,26.0,19.5,1.734,2.1788,2,1.0699,1.6938,2,2.5184,2.6495,3,1.63,14.7656,14.7656,0.0
2012-07-07,7,May-Sep,8,10.0,10-<12,25.8,15.8,-0.516,1.25,2,-0.1881,0.4592,2,0.7897,0.7957,3,-1.7167,14.7631,14.7631,0.0
2012-07-08,7,May-Sep,8,10.5,10-<12,29.3,18.8,0.1407,0.9944,2,-0.0615,0.305,2,0.8141,0.8755,3,-0.5081,14.7606,14.7606,0.0
2012-07-09,7,May-Sep,8,11.1,10-<12,32.4,21.3,0.0488,0.5011,2,0.2911,0.2962,2,0.2331,0.273,3,-0.4381,14.7581,14.7581,0.0
2012-07-10,7,May-Sep,8,10.0,10-<12,32.5,22.5,0.0333,1.1619,2,-0.8868,0.9563,2,1.9389,1.9397,3,-0.2474,11.7558,14.7558,3.0
2012-07-11,7,May-Sep,8,8.4,8-<10,31.4,23.0,0.3334,1.0031,2,-0.6015,0.9845,2,0.7704,0.9627,3,0.7354,14.7536,14.7536,0.0
2012-07-12,7,May-Sep,8,9.7,8-<10,29.2,19.5,2.53,3.3244,2,2.045,2.7439,2,5.3033,5.3772,3,0.7691,11.7517,14.7517,3.0
2012-07-13,7,May-Sep,8,8.3,8-<10,23.8,15.5,2.1729,4.1555,2,0.891,2.9899,2,6.0745,6.1023,3,-0.4921,2.7497,14.7497,-12.0
2012-07-14,7,May-Sep,8,9.7,8-<10,24.9,15.2,-0.1428,0.6219,2,-0.6409,0.7492,2,0.352,0.4258,3,-0.3303,14.7478,14.7478,0.0
2012-07-15,7,May-Sep,8,9.7,8-<10,26.7,17.0,0.5893,1.329,2,0.5409,0.9594,2,1.7511,1.9508,3,-0.4303,14.7464,14.7464,0.0
2012-07-16,7,May-Sep,8,9.5,8-<10,28.4,18.9,-0.0573,0.6425,2,-0.4823,0.5677,2,0.3106,0.321,3,-0.2201,14.7447,14.7447,0.0
2012-07-17,7,May-Sep,8,6.7,<8,27.2,20.5,-0.2482,1.0082,2,-1.1524,1.2813,2,0.9542,1.0199,3,-0.6101,14.7433,14.7433,0.0
2012-07-18,7,May-Sep,8,8.4,8-<10,30.5,22.1,0.7756,0.9043,2,0.4368,0.4793,2,1.0655,1.1289,3,0.5358,14.7422,14.7422,0.0
2012-07-19,7,May-Sep,8,10.0,10-<12,30.7,20.7,-0.4544,1.0353,2,-0.7079,0.8482,2,0.7814,0.8404,3,-1.1801,14.7411,14.7411,0.0
2012-07-20,7,May-Sep,8,9.9,8-<10,32.1,22.2,-0.1124,0.9571,2,-0.9552,1.0716,2,1.1353,1.1445,3,-0.3423,14.7403,14.7403,0.0
2012-07-21,7,May-Sep,8,7.6,<8,31.7,24.1,0.8351,1.8455,2,-0.9244,0.9661,2,2.3538,2.7704,3,1.3088,14.7394,14.7394,0.0
2012-07-22,7,May-Sep,8,10.2,10-<12,31.5,21.3,-0.5217,1.0348,2,-0.7707,0.7725,2,0.4167,0.6308,3,-1.0593,14.7389,14.7389,0.0
2012-07-23,7,May-Sep,8,8.4,8-<10,33.4,25.0,0.6351,1.0044,2,-0.3034,0.3114,2,0.8594,1.0882,3,1.2328,14.7383,14.7383,0.0
2012-07-24,7,May-Sep,8,8.2,8-<10,31.4,23.2,0.8141,1.5601,2,-0.623,0.702,2,2.7184,2.7214,3,0.7756,11.7381,14.7381,3.0
2012-07-25,7,May-Sep,8,9.2,8-<10,31.6,22.4,-0.1177,0.8811,2,-0.691,0.9002,2,1.0642,1.1132,3,-0.3773,11.7378,14.7378,3.0
2012-07-26,7,May-Sep,8,8.0,8-<10,32.6,24.6,0.3874,0.6039,2,0.0396,0.0964,2,0.5259,0.5427,3,0.4839,14.7381,14.7381,0.0
2012-07-27,7,May-Sep,8,9.0,8-<10,33.4,24.4,-0.1586,0.7056,2,-0.3831,0.439,2,0.5712,0.5715,3,-0.5694,14.7381,14.7381,0.0
2012-07-28,7,May-Sep,8,14.2,12-<15,31.9,17.7,2.7833,5.3789,2,1.8644,5.1096,2,6.3913,6.4189,3,-0.9762,14.7386,14.7386,0.0
2012-07-29,7,May-Sep,8,7.3,<8,27.2,19.9,-0.1721,0.5031,2,-0.5262,0.5535,2,0.4583,0.4629,3,-0.4498,14.7392,14.7392,0.0
2012-07-30,7,May-Sep,8,10.0,10-<12,30.3,20.3,-0.2517,0.651,2,-0.8774,0.8965,2,0.3611,0.4886,3,-0.3931,14.7397,14.7397,0.0
2012-07-31,7,May-Sep,8,11.3,10-<12,32.8,21.5,-0.1698,0.6373,2,-0.6207,0.6346,2,-0.0118,0.2011,3,0.1364,14.7406,14.7406,0.0
2012-08-01,8,May-Sep,8,9.6,8-<10,32.6,23.0,-0.1875,1.2417,2,-1.5383,1.712,2,1.4777,1.482,3,-0.0091,11.7417,14.7417,3.0
2012-08-02,8,May-Sep,8,8.3,8-<10,30.2,21.9,2.1366,3.6156,2,-0.6574,0.7846,2,2.5461,2.5588,3,4.0914,11.7431,14.7431,3.0
2012-08-03,8,May-Sep,8,10.1,10-<12,26.5,16.4,2.1584,3.2031,2,-0.6827,1.2077,2,5.4448,5.4637,3,1.7601,11.7444,14.7444,3.0
2012-08-04,8,May-Sep,8,9.1,8-<10,25.0,15.9,0.0602,0.9214,2,-0.6788,0.6788,2,0.7971,0.8232,3,-0.3218,14.7461,14.7461,0.0
2012-08-05,8,May-Sep,8,9.8,8-<10,26.6,16.8,-0.1142,0.7632,2,-0.1692,0.3471,2,-0.0946,0.1274,3,-0.4616,14.7478,14.7478,0.0
2012-08-06,8,May-Sep,8,10.7,10-<12,28.9,18.2,-0.2257,0.7146,2,-0.6633,0.8291,2,0.502,0.5096,3,-0.546,14.7497,14.7497,0.0
2012-08-07,8,May-Sep,8,12.3,12-<15,32.1,19.8,-0.2717,0.9795,2,-0.6432,0.7043,2,0.5084,0.5088,3,-1.0024,14.7519,14.7519,0.0
2012-08-08,8,May-Sep,8,10.7,10-<12,32.2,21.5,-0.1349,0.9985,2,-0.8296,1.2033,2,1.2947,1.3895,3,-0.618,14.7542,14.7542,0.0
2012-08-09,8,May-Sep,8,7.8,<8,29.2,21.4,0.8474,1.2609,2,0.9814,1.4356,2,1.706,1.7082,3,0.0384,14.7567,14.7567,0.0
2012-08-10,8,May-Sep,8,12.2,12-<15,32.9,20.7,-0.1008,0.7361,2,-1.0452,1.2063,2,0.2011,0.2196,3,0.427,14.7592,14.7592,0.0
2012-08-11,8,May-Sep,8,13.7,12-<15,31.4,17.7,4.0115,5.2152,2,1.0452,1.7279,2,8.31,8.3108,3,2.3072,14.7619,14.7619,0.0
2012-08-12,8,May-Sep,8,10.6,10-<12,25.9,15.3,-0.5419,0.9461,2,-1.0861,1.0956,2,0.5846,0.6158,3,-1.0239,14.765,14.765,0.0
2012-08-13,8,May-Sep,8,11.6,10-<12,28.2,16.6,-0.4316,1.1483,2,-1.0628,1.1877,2,0.2719,0.5855,3,-0.9495,14.7681,14.7681,0.0
2012-08-14,8,May-Sep,8,11.8,10-<12,30.2,18.4,-0.1741,1.4412,2,-0.9758,1.2299,2,1.6552,1.8676,3,-0.7641,14.7714,14.7714,0.0
2012-08-15,8,May-Sep,8,10.4,10-<12,32.2,21.8,-0.1946,0.9141,2,-1.2573,1.5613,2,0.5833,0.5904,3,0.1117,14.7747,14.7747,0.0
2012-08-16,8,May-Sep,8,10.5,10-<12,30.3,19.8,0.6506,1.9745,2,-0.7927,0.9737,2,3.0727,3.078,3,0.0696,11.7783,14.7783,3.0
2012-08-17,8,May-Sep,8,11.5,10-<12,31.3,19.8,0.3213,0.6946,2,-0.2726,0.2784,2,0.6577,0.6586,3,0.3093,14.7822,14.7822,0.0
2012-08-18,8,May-Sep,8,9.6,8-<10,29.5,19.9,-0.0973,0.7594,2,-0.8644,1.2757,2,0.5676,0.7399,3,-0.1517,14.7861,14.7861,0.0
2012-08-19,8,May-Sep,8,9.2,8-<10,27.5,18.3,0.4355,0.9725,2,0.6871,0.9902,2,0.4874,0.5246,3,0.1684,14.7903,14.7903,0.0
2012-08-20,8,May-Sep,8,12.1,12-<15,29.6,17.5,0.0414,0.7961,2,-0.8149,1.2267,2,0.7043,0.7132,3,0.1639,14.7944,14.7944,0.0
2012-08-21,8,May-Sep,8,14.7,12-<15,32.9,18.2,-0.1177,0.9655,2,-0.7894,0.8936,2,0.6867,0.7143,3,-0.5248,14.7986,14.7986,0.0
2012-08-22,8,May-Sep,8,15.1,15-<18,35.9,20.8,-0.2883,0.9215,2,-0.4118,0.4149,2,0.5542,0.5778,3,-0.5862,14.8031,14.8031,0.0
2012-08-23,8,May-Sep,8,8.1,8-<10,33.2,25.1,0.6321,1.4243,2,-0.8391,1.1034,2,1.3883,1.5517,3,1.3221,14.8078,14.8078,0.0
2012-08-24,8,May-Sep,8,12.4,12-<15,34.5,22.1,-0.2463,0.6254,2,-0.6881,1.0637,2,0.26,0.292,3,-0.1689,14.8125,14.8125,0.0
2012-08-25,8,May-Sep,8,15.2,15-<18,32.7,17.5,3.4507,6.4133,2,0.8231,4.4434,2,7.2232,7.2878,3,-0.2065,14.8175,14.8175,0.0
2012-08-26,8,May-Sep,8,10.8,10-<12,28.5,17.7,-0.1406,0.9886,2,-0.2624,0.3169,2,0.6498,0.6513,3,-0.9807,14.8225,14.8225,0.0
2012-08-27,8,May-Sep,8,8.8,8-<10,28.8,20.0,0.0623,0.623,2,-0.662,0.8666,2,0.7744,0.7747,3,0.1698,14.8275,14.8275,0.0
2012-08-28,8,May-Sep,8,11.9,10-<12,29.7,17.8,0.3928,1.1715,2,0.2606,0.4165,2,0.8146,0.8234,3,0.4126,14.8328,14.8328,0.0
2012-08-29,8,May-Sep,8,10.9,10-<12,27.2,16.3,1.4294,2.7535,2,-2.1181,2.1231,2,3.9741,3.9749,3,1.9698,11.8381,14.8381,3.0
2012-08-30,8,May-Sep,8,8.7,8-<10,21.8,13.1,0.5115,0.8748,2,-0.3563,0.3617,2,1.4153,1.4154,3,0.3345,14.8433,14.8433,0.0
2012-08-31,8,May-Sep,8,8.5,8-<10,21.7,13.2,-0.1419,0.5165,2,-0.4072,0.4598,2,0.4734,0.474,3,-0.3226,14.8489,14.8489,0.0
2012-09-01,9,May-Sep,8,15.4,15-<18,27.5,12.1,-0.8693,2.2988,2,-0.6246,1.0333,2,0.3955,0.4427,3,-2.3182,14.8544,14.8544,0.0
2012-09-02,9,May-Sep,8,10.3,10-<12,29.9,19.6,-0.4644,1.3968,2,-1.4848,1.6765,2,0.7379,0.8131,3,-1.0728,14.8603,14.8603,0.0
2012-09-03,9,May-Sep,8,13.1,12-<15,30.7,17.6,-1.2675,2.1427,2,-1.2942,1.8867,2,0.6358,0.6386,3,-2.7171,14.8658,14.8658,0.0
2012-09-04,9,May-Sep,8,11.6,10-<12,31.6,20.0,0.3132,1.078,2,-1.0757,1.0764,2,1.6827,1.6963,3,0.4396,11.8717,14.8717,3.0
2012-09-05,9,May-Sep,8,10.3,10-<12,28.5,18.2,1.3812,2.2412,2,-0.3121,0.4062,2,4.0671,4.0736,3,0.7847,11.8778,14.8778,3.0
2012-09-06,9,May-Sep,8,6.2,<8,23.2,17.0,1.5526,2.4606,2,0.5114,1.7944,2,2.4545,2.5956,3,0.6078,17.8836,14.8836,-3.0
2012-09-07,9,May-Sep,8,13.7,12-<15,28.4,14.7,-0.4899,1.1608,2,-1.0645,1.3146,2,0.5059,0.5059,3,-1.1705,14.8897,14.8897,0.0
2012-09-08,9,May-Sep,8,9.0,8-<10,25.9,16.9,1.2905,2.5079,2,-0.5628,0.6916,2,1.6905,1.7913,3,2.9258,11.8956,14.8956,3.0
2012-09-09,9,May-Sep,8,9.9,8-<10,22.3,12.4,1.1253,3.0598,2,0.4169,3.4851,2,2.4173,2.4336,3,-0.7677,14.9017,14.9017,0.0
2012-09-10,9,May-Sep,8,11.7,10-<12,24.6,12.9,-0.4142,0.9772,2,-1.0181,1.3641,2,0.3754,0.3833,3,-0.7862,14.9078,14.9078,0.0
2012-09-11,9,May-Sep,8,13.8,12-<15,27.7,13.9,-1.747,3.2041,2,-4.6944,4.7429,2,1.0578,1.0892,3,-2.0583,14.9142,14.9142,0.0
2012-09-12,9,May-Sep,8,6.8,<8,26.3,19.5,0.2239,0.8299,2,0.1007,0.1321,2,0.9313,1.0726,3,-0.3411,14.9203,14.9203,0.0
2012-09-13,9,May-Sep,8,10.2,10-<12,26.1,15.9,0.1362,1.2752,2,-0.8588,1.1305,2,1.814,1.8141,3,0.2692,11.9264,14.9264,3.0
2012-09-14,9,May-Sep,8,9.0,8-<10,25.1,16.1,0.0849,0.7474,2,-0.4135,0.5565,2,0.7994,0.9431,3,-0.2881,14.9325,14.9325,0.0
2012-09-15,9,May-Sep,8,8.8,8-<10,22.4,13.6,1.9827,4.0565,2,-1.4627,1.6571,2,5.708,5.9533,3,0.3229,8.9389,14.9389,6.0
2012-09-16,9,May-Sep,8,9.0,8-<10,21.2,12.2,-0.1005,0.4949,2,-0.031,0.199,2,0.2851,0.3072,3,-0.5256,14.945,14.945,0.0
2012-09-17,9,May-Sep,8,10.5,10-<12,23.6,13.1,0.0579,0.6448,2,-0.5383,0.9114,2,0.5574,0.7213,3,-0.0265,14.9511,14.9511,0.0
2012-09-18,9,May-Sep,8,11.3,10-<12,25.3,14.0,0.0136,0.9889,2,-0.3888,0.4942,2,1.3339,1.477,3,-0.5817,14.9572,14.9572,0.0
2012-09-19,9,May-Sep,8,6.0,<8,22.1,16.1,0.8225,1.0496,2,0.1945,0.2094,2,1.2586,1.2815,3,0.8014,14.9633,14.9633,0.0
2012-09-20,9,May-Sep,8,10.1,10-<12,24.5,14.4,0.0715,1.098,2,-0.3997,0.6403,2,0.9143,0.9214,3,0.1271,14.9694,14.9694,0.0
2012-09-21,9,May-Sep,8,11.4,10-<12,24.3,12.9,1.6162,2.9741,2,-0.404,0.7523,2,3.3948,3.5108,3,2.6717,11.9756,14.9756,3.0
2012-09-22,9,May-Sep,8,11.3,10-<12,18.1,6.8,3.8217,6.5646,2,-0.1355,3.7342,2,9.7349,9.793,3,0.7097,2.9817,14.9817,-12.0
2012-09-23,9,May-Sep,8,7.2,<8,13.4,6.2,-0.1806,0.708,2,-0.7967,1.0926,2,0.3738,0.4122,3,-0.2835,14.9875,14.9875,0.0
2012-09-24,9,May-Sep,8,7.6,<8,14.6,7.0,0.3181,0.9824,2,-1.027,1.1376,2,1.2772,1.3317,3,0.6219,14.9933,14.9933,0.0
2012-09-25,9,May-Sep,7,9.3,8-<10,15.2,5.9,-0.2281,0.9118,2,-0.8077,1.293,2,0.5125,0.6003,2,0.1075,14.9992,14.9992,0.0
2012-09-26,9,May-Sep,8,11.4,10-<12,18.7,7.3,0.2851,0.6319,2,-0.1656,0.449,2,0.5562,0.7194,3,0.364,15.005,15.005,0.0
2012-09-27,9,May-Sep,8,10.7,10-<12,20.5,9.8,0.4801,0.9727,2,-0.8118,0.8488,2,1.2046,1.2679,3,0.8433,15.0106,15.0106,0.0
2012-09-28,9,May-Sep,8,11.3,10-<12,23.1,11.8,-0.2672,1.0627,2,-1.3105,1.6909,2,0.7825,0.832,3,0.0348,15.0161,15.0161,0.0
2012-09-29,9,May-Sep,8,10.9,10-<12,24.9,14.0,-0.3408,2.33,2,-3.9988,4.0366,2,1.1548,1.3797,3,1.0273,15.0217,15.0217,0.0
2012-09-30,9,May-Sep,8,11.3,10-<12,23.4,12.1,-0.559,1.0308,2,-1.0366,1.3748,2,0.4506,0.4752,3,-0.8677,15.0272,15.0272,0.0
2012-10-01,10,Other,8,11.6,10-<12,20.5,8.9,2.4625,6.404,2,0.1057,2.7298,2,8.4557,8.6337,3,-2.0891,0.0325,15.0325,-9.0
2012-10-02,10,Other,8,4.7,<8,12.7,8.0,0.6625,1.1448,2,-0.3323,0.3365,2,1.1302,1.1377,3,0.4133,15.0375,15.0375,0.0
2012-10-03,10,Other,8,10.5,10-<12,17.0,6.5,0.2256,0.8209,2,-0.6745,1.1522,2,1.0867,1.1027,3,0.3177,15.0425,15.0425,0.0
2012-10-04,10,Other,8,13.6,12-<15,20.7,7.1,-0.1689,0.8348,2,-0.4728,0.6286,2,0.5554,0.5572,3,-0.4276,15.0475,15.0475,0.0
2012-10-05,10,Other,8,12.6,12-<15,20.9,8.3,-0.1249,1.7084,2,-1.721,2.5949,2,1.8923,1.9555,3,-0.0599,12.0522,15.0522,3.0
2012-10-06,10,Other,8,7.7,<8,15.9,8.2,1.5856,3.5641,2,-0.4171,0.4558,2,4.9414,5.0717,3,0.7409,12.0569,15.0569,3.0
2012-10-07,10,Other,8,8.9,8-<10,12.7,3.8,0.0939,0.9076,2,-1.1132,1.1996,2,0.6549,0.703,3,0.7255,15.0614,15.0614,0.0
2012-10-08,10,Other,8,10.5,10-<12,16.1,5.6,0.2882,1.0584,2,-0.7418,0.9677,2,1.1727,1.3524,3,0.8161,15.0658,15.0658,0.0
2012-10-09,10,Other,8,9.7,8-<10,16.0,6.3,0.1436,0.9147,2,-0.2964,0.6324,2,1.3977,1.4292,3,0.0042,12.07,15.07,3.0
2012-10-10,10,Other,8,10.2,10-<12,15.9,5.7,-0.2043,0.9218,2,-0.6224,1.096,2,0.6821,0.8359,3,-0.0632,15.0742,15.0742,0.0
2012-10-11,10,Other,8,9.9,8-<10,17.5,7.6,-0.0765,1.3134,2,-1.3384,2.0965,2,0.9543,1.1042,3,0.4909,15.0781,15.0781,0.0
2012-10-12,10,Other,8,9.8,8-<10,18.3,8.5,0.3576,1.4091,2,-1.2695,1.5256,2,1.7051,1.9311,3,0.9315,15.0817,15.0817,0.0
2012-10-13,10,Other,8,9.2,8-<10,16.9,7.7,0.1715,1.281,2,-1.1854,1.7956,2,1.3127,1.4944,3,0.6063,15.0853,15.0853,0.0
2012-10-14,10,Other,8,7.5,<8,14.0,6.5,0.8623,3.1976,2,-1.3855,1.5984,2,3.647,4.2327,3,0.8893,12.0886,15.0886,3.0
2012-10-15,10,Other,8,11.2,10-<12,10.6,-0.6,-0.675,1.5314,2,-2.1282,2.5243,2,0.1654,0.2119,3,-0.2617,15.0917,15.0917,0.0
2012-10-16,10,Other,8,9.9,8-<10,12.1,2.2,-0.0353,1.0438,2,-0.7102,1.0737,2,1.1553,1.3813,3,0.1275,12.0947,15.0947,3.0
2012-10-17,10,Other,8,10.6,10-<12,13.5,2.9,0.3821,0.9033,2,-0.1603,0.3231,2,0.9647,1.1189,3,0.8811,15.0975,15.0975,0.0
2012-10-18,10,Other,8,7.8,<8,12.3,4.5,-0.3069,1.0297,2,-1.1817,1.5613,2,0.884,0.9645,3,-0.1949,12.1003,15.1003,3.0
2012-10-19,10,Other,8,7.7,<8,9.2,1.5,0.2917,4.6625,2,-2.7101,4.0809,2,5.3392,5.6872,3,-2.7871,0.1025,15.1025,-9.0
2012-10-20,10,Other,8,6.3,<8,8.1,1.8,0.5664,1.0433,2,-0.3955,0.6426,2,1.5997,1.6492,3,0.2418,15.1047,15.1047,0.0
2012-10-21,10,Other,8,13.0,12-<15,13.9,0.9,0.0459,1.0141,2,-0.3981,0.5728,2,1.2913,1.2956,3,0.1585,12.1067,15.1067,3.0
2012-10-22,10,Other,8,10.8,10-<12,14.3,3.5,0.5262,1.3042,2,-0.5627,0.987,2,2.0467,2.0763,3,0.7082,12.1086,15.1086,3.0
2012-10-23,10,Other,8,11.7,10-<12,16.5,4.8,0.7571,1.6023,2,-0.1913,0.2581,2,2.5793,2.6075,3,1.0164,12.1103,15.1103,3.0
2012-10-24,10,Other,8,11.4,10-<12,18.0,6.6,-0.6006,2.4682,2,-4.1067,4.1277,2,1.8575,2.245,3,0.1052,15.1117,15.1117,0.0
2012-10-25,10,Other,8,8.4,8-<10,12.9,4.5,-0.3559,4.6636,2,-3.2797,3.3237,2,5.0182,5.1891,3,-2.3927,0.1128,15.1128,-9.0
2012-10-26,10,Other,7,7.8,<8,8.7,0.9,-0.1478,0.8686,2,-0.9338,1.2285,2,0.6368,0.9023,2,0.1486,15.1136,15.1136,0.0
2012-10-27,10,Other,8,10.5,10-<12,10.1,-0.4,-0.4586,1.3046,2,-0.4981,0.9925,2,0.4965,0.5801,3,-1.6615,15.1144,15.1144,0.0
2012-10-28,10,Other,8,6.9,<8,12.2,5.3,-0.0684,1.1315,2,-1.2423,1.5835,2,0.7892,0.9863,3,0.2116,15.115,15.115,0.0
2012-10-29,10,Other,8,9.1,8-<10,11.8,2.7,-0.4468,0.804,2,-0.5373,0.9285,2,0.3596,0.3615,3,-0.5978,12.115,15.115,3.0
2012-10-30,10,Other,8,8.4,8-<10,10.8,2.4,0.0668,1.0164,2,-0.6532,0.9228,2,1.4425,1.5803,3,0.0168,12.1153,15.1153,3.0
2012-10-31,10,Other,8,10.4,10-<12,13.2,2.8,-0.2686,1.8887,2,-1.4372,1.6504,2,2.6852,2.7987,3,-0.8446,12.115,15.115,3.0
2012-11-01,11,Other,8,8.6,8-<10,12.6,4.0,0.0841,2.3076,2,-2.156,2.7265,2,1.6084,1.6877,3,0.9417,12.1147,15.1147,3.0
2012-11-02,11,Other,8,11.5,10-<12,8.3,-3.2,1.6657,2.3928,2,-0.5248,0.8341,2,3.8349,3.8374,3,1.3568,15.1139,15.1139,0.0
2012-11-03,11,Other,8,7.5,<8,4.1,-3.4,-0.1989,1.2669,2,-0.6366,0.7108,2,1.391,1.476,3,-0.7159,12.1131,15.1131,3.0
2012-11-04,11,Other,8,7.0,<8,4.2,-2.8,-0.1917,0.9989,2,-0.9174,1.4179,2,0.8019,0.8087,3,0.0184,12.1119,15.1119,3.0
2012-11-05,11,Other,8,7.5,<8,6.2,-1.3,-0.1459,1.4587,2,-2.4649,2.4895,2,0.5347,0.5848,3,0.3887,15.1108,15.1108,0.0
2012-11-06,11,Other,8,11.3,10-<12,8.6,-2.7,-0.8284,2.46,2,-1.3375,1.4549,2,1.2913,1.4664,3,-2.1831,21.1092,15.1092,-6.0
2012-11-07,11,Other,8,10.4,10-<12,9.2,-1.2,0.1727,5.1503,2,-3.0239,4.5717,2,6.1538,6.1873,3,-2.556,9.1075,15.1075,6.0
2012-11-08,11,Other,8,7.1,<8,1.0,-6.1,1.4105,3.5221,2,-0.2084,1.4275,2,5.0785,5.0792,3,-0.4121,0.1056,15.1056,-9.0
2012-11-09,11,Other,8,6.7,<8,-3.1,-9.8,0.3394,1.2573,2,-0.8216,1.1385,2,1.7284,1.9629,3,0.4486,15.1033,15.1033,0.0
2012-11-10,11,Other,8,6.0,<8,-6.1,-12.1,-1.4654,2.2259,2,-1.52,1.5285,2,0.1177,0.1427,3,-2.8722,21.1008,15.1008,-6.0
2012-11-11,11,Other,8,9.6,8-<10,1.9,-7.7,0.6644,3.9751,2,-4.501,4.78,2,4.9959,5.2778,3,-0.092,6.0981,15.0981,9.0
2012-11-12,11,Other,8,3.4,<8,-3.8,-7.2,0.0546,0.5804,2,-0.5998,0.6209,2,0.705,0.713,3,-0.1084,15.0953,15.0953,0.0
2012-11-13,11,Other,8,6.7,<8,0.3,-6.4,-0.3645,1.9544,2,-3.0245,3.2191,2,2.1216,2.1334,3,-0.2082,12.0922,15.0922,3.0
2012-11-14,11,Other,8,5.7,<8,0.7,-5.0,0.4239,2.0613,2,-1.2516,1.2691,2,3.1017,3.2919,3,0.1883,12.0889,15.0889,3.0
2012-11-15,11,Other,8,11.3,10-<12,3.7,-7.6,0.4966,2.8153,2,-3.0371,3.6447,2,3.2645,3.3134,3,1.7872,12.0853,15.0853,3.0
2012-11-16,11,Other,8,7.7,<8,0.7,-7.0,0.5047,1.9144,2,-1.6548,2.2902,2,2.7366,2.7401,3,0.2734,15.0817,15.0817,0.0
2012-11-17,11,Other,8,6.0,<8,1.7,-4.3,-0.9908,2.3072,2,-3.5033,3.5219,2,1.6596,1.66,3,-1.4227,9.0778,15.0778,6.0
2012-11-18,11,Other,8,7.1,<8,2.1,-5.0,0.5676,1.9003,2,-0.5988,0.6338,2,3.4638,3.4911,3,-0.085,12.0736,15.0736,3.0
2012-11-19,11,Other,8,5.1,<8,-1.5,-6.6,-0.5456,1.0781,2,-1.1205,1.4653,2,0.6771,0.6815,3,-1.1651,15.0694,15.0694,0.0
2012-11-20,11,Other,8,2.6,<8,-2.4,-5.0,0.4228,0.9007,2,-0.5853,0.5853,2,1.5068,1.5068,3,0.5157,12.0647,15.0647,3.0
2012-11-21,11,Other,8,4.4,<8,-4.5,-8.9,-0.4475,2.2805,2,-2.6607,2.661,2,2.2191,2.442,3,-0.7536,12.06,15.06,3.0
2012-11-22,11,Other,8,10.9,10-<12,-2.4,-13.3,0.7873,3.8963,2,-2.5329,2.8582,2,5.1603,5.9005,3,0.943,12.0553,15.0553,3.0
2012-11-23,11,Other,8,7.4,<8,-7.9,-15.3,-0.2705,2.0064,2,-2.7902,2.8226,2,2.3226,2.4193,3,-0.3534,12.05,15.05,3.0
2012-11-24,11,Other,8,8.7,8-<10,-3.2,-11.9,-1.8285,2.3406,2,-3.0324,3.0974,2,0.0511,0.3521,3,-2.39,15.0447,15.0447,0.0
2012-11-25,11,Other,8,10.2,10-<12,1.6,-8.6,-0.175,2.3048,2,-2.7109,3.0897,2,2.7532,2.8083,3,0.1966,12.0394,15.0394,3.0
2012-11-26,11,Other,7,15.4,15-<18,3.3,-12.1,0.7787,4.9744,2,-1.1115,1.2495,2,7.4174,7.4206,3,-2.3871,0.0339,15.0339,-9.0
2012-11-27,11,Other,8,7.9,<8,-3.2,-11.1,0.9952,3.579,2,-2.4527,2.5308,2,5.3579,5.3641,3,0.999,12.0281,15.0281,3.0
2012-11-28,11,Other,8,6.1,<8,-7.6,-13.7,-0.0457,1.8303,2,-1.573,1.5946,2,2.5458,2.5692,3,-0.366,12.0222,15.0222,3.0
2012-11-29,11,Other,8,6.6,<8,-8.8,-15.4,-0.7553,1.7865,2,-1.242,1.8393,2,0.4807,0.577,3,-1.3902,21.0161,15.0161,-6.0
2012-11-30,11,Other,8,9.9,8-<10,-0.8,-10.7,-1.5315,4.238,2,-6.6812,6.6968,2,4.0473,4.182,3,-1.564,12.0097,15.0097,3.0
2012-12-01,12,Other,9,4.8,<8,-4.9,-9.7,0.5418,2.0564,2,-1.9616,1.9853,2,3.2191,3.5434,4,0.0696,6.0033,15.0033,9.0
2012-12-02,12,Other,8,9.1,8-<10,-3.7,-12.8,1.3865,2.3914,2,-0.3296,0.7494,2,2.6052,3.6144,3,1.8216,14.9969,14.9969,0.0
2012-12-03,12,Other,8,10.4,10-<12,-4.1,-14.5,-1.6897,2.3676,2,-2.7448,2.7492,2,-0.7135,1.3226,3,-2.3418,14.9903,14.9903,0.0
2012-12-04,12,Other,8,9.8,8-<10,0.9,-8.9,2.0577,4.6769,2,-2.8079,2.8351,2,6.7669,6.769,3,3.294,11.9836,14.9836,3.0
2012-12-05,12,Other,8,15.8,15-<18,2.4,-13.4,-0.0296,1.7715,2,-0.2799,1.0051,2,0.6348,1.3267,3,-0.8418,14.9767,14.9767,0.0
2012-12-06,12,Other,8,7.8,<8,-0.8,-8.6,1.1575,3.5755,2,-2.785,2.9193,2,4.6322,4.7686,3,1.9379,11.9697,14.9697,3.0
2012-12-07,12,Other,8,7.2,<8,-7.3,-14.5,-0.2555,1.3614,2,-1.24,1.5336,2,1.2623,1.9892,3,-0.3616,11.9625,14.9625,3.0
2012-12-08,12,Other,8,8.2,8-<10,-3.8,-12.0,-0.5752,2.395,2,-2.3817,2.5449,2,3.134,3.1342,3,-1.8081,11.9556,14.9556,3.0
2012-12-09,12,Other,8,13.2,12-<15,1.0,-12.2,-1.2279,4.4813,2,-6.5553,7.1,2,4.3877,4.9489,3,-1.084,11.9481,14.9481,3.0
2012-12-10,12,Other,8,14.4,12-<15,3.5,-10.9,-2.0386,3.6472,2,-5.7946,5.9457,2,0.9861,1.2165,3,-1.2698,11.9408,14.9408,3.0
2012-12-11,12,Other,8,13.3,12-<15,-0.4,-13.7,0.0693,4.1368,2,-5.4864,5.6317,2,5.5825,5.8402,3,0.4568,11.9333,14.9333,3.0
2012-12-12,12,Other,8,3.8,<8,-7.4,-11.2,0.7026,1.699,2,-0.9084,1.2072,2,2.8105,2.8373,3,0.0513,5.9258,14.9258,9.0
2012-12-13,12,Other,8,2.4,<8,-9.2,-11.6,0.2727,1.615,2,-1.7006,1.7226,2,1.2416,1.3548,3,1.2194,11.9183,14.9183,3.0
2012-12-14,12,Other,8,4.8,<8,-11.6,-16.4,0.4441,2.3024,2,-2.4072,2.4914,2,3.4849,3.4868,3,0.0078,5.9106,14.9106,9.0
2012-12-15,12,Other,8,3.8,<8,-14.5,-18.3,0.0747,1.9603,2,-2.0727,2.0766,2,1.9143,2.122,3,0.4231,11.9031,14.9031,3.0
2012-12-16,12,Other,8,7.0,<8,-13.4,-20.4,-0.8232,2.2399,2,-1.4893,1.8866,2,1.5581,1.5592,3,-2.056,23.8875,14.8953,-8.9922
2012-12-17,12,Other,8,6.1,<8,-11.1,-17.2,1.1506,3.5576,2,-2.6987,2.7015,2,3.875,3.885,3,2.5549,11.8875,14.8875,3.0
2012-12-18,12,Other,8,6.8,<8,-15.0,-21.8,-0.5243,1.4572,2,-1.7154,1.8097,2,1.0888,1.4074,3,-0.874,14.8797,14.8797,0.0
2012-12-19,12,Other,8,2.2,<8,-17.0,-19.2,0.4712,1.3801,2,-0.7777,0.7835,2,1.2723,1.2744,3,0.9349,2.8719,14.8719,-12.0
2012-12-20,12,Other,8,4.5,<8,-16.3,-20.8,0.3098,0.9719,2,-0.704,0.8327,2,1.2839,1.6191,3,0.3339,14.8639,14.8639,0.0
2012-12-21,12,Other,8,8.7,8-<10,-14.8,-23.5,-0.2103,2.2625,2,-1.4317,1.4625,2,3.5092,3.6025,3,-1.4486,11.8561,14.8561,3.0
2012-12-22,12,Other,8,10.2,10-<12,-18.8,-29.0,1.2211,3.0985,2,-0.5089,0.6223,2,5.4257,5.4797,3,-0.8768,23.8406,14.8483,-8.9923
2012-12-23,12,Other,8,8.4,8-<10,-18.1,-26.5,-3.4655,5.1482,2,-3.9603,4.0812,2,0.4044,1.1618,3,-6.1617,23.8328,14.8406,-8.9922
2012-12-24,12,Other,8,14.6,12-<15,-4.8,-19.4,-0.5269,4.1234,2,-1.2952,1.3128,2,2.5393,3.2647,3,-4.4561,14.8328,14.8328,0.0
2012-12-25,12,Other,7,16.0,15-<18,-1.6,-17.6,0.955,6.1433,2,-1.6321,2.9861,2,4.5734,7.5536,2,-3.919,17.825,14.825,-3.0
2012-12-26,12,Other,8,17.4,15-<18,-1.1,-18.5,-0.2614,4.7256,2,-4.1196,6.2754,2,5.4589,5.6952,3,-2.4615,14.8172,14.8172,0.0
2012-12-27,12,Other,8,6.6,<8,-9.2,-15.8,1.0109,2.4521,2,-1.3191,1.3192,2,3.8412,3.8569,3,1.093,11.8094,14.8094,3.0
2012-12-28,12,Other,8,7.4,<8,-9.6,-17.0,1.0927,2.4976,2,-0.7316,1.1877,2,3.4969,4.0312,3,1.696,11.8019,14.8019,3.0
2012-12-29,12,Other,8,8.6,8-<10,-14.6,-23.2,-1.066,2.917,2,-3.3747,3.597,2,2.1549,2.1982,3,-2.2834,23.7867,14.7942,-8.9925
2012-12-30,12,Other,8,11.6,10-<12,-8.6,-20.2,-2.2253,4.4636,2,-5.779,6.0571,2,3.8964,3.9157,3,-3.9679,11.7867,14.7867,3.0
2012-12-31,12,Other,8,14.5,12-<15,-4.0,-18.5,1.8601,7.1993,2,-5.9389,5.9628,2,10.8034,10.8057,3,2.9851,11.7792,14.7792,3.0
2013-01-01,1,Other,7,9.8,8-<10,-10.8,-20.6,-2.1527,3.3322,2,-2.5693,2.8385,2,1.1695,1.1893,2,-5.1805,20.7792,14.7792,-6.0
2013-01-03,1,Other,8,5.3,<8,-13.8,-19.1,-0.2814,1.3139,2,-0.5907,0.9021,2,1.5174,1.5342,3,-1.1083,11.7644,14.7644,3.0
2013-01-04,1,Other,8,9.2,8-<10,-7.9,-17.1,-0.7136,2.6959,2,-3.3497,3.4337,2,2.7071,3.7008,3,-1.0251,14.7572,14.7572,0.0
2013-01-05,1,Other,8,6.7,<8,-9.5,-16.2,-1.4886,2.2799,2,-3.3214,3.3467,2,1.2579,1.2694,3,-2.1589,11.75,14.75,3.0
2013-01-07,1,Other,8,6.0,<8,-12.4,-18.4,0.538,1.5527,2,-0.8032,1.2309,2,2.1977,2.3423,3,0.8718,11.7361,14.7361,3.0
2013-01-08,1,Other,8,5.5,<8,-13.6,-19.1,-0.1511,1.5302,2,-1.7763,1.8396,2,2.0595,2.0774,3,-0.4409,11.7292,14.7292,3.0
2013-01-09,1,Other,8,13.9,12-<15,-3.9,-17.8,-0.9461,4.7629,2,-4.653,5.8926,2,5.4897,5.5947,3,-2.9208,11.7225,14.7225,3.0
2013-01-11,1,Other,8,12.2,12-<15,-5.7,-17.9,0.1282,4.0746,2,-5.4766,5.9975,2,4.6517,4.7415,3,1.3493,11.7094,14.7094,3.0
2013-01-13,1,Other,8,14.2,12-<15,-2.1,-16.3,-5.6579,6.9802,2,-9.9573,9.9715,2,-0.4096,0.7867,3,-7.0512,14.6969,14.6969,0.0
2013-01-15,1,Other,8,7.2,<8,-9.9,-17.1,-0.0855,1.9443,2,-1.7127,2.2147,2,2.643,2.6465,3,-0.2596,11.6853,14.6853,3.0
2013-01-16,1,Other,8,12.2,12-<15,-2.2,-14.4,-1.5083,2.4283,2,-2.2338,2.3396,2,0.0406,1.1241,3,-3.0374,14.6794,14.6794,0.0
2013-01-17,1,Other,8,4.8,<8,-7.4,-12.2,-1.0607,2.364,2,-2.8336,2.8488,2,0.7684,0.7898,3,-2.4378,20.6739,14.6739,-6.0
2013-01-19,1,Other,8,9.4,8-<10,-5.6,-15.0,-0.0489,2.4297,2,-2.8601,3.0187,2,3.3713,3.3848,3,0.0678,11.6633,14.6633,3.0
2013-01-20,1,Other,8,5.0,<8,-12.6,-17.6,0.3217,1.9208,2,-0.1074,0.2058,2,2.1061,2.1481,3,-0.976,2.6583,14.6583,-12.0
2013-01-21,1,Other,8,13.9,12-<15,-3.0,-16.9,-2.0577,4.625,2,-3.4715,3.9169,2,2.2477,2.3278,3,-4.9541,23.6486,14.6533,-8.9953
2013-01-22,1,Other,8,10.8,10-<12,-3.6,-14.4,0.7801,3.849,2,-1.1937,1.8639,2,4.0401,4.0408,3,-1.2441,2.6486,14.6486,-12.0
2013-01-23,1,Other,8,9.4,8-<10,-4.6,-14.0,-1.4025,2.9979,2,-3.9173,4.0228,2,1.4969,2.7191,3,-2.0276,20.6442,14.6442,-6.0
2013-01-25,1,Other,8,11.2,10-<12,-0.9,-12.1,-1.7242,3.0268,2,-4.5764,4.6575,2,2.0203,2.2373,3,-2.2886,14.6358,14.6358,0.0
2013-01-26,1,Other,8,7.9,<8,-0.1,-8.0,-0.833,2.2406,2,-1.1788,1.2773,2,1.5234,2.0337,3,-2.4736,20.6319,14.6319,-6.0
2013-01-28,1,Other,8,14.4,12-<15,5.0,-9.4,-0.6009,4.3182,2,-5.8583,6.1915,2,4.0136,4.3859,3,-0.7643,14.6247,14.6247,0.0
2013-02-02,2,Other,8,9.1,8-<10,-7.8,-16.9,0.2275,1.1399,2,-1.1007,1.4591,2,1.2432,1.3717,3,0.2183,14.6103,14.6103,0.0
2013-02-03,2,Other,8,16.9,15-<18,2.8,-14.1,-1.6114,4.4986,2,-5.4223,5.6723,2,4.9781,5.3121,3,-2.5194,11.6081,14.6081,3.0
2013-02-04,2,Other,8,6.2,<8,-4.8,-11.0,0.4578,1.6787,2,-0.252,0.8778,2,2.1412,2.349,3,-0.8155,14.6061,14.6061,0.0
2013-02-05,2,Other,8,9.5,8-<10,-0.4,-9.9,-0.7729,3.0121,2,-3.4199,3.5884,2,3.5239,3.7106,3,-1.731,11.6044,14.6044,3.0
2013-02-06,2,Other,8,5.0,<8,-2.2,-7.2,-0.7457,1.8393,2,-2.0303,2.252,2,1.7162,1.7363,3,-1.3747,11.6028,14.6028,3.0
2013-02-12,2,Other,8,16.5,15-<18,-2.8,-19.3,-1.8604,3.0482,2,-4.0744,4.0749,2,0.6263,0.6331,3,-1.3913,14.5978,14.5978,0.0
2013-02-14,2,Other,8,6.3,<8,-12.7,-19.0,0.6653,1.7445,2,-0.523,0.6076,2,2.3776,2.5431,3,0.8717,11.5978,14.5978,3.0
2013-02-15,2,Other,8,15.3,15-<18,-3.7,-19.0,-0.7038,3.7136,2,-4.5957,4.7998,2,4.3712,4.5996,3,-0.9911,11.5981,14.5981,3.0
2013-02-18,2,Other,8,6.6,<8,-16.5,-23.1,0.1987,1.0963,2,-0.838,0.9894,2,1.42,1.7632,3,0.3544,14.6003,14.6003,0.0
2013-02-19,2,Other,8,10.3,10-<12,-11.1,-21.4,0.6025,2.6345,2,-2.5168,2.7716,2,3.6524,3.9084,3,1.3472,11.6017,14.6017,3.0
2013-02-20,2,Other,8,8.9,8-<10,-11.5,-20.4,-0.6325,1.8224,2,-2.3518,2.8062,2,1.2311,1.2386,3,-0.3362,11.6031,14.6031,3.0
2013-02-21,2,Other,8,9.2,8-<10,-8.0,-17.2,1.1132,2.6827,2,-1.8484,2.4032,2,3.4623,3.733,3,2.1498,11.6044,14.6044,3.0
2013-02-22,2,Other,8,11.0,10-<12,-5.7,-16.7,-1.9233,3.3292,2,-3.0189,3.24,2,1.0664,1.7551,3,-2.9888,11.6061,14.6061,3.0
2013-02-23,2,Other,8,11.3,10-<12,2.2,-9.1,0.9748,4.402,2,-3.9594,4.2076,2,6.6495,7.0007,3,1.3294,11.6081,14.6081,3.0
2013-02-24,2,Other,8,15.4,15-<18,6.2,-9.2,-0.2539,3.427,2,-3.8891,3.895,2,5.0662,5.0889,3,-0.5678,11.6103,14.6103,3.0
2013-02-25,2,Other,8,7.6,<8,0.6,-7.0,0.1394,1.8324,2,-1.7651,2.4293,2,2.3222,2.4398,3,0.4008,11.6125,14.6125,3.0
2013-02-26,2,Other,8,4.2,<8,-2.1,-6.3,0.3902,1.0654,2,-0.474,0.4779,2,1.9062,1.9147,3,0.2665,11.615,14.615,3.0
2013-03-02,3,Other,8,17.5,15-<18,8.2,-9.3,0.5205,6.019,2,-5.7037,8.392,2,7.1214,7.3902,3,-0.155,8.6267,14.6267,6.0
2013-03-04,3,Other,8,10.0,10-<12,4.0,-6.0,-1.4125,2.7995,2,-3.3147,3.9651,2,0.6276,0.6731,3,-1.9205,14.6336,14.6336,0.0
2013-03-05,3,Other,8,10.7,10-<12,11.0,0.3,-0.862,2.7406,2,-2.094,2.1999,2,2.3319,2.5625,3,-1.7544,11.6372,14.6372,3.0
2013-03-06,3,Other,7,15.6,15-<18,12.9,-2.7,0.1315,8.5852,1,-0.3855,0.3855,2,11.8697,11.9028,3,-8.0024,23.6447,14.6408,-9.0039
2013-03-09,3,Other,8,5.9,<8,-2.3,-8.2,-0.14,1.6134,2,-0.9174,1.2759,2,1.5166,1.7798,3,-1.2608,14.6531,14.6531,0.0
2013-03-10,3,Other,8,4.5,<8,-1.7,-6.2,-0.6757,1.3218,2,-2.067,2.067,2,1.0208,1.0851,3,-0.901,11.6572,14.6572,3.0
2013-03-11,3,Other,8,3.8,<8,-0.8,-4.6,0.0071,0.6532,2,-0.6649,0.8239,2,0.673,0.7739,3,0.0286,14.6617,14.6617,0.0
2013-03-12,3,Other,8,6.6,<8,2.3,-4.3,-0.4069,1.7098,2,-1.8193,2.3119,2,1.8206,1.8978,3,-0.8674,11.6661,14.6661,3.0
2013-03-13,3,Other,8,6.3,<8,4.2,-2.1,-0.0455,1.1688,2,-0.9525,1.0982,2,1.594,1.5977,3,-0.29,11.6706,14.6706,3.0
2013-03-14,3,Other,8,6.0,<8,5.8,-0.2,-0.4345,1.2244,2,-0.837,0.9357,2,1.2172,1.229,3,-1.179,11.6753,14.6753,3.0
2013-03-15,3,Other,8,9.8,8-<10,12.8,3.0,0.3869,0.9309,2,-0.456,0.6378,2,0.9957,1.2263,3,0.773,14.68,14.68,0.0
2013-03-16,3,Other,8,9.4,8-<10,12.7,3.3,0.3768,0.9564,2,-0.0507,0.4795,2,1.0766,1.2817,3,0.6872,14.685,14.685,0.0
2013-03-17,3,Other,8,9.7,8-<10,13.6,3.9,0.4894,1.2167,2,-0.8306,1.0898,2,1.5574,1.7869,3,0.6683,14.69,14.69,0.0
2013-03-18,3,Other,8,8.8,8-<10,11.2,2.4,0.301,1.0433,2,-0.2621,0.2622,2,1.5737,1.8079,3,0.0072,14.695,14.695,0.0
2013-03-19,3,Other,8,11.4,10-<12,14.3,2.9,-0.2931,1.051,2,-1.3985,1.6151,2,0.9412,0.9433,3,-0.3241,14.7,14.7,0.0
2013-03-20,3,Other,8,10.7,10-<12,14.5,3.8,-0.3729,1.399,2,-0.646,1.0516,2,1.2933,1.3908,3,-1.5617,14.705,14.705,0.0
2013-03-21,3,Other,8,9.6,8-<10,17.1,7.5,0.2909,0.5969,2,-0.3665,0.4835,2,0.6731,0.8319,3,0.4545,14.7103,14.7103,0.0
2013-03-22,3,Other,8,10.0,10-<12,16.7,6.7,-0.16,1.1035,2,-1.1758,1.6297,2,1.1471,1.203,3,-0.0369,14.7156,14.7156,0.0
2013-03-23,3,Other,8,9.7,8-<10,15.6,5.9,-0.4988,1.0968,2,-0.7591,1.2541,2,0.4202,0.5371,3,-0.6932,14.7208,14.7208,0.0
2013-03-24,3,Other,8,7.3,<8,11.8,4.5,0.2455,2.2749,2,-0.475,2.7902,2,0.9399,0.9412,3,-0.7414,14.7261,14.7261,0.0
2013-03-25,3,Other,8,10.6,10-<12,15.0,4.4,0.1115,0.9345,2,-0.6047,0.7555,2,1.1613,1.3437,3,0.2841,14.7314,14.7314,0.0
2013-03-26,3,Other,8,11.1,10-<12,16.3,5.2,-0.4646,1.1362,2,-0.5407,0.669,2,0.7288,0.7683,3,-1.2805,14.7367,14.7367,0.0
2013-03-27,3,Other,8,10.8,10-<12,19.7,8.9,-0.0913,1.0207,2,-0.8251,1.3471,2,1.1518,1.2421,3,-0.07,14.7419,14.7419,0.0
2013-03-29,3,Other,8,10.2,10-<12,17.2,7.0,-0.246,0.9826,2,-1.3977,1.6686,2,0.3972,0.503,3,-0.0815,14.7528,14.7528,0.0
2013-03-30,3,Other,8,11.5,10-<12,19.2,7.7,-0.7815,1.2555,2,-0.9268,1.335,2,0.4097,0.5212,3,-1.49,14.7581,14.7581,0.0
2013-03-31,3,Other,8,13.6,12-<15,23.7,10.1,-1.3002,2.6079,2,-1.0951,1.5977,2,0.518,0.6982,3,-2.9769,14.7633,14.7633,0.0
2013-04-03,4,Other,8,4.8,<8,3.0,-1.8,-0.0996,1.8269,2,0.0137,1.8279,2,0.4237,0.6344,3,-1.6357,17.7792,14.7792,-3.0
2013-04-04,4,Other,8,8.2,8-<10,7.2,-1.0,-1.0052,1.4967,2,-1.6888,1.8558,2,0.1441,0.6649,3,-1.7632,17.7842,14.7842,-3.0
2013-04-05,4,Other,8,11.7,10-<12,13.7,2.0,-0.2708,1.0129,2,-0.8088,1.213,2,0.3088,0.3195,3,-0.6328,14.7894,14.7894,0.0
2013-04-06,4,Other,8,9.9,8-<10,13.6,3.7,-0.174,1.1597,2,-0.9092,1.2574,2,0.8823,0.8869,3,-0.8012,14.7944,14.7944,0.0
2013-04-07,4,Other,8,10.1,10-<12,14.4,4.3,-0.083,1.0136,2,-0.6504,0.8896,2,0.8207,0.9255,3,-0.417,14.7994,14.7994,0.0
2013-04-08,4,Other,8,11.7,10-<12,16.0,4.3,-0.7278,1.5173,2,-1.3477,1.6914,2,0.5652,0.5658,3,-1.5811,14.8044,14.8044,0.0
2013-04-09,4,Other,8,10.4,10-<12,18.9,8.5,-0.3125,0.9175,2,-1.4025,1.4734,2,0.6042,0.6795,3,-0.343,14.8094,14.8094,0.0
2013-04-10,4,Other,8,12.2,12-<15,20.0,7.8,-0.0194,0.7205,2,-0.6019,0.8286,2,0.7861,0.7933,3,-0.12,14.8142,14.8142,0.0
2013-04-11,4,Other,8,11.8,10-<12,21.4,9.6,-0.036,0.7011,2,-0.8678,1.2667,2,0.1648,0.209,3,0.2989,14.8189,14.8189,0.0
2013-04-12,4,Other,8,15.2,15-<18,25.7,10.5,-0.7373,1.65,2,-2.1635,2.9835,2,0.2913,0.353,3,-0.5423,14.8236,14.8236,0.0
2013-04-13,4,Other,8,14.3,12-<15,26.7,12.4,-0.3878,0.9142,2,-0.5355,0.7374,2,0.4537,0.4746,3,-0.4271,14.8281,14.8281,0.0
2013-04-15,4,Other,8,12.1,12-<15,23.4,11.3,-0.1649,0.9669,2,-1.277,1.3137,2,1.0537,1.1133,3,-0.37,14.8369,14.8369,0.0
2013-04-17,4,Other,8,6.8,<8,13.1,6.3,0.3768,1.2296,2,1.0725,1.6902,2,0.505,0.5164,3,-0.6853,14.8453,14.8453,0.0
2013-04-19,4,Other,8,3.0,<8,7.2,4.2,-0.0701,0.7388,2,-0.0196,0.0579,2,1.0048,1.1197,3,-0.7199,11.8533,14.8533,3.0
2013-04-20,4,Other,8,9.6,8-<10,13.1,3.5,-0.1825,0.7858,2,-0.3592,0.3611,2,0.5272,0.5431,3,-0.8665,14.8572,14.8572,0.0
2013-04-21,4,Other,8,10.2,10-<12,15.6,5.4,-0.5793,1.3474,2,-0.9083,0.9866,2,0.1903,0.7317,3,-1.2068,17.8608,14.8608,-3.0
2013-04-22,4,Other,8,18.5,18-<20,18.5,0.0,-4.3975,5.5315,2,-7.228,7.3705,2,0.0573,0.7394,3,-6.5326,14.8642,14.8642,0.0
2013-04-23,4,Other,8,13.8,12-<15,22.3,8.5,-0.4484,1.0617,2,-0.495,0.5709,2,0.213,0.9086,3,-1.14,14.8678,14.8678,0.0
2013-04-24,4,Other,8,14.5,12-<15,26.3,11.8,-0.5178,1.369,2,-0.5138,0.7903,2,-0.179,0.8934,3,-1.1543,14.8708,14.8708,0.0
2013-04-25,4,Other,8,9.9,8-<10,23.7,13.8,-0.562,1.0695,2,-0.7753,0.8424,2,0.6175,0.7821,3,-1.4311,14.8742,14.8742,0.0
2013-04-27,4,Other,8,10.4,10-<12,21.0,10.6,0.1965,0.9764,2,-0.8327,1.0387,2,0.94,1.0852,3,0.2662,14.8797,14.8797,0.0
2013-04-29,4,Other,8,2.8,<8,13.5,10.7,0.3547,1.4294,2,-0.3292,1.4977,2,1.0234,1.485,3,-0.2139,17.885,14.885,-3.0
2013-04-30,4,Other,8,6.5,<8,16.8,10.3,-0.3491,0.9022,2,-0.9854,1.0045,2,0.2915,0.7649,3,-0.7536,17.8875,14.8875,-3.0
2013-05-06,5,May-Sep,8,10.0,10-<12,18.5,8.5,0.9683,2.2133,2,-1.5812,1.7229,2,1.9848,2.1736,3,2.1142,14.8983,14.8983,0.0
2013-06-09,6,May-Sep,8,11.8,10-<12,29.4,17.6,-2.2631,3.1131,2,-3.1564,3.3678,2,-0.0358,0.3345,3,-3.9975,14.8575,14.8575,0.0
2013-06-21,6,May-Sep,8,8.8,8-<10,24.4,15.6,-0.1355,0.4085,2,-0.5257,0.7807,2,-0.0076,0.0085,3,0.0802,14.8169,14.8169,0.0
2013-07-10,7,May-Sep,8,12.2,12-<15,28.8,16.6,-0.5278,1.1884,2,-0.8476,1.1985,2,-0.073,0.3706,3,-0.5947,14.7581,14.7581,0.0
2013-09-02,9,May-Sep,8,10.4,10-<12,22.2,11.8,-0.0096,0.9298,2,-0.9043,1.2332,2,0.4879,0.4997,3,-0.0759,14.8544,14.8544,0.0
2013-11-14,11,Other,8,10.0,10-<12,7.4,-2.6,1.1934,1.9986,2,-0.3426,0.741,2,3.6391,3.6951,3,1.0241,12.0922,15.0922,3.0
2013-11-15,11,Other,8,9.1,8-<10,7.2,-1.9,0.9494,2.0644,2,-0.4648,0.8788,2,3.3053,3.4553,3,1.0158,12.0889,15.0889,3.0
2013-11-16,11,Other,8,6.6,<8,3.3,-3.3,-0.0545,1.3638,2,-1.0624,1.3552,2,2.1324,2.1584,3,-0.6302,12.0853,15.0853,3.0
2013-11-18,11,Other,8,8.2,8-<10,5.4,-2.8,0.2468,1.5761,2,-1.3161,1.3974,2,2.2697,2.3181,3,0.5135,12.0778,15.0778,3.0
2013-11-19,11,Other,8,10.5,10-<12,10.0,-0.5,0.5225,1.7536,2,-0.7392,0.9494,2,2.3155,2.4906,3,1.148,12.0736,15.0736,3.0
2013-11-23,11,Other,8,11.1,10-<12,3.8,-7.3,0.7004,1.3043,2,-0.6633,0.6663,2,2.1839,2.2371,3,0.6649,15.0553,15.0553,0.0
2013-11-24,11,Other,8,8.6,8-<10,1.2,-7.4,0.4323,1.5462,2,-0.375,0.7644,2,2.3142,2.3944,3,0.3785,12.05,15.05,3.0
2013-11-25,11,Other,8,8.6,8-<10,0.8,-7.8,0.6151,1.6156,2,-0.4418,0.7744,2,2.8143,2.8143,3,0.5823,12.0447,15.0447,3.0
2013-11-27,11,Other,8,7.6,<8,-2.0,-9.6,0.2553,2.4117,2,-2.6648,2.9733,2,3.1469,3.1793,3,0.812,12.0339,15.0339,3.0
2013-11-28,11,Other,8,10.0,10-<12,0.8,-9.2,-0.0606,2.7538,2,-3.2174,3.835,2,3.4309,3.431,3,0.4168,12.0281,15.0281,3.0
2013-11-29,11,Other,8,8.8,8-<10,2.3,-6.5,-0.0403,1.3559,2,-1.3897,1.9071,2,1.0899,1.5414,3,0.1201,15.0222,15.0222,0.0
2013-11-30,11,Other,8,9.6,8-<10,2.1,-7.5,-0.7203,3.511,2,-2.7883,3.4048,2,1.7355,3.1798,3,-2.7858,18.0161,15.0161,-3.0
2013-12-01,12,Other,8,14.4,12-<15,8.4,-6.0,-0.1061,3.4262,2,-3.509,3.5104,2,4.0552,4.6401,3,-0.2385,15.0097,15.0097,0.0
2013-12-02,12,Other,9,8.5,8-<10,2.8,-5.7,-0.8186,1.9904,2,-1.6122,2.3601,2,1.1827,1.3832,4,-1.1632,12.0033,15.0033,3.0
2013-12-06,12,Other,8,3.1,<8,-2.1,-5.2,-0.8045,1.3159,2,-1.6204,1.6253,2,0.5448,0.6503,3,-1.292,2.9767,14.9767,-12.0
2013-12-08,12,Other,8,4.8,<8,-4.1,-8.9,-0.6453,1.0195,2,-1.06,1.1727,2,0.4748,0.491,3,-1.0744,11.9625,14.9625,3.0
2013-12-09,12,Other,8,4.5,<8,-2.9,-7.4,0.148,0.9718,2,-0.9381,1.2766,2,1.115,1.1151,3,0.5427,11.9556,14.9556,3.0
2013-12-11,12,Other,8,5.8,<8,-3.3,-9.1,0.5194,1.1076,2,-0.5152,0.7264,2,1.4493,1.6318,3,0.8501,14.9408,14.9408,0.0
2013-12-12,12,Other,8,12.0,12-<15,3.0,-9.0,-0.9297,2.3933,2,-1.7208,1.7538,2,2.4505,2.593,3,-2.1137,11.9333,14.9333,3.0
2013-12-16,12,Other,8,3.5,<8,-6.1,-9.6,-0.3296,0.5491,2,-0.7906,0.8222,2,0.0027,0.4963,3,-0.1962,17.9031,14.9031,-3.0
2013-12-17,12,Other,8,8.0,8-<10,-1.4,-9.4,-2.3301,3.0187,2,-4.6306,4.9165,2,-0.6194,1.025,3,-2.3687,14.8953,14.8953,0.0
2013-12-21,12,Other,8,4.3,<8,-8.5,-12.8,-0.8262,1.4161,2,-1.115,1.1416,2,0.709,0.7146,3,-1.5906,11.8639,14.8639,3.0
2013-12-22,12,Other,8,8.0,8-<10,-2.2,-10.2,0.0013,1.8455,2,-2.0694,2.4979,2,2.397,2.4305,3,0.2489,11.8561,14.8561,3.0
2013-12-27,12,Other,8,3.5,<8,-12.8,-16.3,0.2663,0.6731,2,-0.2229,0.3085,2,0.8693,1.0993,3,0.3869,14.8172,14.8172,0.0
2013-12-28,12,Other,8,7.8,<8,-8.2,-16.0,0.0516,1.5254,2,-1.2589,1.4831,2,2.3441,2.462,3,-0.1567,11.8094,14.8094,3.0
2013-12-29,12,Other,8,10.3,10-<12,-4.0,-14.3,1.5014,3.1672,2,-0.4372,0.825,2,6.0929,6.1229,3,0.6769,11.8019,14.8019,3.0
2013-12-30,12,Other,8,11.2,10-<12,-2.8,-14.0,0.4016,2.5138,2,-1.7961,2.5489,2,3.839,3.9327,3,0.4775,11.7942,14.7942,3.0
2014-01-01,1,Other,8,7.1,<8,-8.3,-15.4,-0.8466,1.5647,2,-2.8518,2.923,2,0.1948,0.2213,3,-0.4172,14.7792,14.7792,0.0
2014-01-02,1,Other,8,9.7,8-<10,-4.2,-13.9,0.5356,2.5565,2,-0.325,0.7332,2,3.8868,4.372,3,-0.0512,11.7719,14.7719,3.0
2014-01-04,1,Other,8,12.6,12-<15,-6.0,-18.6,-2.1121,3.3123,2,-3.7332,3.752,2,0.4533,2.3683,3,-2.5576,11.7572,14.7572,3.0
2014-01-08,1,Other,8,6.8,<8,-17.8,-24.6,-0.165,0.7724,2,-0.0616,0.4393,2,0.2082,0.999,3,-0.5566,17.7292,14.7292,-3.0
2014-01-09,1,Other,8,7.3,<8,-14.5,-21.8,-1.1219,2.0032,2,-1.734,1.9697,2,0.5544,0.5692,3,-2.0069,14.7225,14.7225,0.0
2014-01-10,1,Other,8,12.1,12-<15,-5.1,-17.2,-1.3319,3.0014,2,-4.0377,4.2738,2,2.0055,2.01,3,-1.1502,11.7161,14.7161,3.0
2014-01-12,1,Other,8,14.8,12-<15,-5.0,-19.8,-0.9162,3.8775,2,-5.985,6.9812,2,2.9128,2.9339,3,-0.0765,14.7033,14.7033,0.0
2014-01-13,1,Other,8,7.2,<8,-7.5,-14.7,-0.1668,2.0685,2,-2.2734,2.3992,2,2.4839,3.0694,3,-0.0292,11.6969,14.6969,3.0
2014-01-15,1,Other,8,6.7,<8,-8.1,-14.8,0.9723,2.023,2,-0.2396,0.6496,2,3.5991,3.6233,3,0.8918,11.6853,14.6853,3.0
2014-01-16,1,Other,8,10.8,10-<12,-3.8,-14.6,-0.942,1.962,2,-2.7603,3.4964,2,-0.3034,0.9227,3,-0.1538,14.6794,14.6794,0.0
2014-01-17,1,Other,8,11.9,10-<12,-4.0,-15.9,-2.4955,3.1413,2,-2.1897,3.2736,2,-0.6181,1.0769,3,-4.0911,14.6739,14.6739,0.0
2014-01-19,1,Other,8,7.7,<8,-8.6,-16.3,-0.5781,1.3083,2,-0.8077,1.1523,2,0.9073,1.1658,3,-1.2722,14.6633,14.6633,0.0
2014-01-20,1,Other,8,5.9,<8,-8.1,-14.0,0.2898,1.766,2,-1.7549,1.9592,2,2.6583,2.6642,3,0.4923,11.6583,14.6583,3.0
2014-01-21,1,Other,8,13.7,12-<15,-0.1,-13.8,0.9923,3.6,2,-1.1335,1.2253,2,2.8693,5.3238,3,-0.0137,17.6533,14.6533,-3.0
2014-01-22,1,Other,8,9.9,8-<10,-0.5,-10.4,-0.1141,3.9962,2,-3.6484,3.8036,2,6.1867,6.2239,3,-1.7127,11.6486,14.6486,3.0
2014-01-26,1,Other,8,11.3,10-<12,-0.6,-11.9,-1.7104,3.608,2,-5.5545,5.5546,2,3.0177,3.039,3,-2.1247,11.6319,14.6319,3.0
2014-01-28,1,Other,8,5.5,<8,-4.5,-10.0,-0.8202,1.8378,2,-3.0713,3.1049,2,1.2323,1.2801,3,-1.1568,8.6247,14.6247,6.0
2014-01-30,1,Other,8,9.6,8-<10,-1.6,-11.2,1.0418,2.6492,2,-0.6594,0.7988,2,4.3727,4.6527,3,-0.665,20.6183,14.6183,-6.0
2014-02-03,2,Other,8,4.1,<8,-15.7,-19.8,-0.2961,1.3396,2,-1.0778,1.2252,2,1.5944,1.6465,3,-1.0422,20.6081,14.6081,-6.0
2014-02-04,2,Other,8,4.0,<8,-14.7,-18.7,-0.5752,1.2764,2,-1.5787,1.6492,2,1.1572,1.1575,3,-0.9723,11.6061,14.6061,3.0
2014-02-09,2,Other,8,8.0,8-<10,-11.9,-19.9,-0.1567,1.3652,2,-1.2334,1.5355,2,1.4936,1.6195,3,-0.7159,14.5992,14.5992,0.0
2014-02-10,2,Other,8,7.8,<8,-9.8,-17.6,1.247,2.342,2,-0.786,0.8262,2,3.5182,3.6715,3,1.8899,11.5986,14.5986,3.0
2014-02-11,2,Other,8,7.3,<8,-10.7,-18.0,0.3146,1.5281,2,-1.6175,1.6253,2,1.7705,1.9428,3,1.1064,11.5981,14.5981,3.0
2014-02-12,2,Other,8,7.0,<8,-11.8,-18.8,0.8346,1.7332,2,-0.1316,0.2879,2,2.8035,2.9543,3,0.8158,11.5978,14.5978,3.0
2014-02-13,2,Other,8,4.3,<8,-14.8,-19.1,0.3021,0.845,2,-0.0807,0.236,2,0.9561,1.0668,3,0.245,14.5978,14.5978,0.0
2014-02-14,2,Other,8,7.3,<8,-11.5,-18.8,-0.5675,1.5753,2,-1.7734,2.0897,2,1.5867,1.7406,3,-0.7979,11.5978,14.5978,3.0
2014-02-15,2,Other,8,6.4,<8,-11.2,-17.6,0.0285,1.6721,2,-2.2498,2.4008,2,2.1733,2.1755,3,0.3667,11.5981,14.5981,3.0
2014-02-17,2,Other,8,8.6,8-<10,-10.6,-19.2,0.4453,1.6558,2,-0.9904,1.5325,2,2.1378,2.487,3,0.7156,14.5994,14.5994,0.0
2014-02-18,2,Other,8,6.5,<8,-13.8,-20.3,0.4279,0.9808,2,0.0012,0.2178,2,1.0288,1.4028,3,0.0581,14.6003,14.6003,0.0
2014-02-21,2,Other,8,11.8,10-<12,-1.6,-13.4,-1.3265,2.5554,2,-1.3512,1.9087,2,1.7395,1.7396,3,-2.8158,11.6044,14.6044,3.0
2014-02-23,2,Other,8,9.5,8-<10,-0.1,-9.6,-0.4075,2.4991,2,0.127,0.2922,2,0.6509,1.5579,3,-2.5343,17.6081,14.6081,-3.0
2014-02-26,2,Other,8,5.7,<8,-14.0,-19.7,-0.6,1.5175,2,-0.2362,0.8714,2,0.8835,0.9688,3,-2.1597,20.615,14.615,-6.0
2014-02-27,2,Other,8,12.5,12-<15,-4.3,-16.8,0.2096,2.5198,2,-3.1569,3.5141,2,2.8365,3.0342,3,1.2655,11.6178,14.6178,3.0
2014-02-28,2,Other,8,14.5,12-<15,-2.2,-16.7,0.766,2.4405,2,-1.4201,1.7236,2,3.4354,3.6668,3,1.5466,11.6206,14.6206,3.0
2014-03-01,3,Other,8,11.0,10-<12,-2.8,-13.8,0.9671,2.9932,2,-1.9994,2.1594,2,4.275,4.7671,3,1.4507,11.6236,14.6236,3.0
2014-03-02,3,Other,8,8.3,8-<10,-5.8,-14.1,-0.388,1.2909,2,-1.7872,2.1507,2,0.4961,0.5913,3,0.0911,14.6267,14.6267,0.0
2014-03-03,3,Other,8,9.8,8-<10,-1.9,-11.7,0.6853,1.873,2,-1.1142,1.6925,2,2.5856,2.7777,3,1.2253,11.63,14.63,3.0
2014-03-05,3,Other,8,7.9,<8,-6.9,-14.8,0.0072,1.3777,2,-0.8381,1.1718,2,2.046,2.0789,3,-0.3022,11.6372,14.6372,3.0
2014-03-06,3,Other,8,7.5,<8,-5.1,-12.6,0.7251,1.3866,2,-0.5279,0.9502,2,1.9325,2.1549,3,1.045,14.6408,14.6408,0.0
2014-03-07,3,Other,8,9.0,8-<10,-3.5,-12.5,0.0402,1.4394,2,-1.4935,1.799,2,1.4262,1.7138,3,0.6101,14.6447,14.6447,0.0
2014-03-08,3,Other,8,10.1,10-<12,-2.0,-12.1,-1.3316,3.1581,2,-1.6614,1.8039,2,1.5517,1.6934,3,-3.2087,23.6531,14.6489,-9.0042
2014-03-09,3,Other,8,8.8,8-<10,2.6,-6.2,0.635,2.924,2,-2.8836,2.9079,2,4.7035,4.7041,3,0.2443,11.6531,14.6531,3.0
2014-03-12,3,Other,8,4.4,<8,-5.6,-10.0,0.1704,0.4191,2,-0.3629,0.3761,2,0.4304,0.493,3,0.4328,14.6661,14.6661,0.0
2014-03-13,3,Other,7,18.6,18-<20,8.0,-10.6,4.2856,6.3628,2,1.3949,1.6191,2,10.3539,10.3539,2,-0.517,14.6706,14.6706,0.0
2014-03-14,3,Other,8,14.8,12-<15,9.4,-5.4,0.4308,7.5568,2,-10.4245,10.4271,2,9.5327,9.5396,3,0.5451,8.6753,14.6753,6.0
2014-03-15,3,Other,8,12.0,12-<15,7.6,-4.4,0.264,2.9417,2,-2.6482,2.6554,2,4.5375,4.6011,3,-0.3971,11.68,14.68,3.0
2014-03-17,3,Other,8,6.2,<8,2.8,-3.4,-0.2766,1.0581,2,-1.6149,1.6261,2,0.7573,0.8425,3,0.1028,14.69,14.69,0.0
2014-03-18,3,Other,8,6.4,<8,3.9,-2.5,0.1735,1.3236,2,0.3821,0.4334,2,1.9445,1.9769,3,-0.9432,11.695,14.695,3.0
2014-03-19,3,Other,8,10.6,10-<12,10.7,0.1,-1.1528,2.8412,2,-1.3855,1.3963,2,1.248,1.2591,3,-2.485,23.705,14.7,-9.005
2014-03-20,3,Other,8,9.9,8-<10,11.2,1.3,2.0294,2.8887,2,0.4654,0.9279,2,4.4999,4.5258,3,0.6778,14.705,14.705,0.0
2014-03-22,3,Other,8,7.9,<8,10.7,2.8,0.0887,0.3942,2,-0.1483,0.1559,2,0.3447,0.4299,3,0.1688,14.7156,14.7156,0.0
2014-03-23,3,Other,8,10.6,10-<12,13.6,3.0,-0.4638,0.9225,2,-0.3476,0.6163,2,0.357,0.5162,3,-0.7723,14.7208,14.7208,0.0
2014-03-24,3,Other,8,10.2,10-<12,14.9,4.7,-0.2009,0.7766,2,-0.2485,0.4657,2,0.4872,0.573,3,-0.2903,14.7261,14.7261,0.0
2014-03-26,3,Other,8,8.0,8-<10,8.4,0.4,0.0189,0.733,2,-0.7658,0.8427,2,0.3441,0.3736,3,-0.1183,14.7367,14.7367,0.0
2014-03-27,3,Other,8,9.9,8-<10,11.2,1.3,-0.3035,0.8909,2,-0.6439,1.0772,2,0.5141,0.5294,3,-0.6558,14.7419,14.7419,0.0
2014-03-28,3,Other,8,6.9,<8,9.8,2.9,-0.0068,1.0318,2,-0.9928,1.513,2,0.5733,0.5854,3,0.5326,11.7472,14.7472,3.0
2014-03-29,3,Other,8,10.4,10-<12,13.4,3.0,-0.1361,0.7206,2,-0.4593,0.6625,2,0.5834,0.5834,3,-0.4922,14.7528,14.7528,0.0
2014-03-30,3,Other,8,13.0,12-<15,15.7,2.7,-0.5128,1.3032,2,-0.7369,1.1642,2,0.6067,0.6862,3,-1.1713,14.7581,14.7581,0.0
2014-03-31,3,Other,8,11.0,10-<12,18.1,7.1,-0.1066,0.735,2,-0.9526,1.2899,2,0.5961,0.6057,3,0.0986,14.7633,14.7633,0.0
2014-04-01,4,Other,8,10.8,10-<12,18.8,8.0,0.0643,0.7216,2,-0.6714,0.9541,2,0.6619,0.6658,3,0.1379,14.7686,14.7686,0.0
2014-04-02,4,Other,8,11.3,10-<12,18.9,7.6,-0.2602,1.0954,2,-1.2518,1.924,2,0.5297,0.5533,3,0.0385,14.7739,14.7739,0.0
2014-04-03,4,Other,8,9.1,8-<10,19.9,10.8,-1.0439,2.0128,2,-2.1228,2.2099,2,0.4314,0.4603,3,-1.8767,14.7792,14.7792,0.0
2014-04-06,4,Other,8,7.2,<8,16.0,8.8,-0.0379,0.7451,2,-0.4658,0.7452,2,0.5145,0.5283,3,-0.3797,14.7944,14.7944,0.0
2014-04-08,4,Other,8,4.6,<8,7.2,2.6,0.7645,1.6079,2,0.6142,1.1275,2,1.6914,1.8326,3,-0.5678,17.8044,14.8044,-3.0
2014-04-09,4,Other,8,8.4,8-<10,11.4,3.0,0.1644,0.8097,2,0.0249,0.3057,2,0.388,0.5621,3,-0.4591,14.8094,14.8094,0.0
2014-04-10,4,Other,8,15.3,15-<18,19.4,4.1,-1.6653,3.6434,2,0.0082,0.1021,2,-0.3708,0.7585,3,-4.1697,14.8142,14.8142,0.0
2014-04-12,4,Other,8,6.1,<8,15.3,9.2,-0.1726,1.2131,2,0.4189,1.2167,2,0.2952,0.3122,3,-1.3648,14.8236,14.8236,0.0
2014-04-15,4,Other,8,4.7,<8,4.4,-0.3,-0.2329,1.0718,2,0.0383,0.6883,2,0.4907,0.5327,3,-1.2528,14.8369,14.8369,0.0
2014-04-17,4,Other,8,7.9,<8,8.1,0.2,0.2855,0.7504,2,0.2688,0.4752,2,0.3331,0.4249,3,-0.053,14.8453,14.8453,0.0
2014-04-18,4,Other,8,12.5,12-<15,13.6,1.1,-0.837,1.9099,2,-0.4829,0.6934,2,0.4344,0.5648,3,-2.2735,14.8494,14.8494,0.0
2014-04-19,4,Other,8,8.8,8-<10,14.2,5.4,-0.1722,0.5211,2,-0.6542,0.9083,2,0.2775,0.3538,3,-0.1139,14.8533,14.8533,0.0
2014-04-20,4,Other,8,14.2,12-<15,19.8,5.6,-1.192,2.2638,2,-1.8095,2.1303,2,0.3789,0.3963,3,-2.3206,14.8572,14.8572,0.0
2014-04-21,4,Other,8,13.3,12-<15,21.5,8.2,-0.5344,1.2399,2,-0.3966,0.4955,2,1.0898,1.0938,3,-1.6681,14.8608,14.8608,0.0
2014-04-23,4,Other,7,17.1,15-<18,13.0,-4.1,7.2849,8.9353,2,3.0215,5.5963,2,12.1008,12.2641,2,4.0276,17.8678,14.8678,-3.0
2014-04-24,4,Other,8,12.4,12-<15,8.6,-3.8,-0.7671,2.0633,2,-0.5042,0.5349,2,-0.2445,1.0695,3,-2.3209,17.8708,14.8708,-3.0
2014-04-25,4,Other,8,12.9,12-<15,15.7,2.8,0.0632,2.56,2,-0.4709,1.2507,2,2.076,2.4083,3,-1.9223,17.8742,14.8742,-3.0
2014-04-26,4,Other,8,13.2,12-<15,18.2,5.0,-0.9439,1.9854,2,-1.2843,1.2853,2,1.1096,1.1298,3,-2.0108,11.8769,14.8769,3.0
2014-04-27,4,Other,8,10.0,10-<12,19.9,9.9,-0.9913,2.639,2,-0.0275,0.329,2,0.0654,0.6357,3,-2.9415,14.8797,14.8797,0.0
2014-04-30,4,Other,8,9.6,8-<10,13.0,3.4,-0.2552,0.8585,2,-0.9891,1.1003,2,0.0967,0.5106,3,-0.5207,14.8875,14.8875,0.0
2014-05-01,5,May-Sep,8,13.7,12-<15,19.1,5.4,-1.954,2.9833,2,-4.1372,4.3767,2,-0.058,0.7577,3,-2.7877,14.8897,14.8897,0.0
2014-05-03,5,May-Sep,8,13.3,12-<15,24.7,11.4,-0.5573,1.1313,2,-1.6058,1.8064,2,0.0728,0.3329,3,-0.4648,14.8936,14.8936,0.0
2014-05-04,5,May-Sep,8,13.6,12-<15,26.8,13.2,-0.6762,1.0356,2,-0.969,1.1317,2,0.2072,0.4421,3,-1.0522,14.8953,14.8953,0.0
2014-05-05,5,May-Sep,8,11.3,10-<12,27.4,16.1,-0.3052,1.147,2,-1.7712,2.1278,2,0.1522,0.2109,3,0.4967,14.8969,14.8969,0.0
2014-05-06,5,May-Sep,7,11.4,10-<12,27.8,16.4,-0.2248,0.6918,2,-0.9857,1.1482,2,0.2986,0.3596,2,0.2001,14.8983,14.8983,0.0
2014-05-09,5,May-Sep,8,10.5,10-<12,18.9,8.4,0.0694,0.9888,2,0.0208,1.2304,2,0.3112,0.5782,3,-0.3858,14.9014,14.9014,0.0
2014-05-10,5,May-Sep,8,11.9,10-<12,23.0,11.1,-0.8988,1.3653,2,-1.0895,1.0978,2,0.2787,0.7717,3,-1.6106,11.9022,14.9022,3.0
2014-05-11,5,May-Sep,8,7.0,<8,17.0,10.0,-0.217,0.9405,2,-0.4806,0.6318,2,0.5273,0.5427,3,-0.8237,14.9028,14.9028,0.0
2014-05-12,5,May-Sep,8,5.8,<8,14.9,9.1,-0.1598,1.211,2,0.473,0.6618,2,0.3511,0.4299,3,-1.3785,14.9033,14.9033,0.0
2014-05-13,5,May-Sep,8,10.3,10-<12,18.4,8.1,-0.9106,1.5986,2,-1.4188,1.5615,2,0.0329,0.3672,3,-2.005,14.9036,14.9036,0.0
2014-05-14,5,May-Sep,8,13.8,12-<15,24.4,10.6,-1.0028,1.7519,2,-0.8565,1.1767,2,0.0764,0.5273,3,-2.1656,14.9036,14.9036,0.0
2014-05-17,5,May-Sep,8,10.4,10-<12,21.0,10.6,0.0716,0.8004,2,0.3566,0.5356,2,0.4366,0.793,3,-0.6744,17.9031,14.9031,-3.0
2014-05-18,5,May-Sep,8,15.5,15-<18,27.3,11.8,-0.7642,1.263,2,-1.0089,1.3414,2,0.3396,0.3421,3,-1.5365,14.9025,14.9025,0.0
2014-05-19,5,May-Sep,8,10.2,10-<12,24.5,14.3,-0.3168,1.1096,2,-1.005,1.2912,2,0.2033,0.629,3,-0.8253,14.9017,14.9017,0.0
2014-05-21,5,May-Sep,7,6.9,<8,17.8,10.9,0.5647,1.6472,2,1.502,1.9815,2,0.4995,0.5379,2,-1.3196,14.9,14.9,0.0
2014-05-23,5,May-Sep,8,8.8,8-<10,14.3,5.5,-0.9016,1.8085,2,-1.0786,1.3954,2,0.7435,0.7448,3,-2.4954,14.8975,14.8975,0.0
2014-05-24,5,May-Sep,8,14.7,12-<15,23.2,8.5,-0.8684,2.6062,2,-0.4132,0.4709,2,0.1574,0.2241,3,-2.6359,14.8961,14.8961,0.0
2014-05-25,5,May-Sep,8,11.1,10-<12,26.4,15.3,-0.2123,0.8399,2,-0.6825,1.2782,2,0.2662,0.4256,3,-0.3377,14.8947,14.8947,0.0
2014-05-26,5,May-Sep,8,12.7,12-<15,28.2,15.5,-0.7763,1.144,2,-1.1492,1.4968,2,0.0778,0.2335,3,-1.1363,14.8931,14.8931,0.0
2014-05-27,5,May-Sep,8,13.8,12-<15,31.1,17.3,-0.2734,0.9663,2,-0.4088,0.5764,2,0.8185,0.9203,3,-0.9024,14.8911,14.8911,0.0
2014-05-29,5,May-Sep,8,12.6,12-<15,31.6,19.0,-0.5335,0.9685,2,-0.7263,0.8287,2,-0.0579,0.3604,3,-0.8205,14.8872,14.8872,0.0
2014-05-31,5,May-Sep,8,13.7,12-<15,20.5,6.8,3.539,8.1469,2,1.8305,5.2757,2,10.1865,10.2187,3,-2.1148,2.8825,14.8825,-12.0
2014-06-01,6,May-Sep,8,10.0,10-<12,16.6,6.6,-0.6596,1.2334,2,-1.2107,1.4682,2,0.3948,0.4978,3,-1.483,14.8803,14.8803,0.0
2014-06-02,6,May-Sep,8,8.3,8-<10,18.6,10.3,-0.1302,1.0225,2,0.2893,0.6947,2,0.441,0.4447,3,-1.1757,14.8778,14.8778,0.0
2014-06-04,6,May-Sep,8,9.8,8-<10,20.4,10.6,-0.5021,1.1741,2,-0.4439,0.6149,2,0.4122,0.421,3,-1.2952,14.8725,14.8725,0.0
2014-06-06,6,May-Sep,8,10.6,10-<12,22.5,11.9,-0.1391,0.8796,2,-0.488,0.8163,2,0.3727,0.7275,3,-0.7036,17.8667,14.8667,-3.0
2014-06-07,6,May-Sep,8,13.6,12-<15,27.0,13.4,-0.527,1.5747,2,0.0794,0.1312,2,0.3619,0.4487,3,-1.9131,14.8639,14.8639,0.0
2014-06-10,6,May-Sep,8,9.3,8-<10,22.2,12.9,0.0284,0.9284,2,0.6856,0.908,2,0.3507,0.4325,3,-0.9801,14.8544,14.8544,0.0
2014-06-11,6,May-Sep,8,11.3,10-<12,26.3,15.0,-0.5699,1.1804,2,-0.6515,0.9528,2,0.0454,0.7527,3,-1.2939,17.8511,14.8511,-3.0
2014-06-12,6,May-Sep,7,13.9,12-<15,29.9,16.0,-0.3413,0.9872,2,-0.6054,0.8868,2,0.1586,0.56,2,-1.0457,14.8478,14.8478,0.0
2014-06-13,6,May-Sep,8,14.2,12-<15,32.5,18.3,-0.205,0.759,2,-0.2119,0.6183,2,0.2951,0.2951,3,-0.554,14.8444,14.8444,0.0
2014-06-14,6,May-Sep,8,12.4,12-<15,33.0,20.6,-0.4234,0.911,2,-0.6611,1.2805,2,0.3928,0.3928,3,-0.846,14.8411,14.8411,0.0
2014-06-15,6,May-Sep,8,11.6,10-<12,33.6,22.0,0.1829,1.6047,2,-1.0057,1.5518,2,2.4371,2.584,3,-0.3296,11.8378,14.8378,3.0
2014-06-16,6,May-Sep,8,10.6,10-<12,26.0,15.4,1.1462,5.861,2,-2.6621,5.0892,2,6.3915,6.544,3,-2.3357,2.8344,14.8344,-12.0
2014-06-17,6,May-Sep,8,9.2,8-<10,25.1,15.9,-0.7764,1.0896,2,-1.5915,1.6224,2,-0.0833,0.1982,3,-1.1199,14.8308,14.8308,0.0
2014-06-18,6,May-Sep,8,9.4,8-<10,28.7,19.3,0.042,0.5654,2,-0.0824,0.4962,2,0.4575,0.4781,3,-0.4283,14.8275,14.8275,0.0
2014-06-21,6,May-Sep,8,9.9,8-<10,28.4,18.5,-0.2071,0.9164,2,-0.3415,0.3833,2,0.4352,0.5651,3,-1.0473,14.8169,14.8169,0.0
2014-06-22,6,May-Sep,8,9.8,8-<10,30.5,20.7,0.165,0.687,2,-0.6772,0.8399,2,0.7416,0.7814,3,0.4946,14.8133,14.8133,0.0
2014-06-23,6,May-Sep,8,11.1,10-<12,31.4,20.3,-0.0146,0.8567,2,-0.7896,0.9331,2,0.9754,1.0875,3,-0.0737,14.8097,14.8097,0.0
2014-06-25,6,May-Sep,8,7.3,<8,27.5,20.2,0.274,1.5205,2,1.0,1.4003,2,0.3735,0.6424,3,-1.1954,17.8031,14.8031,-3.0
2014-06-26,6,May-Sep,8,8.5,8-<10,27.4,18.9,-0.009,1.7019,2,1.3547,1.7185,2,0.4124,1.3477,3,-1.7581,17.7994,14.7994,-3.0
2014-06-27,6,May-Sep,8,9.4,8-<10,29.4,20.0,-0.4124,0.747,2,-0.9328,1.1568,2,0.1669,0.1692,3,-0.5043,14.7961,14.7961,0.0
2014-06-28,6,May-Sep,8,10.1,10-<12,31.5,21.4,-0.609,1.3628,2,-2.1824,2.4768,2,0.6816,0.707,3,-0.3394,11.7928,14.7928,3.0
2014-06-29,6,May-Sep,8,9.9,8-<10,31.7,21.8,0.0966,0.6937,2,0.498,0.7305,2,0.1926,0.3579,3,-0.5265,14.7894,14.7894,0.0
2014-07-01,7,May-Sep,8,8.7,8-<10,30.5,21.8,0.0627,0.6766,2,-0.6781,0.9318,2,0.8551,0.8663,3,0.2077,11.7831,14.7831,3.0
2014-07-04,7,May-Sep,8,13.2,12-<15,29.8,16.6,-0.4885,1.9132,2,0.2031,0.3714,2,0.2763,0.3499,3,-2.1559,14.7739,14.7739,0.0
2014-07-06,7,May-Sep,8,12.0,12-<15,26.5,14.5,-0.1125,0.67,2,-0.48,0.4817,2,0.5878,0.6198,3,-0.623,14.7683,14.7683,0.0
2014-07-07,7,May-Sep,8,10.5,10-<12,27.2,16.7,-0.2508,0.9638,2,-0.7792,0.8519,2,0.8643,0.9062,3,-0.8104,14.7656,14.7656,0.0
2014-07-08,7,May-Sep,8,12.0,12-<15,29.8,17.8,0.1158,0.7987,2,-0.3158,0.3508,2,1.1877,1.377,3,-0.3201,14.7631,14.7631,0.0
2014-07-10,7,May-Sep,8,11.0,10-<12,28.4,17.4,-0.5533,1.0431,2,-1.2872,1.2892,2,0.2883,0.5798,3,-0.7996,14.7581,14.7581,0.0
2014-07-11,7,May-Sep,8,14.9,12-<15,33.3,18.4,-0.4521,1.0397,2,-0.3583,0.6652,2,-0.0114,0.1997,3,-1.1326,14.7558,14.7558,0.0
2014-07-15,7,May-Sep,8,14.5,12-<15,32.1,17.6,-0.9402,2.1444,2,-2.4251,2.6713,2,0.5556,0.7036,3,-1.6762,14.7478,14.7478,0.0
2014-07-17,7,May-Sep,8,10.9,10-<12,26.7,15.8,-0.4451,1.4417,2,-0.9039,0.9626,2,0.6885,0.7503,3,-1.2918,14.7447,14.7447,0.0
2014-07-19,7,May-Sep,8,11.7,10-<12,28.8,17.1,-0.1202,0.868,2,-1.1845,1.2561,2,0.5947,0.6022,3,0.0332,14.7422,14.7422,0.0
2014-07-20,7,May-Sep,8,15.6,15-<18,33.7,18.1,-0.2659,1.3135,2,0.0216,0.318,2,0.641,0.6571,3,-1.3342,14.7411,14.7411,0.0
2014-07-21,7,May-Sep,8,12.4,12-<15,35.3,22.9,-0.6745,1.681,2,-1.7998,2.157,2,0.6553,0.7076,3,-1.1041,14.7403,14.7403,0.0
2014-07-23,7,May-Sep,8,13.5,12-<15,36.7,23.2,0.4114,2.8427,2,-3.07,3.1754,2,4.3941,4.4217,3,0.5373,11.7389,14.7389,3.0
2014-07-25,7,May-Sep,8,12.2,12-<15,28.4,16.2,-1.3113,1.8099,2,-2.0598,2.1429,2,0.108,0.21,3,-2.2648,14.7381,14.7381,0.0
2014-07-26,7,May-Sep,8,12.4,12-<15,32.3,19.9,-0.1179,0.6366,2,-0.4879,0.4988,2,0.5952,0.6699,3,-0.2766,14.7378,14.7378,0.0
2014-07-28,7,May-Sep,8,13.0,12-<15,33.3,20.3,-0.668,1.1356,2,-0.5978,0.6181,2,0.5583,0.5628,3,-1.478,14.7381,14.7381,0.0
2014-07-29,7,May-Sep,8,10.8,10-<12,25.9,15.1,0.0014,2.3289,2,0.2349,0.4047,2,2.1229,2.1271,3,-2.3984,14.7386,14.7386,0.0
2014-07-30,7,May-Sep,8,7.1,<8,24.7,17.6,0.7011,1.4667,2,0.8752,1.8002,2,0.969,0.972,3,-0.2392,14.7392,14.7392,0.0
2014-08-01,8,May-Sep,8,11.7,10-<12,25.4,13.7,-0.2165,1.6336,2,-0.2241,0.7963,2,0.5665,0.6516,3,-1.6514,14.7406,14.7406,0.0
2014-08-02,8,May-Sep,8,9.6,8-<10,22.7,13.1,-0.2,0.5466,2,-0.0883,0.0883,2,0.3276,0.4201,3,-0.6758,14.7417,14.7417,0.0
2014-08-03,8,May-Sep,8,12.9,12-<15,27.2,14.3,-0.6167,1.3409,2,-0.753,0.7568,2,0.1946,0.1947,3,-1.5535,14.7431,14.7431,0.0
2014-08-04,8,May-Sep,8,11.2,10-<12,29.3,18.1,-0.7213,1.491,2,-0.6195,0.708,2,0.5343,0.5363,3,-1.8653,14.7444,14.7444,0.0
2014-08-06,8,May-Sep,8,10.4,10-<12,29.3,18.9,-0.348,0.7643,2,-0.4265,0.5555,2,0.4221,0.4233,3,-0.9606,14.7478,14.7478,0.0
2014-08-07,8,May-Sep,8,9.8,8-<10,29.9,20.1,0.0816,0.7686,2,-0.8266,1.0565,2,0.9523,1.0582,3,0.0028,14.7497,14.7497,0.0
2014-08-10,8,May-Sep,8,9.0,8-<10,26.9,17.9,-0.0347,0.3133,2,-0.0869,0.0907,2,0.3876,0.4343,3,-0.1608,14.7567,14.7567,0.0
2014-08-11,8,May-Sep,8,11.2,10-<12,29.3,18.1,-0.3673,0.8255,2,-0.9292,1.0465,2,-0.0416,0.5333,3,-0.4511,14.7592,14.7592,0.0
2014-08-12,8,May-Sep,8,13.8,12-<15,32.5,18.7,-0.8131,1.1835,2,-0.9315,0.979,2,0.0542,0.3382,3,-1.565,14.7619,14.7619,0.0
2014-08-13,8,May-Sep,8,12.8,12-<15,34.9,22.1,0.215,0.6615,2,-0.5246,0.6633,2,0.7568,0.7598,3,0.4869,14.765,14.765,0.0
2014-08-14,8,May-Sep,8,9.1,8-<10,32.0,22.9,-0.0883,0.8495,2,0.158,0.7227,2,0.518,0.5186,3,-0.7095,14.7681,14.7681,0.0
2014-08-15,8,May-Sep,8,11.9,10-<12,33.6,21.7,-0.3864,0.8971,2,-0.6027,0.8338,2,0.4493,0.4532,3,-0.8031,14.7714,14.7714,0.0
2014-08-17,8,May-Sep,8,4.9,<8,23.6,18.7,0.3686,0.8554,2,0.4234,0.809,2,0.5573,0.5606,3,-0.0453,14.7783,14.7783,0.0
2014-08-18,8,May-Sep,8,3.2,<8,20.5,17.3,0.0524,0.8438,2,0.2811,0.8082,2,0.5073,0.5153,3,-0.8163,14.7822,14.7822,0.0
2014-08-20,8,May-Sep,8,8.8,8-<10,24.6,15.8,0.3481,2.2302,2,1.3464,1.9975,2,0.6119,1.6961,3,-1.7084,17.7903,14.7903,-3.0
2014-08-21,8,May-Sep,8,11.7,10-<12,28.7,17.0,0.1542,2.1042,2,-1.2553,1.639,2,0.7789,0.9913,3,-0.9129,14.7944,14.7944,0.0
2014-08-22,8,May-Sep,8,12.8,12-<15,31.6,18.8,0.1095,0.8836,2,-0.6173,0.882,2,1.2548,1.3375,3,-0.0472,14.7986,14.7986,0.0
2014-08-23,8,May-Sep,8,11.6,10-<12,30.4,18.8,-0.4073,1.0929,2,-0.8971,1.2044,2,0.7733,0.7942,3,-0.7474,14.8031,14.8031,0.0
2014-08-24,8,May-Sep,8,10.9,10-<12,32.1,21.2,0.2633,0.4375,2,-0.1131,0.215,2,0.5114,0.5559,3,0.4902,14.8078,14.8078,0.0
2014-08-25,8,May-Sep,8,12.3,12-<15,33.6,21.3,-0.0211,0.7843,2,-0.8104,1.0279,2,0.8164,0.9196,3,0.0704,14.8125,14.8125,0.0
2014-08-26,8,May-Sep,8,10.6,10-<12,32.8,22.2,-0.2719,0.7327,2,-0.4477,0.7145,2,0.3688,0.563,3,-0.6321,14.8175,14.8175,0.0
2014-08-28,8,May-Sep,8,9.9,8-<10,25.1,15.2,-0.0299,0.9536,2,0.4802,0.6068,2,0.2025,0.2795,3,-1.0632,14.8275,14.8275,0.0
2014-08-29,8,May-Sep,8,10.4,10-<12,26.8,16.4,-0.15,0.8363,2,-0.5184,0.7465,2,0.5136,0.52,3,-0.4632,14.8328,14.8328,0.0
2014-08-31,8,May-Sep,8,12.1,12-<15,29.4,17.3,-0.1834,0.8442,2,-1.0663,1.404,2,0.3368,0.4146,3,0.0931,14.8433,14.8433,0.0
2014-09-01,9,May-Sep,8,16.1,15-<18,34.3,18.2,-0.753,1.8027,2,-0.7595,1.1482,2,0.9078,0.9119,3,-1.7898,14.8489,14.8489,0.0
2014-09-06,9,May-Sep,8,15.4,15-<18,29.9,14.5,-1.2528,2.7359,2,-1.8287,2.1087,2,1.0542,1.1082,3,-2.9031,14.8778,14.8778,0.0
2014-09-08,9,May-Sep,8,12.6,12-<15,23.8,11.2,-0.2537,0.8351,2,-0.7962,1.0512,2,0.6857,0.6947,3,-0.6339,14.8897,14.8897,0.0
2014-09-09,9,May-Sep,8,13.3,12-<15,27.4,14.1,0.0942,0.9346,2,0.0389,0.0511,2,1.0754,1.2209,3,-0.5819,14.8956,14.8956,0.0
2014-09-10,9,May-Sep,8,12.8,12-<15,28.2,15.4,0.1549,1.2592,2,-0.3777,0.4704,2,1.8527,2.0843,3,-0.6535,14.9017,14.9017,0.0
2014-09-13,9,May-Sep,8,10.3,10-<12,18.1,7.8,-0.1217,1.1417,2,-0.4284,0.6606,2,0.8643,0.88,3,-0.9348,14.9203,14.9203,0.0
2014-09-14,9,May-Sep,8,8.1,8-<10,18.0,9.9,0.1023,0.7044,2,-0.8893,1.0349,2,0.4759,0.5076,3,0.5726,14.9264,14.9264,0.0
2014-09-15,9,May-Sep,8,15.3,15-<18,23.0,7.7,-0.6919,1.2827,2,-0.378,0.6659,2,0.4592,0.5279,3,-1.7998,14.9325,14.9325,0.0
2014-09-17,9,May-Sep,8,13.7,12-<15,24.4,10.7,-0.2225,1.037,2,-0.6812,1.0762,2,0.4617,0.4632,3,-0.7015,14.945,14.945,0.0
2014-09-18,9,May-Sep,8,15.3,15-<18,31.0,15.7,-1.3434,2.4324,2,-2.223,2.8047,2,1.1722,1.589,3,-2.6101,14.9511,14.9511,0.0
2014-09-20,9,May-Sep,8,5.6,<8,10.9,5.3,0.2793,0.5674,2,0.2149,0.3737,2,0.7913,0.8184,3,0.328,11.9633,14.9633,3.0
2014-09-22,9,May-Sep,8,9.0,8-<10,15.5,6.5,-0.1773,0.7046,2,-0.7268,1.0875,2,0.496,0.5333,3,-0.168,14.9756,14.9756,0.0
2014-09-23,9,May-Sep,8,9.4,8-<10,16.9,7.5,-0.4545,1.1902,2,-1.0579,1.4915,2,0.8972,0.9025,3,-0.963,14.9817,14.9817,0.0
2014-09-25,9,May-Sep,8,10.1,10-<12,18.4,8.3,-0.7835,1.3969,2,-1.3425,1.7729,2,0.4559,0.458,3,-1.1464,14.9933,14.9933,0.0
2014-09-26,9,May-Sep,7,13.8,12-<15,24.5,10.7,0.3953,1.3325,2,-0.4905,0.6934,2,2.0072,2.0971,2,0.5693,11.9992,14.9992,3.0
2014-09-27,9,May-Sep,8,11.6,10-<12,24.6,13.0,0.0057,0.6815,2,-0.4772,0.7158,2,0.7379,0.8581,3,0.1839,15.005,15.005,0.0
2014-09-30,9,May-Sep,8,10.6,10-<12,20.2,9.6,0.1665,0.5039,2,-0.1552,0.3388,2,0.7336,0.9072,3,0.0143,15.0217,15.0217,0.0
2014-10-03,10,Other,8,10.9,10-<12,19.1,8.2,0.1351,0.9285,2,-0.9878,1.5183,2,0.6604,0.8052,3,0.4911,15.0375,15.0375,0.0
2014-10-07,10,Other,8,9.7,8-<10,18.7,9.0,0.3266,0.7886,2,-0.4079,0.6139,2,0.8314,0.8953,3,0.3377,15.0569,15.0569,0.0
2014-10-10,10,Other,8,5.7,<8,5.9,0.2,0.12,0.9806,2,-0.2489,0.2671,2,0.4816,0.5582,3,-0.3893,15.07,15.07,0.0
2014-10-11,10,Other,8,8.9,8-<10,8.0,-0.9,-0.2748,0.7344,2,-0.5989,1.0341,2,0.4745,0.4751,3,-0.5077,15.0742,15.0742,0.0
2014-10-12,10,Other,8,9.5,8-<10,10.9,1.4,0.2492,0.913,2,-0.6576,1.0524,2,0.7485,0.7633,3,0.8849,15.0781,15.0781,0.0
2014-10-13,10,Other,8,11.1,10-<12,14.5,3.4,-0.0862,1.3416,2,-1.3966,1.9844,2,0.9599,0.9948,3,0.4429,15.0817,15.0817,0.0
2014-10-14,10,Other,8,11.7,10-<12,16.0,4.3,0.1606,0.8764,2,-0.5103,0.903,2,1.0309,1.118,3,0.4358,15.0853,15.0853,0.0
2014-10-15,10,Other,8,8.3,8-<10,13.8,5.5,-0.0533,1.0943,2,-1.3006,1.9414,2,0.806,0.9031,3,0.1015,15.0886,15.0886,0.0
2014-10-16,10,Other,8,12.2,12-<15,17.2,5.0,-0.2482,1.2296,2,-1.4111,1.9666,2,1.0507,1.1085,3,-0.0297,15.0917,15.0917,0.0
2014-10-17,10,Other,8,11.6,10-<12,18.2,6.6,0.0279,0.7632,2,-0.6786,0.9221,2,0.5086,0.5426,3,0.5121,15.0947,15.0947,0.0
2014-10-18,10,Other,8,11.4,10-<12,17.6,6.2,0.2025,0.7239,2,-0.079,0.1465,2,0.9214,1.0142,3,0.3935,15.0975,15.0975,0.0
2014-10-19,10,Other,8,12.2,12-<15,19.0,6.8,0.4521,1.4478,2,-0.9663,1.5717,2,1.7173,1.8622,3,1.0738,15.1003,15.1003,0.0
2014-10-20,10,Other,8,11.7,10-<12,19.2,7.5,0.3506,1.5199,2,-0.866,1.5033,2,2.2661,2.3142,3,0.5093,12.1025,15.1025,3.0
2014-10-21,10,Other,8,15.2,15-<18,24.7,9.5,1.3561,3.015,2,-0.5263,1.1336,2,3.5897,4.5486,3,2.3748,12.1047,15.1047,3.0
2014-10-22,10,Other,8,7.5,<8,15.4,7.9,-0.423,1.1723,2,-1.0162,1.328,2,0.8508,0.921,3,-0.7381,15.1067,15.1067,0.0
2014-10-23,10,Other,8,15.9,15-<18,24.0,8.1,2.2951,3.1449,2,0.1341,0.1554,2,5.6311,5.6328,3,2.0658,12.1086,15.1086,3.0
2014-10-24,10,Other,8,8.5,8-<10,16.5,8.0,-0.374,1.1071,2,-1.486,1.9505,2,0.6179,0.656,3,-0.236,15.1103,15.1103,0.0
2014-10-26,10,Other,8,14.6,12-<15,22.0,7.4,2.2564,2.8434,2,0.0581,0.2379,2,4.3566,4.3926,3,1.7944,15.1128,15.1128,0.0
2014-10-28,10,Other,8,2.0,<8,-0.7,-2.7,-0.2248,0.6097,2,-0.2544,0.6306,2,-0.0483,0.0678,3,-0.6323,15.1144,15.1144,0.0
2014-10-29,10,Other,8,6.2,<8,2.3,-3.9,-0.2498,0.7358,2,-1.1445,1.2741,2,0.2266,0.2283,3,-0.1089,15.115,15.115,0.0
2014-10-30,10,Other,8,9.5,8-<10,4.7,-4.8,-0.5523,0.943,2,-0.7296,1.0366,2,0.4095,0.4247,3,-0.8574,15.115,15.115,0.0
2014-10-31,10,Other,8,7.9,<8,5.9,-2.0,-0.4479,1.3241,2,-1.5744,1.9529,2,1.0054,1.0516,3,-0.7504,15.1153,15.1153,0.0
2014-11-01,11,Other,8,11.9,10-<12,10.0,-1.9,0.1744,1.6164,2,-0.9762,1.6293,2,2.1956,2.2519,3,0.3909,12.115,15.115,3.0
2014-11-02,11,Other,8,7.3,<8,7.2,-0.1,-0.3049,1.4674,2,-2.3864,2.6063,2,0.9734,1.0835,3,0.3927,15.1147,15.1147,0.0
2014-11-03,11,Other,8,9.4,8-<10,10.0,0.6,0.128,2.0446,2,-2.3624,2.5312,2,2.5024,2.6612,3,0.8591,12.1139,15.1139,3.0
2014-11-04,11,Other,8,8.2,8-<10,9.3,1.1,0.0174,1.4443,2,-0.992,1.5551,2,2.2515,2.2568,3,-0.4609,12.1131,15.1131,3.0
2014-11-05,11,Other,8,10.6,10-<12,14.4,3.8,-0.8425,1.9905,2,-3.2877,3.3588,2,1.1902,1.3775,3,-0.2788,12.1119,15.1119,3.0
2014-11-07,11,Other,8,6.9,<8,8.8,1.9,-0.0331,0.9222,2,-0.6569,0.6683,2,1.2593,1.3412,3,-0.4708,15.1092,15.1092,0.0
2014-11-11,11,Other,8,5.6,<8,3.8,-1.8,0.0181,0.9046,2,-0.4187,0.6862,2,1.2699,1.3546,3,-0.1807,12.1008,15.1008,3.0
2014-11-13,11,Other,8,3.8,<8,1.6,-2.2,-0.3419,0.7606,2,-1.3026,1.3281,2,-0.0973,0.312,3,-0.133,15.0953,15.0953,0.0
2014-11-15,11,Other,8,6.8,<8,4.0,-2.8,0.1384,1.0664,2,-0.6765,0.8187,2,1.7572,1.8766,3,-0.0783,12.0889,15.0889,3.0
2014-11-16,11,Other,8,9.3,8-<10,6.7,-2.6,-0.0422,1.0376,2,-0.7607,0.7995,2,1.3275,1.4691,3,-0.1259,15.0853,15.0853,0.0
2014-11-21,11,Other,8,5.1,<8,0.4,-4.7,0.414,0.9543,2,0.0693,0.2531,2,1.5768,1.601,3,0.0372,12.0647,15.0647,3.0
2014-11-22,11,Other,8,7.0,<8,2.5,-4.5,0.0613,1.1601,2,-1.1011,1.1449,2,1.5757,1.6778,3,0.1632,12.06,15.06,3.0
2014-11-27,11,Other,8,5.2,<8,-6.1,-11.3,-0.0214,1.6935,2,-0.9312,1.3471,2,2.3636,2.3676,3,-0.5883,12.0339,15.0339,3.0
2014-11-28,11,Other,8,4.9,<8,-6.1,-11.0,-0.1928,1.4091,2,-2.0675,2.1521,2,1.4037,1.4075,3,0.0972,12.0281,15.0281,3.0
2014-11-30,11,Other,8,5.8,<8,-12.8,-18.6,-0.5797,1.587,2,-0.4096,0.6357,2,1.036,1.1665,3,-1.5803,12.0161,15.0161,3.0
2014-12-01,12,Other,8,6.8,<8,-10.5,-17.3,-0.0338,2.0645,2,-2.2376,2.4778,2,2.7553,2.7767,3,-0.0978,12.0097,15.0097,3.0
2014-12-02,12,Other,9,10.0,10-<12,-4.9,-14.9,-0.3277,2.4058,2,-3.4409,3.8052,2,2.5356,2.7783,4,0.1242,12.0033,15.0033,3.0
2014-12-03,12,Other,8,5.1,<8,-11.0,-16.1,0.0952,0.6542,2,-0.3463,0.3973,2,0.9304,1.1239,3,-0.2681,14.9969,14.9969,0.0
2014-12-04,12,Other,7,15.3,15-<18,0.7,-14.6,0.2951,3.4811,2,-2.1155,2.1321,2,4.8941,5.2892,3,-1.1638,14.9903,14.9903,0.0
2014-12-07,12,Other,8,6.8,<8,-5.2,-12.0,-0.6012,2.0753,2,-0.7574,0.9648,2,1.9627,2.0349,3,-2.1448,20.9697,14.9697,-6.0
2014-12-09,12,Other,8,5.7,<8,-8.2,-13.9,0.5301,1.9109,2,-0.8049,1.0001,2,2.909,3.1134,3,0.3497,11.9556,14.9556,3.0
2014-12-10,12,Other,8,6.0,<8,-8.7,-14.7,-1.2797,2.1747,2,-3.9433,3.9813,2,0.8717,0.901,3,-1.0291,11.9481,14.9481,3.0
2014-12-12,12,Other,8,8.9,8-<10,-9.8,-18.7,0.9064,2.1553,2,-0.8721,0.9325,2,4.1508,4.1584,3,0.3362,11.9333,14.9333,3.0
2014-12-13,12,Other,8,6.8,<8,-10.3,-17.1,-1.0151,1.6701,2,-2.2677,2.447,2,0.574,0.7778,3,-1.0591,11.9258,14.9258,3.0
2014-12-16,12,Other,8,7.3,<8,-12.2,-19.5,-0.2174,1.188,2,-1.3633,1.4066,2,1.1671,1.5171,3,-0.3731,14.9031,14.9031,0.0
2014-12-19,12,Other,8,7.5,<8,-9.1,-16.6,-0.1107,1.574,2,-1.2758,1.3295,2,2.0002,2.0625,3,-0.4057,11.8797,14.8797,3.0
2014-12-20,12,Other,8,5.6,<8,-9.3,-14.9,-0.354,2.2192,2,-3.1886,3.2257,2,2.4931,2.5243,3,-0.284,11.8719,14.8719,3.0
2014-12-21,12,Other,8,7.8,<8,-6.4,-14.2,-0.3213,1.6013,2,-2.1236,2.5116,2,1.6187,1.6283,3,-0.179,11.8639,14.8639,3.0
2014-12-22,12,Other,8,8.0,8-<10,-4.8,-12.8,0.6513,2.4266,2,-2.3694,2.5714,2,3.097,3.155,3,1.7489,11.8561,14.8561,3.0
2014-12-24,12,Other,8,7.0,<8,-6.4,-13.4,0.3329,1.7873,2,-1.6836,2.0454,2,2.3287,2.4416,3,0.9652,11.8406,14.8406,3.0
2014-12-25,12,Other,8,7.7,<8,-4.9,-12.6,0.0584,0.9183,2,-0.952,1.1634,2,1.245,1.3618,3,-0.0617,14.8328,14.8328,0.0
2014-12-26,12,Other,8,10.5,10-<12,-1.4,-11.9,-1.6512,3.2969,2,-3.2132,3.3073,2,0.9528,3.1833,3,-2.9103,17.825,14.825,-3.0
2014-12-27,12,Other,8,8.9,8-<10,0.8,-8.1,-1.3885,3.3707,2,-4.4497,4.4647,2,2.9548,3.1405,3,-2.1058,20.8172,14.8172,-6.0
2014-12-28,12,Other,8,11.3,10-<12,3.4,-7.9,0.543,2.0227,2,-1.7334,2.0798,2,3.2652,3.2999,3,0.3649,14.8094,14.8094,0.0
2014-12-30,12,Other,8,2.9,<8,-11.3,-14.2,-0.1285,0.5916,2,-1.0066,1.0087,2,0.5476,0.5681,3,-0.018,14.7942,14.7942,0.0
2015-01-02,1,Other,8,12.3,12-<15,0.4,-11.9,1.0167,6.3528,2,-6.1977,6.7896,2,9.175,9.175,3,0.2458,8.7719,14.7719,6.0
2015-01-03,1,Other,8,11.0,10-<12,-1.4,-12.4,-0.9283,2.7312,2,-3.2119,4.0,2,2.3871,2.4627,3,-1.0322,11.7644,14.7644,3.0
2015-01-05,1,Other,8,2.2,<8,-10.5,-12.7,0.3228,0.5149,2,-0.1421,0.1554,2,0.5899,0.5974,3,0.415,14.75,14.75,0.0
2015-01-06,1,Other,8,10.5,10-<12,-2.6,-13.1,-1.2739,2.9702,2,-4.4331,4.452,2,2.7648,3.0082,3,-1.6692,11.7431,14.7431,3.0
2015-01-08,1,Other,8,7.7,<8,-3.8,-11.5,0.3985,5.0412,2,-6.3168,6.3169,2,6.2534,6.262,3,-0.3572,5.7292,14.7292,9.0
2015-01-09,1,Other,8,10.7,10-<12,-1.0,-11.7,0.5092,3.9435,2,-3.5635,3.9697,2,5.9605,5.9634,3,-1.1342,5.7225,14.7225,9.0
2015-01-10,1,Other,8,14.0,12-<15,3.0,-11.0,-0.9231,1.9658,2,-2.6415,2.948,2,1.1866,1.4201,3,-0.9208,14.7161,14.7161,0.0
2015-01-12,1,Other,8,9.4,8-<10,0.3,-9.1,-0.7671,1.4963,2,-1.1141,1.8911,2,0.2784,0.3443,3,-1.145,14.7033,14.7033,0.0
2015-01-14,1,Other,8,10.9,10-<12,1.7,-9.2,0.829,3.6466,2,-3.472,3.6039,2,4.8213,5.0648,3,2.3048,11.6911,14.6911,3.0
2015-01-18,1,Other,8,9.6,8-<10,-2.2,-11.8,-1.6667,2.9041,2,-2.1582,2.21,2,0.5929,1.7788,3,-3.3741,20.6686,14.6686,-6.0
2015-01-21,1,Other,8,13.2,12-<15,-0.9,-14.1,-1.3389,2.4741,2,-1.4133,1.4134,2,-0.2767,0.5131,3,-2.4295,14.6533,14.6533,0.0
2015-01-23,1,Other,8,5.1,<8,-3.8,-8.9,0.2367,1.2578,2,-1.0838,1.0936,2,1.9057,2.0762,3,0.4222,11.6442,14.6442,3.0
2015-01-24,1,Other,8,5.2,<8,-4.1,-9.3,0.1962,1.0998,2,-0.9709,1.0682,2,1.7486,1.764,3,0.1858,11.64,14.64,3.0
2015-01-29,1,Other,8,4.6,<8,-15.8,-20.4,0.2853,1.1429,2,-0.6263,0.8422,2,1.4284,1.4965,3,0.5078,11.6214,14.6214,3.0
2015-01-30,1,Other,8,5.7,<8,-15.0,-20.7,-0.149,0.7949,2,-0.54,0.6337,2,0.6197,0.8923,3,-0.3302,14.6183,14.6183,0.0
2015-01-31,1,Other,8,5.1,<8,-13.4,-18.5,0.5388,1.5669,2,-1.0749,1.1257,2,2.1344,2.2638,3,1.0904,11.6156,14.6156,3.0
2015-02-01,2,Other,8,7.4,<8,-11.5,-18.9,-0.635,1.9778,2,-1.7937,2.2558,2,2.0072,2.1382,3,-1.2559,11.6128,14.6128,3.0
2015-02-03,2,Other,8,5.9,<8,-11.4,-17.3,0.3818,1.1568,2,-0.3864,0.3948,2,1.7164,1.9569,3,0.4287,11.6081,14.6081,3.0
2015-02-04,2,Other,8,6.9,<8,-8.9,-15.8,-1.5669,2.3252,2,-3.6957,3.7346,2,0.8224,1.0481,3,-1.6731,11.6061,14.6061,3.0
2015-02-05,2,Other,8,7.1,<8,-5.5,-12.6,0.0279,1.2213,2,-0.7669,1.1947,2,1.6578,1.7944,3,-0.1141,11.6044,14.6044,3.0
2015-02-07,2,Other,8,9.3,8-<10,-5.7,-15.0,0.052,1.3754,2,-0.3022,0.6297,2,1.557,1.7957,3,-0.4593,14.6014,14.6014,0.0
2015-02-08,2,Other,8,9.0,8-<10,-3.6,-12.6,-0.8131,1.5602,2,-1.8109,2.0417,2,0.8424,1.0819,3,-0.8833,14.6003,14.6003,0.0
2015-02-10,2,Other,8,14.2,12-<15,2.6,-11.6,-0.4507,3.1634,2,-4.6502,4.7221,2,2.9177,3.3157,3,0.5962,14.5986,14.5986,0.0
2015-02-11,2,Other,8,18.0,18-<20,8.0,-10.0,1.4671,5.1471,2,-4.8671,4.8937,2,6.7745,7.1066,3,3.7916,11.5981,14.5981,3.0
2015-02-12,2,Other,8,17.1,15-<18,8.8,-8.3,1.224,6.3604,2,-5.1672,5.2092,2,10.9709,10.9718,3,0.8539,11.5978,14.5978,3.0
2015-02-13,2,Other,8,11.0,10-<12,3.9,-7.1,-0.4187,4.3839,2,-3.1774,4.2901,2,3.6923,3.6929,3,-2.1964,2.5978,14.5978,-12.0
2015-02-15,2,Other,8,9.5,8-<10,-1.3,-10.8,0.6535,1.6108,2,-0.2349,0.6793,2,1.9439,2.4439,3,0.1536,14.5981,14.5981,0.0
2015-02-16,2,Other,8,9.1,8-<10,-0.6,-9.7,0.4663,1.5573,2,-0.5067,0.5404,2,2.3868,2.7285,3,0.4994,11.5986,14.5986,3.0
2015-02-17,2,Other,8,9.9,8-<10,1.1,-8.8,-0.4727,1.2167,2,-1.2029,1.2498,2,0.5226,0.5261,3,-1.1325,14.5994,14.5994,0.0
2015-02-18,2,Other,8,5.3,<8,1.3,-4.0,0.0531,1.2963,2,-1.4783,1.4905,2,1.7342,1.8207,3,0.1695,11.6003,14.6003,3.0
2015-02-22,2,Other,8,10.3,10-<12,-0.9,-11.2,0.3537,2.2525,2,-2.3505,2.3609,2,3.1759,3.2345,3,1.1047,11.6061,14.6061,3.0
2015-02-23,2,Other,8,12.8,12-<15,2.2,-10.6,0.0308,1.3053,2,-0.3314,0.4873,2,1.3233,1.7655,3,-0.362,14.6081,14.6081,0.0
2015-02-25,2,Other,8,7.4,<8,-1.7,-9.1,-0.0159,1.6709,2,-1.3896,1.8932,2,2.1887,2.2733,3,0.0087,11.6125,14.6125,3.0
2015-02-26,2,Other,8,8.2,8-<10,0.0,-8.2,-0.1627,1.213,2,-1.3732,1.5877,2,1.4789,1.5103,3,-0.2258,11.615,14.615,3.0
2015-02-28,2,Other,8,7.1,<8,-2.1,-9.2,-0.337,0.7658,2,-0.6295,0.871,2,0.5797,0.6539,3,-0.5206,14.6206,14.6206,0.0
2015-03-01,3,Other,8,9.0,8-<10,-0.3,-9.3,-0.6678,1.4008,2,-1.7132,2.1229,2,1.034,1.0956,3,-0.901,14.6236,14.6236,0.0
2015-03-02,3,Other,8,7.8,<8,0.2,-7.6,0.2528,1.518,2,-1.5042,1.657,2,1.8356,2.1711,3,0.6784,14.6267,14.6267,0.0
2015-03-04,3,Other,8,9.9,8-<10,0.5,-9.4,-0.3345,1.056,2,-0.0786,0.2489,2,0.8354,0.9113,3,-0.783,11.6336,14.6336,3.0
2015-03-05,3,Other,8,8.2,8-<10,1.9,-6.3,0.7109,1.2057,2,0.2541,0.2568,2,1.673,1.6991,3,0.9851,11.6372,14.6372,3.0
2015-03-06,3,Other,8,9.7,8-<10,4.6,-5.1,-0.2372,1.9287,2,-0.7134,0.8449,2,2.6661,2.6661,3,-1.3827,11.6408,14.6408,3.0
2015-03-08,3,Other,8,6.3,<8,2.6,-3.7,-0.1803,0.938,2,-1.1215,1.5256,2,0.6332,0.6507,3,0.091,14.6489,14.6489,0.0
2015-03-09,3,Other,8,5.9,<8,2.0,-3.9,-0.04,0.7587,2,-0.3674,0.3728,2,0.8166,0.8172,3,-0.2275,11.6531,14.6531,3.0
2015-03-10,3,Other,8,7.6,<8,4.2,-3.4,0.0588,0.7292,2,-0.6464,0.9486,2,0.6939,0.761,3,0.1606,14.6572,14.6572,0.0
2015-03-11,3,Other,8,5.9,<8,4.0,-1.9,0.1432,0.8833,2,-0.6915,1.0427,2,1.3699,1.3724,3,0.0338,11.6617,14.6617,3.0
2015-03-14,3,Other,8,9.4,8-<10,4.9,-4.5,-0.3982,0.9819,2,-1.1413,1.3013,2,0.572,0.5721,3,-0.8371,14.6753,14.6753,0.0
2015-03-19,3,Other,8,10.1,10-<12,6.3,-3.8,-0.4807,1.0712,2,-1.0711,1.3048,2,0.3834,0.3959,3,-0.9272,14.7,14.7,0.0
2015-03-20,3,Other,8,11.7,10-<12,9.9,-1.8,-0.0664,1.1052,2,-0.9227,1.3123,2,0.8726,0.9568,3,-0.4778,14.705,14.705,0.0
2015-03-23,3,Other,8,13.1,12-<15,17.7,4.6,-1.4304,2.9745,2,-1.1988,1.2306,2,1.1318,1.1328,3,-3.3661,14.7208,14.7208,0.0
2015-03-27,3,Other,8,13.0,12-<15,13.8,0.8,-0.2476,1.1072,2,-0.3626,0.6597,2,0.6993,0.7044,3,-1.3194,14.7419,14.7419,0.0
2015-03-31,3,Other,8,4.1,<8,-2.7,-6.8,1.101,2.2785,2,-0.0996,1.1239,2,3.369,3.3691,3,-0.2241,23.7686,14.7633,-9.0053
2015-04-15,4,Other,8,7.5,<8,15.5,8.0,-0.4325,0.8061,2,-0.7932,1.0413,2,0.2565,0.2633,3,-0.49,14.8369,14.8369,0.0
2015-04-22,4,Other,8,8.6,8-<10,21.7,13.1,-0.1604,0.5128,2,-0.2641,0.2652,2,0.5456,0.6492,3,-0.5753,14.8642,14.8642,0.0
2015-04-26,4,Other,8,14.7,12-<15,31.3,16.6,-1.2182,1.9508,2,-2.6303,2.9811,2,0.314,0.3145,3,-1.4401,14.8769,14.8769,0.0
2015-04-29,4,Other,8,11.2,10-<12,20.9,9.7,-0.6189,1.2963,2,-1.0167,1.2667,2,0.2439,0.5152,3,-1.1558,14.885,14.885,0.0
2015-05-01,5,May-Sep,8,11.2,10-<12,21.1,9.9,-0.2726,0.7491,2,-1.0917,1.1376,2,0.1485,0.2106,3,-0.1257,14.8897,14.8897,0.0
2015-05-02,5,May-Sep,8,12.2,12-<15,23.7,11.5,-0.3654,1.0374,2,-1.5369,1.7622,2,0.4887,0.5007,3,-0.3586,14.8917,14.8917,0.0
2015-05-05,5,May-Sep,8,6.7,<8,18.7,12.0,-0.7485,1.8825,2,-2.2523,2.4417,2,0.0362,0.3645,3,-1.4035,14.8969,14.8969,0.0
2015-05-06,5,May-Sep,8,11.1,10-<12,24.1,13.0,-0.2394,1.0521,2,-1.3597,1.3666,2,0.317,0.7514,3,-0.3242,14.8983,14.8983,0.0
2015-05-08,5,May-Sep,8,11.5,10-<12,27.4,15.9,-0.4089,0.9771,2,-0.958,1.0086,2,0.7977,0.7977,3,-0.8844,14.9006,14.9006,0.0
2015-05-11,5,May-Sep,8,10.3,10-<12,27.2,16.9,-0.7647,1.8377,2,-2.8729,3.4814,2,0.1781,0.215,3,-0.1725,14.9028,14.9028,0.0
2015-05-12,5,May-Sep,8,4.7,<8,21.4,16.7,0.1677,2.1648,2,-1.1659,2.5296,2,1.2173,1.2496,3,-0.8068,5.9033,14.9033,9.0
2015-05-14,5,May-Sep,8,8.5,8-<10,22.8,14.3,-0.6469,1.4065,2,-0.425,0.4978,2,0.6927,0.7228,3,-1.9204,14.9036,14.9036,0.0
2015-05-24,5,May-Sep,8,5.0,<8,17.7,12.7,0.0373,1.035,2,-1.3089,1.4267,2,1.4133,1.4255,3,-0.1517,8.8961,14.8961,6.0
2015-05-27,5,May-Sep,8,8.3,8-<10,21.7,13.4,0.1213,0.636,2,0.0805,0.1291,2,0.6799,0.7037,3,-0.5561,14.8911,14.8911,0.0
2015-05-29,5,May-Sep,8,11.5,10-<12,26.7,15.2,-0.4432,1.0322,2,-1.0014,1.4199,2,0.5039,0.5443,3,-0.7518,14.8872,14.8872,0.0
2015-06-05,6,May-Sep,8,10.0,10-<12,29.0,19.0,-0.519,1.2948,2,-0.6762,0.7105,2,0.1032,0.1399,3,-1.3042,14.8697,14.8697,0.0
2015-06-06,6,May-Sep,8,11.9,10-<12,28.2,16.3,-1.1712,2.419,2,-0.0941,1.4584,2,0.1019,0.3123,3,-3.4818,14.8667,14.8667,0.0
2015-06-08,6,May-Sep,8,10.7,10-<12,27.7,17.0,-0.3552,1.3647,2,-1.0457,1.11,2,0.8214,0.84,3,-1.1695,14.8608,14.8608,0.0
2015-06-10,6,May-Sep,8,8.3,8-<10,21.0,12.7,-0.2336,0.9801,2,-1.4692,1.5266,2,1.0543,1.082,3,-0.1213,11.8544,14.8544,3.0
2015-06-11,6,May-Sep,8,10.8,10-<12,23.4,12.6,-0.7198,1.8233,2,-0.8541,1.1297,2,0.3721,0.8146,3,-1.9646,17.8511,14.8511,-3.0
2015-06-14,6,May-Sep,8,12.0,12-<15,31.6,19.6,0.104,1.4402,2,-0.8334,1.2552,2,2.064,2.324,3,-0.2563,11.8411,14.8411,3.0
2015-07-03,7,May-Sep,8,12.3,12-<15,32.0,19.7,-0.681,2.1379,2,-0.2435,0.7422,2,-0.1282,0.5355,3,-2.5443,14.7769,14.7769,0.0
2015-07-11,7,May-Sep,8,7.7,<8,22.9,15.2,0.9104,3.4293,2,-2.3338,2.4375,2,3.5065,3.5938,3,-0.5625,8.7558,14.7558,6.0
2015-08-16,8,May-Sep,8,10.4,10-<12,23.0,12.6,-0.1071,0.678,2,-0.9073,0.982,2,0.3833,0.3984,3,-0.1549,14.7747,14.7747,0.0
2015-09-11,9,May-Sep,8,12.6,12-<15,26.7,14.1,-2.5874,3.4455,2,-4.9312,5.0246,2,0.6081,0.618,3,-3.5774,14.9078,14.9078,0.0
2015-09-21,9,May-Sep,8,12.9,12-<15,23.4,10.5,-0.7155,1.2413,2,-1.495,1.7205,2,0.3326,0.3342,3,-0.7261,14.9694,14.9694,0.0
2015-10-01,10,Other,8,9.9,8-<10,14.6,4.7,-0.3613,1.0835,2,-1.9985,2.068,2,0.4369,0.497,3,0.1607,15.0272,15.0272,0.0
2015-10-07,10,Other,8,10.4,10-<12,13.5,3.1,-0.319,0.8656,2,-0.8822,1.3723,2,0.208,0.3579,3,-0.3101,15.0569,15.0569,0.0
2015-10-08,10,Other,8,10.6,10-<12,16.3,5.7,0.3676,0.7583,2,-0.5101,0.7788,2,0.7744,0.8218,3,0.5094,15.0614,15.0614,0.0
2015-10-10,10,Other,8,10.7,10-<12,20.7,10.0,-0.0255,1.2764,2,-0.0707,0.2695,2,1.0892,1.2895,3,-0.6975,15.07,15.07,0.0
2015-10-26,10,Other,8,7.4,<8,6.9,-0.5,0.2364,1.1399,2,-0.9309,1.4248,2,1.441,1.54,3,0.4405,15.1128,15.1128,0.0
2015-10-28,10,Other,8,2.6,<8,4.4,1.8,0.0614,0.7707,2,-0.5657,0.7925,2,1.1772,1.2205,3,-0.072,12.1144,15.1144,3.0
2015-11-05,11,Other,8,4.1,<8,0.2,-3.9,-0.3751,0.887,2,-0.7538,1.0343,2,0.724,0.7278,3,-0.9625,12.1119,15.1119,3.0
2015-11-25,11,Other,8,5.5,<8,1.1,-4.4,0.4284,1.2467,2,-0.6331,0.6597,2,2.2237,2.225,3,0.3235,12.0447,15.0447,3.0
2015-11-26,11,Other,8,6.5,<8,1.7,-4.8,0.7267,1.708,2,-0.2016,0.4497,2,3.2418,3.2894,3,0.17,12.0394,15.0394,3.0
2015-11-27,11,Other,8,1.9,<8,-2.6,-4.5,-0.2049,0.6416,2,-0.4787,0.4834,2,0.4992,0.6401,3,-0.7054,0.0339,15.0339,-9.0
2015-11-30,11,Other,8,6.8,<8,2.3,-4.5,-1.893,2.5998,2,-3.275,3.3492,2,-0.3457,0.7323,3,-2.901,15.0161,15.0161,0.0
2015-12-15,12,Other,8,14.1,12-<15,-4.3,-18.4,-0.7969,3.8697,2,-1.0398,1.6464,2,3.6432,3.6436,3,-4.0292,20.9106,14.9106,-6.0
2015-12-25,12,Other,7,17.7,15-<18,0.3,-17.4,-2.5616,4.3032,1,0.1583,0.1583,2,1.5549,1.9826,3,-5.4883,11.8328,14.8328,3.0
2017-11-24,11,Other,8,8.2,8-<10,0.7,-7.5,0.2813,1.6169,2,-1.7634,2.0454,2,2.067,2.1721,3,0.8011,12.05,15.05,3.0
2017-11-26,11,Other,8,12.5,12-<15,6.4,-6.1,0.3591,2.2826,2,-2.3491,3.1027,2,2.6496,2.7282,3,1.1681,12.0394,15.0394,3.0
2018-02-17,2,Other,8,6.5,<8,-4.5,-11.0,-0.04,1.4491,2,-1.2125,1.571,2,1.7239,1.8092,3,-0.1735,11.5994,14.5994,3.0
2018-02-21,2,Other,8,5.9,<8,-8.5,-14.4,-0.4445,1.6007,2,-1.9257,2.158,2,1.5948,1.8393,3,-0.4579,11.6044,14.6044,3.0
2018-02-22,2,Other,8,13.9,12-<15,1.6,-12.3,-2.1974,3.0991,2,-2.0312,2.364,2,-0.4297,1.0697,3,-3.4667,14.6061,14.6061,0.0
2018-02-25,2,Other,8,9.1,8-<10,3.2,-5.9,1.898,3.4173,2,-0.8305,1.455,2,6.1484,6.1523,3,1.2751,11.6125,14.6125,3.0
2018-02-27,2,Other,8,1.9,<8,-3.9,-5.8,0.06,0.6375,2,-0.2079,0.38,2,0.7959,0.796,3,-0.4428,2.6178,14.6178,-12.0
2018-03-05,3,Other,8,9.8,8-<10,5.6,-4.2,-0.0482,0.9667,2,-0.2707,0.4184,2,0.9007,1.0444,3,-0.2829,14.6372,14.6372,0.0
2018-06-26,6,May-Sep,8,10.0,10-<12,28.0,18.0,-0.0583,1.0452,2,-0.0944,0.4137,2,0.8353,0.8362,3,-0.9722,14.7994,14.7994,0.0
2018-07-02,7,May-Sep,8,10.7,10-<12,31.4,20.7,0.1464,1.0958,2,-0.9994,1.2056,2,1.5032,1.6223,3,0.1375,14.78,14.78,0.0
2018-07-05,7,May-Sep,8,10.0,10-<12,26.5,16.5,-0.6298,1.1338,2,-1.4944,1.6595,2,0.4898,0.5278,3,-1.1206,14.7711,14.7711,0.0
2018-08-02,8,May-Sep,8,10.2,10-<12,32.1,21.9,-0.0078,0.8119,2,-0.9438,1.0093,2,0.445,0.4681,3,0.3258,14.7417,14.7417,0.0
2018-09-16,9,May-Sep,6,13.2,12-<15,21.5,8.3,-0.9521,1.3047,1,-1.4762,1.4762,2,0.162,0.2872,2,-1.807,14.9389,14.9389,0.0
2018-09-20,9,May-Sep,8,12.6,12-<15,21.2,8.6,-0.5653,1.0912,2,-0.8416,1.3749,2,0.368,0.4349,3,-1.0037,14.9633,14.9633,0.0
2018-09-21,9,May-Sep,8,11.9,10-<12,22.6,10.7,-0.5228,1.0123,2,-1.1931,1.6429,2,0.4654,0.4666,3,-0.5928,14.9694,14.9694,0.0
2018-09-23,9,May-Sep,8,8.9,8-<10,22.4,13.5,0.5675,1.1326,2,-0.1559,0.2855,2,1.5399,1.7541,3,0.8705,11.9817,14.9817,3.0
2018-09-29,9,May-Sep,8,10.3,10-<12,21.9,11.6,0.1815,0.8485,2,-0.8498,0.8499,2,0.077,0.145,3,0.9691,15.0161,15.0161,0.0
2018-10-04,10,Other,8,7.4,<8,14.2,6.8,-0.0272,0.9494,2,-0.593,0.8266,2,0.8006,0.8954,3,-0.3043,15.0425,15.0425,0.0
2018-10-05,10,Other,8,10.3,10-<12,15.9,5.6,-0.1638,0.8905,2,-0.9239,1.5006,2,0.6938,0.7018,3,-0.2359,15.0475,15.0475,0.0
2018-10-07,10,Other,8,12.1,12-<15,18.3,6.2,-0.3566,0.8316,2,-0.9269,1.393,2,0.3294,0.3308,3,-0.1928,15.0569,15.0569,0.0
2018-10-10,10,Other,8,10.3,10-<12,18.2,7.9,0.0247,1.0746,2,-1.191,1.6007,2,0.9325,0.9904,3,0.5632,15.07,15.07,0.0
2018-10-11,10,Other,8,8.5,8-<10,17.2,8.7,0.0631,0.8998,2,-0.9186,1.4732,2,0.8184,0.8785,3,0.3529,15.0742,15.0742,0.0
2018-10-13,10,Other,8,10.8,10-<12,21.0,10.2,0.1989,0.8737,2,-0.598,0.7813,2,1.0434,1.1772,3,0.43,15.0817,15.0817,0.0
2018-10-15,10,Other,8,8.3,8-<10,11.6,3.3,-0.5658,0.9042,2,-1.2506,1.4799,2,0.256,0.293,3,-0.5319,15.0886,15.0886,0.0
2018-10-16,10,Other,8,6.7,<8,11.1,4.4,0.1357,0.9246,2,-1.0303,1.2062,2,1.0315,1.0839,3,0.4777,15.0917,15.0917,0.0
2018-10-22,10,Other,8,12.0,12-<15,14.8,2.8,0.3607,1.2655,2,-1.0559,1.6271,2,1.4613,1.485,3,0.9258,15.1067,15.1067,0.0
2019-03-12,3,Other,8,7.4,<8,2.1,-5.3,0.4741,1.4123,2,-0.4444,0.451,2,2.3625,2.3928,3,0.4961,11.6661,14.6661,3.0
2019-03-13,3,Other,7,3.1,<8,-2.0,-5.1,0.1527,0.3294,2,-0.1092,0.1513,1,0.4931,0.4931,3,0.324,11.6706,14.6706,3.0
2019-03-21,3,Other,8,7.9,<8,4.7,-3.2,-0.3412,0.8349,2,-0.9147,1.2968,2,0.493,0.493,3,-0.494,14.7103,14.7103,0.0
2019-10-23,10,Other,8,8.8,8-<10,5.0,-3.8,-0.218,0.7951,2,-1.1252,1.3857,2,0.438,0.46,3,0.1425,15.1086,15.1086,0.0
2019-10-24,10,Other,8,12.1,12-<15,10.2,-1.9,0.2907,1.409,2,-1.2294,1.6003,2,1.4307,1.4692,3,1.0896,12.1103,15.1103,3.0
2019-10-25,10,Other,8,11.6,10-<12,13.3,1.7,-0.1339,1.0146,2,-0.926,1.6039,2,0.8831,0.9639,3,-0.0081,15.1117,15.1117,0.0
2019-10-26,10,Other,8,9.8,8-<10,12.6,2.8,-0.4527,1.6544,2,-2.1679,2.3858,2,1.5962,1.7426,3,-0.286,12.1128,15.1128,3.0
2019-10-27,10,Other,8,10.6,10-<12,14.4,3.8,0.1689,1.3333,2,-1.2151,1.8346,2,1.191,1.331,3,0.7964,15.1136,15.1136,0.0
2019-10-28,10,Other,8,8.8,8-<10,12.6,3.8,-0.2594,1.3295,2,-1.7994,2.1636,2,1.1076,1.4337,3,-0.349,15.1144,15.1144,0.0
2019-10-30,10,Other,8,13.5,12-<15,18.2,4.7,-0.5447,2.5417,2,-3.0026,4.4447,2,1.4082,1.5257,3,0.4799,12.115,15.115,3.0
2019-11-01,11,Other,8,9.0,8-<10,15.3,6.3,0.4336,1.3049,2,-0.6841,1.0586,2,1.4123,1.6307,3,1.1466,12.115,15.115,3.0
2019-11-02,11,Other,8,8.7,8-<10,13.9,5.2,0.0294,1.0028,2,-0.6421,0.8512,2,1.0957,1.3558,3,0.2685,12.1147,15.1147,3.0
2019-11-04,11,Other,8,7.9,<8,12.5,4.6,0.0194,0.7826,2,-0.5326,0.9011,2,0.8399,0.9999,3,0.1917,15.1131,15.1131,0.0
2019-11-05,11,Other,8,6.5,<8,11.2,4.7,-0.6548,1.1635,2,-1.234,1.515,2,0.6661,0.679,3,-1.0496,12.1119,15.1119,3.0
2019-11-09,11,Other,8,9.0,8-<10,7.4,-1.6,0.338,1.5788,2,-1.1198,1.3612,2,2.2319,2.236,3,0.802,12.1056,15.1056,3.0
2019-11-10,11,Other,8,6.3,<8,5.8,-0.5,0.0477,0.9751,2,-0.4211,0.7928,2,1.4304,1.432,3,-0.1931,12.1033,15.1033,3.0
2019-11-13,11,Other,8,6.6,<8,2.6,-4.0,-0.0676,1.4526,2,-0.223,0.2231,2,1.2363,1.3115,3,-0.9379,15.0953,15.0953,0.0
2019-11-14,11,Other,8,7.4,<8,3.3,-4.1,0.2099,0.8706,2,-0.3935,0.8032,2,1.3299,1.3706,3,0.0159,15.0922,15.0922,0.0
2019-11-17,11,Other,8,6.6,<8,-4.0,-10.6,0.104,1.9603,2,-2.5755,2.8235,2,1.7813,2.195,3,0.9057,15.0817,15.0817,0.0
2019-11-18,11,Other,8,8.0,8-<10,-2.9,-10.9,0.1581,1.7191,2,-1.7877,2.4209,2,1.9461,1.9768,3,0.7587,12.0778,15.0778,3.0
2019-11-19,11,Other,8,14.2,12-<15,6.1,-8.1,-2.2773,3.2057,2,-3.3977,3.3988,2,-0.5223,2.1835,3,-2.77,18.0736,15.0736,-3.0
2019-11-24,11,Other,8,4.5,<8,-10.5,-15.0,-0.4209,0.8653,2,-0.3683,0.5242,2,0.3056,0.4987,3,-1.0888,15.05,15.05,0.0
2019-11-25,11,Other,8,4.7,<8,-8.8,-13.5,-0.398,1.2468,2,-1.2083,1.5837,2,0.6793,0.6796,3,-0.4314,12.0447,15.0447,3.0
2019-11-27,11,Other,8,4.8,<8,-7.6,-12.4,-0.2091,0.6046,2,-0.3672,0.5363,2,0.2665,0.2685,3,-0.2661,15.0339,15.0339,0.0
2019-11-29,11,Other,8,6.7,<8,-6.9,-13.6,0.1916,2.1787,2,-1.6711,1.7156,2,3.6167,3.6186,3,-0.2654,12.0222,15.0222,3.0
2019-12-02,12,Other,9,9.0,8-<10,-7.6,-16.6,-0.1327,1.6095,2,-1.9218,2.1934,2,1.7671,1.9264,4,0.1743,12.0033,15.0033,3.0
2019-12-03,12,Other,8,11.3,10-<12,-2.1,-13.4,0.0192,2.8104,2,-3.7555,3.915,2,3.7664,3.7737,3,0.5727,11.9969,14.9969,3.0
2019-12-04,12,Other,8,14.0,12-<15,0.4,-13.6,0.0384,5.2796,2,-7.1661,7.2292,2,5.1644,5.6391,3,2.5706,11.9903,14.9903,3.0
2019-12-05,12,Other,8,14.0,12-<15,0.4,-13.6,-0.2425,3.2534,2,-4.4398,4.6073,2,4.3671,4.4282,3,-0.7229,11.9836,14.9836,3.0
2019-12-07,12,Other,8,12.9,12-<15,3.3,-9.6,-2.7684,4.2135,2,-6.1656,6.2444,2,1.6167,1.6696,3,-3.6539,14.9697,14.9697,0.0
2019-12-08,12,Other,8,9.9,8-<10,3.3,-6.6,1.3393,2.9036,2,-0.9988,1.2778,2,5.2607,5.2905,3,1.0361,11.9625,14.9625,3.0
2019-12-09,12,Other,8,14.0,12-<15,5.1,-8.9,0.3856,2.7773,2,-2.5297,2.5409,2,4.08,4.2475,3,0.7033,11.9556,14.9556,3.0
2019-12-10,12,Other,8,14.1,12-<15,5.1,-9.0,1.8239,4.0771,2,-2.6942,2.7867,2,7.321,7.3263,3,1.0717,11.9481,14.9481,3.0
2019-12-11,12,Other,8,9.7,8-<10,2.3,-7.4,1.6425,3.5499,2,-1.2564,1.577,2,5.8945,5.9621,3,1.993,11.9408,14.9408,3.0
2019-12-12,12,Other,8,12.4,12-<15,2.3,-10.1,2.143,4.6564,2,-1.8949,1.924,2,8.6487,8.6731,3,1.2002,11.9333,14.9333,3.0
2019-12-13,12,Other,8,9.7,8-<10,-0.8,-10.5,0.4491,2.8357,2,-3.3834,3.5849,2,2.8005,3.1319,3,2.102,11.9258,14.9258,3.0
2019-12-14,12,Other,8,9.0,8-<10,-1.5,-10.5,-0.143,1.9124,2,-1.3896,1.6875,2,2.5436,2.5669,3,-1.2937,14.9183,14.9183,0.0
2019-12-15,12,Other,8,10.2,10-<12,0.4,-9.8,-2.5906,3.5543,2,-5.4278,5.4279,2,0.7929,0.8494,3,-3.0126,11.9106,14.9106,3.0
2019-12-16,12,Other,8,8.0,8-<10,0.4,-7.6,0.8092,2.8119,2,-2.6214,2.6583,2,4.3777,4.3978,3,0.961,11.9031,14.9031,3.0
2019-12-17,12,Other,8,6.1,<8,-1.8,-7.9,1.7518,2.4498,2,0.1579,0.162,2,3.8727,3.9082,3,0.6855,14.8953,14.8953,0.0
2019-12-18,12,Other,8,2.8,<8,-6.2,-9.0,-0.2948,1.1872,2,-1.4888,1.4977,2,0.9943,1.0133,3,-0.2612,11.8875,14.8875,3.0
2019-12-19,12,Other,8,4.8,<8,-6.3,-11.1,-0.0473,1.3434,2,-1.7285,1.7382,2,1.4921,1.4951,3,0.083,11.8797,14.8797,3.0
2019-12-20,12,Other,7,9.4,8-<10,-1.8,-11.2,0.9055,2.9014,2,-0.1774,0.5104,2,2.9133,3.7007,2,-1.9335,17.8719,14.8719,-3.0
2019-12-21,12,Other,8,10.6,10-<12,-1.8,-12.4,0.6701,5.1375,2,-4.8205,4.8206,2,7.5164,7.5174,3,-0.2032,2.8639,14.8639,-12.0
2019-12-22,12,Other,8,9.9,8-<10,-2.5,-12.4,-1.8195,2.7035,2,-3.6671,4.0414,2,0.5588,0.5626,3,-2.1013,14.8561,14.8561,0.0
2019-12-23,12,Other,8,7.8,<8,-2.1,-9.9,-0.5728,2.8876,2,-3.9362,3.9366,2,3.2755,3.3164,3,-0.8391,11.8483,14.8483,3.0
2019-12-24,12,Other,8,10.5,10-<12,-2.1,-12.6,0.8744,3.8039,2,-3.7004,3.7005,2,4.993,5.0287,3,0.8812,11.8406,14.8406,3.0
2019-12-25,12,Other,7,13.6,12-<15,-1.5,-15.1,-0.1489,2.631,2,-2.7969,2.8001,2,3.3133,3.4991,2,-1.5152,14.8328,14.8328,0.0
2019-12-26,12,Other,8,14.0,12-<15,-1.5,-15.5,0.5526,3.7562,2,-2.0343,2.4112,2,6.4704,6.491,3,-1.0915,11.825,14.825,3.0
2019-12-27,12,Other,8,14.0,12-<15,-1.5,-15.5,-1.2723,4.5642,2,-6.4916,6.6523,2,2.9773,4.2327,3,0.0474,11.8172,14.8172,3.0
2019-12-28,12,Other,8,12.8,12-<15,-1.5,-14.3,0.325,3.7151,2,-4.5581,5.0858,2,4.7813,4.8183,3,1.4693,11.8094,14.8094,3.0
2019-12-29,12,Other,8,13.7,12-<15,-1.5,-15.2,3.7376,5.3503,2,-0.5179,1.009,2,9.1279,9.1591,3,2.4372,11.8019,14.8019,3.0
2019-12-30,12,Other,8,5.7,<8,-9.5,-15.2,-0.45,1.4322,2,-1.7681,1.7772,2,1.6574,1.6783,3,-0.632,11.7942,14.7942,3.0
2019-12-31,12,Other,8,7.3,<8,-6.6,-13.9,-0.3615,1.7045,2,-2.0407,2.6183,2,1.7167,1.7183,3,-0.7612,14.7867,14.7867,0.0
2020-01-01,1,Other,8,9.3,8-<10,-3.8,-13.1,-0.7505,1.824,2,-2.3439,2.5305,2,1.5797,1.6922,3,-0.7052,11.7792,14.7792,3.0
2020-01-02,1,Other,8,7.5,<8,-3.8,-11.3,0.7016,2.1059,2,-0.9828,1.3365,2,3.6506,3.7244,3,-0.3306,11.7719,14.7719,3.0
2020-01-03,1,Other,8,7.6,<8,-6.9,-14.5,-0.5416,2.7725,2,-4.0782,4.0794,2,2.6928,2.7577,3,-0.632,11.7644,14.7644,3.0
2020-01-04,1,Other,8,9.5,8-<10,-5.0,-14.5,-0.2594,2.0659,2,-1.235,1.6922,2,2.8215,2.8927,3,-1.0368,11.7572,14.7572,3.0
2020-01-05,1,Other,8,11.7,10-<12,-3.0,-14.7,0.203,4.4069,2,-4.8762,4.962,2,5.5169,5.517,3,0.9812,11.75,14.75,3.0
2020-01-06,1,Other,8,11.7,10-<12,-3.0,-14.7,3.7684,5.1485,2,-0.374,0.3919,2,8.2736,8.3034,3,2.3515,14.7431,14.7431,0.0
2020-01-07,1,Other,8,10.1,10-<12,-4.5,-14.6,-0.1061,2.5292,2,-2.7004,2.7568,2,3.5178,3.6975,3,0.0826,11.7361,14.7361,3.0
2020-01-08,1,Other,8,9.8,8-<10,-4.5,-14.3,1.3174,2.73,2,-1.0123,1.108,2,5.0088,5.0117,3,0.7968,11.7292,14.7292,3.0
2020-01-09,1,Other,8,7.9,<8,-6.4,-14.3,-0.7002,2.0441,2,-2.1539,2.3294,2,2.2848,2.2938,3,-1.3626,11.7225,14.7225,3.0
2020-01-10,1,Other,8,11.7,10-<12,-6.6,-18.3,0.1202,3.6809,2,-0.5079,0.8255,2,4.2017,4.4196,3,-3.7353,20.7161,14.7161,-6.0
2020-01-11,1,Other,7,13.3,12-<15,-5.0,-18.3,-2.2788,3.6419,2,-5.4704,5.5284,1,2.4671,2.4671,3,-1.258,11.7094,14.7094,3.0
2020-01-12,1,Other,8,13.5,12-<15,-5.0,-18.5,3.1708,4.5396,2,0.2978,0.4522,2,7.7111,7.7388,3,1.2045,14.7033,14.7033,0.0
2020-01-13,1,Other,8,8.9,8-<10,-9.6,-18.5,-2.305,3.1276,2,-4.6845,4.7647,2,0.8412,0.8819,3,-3.1246,14.6969,14.6969,0.0
2020-01-14,1,Other,7,7.0,<8,-7.3,-14.3,-2.2426,2.9068,2,-3.3288,3.6152,2,0.1109,0.976,2,-3.7277,20.6911,14.6911,-6.0
2020-01-15,1,Other,8,8.9,8-<10,-3.1,-12.0,-0.7847,2.4927,2,-3.5713,3.5804,2,2.5025,2.5035,3,-0.5875,11.6853,14.6853,3.0
2020-01-16,1,Other,8,8.6,8-<10,-3.1,-11.7,-0.386,2.0201,2,-0.6304,0.8682,2,2.1917,2.3629,3,-2.0083,23.6739,14.6794,-8.9945
2020-01-17,1,Other,8,8.1,8-<10,-3.1,-11.2,0.9881,2.3523,2,-1.7005,1.734,2,3.6028,3.6412,3,1.1111,14.6739,14.6739,0.0
2020-01-18,1,Other,8,8.8,8-<10,-2.7,-11.5,0.3472,1.9168,2,-1.0533,1.7744,2,2.431,2.835,3,0.6876,11.6686,14.6686,3.0
2020-01-19,1,Other,8,10.8,10-<12,-2.7,-13.5,0.7369,3.7548,2,-3.2797,3.5507,2,5.7681,6.2107,3,0.4849,11.6633,14.6633,3.0
2020-01-20,1,Other,8,12.8,12-<15,-0.7,-13.5,-1.5585,2.6934,2,-4.1511,4.1998,2,1.6078,1.7342,3,-1.8839,11.6583,14.6583,3.0
2020-01-21,1,Other,8,11.2,10-<12,-0.7,-11.9,-0.0262,3.1206,2,-1.5324,2.465,2,2.9895,3.357,3,-0.8594,14.6533,14.6533,0.0
2020-01-22,1,Other,8,10.0,10-<12,-1.9,-11.9,0.8922,2.4848,2,-0.8423,0.9668,2,4.276,4.3938,3,0.5505,11.6486,14.6486,3.0
2020-01-23,1,Other,8,8.9,8-<10,-2.5,-11.4,1.2032,2.5141,2,-0.0983,0.1027,2,3.8002,4.0609,3,1.5231,11.6442,14.6442,3.0
2020-01-24,1,Other,7,15.8,15-<18,1.1,-14.7,-4.3379,5.7115,2,-8.0001,8.2077,2,0.4747,0.4796,2,-5.763,14.64,14.64,0.0
2020-01-25,1,Other,8,15.9,15-<18,1.1,-14.8,-0.6196,3.1294,2,-2.2729,3.2395,2,3.1752,3.2588,3,-2.4183,14.6358,14.6358,0.0
2020-01-26,1,Other,8,12.9,12-<15,-1.0,-13.9,0.2193,3.1948,2,-3.0989,3.1515,2,3.8002,3.8937,3,-0.1135,14.6319,14.6319,0.0
2020-01-27,1,Other,8,10.9,10-<12,-1.1,-12.0,0.5956,2.5588,2,-1.6653,1.7483,2,3.9671,4.0298,3,0.9563,11.6283,14.6283,3.0
2020-01-28,1,Other,8,12.9,12-<15,0.3,-12.6,-0.601,1.9406,2,-0.4616,0.7805,2,1.4184,1.4188,3,-1.2458,11.6247,14.6247,3.0
2020-01-29,1,Other,8,14.2,12-<15,0.3,-13.9,-0.3795,3.9697,2,-4.2007,4.4839,2,4.8442,4.9674,3,-1.5239,14.6214,14.6214,0.0
2020-01-30,1,Other,8,13.8,12-<15,-0.8,-14.6,2.1031,4.5678,2,-1.8074,2.3575,2,8.1451,8.1476,3,0.4233,11.6183,14.6183,3.0
2020-01-31,1,Other,8,9.6,8-<10,-5.0,-14.6,0.7987,2.2777,2,-1.544,1.6034,2,4.0795,4.0803,3,0.5682,11.6156,14.6156,3.0
2020-02-01,2,Other,8,9.8,8-<10,-6.3,-16.1,1.6821,3.7259,2,-2.5633,2.5859,2,5.8664,5.87,3,1.6944,11.6128,14.6128,3.0
2020-02-02,2,Other,8,7.5,<8,-8.9,-16.4,0.0649,1.0635,2,-0.0737,0.4556,2,1.6027,1.6888,3,-0.6597,14.6103,14.6103,0.0
2020-02-03,2,Other,8,11.3,10-<12,-5.1,-16.4,-1.1719,2.6711,2,-4.2122,4.3238,2,1.6821,1.7954,3,-0.4252,11.6081,14.6081,3.0
2020-02-04,2,Other,8,11.5,10-<12,-2.8,-14.3,0.101,2.1918,2,-1.7763,2.7094,2,2.7706,2.9184,3,0.0336,14.6061,14.6061,0.0
2020-02-05,2,Other,7,11.3,10-<12,-2.8,-14.1,0.6727,2.0776,2,-0.872,1.6729,2,3.3483,3.3846,2,-0.0172,14.6044,14.6044,0.0
2020-02-06,2,Other,8,15.5,15-<18,1.4,-14.1,-2.6504,4.3048,2,-4.849,5.1401,2,1.9003,2.0127,3,-4.0416,11.6028,14.6028,3.0
2020-02-07,2,Other,8,16.2,15-<18,6.0,-10.2,-1.4864,6.0673,2,-8.0602,8.0604,2,5.5944,5.7346,3,-0.9679,11.6014,14.6014,3.0
2020-02-08,2,Other,7,16.1,15-<18,7.6,-8.5,-1.5921,4.0165,2,-1.7384,4.1681,2,0.9158,1.007,3,-3.1664,14.6003,14.6003,0.0
2020-02-09,2,Other,8,16.1,15-<18,7.6,-8.5,-2.3433,7.1255,2,-8.3079,8.311,2,5.6777,6.8082,3,-6.502,20.5992,14.5992,-6.0
2020-02-10,2,Other,8,13.7,12-<15,5.5,-8.2,-1.2515,4.5379,2,-3.646,5.9541,2,3.8646,4.0127,3,-4.1528,23.5981,14.5986,-8.9995
2020-02-11,2,Other,8,14.2,12-<15,5.5,-8.7,0.2607,3.4582,2,-1.6224,1.9528,2,4.2282,4.4815,3,-1.4729,14.5981,14.5981,0.0
2020-02-12,2,Other,8,14.2,12-<15,3.0,-11.2,3.1848,5.5793,2,-1.4441,1.7551,2,9.3387,9.3733,3,1.6245,11.5978,14.5978,3.0
2020-02-13,2,Other,8,7.9,<8,-4.7,-12.6,0.2614,2.2124,2,-2.0297,2.354,2,1.9762,2.3698,3,1.1153,14.5978,14.5978,0.0
2020-02-14,2,Other,8,8.5,8-<10,-4.1,-12.6,-0.7092,1.2366,2,-1.504,1.5318,2,0.7277,0.8616,3,-0.8414,14.5978,14.5978,0.0
2020-02-15,2,Other,8,7.8,<8,-4.1,-11.9,0.3789,1.7444,2,-1.4076,1.5145,2,1.9471,2.0617,3,0.7823,14.5981,14.5981,0.0
2020-02-17,2,Other,8,13.1,12-<15,2.4,-10.7,-1.2093,4.3353,2,-5.7645,5.8141,2,3.689,3.861,3,-0.8174,11.5994,14.5994,3.0
2020-02-18,2,Other,8,11.9,10-<12,2.4,-9.5,2.0269,3.2707,2,-0.5163,0.6753,2,6.0543,6.0543,3,0.9906,11.6003,14.6003,3.0
2020-02-19,2,Other,8,8.9,8-<10,-0.4,-9.3,-1.4025,2.29,2,-3.4208,3.4908,2,1.0245,1.1222,3,-1.667,14.6017,14.6017,0.0
2020-02-20,2,Other,8,8.6,8-<10,1.8,-6.8,0.242,1.3619,2,-0.4854,0.8949,2,1.8071,2.0844,3,0.3751,11.6031,14.6031,3.0
2020-02-21,2,Other,8,10.5,10-<12,1.8,-8.7,1.4996,2.6266,2,-0.5498,0.6226,2,4.3509,4.3683,3,0.8336,14.6044,14.6044,0.0
2020-02-22,2,Other,8,8.7,8-<10,-0.2,-8.9,-0.4723,1.3961,2,-1.0868,1.3197,2,0.9117,0.9228,3,-1.3672,14.6061,14.6061,0.0
2020-02-23,2,Other,8,15.2,15-<18,6.3,-8.9,-2.947,4.535,2,-6.8467,7.1531,2,2.0214,2.0216,3,-3.6215,11.6081,14.6081,3.0
2020-02-24,2,Other,8,9.7,8-<10,6.3,-3.4,1.1057,3.3323,2,-2.5279,2.5292,2,5.4914,5.4919,3,0.5214,11.6103,14.6103,3.0
2020-02-25,2,Other,8,5.9,<8,2.9,-3.0,1.8505,2.5921,2,0.5258,0.6545,2,4.2127,4.2652,3,0.501,23.615,14.6125,-9.0025
2020-02-26,2,Other,8,11.4,10-<12,6.8,-4.6,1.2376,2.8789,2,-1.5225,1.5941,2,4.367,4.4406,3,1.8471,11.615,14.615,3.0
2020-02-27,2,Other,8,11.7,10-<12,6.8,-4.9,3.587,4.7671,2,1.241,1.6488,2,7.4013,7.4026,3,1.2976,14.6178,14.6178,0.0
2020-02-28,2,Other,8,5.8,<8,0.9,-4.9,-0.6561,1.8437,2,-1.9981,2.1447,2,0.5342,0.6401,3,-0.868,14.6206,14.6206,0.0
2020-02-29,2,Other,8,7.8,<8,2.9,-4.9,-0.1038,1.3106,2,-1.5214,2.2198,2,0.7295,0.8592,3,0.5814,14.6236,14.6236,0.0
2020-03-01,3,Other,8,8.2,8-<10,3.3,-4.9,-0.1848,1.3015,2,-1.5006,1.513,2,1.554,1.6262,3,-0.2715,14.6267,14.6267,0.0
2020-03-02,3,Other,8,7.6,<8,3.3,-4.3,0.3906,1.3642,2,-1.0642,1.4219,2,2.1071,2.1728,3,0.3168,14.63,14.63,0.0
2020-03-03,3,Other,8,10.5,10-<12,6.2,-4.3,-1.165,1.7169,2,-2.4455,2.5808,2,0.689,0.7232,3,-1.4082,14.6336,14.6336,0.0
2020-03-04,3,Other,8,8.9,8-<10,6.2,-2.7,-1.072,1.8545,2,-2.6474,2.6831,2,1.0696,1.1401,3,-1.6113,14.6372,14.6372,0.0
2020-03-05,3,Other,8,8.3,8-<10,7.3,-1.0,0.19,1.0347,2,-0.8635,1.281,2,0.522,0.5766,3,0.5107,14.6408,14.6408,0.0
2020-03-06,3,Other,8,8.6,8-<10,7.3,-1.3,0.9262,1.6926,2,-0.7516,0.828,2,3.0561,3.0641,3,0.4941,11.6447,14.6447,3.0
2020-03-07,3,Other,8,13.5,12-<15,4.6,-8.9,0.2778,6.4225,2,-7.5602,7.7454,2,7.3498,7.3502,3,0.2425,5.6489,14.6489,9.0
2020-03-08,3,Other,8,11.8,10-<12,1.0,-10.8,2.42,3.5575,2,-0.3348,0.3579,2,5.6332,5.6355,3,1.7116,14.6531,14.6531,0.0
2020-03-09,3,Other,8,11.4,10-<12,0.6,-10.8,-1.4367,2.3555,2,-3.4696,3.928,2,0.7658,0.7899,3,-1.4424,14.6572,14.6572,0.0
2020-03-10,3,Other,8,10.4,10-<12,1.6,-8.8,-1.3168,1.9028,2,-2.0985,2.3841,2,0.4418,0.4431,3,-2.1358,14.6617,14.6617,0.0
2020-03-11,3,Other,8,10.5,10-<12,2.9,-7.6,-2.0121,3.075,2,-4.8102,4.8831,2,1.3874,1.4709,3,-2.3785,11.6661,14.6661,3.0
2020-03-13,3,Other,8,9.4,8-<10,4.9,-4.5,-1.1107,2.0172,2,-3.4913,3.5021,2,0.872,0.8769,3,-0.9371,14.6753,14.6753,0.0
2020-03-14,3,Other,7,10.2,10-<12,8.2,-2.0,0.0013,0.5264,1,-0.1981,0.1981,2,0.517,0.5183,3,-0.3791,14.68,14.68,0.0
2020-03-15,3,Other,8,12.2,12-<15,10.6,-1.6,-1.0072,1.3925,2,-2.2893,2.3148,2,0.326,0.3298,3,-1.079,14.685,14.685,0.0
2020-03-16,3,Other,8,12.9,12-<15,13.6,0.7,-0.1135,0.7751,2,-0.5463,0.7488,2,0.4789,0.49,3,-0.4184,14.69,14.69,0.0
2020-03-17,3,Other,8,15.1,15-<18,16.0,0.9,-2.0986,2.7752,2,-3.847,3.8541,2,-0.0747,0.0882,3,-2.5978,14.695,14.695,0.0
2020-03-18,3,Other,8,13.3,12-<15,18.1,4.8,-0.267,1.1289,2,-0.4732,0.9867,2,0.7065,0.7797,3,-0.1504,14.7,14.7,0.0
2020-03-19,3,Other,8,13.5,12-<15,18.1,4.6,-0.1122,2.2396,2,-3.1609,3.1619,2,3.0453,3.0455,3,-0.3999,14.705,14.705,0.0
2020-03-20,3,Other,8,12.7,12-<15,15.5,2.8,4.9481,6.6622,2,0.6771,1.0089,2,11.3546,11.4007,3,2.8333,11.7103,14.7103,3.0
2020-03-21,3,Other,8,11.2,10-<12,12.4,1.2,-0.4182,0.7683,2,-0.3128,0.3128,2,0.2626,0.2746,3,-1.1307,14.7156,14.7156,0.0
2020-03-22,3,Other,8,11.2,10-<12,12.4,1.2,-1.2363,2.0164,2,-2.0898,2.3023,2,0.865,0.8652,3,-2.3695,14.7208,14.7208,0.0
2020-03-23,3,Other,8,15.2,15-<18,16.6,1.4,-0.6436,3.3165,2,-4.641,4.6672,2,0.9878,1.3427,3,0.9197,14.7261,14.7261,0.0
2020-03-24,3,Other,8,18.3,18-<20,16.6,-1.7,4.3428,6.3698,2,-0.4415,2.0773,2,10.1248,10.1279,3,2.2185,14.7314,14.7314,0.0
2020-03-25,3,Other,8,10.1,10-<12,6.4,-3.7,1.7502,2.3116,2,1.4737,1.9941,2,3.0982,3.1039,3,0.4718,14.7367,14.7367,0.0
2020-03-26,3,Other,8,8.7,8-<10,5.0,-3.7,-0.6239,1.1045,2,-0.4688,0.8111,2,0.0473,0.0748,3,-1.4591,14.7419,14.7419,0.0
2020-03-27,3,Other,8,12.1,12-<15,8.4,-3.7,-1.4903,1.955,2,-2.3577,2.3578,2,0.064,0.4264,3,-2.3444,14.7472,14.7472,0.0
2020-03-28,3,Other,8,13.7,12-<15,12.3,-1.4,-1.2418,1.6697,2,-1.8777,2.0275,2,0.1059,0.2076,3,-1.8029,14.7528,14.7528,0.0
2020-03-29,3,Other,8,12.9,12-<15,12.3,-0.6,2.976,6.2435,2,-3.2562,3.6647,2,8.9635,9.2851,3,1.1674,8.7581,14.7581,6.0
2020-03-30,3,Other,8,7.4,<8,6.8,-0.6,0.024,0.4764,2,-0.5554,0.5646,2,0.4428,0.4456,3,0.0288,14.7633,14.7633,0.0
2020-03-31,3,Other,8,13.2,12-<15,12.6,-0.6,-0.813,2.7036,2,0.0517,0.2073,2,0.2979,0.3529,3,-3.0611,14.7686,14.7686,0.0
2020-04-01,4,Other,8,15.1,15-<18,14.5,-0.6,-4.2015,5.3447,2,-6.7958,7.0365,2,0.0707,0.1353,3,-6.2395,14.7739,14.7739,0.0
2020-04-02,4,Other,8,8.2,8-<10,16.3,8.1,-0.3721,1.0769,2,-1.2535,1.3896,2,0.8425,0.8787,3,-0.8929,14.7792,14.7792,0.0
2020-04-03,4,Other,8,12.7,12-<15,18.3,5.6,-1.3618,2.3317,2,-1.7272,2.5287,2,0.639,0.6409,3,-2.7174,14.7842,14.7842,0.0
2020-04-04,4,Other,8,13.0,12-<15,18.7,5.7,-1.5954,2.1476,2,-2.4431,2.4471,2,0.4709,0.5687,3,-2.5735,14.7894,14.7894,0.0
2020-04-05,4,Other,8,12.9,12-<15,19.4,6.5,-0.7502,1.257,2,-1.0908,1.6958,2,0.38,0.4344,3,-1.1733,14.7944,14.7944,0.0
2020-04-06,4,Other,8,15.6,15-<18,22.1,6.5,-1.9408,2.338,2,-3.4571,3.4585,2,-0.1992,0.274,3,-2.4015,14.7994,14.7994,0.0
2020-04-07,4,Other,8,12.5,12-<15,22.7,10.2,-0.234,0.6733,2,-0.58,0.7443,2,0.4115,0.5603,3,-0.6277,14.8044,14.8044,0.0
2020-04-08,4,Other,8,13.4,12-<15,23.9,10.5,-1.2967,1.6199,2,-2.2686,2.4263,2,-0.1965,0.3487,3,-1.4522,14.8094,14.8094,0.0
2020-04-09,4,Other,8,16.8,15-<18,23.9,7.1,0.5371,3.5021,2,-2.8723,3.1516,2,4.0791,4.1369,3,-0.1582,14.8142,14.8142,0.0
2020-04-10,4,Other,8,15.9,15-<18,21.0,5.1,5.7635,7.5242,2,2.1121,3.5097,2,12.142,12.1717,3,2.6887,11.8189,14.8189,3.0
2020-04-11,4,Other,8,9.2,8-<10,13.8,4.6,0.1471,0.7899,2,0.1392,0.2634,2,0.4395,0.443,3,-0.4835,14.8236,14.8236,0.0
2020-04-12,4,Other,8,14.2,12-<15,19.0,4.8,-1.2248,2.0769,2,-1.2572,1.3113,2,0.2604,0.684,3,-2.7877,14.8281,14.8281,0.0
2020-04-13,4,Other,8,16.5,15-<18,23.1,6.6,-2.3916,3.0652,2,-2.9805,3.0115,2,-0.0888,0.2947,3,-4.1987,14.8325,14.8325,0.0
2020-04-14,4,Other,8,12.8,12-<15,23.1,10.3,1.0946,2.7875,2,-1.4724,1.5857,2,3.9577,3.96,3,0.2207,14.8369,14.8369,0.0
2020-04-15,4,Other,8,7.6,<8,19.2,11.6,0.7956,1.3858,2,0.7903,1.1332,2,1.7513,1.7684,3,-0.332,14.8411,14.8411,0.0
2020-04-16,4,Other,8,8.6,8-<10,17.6,9.0,1.2582,2.6164,2,0.0756,2.1932,2,1.7373,1.7565,3,0.7706,14.8453,14.8453,0.0
2020-04-17,4,Other,8,7.7,<8,16.0,8.3,1.4897,1.9458,2,1.2853,1.8386,2,2.1475,2.3095,3,0.5569,17.8494,14.8494,-3.0
2020-04-18,4,Other,8,8.8,8-<10,17.0,8.2,-0.7472,1.1431,2,-1.1542,1.1546,2,0.3275,0.4241,3,-1.3473,14.8533,14.8533,0.0
2020-04-19,4,Other,8,11.2,10-<12,20.4,9.2,-0.0733,0.7142,2,-0.7941,0.9303,2,0.7734,0.7738,3,-0.3998,14.8572,14.8572,0.0
2020-04-20,4,Other,8,10.8,10-<12,20.4,9.6,-0.4177,2.0712,2,-2.9706,2.9809,2,2.2015,2.3802,3,-0.6778,14.8608,14.8608,0.0
2020-04-21,4,Other,8,10.4,10-<12,22.2,11.8,0.1999,1.007,2,-0.9985,1.1505,2,1.2795,1.2978,3,-0.0554,14.8642,14.8642,0.0
2020-04-22,4,Other,8,13.6,12-<15,24.7,11.1,-0.6607,1.178,2,-0.9414,1.1911,2,0.8257,0.8359,3,-1.4273,14.8678,14.8678,0.0
2020-04-23,4,Other,8,13.9,12-<15,25.3,11.4,-2.0551,2.8314,2,-2.9039,2.9626,2,-0.0407,0.1429,3,-3.2829,14.8708,14.8708,0.0
2020-04-24,4,Other,8,11.8,10-<12,25.7,13.9,-2.8744,3.7913,2,-4.7293,4.9634,2,0.3463,0.3777,3,-4.4522,14.8742,14.8742,0.0
2020-04-25,4,Other,8,7.0,<8,27.2,20.2,-0.1593,0.6952,2,-0.6478,0.7214,2,0.4543,0.4803,3,-0.281,14.8769,14.8769,0.0
2020-04-26,4,Other,8,7.4,<8,29.0,21.6,-0.1811,0.7943,2,-0.8444,0.9039,2,0.8304,0.831,3,-0.3747,11.8797,14.8797,3.0
2020-04-27,4,Other,8,12.4,12-<15,31.0,18.6,-1.1593,2.8826,2,-4.2435,4.4403,2,1.2656,1.3873,3,-0.8644,14.8825,14.8825,0.0
2020-04-28,4,Other,8,14.5,12-<15,31.4,16.9,-0.5634,0.9525,2,-1.1761,1.3823,2,0.2858,0.286,3,-0.602,14.885,14.885,0.0
2020-04-29,4,Other,8,15.0,15-<18,32.4,17.4,-0.8816,1.279,2,-1.6392,1.7763,2,0.3074,0.4224,3,-1.0699,14.8875,14.8875,0.0
2020-04-30,4,Other,8,19.3,18-<20,32.4,13.1,1.6972,4.2453,2,-0.583,3.025,2,6.0413,6.0667,3,-1.1506,14.8897,14.8897,0.0
2020-05-01,5,May-Sep,8,14.9,12-<15,26.4,11.5,4.3047,6.0197,2,0.5689,2.9927,2,9.9701,9.9865,3,2.1994,11.8917,14.8917,3.0
2020-05-02,5,May-Sep,8,11.3,10-<12,22.4,11.1,-0.7012,1.3622,2,-0.8437,0.918,2,0.1972,0.3597,3,-1.5348,14.8936,14.8936,0.0
2020-05-03,5,May-Sep,8,15.4,15-<18,27.0,11.6,-1.5822,2.0991,2,-2.3781,2.3975,2,-0.2043,0.4508,3,-2.5694,14.8953,14.8953,0.0
2020-05-04,5,May-Sep,8,13.6,12-<15,27.0,13.4,2.0289,4.5564,2,-2.5555,2.9307,2,6.8102,6.9005,3,1.2801,14.8969,14.8969,0.0
2020-05-05,5,May-Sep,8,16.9,15-<18,24.2,7.3,0.1482,4.8241,2,-5.1779,5.3428,2,3.3602,3.9961,3,1.764,14.8983,14.8983,0.0
2020-05-06,5,May-Sep,8,17.9,15-<18,24.2,6.3,5.8247,7.9714,2,1.8983,4.5866,2,11.5028,11.5457,3,2.3648,14.8994,14.8994,0.0
2020-05-07,5,May-Sep,8,11.2,10-<12,17.4,6.2,-0.4106,0.8647,2,-0.8834,0.9962,2,-0.134,0.3583,3,-0.5314,14.9006,14.9006,0.0
2020-05-08,5,May-Sep,8,15.7,15-<18,23.3,7.6,-1.0337,1.5747,2,-2.2066,2.2112,2,0.0948,0.4139,3,-1.3588,14.9014,14.9014,0.0
2020-05-09,5,May-Sep,8,15.2,15-<18,25.1,9.9,-1.5116,1.9161,2,-1.6408,1.6952,2,-0.2213,0.7524,3,-2.5927,14.9022,14.9022,0.0
2020-05-10,5,May-Sep,8,14.4,12-<15,25.7,11.3,-2.3682,3.6091,2,-4.7573,5.2074,2,0.6305,0.6314,3,-3.6069,14.9028,14.9028,0.0
2020-05-11,5,May-Sep,8,10.3,10-<12,28.7,18.4,-0.5438,1.6097,2,-1.4454,1.9168,2,1.1804,1.275,3,-1.4722,14.9033,14.9033,0.0
2020-05-12,5,May-Sep,8,10.2,10-<12,28.7,18.5,0.9759,1.9329,2,0.3547,0.483,2,2.3388,2.3635,3,0.4015,14.9036,14.9036,0.0
2020-05-13,5,May-Sep,8,10.0,10-<12,26.9,16.9,0.8942,2.0649,2,-0.4235,0.4592,2,3.6033,3.9407,3,-0.1847,11.9036,14.9036,3.0
2020-05-14,5,May-Sep,8,10.1,10-<12,27.0,16.9,-0.0971,0.6234,2,-0.6223,0.6224,2,0.0496,0.3526,3,-0.1571,14.9036,14.9036,0.0
2020-05-15,5,May-Sep,8,11.9,10-<12,29.8,17.9,-0.5552,0.9342,2,-1.4585,1.5212,2,0.0954,0.2243,3,-0.6397,14.9033,14.9033,0.0
2020-05-16,5,May-Sep,8,13.1,12-<15,29.8,16.7,2.8939,3.8406,2,1.9482,2.5846,2,5.6774,5.678,3,0.7505,14.9031,14.9031,0.0
2020-05-17,5,May-Sep,8,8.2,8-<10,25.1,16.9,-0.476,1.1686,2,-0.3799,0.6406,2,0.3683,0.3696,3,-1.6307,14.9025,14.9025,0.0
2020-05-18,5,May-Sep,8,9.8,8-<10,27.9,18.1,0.0025,0.9295,2,-0.0666,0.0797,2,0.8767,0.8802,3,-0.8994,14.9017,14.9017,0.0
2020-05-19,5,May-Sep,8,9.4,8-<10,28.0,18.6,0.1906,0.6952,2,-0.7592,0.833,2,0.8524,0.8893,3,0.2611,14.9008,14.9008,0.0
2020-05-20,5,May-Sep,8,12.1,12-<15,28.0,15.9,1.4764,3.2638,2,-0.1269,2.1339,2,4.3979,4.4533,3,-0.3775,14.9,14.9,0.0
2020-05-21,5,May-Sep,8,11.1,10-<12,23.1,12.0,3.0553,5.3148,2,-0.0392,2.3364,2,8.6084,8.7199,3,0.1888,2.8989,14.8989,-12.0
2020-05-22,5,May-Sep,8,12.7,12-<15,24.7,12.0,-0.7109,1.5238,2,-0.3612,0.4635,2,-0.131,0.7408,3,-1.7778,14.8975,14.8975,0.0
2020-05-23,5,May-Sep,8,14.3,12-<15,27.0,12.7,-1.3004,2.2565,2,-3.0284,3.1155,2,0.8303,0.847,3,-2.1438,14.8961,14.8961,0.0
2020-05-24,5,May-Sep,8,12.8,12-<15,27.0,14.2,3.0934,4.8665,2,1.7102,4.3691,2,4.9192,4.9424,3,0.8877,14.8947,14.8947,0.0
2020-05-25,5,May-Sep,8,12.6,12-<15,26.6,14.0,-0.5032,1.3202,2,-1.0284,1.0369,2,0.1335,0.6778,3,-1.1967,14.8931,14.8931,0.0
2020-05-26,5,May-Sep,8,14.1,12-<15,29.8,15.7,-0.6052,1.1117,2,-0.221,0.3231,2,0.0515,0.35,3,-1.5546,14.8911,14.8911,0.0
2020-05-27,5,May-Sep,8,14.8,12-<15,31.3,16.5,-2.2841,2.9477,2,-3.2456,3.2571,2,-0.0848,0.4897,3,-3.895,14.8892,14.8892,0.0
2020-05-28,5,May-Sep,8,16.1,15-<18,31.3,15.2,3.9996,5.4357,2,1.1581,3.0029,2,8.0455,8.0805,3,1.8942,14.8872,14.8872,0.0
2020-05-29,5,May-Sep,8,11.3,10-<12,26.2,14.9,-0.4292,0.9919,2,-1.3468,1.4579,2,0.3677,0.4339,3,-0.6028,14.885,14.885,0.0
2020-05-30,5,May-Sep,8,14.1,12-<15,30.0,15.9,-1.14,2.0406,2,-1.6003,1.8403,2,0.5142,0.5581,3,-2.2729,14.8825,14.8825,0.0
2020-05-31,5,May-Sep,8,12.4,12-<15,30.0,17.6,-0.9579,2.3483,2,-1.8432,2.339,2,0.9116,1.0837,3,-2.4642,14.8803,14.8803,0.0
2020-06-01,6,May-Sep,8,11.3,10-<12,31.3,20.0,-0.4393,0.7466,2,-1.161,1.3662,2,0.1751,0.2138,3,-0.4264,14.8778,14.8778,0.0
2020-06-02,6,May-Sep,8,12.4,12-<15,32.8,20.4,-0.5353,0.8991,2,-1.0702,1.4773,2,-0.083,0.3893,3,-0.6567,14.875,14.875,0.0
2020-06-03,6,May-Sep,8,11.5,10-<12,32.8,21.3,-0.401,1.1904,2,-1.7311,1.9202,2,0.6189,0.8472,3,-0.4984,14.8725,14.8725,0.0
2020-06-04,6,May-Sep,7,9.9,8-<10,32.3,22.4,0.4775,1.1379,2,-0.3564,0.4324,2,1.8087,1.8109,2,-0.3906,14.8697,14.8697,0.0
2020-06-05,6,May-Sep,7,21.6,>=20,31.2,9.6,-1.8576,7.6166,2,-8.9047,9.3201,1,2.8948,2.8948,3,0.5353,14.8667,14.8667,0.0
2020-06-06,6,May-Sep,8,20.3,>=20,29.9,9.6,5.1946,7.2002,2,3.0638,4.8776,2,10.5983,10.6656,3,1.0531,17.8639,14.8639,-3.0
2020-06-07,6,May-Sep,8,8.3,8-<10,20.1,11.8,-0.2754,0.8538,2,-0.3256,0.8341,2,0.4511,0.6348,3,-0.9935,14.8608,14.8608,0.0
2020-06-08,6,May-Sep,8,11.4,10-<12,23.9,12.5,-0.3104,0.8409,2,-0.4783,0.4852,2,0.0858,0.3227,3,-0.8072,14.8575,14.8575,0.0
2020-06-09,6,May-Sep,8,13.6,12-<15,27.6,14.0,-0.7535,1.5027,2,-0.8032,0.9031,2,0.1197,0.3012,3,-1.7662,14.8544,14.8544,0.0
2020-06-10,6,May-Sep,8,12.2,12-<15,27.6,15.4,-0.4976,1.9585,2,-2.5268,2.5527,2,1.7471,1.7817,3,-1.4131,14.8511,14.8511,0.0
2020-06-11,6,May-Sep,8,7.2,<8,26.0,18.8,0.3924,0.7737,2,-0.4013,0.6878,2,1.166,1.1964,3,0.2482,14.8478,14.8478,0.0
2020-06-12,6,May-Sep,8,8.4,8-<10,26.2,17.8,0.5614,1.0851,2,1.0162,1.1255,2,0.7035,1.4727,3,-0.1521,17.8444,14.8444,-3.0
2020-06-13,6,May-Sep,8,10.5,10-<12,28.4,17.9,-0.584,2.037,2,-2.5917,2.8628,2,1.3436,1.5373,3,-1.0701,14.8411,14.8411,0.0
2020-06-14,6,May-Sep,8,8.6,8-<10,28.4,19.8,1.0065,1.4726,2,0.3276,0.5796,2,1.5456,1.7632,3,0.9418,14.8378,14.8378,0.0
2020-06-15,6,May-Sep,8,10.4,10-<12,29.8,19.4,-0.2089,0.7988,2,-0.8732,1.2246,2,0.4021,0.563,3,-0.391,14.8344,14.8344,0.0
2020-06-16,6,May-Sep,8,14.2,12-<15,33.4,19.2,-0.2605,1.2122,2,-1.0151,1.4862,2,1.104,1.3123,3,-0.469,14.8308,14.8308,0.0
2020-06-17,6,May-Sep,8,15.8,15-<18,33.4,17.6,1.0942,3.3265,2,-1.3801,2.3741,2,4.6722,4.6738,3,-0.7213,14.8275,14.8275,0.0
2020-06-18,6,May-Sep,8,11.9,10-<12,29.2,17.3,2.2693,2.8313,2,0.7762,1.104,2,4.4782,4.5644,3,1.6017,14.8239,14.8239,0.0
2020-06-19,6,May-Sep,8,11.1,10-<12,27.0,15.9,2.2863,3.9052,2,-0.5721,1.3306,2,6.4215,6.4744,3,0.9165,11.8203,14.8203,3.0
2020-06-20,6,May-Sep,8,16.7,15-<18,28.7,12.0,-0.8192,1.9222,2,-2.925,2.9577,2,-0.1684,0.3106,3,-0.1232,14.8169,14.8169,0.0
2020-06-21,6,May-Sep,8,16.7,15-<18,28.7,12.0,4.7928,6.1509,2,3.1659,4.6748,2,8.9336,8.9748,3,1.8152,14.8133,14.8133,0.0
2020-06-22,6,May-Sep,8,12.4,12-<15,24.0,11.6,-0.5062,1.273,2,-0.7461,0.8248,2,-0.0419,0.5375,3,-1.4115,14.8097,14.8097,0.0
2020-06-23,6,May-Sep,8,13.7,12-<15,27.4,13.7,-1.0488,1.81,2,-1.6113,1.72,2,0.3422,0.346,3,-2.2123,14.8064,14.8064,0.0
2020-06-24,6,May-Sep,8,10.3,10-<12,27.4,17.1,0.3381,1.79,2,-1.8958,1.9002,2,1.5688,1.689,3,0.5422,17.8031,14.8031,-3.0
2020-06-25,6,May-Sep,8,12.2,12-<15,30.4,18.2,0.1851,1.8135,2,-2.0332,2.1226,2,2.872,2.8731,3,-0.1241,11.7994,14.7994,3.0
2020-06-26,6,May-Sep,8,12.2,12-<15,30.4,18.2,-0.3667,1.7774,2,0.4564,0.4697,2,0.523,0.5887,3,-1.8212,14.7961,14.7961,0.0
2020-06-27,6,May-Sep,8,14.2,12-<15,32.9,18.7,-1.1185,3.0174,2,-4.0074,4.3625,2,2.3712,2.3815,3,-1.9583,11.7928,14.7928,3.0
2020-06-28,6,May-Sep,8,20.2,>=20,32.9,12.7,4.0781,7.9658,2,-2.0349,4.3203,2,11.5147,11.5149,3,1.3591,8.7894,14.7894,6.0
2020-06-29,6,May-Sep,8,13.3,12-<15,22.7,9.4,5.8035,7.8873,2,2.2969,4.2884,2,12.0691,12.0851,3,2.4622,2.7864,14.7864,-12.0
2020-06-30,6,May-Sep,8,12.8,12-<15,22.2,9.4,-1.037,1.5229,2,-1.9161,2.0206,2,-0.0047,0.2967,3,-1.442,14.7831,14.7831,0.0
2020-07-01,7,May-Sep,8,15.1,15-<18,26.6,11.5,-1.7472,2.4617,2,-1.9539,2.0153,2,-0.1217,0.7222,3,-3.2271,14.78,14.78,0.0
2020-07-02,7,May-Sep,8,15.1,15-<18,30.0,14.9,-1.864,2.4994,2,-2.2225,2.5991,2,-0.2712,0.6231,3,-3.391,14.7769,14.7769,0.0
2020-07-03,7,May-Sep,8,12.1,12-<15,31.5,19.4,0.698,2.0865,2,-1.268,1.268,2,3.6324,3.7522,3,0.3682,11.7739,14.7739,3.0
2020-07-04,7,May-Sep,8,11.1,10-<12,31.5,20.4,0.6833,1.5722,2,1.0753,1.298,2,1.4337,1.4348,3,-0.8446,14.7711,14.7711,0.0
2020-07-05,7,May-Sep,8,12.7,12-<15,30.4,17.7,2.6035,4.3508,2,2.4223,3.0193,2,5.652,5.7001,3,-0.5927,17.7683,14.7683,-3.0
2020-07-06,7,May-Sep,8,8.8,8-<10,25.0,16.2,0.9734,2.6796,2,-1.7184,1.8948,2,4.1511,4.217,3,0.2443,8.7656,14.7656,6.0
2020-07-07,7,May-Sep,8,7.7,<8,23.7,16.0,0.508,1.5393,2,-0.4963,0.7748,2,1.4071,2.121,3,-0.1979,17.7631,14.7631,-3.0
2020-07-08,7,May-Sep,8,13.7,12-<15,30.6,16.9,-0.4148,1.2708,2,-0.9507,1.212,2,0.7507,0.8331,3,-0.9398,14.7606,14.7606,0.0
2020-07-09,7,May-Sep,8,12.7,12-<15,30.6,17.9,0.6828,2.1687,2,-0.4561,1.302,2,3.4014,3.4033,3,-0.9204,14.7581,14.7581,0.0
2020-07-10,7,May-Sep,8,10.0,10-<12,29.8,19.8,-0.0167,0.7106,2,-0.8368,0.8368,2,0.789,0.9325,3,0.0193,14.7558,14.7558,0.0
2020-07-11,7,May-Sep,8,9.7,8-<10,29.8,20.1,1.6349,2.8448,2,-0.288,0.6436,2,5.2039,5.3214,3,0.6687,11.7536,14.7536,3.0
2020-07-12,7,May-Sep,8,10.1,10-<12,28.2,18.1,3.3505,4.4841,2,1.6061,2.7837,2,6.1329,6.1433,3,1.7152,14.7517,14.7517,0.0
2020-07-13,7,May-Sep,8,8.8,8-<10,26.0,17.2,-0.0924,0.5835,2,-0.021,0.0303,2,0.4489,0.4713,3,-0.7177,14.7497,14.7497,0.0
2020-07-14,7,May-Sep,8,10.8,10-<12,28.4,17.6,-0.5346,1.2862,2,-1.1394,1.2663,2,1.0956,1.1128,3,-1.32,11.7478,14.7478,3.0
2020-07-15,7,May-Sep,8,10.8,10-<12,29.5,18.7,-0.6281,0.9797,2,-0.7096,0.7163,2,0.3946,0.4442,3,-1.42,14.7464,14.7464,0.0
2020-07-16,7,May-Sep,8,9.9,8-<10,29.7,19.8,-0.7002,1.475,2,-2.2241,2.2288,2,1.04,1.1336,3,-0.8405,11.7447,14.7447,3.0
2020-07-17,7,May-Sep,8,11.8,10-<12,33.3,21.5,-0.4488,0.7969,2,-0.9841,1.0445,2,-0.1091,0.5101,3,-0.6048,14.7433,14.7433,0.0
2020-07-18,7,May-Sep,8,13.4,12-<15,35.9,22.5,-0.4172,1.0185,2,-1.2318,1.5953,2,0.5567,0.668,3,-0.554,14.7422,14.7422,0.0
2020-07-19,7,May-Sep,8,12.8,12-<15,35.9,23.1,2.4023,5.2892,2,-1.7682,2.3187,2,9.3863,9.4295,3,0.3428,11.7411,14.7411,3.0
2020-07-20,7,May-Sep,8,8.6,8-<10,31.5,22.9,0.9304,1.7879,2,-0.8959,0.9459,2,2.9028,2.9475,3,0.7579,11.7403,14.7403,3.0
2020-07-21,7,May-Sep,8,9.0,8-<10,30.0,21.0,1.0679,1.9098,2,1.5896,2.1884,2,1.2808,1.5715,3,-0.1966,17.7394,14.7394,-3.0
2020-07-22,7,May-Sep,8,11.5,10-<12,30.8,19.3,-0.6287,1.72,2,-2.5355,2.6154,2,1.6987,1.7233,3,-0.893,11.7389,14.7389,3.0
2020-07-23,7,May-Sep,8,13.2,12-<15,30.8,17.6,2.873,4.2728,2,0.2232,2.1358,2,7.1077,7.2049,3,1.1182,11.7383,14.7383,3.0
2020-07-24,7,May-Sep,8,14.0,12-<15,31.6,17.6,-0.439,1.073,2,-0.8539,0.8832,2,0.2632,0.4984,3,-0.7913,14.7381,14.7381,0.0
2020-07-25,7,May-Sep,8,13.1,12-<15,31.6,18.5,-0.4098,1.9848,2,-2.5122,2.5386,2,2.3083,2.3152,3,-1.3129,14.7378,14.7378,0.0
2020-07-26,7,May-Sep,8,12.0,12-<15,32.6,20.6,-0.0814,0.7777,2,-0.6656,0.6808,2,0.3139,0.4886,3,-0.4575,14.7381,14.7381,0.0
2020-07-27,7,May-Sep,8,17.9,15-<18,32.6,14.7,0.4193,6.0477,2,-6.0909,6.3096,2,6.2975,7.5229,3,1.1665,11.7381,14.7381,3.0
2020-07-28,7,May-Sep,8,17.7,15-<18,32.4,14.7,2.8286,4.1234,2,0.7682,2.0119,2,6.4042,6.4303,3,0.8073,14.7386,14.7386,0.0
2020-07-29,7,May-Sep,8,15.0,15-<18,30.8,15.8,-1.1407,1.7923,2,-2.6553,2.6556,2,0.9951,1.0762,3,-1.6205,14.7392,14.7392,0.0
2020-07-30,7,May-Sep,8,15.1,15-<18,30.8,15.7,4.2296,6.5371,2,1.7581,5.8201,2,7.9862,8.1649,3,1.0384,17.7397,14.7397,-3.0
2020-07-31,7,May-Sep,8,11.6,10-<12,27.3,15.7,-0.4173,0.8291,2,-0.9483,1.0143,2,0.1719,0.3603,3,-0.6461,14.7406,14.7406,0.0
2020-08-01,8,May-Sep,8,12.9,12-<15,29.2,16.3,-1.5241,2.1252,2,-2.6936,2.6951,2,0.5981,0.6274,3,-2.5174,14.7417,14.7417,0.0
2020-08-02,8,May-Sep,8,12.2,12-<15,31.3,19.1,-0.7969,1.3613,2,-1.371,1.3711,2,0.4829,0.4829,3,-1.6829,14.7431,14.7431,0.0
2020-08-03,8,May-Sep,8,10.8,10-<12,31.3,20.5,1.1134,2.0641,2,0.6849,1.7058,2,2.8563,3.0375,3,-0.3106,17.7444,14.7444,-3.0
2020-08-04,8,May-Sep,8,10.9,10-<12,28.8,17.9,-0.3529,1.9394,2,-1.8493,2.5282,2,0.7476,0.8221,3,-0.5518,14.7461,14.7461,0.0
2020-08-05,8,May-Sep,8,12.2,12-<15,30.1,17.9,-0.6244,1.0414,2,-1.0484,1.1543,2,0.3221,0.3238,3,-1.091,14.7478,14.7478,0.0
2020-08-06,8,May-Sep,8,12.3,12-<15,30.9,18.6,-1.5289,2.0635,2,-3.0839,3.092,2,0.0625,0.7286,3,-1.7993,17.7497,14.7497,-3.0
2020-08-07,8,May-Sep,8,12.6,12-<15,34.1,21.5,-0.3201,1.1034,2,-1.4723,1.5061,2,1.3415,1.3503,3,-0.652,14.7519,14.7519,0.0
2020-08-08,8,May-Sep,8,11.8,10-<12,34.1,22.3,1.0955,1.5441,2,-0.1205,0.1378,2,2.4325,2.4328,3,0.7552,14.7542,14.7542,0.0
2020-08-09,8,May-Sep,8,10.4,10-<12,32.8,22.4,0.0466,0.7692,2,-0.7082,0.9633,2,0.908,0.9618,3,0.0624,14.7567,14.7567,0.0
2020-08-10,8,May-Sep,8,11.6,10-<12,32.8,21.2,1.4968,2.3946,2,-0.3856,0.7645,2,3.7355,3.8319,3,0.6268,17.7592,14.7592,-3.0
2020-08-11,8,May-Sep,8,11.2,10-<12,31.8,20.6,0.0651,0.9205,2,-0.9379,1.1104,2,1.1041,1.2633,3,0.1458,14.7619,14.7619,0.0
2020-08-12,8,May-Sep,8,10.8,10-<12,31.8,21.0,1.4337,2.6447,2,-0.6896,1.4292,2,4.4729,4.4783,3,0.4316,11.765,14.765,3.0
2020-08-13,8,May-Sep,8,10.1,10-<12,30.2,20.1,0.0894,0.5653,2,-0.6603,0.782,2,0.7096,0.7098,3,0.1011,14.7681,14.7681,0.0
2020-08-14,8,May-Sep,8,16.0,15-<18,30.2,14.2,4.3226,8.7604,2,-2.5561,4.7008,2,13.808,13.9491,3,0.6329,2.7714,14.7714,-12.0
2020-08-15,8,May-Sep,8,12.0,12-<15,26.2,14.2,-0.6293,1.1614,2,-1.3893,1.5415,2,0.0384,0.0647,3,-0.7121,14.7747,14.7747,0.0
2020-08-16,8,May-Sep,8,14.7,12-<15,29.7,15.0,-1.2317,1.6422,2,-2.0798,2.0988,2,0.4219,0.4536,3,-1.7025,14.7783,14.7783,0.0
2020-08-17,8,May-Sep,8,13.9,12-<15,30.8,16.9,-1.2644,1.7281,2,-2.4743,2.4774,2,0.3133,0.7454,3,-1.5279,11.7822,14.7822,3.0
2020-08-18,8,May-Sep,8,15.5,15-<18,34.2,18.7,-0.1332,1.0622,2,-1.3213,1.4682,2,0.3597,0.3983,3,0.6426,14.7861,14.7861,0.0
2020-08-19,8,May-Sep,8,16.9,15-<18,34.2,17.3,4.1339,5.6036,2,1.8339,3.5143,2,8.8666,8.8694,3,1.3236,14.7903,14.7903,0.0
2020-08-20,8,May-Sep,8,10.6,10-<12,27.3,16.7,-0.7325,1.3767,2,-1.2039,1.2665,2,0.2967,0.36,3,-1.3823,14.7944,14.7944,0.0
2020-08-21,8,May-Sep,8,12.3,12-<15,29.9,17.6,-0.6523,1.0407,2,-1.4799,1.4918,2,0.0859,0.1365,3,-0.9847,14.7986,14.7986,0.0
2020-08-22,8,May-Sep,8,12.9,12-<15,29.9,17.0,0.5779,1.3381,2,0.3445,0.4744,2,2.2919,2.3115,3,-0.6571,14.8031,14.8031,0.0
2020-08-23,8,May-Sep,8,12.3,12-<15,29.4,17.1,-0.7398,1.4519,2,-2.1501,2.4467,2,0.623,0.6269,3,-0.9591,14.8078,14.8078,0.0
2020-08-24,8,May-Sep,8,13.3,12-<15,31.5,18.2,-0.5238,0.7283,2,-0.8376,0.8799,2,0.1527,0.1577,3,-0.6889,14.8125,14.8125,0.0
2020-08-25,8,May-Sep,8,17.0,15-<18,35.8,18.8,-0.5801,2.5574,2,-3.3775,3.7151,2,1.6574,1.7865,3,0.0862,14.8175,14.8175,0.0
2020-08-27,8,May-Sep,8,11.1,10-<12,22.5,11.4,-0.01,2.2716,2,-2.6555,2.6888,2,1.524,1.6896,3,0.4645,14.8275,14.8275,0.0
2020-08-28,8,May-Sep,8,11.2,10-<12,22.5,11.3,2.5587,3.4563,2,1.2071,2.1501,2,4.7108,4.8573,3,0.8883,17.8328,14.8328,-3.0
2020-08-29,8,May-Sep,8,11.1,10-<12,23.1,12.0,-0.7467,1.2811,2,-1.9744,2.1719,2,0.4607,0.4799,3,-0.7424,14.8381,14.8381,0.0
2020-08-30,8,May-Sep,8,11.5,10-<12,24.7,13.2,-0.6174,1.0031,2,-1.4469,1.5613,2,0.1771,0.3641,3,-0.6702,14.8433,14.8433,0.0
2020-08-31,8,May-Sep,8,12.2,12-<15,26.4,14.2,-0.9155,1.2196,2,-1.755,1.8924,2,-0.0776,0.2837,3,-0.95,14.8489,14.8489,0.0
2020-09-01,9,May-Sep,8,12.2,12-<15,27.7,15.5,-0.7346,1.2485,2,-1.0656,1.3464,2,0.3646,0.4019,3,-1.4204,14.8544,14.8544,0.0
2020-09-02,9,May-Sep,8,12.2,12-<15,28.1,15.9,-1.6662,2.3876,2,-3.5261,3.5631,2,0.5066,0.5144,3,-2.0908,14.8603,14.8603,0.0
2020-09-03,9,May-Sep,8,13.9,12-<15,32.1,18.2,-0.3614,0.9843,2,-0.6229,0.9463,2,0.63,0.6722,3,-0.9004,14.8658,14.8658,0.0
2020-09-04,9,May-Sep,8,14.6,12-<15,32.1,17.5,3.4875,4.4576,2,1.6141,2.143,2,6.6213,6.6556,3,1.6516,14.8717,14.8717,0.0
2020-09-05,9,May-Sep,8,10.1,10-<12,26.7,16.6,0.258,1.373,2,-1.2046,1.2056,2,1.6313,1.7888,3,0.264,14.8778,14.8778,0.0
2020-09-06,9,May-Sep,8,15.8,15-<18,31.0,15.2,0.9723,2.5534,2,-0.2081,0.3993,2,3.5147,4.7658,3,0.8672,14.8836,14.8836,0.0
2020-09-08,9,May-Sep,8,11.2,10-<12,21.7,10.5,-0.6332,1.1285,2,-1.2014,1.378,2,0.2793,0.3546,3,-1.3146,14.8956,14.8956,0.0
2020-09-09,9,May-Sep,8,10.7,10-<12,21.9,11.2,-0.0088,0.9023,2,-0.5661,0.6733,2,0.7581,0.7591,3,-0.4856,14.9017,14.9017,0.0
2020-09-10,9,May-Sep,8,10.7,10-<12,21.9,11.2,0.1352,1.6422,2,-1.026,1.0454,2,1.9002,1.9414,3,-1.0551,14.9078,14.9078,0.0
2020-09-11,9,May-Sep,8,10.4,10-<12,19.7,9.3,0.9829,1.4174,2,0.7021,0.9432,2,1.8646,1.8649,3,0.1947,14.9142,14.9142,0.0
2020-09-12,9,May-Sep,8,11.8,10-<12,21.1,9.3,-0.5538,0.9868,2,-1.3694,1.5242,2,0.3498,0.3536,3,-0.7987,14.9203,14.9203,0.0
2020-09-13,9,May-Sep,8,11.0,10-<12,21.1,10.1,-0.2121,1.4572,2,-1.0947,1.1103,2,2.1524,2.1801,3,-1.2161,11.9264,14.9264,3.0
2020-09-14,9,May-Sep,8,11.6,10-<12,22.7,11.1,-0.2394,0.9908,2,-1.133,1.7532,2,0.4471,0.471,3,-0.0247,14.9325,14.9325,0.0
2020-09-15,9,May-Sep,8,12.3,12-<15,23.4,11.1,-0.6065,1.384,2,-1.2019,1.4571,2,0.6827,0.7393,3,-0.8067,14.9389,14.9389,0.0
2020-09-16,9,May-Sep,8,14.3,12-<15,25.9,11.6,-0.3942,0.8934,2,-0.7099,1.0494,2,0.214,0.2145,3,-0.6077,14.945,14.945,0.0
2020-09-17,9,May-Sep,8,17.1,15-<18,28.8,11.7,-3.3971,4.5035,2,-7.761,7.8275,2,0.1277,0.1464,3,-3.2956,14.9511,14.9511,0.0
2020-09-18,9,May-Sep,8,17.6,15-<18,28.8,11.2,5.1597,8.2454,2,-1.0782,2.7089,2,14.0732,14.0796,3,2.6011,11.9572,14.9572,3.0
2020-09-19,9,May-Sep,8,9.9,8-<10,19.4,9.5,1.3684,1.987,2,0.2209,0.7607,2,3.0892,3.0963,3,0.4757,14.9633,14.9633,0.0
2020-09-20,9,May-Sep,8,8.6,8-<10,17.0,8.4,-1.002,1.4585,2,-1.8467,1.9813,2,0.1884,0.1887,3,-1.473,14.9694,14.9694,0.0
2020-09-21,9,May-Sep,8,11.6,10-<12,21.3,9.7,-0.8249,1.211,2,-1.8146,1.8153,2,0.4281,0.5071,3,-1.075,14.9756,14.9756,0.0
2020-09-22,9,May-Sep,8,13.4,12-<15,24.4,11.0,-0.3809,0.8961,2,-0.874,1.2191,2,0.4556,0.578,3,-0.331,14.9817,14.9817,0.0
2020-09-23,9,May-Sep,8,13.1,12-<15,24.4,11.3,0.8396,2.2201,2,-1.1968,1.3263,2,3.7607,3.8326,3,-0.2796,14.9875,14.9875,0.0
2020-09-24,9,May-Sep,8,9.5,8-<10,20.7,11.2,-0.3462,1.7839,2,-2.6088,3.0664,2,1.559,1.5998,3,0.0273,11.9933,14.9933,3.0
2020-09-25,9,May-Sep,7,13.9,12-<15,20.6,6.7,2.5037,4.8239,2,-1.1212,2.2728,2,7.2483,7.2623,2,-0.0526,14.9992,14.9992,0.0
2020-09-26,9,May-Sep,8,7.0,<8,13.7,6.7,0.6451,1.4553,2,-0.5087,0.51,2,2.3591,2.3836,3,-0.239,15.005,15.005,0.0
2020-09-27,9,May-Sep,8,8.6,8-<10,13.9,5.3,-0.7844,1.375,2,-1.2119,1.4549,2,0.2,0.2236,3,-1.7814,15.0106,15.0106,0.0
2020-09-28,9,May-Sep,8,10.2,10-<12,15.5,5.3,-1.3661,1.9144,2,-2.5187,2.5785,2,0.3364,0.3631,3,-2.0241,15.0161,15.0161,0.0
2020-09-29,9,May-Sep,8,11.0,10-<12,15.5,4.5,1.4442,4.6743,2,-1.0799,2.069,2,6.8453,6.9115,3,-2.0795,0.0217,15.0217,-9.0
2020-09-30,9,May-Sep,8,10.5,10-<12,14.4,3.9,-0.0388,1.3915,2,-1.5862,2.4246,2,0.8785,0.9566,3,0.62,15.0272,15.0272,0.0
2020-10-01,10,Other,8,11.5,10-<12,14.4,2.9,0.5151,1.4727,2,-1.0629,1.4179,2,2.3155,2.3171,3,0.1511,15.0325,15.0325,0.0
2020-10-02,10,Other,8,11.1,10-<12,14.2,3.1,-0.4577,1.0138,2,-1.6508,1.941,2,0.3404,0.3428,3,-0.3224,15.0375,15.0375,0.0
2020-10-03,10,Other,8,10.3,10-<12,14.2,3.9,-0.4689,0.794,2,-0.9612,1.0117,2,0.507,0.5854,3,-0.7686,15.0425,15.0425,0.0
2020-10-04,10,Other,8,12.9,12-<15,17.2,4.3,-0.5493,1.0605,2,-1.5003,1.8748,2,0.3772,0.3851,3,-0.3466,15.0475,15.0475,0.0
2020-10-05,10,Other,8,13.4,12-<15,18.3,4.9,-1.0229,1.4618,2,-2.1763,2.1764,2,0.5593,0.5817,3,-1.4478,15.0522,15.0522,0.0
2020-10-06,10,Other,8,18.4,18-<20,21.3,2.9,-2.1673,4.6776,2,-7.7954,7.8557,2,2.2679,2.8763,3,-1.323,15.0569,15.0569,0.0
2020-10-07,10,Other,8,19.0,18-<20,21.3,2.3,4.9641,6.4546,2,1.0375,1.5404,2,10.4323,10.4604,3,2.6691,15.0614,15.0614,0.0
2020-10-08,10,Other,8,9.3,8-<10,11.0,1.7,-0.3122,0.7111,2,-1.0042,1.2545,2,0.3015,0.3016,3,-0.1352,15.0658,15.0658,0.0
2020-10-09,10,Other,8,9.3,8-<10,11.0,1.7,-0.1062,1.3343,2,-1.4166,1.6115,2,1.491,1.6043,3,-0.2685,15.07,15.07,0.0
2020-10-10,10,Other,8,8.1,8-<10,10.6,2.5,0.8635,1.2484,2,-0.0884,0.5961,2,1.8122,1.8247,3,0.5802,15.0742,15.0742,0.0
2020-10-11,10,Other,8,9.7,8-<10,12.2,2.5,0.2051,0.978,2,-0.9729,1.5783,2,0.7764,0.8246,3,0.6046,15.0781,15.0781,0.0
2020-10-12,10,Other,8,9.7,8-<10,12.2,2.5,-0.3891,0.9049,2,-1.2867,1.4462,2,0.6663,0.6697,3,-0.595,15.0817,15.0817,0.0
2020-10-13,10,Other,8,9.9,8-<10,12.7,2.8,-1.3526,1.9094,2,-3.1164,3.1181,2,0.3838,0.3932,3,-1.5081,15.0853,15.0853,0.0
2020-10-14,10,Other,8,10.2,10-<12,13.5,3.3,-0.3949,1.0219,2,-0.9302,1.539,2,0.6899,0.749,3,-0.4946,15.0886,15.0886,0.0
2020-10-15,10,Other,8,10.2,10-<12,13.5,3.3,-0.3518,0.7894,2,-0.9954,1.2141,2,0.5301,0.5311,3,-0.327,15.0917,15.0917,0.0
2020-10-16,10,Other,8,10.8,10-<12,14.1,3.3,-0.2305,0.8653,2,-0.9611,1.448,2,0.5512,0.6547,3,-0.0336,15.0947,15.0947,0.0
2020-10-17,10,Other,8,12.7,12-<15,16.2,3.5,-0.5082,1.0389,2,-1.6157,1.7232,2,0.5199,0.5204,3,-0.1947,15.0975,15.0975,0.0
2020-10-18,10,Other,8,11.5,10-<12,16.2,4.7,-0.4215,1.4832,2,-2.1801,2.412,2,1.2995,1.3035,3,-0.7121,15.1003,15.1003,0.0
2020-10-19,10,Other,8,10.9,10-<12,16.8,5.9,-1.4061,1.9865,2,-3.2448,3.2805,2,0.3108,0.3111,3,-1.17,12.1025,15.1025,3.0
2020-10-20,10,Other,8,12.4,12-<15,17.8,5.4,-0.3595,1.3751,2,-1.4728,1.8763,2,0.6231,0.8156,3,0.2636,15.1047,15.1047,0.0
2020-10-21,10,Other,8,13.6,12-<15,17.8,4.2,1.2971,2.1857,2,-0.8033,1.0897,2,3.7694,3.7715,3,0.7515,15.1067,15.1067,0.0
2020-10-22,10,Other,8,11.7,10-<12,15.9,4.2,-0.3977,1.5184,2,-1.9721,2.5709,2,1.088,1.1563,3,0.0144,15.1086,15.1086,0.0
2020-10-23,10,Other,8,11.1,10-<12,15.9,4.8,0.3317,1.4359,2,-1.284,1.3299,2,2.2022,2.2117,3,0.3232,12.1103,15.1103,3.0
2020-10-24,10,Other,8,11.3,10-<12,14.7,3.4,2.8661,5.6561,2,-0.922,2.2063,2,8.5197,8.6832,3,-0.0548,3.1117,15.1117,-12.0
2020-10-25,10,Other,8,6.7,<8,9.1,2.4,-0.0589,0.8164,2,-0.9367,1.0345,2,0.627,0.7081,3,-0.1795,15.1128,15.1128,0.0
2020-10-26,10,Other,8,9.0,8-<10,10.3,1.3,-0.0497,0.4849,2,0.0456,0.0611,2,0.3386,0.3411,3,0.0359,15.1136,15.1136,0.0
2020-10-27,10,Other,8,12.5,12-<15,13.8,1.3,-1.7209,2.5883,2,-2.5526,3.3577,2,0.2983,0.668,3,-2.7271,15.1144,15.1144,0.0
2020-10-28,10,Other,8,12.1,12-<15,13.8,1.7,-1.8113,5.8285,2,-7.5328,7.5803,2,4.5405,4.6399,3,-4.1979,9.115,15.115,6.0
2020-10-29,10,Other,8,10.8,10-<12,12.0,1.2,3.1893,5.1022,2,-0.1921,0.4185,2,8.5966,8.6943,3,0.9239,0.115,15.115,-9.0
2020-10-30,10,Other,8,7.4,<8,8.1,0.7,0.2374,0.9121,2,-0.7957,1.1708,2,0.9184,1.0103,3,0.6823,15.1153,15.1153,0.0
2020-10-31,10,Other,8,8.4,8-<10,8.6,0.2,-0.0011,1.2235,2,-1.3684,2.0832,2,0.8881,0.9345,3,0.5524,15.115,15.115,0.0
2020-11-01,11,Other,8,10.2,10-<12,9.7,-0.5,-0.0534,0.8405,2,-0.4338,0.7446,2,0.7552,0.7564,3,0.2378,12.1147,15.1147,3.0
2020-11-02,11,Other,8,10.2,10-<12,9.7,-0.5,-0.035,1.3201,2,-1.8028,2.1539,2,1.4005,1.4331,3,0.2741,15.1139,15.1139,0.0
2020-11-03,11,Other,8,10.2,10-<12,10.1,-0.1,-0.079,0.9888,2,-0.7219,1.3172,2,0.8958,1.0255,3,0.1104,15.1131,15.1131,0.0
2020-11-04,11,Other,8,9.5,8-<10,10.1,0.6,0.2112,1.8034,2,-2.0843,2.4264,2,2.5312,2.6173,3,0.1583,12.1119,15.1119,3.0
2020-11-05,11,Other,8,9.6,8-<10,9.6,0.0,0.2503,1.5501,2,-0.639,1.0276,2,2.3144,2.3953,3,-0.3118,12.1108,15.1108,3.0
2020-11-06,11,Other,7,9.8,8-<10,9.5,-0.3,0.6131,1.5372,2,-0.6315,1.1069,2,2.3849,2.4163,2,0.7768,12.1092,15.1092,3.0
2020-11-07,11,Other,8,9.1,8-<10,8.6,-0.5,0.3135,1.1193,2,-0.7396,1.085,2,1.072,1.1724,3,1.0259,15.1075,15.1075,0.0
2020-11-08,11,Other,8,12.5,12-<15,12.3,-0.2,-0.2042,1.5589,2,-2.2302,2.3154,2,1.6277,1.7459,3,0.3157,15.1056,15.1056,0.0
2020-11-09,11,Other,8,10.8,10-<12,12.3,1.5,1.1139,3.8519,2,-3.4647,3.466,2,5.545,5.6261,3,0.0261,9.1033,15.1033,6.0
2020-11-10,11,Other,8,10.3,10-<12,10.7,0.4,0.6085,1.8788,2,-0.6968,0.7056,2,3.0572,3.0577,3,-0.339,15.1008,15.1008,0.0
2020-11-11,11,Other,8,8.6,8-<10,8.2,-0.4,0.7801,1.2462,2,-0.3707,0.6386,2,2.0766,2.0843,3,0.7363,15.0981,15.0981,0.0
2020-11-12,11,Other,8,7.2,<8,6.8,-0.4,0.7501,1.3287,2,-0.4524,0.4554,2,2.4077,2.4167,3,0.792,12.0953,15.0953,3.0
2020-11-13,11,Other,8,8.5,8-<10,8.3,-0.2,-0.275,0.9996,2,-1.4162,1.6112,2,0.8857,1.011,3,-0.3178,15.0922,15.0922,0.0
2020-11-14,11,Other,8,10.0,10-<12,8.3,-1.7,0.4873,2.9441,2,-2.7624,2.8813,2,4.3371,4.4422,3,-0.5387,12.0889,15.0889,3.0
2020-11-15,11,Other,8,6.0,<8,4.3,-1.7,0.7913,1.8503,2,-0.8295,0.8297,2,3.1113,3.2642,3,-0.1275,21.0853,15.0853,-6.0
2020-11-16,11,Other,8,3.2,<8,1.1,-2.1,-0.8549,1.6168,2,-2.0987,2.1495,2,0.6788,0.6792,3,-1.4245,0.0817,15.0817,-9.0
2020-11-17,11,Other,7,6.7,<8,0.7,-6.0,0.2668,3.201,2,-3.0278,3.0334,2,4.3674,4.4656,2,-0.6905,12.0778,15.0778,3.0
2020-11-18,11,Other,8,6.8,<8,-1.2,-8.0,1.4973,2.9318,2,-0.7806,0.8451,2,5.0534,5.1237,3,0.1327,0.0736,15.0736,-9.0
2020-11-19,11,Other,8,2.7,<8,-5.6,-8.3,0.3685,0.6727,2,-0.2196,0.2229,2,1.1438,1.1451,3,0.1087,15.0694,15.0694,0.0
2020-11-20,11,Other,8,6.8,<8,-5.9,-12.7,-1.8355,2.7874,2,-4.1576,4.1656,2,0.8024,0.8082,3,-2.2949,12.0647,15.0647,3.0
2020-11-21,11,Other,8,7.3,<8,-5.9,-13.2,0.0061,0.6791,2,-0.3211,0.6345,2,0.8861,0.9314,3,-0.1541,15.06,15.06,0.0
2020-11-22,11,Other,8,6.9,<8,-6.3,-13.2,-0.3991,1.0293,2,-1.6245,1.8746,2,0.6886,0.6887,3,-0.2614,15.0553,15.0553,0.0
2020-11-23,11,Other,8,7.2,<8,-5.1,-12.3,-0.771,1.4273,2,-0.9093,1.4556,2,0.2491,0.4299,3,-1.1421,12.05,15.05,3.0
2020-11-24,11,Other,8,10.4,10-<12,-1.8,-12.2,-2.4567,3.349,2,-5.0226,5.0236,2,1.0265,1.1756,3,-3.1525,12.0447,15.0447,3.0
2020-11-25,11,Other,8,7.1,<8,-1.8,-8.9,0.1524,2.2673,2,-1.9463,2.0443,2,3.1125,3.1146,3,-0.6635,12.0394,15.0394,3.0
2020-11-26,11,Other,8,7.4,<8,-3.7,-11.1,0.3052,1.7524,2,-0.9828,1.036,2,2.5733,2.6739,3,-0.9436,15.0339,15.0339,0.0
2020-11-27,11,Other,8,7.8,<8,-3.3,-11.1,-1.1236,1.7414,2,-2.1616,2.1934,2,0.471,0.4764,3,-1.7622,15.0281,15.0281,0.0
2020-11-28,11,Other,8,5.9,<8,-3.3,-9.2,-0.1206,1.0596,2,-0.8902,1.1767,2,1.5222,1.5325,3,-0.4551,12.0222,15.0222,3.0
2020-11-29,11,Other,8,7.8,<8,-1.2,-9.0,-2.0188,3.6228,2,-6.3405,6.3405,2,1.7725,2.0005,3,-1.7884,12.0161,15.0161,3.0
2020-11-30,11,Other,8,4.9,<8,-1.2,-6.1,0.9749,2.0408,2,-0.8947,0.9681,2,3.5053,3.5176,3,0.404,12.0097,15.0097,3.0
2020-12-01,12,Other,9,6.4,<8,-3.3,-9.7,-0.3035,2.2404,2,-2.5821,2.6005,2,2.7088,2.7155,4,-0.6405,12.0033,15.0033,3.0
2020-12-02,12,Other,8,11.6,10-<12,-3.3,-14.9,0.7623,3.9736,2,-3.7818,3.8088,2,5.6271,5.748,3,-0.4098,2.9969,14.9969,-12.0
2020-12-03,12,Other,8,5.7,<8,-9.7,-15.4,0.4788,1.234,2,-0.5087,0.551,2,2.1027,2.105,3,-0.097,14.9903,14.9903,0.0
2020-12-04,12,Other,8,6.2,<8,-9.2,-15.4,-1.3939,2.2537,2,-2.9805,3.0377,2,0.9883,1.4875,3,-2.1202,20.9836,14.9836,-6.0
2020-12-05,12,Other,8,5.0,<8,-7.7,-12.7,-0.0423,1.5682,2,-1.3297,1.3681,2,2.2465,2.312,3,-0.3558,11.9767,14.9767,3.0
2020-12-06,12,Other,8,6.7,<8,-5.9,-12.6,-0.207,2.2901,2,-3.1147,3.1247,2,2.0258,2.2273,3,0.6937,11.9697,14.9697,3.0
2020-12-07,12,Other,8,7.8,<8,-5.9,-13.7,1.392,2.8685,2,-0.4475,0.6276,2,4.6842,4.7728,3,-0.3584,23.9556,14.9625,-8.9931
2020-12-08,12,Other,8,8.2,8-<10,-5.5,-13.7,-0.3502,1.8123,2,-1.9816,2.3682,2,2.134,2.2263,3,-0.5747,11.9556,14.9556,3.0
2020-12-09,12,Other,8,8.1,8-<10,-5.0,-13.1,0.0536,1.9781,2,-1.3009,1.649,2,3.0493,3.1939,3,-0.4993,11.9481,14.9481,3.0
2020-12-10,12,Other,8,14.9,12-<15,-0.3,-15.2,0.8025,6.051,2,-4.9115,4.9115,2,10.1214,10.1349,3,-0.7943,11.9408,14.9408,3.0
2020-12-11,12,Other,8,14.9,12-<15,-0.3,-15.2,1.6978,4.6134,2,-2.3826,2.4246,2,7.476,7.5018,3,-0.0207,11.9333,14.9333,3.0
2020-12-12,12,Other,8,11.1,10-<12,-6.0,-17.1,0.2408,3.8037,2,-3.9943,4.008,2,5.4701,5.4748,3,-0.2984,11.9258,14.9258,3.0
2020-12-13,12,Other,8,9.1,8-<10,-8.8,-17.9,1.6376,2.9036,2,-1.3333,1.3939,2,4.8807,4.8842,3,1.5682,11.9183,14.9183,3.0
2020-12-14,12,Other,8,9.7,8-<10,-8.2,-17.9,1.0689,2.7346,2,-1.1583,1.2482,2,4.457,4.4645,3,1.5109,11.9106,14.9106,3.0
2020-12-15,12,Other,8,10.5,10-<12,-8.2,-18.7,0.7488,2.9104,2,-2.5719,2.6245,2,5.1582,5.1637,3,0.1447,11.9031,14.9031,3.0
2020-12-16,12,Other,8,11.2,10-<12,-6.9,-18.1,0.7979,3.1397,2,-2.6429,2.7711,2,5.5729,5.5729,3,0.1172,11.8953,14.8953,3.0
2020-12-17,12,Other,8,9.1,8-<10,-6.8,-15.9,0.7918,2.1833,2,-0.576,0.8741,2,3.7939,3.8147,3,0.7513,11.8875,14.8875,3.0
2020-12-18,12,Other,8,12.4,12-<15,-5.8,-18.2,1.2851,4.4956,2,-3.2487,3.3475,2,6.6296,6.6381,3,2.1395,11.8797,14.8797,3.0
2020-12-19,12,Other,8,12.4,12-<15,-5.8,-18.2,-1.1543,4.0097,2,-4.7106,4.8793,2,3.8847,3.8955,3,-2.4884,23.8639,14.8719,-8.992
2020-12-20,12,Other,8,8.0,8-<10,-7.0,-15.0,0.2272,2.1527,2,-2.3627,2.9161,2,2.7435,2.7978,3,0.0121,14.8639,14.8639,0.0
2020-12-21,12,Other,8,9.6,8-<10,-5.4,-15.0,-0.8109,2.4906,2,-2.4332,3.3132,2,2.4964,2.6883,3,-1.6548,11.8561,14.8561,3.0
2020-12-22,12,Other,8,10.6,10-<12,-5.4,-16.0,1.4305,2.9961,2,-0.5377,0.6752,2,5.0257,5.0258,3,0.4725,11.8483,14.8483,3.0
2020-12-23,12,Other,8,11.2,10-<12,-7.0,-18.2,-0.0623,3.154,2,-3.0638,3.279,2,4.6058,4.6466,3,-0.1823,11.8406,14.8406,3.0
2020-12-24,12,Other,8,12.6,12-<15,-7.0,-19.6,2.6388,4.2763,2,-0.4486,0.622,2,7.2874,7.343,3,0.5293,20.8328,14.8328,-6.0
2020-12-25,12,Other,8,13.7,12-<15,-5.9,-19.6,-1.4763,3.9167,2,-5.2997,6.0622,2,3.7074,3.7083,3,-2.3122,11.825,14.825,3.0
2020-12-26,12,Other,8,10.6,10-<12,-5.9,-16.5,0.7794,2.9252,2,-0.4637,0.6394,2,5.1456,5.1458,3,-1.2769,11.8172,14.8172,3.0
2020-12-27,12,Other,8,8.9,8-<10,-7.5,-16.4,-3.3383,4.0851,2,-5.6037,5.6172,2,0.0593,0.6337,3,-4.6023,14.8094,14.8094,0.0
2020-12-28,12,Other,8,9.9,8-<10,-7.5,-17.4,-1.0205,3.3369,2,-4.6571,4.6837,2,2.9917,2.9935,3,-1.0734,11.8019,14.8019,3.0
2020-12-29,12,Other,8,11.3,10-<12,-8.4,-19.7,3.682,5.3037,2,-0.4412,0.5026,2,8.8268,8.8593,3,2.1401,2.7942,14.7942,-12.0
2020-12-30,12,Other,8,5.5,<8,-14.5,-20.0,-0.0104,1.3478,2,-1.3293,1.682,2,1.7845,1.8802,3,-0.0552,11.7867,14.7867,3.0
2020-12-31,12,Other,8,10.9,10-<12,-8.5,-19.4,-1.8879,2.4187,2,-3.7654,3.863,2,0.087,0.1303,3,-2.1372,14.7792,14.7792,0.0
2021-01-01,1,Other,8,8.1,8-<10,-8.5,-16.6,0.6835,2.3291,2,-0.9527,0.9527,2,3.8743,3.8788,3,0.2095,11.7792,14.7792,3.0
2021-01-02,1,Other,8,6.8,<8,-9.8,-16.6,-0.6245,2.3838,2,-4.0171,4.0759,2,1.9846,1.9868,3,0.1638,11.7719,14.7719,3.0
2021-01-03,1,Other,8,11.0,10-<12,-10.4,-21.4,0.3343,3.6066,2,-3.8619,3.8764,2,4.8371,4.8393,3,0.4344,11.7644,14.7644,3.0
2021-01-04,1,Other,8,9.4,8-<10,-12.9,-22.3,1.66,2.7557,2,-0.6899,0.8557,2,4.9833,4.9834,3,1.0004,11.7572,14.7572,3.0
2021-01-05,1,Other,8,8.0,8-<10,-16.4,-24.4,0.9465,2.8417,2,-2.0576,2.1725,2,4.4543,4.4696,3,1.2909,11.75,14.75,3.0
2021-01-06,1,Other,8,8.1,8-<10,-16.4,-24.5,1.1541,2.2015,2,-0.7013,1.099,2,3.8472,3.8477,3,0.5228,11.7431,14.7431,3.0
2021-01-07,1,Other,8,8.3,8-<10,-15.9,-24.2,-1.47,2.5731,2,-3.9394,4.1792,2,1.1784,1.3685,3,-1.349,11.7361,14.7361,3.0
2021-01-08,1,Other,8,9.3,8-<10,-11.9,-21.2,-1.2109,2.8717,2,-2.1372,2.1836,2,2.167,2.436,3,-3.3843,23.7225,14.7292,-8.9933
2021-01-09,1,Other,8,12.2,12-<15,-6.8,-19.0,-1.5929,4.1352,2,-5.2382,5.2423,2,4.1867,4.1908,3,-2.3237,11.7225,14.7225,3.0
2021-01-10,1,Other,8,18.3,18-<20,-2.0,-20.3,0.6982,6.3289,2,-6.9239,6.9243,2,6.8411,7.5886,3,2.9858,11.7161,14.7161,3.0
2021-01-11,1,Other,8,18.3,18-<20,-2.0,-20.3,0.0048,5.9978,2,-8.415,8.6771,2,7.2526,7.3352,3,1.3573,11.7094,14.7094,3.0
2021-01-12,1,Other,8,18.3,18-<20,0.9,-17.4,-3.4631,5.5124,2,-7.9541,8.0237,2,1.9139,1.9944,3,-4.3383,14.7033,14.7033,0.0
2021-01-13,1,Other,8,11.4,10-<12,0.9,-10.5,0.241,4.5434,2,-4.0537,4.2067,2,5.3577,5.4048,3,-1.5491,2.6969,14.6969,-12.0
2021-01-14,1,Other,8,14.5,12-<15,-0.3,-14.8,1.5909,5.3234,2,-4.1311,4.1436,2,8.2155,8.2275,3,0.7076,11.6911,14.6911,3.0
2021-01-15,1,Other,8,11.2,10-<12,-6.7,-17.9,2.0392,3.8911,2,-1.7976,2.0132,2,6.2447,6.2452,3,1.7296,11.6853,14.6853,3.0
2021-01-16,1,Other,8,10.2,10-<12,-10.4,-20.6,0.8971,4.0247,2,-3.6431,3.8345,2,5.8635,5.9838,3,1.4677,11.6794,14.6794,3.0
2021-01-17,1,Other,8,11.6,10-<12,-9.0,-20.6,1.0739,2.3832,2,-1.0063,1.109,2,3.7651,4.053,3,0.0196,14.6739,14.6739,0.0
2021-01-18,1,Other,8,12.2,12-<15,-8.2,-20.4,-2.5712,3.9198,2,-5.2614,5.4008,2,2.1566,2.2372,3,-3.9998,11.6686,14.6686,3.0
2021-01-19,1,Other,8,14.0,12-<15,-2.0,-16.0,-0.8545,4.8497,2,-6.9959,7.0259,2,5.7679,5.7808,3,-0.3282,11.6633,14.6633,3.0
2021-01-20,1,Other,8,17.4,15-<18,4.6,-12.8,-1.5366,4.9444,2,-6.532,6.6183,2,5.7575,6.1335,3,-2.9458,11.6583,14.6583,3.0
2021-01-21,1,Other,8,17.6,15-<18,4.6,-13.0,-1.1394,5.95,2,-7.7509,7.7912,2,5.7977,6.2969,3,-0.8505,11.6533,14.6533,3.0
2021-01-22,1,Other,8,16.7,15-<18,3.7,-13.0,1.1891,4.8353,2,-2.9851,3.8141,2,7.7064,7.7109,3,-0.117,11.6486,14.6486,3.0
2021-01-23,1,Other,8,10.3,10-<12,-1.2,-11.5,0.5297,4.8156,2,-4.9115,4.9234,2,6.2008,6.2362,3,-0.6923,2.6442,14.6442,-12.0
2021-01-24,1,Other,8,9.8,8-<10,-2.9,-12.7,0.3915,1.1213,2,-0.6298,0.7724,2,1.1109,1.3382,3,0.0259,14.64,14.64,0.0
2021-01-25,1,Other,8,12.9,12-<15,-2.9,-15.8,0.086,3.9209,2,-4.9166,4.9524,2,4.8412,4.8899,3,0.3525,11.6358,14.6358,3.0
2021-01-26,1,Other,8,10.4,10-<12,-5.4,-15.8,0.0557,1.4207,2,-1.0638,1.3358,2,1.7118,1.7979,3,-0.6269,14.6319,14.6319,0.0
2021-01-27,1,Other,8,13.4,12-<15,-2.5,-15.9,0.1359,5.2517,2,-6.4967,6.6055,2,5.9573,6.1451,3,2.0364,11.6283,14.6283,3.0
2021-01-28,1,Other,8,13.5,12-<15,-2.5,-16.0,2.4515,3.7488,2,-0.0203,0.0279,2,7.1564,7.1573,3,1.1668,11.6247,14.6247,3.0
2021-01-29,1,Other,8,13.7,12-<15,-2.3,-16.0,-1.0882,3.2597,2,-4.5358,4.5423,2,3.1456,3.7813,3,-1.2066,14.6214,14.6214,0.0
2021-01-30,1,Other,8,12.1,12-<15,-2.0,-14.1,0.6373,3.4708,2,-1.8796,2.1773,2,6.0182,6.0951,3,0.0487,11.6183,14.6183,3.0
2021-01-31,1,Other,8,14.6,12-<15,-2.0,-16.6,2.8681,5.7303,2,-2.7763,2.8023,2,9.424,9.4265,3,2.4621,11.6156,14.6156,3.0
2021-02-01,2,Other,8,12.3,12-<15,-5.3,-17.6,-0.219,2.2933,2,-1.0754,1.9256,2,3.0154,3.027,3,-1.2587,11.6128,14.6128,3.0
2021-02-02,2,Other,8,18.3,18-<20,0.7,-17.6,-4.663,6.679,2,-7.9938,8.0577,2,2.0765,2.1247,3,-7.7669,23.6081,14.6103,-8.9978
2021-02-03,2,Other,8,14.6,12-<15,4.9,-9.7,-1.3249,2.94,2,-4.403,4.4031,2,2.0557,2.7419,3,-1.573,14.6081,14.6081,0.0
2021-02-04,2,Other,8,13.7,12-<15,4.9,-8.8,-0.7285,4.0432,2,-5.3495,5.3667,2,4.7046,5.1358,3,-1.5429,14.6061,14.6061,0.0
2021-02-05,2,Other,8,14.4,12-<15,3.8,-10.6,-0.5547,2.424,2,-2.1174,2.3979,2,3.1462,3.1479,3,-1.3684,11.6044,14.6044,3.0
2021-02-06,2,Other,8,13.2,12-<15,3.0,-10.2,1.1934,4.5832,2,-3.842,3.8526,2,6.0728,6.5032,3,1.1721,14.6028,14.6028,0.0
2021-02-07,2,Other,8,10.8,10-<12,0.6,-10.2,-0.5992,2.6265,2,-3.7234,3.8184,2,2.9129,3.2965,3,-0.6453,11.6014,14.6014,3.0
2021-02-08,2,Other,8,8.7,8-<10,0.6,-8.1,0.9519,3.7921,2,-4.1872,4.1976,2,5.3209,5.3212,3,1.2273,8.6003,14.6003,6.0
2021-02-09,2,Other,7,17.6,15-<18,8.7,-8.9,1.1048,3.2135,2,-1.0735,2.0206,1,6.4433,6.4433,3,1.8784,11.5992,17.5992,6.0
2021-02-10,2,Other,5,17.4,15-<18,8.7,-8.7,3.6714,7.6975,2,-1.9574,2.3615,1,14.1297,14.1297,1,-1.0431,5.5986,14.5986,9.0
2021-02-13,2,Other,3,5.2,<8,-5.3,-10.5,-0.2305,0.8103,0,,,1,0.868,0.868,2,-0.7797,17.5978,17.5978,0.0
2021-02-14,2,Other,8,6.7,<8,-5.0,-11.7,0.3597,1.8318,2,-1.5331,1.5944,2,3.1413,3.1588,3,-0.3095,11.5978,14.5978,3.0
2021-02-15,2,Other,8,7.6,<8,-4.1,-11.7,-0.2247,1.8563,2,-1.7779,1.8065,2,2.8152,2.8155,3,-0.7438,11.5981,14.5981,3.0
2021-02-16,2,Other,8,6.4,<8,-4.1,-10.5,1.2589,2.2888,2,-0.8865,0.9154,2,3.978,3.9829,3,0.6318,11.5986,14.5986,3.0
2021-02-17,2,Other,8,12.8,12-<15,1.2,-11.6,0.691,4.5171,2,-5.1962,6.0818,2,5.1155,5.2057,3,2.6604,11.5994,14.5994,3.0
2021-02-18,2,Other,8,20.3,>=20,8.5,-11.8,-0.1248,4.2409,2,-6.4603,6.7764,2,3.1662,4.2556,3,1.478,14.6003,14.6003,0.0
2021-02-21,2,Other,7,12.0,12-<15,9.2,-2.8,3.2454,5.5049,2,-1.4284,1.4746,2,9.1225,9.1328,3,2.4432,8.6044,14.6044,6.0
2021-02-22,2,Other,8,5.2,<8,2.0,-3.2,1.2999,2.3723,2,-0.8944,1.2765,2,4.1087,4.1484,3,0.6671,8.6061,14.6061,6.0
2021-02-23,2,Other,8,4.3,<8,0.5,-3.8,0.8007,1.7135,2,-0.7399,0.7923,2,3.0383,3.0387,3,0.0336,20.6081,14.6081,-6.0
2021-02-24,2,Other,8,3.2,<8,-1.3,-4.5,0.0323,0.9722,2,-1.3633,1.3633,2,1.2833,1.2867,3,0.0751,11.6103,14.6103,3.0
2021-02-25,2,Other,8,6.8,<8,-2.0,-8.8,-0.8693,2.5163,2,-3.8135,3.8195,2,0.6884,0.6973,3,0.1323,11.6125,14.6125,3.0
2021-02-26,2,Other,8,13.9,12-<15,-2.3,-16.2,1.4999,5.4904,2,-4.4594,4.7023,2,7.8624,7.8629,3,0.4478,2.615,14.615,-12.0
2021-02-27,2,Other,8,7.4,<8,-8.8,-16.2,-0.0533,2.0031,2,-2.907,2.9488,2,2.2999,2.4113,3,0.57,11.6178,14.6178,3.0
2021-02-28,2,Other,8,11.7,10-<12,-4.0,-15.7,0.2844,1.7766,2,-1.5831,1.5834,2,2.6603,2.6677,3,0.6932,11.6206,14.6206,3.0
2021-03-01,3,Other,8,10.9,10-<12,-4.0,-14.9,0.8954,1.3111,2,-0.1627,0.2389,2,1.7329,1.7485,3,0.5547,14.6236,14.6236,0.0
2021-03-02,3,Other,7,22.0,>=20,7.1,-14.9,-1.6795,7.0707,1,-3.8801,3.8801,2,6.0169,6.0593,3,-7.7739,20.6267,14.6267,-6.0
2021-03-03,3,Other,8,17.2,15-<18,7.1,-10.1,-2.1805,6.1497,2,-9.1057,9.1057,2,5.5583,5.9453,3,-2.5162,11.63,14.63,3.0
2021-03-04,3,Other,8,10.8,10-<12,6.1,-4.7,3.726,4.7097,2,1.0961,1.4878,2,7.6658,7.6718,3,2.1791,14.6336,14.6336,0.0
2021-03-05,3,Other,8,10.3,10-<12,5.2,-5.1,2.8497,4.7048,2,-0.6503,0.9676,2,7.6625,7.8506,3,0.6292,8.6372,14.6372,6.0
2021-03-06,3,Other,8,10.0,10-<12,5.2,-4.8,1.3543,3.2982,2,-2.1205,2.2121,2,5.6433,5.6448,3,0.7045,11.6408,14.6408,3.0
2021-03-07,3,Other,8,6.9,<8,2.5,-4.4,2.5604,3.2494,2,0.8517,1.1783,2,5.1833,5.2072,3,1.3011,14.6447,14.6447,0.0
2021-03-08,3,Other,8,4.6,<8,0.2,-4.4,-0.0476,0.7667,2,-0.822,0.8256,2,1.0092,1.0249,3,-0.168,11.6489,14.6489,3.0
2021-03-09,3,Other,8,9.4,8-<10,5.9,-3.5,-0.743,2.5779,2,-3.8938,3.9407,2,1.7595,2.1778,3,0.0844,11.6531,14.6531,3.0
2021-03-10,3,Other,8,9.1,8-<10,5.9,-3.2,3.1461,3.843,2,1.0312,1.3916,2,5.6341,5.6446,3,1.9603,14.6572,14.6572,0.0
2021-03-11,3,Other,8,7.2,<8,4.0,-3.2,0.2364,1.3078,2,-0.3413,0.4735,2,1.3251,1.8861,3,-0.4582,14.6617,14.6617,0.0
2021-03-12,3,Other,8,11.6,10-<12,9.1,-2.5,1.2118,3.9701,2,-2.5385,2.5405,2,6.3074,6.3096,3,1.4714,11.6661,14.6661,3.0
2021-03-13,3,Other,8,11.5,10-<12,9.1,-2.4,1.747,4.3729,2,-2.9292,2.9688,2,7.1677,7.7347,3,0.704,8.6706,14.6706,6.0
2021-03-14,3,Other,8,11.3,10-<12,5.9,-5.4,3.2717,4.6925,2,0.7637,1.6145,2,7.9351,7.9795,3,1.4079,11.6753,14.6753,3.0
2021-03-15,3,Other,8,4.5,<8,-0.9,-5.4,-0.4478,1.5721,2,-1.818,2.0989,2,1.4266,1.4271,3,-0.878,11.68,14.68,3.0
2021-03-16,3,Other,8,3.7,<8,-1.7,-5.4,0.8595,1.1915,2,0.1098,0.2304,2,2.035,2.0354,3,0.5244,11.685,14.685,3.0
2021-03-17,3,Other,8,2.8,<8,-3.3,-6.1,0.5803,1.1439,2,-0.4825,0.484,2,2.0,2.0106,3,0.2324,8.69,14.69,6.0
2021-03-18,3,Other,8,6.9,<8,-0.3,-7.2,0.2385,0.871,2,-0.8834,0.9116,2,0.7589,0.845,3,0.5659,14.695,14.695,0.0
2021-03-19,3,Other,8,9.8,8-<10,1.5,-8.3,-0.5,1.1247,2,-1.0724,1.564,2,0.7047,0.8215,3,-0.8459,14.7,14.7,0.0
2021-03-20,3,Other,8,11.2,10-<12,2.9,-8.3,-1.2947,1.7342,2,-2.2094,2.2667,2,0.3579,0.6337,3,-2.0531,14.705,14.705,0.0
2021-03-21,3,Other,8,14.5,12-<15,8.1,-6.4,-0.5466,5.0429,2,-7.6573,7.7267,2,5.8777,5.8811,3,-0.9232,8.7103,14.7103,6.0
2021-03-22,3,Other,8,10.8,10-<12,9.1,-1.7,-1.4113,1.8735,2,-3.1338,3.1723,2,-0.0092,0.2924,3,-1.3106,14.7156,14.7156,0.0
2021-03-23,3,Other,8,8.3,8-<10,9.3,1.0,-0.1505,0.6819,2,-0.7603,1.1516,2,0.4683,0.5019,3,-0.2554,14.7208,14.7208,0.0
2021-03-24,3,Other,8,8.6,8-<10,9.6,1.0,-0.2628,1.2607,2,-2.139,2.1668,2,0.849,0.9227,3,0.3252,14.7261,14.7261,0.0
2021-03-25,3,Other,8,13.2,12-<15,14.2,1.0,-0.6911,3.248,2,-0.4775,0.523,2,1.8302,1.8851,3,-2.8507,23.7367,14.7314,-9.0053
2021-03-26,3,Other,8,13.7,12-<15,15.6,1.9,-3.1531,6.2868,2,-9.8584,9.912,2,2.4981,2.5274,3,-4.0831,8.7367,14.7367,6.0
2021-03-27,3,Other,8,10.8,10-<12,15.6,4.8,-0.4538,1.4625,2,-1.7251,1.8062,2,1.4018,1.4619,3,-1.2366,14.7419,14.7419,0.0
2021-03-28,3,Other,8,12.5,12-<15,17.8,5.3,0.1167,2.0011,2,-1.8319,2.3687,2,1.9364,2.749,3,0.701,14.7472,14.7472,0.0
2021-03-29,3,Other,7,17.6,15-<18,17.8,0.2,0.8698,4.9632,1,-6.5311,6.5311,2,6.4371,6.4692,3,-1.4125,14.7528,14.7528,0.0
2021-03-30,3,Other,8,11.6,10-<12,11.6,0.0,3.6673,4.571,2,2.1425,2.8679,2,6.8028,6.8372,3,1.5045,14.7581,14.7581,0.0
2021-03-31,3,Other,8,9.0,8-<10,9.0,0.0,0.1423,1.0817,2,-0.6431,0.6479,2,1.9332,1.9503,3,-0.4587,11.7633,14.7633,3.0
2021-04-01,4,Other,8,8.6,8-<10,9.0,0.4,-0.3606,1.1381,2,-0.505,0.7611,2,0.2622,0.2925,3,-1.3075,14.7686,14.7686,0.0
2021-04-02,4,Other,8,10.1,10-<12,10.5,0.4,-1.1222,1.7355,2,-1.7406,1.7453,2,0.5116,0.6367,3,-2.3282,14.7739,14.7739,0.0
2021-04-03,4,Other,8,8.3,8-<10,10.5,2.2,0.7769,1.7076,2,-0.2834,0.4645,2,2.9357,2.9361,3,-0.1652,11.7792,14.7792,3.0
2021-04-04,4,Other,8,8.9,8-<10,10.7,1.8,-0.2871,0.8665,2,0.153,0.153,2,0.4466,0.5138,3,-1.2361,14.7842,14.7842,0.0
2021-04-05,4,Other,8,13.1,12-<15,14.9,1.8,-1.3338,1.8939,2,-2.1226,2.1499,2,0.1142,0.3925,3,-2.3125,14.7894,14.7894,0.0
2021-04-06,4,Other,8,13.0,12-<15,16.7,3.7,-1.1386,1.6186,2,-1.4701,1.5047,2,0.2233,0.3481,3,-2.2457,14.7944,14.7944,0.0
2021-04-07,4,Other,8,12.3,12-<15,17.4,5.1,-1.6136,2.1322,2,-2.4931,2.5605,2,0.0728,0.1392,3,-2.6774,14.7994,14.7994,0.0
2021-04-08,4,Other,8,10.2,10-<12,17.4,7.2,-0.1662,1.7704,2,-1.2122,1.7311,2,1.7658,1.8168,3,-1.5271,14.8044,14.8044,0.0
2021-04-09,4,Other,8,9.0,8-<10,18.0,9.0,-0.0399,0.5892,2,-0.4984,0.6564,2,0.7979,0.8512,3,-0.3609,14.8094,14.8094,0.0
2021-04-10,4,Other,8,9.5,8-<10,18.5,9.0,0.0862,0.9134,2,-1.1269,1.3046,2,0.8662,0.9078,3,0.0393,14.8142,14.8142,0.0
2021-04-11,4,Other,8,12.4,12-<15,18.5,6.1,1.0728,3.3331,2,-1.839,2.7899,2,4.6749,4.7643,3,-0.4034,17.8189,14.8189,-3.0
2021-04-12,4,Other,8,10.1,10-<12,15.6,5.5,-0.1955,0.7808,2,-1.1162,1.3409,2,0.4298,0.6331,3,0.0627,14.8236,14.8236,0.0
2021-04-13,4,Other,8,14.9,12-<15,20.3,5.4,-0.6035,1.4788,2,-2.0048,2.4939,2,0.614,0.6528,3,-0.5965,14.8281,14.8281,0.0
2021-04-14,4,Other,8,14.2,12-<15,20.3,6.1,0.5319,2.2175,2,-1.185,1.46,2,3.113,3.1256,3,-0.6262,14.8325,14.8325,0.0
2021-04-15,4,Other,8,12.7,12-<15,19.5,6.8,-0.1424,0.6929,2,-0.7445,1.1544,2,0.6143,0.6146,3,-0.2732,14.8369,14.8369,0.0
2021-04-16,4,Other,8,15.6,15-<18,22.4,6.8,-0.8728,1.5939,2,-0.3803,0.5107,2,0.0264,0.5677,3,-2.3551,14.8411,14.8411,0.0
2021-04-17,4,Other,8,15.4,15-<18,22.4,7.0,-1.8401,3.0039,2,-3.952,3.9837,2,1.2424,1.2676,3,-3.3813,14.8453,14.8453,0.0
2021-04-18,4,Other,8,10.8,10-<12,21.4,10.6,0.543,1.2022,2,-0.466,0.5739,2,1.8954,1.919,3,-0.035,14.8494,14.8494,0.0
2021-04-19,4,Other,8,11.7,10-<12,21.8,10.1,1.233,3.6068,2,-2.3464,2.612,2,5.6388,5.7742,3,1.4057,11.8533,14.8533,3.0
2021-04-20,4,Other,8,13.4,12-<15,22.1,8.7,-0.8903,1.397,2,-1.3921,1.7744,2,0.2807,0.3535,3,-1.3706,14.8572,14.8572,0.0
2021-04-21,4,Other,8,22.1,>=20,22.1,0.0,-1.2988,5.2321,2,-6.1763,7.1777,2,3.1207,3.1428,3,-2.187,14.8608,14.8608,0.0
2021-04-22,4,Other,8,19.0,18-<20,18.9,-0.1,7.1895,9.4083,2,2.8874,4.4257,2,14.9751,15.1387,3,2.8693,17.8642,14.8642,-3.0
2021-04-23,4,Other,8,4.6,<8,4.4,-0.2,-0.1661,1.0657,2,-0.9316,1.0761,2,0.6043,0.6772,3,-0.2578,14.8678,14.8678,0.0
2021-04-24,4,Other,8,6.3,<8,4.4,-1.9,1.2602,2.3654,2,1.0713,1.8707,2,2.9963,3.1594,3,-0.6668,17.8708,14.8708,-3.0
2021-04-25,4,Other,8,12.4,12-<15,10.5,-1.9,-0.8119,1.4638,2,-0.5884,0.6369,2,-0.0921,0.5962,3,-1.7905,14.8742,14.8742,0.0
2021-04-26,4,Other,8,16.4,15-<18,15.4,-1.0,-2.1925,3.6371,2,-2.779,2.7997,2,0.2558,0.4257,3,-4.8154,14.8769,14.8769,0.0
2021-04-27,4,Other,8,18.5,18-<20,20.8,2.3,-3.6465,4.487,2,-6.261,6.3495,2,-0.474,0.9041,3,-4.9867,14.8797,14.8797,0.0
2021-04-28,4,Other,8,16.3,15-<18,25.8,9.5,-0.6418,1.134,2,-0.9636,1.0545,2,-0.0311,0.5285,3,-1.1487,14.8825,14.8825,0.0
2021-04-29,4,Other,8,18.7,18-<20,28.8,10.1,-2.0939,2.6934,2,-3.7198,3.7208,2,-0.229,0.4829,3,-2.9396,14.885,14.885,0.0
2021-04-30,4,Other,8,17.4,15-<18,31.2,13.8,-1.4142,1.832,2,-2.0615,2.0853,2,-0.1434,0.2796,3,-1.8918,14.8875,14.8875,0.0
2021-05-01,5,May-Sep,8,21.9,>=20,31.2,9.3,4.0786,10.0844,2,-5.4543,6.5855,2,15.6784,15.7795,3,2.3142,11.8897,14.8897,3.0
2021-05-02,5,May-Sep,8,17.5,15-<18,24.1,6.6,4.2246,6.0918,2,0.5503,2.8676,2,9.3579,9.4396,3,1.7973,17.8917,14.8917,-3.0
2021-05-03,5,May-Sep,8,11.1,10-<12,17.5,6.4,-0.3643,1.0367,2,-0.8925,0.9823,2,0.2597,0.2669,3,-0.7551,14.8936,14.8936,0.0
2021-05-04,5,May-Sep,8,15.6,15-<18,22.6,7.0,-2.0815,3.2162,2,-5.7291,5.9628,2,-0.0167,0.5144,3,-1.6824,14.8953,14.8953,0.0
2021-05-05,5,May-Sep,8,15.2,15-<18,26.3,11.1,-0.3523,1.0218,2,-0.862,0.9832,2,-0.1386,0.6511,3,-0.5242,14.8969,14.8969,0.0
2021-05-06,5,May-Sep,8,17.6,15-<18,29.1,11.5,-1.4113,2.0508,2,-2.755,2.7596,2,-0.1328,1.1379,3,-2.015,17.8983,14.8983,-3.0
2021-05-07,5,May-Sep,8,16.9,15-<18,31.0,14.1,-1.2551,1.8394,2,-2.5503,2.6136,2,0.4642,0.4653,3,-1.7033,14.8994,14.8994,0.0
2021-05-08,5,May-Sep,8,14.9,12-<15,31.0,16.1,2.2857,4.3302,2,-0.9029,2.3065,2,5.3901,5.3941,3,1.2269,14.9006,14.9006,0.0
2021-05-09,5,May-Sep,8,9.8,8-<10,26.4,16.6,-0.1102,0.3448,2,-0.4073,0.4074,2,0.3038,0.3609,3,-0.3067,14.9014,14.9014,0.0
2021-05-10,5,May-Sep,8,10.9,10-<12,27.9,17.0,0.8938,2.6392,2,-2.2467,2.5854,2,3.1894,3.4407,3,1.9548,11.9022,14.9022,3.0
2021-05-11,5,May-Sep,8,15.1,15-<18,27.9,12.8,4.1376,7.3666,2,-1.1253,2.8688,2,10.4383,10.6594,3,0.6474,8.9028,14.9028,6.0
2021-05-12,5,May-Sep,8,13.3,12-<15,21.8,8.5,1.9835,5.5021,2,-2.6076,3.3107,2,8.65,8.964,3,1.5653,11.9033,14.9033,3.0
2021-05-13,5,May-Sep,8,14.0,12-<15,21.8,7.8,2.051,3.069,2,0.3623,0.7449,2,4.9611,4.9901,3,0.2871,14.9036,14.9036,0.0
2021-05-14,5,May-Sep,8,12.9,12-<15,21.3,8.4,-1.0874,1.8592,2,-1.1474,1.1693,2,0.4802,0.7827,3,-2.5069,14.9036,14.9036,0.0
2021-05-15,5,May-Sep,8,11.2,10-<12,21.3,10.1,0.853,2.3662,2,1.1248,2.2998,2,2.1342,2.3419,3,-1.2953,17.9036,14.9036,-3.0
2021-05-16,5,May-Sep,8,9.0,8-<10,19.9,10.9,-0.453,0.9561,2,-0.3984,0.4545,2,0.1172,0.4957,3,-1.0513,14.9033,14.9033,0.0
2021-05-17,5,May-Sep,8,9.2,8-<10,21.0,11.8,0.1811,2.253,2,-1.923,1.9407,2,3.1574,3.2254,3,-0.63,11.9031,14.9031,3.0
2021-05-18,5,May-Sep,8,12.8,12-<15,25.8,13.0,-0.6259,1.081,2,-1.4064,1.4114,2,0.2482,0.4292,3,-1.0951,14.9025,14.9025,0.0
2021-05-19,5,May-Sep,8,13.9,12-<15,28.6,14.7,-0.7264,1.3133,2,-0.923,1.2057,2,0.2869,0.5014,3,-1.4642,14.9017,14.9017,0.0
2021-05-20,5,May-Sep,8,17.6,15-<18,28.6,11.0,2.9132,8.1135,2,-4.7054,4.986,2,13.5746,13.6905,3,1.4996,11.9008,14.9008,3.0
2021-05-21,5,May-Sep,8,17.1,15-<18,25.8,8.7,4.9544,6.4226,2,2.6876,4.4289,2,8.3077,8.3552,3,2.6012,14.9,14.9,0.0
2021-05-22,5,May-Sep,8,8.9,8-<10,17.3,8.4,0.1196,1.1229,2,0.3843,0.3896,2,0.1356,0.3876,3,-0.8036,14.8989,14.8989,0.0
2021-05-23,5,May-Sep,8,15.4,15-<18,23.9,8.5,-1.8279,2.4756,2,-3.0376,3.0376,2,0.0136,0.8842,3,-2.917,14.8975,14.8975,0.0
2021-05-24,5,May-Sep,8,15.0,15-<18,27.4,12.4,-1.0257,1.4637,2,-1.4267,1.4402,2,0.0401,0.4594,3,-1.755,14.8961,14.8961,0.0
2021-05-25,5,May-Sep,8,14.1,12-<15,28.9,14.8,-1.1957,1.7902,2,-2.1129,2.1455,2,0.2949,0.8553,3,-2.0948,14.8947,14.8947,0.0
2021-05-26,5,May-Sep,8,14.3,12-<15,31.7,17.4,-0.859,1.113,2,-1.283,1.2883,2,-0.0632,0.4652,3,-1.4042,14.8931,14.8931,0.0
2021-05-27,5,May-Sep,8,13.0,12-<15,32.5,19.5,-0.3262,1.0375,2,-0.2431,0.7356,2,0.7138,0.7806,3,-0.9521,14.8911,14.8911,0.0
2021-05-28,5,May-Sep,8,14.3,12-<15,32.5,18.2,1.3936,4.1569,2,-2.1928,2.2395,2,6.0434,6.3489,3,0.603,11.8892,14.8892,3.0
2021-05-29,5,May-Sep,8,13.6,12-<15,30.2,16.6,2.0992,3.6144,2,-0.7308,0.7432,2,4.7859,5.145,3,2.3504,14.8872,14.8872,0.0
2021-05-30,5,May-Sep,7,11.7,10-<12,28.3,16.6,-0.272,0.9755,1,0.2074,0.2074,2,-0.1047,0.8094,3,-1.061,17.885,14.885,-3.0
2021-05-31,5,May-Sep,8,11.2,10-<12,30.1,18.9,-0.1137,0.5635,2,-0.8141,0.8806,2,0.2758,0.424,3,0.1066,14.8825,14.8825,0.0
2021-06-01,6,May-Sep,8,11.1,10-<12,30.8,19.7,-0.2234,0.7868,2,-0.5319,1.2788,2,-0.1163,0.1629,3,-0.2174,14.8803,14.8803,0.0
2021-06-02,6,May-Sep,8,12.9,12-<15,32.7,19.8,-1.2417,1.7805,2,-1.7812,1.8366,2,0.1366,0.2944,3,-2.1245,14.8778,14.8778,0.0
2021-06-03,6,May-Sep,8,13.3,12-<15,35.3,22.0,-1.0276,1.7145,2,-2.6996,2.6996,2,0.9174,0.9717,3,-1.145,11.875,14.875,3.0
2021-06-04,6,May-Sep,8,14.4,12-<15,35.3,20.9,2.59,4.9616,2,-1.2064,1.3029,2,8.6597,8.818,3,0.5588,8.8725,14.8725,6.0
2021-06-05,6,May-Sep,8,15.6,15-<18,30.5,14.9,1.0603,5.1324,2,-4.3828,4.4991,2,5.6971,6.0721,3,1.8575,11.8697,14.8697,3.0
2021-06-06,6,May-Sep,8,15.3,15-<18,28.5,13.2,4.2835,5.5634,2,3.8363,5.0231,2,7.3667,7.4383,3,1.1139,17.8667,14.8667,-3.0
2021-06-07,6,May-Sep,8,12.5,12-<15,25.7,13.2,-0.4906,1.4855,2,-0.7046,0.8691,2,0.6216,0.9178,3,-1.6139,14.8639,14.8639,0.0
2021-06-08,6,May-Sep,8,18.2,18-<20,32.4,14.2,-1.8249,2.7853,2,-3.4146,3.4234,2,0.9158,0.9192,3,-3.0153,14.8608,14.8608,0.0
2021-06-09,6,May-Sep,8,13.9,12-<15,32.4,18.5,2.5504,3.9504,2,-0.6669,1.1274,2,4.0511,4.1599,3,2.645,17.8575,14.8575,-3.0
2021-06-10,6,May-Sep,8,11.6,10-<12,29.5,17.9,0.2599,1.5036,2,-1.113,1.1742,2,1.8271,2.1485,3,0.4847,11.8544,14.8544,3.0
2021-06-11,6,May-Sep,8,13.7,12-<15,29.5,15.8,1.8521,3.8297,2,-1.3191,2.4444,2,3.5168,3.6506,3,1.9992,17.8511,14.8511,-3.0
2021-06-12,6,May-Sep,8,10.4,10-<12,26.2,15.8,0.8724,1.5616,2,-0.0242,0.3964,2,2.2954,2.3042,3,-0.0045,14.8478,14.8478,0.0
2021-06-13,6,May-Sep,8,10.3,10-<12,24.8,14.5,3.0593,4.4647,2,1.7466,2.049,2,7.6025,7.6549,3,0.6047,11.8444,14.8444,3.0
2021-06-14,6,May-Sep,8,10.2,10-<12,20.2,10.0,0.3959,2.5459,2,2.3666,3.0332,2,1.3595,1.6512,3,-2.3528,17.8411,14.8411,-3.0
2021-06-15,6,May-Sep,8,13.8,12-<15,24.0,10.2,-1.611,2.2421,2,-2.4834,2.4985,2,0.0709,0.8274,3,-2.822,17.8378,14.8378,-3.0
2021-06-16,6,May-Sep,8,14.3,12-<15,28.2,13.9,-0.8717,1.8362,2,-0.4319,0.5327,2,-0.1534,0.9606,3,-2.246,17.8344,14.8344,-3.0
2021-06-17,6,May-Sep,8,14.5,12-<15,29.7,15.2,-1.3528,1.9273,2,-1.5235,1.6698,2,-0.0617,0.4604,3,-2.686,14.8308,14.8308,0.0
2021-06-18,6,May-Sep,8,13.0,12-<15,31.5,18.5,-0.3029,1.0522,2,-0.1843,0.5914,2,0.3189,0.573,3,-1.1639,14.8275,14.8275,0.0
2021-06-19,6,May-Sep,8,12.3,12-<15,31.5,19.2,1.5046,3.6125,2,-1.4019,2.0365,2,6.0072,6.1489,3,0.446,11.8239,14.8239,3.0
2021-06-20,6,May-Sep,8,16.5,15-<18,29.0,12.5,-0.0369,5.8279,2,-5.6787,5.9857,2,5.44,6.7803,3,0.4831,11.8203,14.8203,3.0
2021-06-21,6,May-Sep,8,16.0,15-<18,28.5,12.5,1.8877,3.6027,2,2.4122,3.2167,2,3.868,3.955,3,-1.1845,14.8169,14.8169,0.0
2021-06-22,6,May-Sep,8,12.0,12-<15,25.4,13.4,0.3592,3.3864,2,-3.3598,3.4679,2,3.7274,4.2946,3,0.6069,14.8133,14.8133,0.0
2021-06-23,6,May-Sep,8,11.7,10-<12,25.4,13.7,2.3633,3.0408,2,1.8921,2.5044,2,4.3444,4.6126,3,0.7935,17.8097,14.8097,-3.0
2021-06-24,6,May-Sep,8,16.1,15-<18,30.2,14.1,-0.4747,1.868,2,0.5637,0.5969,2,0.1182,0.5858,3,-2.1096,14.8064,14.8064,0.0
2021-06-25,6,May-Sep,8,16.9,15-<18,30.2,13.3,5.0817,8.3053,2,0.4933,4.4173,2,12.5785,12.6047,3,1.3847,2.8031,14.8031,-12.0
2021-06-26,6,May-Sep,8,9.1,8-<10,22.3,13.2,0.0688,0.8647,2,0.3851,0.8391,2,0.5315,0.7053,3,-0.6237,14.7994,14.7994,0.0
2021-06-27,6,May-Sep,8,8.4,8-<10,22.3,13.9,1.1623,2.3469,2,-0.4825,0.5502,2,2.4183,2.5401,3,0.016,17.7961,14.7961,-3.0
2021-06-28,6,May-Sep,8,14.3,12-<15,27.7,13.4,-0.291,1.1079,2,-0.1775,0.1852,2,0.0161,0.376,3,-1.0637,14.7928,14.7928,0.0
2021-06-29,6,May-Sep,8,15.1,15-<18,29.7,14.6,-1.5239,2.0213,2,-2.5036,2.5103,2,0.3761,0.4906,3,-2.4697,14.7894,14.7894,0.0
2021-06-30,6,May-Sep,8,11.3,10-<12,29.7,18.4,-0.9209,1.5132,2,-2.4967,2.6343,2,0.4214,0.5619,3,-0.9652,14.7864,14.7864,0.0
2021-07-01,7,May-Sep,8,9.9,8-<10,30.7,20.8,-0.2329,0.6084,2,-1.1235,1.1251,2,0.0437,0.3528,3,0.1111,14.7831,14.7831,0.0
2021-07-02,7,May-Sep,8,10.7,10-<12,32.1,21.4,-0.3411,1.0182,2,-1.1994,1.2898,2,0.4032,0.4033,3,-0.5958,14.78,14.78,0.0
2021-07-03,7,May-Sep,8,10.2,10-<12,33.0,22.8,-0.1311,0.8778,2,-1.3093,1.5151,2,0.4791,0.4793,3,-0.101,14.7769,14.7769,0.0
2021-07-04,7,May-Sep,8,12.1,12-<15,35.2,23.1,-0.3145,0.6969,2,-0.868,0.9988,2,0.0324,0.1626,3,-0.2651,14.7739,14.7739,0.0
2021-07-05,7,May-Sep,8,14.9,12-<15,38.7,23.8,0.1467,1.4653,2,-0.3206,1.1369,2,1.9397,2.3077,3,-0.4757,14.7711,14.7711,0.0
2021-07-06,7,May-Sep,8,14.8,12-<15,38.7,23.9,1.7642,2.8866,2,0.7796,1.7265,2,5.195,5.196,3,0.3983,11.7683,14.7683,3.0
2021-07-07,7,May-Sep,8,12.8,12-<15,36.8,24.0,2.551,4.2046,2,-1.1675,1.3265,2,6.547,6.5472,3,2.1038,11.7656,14.7656,3.0
2021-07-08,7,May-Sep,8,9.4,8-<10,32.7,23.3,1.0582,1.922,2,-0.9598,1.1106,2,3.0704,3.0704,3,0.8809,11.7631,14.7631,3.0
2021-07-09,7,May-Sep,8,10.8,10-<12,34.9,24.1,-0.1278,0.7837,2,-1.1261,1.3691,2,0.2987,0.4936,3,0.0097,14.7606,14.7606,0.0
2021-07-10,7,May-Sep,8,15.2,15-<18,37.2,22.0,-0.2639,2.0591,2,-2.7987,2.9542,2,1.1738,1.3594,3,0.7176,14.7581,14.7581,0.0
2021-07-11,7,May-Sep,8,18.9,18-<20,37.2,18.3,2.9062,5.3138,2,-0.9331,3.1192,2,7.6841,7.6946,3,0.8952,14.7558,14.7558,0.0
2021-07-12,7,May-Sep,8,13.3,12-<15,30.3,17.0,0.4831,1.5551,2,0.0685,0.0748,2,2.5198,2.5467,3,-0.9161,14.7536,14.7536,0.0
2021-07-13,7,May-Sep,8,13.5,12-<15,31.0,17.5,-1.3446,2.0911,2,-2.8492,2.8501,2,0.8087,0.8176,3,-2.2592,14.7517,14.7517,0.0
2021-07-14,7,May-Sep,8,12.3,12-<15,31.0,18.7,3.7253,6.0539,2,-0.4049,2.3312,2,10.0694,10.0924,3,1.7695,11.7497,14.7497,3.0
2021-07-15,7,May-Sep,8,13.1,12-<15,31.5,18.4,-0.3914,1.3817,2,-0.4589,0.4628,2,0.5775,0.9957,3,-1.4378,17.7478,14.7478,-3.0
2021-07-16,7,May-Sep,8,15.2,15-<18,34.5,19.3,0.1646,1.9122,2,-1.5616,1.751,2,2.0183,2.418,3,-0.2121,14.7464,14.7464,0.0
2021-07-17,7,May-Sep,8,15.6,15-<18,34.5,18.9,4.5253,6.0439,2,1.1665,3.1667,2,9.2964,9.315,3,2.4341,14.7447,14.7447,0.0
2021-07-18,7,May-Sep,8,7.6,<8,26.4,18.8,0.5671,1.2017,2,-0.3609,0.3737,2,0.7577,1.2038,3,0.3104,17.7433,14.7433,-3.0
2021-07-19,7,May-Sep,8,11.5,10-<12,30.0,18.5,-0.3985,1.3016,2,-0.5877,0.5938,2,0.505,0.6998,3,-1.2899,14.7422,14.7422,0.0
2021-07-20,7,May-Sep,8,13.5,12-<15,33.1,19.6,-0.9616,1.8144,2,-1.6832,2.4403,2,-0.1,0.6947,3,-1.7931,14.7411,14.7411,0.0
2021-07-21,7,May-Sep,8,12.4,12-<15,35.8,23.4,-0.6495,1.2653,2,-0.9999,1.0175,2,0.3053,0.3559,3,-1.4708,14.7403,14.7403,0.0
2021-07-22,7,May-Sep,8,12.5,12-<15,35.8,23.3,2.6436,3.9629,2,0.0494,0.1982,2,6.8483,6.9821,3,1.9566,11.7394,14.7394,3.0
2021-07-23,7,May-Sep,8,11.0,10-<12,33.5,22.5,1.4394,2.3677,2,0.6855,1.0452,2,3.2248,3.396,3,-0.1672,17.7389,14.7389,-3.0
2021-07-24,7,May-Sep,8,11.3,10-<12,34.1,22.8,-0.4269,0.8406,2,-1.0124,1.095,2,0.3574,0.3588,3,-0.6837,14.7383,14.7383,0.0
2021-07-25,7,May-Sep,8,10.3,10-<12,34.2,23.9,-0.3473,0.7893,2,-1.3412,1.5451,2,0.058,0.1442,3,-0.0664,14.7381,14.7381,0.0
2021-07-26,7,May-Sep,8,9.9,8-<10,34.2,24.3,0.2904,0.6803,2,-0.6653,0.6678,2,0.8772,0.9696,3,0.4531,14.7378,14.7378,0.0
2021-07-27,7,May-Sep,8,13.0,12-<15,37.4,24.4,-0.2705,0.8363,2,-0.9669,1.1129,2,0.8109,0.8731,3,-0.2762,14.7381,14.7381,0.0
2021-07-28,7,May-Sep,8,13.5,12-<15,37.4,23.9,2.5621,3.605,2,0.2253,1.4956,2,5.5816,5.5956,3,1.2626,14.7381,14.7381,0.0
2021-07-29,7,May-Sep,8,10.0,10-<12,33.1,23.1,0.3564,1.3706,2,1.1897,1.679,2,0.8657,0.8943,3,-1.0898,14.7386,14.7386,0.0
2021-07-30,7,May-Sep,8,18.4,18-<20,33.1,14.7,0.3398,6.0949,2,-5.5791,6.3419,2,6.8126,7.2332,3,0.301,11.7392,14.7392,3.0
2021-07-31,7,May-Sep,8,17.8,15-<18,31.5,13.7,7.5278,10.0905,2,2.9622,5.2632,2,15.5907,15.6527,3,2.7296,23.7406,14.7397,-9.0009
2021-08-01,8,May-Sep,8,12.3,12-<15,26.0,13.7,-1.2991,1.7278,2,-2.6792,2.6969,2,-0.066,0.36,3,-1.6164,14.7406,14.7406,0.0
2021-08-02,8,May-Sep,8,14.1,12-<15,30.1,16.0,-0.4273,0.8898,2,-0.5546,0.7296,2,0.1829,0.6305,3,-0.981,14.7417,14.7417,0.0
2021-08-03,8,May-Sep,8,16.4,15-<18,32.5,16.1,-1.1033,1.7535,2,-1.9127,1.9927,2,0.0532,0.0871,3,-2.0065,14.7431,14.7431,0.0
2021-08-04,8,May-Sep,8,14.8,12-<15,33.4,18.6,-1.5085,2.344,2,-3.0078,3.0081,2,1.0865,1.158,3,-2.3911,14.7444,14.7444,0.0
2021-08-05,8,May-Sep,8,14.5,12-<15,33.4,18.9,-0.4541,3.1979,2,-3.0904,3.3427,2,3.5486,3.5671,3,-1.6783,11.7461,14.7461,3.0
2021-08-06,8,May-Sep,8,12.8,12-<15,31.7,18.9,0.7543,1.3243,2,-0.5557,0.5558,2,2.0886,2.0981,3,0.41,14.7478,14.7478,0.0
2021-08-07,8,May-Sep,8,10.6,10-<12,30.0,19.4,-0.2638,0.744,2,-1.087,1.1016,2,0.1576,0.2059,3,-0.3406,14.7497,14.7497,0.0
2021-08-08,8,May-Sep,8,10.6,10-<12,31.3,20.7,-0.0933,0.9478,2,-0.8949,0.8955,2,0.754,0.7567,3,-0.5099,14.7519,14.7519,0.0
2021-08-09,8,May-Sep,8,12.7,12-<15,34.3,21.6,0.0874,0.8303,2,0.0916,0.2583,2,0.8316,0.8438,3,-0.5273,14.7542,14.7542,0.0
2021-08-10,8,May-Sep,8,14.1,12-<15,34.3,20.2,3.5756,5.8883,2,0.0105,1.8498,2,9.4474,9.7881,3,1.4592,14.7567,14.7567,0.0
2021-08-11,8,May-Sep,8,12.2,12-<15,31.0,18.8,-0.4383,0.9676,2,-0.8952,1.0029,2,0.4511,0.5101,3,-1.073,14.7592,14.7592,0.0
2021-08-12,8,May-Sep,8,16.6,15-<18,35.9,19.3,-1.3406,2.616,2,-4.5285,4.5451,2,1.2428,1.2931,3,-1.1535,14.7619,14.7619,0.0
2021-08-13,8,May-Sep,8,16.1,15-<18,35.9,19.8,4.1878,6.2486,2,1.6924,5.2834,2,8.5652,8.5697,3,1.5364,14.765,14.765,0.0
2021-08-14,8,May-Sep,8,13.3,12-<15,28.2,14.9,-0.1271,3.03,2,-3.269,3.8084,2,3.1724,3.2257,3,-0.278,11.7681,14.7681,3.0
2021-08-15,8,May-Sep,8,12.9,12-<15,27.3,14.4,4.6408,5.9887,2,2.3281,3.3069,2,9.2904,9.3097,3,1.7073,14.7714,14.7714,0.0
2021-08-16,8,May-Sep,8,7.2,<8,21.7,14.5,-0.1501,1.6115,2,0.2065,1.7713,2,0.1731,0.4554,3,-1.4739,14.7747,14.7747,0.0
2021-08-17,8,May-Sep,8,8.5,8-<10,21.7,13.2,1.7481,3.0469,2,1.5487,2.6012,2,2.9422,2.9529,3,0.0167,14.7783,14.7783,0.0
2021-08-18,8,May-Sep,8,10.3,10-<12,23.5,13.2,-0.4046,0.9887,2,-1.2468,1.2469,2,0.3299,0.74,3,-0.7221,17.7822,14.7822,-3.0
2021-08-19,8,May-Sep,8,13.0,12-<15,27.5,14.5,-0.4839,1.0323,2,-1.5404,1.559,2,0.5614,0.6064,3,-0.6805,14.7861,14.7861,0.0
2021-08-20,8,May-Sep,8,11.6,10-<12,27.5,15.9,-0.74,1.3375,2,-2.1185,2.1581,2,0.4908,0.4908,3,-1.0369,14.7903,14.7903,0.0
2021-08-21,8,May-Sep,8,10.1,10-<12,27.5,17.4,0.5554,1.0404,2,0.583,0.9094,2,0.7276,0.7284,3,-0.0533,14.7944,14.7944,0.0
2021-08-22,8,May-Sep,8,10.0,10-<12,26.8,16.8,0.3379,1.0097,2,-0.7979,0.8574,2,1.3788,1.3835,3,0.2829,14.7986,14.7986,0.0
2021-08-23,8,May-Sep,8,12.2,12-<15,28.1,15.9,-0.4334,1.1322,2,-1.3625,2.0076,2,0.3358,0.4148,3,-0.3826,14.8031,14.8031,0.0
2021-08-24,8,May-Sep,8,12.9,12-<15,28.8,15.9,-0.7536,1.1822,2,-1.766,1.7761,2,0.3351,0.3642,3,-0.9945,14.8078,14.8078,0.0
2021-08-25,8,May-Sep,8,11.6,10-<12,29.2,17.6,-0.4066,1.083,2,-1.6663,1.9338,2,0.411,0.465,3,-0.2547,14.8125,14.8125,0.0
2021-08-26,8,May-Sep,8,10.8,10-<12,29.2,18.4,0.19,1.2896,2,-1.5033,1.7597,2,1.7059,1.8045,3,0.356,11.8175,14.8175,3.0
2021-08-27,8,May-Sep,8,10.5,10-<12,29.5,19.0,0.673,1.6186,2,-0.6787,0.8375,2,2.7692,2.8896,3,0.5706,11.8225,14.8225,3.0
2021-08-28,8,May-Sep,8,13.1,12-<15,31.0,17.9,-0.4685,1.253,2,-0.865,1.1848,2,1.2432,1.268,3,-1.156,14.8275,14.8275,0.0
2021-08-29,8,May-Sep,8,13.0,12-<15,31.0,18.0,0.8626,2.9768,2,-1.048,2.0001,2,4.292,4.2932,3,-1.0207,14.8328,14.8328,0.0
2021-08-30,8,May-Sep,8,7.8,<8,27.1,19.3,0.7209,1.1414,2,0.5045,1.2216,2,0.5305,0.6854,3,0.7252,14.8381,14.8381,0.0
2021-08-31,8,May-Sep,8,14.2,12-<15,30.9,16.7,-0.7457,1.0978,2,-0.2092,0.4354,2,0.0956,0.0957,3,-1.3353,14.8433,14.8433,0.0
2021-09-01,9,May-Sep,8,15.6,15-<18,30.9,15.3,0.5877,3.275,2,-3.2178,3.3126,2,4.0418,4.0567,3,0.8076,11.8489,14.8489,3.0
2021-09-02,9,May-Sep,8,13.7,12-<15,28.4,14.7,4.3675,5.4602,2,2.0083,2.9286,2,7.8119,7.9707,3,2.2202,17.8544,14.8544,-3.0
2021-09-03,9,May-Sep,8,10.5,10-<12,24.8,14.3,-0.341,1.1413,2,-0.9918,1.4305,2,0.7742,0.778,3,-0.7853,14.8603,14.8603,0.0
2021-09-04,9,May-Sep,8,12.0,12-<15,26.4,14.4,-0.9712,1.3638,2,-2.0798,2.094,2,0.2126,0.2132,3,-1.2485,14.8658,14.8658,0.0
2021-09-05,9,May-Sep,8,14.0,12-<15,30.4,16.4,-0.0949,0.6319,2,-0.6139,0.7381,2,0.3135,0.314,3,-0.2441,14.8717,14.8717,0.0
2021-09-06,9,May-Sep,8,14.2,12-<15,30.9,16.7,-1.1044,1.7667,2,-3.1336,3.2709,2,0.2896,0.2897,3,-0.8609,14.8778,14.8778,0.0
2021-09-07,9,May-Sep,8,12.2,12-<15,30.9,18.7,-0.1804,1.008,2,-1.2695,1.7811,2,0.5234,0.5385,3,0.1616,14.8836,14.8836,0.0
2021-09-08,9,May-Sep,8,15.0,15-<18,33.9,18.9,-0.4907,1.1946,2,-1.8407,1.9942,2,0.7115,0.7166,3,-0.0864,14.8897,14.8897,0.0
2021-09-09,9,May-Sep,8,13.7,12-<15,33.9,20.2,0.8274,1.6156,2,-0.8273,0.8611,2,2.5461,2.5582,3,0.7592,14.8956,14.8956,0.0
2021-09-10,9,May-Sep,8,18.6,18-<20,32.3,13.7,4.2767,7.4363,2,-0.6668,2.6248,2,12.2234,12.3184,3,1.4415,11.9017,14.9017,3.0
2021-09-11,9,May-Sep,8,10.5,10-<12,23.5,13.0,1.9751,2.3925,2,1.4324,1.9768,2,3.0151,3.0284,3,0.991,14.9078,14.9078,0.0
2021-09-12,9,May-Sep,8,12.2,12-<15,24.4,12.2,-0.977,1.8742,2,-0.8755,1.3884,2,0.3787,0.3792,3,-2.255,14.9142,14.9142,0.0
2021-09-13,9,May-Sep,8,12.7,12-<15,24.9,12.2,-1.8405,2.5652,2,-3.584,3.6189,2,0.2312,0.3534,3,-2.6238,14.9203,14.9203,0.0
2021-09-14,9,May-Sep,8,10.6,10-<12,24.9,14.3,0.1683,1.0556,2,-0.4768,0.8143,2,1.4832,1.4856,3,-0.6235,14.9264,14.9264,0.0
2021-09-15,9,May-Sep,8,12.6,12-<15,26.9,14.3,-0.6411,0.8438,2,-0.9789,1.0569,2,-0.0307,0.1332,3,-1.0567,14.9325,14.9325,0.0
2021-09-16,9,May-Sep,8,11.4,10-<12,26.9,15.5,-0.6181,1.1202,2,-1.0347,1.5397,2,0.3035,0.3209,3,-1.081,14.9389,14.9389,0.0
2021-09-17,9,May-Sep,8,11.6,10-<12,27.1,15.5,-0.1779,1.2259,2,-1.2056,1.3383,2,1.1284,1.5273,3,-0.5634,14.945,14.945,0.0
2021-09-18,9,May-Sep,8,14.7,12-<15,30.6,15.9,-0.0714,0.7733,2,-0.1937,0.4172,2,0.7203,0.7886,3,-0.1705,14.9511,14.9511,0.0
2021-09-19,9,May-Sep,8,17.9,15-<18,33.8,15.9,-1.5453,3.2753,2,-5.4182,5.445,2,1.9988,2.331,3,-1.3521,14.9572,14.9572,0.0
2021-09-21,9,May-Sep,8,14.0,12-<15,24.8,10.8,2.7026,3.807,2,0.9728,1.4645,2,6.0915,6.0951,3,0.6006,14.9694,14.9694,0.0
2021-09-22,9,May-Sep,8,9.5,8-<10,18.7,9.2,0.1635,0.9268,2,-0.7783,0.9095,2,1.0541,1.0554,3,-0.1014,14.9756,14.9756,0.0
2021-09-23,9,May-Sep,8,10.2,10-<12,19.4,9.2,-0.1323,0.9504,2,-0.8011,1.0712,2,0.9788,0.9951,3,-0.6166,14.9817,14.9817,0.0
2021-09-24,9,May-Sep,8,12.5,12-<15,19.4,6.9,1.514,4.3884,2,-2.5638,2.7426,2,7.2128,7.3313,3,0.4273,11.9875,14.9875,3.0
2021-09-25,9,May-Sep,8,12.1,12-<15,18.2,6.1,1.4502,2.0603,2,-0.1549,0.3493,2,3.3788,3.3836,3,0.7523,14.9933,14.9933,0.0
2021-09-26,9,May-Sep,7,11.4,10-<12,17.0,5.6,-0.3933,1.0073,2,-1.253,1.6034,2,-0.0266,0.0376,2,-0.2536,14.9992,14.9992,0.0
2021-09-27,9,May-Sep,8,15.5,15-<18,21.5,6.0,-1.0931,1.7003,2,-2.83,2.9087,2,0.3308,0.3716,3,-0.946,15.005,15.005,0.0
2021-09-28,9,May-Sep,8,13.1,12-<15,21.5,8.4,-0.7249,2.4005,2,-2.8547,2.8551,2,2.2314,2.2378,3,-1.8523,15.0106,15.0106,0.0
2021-09-29,9,May-Sep,8,10.4,10-<12,20.6,10.2,-0.1709,0.8876,2,-1.1308,1.5557,2,0.6176,0.7836,3,-0.2043,15.0161,15.0161,0.0
2021-09-30,9,May-Sep,8,12.7,12-<15,22.9,10.2,-0.5472,1.0497,2,-1.6601,1.6672,2,0.4323,0.4335,3,-0.8615,15.0217,15.0217,0.0
2021-10-01,10,Other,8,17.3,15-<18,22.9,5.6,0.4402,9.4407,2,-8.4145,8.4148,2,12.8669,12.8754,3,-3.342,9.0272,15.0272,6.0
2021-10-02,10,Other,8,17.3,15-<18,20.6,3.3,6.715,9.4447,2,1.315,2.6497,2,14.8934,15.056,3,2.4232,0.0325,15.0325,-9.0
2021-10-03,10,Other,8,7.2,<8,9.9,2.7,0.0585,0.4977,2,-0.6208,0.6878,2,0.5302,0.6248,3,0.2097,15.0375,15.0375,0.0
2021-10-04,10,Other,8,7.7,<8,9.9,2.2,0.1021,1.058,2,-0.9379,1.2514,2,1.5202,1.5669,3,-0.2248,12.0425,15.0425,3.0
2021-10-05,10,Other,8,14.8,12-<15,17.1,2.3,0.185,0.7709,2,-0.1042,0.2948,2,0.6323,0.6739,3,-0.0095,15.0475,15.0475,0.0
2021-10-06,10,Other,8,17.2,15-<18,17.1,-0.1,1.0928,6.1586,2,-4.7389,4.8279,2,9.3149,9.3174,3,-0.9738,12.0522,15.0522,3.0
2021-10-07,10,Other,8,12.0,12-<15,11.4,-0.6,4.9463,6.5727,2,1.0051,2.057,2,10.5399,10.6149,3,2.4806,9.0569,15.0569,6.0
2021-10-08,10,Other,8,7.0,<8,5.6,-1.4,0.7137,0.895,2,0.748,0.937,2,0.7567,0.77,3,0.3553,15.0614,15.0614,0.0
2021-10-09,10,Other,8,11.7,10-<12,10.3,-1.4,-0.3239,0.97,2,-0.7294,0.8052,2,0.1439,0.1541,3,-0.3325,15.0658,15.0658,0.0
2021-10-10,10,Other,8,11.9,10-<12,11.0,-0.9,-2.4634,3.4615,2,-5.66,5.6937,2,0.409,0.4091,3,-2.8127,15.07,15.07,0.0
2021-10-11,10,Other,8,8.4,8-<10,11.0,2.6,0.8913,1.5767,2,-0.2861,0.3089,2,3.0293,3.0295,3,0.2931,12.0742,15.0742,3.0
2021-10-13,10,Other,8,10.4,10-<12,10.7,0.3,-0.1001,2.0033,2,-1.3167,1.5459,2,2.0881,2.09,3,-1.1427,15.0817,15.0817,0.0
2021-10-14,10,Other,8,10.1,10-<12,10.4,0.3,-0.4845,1.0949,2,-1.2324,1.8069,2,0.2612,0.295,3,-0.2551,15.0853,15.0853,0.0
2021-10-15,10,Other,8,12.1,12-<15,12.4,0.3,-1.2989,2.0229,2,-3.2599,3.5521,2,0.6238,0.6476,3,-1.2573,15.0886,15.0886,0.0
2021-10-16,10,Other,8,15.0,15-<18,17.3,2.3,-0.8357,2.3058,2,-3.6931,4.1689,2,1.2795,1.3675,3,0.0465,12.0917,15.0917,3.0
2021-10-17,10,Other,8,13.5,12-<15,17.3,3.8,1.1962,2.2705,2,-0.9639,1.1717,2,3.8889,3.9011,3,0.5163,15.0947,15.0947,0.0
2021-10-18,10,Other,8,11.3,10-<12,14.9,3.6,0.1436,0.8171,2,-0.6454,0.8723,2,1.0331,1.0596,3,0.4003,15.0975,15.0975,0.0
2021-10-19,10,Other,8,11.3,10-<12,14.9,3.6,0.1361,0.6339,2,-0.3626,0.476,2,1.123,1.1255,3,-0.0652,15.1003,15.1003,0.0
2021-10-20,10,Other,8,14.5,12-<15,18.1,3.6,-0.5444,3.3489,2,-4.8151,5.1636,2,3.7349,3.7931,3,-0.18,12.1025,15.1025,3.0
2021-10-21,10,Other,8,11.9,10-<12,18.1,6.2,0.9225,1.4822,2,-0.5025,0.7648,2,2.1326,2.1989,3,1.4307,15.1047,15.1047,0.0
2021-10-22,10,Other,8,13.5,12-<15,17.1,3.6,-0.0239,3.1106,2,-3.7191,3.7594,2,3.8314,3.835,3,-0.9751,15.1067,15.1067,0.0
2021-10-23,10,Other,8,13.0,12-<15,13.6,0.6,4.2873,6.9216,2,0.7811,2.4876,2,10.8811,11.0004,3,0.3605,0.1086,15.1086,-9.0
2021-10-24,10,Other,8,9.0,8-<10,8.7,-0.3,0.068,0.8696,2,-1.0087,1.4221,2,0.8072,0.834,3,0.1639,15.1103,15.1103,0.0
2021-10-25,10,Other,8,12.0,12-<15,11.8,-0.2,-0.2506,0.9438,2,-1.2649,1.5305,2,0.7343,0.7369,3,0.0652,15.1117,15.1117,0.0
2021-10-26,10,Other,8,11.3,10-<12,11.8,0.5,-0.1288,1.4765,2,-2.041,2.2385,2,1.7619,1.7632,3,0.0141,12.1128,15.1128,3.0
2021-10-27,10,Other,8,14.0,12-<15,15.3,1.3,-0.8899,2.2441,2,-3.9568,3.9569,2,1.3711,1.3985,3,-0.1627,15.1136,15.1136,0.0
2021-10-28,10,Other,8,10.6,10-<12,15.4,4.8,-0.563,0.9529,2,-1.2334,1.27,2,0.2842,0.2844,3,-0.3014,15.1144,15.1144,0.0
2021-10-29,10,Other,8,11.0,10-<12,15.4,4.4,1.1124,1.6796,2,-0.0435,0.3283,2,3.0777,3.1012,3,0.7079,15.115,15.115,0.0
2021-10-30,10,Other,8,8.7,8-<10,13.1,4.4,-0.1038,1.2756,2,-1.795,1.8201,2,1.7097,1.7134,3,-0.1048,12.115,15.115,3.0
2021-10-31,10,Other,8,7.6,<8,12.2,4.6,0.4533,0.9712,2,0.3328,0.3704,2,1.4432,1.4841,3,0.2025,12.1153,15.1153,3.0
2021-11-02,11,Other,8,12.7,12-<15,15.1,2.4,0.6293,1.1854,2,0.2633,0.2633,2,1.738,1.7438,3,0.8422,12.1147,15.1147,3.0
2021-11-03,11,Other,8,21.7,>=20,15.1,-6.6,-5.5942,8.9831,2,-12.8776,12.9106,2,3.0354,3.1828,3,-7.3357,12.1139,15.1139,3.0
2021-11-05,11,Other,8,5.7,<8,-5.7,-11.4,-0.3032,0.6338,2,-0.8405,1.0074,2,0.3187,0.3194,3,-0.465,15.1119,15.1119,0.0
2021-11-06,11,Other,8,11.2,10-<12,-0.2,-11.4,-0.8538,1.4571,2,-2.3289,2.3558,2,0.5585,0.5752,3,-0.4805,12.1108,15.1108,3.0
2021-11-07,11,Other,8,10.6,10-<12,-0.2,-10.8,0.8941,1.5624,2,-0.578,0.8973,2,2.7817,2.79,3,0.5946,15.1092,15.1092,0.0
2021-11-08,11,Other,8,9.4,8-<10,-1.4,-10.8,-1.0142,1.678,2,-3.0014,3.0545,2,0.5832,0.5895,3,-0.6263,15.1075,15.1075,0.0
2021-11-09,11,Other,8,9.0,8-<10,0.9,-8.1,-0.387,1.3417,2,-1.9698,2.0986,2,1.0819,1.1482,3,-0.0314,12.1056,15.1056,3.0
2021-11-10,11,Other,8,7.6,<8,0.9,-6.7,0.3051,1.2045,2,-1.0604,1.367,2,1.3113,1.4477,3,0.7258,15.1033,15.1033,0.0
2021-11-11,11,Other,8,8.8,8-<10,2.3,-6.5,0.0623,1.2389,2,-1.2294,1.5741,2,1.4027,1.4355,3,0.2541,15.1008,15.1008,0.0
2021-11-12,11,Other,8,13.5,12-<15,7.2,-6.3,-0.5806,2.2929,2,-2.6342,2.748,2,2.8865,2.9678,3,-0.8991,12.0981,15.0981,3.0
2021-11-13,11,Other,8,15.8,15-<18,11.9,-3.9,0.4999,2.9267,2,-2.1399,2.1429,2,4.9822,4.9904,3,-0.2018,12.0953,15.0953,3.0
2021-11-14,11,Other,8,13.5,12-<15,11.9,-1.6,2.753,3.9411,2,-0.5374,0.617,2,6.6802,6.6977,3,2.0109,15.0922,15.0922,0.0
2021-11-15,11,Other,8,8.3,8-<10,6.4,-1.9,1.2309,2.0448,2,-0.4559,0.4674,2,3.6603,3.6996,3,1.1309,12.0889,15.0889,3.0
2021-11-16,11,Other,8,11.3,10-<12,8.4,-2.9,1.6466,3.4101,2,-1.2872,1.2888,2,5.1646,5.5264,3,0.7538,15.0853,15.0853,0.0
2021-11-17,11,Other,8,12.3,12-<15,8.4,-3.9,3.3836,4.4289,2,0.9002,1.4024,2,7.1311,7.1536,3,1.5652,15.0817,15.0817,0.0
2021-11-18,11,Other,8,8.5,8-<10,0.9,-7.6,-1.8952,3.5664,2,-5.3838,5.4229,2,1.4802,1.5382,3,-2.771,15.0778,15.0778,0.0
2021-11-19,11,Other,8,7.8,<8,0.0,-7.8,1.4399,2.4886,2,-0.6748,0.7917,2,4.2715,4.4178,3,0.4738,12.0736,15.0736,3.0
2021-11-20,11,Other,8,7.6,<8,-2.5,-10.1,-0.453,1.9203,2,-2.061,2.2088,2,0.9972,1.1147,3,-0.7113,15.0694,15.0694,0.0
2021-11-21,11,Other,8,8.5,8-<10,-2.5,-11.0,0.94,1.7148,2,-0.4345,0.6708,2,3.078,3.0947,3,0.573,12.0647,15.0647,3.0
2021-11-22,11,Other,8,10.7,10-<12,-0.6,-11.3,0.4302,1.5165,2,-1.0316,1.3755,2,1.5871,2.1757,3,0.6832,15.06,15.06,0.0
2021-11-23,11,Other,8,18.5,18-<20,7.2,-11.3,-2.6785,5.2044,2,-8.1388,8.2538,2,3.8065,3.8718,3,-2.9586,12.0553,15.0553,3.0
2021-11-24,11,Other,8,14.8,12-<15,10.8,-4.0,1.3715,4.0143,2,-1.2803,1.3281,2,7.3453,7.3592,3,0.5931,12.05,15.05,3.0
2021-11-25,11,Other,8,14.8,12-<15,10.8,-4.0,1.001,3.7304,2,-2.7091,2.8213,2,6.8455,6.8499,3,-0.3336,12.0447,15.0447,3.0
2021-11-26,11,Other,8,9.8,8-<10,6.7,-3.1,-1.388,4.8446,2,-6.7977,6.7994,2,2.306,2.4731,3,-2.7144,9.0394,15.0394,6.0
2021-11-27,11,Other,8,15.3,15-<18,5.6,-9.7,1.3795,5.8057,2,-3.8705,4.0283,2,8.4306,8.541,3,-1.5483,0.0339,15.0339,-9.0
2021-11-28,11,Other,8,11.4,10-<12,1.7,-9.7,1.1646,1.5633,2,-0.1438,0.4056,2,1.9462,2.3112,3,1.5398,15.0281,15.0281,0.0
2021-11-29,11,Other,8,13.3,12-<15,1.7,-11.6,1.8771,3.9459,2,-0.9008,1.6066,2,7.0466,7.0483,3,-0.1253,12.0222,15.0222,3.0
2021-11-30,11,Other,8,10.3,10-<12,-1.3,-11.6,-1.0521,2.0748,2,-3.0291,3.534,2,1.1933,1.1933,3,-0.9236,12.0161,15.0161,3.0
2021-12-01,12,Other,8,11.0,10-<12,0.8,-10.2,-0.3392,3.1816,2,-3.9901,4.1721,2,3.4526,3.5137,3,0.177,12.0097,15.0097,3.0
2021-12-02,12,Other,9,10.7,10-<12,0.8,-9.9,0.4636,2.6994,2,-1.9342,2.0752,2,4.1436,4.1953,4,-0.6333,21.0033,15.0033,-6.0
2021-12-03,12,Other,8,9.3,8-<10,0.7,-8.6,-0.2139,2.903,2,-3.7638,3.8515,2,2.929,3.1764,3,0.7111,11.9969,14.9969,3.0
2021-12-04,12,Other,8,13.1,12-<15,4.5,-8.6,-0.953,3.3134,2,-4.7358,4.744,2,3.5825,3.7527,3,-0.9492,11.9903,14.9903,3.0
2021-12-05,12,Other,8,11.5,10-<12,4.5,-7.0,2.4713,4.3212,2,-1.3791,1.3801,2,7.4944,7.5114,3,1.0395,11.9836,14.9836,3.0
2021-12-06,12,Other,8,11.0,10-<12,4.0,-7.0,-0.188,1.2415,2,-1.8354,2.1307,2,1.0622,1.0941,3,0.2039,14.9767,14.9767,0.0
2021-12-07,12,Other,8,9.9,8-<10,4.0,-5.9,0.0931,1.8971,2,-2.3329,2.416,2,2.6582,2.7385,3,-0.2352,14.9697,14.9697,0.0
2021-12-08,12,Other,8,12.5,12-<15,7.0,-5.5,0.9658,2.3769,2,-1.4146,1.4355,2,2.222,2.9383,3,2.1388,14.9625,14.9625,0.0
2021-12-09,12,Other,8,13.1,12-<15,7.0,-6.1,3.3585,5.1957,2,-1.392,1.4006,2,8.747,8.8668,3,2.2147,11.9556,14.9556,3.0
2021-12-10,12,Other,8,12.1,12-<15,-1.8,-13.9,-0.7912,3.7374,2,-4.3798,4.436,2,3.5804,3.585,3,-1.0631,11.9481,14.9481,3.0
2021-12-11,12,Other,8,13.8,12-<15,-2.8,-16.6,2.7396,5.1887,2,-3.1345,3.135,2,8.2638,8.2881,3,2.0928,14.9408,14.9408,0.0
2021-12-12,12,Other,8,7.3,<8,-9.9,-17.2,-0.5721,1.8555,2,-1.8761,2.0211,2,1.8573,1.8752,3,-1.1197,11.9333,14.9333,3.0
2021-12-13,12,Other,8,13.5,12-<15,-2.7,-16.2,-2.4733,4.4782,2,-8.1418,8.1548,2,1.3109,1.6569,3,-1.2467,14.9258,14.9258,0.0
2021-12-14,12,Other,8,11.6,10-<12,-0.7,-12.3,-2.8341,4.4001,2,-7.6276,7.6348,2,1.4095,1.7952,3,-2.3504,11.9183,14.9183,3.0
2021-12-15,12,Other,7,7.2,<8,-0.7,-7.9,1.6919,2.5742,2,-0.6108,0.617,2,4.3774,4.3976,2,1.1492,11.9106,14.9106,3.0
2021-12-16,12,Other,8,7.3,<8,-4.7,-12.0,-0.7299,2.4712,2,-3.4633,3.5061,2,2.0671,2.1612,3,-1.3397,14.9031,14.9031,0.0
2021-12-17,12,Other,8,9.9,8-<10,-2.8,-12.7,1.2881,2.961,2,-1.1692,1.4699,2,5.1885,5.2855,3,1.377,11.8953,14.8953,3.0
2021-12-18,12,Other,8,11.7,10-<12,-2.8,-14.5,1.8109,3.2969,2,-0.9763,1.1435,2,6.0636,6.0727,3,1.066,11.8875,14.8875,3.0
2021-12-19,12,Other,8,12.0,12-<15,-2.5,-14.5,-1.2245,3.9594,2,-6.4213,6.876,2,2.7302,2.7404,3,0.3243,11.8797,14.8797,3.0
2021-12-20,12,Other,8,12.6,12-<15,-1.5,-14.1,-2.3433,5.6091,2,-7.0495,7.2335,2,4.6094,4.6281,3,-4.4306,23.8639,14.8719,-8.992
2021-12-21,12,Other,8,18.7,18-<20,8.7,-10.0,0.7027,7.8015,2,-7.9278,7.9527,2,11.6974,11.699,3,0.6379,11.8639,14.8639,3.0
2021-12-23,12,Other,8,8.5,8-<10,-2.8,-11.3,0.053,1.5561,2,0.101,0.2759,2,2.488,2.4965,3,-0.9695,11.8483,14.8483,3.0
2021-12-24,12,Other,8,8.5,8-<10,-2.8,-11.3,0.565,2.4253,2,-1.5051,1.5421,2,3.8419,3.9351,3,-0.9327,14.8406,14.8406,0.0
2021-12-25,12,Other,8,10.8,10-<12,-1.1,-11.9,1.7279,4.2835,2,-1.2416,1.2438,2,6.3606,6.9218,3,-0.6273,20.8328,14.8328,-6.0
2021-12-26,12,Other,8,11.8,10-<12,-1.1,-12.9,3.4699,4.6583,2,0.0532,0.1246,2,7.7922,7.8994,3,2.3015,11.825,14.825,3.0
2021-12-27,12,Other,8,6.0,<8,-8.1,-14.1,-0.397,1.1451,2,-0.7964,0.9527,2,0.7617,0.8459,3,-0.5844,11.8172,14.8172,3.0
2021-12-28,12,Other,8,11.1,10-<12,-3.0,-14.1,-1.018,3.5159,2,-5.6934,6.1031,2,3.2397,3.2401,3,-0.8936,8.8094,14.8094,6.0
2021-12-29,12,Other,8,10.7,10-<12,-3.0,-13.7,1.6483,4.0282,2,-2.6173,2.7097,2,6.7441,6.7443,3,1.4604,11.8019,14.8019,3.0
2021-12-30,12,Other,8,8.2,8-<10,-5.5,-13.7,-0.3629,2.692,2,-3.9445,3.946,2,3.3035,3.3601,3,0.1329,11.7942,14.7942,3.0
2021-12-31,12,Other,8,9.2,8-<10,-5.1,-14.3,0.0054,3.0519,2,-3.5472,3.5758,2,3.3868,3.4799,3,0.7622,11.7867,14.7867,3.0
2022-01-01,1,Other,8,9.7,8-<10,-5.1,-14.8,1.3466,2.0172,2,-0.2242,0.6933,2,3.5816,3.6157,3,0.7788,14.7792,14.7792,0.0
2022-01-02,1,Other,8,14.9,12-<15,0.1,-14.8,-0.0523,4.3138,2,-5.4705,5.7249,2,5.6632,5.6764,3,0.9427,11.7719,14.7719,3.0
2022-01-03,1,Other,8,14.4,12-<15,0.1,-14.3,1.3351,5.409,2,-6.2456,6.3668,2,7.2313,7.2941,3,3.0675,11.7644,14.7644,3.0
2022-01-04,1,Other,8,11.3,10-<12,-3.0,-14.3,0.3781,2.4481,2,-1.2469,1.6415,2,3.7576,3.8265,3,-1.5069,14.7572,14.7572,0.0
2022-01-05,1,Other,8,12.9,12-<15,-0.7,-13.6,-1.0926,3.3317,2,-4.7673,4.802,2,2.975,3.3314,3,-0.8651,11.75,14.75,3.0
2022-01-06,1,Other,7,9.6,8-<10,-0.7,-10.3,0.5547,3.1815,2,-2.6274,2.628,2,5.1206,5.121,2,-0.5133,11.7431,14.7431,3.0
2022-01-07,1,Other,8,8.3,8-<10,-2.0,-10.3,-0.0075,1.2434,2,-1.3894,1.4926,2,1.3285,1.3296,3,0.5177,11.7361,14.7361,3.0
2022-01-08,1,Other,8,11.2,10-<12,1.1,-10.1,-0.4409,2.0946,2,-2.4426,2.5296,2,2.1458,2.4935,3,-0.156,11.7292,14.7292,3.0
2022-01-09,1,Other,8,10.7,10-<12,1.1,-9.6,2.5092,4.2202,2,-0.9635,0.9751,2,7.4105,7.4195,3,1.5991,11.7225,14.7225,3.0
2022-01-10,1,Other,8,8.9,8-<10,-2.8,-11.7,1.5348,3.2667,2,-1.3996,1.5593,2,5.4244,5.4299,3,1.5689,11.7161,14.7161,3.0
2022-01-11,1,Other,8,9.2,8-<10,-4.0,-13.2,1.5428,2.4561,2,-0.03,0.2356,2,4.5456,4.5892,3,0.8601,11.7094,14.7094,3.0
2022-01-12,1,Other,8,5.9,<8,-7.3,-13.2,1.2424,1.8263,2,-0.295,0.3063,2,3.2274,3.2455,3,0.8835,14.7033,14.7033,0.0
2022-01-13,1,Other,8,7.3,<8,-5.7,-13.0,-0.361,1.5633,2,-2.0182,2.3065,2,1.4225,1.4896,3,-0.0995,11.6969,14.6969,3.0
2022-01-14,1,Other,8,11.5,10-<12,-0.4,-11.9,-0.9232,3.1973,2,-5.6903,5.7236,2,1.3036,1.7961,3,0.9164,14.6911,14.6911,0.0
2022-01-15,1,Other,7,18.4,18-<20,6.1,-12.3,-2.1018,6.7739,2,-9.0102,9.0561,2,6.0377,7.6574,2,-2.0658,11.6853,14.6853,3.0
2022-01-16,1,Other,8,18.4,18-<20,6.1,-12.3,1.9372,6.6002,2,-5.4452,5.6878,2,10.7498,10.7617,3,1.8071,11.6794,14.6794,3.0
2022-01-17,1,Other,8,12.3,12-<15,1.9,-10.4,1.6786,4.5091,2,-3.8675,4.9773,2,6.4876,6.4888,3,1.5279,8.6739,14.6739,6.0
2022-01-18,1,Other,8,12.7,12-<15,3.7,-9.0,-0.4033,2.5535,2,-2.9331,2.9504,2,3.3016,3.4071,3,-0.2842,11.6686,14.6686,3.0
2022-01-19,1,Other,8,13.2,12-<15,3.7,-9.5,1.109,4.5169,2,-4.6418,4.6421,2,7.2054,7.268,3,1.0001,11.6633,14.6633,3.0
2022-01-20,1,Other,8,8.8,8-<10,-0.7,-9.5,-1.0309,2.2483,2,-2.9352,3.0441,2,1.9428,1.9431,3,-1.8098,11.6583,14.6583,3.0
2022-01-21,1,Other,8,5.1,<8,-1.8,-6.9,-0.5443,1.7158,2,-2.246,2.2491,2,1.5988,1.6133,3,-0.5788,11.6533,14.6533,3.0
2022-01-22,1,Other,8,9.2,8-<10,-1.8,-11.0,-0.8957,2.4659,2,-3.7409,3.7432,2,2.1619,2.1619,3,-1.1549,11.6486,14.6486,3.0
2022-01-23,1,Other,8,8.7,8-<10,-3.2,-11.9,1.7905,2.8369,2,-0.1607,0.6001,2,5.3716,5.3863,3,0.8968,11.6442,14.6442,3.0
2022-01-24,1,Other,8,7.0,<8,-6.4,-13.4,0.6993,2.0822,2,-1.657,1.6661,2,3.1078,3.108,3,0.2566,14.64,14.64,0.0
2022-01-25,1,Other,8,5.4,<8,-8.8,-14.2,0.5999,1.5208,2,-1.2511,1.5042,2,2.3312,2.3361,3,0.6793,11.6358,14.6358,3.0
2022-01-26,1,Other,8,6.4,<8,-10.2,-16.6,0.1939,1.6261,2,-1.3277,1.3292,2,2.0803,2.1662,3,0.3783,11.6319,14.6319,3.0
2022-01-27,1,Other,8,7.5,<8,-9.5,-17.0,0.2583,1.9377,2,-2.1944,2.6495,2,2.4205,2.5336,3,0.7072,11.6283,14.6283,3.0
2022-01-28,1,Other,8,9.2,8-<10,-9.5,-18.7,1.7644,3.1324,2,-1.3165,1.3197,2,5.3003,5.311,3,1.6487,11.6247,14.6247,3.0
2022-01-29,1,Other,8,6.2,<8,-12.5,-18.7,0.3683,1.1358,2,-0.5137,0.8151,2,1.4644,1.6631,3,0.5525,14.6214,14.6214,0.0
2022-01-30,1,Other,8,7.8,<8,-10.8,-18.6,-0.6184,1.8067,2,-3.0389,3.1524,2,1.2559,1.3861,3,-0.0694,14.6183,14.6183,0.0
2022-01-31,1,Other,8,9.0,8-<10,-8.0,-17.0,-0.2051,1.7893,2,-1.5881,1.6793,2,2.4402,2.5604,3,-0.4111,11.6156,14.6156,3.0
2022-02-01,2,Other,8,9.1,8-<10,-8.0,-17.1,0.4458,2.0784,2,-1.3159,1.3277,2,3.4366,3.469,3,-0.0814,11.6128,14.6128,3.0
2022-02-02,2,Other,8,12.0,12-<15,-5.1,-17.1,-0.3686,3.7919,2,-4.4779,4.5036,2,5.0042,5.094,3,-0.3154,11.6103,14.6103,3.0
2022-02-03,2,Other,8,11.5,10-<12,-5.1,-16.6,0.6798,2.7386,2,-2.3465,2.4858,2,4.3623,4.4366,3,0.8012,11.6081,14.6081,3.0
2022-02-04,2,Other,8,9.7,8-<10,-6.4,-16.1,1.3467,3.1688,2,-1.8209,1.9513,2,5.1474,5.1807,3,1.4295,11.6061,14.6061,3.0
2022-02-05,2,Other,8,8.4,8-<10,-8.3,-16.7,1.2723,2.157,2,-0.7601,1.2349,2,3.6811,3.7321,3,1.0406,14.6044,14.6044,0.0
2022-02-06,2,Other,5,8.3,8-<10,-8.4,-16.7,0.3692,1.9532,1,-0.8949,0.8949,1,3.4276,3.4276,2,0.6795,11.6028,17.6028,6.0
2022-02-07,2,Other,7,10.3,10-<12,-5.4,-15.7,-0.9426,2.1345,2,-2.4664,2.7719,2,1.711,1.8313,2,-1.4956,11.6014,14.6014,3.0
2022-02-08,2,Other,8,10.0,10-<12,-4.1,-14.1,-0.7882,2.1486,2,-2.8732,2.9704,2,1.6471,1.9738,3,-0.7185,14.6003,14.6003,0.0
2022-02-09,2,Other,8,10.1,10-<12,-4.1,-14.2,0.2148,2.6877,2,-3.1953,3.2661,2,3.745,3.7765,3,0.5099,11.5992,14.5992,3.0
2022-02-10,2,Other,8,11.4,10-<12,-3.0,-14.4,-1.515,2.7643,2,-4.2565,4.3951,2,1.1304,1.1441,3,-1.3045,14.5986,14.5986,0.0
2022-02-11,2,Other,8,8.6,8-<10,-3.0,-11.6,0.7527,2.8351,2,-2.596,2.5978,2,4.7995,4.8014,3,0.5934,11.5981,14.5981,3.0
2022-02-12,2,Other,8,7.1,<8,-4.5,-11.6,1.8049,2.4948,2,-0.072,0.5039,2,4.0443,4.0463,3,0.9789,14.5978,14.5978,0.0
2022-02-13,2,Other,8,9.2,8-<10,-2.0,-11.2,-0.0484,1.7238,2,-2.3529,2.5471,2,1.6072,1.7313,3,0.6352,14.5978,14.5978,0.0
2022-02-14,2,Other,8,8.5,8-<10,-2.0,-10.5,0.7033,1.9986,2,-1.654,1.74,2,3.4277,3.4376,3,0.492,11.5978,14.5978,3.0
2022-02-15,2,Other,8,6.6,<8,-3.1,-9.7,0.2822,1.5697,2,-0.9295,0.9568,2,2.7052,2.7061,3,0.026,11.5981,14.5981,3.0
2022-02-16,2,Other,8,7.1,<8,-3.1,-10.2,1.0284,2.4515,2,-1.414,1.5245,2,3.7155,3.7183,3,0.5395,14.5986,14.5986,0.0
2022-02-17,2,Other,8,8.5,8-<10,-5.8,-14.3,-0.4879,2.468,2,-3.6509,3.6517,2,2.0467,2.0815,3,-0.0474,11.5994,14.5994,3.0
2022-02-18,2,Other,8,11.6,10-<12,-4.6,-16.2,0.6019,2.2447,2,-1.5987,1.747,2,3.3807,3.4575,3,0.9351,11.6003,14.6003,3.0
2022-02-19,2,Other,8,12.5,12-<15,-4.6,-17.1,2.2623,3.3679,2,-0.6248,0.8414,2,5.7107,5.7109,3,1.598,14.6017,14.6017,0.0
2022-02-20,2,Other,8,12.3,12-<15,-4.8,-17.1,-0.1941,2.2917,2,-2.9704,3.1022,2,3.0874,3.1331,3,-0.1313,11.6031,14.6031,3.0
2022-02-21,2,Other,8,10.0,10-<12,-4.8,-14.8,0.3193,1.5935,2,-1.3569,1.5642,2,2.5437,2.6917,3,0.286,14.6044,14.6044,0.0
2022-02-22,2,Other,8,11.9,10-<12,-2.0,-13.9,0.8546,2.8829,2,-1.7141,1.855,2,4.2401,4.402,3,1.61,11.6061,14.6061,3.0
2022-02-23,2,Other,8,10.4,10-<12,-2.0,-12.4,-0.7289,1.9637,2,-2.1161,2.5615,2,1.7251,1.7327,3,-1.2024,11.6081,14.6081,3.0
2022-02-24,2,Other,8,15.7,15-<18,3.4,-12.3,-1.8649,3.6421,2,-5.503,5.5666,2,3.0412,3.0475,3,-2.4128,11.6103,14.6103,3.0
2022-02-25,2,Other,8,11.7,10-<12,3.4,-8.3,1.6046,3.5308,2,-1.9107,2.2992,2,6.3336,6.3693,3,1.0727,11.6125,14.6125,3.0
2022-02-26,2,Other,8,10.0,10-<12,2.8,-7.2,0.2117,2.0588,2,-1.5477,2.1852,2,2.9816,3.1189,3,0.2694,11.615,14.615,3.0
2022-02-27,2,Other,8,9.6,8-<10,2.8,-6.8,-0.3661,2.4404,2,-3.7265,4.0172,2,2.1715,2.3518,3,0.2484,14.6178,14.6178,0.0
2022-02-28,2,Other,8,10.0,10-<12,2.1,-7.9,2.5537,4.2655,2,-0.9536,1.4842,2,7.3969,7.4327,3,1.8287,11.6206,14.6206,3.0
2022-03-01,3,Other,8,11.6,10-<12,3.7,-7.9,-0.1149,2.46,2,-1.4204,2.1091,2,3.4272,3.5343,3,-0.8405,11.6236,14.6236,3.0
2022-03-02,3,Other,8,17.8,15-<18,10.1,-7.7,-2.5015,3.7506,2,-5.6634,5.6728,2,1.1478,1.2963,3,-2.534,14.6267,14.6267,0.0
2022-03-03,3,Other,8,11.8,10-<12,10.1,-1.7,1.9486,3.2752,2,-0.7917,0.9786,2,5.1296,5.1425,3,0.8087,14.63,14.63,0.0
2022-03-04,3,Other,8,8.8,8-<10,5.4,-3.4,1.561,2.8677,2,-0.581,0.7657,2,5.3203,5.3225,3,0.7299,11.6336,14.6336,3.0
2022-03-05,3,Other,8,10.6,10-<12,7.1,-3.5,0.066,1.1443,2,0.1419,0.1958,2,0.5395,0.5867,3,-0.6502,14.6372,14.6372,0.0
2022-03-06,3,Other,8,10.4,10-<12,7.1,-3.3,2.043,4.0785,2,0.3367,1.1246,2,6.0131,6.0607,3,-0.7127,2.6408,14.6408,-12.0
2022-03-07,3,Other,8,9.8,8-<10,6.7,-3.1,-0.5818,1.5868,2,0.2226,0.2503,2,0.9663,0.9852,3,-1.7912,11.6447,14.6447,3.0
2022-03-08,3,Other,8,11.6,10-<12,8.5,-3.1,-1.7591,3.1828,2,-5.4904,5.5458,2,0.9405,1.216,3,-2.0077,14.6489,14.6489,0.0
2022-03-09,3,Other,8,8.2,8-<10,8.5,0.3,0.913,1.8229,2,-0.2233,0.2233,2,3.3476,3.3896,3,-0.1292,11.6531,14.6531,3.0
2022-03-10,3,Other,8,5.5,<8,6.3,0.8,-0.9133,1.2784,2,-1.2651,1.3774,2,0.0976,0.305,3,-1.6789,14.6572,14.6572,0.0
2022-03-11,3,Other,8,8.2,8-<10,9.5,1.3,-0.4255,0.8353,2,-0.4373,0.6641,2,0.5521,0.6656,3,-0.7699,14.6617,14.6617,0.0
2022-03-12,3,Other,8,8.0,8-<10,9.5,1.5,-0.0401,1.4252,2,-1.0506,1.3847,2,2.0689,2.1048,3,-0.7979,14.6661,14.6661,0.0
2022-03-13,3,Other,8,13.2,12-<15,15.1,1.9,-1.4798,2.1412,2,-3.06,3.3118,2,0.5947,0.5952,3,-1.8743,14.6706,14.6706,0.0
2022-03-14,3,Other,8,11.3,10-<12,15.1,3.8,1.6967,3.2636,2,-1.2863,2.5247,2,4.485,4.4891,3,0.9412,14.6753,14.6753,0.0
2022-03-15,3,Other,8,9.3,8-<10,10.9,1.6,1.8853,3.1996,2,-0.9373,1.7582,2,4.7816,4.7827,3,0.9631,14.68,14.68,0.0
2022-03-16,3,Other,8,6.1,<8,6.6,0.5,1.0964,1.9192,2,0.4554,0.902,2,2.613,2.6558,3,-0.2895,17.685,14.685,-3.0
2022-03-17,3,Other,8,3.8,<8,4.3,0.5,-0.7401,1.1309,2,-1.8155,1.8241,2,0.1286,0.1336,3,-0.8488,14.69,14.69,0.0
2022-03-18,3,Other,8,4.0,<8,4.3,0.3,0.5084,1.69,2,-0.5737,0.7711,2,2.7153,2.7294,3,-0.7603,23.7,14.695,-9.005
2022-03-19,3,Other,8,4.8,<8,3.2,-1.6,0.7582,2.4207,2,-0.5783,1.3243,2,2.8095,2.8153,3,-0.568,2.7,14.7,-12.0
2022-03-20,3,Other,8,3.9,<8,2.3,-1.6,0.1529,0.298,2,0.0258,0.3234,2,0.3742,0.3828,3,0.1408,14.705,14.705,0.0
2022-03-21,3,Other,8,8.9,8-<10,7.5,-1.4,-0.184,2.5006,2,0.1106,0.4927,2,1.1725,1.1917,3,-2.2772,23.7156,14.7103,-9.0053
2022-03-22,3,Other,8,8.3,8-<10,7.5,-0.8,-0.0307,3.013,2,-0.1274,0.7734,2,2.8165,2.8195,3,-2.318,2.7156,14.7156,-12.0
2022-03-23,3,Other,8,9.0,8-<10,5.5,-3.5,1.6378,3.6894,2,-1.9346,2.1981,2,6.1692,6.1697,3,0.7423,11.7208,14.7208,3.0
2022-03-24,3,Other,8,7.2,<8,3.1,-4.1,-0.1779,0.7978,2,-0.1932,0.2042,2,0.1968,0.6247,3,-0.7363,17.7261,14.7261,-3.0
2022-03-25,3,Other,8,11.0,10-<12,7.2,-3.8,-1.1822,1.7905,2,-1.7313,1.9461,2,0.4335,0.4365,3,-2.2367,14.7314,14.7314,0.0
2022-03-26,3,Other,8,15.6,15-<18,12.7,-2.9,-2.6813,4.1245,2,-2.806,2.8263,2,0.316,0.8264,3,-5.5825,14.7367,14.7367,0.0
2022-03-27,3,Other,8,12.2,12-<15,12.7,0.5,-0.0737,6.3995,2,-7.1125,7.2523,2,7.2547,7.7655,3,-1.5438,8.7419,14.7419,6.0
2022-03-28,3,Other,8,10.7,10-<12,11.7,1.0,0.9538,2.9216,2,-2.4729,2.7081,2,4.5107,4.541,3,1.0635,11.7472,14.7472,3.0
2022-03-29,3,Other,8,11.1,10-<12,12.5,1.4,-0.4078,1.0334,2,-0.4254,0.6252,2,0.4851,0.5256,3,-1.1298,14.7528,14.7528,0.0
2022-03-30,3,Other,8,13.2,12-<15,12.5,-0.7,3.0972,5.8292,2,0.7518,3.5635,2,7.0929,7.1766,3,-0.2155,2.7581,14.7581,-12.0
2022-03-31,3,Other,8,11.6,10-<12,10.9,-0.7,-0.4012,0.8788,2,-0.6355,0.7326,2,0.1051,0.2111,3,-0.8675,14.7633,14.7633,0.0
2022-04-01,4,Other,8,14.6,12-<15,14.4,-0.2,-1.6915,2.1305,2,-2.4725,2.4729,2,-0.2479,0.4995,3,-2.5383,14.7686,14.7686,0.0
2022-04-02,4,Other,7,13.8,12-<15,16.4,2.6,-1.5409,1.8717,2,-2.2045,2.2198,1,-0.2686,0.2686,3,-2.0005,17.7739,17.7739,0.0
2022-04-03,4,Other,8,14.1,12-<15,18.8,4.7,-2.2705,2.7475,2,-3.9689,3.9697,2,-0.1085,0.3155,3,-2.9236,14.7792,14.7792,0.0
2022-04-04,4,Other,8,13.5,12-<15,22.1,8.6,-0.2821,0.8949,2,-1.0151,1.533,2,0.5847,0.5848,3,-0.2292,14.7842,14.7842,0.0
2022-04-05,4,Other,7,14.7,12-<15,23.3,8.6,-1.0633,1.4481,2,-2.0456,2.0476,2,0.056,0.5354,2,-1.6827,14.7894,14.7894,0.0
2022-04-06,4,Other,8,14.9,12-<15,25.4,10.5,-0.5552,0.8661,2,-0.4285,0.7939,2,0.0952,0.3087,3,-0.788,14.7944,14.7944,0.0
2022-04-07,4,Other,8,16.6,15-<18,27.1,10.5,-1.1115,1.5571,2,-2.1492,2.1592,2,0.3836,0.4348,3,-1.3593,14.7994,14.7994,0.0
2022-04-08,4,Other,8,14.6,12-<15,27.1,12.5,0.2373,1.9953,2,-1.9399,2.6754,2,2.0707,2.0707,3,-0.2499,14.8044,14.8044,0.0
2022-04-10,4,Other,8,9.0,8-<10,17.7,8.7,1.9145,2.8791,2,1.5166,2.6664,2,3.3495,3.3673,3,0.5355,14.8142,14.8142,0.0
2022-04-11,4,Other,8,9.7,8-<10,17.3,7.6,-0.4354,1.3658,2,-2.3184,2.3818,2,0.9046,0.9113,3,-0.043,14.8189,14.8189,0.0
2022-04-12,4,Other,7,11.0,10-<12,17.3,6.3,0.1046,0.928,2,-0.4216,0.5543,2,1.3201,1.3203,2,-0.7678,14.8236,14.8236,0.0
2022-04-13,4,Other,8,11.6,10-<12,18.0,6.4,-0.3611,1.0353,2,-1.8235,1.8592,2,0.2824,0.2826,3,-0.0646,14.8281,14.8281,0.0
2022-04-14,4,Other,8,14.4,12-<15,18.5,4.1,-1.1316,2.5037,2,-4.1912,4.2588,2,0.6997,0.7296,3,-0.3383,14.8325,14.8325,0.0
2022-04-15,4,Other,8,16.3,15-<18,18.5,2.2,4.4045,5.5855,2,1.8508,2.4955,2,8.7273,8.7456,3,2.1409,14.8369,14.8369,0.0
2022-04-16,4,Other,8,14.0,12-<15,16.3,2.3,-0.2167,1.1097,2,-0.3363,0.4377,2,0.1314,0.6756,3,-0.7905,14.8411,14.8411,0.0
2022-04-17,4,Other,8,18.9,18-<20,21.3,2.4,-3.8395,5.1795,2,-6.9183,6.9534,2,0.3134,0.5725,3,-5.4968,14.8453,14.8453,0.0
2022-04-18,4,Other,8,13.6,12-<15,23.9,10.3,-2.8778,3.7904,2,-4.385,4.6001,2,0.3626,0.3689,3,-4.7083,14.8494,14.8494,0.0
2022-04-19,4,Other,8,14.1,12-<15,27.9,13.8,-1.073,2.727,2,-3.6021,3.973,2,1.7327,2.0196,3,-1.6102,14.8533,14.8533,0.0
2022-04-20,4,Other,7,16.8,15-<18,27.9,11.1,3.4428,4.9875,2,1.3338,1.8612,2,7.8602,7.8605,2,-0.3852,14.8572,14.8572,0.0
2022-04-21,4,Other,8,10.0,10-<12,20.3,10.3,0.5711,1.0684,2,-0.1042,0.1062,2,1.5033,1.554,3,0.2057,14.8608,14.8608,0.0
2022-04-22,4,Other,8,12.3,12-<15,22.7,10.4,-0.4649,1.0078,2,-0.8097,0.9049,2,0.4571,0.4778,3,-1.0085,14.8642,14.8642,0.0
2022-04-23,4,Other,8,12.1,12-<15,23.1,11.0,-0.4595,0.8751,2,-0.3897,0.4732,2,0.2222,0.2343,3,-1.1324,14.8678,14.8678,0.0
2022-04-24,4,Other,8,14.5,12-<15,23.1,8.6,0.9447,5.0993,2,-5.0138,5.0178,2,6.871,7.0491,3,0.6124,8.8708,14.8708,6.0
2022-04-25,4,Other,8,15.3,15-<18,21.6,6.3,2.8632,4.4179,2,-0.5074,2.2666,2,5.4226,5.5012,3,2.6913,14.8742,14.8742,0.0
2022-04-26,4,Other,8,11.6,10-<12,17.9,6.3,2.1678,4.2793,2,-1.412,1.691,2,7.7614,7.8302,3,0.6248,11.8769,14.8769,3.0
2022-04-27,4,Other,8,11.3,10-<12,17.6,6.3,-0.4027,1.6723,2,-1.5192,1.9798,2,1.6328,1.6899,3,-1.0582,14.8797,14.8797,0.0
2022-04-28,4,Other,8,10.9,10-<12,17.6,6.7,-0.1112,2.1076,2,-1.1511,2.2264,2,1.7605,1.9944,3,-1.5346,17.8825,14.8825,-3.0
2022-04-29,4,Other,7,10.9,10-<12,18.8,7.9,-0.8118,1.4318,2,-1.5386,1.5486,1,0.5978,0.5978,3,-1.2698,14.885,14.885,0.0
2022-04-30,4,Other,8,13.8,12-<15,23.1,9.3,-3.2091,4.2093,2,-4.9781,5.3214,2,0.0328,0.2665,3,-5.159,14.8875,14.8875,0.0
2022-05-01,5,May-Sep,7,8.2,8-<10,24.4,16.2,-1.1741,1.8409,2,-1.5671,1.9812,2,0.0864,0.0873,2,-2.6366,14.8897,14.8897,0.0
2022-05-02,5,May-Sep,8,8.5,8-<10,27.4,18.9,-0.6384,1.3405,2,-0.7856,1.1923,2,0.2196,0.2206,3,-1.6851,14.8917,14.8917,0.0
2022-05-03,5,May-Sep,8,13.9,12-<15,32.0,18.1,-1.3678,2.4907,2,-3.7095,3.9895,2,-0.1145,0.6227,3,-1.0371,14.8936,14.8936,0.0
2022-05-04,5,May-Sep,8,15.3,15-<18,32.0,16.7,3.4799,4.5527,2,2.0474,3.0271,2,6.6019,6.6205,3,1.1705,14.8953,14.8953,0.0
2022-05-05,5,May-Sep,8,9.8,8-<10,26.2,16.4,-0.9112,1.341,2,-1.99,1.9924,2,0.4449,0.4706,3,-1.3055,14.8969,14.8969,0.0
2022-05-06,5,May-Sep,8,13.8,12-<15,26.2,12.4,4.6973,7.0771,2,0.6068,3.3583,2,11.351,11.3904,3,1.733,2.8983,14.8983,-12.0
2022-05-07,5,May-Sep,8,13.2,12-<15,25.2,12.0,-0.5607,1.6479,2,-0.4197,0.7025,2,0.0409,0.2603,3,-1.7617,14.8994,14.8994,0.0
2022-05-08,5,May-Sep,8,12.2,12-<15,25.2,13.0,-0.4923,1.6017,2,-0.6819,2.3577,2,-0.045,0.9443,3,-1.2967,17.9006,14.9006,-3.0
2022-05-09,5,May-Sep,8,13.9,12-<15,25.2,11.3,1.7169,2.6483,2,1.4856,2.1583,2,3.5544,3.6122,3,-0.2745,14.9014,14.9014,0.0
2022-05-10,5,May-Sep,8,13.7,12-<15,25.1,11.4,-1.0103,1.6271,2,-1.3266,1.503,2,-0.1803,0.4192,3,-2.0281,14.9022,14.9022,0.0
2022-05-11,5,May-Sep,8,11.5,10-<12,25.1,13.6,0.5202,2.8658,2,-2.811,2.826,2,4.2557,4.3225,3,0.4158,11.9028,14.9028,3.0
2022-05-12,5,May-Sep,8,10.5,10-<12,25.0,14.5,2.5705,3.2291,2,1.1072,1.8707,2,4.7684,4.769,3,1.4481,14.9033,14.9033,0.0
2022-05-13,5,May-Sep,8,9.2,8-<10,23.7,14.5,-0.134,1.4376,2,0.1895,0.2648,2,0.0488,0.3534,3,-1.1333,14.9036,14.9036,0.0
2022-05-14,5,May-Sep,8,10.9,10-<12,25.6,14.7,-2.1588,2.8975,2,-3.2827,3.7155,2,-0.0005,0.099,3,-3.51,14.9036,14.9036,0.0
2022-05-15,5,May-Sep,8,10.8,10-<12,28.2,17.4,0.0734,1.6125,2,-1.9832,2.4329,2,0.908,0.9593,3,0.964,14.9036,14.9036,0.0
2022-05-16,5,May-Sep,8,13.8,12-<15,28.2,14.4,3.8304,5.3573,2,2.9091,4.6094,2,7.083,7.1017,3,0.7369,14.9033,14.9033,0.0
2022-05-17,5,May-Sep,8,10.7,10-<12,25.1,14.4,-0.1246,0.8512,2,-0.311,0.4897,2,0.819,0.8277,3,-0.8606,14.9031,14.9031,0.0
2022-05-18,5,May-Sep,8,13.3,12-<15,28.0,14.7,-1.0567,1.5132,2,-1.718,1.7309,2,0.0187,0.4798,3,-1.7274,14.9025,14.9025,0.0
2022-05-19,5,May-Sep,8,12.6,12-<15,29.3,16.7,-1.295,1.5988,2,-1.9356,1.9404,2,0.063,0.1493,3,-2.0136,14.9017,14.9017,0.0
2022-05-20,5,May-Sep,8,12.4,12-<15,29.3,16.9,2.4354,3.642,2,1.6336,3.249,2,4.3776,4.495,3,0.4346,17.9008,14.9008,-3.0
2022-05-21,5,May-Sep,8,13.7,12-<15,30.0,16.3,-0.6986,1.8358,2,-0.5242,1.008,2,-0.395,1.1623,3,-1.847,17.9,14.9,-3.0
2022-05-22,5,May-Sep,8,11.7,10-<12,30.0,18.3,-0.6724,1.2736,2,-1.2183,1.3911,2,0.7238,0.7741,3,-1.3163,14.8989,14.8989,0.0
2022-05-23,5,May-Sep,8,10.9,10-<12,29.7,18.8,1.7338,3.0381,2,1.0231,1.9695,2,4.6227,4.6584,3,-0.5296,14.8975,14.8975,0.0
2022-05-24,5,May-Sep,8,12.4,12-<15,29.4,17.0,-0.221,1.317,2,0.324,0.8466,2,0.4392,0.4411,3,-1.5895,14.8961,14.8961,0.0
2022-05-25,5,May-Sep,8,17.0,15-<18,35.1,18.1,-0.8684,1.9399,2,-0.5223,0.8429,2,1.2793,1.6127,3,-2.4788,14.8947,14.8947,0.0
2022-05-26,5,May-Sep,8,14.9,12-<15,35.1,20.2,2.5146,4.2971,2,-0.2581,2.1247,2,6.6526,6.6542,3,0.5579,14.8931,14.8931,0.0
2022-05-27,5,May-Sep,8,9.3,8-<10,28.6,19.3,1.503,2.8341,2,0.0234,0.2153,2,4.7233,5.1793,3,0.7476,11.8911,14.8911,3.0
2022-05-28,5,May-Sep,8,10.4,10-<12,30.0,19.6,-0.2206,0.5422,2,-0.1902,0.2833,2,0.0634,0.0723,3,-0.7191,14.8892,14.8892,0.0
2022-05-29,5,May-Sep,8,12.0,12-<15,30.0,18.0,-0.0331,1.7652,2,-1.3036,2.1906,2,1.5258,1.5705,3,-0.9163,14.8872,14.8872,0.0
2022-05-30,5,May-Sep,8,12.0,12-<15,28.7,16.7,1.8602,2.7268,2,1.7108,2.0646,2,3.6285,3.6587,3,-0.1797,14.885,14.885,0.0
2022-05-31,5,May-Sep,8,11.9,10-<12,24.9,13.0,-1.3739,2.5781,2,-3.2556,3.4621,2,1.3369,1.4071,3,-2.3367,14.8825,14.8825,0.0
2022-06-01,6,May-Sep,8,12.4,12-<15,24.9,12.5,2.6421,3.8885,2,3.1568,3.9899,2,3.7116,3.8965,3,-0.0309,17.8803,14.8803,-3.0
2022-06-02,6,May-Sep,8,10.0,10-<12,21.9,11.9,1.2946,4.2006,2,-2.9509,2.951,2,6.447,6.828,3,0.9534,8.8778,14.8778,6.0
2022-06-03,6,May-Sep,8,12.0,12-<15,23.7,11.7,-0.2317,1.0803,2,-0.0406,0.3413,2,-0.0109,0.0138,3,-1.0656,14.875,14.875,0.0
2022-06-04,6,May-Sep,8,12.5,12-<15,25.4,12.9,0.7843,2.6015,2,-1.7295,1.7295,2,3.1641,3.5307,3,1.4408,11.8725,14.8725,3.0
2022-06-05,6,May-Sep,8,11.2,10-<12,25.4,14.2,0.0837,1.041,2,0.8367,0.9993,2,0.2877,0.5853,3,-0.91,14.8697,14.8697,0.0
2022-06-06,6,May-Sep,8,11.6,10-<12,26.4,14.8,-0.8282,1.4977,2,-1.1349,1.4711,2,0.1682,0.2841,3,-1.8971,14.8667,14.8667,0.0
2022-06-07,6,May-Sep,8,8.9,8-<10,26.6,17.7,0.3364,1.0531,2,1.5024,1.7821,2,0.217,0.2316,3,-0.5987,14.8639,14.8639,0.0
2022-06-08,6,May-Sep,8,11.1,10-<12,28.9,17.8,-0.2956,0.6616,2,-0.874,0.9997,2,0.3498,0.4284,3,-0.4599,14.8608,14.8608,0.0
2022-06-09,6,May-Sep,8,12.2,12-<15,31.2,19.0,-0.3409,0.8088,2,-1.1346,1.2538,2,0.2427,0.2486,3,-0.2878,14.8575,14.8575,0.0
2022-06-10,6,May-Sep,7,11.0,10-<12,31.5,20.5,-0.5448,1.4296,2,-1.146,1.1757,2,1.3093,1.3227,3,-1.38,14.8544,14.8544,0.0
2022-06-11,6,May-Sep,8,12.5,12-<15,33.8,21.3,-0.5777,1.0511,2,-0.4353,0.7979,2,0.0811,0.423,3,-1.364,14.8511,14.8511,0.0
2022-06-12,6,May-Sep,8,14.4,12-<15,36.4,22.0,-0.9152,1.4479,2,-1.7527,2.2019,2,-0.168,0.588,3,-1.2036,14.8478,14.8478,0.0
2022-06-13,6,May-Sep,8,13.9,12-<15,37.4,23.5,-0.0126,2.1588,2,-2.3036,2.7219,2,2.811,2.8579,3,0.0967,11.8444,14.8444,3.0
2022-06-14,6,May-Sep,7,15.5,15-<18,37.4,21.9,3.9674,5.1904,1,3.3028,3.3028,2,7.7786,7.7786,3,0.9759,14.8411,14.8411,0.0
2022-06-15,6,May-Sep,7,10.6,10-<12,30.7,20.1,0.409,1.4914,2,0.0388,1.3388,1,1.4835,1.4835,3,0.0609,11.8378,17.8378,6.0
2022-06-16,6,May-Sep,8,15.5,15-<18,30.4,14.9,3.4965,6.4916,2,-2.0153,2.9208,2,10.4833,10.5059,3,1.5524,8.8344,14.8344,6.0
2022-06-17,6,May-Sep,8,11.6,10-<12,26.5,14.9,-0.7398,1.4751,2,-1.1089,1.1846,2,0.1906,0.4476,3,-1.7221,14.8308,14.8308,0.0
2022-06-18,6,May-Sep,8,11.0,10-<12,28.3,17.3,-0.3419,1.0298,2,0.1556,0.8429,2,0.2237,0.434,3,-1.4182,14.8275,14.8275,0.0
2022-06-19,6,May-Sep,8,9.5,8-<10,28.3,18.8,0.6449,1.4556,2,-0.7551,0.7904,2,1.8036,1.8068,3,0.6025,14.8239,14.8239,0.0
2022-06-20,6,May-Sep,7,8.4,8-<10,28.9,20.5,0.2749,0.4114,2,0.2063,0.3484,2,0.2122,0.2417,2,0.4953,14.8203,14.8203,0.0
2022-06-21,6,May-Sep,7,11.2,10-<12,31.5,20.3,-0.5828,0.9326,2,-0.7464,1.0763,2,-0.0324,0.329,2,-1.3241,14.8169,14.8169,0.0
2022-06-22,6,May-Sep,8,13.4,12-<15,34.6,21.2,-0.7922,1.4113,2,-1.0851,1.1462,2,0.2048,0.4396,3,-1.67,14.8133,14.8133,0.0
2022-06-23,6,May-Sep,8,15.3,15-<18,38.2,22.9,-0.7316,1.7797,2,0.0819,0.6366,2,0.308,0.3084,3,-2.2368,14.8097,14.8097,0.0
2022-06-24,6,May-Sep,8,15.0,15-<18,38.2,23.2,3.7721,6.7248,2,-1.2686,3.1204,2,9.925,9.9259,3,1.717,8.8064,14.8064,6.0
2022-06-25,6,May-Sep,8,11.2,10-<12,30.5,19.3,-0.8014,1.6432,2,-0.0246,0.8226,2,0.4224,0.4801,3,-2.4399,14.8031,14.8031,0.0
2022-06-26,6,May-Sep,8,14.3,12-<15,33.7,19.4,-1.7866,2.3393,2,-2.8021,2.8295,2,-0.0361,0.6295,3,-2.904,14.7994,14.7994,0.0
2022-06-27,6,May-Sep,8,10.1,10-<12,33.7,23.6,-0.1073,0.8459,2,-0.373,0.3941,2,1.0809,1.2298,3,-0.3752,11.7961,14.7961,3.0
2022-06-28,6,May-Sep,7,15.3,15-<18,34.4,19.1,-1.5956,3.6111,2,-5.0287,5.2011,2,0.5648,0.5788,2,-1.5966,14.7928,14.7928,0.0
2022-06-29,6,May-Sep,8,15.3,15-<18,34.4,19.1,0.1936,1.6273,2,-0.394,0.4836,2,1.6159,1.7922,3,-1.0137,14.7894,14.7894,0.0
2022-06-30,6,May-Sep,8,17.7,15-<18,38.5,20.8,-1.1754,1.749,2,-2.4475,2.4956,2,-0.0062,0.0957,3,-1.8042,14.7864,14.7864,0.0
2022-07-01,7,May-Sep,8,19.2,18-<20,38.5,19.3,4.1695,7.8586,2,-1.3243,3.1318,2,13.718,13.8193,3,0.7538,11.7831,14.7831,3.0
2022-07-02,7,May-Sep,8,11.8,10-<12,30.7,18.9,1.7855,2.7005,2,-0.4756,0.476,2,3.097,3.4431,3,2.5131,14.78,14.78,0.0
2022-07-03,7,May-Sep,8,12.4,12-<15,29.5,17.1,-0.366,1.3761,2,0.6858,0.6902,2,0.4667,0.4727,3,-2.0162,14.7769,14.7769,0.0
2022-07-04,7,May-Sep,8,15.2,15-<18,32.4,17.2,-2.0038,2.5875,2,-2.763,2.7955,2,-0.0758,0.3732,3,-3.4269,14.7739,14.7739,0.0
2022-07-05,7,May-Sep,7,16.4,15-<18,32.4,16.0,1.6114,7.4822,1,-8.6422,8.6422,2,8.4132,8.5019,3,0.4462,11.7711,14.7711,3.0
2022-07-06,7,May-Sep,8,12.6,12-<15,28.6,16.0,3.1138,3.8163,2,2.0434,3.024,2,5.2572,5.2678,3,1.5458,14.7683,14.7683,0.0
2022-07-07,7,May-Sep,8,10.4,10-<12,26.4,16.0,-0.4906,0.9865,2,-1.208,1.228,2,0.4695,0.5698,3,-0.9719,14.7656,14.7656,0.0
2022-07-08,7,May-Sep,8,9.9,8-<10,27.9,18.0,0.0192,0.9142,2,-0.1668,1.1202,2,0.0449,0.749,3,-0.3116,17.7631,14.7631,-3.0
2022-07-09,7,May-Sep,8,11.9,10-<12,29.8,17.9,1.5586,3.9395,2,-2.363,2.4859,2,5.8926,5.9469,3,2.2196,11.7606,14.7606,3.0
2022-07-10,7,May-Sep,8,12.4,12-<15,29.8,17.4,0.5015,1.152,2,0.2589,0.4349,2,1.6668,1.667,3,-0.4716,14.7581,14.7581,0.0
2022-07-11,7,May-Sep,7,11.8,10-<12,29.9,18.1,-0.9749,1.6126,2,-0.7304,0.7948,1,0.4035,0.4035,3,-2.0066,17.7558,17.7558,0.0
2022-07-12,7,May-Sep,8,10.3,10-<12,29.9,19.6,1.5971,3.4062,2,-0.7702,2.6794,2,5.2232,5.2337,3,0.3379,11.7536,14.7536,3.0
2022-07-13,7,May-Sep,8,8.6,8-<10,27.7,19.1,0.4207,0.8758,2,0.7394,1.1425,2,0.3596,0.3965,3,0.0922,14.7517,14.7517,0.0
2022-07-14,7,May-Sep,7,9.3,8-<10,28.2,18.9,-0.3506,0.5667,2,-0.733,0.7961,1,0.1544,0.1544,3,-0.41,17.7497,17.7497,0.0
2022-07-15,7,May-Sep,8,11.8,10-<12,29.7,17.9,-0.6033,1.0891,2,-1.2152,1.3703,2,-0.1057,0.4093,3,-1.0379,14.7478,14.7478,0.0
2022-07-16,7,May-Sep,8,10.0,10-<12,30.3,20.3,-0.3927,1.0664,2,-1.7273,1.7761,2,0.0857,1.0091,3,-0.1124,17.7464,14.7464,-3.0
2022-07-17,7,May-Sep,8,12.0,12-<15,33.6,21.6,-0.5507,0.9242,2,-1.1065,1.2177,2,0.2318,0.2357,3,-0.7148,14.7447,14.7447,0.0
2022-07-18,7,May-Sep,8,12.9,12-<15,35.5,22.6,0.145,2.2373,2,-1.689,1.6995,2,2.8341,2.9068,3,-0.0945,11.7433,14.7433,3.0
2022-07-19,7,May-Sep,8,17.0,15-<18,35.5,18.5,4.642,6.8843,2,-0.1732,2.3486,2,10.7705,10.7774,3,2.428,14.7422,14.7422,0.0
2022-07-20,7,May-Sep,8,7.0,<8,25.4,18.4,0.2231,0.4618,2,-0.3006,0.4376,2,0.537,0.54,3,0.274,14.7411,14.7411,0.0
2022-07-21,7,May-Sep,8,13.3,12-<15,30.5,17.2,-0.6359,1.0397,2,-0.6139,1.0274,2,-0.0415,0.1355,3,-1.1504,14.7403,14.7403,0.0
2022-07-22,7,May-Sep,8,17.7,15-<18,34.9,17.2,-2.0435,2.8652,2,-3.7489,3.7506,2,0.6273,0.6297,3,-3.0111,14.7394,14.7394,0.0
2022-07-23,7,May-Sep,8,13.7,12-<15,34.9,21.2,-1.1983,2.2147,2,-3.3185,3.4051,2,0.8337,0.8713,3,-1.973,14.7389,14.7389,0.0
2022-07-24,7,May-Sep,8,16.6,15-<18,34.3,17.7,-1.5824,3.7499,2,-5.258,5.2726,2,2.7294,2.8068,3,-2.9241,14.7383,14.7383,0.0
2022-07-25,7,May-Sep,8,14.7,12-<15,32.4,17.7,-0.4053,1.6986,2,-1.1266,2.1179,2,1.2764,1.2934,3,-1.4942,14.7381,14.7381,0.0
2022-07-26,7,May-Sep,8,11.5,10-<12,32.3,20.8,-0.1659,1.0221,2,-0.9637,1.0182,2,0.4427,0.4662,3,-0.6966,14.7378,14.7378,0.0
2022-07-27,7,May-Sep,8,11.4,10-<12,33.6,22.2,-0.113,1.1942,2,-1.6148,1.6258,2,1.1457,1.3731,3,0.3737,14.7381,14.7381,0.0
2022-07-28,7,May-Sep,8,11.3,10-<12,35.0,23.7,0.0773,0.683,2,-0.7166,0.731,2,0.8987,0.9507,3,0.3107,14.7381,14.7381,0.0
2022-07-29,7,May-Sep,7,11.2,10-<12,35.0,23.8,1.736,2.1871,2,0.7825,1.4132,1,3.4141,3.4141,3,1.1807,17.7386,17.7386,0.0
2022-07-30,7,May-Sep,8,9.2,8-<10,31.8,22.6,0.0949,1.3485,2,-1.2646,1.2925,2,0.5063,0.5965,3,0.8505,14.7392,14.7392,0.0
2022-07-31,7,May-Sep,8,11.8,10-<12,31.8,20.0,1.2638,2.3839,2,-0.7414,1.8098,2,2.9641,3.002,3,0.8788,14.7397,14.7397,0.0
2022-08-01,8,May-Sep,8,9.7,8-<10,29.7,20.0,-0.4204,1.1679,2,-0.3571,0.3587,2,0.3748,0.4177,3,-1.2791,14.7406,14.7406,0.0
2022-08-02,8,May-Sep,8,10.4,10-<12,30.8,20.4,-0.9562,1.5966,2,-2.0957,2.1772,2,0.3842,0.4305,3,-1.4515,14.7417,14.7417,0.0
2022-08-03,8,May-Sep,8,11.4,10-<12,32.7,21.3,-0.2904,0.9512,2,-0.5631,0.5752,2,0.4266,0.7879,3,-0.9736,17.7431,14.7431,-3.0
2022-08-04,8,May-Sep,8,10.7,10-<12,32.7,22.0,0.3876,2.0966,2,-0.1891,1.8979,2,2.6119,2.6119,3,-1.3386,14.7444,14.7444,0.0
2022-08-05,8,May-Sep,8,8.7,8-<10,30.3,21.6,-0.155,1.1419,2,0.0258,1.0047,2,0.3691,0.3698,3,-1.2337,14.7461,14.7461,0.0
2022-08-06,8,May-Sep,8,7.9,<8,30.2,22.3,-0.1385,1.1932,2,-0.3711,1.3583,2,0.761,0.764,3,-1.0925,14.7478,14.7478,0.0
2022-08-07,8,May-Sep,8,9.3,8-<10,32.1,22.8,0.1162,1.0017,2,1.1548,1.6836,2,-0.0698,0.3678,3,-0.5035,14.7497,14.7497,0.0
2022-08-08,8,May-Sep,8,9.5,8-<10,32.1,22.6,0.1133,0.784,2,-0.9049,0.9359,2,0.9658,0.9662,3,0.2166,14.7519,14.7519,0.0
2022-08-09,8,May-Sep,8,10.4,10-<12,31.9,21.5,0.1011,1.0175,2,0.5998,1.0475,2,1.0117,1.0119,3,-1.035,14.7542,14.7542,0.0
2022-08-10,8,May-Sep,6,11.2,10-<12,31.4,20.2,-0.664,3.5643,2,-3.4704,3.4714,2,3.7125,4.1807,1,-4.1297,11.7567,14.7567,3.0
2022-08-11,8,May-Sep,6,12.0,12-<15,31.4,19.4,3.9832,5.1233,1,3.7599,3.7599,2,8.0625,8.0869,3,1.3381,14.7592,14.7592,0.0
2022-08-12,8,May-Sep,8,6.6,<8,24.7,18.1,1.0736,2.8835,2,-1.4107,1.5557,2,4.6194,4.6389,3,0.2675,11.7619,14.7619,3.0
2022-08-13,8,May-Sep,8,11.8,10-<12,28.9,17.1,-0.2507,0.7865,2,-0.4072,0.4417,2,0.4649,0.4709,3,-0.8241,14.765,14.765,0.0
2022-08-14,8,May-Sep,8,13.1,12-<15,30.5,17.4,-1.0901,1.551,2,-2.1654,2.1807,2,0.0341,0.1587,3,-1.6335,14.7681,14.7681,0.0
2022-08-15,8,May-Sep,8,13.1,12-<15,32.9,19.8,-0.5837,1.3495,2,-0.4757,0.6593,2,0.3287,0.3659,3,-1.5372,14.7714,14.7714,0.0
2022-08-16,8,May-Sep,8,13.1,12-<15,32.9,19.8,0.5726,3.8084,2,-2.9362,3.4325,2,4.9732,4.9732,3,-1.041,14.7747,14.7747,0.0
2022-08-17,8,May-Sep,8,11.4,10-<12,28.5,17.1,2.3892,4.0795,2,1.2136,2.8102,2,4.719,4.8624,3,0.1851,17.7783,14.7783,-3.0
2022-08-18,8,May-Sep,8,10.0,10-<12,25.6,15.6,-0.6174,1.0993,2,-1.4153,1.848,2,0.198,0.1981,3,-0.8716,14.7822,14.7822,0.0
2022-08-19,8,May-Sep,8,10.7,10-<12,25.6,14.9,-0.3595,1.6971,2,-2.364,2.3776,2,1.9009,1.9443,3,-0.6483,14.7861,14.7861,0.0
2022-08-20,8,May-Sep,8,11.0,10-<12,24.5,13.5,2.2977,3.0508,2,1.1454,1.628,2,4.8275,4.8303,3,0.7311,14.7903,14.7903,0.0
2022-08-21,8,May-Sep,8,9.0,8-<10,22.5,13.5,-0.4814,1.0467,2,-0.2656,0.359,2,0.3953,0.5634,3,-1.456,14.7944,14.7944,0.0
2022-08-22,8,May-Sep,8,11.7,10-<12,22.5,10.8,3.4109,6.6508,2,-0.7651,4.6947,2,9.2732,9.3093,3,0.3837,2.7986,14.7986,-12.0
2022-08-23,8,May-Sep,8,10.3,10-<12,20.8,10.5,-0.5926,1.1684,2,-0.8388,1.1824,2,0.1548,0.4652,3,-1.0378,14.8031,14.8031,0.0
2022-08-24,8,May-Sep,8,14.1,12-<15,24.7,10.6,-1.5062,2.2647,2,-2.1477,2.1662,2,0.1093,0.6909,3,-2.8319,14.8078,14.8078,0.0
2022-08-25,8,May-Sep,8,12.1,12-<15,24.7,12.6,-0.7205,3.2883,2,-3.8049,3.9278,2,3.9291,3.9296,3,-2.2177,11.8125,14.8125,3.0
2022-08-26,8,May-Sep,8,5.6,<8,22.2,16.6,0.5819,1.2498,2,-0.2072,0.3364,2,2.1401,2.2655,3,-0.0673,14.8175,14.8175,0.0
2022-08-27,8,May-Sep,8,7.7,<8,24.3,16.6,-0.104,0.6866,2,-0.9977,1.0009,2,0.1508,0.1574,3,0.4384,14.8225,14.8225,0.0
2022-08-28,8,May-Sep,8,9.9,8-<10,26.5,16.6,-0.1673,0.6476,2,-0.8698,1.1034,2,0.3025,0.3668,3,0.0702,14.8275,14.8275,0.0
2022-08-29,8,May-Sep,7,12.2,12-<15,29.0,16.8,-0.0512,0.6191,2,-0.7236,1.0513,2,0.2949,0.3115,2,0.3468,14.8328,14.8328,0.0
2022-08-30,8,May-Sep,8,12.3,12-<15,29.2,16.9,0.1469,2.3061,2,-2.0621,2.0848,2,3.3809,3.4951,3,-0.4154,11.8381,14.8381,3.0
2022-08-31,8,May-Sep,8,11.2,10-<12,29.2,18.0,1.7094,2.2095,2,0.0379,0.1085,2,3.3973,3.3973,3,1.4482,14.8433,14.8433,0.0
2022-09-01,9,May-Sep,8,9.7,8-<10,27.7,18.0,0.0005,0.6946,2,-0.797,1.0088,2,0.142,0.2035,3,0.5703,14.8489,14.8489,0.0
2022-09-02,9,May-Sep,8,10.8,10-<12,29.1,18.3,-0.1499,0.9961,2,-1.3179,1.8214,2,0.5605,0.5642,3,0.2327,14.8544,14.8544,0.0
2022-09-03,9,May-Sep,8,10.6,10-<12,29.1,18.5,-0.1917,0.9135,2,-1.0702,1.4053,2,0.6172,0.6289,3,-0.1581,14.8603,14.8603,0.0
2022-09-04,9,May-Sep,8,11.1,10-<12,29.8,18.7,-0.064,0.6607,2,-0.7726,0.9335,2,0.3254,0.3499,3,0.2743,14.8658,14.8658,0.0
2022-09-05,9,May-Sep,8,13.6,12-<15,31.3,17.7,-0.229,0.4183,2,-0.2492,0.4212,2,0.1417,0.1518,3,-0.4524,14.8717,14.8717,0.0
2022-09-06,9,May-Sep,8,16.3,15-<18,34.0,17.7,-1.1985,1.7767,2,-2.5375,2.552,2,0.6902,0.6966,3,-1.3931,14.8778,14.8778,0.0
2022-09-07,9,May-Sep,7,14.4,12-<15,34.5,20.1,-0.1704,0.6839,1,-0.7878,0.7878,2,0.5654,0.5663,3,-0.0776,14.8836,14.8836,0.0
2022-09-08,9,May-Sep,8,16.1,15-<18,36.6,20.5,-0.1895,1.0618,2,-0.159,0.4324,2,1.1317,1.1336,3,-0.5563,11.8897,14.8897,3.0
2022-09-09,9,May-Sep,8,16.6,15-<18,36.6,20.0,1.7462,4.4751,2,-2.0691,2.0872,2,6.7336,6.8022,3,-0.1258,14.8956,14.8956,0.0
2022-09-11,9,May-Sep,6,14.5,12-<15,32.0,17.5,-0.2229,1.096,1,-0.5074,0.5074,2,0.7161,0.9461,2,-1.1606,14.9078,14.9078,0.0
2022-09-13,9,May-Sep,8,9.0,8-<10,18.7,9.7,2.0952,3.0249,2,0.1538,1.0132,2,4.8635,4.9582,3,1.5162,11.9203,14.9203,3.0
2022-09-14,9,May-Sep,8,12.1,12-<15,20.4,8.3,-0.9896,1.7234,2,-0.8192,1.1652,2,0.1177,0.1429,3,-2.1878,14.9264,14.9264,0.0
2022-09-15,9,May-Sep,8,11.8,10-<12,20.4,8.6,1.6827,3.6974,2,0.1578,2.6541,2,4.1815,4.2023,3,-0.4044,14.9325,14.9325,0.0
2022-09-16,9,May-Sep,8,11.3,10-<12,19.5,8.2,-0.0542,0.7621,2,-0.855,1.1431,2,0.6613,0.6643,3,-0.1078,14.9389,14.9389,0.0
2022-09-17,9,May-Sep,8,12.5,12-<15,20.9,8.4,-0.8791,1.3086,2,-1.9236,2.0017,2,0.307,0.3707,3,-1.1559,14.945,14.945,0.0
2022-09-18,9,May-Sep,8,12.5,12-<15,22.5,10.0,-0.9989,1.4555,2,-2.2862,2.3447,2,0.3968,0.3969,3,-1.3586,14.9511,14.9511,0.0
2022-09-19,9,May-Sep,8,11.2,10-<12,23.2,12.0,-0.0973,0.75,2,-0.5089,0.8842,2,0.642,0.6862,3,-0.1418,14.9572,14.9572,0.0
2022-09-20,9,May-Sep,8,12.2,12-<15,24.2,12.0,-0.8084,1.3072,2,-1.5212,1.692,2,0.7008,0.7081,3,-1.2104,14.9633,14.9633,0.0
2022-09-21,9,May-Sep,8,12.3,12-<15,26.8,14.5,-0.1299,0.7383,2,-0.8639,1.2535,2,0.4323,0.4521,3,0.0472,14.9694,14.9694,0.0
2022-09-22,9,May-Sep,8,13.3,12-<15,27.1,13.8,-0.1936,0.9591,2,-0.8296,1.3767,2,0.7856,0.98,3,-0.0886,14.9756,14.9756,0.0
2022-09-23,9,May-Sep,8,13.3,12-<15,27.1,13.8,0.196,1.3755,2,-0.9935,1.1442,2,1.9641,2.0359,3,-0.5243,14.9817,14.9817,0.0
2022-09-24,9,May-Sep,8,12.6,12-<15,27.0,14.4,-0.7629,1.2838,2,-1.8443,1.889,2,0.5541,0.5751,3,-0.7794,14.9875,14.9875,0.0
2022-09-25,9,May-Sep,8,11.8,10-<12,27.8,16.0,-0.5311,1.3223,2,-1.313,1.4717,2,0.8054,0.9508,3,-0.9275,14.9933,14.9933,0.0
2022-09-26,9,May-Sep,7,11.2,10-<12,28.1,16.9,-0.5531,1.4056,2,-2.0915,2.2909,2,0.6414,0.7266,2,-0.2597,14.9992,14.9992,0.0
2022-09-27,9,May-Sep,8,14.0,12-<15,28.9,14.9,0.7901,3.4411,2,-1.8174,1.8175,2,5.4181,5.6546,3,0.3219,12.005,15.005,3.0
2022-09-28,9,May-Sep,8,17.7,15-<18,28.9,11.2,4.8698,7.8275,2,-0.4285,1.535,2,13.3035,13.3038,3,1.2701,9.0106,15.0106,6.0
2022-09-29,9,May-Sep,8,11.7,10-<12,20.6,8.9,-0.0016,2.3327,2,-2.5347,2.7639,2,3.0448,3.1345,3,0.2077,12.0161,15.0161,3.0
2022-10-01,10,Other,7,7.3,<8,6.2,-1.1,0.9046,2.04,2,0.1153,1.4478,1,2.8797,2.8797,3,-0.1293,18.0272,12.0272,-6.0
2022-10-02,10,Other,8,8.2,8-<10,6.8,-1.4,0.0879,0.7283,2,-1.0761,1.1754,2,0.5411,0.5592,3,0.4755,15.0325,15.0325,0.0
2022-10-03,10,Other,8,11.2,10-<12,9.8,-1.4,-0.6229,0.9384,2,-1.2824,1.4399,2,-0.0196,0.0275,3,-0.7626,15.0375,15.0375,0.0
2022-10-04,10,Other,8,11.1,10-<12,10.4,-0.7,-2.0282,2.4394,2,-3.6144,3.7749,2,-0.224,0.4792,3,-2.2898,15.0425,15.0425,0.0
2022-10-05,10,Other,8,12.0,12-<15,14.1,2.1,-1.3115,1.9319,2,-3.4643,3.5708,2,0.0694,0.1473,3,-0.8518,15.0475,15.0475,0.0
2022-10-06,10,Other,8,13.0,12-<15,17.9,4.9,-0.8864,1.5983,2,-2.7487,2.9532,2,0.4007,0.4486,3,-0.3872,15.0522,15.0522,0.0
2022-10-07,10,Other,8,11.7,10-<12,18.5,6.8,-0.5823,1.3849,2,-2.2987,2.5937,2,0.4214,0.4764,3,0.0011,15.0569,15.0569,0.0
2022-10-08,10,Other,8,13.6,12-<15,20.3,6.7,-0.4354,0.9716,2,-0.6753,0.8599,2,0.3558,0.3584,3,-0.8621,15.0614,15.0614,0.0
2022-10-09,10,Other,8,13.7,12-<15,20.4,6.7,-2.9981,4.4538,2,-6.2755,6.4006,2,1.4291,1.562,3,-4.4358,15.0658,15.0658,0.0
2022-10-10,10,Other,8,12.8,12-<15,20.4,7.6,1.1582,4.2244,2,-1.9019,1.9335,2,6.3613,6.3763,3,-1.1075,0.07,15.07,-9.0
2022-10-11,10,Other,8,10.4,10-<12,15.3,4.9,1.7392,3.3942,2,-0.6376,1.5177,2,5.3101,5.3683,3,0.0565,15.0742,15.0742,0.0
2022-10-12,10,Other,8,11.8,10-<12,15.9,4.1,0.1609,0.8199,2,-0.7099,1.0241,2,0.494,0.5312,3,0.7612,15.0781,15.0781,0.0
2022-10-13,10,Other,8,12.6,12-<15,16.7,4.1,-1.2242,1.9842,2,-3.3893,3.5467,2,0.6423,0.6872,3,-1.0261,15.0817,15.0817,0.0
2022-10-14,10,Other,7,13.0,12-<15,18.1,5.1,0.0222,0.9297,1,-1.7504,1.7504,2,0.8343,0.9415,3,0.3472,15.0853,15.0853,0.0
2022-10-15,10,Other,8,14.3,12-<15,19.4,5.1,-0.8135,1.2504,2,-1.889,1.9316,2,0.4235,0.4419,3,-0.6737,15.0886,15.0886,0.0
2022-10-16,10,Other,8,12.6,12-<15,19.4,6.8,-0.4875,1.1615,2,-1.5942,1.6913,2,0.8048,1.0714,3,-0.3236,15.0917,15.0917,0.0
2022-10-17,10,Other,6,13.9,12-<15,23.2,9.3,-0.0586,4.2267,0,,,2,4.1927,4.2218,3,-2.3108,12.0947,15.0947,3.0
2022-10-18,10,Other,7,15.6,15-<18,23.2,7.6,3.3576,4.4806,1,0.6494,0.6494,2,7.182,7.1852,3,1.2086,15.0975,15.0975,0.0
2022-10-19,10,Other,8,11.8,10-<12,16.0,4.2,2.7297,5.568,2,-1.1812,1.9548,2,8.6643,8.7819,3,-0.2324,0.1003,15.1003,-9.0
2022-10-20,10,Other,8,5.0,<8,9.2,4.2,-0.192,0.787,2,-1.2449,1.3819,2,0.3586,0.3927,3,0.1954,15.1025,15.1025,0.0
2022-10-21,10,Other,7,11.7,10-<12,15.3,3.6,0.0964,0.9085,1,-1.1365,1.1365,2,0.6065,0.7921,3,0.6109,15.1047,15.1047,0.0
2022-10-22,10,Other,8,11.7,10-<12,15.3,3.6,-1.1149,1.9258,2,-2.9032,2.9809,2,1.0472,1.0767,3,-1.554,15.1067,15.1067,0.0
2022-10-23,10,Other,8,14.0,12-<15,19.9,5.9,-1.8031,5.2172,2,-7.1628,7.2173,2,4.8605,4.8932,3,-2.6733,12.1086,15.1086,3.0
2022-10-24,10,Other,5,15.7,15-<18,19.9,4.2,0.6599,3.5392,2,0.7771,2.5841,0,,,3,0.5818,0.1103,21.1103,-3.0
2022-10-25,10,Other,8,3.0,<8,6.4,3.4,-0.1626,0.5572,2,-0.6412,0.6608,2,0.3836,0.44,3,-0.2004,12.1117,15.1117,3.0
2022-10-26,10,Other,8,9.2,8-<10,11.0,1.8,-0.1273,0.6232,2,-0.3087,0.6018,2,0.67,0.6705,3,-0.546,15.1128,15.1128,0.0
2022-10-27,10,Other,8,9.9,8-<10,11.7,1.8,-1.0884,1.7434,2,-2.6198,2.6238,2,0.9774,1.0283,3,-1.1572,12.1136,15.1136,3.0
2022-10-28,10,Other,8,10.9,10-<12,11.7,0.8,1.9739,5.4484,2,-2.689,3.2012,2,8.1469,8.1813,3,-0.5879,0.1144,15.1144,-9.0
2022-10-29,10,Other,8,6.6,<8,5.7,-0.9,-0.5801,1.0547,2,-1.6861,1.7365,2,0.4766,0.509,3,-0.4019,12.115,15.115,3.0
2022-10-30,10,Other,8,8.7,8-<10,6.6,-2.1,-0.2038,0.7213,2,-0.945,1.0471,2,0.8097,0.8311,3,-0.3048,15.115,15.115,0.0
2022-10-31,10,Other,8,8.7,8-<10,6.6,-2.1,-0.6844,1.4266,2,-1.7104,1.8193,2,0.7047,0.9879,3,-1.2361,15.1153,15.1153,0.0
2022-11-01,11,Other,8,9.3,8-<10,8.5,-0.8,-1.7302,2.3079,2,-3.2418,3.2838,2,-0.0257,0.4234,3,-2.4729,15.115,15.115,0.0
2022-11-02,11,Other,8,10.3,10-<12,10.8,0.5,-0.2581,0.7035,2,-0.8699,1.0265,2,0.6426,0.6442,3,-0.2354,15.1147,15.1147,0.0
2022-11-03,11,Other,8,10.3,10-<12,10.8,0.5,-0.6147,1.1839,2,-1.8392,1.8665,2,0.7378,0.7762,3,-0.4657,15.1139,15.1139,0.0
2022-11-04,11,Other,8,8.7,8-<10,10.7,2.0,0.4058,1.3563,2,-0.8745,0.9241,2,1.9876,2.0256,3,0.6736,12.1131,15.1131,3.0
2022-11-05,11,Other,8,8.8,8-<10,10.1,1.3,-0.1796,0.9552,2,-1.0776,1.3475,2,0.771,0.8569,3,-0.0968,15.1119,15.1119,0.0
2022-11-06,11,Other,8,9.2,8-<10,10.5,1.3,-1.3049,1.8243,2,-2.2415,2.3459,2,0.6159,0.6212,3,-1.853,12.1108,15.1108,3.0
2022-11-07,11,Other,8,8.1,8-<10,10.5,2.4,-0.2431,0.7139,2,-0.8516,1.0212,2,0.4545,0.7081,3,-0.3136,15.1092,15.1092,0.0
2022-11-08,11,Other,7,6.8,<8,10.0,3.2,0.1824,1.9765,1,-2.0306,2.0306,2,2.8697,2.8706,3,-0.5623,12.1075,15.1075,3.0
2022-11-09,11,Other,8,11.7,10-<12,10.0,-1.7,1.5369,6.1426,2,-3.4306,3.7478,2,8.8815,8.9188,3,-1.6008,3.1056,15.1056,-12.0
2022-11-10,11,Other,8,6.5,<8,3.7,-2.8,0.7248,1.6102,2,-1.0964,1.1235,2,2.4543,2.4964,3,0.5278,15.1033,15.1033,0.0
2022-11-11,11,Other,8,8.4,8-<10,4.4,-4.0,-0.0791,1.0049,2,-0.428,0.5629,2,1.2048,1.4502,3,-0.3211,15.1008,15.1008,0.0
2022-11-12,11,Other,8,8.4,8-<10,4.4,-4.0,-0.3718,1.6836,2,-1.3946,1.5903,2,1.8527,1.934,3,-1.3847,15.0981,15.0981,0.0
2022-11-13,11,Other,8,10.2,10-<12,7.7,-2.5,-0.3988,1.6768,2,-0.5493,0.8646,2,0.965,1.1734,3,-1.1253,15.0953,15.0953,0.0
2022-11-14,11,Other,8,10.2,10-<12,7.7,-2.5,0.445,3.2788,2,-0.7194,1.198,2,3.8128,3.8173,3,-2.1214,0.0922,15.0922,-9.0
2022-11-15,11,Other,7,12.5,12-<15,10.2,-2.3,-0.049,3.8323,2,-4.8781,4.9283,2,4.3589,4.7799,2,1.3443,12.0889,15.0889,3.0
2022-11-18,11,Other,6,6.4,<8,0.6,-5.8,0.2789,1.2967,2,-1.1102,1.1538,2,1.6069,1.7985,1,0.9423,15.0778,15.0778,0.0
2022-11-19,11,Other,8,6.8,<8,2.1,-4.7,2.1473,2.8707,2,0.5694,0.6811,2,4.7035,4.8294,3,0.8994,21.0736,15.0736,-6.0
2022-11-20,11,Other,8,14.4,12-<15,9.8,-4.6,-0.4471,3.8822,2,-4.3049,4.3202,2,3.9499,4.4981,3,-0.2092,12.0694,15.0694,3.0
2022-11-21,11,Other,8,13.6,12-<15,9.8,-3.8,2.2415,5.3704,2,-3.3652,5.3293,2,7.2548,7.6239,3,1.0769,6.0647,15.0647,9.0
2022-11-22,11,Other,8,11.9,10-<12,8.1,-3.8,0.8718,3.5633,2,-2.4118,2.4254,2,6.6287,6.6342,3,-0.3859,12.06,15.06,3.0
2022-11-23,11,Other,8,9.7,8-<10,8.1,-1.6,2.0839,3.7811,2,-1.6004,1.6409,2,5.5189,5.6437,3,0.945,15.0553,15.0553,0.0
2022-11-24,11,Other,8,4.4,<8,2.1,-2.3,0.1226,1.2645,2,-1.478,1.5255,2,1.5689,1.5692,3,0.3169,12.05,15.05,3.0
2022-11-25,11,Other,8,6.6,<8,2.1,-4.5,0.5116,1.8743,2,-1.2797,1.3462,2,2.1284,2.364,3,0.1282,15.0447,15.0447,0.0
2022-11-26,11,Other,8,13.5,12-<15,2.9,-10.6,-3.1022,4.9964,2,-8.507,8.6266,2,1.1175,1.2599,3,-2.3212,12.0394,15.0394,3.0
2022-11-28,11,Other,8,9.5,8-<10,-12.1,-21.6,1.158,3.1792,2,-1.3115,1.3594,2,5.2969,5.3201,3,-0.0557,12.0281,15.0281,3.0
2022-11-29,11,Other,8,7.6,<8,-15.1,-22.7,1.1976,2.1094,2,-0.4434,0.6705,2,3.7481,3.7485,3,0.5189,12.0222,15.0222,3.0
2022-11-30,11,Other,8,8.7,8-<10,-14.0,-22.7,0.2742,1.8994,2,-1.9144,2.0863,2,2.504,2.6622,3,0.8629,12.0161,15.0161,3.0
2022-12-01,12,Other,8,10.8,10-<12,-10.5,-21.3,-1.5889,3.5548,2,-4.4567,4.7613,2,2.5789,2.5988,3,-2.1456,12.0097,15.0097,3.0
2022-12-02,12,Other,9,12.6,12-<15,-5.6,-18.2,-2.0458,4.0882,2,-6.6805,6.8447,2,2.4438,3.1938,4,-2.861,9.0033,15.0033,6.0
2022-12-03,12,Other,8,7.1,<8,-5.6,-12.7,0.6908,1.778,2,-0.988,0.9902,2,3.1178,3.1189,3,0.4268,11.9969,14.9969,3.0
2022-12-04,12,Other,8,7.8,<8,-6.6,-14.4,1.8671,3.2049,2,-0.8461,0.8632,2,5.4274,5.4401,3,0.7603,2.9903,14.9903,-12.0
2022-12-05,12,Other,8,8.1,8-<10,-6.4,-14.5,0.3691,1.6643,2,-0.6865,0.6867,2,2.7895,2.7909,3,0.2484,11.9836,14.9836,3.0
2022-12-06,12,Other,8,7.0,<8,-6.4,-13.4,0.3383,1.4289,2,-1.0316,1.0992,2,2.435,2.4494,3,0.1085,11.9767,14.9767,3.0
2022-12-07,12,Other,8,6.0,<8,-6.7,-12.7,0.5394,1.8091,2,-0.8154,0.8743,2,3.167,3.1715,3,0.1625,11.9697,14.9697,3.0
2022-12-08,12,Other,8,8.8,8-<10,-6.7,-15.5,0.3502,2.2927,2,-2.1267,2.1269,2,3.4539,3.4712,3,-0.042,11.9625,14.9625,3.0
2022-12-09,12,Other,8,7.2,<8,-8.6,-15.8,1.6294,2.9638,2,-0.0509,0.5868,2,4.614,4.8473,3,-0.2249,20.9556,14.9556,-6.0
2022-12-10,12,Other,8,7.0,<8,-8.8,-15.8,-1.5597,2.5334,2,-4.5255,4.5511,2,0.892,0.9158,3,-1.1784,11.9481,14.9481,3.0
2022-12-11,12,Other,8,12.5,12-<15,-5.5,-18.0,-0.0223,2.3299,2,-2.5707,2.7622,2,3.1321,3.1349,3,0.3229,11.9408,14.9408,3.0
2022-12-12,12,Other,8,12.5,12-<15,-5.5,-18.0,1.7488,3.5019,2,-1.3883,1.5694,2,6.6358,6.6444,3,1.2288,11.9333,14.9333,3.0
2022-12-13,12,Other,8,8.8,8-<10,-8.1,-16.9,0.8981,2.8842,2,-2.2405,2.6398,2,4.1664,4.2366,3,0.8118,11.9258,14.9258,3.0
2022-12-14,12,Other,8,12.8,12-<15,-4.0,-16.8,-1.3165,2.997,2,-2.3029,3.1631,2,2.6553,2.6591,3,-2.6407,11.9183,14.9183,3.0
2022-12-15,12,Other,8,14.0,12-<15,-4.0,-18.0,1.9349,5.2221,2,-3.846,3.8961,2,8.256,8.2601,3,0.8422,11.9106,14.9106,3.0
2022-12-16,12,Other,7,8.8,8-<10,-11.2,-20.0,1.6384,2.9554,1,-2.3089,2.3089,2,4.4254,4.4255,3,1.3904,11.9031,14.9031,3.0
2022-12-17,12,Other,8,7.0,<8,-13.2,-20.2,-0.3982,1.2833,2,-1.6393,1.9245,2,0.858,0.9737,3,-0.2226,14.8953,14.8953,0.0
2022-12-18,12,Other,8,14.4,12-<15,-4.8,-19.2,-3.6144,5.1812,2,-5.0708,5.2693,2,0.1206,2.1771,3,-6.1573,23.8797,14.8875,-8.9922
2022-12-19,12,Other,8,14.5,12-<15,-1.1,-15.6,-1.8864,5.731,2,-7.8799,7.9155,2,5.2637,5.5102,3,-3.8888,2.8797,14.8797,-12.0
2022-12-20,12,Other,8,16.5,15-<18,-1.1,-17.6,2.9341,7.248,2,-5.3326,5.4859,2,11.3171,11.3271,3,2.3614,5.8719,14.8719,9.0
2022-12-21,12,Other,8,13.7,12-<15,-3.9,-17.6,-2.3095,4.217,2,-4.8511,5.1688,2,1.5265,2.8155,3,-4.0072,17.8639,14.8639,-3.0
2022-12-22,12,Other,8,12.8,12-<15,-1.4,-14.2,-0.4979,3.2209,2,-3.011,4.6918,2,3.4451,3.633,3,-0.6619,11.8561,14.8561,3.0
2022-12-23,12,Other,8,12.8,12-<15,-1.4,-14.2,2.0385,4.6052,2,-2.8709,2.9076,2,7.5508,7.6221,3,1.0102,11.8483,14.8483,3.0
2022-12-24,12,Other,8,8.7,8-<10,-6.1,-14.8,-0.3866,2.5789,2,-2.9946,3.0039,2,3.017,3.0253,3,-0.2413,11.8406,14.8406,3.0
2022-12-25,12,Other,8,12.3,12-<15,-6.1,-18.4,1.9349,4.1033,2,-1.7141,1.7368,2,7.0746,7.085,3,1.642,11.8328,14.8328,3.0
2022-12-26,12,Other,8,9.9,8-<10,-9.4,-19.3,1.766,3.0063,2,-0.994,1.5059,2,5.227,5.2377,3,1.2484,11.825,14.825,3.0
2022-12-27,12,Other,8,7.4,<8,-11.9,-19.3,-0.5205,1.899,2,-2.5756,3.074,2,1.6395,1.7625,3,-0.243,11.8172,14.8172,3.0
2022-12-28,12,Other,8,9.3,8-<10,-8.7,-18.0,-0.8289,2.8251,2,-3.3837,3.6582,2,3.1103,3.2734,3,-1.2189,11.8094,14.8094,3.0
2022-12-29,12,Other,8,10.6,10-<12,-6.0,-16.6,0.2179,3.5016,2,-4.3723,4.4363,2,4.1063,4.1063,3,1.1312,11.8019,14.8019,3.0
2022-12-30,12,Other,8,12.7,12-<15,-3.9,-16.6,-0.5912,3.2087,2,-1.4719,2.2234,2,3.6067,3.6381,3,-2.0169,11.7942,14.7942,3.0
2022-12-31,12,Other,8,12.2,12-<15,-3.9,-16.1,-1.1673,5.1004,2,-6.3495,6.3706,2,5.7239,5.7511,3,-2.2921,11.7867,14.7867,3.0
2023-01-01,1,Other,8,10.1,10-<12,-4.1,-14.2,1.3436,2.9708,2,-1.0046,1.0373,2,4.9334,5.0661,3,-0.1705,23.7719,14.7792,-8.9927
2023-01-02,1,Other,8,12.1,12-<15,-3.5,-15.6,0.0306,2.6677,2,-2.2075,2.5988,2,2.749,3.5009,3,0.7537,11.7719,14.7719,3.0
2023-01-03,1,Other,8,15.3,15-<18,-1.2,-16.5,-1.6776,4.9365,2,-1.5516,2.4467,2,2.9739,3.6995,3,-5.3679,20.7644,14.7644,-6.0
2023-01-04,1,Other,7,14.8,12-<15,-1.2,-16.0,-0.0023,2.7511,2,0.1744,0.2955,2,1.4919,1.9034,2,-3.6637,14.7572,14.7572,0.0
2023-01-05,1,Other,7,18.6,18-<20,2.7,-15.9,-2.5854,4.542,1,-8.478,8.478,2,1.1012,1.3825,3,-2.452,14.75,14.75,0.0
2023-01-06,1,Other,8,13.3,12-<15,2.7,-10.6,2.0081,4.7368,2,-1.3952,1.7929,2,7.6353,7.6354,3,-0.9099,23.7361,14.7431,-8.993
2023-01-07,1,Other,8,13.2,12-<15,3.3,-9.9,-1.7814,4.5156,2,-7.2971,7.4975,2,3.355,3.357,3,-1.0687,11.7361,14.7361,3.0
2023-01-08,1,Other,8,11.2,10-<12,3.3,-7.9,2.9091,4.7741,2,-1.1427,1.4812,2,7.7958,7.7958,3,1.344,14.7292,14.7292,0.0
2023-01-09,1,Other,8,9.2,8-<10,-0.2,-9.4,-2.2887,2.9339,2,-1.4886,1.6869,2,-1.0157,1.4935,3,-4.1114,17.7225,14.7225,-3.0
2023-01-10,1,Other,7,14.6,12-<15,5.2,-9.4,-0.6536,5.484,2,-6.3111,6.3511,1,8.8695,8.8695,3,0.6568,11.7161,17.7161,6.0
2023-01-11,1,Other,8,19.3,18-<20,5.2,-14.1,3.0124,7.9966,2,-6.5139,6.5161,2,12.138,12.1985,3,2.087,8.7094,14.7094,6.0
2023-01-12,1,Other,8,12.4,12-<15,-6.5,-18.9,1.882,4.5799,2,-2.859,2.8689,2,7.2364,7.2841,3,0.7115,2.7033,14.7033,-12.0
2023-01-13,1,Other,8,7.2,<8,-13.9,-21.1,0.1957,1.889,2,-1.6235,1.7365,2,2.5839,2.8095,3,0.4041,11.6969,14.6969,3.0
2023-01-14,1,Other,8,10.2,10-<12,-12.4,-22.6,0.9253,2.3315,2,-0.3592,0.5487,2,4.3002,4.4215,3,0.2968,11.6911,14.6911,3.0
2023-01-15,1,Other,8,12.2,12-<15,-10.4,-22.6,-0.039,3.0557,2,-1.5937,1.7643,2,5.0826,5.0873,3,-1.6398,11.6853,14.6853,3.0
2023-01-16,1,Other,8,14.1,12-<15,-7.2,-21.3,-2.3448,4.4675,2,-6.8301,6.8365,2,3.4289,3.4557,3,-2.7388,11.6794,14.6794,3.0
2023-01-17,1,Other,8,10.7,10-<12,-7.2,-17.9,1.3322,3.4434,2,-1.4563,1.562,2,6.6648,6.6837,3,0.2517,11.6739,14.6739,3.0
2023-01-18,1,Other,7,13.5,12-<15,-6.7,-20.2,-0.4552,4.0846,2,-5.238,5.4967,2,4.7636,4.8489,3,-0.7459,14.6686,14.6686,0.0
2023-01-19,1,Other,8,13.8,12-<15,-6.7,-20.5,3.4708,5.5857,2,-1.9573,1.9598,2,9.6898,9.6898,3,2.8122,11.6633,14.6633,3.0
2023-01-20,1,Other,7,10.8,10-<12,-9.3,-20.1,-0.9596,2.8299,2,-3.1682,3.3067,2,2.8753,2.9045,2,-2.4499,11.6583,14.6583,3.0
2023-01-21,1,Other,8,10.0,10-<12,-8.0,-18.0,-3.3011,4.2252,2,-6.604,6.6737,2,-0.3308,0.5168,3,-3.4173,14.6533,14.6533,0.0
2023-01-22,1,Other,8,10.5,10-<12,-8.0,-18.5,0.6362,4.257,2,-4.0119,4.0254,2,5.3223,5.493,3,0.2664,2.6486,14.6486,-12.0
2023-01-23,1,Other,8,11.9,10-<12,-11.4,-23.3,1.1314,4.6023,2,-3.5623,3.7262,2,6.4801,6.7314,3,1.7519,11.6442,14.6442,3.0
2023-01-24,1,Other,8,10.9,10-<12,-12.7,-23.6,-0.3629,1.806,2,-1.4102,1.8423,2,2.2942,2.2981,3,-1.4123,14.64,14.64,0.0
2023-01-25,1,Other,8,15.3,15-<18,-8.3,-23.6,-2.9585,5.392,2,-8.4116,8.5139,2,3.7884,3.8428,3,-3.5642,11.6358,14.6358,3.0
2023-01-26,1,Other,8,13.5,12-<15,-8.2,-21.7,-0.5914,5.016,2,-6.5593,6.5836,2,4.2374,4.5611,3,1.2324,11.6319,14.6319,3.0
2023-01-27,1,Other,8,13.5,12-<15,-8.2,-21.7,0.9925,3.0335,2,-1.9899,2.0763,2,5.3968,5.4158,3,0.5996,11.6283,14.6283,3.0
2023-01-28,1,Other,8,11.2,10-<12,-8.5,-19.7,-0.5896,2.9591,2,-4.3787,4.5294,2,2.8439,2.9256,3,0.2463,11.6247,14.6247,3.0
2023-01-29,1,Other,8,13.0,12-<15,-4.5,-17.5,2.052,4.3806,2,-1.9851,2.4609,2,7.0673,7.273,3,2.6176,11.6214,14.6214,3.0
2023-01-30,1,Other,8,15.6,15-<18,-1.9,-17.5,0.0508,3.587,2,-3.5778,4.0399,2,5.3118,5.3188,3,0.1278,11.6183,14.6183,3.0
2023-01-31,1,Other,8,13.2,12-<15,-1.9,-15.1,0.4341,2.9141,2,-2.5293,2.6849,2,4.3155,4.3669,3,-0.2228,14.6156,14.6156,0.0
2023-02-01,2,Other,8,8.7,8-<10,-4.9,-13.6,0.543,3.2968,2,-4.196,4.4683,2,3.6767,3.7449,3,1.0991,8.6128,14.6128,6.0
2023-02-02,2,Other,8,10.6,10-<12,-3.0,-13.6,0.408,3.7039,2,-4.0354,4.261,2,4.8438,5.0116,3,1.3663,11.6103,14.6103,3.0
2023-02-03,2,Other,8,12.1,12-<15,-1.4,-13.5,-0.44,1.7073,2,-1.1494,1.1769,2,1.053,1.4533,3,-1.253,14.6081,14.6081,0.0
2023-02-04,2,Other,8,11.2,10-<12,-0.8,-12.0,-1.8456,3.1412,2,-3.8504,3.8516,2,2.2501,2.2501,3,-2.8226,11.6061,14.6061,3.0
2023-02-05,2,Other,8,14.0,12-<15,5.2,-8.8,1.9788,3.5033,2,-0.9002,1.4127,2,5.2851,5.2855,3,2.7455,11.6044,14.6044,3.0
2023-02-06,2,Other,8,14.6,12-<15,5.2,-9.4,3.1336,4.3058,2,0.8255,0.923,2,7.4874,7.4875,3,1.3232,14.6028,14.6028,0.0
2023-02-07,2,Other,8,8.7,8-<10,-0.7,-9.4,0.1326,2.8216,2,-3.4536,3.4537,2,3.5146,3.8019,3,0.3617,14.6014,14.6014,0.0
2023-02-08,2,Other,8,8.9,8-<10,-1.8,-10.7,1.8169,2.5784,2,-0.3696,0.3837,2,4.2519,4.2572,3,1.2535,14.6003,14.6003,0.0
2023-02-09,2,Other,8,6.0,<8,-5.4,-11.4,1.3169,1.6704,2,0.2374,0.346,2,2.7827,2.7827,3,1.0547,14.5992,14.5992,0.0
2023-02-10,2,Other,8,8.1,8-<10,-3.3,-11.4,-0.8926,1.748,2,-1.8586,2.3518,2,0.84,1.1111,3,-1.0207,11.5986,14.5986,3.0
2023-02-11,2,Other,7,7.3,<8,-3.3,-10.6,-0.7244,2.2953,2,-3.4675,3.4797,2,1.7205,1.7212,2,-0.7342,14.5981,14.5981,0.0
2023-02-12,2,Other,8,5.9,<8,-4.0,-9.9,0.3986,1.3301,2,0.0633,0.7924,2,2.2551,2.2552,3,-0.6114,11.5978,14.5978,3.0
2023-02-13,2,Other,8,8.9,8-<10,-1.7,-10.6,1.0529,3.0628,2,-1.9822,1.9822,2,4.3346,4.6453,3,1.7126,11.5978,14.5978,3.0
2023-02-14,2,Other,8,9.2,8-<10,-1.7,-10.9,1.9967,2.6339,2,0.1157,0.3241,2,4.5641,4.6034,3,1.3666,14.5978,14.5978,0.0
2023-02-15,2,Other,8,8.9,8-<10,-2.5,-11.4,0.5301,2.0517,2,-1.4959,1.6501,2,3.3979,3.3986,3,0.5422,11.5981,14.5981,3.0
2023-02-16,2,Other,8,9.0,8-<10,-2.5,-11.5,-0.1793,1.7248,2,0.183,0.2581,2,1.8457,2.1085,3,-1.9636,20.5986,14.5986,-6.0
2023-02-17,2,Other,8,10.7,10-<12,-0.8,-11.5,-0.4194,2.3781,2,-2.8182,3.1879,2,2.0017,2.2126,3,0.338,11.5994,14.5994,3.0
2023-02-18,2,Other,8,12.0,12-<15,-0.8,-12.8,2.6726,3.7946,2,0.4444,0.9337,2,6.6455,6.6733,3,0.9868,14.6003,14.6003,0.0
2023-02-19,2,Other,8,10.8,10-<12,-2.0,-12.8,-0.918,2.005,2,-2.7618,2.7672,2,1.7589,2.023,3,-1.4716,14.6017,14.6017,0.0
2023-02-20,2,Other,8,9.2,8-<10,-2.0,-11.2,-0.8571,2.3108,2,-3.0681,3.1609,2,2.0552,2.2809,3,-1.0142,11.6031,14.6031,3.0
2023-02-21,2,Other,8,10.6,10-<12,1.2,-9.4,1.0956,3.5068,2,-2.5384,2.7604,2,4.8423,4.9049,3,2.1298,11.6044,14.6044,3.0
2023-02-22,2,Other,8,12.1,12-<15,2.7,-9.4,0.9469,2.937,2,-2.2409,2.2671,2,4.1231,4.2131,3,2.069,11.6061,14.6061,3.0
2023-02-23,2,Other,8,11.9,10-<12,2.7,-9.2,0.0272,2.5483,2,-1.5382,2.3127,2,3.649,3.6501,3,-0.7605,11.6081,14.6081,3.0
2023-02-24,2,Other,8,11.1,10-<12,2.1,-9.0,-0.7958,2.703,2,-3.4087,3.4124,2,2.6746,2.8263,3,-1.4666,14.6103,14.6103,0.0
2023-02-25,2,Other,8,12.7,12-<15,7.1,-5.6,0.6312,3.1173,2,-2.3377,2.753,2,4.101,4.3157,3,1.2333,11.6125,14.6125,3.0
2023-02-26,2,Other,8,13.9,12-<15,7.1,-6.8,2.3874,6.2493,2,-3.2094,3.7511,2,9.3624,9.4258,3,0.1811,2.615,14.615,-12.0
2023-02-27,2,Other,8,9.4,8-<10,-0.4,-9.8,-0.5218,2.3242,2,-3.1021,3.2496,2,1.4878,1.8031,3,0.4231,11.6178,14.6178,3.0
2023-02-28,2,Other,8,10.1,10-<12,-0.4,-10.5,0.9503,2.2777,2,-1.8405,1.9448,2,3.7888,3.7953,3,0.8913,11.6206,14.6206,3.0
2023-03-01,3,Other,8,10.4,10-<12,0.6,-9.8,0.4366,2.238,2,-2.2285,2.5911,2,2.9226,3.0186,3,1.0419,11.6236,14.6236,3.0
2023-03-02,3,Other,8,12.9,12-<15,3.2,-9.7,1.1662,2.532,2,-0.2204,0.3732,2,4.4838,4.4954,3,-0.5653,14.6267,14.6267,0.0
2023-03-03,3,Other,5,12.6,12-<15,4.0,-8.6,0.3321,1.7027,0,,,2,1.5671,1.7617,3,-0.4913,14.63,14.63,0.0
2023-03-04,3,Other,8,16.6,15-<18,8.0,-8.6,-2.748,5.1076,2,-7.7504,7.8084,2,3.1179,3.1883,3,-3.3648,11.6336,14.6336,3.0
2023-03-05,3,Other,8,12.4,12-<15,8.0,-4.4,0.801,2.0748,2,-0.7047,0.7463,2,3.5519,3.6002,3,0.8734,11.6372,14.6372,3.0
2023-03-06,3,Other,8,18.3,18-<20,13.9,-4.4,-0.2932,2.8875,2,-0.184,1.1903,2,0.3654,0.4831,3,-2.6515,14.6408,14.6408,0.0
2023-03-07,3,Other,8,16.4,15-<18,13.9,-2.5,-1.0257,2.7439,2,-0.9693,1.1764,2,2.0221,2.2273,3,-3.6771,14.6447,14.6447,0.0
2023-03-08,3,Other,8,16.2,15-<18,15.7,-0.5,-3.2691,7.2273,2,-11.2124,11.2922,2,2.0497,4.6807,3,-3.0424,17.6489,14.6489,-3.0
2023-03-09,3,Other,8,15.0,15-<18,15.7,0.7,3.6123,6.3129,2,-2.6561,4.6739,2,8.9981,9.0101,3,2.4369,5.6531,14.6531,9.0
2023-03-10,3,Other,8,9.2,8-<10,8.5,-0.7,0.1436,1.1284,2,-1.1536,1.6314,2,1.1268,1.2131,3,0.4558,14.6572,14.6572,0.0
2023-03-11,3,Other,8,13.7,12-<15,13.0,-0.7,-0.3351,1.3333,2,-0.7904,1.0101,2,0.4012,0.4027,3,-0.1514,14.6617,14.6617,0.0
2023-03-12,3,Other,8,13.2,12-<15,13.0,-0.2,-0.6762,3.366,2,-4.5386,5.6429,2,2.7912,2.7923,3,-0.7015,8.6661,14.6661,6.0
2023-03-13,3,Other,8,11.3,10-<12,12.8,1.5,2.1141,3.286,2,-0.8609,1.0545,2,5.6322,5.6426,3,1.5799,11.6706,14.6706,3.0
2023-03-14,3,Other,8,7.8,<8,8.7,0.9,0.8377,1.5374,2,0.052,0.1274,2,2.5875,2.6176,3,-0.1627,14.6753,14.6753,0.0
2023-03-15,3,Other,8,7.6,<8,8.8,1.2,-0.7153,1.1291,2,-1.8638,1.8671,2,0.4038,0.4117,3,-0.8237,14.68,14.68,0.0
2023-03-16,3,Other,8,10.6,10-<12,13.2,2.6,0.014,0.982,2,-0.7029,1.0726,2,0.9406,1.0078,3,0.3303,14.685,14.685,0.0
2023-03-17,3,Other,8,10.6,10-<12,13.2,2.6,-1.054,1.6815,2,-1.6803,1.9152,2,0.5932,0.5933,3,-1.8749,14.69,14.69,0.0
2023-03-18,3,Other,8,9.8,8-<10,13.1,3.3,0.9437,1.9824,2,0.757,0.9567,2,2.8025,2.8112,3,-0.5745,14.695,14.695,0.0
2023-03-19,3,Other,8,14.5,12-<15,10.7,-3.8,3.9351,7.7156,2,-1.9679,3.5367,2,12.0213,12.039,3,0.8243,2.7,14.7,-12.0
2023-03-20,3,Other,8,10.7,10-<12,5.5,-5.2,-0.1729,1.3233,2,-1.096,1.685,2,1.0934,1.4895,3,-0.0617,14.705,14.705,0.0
2023-03-21,3,Other,7,10.6,10-<12,5.5,-5.1,1.9729,3.3638,2,0.6088,1.838,2,3.7527,3.8915,2,-0.4301,17.7103,14.7103,-3.0
2023-03-22,3,Other,7,9.3,8-<10,5.1,-4.2,-0.2158,0.7403,2,-1.0499,1.2537,2,0.4962,0.5085,2,-0.2662,14.7156,14.7156,0.0
2023-03-23,3,Other,8,10.2,10-<12,6.6,-3.6,-0.8321,1.4311,2,-1.3193,1.4008,2,0.2351,0.2787,3,-1.5186,14.7208,14.7208,0.0
2023-03-24,3,Other,8,13.8,12-<15,11.3,-2.5,-1.3961,2.1334,2,-2.4951,2.5502,2,0.8356,0.8368,3,-2.4084,14.7261,14.7261,0.0
2023-03-25,3,Other,8,14.0,12-<15,13.7,-0.3,-1.5784,2.0272,2,-2.7807,2.8695,2,-0.0256,0.1095,3,-2.2254,14.7314,14.7314,0.0
2023-03-26,3,Other,8,12.7,12-<15,14.6,1.9,-0.9883,1.3175,2,-1.4939,1.7357,2,0.0675,0.1341,3,-1.3642,14.7367,14.7367,0.0
2023-03-27,3,Other,8,15.5,15-<18,18.2,2.7,-1.2957,1.8042,2,-1.9939,2.0223,2,0.7261,0.7424,3,-1.6846,11.7419,14.7419,3.0
2023-03-28,3,Other,8,13.6,12-<15,18.2,4.6,2.9642,4.0463,2,0.8765,1.6374,2,6.5604,6.5813,3,1.1091,14.7472,14.7472,0.0
2023-03-29,3,Other,8,9.3,8-<10,14.3,5.0,-0.4842,0.7348,2,-0.97,0.9839,2,0.2591,0.3467,3,-0.7331,14.7528,14.7528,0.0
2023-03-30,3,Other,7,14.2,12-<15,18.6,4.4,-0.7902,1.3065,2,-0.7048,1.1382,2,0.2242,0.2322,2,-1.6592,14.7581,14.7581,0.0
2023-03-31,3,Other,8,18.7,18-<20,18.6,-0.1,1.7764,7.0934,2,-5.8994,6.2076,2,9.7684,9.989,3,1.111,11.7633,14.7633,3.0
2023-04-01,4,Other,8,15.7,15-<18,13.3,-2.4,4.4459,5.92,2,0.9943,2.5004,2,9.127,9.1506,3,2.401,14.7686,14.7686,0.0
2023-04-02,4,Other,8,8.8,8-<10,4.0,-4.8,0.9044,1.6723,2,-0.0493,0.0507,2,2.4501,2.4762,3,0.2774,14.7739,14.7739,0.0
2023-04-03,4,Other,6,7.1,<8,2.1,-5.0,1.0548,1.3623,2,0.0756,0.1666,2,1.9673,1.9803,1,0.521,14.7792,14.7792,0.0
2023-04-05,4,Other,4,11.7,10-<12,10.7,-1.0,-0.5129,1.1191,0,,,2,0.3088,0.5724,2,-1.3346,14.7894,14.7894,0.0
2023-04-06,4,Other,8,15.6,15-<18,14.8,-0.8,-2.2738,3.5974,2,-2.5842,2.6612,2,0.448,0.4695,3,-4.5948,14.7944,14.7944,0.0
2023-04-07,4,Other,8,15.0,15-<18,16.4,1.4,-4.0983,5.2579,2,-6.3819,6.5759,2,0.3412,0.3446,3,-6.4335,14.7994,14.7994,0.0
2023-04-08,4,Other,8,9.0,8-<10,16.4,7.4,-0.982,2.2004,2,-1.8637,2.5925,2,0.1963,0.3566,3,-1.7906,14.8044,14.8044,0.0
2023-04-09,4,Other,8,10.8,10-<12,16.3,5.5,2.8096,4.4403,2,-1.218,1.4725,2,7.1775,7.2202,3,2.0002,8.8094,14.8094,6.0
2023-04-10,4,Other,8,10.1,10-<12,14.5,4.4,-0.1179,0.8686,2,0.1008,0.191,2,0.3261,0.3277,3,-0.9628,14.8142,14.8142,0.0
2023-04-11,4,Other,7,12.6,12-<15,16.7,4.1,-0.6479,1.6675,2,-2.2961,2.3084,2,1.3616,1.5636,2,-1.0766,14.8189,14.8189,0.0
2023-04-12,4,Other,8,12.8,12-<15,16.7,3.9,1.764,2.1577,2,0.5176,1.0878,2,3.1006,3.1567,3,1.2679,14.8236,14.8236,0.0
2023-04-13,4,Other,8,11.6,10-<12,16.1,4.5,-0.4611,1.1059,2,-0.8235,0.8998,2,0.4324,0.4539,3,-1.3313,14.8281,14.8281,0.0
2023-04-14,4,Other,8,14.5,12-<15,19.5,5.0,-1.957,3.6282,2,-1.7192,1.7426,2,-0.1068,0.3184,3,-4.211,14.8325,14.8325,0.0
2023-04-15,4,Other,8,19.0,18-<20,25.6,6.6,-3.8197,4.8753,2,-6.7028,6.7939,2,-0.2003,0.8168,3,-5.5235,14.8369,14.8369,0.0
2023-04-16,4,Other,8,17.2,15-<18,25.6,8.4,4.021,6.8872,2,-1.6245,3.2358,2,9.4714,9.4857,3,2.1136,14.8411,14.8411,0.0
2023-04-17,4,Other,8,13.6,12-<15,22.0,8.4,1.3411,2.2327,2,-0.055,0.1254,2,2.8601,3.9097,3,1.2962,14.8453,14.8453,0.0
2023-04-19,4,Other,8,8.1,8-<10,8.8,0.7,0.6671,0.8883,2,0.587,0.8518,2,1.173,1.2848,3,0.263,14.8533,14.8533,0.0
2023-04-20,4,Other,8,10.9,10-<12,11.7,0.8,-0.6851,1.1902,2,-1.1625,1.3838,2,-0.0071,0.2036,3,-1.1811,14.8572,14.8572,0.0
2023-04-21,4,Other,8,12.6,12-<15,13.9,1.3,-1.1582,1.7954,2,-1.5573,1.5643,2,0.2851,0.4219,3,-2.4241,14.8608,14.8608,0.0
2023-04-22,4,Other,8,10.9,10-<12,14.0,3.1,-0.4257,1.8609,2,-2.183,2.1839,2,1.9973,2.3834,3,-1.1869,14.8642,14.8642,0.0
2023-04-23,4,Other,8,8.7,8-<10,14.0,5.3,0.1682,0.6935,2,-0.3294,0.8782,2,0.2407,0.352,3,0.0494,14.8678,14.8678,0.0
2023-04-24,4,Other,8,15.1,15-<18,20.1,5.0,-0.6555,1.6405,2,-0.7237,0.7546,2,-0.2675,0.5352,3,-1.4924,14.8708,14.8708,0.0
2023-04-25,4,Other,8,14.5,12-<15,20.1,5.6,0.5382,3.8129,2,-3.2452,3.3887,2,5.9238,5.9391,3,-1.1577,11.8742,14.8742,3.0
2023-04-26,4,Other,8,9.2,8-<10,16.8,7.6,0.7417,1.2572,2,0.5715,0.9239,2,1.2643,1.3075,3,-0.0217,14.8769,14.8769,0.0
2023-04-27,4,Other,8,11.9,10-<12,19.3,7.4,-0.8272,1.2082,2,-1.5768,1.5935,2,0.1448,0.4751,3,-1.3634,14.8797,14.8797,0.0
2023-04-28,4,Other,8,15.0,15-<18,23.8,8.8,-2.4184,3.3944,2,-4.5735,5.1045,2,-0.1989,0.4428,3,-3.265,14.8825,14.8825,0.0
2023-04-29,4,Other,8,11.0,10-<12,25.8,14.8,-0.6942,1.4693,2,-2.3146,2.5404,2,0.5065,0.518,3,-0.7429,14.885,14.885,0.0
2023-04-30,4,Other,8,11.2,10-<12,25.8,14.6,0.6605,1.6653,2,-0.954,0.9606,2,1.9461,2.4259,3,0.9091,14.8875,14.8875,0.0
2023-05-01,5,May-Sep,8,16.2,15-<18,25.4,9.2,2.9272,6.6664,2,-3.4826,4.6469,2,9.0854,9.1659,3,0.6836,8.8897,14.8897,6.0
2023-05-02,5,May-Sep,8,13.1,12-<15,17.4,4.3,4.0621,6.1982,2,2.2317,3.3547,2,8.7825,8.8116,3,0.1496,2.8917,14.8917,-12.0
2023-05-03,5,May-Sep,8,5.9,<8,8.3,2.4,-0.081,0.9649,2,0.4891,0.9204,2,0.4831,0.517,3,-1.0503,14.8936,14.8936,0.0
2023-05-04,5,May-Sep,8,7.4,<8,8.3,0.9,0.9141,2.0914,2,1.1125,1.952,2,1.8915,2.0194,3,-0.8818,17.8953,14.8953,-3.0
2023-05-05,5,May-Sep,8,8.0,8-<10,8.9,0.9,-0.2558,0.9314,2,-1.2327,1.2601,2,0.906,0.9567,3,-0.4882,14.8969,14.8969,0.0
2023-05-06,5,May-Sep,7,8.8,8-<10,11.1,2.3,-0.2711,0.724,1,-0.9575,0.9575,2,0.4586,0.4795,3,-0.7742,14.8983,14.8983,0.0
2023-05-07,5,May-Sep,8,9.7,8-<10,12.5,2.8,-0.6402,1.3114,2,-0.7894,1.0538,2,0.8554,0.8673,3,-1.6666,14.8994,14.8994,0.0
2023-05-08,5,May-Sep,8,12.0,12-<15,16.3,4.3,-1.5685,2.1703,2,-1.9323,1.9345,2,-0.1328,0.2665,3,-2.7837,14.9006,14.9006,0.0
2023-05-09,5,May-Sep,8,15.3,15-<18,21.6,6.3,-2.1113,2.8571,2,-3.4583,3.46,2,0.2692,0.8712,3,-3.466,14.9014,14.9014,0.0
2023-05-10,5,May-Sep,8,14.9,12-<15,24.9,10.0,-1.6889,2.2531,2,-3.0179,3.0444,2,0.0469,0.553,3,-2.3732,14.9022,14.9022,0.0
2023-05-11,5,May-Sep,8,15.0,15-<18,28.6,13.6,-0.8008,1.3847,2,-1.8013,2.0777,2,-0.1057,0.4172,3,-0.5127,14.9028,14.9028,0.0
2023-05-12,5,May-Sep,8,15.0,15-<18,29.6,14.6,-1.8261,2.5338,2,-2.8612,2.9859,2,0.6478,0.6497,3,-3.1123,14.9033,14.9033,0.0
2023-05-13,5,May-Sep,8,11.4,10-<12,29.6,18.2,0.6378,1.7238,2,-0.7771,1.404,2,2.267,2.2911,3,-0.0101,14.9036,14.9036,0.0
2023-05-14,5,May-Sep,8,9.7,8-<10,27.3,17.6,0.0659,1.3158,2,-1.3538,1.5242,2,0.9711,1.0249,3,0.7015,11.9036,14.9036,3.0
2023-05-15,5,May-Sep,8,14.1,12-<15,27.3,13.2,4.2861,6.3227,2,2.808,4.6501,2,8.5618,8.5619,3,0.6827,14.9036,14.9036,0.0
2023-05-16,5,May-Sep,7,6.7,<8,19.9,13.2,0.3211,0.8279,2,0.2751,0.9072,2,0.1533,0.2116,2,-0.1051,14.9033,14.9033,0.0
2023-05-17,5,May-Sep,8,9.1,8-<10,22.8,13.7,0.0923,1.1909,2,-1.3005,1.8479,2,1.4634,1.4696,3,0.1432,11.9031,14.9031,3.0
2023-05-18,5,May-Sep,8,11.4,10-<12,25.3,13.9,-0.27,0.7661,2,-0.5439,0.5481,2,0.2804,0.3552,3,-0.8711,14.9025,14.9025,0.0
2023-05-19,5,May-Sep,8,10.9,10-<12,25.3,14.4,2.6807,3.4299,2,2.0402,3.3103,2,4.1124,4.1133,3,1.2295,14.9017,14.9017,0.0
2023-05-20,5,May-Sep,7,10.9,10-<12,24.4,13.5,0.5086,0.6428,2,0.2122,0.2179,2,0.9649,0.9672,2,0.375,14.9008,14.9008,0.0
2023-05-21,5,May-Sep,8,12.6,12-<15,24.4,11.8,0.9717,2.2352,2,-0.5855,1.4707,2,3.3688,3.4469,3,-0.043,11.9,14.9,3.0
2023-05-22,5,May-Sep,8,10.0,10-<12,21.5,11.5,1.7,3.6837,2,-1.8024,1.841,2,5.172,6.1209,3,2.2593,11.8989,14.8989,3.0
2023-05-23,5,May-Sep,8,9.1,8-<10,20.6,11.5,-0.1216,1.1064,2,-0.7927,1.402,2,0.6263,0.8485,3,-0.7479,17.8975,14.8975,-3.0
2023-05-24,5,May-Sep,8,10.5,10-<12,22.3,11.8,-0.7167,1.205,2,-1.3236,1.3241,2,-0.0019,0.4003,3,-1.1685,14.8961,14.8961,0.0
2023-05-25,5,May-Sep,8,8.5,8-<10,22.3,13.8,0.8908,2.6282,2,-1.3861,1.3949,2,4.4646,4.8012,3,0.1939,11.8947,14.8947,3.0
2023-05-26,5,May-Sep,8,8.2,8-<10,21.8,13.6,-0.685,1.3278,2,-0.9605,1.1226,2,0.1337,0.2968,3,-1.6184,14.8931,14.8931,0.0
2023-05-27,5,May-Sep,8,10.8,10-<12,23.9,13.1,-0.8933,1.3941,2,-1.2374,1.3206,2,-0.0617,0.1713,3,-1.4802,14.8911,14.8911,0.0
2023-05-28,5,May-Sep,8,14.8,12-<15,23.9,9.1,-0.4341,4.4901,2,-5.2957,5.7431,2,3.5652,3.5728,3,-0.4617,11.8892,14.8892,3.0
2023-05-29,5,May-Sep,8,11.7,10-<12,20.7,9.0,3.2109,3.7885,2,2.7576,3.4303,2,4.9427,4.9636,3,1.5357,14.8872,14.8872,0.0
2023-05-30,5,May-Sep,8,11.7,10-<12,20.7,9.0,-0.8835,1.7236,2,-1.4281,1.4345,2,0.4453,0.568,3,-1.8944,14.885,14.885,0.0
2023-05-31,5,May-Sep,8,11.0,10-<12,22.4,11.4,-0.9929,1.4437,2,-1.9737,2.0174,2,0.1369,0.4809,3,-1.5477,14.8825,14.8825,0.0
2023-06-01,6,May-Sep,7,8.9,8-<10,22.4,13.5,-0.4685,1.3677,2,-1.9395,1.9857,1,1.5983,1.5983,3,-0.6152,14.8803,14.8803,0.0
2023-06-02,6,May-Sep,8,11.7,10-<12,23.4,11.7,-0.7556,1.441,2,-1.1911,1.1974,2,0.153,0.4702,3,-1.8176,14.8778,14.8778,0.0
2023-06-03,6,May-Sep,8,13.0,12-<15,26.8,13.8,-1.0594,1.5136,2,-1.8898,1.9169,2,-0.2661,0.623,3,-1.5934,14.875,14.875,0.0
2023-06-04,6,May-Sep,8,11.7,10-<12,28.6,16.9,-0.4214,0.8946,2,-0.7208,0.8974,2,0.1079,0.5993,3,-0.8772,14.8725,14.8725,0.0
2023-06-05,6,May-Sep,8,14.0,12-<15,31.9,17.9,-0.5641,0.9262,2,-0.3666,0.839,2,-0.1154,0.3328,3,-1.0125,14.8697,14.8697,0.0
2023-06-06,6,May-Sep,8,14.8,12-<15,33.4,18.6,-0.8907,1.4249,2,-1.6653,1.778,2,0.394,0.443,3,-1.4561,14.8667,14.8667,0.0
2023-06-07,6,May-Sep,8,13.2,12-<15,33.9,20.7,-0.6615,0.8793,2,-1.092,1.2692,2,-0.2164,0.3806,3,-0.7891,14.8639,14.8639,0.0
2023-06-08,6,May-Sep,7,12.0,12-<15,34.1,22.1,-0.471,1.0443,2,-1.5003,1.5744,1,0.2969,0.2969,3,-0.0134,14.8608,14.8608,0.0
2023-06-09,6,May-Sep,8,11.3,10-<12,34.1,22.8,0.1372,0.5311,2,-0.0587,0.6938,2,0.4911,0.5325,3,-0.068,14.8575,14.8575,0.0
2023-06-10,6,May-Sep,8,13.9,12-<15,36.7,22.8,-0.2336,0.9134,2,-0.7618,0.7675,2,0.5537,0.7751,3,-0.7172,14.8544,14.8544,0.0
2023-06-11,6,May-Sep,8,14.3,12-<15,36.7,22.4,-0.0705,1.4552,2,-1.786,1.8029,2,1.9348,1.9415,3,-0.4692,14.8511,14.8511,0.0
2023-06-12,6,May-Sep,8,16.4,15-<18,35.4,19.0,4.3098,6.2696,2,0.5581,2.3938,2,10.3753,10.4215,3,2.1135,11.8478,14.8478,3.0
2023-06-13,6,May-Sep,8,10.8,10-<12,29.7,18.9,-0.3406,0.9451,2,-0.2006,0.7151,2,0.1258,0.212,3,-1.0241,14.8444,14.8444,0.0
2023-06-14,6,May-Sep,7,9.4,8-<10,29.7,20.3,0.4688,1.3078,2,-1.0777,1.1153,2,1.7018,1.7141,2,0.978,11.8411,14.8411,3.0
2023-06-22,6,May-Sep,8,13.5,12-<15,30.7,17.2,-0.5147,1.8106,2,-1.9548,1.9866,2,0.8997,0.9465,3,-0.8422,14.8133,14.8133,0.0
2023-06-23,6,May-Sep,8,12.7,12-<15,29.9,17.2,0.3265,1.5096,2,-0.5052,0.6906,2,2.1426,2.1896,3,-0.6612,14.8097,14.8097,0.0
2023-06-24,6,May-Sep,8,12.1,12-<15,28.5,16.4,3.0727,5.9098,2,-2.8946,2.9862,2,9.2749,9.5604,3,1.4415,8.8064,14.8064,6.0
2023-06-25,6,May-Sep,8,13.1,12-<15,28.9,15.8,-0.3529,1.317,2,-1.2019,1.5227,2,1.4744,1.4745,3,-0.9428,11.8031,14.8031,3.0
2023-06-26,6,May-Sep,7,16.4,15-<18,28.9,12.5,5.7663,7.6795,2,-0.0209,3.5267,2,11.1058,11.1212,2,4.189,8.7994,14.7994,6.0
2023-06-27,6,May-Sep,8,16.1,15-<18,28.6,12.5,-1.1181,2.023,2,-1.2748,1.2795,2,-0.3274,0.6999,3,-2.1303,14.7961,14.7961,0.0
2023-06-28,6,May-Sep,8,18.8,18-<20,33.9,15.1,-1.7656,2.4613,2,-3.1831,3.2668,2,0.3352,0.3383,3,-2.8374,14.7928,14.7928,0.0
2023-06-29,6,May-Sep,8,18.2,18-<20,33.9,15.7,3.0408,6.0354,2,-1.8804,2.9705,2,9.5172,9.6093,3,1.2655,11.7894,14.7894,3.0
2023-06-30,6,May-Sep,7,12.3,12-<15,27.0,14.7,2.1172,3.0442,1,3.8906,3.8906,2,3.4203,3.4527,3,-0.1849,14.7864,14.7864,0.0
2023-07-01,7,May-Sep,8,8.9,8-<10,23.6,14.7,-0.7574,1.8667,2,-2.2691,2.3623,2,1.2448,1.6944,3,-1.3696,17.7831,14.7831,-3.0
2023-07-02,7,May-Sep,8,12.3,12-<15,25.3,13.0,-1.015,1.3789,2,-0.5783,0.6781,2,-0.1786,0.4114,3,-1.9799,14.78,14.78,0.0
2023-07-03,7,May-Sep,8,17.7,15-<18,31.7,14.0,-1.6643,2.2919,2,-2.3102,2.3296,2,0.0461,0.5441,3,-2.9605,14.7769,14.7769,0.0
2023-07-04,7,May-Sep,8,14.6,12-<15,31.7,17.1,-0.9555,2.9442,2,-3.3382,3.3393,2,2.7549,2.8063,3,-2.7289,14.7739,14.7739,0.0
2023-07-05,7,May-Sep,8,11.1,10-<12,31.1,20.0,0.6208,1.6359,2,-0.8247,0.8687,2,1.9337,2.4118,3,0.8888,14.7711,14.7711,0.0
2023-07-06,7,May-Sep,8,12.4,12-<15,31.1,18.7,-0.0783,1.2875,2,-0.7644,0.7989,2,1.2173,1.3457,3,-1.0771,14.7683,14.7683,0.0
2023-07-07,7,May-Sep,8,9.5,8-<10,29.9,20.4,0.6892,1.5878,2,1.483,2.227,2,1.1654,1.1874,3,-0.6919,14.7656,14.7656,0.0
2023-07-08,7,May-Sep,8,11.0,10-<12,28.8,17.8,2.9561,5.4281,2,-0.1019,3.5157,2,7.3887,7.4437,3,-0.0018,5.7631,14.7631,9.0
2023-07-09,7,May-Sep,8,6.8,<8,24.0,17.2,0.3853,1.9564,2,0.3854,1.3919,2,1.2529,1.764,3,-1.3173,17.7606,14.7606,-3.0
2023-07-10,7,May-Sep,8,9.0,8-<10,25.5,16.5,0.1916,1.1436,2,1.0968,1.3312,2,0.5904,0.9963,3,-0.8966,17.7581,14.7581,-3.0
2023-07-11,7,May-Sep,8,9.5,8-<10,26.1,16.6,-1.6896,2.1229,2,-3.0274,3.0571,2,-0.0855,0.2907,3,-2.2217,14.7558,14.7558,0.0
2023-07-12,7,May-Sep,8,10.6,10-<12,29.1,18.5,-0.3968,0.6662,2,-0.7363,0.8444,2,0.1078,0.2127,3,-0.6775,14.7536,14.7536,0.0
2023-07-13,7,May-Sep,8,15.2,15-<18,34.3,19.1,-0.2608,0.8642,2,-0.3269,0.5791,2,0.1217,0.3852,3,-0.813,14.7517,14.7517,0.0
2023-07-14,7,May-Sep,8,17.5,15-<18,37.1,19.6,-1.8742,2.3346,2,-2.7197,2.7448,2,-0.0972,0.3944,3,-2.8303,14.7497,14.7497,0.0
2023-07-15,7,May-Sep,8,15.2,15-<18,38.6,23.4,-0.727,1.4005,2,-1.5332,1.5482,2,0.4697,0.477,3,-1.3121,14.7478,14.7478,0.0
2023-07-16,7,May-Sep,8,13.2,12-<15,38.6,25.4,1.8906,2.7674,2,0.1439,1.0791,2,4.0212,4.0761,3,0.9237,14.7464,14.7464,0.0
2023-07-17,7,May-Sep,8,10.4,10-<12,34.4,24.0,2.3836,3.1532,2,0.811,1.3368,2,5.0642,5.0672,3,1.6338,11.7447,14.7447,3.0
2023-07-18,7,May-Sep,8,11.6,10-<12,34.5,22.9,-0.1397,0.75,2,-0.1378,0.3279,2,0.4012,0.4014,3,-0.9279,14.7433,14.7433,0.0
2023-07-19,7,May-Sep,8,13.0,12-<15,36.2,23.2,-1.1488,1.5246,2,-2.0883,2.1043,2,0.1275,0.3824,3,-1.5335,14.7422,14.7422,0.0
2023-07-20,7,May-Sep,8,15.0,15-<18,36.7,21.7,1.0746,5.1481,2,-4.7369,4.7922,2,7.1722,7.1825,3,1.1632,8.7411,14.7411,6.0
2023-07-21,7,May-Sep,8,15.4,15-<18,36.7,21.3,2.0084,2.8241,2,0.4365,0.9802,2,4.6493,4.6513,3,0.6417,14.7403,14.7403,0.0
2023-07-22,7,May-Sep,8,11.2,10-<12,32.4,21.2,-0.8002,1.3299,2,-0.9385,1.1308,2,0.1661,0.3634,3,-1.8098,14.7394,14.7394,0.0
2023-07-23,7,May-Sep,8,13.5,12-<15,34.7,21.2,-1.6636,2.0727,2,-2.62,2.6237,2,-0.0059,0.393,3,-2.3961,14.7389,14.7389,0.0
2023-07-24,7,May-Sep,7,10.5,10-<12,34.7,24.2,0.6616,1.9306,2,0.0332,2.3751,2,1.5493,1.5575,2,-0.2984,14.7383,14.7383,0.0
2023-07-25,7,May-Sep,8,10.5,10-<12,34.1,23.6,-0.2074,0.5738,2,-0.7405,0.7878,2,0.3474,0.35,3,-0.3768,14.7381,14.7381,0.0
2023-07-26,7,May-Sep,8,13.8,12-<15,37.6,23.8,-0.4266,0.8876,2,-0.6364,0.8514,2,0.5213,0.5384,3,-1.0492,14.7378,14.7378,0.0
2023-07-27,7,May-Sep,7,14.7,12-<15,38.7,24.0,-1.096,1.6736,2,-1.3441,1.3652,1,0.4856,0.4856,3,-1.698,14.7381,14.7381,0.0
2023-07-28,7,May-Sep,7,15.7,15-<18,38.7,23.0,2.9851,6.1963,1,-5.0455,5.0455,2,8.5647,8.5749,3,0.8145,11.7381,14.7381,3.0
2023-07-29,7,May-Sep,8,14.1,12-<15,31.5,17.4,4.3449,7.1703,2,-0.4101,2.6153,2,10.1466,10.3698,3,1.3957,2.7386,14.7386,-12.0
2023-07-30,7,May-Sep,8,10.9,10-<12,28.3,17.4,-0.1774,1.2516,2,-0.6015,0.7792,2,0.3151,0.3393,3,-0.972,14.7392,14.7392,0.0
2023-07-31,7,May-Sep,8,13.5,12-<15,32.0,18.5,-0.7091,1.2416,2,-1.1796,1.4318,2,-0.0776,0.5696,3,-1.3107,14.7397,14.7397,0.0
2023-08-01,8,May-Sep,8,12.6,12-<15,33.1,20.5,0.2534,2.0466,2,-1.5068,1.5175,2,3.0178,3.1888,3,0.0677,11.7406,14.7406,3.0
2023-08-02,8,May-Sep,8,13.0,12-<15,33.9,20.9,-0.8609,1.3885,2,-1.7195,1.8016,2,0.2927,0.4913,3,-1.156,14.7417,14.7417,0.0
2023-08-03,8,May-Sep,8,11.8,10-<12,33.9,22.1,2.4501,4.0747,2,-0.0671,2.0137,2,6.5548,6.5765,3,0.5051,11.7431,14.7431,3.0
2023-08-04,8,May-Sep,8,13.0,12-<15,34.6,21.6,-0.7837,1.4045,2,-1.6886,1.8341,2,0.2854,0.3017,3,-0.9616,14.7444,14.7444,0.0
2023-08-05,8,May-Sep,8,11.9,10-<12,34.6,22.7,-0.2838,1.5272,2,-1.3108,1.4254,2,1.6923,1.695,3,-1.2721,14.7461,14.7461,0.0
2023-08-06,8,May-Sep,8,12.3,12-<15,35.8,23.5,-0.4362,1.1007,2,-0.6247,0.9083,2,0.9665,1.1261,3,-1.0963,14.7478,14.7478,0.0
2023-08-07,8,May-Sep,7,12.2,12-<15,35.8,23.6,0.6395,2.3172,2,-1.6076,1.646,2,3.9181,3.9319,2,-0.2847,11.7497,14.7497,3.0
2023-08-08,8,May-Sep,8,16.4,15-<18,33.8,17.4,5.0628,8.6454,2,-1.0242,4.1459,2,13.3279,13.3441,3,1.6746,2.7519,14.7519,-12.0
2023-08-09,8,May-Sep,8,12.1,12-<15,29.5,17.4,-0.753,1.6586,2,-0.9998,1.0106,2,0.0655,0.4285,3,-1.7278,14.7542,14.7542,0.0
2023-08-10,8,May-Sep,7,13.8,12-<15,32.2,18.4,-1.6067,2.1199,2,-2.1599,2.2647,1,0.4876,0.4876,3,-2.5576,14.7567,14.7567,0.0
2023-08-11,8,May-Sep,8,15.2,15-<18,36.0,20.8,-0.4887,1.8318,2,-2.6931,2.7738,2,0.4793,0.5615,3,0.3616,14.7592,14.7592,0.0
2023-08-12,8,May-Sep,8,22.0,>=20,36.0,14.0,1.9412,5.2685,2,-1.8191,3.2305,2,8.6313,8.7693,3,-0.8195,11.7619,14.7619,3.0
2023-08-13,8,May-Sep,8,14.9,12-<15,28.9,14.0,1.509,3.0278,2,-1.0366,1.6491,2,4.6849,4.7118,3,0.1032,14.765,14.765,0.0
2023-08-14,8,May-Sep,8,12.9,12-<15,24.0,11.1,2.7218,5.5588,2,-1.6117,3.0704,2,7.8959,7.9063,3,1.2444,2.7681,14.7681,-12.0
2023-08-15,8,May-Sep,8,6.4,<8,17.5,11.1,-0.3985,0.7536,2,-0.6225,0.7083,2,0.1232,0.4874,3,-0.8935,17.7714,14.7714,-3.0
2023-08-16,8,May-Sep,8,11.9,10-<12,24.0,12.1,-0.392,1.3843,2,0.3377,0.8314,2,0.1943,0.7229,3,-1.6397,14.7747,14.7747,0.0
2023-08-17,8,May-Sep,8,14.0,12-<15,26.5,12.5,-1.5951,2.1403,2,-2.3903,2.4676,2,-0.1364,0.5429,3,-2.7627,14.7783,14.7783,0.0
2023-08-18,8,May-Sep,8,12.6,12-<15,28.2,15.6,-0.9404,1.6183,2,-1.1213,1.195,2,0.2915,0.354,3,-2.0203,14.7822,14.7822,0.0
2023-08-19,8,May-Sep,8,13.3,12-<15,29.7,16.4,-2.0463,2.6189,2,-3.6721,3.7096,2,0.0932,0.1388,3,-2.631,14.7861,14.7861,0.0
2023-08-20,8,May-Sep,8,11.4,10-<12,31.1,19.7,0.2101,0.591,2,-0.3638,0.4446,2,0.653,0.7461,3,0.0413,14.7903,14.7903,0.0
2023-08-21,8,May-Sep,8,11.2,10-<12,31.1,19.9,0.4296,1.2007,2,-0.8183,0.9657,2,1.9597,1.9778,3,0.0829,14.7944,14.7944,0.0
2023-08-22,8,May-Sep,8,11.4,10-<12,31.2,19.8,-0.3638,0.6992,2,-0.9826,1.0949,2,0.1917,0.2159,3,-0.2988,14.7986,14.7986,0.0
2023-08-23,8,May-Sep,8,11.1,10-<12,31.2,20.1,1.581,2.6636,2,-0.2593,0.5979,2,3.8547,3.9448,3,0.5152,17.8031,14.8031,-3.0
2023-08-26,8,May-Sep,8,14.3,12-<15,34.5,20.2,-0.2213,0.8561,2,-0.8767,1.2736,2,0.531,0.5549,3,-0.1861,14.8175,14.8175,0.0
2023-08-27,8,May-Sep,8,14.9,12-<15,35.2,20.3,-1.7935,2.4415,2,-3.9059,4.1716,2,0.134,0.1461,3,-1.8599,14.8225,14.8225,0.0
2023-08-28,8,May-Sep,7,16.5,15-<18,35.2,18.7,2.7994,5.2823,2,-3.5163,3.6065,2,7.8708,7.8773,2,3.2891,8.8275,14.8275,6.0
2023-08-29,8,May-Sep,7,11.8,10-<12,29.6,17.8,4.3645,5.4474,2,1.7887,2.6491,2,8.1212,8.135,2,1.9305,14.8328,14.8328,0.0
2023-08-30,8,May-Sep,7,8.8,8-<10,26.9,18.1,-0.2619,0.5628,2,-0.277,0.6785,2,0.1639,0.2106,3,-0.5357,14.8381,14.8381,0.0
2023-08-31,8,May-Sep,7,14.4,12-<15,32.9,18.5,0.3363,0.5773,2,-0.2156,0.362,1,0.294,0.294,3,0.7191,14.8433,14.8433,0.0
2023-09-01,9,May-Sep,8,14.4,12-<15,32.9,18.5,2.7954,3.8961,2,-0.328,0.5108,2,6.4732,6.6629,3,2.6147,11.8489,14.8489,3.0
2023-09-02,9,May-Sep,8,11.1,10-<12,28.5,17.4,1.123,2.0069,2,0.5468,0.7435,2,3.3399,3.3693,3,-0.4192,14.8544,14.8544,0.0
2023-09-03,9,May-Sep,8,11.9,10-<12,29.3,17.4,-0.8139,1.31,2,-1.0907,1.145,2,0.3773,0.3956,3,-1.8389,14.8603,14.8603,0.0
2023-09-04,9,May-Sep,8,14.7,12-<15,29.3,14.6,0.2697,4.7248,2,-4.5515,4.5583,2,6.4741,6.8635,3,-0.2836,11.8658,14.8658,3.0
2023-09-05,9,May-Sep,8,16.2,15-<18,28.0,11.8,6.1988,8.6162,2,0.8054,3.4733,2,13.2085,13.3288,3,3.0513,2.8717,14.8717,-12.0
2023-09-06,9,May-Sep,8,11.4,10-<12,22.8,11.4,-0.5288,1.1659,2,-0.8783,1.2881,2,0.0888,0.2263,3,-1.0512,14.8778,14.8778,0.0
2023-09-07,9,May-Sep,8,13.5,12-<15,25.0,11.5,-1.6804,2.3865,2,-2.3445,2.3861,2,0.0301,0.1694,3,-3.0206,14.8836,14.8836,0.0
2023-09-08,9,May-Sep,8,13.6,12-<15,27.2,13.6,-1.1889,1.9413,2,-1.8356,1.8513,2,1.3632,1.4114,3,-2.2641,11.8897,14.8897,3.0
2023-09-09,9,May-Sep,8,11.8,10-<12,27.2,15.4,-0.0396,1.0152,2,-0.9757,1.124,2,1.1354,1.16,3,-0.5862,14.8956,14.8956,0.0
2023-09-10,9,May-Sep,8,12.7,12-<15,28.4,15.7,-1.0564,1.4496,2,-1.9486,1.9797,2,0.2601,0.2675,3,-1.5138,14.9017,14.9017,0.0
2023-09-11,9,May-Sep,8,11.2,10-<12,28.7,17.5,-0.5457,1.0925,2,-1.0721,1.2066,2,0.2628,0.5965,3,-1.0873,14.9078,14.9078,0.0
2023-09-12,9,May-Sep,6,13.7,12-<15,28.7,15.0,-1.409,3.7629,2,-5.215,5.2676,1,2.6982,2.6982,2,-0.4556,8.9142,14.9142,6.0
2023-09-13,9,May-Sep,8,15.1,15-<18,28.1,13.0,4.8032,7.1551,2,0.2603,3.7138,2,9.5982,9.8043,3,2.1539,17.9203,14.9203,-3.0
2023-09-14,9,May-Sep,6,7.4,<8,20.3,12.9,0.2214,0.9514,1,0.128,0.128,1,1.7993,1.7993,3,0.1182,11.9264,14.9264,3.0
2023-09-15,9,May-Sep,8,10.7,10-<12,20.3,9.6,2.7108,4.9677,2,0.6334,2.5251,2,6.5672,6.6079,3,-0.3992,2.9325,14.9325,-12.0
2023-09-16,9,May-Sep,8,8.4,8-<10,18.0,9.6,-0.3739,0.8278,2,-1.044,1.1556,2,0.6394,0.683,3,-0.6509,14.9389,14.9389,0.0
2023-09-17,9,May-Sep,8,7.8,<8,18.0,10.2,-0.0821,1.0323,2,-1.1735,1.4894,2,1.0304,1.0822,3,0.02,14.945,14.945,0.0
2023-09-18,9,May-Sep,7,10.9,10-<12,20.8,9.9,-0.3055,0.8464,2,-0.7079,1.0776,1,0.3995,0.3995,3,-0.553,14.9511,14.9511,0.0
2023-09-19,9,May-Sep,6,14.0,12-<15,24.0,10.0,-0.6092,1.2776,2,-1.7486,1.8142,2,0.465,0.4663,1,-1.589,14.9572,14.9572,0.0
2023-09-27,9,May-Sep,8,12.4,12-<15,19.3,6.9,-0.8245,2.7645,2,-3.274,3.3593,2,2.4146,2.4174,3,-1.9035,15.005,15.005,0.0
2023-09-28,9,May-Sep,6,11.5,10-<12,19.6,8.1,-0.1849,0.7354,2,-0.7094,1.1209,1,0.4,0.4,2,0.2622,15.0106,15.0106,0.0
2023-09-29,9,May-Sep,7,11.5,10-<12,19.6,8.1,-0.6299,0.9986,2,-1.4726,1.5356,2,0.4136,0.4139,2,-0.8352,15.0161,15.0161,0.0
2023-09-30,9,May-Sep,8,10.5,10-<12,19.8,9.3,-1.1561,1.5543,2,-2.024,2.0572,2,0.2932,0.3587,3,-1.7456,15.0217,15.0217,0.0
2023-10-01,10,Other,8,9.6,8-<10,19.8,10.2,0.7963,1.4046,2,-0.3045,0.3315,2,2.1161,2.1396,3,0.4144,15.0272,15.0272,0.0
2023-10-02,10,Other,8,11.9,10-<12,20.7,8.8,-0.1078,0.4859,2,-0.4385,0.7624,2,0.4261,0.4825,3,-0.2428,15.0325,15.0325,0.0
2023-10-03,10,Other,7,11.9,10-<12,20.7,8.8,-1.1902,1.36,2,-1.7531,1.7863,1,0.0212,0.0212,3,-1.4436,12.0375,12.0375,0.0
2023-10-04,10,Other,8,9.8,8-<10,20.3,10.5,-0.3927,1.2473,2,-1.7028,1.7037,2,1.3576,1.365,3,-0.9012,15.0425,15.0425,0.0
2023-10-05,10,Other,7,10.0,10-<12,20.5,10.5,-0.2418,0.8752,2,-0.8785,1.3534,1,-0.0005,0.0005,3,0.0513,15.0475,15.0475,0.0
2023-10-06,10,Other,6,12.9,12-<15,22.9,10.0,-0.0198,0.5623,2,-0.3167,0.6308,2,0.5612,0.6678,1,-0.1922,15.0522,15.0522,0.0
2023-10-07,10,Other,8,12.9,12-<15,22.9,10.0,0.5198,1.7287,2,-1.2832,1.3492,2,2.8954,2.8973,3,-0.2808,15.0569,15.0569,0.0
2023-10-08,10,Other,8,9.9,8-<10,21.0,11.1,-0.7113,1.2264,2,-1.935,1.9748,2,0.5487,0.6028,3,-0.7094,15.0614,15.0614,0.0
2023-10-09,10,Other,8,9.3,8-<10,21.0,11.7,0.3878,1.1981,2,-0.7042,1.1053,2,1.8015,1.8129,3,0.0981,15.0658,15.0658,0.0
2023-10-10,10,Other,8,8.4,8-<10,20.0,11.6,-0.2153,0.8105,2,-0.7247,0.9747,2,0.7387,0.8596,3,-0.307,15.07,15.07,0.0
2023-10-11,10,Other,8,10.5,10-<12,21.6,11.1,-0.014,0.7005,2,-0.6201,0.8016,2,0.6491,0.7901,3,0.283,15.0742,15.0742,0.0
2023-10-12,10,Other,8,14.8,12-<15,25.7,10.9,-0.238,1.3545,2,-0.1912,0.5379,2,0.4119,0.4274,3,-0.4102,15.0781,15.0781,0.0
2023-10-13,10,Other,7,14.7,12-<15,25.7,11.0,-2.1254,4.5974,2,-6.6793,6.7263,2,2.0076,2.0186,2,-2.7634,15.0817,15.0817,0.0
2023-10-14,10,Other,8,16.6,15-<18,24.1,7.5,1.0548,3.8073,2,-2.327,2.3609,2,6.1284,6.1547,3,-0.7982,12.0853,15.0853,3.0
2023-10-15,10,Other,8,13.0,12-<15,18.3,5.3,2.8945,4.6431,2,0.1919,1.527,2,6.9214,6.9454,3,0.3814,15.0886,15.0886,0.0
2023-10-16,10,Other,8,6.7,<8,11.4,4.7,-0.3768,1.1374,2,-1.1302,1.6684,2,0.7316,0.8037,3,-0.4223,12.0917,15.0917,3.0
2023-10-17,10,Other,8,8.8,8-<10,12.1,3.3,-0.5577,1.1396,2,-1.2424,1.8015,2,0.5324,0.5816,3,-0.9644,15.0947,15.0947,0.0
2023-10-18,10,Other,7,10.7,10-<12,14.2,3.5,-0.4066,0.9773,2,-1.4439,1.6843,2,0.453,0.52,2,-0.1751,15.0975,15.0975,0.0
2023-10-19,10,Other,8,10.8,10-<12,15.0,4.2,-0.8076,1.4653,2,-2.3438,2.6216,2,0.5317,0.7537,3,-0.598,15.1003,15.1003,0.0
2023-10-20,10,Other,8,10.7,10-<12,15.5,4.8,-0.036,0.6116,2,-0.327,0.5635,2,0.5845,0.701,3,0.1102,15.1025,15.1025,0.0
2023-10-21,10,Other,8,11.9,10-<12,16.7,4.8,-1.4275,2.2058,2,-3.8026,3.9804,2,0.4827,0.5172,3,-1.1693,15.1047,15.1047,0.0
2023-10-22,10,Other,8,13.1,12-<15,20.7,7.6,-0.9956,1.69,2,-0.7823,0.9281,2,0.1294,0.1335,3,-1.7149,15.1067,15.1067,0.0
2023-10-23,10,Other,7,12.8,12-<15,20.7,7.9,-2.1153,4.677,2,-4.7502,5.3389,2,2.7053,2.7134,2,-6.1242,15.1086,15.1086,0.0
2023-10-24,10,Other,8,13.7,12-<15,18.8,5.1,2.25,4.2843,2,-0.7821,1.8446,2,6.6864,6.7141,3,0.3491,15.1103,15.1103,0.0
2023-10-25,10,Other,8,9.5,8-<10,13.8,4.3,-0.0838,0.4256,2,-0.3472,0.5011,2,0.3396,0.3682,3,-0.0012,15.1117,15.1117,0.0
2023-10-26,10,Other,8,12.9,12-<15,17.2,4.3,-0.0091,1.1506,2,-1.499,1.6678,2,1.2154,1.3641,3,0.4409,15.1128,15.1128,0.0
2023-10-27,10,Other,8,13.0,12-<15,18.0,5.0,0.5657,1.6082,2,-1.6563,1.6687,2,2.5446,2.5567,3,0.6704,15.1136,15.1136,0.0
2023-10-28,10,Other,8,14.0,12-<15,18.0,4.0,2.751,4.6612,2,-0.6309,1.3458,2,7.2121,7.2357,3,0.6403,15.1144,15.1144,0.0
2023-10-29,10,Other,7,6.8,<8,10.3,3.5,0.2912,1.3122,1,0.2362,0.2362,2,2.0517,2.151,3,-0.4151,12.115,15.115,3.0
2023-10-30,10,Other,8,13.7,12-<15,17.2,3.5,-1.3786,1.8602,2,-2.6238,2.6402,2,-0.1168,0.2424,3,-1.9,15.115,15.115,0.0
2023-10-31,10,Other,8,16.3,15-<18,21.4,5.1,-2.3061,3.4379,2,-5.5775,5.8186,2,-0.502,0.9417,3,-1.1335,15.1153,15.1153,0.0
2023-11-01,11,Other,8,16.8,15-<18,21.4,4.6,4.0853,5.776,2,-0.2369,1.2806,2,9.3262,9.3501,3,2.3382,15.115,15.115,0.0
2023-11-02,11,Other,8,7.0,<8,11.9,4.9,0.6717,0.9961,2,-0.2281,0.3148,2,1.4615,1.6491,3,0.7456,15.1147,15.1147,0.0
2023-11-03,11,Other,8,14.8,12-<15,14.8,0.0,-1.9287,3.3014,2,-4.7227,4.7344,2,1.5644,1.6333,3,-2.5565,15.1139,15.1139,0.0
2023-11-04,11,Other,8,18.1,18-<20,14.8,-3.3,3.8404,6.1116,2,0.8955,1.435,2,10.1357,10.164,3,0.2688,15.1131,15.1131,0.0
2023-11-05,11,Other,8,8.5,8-<10,5.2,-3.3,-0.24,1.0645,2,-1.2675,1.3972,2,0.9595,1.1659,3,-0.2776,15.1119,15.1119,0.0
2023-11-06,11,Other,8,9.4,8-<10,6.6,-2.8,-0.4523,1.4165,2,-1.9652,2.4865,2,0.7402,0.9181,3,-0.0991,15.1108,15.1108,0.0
2023-11-07,11,Other,7,11.8,10-<12,9.8,-2.0,-0.592,1.3755,2,-2.0227,2.2464,2,0.8768,0.9558,2,-0.7804,15.1092,15.1092,0.0
2023-11-08,11,Other,8,10.5,10-<12,9.8,-0.7,-0.3324,2.0556,2,-2.7111,2.9729,2,2.4908,2.5218,3,-0.5623,12.1075,15.1075,3.0
2023-11-09,11,Other,8,8.1,8-<10,8.4,0.3,0.5592,1.225,2,-0.6828,0.9789,2,2.0488,2.0543,3,0.4918,15.1056,15.1056,0.0
2023-11-10,11,Other,7,8.2,8-<10,8.5,0.3,-1.4442,2.3407,1,-4.5738,4.5738,2,0.7332,0.868,3,-1.8783,12.1033,15.1033,3.0
2023-11-11,11,Other,8,8.7,8-<10,8.5,-0.2,1.7676,3.7188,2,-0.4915,1.445,2,5.4157,5.5227,3,-0.2064,0.1008,15.1008,-9.0
2023-11-12,11,Other,8,6.8,<8,5.1,-1.7,-0.0867,1.6907,2,-1.7361,2.0097,2,2.3617,2.5055,3,-0.3193,12.0981,15.0981,3.0
2023-11-13,11,Other,8,6.8,<8,5.1,-1.7,0.6091,2.2752,2,-1.8495,1.854,2,3.8101,3.8117,3,-0.2502,12.0953,15.0953,3.0
2023-11-14,11,Other,8,5.1,<8,4.0,-1.1,0.16,1.0565,2,-0.8097,0.894,2,0.9814,1.0213,3,-0.1107,15.0922,15.0922,0.0
2023-11-15,11,Other,7,10.5,10-<12,7.3,-3.2,-0.5754,1.5239,2,-1.8556,2.447,2,0.7214,0.7255,2,-0.1068,12.0889,15.0889,3.0
2023-11-16,11,Other,8,10.1,10-<12,7.3,-2.8,0.7758,2.0907,2,-1.4712,1.7779,2,3.0223,3.0674,3,0.526,15.0853,15.0853,0.0
2023-11-17,11,Other,8,11.0,10-<12,8.5,-2.5,-0.2808,2.6032,2,-3.2925,3.9946,2,2.6522,2.7095,3,0.3429,12.0817,15.0817,3.0
2023-11-18,11,Other,8,9.9,8-<10,8.5,-1.4,0.4502,2.1772,2,-1.5329,2.0488,2,3.7957,3.8008,3,-0.0874,12.0778,15.0778,3.0
2023-11-19,11,Other,8,9.7,8-<10,8.3,-1.4,-1.1941,1.8809,2,-3.2737,3.3468,2,0.5711,0.6328,3,-1.0715,15.0736,15.0736,0.0
2023-11-20,11,Other,8,8.8,8-<10,8.3,-0.5,1.5775,4.0287,2,-1.7864,1.7866,2,6.4889,6.6622,3,-0.5149,0.0694,15.0694,-9.0
2023-11-21,11,Other,8,6.1,<8,4.4,-1.7,0.5555,1.7243,2,-0.7288,1.0815,2,2.8448,2.8966,3,0.2791,12.0647,15.0647,3.0
2023-11-22,11,Other,8,6.6,<8,4.4,-2.2,1.5475,2.3917,2,-0.491,0.5682,2,4.0285,4.0376,3,0.9195,12.06,15.06,3.0
2023-11-23,11,Other,8,5.5,<8,1.3,-4.2,0.2219,1.3903,2,-0.5615,0.8287,2,1.9236,2.1136,3,-0.8481,18.0553,15.0553,-3.0
2023-11-24,11,Other,8,12.3,12-<15,8.1,-4.2,-1.328,2.5557,2,-4.2202,4.2209,2,1.1755,1.2075,3,-1.665,15.05,15.05,0.0
2023-11-25,11,Other,8,10.9,10-<12,8.7,-2.2,-0.0246,2.7719,2,0.2244,0.3946,2,1.2606,1.7831,3,-2.2806,15.0447,15.0447,0.0
2023-11-27,11,Other,4,8.0,8-<10,6.3,-1.7,5.0278,5.257,0,,,2,6.1941,6.26,1,2.7782,12.0339,15.0339,3.0
2023-11-28,11,Other,8,6.5,<8,2.9,-3.6,-0.23,1.1256,2,-0.0262,0.7689,2,1.2426,1.3559,3,-1.0241,12.0281,15.0281,3.0
2023-11-29,11,Other,8,6.5,<8,2.9,-3.6,0.9667,2.1729,2,-0.8384,0.876,2,3.2931,3.3681,3,-0.1545,15.0222,15.0222,0.0
2023-11-30,11,Other,8,4.9,<8,0.7,-4.2,0.4148,1.1966,2,0.0143,0.281,2,2.0046,2.0276,3,-0.065,12.0161,15.0161,3.0
2023-12-01,12,Other,8,5.7,<8,1.4,-4.3,0.2989,1.1674,2,-0.5785,0.5982,2,1.9,1.9646,3,0.3278,12.0097,15.0097,3.0
2023-12-02,12,Other,9,8.2,8-<10,3.9,-4.3,0.5455,2.3009,2,-2.1365,2.1375,2,3.6722,3.7024,4,0.8294,12.0033,15.0033,3.0
2023-12-03,12,Other,8,14.9,12-<15,10.7,-4.2,0.4989,1.9991,2,-0.0705,0.5016,2,3.2438,3.3308,3,-0.2499,11.9969,14.9969,3.0
2023-12-04,12,Other,7,14.9,12-<15,10.7,-4.2,2.8439,6.3862,1,-7.4239,7.4239,2,8.4964,8.6285,3,0.5237,8.9903,14.9903,6.0
2023-12-05,12,Other,8,12.6,12-<15,8.6,-4.0,2.1992,3.5702,2,-0.8958,1.2132,2,6.0503,6.0522,3,2.0161,11.9836,14.9836,3.0
2023-12-06,12,Other,8,9.7,8-<10,5.2,-4.5,1.2602,3.176,2,-0.1817,0.2979,2,4.3821,4.4254,3,-0.5629,23.9697,14.9767,-8.993
2023-12-07,12,Other,8,9.5,8-<10,5.2,-4.3,0.4071,3.7502,2,-3.5619,3.6649,2,5.1603,5.1715,3,-0.1149,11.9697,14.9697,3.0
2023-12-08,12,Other,8,8.7,8-<10,2.5,-6.2,1.6194,3.0758,2,-1.3337,1.4147,2,5.1169,5.1925,3,0.963,11.9625,14.9625,3.0
2023-12-09,12,Other,8,6.4,<8,-1.8,-8.2,1.6331,2.737,2,-0.8564,0.8647,2,4.418,4.4442,3,1.0148,2.9556,14.9556,-12.0
2023-12-10,12,Other,8,3.3,<8,-5.8,-9.1,0.3399,0.9718,2,-0.4763,0.5877,2,1.5219,1.5221,3,0.4374,11.9481,14.9481,3.0
2023-12-11,12,Other,6,4.3,<8,-5.8,-10.1,1.0585,1.6236,2,-0.3147,0.3554,2,2.4434,2.4568,1,1.8529,11.9408,14.9408,3.0
2023-12-12,12,Other,6,5.5,<8,-7.1,-12.6,-0.2043,1.4368,2,-1.7429,1.7731,1,2.2993,2.2993,2,-0.3737,11.9333,14.9333,3.0
2023-12-13,12,Other,7,11.2,10-<12,-9.0,-20.2,0.4039,4.2251,1,-5.6206,5.6206,2,4.8573,4.8993,3,-1.1699,2.9258,14.9258,-12.0
2023-12-14,12,Other,8,9.8,8-<10,-13.7,-23.5,0.3646,2.6926,2,-2.5397,2.7113,2,4.1908,4.2196,3,-0.0316,11.9183,14.9183,3.0
2023-12-15,12,Other,7,10.3,10-<12,-15.3,-25.6,3.1117,4.1696,1,-0.5814,0.5814,2,6.5301,6.5469,3,1.8827,11.9106,14.9106,3.0
2023-12-16,12,Other,8,9.7,8-<10,-15.9,-25.6,-0.3709,2.5891,2,-3.0697,3.4073,2,2.9104,2.9116,3,-0.6515,11.9031,14.9031,3.0
2023-12-17,12,Other,8,13.6,12-<15,-10.1,-23.7,-1.2561,3.2039,2,-4.702,4.7728,2,2.967,3.0043,3,-1.2601,11.8953,14.8953,3.0
2023-12-18,12,Other,8,12.8,12-<15,-10.1,-22.9,2.2344,4.5232,2,-2.513,2.5431,2,7.5739,7.5807,3,1.6158,11.8875,14.8875,3.0
2023-12-19,12,Other,7,6.8,<8,-16.1,-22.9,-0.4559,1.8087,2,-1.8654,2.475,1,2.3806,2.3806,3,-0.574,11.8797,17.8797,6.0
2023-12-20,12,Other,8,10.8,10-<12,-11.7,-22.5,-2.555,3.5242,2,-5.2996,5.3425,2,0.8366,2.0377,3,-2.8168,11.8719,14.8719,3.0
2023-12-21,12,Other,8,14.7,12-<15,-3.3,-18.0,-2.7796,4.1834,2,-6.0965,6.2742,2,1.8506,2.4854,3,-3.4182,14.8639,14.8639,0.0
2023-12-22,12,Other,8,12.4,12-<15,-3.3,-15.7,0.8927,3.7344,2,-2.8325,2.8482,2,5.6954,5.821,3,1.089,11.8561,14.8561,3.0
2023-12-23,12,Other,8,11.2,10-<12,-5.0,-16.2,2.8634,4.4032,2,0.1942,0.4527,2,7.6508,7.6969,3,0.6131,23.8406,14.8483,-8.9923
2023-12-24,12,Other,8,9.4,8-<10,-6.8,-16.2,-1.7983,2.706,2,-4.008,4.1604,2,1.0299,1.0426,3,-2.0048,11.8406,14.8406,3.0
2023-12-25,12,Other,8,12.9,12-<15,0.1,-12.8,-1.7198,3.2729,2,-3.483,3.5039,2,2.7502,2.8285,3,-3.1502,11.8328,14.8328,3.0
2023-12-26,12,Other,8,13.5,12-<15,0.1,-13.4,0.4003,4.2097,2,-1.1599,2.1352,2,6.4322,6.442,3,-2.4704,11.825,14.825,3.0
2023-12-27,12,Other,8,14.2,12-<15,0.8,-13.4,-2.5238,4.5063,2,-7.3815,7.4023,2,1.8027,2.2326,3,-2.3609,14.8172,14.8172,0.0
2023-12-28,12,Other,8,14.4,12-<15,2.8,-11.6,-2.35,4.2595,2,-5.9779,6.3238,2,1.8353,2.3382,3,-2.197,11.8094,14.8094,3.0
2023-12-29,12,Other,8,12.3,12-<15,2.8,-9.5,2.7859,6.145,2,-2.4876,3.8518,2,9.5988,9.7132,3,0.2947,5.8019,14.8019,9.0
2023-12-30,12,Other,8,7.9,<8,-1.6,-9.5,-2.8294,3.4538,2,-5.1593,5.2357,2,-0.01,0.6,3,-3.3882,11.7942,14.7942,3.0
2023-12-31,12,Other,8,7.4,<8,-1.6,-9.0,-1.756,3.0328,2,-5.0358,5.0425,2,0.4546,0.7022,3,-1.3985,14.7867,14.7867,0.0
2024-01-01,1,Other,8,13.2,12-<15,4.2,-9.0,0.2767,2.3235,2,-2.2526,2.417,2,2.3599,2.4558,3,1.6722,11.7792,14.7792,3.0
2024-01-02,1,Other,8,14.8,12-<15,4.2,-10.6,4.8047,6.5751,2,-0.0254,0.0451,2,10.7752,10.8419,3,2.78,14.7719,14.7719,0.0
2024-01-03,1,Other,7,8.4,8-<10,-2.2,-10.6,-1.4696,2.2649,2,-3.6892,4.0415,1,0.386,0.386,3,-0.8634,14.7644,14.7644,0.0
2024-01-04,1,Other,8,10.7,10-<12,-2.2,-12.9,1.0573,4.1998,2,-3.7262,3.7279,2,5.9289,6.0208,3,1.1498,11.7572,14.7572,3.0
2024-01-05,1,Other,8,10.9,10-<12,-3.7,-14.6,2.0708,3.623,2,-1.9154,1.9188,2,5.6615,5.6704,3,1.6121,14.75,14.75,0.0
2024-01-06,1,Other,8,7.0,<8,-7.9,-14.9,-0.3201,2.2739,2,-1.6554,1.69,2,3.0265,3.0268,3,-1.7017,20.7431,14.7431,-6.0
2024-01-07,1,Other,8,15.7,15-<18,0.8,-14.9,-2.1531,4.8909,2,-5.9733,7.0453,2,3.9623,4.4868,3,-3.2638,11.7361,14.7361,3.0
2024-01-08,1,Other,8,15.6,15-<18,0.8,-14.8,-0.3167,6.233,2,-8.5737,8.5738,2,5.3834,5.431,3,-0.0221,14.7292,14.7292,0.0
2024-01-09,1,Other,7,19.7,18-<20,4.9,-14.8,-1.4147,5.1178,2,-2.7621,3.5581,2,3.7679,3.8347,3,-3.9714,14.7225,14.7225,0.0
2024-01-10,1,Other,8,18.1,18-<20,4.9,-13.2,-2.1882,5.7912,2,-8.1339,8.1349,2,6.1141,6.22,3,-3.94,11.7161,14.7161,3.0
2024-01-11,1,Other,5,18.7,18-<20,5.5,-13.2,-3.42,7.432,1,-4.113,4.113,2,3.8567,4.7062,2,-10.3502,20.7094,14.7094,-6.0
2024-01-12,1,Other,8,18.7,18-<20,5.5,-13.2,0.0226,7.5827,2,-10.3334,10.4205,2,9.6182,9.7915,3,-1.0197,5.7033,14.7033,9.0
2024-01-13,1,Other,8,9.4,8-<10,0.3,-9.1,3.4117,4.7291,2,-0.5584,0.6478,2,7.7845,7.8605,3,2.4239,5.6969,14.6969,9.0
2024-01-14,1,Other,8,4.4,<8,-5.6,-10.0,-0.4661,0.7623,2,-1.1167,1.2476,2,-0.096,0.4932,3,-0.2595,14.6911,14.6911,0.0
2024-01-15,1,Other,8,4.5,<8,-5.5,-10.0,-0.9581,1.7526,2,-2.6079,2.6469,2,0.4956,0.8508,3,-1.5622,17.6853,14.6853,-3.0
2024-01-16,1,Other,8,4.2,<8,-5.0,-9.2,-0.4115,1.2373,2,-2.0206,2.1916,2,0.882,0.882,3,-0.2172,11.6794,14.6794,3.0
2024-01-17,1,Other,8,5.9,<8,-5.0,-10.9,-0.332,2.1357,2,-3.3226,3.3326,2,2.2464,2.2525,3,-0.3104,5.6739,14.6739,9.0
2024-01-18,1,Other,8,5.7,<8,-6.8,-12.5,0.3964,1.7158,2,-1.7283,1.7823,2,2.0724,2.1843,3,0.8976,14.6686,14.6686,0.0
2024-01-19,1,Other,8,8.1,8-<10,-7.6,-15.7,1.3589,3.1327,2,-1.6847,1.6848,2,5.1136,5.1248,3,0.9137,11.6633,14.6633,3.0
2024-01-20,1,Other,8,9.7,8-<10,-9.6,-19.3,1.3623,3.0446,2,-1.1825,1.3754,2,5.2449,5.2549,3,0.4585,11.6583,14.6583,3.0
2024-01-21,1,Other,8,6.9,<8,-12.4,-19.3,-0.707,1.6522,2,-2.5888,2.6709,2,1.3043,1.324,3,-0.5753,11.6533,14.6533,3.0
2024-01-22,1,Other,8,5.8,<8,-11.5,-17.3,0.2402,1.2691,2,-0.0975,0.3214,2,2.1271,2.1278,3,-0.4694,11.6486,14.6486,3.0
2024-01-23,1,Other,8,6.9,<8,-11.5,-18.4,0.4886,2.6156,2,-1.3722,1.3791,2,4.0636,4.1595,3,-0.2405,11.6442,14.6442,3.0
2024-01-24,1,Other,8,8.5,8-<10,-9.9,-18.4,0.183,2.0816,2,-1.9621,2.2546,2,2.4988,2.7847,3,0.8711,11.64,14.64,3.0
2024-01-25,1,Other,8,8.7,8-<10,-9.9,-18.6,1.3888,2.5234,2,-0.5879,0.7375,2,4.2336,4.3423,3,1.2315,11.6358,14.6358,3.0
2024-01-26,1,Other,8,9.3,8-<10,-9.3,-18.6,-0.5413,2.1196,2,-2.3864,2.4542,2,1.8769,2.4098,3,-0.7888,14.6319,14.6319,0.0
2024-01-27,1,Other,8,8.5,8-<10,-9.3,-17.8,-0.0256,1.8306,2,-1.577,2.1898,2,2.0666,2.0666,3,-0.0607,11.6283,14.6283,3.0
2024-01-28,1,Other,8,8.5,8-<10,-9.3,-17.8,-0.7574,2.0723,2,-3.2647,3.3624,2,1.8726,1.9679,3,-0.6271,11.6247,14.6247,3.0
2024-01-29,1,Other,8,8.7,8-<10,-8.4,-17.1,-0.5756,2.8029,2,-4.2378,4.8148,2,2.1582,2.1778,3,0.5995,11.6214,14.6214,3.0
2024-01-30,1,Other,8,9.3,8-<10,-5.8,-15.1,0.5089,2.2799,2,-1.981,2.2941,2,3.2532,3.3476,3,1.1121,11.6183,14.6183,3.0
2024-01-31,1,Other,8,11.0,10-<12,-3.6,-14.6,0.3701,3.2809,2,-3.641,3.7079,2,4.4379,4.464,3,0.3199,11.6156,14.6156,3.0
2024-02-01,2,Other,7,11.9,10-<12,-3.6,-15.5,1.0177,3.4747,1,-4.2126,4.2126,2,3.7056,4.2362,3,2.1551,11.6128,14.6128,3.0
2024-02-02,2,Other,8,11.4,10-<12,-4.1,-15.5,-1.9983,3.4475,2,-3.274,3.469,2,1.864,2.3254,3,-3.428,11.6103,14.6103,3.0
2024-02-03,2,Other,8,9.5,8-<10,-4.3,-13.8,-1.1748,4.0908,2,-5.3537,5.3537,2,3.1602,3.1746,3,-1.5961,2.6081,14.6081,-12.0
2024-02-04,2,Other,8,10.4,10-<12,-4.9,-15.3,0.2845,1.7252,2,-0.7147,1.1728,2,2.5786,2.7381,3,-0.0615,11.6061,14.6061,3.0
2024-02-05,2,Other,8,10.6,10-<12,-4.7,-15.3,-0.568,2.2863,2,-2.9295,2.9808,2,2.0667,2.2196,3,-0.236,11.6044,14.6044,3.0
2024-02-06,2,Other,8,9.0,8-<10,-4.7,-13.7,2.6228,3.363,2,0.4055,0.5464,2,5.3792,5.3824,3,1.7522,14.6028,14.6028,0.0
2024-02-07,2,Other,8,7.3,<8,-7.1,-14.4,0.3663,1.4153,2,-0.5737,1.0067,2,1.949,1.9855,3,0.6441,11.6014,14.6014,3.0
2024-02-08,2,Other,8,10.5,10-<12,-3.9,-14.4,-1.1257,3.5121,2,-1.0293,1.4119,2,1.4494,2.1648,3,-4.2694,20.6003,14.6003,-6.0
2024-02-09,2,Other,8,17.8,15-<18,4.0,-13.8,-0.8521,5.9555,2,-7.5056,7.5057,2,6.417,6.6356,3,-0.1621,11.5992,14.5992,3.0
2024-02-10,2,Other,8,16.8,15-<18,4.0,-12.8,0.7608,2.3605,2,-0.5122,0.8718,2,3.9238,3.9346,3,-0.6627,14.5986,14.5986,0.0
2024-02-12,2,Other,8,17.8,15-<18,11.6,-6.2,3.4287,9.1104,2,-4.3503,5.5364,2,13.7062,13.7443,3,0.4621,2.5978,14.5978,-12.0
2024-02-13,2,Other,7,12.2,12-<15,2.4,-9.8,2.5849,4.7411,2,-1.8104,1.8862,2,6.9323,6.9324,2,1.9835,14.5978,14.5978,0.0
2024-02-14,2,Other,4,7.4,<8,-3.8,-11.2,2.2319,2.974,1,-0.6635,0.6635,1,4.4845,4.4845,2,2.5534,17.5978,17.5978,0.0
2024-02-15,2,Other,7,18.7,18-<20,7.5,-11.2,-1.6663,7.1028,2,-6.1503,6.9294,1,5.3032,5.3032,3,-4.3484,23.5986,17.5981,-6.0005
2024-02-16,2,Other,6,21.1,>=20,9.2,-11.9,1.6863,9.1943,1,-15.3599,15.3599,2,9.1143,9.2207,2,6.0892,11.5986,14.5986,3.0
2024-02-18,2,Other,8,9.8,8-<10,-14.9,-24.7,0.5273,3.5465,2,-3.5429,3.8358,2,4.3888,4.4659,3,0.9687,11.6003,14.6003,3.0
2024-02-19,2,Other,8,8.6,8-<10,-16.1,-24.7,0.8347,1.5963,2,-0.7039,0.9749,2,2.7506,2.7927,3,0.6109,14.6017,14.6017,0.0
2024-02-20,2,Other,8,7.9,<8,-16.5,-24.4,-0.1299,1.7206,2,-2.3639,2.5669,2,1.7175,1.9149,3,0.3682,14.6031,14.6031,0.0
2024-02-21,2,Other,8,7.3,<8,-16.5,-23.8,0.5254,1.2295,2,-0.6156,0.8078,2,2.1749,2.1842,3,0.1888,14.6044,14.6044,0.0
2024-02-22,2,Other,8,8.1,8-<10,-15.2,-23.3,-0.1367,0.6979,2,-0.6067,0.8845,2,0.4125,0.4166,3,-0.2775,14.6061,14.6061,0.0
2024-02-23,2,Other,8,9.5,8-<10,-13.5,-23.0,-1.92,2.7573,2,-4.2229,4.2238,2,0.7009,0.7391,3,-2.501,14.6081,14.6081,0.0
2024-02-24,2,Other,8,9.7,8-<10,-9.7,-19.4,-1.3193,2.9271,2,-0.0779,0.3793,2,0.0413,0.6262,3,-3.4119,23.6125,14.6103,-9.0022
2024-02-25,2,Other,8,14.3,12-<15,-5.0,-19.3,-4.1888,5.7193,2,-9.3408,9.3412,2,0.9188,0.934,3,-4.5963,11.6125,14.6125,3.0
2024-02-26,2,Other,8,10.1,10-<12,-5.0,-15.1,1.1457,2.5356,2,-1.6353,1.8832,2,4.0234,4.0767,3,1.2655,11.615,14.615,3.0
2024-02-27,2,Other,8,7.2,<8,-7.9,-15.1,-0.584,1.9484,2,-1.7325,1.8733,2,1.9662,1.9682,3,-1.3887,11.6178,14.6178,3.0
2024-02-28,2,Other,7,11.1,10-<12,-2.8,-13.9,-0.0309,2.2384,1,-2.7739,2.7739,2,2.1084,2.1775,3,0.2175,11.6206,14.6206,3.0
2024-02-29,2,Other,7,11.6,10-<12,-2.8,-14.4,1.9755,3.1856,2,-0.8204,0.9401,2,5.4772,5.4804,2,1.3132,11.6236,14.6236,3.0
2024-03-01,3,Other,8,6.8,<8,-7.0,-13.8,0.597,1.047,2,0.5617,0.904,2,0.9643,1.128,3,0.0196,14.6267,14.6267,0.0
2024-03-02,3,Other,7,10.0,10-<12,-3.8,-13.8,-0.758,1.8016,2,-2.3371,2.629,2,1.22,1.3382,2,-0.744,14.63,14.63,0.0
2024-03-03,3,Other,8,8.7,8-<10,-3.6,-12.3,-1.861,2.5972,2,-3.3948,3.3966,2,0.6781,0.7401,3,-2.6659,11.6336,14.6336,3.0
2024-03-04,3,Other,8,6.7,<8,-2.1,-8.8,-0.2703,1.4783,2,-1.507,2.0201,2,1.0377,1.0974,3,0.0488,11.6372,14.6372,3.0
2024-03-05,3,Other,8,7.6,<8,-1.4,-9.0,-0.0777,1.4274,2,-1.3135,1.7653,2,1.325,1.4741,3,0.2407,11.6408,14.6408,3.0
2024-03-06,3,Other,8,8.9,8-<10,-1.4,-10.3,0.8805,3.1687,2,-2.108,2.2257,2,4.9836,5.0094,3,0.9145,11.6447,14.6447,3.0
2024-03-07,3,Other,8,8.8,8-<10,-1.5,-10.3,-0.047,1.1695,2,-0.653,0.7411,2,1.648,1.7441,3,-0.4185,11.6489,14.6489,3.0
2024-03-08,3,Other,7,12.4,12-<15,2.7,-9.7,-2.0358,3.0869,2,-3.695,3.7424,2,0.0391,0.7305,2,-3.9653,14.6531,14.6531,0.0
2024-03-09,3,Other,8,11.6,10-<12,6.6,-5.0,-0.1668,2.3368,2,-2.3893,2.4558,2,2.8011,3.2407,3,-0.018,11.6572,14.6572,3.0
2024-03-10,3,Other,8,11.6,10-<12,6.6,-5.0,1.8038,2.5581,2,-0.0138,0.0862,2,4.6543,4.6595,3,1.0767,11.6617,14.6617,3.0
2024-03-11,3,Other,7,12.7,12-<15,7.7,-5.0,-1.1418,1.7709,2,-2.7167,2.7192,2,0.7275,0.7671,2,-1.6071,14.6661,14.6661,0.0
2024-03-15,3,Other,7,6.6,<8,0.0,-6.6,-0.4673,2.1381,2,-3.3122,3.3667,2,2.0272,2.0277,2,0.151,11.685,14.685,3.0
2024-03-16,3,Other,8,6.9,<8,0.0,-6.9,0.0091,0.8026,2,-0.098,0.0982,2,0.6074,0.6333,3,-0.7308,14.69,14.69,0.0
2024-03-17,3,Other,8,12.4,12-<15,5.8,-6.6,-1.1702,1.7547,2,-1.9034,2.2759,2,0.0175,0.2602,3,-1.3671,14.695,14.695,0.0
2024-03-18,3,Other,8,12.1,12-<15,6.4,-5.7,-1.8315,2.3163,2,-3.3787,3.4031,2,0.0916,0.2082,3,-2.425,14.7,14.7,0.0
2024-03-19,3,Other,8,14.1,12-<15,11.4,-2.7,-1.5358,3.3627,2,-1.1569,1.2729,2,0.2529,0.4103,3,-3.6296,14.705,14.705,0.0
2024-03-20,3,Other,8,13.7,12-<15,11.4,-2.3,-1.1448,2.9925,2,-3.1976,3.2164,2,2.7341,2.7556,3,-3.0499,14.7103,14.7103,0.0
2024-03-21,3,Other,8,7.3,<8,8.7,1.4,-0.3759,1.7787,2,-2.7048,2.88,2,1.8868,1.9103,3,-0.501,8.7156,14.7156,6.0
2024-03-22,3,Other,8,7.8,<8,10.7,2.9,0.3578,0.7508,2,0.5999,0.8538,2,0.6533,0.705,3,-0.2633,14.7208,14.7208,0.0
2024-03-23,3,Other,8,9.4,8-<10,10.7,1.3,1.8119,3.6204,2,-0.6438,2.514,2,4.8931,4.9019,3,0.2841,14.7261,14.7261,0.0
2024-03-24,3,Other,7,8.2,8-<10,9.2,1.0,0.3916,0.8536,2,-0.0951,0.5215,2,0.2786,0.402,2,0.1892,14.7314,14.7314,0.0
2024-03-25,3,Other,8,12.0,12-<15,13.9,1.9,-0.9529,1.3505,2,-1.7238,1.7351,2,0.2162,0.3444,3,-1.1609,14.7367,14.7367,0.0
2024-03-26,3,Other,6,12.2,12-<15,14.9,2.7,-1.3585,1.9844,2,-1.6625,2.1522,1,0.4848,0.4848,2,-2.4842,14.7419,14.7419,0.0
2024-03-27,3,Other,5,10.7,10-<12,16.1,5.4,-0.2768,0.7736,1,-1.4767,1.4767,2,0.0607,0.1404,1,0.6067,14.7472,14.7472,0.0
2024-04-03,4,Other,7,12.8,12-<15,15.0,2.2,-1.1418,1.7257,2,-0.9069,1.2978,2,0.3822,0.4281,2,-2.7298,14.7842,14.7842,0.0
2024-04-04,4,Other,8,12.6,12-<15,15.0,2.4,2.3334,3.1914,2,0.4752,1.7314,2,4.8979,4.9067,3,1.0827,14.7894,14.7894,0.0
2024-04-05,4,Other,8,9.2,8-<10,12.3,3.1,-0.3054,0.8626,2,-0.9535,1.3123,2,0.3796,0.3798,3,-0.4944,14.7944,14.7944,0.0
2024-04-06,4,Other,8,11.9,10-<12,15.0,3.1,-0.7229,1.2819,2,-1.9263,1.9512,2,0.5496,0.5677,3,-1.121,14.7994,14.7994,0.0
2024-04-07,4,Other,8,13.0,12-<15,17.8,4.8,-1.1253,1.6075,2,-1.7752,1.8642,2,-0.172,0.3146,3,-1.7901,14.8044,14.8044,0.0
2024-04-08,4,Other,8,12.0,12-<15,18.2,6.2,-1.3866,2.0001,2,-2.9144,2.9783,2,0.0972,0.1361,3,-1.9702,14.8094,14.8094,0.0
2024-04-09,4,Other,8,15.7,15-<18,24.3,8.6,-0.5805,1.5873,2,-1.1566,1.5771,2,0.8025,1.0572,3,-1.3933,14.8142,14.8142,0.0
2024-04-10,4,Other,8,18.1,18-<20,24.3,6.2,5.5248,8.1742,2,2.4842,5.4459,2,10.3957,10.5172,3,1.3913,17.8189,14.8189,-3.0
2024-04-11,4,Other,8,11.4,10-<12,17.6,6.2,-0.978,1.5845,2,-2.0351,2.1788,2,0.4435,0.4463,3,-1.5817,14.8236,14.8236,0.0
2024-04-12,4,Other,8,21.2,>=20,21.5,0.3,3.1133,11.8694,2,-11.4326,11.4775,2,18.2471,18.2472,3,1.5245,8.8281,14.8281,6.0
2024-04-13,4,Other,8,21.3,>=20,21.5,0.2,5.6479,7.1315,2,2.4724,3.537,2,10.9445,10.9853,3,2.6107,14.8325,14.8325,0.0
2024-04-14,4,Other,8,14.4,12-<15,14.8,0.4,-2.0748,3.0117,2,-2.2189,2.2202,2,0.0024,0.6912,3,-3.9767,14.8369,14.8369,0.0
2024-04-15,4,Other,8,16.5,15-<18,19.2,2.7,-3.2888,4.079,2,-5.0302,5.0461,2,0.0173,0.576,3,-5.0768,14.8411,14.8411,0.0
2024-04-16,4,Other,8,13.2,12-<15,21.5,8.3,-1.32,1.9205,2,-2.5945,2.6288,2,0.8363,0.8383,3,-2.1459,14.8453,14.8453,0.0
2024-04-17,4,Other,8,12.2,12-<15,21.5,9.3,5.0889,6.712,2,2.0494,3.2618,2,10.454,10.4803,3,2.2784,2.8494,14.8494,-12.0
2024-04-18,4,Other,8,8.9,8-<10,18.0,9.1,0.5526,0.795,2,0.8185,1.1741,2,0.371,0.3918,3,0.2465,14.8533,14.8533,0.0
2024-04-19,4,Other,8,11.5,10-<12,20.7,9.2,-0.7864,1.217,2,-1.7256,1.9099,2,0.254,0.51,3,-0.8852,14.8572,14.8572,0.0
2024-04-20,4,Other,8,12.8,12-<15,23.0,10.2,-1.2085,1.6408,2,-2.3114,2.4834,2,-0.0278,0.4247,3,-1.57,14.8608,14.8608,0.0
2024-04-21,4,Other,8,11.3,10-<12,23.0,11.7,0.1363,1.0841,2,-0.6906,0.9348,2,0.8215,0.8249,3,-0.1455,14.8642,14.8642,0.0
2024-04-22,4,Other,8,12.1,12-<15,23.7,11.6,-0.622,1.0783,2,-1.3898,1.7529,2,-0.0778,0.2852,3,-0.5324,14.8678,14.8678,0.0
2024-04-23,4,Other,8,12.6,12-<15,24.6,12.0,-0.9921,1.4921,2,-2.4575,2.4584,2,0.1427,0.1526,3,-1.067,14.8708,14.8708,0.0
2024-04-24,4,Other,8,14.8,12-<15,24.6,9.8,0.4007,2.1002,2,-0.8248,1.2167,2,3.0545,3.0736,3,-1.2102,14.8742,14.8742,0.0
2024-04-25,4,Other,8,15.0,15-<18,21.5,6.5,0.1694,2.81,2,-0.9094,1.5186,2,3.3449,3.4516,3,-2.3593,14.8769,14.8769,0.0
2024-04-26,4,Other,8,17.5,15-<18,18.2,0.7,4.1777,6.8404,2,3.3018,4.9024,2,9.4894,9.5789,3,-1.0226,17.8797,14.8797,-3.0
2024-04-27,4,Other,8,9.5,8-<10,10.2,0.7,-0.9254,1.2597,2,-1.6349,1.6506,2,-0.051,0.0707,3,-1.5112,14.8825,14.8825,0.0
2024-04-28,4,Other,8,13.3,12-<15,15.2,1.9,-1.1528,2.2994,2,-1.2635,1.2635,2,0.1615,0.7533,3,-2.8912,14.885,14.885,0.0
2024-04-29,4,Other,8,16.1,15-<18,19.2,3.1,-2.2919,3.0502,2,-3.6244,3.6626,2,-0.3117,1.1516,3,-3.7411,17.8875,14.8875,-3.0
2024-04-30,4,Other,8,13.6,12-<15,21.0,7.4,-1.4542,1.8349,2,-2.6113,2.6229,2,-0.3017,0.5833,3,-1.8813,14.8897,14.8897,0.0
2024-05-02,5,May-Sep,7,15.2,15-<18,23.5,8.3,4.8213,6.6474,2,1.1576,6.1433,2,7.3547,7.4028,2,3.4466,14.8936,14.8936,0.0
2024-05-03,5,May-Sep,8,17.4,15-<18,24.9,7.5,-1.1,1.9987,2,-0.8382,0.8772,2,-0.4283,0.6778,3,-2.2662,14.8953,14.8953,0.0
2024-05-04,5,May-Sep,8,17.9,15-<18,26.0,8.1,-2.5166,3.3425,2,-3.648,3.7222,2,-0.2553,1.1804,3,-4.3336,17.8969,14.8969,-3.0
2024-05-05,5,May-Sep,8,17.9,15-<18,30.4,12.5,-3.0225,4.2368,2,-3.181,3.1964,2,-0.0013,0.2985,3,-5.4346,14.8983,14.8983,0.0
2024-05-06,5,May-Sep,8,14.8,12-<15,30.4,15.6,1.1971,4.1426,2,-2.0721,3.8198,2,5.3429,5.3431,3,-0.6661,14.8994,14.8994,0.0
2024-05-07,5,May-Sep,7,9.7,8-<10,25.2,15.5,3.1787,4.3419,2,1.2893,2.0867,2,6.1076,6.1587,2,0.652,17.9006,14.9006,-3.0
2024-05-08,5,May-Sep,5,12.6,12-<15,26.3,13.7,-0.6178,0.9118,1,-0.4988,0.4988,1,0.2687,0.2687,2,-1.3586,11.9014,17.9014,6.0
2024-05-09,5,May-Sep,8,12.8,12-<15,26.3,13.5,1.0704,1.7587,2,-0.4581,0.6679,2,2.2742,2.3583,3,0.8307,14.9022,14.9022,0.0
2024-05-10,5,May-Sep,7,17.5,15-<18,31.0,13.5,-2.0091,3.8255,1,-0.6268,0.6268,2,-0.2066,0.9275,3,-4.2759,14.9028,14.9028,0.0
2024-05-11,5,May-Sep,8,19.9,18-<20,34.3,14.4,-4.1315,5.8159,2,-7.9245,8.4726,2,0.053,0.846,3,-5.3987,14.9033,14.9033,0.0
2024-05-12,5,May-Sep,8,16.3,15-<18,34.3,18.0,3.8987,5.2425,2,2.4722,3.3832,2,8.1234,8.132,3,0.9038,14.9036,14.9036,0.0
2024-05-13,5,May-Sep,8,9.9,8-<10,26.2,16.3,-0.3569,1.8684,2,0.9497,1.2407,2,0.4592,0.7085,3,-2.5115,14.9036,14.9036,0.0
2024-05-14,5,May-Sep,8,9.6,8-<10,25.9,16.3,-0.5403,2.2339,2,-2.0073,2.3487,2,1.9793,1.9809,3,-2.0246,14.9036,14.9036,0.0
2024-05-15,5,May-Sep,8,10.9,10-<12,29.0,18.1,-0.5174,1.0254,2,-0.5308,0.5359,2,0.1546,0.2888,3,-1.3747,14.9033,14.9033,0.0
2024-05-16,5,May-Sep,8,13.8,12-<15,32.7,18.9,-0.9721,1.4991,2,-1.7595,1.7645,2,0.3361,0.494,3,-1.6616,14.9031,14.9031,0.0
2024-05-17,5,May-Sep,8,15.8,15-<18,32.7,16.9,3.3649,5.2609,2,-0.0258,1.7881,2,8.622,8.622,3,1.4441,11.9025,14.9025,3.0
2024-05-18,5,May-Sep,8,9.1,8-<10,26.0,16.9,0.33,1.3025,2,-0.1118,0.4407,2,0.4177,0.8858,3,-0.3543,17.9017,14.9017,-3.0
2024-05-19,5,May-Sep,8,11.7,10-<12,29.4,17.7,-0.9375,1.5351,2,-1.163,1.217,2,-0.0317,0.1338,3,-1.6537,14.9008,14.9008,0.0
2024-05-20,5,May-Sep,8,10.7,10-<12,29.6,18.9,-0.5955,1.4142,2,-1.273,1.6481,2,0.5291,0.5299,3,-1.4209,14.9,14.9,0.0
2024-05-21,5,May-Sep,8,16.6,15-<18,29.6,13.0,6.0697,8.9311,2,3.077,5.8644,2,12.9405,13.0015,3,1.1364,2.8989,14.8989,-12.0
2024-05-22,5,May-Sep,8,11.5,10-<12,24.0,12.5,-0.8061,1.8986,2,-0.955,1.0667,2,0.3881,0.3984,3,-2.1679,14.8975,14.8975,0.0
2024-05-23,5,May-Sep,8,10.5,10-<12,24.0,13.5,1.3458,2.9692,2,-1.2237,1.737,2,3.3481,3.3782,3,1.5315,14.8961,14.8961,0.0
2024-05-24,5,May-Sep,8,9.7,8-<10,23.2,13.5,0.1375,1.4854,2,1.2616,1.5727,2,0.0962,0.7089,3,-1.1822,17.8947,14.8947,-3.0
2024-05-25,5,May-Sep,8,11.3,10-<12,25.0,13.7,-0.1523,2.4307,2,-2.2572,2.2599,2,3.6574,3.757,3,-1.1145,11.8931,14.8931,3.0
2024-05-26,5,May-Sep,8,16.3,15-<18,25.0,8.7,-1.1256,4.234,2,-5.5767,5.7701,2,0.9268,1.0394,3,0.2401,14.8911,14.8911,0.0
2024-05-27,5,May-Sep,8,16.4,15-<18,23.7,7.3,3.8348,5.0468,2,2.7252,3.5325,2,7.1749,7.2219,3,0.9379,14.8892,14.8892,0.0
2024-05-28,5,May-Sep,8,16.9,15-<18,24.7,7.8,-1.7468,2.602,2,-2.1056,2.206,2,-0.2994,0.9452,3,-3.1558,14.8872,14.8872,0.0
2024-05-29,5,May-Sep,8,13.0,12-<15,24.7,11.7,0.2683,2.8495,2,-0.2923,2.4073,2,3.1726,3.2009,3,-2.3419,14.885,14.885,0.0
2024-05-30,5,May-Sep,8,8.2,8-<10,21.5,13.3,0.198,2.3245,2,-1.7577,1.8058,2,3.093,3.3974,3,-0.441,11.8825,14.8825,3.0
2024-05-31,5,May-Sep,8,9.9,8-<10,23.2,13.3,-0.6867,1.1134,2,-1.0905,1.3782,2,0.0504,0.1561,3,-1.0435,14.8803,14.8803,0.0
2024-06-01,6,May-Sep,8,12.3,12-<15,26.5,14.2,-1.0424,1.282,2,-1.8111,1.8163,2,-0.1302,0.4471,3,-1.3878,14.8778,14.8778,0.0
2024-06-02,6,May-Sep,8,10.8,10-<12,27.5,16.7,-0.2835,0.7643,2,-0.4015,0.4322,2,0.0051,0.3926,3,-0.8258,14.875,14.875,0.0
2024-06-03,6,May-Sep,8,13.3,12-<15,27.5,14.2,2.2649,5.2079,2,-1.3882,1.8264,2,9.1201,9.1835,3,0.4589,11.8725,14.8725,3.0
2024-06-04,6,May-Sep,8,10.8,10-<12,24.5,13.7,2.8495,3.4772,2,2.8157,3.485,2,4.2595,4.307,3,1.0809,17.8697,14.8697,-3.0
2024-06-05,6,May-Sep,8,11.3,10-<12,24.6,13.3,-0.4852,0.8806,2,-0.3759,0.3762,2,-0.3155,0.5195,3,-1.0124,14.8667,14.8667,0.0
2024-06-06,6,May-Sep,8,12.8,12-<15,27.3,14.5,-1.096,1.3851,2,-1.8634,1.8858,2,-0.1947,0.5287,3,-1.5652,14.8639,14.8639,0.0
2024-06-07,6,May-Sep,8,12.7,12-<15,29.6,16.9,-1.0321,1.5806,2,-1.2874,1.4269,2,0.0133,0.3837,3,-1.8883,14.8608,14.8608,0.0
2024-06-08,6,May-Sep,8,11.8,10-<12,30.3,18.5,-1.0131,1.4561,2,-1.4565,1.6494,2,0.0643,0.5364,3,-1.5309,14.8575,14.8575,0.0
2024-06-09,6,May-Sep,8,10.6,10-<12,30.3,19.7,-0.4022,0.7858,2,-0.668,0.6857,2,0.3308,0.4935,3,-0.9232,14.8544,14.8544,0.0
2024-06-10,6,May-Sep,8,10.4,10-<12,31.4,21.0,-0.3047,0.7631,2,-0.8261,0.8325,2,0.6434,0.6457,3,-0.7079,14.8511,14.8511,0.0
2024-06-11,6,May-Sep,8,8.9,8-<10,31.4,22.5,0.2099,0.9714,2,-0.8822,0.9491,2,1.3253,1.3272,3,0.516,11.8478,14.8478,3.0
2024-06-13,6,May-Sep,8,11.2,10-<12,29.7,18.5,0.7712,1.8547,2,-0.1777,1.6866,2,2.3564,2.3618,3,-0.4103,14.8411,14.8411,0.0
2024-06-14,6,May-Sep,8,10.1,10-<12,27.9,17.8,1.2822,1.6722,2,0.886,1.2094,2,2.4664,2.4811,3,0.3561,14.8378,14.8378,0.0
2024-06-15,6,May-Sep,8,8.9,8-<10,26.5,17.6,-0.6223,1.5503,2,-0.7314,0.884,2,0.3311,1.0209,3,-1.7725,17.8344,14.8344,-3.0
2024-06-17,6,May-Sep,8,12.4,12-<15,28.2,15.8,0.4067,1.674,2,0.2327,0.2327,2,2.5503,2.5544,3,-1.2968,14.8275,14.8275,0.0
2024-06-18,6,May-Sep,8,11.3,10-<12,27.8,16.5,-1.3212,1.9071,2,-1.2067,1.665,2,0.0595,0.6386,3,-2.6981,17.8239,14.8239,-3.0
2024-06-19,6,May-Sep,8,9.6,8-<10,27.8,18.2,0.7101,2.116,2,-0.6286,2.055,2,1.9996,2.0226,3,0.0332,14.8203,14.8203,0.0
2024-06-20,6,May-Sep,7,9.9,8-<10,27.2,17.3,-0.1234,0.4183,2,-0.3915,0.4788,2,0.3352,0.3716,2,-0.4743,14.8169,14.8169,0.0
2024-06-21,6,May-Sep,8,14.0,12-<15,31.0,17.0,-0.6893,1.2602,2,-0.8531,0.8982,2,0.3236,0.5705,3,-1.503,14.8133,14.8133,0.0
2024-06-22,6,May-Sep,8,15.1,15-<18,33.8,18.7,-1.3368,1.8177,2,-1.5787,1.6232,2,-0.2316,0.5732,3,-2.3925,14.8097,14.8097,0.0
2024-06-23,6,May-Sep,8,13.6,12-<15,34.5,20.9,-1.3013,2.0204,2,-2.3915,2.3976,2,0.2473,0.6916,3,-2.2069,14.8064,14.8064,0.0
2024-06-24,6,May-Sep,8,10.6,10-<12,34.7,24.1,-0.4043,0.4964,2,-0.7054,0.7079,2,-0.0967,0.3068,3,-0.4741,14.8031,14.8031,0.0
2024-06-25,6,May-Sep,8,10.5,10-<12,34.7,24.2,0.4169,1.5992,2,-1.1942,1.5372,2,2.4095,2.4191,3,-0.2992,14.7994,14.7994,0.0
2024-06-26,6,May-Sep,8,8.3,8-<10,32.7,24.4,0.5222,1.1292,2,-0.2624,0.2651,2,0.8234,0.8863,3,0.0547,14.7961,14.7961,0.0
2024-06-27,6,May-Sep,8,11.2,10-<12,35.2,24.0,-0.1689,0.9503,2,-0.5537,0.5949,2,1.0252,1.3201,3,-0.7981,14.7928,14.7928,0.0
2024-06-28,6,May-Sep,8,10.2,10-<12,35.3,25.1,-0.4209,0.74,2,-0.9127,0.9336,2,0.2772,0.2778,3,-0.8424,14.7894,14.7894,0.0
2024-06-29,6,May-Sep,8,9.6,8-<10,35.3,25.7,0.2996,0.7758,2,-0.5512,0.8274,2,0.9085,0.9273,3,0.2581,14.7864,14.7864,0.0
2024-06-30,6,May-Sep,8,10.6,10-<12,34.9,24.3,2.7092,4.1262,2,-0.8665,0.9019,2,6.5579,6.5592,3,1.7741,8.7831,14.7831,6.0
2024-07-01,7,May-Sep,8,9.8,8-<10,30.2,20.4,1.3496,3.5389,2,-0.9644,1.3311,2,3.9492,4.1406,3,-0.6152,17.78,14.78,-3.0
2024-07-02,7,May-Sep,8,12.3,12-<15,27.1,14.8,3.0816,6.7537,2,-2.4436,3.2873,2,10.9718,10.9725,3,0.7224,2.7769,14.7769,-12.0
2024-07-03,7,May-Sep,8,10.7,10-<12,25.5,14.8,-0.56,1.1267,2,-0.5267,0.9011,2,0.1039,0.3069,3,-1.3253,14.7739,14.7739,0.0
2024-07-04,7,May-Sep,8,9.5,8-<10,26.2,16.7,-0.3039,0.8444,2,-0.3896,0.3935,2,-0.1847,0.3338,3,-0.8946,14.7711,14.7711,0.0
2024-07-05,7,May-Sep,8,8.6,8-<10,26.2,17.6,0.8596,1.7466,2,-0.0632,0.9513,2,2.7612,2.9145,3,0.0202,11.7683,14.7683,3.0
2024-07-06,7,May-Sep,8,10.7,10-<12,25.5,14.8,0.9162,3.7958,2,-2.7217,2.8964,2,4.4042,5.5712,3,1.5459,11.7656,14.7656,3.0
2024-07-07,7,May-Sep,8,11.9,10-<12,26.7,14.8,-0.5365,1.1706,2,-0.6443,0.7713,2,-0.0572,0.5512,3,-1.315,14.7631,14.7631,0.0
2024-07-08,7,May-Sep,8,14.6,12-<15,31.1,16.5,-1.6327,2.3889,2,-2.1946,2.2645,2,0.3048,0.356,3,-3.1196,14.7606,14.7606,0.0
2024-07-09,7,May-Sep,8,11.1,10-<12,31.1,20.0,1.8613,3.1645,2,-0.4089,0.434,2,5.5831,5.6259,3,0.6619,11.7581,14.7581,3.0
2024-07-10,7,May-Sep,8,9.6,8-<10,29.4,19.8,0.9875,1.3994,2,0.3007,0.39,2,0.9594,0.9959,3,1.4732,14.7558,14.7558,0.0
2024-07-11,7,May-Sep,8,9.7,8-<10,29.4,19.7,1.6849,2.4069,2,-0.088,0.1963,2,4.3039,4.3214,3,1.0687,11.7536,14.7536,3.0
2024-07-12,7,May-Sep,8,8.5,8-<10,29.0,20.5,0.6312,0.8123,2,1.0616,1.3278,2,0.3147,0.3616,3,0.564,14.7517,14.7517,0.0
2024-07-13,7,May-Sep,6,12.2,12-<15,32.3,20.1,-0.2571,0.7666,1,-0.4048,0.4048,1,0.1595,0.1595,3,-0.792,17.7497,17.7497,0.0
2024-07-14,7,May-Sep,6,13.3,12-<15,34.4,21.1,-1.2835,1.7807,1,-0.8911,0.8911,2,-0.0828,0.3803,3,-2.2147,14.7478,14.7478,0.0
2024-07-15,7,May-Sep,8,14.6,12-<15,37.1,22.5,-2.4463,3.3896,2,-4.3749,4.7308,2,-0.2009,0.2751,3,-3.2814,14.7464,14.7464,0.0
2024-07-16,7,May-Sep,8,16.4,15-<18,37.1,20.7,2.3769,4.2446,2,-1.3672,2.3273,2,6.6052,6.6088,3,1.2597,14.7447,14.7447,0.0
2024-07-17,7,May-Sep,8,11.9,10-<12,31.4,19.5,0.7154,1.4606,2,0.0428,1.3743,2,2.2858,2.2881,3,-0.1766,14.7433,14.7433,0.0
2024-07-18,7,May-Sep,8,15.7,15-<18,32.9,17.2,-1.2669,2.6229,2,-3.2193,3.7046,2,1.0877,1.2947,3,-1.9387,14.7422,14.7422,0.0
2024-07-19,7,May-Sep,8,16.5,15-<18,32.9,16.4,4.5358,5.7722,2,3.7594,5.0902,2,7.9444,8.0406,3,1.5195,17.7411,14.7411,-3.0
2024-07-20,7,May-Sep,8,12.6,12-<15,29.1,16.5,-1.534,1.9217,2,-2.3975,2.3975,2,-0.1551,0.2884,3,-2.3144,14.7403,14.7403,0.0
2024-07-21,7,May-Sep,8,10.4,10-<12,29.7,19.3,-0.1243,1.2296,2,-1.2465,1.7577,2,0.6078,0.7759,3,-0.402,14.7394,14.7394,0.0
2024-07-22,7,May-Sep,8,11.4,10-<12,29.7,18.3,0.5449,1.4538,2,1.0386,1.6136,2,1.1539,1.2016,3,-0.6211,14.7389,14.7389,0.0
2024-07-23,7,May-Sep,8,13.7,12-<15,32.4,18.7,-0.9829,1.3718,2,-2.1491,2.1498,2,0.0314,0.1585,3,-1.141,14.7383,14.7383,0.0
2024-07-24,7,May-Sep,8,13.6,12-<15,34.5,20.9,-0.469,1.0169,2,-1.8553,1.876,2,0.5343,0.5364,3,-0.3706,14.7381,14.7381,0.0
2024-07-25,7,May-Sep,8,12.1,12-<15,34.5,22.4,3.3286,4.3132,2,0.8369,1.7385,2,5.8611,6.0827,3,2.1056,17.7378,14.7378,-3.0
2024-07-26,7,May-Sep,8,12.8,12-<15,34.6,21.8,-0.0852,1.132,2,-0.4666,0.4899,2,0.8215,0.9291,3,-0.4992,14.7381,14.7381,0.0
2024-07-27,7,May-Sep,8,12.5,12-<15,34.7,22.2,-0.5606,1.7241,2,-2.221,2.2213,2,1.9349,2.0123,3,-1.0186,11.7381,14.7381,3.0
2024-07-28,7,May-Sep,8,12.1,12-<15,36.4,24.3,-0.2239,0.7197,2,-0.998,1.0433,2,0.4535,0.4581,3,-0.0997,14.7386,14.7386,0.0
2024-07-29,7,May-Sep,8,11.4,10-<12,36.4,25.0,0.2146,1.5007,2,-0.63,0.8474,2,2.0383,2.0437,3,-0.4316,11.7392,14.7392,3.0
2024-07-30,7,May-Sep,8,12.4,12-<15,35.8,23.4,-0.1435,1.0777,2,-0.596,1.6103,2,0.5317,0.6926,3,-0.4194,14.7397,14.7397,0.0
2024-08-01,8,May-Sep,8,11.7,10-<12,31.6,19.9,-0.2585,0.5843,2,-0.8326,0.8458,2,0.1134,0.4885,3,-0.2871,14.7417,14.7417,0.0
2024-08-02,8,May-Sep,8,14.4,12-<15,35.0,20.6,-1.0431,1.5042,2,-2.0928,2.1477,2,0.2125,0.3464,3,-1.3,14.7431,14.7431,0.0
2024-08-03,8,May-Sep,8,11.9,10-<12,35.0,23.1,-0.0914,1.1877,2,-0.9019,1.0185,2,1.1959,1.2113,3,-0.6361,14.7444,14.7444,0.0
2024-08-04,8,May-Sep,8,10.2,10-<12,34.4,24.2,0.255,0.8031,2,-0.2164,0.2242,2,1.0363,1.2769,3,0.0191,14.7461,14.7461,0.0
2024-08-05,8,May-Sep,8,13.2,12-<15,36.2,23.0,-0.7181,1.2161,2,-1.6105,1.6173,2,0.3664,0.428,3,-0.9782,14.7478,14.7478,0.0
2024-08-06,8,May-Sep,8,14.4,12-<15,36.2,21.8,2.8957,3.8335,2,0.8639,1.4933,2,5.9451,6.0357,3,1.3537,17.7497,14.7497,-3.0
2024-08-07,8,May-Sep,8,9.1,8-<10,30.0,20.9,2.6362,4.1231,2,0.4006,2.1066,2,6.0383,6.0437,3,0.7717,2.7519,14.7519,-12.0
2024-08-08,8,May-Sep,8,10.6,10-<12,31.1,20.5,0.0646,0.4472,2,-0.1031,0.3699,2,0.4003,0.6327,3,0.0541,14.7542,14.7542,0.0
2024-08-09,8,May-Sep,8,14.6,12-<15,35.5,20.9,-1.3721,2.4116,2,-2.6721,2.6969,2,0.9689,0.9858,3,-2.6016,14.7567,14.7567,0.0
2024-08-10,8,May-Sep,8,13.0,12-<15,37.0,24.0,-0.4851,2.2713,2,-2.8579,3.3157,2,1.4053,1.6778,3,-0.1171,14.7592,14.7592,0.0
2024-08-11,8,May-Sep,8,17.1,15-<18,37.0,19.9,3.2737,5.5397,2,-1.1119,3.1074,2,7.9139,7.915,3,2.6521,11.7619,14.7619,3.0
2024-08-12,8,May-Sep,8,11.5,10-<12,30.4,18.9,2.5734,3.2677,2,1.7231,2.5361,2,3.8323,3.8325,3,1.1926,14.765,14.765,0.0
2024-08-13,8,May-Sep,8,11.2,10-<12,29.7,18.5,0.3673,1.3399,2,-0.9054,1.0204,2,2.2452,2.289,3,0.3396,11.7681,14.7681,3.0
2024-08-14,8,May-Sep,8,13.7,12-<15,32.6,18.9,-1.0574,1.5395,2,-2.2872,2.3575,2,0.3434,0.3464,3,-1.1043,14.7714,14.7714,0.0
2024-08-15,8,May-Sep,8,12.0,12-<15,32.8,20.8,-0.9543,1.4344,2,-1.9392,1.9393,2,0.3884,0.4378,3,-1.2788,14.7747,14.7747,0.0
2024-08-16,8,May-Sep,8,13.8,12-<15,36.2,22.4,-0.3328,0.618,2,-0.7862,1.0407,2,0.0756,0.0768,3,-0.3514,14.7783,14.7783,0.0
2024-08-17,8,May-Sep,8,13.8,12-<15,36.2,22.4,0.598,2.1267,2,-1.2471,1.2959,2,2.9193,2.9201,3,-0.6222,14.7822,14.7822,0.0
2024-08-18,8,May-Sep,8,16.7,15-<18,33.7,17.0,-0.9579,4.7955,2,-6.598,6.7606,2,3.3369,3.42,3,-0.3264,11.7861,14.7861,3.0
2024-08-19,8,May-Sep,8,17.1,15-<18,32.1,15.0,7.4338,9.6854,2,2.9293,5.3624,2,14.9045,14.9201,3,3.4787,2.7903,14.7903,-12.0
2024-08-20,8,May-Sep,8,6.1,<8,21.1,15.0,-0.3918,0.939,2,0.0289,0.1798,2,0.124,0.2988,3,-1.2876,14.7944,14.7944,0.0
2024-08-21,8,May-Sep,8,12.2,12-<15,27.5,15.3,-0.6022,1.6022,2,-0.9525,1.8966,2,0.492,0.4921,3,-1.7456,14.7986,14.7986,0.0
2024-08-22,8,May-Sep,8,12.2,12-<15,29.7,17.5,-0.4459,0.9014,2,-0.9125,1.2298,2,0.3358,0.3652,3,-0.9826,14.8031,14.8031,0.0
2024-08-23,8,May-Sep,8,12.2,12-<15,29.9,17.7,-1.2895,1.9557,2,-2.3725,2.4078,2,0.7794,0.9755,3,-2.2865,14.8078,14.8078,0.0
2024-08-24,8,May-Sep,8,11.2,10-<12,31.8,20.6,-0.6681,1.2827,2,-1.0554,1.3448,2,0.5364,0.5589,3,-1.431,14.8125,14.8125,0.0
2024-08-25,8,May-Sep,8,11.9,10-<12,31.8,19.9,2.0614,3.9496,2,-0.4593,2.0698,2,5.9352,5.997,3,0.057,17.8175,14.8175,-3.0
2024-08-26,8,May-Sep,8,8.3,8-<10,26.5,18.2,-0.0062,1.4268,2,-1.5151,1.9987,2,1.6619,1.8167,3,-0.2642,11.8225,14.8225,3.0
2024-08-27,8,May-Sep,8,9.8,8-<10,27.5,17.7,1.4831,2.864,2,-0.8418,0.8433,2,4.309,4.6752,3,1.5762,11.8275,14.8275,3.0
2024-08-28,8,May-Sep,8,10.1,10-<12,27.8,17.7,0.014,1.0228,2,0.1158,1.4053,2,0.2835,0.4214,3,-0.6117,14.8328,14.8328,0.0
2024-08-29,8,May-Sep,8,14.2,12-<15,27.8,13.6,1.5993,5.8495,2,-4.6469,4.91,2,8.0043,8.185,3,1.5356,11.8381,14.8381,3.0
2024-08-30,8,May-Sep,8,11.0,10-<12,24.6,13.6,1.798,2.694,2,-0.0557,0.7128,2,4.0107,4.0116,3,0.6271,14.8433,14.8433,0.0
2024-08-31,8,May-Sep,8,10.5,10-<12,24.7,14.2,-0.0921,0.7039,2,-0.7236,1.1201,2,0.3877,0.4953,3,-0.1789,14.8489,14.8489,0.0
2024-09-01,9,May-Sep,8,15.1,15-<18,29.3,14.2,-0.7672,1.3909,2,-1.5894,1.5936,2,0.8161,0.8456,3,-1.4663,14.8544,14.8544,0.0
2024-09-02,9,May-Sep,8,20.7,>=20,29.3,8.6,2.6453,6.6324,2,-3.048,4.3314,2,8.4689,8.4734,3,1.9814,11.8603,14.8603,3.0
2024-09-03,9,May-Sep,8,13.5,12-<15,22.1,8.6,3.3168,4.5839,2,1.1915,2.2489,2,6.8079,6.8533,3,1.1246,14.8658,14.8658,0.0
2024-09-04,9,May-Sep,8,13.8,12-<15,23.3,9.5,-0.9682,1.5836,2,-1.8565,2.0856,2,-0.0723,0.1832,3,-1.2982,14.8717,14.8717,0.0
2024-09-05,9,May-Sep,8,14.2,12-<15,26.6,12.4,-3.1169,4.5495,2,-5.6336,5.9335,2,0.1396,0.2922,3,-4.3942,14.8778,14.8778,0.0
2024-09-06,9,May-Sep,8,10.1,10-<12,26.6,16.5,-0.9601,2.7555,2,-2.7137,3.8546,2,0.6743,0.7289,3,-1.1389,14.8836,14.8836,0.0
2024-09-07,9,May-Sep,8,18.1,18-<20,26.6,8.5,5.1526,9.4638,2,-2.2877,3.4925,2,15.8866,15.8983,3,1.9833,2.8897,14.8897,-12.0
2024-09-08,9,May-Sep,8,8.6,8-<10,17.1,8.5,0.6074,0.8872,2,-0.1467,0.1669,2,1.4198,1.431,3,0.4513,14.8956,14.8956,0.0
2024-09-09,9,May-Sep,8,10.7,10-<12,19.3,8.6,-0.5088,0.9895,2,-1.0162,1.2844,2,0.158,0.169,3,-0.8856,14.9017,14.9017,0.0
2024-09-10,9,May-Sep,8,11.4,10-<12,20.2,8.8,-1.2856,1.793,2,-2.1806,2.1868,2,0.4478,0.4506,3,-2.1336,14.9078,14.9078,0.0
2024-09-11,9,May-Sep,8,9.9,8-<10,20.8,10.9,-0.8859,1.2686,2,-1.5014,1.63,2,0.4024,0.4477,3,-1.5063,14.9142,14.9142,0.0
2024-09-12,9,May-Sep,8,7.6,<8,20.8,13.2,1.8385,2.2536,2,0.4154,0.8897,2,3.2702,3.2747,3,1.4404,14.9203,14.9203,0.0
2024-09-13,9,May-Sep,8,7.3,<8,18.4,11.1,-0.0243,1.1041,2,-0.2533,0.7636,2,1.2375,1.3129,3,-1.0753,14.9264,14.9264,0.0
2024-09-14,9,May-Sep,8,9.4,8-<10,18.1,8.7,2.3417,3.7681,2,0.2681,1.4275,2,5.7683,5.7778,3,0.8191,2.9325,14.9325,-12.0
2024-09-15,9,May-Sep,8,11.9,10-<12,19.5,7.6,-0.013,0.709,2,-0.1831,0.4378,2,0.4142,0.5204,3,-0.4138,14.9389,14.9389,0.0
2024-09-16,9,May-Sep,8,13.6,12-<15,21.2,7.6,-1.7335,2.1663,2,-2.9013,2.9053,2,-0.1304,0.1838,3,-2.5283,14.945,14.945,0.0
2024-09-17,9,May-Sep,8,11.7,10-<12,22.2,10.5,-1.2487,1.7005,2,-2.5471,2.5479,2,0.361,0.3955,3,-1.6391,14.9511,14.9511,0.0
2024-09-18,9,May-Sep,8,14.0,12-<15,22.2,8.2,2.5441,3.9912,2,0.2014,1.7453,2,6.065,6.0708,3,0.9062,14.9572,14.9572,0.0
2024-09-19,9,May-Sep,8,12.8,12-<15,20.4,7.6,0.0438,0.9824,2,-0.4017,0.6821,2,0.6516,0.6691,3,-0.517,14.9633,14.9633,0.0
2024-09-20,9,May-Sep,8,16.6,15-<18,24.2,7.6,-2.0809,2.9849,2,-3.8623,3.9098,2,0.3265,0.3975,3,-3.4393,14.9694,14.9694,0.0
2024-09-21,9,May-Sep,8,13.3,12-<15,25.8,12.5,-1.1311,2.5513,2,-4.3296,4.4219,2,1.7357,1.8485,3,-0.6553,11.9756,14.9756,3.0
2024-09-22,9,May-Sep,8,10.3,10-<12,25.8,15.5,-0.0342,0.7181,2,-0.5815,0.7022,2,0.9204,1.0573,3,-0.1233,14.9817,14.9817,0.0
2024-09-23,9,May-Sep,8,10.7,10-<12,25.6,14.9,0.5748,1.2212,2,-0.1646,0.1871,2,2.2193,2.2422,3,-0.0185,14.9875,14.9875,0.0
2024-09-24,9,May-Sep,8,11.8,10-<12,26.7,14.9,0.5439,2.1919,2,-1.563,1.7626,2,3.0054,3.7278,3,0.4058,14.9933,14.9933,0.0
2024-09-25,9,May-Sep,7,13.6,12-<15,26.7,13.1,1.0641,2.425,2,-1.379,1.4432,2,3.9752,3.9848,2,0.6132,11.9992,14.9992,3.0
2024-09-26,9,May-Sep,8,16.8,15-<18,24.1,7.3,3.1406,7.0873,2,-0.5309,2.3587,2,11.0118,11.0869,3,-1.467,0.005,15.005,-9.0
2024-09-27,9,May-Sep,8,9.1,8-<10,12.7,3.6,1.7667,4.2453,2,-0.7166,1.5541,2,6.9035,6.9042,3,-0.6485,0.0106,15.0106,-9.0
2024-09-28,9,May-Sep,8,5.5,<8,8.9,3.4,0.47,0.828,2,0.6914,1.2703,2,0.8804,0.8988,3,0.0275,15.0161,15.0161,0.0
2024-09-29,9,May-Sep,7,7.4,<8,11.0,3.6,0.0835,1.0169,1,-0.8866,0.8866,2,0.8405,0.9993,3,-0.1353,15.0217,15.0217,0.0
2024-09-30,9,May-Sep,8,11.3,10-<12,14.1,2.8,-0.009,0.6632,2,-0.6366,0.9485,2,0.4506,0.4535,3,-0.001,15.0272,15.0272,0.0
2024-10-01,10,Other,8,14.0,12-<15,16.8,2.8,-1.4121,1.958,2,-3.1983,3.2157,2,0.2189,0.356,3,-1.6857,15.0325,15.0325,0.0
2024-10-02,10,Other,8,12.6,12-<15,18.5,5.9,-1.4976,2.5247,2,-2.2738,2.277,2,0.7904,0.798,3,-2.6246,15.0375,15.0375,0.0
2024-10-03,10,Other,8,10.4,10-<12,19.0,8.6,-1.4466,2.5528,2,-2.9428,3.0774,2,1.3468,1.3549,3,-2.4421,12.0425,15.0425,3.0
2024-10-04,10,Other,8,11.1,10-<12,19.0,7.9,0.9012,2.8874,2,-1.3282,1.6585,2,4.3618,4.364,3,-0.6571,15.0475,15.0475,0.0
2024-10-05,10,Other,8,11.5,10-<12,18.7,7.2,0.0068,0.8603,2,-0.87,1.3736,2,0.6564,0.861,3,0.2818,15.0522,15.0522,0.0
2024-10-06,10,Other,8,13.3,12-<15,20.5,7.2,-2.367,3.376,2,-5.6113,5.6226,2,0.6534,0.7958,3,-2.5415,15.0569,15.0569,0.0
2024-10-07,10,Other,8,10.7,10-<12,20.5,9.8,0.9646,1.9097,2,-0.6423,0.9673,2,3.5637,3.5823,3,0.2359,12.0614,15.0614,3.0
2024-10-08,10,Other,8,8.7,8-<10,18.6,9.9,-0.7937,1.5638,2,-1.1103,1.1118,2,0.516,0.6632,3,-1.5942,15.0658,15.0658,0.0
2024-10-09,10,Other,8,11.0,10-<12,21.2,10.2,0.4151,1.1448,2,-0.868,1.2983,2,1.2566,1.4184,3,0.9154,15.07,15.07,0.0
2024-10-10,10,Other,8,11.0,10-<12,21.2,10.2,0.1074,1.0385,2,-0.983,1.2577,2,1.0444,1.1355,3,0.3155,15.0742,15.0742,0.0
2024-10-11,10,Other,8,12.0,12-<15,22.2,10.2,-1.2207,1.919,2,-2.2253,2.3854,2,0.6218,0.7523,3,-1.8191,15.0781,15.0781,0.0
2024-10-12,10,Other,8,12.8,12-<15,22.2,9.4,0.5316,5.9874,2,-1.3051,1.8661,2,7.6199,7.7173,3,-3.7397,0.0817,15.0817,-9.0
2024-10-13,10,Other,8,10.1,10-<12,18.1,8.0,1.3405,2.1066,2,-0.1825,0.3759,2,3.4112,3.4458,3,0.5449,15.0853,15.0853,0.0
2024-10-14,10,Other,8,7.4,<8,14.6,7.2,0.1157,1.3237,2,-1.4023,1.8567,2,1.6084,1.6109,3,-0.2372,15.0886,15.0886,0.0
2024-10-15,10,Other,8,7.1,<8,14.5,7.4,0.1089,0.9401,2,-0.8134,0.8225,2,1.5857,1.588,3,-0.0495,12.0917,15.0917,3.0
2024-10-16,10,Other,8,8.4,8-<10,14.5,6.1,0.3068,1.4152,2,-1.0586,1.2124,2,2.2287,2.2776,3,-0.1706,12.0947,15.0947,3.0
2024-10-17,10,Other,8,12.3,12-<15,13.4,1.1,0.3566,3.7293,2,-2.6312,2.8908,2,5.2165,5.2241,3,-1.6675,12.0975,15.0975,3.0
2024-10-18,10,Other,8,8.5,8-<10,8.7,0.2,2.5792,4.0078,2,0.2321,1.4901,2,6.0018,6.1011,3,0.4577,21.1003,15.1003,-6.0
2024-10-19,10,Other,8,8.8,8-<10,9.0,0.2,-0.0005,0.5786,2,-0.333,0.4442,2,0.7091,0.9363,3,-0.1281,15.1025,15.1025,0.0
2024-10-20,10,Other,8,8.3,8-<10,9.0,0.7,1.6132,3.3042,2,-0.5266,0.9683,2,5.1114,5.1877,3,-0.3932,0.1047,15.1047,-9.0
2024-10-21,10,Other,8,9.2,8-<10,11.3,2.1,-0.0281,1.4375,2,-1.9479,2.3194,2,0.8469,1.1309,3,0.8475,15.1067,15.1067,0.0
2024-10-22,10,Other,8,10.9,10-<12,14.8,3.9,-0.2154,1.9115,2,-1.4971,1.5047,2,1.3345,1.6905,3,-0.8652,15.1086,15.1086,0.0
2024-10-23,10,Other,8,9.9,8-<10,14.8,4.9,0.9185,2.7462,2,-0.9195,1.2473,2,4.9478,5.0043,3,-0.7297,12.1103,15.1103,3.0
2024-10-24,10,Other,8,9.0,8-<10,13.3,4.3,1.9121,3.7103,2,-0.4237,1.5382,2,5.8007,5.9034,3,-0.0678,0.1117,15.1117,-9.0
2024-10-25,10,Other,8,10.1,10-<12,14.2,4.1,-0.1029,1.1448,2,-1.2725,1.625,2,0.3594,0.3944,3,0.6607,15.1128,15.1128,0.0
2024-10-26,10,Other,8,10.1,10-<12,14.6,4.5,-0.8846,4.7273,2,-4.8899,4.8904,2,4.4527,4.455,3,-3.2038,3.1136,15.1136,-12.0
2024-10-27,10,Other,7,8.2,8-<10,14.1,5.9,0.8834,1.2187,2,-0.1381,0.1598,2,1.7321,1.8128,2,1.3106,15.1144,15.1144,0.0
2024-10-28,10,Other,8,8.8,8-<10,13.3,4.5,0.6849,2.1529,2,-1.4148,1.7444,2,3.8022,3.8342,3,-0.0803,12.115,15.115,3.0
2024-10-29,10,Other,8,9.9,8-<10,11.4,1.5,1.7297,3.9267,2,-0.922,1.3096,2,6.2593,6.3804,3,-0.417,0.115,15.115,-9.0
2024-10-30,10,Other,8,3.7,<8,5.2,1.5,0.0187,0.3165,2,-0.0228,0.2467,2,0.4342,0.4644,3,-0.1755,12.1153,15.1153,3.0
2024-10-31,10,Other,8,7.3,<8,9.2,1.9,0.8373,1.3449,2,-0.1232,0.3113,2,2.5772,2.5772,3,0.3241,12.115,15.115,3.0
2024-11-01,11,Other,8,8.0,8-<10,9.3,1.3,0.4373,4.3261,2,-3.3392,5.2641,2,4.7345,4.9267,3,-1.4194,6.1147,15.1147,9.0
2024-11-02,11,Other,8,7.6,<8,8.9,1.3,0.1762,0.9838,2,-0.709,0.7146,2,1.2317,1.239,3,-0.0245,15.1139,15.1139,0.0
2024-11-03,11,Other,8,10.1,10-<12,11.8,1.7,-1.1492,3.7809,2,-4.1853,5.9566,2,1.9586,2.2773,3,-2.0498,15.1131,15.1131,0.0
2024-11-04,11,Other,8,10.7,10-<12,11.8,1.1,0.5276,2.1872,2,0.8756,1.4633,2,2.5273,2.5489,3,-1.4185,15.1119,15.1119,0.0
2024-11-05,11,Other,7,9.3,8-<10,10.4,1.1,-1.5391,3.7769,2,-5.9784,6.0561,2,2.853,2.8533,2,-1.5864,12.1108,15.1108,3.0
2024-11-06,11,Other,8,11.9,10-<12,16.1,4.2,0.3165,1.8232,2,-1.1098,1.1417,2,2.9139,3.001,3,0.3788,12.1092,15.1092,3.0
2024-11-07,11,Other,8,16.4,15-<18,16.1,-0.3,1.5559,7.4506,2,-4.9087,5.0422,2,11.327,11.48,3,-2.1345,0.1075,15.1075,-9.0
2024-11-08,11,Other,8,9.1,8-<10,7.9,-1.2,3.1579,4.3142,2,0.8428,1.2961,2,6.669,6.7811,3,1.1957,0.1056,15.1056,-9.0
2024-11-09,11,Other,8,2.0,<8,0.8,-1.2,-0.1289,0.613,2,-0.8027,0.8113,2,0.7898,0.7974,3,-0.2915,12.1033,15.1033,3.0
2024-11-10,11,Other,8,9.5,8-<10,8.7,-0.8,0.113,1.0877,2,-0.8441,0.8535,2,0.6614,0.8693,3,0.4106,15.1008,15.1008,0.0
2024-11-11,11,Other,8,8.8,8-<10,8.7,-0.1,-0.5556,2.6176,2,-2.4467,2.4553,2,2.7005,2.7904,3,-1.6426,12.0981,15.0981,3.0
2024-11-12,11,Other,8,8.4,8-<10,9.5,1.1,-0.1394,1.3667,2,-0.6611,0.8889,2,1.5006,1.657,3,-0.5149,12.0953,15.0953,3.0
2024-11-23,11,Other,5,8.2,8-<10,1.7,-6.5,3.2265,3.8314,1,-0.5997,0.5997,2,4.967,4.9671,1,2.858,15.05,15.05,0.0
2024-11-24,11,Other,8,7.0,<8,-0.5,-7.5,-0.0252,1.9168,2,-2.2921,2.3134,2,1.7756,2.4417,3,0.3724,15.0447,15.0447,0.0
2024-11-25,11,Other,8,9.9,8-<10,-0.5,-10.4,1.7434,4.3796,2,-2.4885,2.4889,2,7.2429,7.2933,3,0.3467,12.0394,15.0394,3.0
2024-11-26,11,Other,8,6.9,<8,-3.8,-10.7,0.9486,2.6617,2,-1.3279,1.5763,2,4.6393,4.7012,3,0.7841,12.0339,15.0339,3.0
2024-11-27,11,Other,7,7.7,<8,-3.5,-11.2,1.1081,2.4817,2,-1.1204,1.5576,2,3.7343,3.7367,2,1.9624,12.0281,15.0281,3.0
2024-11-28,11,Other,8,9.1,8-<10,-1.7,-10.8,0.0159,3.666,2,-4.7637,4.8878,2,5.4003,5.404,3,-0.2962,12.0222,15.0222,3.0
2024-11-29,11,Other,8,9.9,8-<10,-0.4,-10.3,-1.9518,3.7334,2,-5.163,5.1738,2,2.7959,2.8034,3,-3.302,12.0161,15.0161,3.0
2024-11-30,11,Other,8,7.8,<8,-0.4,-8.2,0.24,2.333,2,-1.9048,1.9911,2,2.5736,2.5836,3,-0.1514,15.0097,15.0097,0.0
2024-12-02,12,Other,7,7.3,<8,3.2,-4.1,1.6792,3.2076,2,-1.3222,1.3608,2,5.0416,5.0844,2,0.24,23.9903,14.9969,-8.9934
2024-12-03,12,Other,7,5.6,<8,1.2,-4.4,0.8609,2.5368,2,-0.9164,1.0034,2,4.0658,4.1316,2,0.3841,11.9903,14.9903,3.0
2024-12-04,12,Other,7,7.4,<8,1.2,-6.2,2.5903,3.4665,2,-0.4396,0.4396,2,5.3312,5.4015,2,2.2328,11.9836,14.9836,3.0
2024-12-05,12,Other,8,1.9,<8,-4.4,-6.3,0.2622,0.498,2,-0.3092,0.3262,2,0.7517,0.7532,3,0.2694,14.9767,14.9767,0.0
2024-12-06,12,Other,8,3.1,<8,-4.7,-7.8,0.3693,1.388,2,-1.2254,1.2313,2,2.1955,2.198,3,0.1095,11.9697,14.9697,3.0
2024-12-07,12,Other,8,4.4,<8,-6.0,-10.4,-0.0561,1.7717,2,-2.2883,2.2883,2,1.927,1.9347,3,-0.0543,2.9625,14.9625,-12.0
2024-12-08,12,Other,8,3.7,<8,-7.2,-10.9,0.6267,1.0957,2,-0.0935,0.1515,2,1.869,1.918,3,0.0158,14.9556,14.9556,0.0
2024-12-09,12,Other,8,3.6,<8,-7.3,-10.9,-0.2053,0.6632,2,-0.7059,0.9196,2,0.6331,0.6546,3,-0.2108,11.9481,14.9481,3.0
2024-12-10,12,Other,8,6.4,<8,-6.8,-13.2,0.0037,2.4592,2,-2.8254,2.8258,2,3.0216,3.0343,3,0.2875,11.9408,14.9408,3.0
2024-12-11,12,Other,8,7.8,<8,-6.8,-14.6,0.8688,2.2317,2,-1.2435,1.252,2,3.8928,4.0177,3,0.0228,14.9333,14.9333,0.0
2024-12-12,12,Other,8,12.9,12-<15,-6.9,-19.8,1.9177,6.3553,2,-6.1799,6.2137,2,8.8882,8.9454,3,1.482,8.9258,14.9258,6.0
2024-12-13,12,Other,8,10.2,10-<12,-9.6,-19.8,0.9871,2.8323,2,-2.1648,2.3426,2,4.9394,4.9511,3,0.9827,11.9183,14.9183,3.0
2024-12-14,12,Other,8,9.5,8-<10,-9.9,-19.4,-0.1799,3.3931,2,-5.0705,5.102,2,3.4827,3.6787,3,0.8869,11.9106,14.9106,3.0
2024-12-15,12,Other,8,12.1,12-<15,-7.3,-19.4,-0.4494,3.355,2,-5.5261,5.5546,2,2.7036,2.771,3,1.2702,11.9031,14.9031,3.0
2024-12-16,12,Other,8,13.2,12-<15,-4.4,-17.6,-1.9409,4.1185,2,-7.0255,7.0278,2,2.868,3.0465,3,-1.9751,11.8953,14.8953,3.0
2024-12-17,12,Other,8,13.4,12-<15,-4.4,-17.8,-0.6824,4.5801,2,-6.3784,6.386,2,5.1976,5.2014,3,-0.9116,11.8875,14.8875,3.0
2024-12-18,12,Other,6,11.7,10-<12,-7.0,-18.7,1.2891,2.3015,2,-0.8383,1.3513,0,,,3,1.8045,11.8797,11.8797,0.0
2024-12-19,12,Other,8,9.5,8-<10,-10.3,-19.8,-0.4141,2.5091,2,-3.9219,4.0302,2,1.8508,1.906,3,0.9414,11.8719,14.8719,3.0
2024-12-20,12,Other,7,16.9,15-<18,-2.9,-19.8,2.7752,6.6608,1,-5.3567,5.3567,2,10.5739,10.8693,3,-0.5157,23.8561,14.8639,-8.9922
2024-12-21,12,Other,8,14.2,12-<15,-2.9,-17.1,-1.9336,6.4696,2,-7.6857,7.8829,2,6.1197,6.3438,3,-4.0233,2.8561,14.8561,-12.0
2024-12-22,12,Other,8,9.6,8-<10,-5.3,-14.9,0.0258,2.3881,2,-2.0407,2.0457,2,3.8506,3.9418,3,-1.2507,11.8483,14.8483,3.0
2024-12-23,12,Other,8,8.5,8-<10,-5.4,-13.9,-0.3975,2.1595,2,-3.1051,3.3526,2,1.3419,1.9024,3,0.7673,14.8406,14.8406,0.0
2024-12-24,12,Other,8,10.9,10-<12,-5.4,-16.3,0.2084,3.1541,2,-3.0864,4.0854,2,4.5482,4.7149,3,-0.1983,11.8328,14.8328,3.0
2024-12-25,12,Other,8,9.4,8-<10,-7.8,-17.2,0.5637,3.1063,2,-3.0195,3.0196,2,4.7887,4.7982,3,0.4362,11.825,14.825,3.0
2024-12-26,12,Other,8,13.0,12-<15,-9.3,-22.3,1.8231,4.6254,2,-3.1922,3.2172,2,7.0004,7.0013,3,1.4226,11.8172,14.8172,3.0
2024-12-27,12,Other,8,7.9,<8,-14.8,-22.7,-0.593,2.0314,2,-0.8538,1.1595,2,1.3819,1.5533,3,-2.1942,23.8019,14.8094,-8.9925
2024-12-28,12,Other,8,20.5,>=20,-2.2,-22.7,-4.3777,5.9311,2,-8.1794,8.3156,2,-0.602,3.3325,3,-6.1755,17.8019,14.8019,-3.0
2024-12-29,12,Other,8,13.3,12-<15,-2.2,-15.5,-1.1083,4.5967,2,-5.6422,5.6437,2,5.7338,5.8481,3,-2.7747,11.7942,14.7942,3.0
2024-12-30,12,Other,8,9.2,8-<10,-5.0,-14.2,-1.5071,4.1852,2,-4.5472,4.8038,2,2.3369,3.3862,3,-3.9044,2.7867,14.7867,-12.0
2024-12-31,12,Other,8,10.9,10-<12,-3.3,-14.2,-1.9379,4.7711,2,-4.2654,4.7825,2,4.837,4.9288,3,-4.7038,23.7792,14.7792,-9.0
