solar_date,month,season,n_points,formal_dtr_c,daily_rmse_c,daily_mae_c,daily_mbe_c
2000-01-01,1,Other,7,10.8,5.3659,4.9486,1.3472
2000-01-02,1,Other,8,13.1,4.9355,4.2046,-2.8392
2000-01-03,1,Other,9,7.1,3.5196,3.3024,1.658
2000-01-04,1,Other,8,10.2,5.7779,5.5559,1.592
2000-01-06,1,Other,6,7.6,2.3258,1.811,-1.2809
2000-01-07,1,Other,8,8.9,6.5145,4.6138,-2.9112
2000-01-08,1,Other,8,15.7,9.6556,8.8169,0.5139
2000-01-09,1,Other,7,13.9,7.2029,5.864,-5.2413
2000-01-10,1,Other,9,4.3,2.5462,2.2027,0.668
2000-01-11,1,Other,8,6.1,1.033,0.7398,0.1266
2000-01-12,1,Other,8,12.3,2.3607,2.0278,0.4887
2000-01-13,1,Other,8,10.9,3.1462,2.2374,-1.2007
2000-01-14,1,Other,7,7.0,2.8337,2.3024,1.9431
2000-01-15,1,Other,8,11.0,1.6208,1.3518,0.1023
2000-01-16,1,Other,8,7.9,2.2524,1.7314,-1.3653
2000-01-17,1,Other,8,8.4,4.0301,3.2061,2.3061
2000-01-18,1,Other,8,8.5,1.6815,1.1629,0.5165
2000-01-19,1,Other,8,11.8,3.9143,3.0048,-2.7893
2000-01-20,1,Other,8,7.1,3.5202,3.0427,2.2515
2000-01-21,1,Other,8,6.2,0.7614,0.6443,0.1368
2000-01-22,1,Other,8,7.5,2.9833,2.2444,2.0973
2000-01-23,1,Other,8,8.8,2.6511,2.0808,0.4344
2000-01-24,1,Other,8,5.3,1.0128,0.8539,-0.3849
2000-01-25,1,Other,9,4.3,0.9049,0.7504,-0.0485
2000-01-26,1,Other,8,5.6,1.0671,0.9248,-0.6335
2000-01-27,1,Other,8,7.9,1.5565,1.2239,0.6723
2000-01-28,1,Other,8,5.1,1.3431,1.0956,-0.7844
2000-01-29,1,Other,8,8.6,2.482,2.0434,1.2177
2000-01-30,1,Other,8,6.7,2.0315,1.8327,0.2442
2000-01-31,1,Other,8,7.8,2.7188,2.0888,-1.6003
2000-02-01,2,Other,8,9.8,3.3039,2.6319,1.657
2000-02-02,2,Other,8,5.3,1.2281,1.02,-0.3273
2000-02-03,2,Other,8,5.7,1.0823,0.9029,0.1426
2000-02-04,2,Other,8,6.7,2.1731,1.809,-0.7938
2000-02-05,2,Other,8,6.6,1.8344,1.6874,0.0166
2000-02-06,2,Other,8,5.8,2.1887,1.8935,1.413
2000-02-07,2,Other,8,6.6,0.9406,0.7693,-0.3106
2000-02-08,2,Other,8,6.7,1.9342,1.5819,-0.1104
2000-02-09,2,Other,8,7.7,2.4729,2.0632,1.2331
2000-02-10,2,Other,8,11.9,2.4039,2.159,-1.0643
2000-02-11,2,Other,8,3.8,1.8032,1.5212,1.2689
2000-02-12,2,Other,8,8.4,1.7556,1.5223,0.1815
2000-02-13,2,Other,8,11.6,4.1267,3.1847,2.1286
2000-02-14,2,Other,8,7.3,1.196,1.039,0.3951
2000-02-15,2,Other,8,9.1,2.3663,1.9813,-0.9663
2000-02-16,2,Other,8,10.0,1.7885,1.526,-0.8229
2000-02-17,2,Other,8,4.2,2.2974,2.1098,1.2456
2000-02-18,2,Other,7,7.1,1.992,1.5535,0.9213
2000-02-19,2,Other,6,7.8,1.4083,0.9739,0.773
2000-02-20,2,Other,8,5.9,1.6344,1.3554,0.3755
2000-02-21,2,Other,7,1.8,1.1265,1.0928,0.1915
2000-02-22,2,Other,8,2.7,1.2476,1.0932,0.5336
2000-02-23,2,Other,8,9.1,1.1581,1.0025,-0.0424
2000-02-24,2,Other,8,9.0,3.3454,2.6252,1.769
2000-02-25,2,Other,8,10.0,2.4979,2.1404,-1.2093
2000-02-26,2,Other,8,10.3,3.4207,3.0559,0.9136
2000-02-27,2,Other,8,7.3,2.0521,1.6511,0.1126
2000-02-28,2,Other,7,15.5,2.6179,2.1675,-0.8361
2000-02-29,2,Other,8,8.1,1.8147,1.5663,-0.7135
2000-03-01,3,Other,9,4.0,2.45,2.2202,0.4277
2000-03-02,3,Other,8,9.6,2.8351,2.2997,1.6039
2000-03-03,3,Other,8,7.6,1.8185,1.4073,0.7845
2000-03-04,3,Other,7,6.6,0.8444,0.5614,0.0502
2000-03-05,3,Other,8,6.6,1.0431,0.8372,-0.1619
2000-03-06,3,Other,8,7.6,1.8872,1.3921,-0.9713
2000-03-07,3,Other,8,6.0,1.2994,1.144,-0.4099
2000-03-08,3,Other,7,8.6,2.6949,2.2415,0.6241
2000-03-09,3,Other,7,7.9,1.3492,0.9685,-0.1386
2000-03-10,3,Other,8,4.9,1.7591,1.4845,0.6427
2000-03-11,3,Other,7,7.4,1.1212,0.8259,0.1547
2000-03-12,3,Other,8,8.0,1.4099,1.0604,0.3028
2000-03-13,3,Other,8,9.3,1.9324,1.4186,0.5791
2000-03-14,3,Other,8,10.5,1.8496,1.5202,0.8217
2000-03-15,3,Other,8,9.5,1.7706,1.274,0.7747
2000-03-16,3,Other,8,9.8,2.697,2.0817,1.2998
2000-03-17,3,Other,7,4.5,2.733,2.44,0.9063
2000-03-18,3,Other,7,5.2,1.0035,0.7728,-0.2886
2000-03-19,3,Other,8,3.2,1.4247,1.1675,0.6783
2000-03-20,3,Other,8,1.8,0.8147,0.735,0.2928
2000-03-21,3,Other,8,5.5,0.7419,0.6262,0.1177
2000-03-22,3,Other,8,9.5,1.4234,1.0776,-0.8205
2000-03-23,3,Other,8,8.9,1.0245,0.7501,-0.6926
2000-03-24,3,Other,8,10.0,1.0321,0.7534,-0.5167
2000-03-25,3,Other,8,12.2,3.0156,2.516,-0.1184
2000-03-26,3,Other,7,13.9,1.619,1.3332,-1.1953
2000-03-27,3,Other,8,9.9,1.1893,0.8128,-0.6728
2000-03-28,3,Other,8,10.8,6.29,5.5804,3.7962
2000-03-29,3,Other,8,4.9,0.7519,0.5742,-0.2488
2000-03-30,3,Other,8,6.5,0.7788,0.58,-0.4027
2000-03-31,3,Other,8,7.4,0.4661,0.4224,-0.0094
2000-04-01,4,Other,8,14.2,1.3459,0.9491,-0.7917
2000-04-02,4,Other,8,8.6,0.7087,0.5104,0.3238
2000-04-03,4,Other,8,9.4,0.6141,0.4109,-0.3295
2000-04-04,4,Other,8,10.8,0.5423,0.4348,-0.225
2000-04-05,4,Other,7,9.8,1.1447,0.8956,-0.5958
2000-04-06,4,Other,8,13.4,1.6657,1.5335,-0.4977
2000-04-07,4,Other,8,10.0,2.2459,2.0301,1.0728
2000-04-08,4,Other,8,8.8,1.4016,1.1288,0.874
2000-04-09,4,Other,8,14.7,2.7045,1.6209,-1.5363
2000-04-10,4,Other,8,8.2,2.6405,2.0416,1.6489
2000-04-11,4,Other,8,11.0,5.5925,4.6534,2.4993
2000-04-12,4,Other,8,10.5,2.816,1.6276,-1.1803
2000-04-13,4,Other,8,11.1,2.3783,1.8495,-1.5407
2000-04-14,4,Other,8,7.6,1.0701,0.8707,0.5671
2000-04-15,4,Other,8,11.0,1.589,1.4229,-0.73
2000-04-16,4,Other,8,7.3,1.5948,0.8404,0.4751
2000-04-17,4,Other,8,9.6,2.4935,2.0245,1.7716
2000-04-18,4,Other,8,7.2,0.918,0.7857,0.1319
2000-04-19,4,Other,8,12.7,1.1719,0.9628,-0.7889
2000-04-20,4,Other,7,11.5,1.263,0.8321,-0.7189
2000-04-21,4,Other,7,13.8,1.2403,0.8901,-0.8901
2000-04-22,4,Other,7,7.7,2.9881,2.5342,2.3199
2000-04-23,4,Other,8,9.5,0.9593,0.718,-0.141
2000-04-24,4,Other,6,12.6,1.5498,1.3816,-1.1493
2000-04-25,4,Other,7,13.5,1.4647,1.0888,-0.7795
2000-04-26,4,Other,8,10.1,1.4828,1.0267,-0.3537
2000-04-27,4,Other,8,8.6,5.064,4.5456,3.2609
2000-04-28,4,Other,8,11.4,1.0735,0.8637,-0.606
2000-04-29,4,Other,8,13.2,1.3001,1.1552,-0.6853
2000-04-30,4,Other,8,9.3,0.9061,0.7544,0.7103
2000-05-01,5,May-Sep,8,9.6,0.6458,0.5638,-0.0228
2000-05-02,5,May-Sep,8,10.9,4.336,3.6955,0.0225
2000-05-03,5,May-Sep,8,8.6,1.2255,0.9277,-0.6941
2000-05-04,5,May-Sep,8,13.0,1.9197,1.3145,-1.2735
2000-05-05,5,May-Sep,7,11.6,2.9235,1.725,0.9899
2000-05-06,5,May-Sep,8,24.2,12.3934,10.4035,8.743
2000-05-07,5,May-Sep,8,13.1,2.2726,1.5284,-0.8996
2000-05-08,5,May-Sep,8,13.0,1.6423,1.4194,-0.5891
2000-05-09,5,May-Sep,8,16.2,1.1348,0.8886,-0.4542
2000-05-10,5,May-Sep,8,11.6,0.9777,0.8686,-0.2539
2000-05-11,5,May-Sep,8,12.5,2.8152,1.8071,1.0637
2000-05-12,5,May-Sep,7,11.9,5.103,3.9865,3.3518
2000-05-13,5,May-Sep,8,9.1,1.3573,0.9926,-0.0904
2000-05-14,5,May-Sep,8,9.3,2.2203,1.6825,0.4688
2000-05-15,5,May-Sep,8,9.3,0.6123,0.4688,0.0631
2000-05-16,5,May-Sep,8,13.0,1.3503,1.1043,-0.8449
2000-05-17,5,May-Sep,8,15.3,1.4657,1.1301,-0.9294
2000-05-18,5,May-Sep,8,15.7,1.5231,1.2373,-0.7507
2000-05-19,5,May-Sep,8,10.0,2.2357,1.771,1.587
2000-05-20,5,May-Sep,8,9.2,0.8442,0.637,0.0186
2000-05-21,5,May-Sep,8,13.8,1.6277,1.2617,-0.3883
2000-05-22,5,May-Sep,8,18.3,8.621,7.6222,5.8335
2000-05-23,5,May-Sep,8,5.7,0.8901,0.7679,-0.063
2000-05-24,5,May-Sep,8,10.8,1.0308,0.8765,-0.7052
2000-05-25,5,May-Sep,8,13.4,1.7887,1.1924,-1.0633
2000-05-26,5,May-Sep,8,7.4,2.4926,2.1708,2.0541
2000-05-27,5,May-Sep,7,9.3,3.253,2.347,2.1533
2000-05-28,5,May-Sep,8,12.3,1.6018,1.3107,0.448
2000-05-29,5,May-Sep,8,12.8,2.1155,1.6902,-1.0233
2000-05-30,5,May-Sep,8,8.7,0.6631,0.6017,-0.254
2000-05-31,5,May-Sep,8,10.9,0.9264,0.774,-0.4277
2000-06-01,6,May-Sep,8,10.5,2.8885,2.3926,1.6431
2000-06-02,6,May-Sep,8,8.9,4.1431,3.2037,0.8365
2000-06-03,6,May-Sep,8,7.5,1.3275,1.1576,0.3206
2000-06-04,6,May-Sep,8,10.0,3.0203,2.4939,1.881
2000-06-05,6,May-Sep,8,8.0,0.4396,0.4033,-0.2125
2000-06-06,6,May-Sep,8,16.1,1.7631,1.2537,-0.8426
2000-06-07,6,May-Sep,8,14.8,1.3518,1.0519,-0.8316
2000-06-08,6,May-Sep,8,14.5,1.9514,1.5067,-0.96
2000-06-09,6,May-Sep,7,9.8,4.8494,3.9997,3.9997
2000-06-10,6,May-Sep,8,10.0,5.0731,4.3735,3.3854
2000-06-11,6,May-Sep,8,6.7,3.7045,3.2994,2.4174
2000-06-12,6,May-Sep,8,7.4,1.6706,1.3685,-0.5637
2000-06-13,6,May-Sep,8,12.9,1.6071,1.2857,-0.9357
2000-06-14,6,May-Sep,8,11.0,0.8192,0.7036,-0.3949
2000-06-15,6,May-Sep,8,7.9,0.8884,0.7731,-0.2854
2000-06-16,6,May-Sep,8,10.7,0.9848,0.7253,-0.4128
2000-06-17,6,May-Sep,8,8.1,0.7845,0.573,0.4335
2000-06-18,6,May-Sep,8,9.7,3.6269,3.2228,1.7751
2000-06-19,6,May-Sep,8,11.4,1.6225,1.0579,-0.5309
2000-06-20,6,May-Sep,8,10.2,0.9639,0.8861,-0.1119
2000-06-21,6,May-Sep,8,9.2,0.7502,0.6335,-0.2255
2000-06-22,6,May-Sep,7,7.7,1.2521,1.0766,0.0911
2000-06-23,6,May-Sep,8,10.1,1.6937,1.4477,0.3089
2000-06-24,6,May-Sep,8,11.8,1.3566,0.9654,-0.6236
2000-06-25,6,May-Sep,8,10.0,0.9504,0.7517,-0.4833
2000-06-26,6,May-Sep,8,12.9,1.4924,1.2869,-0.249
2000-06-27,6,May-Sep,8,12.3,0.947,0.7765,-0.4788
2000-06-28,6,May-Sep,8,13.4,0.8849,0.7974,-0.1913
2000-06-29,6,May-Sep,8,9.6,4.2873,3.7138,3.3621
2000-06-30,6,May-Sep,8,9.9,2.6984,2.2133,0.5296
2000-07-01,7,May-Sep,8,10.3,0.7615,0.6388,0.0617
2000-07-02,7,May-Sep,8,10.3,3.9434,2.5073,2.1587
2000-07-03,7,May-Sep,8,11.3,3.2883,2.7948,2.3417
2000-07-04,7,May-Sep,8,9.1,1.0644,0.7851,-0.3257
2000-07-05,7,May-Sep,7,10.8,1.0189,0.8232,-0.4167
2000-07-06,7,May-Sep,8,12.9,0.6332,0.3793,-0.2467
2000-07-07,7,May-Sep,8,14.1,1.1325,0.9093,-0.5877
2000-07-08,7,May-Sep,8,10.6,0.6153,0.5047,0.1803
2000-07-09,7,May-Sep,8,12.0,0.5817,0.4546,-0.282
2000-07-10,7,May-Sep,8,14.7,0.8915,0.7176,-0.0563
2000-07-11,7,May-Sep,7,11.7,1.564,1.1555,0.8205
2000-07-12,7,May-Sep,6,10.5,1.927,1.7643,-0.2402
2000-07-13,7,May-Sep,8,9.4,2.0118,1.632,1.3317
2000-07-14,7,May-Sep,8,11.6,0.8655,0.6452,-0.3071
2000-07-15,7,May-Sep,7,10.2,5.7553,5.0602,3.4179
2000-07-16,7,May-Sep,7,9.7,1.4032,1.1431,-0.0401
2000-07-17,7,May-Sep,9,6.1,2.9665,2.5899,2.1365
2000-07-18,7,May-Sep,8,6.6,1.6606,1.3471,0.396
2000-07-19,7,May-Sep,8,9.3,1.0241,0.8213,0.0095
2000-07-20,7,May-Sep,8,9.4,1.1372,0.9151,-0.245
2000-07-21,7,May-Sep,8,9.6,0.9939,0.7603,-0.3859
2000-07-22,7,May-Sep,7,8.4,1.8465,1.4935,0.9505
2000-07-23,7,May-Sep,8,6.8,1.6949,1.3651,0.0266
2000-07-24,7,May-Sep,8,8.9,1.157,0.8412,-0.2772
2000-07-25,7,May-Sep,8,3.4,1.5261,1.263,1.0396
2000-07-26,7,May-Sep,8,11.5,1.1484,0.8071,-0.6369
2000-07-27,7,May-Sep,8,8.7,0.4515,0.4141,-0.0742
2000-07-28,7,May-Sep,8,13.3,1.1446,0.8969,-0.8252
2000-07-29,7,May-Sep,8,11.1,1.2138,0.9863,-0.1756
2000-07-30,7,May-Sep,8,10.2,2.3643,2.0511,0.1251
2000-07-31,7,May-Sep,8,7.0,1.0072,0.8977,0.3949
2000-08-01,8,May-Sep,8,9.1,1.9564,1.6169,0.8337
2000-08-02,8,May-Sep,8,9.2,1.3875,1.115,0.6308
2000-08-03,8,May-Sep,8,10.8,1.0196,0.8422,0.4009
2000-08-04,8,May-Sep,8,10.7,5.2056,4.2548,3.1458
2000-08-05,8,May-Sep,8,9.8,0.6644,0.5575,-0.3767
2000-08-06,8,May-Sep,8,12.6,0.769,0.5685,-0.3772
2000-08-07,8,May-Sep,8,13.8,0.4679,0.4264,0.1488
2000-08-08,8,May-Sep,8,13.5,0.7591,0.4869,-0.3086
2000-08-09,8,May-Sep,8,11.0,1.2274,1.0997,0.0118
2000-08-10,8,May-Sep,7,11.1,5.239,4.3709,4.3612
2000-08-11,8,May-Sep,7,9.3,2.4357,1.7725,0.8362
2000-08-12,8,May-Sep,8,7.5,0.5725,0.4063,0.0484
2000-08-13,8,May-Sep,8,13.0,0.8474,0.6604,-0.5654
2000-08-14,8,May-Sep,8,13.1,1.74,1.1881,-0.8838
2000-08-15,8,May-Sep,7,7.7,0.9453,0.8062,0.2734
2000-08-16,8,May-Sep,8,10.6,0.9471,0.7718,-0.2618
2000-08-17,8,May-Sep,8,11.7,0.9126,0.799,-0.3411
2000-08-18,8,May-Sep,8,10.0,5.3507,4.7084,2.9277
2000-08-19,8,May-Sep,8,7.1,1.2613,0.9416,-0.5515
2000-08-20,8,May-Sep,8,10.8,0.7582,0.6172,-0.2076
2000-08-21,8,May-Sep,8,13.4,1.3297,1.1052,-0.4662
2000-08-22,8,May-Sep,8,10.6,0.6507,0.5471,-0.0681
2000-08-23,8,May-Sep,8,14.1,1.132,0.8115,0.3188
2000-08-24,8,May-Sep,8,15.9,8.1694,6.7006,5.1566
2000-08-25,8,May-Sep,8,10.3,0.8766,0.6203,-0.4834
2000-08-26,8,May-Sep,8,12.2,0.868,0.5455,-0.1834
2000-08-27,8,May-Sep,8,13.3,0.7143,0.5795,-0.4694
2000-08-28,8,May-Sep,8,13.8,1.0039,0.8718,-0.0913
2000-08-29,8,May-Sep,8,13.7,1.4003,1.1177,0.4645
2000-08-30,8,May-Sep,8,9.7,3.0232,2.4099,2.2181
2000-08-31,8,May-Sep,8,9.8,2.715,2.2071,1.8498
2000-09-01,9,May-Sep,7,11.6,4.6872,4.2275,1.9281
2000-09-02,9,May-Sep,8,12.4,1.8495,1.2719,-0.7426
2000-09-03,9,May-Sep,8,10.3,0.7945,0.4701,-0.4701
2000-09-04,9,May-Sep,8,15.5,3.0706,1.9517,-1.3202
2000-09-05,9,May-Sep,8,6.0,0.8632,0.6813,0.4078
2000-09-06,9,May-Sep,7,9.3,2.4009,2.0308,0.9833
2000-09-07,9,May-Sep,8,10.6,1.3635,0.9541,-0.2458
2000-09-08,9,May-Sep,6,8.6,1.499,1.305,-0.294
2000-09-09,9,May-Sep,8,7.9,0.5175,0.3847,-0.302
2000-09-10,9,May-Sep,8,10.9,0.7924,0.604,-0.1047
2000-09-11,9,May-Sep,8,12.3,0.6365,0.568,-0.2908
2000-09-12,9,May-Sep,8,12.5,1.3848,0.9934,0.1246
2000-09-13,9,May-Sep,8,14.3,0.9452,0.7948,-0.107
2000-09-14,9,May-Sep,8,14.2,1.0268,0.7596,0.1487
2000-09-15,9,May-Sep,8,10.1,1.4605,1.1524,0.4135
2000-09-16,9,May-Sep,8,6.6,1.3315,1.0383,0.1988
2000-09-17,9,May-Sep,8,11.1,1.1476,0.7566,-0.2516
2000-09-18,9,May-Sep,8,8.3,1.0631,0.9698,0.2131
2000-09-19,9,May-Sep,8,10.8,3.1304,2.2778,-1.847
2000-09-20,9,May-Sep,8,15.3,8.1941,7.1138,3.4921
2000-09-21,9,May-Sep,8,8.5,0.6192,0.44,-0.1682
2000-09-22,9,May-Sep,8,10.0,1.502,1.0583,-0.8785
2000-09-23,9,May-Sep,8,9.6,1.0182,0.8233,-0.5658
2000-09-24,9,May-Sep,7,14.2,1.5849,1.3261,-0.5784
2000-09-25,9,May-Sep,7,12.7,1.8087,1.3473,-0.8263
2000-09-26,9,May-Sep,8,16.5,8.1154,7.073,3.0098
2000-09-27,9,May-Sep,8,5.6,0.9872,0.75,0.0593
2000-09-28,9,May-Sep,8,8.3,0.7741,0.5316,-0.4212
2000-09-29,9,May-Sep,8,11.7,1.4157,0.9136,-0.3353
2000-09-30,9,May-Sep,8,7.7,1.9479,1.7099,0.419
2000-10-01,10,Other,8,5.0,0.7001,0.5458,0.1957
2000-10-02,10,Other,8,8.6,0.8921,0.6614,-0.4912
2000-10-03,10,Other,8,7.2,0.4299,0.3486,-0.0092
2000-10-04,10,Other,8,11.9,0.917,0.811,0.1538
2000-10-05,10,Other,8,8.6,4.474,3.906,2.3777
2000-10-06,10,Other,8,5.0,0.5412,0.4821,0.2151
2000-10-07,10,Other,8,8.3,1.3252,1.0415,0.3745
2000-10-08,10,Other,7,8.8,4.9091,4.4993,1.5465
2000-10-09,10,Other,8,5.5,1.1068,0.8409,0.5263
2000-10-10,10,Other,8,7.8,0.7692,0.6185,0.0107
2000-10-11,10,Other,8,6.9,0.5362,0.4898,0.1225
2000-10-12,10,Other,8,7.8,0.8649,0.4677,-0.3626
2000-10-13,10,Other,8,9.8,1.1378,0.818,-0.4366
2000-10-14,10,Other,8,10.7,1.0692,0.8906,-0.2124
2000-10-15,10,Other,8,11.1,4.2669,3.9862,-0.1964
2000-10-16,10,Other,8,7.5,2.2337,1.7232,0.6771
2000-10-17,10,Other,8,7.0,3.1612,2.234,1.803
2000-10-18,10,Other,8,5.1,0.6161,0.5437,0.2075
2000-10-19,10,Other,8,5.2,0.7946,0.6827,-0.4872
2000-10-20,10,Other,8,6.3,0.5111,0.4606,0.0164
2000-10-21,10,Other,8,8.3,3.5724,3.1401,0.8452
2000-10-22,10,Other,8,8.0,4.1255,3.5476,0.8893
2000-10-23,10,Other,8,5.6,1.4676,1.056,-0.5174
2000-10-24,10,Other,8,6.1,0.5252,0.4199,-0.367
2000-10-25,10,Other,8,9.2,1.1856,0.9095,0.2727
2000-10-26,10,Other,8,4.4,1.5166,1.0812,0.7357
2000-10-27,10,Other,8,3.8,0.8401,0.6764,0.559
2000-10-28,10,Other,7,9.0,2.3713,2.0064,0.5004
2000-10-29,10,Other,8,10.8,2.0422,1.6265,0.6893
2000-10-30,10,Other,8,7.3,2.6676,1.9469,1.567
2000-10-31,10,Other,8,6.2,1.1269,0.8878,-0.0743
2000-11-01,11,Other,8,6.0,0.749,0.5004,-0.0314
2000-11-02,11,Other,8,8.0,4.2626,3.9048,0.6821
2000-11-03,11,Other,8,7.6,1.2269,0.9136,0.4338
2000-11-04,11,Other,8,7.9,0.4582,0.3495,0.0893
2000-11-05,11,Other,8,4.7,2.659,2.2528,1.2926
2000-11-06,11,Other,8,5.5,0.9716,0.6881,-0.4879
2000-11-07,11,Other,8,4.3,0.8046,0.615,-0.243
2000-11-08,11,Other,6,2.7,0.2915,0.2522,0.2522
2000-11-09,11,Other,8,6.4,1.362,1.0464,-0.8075
2000-11-10,11,Other,8,6.6,0.9035,0.7773,-0.372
2000-11-11,11,Other,7,6.2,0.6949,0.4776,-0.1404
2000-11-12,11,Other,8,7.2,0.6078,0.438,-0.0374
2000-11-13,11,Other,6,6.7,1.2233,0.8901,-0.455
2000-11-14,11,Other,7,3.6,1.1948,1.0323,-0.0057
2000-11-15,11,Other,8,9.5,1.9989,1.5434,1.2342
2000-11-16,11,Other,8,4.7,1.041,0.7849,0.4858
2000-11-17,11,Other,8,3.2,0.6461,0.4832,-0.4317
2000-11-18,11,Other,7,6.8,2.1,1.7829,0.1971
2000-11-19,11,Other,8,10.1,2.5509,2.1056,0.8396
2000-11-20,11,Other,8,5.9,2.1598,1.3755,-0.6203
2000-11-21,11,Other,8,8.0,2.1031,1.562,1.0647
2000-11-22,11,Other,7,6.0,1.597,1.4948,-0.3477
2000-11-23,11,Other,8,7.5,1.4325,1.0558,0.311
2000-11-24,11,Other,8,2.8,1.3452,1.2167,-0.1076
2000-11-25,11,Other,8,3.8,1.7287,1.4445,0.8046
2000-11-26,11,Other,8,2.9,1.1581,0.8974,0.5333
2000-11-27,11,Other,8,3.9,1.2884,1.022,-0.143
2000-11-28,11,Other,8,14.9,6.2416,5.0366,2.7765
2000-11-29,11,Other,7,18.5,4.379,3.4111,2.6434
2000-11-30,11,Other,8,10.6,5.9776,4.7538,-3.8512
2000-12-01,12,Other,9,8.1,1.5092,1.3654,-0.3406
2000-12-02,12,Other,8,11.8,7.4505,6.4943,-0.1506
2000-12-03,12,Other,8,14.2,4.6079,3.8562,-3.2871
2000-12-04,12,Other,8,13.5,8.1144,7.1284,1.2402
2000-12-05,12,Other,8,13.1,3.975,3.5447,-0.3015
2000-12-06,12,Other,8,13.3,3.932,2.6119,2.33
2000-12-07,12,Other,8,9.1,2.9406,2.4404,0.2677
2000-12-08,12,Other,8,4.9,1.9932,1.7234,0.8337
2000-12-09,12,Other,8,4.7,2.8254,2.6417,0.2205
2000-12-10,12,Other,8,3.0,1.7781,1.1802,-1.1034
2000-12-11,12,Other,8,14.4,5.5789,4.6004,0.1819
2000-12-12,12,Other,8,7.2,3.1231,2.6633,-0.2424
2000-12-13,12,Other,7,7.4,2.1475,1.6234,-1.6234
2000-12-14,12,Other,8,11.0,4.552,3.9162,1.5542
2000-12-15,12,Other,8,12.3,3.9367,3.2642,0.9993
2000-12-16,12,Other,8,14.4,2.4175,1.6091,-0.9991
2000-12-17,12,Other,8,11.3,4.2377,3.4627,0.6513
2000-12-18,12,Other,8,8.0,3.5376,2.8427,-2.058
2000-12-19,12,Other,8,11.5,5.352,4.8679,1.6461
2000-12-20,12,Other,8,8.7,3.5838,2.9196,-0.5343
2000-12-21,12,Other,8,13.1,3.3133,2.8388,-0.6064
2000-12-22,12,Other,8,13.3,4.1385,3.605,-1.3216
2000-12-23,12,Other,8,14.0,5.1721,4.8336,0.8784
2000-12-24,12,Other,8,13.0,4.9712,4.1655,-0.5393
2000-12-25,12,Other,8,8.8,4.0082,3.2255,1.7184
2000-12-26,12,Other,8,5.6,1.8597,1.6362,0.3311
2000-12-27,12,Other,8,6.0,2.3695,1.7702,-1.6219
2000-12-28,12,Other,8,8.4,2.1794,2.0025,-0.8901
2000-12-29,12,Other,8,8.1,1.3612,1.1602,0.5316
2000-12-30,12,Other,8,8.5,4.0232,3.5274,-0.6456
2000-12-31,12,Other,8,13.5,3.7331,3.4486,-0.4949
2001-01-01,1,Other,8,8.5,2.253,1.7482,-1.432
2001-01-02,1,Other,8,5.3,2.8344,2.6629,1.4551
2001-01-03,1,Other,8,4.7,0.9271,0.7717,-0.3522
2001-01-04,1,Other,8,11.4,3.2621,2.4888,-1.8913
2001-01-05,1,Other,8,10.3,1.8827,1.5703,-0.6127
2001-01-06,1,Other,8,10.6,5.1619,4.6948,2.4817
2001-01-07,1,Other,8,8.4,4.2556,3.8798,1.6357
2001-01-08,1,Other,7,7.4,3.3653,2.7121,0.5656
2001-01-09,1,Other,8,9.7,3.4009,2.6359,-1.5977
2001-01-10,1,Other,7,13.4,6.2102,4.9873,-1.0545
2001-01-11,1,Other,8,17.9,6.6974,5.5425,-4.4683
2001-01-12,1,Other,8,5.8,2.2651,1.9474,0.699
2001-01-13,1,Other,8,4.3,1.8113,1.5698,0.9012
2001-01-14,1,Other,7,6.9,1.7818,1.5936,-0.5582
2001-01-15,1,Other,8,14.6,4.5651,3.3591,2.8033
2001-01-16,1,Other,7,18.1,7.3638,5.4464,2.6656
2001-01-17,1,Other,8,6.1,2.6187,2.4446,0.03
2001-01-18,1,Other,7,8.0,1.6863,1.3405,-0.6921
2001-01-19,1,Other,8,8.3,2.6804,2.1528,0.4212
2001-01-20,1,Other,8,12.5,3.3161,2.5048,0.8354
2001-01-21,1,Other,8,7.0,1.7784,1.4192,-0.1882
2001-01-22,1,Other,8,3.8,1.0224,0.7782,-0.0357
2001-01-23,1,Other,8,3.2,1.322,1.1342,0.0284
2001-01-24,1,Other,8,9.4,2.6207,2.4004,-0.1967
2001-01-25,1,Other,8,10.3,2.6442,1.9131,-0.6075
2001-01-26,1,Other,8,5.7,2.2448,2.0056,-0.1769
2001-01-27,1,Other,8,4.4,1.4436,1.1193,0.7909
2001-01-28,1,Other,8,5.8,1.2094,1.0488,0.0498
2001-01-29,1,Other,8,10.6,3.4162,2.8783,-0.8099
2001-01-30,1,Other,8,8.1,2.263,2.0059,-0.5354
2001-01-31,1,Other,8,4.8,1.7335,1.47,0.5681
2001-02-01,2,Other,8,6.2,2.7927,2.2814,0.5565
2001-02-02,2,Other,8,13.1,2.7683,2.2823,-0.0537
2001-02-03,2,Other,8,11.0,4.0359,3.3372,2.6443
2001-02-04,2,Other,8,6.4,1.866,1.6114,1.1347
2001-02-05,2,Other,8,4.5,1.9879,1.5364,1.1017
2001-02-06,2,Other,8,5.1,1.1259,0.9789,-0.4758
2001-02-07,2,Other,8,7.9,2.073,1.7549,-0.7143
2001-02-08,2,Other,8,9.1,2.6209,2.2968,0.2194
2001-02-09,2,Other,8,7.0,2.027,1.739,-1.0699
2001-02-10,2,Other,8,7.3,2.4387,2.2739,-0.8163
2001-02-11,2,Other,8,6.6,2.4863,2.2081,0.9354
2001-02-12,2,Other,8,11.6,4.9229,3.6558,2.9566
2001-02-13,2,Other,8,13.7,4.9682,4.395,-1.268
2001-02-14,2,Other,8,11.3,5.0069,3.8369,2.9018
2001-02-15,2,Other,8,5.8,0.7631,0.5219,-0.1574
2001-02-16,2,Other,8,9.0,2.2197,1.8472,-0.6043
2001-02-17,2,Other,8,12.3,3.7303,3.1301,-2.8002
2001-02-18,2,Other,8,9.1,2.51,2.1317,-0.0309
2001-02-19,2,Other,8,7.1,1.775,1.4856,0.3588
2001-02-20,2,Other,8,5.3,2.329,1.739,-0.7379
2001-02-21,2,Other,7,3.2,0.9863,0.8704,0.3883
2001-02-22,2,Other,8,5.6,2.9847,2.748,1.022
2001-02-23,2,Other,8,6.9,1.0367,0.891,-0.2722
2001-02-24,2,Other,8,8.8,2.3877,1.964,-0.0737
2001-02-25,2,Other,8,7.1,2.7894,2.3207,1.6824
2001-02-26,2,Other,8,8.0,1.9587,1.415,-0.9682
2001-02-27,2,Other,8,12.9,3.9139,2.7995,2.6459
2001-02-28,2,Other,8,11.2,1.753,1.4592,0.4511
2001-03-01,3,Other,8,7.4,3.1524,2.5902,2.4468
2001-03-02,3,Other,8,10.9,2.2269,1.8165,1.0921
2001-03-03,3,Other,8,7.9,1.6798,1.2535,0.6688
2001-03-04,3,Other,8,4.2,0.5891,0.5402,0.0365
2001-03-05,3,Other,8,3.9,1.505,1.2424,0.8113
2001-03-06,3,Other,8,5.9,0.7416,0.5704,-0.0671
2001-03-07,3,Other,7,6.2,0.4561,0.3912,0.0357
2001-03-08,3,Other,8,8.8,2.5371,1.9611,-1.372
2001-03-09,3,Other,8,10.3,2.4062,1.9935,0.3337
2001-03-10,3,Other,7,12.0,5.0542,4.1778,-0.2492
2001-03-11,3,Other,8,11.2,3.4628,2.7614,2.6761
2001-03-12,3,Other,8,5.2,2.9872,2.57,2.0139
2001-03-13,3,Other,8,5.4,1.0879,1.0468,-0.4622
2001-03-14,3,Other,8,5.5,0.9617,0.8848,0.1642
2001-03-15,3,Other,8,5.9,0.5046,0.343,0.2342
2001-03-16,3,Other,8,7.6,0.9314,0.6148,-0.3477
2001-03-17,3,Other,8,8.6,1.0248,0.6515,-0.2632
2001-03-18,3,Other,8,10.5,0.7721,0.6317,-0.3076
2001-03-19,3,Other,8,10.5,1.0566,0.8337,-0.7134
2001-03-20,3,Other,8,9.0,1.2334,0.8877,-0.229
2001-03-21,3,Other,8,7.2,0.697,0.6513,-0.3036
2001-03-22,3,Other,8,10.0,0.9428,0.6874,-0.51
2001-03-23,3,Other,8,9.7,0.9534,0.7854,-0.1613
2001-03-24,3,Other,8,11.9,1.2625,0.7249,-0.4907
2001-03-25,3,Other,8,12.1,1.1306,0.9025,-0.7241
2001-03-26,3,Other,8,10.8,1.0976,0.6892,-0.1851
2001-03-27,3,Other,8,17.4,3.4997,1.9366,-1.4103
2001-03-28,3,Other,8,7.1,2.5955,1.7765,1.453
2001-03-29,3,Other,8,12.0,1.024,0.669,-0.182
2001-03-30,3,Other,8,12.8,0.7567,0.6842,-0.1852
2001-03-31,3,Other,8,11.9,1.2987,0.9845,-0.4673
2001-04-01,4,Other,8,10.6,1.1647,0.9704,-0.3084
2001-04-02,4,Other,8,18.0,10.28,8.9109,6.5795
2001-04-03,4,Other,8,6.6,0.9419,0.8217,-0.5431
2001-04-04,4,Other,8,12.3,3.3593,1.9773,-1.5329
2001-04-05,4,Other,8,12.8,7.3585,6.7814,0.294
2001-04-06,4,Other,8,9.8,1.3972,0.8646,-0.4107
2001-04-07,4,Other,7,16.2,9.9268,8.3951,4.5195
2001-04-08,4,Other,8,7.6,1.8994,1.4485,-0.5836
2001-04-09,4,Other,8,8.6,0.8771,0.6857,-0.612
2001-04-10,4,Other,8,11.0,2.6055,1.9599,-1.4864
2001-04-11,4,Other,8,9.0,0.7716,0.6503,-0.1686
2001-04-12,4,Other,8,13.0,1.3891,1.1664,-0.6747
2001-04-13,4,Other,8,14.2,2.1179,1.567,-0.7123
2001-04-14,4,Other,8,7.3,1.8023,1.1717,1.04
2001-04-15,4,Other,8,16.5,3.0701,1.859,-1.4714
2001-04-16,4,Other,8,11.6,4.2747,3.8077,3.0551
2001-04-17,4,Other,9,10.7,1.1626,0.9093,-0.3067
2001-04-18,4,Other,8,9.2,4.3701,3.8176,3.0728
2001-04-19,4,Other,8,10.5,1.3568,1.0126,-0.514
2001-04-20,4,Other,8,9.1,0.6964,0.5795,0.0811
2001-04-21,4,Other,8,10.1,1.3225,1.1518,0.1459
2001-04-22,4,Other,8,9.3,0.6603,0.5797,0.1262
2001-04-23,4,Other,8,11.7,1.0807,0.8467,-0.8467
2001-04-24,4,Other,8,10.6,0.8609,0.6508,-0.3914
2001-04-25,4,Other,8,7.0,1.1345,1.0024,0.4754
2001-04-26,4,Other,8,9.4,2.102,1.8537,0.9418
2001-04-27,4,Other,8,11.5,2.1936,1.7064,-1.2525
2001-04-28,4,Other,8,17.8,8.0282,6.8308,4.8226
2001-04-29,4,Other,8,15.9,2.2126,1.4936,-0.936
2001-04-30,4,Other,8,11.7,1.6795,1.3128,-1.0384
2001-05-01,5,May-Sep,8,7.7,0.9596,0.8258,0.1063
2001-05-02,5,May-Sep,8,7.5,0.6431,0.5562,-0.0788
2001-05-03,5,May-Sep,8,13.9,0.6351,0.5141,0.3947
2001-05-04,5,May-Sep,8,9.8,3.8038,3.2073,3.0602
2001-05-05,5,May-Sep,8,8.4,0.9088,0.7664,0.0458
2001-05-06,5,May-Sep,8,11.0,0.9494,0.7894,-0.6648
2001-05-07,5,May-Sep,8,14.2,2.2064,1.6577,-0.9558
2001-05-08,5,May-Sep,8,9.0,1.5911,1.2155,1.0518
2001-05-09,5,May-Sep,8,14.0,0.9829,0.7941,-0.495
2001-05-10,5,May-Sep,8,12.4,1.5165,1.1057,-0.6325
2001-05-11,5,May-Sep,8,14.5,3.7675,2.7754,1.6701
2001-05-12,5,May-Sep,8,8.9,2.5082,2.1919,1.406
2001-05-13,5,May-Sep,8,10.4,1.0168,0.9037,0.0528
2001-05-14,5,May-Sep,7,15.6,3.1954,2.2026,-1.1372
2001-05-15,5,May-Sep,7,7.9,1.3214,1.1566,1.0495
2001-05-16,5,May-Sep,6,9.0,1.3766,1.2014,0.6891
2001-05-17,5,May-Sep,8,12.1,2.1961,1.5166,-1.019
2001-05-18,5,May-Sep,8,9.6,1.6571,1.337,1.1055
2001-05-19,5,May-Sep,8,12.7,4.5621,3.9239,2.7564
2001-05-20,5,May-Sep,8,11.5,5.1643,4.4305,2.9845
2001-05-21,5,May-Sep,8,9.5,1.5494,1.3168,0.7108
2001-05-22,5,May-Sep,8,10.0,1.811,1.45,1.45
2001-05-23,5,May-Sep,8,13.4,1.9078,1.4833,-1.1741
2001-05-24,5,May-Sep,8,12.3,0.9222,0.7941,-0.4728
2001-05-25,5,May-Sep,8,14.9,2.1569,1.6807,-1.4187
2001-05-26,5,May-Sep,8,13.2,2.0941,1.5118,-0.6795
2001-05-27,5,May-Sep,7,10.8,0.8115,0.6046,0.1392
2001-05-28,5,May-Sep,8,14.2,1.0283,0.8823,-0.2334
2001-05-29,5,May-Sep,8,14.2,0.654,0.5058,-0.2387
2001-05-30,5,May-Sep,8,13.5,3.7306,2.9639,0.5786
2001-05-31,5,May-Sep,8,12.8,1.4071,1.132,-0.4425
2001-06-01,6,May-Sep,8,13.1,0.8136,0.6541,-0.3178
2001-06-02,6,May-Sep,6,13.8,1.3713,1.1707,0.3269
2001-06-03,6,May-Sep,8,21.1,11.2516,10.0629,5.9217
2001-06-04,6,May-Sep,8,11.7,2.3544,1.5469,0.2036
2001-06-05,6,May-Sep,8,13.1,0.8236,0.5718,-0.2099
2001-06-06,6,May-Sep,8,12.7,1.2803,1.075,0.2976
2001-06-07,6,May-Sep,8,13.4,1.8099,1.1829,-0.7067
2001-06-08,6,May-Sep,8,18.2,9.9116,8.7982,6.7001
2001-06-09,6,May-Sep,8,13.2,1.8714,1.4009,-0.9041
2001-06-10,6,May-Sep,8,12.8,2.624,1.9701,-1.3356
2001-06-11,6,May-Sep,8,15.6,1.9199,1.2584,-0.9258
2001-06-12,6,May-Sep,8,18.5,8.7347,7.301,2.8748
2001-06-13,6,May-Sep,8,11.5,1.6239,1.4111,-0.9355
2001-06-14,6,May-Sep,8,11.0,2.039,1.6056,1.6036
2001-06-15,6,May-Sep,8,10.5,1.0708,0.8759,-0.4201
2001-06-16,6,May-Sep,8,12.4,1.2826,1.1524,-0.5078
2001-06-17,6,May-Sep,8,12.7,1.269,0.9882,-0.7365
2001-06-18,6,May-Sep,8,12.4,0.8394,0.6141,-0.3308
2001-06-19,6,May-Sep,8,13.8,0.9557,0.7869,0.0183
2001-06-20,6,May-Sep,8,16.9,1.8322,1.497,-0.4141
2001-06-21,6,May-Sep,8,14.0,2.9047,2.1674,2.0236
2001-06-22,6,May-Sep,8,8.3,3.2148,2.4481,2.1514
2001-06-23,6,May-Sep,8,11.8,6.198,5.482,2.3784
2001-06-24,6,May-Sep,8,6.6,0.8014,0.6035,-0.1558
2001-06-25,6,May-Sep,8,5.5,2.2598,1.9089,0.353
2001-06-26,6,May-Sep,8,14.5,1.6398,1.1603,-0.3565
2001-06-27,6,May-Sep,8,12.1,1.1826,0.9919,-0.5567
2001-06-28,6,May-Sep,8,14.8,2.4237,1.7832,0.9465
2001-06-29,6,May-Sep,7,10.2,2.5846,1.8641,1.5997
2001-06-30,6,May-Sep,8,10.9,0.7592,0.6811,-0.1558
2001-07-01,7,May-Sep,8,13.0,0.9802,0.7287,-0.5196
2001-07-02,7,May-Sep,8,11.7,5.0198,4.1729,3.158
2001-07-03,7,May-Sep,8,12.4,1.7108,1.2286,0.6215
2001-07-04,7,May-Sep,8,13.2,3.195,2.6264,1.8865
2001-07-05,7,May-Sep,8,13.1,6.6447,5.5909,3.3798
2001-07-06,7,May-Sep,7,11.9,1.2854,1.0305,-0.728
2001-07-07,7,May-Sep,8,13.6,2.2453,1.6035,-1.1685
2001-07-08,7,May-Sep,8,12.0,0.7399,0.5659,0.1282
2001-07-09,7,May-Sep,8,12.3,0.893,0.7404,0.2548
2001-07-10,7,May-Sep,7,14.1,1.1011,0.769,0.6592
2001-07-11,7,May-Sep,8,14.4,1.1205,0.9321,-0.45
2001-07-12,7,May-Sep,8,11.9,4.2565,3.166,1.9546
2001-07-13,7,May-Sep,8,12.0,4.2171,3.4074,2.9382
2001-07-14,7,May-Sep,8,7.3,1.8746,1.5698,0.4536
2001-07-15,7,May-Sep,8,8.9,1.0941,0.9255,0.0672
2001-07-16,7,May-Sep,8,11.8,1.4537,1.2134,0.0901
2001-07-17,7,May-Sep,8,12.9,0.7876,0.6501,-0.1848
2001-07-18,7,May-Sep,8,11.1,1.3129,1.0644,-0.4232
2001-07-19,7,May-Sep,8,11.8,0.8078,0.661,-0.231
2001-07-20,7,May-Sep,8,10.1,0.8073,0.6539,0.1471
2001-07-21,7,May-Sep,8,10.9,4.7074,4.0619,3.4152
2001-07-22,7,May-Sep,8,11.0,4.3398,3.1738,1.9469
2001-07-23,7,May-Sep,8,10.8,0.8932,0.7334,0.0491
2001-07-24,7,May-Sep,8,12.3,1.0124,0.8372,-0.3388
2001-07-25,7,May-Sep,8,9.3,2.6472,2.1151,1.5528
2001-07-26,7,May-Sep,8,8.2,1.4312,1.0389,0.9581
2001-07-27,7,May-Sep,8,12.3,0.9409,0.6722,-0.4032
2001-07-28,7,May-Sep,8,9.7,1.3094,1.0926,-0.039
2001-07-29,7,May-Sep,8,11.6,6.1741,5.5073,4.7714
2001-07-30,7,May-Sep,8,6.2,3.264,2.7275,2.4555
2001-07-31,7,May-Sep,8,1.7,0.7551,0.5939,-0.1479
2001-08-01,8,May-Sep,8,9.5,1.2536,1.0545,-0.447
2001-08-02,8,May-Sep,8,11.4,1.4596,1.1758,-0.7859
2001-08-03,8,May-Sep,8,12.2,1.1187,0.9439,-0.4344
2001-08-04,8,May-Sep,8,12.5,0.9386,0.8019,0.2753
2001-08-05,8,May-Sep,8,11.2,1.0479,0.851,-0.0759
2001-08-06,8,May-Sep,8,12.3,0.8144,0.6186,-0.2987
2001-08-07,8,May-Sep,8,11.5,2.5631,2.1615,1.8414
2001-08-08,8,May-Sep,8,13.7,1.1753,0.8579,-0.5392
2001-08-09,8,May-Sep,8,11.3,4.0647,3.0599,2.6147
2001-08-10,8,May-Sep,8,9.1,0.5651,0.5003,0.0907
2001-08-11,8,May-Sep,5,12.6,1.0063,0.7353,-0.6167
2001-08-12,8,May-Sep,7,15.3,2.9082,1.5781,-0.7079
2001-08-13,8,May-Sep,8,11.0,2.4515,2.153,1.7594
2001-08-14,8,May-Sep,7,9.8,2.731,2.4758,2.235
2001-08-15,8,May-Sep,7,10.5,0.7076,0.5532,-0.2208
2001-08-16,8,May-Sep,8,10.0,1.1096,0.9645,0.0547
2001-08-17,8,May-Sep,7,10.5,1.9132,1.5153,0.0474
2001-08-18,8,May-Sep,8,12.5,0.6264,0.5319,-0.103
2001-08-19,8,May-Sep,8,10.2,0.9428,0.7292,0.2903
2001-08-20,8,May-Sep,8,14.4,6.6358,5.7675,4.4219
2001-08-21,8,May-Sep,8,10.8,1.1141,0.6982,-0.5076
2001-08-22,8,May-Sep,8,11.8,0.6843,0.505,-0.2017
2001-08-23,8,May-Sep,8,12.1,1.2978,1.0297,-0.1332
2001-08-24,8,May-Sep,8,9.5,0.9376,0.792,0.7539
2001-08-25,8,May-Sep,8,10.9,0.9423,0.8644,0.1078
2001-08-26,8,May-Sep,8,8.2,0.4166,0.3863,0.1609
2001-08-27,8,May-Sep,8,11.3,3.8477,3.1774,2.77
2001-08-28,8,May-Sep,8,10.2,1.7235,1.3968,0.4438
2001-08-29,8,May-Sep,8,8.6,1.295,1.0842,0.9337
2001-08-30,8,May-Sep,8,9.3,4.2655,3.342,3.1629
2001-08-31,8,May-Sep,8,11.5,1.4135,1.0417,-0.2174
2001-09-01,9,May-Sep,8,11.6,0.9394,0.8282,-0.2742
2001-09-02,9,May-Sep,8,12.5,1.6057,1.1555,-0.9242
2001-09-03,9,May-Sep,8,11.4,1.0445,0.7763,-0.3477
2001-09-04,9,May-Sep,8,10.4,1.5536,1.1915,0.4291
2001-09-05,9,May-Sep,8,10.2,2.7407,2.1644,2.1002
2001-09-06,9,May-Sep,8,13.4,1.0095,0.7001,-0.3846
2001-09-07,9,May-Sep,8,13.3,1.1069,0.7941,-0.216
2001-09-08,9,May-Sep,8,11.9,1.1325,0.7615,-0.4716
2001-09-09,9,May-Sep,8,8.3,4.4193,4.1514,1.6106
2001-09-10,9,May-Sep,8,8.1,2.822,2.1742,1.3832
2001-09-11,9,May-Sep,8,9.9,0.7249,0.553,-0.4303
2001-09-12,9,May-Sep,8,14.0,1.066,0.8499,-0.3245
2001-09-13,9,May-Sep,8,13.4,7.1262,6.2504,5.2379
2001-09-14,9,May-Sep,8,7.2,1.122,0.7956,-0.6729
2001-09-15,9,May-Sep,8,6.9,0.6428,0.5672,-0.1603
2001-09-16,9,May-Sep,8,12.5,0.9943,0.7774,-0.3594
2001-09-17,9,May-Sep,8,10.7,1.1536,0.8515,-0.7765
2001-09-18,9,May-Sep,8,9.8,1.101,0.8002,-0.7184
2001-09-19,9,May-Sep,8,8.3,0.8065,0.6108,-0.1619
2001-09-20,9,May-Sep,8,9.7,3.8972,3.2235,1.4843
2001-09-21,9,May-Sep,8,4.2,0.54,0.4648,-0.0242
2001-09-22,9,May-Sep,8,11.1,1.1511,0.817,-0.4283
2001-09-23,9,May-Sep,8,10.5,0.9737,0.7913,-0.2005
2001-09-24,9,May-Sep,8,9.1,0.8338,0.7043,-0.2059
2001-09-25,9,May-Sep,8,12.8,0.7281,0.5914,-0.3893
2001-09-26,9,May-Sep,7,8.9,1.2852,0.7091,-0.3619
2001-09-27,9,May-Sep,8,7.5,0.8085,0.7234,0.359
2001-09-28,9,May-Sep,8,13.4,0.6934,0.5882,-0.1568
2001-09-29,9,May-Sep,8,9.0,3.0656,2.7381,-0.3753
2001-09-30,9,May-Sep,8,6.8,3.004,2.8005,1.1967
2001-10-01,10,Other,8,10.7,1.2545,0.818,0.0686
2001-10-02,10,Other,8,11.7,2.1214,1.7958,-1.0026
2001-10-03,10,Other,8,9.6,2.7414,2.309,-0.4803
2001-10-04,10,Other,8,9.4,1.3249,1.0867,-0.5318
2001-10-05,10,Other,8,9.3,1.0418,0.8412,0.1892
2001-10-06,10,Other,8,6.7,1.6869,1.5117,0.1073
2001-10-07,10,Other,8,9.5,0.6399,0.4947,0.245
2001-10-08,10,Other,8,10.5,3.3423,2.102,-0.8919
2001-10-09,10,Other,8,14.9,2.1265,1.7214,1.1648
2001-10-10,10,Other,8,10.6,5.0541,4.4143,1.9652
2001-10-11,10,Other,8,4.9,2.8816,2.6822,0.5418
2001-10-12,10,Other,8,2.3,0.6222,0.5285,-0.1708
2001-10-13,10,Other,8,6.8,0.8637,0.7369,0.2211
2001-10-14,10,Other,8,9.6,1.1021,0.8853,0.0077
2001-10-15,10,Other,7,12.0,0.9857,0.7935,0.1129
2001-10-16,10,Other,8,8.4,2.2372,1.8274,-0.9125
2001-10-17,10,Other,8,12.1,2.36,1.8737,-0.7778
2001-10-18,10,Other,8,13.6,7.631,6.9202,1.7834
2001-10-19,10,Other,8,7.5,1.088,0.9166,0.0795
2001-10-20,10,Other,8,7.1,1.5921,1.4278,-1.1227
2001-10-21,10,Other,8,12.0,1.6524,1.4085,0.2561
2001-10-22,10,Other,8,8.3,0.7108,0.6383,0.2202
2001-10-23,10,Other,8,13.3,5.0415,3.8025,1.5752
2001-10-24,10,Other,9,4.9,2.38,1.7138,0.9496
2001-10-25,10,Other,8,5.7,0.7155,0.4949,-0.0753
2001-10-26,10,Other,8,6.8,0.6468,0.5705,-0.2131
2001-10-27,10,Other,7,13.3,3.9994,3.5616,2.1836
2001-10-28,10,Other,8,5.1,3.1692,3.0046,0.9148
2001-10-29,10,Other,8,3.2,1.5451,1.2372,1.1332
2001-10-30,10,Other,8,6.2,1.0961,0.8249,0.1962
2001-10-31,10,Other,8,4.8,0.4638,0.3595,-0.1065
2001-11-01,11,Other,8,4.4,0.8302,0.5282,-0.4786
2001-11-02,11,Other,8,5.6,0.7206,0.5462,-0.0877
2001-11-03,11,Other,8,5.5,0.5882,0.5061,-0.149
2001-11-04,11,Other,8,10.4,1.2546,1.0594,0.6239
2001-11-05,11,Other,8,7.6,1.2242,1.0606,-0.2335
2001-11-06,11,Other,8,8.0,0.9746,0.7145,0.2044
2001-11-07,11,Other,8,9.7,1.4351,1.1669,0.6142
2001-11-08,11,Other,7,6.4,0.9478,0.8071,0.2092
2001-11-09,11,Other,8,8.1,2.0285,1.5715,0.2717
2001-11-10,11,Other,8,7.0,1.2977,1.0556,-0.1762
2001-11-11,11,Other,8,6.4,1.0556,0.8379,0.401
2001-11-12,11,Other,8,7.6,1.1443,1.0365,0.0833
2001-11-13,11,Other,8,6.5,0.7737,0.5498,0.1253
2001-11-14,11,Other,8,10.0,2.0514,1.6093,0.2684
2001-11-15,11,Other,8,8.5,2.2676,1.8287,0.6449
2001-11-16,11,Other,8,6.2,1.9246,1.5577,0.4052
2001-11-17,11,Other,8,8.4,1.8881,1.4639,0.3404
2001-11-18,11,Other,8,11.3,2.8065,2.4242,1.5332
2001-11-19,11,Other,8,9.0,2.3672,2.0287,-0.2789
2001-11-20,11,Other,8,8.1,1.7166,1.4046,0.4555
2001-11-21,11,Other,8,4.9,1.2592,1.075,0.1632
2001-11-22,11,Other,8,3.6,1.3494,1.0569,0.5498
2001-11-23,11,Other,8,4.6,0.9433,0.8257,-0.1744
2001-11-24,11,Other,8,5.8,0.8612,0.7539,-0.1367
2001-11-25,11,Other,9,5.2,1.4775,1.212,0.1953
2001-11-26,11,Other,8,4.1,0.6056,0.4759,-0.2387
2001-11-27,11,Other,8,6.2,1.7415,1.29,0.6419
2001-11-28,11,Other,9,5.5,3.2001,3.0575,0.4356
2001-11-29,11,Other,8,5.9,2.4836,2.1018,0.6294
2001-11-30,11,Other,8,4.7,1.361,1.1965,0.3024
2001-12-01,12,Other,8,3.9,1.2129,1.0675,0.0137
2001-12-02,12,Other,9,2.2,0.5564,0.498,-0.2734
2001-12-03,12,Other,8,4.5,1.0738,0.8393,0.1215
2001-12-04,12,Other,7,4.6,1.3577,1.0927,0.5045
2001-12-05,12,Other,8,3.2,1.1357,0.9998,0.3778
2001-12-06,12,Other,8,7.4,1.9717,1.5067,0.2869
2001-12-07,12,Other,8,4.7,0.9271,0.8427,-0.2494
2001-12-08,12,Other,8,3.5,1.0043,0.7816,0.3664
2001-12-09,12,Other,8,7.1,2.4155,1.805,-0.8389
2001-12-10,12,Other,8,8.9,4.9429,4.7715,1.4497
2001-12-11,12,Other,8,8.0,3.1551,2.4973,0.6703
2001-12-12,12,Other,8,4.1,1.7918,1.6636,0.2583
2001-12-13,12,Other,8,4.4,1.1916,0.9436,-0.1259
2001-12-14,12,Other,9,10.5,6.3291,5.0722,-4.6727
2001-12-15,12,Other,8,10.3,3.1513,2.4931,1.465
2001-12-16,12,Other,8,10.1,3.6412,2.6434,-1.0111
2001-12-17,12,Other,8,3.6,0.8588,0.5693,0.3502
2001-12-18,12,Other,8,3.2,0.8593,0.7819,-0.3601
2001-12-19,12,Other,8,4.4,1.4304,1.1416,0.8806
2001-12-20,12,Other,8,9.5,2.5375,1.7369,0.3359
2001-12-21,12,Other,8,6.4,0.8252,0.6588,-0.0483
2001-12-22,12,Other,8,10.8,4.4698,4.0556,-1.4326
2001-12-23,12,Other,8,11.2,5.482,4.7245,-3.7491
2001-12-24,12,Other,8,3.3,1.8572,1.6913,0.218
2001-12-25,12,Other,8,8.5,2.8768,2.2723,1.6147
2001-12-26,12,Other,8,5.5,1.1828,0.9461,0.0756
2001-12-27,12,Other,8,3.2,1.1496,1.019,0.4624
2001-12-28,12,Other,8,4.0,1.0588,0.9153,0.3313
2001-12-29,12,Other,8,8.6,4.032,3.2717,-2.1041
2001-12-30,12,Other,7,15.0,5.0134,4.2637,-2.412
2001-12-31,12,Other,7,9.1,4.5614,3.8926,1.004
2002-01-01,1,Other,7,11.1,3.0149,2.7315,-1.6505
2002-01-02,1,Other,8,6.4,2.2875,2.1962,0.0034
2002-01-03,1,Other,7,5.1,1.0895,0.9678,0.3104
2002-01-04,1,Other,8,8.9,1.7997,1.4087,0.0197
2002-01-05,1,Other,8,17.3,6.5377,5.8847,0.303
2002-01-06,1,Other,8,13.3,3.8486,2.9229,-2.6044
2002-01-07,1,Other,8,13.0,4.2186,3.2433,-2.7677
2002-01-08,1,Other,7,16.4,4.8321,4.2921,-0.6125
2002-01-09,1,Other,8,15.6,4.7426,3.8854,-1.0868
2002-01-10,1,Other,8,10.7,3.8635,3.0205,-2.4371
2002-01-11,1,Other,8,2.1,1.2248,1.007,-0.4165
2002-01-12,1,Other,8,5.9,1.834,1.4312,0.8674
2002-01-13,1,Other,8,5.6,3.2137,3.0819,1.0522
2002-01-14,1,Other,8,5.6,1.63,1.5162,0.4421
2002-01-15,1,Other,8,10.6,2.6037,1.8251,0.8161
2002-01-16,1,Other,8,6.8,2.4546,1.917,0.1189
2002-01-17,1,Other,8,8.8,2.4381,2.0732,-0.7823
2002-01-18,1,Other,8,11.4,3.933,3.3922,-1.3448
2002-01-19,1,Other,8,10.8,2.6821,2.2113,1.2494
2002-01-20,1,Other,8,9.0,1.8604,1.4696,1.0315
2002-01-21,1,Other,8,4.9,1.2897,1.0775,-0.1443
2002-01-22,1,Other,8,6.3,1.545,1.2709,-0.2283
2002-01-23,1,Other,8,7.1,2.2625,1.9824,-1.0112
2002-01-24,1,Other,8,5.4,2.3525,2.0981,0.6841
2002-01-25,1,Other,8,9.1,2.1371,1.7118,-0.3478
2002-01-26,1,Other,8,4.8,1.5318,1.1548,0.2642
2002-01-27,1,Other,8,8.4,3.4593,2.8208,1.3053
2002-01-28,1,Other,8,6.0,1.786,1.5772,-0.1368
2002-01-29,1,Other,8,5.1,1.3472,1.124,0.6316
2002-01-30,1,Other,8,10.3,4.6368,4.1853,0.9896
2002-01-31,1,Other,8,9.7,1.7218,1.4164,-0.5444
2002-02-01,2,Other,8,7.6,2.0254,1.5833,0.6914
2002-02-02,2,Other,8,9.1,2.1281,1.8842,-1.1725
2002-02-03,2,Other,8,12.3,2.632,2.0799,-0.8883
2002-02-04,2,Other,8,8.5,3.5196,3.4138,0.623
2002-02-05,2,Other,8,10.1,2.7395,1.6991,-1.1293
2002-02-06,2,Other,8,2.6,1.2208,1.1675,0.2907
2002-02-07,2,Other,8,4.6,1.3775,1.2599,0.091
2002-02-08,2,Other,7,13.2,3.4141,3.0606,-0.5278
2002-02-09,2,Other,8,9.4,3.1158,2.5931,1.8243
2002-02-10,2,Other,8,12.4,3.1442,2.6365,-0.926
2002-02-11,2,Other,8,6.3,3.2604,2.6761,1.7122
2002-02-12,2,Other,8,11.4,3.1286,2.7576,-1.659
2002-02-13,2,Other,8,8.8,2.2045,1.6933,0.62
2002-02-14,2,Other,8,7.4,2.2767,1.7999,0.1905
2002-02-15,2,Other,8,5.9,2.3827,2.1421,0.7882
2002-02-16,2,Other,8,9.9,2.9958,2.4839,-1.7935
2002-02-17,2,Other,7,7.7,3.7622,3.4584,0.2543
2002-02-18,2,Other,7,4.0,1.0212,0.8004,-0.1035
2002-02-19,2,Other,8,4.4,1.8416,1.3525,1.2945
2002-02-20,2,Other,8,1.5,0.8261,0.7192,0.5022
2002-02-21,2,Other,8,3.7,1.7416,1.4853,0.692
2002-02-22,2,Other,8,3.1,0.8697,0.7499,0.3057
2002-02-23,2,Other,8,3.7,0.6062,0.5321,0.0858
2002-02-24,2,Other,8,11.3,5.0463,4.1144,2.7844
2002-02-25,2,Other,8,5.4,1.4875,1.2458,-0.6065
2002-02-26,2,Other,8,8.3,1.7088,1.2793,0.4838
2002-02-27,2,Other,8,8.1,1.9107,1.4441,0.6602
2002-02-28,2,Other,8,7.9,2.2284,1.6333,-0.3887
2002-03-01,3,Other,8,6.5,1.6163,1.3163,0.651
2002-03-02,3,Other,8,6.9,1.5159,1.1812,0.1689
2002-03-03,3,Other,8,6.4,1.3488,1.2103,-0.9349
2002-03-04,3,Other,8,9.9,2.6081,1.8822,0.5905
2002-03-05,3,Other,8,4.7,1.3866,1.1084,-0.3246
2002-03-06,3,Other,8,11.7,2.3588,1.9637,-0.5063
2002-03-07,3,Other,8,10.1,2.1621,1.7324,0.46
2002-03-08,3,Other,8,5.1,1.3819,1.2299,0.9266
2002-03-09,3,Other,8,5.4,1.7388,1.319,0.9229
2002-03-10,3,Other,8,5.0,2.0831,1.8122,0.2492
2002-03-11,3,Other,8,12.5,3.5641,2.9945,1.4568
2002-03-12,3,Other,8,6.9,1.4677,1.2698,0.3485
2002-03-13,3,Other,8,6.7,2.0022,1.4899,0.7703
2002-03-14,3,Other,7,8.1,1.1323,0.9247,0.2236
2002-03-15,3,Other,8,7.9,0.9815,0.7179,0.2157
2002-03-16,3,Other,8,7.0,1.3346,1.1995,0.5274
2002-03-17,3,Other,8,8.5,0.7439,0.4752,-0.2111
2002-03-18,3,Other,8,16.0,6.0094,4.3336,4.3336
2002-03-19,3,Other,8,6.7,0.9072,0.6941,0.2718
2002-03-20,3,Other,8,7.4,1.0381,0.8845,-0.0244
2002-03-21,3,Other,8,9.0,1.2104,0.981,-0.5733
2002-03-22,3,Other,7,5.1,0.5046,0.4737,-0.0549
2002-03-23,3,Other,8,7.4,0.9681,0.6075,-0.3356
2002-03-24,3,Other,8,11.6,1.086,0.9421,0.1016
2002-03-25,3,Other,8,8.4,1.2739,0.8642,-0.4795
2002-03-26,3,Other,8,6.6,3.1939,2.7746,2.3396
2002-03-27,3,Other,8,12.4,1.2258,1.1352,-0.1141
2002-03-28,3,Other,8,11.4,1.375,1.1691,-0.1682
2002-03-29,3,Other,8,13.2,3.4053,2.2346,-1.8103
2002-03-30,3,Other,8,10.8,3.1254,2.9974,-0.7727
2002-03-31,3,Other,8,13.5,7.1474,5.8592,4.376
2002-04-01,4,Other,8,5.3,1.7693,1.5538,-0.698
2002-04-02,4,Other,8,5.4,1.6686,1.3609,0.3539
2002-04-03,4,Other,8,8.0,0.6202,0.5464,-0.1825
2002-04-04,4,Other,7,14.0,8.8191,8.1809,4.6248
2002-04-05,4,Other,8,6.4,0.9892,0.7748,-0.4718
2002-04-06,4,Other,8,6.3,0.5236,0.5013,0.2574
2002-04-07,4,Other,7,9.9,1.7538,1.3427,-0.561
2002-04-08,4,Other,8,7.2,0.7136,0.5308,0.0445
2002-04-09,4,Other,7,11.0,1.057,0.7166,-0.4418
2002-04-10,4,Other,7,14.2,5.076,2.8993,0.8604
2002-04-11,4,Other,6,16.5,0.7754,0.6554,-0.4243
2002-04-12,4,Other,8,12.5,6.3053,5.7798,2.4782
2002-04-13,4,Other,8,16.1,5.3055,3.842,3.8152
2002-04-14,4,Other,8,5.3,2.4692,2.0229,1.7871
2002-04-15,4,Other,7,9.7,0.9347,0.7393,-0.5041
2002-04-16,4,Other,8,8.4,1.6792,1.1128,-1.02
2002-04-17,4,Other,6,11.6,1.282,1.0651,-0.3711
2002-04-18,4,Other,8,13.2,2.6222,2.0865,1.3234
2002-04-19,4,Other,8,7.8,2.9647,2.456,2.0054
2002-04-20,4,Other,8,5.7,3.7837,3.024,2.2382
2002-04-21,4,Other,8,9.0,1.141,0.9822,0.0102
2002-04-22,4,Other,8,9.8,2.5486,1.7618,-1.1494
2002-04-23,4,Other,8,8.3,1.4743,1.3357,0.381
2002-04-24,4,Other,8,7.2,1.7291,1.3751,1.0224
2002-04-25,4,Other,8,7.6,1.2977,1.1081,-0.1621
2002-04-26,4,Other,8,6.7,1.45,1.1036,0.8156
2002-04-27,4,Other,9,12.1,1.7645,1.2687,-1.1345
2002-04-28,4,Other,8,10.9,6.3261,5.4976,4.4138
2002-04-29,4,Other,8,3.0,1.2918,1.0644,0.53
2002-04-30,4,Other,8,3.2,1.2379,0.9844,-0.1434
2002-05-01,5,May-Sep,8,8.5,0.6554,0.5437,0.0083
2002-05-02,5,May-Sep,8,11.7,1.1175,0.8572,0.3831
2002-05-03,5,May-Sep,8,11.1,2.302,1.9475,0.9357
2002-05-04,5,May-Sep,8,8.1,0.708,0.6242,-0.2459
2002-05-05,5,May-Sep,8,10.1,1.1818,0.76,-0.1725
2002-05-06,5,May-Sep,8,10.3,1.4828,1.1385,-0.9054
2002-05-07,5,May-Sep,8,5.8,0.7254,0.7047,0.1408
2002-05-08,5,May-Sep,8,11.4,1.2402,1.0632,-0.7344
2002-05-09,5,May-Sep,8,12.9,1.7896,1.2552,-0.7147
2002-05-10,5,May-Sep,7,9.0,3.4417,2.807,2.4964
2002-05-11,5,May-Sep,8,8.1,0.557,0.4309,-0.0954
2002-05-12,5,May-Sep,7,13.6,1.1126,0.8805,-0.4964
2002-05-13,5,May-Sep,8,11.1,2.0229,1.7395,-0.2027
2002-05-14,5,May-Sep,7,8.2,1.1247,0.9635,0.0287
2002-05-15,5,May-Sep,7,12.6,7.4529,6.6097,4.8714
2002-05-16,5,May-Sep,8,6.4,1.4835,1.1192,0.6904
2002-05-17,5,May-Sep,8,12.2,4.5562,3.5103,2.2323
2002-05-18,5,May-Sep,8,5.9,1.1017,0.9119,0.3552
2002-05-19,5,May-Sep,8,11.0,2.0157,1.6318,-1.0929
2002-05-20,5,May-Sep,8,14.2,2.3886,1.7547,-1.1251
2002-05-21,5,May-Sep,8,11.0,2.8628,2.2959,-1.9033
2002-05-22,5,May-Sep,8,8.5,1.7357,1.0441,-0.0994
2002-05-23,5,May-Sep,8,11.8,1.1366,0.9647,-0.5636
2002-05-24,5,May-Sep,8,13.9,1.1729,0.9158,-0.5948
2002-05-25,5,May-Sep,8,10.4,2.5337,1.9975,1.7376
2002-05-26,5,May-Sep,8,7.2,0.8337,0.7239,-0.2036
2002-05-27,5,May-Sep,8,13.0,1.4086,1.0897,-0.8012
2002-05-28,5,May-Sep,8,10.3,1.3804,1.0978,0.7525
2002-05-29,5,May-Sep,8,10.6,1.7834,1.3076,-0.3238
2002-05-30,5,May-Sep,8,10.0,0.8892,0.756,-0.3311
2002-05-31,5,May-Sep,8,8.1,0.7313,0.604,0.0084
2002-06-01,6,May-Sep,8,9.5,1.484,1.1553,0.8921
2002-06-02,6,May-Sep,8,12.5,1.4116,1.2096,-0.2505
2002-06-03,6,May-Sep,7,11.7,1.1516,0.7178,0.3279
2002-06-04,6,May-Sep,7,9.4,4.3376,3.3422,2.5938
2002-06-05,6,May-Sep,8,10.6,0.8009,0.685,-0.1926
2002-06-06,6,May-Sep,8,9.9,2.3573,2.1138,0.6195
2002-06-07,6,May-Sep,8,7.3,3.1046,2.4756,2.0609
2002-06-08,6,May-Sep,8,8.7,0.536,0.4123,0.1967
2002-06-09,6,May-Sep,8,11.6,1.201,0.9416,-0.493
2002-06-10,6,May-Sep,8,11.4,2.766,2.4739,0.0925
2002-06-11,6,May-Sep,7,9.7,0.7852,0.7312,-0.1586
2002-06-12,6,May-Sep,8,11.3,1.7515,1.3004,-0.4176
2002-06-13,6,May-Sep,8,7.4,1.742,1.4388,0.9738
2002-06-14,6,May-Sep,6,13.6,1.9162,1.4902,-0.4425
2002-06-15,6,May-Sep,7,10.7,2.582,2.1514,1.6801
2002-06-16,6,May-Sep,8,11.2,4.4232,3.4661,3.024
2002-06-17,6,May-Sep,8,10.6,2.8725,2.0473,2.0221
2002-06-18,6,May-Sep,7,12.3,5.3983,4.3062,4.3062
2002-06-19,6,May-Sep,6,9.6,0.7519,0.6648,-0.0792
2002-06-20,6,May-Sep,7,9.6,1.276,1.0693,0.072
2002-06-21,6,May-Sep,5,11.3,1.2879,1.1955,-0.1532
2002-06-22,6,May-Sep,8,14.6,1.284,1.0408,-0.7238
2002-06-23,6,May-Sep,8,13.0,1.3067,0.8861,-0.4908
2002-06-24,6,May-Sep,8,11.2,5.7357,4.8241,4.2246
2002-06-25,6,May-Sep,8,9.8,1.3893,1.1356,-0.6872
2002-06-26,6,May-Sep,8,10.0,0.7451,0.5431,-0.3083
2002-06-27,6,May-Sep,7,11.8,1.063,0.8383,-0.0331
2002-06-28,6,May-Sep,8,11.3,1.374,1.0246,-0.1413
2002-06-29,6,May-Sep,8,12.1,0.6793,0.5824,0.0014
2002-06-30,6,May-Sep,8,10.9,3.6597,2.8306,2.7567
2002-07-01,7,May-Sep,8,10.0,2.1263,1.5354,0.9695
2002-07-02,7,May-Sep,8,10.6,4.1879,2.8407,2.419
2002-07-03,7,May-Sep,8,7.3,0.7783,0.7239,0.0245
2002-07-04,7,May-Sep,7,9.4,1.3299,0.8697,-0.4849
2002-07-05,7,May-Sep,8,8.8,0.8999,0.7449,-0.0453
2002-07-06,7,May-Sep,7,8.9,1.9701,1.6132,0.4192
2002-07-07,7,May-Sep,8,8.0,1.6372,1.2562,0.5553
2002-07-08,7,May-Sep,8,10.9,1.2755,1.1513,-0.0211
2002-07-09,7,May-Sep,8,10.1,1.5897,1.4184,0.307
2002-07-10,7,May-Sep,8,11.3,1.0433,0.7794,-0.3469
2002-07-11,7,May-Sep,7,10.8,6.1757,5.2352,4.0987
2002-07-12,7,May-Sep,7,11.2,1.8739,1.4542,-1.1908
2002-07-13,7,May-Sep,8,11.0,1.1284,0.8802,-0.4442
2002-07-14,7,May-Sep,8,11.4,1.1823,0.9583,-0.4297
2002-07-15,7,May-Sep,7,8.7,2.6823,2.3058,2.0392
2002-07-16,7,May-Sep,8,10.7,0.9385,0.6601,0.4201
2002-07-17,7,May-Sep,8,11.7,1.314,0.9611,-0.631
2002-07-18,7,May-Sep,8,11.1,1.184,0.9389,-0.5107
2002-07-19,7,May-Sep,8,12.0,0.7029,0.4643,-0.0777
2002-07-20,7,May-Sep,8,13.4,2.0888,1.6012,0.1868
2002-07-21,7,May-Sep,8,6.8,1.9645,1.5781,1.5781
2002-07-22,7,May-Sep,8,8.7,3.8782,3.4714,3.1886
2002-07-23,7,May-Sep,8,11.6,6.1034,5.1775,4.5852
2002-07-24,7,May-Sep,8,6.5,1.5347,1.2936,0.9102
2002-07-25,7,May-Sep,8,9.2,1.1203,0.9555,0.2515
2002-07-26,7,May-Sep,8,12.4,1.3984,1.1457,-0.5054
2002-07-27,7,May-Sep,7,11.7,1.1446,0.9909,-0.3174
2002-07-28,7,May-Sep,8,10.9,1.194,0.9571,-0.4768
2002-07-29,7,May-Sep,7,7.6,2.8897,2.3817,2.2113
2002-07-30,7,May-Sep,7,10.3,1.4685,1.3112,0.0478
2002-07-31,7,May-Sep,8,12.6,1.2923,1.1026,-0.3794
2002-08-01,8,May-Sep,8,10.2,2.1569,1.8316,1.0962
2002-08-02,8,May-Sep,8,9.8,0.8932,0.7522,-0.2984
2002-08-03,8,May-Sep,8,11.2,1.3762,1.0519,-0.7043
2002-08-04,8,May-Sep,8,9.7,1.3429,1.0239,0.8056
2002-08-05,8,May-Sep,8,12.5,6.3107,5.3354,3.6077
2002-08-06,8,May-Sep,8,11.8,0.9501,0.724,-0.6019
2002-08-07,8,May-Sep,8,12.2,0.9409,0.7117,-0.492
2002-08-08,8,May-Sep,8,10.8,1.1565,0.9886,-0.2422
2002-08-09,8,May-Sep,8,9.0,0.2859,0.2259,-0.0182
2002-08-10,8,May-Sep,8,14.7,2.1458,1.3967,-0.7217
2002-08-11,8,May-Sep,7,6.6,0.7049,0.6293,0.3633
2002-08-12,8,May-Sep,8,6.5,1.6683,1.1901,1.0983
2002-08-13,8,May-Sep,8,11.4,4.2746,3.4949,2.7606
2002-08-14,8,May-Sep,8,9.2,0.9971,0.735,-0.063
2002-08-15,8,May-Sep,8,6.0,3.0729,2.5086,2.0007
2002-08-16,8,May-Sep,8,4.6,2.2112,1.7504,1.7079
2002-08-17,8,May-Sep,8,9.2,1.2801,0.9109,-0.3636
2002-08-18,8,May-Sep,8,11.0,1.1208,0.99,-0.3291
2002-08-19,8,May-Sep,8,12.5,0.9482,0.7943,-0.4465
2002-08-20,8,May-Sep,7,12.8,0.8347,0.6639,-0.0966
2002-08-21,8,May-Sep,8,10.7,3.7132,2.5778,1.5049
2002-08-22,8,May-Sep,8,13.3,2.9313,2.2291,2.0464
2002-08-23,8,May-Sep,8,11.2,0.8535,0.6735,-0.3191
2002-08-24,8,May-Sep,8,13.4,0.9526,0.8279,-0.3672
2002-08-25,8,May-Sep,8,13.6,1.3139,1.1547,-0.6121
2002-08-26,8,May-Sep,8,8.7,4.2482,3.3051,3.0468
2002-08-27,8,May-Sep,8,9.4,0.9335,0.7357,-0.1478
2002-08-28,8,May-Sep,8,13.5,0.9207,0.6559,-0.4953
2002-08-29,8,May-Sep,7,13.2,1.3331,1.1863,0.5917
2002-08-30,8,May-Sep,8,10.9,4.3851,3.3662,3.3044
2002-08-31,8,May-Sep,8,10.9,5.4339,4.3053,2.6736
2002-09-01,9,May-Sep,8,10.7,1.9285,1.6055,-1.1434
2002-09-02,9,May-Sep,8,9.9,0.5305,0.4712,0.0814
2002-09-03,9,May-Sep,8,10.6,0.958,0.7272,-0.1792
2002-09-04,9,May-Sep,7,9.0,1.2612,0.9853,-0.4585
2002-09-05,9,May-Sep,7,8.3,0.8814,0.648,-0.3638
2002-09-06,9,May-Sep,7,13.9,2.8322,2.2554,-0.887
2002-09-07,9,May-Sep,8,18.4,8.0149,6.497,6.3097
2002-09-08,9,May-Sep,8,10.3,1.1471,0.9241,-0.7052
2002-09-09,9,May-Sep,8,11.6,1.2216,1.0258,-0.7625
2002-09-10,9,May-Sep,8,13.1,0.9818,0.8197,-0.2985
2002-09-11,9,May-Sep,8,13.4,0.8961,0.72,-0.4844
2002-09-12,9,May-Sep,8,12.9,0.9159,0.7005,-0.1857
2002-09-13,9,May-Sep,8,14.5,1.1217,0.6302,-0.3889
2002-09-14,9,May-Sep,8,15.7,1.2945,0.9656,0.274
2002-09-15,9,May-Sep,8,10.8,4.771,3.435,2.5469
2002-09-16,9,May-Sep,8,14.8,6.0487,5.1025,4.7442
2002-09-17,9,May-Sep,8,9.8,0.5488,0.5056,-0.1378
2002-09-18,9,May-Sep,8,12.1,1.2214,0.9174,-0.8175
2002-09-19,9,May-Sep,8,13.2,1.58,1.0278,-0.7552
2002-09-20,9,May-Sep,8,14.5,3.7114,2.4041,-2.2602
2002-09-21,9,May-Sep,7,7.4,1.6272,1.383,-0.9329
2002-09-22,9,May-Sep,8,10.2,2.328,1.9904,0.4132
2002-09-23,9,May-Sep,8,9.9,0.7738,0.6911,-0.1891
2002-09-24,9,May-Sep,8,8.8,1.1072,0.8836,0.5376
2002-09-25,9,May-Sep,8,9.1,1.2842,1.0588,0.1746
2002-09-26,9,May-Sep,6,13.3,0.798,0.5873,-0.0191
2002-09-27,9,May-Sep,8,12.8,0.8881,0.6523,-0.3583
2002-09-28,9,May-Sep,7,13.5,1.1891,0.9104,-0.2389
2002-09-29,9,May-Sep,8,9.6,0.8825,0.7609,0.298
2002-09-30,9,May-Sep,8,11.9,0.9215,0.7464,-0.3902
2002-10-01,10,Other,8,12.8,1.069,0.837,-0.5591
2002-10-02,10,Other,8,8.8,4.241,3.4274,1.4349
2002-10-03,10,Other,8,9.3,0.8604,0.6817,0.2652
2002-10-04,10,Other,8,9.5,0.8925,0.6898,-0.347
2002-10-05,10,Other,7,11.7,1.1138,0.8944,-0.0571
2002-10-06,10,Other,8,7.2,2.7271,2.1885,-0.9946
2002-10-07,10,Other,7,9.2,0.8484,0.6135,-0.4482
2002-10-08,10,Other,8,9.1,4.0482,3.1783,2.3254
2002-10-09,10,Other,8,9.6,1.1987,0.9313,-0.3965
2002-10-10,10,Other,8,8.5,1.2003,0.7202,-0.5185
2002-10-11,10,Other,8,10.4,0.8722,0.5466,-0.1858
2002-10-12,10,Other,8,12.3,2.1625,1.5077,-0.1181
2002-10-13,10,Other,8,14.0,1.6072,1.1409,-0.1713
2002-10-14,10,Other,7,12.1,7.1398,6.5894,1.0395
2002-10-15,10,Other,8,4.9,2.1228,1.8488,0.6908
2002-10-16,10,Other,8,4.5,1.0052,0.7516,0.1143
2002-10-17,10,Other,8,7.0,0.554,0.4151,-0.0797
2002-10-18,10,Other,8,7.1,0.8865,0.6008,-0.2257
2002-10-19,10,Other,8,7.4,0.7703,0.5111,-0.4043
2002-10-20,10,Other,8,4.2,1.0856,0.9565,0.0012
2002-10-21,10,Other,8,4.4,1.1035,0.544,0.4406
2002-10-22,10,Other,8,10.1,0.9614,0.7028,-0.0514
2002-10-23,10,Other,8,10.0,0.712,0.56,-0.354
2002-10-24,10,Other,8,13.7,1.8674,1.6425,-0.0875
2002-10-25,10,Other,8,8.9,1.3691,1.2999,-0.6338
2002-10-26,10,Other,2,11.6,0.4565,0.3755,0.3755
2002-10-27,10,Other,8,8.0,0.5697,0.4688,-0.0817
2002-10-28,10,Other,8,8.4,0.6836,0.5821,0.2581
2002-10-29,10,Other,8,7.5,0.9318,0.7433,-0.2325
2002-10-30,10,Other,8,9.0,0.8,0.6724,0.0202
2002-10-31,10,Other,8,7.6,0.8695,0.6848,0.0408
2002-11-01,11,Other,8,8.0,1.2458,0.8462,-0.2076
2002-11-02,11,Other,8,11.5,0.8274,0.7168,-0.0019
2002-11-03,11,Other,8,8.4,2.7809,2.3171,-1.6244
2002-11-04,11,Other,8,12.3,3.5811,2.5649,1.9699
2002-11-05,11,Other,8,6.7,1.3716,1.1624,-0.6521
2002-11-06,11,Other,8,7.4,0.7413,0.4934,0.0841
2002-11-07,11,Other,8,11.5,4.5891,3.533,1.6491
2002-11-08,11,Other,8,11.2,1.9212,1.4017,0.3946
2002-11-09,11,Other,8,7.4,4.1245,3.6468,-0.5799
2002-11-10,11,Other,8,6.4,1.5134,1.1865,-0.37
2002-11-11,11,Other,8,6.0,0.8968,0.7368,-0.1029
2002-11-12,11,Other,8,3.6,0.9905,0.8994,0.296
2002-11-13,11,Other,8,6.5,0.8655,0.6744,0.0003
2002-11-14,11,Other,8,7.8,1.4527,1.2552,0.4381
2002-11-15,11,Other,8,10.8,2.1161,1.7594,0.7934
2002-11-16,11,Other,8,5.1,3.3111,3.1895,0.0789
2002-11-17,11,Other,8,6.9,1.6241,1.1993,0.6122
2002-11-18,11,Other,7,2.4,0.7348,0.625,0.2565
2002-11-19,11,Other,7,10.3,1.0315,0.9474,-0.0085
2002-11-20,11,Other,8,10.6,2.0734,1.8015,-1.5518
2002-11-21,11,Other,7,7.4,0.2869,0.2198,-0.0486
2002-11-22,11,Other,8,6.6,3.2955,2.844,1.3725
2002-11-23,11,Other,8,9.4,1.6512,1.4592,-0.1607
2002-11-24,11,Other,8,10.2,1.8517,1.3812,0.8609
2002-11-25,11,Other,8,6.9,1.3279,1.2231,-0.3941
2002-11-26,11,Other,8,12.2,4.9793,3.8575,0.6774
2002-11-27,11,Other,7,5.9,2.8793,2.4376,1.0308
2002-11-28,11,Other,8,5.0,1.3637,1.124,-0.0866
2002-11-29,11,Other,8,4.8,1.62,1.3603,-0.214
2002-11-30,11,Other,8,3.6,1.3446,1.0914,-0.0154
2002-12-01,12,Other,8,14.3,5.8832,4.1661,3.3628
2002-12-02,12,Other,8,16.2,5.7661,4.7206,0.9597
2002-12-03,12,Other,8,6.1,2.8347,2.2788,2.1555
2002-12-04,12,Other,8,4.4,1.1572,0.9842,0.526
2002-12-05,12,Other,8,3.3,0.6523,0.5098,-0.2038
2002-12-06,12,Other,8,3.5,0.9737,0.8381,0.2816
2002-12-07,12,Other,8,7.0,1.8151,1.5416,0.9105
2002-12-08,12,Other,7,3.8,0.4706,0.3704,-0.1641
2002-12-09,12,Other,8,7.7,2.4739,2.039,-0.9917
2002-12-10,12,Other,8,6.8,3.692,3.3459,-0.4712
2002-12-11,12,Other,7,10.6,3.9485,3.4125,-1.715
2002-12-12,12,Other,8,7.4,2.3842,1.8193,-0.8289
2002-12-13,12,Other,7,5.2,1.9776,1.7058,-1.06
2002-12-14,12,Other,8,4.5,1.7695,1.5807,0.741
2002-12-15,12,Other,8,7.1,1.6238,1.3049,-0.3769
2002-12-16,12,Other,8,3.3,1.5554,1.4095,0.7718
2002-12-17,12,Other,8,3.7,1.2888,1.1447,0.5308
2002-12-18,12,Other,7,2.5,0.8005,0.728,-0.0053
2002-12-19,12,Other,8,4.2,2.5723,2.3803,0.2445
2002-12-20,12,Other,7,3.4,1.4749,1.3114,0.6739
2002-12-21,12,Other,8,6.9,1.4242,1.0656,1.0042
2002-12-22,12,Other,8,6.5,3.0236,2.6051,1.7065
2002-12-23,12,Other,8,7.9,1.2953,0.9675,-0.0423
2002-12-24,12,Other,8,3.3,0.8234,0.6615,-0.082
2002-12-25,12,Other,8,6.9,2.303,1.9992,0.9772
2002-12-26,12,Other,8,5.8,1.7533,1.3354,-1.008
2002-12-27,12,Other,8,4.4,1.9004,1.6836,0.678
2002-12-28,12,Other,8,5.9,2.3489,2.1133,-0.5648
2002-12-29,12,Other,8,14.8,5.043,4.1092,0.4103
2002-12-30,12,Other,8,8.8,1.4911,1.2892,0.1825
2002-12-31,12,Other,8,7.4,3.9079,3.3857,-1.2685
2003-01-01,1,Other,8,8.3,3.543,2.883,2.082
2003-01-02,1,Other,8,3.9,0.7499,0.6043,-0.2597
2003-01-03,1,Other,8,6.7,1.8818,1.4913,-1.2789
2003-01-04,1,Other,8,9.5,3.7024,3.155,1.4781
2003-01-05,1,Other,8,7.4,2.3543,1.9746,-1.737
2003-01-06,1,Other,8,10.9,2.9244,2.5358,0.2735
2003-01-07,1,Other,8,12.2,4.2322,3.5839,0.4122
2003-01-08,1,Other,8,11.4,3.7905,3.321,0.558
2003-01-09,1,Other,8,13.6,2.3776,2.1129,-0.6757
2003-01-10,1,Other,8,10.6,3.9564,3.1702,-0.0803
2003-01-11,1,Other,8,12.9,5.0193,4.0058,0.0185
2003-01-12,1,Other,8,8.1,3.4082,2.7308,-2.1675
2003-01-13,1,Other,8,8.5,3.7365,2.8302,2.4966
2003-01-14,1,Other,8,7.5,1.576,1.2752,-0.3211
2003-01-15,1,Other,8,12.4,4.7265,3.797,2.0979
2003-01-16,1,Other,8,14.0,3.7616,2.9208,-2.3758
2003-01-17,1,Other,8,9.6,3.2839,2.8677,0.9534
2003-01-18,1,Other,8,7.3,2.3586,1.7906,-1.0439
2003-01-19,1,Other,8,7.6,3.7973,3.5057,0.3408
2003-01-20,1,Other,7,6.9,3.311,2.8587,-1.1175
2003-01-21,1,Other,8,10.3,3.9281,3.338,1.3926
2003-01-22,1,Other,8,9.4,2.9766,2.262,0.9294
2003-01-23,1,Other,8,5.9,1.5984,1.3651,0.4875
2003-01-24,1,Other,8,6.4,3.2307,2.858,1.8108
2003-01-25,1,Other,8,7.2,2.6661,2.0012,1.3541
2003-01-26,1,Other,8,5.8,2.5752,2.3347,1.1046
2003-01-27,1,Other,8,13.2,4.1785,3.1703,0.3601
2003-01-28,1,Other,8,8.5,2.6211,1.9053,-0.9324
2003-01-29,1,Other,8,10.9,3.9307,3.3361,0.9729
2003-01-30,1,Other,8,10.9,3.2135,2.4589,-2.1945
2003-01-31,1,Other,8,9.6,3.053,2.4666,-0.8013
2003-02-01,2,Other,8,5.7,2.6238,2.3841,0.4092
2003-02-02,2,Other,8,7.7,3.7899,3.1208,2.079
2003-02-03,2,Other,8,9.1,1.4277,1.1925,-0.5033
2003-02-04,2,Other,8,11.9,3.949,3.1783,1.6672
2003-02-05,2,Other,8,10.1,4.0557,3.4595,-1.1543
2003-02-06,2,Other,8,9.3,3.9042,3.4482,0.8323
2003-02-07,2,Other,8,8.9,1.2609,0.9455,0.2849
2003-02-08,2,Other,8,6.1,3.1651,3.0068,1.4571
2003-02-09,2,Other,8,3.0,0.7677,0.6204,-0.1353
2003-02-10,2,Other,8,4.1,0.8223,0.7082,-0.3737
2003-02-11,2,Other,8,4.3,0.8476,0.7145,0.1326
2003-02-12,2,Other,8,7.4,2.3875,1.9686,0.7408
2003-02-13,2,Other,7,7.0,1.4204,0.9418,-0.2392
2003-02-14,2,Other,8,11.8,3.5353,3.1348,-2.0709
2003-02-15,2,Other,7,5.8,2.7575,2.5282,0.9712
2003-02-16,2,Other,8,4.2,1.2256,1.0401,-0.0329
2003-02-17,2,Other,7,4.1,2.3488,2.066,1.0455
2003-02-18,2,Other,8,10.6,3.4383,2.903,-1.5937
2003-02-19,2,Other,8,2.3,0.7531,0.6916,0.2431
2003-02-20,2,Other,7,7.9,2.1228,1.5458,-0.6126
2003-02-21,2,Other,7,12.5,5.9657,5.0808,1.048
2003-02-22,2,Other,6,13.7,5.132,4.1918,1.8535
2003-02-23,2,Other,5,5.1,1.7247,1.4423,-0.3293
2003-02-24,2,Other,8,5.0,1.7654,1.5077,0.7536
2003-02-25,2,Other,8,3.5,0.8253,0.7134,0.1618
2003-02-26,2,Other,8,3.2,1.4047,1.142,0.8752
2003-02-27,2,Other,8,4.8,2.5731,2.4031,1.2107
2003-02-28,2,Other,8,8.5,2.2102,1.6674,-0.8838
2003-03-01,3,Other,8,9.3,2.366,1.9541,-0.6901
2003-03-02,3,Other,6,5.5,2.7259,2.3014,1.6864
2003-03-03,3,Other,8,5.4,0.8437,0.6059,-0.1166
2003-03-04,3,Other,8,2.5,0.6508,0.4958,-0.3125
2003-03-05,3,Other,8,6.3,1.3409,1.0991,0.3413
2003-03-06,3,Other,7,6.6,1.2589,1.0702,0.307
2003-03-07,3,Other,8,4.5,1.146,0.945,0.4888
2003-03-08,3,Other,8,4.9,1.5646,1.3982,0.7569
2003-03-09,3,Other,8,7.9,3.1304,2.3512,-1.3917
2003-03-10,3,Other,8,10.0,1.6462,1.392,0.136
2003-03-11,3,Other,8,8.1,3.0774,2.2472,2.0269
2003-03-12,3,Other,8,2.4,0.4676,0.4108,0.068
2003-03-13,3,Other,8,5.8,1.0517,0.8365,-0.2464
2003-03-14,3,Other,8,5.5,1.1814,1.0232,0.3517
2003-03-15,3,Other,8,5.6,1.1213,0.8955,-0.3968
2003-03-16,3,Other,8,7.0,1.243,0.9994,-0.2476
2003-03-17,3,Other,8,6.6,0.7768,0.5178,-0.0223
2003-03-18,3,Other,8,7.1,1.2647,0.9273,-0.2404
2003-03-19,3,Other,8,8.4,2.2895,1.5947,-0.9357
2003-03-20,3,Other,8,7.5,1.6892,1.4241,-0.8262
2003-03-21,3,Other,7,8.0,1.1486,0.966,-0.2627
2003-03-22,3,Other,8,10.4,1.7713,1.2701,-0.0169
2003-03-23,3,Other,8,9.2,1.005,0.883,-0.203
2003-03-24,3,Other,8,6.8,1.0701,0.9364,0.5286
2003-03-25,3,Other,8,7.9,0.6897,0.5353,-0.1968
2003-03-26,3,Other,8,9.4,1.125,0.8904,-0.4644
2003-03-27,3,Other,8,12.0,1.9699,1.7725,0.3416
2003-03-28,3,Other,8,9.9,0.9491,0.6974,-0.1603
2003-03-29,3,Other,8,9.0,4.4279,3.8357,2.2447
2003-03-30,3,Other,8,5.5,0.4193,0.347,0.2186
2003-03-31,3,Other,8,10.9,0.6693,0.5777,-0.3804
2003-04-01,4,Other,8,10.3,4.501,3.768,3.0575
2003-04-02,4,Other,8,4.4,0.9876,0.7528,-0.0103
2003-04-03,4,Other,8,6.2,3.0459,2.5384,2.1485
2003-04-04,4,Other,8,5.6,0.7558,0.6755,0.0327
2003-04-05,4,Other,8,12.3,1.7952,1.124,-1.0764
2003-04-06,4,Other,8,13.0,3.2808,2.0918,-1.3261
2003-04-07,4,Other,8,10.3,1.1389,0.9911,-0.0097
2003-04-08,4,Other,8,17.5,9.4786,8.3839,4.7024
2003-04-09,4,Other,8,12.3,1.3928,1.1539,-0.3512
2003-04-10,4,Other,8,10.0,1.1996,0.8928,-0.6672
2003-04-11,4,Other,8,9.6,1.1241,0.9504,-0.4473
2003-04-12,4,Other,8,9.8,0.6546,0.49,0.0562
2003-04-13,4,Other,8,11.5,1.2428,0.956,-0.7356
2003-04-14,4,Other,8,11.4,1.3584,1.1816,0.1828
2003-04-15,4,Other,8,22.4,12.0121,10.5093,7.5405
2003-04-16,4,Other,8,8.3,2.6112,2.3901,0.3054
2003-04-17,4,Other,8,6.1,1.0999,0.8665,-0.2083
2003-04-18,4,Other,8,6.7,0.9115,0.8007,-0.2449
2003-04-19,4,Other,8,11.0,1.7183,1.2916,-0.5277
2003-04-20,4,Other,8,7.6,3.4712,2.7048,1.5092
2003-04-21,4,Other,8,8.5,1.2774,1.059,-0.289
2003-04-22,4,Other,8,8.7,0.5363,0.4712,-0.1605
2003-04-23,4,Other,8,16.7,3.4825,2.5245,-2.4756
2003-04-24,4,Other,8,8.3,1.0038,0.9232,-0.0781
2003-04-25,4,Other,8,10.5,1.4131,1.1132,-0.0245
2003-04-26,4,Other,7,10.0,4.1237,3.2705,1.9297
2003-04-27,4,Other,8,11.4,1.2099,0.9849,-0.5902
2003-04-28,4,Other,8,15.4,3.0402,1.9787,-0.8805
2003-04-29,4,Other,8,7.6,0.7846,0.7096,0.4126
2003-04-30,4,Other,8,14.9,4.8742,4.1964,2.7682
2003-05-01,5,May-Sep,8,10.7,6.0263,4.9229,4.6012
2003-05-02,5,May-Sep,8,5.3,2.6751,2.1884,0.9025
2003-05-03,5,May-Sep,8,2.0,0.8378,0.735,-0.2186
2003-05-04,5,May-Sep,8,3.8,0.7824,0.6877,0.1511
2003-05-05,5,May-Sep,8,6.8,0.6921,0.595,-0.4231
2003-05-06,5,May-Sep,8,9.7,0.9507,0.8174,-0.458
2003-05-07,5,May-Sep,8,10.1,0.9179,0.7888,-0.2258
2003-05-08,5,May-Sep,8,12.1,1.182,0.9348,-0.6304
2003-05-09,5,May-Sep,8,10.1,1.6247,1.2827,0.8668
2003-05-10,5,May-Sep,7,10.9,4.6703,3.8261,2.3074
2003-05-11,5,May-Sep,8,8.4,2.6138,2.0765,0.6945
2003-05-12,5,May-Sep,8,12.3,1.796,1.3127,-1.2631
2003-05-13,5,May-Sep,8,8.9,4.4331,4.0927,3.388
2003-05-14,5,May-Sep,8,12.0,1.3193,1.0124,-0.3845
2003-05-15,5,May-Sep,8,10.2,1.0286,0.8272,-0.5209
2003-05-16,5,May-Sep,8,10.8,0.7861,0.6348,-0.4561
2003-05-17,5,May-Sep,8,14.5,1.6085,1.3626,-1.0631
2003-05-18,5,May-Sep,8,10.5,1.8882,1.668,0.9928
2003-05-19,5,May-Sep,7,10.1,0.9488,0.7767,-0.1237
2003-05-20,5,May-Sep,8,10.6,0.8301,0.6927,-0.179
2003-05-21,5,May-Sep,8,10.4,1.3302,1.1554,0.3748
2003-05-22,5,May-Sep,8,13.3,1.0791,0.8443,-0.4964
2003-05-23,5,May-Sep,8,12.0,1.3458,1.0442,0.1648
2003-05-24,5,May-Sep,8,9.8,4.8452,3.9053,2.7211
2003-05-25,5,May-Sep,7,4.9,0.8405,0.7265,0.0329
2003-05-26,5,May-Sep,8,12.7,1.4049,1.1841,-0.4263
2003-05-27,5,May-Sep,8,10.4,0.8833,0.7071,-0.151
2003-05-28,5,May-Sep,7,10.1,0.8979,0.789,0.3496
2003-05-29,5,May-Sep,8,10.7,1.6191,1.3195,-0.0843
2003-05-30,5,May-Sep,8,8.4,3.7573,2.5897,2.1859
2003-05-31,5,May-Sep,8,11.8,1.8997,1.5303,-0.8136
2003-06-01,6,May-Sep,8,11.5,0.9514,0.7416,-0.1648
2003-06-02,6,May-Sep,7,10.7,1.1535,0.8262,-0.674
2003-06-03,6,May-Sep,8,12.7,1.1613,0.9289,-0.491
2003-06-04,6,May-Sep,8,11.3,0.9145,0.6633,-0.5431
2003-06-05,6,May-Sep,8,11.3,2.0299,1.7612,0.8235
2003-06-06,6,May-Sep,8,12.0,4.1813,3.4341,2.2187
2003-06-07,6,May-Sep,8,11.7,1.2684,0.8943,-0.6596
2003-06-08,6,May-Sep,8,9.0,2.9277,2.6709,2.1789
2003-06-09,6,May-Sep,8,7.0,1.2491,1.0037,0.9202
2003-06-10,6,May-Sep,8,5.8,0.5814,0.4624,0.255
2003-06-11,6,May-Sep,8,7.8,1.0401,0.8603,0.6183
2003-06-12,6,May-Sep,8,10.9,1.0927,0.8408,-0.0151
2003-06-13,6,May-Sep,8,8.8,2.4389,2.1892,1.784
2003-06-14,6,May-Sep,8,7.1,2.1779,1.7545,1.5548
2003-06-15,6,May-Sep,8,7.5,1.25,0.8875,-0.5965
2003-06-16,6,May-Sep,8,6.7,0.8236,0.748,-0.0161
2003-06-17,6,May-Sep,6,11.8,0.9511,0.7641,-0.444
2003-06-18,6,May-Sep,8,11.8,0.9263,0.7041,-0.2838
2003-06-19,6,May-Sep,8,11.0,3.6449,2.9515,2.2461
2003-06-20,6,May-Sep,8,10.9,0.8299,0.7394,-0.0313
2003-06-21,6,May-Sep,8,8.1,0.7063,0.5622,-0.0786
2003-06-22,6,May-Sep,8,11.2,1.52,1.1642,-0.7739
2003-06-23,6,May-Sep,7,15.8,9.1974,7.8044,6.9328
2003-06-24,6,May-Sep,8,11.0,1.5991,1.1847,0.2195
2003-06-25,6,May-Sep,7,11.5,2.0111,1.7358,-1.189
2003-06-26,6,May-Sep,8,10.8,1.1631,0.952,-0.513
2003-06-27,6,May-Sep,8,11.1,1.4477,1.1842,-0.5695
2003-06-28,6,May-Sep,8,9.8,0.9683,0.7989,0.0585
2003-06-29,6,May-Sep,8,9.4,2.2572,1.7254,1.3591
2003-06-30,6,May-Sep,8,11.1,4.201,3.4234,2.6866
2003-07-01,7,May-Sep,8,8.6,1.3745,1.2113,0.1353
2003-07-02,7,May-Sep,8,10.6,1.124,0.9427,0.2564
2003-07-03,7,May-Sep,8,10.2,1.0485,0.8205,-0.2186
2003-07-04,7,May-Sep,8,11.0,0.9297,0.6736,-0.4279
2003-07-05,7,May-Sep,8,11.5,3.1658,2.1537,1.7426
2003-07-06,7,May-Sep,8,5.0,2.0932,1.8515,1.4396
2003-07-07,7,May-Sep,8,11.0,1.3304,1.0277,-0.2271
2003-07-08,7,May-Sep,8,11.1,0.3166,0.2306,0.0708
2003-07-09,7,May-Sep,8,10.0,3.6842,3.1652,2.3798
2003-07-10,7,May-Sep,8,7.7,3.5139,2.6229,1.8889
2003-07-11,7,May-Sep,8,10.4,1.2902,1.1575,-0.3458
2003-07-12,7,May-Sep,8,9.6,0.9212,0.8229,-0.1546
2003-07-13,7,May-Sep,8,10.9,4.8651,3.9076,1.8288
2003-07-14,7,May-Sep,8,6.2,1.79,1.4279,0.5699
2003-07-15,7,May-Sep,8,9.8,0.9195,0.6793,-0.1034
2003-07-16,7,May-Sep,7,9.3,1.4536,1.1336,-1.1336
2003-07-17,7,May-Sep,8,10.6,3.7742,3.0683,2.2121
2003-07-18,7,May-Sep,8,13.7,1.1391,0.8266,-0.4539
2003-07-19,7,May-Sep,8,13.7,6.2601,5.2976,2.8877
2003-07-20,7,May-Sep,8,10.0,0.9314,0.7346,-0.3794
2003-07-21,7,May-Sep,8,12.7,0.9889,0.7046,-0.27
2003-07-22,7,May-Sep,8,8.7,3.4693,2.6764,2.0635
2003-07-23,7,May-Sep,8,8.3,0.6724,0.4809,-0.2729
2003-07-24,7,May-Sep,8,8.6,4.4308,3.4294,2.6752
2003-07-25,7,May-Sep,8,10.0,1.3465,1.1439,-0.7136
2003-07-26,7,May-Sep,8,9.5,1.884,1.302,0.8108
2003-07-27,7,May-Sep,8,8.8,2.6698,1.8488,1.2711
2003-07-28,7,May-Sep,8,8.0,3.9965,3.4924,0.7687
2003-07-29,7,May-Sep,8,9.7,1.2423,0.9452,-0.609
2003-07-30,7,May-Sep,8,10.0,0.8889,0.7149,-0.3105
2003-07-31,7,May-Sep,8,11.2,0.874,0.7,-0.3664
2003-08-01,8,May-Sep,8,12.8,1.2516,0.9824,-0.62
2003-08-02,8,May-Sep,8,14.2,2.0177,1.2911,-0.889
2003-08-03,8,May-Sep,8,9.4,1.1071,0.9293,-0.3927
2003-08-04,8,May-Sep,8,8.8,1.2033,1.0029,0.4868
2003-08-05,8,May-Sep,8,10.8,5.011,4.4112,4.0214
2003-08-06,8,May-Sep,8,9.9,1.1966,1.0071,-0.7886
2003-08-07,8,May-Sep,7,6.8,1.0248,0.8926,0.2085
2003-08-08,8,May-Sep,8,9.1,0.9562,0.765,-0.1513
2003-08-09,8,May-Sep,8,9.4,0.8493,0.7158,-0.5038
2003-08-10,8,May-Sep,7,10.9,0.691,0.5674,-0.3506
2003-08-11,8,May-Sep,8,11.5,1.0969,0.7893,-0.3911
2003-08-12,8,May-Sep,8,8.8,1.051,0.9337,-0.206
2003-08-13,8,May-Sep,8,9.8,2.4888,2.0897,1.6681
2003-08-14,8,May-Sep,8,12.0,1.3694,1.1209,-0.7681
2003-08-15,8,May-Sep,7,10.5,0.3223,0.2917,0.243
2003-08-16,8,May-Sep,8,12.2,0.7965,0.7064,-0.279
2003-08-17,8,May-Sep,8,11.7,1.3492,1.1002,-0.2229
2003-08-18,8,May-Sep,7,11.4,6.1421,4.9445,4.5112
2003-08-19,8,May-Sep,8,9.6,1.841,1.5256,-1.2348
2003-08-20,8,May-Sep,8,10.3,0.6674,0.5883,-0.1647
2003-08-21,8,May-Sep,8,11.0,1.8384,1.3188,0.3172
2003-08-22,8,May-Sep,8,8.7,1.4741,1.1778,-0.398
2003-08-23,8,May-Sep,8,11.4,0.9629,0.7585,-0.5195
2003-08-24,8,May-Sep,8,9.4,0.8902,0.7569,-0.1583
2003-08-25,8,May-Sep,8,6.7,0.9481,0.8481,0.7192
2003-08-26,8,May-Sep,8,6.4,0.8755,0.6673,0.2543
2003-08-27,8,May-Sep,8,8.7,1.2307,0.9218,-0.5327
2003-08-28,8,May-Sep,8,10.1,5.5758,5.0059,2.8193
2003-08-29,8,May-Sep,8,11.0,0.7335,0.6104,-0.1403
2003-08-30,8,May-Sep,8,12.4,1.0365,0.8897,-0.5411
2003-08-31,8,May-Sep,8,10.3,0.7565,0.5323,-0.1604
2003-09-01,9,May-Sep,8,11.6,1.1099,0.8046,-0.5117
2003-09-02,9,May-Sep,8,9.8,1.023,0.7499,-0.2805
2003-09-03,9,May-Sep,7,11.4,1.2721,0.8902,-0.3114
2003-09-04,9,May-Sep,8,10.6,0.7493,0.5633,-0.1975
2003-09-05,9,May-Sep,8,14.3,0.9475,0.7312,-0.5349
2003-09-06,9,May-Sep,8,12.8,0.91,0.7196,-0.4916
2003-09-07,9,May-Sep,8,13.8,0.5257,0.462,0.3291
2003-09-08,9,May-Sep,8,12.0,2.0918,1.8117,-0.4851
2003-09-09,9,May-Sep,7,12.7,1.7293,1.4294,-0.2284
2003-09-10,9,May-Sep,8,12.7,0.8831,0.7618,-0.3314
2003-09-11,9,May-Sep,8,11.3,2.0083,1.6209,0.8156
2003-09-12,9,May-Sep,7,12.3,0.592,0.501,-0.2318
2003-09-13,9,May-Sep,8,13.7,4.7357,3.8833,3.3465
2003-09-14,9,May-Sep,8,9.4,4.1611,3.3486,2.4721
2003-09-15,9,May-Sep,8,6.2,2.8898,2.514,0.7621
2003-09-16,9,May-Sep,8,7.5,0.543,0.4527,0.2019
2003-09-17,9,May-Sep,8,10.3,1.3517,0.7924,-0.5829
2003-09-18,9,May-Sep,8,7.0,1.1025,0.9715,0.5261
2003-09-19,9,May-Sep,7,13.7,0.6434,0.5697,-0.1091
2003-09-20,9,May-Sep,8,12.4,0.8604,0.6925,-0.4868
2003-09-21,9,May-Sep,6,13.9,0.6177,0.5082,-0.101
2003-09-22,9,May-Sep,8,9.1,2.8603,2.5932,1.7958
2003-09-23,9,May-Sep,8,8.3,4.2132,3.7118,2.4915
2003-09-24,9,May-Sep,8,7.3,3.5525,2.9171,1.6674
2003-09-25,9,May-Sep,8,10.7,1.4457,1.2184,-0.4584
2003-09-26,9,May-Sep,7,10.2,1.3318,0.9377,-0.8234
2003-09-27,9,May-Sep,8,8.5,5.0498,4.5657,1.0368
2003-09-28,9,May-Sep,8,7.2,0.7355,0.6288,0.2602
2003-09-29,9,May-Sep,8,9.8,0.7026,0.5189,0.0308
2003-09-30,9,May-Sep,8,8.3,0.8961,0.667,-0.2649
2003-10-01,10,Other,8,7.7,1.2344,0.9288,-0.8185
2003-10-02,10,Other,8,9.0,0.915,0.7202,-0.6453
2003-10-03,10,Other,8,9.2,0.9723,0.7196,-0.6197
2003-10-04,10,Other,8,9.8,0.8268,0.7215,-0.4677
2003-10-05,10,Other,8,8.5,1.0456,0.8889,-0.0884
2003-10-06,10,Other,8,9.5,1.0005,0.8315,0.0893
2003-10-07,10,Other,8,4.5,0.6622,0.5427,0.3674
2003-10-08,10,Other,8,3.7,1.3909,1.1564,0.6508
2003-10-09,10,Other,8,8.5,1.1015,0.8562,-0.5875
2003-10-10,10,Other,8,7.1,1.138,0.9591,-0.2993
2003-10-11,10,Other,8,9.7,1.182,0.9566,-0.6631
2003-10-12,10,Other,8,9.8,1.7916,1.3314,-1.1731
2003-10-13,10,Other,8,6.8,1.8197,1.5574,-0.8914
2003-10-14,10,Other,8,9.7,1.0483,0.8364,-0.1082
2003-10-15,10,Other,8,9.9,0.9636,0.7963,-0.5094
2003-10-16,10,Other,8,10.3,1.0467,0.9397,-0.5303
2003-10-17,10,Other,8,6.9,0.4695,0.4209,-0.0636
2003-10-18,10,Other,8,11.8,0.8255,0.7217,-0.1749
2003-10-19,10,Other,8,10.3,1.4479,1.3524,-0.4637
2003-10-20,10,Other,8,12.5,0.8308,0.6784,-0.2926
2003-10-21,10,Other,8,11.1,1.5549,1.168,-0.4712
2003-10-22,10,Other,8,9.1,2.6174,2.1003,1.4759
2003-10-23,10,Other,7,7.7,1.912,1.0176,-0.5235
2003-10-24,10,Other,8,7.8,1.483,1.3217,-0.8703
2003-10-25,10,Other,8,13.0,0.6503,0.5091,0.0327
2003-10-26,10,Other,8,12.4,0.6751,0.5451,-0.1754
2003-10-27,10,Other,8,11.1,2.8376,2.2827,-1.2401
2003-10-28,10,Other,8,13.2,1.6967,1.4947,-0.414
2003-10-29,10,Other,8,15.4,3.2799,2.4557,1.5424
2003-10-30,10,Other,8,14.0,2.9981,1.9264,1.2828
2003-10-31,10,Other,7,13.4,7.8072,6.7499,4.5481
2003-11-01,11,Other,8,9.7,1.3158,1.1397,-0.0488
2003-11-02,11,Other,8,7.6,1.2114,0.9635,-0.3065
2003-11-03,11,Other,8,8.7,1.7416,1.531,-0.6012
2003-11-04,11,Other,8,4.6,0.9787,0.7685,0.1534
2003-11-05,11,Other,8,6.8,3.7867,3.4428,1.0431
2003-11-06,11,Other,8,5.4,0.9571,0.8036,-0.1295
2003-11-07,11,Other,8,4.7,0.5431,0.4517,0.0521
2003-11-08,11,Other,8,6.0,0.6717,0.5624,-0.0042
2003-11-09,11,Other,8,6.4,0.5869,0.4257,-0.266
2003-11-10,11,Other,8,10.3,1.7172,1.4938,0.4399
2003-11-11,11,Other,8,11.1,2.5157,2.1225,-0.9961
2003-11-12,11,Other,7,11.6,3.7352,2.9968,-1.4897
2003-11-13,11,Other,8,8.9,4.7587,4.5744,1.3212
2003-11-14,11,Other,8,6.9,1.0939,0.8888,0.0621
2003-11-15,11,Other,7,6.0,0.4976,0.3661,0.1161
2003-11-16,11,Other,8,8.0,0.9969,0.8713,-0.2699
2003-11-17,11,Other,8,2.1,0.9048,0.7504,0.2445
2003-11-18,11,Other,8,2.4,0.962,0.8451,0.2012
2003-11-19,11,Other,7,2.7,1.2152,1.1593,-0.3913
2003-11-20,11,Other,8,6.7,0.9908,0.7662,0.1867
2003-11-21,11,Other,8,7.4,1.6768,1.2974,0.6919
2003-11-22,11,Other,8,14.1,3.3253,2.7179,0.9418
2003-11-23,11,Other,8,8.7,1.3747,0.9532,0.506
2003-11-24,11,Other,8,9.7,3.2603,2.3615,-1.859
2003-11-25,11,Other,8,9.7,3.7674,2.7793,-1.4892
2003-11-26,11,Other,8,11.9,5.7737,4.6244,3.1333
2003-11-27,11,Other,7,9.8,2.8189,2.1642,1.5115
2003-11-28,11,Other,8,8.4,1.5263,1.2818,0.2766
2003-11-29,11,Other,8,8.3,2.6769,1.9131,-1.0714
2003-11-30,11,Other,8,6.5,1.742,1.2948,0.6635
2003-12-01,12,Other,8,4.1,1.2862,1.094,0.1885
2003-12-02,12,Other,9,5.3,2.5103,2.0046,-0.2835
2003-12-03,12,Other,8,11.5,4.0531,3.2937,-3.1687
2003-12-04,12,Other,8,6.9,1.6317,1.3773,0.8507
2003-12-05,12,Other,8,8.0,3.4922,2.8557,1.8507
2003-12-06,12,Other,8,7.2,2.8983,2.3835,1.6251
2003-12-07,12,Other,7,7.1,1.5727,1.4084,0.6966
2003-12-08,12,Other,8,4.8,1.1224,0.9758,0.0047
2003-12-09,12,Other,8,8.8,2.5278,2.0782,-1.0779
2003-12-10,12,Other,8,5.2,2.8042,2.4076,1.2867
2003-12-11,12,Other,8,12.3,3.2216,2.4479,-1.2087
2003-12-12,12,Other,8,9.6,3.486,2.5918,-1.9413
2003-12-13,12,Other,8,3.2,1.5476,1.4576,0.6686
2003-12-14,12,Other,8,1.9,0.9451,0.7578,0.332
2003-12-15,12,Other,8,7.8,2.9777,2.3453,1.7124
2003-12-16,12,Other,8,4.6,0.9609,0.7798,-0.0681
2003-12-17,12,Other,8,10.7,2.7949,2.4033,1.3451
2003-12-18,12,Other,6,9.8,3.4548,2.865,1.6393
2003-12-19,12,Other,8,8.0,2.1132,1.8816,-0.4205
2003-12-20,12,Other,8,5.7,1.6484,1.2999,-0.2859
2003-12-21,12,Other,8,6.5,2.4532,2.1008,-0.5178
2003-12-22,12,Other,8,12.6,5.5294,4.658,-1.6589
2003-12-23,12,Other,8,9.5,4.0458,3.3988,-2.4422
2003-12-24,12,Other,8,4.7,2.3548,2.2198,0.6821
2003-12-25,12,Other,8,5.3,2.5604,2.3796,1.1772
2003-12-26,12,Other,8,9.9,2.9405,2.3414,-2.1715
2003-12-27,12,Other,8,5.8,2.0123,1.629,0.4795
2003-12-28,12,Other,8,8.4,5.0964,4.6908,1.1969
2003-12-29,12,Other,8,11.3,2.3881,1.6323,-0.7688
2003-12-30,12,Other,8,11.8,3.8867,2.7904,-1.7281
2003-12-31,12,Other,8,6.8,1.9552,1.6275,0.5735
2004-01-01,1,Other,8,7.8,3.9231,3.4375,1.7044
2004-01-02,1,Other,8,5.4,1.441,1.2217,-0.5393
2004-01-03,1,Other,8,3.5,1.3301,1.0968,0.6314
2004-01-04,1,Other,8,3.8,2.0102,1.9174,0.3362
2004-01-05,1,Other,7,4.4,0.3884,0.3444,-0.0322
2004-01-06,1,Other,8,6.5,1.3234,0.8176,-0.6856
2004-01-07,1,Other,8,10.7,4.1992,3.6506,1.8402
2004-01-08,1,Other,8,8.7,2.1435,1.5134,-1.4699
2004-01-09,1,Other,8,14.3,2.8209,2.2865,0.4392
2004-01-10,1,Other,8,6.1,2.7951,2.3605,0.2994
2004-01-11,1,Other,8,8.0,4.0303,3.6372,0.5736
2004-01-12,1,Other,8,8.2,2.3717,1.8943,-1.4867
2004-01-13,1,Other,8,4.2,1.3381,1.2048,-0.5546
2004-01-14,1,Other,8,4.0,2.3001,2.1124,1.2354
2004-01-15,1,Other,8,6.6,2.4122,2.0761,0.9664
2004-01-16,1,Other,8,6.5,1.5627,1.3675,-0.074
2004-01-17,1,Other,8,6.1,1.4688,1.2939,0.555
2004-01-18,1,Other,8,5.0,2.198,1.598,-1.2212
2004-01-19,1,Other,8,3.5,1.6363,1.4773,0.5895
2004-01-20,1,Other,8,6.2,1.4839,1.2501,-0.6291
2004-01-21,1,Other,8,7.6,2.7048,2.1417,1.4866
2004-01-22,1,Other,5,6.1,1.9045,1.3698,0.499
2004-01-23,1,Other,8,7.1,1.4409,1.0823,-0.0862
2004-01-24,1,Other,8,8.1,1.4647,1.2201,-0.2677
2004-01-25,1,Other,8,7.5,1.8952,1.4613,0.1735
2004-01-26,1,Other,8,8.9,2.9325,2.4592,-2.155
2004-01-27,1,Other,8,10.8,5.0504,4.409,1.7015
2004-01-28,1,Other,8,11.4,3.3152,2.6472,-1.2637
2004-01-29,1,Other,8,3.9,1.8512,1.5998,0.8381
2004-01-30,1,Other,8,8.8,3.4017,2.9242,1.4748
2004-01-31,1,Other,8,5.2,1.621,1.3348,-0.7669
2004-02-01,2,Other,8,5.3,2.6157,2.3313,0.4314
2004-02-02,2,Other,8,8.6,2.1368,1.6659,-0.0077
2004-02-03,2,Other,8,7.4,2.9355,2.5352,1.2259
2004-02-04,2,Other,8,3.4,1.3165,1.1501,0.1442
2004-02-05,2,Other,8,9.1,1.8613,1.5473,0.0606
2004-02-06,2,Other,8,11.9,3.0587,2.5263,-0.777
2004-02-07,2,Other,7,11.3,4.1254,3.49,1.9448
2004-02-08,2,Other,8,10.1,2.7048,2.5119,-1.6681
2004-02-09,2,Other,8,7.5,3.2534,2.3152,-1.8195
2004-02-10,2,Other,8,7.5,3.7378,3.2581,0.8615
2004-02-11,2,Other,8,17.2,4.0464,3.3123,-2.1822
2004-02-12,2,Other,8,13.5,3.4516,2.4695,2.3301
2004-02-13,2,Other,8,10.2,4.3293,3.2558,-2.2319
2004-02-14,2,Other,8,9.4,4.8496,4.3933,1.6001
2004-02-15,2,Other,7,13.2,5.0215,3.7641,2.2483
2004-02-16,2,Other,8,18.7,8.6197,7.0812,-2.7267
2004-02-17,2,Other,8,17.9,4.0532,3.5264,-0.4643
2004-02-18,2,Other,8,5.2,3.1386,2.8183,1.7948
2004-02-19,2,Other,8,8.6,2.295,1.8846,0.9597
2004-02-20,2,Other,8,9.4,2.4125,2.1177,0.4349
2004-02-21,2,Other,7,5.7,1.6802,1.31,0.9394
2004-02-22,2,Other,8,12.4,2.0511,1.6881,0.3479
2004-02-23,2,Other,8,6.4,2.3499,1.8516,1.1342
2004-02-24,2,Other,8,6.9,2.271,1.7555,1.2087
2004-02-25,2,Other,8,5.4,2.0604,1.5437,1.406
2004-02-26,2,Other,8,8.5,2.853,1.9411,-1.5482
2004-02-27,2,Other,7,5.5,2.4672,1.9747,1.7257
2004-02-28,2,Other,8,5.7,1.689,1.5239,-0.6278
2004-02-29,2,Other,8,6.0,1.9888,1.7225,0.3673
2004-03-01,3,Other,8,3.9,0.7564,0.6107,0.4264
2004-03-02,3,Other,8,8.8,3.0224,2.4159,1.3161
2004-03-03,3,Other,8,6.9,1.3307,0.9133,0.543
2004-03-04,3,Other,7,7.8,1.1355,0.9892,-0.0927
2004-03-05,3,Other,8,6.6,2.458,1.8258,-1.2494
2004-03-06,3,Other,8,8.6,2.2677,1.8064,0.3012
2004-03-07,3,Other,8,14.6,6.0438,5.2482,-1.739
2004-03-08,3,Other,7,16.6,4.0884,3.7639,2.3111
2004-03-09,3,Other,8,9.6,3.7247,3.0553,2.8835
2004-03-10,3,Other,8,4.8,1.058,0.8024,-0.1424
2004-03-11,3,Other,8,5.8,1.0218,0.7547,0.1621
2004-03-12,3,Other,8,7.9,1.9017,1.4778,0.4301
2004-03-13,3,Other,8,5.0,0.7587,0.619,0.1754
2004-03-14,3,Other,8,4.2,1.2284,0.9199,0.4337
2004-03-15,3,Other,8,3.1,1.6275,1.3792,0.9096
2004-03-16,3,Other,8,3.6,0.8231,0.6536,0.539
2004-03-17,3,Other,8,3.7,0.758,0.6105,0.0518
2004-03-18,3,Other,8,6.5,1.2159,1.0033,-0.3869
2004-03-19,3,Other,8,1.8,0.7309,0.6794,0.3417
2004-03-20,3,Other,8,4.0,1.2394,0.841,0.841
2004-03-21,3,Other,8,4.5,0.625,0.5041,0.1599
2004-03-22,3,Other,8,5.9,0.7835,0.6907,-0.1106
2004-03-23,3,Other,8,7.6,0.5107,0.4054,0.2032
2004-03-24,3,Other,8,11.6,1.7702,1.143,-0.6039
2004-03-25,3,Other,8,12.6,3.2898,2.4163,1.1132
2004-03-26,3,Other,8,6.8,4.2805,4.0465,2.5907
2004-03-27,3,Other,8,5.0,1.0989,0.9031,-0.5683
2004-03-28,3,Other,8,7.1,0.8474,0.6358,-0.4054
2004-03-29,3,Other,8,7.5,1.3861,1.1417,-0.9689
2004-03-30,3,Other,8,10.0,1.8621,1.538,0.6429
2004-03-31,3,Other,8,12.2,1.0791,0.9865,-0.0891
2004-04-01,4,Other,8,10.6,0.8502,0.6252,-0.6026
2004-04-02,4,Other,8,16.8,1.956,1.3528,-0.8109
2004-04-03,4,Other,8,10.1,2.6543,2.4781,0.5012
2004-04-04,4,Other,8,9.7,0.7643,0.6469,0.5227
2004-04-05,4,Other,7,8.8,1.0068,0.8063,0.395
2004-04-06,4,Other,8,14.0,2.8063,1.8567,-1.3151
2004-04-07,4,Other,8,4.9,2.0171,1.5474,1.1747
2004-04-08,4,Other,8,9.1,3.3495,2.7508,2.4969
2004-04-09,4,Other,8,5.1,2.2034,2.1002,1.2407
2004-04-10,4,Other,8,7.8,1.0178,0.8363,-0.4111
2004-04-11,4,Other,8,7.8,2.1055,1.8829,1.0427
2004-04-12,4,Other,8,9.5,0.6678,0.5808,-0.1
2004-04-13,4,Other,8,14.2,1.2528,0.9901,-0.7931
2004-04-14,4,Other,8,13.5,0.8237,0.6904,-0.1959
2004-04-15,4,Other,8,13.8,1.0272,0.7044,-0.3034
2004-04-16,4,Other,8,15.6,3.5279,2.6214,-2.2408
2004-04-17,4,Other,8,8.5,2.3852,2.0352,0.2748
2004-04-18,4,Other,8,13.5,3.0189,1.8198,-1.3465
2004-04-19,4,Other,8,10.4,6.9247,6.837,3.1659
2004-04-20,4,Other,8,10.1,4.4533,3.6524,3.3459
2004-04-21,4,Other,8,10.9,1.0957,0.959,-0.2882
2004-04-22,4,Other,8,13.8,1.2187,0.9839,0.1517
2004-04-23,4,Other,8,8.6,0.7208,0.5757,0.0468
2004-04-24,4,Other,8,9.4,0.6368,0.5147,0.2255
2004-04-25,4,Other,8,17.2,2.9825,2.0883,-1.2671
2004-04-26,4,Other,8,10.2,3.3187,2.9442,0.3963
2004-04-27,4,Other,8,12.2,7.6453,7.0705,5.3155
2004-04-28,4,Other,8,5.4,1.2677,1.0159,0.659
2004-04-29,4,Other,8,8.6,1.1021,0.9872,-0.5198
2004-04-30,4,Other,8,6.1,0.9507,0.8011,0.4649
2004-05-01,5,May-Sep,8,7.8,0.8731,0.7327,0.0471
2004-05-02,5,May-Sep,8,12.6,1.0666,0.8256,-0.4845
2004-05-03,5,May-Sep,8,15.3,1.7011,1.2888,-0.7451
2004-05-04,5,May-Sep,7,14.7,0.6856,0.4895,-0.2249
2004-05-05,5,May-Sep,7,12.7,0.7548,0.6406,-0.225
2004-05-06,5,May-Sep,8,13.7,1.3272,0.9563,-0.5957
2004-05-07,5,May-Sep,8,8.8,1.3527,1.1656,0.7756
2004-05-08,5,May-Sep,8,12.5,7.257,6.5475,4.7701
2004-05-09,5,May-Sep,8,10.1,1.2142,0.9838,-0.3372
2004-05-10,5,May-Sep,8,5.1,2.5406,2.0483,1.9673
2004-05-11,5,May-Sep,7,5.8,1.0577,0.9426,-0.683
2004-05-12,5,May-Sep,8,7.7,1.3829,0.948,0.9387
2004-05-13,5,May-Sep,8,11.2,0.9539,0.8057,-0.018
2004-05-14,5,May-Sep,8,11.8,2.996,2.2512,1.4473
2004-05-15,5,May-Sep,8,14.5,2.7724,1.6356,-1.5111
2004-05-16,5,May-Sep,8,8.3,1.2921,0.9048,0.607
2004-05-17,5,May-Sep,8,15.3,2.8438,1.7611,-1.4294
2004-05-18,5,May-Sep,8,8.6,2.0825,1.511,0.9104
2004-05-19,5,May-Sep,8,12.9,1.0759,0.7931,-0.2821
2004-05-20,5,May-Sep,7,9.1,0.6846,0.5684,-0.0727
2004-05-21,5,May-Sep,8,11.4,6.7269,5.9162,5.2602
2004-05-22,5,May-Sep,8,8.7,1.9937,1.5679,0.9967
2004-05-23,5,May-Sep,8,11.2,1.6794,1.3288,-0.467
2004-05-24,5,May-Sep,8,7.8,0.8102,0.7367,0.5532
2004-05-25,5,May-Sep,8,6.5,1.4465,1.1647,0.9459
2004-05-26,5,May-Sep,8,9.0,1.3701,0.9316,0.8472
2004-05-27,5,May-Sep,8,9.3,0.8912,0.7856,-0.0422
2004-05-28,5,May-Sep,8,11.0,1.0437,0.8087,-0.5782
2004-05-29,5,May-Sep,8,8.7,2.0928,1.5194,-1.1829
2004-05-30,5,May-Sep,8,9.2,1.6489,1.1115,0.4816
2004-05-31,5,May-Sep,8,11.2,4.5506,3.9038,3.9038
2004-06-01,6,May-Sep,8,8.1,0.4241,0.3696,0.2529
2004-06-02,6,May-Sep,8,10.8,1.2523,1.0836,-0.396
2004-06-03,6,May-Sep,8,11.9,1.2592,1.0063,-0.7919
2004-06-04,6,May-Sep,7,12.2,2.5661,2.1572,-1.609
2004-06-05,6,May-Sep,8,8.5,1.0718,0.7382,0.1242
2004-06-06,6,May-Sep,8,9.0,0.8446,0.6081,-0.1987
2004-06-07,6,May-Sep,8,12.7,5.7301,5.0324,4.5804
2004-06-08,6,May-Sep,8,7.9,1.3578,1.1421,0.0796
2004-06-09,6,May-Sep,8,8.3,3.5533,2.9334,2.8789
2004-06-10,6,May-Sep,8,8.0,0.9903,0.7402,-0.1892
2004-06-11,6,May-Sep,8,9.9,1.9114,1.394,0.4599
2004-06-12,6,May-Sep,8,12.7,1.039,0.9402,-0.1553
2004-06-13,6,May-Sep,8,10.8,0.4566,0.3472,-0.0639
2004-06-14,6,May-Sep,8,14.4,1.2058,0.7678,-0.6708
2004-06-15,6,May-Sep,8,11.6,4.7426,4.0808,3.8592
2004-06-16,6,May-Sep,8,9.8,0.84,0.715,-0.3609
2004-06-17,6,May-Sep,8,11.6,1.0418,0.7639,-0.4889
2004-06-18,6,May-Sep,8,12.9,0.7639,0.6472,-0.255
2004-06-19,6,May-Sep,8,14.2,1.1519,0.8121,-0.4087
2004-06-20,6,May-Sep,8,10.0,1.3422,1.0995,0.2454
2004-06-21,6,May-Sep,7,8.4,0.893,0.736,0.736
2004-06-22,6,May-Sep,8,11.4,0.7158,0.6281,-0.2444
2004-06-23,6,May-Sep,8,11.5,2.1609,1.6953,1.3323
2004-06-24,6,May-Sep,8,14.1,7.2401,6.0081,5.6851
2004-06-25,6,May-Sep,7,8.3,1.052,0.9771,-0.0089
2004-06-26,6,May-Sep,8,11.7,1.1819,1.0787,-0.5293
2004-06-27,6,May-Sep,8,11.1,5.6153,4.6788,2.4786
2004-06-28,6,May-Sep,8,10.7,0.7099,0.5983,0.454
2004-06-29,6,May-Sep,8,14.4,1.3957,0.9174,-0.6944
2004-06-30,6,May-Sep,8,14.6,1.339,1.1444,0.357
2004-07-01,7,May-Sep,8,9.7,1.3434,1.0055,0.7097
2004-07-02,7,May-Sep,4,10.4,0.7523,0.6401,-0.411
2004-07-03,7,May-Sep,8,9.7,0.9049,0.733,-0.4836
2004-07-04,7,May-Sep,8,12.9,0.6858,0.571,0.0002
2004-07-05,7,May-Sep,8,16.1,7.4732,6.1193,2.419
2004-07-06,7,May-Sep,8,10.9,3.1837,2.4635,0.9082
2004-07-07,7,May-Sep,8,10.4,0.9898,0.7519,-0.2697
2004-07-08,7,May-Sep,7,15.0,0.6363,0.5327,0.0607
2004-07-09,7,May-Sep,8,9.8,2.7822,2.3874,2.1711
2004-07-10,7,May-Sep,8,11.7,1.6496,1.3694,0.5312
2004-07-11,7,May-Sep,8,14.6,1.057,0.7385,-0.6404
2004-07-12,7,May-Sep,8,16.2,1.2785,0.9792,-0.5785
2004-07-13,7,May-Sep,8,16.1,1.106,0.8174,-0.5888
2004-07-14,7,May-Sep,8,15.2,1.3027,0.9115,-0.2895
2004-07-15,7,May-Sep,8,11.8,1.4027,1.1569,0.7651
2004-07-16,7,May-Sep,8,9.9,0.8784,0.7251,0.2248
2004-07-17,7,May-Sep,8,7.7,1.4866,1.3719,1.1313
2004-07-18,7,May-Sep,8,8.4,4.6255,3.9017,3.3256
2004-07-19,7,May-Sep,8,6.4,3.8253,3.1972,3.0636
2004-07-20,7,May-Sep,8,8.3,1.4212,1.1599,0.3383
2004-07-21,7,May-Sep,8,7.2,0.9366,0.6499,0.1168
2004-07-22,7,May-Sep,8,7.9,0.8775,0.7589,0.0091
2004-07-23,7,May-Sep,8,12.4,1.3847,0.9807,-0.3125
2004-07-24,7,May-Sep,8,8.8,1.5391,1.1821,0.9591
2004-07-25,7,May-Sep,8,9.6,2.8848,2.1697,1.9994
2004-07-26,7,May-Sep,8,6.7,0.9869,0.7498,0.7107
2004-07-27,7,May-Sep,7,11.3,0.583,0.5157,-0.0469
2004-07-28,7,May-Sep,8,15.1,0.9619,0.6763,-0.3083
2004-07-29,7,May-Sep,8,14.0,1.4894,1.1212,-0.0121
2004-07-30,7,May-Sep,8,7.2,2.6831,2.2783,1.4743
2004-07-31,7,May-Sep,8,9.5,2.2262,1.5818,0.003
2004-08-01,8,May-Sep,7,12.8,1.3462,1.1447,-0.7527
2004-08-02,8,May-Sep,8,11.6,0.6971,0.58,-0.0764
2004-08-03,8,May-Sep,8,10.5,3.5282,2.972,2.6488
2004-08-04,8,May-Sep,8,9.9,1.4917,1.2516,0.353
2004-08-05,8,May-Sep,8,12.8,1.0694,0.8122,-0.4332
2004-08-06,8,May-Sep,8,11.2,0.8395,0.5924,-0.4478
2004-08-07,8,May-Sep,8,10.3,5.4928,4.7373,3.5676
2004-08-08,8,May-Sep,8,8.1,0.8285,0.626,0.0273
2004-08-09,8,May-Sep,8,9.7,1.0914,0.9055,-0.3816
2004-08-10,8,May-Sep,7,7.9,0.6803,0.5291,0.103
2004-08-11,8,May-Sep,8,11.7,0.7958,0.689,-0.1581
2004-08-12,8,May-Sep,8,7.4,1.2652,1.0732,0.5356
2004-08-13,8,May-Sep,8,11.5,0.958,0.8438,-0.3944
2004-08-14,8,May-Sep,8,13.9,0.8524,0.6518,-0.2445
2004-08-15,8,May-Sep,8,13.6,2.2165,1.4659,-1.1266
2004-08-16,8,May-Sep,8,9.1,2.1781,1.84,1.2863
2004-08-17,8,May-Sep,8,10.9,1.0051,0.658,-0.3417
2004-08-18,8,May-Sep,8,12.1,0.9757,0.6086,-0.4717
2004-08-19,8,May-Sep,8,9.3,1.9692,1.5647,1.073
2004-08-20,8,May-Sep,8,11.3,4.9836,3.9368,3.417
2004-08-21,8,May-Sep,8,8.7,0.9282,0.6933,0.1645
2004-08-22,8,May-Sep,8,13.4,2.0371,1.5759,0.8896
2004-08-23,8,May-Sep,8,16.1,7.7223,6.3311,4.6643
2004-08-24,8,May-Sep,8,10.0,0.9147,0.7393,0.4352
2004-08-25,8,May-Sep,8,11.2,1.2368,0.9856,-0.5613
2004-08-26,8,May-Sep,8,10.6,0.568,0.4232,0.0227
2004-08-27,8,May-Sep,8,12.9,0.8216,0.6198,-0.4927
2004-08-28,8,May-Sep,8,9.2,0.9355,0.7376,0.2808
2004-08-29,8,May-Sep,8,13.2,0.7852,0.6092,-0.2203
2004-08-30,8,May-Sep,8,14.0,1.2007,0.8978,-0.6446
2004-08-31,8,May-Sep,8,10.7,3.5603,2.9448,2.6816
2004-09-01,9,May-Sep,8,7.9,2.6494,2.3821,1.7952
2004-09-02,9,May-Sep,8,11.2,0.8547,0.7251,-0.0462
2004-09-03,9,May-Sep,8,8.1,2.1215,1.6265,0.6851
2004-09-04,9,May-Sep,8,11.2,0.7992,0.6503,-0.2209
2004-09-05,9,May-Sep,7,12.8,0.7398,0.5216,-0.2021
2004-09-06,9,May-Sep,8,14.5,1.2691,1.0107,-0.6276
2004-09-07,9,May-Sep,8,15.3,1.2756,1.0589,-0.6313
2004-09-08,9,May-Sep,8,16.1,7.7758,6.8222,3.2765
2004-09-09,9,May-Sep,8,12.0,1.2351,0.9102,-0.411
2004-09-10,9,May-Sep,8,8.0,3.9499,2.9398,2.4173
2004-09-11,9,May-Sep,8,10.3,0.783,0.6051,-0.1784
2004-09-12,9,May-Sep,8,14.7,2.4355,1.61,-0.879
2004-09-13,9,May-Sep,8,12.9,7.2627,5.4867,3.262
2004-09-14,9,May-Sep,8,13.4,6.1076,5.1223,2.6476
2004-09-15,9,May-Sep,8,8.0,1.2009,1.0714,0.407
2004-09-16,9,May-Sep,8,11.7,0.8107,0.6499,0.0331
2004-09-17,9,May-Sep,8,8.9,0.7396,0.5746,0.1209
2004-09-18,9,May-Sep,6,9.2,1.3579,1.2161,0.4684
2004-09-19,9,May-Sep,8,14.0,0.9271,0.6955,-0.3017
2004-09-20,9,May-Sep,8,13.4,0.8737,0.7514,0.0507
2004-09-21,9,May-Sep,8,9.5,1.8157,1.4108,0.4635
2004-09-22,9,May-Sep,8,8.0,4.4174,3.8767,2.2972
2004-09-23,9,May-Sep,8,6.9,0.9544,0.7142,0.6754
2004-09-24,9,May-Sep,7,9.3,0.8776,0.5271,-0.1275
2004-09-25,9,May-Sep,7,11.8,0.8841,0.7684,-0.2453
2004-09-26,9,May-Sep,8,9.2,0.8901,0.5712,-0.1411
2004-09-27,9,May-Sep,8,10.2,1.9538,1.4992,0.5915
2004-09-28,9,May-Sep,8,11.7,5.9986,5.2663,1.1734
2004-09-29,9,May-Sep,8,7.8,0.4746,0.3389,0.1223
2004-09-30,9,May-Sep,7,11.6,0.9347,0.6771,0.0563
2004-10-01,10,Other,8,11.4,0.8042,0.6978,-0.0074
2004-10-02,10,Other,7,10.4,0.9958,0.7198,-0.098
2004-10-03,10,Other,8,6.5,0.5023,0.3852,0.1349
2004-10-04,10,Other,8,13.2,1.3525,1.1431,-0.0202
2004-10-05,10,Other,8,14.7,0.9284,0.7637,0.1897
2004-10-06,10,Other,7,15.4,1.3456,1.1863,0.3529
2004-10-07,10,Other,8,11.2,4.2845,3.6319,2.0245
2004-10-08,10,Other,8,10.0,5.3807,4.358,3.6412
2004-10-09,10,Other,8,9.5,1.168,0.8735,0.0499
2004-10-10,10,Other,8,9.9,1.1768,0.8129,0.0804
2004-10-11,10,Other,7,9.3,0.7146,0.5416,-0.0968
2004-10-12,10,Other,8,10.6,0.7402,0.5745,-0.3318
2004-10-13,10,Other,8,9.8,0.7684,0.6086,0.1634
2004-10-14,10,Other,8,11.5,1.1372,0.8621,0.0096
2004-10-15,10,Other,7,12.9,1.9639,1.5522,0.7597
2004-10-16,10,Other,8,14.0,5.7902,4.5354,4.1655
2004-10-17,10,Other,7,8.0,0.669,0.491,-0.2809
2004-10-18,10,Other,8,7.4,0.6301,0.4353,0.3457
2004-10-19,10,Other,8,6.3,2.409,2.015,1.3705
2004-10-20,10,Other,8,8.0,0.9954,0.6943,0.1124
2004-10-21,10,Other,8,9.0,0.9239,0.7698,-0.2076
2004-10-22,10,Other,8,12.1,1.649,1.3444,0.0987
2004-10-23,10,Other,8,9.5,1.1681,0.8511,-0.2276
2004-10-24,10,Other,8,9.7,1.1273,0.9553,-0.1547
2004-10-25,10,Other,8,7.6,1.043,0.8445,0.1655
2004-10-26,10,Other,8,8.2,0.8328,0.5484,0.4347
2004-10-27,10,Other,8,8.0,1.276,0.8469,0.1131
2004-10-28,10,Other,8,4.1,1.6234,1.3885,-0.4067
2004-10-29,10,Other,8,5.5,3.2016,2.8846,0.7276
2004-10-30,10,Other,8,9.6,1.1031,0.9463,0.8121
2004-10-31,10,Other,8,9.3,1.2496,0.8638,-0.1927
2004-11-01,11,Other,8,12.6,3.5239,2.6326,0.8965
2004-11-02,11,Other,8,7.7,4.0405,3.2867,2.3589
2004-11-03,11,Other,8,4.3,1.238,0.9903,0.9303
2004-11-04,11,Other,8,2.7,0.6672,0.5738,0.1057
2004-11-05,11,Other,7,12.8,2.8663,2.385,1.5458
2004-11-06,11,Other,8,3.4,0.9158,0.8196,0.4422
2004-11-07,11,Other,8,6.5,1.1074,0.9139,-0.0421
2004-11-08,11,Other,8,7.2,3.3876,3.1069,1.2929
2004-11-09,11,Other,8,7.1,2.5034,1.9177,1.2186
2004-11-10,11,Other,8,2.7,0.4067,0.3086,-0.1294
2004-11-11,11,Other,8,4.5,0.6829,0.6134,-0.1519
2004-11-12,11,Other,8,6.2,0.7874,0.6346,-0.2585
2004-11-13,11,Other,8,6.6,1.7563,1.4875,0.2784
2004-11-14,11,Other,8,4.4,1.0765,0.9159,0.0579
2004-11-15,11,Other,8,6.0,0.9354,0.7547,0.0663
2004-11-16,11,Other,8,7.3,1.8385,1.4404,0.3772
2004-11-17,11,Other,8,6.2,1.659,1.4545,-0.0522
2004-11-18,11,Other,8,5.9,1.2408,0.929,0.424
2004-11-19,11,Other,8,6.8,1.5487,1.2286,0.2684
2004-11-20,11,Other,8,6.6,1.6457,1.3245,0.1887
2004-11-21,11,Other,8,3.7,0.8195,0.6019,0.5188
2004-11-22,11,Other,8,4.3,1.0909,0.8439,-0.669
2004-11-23,11,Other,8,5.0,1.9739,1.4579,1.074
2004-11-24,11,Other,8,9.7,4.9284,4.0833,-3.2642
2004-11-25,11,Other,8,12.0,5.7407,4.9446,0.7397
2004-11-26,11,Other,8,3.2,0.4451,0.3934,0.0147
2004-11-27,11,Other,8,15.5,4.19,3.761,1.0717
2004-11-28,11,Other,8,6.7,2.27,1.9905,-0.2709
2004-11-29,11,Other,8,15.0,5.7298,4.687,-0.5496
2004-11-30,11,Other,8,4.0,1.7884,1.5176,-1.5176
2004-12-01,12,Other,9,4.2,0.5039,0.377,0.2144
2004-12-02,12,Other,8,7.3,3.2676,2.6754,1.5904
2004-12-03,12,Other,8,3.7,1.5959,1.2781,1.1216
2004-12-04,12,Other,8,6.1,1.0298,0.8544,0.1127
2004-12-05,12,Other,8,8.6,2.1044,1.844,0.3828
2004-12-06,12,Other,8,5.7,2.2255,1.8731,0.8218
2004-12-07,12,Other,8,5.6,2.7821,2.4535,-1.7237
2004-12-08,12,Other,8,5.8,2.5686,1.979,1.7983
2004-12-09,12,Other,8,7.4,1.5291,1.1834,0.3258
2004-12-10,12,Other,7,12.4,2.0763,1.8584,0.211
2004-12-11,12,Other,8,10.0,3.8548,2.9771,-0.331
2004-12-12,12,Other,8,8.1,2.9082,2.4671,-0.9915
2004-12-13,12,Other,7,9.4,4.0431,3.6528,1.4784
2004-12-14,12,Other,8,4.7,1.2571,1.1217,-0.2865
2004-12-15,12,Other,8,3.5,1.5347,1.1934,-0.8671
2004-12-16,12,Other,8,2.3,1.0059,0.8561,0.4029
2004-12-17,12,Other,8,2.3,1.2137,1.1432,0.2775
2004-12-18,12,Other,8,5.2,1.0121,0.7174,0.3498
2004-12-19,12,Other,8,2.1,0.794,0.6517,-0.4843
2004-12-20,12,Other,8,2.1,1.3594,1.235,0.5654
2004-12-21,12,Other,8,5.2,1.9363,1.5516,0.8728
2004-12-22,12,Other,8,2.9,1.2299,1.0682,0.6713
2004-12-23,12,Other,8,2.9,1.6423,1.2469,1.1336
2004-12-24,12,Other,7,4.9,2.3897,2.0235,1.4539
2004-12-25,12,Other,8,6.5,2.6059,2.1343,1.0052
2004-12-26,12,Other,8,6.4,1.9212,1.7205,-1.3627
2004-12-27,12,Other,8,5.6,2.2401,1.7901,0.8813
2004-12-28,12,Other,8,7.3,2.3421,2.0228,0.9497
2004-12-29,12,Other,8,10.7,4.6022,4.0092,1.9616
2004-12-30,12,Other,8,5.1,1.1824,0.9859,-0.1448
2004-12-31,12,Other,8,9.7,2.904,2.4572,-2.0914
2005-01-01,1,Other,8,10.4,2.3813,1.9037,-0.6649
2005-01-02,1,Other,8,12.8,3.8493,3.1864,-2.0183
2005-01-03,1,Other,8,9.5,5.28,4.5075,0.2512
2005-01-04,1,Other,8,7.6,1.6754,1.2792,0.41
2005-01-05,1,Other,8,3.6,1.3815,1.2043,0.1509
2005-01-06,1,Other,8,2.9,1.463,1.3383,0.2876
2005-01-07,1,Other,8,3.9,0.7779,0.5129,0.0447
2005-01-08,1,Other,8,6.5,1.4883,1.141,0.0555
2005-01-09,1,Other,8,7.4,2.4859,2.2378,-0.4037
2005-01-10,1,Other,8,6.1,3.1824,2.8403,-0.6006
2005-01-11,1,Other,8,6.9,3.5671,3.2081,1.2852
2005-01-12,1,Other,8,3.5,1.1459,0.8357,0.4406
2005-01-13,1,Other,8,6.1,0.9591,0.8354,-0.6061
2005-01-14,1,Other,8,8.7,3.0493,2.3545,1.512
2005-01-15,1,Other,8,5.8,2.5798,2.3699,0.144
2005-01-16,1,Other,8,5.9,2.0625,1.7948,0.5401
2005-01-17,1,Other,8,4.6,2.2516,2.0115,0.6522
2005-01-18,1,Other,8,6.9,2.1713,1.9078,-0.0932
2005-01-19,1,Other,8,7.4,2.0744,1.9655,-1.6715
2005-01-20,1,Other,7,10.9,5.3909,4.962,0.8287
2005-01-21,1,Other,8,15.4,3.2771,2.8376,-0.8892
2005-01-22,1,Other,7,8.0,3.0339,2.2035,1.4939
2005-01-23,1,Other,8,4.3,1.2912,0.9971,0.2608
2005-01-24,1,Other,8,3.9,1.6554,1.2664,1.0128
2005-01-25,1,Other,8,4.0,1.3069,1.201,0.1342
2005-01-26,1,Other,8,6.3,1.4852,1.1608,0.6248
2005-01-27,1,Other,8,3.9,1.6025,1.3454,0.8078
2005-01-28,1,Other,8,6.0,2.4075,1.9716,0.7257
2005-01-29,1,Other,8,5.7,2.0602,1.6733,-1.3405
2005-01-30,1,Other,8,5.2,1.4666,1.0729,-0.033
2005-01-31,1,Other,8,7.1,1.8987,1.5771,-0.911
2005-02-01,2,Other,8,4.0,0.6558,0.5468,-0.1841
2005-02-02,2,Other,8,8.6,1.8015,1.4931,0.1173
2005-02-03,2,Other,8,5.1,1.2848,1.0102,0.825
2005-02-04,2,Other,8,7.1,1.7231,1.4074,0.1975
2005-02-05,2,Other,8,5.4,2.3241,2.0181,0.817
2005-02-06,2,Other,8,5.6,1.4408,1.0976,-0.0892
2005-02-07,2,Other,8,7.9,1.8344,1.4924,0.2607
2005-02-08,2,Other,8,5.1,1.1949,1.0248,-0.3678
2005-02-09,2,Other,8,8.4,1.5747,1.4568,0.3236
2005-02-10,2,Other,8,10.0,1.4135,1.2417,-0.0472
2005-02-11,2,Other,8,5.6,1.5528,1.0863,-0.7419
2005-02-12,2,Other,8,14.6,3.6606,3.2086,-1.1089
2005-02-13,2,Other,8,5.6,0.815,0.7887,-0.4452
2005-02-14,2,Other,8,3.2,1.9333,1.5054,0.8554
2005-02-15,2,Other,8,4.1,2.0437,1.5605,1.4181
2005-02-16,2,Other,8,6.0,2.2986,1.8405,1.0763
2005-02-17,2,Other,8,4.2,1.7487,1.5131,0.6707
2005-02-18,2,Other,8,4.8,1.3079,0.9698,0.4616
2005-02-19,2,Other,8,11.8,2.6337,2.1881,0.866
2005-02-20,2,Other,8,9.1,1.9667,1.4166,-0.4906
2005-02-21,2,Other,8,9.7,4.0623,3.6865,0.206
2005-02-22,2,Other,8,16.6,4.9373,4.3233,-2.5762
2005-02-23,2,Other,8,10.1,4.4661,3.9802,-1.1926
2005-02-24,2,Other,8,8.4,2.4825,1.917,-0.7715
2005-02-25,2,Other,8,2.6,0.6274,0.495,0.1566
2005-02-26,2,Other,8,3.5,0.9745,0.7641,0.4772
2005-02-27,2,Other,8,3.5,1.0584,0.823,0.7427
2005-02-28,2,Other,8,7.3,1.8946,1.5051,-0.4437
2005-03-01,3,Other,8,7.6,3.5109,2.8118,1.5902
2005-03-02,3,Other,8,5.9,3.4797,3.2713,1.6005
2005-03-03,3,Other,6,13.6,8.0785,7.6326,0.5461
2005-03-04,3,Other,8,17.6,6.735,5.5693,-0.128
2005-03-05,3,Other,8,7.3,1.9236,1.5475,0.1622
2005-03-06,3,Other,8,5.9,1.757,1.2868,0.1454
2005-03-07,3,Other,8,9.0,2.5192,1.835,-0.9723
2005-03-08,3,Other,8,17.6,3.8568,3.1877,0.0561
2005-03-09,3,Other,8,9.0,3.9275,3.298,2.4674
2005-03-10,3,Other,8,3.6,0.7704,0.6591,0.2595
2005-03-11,3,Other,8,4.2,0.8502,0.6729,0.3723
2005-03-12,3,Other,8,3.1,0.4345,0.3492,0.2013
2005-03-13,3,Other,8,2.3,0.5398,0.3625,0.2469
2005-03-14,3,Other,8,3.2,1.0581,0.9006,-0.7342
2005-03-15,3,Other,8,6.6,1.5583,1.129,0.6815
2005-03-16,3,Other,8,5.6,0.9068,0.6948,0.0194
2005-03-17,3,Other,8,8.7,0.683,0.5234,0.2223
2005-03-18,3,Other,8,7.6,0.7244,0.6132,0.3997
2005-03-19,3,Other,8,4.7,1.094,0.7482,0.1601
2005-03-20,3,Other,8,5.1,0.6784,0.5639,-0.0693
2005-03-21,3,Other,8,8.1,0.4271,0.3462,0.2178
2005-03-22,3,Other,8,9.3,1.0935,0.7278,-0.4479
2005-03-23,3,Other,8,11.8,0.5291,0.4812,-0.0587
2005-03-24,3,Other,8,10.6,0.897,0.6883,-0.3449
2005-03-25,3,Other,8,12.1,1.0191,0.6925,-0.4616
2005-03-26,3,Other,8,11.1,0.8776,0.7427,-0.0396
2005-03-27,3,Other,8,10.1,0.6094,0.5216,-0.0563
2005-03-28,3,Other,8,6.7,0.7087,0.5822,0.446
2005-03-29,3,Other,8,6.4,0.7546,0.6032,-0.0963
2005-03-30,3,Other,8,7.6,0.5439,0.4287,0.1798
2005-03-31,3,Other,8,12.6,1.3623,0.983,-0.5507
2005-04-01,4,Other,8,14.2,1.3691,1.1002,-0.1245
2005-04-02,4,Other,8,11.1,2.1779,1.1984,-0.8455
2005-04-03,4,Other,8,14.9,3.5939,2.7255,-2.5037
2005-04-04,4,Other,8,22.9,12.4448,10.7916,2.1884
2005-04-05,4,Other,8,7.9,0.5377,0.4414,0.0393
2005-04-06,4,Other,8,6.8,4.0425,3.3693,3.0156
2005-04-07,4,Other,7,6.1,2.8581,2.8001,1.8577
2005-04-08,4,Other,8,11.8,2.2501,1.5701,-1.116
2005-04-09,4,Other,8,8.9,1.0735,0.853,-0.2892
2005-04-10,4,Other,8,5.8,0.3854,0.3428,-0.1639
2005-04-11,4,Other,8,12.1,0.7746,0.5949,-0.2254
2005-04-12,4,Other,8,11.9,0.8698,0.6673,-0.3559
2005-04-13,4,Other,8,14.6,0.9937,0.6501,-0.5894
2005-04-14,4,Other,8,14.4,1.5831,1.0835,-0.6691
2005-04-15,4,Other,8,16.6,5.4247,4.4674,3.8032
2005-04-16,4,Other,8,11.4,1.1409,0.8039,-0.5191
2005-04-17,4,Other,8,7.6,1.2899,0.8616,0.8616
2005-04-18,4,Other,8,14.8,1.789,1.3568,-1.1188
2005-04-19,4,Other,8,13.2,1.2104,1.0263,-0.5457
2005-04-20,4,Other,8,13.0,1.5032,0.9441,-0.7395
2005-04-21,4,Other,8,8.9,0.5952,0.3183,-0.1146
2005-04-22,4,Other,8,11.0,0.6807,0.5675,0.1241
2005-04-23,4,Other,8,12.4,0.518,0.448,-0.1473
2005-04-24,4,Other,8,13.0,1.0074,0.8836,-0.2673
2005-04-25,4,Other,8,12.6,6.33,5.1493,2.9256
2005-04-26,4,Other,8,11.8,1.3603,1.1192,-0.4571
2005-04-27,4,Other,8,12.7,0.6166,0.5382,-0.114
2005-04-28,4,Other,8,12.9,1.4558,1.1079,-0.7836
2005-04-29,4,Other,8,15.4,5.8048,5.039,4.2257
2005-04-30,4,Other,8,12.8,0.7521,0.6279,-0.1237
2005-05-01,5,May-Sep,8,14.6,1.0021,0.8823,-0.2393
2005-05-02,5,May-Sep,8,9.4,1.7741,1.3473,0.5141
2005-05-03,5,May-Sep,8,12.8,4.1065,3.487,3.2536
2005-05-04,5,May-Sep,8,15.4,2.0179,1.5104,-1.1822
2005-05-05,5,May-Sep,8,16.3,1.3736,1.1099,-0.5104
2005-05-06,5,May-Sep,8,13.1,1.2518,0.9306,-0.6058
2005-05-07,5,May-Sep,8,14.8,1.27,1.0243,-0.8279
2005-05-08,5,May-Sep,8,7.9,1.0331,0.8455,0.8455
2005-05-09,5,May-Sep,8,11.0,1.2002,0.8755,-0.6648
2005-05-10,5,May-Sep,8,9.9,1.913,1.7503,1.4238
2005-05-11,5,May-Sep,8,9.0,1.5017,1.1894,0.9995
2005-05-12,5,May-Sep,8,7.8,0.3748,0.3301,0.1334
2005-05-13,5,May-Sep,8,10.8,4.9023,4.0591,2.1068
2005-05-14,5,May-Sep,8,6.4,1.6573,1.3685,-0.1942
2005-05-15,5,May-Sep,8,8.3,1.1559,1.0122,0.0198
2005-05-16,5,May-Sep,8,10.7,1.1171,0.7673,0.4927
2005-05-17,5,May-Sep,8,13.8,3.0217,2.471,1.5654
2005-05-18,5,May-Sep,8,9.1,1.1036,0.9262,0.0988
2005-05-19,5,May-Sep,8,13.5,1.8649,1.1027,-0.4947
2005-05-20,5,May-Sep,8,7.2,0.8535,0.6754,0.4202
2005-05-21,5,May-Sep,8,11.5,0.7927,0.6566,-0.308
2005-05-22,5,May-Sep,8,11.9,1.4267,1.1235,0.5183
2005-05-23,5,May-Sep,8,8.3,1.2679,1.0603,0.8649
2005-05-24,5,May-Sep,8,11.1,0.9321,0.7959,-0.2562
2005-05-25,5,May-Sep,8,11.4,5.0902,4.3952,2.3806
2005-05-26,5,May-Sep,8,11.4,1.501,1.2732,0.487
2005-05-27,5,May-Sep,8,13.2,6.0906,5.2446,2.3401
2005-05-28,5,May-Sep,8,11.2,1.6923,1.3467,0.4451
2005-05-29,5,May-Sep,8,10.9,1.6853,1.2466,0.4822
2005-05-30,5,May-Sep,8,15.5,1.6544,1.1605,-0.8676
2005-05-31,5,May-Sep,8,12.9,1.003,0.8634,-0.1778
2005-06-01,6,May-Sep,8,12.2,0.7636,0.5937,-0.2497
2005-06-02,6,May-Sep,8,14.5,6.5512,5.3935,5.3935
2005-06-03,6,May-Sep,8,8.2,2.0363,1.5016,0.1458
2005-06-04,6,May-Sep,8,13.6,1.3617,1.065,-0.6657
2005-06-05,6,May-Sep,8,14.8,1.2436,0.9374,-0.7206
2005-06-06,6,May-Sep,8,13.7,2.0362,1.4684,-1.0665
2005-06-07,6,May-Sep,8,7.1,0.9472,0.8564,0.7061
2005-06-08,6,May-Sep,8,9.1,0.9715,0.8127,0.2313
2005-06-09,6,May-Sep,8,12.7,0.9217,0.7969,-0.3163
2005-06-10,6,May-Sep,8,11.7,1.0909,0.9161,-0.3501
2005-06-11,6,May-Sep,8,11.2,1.4034,1.0297,-0.7474
2005-06-12,6,May-Sep,8,10.0,1.0563,0.7715,-0.4126
2005-06-13,6,May-Sep,8,9.5,3.1096,2.5814,2.3266
2005-06-14,6,May-Sep,8,4.9,0.849,0.7258,0.4617
2005-06-15,6,May-Sep,8,10.2,0.8129,0.7175,-0.2652
2005-06-16,6,May-Sep,8,11.5,0.5553,0.3935,-0.0433
2005-06-17,6,May-Sep,8,11.3,2.5215,1.6423,1.4025
2005-06-18,6,May-Sep,8,13.1,1.0075,0.7883,-0.5379
2005-06-19,6,May-Sep,8,13.7,0.9998,0.8186,-0.1093
2005-06-20,6,May-Sep,8,15.2,7.3323,6.1114,3.1421
2005-06-21,6,May-Sep,8,11.1,1.5229,1.2494,0.1113
2005-06-22,6,May-Sep,8,9.5,0.8932,0.6838,-0.2052
2005-06-23,6,May-Sep,8,9.8,1.3686,1.1069,-0.3855
2005-06-24,6,May-Sep,8,14.3,1.9583,1.4715,-0.4209
2005-06-25,6,May-Sep,8,15.1,5.8678,4.9169,4.8357
2005-06-26,6,May-Sep,8,11.9,3.4488,2.2393,1.6149
2005-06-27,6,May-Sep,8,11.9,1.3638,1.0588,-0.9118
2005-06-28,6,May-Sep,8,10.0,0.7672,0.7028,0.376
2005-06-29,6,May-Sep,8,7.5,1.1107,0.9672,0.3243
2005-06-30,6,May-Sep,8,10.1,0.6629,0.5077,-0.0506
2005-07-01,7,May-Sep,8,13.1,1.2957,1.0896,-0.3797
2005-07-02,7,May-Sep,8,12.9,1.3375,1.1382,0.2496
2005-07-03,7,May-Sep,8,10.0,1.1805,0.9265,0.4516
2005-07-04,7,May-Sep,8,8.5,1.3203,0.9659,0.0881
2005-07-05,7,May-Sep,8,10.3,1.7277,1.323,0.7897
2005-07-06,7,May-Sep,8,11.4,0.8013,0.5288,0.4863
2005-07-07,7,May-Sep,8,10.7,0.9646,0.7715,-0.2963
2005-07-08,7,May-Sep,8,6.3,2.5564,2.2138,1.7395
2005-07-09,7,May-Sep,8,10.3,0.9534,0.6946,0.1738
2005-07-10,7,May-Sep,8,13.9,0.769,0.5348,-0.2541
2005-07-11,7,May-Sep,8,10.0,2.1195,1.8075,1.5958
2005-07-12,7,May-Sep,8,11.0,0.7506,0.4582,0.3363
2005-07-13,7,May-Sep,8,11.8,0.6986,0.5596,0.1092
2005-07-14,7,May-Sep,8,9.2,4.8736,4.1715,3.9903
2005-07-15,7,May-Sep,8,9.8,1.4635,1.2547,0.0591
2005-07-16,7,May-Sep,8,12.5,7.2501,6.1499,4.2529
2005-07-17,7,May-Sep,8,11.9,1.0556,0.6893,-0.39
2005-07-18,7,May-Sep,8,8.1,2.9981,2.4804,2.2256
2005-07-19,7,May-Sep,8,12.9,1.2633,0.9311,-0.6629
2005-07-20,7,May-Sep,8,10.6,1.1285,0.7614,0.68
2005-07-21,7,May-Sep,8,9.3,0.6836,0.5265,0.216
2005-07-22,7,May-Sep,7,15.1,1.4763,1.087,-0.6494
2005-07-23,7,May-Sep,8,9.6,1.2095,1.0095,0.4826
2005-07-24,7,May-Sep,8,9.2,0.75,0.5956,-0.0044
2005-07-25,7,May-Sep,8,7.5,1.015,0.8306,0.5805
2005-07-26,7,May-Sep,8,8.3,3.5907,2.9024,2.6968
2005-07-27,7,May-Sep,8,8.9,0.9798,0.7433,-0.2028
2005-07-28,7,May-Sep,8,7.4,1.148,0.9207,0.3627
2005-07-29,7,May-Sep,7,10.3,0.4901,0.4208,-0.2623
2005-07-30,7,May-Sep,8,11.5,1.1209,0.9377,-0.4845
2005-07-31,7,May-Sep,8,6.8,2.2862,1.8948,1.6709
2005-08-01,8,May-Sep,8,13.5,0.8906,0.7205,-0.4767
2005-08-02,8,May-Sep,8,14.0,1.5977,1.2355,-0.653
2005-08-03,8,May-Sep,8,8.0,4.719,4.1381,3.4094
2005-08-04,8,May-Sep,8,5.9,1.3754,1.2104,0.7414
2005-08-05,8,May-Sep,8,10.6,6.2635,5.2767,2.2576
2005-08-06,8,May-Sep,8,4.4,1.2578,0.8893,0.6398
2005-08-07,8,May-Sep,8,9.8,1.0141,0.8648,-0.4559
2005-08-08,8,May-Sep,8,10.8,0.5282,0.4136,-0.2922
2005-08-09,8,May-Sep,8,7.9,3.9413,2.6936,2.5764
2005-08-10,8,May-Sep,8,11.4,1.5743,1.1916,-0.9864
2005-08-11,8,May-Sep,8,12.2,1.519,1.1144,-0.1258
2005-08-12,8,May-Sep,8,13.6,7.4522,6.1718,5.9362
2005-08-13,8,May-Sep,8,6.8,0.8656,0.7398,-0.6413
2005-08-14,8,May-Sep,8,11.0,0.9186,0.6298,-0.4957
2005-08-15,8,May-Sep,8,11.5,0.6368,0.4878,-0.2747
2005-08-16,8,May-Sep,8,12.0,0.8403,0.6292,-0.1543
2005-08-17,8,May-Sep,8,10.6,1.2588,0.8385,0.5882
2005-08-18,8,May-Sep,8,6.7,2.7307,1.9148,1.3051
2005-08-19,8,May-Sep,8,10.4,1.5348,1.1331,0.2279
2005-08-20,8,May-Sep,8,10.2,0.7983,0.5234,-0.0522
2005-08-21,8,May-Sep,8,13.5,1.0592,0.7874,-0.672
2005-08-22,8,May-Sep,8,12.4,2.3152,1.7914,-0.2149
2005-08-23,8,May-Sep,8,15.4,5.8691,4.886,4.5237
2005-08-24,8,May-Sep,8,11.2,1.4293,1.1278,-0.2748
2005-08-25,8,May-Sep,8,9.0,1.1441,0.905,0.4005
2005-08-26,8,May-Sep,8,9.8,1.2623,0.9312,0.0557
2005-08-27,8,May-Sep,8,10.1,3.2436,2.5814,1.862
2005-08-28,8,May-Sep,8,12.2,6.9219,5.6891,5.5228
2005-08-29,8,May-Sep,8,8.3,0.6808,0.5207,-0.1024
2005-08-30,8,May-Sep,7,12.0,1.1902,0.8402,0.0079
2005-08-31,8,May-Sep,8,9.5,0.5821,0.4838,0.0068
2005-09-01,9,May-Sep,7,14.4,1.3698,1.0302,-0.5
2005-09-02,9,May-Sep,8,9.6,1.2198,1.0189,0.6084
2005-09-03,9,May-Sep,8,12.3,0.7178,0.5825,0.0331
2005-09-04,9,May-Sep,8,11.1,0.6211,0.5296,0.011
2005-09-05,9,May-Sep,8,12.2,0.5156,0.4314,0.058
2005-09-06,9,May-Sep,8,14.0,0.7842,0.6029,-0.0275
2005-09-07,9,May-Sep,8,16.0,2.3807,1.7868,0.5079
2005-09-08,9,May-Sep,8,14.0,7.4352,6.1769,4.4195
2005-09-09,9,May-Sep,8,9.1,4.1348,3.2693,1.102
2005-09-10,9,May-Sep,8,9.8,1.0414,0.7994,-0.2236
2005-09-11,9,May-Sep,8,8.1,1.2472,0.7662,0.7662
2005-09-12,9,May-Sep,8,13.6,3.0365,1.7781,-1.432
2005-09-13,9,May-Sep,8,9.6,2.9056,2.5924,-0.3376
2005-09-14,9,May-Sep,8,11.8,0.8902,0.7819,-0.1855
2005-09-15,9,May-Sep,8,10.2,2.4711,2.2943,1.5429
2005-09-16,9,May-Sep,8,12.9,1.7038,1.2641,-0.3653
2005-09-17,9,May-Sep,8,9.8,1.1368,0.9196,0.1623
2005-09-18,9,May-Sep,8,13.3,1.1162,0.7953,-0.3241
2005-09-19,9,May-Sep,8,8.3,1.6959,1.4223,1.3131
2005-09-20,9,May-Sep,8,8.3,0.6743,0.499,0.2207
2005-09-21,9,May-Sep,8,10.6,0.9993,0.6883,-0.2998
2005-09-22,9,May-Sep,8,12.0,0.7719,0.6683,0.0678
2005-09-23,9,May-Sep,8,9.7,2.4514,2.0796,0.9522
2005-09-24,9,May-Sep,8,8.8,0.9834,0.8032,-0.2999
2005-09-25,9,May-Sep,8,11.0,1.6311,1.2739,-0.8271
2005-09-26,9,May-Sep,7,8.7,1.6724,1.397,-0.0216
2005-09-27,9,May-Sep,8,12.0,3.0393,2.3622,0.1844
2005-09-28,9,May-Sep,8,6.3,0.8131,0.6579,0.6183
2005-09-29,9,May-Sep,8,8.8,1.2714,0.8319,-0.2955
2005-09-30,9,May-Sep,8,6.9,0.8006,0.6298,0.2692
2005-10-01,10,Other,8,11.2,1.0048,0.6933,0.3436
2005-10-02,10,Other,8,13.6,1.5979,1.2848,-0.8143
2005-10-03,10,Other,8,10.4,1.2257,0.9826,-0.6391
2005-10-04,10,Other,8,9.1,0.9246,0.6759,-0.2111
2005-10-05,10,Other,8,8.9,1.0026,0.8714,-0.1996
2005-10-06,10,Other,8,13.5,0.6644,0.5454,0.1493
2005-10-07,10,Other,8,9.4,1.9419,1.4376,-0.2645
2005-10-08,10,Other,8,11.7,2.3367,1.9057,1.0719
2005-10-09,10,Other,8,9.0,0.5071,0.4492,0.0346
2005-10-10,10,Other,8,15.5,9.0099,7.8539,3.0604
2005-10-11,10,Other,8,2.9,0.4916,0.3948,0.1189
2005-10-12,10,Other,8,8.0,0.8541,0.6753,0.2362
2005-10-13,10,Other,8,9.1,0.7614,0.4848,-0.1189
2005-10-14,10,Other,8,10.8,0.6721,0.5332,-0.021
2005-10-15,10,Other,8,9.6,1.137,0.9501,0.5637
2005-10-16,10,Other,8,11.3,1.1336,0.8997,0.3089
2005-10-17,10,Other,8,9.9,0.965,0.8202,-0.0228
2005-10-18,10,Other,8,6.5,1.1459,0.9123,0.8716
2005-10-19,10,Other,8,10.0,0.9122,0.8362,-0.0399
2005-10-20,10,Other,8,7.5,1.3212,0.9366,0.2619
2005-10-21,10,Other,8,8.6,2.5236,2.1801,-1.4485
2005-10-22,10,Other,8,6.0,1.9768,1.2886,0.8866
2005-10-23,10,Other,8,9.1,1.7235,1.389,0.3949
2005-10-24,10,Other,8,7.5,3.7362,3.2192,1.442
2005-10-25,10,Other,8,6.8,1.8933,1.2945,-0.5462
2005-10-26,10,Other,8,8.3,1.0228,0.8468,0.1733
2005-10-27,10,Other,8,8.2,2.1617,1.8382,-0.1278
2005-10-28,10,Other,8,7.3,0.8614,0.6784,0.3562
2005-10-29,10,Other,8,8.5,0.848,0.6358,-0.1018
2005-10-30,10,Other,8,15.8,3.6919,2.7137,2.0394
2005-10-31,10,Other,8,9.0,4.1467,3.9592,-0.1606
2005-11-01,11,Other,8,6.9,2.0641,1.4842,1.0683
2005-11-02,11,Other,8,8.7,1.0786,0.949,0.1794
2005-11-03,11,Other,8,8.8,1.0562,0.9313,0.3316
2005-11-04,11,Other,8,8.4,4.2877,3.8377,2.2328
2005-11-05,11,Other,8,6.8,1.0453,0.8817,0.3055
2005-11-06,11,Other,8,7.2,1.0845,0.8008,0.094
2005-11-07,11,Other,7,5.8,0.9359,0.6575,-0.4755
2005-11-08,11,Other,8,14.6,1.3888,1.1164,0.8222
2005-11-09,11,Other,8,8.3,1.1792,0.905,0.3489
2005-11-10,11,Other,8,5.3,1.0355,0.791,0.1621
2005-11-11,11,Other,8,4.4,0.5903,0.5405,-0.1188
2005-11-12,11,Other,8,5.6,1.1546,0.9675,0.4397
2005-11-13,11,Other,8,5.5,1.2914,1.1456,0.3416
2005-11-14,11,Other,8,5.7,1.1197,0.9696,0.2399
2005-11-15,11,Other,8,4.5,0.8074,0.6098,-0.4851
2005-11-16,11,Other,8,2.8,0.9682,0.7765,0.2193
2005-11-17,11,Other,8,6.2,0.9776,0.803,-0.036
2005-11-18,11,Other,7,2.8,1.4979,1.3063,0.4382
2005-11-19,11,Other,8,5.6,2.2943,1.9118,0.6412
2005-11-20,11,Other,8,5.5,1.6443,1.3799,0.1937
2005-11-21,11,Other,8,2.2,0.8608,0.7373,-0.1413
2005-11-22,11,Other,8,3.1,0.8772,0.7912,0.2168
2005-11-23,11,Other,8,3.7,1.0038,0.8761,0.1418
2005-11-24,11,Other,8,8.5,1.3088,0.9905,0.0633
2005-11-25,11,Other,7,9.7,3.9135,3.5191,-2.0111
2005-11-26,11,Other,8,3.4,0.806,0.6521,-0.5583
2005-11-27,11,Other,8,5.6,2.0424,1.6277,0.7039
2005-11-28,11,Other,8,7.3,1.0322,0.8848,-0.1799
2005-11-29,11,Other,7,2.7,0.7787,0.698,0.2069
2005-11-30,11,Other,7,3.3,0.682,0.4309,0.2755
2005-12-01,12,Other,8,1.7,0.8906,0.8179,0.129
2005-12-02,12,Other,9,3.6,2.0218,1.9557,0.4202
2005-12-03,12,Other,8,4.1,1.7077,1.3234,1.0349
2005-12-04,12,Other,8,4.8,1.337,1.1202,-0.625
2005-12-05,12,Other,8,3.3,1.1116,0.9225,0.4087
2005-12-06,12,Other,8,5.0,1.0824,0.9268,0.3827
2005-12-07,12,Other,8,6.4,1.4994,1.1246,-1.0747
2005-12-08,12,Other,8,3.2,0.7608,0.6028,0.399
2005-12-09,12,Other,8,6.2,2.6437,2.2222,1.284
2005-12-10,12,Other,8,4.9,1.4265,1.1999,0.407
2005-12-11,12,Other,7,3.0,1.4272,1.24,0.4105
2005-12-12,12,Other,8,4.3,1.3381,1.1253,0.1697
2005-12-13,12,Other,8,7.3,3.5392,3.3069,1.5132
2005-12-14,12,Other,8,7.6,1.3641,1.0086,-0.1219
2005-12-15,12,Other,8,8.9,2.891,2.3393,-0.0635
2005-12-16,12,Other,8,5.2,2.0129,1.692,0.3653
2005-12-17,12,Other,8,10.6,3.9037,3.2726,-0.448
2005-12-18,12,Other,8,9.3,3.4671,3.3416,0.2779
2005-12-19,12,Other,7,10.3,2.4418,2.0764,-1.2205
2005-12-20,12,Other,8,9.7,4.1249,3.4699,1.6094
2005-12-21,12,Other,8,8.0,2.869,2.3821,-0.6603
2005-12-22,12,Other,8,8.2,2.3862,2.0287,0.2373
2005-12-23,12,Other,8,7.5,1.7472,1.5363,0.1108
2005-12-24,12,Other,6,6.6,2.4564,2.3279,-0.8089
2005-12-25,12,Other,8,11.0,4.583,4.1314,-1.2612
2005-12-26,12,Other,8,11.5,5.5555,4.8559,1.541
2005-12-27,12,Other,8,8.5,2.0181,1.6254,0.8146
2005-12-28,12,Other,8,10.2,2.4373,2.0068,-0.9797
2005-12-29,12,Other,8,5.4,2.0631,1.6623,-1.3668
2005-12-30,12,Other,8,3.8,1.5249,1.3073,0.4958
2005-12-31,12,Other,7,7.2,2.8758,2.1058,1.91
2006-01-01,1,Other,7,5.4,1.9325,1.7606,0.8158
2006-01-02,1,Other,7,3.8,2.3553,2.1204,0.486
2006-01-03,1,Other,8,5.2,2.2983,1.8143,1.288
2006-01-04,1,Other,8,3.9,1.2998,1.028,0.3168
2006-01-05,1,Other,8,7.6,3.6972,3.3183,1.2242
2006-01-06,1,Other,8,7.7,2.2265,1.8386,-0.5934
2006-01-07,1,Other,8,7.1,3.3903,3.03,0.3749
2006-01-08,1,Other,8,12.7,5.0251,4.4573,-2.9434
2006-01-09,1,Other,8,9.8,5.0304,4.4747,-1.867
2006-01-10,1,Other,7,12.9,2.9168,2.6539,-1.9034
2006-01-11,1,Other,7,3.9,1.5088,1.16,-0.4651
2006-01-12,1,Other,8,8.0,2.1738,1.8129,0.6517
2006-01-13,1,Other,8,10.8,3.2618,2.1801,1.7435
2006-01-14,1,Other,8,11.3,3.1953,2.7647,1.2651
2006-01-15,1,Other,7,9.0,2.5091,1.8973,1.4558
2006-01-16,1,Other,7,11.7,3.2315,2.7768,0.8968
2006-01-17,1,Other,8,9.9,3.6024,3.1587,-0.2285
2006-01-18,1,Other,7,8.4,3.1902,2.985,0.4532
2006-01-19,1,Other,8,8.9,2.5638,2.1194,0.2705
2006-01-20,1,Other,7,12.8,2.9054,2.5492,0.8945
2006-01-21,1,Other,8,5.7,2.1139,1.356,0.7431
2006-01-22,1,Other,8,4.4,1.9896,1.7631,0.5771
2006-01-23,1,Other,8,11.0,5.2342,4.526,0.9867
2006-01-24,1,Other,8,7.2,3.2549,2.4062,-1.7129
2006-01-25,1,Other,8,9.3,2.6375,1.9216,-0.3598
2006-01-26,1,Other,7,14.5,6.496,5.1942,-2.3183
2006-01-27,1,Other,8,7.0,3.2666,2.794,1.5503
2006-01-28,1,Other,8,3.2,1.46,1.2177,0.4887
2006-01-29,1,Other,7,5.2,1.4706,1.3036,-0.1511
2006-01-30,1,Other,8,7.4,2.2015,1.9318,0.3419
2006-01-31,1,Other,8,7.3,1.8134,1.4479,-0.6597
2006-02-01,2,Other,8,11.0,2.2003,1.8074,-0.5095
2006-02-02,2,Other,8,5.5,2.6154,2.2339,1.3243
2006-02-03,2,Other,8,18.5,3.5778,2.8833,-0.7102
2006-02-04,2,Other,7,5.6,2.7267,2.6503,0.2993
2006-02-05,2,Other,8,4.5,1.3474,1.1294,0.7642
2006-02-06,2,Other,8,3.9,2.8734,1.5378,-1.1889
2006-02-07,2,Other,8,8.4,3.3251,2.6437,-2.5022
2006-02-08,2,Other,8,6.8,2.6357,2.2428,1.072
2006-02-09,2,Other,7,4.9,0.7086,0.5265,-0.116
2006-02-10,2,Other,8,6.5,1.7407,1.3799,0.7475
2006-02-11,2,Other,8,9.4,2.9649,1.7827,-1.4355
2006-02-12,2,Other,8,4.7,2.6748,2.4723,0.7798
2006-02-13,2,Other,7,3.6,1.8305,1.5742,0.227
2006-02-14,2,Other,8,3.0,2.0188,1.6801,0.7769
2006-02-15,2,Other,8,7.5,2.2887,1.8401,1.1422
2006-02-16,2,Other,8,6.4,1.2423,1.0918,0.4339
2006-02-17,2,Other,8,11.3,1.9516,1.6063,-0.0325
2006-02-18,2,Other,8,10.3,2.8618,2.309,-0.0187
2006-02-19,2,Other,8,15.1,5.6832,4.524,-0.5819
2006-02-20,2,Other,8,5.0,2.4117,2.0301,0.7491
2006-02-21,2,Other,8,6.3,2.3575,1.8413,1.4897
2006-02-22,2,Other,8,11.9,2.3308,1.9492,0.1796
2006-02-23,2,Other,8,7.7,1.3004,1.1523,-0.1398
2006-02-24,2,Other,8,8.6,2.622,2.0561,0.5337
2006-02-25,2,Other,8,6.7,1.2086,0.9963,-0.3782
2006-02-26,2,Other,8,3.9,1.9831,1.4246,1.2007
2006-02-27,2,Other,8,7.2,1.3438,1.0961,-0.2465
2006-02-28,2,Other,8,7.4,0.999,0.6731,0.378
2006-03-01,3,Other,8,7.9,2.2512,1.7408,-0.5445
2006-03-02,3,Other,8,12.4,2.9633,2.392,-0.3055
2006-03-03,3,Other,8,9.8,2.6361,2.19,-0.2522
2006-03-04,3,Other,8,5.4,1.8667,1.642,0.263
2006-03-05,3,Other,8,6.6,1.6865,1.3799,-0.4299
2006-03-06,3,Other,8,13.0,3.9464,2.962,0.1319
2006-03-07,3,Other,8,4.6,1.4457,1.0378,0.1861
2006-03-08,3,Other,8,6.1,1.3031,1.024,-0.325
2006-03-09,3,Other,8,7.8,2.6117,2.1353,0.8109
2006-03-10,3,Other,8,7.6,2.1868,1.5505,1.3464
2006-03-11,3,Other,8,3.8,1.9857,1.5324,1.2821
2006-03-12,3,Other,8,6.9,0.9111,0.7134,-0.489
2006-03-13,3,Other,8,7.7,0.9371,0.7181,0.2847
2006-03-14,3,Other,8,8.4,1.6957,1.1044,-0.5633
2006-03-15,3,Other,8,8.2,1.8736,1.607,-0.1658
2006-03-16,3,Other,8,4.9,3.0281,2.7647,1.6842
2006-03-17,3,Other,8,4.8,1.0351,0.7296,-0.4106
2006-03-18,3,Other,8,6.8,0.84,0.53,-0.397
2006-03-19,3,Other,8,11.7,1.6544,1.3129,-0.3738
2006-03-20,3,Other,8,8.7,1.2539,0.9811,0.1641
2006-03-21,3,Other,8,8.8,0.7865,0.6035,0.1927
2006-03-22,3,Other,8,8.6,0.9334,0.8012,0.3892
2006-03-23,3,Other,8,5.7,0.7398,0.5777,0.1802
2006-03-24,3,Other,8,6.7,1.1251,0.952,0.2677
2006-03-25,3,Other,8,9.4,0.8333,0.694,0.0675
2006-03-26,3,Other,8,11.4,0.8106,0.702,-0.0441
2006-03-27,3,Other,8,14.7,1.1129,0.9299,-0.1218
2006-03-28,3,Other,8,12.6,1.6011,1.0708,-0.5721
2006-03-29,3,Other,8,7.1,1.647,1.3033,1.0196
2006-03-30,3,Other,8,11.9,6.8996,5.9296,4.076
2006-03-31,3,Other,8,14.0,1.5035,1.1908,-0.5049
2006-04-01,4,Other,8,9.2,1.2738,0.9558,-0.4549
2006-04-02,4,Other,8,5.1,1.438,1.1041,0.5446
2006-04-03,4,Other,8,6.2,0.7406,0.5833,0.536
2006-04-04,4,Other,8,8.6,1.1363,0.8883,-0.3216
2006-04-05,4,Other,8,9.0,0.6145,0.4994,0.1792
2006-04-06,4,Other,8,11.1,1.0144,0.7064,-0.3595
2006-04-07,4,Other,8,10.6,0.9309,0.7728,-0.5997
2006-04-08,4,Other,8,15.6,2.2516,1.6237,-0.3329
2006-04-09,4,Other,8,20.7,13.7148,12.2862,5.3132
2006-04-10,4,Other,8,6.5,0.8421,0.666,0.1688
2006-04-11,4,Other,8,9.3,0.6588,0.4892,-0.0579
2006-04-12,4,Other,8,10.3,0.8421,0.5841,-0.3217
2006-04-13,4,Other,8,11.6,0.8787,0.6842,0.0264
2006-04-14,4,Other,8,13.3,0.9927,0.7306,-0.3888
2006-04-15,4,Other,8,12.9,0.855,0.6901,-0.2308
2006-04-16,4,Other,8,12.3,1.481,0.9956,-0.5101
2006-04-17,4,Other,8,8.6,0.7123,0.6444,0.3332
2006-04-18,4,Other,8,16.4,0.9531,0.6959,-0.3111
2006-04-19,4,Other,8,14.1,1.0716,0.8468,-0.723
2006-04-20,4,Other,8,14.4,2.9973,2.556,2.2076
2006-04-21,4,Other,8,15.6,2.5657,2.1233,1.4619
2006-04-22,4,Other,8,9.5,3.1422,2.7747,2.001
2006-04-23,4,Other,8,5.4,1.9649,1.4879,1.1333
2006-04-24,4,Other,8,10.7,0.7828,0.6491,-0.4039
2006-04-25,4,Other,8,8.9,1.0438,0.893,0.6629
2006-04-26,4,Other,8,12.7,0.9099,0.7121,-0.4192
2006-04-27,4,Other,8,14.6,1.0748,0.9186,-0.1498
2006-04-28,4,Other,8,17.8,1.1077,0.6708,-0.4649
2006-04-29,4,Other,8,14.9,3.8419,3.0219,1.7498
2006-04-30,4,Other,8,11.7,1.293,1.1522,-0.1259
2006-05-01,5,May-Sep,8,8.6,1.8856,1.5533,0.4586
2006-05-02,5,May-Sep,8,10.4,1.8154,1.3165,1.1294
2006-05-03,5,May-Sep,8,7.8,3.7471,2.9501,2.7376
2006-05-04,5,May-Sep,8,7.2,3.1743,2.698,1.5758
2006-05-05,5,May-Sep,8,9.4,1.1261,0.9225,-0.1253
2006-05-06,5,May-Sep,8,8.2,3.6781,3.1457,2.1105
2006-05-07,5,May-Sep,8,8.3,4.9528,4.3226,1.8155
2006-05-08,5,May-Sep,8,6.4,0.7406,0.5743,0.3743
2006-05-09,5,May-Sep,8,12.3,1.039,0.857,-0.5312
2006-05-10,5,May-Sep,8,7.4,1.2812,0.9965,0.6427
2006-05-11,5,May-Sep,8,10.2,0.7954,0.6285,-0.253
2006-05-12,5,May-Sep,8,12.8,3.0215,2.2469,-2.0836
2006-05-13,5,May-Sep,8,9.3,1.3874,1.0951,-0.233
2006-05-14,5,May-Sep,7,10.7,0.902,0.6862,0.5422
2006-05-15,5,May-Sep,8,11.7,0.9856,0.7062,-0.0788
2006-05-16,5,May-Sep,8,14.0,1.1068,0.8792,-0.7547
2006-05-17,5,May-Sep,8,12.8,2.0311,1.5308,-0.2975
2006-05-18,5,May-Sep,8,19.7,8.7778,7.0167,6.5929
2006-05-19,5,May-Sep,8,9.2,0.6838,0.6178,0.0189
2006-05-20,5,May-Sep,8,15.4,3.8404,2.707,-2.4322
2006-05-21,5,May-Sep,8,6.0,2.5262,1.4139,1.4062
2006-05-22,5,May-Sep,8,14.2,6.2611,5.4396,4.6932
2006-05-23,5,May-Sep,8,14.5,1.7913,1.3394,-0.693
2006-05-24,5,May-Sep,8,7.7,3.0683,2.607,1.6469
2006-05-25,5,May-Sep,8,15.3,1.9384,1.5255,-0.774
2006-05-26,5,May-Sep,8,10.6,2.3858,1.7517,0.6096
2006-05-27,5,May-Sep,8,12.2,1.0927,0.7733,-0.579
2006-05-28,5,May-Sep,8,10.0,0.5938,0.4655,-0.0909
2006-05-29,5,May-Sep,8,12.2,1.2417,1.0829,0.796
2006-05-30,5,May-Sep,8,11.9,0.8036,0.6391,-0.0544
2006-05-31,5,May-Sep,8,9.0,1.3804,1.1402,1.1399
2006-06-01,6,May-Sep,8,11.7,1.012,0.8482,0.227
2006-06-02,6,May-Sep,8,8.1,3.1127,2.5948,1.4779
2006-06-03,6,May-Sep,8,10.8,2.394,1.691,1.5665
2006-06-04,6,May-Sep,8,14.2,4.3336,3.6013,2.9479
2006-06-05,6,May-Sep,8,9.5,0.9126,0.7534,0.4444
2006-06-06,6,May-Sep,8,12.7,1.9064,1.2268,-0.9899
2006-06-07,6,May-Sep,8,8.4,0.9872,0.7742,0.3245
2006-06-08,6,May-Sep,8,11.7,0.725,0.6392,-0.0187
2006-06-09,6,May-Sep,8,10.6,0.4065,0.3386,-0.1923
2006-06-10,6,May-Sep,8,7.3,1.454,1.1409,1.0043
2006-06-11,6,May-Sep,8,7.7,0.6815,0.5909,0.3034
2006-06-12,6,May-Sep,8,9.1,0.903,0.795,-0.1851
2006-06-13,6,May-Sep,8,11.0,0.5963,0.5274,-0.2606
2006-06-14,6,May-Sep,8,14.8,1.5615,1.1071,0.6749
2006-06-15,6,May-Sep,8,16.2,9.0817,7.9352,6.025
2006-06-16,6,May-Sep,8,8.5,1.7159,1.3404,0.0799
2006-06-17,6,May-Sep,8,9.0,0.8458,0.6342,-0.2315
2006-06-18,6,May-Sep,8,11.3,0.914,0.8016,-0.1592
2006-06-19,6,May-Sep,8,9.9,1.1995,0.9454,0.7427
2006-06-20,6,May-Sep,8,12.4,0.9966,0.8975,0.2073
2006-06-21,6,May-Sep,8,10.6,0.7353,0.5748,0.0609
2006-06-22,6,May-Sep,8,13.3,1.063,0.79,-0.5698
2006-06-23,6,May-Sep,8,11.0,1.3799,1.1218,0.1953
2006-06-24,6,May-Sep,8,9.7,2.6056,1.8697,1.4862
2006-06-25,6,May-Sep,8,10.5,0.579,0.5361,0.1432
2006-06-26,6,May-Sep,8,10.9,0.8774,0.5889,-0.398
2006-06-27,6,May-Sep,8,12.1,1.1563,0.9248,-0.4692
2006-06-28,6,May-Sep,8,8.5,2.3776,1.7536,1.5383
2006-06-29,6,May-Sep,8,11.7,1.1027,0.8286,-0.1461
2006-06-30,6,May-Sep,8,11.3,2.3344,2.017,-0.2959
2006-07-01,7,May-Sep,8,12.5,0.8722,0.7165,-0.2819
2006-07-02,7,May-Sep,8,9.3,1.3064,1.0183,0.8125
2006-07-03,7,May-Sep,8,9.0,4.9046,4.0625,3.2652
2006-07-04,7,May-Sep,8,11.9,1.3625,1.1099,-0.1692
2006-07-05,7,May-Sep,8,11.4,0.9454,0.7511,-0.1972
2006-07-06,7,May-Sep,8,7.9,2.8813,1.5138,1.281
2006-07-07,7,May-Sep,8,17.5,6.9358,5.7552,4.3195
2006-07-08,7,May-Sep,8,9.2,0.8462,0.7147,0.3912
2006-07-09,7,May-Sep,8,12.2,1.9829,1.5892,0.8776
2006-07-10,7,May-Sep,8,9.4,0.9475,0.8311,0.4376
2006-07-11,7,May-Sep,8,13.8,2.0831,1.5757,-1.0251
2006-07-12,7,May-Sep,8,8.1,1.0407,0.8787,0.2023
2006-07-13,7,May-Sep,8,10.9,1.1235,0.884,-0.3962
2006-07-14,7,May-Sep,8,7.0,2.971,2.4767,2.4103
2006-07-15,7,May-Sep,8,8.3,0.7363,0.6339,0.1309
2006-07-16,7,May-Sep,8,11.8,1.4075,1.0897,-0.3849
2006-07-17,7,May-Sep,8,8.7,0.7906,0.615,0.3035
2006-07-18,7,May-Sep,8,11.6,0.8671,0.6876,0.0603
2006-07-19,7,May-Sep,8,10.9,2.2249,1.6776,1.2167
2006-07-20,7,May-Sep,8,9.0,2.6697,2.1448,1.8047
2006-07-21,7,May-Sep,8,10.4,1.0889,0.9844,0.0577
2006-07-22,7,May-Sep,8,11.7,0.8524,0.6448,-0.468
2006-07-23,7,May-Sep,8,12.7,1.164,0.8619,-0.7621
2006-07-24,7,May-Sep,8,12.2,1.8279,1.565,0.5724
2006-07-25,7,May-Sep,8,7.8,2.4292,2.341,1.5467
2006-07-26,7,May-Sep,8,11.5,1.1886,0.8287,-0.4284
2006-07-27,7,May-Sep,8,7.9,1.9964,1.7632,1.3863
2006-07-28,7,May-Sep,8,13.2,1.1043,0.7917,-0.541
2006-07-29,7,May-Sep,8,12.7,1.4305,1.1061,0.3567
2006-07-30,7,May-Sep,8,15.0,0.5991,0.4643,-0.0532
2006-07-31,7,May-Sep,8,16.1,1.0421,0.8192,-0.3993
2006-08-01,8,May-Sep,8,12.9,5.0898,4.397,3.8184
2006-08-02,8,May-Sep,8,10.3,1.1912,0.9027,0.518
2006-08-03,8,May-Sep,8,13.3,1.088,0.8791,-0.3638
2006-08-04,8,May-Sep,8,9.9,4.3585,3.0778,2.4945
2006-08-05,8,May-Sep,8,11.2,1.5144,1.3414,-1.1259
2006-08-06,8,May-Sep,8,12.6,1.0632,0.7538,-0.3594
2006-08-07,8,May-Sep,8,11.1,1.9903,1.6306,1.2016
2006-08-08,8,May-Sep,8,12.4,1.2779,1.0225,-0.8961
2006-08-09,8,May-Sep,8,11.4,0.7685,0.5051,0.1185
2006-08-10,8,May-Sep,8,11.6,7.0939,6.3507,5.4894
2006-08-11,8,May-Sep,8,11.9,1.6566,1.323,-0.477
2006-08-12,8,May-Sep,8,10.6,0.6177,0.5367,-0.1495
2006-08-13,8,May-Sep,7,12.6,0.9996,0.8842,-0.3016
2006-08-14,8,May-Sep,8,14.7,1.5686,1.2677,-0.7984
2006-08-15,8,May-Sep,8,7.7,4.057,3.255,3.0919
2006-08-16,8,May-Sep,8,11.1,0.7054,0.5518,-0.3809
2006-08-17,8,May-Sep,8,16.3,9.6453,8.4531,4.6203
2006-08-18,8,May-Sep,8,9.7,0.7995,0.662,-0.1801
2006-08-19,8,May-Sep,8,13.3,0.8573,0.6179,-0.2963
2006-08-20,8,May-Sep,8,13.7,0.8123,0.6589,-0.0029
2006-08-21,8,May-Sep,8,11.4,0.7908,0.553,-0.2081
2006-08-22,8,May-Sep,8,12.5,0.8033,0.6241,-0.3026
2006-08-23,8,May-Sep,8,10.9,1.0731,0.9231,0.2314
2006-08-24,8,May-Sep,8,13.6,0.6463,0.518,-0.2302
2006-08-25,8,May-Sep,8,11.1,1.4966,1.3651,0.7072
2006-08-26,8,May-Sep,8,12.0,2.9262,2.4209,2.1236
2006-08-27,8,May-Sep,8,13.5,0.8928,0.743,-0.2507
2006-08-28,8,May-Sep,8,12.0,1.6749,1.32,-0.4639
2006-08-29,8,May-Sep,8,11.5,2.4622,1.9843,-0.4053
2006-08-30,8,May-Sep,8,8.9,1.3529,1.1982,0.5151
2006-08-31,8,May-Sep,8,8.8,5.1367,4.2957,3.2609
2006-09-01,9,May-Sep,8,7.9,0.9126,0.7696,-0.088
2006-09-02,9,May-Sep,8,7.7,0.5366,0.4675,-0.0659
2006-09-03,9,May-Sep,8,10.7,1.4577,1.0177,-0.78
2006-09-04,9,May-Sep,8,12.2,0.7235,0.5205,-0.1853
2006-09-05,9,May-Sep,8,12.8,0.8049,0.6035,-0.2971
2006-09-06,9,May-Sep,8,12.8,1.1214,0.8579,-0.1041
2006-09-07,9,May-Sep,8,11.5,1.3204,0.9649,0.3014
2006-09-08,9,May-Sep,8,10.6,2.2641,1.8184,-1.1458
2006-09-09,9,May-Sep,8,6.0,1.2139,1.0425,0.3854
2006-09-10,9,May-Sep,8,11.6,1.5494,1.2613,-0.0565
2006-09-11,9,May-Sep,8,11.1,1.2206,0.9121,-0.2321
2006-09-12,9,May-Sep,8,11.2,0.7238,0.5533,-0.2771
2006-09-13,9,May-Sep,8,14.9,2.9243,1.9515,-1.2816
2006-09-14,9,May-Sep,8,10.1,3.3015,2.8396,0.3001
2006-09-15,9,May-Sep,8,7.7,3.878,3.1654,2.9158
2006-09-16,9,May-Sep,8,10.4,1.3095,1.1061,0.4716
2006-09-17,9,May-Sep,8,12.5,0.8401,0.6753,0.1334
2006-09-18,9,May-Sep,8,13.8,3.6665,3.1178,1.9804
2006-09-19,9,May-Sep,8,10.5,5.0578,4.599,1.5393
2006-09-20,9,May-Sep,8,2.4,0.4694,0.4088,0.134
2006-09-21,9,May-Sep,8,12.2,1.6113,1.2328,-0.4031
2006-09-22,9,May-Sep,8,5.7,0.8191,0.5966,0.1831
2006-09-23,9,May-Sep,8,11.4,0.887,0.6993,0.1323
2006-09-24,9,May-Sep,8,15.3,1.3492,0.8795,0.5459
2006-09-25,9,May-Sep,8,13.3,1.3349,1.1194,-0.5621
2006-09-26,9,May-Sep,7,9.2,0.8137,0.6074,0.335
2006-09-27,9,May-Sep,8,14.7,0.8541,0.6344,-0.1129
2006-09-28,9,May-Sep,8,9.2,2.6729,2.0953,0.8894
2006-09-29,9,May-Sep,8,14.3,4.874,4.1238,-0.0006
2006-09-30,9,May-Sep,8,5.9,0.7776,0.6354,0.2061
2006-10-01,10,Other,8,9.8,0.9393,0.5462,-0.0088
2006-10-02,10,Other,8,10.5,0.9836,0.7684,0.4909
2006-10-03,10,Other,8,13.4,0.7102,0.4922,0.1061
2006-10-04,10,Other,8,12.9,4.4305,3.7101,1.6851
2006-10-05,10,Other,8,12.8,5.6331,5.3583,1.5661
2006-10-06,10,Other,8,6.4,1.4085,1.0777,-0.4841
2006-10-07,10,Other,8,13.7,1.6673,1.4465,0.4212
2006-10-08,10,Other,8,11.0,1.6839,1.5077,0.093
2006-10-09,10,Other,8,10.8,0.981,0.763,0.1539
2006-10-10,10,Other,8,11.4,0.9326,0.5759,0.0649
2006-10-11,10,Other,8,12.2,0.6761,0.5273,0.2312
2006-10-12,10,Other,8,9.2,1.2432,1.0251,0.3466
2006-10-13,10,Other,8,11.1,1.0921,0.8248,0.1013
2006-10-14,10,Other,8,12.8,5.6926,5.1952,0.3103
2006-10-15,10,Other,8,8.3,0.7919,0.6288,-0.0033
2006-10-16,10,Other,8,10.8,1.3126,1.1163,0.0393
2006-10-17,10,Other,8,10.0,1.0854,0.9357,-0.3889
2006-10-18,10,Other,8,10.6,1.3563,1.0048,0.7446
2006-10-19,10,Other,8,7.3,2.4429,2.0698,0.637
2006-10-20,10,Other,8,6.4,0.7384,0.5514,0.4917
2006-10-21,10,Other,8,5.6,1.2297,0.991,0.6437
2006-10-22,10,Other,8,8.8,0.7077,0.591,-0.2872
2006-10-23,10,Other,8,7.5,0.9532,0.6457,0.1595
2006-10-24,10,Other,8,7.2,0.7722,0.689,-0.0706
2006-10-25,10,Other,8,8.1,1.2589,0.8136,-0.2504
2006-10-26,10,Other,8,4.1,0.6112,0.5366,0.2138
2006-10-27,10,Other,8,9.5,1.1629,0.9547,0.2412
2006-10-28,10,Other,8,10.5,1.0232,0.8139,-0.1211
2006-10-29,10,Other,8,11.9,1.1045,1.0125,0.285
2006-10-30,10,Other,8,8.5,1.8811,1.5809,0.2427
2006-10-31,10,Other,8,8.9,1.5145,1.0942,-0.056
2006-11-01,11,Other,8,12.1,1.1601,0.9534,0.1402
2006-11-02,11,Other,8,11.1,0.9878,0.8204,0.1294
2006-11-03,11,Other,8,7.9,1.4075,0.9622,-0.0006
2006-11-04,11,Other,8,10.0,1.4841,1.3096,0.0807
2006-11-05,11,Other,8,8.3,1.4006,1.1326,0.6323
2006-11-06,11,Other,8,6.9,1.6688,1.3175,0.6713
2006-11-07,11,Other,8,5.7,1.2135,0.7529,0.502
2006-11-08,11,Other,8,10.3,1.7435,1.4565,0.1652
2006-11-09,11,Other,8,10.8,3.892,2.9578,1.7081
2006-11-10,11,Other,8,9.4,0.9811,0.8394,0.2866
2006-11-11,11,Other,8,4.9,2.4817,1.8133,1.7174
2006-11-12,11,Other,8,2.9,1.0874,0.704,0.4832
2006-11-13,11,Other,8,5.2,1.0429,0.8948,0.1577
2006-11-14,11,Other,8,6.3,1.2477,1.0545,0.3447
2006-11-15,11,Other,8,5.1,1.1438,0.8545,0.3944
2006-11-16,11,Other,8,6.3,1.687,1.3646,0.8371
2006-11-17,11,Other,8,7.0,1.1903,1.004,-0.0185
2006-11-18,11,Other,8,7.3,1.2699,1.0635,-0.0146
2006-11-19,11,Other,8,9.3,2.1673,1.7533,0.9039
2006-11-20,11,Other,8,8.1,1.5372,1.1994,0.4556
2006-11-21,11,Other,8,5.8,1.4074,1.0695,0.5355
2006-11-22,11,Other,8,4.4,2.4325,2.3005,0.115
2006-11-23,11,Other,8,3.0,1.1889,1.0372,0.096
2006-11-24,11,Other,8,3.1,1.2014,0.9944,-0.3991
2006-11-25,11,Other,8,1.9,0.7835,0.6626,0.1846
2006-11-26,11,Other,8,9.6,3.3068,2.1315,2.0992
2006-11-27,11,Other,8,3.7,0.7578,0.6459,0.0088
2006-11-28,11,Other,8,2.0,0.7343,0.5184,0.3004
2006-11-29,11,Other,8,6.5,0.7642,0.6446,-0.2958
2006-11-30,11,Other,8,4.9,1.2731,1.1153,0.4273
2006-12-01,12,Other,8,4.1,0.9041,0.7159,-0.299
2006-12-02,12,Other,9,8.1,1.7851,1.4069,0.4816
2006-12-03,12,Other,8,5.3,1.8497,1.4466,0.8572
2006-12-04,12,Other,8,2.6,1.4642,1.2123,1.0807
2006-12-05,12,Other,8,5.0,1.0994,0.9004,-0.2777
2006-12-06,12,Other,7,6.4,2.2948,2.1005,-1.7577
2006-12-07,12,Other,7,8.2,2.7544,2.2108,0.7354
2006-12-08,12,Other,8,3.5,1.4208,1.2934,0.0289
2006-12-09,12,Other,8,6.2,2.6417,2.1597,1.534
2006-12-10,12,Other,8,15.1,3.7381,2.881,1.4315
2006-12-11,12,Other,8,9.0,2.0577,1.6276,-1.1601
2006-12-12,12,Other,8,11.7,5.2812,4.5624,2.1907
2006-12-13,12,Other,8,15.7,4.731,3.4862,-0.5113
2006-12-14,12,Other,8,8.6,2.3689,2.0381,-0.8906
2006-12-15,12,Other,8,9.9,6.0195,5.4509,0.5176
2006-12-16,12,Other,8,10.7,4.3994,3.7893,-3.6901
2006-12-17,12,Other,8,7.3,2.2932,1.7681,0.0685
2006-12-18,12,Other,8,14.1,2.7249,2.0984,-1.0936
2006-12-19,12,Other,8,10.9,4.9344,4.2829,0.0022
2006-12-20,12,Other,8,11.3,2.9687,2.5552,0.3351
2006-12-21,12,Other,8,8.1,2.6464,2.3694,0.6952
2006-12-22,12,Other,7,11.9,3.363,3.0741,-0.3386
2006-12-23,12,Other,8,14.0,3.8444,3.3837,-1.6833
2006-12-24,12,Other,8,5.2,2.79,2.5046,0.597
2006-12-25,12,Other,8,5.1,1.1373,0.9086,-0.2962
2006-12-26,12,Other,8,9.4,2.1775,1.9998,-1.1363
2006-12-27,12,Other,8,5.6,3.1489,2.8052,1.5186
2006-12-28,12,Other,8,2.5,1.0735,0.9569,0.1742
2006-12-29,12,Other,8,3.4,1.3839,1.1032,0.8861
2006-12-30,12,Other,8,7.9,2.563,1.9994,0.4706
2006-12-31,12,Other,7,12.7,3.4599,3.0666,-0.7447
2007-01-01,1,Other,8,7.0,3.5355,3.3038,1.1479
2007-01-02,1,Other,8,7.0,2.8237,2.3438,-2.0385
2007-01-03,1,Other,8,3.2,1.4861,1.1357,0.6272
2007-01-04,1,Other,8,6.8,3.2163,2.7616,1.478
2007-01-05,1,Other,8,5.6,1.756,1.3671,0.95
2007-01-06,1,Other,8,10.2,3.8971,3.135,2.5968
2007-01-07,1,Other,8,9.3,2.0723,1.5309,-0.4012
2007-01-08,1,Other,8,9.6,3.4487,2.835,-0.0814
2007-01-09,1,Other,8,9.5,2.7399,1.9785,-1.7966
2007-01-10,1,Other,8,7.1,2.7523,2.3499,0.7317
2007-01-11,1,Other,8,9.4,3.7026,2.9058,0.3918
2007-01-12,1,Other,8,7.5,1.9223,1.6562,-0.0398
2007-01-13,1,Other,8,6.8,2.6661,2.1481,0.4223
2007-01-14,1,Other,8,9.5,4.6642,4.1325,2.2966
2007-01-15,1,Other,7,6.1,2.1101,1.4767,-0.5817
2007-01-16,1,Other,8,6.6,1.4691,1.2219,-0.0555
2007-01-17,1,Other,8,9.9,2.5148,2.1894,0.1465
2007-01-18,1,Other,8,10.6,3.2148,2.1871,0.3066
2007-01-19,1,Other,8,16.2,2.9565,2.3457,-1.7572
2007-01-20,1,Other,8,6.5,3.0388,2.3931,1.1019
2007-01-21,1,Other,8,8.2,2.1582,1.628,0.9116
2007-01-22,1,Other,8,11.9,4.5114,3.3756,2.5619
2007-01-23,1,Other,8,4.5,0.6473,0.5303,0.0735
2007-01-24,1,Other,8,7.7,2.4769,2.017,-0.9558
2007-01-25,1,Other,8,10.2,5.3694,4.7421,-4.1015
2007-01-26,1,Other,6,10.4,5.9544,5.6131,3.1478
2007-01-27,1,Other,8,7.9,2.3488,1.786,-0.0277
2007-01-28,1,Other,8,12.1,3.921,3.336,-1.0795
2007-01-29,1,Other,8,11.1,3.8471,2.8958,0.2114
2007-01-30,1,Other,8,14.4,4.6175,3.9248,-0.606
2007-01-31,1,Other,8,11.0,4.4923,3.7297,0.4326
2007-02-01,2,Other,8,13.3,6.6978,5.8638,-0.7619
2007-02-02,2,Other,8,10.4,4.1816,3.4578,0.9689
2007-02-03,2,Other,8,7.8,1.9584,1.6847,-0.3081
2007-02-04,2,Other,8,4.8,1.7238,1.3741,0.8073
2007-02-05,2,Other,8,7.1,2.4244,2.0279,1.3154
2007-02-06,2,Other,8,10.2,2.0085,1.6197,-0.1392
2007-02-07,2,Other,8,11.1,2.3206,2.0691,-0.902
2007-02-08,2,Other,8,6.2,3.0,2.519,1.7771
2007-02-09,2,Other,8,6.1,1.5449,1.3247,-0.7631
2007-02-10,2,Other,8,7.3,1.7358,1.3989,0.1087
2007-02-11,2,Other,8,6.6,2.0349,1.6676,0.0229
2007-02-12,2,Other,8,11.7,5.634,5.0873,1.2894
2007-02-13,2,Other,8,8.3,1.8528,1.4926,-1.1195
2007-02-14,2,Other,8,5.7,0.9242,0.7978,-0.1452
2007-02-15,2,Other,8,6.1,3.2353,2.829,1.4918
2007-02-16,2,Other,8,4.0,0.8322,0.5707,0.2384
2007-02-17,2,Other,8,3.3,1.7015,1.4631,0.9466
2007-02-18,2,Other,8,7.4,1.889,1.2838,-0.3598
2007-02-19,2,Other,7,14.5,6.6683,5.5259,3.7332
2007-02-20,2,Other,8,6.9,3.26,2.9857,0.4478
2007-02-21,2,Other,8,8.7,2.8228,2.2011,1.1454
2007-02-22,2,Other,8,8.3,2.6225,1.9672,-1.2194
2007-02-23,2,Other,8,17.4,6.2372,5.1431,-0.2298
2007-02-24,2,Other,7,17.6,6.1037,4.1844,-0.2846
2007-02-25,2,Other,8,5.6,2.0424,1.5631,0.9863
2007-02-26,2,Other,8,3.3,1.352,1.0947,-0.2533
2007-02-27,2,Other,8,3.9,2.2231,2.0822,1.054
2007-02-28,2,Other,6,3.4,1.6323,1.5088,0.3615
2007-03-01,3,Other,8,4.9,2.292,1.8611,1.0906
2007-03-02,3,Other,8,7.0,1.5118,1.0969,0.4282
2007-03-03,3,Other,8,4.4,0.9843,0.7994,0.1518
2007-03-04,3,Other,8,8.5,1.4553,1.0726,0.27
2007-03-05,3,Other,7,8.9,1.3596,1.1087,-0.3215
2007-03-06,3,Other,7,6.2,1.6549,1.1841,1.0914
2007-03-07,3,Other,7,8.6,1.8689,1.2603,0.9165
2007-03-08,3,Other,7,7.4,1.9945,1.7049,-0.1571
2007-03-09,3,Other,8,7.6,2.5221,2.0278,1.1911
2007-03-10,3,Other,8,5.8,1.4305,1.1185,-0.7584
2007-03-11,3,Other,8,12.5,2.3344,1.8327,-0.9682
2007-03-12,3,Other,8,7.3,1.5084,1.2678,0.089
2007-03-13,3,Other,8,5.8,1.3667,1.0058,0.5411
2007-03-14,3,Other,8,6.3,1.192,0.8612,0.1963
2007-03-15,3,Other,8,6.3,1.0437,0.8731,-0.4745
2007-03-16,3,Other,8,6.9,1.037,0.8108,-0.3079
2007-03-17,3,Other,8,8.4,0.8665,0.6312,0.1284
2007-03-18,3,Other,5,6.5,0.7288,0.6391,0.6391
2007-03-19,3,Other,6,13.3,4.6854,3.812,1.9757
2007-03-20,3,Other,8,10.5,1.6377,1.285,-0.6692
2007-03-21,3,Other,8,3.7,1.2137,1.0321,0.9339
2007-03-22,3,Other,8,8.6,0.7806,0.6256,0.2392
2007-03-23,3,Other,8,8.8,1.3651,1.1277,0.5911
2007-03-24,3,Other,8,9.7,0.5813,0.4448,0.0571
2007-03-25,3,Other,8,13.5,1.1157,0.8447,-0.0207
2007-03-26,3,Other,8,9.9,2.5198,2.2974,1.3907
2007-03-27,3,Other,8,11.8,1.0166,0.9367,-0.2305
2007-03-28,3,Other,8,10.2,1.0792,0.7778,0.7231
2007-03-29,3,Other,8,16.0,8.7015,7.3733,4.2281
2007-03-30,3,Other,8,10.3,1.3591,1.0591,-0.1415
2007-03-31,3,Other,8,5.4,1.3877,1.1312,1.0479
2007-04-01,4,Other,8,12.1,2.5994,1.7441,-0.7755
2007-04-02,4,Other,8,5.1,1.6826,1.343,1.0071
2007-04-03,4,Other,8,11.4,2.1756,1.307,-1.1301
2007-04-04,4,Other,8,8.2,1.1163,0.9491,-0.5802
2007-04-05,4,Other,7,10.8,0.7289,0.6439,0.238
2007-04-06,4,Other,8,13.1,1.2715,1.038,-0.727
2007-04-07,4,Other,8,12.1,1.0948,0.8498,-0.437
2007-04-08,4,Other,8,14.3,1.0973,0.9061,-0.5479
2007-04-09,4,Other,7,10.0,1.486,1.0799,-0.664
2007-04-10,4,Other,7,8.0,1.2353,0.8801,0.8462
2007-04-11,4,Other,8,8.3,1.9688,1.8224,1.1483
2007-04-12,4,Other,8,11.7,1.4355,1.0956,-0.3672
2007-04-13,4,Other,8,6.5,0.7937,0.6088,0.5533
2007-04-14,4,Other,8,13.7,1.7101,1.2911,-0.5532
2007-04-15,4,Other,8,10.0,4.8967,4.1628,1.4442
2007-04-16,4,Other,8,13.6,1.323,1.0225,0.8349
2007-04-17,4,Other,8,13.3,1.3028,0.9523,-0.5079
2007-04-18,4,Other,8,11.0,5.4514,4.8799,4.2549
2007-04-19,4,Other,8,10.4,1.1204,0.9633,0.0988
2007-04-20,4,Other,8,8.4,1.1375,0.9656,0.8075
2007-04-21,4,Other,8,11.4,6.2243,5.142,2.8063
2007-04-22,4,Other,8,10.2,0.7928,0.5292,-0.3499
2007-04-23,4,Other,7,8.9,0.7249,0.5885,-0.1886
2007-04-24,4,Other,8,12.5,1.2397,0.9167,-0.7421
2007-04-25,4,Other,8,9.7,1.1824,0.8153,-0.7995
2007-04-26,4,Other,8,8.6,0.7727,0.6296,0.079
2007-04-27,4,Other,8,17.8,2.6817,1.7018,-1.3471
2007-04-28,4,Other,8,8.4,5.7306,4.9567,2.8606
2007-04-29,4,Other,8,11.6,1.4132,1.2014,0.3068
2007-04-30,4,Other,8,11.3,1.3031,0.9367,-0.8017
2007-05-01,5,May-Sep,8,9.6,4.4025,3.4824,1.861
2007-05-02,5,May-Sep,8,14.9,1.3322,1.1289,-0.3078
2007-05-03,5,May-Sep,8,11.3,3.2113,2.5206,2.3488
2007-05-04,5,May-Sep,8,9.4,1.7212,1.0407,-0.8663
2007-05-05,5,May-Sep,8,7.8,3.3535,2.8146,1.7059
2007-05-06,5,May-Sep,8,14.9,1.3241,1.0622,0.052
2007-05-07,5,May-Sep,8,16.2,7.0146,6.0638,4.8165
2007-05-08,5,May-Sep,8,7.4,3.7363,3.3407,1.3426
2007-05-09,5,May-Sep,8,4.8,1.6902,1.4249,1.3442
2007-05-10,5,May-Sep,8,10.8,0.9395,0.7252,-0.332
2007-05-11,5,May-Sep,8,12.6,2.1419,1.6836,-0.4331
2007-05-12,5,May-Sep,8,12.0,1.2191,0.9751,-0.2409
2007-05-13,5,May-Sep,8,14.7,7.8067,6.6916,3.0829
2007-05-14,5,May-Sep,8,10.0,0.9732,0.8335,-0.4058
2007-05-15,5,May-Sep,8,14.8,1.6335,1.2757,-0.4934
2007-05-16,5,May-Sep,8,10.8,0.8192,0.593,0.1189
2007-05-17,5,May-Sep,8,9.6,0.9882,0.8428,0.1862
2007-05-18,5,May-Sep,8,12.4,7.0532,6.0967,4.4186
2007-05-19,5,May-Sep,8,5.7,0.6138,0.4883,-0.0561
2007-05-20,5,May-Sep,8,10.5,1.3123,1.0121,-0.593
2007-05-21,5,May-Sep,8,4.5,2.9068,1.7998,1.6828
2007-05-22,5,May-Sep,8,12.2,5.9668,4.6675,4.4357
2007-05-23,5,May-Sep,8,16.4,2.1512,1.4964,-1.311
2007-05-24,5,May-Sep,8,12.6,1.0762,0.859,-0.4801
2007-05-25,5,May-Sep,8,10.5,2.1058,1.7611,0.6144
2007-05-26,5,May-Sep,8,10.8,0.6979,0.5538,-0.4116
2007-05-27,5,May-Sep,8,12.8,2.7216,1.9299,1.3074
2007-05-28,5,May-Sep,8,18.2,10.0818,8.3598,5.2327
2007-05-29,5,May-Sep,8,8.2,0.9998,0.8163,-0.2972
2007-05-30,5,May-Sep,8,14.2,1.3731,0.9737,-0.4069
2007-05-31,5,May-Sep,8,14.6,1.3635,1.0402,-0.6795
2007-06-01,6,May-Sep,8,10.3,3.9891,2.9207,1.5094
2007-06-02,6,May-Sep,8,9.9,0.535,0.4387,-0.12
2007-06-03,6,May-Sep,8,14.3,1.4195,0.9959,-0.2303
2007-06-04,6,May-Sep,8,14.5,1.3181,0.9908,-0.3078
2007-06-05,6,May-Sep,8,7.6,4.5175,3.4201,3.1881
2007-06-06,6,May-Sep,8,14.1,6.2743,5.4929,4.4679
2007-06-07,6,May-Sep,8,8.8,1.2154,0.899,-0.041
2007-06-08,6,May-Sep,8,9.8,1.4619,0.9597,0.8106
2007-06-09,6,May-Sep,8,11.2,1.5667,1.2188,0.8223
2007-06-10,6,May-Sep,8,12.9,1.3082,0.853,-0.5706
2007-06-11,6,May-Sep,8,10.8,1.297,0.9576,-0.3823
2007-06-12,6,May-Sep,8,7.6,3.3302,2.6568,2.3149
2007-06-13,6,May-Sep,8,11.6,1.6219,1.0928,-0.9205
2007-06-14,6,May-Sep,8,8.0,3.272,2.3253,1.9776
2007-06-15,6,May-Sep,8,10.3,2.9797,2.3551,1.1623
2007-06-16,6,May-Sep,8,11.2,1.6011,1.1783,-0.5635
2007-06-17,6,May-Sep,8,10.6,0.9587,0.7933,-0.4154
2007-06-18,6,May-Sep,8,12.2,1.2686,0.9586,-0.0485
2007-06-19,6,May-Sep,8,11.2,1.0273,0.8136,-0.2363
2007-06-20,6,May-Sep,8,13.9,1.0232,0.7549,-0.429
2007-06-21,6,May-Sep,8,14.4,0.642,0.5392,-0.0661
2007-06-22,6,May-Sep,8,13.1,2.9284,2.1579,1.275
2007-06-23,6,May-Sep,8,11.3,0.9343,0.8735,0.2531
2007-06-24,6,May-Sep,8,10.2,1.408,1.1961,0.624
2007-06-25,6,May-Sep,8,9.3,0.8454,0.6064,0.5375
2007-06-26,6,May-Sep,8,10.7,5.2285,4.3055,2.5094
2007-06-27,6,May-Sep,8,9.0,0.5764,0.4951,0.2274
2007-06-28,6,May-Sep,8,13.6,1.0291,0.7976,-0.2461
2007-06-29,6,May-Sep,8,16.8,9.5772,8.3721,4.4059
2007-06-30,6,May-Sep,8,12.9,1.714,1.1795,-0.6189
2007-07-01,7,May-Sep,8,12.7,3.5272,2.3059,2.1856
2007-07-02,7,May-Sep,8,14.4,1.6234,1.3836,-0.8391
2007-07-03,7,May-Sep,8,10.5,2.5459,1.9729,1.526
2007-07-04,7,May-Sep,8,9.4,1.4484,1.2632,0.9968
2007-07-05,7,May-Sep,8,13.0,1.1634,0.8602,-0.4225
2007-07-06,7,May-Sep,8,12.5,1.3763,1.0582,0.3115
2007-07-07,7,May-Sep,8,8.9,1.0016,0.6925,0.6256
2007-07-08,7,May-Sep,8,8.9,0.9106,0.7825,0.2221
2007-07-09,7,May-Sep,8,9.9,5.7938,5.3162,3.6776
2007-07-10,7,May-Sep,8,10.5,2.4213,1.8534,0.136
2007-07-11,7,May-Sep,8,10.8,0.9411,0.7097,-0.3875
2007-07-12,7,May-Sep,8,10.3,0.5298,0.3934,-0.1904
2007-07-13,7,May-Sep,8,9.6,2.934,2.3832,2.2905
2007-07-14,7,May-Sep,8,5.3,1.2726,1.06,0.8399
2007-07-15,7,May-Sep,8,6.8,1.6208,1.4228,0.4653
2007-07-16,7,May-Sep,8,9.2,4.0901,3.4507,1.1802
2007-07-17,7,May-Sep,8,5.7,1.6608,1.2172,0.8131
2007-07-18,7,May-Sep,8,10.5,1.0326,0.7289,-0.221
2007-07-19,7,May-Sep,8,10.7,0.8236,0.7119,-0.0116
2007-07-20,7,May-Sep,8,13.4,0.7166,0.6201,-0.3007
2007-07-21,7,May-Sep,8,13.5,0.6892,0.5458,-0.4329
2007-07-22,7,May-Sep,8,10.9,2.2877,1.9378,1.3454
2007-07-23,7,May-Sep,8,9.9,0.7079,0.5914,0.0992
2007-07-24,7,May-Sep,8,7.5,1.5791,1.3826,1.1858
2007-07-25,7,May-Sep,8,8.9,1.1072,0.9917,0.8228
2007-07-26,7,May-Sep,8,9.8,0.82,0.6971,-0.3107
2007-07-27,7,May-Sep,8,8.7,5.3493,4.581,4.2575
2007-07-28,7,May-Sep,8,7.2,4.24,3.5888,3.1856
2007-07-29,7,May-Sep,8,11.8,1.2512,0.999,-0.7642
2007-07-30,7,May-Sep,8,10.5,0.8494,0.6269,-0.481
2007-07-31,7,May-Sep,8,11.7,0.9436,0.8121,-0.4121
2007-08-01,8,May-Sep,8,12.2,0.612,0.5101,-0.1499
2007-08-02,8,May-Sep,8,9.2,3.1559,2.8267,2.2219
2007-08-03,8,May-Sep,8,8.8,0.7413,0.5805,-0.1472
2007-08-04,8,May-Sep,8,9.9,2.775,2.2807,2.0195
2007-08-05,8,May-Sep,7,9.6,0.5565,0.4876,-0.2519
2007-08-06,8,May-Sep,8,12.1,0.8192,0.6827,-0.275
2007-08-07,8,May-Sep,8,8.7,1.1696,0.9285,0.7003
2007-08-08,8,May-Sep,8,8.6,0.8464,0.7202,0.371
2007-08-09,8,May-Sep,8,12.6,1.1256,0.9159,-0.2006
2007-08-10,8,May-Sep,8,12.1,0.421,0.3319,-0.1208
2007-08-11,8,May-Sep,8,14.9,1.2209,0.918,-0.6774
2007-08-12,8,May-Sep,8,23.6,15.1496,13.6389,6.8845
2007-08-13,8,May-Sep,8,10.1,1.2433,0.8889,-0.4185
2007-08-14,8,May-Sep,8,11.3,0.9784,0.8041,-0.5574
2007-08-15,8,May-Sep,8,11.9,1.1382,0.8432,-0.2989
2007-08-16,8,May-Sep,8,7.3,1.3291,1.0557,0.8126
2007-08-17,8,May-Sep,8,9.8,3.1262,2.4809,2.3747
2007-08-18,8,May-Sep,8,6.9,0.5991,0.5224,0.0928
2007-08-19,8,May-Sep,8,10.5,0.8171,0.6179,-0.2846
2007-08-20,8,May-Sep,8,10.6,1.0072,0.7644,-0.5897
2007-08-21,8,May-Sep,8,10.5,4.8732,3.9197,3.2051
2007-08-22,8,May-Sep,8,9.1,0.7251,0.5878,0.214
2007-08-23,8,May-Sep,8,13.5,1.013,0.7,-0.4356
2007-08-24,8,May-Sep,8,12.3,0.8695,0.5756,-0.3272
2007-08-25,8,May-Sep,8,11.9,1.0988,0.9242,0.1175
2007-08-26,8,May-Sep,8,10.5,0.9139,0.6274,0.116
2007-08-27,8,May-Sep,8,8.1,3.2777,2.361,2.1946
2007-08-28,8,May-Sep,4,9.3,0.4456,0.3789,0.2304
2007-08-29,8,May-Sep,6,11.2,0.993,0.8525,-0.1678
2007-08-30,8,May-Sep,8,11.9,1.4952,1.1647,-0.1509
2007-08-31,8,May-Sep,8,11.9,0.8628,0.6294,0.0052
2007-09-01,9,May-Sep,8,11.9,0.8626,0.7265,0.3989
2007-09-02,9,May-Sep,8,14.3,1.3375,0.8872,-0.5991
2007-09-03,9,May-Sep,8,6.8,3.0399,2.5746,2.3117
2007-09-04,9,May-Sep,8,10.6,0.7773,0.6142,-0.0225
2007-09-05,9,May-Sep,8,13.2,5.8077,5.0373,2.512
2007-09-06,9,May-Sep,8,7.8,1.1953,0.9001,-0.0836
2007-09-07,9,May-Sep,8,11.7,0.7782,0.6506,0.1369
2007-09-08,9,May-Sep,8,12.0,1.2453,1.0237,-0.4726
2007-09-09,9,May-Sep,8,7.0,0.8713,0.7885,0.0246
2007-09-10,9,May-Sep,8,8.9,0.7122,0.6128,0.3991
2007-09-11,9,May-Sep,8,12.7,1.9533,1.4518,-0.6636
2007-09-12,9,May-Sep,8,6.8,0.6384,0.4721,0.1028
2007-09-13,9,May-Sep,8,12.3,1.9751,1.7568,0.3022
2007-09-14,9,May-Sep,8,9.4,1.5386,1.219,1.1847
2007-09-15,9,May-Sep,8,10.1,4.0393,3.2949,2.8318
2007-09-16,9,May-Sep,8,16.4,2.25,1.446,-0.6919
2007-09-17,9,May-Sep,8,5.9,1.2753,1.1473,0.597
2007-09-18,9,May-Sep,8,10.0,1.046,0.8616,0.2409
2007-09-19,9,May-Sep,8,14.2,0.8272,0.6718,-0.0968
2007-09-20,9,May-Sep,8,14.7,1.2028,0.9187,-0.0136
2007-09-21,9,May-Sep,8,12.5,4.5971,3.9624,3.2916
2007-09-22,9,May-Sep,8,7.3,1.1585,0.9499,-0.2337
2007-09-23,9,May-Sep,8,7.9,4.7387,4.3317,2.3991
2007-09-24,9,May-Sep,8,4.8,2.2909,1.9064,0.1796
2007-09-25,9,May-Sep,8,9.6,0.9668,0.6983,-0.5232
2007-09-26,9,May-Sep,7,9.7,0.8557,0.6556,-0.2371
2007-09-27,9,May-Sep,8,10.5,0.6745,0.5808,0.4551
2007-09-28,9,May-Sep,8,9.6,1.0122,0.7298,-0.3073
2007-09-29,9,May-Sep,8,8.0,0.8221,0.6098,-0.4141
2007-09-30,9,May-Sep,8,5.8,1.6887,1.1058,0.6461
2007-10-01,10,Other,8,9.5,0.81,0.6367,-0.0262
2007-10-02,10,Other,8,10.0,1.1181,0.7663,-0.3462
2007-10-03,10,Other,8,9.7,4.9529,4.1374,2.2795
2007-10-04,10,Other,8,4.8,1.5549,1.1807,0.8314
2007-10-05,10,Other,8,6.3,0.6022,0.5713,0.5108
2007-10-06,10,Other,8,8.9,0.8943,0.7209,0.344
2007-10-07,10,Other,8,8.8,0.4779,0.3895,0.1157
2007-10-08,10,Other,8,9.5,1.0061,0.8291,0.0758
2007-10-09,10,Other,8,9.6,1.0498,0.7951,-0.5465
2007-10-10,10,Other,8,7.8,1.1698,1.0092,-0.1589
2007-10-11,10,Other,8,8.1,1.0751,0.7708,-0.024
2007-10-12,10,Other,8,10.4,1.0661,0.7609,-0.1304
2007-10-13,10,Other,8,10.2,1.2392,0.9893,0.5441
2007-10-14,10,Other,8,12.6,1.2474,1.031,0.2047
2007-10-15,10,Other,8,10.7,1.592,1.3324,0.2876
2007-10-16,10,Other,8,12.3,1.3018,1.0187,-0.0518
2007-10-17,10,Other,8,12.6,1.0297,0.7692,-0.071
2007-10-18,10,Other,8,12.6,2.1818,1.7919,0.633
2007-10-19,10,Other,8,9.6,2.537,2.086,0.5377
2007-10-20,10,Other,8,10.9,1.3623,0.9743,0.1064
2007-10-21,10,Other,8,7.1,1.4608,1.1712,0.3851
2007-10-22,10,Other,8,4.6,0.8718,0.7181,0.7047
2007-10-23,10,Other,8,8.9,0.6717,0.5711,0.2155
2007-10-24,10,Other,8,7.6,0.7039,0.5005,0.213
2007-10-25,10,Other,8,7.1,1.9494,1.6356,0.5163
2007-10-26,10,Other,8,5.6,2.2247,1.6649,1.5627
2007-10-27,10,Other,8,6.1,1.3252,1.0852,-0.2625
2007-10-28,10,Other,8,10.4,1.095,0.9698,0.0832
2007-10-29,10,Other,8,6.8,1.1375,1.0412,-0.4139
2007-10-30,10,Other,8,7.1,0.7533,0.6686,0.2057
2007-10-31,10,Other,8,8.0,1.0259,0.8465,-0.2025
2007-11-01,11,Other,8,8.7,1.8776,1.3808,-0.7775
2007-11-02,11,Other,8,8.6,1.4003,1.1296,0.6341
2007-11-03,11,Other,8,9.1,1.3203,1.0294,0.0548
2007-11-04,11,Other,8,7.2,1.1896,0.7667,0.5281
2007-11-05,11,Other,8,13.3,2.7776,2.2577,1.5007
2007-11-06,11,Other,8,7.1,2.2508,1.6938,0.3364
2007-11-07,11,Other,8,7.6,0.8011,0.6787,0.2944
2007-11-08,11,Other,8,9.0,1.8955,1.4809,0.0186
2007-11-09,11,Other,8,9.2,4.8202,4.4747,-0.1848
2007-11-10,11,Other,8,9.2,3.9567,3.3035,1.947
2007-11-11,11,Other,8,6.8,1.1456,0.7931,-0.2575
2007-11-12,11,Other,8,4.2,0.8389,0.7445,-0.0234
2007-11-13,11,Other,8,7.0,1.5976,1.4811,-0.1141
2007-11-14,11,Other,8,7.2,1.3268,1.0908,-0.0918
2007-11-15,11,Other,8,5.2,0.855,0.746,-0.0111
2007-11-16,11,Other,8,6.7,1.0441,0.8371,0.1024
2007-11-17,11,Other,8,6.6,1.6288,1.2659,0.354
2007-11-18,11,Other,8,7.4,1.5068,1.1833,0.7047
2007-11-19,11,Other,8,7.0,2.8383,2.2554,0.8608
2007-11-20,11,Other,8,8.0,1.6895,1.5155,0.0489
2007-11-21,11,Other,8,7.7,2.1723,1.9245,0.4368
2007-11-22,11,Other,8,14.8,2.3182,1.7496,1.3629
2007-11-23,11,Other,8,11.6,5.1573,4.0306,-1.917
2007-11-24,11,Other,8,8.6,3.3018,2.4473,2.0698
2007-11-25,11,Other,8,8.3,2.8329,2.1305,1.5958
2007-11-26,11,Other,8,7.3,1.6202,1.1969,0.2652
2007-11-27,11,Other,8,8.9,2.4098,2.2205,-0.2875
2007-11-28,11,Other,8,7.0,3.0751,2.3145,1.3263
2007-11-29,11,Other,8,9.0,1.6688,1.5764,-0.5778
2007-11-30,11,Other,8,6.1,2.2627,1.6117,1.1138
2007-12-01,12,Other,8,6.3,1.9282,1.5473,0.9106
2007-12-02,12,Other,9,7.9,1.3808,0.958,0.4651
2007-12-03,12,Other,8,7.4,1.9952,1.5537,1.1339
2007-12-04,12,Other,8,6.0,1.6607,1.4007,0.7468
2007-12-05,12,Other,8,6.3,1.7555,1.5136,-0.3129
2007-12-06,12,Other,8,4.7,1.2189,1.0333,0.065
2007-12-07,12,Other,8,7.2,1.852,1.5217,1.0098
2007-12-08,12,Other,8,2.9,1.4247,1.146,-0.206
2007-12-09,12,Other,8,6.2,1.9899,1.6122,0.4215
2007-12-10,12,Other,8,2.1,1.0134,0.7648,-0.6416
2007-12-11,12,Other,8,3.4,1.5393,1.3454,0.1695
2007-12-12,12,Other,8,1.5,0.7662,0.6606,0.3854
2007-12-13,12,Other,7,4.7,1.6232,1.3058,1.073
2007-12-14,12,Other,8,4.6,1.2384,0.8617,0.2716
2007-12-15,12,Other,8,4.7,1.3536,1.1717,-0.4115
2007-12-16,12,Other,8,6.0,2.685,2.3242,1.585
2007-12-17,12,Other,8,6.6,2.967,2.3417,-0.3954
2007-12-18,12,Other,8,13.0,5.4048,4.5279,-0.492
2007-12-19,12,Other,8,13.9,6.2163,5.6118,0.7554
2007-12-20,12,Other,8,14.5,4.4457,3.6805,-2.3761
2007-12-21,12,Other,8,17.3,6.1274,4.4694,3.5258
2007-12-22,12,Other,8,13.7,2.8767,2.5555,-0.586
2007-12-23,12,Other,8,15.1,5.6099,4.3681,2.252
2007-12-24,12,Other,8,6.3,2.3515,2.1145,-0.2054
2007-12-25,12,Other,8,9.4,2.3308,2.0782,-0.5111
2007-12-26,12,Other,8,8.7,5.4579,5.2479,1.1755
2007-12-27,12,Other,8,10.1,3.6001,2.9719,1.9271
2007-12-28,12,Other,8,9.4,2.4861,2.0569,0.3141
2007-12-29,12,Other,8,6.2,1.452,1.1697,-0.6481
2007-12-30,12,Other,8,6.3,2.8396,2.4549,1.0829
2007-12-31,12,Other,8,7.0,2.0342,1.8545,-0.628
2008-01-01,1,Other,8,7.2,1.9495,1.8103,-0.6286
2008-01-02,1,Other,8,10.0,4.6398,4.2222,1.1771
2008-01-03,1,Other,8,13.2,4.3856,3.4748,-0.1189
2008-01-04,1,Other,8,14.8,5.2611,4.9108,-2.7648
2008-01-05,1,Other,7,14.8,2.5757,2.3664,-0.2519
2008-01-06,1,Other,8,8.5,4.1653,3.5276,1.7515
2008-01-07,1,Other,8,9.4,2.3101,2.1136,-0.008
2008-01-08,1,Other,8,5.4,1.2383,1.0173,-0.3817
2008-01-09,1,Other,8,6.9,2.1791,1.8511,-0.0696
2008-01-10,1,Other,8,5.4,2.3745,2.0371,0.6843
2008-01-11,1,Other,8,5.0,1.038,0.9712,-0.6743
2008-01-12,1,Other,8,6.1,2.6496,2.1013,0.5664
2008-01-13,1,Other,8,4.7,1.3382,1.1305,0.4746
2008-01-14,1,Other,8,8.2,1.3426,1.0793,-0.1674
2008-01-15,1,Other,8,5.7,2.4044,2.1862,0.188
2008-01-16,1,Other,8,4.9,1.8569,1.6283,0.4054
2008-01-17,1,Other,8,9.9,2.4944,2.1687,-0.741
2008-01-18,1,Other,8,3.7,1.7185,1.5214,0.4248
2008-01-19,1,Other,8,7.5,3.038,2.4921,1.8722
2008-01-20,1,Other,8,4.5,1.7245,1.5616,0.4407
2008-01-21,1,Other,8,7.0,1.7651,1.2785,0.5368
2008-01-22,1,Other,8,6.1,2.1851,1.6659,1.1716
2008-01-23,1,Other,8,4.2,1.2616,0.9964,-0.2705
2008-01-24,1,Other,8,6.8,2.0285,1.7309,0.1239
2008-01-25,1,Other,8,6.2,1.4238,1.2033,-0.2607
2008-01-26,1,Other,8,4.5,1.1891,1.0077,-0.093
2008-01-27,1,Other,8,5.4,2.2636,1.933,1.082
2008-01-28,1,Other,8,6.5,1.0961,0.7366,0.0966
2008-01-29,1,Other,8,7.3,2.161,1.6942,0.4175
2008-01-30,1,Other,8,7.4,2.0743,1.8068,0.4919
2008-01-31,1,Other,8,8.4,2.5777,2.1791,0.8785
2008-02-01,2,Other,8,10.1,2.5651,2.1907,-0.4971
2008-02-02,2,Other,8,9.7,3.2703,2.5576,-0.8928
2008-02-03,2,Other,8,9.8,2.4979,2.0639,0.5215
2008-02-04,2,Other,8,8.2,2.0828,1.4337,1.0515
2008-02-05,2,Other,8,6.8,1.5439,1.0972,0.5436
2008-02-06,2,Other,8,8.5,1.9866,1.4647,0.7486
2008-02-07,2,Other,8,7.1,2.3042,1.7811,0.2139
2008-02-08,2,Other,8,8.4,2.3678,2.0237,1.0795
2008-02-09,2,Other,7,6.4,1.4661,1.2197,-0.6912
2008-02-10,2,Other,7,6.5,1.4602,1.1271,0.371
2008-02-11,2,Other,8,5.5,1.5778,1.2734,0.5879
2008-02-12,2,Other,8,7.9,1.9264,1.5022,0.8299
2008-02-13,2,Other,8,6.4,1.2093,1.0524,0.4554
2008-02-14,2,Other,8,11.7,2.3137,2.0712,-0.2288
2008-02-15,2,Other,8,8.1,1.4256,1.0743,0.0156
2008-02-16,2,Other,8,10.0,1.9845,1.5635,-0.4854
2008-02-17,2,Other,8,8.3,2.0518,1.4366,0.3706
2008-02-18,2,Other,8,7.5,6.1631,3.8443,-3.5265
2008-02-19,2,Other,7,17.8,3.4732,3.009,0.7752
2008-02-20,2,Other,8,5.8,2.8953,2.3414,1.5295
2008-02-21,2,Other,8,6.3,1.7145,1.2494,0.4648
2008-02-22,2,Other,8,6.7,2.9332,2.286,-2.1203
2008-02-23,2,Other,8,3.6,2.379,2.0975,1.377
2008-02-24,2,Other,8,10.6,3.682,2.8697,2.2851
2008-02-25,2,Other,8,7.7,1.2609,1.0118,0.2608
2008-02-26,2,Other,8,8.2,1.1932,0.8718,0.1248
2008-02-27,2,Other,8,13.3,3.1345,2.1284,-1.2178
2008-02-28,2,Other,8,15.0,4.5126,3.7613,2.0743
2008-02-29,2,Other,8,7.3,1.4842,1.3201,0.0875
2008-03-01,3,Other,8,5.4,1.378,1.0361,0.5664
2008-03-02,3,Other,8,6.7,1.1449,0.8448,-0.2067
2008-03-03,3,Other,8,7.9,0.9666,0.7591,0.4505
2008-03-04,3,Other,8,6.5,1.306,0.9221,0.648
2008-03-05,3,Other,8,10.8,0.975,0.8139,-0.2683
2008-03-06,3,Other,8,11.4,1.284,0.9323,0.4992
2008-03-07,3,Other,8,6.0,0.8143,0.6288,0.2277
2008-03-08,3,Other,8,8.3,0.6546,0.518,-0.002
2008-03-09,3,Other,8,10.6,1.3979,1.0934,-0.2791
2008-03-10,3,Other,8,4.6,1.807,1.3905,0.65
2008-03-11,3,Other,8,8.3,2.749,2.1959,2.1652
2008-03-12,3,Other,8,6.4,1.2538,0.8284,-0.1728
2008-03-13,3,Other,8,7.2,0.8831,0.7788,-0.1239
2008-03-14,3,Other,8,9.1,1.3136,0.9097,-0.2229
2008-03-15,3,Other,8,13.8,3.3223,2.1966,-1.5159
2008-03-16,3,Other,8,11.4,3.3959,2.4387,-0.8328
2008-03-17,3,Other,8,10.9,2.4452,1.6574,1.2844
2008-03-18,3,Other,8,9.8,2.4655,1.9919,1.05
2008-03-19,3,Other,8,10.7,2.9658,2.4311,2.4021
2008-03-20,3,Other,8,11.6,0.9966,0.8205,0.0802
2008-03-21,3,Other,8,11.7,1.1036,0.8867,-0.2393
2008-03-22,3,Other,8,10.6,1.0156,0.7088,-0.4763
2008-03-23,3,Other,8,14.8,1.0034,0.7715,-0.5497
2008-03-24,3,Other,8,9.6,1.0171,0.6657,-0.2355
2008-03-25,3,Other,8,13.6,4.1637,3.7428,2.2609
2008-03-26,3,Other,8,10.6,1.1477,0.9832,0.2741
2008-03-27,3,Other,8,9.3,1.079,0.8933,-0.5895
2008-03-28,3,Other,8,11.2,1.1731,0.8739,-0.4341
2008-03-29,3,Other,8,6.9,3.3643,2.676,1.4011
2008-03-30,3,Other,8,10.0,1.1073,0.8738,-0.4946
2008-03-31,3,Other,8,12.9,1.1646,0.868,-0.5721
2008-04-01,4,Other,8,12.2,2.2751,1.7501,-1.395
2008-04-02,4,Other,8,8.0,0.7311,0.5851,0.4424
2008-04-03,4,Other,8,11.1,1.4963,1.3059,-0.5086
2008-04-04,4,Other,8,8.5,1.0785,0.8711,0.6838
2008-04-05,4,Other,8,14.8,1.2386,0.8325,-0.7043
2008-04-06,4,Other,8,10.3,2.3321,1.7863,1.5403
2008-04-07,4,Other,8,11.3,2.6256,1.832,1.1878
2008-04-08,4,Other,8,16.0,7.6558,6.1011,5.5721
2008-04-09,4,Other,8,11.8,1.1683,0.8587,-0.2418
2008-04-10,4,Other,8,10.0,0.9451,0.6373,-0.3873
2008-04-11,4,Other,8,10.4,1.0399,0.7934,0.3278
2008-04-12,4,Other,8,13.5,1.0859,0.7488,-0.3836
2008-04-13,4,Other,8,13.9,1.7153,1.2602,-0.9291
2008-04-14,4,Other,8,12.8,0.6336,0.5816,-0.2554
2008-04-15,4,Other,8,8.9,4.1506,3.3499,3.2531
2008-04-16,4,Other,8,8.5,0.6309,0.5196,0.146
2008-04-17,4,Other,8,10.9,6.6078,4.4927,4.3177
2008-04-18,4,Other,8,16.5,9.336,7.5757,6.9585
2008-04-19,4,Other,8,4.5,0.6532,0.5555,0.3531
2008-04-20,4,Other,8,10.2,1.0774,0.7483,-0.2418
2008-04-21,4,Other,8,11.4,1.2963,0.9895,-0.5013
2008-04-22,4,Other,8,12.3,3.0188,2.2213,-2.1472
2008-04-23,4,Other,8,9.7,1.0209,0.8254,-0.3411
2008-04-24,4,Other,8,13.5,1.8519,1.2421,-1.0118
2008-04-25,4,Other,8,7.8,1.0654,0.9908,0.5286
2008-04-26,4,Other,8,12.5,0.9353,0.7834,0.2608
2008-04-27,4,Other,8,12.8,1.1668,0.8594,-0.5088
2008-04-28,4,Other,8,17.7,9.5234,8.18,5.817
2008-04-29,4,Other,8,10.0,1.427,1.2356,-0.3419
2008-04-30,4,Other,8,13.1,4.5474,3.652,2.5571
2008-05-01,5,May-Sep,8,6.4,1.6379,1.2957,0.7556
2008-05-02,5,May-Sep,8,12.3,1.662,1.1587,-0.673
2008-05-03,5,May-Sep,8,13.0,3.1381,2.268,-1.4909
2008-05-04,5,May-Sep,8,12.1,2.7462,2.0287,1.3354
2008-05-05,5,May-Sep,8,9.1,1.8441,1.744,1.0769
2008-05-06,5,May-Sep,8,6.7,1.8519,1.593,1.5452
2008-05-07,5,May-Sep,8,8.3,0.905,0.7498,0.6852
2008-05-08,5,May-Sep,8,15.5,3.0339,2.1642,-2.085
2008-05-09,5,May-Sep,8,10.0,1.3918,1.0066,0.9371
2008-05-10,5,May-Sep,8,14.8,0.7747,0.5485,-0.2649
2008-05-11,5,May-Sep,8,11.0,0.8199,0.7237,0.0375
2008-05-12,5,May-Sep,8,10.0,0.5636,0.4316,0.3614
2008-05-13,5,May-Sep,8,10.5,1.1269,0.7693,0.5745
2008-05-14,5,May-Sep,8,11.5,0.3706,0.289,0.0939
2008-05-15,5,May-Sep,8,10.5,0.7449,0.5919,0.4402
2008-05-16,5,May-Sep,8,10.3,0.2974,0.1948,-0.0922
2008-05-17,5,May-Sep,8,8.6,3.4103,2.2282,1.9295
2008-05-18,5,May-Sep,8,12.3,1.3852,1.1724,-0.2118
2008-05-19,5,May-Sep,8,11.3,1.1171,0.7907,-0.581
2008-05-20,5,May-Sep,8,7.7,1.4379,1.1418,1.0202
2008-05-21,5,May-Sep,8,10.1,0.6314,0.5417,-0.1109
2008-05-22,5,May-Sep,8,11.2,0.8933,0.7006,-0.2612
2008-05-23,5,May-Sep,8,8.8,0.4894,0.4354,0.2786
2008-05-24,5,May-Sep,8,10.6,4.504,3.6251,2.1037
2008-05-25,5,May-Sep,8,8.9,1.2937,1.1797,0.9905
2008-05-26,5,May-Sep,8,11.4,0.6687,0.5901,-0.2569
2008-05-27,5,May-Sep,8,12.1,1.0276,0.8476,-0.2747
2008-05-28,5,May-Sep,8,13.0,0.9313,0.7204,-0.3504
2008-05-29,5,May-Sep,8,13.4,1.6593,1.1902,-0.6359
2008-05-30,5,May-Sep,8,10.3,0.411,0.3375,0.1548
2008-05-31,5,May-Sep,8,13.2,0.892,0.7559,-0.3406
2008-06-01,6,May-Sep,8,13.7,1.9315,1.3101,0.4009
2008-06-02,6,May-Sep,8,7.1,0.9944,0.9207,0.7212
2008-06-03,6,May-Sep,8,8.3,3.9864,3.5855,2.9263
2008-06-04,6,May-Sep,8,7.6,0.647,0.5034,0.2506
2008-06-05,6,May-Sep,8,13.8,1.3345,1.0294,-0.6766
2008-06-06,6,May-Sep,8,14.5,1.4069,1.1537,-0.0056
2008-06-07,6,May-Sep,8,11.7,2.0678,1.751,1.4813
2008-06-08,6,May-Sep,8,10.5,1.3086,1.0526,0.3928
2008-06-09,6,May-Sep,8,11.1,0.6496,0.4958,-0.1898
2008-06-10,6,May-Sep,8,15.6,1.6482,1.2246,-0.5508
2008-06-11,6,May-Sep,8,19.4,9.9464,8.8436,4.6473
2008-06-12,6,May-Sep,8,13.3,0.8162,0.6502,-0.4027
2008-06-13,6,May-Sep,8,9.5,0.68,0.5886,0.0406
2008-06-14,6,May-Sep,8,11.4,0.707,0.6297,-0.1597
2008-06-15,6,May-Sep,8,15.8,1.4335,1.0024,-0.5333
2008-06-16,6,May-Sep,8,9.9,3.6048,2.9041,2.9041
2008-06-17,6,May-Sep,8,10.5,4.7964,3.2901,2.8327
2008-06-18,6,May-Sep,8,9.0,0.4378,0.3782,-0.0305
2008-06-19,6,May-Sep,8,8.2,1.0467,0.7536,0.199
2008-06-20,6,May-Sep,8,9.8,4.844,4.1548,3.3778
2008-06-21,6,May-Sep,8,12.1,1.0246,0.7615,0.0242
2008-06-22,6,May-Sep,8,15.6,1.8017,1.2841,-0.6114
2008-06-23,6,May-Sep,7,9.8,1.6119,1.3441,0.4633
2008-06-24,6,May-Sep,8,11.5,0.9239,0.7826,-0.2313
2008-06-25,6,May-Sep,8,10.2,1.1997,0.7638,0.3467
2008-06-26,6,May-Sep,8,11.2,4.9042,3.6511,3.3705
2008-06-27,6,May-Sep,8,8.3,1.1256,0.8447,-0.1041
2008-06-28,6,May-Sep,8,9.4,1.0739,0.895,0.3091
2008-06-29,6,May-Sep,8,10.1,1.5872,1.281,0.7119
2008-06-30,6,May-Sep,8,7.3,1.1859,1.0319,0.2035
2008-07-01,7,May-Sep,8,6.9,2.7034,2.0632,0.4544
2008-07-02,7,May-Sep,8,11.4,1.2465,0.8919,0.56
2008-07-03,7,May-Sep,8,14.2,0.9972,0.6934,-0.2024
2008-07-04,7,May-Sep,8,10.3,0.8034,0.6202,-0.1603
2008-07-05,7,May-Sep,8,8.6,1.7936,1.3006,1.1971
2008-07-06,7,May-Sep,8,10.5,1.7123,1.2226,0.4492
2008-07-07,7,May-Sep,8,5.8,2.0272,1.7437,1.2285
2008-07-08,7,May-Sep,8,8.1,0.9553,0.7761,0.101
2008-07-09,7,May-Sep,8,10.1,0.6362,0.5433,0.0525
2008-07-10,7,May-Sep,8,10.9,0.9529,0.7496,-0.348
2008-07-11,7,May-Sep,8,11.3,0.5982,0.5115,-0.0576
2008-07-12,7,May-Sep,8,12.6,0.9616,0.8333,-0.2249
2008-07-13,7,May-Sep,8,13.7,1.3366,0.9968,-0.7102
2008-07-14,7,May-Sep,8,8.5,3.2301,2.2446,2.0597
2008-07-15,7,May-Sep,8,9.3,0.8685,0.7495,0.2946
2008-07-16,7,May-Sep,8,12.9,1.0471,0.7901,-0.5473
2008-07-17,7,May-Sep,8,10.0,1.1156,0.9576,0.7205
2008-07-18,7,May-Sep,8,12.4,1.2895,0.9608,0.4039
2008-07-19,7,May-Sep,8,10.3,2.7176,1.7836,1.2003
2008-07-20,7,May-Sep,8,7.0,2.1895,1.7451,0.9186
2008-07-21,7,May-Sep,8,11.7,1.5267,1.1073,-0.5805
2008-07-22,7,May-Sep,8,8.3,0.722,0.4637,0.3771
2008-07-23,7,May-Sep,8,10.3,0.9189,0.7624,-0.4025
2008-07-24,7,May-Sep,8,14.2,7.6764,6.6472,2.951
2008-07-25,7,May-Sep,8,7.5,2.9895,2.031,1.7249
2008-07-26,7,May-Sep,8,9.6,0.8887,0.6981,-0.4327
2008-07-27,7,May-Sep,8,10.3,1.0002,0.6829,-0.1829
2008-07-28,7,May-Sep,8,9.5,1.8859,1.461,1.0267
2008-07-29,7,May-Sep,8,7.9,0.5843,0.454,0.2207
2008-07-30,7,May-Sep,8,9.8,0.8483,0.5915,0.4466
2008-07-31,7,May-Sep,8,12.0,0.9205,0.6961,-0.4516
2008-08-01,8,May-Sep,8,12.2,1.8979,1.4617,-1.0796
2008-08-02,8,May-Sep,8,13.1,0.9086,0.7195,-0.2777
2008-08-03,8,May-Sep,8,11.4,0.9733,0.9265,0.18
2008-08-04,8,May-Sep,8,13.3,6.8347,6.1447,2.738
2008-08-05,8,May-Sep,8,9.0,2.5586,2.0795,1.8683
2008-08-06,8,May-Sep,8,12.8,1.2427,0.9716,-0.651
2008-08-07,8,May-Sep,8,15.8,1.1862,1.0138,0.097
2008-08-08,8,May-Sep,8,10.5,1.2632,1.0467,-0.0234
2008-08-09,8,May-Sep,8,13.3,0.8131,0.6606,0.2846
2008-08-10,8,May-Sep,8,14.4,0.9849,0.7291,-0.5544
2008-08-11,8,May-Sep,8,12.0,6.3237,5.503,5.0305
2008-08-12,8,May-Sep,8,8.6,0.9783,0.7995,0.2019
2008-08-13,8,May-Sep,8,8.2,1.272,1.0667,0.6343
2008-08-14,8,May-Sep,8,9.8,1.5274,1.2507,0.7715
2008-08-15,8,May-Sep,8,12.8,1.6722,0.9705,-0.7654
2008-08-16,8,May-Sep,8,10.3,3.1095,2.4603,1.4128
2008-08-17,8,May-Sep,8,6.5,0.914,0.6667,0.33
2008-08-18,8,May-Sep,8,7.9,2.5206,1.4177,0.9022
2008-08-19,8,May-Sep,8,12.9,5.1668,3.8838,3.8347
2008-08-20,8,May-Sep,8,12.9,0.7211,0.6126,-0.0091
2008-08-21,8,May-Sep,8,14.4,0.8716,0.6549,-0.4174
2008-08-22,8,May-Sep,8,9.9,1.117,0.9471,0.1206
2008-08-23,8,May-Sep,8,10.3,1.8904,1.5292,1.0147
2008-08-24,8,May-Sep,8,11.0,1.6221,1.2038,0.0825
2008-08-25,8,May-Sep,8,10.9,1.0009,0.7654,-0.1854
2008-08-26,8,May-Sep,8,14.0,4.3067,3.1941,2.0224
2008-08-27,8,May-Sep,8,8.6,4.4417,3.8889,3.1382
2008-08-28,8,May-Sep,8,8.9,0.7457,0.6021,0.2198
2008-08-29,8,May-Sep,8,14.1,1.1806,0.9522,-0.4251
2008-08-30,8,May-Sep,8,10.8,1.3994,1.1816,-0.0133
2008-08-31,8,May-Sep,8,10.0,2.8388,2.0028,1.7986
2008-09-01,9,May-Sep,8,10.2,0.777,0.5269,-0.0832
2008-09-02,9,May-Sep,8,12.8,0.8766,0.6032,-0.0706
2008-09-03,9,May-Sep,8,11.4,1.7613,1.4616,0.4711
2008-09-04,9,May-Sep,8,8.3,2.0827,1.7478,1.6289
2008-09-05,9,May-Sep,8,11.5,0.923,0.694,-0.2548
2008-09-06,9,May-Sep,8,13.1,6.7161,5.8712,2.6484
2008-09-07,9,May-Sep,8,7.3,0.6848,0.5003,-0.0246
2008-09-08,9,May-Sep,8,8.5,0.5355,0.4643,0.1834
2008-09-09,9,May-Sep,8,13.0,0.8959,0.7729,-0.2848
2008-09-10,9,May-Sep,8,14.2,0.8246,0.7489,-0.3814
2008-09-11,9,May-Sep,8,13.2,1.2563,0.9005,-0.3145
2008-09-12,9,May-Sep,8,8.9,1.2317,1.0113,0.4966
2008-09-13,9,May-Sep,8,9.6,0.8535,0.6893,0.2569
2008-09-14,9,May-Sep,8,13.0,1.6277,1.005,0.5907
2008-09-15,9,May-Sep,8,12.5,1.2079,0.9952,0.0906
2008-09-16,9,May-Sep,8,10.1,1.0943,0.8557,0.0327
2008-09-17,9,May-Sep,8,14.1,2.482,1.3128,-0.9994
2008-09-18,9,May-Sep,8,11.9,4.7734,4.2664,2.9662
2008-09-19,9,May-Sep,8,7.2,1.5528,1.0783,0.852
2008-09-20,9,May-Sep,8,10.3,6.0489,5.2055,2.693
2008-09-21,9,May-Sep,8,8.1,1.0324,0.8006,-0.1233
2008-09-22,9,May-Sep,7,7.9,1.5809,1.354,0.6228
2008-09-23,9,May-Sep,7,6.8,0.7953,0.6682,0.4298
2008-09-24,9,May-Sep,8,8.9,0.9407,0.6194,-0.3213
2008-09-25,9,May-Sep,7,8.6,0.7152,0.5021,-0.2872
2008-09-26,9,May-Sep,8,10.2,0.6897,0.5871,0.2367
2008-09-27,9,May-Sep,8,13.7,0.811,0.6222,0.0364
2008-09-28,9,May-Sep,8,8.6,0.9485,0.6236,-0.1658
2008-09-29,9,May-Sep,8,12.6,0.8933,0.7384,0.2677
2008-09-30,9,May-Sep,8,10.6,1.4343,1.0028,-0.5539
2008-10-01,10,Other,8,7.9,2.5492,1.7672,1.1457
2008-10-02,10,Other,8,7.0,0.674,0.6202,0.0763
2008-10-03,10,Other,8,9.6,0.8749,0.6575,-0.2373
2008-10-04,10,Other,8,12.1,0.6924,0.6073,-0.1018
2008-10-05,10,Other,8,5.9,1.7825,1.4879,0.8928
2008-10-06,10,Other,8,7.1,0.8015,0.6345,0.0408
2008-10-07,10,Other,8,9.6,1.2279,0.9582,-0.1272
2008-10-08,10,Other,8,10.0,1.1159,0.7348,-0.0088
2008-10-09,10,Other,8,12.8,0.8785,0.6457,0.1582
2008-10-10,10,Other,8,12.5,2.2896,1.8533,-0.5285
2008-10-11,10,Other,8,12.5,1.8104,1.3428,-0.6122
2008-10-12,10,Other,8,8.8,3.3808,2.9115,1.8913
2008-10-13,10,Other,8,9.2,0.948,0.7974,-0.541
2008-10-14,10,Other,8,6.0,2.1762,2.0585,0.7023
2008-10-15,10,Other,8,8.8,1.0993,0.8836,0.0482
2008-10-16,10,Other,8,7.2,3.4177,2.834,1.163
2008-10-17,10,Other,8,11.7,1.0858,0.8072,0.1538
2008-10-18,10,Other,8,7.2,2.5491,2.316,-0.4842
2008-10-19,10,Other,8,12.6,1.2141,0.9278,-0.2464
2008-10-20,10,Other,8,14.8,8.3311,7.645,2.6717
2008-10-21,10,Other,8,8.3,1.3602,0.9769,-0.4048
2008-10-22,10,Other,8,7.5,1.2353,1.1685,-0.3905
2008-10-23,10,Other,8,7.3,0.5214,0.3994,0.2753
2008-10-24,10,Other,8,8.6,1.4131,1.1738,0.4162
2008-10-25,10,Other,8,8.0,0.7011,0.4275,0.1985
2008-10-26,10,Other,8,8.2,0.738,0.6132,0.3472
2008-10-27,10,Other,8,5.2,1.3207,1.0611,0.7729
2008-10-28,10,Other,8,8.5,0.8944,0.6192,0.1232
2008-10-29,10,Other,8,8.1,1.2191,1.0039,0.1107
2008-10-30,10,Other,7,8.6,1.0662,0.9057,0.537
2008-10-31,10,Other,8,8.8,1.2695,0.9623,0.4304
2008-11-01,11,Other,8,9.8,1.2067,1.0116,0.4028
2008-11-02,11,Other,8,7.7,1.0193,0.7524,0.0839
2008-11-03,11,Other,8,7.2,0.8957,0.6433,-0.0969
2008-11-04,11,Other,8,6.8,1.2195,0.911,0.368
2008-11-05,11,Other,8,10.2,1.5557,1.2979,0.0581
2008-11-06,11,Other,8,6.2,1.6209,1.3763,0.8645
2008-11-07,11,Other,8,8.2,0.7796,0.6039,-0.0283
2008-11-08,11,Other,8,8.4,4.8474,4.486,0.7188
2008-11-09,11,Other,8,9.2,5.6846,5.2012,-0.378
2008-11-10,11,Other,8,2.2,0.5928,0.4962,0.2593
2008-11-11,11,Other,8,3.1,0.7623,0.6704,-0.3774
2008-11-12,11,Other,8,6.4,1.3929,1.0474,0.3307
2008-11-13,11,Other,8,8.4,0.9713,0.7693,-0.3446
2008-11-14,11,Other,8,4.9,1.1273,0.9052,-0.5446
2008-11-15,11,Other,8,6.1,1.3831,1.0093,-0.6267
2008-11-16,11,Other,8,3.3,1.4622,1.0947,0.6645
2008-11-17,11,Other,8,3.5,1.1258,0.9251,0.4387
2008-11-18,11,Other,8,5.0,0.7505,0.6378,-0.1619
2008-11-19,11,Other,8,4.4,0.7717,0.6717,0.145
2008-11-20,11,Other,8,5.3,0.8706,0.6837,-0.0727
2008-11-21,11,Other,8,6.9,1.9907,1.808,-0.3202
2008-11-22,11,Other,8,5.2,1.249,0.9087,0.3523
2008-11-23,11,Other,8,2.8,0.8009,0.5661,0.444
2008-11-24,11,Other,8,9.7,1.9448,1.4495,0.9233
2008-11-25,11,Other,8,8.3,2.5759,2.1504,0.6539
2008-11-26,11,Other,8,6.2,0.9872,0.8122,0.3044
2008-11-27,11,Other,8,8.7,2.3045,1.8394,-0.7296
2008-11-28,11,Other,8,7.2,2.7712,2.2093,0.9477
2008-11-29,11,Other,8,14.6,4.8242,3.8756,-0.0993
2008-11-30,11,Other,8,11.1,2.0994,1.7898,0.1169
2008-12-01,12,Other,9,11.4,2.6641,2.1452,1.8215
2008-12-02,12,Other,8,5.3,3.4476,2.9716,2.2822
2008-12-03,12,Other,8,8.9,3.4027,2.8896,1.408
2008-12-04,12,Other,8,4.6,1.2737,1.0508,-0.0265
2008-12-05,12,Other,8,9.0,2.4162,2.1304,-1.6186
2008-12-06,12,Other,8,11.2,3.4094,2.443,-2.2931
2008-12-07,12,Other,8,9.3,3.0797,2.2942,1.6418
2008-12-08,12,Other,8,10.7,2.8119,2.2475,-1.5429
2008-12-09,12,Other,8,12.1,3.1029,2.4452,-0.0537
2008-12-10,12,Other,8,6.4,2.9152,2.6428,0.3912
2008-12-11,12,Other,8,13.1,2.4631,2.13,-1.3296
2008-12-12,12,Other,8,5.9,2.6258,2.1575,1.6215
2008-12-13,12,Other,8,2.8,1.6287,1.5544,0.0452
2008-12-14,12,Other,8,3.0,1.0115,0.8184,0.5307
2008-12-15,12,Other,8,12.2,2.163,1.9839,-0.7938
2008-12-16,12,Other,8,6.4,2.8495,2.485,1.2934
2008-12-17,12,Other,8,3.6,0.6211,0.506,0.362
2008-12-18,12,Other,8,4.1,1.2632,1.0889,-0.6485
2008-12-19,12,Other,8,6.4,1.97,1.7911,0.5401
2008-12-20,12,Other,8,3.9,1.7925,1.6721,0.4143
2008-12-21,12,Other,8,2.7,0.5421,0.4265,-0.3269
2008-12-22,12,Other,8,5.3,1.9566,1.6833,0.8528
2008-12-23,12,Other,8,7.3,1.7916,1.3301,0.2118
2008-12-24,12,Other,8,6.1,1.9187,1.5758,-0.004
2008-12-25,12,Other,8,6.4,2.1783,1.7742,1.0123
2008-12-26,12,Other,8,2.1,1.3318,1.2288,0.3273
2008-12-27,12,Other,8,10.5,2.3352,1.7809,0.8992
2008-12-28,12,Other,8,7.7,2.3732,1.8174,1.6591
2008-12-29,12,Other,8,7.6,1.9302,1.5895,0.3417
2008-12-30,12,Other,8,8.0,2.4577,2.0403,-1.1855
2008-12-31,12,Other,8,5.4,1.8761,1.4278,1.1845
2009-01-01,1,Other,8,5.2,0.7962,0.6618,-0.3637
2009-01-02,1,Other,8,4.9,2.1267,1.8666,0.9455
2009-01-03,1,Other,8,4.7,1.004,0.8717,-0.1772
2009-01-04,1,Other,8,8.2,1.6186,1.418,-0.5692
2009-01-05,1,Other,8,6.5,2.8462,2.3772,1.6253
2009-01-06,1,Other,8,9.4,2.5535,2.0786,-0.023
2009-01-07,1,Other,8,7.3,2.3912,1.9904,1.1487
2009-01-08,1,Other,8,6.5,1.516,1.391,-0.8945
2009-01-09,1,Other,8,4.5,1.5136,1.1948,-0.2688
2009-01-10,1,Other,8,8.4,4.0608,3.7021,0.9562
2009-01-11,1,Other,8,7.6,2.4355,2.2584,0.7256
2009-01-12,1,Other,8,7.4,1.2742,1.0247,0.0294
2009-01-13,1,Other,8,8.5,2.5416,2.1267,1.0091
2009-01-14,1,Other,8,4.8,1.6925,1.2554,-0.655
2009-01-15,1,Other,8,14.8,4.9098,4.2508,-1.8223
2009-01-16,1,Other,8,10.8,4.2481,3.1952,0.4705
2009-01-17,1,Other,8,5.7,3.0623,2.7488,1.131
2009-01-18,1,Other,8,4.7,2.3334,1.8196,-0.4394
2009-01-19,1,Other,8,6.2,1.216,0.9823,-0.295
2009-01-20,1,Other,8,9.9,3.0152,2.2833,1.3746
2009-01-21,1,Other,8,6.1,3.3737,3.1458,1.4431
2009-01-22,1,Other,8,6.6,1.8426,1.607,0.7156
2009-01-23,1,Other,8,6.8,1.5363,1.3217,0.3947
2009-01-24,1,Other,8,6.6,2.7542,1.871,-1.3264
2009-01-25,1,Other,8,9.4,4.6172,4.4582,0.5467
2009-01-26,1,Other,8,8.0,2.0053,1.7747,0.1736
2009-01-27,1,Other,8,12.6,2.3977,2.1162,-0.9795
2009-01-28,1,Other,8,8.1,3.7995,3.437,1.7409
2009-01-29,1,Other,7,11.3,3.6193,2.5977,-1.8996
2009-01-30,1,Other,8,7.5,3.8935,3.7551,1.3612
2009-01-31,1,Other,8,12.4,1.3682,1.0254,0.004
2009-02-01,2,Other,8,5.4,1.5983,1.3523,0.1633
2009-02-02,2,Other,8,2.7,0.629,0.475,-0.0726
2009-02-03,2,Other,8,8.2,2.6346,1.8677,0.9953
2009-02-04,2,Other,8,7.3,1.0896,0.9067,-0.3632
2009-02-05,2,Other,8,5.0,0.7035,0.6026,-0.1745
2009-02-06,2,Other,8,3.1,1.3511,1.0598,0.9149
2009-02-07,2,Other,8,3.9,1.4558,1.2378,0.4392
2009-02-08,2,Other,8,2.8,1.2311,1.0146,0.1598
2009-02-09,2,Other,8,15.6,3.3949,2.7884,0.9438
2009-02-10,2,Other,8,8.6,2.4966,1.9533,-0.0168
2009-02-11,2,Other,8,4.6,2.7213,2.5644,0.3183
2009-02-12,2,Other,8,8.5,2.6007,2.0023,0.4393
2009-02-13,2,Other,8,7.4,2.0811,1.3355,0.6469
2009-02-14,2,Other,8,8.5,3.8232,3.167,1.6158
2009-02-15,2,Other,8,7.1,2.1353,1.731,-0.5275
2009-02-16,2,Other,8,6.6,2.0012,1.7389,-0.4873
2009-02-17,2,Other,8,7.4,2.3766,1.883,-0.216
2009-02-18,2,Other,8,10.2,3.0839,2.2567,1.5105
2009-02-19,2,Other,8,8.6,4.4106,4.0049,1.3097
2009-02-20,2,Other,8,11.4,2.8618,2.1155,-1.158
2009-02-21,2,Other,8,6.3,2.0338,1.8434,0.0023
2009-02-22,2,Other,8,6.0,1.9273,1.5255,1.3566
2009-02-23,2,Other,8,6.1,1.949,1.687,0.583
2009-02-24,2,Other,8,6.1,1.3413,1.1217,0.1632
2009-02-25,2,Other,8,7.4,1.2517,1.0235,0.1591
2009-02-26,2,Other,8,9.5,1.6224,1.4545,0.0417
2009-02-27,2,Other,8,7.5,1.5544,1.1647,-0.0567
2009-02-28,2,Other,8,10.5,2.634,1.8841,0.8995
2009-03-01,3,Other,8,7.3,1.7472,1.4575,0.4
2009-03-02,3,Other,6,7.8,0.7842,0.6139,-0.0902
2009-03-03,3,Other,8,6.3,0.9961,0.8668,0.0307
2009-03-04,3,Other,8,6.2,1.6717,1.2421,0.964
2009-03-05,3,Other,8,6.2,1.0946,0.9813,-0.5683
2009-03-06,3,Other,8,8.9,1.6395,1.4365,-0.527
2009-03-07,3,Other,8,9.1,2.4828,1.9419,1.3249
2009-03-08,3,Other,8,6.8,1.188,0.8637,0.3563
2009-03-09,3,Other,8,5.1,1.8581,1.4339,1.1432
2009-03-10,3,Other,8,3.5,2.7226,2.0464,1.787
2009-03-11,3,Other,8,10.3,1.3239,1.1191,0.1981
2009-03-12,3,Other,8,11.9,1.9211,1.3444,-0.6828
2009-03-13,3,Other,8,8.1,1.7697,1.2013,-0.3495
2009-03-14,3,Other,8,9.6,1.4624,1.0982,-0.4402
2009-03-15,3,Other,8,7.3,1.0047,0.7772,-0.0712
2009-03-16,3,Other,8,20.7,2.1349,1.4703,0.8136
2009-03-17,3,Other,8,9.5,4.7189,4.0168,2.806
2009-03-18,3,Other,8,9.2,0.9267,0.6123,0.1056
2009-03-19,3,Other,8,8.2,3.6622,2.9403,1.6431
2009-03-20,3,Other,8,4.2,1.1654,1.0644,0.8098
2009-03-21,3,Other,8,8.2,1.1408,0.9479,-0.659
2009-03-22,3,Other,8,9.3,1.3636,0.9513,-0.4854
2009-03-23,3,Other,8,10.0,0.866,0.5957,-0.3163
2009-03-24,3,Other,8,7.8,0.6724,0.5541,0.35
2009-03-25,3,Other,8,4.3,1.98,1.6766,1.0212
2009-03-26,3,Other,8,7.7,0.7064,0.6479,0.1983
2009-03-27,3,Other,8,12.4,2.2367,1.3831,-0.8391
2009-03-28,3,Other,8,9.5,1.0124,0.8016,-0.3298
2009-03-29,3,Other,8,12.7,1.8907,1.3577,-0.9787
2009-03-30,3,Other,8,10.8,0.8236,0.7012,-0.2852
2009-03-31,3,Other,8,8.3,0.9473,0.7565,0.6757
2009-04-01,4,Other,8,8.3,0.6309,0.5319,0.0928
2009-04-02,4,Other,8,8.5,0.5828,0.4278,0.3202
2009-04-03,4,Other,8,10.9,0.7665,0.6155,-0.075
2009-04-04,4,Other,8,9.3,0.4801,0.3795,0.1215
2009-04-05,4,Other,8,14.8,1.9099,1.3271,-0.8245
2009-04-06,4,Other,8,9.5,1.5703,1.3915,0.3295
2009-04-07,4,Other,8,9.6,3.6201,2.7594,2.721
2009-04-08,4,Other,8,8.9,2.2869,1.6772,1.5188
2009-04-09,4,Other,8,9.5,0.9647,0.6301,-0.406
2009-04-10,4,Other,8,8.8,0.4982,0.3934,-0.1091
2009-04-11,4,Other,8,11.8,1.1067,0.8106,-0.6735
2009-04-12,4,Other,8,9.1,0.8287,0.5243,-0.2148
2009-04-13,4,Other,8,12.2,2.2656,1.6615,1.3858
2009-04-14,4,Other,8,10.0,1.1287,0.8003,0.1896
2009-04-15,4,Other,8,9.7,0.7283,0.626,0.2955
2009-04-16,4,Other,8,13.6,6.9704,6.0588,2.6349
2009-04-17,4,Other,8,8.8,1.0326,0.8548,0.12
2009-04-18,4,Other,8,7.6,2.9705,2.6874,1.5775
2009-04-19,4,Other,8,11.5,1.1646,0.7608,-0.529
2009-04-20,4,Other,8,12.1,1.0882,0.8072,-0.2751
2009-04-21,4,Other,8,11.4,1.0005,0.7708,-0.2062
2009-04-22,4,Other,8,10.4,1.0614,0.7358,-0.0876
2009-04-23,4,Other,8,11.1,2.7021,2.1801,1.8913
2009-04-24,4,Other,8,8.9,1.227,0.9898,0.6717
2009-04-25,4,Other,8,13.4,3.0865,2.0607,-1.7493
2009-04-26,4,Other,8,6.1,3.1498,2.0828,2.0653
2009-04-27,4,Other,8,11.4,4.3941,3.5545,3.4098
2009-04-28,4,Other,8,9.9,2.5241,1.7698,1.4001
2009-04-29,4,Other,8,10.7,3.5995,2.7573,2.4303
2009-04-30,4,Other,8,13.0,0.9891,0.8385,-0.3232
2009-05-01,5,May-Sep,8,13.5,3.2405,1.8333,-1.6044
2009-05-02,5,May-Sep,8,7.5,1.263,0.816,0.4213
2009-05-03,5,May-Sep,8,11.0,1.5207,1.2968,-0.8897
2009-05-04,5,May-Sep,8,8.9,4.4466,3.8988,3.5069
2009-05-05,5,May-Sep,8,6.9,1.4202,1.1463,0.9523
2009-05-06,5,May-Sep,8,6.3,0.7364,0.593,0.2273
2009-05-07,5,May-Sep,8,8.0,3.2639,2.5614,1.8515
2009-05-08,5,May-Sep,8,6.5,1.9461,1.4454,0.4749
2009-05-09,5,May-Sep,8,8.8,0.6325,0.5437,0.0832
2009-05-10,5,May-Sep,8,12.7,1.8567,1.4163,-0.7303
2009-05-11,5,May-Sep,8,13.1,1.3762,1.1846,-0.554
2009-05-12,5,May-Sep,8,12.1,1.0383,0.731,-0.6649
2009-05-13,5,May-Sep,8,12.3,1.1195,0.8099,-0.5783
2009-05-14,5,May-Sep,8,9.0,2.4022,1.9197,1.546
2009-05-15,5,May-Sep,8,9.8,0.4849,0.4091,0.1495
2009-05-16,5,May-Sep,8,8.3,3.2062,2.5047,1.6385
2009-05-17,5,May-Sep,8,10.8,1.0779,0.8375,0.0517
2009-05-18,5,May-Sep,8,15.3,1.6949,1.1928,-0.8169
2009-05-19,5,May-Sep,8,18.2,10.3241,9.4653,6.41
2009-05-20,5,May-Sep,8,10.8,1.1061,0.9036,-0.4635
2009-05-21,5,May-Sep,8,14.8,2.5807,1.7737,-1.369
2009-05-22,5,May-Sep,8,13.6,5.8106,5.098,3.3584
2009-05-23,5,May-Sep,8,10.3,1.2036,0.9639,0.5361
2009-05-24,5,May-Sep,8,13.2,1.1327,0.7812,0.1054
2009-05-25,5,May-Sep,8,13.4,8.1512,7.544,3.9792
2009-05-26,5,May-Sep,8,7.5,1.8491,1.4028,0.227
2009-05-27,5,May-Sep,8,14.9,1.9514,1.4345,-1.0274
2009-05-28,5,May-Sep,8,14.2,1.3733,1.0447,-0.6709
2009-05-29,5,May-Sep,8,14.5,1.228,0.9983,-0.6452
2009-05-30,5,May-Sep,8,13.4,1.9404,1.2728,-0.9484
2009-05-31,5,May-Sep,8,10.2,3.5027,2.9693,2.4152
2009-06-01,6,May-Sep,8,11.4,0.7342,0.6384,-0.0169
2009-06-02,6,May-Sep,8,11.0,0.8751,0.7044,0.0791
2009-06-03,6,May-Sep,8,16.5,8.7739,7.3582,3.6564
2009-06-04,6,May-Sep,8,9.6,1.1059,0.8581,-0.5942
2009-06-05,6,May-Sep,8,11.8,0.976,0.7516,-0.2024
2009-06-06,6,May-Sep,8,8.2,0.528,0.4503,0.1421
2009-06-07,6,May-Sep,8,13.9,1.346,1.1498,-0.5824
2009-06-08,6,May-Sep,8,12.1,3.8668,3.2486,2.7659
2009-06-09,6,May-Sep,8,11.6,1.2407,0.9111,-0.018
2009-06-10,6,May-Sep,8,10.3,0.5619,0.4358,0.2905
2009-06-11,6,May-Sep,8,10.7,1.0378,0.8516,-0.2848
2009-06-12,6,May-Sep,8,9.1,0.8473,0.7039,0.3524
2009-06-13,6,May-Sep,8,12.0,5.6129,5.1535,4.0146
2009-06-14,6,May-Sep,8,11.0,1.2901,0.983,0.0911
2009-06-15,6,May-Sep,8,12.6,1.2182,0.8303,-0.4916
2009-06-16,6,May-Sep,8,8.9,2.7811,2.3553,1.7277
2009-06-17,6,May-Sep,8,9.7,4.9506,4.2606,1.1115
2009-06-18,6,May-Sep,8,9.2,1.5156,1.2147,-0.0132
2009-06-19,6,May-Sep,8,12.5,1.4615,1.0589,-0.7402
2009-06-20,6,May-Sep,8,9.5,2.3172,1.5211,1.2701
2009-06-21,6,May-Sep,8,12.2,1.2745,1.0576,-0.6103
2009-06-22,6,May-Sep,8,12.8,1.0747,0.6576,-0.6077
2009-06-23,6,May-Sep,8,12.9,1.1461,0.8743,-0.0808
2009-06-24,6,May-Sep,8,8.8,5.0851,4.2359,3.6256
2009-06-25,6,May-Sep,7,7.3,2.3939,2.1951,0.8808
2009-06-26,6,May-Sep,8,12.3,1.1999,0.8458,-0.6124
2009-06-27,6,May-Sep,8,12.7,1.2105,1.0145,0.346
2009-06-28,6,May-Sep,7,12.4,1.1125,0.8628,-0.3105
2009-06-29,6,May-Sep,8,13.5,8.2343,6.6887,5.3987
2009-06-30,6,May-Sep,8,8.0,2.5082,1.9981,1.6851
2009-07-01,7,May-Sep,8,6.5,1.3414,0.9926,-0.6411
2009-07-02,7,May-Sep,8,10.5,0.8169,0.601,0.5915
2009-07-03,7,May-Sep,8,14.4,0.8473,0.5294,-0.4307
2009-07-04,7,May-Sep,8,13.0,0.8658,0.6704,-0.0932
2009-07-05,7,May-Sep,8,10.7,1.1559,0.8791,0.649
2009-07-06,7,May-Sep,8,7.5,1.3164,0.9747,0.8969
2009-07-07,7,May-Sep,8,8.7,0.5846,0.4697,0.2961
2009-07-08,7,May-Sep,8,8.3,2.8721,2.2918,1.7338
2009-07-09,7,May-Sep,8,12.3,0.9609,0.7417,0.0048
2009-07-10,7,May-Sep,8,10.8,2.8328,2.2499,1.4549
2009-07-11,7,May-Sep,8,11.2,0.5426,0.4588,0.2333
2009-07-12,7,May-Sep,8,15.2,1.2388,0.8821,-0.4157
2009-07-13,7,May-Sep,8,9.5,5.3047,4.4814,4.3886
2009-07-14,7,May-Sep,8,6.9,1.0561,0.804,0.2084
2009-07-15,7,May-Sep,8,7.9,3.5203,3.0766,1.4859
2009-07-16,7,May-Sep,8,11.8,1.9998,1.5588,1.2151
2009-07-17,7,May-Sep,8,11.1,1.3223,1.2057,-0.5916
2009-07-18,7,May-Sep,8,12.5,0.6133,0.5045,0.0131
2009-07-19,7,May-Sep,8,11.5,2.8022,2.1215,1.2641
2009-07-20,7,May-Sep,8,12.9,1.4076,1.153,-0.8711
2009-07-21,7,May-Sep,8,13.2,0.927,0.7206,-0.1999
2009-07-22,7,May-Sep,8,12.5,0.7846,0.6247,-0.1689
2009-07-23,7,May-Sep,8,13.7,4.2674,3.3678,3.0517
2009-07-24,7,May-Sep,8,9.5,0.6177,0.5332,0.112
2009-07-25,7,May-Sep,8,10.9,1.2687,1.1531,-0.6649
2009-07-26,7,May-Sep,8,12.7,1.4136,1.005,-0.6769
2009-07-27,7,May-Sep,8,8.7,2.7288,2.035,1.52
2009-07-28,7,May-Sep,8,13.5,1.1946,0.9742,0.6121
2009-07-29,7,May-Sep,8,11.3,2.3962,1.9192,1.4686
2009-07-30,7,May-Sep,8,9.8,1.3144,0.9228,0.2128
2009-07-31,7,May-Sep,8,13.6,1.0798,0.798,-0.4582
2009-08-01,8,May-Sep,8,13.8,1.1561,0.8507,-0.5242
2009-08-02,8,May-Sep,8,8.4,2.5721,1.9588,1.2782
2009-08-03,8,May-Sep,8,11.0,1.1927,0.843,0.6442
2009-08-04,8,May-Sep,8,7.2,2.227,1.7756,1.7756
2009-08-05,8,May-Sep,8,8.9,2.4787,1.6234,1.4589
2009-08-06,8,May-Sep,8,7.8,2.9932,2.5894,2.3109
2009-08-07,8,May-Sep,8,11.0,0.8444,0.6462,0.326
2009-08-08,8,May-Sep,7,15.8,1.3264,0.9208,-0.7659
2009-08-09,8,May-Sep,8,14.9,1.0396,0.8753,0.0232
2009-08-10,8,May-Sep,8,13.9,0.879,0.6956,0.0622
2009-08-11,8,May-Sep,8,10.9,0.6455,0.4752,-0.0185
2009-08-12,8,May-Sep,8,13.6,7.7806,6.7593,5.7987
2009-08-13,8,May-Sep,8,12.6,1.1023,0.9214,-0.3106
2009-08-14,8,May-Sep,8,9.7,1.3528,1.115,0.5133
2009-08-15,8,May-Sep,8,9.4,0.5177,0.4411,0.2331
2009-08-16,8,May-Sep,8,10.0,0.7411,0.6863,-0.4578
2009-08-17,8,May-Sep,8,9.7,0.8237,0.6586,0.3371
2009-08-18,8,May-Sep,8,10.8,0.5358,0.4245,0.1582
2009-08-19,8,May-Sep,8,12.7,1.9729,1.5738,-0.609
2009-08-20,8,May-Sep,8,9.3,3.0406,2.217,1.6605
2009-08-21,8,May-Sep,8,10.0,1.1166,1.0199,0.1554
2009-08-22,8,May-Sep,8,11.7,2.0234,1.5672,-1.1641
2009-08-23,8,May-Sep,8,10.7,0.9015,0.7897,0.0192
2009-08-24,8,May-Sep,8,10.6,0.8297,0.7107,0.289
2009-08-25,8,May-Sep,8,15.4,0.6523,0.5639,-0.2295
2009-08-26,8,May-Sep,8,12.2,0.7726,0.5533,-0.1645
2009-08-27,8,May-Sep,8,8.0,2.4433,1.9882,1.7199
2009-08-28,8,May-Sep,8,10.8,1.2744,0.8699,-0.4962
2009-08-29,8,May-Sep,8,17.4,2.7127,1.9436,1.1414
2009-08-30,8,May-Sep,8,13.0,4.4068,3.5128,3.4182
2009-08-31,8,May-Sep,8,9.9,0.8451,0.6641,-0.1205
2009-09-01,9,May-Sep,8,10.0,1.2408,0.9467,0.6611
2009-09-02,9,May-Sep,8,15.2,7.5658,6.607,0.9071
2009-09-03,9,May-Sep,8,9.7,0.6111,0.4568,-0.285
2009-09-04,9,May-Sep,8,8.4,0.7457,0.5307,-0.2173
2009-09-05,9,May-Sep,8,9.1,1.0799,0.7737,-0.4404
2009-09-06,9,May-Sep,8,9.3,0.8768,0.8157,-0.0722
2009-09-07,9,May-Sep,8,9.5,0.7972,0.6642,-0.3168
2009-09-08,9,May-Sep,8,8.1,0.8766,0.7683,-0.1453
2009-09-09,9,May-Sep,8,10.4,0.9978,0.7035,-0.6245
2009-09-10,9,May-Sep,8,9.7,1.9277,1.3668,0.9151
2009-09-11,9,May-Sep,8,7.4,0.5397,0.4293,-0.0756
2009-09-12,9,May-Sep,8,8.9,0.5396,0.3992,-0.2234
2009-09-13,9,May-Sep,8,11.9,0.8101,0.7299,0.0575
2009-09-14,9,May-Sep,8,14.7,0.7644,0.6626,-0.0374
2009-09-15,9,May-Sep,8,13.7,0.9099,0.7525,0.0183
2009-09-16,9,May-Sep,8,14.3,1.7392,1.047,-0.2109
2009-09-17,9,May-Sep,8,12.8,2.5885,2.09,1.8038
2009-09-18,9,May-Sep,8,12.5,6.4751,5.5536,5.1011
2009-09-19,9,May-Sep,8,12.5,1.1366,0.864,-0.4812
2009-09-20,9,May-Sep,8,9.1,0.8801,0.7369,0.5195
2009-09-21,9,May-Sep,8,12.8,1.4584,1.146,0.4488
2009-09-22,9,May-Sep,8,11.5,1.0619,0.7972,0.0894
2009-09-23,9,May-Sep,8,8.0,4.3375,3.7892,2.8347
2009-09-24,9,May-Sep,8,9.6,0.7339,0.5933,0.1467
2009-09-25,9,May-Sep,8,11.7,0.9377,0.7245,-0.1916
2009-09-26,9,May-Sep,7,11.5,0.6139,0.5214,0.1008
2009-09-27,9,May-Sep,8,9.7,1.1732,0.9419,0.2228
2009-09-28,9,May-Sep,8,7.2,1.6473,1.2531,0.5352
2009-09-29,9,May-Sep,8,9.3,0.8985,0.7448,0.1176
2009-09-30,9,May-Sep,8,12.7,0.7251,0.5024,0.1028
2009-10-01,10,Other,8,13.6,1.0585,0.87,0.2082
2009-10-02,10,Other,8,10.8,0.6926,0.5318,0.3457
2009-10-03,10,Other,8,11.8,0.8556,0.699,-0.3888
2009-10-04,10,Other,8,9.7,3.1503,2.6407,2.185
2009-10-05,10,Other,8,9.4,0.7677,0.5974,0.0489
2009-10-06,10,Other,8,9.3,0.9875,0.7306,-0.03
2009-10-07,10,Other,8,9.4,0.8664,0.6754,0.0355
2009-10-08,10,Other,8,11.1,0.6219,0.4936,0.1525
2009-10-09,10,Other,8,10.9,0.6106,0.4851,0.2134
2009-10-10,10,Other,8,9.2,0.8407,0.6582,-0.1406
2009-10-11,10,Other,8,9.2,0.7067,0.6186,-0.0845
2009-10-12,10,Other,8,4.7,2.0897,1.7982,1.1075
2009-10-13,10,Other,8,8.6,0.7475,0.6197,-0.4645
2009-10-14,10,Other,8,8.7,2.8504,2.5412,0.6387
2009-10-15,10,Other,8,10.9,1.3237,0.9593,-0.0319
2009-10-16,10,Other,8,10.8,0.8372,0.6824,-0.0482
2009-10-17,10,Other,8,11.6,1.0242,0.9023,0.0779
2009-10-18,10,Other,8,8.5,0.9479,0.6783,-0.0651
2009-10-19,10,Other,8,9.4,1.1985,0.956,-0.0172
2009-10-20,10,Other,8,7.7,2.0353,1.4011,0.3917
2009-10-21,10,Other,8,10.3,1.2705,1.0615,0.435
2009-10-22,10,Other,8,11.1,0.9311,0.7517,0.3714
2009-10-23,10,Other,8,12.3,0.917,0.6846,0.3281
2009-10-24,10,Other,8,13.2,6.3845,5.5869,3.4955
2009-10-25,10,Other,8,7.2,1.5471,1.2374,0.7371
2009-10-26,10,Other,8,8.5,1.219,1.011,-0.0226
2009-10-27,10,Other,8,13.3,2.3227,2.1047,0.3527
2009-10-28,10,Other,8,6.9,1.2946,1.1607,-0.1764
2009-10-29,10,Other,8,3.7,1.2755,1.0903,0.411
2009-10-30,10,Other,8,6.0,0.7567,0.6017,0.3176
2009-10-31,10,Other,8,8.1,0.8141,0.7222,-0.332
2009-11-01,11,Other,8,7.2,0.8452,0.6264,0.1544
2009-11-02,11,Other,8,7.5,1.0413,0.7289,0.1232
2009-11-03,11,Other,8,8.4,1.1166,0.8692,0.1881
2009-11-04,11,Other,8,11.4,2.3178,2.0112,0.2007
2009-11-05,11,Other,8,12.0,3.484,3.2666,-0.3358
2009-11-06,11,Other,8,8.5,1.6427,1.3551,0.6922
2009-11-07,11,Other,8,6.3,2.3245,1.7821,1.647
2009-11-08,11,Other,8,4.5,2.477,2.3008,0.2093
2009-11-09,11,Other,8,2.7,1.3411,1.2549,0.2739
2009-11-10,11,Other,8,5.5,3.1208,2.8377,0.6518
2009-11-11,11,Other,8,5.2,1.418,1.2097,-0.4234
2009-11-12,11,Other,8,1.4,0.2692,0.231,0.0255
2009-11-13,11,Other,8,1.6,0.6097,0.5204,0.0889
2009-11-14,11,Other,8,1.9,0.6364,0.6018,-0.0909
2009-11-15,11,Other,8,2.8,0.8092,0.6556,0.2585
2009-11-16,11,Other,8,7.8,1.0731,0.9236,0.2037
2009-11-17,11,Other,8,6.2,1.0444,0.7306,0.114
2009-11-18,11,Other,8,6.6,1.2056,0.9637,-0.5498
2009-11-19,11,Other,8,10.4,2.682,2.2141,0.5907
2009-11-20,11,Other,8,5.6,1.342,1.0527,0.4255
2009-11-21,11,Other,8,8.3,1.0235,0.905,0.2517
2009-11-22,11,Other,8,14.9,2.9314,2.4926,-1.2055
2009-11-23,11,Other,8,7.2,3.2956,2.748,0.333
2009-11-24,11,Other,8,7.4,3.4713,2.733,-2.733
2009-11-25,11,Other,8,4.2,1.6362,1.4312,0.3074
2009-11-26,11,Other,8,2.8,0.8533,0.7161,0.2409
2009-11-27,11,Other,8,2.5,0.806,0.598,0.458
2009-11-28,11,Other,8,5.2,1.781,1.4702,0.6385
2009-11-29,11,Other,8,4.5,0.8846,0.7938,0.0924
2009-11-30,11,Other,8,8.6,2.5354,1.9405,-1.1069
2009-12-01,12,Other,8,7.7,3.3573,2.724,1.0838
2009-12-02,12,Other,9,2.0,0.4735,0.3604,0.0545
2009-12-03,12,Other,8,5.9,2.2499,1.7724,1.406
2009-12-04,12,Other,8,4.2,1.758,1.5367,0.514
2009-12-05,12,Other,8,6.2,2.848,2.0704,-1.9439
2009-12-06,12,Other,8,7.2,1.9573,1.692,0.2751
2009-12-07,12,Other,8,12.9,5.7749,4.6245,2.3691
2009-12-08,12,Other,8,7.6,3.3075,2.6361,1.3553
2009-12-09,12,Other,8,3.0,2.564,2.3805,0.4862
2009-12-10,12,Other,8,6.2,1.5704,1.3394,0.3943
2009-12-11,12,Other,8,6.5,1.4034,1.2532,-0.1781
2009-12-12,12,Other,8,4.0,1.4401,1.1815,0.6401
2009-12-13,12,Other,8,9.4,2.3505,2.0463,-0.7554
2009-12-14,12,Other,8,5.6,1.7435,1.1045,0.8529
2009-12-15,12,Other,8,5.1,1.0103,0.8443,0.011
2009-12-16,12,Other,8,9.6,2.5006,2.2164,1.136
2009-12-17,12,Other,8,18.3,3.5113,2.9723,-1.6572
2009-12-18,12,Other,8,13.1,7.1209,6.7783,1.2385
2009-12-19,12,Other,8,9.2,2.8421,2.4287,-0.7417
2009-12-20,12,Other,8,6.5,1.4604,1.1884,0.3581
2009-12-21,12,Other,8,10.0,4.8221,3.9464,-2.5504
2009-12-22,12,Other,8,14.5,5.4945,5.1006,0.1329
2009-12-23,12,Other,8,12.1,7.1866,6.8819,1.4752
2009-12-24,12,Other,8,13.0,7.3207,6.2039,-0.3264
2009-12-25,12,Other,8,12.9,4.0146,3.0574,-2.8073
2009-12-26,12,Other,8,13.2,5.9983,5.4945,1.9089
2009-12-27,12,Other,8,11.7,4.8347,3.856,-2.948
2009-12-28,12,Other,8,7.1,2.3603,1.9264,-0.5617
2009-12-29,12,Other,8,6.9,2.876,2.563,1.2278
2009-12-30,12,Other,8,15.8,7.0495,6.0452,1.1163
2009-12-31,12,Other,8,14.8,5.6947,4.8541,-3.7245
2010-01-01,1,Other,8,8.1,3.6768,3.3037,-0.6415
2010-01-02,1,Other,8,17.6,3.7169,2.7212,-0.5782
2010-01-03,1,Other,8,4.3,2.2647,2.0307,1.0381
2010-01-04,1,Other,8,7.3,1.7694,1.3092,-0.3567
2010-01-05,1,Other,8,9.6,3.2747,2.3234,-0.1142
2010-01-06,1,Other,8,11.3,2.2183,1.7824,-1.6415
2010-01-07,1,Other,8,14.9,2.8768,2.1531,0.9143
2010-01-08,1,Other,8,4.1,1.8472,1.5845,0.8071
2010-01-09,1,Other,8,3.3,2.0948,1.9255,0.9254
2010-01-10,1,Other,8,5.5,2.5383,2.2943,0.49
2010-01-11,1,Other,8,11.1,5.4889,4.7098,2.2023
2010-01-12,1,Other,8,8.4,1.0627,0.93,-0.0501
2010-01-13,1,Other,8,12.8,4.7871,4.1767,0.9229
2010-01-14,1,Other,8,18.0,4.8999,3.7381,1.6219
2010-01-15,1,Other,8,17.0,4.3026,3.9388,0.6457
2010-01-16,1,Other,8,12.3,3.6581,3.2308,-2.9398
2010-01-17,1,Other,8,14.7,7.2863,6.1068,2.2107
2010-01-18,1,Other,8,16.2,8.7871,7.3647,6.0219
2010-01-19,1,Other,8,8.9,4.709,4.4498,1.6955
2010-01-20,1,Other,8,5.0,1.758,1.3521,0.9092
2010-01-21,1,Other,8,3.4,0.909,0.8106,-0.4879
2010-01-22,1,Other,8,7.4,1.9372,1.6353,-1.1465
2010-01-23,1,Other,8,8.1,2.9695,2.5779,-1.6351
2010-01-24,1,Other,8,5.5,1.4523,1.2665,0.7155
2010-01-25,1,Other,8,9.5,4.4513,3.0275,-1.2718
2010-01-26,1,Other,8,8.0,3.3686,2.9914,0.3361
2010-01-27,1,Other,8,4.6,2.2558,2.0879,0.8041
2010-01-28,1,Other,8,5.8,2.4494,1.9851,1.1623
2010-01-29,1,Other,8,6.4,1.416,1.236,-0.2182
2010-01-30,1,Other,8,15.0,2.662,2.2504,0.5724
2010-01-31,1,Other,8,10.4,3.7789,3.2393,0.9788
2010-02-01,2,Other,8,4.4,2.0426,1.8436,0.4687
2010-02-02,2,Other,8,3.6,0.898,0.655,0.2407
2010-02-03,2,Other,8,8.5,0.9619,0.7862,0.4916
2010-02-04,2,Other,8,16.0,4.6935,3.6376,1.7617
2010-02-05,2,Other,8,9.0,3.6587,3.026,-1.5342
2010-02-06,2,Other,8,5.1,1.8657,1.66,0.9117
2010-02-07,2,Other,8,4.8,1.4765,1.2624,0.5809
2010-02-08,2,Other,8,3.7,1.437,1.1853,0.7648
2010-02-09,2,Other,7,3.3,0.949,0.8071,-0.0002
2010-02-10,2,Other,8,4.8,1.3549,1.1172,0.2799
2010-02-11,2,Other,8,6.0,1.4259,1.1942,-0.4484
2010-02-12,2,Other,8,7.6,1.4545,1.2858,-0.781
2010-02-13,2,Other,8,5.3,1.8944,1.6454,0.7436
2010-02-14,2,Other,8,7.6,2.2135,1.8878,-0.3935
2010-02-15,2,Other,8,10.8,2.0026,1.6051,-0.4167
2010-02-16,2,Other,8,7.2,2.2035,1.8311,0.649
2010-02-17,2,Other,8,6.6,0.8598,0.6778,0.1557
2010-02-18,2,Other,8,15.8,7.4818,6.301,-0.0614
2010-02-19,2,Other,8,12.8,4.3765,4.0048,-2.7375
2010-02-20,2,Other,8,8.1,2.4162,1.9758,0.3496
2010-02-21,2,Other,8,6.5,2.481,2.1148,-1.1431
2010-02-22,2,Other,8,8.0,2.8217,2.2314,0.9172
2010-02-23,2,Other,8,6.6,1.3429,1.0936,0.4891
2010-02-24,2,Other,8,4.6,2.827,2.6679,1.1183
2010-02-25,2,Other,8,7.5,1.6787,1.4116,-0.582
2010-02-26,2,Other,8,7.4,2.0002,1.4668,-0.6096
2010-02-27,2,Other,8,3.0,1.4374,1.3331,-0.3652
2010-02-28,2,Other,8,8.3,1.7042,1.384,0.9104
2010-03-01,3,Other,8,4.2,1.2454,0.9345,0.5383
2010-03-02,3,Other,8,5.4,2.677,2.3233,1.0789
2010-03-03,3,Other,8,3.6,2.0669,1.8047,0.789
2010-03-04,3,Other,8,4.9,1.1685,0.8703,0.6655
2010-03-05,3,Other,8,8.6,2.1198,1.486,-0.2757
2010-03-06,3,Other,8,7.0,1.4078,1.0332,0.2518
2010-03-07,3,Other,8,10.8,3.2759,2.7041,0.2157
2010-03-08,3,Other,8,7.7,0.573,0.4557,0.1448
2010-03-09,3,Other,8,9.1,1.4544,1.0834,-0.4602
2010-03-10,3,Other,8,9.7,1.3795,1.103,-0.619
2010-03-11,3,Other,8,11.5,4.3673,4.0511,-1.6938
2010-03-12,3,Other,7,19.1,10.2918,9.5073,2.74
2010-03-13,3,Other,8,4.6,1.9492,1.5613,1.2313
2010-03-14,3,Other,8,11.0,2.4248,1.9788,1.166
2010-03-15,3,Other,8,7.6,4.3475,2.4103,-1.7153
2010-03-16,3,Other,8,13.4,6.109,5.3159,1.755
2010-03-17,3,Other,8,24.0,10.7074,9.6068,-1.1277
2010-03-18,3,Other,7,19.6,8.0474,6.6077,4.2109
2010-03-19,3,Other,8,6.1,2.9239,2.3114,2.3083
2010-03-20,3,Other,8,14.6,5.5661,4.1588,2.8924
2010-03-21,3,Other,8,9.9,4.1525,3.4478,3.3231
2010-03-22,3,Other,8,7.5,1.4753,1.1081,0.1457
2010-03-23,3,Other,8,9.6,1.813,1.5165,-0.2597
2010-03-24,3,Other,8,5.2,2.011,1.6014,0.7917
2010-03-25,3,Other,8,10.1,1.6907,1.0924,-0.5058
2010-03-26,3,Other,8,10.0,3.2693,2.4594,1.7143
2010-03-27,3,Other,8,8.3,0.7982,0.676,-0.0557
2010-03-28,3,Other,8,10.4,6.2916,5.8012,4.0579
2010-03-29,3,Other,8,12.5,2.8898,2.4824,0.6364
2010-03-30,3,Other,8,6.0,1.2701,1.0557,0.4874
2010-03-31,3,Other,8,8.5,1.1037,0.8854,-0.4517
2010-04-01,4,Other,8,8.8,0.7536,0.6593,-0.0879
2010-04-02,4,Other,8,8.8,0.804,0.596,-0.3456
2010-04-03,4,Other,8,11.3,0.956,0.6578,0.2459
2010-04-04,4,Other,8,8.5,1.0101,0.8292,-0.3082
2010-04-05,4,Other,8,9.0,0.8256,0.5887,0.0542
2010-04-06,4,Other,8,10.7,2.2424,1.236,-0.856
2010-04-07,4,Other,8,7.2,4.4075,4.1478,1.3283
2010-04-08,4,Other,8,6.9,3.7385,3.1298,2.4717
2010-04-09,4,Other,8,7.6,1.4062,1.165,0.3577
2010-04-10,4,Other,8,9.0,2.6843,2.2657,1.502
2010-04-11,4,Other,8,6.2,1.1455,0.7335,0.6739
2010-04-12,4,Other,8,11.6,1.2932,1.1371,-0.3041
2010-04-13,4,Other,8,5.6,1.6122,1.1962,0.9455
2010-04-14,4,Other,8,14.7,2.1001,1.5921,-1.158
2010-04-15,4,Other,8,8.0,1.5292,1.0834,0.4404
2010-04-16,4,Other,8,7.7,3.3896,2.9863,0.3452
2010-04-17,4,Other,8,7.8,1.489,1.2633,0.9359
2010-04-18,4,Other,8,5.5,1.2997,1.1711,0.4587
2010-04-19,4,Other,8,7.5,3.5928,3.2192,1.6186
2010-04-20,4,Other,8,11.9,0.8652,0.6724,0.0253
2010-04-21,4,Other,8,14.7,2.7644,1.9438,-1.1366
2010-04-22,4,Other,8,6.7,1.6701,1.233,1.0044
2010-04-23,4,Other,8,11.1,1.6888,1.3001,0.4913
2010-04-24,4,Other,8,13.5,2.6219,2.1305,1.1825
2010-04-25,4,Other,7,15.0,1.3058,1.1394,-0.6699
2010-04-26,4,Other,8,16.6,1.1672,0.9597,-0.7049
2010-04-27,4,Other,8,16.4,1.5386,1.2154,-0.9358
2010-04-28,4,Other,8,9.9,0.6484,0.4507,-0.0999
2010-04-29,4,Other,8,15.1,1.3531,0.9351,-0.8124
2010-04-30,4,Other,8,12.2,2.5751,2.0492,1.7126
2010-05-01,5,May-Sep,8,11.8,1.3272,1.1324,-0.0836
2010-05-02,5,May-Sep,8,10.4,3.746,3.1977,2.2919
2010-05-03,5,May-Sep,8,12.4,5.7393,4.5849,4.4648
2010-05-04,5,May-Sep,8,9.4,0.695,0.5261,-0.0038
2010-05-05,5,May-Sep,8,10.5,0.6397,0.5377,-0.2834
2010-05-06,5,May-Sep,8,11.5,0.7792,0.6404,-0.1127
2010-05-07,5,May-Sep,8,9.1,1.9852,1.4575,0.9443
2010-05-08,5,May-Sep,8,11.4,1.1042,0.941,-0.2094
2010-05-09,5,May-Sep,8,11.8,1.6795,1.3248,-0.6845
2010-05-10,5,May-Sep,8,7.5,0.9231,0.7331,0.6559
2010-05-11,5,May-Sep,8,7.9,2.2997,2.1062,1.5154
2010-05-12,5,May-Sep,8,10.6,4.6033,3.8539,3.6589
2010-05-13,5,May-Sep,8,12.3,1.3771,1.084,0.3966
2010-05-14,5,May-Sep,8,17.5,10.2256,8.3789,7.5991
2010-05-15,5,May-Sep,8,5.3,1.2693,1.0535,-0.0144
2010-05-16,5,May-Sep,8,8.1,1.3432,1.2315,-0.039
2010-05-17,5,May-Sep,8,17.2,1.7208,1.3885,-0.8158
2010-05-18,5,May-Sep,8,16.0,1.5398,1.025,-0.8449
2010-05-19,5,May-Sep,8,10.5,0.9831,0.7902,-0.05
2010-05-20,5,May-Sep,8,10.3,1.4799,1.1664,0.3291
2010-05-21,5,May-Sep,8,14.8,3.1918,2.0922,-1.8315
2010-05-22,5,May-Sep,8,12.9,4.9491,4.1196,3.9471
2010-05-23,5,May-Sep,8,10.3,4.4897,3.9577,2.0987
2010-05-24,5,May-Sep,8,7.7,1.108,0.904,0.1094
2010-05-25,5,May-Sep,8,11.1,0.8776,0.7297,0.3752
2010-05-26,5,May-Sep,8,14.3,1.2858,1.044,-0.459
2010-05-27,5,May-Sep,8,12.5,1.0754,0.8728,-0.2108
2010-05-28,5,May-Sep,8,7.2,0.7396,0.6247,0.554
2010-05-29,5,May-Sep,8,5.8,0.9708,0.803,0.6419
2010-05-30,5,May-Sep,8,10.5,0.8655,0.7541,0.4667
2010-05-31,5,May-Sep,8,9.2,1.3767,1.0369,0.0566
2010-06-01,6,May-Sep,8,8.6,3.6808,2.6014,2.5978
2010-06-02,6,May-Sep,8,8.8,3.2103,2.6558,2.6558
2010-06-03,6,May-Sep,8,5.5,1.8555,1.201,1.148
2010-06-04,6,May-Sep,8,4.4,1.5021,1.2713,0.1375
2010-06-05,6,May-Sep,8,11.7,1.423,1.1383,-0.7797
2010-06-06,6,May-Sep,8,9.9,1.0129,0.7972,-0.593
2010-06-07,6,May-Sep,8,11.6,0.4296,0.3722,-0.237
2010-06-08,6,May-Sep,8,13.5,1.1605,1.023,-0.2879
2010-06-09,6,May-Sep,8,14.5,1.4065,0.9783,-0.5475
2010-06-10,6,May-Sep,8,9.7,1.7933,1.3786,0.7882
2010-06-11,6,May-Sep,8,11.3,0.7146,0.5102,-0.1449
2010-06-12,6,May-Sep,8,12.5,1.0564,0.7844,0.4624
2010-06-13,6,May-Sep,8,13.7,6.3292,5.0845,3.7324
2010-06-14,6,May-Sep,8,8.6,0.6262,0.415,-0.0447
2010-06-15,6,May-Sep,8,12.0,1.1034,0.8631,-0.5944
2010-06-16,6,May-Sep,8,12.7,1.1344,0.9368,-0.2126
2010-06-17,6,May-Sep,8,11.6,0.5677,0.4599,-0.2898
2010-06-18,6,May-Sep,8,12.0,1.1303,0.8881,-0.0661
2010-06-19,6,May-Sep,8,10.7,0.7517,0.6605,-0.3366
2010-06-20,6,May-Sep,8,9.3,1.8262,1.4234,1.0274
2010-06-21,6,May-Sep,8,7.8,2.8098,2.3135,2.2512
2010-06-22,6,May-Sep,8,8.1,5.2105,3.3008,3.2587
2010-06-23,6,May-Sep,8,10.9,3.8002,2.9552,2.9552
2010-06-24,6,May-Sep,8,5.0,2.7346,2.4244,1.9782
2010-06-25,6,May-Sep,8,6.1,3.2325,2.6276,2.1183
2010-06-26,6,May-Sep,8,10.3,0.9114,0.7493,-0.6757
2010-06-27,6,May-Sep,7,10.6,1.0442,0.6926,-0.3962
2010-06-28,6,May-Sep,8,10.9,1.579,1.2414,0.1361
2010-06-29,6,May-Sep,8,10.1,3.36,2.5323,2.4766
2010-06-30,6,May-Sep,8,12.1,1.3063,1.0429,-0.1387
2010-07-01,7,May-Sep,8,9.2,1.2425,0.9896,0.075
2010-07-02,7,May-Sep,8,12.6,0.9037,0.7505,-0.1202
2010-07-03,7,May-Sep,8,13.0,1.4668,1.1283,0.0233
2010-07-04,7,May-Sep,8,9.3,1.2306,0.9711,0.1069
2010-07-05,7,May-Sep,8,10.9,1.1473,0.881,-0.4339
2010-07-06,7,May-Sep,8,10.4,1.623,1.3539,0.8508
2010-07-07,7,May-Sep,8,12.1,1.6971,1.3445,0.1602
2010-07-08,7,May-Sep,8,9.5,1.0978,0.9402,0.2979
2010-07-09,7,May-Sep,8,8.7,0.477,0.3903,0.1391
2010-07-10,7,May-Sep,8,11.1,2.1123,1.2752,0.7113
2010-07-11,7,May-Sep,8,10.9,1.7382,1.5684,0.952
2010-07-12,7,May-Sep,8,9.9,3.3732,2.427,1.9014
2010-07-13,7,May-Sep,8,14.0,1.4857,1.0146,-0.8596
2010-07-14,7,May-Sep,8,15.8,1.7003,1.0978,-0.6321
2010-07-15,7,May-Sep,8,8.9,1.0419,0.7163,0.6047
2010-07-16,7,May-Sep,8,12.4,0.6636,0.5408,0.0386
2010-07-17,7,May-Sep,8,12.9,1.4668,1.1733,0.2027
2010-07-18,7,May-Sep,8,9.6,1.6588,1.4268,0.6012
2010-07-19,7,May-Sep,8,6.2,3.3228,2.6492,2.3644
2010-07-20,7,May-Sep,8,10.1,1.042,0.8801,-0.1279
2010-07-21,7,May-Sep,8,12.3,0.9744,0.7536,-0.326
2010-07-22,7,May-Sep,8,7.6,3.5116,2.8329,2.7726
2010-07-23,7,May-Sep,8,7.3,4.417,4.1104,2.7383
2010-07-24,7,May-Sep,8,11.4,1.8696,1.5636,-0.2381
2010-07-25,7,May-Sep,8,9.2,1.241,0.8409,-0.411
2010-07-26,7,May-Sep,8,7.8,1.6184,1.4637,-0.1716
2010-07-27,7,May-Sep,8,4.2,1.2519,1.0254,0.6459
2010-07-28,7,May-Sep,8,8.0,0.5905,0.4993,0.3062
2010-07-29,7,May-Sep,8,10.3,5.5319,4.7344,3.3717
2010-07-30,7,May-Sep,8,6.5,0.7021,0.5729,0.2582
2010-07-31,7,May-Sep,8,6.5,1.4232,1.1749,0.3933
2010-08-01,8,May-Sep,8,4.8,1.2586,0.8781,0.6519
2010-08-02,8,May-Sep,8,10.7,0.6604,0.5915,0.0961
2010-08-03,8,May-Sep,8,9.9,0.6435,0.5179,-0.239
2010-08-04,8,May-Sep,8,12.2,1.1254,0.8345,-0.3018
2010-08-05,8,May-Sep,8,9.8,0.9604,0.8143,-0.3602
2010-08-06,8,May-Sep,8,6.3,1.6301,1.3381,1.1265
2010-08-07,8,May-Sep,8,11.0,1.275,1.1064,-0.5365
2010-08-08,8,May-Sep,8,6.4,1.174,0.9467,0.9467
2010-08-09,8,May-Sep,8,10.0,0.5857,0.518,-0.4008
2010-08-10,8,May-Sep,8,9.0,3.1134,1.5541,1.4153
2010-08-11,8,May-Sep,7,18.3,5.1839,4.4263,2.6588
2010-08-12,8,May-Sep,8,9.5,0.7101,0.6337,-0.1285
2010-08-13,8,May-Sep,8,11.3,0.7589,0.6296,-0.1022
2010-08-14,8,May-Sep,8,13.6,1.8795,1.0788,-0.9513
2010-08-15,8,May-Sep,8,7.7,1.1294,0.7658,0.3544
2010-08-16,8,May-Sep,8,6.7,1.8984,1.5766,1.2115
2010-08-17,8,May-Sep,8,9.8,1.059,0.7768,-0.3503
2010-08-18,8,May-Sep,8,13.6,0.96,0.8447,-0.1646
2010-08-19,8,May-Sep,8,9.7,0.5664,0.4784,0.3652
2010-08-20,8,May-Sep,8,13.6,0.743,0.6262,-0.0279
2010-08-21,8,May-Sep,8,13.1,1.2708,1.2252,0.1282
2010-08-22,8,May-Sep,8,14.0,0.8879,0.5953,0.1331
2010-08-23,8,May-Sep,8,14.8,2.4421,1.9228,0.2372
2010-08-24,8,May-Sep,8,16.5,8.764,7.4451,6.9884
2010-08-25,8,May-Sep,8,6.8,0.9851,0.7796,0.2689
2010-08-26,8,May-Sep,8,5.9,0.695,0.5681,0.2684
2010-08-27,8,May-Sep,8,7.3,0.8299,0.6688,-0.4524
2010-08-28,8,May-Sep,8,7.5,1.3481,0.973,0.3929
2010-08-29,8,May-Sep,8,12.8,1.142,0.8149,-0.449
2010-08-30,8,May-Sep,8,10.5,0.9758,0.8711,-0.0435
2010-08-31,8,May-Sep,8,10.9,0.7377,0.5729,-0.0514
2010-09-01,9,May-Sep,8,12.4,2.1744,1.6522,-1.2043
2010-09-02,9,May-Sep,8,7.0,2.1495,1.5552,1.414
2010-09-03,9,May-Sep,8,8.2,4.9167,4.2786,3.3512
2010-09-04,9,May-Sep,8,11.4,4.4766,3.7734,3.5961
2010-09-05,9,May-Sep,8,7.4,1.2166,0.8109,0.7742
2010-09-06,9,May-Sep,8,14.0,1.0651,0.7919,-0.515
2010-09-07,9,May-Sep,8,14.5,2.2807,1.3677,-0.9401
2010-09-08,9,May-Sep,8,10.2,1.0319,0.9083,-0.3167
2010-09-09,9,May-Sep,8,14.0,1.1391,0.9877,0.1242
2010-09-10,9,May-Sep,8,9.5,1.8795,1.3685,1.1673
2010-09-11,9,May-Sep,8,16.0,1.1895,0.7452,-0.0404
2010-09-12,9,May-Sep,8,15.1,6.6987,5.6368,5.6368
2010-09-13,9,May-Sep,8,10.8,5.712,4.4594,4.1968
2010-09-14,9,May-Sep,8,8.3,0.9187,0.7871,-0.0129
2010-09-15,9,May-Sep,8,10.2,0.9178,0.7132,0.1054
2010-09-16,9,May-Sep,8,8.9,0.8201,0.5714,-0.2813
2010-09-17,9,May-Sep,8,6.5,1.7453,1.3607,1.2003
2010-09-18,9,May-Sep,8,9.7,0.8078,0.6836,-0.2418
2010-09-19,9,May-Sep,8,7.5,1.2215,0.9022,-0.5737
2010-09-20,9,May-Sep,8,5.7,0.4603,0.3831,0.0276
2010-09-21,9,May-Sep,8,12.5,2.0759,1.4663,-1.1834
2010-09-22,9,May-Sep,8,6.9,2.533,2.2284,0.9361
2010-09-23,9,May-Sep,8,8.7,0.9348,0.6966,0.1963
2010-09-24,9,May-Sep,8,9.6,1.3262,1.0402,0.3592
2010-09-25,9,May-Sep,8,12.2,0.7736,0.6336,0.3106
2010-09-26,9,May-Sep,7,9.8,0.9304,0.8561,-0.1858
2010-09-27,9,May-Sep,8,12.3,0.7534,0.6521,-0.2473
2010-09-28,9,May-Sep,8,7.4,3.2382,2.7327,2.0806
2010-09-29,9,May-Sep,8,8.7,0.6153,0.5376,-0.1307
2010-09-30,9,May-Sep,8,8.4,1.1164,0.9188,-0.0424
2010-10-01,10,Other,8,12.0,0.7272,0.5585,-0.2016
2010-10-02,10,Other,8,9.8,1.1312,0.9076,0.109
2010-10-03,10,Other,8,13.9,1.2069,0.9158,-0.0072
2010-10-04,10,Other,8,14.8,0.948,0.786,0.2081
2010-10-05,10,Other,8,9.6,1.8265,1.3759,0.2308
2010-10-06,10,Other,8,10.8,1.3006,1.0283,0.3019
2010-10-07,10,Other,8,11.3,6.7208,6.2135,2.2295
2010-10-08,10,Other,8,5.0,0.8159,0.6413,0.5741
2010-10-09,10,Other,8,3.3,1.1521,0.9842,0.5731
2010-10-10,10,Other,8,10.2,1.0005,0.8214,0.3779
2010-10-11,10,Other,8,9.9,0.8383,0.6825,0.3929
2010-10-12,10,Other,8,8.6,0.728,0.6005,0.0289
2010-10-13,10,Other,8,12.5,0.4135,0.3281,0.0542
2010-10-14,10,Other,8,11.9,0.8635,0.7355,-0.1463
2010-10-15,10,Other,8,9.5,1.0793,0.9266,0.2297
2010-10-16,10,Other,8,8.7,1.1668,0.8974,-0.0482
2010-10-17,10,Other,8,8.7,1.0295,0.6758,0.3959
2010-10-18,10,Other,8,10.3,1.021,0.8202,-0.0693
2010-10-19,10,Other,8,9.0,1.9019,1.6145,0.7979
2010-10-20,10,Other,8,6.4,1.295,1.0429,0.4792
2010-10-21,10,Other,8,6.4,3.1982,2.973,0.8749
2010-10-22,10,Other,8,6.0,3.0259,2.5315,1.2866
2010-10-23,10,Other,8,2.6,0.5302,0.4804,0.2075
2010-10-24,10,Other,8,4.5,0.4152,0.3695,-0.1473
2010-10-25,10,Other,8,5.7,0.695,0.5364,0.0247
2010-10-26,10,Other,8,6.6,0.635,0.5015,0.2953
2010-10-27,10,Other,8,7.5,0.8555,0.6873,0.2648
2010-10-28,10,Other,8,7.3,0.9787,0.8159,0.3436
2010-10-29,10,Other,8,9.6,1.3356,1.1058,0.2495
2010-10-30,10,Other,8,6.9,0.8791,0.7132,0.0522
2010-10-31,10,Other,8,10.7,1.4757,1.3095,0.7369
2010-11-01,11,Other,8,9.5,2.3902,2.0758,-0.327
2010-11-02,11,Other,8,9.1,1.856,1.6044,-0.3268
2010-11-03,11,Other,8,9.6,1.9035,1.4705,0.6061
2010-11-04,11,Other,8,8.4,4.2153,3.9109,0.3953
2010-11-05,11,Other,8,6.0,1.1132,0.9949,0.5321
2010-11-06,11,Other,8,5.7,0.6046,0.5256,-0.0069
2010-11-07,11,Other,8,6.5,1.0206,0.7328,0.1995
2010-11-08,11,Other,8,12.1,1.7493,1.5581,0.3739
2010-11-09,11,Other,8,10.5,1.3825,1.2484,-0.6515
2010-11-10,11,Other,8,6.2,2.0455,1.792,-0.0596
2010-11-11,11,Other,7,6.9,1.3774,1.0881,-0.2429
2010-11-12,11,Other,8,11.0,2.5584,2.1704,0.9524
2010-11-13,11,Other,8,6.2,1.2901,1.0268,0.279
2010-11-14,11,Other,8,7.3,1.5622,1.2523,0.1278
2010-11-15,11,Other,8,6.9,1.7758,1.3862,0.2079
2010-11-16,11,Other,8,8.8,3.1183,2.8369,-1.0894
2010-11-17,11,Other,8,3.0,1.1736,1.0386,-0.1311
2010-11-18,11,Other,8,9.5,2.2709,1.8245,0.4604
2010-11-19,11,Other,8,10.4,3.4182,2.4391,1.8157
2010-11-20,11,Other,8,6.5,1.7477,1.3608,1.1733
2010-11-21,11,Other,8,5.9,2.6173,2.0249,1.0422
2010-11-22,11,Other,8,9.8,1.6975,1.4185,0.4208
2010-11-23,11,Other,8,5.9,1.7453,1.3112,0.7231
2010-11-24,11,Other,8,5.1,1.215,0.9227,0.768
2010-11-25,11,Other,8,6.2,1.4184,1.282,0.7984
2010-11-26,11,Other,8,6.0,2.2154,1.8668,0.3823
2010-11-27,11,Other,8,8.0,1.6769,1.3766,-0.2194
2010-11-28,11,Other,8,10.7,5.2915,4.0485,0.4707
2010-11-29,11,Other,8,15.7,5.134,4.6263,-2.7612
2010-11-30,11,Other,7,16.9,8.3443,6.9033,-3.3522
2010-12-01,12,Other,8,8.1,1.725,1.5181,0.2083
2010-12-02,12,Other,9,6.7,2.2796,1.6635,1.6324
2010-12-03,12,Other,8,12.8,6.8647,6.0207,0.3097
2010-12-04,12,Other,8,7.5,4.0897,3.6217,2.4366
2010-12-05,12,Other,8,5.5,2.236,1.8375,1.0646
2010-12-06,12,Other,8,7.4,2.496,1.9955,1.2119
2010-12-07,12,Other,8,9.6,2.012,1.4076,0.613
2010-12-08,12,Other,8,12.4,3.7059,3.0701,-1.7026
2010-12-09,12,Other,8,6.2,2.0956,1.6441,0.6215
2010-12-10,12,Other,8,5.6,2.1275,1.8428,0.8972
2010-12-11,12,Other,8,8.7,3.0188,2.7375,0.7853
2010-12-12,12,Other,8,5.4,2.354,2.0018,1.0448
2010-12-13,12,Other,8,7.7,2.8362,2.3415,1.2109
2010-12-14,12,Other,8,3.6,1.1549,0.8739,0.5903
2010-12-15,12,Other,8,8.4,1.7082,1.3338,0.221
2010-12-16,12,Other,8,7.9,2.2762,2.091,-0.1964
2010-12-17,12,Other,8,12.9,3.4265,3.2357,-1.8825
2010-12-18,12,Other,8,14.0,4.6746,4.1181,1.5384
2010-12-19,12,Other,8,12.3,2.1965,1.3786,-1.2205
2010-12-20,12,Other,8,12.4,1.8357,1.55,-0.6293
2010-12-21,12,Other,8,9.2,1.6785,1.4907,-1.0444
2010-12-22,12,Other,8,5.3,1.7594,1.5179,0.8157
2010-12-23,12,Other,8,5.2,3.076,2.7654,1.6848
2010-12-24,12,Other,8,12.7,3.4621,3.0684,1.6948
2010-12-25,12,Other,8,10.8,3.2988,2.7486,-0.1221
2010-12-26,12,Other,8,7.7,3.7444,3.0785,-2.2792
2010-12-27,12,Other,8,11.6,5.6634,4.6946,0.8465
2010-12-28,12,Other,8,8.5,3.4496,2.9527,1.5898
2010-12-29,12,Other,8,10.1,4.5749,4.1637,1.578
2010-12-30,12,Other,8,8.6,2.266,1.7552,-1.0035
2010-12-31,12,Other,8,13.7,4.8417,3.8405,1.4775
2011-01-01,1,Other,8,5.3,3.1835,2.9745,1.2918
2011-01-02,1,Other,8,6.2,2.0569,1.6813,0.9673
2011-01-03,1,Other,8,4.8,1.9914,1.641,0.7534
2011-01-04,1,Other,8,4.7,1.5183,1.3393,0.2238
2011-01-05,1,Other,8,6.2,1.9429,1.7011,-1.554
2011-01-06,1,Other,8,6.4,1.7454,1.2537,0.5588
2011-01-07,1,Other,8,5.7,1.7664,1.7033,-0.1164
2011-01-08,1,Other,7,8.8,2.2977,1.911,-0.0085
2011-01-09,1,Other,8,4.9,2.2437,1.8821,1.254
2011-01-10,1,Other,8,8.0,1.7255,1.4774,-0.9792
2011-01-11,1,Other,8,13.1,4.4386,3.3262,-1.7074
2011-01-12,1,Other,8,9.7,2.8968,2.6093,-0.9871
2011-01-13,1,Other,8,6.8,3.0912,2.8405,1.0348
2011-01-14,1,Other,8,6.3,2.9593,2.5051,1.1458
2011-01-15,1,Other,8,6.9,1.6568,1.449,-0.6658
2011-01-16,1,Other,8,7.4,1.858,1.659,0.5048
2011-01-17,1,Other,8,7.8,2.0769,1.816,-0.4925
2011-01-18,1,Other,8,8.4,2.2839,1.8309,0.1354
2011-01-19,1,Other,8,13.3,5.3632,4.7587,1.6651
2011-01-20,1,Other,8,4.4,1.3366,0.9537,0.422
2011-01-21,1,Other,8,7.1,2.0723,1.7241,0.7805
2011-01-22,1,Other,8,5.5,0.4979,0.4165,-0.0537
2011-01-23,1,Other,8,11.3,2.623,2.0084,1.2183
2011-01-24,1,Other,8,4.7,1.426,1.1606,-0.7859
2011-01-25,1,Other,7,9.5,3.9406,3.1726,-1.8128
2011-01-26,1,Other,8,4.1,1.3045,1.0361,-0.0066
2011-01-27,1,Other,8,12.6,5.9334,5.1938,2.633
2011-01-28,1,Other,8,7.5,1.5462,1.2994,-0.8492
2011-01-29,1,Other,8,5.0,2.1362,1.8148,0.8498
2011-01-30,1,Other,8,6.3,1.2681,0.9819,-0.5581
2011-01-31,1,Other,8,7.5,1.5655,1.2349,0.3916
2011-02-01,2,Other,8,9.1,2.8539,2.2234,-1.3167
2011-02-02,2,Other,8,5.3,2.8347,2.5845,0.3102
2011-02-03,2,Other,8,6.8,4.6168,3.3928,-3.1792
2011-02-04,2,Other,8,8.5,3.5322,2.9919,-0.252
2011-02-05,2,Other,8,9.1,2.8395,2.0302,-1.9644
2011-02-06,2,Other,8,4.0,1.1999,0.9582,0.5185
2011-02-07,2,Other,8,2.9,1.4217,1.179,0.4525
2011-02-08,2,Other,8,3.8,0.9375,0.72,-0.1902
2011-02-09,2,Other,8,9.4,3.3364,2.6465,2.0118
2011-02-10,2,Other,8,6.3,1.5135,1.3232,-0.5053
2011-02-11,2,Other,8,7.1,2.3534,1.8034,1.3116
2011-02-12,2,Other,8,3.0,1.3987,1.1738,0.9345
2011-02-13,2,Other,8,3.2,0.4928,0.3405,-0.1723
2011-02-14,2,Other,8,8.7,1.9719,1.6965,-0.1682
2011-02-15,2,Other,8,7.2,2.1031,1.8107,0.043
2011-02-16,2,Other,8,4.7,1.9261,1.5997,1.2329
2011-02-17,2,Other,8,1.7,0.4785,0.3682,0.1774
2011-02-18,2,Other,8,5.4,1.5922,1.4631,0.4489
2011-02-19,2,Other,8,6.4,1.9737,1.4403,-0.4625
2011-02-20,2,Other,8,7.6,1.4693,1.1585,0.7572
2011-02-21,2,Other,8,3.3,1.5296,1.138,1.0952
2011-02-22,2,Other,8,3.6,1.2768,1.1229,0.649
2011-02-23,2,Other,8,2.9,1.1024,0.9655,-0.6216
2011-02-24,2,Other,8,2.7,1.3923,1.201,0.6507
2011-02-25,2,Other,8,4.0,2.564,2.2326,1.2563
2011-02-26,2,Other,8,5.5,2.1564,1.7423,1.257
2011-02-27,2,Other,8,6.3,2.2706,1.9455,0.9468
2011-02-28,2,Other,8,8.1,2.1052,1.8625,0.0046
2011-03-01,3,Other,8,7.8,1.7916,1.4571,0.2587
2011-03-02,3,Other,8,7.1,1.7271,1.4611,-0.625
2011-03-03,3,Other,8,10.1,3.2216,2.5665,-2.549
2011-03-04,3,Other,8,7.9,2.4159,1.9393,0.713
2011-03-05,3,Other,8,9.2,2.5831,2.2382,0.4818
2011-03-06,3,Other,8,7.2,1.6612,1.4968,-0.3914
2011-03-07,3,Other,8,8.5,1.3726,1.2141,-0.4961
2011-03-08,3,Other,8,7.6,2.0505,1.5599,-0.24
2011-03-09,3,Other,8,6.6,2.3828,1.633,-1.3706
2011-03-10,3,Other,8,10.9,3.5514,2.7861,0.9384
2011-03-11,3,Other,8,17.4,5.137,4.3525,1.9995
2011-03-12,3,Other,8,5.2,3.3571,2.9923,2.0514
2011-03-13,3,Other,8,7.8,1.4636,1.1854,-0.6926
2011-03-14,3,Other,8,8.7,2.1007,1.4287,-0.8825
2011-03-15,3,Other,8,10.0,3.1528,2.2196,-1.7049
2011-03-16,3,Other,8,11.1,5.2923,4.2668,3.216
2011-03-17,3,Other,7,12.3,3.0231,2.5165,0.6936
2011-03-18,3,Other,8,10.8,1.4598,1.1855,-0.0636
2011-03-19,3,Other,8,7.1,2.9746,2.7535,1.8767
2011-03-20,3,Other,8,8.0,1.3374,1.163,-0.098
2011-03-21,3,Other,8,11.2,1.5512,1.2661,0.3499
2011-03-22,3,Other,8,9.4,1.0871,0.8267,0.4379
2011-03-23,3,Other,8,10.2,1.2852,0.9375,-0.1071
2011-03-24,3,Other,8,8.8,1.2673,1.0066,0.0465
2011-03-25,3,Other,8,10.2,1.1981,1.0315,0.2302
2011-03-26,3,Other,7,7.4,1.8063,1.2695,-1.0491
2011-03-27,3,Other,8,8.2,1.5284,1.4178,-0.3293
2011-03-28,3,Other,5,6.8,1.4018,1.145,-0.8625
2011-03-29,3,Other,8,5.4,1.4171,1.0126,0.8544
2011-03-30,3,Other,8,8.3,0.9096,0.7063,0.0961
2011-03-31,3,Other,8,7.8,0.8171,0.5821,0.0442
2011-04-01,4,Other,8,8.6,0.7601,0.5793,-0.2356
2011-04-02,4,Other,8,9.3,0.9419,0.7587,-0.1885
2011-04-03,4,Other,8,8.7,3.077,1.816,1.0852
2011-04-04,4,Other,8,13.9,8.0297,6.7035,5.939
2011-04-05,4,Other,8,5.4,0.8294,0.6834,0.15
2011-04-06,4,Other,8,11.7,2.0386,1.6202,-1.3397
2011-04-07,4,Other,8,10.5,1.0533,0.8282,-0.4364
2011-04-08,4,Other,8,10.2,0.7401,0.589,-0.1287
2011-04-09,4,Other,8,15.3,3.739,2.0547,-1.6104
2011-04-10,4,Other,8,7.1,1.9445,1.6503,0.8273
2011-04-11,4,Other,8,10.9,0.9828,0.7582,-0.3679
2011-04-12,4,Other,8,9.5,0.4255,0.3732,0.3454
2011-04-13,4,Other,8,12.8,1.2356,0.8833,-0.6549
2011-04-14,4,Other,8,13.5,0.7348,0.5704,-0.5023
2011-04-15,4,Other,8,13.6,0.938,0.7239,-0.6464
2011-04-16,4,Other,8,12.1,1.2743,1.0462,-0.1718
2011-04-17,4,Other,8,10.4,0.7146,0.617,0.0895
2011-04-18,4,Other,8,9.5,2.5858,2.2467,1.9594
2011-04-19,4,Other,8,8.9,0.4368,0.4099,0.1401
2011-04-20,4,Other,8,10.4,0.933,0.727,-0.2341
2011-04-21,4,Other,8,9.1,0.9999,0.778,0.6976
2011-04-22,4,Other,8,12.4,1.3611,1.063,0.385
2011-04-23,4,Other,8,14.1,0.9445,0.8293,-0.4236
2011-04-24,4,Other,8,11.1,2.8417,2.2629,2.0459
2011-04-25,4,Other,8,13.3,1.1949,1.0613,0.5132
2011-04-26,4,Other,8,8.1,3.3997,2.9562,2.5912
2011-04-27,4,Other,8,10.7,1.2317,1.0372,0.3093
2011-04-28,4,Other,8,14.6,7.6439,7.0204,5.1935
2011-04-29,4,Other,8,11.6,1.7057,1.0579,-0.7182
2011-04-30,4,Other,8,7.2,1.0846,0.8721,-0.1477
2011-05-01,5,May-Sep,8,8.6,3.9983,3.5532,0.9961
2011-05-02,5,May-Sep,8,9.9,1.2521,1.0328,-0.847
2011-05-03,5,May-Sep,8,10.6,0.6689,0.4535,-0.3659
2011-05-04,5,May-Sep,8,11.8,0.674,0.5735,0.0173
2011-05-05,5,May-Sep,8,8.3,1.0489,0.786,-0.0046
2011-05-06,5,May-Sep,8,4.5,0.9212,0.764,0.5445
2011-05-07,5,May-Sep,8,12.4,5.3085,4.7821,0.9855
2011-05-08,5,May-Sep,8,5.3,2.1723,1.819,1.4305
2011-05-09,5,May-Sep,8,9.6,1.3591,0.9432,-0.6865
2011-05-10,5,May-Sep,8,7.0,0.6891,0.5866,0.2522
2011-05-11,5,May-Sep,8,12.2,1.4085,1.1304,-0.4864
2011-05-12,5,May-Sep,8,10.2,1.2021,0.9904,-0.3697
2011-05-13,5,May-Sep,8,8.3,1.0872,0.8391,0.6696
2011-05-14,5,May-Sep,8,12.1,0.892,0.5895,-0.5835
2011-05-15,5,May-Sep,8,13.7,2.5321,1.7379,-0.7685
2011-05-16,5,May-Sep,8,12.8,0.8946,0.6624,-0.1568
2011-05-17,5,May-Sep,8,17.0,9.1047,8.0537,5.5191
2011-05-18,5,May-Sep,8,8.9,3.2116,2.0767,1.346
2011-05-19,5,May-Sep,8,8.4,0.8165,0.6892,0.0575
2011-05-20,5,May-Sep,8,10.9,0.7506,0.5839,-0.437
2011-05-21,5,May-Sep,8,9.4,1.6152,1.3595,1.0092
2011-05-22,5,May-Sep,8,8.0,2.5084,1.8635,1.63
2011-05-23,5,May-Sep,8,10.6,1.1596,0.9403,-0.4588
2011-05-24,5,May-Sep,8,11.9,0.9679,0.7267,-0.2423
2011-05-25,5,May-Sep,8,13.8,2.0574,1.224,-1.1386
2011-05-26,5,May-Sep,8,10.3,1.6123,1.3547,0.5166
2011-05-27,5,May-Sep,8,11.1,4.6071,3.6021,3.2624
2011-05-28,5,May-Sep,8,11.2,0.9443,0.8125,-0.1549
2011-05-29,5,May-Sep,8,13.2,1.0878,0.8841,-0.1339
2011-05-30,5,May-Sep,8,14.8,1.9273,1.3641,-0.5445
2011-05-31,5,May-Sep,8,8.9,1.1302,0.986,0.3128
2011-06-01,6,May-Sep,8,10.6,3.1583,2.5781,2.4158
2011-06-02,6,May-Sep,8,6.0,0.6174,0.5023,-0.2682
2011-06-03,6,May-Sep,8,9.0,0.9196,0.7437,0.2512
2011-06-04,6,May-Sep,8,14.8,1.1466,0.9383,-0.3759
2011-06-05,6,May-Sep,8,11.2,5.5711,4.6263,4.0462
2011-06-06,6,May-Sep,8,10.8,1.1055,0.9535,-0.4469
2011-06-07,6,May-Sep,8,8.7,0.7684,0.5941,0.5941
2011-06-08,6,May-Sep,8,9.2,0.5182,0.4045,-0.1913
2011-06-09,6,May-Sep,8,9.5,1.7568,1.3085,0.4059
2011-06-10,6,May-Sep,8,7.8,1.7218,1.2926,0.7791
2011-06-11,6,May-Sep,8,10.9,0.7682,0.5293,-0.2298
2011-06-12,6,May-Sep,8,11.9,1.207,1.0224,-0.3526
2011-06-13,6,May-Sep,8,10.2,4.6376,3.5825,2.1192
2011-06-14,6,May-Sep,8,6.8,0.9697,0.8927,0.0847
2011-06-15,6,May-Sep,8,7.4,2.4885,1.9507,1.1884
2011-06-16,6,May-Sep,8,8.4,0.8438,0.6211,0.3524
2011-06-17,6,May-Sep,8,9.7,1.5514,1.2023,0.449
2011-06-18,6,May-Sep,8,6.2,2.8247,1.9417,1.6096
2011-06-19,6,May-Sep,8,6.3,1.0859,0.8305,-0.5376
2011-06-20,6,May-Sep,8,8.4,0.5322,0.4543,-0.0583
2011-06-21,6,May-Sep,8,13.6,1.7073,1.3098,0.6508
2011-06-22,6,May-Sep,8,9.8,1.1532,0.8452,-0.3225
2011-06-23,6,May-Sep,8,10.9,3.6419,2.6263,2.0928
2011-06-24,6,May-Sep,8,12.0,0.7522,0.4688,-0.2674
2011-06-25,6,May-Sep,8,13.3,0.828,0.7,-0.2228
2011-06-26,6,May-Sep,8,11.8,3.1336,2.3194,1.6999
2011-06-27,6,May-Sep,8,10.8,2.0797,1.6044,1.5729
2011-06-28,6,May-Sep,8,10.1,0.9034,0.8234,-0.009
2011-06-29,6,May-Sep,8,9.4,1.2902,1.0804,0.3216
2011-06-30,6,May-Sep,8,8.8,1.618,1.3409,0.3423
2011-07-01,7,May-Sep,8,8.5,3.3137,2.489,1.9454
2011-07-02,7,May-Sep,8,10.2,0.9404,0.6717,0.3593
2011-07-03,7,May-Sep,8,10.9,2.2738,1.8695,1.5481
2011-07-04,7,May-Sep,8,10.9,1.0636,0.8099,-0.4428
2011-07-05,7,May-Sep,8,9.5,0.9348,0.783,-0.529
2011-07-06,7,May-Sep,8,9.8,1.0408,0.8707,-0.5129
2011-07-07,7,May-Sep,8,10.4,0.5694,0.5173,-0.2156
2011-07-08,7,May-Sep,8,8.2,0.6655,0.5207,0.2441
2011-07-09,7,May-Sep,8,9.7,0.9064,0.8363,-0.1642
2011-07-10,7,May-Sep,8,9.5,0.7509,0.6311,0.1022
2011-07-11,7,May-Sep,8,11.9,0.8694,0.6944,-0.2146
2011-07-12,7,May-Sep,8,13.9,1.068,0.7707,-0.6422
2011-07-13,7,May-Sep,8,14.2,0.8645,0.7193,0.0818
2011-07-14,7,May-Sep,8,11.3,4.2021,3.7381,3.2434
2011-07-15,7,May-Sep,8,11.1,5.3864,4.7396,3.5085
2011-07-16,7,May-Sep,8,3.7,1.4575,1.1717,1.08
2011-07-17,7,May-Sep,8,10.6,1.2024,1.0681,-0.1004
2011-07-18,7,May-Sep,8,12.6,0.965,0.6772,-0.4851
2011-07-19,7,May-Sep,8,12.3,0.8755,0.7189,0.2522
2011-07-20,7,May-Sep,8,8.9,5.2574,4.5834,3.9157
2011-07-21,7,May-Sep,8,11.7,1.379,1.1632,-0.3101
2011-07-22,7,May-Sep,8,11.0,0.7295,0.5884,-0.3906
2011-07-23,7,May-Sep,8,12.4,1.5625,1.1922,-0.5163
2011-07-24,7,May-Sep,8,8.0,0.5802,0.5147,0.4549
2011-07-25,7,May-Sep,8,8.7,1.5192,1.3313,0.9578
2011-07-26,7,May-Sep,8,6.1,3.5896,3.0587,2.7961
2011-07-27,7,May-Sep,8,10.8,1.0439,0.7115,-0.2696
2011-07-28,7,May-Sep,8,13.5,0.8752,0.7924,-0.0004
2011-07-29,7,May-Sep,8,13.3,1.0541,0.7218,-0.4252
2011-07-30,7,May-Sep,8,11.5,1.0253,0.7772,0.103
2011-07-31,7,May-Sep,8,9.2,1.0337,0.7292,-0.3335
2011-08-01,8,May-Sep,8,6.7,2.7972,2.214,2.105
2011-08-02,8,May-Sep,8,9.8,0.6767,0.6005,0.1391
2011-08-03,8,May-Sep,8,11.2,3.0282,2.0884,1.4082
2011-08-04,8,May-Sep,8,11.1,0.9029,0.7692,-0.3096
2011-08-05,8,May-Sep,8,11.7,0.6371,0.5396,-0.0226
2011-08-06,8,May-Sep,8,12.2,2.1941,1.681,1.2382
2011-08-07,8,May-Sep,8,12.3,0.9553,0.9101,-0.0039
2011-08-08,8,May-Sep,8,8.1,5.6016,4.1183,4.1183
2011-08-09,8,May-Sep,8,8.1,0.9635,0.8575,-0.4727
2011-08-10,8,May-Sep,8,10.2,1.0606,0.8349,-0.5793
2011-08-11,8,May-Sep,8,8.0,2.5375,1.9613,1.8197
2011-08-12,8,May-Sep,8,9.0,0.7194,0.5933,-0.1178
2011-08-13,8,May-Sep,8,8.3,1.1604,0.8278,-0.4116
2011-08-14,8,May-Sep,8,9.0,1.0995,0.9484,-0.0761
2011-08-15,8,May-Sep,8,11.6,0.8522,0.6954,-0.362
2011-08-16,8,May-Sep,8,13.4,2.1473,1.4448,-1.3019
2011-08-17,8,May-Sep,8,9.8,1.3782,1.0206,0.3997
2011-08-18,8,May-Sep,8,7.0,2.4118,1.8013,1.5929
2011-08-19,8,May-Sep,8,12.7,0.7038,0.6097,0.016
2011-08-20,8,May-Sep,8,12.7,0.9307,0.7496,-0.2027
2011-08-21,8,May-Sep,8,9.2,4.7699,3.9199,3.0185
2011-08-22,8,May-Sep,8,9.3,3.4742,2.7929,0.3513
2011-08-23,8,May-Sep,8,12.8,1.375,1.0858,-0.5844
2011-08-24,8,May-Sep,8,12.8,0.4319,0.3554,-0.0534
2011-08-25,8,May-Sep,8,14.5,1.3138,0.961,-0.2396
2011-08-26,8,May-Sep,8,13.1,4.8069,3.9956,3.6325
2011-08-27,8,May-Sep,8,12.2,6.157,5.0346,2.6916
2011-08-28,8,May-Sep,8,3.1,0.7796,0.6619,-0.4633
2011-08-29,8,May-Sep,8,3.5,0.7243,0.6273,0.0832
2011-08-30,8,May-Sep,8,8.1,0.9471,0.8297,0.1443
2011-08-31,8,May-Sep,8,8.1,1.3982,1.0003,-0.8725
2011-09-01,9,May-Sep,8,6.6,2.039,1.5953,0.2953
2011-09-02,9,May-Sep,8,10.4,1.1154,0.7631,-0.4221
2011-09-03,9,May-Sep,8,10.7,0.5778,0.4237,-0.0924
2011-09-04,9,May-Sep,8,10.8,0.8035,0.6546,0.0884
2011-09-05,9,May-Sep,8,8.5,0.584,0.5072,0.2147
2011-09-06,9,May-Sep,8,10.3,1.3557,0.9672,-0.0063
2011-09-07,9,May-Sep,8,10.1,1.1034,0.7489,-0.1851
2011-09-08,9,May-Sep,8,10.7,0.6671,0.5237,0.0032
2011-09-09,9,May-Sep,8,10.5,1.5637,1.2134,-0.5881
2011-09-10,9,May-Sep,8,9.4,1.3415,1.0713,0.3185
2011-09-11,9,May-Sep,8,8.2,1.3585,1.1431,0.6274
2011-09-12,9,May-Sep,8,8.9,1.1087,0.8868,-0.1484
2011-09-13,9,May-Sep,8,8.9,1.1357,0.9977,0.2591
2011-09-14,9,May-Sep,8,10.1,1.1177,0.8676,0.1251
2011-09-15,9,May-Sep,8,11.5,1.0416,0.7868,-0.113
2011-09-16,9,May-Sep,8,11.8,1.6475,1.2226,-0.8866
2011-09-17,9,May-Sep,8,5.8,2.3565,2.0048,1.3861
2011-09-18,9,May-Sep,8,9.3,0.9594,0.8774,-0.498
2011-09-19,9,May-Sep,8,10.9,0.7043,0.6505,-0.3673
2011-09-20,9,May-Sep,8,11.9,0.736,0.6115,-0.3908
2011-09-21,9,May-Sep,8,12.5,1.0629,0.6038,-0.1334
2011-09-22,9,May-Sep,8,10.6,3.3727,2.8544,2.3934
2011-09-23,9,May-Sep,8,10.2,0.7309,0.5592,-0.3698
2011-09-24,9,May-Sep,8,11.1,0.8597,0.6431,-0.1081
2011-09-25,9,May-Sep,8,7.3,1.8509,1.6041,1.1993
2011-09-26,9,May-Sep,7,7.7,1.4403,1.2166,0.3938
2011-09-27,9,May-Sep,8,10.9,1.0768,0.8383,0.1462
2011-09-28,9,May-Sep,8,12.7,0.9752,0.7423,-0.0782
2011-09-29,9,May-Sep,8,13.0,0.8314,0.7156,0.1301
2011-09-30,9,May-Sep,8,8.0,1.7308,1.5242,0.6799
2011-10-01,10,Other,8,11.4,0.5881,0.4388,-0.199
2011-10-02,10,Other,8,14.7,2.1697,1.5049,-0.8427
2011-10-03,10,Other,8,11.9,2.2755,1.6968,-1.6415
2011-10-04,10,Other,8,6.1,2.0058,1.7213,0.2833
2011-10-05,10,Other,8,10.7,2.2236,1.77,-0.0126
2011-10-06,10,Other,8,9.9,1.943,1.666,0.8903
2011-10-07,10,Other,8,5.5,1.1536,1.0022,0.1629
2011-10-08,10,Other,8,7.3,0.5715,0.4501,0.3047
2011-10-09,10,Other,8,8.9,4.5594,4.2038,1.0376
2011-10-10,10,Other,8,7.6,1.326,1.0066,-0.5651
2011-10-11,10,Other,8,5.1,0.8114,0.6318,-0.1021
2011-10-12,10,Other,8,10.4,1.1112,0.8448,0.2196
2011-10-13,10,Other,8,9.9,0.9392,0.7064,-0.0458
2011-10-14,10,Other,8,11.5,0.953,0.7219,0.2425
2011-10-15,10,Other,8,9.5,0.9104,0.5806,-0.0703
2011-10-16,10,Other,8,12.4,1.3347,1.0979,-0.1304
2011-10-17,10,Other,8,11.6,1.0388,0.8594,0.1154
2011-10-18,10,Other,8,11.5,1.172,0.9502,0.2737
2011-10-19,10,Other,8,7.1,1.0604,0.9061,-0.0804
2011-10-20,10,Other,8,8.1,2.5197,2.0759,1.4139
2011-10-21,10,Other,8,4.6,1.0469,0.6723,0.3828
2011-10-22,10,Other,8,5.9,1.2329,0.869,0.8655
2011-10-23,10,Other,8,7.6,1.201,0.9021,-0.2195
2011-10-24,10,Other,8,7.8,0.9685,0.7674,0.0672
2011-10-25,10,Other,8,9.5,0.8745,0.7446,-0.2963
2011-10-26,10,Other,8,10.4,0.7654,0.5457,0.0718
2011-10-27,10,Other,8,11.0,1.2582,1.1268,-0.3233
2011-10-28,10,Other,8,10.3,4.3838,3.6239,0.9376
2011-10-29,10,Other,8,5.1,2.2623,1.9272,1.3364
2011-10-30,10,Other,8,4.4,2.1501,1.6836,1.4271
2011-10-31,10,Other,8,6.5,0.9569,0.7577,0.091
2011-11-01,11,Other,8,5.2,0.8603,0.5333,-0.3156
2011-11-02,11,Other,8,5.7,0.77,0.712,0.2827
2011-11-03,11,Other,8,6.4,0.8047,0.5466,0.1707
2011-11-04,11,Other,8,4.4,0.7467,0.6432,-0.3995
2011-11-05,11,Other,8,4.8,0.7059,0.5378,0.3032
2011-11-06,11,Other,8,8.5,1.1496,0.9905,0.1672
2011-11-07,11,Other,8,9.3,3.639,2.9021,-2.7283
2011-11-08,11,Other,8,8.8,5.3425,5.0743,-1.0462
2011-11-09,11,Other,8,5.7,3.5872,3.4604,0.1449
2011-11-10,11,Other,8,2.6,0.3921,0.3134,0.0399
2011-11-11,11,Other,8,6.7,1.1433,0.8376,-0.2022
2011-11-12,11,Other,8,8.9,1.9703,1.5227,1.0266
2011-11-13,11,Other,8,11.2,1.8844,1.5189,0.4724
2011-11-14,11,Other,8,9.4,5.0537,4.4994,0.051
2011-11-15,11,Other,8,3.9,1.82,1.4298,1.1229
2011-11-16,11,Other,8,2.6,1.1275,0.9782,-0.0821
2011-11-17,11,Other,8,3.0,0.5723,0.5416,-0.1561
2011-11-18,11,Other,8,4.5,1.0008,0.9298,-0.0431
2011-11-19,11,Other,8,5.2,1.1821,0.8813,0.1766
2011-11-20,11,Other,8,8.9,2.1874,1.704,0.4967
2011-11-21,11,Other,8,4.7,2.2242,1.8003,0.5624
2011-11-22,11,Other,8,3.4,0.572,0.4364,0.2366
2011-11-23,11,Other,8,3.7,1.3177,0.9489,0.4293
2011-11-24,11,Other,8,1.9,0.8571,0.7199,0.0856
2011-11-25,11,Other,8,2.4,0.5681,0.4303,-0.2333
2011-11-26,11,Other,8,2.5,1.2925,1.1408,0.2468
2011-11-27,11,Other,8,2.0,0.9743,0.918,0.0264
2011-11-28,11,Other,8,3.7,0.8966,0.6338,0.1069
2011-11-29,11,Other,8,2.4,0.7724,0.6331,0.3867
2011-11-30,11,Other,8,2.6,1.0343,0.8314,0.5479
2011-12-01,12,Other,8,1.4,0.5507,0.4037,0.2982
2011-12-02,12,Other,9,1.7,0.2908,0.2299,-0.1148
2011-12-03,12,Other,8,2.2,0.8924,0.7324,0.2327
2011-12-04,12,Other,8,3.1,1.644,1.475,0.4481
2011-12-05,12,Other,8,1.4,0.3667,0.3209,0.1083
2011-12-06,12,Other,8,2.1,0.9378,0.7276,0.599
2011-12-07,12,Other,8,2.0,1.1108,0.8277,0.6423
2011-12-08,12,Other,8,2.6,1.1336,1.0093,0.564
2011-12-09,12,Other,8,2.3,0.6742,0.5538,0.2332
2011-12-10,12,Other,8,8.3,2.3892,2.0569,0.3651
2011-12-11,12,Other,8,6.1,1.3551,1.1685,-0.1885
2011-12-12,12,Other,8,7.5,3.3193,2.4916,1.2768
2011-12-13,12,Other,8,8.4,3.0406,2.4242,-2.2745
2011-12-14,12,Other,8,6.9,2.7553,2.2988,1.2512
2011-12-15,12,Other,8,6.8,3.5457,3.2238,-1.1938
2011-12-16,12,Other,8,3.5,1.9101,1.7328,1.0829
2011-12-17,12,Other,8,3.6,1.6478,1.3705,1.0502
2011-12-18,12,Other,8,5.2,1.8869,1.5223,1.0132
2011-12-19,12,Other,8,3.4,0.6891,0.6369,-0.2122
2011-12-20,12,Other,8,2.5,1.2541,1.0838,0.5628
2011-12-21,12,Other,8,4.4,2.4355,2.2321,0.7918
2011-12-22,12,Other,8,9.7,1.8322,1.6099,-0.2679
2011-12-23,12,Other,8,6.3,3.1204,2.8705,1.0325
2011-12-24,12,Other,8,5.6,1.5921,1.2125,-0.0436
2011-12-25,12,Other,8,8.9,2.6651,2.4741,-1.101
2011-12-26,12,Other,8,7.6,2.154,1.9201,-0.1346
2011-12-27,12,Other,8,9.1,2.8692,2.5249,0.0099
2011-12-28,12,Other,8,11.8,2.829,2.4566,-1.4047
2011-12-29,12,Other,8,8.6,3.359,2.5541,0.7709
2011-12-30,12,Other,8,10.5,4.1095,3.216,1.9506
2011-12-31,12,Other,8,6.7,3.4444,2.7921,-2.7194
2012-01-01,1,Other,8,8.4,3.6003,3.0703,1.225
2012-01-02,1,Other,8,3.8,1.8832,1.6483,0.8098
2012-01-03,1,Other,8,4.4,1.3609,1.1687,-0.7563
2012-01-04,1,Other,8,5.6,1.4811,1.23,0.2738
2012-01-05,1,Other,8,8.3,2.0732,1.7268,-0.4243
2012-01-06,1,Other,8,9.7,2.6078,2.1443,0.6063
2012-01-07,1,Other,8,9.2,3.7919,3.2434,1.7057
2012-01-08,1,Other,8,6.4,2.0286,1.6714,0.4749
2012-01-09,1,Other,8,6.8,2.3741,2.1364,0.8622
2012-01-10,1,Other,8,4.4,0.9643,0.6216,0.352
2012-01-11,1,Other,8,6.4,1.3941,1.1668,-0.4686
2012-01-12,1,Other,8,6.8,2.5766,2.0141,1.5696
2012-01-13,1,Other,8,7.8,3.0556,2.5744,1.4432
2012-01-14,1,Other,8,10.3,1.6935,1.5164,-0.5813
2012-01-15,1,Other,8,5.4,2.1839,1.7404,-0.5048
2012-01-16,1,Other,8,14.5,2.5977,2.2123,-0.6709
2012-01-17,1,Other,8,4.9,1.7094,1.4536,-0.0297
2012-01-18,1,Other,8,5.4,2.6295,2.4469,1.2906
2012-01-19,1,Other,8,7.3,3.8718,3.6418,1.4599
2012-01-20,1,Other,8,2.8,1.0224,0.9017,0.1731
2012-01-21,1,Other,8,2.9,0.7633,0.6465,-0.0316
2012-01-22,1,Other,8,6.3,1.1698,0.9527,0.1967
2012-01-23,1,Other,8,7.4,1.3884,1.1587,-0.0921
2012-01-24,1,Other,8,8.4,2.9386,2.3715,0.7391
2012-01-25,1,Other,8,9.5,1.8791,1.6278,0.5907
2012-01-26,1,Other,8,6.1,1.4898,1.173,0.6742
2012-01-27,1,Other,8,6.8,2.4015,2.1083,0.962
2012-01-28,1,Other,8,9.4,3.0155,2.7309,0.8652
2012-01-29,1,Other,8,10.2,2.1441,1.7811,0.2881
2012-01-30,1,Other,8,14.3,3.629,3.0819,-0.2878
2012-01-31,1,Other,8,8.9,2.4104,2.0496,-0.6245
2012-02-01,2,Other,8,5.6,2.5449,2.184,1.0397
2012-02-02,2,Other,8,12.0,2.6373,2.2608,-0.4436
2012-02-03,2,Other,8,6.7,1.4403,1.0405,-0.0363
2012-02-04,2,Other,8,8.3,2.2726,1.7475,-1.0913
2012-02-05,2,Other,8,3.2,0.9407,0.8156,0.2448
2012-02-06,2,Other,8,5.4,1.4407,1.1842,-0.4413
2012-02-07,2,Other,8,4.4,2.1125,1.7529,0.9388
2012-02-08,2,Other,8,6.1,1.5272,1.3663,0.2821
2012-02-09,2,Other,8,5.0,0.8075,0.6475,-0.2839
2012-02-10,2,Other,8,9.4,1.7564,1.5454,-0.0431
2012-02-11,2,Other,8,9.6,2.3927,2.004,0.7425
2012-02-12,2,Other,8,6.0,1.4593,1.1263,0.0064
2012-02-13,2,Other,8,5.2,1.4382,1.2863,0.3857
2012-02-14,2,Other,8,7.8,1.8882,1.5862,-0.1526
2012-02-15,2,Other,8,4.3,1.0396,0.8738,0.1717
2012-02-16,2,Other,8,6.6,1.0325,0.8503,0.2752
2012-02-17,2,Other,8,10.3,1.5555,1.3522,-0.0398
2012-02-18,2,Other,8,11.9,1.5465,1.2288,-0.2481
2012-02-19,2,Other,8,8.9,2.2908,2.0895,0.3224
2012-02-20,2,Other,8,9.6,3.2593,2.3092,-1.9357
2012-02-21,2,Other,8,7.2,2.2193,2.0396,-0.3956
2012-02-22,2,Other,8,2.0,0.7781,0.6698,0.198
2012-02-23,2,Other,8,4.0,1.8298,1.4499,0.612
2012-02-24,2,Other,8,5.1,1.8165,1.4622,0.8374
2012-02-25,2,Other,8,5.9,0.6529,0.5216,-0.012
2012-02-26,2,Other,8,12.3,2.7335,2.2398,0.6435
2012-02-27,2,Other,8,4.2,0.6217,0.517,0.4437
2012-02-28,2,Other,8,10.6,1.9516,1.6815,0.1711
2012-02-29,2,Other,8,6.6,1.7445,1.281,0.8978
2012-03-01,3,Other,8,8.2,1.8821,1.5171,-0.6348
2012-03-02,3,Other,8,7.1,1.6789,1.4203,0.731
2012-03-03,3,Other,8,7.1,1.1984,1.017,-0.1005
2012-03-04,3,Other,8,10.6,2.5654,1.8979,1.2034
2012-03-05,3,Other,8,10.6,1.6711,1.2399,-0.4501
2012-03-06,3,Other,8,5.6,1.2675,1.002,-0.2539
2012-03-07,3,Other,8,6.4,1.2491,1.1065,0.0545
2012-03-08,3,Other,8,7.1,1.648,1.3257,0.354
2012-03-09,3,Other,8,7.9,1.3579,1.1994,0.1888
2012-03-10,3,Other,8,4.8,0.9335,0.6704,0.3701
2012-03-11,3,Other,8,2.9,0.6258,0.4475,0.4436
2012-03-12,3,Other,8,7.7,1.0462,0.763,0.5972
2012-03-13,3,Other,8,4.6,0.586,0.4835,-0.2156
2012-03-14,3,Other,8,4.0,1.3016,1.1846,0.5255
2012-03-15,3,Other,8,6.9,0.7967,0.6565,0.0295
2012-03-16,3,Other,8,6.3,0.6394,0.5508,-0.0287
2012-03-17,3,Other,8,8.6,1.0153,0.8764,0.1299
2012-03-18,3,Other,8,9.7,2.526,1.604,-1.3481
2012-03-19,3,Other,8,12.1,6.4355,5.8267,3.6887
2012-03-20,3,Other,8,4.6,1.8846,1.563,1.5428
2012-03-21,3,Other,8,8.9,1.3528,1.0181,-0.6785
2012-03-22,3,Other,8,11.0,1.9432,1.2887,-0.5704
2012-03-23,3,Other,8,9.6,1.9095,1.4497,-0.0163
2012-03-24,3,Other,8,10.8,0.6498,0.4978,-0.1791
2012-03-25,3,Other,8,9.1,0.8481,0.6974,-0.0599
2012-03-26,3,Other,8,9.2,1.5405,1.1464,-0.7435
2012-03-27,3,Other,8,6.2,3.3731,3.1137,1.5153
2012-03-28,3,Other,8,10.1,0.8044,0.6012,0.2178
2012-03-29,3,Other,8,11.4,1.6219,1.2553,-0.6927
2012-03-30,3,Other,8,8.4,2.9611,2.3128,-0.563
2012-03-31,3,Other,7,9.7,1.3882,1.1772,0.2045
2012-04-01,4,Other,8,7.6,0.8771,0.688,0.23
2012-04-02,4,Other,8,7.8,1.4618,1.1873,0.6195
2012-04-03,4,Other,8,10.8,0.8575,0.6421,-0.2182
2012-04-04,4,Other,8,8.7,1.3725,1.2155,0.9194
2012-04-05,4,Other,8,11.9,0.7005,0.6249,0.071
2012-04-06,4,Other,8,10.8,1.606,1.1756,-0.6638
2012-04-07,4,Other,8,10.1,1.0281,0.7072,-0.4529
2012-04-08,4,Other,8,11.2,1.1238,0.9282,-0.4308
2012-04-09,4,Other,8,13.1,7.4616,6.3886,5.1745
2012-04-10,4,Other,8,10.1,0.809,0.6866,-0.3129
2012-04-11,4,Other,8,11.8,1.212,1.0887,0.0697
2012-04-12,4,Other,8,11.1,0.7087,0.5487,0.0165
2012-04-13,4,Other,8,9.8,1.0565,0.7148,-0.2595
2012-04-14,4,Other,8,8.4,0.6528,0.5639,0.3511
2012-04-15,4,Other,8,10.9,0.6438,0.5143,-0.2297
2012-04-16,4,Other,8,11.1,0.9848,0.7684,-0.5004
2012-04-17,4,Other,8,8.5,1.3752,1.1614,0.2873
2012-04-18,4,Other,8,8.9,1.2977,1.0741,0.3901
2012-04-19,4,Other,8,12.2,0.9045,0.7969,-0.2004
2012-04-20,4,Other,8,13.2,0.841,0.6778,-0.1217
2012-04-21,4,Other,8,13.3,1.1324,0.8434,-0.2036
2012-04-22,4,Other,8,15.4,7.7546,6.763,6.2504
2012-04-23,4,Other,8,7.3,1.4521,1.2026,1.0723
2012-04-24,4,Other,8,13.6,1.757,1.2814,-0.9743
2012-04-25,4,Other,8,12.6,1.2354,1.011,-0.5817
2012-04-26,4,Other,8,13.0,0.8007,0.6214,-0.1887
2012-04-27,4,Other,8,9.8,0.8979,0.6844,-0.3876
2012-04-28,4,Other,8,10.4,0.5761,0.4362,-0.2952
2012-04-29,4,Other,8,9.7,1.8117,1.5502,1.3325
2012-04-30,4,Other,8,10.5,4.0248,3.3015,0.7507
2012-05-01,5,May-Sep,8,12.2,1.2362,0.9155,-0.7529
2012-05-02,5,May-Sep,8,13.2,0.8456,0.7584,-0.0201
2012-05-03,5,May-Sep,8,9.2,0.8058,0.6444,-0.2295
2012-05-04,5,May-Sep,8,7.5,3.5911,3.2897,2.4922
2012-05-05,5,May-Sep,8,13.1,1.4867,1.3956,-0.4683
2012-05-06,5,May-Sep,8,13.3,1.3854,1.0119,-0.8977
2012-05-07,5,May-Sep,8,14.6,3.634,3.4508,1.084
2012-05-08,5,May-Sep,8,8.6,1.2545,1.1221,0.2943
2012-05-09,5,May-Sep,8,7.4,2.5801,1.5576,1.5052
2012-05-10,5,May-Sep,8,14.2,5.2123,4.0668,3.9676
2012-05-11,5,May-Sep,8,14.7,1.6144,1.2987,-0.7913
2012-05-12,5,May-Sep,8,14.3,1.1978,0.9552,-0.5836
2012-05-13,5,May-Sep,8,12.3,0.5473,0.4884,-0.2813
2012-05-14,5,May-Sep,8,15.7,1.5368,0.9896,-0.7331
2012-05-15,5,May-Sep,8,13.8,1.2425,0.8863,-0.2321
2012-05-16,5,May-Sep,8,10.0,2.1775,1.7176,1.4664
2012-05-17,5,May-Sep,8,11.0,1.3274,1.1023,-0.5754
2012-05-18,5,May-Sep,8,11.5,1.1911,0.9584,-0.1732
2012-05-19,5,May-Sep,8,7.5,4.9386,3.3716,3.2122
2012-05-20,5,May-Sep,8,13.4,6.2347,5.5117,3.2092
2012-05-21,5,May-Sep,8,11.6,1.3719,0.9041,-0.5866
2012-05-22,5,May-Sep,8,11.3,1.4103,1.0946,-0.5845
2012-05-23,5,May-Sep,8,8.5,0.9634,0.68,0.3984
2012-05-24,5,May-Sep,8,13.2,1.1688,0.9061,-0.4869
2012-05-25,5,May-Sep,8,10.3,0.7492,0.6351,0.5541
2012-05-26,5,May-Sep,8,12.1,5.3191,3.6224,3.2691
2012-05-27,5,May-Sep,8,7.9,0.3596,0.2862,0.0928
2012-05-28,5,May-Sep,8,12.0,0.911,0.7589,-0.1581
2012-05-29,5,May-Sep,8,13.3,1.7595,1.3625,-0.688
2012-05-30,5,May-Sep,8,10.1,0.7569,0.4989,-0.2994
2012-05-31,5,May-Sep,8,7.6,3.0922,2.7663,2.5262
2012-06-01,6,May-Sep,8,8.1,0.9597,0.7894,0.3529
2012-06-02,6,May-Sep,8,6.7,0.9272,0.7733,0.1748
2012-06-03,6,May-Sep,8,8.6,2.5349,2.1569,1.0081
2012-06-04,6,May-Sep,8,9.0,1.3655,1.0961,-0.6421
2012-06-05,6,May-Sep,8,8.7,2.5985,2.1078,1.0663
2012-06-06,6,May-Sep,8,10.6,1.2462,0.8952,0.5768
2012-06-07,6,May-Sep,8,10.9,0.6664,0.522,-0.2254
2012-06-08,6,May-Sep,8,12.4,1.8588,1.3435,-0.7361
2012-06-09,6,May-Sep,8,9.6,1.4267,1.0216,0.4233
2012-06-10,6,May-Sep,8,9.1,1.3924,1.0275,0.4631
2012-06-11,6,May-Sep,8,5.3,2.6042,2.1205,1.7449
2012-06-12,6,May-Sep,8,9.1,1.1422,0.9791,-0.4709
2012-06-13,6,May-Sep,8,9.1,0.8412,0.6416,0.5555
2012-06-14,6,May-Sep,8,6.9,1.5986,1.2466,0.8507
2012-06-15,6,May-Sep,8,9.8,0.7339,0.5539,-0.1493
2012-06-16,6,May-Sep,8,10.9,1.4807,1.15,0.6923
2012-06-17,6,May-Sep,8,7.4,2.3848,1.4828,1.0905
2012-06-18,6,May-Sep,8,12.0,1.6044,1.2462,-0.9406
2012-06-19,6,May-Sep,8,11.7,0.8593,0.6003,-0.4357
2012-06-20,6,May-Sep,8,8.2,1.9597,1.6598,1.3115
2012-06-21,6,May-Sep,8,9.3,1.585,0.9796,0.4521
2012-06-22,6,May-Sep,8,10.9,1.3608,0.9958,-0.8323
2012-06-23,6,May-Sep,8,11.7,0.632,0.5555,-0.1125
2012-06-24,6,May-Sep,8,7.7,2.9685,2.485,2.3342
2012-06-25,6,May-Sep,8,6.4,2.2408,1.6366,1.2502
2012-06-26,6,May-Sep,8,10.1,1.0033,0.6745,-0.1573
2012-06-27,6,May-Sep,8,10.4,0.5507,0.5033,-0.1139
2012-06-28,6,May-Sep,8,13.1,1.0171,0.6471,0.5638
2012-06-29,6,May-Sep,8,9.9,3.0782,2.4441,2.282
2012-06-30,6,May-Sep,8,4.3,1.7983,1.4205,1.1426
2012-07-01,7,May-Sep,8,12.3,1.452,1.0339,-0.9024
2012-07-02,7,May-Sep,8,10.5,1.7194,1.3144,1.176
2012-07-03,7,May-Sep,8,11.5,4.3711,2.9929,2.4464
2012-07-04,7,May-Sep,8,6.9,1.9211,1.6063,1.1106
2012-07-05,7,May-Sep,8,10.2,0.3928,0.3443,0.0087
2012-07-06,7,May-Sep,8,6.5,2.1788,1.8744,1.734
2012-07-07,7,May-Sep,8,10.0,1.25,0.9686,-0.516
2012-07-08,7,May-Sep,8,10.5,0.9944,0.7713,0.1407
2012-07-09,7,May-Sep,8,11.1,0.5011,0.4354,0.0488
2012-07-10,7,May-Sep,8,10.0,1.1619,0.9362,0.0333
2012-07-11,7,May-Sep,8,8.4,1.0031,0.6787,0.3334
2012-07-12,7,May-Sep,8,9.7,3.3244,2.5897,2.53
2012-07-13,7,May-Sep,8,8.3,4.1555,3.6712,2.1729
2012-07-14,7,May-Sep,8,9.7,0.6219,0.5363,-0.1428
2012-07-15,7,May-Sep,8,9.7,1.329,1.0986,0.5893
2012-07-16,7,May-Sep,8,9.5,0.6425,0.5281,-0.0573
2012-07-17,7,May-Sep,8,6.7,1.0082,0.7907,-0.2483
2012-07-18,7,May-Sep,8,8.4,0.9043,0.7756,0.7756
2012-07-19,7,May-Sep,8,10.0,1.0353,0.8452,-0.4544
2012-07-20,7,May-Sep,8,9.9,0.9571,0.8723,-0.1125
2012-07-21,7,May-Sep,8,7.6,1.8455,1.3234,0.8351
2012-07-22,7,May-Sep,8,10.2,1.0348,0.7442,-0.5217
2012-07-23,7,May-Sep,8,8.4,1.0044,0.7868,0.6351
2012-07-24,7,May-Sep,8,8.2,1.5601,1.212,0.8141
2012-07-25,7,May-Sep,8,9.2,0.8811,0.7002,-0.1177
2012-07-26,7,May-Sep,8,8.0,0.6039,0.4281,0.3874
2012-07-27,7,May-Sep,8,9.0,0.7056,0.5185,-0.1586
2012-07-28,7,May-Sep,8,14.2,5.3789,4.7531,2.7833
2012-07-29,7,May-Sep,8,7.3,0.5031,0.435,-0.1721
2012-07-30,7,May-Sep,8,10.0,0.651,0.5387,-0.2517
2012-07-31,7,May-Sep,8,11.3,0.6373,0.5769,-0.1698
2012-08-01,8,May-Sep,8,9.6,1.2417,1.019,-0.1875
2012-08-02,8,May-Sep,8,8.3,3.6156,2.7162,2.1366
2012-08-03,8,May-Sep,8,10.1,3.2031,2.5781,2.1584
2012-08-04,8,May-Sep,8,9.1,0.9214,0.8114,0.0602
2012-08-05,8,May-Sep,8,9.8,0.7632,0.5129,-0.1142
2012-08-06,8,May-Sep,8,10.7,0.7146,0.5154,-0.2257
2012-08-07,8,May-Sep,8,12.3,0.9795,0.8157,-0.2717
2012-08-08,8,May-Sep,8,10.7,0.9985,0.7928,-0.1349
2012-08-09,8,May-Sep,8,7.8,1.2609,1.0582,0.8474
2012-08-10,8,May-Sep,8,12.2,0.7361,0.5741,-0.1008
2012-08-11,8,May-Sep,8,13.7,5.2152,4.1698,4.0115
2012-08-12,8,May-Sep,8,10.6,0.9461,0.8342,-0.5419
2012-08-13,8,May-Sep,8,11.6,1.1483,0.8736,-0.4316
2012-08-14,8,May-Sep,8,11.8,1.4412,1.088,-0.1741
2012-08-15,8,May-Sep,8,10.4,0.9141,0.6925,-0.1946
2012-08-16,8,May-Sep,8,10.5,1.9745,1.6375,0.6506
2012-08-17,8,May-Sep,8,11.5,0.6946,0.6511,0.3213
2012-08-18,8,May-Sep,8,9.6,0.7594,0.4684,-0.0973
2012-08-19,8,May-Sep,8,9.2,0.9725,0.8341,0.4355
2012-08-20,8,May-Sep,8,12.1,0.7961,0.6324,0.0414
2012-08-21,8,May-Sep,8,14.7,0.9655,0.8805,-0.1177
2012-08-22,8,May-Sep,8,15.1,0.9215,0.6811,-0.2883
2012-08-23,8,May-Sep,8,8.1,1.4243,1.1176,0.632
2012-08-24,8,May-Sep,8,12.4,0.6254,0.435,-0.2463
2012-08-25,8,May-Sep,8,15.2,6.4133,5.5598,3.4507
2012-08-26,8,May-Sep,8,10.8,0.9886,0.7521,-0.1406
2012-08-27,8,May-Sep,8,8.8,0.623,0.472,0.0623
2012-08-28,8,May-Sep,8,11.9,1.1715,0.8655,0.3928
2012-08-29,8,May-Sep,8,10.9,2.7535,2.4884,1.4294
2012-08-30,8,May-Sep,8,8.7,0.8748,0.7496,0.5115
2012-08-31,8,May-Sep,8,8.5,0.5165,0.4573,-0.1419
2012-09-01,9,May-Sep,8,15.4,2.2988,1.3971,-0.8693
2012-09-02,9,May-Sep,8,10.3,1.3968,1.2228,-0.4645
2012-09-03,9,May-Sep,8,13.1,2.1427,1.605,-1.2675
2012-09-04,9,May-Sep,8,11.6,1.078,0.8716,0.3132
2012-09-05,9,May-Sep,8,10.3,2.2412,1.714,1.3812
2012-09-06,9,May-Sep,8,6.2,2.4606,2.1798,1.5526
2012-09-07,9,May-Sep,8,13.7,1.1608,0.9202,-0.4899
2012-09-08,9,May-Sep,8,9.0,2.5079,1.8049,1.2905
2012-09-09,9,May-Sep,8,9.9,3.0598,2.5442,1.1253
2012-09-10,9,May-Sep,8,11.7,0.9772,0.7464,-0.4142
2012-09-11,9,May-Sep,8,13.8,3.2041,2.5654,-1.747
2012-09-12,9,May-Sep,8,6.8,0.8299,0.6539,0.2239
2012-09-13,9,May-Sep,8,10.2,1.2752,1.0419,0.1362
2012-09-14,9,May-Sep,8,9.0,0.7474,0.6315,0.0849
2012-09-15,9,May-Sep,8,8.8,4.0565,3.3946,1.9827
2012-09-16,9,May-Sep,8,9.0,0.4949,0.4009,-0.1005
2012-09-17,9,May-Sep,8,10.5,0.6448,0.5054,0.0579
2012-09-18,9,May-Sep,8,11.3,0.9889,0.7381,0.0136
2012-09-19,9,May-Sep,8,6.0,1.0496,0.8958,0.8225
2012-09-20,9,May-Sep,8,10.1,1.098,0.9499,0.0715
2012-09-21,9,May-Sep,8,11.4,2.9741,2.3025,1.6162
2012-09-22,9,May-Sep,8,11.3,6.5646,5.8249,3.8217
2012-09-23,9,May-Sep,8,7.2,0.708,0.5316,-0.1806
2012-09-24,9,May-Sep,8,7.6,0.9824,0.8316,0.3181
2012-09-25,9,May-Sep,7,9.3,0.9118,0.7087,-0.2281
2012-09-26,9,May-Sep,8,11.4,0.6319,0.5542,0.2851
2012-09-27,9,May-Sep,8,10.7,0.9727,0.886,0.4801
2012-09-28,9,May-Sep,8,11.3,1.0627,0.8149,-0.2672
2012-09-29,9,May-Sep,8,10.9,2.33,1.8036,-0.3408
2012-09-30,9,May-Sep,8,11.3,1.0308,0.7843,-0.559
2012-10-01,10,Other,8,11.6,6.404,5.8731,2.4625
2012-10-02,10,Other,8,4.7,1.1448,0.9294,0.6625
2012-10-03,10,Other,8,10.5,0.8209,0.6278,0.2256
2012-10-04,10,Other,8,13.6,0.8348,0.618,-0.1689
2012-10-05,10,Other,8,12.6,1.7084,1.2811,-0.1249
2012-10-06,10,Other,8,7.7,3.5641,2.8039,1.5856
2012-10-07,10,Other,8,8.9,0.9076,0.7777,0.0939
2012-10-08,10,Other,8,10.5,1.0584,0.9103,0.2882
2012-10-09,10,Other,8,9.7,0.9147,0.7819,0.1436
2012-10-10,10,Other,8,10.2,0.9218,0.7334,-0.2043
2012-10-11,10,Other,8,9.9,1.3134,0.9906,-0.0765
2012-10-12,10,Other,8,9.8,1.4091,1.1936,0.3576
2012-10-13,10,Other,8,9.2,1.281,0.9804,0.1715
2012-10-14,10,Other,8,7.5,3.1976,2.4466,0.8623
2012-10-15,10,Other,8,11.2,1.5314,1.09,-0.675
2012-10-16,10,Other,8,9.9,1.0438,0.7565,-0.0353
2012-10-17,10,Other,8,10.6,0.9033,0.7911,0.3821
2012-10-18,10,Other,8,7.8,1.0297,0.7488,-0.3068
2012-10-19,10,Other,8,7.7,4.6625,4.1016,0.2918
2012-10-20,10,Other,8,6.3,1.0433,0.839,0.5664
2012-10-21,10,Other,8,13.0,1.0141,0.8316,0.0459
2012-10-22,10,Other,8,10.8,1.3042,1.0903,0.5262
2012-10-23,10,Other,8,11.7,1.6023,1.2948,0.7571
2012-10-24,10,Other,8,11.4,2.4682,1.9702,-0.6006
2012-10-25,10,Other,8,8.4,4.6636,4.3075,-0.3559
2012-10-26,10,Other,7,7.8,0.8686,0.5984,-0.1478
2012-10-27,10,Other,8,10.5,1.3046,1.1266,-0.4586
2012-10-28,10,Other,8,6.9,1.1315,0.8504,-0.0684
2012-10-29,10,Other,8,9.1,0.804,0.6815,-0.4468
2012-10-30,10,Other,8,8.4,1.0164,0.7823,0.0668
2012-10-31,10,Other,8,10.4,1.8887,1.6113,-0.2686
2012-11-01,11,Other,8,8.6,2.3076,1.8199,0.0841
2012-11-02,11,Other,8,11.5,2.3928,1.959,1.6657
2012-11-03,11,Other,8,7.5,1.2669,1.0228,-0.1989
2012-11-04,11,Other,8,7.0,0.9989,0.8147,-0.1917
2012-11-05,11,Other,8,7.5,1.4587,1.208,-0.1459
2012-11-06,11,Other,8,11.3,2.46,1.5008,-0.8284
2012-11-07,11,Other,8,10.4,5.1503,4.7272,0.1726
2012-11-08,11,Other,8,7.1,3.5221,3.2347,1.4105
2012-11-09,11,Other,8,6.7,1.2573,0.8907,0.3394
2012-11-10,11,Other,8,6.0,2.2259,1.5243,-1.4654
2012-11-11,11,Other,8,9.6,3.9751,3.2963,0.6644
2012-11-12,11,Other,8,3.4,0.5804,0.5622,0.0546
2012-11-13,11,Other,8,6.7,1.9544,1.4944,-0.3645
2012-11-14,11,Other,8,5.7,2.0613,1.7586,0.4239
2012-11-15,11,Other,8,11.3,2.8153,2.4761,0.4966
2012-11-16,11,Other,8,7.7,1.9144,1.5777,0.5047
2012-11-17,11,Other,8,6.0,2.3072,1.8279,-0.9908
2012-11-18,11,Other,8,7.1,1.9003,1.4781,0.5676
2012-11-19,11,Other,8,5.1,1.0781,0.8885,-0.5456
2012-11-20,11,Other,8,2.6,0.9007,0.7173,0.4228
2012-11-21,11,Other,8,4.4,2.2805,2.122,-0.4475
2012-11-22,11,Other,8,10.9,3.8963,3.1325,0.7873
2012-11-23,11,Other,8,7.4,2.0064,1.7034,-0.2705
2012-11-24,11,Other,8,8.7,2.3406,1.9283,-1.8285
2012-11-25,11,Other,8,10.2,2.3048,1.9661,-0.175
2012-11-26,11,Other,7,15.4,4.9744,3.8564,0.7787
2012-11-27,11,Other,8,7.9,3.579,3.0179,0.9952
2012-11-28,11,Other,8,6.1,1.8303,1.752,-0.0457
2012-11-29,11,Other,8,6.6,1.7865,1.0415,-0.7554
2012-11-30,11,Other,8,9.9,4.238,3.6666,-1.5315
2012-12-01,12,Other,9,4.8,2.0564,1.5517,0.5418
2012-12-02,12,Other,8,9.1,2.3914,1.7353,1.3865
2012-12-03,12,Other,8,10.4,2.3676,1.942,-1.6897
2012-12-04,12,Other,8,9.8,4.6769,4.1441,2.0577
2012-12-05,12,Other,8,15.8,1.7715,1.5747,-0.0296
2012-12-06,12,Other,8,7.8,3.5755,3.1251,1.1575
2012-12-07,12,Other,8,7.2,1.3614,1.02,-0.2555
2012-12-08,12,Other,8,8.2,2.395,2.1422,-0.5752
2012-12-09,12,Other,8,13.2,4.4813,3.4218,-1.2279
2012-12-10,12,Other,8,14.4,3.6472,2.9958,-2.0386
2012-12-11,12,Other,8,13.3,4.1368,3.337,0.0693
2012-12-12,12,Other,8,3.8,1.699,1.377,0.7026
2012-12-13,12,Other,8,2.4,1.615,1.4555,0.2727
2012-12-14,12,Other,8,4.8,2.3024,2.033,0.4441
2012-12-15,12,Other,8,3.8,1.9603,1.7941,0.0747
2012-12-16,12,Other,8,7.0,2.2399,1.7935,-0.8232
2012-12-17,12,Other,8,6.1,3.5576,3.2673,1.1506
2012-12-18,12,Other,8,6.8,1.4572,1.1292,-0.5243
2012-12-19,12,Other,8,2.2,1.3801,1.2147,0.4712
2012-12-20,12,Other,8,4.5,0.9719,0.7193,0.3098
2012-12-21,12,Other,8,8.7,2.2625,1.9649,-0.2103
2012-12-22,12,Other,8,10.2,3.0985,2.3844,1.2211
2012-12-23,12,Other,8,8.4,5.1482,3.8388,-3.4655
2012-12-24,12,Other,8,14.6,4.1234,3.4628,-0.5269
2012-12-25,12,Other,7,16.0,6.1433,4.7862,0.955
2012-12-26,12,Other,8,17.4,4.7256,3.7981,-0.2614
2012-12-27,12,Other,8,6.6,2.4521,2.1222,1.0109
2012-12-28,12,Other,8,7.4,2.4976,1.9788,1.0926
2012-12-29,12,Other,8,8.6,2.917,2.3339,-1.066
2012-12-30,12,Other,8,11.6,4.4636,4.1735,-2.2253
2012-12-31,12,Other,8,14.5,7.1993,6.7179,1.8601
2013-01-01,1,Other,7,9.8,3.3322,2.821,-2.1527
2013-01-03,1,Other,8,5.3,1.3139,1.0629,-0.2814
2013-01-04,1,Other,8,9.2,2.6959,2.0693,-0.7136
2013-01-05,1,Other,8,6.7,2.2799,2.1176,-1.4886
2013-01-07,1,Other,8,6.0,1.5527,1.2842,0.538
2013-01-08,1,Other,8,5.5,1.5302,1.3037,-0.1511
2013-01-09,1,Other,8,13.9,4.7629,3.8346,-0.9461
2013-01-11,1,Other,8,12.2,4.0746,3.3763,0.1282
2013-01-13,1,Other,8,14.2,6.9802,5.7234,-5.6579
2013-01-15,1,Other,8,7.2,1.9443,1.6177,-0.0855
2013-01-16,1,Other,8,12.2,2.4283,2.1573,-1.5083
2013-01-17,1,Other,8,4.8,2.364,2.1845,-1.0607
2013-01-19,1,Other,8,9.4,2.4297,2.1312,-0.0489
2013-01-20,1,Other,8,5.0,1.9208,1.4156,0.3217
2013-01-21,1,Other,8,13.9,4.625,3.5847,-2.0577
2013-01-22,1,Other,8,10.8,3.849,3.437,0.7801
2013-01-23,1,Other,8,9.4,2.9979,2.5256,-1.4025
2013-01-25,1,Other,8,11.2,3.0268,2.7343,-1.7242
2013-01-26,1,Other,8,7.9,2.2406,1.639,-0.8329
2013-01-28,1,Other,8,14.4,4.3182,3.8094,-0.6009
2013-02-02,2,Other,8,9.1,1.1399,0.9042,0.2275
2013-02-03,2,Other,8,16.9,4.4986,4.1005,-1.6114
2013-02-04,2,Other,8,6.2,1.6787,1.3427,0.4578
2013-02-05,2,Other,8,9.5,3.0121,2.7097,-0.7729
2013-02-06,2,Other,8,5.0,1.8393,1.6094,-0.7457
2013-02-12,2,Other,8,16.5,3.0482,2.5282,-1.8604
2013-02-14,2,Other,8,6.3,1.7445,1.4669,0.6653
2013-02-15,2,Other,8,15.3,3.7136,3.2755,-0.7039
2013-02-18,2,Other,8,6.6,1.0963,0.782,0.1987
2013-02-19,2,Other,8,10.3,2.6345,2.2341,0.6025
2013-02-20,2,Other,8,8.9,1.8224,1.5385,-0.6325
2013-02-21,2,Other,8,9.2,2.6827,2.2302,1.1132
2013-02-22,2,Other,8,11.0,3.3292,2.7942,-1.9232
2013-02-23,2,Other,8,11.3,4.402,3.5831,0.9748
2013-02-24,2,Other,8,15.4,3.427,2.9141,-0.2539
2013-02-25,2,Other,8,7.6,1.8324,1.4297,0.1394
2013-02-26,2,Other,8,4.2,1.0654,0.8334,0.3902
2013-03-02,3,Other,8,17.5,6.019,4.7303,0.5205
2013-03-04,3,Other,8,10.0,2.7995,2.0094,-1.4125
2013-03-05,3,Other,8,10.7,2.7406,2.1825,-0.862
2013-03-06,3,Other,7,15.6,8.5852,7.1008,0.1315
2013-03-09,3,Other,8,5.9,1.6134,1.3585,-0.14
2013-03-10,3,Other,8,4.5,1.3218,1.1861,-0.6757
2013-03-11,3,Other,8,3.8,0.6532,0.5176,0.0071
2013-03-12,3,Other,8,6.6,1.7098,1.3364,-0.4069
2013-03-13,3,Other,8,6.3,1.1688,1.0195,-0.0455
2013-03-14,3,Other,8,6.0,1.2244,1.0431,-0.4345
2013-03-15,3,Other,8,9.8,0.9309,0.6907,0.3869
2013-03-16,3,Other,8,9.4,0.9564,0.7834,0.3768
2013-03-17,3,Other,8,9.7,1.2167,0.9278,0.4894
2013-03-18,3,Other,8,8.8,1.0433,0.7418,0.301
2013-03-19,3,Other,8,11.4,1.051,0.8599,-0.2931
2013-03-20,3,Other,8,10.7,1.399,1.1673,-0.3729
2013-03-21,3,Other,8,9.6,0.5969,0.4742,0.2909
2013-03-22,3,Other,8,10.0,1.1035,0.8256,-0.16
2013-03-23,3,Other,8,9.7,1.0968,0.9242,-0.4988
2013-03-24,3,Other,8,7.3,2.2749,1.9278,0.2455
2013-03-25,3,Other,8,10.6,0.9345,0.7957,0.1115
2013-03-26,3,Other,8,11.1,1.1362,0.8522,-0.4646
2013-03-27,3,Other,8,10.8,1.0207,0.791,-0.0913
2013-03-29,3,Other,8,10.2,0.9826,0.7297,-0.246
2013-03-30,3,Other,8,11.5,1.2555,0.9948,-0.7815
2013-03-31,3,Other,8,13.6,2.6079,1.629,-1.3002
2013-04-03,4,Other,8,4.8,1.8269,1.5929,-0.0996
2013-04-04,4,Other,8,8.2,1.4967,1.2878,-1.0052
2013-04-05,4,Other,8,11.7,1.0129,0.8247,-0.2708
2013-04-06,4,Other,8,9.9,1.1597,0.8815,-0.174
2013-04-07,4,Other,8,10.1,1.0136,0.7681,-0.0831
2013-04-08,4,Other,8,11.7,1.5173,1.1319,-0.7278
2013-04-09,4,Other,8,10.4,0.9175,0.6948,-0.3125
2013-04-10,4,Other,8,12.2,0.7205,0.5926,-0.0195
2013-04-11,4,Other,8,11.8,0.7011,0.449,-0.036
2013-04-12,4,Other,8,15.2,1.65,1.0691,-0.7373
2013-04-13,4,Other,8,14.3,0.9142,0.702,-0.3878
2013-04-15,4,Other,8,12.1,0.9669,0.8323,-0.1649
2013-04-17,4,Other,8,6.8,1.2296,0.9492,0.3768
2013-04-19,4,Other,8,3.0,0.7388,0.5812,-0.0701
2013-04-20,4,Other,8,9.6,0.7858,0.647,-0.1824
2013-04-21,4,Other,8,10.2,1.3474,1.1358,-0.5793
2013-04-22,4,Other,8,18.5,5.5315,4.5961,-4.3975
2013-04-23,4,Other,8,13.8,1.0617,0.824,-0.4484
2013-04-24,4,Other,8,14.5,1.369,1.1554,-0.5178
2013-04-25,4,Other,8,9.9,1.0695,0.899,-0.562
2013-04-27,4,Other,8,10.4,0.9764,0.7927,0.1965
2013-04-29,4,Other,8,2.8,1.4294,1.2066,0.3547
2013-04-30,4,Other,8,6.5,0.9022,0.8127,-0.3491
2013-05-06,5,May-Sep,8,10.0,2.2133,1.7589,0.9683
2013-06-09,6,May-Sep,8,11.8,3.1131,2.4053,-2.2631
2013-06-21,6,May-Sep,8,8.8,0.4085,0.2085,-0.1355
2013-07-10,7,May-Sep,8,12.2,1.1884,0.8668,-0.5278
2013-09-02,9,May-Sep,8,10.4,0.9298,0.777,-0.0096
2013-11-14,11,Other,8,10.0,1.9986,1.4728,1.1934
2013-11-15,11,Other,8,9.1,2.0644,1.5902,0.9494
2013-11-16,11,Other,8,6.6,1.3638,1.1208,-0.0546
2013-11-18,11,Other,8,8.2,1.5761,1.4128,0.2468
2013-11-19,11,Other,8,10.5,1.7536,1.4963,0.5225
2013-11-23,11,Other,8,11.1,1.3043,1.0762,0.7004
2013-11-24,11,Other,8,8.6,1.5462,1.2817,0.4323
2013-11-25,11,Other,8,8.6,1.6156,1.2773,0.6151
2013-11-27,11,Other,8,7.6,2.4117,2.0651,0.2553
2013-11-28,11,Other,8,10.0,2.7538,2.2124,-0.0606
2013-11-29,11,Other,8,8.8,1.3559,0.9645,-0.0403
2013-11-30,11,Other,8,9.6,3.511,2.9955,-0.7203
2013-12-01,12,Other,8,14.4,3.4262,3.0502,-0.1061
2013-12-02,12,Other,9,8.5,1.9904,1.5965,-0.8186
2013-12-06,12,Other,8,3.1,1.3159,1.0769,-0.8045
2013-12-08,12,Other,8,4.8,1.0195,0.8828,-0.6453
2013-12-09,12,Other,8,4.5,0.9718,0.8165,0.148
2013-12-11,12,Other,8,5.8,1.1076,0.8429,0.5194
2013-12-12,12,Other,8,12.0,2.3933,2.1549,-0.9297
2013-12-16,12,Other,8,3.5,0.5491,0.4997,-0.3296
2013-12-17,12,Other,8,8.0,3.0187,2.3794,-2.3301
2013-12-21,12,Other,8,4.3,1.4161,1.1807,-0.8262
2013-12-22,12,Other,8,8.0,1.8455,1.4972,0.0013
2013-12-27,12,Other,8,3.5,0.6731,0.4605,0.2663
2013-12-28,12,Other,8,7.8,1.5254,1.201,0.0516
2013-12-29,12,Other,8,10.3,3.1672,2.1183,1.5014
2013-12-30,12,Other,8,11.2,2.5138,1.9198,0.4016
2014-01-01,1,Other,8,7.1,1.5647,1.0449,-0.8466
2014-01-02,1,Other,8,9.7,2.5565,1.8995,0.5356
2014-01-04,1,Other,8,12.6,3.3123,2.878,-2.1121
2014-01-08,1,Other,8,6.8,0.7724,0.6353,-0.165
2014-01-09,1,Other,8,7.3,2.0032,1.5083,-1.1219
2014-01-10,1,Other,8,12.1,3.0014,2.7644,-1.3319
2014-01-12,1,Other,8,14.8,3.8775,2.775,-0.9162
2014-01-13,1,Other,8,7.2,2.0685,1.6062,-0.1668
2014-01-15,1,Other,8,6.7,2.023,1.5871,0.9723
2014-01-16,1,Other,8,10.8,1.962,1.3764,-0.942
2014-01-17,1,Other,8,11.9,3.1413,2.6224,-2.4955
2014-01-19,1,Other,8,7.7,1.3083,1.0353,-0.5781
2014-01-20,1,Other,8,5.9,1.766,1.4999,0.2898
2014-01-21,1,Other,8,13.7,3.6,2.9201,0.9923
2014-01-22,1,Other,8,9.9,3.9962,3.4173,-0.1141
2014-01-26,1,Other,8,11.3,3.608,3.2192,-1.7104
2014-01-28,1,Other,8,5.5,1.8378,1.583,-0.8202
2014-01-30,1,Other,8,9.6,2.6492,1.9298,1.0418
2014-02-03,2,Other,8,4.1,1.3396,1.1599,-0.2961
2014-02-04,2,Other,8,4.0,1.2764,1.1538,-0.5752
2014-02-09,2,Other,8,8.0,1.3652,1.1687,-0.1567
2014-02-10,2,Other,8,7.8,2.342,1.9296,1.247
2014-02-11,2,Other,8,7.3,1.5281,1.4005,0.3146
2014-02-12,2,Other,8,7.0,1.7332,1.2747,0.8346
2014-02-13,2,Other,8,4.3,0.845,0.6338,0.3021
2014-02-14,2,Other,8,7.3,1.5753,1.3608,-0.5674
2014-02-15,2,Other,8,6.4,1.6721,1.3746,0.0285
2014-02-17,2,Other,8,8.6,1.6558,1.2492,0.4453
2014-02-18,2,Other,8,6.5,0.9808,0.7298,0.4279
2014-02-21,2,Other,8,11.8,2.5554,2.1963,-1.3265
2014-02-23,2,Other,8,9.5,2.4991,1.8994,-0.4075
2014-02-26,2,Other,8,5.7,1.5175,1.2886,-0.6
2014-02-27,2,Other,8,12.5,2.5198,2.1577,0.2096
2014-02-28,2,Other,8,14.5,2.4405,2.1117,0.766
2014-03-01,3,Other,8,11.0,2.9932,2.4141,0.9671
2014-03-02,3,Other,8,8.3,1.2909,1.0066,-0.388
2014-03-03,3,Other,8,9.8,1.873,1.5664,0.6853
2014-03-05,3,Other,8,7.9,1.3777,1.154,0.0072
2014-03-06,3,Other,8,7.5,1.3866,1.0905,0.7251
2014-03-07,3,Other,8,9.0,1.4394,1.1327,0.0402
2014-03-08,3,Other,8,10.1,3.1581,2.3618,-1.3316
2014-03-09,3,Other,8,8.8,2.924,2.5131,0.635
2014-03-12,3,Other,8,4.4,0.4191,0.3694,0.1704
2014-03-13,3,Other,7,18.6,6.3628,4.9458,4.2856
2014-03-14,3,Other,8,14.8,7.5568,6.6374,0.4308
2014-03-15,3,Other,8,12.0,2.9417,2.5666,0.264
2014-03-17,3,Other,8,6.2,1.0581,0.9623,-0.2766
2014-03-18,3,Other,8,6.4,1.3236,1.0192,0.1734
2014-03-19,3,Other,8,10.6,2.8412,1.8754,-1.1528
2014-03-20,3,Other,8,9.9,2.8887,2.2616,2.0294
2014-03-22,3,Other,8,7.9,0.3942,0.3383,0.0887
2014-03-23,3,Other,8,10.6,0.9225,0.6866,-0.4638
2014-03-24,3,Other,8,10.2,0.7766,0.6249,-0.2009
2014-03-26,3,Other,8,8.0,0.733,0.6306,0.0189
2014-03-27,3,Other,8,9.9,0.8909,0.6297,-0.3035
2014-03-28,3,Other,8,6.9,1.0318,0.7972,-0.0068
2014-03-29,3,Other,8,10.4,0.7206,0.6159,-0.1361
2014-03-30,3,Other,8,13.0,1.3032,0.8719,-0.5127
2014-03-31,3,Other,8,11.0,0.735,0.4905,-0.1066
2014-04-01,4,Other,8,10.8,0.7216,0.5629,0.0643
2014-04-02,4,Other,8,11.3,1.0954,0.791,-0.2602
2014-04-03,4,Other,8,9.1,2.0128,1.5061,-1.0439
2014-04-06,4,Other,8,7.2,0.7451,0.66,-0.0379
2014-04-08,4,Other,8,4.6,1.6079,1.2732,0.7645
2014-04-09,4,Other,8,8.4,0.8097,0.5834,0.1644
2014-04-10,4,Other,8,15.3,3.6434,2.0845,-1.6653
2014-04-12,4,Other,8,6.1,1.2131,1.0319,-0.1725
2014-04-15,4,Other,8,4.7,1.0718,0.869,-0.2329
2014-04-17,4,Other,8,7.9,0.7504,0.6267,0.2855
2014-04-18,4,Other,8,12.5,1.9099,1.1473,-0.837
2014-04-19,4,Other,8,8.8,0.5211,0.3618,-0.1722
2014-04-20,4,Other,8,14.2,2.2638,1.6461,-1.192
2014-04-21,4,Other,8,13.3,1.2399,1.0793,-0.5344
2014-04-23,4,Other,7,17.1,8.9353,7.7674,7.2849
2014-04-24,4,Other,8,12.4,2.0633,1.5669,-0.7671
2014-04-25,4,Other,8,12.9,2.56,2.0158,0.0632
2014-04-26,4,Other,8,13.2,1.9854,1.5567,-0.9439
2014-04-27,4,Other,8,10.0,2.639,1.5833,-0.9914
2014-04-30,4,Other,8,9.6,0.8585,0.7312,-0.2552
2014-05-01,5,May-Sep,8,13.7,2.9833,2.4088,-1.954
2014-05-03,5,May-Sep,8,13.3,1.1313,0.8789,-0.5573
2014-05-04,5,May-Sep,8,13.6,1.0356,0.8266,-0.6762
2014-05-05,5,May-Sep,8,11.3,1.147,0.7539,-0.3053
2014-05-06,5,May-Sep,7,11.4,0.6918,0.5098,-0.2248
2014-05-09,5,May-Sep,8,10.5,0.9888,0.9116,0.0694
2014-05-10,5,May-Sep,8,11.9,1.3653,1.1484,-0.8988
2014-05-11,5,May-Sep,8,7.0,0.9405,0.6858,-0.217
2014-05-12,5,May-Sep,8,5.8,1.211,0.9015,-0.1597
2014-05-13,5,May-Sep,8,10.3,1.5986,1.3857,-0.9106
2014-05-14,5,May-Sep,8,13.8,1.7519,1.1609,-1.0028
2014-05-17,5,May-Sep,8,10.4,0.8004,0.6445,0.0716
2014-05-18,5,May-Sep,8,15.5,1.263,0.934,-0.7642
2014-05-19,5,May-Sep,8,10.2,1.1096,0.9175,-0.3168
2014-05-21,5,May-Sep,7,6.9,1.6472,1.3187,0.5647
2014-05-23,5,May-Sep,8,8.8,1.8085,1.5092,-0.9016
2014-05-24,5,May-Sep,8,14.7,2.6062,1.4584,-0.8684
2014-05-25,5,May-Sep,8,11.1,0.8399,0.6477,-0.2123
2014-05-26,5,May-Sep,8,12.7,1.144,0.8508,-0.7763
2014-05-27,5,May-Sep,8,13.8,0.9663,0.6827,-0.2734
2014-05-29,5,May-Sep,8,12.6,0.9685,0.7835,-0.5335
2014-05-31,5,May-Sep,8,13.7,8.1469,7.1995,3.539
2014-06-01,6,May-Sep,8,10.0,1.2334,1.058,-0.6596
2014-06-02,6,May-Sep,8,8.3,1.0225,0.8372,-0.1302
2014-06-04,6,May-Sep,8,9.8,1.1741,0.8311,-0.5021
2014-06-06,6,May-Sep,8,10.6,0.8796,0.7372,-0.1391
2014-06-07,6,May-Sep,8,13.6,1.5747,0.928,-0.527
2014-06-10,6,May-Sep,8,9.3,0.9284,0.7635,0.0284
2014-06-11,6,May-Sep,8,11.3,1.1804,0.9367,-0.5699
2014-06-12,6,May-Sep,7,13.9,0.9872,0.7225,-0.3413
2014-06-13,6,May-Sep,8,14.2,0.759,0.5043,-0.2051
2014-06-14,6,May-Sep,8,12.4,0.911,0.7287,-0.4234
2014-06-15,6,May-Sep,8,11.6,1.6047,1.2234,0.1829
2014-06-16,6,May-Sep,8,10.6,5.861,5.0103,1.1462
2014-06-17,6,May-Sep,8,9.2,1.0896,0.9251,-0.7764
2014-06-18,6,May-Sep,8,9.4,0.5654,0.5061,0.0419
2014-06-21,6,May-Sep,8,9.9,0.9164,0.749,-0.2071
2014-06-22,6,May-Sep,8,9.8,0.687,0.5767,0.165
2014-06-23,6,May-Sep,8,11.1,0.8567,0.7176,-0.0146
2014-06-25,6,May-Sep,8,7.3,1.5205,1.2078,0.274
2014-06-26,6,May-Sep,8,8.5,1.7019,1.5272,-0.009
2014-06-27,6,May-Sep,8,9.4,0.747,0.5112,-0.4125
2014-06-28,6,May-Sep,8,10.1,1.3628,0.981,-0.609
2014-06-29,6,May-Sep,8,9.9,0.6937,0.5278,0.0966
2014-07-01,7,May-Sep,8,8.7,0.6766,0.5205,0.0627
2014-07-04,7,May-Sep,8,13.2,1.9132,1.2719,-0.4885
2014-07-06,7,May-Sep,8,12.0,0.67,0.5948,-0.1125
2014-07-07,7,May-Sep,8,10.5,0.9638,0.816,-0.2508
2014-07-08,7,May-Sep,8,12.0,0.7987,0.5368,0.1157
2014-07-10,7,May-Sep,8,11.0,1.0431,0.8824,-0.5533
2014-07-11,7,May-Sep,8,14.9,1.0397,0.6797,-0.4521
2014-07-15,7,May-Sep,8,14.5,2.1444,1.7825,-0.9402
2014-07-17,7,May-Sep,8,10.9,1.4417,1.1865,-0.4451
2014-07-19,7,May-Sep,8,11.7,0.868,0.7616,-0.1202
2014-07-20,7,May-Sep,8,15.6,1.3135,0.9397,-0.2659
2014-07-21,7,May-Sep,8,12.4,1.681,1.3533,-0.6745
2014-07-23,7,May-Sep,8,13.5,2.8427,2.3016,0.4114
2014-07-25,7,May-Sep,8,12.2,1.8099,1.4353,-1.3113
2014-07-26,7,May-Sep,8,12.4,0.6366,0.528,-0.1179
2014-07-28,7,May-Sep,8,13.0,1.1356,0.9471,-0.668
2014-07-29,7,May-Sep,8,10.8,2.3289,1.8238,0.0014
2014-07-30,7,May-Sep,8,7.1,1.4667,1.2105,0.7011
2014-08-01,8,May-Sep,8,11.7,1.6336,1.2691,-0.2165
2014-08-02,8,May-Sep,8,9.6,0.5466,0.3638,-0.2
2014-08-03,8,May-Sep,8,12.9,1.3409,0.9955,-0.6167
2014-08-04,8,May-Sep,8,11.2,1.491,0.9885,-0.7213
2014-08-06,8,May-Sep,8,10.4,0.7643,0.5857,-0.348
2014-08-07,8,May-Sep,8,9.8,0.7686,0.5556,0.0816
2014-08-10,8,May-Sep,8,9.0,0.3133,0.2485,-0.0347
2014-08-11,8,May-Sep,8,11.2,0.8255,0.6726,-0.3673
2014-08-12,8,May-Sep,8,13.8,1.1835,0.9101,-0.8131
2014-08-13,8,May-Sep,8,12.8,0.6615,0.5703,0.215
2014-08-14,8,May-Sep,8,9.1,0.8495,0.5838,-0.0883
2014-08-15,8,May-Sep,8,11.9,0.8971,0.6903,-0.3864
2014-08-17,8,May-Sep,8,4.9,0.8554,0.7757,0.3686
2014-08-18,8,May-Sep,8,3.2,0.8438,0.7838,0.0524
2014-08-20,8,May-Sep,8,8.8,2.2302,1.9042,0.3481
2014-08-21,8,May-Sep,8,11.7,2.1042,1.4731,0.1542
2014-08-22,8,May-Sep,8,12.8,0.8836,0.7105,0.1096
2014-08-23,8,May-Sep,8,11.6,1.0929,0.8558,-0.4073
2014-08-24,8,May-Sep,8,10.9,0.4375,0.3774,0.2633
2014-08-25,8,May-Sep,8,12.3,0.7843,0.6449,-0.0211
2014-08-26,8,May-Sep,8,10.6,0.7327,0.5004,-0.2719
2014-08-28,8,May-Sep,8,9.9,0.9536,0.7675,-0.0299
2014-08-29,8,May-Sep,8,10.4,0.8363,0.5981,-0.15
2014-08-31,8,May-Sep,8,12.1,0.8442,0.6304,-0.1834
2014-09-01,9,May-Sep,8,16.1,1.8027,1.4634,-0.753
2014-09-06,9,May-Sep,8,15.4,2.7359,1.885,-1.2528
2014-09-08,9,May-Sep,8,12.6,0.8351,0.6506,-0.2537
2014-09-09,9,May-Sep,8,13.3,0.9346,0.7295,0.0942
2014-09-10,9,May-Sep,8,12.8,1.2592,0.974,0.1549
2014-09-13,9,May-Sep,8,10.3,1.1417,0.9664,-0.1217
2014-09-14,9,May-Sep,8,8.1,0.7044,0.5651,0.1023
2014-09-15,9,May-Sep,8,15.3,1.2827,0.964,-0.6919
2014-09-17,9,May-Sep,8,13.7,1.037,0.8751,-0.2225
2014-09-18,9,May-Sep,8,15.3,2.4324,1.9295,-1.3434
2014-09-20,9,May-Sep,8,5.6,0.5674,0.4925,0.2793
2014-09-22,9,May-Sep,8,9.0,0.7046,0.5374,-0.1773
2014-09-23,9,May-Sep,8,9.4,1.1902,0.9182,-0.4545
2014-09-25,9,May-Sep,8,10.1,1.3969,1.0962,-0.7835
2014-09-26,9,May-Sep,7,13.8,1.3325,1.0771,0.3953
2014-09-27,9,May-Sep,8,11.6,0.6815,0.5152,0.0057
2014-09-30,9,May-Sep,8,10.6,0.5039,0.3515,0.1665
2014-10-03,10,Other,8,10.9,0.9285,0.6703,0.1351
2014-10-07,10,Other,8,9.7,0.7886,0.6903,0.3266
2014-10-10,10,Other,8,5.7,0.9806,0.7291,0.12
2014-10-11,10,Other,8,8.9,0.7344,0.5731,-0.2748
2014-10-12,10,Other,8,9.5,0.913,0.8297,0.2492
2014-10-13,10,Other,8,11.1,1.3416,1.1225,-0.0862
2014-10-14,10,Other,8,11.7,0.8764,0.7404,0.1606
2014-10-15,10,Other,8,8.3,1.0943,0.7077,-0.0533
2014-10-16,10,Other,8,12.2,1.2296,0.9056,-0.2482
2014-10-17,10,Other,8,11.6,0.7632,0.6207,0.0279
2014-10-18,10,Other,8,11.4,0.7239,0.5645,0.2025
2014-10-19,10,Other,8,12.2,1.4478,1.2803,0.4521
2014-10-20,10,Other,8,11.7,1.5199,1.2551,0.3506
2014-10-21,10,Other,8,15.2,3.015,2.3393,1.3561
2014-10-22,10,Other,8,7.5,1.1723,1.0045,-0.423
2014-10-23,10,Other,8,15.9,3.1449,2.2951,2.2951
2014-10-24,10,Other,8,8.5,1.1071,0.7738,-0.374
2014-10-26,10,Other,8,14.6,2.8434,2.2996,2.2564
2014-10-28,10,Other,8,2.0,0.6097,0.4814,-0.2248
2014-10-29,10,Other,8,6.2,0.7358,0.5642,-0.2498
2014-10-30,10,Other,8,9.5,0.943,0.7587,-0.5523
2014-10-31,10,Other,8,7.9,1.3241,0.9983,-0.4479
2014-11-01,11,Other,8,11.9,1.6164,1.2986,0.1744
2014-11-02,11,Other,8,7.3,1.4674,1.0861,-0.3049
2014-11-03,11,Other,8,9.4,2.0446,1.7675,0.128
2014-11-04,11,Other,8,8.2,1.4443,1.1597,0.0174
2014-11-05,11,Other,8,10.6,1.9905,1.5903,-0.8425
2014-11-07,11,Other,8,6.9,0.9222,0.739,-0.0331
2014-11-11,11,Other,8,5.6,0.9046,0.741,0.0181
2014-11-13,11,Other,8,3.8,0.7606,0.6249,-0.3419
2014-11-15,11,Other,8,6.8,1.0664,0.7439,0.1384
2014-11-16,11,Other,8,9.3,1.0376,0.896,-0.0422
2014-11-21,11,Other,8,5.1,0.9543,0.7507,0.414
2014-11-22,11,Other,8,7.0,1.1601,1.0059,0.0613
2014-11-27,11,Other,8,5.2,1.6935,1.4952,-0.0214
2014-11-28,11,Other,8,4.9,1.4091,1.2577,-0.1928
2014-11-30,11,Other,8,5.8,1.587,1.1673,-0.5797
2014-12-01,12,Other,8,6.8,2.0645,1.8246,-0.0338
2014-12-02,12,Other,9,10.0,2.4058,1.9627,-0.3277
2014-12-03,12,Other,8,5.1,0.6542,0.4931,0.0952
2014-12-04,12,Other,7,15.3,3.4811,2.7977,0.2951
2014-12-07,12,Other,8,6.8,2.0753,1.6859,-0.6012
2014-12-09,12,Other,8,5.7,1.9109,1.5201,0.5301
2014-12-10,12,Other,8,6.0,2.1747,1.7156,-1.2797
2014-12-12,12,Other,8,8.9,2.1553,1.4211,0.9064
2014-12-13,12,Other,8,6.8,1.6701,1.4093,-1.0151
2014-12-16,12,Other,8,7.3,1.188,1.01,-0.2174
2014-12-19,12,Other,8,7.5,1.574,1.496,-0.1107
2014-12-20,12,Other,8,5.6,2.2192,1.9687,-0.354
2014-12-21,12,Other,8,7.8,1.6013,1.3278,-0.3213
2014-12-22,12,Other,8,8.0,2.4266,2.2088,0.6513
2014-12-24,12,Other,8,7.0,1.7873,1.5553,0.3329
2014-12-25,12,Other,8,7.7,0.9183,0.6711,0.0584
2014-12-26,12,Other,8,10.5,3.2969,2.8276,-1.6512
2014-12-27,12,Other,8,8.9,3.3707,3.0671,-1.3885
2014-12-28,12,Other,8,11.3,2.0227,1.5122,0.543
2014-12-30,12,Other,8,2.9,0.5916,0.4649,-0.1285
2015-01-02,1,Other,8,12.3,6.3528,5.6304,1.0167
2015-01-03,1,Other,8,11.0,2.7312,2.2341,-0.9283
2015-01-05,1,Other,8,2.2,0.5149,0.4158,0.3228
2015-01-06,1,Other,8,10.5,2.9702,2.6563,-1.2739
2015-01-08,1,Other,8,7.7,5.0412,4.6317,0.3985
2015-01-09,1,Other,8,10.7,3.9435,3.4284,0.5092
2015-01-10,1,Other,8,14.0,1.9658,1.6886,-0.9231
2015-01-12,1,Other,8,9.4,1.4963,1.1936,-0.7671
2015-01-14,1,Other,8,10.9,3.6466,3.3102,0.829
2015-01-18,1,Other,8,9.6,2.9041,2.2342,-1.6667
2015-01-21,1,Other,8,13.2,2.4741,1.7942,-1.3389
2015-01-23,1,Other,8,5.1,1.2578,1.0329,0.2367
2015-01-24,1,Other,8,5.2,1.0998,0.9016,0.1962
2015-01-29,1,Other,8,4.6,1.1429,0.9991,0.2853
2015-01-30,1,Other,8,5.7,0.7949,0.6001,-0.149
2015-01-31,1,Other,8,5.1,1.5669,1.3462,0.5388
2015-02-01,2,Other,8,7.4,1.9778,1.6704,-0.635
2015-02-03,2,Other,8,5.9,1.1568,0.9184,0.3818
2015-02-04,2,Other,8,6.9,2.3252,1.9781,-1.5669
2015-02-05,2,Other,8,7.1,1.2213,0.9917,0.0279
2015-02-07,2,Other,8,9.3,1.3754,1.1661,0.052
2015-02-08,2,Other,8,9.0,1.5602,1.2343,-0.8131
2015-02-10,2,Other,8,14.2,3.1634,2.8081,-0.4507
2015-02-11,2,Other,8,18.0,5.1471,4.7638,1.4671
2015-02-12,2,Other,8,17.1,6.3604,5.1143,1.224
2015-02-13,2,Other,8,11.0,4.3839,3.4262,-0.4187
2015-02-15,2,Other,8,9.5,1.6108,1.2869,0.6535
2015-02-16,2,Other,8,9.1,1.5573,1.1193,0.4663
2015-02-17,2,Other,8,9.9,1.2167,0.9781,-0.4727
2015-02-18,2,Other,8,5.3,1.2963,1.1586,0.0531
2015-02-22,2,Other,8,10.3,2.2525,2.0628,0.3536
2015-02-23,2,Other,8,12.8,1.3053,0.9345,0.0308
2015-02-25,2,Other,8,7.4,1.6709,1.3624,-0.0159
2015-02-26,2,Other,8,8.2,1.213,1.0768,-0.1627
2015-02-28,2,Other,8,7.1,0.7658,0.6269,-0.337
2015-03-01,3,Other,8,9.0,1.4008,1.1848,-0.6678
2015-03-02,3,Other,8,7.8,1.518,1.2309,0.2528
2015-03-04,3,Other,8,9.9,1.056,0.7916,-0.3345
2015-03-05,3,Other,8,8.2,1.2057,0.9915,0.7109
2015-03-06,3,Other,8,9.7,1.9287,1.6658,-0.2372
2015-03-08,3,Other,8,6.3,0.938,0.715,-0.1803
2015-03-09,3,Other,8,5.9,0.7587,0.6509,-0.04
2015-03-10,3,Other,8,7.6,0.7292,0.6028,0.0589
2015-03-11,3,Other,8,5.9,0.8833,0.6646,0.1432
2015-03-14,3,Other,8,9.4,0.9819,0.8003,-0.3982
2015-03-19,3,Other,8,10.1,1.0712,0.8049,-0.4807
2015-03-20,3,Other,8,11.7,1.1052,0.8577,-0.0664
2015-03-23,3,Other,8,13.1,2.9745,2.1806,-1.4304
2015-03-27,3,Other,8,13.0,1.1072,0.9703,-0.2476
2015-03-31,3,Other,8,4.1,2.2785,2.0726,1.101
2015-04-15,4,Other,8,7.5,0.8061,0.5758,-0.4325
2015-04-22,4,Other,8,8.6,0.5128,0.4332,-0.1604
2015-04-26,4,Other,8,14.7,1.9508,1.4904,-1.2182
2015-04-29,4,Other,8,11.2,1.2963,0.8689,-0.6189
2015-05-01,5,May-Sep,8,11.2,0.7491,0.5763,-0.2726
2015-05-02,5,May-Sep,8,12.2,1.0374,0.8229,-0.3654
2015-05-05,5,May-Sep,8,6.7,1.8825,1.5119,-0.7485
2015-05-06,5,May-Sep,8,11.1,1.0521,0.9268,-0.2394
2015-05-08,5,May-Sep,8,11.5,0.9771,0.8077,-0.4089
2015-05-11,5,May-Sep,8,10.3,1.8377,1.0936,-0.7647
2015-05-12,5,May-Sep,8,4.7,2.1648,1.7297,0.1677
2015-05-14,5,May-Sep,8,8.5,1.4065,1.0059,-0.6468
2015-05-24,5,May-Sep,8,5.0,1.035,0.8209,0.0373
2015-05-27,5,May-Sep,8,8.3,0.636,0.5435,0.1213
2015-05-29,5,May-Sep,8,11.5,1.0322,0.7773,-0.4432
2015-06-05,6,May-Sep,8,10.0,1.2948,0.9484,-0.519
2015-06-06,6,May-Sep,8,11.9,2.419,1.8759,-1.1712
2015-06-08,6,May-Sep,8,10.7,1.3647,1.0535,-0.3552
2015-06-10,6,May-Sep,8,8.3,0.9801,0.8072,-0.2336
2015-06-11,6,May-Sep,8,10.8,1.8233,1.4081,-0.7198
2015-06-14,6,May-Sep,8,12.0,1.4402,1.1492,0.104
2015-07-03,7,May-Sep,8,12.3,2.1379,1.6255,-0.681
2015-07-11,7,May-Sep,8,7.7,3.4293,2.9095,0.9104
2015-08-16,8,May-Sep,8,10.4,0.678,0.5803,-0.1071
2015-09-11,9,May-Sep,8,12.6,3.4455,2.8915,-2.5874
2015-09-21,9,May-Sep,8,12.9,1.2413,1.059,-0.7155
2015-10-01,10,Other,8,9.9,1.0835,0.7372,-0.3613
2015-10-07,10,Other,8,10.4,0.8656,0.5845,-0.319
2015-10-08,10,Other,8,10.6,0.7583,0.6422,0.3676
2015-10-10,10,Other,8,10.7,1.2764,0.8461,-0.0255
2015-10-26,10,Other,8,7.4,1.1399,0.8514,0.2364
2015-10-28,10,Other,8,2.6,0.7707,0.59,0.0614
2015-11-05,11,Other,8,4.1,0.887,0.7371,-0.3751
2015-11-25,11,Other,8,5.5,1.2467,1.0235,0.4284
2015-11-26,11,Other,8,6.5,1.708,1.1454,0.7267
2015-11-27,11,Other,8,1.9,0.6416,0.5634,-0.2049
2015-11-30,11,Other,8,6.8,2.5998,2.1681,-1.893
2015-12-15,12,Other,8,14.1,3.8697,3.013,-0.7969
2015-12-25,12,Other,7,17.7,4.3032,3.4953,-2.5616
2017-11-24,11,Other,8,8.2,1.6169,1.353,0.2813
2017-11-26,11,Other,8,12.5,2.2826,1.8418,0.359
2018-02-17,2,Other,8,6.5,1.4491,1.2931,-0.04
2018-02-21,2,Other,8,5.9,1.6007,1.3607,-0.4445
2018-02-22,2,Other,8,13.9,3.0991,2.3348,-2.1974
2018-02-25,2,Other,8,9.1,3.4173,2.5389,1.898
2018-02-27,2,Other,8,1.9,0.6375,0.5552,0.06
2018-03-05,3,Other,8,9.8,0.9667,0.7808,-0.0482
2018-06-26,6,May-Sep,8,10.0,1.0452,0.8486,-0.0583
2018-07-02,7,May-Sep,8,10.7,1.0958,0.8921,0.1464
2018-07-05,7,May-Sep,8,10.0,1.1338,0.9578,-0.6298
2018-08-02,8,May-Sep,8,10.2,0.8119,0.6329,-0.0078
2018-09-16,9,May-Sep,6,13.2,1.3047,1.0851,-0.9521
2018-09-20,9,May-Sep,8,12.6,1.0912,0.8293,-0.5653
2018-09-21,9,May-Sep,8,11.9,1.0123,0.7555,-0.5228
2018-09-23,9,May-Sep,8,8.9,1.1326,0.8761,0.5675
2018-09-29,9,May-Sep,8,10.3,0.8485,0.6179,0.1815
2018-10-04,10,Other,8,7.4,0.9494,0.7829,-0.0272
2018-10-05,10,Other,8,10.3,0.8905,0.6634,-0.1638
2018-10-07,10,Other,8,12.1,0.8316,0.5596,-0.3566
2018-10-10,10,Other,8,10.3,1.0746,0.864,0.0247
2018-10-11,10,Other,8,8.5,0.8998,0.669,0.0631
2018-10-13,10,Other,8,10.8,0.8737,0.6744,0.1989
2018-10-15,10,Other,8,8.3,0.9042,0.6938,-0.5658
2018-10-16,10,Other,8,6.7,0.9246,0.7383,0.1357
2018-10-22,10,Other,8,12.0,1.2655,1.1098,0.3607
2019-03-12,3,Other,8,7.4,1.4123,1.0864,0.4741
2019-03-13,3,Other,7,3.1,0.3294,0.2658,0.1527
2019-03-21,3,Other,8,7.9,0.8349,0.6335,-0.3412
2019-10-23,10,Other,8,8.8,0.7951,0.5693,-0.218
2019-10-24,10,Other,8,12.1,1.409,1.2419,0.2907
2019-10-25,10,Other,8,11.6,1.0146,0.7744,-0.1339
2019-10-26,10,Other,8,9.8,1.6544,1.4347,-0.4528
2019-10-27,10,Other,8,10.6,1.3333,1.0637,0.1689
2019-10-28,10,Other,8,8.8,1.3295,0.9021,-0.2594
2019-10-30,10,Other,8,13.5,2.5417,1.6773,-0.5447
2019-11-01,11,Other,8,9.0,1.3049,1.1635,0.4336
2019-11-02,11,Other,8,8.7,1.0028,0.7875,0.0294
2019-11-04,11,Other,8,7.9,0.7826,0.6075,0.0194
2019-11-05,11,Other,8,6.5,1.1635,0.9879,-0.6548
2019-11-09,11,Other,8,9.0,1.5788,1.3794,0.338
2019-11-10,11,Other,8,6.3,0.9751,0.8519,0.0477
2019-11-13,11,Other,8,6.6,1.4526,1.1531,-0.0676
2019-11-14,11,Other,8,7.4,0.8706,0.7239,0.2099
2019-11-17,11,Other,8,6.6,1.9603,1.559,0.104
2019-11-18,11,Other,8,8.0,1.7191,1.3839,0.1581
2019-11-19,11,Other,8,14.2,3.2057,2.8231,-2.2773
2019-11-24,11,Other,8,4.5,0.8653,0.6031,-0.4209
2019-11-25,11,Other,8,4.7,1.2468,0.9895,-0.398
2019-11-27,11,Other,8,4.8,0.6046,0.462,-0.2091
2019-11-29,11,Other,8,6.7,2.1787,1.8367,0.1916
2019-12-02,12,Other,9,9.0,1.6095,1.3023,-0.1327
2019-12-03,12,Other,8,11.3,2.8104,2.2936,0.0192
2019-12-04,12,Other,8,14.0,5.2796,4.7808,0.0384
2019-12-05,12,Other,8,14.0,3.2534,2.5195,-0.2425
2019-12-07,12,Other,8,12.9,4.2135,3.5768,-2.7684
2019-12-08,12,Other,8,9.9,2.9036,2.1346,1.3393
2019-12-09,12,Other,8,14.0,2.7773,2.509,0.3856
2019-12-10,12,Other,8,14.1,4.0771,3.194,1.8239
2019-12-11,12,Other,8,9.7,3.5499,2.82,1.6425
2019-12-12,12,Other,8,12.4,4.6564,3.3932,2.1431
2019-12-13,12,Other,8,9.7,2.8357,2.5277,0.4491
2019-12-14,12,Other,8,9.0,1.9124,1.522,-0.143
2019-12-15,12,Other,8,10.2,3.5543,2.9871,-2.5906
2019-12-16,12,Other,8,8.0,2.8119,2.4447,0.8092
2019-12-17,12,Other,8,6.1,2.4498,1.7518,1.7518
2019-12-18,12,Other,8,2.8,1.1872,1.0743,-0.2948
2019-12-19,12,Other,8,4.8,1.3434,1.2144,-0.0473
2019-12-20,12,Other,7,9.4,2.9014,2.1978,0.9055
2019-12-21,12,Other,8,10.6,5.1375,4.5617,0.6701
2019-12-22,12,Other,8,9.9,2.7035,2.0989,-1.8195
2019-12-23,12,Other,8,7.8,2.8876,2.5101,-0.5728
2019-12-24,12,Other,8,10.5,3.8039,3.6575,0.8744
2019-12-25,12,Other,7,13.6,2.631,2.3151,-0.1489
2019-12-26,12,Other,8,14.0,3.7562,3.0487,0.5526
2019-12-27,12,Other,8,14.0,4.5642,3.9375,-1.2723
2019-12-28,12,Other,8,12.8,3.7151,3.1676,0.325
2019-12-29,12,Other,8,13.7,5.3503,4.151,3.7376
2019-12-30,12,Other,8,5.7,1.4322,1.3047,-0.45
2019-12-31,12,Other,8,7.3,1.7045,1.2624,-0.3615
2020-01-01,1,Other,8,9.3,1.824,1.5404,-0.7505
2020-01-02,1,Other,8,7.5,2.1059,1.5777,0.7016
2020-01-03,1,Other,8,7.6,2.7725,2.3535,-0.5416
2020-01-04,1,Other,8,9.5,2.0659,1.6818,-0.2594
2020-01-05,1,Other,8,11.7,4.4069,4.2516,0.203
2020-01-06,1,Other,8,11.7,5.1485,3.9554,3.7684
2020-01-07,1,Other,8,10.1,2.5292,2.0934,-0.1061
2020-01-08,1,Other,8,9.8,2.73,2.0506,1.3174
2020-01-09,1,Other,8,7.9,2.0441,1.8426,-0.7002
2020-01-10,1,Other,8,11.7,3.6809,3.2113,0.1202
2020-01-11,1,Other,7,13.3,3.6419,3.0257,-2.2788
2020-01-12,1,Other,8,13.5,4.5396,3.4054,3.1708
2020-01-13,1,Other,8,8.9,3.1276,2.7256,-2.305
2020-01-14,1,Other,7,7.0,2.9068,2.5513,-2.2426
2020-01-15,1,Other,8,8.9,2.4927,2.1974,-0.7847
2020-01-16,1,Other,8,8.6,2.0201,1.4869,-0.386
2020-01-17,1,Other,8,8.1,2.3523,2.1012,0.9881
2020-01-18,1,Other,8,8.8,1.9168,1.5409,0.3472
2020-01-19,1,Other,8,10.8,3.7548,3.0035,0.7369
2020-01-20,1,Other,8,12.8,2.6934,2.3624,-1.5585
2020-01-21,1,Other,8,11.2,3.1206,2.4595,-0.0262
2020-01-22,1,Other,8,10.0,2.4848,1.9308,0.8922
2020-01-23,1,Other,8,8.9,2.5141,1.8392,1.2032
2020-01-24,1,Other,7,15.8,5.7115,4.6092,-4.3379
2020-01-25,1,Other,8,15.9,3.1294,2.5978,-0.6196
2020-01-26,1,Other,8,12.9,3.1948,2.916,0.2193
2020-01-27,1,Other,8,10.9,2.5588,2.2232,0.5956
2020-01-28,1,Other,8,12.9,1.9406,1.6285,-0.601
2020-01-29,1,Other,8,14.2,3.9697,3.3989,-0.3795
2020-01-30,1,Other,8,13.8,4.5678,3.5759,2.1031
2020-01-31,1,Other,8,9.6,2.2777,1.8084,0.7987
2020-02-01,2,Other,8,9.8,3.7259,3.3486,1.682
2020-02-02,2,Other,8,7.5,1.0635,0.8304,0.065
2020-02-03,2,Other,8,11.3,2.6711,2.204,-1.1719
2020-02-04,2,Other,8,11.5,2.1918,1.8108,0.101
2020-02-05,2,Other,7,11.3,2.0776,1.6549,0.6727
2020-02-06,2,Other,8,15.5,4.3048,3.6005,-2.6504
2020-02-07,2,Other,8,16.2,6.0673,5.7468,-1.4864
2020-02-08,2,Other,7,16.1,4.0165,3.1852,-1.5921
2020-02-09,2,Other,8,16.1,7.1255,6.6871,-2.3433
2020-02-10,2,Other,8,13.7,4.5379,3.9514,-1.2515
2020-02-11,2,Other,8,14.2,3.4582,2.7176,0.2607
2020-02-12,2,Other,8,14.2,5.5793,4.5541,3.1848
2020-02-13,2,Other,8,7.9,2.2124,1.9733,0.2614
2020-02-14,2,Other,8,8.5,1.2366,1.073,-0.7092
2020-02-15,2,Other,8,7.8,1.7444,1.5967,0.3789
2020-02-17,2,Other,8,13.1,4.3353,3.9331,-1.2093
2020-02-18,2,Other,8,11.9,3.2707,2.4075,2.0269
2020-02-19,2,Other,8,8.9,2.29,1.9236,-1.4025
2020-02-20,2,Other,8,8.6,1.3619,1.0094,0.242
2020-02-21,2,Other,8,10.5,2.6266,2.1833,1.4996
2020-02-22,2,Other,8,8.7,1.3961,1.0965,-0.4723
2020-02-23,2,Other,8,15.2,4.535,3.9577,-2.947
2020-02-24,2,Other,8,9.7,3.3323,2.9587,1.1057
2020-02-25,2,Other,8,5.9,2.5921,1.9072,1.8505
2020-02-26,2,Other,8,11.4,2.8789,2.4442,1.2376
2020-02-27,2,Other,8,11.7,4.7671,3.6351,3.587
2020-02-28,2,Other,8,5.8,1.8437,1.3355,-0.6561
2020-02-29,2,Other,8,7.8,1.3106,0.9283,-0.1038
2020-03-01,3,Other,8,8.2,1.3015,1.2117,-0.1848
2020-03-02,3,Other,8,7.6,1.3642,1.0123,0.3906
2020-03-03,3,Other,8,10.5,1.7169,1.5095,-1.165
2020-03-04,3,Other,8,8.9,1.8545,1.6067,-1.072
2020-03-05,3,Other,8,8.3,1.0347,0.8895,0.19
2020-03-06,3,Other,8,8.6,1.6926,1.302,0.9262
2020-03-07,3,Other,8,13.5,6.4225,6.0011,0.2778
2020-03-08,3,Other,8,11.8,3.5575,2.8088,2.42
2020-03-09,3,Other,8,11.4,2.3555,1.8196,-1.4367
2020-03-10,3,Other,8,10.4,1.9028,1.5377,-1.3168
2020-03-11,3,Other,8,10.5,3.075,2.7057,-2.0121
2020-03-13,3,Other,8,9.4,2.0172,1.667,-1.1107
2020-03-14,3,Other,7,10.2,0.5264,0.4341,0.0013
2020-03-15,3,Other,8,12.2,1.3925,1.1702,-1.0072
2020-03-16,3,Other,8,12.9,0.7751,0.6166,-0.1135
2020-03-17,3,Other,8,15.1,2.7752,2.0986,-2.0986
2020-03-18,3,Other,8,13.3,1.1289,0.9373,-0.267
2020-03-19,3,Other,8,13.5,2.2396,1.8117,-0.1122
2020-03-20,3,Other,8,12.7,6.6622,5.0627,4.9481
2020-03-21,3,Other,8,11.2,0.7683,0.5863,-0.4182
2020-03-22,3,Other,8,11.2,2.0164,1.6688,-1.2363
2020-03-23,3,Other,8,15.2,3.3165,2.8381,-0.6436
2020-03-24,3,Other,8,18.3,6.3698,5.2654,4.3428
2020-03-25,3,Other,8,10.1,2.3116,1.9788,1.7502
2020-03-26,3,Other,8,8.7,1.1045,0.7558,-0.6239
2020-03-27,3,Other,8,12.1,1.955,1.6117,-1.4903
2020-03-28,3,Other,8,13.7,1.6697,1.3129,-1.2418
2020-03-29,3,Other,8,12.9,6.2435,5.392,2.976
2020-03-30,3,Other,8,7.4,0.4764,0.4472,0.024
2020-03-31,3,Other,8,13.2,2.7036,1.6601,-0.813
2020-04-01,4,Other,8,15.1,5.3447,4.248,-4.2015
2020-04-02,4,Other,8,8.2,1.0769,0.9244,-0.3721
2020-04-03,4,Other,8,12.7,2.3317,1.7112,-1.3618
2020-04-04,4,Other,8,13.0,2.1476,1.8308,-1.5954
2020-04-05,4,Other,8,12.9,1.257,0.9922,-0.7502
2020-04-06,4,Other,8,15.6,2.338,1.9408,-1.9408
2020-04-07,4,Other,8,12.5,0.6733,0.5268,-0.234
2020-04-08,4,Other,8,13.4,1.6199,1.3196,-1.2967
2020-04-09,4,Other,8,16.8,3.5021,3.2682,0.5371
2020-04-10,4,Other,8,15.9,7.5242,6.0556,5.7635
2020-04-11,4,Other,8,9.2,0.7899,0.6244,0.1471
2020-04-12,4,Other,8,14.2,2.0769,1.5876,-1.2248
2020-04-13,4,Other,8,16.5,3.0652,2.4397,-2.3916
2020-04-14,4,Other,8,12.8,2.7875,2.5583,1.0946
2020-04-15,4,Other,8,7.6,1.3858,1.1253,0.7956
2020-04-16,4,Other,8,8.6,2.6164,2.4653,1.2582
2020-04-17,4,Other,8,7.7,1.9458,1.497,1.4897
2020-04-18,4,Other,8,8.8,1.1431,0.9109,-0.7472
2020-04-19,4,Other,8,11.2,0.7142,0.6244,-0.0733
2020-04-20,4,Other,8,10.8,2.0712,1.773,-0.4177
2020-04-21,4,Other,8,10.4,1.007,0.8694,0.1999
2020-04-22,4,Other,8,13.6,1.178,1.0736,-0.6607
2020-04-23,4,Other,8,13.9,2.8314,2.0792,-2.0551
2020-04-24,4,Other,8,11.8,3.7913,3.0475,-2.8744
2020-04-25,4,Other,8,7.0,0.6952,0.5968,-0.1593
2020-04-26,4,Other,8,7.4,0.7943,0.7317,-0.1811
2020-04-27,4,Other,8,12.4,2.8826,2.2816,-1.1593
2020-04-28,4,Other,8,14.5,0.9525,0.7437,-0.5634
2020-04-29,4,Other,8,15.0,1.279,1.0353,-0.8816
2020-04-30,4,Other,8,19.3,4.2453,3.6012,1.6972
2020-05-01,5,May-Sep,8,14.9,6.0197,4.9906,4.3047
2020-05-02,5,May-Sep,8,11.3,1.3622,1.0034,-0.7012
2020-05-03,5,May-Sep,8,15.4,2.0991,1.6854,-1.5822
2020-05-04,5,May-Sep,8,13.6,4.5564,4.1075,2.0289
2020-05-05,5,May-Sep,8,16.9,4.8241,4.1665,0.1482
2020-05-06,5,May-Sep,8,17.9,7.9714,6.6877,5.8247
2020-05-07,5,May-Sep,8,11.2,0.8647,0.7178,-0.4105
2020-05-08,5,May-Sep,8,15.7,1.5747,1.1743,-1.0337
2020-05-09,5,May-Sep,8,15.2,1.9161,1.6361,-1.5116
2020-05-10,5,May-Sep,8,14.4,3.6091,2.7156,-2.3682
2020-05-11,5,May-Sep,8,10.3,1.6097,1.283,-0.5438
2020-05-12,5,May-Sep,8,10.2,1.9329,1.68,0.9759
2020-05-13,5,May-Sep,8,10.0,2.0649,1.3277,0.8941
2020-05-14,5,May-Sep,8,10.1,0.6234,0.5986,-0.0971
2020-05-15,5,May-Sep,8,11.9,0.9342,0.6806,-0.5552
2020-05-16,5,May-Sep,8,13.1,3.8406,3.0377,2.8939
2020-05-17,5,May-Sep,8,8.2,1.1686,0.971,-0.476
2020-05-18,5,May-Sep,8,9.8,0.9295,0.7104,0.0025
2020-05-19,5,May-Sep,8,9.4,0.6952,0.6186,0.1906
2020-05-20,5,May-Sep,8,12.1,3.2638,2.9675,1.4764
2020-05-21,5,May-Sep,8,11.1,5.3148,4.4203,3.0553
2020-05-22,5,May-Sep,8,12.7,1.5238,1.0503,-0.7109
2020-05-23,5,May-Sep,8,14.3,2.2565,1.8217,-1.3004
2020-05-24,5,May-Sep,8,12.8,4.8665,4.3887,3.0934
2020-05-25,5,May-Sep,8,12.6,1.3202,1.169,-0.5032
2020-05-26,5,May-Sep,8,14.1,1.1117,0.7487,-0.6052
2020-05-27,5,May-Sep,8,14.8,2.9477,2.4018,-2.2841
2020-05-28,5,May-Sep,8,16.1,5.4357,4.6646,3.9996
2020-05-29,5,May-Sep,8,11.3,0.9919,0.823,-0.4292
2020-05-30,5,May-Sep,8,14.1,2.0406,1.4231,-1.14
2020-05-31,5,May-Sep,8,12.4,2.3483,1.8119,-0.9579
2020-06-01,6,May-Sep,8,11.3,0.7466,0.5269,-0.4393
2020-06-02,6,May-Sep,8,12.4,0.8991,0.6096,-0.5353
2020-06-03,6,May-Sep,8,11.5,1.1904,0.942,-0.401
2020-06-04,6,May-Sep,7,9.9,1.1379,0.9104,0.4775
2020-06-05,6,May-Sep,7,21.6,7.6166,6.4822,-1.8576
2020-06-06,6,May-Sep,8,20.3,7.2002,5.6058,5.1946
2020-06-07,6,May-Sep,8,8.3,0.8538,0.743,-0.2754
2020-06-08,6,May-Sep,8,11.4,0.8409,0.6655,-0.3104
2020-06-09,6,May-Sep,8,13.6,1.5027,1.012,-0.7535
2020-06-10,6,May-Sep,8,12.2,1.9585,1.8257,-0.4976
2020-06-11,6,May-Sep,8,7.2,0.7737,0.6324,0.3924
2020-06-12,6,May-Sep,8,8.4,1.0851,0.8471,0.5614
2020-06-13,6,May-Sep,8,10.5,2.037,1.6848,-0.584
2020-06-14,6,May-Sep,8,8.6,1.4726,1.2684,1.0065
2020-06-15,6,May-Sep,8,10.4,0.7988,0.5783,-0.209
2020-06-16,6,May-Sep,8,14.2,1.2122,1.0248,-0.2605
2020-06-17,6,May-Sep,8,15.8,3.3265,2.8987,1.0942
2020-06-18,6,May-Sep,8,11.9,2.8313,2.2715,2.2693
2020-06-19,6,May-Sep,8,11.1,3.9052,3.309,2.2863
2020-06-20,6,May-Sep,8,16.7,1.9222,1.4559,-0.8192
2020-06-21,6,May-Sep,8,16.7,6.1509,4.8612,4.7928
2020-06-22,6,May-Sep,8,12.4,1.273,1.0699,-0.5062
2020-06-23,6,May-Sep,8,13.7,1.81,1.4161,-1.0488
2020-06-24,6,May-Sep,8,10.3,1.79,1.7277,0.3381
2020-06-25,6,May-Sep,8,12.2,1.8135,1.4112,0.1851
2020-06-26,6,May-Sep,8,12.2,1.7774,1.0425,-0.3667
2020-06-27,6,May-Sep,8,14.2,3.0174,2.5163,-1.1185
2020-06-28,6,May-Sep,8,20.2,7.9658,7.2511,4.0781
2020-06-29,6,May-Sep,8,13.3,7.8873,6.7195,5.8035
2020-06-30,6,May-Sep,8,12.8,1.5229,1.11,-1.037
2020-07-01,7,May-Sep,8,15.1,2.4617,1.8948,-1.7472
2020-07-02,7,May-Sep,8,15.1,2.4994,1.9986,-1.864
2020-07-03,7,May-Sep,8,12.1,2.0865,1.5979,0.698
2020-07-04,7,May-Sep,8,11.1,1.5722,1.3167,0.6833
2020-07-05,7,May-Sep,8,12.7,4.3508,3.7443,2.6035
2020-07-06,7,May-Sep,8,8.8,2.6796,2.3946,0.9733
2020-07-07,7,May-Sep,8,7.7,1.5393,1.0674,0.508
2020-07-08,7,May-Sep,8,13.7,1.2708,0.9959,-0.4148
2020-07-09,7,May-Sep,8,12.7,2.1687,1.8758,0.6829
2020-07-10,7,May-Sep,8,10.0,0.7106,0.6058,-0.0167
2020-07-11,7,May-Sep,8,9.7,2.8448,1.9923,1.6349
2020-07-12,7,May-Sep,8,10.1,4.4841,3.9505,3.3505
2020-07-13,7,May-Sep,8,8.8,0.5835,0.4566,-0.0924
2020-07-14,7,May-Sep,8,10.8,1.2862,1.0824,-0.5346
2020-07-15,7,May-Sep,8,10.8,0.9797,0.8254,-0.6281
2020-07-16,7,May-Sep,8,9.9,1.475,1.2692,-0.7003
2020-07-17,7,May-Sep,8,11.8,0.7969,0.7031,-0.4488
2020-07-18,7,May-Sep,8,13.4,1.0185,0.7572,-0.4172
2020-07-19,7,May-Sep,8,12.8,5.2892,4.1353,2.4023
2020-07-20,7,May-Sep,8,8.6,1.7879,1.5588,0.9303
2020-07-21,7,May-Sep,8,9.0,1.9098,1.5111,1.0679
2020-07-22,7,May-Sep,8,11.5,1.72,1.478,-0.6287
2020-07-23,7,May-Sep,8,13.2,4.2728,3.5093,2.873
2020-07-24,7,May-Sep,8,14.0,1.073,0.8028,-0.439
2020-07-25,7,May-Sep,8,13.1,1.9848,1.831,-0.4098
2020-07-26,7,May-Sep,8,12.0,0.7777,0.6096,-0.0815
2020-07-27,7,May-Sep,8,17.9,6.0477,5.2894,0.4193
2020-07-28,7,May-Sep,8,17.7,4.1234,3.4325,2.8286
2020-07-29,7,May-Sep,8,15.0,1.7923,1.6382,-1.1407
2020-07-30,7,May-Sep,8,15.1,6.5371,5.5399,4.2296
2020-07-31,7,May-Sep,8,11.6,0.8291,0.5937,-0.4173
2020-08-01,8,May-Sep,8,12.9,2.1252,1.8232,-1.5241
2020-08-02,8,May-Sep,8,12.2,1.3613,1.1507,-0.7969
2020-08-03,8,May-Sep,8,10.8,2.0641,1.7665,1.1134
2020-08-04,8,May-Sep,8,10.9,1.9394,1.6053,-0.3529
2020-08-05,8,May-Sep,8,12.2,1.0414,0.7854,-0.6244
2020-08-06,8,May-Sep,8,12.3,2.0635,1.726,-1.5289
2020-08-07,8,May-Sep,8,12.6,1.1034,0.9909,-0.3201
2020-08-08,8,May-Sep,8,11.8,1.5441,1.1763,1.0955
2020-08-09,8,May-Sep,8,10.4,0.7692,0.6233,0.0466
2020-08-10,8,May-Sep,8,11.6,2.3946,1.9308,1.4968
2020-08-11,8,May-Sep,8,11.2,0.9205,0.7579,0.0651
2020-08-12,8,May-Sep,8,10.8,2.6447,2.2071,1.4337
2020-08-13,8,May-Sep,8,10.1,0.5653,0.4719,0.0894
2020-08-14,8,May-Sep,8,16.0,8.7604,7.4937,4.3226
2020-08-15,8,May-Sep,8,12.0,1.1614,0.7937,-0.6293
2020-08-16,8,May-Sep,8,14.7,1.6422,1.4426,-1.2317
2020-08-17,8,May-Sep,8,13.9,1.7281,1.5118,-1.2644
2020-08-18,8,May-Sep,8,15.5,1.0622,0.9211,-0.1332
2020-08-19,8,May-Sep,8,16.9,5.6036,4.4249,4.1339
2020-08-20,8,May-Sep,8,10.6,1.3767,0.9968,-0.7325
2020-08-21,8,May-Sep,8,12.3,1.0407,0.8312,-0.6523
2020-08-22,8,May-Sep,8,12.9,1.3381,1.0708,0.5779
2020-08-23,8,May-Sep,8,12.3,1.4519,1.0546,-0.7397
2020-08-24,8,May-Sep,8,13.3,0.7283,0.6001,-0.5238
2020-08-25,8,May-Sep,8,17.0,2.5574,2.18,-0.5801
2020-08-27,8,May-Sep,8,11.1,2.2716,2.0589,-0.01
2020-08-28,8,May-Sep,8,11.2,3.4563,2.7018,2.5587
2020-08-29,8,May-Sep,8,11.1,1.2811,0.977,-0.7467
2020-08-30,8,May-Sep,8,11.5,1.0031,0.7616,-0.6174
2020-08-31,8,May-Sep,8,12.2,1.2196,0.9643,-0.9155
2020-09-01,9,May-Sep,8,12.2,1.2485,0.9169,-0.7346
2020-09-02,9,May-Sep,8,12.2,2.3876,1.9195,-1.6662
2020-09-03,9,May-Sep,8,13.9,0.9843,0.7814,-0.3614
2020-09-04,9,May-Sep,8,14.6,4.4576,3.6869,3.4875
2020-09-05,9,May-Sep,8,10.1,1.373,1.2669,0.258
2020-09-06,9,May-Sep,8,15.8,2.5534,1.4687,0.9723
2020-09-08,9,May-Sep,8,11.2,1.1285,0.9535,-0.6332
2020-09-09,9,May-Sep,8,10.7,0.9023,0.855,-0.0088
2020-09-10,9,May-Sep,8,10.7,1.6422,1.4781,0.1352
2020-09-11,9,May-Sep,8,10.4,1.4174,1.202,0.9829
2020-09-12,9,May-Sep,8,11.8,0.9868,0.73,-0.5538
2020-09-13,9,May-Sep,8,11.0,1.4572,1.2883,-0.2121
2020-09-14,9,May-Sep,8,11.6,0.9908,0.7098,-0.2395
2020-09-15,9,May-Sep,8,12.3,1.384,1.1001,-0.6065
2020-09-16,9,May-Sep,8,14.3,0.8934,0.6249,-0.3942
2020-09-17,9,May-Sep,8,17.1,4.5035,3.4609,-3.3971
2020-09-18,9,May-Sep,8,17.6,8.2454,6.832,5.1597
2020-09-19,9,May-Sep,8,9.9,1.987,1.6698,1.3684
2020-09-20,9,May-Sep,8,8.6,1.4585,1.0962,-1.002
2020-09-21,9,May-Sep,8,11.6,1.211,1.039,-0.825
2020-09-22,9,May-Sep,8,13.4,0.8961,0.6503,-0.3809
2020-09-23,9,May-Sep,8,13.1,2.2201,1.7019,0.8396
2020-09-24,9,May-Sep,8,9.5,1.7839,1.3268,-0.3462
2020-09-25,9,May-Sep,7,13.9,4.8239,4.2648,2.5037
2020-09-26,9,May-Sep,8,7.0,1.4553,1.0787,0.6451
2020-09-27,9,May-Sep,8,8.6,1.375,1.1576,-0.7844
2020-09-28,9,May-Sep,8,10.2,1.9144,1.5344,-1.3661
2020-09-29,9,May-Sep,8,11.0,4.6743,4.0645,1.4442
2020-09-30,9,May-Sep,8,10.5,1.3915,1.005,-0.0388
2020-10-01,10,Other,8,11.5,1.4727,1.1852,0.5151
2020-10-02,10,Other,8,11.1,1.0138,0.6279,-0.4577
2020-10-03,10,Other,8,10.3,0.794,0.7224,-0.4689
2020-10-04,10,Other,8,12.9,1.0605,0.7379,-0.5493
2020-10-05,10,Other,8,13.4,1.4618,1.3025,-1.0229
2020-10-06,10,Other,8,18.4,4.6776,3.9694,-2.1673
2020-10-07,10,Other,8,19.0,6.4546,4.9894,4.9641
2020-10-08,10,Other,8,9.3,0.7111,0.5178,-0.3122
2020-10-09,10,Other,8,9.3,1.3343,1.1681,-0.1062
2020-10-10,10,Other,8,8.1,1.2484,1.0377,0.8635
2020-10-11,10,Other,8,9.7,0.978,0.7591,0.2052
2020-10-12,10,Other,8,9.7,0.9049,0.7222,-0.389
2020-10-13,10,Other,8,9.9,1.9094,1.5445,-1.3526
2020-10-14,10,Other,8,10.2,1.0219,0.8138,-0.3949
2020-10-15,10,Other,8,10.2,0.7894,0.627,-0.3518
2020-10-16,10,Other,8,10.8,0.8653,0.5852,-0.2305
2020-10-17,10,Other,8,12.7,1.0389,0.8042,-0.5083
2020-10-18,10,Other,8,11.5,1.4832,1.2026,-0.4215
2020-10-19,10,Other,8,10.9,1.9865,1.5615,-1.4061
2020-10-20,10,Other,8,12.4,1.3751,1.0709,-0.3595
2020-10-21,10,Other,8,13.6,2.1857,1.6987,1.2971
2020-10-22,10,Other,8,11.7,1.5184,1.074,-0.3977
2020-10-23,10,Other,8,11.1,1.4359,1.1948,0.3317
2020-10-24,10,Other,8,11.3,5.6561,4.764,2.8661
2020-10-25,10,Other,8,6.7,0.8164,0.7351,-0.0589
2020-10-26,10,Other,8,9.0,0.4849,0.2838,-0.0497
2020-10-27,10,Other,8,12.5,2.5883,1.945,-1.721
2020-10-28,10,Other,8,12.1,5.8285,5.3905,-1.8113
2020-10-29,10,Other,8,10.8,5.1022,3.7555,3.1893
2020-10-30,10,Other,8,7.4,0.9121,0.7493,0.2374
2020-10-31,10,Other,8,8.4,1.2235,0.9101,-0.0011
2020-11-01,11,Other,8,10.2,0.8405,0.6523,-0.0534
2020-11-02,11,Other,8,10.2,1.3201,0.963,-0.035
2020-11-03,11,Other,8,10.2,0.9888,0.8007,-0.079
2020-11-04,11,Other,8,9.5,1.8034,1.329,0.2112
2020-11-05,11,Other,8,9.6,1.5501,1.3339,0.2503
2020-11-06,11,Other,7,9.8,1.5372,1.2729,0.6131
2020-11-07,11,Other,8,9.1,1.1193,1.0055,0.3135
2020-11-08,11,Other,8,12.5,1.5589,1.2748,-0.2042
2020-11-09,11,Other,8,10.8,3.8519,3.4417,1.1139
2020-11-10,11,Other,8,10.3,1.8788,1.6006,0.6085
2020-11-11,11,Other,8,8.6,1.2462,1.0027,0.7801
2020-11-12,11,Other,8,7.2,1.3287,1.0477,0.7501
2020-11-13,11,Other,8,8.5,0.9996,0.7178,-0.275
2020-11-14,11,Other,8,10.0,2.9441,2.6059,0.4874
2020-11-15,11,Other,8,6.0,1.8503,1.3033,0.7913
2020-11-16,11,Other,8,3.2,1.6168,1.3429,-0.8549
2020-11-17,11,Other,7,6.7,3.201,2.8988,0.2668
2020-11-18,11,Other,8,6.8,2.9318,2.2936,1.4973
2020-11-19,11,Other,8,2.7,0.6727,0.5326,0.3685
2020-11-20,11,Other,8,6.8,2.7874,2.2683,-1.8355
2020-11-21,11,Other,8,7.3,0.6791,0.6017,0.0061
2020-11-22,11,Other,8,6.9,1.0293,0.7434,-0.3991
2020-11-23,11,Other,8,7.2,1.4273,0.9844,-0.771
2020-11-24,11,Other,8,10.4,3.349,2.97,-2.4567
2020-11-25,11,Other,8,7.1,2.2673,2.1414,0.1525
2020-11-26,11,Other,8,7.4,1.7524,1.5043,0.3052
2020-11-27,11,Other,8,7.8,1.7414,1.3591,-1.1235
2020-11-28,11,Other,8,5.9,1.0596,0.8817,-0.1206
2020-11-29,11,Other,8,7.8,3.6228,2.9051,-2.0188
2020-11-30,11,Other,8,4.9,2.0408,1.6444,0.9749
2020-12-01,12,Other,9,6.4,2.2404,2.0708,-0.3035
2020-12-02,12,Other,8,11.6,3.9736,3.5684,0.7623
2020-12-03,12,Other,8,5.7,1.234,1.0126,0.4788
2020-12-04,12,Other,8,6.2,2.2537,1.9189,-1.3939
2020-12-05,12,Other,8,5.0,1.5682,1.4299,-0.0423
2020-12-06,12,Other,8,6.7,2.2901,2.1651,-0.207
2020-12-07,12,Other,8,7.8,2.8685,2.242,1.392
2020-12-08,12,Other,8,8.2,1.8123,1.521,-0.3502
2020-12-09,12,Other,8,8.1,1.9781,1.5704,0.0536
2020-12-10,12,Other,8,14.9,6.051,5.25,0.8025
2020-12-11,12,Other,8,14.9,4.6134,3.9316,1.6978
2020-12-12,12,Other,8,11.1,3.8037,3.3164,0.2408
2020-12-13,12,Other,8,9.1,2.9036,2.4177,1.6376
2020-12-14,12,Other,8,9.7,2.7346,2.2928,1.0689
2020-12-15,12,Other,8,10.5,2.9104,2.135,0.7488
2020-12-16,12,Other,8,11.2,3.1397,2.3241,0.7979
2020-12-17,12,Other,8,9.1,2.1833,1.689,0.7918
2020-12-18,12,Other,8,12.4,4.4956,4.1049,1.2851
2020-12-19,12,Other,8,12.4,4.0097,3.2709,-1.1543
2020-12-20,12,Other,8,8.0,2.1527,1.7803,0.2272
2020-12-21,12,Other,8,9.6,2.4906,2.0591,-0.8109
2020-12-22,12,Other,8,10.6,2.9961,2.4294,1.4305
2020-12-23,12,Other,8,11.2,3.154,2.7369,-0.0623
2020-12-24,12,Other,8,12.6,4.2763,2.9812,2.6388
2020-12-25,12,Other,8,13.7,3.9167,3.33,-1.4763
2020-12-26,12,Other,8,10.6,2.9252,2.1163,0.7794
2020-12-27,12,Other,8,8.9,4.0851,3.5108,-3.3383
2020-12-28,12,Other,8,9.9,3.3369,2.9126,-1.0205
2020-12-29,12,Other,8,11.3,5.3037,4.0791,3.682
2020-12-30,12,Other,8,5.5,1.3478,1.0879,-0.0104
2020-12-31,12,Other,8,10.9,2.4187,1.9339,-1.8879
2021-01-01,1,Other,8,8.1,2.3291,1.8995,0.6835
2021-01-02,1,Other,8,6.8,2.3838,1.9991,-0.6245
2021-01-03,1,Other,8,11.0,3.6066,3.3457,0.3342
2021-01-04,1,Other,8,9.4,2.7557,2.1469,1.66
2021-01-05,1,Other,8,8.0,2.8417,2.5152,0.9465
2021-01-06,1,Other,8,8.1,2.2015,1.8128,1.1541
2021-01-07,1,Other,8,8.3,2.5731,2.0855,-1.47
2021-01-08,1,Other,8,9.3,2.8717,2.3959,-1.2109
2021-01-09,1,Other,8,12.2,4.1352,3.7999,-1.5929
2021-01-10,1,Other,8,18.3,6.3289,5.8117,0.6982
2021-01-11,1,Other,8,18.3,5.9978,5.1645,0.0048
2021-01-12,1,Other,8,18.3,5.5124,4.52,-3.4631
2021-01-13,1,Other,8,11.4,4.5434,4.0631,0.241
2021-01-14,1,Other,8,14.5,5.3234,4.8667,1.5909
2021-01-15,1,Other,8,11.2,3.8911,3.4155,2.0392
2021-01-16,1,Other,8,10.2,4.0247,3.5736,0.8971
2021-01-17,1,Other,8,11.6,2.3832,1.7684,1.0739
2021-01-18,1,Other,8,12.2,3.9198,3.6495,-2.5712
2021-01-19,1,Other,8,14.0,4.8497,4.3087,-0.8545
2021-01-20,1,Other,8,17.4,4.9444,4.4153,-1.5366
2021-01-21,1,Other,8,17.6,5.95,5.5424,-1.1394
2021-01-22,1,Other,8,16.7,4.8353,3.9824,1.1891
2021-01-23,1,Other,8,10.3,4.8156,4.4974,0.5297
2021-01-24,1,Other,8,9.8,1.1213,0.887,0.3915
2021-01-25,1,Other,8,12.9,3.9209,3.5454,0.086
2021-01-26,1,Other,8,10.4,1.4207,1.2978,0.0557
2021-01-27,1,Other,8,13.4,5.2517,4.9505,0.1359
2021-01-28,1,Other,8,13.5,3.7488,2.4617,2.4515
2021-01-29,1,Other,8,13.7,3.2597,2.836,-1.0882
2021-01-30,1,Other,8,12.1,3.4708,2.6117,0.6373
2021-01-31,1,Other,8,14.6,5.7303,4.9485,2.8681
2021-02-01,2,Other,8,12.3,2.2933,2.034,-0.219
2021-02-02,2,Other,8,18.3,6.679,5.7012,-4.663
2021-02-03,2,Other,8,14.6,2.94,2.4677,-1.3249
2021-02-04,2,Other,8,13.7,4.0432,3.3857,-0.7285
2021-02-05,2,Other,8,14.4,2.424,2.1277,-0.5547
2021-02-06,2,Other,8,13.2,4.5832,4.087,1.1934
2021-02-07,2,Other,8,10.8,2.6265,2.1396,-0.5992
2021-02-08,2,Other,8,8.7,3.7921,3.4491,0.9519
2021-02-09,2,Other,7,17.6,3.2135,2.5285,1.1048
2021-02-10,2,Other,5,17.4,7.6975,5.6546,3.6714
2021-02-13,2,Other,3,5.2,0.8103,0.8092,-0.2305
2021-02-14,2,Other,8,6.7,1.8318,1.498,0.3597
2021-02-15,2,Other,8,7.6,1.8563,1.6323,-0.2247
2021-02-16,2,Other,8,6.4,2.2888,1.9149,1.2589
2021-02-17,2,Other,8,12.8,4.5171,3.8621,0.691
2021-02-18,2,Other,8,20.3,4.2409,3.2839,-0.1248
2021-02-21,2,Other,7,12.0,5.5049,4.416,3.2454
2021-02-22,2,Other,8,5.2,2.3723,1.833,1.2999
2021-02-23,2,Other,8,4.3,1.7135,1.3321,0.8007
2021-02-24,2,Other,8,3.2,0.9722,0.8364,0.0323
2021-02-25,2,Other,8,6.8,2.5163,2.1707,-0.8693
2021-02-26,2,Other,8,13.9,5.4904,5.1381,1.4999
2021-02-27,2,Other,8,7.4,2.0031,1.6719,-0.0533
2021-02-28,2,Other,8,11.7,1.7766,1.5656,0.2844
2021-03-01,3,Other,8,10.9,1.3111,1.0089,0.8954
2021-03-02,3,Other,7,22.0,7.0707,6.0924,-1.6795
2021-03-03,3,Other,8,17.2,6.1497,5.332,-2.1805
2021-03-04,3,Other,8,10.8,4.7097,3.726,3.726
2021-03-05,3,Other,8,10.3,4.7048,3.2503,2.8497
2021-03-06,3,Other,8,10.0,3.2982,2.8098,1.3543
2021-03-07,3,Other,8,6.9,3.2494,2.5604,2.5604
2021-03-08,3,Other,8,4.6,0.7667,0.7129,-0.0476
2021-03-09,3,Other,8,9.4,2.5779,2.2544,-0.743
2021-03-10,3,Other,8,9.1,3.843,3.1461,3.1461
2021-03-11,3,Other,8,7.2,1.3078,0.9206,0.2364
2021-03-12,3,Other,8,11.6,3.9701,3.554,1.2118
2021-03-13,3,Other,8,11.5,4.3729,3.3001,1.747
2021-03-14,3,Other,8,11.3,4.6925,3.8828,3.2717
2021-03-15,3,Other,8,4.5,1.5721,1.2343,-0.4478
2021-03-16,3,Other,8,3.7,1.1915,0.9514,0.8595
2021-03-17,3,Other,8,2.8,1.1439,0.9167,0.5803
2021-03-18,3,Other,8,6.9,0.871,0.8096,0.2386
2021-03-19,3,Other,8,9.8,1.1247,0.8699,-0.5
2021-03-20,3,Other,8,11.2,1.7342,1.5149,-1.2947
2021-03-21,3,Other,8,14.5,5.0429,4.3144,-0.5466
2021-03-22,3,Other,8,10.8,1.8735,1.4821,-1.4113
2021-03-23,3,Other,8,8.3,0.6819,0.4824,-0.1505
2021-03-24,3,Other,8,8.6,1.2607,1.0219,-0.2628
2021-03-25,3,Other,8,13.2,3.248,1.8678,-0.6911
2021-03-26,3,Other,8,13.7,6.2868,4.9052,-3.1531
2021-03-27,3,Other,8,10.8,1.4625,1.3362,-0.4538
2021-03-28,3,Other,8,12.5,2.0011,1.4746,0.1167
2021-03-29,3,Other,7,17.6,4.9632,4.3884,0.8698
2021-03-30,3,Other,8,11.6,4.571,3.6673,3.6673
2021-03-31,3,Other,8,9.0,1.0817,0.8243,0.1424
2021-04-01,4,Other,8,8.6,1.1381,0.8886,-0.3606
2021-04-02,4,Other,8,10.1,1.7355,1.4943,-1.1222
2021-04-03,4,Other,8,8.3,1.7076,1.354,0.7769
2021-04-04,4,Other,8,8.9,0.8665,0.64,-0.2871
2021-04-05,4,Other,8,13.1,1.8939,1.5272,-1.3338
2021-04-06,4,Other,8,13.0,1.6186,1.2917,-1.1386
2021-04-07,4,Other,8,12.3,2.1322,1.6615,-1.6136
2021-04-08,4,Other,8,10.2,1.7704,1.5911,-0.1662
2021-04-09,4,Other,8,9.0,0.5892,0.48,-0.0399
2021-04-10,4,Other,8,9.5,0.9134,0.7522,0.0862
2021-04-11,4,Other,8,12.4,3.3331,2.8102,1.0728
2021-04-12,4,Other,8,10.1,0.7808,0.565,-0.1955
2021-04-13,4,Other,8,14.9,1.4788,1.0869,-0.6035
2021-04-14,4,Other,8,14.2,2.2175,1.9009,0.5319
2021-04-15,4,Other,8,12.7,0.6929,0.5041,-0.1424
2021-04-16,4,Other,8,15.6,1.5939,1.2188,-0.8728
2021-04-17,4,Other,8,15.4,3.0039,2.6719,-1.8401
2021-04-18,4,Other,8,10.8,1.2022,0.997,0.543
2021-04-19,4,Other,8,11.7,3.6068,2.9017,1.2331
2021-04-20,4,Other,8,13.4,1.397,1.0307,-0.8903
2021-04-21,4,Other,8,22.1,5.2321,4.1231,-1.2988
2021-04-22,4,Other,8,19.0,9.4083,7.3061,7.1895
2021-04-23,4,Other,8,4.6,1.0657,0.8489,-0.1661
2021-04-24,4,Other,8,6.3,2.3654,1.8989,1.2602
2021-04-25,4,Other,8,12.4,1.4638,1.0132,-0.8119
2021-04-26,4,Other,8,16.4,3.6371,2.8298,-2.1925
2021-04-27,4,Other,8,18.5,4.487,3.7204,-3.6465
2021-04-28,4,Other,8,16.3,1.134,0.8411,-0.6418
2021-04-29,4,Other,8,18.7,2.6934,2.1429,-2.0939
2021-04-30,4,Other,8,17.4,1.832,1.4384,-1.4142
2021-05-01,5,May-Sep,8,21.9,10.0844,8.8523,4.0786
2021-05-02,5,May-Sep,8,17.5,6.0918,5.1307,4.2246
2021-05-03,5,May-Sep,8,11.1,1.0367,0.825,-0.3643
2021-05-04,5,May-Sep,8,15.6,3.2162,2.2059,-2.0815
2021-05-05,5,May-Sep,8,15.2,1.0218,0.822,-0.3523
2021-05-06,5,May-Sep,8,17.6,2.0508,1.7932,-1.4113
2021-05-07,5,May-Sep,8,16.9,1.8394,1.4872,-1.2552
2021-05-08,5,May-Sep,8,14.9,4.3302,3.9723,2.2857
2021-05-09,5,May-Sep,8,9.8,0.3448,0.3235,-0.1102
2021-05-10,5,May-Sep,8,10.9,2.6392,2.167,0.8938
2021-05-11,5,May-Sep,8,15.1,7.3666,5.9603,4.1376
2021-05-12,5,May-Sep,8,13.3,5.5021,4.5087,1.9835
2021-05-13,5,May-Sep,8,14.0,3.069,2.1231,2.051
2021-05-14,5,May-Sep,8,12.9,1.8592,1.401,-1.0874
2021-05-15,5,May-Sep,8,11.2,2.3662,2.0447,0.853
2021-05-16,5,May-Sep,8,9.0,0.9561,0.6258,-0.453
2021-05-17,5,May-Sep,8,9.2,2.253,1.9535,0.1811
2021-05-18,5,May-Sep,8,12.8,1.081,0.9241,-0.6259
2021-05-19,5,May-Sep,8,13.9,1.3133,0.901,-0.7264
2021-05-20,5,May-Sep,8,17.6,8.1135,6.7899,2.9132
2021-05-21,5,May-Sep,8,17.1,6.4226,5.6472,4.9544
2021-05-22,5,May-Sep,8,8.9,1.1229,0.8425,0.1196
2021-05-23,5,May-Sep,8,15.4,2.4756,2.0963,-1.8279
2021-05-24,5,May-Sep,8,15.0,1.4637,1.1501,-1.0257
2021-05-25,5,May-Sep,8,14.1,1.7902,1.5589,-1.1957
2021-05-26,5,May-Sep,8,14.3,1.113,0.9666,-0.8591
2021-05-27,5,May-Sep,8,13.0,1.0375,0.7959,-0.3262
2021-05-28,5,May-Sep,8,14.3,4.1569,3.5332,1.3936
2021-05-29,5,May-Sep,8,13.6,3.6144,2.6211,2.0992
2021-05-30,5,May-Sep,7,11.7,0.9755,0.8966,-0.272
2021-05-31,5,May-Sep,8,11.2,0.5635,0.4419,-0.1137
2021-06-01,6,May-Sep,8,11.1,0.7868,0.5686,-0.2234
2021-06-02,6,May-Sep,8,12.9,1.7805,1.341,-1.2417
2021-06-03,6,May-Sep,8,13.3,1.7145,1.4864,-1.0276
2021-06-04,6,May-Sep,8,14.4,4.9616,3.8641,2.59
2021-06-05,6,May-Sep,8,15.6,5.1324,4.5019,1.0604
2021-06-06,6,May-Sep,8,15.3,5.5634,4.4643,4.2835
2021-06-07,6,May-Sep,8,12.5,1.4855,1.0855,-0.4906
2021-06-08,6,May-Sep,8,18.2,2.7853,2.2828,-1.8249
2021-06-09,6,May-Sep,8,13.9,3.9504,3.3506,2.5504
2021-06-10,6,May-Sep,8,11.6,1.5036,1.211,0.2599
2021-06-11,6,May-Sep,8,13.7,3.8297,3.5063,1.8521
2021-06-12,6,May-Sep,8,10.4,1.5616,1.2661,0.8724
2021-06-13,6,May-Sep,8,10.3,4.4647,3.7038,3.0593
2021-06-14,6,May-Sep,8,10.2,2.5459,2.1605,0.3959
2021-06-15,6,May-Sep,8,13.8,2.2421,1.9356,-1.611
2021-06-16,6,May-Sep,8,14.3,1.8362,1.3051,-0.8717
2021-06-17,6,May-Sep,8,14.5,1.9273,1.553,-1.3528
2021-06-18,6,May-Sep,8,13.0,1.0522,0.7993,-0.3029
2021-06-19,6,May-Sep,8,12.3,3.6125,2.8079,1.5046
2021-06-20,6,May-Sep,8,16.5,5.8279,5.0784,-0.0369
2021-06-21,6,May-Sep,8,16.0,3.6027,2.9335,1.8877
2021-06-22,6,May-Sep,8,12.0,3.3864,2.9269,0.3592
2021-06-23,6,May-Sep,8,11.7,3.0408,2.3633,2.3633
2021-06-24,6,May-Sep,8,16.1,1.868,1.3573,-0.4747
2021-06-25,6,May-Sep,8,16.9,8.3053,7.455,5.0817
2021-06-26,6,May-Sep,8,9.1,0.8647,0.7641,0.0688
2021-06-27,6,May-Sep,8,8.4,2.3469,1.6533,1.1623
2021-06-28,6,May-Sep,8,14.3,1.1079,0.817,-0.291
2021-06-29,6,May-Sep,8,15.1,2.0213,1.7119,-1.5239
2021-06-30,6,May-Sep,8,11.3,1.5132,1.1316,-0.9209
2021-07-01,7,May-Sep,8,9.9,0.6084,0.4603,-0.2329
2021-07-02,7,May-Sep,8,10.7,1.0182,0.7748,-0.3411
2021-07-03,7,May-Sep,8,10.2,0.8778,0.6743,-0.1311
2021-07-04,7,May-Sep,8,12.1,0.6969,0.5339,-0.3145
2021-07-05,7,May-Sep,8,14.9,1.4653,1.1991,0.1467
2021-07-06,7,May-Sep,8,14.8,2.8866,2.2065,1.7642
2021-07-07,7,May-Sep,8,12.8,4.2046,3.5478,2.551
2021-07-08,7,May-Sep,8,9.4,1.922,1.5384,1.0582
2021-07-09,7,May-Sep,8,10.8,0.7837,0.555,-0.1278
2021-07-10,7,May-Sep,8,15.2,2.0591,1.804,-0.2639
2021-07-11,7,May-Sep,8,18.9,5.3138,4.6027,2.9062
2021-07-12,7,May-Sep,8,13.3,1.5551,1.1702,0.4831
2021-07-13,7,May-Sep,8,13.5,2.0911,1.7744,-1.3446
2021-07-14,7,May-Sep,8,12.3,6.0539,5.2158,3.7253
2021-07-15,7,May-Sep,8,13.1,1.3817,1.0759,-0.3914
2021-07-16,7,May-Sep,8,15.2,1.9122,1.6278,0.1646
2021-07-17,7,May-Sep,8,15.6,6.0439,5.0429,4.5253
2021-07-18,7,May-Sep,8,7.6,1.2017,0.7971,0.5671
2021-07-19,7,May-Sep,8,11.5,1.3016,0.9624,-0.3985
2021-07-20,7,May-Sep,8,13.5,1.8144,1.4426,-0.9616
2021-07-21,7,May-Sep,8,12.4,1.2653,0.9535,-0.6495
2021-07-22,7,May-Sep,8,12.5,3.9629,2.8817,2.6436
2021-07-23,7,May-Sep,8,11.0,2.3677,1.7999,1.4394
2021-07-24,7,May-Sep,8,11.3,0.8406,0.6523,-0.4269
2021-07-25,7,May-Sep,8,10.3,0.7893,0.4569,-0.3473
2021-07-26,7,May-Sep,8,9.9,0.6803,0.6231,0.2904
2021-07-27,7,May-Sep,8,13.0,0.8363,0.676,-0.2705
2021-07-28,7,May-Sep,8,13.5,3.605,2.9251,2.5621
2021-07-29,7,May-Sep,8,10.0,1.3706,1.1737,0.3564
2021-07-30,7,May-Sep,8,18.4,6.0949,5.3386,0.3398
2021-07-31,7,May-Sep,8,17.8,10.0905,7.8749,7.5278
2021-08-01,8,May-Sep,8,12.3,1.7278,1.3711,-1.2991
2021-08-02,8,May-Sep,8,14.1,0.8898,0.691,-0.4272
2021-08-03,8,May-Sep,8,16.4,1.7535,1.362,-1.1033
2021-08-04,8,May-Sep,8,14.8,2.344,2.0518,-1.5085
2021-08-05,8,May-Sep,8,14.5,3.1979,2.7015,-0.4541
2021-08-06,8,May-Sep,8,12.8,1.3243,1.1249,0.7544
2021-08-07,8,May-Sep,8,10.6,0.744,0.6509,-0.2638
2021-08-08,8,May-Sep,8,10.6,0.9478,0.8141,-0.0933
2021-08-09,8,May-Sep,8,12.7,0.8303,0.6992,0.0874
2021-08-10,8,May-Sep,8,14.1,5.8883,5.0051,3.5756
2021-08-11,8,May-Sep,8,12.2,0.9676,0.814,-0.4383
2021-08-12,8,May-Sep,8,16.6,2.616,1.9758,-1.3406
2021-08-13,8,May-Sep,8,16.1,6.2486,5.7376,4.1878
2021-08-14,8,May-Sep,8,13.3,3.03,2.5642,-0.1271
2021-08-15,8,May-Sep,8,12.9,5.9887,4.6459,4.6408
2021-08-16,8,May-Sep,8,7.2,1.6115,1.4056,-0.1501
2021-08-17,8,May-Sep,8,8.5,3.0469,2.6686,1.7481
2021-08-18,8,May-Sep,8,10.3,0.9887,0.8493,-0.4046
2021-08-19,8,May-Sep,8,13.0,1.0323,0.8234,-0.4839
2021-08-20,8,May-Sep,8,11.6,1.3375,1.0969,-0.74
2021-08-21,8,May-Sep,8,10.1,1.0404,0.8799,0.5554
2021-08-22,8,May-Sep,8,10.0,1.0097,0.959,0.338
2021-08-23,8,May-Sep,8,12.2,1.1322,0.6904,-0.4333
2021-08-24,8,May-Sep,8,12.9,1.1822,0.9211,-0.7536
2021-08-25,8,May-Sep,8,11.6,1.083,0.7719,-0.4066
2021-08-26,8,May-Sep,8,10.8,1.2896,0.9417,0.19
2021-08-27,8,May-Sep,8,10.5,1.6186,1.1956,0.673
2021-08-28,8,May-Sep,8,13.1,1.253,1.0901,-0.4685
2021-08-29,8,May-Sep,8,13.0,2.9768,2.6014,0.8625
2021-08-30,8,May-Sep,8,7.8,1.1414,1.0147,0.7209
2021-08-31,8,May-Sep,8,14.2,1.0978,0.8367,-0.7457
2021-09-01,9,May-Sep,8,15.6,3.275,3.0774,0.5877
2021-09-02,9,May-Sep,8,13.7,5.4602,4.3983,4.3675
2021-09-03,9,May-Sep,8,10.5,1.1413,0.904,-0.3409
2021-09-04,9,May-Sep,8,12.0,1.3638,1.0775,-0.9712
2021-09-05,9,May-Sep,8,14.0,0.6319,0.5087,-0.0949
2021-09-06,9,May-Sep,8,14.2,1.7667,1.2492,-1.1044
2021-09-07,9,May-Sep,8,12.2,1.008,0.6716,-0.1804
2021-09-08,9,May-Sep,8,15.0,1.1946,0.9555,-0.4907
2021-09-09,9,May-Sep,8,13.7,1.6156,1.3574,0.8274
2021-09-10,9,May-Sep,8,18.6,7.4363,6.4236,4.2767
2021-09-11,9,May-Sep,8,10.5,2.3925,1.9751,1.9751
2021-09-12,9,May-Sep,8,12.2,1.8742,1.2171,-0.977
2021-09-13,9,May-Sep,8,12.7,2.5652,1.9651,-1.8405
2021-09-14,9,May-Sep,8,10.6,1.0556,0.9201,0.1683
2021-09-15,9,May-Sep,8,12.6,0.8438,0.6809,-0.6411
2021-09-16,9,May-Sep,8,11.4,1.1202,0.7963,-0.6181
2021-09-17,9,May-Sep,8,11.6,1.2259,1.0237,-0.1778
2021-09-18,9,May-Sep,8,14.7,0.7733,0.6533,-0.0714
2021-09-19,9,May-Sep,8,17.9,3.2753,2.7209,-1.5453
2021-09-21,9,May-Sep,8,14.0,3.807,2.9779,2.7026
2021-09-22,9,May-Sep,8,9.5,0.9268,0.8488,0.1635
2021-09-23,9,May-Sep,8,10.2,0.9504,0.7791,-0.1323
2021-09-24,9,May-Sep,8,12.5,4.3884,3.7506,1.514
2021-09-25,9,May-Sep,8,12.1,2.0603,1.5672,1.4502
2021-09-26,9,May-Sep,7,11.4,1.0073,0.6761,-0.3933
2021-09-27,9,May-Sep,8,15.5,1.7003,1.3029,-1.0931
2021-09-28,9,May-Sep,8,13.1,2.4005,2.1598,-0.7249
2021-09-29,9,May-Sep,8,10.4,0.8876,0.5478,-0.1709
2021-09-30,9,May-Sep,8,12.7,1.0497,0.9289,-0.5472
2021-10-01,10,Other,8,17.3,9.4407,9.0908,0.4402
2021-10-02,10,Other,8,17.3,9.4447,7.1058,6.715
2021-10-03,10,Other,8,7.2,0.4977,0.3786,0.0585
2021-10-04,10,Other,8,7.7,1.058,0.8189,0.1021
2021-10-05,10,Other,8,14.8,0.7709,0.6619,0.185
2021-10-06,10,Other,8,17.2,6.1586,5.7036,1.0928
2021-10-07,10,Other,8,12.0,6.5727,5.1437,4.9463
2021-10-08,10,Other,8,7.0,0.895,0.7504,0.7137
2021-10-09,10,Other,8,11.7,0.97,0.7097,-0.3238
2021-10-10,10,Other,8,11.9,3.4615,2.6678,-2.4634
2021-10-11,10,Other,8,8.4,1.5767,1.056,0.8913
2021-10-13,10,Other,8,10.4,2.0033,1.726,-0.1001
2021-10-14,10,Other,8,10.1,1.0949,0.7449,-0.4845
2021-10-15,10,Other,8,12.1,2.0229,1.6108,-1.2989
2021-10-16,10,Other,8,15.0,2.3058,1.5256,-0.8357
2021-10-17,10,Other,8,13.5,2.2705,1.7528,1.1962
2021-10-18,10,Other,8,11.3,0.8171,0.6731,0.1436
2021-10-19,10,Other,8,11.3,0.6339,0.4714,0.1361
2021-10-20,10,Other,8,14.5,3.3489,2.7955,-0.5444
2021-10-21,10,Other,8,11.9,1.4822,1.2353,0.9225
2021-10-22,10,Other,8,13.5,3.1106,2.9629,-0.0239
2021-10-23,10,Other,8,13.0,6.9216,5.6268,4.2873
2021-10-24,10,Other,8,9.0,0.8696,0.6275,0.068
2021-10-25,10,Other,8,12.0,0.9438,0.6889,-0.2506
2021-10-26,10,Other,8,11.3,1.4765,1.2095,-0.1288
2021-10-27,10,Other,8,14.0,2.2441,1.8762,-0.8899
2021-10-28,10,Other,8,10.6,0.9529,0.8016,-0.563
2021-10-29,10,Other,8,11.0,1.6796,1.2046,1.1124
2021-10-30,10,Other,8,8.7,1.2756,1.0257,-0.1038
2021-10-31,10,Other,8,7.6,0.9712,0.7993,0.4533
2021-11-02,11,Other,8,12.7,1.1854,1.0029,0.6293
2021-11-03,11,Other,8,21.7,8.9831,7.4837,-5.5942
2021-11-05,11,Other,8,5.7,0.6338,0.4668,-0.3033
2021-11-06,11,Other,8,11.2,1.4571,1.2239,-0.8538
2021-11-07,11,Other,8,10.6,1.5624,1.2102,0.8941
2021-11-08,11,Other,8,9.4,1.678,1.3057,-1.0142
2021-11-09,11,Other,8,9.0,1.3417,1.1479,-0.387
2021-11-10,11,Other,8,7.6,1.2045,0.9129,0.3051
2021-11-11,11,Other,8,8.8,1.2389,1.056,0.0624
2021-11-12,11,Other,8,13.5,2.2929,2.0238,-0.5806
2021-11-13,11,Other,8,15.8,2.9267,2.5155,0.4999
2021-11-14,11,Other,8,13.5,3.9411,3.0217,2.753
2021-11-15,11,Other,8,8.3,2.0448,1.4588,1.2309
2021-11-16,11,Other,8,11.3,3.4101,2.7529,1.6466
2021-11-17,11,Other,8,12.3,4.4289,3.4274,3.3837
2021-11-18,11,Other,8,8.5,3.5664,2.9186,-1.8952
2021-11-19,11,Other,8,7.8,2.4886,1.7773,1.4399
2021-11-20,11,Other,8,7.6,1.9203,1.7309,-0.453
2021-11-21,11,Other,8,8.5,1.7148,1.2128,0.94
2021-11-22,11,Other,8,10.7,1.5165,1.1292,0.4302
2021-11-23,11,Other,8,18.5,5.2044,4.5818,-2.6785
2021-11-24,11,Other,8,14.8,4.0143,3.0529,1.3715
2021-11-25,11,Other,8,14.8,3.7304,2.6756,1.001
2021-11-26,11,Other,8,9.8,4.8446,4.3665,-1.388
2021-11-27,11,Other,8,15.3,5.8057,5.3868,1.3795
2021-11-28,11,Other,8,11.4,1.5633,1.2954,1.1646
2021-11-29,11,Other,8,13.3,3.9459,3.0938,1.8771
2021-11-30,11,Other,8,10.3,2.0748,1.6487,-1.0521
2021-12-01,12,Other,8,11.0,3.1816,2.9253,-0.3392
2021-12-02,12,Other,9,10.7,2.6994,2.3494,0.4636
2021-12-03,12,Other,8,9.3,2.903,2.7032,-0.2139
2021-12-04,12,Other,8,13.1,3.3134,2.9945,-0.953
2021-12-05,12,Other,8,11.5,4.3212,3.4769,2.4713
2021-12-06,12,Other,8,11.0,1.2415,0.929,-0.188
2021-12-07,12,Other,8,9.9,1.8971,1.5521,0.0931
2021-12-08,12,Other,8,12.5,2.3769,1.8283,0.9658
2021-12-09,12,Other,8,13.1,5.1957,4.087,3.3585
2021-12-10,12,Other,8,12.1,3.7374,3.3492,-0.7912
2021-12-11,12,Other,8,13.8,5.1887,4.563,2.7396
2021-12-12,12,Other,8,7.3,1.8555,1.5744,-0.5721
2021-12-13,12,Other,8,13.5,4.4782,3.2905,-2.4733
2021-12-14,12,Other,8,11.6,4.4001,3.5388,-2.8341
2021-12-15,12,Other,7,7.2,2.5742,2.0409,1.6919
2021-12-16,12,Other,8,7.3,2.4712,2.1665,-0.7299
2021-12-17,12,Other,8,9.9,2.961,2.3389,1.2881
2021-12-18,12,Other,8,11.7,3.2969,2.4698,1.8109
2021-12-19,12,Other,8,12.0,3.9594,3.1173,-1.2245
2021-12-20,12,Other,8,12.6,5.6091,4.8602,-2.3433
2021-12-21,12,Other,8,18.7,7.8015,7.0491,0.7027
2021-12-23,12,Other,8,8.5,1.5561,1.2804,0.053
2021-12-24,12,Other,8,8.5,2.4253,2.0486,0.565
2021-12-25,12,Other,8,10.8,4.2835,3.4467,1.7279
2021-12-26,12,Other,8,11.8,4.6583,3.4848,3.4699
2021-12-27,12,Other,8,6.0,1.1451,0.9985,-0.397
2021-12-28,12,Other,8,11.1,3.5159,2.6378,-1.018
2021-12-29,12,Other,8,10.7,4.0282,3.4051,1.6483
2021-12-30,12,Other,8,8.2,2.692,2.1502,-0.3629
2021-12-31,12,Other,8,9.2,3.0519,2.9599,0.0054
2022-01-01,1,Other,8,9.7,2.0172,1.5666,1.3465
2022-01-02,1,Other,8,14.9,4.3138,3.6639,-0.0523
2022-01-03,1,Other,8,14.4,5.409,4.5964,1.3351
2022-01-04,1,Other,8,11.3,2.4481,2.1318,0.3781
2022-01-05,1,Other,8,12.9,3.3317,3.0436,-1.0926
2022-01-06,1,Other,7,9.6,3.1815,2.6318,0.5547
2022-01-07,1,Other,8,8.3,1.2434,1.1654,-0.0075
2022-01-08,1,Other,8,11.2,2.0946,1.8114,-0.4409
2022-01-09,1,Other,8,10.7,4.2202,3.411,2.5092
2022-01-10,1,Other,8,8.9,3.2667,2.663,1.5348
2022-01-11,1,Other,8,9.2,2.4561,1.7319,1.5427
2022-01-12,1,Other,8,5.9,1.8263,1.3899,1.2424
2022-01-13,1,Other,8,7.3,1.5633,1.3623,-0.361
2022-01-14,1,Other,8,11.5,3.1973,2.4476,-0.9232
2022-01-15,1,Other,7,18.4,6.7739,5.5966,-2.1018
2022-01-16,1,Other,8,18.4,6.6002,5.5403,1.9372
2022-01-17,1,Other,8,12.3,4.5091,3.6763,1.6786
2022-01-18,1,Other,8,12.7,2.5535,2.2426,-0.4033
2022-01-19,1,Other,8,13.2,4.5169,3.8376,1.109
2022-01-20,1,Other,8,8.8,2.2483,2.0023,-1.0309
2022-01-21,1,Other,8,5.1,1.7158,1.5294,-0.5443
2022-01-22,1,Other,8,9.2,2.4659,2.0027,-0.8957
2022-01-23,1,Other,8,8.7,2.8369,1.9752,1.7905
2022-01-24,1,Other,8,7.0,2.0822,1.9563,0.6993
2022-01-25,1,Other,8,5.4,1.5208,1.2857,0.5999
2022-01-26,1,Other,8,6.4,1.6261,1.5554,0.1939
2022-01-27,1,Other,8,7.5,1.9377,1.5445,0.2583
2022-01-28,1,Other,8,9.2,3.1324,2.5508,1.7644
2022-01-29,1,Other,8,6.2,1.1358,0.9319,0.3683
2022-01-30,1,Other,8,7.8,1.8067,1.4115,-0.6183
2022-01-31,1,Other,8,9.0,1.7893,1.4988,-0.2051
2022-02-01,2,Other,8,9.1,2.0784,1.7368,0.4458
2022-02-02,2,Other,8,12.0,3.7919,3.4436,-0.3686
2022-02-03,2,Other,8,11.5,2.7386,2.305,0.6798
2022-02-04,2,Other,8,9.7,3.1688,2.6399,1.3467
2022-02-05,2,Other,8,8.4,2.157,1.7056,1.2723
2022-02-06,2,Other,5,8.3,1.9532,1.6104,0.3692
2022-02-07,2,Other,7,10.3,2.1345,1.9204,-0.9426
2022-02-08,2,Other,8,10.0,2.1486,1.9743,-0.7882
2022-02-09,2,Other,8,10.1,2.6877,2.322,0.2148
2022-02-10,2,Other,8,11.4,2.7643,2.4163,-1.515
2022-02-11,2,Other,8,8.6,2.8351,2.3269,0.7527
2022-02-12,2,Other,8,7.1,2.4948,1.9476,1.8049
2022-02-13,2,Other,8,9.2,1.7238,1.5036,-0.0484
2022-02-14,2,Other,8,8.5,1.9986,1.5713,0.7033
2022-02-15,2,Other,8,6.6,1.5697,1.2983,0.2821
2022-02-16,2,Other,8,7.1,2.4515,2.2499,1.0284
2022-02-17,2,Other,8,8.5,2.468,2.2199,-0.4879
2022-02-18,2,Other,8,11.6,2.2447,1.883,0.6019
2022-02-19,2,Other,8,12.5,3.3679,2.5747,2.2623
2022-02-20,2,Other,8,12.3,2.2917,1.911,-0.1941
2022-02-21,2,Other,8,10.0,1.5935,1.1671,0.3193
2022-02-22,2,Other,8,11.9,2.8829,2.4729,0.8546
2022-02-23,2,Other,8,10.4,1.9637,1.7014,-0.7289
2022-02-24,2,Other,8,15.7,3.6421,3.3856,-1.865
2022-02-25,2,Other,8,11.7,3.5308,2.6866,1.6046
2022-02-26,2,Other,8,10.0,2.0588,1.5909,0.2117
2022-02-27,2,Other,8,9.6,2.4404,1.9598,-0.3661
2022-02-28,2,Other,8,10.0,4.2655,3.3119,2.5537
2022-03-01,3,Other,8,11.6,2.46,1.9656,-0.1149
2022-03-02,3,Other,8,17.8,3.7506,3.1459,-2.5015
2022-03-03,3,Other,8,11.8,3.2752,2.7289,1.9486
2022-03-04,3,Other,8,8.8,2.8677,2.1304,1.561
2022-03-05,3,Other,8,10.6,1.1443,0.7708,0.0659
2022-03-06,3,Other,8,10.4,4.0785,3.3352,2.043
2022-03-07,3,Other,8,9.8,1.5868,1.1762,-0.5818
2022-03-08,3,Other,8,11.6,3.1828,2.4919,-1.7591
2022-03-09,3,Other,8,8.2,1.8229,1.2918,0.913
2022-03-10,3,Other,8,5.5,1.2784,1.0263,-0.9133
2022-03-11,3,Other,8,8.2,0.8353,0.7172,-0.4256
2022-03-12,3,Other,8,8.0,1.4252,1.0836,-0.0401
2022-03-13,3,Other,8,13.2,2.1412,1.7771,-1.4798
2022-03-14,3,Other,8,11.3,3.2636,2.9078,1.6968
2022-03-15,3,Other,8,9.3,3.1996,2.7727,1.8853
2022-03-16,3,Other,8,6.1,1.9192,1.5373,1.0964
2022-03-17,3,Other,8,3.8,1.1309,0.8044,-0.7401
2022-03-18,3,Other,8,4.0,1.69,1.3655,0.5084
2022-03-19,3,Other,8,4.8,2.4207,2.1404,0.7582
2022-03-20,3,Other,8,3.9,0.298,0.2522,0.1529
2022-03-21,3,Other,8,8.9,2.5006,1.6887,-0.184
2022-03-22,3,Other,8,8.3,3.013,2.1156,-0.0307
2022-03-23,3,Other,8,9.0,3.6894,3.1833,1.6378
2022-03-24,3,Other,8,7.2,0.7978,0.6161,-0.1779
2022-03-25,3,Other,8,11.0,1.7905,1.3989,-1.1822
2022-03-26,3,Other,8,15.6,4.1245,3.0204,-2.6813
2022-03-27,3,Other,8,12.2,6.3995,5.6246,-0.0737
2022-03-28,3,Other,8,10.7,2.9216,2.4067,0.9538
2022-03-29,3,Other,8,11.1,1.0334,0.7525,-0.4078
2022-03-30,3,Other,8,13.2,5.8292,5.2352,3.0972
2022-03-31,3,Other,8,11.6,0.8788,0.6626,-0.4012
2022-04-01,4,Other,8,14.6,2.1305,1.738,-1.6915
2022-04-02,4,Other,7,13.8,1.8717,1.5409,-1.5409
2022-04-03,4,Other,8,14.1,2.7475,2.3174,-2.2705
2022-04-04,4,Other,8,13.5,0.8949,0.6232,-0.2821
2022-04-05,4,Other,7,14.7,1.4481,1.2315,-1.0633
2022-04-06,4,Other,8,14.9,0.8661,0.7124,-0.5552
2022-04-07,4,Other,8,16.6,1.5571,1.3033,-1.1115
2022-04-08,4,Other,8,14.6,1.9953,1.625,0.2373
2022-04-10,4,Other,8,9.0,2.8791,2.6166,1.9145
2022-04-11,4,Other,8,9.7,1.3658,1.1233,-0.4354
2022-04-12,4,Other,7,11.0,0.928,0.7843,0.1046
2022-04-13,4,Other,8,11.6,1.0353,0.8133,-0.3611
2022-04-14,4,Other,8,14.4,2.5037,1.9906,-1.1316
2022-04-15,4,Other,8,16.3,5.5855,4.5007,4.4045
2022-04-16,4,Other,8,14.0,1.1097,0.9501,-0.2167
2022-04-17,4,Other,8,18.9,5.1795,4.0376,-3.8395
2022-04-18,4,Other,8,13.6,3.7904,3.0591,-2.8778
2022-04-19,4,Other,8,14.1,2.727,1.9393,-1.073
2022-04-20,4,Other,7,16.8,4.9875,3.7843,3.4428
2022-04-21,4,Other,8,10.0,1.0684,0.9009,0.5711
2022-04-22,4,Other,8,12.3,1.0078,0.7678,-0.4649
2022-04-23,4,Other,8,12.1,0.8751,0.5846,-0.4595
2022-04-24,4,Other,8,14.5,5.0993,4.7362,0.9447
2022-04-25,4,Other,8,15.3,4.4179,3.812,2.8633
2022-04-26,4,Other,8,11.6,4.2793,3.2751,2.1678
2022-04-27,4,Other,8,11.3,1.6723,1.3347,-0.4027
2022-04-28,4,Other,8,10.9,2.1076,1.804,-0.1112
2022-04-29,4,Other,7,10.9,1.4318,1.1557,-0.8118
2022-04-30,4,Other,8,13.8,4.2093,3.2834,-3.2091
2022-05-01,5,May-Sep,7,8.2,1.8409,1.228,-1.1741
2022-05-02,5,May-Sep,8,8.5,1.3405,1.046,-0.6384
2022-05-03,5,May-Sep,8,13.9,2.4907,1.7305,-1.3678
2022-05-04,5,May-Sep,8,15.3,4.5527,3.565,3.4799
2022-05-05,5,May-Sep,8,9.8,1.341,1.1336,-0.9112
2022-05-06,5,May-Sep,8,13.8,7.0771,6.0949,4.6973
2022-05-07,5,May-Sep,8,13.2,1.6479,1.2231,-0.5607
2022-05-08,5,May-Sep,8,12.2,1.6017,1.462,-0.4923
2022-05-09,5,May-Sep,8,13.9,2.6483,2.0031,1.7169
2022-05-10,5,May-Sep,8,13.7,1.6271,1.3137,-1.0103
2022-05-11,5,May-Sep,8,11.5,2.8658,2.4274,0.5202
2022-05-12,5,May-Sep,8,10.5,3.2291,2.6929,2.5705
2022-05-13,5,May-Sep,8,9.2,1.4376,0.9679,-0.134
2022-05-14,5,May-Sep,8,10.9,2.8975,2.1834,-2.1588
2022-05-15,5,May-Sep,8,10.8,1.6125,1.2735,0.0734
2022-05-16,5,May-Sep,8,13.8,5.3573,4.4862,3.8304
2022-05-17,5,May-Sep,8,10.7,0.8512,0.7193,-0.1246
2022-05-18,5,May-Sep,8,13.3,1.5132,1.2131,-1.0567
2022-05-19,5,May-Sep,8,12.6,1.5988,1.3446,-1.295
2022-05-20,5,May-Sep,8,12.4,3.642,3.0744,2.4354
2022-05-21,5,May-Sep,8,13.7,1.8358,1.5076,-0.6986
2022-05-22,5,May-Sep,8,11.7,1.2736,1.0343,-0.6724
2022-05-23,5,May-Sep,8,10.9,3.0381,2.5144,1.7338
2022-05-24,5,May-Sep,8,12.4,1.317,1.0856,-0.221
2022-05-25,5,May-Sep,8,17.0,1.9399,1.5428,-0.8684
2022-05-26,5,May-Sep,8,14.9,4.2971,3.7621,2.5146
2022-05-27,5,May-Sep,8,9.3,2.8341,1.7831,1.503
2022-05-28,5,May-Sep,8,10.4,0.5422,0.4187,-0.2206
2022-05-29,5,May-Sep,8,12.0,1.7652,1.4666,-0.0331
2022-05-30,5,May-Sep,8,12.0,2.7268,2.1994,1.8602
2022-05-31,5,May-Sep,8,11.9,2.5781,2.0423,-1.3739
2022-06-01,6,May-Sep,8,12.4,3.8885,2.9728,2.6421
2022-06-02,6,May-Sep,8,10.0,4.2006,3.4929,1.2946
2022-06-03,6,May-Sep,8,12.0,1.0803,0.78,-0.2317
2022-06-04,6,May-Sep,8,12.5,2.6015,2.1828,0.7843
2022-06-05,6,May-Sep,8,11.2,1.041,0.869,0.0837
2022-06-06,6,May-Sep,8,11.6,1.4977,1.1773,-0.8282
2022-06-07,6,May-Sep,8,8.9,1.0531,0.7854,0.3364
2022-06-08,6,May-Sep,8,11.1,0.6616,0.5062,-0.2956
2022-06-09,6,May-Sep,8,12.2,0.8088,0.5853,-0.3409
2022-06-10,6,May-Sep,7,11.0,1.4296,1.293,-0.5448
2022-06-11,6,May-Sep,8,12.5,1.0511,0.8049,-0.5777
2022-06-12,6,May-Sep,8,14.4,1.4479,1.0468,-0.9151
2022-06-13,6,May-Sep,8,13.9,2.1588,1.8378,-0.0126
2022-06-14,6,May-Sep,7,15.5,5.1904,4.5998,3.9674
2022-06-15,6,May-Sep,7,10.6,1.4914,1.426,0.409
2022-06-16,6,May-Sep,8,15.5,6.4916,5.557,3.4965
2022-06-17,6,May-Sep,8,11.6,1.4751,1.1599,-0.7397
2022-06-18,6,May-Sep,8,11.0,1.0298,0.927,-0.3419
2022-06-19,6,May-Sep,8,9.5,1.4556,1.2411,0.6449
2022-06-20,6,May-Sep,7,8.4,0.4114,0.2962,0.2749
2022-06-21,6,May-Sep,7,11.2,0.9326,0.7114,-0.5828
2022-06-22,6,May-Sep,8,13.4,1.4113,1.0489,-0.7922
2022-06-23,6,May-Sep,8,15.3,1.7797,1.0833,-0.7316
2022-06-24,6,May-Sep,8,15.0,6.7248,6.0606,3.7721
2022-06-25,6,May-Sep,8,11.2,1.6432,1.2402,-0.8014
2022-06-26,6,May-Sep,8,14.3,2.3393,1.9586,-1.7866
2022-06-27,6,May-Sep,8,10.1,0.8459,0.7073,-0.1073
2022-06-28,6,May-Sep,7,15.3,3.6111,2.8499,-1.5956
2022-06-29,6,May-Sep,8,15.3,1.6273,1.2262,0.1936
2022-06-30,6,May-Sep,8,17.7,1.749,1.427,-1.1754
2022-07-01,7,May-Sep,8,19.2,7.8586,6.4123,4.1695
2022-07-02,7,May-Sep,8,11.8,2.7005,2.0233,1.7855
2022-07-03,7,May-Sep,8,12.4,1.3761,1.1461,-0.366
2022-07-04,7,May-Sep,8,15.2,2.5875,2.0762,-2.0038
2022-07-05,7,May-Sep,7,16.4,7.4822,6.822,1.6114
2022-07-06,7,May-Sep,8,12.6,3.8163,3.1602,3.1138
2022-07-07,7,May-Sep,8,10.4,0.9865,0.8423,-0.4906
2022-07-08,7,May-Sep,8,9.9,0.9142,0.8063,0.0192
2022-07-09,7,May-Sep,8,11.9,3.9395,3.4053,1.5586
2022-07-10,7,May-Sep,8,12.4,1.152,0.9853,0.5015
2022-07-11,7,May-Sep,7,11.8,1.6126,1.1624,-0.9749
2022-07-12,7,May-Sep,8,10.3,3.4062,3.1364,1.5971
2022-07-13,7,May-Sep,8,8.6,0.8758,0.699,0.4207
2022-07-14,7,May-Sep,7,9.3,0.5667,0.4198,-0.3506
2022-07-15,7,May-Sep,8,11.8,1.0891,0.908,-0.6033
2022-07-16,7,May-Sep,8,10.0,1.0664,0.899,-0.3927
2022-07-17,7,May-Sep,8,12.0,0.9242,0.7738,-0.5507
2022-07-18,7,May-Sep,8,12.9,2.2373,2.0505,0.145
2022-07-19,7,May-Sep,8,17.0,6.8843,5.9639,4.642
2022-07-20,7,May-Sep,8,7.0,0.4618,0.4154,0.2231
2022-07-21,7,May-Sep,8,13.3,1.0397,0.7102,-0.6359
2022-07-22,7,May-Sep,8,17.7,2.8652,2.3572,-2.0435
2022-07-23,7,May-Sep,8,13.7,2.2147,1.9407,-1.1983
2022-07-24,7,May-Sep,8,16.6,3.7499,3.2397,-1.5824
2022-07-25,7,May-Sep,8,14.7,1.6986,1.4453,-0.4053
2022-07-26,7,May-Sep,8,11.5,1.0221,0.8816,-0.1659
2022-07-27,7,May-Sep,8,11.4,1.1942,1.0194,-0.113
2022-07-28,7,May-Sep,8,11.3,0.683,0.6051,0.0773
2022-07-29,7,May-Sep,7,11.2,2.1871,1.8487,1.736
2022-07-30,7,May-Sep,8,9.2,1.3485,1.1568,0.0949
2022-07-31,7,May-Sep,8,11.8,2.3839,2.2678,1.2638
2022-08-01,8,May-Sep,8,9.7,1.1679,0.8191,-0.4204
2022-08-02,8,May-Sep,8,10.4,1.5966,1.1803,-0.9562
2022-08-03,8,May-Sep,8,11.4,0.9512,0.7803,-0.2904
2022-08-04,8,May-Sep,8,10.7,2.0966,1.9239,0.3876
2022-08-05,8,May-Sep,8,8.7,1.1419,1.015,-0.155
2022-08-06,8,May-Sep,8,7.9,1.1932,1.1003,-0.1385
2022-08-07,8,May-Sep,8,9.3,1.0017,0.7179,0.1162
2022-08-08,8,May-Sep,8,9.5,0.784,0.6745,0.1133
2022-08-09,8,May-Sep,8,10.4,1.0175,0.9421,0.1011
2022-08-10,8,May-Sep,6,11.2,3.5643,3.1389,-0.664
2022-08-11,8,May-Sep,6,12.0,5.1233,3.9832,3.9832
2022-08-12,8,May-Sep,8,6.6,2.8835,2.5097,1.0736
2022-08-13,8,May-Sep,8,11.8,0.7865,0.58,-0.2507
2022-08-14,8,May-Sep,8,13.1,1.551,1.2479,-1.0902
2022-08-15,8,May-Sep,8,13.1,1.3495,0.807,-0.5837
2022-08-16,8,May-Sep,8,13.1,3.8084,3.3482,0.5726
2022-08-17,8,May-Sep,8,11.4,4.0795,3.6899,2.3892
2022-08-18,8,May-Sep,8,10.0,1.0993,0.744,-0.6174
2022-08-19,8,May-Sep,8,10.7,1.6971,1.4239,-0.3596
2022-08-20,8,May-Sep,8,11.0,3.0508,2.4019,2.2977
2022-08-21,8,May-Sep,8,9.0,1.0467,0.745,-0.4814
2022-08-22,8,May-Sep,8,11.7,6.6508,6.1185,3.4109
2022-08-23,8,May-Sep,8,10.3,1.1684,0.9016,-0.5926
2022-08-24,8,May-Sep,8,14.1,2.2647,1.8348,-1.5062
2022-08-25,8,May-Sep,8,12.1,3.2883,2.9112,-0.7205
2022-08-26,8,May-Sep,8,5.6,1.2498,0.9386,0.5819
2022-08-27,8,May-Sep,8,7.7,0.6866,0.5793,-0.104
2022-08-28,8,May-Sep,8,9.9,0.6476,0.4745,-0.1673
2022-08-29,8,May-Sep,7,12.2,0.6191,0.4291,-0.0512
2022-08-30,8,May-Sep,8,12.3,2.3061,2.0397,0.1469
2022-08-31,8,May-Sep,8,11.2,2.2095,1.7253,1.7094
2022-09-01,9,May-Sep,8,9.7,0.6946,0.5,0.0005
2022-09-02,9,May-Sep,8,10.8,0.9961,0.6231,-0.1499
2022-09-03,9,May-Sep,8,10.6,0.9135,0.679,-0.1917
2022-09-04,9,May-Sep,8,11.1,0.6607,0.5418,-0.064
2022-09-05,9,May-Sep,8,13.6,0.4183,0.3224,-0.229
2022-09-06,9,May-Sep,8,16.3,1.7767,1.5436,-1.1985
2022-09-07,9,May-Sep,7,14.4,0.6839,0.5984,-0.1704
2022-09-08,9,May-Sep,8,16.1,1.0618,0.8317,-0.1895
2022-09-09,9,May-Sep,8,16.6,4.4751,3.9765,1.7462
2022-09-11,9,May-Sep,6,14.5,1.096,0.72,-0.2229
2022-09-13,9,May-Sep,8,9.0,3.0249,2.51,2.0952
2022-09-14,9,May-Sep,8,12.1,1.7234,1.0632,-0.9896
2022-09-15,9,May-Sep,8,11.8,3.6974,3.3873,1.6827
2022-09-16,9,May-Sep,8,11.3,0.7621,0.6051,-0.0542
2022-09-17,9,May-Sep,8,12.5,1.3086,1.0326,-0.8791
2022-09-18,9,May-Sep,8,12.5,1.4555,1.1973,-0.9989
2022-09-19,9,May-Sep,8,11.2,0.75,0.6709,-0.0973
2022-09-20,9,May-Sep,8,12.2,1.3072,1.1588,-0.8084
2022-09-21,9,May-Sep,8,12.3,0.7383,0.5398,-0.1299
2022-09-22,9,May-Sep,8,13.3,0.9591,0.6987,-0.1936
2022-09-23,9,May-Sep,8,13.3,1.3755,1.216,0.196
2022-09-24,9,May-Sep,8,12.6,1.2838,1.1367,-0.7629
2022-09-25,9,May-Sep,8,11.8,1.3223,1.1373,-0.5311
2022-09-26,9,May-Sep,7,11.2,1.4056,1.1267,-0.5531
2022-09-27,9,May-Sep,8,14.0,3.4411,2.9175,0.7901
2022-09-28,9,May-Sep,8,17.7,7.8275,5.9604,4.8698
2022-09-29,9,May-Sep,8,11.7,2.3327,2.0553,-0.0016
2022-10-01,10,Other,7,7.3,2.04,1.7981,0.9046
2022-10-02,10,Other,8,8.2,0.7283,0.626,0.0879
2022-10-03,10,Other,8,11.2,0.9384,0.6229,-0.6229
2022-10-04,10,Other,8,11.1,2.4394,2.0781,-2.0282
2022-10-05,10,Other,8,12.0,1.9319,1.3614,-1.3115
2022-10-06,10,Other,8,13.0,1.5983,1.1359,-0.8864
2022-10-07,10,Other,8,11.7,1.3849,0.9331,-0.5823
2022-10-08,10,Other,8,13.6,0.9716,0.6133,-0.4354
2022-10-09,10,Other,8,13.7,4.4538,3.7127,-2.9981
2022-10-10,10,Other,8,12.8,4.2244,3.8731,1.1582
2022-10-11,10,Other,8,10.4,3.3942,2.8388,1.7392
2022-10-12,10,Other,8,11.8,0.8199,0.6641,0.1609
2022-10-13,10,Other,8,12.6,1.9842,1.5453,-1.2242
2022-10-14,10,Other,7,13.0,0.9297,0.7521,0.0222
2022-10-15,10,Other,8,14.3,1.2504,1.0253,-0.8135
2022-10-16,10,Other,8,12.6,1.1615,0.946,-0.4875
2022-10-17,10,Other,6,13.9,4.2267,4.0478,-0.0586
2022-10-18,10,Other,7,15.6,4.4806,3.3714,3.3576
2022-10-19,10,Other,8,11.8,5.568,4.6237,2.7297
2022-10-20,10,Other,8,5.0,0.787,0.5773,-0.192
2022-10-21,10,Other,7,11.7,0.9085,0.7737,0.0964
2022-10-22,10,Other,8,11.7,1.9258,1.6385,-1.1149
2022-10-23,10,Other,8,14.0,5.2172,4.8587,-1.8031
2022-10-24,10,Other,5,15.7,3.5392,3.1372,0.6599
2022-10-25,10,Other,8,3.0,0.5572,0.5113,-0.1626
2022-10-26,10,Other,8,9.2,0.6232,0.5226,-0.1273
2022-10-27,10,Other,8,9.9,1.7434,1.5772,-1.0884
2022-10-28,10,Other,8,10.9,5.4484,4.8641,1.9739
2022-10-29,10,Other,8,6.6,1.0547,0.8977,-0.5801
2022-10-30,10,Other,8,8.7,0.7213,0.6086,-0.2038
2022-10-31,10,Other,8,8.7,1.4266,1.0979,-0.6844
2022-11-01,11,Other,8,9.3,2.3079,1.8574,-1.7302
2022-11-02,11,Other,8,10.3,0.7035,0.5794,-0.2581
2022-11-03,11,Other,8,10.3,1.1839,1.0212,-0.6147
2022-11-04,11,Other,8,8.7,1.3563,1.1083,0.4058
2022-11-05,11,Other,8,8.8,0.9552,0.7954,-0.1796
2022-11-06,11,Other,8,9.2,1.8243,1.6129,-1.3049
2022-11-07,11,Other,8,8.1,0.7139,0.568,-0.2431
2022-11-08,11,Other,7,6.8,1.9765,1.8307,0.1824
2022-11-09,11,Other,8,11.7,6.1426,5.7213,1.5369
2022-11-10,11,Other,8,6.5,1.6102,1.3996,0.7248
2022-11-11,11,Other,8,8.4,1.0049,0.8291,-0.0791
2022-11-12,11,Other,8,8.4,1.6836,1.4186,-0.3718
2022-11-13,11,Other,8,10.2,1.6768,1.1126,-0.3988
2022-11-14,11,Other,8,10.2,3.2788,2.9353,0.445
2022-11-15,11,Other,7,12.5,3.8323,3.308,-0.049
2022-11-18,11,Other,6,6.4,1.2967,1.1064,0.2789
2022-11-19,11,Other,8,6.8,2.8707,2.1473,2.1473
2022-11-20,11,Other,8,14.4,3.8822,3.4836,-0.4471
2022-11-21,11,Other,8,13.6,5.3704,4.358,2.2415
2022-11-22,11,Other,8,11.9,3.5633,2.4979,0.8718
2022-11-23,11,Other,8,9.7,3.7811,2.9731,2.0839
2022-11-24,11,Other,8,4.4,1.2645,1.1329,0.1226
2022-11-25,11,Other,8,6.6,1.8743,1.692,0.5116
2022-11-26,11,Other,8,13.5,4.9964,3.9691,-3.1022
2022-11-28,11,Other,8,9.5,3.1792,2.6938,1.158
2022-11-29,11,Other,8,7.6,2.1094,1.5715,1.1976
2022-11-30,11,Other,8,8.7,1.8994,1.6391,0.2742
2022-12-01,12,Other,8,10.8,3.5548,3.1507,-1.5889
2022-12-02,12,Other,9,12.6,4.0882,3.4664,-2.0458
2022-12-03,12,Other,8,7.1,1.778,1.4276,0.6908
2022-12-04,12,Other,8,7.8,3.2049,2.6056,1.8671
2022-12-05,12,Other,8,8.1,1.6643,1.3843,0.3691
2022-12-06,12,Other,8,7.0,1.4289,1.1693,0.3383
2022-12-07,12,Other,8,6.0,1.8091,1.5145,0.5394
2022-12-08,12,Other,8,8.8,2.2927,2.0171,0.3502
2022-12-09,12,Other,8,7.2,2.9638,2.1002,1.6294
2022-12-10,12,Other,8,7.0,2.5334,2.0057,-1.5597
2022-12-11,12,Other,8,12.5,2.3299,2.1059,-0.0223
2022-12-12,12,Other,8,12.5,3.5019,2.4907,1.7488
2022-12-13,12,Other,8,8.8,2.8842,2.3613,0.8981
2022-12-14,12,Other,8,12.8,2.997,2.6441,-1.3165
2022-12-15,12,Other,8,14.0,5.2221,4.8025,1.935
2022-12-16,12,Other,7,8.8,2.9554,2.5807,1.6384
2022-12-17,12,Other,8,7.0,1.2833,1.0444,-0.3982
2022-12-18,12,Other,8,14.4,5.1812,4.188,-3.6144
2022-12-19,12,Other,8,14.5,5.731,4.9701,-1.8864
2022-12-20,12,Other,8,16.5,7.248,6.6278,2.9341
2022-12-21,12,Other,8,13.7,4.217,3.3312,-2.3095
2022-12-22,12,Other,8,12.8,3.2209,2.4664,-0.4979
2022-12-23,12,Other,8,12.8,4.6052,3.9522,2.0385
2022-12-24,12,Other,8,8.7,2.5789,2.4349,-0.3866
2022-12-25,12,Other,8,12.3,4.1033,3.3031,1.9349
2022-12-26,12,Other,8,9.9,3.0063,2.2973,1.766
2022-12-27,12,Other,8,7.4,1.899,1.4732,-0.5205
2022-12-28,12,Other,8,9.3,2.8251,2.3841,-0.8289
2022-12-29,12,Other,8,10.6,3.5016,3.3103,0.2179
2022-12-30,12,Other,8,12.7,3.2087,2.7661,-0.5912
2022-12-31,12,Other,8,12.2,5.1004,4.2294,-1.1673
2023-01-01,1,Other,8,10.1,2.9708,2.3596,1.3436
2023-01-02,1,Other,8,12.1,2.6677,2.2811,0.0306
2023-01-03,1,Other,8,15.3,4.9365,3.5663,-1.6776
2023-01-04,1,Other,7,14.8,2.7511,2.1096,-0.0023
2023-01-05,1,Other,7,18.6,4.542,3.2517,-2.5854
2023-01-06,1,Other,8,13.3,4.7368,3.6974,2.0081
2023-01-07,1,Other,8,13.2,4.5156,3.7867,-1.7814
2023-01-08,1,Other,8,11.2,4.7741,3.8828,2.9091
2023-01-09,1,Other,8,9.2,2.9339,2.3085,-2.2887
2023-01-10,1,Other,7,14.6,5.484,5.0438,-0.6536
2023-01-11,1,Other,8,19.3,7.9966,7.4338,3.0124
2023-01-12,1,Other,8,12.4,4.5799,4.0962,1.882
2023-01-13,1,Other,8,7.2,1.889,1.6937,0.1957
2023-01-14,1,Other,8,10.2,2.3315,1.5738,0.9253
2023-01-15,1,Other,8,12.2,3.0557,2.5803,-0.039
2023-01-16,1,Other,8,14.1,4.4675,4.0592,-2.3448
2023-01-17,1,Other,8,10.7,3.4434,2.2096,1.3322
2023-01-18,1,Other,7,13.5,4.0846,3.3913,-0.4552
2023-01-19,1,Other,8,13.8,5.5857,4.4494,3.4708
2023-01-20,1,Other,7,10.8,2.8299,2.6026,-0.9596
2023-01-21,1,Other,8,10.0,4.2252,3.3177,-3.3011
2023-01-22,1,Other,8,10.5,4.257,3.9965,0.6362
2023-01-23,1,Other,8,11.9,4.6023,4.2031,1.1314
2023-01-24,1,Other,8,10.9,1.806,1.5101,-0.3629
2023-01-25,1,Other,8,15.3,5.392,4.8527,-2.9585
2023-01-26,1,Other,8,13.5,5.016,4.8106,-0.5914
2023-01-27,1,Other,8,13.5,3.0335,2.4521,0.9925
2023-01-28,1,Other,8,11.2,2.9591,2.6044,-0.5896
2023-01-29,1,Other,8,13.0,4.3806,3.4448,2.052
2023-01-30,1,Other,8,15.6,3.587,2.9104,0.0508
2023-01-31,1,Other,8,13.2,2.9141,2.5422,0.4341
2023-02-01,2,Other,8,8.7,3.2968,3.0391,0.543
2023-02-02,2,Other,8,10.6,3.7039,3.3466,0.408
2023-02-03,2,Other,8,12.1,1.7073,1.1923,-0.44
2023-02-04,2,Other,8,11.2,3.1412,2.9706,-1.8456
2023-02-05,2,Other,8,14.0,3.5033,2.8139,1.9788
2023-02-06,2,Other,8,14.6,4.3058,3.3099,3.1336
2023-02-07,2,Other,8,8.7,2.8216,2.4237,0.1325
2023-02-08,2,Other,8,8.9,2.5784,2.0235,1.8169
2023-02-09,2,Other,8,6.0,1.6704,1.3204,1.3169
2023-02-10,2,Other,8,8.1,1.748,1.4369,-0.8926
2023-02-11,2,Other,7,7.3,2.2953,1.9778,-0.7244
2023-02-12,2,Other,8,5.9,1.3301,1.1306,0.3986
2023-02-13,2,Other,8,8.9,3.0628,2.6755,1.0529
2023-02-14,2,Other,8,9.2,2.6339,2.0434,1.9967
2023-02-15,2,Other,8,8.9,2.0517,1.7043,0.5301
2023-02-16,2,Other,8,9.0,1.7248,1.2934,-0.1793
2023-02-17,2,Other,8,10.7,2.3781,2.0952,-0.4194
2023-02-18,2,Other,8,12.0,3.7946,2.797,2.6726
2023-02-19,2,Other,8,10.8,2.005,1.7974,-0.918
2023-02-20,2,Other,8,9.2,2.3108,2.1302,-0.8571
2023-02-21,2,Other,8,10.6,3.5068,3.1535,1.0956
2023-02-22,2,Other,8,12.1,2.937,2.6664,0.9469
2023-02-23,2,Other,8,11.9,2.5483,2.2028,0.0272
2023-02-24,2,Other,8,11.1,2.703,2.411,-0.7958
2023-02-25,2,Other,8,12.7,3.1173,2.5425,0.6312
2023-02-26,2,Other,8,13.9,6.2493,5.5506,2.3874
2023-02-27,2,Other,8,9.4,2.3242,2.0609,-0.5218
2023-02-28,2,Other,8,10.1,2.2777,1.8706,0.9503
2023-03-01,3,Other,8,10.4,2.238,1.9056,0.4366
2023-03-02,3,Other,8,12.9,2.532,1.8972,1.1662
2023-03-03,3,Other,5,12.6,1.7027,1.6199,0.3321
2023-03-04,3,Other,8,16.6,5.1076,4.456,-2.748
2023-03-05,3,Other,8,12.4,2.0748,1.63,0.801
2023-03-06,3,Other,8,18.3,2.8875,2.1431,-0.2932
2023-03-07,3,Other,8,16.4,2.7439,2.2168,-1.0257
2023-03-08,3,Other,8,16.2,7.2273,5.5635,-3.2691
2023-03-09,3,Other,8,15.0,6.3129,5.3883,3.6123
2023-03-10,3,Other,8,9.2,1.1284,0.8376,0.1436
2023-03-11,3,Other,8,13.7,1.3333,1.086,-0.3351
2023-03-12,3,Other,8,13.2,3.366,2.4045,-0.6762
2023-03-13,3,Other,8,11.3,3.286,2.5889,2.1141
2023-03-14,3,Other,8,7.8,1.5374,1.1511,0.8377
2023-03-15,3,Other,8,7.6,1.1291,0.9172,-0.7153
2023-03-16,3,Other,8,10.6,0.982,0.8536,0.014
2023-03-17,3,Other,8,10.6,1.6815,1.3506,-1.054
2023-03-18,3,Other,8,9.8,1.9824,1.6679,0.9437
2023-03-19,3,Other,8,14.5,7.7156,6.7032,3.9351
2023-03-20,3,Other,8,10.7,1.3233,1.0432,-0.1729
2023-03-21,3,Other,7,10.6,3.3638,2.9291,1.9729
2023-03-22,3,Other,7,9.3,0.7403,0.5363,-0.2158
2023-03-23,3,Other,8,10.2,1.4311,1.0213,-0.8321
2023-03-24,3,Other,8,13.8,2.1334,1.8139,-1.3961
2023-03-25,3,Other,8,14.0,2.0272,1.5986,-1.5784
2023-03-26,3,Other,8,12.7,1.3175,1.0342,-0.9883
2023-03-27,3,Other,8,15.5,1.8042,1.6588,-1.2957
2023-03-28,3,Other,8,13.6,4.0463,3.0908,2.9642
2023-03-29,3,Other,8,9.3,0.7348,0.6138,-0.4842
2023-03-30,3,Other,7,14.2,1.3065,0.9723,-0.7902
2023-03-31,3,Other,8,18.7,7.0934,6.541,1.7764
2023-04-01,4,Other,8,15.7,5.92,4.9915,4.4459
2023-04-02,4,Other,8,8.8,1.6723,1.404,0.9044
2023-04-03,4,Other,6,7.1,1.3623,1.0791,1.0548
2023-04-05,4,Other,4,11.7,1.1191,0.9083,-0.5129
2023-04-06,4,Other,8,15.6,3.5974,2.4978,-2.2738
2023-04-07,4,Other,8,15.0,5.2579,4.269,-4.0983
2023-04-08,4,Other,8,9.0,2.2004,1.3181,-0.982
2023-04-09,4,Other,8,10.8,4.4403,3.6562,2.8096
2023-04-10,4,Other,8,10.1,0.8686,0.6196,-0.1178
2023-04-11,4,Other,7,12.6,1.6675,1.426,-0.6479
2023-04-12,4,Other,8,12.8,2.1577,1.8738,1.764
2023-04-13,4,Other,8,11.6,1.1059,0.9491,-0.4611
2023-04-14,4,Other,8,14.5,3.6282,2.1626,-1.957
2023-04-15,4,Other,8,19.0,4.8753,3.9677,-3.8198
2023-04-16,4,Other,8,17.2,6.8872,6.155,4.021
2023-04-17,4,Other,8,13.6,2.2327,1.383,1.3411
2023-04-19,4,Other,8,8.1,0.8883,0.6843,0.6671
2023-04-20,4,Other,8,10.9,1.1902,0.8786,-0.6851
2023-04-21,4,Other,8,12.6,1.7954,1.445,-1.1582
2023-04-22,4,Other,8,10.9,1.8609,1.5664,-0.4257
2023-04-23,4,Other,8,8.7,0.6935,0.5126,0.1682
2023-04-24,4,Other,8,15.1,1.6405,1.2118,-0.6555
2023-04-25,4,Other,8,14.5,3.8129,3.2847,0.5382
2023-04-26,4,Other,8,9.2,1.2572,1.0581,0.7417
2023-04-27,4,Other,8,11.9,1.2082,1.0607,-0.8272
2023-04-28,4,Other,8,15.0,3.3944,2.4676,-2.4184
2023-04-29,4,Other,8,11.0,1.4693,1.1262,-0.6942
2023-04-30,4,Other,8,11.2,1.6653,1.329,0.6605
2023-05-01,5,May-Sep,8,16.2,6.6664,5.7081,2.9272
2023-05-02,5,May-Sep,8,13.1,6.1982,5.086,4.0621
2023-05-03,5,May-Sep,8,5.9,0.9649,0.7793,-0.081
2023-05-04,5,May-Sep,8,7.4,2.0914,1.6983,0.9141
2023-05-05,5,May-Sep,8,8.0,0.9314,0.7379,-0.2558
2023-05-06,5,May-Sep,7,8.8,0.724,0.666,-0.2711
2023-05-07,5,May-Sep,8,9.7,1.3114,1.0679,-0.6402
2023-05-08,5,May-Sep,8,12.0,2.1703,1.593,-1.5685
2023-05-09,5,May-Sep,8,15.3,2.8571,2.3858,-2.1113
2023-05-10,5,May-Sep,8,14.9,2.2531,1.8384,-1.6889
2023-05-11,5,May-Sep,8,15.0,1.3847,1.0449,-0.8008
2023-05-12,5,May-Sep,8,15.0,2.5338,2.1499,-1.8261
2023-05-13,5,May-Sep,8,11.4,1.7238,1.5555,0.6378
2023-05-14,5,May-Sep,8,9.7,1.3158,1.2105,0.0659
2023-05-15,5,May-Sep,8,14.1,6.3227,5.468,4.2861
2023-05-16,5,May-Sep,7,6.7,0.8279,0.6591,0.3211
2023-05-17,5,May-Sep,8,9.1,1.1909,0.7893,0.0923
2023-05-18,5,May-Sep,8,11.4,0.7661,0.6553,-0.27
2023-05-19,5,May-Sep,8,10.9,3.4299,2.9195,2.6807
2023-05-20,5,May-Sep,7,10.9,0.6428,0.535,0.5086
2023-05-21,5,May-Sep,8,12.6,2.2352,1.9931,0.9717
2023-05-22,5,May-Sep,8,10.0,3.6837,2.6012,1.7
2023-05-23,5,May-Sep,8,9.1,1.1064,0.9266,-0.1216
2023-05-24,5,May-Sep,8,10.5,1.205,0.9883,-0.7167
2023-05-25,5,May-Sep,8,8.5,2.6282,1.9292,0.8908
2023-05-26,5,May-Sep,8,8.2,1.3278,1.0419,-0.685
2023-05-27,5,May-Sep,8,10.8,1.3941,0.9874,-0.8933
2023-05-28,5,May-Sep,8,14.8,4.4901,3.998,-0.4341
2023-05-29,5,May-Sep,8,11.7,3.7885,3.2109,3.2109
2023-05-30,5,May-Sep,8,11.7,1.7236,1.3352,-0.8835
2023-05-31,5,May-Sep,8,11.0,1.4437,1.2356,-0.993
2023-06-01,6,May-Sep,7,8.9,1.3677,1.1671,-0.4685
2023-06-02,6,May-Sep,8,11.7,1.441,1.2761,-0.7555
2023-06-03,6,May-Sep,8,13.0,1.5136,1.2879,-1.0594
2023-06-04,6,May-Sep,8,11.7,0.8946,0.7488,-0.4214
2023-06-05,6,May-Sep,8,14.0,0.9262,0.7103,-0.5641
2023-06-06,6,May-Sep,8,14.8,1.4249,1.0877,-0.8907
2023-06-07,6,May-Sep,8,13.2,0.8793,0.6857,-0.6615
2023-06-08,6,May-Sep,7,12.0,1.0443,0.9043,-0.471
2023-06-09,6,May-Sep,8,11.3,0.5311,0.491,0.1372
2023-06-10,6,May-Sep,8,13.9,0.9134,0.8038,-0.2336
2023-06-11,6,May-Sep,8,14.3,1.4552,1.2299,-0.0705
2023-06-12,6,May-Sep,8,16.4,6.2696,5.3149,4.3098
2023-06-13,6,May-Sep,8,10.8,0.9451,0.7247,-0.3406
2023-06-14,6,May-Sep,7,9.4,1.3078,1.0846,0.4688
2023-06-22,6,May-Sep,8,13.5,1.8106,1.6381,-0.5147
2023-06-23,6,May-Sep,8,12.7,1.5096,1.2501,0.3265
2023-06-24,6,May-Sep,8,12.1,5.9098,4.9302,3.0727
2023-06-25,6,May-Sep,8,13.1,1.317,1.0901,-0.3529
2023-06-26,6,May-Sep,7,16.4,7.6795,6.7798,5.7663
2023-06-27,6,May-Sep,8,16.1,2.023,1.4666,-1.1181
2023-06-28,6,May-Sep,8,18.8,2.4613,1.954,-1.7656
2023-06-29,6,May-Sep,8,18.2,6.0354,5.2083,3.0408
2023-06-30,6,May-Sep,7,12.3,3.0442,2.6271,2.1172
2023-07-01,7,May-Sep,8,8.9,1.8667,1.4043,-0.7574
2023-07-02,7,May-Sep,8,12.3,1.3789,1.063,-1.015
2023-07-03,7,May-Sep,8,17.7,2.2919,1.8351,-1.6643
2023-07-04,7,May-Sep,8,14.6,2.9442,2.7603,-0.9555
2023-07-05,7,May-Sep,8,11.1,1.6359,1.2792,0.6208
2023-07-06,7,May-Sep,8,12.4,1.2875,1.1117,-0.0783
2023-07-07,7,May-Sep,8,9.5,1.5878,1.2527,0.6891
2023-07-08,7,May-Sep,8,11.0,5.4281,4.6807,2.9561
2023-07-09,7,May-Sep,8,6.8,1.9564,1.6113,0.3853
2023-07-10,7,May-Sep,8,9.0,1.1436,0.9171,0.1916
2023-07-11,7,May-Sep,8,9.5,2.1229,1.7377,-1.6896
2023-07-12,7,May-Sep,8,10.6,0.6662,0.4984,-0.3968
2023-07-13,7,May-Sep,8,15.2,0.8642,0.6249,-0.2608
2023-07-14,7,May-Sep,8,17.5,2.3346,1.9455,-1.8742
2023-07-15,7,May-Sep,8,15.2,1.4005,1.1608,-0.727
2023-07-16,7,May-Sep,8,13.2,2.7674,2.2929,1.8906
2023-07-17,7,May-Sep,8,10.4,3.1532,2.6703,2.3836
2023-07-18,7,May-Sep,8,11.6,0.75,0.665,-0.1397
2023-07-19,7,May-Sep,8,13.0,1.5246,1.2708,-1.1488
2023-07-20,7,May-Sep,8,15.0,5.1481,4.6987,1.0746
2023-07-21,7,May-Sep,8,15.4,2.8241,2.1651,2.0084
2023-07-22,7,May-Sep,8,11.2,1.3299,1.0657,-0.8002
2023-07-23,7,May-Sep,8,13.5,2.0727,1.7604,-1.6636
2023-07-24,7,May-Sep,7,10.5,1.9306,1.8907,0.6616
2023-07-25,7,May-Sep,8,10.5,0.5738,0.4565,-0.2074
2023-07-26,7,May-Sep,8,13.8,0.8876,0.6873,-0.4266
2023-07-27,7,May-Sep,7,14.7,1.6736,1.3058,-1.096
2023-07-28,7,May-Sep,7,15.7,6.1963,5.8322,2.9851
2023-07-29,7,May-Sep,8,14.1,7.1703,6.2043,4.3448
2023-07-30,7,May-Sep,8,10.9,1.2516,1.0017,-0.1774
2023-07-31,7,May-Sep,8,13.5,1.2416,1.0242,-0.7091
2023-08-01,8,May-Sep,8,12.6,2.0466,1.8002,0.2534
2023-08-02,8,May-Sep,8,13.0,1.3885,1.0541,-0.8609
2023-08-03,8,May-Sep,8,11.8,4.0747,3.5225,2.4501
2023-08-04,8,May-Sep,8,13.0,1.4045,1.0504,-0.7837
2023-08-05,8,May-Sep,8,11.9,1.5272,1.3257,-0.2838
2023-08-06,8,May-Sep,8,12.3,1.1007,0.9281,-0.4362
2023-08-07,8,May-Sep,7,12.2,2.3172,1.8316,0.6395
2023-08-08,8,May-Sep,8,16.4,8.6454,7.6711,5.0628
2023-08-09,8,May-Sep,8,12.1,1.6586,1.2432,-0.753
2023-08-10,8,May-Sep,7,13.8,2.1199,1.8198,-1.6067
2023-08-11,8,May-Sep,8,15.2,1.8318,1.4536,-0.4887
2023-08-12,8,May-Sep,8,22.0,5.2685,4.3077,1.9412
2023-08-13,8,May-Sep,8,14.9,3.0278,2.4311,1.509
2023-08-14,8,May-Sep,8,12.9,5.5588,5.0687,2.7218
2023-08-15,8,May-Sep,8,6.4,0.7536,0.67,-0.3985
2023-08-16,8,May-Sep,8,11.9,1.3843,1.0688,-0.392
2023-08-17,8,May-Sep,8,14.0,2.1403,1.8376,-1.5951
2023-08-18,8,May-Sep,8,12.6,1.6183,1.1355,-0.9404
2023-08-19,8,May-Sep,8,13.3,2.6189,2.0953,-2.0463
2023-08-20,8,May-Sep,8,11.4,0.591,0.4915,0.2101
2023-08-21,8,May-Sep,8,11.2,1.2007,0.9959,0.4296
2023-08-22,8,May-Sep,8,11.4,0.6992,0.51,-0.3638
2023-08-23,8,May-Sep,8,11.1,2.6636,2.2016,1.581
2023-08-26,8,May-Sep,8,14.3,0.8561,0.7046,-0.2213
2023-08-27,8,May-Sep,8,14.9,2.4415,1.8605,-1.7935
2023-08-28,8,May-Sep,7,16.5,5.2823,4.8087,2.7994
2023-08-29,8,May-Sep,7,11.8,5.4474,4.4118,4.3645
2023-08-30,8,May-Sep,7,8.8,0.5628,0.4534,-0.2619
2023-08-31,8,May-Sep,7,14.4,0.5773,0.481,0.3363
2023-09-01,9,May-Sep,8,14.4,3.8961,2.9753,2.7954
2023-09-02,9,May-Sep,8,11.1,2.0069,1.5274,1.123
2023-09-03,9,May-Sep,8,11.9,1.31,1.1106,-0.8139
2023-09-04,9,May-Sep,8,14.7,4.7248,4.053,0.2697
2023-09-05,9,May-Sep,8,16.2,8.6162,7.1531,6.1988
2023-09-06,9,May-Sep,8,11.4,1.1659,0.8692,-0.5288
2023-09-07,9,May-Sep,8,13.5,2.3865,1.7915,-1.6804
2023-09-08,9,May-Sep,8,13.6,1.9413,1.8705,-1.1889
2023-09-09,9,May-Sep,8,11.8,1.0152,0.9129,-0.0396
2023-09-10,9,May-Sep,8,12.7,1.4496,1.1865,-1.0564
2023-09-11,9,May-Sep,8,11.2,1.0925,0.874,-0.5457
2023-09-12,9,May-Sep,6,13.7,3.7629,3.3183,-1.409
2023-09-13,9,May-Sep,8,15.1,7.1551,6.1166,4.8032
2023-09-14,9,May-Sep,6,7.4,0.9514,0.7892,0.2214
2023-09-15,9,May-Sep,8,10.7,4.9677,4.2226,2.7108
2023-09-16,9,May-Sep,8,8.4,0.8278,0.6936,-0.3739
2023-09-17,9,May-Sep,8,7.8,1.0323,0.8421,-0.0821
2023-09-18,9,May-Sep,7,10.9,0.8464,0.6585,-0.3055
2023-09-19,9,May-Sep,6,14.0,1.2776,1.0862,-0.6092
2023-09-27,9,May-Sep,8,12.4,2.7645,2.5059,-0.8245
2023-09-28,9,May-Sep,6,11.5,0.7354,0.5459,-0.1849
2023-09-29,9,May-Sep,7,11.5,0.9986,0.8662,-0.6299
2023-09-30,9,May-Sep,8,10.5,1.5543,1.3027,-1.1561
2023-10-01,10,Other,8,9.6,1.4046,1.2033,0.7963
2023-10-02,10,Other,8,11.9,0.4859,0.3671,-0.1078
2023-10-03,10,Other,7,11.9,1.36,1.1963,-1.1902
2023-10-04,10,Other,8,9.8,1.2473,1.1346,-0.3927
2023-10-05,10,Other,7,10.0,0.8752,0.5731,-0.2418
2023-10-06,10,Other,6,12.9,0.5623,0.4702,-0.0198
2023-10-07,10,Other,8,12.9,1.7287,1.372,0.5198
2023-10-08,10,Other,8,9.9,1.2264,1.0469,-0.7113
2023-10-09,10,Other,8,9.3,1.1981,1.0209,0.3878
2023-10-10,10,Other,8,8.4,0.8105,0.7002,-0.2153
2023-10-11,10,Other,8,10.5,0.7005,0.5508,-0.014
2023-10-12,10,Other,8,14.8,1.3545,1.0108,-0.238
2023-10-13,10,Other,7,14.7,4.5974,3.6619,-2.1254
2023-10-14,10,Other,8,16.6,3.8073,3.4427,1.0548
2023-10-15,10,Other,8,13.0,4.6431,3.6872,2.8945
2023-10-16,10,Other,8,6.7,1.1374,0.848,-0.3768
2023-10-17,10,Other,8,8.8,1.1396,0.8395,-0.5577
2023-10-18,10,Other,7,10.7,0.9773,0.6924,-0.4066
2023-10-19,10,Other,8,10.8,1.4653,1.074,-0.8076
2023-10-20,10,Other,8,10.7,0.6116,0.4567,-0.0359
2023-10-21,10,Other,8,11.9,2.2058,1.6688,-1.4275
2023-10-22,10,Other,8,13.1,1.69,1.0602,-0.9956
2023-10-23,10,Other,7,12.8,4.677,4.0987,-2.1153
2023-10-24,10,Other,8,13.7,4.2843,3.6427,2.25
2023-10-25,10,Other,8,9.5,0.4256,0.3552,-0.0838
2023-10-26,10,Other,8,12.9,1.1506,0.9475,-0.0091
2023-10-27,10,Other,8,13.0,1.6082,1.3938,0.5657
2023-10-28,10,Other,8,14.0,4.6612,3.6731,2.7511
2023-10-29,10,Other,7,6.8,1.3122,1.032,0.2912
2023-10-30,10,Other,8,13.7,1.8602,1.4405,-1.3787
2023-10-31,10,Other,8,16.3,3.4379,2.8053,-2.3061
2023-11-01,11,Other,8,16.8,5.776,4.4591,4.0853
2023-11-02,11,Other,8,7.0,0.9961,0.7857,0.6717
2023-11-03,11,Other,8,14.8,3.3014,2.8706,-1.9287
2023-11-04,11,Other,8,18.1,6.1116,4.7944,3.8404
2023-11-05,11,Other,8,8.5,1.0645,0.8587,-0.24
2023-11-06,11,Other,8,9.4,1.4165,1.0109,-0.4523
2023-11-07,11,Other,7,11.8,1.3755,1.093,-0.592
2023-11-08,11,Other,8,10.5,2.0556,1.7383,-0.3324
2023-11-09,11,Other,8,8.1,1.225,0.9341,0.5592
2023-11-10,11,Other,7,8.2,2.3407,1.8632,-1.4442
2023-11-11,11,Other,8,8.7,3.7188,3.2724,1.7676
2023-11-12,11,Other,8,6.8,1.6907,1.3701,-0.0867
2023-11-13,11,Other,8,6.8,2.2752,1.9494,0.6091
2023-11-14,11,Other,8,5.1,1.0565,0.9878,0.16
2023-11-15,11,Other,7,10.5,1.5239,1.1396,-0.5754
2023-11-16,11,Other,8,10.1,2.0907,1.8524,0.7758
2023-11-17,11,Other,8,11.0,2.6032,2.1442,-0.2808
2023-11-18,11,Other,8,9.9,2.1772,1.5092,0.4502
2023-11-19,11,Other,8,9.7,1.8809,1.4796,-1.1941
2023-11-20,11,Other,8,8.8,4.0287,3.4101,1.5775
2023-11-21,11,Other,8,6.1,1.7243,1.3632,0.5555
2023-11-22,11,Other,8,6.6,2.3917,1.793,1.5475
2023-11-23,11,Other,8,5.5,1.3903,1.1507,0.2219
2023-11-24,11,Other,8,12.3,2.5557,2.0308,-1.328
2023-11-25,11,Other,8,10.9,2.7719,1.7569,-0.0246
2023-11-27,11,Other,4,8.0,5.257,5.0278,5.0278
2023-11-28,11,Other,8,6.5,1.1256,1.0369,-0.23
2023-11-29,11,Other,8,6.5,2.1729,1.7799,0.9667
2023-11-30,11,Other,8,4.9,1.1966,0.9857,0.4148
2023-12-01,12,Other,8,5.7,1.1674,0.957,0.2989
2023-12-02,12,Other,9,8.2,2.3009,2.0939,0.5455
2023-12-03,12,Other,8,14.9,1.9991,1.6238,0.4989
2023-12-04,12,Other,7,14.9,6.3862,5.2292,2.8439
2023-12-05,12,Other,8,12.6,3.5702,2.7765,2.1992
2023-12-06,12,Other,8,9.7,3.176,2.5816,1.2603
2023-12-07,12,Other,8,9.5,3.7502,3.344,0.4072
2023-12-08,12,Other,8,8.7,3.0758,2.6432,1.6194
2023-12-09,12,Other,8,6.4,2.737,2.3451,1.6331
2023-12-10,12,Other,8,3.3,0.9718,0.8623,0.3399
2023-12-11,12,Other,6,4.3,1.6236,1.2683,1.0585
2023-12-12,12,Other,6,5.5,1.4368,1.2067,-0.2043
2023-12-13,12,Other,7,11.2,4.2251,3.7441,0.4039
2023-12-14,12,Other,8,9.8,2.6926,2.2716,0.3645
2023-12-15,12,Other,7,10.3,4.1696,3.4739,3.1117
2023-12-16,12,Other,8,9.7,2.5891,2.1931,-0.3709
2023-12-17,12,Other,8,13.6,3.2039,2.9206,-1.2561
2023-12-18,12,Other,8,12.8,4.5232,3.9735,2.2344
2023-12-19,12,Other,7,6.8,1.8087,1.2681,-0.4559
2023-12-20,12,Other,8,10.8,3.5242,3.2286,-2.555
2023-12-21,12,Other,8,14.7,4.1834,3.7049,-2.7796
2023-12-22,12,Other,8,12.4,3.7344,3.4148,0.8927
2023-12-23,12,Other,8,11.2,4.4032,3.2398,2.8634
2023-12-24,12,Other,8,9.4,2.706,2.3132,-1.7983
2023-12-25,12,Other,8,12.9,3.2729,3.0949,-1.7198
2023-12-26,12,Other,8,13.5,4.2097,3.5043,0.4003
2023-12-27,12,Other,8,14.2,4.5063,3.4252,-2.5238
2023-12-28,12,Other,8,14.4,4.2595,3.7242,-2.35
2023-12-29,12,Other,8,12.3,6.145,5.0598,2.7859
2023-12-30,12,Other,8,7.9,3.4538,2.9769,-2.8294
2023-12-31,12,Other,8,7.4,3.0328,2.291,-1.756
2024-01-01,1,Other,8,13.2,2.3235,2.1574,0.2767
2024-01-02,1,Other,8,14.8,6.5751,4.8203,4.8047
2024-01-03,1,Other,7,8.4,2.2649,1.5798,-1.4696
2024-01-04,1,Other,8,10.7,4.1998,3.8413,1.0573
2024-01-05,1,Other,8,10.9,3.623,3.1671,2.0708
2024-01-06,1,Other,8,7.0,2.2739,2.0067,-0.3201
2024-01-07,1,Other,8,15.7,4.8909,4.1343,-2.1531
2024-01-08,1,Other,8,15.6,6.233,5.8913,-0.3167
2024-01-09,1,Other,7,19.7,5.1178,4.3387,-1.4147
2024-01-10,1,Other,8,18.1,5.7912,5.2452,-2.1882
2024-01-11,1,Other,5,18.7,7.432,6.5054,-3.42
2024-01-12,1,Other,8,18.7,7.5827,6.4502,0.0226
2024-01-13,1,Other,8,9.4,4.7291,3.6909,3.4117
2024-01-14,1,Other,8,4.4,0.7623,0.5872,-0.466
2024-01-15,1,Other,8,4.5,1.7526,1.5665,-0.9581
2024-01-16,1,Other,8,4.2,1.2373,0.9412,-0.4115
2024-01-17,1,Other,8,5.9,2.1357,1.7951,-0.332
2024-01-18,1,Other,8,5.7,1.7158,1.5111,0.3964
2024-01-19,1,Other,8,8.1,3.1327,2.7396,1.3589
2024-01-20,1,Other,8,9.7,3.0446,2.5105,1.3623
2024-01-21,1,Other,8,6.9,1.6522,1.4341,-0.707
2024-01-22,1,Other,8,5.8,1.2691,0.9802,0.2402
2024-01-23,1,Other,8,6.9,2.6156,2.1946,0.4886
2024-01-24,1,Other,8,8.5,2.0816,1.7454,0.183
2024-01-25,1,Other,8,8.7,2.5234,1.6828,1.3888
2024-01-26,1,Other,8,9.3,2.1196,1.8219,-0.5413
2024-01-27,1,Other,8,8.5,1.8306,1.5913,-0.0256
2024-01-28,1,Other,8,8.5,2.0723,1.7281,-0.7574
2024-01-29,1,Other,8,8.7,2.8029,2.1312,-0.5756
2024-01-30,1,Other,8,9.3,2.2799,1.9518,0.5089
2024-01-31,1,Other,8,11.0,3.2809,2.9026,0.3701
2024-02-01,2,Other,7,11.9,3.4747,3.0465,1.0177
2024-02-02,2,Other,8,11.4,3.4475,2.9303,-1.9983
2024-02-03,2,Other,8,9.5,4.0908,3.3797,-1.1748
2024-02-04,2,Other,8,10.4,1.7252,1.4167,0.2845
2024-02-05,2,Other,8,10.6,2.2863,2.0844,-0.568
2024-02-06,2,Other,8,9.0,3.363,2.6393,2.6228
2024-02-07,2,Other,8,7.3,1.4153,1.1547,0.3663
2024-02-08,2,Other,8,10.5,3.5121,2.6307,-1.1257
2024-02-09,2,Other,8,17.8,5.9555,5.5843,-0.8521
2024-02-10,2,Other,8,16.8,2.3605,1.8562,0.7608
2024-02-12,2,Other,8,17.8,9.1104,8.105,3.4287
2024-02-13,2,Other,7,12.2,4.7411,4.1805,2.5849
2024-02-14,2,Other,4,7.4,2.974,2.5637,2.2319
2024-02-15,2,Other,7,18.7,7.1028,6.1725,-1.6663
2024-02-16,2,Other,6,21.1,9.1943,8.4493,1.6863
2024-02-18,2,Other,8,9.8,3.5465,3.2212,0.5273
2024-02-19,2,Other,8,8.6,1.5963,1.2576,0.8348
2024-02-20,2,Other,8,7.9,1.7206,1.432,-0.1299
2024-02-21,2,Other,8,7.3,1.2295,0.9288,0.5254
2024-02-22,2,Other,8,8.1,0.6979,0.5081,-0.1367
2024-02-23,2,Other,8,9.5,2.7573,2.2704,-1.92
2024-02-24,2,Other,8,9.7,2.9271,1.7951,-1.3193
2024-02-25,2,Other,8,14.3,5.7193,4.6482,-4.1888
2024-02-26,2,Other,8,10.1,2.5356,2.0925,1.1457
2024-02-27,2,Other,8,7.2,1.9484,1.7696,-0.584
2024-02-28,2,Other,7,11.1,2.2384,2.1661,-0.0309
2024-02-29,2,Other,7,11.6,3.1856,2.4443,1.9755
2024-03-01,3,Other,8,6.8,1.047,0.8981,0.597
2024-03-02,3,Other,7,10.0,1.8016,1.5059,-0.758
2024-03-03,3,Other,8,8.7,2.5972,2.2,-1.861
2024-03-04,3,Other,8,6.7,1.4783,1.2705,-0.2703
2024-03-05,3,Other,8,7.6,1.4274,1.1918,-0.0777
2024-03-06,3,Other,8,8.9,3.1687,2.8525,0.8805
2024-03-07,3,Other,8,8.8,1.1695,0.9861,-0.047
2024-03-08,3,Other,7,12.4,3.0869,2.5388,-2.0358
2024-03-09,3,Other,8,11.6,2.3368,2.0333,-0.1668
2024-03-10,3,Other,8,11.6,2.5581,1.8285,1.8038
2024-03-11,3,Other,7,12.7,1.7709,1.5576,-1.1418
2024-03-15,3,Other,7,6.6,2.1381,1.7159,-0.4673
2024-03-16,3,Other,8,6.9,0.8026,0.6062,0.0091
2024-03-17,3,Other,8,12.4,1.7547,1.3411,-1.1702
2024-03-18,3,Other,8,12.1,2.3163,1.9011,-1.8315
2024-03-19,3,Other,8,14.1,3.3627,1.7824,-1.5358
2024-03-20,3,Other,8,13.7,2.9925,2.7414,-1.1448
2024-03-21,3,Other,8,7.3,1.7787,1.3907,-0.3759
2024-03-22,3,Other,8,7.8,0.7508,0.5961,0.3578
2024-03-23,3,Other,8,9.4,3.6204,3.3493,1.8119
2024-03-24,3,Other,7,8.2,0.8536,0.5997,0.3916
2024-03-25,3,Other,8,12.0,1.3505,1.074,-0.9529
2024-03-26,3,Other,6,12.2,1.9844,1.5202,-1.3586
2024-03-27,3,Other,5,10.7,0.7736,0.5944,-0.2768
2024-04-03,4,Other,7,12.8,1.7257,1.3664,-1.1418
2024-04-04,4,Other,8,12.6,3.1914,2.6307,2.3333
2024-04-05,4,Other,8,9.2,0.8626,0.6457,-0.3054
2024-04-06,4,Other,8,11.9,1.2819,1.081,-0.7229
2024-04-07,4,Other,8,13.0,1.6075,1.2137,-1.1253
2024-04-08,4,Other,8,12.0,2.0001,1.5483,-1.3866
2024-04-09,4,Other,8,15.7,1.5873,1.1714,-0.5805
2024-04-10,4,Other,8,18.1,8.1742,7.057,5.5247
2024-04-11,4,Other,8,11.4,1.5845,1.2259,-0.978
2024-04-12,4,Other,8,21.2,11.8694,10.8046,3.1133
2024-04-13,4,Other,8,21.3,7.1315,5.6621,5.6479
2024-04-14,4,Other,8,14.4,3.0117,2.2482,-2.0748
2024-04-15,4,Other,8,16.5,4.079,3.4371,-3.2888
2024-04-16,4,Other,8,13.2,1.9205,1.7382,-1.3201
2024-04-17,4,Other,8,12.2,6.712,5.5836,5.0889
2024-04-18,4,Other,8,8.9,0.795,0.5624,0.5526
2024-04-19,4,Other,8,11.5,1.217,0.9604,-0.7864
2024-04-20,4,Other,8,12.8,1.6408,1.3075,-1.2085
2024-04-21,4,Other,8,11.3,1.0841,0.9251,0.1363
2024-04-22,4,Other,8,12.1,1.0783,0.7612,-0.622
2024-04-23,4,Other,8,12.6,1.4921,1.0845,-0.9921
2024-04-24,4,Other,8,14.8,2.1002,1.8056,0.4007
2024-04-25,4,Other,8,15.0,2.81,2.4703,0.1694
2024-04-26,4,Other,8,17.5,6.8404,5.5531,4.1777
2024-04-27,4,Other,8,9.5,1.2597,1.0508,-0.9254
2024-04-28,4,Other,8,13.3,2.2994,1.7909,-1.1528
2024-04-29,4,Other,8,16.1,3.0502,2.6813,-2.2919
2024-04-30,4,Other,8,13.6,1.8349,1.5036,-1.4542
2024-05-02,5,May-Sep,7,15.2,6.6474,6.2143,4.8213
2024-05-03,5,May-Sep,8,17.4,1.9987,1.3602,-1.1
2024-05-04,5,May-Sep,8,17.9,3.3425,2.9095,-2.5166
2024-05-05,5,May-Sep,8,17.9,4.2368,3.0968,-3.0225
2024-05-06,5,May-Sep,8,14.8,4.1426,3.6728,1.1971
2024-05-07,5,May-Sep,7,9.7,4.3419,3.6884,3.1787
2024-05-08,5,May-Sep,5,12.6,0.9118,0.7252,-0.6178
2024-05-09,5,May-Sep,8,12.8,1.7587,1.3339,1.0705
2024-05-10,5,May-Sep,7,17.5,3.8255,2.3969,-2.0091
2024-05-11,5,May-Sep,8,19.9,5.8159,4.3558,-4.1315
2024-05-12,5,May-Sep,8,16.3,5.2425,4.1108,3.8987
2024-05-13,5,May-Sep,8,9.9,1.8684,1.5468,-0.3569
2024-05-14,5,May-Sep,8,9.6,2.2339,1.9817,-0.5403
2024-05-15,5,May-Sep,8,10.9,1.0254,0.8014,-0.5174
2024-05-16,5,May-Sep,8,13.8,1.4991,1.1603,-0.9721
2024-05-17,5,May-Sep,8,15.8,5.2609,4.4978,3.3649
2024-05-18,5,May-Sep,8,9.1,1.3025,0.9904,0.33
2024-05-19,5,May-Sep,8,11.7,1.5351,1.0789,-0.9375
2024-05-20,5,May-Sep,8,10.7,1.4142,1.1066,-0.5955
2024-05-21,5,May-Sep,8,16.6,8.9311,7.7187,6.0697
2024-05-22,5,May-Sep,8,11.5,1.8986,1.3826,-0.8061
2024-05-23,5,May-Sep,8,10.5,2.9692,2.6187,1.3458
2024-05-24,5,May-Sep,8,9.7,1.4854,1.2767,0.1375
2024-05-25,5,May-Sep,8,11.3,2.4307,2.1338,-0.1523
2024-05-26,5,May-Sep,8,16.3,4.234,3.4505,-1.1256
2024-05-27,5,May-Sep,8,16.4,5.0468,3.8979,3.8348
2024-05-28,5,May-Sep,8,16.9,2.602,1.9718,-1.7468
2024-05-29,5,May-Sep,8,13.0,2.8495,2.6952,0.2683
2024-05-30,5,May-Sep,8,8.2,2.3245,1.9059,0.198
2024-05-31,5,May-Sep,8,9.9,1.1134,0.812,-0.6867
2024-06-01,6,May-Sep,8,12.3,1.282,1.1167,-1.0424
2024-06-02,6,May-Sep,8,10.8,0.7643,0.6334,-0.2835
2024-06-03,6,May-Sep,8,13.3,5.2079,4.0744,2.2649
2024-06-04,6,May-Sep,8,10.8,3.4772,2.8592,2.8495
2024-06-05,6,May-Sep,8,11.3,0.8806,0.6679,-0.4852
2024-06-06,6,May-Sep,8,12.8,1.3851,1.1812,-1.096
2024-06-07,6,May-Sep,8,12.7,1.5806,1.1313,-1.0321
2024-06-08,6,May-Sep,8,11.8,1.4561,1.1623,-1.0131
2024-06-09,6,May-Sep,8,10.6,0.7858,0.6331,-0.4022
2024-06-10,6,May-Sep,8,10.4,0.7631,0.6403,-0.3047
2024-06-11,6,May-Sep,8,8.9,0.9714,0.8589,0.2099
2024-06-13,6,May-Sep,8,11.2,1.8547,1.6312,0.7712
2024-06-14,6,May-Sep,8,10.1,1.6722,1.2822,1.2822
2024-06-15,6,May-Sep,8,8.9,1.5503,1.2314,-0.6223
2024-06-17,6,May-Sep,8,12.4,1.674,1.3793,0.4067
2024-06-18,6,May-Sep,8,11.3,1.9071,1.495,-1.3212
2024-06-19,6,May-Sep,8,9.6,2.116,2.0122,0.7101
2024-06-20,6,May-Sep,7,9.9,0.4183,0.3713,-0.1234
2024-06-21,6,May-Sep,8,14.0,1.2602,0.9011,-0.6893
2024-06-22,6,May-Sep,8,15.1,1.8177,1.436,-1.3368
2024-06-23,6,May-Sep,8,13.6,2.0204,1.6492,-1.3013
2024-06-24,6,May-Sep,8,10.6,0.4964,0.4529,-0.4043
2024-06-25,6,May-Sep,8,10.5,1.5992,1.301,0.4169
2024-06-26,6,May-Sep,8,8.3,1.1292,0.705,0.5223
2024-06-27,6,May-Sep,8,11.2,0.9503,0.7066,-0.1688
2024-06-28,6,May-Sep,8,10.2,0.74,0.6672,-0.421
2024-06-29,6,May-Sep,8,9.6,0.7758,0.6683,0.2996
2024-06-30,6,May-Sep,8,10.6,4.1262,3.4005,2.7092
2024-07-01,7,May-Sep,8,9.8,3.5389,2.8037,1.3496
2024-07-02,7,May-Sep,8,12.3,6.7537,5.754,3.0816
2024-07-03,7,May-Sep,8,10.7,1.1267,0.7947,-0.56
2024-07-04,7,May-Sep,8,9.5,0.8444,0.6775,-0.3039
2024-07-05,7,May-Sep,8,8.6,1.7466,1.4791,0.8596
2024-07-06,7,May-Sep,8,10.7,3.7958,2.9722,0.9162
2024-07-07,7,May-Sep,8,11.9,1.1706,0.9233,-0.5365
2024-07-08,7,May-Sep,8,14.6,2.3889,1.8042,-1.6328
2024-07-09,7,May-Sep,8,11.1,3.1645,2.4077,1.8613
2024-07-10,7,May-Sep,8,9.6,1.3994,0.9875,0.9875
2024-07-11,7,May-Sep,8,9.7,2.4069,1.7508,1.6849
2024-07-12,7,May-Sep,8,8.5,0.8123,0.6312,0.6312
2024-07-13,7,May-Sep,6,12.2,0.7666,0.6698,-0.2571
2024-07-14,7,May-Sep,6,13.3,1.7807,1.3796,-1.2835
2024-07-15,7,May-Sep,8,14.6,3.3896,2.4463,-2.4463
2024-07-16,7,May-Sep,8,16.4,4.2446,3.6973,2.3769
2024-07-17,7,May-Sep,8,11.9,1.4606,1.2202,0.7154
2024-07-18,7,May-Sep,8,15.7,2.6229,2.0303,-1.2669
2024-07-19,7,May-Sep,8,16.5,5.7722,4.5358,4.5358
2024-07-20,7,May-Sep,8,12.6,1.9217,1.556,-1.534
2024-07-21,7,May-Sep,8,10.4,1.2296,0.9572,-0.1243
2024-07-22,7,May-Sep,8,11.4,1.4538,1.2221,0.5449
2024-07-23,7,May-Sep,8,13.7,1.3718,1.0296,-0.9829
2024-07-24,7,May-Sep,8,13.6,1.0169,0.7366,-0.4689
2024-07-25,7,May-Sep,8,12.1,4.3132,3.5003,3.3286
2024-07-26,7,May-Sep,8,12.8,1.132,0.819,-0.0852
2024-07-27,7,May-Sep,8,12.5,1.7241,1.5474,-0.5606
2024-07-28,7,May-Sep,8,12.1,0.7197,0.6373,-0.2239
2024-07-29,7,May-Sep,8,11.4,1.5007,1.1722,0.2146
2024-07-30,7,May-Sep,8,12.4,1.0777,0.8659,-0.1435
2024-08-01,8,May-Sep,8,11.7,0.5843,0.5078,-0.2585
2024-08-02,8,May-Sep,8,14.4,1.5042,1.1646,-1.0431
2024-08-03,8,May-Sep,8,11.9,1.1877,1.1051,-0.0914
2024-08-04,8,May-Sep,8,10.2,0.8031,0.6222,0.255
2024-08-05,8,May-Sep,8,13.2,1.2161,0.9323,-0.7182
2024-08-06,8,May-Sep,8,14.4,3.8335,2.9842,2.8957
2024-08-07,8,May-Sep,8,9.1,4.1231,3.6328,2.6362
2024-08-08,8,May-Sep,8,10.6,0.4472,0.384,0.0646
2024-08-09,8,May-Sep,8,14.6,2.4116,1.9151,-1.3721
2024-08-10,8,May-Sep,8,13.0,2.2713,1.867,-0.4851
2024-08-11,8,May-Sep,8,17.1,5.5397,5.0534,3.2737
2024-08-12,8,May-Sep,8,11.5,3.2677,2.6304,2.5734
2024-08-13,8,May-Sep,8,11.2,1.3399,1.0964,0.3673
2024-08-14,8,May-Sep,8,13.7,1.5395,1.2291,-1.0574
2024-08-15,8,May-Sep,8,12.0,1.4344,1.1485,-0.9543
2024-08-16,8,May-Sep,8,13.8,0.618,0.4063,-0.3328
2024-08-17,8,May-Sep,8,13.8,2.1267,1.8945,0.5981
2024-08-18,8,May-Sep,8,16.7,4.7955,4.1556,-0.9579
2024-08-19,8,May-Sep,8,17.1,9.6854,7.9629,7.4338
2024-08-20,8,May-Sep,8,6.1,0.939,0.648,-0.3918
2024-08-21,8,May-Sep,8,12.2,1.6022,1.3551,-0.6022
2024-08-22,8,May-Sep,8,12.2,0.9014,0.7474,-0.4459
2024-08-23,8,May-Sep,8,12.2,1.9557,1.6792,-1.2895
2024-08-24,8,May-Sep,8,11.2,1.2827,0.9363,-0.6681
2024-08-25,8,May-Sep,8,11.9,3.9496,3.4554,2.0614
2024-08-26,8,May-Sep,8,8.3,1.4268,1.092,-0.0062
2024-08-27,8,May-Sep,8,9.8,2.864,2.1754,1.4831
2024-08-28,8,May-Sep,8,10.1,1.0228,0.8375,0.014
2024-08-29,8,May-Sep,8,14.2,5.8495,5.3141,1.5993
2024-08-30,8,May-Sep,8,11.0,2.694,2.0052,1.798
2024-08-31,8,May-Sep,8,10.5,0.7039,0.5074,-0.0921
2024-09-01,9,May-Sep,8,15.1,1.3909,1.1752,-0.7672
2024-09-02,9,May-Sep,8,20.7,6.6324,6.0332,2.6453
2024-09-03,9,May-Sep,8,13.5,4.5839,3.6978,3.3168
2024-09-04,9,May-Sep,8,13.8,1.5836,1.0503,-0.9682
2024-09-05,9,May-Sep,8,14.2,4.5495,3.338,-3.1169
2024-09-06,9,May-Sep,8,10.1,2.7555,1.7548,-0.9601
2024-09-07,9,May-Sep,8,18.1,9.4638,7.9451,5.1526
2024-09-08,9,May-Sep,8,8.6,0.8872,0.6807,0.6073
2024-09-09,9,May-Sep,8,10.7,0.9895,0.6999,-0.5088
2024-09-10,9,May-Sep,8,11.4,1.793,1.5095,-1.2857
2024-09-11,9,May-Sep,8,9.9,1.2686,1.0871,-0.8859
2024-09-12,9,May-Sep,8,7.6,2.2536,1.9313,1.8385
2024-09-13,9,May-Sep,8,7.3,1.1041,1.0256,-0.0243
2024-09-14,9,May-Sep,8,9.4,3.7681,3.3666,2.3417
2024-09-15,9,May-Sep,8,11.9,0.709,0.5317,-0.013
2024-09-16,9,May-Sep,8,13.6,2.1663,1.7335,-1.7335
2024-09-17,9,May-Sep,8,11.7,1.7005,1.4292,-1.2487
2024-09-18,9,May-Sep,8,14.0,3.9912,3.5744,2.5441
2024-09-19,9,May-Sep,8,12.8,0.9824,0.8184,0.0438
2024-09-20,9,May-Sep,8,16.6,2.9849,2.4297,-2.0809
2024-09-21,9,May-Sep,8,13.3,2.5513,2.032,-1.1311
2024-09-22,9,May-Sep,8,10.3,0.7181,0.5824,-0.0342
2024-09-23,9,May-Sep,8,10.7,1.2212,0.8996,0.5748
2024-09-24,9,May-Sep,8,11.8,2.1919,1.5233,0.5439
2024-09-25,9,May-Sep,7,13.6,2.425,2.051,1.0641
2024-09-26,9,May-Sep,8,16.8,7.0873,6.2164,3.1406
2024-09-27,9,May-Sep,8,9.1,4.2453,3.7142,1.7667
2024-09-28,9,May-Sep,8,5.5,0.828,0.6702,0.47
2024-09-29,9,May-Sep,7,7.4,1.0169,0.8991,0.0835
2024-09-30,9,May-Sep,8,11.3,0.6632,0.5229,-0.009
2024-10-01,10,Other,8,14.0,1.958,1.537,-1.4121
2024-10-02,10,Other,8,12.6,2.5247,1.8928,-1.4976
2024-10-03,10,Other,8,10.4,2.5528,2.1201,-1.4466
2024-10-04,10,Other,8,11.1,2.8874,2.5843,0.9012
2024-10-05,10,Other,8,11.5,0.8603,0.6117,0.0068
2024-10-06,10,Other,8,13.3,3.376,2.6937,-2.367
2024-10-07,10,Other,8,10.7,1.9097,1.306,0.9646
2024-10-08,10,Other,8,8.7,1.5638,1.227,-0.7937
2024-10-09,10,Other,8,11.0,1.1448,0.9241,0.4151
2024-10-10,10,Other,8,11.0,1.0385,0.8773,0.1074
2024-10-11,10,Other,8,12.0,1.919,1.5316,-1.2207
2024-10-12,10,Other,8,12.8,5.9874,5.1997,0.5316
2024-10-13,10,Other,8,10.1,2.1066,1.5857,1.3405
2024-10-14,10,Other,8,7.4,1.3237,1.0384,0.1157
2024-10-15,10,Other,8,7.1,0.9401,0.7991,0.1089
2024-10-16,10,Other,8,8.4,1.4152,1.198,0.3068
2024-10-17,10,Other,8,12.3,3.7293,3.5144,0.3566
2024-10-18,10,Other,8,8.5,4.0078,3.0261,2.5792
2024-10-19,10,Other,8,8.8,0.5786,0.4353,-0.0005
2024-10-20,10,Other,8,8.3,3.3042,2.6631,1.6132
2024-10-21,10,Other,8,9.2,1.4375,1.0872,-0.0281
2024-10-22,10,Other,8,10.9,1.9115,1.616,-0.2154
2024-10-23,10,Other,8,9.9,2.7462,2.0714,0.9185
2024-10-24,10,Other,8,9.0,3.7103,3.1592,1.912
2024-10-25,10,Other,8,10.1,1.1448,0.9112,-0.1029
2024-10-26,10,Other,8,10.1,4.7273,4.4799,-0.8846
2024-10-27,10,Other,7,8.2,1.2187,0.9623,0.8834
2024-10-28,10,Other,8,8.8,2.1529,1.5999,0.6849
2024-10-29,10,Other,8,9.9,3.9267,3.2743,1.7297
2024-10-30,10,Other,8,3.7,0.3165,0.2626,0.0187
2024-10-31,10,Other,8,7.3,1.3449,0.9395,0.8373
2024-11-01,11,Other,8,8.0,4.3261,3.7875,0.4373
2024-11-02,11,Other,8,7.6,0.9838,0.9162,0.1762
2024-11-03,11,Other,8,10.1,3.7809,2.7097,-1.1492
2024-11-04,11,Other,8,10.7,2.1872,2.0227,0.5276
2024-11-05,11,Other,7,9.3,3.7769,3.1694,-1.5391
2024-11-06,11,Other,8,11.9,1.8232,1.4893,0.3165
2024-11-07,11,Other,8,16.4,7.4506,6.8987,1.5559
2024-11-08,11,Other,8,9.1,4.3142,3.1933,3.1579
2024-11-09,11,Other,8,2.0,0.613,0.5238,-0.1289
2024-11-10,11,Other,8,9.5,1.0877,0.8592,0.113
2024-11-11,11,Other,8,8.8,2.6176,2.3797,-0.5556
2024-11-12,11,Other,8,8.4,1.3667,1.1041,-0.1394
2024-11-23,11,Other,5,8.2,3.8314,3.4664,3.2265
2024-11-24,11,Other,8,7.0,1.9168,1.5663,-0.0252
2024-11-25,11,Other,8,9.9,4.3796,3.7836,1.7434
2024-11-26,11,Other,8,6.9,2.6617,2.1348,0.9486
2024-11-27,11,Other,7,7.7,2.4817,2.1472,1.1081
2024-11-28,11,Other,8,9.1,3.666,2.7391,0.0159
2024-11-29,11,Other,8,9.9,3.7334,3.3497,-1.9518
2024-11-30,11,Other,8,7.8,2.333,2.1566,0.2399
2024-12-02,12,Other,7,7.3,3.2076,2.6361,1.6792
2024-12-03,12,Other,7,5.6,2.5368,2.126,0.8609
2024-12-04,12,Other,7,7.4,3.4665,2.8415,2.5903
2024-12-05,12,Other,8,1.9,0.498,0.4282,0.2622
2024-12-06,12,Other,8,3.1,1.388,1.2529,0.3693
2024-12-07,12,Other,8,4.4,1.7717,1.6398,-0.0561
2024-12-08,12,Other,8,3.7,1.0957,0.7621,0.6267
2024-12-09,12,Other,8,3.6,0.6632,0.5301,-0.2053
2024-12-10,12,Other,8,6.4,2.4592,2.3553,0.0037
2024-12-11,12,Other,8,7.8,2.2317,1.7603,0.8688
2024-12-12,12,Other,8,12.9,6.3553,6.0172,1.9177
2024-12-13,12,Other,8,10.2,2.8323,2.2196,0.9871
2024-12-14,12,Other,8,9.5,3.3931,2.9854,-0.1799
2024-12-15,12,Other,8,12.1,3.355,2.8126,-0.4494
2024-12-16,12,Other,8,13.2,4.1185,3.3749,-1.9409
2024-12-17,12,Other,8,13.4,4.5801,3.9344,-0.6824
2024-12-18,12,Other,6,11.7,2.3015,1.9218,1.2891
2024-12-19,12,Other,8,9.5,2.5091,2.2159,-0.4141
2024-12-20,12,Other,7,16.9,6.6608,5.4407,2.7752
2024-12-21,12,Other,8,14.2,6.4696,5.5788,-1.9336
2024-12-22,12,Other,8,9.6,2.3881,1.9842,0.0258
2024-12-23,12,Other,8,8.5,2.1595,1.6984,-0.3975
2024-12-24,12,Other,8,10.9,3.1541,2.2261,0.2084
2024-12-25,12,Other,8,9.4,3.1063,2.7281,0.5637
2024-12-26,12,Other,8,13.0,4.6254,4.2625,1.8231
2024-12-27,12,Other,8,7.9,2.0314,1.4796,-0.593
2024-12-28,12,Other,8,20.5,5.9311,5.3136,-4.3777
2024-12-29,12,Other,8,13.3,4.5967,3.9752,-1.1083
2024-12-30,12,Other,8,9.2,4.1852,3.7232,-1.5071
2024-12-31,12,Other,8,10.9,4.7711,4.3564,-1.9379
