branch,k,n,cal_rmse
pre,0.0,95,8.104671211084966
pre,0.005,95,8.104625328683504
pre,0.01,95,8.10457948259255
pre,0.015,95,8.104533672152558
pre,0.02,95,8.104487896718378
pre,0.025,95,8.104442155658969
pre,0.03,95,8.104396448357058
pre,0.035,95,8.104350774208855
pre,0.04,95,8.104305132623754
pre,0.045,95,8.10425952302404
pre,0.05,95,8.104213944844606
pre,0.055,95,8.104168397532677
pre,0.06,95,8.104122880547527
pre,0.065,95,8.10407739336024
pre,0.07,95,8.104031935453424
pre,0.075,95,8.10398650632097
pre,0.08,95,8.103941105467804
pre,0.085,95,8.103895732409638
pre,0.09,95,8.10385038667275
pre,0.095,95,8.103805067793722
pre,0.1,95,8.103759775319245
pre,0.105,95,8.103714508805874
pre,0.11,95,8.103669267819832
pre,0.115,95,8.103624051936775
pre,0.12,95,8.103578860741603
pre,0.125,95,8.103533693828249
pre,0.13,95,8.103488550799486
pre,0.135,95,8.103443431266731
pre,0.14,95,8.103398334849844
pre,0.145,95,8.103353261176961
pre,0.15,95,8.103308209884311
pre,0.155,95,8.10326318061602
pre,0.16,95,8.103218173023954
pre,0.165,95,8.10317318676756
pre,0.17,95,8.10312822151366
pre,0.17500000000000002,95,8.103083276936342
pre,0.18,95,8.103038352716755
pre,0.185,95,8.102993448542982
pre,0.19,95,8.102948564109875
pre,0.195,95,8.102903699118924
pre,0.2,95,8.102858853278088
pre,0.20500000000000002,95,8.102814026301663
pre,0.21,95,8.102769217910154
pre,0.215,95,8.102724427830125
pre,0.22,95,8.102679655794075
pre,0.225,95,8.1026349015403
pre,0.23,95,8.102590164812778
pre,0.23500000000000001,95,8.102545445361036
pre,0.24,95,8.102500742940025
pre,0.245,95,8.102456057310011
pre,0.25,95,8.102411388236462
pre,0.255,95,8.102366735489916
pre,0.26,95,8.102322098845887
pre,0.265,95,8.102277478084753
pre,0.27,95,8.102232872991642
pre,0.275,95,8.102188283356336
pre,0.28,95,8.10214370897317
pre,0.28500000000000003,95,8.102099149640926
pre,0.29,95,8.102054605162738
pre,0.295,95,8.102010075346007
pre,0.3,95,8.101965560002288
pre,0.305,95,8.101921058947214
pre,0.31,95,8.10187657200041
pre,0.315,95,8.101832098985394
pre,0.32,95,8.1017876397295
pre,0.325,95,8.101743194063781
pre,0.33,95,8.10169876182296
pre,0.335,95,8.10165434284531
pre,0.34,95,8.101609936972602
pre,0.34500000000000003,95,8.101565544050024
pre,0.35000000000000003,95,8.1015211639261
pre,0.355,95,8.10147679645263
pre,0.36,95,8.1014324414846
pre,0.365,95,8.101388098880129
pre,0.37,95,8.101343768500396
pre,0.375,95,8.10129945020956
pre,0.38,95,8.10125514387472
pre,0.385,95,8.101210849365836
pre,0.39,95,8.101166566555657
pre,0.395,95,8.101122295319687
pre,0.4,95,8.101078035536093
pre,0.405,95,8.101033787085676
pre,0.41000000000000003,95,8.100989549851796
pre,0.41500000000000004,95,8.100945323720323
pre,0.42,95,8.100901108579572
pre,0.425,95,8.100856904320269
pre,0.43,95,8.100812710835482
pre,0.435,95,8.100768528020579
pre,0.44,95,8.100724355773163
pre,0.445,95,8.100680193993052
pre,0.45,95,8.100636042582195
pre,0.455,95,8.10059190144466
pre,0.46,95,8.10054777048656
pre,0.465,95,8.100503649616032
pre,0.47000000000000003,95,8.100459538743161
pre,0.47500000000000003,95,8.10041543777998
pre,0.48,95,8.100371346640388
pre,0.485,95,8.100327265240141
pre,0.49,95,8.100283193496784
pre,0.495,95,8.100239131329632
pre,0.5,95,8.100195078659725
pre,0.505,95,8.100151035409782
pre,0.51,95,8.100107001504185
pre,0.515,95,8.100062976868912
pre,0.52,95,8.100018961431546
pre,0.525,95,8.099974955121194
pre,0.53,95,8.099930957868475
pre,0.535,95,8.099886969605498
pre,0.54,95,8.099842990265808
pre,0.545,95,8.099799019784367
pre,0.55,95,8.099755058097523
pre,0.555,95,8.099711105142973
pre,0.56,95,8.099667160859743
pre,0.5650000000000001,95,8.099623225188154
pre,0.5700000000000001,95,8.099579298069788
pre,0.5750000000000001,95,8.099535379447476
pre,0.58,95,8.099491469265255
pre,0.585,95,8.099447567468339
pre,0.59,95,8.099403674003124
pre,0.595,95,8.099359788817129
pre,0.6,95,8.099315911858977
pre,0.605,95,8.09927204307839
pre,0.61,95,8.099228182426144
pre,0.615,95,8.099184329854053
pre,0.62,95,8.099140485314962
pre,0.625,95,8.099096648762691
pre,0.63,95,8.09905282015204
pre,0.635,95,8.09900899943877
pre,0.64,95,8.098965186579568
pre,0.645,95,8.098921381532017
pre,0.65,95,8.098877584254618
pre,0.655,95,8.09883379470672
pre,0.66,95,8.098790012848541
pre,0.665,95,8.098746238641118
pre,0.67,95,8.098702472046321
pre,0.675,95,8.0986587130268
pre,0.68,95,8.098614961546007
pre,0.685,95,8.098571217568132
pre,0.6900000000000001,95,8.098527481058138
pre,0.6950000000000001,95,8.098483751981702
pre,0.7000000000000001,95,8.09844003030522
pre,0.705,95,8.098396315995792
pre,0.71,95,8.098352609021198
pre,0.715,95,8.098308909349887
pre,0.72,95,8.098265216950967
pre,0.725,95,8.09822153179418
pre,0.73,95,8.098177853849903
pre,0.735,95,8.098134183089119
pre,0.74,95,8.09809051948341
pre,0.745,95,8.098046863004955
pre,0.75,95,8.098003213626498
pre,0.755,95,8.097959571321343
pre,0.76,95,8.097915936063348
pre,0.765,95,8.09787230782691
pre,0.77,95,8.097828686586942
pre,0.775,95,8.097785072318887
pre,0.78,95,8.097741464998672
pre,0.785,95,8.097697864602731
pre,0.79,95,8.09765427110797
pre,0.795,95,8.097610684491773
pre,0.8,95,8.097567104731983
pre,0.805,95,8.097523531806889
pre,0.81,95,8.097479965695223
pre,0.8150000000000001,95,8.097436406376152
pre,0.8200000000000001,95,8.097392853829263
pre,0.8250000000000001,95,8.097349308034554
pre,0.8300000000000001,95,8.097305768972422
pre,0.835,95,8.09726223662367
pre,0.84,95,8.097218710969479
pre,0.845,95,8.097175191991415
pre,0.85,95,8.097131679671405
pre,0.855,95,8.097088173991745
pre,0.86,95,8.097044674935077
pre,0.865,95,8.097001182484405
pre,0.87,95,8.096957696623049
pre,0.875,95,8.096914217334678
pre,0.88,95,8.096870744603276
pre,0.885,95,8.096827278413157
pre,0.89,95,8.096783818748923
pre,0.895,95,8.096740365595496
pre,0.9,95,8.096696918938095
pre,0.905,95,8.096653478762223
pre,0.91,95,8.096610045053666
pre,0.915,95,8.096566617798494
pre,0.92,95,8.096523196983044
pre,0.925,95,8.096479782593924
pre,0.93,95,8.09643637461799
pre,0.935,95,8.096392973042374
pre,0.9400000000000001,95,8.09634957785444
pre,0.9450000000000001,95,8.096306189041796
pre,0.9500000000000001,95,8.096262806592296
pre,0.9550000000000001,95,8.096219430494024
pre,0.96,95,8.096176060735289
pre,0.965,95,8.096132697304625
pre,0.97,95,8.09608934019079
pre,0.975,95,8.096045989382747
pre,0.98,95,8.096002644869673
pre,0.985,95,8.095959306640943
pre,0.99,95,8.095915974686143
pre,0.995,95,8.09587264899504
pre,1.0,95,8.095829329557612
pre,1.0050000000000001,95,8.095786016364002
pre,1.01,95,8.095742709404554
pre,1.0150000000000001,95,8.09569940866978
pre,1.02,95,8.095656114150376
pre,1.025,95,8.095612825837199
pre,1.03,95,8.095569543721277
pre,1.035,95,8.09552626779381
pre,1.04,95,8.095482998046151
pre,1.045,95,8.095439734469815
pre,1.05,95,8.095396477056466
pre,1.055,95,8.095353225797918
pre,1.06,95,8.095309980686132
pre,1.065,95,8.09526674171322
pre,1.07,95,8.095223508871426
pre,1.075,95,8.09518028215314
pre,1.08,95,8.095137061550876
pre,1.085,95,8.095093847057287
pre,1.09,95,8.095050638665157
pre,1.095,95,8.09500743636739
pre,1.1,95,8.094964240157012
pre,1.105,95,8.094921050027182
pre,1.11,95,8.094877865971164
pre,1.115,95,8.094834687982345
pre,1.12,95,8.094791516054219
pre,1.125,95,8.094748350180394
pre,1.1300000000000001,95,8.094705190354592
pre,1.135,95,8.094662036570629
pre,1.1400000000000001,95,8.094618888822433
pre,1.145,95,8.094575747104031
pre,1.1500000000000001,95,8.094532611409548
pre,1.155,95,8.09448948173321
pre,1.16,95,8.09444635806933
pre,1.165,95,8.09440324041232
pre,1.17,95,8.094360128756684
pre,1.175,95,8.094317023097009
pre,1.18,95,8.094273923427973
pre,1.185,95,8.094230829744342
pre,1.19,95,8.094187742040958
pre,1.195,95,8.094144660312743
pre,1.2,95,8.094101584554712
pre,1.205,95,8.094058514761944
pre,1.21,95,8.094015450929605
pre,1.215,95,8.093972393052924
pre,1.22,95,8.093929341127208
pre,1.225,95,8.093886295147843
pre,1.23,95,8.09384325511027
pre,1.235,95,8.093800221010016
pre,1.24,95,8.093757192842654
pre,1.245,95,8.093714170603844
pre,1.25,95,8.093671154289295
pre,1.2550000000000001,95,8.093628143894788
pre,1.26,95,8.09358513941615
pre,1.2650000000000001,95,8.093542140849294
pre,1.27,95,8.093499148190158
pre,1.2750000000000001,95,8.093456161434773
pre,1.28,95,8.093413180579196
pre,1.285,95,8.093370205619555
pre,1.29,95,8.093327236552032
pre,1.295,95,8.093284273372854
pre,1.3,95,8.093241316078306
pre,1.305,95,8.093198364664715
pre,1.31,95,8.09315541912847
pre,1.315,95,8.093112479466
pre,1.32,95,8.093069545673778
pre,1.325,95,8.093026617748325
pre,1.33,95,8.09298369568622
pre,1.335,95,8.092940779484069
pre,1.34,95,8.092897869138525
pre,1.345,95,8.09285496464629
pre,1.35,95,8.092812066004104
pre,1.355,95,8.092769173208746
pre,1.36,95,8.092726286257035
pre,1.365,95,8.092683405145825
pre,1.37,95,8.092640529872021
pre,1.375,95,8.092597660432551
pre,1.3800000000000001,95,8.092554796824384
pre,1.385,95,8.09251193904453
pre,1.3900000000000001,95,8.09246908709002
pre,1.395,95,8.092426240957934
pre,1.4000000000000001,95,8.092383400645378
pre,1.405,95,8.092340566149494
pre,1.41,95,8.09229773746745
pre,1.415,95,8.092254914596449
pre,1.42,95,8.092212097533723
pre,1.425,95,8.092169286276546
pre,1.43,95,8.092126480822193
pre,1.435,95,8.092083681167999
pre,1.44,95,8.092040887311304
pre,1.445,95,8.091998099249487
pre,1.45,95,8.091955316979956
pre,1.455,95,8.09191254050013
pre,1.46,95,8.091869769807476
pre,1.465,95,8.091827004899462
pre,1.47,95,8.091784245773605
pre,1.475,95,8.09174149242742
pre,1.48,95,8.091698744858473
pre,1.485,95,8.091656003064328
pre,1.49,95,8.091613267042588
pre,1.495,95,8.09157053679087
pre,1.5,95,8.091527812306822
pre,1.5050000000000001,95,8.091485093588101
pre,1.51,95,8.09144238063239
pre,1.5150000000000001,95,8.091399673437394
pre,1.52,95,8.091356972000835
pre,1.5250000000000001,95,8.091314276320457
pre,1.53,95,8.091271586394017
pre,1.5350000000000001,95,8.091228902219305
pre,1.54,95,8.091186223794107
pre,1.545,95,8.091143551116248
pre,1.55,95,8.091100884183557
pre,1.555,95,8.091058222993889
pre,1.56,95,8.091015567545107
pre,1.565,95,8.090972917835096
pre,1.57,95,8.090930273861755
pre,1.575,95,8.090887635622995
pre,1.58,95,8.090845003116755
pre,1.585,95,8.090802376340974
pre,1.59,95,8.090759755293616
pre,1.595,95,8.090717139972652
pre,1.6,95,8.090674530376074
pre,1.605,95,8.09063192650188
pre,1.61,95,8.090589328348086
pre,1.615,95,8.090546735912726
pre,1.62,95,8.090504149193833
pre,1.625,95,8.090461568189474
pre,1.6300000000000001,95,8.090418992897702
pre,1.635,95,8.090376423316604
pre,1.6400000000000001,95,8.09033385944427
pre,1.645,95,8.0902913012788
pre,1.6500000000000001,95,8.090248748818308
pre,1.655,95,8.09020620206092
pre,1.6600000000000001,95,8.090163661004771
pre,1.665,95,8.090121125648004
pre,1.67,95,8.090078595988782
pre,1.675,95,8.090036072025267
pre,1.68,95,8.08999355375564
pre,1.685,95,8.089951041178082
pre,1.69,95,8.089908534290798
pre,1.695,95,8.089866033091985
pre,1.7,95,8.08982353757986
pre,1.705,95,8.089781047752652
pre,1.71,95,8.089738563608588
pre,1.715,95,8.089696085145912
pre,1.72,95,8.08965361236287
pre,1.725,95,8.089611145257726
pre,1.73,95,8.089568683828745
pre,1.735,95,8.089526228074195
pre,1.74,95,8.089483777992365
pre,1.745,95,8.089441333581542
pre,1.75,95,8.089398894840022
pre,1.7550000000000001,95,8.089356461766112
pre,1.76,95,8.08931403435812
pre,1.7650000000000001,95,8.089271612614365
pre,1.77,95,8.089229196533177
pre,1.7750000000000001,95,8.089186786112883
pre,1.78,95,8.08914438135182
pre,1.7850000000000001,95,8.08910198224834
pre,1.79,95,8.08905958880079
pre,1.795,95,8.089017201007529
pre,1.8,95,8.088974818866916
pre,1.805,95,8.088932442377331
pre,1.81,95,8.088890071537138
pre,1.815,95,8.088847706344724
pre,1.82,95,8.088805346798473
pre,1.825,95,8.088762992896783
pre,1.83,95,8.088720644638045
pre,1.835,95,8.088678302020666
pre,1.84,95,8.088635965043048
pre,1.845,95,8.088593633703614
pre,1.85,95,8.08855130800077
pre,1.855,95,8.08850898793295
pre,1.86,95,8.08846667349858
pre,1.865,95,8.088424364696085
pre,1.87,95,8.088382061523905
pre,1.875,95,8.088339763980482
pre,1.8800000000000001,95,8.088297472064264
pre,1.885,95,8.088255185773695
pre,1.8900000000000001,95,8.088212905107236
pre,1.895,95,8.088170630063344
pre,1.9000000000000001,95,8.088128360640475
pre,1.905,95,8.088086096837104
pre,1.9100000000000001,95,8.088043838651695
pre,1.915,95,8.088001586082724
pre,1.92,95,8.087959339128671
pre,1.925,95,8.087917097788015
pre,1.93,95,8.08787486205924
pre,1.935,95,8.087832631940838
pre,1.94,95,8.0877904074313
pre,1.945,95,8.087748188529119
pre,1.95,95,8.087705975232799
pre,1.955,95,8.087663767540835
pre,1.96,95,8.087621565451736
pre,1.965,95,8.087579368964013
pre,1.97,95,8.087537178076174
pre,1.975,95,8.087494992786732
pre,1.98,95,8.08745281309421
pre,1.985,95,8.087410638997124
pre,1.99,95,8.087368470493995
pre,1.995,95,8.087326307583355
pre,2.0,95,8.08728415026373
pre,2.005,95,8.087241998533653
pre,2.0100000000000002,95,8.087199852391658
pre,2.015,95,8.087157711836278
pre,2.02,95,8.087115576866056
pre,2.025,95,8.087073447479534
pre,2.0300000000000002,95,8.087031323675255
pre,2.035,95,8.086989205451767
pre,2.04,95,8.086947092807613
pre,2.045,95,8.086904985741352
pre,2.05,95,8.086862884251538
pre,2.055,95,8.08682078833672
pre,2.06,95,8.086778697995461
pre,2.065,95,8.086736613226321
pre,2.07,95,8.086694534027863
pre,2.075,95,8.086652460398648
pre,2.08,95,8.086610392337247
pre,2.085,95,8.086568329842224
pre,2.09,95,8.086526272912156
pre,2.095,95,8.086484221545609
pre,2.1,95,8.086442175741162
pre,2.105,95,8.086400135497389
pre,2.11,95,8.086358100812866
pre,2.115,95,8.086316071686179
pre,2.12,95,8.086274048115904
pre,2.125,95,8.086232030100627
pre,2.13,95,8.086190017638936
pre,2.1350000000000002,95,8.086148010729413
pre,2.14,95,8.08610600937065
pre,2.145,95,8.086064013561234
pre,2.15,95,8.08602202329976
pre,2.1550000000000002,95,8.08598003858482
pre,2.16,95,8.085938059415012
pre,2.165,95,8.085896085788928
pre,2.17,95,8.085854117705166
pre,2.1750000000000003,95,8.085812155162332
pre,2.18,95,8.08577019815902
pre,2.185,95,8.085728246693836
pre,2.19,95,8.085686300765381
pre,2.195,95,8.085644360372264
pre,2.2,95,8.08560242551309
pre,2.205,95,8.085560496186465
pre,2.21,95,8.085518572391004
pre,2.215,95,8.085476654125312
pre,2.22,95,8.085434741388003
pre,2.225,95,8.085392834177693
pre,2.23,95,8.085350932492988
pre,2.235,95,8.085309036332514
pre,2.24,95,8.08526714569488
pre,2.245,95,8.085225260578712
pre,2.25,95,8.085183380982619
pre,2.255,95,8.085141506905229
pre,2.2600000000000002,95,8.085099638345163
pre,2.265,95,8.08505777530104
pre,2.27,95,8.085015917771491
pre,2.275,95,8.084974065755132
pre,2.2800000000000002,95,8.084932219250595
pre,2.285,95,8.084890378256503
pre,2.29,95,8.08484854277149
pre,2.295,95,8.08480671279418
pre,2.3000000000000003,95,8.084764888323205
pre,2.305,95,8.084723069357194
pre,2.31,95,8.084681255894786
pre,2.315,95,8.084639447934606
pre,2.32,95,8.084597645475295
pre,2.325,95,8.08455584851548
pre,2.33,95,8.084514057053806
pre,2.335,95,8.084472271088902
pre,2.34,95,8.084430490619415
pre,2.345,95,8.084388715643975
pre,2.35,95,8.084346946161226
pre,2.355,95,8.084305182169809
pre,2.36,95,8.084263423668359
pre,2.365,95,8.084221670655532
pre,2.37,95,8.084179923129962
pre,2.375,95,8.084138181090292
pre,2.38,95,8.084096444535168
pre,2.3850000000000002,95,8.084054713463239
pre,2.39,95,8.084012987873148
pre,2.395,95,8.083971267763548
pre,2.4,95,8.083929553133078
pre,2.4050000000000002,95,8.083887843980396
pre,2.41,95,8.083846140304143
pre,2.415,95,8.083804442102977
pre,2.42,95,8.083762749375548
pre,2.4250000000000003,95,8.083721062120503
pre,2.43,95,8.083679380336502
pre,2.435,95,8.083637704022191
pre,2.44,95,8.08359603317623
pre,2.445,95,8.083554367797273
pre,2.45,95,8.083512707883969
pre,2.455,95,8.083471053434987
pre,2.46,95,8.083429404448973
pre,2.465,95,8.083387760924591
pre,2.47,95,8.083346122860497
pre,2.475,95,8.083304490255353
pre,2.48,95,8.083262863107812
pre,2.485,95,8.08322124141654
pre,2.49,95,8.083179625180199
pre,2.495,95,8.083138014397449
pre,2.5,95,8.083096409066954
pre,2.505,95,8.083054809187372
pre,2.5100000000000002,95,8.08301321475737
pre,2.515,95,8.082971625775615
pre,2.52,95,8.082930042240772
pre,2.525,95,8.082888464151502
pre,2.5300000000000002,95,8.082846891506476
pre,2.535,95,8.082805324304356
pre,2.54,95,8.08276376254381
pre,2.545,95,8.082722206223512
pre,2.5500000000000003,95,8.082680655342129
pre,2.555,95,8.082639109898322
pre,2.56,95,8.082597569890773
pre,2.565,95,8.082556035318143
pre,2.57,95,8.08251450617911
pre,2.575,95,8.082472982472343
pre,2.58,95,8.08243146419651
pre,2.585,95,8.08238995135029
pre,2.59,95,8.082348443932354
pre,2.595,95,8.082306941941377
pre,2.6,95,8.082265445376027
pre,2.605,95,8.082223954234987
pre,2.61,95,8.082182468516931
pre,2.615,95,8.082140988220534
pre,2.62,95,8.08209951334447
pre,2.625,95,8.082058043887422
pre,2.63,95,8.08201657984806
pre,2.6350000000000002,95,8.08197512122507
pre,2.64,95,8.08193366801713
pre,2.645,95,8.081892220222914
pre,2.65,95,8.081850777841103
pre,2.6550000000000002,95,8.08180934087038
pre,2.66,95,8.081767909309427
pre,2.665,95,8.081726483156924
pre,2.67,95,8.081685062411548
pre,2.6750000000000003,95,8.081643647071989
pre,2.68,95,8.081602237136925
pre,2.685,95,8.08156083260504
pre,2.69,95,8.081519433475021
pre,2.695,95,8.081478039745551
pre,2.7,95,8.081436651415311
pre,2.705,95,8.081395268482991
pre,2.71,95,8.081353890947277
pre,2.715,95,8.081312518806854
pre,2.72,95,8.081271152060406
pre,2.725,95,8.081229790706624
pre,2.73,95,8.081188434744197
pre,2.735,95,8.081147084171809
pre,2.74,95,8.081105738988153
pre,2.745,95,8.081064399191913
pre,2.75,95,8.081023064781785
pre,2.755,95,8.080981735756454
pre,2.7600000000000002,95,8.080940412114614
pre,2.765,95,8.080899093854955
pre,2.77,95,8.080857780976169
pre,2.775,95,8.080816473476947
pre,2.7800000000000002,95,8.080775171355983
pre,2.785,95,8.080733874611967
pre,2.79,95,8.080692583243598
pre,2.795,95,8.080651297249563
pre,2.8000000000000003,95,8.080610016628562
pre,2.805,95,8.080568741379286
pre,2.81,95,8.080527471500433
pre,2.815,95,8.080486206990699
pre,2.82,95,8.080444947848774
pre,2.825,95,8.080403694073363
pre,2.83,95,8.080362445663159
pre,2.835,95,8.080321202616858
pre,2.84,95,8.080279964933162
pre,2.845,95,8.080238732610761
pre,2.85,95,8.08019750564837
pre,2.855,95,8.080156284044667
pre,2.86,95,8.08011506779837
pre,2.865,95,8.080073856908172
pre,2.87,95,8.080032651372768
pre,2.875,95,8.07999145119087
pre,2.88,95,8.07995025636117
pre,2.8850000000000002,95,8.079909066882376
pre,2.89,95,8.079867882753186
pre,2.895,95,8.079826703972307
pre,2.9,95,8.079785530538437
pre,2.9050000000000002,95,8.079744362450283
pre,2.91,95,8.079703199706545
pre,2.915,95,8.079662042305937
pre,2.92,95,8.079620890247151
pre,2.9250000000000003,95,8.079579743528903
pre,2.93,95,8.07953860214989
pre,2.935,95,8.079497466108828
pre,2.94,95,8.079456335404414
pre,2.945,95,8.079415210035359
pre,2.95,95,8.079374090000368
pre,2.955,95,8.079332975298154
pre,2.96,95,8.07929186592742
pre,2.965,95,8.07925076188688
pre,2.97,95,8.079209663175233
pre,2.975,95,8.079168569791198
pre,2.98,95,8.079127481733483
pre,2.985,95,8.079086399000795
pre,2.99,95,8.079045321591849
pre,2.995,95,8.07900424950535
pre,3.0,95,8.078963182740013
pre,3.005,95,8.078922121294552
pre,3.0100000000000002,95,8.078881065167675
pre,3.015,95,8.078840014358097
pre,3.02,95,8.078798968864529
pre,3.025,95,8.078757928685686
pre,3.0300000000000002,95,8.078716893820287
pre,3.035,95,8.078675864267037
pre,3.04,95,8.078634840024657
pre,3.045,95,8.078593821091856
pre,3.0500000000000003,95,8.078552807467355
pre,3.055,95,8.078511799149874
pre,3.06,95,8.078470796138118
pre,3.065,95,8.07842979843081
pre,3.0700000000000003,95,8.078388806026668
pre,3.075,95,8.078347818924406
pre,3.08,95,8.078306837122746
pre,3.085,95,8.078265860620403
pre,3.09,95,8.078224889416092
pre,3.095,95,8.078183923508542
pre,3.1,95,8.078142962896464
pre,3.105,95,8.078102007578584
pre,3.11,95,8.078061057553615
pre,3.115,95,8.078020112820287
pre,3.12,95,8.077979173377313
pre,3.125,95,8.077938239223418
pre,3.13,95,8.077897310357324
pre,3.1350000000000002,95,8.077856386777748
pre,3.14,95,8.077815468483422
pre,3.145,95,8.07777455547306
pre,3.15,95,8.077733647745392
pre,3.1550000000000002,95,8.077692745299137
pre,3.16,95,8.077651848133021
pre,3.165,95,8.07761095624577
pre,3.17,95,8.077570069636106
pre,3.1750000000000003,95,8.077529188302757
pre,3.18,95,8.07748831224445
pre,3.185,95,8.077447441459908
pre,3.19,95,8.077406575947856
pre,3.1950000000000003,95,8.077365715707023
pre,3.2,95,8.07732486073614
pre,3.205,95,8.077284011033923
pre,3.21,95,8.077243166599116
pre,3.215,95,8.077202327430438
pre,3.22,95,8.077161493526617
pre,3.225,95,8.077120664886387
pre,3.23,95,8.07707984150847
pre,3.235,95,8.077039023391604
pre,3.24,95,8.076998210534517
pre,3.245,95,8.076957402935939
pre,3.25,95,8.0769166005946
pre,3.255,95,8.076875803509235
pre,3.2600000000000002,95,8.076835011678568
pre,3.265,95,8.07679422510134
pre,3.27,95,8.07675344377628
pre,3.275,95,8.076712667702122
pre,3.2800000000000002,95,8.076671896877595
pre,3.285,95,8.07663113130144
pre,3.29,95,8.076590370972387
pre,3.295,95,8.076549615889173
pre,3.3000000000000003,95,8.076508866050526
pre,3.305,95,8.076468121455187
pre,3.31,95,8.076427382101892
pre,3.315,95,8.076386647989375
pre,3.3200000000000003,95,8.076345919116374
pre,3.325,95,8.076305195481627
pre,3.33,95,8.076264477083868
pre,3.335,95,8.076223763921833
pre,3.34,95,8.076183055994269
pre,3.345,95,8.076142353299904
pre,3.35,95,8.076101655837478
pre,3.355,95,8.07606096360574
pre,3.36,95,8.076020276603417
pre,3.365,95,8.075979594829253
pre,3.37,95,8.075938918281993
pre,3.375,95,8.075898246960367
pre,3.38,95,8.07585758086313
pre,3.3850000000000002,95,8.075816919989013
pre,3.39,95,8.075776264336762
pre,3.395,95,8.075735613905117
pre,3.4,95,8.075694968692822
pre,3.4050000000000002,95,8.075654328698613
pre,3.41,95,8.075613693921248
pre,3.415,95,8.075573064359455
pre,3.42,95,8.075532440011987
pre,3.4250000000000003,95,8.075491820877588
pre,3.43,95,8.075451206954995
pre,3.435,95,8.075410598242962
pre,3.44,95,8.075369994740232
pre,3.4450000000000003,95,8.07532939644555
pre,3.45,95,8.075288803357656
pre,3.455,95,8.075248215475309
pre,3.46,95,8.075207632797248
pre,3.465,95,8.07516705532222
pre,3.47,95,8.075126483048974
pre,3.475,95,8.07508591597626
pre,3.48,95,8.075045354102823
pre,3.485,95,8.075004797427416
pre,3.49,95,8.074964245948783
pre,3.495,95,8.07492369966568
pre,3.5,95,8.074883158576847
pre,3.505,95,8.074842622681043
pre,3.5100000000000002,95,8.074802091977016
pre,3.515,95,8.074761566463518
pre,3.52,95,8.074721046139297
pre,3.525,95,8.074680531003107
pre,3.5300000000000002,95,8.0746400210537
pre,3.535,95,8.074599516289826
pre,3.54,95,8.074559016710245
pre,3.545,95,8.074518522313701
pre,3.5500000000000003,95,8.074478033098956
pre,3.555,95,8.074437549064756
pre,3.56,95,8.074397070209859
pre,3.565,95,8.074356596533022
pre,3.5700000000000003,95,8.074316128032997
pre,3.575,95,8.074275664708537
pre,3.58,95,8.074235206558406
pre,3.585,95,8.074194753581354
pre,3.59,95,8.074154305776135
pre,3.595,95,8.074113863141513
pre,3.6,95,8.074073425676241
pre,3.605,95,8.074032993379076
pre,3.61,95,8.073992566248778
pre,3.615,95,8.073952144284101
pre,3.62,95,8.07391172748381
pre,3.625,95,8.073871315846661
pre,3.63,95,8.073830909371415
pre,3.6350000000000002,95,8.07379050805683
pre,3.64,95,8.073750111901667
pre,3.645,95,8.073709720904683
pre,3.65,95,8.073669335064645
pre,3.6550000000000002,95,8.07362895438031
pre,3.66,95,8.073588578850439
pre,3.665,95,8.073548208473797
pre,3.67,95,8.073507843249144
pre,3.6750000000000003,95,8.073467483175246
pre,3.68,95,8.073427128250865
pre,3.685,95,8.07338677847476
pre,3.69,95,8.073346433845698
pre,3.6950000000000003,95,8.073306094362447
pre,3.7,95,8.073265760023762
pre,3.705,95,8.07322543082842
pre,3.71,95,8.073185106775174
pre,3.715,95,8.073144787862798
pre,3.72,95,8.073104474090055
pre,3.725,95,8.073064165455712
pre,3.73,95,8.073023861958536
pre,3.735,95,8.072983563597294
pre,3.74,95,8.072943270370754
pre,3.745,95,8.072902982277679
pre,3.75,95,8.072862699316843
pre,3.755,95,8.072822421487013
pre,3.7600000000000002,95,8.072782148786954
pre,3.765,95,8.072741881215439
pre,3.77,95,8.072701618771239
pre,3.775,95,8.072661361453124
pre,3.7800000000000002,95,8.072621109259858
pre,3.785,95,8.072580862190218
pre,3.79,95,8.07254062024297
pre,3.795,95,8.072500383416893
pre,3.8000000000000003,95,8.072460151710748
pre,3.805,95,8.072419925123322
pre,3.81,95,8.072379703653374
pre,3.815,95,8.07233948729968
pre,3.8200000000000003,95,8.072299276061015
pre,3.825,95,8.072259069936154
pre,3.83,95,8.072218868923867
pre,3.835,95,8.07217867302293
pre,3.84,95,8.072138482232123
pre,3.845,95,8.07209829655021
pre,3.85,95,8.072058115975977
pre,3.855,95,8.072017940508196
pre,3.86,95,8.071977770145638
pre,3.865,95,8.071937604887083
pre,3.87,95,8.071897444731313
pre,3.875,95,8.071857289677096
pre,3.88,95,8.071817139723214
pre,3.8850000000000002,95,8.071776994868447
pre,3.89,95,8.07173685511157
pre,3.895,95,8.071696720451364
pre,3.9,95,8.071656590886606
pre,3.9050000000000002,95,8.071616466416074
pre,3.91,95,8.071576347038551
pre,3.915,95,8.071536232752816
pre,3.92,95,8.07149612355765
pre,3.9250000000000003,95,8.071456019451832
pre,3.93,95,8.07141592043414
pre,3.935,95,8.071375826503363
pre,3.94,95,8.071335737658277
pre,3.9450000000000003,95,8.071295653897664
pre,3.95,95,8.071255575220308
pre,3.955,95,8.071215501624998
pre,3.96,95,8.07117543311051
pre,3.9650000000000003,95,8.071135369675625
pre,3.97,95,8.071095311319135
pre,3.975,95,8.071055258039816
pre,3.98,95,8.071015209836462
pre,3.985,95,8.07097516670785
pre,3.99,95,8.070935128652769
pre,3.995,95,8.070895095670004
pre,4.0,95,8.070855067758341
pre,4.005,95,8.070815044916566
pre,4.01,95,8.070775027143467
pre,4.015,95,8.07073501443783
pre,4.0200000000000005,95,8.070695006798443
pre,4.025,95,8.070655004224092
pre,4.03,95,8.070615006713567
pre,4.035,95,8.070575014265655
pre,4.04,95,8.070535026879151
pre,4.045,95,8.070495044552837
pre,4.05,95,8.070455067285506
pre,4.055,95,8.07041509507594
pre,4.0600000000000005,95,8.070375127922942
pre,4.065,95,8.070335165825297
pre,4.07,95,8.070295208781797
pre,4.075,95,8.070255256791231
pre,4.08,95,8.070215309852392
pre,4.085,95,8.070175367964072
pre,4.09,95,8.070135431125061
pre,4.095,95,8.070095499334158
pre,4.1,95,8.070055572590153
pre,4.105,95,8.070015650891836
pre,4.11,95,8.069975734238009
pre,4.115,95,8.069935822627453
pre,4.12,95,8.069895916058973
pre,4.125,95,8.069856014531364
pre,4.13,95,8.069816118043414
pre,4.135,95,8.069776226593929
pre,4.14,95,8.0697363401817
pre,4.1450000000000005,95,8.069696458805517
pre,4.15,95,8.06965658246418
pre,4.155,95,8.069616711156494
pre,4.16,95,8.069576844881254
pre,4.165,95,8.069536983637246
pre,4.17,95,8.069497127423277
pre,4.175,95,8.069457276238147
pre,4.18,95,8.069417430080653
pre,4.1850000000000005,95,8.06937758894959
pre,4.19,95,8.069337752843765
pre,4.195,95,8.069297921761974
pre,4.2,95,8.069258095703011
pre,4.205,95,8.06921827466569
pre,4.21,95,8.069178458648798
pre,4.215,95,8.069138647651144
pre,4.22,95,8.069098841671531
pre,4.225,95,8.069059040708755
pre,4.23,95,8.069019244761623
pre,4.235,95,8.068979453828936
pre,4.24,95,8.068939667909492
pre,4.245,95,8.068899887002104
pre,4.25,95,8.06886011110557
pre,4.255,95,8.068820340218691
pre,4.26,95,8.06878057434028
pre,4.265,95,8.068740813469134
pre,4.2700000000000005,95,8.06870105760406
pre,4.275,95,8.068661306743865
pre,4.28,95,8.068621560887355
pre,4.285,95,8.068581820033337
pre,4.29,95,8.06854208418061
pre,4.295,95,8.06850235332799
pre,4.3,95,8.068462627474279
pre,4.305,95,8.068422906618284
pre,4.3100000000000005,95,8.068383190758821
pre,4.315,95,8.068343479894684
pre,4.32,95,8.068303774024695
pre,4.325,95,8.068264073147654
pre,4.33,95,8.068224377262379
pre,4.335,95,8.068184686367665
pre,4.34,95,8.068145000462337
pre,4.345,95,8.068105319545198
pre,4.3500000000000005,95,8.068065643615059
pre,4.355,95,8.068025972670734
pre,4.36,95,8.067986306711033
pre,4.365,95,8.067946645734759
pre,4.37,95,8.067906989740738
pre,4.375,95,8.067867338727776
pre,4.38,95,8.067827692694685
pre,4.385,95,8.06778805164028
pre,4.39,95,8.06774841556337
pre,4.3950000000000005,95,8.067708784462774
pre,4.4,95,8.067669158337305
pre,4.405,95,8.067629537185775
pre,4.41,95,8.067589921007002
pre,4.415,95,8.067550309799797
pre,4.42,95,8.067510703562975
pre,4.425,95,8.067471102295361
pre,4.43,95,8.067431505995758
pre,4.4350000000000005,95,8.067391914662991
pre,4.44,95,8.067352328295877
pre,4.445,95,8.067312746893231
pre,4.45,95,8.067273170453873
pre,4.455,95,8.067233598976612
pre,4.46,95,8.067194032460277
pre,4.465,95,8.06715447090368
pre,4.47,95,8.067114914305645
pre,4.4750000000000005,95,8.067075362664987
pre,4.48,95,8.067035815980526
pre,4.485,95,8.066996274251084
pre,4.49,95,8.066956737475481
pre,4.495,95,8.066917205652533
pre,4.5,95,8.066877678781067
pre,4.505,95,8.066838156859902
pre,4.51,95,8.066798639887859
pre,4.515,95,8.066759127863763
pre,4.5200000000000005,95,8.066719620786431
pre,4.525,95,8.066680118654695
pre,4.53,95,8.066640621467362
pre,4.535,95,8.06660112922327
pre,4.54,95,8.06656164192124
pre,4.545,95,8.06652215956009
pre,4.55,95,8.06648268213865
pre,4.555,95,8.066443209655743
pre,4.5600000000000005,95,8.066403742110195
pre,4.565,95,8.066364279500824
pre,4.57,95,8.066324821826468
pre,4.575,95,8.066285369085945
pre,4.58,95,8.066245921278083
pre,4.585,95,8.066206478401712
pre,4.59,95,8.06616704045566
pre,4.595,95,8.066127607438743
pre,4.6000000000000005,95,8.066088179349798
pre,4.605,95,8.066048756187653
pre,4.61,95,8.066009337951138
pre,4.615,95,8.065969924639077
pre,4.62,95,8.065930516250303
pre,4.625,95,8.06589111278364
pre,4.63,95,8.065851714237924
pre,4.635,95,8.065812320611982
pre,4.64,95,8.065772931904645
pre,4.6450000000000005,95,8.065733548114748
pre,4.65,95,8.065694169241114
pre,4.655,95,8.065654795282578
pre,4.66,95,8.06561542623798
pre,4.665,95,8.06557606210614
pre,4.67,95,8.065536702885895
pre,4.675,95,8.065497348576082
pre,4.68,95,8.065457999175528
pre,4.6850000000000005,95,8.065418654683072
pre,4.69,95,8.065379315097541
pre,4.695,95,8.065339980417775
pre,4.7,95,8.06530065064261
pre,4.705,95,8.065261325770877
pre,4.71,95,8.065222005801408
pre,4.715,95,8.065182690733048
pre,4.72,95,8.06514338056463
pre,4.7250000000000005,95,8.065104075294979
pre,4.73,95,8.065064774922948
pre,4.735,95,8.065025479447366
pre,4.74,95,8.064986188867069
pre,4.745,95,8.064946903180898
pre,4.75,95,8.064907622387688
pre,4.755,95,8.064868346486282
pre,4.76,95,8.06482907547551
pre,4.765,95,8.064789809354222
pre,4.7700000000000005,95,8.064750548121252
pre,4.775,95,8.064711291775437
pre,4.78,95,8.064672040315621
pre,4.785,95,8.06463279374064
pre,4.79,95,8.064593552049342
pre,4.795,95,8.064554315240564
pre,4.8,95,8.064515083313141
pre,4.805,95,8.06447585626592
pre,4.8100000000000005,95,8.064436634097751
pre,4.815,95,8.064397416807466
pre,4.82,95,8.064358204393912
pre,4.825,95,8.064318996855928
pre,4.83,95,8.064279794192363
pre,4.835,95,8.064240596402056
pre,4.84,95,8.064201403483851
pre,4.845,95,8.064162215436594
pre,4.8500000000000005,95,8.064123032259134
pre,4.855,95,8.06408385395031
pre,4.86,95,8.064044680508967
pre,4.865,95,8.064005511933955
pre,4.87,95,8.06396634822412
pre,4.875,95,8.063927189378305
pre,4.88,95,8.063888035395356
pre,4.885,95,8.06384888627412
pre,4.89,95,8.063809742013452
pre,4.8950000000000005,95,8.063770602612193
pre,4.9,95,8.063731468069193
pre,4.905,95,8.0636923383833
pre,4.91,95,8.063653213553359
pre,4.915,95,8.063614093578225
pre,4.92,95,8.063574978456744
pre,4.925,95,8.063535868187769
pre,4.93,95,8.063496762770143
pre,4.9350000000000005,95,8.063457662202723
pre,4.94,95,8.063418566484357
pre,4.945,95,8.063379475613901
pre,4.95,95,8.063340389590198
pre,4.955,95,8.063301308412106
pre,4.96,95,8.063262232078475
pre,4.965,95,8.063223160588157
pre,4.97,95,8.063184093940004
pre,4.9750000000000005,95,8.063145032132871
pre,4.98,95,8.06310597516561
pre,4.985,95,8.063066923037079
pre,4.99,95,8.063027875746121
pre,4.995,95,8.062988833291605
pre,5.0,95,8.062949795672376
pre,5.005,95,8.062910762887288
pre,5.01,95,8.062871734935202
pre,5.015,95,8.062832711814973
pre,5.0200000000000005,95,8.062793693525455
pre,5.025,95,8.0627546800655
pre,5.03,95,8.062715671433978
pre,5.035,95,8.062676667629734
pre,5.04,95,8.062637668651627
pre,5.045,95,8.062598674498519
pre,5.05,95,8.062559685169264
pre,5.055,95,8.062520700662725
pre,5.0600000000000005,95,8.062481720977758
pre,5.065,95,8.06244274611322
pre,5.07,95,8.062403776067969
pre,5.075,95,8.062364810840874
pre,5.08,95,8.062325850430788
pre,5.085,95,8.06228689483657
pre,5.09,95,8.062247944057082
pre,5.095,95,8.062208998091187
pre,5.1000000000000005,95,8.062170056937747
pre,5.105,95,8.062131120595621
pre,5.11,95,8.062092189063671
pre,5.115,95,8.062053262340761
pre,5.12,95,8.062014340425753
pre,5.125,95,8.061975423317511
pre,5.13,95,8.061936511014896
pre,5.135,95,8.06189760351677
pre,5.14,95,8.061858700822002
pre,5.1450000000000005,95,8.061819802929456
pre,5.15,95,8.061780909837996
pre,5.155,95,8.061742021546483
pre,5.16,95,8.061703138053783
pre,5.165,95,8.061664259358764
pre,5.17,95,8.061625385460294
pre,5.175,95,8.061586516357238
pre,5.18,95,8.061547652048457
pre,5.1850000000000005,95,8.061508792532827
pre,5.19,95,8.061469937809207
pre,5.195,95,8.06143108787647
pre,5.2,95,8.061392242733481
pre,5.205,95,8.061353402379108
pre,5.21,95,8.061314566812227
pre,5.215,95,8.061275736031696
pre,5.22,95,8.061236910036387
pre,5.2250000000000005,95,8.061198088825176
pre,5.23,95,8.061159272396926
pre,5.235,95,8.061120460750509
pre,5.24,95,8.061081653884798
pre,5.245,95,8.061042851798662
pre,5.25,95,8.061004054490969
pre,5.255,95,8.060965261960597
pre,5.26,95,8.060926474206417
pre,5.265,95,8.060887691227293
pre,5.2700000000000005,95,8.060848913022106
pre,5.275,95,8.060810139589726
pre,5.28,95,8.060771370929025
pre,5.285,95,8.06073260703888
pre,5.29,95,8.060693847918161
pre,5.295,95,8.060655093565739
pre,5.3,95,8.060616343980502
pre,5.305,95,8.060577599161308
pre,5.3100000000000005,95,8.06053885910704
pre,5.315,95,8.06050012381658
pre,5.32,95,8.060461393288794
pre,5.325,95,8.060422667522557
pre,5.33,95,8.060383946516755
pre,5.335,95,8.060345230270256
pre,5.34,95,8.060306518781942
pre,5.345,95,8.060267812050688
pre,5.3500000000000005,95,8.06022911007537
pre,5.355,95,8.06019041285487
pre,5.36,95,8.060151720388063
pre,5.365,95,8.060113032673831
pre,5.37,95,8.060074349711051
pre,5.375,95,8.060035671498607
pre,5.38,95,8.059996998035366
pre,5.385,95,8.059958329320223
pre,5.39,95,8.05991966535205
pre,5.3950000000000005,95,8.059881006129727
pre,5.4,95,8.05984235165214
pre,5.405,95,8.059803701918165
pre,5.41,95,8.059765056926686
pre,5.415,95,8.059726416676584
pre,5.42,95,8.059687781166742
pre,5.425,95,8.059649150396046
pre,5.43,95,8.059610524363372
pre,5.4350000000000005,95,8.059571903067608
pre,5.44,95,8.059533286507635
pre,5.445,95,8.05949467468234
pre,5.45,95,8.059456067590602
pre,5.455,95,8.059417465231311
pre,5.46,95,8.059378867603352
pre,5.465,95,8.059340274705603
pre,5.47,95,8.059301686536955
pre,5.4750000000000005,95,8.059263103096294
pre,5.48,95,8.059224524382506
pre,5.485,95,8.059185950394474
pre,5.49,95,8.059147381131089
pre,5.495,95,8.059108816591234
pre,5.5,95,8.059070256773799
pre,5.505,95,8.059031701677672
pre,5.51,95,8.058993151301738
pre,5.515,95,8.058954605644894
pre,5.5200000000000005,95,8.058916064706017
pre,5.525,95,8.058877528484
pre,5.53,95,8.058838996977737
pre,5.535,95,8.058800470186112
pre,5.54,95,8.058761948108017
pre,5.545,95,8.058723430742342
pre,5.55,95,8.05868491808798
pre,5.555,95,8.05864641014382
pre,5.5600000000000005,95,8.058607906908751
pre,5.565,95,8.058569408381667
pre,5.57,95,8.058530914561462
pre,5.575,95,8.058492425447026
pre,5.58,95,8.058453941037248
pre,5.585,95,8.058415461331025
pre,5.59,95,8.058376986327254
pre,5.595,95,8.058338516024817
pre,5.6000000000000005,95,8.058300050422613
pre,5.605,95,8.058261589519548
pre,5.61,95,8.058223133314497
pre,5.615,95,8.058184681806365
pre,5.62,95,8.058146234994048
pre,5.625,95,8.058107792876438
pre,5.63,95,8.058069355452432
pre,5.635,95,8.058030922720928
pre,5.64,95,8.057992494680816
pre,5.6450000000000005,95,8.057954071330999
pre,5.65,95,8.057915652670374
pre,5.655,95,8.057877238697834
pre,5.66,95,8.057838829412278
pre,5.665,95,8.057800424812605
pre,5.67,95,8.057762024897716
pre,5.675,95,8.057723629666503
pre,5.68,95,8.057685239117871
pre,5.6850000000000005,95,8.057646853250718
pre,5.69,95,8.057608472063936
pre,5.695,95,8.057570095556436
pre,5.7,95,8.057531723727113
pre,5.705,95,8.057493356574865
pre,5.71,95,8.057454994098595
pre,5.715,95,8.057416636297207
pre,5.72,95,8.0573782831696
pre,5.7250000000000005,95,8.057339934714676
pre,5.73,95,8.057301590931333
pre,5.735,95,8.057263251818483
pre,5.74,95,8.057224917375017
pre,5.745,95,8.057186587599844
pre,5.75,95,8.057148262491873
pre,5.755,95,8.057109942049998
pre,5.76,95,8.057071626273126
pre,5.765,95,8.057033315160162
pre,5.7700000000000005,95,8.056995008710011
pre,5.775,95,8.056956706921579
pre,5.78,95,8.056918409793767
pre,5.785,95,8.056880117325484
pre,5.79,95,8.056841829515635
pre,5.795,95,8.056803546363124
pre,5.8,95,8.056765267866863
pre,5.805,95,8.056726994025755
pre,5.8100000000000005,95,8.05668872483871
pre,5.815,95,8.056650460304628
pre,5.82,95,8.056612200422425
pre,5.825,95,8.056573945191003
pre,5.83,95,8.056535694609275
pre,5.835,95,8.056497448676147
pre,5.84,95,8.056459207390528
pre,5.845,95,8.056420970751327
pre,5.8500000000000005,95,8.056382738757458
pre,5.855,95,8.056344511407827
pre,5.86,95,8.056306288701345
pre,5.865,95,8.056268070636921
pre,5.87,95,8.05622985721347
pre,5.875,95,8.056191648429895
pre,5.88,95,8.056153444285119
pre,5.885,95,8.056115244778045
pre,5.89,95,8.05607704990759
pre,5.8950000000000005,95,8.05603885967266
pre,5.9,95,8.056000674072175
pre,5.905,95,8.055962493105044
pre,5.91,95,8.055924316770184
pre,5.915,95,8.055886145066504
pre,5.92,95,8.055847977992922
pre,5.925,95,8.05580981554835
pre,5.93,95,8.055771657731706
pre,5.9350000000000005,95,8.055733504541896
pre,5.94,95,8.055695355977846
pre,5.945,95,8.055657212038465
pre,5.95,95,8.055619072722672
pre,5.955,95,8.055580938029383
pre,5.96,95,8.05554280795751
pre,5.965,95,8.055504682505978
pre,5.97,95,8.055466561673697
pre,5.9750000000000005,95,8.055428445459587
pre,5.98,95,8.055390333862567
pre,5.985,95,8.055352226881555
pre,5.99,95,8.055314124515466
pre,5.995,95,8.05527602676322
pre,6.0,95,8.055237933623738
pre,6.005,95,8.05519984509594
pre,6.01,95,8.055161761178741
pre,6.015000000000001,95,8.055123681871065
pre,6.0200000000000005,95,8.055085607171828
pre,6.025,95,8.055047537079957
pre,6.03,95,8.05500947159437
pre,6.035,95,8.054971410713984
pre,6.04,95,8.054933354437727
pre,6.045,95,8.05489530276452
pre,6.05,95,8.054857255693278
pre,6.055,95,8.054819213222931
pre,6.0600000000000005,95,8.054781175352398
pre,6.065,95,8.054743142080603
pre,6.07,95,8.054705113406472
pre,6.075,95,8.054667089328923
pre,6.08,95,8.054629069846886
pre,6.085,95,8.05459105495928
pre,6.09,95,8.054553044665033
pre,6.095,95,8.054515038963068
pre,6.1000000000000005,95,8.05447703785231
pre,6.105,95,8.054439041331687
pre,6.11,95,8.054401049400125
pre,6.115,95,8.054363062056547
pre,6.12,95,8.054325079299879
pre,6.125,95,8.054287101129047
pre,6.13,95,8.054249127542986
pre,6.135,95,8.054211158540621
pre,6.140000000000001,95,8.054173194120871
pre,6.1450000000000005,95,8.054135234282668
pre,6.15,95,8.054097279024948
pre,6.155,95,8.05405932834663
pre,6.16,95,8.054021382246647
pre,6.165,95,8.053983440723927
pre,6.17,95,8.0539455037774
pre,6.175,95,8.053907571405997
pre,6.18,95,8.053869643608646
pre,6.1850000000000005,95,8.05383172038428
pre,6.19,95,8.053793801731826
pre,6.195,95,8.05375588765022
pre,6.2,95,8.05371797813839
pre,6.205,95,8.053680073195268
pre,6.21,95,8.05364217281979
pre,6.215,95,8.053604277010876
pre,6.22,95,8.053566385767475
pre,6.2250000000000005,95,8.053528499088507
pre,6.23,95,8.053490616972912
pre,6.235,95,8.053452739419622
pre,6.24,95,8.05341486642757
pre,6.245,95,8.053376997995693
pre,6.25,95,8.05333913412292
pre,6.255,95,8.053301274808192
pre,6.26,95,8.053263420050436
pre,6.265000000000001,95,8.0532255698486
pre,6.2700000000000005,95,8.053187724201605
pre,6.275,95,8.053149883108397
pre,6.28,95,8.053112046567907
pre,6.285,95,8.053074214579075
pre,6.29,95,8.053036387140835
pre,6.295,95,8.052998564252128
pre,6.3,95,8.052960745911887
pre,6.305,95,8.052922932119055
pre,6.3100000000000005,95,8.052885122872565
pre,6.315,95,8.052847318171354
pre,6.32,95,8.052809518014369
pre,6.325,95,8.052771722400541
pre,6.33,95,8.052733931328815
pre,6.335,95,8.05269614479813
pre,6.34,95,8.052658362807419
pre,6.345,95,8.05262058535563
pre,6.3500000000000005,95,8.052582812441699
pre,6.355,95,8.05254504406457
pre,6.36,95,8.052507280223182
pre,6.365,95,8.052469520916476
pre,6.37,95,8.052431766143396
pre,6.375,95,8.052394015902882
pre,6.38,95,8.052356270193878
pre,6.385,95,8.052318529015324
pre,6.390000000000001,95,8.052280792366169
pre,6.3950000000000005,95,8.052243060245347
pre,6.4,95,8.05220533265181
pre,6.405,95,8.052167609584501
pre,6.41,95,8.052129891042355
pre,6.415,95,8.052092177024326
pre,6.42,95,8.052054467529357
pre,6.425,95,8.05201676255639
pre,6.43,95,8.051979062104374
pre,6.4350000000000005,95,8.05194136617225
pre,6.44,95,8.05190367475897
pre,6.445,95,8.051865987863476
pre,6.45,95,8.051828305484717
pre,6.455,95,8.051790627621637
pre,6.46,95,8.051752954273185
pre,6.465,95,8.05171528543831
pre,6.47,95,8.051677621115957
pre,6.4750000000000005,95,8.051639961305074
pre,6.48,95,8.051602306004613
pre,6.485,95,8.05156465521352
pre,6.49,95,8.051527008930744
pre,6.495,95,8.051489367155234
pre,6.5,95,8.05145172988594
pre,6.505,95,8.051414097121812
pre,6.51,95,8.051376468861802
pre,6.515000000000001,95,8.051338845104857
pre,6.5200000000000005,95,8.051301225849931
pre,6.525,95,8.05126361109597
pre,6.53,95,8.051226000841936
pre,6.535,95,8.051188395086767
pre,6.54,95,8.051150793829425
pre,6.545,95,8.051113197068862
pre,6.55,95,8.051075604804023
pre,6.555,95,8.05103801703387
pre,6.5600000000000005,95,8.051000433757345
pre,6.565,95,8.050962854973413
pre,6.57,95,8.050925280681023
pre,6.575,95,8.050887710879127
pre,6.58,95,8.050850145566688
pre,6.585,95,8.050812584742648
pre,6.59,95,8.050775028405967
pre,6.595,95,8.050737476555609
pre,6.6000000000000005,95,8.050699929190516
pre,6.605,95,8.050662386309652
pre,6.61,95,8.050624847911973
pre,6.615,95,8.050587313996433
pre,6.62,95,8.050549784561987
pre,6.625,95,8.050512259607597
pre,6.63,95,8.050474739132218
pre,6.635,95,8.050437223134807
pre,6.640000000000001,95,8.050399711614325
pre,6.6450000000000005,95,8.050362204569726
pre,6.65,95,8.05032470199997
pre,6.655,95,8.050287203904016
pre,6.66,95,8.050249710280829
pre,6.665,95,8.05021222112936
pre,6.67,95,8.05017473644857
pre,6.675,95,8.050137256237422
pre,6.68,95,8.050099780494877
pre,6.6850000000000005,95,8.050062309219891
pre,6.69,95,8.050024842411432
pre,6.695,95,8.049987380068456
pre,6.7,95,8.049949922189924
pre,6.705,95,8.049912468774803
pre,6.71,95,8.049875019822048
pre,6.715,95,8.04983757533063
pre,6.72,95,8.049800135299508
pre,6.7250000000000005,95,8.049762699727637
pre,6.73,95,8.049725268613992
pre,6.735,95,8.049687841957528
pre,6.74,95,8.049650419757223
pre,6.745,95,8.049613002012022
pre,6.75,95,8.0495755887209
pre,6.755,95,8.049538179882823
pre,6.76,95,8.049500775496753
pre,6.765000000000001,95,8.04946337556166
pre,6.7700000000000005,95,8.049425980076496
pre,6.775,95,8.049388589040246
pre,6.78,95,8.049351202451865
pre,6.785,95,8.04931382031032
pre,6.79,95,8.049276442614582
pre,6.795,95,8.049239069363614
pre,6.8,95,8.049201700556388
pre,6.805,95,8.049164336191865
pre,6.8100000000000005,95,8.049126976269019
pre,6.815,95,8.04908962078682
pre,6.82,95,8.04905226974423
pre,6.825,95,8.049014923140223
pre,6.83,95,8.048977580973764
pre,6.835,95,8.048940243243825
pre,6.84,95,8.04890290994938
pre,6.845,95,8.048865581089391
pre,6.8500000000000005,95,8.048828256662837
pre,6.855,95,8.048790936668677
pre,6.86,95,8.048753621105893
pre,6.865,95,8.048716309973456
pre,6.87,95,8.048679003270328
pre,6.875,95,8.04864170099549
pre,6.88,95,8.048604403147912
pre,6.885,95,8.048567109726566
pre,6.890000000000001,95,8.04852982073042
pre,6.8950000000000005,95,8.048492536158456
pre,6.9,95,8.04845525600964
pre,6.905,95,8.048417980282952
pre,6.91,95,8.048380708977362
pre,6.915,95,8.048343442091843
pre,6.92,95,8.04830617962537
pre,6.925,95,8.048268921576925
pre,6.93,95,8.048231667945474
pre,6.9350000000000005,95,8.048194418729995
pre,6.94,95,8.048157173929464
pre,6.945,95,8.04811993354286
pre,6.95,95,8.048082697569155
pre,6.955,95,8.048045466007327
pre,6.96,95,8.048008238856356
pre,6.965,95,8.047971016115214
pre,6.97,95,8.047933797782882
pre,6.9750000000000005,95,8.047896583858334
pre,6.98,95,8.047859374340556
pre,6.985,95,8.04782216922852
pre,6.99,95,8.047784968521198
pre,6.995,95,8.047747772217587
pre,7.0,95,8.047710580316648
pre,7.005,95,8.047673392817375
pre,7.01,95,8.047636209718734
pre,7.015000000000001,95,8.047599031019717
pre,7.0200000000000005,95,8.047561856719296
pre,7.025,95,8.047524686816459
pre,7.03,95,8.047487521310183
pre,7.035,95,8.047450360199448
pre,7.04,95,8.047413203483238
pre,7.045,95,8.047376051160535
pre,7.05,95,8.047338903230319
pre,7.055,95,8.047301759691573
pre,7.0600000000000005,95,8.04726462054328
pre,7.065,95,8.047227485784424
pre,7.07,95,8.047190355413985
pre,7.075,95,8.047153229430952
pre,7.08,95,8.047116107834308
pre,7.085,95,8.047078990623032
pre,7.09,95,8.047041877796113
pre,7.095,95,8.04700476935253
pre,7.1000000000000005,95,8.046967665291273
pre,7.105,95,8.04693056561133
pre,7.11,95,8.046893470311684
pre,7.115,95,8.046856379391317
pre,7.12,95,8.04681929284922
pre,7.125,95,8.046782210684377
pre,7.13,95,8.046745132895778
pre,7.135,95,8.046708059482404
pre,7.140000000000001,95,8.046670990443245
pre,7.1450000000000005,95,8.046633925777291
pre,7.15,95,8.046596865483533
pre,7.155,95,8.046559809560952
pre,7.16,95,8.046522758008537
pre,7.165,95,8.04648571082528
pre,7.17,95,8.04644866801017
pre,7.175,95,8.046411629562195
pre,7.18,95,8.046374595480346
pre,7.1850000000000005,95,8.046337565763608
pre,7.19,95,8.046300540410979
pre,7.195,95,8.046263519421444
pre,7.2,95,8.046226502793997
pre,7.205,95,8.046189490527627
pre,7.21,95,8.046152482621327
pre,7.215,95,8.046115479074087
pre,7.22,95,8.0460784798849
pre,7.2250000000000005,95,8.046041485052754
pre,7.23,95,8.046004494576648
pre,7.235,95,8.045967508455574
pre,7.24,95,8.045930526688524
pre,7.245,95,8.045893549274489
pre,7.25,95,8.04585657621246
pre,7.255,95,8.045819607501443
pre,7.26,95,8.04578264314042
pre,7.265000000000001,95,8.045745683128391
pre,7.2700000000000005,95,8.045708727464353
pre,7.275,95,8.045671776147293
pre,7.28,95,8.045634829176215
pre,7.285,95,8.045597886550107
pre,7.29,95,8.04556094826797
pre,7.295,95,8.045524014328805
pre,7.3,95,8.045487084731596
pre,7.305,95,8.045450159475351
pre,7.3100000000000005,95,8.045413238559062
pre,7.315,95,8.045376321981728
pre,7.32,95,8.045339409742343
pre,7.325,95,8.04530250183991
pre,7.33,95,8.045265598273424
pre,7.335,95,8.045228699041884
pre,7.34,95,8.045191804144286
pre,7.345,95,8.04515491357964
pre,7.3500000000000005,95,8.045118027346936
pre,7.355,95,8.045081145445172
pre,7.36,95,8.045044267873354
pre,7.365,95,8.045007394630481
pre,7.37,95,8.04497052571555
pre,7.375,95,8.044933661127565
pre,7.38,95,8.044896800865528
pre,7.385,95,8.044859944928435
pre,7.390000000000001,95,8.044823093315294
pre,7.3950000000000005,95,8.044786246025103
pre,7.4,95,8.044749403056866
pre,7.405,95,8.044712564409586
pre,7.41,95,8.044675730082263
pre,7.415,95,8.044638900073902
pre,7.42,95,8.044602074383507
pre,7.425,95,8.04456525301008
pre,7.43,95,8.044528435952627
pre,7.4350000000000005,95,8.04449162321015
pre,7.44,95,8.044454814781657
pre,7.445,95,8.044418010666147
pre,7.45,95,8.044381210862632
pre,7.455,95,8.044344415370109
pre,7.46,95,8.044307624187592
pre,7.465,95,8.044270837314082
pre,7.47,95,8.044234054748586
pre,7.4750000000000005,95,8.044197276490115
pre,7.48,95,8.044160502537665
pre,7.485,95,8.044123732890256
pre,7.49,95,8.044086967546884
pre,7.495,95,8.044050206506565
pre,7.5,95,8.044013449768304
pre,7.505,95,8.043976697331106
pre,7.51,95,8.043939949193986
pre,7.515000000000001,95,8.043903205355946
pre,7.5200000000000005,95,8.043866465815999
pre,7.525,95,8.043829730573153
pre,7.53,95,8.043792999626417
pre,7.535,95,8.043756272974806
pre,7.54,95,8.043719550617324
pre,7.545,95,8.043682832552982
pre,7.55,95,8.043646118780792
pre,7.555,95,8.043609409299766
pre,7.5600000000000005,95,8.043572704108916
pre,7.565,95,8.04353600320725
pre,7.57,95,8.043499306593782
pre,7.575,95,8.043462614267524
pre,7.58,95,8.043425926227489
pre,7.585,95,8.043389242472687
pre,7.59,95,8.043352563002134
pre,7.595,95,8.043315887814844
pre,7.6000000000000005,95,8.043279216909827
pre,7.605,95,8.043242550286095
pre,7.61,95,8.043205887942673
pre,7.615,95,8.043169229878563
pre,7.62,95,8.043132576092786
pre,7.625,95,8.043095926584357
pre,7.63,95,8.043059281352287
pre,7.635,95,8.043022640395593
pre,7.640000000000001,95,8.042986003713294
pre,7.6450000000000005,95,8.042949371304404
pre,7.65,95,8.042912743167943
pre,7.655,95,8.042876119302917
pre,7.66,95,8.042839499708355
pre,7.665,95,8.042802884383265
pre,7.67,95,8.042766273326672
pre,7.675,95,8.042729666537587
pre,7.68,95,8.042693064015033
pre,7.6850000000000005,95,8.042656465758025
pre,7.69,95,8.042619871765584
pre,7.695,95,8.04258328203673
pre,7.7,95,8.042546696570477
pre,7.705,95,8.042510115365848
pre,7.71,95,8.042473538421861
pre,7.715,95,8.042436965737538
pre,7.72,95,8.042400397311898
pre,7.7250000000000005,95,8.042363833143963
pre,7.73,95,8.042327273232749
pre,7.735,95,8.042290717577279
pre,7.74,95,8.04225416617658
pre,7.745,95,8.04221761902967
pre,7.75,95,8.042181076135567
pre,7.755,95,8.042144537493296
pre,7.76,95,8.042108003101882
pre,7.765000000000001,95,8.042071472960346
pre,7.7700000000000005,95,8.04203494706771
pre,7.775,95,8.041998425422998
pre,7.78,95,8.041961908025232
pre,7.785,95,8.04192539487344
pre,7.79,95,8.04188888596664
pre,7.795,95,8.041852381303862
pre,7.8,95,8.04181588088413
pre,7.805000000000001,95,8.041779384706464
pre,7.8100000000000005,95,8.041742892769893
pre,7.815,95,8.041706405073443
pre,7.82,95,8.04166992161614
pre,7.825,95,8.041633442397009
pre,7.83,95,8.041596967415071
pre,7.835,95,8.041560496669364
pre,7.84,95,8.041524030158905
pre,7.845,95,8.041487567882726
pre,7.8500000000000005,95,8.041451109839853
pre,7.855,95,8.041414656029312
pre,7.86,95,8.041378206450142
pre,7.865,95,8.041341761101355
pre,7.87,95,8.041305319981984
pre,7.875,95,8.041268883091064
pre,7.88,95,8.041232450427621
pre,7.885,95,8.041196021990684
pre,7.890000000000001,95,8.04115959777928
pre,7.8950000000000005,95,8.041123177792446
pre,7.9,95,8.041086762029206
pre,7.905,95,8.04105035048859
pre,7.91,95,8.041013943169633
pre,7.915,95,8.04097754007136
pre,7.92,95,8.04094114119281
pre,7.925,95,8.04090474653301
pre,7.930000000000001,95,8.040868356090991
pre,7.9350000000000005,95,8.040831969865787
pre,7.94,95,8.04079558785643
pre,7.945,95,8.040759210061955
pre,7.95,95,8.04072283648139
pre,7.955,95,8.04068646711377
pre,7.96,95,8.040650101958134
pre,7.965,95,8.040613741013507
pre,7.97,95,8.040577384278926
pre,7.9750000000000005,95,8.04054103175343
pre,7.98,95,8.040504683436046
pre,7.985,95,8.040468339325816
pre,7.99,95,8.040431999421772
pre,7.995,95,8.040395663722945
pre,8.0,95,8.040359332228379
pre,8.005,95,8.040323004937106
pre,8.01,95,8.040286681848158
pre,8.015,95,8.04025036296058
pre,8.02,95,8.040214048273402
pre,8.025,95,8.040177737785662
pre,8.03,95,8.040141431496401
pre,8.035,95,8.040105129404655
pre,8.040000000000001,95,8.040068831509457
pre,8.045,95,8.040032537809852
pre,8.05,95,8.039996248304876
pre,8.055,95,8.039959962993565
pre,8.06,95,8.039923681874962
pre,8.065,95,8.039887404948104
pre,8.07,95,8.039851132212029
pre,8.075,95,8.039814863665779
pre,8.08,95,8.039778599308395
pre,8.085,95,8.039742339138913
pre,8.09,95,8.039706083156378
pre,8.095,95,8.039669831359832
pre,8.1,95,8.03963358374831
pre,8.105,95,8.039597340320858
pre,8.11,95,8.039561101076519
pre,8.115,95,8.039524866014325
pre,8.120000000000001,95,8.039488635133331
pre,8.125,95,8.039452408432574
pre,8.13,95,8.039416185911096
pre,8.135,95,8.039379967567939
pre,8.14,95,8.03934375340215
pre,8.145,95,8.03930754341277
pre,8.15,95,8.039271337598842
pre,8.155,95,8.039235135959414
pre,8.16,95,8.039198938493525
pre,8.165000000000001,95,8.039162745200228
pre,8.17,95,8.039126556078557
pre,8.175,95,8.039090371127564
pre,8.18,95,8.039054190346292
pre,8.185,95,8.03901801373379
pre,8.19,95,8.038981841289099
pre,8.195,95,8.038945673011268
pre,8.2,95,8.038909508899346
pre,8.205,95,8.038873348952375
pre,8.21,95,8.038837193169403
pre,8.215,95,8.038801041549483
pre,8.22,95,8.038764894091653
pre,8.225,95,8.038728750794968
pre,8.23,95,8.038692611658476
pre,8.235,95,8.03865647668122
pre,8.24,95,8.038620345862256
pre,8.245000000000001,95,8.038584219200626
pre,8.25,95,8.038548096695388
pre,8.255,95,8.038511978345579
pre,8.26,95,8.03847586415026
pre,8.265,95,8.038439754108476
pre,8.27,95,8.038403648219276
pre,8.275,95,8.038367546481714
pre,8.28,95,8.038331448894837
pre,8.285,95,8.038295355457702
pre,8.290000000000001,95,8.038259266169357
pre,8.295,95,8.03822318102885
pre,8.3,95,8.038187100035238
pre,8.305,95,8.03815102318757
pre,8.31,95,8.038114950484903
pre,8.315,95,8.038078881926284
pre,8.32,95,8.038042817510771
pre,8.325,95,8.038006757237417
pre,8.33,95,8.037970701105266
pre,8.335,95,8.037934649113383
pre,8.34,95,8.037898601260817
pre,8.345,95,8.037862557546626
pre,8.35,95,8.03782651796986
pre,8.355,95,8.037790482529575
pre,8.36,95,8.03775445122483
pre,8.365,95,8.037718424054676
pre,8.370000000000001,95,8.037682401018166
pre,8.375,95,8.037646382114366
pre,8.38,95,8.037610367342323
pre,8.385,95,8.037574356701098
pre,8.39,95,8.037538350189743
pre,8.395,95,8.037502347807322
pre,8.4,95,8.037466349552883
pre,8.405,95,8.037430355425494
pre,8.41,95,8.037394365424209
pre,8.415000000000001,95,8.037358379548081
pre,8.42,95,8.037322397796173
pre,8.425,95,8.037286420167543
pre,8.43,95,8.037250446661249
pre,8.435,95,8.03721447727635
pre,8.44,95,8.037178512011906
pre,8.445,95,8.037142550866978
pre,8.45,95,8.037106593840624
pre,8.455,95,8.037070640931903
pre,8.46,95,8.037034692139878
pre,8.465,95,8.036998747463606
pre,8.47,95,8.036962806902155
pre,8.475,95,8.036926870454584
pre,8.48,95,8.03689093811995
pre,8.485,95,8.036855009897312
pre,8.49,95,8.03681908578574
pre,8.495000000000001,95,8.036783165784298
pre,8.5,95,8.03674724989204
pre,8.505,95,8.036711338108033
pre,8.51,95,8.03667543043134
pre,8.515,95,8.036639526861025
pre,8.52,95,8.036603627396149
pre,8.525,95,8.036567732035778
pre,8.53,95,8.036531840778977
pre,8.535,95,8.03649595362481
pre,8.540000000000001,95,8.036460070572337
pre,8.545,95,8.036424191620632
pre,8.55,95,8.036388316768754
pre,8.555,95,8.03635244601577
pre,8.56,95,8.036316579360742
pre,8.565,95,8.036280716802741
pre,8.57,95,8.036244858340828
pre,8.575000000000001,95,8.036209003974077
pre,8.58,95,8.03617315370155
pre,8.585,95,8.036137307522313
pre,8.59,95,8.036101465435436
pre,8.595,95,8.036065627439987
pre,8.6,95,8.03602979353503
pre,8.605,95,8.035993963719639
pre,8.61,95,8.035958137992875
pre,8.615,95,8.035922316353814
pre,8.620000000000001,95,8.035886498801519
pre,8.625,95,8.035850685335058
pre,8.63,95,8.035814875953509
pre,8.635,95,8.035779070655934
pre,8.64,95,8.03574326944141
pre,8.645,95,8.035707472308996
pre,8.65,95,8.035671679257774
pre,8.655,95,8.035635890286807
pre,8.66,95,8.03560010539517
pre,8.665000000000001,95,8.035564324581934
pre,8.67,95,8.035528547846166
pre,8.675,95,8.035492775186944
pre,8.68,95,8.035457006603338
pre,8.685,95,8.035421242094419
pre,8.69,95,8.03538548165926
pre,8.695,95,8.035349725296928
pre,8.700000000000001,95,8.035313973006511
pre,8.705,95,8.035278224787065
pre,8.71,95,8.03524248063768
pre,8.715,95,8.035206740557417
pre,8.72,95,8.035171004545354
pre,8.725,95,8.035135272600568
pre,8.73,95,8.035099544722131
pre,8.735,95,8.035063820909118
pre,8.74,95,8.035028101160611
pre,8.745000000000001,95,8.034992385475672
pre,8.75,95,8.034956673853385
pre,8.755,95,8.034920966292827
pre,8.76,95,8.03488526279307
pre,8.765,95,8.034849563353193
pre,8.77,95,8.034813867972273
pre,8.775,95,8.034778176649386
pre,8.78,95,8.03474248938361
pre,8.785,95,8.03470680617402
pre,8.790000000000001,95,8.034671127019699
pre,8.795,95,8.034635451919717
pre,8.8,95,8.034599780873162
pre,8.805,95,8.034564113879101
pre,8.81,95,8.034528450936625
pre,8.815,95,8.034492792044805
pre,8.82,95,8.034457137202724
pre,8.825000000000001,95,8.034421486409457
pre,8.83,95,8.03438583966409
pre,8.835,95,8.0343501969657
pre,8.84,95,8.034314558313364
pre,8.845,95,8.03427892370617
pre,8.85,95,8.034243293143197
pre,8.855,95,8.03420766662352
pre,8.86,95,8.034172044146223
pre,8.865,95,8.03413642571039
pre,8.870000000000001,95,8.034100811315103
pre,8.875,95,8.034065200959443
pre,8.88,95,8.034029594642494
pre,8.885,95,8.033993992363333
pre,8.89,95,8.033958394121052
pre,8.895,95,8.033922799914725
pre,8.9,95,8.03388720974344
pre,8.905,95,8.033851623606285
pre,8.91,95,8.033816041502337
pre,8.915000000000001,95,8.033780463430679
pre,8.92,95,8.033744889390404
pre,8.925,95,8.033709319380591
pre,8.93,95,8.033673753400326
pre,8.935,95,8.03363819144869
pre,8.94,95,8.033602633524776
pre,8.945,95,8.033567079627666
pre,8.950000000000001,95,8.033531529756447
pre,8.955,95,8.033495983910203
pre,8.96,95,8.033460442088023
pre,8.965,95,8.033424904288994
pre,8.97,95,8.033389370512202
pre,8.975,95,8.03335384075673
pre,8.98,95,8.033318315021674
pre,8.985,95,8.033282793306116
pre,8.99,95,8.033247275609147
pre,8.995000000000001,95,8.033211761929854
pre,9.0,95,8.033176252267323
pre,9.005,95,8.033140746620647
pre,9.01,95,8.033105244988917
pre,9.015,95,8.033069747371215
pre,9.02,95,8.033034253766633
pre,9.025,95,8.032998764174264
pre,9.03,95,8.032963278593199
pre,9.035,95,8.032927797022523
pre,9.040000000000001,95,8.032892319461334
pre,9.045,95,8.032856845908714
pre,9.05,95,8.03282137636376
pre,9.055,95,8.032785910825563
pre,9.06,95,8.032750449293212
pre,9.065,95,8.0327149917658
pre,9.07,95,8.032679538242423
pre,9.075000000000001,95,8.032644088722169
pre,9.08,95,8.03260864320413
pre,9.085,95,8.032573201687402
pre,9.09,95,8.032537764171076
pre,9.095,95,8.032502330654246
pre,9.1,95,8.032466901136008
pre,9.105,95,8.032431475615452
pre,9.11,95,8.032396054091677
pre,9.115,95,8.03236063656377
pre,9.120000000000001,95,8.032325223030833
pre,9.125,95,8.03228981349196
pre,9.13,95,8.032254407946242
pre,9.135,95,8.032219006392781
pre,9.14,95,8.032183608830664
pre,9.145,95,8.032148215258994
pre,9.15,95,8.032112825676865
pre,9.155,95,8.032077440083372
pre,9.16,95,8.032042058477616
pre,9.165000000000001,95,8.03200668085869
pre,9.17,95,8.03197130722569
pre,9.175,95,8.03193593757772
pre,9.18,95,8.031900571913871
pre,9.185,95,8.031865210233246
pre,9.19,95,8.031829852534939
pre,9.195,95,8.03179449881805
pre,9.200000000000001,95,8.031759149081678
pre,9.205,95,8.031723803324928
pre,9.21,95,8.031688461546885
pre,9.215,95,8.031653123746661
pre,9.22,95,8.031617789923356
pre,9.225,95,8.031582460076065
pre,9.23,95,8.031547134203885
pre,9.235,95,8.031511812305919
pre,9.24,95,8.031476494381275
pre,9.245000000000001,95,8.031441180429047
pre,9.25,95,8.031405870448335
pre,9.255,95,8.031370564438246
pre,9.26,95,8.031335262397878
pre,9.265,95,8.031299964326335
pre,9.27,95,8.03126467022272
pre,9.275,95,8.031229380086133
pre,9.28,95,8.03119409391568
pre,9.285,95,8.031158811710458
pre,9.290000000000001,95,8.031123533469579
pre,9.295,95,8.031088259192137
pre,9.3,95,8.031052988877244
pre,9.305,95,8.031017722524
pre,9.31,95,8.03098246013151
pre,9.315,95,8.030947201698877
pre,9.32,95,8.030911947225208
pre,9.325000000000001,95,8.030876696709612
pre,9.33,95,8.030841450151184
pre,9.335,95,8.03080620754904
pre,9.34,95,8.030770968902278
pre,9.345,95,8.030735734210007
pre,9.35,95,8.030700503471337
pre,9.355,95,8.030665276685369
pre,9.36,95,8.030630053851212
pre,9.365,95,8.030594834967973
pre,9.370000000000001,95,8.03055962003476
pre,9.375,95,8.030524409050681
pre,9.38,95,8.03048920201484
pre,9.385,95,8.030453998926351
pre,9.39,95,8.030418799784316
pre,9.395,95,8.03038360458785
pre,9.4,95,8.030348413336057
pre,9.405,95,8.030313226028051
pre,9.41,95,8.030278042662934
pre,9.415000000000001,95,8.03024286323982
pre,9.42,95,8.03020768775782
pre,9.425,95,8.030172516216043
pre,9.43,95,8.030137348613595
pre,9.435,95,8.030102184949593
pre,9.44,95,8.030067025223145
pre,9.445,95,8.030031869433362
pre,9.450000000000001,95,8.029996717579358
pre,9.455,95,8.029961569660243
pre,9.46,95,8.029926425675121
pre,9.465,95,8.029891285623117
pre,9.47,95,8.02985614950334
pre,9.475,95,8.029821017314893
pre,9.48,95,8.0297858890569
pre,9.485,95,8.029750764728467
pre,9.49,95,8.02971564432871
pre,9.495000000000001,95,8.029680527856746
pre,9.5,95,8.029645415311682
pre,9.505,95,8.029610306692637
pre,9.51,95,8.029575201998727
pre,9.515,95,8.02954010122906
pre,9.52,95,8.029505004382756
pre,9.525,95,8.029469911458929
pre,9.53,95,8.029434822456686
pre,9.535,95,8.029399737375156
pre,9.540000000000001,95,8.02936465621345
pre,9.545,95,8.029329578970678
pre,9.55,95,8.02929450564597
pre,9.555,95,8.029259436238428
pre,9.56,95,8.029224370747173
pre,9.565,95,8.029189309171327
pre,9.57,95,8.02915425151
pre,9.575000000000001,95,8.029119197762316
pre,9.58,95,8.02908414792739
pre,9.585,95,8.02904910200434
pre,9.59,95,8.029014059992283
pre,9.595,95,8.028979021890338
pre,9.6,95,8.028943987697629
pre,9.605,95,8.028908957413266
pre,9.61,95,8.028873931036376
pre,9.615,95,8.028838908566073
pre,9.620000000000001,95,8.028803890001482
pre,9.625,95,8.028768875341717
pre,9.63,95,8.028733864585902
pre,9.635,95,8.02869885773316
pre,9.64,95,8.028663854782604
pre,9.645,95,8.028628855733364
pre,9.65,95,8.028593860584554
pre,9.655,95,8.028558869335294
pre,9.66,95,8.028523881984716
pre,9.665000000000001,95,8.028488898531934
pre,9.67,95,8.028453918976075
pre,9.675,95,8.02841894331625
pre,9.68,95,8.028383971551595
pre,9.685,95,8.028349003681228
pre,9.69,95,8.028314039704275
pre,9.695,95,8.028279079619853
pre,9.700000000000001,95,8.028244123427092
pre,9.705,95,8.028209171125113
pre,9.71,95,8.028174222713035
pre,9.715,95,8.028139278189993
pre,9.72,95,8.028104337555106
pre,9.725,95,8.028069400807501
pre,9.73,95,8.028034467946298
pre,9.735,95,8.027999538970628
pre,9.74,95,8.027964613879613
pre,9.745000000000001,95,8.02792969267238
pre,9.75,95,8.027894775348058
pre,9.755,95,8.02785986190577
pre,9.76,95,8.027824952344641
pre,9.765,95,8.0277900466638
pre,9.77,95,8.027755144862379
pre,9.775,95,8.027720246939497
pre,9.78,95,8.02768535289429
pre,9.785,95,8.027650462725877
pre,9.790000000000001,95,8.027615576433389
pre,9.795,95,8.027580694015958
pre,9.8,95,8.02754581547271
pre,9.805,95,8.027510940802774
pre,9.81,95,8.027476070005276
pre,9.815,95,8.027441203079352
pre,9.82,95,8.027406340024124
pre,9.825000000000001,95,8.02737148083873
pre,9.83,95,8.02733662552229
pre,9.835,95,8.027301774073944
pre,9.84,95,8.02726692649282
pre,9.845,95,8.02723208277804
pre,9.85,95,8.027197242928748
pre,9.855,95,8.027162406944067
pre,9.86,95,8.027127574823133
pre,9.865,95,8.027092746565073
pre,9.870000000000001,95,8.027057922169021
pre,9.875,95,8.027023101634109
pre,9.88,95,8.026988284959474
pre,9.885,95,8.026953472144243
pre,9.89,95,8.026918663187548
pre,9.895,95,8.026883858088528
pre,9.9,95,8.02684905684631
pre,9.905,95,8.026814259460032
pre,9.91,95,8.026779465928827
pre,9.915000000000001,95,8.02674467625183
pre,9.92,95,8.026709890428172
pre,9.925,95,8.026675108456994
pre,9.93,95,8.026640330337424
pre,9.935,95,8.0266055560686
pre,9.94,95,8.026570785649653
pre,9.945,95,8.02653601907973
pre,9.950000000000001,95,8.026501256357955
pre,9.955,95,8.026466497483469
pre,9.96,95,8.026431742455411
pre,9.965,95,8.026396991272911
pre,9.97,95,8.026362243935111
pre,9.975,95,8.026327500441147
pre,9.98,95,8.026292760790154
pre,9.985,95,8.02625802498127
pre,9.99,95,8.026223293013635
pre,9.995000000000001,95,8.026188564886391
pre,10.0,95,8.026153840598663
post,0.0,93,7.515053977628283
post,0.005,93,7.506164620119234
post,0.01,93,7.497408463221223
post,0.015,93,7.488782441817052
post,0.02,93,7.4802835803417995
post,0.025,93,7.471908989745461
post,0.03,93,7.463655864568027
post,0.035,93,7.4555214801228376
post,0.04,93,7.447503189783992
post,0.045,93,7.439598422373886
post,0.05,93,7.431804679647094
post,0.055,93,7.424119533866824
post,0.06,93,7.416540625470467
post,0.065,93,7.409065660820795
post,0.07,93,7.401692410039535
post,0.075,93,7.394418704920133
post,0.08,93,7.387242436916684
post,0.085,93,7.380161555206107
post,0.09,93,7.373174064820712
post,0.095,93,7.366278024848464
post,0.1,93,7.3594715466983835
post,0.105,93,7.352752792428482
post,0.11,93,7.346119973133951
post,0.115,93,7.339571347393128
post,0.12,93,7.333105219769198
post,0.125,93,7.326719939365325
post,0.13,93,7.320413898431274
post,0.135,93,7.314185531019471
post,0.14,93,7.3080333116886695
post,0.145,93,7.301955754253341
post,0.15,93,7.295951410577081
post,0.155,93,7.290018869408314
post,0.16,93,7.284156755256709
post,0.165,93,7.278363727308737
post,0.17,93,7.272638478380887
post,0.17500000000000002,93,7.266979733909091
post,0.18,93,7.261386250973016
post,0.185,93,7.255856817353873
post,0.19,93,7.250390250624458
post,0.195,93,7.244985397270277
post,0.2,93,7.239641131840508
post,0.20500000000000002,93,7.234356356127696
post,0.21,93,7.229129998375161
post,0.215,93,7.223961012510971
post,0.22,93,7.218848377407607
post,0.225,93,7.213791096166258
post,0.23,93,7.208788195424906
post,0.23500000000000001,93,7.203838724689278
post,0.24,93,7.198941755685822
post,0.245,93,7.194096381735913
post,0.25,93,7.1893017171504985
post,0.255,93,7.184556896644397
post,0.26,93,7.179861074769624
post,0.265,93,7.175213425366935
post,0.27,93,7.170613141035006
post,0.275,93,7.166059432616586
post,0.28,93,7.161551528700982
post,0.28500000000000003,93,7.157088675142357
post,0.29,93,7.152670134593182
post,0.295,93,7.148295186052376
post,0.3,93,7.143963124427573
post,0.305,93,7.139673260111017
post,0.31,93,7.135424918568607
post,0.315,93,7.131217439941634
post,0.32,93,7.127050178660739
post,0.325,93,7.122922503071721
post,0.33,93,7.118833795072689
post,0.335,93,7.114783449762255
post,0.34,93,7.110770875098322
post,0.34500000000000003,93,7.106795491567161
post,0.35000000000000003,93,7.102856731862343
post,0.355,93,7.098954040573261
post,0.36,93,7.095086873882902
post,0.365,93,7.091254699274475
post,0.37,93,7.0874569952467725
post,0.375,93,7.083693251037735
post,0.38,93,7.079962966356155
post,0.385,93,7.076265651121138
post,0.39,93,7.0726008252090615
post,0.395,93,7.068968018207843
post,0.4,93,7.065366769178214
post,0.405,93,7.061796626421824
post,0.41000000000000003,93,7.058257147255885
post,0.41500000000000004,93,7.054747897794216
post,0.42,93,7.0512684527344405
post,0.425,93,7.047818395151118
post,0.43,93,7.04439731629468
post,0.435,93,7.041004815395925
post,0.44,93,7.037640499475934
post,0.445,93,7.034303983161199
post,0.45,93,7.030994888503842
post,0.455,93,7.0277128448067545
post,0.46,93,7.024457488453442
post,0.465,93,7.0212284627425285
post,0.47000000000000003,93,7.0180254177267045
post,0.47500000000000003,93,7.014848010055989
post,0.48,93,7.011695902825227
post,0.485,93,7.008568765425591
post,0.49,93,7.005466273400076
post,0.495,93,7.002388108302794
post,0.5,93,6.999333957561972
post,0.505,93,6.996303514346559
post,0.51,93,6.993296477436292
post,0.515,93,6.990312551095194
post,0.52,93,6.987351444948289
post,0.525,93,6.984412873861558
post,0.53,93,6.981496557824976
post,0.535,93,6.978602221838507
post,0.54,93,6.975729595801075
post,0.545,93,6.972878414402324
post,0.55,93,6.970048417017131
post,0.555,93,6.967239347602803
post,0.56,93,6.964450954598832
post,0.5650000000000001,93,6.961682990829217
post,0.5700000000000001,93,6.958935213407179
post,0.5750000000000001,93,6.956207383642286
post,0.58,93,6.953499266949881
post,0.585,93,6.950810632762742
post,0.59,93,6.9481412544449395
post,0.595,93,6.94549090920781
post,0.6,93,6.942859378027972
post,0.605,93,6.940246445567389
post,0.61,93,6.937651900095341
post,0.615,93,6.935075533412309
post,0.62,93,6.932517140775704
post,0.625,93,6.929976520827394
post,0.63,93,6.927453475522961
post,0.635,93,6.924947810062681
post,0.64,93,6.9224593328241255
post,0.645,93,6.919987855296397
post,0.65,93,6.91753319201592
post,0.655,93,6.915095160503753
post,0.66,93,6.912673581204389
post,0.665,93,6.910268277425991
post,0.67,93,6.907879075282048
post,0.675,93,6.905505803634381
post,0.68,93,6.903148294037508
post,0.685,93,6.900806380684279
post,0.6900000000000001,93,6.898479900352776
post,0.6950000000000001,93,6.896168692354498
post,0.7000000000000001,93,6.893872598483658
post,0.705,93,6.89159146296773
post,0.71,93,6.889325132419081
post,0.715,93,6.887073455787741
post,0.72,93,6.8848362843152495
post,0.725,93,6.882613471489557
post,0.73,93,6.880404873000927
post,0.735,93,6.878210346698895
post,0.74,93,6.876029752550154
post,0.745,93,6.873862952597408
post,0.75,93,6.871709810919169
post,0.755,93,6.869570193590421
post,0.76,93,6.867443968644221
post,0.765,93,6.865331006034101
post,0.77,93,6.8632311775973625
post,0.775,93,6.861144357019136
post,0.78,93,6.859070419797295
post,0.785,93,6.857009243208108
post,0.79,93,6.854960706272653
post,0.795,93,6.852924689724004
post,0.8,93,6.850901075975099
post,0.805,93,6.848889749087342
post,0.81,93,6.846890594739895
post,0.8150000000000001,93,6.844903500199605
post,0.8200000000000001,93,6.842928354291637
post,0.8250000000000001,93,6.840965047370708
post,0.8300000000000001,93,6.839013471292961
post,0.835,93,6.837073519388464
post,0.84,93,6.835145086434247
post,0.845,93,6.833228068628005
post,0.85,93,6.831322363562278
post,0.855,93,6.829427870199271
post,0.86,93,6.827544488846129
post,0.865,93,6.825672121130812
post,0.87,93,6.823810669978439
post,0.875,93,6.82196003958815
post,0.88,93,6.8201201354104715
post,0.885,93,6.8182908641251245
post,0.89,93,6.816472133619358
post,0.895,93,6.814663852966679
post,0.9,93,6.81286593240607
post,0.905,93,6.811078283321629
post,0.91,93,6.809300818222631
post,0.915,93,6.807533450724026
post,0.92,93,6.805776095527309
post,0.925,93,6.8040286684018305
post,0.93,93,6.802291086166451
post,0.935,93,6.800563266671605
post,0.9400000000000001,93,6.798845128781732
post,0.9450000000000001,93,6.797136592358057
post,0.9500000000000001,93,6.795437578241736
post,0.9550000000000001,93,6.793748008237341
post,0.96,93,6.7920678050966865
post,0.965,93,6.790396892502984
post,0.97,93,6.78873519505532
post,0.975,93,6.787082638253449
post,0.98,93,6.785439148482905
post,0.985,93,6.783804653000381
post,0.99,93,6.782179079919453
post,0.995,93,6.780562358196548
post,1.0,93,6.778954417617221
post,1.0050000000000001,93,6.777355188782687
post,1.01,93,6.775764603096644
post,1.0150000000000001,93,6.774182592752333
post,1.02,93,6.772609090719884
post,1.025,93,6.771044030733889
post,1.03,93,6.769487347281229
post,1.035,93,6.767938975589147
post,1.04,93,6.7663988516135545
post,1.045,93,6.764866912027558
post,1.05,93,6.7633430942102155
post,1.055,93,6.761827336235527
post,1.06,93,6.760319576861608
post,1.065,93,6.758819755520116
post,1.07,93,6.757327812305836
post,1.075,93,6.7558436879665065
post,1.08,93,6.754367323892828
post,1.085,93,6.752898662108638
post,1.09,93,6.751437645261327
post,1.095,93,6.749984216612394
post,1.1,93,6.7485383200282065
post,1.105,93,6.747099899970913
post,1.11,93,6.745668901489564
post,1.115,93,6.7442452702113656
post,1.12,93,6.742828952333118
post,1.125,93,6.741419894612818
post,1.1300000000000001,93,6.740018044361395
post,1.135,93,6.738623349434638
post,1.1400000000000001,93,6.737235758225241
post,1.145,93,6.7358552196550265
post,1.1500000000000001,93,6.734481683167275
post,1.155,93,6.733115098719239
post,1.16,93,6.731755416774767
post,1.165,93,6.7304025882970775
post,1.17,93,6.729056564741658
post,1.175,93,6.727717298049289
post,1.18,93,6.7263847406392205
post,1.185,93,6.725058845402443
post,1.19,93,6.723739565695097
post,1.195,93,6.722426855332002
post,1.2,93,6.721120668580296
post,1.205,93,6.7198209601531875
post,1.21,93,6.7185276852038465
post,1.215,93,6.71724079931935
post,1.22,93,6.715960258514799
post,1.225,93,6.714686019227494
post,1.23,93,6.713418038311234
post,1.235,93,6.712156273030722
post,1.24,93,6.710900681056037
post,1.245,93,6.709651220457252
post,1.25,93,6.708407849699101
post,1.2550000000000001,93,6.707170527635777
post,1.26,93,6.705939213505781
post,1.2650000000000001,93,6.704713866926894
post,1.27,93,6.703494447891227
post,1.2750000000000001,93,6.702280916760345
post,1.28,93,6.701073234260486
post,1.285,93,6.69987136147786
post,1.29,93,6.698675259854028
post,1.295,93,6.697484891181356
post,1.3,93,6.696300217598547
post,1.305,93,6.695121201586264
post,1.31,93,6.693947805962799
post,1.315,93,6.692779993879832
post,1.32,93,6.691617728818264
post,1.325,93,6.690460974584118
post,1.33,93,6.68930969530449
post,1.335,93,6.688163855423592
post,1.34,93,6.687023419698844
post,1.345,93,6.685888353197046
post,1.35,93,6.684758621290594
post,1.355,93,6.683634189653763
post,1.36,93,6.682515024259075
post,1.365,93,6.6814010913736785
post,1.37,93,6.680292357555832
post,1.375,93,6.679188789651423
post,1.3800000000000001,93,6.678090354790541
post,1.385,93,6.676997020384111
post,1.3900000000000001,93,6.675908754120587
post,1.395,93,6.674825523962683
post,1.4000000000000001,93,6.6737472981441615
post,1.405,93,6.672674045166693
post,1.41,93,6.671605733796722
post,1.415,93,6.670542333062423
post,1.42,93,6.669483812250685
post,1.425,93,6.6684301409041415
post,1.43,93,6.667381288818266
post,1.435,93,6.66633722603847
post,1.44,93,6.6652979228573015
post,1.445,93,6.664263349811638
post,1.45,93,6.663233477679959
post,1.455,93,6.662208277479619
post,1.46,93,6.661187720464218
post,1.465,93,6.660171778120953
post,1.47,93,6.659160422168053
post,1.475,93,6.658153624552224
post,1.48,93,6.6571513574461525
post,1.485,93,6.656153593246034
post,1.49,93,6.655160304569141
post,1.495,93,6.654171464251429
post,1.5,93,6.653187045345171
post,1.5050000000000001,93,6.652207021116644
post,1.51,93,6.651231365043827
post,1.5150000000000001,93,6.650260050814145
post,1.52,93,6.649293052322241
post,1.5250000000000001,93,6.648330343667782
post,1.53,93,6.647371899153314
post,1.5350000000000001,93,6.646417693282097
post,1.54,93,6.645467700756039
post,1.545,93,6.644521896473604
post,1.55,93,6.643580255527773
post,1.555,93,6.642642753204043
post,1.56,93,6.641709364978428
post,1.565,93,6.640780066515503
post,1.57,93,6.639854833666487
post,1.575,93,6.638933642467331
post,1.58,93,6.63801646913684
post,1.585,93,6.637103290074831
post,1.59,93,6.636194081860289
post,1.595,93,6.6352888212495955
post,1.6,93,6.634387485174726
post,1.605,93,6.633490050741511
post,1.61,93,6.632596495227904
post,1.615,93,6.631706796082282
post,1.62,93,6.630820930921756
post,1.625,93,6.629938877530514
post,1.6300000000000001,93,6.629060613858185
post,1.635,93,6.62818611801822
post,1.6400000000000001,93,6.627315368286302
post,1.645,93,6.626448343098767
post,1.6500000000000001,93,6.625585021051054
post,1.655,93,6.624725380896172
post,1.6600000000000001,93,6.623869401543183
post,1.665,93,6.623017062055718
post,1.67,93,6.622168341650485
post,1.675,93,6.621323219695835
post,1.68,93,6.620481675710312
post,1.685,93,6.61964368936124
post,1.69,93,6.618809240463313
post,1.695,93,6.617978308977224
post,1.7,93,6.617150875008296
post,1.705,93,6.616326918805129
post,1.71,93,6.615506420758273
post,1.715,93,6.614689361398913
post,1.72,93,6.613875721397565
post,1.725,93,6.613065481562804
post,1.73,93,6.612258622839984
post,1.735,93,6.611455126309994
post,1.74,93,6.610654973188022
post,1.745,93,6.609858144822335
post,1.75,93,6.609064622693062
post,1.7550000000000001,93,6.608274388411016
post,1.76,93,6.607487423716514
post,1.7650000000000001,93,6.606703710478201
post,1.77,93,6.605923230691914
post,1.7750000000000001,93,6.605145966479545
post,1.78,93,6.604371900087906
post,1.7850000000000001,93,6.603601013887632
post,1.79,93,6.602833290372083
post,1.795,93,6.60206871215626
post,1.8,93,6.601307261975728
post,1.805,93,6.6005489226855625
post,1.81,93,6.599793677259303
post,1.815,93,6.599041508787919
post,1.82,93,6.598292400478793
post,1.825,93,6.5975463356546875
post,1.83,93,6.596803297752779
post,1.835,93,6.596063270323648
post,1.84,93,6.5953262370303065
post,1.845,93,6.594592181647228
post,1.85,93,6.593861088059409
post,1.855,93,6.5931329402614045
post,1.86,93,6.592407722356417
post,1.865,93,6.59168541855534
post,1.87,93,6.5909660131758825
post,1.875,93,6.5902494906416385
post,1.8800000000000001,93,6.5895358354812075
post,1.885,93,6.588825032327308
post,1.8900000000000001,93,6.588117065915901
post,1.895,93,6.587411921085329
post,1.9000000000000001,93,6.586709582775458
post,1.905,93,6.5860100360268445
post,1.9100000000000001,93,6.58531326597987
post,1.915,93,6.584619257873949
post,1.92,93,6.583927997046681
post,1.925,93,6.583239468933061
post,1.93,93,6.582553659064666
post,1.935,93,6.581870553068864
post,1.94,93,6.581190136668037
post,1.945,93,6.580512395678792
post,1.95,93,6.5798373160112
post,1.955,93,6.5791648836680405
post,1.96,93,6.5784950847440395
post,1.965,93,6.5778279054251305
post,1.97,93,6.577163331987714
post,1.975,93,6.576501350797933
post,1.98,93,6.575841948310953
post,1.985,93,6.575185111070229
post,1.99,93,6.574530825706827
post,1.995,93,6.573879078938706
post,2.0,93,6.573229857570026
post,2.005,93,6.572583148490465
post,2.0100000000000002,93,6.571938938674543
post,2.015,93,6.571297215180944
post,2.02,93,6.570657965151852
post,2.025,93,6.570021175812299
post,2.0300000000000002,93,6.569386834469498
post,2.035,93,6.568754928512215
post,2.04,93,6.568125445410119
post,2.045,93,6.567498372713149
post,2.05,93,6.566873698050884
post,2.055,93,6.566251409131935
post,2.06,93,6.565631493743322
post,2.065,93,6.565013939749859
post,2.07,93,6.564398735093563
post,2.075,93,6.5637858677930465
post,2.08,93,6.5631753259429395
post,2.085,93,6.562567097713289
post,2.09,93,6.561961171348985
post,2.095,93,6.561357535169196
post,2.1,93,6.5607561775667795
post,2.105,93,6.560157087007736
post,2.11,93,6.559560252030646
post,2.115,93,6.558965661246109
post,2.12,93,6.5583733033362135
post,2.125,93,6.557783167053973
post,2.13,93,6.557195241222806
post,2.1350000000000002,93,6.55660951473599
post,2.14,93,6.55602597655615
post,2.145,93,6.555444615714719
post,2.15,93,6.55486542131143
post,2.1550000000000002,93,6.554288382513804
post,2.16,93,6.553713488556633
post,2.165,93,6.553140728741486
post,2.17,93,6.5525700924362065
post,2.1750000000000003,93,6.552001569074419
post,2.18,93,6.551435148155035
post,2.185,93,6.550870819241775
post,2.19,93,6.5503085719626775
post,2.195,93,6.549748396009631
post,2.2,93,6.549190281137907
post,2.205,93,6.548634217165668
post,2.21,93,6.548080193973537
post,2.215,93,6.5475282015041065
post,2.22,93,6.546978229761504
post,2.225,93,6.546430268810937
post,2.23,93,6.5458843087782315
post,2.235,93,6.545340339849406
post,2.24,93,6.544798352270227
post,2.245,93,6.544258336345771
post,2.25,93,6.543720282439986
post,2.255,93,6.54318418097528
post,2.2600000000000002,93,6.54265002243208
post,2.265,93,6.542117797348426
post,2.27,93,6.541587496319537
post,2.275,93,6.5410591099974225
post,2.2800000000000002,93,6.5405326290904435
post,2.285,93,6.540008044362932
post,2.29,93,6.539485346634769
post,2.295,93,6.538964526781
post,2.3000000000000003,93,6.538445575731435
post,2.305,93,6.53792848447025
post,2.31,93,6.537413244035603
post,2.315,93,6.53689984551925
post,2.32,93,6.5363882800661655
post,2.325,93,6.535878538874151
post,2.33,93,6.535370613193471
post,2.335,93,6.534864494326481
post,2.34,93,6.534360173627253
post,2.345,93,6.533857642501201
post,2.35,93,6.533356892404743
post,2.355,93,6.532857914844911
post,2.36,93,6.532360701379018
post,2.365,93,6.53186524361429
post,2.37,93,6.531371533207517
post,2.375,93,6.5308795618647135
post,2.38,93,6.530389321340761
post,2.3850000000000002,93,6.52990080343907
post,2.39,93,6.529414000011249
post,2.395,93,6.528928902956757
post,2.4,93,6.528445504222573
post,2.4050000000000002,93,6.527963795802856
post,2.41,93,6.527483769738651
post,2.415,93,6.527005418117506
post,2.42,93,6.526528733073206
post,2.4250000000000003,93,6.526053706785414
post,2.43,93,6.525580331479373
post,2.435,93,6.525108599425582
post,2.44,93,6.524638502939489
post,2.445,93,6.524170034381171
post,2.45,93,6.523703186155042
post,2.455,93,6.523237950709538
post,2.46,93,6.522774320536807
post,2.465,93,6.522312288172432
post,2.47,93,6.5218518461951085
post,2.475,93,6.521392987226367
post,2.48,93,6.520935703930268
post,2.485,93,6.520479989013118
post,2.49,93,6.52002583522318
post,2.495,93,6.519573235350395
post,2.5,93,6.519122182226071
post,2.505,93,6.5186726687226475
post,2.5100000000000002,93,6.518224687753369
post,2.515,93,6.5177782322720414
post,2.52,93,6.517333295272741
post,2.525,93,6.516889869789549
post,2.5300000000000002,93,6.516447948896276
post,2.535,93,6.516007525706199
post,2.54,93,6.515568593371791
post,2.545,93,6.515131145084458
post,2.5500000000000003,93,6.514695174074281
post,2.555,93,6.514260673609752
post,2.56,93,6.513827636997515
post,2.565,93,6.513396057582112
post,2.57,93,6.512965928745737
post,2.575,93,6.512537243907965
post,2.58,93,6.512109996525527
post,2.585,93,6.511684180092039
post,2.59,93,6.511259788137767
post,2.595,93,6.510836814229391
post,2.6,93,6.510415251969742
post,2.605,93,6.509995094997581
post,2.61,93,6.509576336987352
post,2.615,93,6.509158971648946
post,2.62,93,6.508742992727468
post,2.625,93,6.508328394002997
post,2.63,93,6.5079151692903645
post,2.6350000000000002,93,6.50750331243893
post,2.64,93,6.5070928173323255
post,2.645,93,6.50668367788827
post,2.65,93,6.506275888058306
post,2.6550000000000002,93,6.505869441827605
post,2.66,93,6.505464333214737
post,2.665,93,6.505060556271444
post,2.67,93,6.504658105082436
post,2.6750000000000003,93,6.504256973765172
post,2.68,93,6.503857156469631
post,2.685,93,6.503458647378124
post,2.69,93,6.503061440705065
post,2.695,93,6.502665530696765
post,2.7,93,6.502270911631229
post,2.705,93,6.50187757781795
post,2.71,93,6.501485523597696
post,2.715,93,6.5010947433423185
post,2.72,93,6.500705231454537
post,2.725,93,6.500316982367755
post,2.73,93,6.499929990545853
post,2.735,93,6.499544250482983
post,2.74,93,6.499159756703395
post,2.745,93,6.498776503761218
post,2.75,93,6.498394486240281
post,2.755,93,6.498013698753929
post,2.7600000000000002,93,6.497634135944817
post,2.765,93,6.497255792484722
post,2.77,93,6.496878663074378
post,2.775,93,6.496502742443258
post,2.7800000000000002,93,6.496128025349423
post,2.785,93,6.495754506579307
post,2.79,93,6.495382180947563
post,2.795,93,6.495011043296863
post,2.8000000000000003,93,6.494641088497734
post,2.805,93,6.494272311448366
post,2.81,93,6.49390470707445
post,2.815,93,6.493538270328991
post,2.82,93,6.493172996192143
post,2.825,93,6.4928088796710295
post,2.83,93,6.49244591579958
post,2.835,93,6.492084099638353
post,2.84,93,6.491723426274369
post,2.845,93,6.49136389082095
post,2.85,93,6.491005488417543
post,2.855,93,6.490648214229558
post,2.86,93,6.490292063448213
post,2.865,93,6.489937031290358
post,2.87,93,6.489583112998318
post,2.875,93,6.48923030383974
post,2.88,93,6.488878599107426
post,2.8850000000000002,93,6.488527994119177
post,2.89,93,6.4881784842176335
post,2.895,93,6.487830064770131
post,2.9,93,6.487482731168529
post,2.9050000000000002,93,6.487136478829069
post,2.91,93,6.486791303192218
post,2.915,93,6.486447199722518
post,2.92,93,6.486104163908438
post,2.9250000000000003,93,6.485762191262218
post,2.93,93,6.485421277319728
post,2.935,93,6.485081417640321
post,2.94,93,6.484742607806684
post,2.945,93,6.484404843424688
post,2.95,93,6.484068120123259
post,2.955,93,6.483732433554217
post,2.96,93,6.483397779392151
post,2.965,93,6.483064153334264
post,2.97,93,6.482731551100245
post,2.975,93,6.48239996843212
post,2.98,93,6.482069401094123
post,2.985,93,6.4817398448725525
post,2.99,93,6.481411295575637
post,2.995,93,6.481083749033404
post,3.0,93,6.48075720109754
post,3.005,93,6.480431647641263
post,3.0100000000000002,93,6.480107084559187
post,3.015,93,6.479783507767194
post,3.02,93,6.479460913202296
post,3.025,93,6.479139296822518
post,3.0300000000000002,93,6.478818654606754
post,3.035,93,6.478498982554655
post,3.04,93,6.478180276686496
post,3.045,93,6.477862533043045
post,3.0500000000000003,93,6.477545747685445
post,3.055,93,6.477229916695091
post,3.06,93,6.4769150361734935
post,3.065,93,6.476601102242179
post,3.0700000000000003,93,6.476288111042546
post,3.075,93,6.47597605873576
post,3.08,93,6.475664941502626
post,3.085,93,6.475354755543472
post,3.09,93,6.47504549707803
post,3.095,93,6.474737162345315
post,3.1,93,6.474429747603521
post,3.105,93,6.474123249129894
post,3.11,93,6.473817663220617
post,3.115,93,6.473512986190696
post,3.12,93,6.473209214373861
post,3.125,93,6.472906344122435
post,3.13,93,6.472604371807226
post,3.1350000000000002,93,6.472303293817426
post,3.14,93,6.472003106560494
post,3.145,93,6.471703806462038
post,3.15,93,6.471405389965725
post,3.1550000000000002,93,6.471107853533164
post,3.16,93,6.4708111936437875
post,3.165,93,6.470515406794766
post,3.17,93,6.470220489500881
post,3.1750000000000003,93,6.46992643829444
post,3.18,93,6.469633249725161
post,3.185,93,6.46934092036007
post,3.19,93,6.4690494467833926
post,3.1950000000000003,93,6.468758825596468
post,3.2,93,6.468469053417629
post,3.205,93,6.468180126882114
post,3.21,93,6.467892042641964
post,3.215,93,6.467604797365914
post,3.22,93,6.467318387739314
post,3.225,93,6.467032810464006
post,3.23,93,6.466748062258244
post,3.235,93,6.4664641398565985
post,3.24,93,6.466181040009848
post,3.245,93,6.465898759484884
post,3.25,93,6.4656172950646384
post,3.255,93,6.465336643547956
post,3.2600000000000002,93,6.465056801749527
post,3.265,93,6.464777766499784
post,3.27,93,6.464499534644806
post,3.275,93,6.46422210304624
post,3.2800000000000002,93,6.463945468581189
post,3.285,93,6.463669628142141
post,3.29,93,6.463394578636873
post,3.295,93,6.463120316988356
post,3.3000000000000003,93,6.462846840134671
post,3.305,93,6.46257414502893
post,3.31,93,6.46230222863916
post,3.315,93,6.462031087948253
post,3.3200000000000003,93,6.461760719953854
post,3.325,93,6.461491121668286
post,3.33,93,6.461222290118461
post,3.335,93,6.460954222345791
post,3.34,93,6.460686915406119
post,3.345,93,6.4604203663696165
post,3.35,93,6.460154572320718
post,3.355,93,6.459889530358023
post,3.36,93,6.459625237594223
post,3.365,93,6.459361691156024
post,3.37,93,6.459098888184058
post,3.375,93,6.458836825832797
post,3.38,93,6.458575501270496
post,3.3850000000000002,93,6.458314911679086
post,3.39,93,6.4580550542541175
post,3.395,93,6.457795926204665
post,3.4,93,6.457537524753264
post,3.4050000000000002,93,6.457279847135829
post,3.41,93,6.457022890601571
post,3.415,93,6.4567666524129255
post,3.42,93,6.45651112984548
post,3.4250000000000003,93,6.456256320187895
post,3.43,93,6.456002220741832
post,3.435,93,6.455748828821871
post,3.44,93,6.455496141755454
post,3.4450000000000003,93,6.455244156882794
post,3.45,93,6.454992871556813
post,3.455,93,6.454742283143066
post,3.46,93,6.454492389019663
post,3.465,93,6.454243186577218
post,3.47,93,6.453994673218754
post,3.475,93,6.453746846359645
post,3.48,93,6.453499703427549
post,3.485,93,6.453253241862324
post,3.49,93,6.453007459115978
post,3.495,93,6.45276235265259
post,3.5,93,6.452517919948239
post,3.505,93,6.452274158490941
post,3.5100000000000002,93,6.452031065780585
post,3.515,93,6.4517886393288615
post,3.52,93,6.451546876659192
post,3.525,93,6.451305775306673
post,3.5300000000000002,93,6.4510653328180005
post,3.535,93,6.45082554675142
post,3.54,93,6.45058641467664
post,3.545,93,6.450347934174784
post,3.5500000000000003,93,6.450110102838321
post,3.555,93,6.4498729182710095
post,3.56,93,6.449636378087817
post,3.565,93,6.449400479914876
post,3.5700000000000003,93,6.449165221389412
post,3.575,93,6.448930600159685
post,3.58,93,6.448696613884923
post,3.585,93,6.44846326023527
post,3.59,93,6.4482305368917165
post,3.595,93,6.447998441546042
post,3.6,93,6.447766971900763
post,3.605,93,6.447536125669056
post,3.61,93,6.447305900574712
post,3.615,93,6.4470762943520805
post,3.62,93,6.446847304746
post,3.625,93,6.446618929511747
post,3.63,93,6.446391166414972
post,3.6350000000000002,93,6.446164013231651
post,3.64,93,6.445937467748026
post,3.645,93,6.445711527760541
post,3.65,93,6.445486191075795
post,3.6550000000000002,93,6.445261455510481
post,3.66,93,6.445037318891334
post,3.665,93,6.4448137790550755
post,3.67,93,6.444590833848347
post,3.6750000000000003,93,6.444368481127682
post,3.68,93,6.444146718759422
post,3.685,93,6.443925544619679
post,3.69,93,6.443704956594287
post,3.6950000000000003,93,6.443484952578736
post,3.7,93,6.443265530478118
post,3.705,93,6.443046688207089
post,3.71,93,6.4428284236898135
post,3.715,93,6.442610734859895
post,3.72,93,6.442393619660348
post,3.725,93,6.442177076043534
post,3.73,93,6.441961101971109
post,3.735,93,6.441745695413984
post,3.74,93,6.441530854352264
post,3.745,93,6.441316576775203
post,3.75,93,6.441102860681156
post,3.755,93,6.440889704077522
post,3.7600000000000002,93,6.440677104980705
post,3.765,93,6.4404650614160595
post,3.77,93,6.440253571417844
post,3.775,93,6.440042633029171
post,3.7800000000000002,93,6.4398322443019635
post,3.785,93,6.439622403296901
post,3.79,93,6.439413108083378
post,3.795,93,6.439204356739457
post,3.8000000000000003,93,6.4389961473518165
post,3.805,93,6.438788478015711
post,3.81,93,6.438581346834926
post,3.815,93,6.438374751921717
post,3.8200000000000003,93,6.438168691396786
post,3.825,93,6.437963163389222
post,3.83,93,6.437758166036468
post,3.835,93,6.4375536974842555
post,3.84,93,6.437349755886581
post,3.845,93,6.437146339405653
post,3.85,93,6.436943446211853
post,3.855,93,6.43674107448368
post,3.86,93,6.436539222407722
post,3.865,93,6.436337888178609
post,3.87,93,6.43613706999896
post,3.875,93,6.4359367660793545
post,3.88,93,6.435736974638283
post,3.8850000000000002,93,6.435537693902105
post,3.89,93,6.4353389221050135
post,3.895,93,6.43514065748898
post,3.9,93,6.434942898303733
post,3.9050000000000002,93,6.434745642806695
post,3.91,93,6.4345488892629605
post,3.915,93,6.434352635945246
post,3.92,93,6.434156881133852
post,3.9250000000000003,93,6.433961623116623
post,3.93,93,6.4337668601889035
post,3.935,93,6.433572590653516
post,3.94,93,6.433378812820692
post,3.9450000000000003,93,6.433185525008057
post,3.95,93,6.432992725540588
post,3.955,93,6.432800412750565
post,3.96,93,6.432608584977538
post,3.9650000000000003,93,6.4324172405682996
post,3.97,93,6.43222637787683
post,3.975,93,6.432035995264265
post,3.98,93,6.431846091098869
post,3.985,93,6.43165666375598
post,3.99,93,6.431467711617989
post,3.995,93,6.431279233074291
post,4.0,93,6.431091226521263
post,4.005,93,6.430903690362205
post,4.01,93,6.430716623007334
post,4.015,93,6.430530022873713
post,4.0200000000000005,93,6.4303438883852495
post,4.025,93,6.430158217972642
post,4.03,93,6.42997301007334
post,4.035,93,6.4297882631315275
post,4.04,93,6.429603975598069
post,4.045,93,6.429420145930486
post,4.05,93,6.4292367725929225
post,4.055,93,6.429053854056101
post,4.0600000000000005,93,6.4288713887973055
post,4.065,93,6.428689375300332
post,4.07,93,6.428507812055461
post,4.075,93,6.428326697559432
post,4.08,93,6.428146030315389
post,4.085,93,6.427965808832872
post,4.09,93,6.427786031627773
post,4.095,93,6.427606697222295
post,4.1,93,6.427427804144939
post,4.105,93,6.427249350930455
post,4.11,93,6.42707133611982
post,4.115,93,6.426893758260198
post,4.12,93,6.426716615904917
post,4.125,93,6.426539907613433
post,4.13,93,6.426363631951295
post,4.135,93,6.426187787490126
post,4.14,93,6.426012372807574
post,4.1450000000000005,93,6.425837386487307
post,4.15,93,6.4256628271189475
post,4.155,93,6.425488693298076
post,4.16,93,6.425314983626183
post,4.165,93,6.425141696710644
post,4.17,93,6.4249688311646835
post,4.175,93,6.424796385607355
post,4.18,93,6.424624358663506
post,4.1850000000000005,93,6.424452748963747
post,4.19,93,6.424281555144426
post,4.195,93,6.4241107758476
post,4.2,93,6.423940409721006
post,4.205,93,6.423770455418028
post,4.21,93,6.423600911597671
post,4.215,93,6.423431776924537
post,4.22,93,6.423263050068787
post,4.225,93,6.423094729706129
post,4.23,93,6.422926814517772
post,4.235,93,6.4227593031904116
post,4.24,93,6.422592194416195
post,4.245,93,6.4224254868927
post,4.25,93,6.422259179322902
post,4.255,93,6.42209327041515
post,4.26,93,6.421927758883137
post,4.265,93,6.421762643445878
post,4.2700000000000005,93,6.421597922827685
post,4.275,93,6.421433595758129
post,4.28,93,6.421269660972025
post,4.285,93,6.421106117209405
post,4.29,93,6.420942963215482
post,4.295,93,6.420780197740641
post,4.3,93,6.4206178195403965
post,4.305,93,6.42045582737538
post,4.3100000000000005,93,6.420294220011307
post,4.315,93,6.420132996218956
post,4.32,93,6.419972154774135
post,4.325,93,6.419811694457671
post,4.33,93,6.419651614055374
post,4.335,93,6.419491912358022
post,4.34,93,6.419332588161314
post,4.345,93,6.41917364026588
post,4.3500000000000005,93,6.419015067477231
post,4.355,93,6.418856868605744
post,4.36,93,6.418699042466638
post,4.365,93,6.418541587879943
post,4.37,93,6.418384503670493
post,4.375,93,6.41822778866788
post,4.38,93,6.4180714417064575
post,4.385,93,6.417915461625286
post,4.39,93,6.4177598472681385
post,4.3950000000000005,93,6.417604597483463
post,4.4,93,6.4174497111243545
post,4.405,93,6.417295187048549
post,4.41,93,6.417141024118389
post,4.415,93,6.416987221200798
post,4.42,93,6.416833777167276
post,4.425,93,6.416680690893853
post,4.43,93,6.416527961261085
post,4.4350000000000005,93,6.416375587154026
post,4.44,93,6.416223567462203
post,4.445,93,6.416071901079605
post,4.45,93,6.4159205869046465
post,4.455,93,6.4157696238401565
post,4.46,93,6.415619010793351
post,4.465,93,6.415468746675826
post,4.47,93,6.41531883040351
post,4.4750000000000005,93,6.4151692608966675
post,4.48,93,6.415020037079869
post,4.485,93,6.4148711578819695
post,4.49,93,6.414722622236085
post,4.495,93,6.414574429079581
post,4.5,93,6.414426577354043
post,4.505,93,6.414279066005264
post,4.51,93,6.414131893983214
post,4.515,93,6.41398506024203
post,4.5200000000000005,93,6.413838563739994
post,4.525,93,6.413692403439508
post,4.53,93,6.41354657830708
post,4.535,93,6.413401087313298
post,4.54,93,6.413255929432822
post,4.545,93,6.41311110364435
post,4.55,93,6.412966608930609
post,4.555,93,6.412822444278333
post,4.5600000000000005,93,6.412678608678241
post,4.565,93,6.412535101125025
post,4.57,93,6.41239192061732
post,4.575,93,6.412249066157701
post,4.58,93,6.412106536752649
post,4.585,93,6.411964331412538
post,4.59,93,6.411822449151619
post,4.595,93,6.411680888988002
post,4.6000000000000005,93,6.411539649943633
post,4.605,93,6.411398731044279
post,4.61,93,6.411258131319511
post,4.615,93,6.4111178498026815
post,4.62,93,6.4109778855309125
post,4.625,93,6.4108382375450725
post,4.63,93,6.410698904889764
post,4.635,93,6.410559886613299
post,4.64,93,6.41042118176769
post,4.6450000000000005,93,6.410282789408627
post,4.65,93,6.41014470859546
post,4.655,93,6.410006938391183
post,4.66,93,6.4098694778624195
post,4.665,93,6.409732326079403
post,4.67,93,6.40959548211596
post,4.675,93,6.409458945049487
post,4.68,93,6.409322713960956
post,4.6850000000000005,93,6.409186787934867
post,4.69,93,6.409051166059251
post,4.695,93,6.408915847425654
post,4.7,93,6.4087808311291115
post,4.705,93,6.408646116268134
post,4.71,93,6.4085117019446995
post,4.715,93,6.408377587264228
post,4.72,93,6.408243771335569
post,4.7250000000000005,93,6.408110253270985
post,4.73,93,6.407977032186139
post,4.735,93,6.407844107200069
post,4.74,93,6.407711477435188
post,4.745,93,6.407579142017252
post,4.75,93,6.4074471000753555
post,4.755,93,6.40731535074191
post,4.76,93,6.407183893152641
post,4.765,93,6.407052726446546
post,4.7700000000000005,93,6.406921849765912
post,4.775,93,6.4067912622562755
post,4.78,93,6.4066609630664235
post,4.785,93,6.4065309513483655
post,4.79,93,6.406401226257329
post,4.795,93,6.40627178695174
post,4.8,93,6.406142632593205
post,4.805,93,6.406013762346511
post,4.8100000000000005,93,6.405885175379589
post,4.815,93,6.405756870863518
post,4.82,93,6.4056288479725
post,4.825,93,6.40550110588385
post,4.83,93,6.405373643777983
post,4.835,93,6.405246460838402
post,4.84,93,6.405119556251665
post,4.845,93,6.404992929207405
post,4.8500000000000005,93,6.404866578898284
post,4.855,93,6.404740504519998
post,4.86,93,6.404614705271251
post,4.865,93,6.404489180353756
post,4.87,93,6.404363928972209
post,4.875,93,6.404238950334281
post,4.88,93,6.4041142436506
post,4.885,93,6.403989808134742
post,4.89,93,6.403865643003221
post,4.8950000000000005,93,6.403741747475463
post,4.9,93,6.403618120773808
post,4.905,93,6.403494762123484
post,4.91,93,6.403371670752607
post,4.915,93,6.403248845892149
post,4.92,93,6.403126286775949
post,4.925,93,6.403003992640684
post,4.93,93,6.402881962725857
post,4.9350000000000005,93,6.402760196273788
post,4.94,93,6.402638692529602
post,4.945,93,6.402517450741218
post,4.95,93,6.402396470159333
post,4.955,93,6.402275750037403
post,4.96,93,6.402155289631648
post,4.965,93,6.402035088201022
post,4.97,93,6.401915145007208
post,4.9750000000000005,93,6.401795459314614
post,4.98,93,6.401676030390344
post,4.985,93,6.401556857504204
post,4.99,93,6.401437939928673
post,4.995,93,6.401319276938899
post,5.0,93,6.401200867812696
post,5.005,93,6.401082711830511
post,5.01,93,6.4009648082754325
post,5.015,93,6.4008471564331675
post,5.0200000000000005,93,6.400729755592037
post,5.025,93,6.400612605042956
post,5.03,93,6.400495704079431
post,5.035,93,6.400379051997536
post,5.04,93,6.400262648095922
post,5.045,93,6.4001464916757795
post,5.05,93,6.40003058204085
post,5.055,93,6.3999149184974025
post,5.0600000000000005,93,6.399799500354226
post,5.065,93,6.399684326922612
post,5.07,93,6.399569397516357
post,5.075,93,6.399454711451741
post,5.08,93,6.399340268047517
post,5.085,93,6.399226066624901
post,5.09,93,6.399112106507571
post,5.095,93,6.398998387021639
post,5.1000000000000005,93,6.398884907495652
post,5.105,93,6.398771667260578
post,5.11,93,6.398658665649795
post,5.115,93,6.398545901999084
post,5.12,93,6.398433375646613
post,5.125,93,6.398321085932934
post,5.13,93,6.398209032200957
post,5.135,93,6.398097213795962
post,5.14,93,6.397985630065573
post,5.1450000000000005,93,6.397874280359751
post,5.15,93,6.3977631640307875
post,5.155,93,6.397652280433288
post,5.16,93,6.397541628924171
post,5.165,93,6.3974312088626455
post,5.17,93,6.397321019610215
post,5.175,93,6.397211060530655
post,5.18,93,6.397101330990015
post,5.1850000000000005,93,6.396991830356601
post,5.19,93,6.396882558000964
post,5.195,93,6.396773513295895
post,5.2,93,6.396664695616414
post,5.205,93,6.396556104339763
post,5.21,93,6.3964477388453895
post,5.215,93,6.396339598514947
post,5.22,93,6.396231682732274
post,5.2250000000000005,93,6.39612399088339
post,5.23,93,6.3960165223564935
post,5.235,93,6.39590927654194
post,5.24,93,6.3958022528322385
post,5.245,93,6.395695450622046
post,5.25,93,6.395588869308146
post,5.255,93,6.395482508289461
post,5.26,93,6.3953763669670165
post,5.265,93,6.395270444743954
post,5.2700000000000005,93,6.395164741025512
post,5.275,93,6.395059255219019
post,5.28,93,6.394953986733882
post,5.285,93,6.394848934981578
post,5.29,93,6.394744099375656
post,5.295,93,6.394639479331713
post,5.3,93,6.394535074267391
post,5.305,93,6.394430883602367
post,5.3100000000000005,93,6.394326906758352
post,5.315,93,6.394223143159076
post,5.32,93,6.394119592230273
post,5.325,93,6.394016253399687
post,5.33,93,6.393913126097055
post,5.335,93,6.393810209754094
post,5.34,93,6.393707503804502
post,5.345,93,6.393605007683951
post,5.3500000000000005,93,6.393502720830064
post,5.355,93,6.393400642682418
post,5.36,93,6.3932987726825425
post,5.365,93,6.393197110273892
post,5.37,93,6.393095654901858
post,5.375,93,6.392994406013743
post,5.38,93,6.392893363058766
post,5.385,93,6.392792525488052
post,5.39,93,6.392691892754611
post,5.3950000000000005,93,6.392591464313351
post,5.4,93,6.392491239621055
post,5.405,93,6.392391218136382
post,5.41,93,6.392291399319846
post,5.415,93,6.392191782633827
post,5.42,93,6.3920923675425465
post,5.425,93,6.391993153512069
post,5.43,93,6.391894140010293
post,5.4350000000000005,93,6.391795326506938
post,5.44,93,6.391696712473546
post,5.445,93,6.39159829738347
post,5.45,93,6.391500080711858
post,5.455,93,6.391402061935663
post,5.46,93,6.391304240533615
post,5.465,93,6.391206615986237
post,5.47,93,6.391109187775808
post,5.4750000000000005,93,6.391011955386388
post,5.48,93,6.390914918303791
post,5.485,93,6.390818076015573
post,5.49,93,6.390721428011045
post,5.495,93,6.39062497378125
post,5.5,93,6.390528712818961
post,5.505,93,6.390432644618666
post,5.51,93,6.390336768676581
post,5.515,93,6.390241084490619
post,5.5200000000000005,93,6.390145591560399
post,5.525,93,6.390050289387233
post,5.53,93,6.3899551774741195
post,5.535,93,6.38986025532574
post,5.54,93,6.389765522448437
post,5.545,93,6.389670978350241
post,5.55,93,6.389576622540815
post,5.555,93,6.389482454531501
post,5.5600000000000005,93,6.389388473835269
post,5.565,93,6.389294679966734
post,5.57,93,6.389201072442143
post,5.575,93,6.389107650779369
post,5.58,93,6.389014414497906
post,5.585,93,6.388921363118852
post,5.59,93,6.388828496164921
post,5.595,93,6.38873581316042
post,5.6000000000000005,93,6.388643313631254
post,5.605,93,6.388550997104909
post,5.61,93,6.388458863110457
post,5.615,93,6.388366911178535
post,5.62,93,6.388275140841351
post,5.625,93,6.388183551632679
post,5.63,93,6.388092143087838
post,5.635,93,6.388000914743704
post,5.64,93,6.387909866138687
post,5.6450000000000005,93,6.387818996812742
post,5.65,93,6.3877283063073405
post,5.655,93,6.387637794165486
post,5.66,93,6.387547459931701
post,5.665,93,6.3874573031520105
post,5.67,93,6.38736732337395
post,5.675,93,6.387277520146555
post,5.68,93,6.387187893020353
post,5.6850000000000005,93,6.387098441547351
post,5.69,93,6.387009165281041
post,5.695,93,6.386920063776399
post,5.7,93,6.386831136589858
post,5.705,93,6.3867423832793175
post,5.71,93,6.386653803404133
post,5.715,93,6.386565396525117
post,5.72,93,6.386477162204521
post,5.7250000000000005,93,6.3863891000060375
post,5.73,93,6.386301209494794
post,5.735,93,6.38621349023735
post,5.74,93,6.386125941801679
post,5.745,93,6.386038563757177
post,5.75,93,6.385951355674651
post,5.755,93,6.385864317126311
post,5.76,93,6.385777447685773
post,5.765,93,6.385690746928036
post,5.7700000000000005,93,6.385604214429501
post,5.775,93,6.385517849767941
post,5.78,93,6.385431652522516
post,5.785,93,6.385345622273752
post,5.79,93,6.385259758603547
post,5.795,93,6.385174061095151
post,5.8,93,6.385088529333187
post,5.805,93,6.385003162903609
post,5.8100000000000005,93,6.384917961393733
post,5.815,93,6.384832924392202
post,5.82,93,6.384748051489007
post,5.825,93,6.384663342275457
post,5.83,93,6.38457879634419
post,5.835,93,6.384494413289163
post,5.84,93,6.3844101927056505
post,5.845,93,6.384326134190224
post,5.8500000000000005,93,6.384242237340776
post,5.855,93,6.38415850175648
post,5.86,93,6.384074927037818
post,5.865,93,6.383991512786548
post,5.87,93,6.383908258605718
post,5.875,93,6.3838251640996555
post,5.88,93,6.383742228873953
post,5.885,93,6.383659452535483
post,5.89,93,6.383576834692371
post,5.8950000000000005,93,6.383494374954005
post,5.9,93,6.383412072931028
post,5.905,93,6.383329928235328
post,5.91,93,6.383247940480038
post,5.915,93,6.383166109279533
post,5.92,93,6.383084434249418
post,5.925,93,6.383002915006526
post,5.93,93,6.382921551168923
post,5.9350000000000005,93,6.382840342355883
post,5.94,93,6.3827592881879
post,5.945,93,6.382678388286684
post,5.95,93,6.38259764227514
post,5.955,93,6.382517049777382
post,5.96,93,6.3824366104187185
post,5.965,93,6.382356323825647
post,5.97,93,6.382276189625854
post,5.9750000000000005,93,6.382196207448205
post,5.98,93,6.382116376922749
post,5.985,93,6.382036697680705
post,5.99,93,6.381957169354458
post,5.995,93,6.381877791577568
post,6.0,93,6.381798563984739
post,6.005,93,6.381719486211845
post,6.01,93,6.381640557895899
post,6.015000000000001,93,6.381561778675069
post,6.0200000000000005,93,6.3814831481886625
post,6.025,93,6.381404666077123
post,6.03,93,6.381326331982026
post,6.035,93,6.381248145546083
post,6.04,93,6.381170106413121
post,6.045,93,6.381092214228092
post,6.05,93,6.381014468637067
post,6.055,93,6.3809368692872255
post,6.0600000000000005,93,6.38085941582685
post,6.065,93,6.380782107905337
post,6.07,93,6.3807049451731706
post,6.075,93,6.380627927281938
post,6.08,93,6.380551053884315
post,6.085,93,6.380474324634061
post,6.09,93,6.380397739186023
post,6.095,93,6.3803212971961205
post,6.1000000000000005,93,6.380244998321353
post,6.105,93,6.380168842219786
post,6.11,93,6.380092828550553
post,6.115,93,6.380016956973848
post,6.12,93,6.379941227150926
post,6.125,93,6.379865638744093
post,6.13,93,6.379790191416704
post,6.135,93,6.3797148848331675
post,6.140000000000001,93,6.379639718658925
post,6.1450000000000005,93,6.379564692560462
post,6.15,93,6.379489806205294
post,6.155,93,6.379415059261973
post,6.16,93,6.379340451400073
post,6.165,93,6.379265982290188
post,6.17,93,6.379191651603938
post,6.175,93,6.379117459013951
post,6.18,93,6.379043404193871
post,6.1850000000000005,93,6.378969486818348
post,6.19,93,6.378895706563033
post,6.195,93,6.378822063104582
post,6.2,93,6.378748556120641
post,6.205,93,6.378675185289854
post,6.21,93,6.3786019502918485
post,6.215,93,6.378528850807241
post,6.22,93,6.378455886517626
post,6.2250000000000005,93,6.378383057105578
post,6.23,93,6.378310362254645
post,6.235,93,6.378237801649344
post,6.24,93,6.378165374975156
post,6.245,93,6.378093081918537
post,6.25,93,6.378020922166884
post,6.255,93,6.377948895408569
post,6.26,93,6.3778770013329
post,6.265000000000001,93,6.377805239630142
post,6.2700000000000005,93,6.377733609991509
post,6.275,93,6.377662112109147
post,6.28,93,6.377590745676148
post,6.285,93,6.3775195103865325
post,6.29,93,6.3774484059352625
post,6.295,93,6.377377432018213
post,6.3,93,6.377306588332197
post,6.305,93,6.377235874574945
post,6.3100000000000005,93,6.377165290445095
post,6.315,93,6.377094835642217
post,6.32,93,6.377024509866777
post,6.325,93,6.376954312820157
post,6.33,93,6.376884244204637
post,6.335,93,6.376814303723407
post,6.34,93,6.376744491080541
post,6.345,93,6.37667480598102
post,6.3500000000000005,93,6.376605248130707
post,6.355,93,6.376535817236362
post,6.36,93,6.376466513005616
post,6.365,93,6.376397335146998
post,6.37,93,6.376328283369902
post,6.375,93,6.376259357384598
post,6.38,93,6.3761905569022295
post,6.385,93,6.376121881634814
post,6.390000000000001,93,6.376053331295229
post,6.3950000000000005,93,6.375984905597212
post,6.4,93,6.37591660425536
post,6.405,93,6.3758484269851285
post,6.41,93,6.375780373502825
post,6.415,93,6.3757124435256065
post,6.42,93,6.375644636771474
post,6.425,93,6.375576952959275
post,6.43,93,6.375509391808696
post,6.4350000000000005,93,6.375441953040259
post,6.44,93,6.375374636375321
post,6.445,93,6.375307441536071
post,6.45,93,6.375240368245529
post,6.455,93,6.3751734162275335
post,6.46,93,6.375106585206751
post,6.465,93,6.375039874908662
post,6.47,93,6.374973285059569
post,6.4750000000000005,93,6.374906815386581
post,6.48,93,6.374840465617624
post,6.485,93,6.374774235481424
post,6.49,93,6.3747081247075235
post,6.495,93,6.374642133026252
post,6.5,93,6.374576260168747
post,6.505,93,6.374510505866935
post,6.51,93,6.374444869853545
post,6.515000000000001,93,6.374379351862089
post,6.5200000000000005,93,6.374313951626866
post,6.525,93,6.374248668882963
post,6.53,93,6.374183503366245
post,6.535,93,6.3741184548133605
post,6.54,93,6.374053522961727
post,6.545,93,6.373988707549542
post,6.55,93,6.373924008315772
post,6.555,93,6.373859425000144
post,6.5600000000000005,93,6.373794957343161
post,6.565,93,6.373730605086081
post,6.57,93,6.373666367970921
post,6.575,93,6.373602245740462
post,6.58,93,6.373538238138232
post,6.585,93,6.373474344908509
post,6.59,93,6.373410565796325
post,6.595,93,6.3733469005474594
post,6.6000000000000005,93,6.373283348908427
post,6.605,93,6.373219910626493
post,6.61,93,6.3731565854496495
post,6.615,93,6.373093373126635
post,6.62,93,6.373030273406914
post,6.625,93,6.372967286040683
post,6.63,93,6.372904410778868
post,6.635,93,6.372841647373115
post,6.640000000000001,93,6.372778995575799
post,6.6450000000000005,93,6.372716455140012
post,6.65,93,6.372654025819562
post,6.655,93,6.372591707368974
post,6.66,93,6.372529499543485
post,6.665,93,6.372467402099038
post,6.67,93,6.372405414792287
post,6.675,93,6.372343537380596
post,6.68,93,6.372281769622021
post,6.6850000000000005,93,6.3722201112753245
post,6.69,93,6.372158562099962
post,6.695,93,6.372097121856087
post,6.7,93,6.372035790304549
post,6.705,93,6.371974567206879
post,6.71,93,6.371913452325301
post,6.715,93,6.371852445422723
post,6.72,93,6.371791546262741
post,6.7250000000000005,93,6.3717307546096205
post,6.73,93,6.371670070228312
post,6.735,93,6.371609492884443
post,6.74,93,6.371549022344312
post,6.745,93,6.371488658374888
post,6.75,93,6.371428400743808
post,6.755,93,6.371368249219378
post,6.76,93,6.371308203570565
post,6.765000000000001,93,6.371248263567002
post,6.7700000000000005,93,6.371188428978974
post,6.775,93,6.371128699577433
post,6.78,93,6.371069075133975
post,6.785,93,6.371009555420856
post,6.79,93,6.370950140210978
post,6.795,93,6.370890829277894
post,6.8,93,6.370831622395802
post,6.805,93,6.3707725193395435
post,6.8100000000000005,93,6.370713519884597
post,6.815,93,6.370654623807089
post,6.82,93,6.370595830883772
post,6.825,93,6.37053714089204
post,6.83,93,6.37047855360992
post,6.835,93,6.370420068816064
post,6.84,93,6.370361686289754
post,6.845,93,6.370303405810905
post,6.8500000000000005,93,6.37024522716004
post,6.855,93,6.370187150118322
post,6.86,93,6.370129174467521
post,6.865,93,6.370071299990023
post,6.87,93,6.370013526468841
post,6.875,93,6.369955853687592
post,6.88,93,6.3698982814304985
post,6.885,93,6.369840809482406
post,6.890000000000001,93,6.369783437628761
post,6.8950000000000005,93,6.369726165655606
post,6.9,93,6.3696689933496
post,6.905,93,6.369611920497991
post,6.91,93,6.3695549468886306
post,6.915,93,6.369498072309969
post,6.92,93,6.369441296551047
post,6.925,93,6.369384619401498
post,6.93,93,6.369328040651547
post,6.9350000000000005,93,6.369271560092005
post,6.94,93,6.3692151775142705
post,6.945,93,6.369158892710328
post,6.95,93,6.369102705472746
post,6.955,93,6.369046615594662
post,6.96,93,6.3689906228698066
post,6.965,93,6.368934727092475
post,6.97,93,6.368878928057549
post,6.9750000000000005,93,6.368823225560465
post,6.98,93,6.368767619397248
post,6.985,93,6.368712109364482
post,6.99,93,6.368656695259319
post,6.995,93,6.368601376879476
post,7.0,93,6.368546154023232
post,7.005,93,6.368491026489428
post,7.01,93,6.3684359940774655
post,7.015000000000001,93,6.368381056587297
post,7.0200000000000005,93,6.368326213819437
post,7.025,93,6.36827146557495
post,7.03,93,6.368216811655453
post,7.035,93,6.36816225186311
post,7.04,93,6.3681077860006345
post,7.045,93,6.368053413871291
post,7.05,93,6.367999135278876
post,7.055,93,6.3679449500277405
post,7.0600000000000005,93,6.367890857922765
post,7.065,93,6.3678368587693805
post,7.07,93,6.367782952373541
post,7.075,93,6.367729138541747
post,7.08,93,6.367675417081026
post,7.085,93,6.3676217877989405
post,7.09,93,6.36756825050358
post,7.095,93,6.3675148050035615
post,7.1000000000000005,93,6.367461451108026
post,7.105,93,6.367408188626649
post,7.11,93,6.36735501736961
post,7.115,93,6.367301937147631
post,7.12,93,6.367248947771936
post,7.125,93,6.3671960490542725
post,7.13,93,6.3671432408069055
post,7.135,93,6.367090522842611
post,7.140000000000001,93,6.367037894974676
post,7.1450000000000005,93,6.366985357016905
post,7.15,93,6.366932908783597
post,7.155,93,6.366880550089575
post,7.16,93,6.366828280750152
post,7.165,93,6.3667761005811565
post,7.17,93,6.366724009398914
post,7.175,93,6.366672007020248
post,7.18,93,6.366620093262482
post,7.1850000000000005,93,6.366568267943445
post,7.19,93,6.366516530881442
post,7.195,93,6.366464881895291
post,7.2,93,6.366413320804292
post,7.205,93,6.366361847428238
post,7.21,93,6.3663104615874095
post,7.215,93,6.366259163102579
post,7.22,93,6.366207951794996
post,7.2250000000000005,93,6.3661568274864
post,7.23,93,6.366105789999012
post,7.235,93,6.366054839155533
post,7.24,93,6.366003974779142
post,7.245,93,6.365953196693497
post,7.25,93,6.365902504722736
post,7.255,93,6.365851898691457
post,7.26,93,6.365801378424753
post,7.265000000000001,93,6.36575094374817
post,7.2700000000000005,93,6.365700594487731
post,7.275,93,6.365650330469927
post,7.28,93,6.365600151521715
post,7.285,93,6.365550057470515
post,7.29,93,6.365500048144215
post,7.295,93,6.365450123371165
post,7.3,93,6.3654002829801675
post,7.305,93,6.365350526800494
post,7.3100000000000005,93,6.365300854661871
post,7.315,93,6.365251266394477
post,7.32,93,6.365201761828948
post,7.325,93,6.3651523407963735
post,7.33,93,6.365103003128296
post,7.335,93,6.3650537486567
post,7.34,93,6.36500457721403
post,7.345,93,6.364955488633174
post,7.3500000000000005,93,6.364906482747459
post,7.355,93,6.364857559390664
post,7.36,93,6.364808718397009
post,7.365,93,6.364759959601152
post,7.37,93,6.3647112828382
post,7.375,93,6.364662687943685
post,7.38,93,6.364614174753588
post,7.385,93,6.36456574310432
post,7.390000000000001,93,6.3645173928327266
post,7.3950000000000005,93,6.364469123776088
post,7.4,93,6.364420935772114
post,7.405,93,6.364372828658946
post,7.41,93,6.364324802275155
post,7.415,93,6.364276856459736
post,7.42,93,6.364228991052112
post,7.425,93,6.364181205892129
post,7.43,93,6.364133500820059
post,7.4350000000000005,93,6.364085875676597
post,7.44,93,6.364038330302853
post,7.445,93,6.363990864540356
post,7.45,93,6.363943478231056
post,7.455,93,6.363896171217325
post,7.46,93,6.363848943341939
post,7.465,93,6.363801794448093
post,7.47,93,6.363754724379394
post,7.4750000000000005,93,6.363707732979861
post,7.48,93,6.363660820093919
post,7.485,93,6.363613985566409
post,7.49,93,6.363567229242572
post,7.495,93,6.363520550968055
post,7.5,93,6.363473950588914
post,7.505,93,6.3634274279516045
post,7.51,93,6.363380982902988
post,7.515000000000001,93,6.363334615290321
post,7.5200000000000005,93,6.363288324961262
post,7.525,93,6.363242111763868
post,7.53,93,6.363195975546595
post,7.535,93,6.363149916158289
post,7.54,93,6.363103933448192
post,7.545,93,6.363058027265944
post,7.55,93,6.363012197461572
post,7.555,93,6.362966443885495
post,7.5600000000000005,93,6.3629207663885206
post,7.565,93,6.3628751648218405
post,7.57,93,6.3628296390370425
post,7.575,93,6.36278418888609
post,7.58,93,6.362738814221343
post,7.585,93,6.362693514895531
post,7.59,93,6.36264829076177
post,7.595,93,6.3626031416735644
post,7.6000000000000005,93,6.362558067484786
post,7.605,93,6.362513068049695
post,7.61,93,6.36246814322292
post,7.615,93,6.362423292859471
post,7.62,93,6.362378516814733
post,7.625,93,6.3623338149444635
post,7.63,93,6.362289187104791
post,7.635,93,6.362244633152214
post,7.640000000000001,93,6.362200152943605
post,7.6450000000000005,93,6.362155746336201
post,7.65,93,6.362111413187612
post,7.655,93,6.36206715335581
post,7.66,93,6.362022966699133
post,7.665,93,6.361978853076283
post,7.67,93,6.361934812346326
post,7.675,93,6.361890844368691
post,7.68,93,6.361846949003164
post,7.6850000000000005,93,6.361803126109897
post,7.69,93,6.3617593755493935
post,7.695,93,6.361715697182517
post,7.7,93,6.36167209087049
post,7.705,93,6.3616285564748845
post,7.71,93,6.361585093857632
post,7.715,93,6.361541702881013
post,7.72,93,6.361498383407663
post,7.7250000000000005,93,6.361455135300564
post,7.73,93,6.3614119584230515
post,7.735,93,6.36136885263881
post,7.74,93,6.361325817811867
post,7.745,93,6.3612828538066
post,7.75,93,6.361239960487728
post,7.755,93,6.361197137720322
post,7.76,93,6.361154385369783
post,7.765000000000001,93,6.361111703301871
post,7.7700000000000005,93,6.361069091382669
post,7.775,93,6.361026549478614
post,7.78,93,6.360984077456475
post,7.785,93,6.360941675183359
post,7.79,93,6.360899342526713
post,7.795,93,6.360857079354315
post,7.8,93,6.360814885534284
post,7.805000000000001,93,6.360772760935064
post,7.8100000000000005,93,6.360730705425439
post,7.815,93,6.360688718874525
post,7.82,93,6.36064680115176
post,7.825,93,6.360604952126919
post,7.83,93,6.3605631716701065
post,7.835,93,6.360521459651746
post,7.84,93,6.360479815942595
post,7.845,93,6.360438240413734
post,7.8500000000000005,93,6.360396732936569
post,7.855,93,6.360355293382825
post,7.86,93,6.360313921624558
post,7.865,93,6.360272617534137
post,7.87,93,6.360231380984256
post,7.875,93,6.360190211847925
post,7.88,93,6.360149109998477
post,7.885,93,6.360108075309559
post,7.890000000000001,93,6.360067107655134
post,7.8950000000000005,93,6.360026206909486
post,7.9,93,6.359985372947206
post,7.905,93,6.359944605643203
post,7.91,93,6.3599039048727
post,7.915,93,6.359863270511226
post,7.92,93,6.359822702434626
post,7.925,93,6.359782200519053
post,7.930000000000001,93,6.359741764640969
post,7.9350000000000005,93,6.359701394677143
post,7.94,93,6.359661090504651
post,7.945,93,6.359620852000876
post,7.95,93,6.359580679043503
post,7.955,93,6.359540571510531
post,7.96,93,6.359500529280248
post,7.965,93,6.359460552231255
post,7.97,93,6.359420640242445
post,7.9750000000000005,93,6.3593807931930195
post,7.98,93,6.359341010962479
post,7.985,93,6.359301293430619
post,7.99,93,6.359261640477532
post,7.995,93,6.359222051983613
post,8.0,93,6.359182527829546
post,8.005,93,6.359143067896314
post,8.01,93,6.359103672065193
post,8.015,93,6.359064340217754
post,8.02,93,6.3590250722358554
post,8.025,93,6.358985868001651
post,8.03,93,6.358946727397588
post,8.035,93,6.358907650306394
post,8.040000000000001,93,6.358868636611095
post,8.045,93,6.358829686194996
post,8.05,93,6.358790798941701
post,8.055,93,6.358751974735087
post,8.06,93,6.358713213459325
post,8.065,93,6.358674514998865
post,8.07,93,6.358635879238443
post,8.075,93,6.358597306063081
post,8.08,93,6.358558795358077
post,8.085,93,6.358520347009015
post,8.09,93,6.358481960901753
post,8.095,93,6.358443636922433
post,8.1,93,6.358405374957478
post,8.105,93,6.358367174893583
post,8.11,93,6.358329036617719
post,8.115,93,6.358290960017136
post,8.120000000000001,93,6.358252944979367
post,8.125,93,6.358214991392198
post,8.13,93,6.358177099143714
post,8.135,93,6.358139268122252
post,8.14,93,6.358101498216431
post,8.145,93,6.358063789315141
post,8.15,93,6.35802614130754
post,8.155,93,6.357988554083054
post,8.16,93,6.35795102753138
post,8.165000000000001,93,6.357913561542483
post,8.17,93,6.357876156006591
post,8.175,93,6.357838810814204
post,8.18,93,6.357801525856083
post,8.185,93,6.357764301023256
post,8.19,93,6.357727136207015
post,8.195,93,6.357690031298909
post,8.2,93,6.35765298619076
post,8.205,93,6.3576160007746445
post,8.21,93,6.3575790749428975
post,8.215,93,6.357542208588118
post,8.22,93,6.357505401603164
post,8.225,93,6.357468653881151
post,8.23,93,6.357431965315455
post,8.235,93,6.3573953357996995
post,8.24,93,6.357358765227775
post,8.245000000000001,93,6.357322253493822
post,8.25,93,6.3572858004922335
post,8.255,93,6.357249406117665
post,8.26,93,6.357213070265013
post,8.265,93,6.357176792829436
post,8.27,93,6.357140573706337
post,8.275,93,6.357104412791377
post,8.28,93,6.357068309980459
post,8.285,93,6.357032265169745
post,8.290000000000001,93,6.3569962782556315
post,8.295,93,6.356960349134778
post,8.3,93,6.356924477704084
post,8.305,93,6.3568886638606905
post,8.31,93,6.356852907501995
post,8.315,93,6.356817208525632
post,8.32,93,6.356781566829483
post,8.325,93,6.356745982311668
post,8.33,93,6.356710454870561
post,8.335,93,6.3566749844047665
post,8.34,93,6.3566395708131385
post,8.345,93,6.356604213994761
post,8.35,93,6.356568913848972
post,8.355,93,6.35653367027534
post,8.36,93,6.356498483173674
post,8.365,93,6.356463352444015
post,8.370000000000001,93,6.3564282779866526
post,8.375,93,6.356393259702104
post,8.38,93,6.356358297491126
post,8.385,93,6.356323391254709
post,8.39,93,6.3562885408940755
post,8.395,93,6.3562537463106885
post,8.4,93,6.356219007406236
post,8.405,93,6.356184324082642
post,8.41,93,6.356149696242062
post,8.415000000000001,93,6.356115123786886
post,8.42,93,6.356080606619723
post,8.425,93,6.356046144643425
post,8.43,93,6.356011737761066
post,8.435,93,6.355977385875947
post,8.44,93,6.3559430888916
post,8.445,93,6.3559088467117855
post,8.45,93,6.355874659240484
post,8.455,93,6.355840526381905
post,8.46,93,6.355806448040483
post,8.465,93,6.355772424120876
post,8.47,93,6.355738454527972
post,8.475,93,6.355704539166869
post,8.48,93,6.355670677942898
post,8.485,93,6.355636870761608
post,8.49,93,6.355603117528768
post,8.495000000000001,93,6.355569418150372
post,8.5,93,6.355535772532627
post,8.505,93,6.355502180581964
post,8.51,93,6.355468642205029
post,8.515,93,6.355435157308693
post,8.52,93,6.355401725800034
post,8.525,93,6.355368347586354
post,8.53,93,6.355335022575169
post,8.535,93,6.355301750674207
post,8.540000000000001,93,6.355268531791418
post,8.545,93,6.35523536583496
post,8.55,93,6.355202252713205
post,8.555,93,6.355169192334741
post,8.56,93,6.355136184608366
post,8.565,93,6.35510322944309
post,8.57,93,6.355070326748134
post,8.575000000000001,93,6.355037476432932
post,8.58,93,6.355004678407119
post,8.585,93,6.3549719325805505
post,8.59,93,6.354939238863286
post,8.595,93,6.354906597165592
post,8.6,93,6.3548740073979415
post,8.605,93,6.354841469471018
post,8.61,93,6.354808983295706
post,8.615,93,6.354776548783104
post,8.620000000000001,93,6.354744165844506
post,8.625,93,6.354711834391416
post,8.63,93,6.354679554335543
post,8.635,93,6.354647325588791
post,8.64,93,6.354615148063282
post,8.645,93,6.3545830216713215
post,8.65,93,6.35455094632543
post,8.655,93,6.354518921938326
post,8.66,93,6.354486948422926
post,8.665000000000001,93,6.3544550256923475
post,8.67,93,6.354423153659909
post,8.675,93,6.354391332239122
post,8.68,93,6.354359561343704
post,8.685,93,6.354327840887566
post,8.69,93,6.354296170784814
post,8.695,93,6.354264550949755
post,8.700000000000001,93,6.354232981296887
post,8.705,93,6.354201461740908
post,8.71,93,6.354169992196709
post,8.715,93,6.354138572579376
post,8.72,93,6.3541072028041805
post,8.725,93,6.354075882786604
post,8.73,93,6.354044612442303
post,8.735,93,6.354013391687137
post,8.74,93,6.353982220437154
post,8.745000000000001,93,6.353951098608593
post,8.75,93,6.353920026117879
post,8.755,93,6.3538890028816395
post,8.76,93,6.3538580288166715
post,8.765,93,6.353827103839978
post,8.77,93,6.353796227868746
post,8.775,93,6.353765400820348
post,8.78,93,6.353734622612341
post,8.785,93,6.353703893162472
post,8.790000000000001,93,6.353673212388678
post,8.795,93,6.353642580209073
post,8.8,93,6.353611996541962
post,8.805,93,6.353581461305835
post,8.81,93,6.353550974419361
post,8.815,93,6.353520535801399
post,8.82,93,6.353490145370987
post,8.825000000000001,93,6.353459803047345
post,8.83,93,6.353429508749876
post,8.835,93,6.353399262398167
post,8.84,93,6.35336906391198
post,8.845,93,6.353338913211265
post,8.85,93,6.353308810216148
post,8.855,93,6.35327875484693
post,8.86,93,6.353248747024099
post,8.865,93,6.353218786668319
post,8.870000000000001,93,6.353188873700424
post,8.875,93,6.353159008041442
post,8.88,93,6.35312918961256
post,8.885,93,6.353099418335158
post,8.89,93,6.353069694130776
post,8.895,93,6.353040016921138
post,8.9,93,6.353010386628145
post,8.905,93,6.3529808031738675
post,8.91,93,6.352951266480554
post,8.915000000000001,93,6.352921776470621
post,8.92,93,6.3528923330666665
post,8.925,93,6.352862936191453
post,8.93,93,6.352833585767916
post,8.935,93,6.35280428171917
post,8.94,93,6.352775023968489
post,8.945,93,6.35274581243933
post,8.950000000000001,93,6.35271664705531
post,8.955,93,6.352687527740224
post,8.96,93,6.352658454418028
post,8.965,93,6.352629427012852
post,8.97,93,6.352600445448993
post,8.975,93,6.352571509650918
post,8.98,93,6.352542619543255
post,8.985,93,6.3525137750508085
post,8.99,93,6.352484976098538
post,8.995000000000001,93,6.35245622261158
post,9.0,93,6.3524275145152265
post,9.005,93,6.352398851734946
post,9.01,93,6.352370234196358
post,9.015,93,6.352341661825259
post,9.02,93,6.3523131345476
post,9.025,93,6.352284652289499
post,9.03,93,6.352256214977239
post,9.035,93,6.352227822537259
post,9.040000000000001,93,6.352199474896165
post,9.045,93,6.352171171980723
post,9.05,93,6.352142913717863
post,9.055,93,6.35211470003467
post,9.06,93,6.352086530858389
post,9.065,93,6.352058406116428
post,9.07,93,6.35203032573636
post,9.075000000000001,93,6.352002289645903
post,9.08,93,6.351974297772942
post,9.085,93,6.351946350045523
post,9.09,93,6.351918446391838
post,9.095,93,6.351890586740251
post,9.1,93,6.351862771019268
post,9.105,93,6.351834999157561
post,9.11,93,6.351807271083954
post,9.115,93,6.351779586727429
post,9.120000000000001,93,6.35175194601712
post,9.125,93,6.351724348882311
post,9.13,93,6.351696795252453
post,9.135,93,6.351669285057139
post,9.14,93,6.3516418182261205
post,9.145,93,6.3516143946893004
post,9.15,93,6.351587014376735
post,9.155,93,6.351559677218629
post,9.16,93,6.351532383145346
post,9.165000000000001,93,6.351505132087389
post,9.17,93,6.351477923975427
post,9.175,93,6.351450758740267
post,9.18,93,6.3514236363128695
post,9.185,93,6.351396556624345
post,9.19,93,6.3513695196059565
post,9.195,93,6.35134252518911
post,9.200000000000001,93,6.35131557330536
post,9.205,93,6.351288663886416
post,9.21,93,6.351261796864126
post,9.215,93,6.351234972170492
post,9.22,93,6.3512081897376556
post,9.225,93,6.351181449497914
post,9.23,93,6.351154751383703
post,9.235,93,6.351128095327603
post,9.24,93,6.351101481262347
post,9.245000000000001,93,6.351074909120808
post,9.25,93,6.351048378836002
post,9.255,93,6.351021890341086
post,9.26,93,6.350995443569372
post,9.265,93,6.350969038454308
post,9.27,93,6.350942674929481
post,9.275,93,6.350916352928627
post,9.28,93,6.350890072385617
post,9.285,93,6.350863833234475
post,9.290000000000001,93,6.350837635409351
post,9.295,93,6.350811478844552
post,9.3,93,6.350785363474511
post,9.305,93,6.35075928923381
post,9.31,93,6.350733256057172
post,9.315,93,6.350707263879448
post,9.32,93,6.35068131263564
post,9.325000000000001,93,6.350655402260883
post,9.33,93,6.350629532690451
post,9.335,93,6.350603703859759
post,9.34,93,6.3505779157043545
post,9.345,93,6.350552168159923
post,9.35,93,6.350526461162291
post,9.355,93,6.350500794647415
post,9.36,93,6.350475168551391
post,9.365,93,6.3504495828104535
post,9.370000000000001,93,6.350424037360968
post,9.375,93,6.350398532139434
post,9.38,93,6.350373067082489
post,9.385,93,6.350347642126906
post,9.39,93,6.350322257209585
post,9.395,93,6.3502969122675665
post,9.4,93,6.35027160723802
post,9.405,93,6.350246342058251
post,9.41,93,6.350221116665694
post,9.415000000000001,93,6.350195930997918
post,9.42,93,6.350170784992619
post,9.425,93,6.350145678587634
post,9.43,93,6.350120611720921
post,9.435,93,6.350095584330575
post,9.44,93,6.350070596354816
post,9.445,93,6.350045647732001
post,9.450000000000001,93,6.3500207384006115
post,9.455,93,6.349995868299258
post,9.46,93,6.349971037366684
post,9.465,93,6.349946245541756
post,9.47,93,6.3499214927634755
post,9.475,93,6.3498967789709635
post,9.48,93,6.349872104103475
post,9.485,93,6.349847468100391
post,9.49,93,6.349822870901219
post,9.495000000000001,93,6.3497983124455954
post,9.5,93,6.349773792673275
post,9.505,93,6.349749311524145
post,9.51,93,6.34972486893822
post,9.515,93,6.349700464855636
post,9.52,93,6.349676099216651
post,9.525,93,6.349651771961656
post,9.53,93,6.349627483031161
post,9.535,93,6.349603232365793
post,9.540000000000001,93,6.349579019906325
post,9.545,93,6.349554845593621
post,9.55,93,6.349530709368695
post,9.555,93,6.349506611172673
post,9.56,93,6.349482550946806
post,9.565,93,6.349458528632457
post,9.57,93,6.349434544171128
post,9.575000000000001,93,6.349410597504425
post,9.58,93,6.3493866885740875
post,9.585,93,6.349362817321969
post,9.59,93,6.349338983690049
post,9.595,93,6.34931518762042
post,9.6,93,6.349291429055299
post,9.605,93,6.349267707937021
post,9.61,93,6.34924402420804
post,9.615,93,6.349220377810932
post,9.620000000000001,93,6.349196768688385
post,9.625,93,6.34917319678321
post,9.63,93,6.349149662038334
post,9.635,93,6.3491261643968055
post,9.64,93,6.349102703801783
post,9.645,93,6.349079280196546
post,9.65,93,6.349055893524493
post,9.655,93,6.349032543729133
post,9.66,93,6.349009230754102
post,9.665000000000001,93,6.348985954543133
post,9.67,93,6.348962715040095
post,9.675,93,6.348939512188959
post,9.68,93,6.348916345933814
post,9.685,93,6.3488932162188645
post,9.69,93,6.34887012298843
post,9.695,93,6.34884706618694
post,9.700000000000001,93,6.3488240457589455
post,9.705,93,6.348801061649101
post,9.71,93,6.348778113802179
post,9.715,93,6.348755202163067
post,9.72,93,6.34873232667676
post,9.725,93,6.348709487288372
post,9.73,93,6.348686683943116
post,9.735,93,6.348663916586335
post,9.74,93,6.348641185163467
post,9.745000000000001,93,6.348618489620071
post,9.75,93,6.348595829901808
post,9.755,93,6.34857320595446
post,9.76,93,6.348550617723913
post,9.765,93,6.34852806515616
post,9.77,93,6.348505548197313
post,9.775,93,6.34848306679358
post,9.78,93,6.348460620891292
post,9.785,93,6.348438210436881
post,9.790000000000001,93,6.348415835376884
post,9.795,93,6.348393495657957
post,9.8,93,6.348371191226856
post,9.805,93,6.3483489220304445
post,9.81,93,6.348326688015696
post,9.815,93,6.34830448912969
post,9.82,93,6.348282325319615
post,9.825000000000001,93,6.348260196532762
post,9.83,93,6.3482381027165316
post,9.835,93,6.3482160438184305
post,9.84,93,6.3481940197860665
post,9.845,93,6.348172030567157
post,9.85,93,6.348150076109525
post,9.855,93,6.3481281563610965
post,9.86,93,6.348106271269902
post,9.865,93,6.348084420784075
post,9.870000000000001,93,6.348062604851862
post,9.875,93,6.348040823421598
post,9.88,93,6.348019076441736
post,9.885,93,6.347997363860822
post,9.89,93,6.347975685627513
post,9.895,93,6.347954041690563
post,9.9,93,6.347932431998829
post,9.905,93,6.347910856501272
post,9.91,93,6.347889315146959
post,9.915000000000001,93,6.3478678078850495
post,9.92,93,6.347846334664811
post,9.925,93,6.347824895435612
post,9.93,93,6.347803490146919
post,9.935,93,6.347782118748301
post,9.94,93,6.347760781189424
post,9.945,93,6.347739477420064
post,9.950000000000001,93,6.347718207390085
post,9.955,93,6.347696971049457
post,9.96,93,6.3476757683482505
post,9.965,93,6.34765459923663
post,9.97,93,6.3476334636648595
post,9.975,93,6.34761236158331
post,9.98,93,6.3475912929424405
post,9.985,93,6.347570257692814
post,9.99,93,6.347549255785089
post,9.995000000000001,93,6.347528287170027
post,10.0,93,6.347507351798476
