date,year,dtr,dtrplus,tmax,tmin,srad,clear_srad,clearness,daily_rmse,daily_bias,afternoon_rmse,afternoon_bias
2000-05-01,2000,9.6,0,21.8,12.2,25.1,26.58,0.9443190368698271,0.6458,-0.0228,0.1974,0.0009
2000-05-02,2000,10.9,0,25.0,14.1,18.97,26.39,0.7188328912466843,4.336,0.0225,4.8219,4.7221
2000-05-03,2000,8.6,0,21.7,13.1,15.46,26.07,0.5930187955504411,1.2255,-0.6941,0.6359,0.4671
2000-05-04,2000,13.0,0,25.1,12.1,23.88,27.0,0.8844444444444444,1.9197,-1.2735,0.1007,-0.0028
2000-05-05,2000,11.6,0,29.5,17.9,27.34,28.34,0.9647141848976711,2.9235,0.9899,0.7116,0.6863
2000-05-06,2000,24.2,9.399999999999999,27.1,2.9,7.43,26.24,0.28315548780487804,12.3934,8.743,18.403,18.3167
2000-05-07,2000,13.1,0,17.0,3.9,26.3,27.85,0.9443447037701974,2.2726,-0.8996,0.2219,0.1
2000-05-08,2000,13.0,0,21.2,8.2,18.96,27.67,0.6852186483556197,1.6423,-0.5891,1.4596,1.4591
2000-05-09,2000,16.2,1.3999999999999986,27.6,11.4,22.18,28.31,0.7834687389614977,1.1348,-0.4542,0.7713,0.7681
2000-05-10,2000,11.6,0,25.2,13.6,27.93,28.75,0.9714782608695652,0.9777,-0.2539,0.2539,-0.0504
2000-05-11,2000,12.5,0,28.0,15.5,18.23,28.39,0.6421275096865093,2.8152,1.0637,0.7365,0.6481
2000-05-12,2000,11.9,0,25.2,13.3,15.91,28.78,0.5528144544822794,5.103,3.3518,8.5877,8.487
2000-05-13,2000,9.1,0,20.0,10.9,23.91,29.03,0.8236307268343093,1.3573,-0.0904,0.3108,0.1069
2000-05-14,2000,9.3,0,20.6,11.3,16.32,28.5,0.5726315789473684,2.2203,0.4688,0.3169,0.0972
2000-05-15,2000,9.3,0,21.4,12.1,27.65,29.52,0.9366531165311652,0.6123,0.0631,0.7098,0.4494
2000-05-16,2000,13.0,0,26.1,13.1,28.02,29.13,0.9618949536560247,1.3503,-0.8449,0.5217,0.0834
2000-05-17,2000,15.3,0.5,30.5,15.2,26.75,29.04,0.9211432506887053,1.4657,-0.9294,0.499,0.4013
2000-05-18,2000,15.7,0.8999999999999986,34.2,18.5,28.98,29.73,0.9747729566094854,1.5231,-0.7507,0.7151,0.6816
2000-05-19,2000,10.0,0,31.9,21.9,26.91,29.01,0.9276111685625645,2.2357,1.5871,3.4222,3.4174
2000-05-20,2000,9.2,0,29.5,20.3,20.85,29.16,0.7150205761316872,0.8442,0.0186,0.3534,0.2661
2000-05-21,2000,13.8,0,33.4,19.6,23.77,30.09,0.7899634430043203,1.6277,-0.3883,0.6633,0.1524
2000-05-22,2000,18.3,3.5,32.3,14.0,12.69,29.11,0.4359326691858468,8.621,5.8335,11.8494,11.8467
2000-05-23,2000,5.7,0,18.5,12.8,6.42,29.23,0.2196373588778652,0.8901,-0.063,0.8543,0.6733
2000-05-24,2000,10.8,0,23.1,12.3,28.33,31.06,0.912105602060528,1.0308,-0.7052,0.566,0.0333
2000-05-25,2000,13.4,0,27.1,13.7,26.88,29.85,0.900502512562814,1.7887,-1.0633,0.1106,-0.012
2000-05-26,2000,7.4,0,25.7,18.3,17.48,29.57,0.5911396685830234,2.4926,2.0541,3.082,3.0809
2000-05-27,2000,9.3,0,25.3,16.0,19.64,29.67,0.661948095719582,3.253,2.1533,1.2777,1.2754
2000-05-28,2000,12.3,0,22.7,10.4,26.87,31.32,0.8579182630906769,1.6018,0.448,2.0937,1.959
2000-05-29,2000,12.8,0,25.1,12.3,21.74,30.72,0.7076822916666666,2.1155,-1.0233,1.537,1.3337
2000-05-30,2000,8.7,0,25.6,16.9,18.42,30.66,0.6007827788649707,0.6631,-0.254,0.6784,0.6652
2000-05-31,2000,10.9,0,27.7,16.8,24.72,31.64,0.7812895069532237,0.9264,-0.4277,0.5717,0.1449
2000-06-01,2000,10.5,0,27.1,16.6,20.67,30.46,0.6785948785292187,2.8885,1.6431,3.0275,3.0194
2000-06-02,2000,8.9,0,22.7,13.8,14.57,31.06,0.4690920798454604,4.1431,0.8365,7.3201,7.2598
2000-06-03,2000,7.5,0,19.9,12.4,21.66,30.57,0.7085377821393523,1.3275,0.3206,1.0503,0.2884
2000-06-04,2000,10.0,0,19.8,9.8,7.97,31.04,0.25676546391752575,3.0203,1.881,3.416,3.4032
2000-06-05,2000,8.0,0,20.2,12.2,19.73,31.33,0.6297478455154805,0.4396,-0.2126,0.4639,0.1643
2000-06-06,2000,16.1,1.3000000000000007,28.4,12.3,29.56,31.11,0.9501767920282868,1.7631,-0.8426,0.5886,0.2762
2000-06-07,2000,14.8,0,31.2,16.4,30.16,31.99,0.9427946233197875,1.3518,-0.8316,0.563,0.3997
2000-06-08,2000,14.5,0,33.9,19.4,30.6,31.85,0.9607535321821036,1.9514,-0.96,1.1558,0.4188
2000-06-09,2000,9.8,0,33.2,23.4,14.94,29.77,0.5018474974806852,4.8494,3.9997,5.8151,5.7237
2000-06-10,2000,10.0,0,25.7,15.7,10.63,30.25,0.35140495867768595,5.0731,3.3854,8.1077,8.0648
2000-06-11,2000,6.7,0,17.6,10.9,6.18,30.21,0.2045680238331678,3.7045,2.4174,5.8146,5.7927
2000-06-12,2000,7.4,0,15.8,8.4,8.78,30.17,0.29101756711965526,1.6706,-0.5637,0.591,0.0066
2000-06-13,2000,12.9,0,24.2,11.3,29.37,31.95,0.9192488262910798,1.6071,-0.9357,0.4939,0.3164
2000-06-14,2000,11.0,0,26.4,15.4,30.2,31.32,0.9642401021711366,0.8192,-0.3949,0.3345,0.0688
2000-06-15,2000,7.9,0,25.8,17.9,28.89,31.98,0.9033771106941839,0.8884,-0.2854,0.4137,-0.0162
2000-06-16,2000,10.7,0,29.0,18.3,30.28,31.54,0.9600507292327204,0.9848,-0.4128,0.4596,0.0379
2000-06-17,2000,8.1,0,28.6,20.5,24.53,31.56,0.7772496831432193,0.7845,0.4335,1.4777,1.4756
2000-06-18,2000,9.7,0,26.4,16.7,12.94,30.19,0.42861874792977805,3.6269,1.7751,3.9366,3.8431
2000-06-19,2000,11.4,0,27.9,16.5,31.08,32.32,0.9616336633663366,1.6225,-0.5309,0.4917,0.3558
2000-06-20,2000,10.2,0,29.6,19.4,21.08,31.07,0.6784679755391052,0.9639,-0.1119,1.1265,1.1196
2000-06-21,2000,9.2,0,29.2,20.0,24.16,31.22,0.7738629083920564,0.7502,-0.2255,0.6463,0.6227
2000-06-22,2000,7.7,0,28.0,20.3,17.18,31.1,0.5524115755627009,1.2521,0.0911,0.4981,0.4014
2000-06-23,2000,10.1,0,27.1,17.0,13.44,31.05,0.4328502415458937,1.6937,0.309,2.1927,2.0282
2000-06-24,2000,11.8,0,29.1,17.3,28.84,31.92,0.9035087719298245,1.3566,-0.6236,0.7281,0.1915
2000-06-25,2000,10.0,0,29.5,19.5,23.5,31.21,0.7529637936558795,0.9504,-0.4833,0.7054,0.5353
2000-06-26,2000,12.9,0,33.4,20.5,26.95,31.1,0.8665594855305465,1.4924,-0.249,1.7612,1.687
2000-06-27,2000,12.3,0,34.4,22.1,27.9,30.26,0.9220092531394579,0.947,-0.4788,0.5693,0.5687
2000-06-28,2000,13.4,0,35.8,22.4,29.59,31.04,0.9532860824742269,0.8849,-0.1913,0.99,0.9632
2000-06-29,2000,9.6,0,34.0,24.4,12.39,30.01,0.41286237920693103,4.2873,3.3621,5.6589,5.6585
2000-06-30,2000,9.9,0,27.4,17.5,14.21,30.5,0.4659016393442623,2.6984,0.5296,1.2768,0.7937
2000-07-01,2000,10.3,0,29.8,19.5,24.4,29.61,0.8240459304289092,0.7615,0.0617,1.0452,0.9736
2000-07-02,2000,10.3,0,30.3,20.0,25.56,30.09,0.8494516450648055,3.9434,2.1587,1.8886,1.4739
2000-07-03,2000,11.3,0,26.4,15.1,17.88,29.91,0.5977933801404213,3.2883,2.3417,4.4688,4.3733
2000-07-04,2000,9.1,0,23.7,14.6,25.98,30.29,0.8577088147903599,1.0644,-0.3257,0.3494,0.2356
2000-07-05,2000,10.8,0,27.1,16.3,28.04,30.46,0.9205515430072225,1.0189,-0.4167,0.5641,0.349
2000-07-06,2000,12.9,0,30.8,17.9,30.28,30.7,0.9863192182410424,0.6332,-0.2467,0.1347,0.0919
2000-07-07,2000,14.1,0,33.4,19.3,27.85,30.23,0.9212702613298048,1.1325,-0.5877,0.3191,0.0805
2000-07-08,2000,10.6,0,34.4,23.8,23.25,29.86,0.7786336235766912,0.6153,0.1803,0.5669,0.4589
2000-07-09,2000,12.0,0,36.0,24.0,31.18,30.71,1.0153044610875936,0.5817,-0.2821,0.379,0.1372
2000-07-10,2000,14.7,0,38.8,24.1,31.14,30.7,1.0143322475570034,0.8915,-0.0563,0.3537,0.2987
2000-07-11,2000,11.7,0,37.3,25.6,27.03,28.12,0.9612375533428165,1.564,0.8205,2.7863,2.7515
2000-07-12,2000,10.5,0,33.7,23.2,26.29,27.71,0.9487549621075424,1.927,-0.2402,1.7706,1.7624
2000-07-13,2000,9.4,0,30.5,21.1,18.74,29.58,0.6335361730899256,2.0118,1.3317,3.4673,3.3681
2000-07-14,2000,11.6,0,32.1,20.5,22.81,26.9,0.8479553903345725,0.8655,-0.3071,0.4912,0.3045
2000-07-15,2000,10.2,0,31.2,21.0,9.21,29.36,0.3136920980926431,5.7553,3.4179,8.6594,8.6255
2000-07-16,2000,9.7,0,28.2,18.5,25.8,29.17,0.8844703462461433,1.4032,-0.0401,0.8228,0.8003
2000-07-17,2000,6.1,0,26.7,20.6,8.25,29.26,0.2819548872180451,2.9665,2.1365,4.2962,4.2851
2000-07-18,2000,6.6,0,22.4,15.8,18.14,29.2,0.6212328767123289,1.6606,0.396,1.2696,0.8586
2000-07-19,2000,9.3,0,26.9,17.6,23.74,28.67,0.8280432507847924,1.0241,0.0095,0.7795,0.4677
2000-07-20,2000,9.4,0,29.8,20.4,28.5,28.92,0.9854771784232365,1.1372,-0.245,0.3012,0.1113
2000-07-21,2000,9.6,0,31.5,21.9,22.06,29.05,0.759380378657487,0.9939,-0.3859,0.6002,0.5495
2000-07-22,2000,8.4,0,30.4,22.0,15.75,28.8,0.546875,1.8465,0.9505,3.0149,2.9607
2000-07-23,2000,6.8,0,26.0,19.2,14.86,28.7,0.5177700348432056,1.6949,0.0266,1.9251,1.7933
2000-07-24,2000,8.9,0,28.0,19.1,18.39,28.64,0.6421089385474861,1.157,-0.2772,1.1454,0.9817
2000-07-25,2000,3.4,0,25.7,22.3,8.46,28.64,0.295391061452514,1.5261,1.0396,2.2817,2.2705
2000-07-26,2000,11.5,0,27.9,16.4,24.62,28.03,0.8783446307527649,1.1484,-0.6369,0.3443,0.3404
2000-07-27,2000,8.7,0,27.5,18.8,24.56,28.64,0.8575418994413407,0.4515,-0.0742,0.539,0.5371
2000-07-28,2000,13.3,0,30.1,16.8,28.41,27.97,1.0157311405076868,1.1446,-0.8252,0.4127,-0.1106
2000-07-29,2000,11.1,0,30.9,19.8,18.82,28.82,0.6530187369882027,1.2138,-0.1756,1.1577,0.4044
2000-07-30,2000,10.2,0,31.1,20.9,14.72,28.55,0.5155866900175131,2.3643,0.1251,1.8088,1.5003
2000-07-31,2000,7.0,0,30.9,23.9,22.48,27.67,0.8124322370798699,1.0072,0.3949,0.5839,0.571
2000-08-01,2000,9.1,0,31.6,22.5,17.99,28.15,0.639076376554174,1.9564,0.8337,2.2066,2.2049
2000-08-02,2000,9.2,0,28.7,19.5,19.36,28.12,0.6884779516358464,1.3875,0.6308,1.5838,1.4469
2000-08-03,2000,10.8,0,29.8,19.0,21.09,27.52,0.7663517441860466,1.0196,0.4009,1.6595,1.6063
2000-08-04,2000,10.7,0,26.8,16.1,6.27,27.69,0.2264355362946912,5.2056,3.1458,7.4609,7.3587
2000-08-05,2000,9.8,0,27.7,17.9,24.44,27.44,0.89067055393586,0.6644,-0.3767,0.6169,-0.1947
2000-08-06,2000,12.6,0,31.2,18.6,28.04,27.58,1.016678752719362,0.769,-0.3772,0.5991,-0.2542
2000-08-07,2000,13.8,0,34.8,21.0,28.05,27.46,1.0214857975236709,0.4679,0.1489,0.5417,0.5241
2000-08-08,2000,13.5,0,35.8,22.3,25.43,27.01,0.941503146982599,0.7591,-0.3086,0.3543,0.1864
2000-08-09,2000,11.0,0,34.6,23.6,22.76,27.01,0.8426508700481303,1.2274,0.0118,1.2459,1.2238
2000-08-10,2000,11.1,0,31.7,20.6,18.08,26.73,0.6763935652824541,5.239,4.3612,6.8743,6.8641
2000-08-11,2000,9.3,0,23.2,13.9,9.69,26.57,0.36469702672186677,2.4357,0.8362,0.3668,0.1637
2000-08-12,2000,7.5,0,23.3,15.8,22.02,26.23,0.8394967594357605,0.5725,0.0484,0.3016,0.1145
2000-08-13,2000,13.0,0,28.5,15.5,26.46,26.01,1.0173010380622838,0.8474,-0.5654,0.19,0.19
2000-08-14,2000,13.1,0,31.0,17.9,24.9,25.49,0.9768536681051393,1.74,-0.8837,0.5707,0.4787
2000-08-15,2000,7.7,0,29.7,22.0,21.32,24.79,0.8600242033077854,0.9453,0.2734,0.8934,0.8934
2000-08-16,2000,10.6,0,30.0,19.4,20.31,25.38,0.8002364066193853,0.9471,-0.2618,0.6709,0.6667
2000-08-17,2000,11.7,0,30.8,19.1,19.41,24.67,0.7867855695176327,0.9126,-0.3411,0.6047,0.5957
2000-08-18,2000,10.0,0,28.6,18.6,13.79,25.71,0.5363671723064954,5.3507,2.9277,7.3693,7.1934
2000-08-19,2000,7.1,0,22.3,15.2,11.59,25.67,0.45149980522010125,1.2613,-0.5515,0.7877,0.1159
2000-08-20,2000,10.8,0,26.4,15.6,23.66,24.87,0.9513470044229996,0.7582,-0.2076,0.3525,0.2844
2000-08-21,2000,13.4,0,30.2,16.8,22.36,24.87,0.8990751909931644,1.3297,-0.4662,1.4288,1.1675
2000-08-22,2000,10.6,0,29.0,18.4,19.54,24.38,0.8014766201804758,0.6507,-0.0681,0.4006,0.386
2000-08-23,2000,14.1,0,33.0,18.9,23.68,24.63,0.9614291514413318,1.132,0.3188,1.1344,1.0093
2000-08-24,2000,15.9,1.0999999999999996,29.7,13.8,6.18,24.87,0.2484921592279855,8.1694,5.1566,13.099,12.937
2000-08-25,2000,10.3,0,23.8,13.5,24.52,24.87,0.9859268194611982,0.8766,-0.4834,0.138,0.088
2000-08-26,2000,12.2,0,27.0,14.8,24.44,24.28,1.0065897858319606,0.868,-0.1834,0.2789,0.209
2000-08-27,2000,13.3,0,29.2,15.9,24.37,24.15,1.0091097308488615,0.7143,-0.4694,0.2792,0.1801
2000-08-28,2000,13.8,0,31.7,17.9,18.65,23.82,0.7829554995801846,1.0039,-0.0913,1.0942,1.0892
2000-08-29,2000,13.7,0,33.2,19.5,21.17,22.39,0.9455113890129523,1.4003,0.4645,2.3646,2.3376
2000-08-30,2000,9.7,0,29.5,19.8,19.49,23.4,0.832905982905983,3.0232,2.2181,4.5551,4.5481
2000-08-31,2000,9.8,0,23.6,13.8,15.71,22.87,0.6869261040664626,2.715,1.8498,3.9897,3.9852
2000-09-01,2000,11.6,0,18.2,6.6,11.14,22.75,0.4896703296703297,4.6872,1.9281,4.8477,4.7557
2000-09-02,2000,12.4,0,18.6,6.2,24.4,24.48,0.9967320261437908,1.8495,-0.7426,0.5329,0.4928
2000-09-03,2000,10.3,0,19.6,9.3,23.58,24.02,0.9816819317235637,0.7945,-0.4701,0.0244,-0.0188
2000-09-04,2000,15.5,0.6999999999999993,24.7,9.2,24.52,24.6,0.9967479674796748,3.0706,-1.3202,0.6961,0.1079
2000-09-05,2000,6.0,0,25.9,19.9,20.22,23.57,0.8578701739499363,0.8632,0.4078,1.3532,1.173
2000-09-06,2000,9.3,0,29.4,20.1,22.96,23.26,0.9871023215821152,2.4009,0.9833,2.1658,2.1658
2000-09-07,2000,10.6,0,26.0,15.4,19.44,22.39,0.8682447521214829,1.3635,-0.2458,1.4862,1.2308
2000-09-08,2000,8.6,0,24.2,15.6,13.73,22.3,0.615695067264574,1.499,-0.294,2.3983,2.3983
2000-09-09,2000,7.9,0,23.4,15.5,16.42,21.98,0.7470427661510465,0.5175,-0.302,0.1782,0.1653
2000-09-10,2000,10.9,0,26.0,15.1,20.94,21.88,0.957038391224863,0.7924,-0.1047,0.5504,0.4352
2000-09-11,2000,12.3,0,27.6,15.3,14.84,22.05,0.673015873015873,0.6365,-0.2908,0.5259,0.2211
2000-09-12,2000,12.5,0,29.8,17.3,21.01,21.89,0.9597989949748744,1.3848,0.1246,1.2127,1.1965
2000-09-13,2000,14.3,0,31.7,17.4,21.75,21.56,1.0088126159554731,0.9452,-0.107,1.2352,1.1982
2000-09-14,2000,14.2,0,33.1,18.9,21.65,21.32,1.0154784240150092,1.0268,0.1487,1.2533,1.2448
2000-09-15,2000,10.1,0,29.4,19.3,17.19,21.03,0.8174037089871612,1.4605,0.4135,2.1279,2.1058
2000-09-16,2000,6.6,0,25.5,18.9,15.24,20.34,0.7492625368731564,1.3315,0.1988,1.0988,1.0757
2000-09-17,2000,11.1,0,27.1,16.0,20.28,20.84,0.9731285988483686,1.1476,-0.2516,0.619,0.6092
2000-09-18,2000,8.3,0,25.0,16.7,16.74,20.26,0.8262586377097728,1.0631,0.2131,0.9358,0.9271
2000-09-19,2000,10.8,0,27.0,16.2,19.92,20.08,0.9920318725099603,3.1304,-1.847,0.5886,0.5154
2000-09-20,2000,15.3,0.5,26.2,10.9,11.07,19.11,0.5792778649921507,8.1941,3.4921,13.1509,13.134
2000-09-21,2000,8.5,0,18.0,9.5,17.72,19.17,0.9243609806990087,0.6192,-0.1682,0.301,0.2878
2000-09-22,2000,10.0,0,19.5,9.5,19.6,19.76,0.9919028340080972,1.502,-0.8785,0.4245,0.3459
2000-09-23,2000,9.6,0,21.9,12.3,18.38,19.33,0.9508535954474909,1.0182,-0.5658,0.5581,0.5151
2000-09-24,2000,14.2,0,26.6,12.4,14.11,19.06,0.7402938090241343,1.5849,-0.5784,1.2528,1.2429
2000-09-25,2000,12.7,0,27.1,14.4,18.84,19.08,0.9874213836477989,1.8087,-0.8263,0.3607,0.3563
2000-09-26,2000,16.5,1.6999999999999993,24.3,7.8,10.71,18.78,0.5702875399361023,8.1154,3.0098,13.3897,13.3893
2000-09-27,2000,5.6,0,8.4,2.8,11.98,18.33,0.6535733769776324,0.9872,0.0593,0.501,-0.171
2000-09-28,2000,8.3,0,11.7,3.4,18.74,18.91,0.9910100475938656,0.7741,-0.4212,0.3599,-0.1341
2000-09-29,2000,11.7,0,16.7,5.0,18.17,18.52,0.9811015118790498,1.4157,-0.3353,0.4726,0.0282
2000-09-30,2000,7.7,0,14.9,7.2,10.6,17.73,0.5978567399887197,1.9479,0.419,2.9009,2.9009
2001-05-01,2001,7.7,0,18.7,11.0,15.22,26.55,0.5732580037664784,0.9596,0.1063,1.0861,0.9178
2001-05-02,2001,7.5,0,19.7,12.2,24.86,28.41,0.8750439985920451,0.6431,-0.0788,0.1827,0.182
2001-05-03,2001,13.9,0,25.2,11.3,23.68,26.76,0.8849028400597907,0.6351,0.3947,0.9434,0.8356
2001-05-04,2001,9.8,0,22.2,12.4,16.15,24.4,0.6618852459016393,3.8038,3.0602,5.5159,5.4927
2001-05-05,2001,8.4,0,19.3,10.9,19.6,27.97,0.7007508044333215,0.9088,0.0458,0.5666,0.4313
2001-05-06,2001,11.0,0,22.8,11.8,26.98,28.71,0.9397422500870777,0.9494,-0.6648,0.3543,0.2232
2001-05-07,2001,14.2,0,27.6,13.4,27.98,28.93,0.9671621154510889,2.2064,-0.9558,0.84,0.8296
2001-05-08,2001,9.0,0,29.7,20.7,28.41,29.25,0.9712820512820513,1.5911,1.0518,1.2004,1.2004
2001-05-09,2001,14.0,0,30.0,16.0,28.26,28.89,0.9781931464174455,0.9829,-0.495,0.6066,0.5983
2001-05-10,2001,12.4,0,29.7,17.3,22.79,26.27,0.8675295013323182,1.5165,-0.6325,0.3524,0.2485
2001-05-11,2001,14.5,0,31.8,17.3,26.28,27.77,0.9463449765934462,3.7675,1.6701,5.2366,4.1245
2001-05-12,2001,8.9,0,22.7,13.8,19.16,28.35,0.6758377425044091,2.5082,1.406,4.1948,4.1147
2001-05-13,2001,10.4,0,20.9,10.5,27.14,30.14,0.900464499004645,1.0168,0.0528,0.5259,0.4768
2001-05-14,2001,15.6,0.7999999999999989,25.8,10.2,29.68,30.78,0.9642625081221572,3.1954,-1.1372,1.1342,0.869
2001-05-15,2001,7.9,0,28.2,20.3,26.4,30.05,0.8785357737104824,1.3214,1.0495,1.341,1.3303
2001-05-16,2001,9.0,0,26.3,17.3,17.58,27.74,0.6337418889689979,1.3766,0.6891,1.4968,1.4171
2001-05-17,2001,12.1,0,29.1,17.0,27.73,29.6,0.9368243243243243,2.1961,-1.019,0.7817,0.4864
2001-05-18,2001,9.6,0,33.2,23.6,27.87,29.51,0.944425618434429,1.6571,1.1055,1.1914,1.1861
2001-05-19,2001,12.7,0,31.1,18.4,21.57,28.51,0.7565766397755174,4.5621,2.7564,6.7751,6.6571
2001-05-20,2001,11.5,0,21.8,10.3,11.0,27.84,0.39511494252873564,5.1643,2.9845,6.3104,6.28
2001-05-21,2001,9.5,0,21.2,11.7,18.45,29.96,0.6158210947930574,1.5494,0.7108,2.0249,1.9487
2001-05-22,2001,10.0,0,17.8,7.8,29.05,30.53,0.9515230920406158,1.811,1.45,2.6919,2.6721
2001-05-23,2001,13.4,0,20.8,7.4,31.25,31.63,0.9879860891558647,1.9078,-1.1741,0.6791,0.2787
2001-05-24,2001,12.3,0,23.1,10.8,31.64,31.92,0.9912280701754386,0.9222,-0.4728,0.6107,0.095
2001-05-25,2001,14.9,0.09999999999999964,26.2,11.3,30.74,31.65,0.9712480252764613,2.1569,-1.4187,0.4106,0.0992
2001-05-26,2001,13.2,0,28.8,15.6,29.37,31.46,0.9335664335664335,2.0941,-0.6795,1.3502,1.3493
2001-05-27,2001,10.8,0,28.5,17.7,19.12,29.94,0.6386105544422178,0.8115,0.1392,1.0982,1.0982
2001-05-28,2001,14.2,0,30.1,15.9,29.88,30.57,0.9774288518155053,1.0283,-0.2334,1.0497,0.949
2001-05-29,2001,14.2,0,31.8,17.6,30.07,31.5,0.9546031746031746,0.654,-0.2387,0.4276,0.2522
2001-05-30,2001,13.5,0,33.5,20.0,24.91,30.92,0.805627425614489,3.7306,0.5786,5.173,5.0946
2001-05-31,2001,12.8,0,32.2,19.4,20.92,29.02,0.720882150241213,1.4071,-0.4425,1.0047,0.9867
2001-06-01,2001,13.1,0,33.6,20.5,26.68,29.9,0.8923076923076924,0.8136,-0.3178,0.747,0.6727
2001-06-02,2001,13.8,0,34.5,20.7,23.6,30.09,0.7843137254901962,1.3713,0.327,1.7637,1.3869
2001-06-03,2001,21.1,6.300000000000001,31.3,10.2,9.95,28.8,0.3454861111111111,11.2516,5.9218,15.2278,14.9377
2001-06-04,2001,11.7,0,23.3,11.6,30.51,31.33,0.9738270028726461,2.3544,0.2036,4.2841,3.3579
2001-06-05,2001,13.1,0,27.4,14.3,30.64,31.15,0.9836276083467095,0.8236,-0.2099,0.4522,0.1838
2001-06-06,2001,12.7,0,29.5,16.8,22.26,30.21,0.736842105263158,1.2803,0.2976,1.2116,1.2083
2001-06-07,2001,13.4,0,29.5,16.1,25.69,27.99,0.9178277956413006,1.8099,-0.7067,0.643,0.3728
2001-06-08,2001,18.2,3.3999999999999986,28.6,10.4,6.61,26.8,0.24664179104477613,9.9116,6.7001,14.2032,14.1658
2001-06-09,2001,13.2,0,23.0,9.8,30.28,31.64,0.9570164348925411,1.8714,-0.9041,0.9144,-0.1112
2001-06-10,2001,12.8,0,26.6,13.8,22.58,29.48,0.7659430122116688,2.624,-1.3356,1.5133,0.6127
2001-06-11,2001,15.6,0.7999999999999989,34.1,18.5,26.97,28.5,0.9463157894736842,1.9199,-0.9258,0.7039,0.6653
2001-06-12,2001,18.5,3.6999999999999993,32.3,13.8,16.02,27.44,0.5838192419825072,8.7347,2.8748,13.8095,13.6134
2001-06-13,2001,11.5,0,24.8,13.3,28.63,29.38,0.9744724302246426,1.6239,-0.9355,0.7132,0.0887
2001-06-14,2001,11.0,0,28.3,17.3,20.17,30.33,0.665018133860864,2.039,1.6036,1.2584,1.167
2001-06-15,2001,10.5,0,26.2,15.7,25.79,30.72,0.8395182291666666,1.0708,-0.4201,0.7076,0.5452
2001-06-16,2001,12.4,0,29.4,17.0,30.94,32.02,0.9662710805746408,1.2826,-0.5078,0.9971,0.5967
2001-06-17,2001,12.7,0,31.2,18.5,25.62,31.33,0.8177465687839133,1.269,-0.7365,0.2839,0.2329
2001-06-18,2001,12.4,0,33.1,20.7,30.66,31.84,0.9629396984924623,0.8394,-0.3308,0.6329,0.4503
2001-06-19,2001,13.8,0,36.0,22.2,30.27,32.1,0.9429906542056075,0.9557,0.0183,0.8615,0.8289
2001-06-20,2001,16.9,2.099999999999998,39.1,22.2,29.94,31.92,0.9379699248120301,1.8322,-0.4141,0.8442,0.5692
2001-06-21,2001,14.0,0,37.9,23.9,26.22,31.54,0.8313253012048193,2.9047,2.0236,4.9338,4.872
2001-06-22,2001,8.3,0,32.1,23.8,25.49,31.24,0.8159411011523687,3.2148,2.1513,4.2157,3.8694
2001-06-23,2001,11.8,0,26.1,14.3,9.18,30.98,0.29632020658489344,6.198,2.3784,8.3263,8.1891
2001-06-24,2001,6.6,0,23.6,17.0,8.67,30.57,0.2836113837095191,0.8014,-0.1558,0.9368,0.709
2001-06-25,2001,5.5,0,22.0,16.5,6.46,30.25,0.21355371900826448,2.2598,0.353,3.5507,3.4664
2001-06-26,2001,14.5,0,30.4,15.9,27.99,31.93,0.8766050735984967,1.6398,-0.3565,1.0632,0.6535
2001-06-27,2001,12.1,0,32.1,20.0,30.75,31.82,0.9663733500942803,1.1826,-0.5567,0.6818,0.6281
2001-06-28,2001,14.8,0,35.8,21.0,25.08,31.06,0.8074694140373471,2.4237,0.9465,3.1028,2.8404
2001-06-29,2001,10.2,0,30.7,20.5,21.69,29.84,0.7268766756032172,2.5846,1.5997,2.5829,2.5272
2001-06-30,2001,10.9,0,29.3,18.4,27.42,30.86,0.8885288399222295,0.7592,-0.1558,0.892,0.892
2001-07-01,2001,13.0,0,33.2,20.2,29.39,30.96,0.9492894056847545,0.9802,-0.5196,0.3582,0.1851
2001-07-02,2001,11.7,0,32.1,20.4,15.96,30.45,0.5241379310344828,5.0198,3.158,8.288,8.202
2001-07-03,2001,12.4,0,30.7,18.3,18.09,29.26,0.6182501708817498,1.7108,0.6214,0.452,0.4168
2001-07-04,2001,13.2,0,29.5,16.3,13.18,27.79,0.4742713206189277,3.195,1.8865,4.3416,4.3263
2001-07-05,2001,13.1,0,24.9,11.8,7.33,27.28,0.2686950146627566,6.6447,3.3798,9.4834,9.1316
2001-07-06,2001,11.9,0,24.5,12.6,31.03,32.03,0.9687792694349048,1.2854,-0.728,0.3511,0.0429
2001-07-07,2001,13.6,0,27.6,14.0,28.08,30.48,0.921259842519685,2.2453,-1.1685,0.7591,0.7562
2001-07-08,2001,12.0,0,31.4,19.4,25.5,30.22,0.8438120450033091,0.7399,0.1283,1.0877,1.0877
2001-07-09,2001,12.3,0,31.3,19.0,23.21,30.33,0.7652489284536763,0.893,0.2548,1.1459,1.1222
2001-07-10,2001,14.1,0,34.1,20.0,27.46,30.3,0.9062706270627062,1.1011,0.6592,0.832,0.8299
2001-07-11,2001,14.4,0,34.6,20.2,29.8,30.37,0.9812314784326638,1.1205,-0.45,0.9898,0.9641
2001-07-12,2001,11.9,0,34.7,22.8,24.72,28.4,0.8704225352112676,4.2565,1.9546,2.3635,2.0913
2001-07-13,2001,12.0,0,30.3,18.3,10.13,26.94,0.37602078693392726,4.2171,2.9382,6.1968,5.9855
2001-07-14,2001,7.3,0,25.2,17.9,14.65,26.88,0.5450148809523809,1.8746,0.4536,1.3063,0.6757
2001-07-15,2001,8.9,0,26.2,17.3,14.66,26.74,0.5482423335826477,1.0941,0.0672,1.2965,0.4931
2001-07-16,2001,11.8,0,29.5,17.7,25.5,28.73,0.8875739644970414,1.4537,0.0901,0.6333,0.3931
2001-07-17,2001,12.9,0,32.8,19.9,28.66,29.78,0.9623908663532572,0.7876,-0.1848,0.5262,0.4854
2001-07-18,2001,11.1,0,31.8,20.7,12.89,28.73,0.44865993734772014,1.3129,-0.4232,1.2474,1.177
2001-07-19,2001,11.8,0,34.0,22.2,27.82,28.64,0.9713687150837989,0.8078,-0.231,0.7817,0.6395
2001-07-20,2001,10.1,0,34.3,24.2,22.81,28.4,0.803169014084507,0.8073,0.1471,1.3364,1.3262
2001-07-21,2001,10.9,0,32.3,21.4,18.62,28.15,0.6614564831261102,4.7074,3.4152,7.0839,7.0832
2001-07-22,2001,11.0,0,29.9,18.9,19.71,28.9,0.6820069204152249,4.3398,1.9469,7.0319,5.8265
2001-07-23,2001,10.8,0,27.7,16.9,26.47,29.32,0.9027967257844475,0.8932,0.0491,0.7151,0.6852
2001-07-24,2001,12.3,0,30.9,18.6,26.75,29.14,0.9179821551132464,1.0124,-0.3388,0.9914,0.9548
2001-07-25,2001,9.3,0,28.7,19.4,13.78,25.54,0.5395458104933437,2.6472,1.5528,2.9162,2.9106
2001-07-26,2001,8.2,0,29.0,20.8,12.36,26.91,0.4593088071348941,1.4312,0.9581,1.6397,1.417
2001-07-27,2001,12.3,0,32.7,20.4,26.59,28.43,0.9352796341892368,0.9409,-0.4032,0.408,0.398
2001-07-28,2001,9.7,0,31.5,21.8,21.67,28.7,0.7550522648083624,1.3094,-0.039,1.8297,1.7839
2001-07-29,2001,11.6,0,29.3,17.7,12.42,27.51,0.45147219193020716,6.1741,4.7714,8.6482,8.6302
2001-07-30,2001,6.2,0,20.0,13.8,7.05,25.5,0.27647058823529413,3.264,2.4555,4.978,4.9673
2001-07-31,2001,1.7,0,14.6,12.9,4.96,19.8,0.2505050505050505,0.7551,-0.1479,0.5162,0.5084
2001-08-01,2001,9.5,0,22.1,12.6,14.86,26.01,0.5713187235678585,1.2536,-0.447,1.0318,0.9856
2001-08-02,2001,11.4,0,25.5,14.1,19.38,27.49,0.7049836304110586,1.4596,-0.7859,0.7874,0.7797
2001-08-03,2001,12.2,0,28.6,16.4,24.92,26.98,0.9236471460340994,1.1187,-0.4344,0.7599,0.2828
2001-08-04,2001,12.5,0,31.0,18.5,19.91,27.07,0.7355005541189509,0.9386,0.2753,1.4139,1.3129
2001-08-05,2001,11.2,0,31.1,19.9,21.54,26.59,0.8100789770590447,1.0479,-0.0759,0.9334,0.881
2001-08-06,2001,12.3,0,33.3,21.0,26.13,27.53,0.949146385760988,0.8144,-0.2987,0.5668,0.4664
2001-08-07,2001,11.5,0,32.0,20.5,16.05,25.74,0.6235431235431236,2.5631,1.8414,3.8867,3.8072
2001-08-08,2001,13.7,0,33.1,19.4,27.59,27.87,0.9899533548618585,1.1753,-0.5392,0.5385,0.1797
2001-08-09,2001,11.3,0,32.2,20.9,13.45,26.12,0.5149310872894334,4.0647,2.6147,6.6319,6.6319
2001-08-10,2001,9.1,0,30.8,21.7,24.93,25.2,0.9892857142857143,0.5651,0.0907,0.4358,0.382
2001-08-11,2001,12.6,0,33.6,21.0,27.06,27.44,0.9861516034985421,1.0063,-0.6167,nan,nan
2001-08-12,2001,15.3,0.5,36.3,21.0,23.8,26.96,0.8827893175074184,2.9082,-0.7079,0.6837,0.5677
2001-08-13,2001,11.0,0,33.8,22.8,23.37,26.06,0.8967766692248658,2.4515,1.7594,3.7122,3.7114
2001-08-14,2001,9.8,0,29.1,19.3,13.82,24.74,0.5586095392077608,2.731,2.235,3.7967,3.7771
2001-08-15,2001,10.5,0,28.2,17.7,25.53,26.24,0.9729420731707318,0.7076,-0.2208,0.6184,0.5818
2001-08-16,2001,10.0,0,28.5,18.5,19.33,26.16,0.7389143730886849,1.1096,0.0547,1.6652,1.657
2001-08-17,2001,10.5,0,27.9,17.4,15.14,24.07,0.6289987536352306,1.9132,0.0474,0.7915,0.4227
2001-08-18,2001,12.5,0,32.0,19.5,21.76,23.83,0.9131347041544273,0.6264,-0.103,0.5975,0.5975
2001-08-19,2001,10.2,0,32.1,21.9,22.85,24.8,0.9213709677419355,0.9428,0.2903,1.4932,1.4812
2001-08-20,2001,14.4,0,29.4,15.0,11.3,23.85,0.47379454926624737,6.6358,4.4219,8.9619,8.9196
2001-08-21,2001,10.8,0,26.0,15.2,25.15,25.89,0.9714175357280803,1.1141,-0.5076,0.3488,0.2344
2001-08-22,2001,11.8,0,28.5,16.7,25.1,25.91,0.9687379390196835,0.6843,-0.2017,0.3877,0.3669
2001-08-23,2001,12.1,0,29.7,17.6,18.16,24.97,0.7272727272727273,1.2978,-0.1332,1.661,1.6421
2001-08-24,2001,9.5,0,29.8,20.3,16.06,23.97,0.6700041718815185,0.9376,0.754,1.2036,1.1499
2001-08-25,2001,10.9,0,31.4,20.5,17.27,22.21,0.7775776677172445,0.9423,0.1078,1.0218,0.9555
2001-08-26,2001,8.2,0,30.6,22.4,21.59,23.46,0.9202898550724637,0.4166,0.1609,0.4418,0.423
2001-08-27,2001,11.3,0,29.1,17.8,16.97,24.04,0.7059068219633943,3.8477,2.77,5.7914,5.7674
2001-08-28,2001,10.2,0,26.6,16.4,15.21,22.91,0.6639022261021388,1.7235,0.4438,1.2725,0.8328
2001-08-29,2001,8.6,0,27.1,18.5,17.93,23.69,0.7568594343604896,1.295,0.9337,1.3815,1.2825
2001-08-30,2001,9.3,0,25.3,16.0,8.3,22.6,0.3672566371681416,4.2655,3.1629,6.6907,6.3307
2001-08-31,2001,11.5,0,25.7,14.2,21.98,23.04,0.9539930555555556,1.4135,-0.2174,1.0844,0.5771
2001-09-01,2001,11.6,0,26.1,14.5,23.91,24.29,0.9843557019349527,0.9394,-0.2742,0.7977,0.7631
2001-09-02,2001,12.5,0,27.8,15.3,22.58,23.87,0.9459572685379136,1.6057,-0.9242,0.4692,0.4441
2001-09-03,2001,11.4,0,28.8,17.4,21.08,22.99,0.9169204001739887,1.0445,-0.3476,0.7627,0.762
2001-09-04,2001,10.4,0,28.3,17.9,19.69,22.97,0.8572050500653027,1.5536,0.4291,0.6972,0.6742
2001-09-05,2001,10.2,0,26.0,15.8,10.6,21.87,0.48468221307727477,2.7407,2.1002,2.6365,2.6313
2001-09-06,2001,13.4,0,28.1,14.7,22.88,23.15,0.9883369330453564,1.0095,-0.3846,0.471,0.4465
2001-09-07,2001,13.3,0,29.8,16.5,20.77,22.86,0.9085739282589677,1.1069,-0.216,1.357,1.0944
2001-09-08,2001,11.9,0,30.3,18.4,21.05,21.93,0.9598723210214318,1.1325,-0.4716,0.4989,0.4865
2001-09-09,2001,8.3,0,28.7,20.4,18.52,21.7,0.8534562211981567,4.4193,1.6106,4.7083,4.6918
2001-09-10,2001,8.1,0,22.5,14.4,8.88,20.63,0.4304411051866215,2.822,1.3832,2.817,2.7005
2001-09-11,2001,9.9,0,20.5,10.6,18.28,21.43,0.8530097993467103,0.7249,-0.4303,0.0713,0.06
2001-09-12,2001,14.0,0,25.2,11.2,20.34,21.36,0.952247191011236,1.066,-0.3245,0.6992,0.6927
2001-09-13,2001,13.4,0,22.2,8.8,8.56,20.41,0.4194022537971583,7.1262,5.2379,10.415,10.3778
2001-09-14,2001,7.2,0,12.8,5.6,14.05,21.07,0.6668248694826768,1.122,-0.6729,0.2495,0.2453
2001-09-15,2001,6.9,0,14.3,7.4,17.99,20.59,0.8737251092763477,0.6428,-0.1603,0.427,0.263
2001-09-16,2001,12.5,0,20.1,7.6,19.76,21.21,0.9316360207449317,0.9943,-0.3594,0.3996,0.117
2001-09-17,2001,10.7,0,19.9,9.2,19.31,20.86,0.9256951102588686,1.1536,-0.7765,0.2117,0.15
2001-09-18,2001,9.8,0,20.5,10.7,17.92,19.96,0.8977955911823647,1.101,-0.7184,0.1675,0.1636
2001-09-19,2001,8.3,0,19.5,11.2,18.95,20.47,0.9257449926722032,0.8065,-0.1619,0.6038,0.5771
2001-09-20,2001,9.7,0,17.5,7.8,14.08,20.12,0.6998011928429423,3.8972,1.4843,6.4603,6.3055
2001-09-21,2001,4.2,0,10.7,6.5,11.46,18.89,0.6066701958708312,0.54,-0.0242,0.5004,0.4024
2001-09-22,2001,11.1,0,16.6,5.5,19.41,19.88,0.9763581488933603,1.1511,-0.4283,0.3298,0.32
2001-09-23,2001,10.5,0,17.9,7.4,20.15,20.58,0.9791059280855199,0.9737,-0.2005,0.5403,0.5032
2001-09-24,2001,9.1,0,17.5,8.4,17.09,19.25,0.8877922077922078,0.8338,-0.2059,0.6182,0.6085
2001-09-25,2001,12.8,0,20.5,7.7,19.04,19.24,0.9896049896049897,0.7281,-0.3893,0.366,0.3169
2001-09-26,2001,8.9,0,18.2,9.3,16.89,18.07,0.9346983951300498,1.2852,-0.3619,0.6315,0.5985
2001-09-27,2001,7.5,0,18.9,11.4,15.87,17.73,0.8950930626057529,0.8085,0.359,0.3688,0.3633
2001-09-28,2001,13.4,0,22.6,9.2,18.66,19.15,0.9744125326370758,0.6934,-0.1568,0.7032,-0.0965
2001-09-29,2001,9.0,0,23.1,14.1,17.86,18.39,0.9711799891245242,3.0656,-0.3753,2.5078,2.2999
2001-09-30,2001,6.8,0,18.1,11.3,4.69,17.42,0.2692307692307692,3.004,1.1966,3.5512,3.548
2002-05-01,2002,8.5,0,14.5,6.0,19.26,28.36,0.6791255289139634,0.6554,0.0083,0.8478,0.6176
2002-05-02,2002,11.7,0,18.1,6.4,20.68,27.82,0.7433501078360891,1.1175,0.3831,1.1721,1.1699
2002-05-03,2002,11.1,0,15.5,4.4,21.27,27.94,0.7612741589119542,2.302,0.9357,2.8928,2.8097
2002-05-04,2002,8.1,0,14.6,6.5,24.67,27.86,0.8854989231873654,0.708,-0.2459,0.5079,0.4981
2002-05-05,2002,10.1,0,16.5,6.4,26.5,28.37,0.9340853013746916,1.1818,-0.1725,0.2444,-0.1736
2002-05-06,2002,10.3,0,18.8,8.5,20.57,27.91,0.7370118237190971,1.4828,-0.9054,0.5209,0.4663
2002-05-07,2002,5.8,0,17.6,11.8,24.26,27.58,0.8796229151559102,0.7254,0.1408,0.6036,0.5945
2002-05-08,2002,11.4,0,20.7,9.3,26.14,28.39,0.9207467418104966,1.2402,-0.7344,0.7352,0.3538
2002-05-09,2002,12.9,0,24.5,11.6,27.51,28.74,0.9572025052192068,1.7896,-0.7147,0.8487,0.7652
2002-05-10,2002,9.0,0,22.0,13.0,8.68,26.8,0.32388059701492533,3.4417,2.4964,4.6015,4.5545
2002-05-11,2002,8.1,0,18.7,10.6,22.42,28.4,0.7894366197183099,0.557,-0.0954,0.3112,0.311
2002-05-12,2002,13.6,0,24.4,10.8,27.64,29.55,0.9353637901861253,1.1126,-0.4964,0.4698,-0.218
2002-05-13,2002,11.1,0,28.7,17.6,26.52,28.38,0.9344608879492601,2.0229,-0.2027,2.3972,2.1849
2002-05-14,2002,8.2,0,25.7,17.5,26.61,27.87,0.9547900968783638,1.1247,0.0287,0.0776,-0.0776
2002-05-15,2002,12.6,0,25.3,12.7,10.64,26.72,0.3982035928143713,7.4529,4.8714,11.3755,11.351
2002-05-16,2002,6.4,0,16.9,10.5,10.86,24.32,0.4465460526315789,1.4835,0.6904,1.1565,0.971
2002-05-17,2002,12.2,0,21.2,9.0,22.38,29.21,0.766175967134543,4.5562,2.2323,5.9775,5.1805
2002-05-18,2002,5.9,0,11.5,5.6,13.89,29.69,0.46783428763893564,1.1017,0.3552,1.0002,0.8034
2002-05-19,2002,11.0,0,17.0,6.0,30.26,31.06,0.9742433998712171,2.0157,-1.0929,0.7991,0.1065
2002-05-20,2002,14.2,0,22.8,8.6,29.82,30.8,0.9681818181818181,2.3886,-1.1251,1.0763,-0.3273
2002-05-21,2002,11.0,0,26.1,15.1,29.14,30.27,0.9626693095474067,2.8628,-1.9033,0.6627,0.6617
2002-05-22,2002,8.5,0,25.5,17.0,24.72,27.75,0.8908108108108108,1.7357,-0.0994,1.1215,1.0088
2002-05-23,2002,11.8,0,28.4,16.6,26.23,28.06,0.9347826086956522,1.1366,-0.5635,0.6828,0.6708
2002-05-24,2002,13.9,0,30.5,16.6,27.71,29.55,0.9377326565143824,1.1729,-0.5948,0.512,0.5032
2002-05-25,2002,10.4,0,28.5,18.1,20.77,29.46,0.7050237610319077,2.5337,1.7376,4.1115,4.1062
2002-05-26,2002,7.2,0,23.2,16.0,15.56,28.82,0.5399028452463567,0.8337,-0.2036,1.0526,1.0406
2002-05-27,2002,13.0,0,28.6,15.6,28.5,29.83,0.9554140127388535,1.4086,-0.8012,0.8347,-0.2862
2002-05-28,2002,10.3,0,28.5,18.2,28.11,29.11,0.9656475437993817,1.3804,0.7524,2.0046,1.919
2002-05-29,2002,10.6,0,28.4,17.8,26.87,28.47,0.9438004917456972,1.7834,-0.3238,0.9774,0.2545
2002-05-30,2002,10.0,0,29.6,19.6,24.44,28.68,0.8521617852161786,0.8892,-0.3311,0.36,0.0404
2002-05-31,2002,8.1,0,28.7,20.6,16.23,25.98,0.6247113163972287,0.7313,0.0084,0.9836,0.8986
2002-06-01,2002,9.5,0,28.8,19.3,20.23,25.76,0.7853260869565217,1.484,0.8921,0.4951,0.3226
2002-06-02,2002,12.5,0,29.9,17.4,25.89,28.9,0.895847750865052,1.4116,-0.2505,0.7962,0.1087
2002-06-03,2002,11.7,0,30.9,19.2,24.75,30.1,0.8222591362126246,1.1516,0.3279,2.8136,2.8136
2002-06-04,2002,9.4,0,27.1,17.7,19.49,29.6,0.6584459459459459,4.3376,2.5938,6.0537,5.0841
2002-06-05,2002,10.6,0,25.6,15.0,26.09,30.11,0.866489538359349,0.8009,-0.1926,0.5897,0.5205
2002-06-06,2002,9.9,0,24.4,14.5,19.82,26.42,0.7501892505677517,2.3573,0.6195,1.9718,1.9108
2002-06-07,2002,7.3,0,22.1,14.8,7.51,25.98,0.2890685142417244,3.1046,2.0609,5.0533,5.0038
2002-06-08,2002,8.7,0,23.5,14.8,22.1,30.52,0.7241153342070774,0.536,0.1967,0.5427,0.4295
2002-06-09,2002,11.6,0,26.7,15.1,28.3,30.69,0.9221244705115673,1.201,-0.493,0.5853,0.125
2002-06-10,2002,11.4,0,29.8,18.4,25.09,30.56,0.8210078534031414,2.766,0.0925,3.4104,3.3879
2002-06-11,2002,9.7,0,26.6,16.9,25.06,29.76,0.8420698924731181,0.7852,-0.1586,0.6344,0.631
2002-06-12,2002,11.3,0,27.6,16.3,29.11,30.16,0.9651856763925729,1.7515,-0.4176,0.8258,0.3474
2002-06-13,2002,7.4,0,26.7,19.3,20.08,29.78,0.6742780389523169,1.742,0.9738,2.9783,2.9566
2002-06-14,2002,13.6,0,30.7,17.1,27.12,28.99,0.9354949982752674,1.9162,-0.4425,0.5908,0.5793
2002-06-15,2002,10.7,0,29.1,18.4,24.46,28.79,0.8496005557485239,2.582,1.6801,3.2548,3.2347
2002-06-16,2002,11.2,0,25.5,14.3,13.53,27.63,0.48968512486427795,4.4232,3.024,7.6644,7.6599
2002-06-17,2002,10.6,0,26.0,15.4,21.12,28.21,0.7486706841545552,2.8725,2.0221,0.8445,0.8432
2002-06-18,2002,12.3,0,24.0,11.7,8.68,29.11,0.29817931982136725,5.3983,4.3062,8.7788,8.7555
2002-06-19,2002,9.6,0,23.7,14.1,27.38,31.17,0.8784087263394289,0.7519,-0.0793,0.6013,0.2484
2002-06-20,2002,9.6,0,25.5,15.9,20.74,30.91,0.670980265286315,1.276,0.072,1.553,1.4996
2002-06-21,2002,11.3,0,26.1,14.8,22.9,30.22,0.757776307081403,1.2879,-0.1532,0.995,0.995
2002-06-22,2002,14.6,0,31.1,16.5,30.96,31.47,0.9837940896091516,1.284,-0.7238,0.5118,0.2426
2002-06-23,2002,13.0,0,33.1,20.1,29.0,30.66,0.9458577951728636,1.3067,-0.4908,0.3671,0.3271
2002-06-24,2002,11.2,0,31.8,20.6,19.55,29.06,0.6727460426703373,5.7357,4.2246,7.8127,7.3213
2002-06-25,2002,9.8,0,26.4,16.6,25.43,29.69,0.856517345907713,1.3893,-0.6872,0.569,0.1445
2002-06-26,2002,10.0,0,28.4,18.4,23.88,30.13,0.7925655492864255,0.7451,-0.3083,0.4574,0.4353
2002-06-27,2002,11.8,0,29.8,18.0,22.25,29.8,0.7466442953020134,1.063,-0.0331,0.6679,0.2935
2002-06-28,2002,11.3,0,30.1,18.8,29.97,30.34,0.9878048780487805,1.374,-0.1413,0.3248,-0.03
2002-06-29,2002,12.1,0,32.0,19.9,29.35,31.02,0.9461637653127015,0.6793,0.0014,0.493,0.4798
2002-06-30,2002,10.9,0,30.7,19.8,12.59,28.25,0.4456637168141593,3.6597,2.7567,4.8195,4.692
2002-07-01,2002,10.0,0,31.2,21.2,19.69,29.17,0.6750085704490916,2.1263,0.9695,3.6235,3.0885
2002-07-02,2002,10.6,0,29.8,19.2,25.11,30.13,0.833388649186857,4.1879,2.419,5.3272,3.9583
2002-07-03,2002,7.3,0,23.9,16.6,14.72,28.95,0.5084628670120899,0.7783,0.0245,0.7633,0.7272
2002-07-04,2002,9.4,0,25.6,16.2,25.14,29.75,0.8450420168067228,1.3299,-0.4849,0.6327,0.4702
2002-07-05,2002,8.8,0,27.1,18.3,22.85,30.23,0.7558716506781343,0.8999,-0.0452,0.9474,0.9009
2002-07-06,2002,8.9,0,26.0,17.1,20.15,29.98,0.6721147431621081,1.9701,0.4192,0.6481,0.646
2002-07-07,2002,8.0,0,26.6,18.6,13.77,29.59,0.4653599188915174,1.6372,0.5553,0.9417,0.8919
2002-07-08,2002,10.9,0,28.2,17.3,25.73,30.16,0.8531167108753316,1.2755,-0.0211,0.7013,0.6938
2002-07-09,2002,10.1,0,27.0,16.9,28.48,30.04,0.9480692410119841,1.5897,0.307,1.3988,1.2345
2002-07-10,2002,11.3,0,29.2,17.9,27.87,29.89,0.9324188691870191,1.0433,-0.3469,0.7018,0.523
2002-07-11,2002,10.8,0,28.2,17.4,8.96,29.12,0.3076923076923077,6.1757,4.0987,9.5482,9.5481
2002-07-12,2002,11.2,0,26.2,15.0,21.74,29.34,0.7409679618268575,1.8739,-1.1908,0.2271,0.0772
2002-07-13,2002,11.0,0,30.1,19.1,28.35,30.24,0.9375000000000001,1.1284,-0.4442,0.5592,0.3867
2002-07-14,2002,11.4,0,32.1,20.7,28.97,30.06,0.9637391882900865,1.1823,-0.4297,0.6748,0.0156
2002-07-15,2002,8.7,0,31.7,23.0,13.37,28.11,0.4756314478833155,2.6823,2.0392,3.8945,3.7534
2002-07-16,2002,10.7,0,33.1,22.4,24.05,29.1,0.8264604810996563,0.9385,0.4201,0.6297,0.4497
2002-07-17,2002,11.7,0,35.1,23.4,28.55,29.93,0.9538924156364852,1.314,-0.631,0.6325,0.3973
2002-07-18,2002,11.1,0,34.3,23.2,26.36,29.4,0.8965986394557823,1.184,-0.5107,0.8577,0.477
2002-07-19,2002,12.0,0,36.3,24.3,28.74,29.33,0.9798840777361064,0.7029,-0.0777,0.5706,0.4792
2002-07-20,2002,13.4,0,37.4,24.0,21.05,28.34,0.7427664079040226,2.0888,0.1868,3.1018,2.7052
2002-07-21,2002,6.8,0,33.7,26.9,16.42,24.67,0.665585731657884,1.9645,1.5781,1.2326,1.1464
2002-07-22,2002,8.7,0,31.7,23.0,23.3,28.43,0.8195568061906437,3.8782,3.1885,4.7533,4.7464
2002-07-23,2002,11.6,0,26.1,14.5,8.51,27.5,0.3094545454545454,6.1034,4.5852,9.0071,8.9934
2002-07-24,2002,6.5,0,20.7,14.2,10.42,24.47,0.42582754393134453,1.5347,0.9102,1.881,1.8091
2002-07-25,2002,9.2,0,22.0,12.8,18.72,26.59,0.7040240691989469,1.1203,0.2515,0.8082,0.7158
2002-07-26,2002,12.4,0,26.8,14.4,28.81,29.4,0.9799319727891157,1.3984,-0.5054,0.4385,0.1952
2002-07-27,2002,11.7,0,29.1,17.4,24.16,28.17,0.8576499822506212,1.1446,-0.3174,1.184,0.5298
2002-07-28,2002,10.9,0,29.8,18.9,27.28,28.82,0.9465648854961832,1.194,-0.4768,0.8007,0.77
2002-07-29,2002,7.6,0,28.2,20.6,11.1,27.8,0.3992805755395683,2.8897,2.2113,3.7939,3.7939
2002-07-30,2002,10.3,0,26.5,16.2,21.17,25.68,0.8243769470404985,1.4685,0.0478,0.352,0.3473
2002-07-31,2002,12.6,0,30.6,18.0,27.39,28.72,0.9536908077994429,1.2923,-0.3793,0.7211,0.6209
2002-08-01,2002,10.2,0,29.2,19.0,24.12,27.82,0.8670021567217829,2.1569,1.0962,3.1776,3.0978
2002-08-02,2002,9.8,0,28.8,19.0,23.68,27.03,0.8760636330003699,0.8932,-0.2984,0.5006,0.2668
2002-08-03,2002,11.2,0,31.6,20.4,23.69,26.68,0.8879310344827587,1.3762,-0.7044,0.4874,0.3375
2002-08-04,2002,9.7,0,33.1,23.4,17.69,27.14,0.6518054532056006,1.3429,0.8056,1.279,1.2668
2002-08-05,2002,12.5,0,30.8,18.3,9.02,25.96,0.34745762711864403,6.3107,3.6077,9.1717,8.9092
2002-08-06,2002,11.8,0,30.5,18.7,26.45,27.11,0.9756547399483585,0.9501,-0.6018,0.2482,0.2442
2002-08-07,2002,12.2,0,32.5,20.3,26.85,27.76,0.9672190201729106,0.9409,-0.492,0.2939,0.2681
2002-08-08,2002,10.8,0,32.8,22.0,21.35,27.18,0.7855040470934511,1.1565,-0.2422,1.4959,1.4928
2002-08-09,2002,9.0,0,33.2,24.2,24.14,26.78,0.9014189693801344,0.2859,-0.0182,0.4185,0.2909
2002-08-10,2002,14.7,0,37.2,22.5,26.7,27.56,0.9687953555878084,2.1458,-0.7217,1.1765,1.1632
2002-08-11,2002,6.6,0,35.8,29.2,26.15,27.12,0.9642330383480825,0.7049,0.3633,0.9307,0.9219
2002-08-12,2002,6.5,0,37.2,30.7,24.96,26.93,0.9268473821017453,1.6683,1.0983,1.222,1.0752
2002-08-13,2002,11.4,0,35.1,23.7,24.88,26.42,0.9417108251324753,4.2746,2.7606,6.7912,6.7381
2002-08-14,2002,9.2,0,29.5,20.3,21.48,26.01,0.825836216839677,0.9971,-0.063,0.7897,0.6622
2002-08-15,2002,6.0,0,28.4,22.4,15.77,22.95,0.6871459694989107,3.0729,2.0007,4.0829,3.7967
2002-08-16,2002,4.6,0,22.6,18.0,9.4,21.09,0.44570886676149835,2.2112,1.7079,3.498,3.4772
2002-08-17,2002,9.2,0,24.8,15.6,20.52,23.06,0.8898525585429315,1.2801,-0.3635,0.3546,0.2004
2002-08-18,2002,11.0,0,28.6,17.6,23.57,25.25,0.9334653465346535,1.1208,-0.3291,0.8719,0.4378
2002-08-19,2002,12.5,0,31.5,19.0,25.31,25.96,0.9749614791987673,0.9482,-0.4466,0.7742,0.5917
2002-08-20,2002,12.8,0,34.6,21.8,20.65,25.22,0.8187946074544012,0.8347,-0.0966,0.3258,0.3174
2002-08-21,2002,10.7,0,33.1,22.4,22.87,25.07,0.9122457120063822,3.7132,1.5049,1.051,1.0406
2002-08-22,2002,13.3,0,30.9,17.6,23.62,24.32,0.971217105263158,2.9313,2.0465,4.3512,4.2737
2002-08-23,2002,11.2,0,29.1,17.9,24.2,24.94,0.9703287890938251,0.8535,-0.3191,0.6357,0.4985
2002-08-24,2002,13.4,0,31.4,18.0,25.05,25.37,0.987386677177769,0.9526,-0.3672,0.4131,0.4035
2002-08-25,2002,13.6,0,33.1,19.5,24.6,25.32,0.9715639810426541,1.3139,-0.6121,1.1267,1.0836
2002-08-26,2002,8.7,0,30.6,21.9,21.45,24.18,0.8870967741935484,4.2482,3.0468,4.9985,4.8408
2002-08-27,2002,9.4,0,25.4,16.0,23.8,24.13,0.9863240779113138,0.9335,-0.1478,0.7202,0.6905
2002-08-28,2002,13.5,0,29.6,16.1,23.62,23.96,0.9858096828046745,0.9207,-0.4953,0.1397,0.117
2002-08-29,2002,13.2,0,31.6,18.4,18.83,22.87,0.8233493659816352,1.3331,0.5917,1.4859,1.3288
2002-08-30,2002,10.9,0,29.2,18.3,17.23,22.25,0.7743820224719101,4.3851,3.3044,5.8829,5.8741
2002-08-31,2002,10.9,0,22.1,11.2,10.9,23.25,0.46881720430107526,5.4339,2.6736,8.4076,8.2174
2002-09-01,2002,10.7,0,21.0,10.3,19.1,23.24,0.8218588640275388,1.9285,-1.1434,0.94,0.9242
2002-09-02,2002,9.9,0,22.5,12.6,20.65,22.48,0.918594306049822,0.5305,0.0814,0.7226,0.7221
2002-09-03,2002,10.6,0,23.2,12.6,23.33,24.25,0.962061855670103,0.958,-0.1792,0.7814,0.6172
2002-09-04,2002,9.0,0,22.5,13.5,13.48,21.8,0.618348623853211,1.2612,-0.4585,0.9954,0.9219
2002-09-05,2002,8.3,0,23.9,15.6,12.55,21.85,0.5743707093821511,0.8814,-0.3638,0.4233,0.4152
2002-09-06,2002,13.9,0,28.2,14.3,20.94,22.25,0.9411235955056181,2.8322,-0.887,0.3745,-0.3745
2002-09-07,2002,18.4,3.599999999999998,26.4,8.0,12.08,21.22,0.5692742695570218,8.0149,6.3097,11.8407,11.778
2002-09-08,2002,10.3,0,17.2,6.9,22.64,23.43,0.9662825437473325,1.1471,-0.7052,0.5093,-0.2474
2002-09-09,2002,11.6,0,19.0,7.4,22.83,23.12,0.9874567474048441,1.2216,-0.7625,0.7048,0.1
2002-09-10,2002,13.1,0,22.7,9.6,22.11,22.42,0.9861730597680641,0.9818,-0.2985,0.365,0.1804
2002-09-11,2002,13.4,0,24.8,11.4,19.97,21.36,0.9349250936329587,0.8961,-0.4844,0.4461,0.1983
2002-09-12,2002,12.9,0,27.1,14.2,17.49,19.27,0.9076284379865075,0.9159,-0.1857,0.5055,0.4258
2002-09-13,2002,14.5,0,30.3,15.8,19.27,20.49,0.9404587603709127,1.1217,-0.3889,0.5626,0.4439
2002-09-14,2002,15.7,0.8999999999999986,33.6,17.9,21.12,21.45,0.9846153846153847,1.2945,0.274,1.643,1.4903
2002-09-15,2002,10.8,0,29.0,18.2,16.96,20.67,0.8205128205128205,4.771,2.5469,3.7592,3.6594
2002-09-16,2002,14.8,0,22.9,8.1,8.83,19.58,0.4509703779366701,6.0487,4.7442,8.7917,8.7861
2002-09-17,2002,9.8,0,16.7,6.9,21.91,22.57,0.9707576428887904,0.5488,-0.1377,0.551,0.5214
2002-09-18,2002,12.1,0,18.0,5.9,20.58,21.66,0.9501385041551246,1.2214,-0.8175,0.5956,-0.171
2002-09-19,2002,13.2,0,21.9,8.7,20.15,20.32,0.9916338582677164,1.58,-0.7552,0.2642,0.2298
2002-09-20,2002,14.5,0,24.3,9.8,20.26,20.5,0.9882926829268294,3.7114,-2.2602,0.773,-0.4376
2002-09-21,2002,7.4,0,26.5,19.1,18.4,19.23,0.9568382735309412,1.6272,-0.9329,0.9265,0.7877
2002-09-22,2002,10.2,0,28.6,18.4,18.37,18.7,0.9823529411764707,2.328,0.4132,1.9237,1.5454
2002-09-23,2002,9.9,0,24.2,14.3,17.38,19.19,0.9056800416883792,0.7738,-0.1891,0.5756,0.5545
2002-09-24,2002,8.8,0,21.8,13.0,14.52,17.82,0.8148148148148148,1.1072,0.5376,1.635,1.6346
2002-09-25,2002,9.1,0,20.9,11.8,17.43,17.88,0.9748322147651007,1.2842,0.1746,1.0371,0.9944
2002-09-26,2002,13.3,0,23.5,10.2,18.89,19.11,0.9884877027734171,0.798,-0.0191,0.8888,0.8522
2002-09-27,2002,12.8,0,23.4,10.6,18.48,18.81,0.9824561403508772,0.8881,-0.3583,0.5671,0.4281
2002-09-28,2002,13.5,0,25.3,11.8,18.04,18.41,0.979902227050516,1.1891,-0.2389,1.0884,1.0884
2002-09-29,2002,9.6,0,24.3,14.7,17.27,17.68,0.9768099547511312,0.8825,0.298,0.9803,0.6931
2002-09-30,2002,11.9,0,24.5,12.6,18.28,18.43,0.9918610960390668,0.9215,-0.3902,0.3276,0.309
2003-05-01,2003,10.7,0,19.0,8.3,9.47,25.32,0.37401263823064773,6.0263,4.6012,9.6238,9.5799
2003-05-02,2003,5.3,0,9.4,4.1,9.04,23.89,0.378401004604437,2.6751,0.9025,3.8215,3.7692
2003-05-03,2003,2.0,0,6.4,4.4,5.6,26.0,0.21538461538461537,0.8378,-0.2186,0.8438,0.8256
2003-05-04,2003,3.8,0,8.4,4.6,10.04,27.29,0.36790032979113224,0.7824,0.1512,0.8802,0.8646
2003-05-05,2003,6.8,0,12.7,5.9,13.95,26.82,0.5201342281879194,0.6921,-0.423,0.474,-0.0699
2003-05-06,2003,9.7,0,17.1,7.4,20.36,28.18,0.7224982256919801,0.9507,-0.458,0.6497,0.3532
2003-05-07,2003,10.1,0,19.3,9.2,23.59,28.31,0.833274461321088,0.9179,-0.2258,0.4387,0.381
2003-05-08,2003,12.1,0,21.7,9.6,26.9,28.43,0.9461836088638761,1.182,-0.6304,0.4873,0.011
2003-05-09,2003,10.1,0,21.5,11.4,18.81,27.06,0.6951219512195121,1.6247,0.8668,2.6856,2.6856
2003-05-10,2003,10.9,0,17.9,7.0,4.45,26.16,0.17010703363914373,4.6703,2.3074,6.3802,6.3802
2003-05-11,2003,8.4,0,16.0,7.6,12.86,28.69,0.4482398048100383,2.6138,0.6946,1.5674,0.6928
2003-05-12,2003,12.3,0,22.8,10.5,27.43,29.17,0.9403496743229345,1.796,-1.2631,0.4321,-0.1898
2003-05-13,2003,8.9,0,22.1,13.2,17.88,29.84,0.599195710455764,4.4331,3.388,4.8408,4.8167
2003-05-14,2003,12.0,0,20.7,8.7,22.85,30.19,0.756873136800265,1.3193,-0.3845,0.5201,0.2339
2003-05-15,2003,10.2,0,21.5,11.3,26.03,29.44,0.884171195652174,1.0286,-0.521,0.8074,0.3936
2003-05-16,2003,10.8,0,23.5,12.7,29.12,30.02,0.9700199866755497,0.7861,-0.4561,0.3742,0.1605
2003-05-17,2003,14.5,0,26.7,12.2,28.82,30.18,0.9549370444002651,1.6085,-1.0631,0.8599,0.4948
2003-05-18,2003,10.5,0,25.5,15.0,19.08,28.52,0.6690042075736324,1.8882,0.9928,3.0908,3.0833
2003-05-19,2003,10.1,0,22.5,12.4,18.09,27.3,0.6626373626373626,0.9488,-0.1237,1.4986,1.4986
2003-05-20,2003,10.6,0,24.8,14.2,26.58,29.77,0.8928451461202552,0.8301,-0.179,0.5883,0.2824
2003-05-21,2003,10.4,0,24.0,13.6,19.8,29.55,0.6700507614213198,1.3302,0.3748,1.3698,1.3464
2003-05-22,2003,13.3,0,26.3,13.0,25.94,29.59,0.8766475160527205,1.0791,-0.4964,0.653,0.6313
2003-05-23,2003,12.0,0,27.9,15.9,20.68,28.92,0.7150760719225449,1.3458,0.1648,1.8359,1.8093
2003-05-24,2003,9.8,0,24.4,14.6,19.84,29.13,0.681084792310333,4.8452,2.7211,6.4734,5.8882
2003-05-25,2003,4.9,0,15.2,10.3,12.31,28.89,0.42609899619245417,0.8405,0.0329,0.8554,0.5202
2003-05-26,2003,12.7,0,22.8,10.1,31.77,32.14,0.9884878655880522,1.4049,-0.4263,1.1705,0.0278
2003-05-27,2003,10.4,0,24.7,14.3,29.58,30.89,0.9575914535448364,0.8833,-0.151,0.4202,0.411
2003-05-28,2003,10.1,0,24.9,14.8,17.76,28.7,0.618815331010453,0.8979,0.3496,1.3922,1.3803
2003-05-29,2003,10.7,0,25.8,15.1,23.94,29.21,0.8195823348168436,1.6191,-0.0843,0.8233,0.7989
2003-05-30,2003,8.4,0,26.8,18.4,20.22,28.11,0.7193169690501601,3.7573,2.1859,2.6835,2.33
2003-05-31,2003,11.8,0,24.0,12.2,28.26,29.03,0.973475714777816,1.8997,-0.8136,0.7395,0.3424
2003-06-01,2003,11.5,0,26.5,15.0,29.16,30.28,0.963011889035667,0.9514,-0.1648,0.7781,0.5116
2003-06-02,2003,10.7,0,27.5,16.8,23.84,30.01,0.7944018660446517,1.1535,-0.674,0.3187,0.3187
2003-06-03,2003,12.7,0,30.8,18.1,30.16,30.99,0.9732171668280091,1.1613,-0.491,0.6936,0.2505
2003-06-04,2003,11.3,0,32.2,20.9,30.59,31.17,0.9813923644529996,0.9145,-0.5431,0.4562,-0.2702
2003-06-05,2003,11.3,0,31.8,20.5,26.75,30.67,0.8721878056732963,2.0299,0.8235,2.3011,2.1322
2003-06-06,2003,12.0,0,29.5,17.5,14.88,28.79,0.5168461271274749,4.1813,2.2187,6.6465,6.5464
2003-06-07,2003,11.7,0,29.9,18.2,25.99,30.07,0.8643165946125706,1.2684,-0.6596,0.3882,0.365
2003-06-08,2003,9.0,0,28.6,19.6,25.83,30.37,0.8505103720777082,2.9277,2.1789,2.9639,2.8634
2003-06-09,2003,7.0,0,24.3,17.3,20.01,29.86,0.6701272605492298,1.2491,0.9202,1.6745,1.6728
2003-06-10,2003,5.8,0,24.0,18.2,20.01,27.74,0.7213410237923576,0.5814,0.255,0.7172,0.5886
2003-06-11,2003,7.8,0,26.2,18.4,19.14,27.45,0.6972677595628416,1.0401,0.6183,1.1275,1.0826
2003-06-12,2003,10.9,0,29.1,18.2,23.02,26.73,0.8612046389824167,1.0927,-0.0151,0.7765,0.5187
2003-06-13,2003,8.8,0,28.3,19.5,25.14,26.85,0.9363128491620112,2.4389,1.784,2.7846,2.7822
2003-06-14,2003,7.1,0,25.0,17.9,17.33,23.51,0.7371331348362398,2.1779,1.5549,3.3326,3.2737
2003-06-15,2003,7.5,0,25.4,17.9,15.54,24.43,0.6361031518624641,1.25,-0.5965,0.5674,0.3537
2003-06-16,2003,6.7,0,26.8,20.1,13.53,26.18,0.5168067226890756,0.8236,-0.0161,0.8053,0.397
2003-06-17,2003,11.8,0,31.3,19.5,27.79,29.45,0.9436332767402377,0.9511,-0.4441,0.6349,0.4801
2003-06-18,2003,11.8,0,33.2,21.4,30.13,31.34,0.9613911933631142,0.9263,-0.2838,0.8455,0.5817
2003-06-19,2003,11.0,0,32.5,21.5,18.45,30.61,0.6027442012414244,3.6449,2.2461,6.3275,6.3252
2003-06-20,2003,10.9,0,31.1,20.2,25.5,29.39,0.8676420551207894,0.8299,-0.0313,1.1325,1.1319
2003-06-21,2003,8.1,0,29.1,21.0,24.21,30.95,0.7822294022617124,0.7063,-0.0785,0.679,0.6788
2003-06-22,2003,11.2,0,30.8,19.6,25.03,30.78,0.813190383365822,1.52,-0.7739,0.6408,0.519
2003-06-23,2003,15.8,1.0,29.8,14.0,5.81,28.45,0.20421792618629173,9.1974,6.9328,12.8565,12.6821
2003-06-24,2003,11.0,0,25.3,14.3,26.85,31.37,0.8559132929550526,1.5991,0.2195,0.6437,0.5316
2003-06-25,2003,11.5,0,24.2,12.7,27.99,30.76,0.9099479843953185,2.0111,-1.189,1.1497,0.9569
2003-06-26,2003,10.8,0,27.1,16.3,27.99,31.07,0.9008690054715158,1.1631,-0.513,0.6683,0.2941
2003-06-27,2003,11.1,0,28.8,17.7,24.87,30.54,0.8143418467583498,1.4477,-0.5695,1.2519,1.2296
2003-06-28,2003,9.8,0,29.1,19.3,25.48,29.57,0.8616841393304024,0.9683,0.0585,0.7067,0.547
2003-06-29,2003,9.4,0,28.4,19.0,13.12,28.08,0.4672364672364672,2.2572,1.3591,1.9645,1.9182
2003-06-30,2003,11.1,0,25.3,14.2,17.87,29.21,0.6117767887709689,4.201,2.6866,4.9469,4.8316
2003-07-01,2003,8.6,0,24.5,15.9,21.58,30.2,0.714569536423841,1.3745,0.1353,0.8852,0.4102
2003-07-02,2003,10.6,0,27.5,16.9,25.34,29.39,0.8621980265396393,1.124,0.2565,0.6085,0.6083
2003-07-03,2003,10.2,0,28.1,17.9,27.5,30.43,0.903713440683536,1.0485,-0.2186,0.6321,0.4291
2003-07-04,2003,11.0,0,31.1,20.1,28.0,30.72,0.9114583333333334,0.9297,-0.4279,0.6339,0.4886
2003-07-05,2003,11.5,0,32.5,21.0,25.11,29.57,0.8491714575583361,3.1658,1.7426,5.8091,5.7632
2003-07-06,2003,5.0,0,26.6,21.6,17.43,27.93,0.6240601503759399,2.0932,1.4396,2.3498,2.3449
2003-07-07,2003,11.0,0,29.1,18.1,27.12,29.8,0.9100671140939598,1.3304,-0.2271,0.7357,0.3388
2003-07-08,2003,11.1,0,32.0,20.9,22.2,28.63,0.7754104086622424,0.3166,0.0708,0.5565,0.5336
2003-07-09,2003,10.0,0,30.8,20.8,16.19,28.09,0.5763616945532218,3.6842,2.3798,3.9132,3.7395
2003-07-10,2003,7.7,0,27.7,20.0,17.77,28.85,0.615944540727903,3.5139,1.8889,4.6452,4.0568
2003-07-11,2003,10.4,0,27.3,16.9,20.96,28.69,0.7305681422098292,1.2902,-0.3458,0.4844,0.4686
2003-07-12,2003,9.6,0,28.5,18.9,22.55,29.46,0.7654446707399865,0.9212,-0.1547,0.9345,0.909
2003-07-13,2003,10.9,0,27.0,16.1,16.07,29.13,0.5516649502231377,4.8651,1.8288,7.7417,7.3918
2003-07-14,2003,6.2,0,20.2,14.0,13.55,28.57,0.47427371368568433,1.79,0.5699,1.3429,0.8821
2003-07-15,2003,9.8,0,25.3,15.5,23.3,29.91,0.779003677699766,0.9195,-0.1034,0.7999,0.3969
2003-07-16,2003,9.3,0,26.8,17.5,24.29,29.28,0.8295765027322404,1.4536,-1.1336,0.2483,-0.2483
2003-07-17,2003,10.6,0,26.5,15.9,17.69,29.1,0.6079037800687286,3.7742,2.2121,3.7114,3.604
2003-07-18,2003,13.7,0,30.7,17.0,29.66,30.35,0.9772652388797364,1.1391,-0.4539,0.3447,0.2428
2003-07-19,2003,13.7,0,29.6,15.9,14.74,28.18,0.5230660042583393,6.2601,2.8877,9.7019,9.2413
2003-07-20,2003,10.0,0,25.3,15.3,28.43,29.85,0.952428810720268,0.9314,-0.3794,0.2809,0.2314
2003-07-21,2003,12.7,0,29.7,17.0,26.96,28.94,0.9315825846579129,0.9889,-0.27,0.5941,0.5397
2003-07-22,2003,8.7,0,29.6,20.9,13.65,27.14,0.5029476787030214,3.4693,2.0636,4.8689,4.6464
2003-07-23,2003,8.3,0,26.1,17.8,21.02,28.56,0.7359943977591037,0.6724,-0.2729,0.5607,0.416
2003-07-24,2003,8.6,0,25.8,17.2,12.18,26.72,0.45583832335329344,4.4308,2.6752,7.7845,7.7489
2003-07-25,2003,10.0,0,22.7,12.7,26.01,30.02,0.8664223850766156,1.3465,-0.7136,0.6376,0.3737
2003-07-26,2003,9.5,0,24.5,15.0,23.15,28.99,0.7985512245601931,1.884,0.8108,3.4553,3.1984
2003-07-27,2003,8.8,0,24.1,15.3,18.97,27.77,0.6831112711559236,2.6698,1.2711,5.0078,4.9835
2003-07-28,2003,8.0,0,19.5,11.5,14.31,26.81,0.5337560611712048,3.9965,0.7687,5.2917,4.7743
2003-07-29,2003,9.7,0,18.5,8.8,26.34,29.04,0.9070247933884298,1.2423,-0.609,0.3583,0.1817
2003-07-30,2003,10.0,0,21.5,11.5,23.31,29.1,0.8010309278350515,0.8889,-0.3105,0.6311,0.4134
2003-07-31,2003,11.2,0,24.6,13.4,28.49,29.07,0.980048159614723,0.874,-0.3664,0.3081,0.0964
2003-08-01,2003,12.8,0,27.9,15.1,28.1,28.74,0.9777313848295061,1.2516,-0.62,0.4943,0.407
2003-08-02,2003,14.2,0,31.1,16.9,26.36,27.96,0.9427753934191702,2.0177,-0.889,0.6285,0.4774
2003-08-03,2003,9.4,0,30.5,21.1,24.6,27.06,0.9090909090909092,1.1071,-0.3927,0.9072,0.886
2003-08-04,2003,8.8,0,28.9,20.1,18.16,26.06,0.6968534151957023,1.2033,0.4868,1.7309,1.7163
2003-08-05,2003,10.8,0,26.3,15.5,7.98,25.66,0.31098986749805146,5.011,4.0214,7.204,7.2031
2003-08-06,2003,9.9,0,23.3,13.4,25.15,27.41,0.9175483400218898,1.1966,-0.7886,0.2908,-0.0002
2003-08-07,2003,6.8,0,22.7,15.9,19.08,27.11,0.7037993360383622,1.0248,0.2085,0.6243,0.6199
2003-08-08,2003,9.1,0,23.5,14.4,16.87,25.7,0.6564202334630351,0.9562,-0.1513,0.7943,0.7883
2003-08-09,2003,9.4,0,25.0,15.6,26.64,28.05,0.9497326203208556,0.8493,-0.5038,0.2738,0.0182
2003-08-10,2003,10.9,0,27.3,16.4,26.31,27.8,0.9464028776978417,0.691,-0.3506,0.4905,0.3795
2003-08-11,2003,11.5,0,29.6,18.1,25.27,27.35,0.9239488117001827,1.0969,-0.3911,0.5956,0.5412
2003-08-12,2003,8.8,0,28.3,19.5,25.56,27.15,0.9414364640883978,1.051,-0.206,0.9439,0.9425
2003-08-13,2003,9.8,0,26.7,16.9,19.47,27.18,0.7163355408388521,2.4888,1.6681,3.235,3.231
2003-08-14,2003,12.0,0,26.1,14.1,27.88,28.21,0.988302020560085,1.3694,-0.7681,0.5775,0.4985
2003-08-15,2003,10.5,0,28.8,18.3,26.73,26.98,0.9907338769458859,0.3223,0.243,0.4359,0.4318
2003-08-16,2003,12.2,0,30.6,18.4,25.1,26.53,0.9460987561251414,0.7965,-0.279,0.4842,0.4765
2003-08-17,2003,11.7,0,32.8,21.1,25.06,26.4,0.9492424242424242,1.3492,-0.2229,0.4226,0.251
2003-08-18,2003,11.4,0,31.7,20.3,13.05,24.47,0.53330608908868,6.1421,4.5112,7.336,7.336
2003-08-19,2003,9.6,0,24.1,14.5,23.21,25.83,0.8985675571041426,1.841,-1.2349,0.5228,0.2176
2003-08-20,2003,10.3,0,26.6,16.3,24.77,26.07,0.9501342539317222,0.6674,-0.1647,0.6438,0.6202
2003-08-21,2003,11.0,0,28.0,17.0,17.06,24.93,0.6843160850381067,1.8384,0.3172,3.3882,3.2721
2003-08-22,2003,8.7,0,27.1,18.4,17.75,24.64,0.7203733766233766,1.4741,-0.398,1.7834,1.5595
2003-08-23,2003,11.4,0,30.2,18.8,24.05,25.25,0.9524752475247525,0.9629,-0.5195,0.4194,0.2859
2003-08-24,2003,9.4,0,29.1,19.7,22.52,24.79,0.9084308188785801,0.8902,-0.1583,0.9509,0.9062
2003-08-25,2003,6.7,0,27.8,21.1,17.53,23.93,0.7325532804011702,0.9481,0.7192,0.8328,0.8231
2003-08-26,2003,6.4,0,26.4,20.0,17.87,23.97,0.7455152273675428,0.8755,0.2543,1.1572,1.0887
2003-08-27,2003,8.7,0,26.7,18.0,21.47,24.08,0.8916112956810631,1.2307,-0.5327,0.6627,0.5859
2003-08-28,2003,10.1,0,25.7,15.6,5.07,20.37,0.24889543446244478,5.5758,2.8192,8.0934,7.8894
2003-08-29,2003,11.0,0,25.0,14.0,23.26,24.4,0.9532786885245903,0.7335,-0.1404,0.5724,0.474
2003-08-30,2003,12.4,0,27.6,15.2,23.33,24.69,0.9449169704333737,1.0365,-0.5411,0.6788,0.6742
2003-08-31,2003,10.3,0,27.7,17.4,24.4,24.74,0.9862570735650769,0.7565,-0.1604,0.4619,0.4577
2003-09-01,2003,11.6,0,28.1,16.5,23.72,24.21,0.9797604295745559,1.1099,-0.5117,0.6539,0.5631
2003-09-02,2003,9.8,0,26.9,17.1,23.37,23.8,0.9819327731092438,1.023,-0.2805,0.9517,0.8289
2003-09-03,2003,11.4,0,28.2,16.8,22.93,23.71,0.9671024884015182,1.2721,-0.3114,0.6122,0.6119
2003-09-04,2003,10.6,0,26.7,16.1,24.04,24.29,0.9897076986414162,0.7493,-0.1975,0.6742,0.6603
2003-09-05,2003,14.3,0,29.6,15.3,23.97,24.25,0.9884536082474227,0.9475,-0.535,0.3924,0.3924
2003-09-06,2003,12.8,0,29.7,16.9,23.62,23.83,0.9911875786823333,0.91,-0.4916,0.4037,0.3891
2003-09-07,2003,13.8,0,32.1,18.3,23.89,24.09,0.991697799916978,0.5257,0.3291,0.5161,0.5085
2003-09-08,2003,12.0,0,33.3,21.3,23.14,23.39,0.9893116716545532,2.0918,-0.4851,0.883,0.8792
2003-09-09,2003,12.7,0,34.1,21.4,22.92,23.22,0.9870801033591733,1.7293,-0.2284,1.3581,1.3194
2003-09-10,2003,12.7,0,33.1,20.4,20.27,21.76,0.9315257352941175,0.8831,-0.3314,0.8682,0.8101
2003-09-11,2003,11.3,0,30.3,19.0,20.05,21.17,0.9470949456778459,2.0083,0.8156,3.1754,3.1553
2003-09-12,2003,12.3,0,31.6,19.3,20.59,20.96,0.9823473282442747,0.592,-0.2318,0.4719,0.4711
2003-09-13,2003,13.7,0,29.6,15.9,18.11,21.03,0.8611507370423204,4.7357,3.3465,7.2293,7.205
2003-09-14,2003,9.4,0,21.0,11.6,8.9,19.95,0.4461152882205514,4.1611,2.4722,6.1923,5.9757
2003-09-15,2003,6.2,0,15.5,9.3,8.66,20.09,0.43106022896963664,2.8898,0.7621,3.2749,3.1674
2003-09-16,2003,7.5,0,17.7,10.2,16.36,19.78,0.8270980788675429,0.543,0.2019,0.8177,0.8102
2003-09-17,2003,10.3,0,19.6,9.3,19.21,20.94,0.9173829990448902,1.3517,-0.5829,0.2165,0.1817
2003-09-18,2003,7.0,0,19.4,12.4,11.09,20.36,0.5446954813359528,1.1025,0.5261,1.0456,0.9383
2003-09-19,2003,13.7,0,23.4,9.7,20.78,21.29,0.9760450915922969,0.6434,-0.1091,0.4975,0.4893
2003-09-20,2003,12.4,0,24.0,11.6,20.36,20.7,0.9835748792270531,0.8604,-0.4868,0.3407,0.3344
2003-09-21,2003,13.9,0,27.6,13.7,19.39,20.23,0.9584775086505191,0.6177,-0.101,0.57,0.5498
2003-09-22,2003,9.1,0,24.7,15.6,13.88,18.99,0.7309110057925224,2.8603,1.7958,4.3987,4.3876
2003-09-23,2003,8.3,0,19.2,10.9,6.5,18.47,0.35192203573362213,4.2132,2.4915,6.9275,6.8911
2003-09-24,2003,7.3,0,11.7,4.4,7.01,18.27,0.38368910782703886,3.5525,1.6674,5.6503,5.4651
2003-09-25,2003,10.7,0,14.5,3.8,18.55,19.67,0.9430604982206405,1.4457,-0.4584,0.7627,0.1527
2003-09-26,2003,10.2,0,15.7,5.5,18.81,19.36,0.9715909090909091,1.3318,-0.8234,0.299,0.1315
2003-09-27,2003,8.5,0,14.1,5.6,3.39,18.41,0.18413905486148832,5.0498,1.0368,7.2316,7.1717
2003-09-28,2003,7.2,0,6.9,-0.3,12.1,19.35,0.6253229974160206,0.7355,0.2602,0.5673,0.4303
2003-09-29,2003,9.8,0,11.3,1.5,16.8,19.28,0.8713692946058091,0.7026,0.0308,0.6372,0.4742
2003-09-30,2003,8.3,0,11.4,3.1,15.12,18.53,0.8159740960604425,0.8961,-0.2649,0.8963,0.8041
2004-05-01,2004,7.8,0,13.1,5.3,21.77,28.74,0.7574808629088379,0.8731,0.0471,0.7064,0.5132
2004-05-02,2004,12.6,0,17.1,4.5,28.54,29.32,0.9733969986357435,1.0666,-0.4845,0.3529,0.2664
2004-05-03,2004,15.3,0.5,21.9,6.6,28.53,28.79,0.9909690864883641,1.7011,-0.7451,0.447,0.4019
2004-05-04,2004,14.7,0,24.4,9.7,27.32,27.73,0.9852145690587811,0.6856,-0.2249,0.0094,-0.0077
2004-05-05,2004,12.7,0,25.4,12.7,22.12,25.24,0.8763866877971475,0.7548,-0.225,0.5974,0.4686
2004-05-06,2004,13.7,0,27.5,13.8,24.19,26.78,0.9032860343539956,1.3272,-0.5957,0.7759,0.7102
2004-05-07,2004,8.8,0,24.8,16.0,24.46,26.9,0.9092936802973979,1.3527,0.7756,1.7998,1.7626
2004-05-08,2004,12.5,0,21.7,9.2,10.85,26.93,0.40289639806906796,7.257,4.7701,10.0971,10.0895
2004-05-09,2004,10.1,0,17.9,7.8,26.6,29.35,0.9063032367972743,1.2142,-0.3372,0.6476,0.5378
2004-05-10,2004,5.1,0,16.5,11.4,13.63,26.74,0.5097232610321616,2.5406,1.9672,2.8764,2.8421
2004-05-11,2004,5.8,0,14.2,8.4,7.22,28.13,0.2566654816921436,1.0577,-0.683,0.1992,0.1992
2004-05-12,2004,7.7,0,16.9,9.2,17.43,29.16,0.5977366255144033,1.3829,0.9387,1.8448,1.4887
2004-05-13,2004,11.2,0,21.1,9.9,22.42,28.77,0.7792839763642684,0.9539,-0.018,1.0169,0.5316
2004-05-14,2004,11.8,0,23.2,11.4,24.28,29.54,0.8219363574813813,2.996,1.4473,5.4985,5.4985
2004-05-15,2004,14.5,0,25.9,11.4,28.57,30.05,0.9507487520798669,2.7724,-1.5111,0.4168,0.0915
2004-05-16,2004,8.3,0,29.0,20.7,29.31,30.46,0.9622455679579776,1.2921,0.607,0.5181,0.5105
2004-05-17,2004,15.3,0.5,31.6,16.3,30.35,30.64,0.9905352480417755,2.8438,-1.4294,0.6005,-0.2487
2004-05-18,2004,8.6,0,33.3,24.7,30.39,30.79,0.9870087690808704,2.0825,0.9104,0.8026,0.6969
2004-05-19,2004,12.9,0,32.1,19.2,26.13,29.15,0.8963979416809605,1.0759,-0.2821,1.0281,0.8985
2004-05-20,2004,9.1,0,32.1,23.0,26.24,27.96,0.938483547925608,0.6846,-0.0727,0.2987,0.2987
2004-05-21,2004,11.4,0,29.5,18.1,10.23,25.57,0.40007821666014864,6.7269,5.2602,9.9422,9.9412
2004-05-22,2004,8.7,0,19.4,10.7,12.71,26.17,0.4856706152082537,1.9937,0.9967,1.176,1.1493
2004-05-23,2004,11.2,0,24.5,13.3,25.03,30.84,0.8116083009079118,1.6794,-0.467,1.4838,1.0579
2004-05-24,2004,7.8,0,23.2,15.4,25.74,30.15,0.853731343283582,0.8102,0.5532,0.7682,0.7046
2004-05-25,2004,6.5,0,21.3,14.8,11.8,28.68,0.41143654114365413,1.4465,0.9459,1.2859,1.2804
2004-05-26,2004,9.0,0,19.8,10.8,18.93,28.42,0.6660802251935256,1.3701,0.8472,2.1896,1.6903
2004-05-27,2004,9.3,0,21.7,12.4,19.92,29.88,0.6666666666666667,0.8912,-0.0422,0.2244,-0.0246
2004-05-28,2004,11.0,0,24.7,13.7,29.73,31.04,0.9577963917525774,1.0437,-0.5783,0.2412,0.232
2004-05-29,2004,8.7,0,25.2,16.5,17.49,29.23,0.5983578515224084,2.0928,-1.1829,0.851,0.1631
2004-05-30,2004,9.2,0,30.7,21.5,29.33,29.99,0.9779926642214072,1.6489,0.4816,0.088,0.0873
2004-05-31,2004,11.2,0,29.6,18.4,20.96,29.36,0.7138964577656676,4.5506,3.9038,5.6872,5.6782
2004-06-01,2004,8.1,0,23.9,15.8,26.57,31.29,0.849153084052413,0.4241,0.2529,0.5712,0.5521
2004-06-02,2004,10.8,0,22.8,12.0,31.44,32.34,0.9721706864564007,1.2523,-0.396,0.7132,0.7051
2004-06-03,2004,11.9,0,23.6,11.7,32.41,32.94,0.9839101396478446,1.2592,-0.7919,0.3592,0.197
2004-06-04,2004,12.2,0,27.4,15.2,31.82,32.07,0.9922045525413159,2.5661,-1.609,0.9045,-0.267
2004-06-05,2004,8.5,0,29.5,21.0,30.26,31.01,0.9758142534666236,1.0718,0.1242,0.2114,0.1371
2004-06-06,2004,9.0,0,33.1,24.1,29.41,30.59,0.9614253023864008,0.8446,-0.1988,0.427,0.4115
2004-06-07,2004,12.7,0,31.5,18.8,22.47,30.81,0.7293086660175268,5.7301,4.5804,8.6233,8.6133
2004-06-08,2004,7.9,0,23.5,15.6,20.92,30.46,0.6868023637557453,1.3578,0.0796,0.8738,0.0244
2004-06-09,2004,8.3,0,23.6,15.3,13.6,29.66,0.4585300067430883,3.5533,2.8788,4.8568,4.8543
2004-06-10,2004,8.0,0,22.6,14.6,18.93,28.82,0.6568355308813324,0.9903,-0.1892,0.6265,0.6219
2004-06-11,2004,9.9,0,24.1,14.2,20.87,29.28,0.7127732240437159,1.9114,0.4599,1.1433,0.672
2004-06-12,2004,12.7,0,28.6,15.9,23.91,30.46,0.7849638870650033,1.039,-0.1553,1.1811,1.1749
2004-06-13,2004,10.8,0,29.1,18.3,30.22,31.3,0.9654952076677316,0.4566,-0.0639,0.2818,0.1776
2004-06-14,2004,14.4,0,32.4,18.0,31.08,31.63,0.9826114448308567,1.2058,-0.6708,0.2168,0.1891
2004-06-15,2004,11.6,0,30.9,19.3,22.22,29.93,0.7423989308386234,4.7426,3.8593,6.6407,6.6388
2004-06-16,2004,9.8,0,25.5,15.7,26.21,29.47,0.8893790295215473,0.84,-0.3609,0.5634,0.3852
2004-06-17,2004,11.6,0,28.9,17.3,30.1,30.94,0.9728506787330317,1.0418,-0.4889,0.6363,0.4922
2004-06-18,2004,12.9,0,32.1,19.2,31.13,31.79,0.9792387543252595,0.7639,-0.255,0.4763,0.4759
2004-06-19,2004,14.2,0,34.7,20.5,27.7,31.06,0.8918222794591114,1.1519,-0.4087,0.4293,0.3599
2004-06-20,2004,10.0,0,33.2,23.2,21.73,28.83,0.7537287547693375,1.3422,0.2454,1.4986,1.38
2004-06-21,2004,8.4,0,32.0,23.6,27.18,29.86,0.9102478231748158,0.893,0.736,1.0148,0.8642
2004-06-22,2004,11.4,0,33.3,21.9,29.45,31.02,0.9493874919406834,0.7158,-0.2444,0.4185,0.4098
2004-06-23,2004,11.5,0,34.2,22.7,19.35,30.58,0.6327665140614782,2.1609,1.3323,2.9565,2.9558
2004-06-24,2004,14.1,0,30.1,16.0,8.23,27.29,0.30157566874312935,7.2401,5.6851,11.1951,11.1228
2004-06-25,2004,8.3,0,23.9,15.6,24.27,29.1,0.834020618556701,1.052,-0.0089,0.6956,0.6956
2004-06-26,2004,11.7,0,28.1,16.4,22.25,30.31,0.7340811613328935,1.1819,-0.5293,1.1176,1.0987
2004-06-27,2004,11.1,0,25.6,14.5,9.2,29.63,0.310496118798515,5.6153,2.4786,8.1093,7.8803
2004-06-28,2004,10.7,0,27.3,16.6,20.85,30.06,0.6936127744510979,0.7099,0.454,0.6688,0.6016
2004-06-29,2004,14.4,0,30.9,16.5,30.84,31.76,0.9710327455919395,1.3957,-0.6944,0.2111,0.1127
2004-06-30,2004,14.6,0,34.5,19.9,27.06,31.0,0.8729032258064515,1.339,0.357,1.5972,1.4533
2004-07-01,2004,9.7,0,32.1,22.4,24.25,30.08,0.806183510638298,1.3434,0.7097,2.2352,2.0043
2004-07-02,2004,10.4,0,30.5,20.1,26.59,30.2,0.8804635761589404,0.7523,-0.411,nan,nan
2004-07-03,2004,9.7,0,30.8,21.1,26.83,30.31,0.8851864071263609,0.9049,-0.4836,0.3175,0.3049
2004-07-04,2004,12.9,0,35.5,22.6,27.48,30.46,0.902166776099803,0.6858,0.0002,0.7566,0.7418
2004-07-05,2004,16.1,1.3000000000000007,33.6,17.5,24.38,30.15,0.8086235489220563,7.4732,2.419,10.9175,9.9286
2004-07-06,2004,10.9,0,25.4,14.5,17.03,26.82,0.6349739000745712,3.1837,0.9082,4.2448,3.144
2004-07-07,2004,10.4,0,24.7,14.3,28.02,31.22,0.897501601537476,0.9898,-0.2697,0.7928,0.4193
2004-07-08,2004,15.0,0.1999999999999993,31.3,16.3,29.77,31.04,0.9590850515463918,0.6363,0.0607,0.4844,0.4844
2004-07-09,2004,9.8,0,29.5,19.7,17.57,29.82,0.5892018779342723,2.7822,2.1711,3.7111,3.6995
2004-07-10,2004,11.7,0,31.4,19.7,23.06,28.79,0.8009725599166377,1.6496,0.5312,1.1222,1.102
2004-07-11,2004,14.6,0,34.5,19.9,30.52,30.8,0.9909090909090909,1.057,-0.6404,0.4942,-0.0968
2004-07-12,2004,16.2,1.3999999999999986,37.7,21.5,30.64,30.93,0.9906239896540576,1.2785,-0.5785,0.6767,0.1205
2004-07-13,2004,16.1,1.3000000000000007,39.5,23.4,29.68,30.3,0.9795379537953796,1.106,-0.5888,0.3624,0.0246
2004-07-14,2004,15.2,0.3999999999999986,40.6,25.4,27.41,29.92,0.9161096256684491,1.3027,-0.2895,1.3871,1.0697
2004-07-15,2004,11.8,0,37.0,25.2,28.63,29.57,0.9682110246871829,1.4027,0.7651,1.8439,1.8432
2004-07-16,2004,9.9,0,35.4,25.5,27.77,29.54,0.9400812457684495,0.8784,0.2248,0.9949,0.99
2004-07-17,2004,7.7,0,33.2,25.5,27.21,29.24,0.9305745554035568,1.4866,1.1313,2.0135,2.0025
2004-07-18,2004,8.4,0,30.3,21.9,15.02,28.68,0.5237099023709902,4.6255,3.3256,6.1694,5.9654
2004-07-19,2004,6.4,0,21.9,15.5,7.26,26.8,0.2708955223880597,3.8253,3.0636,5.8724,5.8681
2004-07-20,2004,8.3,0,22.1,13.8,12.45,26.63,0.4675178370259106,1.4212,0.3383,1.1792,1.1184
2004-07-21,2004,7.2,0,23.5,16.3,11.32,28.22,0.4011339475549256,0.9366,0.1168,1.2171,1.1746
2004-07-22,2004,7.9,0,24.6,16.7,26.69,28.85,0.9251299826689775,0.8775,0.0091,0.3809,0.1369
2004-07-23,2004,12.4,0,29.9,17.5,28.76,29.25,0.9832478632478633,1.3847,-0.3125,0.5588,0.1496
2004-07-24,2004,8.8,0,28.9,20.1,19.08,27.64,0.6903039073806078,1.5391,0.9591,0.8445,0.637
2004-07-25,2004,9.6,0,27.8,18.2,18.21,28.22,0.6452870304748406,2.8848,1.9994,4.6199,4.593
2004-07-26,2004,6.7,0,25.0,18.3,18.63,28.56,0.6523109243697479,0.9869,0.7107,0.733,0.6448
2004-07-27,2004,11.3,0,28.8,17.5,28.99,29.41,0.9857191431485889,0.583,-0.0469,0.4165,0.2988
2004-07-28,2004,15.1,0.29999999999999893,33.0,17.9,28.06,29.4,0.954421768707483,0.9619,-0.3083,0.4646,0.1432
2004-07-29,2004,14.0,0,34.6,20.6,22.37,28.53,0.784086926042762,1.4894,-0.0121,1.9347,1.7988
2004-07-30,2004,7.2,0,30.7,23.5,12.52,27.16,0.4609720176730486,2.6831,1.4743,3.8903,3.862
2004-07-31,2004,9.5,0,26.4,16.9,16.94,27.32,0.6200585651537336,2.2262,0.003,1.2732,0.5357
2004-08-01,2004,12.8,0,31.5,18.7,28.21,28.73,0.9819004524886878,1.3462,-0.7527,0.5781,0.5036
2004-08-02,2004,11.6,0,32.6,21.0,27.74,28.3,0.9802120141342755,0.6971,-0.0764,0.4817,0.4657
2004-08-03,2004,10.5,0,31.2,20.7,18.29,27.12,0.674410029498525,3.5282,2.6488,5.7734,5.7729
2004-08-04,2004,9.9,0,26.3,16.4,16.43,26.66,0.6162790697674418,1.4917,0.353,0.8245,0.8029
2004-08-05,2004,12.8,0,31.3,18.5,27.07,27.89,0.9705987809250627,1.0694,-0.4331,0.6219,0.5887
2004-08-06,2004,11.2,0,31.4,20.2,25.11,26.82,0.936241610738255,0.8395,-0.4478,0.1709,-0.126
2004-08-07,2004,10.3,0,29.4,19.1,13.24,26.9,0.4921933085501859,5.4928,3.5676,8.2321,8.2208
2004-08-08,2004,8.1,0,20.5,12.4,20.65,27.46,0.7520029133284777,0.8285,0.0273,0.2471,0.2418
2004-08-09,2004,9.7,0,23.2,13.5,21.68,27.22,0.7964731814842028,1.0914,-0.3816,1.0788,1.0478
2004-08-10,2004,7.9,0,24.2,16.3,11.87,25.24,0.4702852614896989,0.6803,0.103,0.7867,0.7474
2004-08-11,2004,11.7,0,27.4,15.7,23.95,26.53,0.9027516019600451,0.7958,-0.1581,0.4268,0.4254
2004-08-12,2004,7.4,0,25.6,18.2,15.7,25.78,0.6089992242048099,1.2652,0.5356,1.7843,1.7204
2004-08-13,2004,11.5,0,28.5,17.0,23.63,26.37,0.8960940462646947,0.958,-0.3944,0.4635,0.0277
2004-08-14,2004,13.9,0,31.8,17.9,26.96,27.33,0.986461763629711,0.8524,-0.2445,0.6993,0.4816
2004-08-15,2004,13.6,0,33.6,20.0,24.96,26.36,0.9468892261001518,2.2165,-1.1266,0.7763,0.5435
2004-08-16,2004,9.1,0,30.9,21.8,14.96,25.83,0.5791715060007744,2.1781,1.2863,3.6112,3.6063
2004-08-17,2004,10.9,0,31.3,20.4,23.41,25.79,0.9077161690577744,1.0051,-0.3417,0.6478,0.5438
2004-08-18,2004,12.1,0,33.0,20.9,22.33,26.16,0.8535932721712538,0.9757,-0.4717,0.2101,0.116
2004-08-19,2004,9.3,0,32.2,22.9,18.14,25.74,0.7047397047397048,1.9692,1.073,1.4348,1.3814
2004-08-20,2004,11.3,0,29.3,18.0,12.76,24.81,0.5143087464731964,4.9836,3.417,8.1107,8.0535
2004-08-21,2004,8.7,0,24.8,16.1,15.83,23.85,0.6637316561844864,0.9282,0.1645,0.9236,0.5595
2004-08-22,2004,13.4,0,30.4,17.0,24.61,25.57,0.9624560031286664,2.0371,0.8896,1.117,1.1107
2004-08-23,2004,16.1,1.3000000000000007,27.9,11.8,12.31,24.25,0.5076288659793815,7.7223,4.6643,13.0922,13.083
2004-08-24,2004,10.0,0,21.3,11.3,24.91,25.7,0.9692607003891051,0.9147,0.4352,1.3248,1.1129
2004-08-25,2004,11.2,0,21.7,10.5,22.13,25.18,0.8788721207307386,1.2368,-0.5613,0.5256,0.4802
2004-08-26,2004,10.6,0,23.5,12.9,25.4,25.92,0.9799382716049382,0.568,0.0227,0.4294,0.4128
2004-08-27,2004,12.9,0,25.5,12.6,25.18,25.5,0.9874509803921568,0.8216,-0.4927,0.107,0.1063
2004-08-28,2004,9.2,0,24.5,15.3,19.4,23.82,0.8144416456759025,0.9355,0.2808,1.5958,1.5928
2004-08-29,2004,13.2,0,29.2,16.0,22.13,24.07,0.9194017449106772,0.7852,-0.2203,0.6821,0.6709
2004-08-30,2004,14.0,0,31.1,17.1,23.83,24.25,0.9826804123711339,1.2007,-0.6445,0.4179,0.4091
2004-08-31,2004,10.7,0,28.8,18.1,16.61,23.26,0.7141014617368873,3.5603,2.6816,4.9382,4.9242
2004-09-01,2004,7.9,0,22.8,14.9,12.76,22.25,0.5734831460674157,2.6494,1.7952,2.6598,2.6591
2004-09-02,2004,11.2,0,24.5,13.3,22.39,23.27,0.9621830683283198,0.8547,-0.0462,0.8287,0.8257
2004-09-03,2004,8.1,0,23.1,15.0,8.24,22.2,0.3711711711711712,2.1215,0.6851,3.2499,3.0347
2004-09-04,2004,11.2,0,25.1,13.9,22.17,23.09,0.9601559116500651,0.7992,-0.2209,0.7116,0.6609
2004-09-05,2004,12.8,0,27.6,14.8,23.25,23.57,0.986423419601188,0.7398,-0.2021,0.2966,0.2966
2004-09-06,2004,14.5,0,30.1,15.6,21.57,22.9,0.9419213973799128,1.2691,-0.6276,0.7948,0.6081
2004-09-07,2004,15.3,0.5,31.7,16.4,21.03,22.19,0.9477242000901307,1.2756,-0.6313,0.8518,0.8397
2004-09-08,2004,16.1,1.3000000000000007,28.4,12.3,8.24,20.75,0.39710843373493976,7.7758,3.2766,9.6847,9.4703
2004-09-09,2004,12.0,0,24.1,12.1,22.13,22.79,0.9710399297937692,1.2351,-0.411,0.8443,0.7618
2004-09-10,2004,8.0,0,21.2,13.2,8.6,21.19,0.40585181689476163,3.9499,2.4173,7.1729,7.152
2004-09-11,2004,10.3,0,22.1,11.8,20.19,22.25,0.9074157303370787,0.783,-0.1784,0.6467,0.6221
2004-09-12,2004,14.7,0,27.8,13.1,22.1,22.54,0.9804791481810117,2.4355,-0.879,0.4712,0.3787
2004-09-13,2004,12.9,0,29.2,16.3,21.43,21.72,0.9866482504604052,7.2627,3.262,8.8907,7.456
2004-09-14,2004,13.4,0,24.6,11.2,11.07,20.57,0.5381623723869713,6.1076,2.6476,10.267,10.2071
2004-09-15,2004,8.0,0,18.7,10.7,21.38,22.19,0.9634970707525912,1.2009,0.407,1.0996,0.8709
2004-09-16,2004,11.7,0,20.7,9.0,21.21,21.64,0.9801293900184843,0.8107,0.0331,1.0925,0.8206
2004-09-17,2004,8.9,0,20.9,12.0,15.01,19.27,0.7789309807991697,0.7396,0.1209,0.9051,0.8858
2004-09-18,2004,9.2,0,22.9,13.7,17.25,21.07,0.8186995728523968,1.3579,0.4684,1.5086,1.5086
2004-09-19,2004,14.0,0,25.5,11.5,19.06,20.31,0.9384539635647464,0.9271,-0.3017,0.543,0.5033
2004-09-20,2004,13.4,0,27.2,13.8,19.36,19.75,0.980253164556962,0.8737,0.0507,1.1593,1.0913
2004-09-21,2004,9.5,0,23.5,14.0,19.44,19.71,0.9863013698630138,1.8157,0.4635,2.1636,2.104
2004-09-22,2004,8.0,0,19.3,11.3,5.99,18.9,0.31693121693121695,4.4174,2.2972,6.7746,6.7167
2004-09-23,2004,6.9,0,17.8,10.9,17.86,19.97,0.8943415122684026,0.9544,0.6754,1.0628,0.7999
2004-09-24,2004,9.3,0,18.8,9.5,18.58,19.81,0.9379101463907117,0.8776,-0.1275,0.6779,0.5267
2004-09-25,2004,11.8,0,20.6,8.8,19.25,19.6,0.9821428571428571,0.8841,-0.2453,0.8703,0.8374
2004-09-26,2004,9.2,0,19.6,10.4,19.0,19.41,0.9788768675940237,0.8901,-0.1411,0.8012,0.6576
2004-09-27,2004,10.2,0,20.4,10.2,18.13,18.93,0.9577390385631273,1.9538,0.5915,2.8617,2.3011
2004-09-28,2004,11.7,0,14.5,2.8,6.85,18.86,0.36320254506892896,5.9986,1.1734,9.5081,9.3447
2004-09-29,2004,7.8,0,8.3,0.5,19.6,20.17,0.9717402082300446,0.4746,0.1223,0.6549,0.5521
2004-09-30,2004,11.6,0,12.1,0.5,19.19,19.57,0.9805825242718447,0.9347,0.0563,0.741,0.5715
2005-05-01,2005,14.6,0,26.8,12.2,24.67,26.31,0.9376662865830484,1.0021,-0.2393,0.9015,0.8357
2005-05-02,2005,9.4,0,25.2,15.8,14.48,23.09,0.6271113035946297,1.7741,0.5141,1.4812,1.3134
2005-05-03,2005,12.8,0,23.3,10.5,16.37,27.9,0.5867383512544804,4.1065,3.2536,5.9887,5.954
2005-05-04,2005,15.4,0.5999999999999996,20.6,5.2,28.91,29.79,0.9704598858677409,2.0179,-1.1822,0.6997,-0.2543
2005-05-05,2005,16.3,1.5,25.6,9.3,28.37,29.11,0.9745791824115425,1.3736,-0.5104,0.5722,0.1435
2005-05-06,2005,13.1,0,26.0,12.9,25.8,27.72,0.9307359307359307,1.2518,-0.6058,0.3769,0.344
2005-05-07,2005,14.8,0,29.4,14.6,25.54,27.79,0.9190356243252968,1.27,-0.8279,0.4386,0.3928
2005-05-08,2005,7.9,0,27.0,19.1,21.48,26.3,0.8167300380228136,1.0331,0.8455,1.3693,1.3676
2005-05-09,2005,11.0,0,28.3,17.3,27.34,29.01,0.9424336435711823,1.2002,-0.6648,0.4239,0.2808
2005-05-10,2005,9.9,0,27.0,17.1,24.6,28.42,0.8655876143560872,1.913,1.4238,2.2772,2.25
2005-05-11,2005,9.0,0,23.2,14.2,17.53,27.49,0.6376864314296109,1.5017,0.9995,1.3229,1.1566
2005-05-12,2005,7.8,0,22.2,14.4,11.56,27.56,0.41944847605224966,0.3748,0.1334,0.4949,0.3308
2005-05-13,2005,10.8,0,21.3,10.5,13.88,25.05,0.5540918163672655,4.9023,2.1068,8.1251,8.0028
2005-05-14,2005,6.4,0,15.0,8.6,16.75,29.92,0.5598262032085561,1.6573,-0.1942,0.9089,0.368
2005-05-15,2005,8.3,0,18.3,10.0,20.22,30.22,0.6690933156849769,1.1559,0.0198,0.7005,0.1066
2005-05-16,2005,10.7,0,21.1,10.4,27.0,30.13,0.896116827082642,1.1171,0.4927,0.524,0.4165
2005-05-17,2005,13.8,0,19.1,5.3,17.37,28.54,0.6086194814295726,3.0217,1.5654,4.5423,4.4861
2005-05-18,2005,9.1,0,19.6,10.5,24.66,30.07,0.8200864649151979,1.1036,0.0987,0.4947,0.3655
2005-05-19,2005,13.5,0,24.5,11.0,24.47,29.74,0.8227975790181574,1.8649,-0.4947,0.7104,0.7103
2005-05-20,2005,7.2,0,22.5,15.3,18.09,28.97,0.6244390749050742,0.8535,0.4202,0.6526,0.6305
2005-05-21,2005,11.5,0,24.9,13.4,28.56,30.69,0.9305962854349951,0.7927,-0.308,0.4961,0.3826
2005-05-22,2005,11.9,0,27.2,15.3,24.41,30.43,0.8021689122576405,1.4267,0.5183,2.265,1.9123
2005-05-23,2005,8.3,0,25.3,17.0,18.06,29.12,0.6201923076923076,1.2679,0.8649,1.7423,1.3723
2005-05-24,2005,11.1,0,26.3,15.2,20.34,29.22,0.6960985626283368,0.9321,-0.2562,0.8218,0.8137
2005-05-25,2005,11.4,0,24.1,12.7,10.36,28.15,0.3680284191829485,5.0902,2.3806,5.2875,5.0991
2005-05-26,2005,11.4,0,25.4,14.0,20.46,30.24,0.6765873015873016,1.501,0.487,2.1722,1.9517
2005-05-27,2005,13.2,0,21.3,8.1,16.41,29.2,0.561986301369863,6.0906,2.3401,8.1755,7.9024
2005-05-28,2005,11.2,0,19.6,8.4,20.0,29.83,0.670465973851827,1.6923,0.4451,1.9083,1.3183
2005-05-29,2005,10.9,0,22.1,11.2,26.46,30.94,0.8552036199095022,1.6853,0.4822,2.6005,2.3376
2005-05-30,2005,15.5,0.6999999999999993,28.1,12.6,28.91,30.87,0.9365079365079365,1.6544,-0.8676,0.5938,0.5827
2005-05-31,2005,12.9,0,29.4,16.5,26.43,30.47,0.8674105677715787,1.003,-0.1778,0.6094,0.5811
2005-06-01,2005,12.2,0,30.9,18.7,28.45,30.22,0.9414295168762409,0.7636,-0.2497,0.1745,0.1727
2005-06-02,2005,14.5,0,29.4,14.9,21.76,29.56,0.736129905277402,6.5512,5.3935,10.7099,10.6982
2005-06-03,2005,8.2,0,16.7,8.5,18.9,31.63,0.597533986721467,2.0363,0.1458,0.4119,0.0984
2005-06-04,2005,13.6,0,21.9,8.3,31.85,32.32,0.9854579207920793,1.3617,-0.6657,0.8191,0.2036
2005-06-05,2005,14.8,0,26.6,11.8,30.9,31.83,0.9707822808671065,1.2436,-0.7206,0.091,0.0909
2005-06-06,2005,13.7,0,29.4,15.7,29.04,31.02,0.9361702127659575,2.0362,-1.0665,0.8267,0.8038
2005-06-07,2005,7.1,0,28.0,20.9,21.29,30.57,0.6964344128230291,0.9472,0.7061,0.3662,0.3647
2005-06-08,2005,9.1,0,28.9,19.8,29.41,31.36,0.9378188775510204,0.9715,0.2313,0.7221,0.6079
2005-06-09,2005,12.7,0,31.3,18.6,31.07,31.97,0.9718486080700657,0.9217,-0.3163,0.6265,0.5657
2005-06-10,2005,11.7,0,31.2,19.5,22.53,30.98,0.7272433828276308,1.0909,-0.3501,1.0606,0.9718
2005-06-11,2005,11.2,0,32.4,21.2,29.91,31.58,0.9471184293856872,1.4034,-0.7474,0.3576,0.2007
2005-06-12,2005,10.0,0,31.2,21.2,28.99,31.04,0.9339561855670103,1.0563,-0.4126,0.4966,0.4667
2005-06-13,2005,9.5,0,29.5,20.0,23.82,29.98,0.7945296864576384,3.1096,2.3266,4.6877,4.545
2005-06-14,2005,4.9,0,25.1,20.2,13.79,29.08,0.47420907840440163,0.849,0.4616,0.9134,0.8403
2005-06-15,2005,10.2,0,30.7,20.5,17.92,30.07,0.595942800133023,0.8129,-0.2652,0.4928,0.361
2005-06-16,2005,11.5,0,33.7,22.2,27.21,29.28,0.9293032786885246,0.5553,-0.0433,0.29,0.1441
2005-06-17,2005,11.3,0,33.3,22.0,20.43,29.36,0.6958446866485014,2.5215,1.4025,4.3015,3.4564
2005-06-18,2005,13.1,0,34.2,21.1,27.62,30.1,0.9176079734219269,1.0075,-0.5379,0.3033,0.1136
2005-06-19,2005,13.7,0,36.7,23.0,26.95,30.55,0.8821603927986906,0.9998,-0.1093,1.2715,1.0341
2005-06-20,2005,15.2,0.3999999999999986,33.5,18.3,17.58,29.78,0.590329079919409,7.3323,3.1421,12.268,12.2078
2005-06-21,2005,11.1,0,26.9,15.8,23.48,28.87,0.8133010045029442,1.5229,0.1113,1.0857,0.5728
2005-06-22,2005,9.5,0,28.7,19.2,22.13,30.47,0.726288152280932,0.8932,-0.2052,0.9864,0.9571
2005-06-23,2005,9.8,0,28.8,19.0,23.86,30.42,0.7843523997370151,1.3686,-0.3856,1.9106,1.4427
2005-06-24,2005,14.3,0,33.9,19.6,28.83,31.02,0.9294003868471953,1.9583,-0.4209,0.9291,0.9112
2005-06-25,2005,15.1,0.29999999999999893,31.7,16.6,15.39,27.02,0.569578090303479,5.8678,4.8357,7.3002,7.2212
2005-06-26,2005,11.9,0,25.2,13.3,20.84,29.59,0.7042919905373437,3.4488,1.6149,6.1786,4.8374
2005-06-27,2005,11.9,0,24.7,12.8,27.45,30.81,0.8909444985394352,1.3638,-0.9118,0.3538,0.2884
2005-06-28,2005,10.0,0,25.7,15.7,20.72,30.74,0.6740403383214053,0.7672,0.376,0.9868,0.9868
2005-06-29,2005,7.5,0,24.4,16.9,16.67,29.99,0.5558519506502169,1.1107,0.3243,1.6597,1.6156
2005-06-30,2005,10.1,0,26.8,16.7,28.4,31.17,0.9111324991979467,0.6629,-0.0506,0.3847,0.1329
2005-07-01,2005,13.1,0,30.6,17.5,29.32,31.74,0.9237555135475741,1.2957,-0.3797,0.8147,0.73
2005-07-02,2005,12.9,0,32.3,19.4,22.47,30.83,0.7288355497891664,1.3375,0.2496,1.9325,1.8908
2005-07-03,2005,10.0,0,31.7,21.7,23.57,30.13,0.7822768005310322,1.1805,0.4516,1.8447,1.6393
2005-07-04,2005,8.5,0,29.6,21.1,19.97,29.97,0.666332999666333,1.3203,0.0881,2.0477,1.9662
2005-07-05,2005,10.3,0,31.6,21.3,21.49,29.18,0.7364633310486635,1.7277,0.7897,3.0363,3.0244
2005-07-06,2005,11.4,0,32.9,21.5,20.83,29.05,0.717039586919105,0.8013,0.4863,1.5237,1.5184
2005-07-07,2005,10.7,0,33.2,22.5,18.86,28.88,0.6530470914127424,0.9646,-0.2963,0.7984,0.7541
2005-07-08,2005,6.3,0,31.1,24.8,10.78,26.66,0.40435108777194295,2.5564,1.7395,2.8287,2.8285
2005-07-09,2005,10.3,0,33.5,23.2,24.45,29.04,0.8419421487603306,0.9534,0.1738,0.1392,0.0743
2005-07-10,2005,13.9,0,36.5,22.6,27.72,29.81,0.9298892988929889,0.769,-0.2541,0.5616,0.4402
2005-07-11,2005,10.0,0,35.0,25.0,22.69,27.99,0.8106466595212577,2.1195,1.5958,3.542,3.5389
2005-07-12,2005,11.0,0,34.5,23.5,24.79,28.87,0.8586768271562175,0.7506,0.3363,1.3389,1.0374
2005-07-13,2005,11.8,0,36.3,24.5,26.75,28.82,0.9281748785565579,0.6986,0.1092,0.5368,0.4958
2005-07-14,2005,9.2,0,34.3,25.1,15.95,28.53,0.5590606379249912,4.8736,3.9903,5.9981,5.9783
2005-07-15,2005,9.8,0,27.7,17.9,21.96,27.83,0.7890765361121093,1.4635,0.0591,0.442,0.3969
2005-07-16,2005,12.5,0,26.5,14.0,5.99,27.26,0.21973587674247982,7.2501,4.2529,11.1064,11.0071
2005-07-17,2005,11.9,0,26.3,14.4,27.89,29.8,0.9359060402684564,1.0556,-0.39,0.3484,0.2869
2005-07-18,2005,8.1,0,24.6,16.5,12.31,28.82,0.4271339347675226,2.9981,2.2256,3.5921,3.3819
2005-07-19,2005,12.9,0,28.7,15.8,30.26,30.64,0.9875979112271541,1.2633,-0.6629,0.4128,0.3326
2005-07-20,2005,10.6,0,30.1,19.5,22.31,29.04,0.7682506887052342,1.1285,0.68,1.4364,1.3003
2005-07-21,2005,9.3,0,27.5,18.2,24.2,29.32,0.82537517053206,0.6836,0.216,0.6142,0.2165
2005-07-22,2005,15.1,0.29999999999999893,33.1,18.0,27.92,29.2,0.9561643835616439,1.4763,-0.6494,0.7625,0.6628
2005-07-23,2005,9.6,0,32.2,22.6,25.01,28.78,0.8690062543432939,1.2095,0.4826,1.8395,1.6981
2005-07-24,2005,9.2,0,32.4,23.2,24.17,28.19,0.857396239801348,0.75,-0.0044,0.219,0.2174
2005-07-25,2005,7.5,0,32.1,24.6,22.18,27.55,0.80508166969147,1.015,0.5805,1.056,1.0553
2005-07-26,2005,8.3,0,30.3,22.0,12.69,26.82,0.47315436241610737,3.5907,2.6968,6.2489,6.2118
2005-07-27,2005,8.9,0,28.9,20.0,23.47,27.52,0.8528343023255813,0.9798,-0.2028,0.3343,0.3282
2005-07-28,2005,7.4,0,29.1,21.7,22.1,28.3,0.7809187279151943,1.148,0.3627,0.5136,0.5062
2005-07-29,2005,10.3,0,31.5,21.2,24.36,28.08,0.8675213675213675,0.4901,-0.2623,0.4899,0.4899
2005-07-30,2005,11.5,0,32.3,20.8,27.04,28.61,0.9451240824886403,1.1209,-0.4845,0.8364,0.7829
2005-07-31,2005,6.8,0,29.9,23.1,12.31,26.92,0.45728083209509657,2.2862,1.6709,2.8214,2.3835
2005-08-01,2005,13.5,0,34.3,20.8,28.58,28.91,0.9885852646143203,0.8906,-0.4767,0.2757,0.169
2005-08-02,2005,14.0,0,36.4,22.4,28.14,28.59,0.9842602308499475,1.5977,-0.6531,0.8138,0.7883
2005-08-03,2005,8.0,0,33.9,25.9,11.13,26.88,0.41406250000000006,4.719,3.4094,7.2637,7.2625
2005-08-04,2005,5.9,0,29.2,23.3,14.65,26.72,0.5482784431137725,1.3754,0.7414,1.8269,1.8256
2005-08-05,2005,10.6,0,26.7,16.1,4.34,26.03,0.16673069535151747,6.2635,2.2576,8.8932,8.7142
2005-08-06,2005,4.4,0,21.7,17.3,10.47,26.63,0.39316560270371764,1.2578,0.6398,0.9256,0.5554
2005-08-07,2005,9.8,0,26.7,16.9,22.57,26.95,0.8374768089053803,1.0141,-0.4559,0.4024,0.4022
2005-08-08,2005,10.8,0,29.9,19.1,26.1,27.48,0.9497816593886463,0.5282,-0.2922,0.2839,0.2428
2005-08-09,2005,7.9,0,29.1,21.2,19.45,26.67,0.7292838395200599,3.9413,2.5763,3.5635,3.1531
2005-08-10,2005,11.4,0,27.3,15.9,23.31,26.28,0.8869863013698629,1.5743,-0.9865,0.5974,0.101
2005-08-11,2005,12.2,0,31.2,19.0,24.55,26.93,0.9116227255848497,1.519,-0.1258,0.8287,0.8011
2005-08-12,2005,13.6,0,28.9,15.3,10.65,26.28,0.4052511415525114,7.4522,5.9362,11.328,11.3157
2005-08-13,2005,6.8,0,17.8,11.0,16.48,26.81,0.6146960089518837,0.8656,-0.6412,0.285,0.1552
2005-08-14,2005,11.0,0,23.6,12.6,27.19,27.55,0.9869328493647913,0.9186,-0.4957,0.1456,0.0569
2005-08-15,2005,11.5,0,26.4,14.9,26.71,27.11,0.9852452969383991,0.6368,-0.2747,0.1404,0.123
2005-08-16,2005,12.0,0,28.3,16.3,25.06,26.5,0.9456603773584905,0.8403,-0.1543,0.422,0.3384
2005-08-17,2005,10.6,0,28.5,17.9,23.05,25.95,0.8882466281310213,1.2588,0.5882,1.9387,1.3667
2005-08-18,2005,6.7,0,24.5,17.8,6.5,25.56,0.2543035993740219,2.7307,1.3051,4.164,3.5967
2005-08-19,2005,10.4,0,28.3,17.9,18.12,24.93,0.726835138387485,1.5348,0.2279,2.4704,2.2691
2005-08-20,2005,10.2,0,28.7,18.5,23.22,25.48,0.9113029827315541,0.7983,-0.0522,0.3526,0.3263
2005-08-21,2005,13.5,0,30.9,17.4,25.01,26.03,0.9608144448713024,1.0592,-0.672,0.1696,0.168
2005-08-22,2005,12.4,0,34.6,22.2,25.38,25.65,0.9894736842105263,2.3152,-0.2149,0.8707,0.7796
2005-08-23,2005,15.4,0.5999999999999996,31.9,16.5,17.51,24.58,0.7123677786818553,5.8691,4.5237,8.9672,8.9353
2005-08-24,2005,11.2,0,27.4,16.2,23.71,24.72,0.9591423948220066,1.4293,-0.2748,1.1947,1.1425
2005-08-25,2005,9.0,0,26.6,17.6,21.74,24.49,0.8877092690894243,1.1441,0.4005,1.6211,1.3266
2005-08-26,2005,9.8,0,26.1,16.3,18.21,23.83,0.7641628199748217,1.2623,0.0557,2.0011,1.6201
2005-08-27,2005,10.1,0,28.6,18.5,19.29,24.22,0.79644921552436,3.2436,1.862,3.349,3.1452
2005-08-28,2005,12.2,0,22.9,10.7,8.72,22.51,0.38738338516215015,6.9219,5.5228,10.4576,10.452
2005-08-29,2005,8.3,0,18.5,10.2,21.75,23.51,0.9251382390472139,0.6808,-0.1024,0.3591,0.3022
2005-08-30,2005,12.0,0,23.7,11.7,23.85,24.43,0.9762586983217356,1.1902,0.0079,1.562,1.1508
2005-08-31,2005,9.5,0,24.1,14.6,22.39,23.85,0.9387840670859539,0.5821,0.0068,0.8719,0.8615
2005-09-01,2005,14.4,0,28.9,14.5,23.07,23.76,0.9709595959595959,1.3698,-0.5,0.5026,0.4232
2005-09-02,2005,9.6,0,26.7,17.1,19.62,23.03,0.8519322622666088,1.2198,0.6084,1.8763,1.8426
2005-09-03,2005,12.3,0,28.9,16.6,22.76,23.48,0.9693356047700171,0.7178,0.0331,0.6055,0.5497
2005-09-04,2005,11.1,0,29.0,17.9,21.4,23.25,0.9204301075268817,0.6211,0.011,0.4676,0.3754
2005-09-05,2005,12.2,0,30.8,18.6,21.72,22.86,0.9501312335958005,0.5156,0.058,0.4359,0.3904
2005-09-06,2005,14.0,0,32.9,18.9,21.62,22.65,0.9545253863134658,0.7842,-0.0275,0.8677,0.7038
2005-09-07,2005,16.0,1.1999999999999993,36.7,20.7,22.34,22.61,0.9880583812472358,2.3807,0.5079,3.233,3.0004
2005-09-08,2005,14.0,0,30.2,16.2,9.28,21.01,0.441694431223227,7.4352,4.4195,11.7692,11.6841
2005-09-09,2005,9.1,0,21.6,12.5,11.5,21.2,0.5424528301886793,4.1348,1.102,7.4379,7.4331
2005-09-10,2005,9.8,0,22.0,12.2,19.55,21.81,0.8963778083447961,1.0414,-0.2236,1.0774,1.0747
2005-09-11,2005,8.1,0,20.9,12.8,15.1,21.92,0.6888686131386861,1.2472,0.7661,0.9782,0.9446
2005-09-12,2005,13.6,0,24.8,11.2,22.35,22.72,0.9837147887323945,3.0365,-1.432,0.6353,0.623
2005-09-13,2005,9.6,0,26.6,17.0,19.26,21.76,0.8851102941176471,2.9056,-0.3376,2.4956,2.4177
2005-09-14,2005,11.8,0,27.5,15.7,20.76,21.42,0.969187675070028,0.8902,-0.1855,1.1966,1.0907
2005-09-15,2005,10.2,0,24.1,13.9,17.15,20.92,0.8197896749521987,2.4711,1.5429,2.5809,2.556
2005-09-16,2005,12.9,0,25.2,12.3,19.05,20.46,0.9310850439882697,1.7038,-0.3653,1.0323,0.9356
2005-09-17,2005,9.8,0,25.6,15.8,17.12,20.42,0.8383937316356513,1.1368,0.1622,1.4723,1.2214
2005-09-18,2005,13.3,0,27.6,14.3,20.4,20.72,0.9845559845559846,1.1162,-0.3241,0.9684,0.7326
2005-09-19,2005,8.3,0,24.1,15.8,11.86,19.53,0.6072708653353814,1.6959,1.3131,2.3138,2.2271
2005-09-20,2005,8.3,0,24.1,15.8,16.1,19.37,0.8311822405782138,0.6743,0.2207,1.1453,1.0202
2005-09-21,2005,10.6,0,24.5,13.9,18.39,20.13,0.9135618479880776,0.9993,-0.2999,0.8134,0.6229
2005-09-22,2005,12.0,0,26.3,14.3,19.62,20.14,0.974180734856008,0.7719,0.0677,0.9849,0.7446
2005-09-23,2005,9.7,0,22.9,13.2,18.78,19.29,0.9735614307931572,2.4514,0.9522,2.754,2.7216
2005-09-24,2005,8.8,0,20.3,11.5,16.84,19.19,0.877540385617509,0.9834,-0.2999,0.7692,0.6346
2005-09-25,2005,11.0,0,22.4,11.4,15.32,18.32,0.8362445414847162,1.6311,-0.8271,0.7799,0.7762
2005-09-26,2005,8.7,0,22.9,14.2,16.79,18.61,0.9022031166039763,1.6724,-0.0216,1.5448,1.4165
2005-09-27,2005,12.0,0,19.3,7.3,15.09,18.4,0.8201086956521739,3.0393,0.1844,3.9915,3.8513
2005-09-28,2005,6.3,0,17.2,10.9,11.77,18.24,0.6452850877192983,0.8131,0.6183,1.1598,0.9139
2005-09-29,2005,8.8,0,17.6,8.8,16.88,18.63,0.9060654857756307,1.2714,-0.2955,1.0263,0.8187
2005-09-30,2005,6.9,0,17.6,10.7,15.9,18.27,0.8702791461412152,0.8006,0.2692,1.2372,1.0884
2006-05-01,2006,8.6,0,21.5,12.9,11.04,24.48,0.4509803921568627,1.8856,0.4586,1.8603,1.6614
2006-05-02,2006,10.4,0,20.9,10.5,19.77,25.48,0.7759026687598116,1.8154,1.1294,2.3877,2.001
2006-05-03,2006,7.8,0,16.3,8.5,10.66,26.74,0.3986537023186238,3.7471,2.7376,5.5704,5.515
2006-05-04,2006,7.2,0,15.0,7.8,10.46,25.45,0.41100196463654226,3.1743,1.5758,4.9068,4.6539
2006-05-05,2006,9.4,0,15.5,6.1,20.19,28.35,0.7121693121693122,1.1261,-0.1253,0.7881,0.1195
2006-05-06,2006,8.2,0,15.1,6.9,13.0,26.13,0.4975124378109453,3.6781,2.1105,4.5235,4.4954
2006-05-07,2006,8.3,0,10.1,1.8,12.69,29.01,0.437435367114788,4.9528,1.8155,7.1625,7.0913
2006-05-08,2006,6.4,0,9.2,2.8,24.02,30.16,0.7964190981432361,0.7406,0.3743,0.4049,0.1092
2006-05-09,2006,12.3,0,14.4,2.1,25.14,28.76,0.8741307371349095,1.039,-0.5312,0.668,0.6517
2006-05-10,2006,7.4,0,12.4,5.0,17.27,28.76,0.6004867872044506,1.2812,0.6427,2.062,1.9015
2006-05-11,2006,10.2,0,14.7,4.5,25.69,29.23,0.8788915497776257,0.7954,-0.253,0.4303,-0.1159
2006-05-12,2006,12.8,0,21.1,8.3,28.34,29.84,0.9497319034852547,3.0215,-2.0836,0.4342,0.2301
2006-05-13,2006,9.3,0,25.3,16.0,27.3,29.18,0.9355723098012337,1.3874,-0.233,0.5445,0.5427
2006-05-14,2006,10.7,0,27.1,16.4,23.48,27.69,0.8479595521849043,0.902,0.5422,0.3393,-0.0386
2006-05-15,2006,11.7,0,27.7,16.0,28.31,29.02,0.9755341144038594,0.9856,-0.0788,0.6384,0.4044
2006-05-16,2006,14.0,0,30.2,16.2,27.44,29.53,0.9292245174398917,1.1068,-0.7547,0.3691,0.171
2006-05-17,2006,12.8,0,31.9,19.1,28.49,29.44,0.9677309782608695,2.0311,-0.2975,0.4299,0.2451
2006-05-18,2006,19.7,4.899999999999999,30.5,10.8,13.09,28.22,0.463855421686747,8.7778,6.5929,14.4941,14.4928
2006-05-19,2006,9.2,0,20.1,10.9,29.67,30.54,0.9715127701375247,0.6838,0.0189,0.5782,0.3118
2006-05-20,2006,15.4,0.5999999999999996,27.0,11.6,27.47,28.4,0.9672535211267606,3.8404,-2.4322,0.8805,-0.2472
2006-05-21,2006,6.0,0,28.0,22.0,24.0,26.79,0.8958566629339306,2.5262,1.4062,0.4019,0.4019
2006-05-22,2006,14.2,0,26.8,12.6,11.13,27.34,0.4070958302852963,6.2611,4.6932,8.032,7.9793
2006-05-23,2006,14.5,0,25.3,10.8,29.38,30.88,0.9514248704663213,1.7913,-0.693,0.7172,0.6654
2006-05-24,2006,7.7,0,22.7,15.0,13.17,28.81,0.4571329399514058,3.0683,1.6469,2.8511,2.7086
2006-05-25,2006,15.3,0.5,28.2,12.9,30.94,31.69,0.9763332281476806,1.9384,-0.774,0.6458,0.1764
2006-05-26,2006,10.6,0,26.9,16.3,24.08,30.17,0.7981438515081205,2.3858,0.6096,4.0001,3.5472
2006-05-27,2006,12.2,0,29.0,16.8,28.18,30.3,0.93003300330033,1.0927,-0.579,0.2461,0.0591
2006-05-28,2006,10.0,0,29.1,19.1,29.91,30.65,0.9758564437194128,0.5938,-0.0909,0.2648,0.036
2006-05-29,2006,12.2,0,28.2,16.0,30.42,31.11,0.9778206364513019,1.2417,0.7959,1.7659,1.7646
2006-05-30,2006,11.9,0,29.1,17.2,31.16,31.61,0.9857639987345777,0.8036,-0.0544,0.5769,0.4841
2006-05-31,2006,9.0,0,29.1,20.1,19.63,29.5,0.6654237288135593,1.3804,1.1399,0.6352,0.4485
2006-06-01,2006,11.7,0,28.2,16.5,28.47,31.6,0.9009493670886075,1.012,0.227,1.0437,1.0005
2006-06-02,2006,8.1,0,26.7,18.6,21.15,30.88,0.6849093264248705,3.1127,1.4779,3.8972,3.7521
2006-06-03,2006,10.8,0,27.0,16.2,17.57,29.27,0.6002733173898189,2.394,1.5665,0.9254,0.9051
2006-06-04,2006,14.2,0,25.2,11.0,12.17,28.62,0.4252271139063592,4.3336,2.9479,6.6552,6.6208
2006-06-05,2006,9.5,0,23.5,14.0,29.38,30.92,0.9501940491591202,0.9126,0.4445,0.6421,0.3806
2006-06-06,2006,12.7,0,27.5,14.8,29.63,31.0,0.9558064516129032,1.9064,-0.9899,0.2423,-0.0417
2006-06-07,2006,8.4,0,27.3,18.9,24.2,30.22,0.800794176042356,0.9872,0.3245,0.6381,0.4941
2006-06-08,2006,11.7,0,29.8,18.1,27.91,30.48,0.9156824146981627,0.725,-0.0187,0.8135,0.7673
2006-06-09,2006,10.6,0,31.0,20.4,26.49,30.54,0.8673870333988212,0.4065,-0.1923,0.2641,0.2289
2006-06-10,2006,7.3,0,29.5,22.2,20.8,29.2,0.7123287671232877,1.454,1.0043,1.9752,1.958
2006-06-11,2006,7.7,0,29.4,21.7,22.27,29.87,0.7455641111483093,0.6815,0.3034,1.1395,1.138
2006-06-12,2006,9.1,0,29.7,20.6,30.01,31.0,0.9680645161290323,0.903,-0.1851,0.425,0.2646
2006-06-13,2006,11.0,0,31.5,20.5,31.18,31.83,0.979579013509268,0.5963,-0.2606,0.5352,0.0652
2006-06-14,2006,14.8,0,35.4,20.6,25.42,30.39,0.8364593616321159,1.5615,0.6749,2.6054,2.1157
2006-06-15,2006,16.2,1.3999999999999986,30.2,14.0,4.35,27.34,0.15910753474762251,9.0817,6.025,13.0717,13.044
2006-06-16,2006,8.5,0,18.8,10.3,19.25,30.45,0.632183908045977,1.7159,0.08,0.9271,0.5521
2006-06-17,2006,9.0,0,23.3,14.3,24.09,31.59,0.7625830959164293,0.8458,-0.2315,0.1947,0.1772
2006-06-18,2006,11.3,0,27.1,15.8,24.23,30.25,0.80099173553719,0.914,-0.1592,0.3278,0.3079
2006-06-19,2006,9.9,0,28.2,18.3,22.26,30.33,0.7339268051434225,1.1995,0.7427,1.6558,1.5827
2006-06-20,2006,12.4,0,29.7,17.3,25.57,30.87,0.8283122772918691,0.9966,0.2074,0.8548,0.8037
2006-06-21,2006,10.6,0,29.1,18.5,29.2,30.73,0.9502115196876016,0.7353,0.0609,0.2545,0.2488
2006-06-22,2006,13.3,0,32.5,19.2,29.88,31.3,0.9546325878594248,1.063,-0.5698,0.4375,0.21
2006-06-23,2006,11.0,0,33.3,22.3,22.45,30.37,0.7392163319064866,1.3799,0.1953,2.3364,2.3306
2006-06-24,2006,9.7,0,31.5,21.8,17.31,29.04,0.5960743801652892,2.6056,1.4862,4.6502,4.4489
2006-06-25,2006,10.5,0,30.7,20.2,22.73,28.74,0.7908837856645791,0.579,0.1432,0.5597,0.5585
2006-06-26,2006,10.9,0,29.2,18.3,27.69,29.59,0.9357891179452518,0.8774,-0.398,0.304,0.2889
2006-06-27,2006,12.1,0,32.8,20.7,29.16,30.42,0.9585798816568046,1.1563,-0.4692,0.7289,0.7281
2006-06-28,2006,8.5,0,30.9,22.4,20.43,29.39,0.6951343994555971,2.3776,1.5384,4.1479,4.0638
2006-06-29,2006,11.7,0,31.7,20.0,26.29,30.46,0.8630991464215364,1.1027,-0.1461,1.5624,1.1503
2006-06-30,2006,11.3,0,30.8,19.5,22.73,29.43,0.7723411484879374,2.3344,-0.2959,0.4914,0.3714
2006-07-01,2006,12.5,0,34.4,21.9,28.59,30.8,0.9282467532467532,0.8722,-0.2818,0.4657,0.4607
2006-07-02,2006,9.3,0,32.8,23.5,23.74,29.68,0.799865229110512,1.3064,0.8125,2.251,2.1747
2006-07-03,2006,9.0,0,29.1,20.1,6.45,28.7,0.22473867595818817,4.9046,3.2652,7.796,7.7904
2006-07-04,2006,11.9,0,31.3,19.4,25.64,29.8,0.8604026845637583,1.3625,-0.1692,1.7772,1.7426
2006-07-05,2006,11.4,0,33.5,22.1,27.19,30.36,0.8955862977602108,0.9454,-0.1972,0.8604,0.7183
2006-07-06,2006,7.9,0,32.6,24.7,25.74,29.96,0.8591455273698264,2.8813,1.281,0.9466,0.897
2006-07-07,2006,17.5,2.6999999999999993,31.3,13.8,17.72,29.77,0.5952300974135035,6.9358,4.3195,8.5324,8.4573
2006-07-08,2006,9.2,0,25.1,15.9,24.19,31.02,0.7798194713088331,0.8462,0.3912,0.6425,0.5305
2006-07-09,2006,12.2,0,29.3,17.1,25.15,30.86,0.8149708360337006,1.9829,0.8776,3.0185,2.9272
2006-07-10,2006,9.4,0,25.2,15.8,22.94,29.78,0.7703156480859638,0.9475,0.4376,1.3721,1.37
2006-07-11,2006,13.8,0,26.0,12.2,28.65,30.93,0.9262851600387972,2.0831,-1.0251,0.4058,0.3948
2006-07-12,2006,8.1,0,25.2,17.1,21.35,29.4,0.7261904761904763,1.0407,0.2023,1.5406,1.4857
2006-07-13,2006,10.9,0,27.6,16.7,22.24,27.65,0.8043399638336347,1.1235,-0.3962,0.3919,0.3919
2006-07-14,2006,7.0,0,26.1,19.1,9.28,28.0,0.3314285714285714,2.971,2.4103,4.1692,4.0911
2006-07-15,2006,8.3,0,25.2,16.9,20.8,27.84,0.7471264367816092,0.7363,0.1309,0.7434,0.724
2006-07-16,2006,11.8,0,30.1,18.3,27.6,29.69,0.9296059279218593,1.4075,-0.3849,0.5644,0.5432
2006-07-17,2006,8.7,0,29.1,20.4,23.09,29.25,0.7894017094017094,0.7906,0.3035,1.3382,1.3018
2006-07-18,2006,11.6,0,31.3,19.7,29.01,29.48,0.9840569877883311,0.8671,0.0603,0.4913,0.3012
2006-07-19,2006,10.9,0,32.1,21.2,23.28,29.44,0.7907608695652174,2.2249,1.2167,3.067,2.4861
2006-07-20,2006,9.0,0,26.7,17.7,8.9,27.64,0.3219971056439942,2.6697,1.8047,3.1875,3.0833
2006-07-21,2006,10.4,0,29.1,18.7,22.07,28.58,0.7722183344996502,1.0889,0.0577,0.6986,0.6593
2006-07-22,2006,11.7,0,31.7,20.0,28.85,29.27,0.9856508370345064,0.8524,-0.468,0.3064,0.2901
2006-07-23,2006,12.7,0,34.2,21.5,27.91,29.22,0.9551676933607118,1.164,-0.7621,0.1561,0.0359
2006-07-24,2006,12.2,0,33.0,20.8,20.84,27.79,0.7499100395825837,1.8279,0.5724,1.5121,1.5101
2006-07-25,2006,7.8,0,30.3,22.5,15.17,26.68,0.5685907046476761,2.4292,1.5467,2.8613,2.8395
2006-07-26,2006,11.5,0,30.4,18.9,26.59,28.51,0.9326552086987021,1.1886,-0.4284,0.2099,0.1428
2006-07-27,2006,7.9,0,28.9,21.0,14.87,26.64,0.5581831831831832,1.9964,1.3863,1.6918,1.6812
2006-07-28,2006,13.2,0,31.8,18.6,28.54,29.04,0.9827823691460055,1.1043,-0.541,0.1473,0.0476
2006-07-29,2006,12.7,0,33.9,21.2,22.45,28.3,0.7932862190812721,1.4305,0.3567,0.9951,0.9714
2006-07-30,2006,15.0,0.1999999999999993,37.7,22.7,28.36,28.66,0.9895324494068388,0.5991,-0.0532,0.584,0.4951
2006-07-31,2006,16.1,1.3000000000000007,40.6,24.5,28.16,28.54,0.9866853538892782,1.0421,-0.3993,0.4871,0.3823
2006-08-01,2006,12.9,0,38.8,25.9,27.09,27.84,0.9730603448275862,5.0898,3.8184,6.9123,6.9016
2006-08-02,2006,10.3,0,31.1,20.8,21.25,26.52,0.8012820512820513,1.1912,0.5181,0.9348,0.7896
2006-08-03,2006,13.3,0,35.1,21.8,26.5,27.73,0.9556437071763433,1.088,-0.3638,0.8337,0.8227
2006-08-04,2006,9.9,0,34.9,25.0,21.09,26.25,0.8034285714285714,4.3585,2.4945,4.7305,4.2558
2006-08-05,2006,11.2,0,30.9,19.7,15.31,25.3,0.6051383399209486,1.5144,-1.1259,0.4537,0.431
2006-08-06,2006,12.6,0,34.0,21.4,25.69,26.59,0.96615268898082,1.0632,-0.3594,0.6287,0.5998
2006-08-07,2006,11.1,0,32.2,21.1,22.78,25.72,0.885692068429238,1.9903,1.2016,3.1844,2.7296
2006-08-08,2006,12.4,0,32.0,19.6,25.3,26.35,0.9601518026565464,1.2779,-0.8962,0.3014,0.2527
2006-08-09,2006,11.4,0,34.1,22.7,23.78,26.84,0.8859910581222057,0.7685,0.1185,0.2884,0.2551
2006-08-10,2006,11.6,0,32.7,21.1,21.24,25.85,0.8216634429400386,7.0939,5.4894,10.0902,10.0897
2006-08-11,2006,11.9,0,26.2,14.3,24.87,26.61,0.9346110484780158,1.6566,-0.477,0.4749,0.4683
2006-08-12,2006,10.6,0,27.3,16.7,24.81,26.42,0.9390613171839515,0.6177,-0.1495,0.6852,0.6388
2006-08-13,2006,12.6,0,30.1,17.5,25.74,26.35,0.9768500948766602,0.9996,-0.3016,0.7687,0.7685
2006-08-14,2006,14.7,0,33.6,18.9,26.11,26.63,0.9804731505820503,1.5686,-0.7984,0.8779,0.8406
2006-08-15,2006,7.7,0,30.8,23.1,12.68,25.07,0.5057838053450339,4.057,3.0919,6.2097,6.1966
2006-08-16,2006,11.1,0,30.4,19.3,25.11,25.51,0.9843198745589964,0.7054,-0.3809,0.3453,0.3417
2006-08-17,2006,16.3,1.5,28.8,12.5,5.32,23.85,0.2230607966457023,9.6453,4.6203,14.0026,13.9262
2006-08-18,2006,9.7,0,23.7,14.0,23.21,25.62,0.9059328649492584,0.7995,-0.1801,0.3621,0.316
2006-08-19,2006,13.3,0,28.7,15.4,26.63,26.99,0.9866617265653946,0.8573,-0.2963,0.4064,0.3932
2006-08-20,2006,13.7,0,30.4,16.7,25.42,26.23,0.969119329012581,0.8123,-0.0029,0.8126,0.8124
2006-08-21,2006,11.4,0,30.1,18.7,24.67,25.51,0.9670717365738926,0.7908,-0.2081,0.4111,0.3974
2006-08-22,2006,12.5,0,31.6,19.1,24.01,25.43,0.9441604404246953,0.8033,-0.3026,0.5244,0.5234
2006-08-23,2006,10.9,0,31.3,20.4,14.81,24.15,0.6132505175983437,1.0731,0.2314,1.4353,1.2672
2006-08-24,2006,13.6,0,33.9,20.3,24.93,25.16,0.9908585055643879,0.6463,-0.2302,0.3524,0.2908
2006-08-25,2006,11.1,0,33.0,21.9,19.13,24.16,0.7918046357615893,1.4966,0.7072,1.6207,1.5928
2006-08-26,2006,12.0,0,29.7,17.7,21.94,23.92,0.9172240802675585,2.9262,2.1236,4.6796,4.6788
2006-08-27,2006,13.5,0,29.2,15.7,24.9,25.37,0.9814741821048482,0.8928,-0.2507,0.761,0.7248
2006-08-28,2006,12.0,0,28.8,16.8,23.47,24.54,0.9563977180114099,1.6749,-0.4639,1.2282,1.2151
2006-08-29,2006,11.5,0,28.1,16.6,18.64,23.86,0.7812238055322717,2.4622,-0.4052,0.818,0.741
2006-08-30,2006,8.9,0,26.8,17.9,16.02,23.43,0.6837387964148527,1.3529,0.5151,2.0446,2.0073
2006-08-31,2006,8.8,0,23.9,15.1,16.18,22.93,0.7056258177060619,5.1367,3.2609,7.2676,7.2585
2006-09-01,2006,7.9,0,16.3,8.4,19.45,23.18,0.8390854184641933,0.9126,-0.088,0.6761,0.6141
2006-09-02,2006,7.7,0,18.2,10.5,17.14,22.96,0.7465156794425087,0.5366,-0.0659,0.5777,0.5727
2006-09-03,2006,10.7,0,21.2,10.5,22.77,23.02,0.9891398783666377,1.4577,-0.78,0.4627,0.4103
2006-09-04,2006,12.2,0,25.1,12.9,23.31,23.61,0.9872935196950444,0.7235,-0.1853,0.6039,0.5487
2006-09-05,2006,12.8,0,26.0,13.2,22.71,22.97,0.9886808881149326,0.8049,-0.2971,0.5678,0.5481
2006-09-06,2006,12.8,0,28.4,15.6,22.13,23.15,0.9559395248380129,1.1214,-0.1041,1.0382,0.9391
2006-09-07,2006,11.5,0,27.8,16.3,23.06,23.38,0.9863130881094953,1.3204,0.3014,1.3981,1.2737
2006-09-08,2006,10.6,0,26.7,16.1,21.23,22.5,0.9435555555555556,2.2641,-1.1458,1.1952,0.9808
2006-09-09,2006,6.0,0,26.3,20.3,18.49,21.28,0.8688909774436089,1.2139,0.3854,1.8931,1.7104
2006-09-10,2006,11.6,0,28.6,17.0,22.28,22.6,0.9858407079646018,1.5494,-0.0565,1.1748,1.0415
2006-09-11,2006,11.1,0,25.4,14.3,19.07,21.68,0.8796125461254612,1.2206,-0.2321,1.3236,1.2703
2006-09-12,2006,11.2,0,26.9,15.7,20.27,20.95,0.9675417661097853,0.7238,-0.2771,0.5152,0.5042
2006-09-13,2006,14.9,0.09999999999999964,31.1,16.2,21.32,22.0,0.9690909090909091,2.9243,-1.2816,0.4292,0.4134
2006-09-14,2006,10.1,0,28.3,18.2,21.3,21.91,0.9721588315837517,3.3015,0.3001,3.3374,3.3217
2006-09-15,2006,7.7,0,23.0,15.3,14.86,20.87,0.7120268327743171,3.878,2.9158,5.8868,5.8506
2006-09-16,2006,10.4,0,21.3,10.9,18.66,20.4,0.9147058823529413,1.3095,0.4716,0.8032,0.7822
2006-09-17,2006,12.5,0,22.7,10.2,20.76,21.36,0.9719101123595507,0.8401,0.1334,0.713,0.707
2006-09-18,2006,13.8,0,27.9,14.1,20.22,20.71,0.9763399323998068,3.6665,1.9804,5.5245,5.4925
2006-09-19,2006,10.5,0,20.6,10.1,15.67,20.23,0.7745921898171033,5.0578,1.5393,7.1905,6.9487
2006-09-20,2006,2.4,0,10.1,7.7,8.67,18.02,0.4811320754716981,0.4694,0.134,0.2828,0.2034
2006-09-21,2006,12.2,0,17.8,5.6,19.41,19.94,0.973420260782347,1.6113,-0.4031,0.5333,0.4905
2006-09-22,2006,5.7,0,16.2,10.5,11.63,18.25,0.6372602739726028,0.8191,0.1831,0.6228,0.6224
2006-09-23,2006,11.4,0,20.3,8.9,19.74,20.2,0.9772277227722772,0.887,0.1323,1.1536,1.0264
2006-09-24,2006,15.3,0.5,23.9,8.6,19.52,19.85,0.9833753148614609,1.3492,0.5459,2.4964,2.1193
2006-09-25,2006,13.3,0,23.2,9.9,19.12,19.48,0.9815195071868583,1.3349,-0.5621,1.1067,1.0726
2006-09-26,2006,9.2,0,21.7,12.5,16.59,18.61,0.8914562063406771,0.8137,0.335,1.0228,0.7715
2006-09-27,2006,14.7,0,24.7,10.0,18.71,19.3,0.9694300518134715,0.8541,-0.1129,0.5567,0.554
2006-09-28,2006,9.2,0,27.2,18.0,18.63,18.96,0.9825949367088607,2.6729,0.8894,3.4081,3.2442
2006-09-29,2006,14.3,0,27.9,13.6,16.82,18.25,0.9216438356164384,4.874,-0.0006,5.667,5.6492
2006-09-30,2006,5.9,0,19.6,13.7,12.44,17.42,0.714121699196326,0.7776,0.2061,0.9879,0.9843
2007-05-01,2007,9.6,0,21.4,11.8,8.7,24.52,0.3548123980424143,4.4025,1.861,5.7645,5.3487
2007-05-02,2007,14.9,0.09999999999999964,27.6,12.7,28.7,29.22,0.9822039698836413,1.3322,-0.3078,0.6177,0.2201
2007-05-03,2007,11.3,0,26.1,14.8,23.12,27.69,0.8349584687612857,3.2113,2.3488,5.1323,5.0972
2007-05-04,2007,9.4,0,22.7,13.3,23.6,25.95,0.9094412331406552,1.7212,-0.8663,0.2126,0.1675
2007-05-05,2007,7.8,0,25.3,17.5,12.1,25.11,0.48187972919155714,3.3535,1.7059,5.3811,5.3683
2007-05-06,2007,14.9,0.09999999999999964,29.1,14.2,28.16,28.68,0.9818688981868898,1.3241,0.052,0.5076,0.4333
2007-05-07,2007,16.2,1.3999999999999986,27.1,10.9,14.05,25.77,0.5452076057431122,7.0146,4.8165,9.9348,9.8571
2007-05-08,2007,7.4,0,16.5,9.1,12.41,26.28,0.4722222222222222,3.7363,1.3426,4.631,4.0481
2007-05-09,2007,4.8,0,9.4,4.6,10.04,29.0,0.3462068965517241,1.6902,1.3442,2.5583,2.558
2007-05-10,2007,10.8,0,14.2,3.4,27.07,29.65,0.9129848229342328,0.9395,-0.332,0.2181,0.1954
2007-05-11,2007,12.6,0,19.8,7.2,26.91,27.74,0.9700793078586879,2.1419,-0.4331,1.0608,-0.0607
2007-05-12,2007,12.0,0,25.2,13.2,25.33,25.76,0.9833074534161489,1.2191,-0.2409,0.5899,0.2782
2007-05-13,2007,14.7,0,24.0,9.3,6.61,24.01,0.275301957517701,7.8067,3.0829,10.2001,10.0692
2007-05-14,2007,10.0,0,19.4,9.4,27.61,29.74,0.9283792871553463,0.9732,-0.4058,0.6033,-0.0968
2007-05-15,2007,14.8,0,25.9,11.1,29.29,29.54,0.9915368991198376,1.6335,-0.4934,0.9811,-0.0798
2007-05-16,2007,10.8,0,28.0,17.2,26.6,26.91,0.9884801189149016,0.8192,0.1189,0.5785,0.3105
2007-05-17,2007,9.6,0,26.9,17.3,24.4,26.58,0.9179834462001505,0.9882,0.1863,1.256,1.2338
2007-05-18,2007,12.4,0,24.3,11.9,10.24,26.02,0.393543428132206,7.0532,4.4186,11.0765,11.0716
2007-05-19,2007,5.7,0,17.7,12.0,13.2,25.84,0.5108359133126935,0.6138,-0.0561,0.1797,0.1666
2007-05-20,2007,10.5,0,22.5,12.0,21.73,26.63,0.8159969958693204,1.3123,-0.593,0.8719,0.8383
2007-05-21,2007,4.5,0,20.1,15.6,10.6,26.38,0.40181956027293403,2.9068,1.6827,1.2936,1.2889
2007-05-22,2007,12.2,0,18.4,6.2,11.5,31.05,0.37037037037037035,5.9668,4.4357,10.2989,10.2449
2007-05-23,2007,16.4,1.5999999999999979,22.1,5.7,29.06,30.83,0.9425883879338307,2.1512,-1.311,0.4197,-0.244
2007-05-24,2007,12.6,0,25.2,12.6,29.1,30.61,0.9506697157791572,1.0762,-0.4801,0.6922,-0.1723
2007-05-25,2007,10.5,0,26.2,15.7,25.41,30.17,0.8422273781902552,2.1058,0.6144,2.4026,2.0505
2007-05-26,2007,10.8,0,25.8,15.0,26.11,30.43,0.85803483404535,0.6979,-0.4116,0.2129,-0.0141
2007-05-27,2007,12.8,0,29.0,16.2,23.63,29.72,0.7950874831763123,2.7216,1.3074,1.9293,1.9251
2007-05-28,2007,18.2,3.3999999999999986,25.4,7.2,6.38,26.94,0.236822568671121,10.0818,5.2328,15.7821,15.7735
2007-05-29,2007,8.2,0,16.4,8.2,26.99,31.98,0.8439649781113195,0.9998,-0.2972,0.5179,0.2393
2007-05-30,2007,14.2,0,24.0,9.8,31.5,31.77,0.9915014164305949,1.3731,-0.4069,0.592,0.0054
2007-05-31,2007,14.6,0,27.6,13.0,28.97,29.63,0.9777252784340196,1.3635,-0.6795,0.4111,-0.0136
2007-06-01,2007,10.3,0,26.9,16.6,21.18,29.13,0.7270854788877447,3.9891,1.5094,6.5738,5.3782
2007-06-02,2007,9.9,0,23.7,13.8,28.14,31.19,0.9022122475152292,0.535,-0.12,0.3494,0.0526
2007-06-03,2007,14.3,0,29.4,15.1,27.94,30.61,0.9127736033975825,1.4195,-0.2303,0.6016,0.5123
2007-06-04,2007,14.5,0,32.7,18.2,26.33,29.76,0.8847446236559139,1.3181,-0.3078,1.1588,0.9542
2007-06-05,2007,7.6,0,29.5,21.9,22.52,28.38,0.7935165609584215,4.5175,3.1881,2.4051,2.3845
2007-06-06,2007,14.1,0,26.6,12.5,14.21,28.49,0.49877149877149884,6.2743,4.4679,8.896,8.832
2007-06-07,2007,8.8,0,20.1,11.3,12.83,26.5,0.48415094339622644,1.2154,-0.041,1.4542,1.1224
2007-06-08,2007,9.8,0,25.3,15.5,21.49,25.91,0.829409494403705,1.4619,0.8106,0.7065,0.4701
2007-06-09,2007,11.2,0,24.6,13.4,25.17,30.59,0.8228179143510952,1.5667,0.8223,2.1989,2.1966
2007-06-10,2007,12.9,0,27.6,14.7,29.02,31.13,0.9322197237391584,1.3082,-0.5706,0.5006,0.1073
2007-06-11,2007,10.8,0,29.2,18.4,24.91,28.59,0.8712836656173487,1.297,-0.3823,1.2408,1.0721
2007-06-12,2007,7.6,0,27.7,20.1,13.16,28.45,0.46256590509666085,3.3302,2.3149,3.3947,3.3947
2007-06-13,2007,11.6,0,26.3,14.7,27.34,29.96,0.9125500667556742,1.6219,-0.9205,0.2287,0.0834
2007-06-14,2007,8.0,0,25.2,17.2,15.75,29.38,0.5360789652825051,3.272,1.9776,5.4569,5.126
2007-06-15,2007,10.3,0,21.1,10.8,19.11,30.73,0.6218678815489749,2.9797,1.1623,2.7231,2.6058
2007-06-16,2007,11.2,0,23.1,11.9,26.83,31.98,0.8389618511569731,1.6011,-0.5635,0.7957,0.7599
2007-06-17,2007,10.6,0,25.8,15.2,27.58,31.14,0.8856775850995503,0.9587,-0.4154,0.7085,0.4431
2007-06-18,2007,12.2,0,28.1,15.9,22.28,30.94,0.7201034259857789,1.2686,-0.0485,1.9594,1.6108
2007-06-19,2007,11.2,0,29.0,17.8,23.38,30.47,0.7673121102723991,1.0273,-0.2363,0.7372,0.7147
2007-06-20,2007,13.9,0,32.4,18.5,24.11,29.81,0.8087889969808789,1.0232,-0.429,0.3273,0.0755
2007-06-21,2007,14.4,0,34.4,20.0,29.09,30.09,0.9667663675639747,0.642,-0.0661,0.2548,0.2512
2007-06-22,2007,13.1,0,34.5,21.4,18.56,29.4,0.6312925170068027,2.9284,1.275,5.3209,5.3204
2007-06-23,2007,11.3,0,35.1,23.8,24.33,29.65,0.8205733558178752,0.9343,0.253,1.1655,1.1651
2007-06-24,2007,10.2,0,35.4,25.2,28.61,30.91,0.9255904238110644,1.408,0.624,1.9731,1.973
2007-06-25,2007,9.3,0,32.4,23.1,25.32,29.15,0.8686106346483705,0.8454,0.5375,1.0709,1.0204
2007-06-26,2007,10.7,0,30.1,19.4,13.13,28.2,0.46560283687943266,5.2285,2.5094,7.6284,7.3492
2007-06-27,2007,9.0,0,29.4,20.4,31.03,31.71,0.978555660674866,0.5764,0.2274,0.3545,0.2874
2007-06-28,2007,13.6,0,34.1,20.5,30.54,31.1,0.9819935691318328,1.0291,-0.2461,0.829,0.802
2007-06-29,2007,16.8,2.0,32.0,15.2,9.59,29.31,0.32719208461276017,9.5772,4.4059,14.776,14.6889
2007-06-30,2007,12.9,0,28.3,15.4,28.01,30.95,0.9050080775444266,1.714,-0.6189,0.9201,0.7395
2007-07-01,2007,12.7,0,30.3,17.6,24.37,30.81,0.7909769555339177,3.5272,2.1856,3.9712,3.3004
2007-07-02,2007,14.4,0,29.8,15.4,28.61,30.53,0.9371110383229609,1.6234,-0.8391,1.0074,0.9141
2007-07-03,2007,10.5,0,28.7,18.2,17.96,29.33,0.6123423116263212,2.5459,1.526,3.8779,3.6638
2007-07-04,2007,9.4,0,27.0,17.6,18.31,29.9,0.6123745819397993,1.4484,0.9968,2.1491,2.0703
2007-07-05,2007,13.0,0,31.2,18.2,28.7,30.96,0.9270025839793281,1.1634,-0.4225,0.5053,0.4367
2007-07-06,2007,12.5,0,33.6,21.1,23.65,30.11,0.785453337761541,1.3763,0.3115,1.7331,1.3623
2007-07-07,2007,8.9,0,32.2,23.3,20.09,29.12,0.6899038461538461,1.0016,0.6256,1.7471,1.4959
2007-07-08,2007,8.9,0,31.4,22.5,27.3,30.11,0.9066755230820326,0.9106,0.2221,0.8959,0.8959
2007-07-09,2007,9.9,0,29.6,19.7,7.8,27.84,0.2801724137931034,5.7938,3.6776,8.257,8.2447
2007-07-10,2007,10.5,0,27.1,16.6,13.3,26.87,0.49497580945292147,2.4213,0.136,0.5901,0.2638
2007-07-11,2007,10.8,0,31.1,20.3,23.51,29.58,0.7947937795807979,0.9411,-0.3875,0.578,0.4981
2007-07-12,2007,10.3,0,33.2,22.9,29.69,30.37,0.9776094830424762,0.5298,-0.1904,0.4307,0.2232
2007-07-13,2007,9.6,0,32.3,22.7,20.39,29.09,0.7009281540048127,2.934,2.2905,4.4734,4.4584
2007-07-14,2007,5.3,0,27.9,22.6,12.24,27.62,0.44315713251267197,1.2726,0.8399,2.1294,2.1283
2007-07-15,2007,6.8,0,27.9,21.1,14.35,27.22,0.5271858927259369,1.6208,0.4652,0.7071,0.7009
2007-07-16,2007,9.2,0,26.6,17.4,6.23,28.72,0.21692200557103067,4.0901,1.1802,5.7035,4.6269
2007-07-17,2007,5.7,0,20.5,14.8,11.39,28.32,0.4021892655367232,1.6608,0.8131,2.145,1.2563
2007-07-18,2007,10.5,0,27.1,16.6,20.32,28.13,0.7223604692499112,1.0326,-0.221,0.053,-0.042
2007-07-19,2007,10.7,0,30.3,19.6,24.24,28.99,0.8361503966885133,0.8236,-0.0116,0.6336,0.4965
2007-07-20,2007,13.4,0,33.2,19.8,29.81,30.09,0.9906945829179129,0.7166,-0.3007,0.4443,0.4052
2007-07-21,2007,13.5,0,34.7,21.2,29.15,29.66,0.9828051247471341,0.6892,-0.4329,0.3892,-0.0019
2007-07-22,2007,10.9,0,33.7,22.8,26.31,29.25,0.8994871794871795,2.2877,1.3454,3.3872,3.3818
2007-07-23,2007,9.9,0,31.6,21.7,26.98,28.91,0.9332410930473884,0.7079,0.0992,0.9342,0.9324
2007-07-24,2007,7.5,0,29.7,22.2,20.69,27.8,0.7442446043165468,1.5791,1.1858,1.7764,1.7567
2007-07-25,2007,8.9,0,31.4,22.5,18.13,26.35,0.6880455407969639,1.1072,0.8228,1.1867,1.1817
2007-07-26,2007,9.8,0,30.9,21.1,28.06,29.06,0.9655884377150723,0.82,-0.3108,0.6347,0.1825
2007-07-27,2007,8.7,0,30.3,21.6,18.85,28.35,0.6649029982363316,5.3493,4.2575,7.9403,7.9389
2007-07-28,2007,7.2,0,21.6,14.4,5.36,24.51,0.2186862505099959,4.24,3.1856,6.4751,6.4669
2007-07-29,2007,11.8,0,24.7,12.9,27.18,28.38,0.9577167019027485,1.2512,-0.7642,0.518,0.4695
2007-07-30,2007,10.5,0,26.9,16.4,28.14,28.7,0.9804878048780489,0.8494,-0.481,0.0645,0.0365
2007-07-31,2007,11.7,0,29.5,17.8,28.12,28.89,0.9733471789546556,0.9436,-0.4121,0.2944,0.1194
2007-08-01,2007,12.2,0,31.8,19.6,24.59,28.57,0.8606930346517325,0.612,-0.1499,0.3429,0.3395
2007-08-02,2007,9.2,0,30.2,21.0,20.74,27.18,0.7630610743193524,3.1559,2.2219,4.1613,4.0495
2007-08-03,2007,8.8,0,28.2,19.4,20.31,25.84,0.7859907120743034,0.7413,-0.1472,0.822,0.8188
2007-08-04,2007,9.9,0,26.5,16.6,10.98,25.44,0.43160377358490565,2.775,2.0195,3.5596,3.5558
2007-08-05,2007,9.6,0,26.6,17.0,24.58,27.34,0.8990490124359911,0.5565,-0.2519,0.2965,0.1194
2007-08-06,2007,12.1,0,30.8,18.7,27.47,28.06,0.9789736279401283,0.8192,-0.275,0.2788,0.2276
2007-08-07,2007,8.7,0,30.1,21.4,17.09,25.45,0.6715127701375245,1.1696,0.7003,1.166,1.1638
2007-08-08,2007,8.6,0,30.7,22.1,20.06,26.11,0.7682880122558406,0.8464,0.371,0.8878,0.7164
2007-08-09,2007,12.6,0,33.2,20.6,23.45,27.09,0.8656330749354005,1.1256,-0.2005,1.3873,1.3872
2007-08-10,2007,12.1,0,34.5,22.4,26.53,27.19,0.9757263699889666,0.421,-0.1208,0.2251,0.2112
2007-08-11,2007,14.9,0.09999999999999964,37.6,22.7,25.56,26.28,0.9726027397260273,1.2209,-0.6774,0.4504,0.4464
2007-08-12,2007,23.6,8.8,35.4,11.8,5.71,25.34,0.22533543804262035,15.1496,6.8845,22.1738,22.1391
2007-08-13,2007,10.1,0,21.2,11.1,21.47,26.5,0.8101886792452829,1.2433,-0.4184,0.1428,0.0636
2007-08-14,2007,11.3,0,25.0,13.7,27.13,27.71,0.9790689281847708,0.9784,-0.5574,0.654,-0.0606
2007-08-15,2007,11.9,0,27.4,15.5,22.88,26.32,0.8693009118541033,1.1382,-0.2989,1.0049,0.7994
2007-08-16,2007,7.3,0,26.2,18.9,14.32,24.94,0.574178027265437,1.3291,0.8126,0.7688,0.7171
2007-08-17,2007,9.8,0,24.9,15.1,14.38,25.45,0.5650294695481336,3.1262,2.3747,4.4111,4.2645
2007-08-18,2007,6.9,0,22.1,15.2,17.05,24.89,0.6850140618722379,0.5991,0.0928,0.3845,0.1346
2007-08-19,2007,10.5,0,25.1,14.6,25.03,25.48,0.9823390894819467,0.8171,-0.2846,0.2273,0.2131
2007-08-20,2007,10.6,0,26.7,16.1,24.91,25.32,0.9838072669826224,1.0072,-0.5897,0.5616,0.1519
2007-08-21,2007,10.5,0,25.8,15.3,9.48,24.2,0.3917355371900827,4.8732,3.2051,7.7688,7.7028
2007-08-22,2007,9.1,0,21.3,12.2,24.54,25.74,0.9533799533799534,0.7251,0.214,0.6442,0.5346
2007-08-23,2007,13.5,0,25.3,11.8,25.76,26.1,0.9869731800766284,1.013,-0.4356,0.4587,0.4544
2007-08-24,2007,12.3,0,27.2,14.9,24.6,24.95,0.9859719438877756,0.8695,-0.3272,0.298,0.273
2007-08-25,2007,11.9,0,28.4,16.5,20.28,23.75,0.8538947368421053,1.0988,0.1175,1.7595,1.7418
2007-08-26,2007,10.5,0,29.2,18.7,20.62,22.53,0.9152241455836663,0.9139,0.116,0.9589,0.6752
2007-08-27,2007,8.1,0,26.6,18.5,12.39,21.26,0.5827845719661335,3.2777,2.1946,5.9225,5.8248
2007-08-28,2007,9.3,0,26.2,16.9,20.09,22.32,0.900089605734767,0.4456,0.2304,nan,nan
2007-08-29,2007,11.2,0,28.0,16.8,24.09,24.49,0.9836668027766435,0.993,-0.1678,0.6379,0.6108
2007-08-30,2007,11.9,0,29.8,17.9,19.16,23.91,0.8013383521539105,1.4952,-0.1509,2.1657,2.0074
2007-08-31,2007,11.9,0,31.7,19.8,23.1,24.04,0.9608985024958404,0.8628,0.0052,1.1435,0.9002
2007-09-01,2007,11.9,0,32.2,20.3,18.46,23.38,0.7895637296834902,0.8626,0.3989,1.0693,0.9928
2007-09-02,2007,14.3,0,33.5,19.2,23.01,23.64,0.9733502538071066,1.3375,-0.5992,0.5282,0.3709
2007-09-03,2007,6.8,0,30.7,23.9,8.58,22.55,0.3804878048780488,3.0399,2.3117,4.7663,4.6299
2007-09-04,2007,10.6,0,30.3,19.7,18.15,22.28,0.8146319569120286,0.7773,-0.0225,0.4464,0.3603
2007-09-05,2007,13.2,0,28.1,14.9,16.17,22.08,0.7323369565217392,5.8077,2.512,8.8523,8.3199
2007-09-06,2007,7.8,0,21.0,13.2,16.06,21.56,0.7448979591836734,1.1953,-0.0835,0.6287,0.595
2007-09-07,2007,11.7,0,24.2,12.5,23.45,23.67,0.9907055344317701,0.7782,0.1369,0.7404,0.7093
2007-09-08,2007,12.0,0,26.6,14.6,21.74,22.75,0.9556043956043956,1.2453,-0.4726,0.8011,0.7292
2007-09-09,2007,7.0,0,24.4,17.4,13.47,21.92,0.614507299270073,0.8713,0.0246,1.0496,1.0371
2007-09-10,2007,8.9,0,25.7,16.8,16.03,21.59,0.7424733672996758,0.7122,0.3991,0.7952,0.6913
2007-09-11,2007,12.7,0,28.0,15.3,21.9,22.22,0.9855985598559855,1.9533,-0.6636,1.2167,1.2006
2007-09-12,2007,6.8,0,28.7,21.9,22.17,22.41,0.9892904953145918,0.6384,0.1028,0.9816,0.7865
2007-09-13,2007,12.3,0,32.8,20.5,21.94,22.17,0.9896256202074876,1.9751,0.3022,2.0577,1.7617
2007-09-14,2007,9.4,0,28.1,18.7,17.48,21.11,0.828043581241118,1.5386,1.1846,2.3067,2.2757
2007-09-15,2007,10.1,0,24.0,13.9,14.07,21.38,0.6580916744621141,4.0393,2.8318,5.9685,5.9638
2007-09-16,2007,16.4,1.5999999999999979,26.8,10.4,22.07,22.31,0.9892424921559839,2.25,-0.6919,1.7355,1.4103
2007-09-17,2007,5.9,0,24.0,18.1,19.64,19.92,0.9859437751004015,1.2753,0.597,1.3173,0.9313
2007-09-18,2007,10.0,0,25.7,15.7,20.31,20.43,0.9941262848751835,1.046,0.2409,1.0092,0.8475
2007-09-19,2007,14.2,0,28.2,14.0,18.76,18.93,0.9910195456946647,0.8272,-0.0968,1.0281,0.8987
2007-09-20,2007,14.7,0,30.7,16.0,17.08,18.01,0.948362021099389,1.2028,-0.0136,0.6349,0.496
2007-09-21,2007,12.5,0,27.4,14.9,12.33,15.91,0.7749842866121935,4.5971,3.2916,7.2319,7.2157
2007-09-22,2007,7.3,0,19.5,12.2,14.55,16.29,0.8931860036832413,1.1585,-0.2337,0.7759,0.7384
2007-09-23,2007,7.9,0,17.2,9.3,4.88,17.47,0.27933600457927876,4.7387,2.3991,6.995,6.9753
2007-09-24,2007,4.8,0,9.4,4.6,10.45,19.39,0.5389375966993295,2.2909,0.1796,1.0847,1.0325
2007-09-25,2007,9.6,0,12.9,3.3,18.91,19.65,0.9623409669211197,0.9668,-0.5232,0.3809,0.3502
2007-09-26,2007,9.7,0,15.1,5.4,18.42,18.84,0.9777070063694269,0.8557,-0.2371,0.6885,0.5765
2007-09-27,2007,10.5,0,18.4,7.9,17.69,18.47,0.9577693557119655,0.6745,0.4551,0.859,0.7386
2007-09-28,2007,9.6,0,18.4,8.8,18.72,18.93,0.9889064976228209,1.0122,-0.3073,0.6724,0.657
2007-09-29,2007,8.0,0,18.1,10.1,17.99,18.27,0.9846743295019157,0.8221,-0.4141,0.2506,0.2443
2007-09-30,2007,5.8,0,17.1,11.3,14.29,16.8,0.850595238095238,1.6887,0.6461,0.9768,0.8939
2008-05-01,2008,6.4,0,12.7,6.3,17.56,28.05,0.6260249554367201,1.6379,0.7556,1.4315,1.1506
2008-05-02,2008,12.3,0,13.6,1.3,21.46,28.84,0.7441054091539528,1.662,-0.673,0.8622,0.485
2008-05-03,2008,13.0,0,20.1,7.1,23.51,25.76,0.9126552795031055,3.1381,-1.4909,1.0591,0.7444
2008-05-04,2008,12.1,0,27.3,15.2,22.83,23.61,0.9669631512071156,2.7462,1.3354,3.8761,3.1529
2008-05-05,2008,9.1,0,20.4,11.3,13.16,22.83,0.5764345159877354,1.8441,1.0769,2.5404,2.5401
2008-05-06,2008,6.7,0,16.7,10.0,12.99,27.93,0.46509129967776586,1.8519,1.5452,2.5772,2.5393
2008-05-07,2008,8.3,0,18.3,10.0,22.44,28.78,0.7797081306462822,0.905,0.6853,0.5343,0.4931
2008-05-08,2008,15.5,0.6999999999999993,23.7,8.2,27.18,29.1,0.9340206185567009,3.0339,-2.085,0.5715,-0.2929
2008-05-09,2008,10.0,0,28.1,18.1,27.47,28.69,0.95747647263855,1.3918,0.9371,0.3469,0.3439
2008-05-10,2008,14.8,0,29.8,15.0,28.69,29.03,0.9882879779538408,0.7747,-0.2649,0.4684,0.1564
2008-05-11,2008,11.0,0,29.3,18.3,22.35,27.96,0.7993562231759657,0.8199,0.0375,0.9046,0.8383
2008-05-12,2008,10.0,0,29.9,19.9,19.81,27.04,0.7326183431952662,0.5636,0.3614,0.698,0.6509
2008-05-13,2008,10.5,0,30.4,19.9,18.87,25.59,0.7373974208675265,1.1269,0.5745,2.0579,1.7233
2008-05-14,2008,11.5,0,32.2,20.7,27.95,28.32,0.9869350282485876,0.3706,0.0939,0.4257,0.2664
2008-05-15,2008,10.5,0,30.9,20.4,21.28,28.07,0.7581047381546135,0.7449,0.4402,1.0932,1.0783
2008-05-16,2008,10.3,0,30.4,20.1,27.98,28.88,0.9688365650969529,0.2974,-0.0922,0.282,0.1925
2008-05-17,2008,8.6,0,29.1,20.5,22.17,28.56,0.7762605042016808,3.4103,1.9295,2.2714,2.2449
2008-05-18,2008,12.3,0,25.4,13.1,24.86,27.92,0.8904011461318051,1.3852,-0.2118,1.3193,1.2805
2008-05-19,2008,11.3,0,26.9,15.6,28.53,30.14,0.9465826144658261,1.1171,-0.581,0.3526,0.2417
2008-05-20,2008,7.7,0,26.5,18.8,18.89,28.76,0.6568150208623087,1.4379,1.0202,2.3462,2.2531
2008-05-21,2008,10.1,0,27.2,17.1,26.21,30.31,0.8647311118442759,0.6314,-0.1109,0.2857,0.1663
2008-05-22,2008,11.2,0,29.1,17.9,29.82,30.61,0.9741914407056518,0.8933,-0.2612,0.4773,0.4554
2008-05-23,2008,8.8,0,29.3,20.5,22.55,29.15,0.7735849056603774,0.4894,0.2786,0.4956,0.4955
2008-05-24,2008,10.6,0,27.8,17.2,15.68,28.42,0.5517241379310345,4.504,2.1037,7.0151,6.2948
2008-05-25,2008,8.9,0,21.9,13.0,18.01,29.99,0.6005335111703902,1.2937,0.9905,1.6691,1.5939
2008-05-26,2008,11.4,0,24.7,13.3,28.77,31.49,0.9136233724992061,0.6687,-0.2569,0.348,0.0544
2008-05-27,2008,12.1,0,26.8,14.7,28.67,30.79,0.9311464761286132,1.0276,-0.2747,0.7298,0.3675
2008-05-28,2008,13.0,0,29.4,16.4,30.68,31.52,0.9733502538071066,0.9313,-0.3504,0.4747,0.4196
2008-05-29,2008,13.4,0,32.3,18.9,26.23,30.78,0.8521767381416504,1.6593,-0.6359,0.4737,0.4502
2008-05-30,2008,10.3,0,32.6,22.3,27.65,29.54,0.9360189573459715,0.411,0.1548,0.5512,0.476
2008-05-31,2008,13.2,0,35.0,21.8,28.41,30.2,0.9407284768211921,0.892,-0.3406,0.5175,0.5171
2008-06-01,2008,13.7,0,36.2,22.5,24.42,29.85,0.8180904522613065,1.9315,0.4009,3.3881,2.4923
2008-06-02,2008,7.1,0,31.6,24.5,24.52,28.91,0.8481494292632307,0.9944,0.7212,1.1144,1.1089
2008-06-03,2008,8.3,0,29.6,21.3,13.3,27.61,0.48170952553422675,3.9864,2.9263,5.8251,5.7945
2008-06-04,2008,7.6,0,27.2,19.6,13.99,29.83,0.46899094870935304,0.647,0.2506,0.6355,0.4345
2008-06-05,2008,13.8,0,32.6,18.8,31.62,31.86,0.992467043314501,1.3345,-0.6766,0.7629,0.1484
2008-06-06,2008,14.5,0,36.4,21.9,28.83,30.95,0.9315024232633279,1.4069,-0.0056,1.4623,1.213
2008-06-07,2008,11.7,0,32.9,21.2,23.86,29.54,0.8077183480027081,2.0678,1.4813,2.88,2.8673
2008-06-08,2008,10.5,0,31.1,20.6,20.19,28.78,0.7015288394718555,1.3086,0.3927,1.3829,1.2842
2008-06-09,2008,11.1,0,32.1,21.0,29.5,30.3,0.9735973597359736,0.6496,-0.1898,0.2876,0.154
2008-06-10,2008,15.6,0.7999999999999989,36.5,20.9,28.3,31.0,0.9129032258064517,1.6482,-0.5508,1.3877,1.2652
2008-06-11,2008,19.4,4.599999999999998,33.0,13.6,11.6,28.93,0.40096785343933633,9.9464,4.6473,12.4009,12.2653
2008-06-12,2008,13.3,0,28.0,14.7,28.46,30.84,0.9228274967574579,0.8162,-0.4027,0.4927,0.393
2008-06-13,2008,9.5,0,27.1,17.6,30.98,32.08,0.96571072319202,0.68,0.0406,0.29,0.1465
2008-06-14,2008,11.4,0,28.6,17.2,30.49,31.75,0.9603149606299212,0.707,-0.1597,0.3984,-0.0023
2008-06-15,2008,15.8,1.0,33.2,17.4,26.77,29.39,0.9108540319836679,1.4335,-0.5333,0.3634,0.3175
2008-06-16,2008,9.9,0,31.4,21.5,11.53,28.03,0.4113449875133785,3.6048,2.9041,5.3365,5.3299
2008-06-17,2008,10.5,0,30.3,19.8,19.73,30.2,0.6533112582781457,4.7964,2.8327,6.8798,5.9498
2008-06-18,2008,9.0,0,24.0,15.0,21.46,30.61,0.701078079059131,0.4378,-0.0305,0.1339,0.1297
2008-06-19,2008,8.2,0,24.5,16.3,27.12,30.82,0.8799480856586632,1.0467,0.199,0.635,0.4226
2008-06-20,2008,9.8,0,23.8,14.0,7.24,29.38,0.24642614023144999,4.844,3.3778,7.2932,7.2904
2008-06-21,2008,12.1,0,27.0,14.9,29.95,31.98,0.9365228267667292,1.0246,0.0243,0.7938,0.4223
2008-06-22,2008,15.6,0.7999999999999989,32.7,17.1,29.31,31.84,0.9205402010050251,1.8017,-0.6114,1.3268,1.2925
2008-06-23,2008,9.8,0,31.8,22.0,20.29,30.52,0.6648099606815203,1.6119,0.4633,2.5674,2.5436
2008-06-24,2008,11.5,0,32.7,21.2,23.57,29.94,0.7872411489645958,0.9239,-0.2312,0.8679,0.8569
2008-06-25,2008,10.2,0,32.1,21.9,27.46,30.34,0.905075807514832,1.1997,0.3467,0.5295,0.5249
2008-06-26,2008,11.2,0,30.7,19.5,14.18,29.85,0.4750418760469011,4.9042,3.3705,8.5793,8.5244
2008-06-27,2008,8.3,0,27.1,18.8,19.86,30.17,0.6582698044414981,1.1256,-0.1041,1.6415,0.9741
2008-06-28,2008,9.4,0,29.1,19.7,24.01,30.52,0.7866972477064221,1.0739,0.3091,0.8505,0.6682
2008-06-29,2008,10.1,0,29.8,19.7,27.16,31.08,0.8738738738738739,1.5872,0.7119,2.2124,1.8329
2008-06-30,2008,7.3,0,26.9,19.6,21.52,29.97,0.7180513847180514,1.1859,0.2035,1.3768,1.3767
2008-07-01,2008,6.9,0,25.9,19.0,13.44,28.48,0.47191011235955055,2.7034,0.4544,3.891,2.8474
2008-07-02,2008,11.4,0,30.4,19.0,27.56,30.16,0.9137931034482758,1.2465,0.56,0.9908,0.6178
2008-07-03,2008,14.2,0,34.3,20.1,30.07,31.24,0.9625480153649169,0.9972,-0.2024,0.4858,0.4253
2008-07-04,2008,10.3,0,33.4,23.1,28.57,30.63,0.9327456741756448,0.8034,-0.1603,0.8496,0.5245
2008-07-05,2008,8.6,0,32.5,23.9,21.5,29.71,0.7236620666442275,1.7936,1.1971,2.4591,2.4112
2008-07-06,2008,10.5,0,32.6,22.1,24.36,29.77,0.8182734296271414,1.7123,0.4492,2.727,2.1143
2008-07-07,2008,5.8,0,27.7,21.9,19.46,29.29,0.6643905769887334,2.0272,1.2285,2.2798,2.2541
2008-07-08,2008,8.1,0,25.9,17.8,24.65,30.17,0.8170367915147496,0.9553,0.101,0.5939,0.5866
2008-07-09,2008,10.1,0,28.5,18.4,21.37,29.07,0.7351221190230478,0.6362,0.0525,0.5626,0.4343
2008-07-10,2008,10.9,0,30.4,19.5,30.73,31.33,0.9808490264921801,0.9529,-0.3479,0.5762,0.493
2008-07-11,2008,11.3,0,31.9,20.6,29.45,31.14,0.9457289659601797,0.5982,-0.0576,0.5057,0.472
2008-07-12,2008,12.6,0,33.7,21.1,28.03,30.5,0.919016393442623,0.9616,-0.2249,0.8181,0.7048
2008-07-13,2008,13.7,0,35.4,21.7,28.13,30.59,0.9195815626021575,1.3366,-0.7102,0.5704,0.5476
2008-07-14,2008,8.5,0,33.3,24.8,18.51,29.01,0.6380558428128232,3.2301,2.0597,5.7305,5.4137
2008-07-15,2008,9.3,0,32.7,23.4,17.66,28.03,0.6300392436674991,0.8685,0.2946,0.7729,0.5718
2008-07-16,2008,12.9,0,33.8,20.9,27.29,30.43,0.8968123562274072,1.0471,-0.5473,0.4855,0.4854
2008-07-17,2008,10.0,0,32.1,22.1,21.48,29.46,0.7291242362525459,1.1156,0.7205,1.3304,1.1839
2008-07-18,2008,12.4,0,33.7,21.3,28.28,29.73,0.9512277161116718,1.2895,0.4038,1.7292,1.3585
2008-07-19,2008,10.3,0,30.6,20.3,17.2,28.14,0.6112295664534471,2.7176,1.2003,5.0795,4.5159
2008-07-20,2008,7.0,0,25.6,18.6,16.57,27.77,0.5966870723802665,2.1895,0.9186,0.9186,0.5861
2008-07-21,2008,11.7,0,30.5,18.8,23.96,28.67,0.8357167771189397,1.5267,-0.5805,0.4024,0.3901
2008-07-22,2008,8.3,0,31.3,23.0,17.44,28.58,0.6102169349195242,0.722,0.3771,1.2678,0.866
2008-07-23,2008,10.3,0,32.5,22.2,25.4,28.73,0.8840932822833275,0.9189,-0.4025,0.7475,0.3098
2008-07-24,2008,14.2,0,31.9,17.7,10.4,27.79,0.37423533645196116,7.6764,2.951,10.781,10.2527
2008-07-25,2008,7.5,0,25.7,18.2,17.08,28.81,0.5928497049635543,2.9895,1.7249,1.3825,1.154
2008-07-26,2008,9.6,0,24.7,15.1,27.95,29.35,0.9522998296422487,0.8887,-0.4327,0.2463,0.2411
2008-07-27,2008,10.3,0,27.8,17.5,28.6,28.93,0.9885931558935361,1.0002,-0.1829,0.594,0.252
2008-07-28,2008,9.5,0,29.9,20.4,19.06,27.61,0.690329590727997,1.8859,1.0267,1.7755,1.3924
2008-07-29,2008,7.9,0,26.7,18.8,14.08,27.09,0.5197489848652639,0.5843,0.2207,0.1305,0.126
2008-07-30,2008,9.8,0,30.6,20.8,21.86,28.02,0.7801570306923626,0.8483,0.4466,0.4192,0.3219
2008-07-31,2008,12.0,0,33.7,21.7,27.73,28.55,0.9712784588441331,0.9205,-0.4516,0.463,0.1502
2008-08-01,2008,12.2,0,37.4,25.2,28.32,28.61,0.9898636840265642,1.8979,-1.0796,0.7143,0.6863
2008-08-02,2008,13.1,0,38.5,25.4,26.52,27.74,0.9560201874549388,0.9086,-0.2778,0.9068,0.8836
2008-08-03,2008,11.4,0,36.3,24.9,26.43,27.87,0.9483315392895586,0.9733,0.1801,1.0735,1.0734
2008-08-04,2008,13.3,0,34.0,20.7,19.38,26.82,0.7225950782997762,6.8347,2.738,9.1648,8.765
2008-08-05,2008,9.0,0,21.9,12.9,6.02,24.64,0.2443181818181818,2.5586,1.8683,3.2145,3.1498
2008-08-06,2008,12.8,0,27.1,14.3,28.26,28.8,0.9812500000000001,1.2427,-0.651,0.5476,-0.2155
2008-08-07,2008,15.8,1.0,32.7,16.9,26.16,27.08,0.9660265878877401,1.1862,0.097,1.114,1.1116
2008-08-08,2008,10.5,0,31.4,20.9,17.03,25.23,0.6749900911613159,1.2632,-0.0234,1.6564,1.656
2008-08-09,2008,13.3,0,35.7,22.4,22.85,25.26,0.9045922406967538,0.8131,0.2846,1.4636,1.4429
2008-08-10,2008,14.4,0,37.2,22.8,26.5,26.72,0.9917664670658684,0.9849,-0.5544,0.2048,0.125
2008-08-11,2008,12.0,0,35.5,23.5,23.0,26.5,0.8679245283018868,6.3237,5.0305,9.2698,9.258
2008-08-12,2008,8.6,0,27.0,18.4,21.35,26.11,0.8176943699731904,0.9783,0.2019,1.5288,1.5007
2008-08-13,2008,8.2,0,27.1,18.9,15.14,25.01,0.6053578568572571,1.272,0.6343,1.7128,1.6706
2008-08-14,2008,9.8,0,27.9,18.1,14.09,24.26,0.5807914262159933,1.5274,0.7715,0.9614,0.923
2008-08-15,2008,12.8,0,31.5,18.7,25.23,25.93,0.973004242190513,1.6722,-0.7654,0.4038,0.391
2008-08-16,2008,10.3,0,31.7,21.4,18.25,25.06,0.7282521947326417,3.1095,1.4128,4.9486,4.8847
2008-08-17,2008,6.5,0,26.2,19.7,14.08,23.08,0.6100519930675911,0.914,0.33,1.5808,1.5587
2008-08-18,2008,7.9,0,27.7,19.8,13.05,23.22,0.5620155038759691,2.5206,0.9022,1.1232,1.1208
2008-08-19,2008,12.9,0,25.7,12.8,7.41,23.64,0.3134517766497462,5.1668,3.8347,7.2432,7.2112
2008-08-20,2008,12.9,0,26.8,13.9,25.62,26.34,0.9726651480637813,0.7211,-0.0091,0.3568,0.3549
2008-08-21,2008,14.4,0,29.7,15.3,25.48,25.89,0.9841637697952877,0.8716,-0.4174,0.2578,0.2554
2008-08-22,2008,9.9,0,28.9,19.0,22.83,24.74,0.9227970897332255,1.117,0.1206,1.3049,1.2299
2008-08-23,2008,10.3,0,30.5,20.2,17.2,23.53,0.7309817254568635,1.8904,1.0147,2.7213,2.5994
2008-08-24,2008,11.0,0,29.4,18.4,21.59,23.92,0.9025919732441471,1.6221,0.0825,0.8628,0.6992
2008-08-25,2008,10.9,0,29.4,18.5,20.09,24.23,0.8291374329343788,1.0009,-0.1853,1.1685,0.9994
2008-08-26,2008,14.0,0,32.6,18.6,19.47,24.02,0.8105745212323063,4.3067,2.0224,5.4852,4.5923
2008-08-27,2008,8.6,0,23.1,14.5,8.25,22.67,0.36391707101896775,4.4417,3.1382,6.5473,6.5375
2008-08-28,2008,8.9,0,21.2,12.3,24.79,25.35,0.9779092702169624,0.7457,0.2198,0.5755,0.3126
2008-08-29,2008,14.1,0,27.6,13.5,24.37,24.78,0.983454398708636,1.1806,-0.4251,0.4229,0.261
2008-08-30,2008,10.8,0,29.6,18.8,22.0,24.09,0.9132420091324202,1.3994,-0.0133,0.6382,0.5741
2008-08-31,2008,10.0,0,27.3,17.3,11.25,23.3,0.48283261802575106,2.8388,1.7986,5.1538,5.1217
2008-09-01,2008,10.2,0,26.7,16.5,22.38,23.14,0.9671564390665514,0.777,-0.0832,0.7938,0.7516
2008-09-02,2008,12.8,0,28.8,16.0,22.61,23.3,0.9703862660944206,0.8766,-0.0706,1.0785,1.0652
2008-09-03,2008,11.4,0,29.1,17.7,20.16,23.12,0.8719723183391003,1.7613,0.4711,1.4935,1.4044
2008-09-04,2008,8.3,0,25.5,17.2,13.86,21.81,0.6354883081155434,2.0827,1.6289,2.4708,2.4651
2008-09-05,2008,11.5,0,26.7,15.2,22.06,22.77,0.968818620992534,0.923,-0.2547,0.6974,0.5817
2008-09-06,2008,13.1,0,24.1,11.0,15.39,22.05,0.6979591836734694,6.7161,2.6484,10.8648,10.8588
2008-09-07,2008,7.3,0,16.7,9.4,17.23,21.27,0.8100611189468736,0.6848,-0.0246,0.5955,0.4202
2008-09-08,2008,8.5,0,18.3,9.8,18.01,21.73,0.8288080994017488,0.5355,0.1834,0.5747,0.5272
2008-09-09,2008,13.0,0,24.2,11.2,21.74,22.09,0.9841557265731099,0.8959,-0.2848,0.4879,0.4879
2008-09-10,2008,14.2,0,27.1,12.9,21.99,22.18,0.9914337240757438,0.8246,-0.3815,0.4605,0.4385
2008-09-11,2008,13.2,0,29.0,15.8,20.83,21.63,0.9630143319463708,1.2563,-0.3145,0.8904,0.8532
2008-09-12,2008,8.9,0,28.2,19.3,15.59,20.25,0.7698765432098765,1.2317,0.4966,1.9566,1.8711
2008-09-13,2008,9.6,0,27.3,17.7,18.06,20.64,0.8749999999999999,0.8535,0.2569,0.962,0.9103
2008-09-14,2008,13.0,0,29.2,16.2,17.6,20.29,0.8674223755544604,1.6277,0.5907,2.9749,2.3381
2008-09-15,2008,12.5,0,29.9,17.4,18.57,20.76,0.8945086705202312,1.2079,0.0906,1.0743,0.967
2008-09-16,2008,10.1,0,26.5,16.4,20.35,20.53,0.9912323429128105,1.0943,0.0327,0.9796,0.9476
2008-09-17,2008,14.1,0,30.2,16.1,20.04,20.36,0.9842829076620825,2.482,-0.9994,0.5922,0.4184
2008-09-18,2008,11.9,0,27.6,15.7,18.63,19.69,0.946165566277298,4.7734,2.9662,6.7366,6.7352
2008-09-19,2008,7.2,0,20.8,13.6,14.56,19.1,0.762303664921466,1.5528,0.852,2.8591,2.7103
2008-09-20,2008,10.3,0,17.1,6.8,5.41,18.79,0.28791910590739755,6.0489,2.693,9.1528,9.0978
2008-09-21,2008,8.1,0,13.7,5.6,11.08,18.49,0.5992428339643051,1.0324,-0.1233,0.3676,0.3214
2008-09-22,2008,7.9,0,13.6,5.7,11.99,18.99,0.6313849394418115,1.5809,0.6228,0.9338,0.9253
2008-09-23,2008,6.8,0,11.4,4.6,12.21,17.57,0.694934547524189,0.7953,0.4298,0.3633,0.3586
2008-09-24,2008,8.9,0,13.0,4.1,18.3,18.59,0.984400215169446,0.9407,-0.3213,0.3967,0.3621
2008-09-25,2008,8.6,0,14.4,5.8,16.01,18.31,0.8743855816493721,0.7152,-0.2872,0.3489,0.3256
2008-09-26,2008,10.2,0,17.9,7.7,18.08,18.55,0.9746630727762802,0.6897,0.2367,0.6255,0.5661
2008-09-27,2008,13.7,0,21.9,8.2,18.37,18.53,0.9913653534808419,0.811,0.0364,1.0479,0.8756
2008-09-28,2008,8.6,0,19.6,11.0,18.16,18.44,0.9848156182212581,0.9485,-0.1658,0.3974,0.3876
2008-09-29,2008,12.6,0,25.2,12.6,17.62,17.95,0.981615598885794,0.8933,0.2677,0.5934,0.5419
2008-09-30,2008,10.6,0,23.6,13.0,17.57,17.71,0.992094861660079,1.4343,-0.5539,0.9005,0.7688
2009-05-01,2009,13.5,0,21.7,8.2,26.55,27.84,0.9536637931034483,3.2405,-1.6044,0.4662,-0.1455
2009-05-02,2009,7.5,0,25.3,17.8,26.05,27.53,0.9462404649473302,1.263,0.4213,0.3173,-0.018
2009-05-03,2009,11.0,0,25.3,14.3,25.9,26.26,0.9862909367859862,1.5207,-0.8897,0.5936,0.1159
2009-05-04,2009,8.9,0,24.3,15.4,19.0,26.48,0.7175226586102719,4.4466,3.5069,5.1985,5.1985
2009-05-05,2009,6.9,0,18.0,11.1,13.29,26.48,0.5018882175226586,1.4202,0.9524,1.8621,1.8239
2009-05-06,2009,6.3,0,17.1,10.8,18.82,25.13,0.7489056904098688,0.7364,0.2273,0.3873,0.3624
2009-05-07,2009,8.0,0,16.1,8.1,12.43,26.51,0.4688796680497925,3.2639,1.8515,3.8329,3.6096
2009-05-08,2009,6.5,0,13.9,7.4,16.26,28.43,0.5719310587407669,1.9461,0.4749,0.6523,0.5531
2009-05-09,2009,8.8,0,14.6,5.8,23.16,29.93,0.7738055462746408,0.6325,0.0832,0.6771,0.6146
2009-05-10,2009,12.7,0,19.3,6.6,27.56,29.76,0.9260752688172043,1.8567,-0.7303,0.7279,-0.1198
2009-05-11,2009,13.1,0,23.1,10.0,28.16,29.71,0.9478290138000673,1.3762,-0.554,0.9413,0.309
2009-05-12,2009,12.1,0,24.7,12.6,23.24,28.24,0.8229461756373938,1.0383,-0.6649,0.1089,-0.0778
2009-05-13,2009,12.3,0,26.1,13.8,20.83,26.4,0.7890151515151514,1.1195,-0.5784,0.5333,0.463
2009-05-14,2009,9.0,0,23.9,14.9,14.13,25.63,0.5513070620366758,2.4022,1.546,3.7239,3.7129
2009-05-15,2009,9.8,0,24.0,14.2,27.11,29.48,0.919606512890095,0.4849,0.1495,0.3536,0.2674
2009-05-16,2009,8.3,0,23.1,14.8,17.57,29.17,0.6023311621528968,3.2062,1.6385,4.7575,4.4586
2009-05-17,2009,10.8,0,22.9,12.1,19.39,28.43,0.6820260288427717,1.0779,0.0517,1.5682,1.4631
2009-05-18,2009,15.3,0.5,29.0,13.7,25.87,29.8,0.8681208053691275,1.6949,-0.8169,0.7618,0.1513
2009-05-19,2009,18.2,3.3999999999999986,27.9,9.7,9.41,27.99,0.33619149696320116,10.3241,6.41,14.2327,14.1353
2009-05-20,2009,10.8,0,19.3,8.5,29.1,31.16,0.9338896020539154,1.1061,-0.4635,0.5285,-0.0292
2009-05-21,2009,14.8,0,25.6,10.8,27.94,30.23,0.9242474363215349,2.5807,-1.369,0.4912,0.4911
2009-05-22,2009,13.6,0,23.4,9.8,14.18,28.71,0.4939045628700801,5.8106,3.3584,7.3672,7.314
2009-05-23,2009,10.3,0,19.7,9.4,26.14,30.6,0.8542483660130719,1.2036,0.5362,0.7876,0.4572
2009-05-24,2009,13.2,0,25.2,12.0,26.18,29.81,0.8782287822878229,1.1327,0.1054,1.7597,1.2433
2009-05-25,2009,13.4,0,21.2,7.8,9.24,28.54,0.3237561317449194,8.1512,3.9792,11.3953,11.3849
2009-05-26,2009,7.5,0,9.3,1.8,8.58,29.47,0.2911435357991178,1.8491,0.227,0.714,0.5735
2009-05-27,2009,14.9,0.09999999999999964,19.4,4.5,27.62,32.16,0.8588308457711444,1.9514,-1.0274,0.9513,-0.4438
2009-05-28,2009,14.2,0,24.2,10.0,29.35,30.95,0.9483037156704363,1.3733,-0.6709,0.6986,-0.001
2009-05-29,2009,14.5,0,27.5,13.0,28.41,30.43,0.9336181399934276,1.228,-0.6452,0.5248,-0.1147
2009-05-30,2009,13.4,0,29.2,15.8,29.23,30.51,0.9580465421173385,1.9404,-0.9484,0.8221,0.2002
2009-05-31,2009,10.2,0,28.4,18.2,19.31,28.86,0.6690921690921691,3.5027,2.4152,5.3731,5.3316
2009-06-01,2009,11.4,0,26.9,15.5,29.2,30.31,0.9633784229627186,0.7342,-0.0169,0.5478,0.5171
2009-06-02,2009,11.0,0,28.3,17.3,23.15,29.15,0.7941680960548885,0.8751,0.0791,0.4439,0.4417
2009-06-03,2009,16.5,1.6999999999999993,26.8,10.3,13.8,28.49,0.4843804843804844,8.7739,3.6564,14.7434,14.7411
2009-06-04,2009,9.6,0,19.7,10.1,28.68,31.88,0.8996235884567126,1.1059,-0.5942,0.431,0.0731
2009-06-05,2009,11.8,0,24.5,12.7,31.51,31.94,0.9865372573575454,0.976,-0.2024,0.6345,0.4548
2009-06-06,2009,8.2,0,24.1,15.9,31.14,31.49,0.9888853604318832,0.528,0.1421,0.3604,0.3034
2009-06-07,2009,13.9,0,29.3,15.4,28.52,31.24,0.912932138284251,1.346,-0.5824,0.7607,0.7456
2009-06-08,2009,12.1,0,27.2,15.1,20.46,29.7,0.6888888888888889,3.8668,2.7659,5.5185,5.4957
2009-06-09,2009,11.6,0,27.4,15.8,23.35,29.13,0.8015791280466873,1.2407,-0.018,0.9408,0.925
2009-06-10,2009,10.3,0,29.1,18.8,21.6,28.99,0.7450845119006555,0.5619,0.2905,0.9588,0.9469
2009-06-11,2009,10.7,0,29.8,19.1,24.02,29.47,0.815066168985409,1.0378,-0.2848,1.0357,1.0274
2009-06-12,2009,9.1,0,29.7,20.6,23.01,29.17,0.7888241343846417,0.8473,0.3524,0.7595,0.6646
2009-06-13,2009,12.0,0,27.7,15.7,17.37,28.06,0.6190306486101212,5.6129,4.0146,5.6291,5.5621
2009-06-14,2009,11.0,0,21.7,10.7,23.2,30.3,0.7656765676567656,1.2901,0.0911,0.6174,0.6171
2009-06-15,2009,12.6,0,26.2,13.6,30.44,31.35,0.9709728867623605,1.2182,-0.4916,0.1742,-0.0658
2009-06-16,2009,8.9,0,25.1,16.2,19.17,29.84,0.642426273458445,2.7811,1.7277,4.5316,4.5311
2009-06-17,2009,9.7,0,19.7,10.0,8.68,26.69,0.32521543649306855,4.9506,1.1115,7.7313,7.6904
2009-06-18,2009,9.2,0,18.7,9.5,28.58,32.29,0.8851037472901827,1.5156,-0.0132,0.5903,0.118
2009-06-19,2009,12.5,0,25.7,13.2,31.31,31.71,0.9873856827499211,1.4615,-0.7402,0.444,0.1968
2009-06-20,2009,9.5,0,27.9,18.4,20.78,28.32,0.7337570621468927,2.3172,1.2701,0.9889,0.6548
2009-06-21,2009,12.2,0,27.9,15.7,27.99,31.16,0.8982670089858793,1.2745,-0.6103,0.6792,0.0156
2009-06-22,2009,12.8,0,31.9,19.1,30.33,31.61,0.9595064852894654,1.0747,-0.6077,0.0684,0.036
2009-06-23,2009,12.9,0,34.0,21.1,25.02,30.97,0.8078785921859865,1.1461,-0.0808,1.3394,1.3322
2009-06-24,2009,8.8,0,31.2,22.4,19.52,29.33,0.6655301738833959,5.0851,3.6256,4.6308,4.2454
2009-06-25,2009,7.3,0,24.4,17.1,14.96,29.17,0.5128556736372986,2.3939,0.8808,2.3896,2.3735
2009-06-26,2009,12.3,0,25.3,13.0,28.32,30.85,0.9179902755267423,1.1999,-0.6124,0.3002,0.1169
2009-06-27,2009,12.7,0,30.1,17.4,21.35,29.62,0.7207967589466577,1.2105,0.346,1.7448,1.6973
2009-06-28,2009,12.4,0,31.1,18.7,27.43,29.97,0.9152485819152486,1.1125,-0.3105,0.1798,0.0136
2009-06-29,2009,13.5,0,34.7,21.2,22.55,30.59,0.7371690094802223,8.2343,5.3987,9.9805,9.7081
2009-06-30,2009,8.0,0,21.2,13.2,7.4,27.37,0.2703690171720862,2.5082,1.6851,4.2477,4.1904
2009-07-01,2009,6.5,0,18.0,11.5,8.58,27.92,0.30730659025787965,1.3414,-0.6411,0.5317,0.5175
2009-07-02,2009,10.5,0,25.9,15.4,23.41,31.21,0.75008010253124,0.8169,0.5915,1.1041,0.9134
2009-07-03,2009,14.4,0,30.5,16.1,29.65,31.28,0.9478900255754474,0.8473,-0.4307,0.2072,0.1646
2009-07-04,2009,13.0,0,31.8,18.8,26.45,29.92,0.8840240641711229,0.8658,-0.0932,0.3572,0.1865
2009-07-05,2009,10.7,0,30.6,19.9,27.44,30.34,0.9044166117336849,1.1559,0.649,2.0459,2.004
2009-07-06,2009,7.5,0,28.4,20.9,18.85,28.64,0.6581703910614526,1.3164,0.8969,1.5276,1.2174
2009-07-07,2009,8.7,0,30.2,21.5,19.93,28.73,0.6936999651931779,0.5846,0.2961,0.4976,0.4062
2009-07-08,2009,8.3,0,29.3,21.0,16.24,29.33,0.5536992840095465,2.8721,1.7338,4.9577,4.8265
2009-07-09,2009,12.3,0,31.9,19.6,26.91,30.21,0.8907646474677259,0.9609,0.0048,1.2475,0.9722
2009-07-10,2009,10.8,0,31.8,21.0,19.23,29.26,0.6572112098427888,2.8328,1.4549,4.5265,4.3484
2009-07-11,2009,11.2,0,31.3,20.1,26.74,29.46,0.9076714188730481,0.5426,0.2333,0.4186,0.2776
2009-07-12,2009,15.2,0.3999999999999986,35.0,19.8,27.98,30.58,0.9149771092217136,1.2388,-0.4157,0.6371,0.6226
2009-07-13,2009,9.5,0,32.7,23.2,19.56,29.1,0.6721649484536082,5.3047,4.3886,7.1562,7.0136
2009-07-14,2009,6.9,0,27.0,20.1,17.49,27.95,0.6257602862254025,1.0561,0.2084,0.5615,0.3962
2009-07-15,2009,7.9,0,26.2,18.3,9.84,28.63,0.343695424380021,3.5203,1.4859,4.044,3.7945
2009-07-16,2009,11.8,0,29.1,17.3,22.37,29.54,0.7572782667569398,1.9998,1.2151,1.8047,1.7931
2009-07-17,2009,11.1,0,27.7,16.6,19.63,28.65,0.6851657940663176,1.3223,-0.5916,1.2558,1.2282
2009-07-18,2009,12.5,0,30.0,17.5,25.88,29.06,0.8905712319339298,0.6133,0.0131,0.5179,0.5048
2009-07-19,2009,11.5,0,30.1,18.6,25.03,28.7,0.8721254355400697,2.8022,1.264,4.4734,4.305
2009-07-20,2009,12.9,0,28.9,16.0,27.81,28.8,0.965625,1.4076,-0.8711,0.5722,0.131
2009-07-21,2009,13.2,0,33.0,19.8,29.49,29.79,0.9899295065458207,0.927,-0.1999,0.4202,0.4137
2009-07-22,2009,12.5,0,34.7,22.2,26.54,28.46,0.9325368938861559,0.7846,-0.1689,0.4504,0.3983
2009-07-23,2009,13.7,0,32.7,19.0,21.1,27.83,0.7581746316924184,4.2674,3.0517,5.9382,5.8836
2009-07-24,2009,9.5,0,28.3,18.8,23.84,27.94,0.8532569792412311,0.6177,0.112,0.3569,0.3517
2009-07-25,2009,10.9,0,26.9,16.0,25.69,29.17,0.8806993486458691,1.2687,-0.6649,1.0177,0.9764
2009-07-26,2009,12.7,0,30.4,17.7,27.43,28.81,0.95209996528983,1.4136,-0.6769,0.2095,0.1794
2009-07-27,2009,8.7,0,31.1,22.4,14.75,26.91,0.5481233742103307,2.7288,1.52,4.1568,3.5889
2009-07-28,2009,13.5,0,32.1,18.6,24.55,27.61,0.8891705903658096,1.1946,0.6121,1.5319,1.4316
2009-07-29,2009,11.3,0,28.7,17.4,15.17,26.81,0.5658336441626259,2.3962,1.4686,4.2064,4.1962
2009-07-30,2009,9.8,0,25.9,16.1,22.02,28.17,0.7816826411075611,1.3144,0.2128,0.1287,0.1242
2009-07-31,2009,13.6,0,32.3,18.7,28.91,29.12,0.9927884615384616,1.0798,-0.4582,0.3458,0.2671
2009-08-01,2009,13.8,0,33.6,19.8,26.22,28.24,0.9284702549575071,1.1561,-0.5242,0.7332,0.6529
2009-08-02,2009,8.4,0,31.8,23.4,20.91,27.54,0.7592592592592593,2.5721,1.2782,2.714,2.593
2009-08-03,2009,11.0,0,31.6,20.6,24.1,27.01,0.8922621251388375,1.1927,0.6442,1.1208,0.9985
2009-08-04,2009,7.2,0,28.9,21.7,15.71,26.71,0.5881692250093598,2.227,1.7756,2.9192,2.8043
2009-08-05,2009,8.9,0,28.1,19.2,19.51,27.11,0.7196606418295832,2.4787,1.4589,1.851,1.6081
2009-08-06,2009,7.8,0,24.6,16.8,9.18,25.95,0.353757225433526,2.9932,2.3108,4.4671,4.4665
2009-08-07,2009,11.0,0,27.0,16.0,27.31,27.57,0.99056945955749,0.8444,0.3261,0.642,0.5352
2009-08-08,2009,15.8,1.0,31.7,15.9,28.0,28.27,0.9904492394764769,1.3264,-0.7659,0.0854,0.0854
2009-08-09,2009,14.9,0.09999999999999964,34.3,19.4,21.51,27.15,0.7922651933701659,1.0396,0.0232,1.1337,1.0071
2009-08-10,2009,13.9,0,35.8,21.9,23.15,26.74,0.8657442034405385,0.879,0.0622,1.0836,0.8087
2009-08-11,2009,10.9,0,33.8,22.9,23.9,26.46,0.9032501889644746,0.6455,-0.0185,0.4289,0.2256
2009-08-12,2009,13.6,0,32.7,19.1,9.36,25.03,0.3739512584898122,7.7806,5.7987,11.8101,11.7658
2009-08-13,2009,12.6,0,28.9,16.3,26.37,26.94,0.9788418708240535,1.1023,-0.3106,0.9056,0.7685
2009-08-14,2009,9.7,0,26.2,16.5,19.34,25.64,0.7542901716068643,1.3528,0.5133,2.0378,2.0329
2009-08-15,2009,9.4,0,26.1,16.7,24.71,26.71,0.9251216772744291,0.5177,0.2331,0.5369,0.4965
2009-08-16,2009,10.0,0,26.6,16.6,22.78,25.99,0.8764909580607927,0.7411,-0.4578,0.4616,0.457
2009-08-17,2009,9.7,0,27.1,17.4,24.43,26.2,0.9324427480916031,0.8237,0.3371,0.6336,0.6205
2009-08-18,2009,10.8,0,27.2,16.4,25.71,26.06,0.9865694551036072,0.5358,0.1582,0.3137,0.2999
2009-08-19,2009,12.7,0,28.6,15.9,20.37,25.45,0.800392927308448,1.9729,-0.609,1.93,1.9296
2009-08-20,2009,9.3,0,28.2,18.9,20.5,24.83,0.8256141763995167,3.0406,1.6605,3.0515,2.8314
2009-08-21,2009,10.0,0,24.4,14.4,17.34,24.23,0.7156417664052827,1.1166,0.1554,1.2416,1.2336
2009-08-22,2009,11.7,0,23.4,11.7,23.05,24.85,0.9275653923541247,2.0234,-1.1641,0.5474,0.1731
2009-08-23,2009,10.7,0,26.2,15.5,24.72,25.12,0.984076433121019,0.9015,0.0192,0.7799,0.7797
2009-08-24,2009,10.6,0,27.5,16.9,18.04,24.39,0.7396473964739647,0.8297,0.289,0.7764,0.7304
2009-08-25,2009,15.4,0.5999999999999996,31.8,16.4,24.73,24.94,0.991579791499599,0.6523,-0.2295,0.7242,0.6688
2009-08-26,2009,12.2,0,30.4,18.2,24.68,25.13,0.9820931157978512,0.7726,-0.1645,0.8078,0.6159
2009-08-27,2009,8.0,0,28.4,20.4,16.94,23.55,0.7193205944798302,2.4433,1.7199,3.7823,3.7813
2009-08-28,2009,10.8,0,29.6,18.8,22.24,23.56,0.9439728353140917,1.2744,-0.4962,0.4465,0.4436
2009-08-29,2009,17.4,2.599999999999998,35.9,18.5,22.49,23.89,0.9413980745081624,2.7127,1.1414,1.8515,1.4016
2009-08-30,2009,13.0,0,30.9,17.9,15.72,22.32,0.7043010752688172,4.4068,3.4182,6.9874,6.9843
2009-08-31,2009,9.9,0,26.7,16.8,20.56,22.93,0.8966419537723506,0.8451,-0.1205,0.981,0.7846
2009-09-01,2009,10.0,0,26.8,16.8,19.25,22.44,0.8578431372549019,1.2408,0.6611,1.3612,1.3216
2009-09-02,2009,15.2,0.3999999999999986,23.8,8.6,12.21,21.82,0.5595783684692942,7.5658,0.9071,11.2105,11.0092
2009-09-03,2009,9.7,0,16.4,6.7,24.4,24.6,0.9918699186991868,0.6111,-0.285,0.2799,0.2794
2009-09-04,2009,8.4,0,18.0,9.6,21.01,23.48,0.8948040885860307,0.7457,-0.2173,0.3636,0.3138
2009-09-05,2009,9.1,0,20.0,10.9,19.72,22.73,0.8675758908930927,1.0799,-0.4404,0.6543,0.5088
2009-09-06,2009,9.3,0,21.3,12.0,19.1,22.97,0.8315193730953419,0.8768,-0.0722,1.039,1.0383
2009-09-07,2009,9.5,0,22.8,13.3,22.09,22.86,0.9663167104111986,0.7972,-0.3168,0.5311,0.5174
2009-09-08,2009,8.1,0,21.1,13.0,21.94,22.59,0.9712262062859673,0.8766,-0.1452,0.6632,0.6622
2009-09-09,2009,10.4,0,22.4,12.0,21.66,22.35,0.9691275167785235,0.9978,-0.6245,0.1645,0.038
2009-09-10,2009,9.7,0,21.0,11.3,18.02,21.9,0.8228310502283105,1.9277,0.9151,3.4652,3.0821
2009-09-11,2009,7.4,0,20.6,13.2,18.62,21.71,0.8576692768309535,0.5397,-0.0756,0.4499,0.4468
2009-09-12,2009,8.9,0,22.6,13.7,20.26,21.11,0.9597347228801517,0.5396,-0.2234,0.3292,0.3279
2009-09-13,2009,11.9,0,25.6,13.7,20.68,21.02,0.9838249286393911,0.8101,0.0574,0.8156,0.7923
2009-09-14,2009,14.7,0,28.5,13.8,19.85,20.98,0.946139180171592,0.7644,-0.0374,1.0372,0.8673
2009-09-15,2009,13.7,0,29.0,15.3,20.63,20.94,0.9851957975167143,0.9099,0.0183,1.2314,1.0837
2009-09-16,2009,14.3,0,31.2,16.9,20.37,20.63,0.9873969946679594,1.7392,-0.2109,0.227,0.2255
2009-09-17,2009,12.8,0,28.7,15.9,18.78,19.83,0.947049924357035,2.5885,1.8038,4.1337,4.1332
2009-09-18,2009,12.5,0,22.6,10.1,9.42,19.55,0.4818414322250639,6.4751,5.1011,9.7759,9.7469
2009-09-19,2009,12.5,0,18.8,6.3,20.97,21.27,0.9858956276445697,1.1366,-0.4812,0.4968,0.4366
2009-09-20,2009,9.1,0,19.8,10.7,15.38,19.32,0.7960662525879918,0.8801,0.5195,0.7026,0.6547
2009-09-21,2009,12.8,0,24.4,11.6,18.79,19.82,0.9480322906155398,1.4584,0.4488,2.3413,2.3409
2009-09-22,2009,11.5,0,25.1,13.6,18.16,18.39,0.9874932028276237,1.0619,0.0894,1.5335,1.4365
2009-09-23,2009,8.0,0,21.3,13.3,6.82,17.71,0.38509316770186336,4.3375,2.8347,6.0822,6.0668
2009-09-24,2009,9.6,0,19.9,10.3,18.8,19.67,0.9557702084392475,0.7339,0.1467,0.742,0.615
2009-09-25,2009,11.7,0,21.7,10.0,17.31,19.22,0.9006243496357961,0.9377,-0.1916,1.0179,1.0143
2009-09-26,2009,11.5,0,23.9,12.4,18.1,18.38,0.9847660500544071,0.6139,0.1008,0.9137,0.8143
2009-09-27,2009,9.7,0,22.4,12.7,14.12,17.68,0.7986425339366515,1.1732,0.2228,1.8242,1.8118
2009-09-28,2009,7.2,0,19.8,12.6,9.39,17.38,0.5402761795166859,1.6473,0.5352,2.2588,2.0802
2009-09-29,2009,9.3,0,21.8,12.5,17.74,18.38,0.9651795429815015,0.8985,0.1176,0.9909,0.8715
2009-09-30,2009,12.7,0,23.6,10.9,18.09,18.31,0.98798470780994,0.7251,0.1028,0.9379,0.8322
2010-05-01,2010,11.8,0,25.3,13.5,23.54,24.6,0.956910569105691,1.3272,-0.0836,0.6543,0.561
2010-05-02,2010,10.4,0,23.6,13.2,14.91,23.35,0.638543897216274,3.746,2.2919,1.7516,1.751
2010-05-03,2010,12.4,0,20.6,8.2,7.08,26.79,0.26427771556550955,5.7393,4.4648,7.8277,7.6789
2010-05-04,2010,9.4,0,17.2,7.8,21.03,28.68,0.7332635983263599,0.695,-0.0038,0.2814,0.0175
2010-05-05,2010,10.5,0,21.1,10.6,28.7,29.48,0.9735413839891451,0.6397,-0.2834,0.4493,-0.0484
2010-05-06,2010,11.5,0,23.8,12.3,28.71,29.22,0.982546201232033,0.7792,-0.1127,0.3073,0.2924
2010-05-07,2010,9.1,0,23.2,14.1,27.68,29.12,0.9505494505494505,1.9852,0.9444,0.9732,0.9422
2010-05-08,2010,11.4,0,21.2,9.8,28.65,29.46,0.9725050916496945,1.1042,-0.2094,0.3182,0.3038
2010-05-09,2010,11.8,0,23.5,11.7,21.22,27.68,0.7666184971098265,1.6795,-0.6845,0.9857,0.9821
2010-05-10,2010,7.5,0,24.0,16.5,19.75,27.19,0.7263699889665318,0.9231,0.6559,0.3485,0.3454
2010-05-11,2010,7.9,0,22.6,14.7,20.51,26.35,0.7783681214421253,2.2997,1.5154,2.4741,2.473
2010-05-12,2010,10.6,0,19.2,8.6,17.94,29.99,0.5981993997999334,4.6033,3.6589,5.4887,5.4625
2010-05-13,2010,12.3,0,20.2,7.9,27.93,29.47,0.9477434679334917,1.3771,0.3967,0.2382,-0.037
2010-05-14,2010,17.5,2.6999999999999993,18.9,1.4,9.09,27.75,0.32756756756756755,10.2256,7.5991,15.7131,15.6556
2010-05-15,2010,5.3,0,7.6,2.3,6.87,29.21,0.23519342690859293,1.2693,-0.0144,1.0315,0.935
2010-05-16,2010,8.1,0,12.5,4.4,14.51,29.87,0.485771677268162,1.3432,-0.039,1.2883,0.5204
2010-05-17,2010,17.2,2.3999999999999986,22.4,5.2,28.12,30.56,0.9201570680628273,1.7208,-0.8158,0.6095,0.2356
2010-05-18,2010,16.0,1.1999999999999993,24.7,8.7,29.26,30.18,0.9695162359178264,1.5398,-0.8449,0.3856,0.3602
2010-05-19,2010,10.5,0,23.9,13.4,22.12,29.05,0.7614457831325301,0.9831,-0.05,0.6859,0.6858
2010-05-20,2010,10.3,0,24.7,14.4,21.42,28.43,0.7534294759057334,1.4799,0.3291,2.2465,2.15
2010-05-21,2010,14.8,0,29.7,14.9,25.92,28.58,0.9069279216235131,3.1918,-1.8315,0.5416,0.1911
2010-05-22,2010,12.9,0,28.3,15.4,21.05,28.56,0.7370448179271709,4.9491,3.9471,6.8397,6.8044
2010-05-23,2010,10.3,0,20.6,10.3,8.03,27.96,0.28719599427753933,4.4897,2.0987,5.3203,5.2072
2010-05-24,2010,7.7,0,15.4,7.7,14.38,29.51,0.4872924432395798,1.108,0.1094,0.571,0.4586
2010-05-25,2010,11.1,0,21.6,10.5,24.76,29.11,0.8505668155273103,0.8776,0.3752,0.6564,0.5662
2010-05-26,2010,14.3,0,25.7,11.4,29.42,31.04,0.9478092783505155,1.2858,-0.4591,0.9961,0.7868
2010-05-27,2010,12.5,0,26.8,14.3,26.04,30.83,0.8446318520921181,1.0754,-0.2108,1.0921,1.0921
2010-05-28,2010,7.2,0,24.5,17.3,20.77,29.74,0.6983860121049092,0.7396,0.554,1.0046,0.8439
2010-05-29,2010,5.8,0,23.7,17.9,18.89,28.09,0.6724813100747598,0.9708,0.6419,1.0196,0.8741
2010-05-30,2010,10.5,0,27.7,17.2,19.79,29.15,0.6789022298456261,0.8655,0.4667,0.8941,0.8625
2010-05-31,2010,9.2,0,29.0,19.8,20.14,27.78,0.7249820014398848,1.3767,0.0566,1.8142,1.7873
2010-06-01,2010,8.6,0,30.8,22.2,19.64,28.86,0.6805266805266805,3.6808,2.5978,3.5649,3.2226
2010-06-02,2010,8.8,0,25.1,16.3,13.99,28.31,0.4941716707877076,3.2103,2.6558,4.4328,4.4134
2010-06-03,2010,5.5,0,19.7,14.2,11.14,29.86,0.3730743469524448,1.8555,1.148,2.692,2.0471
2010-06-04,2010,4.4,0,17.1,12.7,8.7,27.94,0.31138153185397277,1.5021,0.1376,1.8515,1.4585
2010-06-05,2010,11.7,0,23.6,11.9,24.24,30.58,0.7926749509483323,1.423,-0.7797,0.1579,0.1103
2010-06-06,2010,9.9,0,26.0,16.1,27.16,30.96,0.8772609819121446,1.0129,-0.593,0.397,-0.0892
2010-06-07,2010,11.6,0,26.7,15.1,31.32,31.67,0.9889485317335017,0.4296,-0.237,0.2802,0.2704
2010-06-08,2010,13.5,0,29.3,15.8,30.39,31.13,0.9762287182781882,1.1605,-0.2879,0.6788,0.62
2010-06-09,2010,14.5,0,31.5,17.0,30.33,31.19,0.9724270599551137,1.4065,-0.5475,0.5023,0.4188
2010-06-10,2010,9.7,0,31.0,21.3,21.89,30.53,0.7169996724533246,1.7933,0.7882,2.6653,2.2791
2010-06-11,2010,11.3,0,32.1,20.8,25.39,30.47,0.833278634722678,0.7146,-0.1449,0.5056,0.4954
2010-06-12,2010,12.5,0,34.3,21.8,24.36,29.99,0.812270756918973,1.0564,0.4624,0.7085,0.6833
2010-06-13,2010,13.7,0,32.3,18.6,13.46,28.26,0.47629157820240625,6.3292,3.7324,11.2685,11.2217
2010-06-14,2010,8.6,0,26.9,18.3,18.98,29.03,0.6538064071650017,0.6262,-0.0447,0.9204,0.5942
2010-06-15,2010,12.0,0,30.5,18.5,30.62,31.29,0.9785874081176095,1.1034,-0.5944,0.5552,0.1659
2010-06-16,2010,12.7,0,33.0,20.3,27.49,30.47,0.9021988841483426,1.1344,-0.2126,1.0539,0.9809
2010-06-17,2010,11.6,0,34.4,22.8,27.61,30.04,0.9191078561917444,0.5677,-0.2898,0.2799,0.1906
2010-06-18,2010,12.0,0,36.1,24.1,23.31,29.44,0.7917798913043478,1.1303,-0.0661,0.3318,0.0713
2010-06-19,2010,10.7,0,35.5,24.8,24.85,28.75,0.8643478260869566,0.7517,-0.3366,1.0137,0.3409
2010-06-20,2010,9.3,0,35.1,25.8,20.95,27.14,0.7719233603537214,1.8262,1.0274,2.8363,2.7653
2010-06-21,2010,7.8,0,32.0,24.2,15.34,28.02,0.5474660956459672,2.8098,2.2512,4.3358,4.2944
2010-06-22,2010,8.1,0,31.5,23.4,18.67,28.71,0.6502960640891676,5.2105,3.2587,3.0159,2.6798
2010-06-23,2010,10.9,0,26.6,15.7,14.74,29.36,0.5020435967302452,3.8002,2.9552,4.4845,4.4358
2010-06-24,2010,5.0,0,21.7,16.7,16.29,29.29,0.5561625128030044,2.7346,1.9782,3.2805,3.1416
2010-06-25,2010,6.1,0,17.0,10.9,8.31,28.17,0.29499467518636846,3.2325,2.1183,5.3358,5.3354
2010-06-26,2010,10.3,0,21.4,11.1,29.25,31.38,0.9321223709369025,0.9114,-0.6757,0.3261,-0.0302
2010-06-27,2010,10.6,0,24.8,14.2,27.11,31.51,0.8603617899079656,1.0442,-0.3962,0.2941,0.2941
2010-06-28,2010,10.9,0,28.0,17.1,23.33,31.1,0.7501607717041799,1.579,0.1361,1.6174,1.1406
2010-06-29,2010,10.1,0,24.8,14.7,17.97,29.9,0.6010033444816053,3.36,2.4766,4.9993,4.9823
2010-06-30,2010,12.1,0,26.6,14.5,26.91,30.38,0.8857801184990125,1.3063,-0.1387,1.0403,0.7804
2010-07-01,2010,9.2,0,25.4,16.2,25.9,30.68,0.8441981747066493,1.2425,0.075,0.4309,0.2294
2010-07-02,2010,12.6,0,29.6,17.0,29.96,31.23,0.9593339737431956,0.9037,-0.1202,0.415,0.4061
2010-07-03,2010,13.0,0,31.1,18.1,19.61,30.1,0.6514950166112956,1.4668,0.0233,2.2656,2.1861
2010-07-04,2010,9.3,0,28.5,19.2,22.68,29.99,0.7562520840280094,1.2306,0.1069,0.5873,0.5753
2010-07-05,2010,10.9,0,30.5,19.6,23.61,29.69,0.7952172448635904,1.1473,-0.4339,0.9888,0.7438
2010-07-06,2010,10.4,0,31.5,21.1,20.2,29.3,0.6894197952218429,1.623,0.8508,2.2207,2.2195
2010-07-07,2010,12.1,0,30.6,18.5,20.49,28.72,0.7134401114206128,1.6971,0.1602,0.5593,0.0327
2010-07-08,2010,9.5,0,31.4,21.9,22.2,29.88,0.7429718875502008,1.0978,0.2979,1.6305,1.6153
2010-07-09,2010,8.7,0,29.8,21.1,16.06,29.19,0.5501884206920178,0.477,0.1391,0.4575,0.456
2010-07-10,2010,11.1,0,30.6,19.5,20.78,29.28,0.7096994535519126,2.1123,0.7113,1.822,1.3332
2010-07-11,2010,10.9,0,27.2,16.3,18.62,29.22,0.6372347707049967,1.7382,0.952,2.3693,2.343
2010-07-12,2010,9.9,0,25.6,15.7,22.48,30.03,0.7485847485847485,3.3732,1.9014,4.3873,4.2936
2010-07-13,2010,14.0,0,28.1,14.1,29.7,30.11,0.9863832613749585,1.4857,-0.8596,0.1688,-0.0668
2010-07-14,2010,15.8,1.0,33.3,17.5,29.6,30.31,0.9765753876608381,1.7003,-0.6321,0.2733,0.19
2010-07-15,2010,8.9,0,31.7,22.8,24.76,29.06,0.8520302821748108,1.0419,0.6047,0.9419,0.8931
2010-07-16,2010,12.4,0,35.2,22.8,28.74,30.02,0.9573617588274483,0.6636,0.0386,1.0517,0.9123
2010-07-17,2010,12.9,0,37.3,24.4,26.2,28.87,0.9075164530654658,1.4668,0.2027,1.5509,1.3855
2010-07-18,2010,9.6,0,33.9,24.3,24.45,28.77,0.8498435870698644,1.6588,0.6012,2.6112,2.6045
2010-07-19,2010,6.2,0,30.6,24.4,14.39,27.12,0.5306047197640118,3.3228,2.3644,4.9294,4.9292
2010-07-20,2010,10.1,0,28.5,18.4,23.09,28.15,0.8202486678507993,1.042,-0.1279,0.4213,0.0762
2010-07-21,2010,12.3,0,32.7,20.4,28.2,29.59,0.9530246704967894,0.9744,-0.3261,0.5651,0.5605
2010-07-22,2010,7.6,0,30.8,23.2,16.93,28.17,0.6009939652112175,3.5116,2.7727,5.6555,5.6538
2010-07-23,2010,7.3,0,24.5,17.2,5.31,26.46,0.2006802721088435,4.417,2.7383,5.9301,5.9183
2010-07-24,2010,11.4,0,27.2,15.8,20.27,27.43,0.7389719285453883,1.8696,-0.2381,1.0529,0.7521
2010-07-25,2010,9.2,0,29.1,19.9,20.61,26.09,0.7899578382522039,1.241,-0.411,0.6284,0.6159
2010-07-26,2010,7.8,0,28.6,20.8,12.6,25.92,0.48611111111111105,1.6184,-0.1716,0.7833,0.6381
2010-07-27,2010,4.2,0,27.7,23.5,13.11,27.13,0.4832288978990048,1.2519,0.6459,0.9934,0.7773
2010-07-28,2010,8.0,0,27.7,19.7,22.91,27.34,0.837966349670812,0.5905,0.3062,0.5287,0.5243
2010-07-29,2010,10.3,0,26.4,16.1,11.53,27.78,0.4150467962562995,5.5319,3.3717,8.1727,8.0997
2010-07-30,2010,6.5,0,22.8,16.3,9.64,27.45,0.35118397085610203,0.7021,0.2582,0.9529,0.9512
2010-07-31,2010,6.5,0,24.7,18.2,11.15,27.4,0.4069343065693431,1.4232,0.3933,2.0803,2.0496
2010-08-01,2010,4.8,0,22.2,17.4,7.56,26.9,0.2810408921933086,1.2586,0.6519,1.3888,0.6901
2010-08-02,2010,10.7,0,27.3,16.6,27.06,28.04,0.9650499286733238,0.6604,0.0961,0.4684,0.4678
2010-08-03,2010,9.9,0,25.8,15.9,27.62,28.15,0.9811722912966253,0.6435,-0.239,0.36,0.3586
2010-08-04,2010,12.2,0,28.6,16.4,27.83,28.16,0.9882812499999999,1.1254,-0.3018,0.774,0.7294
2010-08-05,2010,9.8,0,28.9,19.1,23.36,26.66,0.8762190547636909,0.9604,-0.3602,0.9341,0.9083
2010-08-06,2010,6.3,0,26.7,20.4,11.47,26.29,0.4362875618105744,1.6301,1.1265,1.2842,0.9999
2010-08-07,2010,11.0,0,30.9,19.9,18.19,26.98,0.6742031134173462,1.275,-0.5364,0.7114,0.5852
2010-08-08,2010,6.4,0,29.5,23.1,18.87,26.35,0.7161290322580646,1.174,0.9467,0.4995,0.4902
2010-08-09,2010,10.0,0,30.3,20.3,20.83,26.46,0.7872260015117157,0.5857,-0.4008,0.2818,0.2343
2010-08-10,2010,9.0,0,30.4,21.4,21.74,25.86,0.8406805877803557,3.1134,1.4153,0.4928,0.3876
2010-08-11,2010,18.3,3.5,29.3,11.0,23.31,27.13,0.8591964614817545,5.1839,2.6588,7.6968,7.6517
2010-08-12,2010,9.5,0,23.1,13.6,26.65,27.24,0.9783406754772394,0.7101,-0.1285,0.5536,0.5522
2010-08-13,2010,11.3,0,25.8,14.5,26.99,27.37,0.9861161856046765,0.7589,-0.1022,0.5032,0.4939
2010-08-14,2010,13.6,0,28.9,15.3,25.66,26.54,0.9668425018839488,1.8795,-0.9513,0.2879,0.255
2010-08-15,2010,7.7,0,28.8,21.1,16.01,24.29,0.6591189790037053,1.1294,0.3544,0.6054,0.5966
2010-08-16,2010,6.7,0,27.6,20.9,18.49,25.13,0.7357739753282928,1.8984,1.2115,1.3168,1.3027
2010-08-17,2010,9.8,0,26.2,16.4,24.79,26.16,0.9476299694189602,1.059,-0.3503,0.515,0.5145
2010-08-18,2010,13.6,0,30.3,16.7,24.35,25.95,0.9383429672447015,0.96,-0.1646,1.1202,0.8813
2010-08-19,2010,9.7,0,28.1,18.4,17.74,24.56,0.7223127035830619,0.5664,0.3652,0.5658,0.5616
2010-08-20,2010,13.6,0,32.1,18.5,25.89,26.17,0.9893007260221628,0.743,-0.0279,0.2694,0.2684
2010-08-21,2010,13.1,0,35.0,21.9,23.33,25.51,0.9145433163465306,1.2708,0.1282,1.3878,1.3426
2010-08-22,2010,14.0,0,34.9,20.9,19.93,24.11,0.826627955205309,0.8879,0.1331,1.4642,1.2802
2010-08-23,2010,14.8,0,37.4,22.6,24.21,24.38,0.9930270713699755,2.4421,0.2372,0.2253,0.2229
2010-08-24,2010,16.5,1.6999999999999993,35.2,18.7,16.04,23.53,0.6816829579260518,8.764,6.9884,13.3089,13.3077
2010-08-25,2010,6.8,0,22.0,15.2,13.17,21.45,0.613986013986014,0.9851,0.269,1.0199,1.0168
2010-08-26,2010,5.9,0,21.9,16.0,12.44,17.81,0.6984839977540708,0.695,0.2684,1.1776,1.1708
2010-08-27,2010,7.3,0,24.1,16.8,15.21,18.83,0.8077535847052577,0.8299,-0.4524,0.4591,0.4267
2010-08-28,2010,7.5,0,23.9,16.4,12.68,19.57,0.6479305058763413,1.3481,0.3929,2.3851,2.1094
2010-08-29,2010,12.8,0,29.2,16.4,21.85,23.9,0.9142259414225943,1.142,-0.449,0.6504,0.5552
2010-08-30,2010,10.5,0,29.6,19.1,23.1,24.24,0.952970297029703,0.9758,-0.0435,1.1048,1.1008
2010-08-31,2010,10.9,0,30.5,19.6,23.43,24.15,0.9701863354037268,0.7377,-0.0514,0.4683,0.4675
2010-09-01,2010,12.4,0,32.9,20.5,23.44,23.89,0.981163666806195,2.1744,-1.2043,0.3645,0.3589
2010-09-02,2010,7.0,0,34.1,27.1,21.5,23.15,0.9287257019438445,2.1495,1.414,2.1979,1.9707
2010-09-03,2010,8.2,0,30.2,22.0,9.19,21.46,0.4282385834109972,4.9167,3.3512,3.7163,3.5831
2010-09-04,2010,11.4,0,24.4,13.0,22.76,24.98,0.9111289031224981,4.4766,3.5961,6.7053,6.7044
2010-09-05,2010,7.4,0,17.7,10.3,14.75,24.19,0.6097560975609756,1.2166,0.7742,0.7103,0.6286
2010-09-06,2010,14.0,0,23.6,9.6,23.37,23.57,0.9915146372507425,1.0651,-0.515,0.6046,0.5538
2010-09-07,2010,14.5,0,26.4,11.9,23.14,23.69,0.9767834529337273,2.2807,-0.9401,0.6593,0.6582
2010-09-08,2010,10.2,0,29.7,19.5,22.71,22.91,0.9912701876909646,1.0319,-0.3167,0.5522,0.5099
2010-09-09,2010,14.0,0,32.2,18.2,19.18,20.84,0.9203454894433781,1.1391,0.1242,1.3082,1.1742
2010-09-10,2010,9.5,0,28.3,18.8,18.63,19.43,0.9588265568708183,1.8795,1.1673,3.4983,3.4969
2010-09-11,2010,16.0,1.1999999999999993,32.7,16.7,19.71,19.78,0.9964610717896866,1.1895,-0.0404,0.2601,0.254
2010-09-12,2010,15.1,0.29999999999999893,30.0,14.9,14.42,19.0,0.7589473684210526,6.6987,5.6368,7.9669,7.9597
2010-09-13,2010,10.8,0,20.1,9.3,5.32,17.97,0.2960489705063996,5.712,4.1968,9.8295,9.7762
2010-09-14,2010,8.3,0,16.9,8.6,17.83,20.48,0.8706054687499999,0.9187,-0.0129,0.2951,0.2605
2010-09-15,2010,10.2,0,20.1,9.9,18.54,19.94,0.9297893681043128,0.9178,0.1054,0.7122,0.7061
2010-09-16,2010,8.9,0,20.3,11.4,19.54,20.0,0.977,0.8201,-0.2813,0.6045,0.5501
2010-09-17,2010,6.5,0,18.1,11.6,14.86,20.12,0.7385685884691848,1.7453,1.2004,2.4915,2.4336
2010-09-18,2010,9.7,0,18.1,8.4,17.7,19.94,0.8876629889669007,0.8078,-0.2418,0.3785,0.3716
2010-09-19,2010,7.5,0,16.9,9.4,14.31,19.83,0.7216338880484116,1.2215,-0.5737,0.6542,0.342
2010-09-20,2010,5.7,0,18.7,13.0,12.22,18.92,0.645877378435518,0.4603,0.0276,0.6471,0.6332
2010-09-21,2010,12.5,0,24.5,12.0,18.97,19.74,0.9609929078014184,2.0759,-1.1834,0.5695,0.5657
2010-09-22,2010,6.9,0,25.3,18.4,19.28,19.78,0.974721941354904,2.533,0.9361,2.6232,2.5218
2010-09-23,2010,8.7,0,22.9,14.2,12.32,19.41,0.6347243688820196,0.9348,0.1963,0.5098,0.4069
2010-09-24,2010,9.6,0,23.6,14.0,19.95,20.15,0.9900744416873449,1.3262,0.3592,1.1025,0.9151
2010-09-25,2010,12.2,0,24.6,12.4,19.75,20.13,0.9811227024341779,0.7736,0.3106,1.2348,1.12
2010-09-26,2010,9.8,0,22.0,12.2,13.0,18.59,0.6993006993006993,0.9304,-0.1858,0.9421,0.8675
2010-09-27,2010,12.3,0,24.8,12.5,16.98,18.1,0.9381215469613259,0.7534,-0.2473,0.6959,0.6738
2010-09-28,2010,7.4,0,21.7,14.3,13.55,17.89,0.757406372275014,3.2382,2.0806,4.862,4.8617
2010-09-29,2010,8.7,0,19.3,10.6,15.81,17.99,0.8788215675375209,0.6153,-0.1307,0.6762,0.4782
2010-09-30,2010,8.4,0,19.0,10.6,18.09,18.48,0.9788961038961038,1.1164,-0.0424,1.2457,1.0945
2011-05-01,2011,8.6,0,17.6,9.0,8.67,24.46,0.3544562551103843,3.9983,0.9961,5.0213,4.6114
2011-05-02,2011,9.9,0,18.2,8.3,26.1,28.42,0.9183673469387755,1.2521,-0.847,0.3554,0.2822
2011-05-03,2011,10.6,0,20.6,10.0,25.08,26.6,0.9428571428571427,0.6689,-0.3659,0.0825,-0.0592
2011-05-04,2011,11.8,0,23.7,11.9,26.45,27.58,0.9590282813633068,0.674,0.0173,0.6238,0.6187
2011-05-05,2011,8.3,0,22.0,13.7,23.38,27.51,0.8498727735368956,1.0489,-0.0046,1.2024,1.1875
2011-05-06,2011,4.5,0,20.2,15.7,12.08,25.4,0.4755905511811024,0.9212,0.5445,1.3289,1.3232
2011-05-07,2011,12.4,0,18.2,5.8,11.6,26.93,0.4307463795024137,5.3085,0.9855,5.1702,5.14
2011-05-08,2011,5.3,0,14.1,8.8,20.76,27.92,0.7435530085959885,2.1723,1.4305,1.4671,1.3263
2011-05-09,2011,9.6,0,14.3,4.7,19.6,28.93,0.6774974075354304,1.3591,-0.6865,0.5954,0.266
2011-05-10,2011,7.0,0,15.7,8.7,29.52,30.3,0.9742574257425742,0.6891,0.2522,0.688,0.5757
2011-05-11,2011,12.2,0,19.9,7.7,27.81,28.66,0.9703419399860432,1.4085,-0.4864,0.6904,-0.0866
2011-05-12,2011,10.2,0,22.1,11.9,25.47,28.58,0.8911826452064381,1.2021,-0.3697,0.7391,0.7365
2011-05-13,2011,8.3,0,23.6,15.3,20.88,28.19,0.740688187300461,1.0872,0.6696,0.4301,0.3527
2011-05-14,2011,12.1,0,26.6,14.5,28.36,29.54,0.960054163845633,0.892,-0.5835,0.313,-0.2221
2011-05-15,2011,13.7,0,31.3,17.6,26.22,29.05,0.9025817555938037,2.5321,-0.7685,1.3884,1.3856
2011-05-16,2011,12.8,0,31.0,18.2,26.71,28.99,0.9213521904104864,0.8946,-0.1568,0.8433,0.8421
2011-05-17,2011,17.0,2.1999999999999993,28.6,11.6,8.71,27.79,0.31342209427851747,9.1047,5.5191,12.745,12.6974
2011-05-18,2011,8.9,0,20.8,11.9,18.65,28.95,0.6442141623488773,3.2116,1.346,5.5911,4.3773
2011-05-19,2011,8.4,0,19.5,11.1,16.7,28.86,0.5786555786555786,0.8165,0.0575,0.8659,0.8086
2011-05-20,2011,10.9,0,22.7,11.8,22.04,29.8,0.7395973154362415,0.7506,-0.437,0.0222,0.0149
2011-05-21,2011,9.4,0,21.4,12.0,16.78,28.14,0.5963041933191188,1.6152,1.0092,1.8709,1.8045
2011-05-22,2011,8.0,0,20.1,12.1,22.19,29.7,0.7471380471380472,2.5084,1.63,1.665,1.5377
2011-05-23,2011,10.6,0,20.0,9.4,27.76,30.71,0.9039400846629763,1.1596,-0.4588,0.7812,0.4899
2011-05-24,2011,11.9,0,23.4,11.5,29.54,30.95,0.9544426494345719,0.9679,-0.2423,0.5942,0.2679
2011-05-25,2011,13.8,0,27.2,13.4,27.95,29.83,0.9369761984579283,2.0574,-1.1386,0.217,0.112
2011-05-26,2011,10.3,0,27.5,17.2,20.6,28.91,0.7125562089242478,1.6123,0.5166,0.6238,0.5643
2011-05-27,2011,11.1,0,25.5,14.4,14.78,29.38,0.5030633083730429,4.6071,3.2624,5.2137,5.1214
2011-05-28,2011,11.2,0,23.0,11.8,29.65,31.67,0.9362172402904957,0.9443,-0.1549,0.2804,0.0182
2011-05-29,2011,13.2,0,27.2,14.0,29.6,31.62,0.9361163820366857,1.0878,-0.1339,0.8605,0.8584
2011-05-30,2011,14.8,0,30.3,15.5,27.42,30.61,0.8957856909506697,1.9273,-0.5445,0.706,0.5218
2011-05-31,2011,8.9,0,28.7,19.8,19.28,29.61,0.6511313745356299,1.1302,0.3128,0.647,0.504
2011-06-01,2011,10.6,0,26.8,16.2,17.2,29.19,0.5892428914011647,3.1583,2.4158,5.0727,5.0615
2011-06-02,2011,6.0,0,21.4,15.4,12.39,27.03,0.4583795782463929,0.6174,-0.2682,0.5732,0.4682
2011-06-03,2011,9.0,0,25.9,16.9,16.02,26.82,0.5973154362416108,0.9196,0.2512,1.5621,1.5542
2011-06-04,2011,14.8,0,31.9,17.1,29.22,30.67,0.9527225301597652,1.1466,-0.3759,0.7547,0.7378
2011-06-05,2011,11.2,0,29.7,18.5,16.1,28.83,0.5584460631286855,5.5711,4.0462,8.684,8.5877
2011-06-06,2011,10.8,0,27.2,16.4,28.84,30.17,0.9559164733178653,1.1055,-0.4469,0.9921,0.7618
2011-06-07,2011,8.7,0,27.9,19.2,23.44,27.84,0.8419540229885057,0.7684,0.5941,0.3964,0.3778
2011-06-08,2011,9.2,0,28.9,19.7,25.57,30.43,0.8402891883010187,0.5182,-0.1913,0.4276,0.2525
2011-06-09,2011,9.5,0,29.0,19.5,19.52,30.41,0.6418941137783624,1.7568,0.4059,3.0975,2.8381
2011-06-10,2011,7.8,0,28.2,20.4,18.07,29.63,0.6098548768140398,1.7218,0.7791,2.8894,2.7811
2011-06-11,2011,10.9,0,30.7,19.8,28.55,30.41,0.9388359092403815,0.7682,-0.2298,0.0732,0.0668
2011-06-12,2011,11.9,0,32.8,20.9,26.07,30.15,0.864676616915423,1.207,-0.3526,0.9061,0.8653
2011-06-13,2011,10.2,0,31.6,21.4,17.74,29.05,0.6106712564543889,4.6376,2.1193,6.5342,5.3078
2011-06-14,2011,6.8,0,25.6,18.8,16.31,28.15,0.5793960923623446,0.9697,0.0847,1.3063,1.2896
2011-06-15,2011,7.4,0,26.2,18.8,13.07,27.2,0.48051470588235295,2.4885,1.1885,1.4913,1.159
2011-06-16,2011,8.4,0,28.9,20.5,17.3,29.22,0.592060232717317,0.8438,0.3524,1.2327,1.0074
2011-06-17,2011,9.7,0,27.6,17.9,19.05,29.26,0.6510594668489406,1.5514,0.449,1.4923,1.3404
2011-06-18,2011,6.2,0,25.9,19.7,11.93,29.34,0.4066121336059986,2.8247,1.6096,2.386,2.0751
2011-06-19,2011,6.3,0,22.9,16.6,18.11,29.45,0.6149405772495755,1.0859,-0.5376,0.6769,0.0208
2011-06-20,2011,8.4,0,26.7,18.3,21.44,30.57,0.7013411841674845,0.5322,-0.0583,0.5072,0.2622
2011-06-21,2011,13.6,0,32.2,18.6,22.98,31.04,0.7403350515463918,1.7073,0.6508,2.9671,2.6427
2011-06-22,2011,9.8,0,26.7,16.9,24.15,30.06,0.8033932135728543,1.1532,-0.3225,1.142,0.9416
2011-06-23,2011,10.9,0,29.9,19.0,18.21,29.76,0.6118951612903226,3.6419,2.0928,6.1161,5.5858
2011-06-24,2011,12.0,0,30.0,18.0,24.78,30.93,0.8011639185257032,0.7522,-0.2674,0.1667,0.03
2011-06-25,2011,13.3,0,33.6,20.3,30.99,31.29,0.9904122722914669,0.828,-0.2228,0.6929,0.614
2011-06-26,2011,11.8,0,34.2,22.4,28.18,30.45,0.9254515599343186,3.1336,1.6999,3.0305,2.5426
2011-06-27,2011,10.8,0,28.8,18.0,16.37,28.66,0.5711793440334962,2.0797,1.5729,2.6227,2.4449
2011-06-28,2011,10.1,0,28.5,18.4,25.86,29.91,0.8645937813440321,0.9034,-0.009,1.0645,1.0316
2011-06-29,2011,9.4,0,28.0,18.6,16.84,28.31,0.5948428117273049,1.2902,0.3216,2.0501,1.9682
2011-06-30,2011,8.8,0,25.4,16.6,21.19,28.95,0.731951640759931,1.618,0.3423,1.2485,0.5994
2011-07-01,2011,8.5,0,27.1,18.6,21.63,30.01,0.7207597467510829,3.3137,1.9453,2.687,2.2153
2011-07-02,2011,10.2,0,24.9,14.7,22.63,30.07,0.7525773195876289,0.9404,0.3593,0.0801,0.0788
2011-07-03,2011,10.9,0,23.8,12.9,15.63,29.27,0.5339938503587291,2.2738,1.5481,2.5555,2.5434
2011-07-04,2011,10.9,0,26.5,15.6,31.21,31.57,0.988596769084574,1.0636,-0.4428,0.1362,0.0936
2011-07-05,2011,9.5,0,26.6,17.1,30.41,31.09,0.9781280154390479,0.9348,-0.529,0.4917,0.1153
2011-07-06,2011,9.8,0,27.7,17.9,23.33,30.49,0.7651689078386356,1.0408,-0.5129,0.6929,0.0
2011-07-07,2011,10.4,0,29.6,19.2,23.29,29.12,0.799793956043956,0.5694,-0.2156,0.4257,0.4194
2011-07-08,2011,8.2,0,29.5,21.3,25.5,30.08,0.8477393617021277,0.6655,0.2441,0.4531,0.4316
2011-07-09,2011,9.7,0,29.1,19.4,30.12,30.9,0.9747572815533981,0.9064,-0.1642,0.4592,0.4549
2011-07-10,2011,9.5,0,29.3,19.8,27.91,30.27,0.9220350181698052,0.7509,0.1023,0.4221,0.4149
2011-07-11,2011,11.9,0,32.4,20.5,28.47,29.9,0.9521739130434783,0.8694,-0.2146,0.4393,0.3919
2011-07-12,2011,13.9,0,35.3,21.4,29.09,29.83,0.9751927589674825,1.068,-0.6422,0.5725,-0.161
2011-07-13,2011,14.2,0,38.1,23.9,28.3,29.25,0.9675213675213675,0.8645,0.0818,0.4215,0.0728
2011-07-14,2011,11.3,0,37.0,25.7,23.66,28.44,0.8319268635724332,4.2021,3.2434,5.7775,5.7706
2011-07-15,2011,11.1,0,29.7,18.6,12.51,27.91,0.44822644213543533,5.3864,3.5085,7.9383,7.9302
2011-07-16,2011,3.7,0,22.5,18.8,13.54,24.79,0.5461879790237999,1.4575,1.08,1.7961,1.4097
2011-07-17,2011,10.6,0,27.4,16.8,23.22,25.46,0.9120188531029064,1.2024,-0.1004,0.7053,0.554
2011-07-18,2011,12.6,0,31.2,18.6,27.15,28.01,0.9692966797572294,0.965,-0.4852,0.3511,0.1996
2011-07-19,2011,12.3,0,33.9,21.6,28.64,29.37,0.9751447054817841,0.8755,0.2522,0.8589,0.8137
2011-07-20,2011,8.9,0,32.1,23.2,20.31,27.69,0.7334777898158179,5.2574,3.9157,7.5517,7.5385
2011-07-21,2011,11.7,0,27.9,16.2,19.87,25.72,0.7725505443234837,1.379,-0.3101,0.6985,0.6917
2011-07-22,2011,11.0,0,30.1,19.1,28.47,29.18,0.9756682659355723,0.7295,-0.3906,0.3471,0.2265
2011-07-23,2011,12.4,0,33.4,21.0,28.0,28.91,0.9685230024213075,1.5625,-0.5163,0.8838,0.8516
2011-07-24,2011,8.0,0,33.6,25.6,22.4,26.97,0.8305524657026325,0.5802,0.4549,0.6509,0.6304
2011-07-25,2011,8.7,0,32.3,23.6,27.4,27.99,0.978921043229725,1.5192,0.9578,1.1104,1.0921
2011-07-26,2011,6.1,0,30.1,24.0,14.19,26.76,0.530269058295964,3.5896,2.7961,4.3817,4.3779
2011-07-27,2011,10.8,0,26.4,15.6,26.0,29.7,0.8754208754208754,1.0439,-0.2696,0.2256,0.0775
2011-07-28,2011,13.5,0,31.7,18.2,29.33,29.78,0.9848891873740765,0.8752,-0.0004,0.8335,0.8317
2011-07-29,2011,13.3,0,32.3,19.0,27.64,28.9,0.9564013840830451,1.0541,-0.4252,0.5605,0.5393
2011-07-30,2011,11.5,0,34.0,22.5,25.31,28.25,0.895929203539823,1.0253,0.103,0.7885,0.6829
2011-07-31,2011,9.2,0,32.5,23.3,23.36,27.78,0.8408927285817134,1.0337,-0.3335,0.6806,0.6042
2011-08-01,2011,6.7,0,30.7,24.0,18.46,26.49,0.6968667421668555,2.7972,2.105,4.2069,4.1872
2011-08-02,2011,9.8,0,31.4,21.6,22.25,26.42,0.8421650264950794,0.6767,0.1391,0.7672,0.7668
2011-08-03,2011,11.2,0,33.9,22.7,22.15,26.85,0.8249534450651768,3.0282,1.4082,5.2523,4.0875
2011-08-04,2011,11.1,0,32.4,21.3,27.53,27.72,0.9931457431457432,0.9029,-0.3096,0.6899,0.6899
2011-08-05,2011,11.7,0,34.1,22.4,27.11,27.39,0.9897772909821102,0.6371,-0.0226,0.8164,0.7033
2011-08-06,2011,12.2,0,31.7,19.5,24.8,27.03,0.9174990751017388,2.1941,1.2382,3.5246,3.5221
2011-08-07,2011,12.3,0,33.7,21.4,26.43,27.16,0.9731222385861561,0.9553,-0.0039,0.822,0.8125
2011-08-08,2011,8.1,0,31.4,23.3,18.71,26.1,0.7168582375478927,5.6016,4.1183,5.1147,4.9946
2011-08-09,2011,8.1,0,24.4,16.3,16.09,24.45,0.658077709611452,0.9635,-0.4727,0.4898,0.3418
2011-08-10,2011,10.2,0,25.8,15.6,24.12,26.34,0.9157175398633258,1.0606,-0.5793,0.4191,0.3194
2011-08-11,2011,8.0,0,24.6,16.6,8.07,23.78,0.33936080740117747,2.5375,1.8197,3.9238,3.8917
2011-08-12,2011,9.0,0,25.3,16.3,19.73,24.46,0.8066230580539656,0.7194,-0.1178,0.504,0.431
2011-08-13,2011,8.3,0,26.3,18.0,19.73,24.37,0.8096019696347969,1.1604,-0.4116,0.2796,0.2182
2011-08-14,2011,9.0,0,26.3,17.3,18.54,25.54,0.725920125293657,1.0995,-0.0761,0.7732,0.5239
2011-08-15,2011,11.6,0,30.9,19.3,25.54,27.1,0.9424354243542434,0.8522,-0.362,0.2681,0.2671
2011-08-16,2011,13.4,0,33.1,19.7,24.89,26.79,0.9290780141843972,2.1473,-1.3019,0.1412,-0.0446
2011-08-17,2011,9.8,0,33.7,23.9,20.59,25.37,0.8115884903429247,1.3782,0.3997,2.2979,1.7645
2011-08-18,2011,7.0,0,32.8,25.8,15.78,24.77,0.6370609608397254,2.4118,1.5929,3.319,3.2786
2011-08-19,2011,12.7,0,33.9,21.2,20.85,24.66,0.8454987834549879,0.7038,0.016,1.1001,1.0796
2011-08-20,2011,12.7,0,34.5,21.8,22.07,25.05,0.8810379241516966,0.9307,-0.2027,0.9979,0.8735
2011-08-21,2011,9.2,0,31.5,22.3,17.14,24.57,0.6975986975986976,4.7699,3.0185,7.6955,7.583
2011-08-22,2011,9.3,0,24.1,14.8,10.39,23.77,0.4371055952881784,3.4742,0.3513,1.9789,1.8222
2011-08-23,2011,12.8,0,28.9,16.1,25.4,25.82,0.9837335398915569,1.375,-0.5844,0.4122,0.3982
2011-08-24,2011,12.8,0,32.5,19.7,24.18,24.85,0.9730382293762575,0.4319,-0.0534,0.5017,0.4914
2011-08-25,2011,14.5,0,35.2,20.7,22.55,24.52,0.9196574225122349,1.3138,-0.2396,0.7779,0.6762
2011-08-26,2011,13.1,0,32.3,19.2,20.18,23.31,0.8657228657228657,4.8069,3.6325,5.145,5.1081
2011-08-27,2011,12.2,0,24.9,12.7,10.18,21.88,0.46526508226691043,6.157,2.6916,10.8615,10.859
2011-08-28,2011,3.1,0,15.5,12.4,7.52,22.25,0.3379775280898876,0.7796,-0.4633,0.41,0.3972
2011-08-29,2011,3.5,0,16.4,12.9,12.82,23.07,0.5557000433463373,0.7243,0.0832,0.6814,0.669
2011-08-30,2011,8.1,0,19.2,11.1,14.8,22.99,0.6437581557198783,0.9471,0.1443,0.6535,0.5605
2011-08-31,2011,8.1,0,19.7,11.6,16.0,23.1,0.6926406926406926,1.3982,-0.8725,0.2919,0.2556
2011-09-01,2011,6.6,0,20.2,13.6,14.56,22.4,0.65,2.039,0.2953,3.0744,2.6522
2011-09-02,2011,10.4,0,23.7,13.3,23.43,24.07,0.9734108849189863,1.1154,-0.4221,0.4326,0.3879
2011-09-03,2011,10.7,0,25.9,15.2,22.56,23.37,0.9653401797175866,0.5778,-0.0925,0.2108,0.2103
2011-09-04,2011,10.8,0,27.5,16.7,21.91,23.26,0.9419604471195184,0.8035,0.0884,0.5114,0.4463
2011-09-05,2011,8.5,0,27.1,18.6,22.43,23.03,0.9739470256187581,0.584,0.2147,0.6533,0.6511
2011-09-06,2011,10.3,0,27.5,17.2,23.27,23.62,0.9851820491109229,1.3557,-0.0063,0.8699,0.8671
2011-09-07,2011,10.1,0,26.9,16.8,22.96,23.29,0.9858308286818378,1.1034,-0.1851,0.8223,0.7743
2011-09-08,2011,10.7,0,26.9,16.2,22.02,22.6,0.9743362831858406,0.6671,0.0032,0.758,0.7236
2011-09-09,2011,10.5,0,28.0,17.5,21.38,21.83,0.9793861658268438,1.5637,-0.5881,1.2497,1.1305
2011-09-10,2011,9.4,0,28.5,19.1,17.92,20.89,0.8578267113451413,1.3415,0.3185,1.9864,1.9543
2011-09-11,2011,8.2,0,24.8,16.6,18.84,21.34,0.8828491096532334,1.3585,0.6274,1.4375,1.437
2011-09-12,2011,8.9,0,23.1,14.2,21.58,21.81,0.9894543787253554,1.1087,-0.1484,0.8909,0.8279
2011-09-13,2011,8.9,0,22.5,13.6,22.09,22.29,0.9910273665320772,1.1357,0.2591,1.1705,1.0711
2011-09-14,2011,10.1,0,22.9,12.8,22.01,22.33,0.9856695029108824,1.1177,0.1251,1.0457,1.0217
2011-09-15,2011,11.5,0,23.5,12.0,21.69,22.0,0.985909090909091,1.0416,-0.113,1.1465,1.1049
2011-09-16,2011,11.8,0,23.7,11.9,21.31,21.56,0.988404452690167,1.6475,-0.8866,0.7253,0.6721
2011-09-17,2011,5.8,0,21.5,15.7,14.77,19.95,0.7403508771929824,2.3565,1.3861,3.3958,3.3892
2011-09-18,2011,9.3,0,21.3,12.0,16.89,18.49,0.9134667387777178,0.9594,-0.498,0.5747,0.5536
2011-09-19,2011,10.9,0,23.0,12.1,19.62,19.8,0.990909090909091,0.7043,-0.3673,0.5903,0.5663
2011-09-20,2011,11.9,0,24.1,12.2,19.32,19.79,0.9762506316321375,0.736,-0.3908,0.3829,0.3754
2011-09-21,2011,12.5,0,26.4,13.9,17.63,19.27,0.9148936170212766,1.0629,-0.1334,0.5173,0.3657
2011-09-22,2011,10.6,0,23.6,13.0,15.96,19.55,0.8163682864450128,3.3727,2.3934,4.7127,4.7119
2011-09-23,2011,10.2,0,20.4,10.2,19.18,19.3,0.993782383419689,0.7309,-0.3698,0.3794,0.3789
2011-09-24,2011,11.1,0,23.0,11.9,16.75,18.72,0.8947649572649573,0.8597,-0.1081,0.8346,0.7846
2011-09-25,2011,7.3,0,20.0,12.7,15.31,18.11,0.8453892876863612,1.8509,1.1993,2.3802,2.3537
2011-09-26,2011,7.7,0,16.5,8.8,15.78,18.95,0.8327176781002639,1.4403,0.3938,1.664,1.6566
2011-09-27,2011,10.9,0,18.0,7.1,19.16,19.51,0.9820604818042029,1.0768,0.1462,1.0658,0.802
2011-09-28,2011,12.7,0,20.1,7.4,18.84,19.09,0.9869041382922996,0.9752,-0.0782,1.1304,1.0686
2011-09-29,2011,13.0,0,22.7,9.7,15.91,18.3,0.8693989071038251,0.8314,0.1301,0.924,0.8219
2011-09-30,2011,8.0,0,19.0,11.0,13.74,17.0,0.808235294117647,1.7308,0.6799,2.2391,2.2329
2012-05-01,2012,12.2,0,22.4,10.2,27.69,28.78,0.9621264767199444,1.2362,-0.7529,0.3644,-0.0613
2012-05-02,2012,13.2,0,25.8,12.6,24.21,27.3,0.8868131868131868,0.8456,-0.0201,0.7483,0.729
2012-05-03,2012,9.2,0,23.9,14.7,20.67,25.15,0.821868787276342,0.8058,-0.2295,1.006,0.8299
2012-05-04,2012,7.5,0,22.5,15.0,10.57,22.44,0.4710338680926916,3.5911,2.4922,5.3649,5.2869
2012-05-05,2012,13.1,0,24.9,11.8,20.94,28.27,0.7407145383799081,1.4867,-0.4683,0.9245,0.1941
2012-05-06,2012,13.3,0,28.0,14.7,23.97,25.87,0.9265558562040973,1.3854,-0.8977,0.3649,0.0348
2012-05-07,2012,14.6,0,26.6,12.0,18.75,26.8,0.6996268656716418,3.634,1.084,4.48,4.4584
2012-05-08,2012,8.6,0,21.1,12.5,23.2,27.52,0.8430232558139534,1.2545,0.2944,1.0285,0.9768
2012-05-09,2012,7.4,0,21.6,14.2,23.3,27.06,0.861049519586105,2.5801,1.5052,0.3184,0.3015
2012-05-10,2012,14.2,0,20.5,6.3,15.65,29.69,0.5271135062310542,5.2123,3.9676,7.5563,7.5426
2012-05-11,2012,14.7,0,20.8,6.1,29.49,30.92,0.9537516170763259,1.6144,-0.7913,0.692,0.1158
2012-05-12,2012,14.3,0,23.5,9.2,29.66,30.31,0.978554932365556,1.1978,-0.5836,0.7452,0.7432
2012-05-13,2012,12.3,0,25.2,12.9,28.72,29.76,0.9650537634408601,0.5473,-0.2813,0.3585,-0.1341
2012-05-14,2012,15.7,0.8999999999999986,28.9,13.2,25.67,28.88,0.8888504155124655,1.5368,-0.7331,0.4848,0.4667
2012-05-15,2012,13.8,0,30.2,16.4,26.81,29.05,0.9228915662650602,1.2425,-0.2321,0.9475,0.933
2012-05-16,2012,10.0,0,27.7,17.7,20.57,27.74,0.7415284787310743,2.1775,1.4664,3.8676,3.8602
2012-05-17,2012,11.0,0,25.1,14.1,18.79,28.19,0.6665484214260375,1.3274,-0.5754,1.1088,1.0539
2012-05-18,2012,11.5,0,27.3,15.8,20.3,28.11,0.7221629313411597,1.1911,-0.1732,0.93,0.9272
2012-05-19,2012,7.5,0,25.5,18.0,20.61,27.76,0.7424351585014408,4.9386,3.2122,4.6919,4.1631
2012-05-20,2012,13.4,0,18.2,4.8,11.77,30.47,0.3862815884476534,6.2347,3.2092,7.797,7.7224
2012-05-21,2012,11.6,0,17.9,6.3,30.78,31.63,0.9731267783749605,1.3719,-0.5866,0.7064,0.4795
2012-05-22,2012,11.3,0,22.5,11.2,23.96,29.53,0.8113782593972232,1.4103,-0.5845,0.7607,0.6996
2012-05-23,2012,8.5,0,23.5,15.0,23.96,30.2,0.7933774834437086,0.9634,0.3984,1.0668,0.6627
2012-05-24,2012,13.2,0,27.5,14.3,24.17,30.01,0.8053982005998,1.1688,-0.4869,0.6043,0.5963
2012-05-25,2012,10.3,0,27.9,17.6,18.66,25.28,0.738132911392405,0.7492,0.5541,1.1254,1.0643
2012-05-26,2012,12.1,0,29.5,17.4,24.6,28.84,0.8529819694868239,5.3191,3.2691,7.1525,5.6647
2012-05-27,2012,7.9,0,21.3,13.4,26.23,31.34,0.8369495851946395,0.3596,0.0928,0.4981,0.3044
2012-05-28,2012,12.0,0,25.4,13.4,31.81,32.13,0.9900404606286958,0.911,-0.1581,0.5905,0.2758
2012-05-29,2012,13.3,0,27.8,14.5,27.86,29.87,0.9327084030800133,1.7595,-0.688,1.1058,1.1058
2012-05-30,2012,10.1,0,30.3,20.2,23.15,28.37,0.816002819880155,0.7569,-0.2994,0.5646,0.3871
2012-05-31,2012,7.6,0,29.1,21.5,14.87,27.4,0.5427007299270074,3.0922,2.5262,3.3781,3.378
2012-06-01,2012,8.1,0,28.1,20.0,25.2,30.16,0.8355437665782494,0.9597,0.3529,0.6683,0.6521
2012-06-02,2012,6.7,0,26.7,20.0,16.39,28.84,0.5683079056865464,0.9272,0.1748,1.4558,1.431
2012-06-03,2012,8.6,0,25.0,16.4,11.91,27.8,0.42841726618705034,2.5349,1.0081,2.6313,2.628
2012-06-04,2012,9.0,0,25.4,16.4,18.08,29.7,0.6087542087542087,1.3655,-0.6421,1.0828,0.9079
2012-06-05,2012,8.7,0,24.5,15.8,14.09,29.63,0.4755315558555518,2.5985,1.0663,0.8479,0.6261
2012-06-06,2012,10.6,0,26.8,16.2,18.91,30.62,0.6175702155453952,1.2462,0.5768,0.8825,0.7748
2012-06-07,2012,10.9,0,29.0,18.1,23.9,30.11,0.7937562271670541,0.6664,-0.2254,0.7316,0.3606
2012-06-08,2012,12.4,0,28.4,16.0,28.4,30.67,0.925986305836322,1.8588,-0.7361,0.5688,-0.0681
2012-06-09,2012,9.6,0,29.3,19.7,19.7,30.04,0.655792276964048,1.4267,0.4233,0.372,0.3346
2012-06-10,2012,9.1,0,29.3,20.2,21.0,30.15,0.6965174129353234,1.3924,0.4631,2.2971,2.213
2012-06-11,2012,5.3,0,25.5,20.2,15.7,28.52,0.5504908835904628,2.6042,1.7449,3.9638,3.8674
2012-06-12,2012,9.1,0,25.7,16.6,19.32,26.42,0.7312641937925813,1.1422,-0.4709,1.1412,1.0163
2012-06-13,2012,9.1,0,28.6,19.5,25.15,30.24,0.8316798941798942,0.8412,0.5555,1.1507,1.0677
2012-06-14,2012,6.9,0,27.0,20.1,20.88,30.06,0.6946107784431138,1.5986,0.8507,2.6514,2.5854
2012-06-15,2012,9.8,0,28.8,19.0,21.24,29.72,0.7146702557200538,0.7339,-0.1493,0.3516,0.2336
2012-06-16,2012,10.9,0,31.7,20.8,23.83,30.21,0.7888116517709367,1.4807,0.6923,2.2512,1.7774
2012-06-17,2012,7.4,0,27.4,20.0,19.2,29.78,0.6447280053727333,2.3848,1.0905,1.5619,1.2123
2012-06-18,2012,12.0,0,26.9,14.9,27.57,31.22,0.8830877642536836,1.6044,-0.9406,0.5852,0.123
2012-06-19,2012,11.7,0,30.8,19.1,28.71,31.16,0.9213735558408216,0.8593,-0.4357,0.3179,0.0902
2012-06-20,2012,8.2,0,30.2,22.0,21.63,29.92,0.722927807486631,1.9597,1.3115,2.7246,2.7236
2012-06-21,2012,9.3,0,28.1,18.8,24.84,30.19,0.8227890029811196,1.585,0.4521,0.4326,0.3675
2012-06-22,2012,10.9,0,27.6,16.7,29.97,31.03,0.9658395101514663,1.3608,-0.8323,0.4617,-0.2142
2012-06-23,2012,11.7,0,31.4,19.7,29.86,30.89,0.9666558756879249,0.632,-0.1126,0.7234,0.6956
2012-06-24,2012,7.7,0,29.9,22.2,17.05,29.48,0.5783582089552239,2.9685,2.3342,4.3866,4.3529
2012-06-25,2012,6.4,0,26.9,20.5,15.66,29.59,0.5292328489354512,2.2408,1.2502,3.7976,3.5206
2012-06-26,2012,10.1,0,29.7,19.6,26.08,30.39,0.8581770319183941,1.0033,-0.1573,0.1394,0.0809
2012-06-27,2012,10.4,0,32.9,22.5,27.54,30.55,0.9014729950900163,0.5507,-0.1139,0.3012,0.1163
2012-06-28,2012,13.1,0,36.2,23.1,22.86,30.08,0.7599734042553191,1.0171,0.5638,1.8148,1.3286
2012-06-29,2012,9.9,0,33.1,23.2,18.4,29.87,0.6160026782725142,3.0782,2.282,5.0156,4.9432
2012-06-30,2012,4.3,0,27.2,22.9,12.17,28.62,0.4252271139063592,1.7983,1.1426,1.0,0.9301
2012-07-01,2012,12.3,0,30.4,18.1,28.27,29.98,0.9429619746497665,1.452,-0.9024,0.4398,-0.1286
2012-07-02,2012,10.5,0,33.0,22.5,21.42,30.16,0.710212201591512,1.7194,1.176,1.9263,1.6638
2012-07-03,2012,11.5,0,29.3,17.8,22.85,30.17,0.757374875704342,4.3711,2.4464,8.2705,8.1631
2012-07-04,2012,6.9,0,24.3,17.4,15.78,28.59,0.5519412381951732,1.9211,1.1106,2.9011,2.8479
2012-07-05,2012,10.2,0,27.2,17.0,23.7,29.61,0.8004052684903749,0.3928,0.0088,0.3677,0.3296
2012-07-06,2012,6.5,0,26.0,19.5,13.5,27.86,0.4845656855707107,2.1788,1.734,2.6495,2.5184
2012-07-07,2012,10.0,0,25.8,15.8,20.71,26.59,0.7788642346746898,1.25,-0.516,0.7957,0.7897
2012-07-08,2012,10.5,0,29.3,18.8,23.12,26.59,0.8694998119593833,0.9944,0.1407,0.8755,0.8141
2012-07-09,2012,11.1,0,32.4,21.3,26.07,27.69,0.9414951245937161,0.5011,0.0488,0.273,0.2331
2012-07-10,2012,10.0,0,32.5,22.5,18.64,28.0,0.6657142857142857,1.1619,0.0333,1.9397,1.9389
2012-07-11,2012,8.4,0,31.4,23.0,22.53,28.11,0.8014941302027748,1.0031,0.3334,0.9627,0.7704
2012-07-12,2012,9.7,0,29.2,19.5,14.81,27.76,0.5335014409221902,3.3244,2.53,5.3772,5.3033
2012-07-13,2012,8.3,0,23.8,15.5,7.52,28.14,0.26723525230987916,4.1555,2.1729,6.1023,6.0745
2012-07-14,2012,9.7,0,24.9,15.2,23.86,28.42,0.8395496129486276,0.6219,-0.1428,0.4258,0.352
2012-07-15,2012,9.7,0,26.7,17.0,22.3,29.12,0.7657967032967032,1.329,0.5893,1.9508,1.7511
2012-07-16,2012,9.5,0,28.4,18.9,25.64,28.85,0.888734835355286,0.6425,-0.0573,0.321,0.3106
2012-07-17,2012,6.7,0,27.2,20.5,8.9,28.22,0.31537916371367825,1.0082,-0.2482,1.0199,0.9542
2012-07-18,2012,8.4,0,30.5,22.1,22.21,28.42,0.7814919071076707,0.9043,0.7756,1.1289,1.0655
2012-07-19,2012,10.0,0,30.7,20.7,24.5,29.06,0.8430832759807295,1.0353,-0.4544,0.8404,0.7814
2012-07-20,2012,9.9,0,32.1,22.2,24.35,28.81,0.8451926414439431,0.9571,-0.1124,1.1445,1.1353
2012-07-21,2012,7.6,0,31.7,24.1,14.92,27.61,0.5403839188699746,1.8455,0.8351,2.7704,2.3538
2012-07-22,2012,10.2,0,31.5,21.3,20.21,27.41,0.7373221452024808,1.0348,-0.5217,0.6308,0.4167
2012-07-23,2012,8.4,0,33.4,25.0,25.15,28.33,0.8877515001764914,1.0044,0.6351,1.0882,0.8594
2012-07-24,2012,8.2,0,31.4,23.2,19.15,26.24,0.7298018292682926,1.5601,0.8141,2.7214,2.7184
2012-07-25,2012,9.2,0,31.6,22.4,19.49,25.86,0.7536736272235112,0.8811,-0.1177,1.1132,1.0642
2012-07-26,2012,8.0,0,32.6,24.6,17.9,26.0,0.6884615384615385,0.6039,0.3874,0.5427,0.5259
2012-07-27,2012,9.0,0,33.4,24.4,20.35,26.34,0.7725892179195141,0.7056,-0.1586,0.5715,0.5712
2012-07-28,2012,14.2,0,31.9,17.7,16.28,26.38,0.6171341925701289,5.3789,2.7833,6.4189,6.3913
2012-07-29,2012,7.3,0,27.2,19.9,21.3,28.18,0.7558552164655784,0.5031,-0.1721,0.4629,0.4583
2012-07-30,2012,10.0,0,30.3,20.3,27.21,28.27,0.9625044216483906,0.651,-0.2517,0.4886,0.3611
2012-07-31,2012,11.3,0,32.8,21.5,28.31,28.57,0.9908995449772489,0.6373,-0.1698,0.2011,-0.0118
2012-08-01,2012,9.6,0,32.6,23.0,18.87,27.24,0.6927312775330398,1.2417,-0.1875,1.482,1.4777
2012-08-02,2012,8.3,0,30.2,21.9,23.02,26.49,0.8690071725179314,3.6156,2.1366,2.5588,2.5461
2012-08-03,2012,10.1,0,26.5,16.4,13.57,26.1,0.5199233716475096,3.2031,2.1584,5.4637,5.4448
2012-08-04,2012,9.1,0,25.0,15.9,24.51,27.98,0.8759828448892066,0.9214,0.0602,0.8232,0.7971
2012-08-05,2012,9.8,0,26.6,16.8,26.52,27.93,0.949516648764769,0.7632,-0.1142,0.1274,-0.0946
2012-08-06,2012,10.7,0,28.9,18.2,26.82,27.83,0.963708228530363,0.7146,-0.2257,0.5096,0.502
2012-08-07,2012,12.3,0,32.1,19.8,26.87,27.46,0.9785142024763293,0.9795,-0.2717,0.5088,0.5084
2012-08-08,2012,10.7,0,32.2,21.5,23.43,26.81,0.8739276389406938,0.9985,-0.1349,1.3895,1.2947
2012-08-09,2012,7.8,0,29.2,21.4,16.03,25.77,0.6220411331005045,1.2609,0.8474,1.7082,1.706
2012-08-10,2012,12.2,0,32.9,20.7,26.64,27.31,0.9754668619553278,0.7361,-0.1008,0.2196,0.2011
2012-08-11,2012,13.7,0,31.4,17.7,18.27,26.37,0.6928327645051194,5.2152,4.0115,8.3108,8.31
2012-08-12,2012,10.6,0,25.9,15.3,26.91,27.43,0.981042654028436,0.9461,-0.5419,0.6158,0.5846
2012-08-13,2012,11.6,0,28.2,16.6,27.28,27.52,0.991279069767442,1.1483,-0.4316,0.5855,0.2719
2012-08-14,2012,11.8,0,30.2,18.4,22.11,26.17,0.8448605273213603,1.4412,-0.1741,1.8676,1.6552
2012-08-15,2012,10.4,0,32.2,21.8,23.08,25.43,0.907589461266221,0.9141,-0.1946,0.5904,0.5833
2012-08-16,2012,10.5,0,30.3,19.8,18.98,25.04,0.7579872204472844,1.9745,0.6506,3.078,3.0727
2012-08-17,2012,11.5,0,31.3,19.8,26.21,26.47,0.9901775595013224,0.6946,0.3213,0.6586,0.6577
2012-08-18,2012,9.6,0,29.5,19.9,24.8,25.69,0.9653561697158427,0.7594,-0.0973,0.7399,0.5676
2012-08-19,2012,9.2,0,27.5,18.3,25.89,26.43,0.9795686719636777,0.9725,0.4355,0.5246,0.4874
2012-08-20,2012,12.1,0,29.6,17.5,25.4,26.4,0.9621212121212122,0.7961,0.0414,0.7132,0.7043
2012-08-21,2012,14.7,0,32.9,18.2,23.95,25.23,0.9492667459373761,0.9655,-0.1177,0.7143,0.6867
2012-08-22,2012,15.1,0.29999999999999893,35.9,20.8,24.86,25.06,0.9920191540303273,0.9215,-0.2883,0.5778,0.5542
2012-08-23,2012,8.1,0,33.2,25.1,21.18,24.57,0.862026862026862,1.4243,0.6321,1.5517,1.3883
2012-08-24,2012,12.4,0,34.5,22.1,24.65,25.17,0.9793404847040126,0.6254,-0.2463,0.292,0.26
2012-08-25,2012,15.2,0.3999999999999986,32.7,17.5,12.55,23.49,0.5342699020859941,6.4133,3.4507,7.2878,7.2232
2012-08-26,2012,10.8,0,28.5,17.7,24.71,24.91,0.9919710959454034,0.9886,-0.1406,0.6513,0.6498
2012-08-27,2012,8.8,0,28.8,20.0,23.01,23.87,0.9639715123586091,0.623,0.0623,0.7747,0.7744
2012-08-28,2012,11.9,0,29.7,17.8,22.72,23.55,0.9647558386411889,1.1715,0.3928,0.8234,0.8146
2012-08-29,2012,10.9,0,27.2,16.3,17.55,23.55,0.7452229299363058,2.7535,1.4294,3.9749,3.9741
2012-08-30,2012,8.7,0,21.8,13.1,20.25,24.22,0.8360858794384807,0.8748,0.5115,1.4154,1.4153
2012-08-31,2012,8.5,0,21.7,13.2,24.66,24.96,0.9879807692307692,0.5165,-0.1419,0.474,0.4734
2012-09-01,2012,15.4,0.5999999999999996,27.5,12.1,24.38,24.52,0.9942903752039152,2.2988,-0.8693,0.4427,0.3955
2012-09-02,2012,10.3,0,29.9,19.6,23.4,23.59,0.9919457397202204,1.3968,-0.4644,0.8131,0.7379
2012-09-03,2012,13.1,0,30.7,17.6,22.7,23.05,0.9848156182212581,2.1427,-1.2675,0.6386,0.6358
2012-09-04,2012,11.6,0,31.6,20.0,15.23,22.06,0.6903898458748867,1.078,0.3132,1.6963,1.6827
2012-09-05,2012,10.3,0,28.5,18.2,20.73,22.55,0.9192904656319291,2.2412,1.3812,4.0736,4.0671
2012-09-06,2012,6.2,0,23.2,17.0,9.68,20.39,0.47474252084355073,2.4606,1.5526,2.5956,2.4545
2012-09-07,2012,13.7,0,28.4,14.7,22.2,22.56,0.9840425531914894,1.1608,-0.4899,0.5059,0.5059
2012-09-08,2012,9.0,0,25.9,16.9,16.43,21.15,0.7768321513002364,2.5079,1.2905,1.7913,1.6905
2012-09-09,2012,9.9,0,22.3,12.4,12.46,21.61,0.5765849143914855,3.0598,1.1253,2.4336,2.4173
2012-09-10,2012,11.7,0,24.6,12.9,23.25,23.49,0.9897828863346105,0.9772,-0.4142,0.3833,0.3754
2012-09-11,2012,13.8,0,27.7,13.9,21.95,22.43,0.9786000891662952,3.2041,-1.747,1.0892,1.0578
2012-09-12,2012,6.8,0,26.3,19.5,21.37,21.63,0.9879796578825706,0.8299,0.2239,1.0726,0.9313
2012-09-13,2012,10.2,0,26.1,15.9,16.62,20.62,0.8060135790494666,1.2752,0.1362,1.8141,1.814
2012-09-14,2012,9.0,0,25.1,16.1,19.63,20.81,0.9432964920711197,0.7474,0.0849,0.9431,0.7994
2012-09-15,2012,8.8,0,22.4,13.6,5.25,19.54,0.2686796315250768,4.0565,1.9827,5.9533,5.708
2012-09-16,2012,9.0,0,21.2,12.2,20.02,20.82,0.9615754082612872,0.4949,-0.1005,0.3072,0.2851
2012-09-17,2012,10.5,0,23.6,13.1,20.37,20.99,0.9704621248213436,0.6448,0.0579,0.7213,0.5574
2012-09-18,2012,11.3,0,25.3,14.0,20.02,20.64,0.9699612403100775,0.9889,0.0136,1.477,1.3339
2012-09-19,2012,6.0,0,22.1,16.1,9.35,18.21,0.5134541460735859,1.0496,0.8225,1.2815,1.2586
2012-09-20,2012,10.1,0,24.5,14.4,14.38,19.27,0.7462376751427089,1.098,0.0715,0.9214,0.9143
2012-09-21,2012,11.4,0,24.3,12.9,16.17,18.72,0.8637820512820514,2.9741,1.6162,3.5108,3.3948
2012-09-22,2012,11.3,0,18.1,6.8,2.55,18.03,0.14143094841930115,6.5646,3.8217,9.793,9.7349
2012-09-23,2012,7.2,0,13.4,6.2,16.63,20.15,0.8253101736972704,0.708,-0.1806,0.4122,0.3738
2012-09-24,2012,7.6,0,14.6,7.0,18.68,20.0,0.9339999999999999,0.9824,0.3181,1.3317,1.2772
2012-09-25,2012,9.3,0,15.2,5.9,17.99,19.04,0.9448529411764706,0.9118,-0.2281,0.6003,0.5125
2012-09-26,2012,11.4,0,18.7,7.3,17.95,19.1,0.9397905759162303,0.6319,0.2851,0.7194,0.5562
2012-09-27,2012,10.7,0,20.5,9.8,15.46,17.66,0.8754246885617214,0.9727,0.4801,1.2679,1.2046
2012-09-28,2012,11.3,0,23.1,11.8,18.11,18.52,0.9778617710583153,1.0627,-0.2672,0.832,0.7825
2012-09-29,2012,10.9,0,24.9,14.0,17.55,18.07,0.9712230215827339,2.33,-0.3408,1.3797,1.1548
2012-09-30,2012,11.3,0,23.4,12.1,17.46,17.76,0.9831081081081081,1.0308,-0.559,0.4752,0.4506
2013-05-06,2013,10.0,0,18.5,8.5,20.37,28.88,0.7053324099722992,2.2133,0.9683,2.1736,1.9848
2013-06-09,2013,11.8,0,29.4,17.6,30.11,31.39,0.9592226823829244,3.1131,-2.2631,0.3345,-0.0358
2013-06-21,2013,8.8,0,24.4,15.6,25.67,30.55,0.8402618657937807,0.4085,-0.1355,0.0085,-0.0076
2013-07-10,2013,12.2,0,28.8,16.6,26.93,30.55,0.8815057283142389,1.1884,-0.5278,0.3706,-0.073
2013-09-02,2013,10.4,0,22.2,11.8,24.08,24.34,0.9893179950698439,0.9298,-0.0096,0.4997,0.4879
2014-05-01,2014,13.7,0,19.1,5.4,27.68,28.25,0.9798230088495575,2.9833,-1.954,0.7577,-0.058
2014-05-03,2014,13.3,0,24.7,11.4,21.76,24.41,0.8914379352724294,1.1313,-0.5573,0.3329,0.0728
2014-05-04,2014,13.6,0,26.8,13.2,24.42,24.94,0.9791499599037691,1.0356,-0.6762,0.4421,0.2072
2014-05-05,2014,11.3,0,27.4,16.1,26.94,27.63,0.975027144408252,1.147,-0.3052,0.2109,0.1522
2014-05-06,2014,11.4,0,27.8,16.4,27.15,28.45,0.9543057996485061,0.6918,-0.2248,0.3596,0.2986
2014-05-09,2014,10.5,0,18.9,8.4,23.97,28.46,0.842234715390021,0.9888,0.0694,0.5782,0.3112
2014-05-10,2014,11.9,0,23.0,11.1,22.63,28.11,0.8050515830665244,1.3653,-0.8988,0.7717,0.2787
2014-05-11,2014,7.0,0,17.0,10.0,26.65,28.3,0.9416961130742049,0.9405,-0.217,0.5427,0.5273
2014-05-12,2014,5.8,0,14.9,9.1,16.11,28.26,0.5700636942675159,1.211,-0.1598,0.4299,0.3511
2014-05-13,2014,10.3,0,18.4,8.1,28.53,30.78,0.9269005847953217,1.5986,-0.9106,0.3672,0.0329
2014-05-14,2014,13.8,0,24.4,10.6,28.64,29.78,0.9617192746809939,1.7519,-1.0028,0.5273,0.0764
2014-05-17,2014,10.4,0,21.0,10.6,27.04,30.37,0.8903523213697727,0.8004,0.0716,0.793,0.4366
2014-05-18,2014,15.5,0.6999999999999993,27.3,11.8,30.36,30.68,0.9895697522816167,1.263,-0.7642,0.3421,0.3396
2014-05-19,2014,10.2,0,24.5,14.3,27.05,28.71,0.9421804249390456,1.1096,-0.3168,0.629,0.2033
2014-05-21,2014,6.9,0,17.8,10.9,20.99,27.28,0.7694281524926685,1.6472,0.5647,0.5379,0.4995
2014-05-23,2014,8.8,0,14.3,5.5,15.43,30.53,0.5054045201441205,1.8085,-0.9016,0.7448,0.7435
2014-05-24,2014,14.7,0,23.2,8.5,28.45,31.36,0.9072066326530612,2.6062,-0.8684,0.2241,0.1574
2014-05-25,2014,11.1,0,26.4,15.3,29.48,30.58,0.9640287769784174,0.8399,-0.2123,0.4256,0.2662
2014-05-26,2014,12.7,0,28.2,15.5,29.16,30.16,0.96684350132626,1.144,-0.7763,0.2335,0.0778
2014-05-27,2014,13.8,0,31.1,17.3,28.42,29.74,0.9556153328850034,0.9663,-0.2734,0.9203,0.8185
2014-05-29,2014,12.6,0,31.6,19.0,28.97,29.89,0.969220475075276,0.9685,-0.5335,0.3604,-0.0579
2014-05-31,2014,13.7,0,20.5,6.8,9.58,27.48,0.3486171761280932,8.1469,3.539,10.2187,10.1865
2014-06-01,2014,10.0,0,16.6,6.6,29.26,31.22,0.9372197309417041,1.2334,-0.6596,0.4978,0.3948
2014-06-02,2014,8.3,0,18.6,10.3,17.81,28.06,0.6347113328581611,1.0225,-0.1302,0.4447,0.441
2014-06-04,2014,9.8,0,20.4,10.6,20.64,30.4,0.6789473684210526,1.1741,-0.5021,0.421,0.4122
2014-06-06,2014,10.6,0,22.5,11.9,28.75,30.42,0.9451019066403681,0.8796,-0.1391,0.7275,0.3727
2014-06-07,2014,13.6,0,27.0,13.4,26.77,30.91,0.8660627628599159,1.5747,-0.527,0.4487,0.3619
2014-06-10,2014,9.3,0,22.2,12.9,15.73,29.15,0.539622641509434,0.9284,0.0284,0.4325,0.3507
2014-06-11,2014,11.3,0,26.3,15.0,29.9,31.51,0.948905109489051,1.1804,-0.5699,0.7527,0.0454
2014-06-12,2014,13.9,0,29.9,16.0,28.68,31.83,0.9010367577756834,0.9872,-0.3413,0.56,0.1586
2014-06-13,2014,14.2,0,32.5,18.3,26.1,30.72,0.8496093750000001,0.759,-0.205,0.2951,0.2951
2014-06-14,2014,12.4,0,33.0,20.6,25.26,29.95,0.8434056761268782,0.911,-0.4234,0.3928,0.3928
2014-06-15,2014,11.6,0,33.6,22.0,22.72,30.06,0.7558216899534265,1.6047,0.1829,2.584,2.4371
2014-06-16,2014,10.6,0,26.0,15.4,8.59,28.22,0.30439404677533666,5.861,1.1462,6.544,6.3915
2014-06-17,2014,9.2,0,25.1,15.9,21.23,31.05,0.6837359098228664,1.0896,-0.7764,0.1982,-0.0833
2014-06-18,2014,9.4,0,28.7,19.3,25.68,31.08,0.8262548262548263,0.5654,0.042,0.4781,0.4575
2014-06-21,2014,9.9,0,28.4,18.5,17.62,29.36,0.6001362397820164,0.9164,-0.2071,0.5651,0.4352
2014-06-22,2014,9.8,0,30.5,20.7,27.77,30.87,0.8995788791707159,0.687,0.165,0.7814,0.7416
2014-06-23,2014,11.1,0,31.4,20.3,27.44,30.98,0.8857327307940607,0.8567,-0.0146,1.0875,0.9754
2014-06-25,2014,7.3,0,27.5,20.2,13.24,27.43,0.4826831935836675,1.5205,0.274,0.6424,0.3735
2014-06-26,2014,8.5,0,27.4,18.9,14.81,29.69,0.49882115190299764,1.7019,-0.009,1.3477,0.4124
2014-06-27,2014,9.4,0,29.4,20.0,27.67,30.57,0.9051357540071966,0.747,-0.4124,0.1692,0.1669
2014-06-28,2014,10.1,0,31.5,21.4,25.37,30.47,0.8326222513948146,1.3628,-0.609,0.707,0.6816
2014-06-29,2014,9.9,0,31.7,21.8,25.41,30.99,0.8199419167473379,0.6937,0.0966,0.3579,0.1926
2014-07-01,2014,8.7,0,30.5,21.8,27.81,29.76,0.9344758064516128,0.6766,0.0627,0.8663,0.8551
2014-07-04,2014,13.2,0,29.8,16.6,26.85,29.4,0.913265306122449,1.9132,-0.4885,0.3499,0.2763
2014-07-06,2014,12.0,0,26.5,14.5,27.09,30.59,0.88558352402746,0.67,-0.1125,0.6198,0.5878
2014-07-07,2014,10.5,0,27.2,16.7,26.82,30.53,0.8784801834261382,0.9638,-0.2508,0.9062,0.8643
2014-07-08,2014,12.0,0,29.8,17.8,25.64,30.27,0.8470432771721177,0.7987,0.1158,1.377,1.1877
2014-07-10,2014,11.0,0,28.4,17.4,28.25,30.69,0.920495275333985,1.0431,-0.5533,0.5798,0.2883
2014-07-11,2014,14.9,0.09999999999999964,33.3,18.4,30.09,30.86,0.9750486066104991,1.0397,-0.4521,0.1997,-0.0114
2014-07-15,2014,14.5,0,32.1,17.6,27.64,29.07,0.9508083935328517,2.1444,-0.9402,0.7036,0.5556
2014-07-17,2014,10.9,0,26.7,15.8,24.89,29.49,0.8440149203119702,1.4417,-0.4451,0.7503,0.6885
2014-07-19,2014,11.7,0,28.8,17.1,29.3,29.77,0.9842122942559625,0.868,-0.1202,0.6022,0.5947
2014-07-20,2014,15.6,0.7999999999999989,33.7,18.1,28.28,29.26,0.9665071770334928,1.3135,-0.2659,0.6571,0.641
2014-07-21,2014,12.4,0,35.3,22.9,25.9,28.84,0.8980582524271844,1.681,-0.6745,0.7076,0.6553
2014-07-23,2014,13.5,0,36.7,23.2,26.32,28.75,0.9154782608695652,2.8427,0.4114,4.4217,4.3941
2014-07-25,2014,12.2,0,28.4,16.2,27.88,28.33,0.984115778326862,1.8099,-1.3113,0.21,0.108
2014-07-26,2014,12.4,0,32.3,19.9,27.18,28.31,0.9600847756976334,0.6366,-0.1179,0.6699,0.5952
2014-07-28,2014,13.0,0,33.3,20.3,20.39,27.29,0.7471601319164529,1.1356,-0.668,0.5628,0.5583
2014-07-29,2014,10.8,0,25.9,15.1,13.21,25.62,0.5156128024980484,2.3289,0.0014,2.1271,2.1229
2014-07-30,2014,7.1,0,24.7,17.6,20.84,26.67,0.7814023247094113,1.4667,0.7011,0.972,0.969
2014-08-01,2014,11.7,0,25.4,13.7,27.23,28.04,0.9711126961483595,1.6336,-0.2165,0.6516,0.5665
2014-08-02,2014,9.6,0,22.7,13.1,23.53,27.86,0.8445800430725054,0.5466,-0.2,0.4201,0.3276
2014-08-03,2014,12.9,0,27.2,14.3,28.68,29.01,0.9886246122026887,1.3409,-0.6167,0.1947,0.1946
2014-08-04,2014,11.2,0,29.3,18.1,25.9,27.62,0.9377262853005068,1.491,-0.7213,0.5363,0.5343
2014-08-06,2014,10.4,0,29.3,18.9,25.22,27.13,0.9295982307408772,0.7643,-0.348,0.4233,0.4221
2014-08-07,2014,9.8,0,29.9,20.1,24.71,26.87,0.9196129512467436,0.7686,0.0816,1.0582,0.9523
2014-08-10,2014,9.0,0,26.9,17.9,25.38,26.92,0.9427934621099553,0.3133,-0.0347,0.4343,0.3876
2014-08-11,2014,11.2,0,29.3,18.1,25.87,27.67,0.9349475966750994,0.8255,-0.3673,0.5333,-0.0416
2014-08-12,2014,13.8,0,32.5,18.7,25.35,26.77,0.9469555472543894,1.1835,-0.8131,0.3382,0.0542
2014-08-13,2014,12.8,0,34.9,22.1,24.24,25.91,0.9355461211887302,0.6615,0.215,0.7598,0.7568
2014-08-14,2014,9.1,0,32.0,22.9,13.48,25.02,0.5387689848121503,0.8495,-0.0883,0.5186,0.518
2014-08-15,2014,11.9,0,33.6,21.7,23.35,26.03,0.8970418747598925,0.8971,-0.3864,0.4532,0.4493
2014-08-17,2014,4.9,0,23.6,18.7,13.53,24.15,0.5602484472049689,0.8554,0.3686,0.5606,0.5573
2014-08-18,2014,3.2,0,20.5,17.3,8.64,22.25,0.38831460674157303,0.8438,0.0524,0.5153,0.5073
2014-08-20,2014,8.8,0,24.6,15.8,11.25,24.43,0.4604993860008187,2.2302,0.3481,1.6961,0.6119
2014-08-21,2014,11.7,0,28.7,17.0,18.25,24.87,0.7338158423803779,2.1042,0.1542,0.9913,0.7789
2014-08-22,2014,12.8,0,31.6,18.8,24.98,25.49,0.9799921537857984,0.8836,0.1095,1.3375,1.2548
2014-08-23,2014,11.6,0,30.4,18.8,24.33,24.94,0.9755412991178828,1.0929,-0.4073,0.7942,0.7733
2014-08-24,2014,10.9,0,32.1,21.2,23.78,24.93,0.9538708383473727,0.4375,0.2633,0.5559,0.5114
2014-08-25,2014,12.3,0,33.6,21.3,23.83,24.78,0.9616626311541565,0.7843,-0.0211,0.9196,0.8164
2014-08-26,2014,10.6,0,32.8,22.2,20.05,24.08,0.8326411960132891,0.7327,-0.2719,0.563,0.3688
2014-08-28,2014,9.9,0,25.1,15.2,24.41,24.67,0.9894608836643696,0.9536,-0.0299,0.2795,0.2025
2014-08-29,2014,10.4,0,26.8,16.4,23.71,24.19,0.9801570897064903,0.8363,-0.15,0.52,0.5136
2014-08-31,2014,12.1,0,29.4,17.3,24.34,24.52,0.9926590538336052,0.8442,-0.1834,0.4146,0.3368
2014-09-01,2014,16.1,1.3000000000000007,34.3,18.2,21.64,23.46,0.9224211423699915,1.8027,-0.753,0.9119,0.9078
2014-09-06,2014,15.4,0.5999999999999996,29.9,14.5,22.73,23.02,0.9874022589052998,2.7359,-1.2528,1.1082,1.0542
2014-09-08,2014,12.6,0,23.8,11.2,23.4,23.62,0.9906858594411515,0.8351,-0.2537,0.6947,0.6857
2014-09-09,2014,13.3,0,27.4,14.1,20.92,22.22,0.9414941494149416,0.9346,0.0942,1.2209,1.0754
2014-09-10,2014,12.8,0,28.2,15.4,21.42,21.95,0.975854214123007,1.2592,0.1549,2.0843,1.8527
2014-09-13,2014,10.3,0,18.1,7.8,21.21,22.25,0.9532584269662921,1.1417,-0.1217,0.88,0.8643
2014-09-14,2014,8.1,0,18.0,9.9,13.95,21.58,0.6464318813716404,0.7044,0.1023,0.5076,0.4759
2014-09-15,2014,15.3,0.5,23.0,7.7,21.17,21.57,0.9814557255447381,1.2827,-0.6919,0.5279,0.4592
2014-09-17,2014,13.7,0,24.4,10.7,20.73,21.13,0.9810695693327024,1.037,-0.2225,0.4632,0.4617
2014-09-18,2014,15.3,0.5,31.0,15.7,20.15,20.46,0.9848484848484848,2.4324,-1.3434,1.589,1.1722
2014-09-20,2014,5.6,0,10.9,5.3,10.78,19.1,0.5643979057591623,0.5674,0.2793,0.8184,0.7913
2014-09-22,2014,9.0,0,15.5,6.5,17.18,18.09,0.9496959646213378,0.7046,-0.1773,0.5333,0.496
2014-09-23,2014,9.4,0,16.9,7.5,16.92,18.04,0.9379157427937918,1.1902,-0.4545,0.9025,0.8972
2014-09-25,2014,10.1,0,18.4,8.3,16.79,18.61,0.9022031166039763,1.3969,-0.7835,0.458,0.4559
2014-09-26,2014,13.8,0,24.5,10.7,17.84,18.36,0.9716775599128541,1.3325,0.3953,2.0971,2.0072
2014-09-27,2014,11.6,0,24.6,13.0,17.57,17.83,0.9854178351093663,0.6815,0.0057,0.8581,0.7379
2014-09-30,2014,10.6,0,20.2,9.6,17.41,17.84,0.9758968609865472,0.5039,0.1665,0.9072,0.7336
2015-05-01,2015,11.2,0,21.1,9.9,27.99,28.79,0.9722125738103508,0.7491,-0.2726,0.2106,0.1485
2015-05-02,2015,12.2,0,23.7,11.5,27.52,28.66,0.9602233077459874,1.0374,-0.3654,0.5007,0.4887
2015-05-05,2015,6.7,0,18.7,12.0,14.71,27.37,0.5374497625137011,1.8825,-0.7485,0.3645,0.0362
2015-05-06,2015,11.1,0,24.1,13.0,20.47,27.99,0.7313326187924258,1.0521,-0.2394,0.7514,0.317
2015-05-08,2015,11.5,0,27.4,15.9,26.82,28.33,0.9466996117190258,0.9771,-0.4089,0.7977,0.7977
2015-05-11,2015,10.3,0,27.2,16.9,26.42,28.37,0.9312654212195982,1.8377,-0.7647,0.215,0.1781
2015-05-12,2015,4.7,0,21.4,16.7,9.89,26.35,0.3753320683111954,2.1648,0.1677,1.2496,1.2173
2015-05-14,2015,8.5,0,22.8,14.3,20.68,28.85,0.7168110918544194,1.4065,-0.6469,0.7228,0.6927
2015-05-24,2015,5.0,0,17.7,12.7,9.01,28.42,0.31703026038001403,1.035,0.0373,1.4255,1.4133
2015-05-27,2015,8.3,0,21.7,13.4,23.81,30.43,0.7824515280972724,0.636,0.1213,0.7037,0.6799
2015-05-29,2015,11.5,0,26.7,15.2,24.05,30.3,0.7937293729372937,1.0322,-0.4432,0.5443,0.5039
2015-06-05,2015,10.0,0,29.0,19.0,24.09,30.38,0.7929558920342331,1.2948,-0.519,0.1399,0.1032
2015-06-06,2015,11.9,0,28.2,16.3,20.04,30.77,0.6512837179070523,2.419,-1.1712,0.3123,0.1019
2015-06-08,2015,10.7,0,27.7,17.0,24.56,30.31,0.8102936324645331,1.3647,-0.3552,0.84,0.8214
2015-06-10,2015,8.3,0,21.0,12.7,21.85,29.34,0.7447171097477846,0.9801,-0.2336,1.082,1.0543
2015-06-11,2015,10.8,0,23.4,12.6,24.05,29.35,0.8194207836456558,1.8233,-0.7198,0.8146,0.3721
2015-06-14,2015,12.0,0,31.6,19.6,21.53,30.18,0.7133863485752154,1.4402,0.104,2.324,2.064
2015-07-03,2015,12.3,0,32.0,19.7,26.64,29.64,0.8987854251012146,2.1379,-0.681,0.5355,-0.1282
2015-07-11,2015,7.7,0,22.9,15.2,11.65,28.37,0.4106450475854776,3.4293,0.9104,3.5938,3.5065
2015-08-16,2015,10.4,0,23.0,12.6,27.11,27.51,0.985459832788077,0.678,-0.1071,0.3984,0.3833
2015-09-11,2015,12.6,0,26.7,14.1,22.34,22.96,0.9729965156794425,3.4455,-2.5874,0.618,0.6081
2015-09-21,2015,12.9,0,23.4,10.5,19.02,19.78,0.961577350859454,1.2413,-0.7155,0.3342,0.3326
2018-06-26,2018,10.0,0,28.0,18.0,22.98,28.3,0.8120141342756184,1.0452,-0.0583,0.8362,0.8353
2018-07-02,2018,10.7,0,31.4,20.7,22.6,30.32,0.7453825857519789,1.0958,0.1464,1.6223,1.5032
2018-07-05,2018,10.0,0,26.5,16.5,22.23,30.68,0.7245762711864407,1.1338,-0.6298,0.5278,0.4898
2018-08-02,2018,10.2,0,32.1,21.9,19.43,27.5,0.7065454545454546,0.8119,-0.0078,0.4681,0.445
2018-09-16,2018,13.2,0,21.5,8.3,21.47,21.76,0.986672794117647,1.3047,-0.9521,0.2872,0.162
2018-09-20,2018,12.6,0,21.2,8.6,20.19,20.37,0.9911634756995582,1.0912,-0.5653,0.4349,0.368
2018-09-21,2018,11.9,0,22.6,10.7,19.4,19.8,0.9797979797979797,1.0123,-0.5228,0.4666,0.4654
2018-09-23,2018,8.9,0,22.4,13.5,18.1,19.21,0.9422175950026028,1.1326,0.5675,1.7541,1.5399
2018-09-29,2018,10.3,0,21.9,11.6,14.77,17.91,0.8246789503070909,0.8485,0.1815,0.145,0.077
2020-05-01,2020,14.9,0.09999999999999964,26.4,11.5,11.91,26.31,0.45267958950969217,6.0197,4.3047,9.9865,9.9701
2020-05-02,2020,11.3,0,22.4,11.1,24.41,28.09,0.8689925240299039,1.3622,-0.7012,0.3597,0.1972
2020-05-03,2020,15.4,0.5999999999999996,27.0,11.6,25.48,27.39,0.9302665206279664,2.0991,-1.5822,0.4508,-0.2043
2020-05-04,2020,13.6,0,27.0,13.4,15.95,26.34,0.6055429005315109,4.5564,2.0289,6.9005,6.8102
2020-05-05,2020,16.9,2.099999999999998,24.2,7.3,18.94,25.91,0.7309918950212274,4.8241,0.1482,3.9961,3.3602
2020-05-06,2020,17.9,3.099999999999998,24.2,6.3,17.71,29.78,0.5946944257891202,7.9714,5.8247,11.5457,11.5028
2020-05-07,2020,11.2,0,17.4,6.2,29.97,30.56,0.9806937172774869,0.8647,-0.4106,0.3583,-0.134
2020-05-08,2020,15.7,0.8999999999999986,23.3,7.6,27.17,29.04,0.9356060606060607,1.5747,-1.0337,0.4139,0.0948
2020-05-09,2020,15.2,0.3999999999999986,25.1,9.9,28.24,28.48,0.9915730337078651,1.9161,-1.5116,0.7524,-0.2213
2020-05-10,2020,14.4,0,25.7,11.3,25.94,29.57,0.8772404463983767,3.6091,-2.3682,0.6314,0.6305
2020-05-11,2020,10.3,0,28.7,18.4,28.5,29.9,0.9531772575250836,1.6097,-0.5438,1.275,1.1804
2020-05-12,2020,10.2,0,28.7,18.5,20.31,25.14,0.8078758949880668,1.9329,0.9759,2.3635,2.3388
2020-05-13,2020,10.0,0,26.9,16.9,16.13,27.47,0.5871860211139425,2.0649,0.8942,3.9407,3.6033
2020-05-14,2020,10.1,0,27.0,16.9,19.89,29.76,0.6683467741935484,0.6234,-0.0971,0.3526,0.0496
2020-05-15,2020,11.9,0,29.8,17.9,29.85,30.65,0.9738988580750408,0.9342,-0.5552,0.2243,0.0954
2020-05-16,2020,13.1,0,29.8,16.7,26.81,29.81,0.8993626299899362,3.8406,2.8939,5.678,5.6774
2020-05-17,2020,8.2,0,25.1,16.9,18.68,28.1,0.6647686832740213,1.1686,-0.476,0.3696,0.3683
2020-05-18,2020,9.8,0,27.9,18.1,18.7,26.08,0.7170245398773006,0.9295,0.0025,0.8802,0.8767
2020-05-19,2020,9.4,0,28.0,18.6,19.9,27.54,0.7225853304284676,0.6952,0.1906,0.8893,0.8524
2020-05-20,2020,12.1,0,28.0,15.9,18.87,27.07,0.6970816401920946,3.2638,1.4764,4.4533,4.3979
2020-05-21,2020,11.1,0,23.1,12.0,6.59,26.64,0.24737237237237236,5.3148,3.0553,8.7199,8.6084
2020-05-22,2020,12.7,0,24.7,12.0,28.8,31.18,0.9236690186016677,1.5238,-0.7109,0.7408,-0.131
2020-05-23,2020,14.3,0,27.0,12.7,25.97,31.17,0.833172922682066,2.2565,-1.3004,0.847,0.8303
2020-05-24,2020,12.8,0,27.0,14.2,14.26,30.06,0.4743845642049235,4.8665,3.0934,4.9424,4.9192
2020-05-25,2020,12.6,0,26.6,14.0,27.7,30.94,0.8952811893988364,1.3202,-0.5032,0.6778,0.1335
2020-05-26,2020,14.1,0,29.8,15.7,29.51,31.54,0.9356372859860496,1.1117,-0.6052,0.35,0.0515
2020-05-27,2020,14.8,0,31.3,16.5,30.44,31.15,0.9772070626003211,2.9477,-2.2841,0.4897,-0.0848
2020-05-28,2020,16.1,1.3000000000000007,31.3,15.2,30.02,32.04,0.9369538077403246,5.4357,3.9996,8.0805,8.0455
2020-05-29,2020,11.3,0,26.2,14.9,32.28,32.54,0.9920098340503996,0.9919,-0.4292,0.4339,0.3677
2020-05-30,2020,14.1,0,30.0,15.9,30.7,32.1,0.9563862928348908,2.0406,-1.14,0.5581,0.5142
2020-05-31,2020,12.4,0,30.0,17.6,28.78,31.24,0.9212548015364918,2.3483,-0.9579,1.0837,0.9116
2020-06-01,2020,11.3,0,31.3,20.0,31.64,31.88,0.9924717691342535,0.7466,-0.4393,0.2138,0.1751
2020-06-02,2020,12.4,0,32.8,20.4,31.87,32.11,0.9925256929305513,0.8991,-0.5353,0.3893,-0.083
2020-06-03,2020,11.5,0,32.8,21.3,24.04,31.12,0.7724935732647814,1.1904,-0.401,0.8472,0.6189
2020-06-04,2020,9.9,0,32.3,22.4,23.91,29.82,0.8018108651911469,1.1379,0.4775,1.8109,1.8087
2020-06-05,2020,21.6,6.800000000000001,31.2,9.6,20.65,29.87,0.6913290927351857,7.6166,-1.8576,2.8948,2.8948
2020-06-06,2020,20.3,5.5,29.9,9.6,20.25,30.36,0.6669960474308301,7.2002,5.1946,10.6656,10.5983
2020-06-07,2020,8.3,0,20.1,11.8,26.31,32.29,0.8148033446887581,0.8538,-0.2754,0.6348,0.4511
2020-06-08,2020,11.4,0,23.9,12.5,29.14,31.94,0.9123356293049467,0.8409,-0.3104,0.3227,0.0858
2020-06-09,2020,13.6,0,27.6,14.0,29.16,32.12,0.9078455790784559,1.5027,-0.7535,0.3012,0.1197
2020-06-10,2020,12.2,0,27.6,15.4,20.8,29.25,0.7111111111111111,1.9585,-0.4976,1.7817,1.7471
2020-06-11,2020,7.2,0,26.0,18.8,22.82,30.85,0.739708265802269,0.7737,0.3924,1.1964,1.166
2020-06-12,2020,8.4,0,26.2,17.8,26.71,31.38,0.8511790949649459,1.0851,0.5614,1.4727,0.7035
2020-06-13,2020,10.5,0,28.4,17.9,22.31,30.46,0.732435981615233,2.037,-0.584,1.5373,1.3436
2020-06-14,2020,8.6,0,28.4,19.8,24.34,31.35,0.7763955342902711,1.4726,1.0065,1.7632,1.5456
2020-06-15,2020,10.4,0,29.8,19.4,30.02,31.44,0.9548346055979643,0.7988,-0.2089,0.563,0.4021
2020-06-16,2020,14.2,0,33.4,19.2,25.95,31.24,0.8306658130601793,1.2122,-0.2605,1.3123,1.104
2020-06-17,2020,15.8,1.0,33.4,17.6,18.03,30.3,0.595049504950495,3.3265,1.0942,4.6738,4.6722
2020-06-18,2020,11.9,0,29.2,17.3,19.8,29.47,0.671869697997964,2.8313,2.2693,4.5644,4.4782
2020-06-19,2020,11.1,0,27.0,15.9,12.02,29.63,0.40566992912588595,3.9052,2.2863,6.4744,6.4215
2020-06-20,2020,16.7,1.8999999999999986,28.7,12.0,29.71,31.42,0.9455760661998727,1.9222,-0.8192,0.3106,-0.1684
2020-06-21,2020,16.7,1.8999999999999986,28.7,12.0,27.07,31.7,0.8539432176656152,6.1509,4.7928,8.9748,8.9336
2020-06-22,2020,12.4,0,24.0,11.6,32.4,32.8,0.9878048780487805,1.273,-0.5062,0.5375,-0.0419
2020-06-23,2020,13.7,0,27.4,13.7,28.88,31.66,0.912192040429564,1.81,-1.0488,0.346,0.3422
2020-06-24,2020,10.3,0,27.4,17.1,15.98,29.39,0.5437223545423614,1.79,0.3381,1.689,1.5688
2020-06-25,2020,12.2,0,30.4,18.2,21.13,30.75,0.6871544715447154,1.8135,0.1851,2.8731,2.872
2020-06-26,2020,12.2,0,30.4,18.2,29.87,31.5,0.9482539682539682,1.7774,-0.3667,0.5887,0.523
2020-06-27,2020,14.2,0,32.9,18.7,22.97,30.64,0.7496736292428198,3.0174,-1.1185,2.3815,2.3712
2020-06-28,2020,20.2,5.399999999999999,32.9,12.7,13.32,30.32,0.43931398416886547,7.9658,4.0781,11.5149,11.5147
2020-06-29,2020,13.3,0,22.7,9.4,6.63,27.64,0.2398697539797395,7.8873,5.8035,12.0851,12.0691
2020-06-30,2020,12.8,0,22.2,9.4,29.79,31.17,0.9557266602502406,1.5229,-1.037,0.2967,-0.0047
2020-07-01,2020,15.1,0.29999999999999893,26.6,11.5,30.48,31.43,0.9697741011772193,2.4617,-1.7472,0.7222,-0.1217
2020-07-02,2020,15.1,0.29999999999999893,30.0,14.9,27.53,30.36,0.9067852437417655,2.4994,-1.864,0.6231,-0.2712
2020-07-03,2020,12.1,0,31.5,19.4,20.11,31.0,0.6487096774193548,2.0865,0.698,3.7522,3.6324
2020-07-04,2020,11.1,0,31.5,20.4,26.26,30.05,0.8738768718801997,1.5722,0.6833,1.4348,1.4337
2020-07-05,2020,12.7,0,30.4,17.7,24.17,28.58,0.8456962911126663,4.3508,2.6035,5.7001,5.652
2020-07-06,2020,8.8,0,25.0,16.2,13.19,27.59,0.47807176513229427,2.6796,0.9734,4.217,4.1511
2020-07-07,2020,7.7,0,23.7,16.0,15.25,29.05,0.5249569707401033,1.5393,0.508,2.121,1.4071
2020-07-08,2020,13.7,0,30.6,16.9,30.3,31.15,0.9727126805778492,1.2708,-0.4148,0.8331,0.7507
2020-07-09,2020,12.7,0,30.6,17.9,26.0,30.36,0.8563899868247694,2.1687,0.6828,3.4033,3.4014
2020-07-10,2020,10.0,0,29.8,19.8,21.19,29.44,0.7197690217391305,0.7106,-0.0167,0.9325,0.789
2020-07-11,2020,9.7,0,29.8,20.1,16.97,29.4,0.5772108843537415,2.8448,1.6349,5.3214,5.2039
2020-07-12,2020,10.1,0,28.2,18.1,16.19,29.57,0.5475143726750085,4.4841,3.3505,6.1433,6.1329
2020-07-13,2020,8.8,0,26.0,17.2,27.49,30.38,0.9048716260697828,0.5835,-0.0924,0.4713,0.4489
2020-07-14,2020,10.8,0,28.4,17.6,28.37,30.58,0.9277305428384566,1.2862,-0.5346,1.1128,1.0956
2020-07-15,2020,10.8,0,29.5,18.7,26.35,29.74,0.8860121049092132,0.9797,-0.6281,0.4442,0.3946
2020-07-16,2020,9.9,0,29.7,19.8,23.38,29.74,0.7861466039004708,1.475,-0.7002,1.1336,1.04
2020-07-17,2020,11.8,0,33.3,21.5,30.13,30.46,0.9891661195009849,0.7969,-0.4488,0.5101,-0.1091
2020-07-18,2020,13.4,0,35.9,22.5,26.29,29.75,0.8836974789915966,1.0185,-0.4172,0.668,0.5567
2020-07-19,2020,12.8,0,35.9,23.1,12.17,28.36,0.42912552891396333,5.2892,2.4023,9.4295,9.3863
2020-07-20,2020,8.6,0,31.5,22.9,13.75,26.18,0.5252100840336135,1.7879,0.9304,2.9475,2.9028
2020-07-21,2020,9.0,0,30.0,21.0,14.87,28.77,0.5168578380257213,1.9098,1.0679,1.5715,1.2808
2020-07-22,2020,11.5,0,30.8,19.3,19.71,28.72,0.6862813370473538,1.72,-0.6287,1.7233,1.6987
2020-07-23,2020,13.2,0,30.8,17.6,8.68,27.09,0.32041343669250644,4.2728,2.873,7.2049,7.1077
2020-07-24,2020,14.0,0,31.6,17.6,29.11,29.4,0.9901360544217688,1.073,-0.439,0.4984,0.2632
2020-07-25,2020,13.1,0,31.6,18.5,25.19,29.02,0.8680220537560304,1.9848,-0.4098,2.3152,2.3083
2020-07-26,2020,12.0,0,32.6,20.6,28.02,28.99,0.966540186271128,0.7777,-0.0814,0.4886,0.3139
2020-07-27,2020,17.9,3.099999999999998,32.6,14.7,16.94,27.97,0.6056489095459422,6.0477,0.4193,7.5229,6.2975
2020-07-28,2020,17.7,2.8999999999999986,32.4,14.7,27.02,28.55,0.9464098073555166,4.1234,2.8286,6.4303,6.4042
2020-07-29,2020,15.0,0.1999999999999993,30.8,15.8,23.91,28.88,0.8279085872576177,1.7923,-1.1407,1.0762,0.9951
2020-07-30,2020,15.1,0.29999999999999893,30.8,15.7,14.57,27.75,0.525045045045045,6.5371,4.2296,8.1649,7.9862
2020-07-31,2020,11.6,0,27.3,15.7,28.27,29.15,0.969811320754717,0.8291,-0.4173,0.3603,0.1719
2020-08-01,2020,12.9,0,29.2,16.3,26.56,28.7,0.9254355400696864,2.1252,-1.5241,0.6274,0.5981
2020-08-02,2020,12.2,0,31.3,19.1,26.47,28.44,0.9307313642756679,1.3613,-0.7969,0.4829,0.4829
2020-08-03,2020,10.8,0,31.3,20.5,17.68,27.36,0.6461988304093568,2.0641,1.1134,3.0375,2.8563
2020-08-04,2020,10.9,0,28.8,17.9,21.68,27.42,0.7906637490882567,1.9394,-0.3529,0.8221,0.7476
2020-08-05,2020,12.2,0,30.1,17.9,26.66,27.87,0.9565841406530319,1.0414,-0.6244,0.3238,0.3221
2020-08-06,2020,12.3,0,30.9,18.6,15.67,26.4,0.5935606060606061,2.0635,-1.5289,0.7286,0.0625
2020-08-07,2020,12.6,0,34.1,21.5,24.99,27.51,0.9083969465648853,1.1034,-0.3201,1.3503,1.3415
2020-08-08,2020,11.8,0,34.1,22.3,26.23,27.43,0.9562522785271601,1.5441,1.0955,2.4328,2.4325
2020-08-09,2020,10.4,0,32.8,22.4,23.33,26.66,0.8750937734433608,0.7692,0.0466,0.9618,0.908
2020-08-10,2020,11.6,0,32.8,21.2,15.67,25.5,0.6145098039215686,2.3946,1.4968,3.8319,3.7355
2020-08-11,2020,11.2,0,31.8,20.6,21.17,26.62,0.7952667167543201,0.9205,0.0651,1.2633,1.1041
2020-08-12,2020,10.8,0,31.8,21.0,18.32,26.7,0.6861423220973784,2.6447,1.4337,4.4783,4.4729
2020-08-13,2020,10.1,0,30.2,20.1,21.64,26.14,0.827850038255547,0.5653,0.0894,0.7098,0.7096
2020-08-14,2020,16.0,1.1999999999999993,30.2,14.2,8.61,25.48,0.3379120879120879,8.7604,4.3226,13.9491,13.808
2020-08-15,2020,12.0,0,26.2,14.2,25.28,26.8,0.9432835820895522,1.1614,-0.6293,0.0647,0.0384
2020-08-16,2020,14.7,0,29.7,15.0,25.23,26.68,0.9456521739130435,1.6422,-1.2317,0.4536,0.4219
2020-08-17,2020,13.9,0,30.8,16.9,23.41,26.45,0.8850661625708885,1.7281,-1.2644,0.7454,0.3133
2020-08-18,2020,15.5,0.6999999999999993,34.2,18.7,23.11,25.6,0.902734375,1.0622,-0.1332,0.3983,0.3597
2020-08-19,2020,16.9,2.099999999999998,34.2,17.3,17.37,23.57,0.7369537547730166,5.6036,4.1339,8.8694,8.8666
2020-08-20,2020,10.6,0,27.3,16.7,23.26,24.86,0.9356395816572809,1.3767,-0.7325,0.36,0.2967
2020-08-21,2020,12.3,0,29.9,17.6,22.57,25.09,0.899561578318055,1.0407,-0.6523,0.1365,0.0859
2020-08-22,2020,12.9,0,29.9,17.0,23.51,25.16,0.9344197138314786,1.3381,0.5779,2.3115,2.2919
2020-08-23,2020,12.3,0,29.4,17.1,20.68,23.98,0.8623853211009174,1.4519,-0.7398,0.6269,0.623
2020-08-24,2020,13.3,0,31.5,18.2,22.49,24.05,0.935135135135135,0.7283,-0.5238,0.1577,0.1527
2020-08-25,2020,17.0,2.1999999999999993,35.8,18.8,20.46,23.6,0.8669491525423728,2.5574,-0.5801,1.7865,1.6574
2020-08-27,2020,11.1,0,22.5,11.4,19.32,23.97,0.8060075093867335,2.2716,-0.01,1.6896,1.524
2020-08-28,2020,11.2,0,22.5,11.3,9.33,23.23,0.40163581575548857,3.4563,2.5587,4.8573,4.7108
2020-08-29,2020,11.1,0,23.1,12.0,21.59,24.27,0.8895756077461887,1.2811,-0.7467,0.4799,0.4607
2020-08-30,2020,11.5,0,24.7,13.2,24.04,24.52,0.9804241435562806,1.0031,-0.6174,0.3641,0.1771
2020-08-31,2020,12.2,0,26.4,14.2,23.48,23.9,0.9824267782426779,1.2196,-0.9155,0.2837,-0.0776
2020-09-01,2020,12.2,0,27.7,15.5,20.26,23.56,0.8599320882852293,1.2485,-0.7346,0.4019,0.3646
2020-09-02,2020,12.2,0,28.1,15.9,16.07,22.04,0.7291288566243195,2.3876,-1.6662,0.5144,0.5066
2020-09-03,2020,13.9,0,32.1,18.2,21.88,22.75,0.9617582417582418,0.9843,-0.3614,0.6722,0.63
2020-09-04,2020,14.6,0,32.1,17.5,10.95,21.57,0.5076495132127955,4.4576,3.4875,6.6556,6.6213
2020-09-05,2020,10.1,0,26.7,16.6,18.52,22.06,0.8395285584768812,1.373,0.258,1.7888,1.6313
2020-09-06,2020,15.8,1.0,31.0,15.2,21.36,22.81,0.9364313897413415,2.5534,0.9723,4.7658,3.5147
2020-09-08,2020,11.2,0,21.7,10.5,21.94,22.36,0.981216457960644,1.1285,-0.6332,0.3546,0.2793
2020-09-09,2020,10.7,0,21.9,11.2,20.36,21.33,0.9545241443975622,0.9023,-0.0088,0.7591,0.7581
2020-09-10,2020,10.7,0,21.9,11.2,14.98,20.6,0.7271844660194174,1.6422,0.1352,1.9414,1.9002
2020-09-11,2020,10.4,0,19.7,9.3,21.81,22.45,0.9714922048997773,1.4174,0.9829,1.8649,1.8646
2020-09-12,2020,11.8,0,21.1,9.3,22.22,22.38,0.9928507596067918,0.9868,-0.5538,0.3536,0.3498
2020-09-13,2020,11.0,0,21.1,10.1,11.6,20.6,0.5631067961165048,1.4572,-0.2121,2.1801,2.1524
2020-09-14,2020,11.6,0,22.7,11.1,21.71,21.83,0.9945029775538251,0.9908,-0.2394,0.471,0.4471
2020-09-15,2020,12.3,0,23.4,11.1,18.53,21.07,0.8794494542002848,1.384,-0.6065,0.7393,0.6827
2020-09-16,2020,14.3,0,25.9,11.6,21.11,21.3,0.9910798122065727,0.8934,-0.3942,0.2145,0.214
2020-09-17,2020,17.1,2.3000000000000007,28.8,11.7,20.96,21.29,0.9844997651479569,4.5035,-3.3971,0.1464,0.1277
2020-09-18,2020,17.6,2.8000000000000007,28.8,11.2,14.1,20.53,0.6867998051631757,8.2454,5.1597,14.0796,14.0732
2020-09-19,2020,9.9,0,19.4,9.5,16.46,20.03,0.8217673489765351,1.987,1.3684,3.0963,3.0892
2020-09-20,2020,8.6,0,17.0,8.4,12.67,19.63,0.6454406520631687,1.4585,-1.002,0.1887,0.1884
2020-09-21,2020,11.6,0,21.3,9.7,14.41,18.24,0.7900219298245614,1.211,-0.8249,0.5071,0.4281
2020-09-22,2020,13.4,0,24.4,11.0,19.53,19.73,0.989863152559554,0.8961,-0.3809,0.578,0.4556
2020-09-23,2020,13.1,0,24.4,11.3,17.86,19.55,0.9135549872122761,2.2201,0.8396,3.8326,3.7607
2020-09-24,2020,9.5,0,20.7,11.2,18.27,18.86,0.9687168610816543,1.7839,-0.3462,1.5998,1.559
2020-09-25,2020,13.9,0,20.6,6.7,14.62,17.92,0.8158482142857142,4.8239,2.5037,7.2623,7.2483
2020-09-26,2020,7.0,0,13.7,6.7,9.95,17.73,0.5611957134799774,1.4553,0.6451,2.3836,2.3591
2020-09-27,2020,8.6,0,13.9,5.3,15.3,17.89,0.8552263834544438,1.375,-0.7844,0.2236,0.2
2020-09-28,2020,10.2,0,15.5,5.3,15.64,16.21,0.9648365206662554,1.9144,-1.3661,0.3631,0.3364
2020-09-29,2020,11.0,0,15.5,4.5,8.28,16.31,0.5076640098099325,4.6743,1.4442,6.9115,6.8453
2020-09-30,2020,10.5,0,14.4,3.9,18.38,18.55,0.9908355795148247,1.3915,-0.0388,0.9566,0.8785
2021-05-01,2021,21.9,7.099999999999998,31.2,9.3,19.95,26.07,0.7652474108170311,10.0844,4.0786,15.7795,15.6784
2021-05-02,2021,17.5,2.6999999999999993,24.1,6.6,19.37,29.34,0.6601908657123381,6.0918,4.2246,9.4396,9.3579
2021-05-03,2021,11.1,0,17.5,6.4,22.64,28.74,0.7877522616562284,1.0367,-0.3643,0.2669,0.2597
2021-05-04,2021,15.6,0.7999999999999989,22.6,7.0,25.57,27.24,0.9386930983847284,3.2162,-2.0815,0.5144,-0.0167
2021-05-05,2021,15.2,0.3999999999999986,26.3,11.1,28.84,29.29,0.9846363946739501,1.0218,-0.3523,0.6511,-0.1386
2021-05-06,2021,17.6,2.8000000000000007,29.1,11.5,28.63,29.18,0.981151473612063,2.0508,-1.4113,1.1379,-0.1328
2021-05-07,2021,16.9,2.099999999999998,31.0,14.1,28.46,28.91,0.9844344517468004,1.8394,-1.2551,0.4653,0.4642
2021-05-08,2021,14.9,0.09999999999999964,31.0,16.1,21.74,27.01,0.8048870788596815,4.3302,2.2857,5.3941,5.3901
2021-05-09,2021,9.8,0,26.4,16.6,25.61,28.03,0.9136639315019621,0.3448,-0.1102,0.3609,0.3038
2021-05-10,2021,10.9,0,27.9,17.0,19.7,27.68,0.7117052023121387,2.6392,0.8938,3.4407,3.1894
2021-05-11,2021,15.1,0.29999999999999893,27.9,12.8,9.61,25.55,0.37612524461839525,7.3666,4.1376,10.6594,10.4383
2021-05-12,2021,13.3,0,21.8,8.5,11.69,27.8,0.4205035971223021,5.5021,1.9835,8.964,8.65
2021-05-13,2021,14.0,0,21.8,7.8,19.27,29.31,0.6574547935858069,3.069,2.051,4.9901,4.9611
2021-05-14,2021,12.9,0,21.3,8.4,24.25,28.72,0.8443593314763231,1.8592,-1.0874,0.7827,0.4802
2021-05-15,2021,11.2,0,21.3,10.1,19.13,28.8,0.664236111111111,2.3662,0.853,2.3419,2.1342
2021-05-16,2021,9.0,0,19.9,10.9,15.55,28.17,0.552005679801207,0.9561,-0.453,0.4957,0.1172
2021-05-17,2021,9.2,0,21.0,11.8,14.93,28.13,0.5307500888730893,2.253,0.1811,3.2254,3.1574
2021-05-18,2021,12.8,0,25.8,13.0,27.9,29.8,0.936241610738255,1.081,-0.6259,0.4292,0.2482
2021-05-19,2021,13.9,0,28.6,14.7,29.48,30.4,0.9697368421052632,1.3133,-0.7264,0.5014,0.2869
2021-05-20,2021,17.6,2.8000000000000007,28.6,11.0,18.55,29.28,0.6335382513661202,8.1135,2.9132,13.6905,13.5746
2021-05-21,2021,17.1,2.3000000000000007,25.8,8.7,25.37,31.36,0.8089923469387755,6.4226,4.9544,8.3552,8.3077
2021-05-22,2021,8.9,0,17.3,8.4,19.87,31.36,0.6336096938775511,1.1229,0.1196,0.3876,0.1356
2021-05-23,2021,15.4,0.5999999999999996,23.9,8.5,30.72,31.32,0.9808429118773946,2.4756,-1.8279,0.8842,0.0136
2021-05-24,2021,15.0,0.1999999999999993,27.4,12.4,31.07,31.65,0.9816745655608216,1.4637,-1.0257,0.4594,0.0401
2021-05-25,2021,14.1,0,28.9,14.8,31.37,31.62,0.9920936116382036,1.7902,-1.1957,0.8553,0.2949
2021-05-26,2021,14.3,0,31.7,17.4,30.04,31.09,0.9662270826632358,1.113,-0.859,0.4652,-0.0632
2021-05-27,2021,13.0,0,32.5,19.5,22.88,29.53,0.7748052827632915,1.0375,-0.3262,0.7806,0.7138
2021-05-28,2021,14.3,0,32.5,18.2,19.49,28.17,0.6918707845225416,4.1569,1.3936,6.3489,6.0434
2021-05-29,2021,13.6,0,30.2,16.6,18.37,29.55,0.6216582064297801,3.6144,2.0992,5.145,4.7859
2021-05-30,2021,11.7,0,28.3,16.6,29.11,30.88,0.9426813471502591,0.9755,-0.272,0.8094,-0.1047
2021-05-31,2021,11.2,0,30.1,18.9,31.79,32.29,0.9845153298234748,0.5635,-0.1137,0.424,0.2758
2021-06-01,2021,11.1,0,30.8,19.7,24.91,30.54,0.8156516044531762,0.7868,-0.2234,0.1629,-0.1163
2021-06-02,2021,12.9,0,32.7,19.8,28.48,30.54,0.9325474787164375,1.7805,-1.2417,0.2944,0.1366
2021-06-03,2021,13.3,0,35.3,22.0,24.75,30.33,0.8160237388724036,1.7145,-1.0276,0.9717,0.9174
2021-06-04,2021,14.4,0,35.3,20.9,17.16,28.17,0.6091586794462194,4.9616,2.59,8.818,8.6597
2021-06-05,2021,15.6,0.7999999999999989,30.5,14.9,19.93,29.45,0.6767402376910017,5.1324,1.0603,6.0721,5.6971
2021-06-06,2021,15.3,0.5,28.5,13.2,24.89,31.15,0.7990369181380418,5.5634,4.2835,7.4383,7.3667
2021-06-07,2021,12.5,0,25.7,13.2,24.77,31.02,0.7985170857511283,1.4855,-0.4906,0.9178,0.6216
2021-06-08,2021,18.2,3.3999999999999986,32.4,14.2,24.71,30.37,0.8136318735594337,2.7853,-1.8249,0.9192,0.9158
2021-06-09,2021,13.9,0,32.4,18.5,16.49,29.92,0.5511363636363635,3.9504,2.5504,4.1599,4.0511
2021-06-10,2021,11.6,0,29.5,17.9,23.76,30.71,0.773689352002605,1.5036,0.2599,2.1485,1.8271
2021-06-11,2021,13.7,0,29.5,15.8,21.99,29.16,0.7541152263374485,3.8297,1.8521,3.6506,3.5168
2021-06-12,2021,10.4,0,26.2,15.8,17.69,29.94,0.5908483633934536,1.5616,0.8724,2.3042,2.2954
2021-06-13,2021,10.3,0,24.8,14.5,15.63,30.74,0.5084580351333767,4.4647,3.0593,7.6549,7.6025
2021-06-14,2021,10.2,0,20.2,10.0,19.09,31.53,0.6054551221059309,2.5459,0.3959,1.6512,1.3595
2021-06-15,2021,13.8,0,24.0,10.2,32.1,32.64,0.9834558823529412,2.2421,-1.611,0.8274,0.0709
2021-06-16,2021,14.3,0,28.2,13.9,29.92,32.13,0.9312169312169312,1.8362,-0.8717,0.9606,-0.1534
2021-06-17,2021,14.5,0,29.7,15.2,22.91,30.11,0.7608767851212223,1.9273,-1.3528,0.4604,-0.0617
2021-06-18,2021,13.0,0,31.5,18.5,27.12,30.54,0.888015717092338,1.0522,-0.3029,0.573,0.3189
2021-06-19,2021,12.3,0,31.5,19.2,13.68,28.85,0.4741767764298093,3.6125,1.5046,6.1489,6.0072
2021-06-20,2021,16.5,1.6999999999999993,29.0,12.5,19.59,29.84,0.6565013404825737,5.8279,-0.0369,6.7803,5.44
2021-06-21,2021,16.0,1.1999999999999993,28.5,12.5,27.87,30.77,0.9057523561910953,3.6027,1.8877,3.955,3.868
2021-06-22,2021,12.0,0,25.4,13.4,15.35,28.7,0.5348432055749129,3.3864,0.3592,4.2946,3.7274
2021-06-23,2021,11.7,0,25.4,13.7,22.16,30.59,0.7244197450147107,3.0408,2.3633,4.6126,4.3444
2021-06-24,2021,16.1,1.3000000000000007,30.2,14.1,31.01,31.29,0.9910514541387025,1.868,-0.4747,0.5858,0.1182
2021-06-25,2021,16.9,2.099999999999998,30.2,13.3,16.12,30.06,0.5362608117099136,8.3053,5.0817,12.6047,12.5785
2021-06-26,2021,9.1,0,22.3,13.2,18.11,28.94,0.6257774706288873,0.8647,0.0688,0.7053,0.5315
2021-06-27,2021,8.4,0,22.3,13.9,18.85,29.98,0.6287525016677785,2.3469,1.1623,2.5401,2.4183
2021-06-28,2021,14.3,0,27.7,13.4,32.08,32.44,0.9889025893958077,1.1079,-0.291,0.376,0.0161
2021-06-29,2021,15.1,0.29999999999999893,29.7,14.6,30.28,31.65,0.9567140600315956,2.0213,-1.5239,0.4906,0.3761
2021-06-30,2021,11.3,0,29.7,18.4,21.85,30.7,0.7117263843648209,1.5132,-0.9209,0.5619,0.4214
2021-07-01,2021,9.9,0,30.7,20.8,30.62,31.24,0.9801536491677337,0.6084,-0.2329,0.3528,0.0437
2021-07-02,2021,10.7,0,32.1,21.4,30.43,30.99,0.9819296547273314,1.0182,-0.3411,0.4033,0.4032
2021-07-03,2021,10.2,0,33.0,22.8,30.03,30.95,0.9702746365105008,0.8778,-0.1311,0.4793,0.4791
2021-07-04,2021,12.1,0,35.2,23.1,29.2,30.92,0.9443725743855109,0.6969,-0.3145,0.1626,0.0324
2021-07-05,2021,14.9,0.09999999999999964,38.7,23.8,23.46,29.93,0.7838289341797527,1.4653,0.1467,2.3077,1.9397
2021-07-06,2021,14.8,0,38.7,23.9,19.39,29.41,0.6592995579734784,2.8866,1.7642,5.196,5.195
2021-07-07,2021,12.8,0,36.8,24.0,19.67,28.97,0.6789782533655506,4.2046,2.551,6.5472,6.547
2021-07-08,2021,9.4,0,32.7,23.3,13.44,27.5,0.48872727272727273,1.922,1.0582,3.0704,3.0704
2021-07-09,2021,10.8,0,34.9,24.1,22.76,28.32,0.8036723163841808,0.7837,-0.1278,0.4936,0.2987
2021-07-10,2021,15.2,0.3999999999999986,37.2,22.0,27.93,29.63,0.9426257171785353,2.0591,-0.2639,1.3594,1.1738
2021-07-11,2021,18.9,4.099999999999998,37.2,18.3,22.17,28.96,0.7655386740331492,5.3138,2.9062,7.6946,7.6841
2021-07-12,2021,13.3,0,30.3,17.0,22.17,29.2,0.7592465753424659,1.5551,0.4831,2.5467,2.5198
2021-07-13,2021,13.5,0,31.0,17.5,23.37,28.35,0.8243386243386244,2.0911,-1.3446,0.8176,0.8087
2021-07-14,2021,12.3,0,31.0,18.7,8.54,28.21,0.3027295285359801,6.0539,3.7253,10.0924,10.0694
2021-07-15,2021,13.1,0,31.5,18.4,28.46,29.63,0.9605129935875802,1.3817,-0.3914,0.9957,0.5775
2021-07-16,2021,15.2,0.3999999999999986,34.5,19.3,24.99,29.44,0.8488451086956521,1.9122,0.1646,2.418,2.0183
2021-07-17,2021,15.6,0.7999999999999989,34.5,18.9,11.03,28.69,0.3844545137678633,6.0439,4.5253,9.315,9.2964
2021-07-18,2021,7.6,0,26.4,18.8,21.31,29.23,0.7290455011973999,1.2017,0.5671,1.2038,0.7577
2021-07-19,2021,11.5,0,30.0,18.5,21.73,29.35,0.7403747870528109,1.3016,-0.3985,0.6998,0.505
2021-07-20,2021,13.5,0,33.1,19.6,24.44,29.43,0.8304451240231058,1.8144,-0.9616,0.6947,-0.1
2021-07-21,2021,12.4,0,35.8,23.4,25.05,29.12,0.8602335164835164,1.2653,-0.6495,0.3559,0.3053
2021-07-22,2021,12.5,0,35.8,23.3,18.69,28.91,0.6464891041162228,3.9629,2.6436,6.9821,6.8483
2021-07-23,2021,11.0,0,33.5,22.5,18.79,27.43,0.6850164053955523,2.3677,1.4394,3.396,3.2248
2021-07-24,2021,11.3,0,34.1,22.8,28.7,28.97,0.990680013807387,0.8406,-0.4269,0.3588,0.3574
2021-07-25,2021,10.3,0,34.2,23.9,28.83,29.28,0.9846311475409835,0.7893,-0.3473,0.1442,0.058
2021-07-26,2021,9.9,0,34.2,24.3,27.5,29.05,0.946643717728055,0.6803,0.2904,0.9696,0.8772
2021-07-27,2021,13.0,0,37.4,24.4,25.3,28.88,0.8760387811634349,0.8363,-0.2705,0.8731,0.8109
2021-07-28,2021,13.5,0,37.4,23.9,24.83,27.66,0.8976861894432393,3.605,2.5621,5.5956,5.5816
2021-07-29,2021,10.0,0,33.1,23.1,26.09,27.66,0.9432393347794649,1.3706,0.3564,0.8943,0.8657
2021-07-30,2021,18.4,3.599999999999998,33.1,14.7,18.92,27.52,0.6875000000000001,6.0949,0.3398,7.2332,6.8126
2021-07-31,2021,17.8,3.0,31.5,13.7,4.48,26.38,0.16982562547384383,10.0905,7.5278,15.6527,15.5907
2021-08-01,2021,12.3,0,26.0,13.7,29.06,29.39,0.988771691051378,1.7278,-1.2991,0.36,-0.066
2021-08-02,2021,14.1,0,30.1,16.0,29.28,29.84,0.9812332439678284,0.8898,-0.4273,0.6305,0.1829
2021-08-03,2021,16.4,1.5999999999999979,32.5,16.1,24.88,28.19,0.8825824760553387,1.7535,-1.1033,0.0871,0.0532
2021-08-04,2021,14.8,0,33.4,18.6,20.89,26.56,0.7865210843373495,2.344,-1.5085,1.158,1.0865
2021-08-05,2021,14.5,0,33.4,18.9,19.05,25.91,0.7352373600926283,3.1979,-0.4541,3.5671,3.5486
2021-08-06,2021,12.8,0,31.7,18.9,23.61,27.35,0.8632541133455209,1.3243,0.7543,2.0981,2.0886
2021-08-07,2021,10.6,0,30.0,19.4,24.87,26.9,0.9245353159851302,0.744,-0.2638,0.2059,0.1576
2021-08-08,2021,10.6,0,31.3,20.7,17.72,26.32,0.6732522796352584,0.9478,-0.0933,0.7567,0.754
2021-08-09,2021,12.7,0,34.3,21.6,26.17,26.83,0.975400670890794,0.8303,0.0874,0.8438,0.8316
2021-08-10,2021,14.1,0,34.3,20.2,13.86,26.42,0.5246025738077214,5.8883,3.5756,9.7881,9.4474
2021-08-11,2021,12.2,0,31.0,18.8,25.93,26.85,0.9657355679702048,0.9676,-0.4383,0.5101,0.4511
2021-08-12,2021,16.6,1.8000000000000007,35.9,19.3,26.11,27.0,0.967037037037037,2.616,-1.3406,1.2931,1.2428
2021-08-13,2021,16.1,1.3000000000000007,35.9,19.8,18.62,25.81,0.7214258039519567,6.2486,4.1878,8.5697,8.5652
2021-08-14,2021,13.3,0,28.2,14.9,17.69,25.44,0.6953616352201258,3.03,-0.1271,3.2257,3.1724
2021-08-15,2021,12.9,0,27.3,14.4,7.69,22.38,0.3436103663985702,5.9887,4.6408,9.3097,9.2904
2021-08-16,2021,7.2,0,21.7,14.5,12.27,23.85,0.5144654088050314,1.6115,-0.1501,0.4554,0.1731
2021-08-17,2021,8.5,0,21.7,13.2,10.04,25.83,0.3886953155245838,3.0469,1.7481,2.9529,2.9422
2021-08-18,2021,10.3,0,23.5,13.2,24.74,26.59,0.9304249717939075,0.9887,-0.4046,0.74,0.3299
2021-08-19,2021,13.0,0,27.5,14.5,26.14,26.46,0.9879062736205593,1.0323,-0.4839,0.6064,0.5614
2021-08-20,2021,11.6,0,27.5,15.9,24.05,25.41,0.9464777646595829,1.3375,-0.74,0.4908,0.4908
2021-08-21,2021,10.1,0,27.5,17.4,24.1,25.78,0.9348332040341351,1.0404,0.5554,0.7284,0.7276
2021-08-22,2021,10.0,0,26.8,16.8,25.81,26.16,0.9866207951070336,1.0097,0.3379,1.3835,1.3788
2021-08-23,2021,12.2,0,28.1,15.9,26.13,26.35,0.991650853889943,1.1322,-0.4334,0.4148,0.3358
2021-08-24,2021,12.9,0,28.8,15.9,24.19,25.58,0.9456606724003128,1.1822,-0.7536,0.3642,0.3351
2021-08-25,2021,11.6,0,29.2,17.6,25.03,26.17,0.9564386702330913,1.083,-0.4066,0.465,0.411
2021-08-26,2021,10.8,0,29.2,18.4,14.95,24.66,0.6062449310624493,1.2896,0.19,1.8045,1.7059
2021-08-27,2021,10.5,0,29.5,19.0,16.44,24.38,0.6743232157506154,1.6186,0.673,2.8896,2.7692
2021-08-28,2021,13.1,0,31.0,17.9,21.08,24.21,0.8707145807517553,1.253,-0.4685,1.268,1.2432
2021-08-29,2021,13.0,0,31.0,18.0,19.54,23.56,0.8293718166383701,2.9768,0.8626,4.2932,4.292
2021-08-30,2021,7.8,0,27.1,19.3,14.14,22.39,0.631531933899062,1.1414,0.7209,0.6854,0.5305
2021-08-31,2021,14.2,0,30.9,16.7,22.61,23.98,0.9428690575479566,1.0978,-0.7457,0.0957,0.0956
2021-09-01,2021,15.6,0.7999999999999989,30.9,15.3,16.3,23.46,0.6947996589940324,3.275,0.5877,4.0567,4.0418
2021-09-02,2021,13.7,0,28.4,14.7,11.94,21.96,0.5437158469945355,5.4602,4.3675,7.9707,7.8119
2021-09-03,2021,10.5,0,24.8,14.3,22.63,23.77,0.9520403870424905,1.1413,-0.341,0.778,0.7742
2021-09-04,2021,12.0,0,26.4,14.4,22.46,23.18,0.9689387402933564,1.3638,-0.9712,0.2132,0.2126
2021-09-05,2021,14.0,0,30.4,16.4,23.67,24.07,0.9833818030743665,0.6319,-0.0949,0.314,0.3135
2021-09-06,2021,14.2,0,30.9,16.7,23.59,23.76,0.9928451178451178,1.7667,-1.1044,0.2897,0.2896
2021-09-07,2021,12.2,0,30.9,18.7,22.9,23.18,0.9879206212251941,1.008,-0.1804,0.5385,0.5234
2021-09-08,2021,15.0,0.1999999999999993,33.9,18.9,22.78,22.91,0.9943256219991271,1.1946,-0.4907,0.7166,0.7115
2021-09-09,2021,13.7,0,33.9,20.2,20.72,22.27,0.9303996407723394,1.6156,0.8274,2.5582,2.5461
2021-09-10,2021,18.6,3.8000000000000007,32.3,13.7,15.82,21.37,0.740290126345344,7.4363,4.2767,12.3184,12.2234
2021-09-11,2021,10.5,0,23.5,13.0,19.0,21.39,0.8882655446470313,2.3925,1.9751,3.0284,3.0151
2021-09-12,2021,12.2,0,24.4,12.2,19.8,21.7,0.9124423963133641,1.8742,-0.977,0.3792,0.3787
2021-09-13,2021,12.7,0,24.9,12.2,20.49,21.34,0.9601686972820993,2.5652,-1.8405,0.3534,0.2312
2021-09-14,2021,10.6,0,24.9,14.3,21.03,21.56,0.9754174397031541,1.0556,0.1683,1.4856,1.4832
2021-09-15,2021,12.6,0,26.9,14.3,19.97,21.18,0.9428706326723324,0.8438,-0.6411,0.1332,-0.0307
2021-09-16,2021,11.4,0,26.9,15.5,18.43,20.5,0.8990243902439025,1.1202,-0.6181,0.3209,0.3035
2021-09-17,2021,11.6,0,27.1,15.5,15.31,19.77,0.774405665149216,1.2259,-0.1779,1.5273,1.1284
2021-09-18,2021,14.7,0,30.6,15.9,19.88,20.38,0.9754661432777233,0.7733,-0.0714,0.7886,0.7203
2021-09-19,2021,17.9,3.099999999999998,33.8,15.9,18.35,19.91,0.9216474133601206,3.2753,-1.5453,2.331,1.9988
2021-09-21,2021,14.0,0,24.8,10.8,18.57,19.22,0.966181061394381,3.807,2.7026,6.0951,6.0915
2021-09-22,2021,9.5,0,18.7,9.2,16.04,19.09,0.8402304871660555,0.9268,0.1635,1.0554,1.0541
2021-09-23,2021,10.2,0,19.4,9.2,13.87,18.45,0.7517615176151762,0.9504,-0.1323,0.9951,0.9788
2021-09-24,2021,12.5,0,19.4,6.9,11.6,17.69,0.6557377049180327,4.3884,1.514,7.3313,7.2128
2021-09-25,2021,12.1,0,18.2,6.1,19.21,19.53,0.9836149513568868,2.0603,1.4502,3.3836,3.3788
2021-09-26,2021,11.4,0,17.0,5.6,18.62,18.69,0.9962546816479401,1.0073,-0.3933,0.0376,-0.0266
2021-09-27,2021,15.5,0.6999999999999993,21.5,6.0,17.54,17.87,0.9815332960268606,1.7003,-1.0931,0.3716,0.3308
2021-09-28,2021,13.1,0,21.5,8.4,18.02,18.12,0.9944812362030905,2.4005,-0.7249,2.2378,2.2314
2021-09-29,2021,10.4,0,20.6,10.2,15.97,17.38,0.9188722669735329,0.8876,-0.1709,0.7836,0.6176
2021-09-30,2021,12.7,0,22.9,10.2,15.67,16.92,0.9261229314420802,1.0497,-0.5472,0.4335,0.4323
2022-05-01,2022,8.2,0,24.4,16.2,27.68,28.81,0.9607775078097883,1.8409,-1.1741,0.0873,0.0864
2022-05-02,2022,8.5,0,27.4,18.9,27.01,27.64,0.977206946454414,1.3405,-0.6384,0.2206,0.2196
2022-05-03,2022,13.9,0,32.0,18.1,26.11,27.24,0.9585168869309839,2.4907,-1.3678,0.6227,-0.1145
2022-05-04,2022,15.3,0.5,32.0,16.7,23.03,26.0,0.8857692307692309,4.5527,3.4799,6.6205,6.6019
2022-05-05,2022,9.8,0,26.2,16.4,18.93,25.79,0.7340054284606436,1.341,-0.9112,0.4706,0.4449
2022-05-06,2022,13.8,0,26.2,12.4,8.17,22.47,0.3635959056519804,7.0771,4.6973,11.3904,11.351
2022-05-07,2022,13.2,0,25.2,12.0,26.76,28.28,0.9462517680339463,1.6479,-0.5607,0.2603,0.0409
2022-05-08,2022,12.2,0,25.2,13.0,19.39,26.49,0.7319743299358249,1.6017,-0.4923,0.9443,-0.045
2022-05-09,2022,13.9,0,25.2,11.3,26.43,28.43,0.9296517762926486,2.6483,1.7169,3.6122,3.5544
2022-05-10,2022,13.7,0,25.1,11.4,26.33,28.3,0.9303886925795052,1.6271,-1.0103,0.4192,-0.1803
2022-05-11,2022,11.5,0,25.1,13.6,15.12,26.98,0.5604151223128243,2.8658,0.5202,4.3225,4.2557
2022-05-12,2022,10.5,0,25.0,14.5,12.13,27.52,0.44077034883720934,3.2291,2.5705,4.769,4.7684
2022-05-13,2022,9.2,0,23.7,14.5,18.03,25.35,0.7112426035502959,1.4376,-0.134,0.3534,0.0488
2022-05-14,2022,10.9,0,25.6,14.7,23.71,27.02,0.877498149518875,2.8975,-2.1588,0.099,-0.0005
2022-05-15,2022,10.8,0,28.2,17.4,22.12,26.75,0.8269158878504673,1.6125,0.0734,0.9593,0.908
2022-05-16,2022,13.8,0,28.2,14.4,15.1,24.88,0.6069131832797428,5.3573,3.8304,7.1017,7.083
2022-05-17,2022,10.7,0,25.1,14.4,20.54,26.89,0.7638527333581256,0.8512,-0.1246,0.8277,0.819
2022-05-18,2022,13.3,0,28.0,14.7,26.34,29.33,0.8980565973406069,1.5132,-1.0567,0.4798,0.0187
2022-05-19,2022,12.6,0,29.3,16.7,26.72,29.22,0.9144421629021219,1.5988,-1.295,0.1493,0.063
2022-05-20,2022,12.4,0,29.3,16.9,16.98,27.98,0.6068620443173696,3.642,2.4354,4.495,4.3776
2022-05-21,2022,13.7,0,30.0,16.3,30.19,30.58,0.9872465663832571,1.8358,-0.6986,1.1623,-0.395
2022-05-22,2022,11.7,0,30.0,18.3,23.44,28.3,0.8282685512367491,1.2736,-0.6724,0.7741,0.7238
2022-05-23,2022,10.9,0,29.7,18.8,17.39,27.57,0.6307580703663402,3.0381,1.7338,4.6584,4.6227
2022-05-24,2022,12.4,0,29.4,17.0,26.43,29.07,0.9091847265221878,1.317,-0.221,0.4411,0.4392
2022-05-25,2022,17.0,2.1999999999999993,35.1,18.1,17.12,20.19,0.8479445269935612,1.9399,-0.8684,1.6127,1.2793
2022-05-26,2022,14.9,0.09999999999999964,35.1,20.2,12.94,19.77,0.6545270612038442,4.2971,2.5146,6.6542,6.6526
2022-05-27,2022,9.3,0,28.6,19.3,15.36,24.26,0.6331409727947238,2.8341,1.503,5.1793,4.7233
2022-05-28,2022,10.4,0,30.0,19.6,28.87,30.43,0.9487348011830431,0.5422,-0.2206,0.0723,0.0634
2022-05-29,2022,12.0,0,30.0,18.0,29.51,30.51,0.9672238610291708,1.7652,-0.0331,1.5705,1.5258
2022-05-30,2022,12.0,0,28.7,16.7,28.94,29.87,0.9688650820220958,2.7268,1.8602,3.6587,3.6285
2022-05-31,2022,11.9,0,24.9,13.0,19.27,28.47,0.6768528275377591,2.5781,-1.3739,1.4071,1.3369
2022-06-01,2022,12.4,0,24.9,12.5,13.25,27.52,0.48146802325581395,3.8885,2.6421,3.8965,3.7116
2022-06-02,2022,10.0,0,21.9,11.9,15.72,30.27,0.5193260654112983,4.2006,1.2946,6.828,6.447
2022-06-03,2022,12.0,0,23.7,11.7,27.0,31.46,0.8582326764144945,1.0803,-0.2317,0.0138,-0.0109
2022-06-04,2022,12.5,0,25.4,12.9,18.86,29.48,0.6397557666214382,2.6015,0.7843,3.5307,3.1641
2022-06-05,2022,11.2,0,25.4,14.2,29.8,31.0,0.9612903225806452,1.041,0.0837,0.5853,0.2877
2022-06-06,2022,11.6,0,26.4,14.8,30.08,31.34,0.9597957881301851,1.4977,-0.8282,0.2841,0.1682
2022-06-07,2022,8.9,0,26.6,17.7,21.0,29.49,0.7121057985757885,1.0531,0.3364,0.2316,0.217
2022-06-08,2022,11.1,0,28.9,17.8,31.69,31.99,0.9906220693966865,0.6616,-0.2956,0.4284,0.3498
2022-06-09,2022,12.2,0,31.2,19.0,32.19,32.51,0.9901568748077515,0.8088,-0.3409,0.2486,0.2427
2022-06-10,2022,11.0,0,31.5,20.5,18.96,30.39,0.6238894373149062,1.4296,-0.5448,1.3227,1.3093
2022-06-11,2022,12.5,0,33.8,21.3,27.51,29.88,0.9206827309236949,1.0511,-0.5777,0.423,0.0811
2022-06-12,2022,14.4,0,36.4,22.0,27.04,30.58,0.8842380640941793,1.4479,-0.9152,0.588,-0.168
2022-06-13,2022,13.9,0,37.4,23.5,26.96,30.66,0.8793215916503588,2.1588,-0.0126,2.8579,2.811
2022-06-14,2022,15.5,0.6999999999999993,37.4,21.9,25.53,30.05,0.8495840266222962,5.1904,3.9674,7.7786,7.7786
2022-06-15,2022,10.6,0,30.7,20.1,26.59,29.72,0.8946837146702558,1.4914,0.409,1.4835,1.4835
2022-06-16,2022,15.5,0.6999999999999993,30.4,14.9,11.46,28.9,0.3965397923875433,6.4916,3.4965,10.5059,10.4833
2022-06-17,2022,11.6,0,26.5,14.9,21.4,29.81,0.717879906071788,1.4751,-0.7398,0.4476,0.1906
2022-06-18,2022,11.0,0,28.3,17.3,29.15,31.46,0.9265734265734265,1.0298,-0.3419,0.434,0.2237
2022-06-19,2022,9.5,0,28.3,18.8,21.62,30.71,0.7040052100293064,1.4556,0.6449,1.8068,1.8036
2022-06-20,2022,8.4,0,28.9,20.5,19.97,28.65,0.6970331588132636,0.4114,0.2749,0.2417,0.2122
2022-06-21,2022,11.2,0,31.5,20.3,29.36,30.74,0.9551073519843852,0.9326,-0.5828,0.329,-0.0324
2022-06-22,2022,13.4,0,34.6,21.2,29.98,31.76,0.9439546599496221,1.4113,-0.7922,0.4396,0.2048
2022-06-23,2022,15.3,0.5,38.2,22.9,28.09,29.99,0.9366455485161721,1.7797,-0.7316,0.3084,0.308
2022-06-24,2022,15.0,0.1999999999999993,38.2,23.2,13.92,27.51,0.5059978189749181,6.7248,3.7721,9.9259,9.925
2022-06-25,2022,11.2,0,30.5,19.3,18.71,29.58,0.6325219743069642,1.6432,-0.8014,0.4801,0.4224
2022-06-26,2022,14.3,0,33.7,19.4,30.38,31.36,0.96875,2.3393,-1.7866,0.6295,-0.0361
2022-06-27,2022,10.1,0,33.7,23.6,18.61,29.5,0.6308474576271186,0.8459,-0.1073,1.2298,1.0809
2022-06-28,2022,15.3,0.5,34.4,19.1,20.15,28.64,0.7035614525139664,3.6111,-1.5956,0.5788,0.5648
2022-06-29,2022,15.3,0.5,34.4,19.1,28.48,29.9,0.9525083612040134,1.6273,0.1936,1.7922,1.6159
2022-06-30,2022,17.7,2.8999999999999986,38.5,20.8,30.27,30.99,0.9767666989351405,1.749,-1.1754,0.0957,-0.0062
2022-07-01,2022,19.2,4.399999999999999,38.5,19.3,17.22,29.31,0.5875127942681678,7.8586,4.1695,13.8193,13.718
2022-07-02,2022,11.8,0,30.7,18.9,22.78,30.26,0.7528089887640449,2.7005,1.7855,3.4431,3.097
2022-07-03,2022,12.4,0,29.5,17.1,25.42,29.95,0.8487479131886478,1.3761,-0.366,0.4727,0.4667
2022-07-04,2022,15.2,0.3999999999999986,32.4,17.2,27.92,30.25,0.9229752066115703,2.5875,-2.0038,0.3732,-0.0758
2022-07-05,2022,16.4,1.5999999999999979,32.4,16.0,22.64,28.53,0.7935506484402384,7.4822,1.6114,8.5019,8.4132
2022-07-06,2022,12.6,0,28.6,16.0,13.1,26.72,0.4902694610778443,3.8163,3.1138,5.2678,5.2572
2022-07-07,2022,10.4,0,26.4,16.0,15.92,29.08,0.547455295735901,0.9865,-0.4906,0.5698,0.4695
2022-07-08,2022,9.9,0,27.9,18.0,22.59,28.25,0.799646017699115,0.9142,0.0192,0.749,0.0449
2022-07-09,2022,11.9,0,29.8,17.9,22.07,26.91,0.8201412114455593,3.9395,1.5586,5.9469,5.8926
2022-07-10,2022,12.4,0,29.8,17.4,24.17,28.61,0.8448095071653269,1.152,0.5015,1.667,1.6668
2022-07-11,2022,11.8,0,29.9,18.1,27.53,29.67,0.9278732726659926,1.6126,-0.9749,0.4035,0.4035
2022-07-12,2022,10.3,0,29.9,19.6,15.15,27.01,0.5609033691225472,3.4062,1.5971,5.2337,5.2232
2022-07-13,2022,8.6,0,27.7,19.1,21.85,30.04,0.7273635153129162,0.8758,0.4207,0.3965,0.3596
2022-07-14,2022,9.3,0,28.2,18.9,24.52,29.98,0.8178785857238159,0.5667,-0.3506,0.1544,0.1544
2022-07-15,2022,11.8,0,29.7,17.9,30.6,30.91,0.9899708832093174,1.0891,-0.6033,0.4093,-0.1057
2022-07-16,2022,10.0,0,30.3,20.3,17.02,25.83,0.6589237320944639,1.0664,-0.3927,1.0091,0.0857
2022-07-17,2022,12.0,0,33.6,21.6,26.18,30.03,0.8717948717948718,0.9242,-0.5507,0.2357,0.2318
2022-07-18,2022,12.9,0,35.5,22.6,24.37,29.56,0.8244248985115021,2.2373,0.145,2.9068,2.8341
2022-07-19,2022,17.0,2.1999999999999993,35.5,18.5,16.64,28.86,0.5765765765765766,6.8843,4.642,10.7774,10.7705
2022-07-20,2022,7.0,0,25.4,18.4,21.44,29.6,0.7243243243243244,0.4618,0.2231,0.54,0.537
2022-07-21,2022,13.3,0,30.5,17.2,29.82,30.08,0.9913563829787234,1.0397,-0.6359,0.1355,-0.0415
2022-07-22,2022,17.7,2.8999999999999986,34.9,17.2,29.27,29.8,0.9822147651006711,2.8652,-2.0435,0.6297,0.6273
2022-07-23,2022,13.7,0,34.9,21.2,28.17,29.05,0.9697074010327023,2.2147,-1.1983,0.8713,0.8337
2022-07-24,2022,16.6,1.8000000000000007,34.3,17.7,21.09,28.18,0.748403122782115,3.7499,-1.5824,2.8068,2.7294
2022-07-25,2022,14.7,0,32.4,17.7,24.21,28.49,0.8497718497718498,1.6986,-0.4053,1.2934,1.2764
2022-07-26,2022,11.5,0,32.3,20.8,28.39,29.38,0.9663036078965282,1.0221,-0.1659,0.4662,0.4427
2022-07-27,2022,11.4,0,33.6,22.2,23.84,28.19,0.8456899609790706,1.1942,-0.113,1.3731,1.1457
2022-07-28,2022,11.3,0,35.0,23.7,26.27,29.1,0.9027491408934707,0.683,0.0773,0.9507,0.8987
2022-07-29,2022,11.2,0,35.0,23.8,18.36,26.33,0.6973034561336878,2.1871,1.736,3.4141,3.4141
2022-07-30,2022,9.2,0,31.8,22.6,18.29,24.75,0.738989898989899,1.3485,0.0949,0.5965,0.5063
2022-07-31,2022,11.8,0,31.8,20.0,16.98,25.39,0.6687672311933832,2.3839,1.2638,3.002,2.9641
2022-08-01,2022,9.7,0,29.7,20.0,23.66,27.17,0.8708133971291866,1.1679,-0.4204,0.4177,0.3748
2022-08-02,2022,10.4,0,30.8,20.4,22.56,27.57,0.8182807399347116,1.5966,-0.9562,0.4305,0.3842
2022-08-03,2022,11.4,0,32.7,21.3,27.79,28.7,0.9682926829268292,0.9512,-0.2904,0.7879,0.4266
2022-08-04,2022,10.7,0,32.7,22.0,21.79,26.56,0.8204066265060241,2.0966,0.3876,2.6119,2.6119
2022-08-05,2022,8.7,0,30.3,21.6,24.78,27.01,0.9174379859311366,1.1419,-0.155,0.3698,0.3691
2022-08-06,2022,7.9,0,30.2,22.3,12.88,25.96,0.49614791987673346,1.1932,-0.1385,0.764,0.761
2022-08-07,2022,9.3,0,32.1,22.8,23.48,27.21,0.8629180448364572,1.0017,0.1162,0.3678,-0.0698
2022-08-08,2022,9.5,0,32.1,22.6,24.2,26.91,0.8992939427722036,0.784,0.1133,0.9662,0.9658
2022-08-09,2022,10.4,0,31.9,21.5,21.75,25.58,0.8502736512900704,1.0175,0.1011,1.0119,1.0117
2022-08-10,2022,11.2,0,31.4,20.2,19.67,25.19,0.7808654227868201,3.5643,-0.664,4.1807,3.7125
2022-08-11,2022,12.0,0,31.4,19.4,10.31,24.69,0.4175779667881733,5.1233,3.9832,8.0869,8.0625
2022-08-12,2022,6.6,0,24.7,18.1,4.63,23.89,0.19380493930514858,2.8835,1.0736,4.6389,4.6194
2022-08-13,2022,11.8,0,28.9,17.1,24.72,26.68,0.9265367316341829,0.7865,-0.2507,0.4709,0.4649
2022-08-14,2022,13.1,0,30.5,17.4,26.61,26.76,0.9943946188340806,1.551,-1.0901,0.1587,0.0341
2022-08-15,2022,13.1,0,32.9,19.8,25.35,26.12,0.97052067381317,1.3495,-0.5837,0.3659,0.3287
2022-08-16,2022,13.1,0,32.9,19.8,13.99,23.23,0.602238484718037,3.8084,0.5726,4.9732,4.9732
2022-08-17,2022,11.4,0,28.5,17.1,14.74,25.01,0.5893642542982807,4.0795,2.3892,4.8624,4.719
2022-08-18,2022,10.0,0,25.6,15.6,25.78,26.53,0.9717301168488504,1.0993,-0.6174,0.1981,0.198
2022-08-19,2022,10.7,0,25.6,14.9,22.18,25.68,0.8637071651090342,1.6971,-0.3595,1.9443,1.9009
2022-08-20,2022,11.0,0,24.5,13.5,21.0,24.82,0.846091861402095,3.0508,2.2977,4.8303,4.8275
2022-08-21,2022,9.0,0,22.5,13.5,22.58,25.04,0.9017571884984025,1.0467,-0.4814,0.5634,0.3953
2022-08-22,2022,11.7,0,22.5,10.8,4.75,22.45,0.2115812917594655,6.6508,3.4109,9.3093,9.2732
2022-08-23,2022,10.3,0,20.8,10.5,20.86,26.03,0.8013830195927775,1.1684,-0.5926,0.4652,0.1548
2022-08-24,2022,14.1,0,24.7,10.6,23.8,24.72,0.9627831715210357,2.2647,-1.5062,0.6909,0.1093
2022-08-25,2022,12.1,0,24.7,12.6,7.7,22.91,0.3360977738978612,3.2883,-0.7205,3.9296,3.9291
2022-08-26,2022,5.6,0,22.2,16.6,8.42,22.21,0.37910850968032417,1.2498,0.5819,2.2655,2.1401
2022-08-27,2022,7.7,0,24.3,16.6,20.64,23.68,0.8716216216216216,0.6866,-0.104,0.1574,0.1508
2022-08-28,2022,9.9,0,26.5,16.6,24.3,25.11,0.967741935483871,0.6476,-0.1673,0.3668,0.3025
2022-08-29,2022,12.2,0,29.0,16.8,23.89,24.67,0.968382650993109,0.6191,-0.0512,0.3115,0.2949
2022-08-30,2022,12.3,0,29.2,16.9,14.28,23.38,0.6107784431137725,2.3061,0.1469,3.4951,3.3809
2022-08-31,2022,11.2,0,29.2,18.0,18.8,23.15,0.8120950323974083,2.2095,1.7094,3.3973,3.3973
2022-09-01,2022,9.7,0,27.7,18.0,20.54,23.61,0.869970351545955,0.6946,0.0005,0.2035,0.142
2022-09-02,2022,10.8,0,29.1,18.3,21.92,23.84,0.9194630872483223,0.9961,-0.1499,0.5642,0.5605
2022-09-03,2022,10.6,0,29.1,18.5,22.57,23.88,0.945142378559464,0.9135,-0.1917,0.6289,0.6172
2022-09-04,2022,11.1,0,29.8,18.7,23.45,23.84,0.9836409395973155,0.6607,-0.064,0.3499,0.3254
2022-09-05,2022,13.6,0,31.3,17.7,22.56,23.22,0.9715762273901809,0.4183,-0.229,0.1518,0.1417
2022-09-06,2022,16.3,1.5,34.0,17.7,20.11,21.76,0.924172794117647,1.7767,-1.1985,0.6966,0.6902
2022-09-07,2022,14.4,0,34.5,20.1,20.36,22.19,0.917530419107706,0.6839,-0.1704,0.5663,0.5654
2022-09-08,2022,16.1,1.3000000000000007,36.6,20.5,22.44,22.85,0.9820568927789934,1.0618,-0.1895,1.1336,1.1317
2022-09-09,2022,16.6,1.8000000000000007,36.6,20.0,21.03,21.98,0.956778889899909,4.4751,1.7462,6.8022,6.7336
2022-09-11,2022,14.5,0,32.0,17.5,20.72,21.43,0.9668688754083061,1.096,-0.2229,0.9461,0.7161
2022-09-13,2022,9.0,0,18.7,9.7,12.59,19.12,0.6584728033472803,3.0249,2.0952,4.9582,4.8635
2022-09-14,2022,12.1,0,20.4,8.3,20.78,21.07,0.9862363550071191,1.7234,-0.9896,0.1429,0.1177
2022-09-15,2022,11.8,0,20.4,8.6,15.78,20.57,0.7671366067087991,3.6974,1.6827,4.2023,4.1815
2022-09-16,2022,11.3,0,19.5,8.2,20.83,20.93,0.9952221691352126,0.7621,-0.0542,0.6643,0.6613
2022-09-17,2022,12.5,0,20.9,8.4,20.72,20.81,0.9956751561749159,1.3086,-0.8791,0.3707,0.307
2022-09-18,2022,12.5,0,22.5,10.0,19.45,20.07,0.9691081215744892,1.4555,-0.9989,0.3969,0.3968
2022-09-19,2022,11.2,0,23.2,12.0,18.03,19.31,0.933713102019679,0.75,-0.0973,0.6862,0.642
2022-09-20,2022,12.2,0,24.2,12.0,16.11,18.87,0.8537360890302066,1.3072,-0.8084,0.7081,0.7008
2022-09-21,2022,12.3,0,26.8,14.5,19.94,20.11,0.9915464942814521,0.7383,-0.1299,0.4521,0.4323
2022-09-22,2022,13.3,0,27.1,13.8,18.7,19.73,0.947795235681703,0.9591,-0.1936,0.98,0.7856
2022-09-23,2022,13.3,0,27.1,13.8,16.17,18.69,0.8651685393258427,1.3755,0.196,2.0359,1.9641
2022-09-24,2022,12.6,0,27.0,14.4,18.16,19.04,0.9537815126050421,1.2838,-0.7629,0.5751,0.5541
2022-09-25,2022,11.8,0,27.8,16.0,16.99,18.71,0.9080705505077498,1.3223,-0.5311,0.9508,0.8054
2022-09-26,2022,11.2,0,28.1,16.9,17.52,18.32,0.9563318777292577,1.4056,-0.5531,0.7266,0.6414
2022-09-27,2022,14.0,0,28.9,14.9,15.91,18.23,0.8727372462973121,3.4411,0.7901,5.6546,5.4181
2022-09-28,2022,17.7,2.8999999999999986,28.9,11.2,10.65,17.29,0.6159629843840371,7.8275,4.8698,13.3038,13.3035
2022-09-29,2022,11.7,0,20.6,8.9,12.81,17.55,0.7299145299145299,2.3327,-0.0016,3.1345,3.0448
2023-05-01,2023,16.2,1.3999999999999986,25.4,9.2,13.86,25.59,0.5416178194607268,6.6664,2.9272,9.1659,9.0854
2023-05-02,2023,13.1,0,17.4,4.3,14.82,26.23,0.5650019062142585,6.1982,4.0621,8.8116,8.7825
2023-05-03,2023,5.9,0,8.3,2.4,14.11,27.77,0.5081022686352179,0.9649,-0.081,0.517,0.4831
2023-05-04,2023,7.4,0,8.3,0.9,13.09,26.3,0.4977186311787072,2.0914,0.9141,2.0194,1.8915
2023-05-05,2023,8.0,0,8.9,0.9,13.45,25.54,0.5266249021143304,0.9314,-0.2558,0.9567,0.906
2023-05-06,2023,8.8,0,11.1,2.3,16.23,27.29,0.5947233418834739,0.724,-0.2711,0.4795,0.4586
2023-05-07,2023,9.7,0,12.5,2.8,18.62,27.95,0.6661896243291593,1.3114,-0.6402,0.8673,0.8554
2023-05-08,2023,12.0,0,16.3,4.3,19.13,27.4,0.6981751824817518,2.1703,-1.5685,0.2665,-0.1328
2023-05-09,2023,15.3,0.5,21.6,6.3,16.33,26.52,0.615761689291101,2.8571,-2.1113,0.8712,0.2692
2023-05-10,2023,14.9,0.09999999999999964,24.9,10.0,26.68,28.59,0.9331934242742218,2.2531,-1.6889,0.553,0.0469
2023-05-11,2023,15.0,0.1999999999999993,28.6,13.6,27.5,28.11,0.9782995375311277,1.3847,-0.8008,0.4172,-0.1057
2023-05-12,2023,15.0,0.1999999999999993,29.6,14.6,23.37,26.84,0.870715350223547,2.5338,-1.8261,0.6497,0.6478
2023-05-13,2023,11.4,0,29.6,18.2,21.51,26.32,0.8172492401215806,1.7238,0.6378,2.2911,2.267
2023-05-14,2023,9.7,0,27.3,17.6,19.27,26.07,0.7391637897967012,1.3158,0.0659,1.0249,0.9711
2023-05-15,2023,14.1,0,27.3,13.2,15.08,28.15,0.5357015985790409,6.3227,4.2861,8.5619,8.5618
2023-05-16,2023,6.7,0,19.9,13.2,21.66,28.39,0.7629446988376188,0.8279,0.3211,0.2116,0.1533
2023-05-17,2023,9.1,0,22.8,13.7,14.4,27.72,0.5194805194805195,1.1909,0.0923,1.4696,1.4634
2023-05-18,2023,11.4,0,25.3,13.9,27.36,28.6,0.9566433566433565,0.7661,-0.27,0.3552,0.2804
2023-05-19,2023,10.9,0,25.3,14.4,16.88,26.76,0.6307922272047832,3.4299,2.6807,4.1133,4.1124
2023-05-20,2023,10.9,0,24.4,13.5,19.04,28.36,0.6713681241184767,0.6428,0.5086,0.9672,0.9649
2023-05-21,2023,12.6,0,24.4,11.8,15.87,26.0,0.6103846153846153,2.2352,0.9717,3.4469,3.3688
2023-05-22,2023,10.0,0,21.5,11.5,14.45,27.28,0.5296920821114369,3.6837,1.7,6.1209,5.172
2023-05-23,2023,9.1,0,20.6,11.5,21.04,30.44,0.6911957950065702,1.1064,-0.1216,0.8485,0.6263
2023-05-24,2023,10.5,0,22.3,11.8,27.14,30.38,0.8933508887425938,1.205,-0.7167,0.4003,-0.0019
2023-05-25,2023,8.5,0,22.3,13.8,17.17,28.47,0.6030909729539867,2.6282,0.8908,4.8012,4.4646
2023-05-26,2023,8.2,0,21.8,13.6,19.03,29.25,0.6505982905982907,1.3278,-0.685,0.2968,0.1337
2023-05-27,2023,10.8,0,23.9,13.1,25.81,30.09,0.8577600531738119,1.3941,-0.8933,0.1713,-0.0617
2023-05-28,2023,14.8,0,23.9,9.1,9.73,28.42,0.3423645320197044,4.4901,-0.4341,3.5728,3.5652
2023-05-29,2023,11.7,0,20.7,9.0,15.11,29.05,0.5201376936316695,3.7885,3.2109,4.9636,4.9427
2023-05-30,2023,11.7,0,20.7,9.0,25.38,31.62,0.8026565464895635,1.7236,-0.8835,0.568,0.4453
2023-05-31,2023,11.0,0,22.4,11.4,24.82,31.16,0.7965340179717587,1.4437,-0.9929,0.4809,0.1369
2023-06-01,2023,8.9,0,22.4,13.5,19.1,30.35,0.6293245469522241,1.3677,-0.4685,1.5983,1.5983
2023-06-02,2023,11.7,0,23.4,11.7,30.85,31.49,0.9796760876468721,1.441,-0.7556,0.4702,0.153
2023-06-03,2023,13.0,0,26.8,13.8,31.2,32.01,0.9746954076850984,1.5136,-1.0594,0.623,-0.2661
2023-06-04,2023,11.7,0,28.6,16.9,30.23,31.09,0.9723383724670313,0.8946,-0.4214,0.5993,0.1079
2023-06-05,2023,14.0,0,31.9,17.9,30.16,30.77,0.9801754956126097,0.9262,-0.5641,0.3328,-0.1154
2023-06-06,2023,14.8,0,33.4,18.6,28.0,30.18,0.927766732935719,1.4249,-0.8907,0.443,0.394
2023-06-07,2023,13.2,0,33.9,20.7,28.59,30.77,0.9291517712057199,0.8793,-0.6615,0.3806,-0.2164
2023-06-08,2023,12.0,0,34.1,22.1,25.22,30.38,0.8301514154048716,1.0443,-0.471,0.2969,0.2969
2023-06-09,2023,11.3,0,34.1,22.8,25.88,28.4,0.9112676056338028,0.5311,0.1372,0.5325,0.4911
2023-06-10,2023,13.9,0,36.7,22.8,30.42,30.62,0.9934683213585892,0.9134,-0.2336,0.7751,0.5537
2023-06-11,2023,14.3,0,36.7,22.4,25.58,30.76,0.8315994798439531,1.4552,-0.0705,1.9415,1.9348
2023-06-12,2023,16.4,1.5999999999999979,35.4,19.0,17.82,29.79,0.5981873111782477,6.2696,4.3098,10.4215,10.3753
2023-06-13,2023,10.8,0,29.7,18.9,28.53,31.22,0.9138372837924408,0.9451,-0.3406,0.212,0.1258
2023-06-14,2023,9.4,0,29.7,20.3,22.07,28.72,0.7684540389972145,1.3078,0.4688,1.7141,1.7018
2023-06-22,2023,13.5,0,30.7,17.2,23.03,28.84,0.7985436893203884,1.8106,-0.5147,0.9465,0.8997
2023-06-23,2023,12.7,0,29.9,17.2,24.23,30.12,0.8044488711819389,1.5096,0.3265,2.1896,2.1426
2023-06-24,2023,12.1,0,28.5,16.4,12.4,29.3,0.4232081911262799,5.9098,3.0727,9.5604,9.2749
2023-06-25,2023,13.1,0,28.9,15.8,27.87,31.28,0.8909846547314578,1.317,-0.3529,1.4745,1.4744
2023-06-26,2023,16.4,1.5999999999999979,28.9,12.5,9.18,28.57,0.32131606580329014,7.6795,5.7663,11.1212,11.1058
2023-06-27,2023,16.1,1.3000000000000007,28.6,12.5,32.22,32.46,0.9926062846580406,2.023,-1.1181,0.6999,-0.3274
2023-06-28,2023,18.8,4.0,33.9,15.1,27.6,30.72,0.8984375000000001,2.4613,-1.7656,0.3383,0.3352
2023-06-29,2023,18.2,3.3999999999999986,33.9,15.7,16.42,28.11,0.584133760227677,6.0354,3.0408,9.6093,9.5172
2023-06-30,2023,12.3,0,27.0,14.7,23.82,30.33,0.7853610286844709,3.0442,2.1172,3.4527,3.4203
2023-07-01,2023,8.9,0,23.6,14.7,14.08,29.65,0.4748735244519393,1.8667,-0.7574,1.6944,1.2448
2023-07-02,2023,12.3,0,25.3,13.0,28.1,31.44,0.8937659033078881,1.3789,-1.015,0.4114,-0.1786
2023-07-03,2023,17.7,2.8999999999999986,31.7,14.0,31.4,31.67,0.991474581622987,2.2919,-1.6643,0.5441,0.0461
2023-07-04,2023,14.6,0,31.7,17.1,20.64,30.39,0.6791707798617966,2.9442,-0.9555,2.8063,2.7549
2023-07-05,2023,11.1,0,31.1,20.0,24.7,29.98,0.8238825883922615,1.6359,0.6208,2.4118,1.9337
2023-07-06,2023,12.4,0,31.1,18.7,20.5,27.2,0.7536764705882353,1.2875,-0.0783,1.3457,1.2173
2023-07-07,2023,9.5,0,29.9,20.4,23.28,28.08,0.8290598290598291,1.5878,0.6892,1.1874,1.1654
2023-07-08,2023,11.0,0,28.8,17.8,10.91,27.02,0.40377498149518876,5.4281,2.9561,7.4437,7.3887
2023-07-09,2023,6.8,0,24.0,17.2,8.2,27.08,0.30280649926144754,1.9564,0.3853,1.764,1.2529
2023-07-10,2023,9.0,0,25.5,16.5,18.42,29.41,0.6263175790547434,1.1436,0.1916,0.9963,0.5904
2023-07-11,2023,9.5,0,26.1,16.6,21.19,29.64,0.7149122807017544,2.1229,-1.6896,0.2907,-0.0855
2023-07-12,2023,10.6,0,29.1,18.5,30.42,30.82,0.9870214146658015,0.6662,-0.3968,0.2127,0.1078
2023-07-13,2023,15.2,0.3999999999999986,34.3,19.1,30.76,31.13,0.9881143591390942,0.8642,-0.2608,0.3852,0.1217
2023-07-14,2023,17.5,2.6999999999999993,37.1,19.6,29.1,30.44,0.9559789750328516,2.3346,-1.8742,0.3944,-0.0972
2023-07-15,2023,15.2,0.3999999999999986,38.6,23.4,27.72,29.98,0.9246164109406271,1.4005,-0.727,0.477,0.4697
2023-07-16,2023,13.2,0,38.6,25.4,26.11,29.76,0.8773521505376344,2.7674,1.8906,4.0761,4.0212
2023-07-17,2023,10.4,0,34.4,24.0,19.33,28.36,0.6815937940761636,3.1532,2.3836,5.0672,5.0642
2023-07-18,2023,11.6,0,34.5,22.9,27.94,29.17,0.9578333904696607,0.75,-0.1397,0.4014,0.4012
2023-07-19,2023,13.0,0,36.2,23.2,29.14,29.88,0.9752342704149933,1.5246,-1.1488,0.3824,0.1275
2023-07-20,2023,15.0,0.1999999999999993,36.7,21.7,19.69,29.16,0.6752400548696845,5.1481,1.0746,7.1825,7.1722
2023-07-21,2023,15.4,0.5999999999999996,36.7,21.3,27.89,29.28,0.9525273224043715,2.8241,2.0084,4.6513,4.6493
2023-07-22,2023,11.2,0,32.4,21.2,24.74,27.27,0.9072240557389072,1.3299,-0.8002,0.3634,0.1661
2023-07-23,2023,13.5,0,34.7,21.2,27.6,29.2,0.9452054794520549,2.0727,-1.6636,0.393,-0.0059
2023-07-24,2023,10.5,0,34.7,24.2,23.79,28.4,0.8376760563380282,1.9306,0.6616,1.5575,1.5493
2023-07-25,2023,10.5,0,34.1,23.6,28.86,29.57,0.97598917822117,0.5738,-0.2074,0.35,0.3474
2023-07-26,2023,13.8,0,37.6,23.8,28.53,29.36,0.9717302452316077,0.8876,-0.4266,0.5384,0.5213
2023-07-27,2023,14.7,0,38.7,24.0,25.93,28.83,0.8994103364550815,1.6736,-1.096,0.4856,0.4856
2023-07-28,2023,15.7,0.8999999999999986,38.7,23.0,13.63,27.15,0.5020257826887662,6.1963,2.9851,8.5749,8.5647
2023-07-29,2023,14.1,0,31.5,17.4,7.74,25.13,0.30799840827695985,7.1703,4.3449,10.3698,10.1466
2023-07-30,2023,10.9,0,28.3,17.4,23.15,29.55,0.7834179357021996,1.2516,-0.1774,0.3393,0.3151
2023-07-31,2023,13.5,0,32.0,18.5,27.3,28.78,0.9485753995830438,1.2416,-0.7091,0.5696,-0.0776
2023-08-01,2023,12.6,0,33.1,20.5,16.56,27.87,0.5941872981700753,2.0466,0.2534,3.1888,3.0178
2023-08-02,2023,13.0,0,33.9,20.9,26.88,27.55,0.9756805807622504,1.3885,-0.8609,0.4913,0.2927
2023-08-03,2023,11.8,0,33.9,22.1,15.42,26.98,0.5715344699777613,4.0747,2.4501,6.5765,6.5548
2023-08-04,2023,13.0,0,34.6,21.6,26.63,28.02,0.9503925767309065,1.4045,-0.7837,0.3017,0.2854
2023-08-05,2023,11.9,0,34.6,22.7,25.91,27.83,0.93100970176069,1.5272,-0.2838,1.695,1.6923
2023-08-06,2023,12.3,0,35.8,23.5,23.08,27.13,0.850718761518614,1.1007,-0.4362,1.1261,0.9665
2023-08-07,2023,12.2,0,35.8,23.6,18.93,24.87,0.761158021712907,2.3172,0.6395,3.9319,3.9181
2023-08-08,2023,16.4,1.5999999999999979,33.8,17.4,7.67,22.64,0.33878091872791516,8.6454,5.0628,13.3441,13.3279
2023-08-09,2023,12.1,0,29.5,17.4,25.29,26.44,0.9565052950075642,1.6586,-0.753,0.4285,0.0655
2023-08-10,2023,13.8,0,32.2,18.4,27.13,27.43,0.98906306963179,2.1199,-1.6067,0.4876,0.4876
2023-08-11,2023,15.2,0.3999999999999986,36.0,20.8,25.48,27.0,0.9437037037037037,1.8318,-0.4887,0.5615,0.4793
2023-08-12,2023,22.0,7.199999999999999,36.0,14.0,17.4,24.25,0.7175257731958762,5.2685,1.9412,8.7693,8.6313
2023-08-13,2023,14.9,0.09999999999999964,28.9,14.0,19.8,25.08,0.7894736842105264,3.0278,1.509,4.7118,4.6849
2023-08-14,2023,12.9,0,24.0,11.1,7.52,24.24,0.3102310231023102,5.5588,2.7218,7.9063,7.8959
2023-08-15,2023,6.4,0,17.5,11.1,9.55,24.73,0.386170642943793,0.7536,-0.3985,0.4874,0.1232
2023-08-16,2023,11.9,0,24.0,12.1,26.59,27.18,0.9782928623988226,1.3843,-0.392,0.7229,0.1943
2023-08-17,2023,14.0,0,26.5,12.5,26.35,26.76,0.9846786248131539,2.1403,-1.5951,0.5429,-0.1364
2023-08-18,2023,12.6,0,28.2,15.6,24.04,25.55,0.9409001956947162,1.6183,-0.9404,0.354,0.2915
2023-08-19,2023,13.3,0,29.7,16.4,23.03,25.33,0.9091985787603634,2.6189,-2.0463,0.1388,0.0932
2023-08-20,2023,11.4,0,31.1,19.7,25.79,26.31,0.9802356518434056,0.591,0.2101,0.7461,0.653
2023-08-21,2023,11.2,0,31.1,19.9,23.3,25.53,0.9126517822169996,1.2007,0.4296,1.9778,1.9597
2023-08-22,2023,11.4,0,31.2,19.8,25.59,26.01,0.9838523644752017,0.6992,-0.3638,0.2159,0.1917
2023-08-23,2023,11.1,0,31.2,20.1,11.33,23.82,0.47565071368597817,2.6636,1.581,3.9448,3.8547
2023-08-26,2023,14.3,0,34.5,20.2,24.38,25.3,0.9636363636363636,0.8561,-0.2213,0.5549,0.531
2023-08-27,2023,14.9,0.09999999999999964,35.2,20.3,24.89,25.13,0.9904496617588541,2.4415,-1.7935,0.1461,0.134
2023-08-28,2023,16.5,1.6999999999999993,35.2,18.7,17.74,23.03,0.7702996092053842,5.2823,2.7994,7.8773,7.8708
2023-08-29,2023,11.8,0,29.6,17.8,12.46,19.35,0.6439276485788114,5.4474,4.3645,8.135,8.1212
2023-08-30,2023,8.8,0,26.9,18.1,20.9,21.4,0.9766355140186916,0.5628,-0.2619,0.2106,0.1639
2023-08-31,2023,14.4,0,32.9,18.5,23.29,23.56,0.9885398981324278,0.5773,0.3363,0.294,0.294
2023-09-01,2023,14.4,0,32.9,18.5,22.45,23.18,0.9685073339085418,3.8961,2.7954,6.6629,6.4732
2023-09-02,2023,11.1,0,28.5,17.4,18.08,22.15,0.8162528216704289,2.0069,1.123,3.3693,3.3399
2023-09-03,2023,11.9,0,29.3,17.4,20.89,21.98,0.9504094631483166,1.31,-0.8139,0.3956,0.3773
2023-09-04,2023,14.7,0,29.3,14.6,13.78,21.24,0.6487758945386064,4.7248,0.2697,6.8635,6.4741
2023-09-05,2023,16.2,1.3999999999999986,28.0,11.8,4.63,19.91,0.23254645906579607,8.6162,6.1988,13.3288,13.2085
2023-09-06,2023,11.4,0,22.8,11.4,23.2,23.35,0.9935760171306209,1.1659,-0.5288,0.2263,0.0888
2023-09-07,2023,13.5,0,25.0,11.5,21.44,22.16,0.9675090252707582,2.3865,-1.6804,0.1694,0.0301
2023-09-08,2023,13.6,0,27.2,13.6,20.21,21.82,0.9262144821264895,1.9413,-1.1889,1.4114,1.3632
2023-09-09,2023,11.8,0,27.2,15.4,19.93,21.24,0.9383239171374765,1.0152,-0.0396,1.16,1.1354
2023-09-10,2023,12.7,0,28.4,15.7,19.22,21.32,0.9015009380863038,1.4496,-1.0564,0.2675,0.2601
2023-09-11,2023,11.2,0,28.7,17.5,15.16,20.52,0.7387914230019493,1.0925,-0.5457,0.5965,0.2628
2023-09-12,2023,13.7,0,28.7,15.0,19.08,20.47,0.93209574987787,3.7629,-1.409,2.6982,2.6982
2023-09-13,2023,15.1,0.29999999999999893,28.1,13.0,8.71,19.74,0.44123606889564343,7.1551,4.8032,9.8043,9.5982
2023-09-14,2023,7.4,0,20.3,12.9,12.69,19.72,0.6435091277890467,0.9514,0.2214,1.7993,1.7993
2023-09-15,2023,10.7,0,20.3,9.6,8.56,19.18,0.44629822732012514,4.9677,2.7108,6.6079,6.5672
2023-09-16,2023,8.4,0,18.0,9.6,16.55,20.4,0.8112745098039217,0.8278,-0.3739,0.683,0.6394
2023-09-17,2023,7.8,0,18.0,10.2,14.03,20.51,0.6840565577766942,1.0323,-0.0821,1.0822,1.0304
2023-09-18,2023,10.9,0,20.8,9.9,20.57,20.87,0.9856252994729277,0.8464,-0.3055,0.3995,0.3995
2023-09-19,2023,14.0,0,24.0,10.0,19.26,19.71,0.9771689497716896,1.2776,-0.6092,0.4663,0.465
2023-09-27,2023,12.4,0,19.3,6.9,18.61,19.17,0.9707876890975481,2.7645,-0.8245,2.4174,2.4146
2023-09-28,2023,11.5,0,19.6,8.1,18.99,19.16,0.9911273486430062,0.7354,-0.1849,0.4,0.4
2023-09-29,2023,11.5,0,19.6,8.1,17.99,18.13,0.9922779922779923,0.9986,-0.6299,0.4139,0.4136
2023-09-30,2023,10.5,0,19.8,9.3,15.66,17.16,0.9125874125874126,1.5543,-1.1561,0.3587,0.2932
2024-05-02,2024,15.2,0.3999999999999986,23.5,8.3,15.39,25.21,0.610472034906783,6.6474,4.8213,7.4028,7.3547
2024-05-03,2024,17.4,2.599999999999998,24.9,7.5,27.6,27.79,0.9931630082763585,1.9987,-1.1,0.6778,-0.4283
2024-05-04,2024,17.9,3.099999999999998,26.0,8.1,24.87,26.77,0.9290250280164364,3.3425,-2.5166,1.1804,-0.2553
2024-05-05,2024,17.9,3.099999999999998,30.4,12.5,26.49,27.26,0.9717534849596478,4.2368,-3.0225,0.2985,-0.0013
2024-05-06,2024,14.8,0,30.4,15.6,22.68,26.65,0.851031894934334,4.1426,1.1971,5.3431,5.3429
2024-05-07,2024,9.7,0,25.2,15.5,15.61,26.34,0.5926347760060744,4.3419,3.1787,6.1587,6.1076
2024-05-08,2024,12.6,0,26.3,13.7,24.76,26.79,0.9242254572601718,0.9118,-0.6178,0.2687,0.2687
2024-05-09,2024,12.8,0,26.3,13.5,29.13,29.74,0.9794889038332213,1.7587,1.0704,2.3583,2.2742
2024-05-10,2024,17.5,2.6999999999999993,31.0,13.5,29.66,30.44,0.9743758212877792,3.8255,-2.0091,0.9275,-0.2066
2024-05-11,2024,19.9,5.099999999999998,34.3,14.4,29.91,30.23,0.9894144889182931,5.8159,-4.1315,0.846,0.053
2024-05-12,2024,16.3,1.5,34.3,18.0,27.82,29.06,0.9573296627666896,5.2425,3.8987,8.132,8.1234
2024-05-13,2024,9.9,0,26.2,16.3,25.48,28.03,0.9090260435247949,1.8684,-0.3569,0.7085,0.4592
2024-05-14,2024,9.6,0,25.9,16.3,12.48,25.25,0.49425742574257425,2.2339,-0.5403,1.9809,1.9793
2024-05-15,2024,10.9,0,29.0,18.1,16.11,19.45,0.8282776349614396,1.0254,-0.5174,0.2888,0.1546
2024-05-16,2024,13.8,0,32.7,18.9,19.4,20.13,0.9637357178340785,1.4991,-0.9721,0.494,0.3361
2024-05-17,2024,15.8,1.0,32.7,16.9,19.37,26.54,0.7298417483044461,5.2609,3.3649,8.622,8.622
2024-05-18,2024,9.1,0,26.0,16.9,18.72,26.0,0.72,1.3025,0.33,0.8858,0.4177
2024-05-19,2024,11.7,0,29.4,17.7,24.19,28.03,0.8630039243667499,1.5351,-0.9375,0.1338,-0.0317
2024-05-20,2024,10.7,0,29.6,18.9,21.85,26.78,0.8159073935772965,1.4142,-0.5955,0.5299,0.5291
2024-05-21,2024,16.6,1.8000000000000007,29.6,13.0,8.4,22.93,0.3663323157435674,8.9311,6.0697,13.0015,12.9405
2024-05-22,2024,11.5,0,24.0,12.5,24.42,27.67,0.882544271774485,1.8986,-0.8061,0.3984,0.3881
2024-05-23,2024,10.5,0,24.0,13.5,21.48,26.45,0.8120982986767487,2.9692,1.3458,3.3782,3.3481
2024-05-24,2024,9.7,0,23.2,13.5,22.61,26.89,0.8408330234287839,1.4854,0.1375,0.7089,0.0962
2024-05-25,2024,11.3,0,25.0,13.7,16.67,27.36,0.6092836257309943,2.4307,-0.1523,3.757,3.6574
2024-05-26,2024,16.3,1.5,25.0,8.7,11.98,26.63,0.4498685692827638,4.234,-1.1256,1.0394,0.9268
2024-05-27,2024,16.4,1.5999999999999979,23.7,7.3,21.74,30.26,0.7184401850627891,5.0468,3.8348,7.2219,7.1749
2024-05-28,2024,16.9,2.099999999999998,24.7,7.8,31.7,32.37,0.9793018226753167,2.602,-1.7468,0.9452,-0.2994
2024-05-29,2024,13.0,0,24.7,11.7,21.36,30.41,0.7024005261427162,2.8495,0.2683,3.2009,3.1726
2024-05-30,2024,8.2,0,21.5,13.3,10.7,29.07,0.3680770553835569,2.3245,0.198,3.3974,3.093
2024-05-31,2024,9.9,0,23.2,13.3,15.85,28.23,0.5614594403117251,1.1134,-0.6867,0.1561,0.0504
2024-06-01,2024,12.3,0,26.5,14.2,24.1,29.79,0.8089963074857336,1.282,-1.0424,0.4471,-0.1302
2024-06-02,2024,10.8,0,27.5,16.7,28.47,30.78,0.9249512670565302,0.7643,-0.2835,0.3926,0.0051
2024-06-03,2024,13.3,0,27.5,14.2,20.78,29.95,0.693823038397329,5.2079,2.2649,9.1835,9.1201
2024-06-04,2024,10.8,0,24.5,13.7,18.59,31.28,0.594309462915601,3.4772,2.8495,4.307,4.2595
2024-06-05,2024,11.3,0,24.6,13.3,30.74,31.57,0.9737092176116566,0.8806,-0.4852,0.5195,-0.3155
2024-06-06,2024,12.8,0,27.3,14.5,30.46,31.35,0.9716108452950558,1.3851,-1.096,0.5287,-0.1947
2024-06-07,2024,12.7,0,29.6,16.9,25.13,30.36,0.827733860342556,1.5806,-1.0321,0.3837,0.0133
2024-06-08,2024,11.8,0,30.3,18.5,22.92,29.97,0.7647647647647648,1.4561,-1.0131,0.5364,0.0643
2024-06-09,2024,10.6,0,30.3,19.7,28.12,31.0,0.9070967741935484,0.7858,-0.4022,0.4935,0.3308
2024-06-10,2024,10.4,0,31.4,21.0,25.68,30.7,0.8364820846905537,0.7631,-0.3047,0.6457,0.6434
2024-06-11,2024,8.9,0,31.4,22.5,23.2,29.44,0.7880434782608695,0.9714,0.2099,1.3272,1.3253
2024-06-13,2024,11.2,0,29.7,18.5,17.38,28.23,0.6156571023733616,1.8547,0.7712,2.3618,2.3564
2024-06-14,2024,10.1,0,27.9,17.8,20.81,27.83,0.7477542220625225,1.6722,1.2822,2.4811,2.4664
2024-06-15,2024,8.9,0,26.5,17.6,21.02,27.56,0.762699564586357,1.5503,-0.6223,1.0209,0.3311
2024-06-17,2024,12.4,0,28.2,15.8,22.31,29.17,0.7648268769283509,1.674,0.4067,2.5544,2.5503
2024-06-18,2024,11.3,0,27.8,16.5,22.95,30.3,0.7574257425742574,1.9071,-1.3212,0.6386,0.0595
2024-06-19,2024,9.6,0,27.8,18.2,18.09,30.76,0.5881014304291287,2.116,0.7101,2.0226,1.9996
2024-06-20,2024,9.9,0,27.2,17.3,31.8,32.69,0.9727745487916795,0.4183,-0.1234,0.3716,0.3352
2024-06-21,2024,14.0,0,31.0,17.0,30.87,32.09,0.961981925833593,1.2602,-0.6893,0.5705,0.3236
2024-06-22,2024,15.1,0.29999999999999893,33.8,18.7,31.26,31.67,0.9870539943163877,1.8177,-1.3368,0.5732,-0.2316
2024-06-23,2024,13.6,0,34.5,20.9,31.07,31.53,0.9854107199492547,2.0204,-1.3013,0.6916,0.2473
2024-06-24,2024,10.6,0,34.7,24.1,28.63,31.2,0.9176282051282051,0.4964,-0.4043,0.3068,-0.0967
2024-06-25,2024,10.5,0,34.7,24.2,23.06,30.59,0.7538411245505067,1.5992,0.4169,2.4191,2.4095
2024-06-26,2024,8.3,0,32.7,24.4,19.92,28.57,0.6972348617430872,1.1292,0.5222,0.8863,0.8234
2024-06-27,2024,11.2,0,35.2,24.0,26.57,28.76,0.9238525730180807,0.9503,-0.1689,1.3201,1.0252
2024-06-28,2024,10.2,0,35.3,25.1,24.19,27.74,0.872025955299207,0.74,-0.4209,0.2778,0.2772
2024-06-29,2024,9.6,0,35.3,25.7,27.01,30.28,0.8920079260237781,0.7758,0.2996,0.9273,0.9085
2024-06-30,2024,10.6,0,34.9,24.3,15.85,29.99,0.5285095031677226,4.1262,2.7092,6.5592,6.5579
2024-07-01,2024,9.8,0,30.2,20.4,16.45,29.41,0.5593335600136008,3.5389,1.3496,4.1406,3.9492
2024-07-02,2024,12.3,0,27.1,14.8,6.4,28.79,0.22229940951719349,6.7537,3.0816,10.9725,10.9718
2024-07-03,2024,10.7,0,25.5,14.8,28.24,30.27,0.9329369012223323,1.1267,-0.56,0.3069,0.1039
2024-07-04,2024,9.5,0,26.2,16.7,26.22,30.4,0.8625,0.8444,-0.3039,0.3338,-0.1847
2024-07-05,2024,8.6,0,26.2,17.6,20.62,29.17,0.706890641069592,1.7466,0.8596,2.9145,2.7612
2024-07-06,2024,10.7,0,25.5,14.8,15.4,29.23,0.5268559698939446,3.7958,0.9162,5.5712,4.4042
2024-07-07,2024,11.9,0,26.7,14.8,27.78,29.62,0.937879810938555,1.1706,-0.5365,0.5512,-0.0572
2024-07-08,2024,14.6,0,31.1,16.5,26.18,29.99,0.8729576525508503,2.3889,-1.6327,0.356,0.3048
2024-07-09,2024,11.1,0,31.1,20.0,17.13,28.74,0.5960334029227558,3.1645,1.8613,5.6259,5.5831
2024-07-10,2024,9.6,0,29.4,19.8,23.14,28.88,0.801246537396122,1.3994,0.9875,0.9959,0.9594
2024-07-11,2024,9.7,0,29.4,19.7,17.22,29.0,0.5937931034482758,2.4069,1.6849,4.3214,4.3039
2024-07-12,2024,8.5,0,29.0,20.5,25.75,28.95,0.8894645941278065,0.8123,0.6312,0.3616,0.3147
2024-07-13,2024,12.2,0,32.3,20.1,25.34,27.96,0.9062947067238912,0.7666,-0.2571,0.1595,0.1595
2024-07-14,2024,13.3,0,34.4,21.1,29.15,30.01,0.971342885704765,1.7807,-1.2835,0.3803,-0.0828
2024-07-15,2024,14.6,0,37.1,22.5,26.24,29.49,0.8897931502204137,3.3896,-2.4463,0.2751,-0.2009
2024-07-16,2024,16.4,1.5999999999999979,37.1,20.7,25.55,29.66,0.861429534726905,4.2446,2.3769,6.6088,6.6052
2024-07-17,2024,11.9,0,31.4,19.5,22.35,29.22,0.7648870636550309,1.4606,0.7154,2.2881,2.2858
2024-07-18,2024,15.7,0.8999999999999986,32.9,17.2,23.28,28.45,0.8182776801405977,2.6229,-1.2669,1.2947,1.0877
2024-07-19,2024,16.5,1.6999999999999993,32.9,16.4,15.84,24.47,0.6473232529628117,5.7722,4.5358,8.0406,7.9444
2024-07-20,2024,12.6,0,29.1,16.5,26.24,29.02,0.9042039972432805,1.9217,-1.534,0.2884,-0.1551
2024-07-21,2024,10.4,0,29.7,19.3,22.82,27.56,0.828011611030479,1.2296,-0.1243,0.7759,0.6078
2024-07-22,2024,11.4,0,29.7,18.3,21.34,26.74,0.7980553477935677,1.4538,0.5449,1.2016,1.1539
2024-07-23,2024,13.7,0,32.4,18.7,27.7,28.77,0.9628084810566562,1.3718,-0.9829,0.1585,0.0314
2024-07-24,2024,13.6,0,34.5,20.9,26.96,28.79,0.9364362625911775,1.0169,-0.469,0.5364,0.5343
2024-07-25,2024,12.1,0,34.5,22.4,15.46,27.57,0.5607544432354008,4.3132,3.3286,6.0827,5.8611
2024-07-26,2024,12.8,0,34.6,21.8,23.82,27.98,0.8513223731236598,1.132,-0.0852,0.9291,0.8215
2024-07-27,2024,12.5,0,34.7,22.2,19.73,28.14,0.701137171286425,1.7241,-0.5606,2.0123,1.9349
2024-07-28,2024,12.1,0,36.4,24.3,26.46,28.21,0.9379652605459057,0.7197,-0.2239,0.4581,0.4535
2024-07-29,2024,11.4,0,36.4,25.0,21.18,27.45,0.7715846994535519,1.5007,0.2146,2.0437,2.0383
2024-07-30,2024,12.4,0,35.8,23.4,26.99,27.52,0.9807412790697674,1.0777,-0.1435,0.6926,0.5317
2024-08-01,2024,11.7,0,31.6,19.9,26.59,28.27,0.9405730456314114,0.5843,-0.2585,0.4885,0.1134
2024-08-02,2024,14.4,0,35.0,20.6,28.42,28.98,0.9806763285024155,1.5042,-1.0431,0.3464,0.2125
2024-08-03,2024,11.9,0,35.0,23.1,22.58,26.27,0.8595355919299581,1.1877,-0.0914,1.2113,1.1959
2024-08-04,2024,10.2,0,34.4,24.2,23.24,26.6,0.8736842105263157,0.8031,0.255,1.2769,1.0363
2024-08-05,2024,13.2,0,36.2,23.0,24.81,25.96,0.9557010785824345,1.2161,-0.7181,0.428,0.3664
2024-08-06,2024,14.4,0,36.2,21.8,15.65,26.42,0.5923542770628312,3.8335,2.8957,6.0357,5.9451
2024-08-07,2024,9.1,0,30.0,20.9,6.81,24.6,0.2768292682926829,4.1231,2.6362,6.0437,6.0383
2024-08-08,2024,10.6,0,31.1,20.5,21.57,23.6,0.9139830508474576,0.4472,0.0646,0.6327,0.4003
2024-08-09,2024,14.6,0,35.5,20.9,27.17,27.42,0.9908825674690007,2.4116,-1.3721,0.9858,0.9689
2024-08-10,2024,13.0,0,37.0,24.0,23.63,26.7,0.8850187265917603,2.2713,-0.4851,1.6778,1.4053
2024-08-11,2024,17.1,2.3000000000000007,37.0,19.9,12.47,25.76,0.484083850931677,5.5397,3.2737,7.915,7.9139
2024-08-12,2024,11.5,0,30.4,18.9,17.32,25.3,0.6845849802371542,3.2677,2.5734,3.8325,3.8323
2024-08-13,2024,11.2,0,29.7,18.5,19.23,25.62,0.7505854800936768,1.3399,0.3673,2.289,2.2452
2024-08-14,2024,13.7,0,32.6,18.9,26.51,26.83,0.9880730525531123,1.5395,-1.0574,0.3464,0.3434
2024-08-15,2024,12.0,0,32.8,20.8,23.49,25.74,0.9125874125874126,1.4344,-0.9543,0.4378,0.3884
2024-08-16,2024,13.8,0,36.2,22.4,24.16,25.34,0.9534333070244673,0.618,-0.3328,0.0768,0.0756
2024-08-17,2024,13.8,0,36.2,22.4,24.83,25.48,0.9744897959183673,2.1267,0.598,2.9201,2.9193
2024-08-18,2024,16.7,1.8999999999999986,33.7,17.0,22.2,25.1,0.8844621513944222,4.7955,-0.9579,3.42,3.3369
2024-08-19,2024,17.1,2.3000000000000007,32.1,15.0,8.05,23.18,0.34728213977566874,9.6854,7.4338,14.9201,14.9045
2024-08-20,2024,6.1,0,21.1,15.0,12.67,21.85,0.5798627002288329,0.939,-0.3918,0.2988,0.124
2024-08-21,2024,12.2,0,27.5,15.3,17.94,21.5,0.8344186046511628,1.6022,-0.6022,0.4921,0.492
2024-08-22,2024,12.2,0,29.7,17.5,22.25,23.01,0.9669708822251194,0.9014,-0.4459,0.3652,0.3358
2024-08-23,2024,12.2,0,29.9,17.7,12.89,23.32,0.5527444253859348,1.9557,-1.2895,0.9755,0.7794
2024-08-24,2024,11.2,0,31.8,20.6,19.57,22.0,0.8895454545454545,1.2827,-0.6681,0.5589,0.5364
2024-08-25,2024,11.9,0,31.8,19.9,16.58,22.08,0.7509057971014492,3.9496,2.0614,5.997,5.9352
2024-08-26,2024,8.3,0,26.5,18.2,21.24,23.42,0.9069171648163961,1.4268,-0.0062,1.8167,1.6619
2024-08-27,2024,9.8,0,27.5,17.7,15.58,22.93,0.6794592237243785,2.864,1.4831,4.6752,4.309
2024-08-28,2024,10.1,0,27.8,17.7,22.08,23.26,0.9492691315563198,1.0228,0.014,0.4214,0.2835
2024-08-29,2024,14.2,0,27.8,13.6,9.5,22.17,0.42850699142986015,5.8495,1.5993,8.185,8.0043
2024-08-30,2024,11.0,0,24.6,13.6,12.13,22.64,0.5357773851590106,2.694,1.798,4.0116,4.0107
2024-08-31,2024,10.5,0,24.7,14.2,20.7,24.18,0.8560794044665012,0.7039,-0.0921,0.4953,0.3877
2024-09-01,2024,15.1,0.29999999999999893,29.3,14.2,22.84,23.1,0.9887445887445887,1.3909,-0.7672,0.8456,0.8161
2024-09-02,2024,20.7,5.899999999999999,29.3,8.6,11.41,19.66,0.5803662258392676,6.6324,2.6453,8.4734,8.4689
2024-09-03,2024,13.5,0,22.1,8.6,12.39,22.65,0.5470198675496689,4.5839,3.3168,6.8533,6.8079
2024-09-04,2024,13.8,0,23.3,9.5,24.03,24.22,0.9921552436003304,1.5836,-0.9682,0.1832,-0.0723
2024-09-05,2024,14.2,0,26.6,12.4,22.55,23.06,0.9778837814397225,4.5495,-3.1169,0.2922,0.1396
2024-09-06,2024,10.1,0,26.6,16.5,21.7,22.04,0.984573502722323,2.7555,-0.9601,0.7289,0.6743
2024-09-07,2024,18.1,3.3000000000000007,26.6,8.5,8.0,20.79,0.3848003848003848,9.4638,5.1526,15.8983,15.8866
2024-09-08,2024,8.6,0,17.1,8.5,22.55,22.92,0.9838568935427574,0.8872,0.6074,1.431,1.4198
2024-09-09,2024,10.7,0,19.3,8.6,22.47,22.75,0.9876923076923076,0.9895,-0.5088,0.169,0.158
2024-09-10,2024,11.4,0,20.2,8.8,20.39,21.86,0.9327538883806039,1.793,-1.2856,0.4506,0.4478
2024-09-11,2024,9.9,0,20.8,10.9,18.8,20.86,0.9012464046021094,1.2686,-0.8859,0.4477,0.4024
2024-09-12,2024,7.6,0,20.8,13.2,10.47,19.3,0.5424870466321243,2.2536,1.8385,3.2747,3.2702
2024-09-13,2024,7.3,0,18.4,11.1,20.4,21.02,0.9705042816365366,1.1041,-0.0243,1.3129,1.2375
2024-09-14,2024,9.4,0,18.1,8.7,8.08,19.33,0.4180031039834455,3.7681,2.3417,5.7778,5.7683
2024-09-15,2024,11.9,0,19.5,7.6,20.97,21.28,0.9854323308270676,0.709,-0.013,0.5204,0.4142
2024-09-16,2024,13.6,0,21.2,7.6,19.53,19.78,0.987360970677452,2.1663,-1.7335,0.1838,-0.1304
2024-09-17,2024,11.7,0,22.2,10.5,19.95,20.1,0.9925373134328357,1.7005,-1.2487,0.3955,0.361
2024-09-18,2024,14.0,0,22.2,8.2,18.78,19.26,0.9750778816199377,3.9912,2.5441,6.0708,6.065
2024-09-19,2024,12.8,0,20.4,7.6,20.43,20.58,0.9927113702623908,0.9824,0.0438,0.6691,0.6516
2024-09-20,2024,16.6,1.8000000000000007,24.2,7.6,19.97,20.03,0.9970044932601098,2.9849,-2.0809,0.3975,0.3265
2024-09-21,2024,13.3,0,25.8,12.5,18.51,19.16,0.9660751565762005,2.5513,-1.1311,1.8485,1.7357
2024-09-22,2024,10.3,0,25.8,15.5,14.96,18.3,0.8174863387978142,0.7181,-0.0342,1.0573,0.9204
2024-09-23,2024,10.7,0,25.6,14.9,14.41,17.79,0.8100056211354694,1.2212,0.5748,2.2422,2.2193
2024-09-24,2024,11.8,0,26.7,14.9,16.67,18.48,0.9020562770562771,2.1919,0.5439,3.7278,3.0054
2024-09-25,2024,13.6,0,26.7,13.1,15.28,18.14,0.8423373759647188,2.425,1.0641,3.9848,3.9752
2024-09-26,2024,16.8,2.0,24.1,7.3,9.04,15.96,0.5664160401002506,7.0873,3.1406,11.0869,11.0118
2024-09-27,2024,9.1,0,12.7,3.6,4.94,17.43,0.2834193918531268,4.2453,1.7667,6.9042,6.9035
2024-09-28,2024,5.5,0,8.9,3.4,12.95,19.48,0.6647843942505133,0.828,0.47,0.8988,0.8804
2024-09-29,2024,7.4,0,11.0,3.6,18.62,19.21,0.9692868297761582,1.0169,0.0835,0.9993,0.8405
2024-09-30,2024,11.3,0,14.1,2.8,18.73,18.99,0.9863085834649816,0.6632,-0.009,0.4535,0.4506
