
$ git clone -q https://github.com/DSSAT/dssat-csm-os.git /tmp/dssat_dual_v1_s30egzz1/source

$ git -C /tmp/dssat_dual_v1_s30egzz1/source checkout -q 0b91373806786b600d89ccfcfff78fa2f82cb26b

$ git clone -q https://github.com/DSSAT/dssat-csm-data.git /tmp/dssat_dual_v1_s30egzz1/data

$ git -C /tmp/dssat_dual_v1_s30egzz1/data checkout -q 79cb5db71bbca186add92a6a9695866a09c8b51d

$ /opt/hostedtoolcache/Python/3.12.14/x64/bin/python /home/runner/work/Q/Q/research/dssat_dtr/dssat485/apply_m15_htemp_patch.py /tmp/dssat_dual_v1_s30egzz1/modified
Applied M15 patch to /tmp/dssat_dual_v1_s30egzz1/modified/Weather/HMET.for using lossless latin-1 source mapping

$ /opt/hostedtoolcache/Python/3.12.14/x64/bin/python /home/runner/work/Q/Q/research/dssat_dtr/dssat485/apply_m15_extreme_dtt_patch.py /tmp/dssat_dual_v1_s30egzz1/modified
Applied M15-XJ extreme-DTT coupling: WEATHER%TGRO -> MZ_PHENOL extreme branch

$ /opt/hostedtoolcache/Python/3.12.14/x64/bin/python /home/runner/work/Q/Q/research/dssat_dtr/dssat485/apply_joint_hourly_crop_response.py /tmp/dssat_dual_v1_s30egzz1/modified --mode prft
Routed TGRO/RADHR through 5 MZ_GROSUB calls
Applied joint hourly crop response mode=prft; runtime DSSAT_KRT=[0,1]

$ cmake -S /tmp/dssat_dual_v1_s30egzz1/source -B /tmp/dssat_dual_v1_s30egzz1/build_M0 -DCMAKE_BUILD_TYPE=RELEASE -DCMAKE_INSTALL_PREFIX=/tmp/dssat_dual_v1_s30egzz1/run_M0
CMake Deprecation Warning at CMakeLists.txt:7 (CMAKE_MINIMUM_REQUIRED):
  Compatibility with CMake < 3.10 will be removed from a future version of
  CMake.

  Update the VERSION argument <min> value.  Or, use the <min>...<max> syntax
  to tell CMake that the project requires at least <min> but has been updated
  to work with policies introduced by <max> or earlier.


-- The Fortran compiler identification is GNU 13.3.0
-- Detecting Fortran compiler ABI info
-- Detecting Fortran compiler ABI info - done
-- Check for working Fortran compiler: /usr/bin/f95 - skipped
-- MAJOR: 4 MINOR: 8 MODEL: 5 BUILD: 0 COMMIT: 0b913738
-- BRANCH: HEAD
-- COMMIT: 0b91373806786b600d89ccfcfff78fa2f82cb26b
-- Flags
   FFLAGS        -fd-lines-as-comments -fbounds-check -ffixed-line-length-none -ffree-line-length-none -finit-character=32 -cpp -ffpe-trap=invalid,zero,overflow
   RELEASE      -O3 -funroll-loops -finline-functions
   DEBUG        -g -Og -Wall -fbacktrace -fcheck=bounds
   LINKER        -static -static-libgcc -static-libgfortran
-- Build Info
   BUILD TYPE   RELEASE
   VERSION      4.8.5.0
   I. PREFIX    /tmp/dssat_dual_v1_s30egzz1/run_M0
   Executable   dscsm048
-- Configuring done (11.0s)
-- Generating done (0.1s)
-- Build files have been written to: /tmp/dssat_dual_v1_s30egzz1/build_M0

$ cmake --build /tmp/dssat_dual_v1_s30egzz1/build_M0 --parallel 2
[  0%] Building Fortran object CMakeFiles/dscsm048.dir/Utilities/CSMVersion.for.o
[  0%] Building Fortran object CMakeFiles/dscsm048.dir/Utilities/OSDefsLINUX.for.o
[  0%] Building Fortran object CMakeFiles/dscsm048.dir/Plant/CERES-Wheat_Barley/CER_First_Trans_m.for.o
[  1%] Building Fortran object CMakeFiles/dscsm048.dir/Plant/CROPSIM/CRP_First_Trans_m.for.o
[  1%] Building Fortran object CMakeFiles/dscsm048.dir/Plant/CSYCA-Cassava/YCA_Albedo_Check_m.f90.o
f951: Warning: ‘-fd-lines-as-comments’ has no effect in free form
[  1%] Building Fortran object CMakeFiles/dscsm048.dir/Plant/CSYCA-Cassava/YCA_Control_Environment.f90.o
f951: Warning: ‘-fd-lines-as-comments’ has no effect in free form
[  1%] Building Fortran object CMakeFiles/dscsm048.dir/Plant/CSYCA-Cassava/YCA_Node.f90.o
f951: Warning: ‘-fd-lines-as-comments’ has no effect in free form
[  1%] Building Fortran object CMakeFiles/dscsm048.dir/Plant/CSYCA-Cassava/YCA_Formats_m.f90.o
f951: Warning: ‘-fd-lines-as-comments’ has no effect in free form
[  1%] Building Fortran object CMakeFiles/dscsm048.dir/Plant/NTEF/TF_module.f90.o
f951: Warning: ‘-fd-lines-as-comments’ has no effect in free form
[  1%] Building Fortran object CMakeFiles/dscsm048.dir/Plant/NWHEAT/WH_module.f90.o
f951: Warning: ‘-fd-lines-as-comments’ has no effect in free form
[  2%] Building Fortran object CMakeFiles/dscsm048.dir/Utilities/CsvOuts/csvlinklist.f90.o
f951: Warning: ‘-fd-lines-as-comments’ has no effect in free form
[  2%] Building Fortran object CMakeFiles/dscsm048.dir/Soil/GHG/Methmod.for.o
[  2%] Building Fortran object CMakeFiles/dscsm048.dir/Utilities/CheckRunMode.f90.o
f951: Warning: ‘-fd-lines-as-comments’ has no effect in free form
[  2%] Building Fortran object CMakeFiles/dscsm048.dir/Utilities/CSDISEASE.for.o
[  2%] Building Fortran object CMakeFiles/dscsm048.dir/InputModule/INSTGE.for.o
[  2%] Building Fortran object CMakeFiles/dscsm048.dir/InputModule/INVAR.for.o
[  2%] Building Fortran object CMakeFiles/dscsm048.dir/InputModule/IPECO.for.o
[  3%] Building Fortran object CMakeFiles/dscsm048.dir/InputModule/IPVAR.for.o
[  3%] Building Fortran object CMakeFiles/dscsm048.dir/InputModule/WEATHR_Inp.for.o
[  3%] Building Fortran object CMakeFiles/dscsm048.dir/InputModule/WTHSET.for.o
[  3%] Building Fortran object CMakeFiles/dscsm048.dir/InputModule/SECROP.for.o
[  3%] Building Fortran object CMakeFiles/dscsm048.dir/InputModule/SEFLD.for.o
[  3%] Building Fortran object CMakeFiles/dscsm048.dir/InputModule/SEFREQ.for.o
[  3%] Building Fortran object CMakeFiles/dscsm048.dir/InputModule/SEPEST.for.o
[  3%] Building Fortran object CMakeFiles/dscsm048.dir/InputModule/SEPLT.for.o
/tmp/dssat_dual_v1_s30egzz1/source/InputModule/SEPEST.for:66:15:

   66 |           PAUSE
      |               1
Warning: Deleted feature: PAUSE statement at (1)
[  3%] Building Fortran object CMakeFiles/dscsm048.dir/InputModule/SESIM.for.o
/tmp/dssat_dual_v1_s30egzz1/source/InputModule/SESIM.for:168:15:

  168 |           PAUSE
      |               1
Warning: Deleted feature: PAUSE statement at (1)
[  3%] Building Fortran object CMakeFiles/dscsm048.dir/InputModule/SETIME.for.o
[  3%] Building Fortran object CMakeFiles/dscsm048.dir/InputModule/SEVAR.for.o
[  3%] Building Fortran object CMakeFiles/dscsm048.dir/Plant/AROIDS/TR_Ipcrop.for.o
[  3%] Building Fortran object CMakeFiles/dscsm048.dir/Plant/AROIDS/TR_Transpl_p.for.o
[  3%] Building Fortran object CMakeFiles/dscsm048.dir/Plant/CASUPRO-Sugarcane/CSP_INCOMP_OUT.for.o
[  3%] Building Fortran object CMakeFiles/dscsm048.dir/Plant/CERES-IXIM-Maize/MZ_IX_RADABS.for.o
[  3%] Building Fortran object CMakeFiles/dscsm048.dir/Plant/CERES-Millet/ML_NFACT.for.o
[  4%] Building Fortran object CMakeFiles/dscsm048.dir/Plant/CERES-Rice/RI_GNURSE.for.o
[  4%] Building Fortran object CMakeFiles/dscsm048.dir/Plant/CERES-Rice/RI_Ipcrop.for.o
[  4%] Building Fortran object CMakeFiles/dscsm048.dir/Plant/CERES-TEFF/TEFF_Ipcrop.for.o
[  4%] Building Fortran object CMakeFiles/dscsm048.dir/Plant/CROPGRO/FREEZE.for.o
[  4%] Building Fortran object CMakeFiles/dscsm048.dir/Plant/CROPGRO/SDCOMP.for.o
[  4%] Building Fortran object CMakeFiles/dscsm048.dir/Plant/FORAGE/for_ipparm.for.o
[  4%] Building Fortran object CMakeFiles/dscsm048.dir/Plant/FORAGE/for_lindm.for.o
[  4%] Building Fortran object CMakeFiles/dscsm048.dir/Plant/FORAGE/for_sdcomp.for.o
[  4%] Building Fortran object CMakeFiles/dscsm048.dir/Plant/NTEF/TF_NUPTAK.for.o
[  4%] Building Fortran object CMakeFiles/dscsm048.dir/Plant/NTEF/TF_ROOTS.for.o
[  4%] Building Fortran object CMakeFiles/dscsm048.dir/Plant/SAMUCA-Sugarcane/SC_admit1.f90.o
[  4%] Building Fortran object CMakeFiles/dscsm048.dir/Plant/SAMUCA-Sugarcane/SC_functions.f90.o
f951: Warning: ‘-fd-lines-as-comments’ has no effect in free form
f951: Warning: ‘-fd-lines-as-comments’ has no effect in free form
[  4%] Building Fortran object CMakeFiles/dscsm048.dir/Plant/SAMUCA-Sugarcane/SC_PGS.f90.o
f951: Warning: ‘-fd-lines-as-comments’ has no effect in free form
[  4%] Building Fortran object CMakeFiles/dscsm048.dir/Plant/SAMUCA-Sugarcane/SC_rld.f90.o
f951: Warning: ‘-fd-lines-as-comments’ has no effect in free form
[  4%] Building Fortran object CMakeFiles/dscsm048.dir/Plant/SAMUCA-Sugarcane/SC_rm_file.f90.o
f951: Warning: ‘-fd-lines-as-comments’ has no effect in free form
[  5%] Building Fortran object CMakeFiles/dscsm048.dir/Plant/SAMUCA-Sugarcane/SC_root_profile.f90.o
f951: Warning: ‘-fd-lines-as-comments’ has no effect in free form
/tmp/dssat_dual_v1_s30egzz1/source/Plant/SAMUCA-Sugarcane/SC_root_profile.f90:76:20:

   76 |     do sl = nsublay, aint(initcropdepth+1.d0), -1
      |                    1
Warning: Deleted feature: End expression in DO loop at (1) must be integer
/tmp/dssat_dual_v1_s30egzz1/source/Plant/SAMUCA-Sugarcane/SC_root_profile.f90:89:21:

   89 |             srl_prof(aint(initcropdepth) + 1 - sl) = srlmax
      |                     1
Warning: Legacy Extension: REAL array index at (1)
/tmp/dssat_dual_v1_s30egzz1/source/Plant/SAMUCA-Sugarcane/SC_root_profile.f90:92:21:

   92 |             srl_prof(aint(initcropdepth) + 1 - sl) = srlmin
      |                     1
Warning: Legacy Extension: REAL array index at (1)
/tmp/dssat_dual_v1_s30egzz1/source/Plant/SAMUCA-Sugarcane/SC_root_profile.f90:100:21:

  100 |             srl_prof((aint(initcropdepth) + 1 + n_below_idepth) - sl) = srlmax
      |                     1
Warning: Legacy Extension: REAL array index at (1)
/tmp/dssat_dual_v1_s30egzz1/source/Plant/SAMUCA-Sugarcane/SC_root_profile.f90:103:21:

  103 |             srl_prof((aint(initcropdepth) + 1 + n_below_idepth) - sl) = srlmin
      |                     1
Warning: Legacy Extension: REAL array index at (1)
/tmp/dssat_dual_v1_s30egzz1/source/Plant/SAMUCA-Sugarcane/SC_root_profile.f90:118:18:

  118 |     do sub_sl = 1, aint(effective_rd)
      |                  1
Warning: Deleted feature: End expression in DO loop at (1) must be integer
[  5%] Building Fortran object CMakeFiles/dscsm048.dir/Plant/SAMUCA-Sugarcane/SC_substrates_balance.f90.o
f951: Warning: ‘-fd-lines-as-comments’ has no effect in free form
[  5%] Building Fortran object CMakeFiles/dscsm048.dir/Plant/SAMUCA-Sugarcane/SC_sucrose_content.f90.o
f951: Warning: ‘-fd-lines-as-comments’ has no effect in free form
[  6%] Building Fortran object CMakeFiles/dscsm048.dir/Plant/SAMUCA-Sugarcane/SC_TOTASS_SAM.f90.o
f951: Warning: ‘-fd-lines-as-comments’ has no effect in free form
[  6%] Building Fortran object CMakeFiles/dscsm048.dir/Plant/SAMUCA-Sugarcane/SC_water_stress_sugarcane.f90.o
f951: Warning: ‘-fd-lines-as-comments’ has no effect in free form
[  6%] Building Fortran object CMakeFiles/dscsm048.dir/Plant/SUBSTOR-Potato/PT_NFACTO.for.o
[  6%] Building Fortran object CMakeFiles/dscsm048.dir/Plant/SUBSTOR-Potato/PT_PHASEI.for.o
[  7%] Building Fortran object CMakeFiles/dscsm048.dir/Soil/CENTURY_OrganicMatter/EFLOW_C.for.o
[  7%] Building Fortran object CMakeFiles/dscsm048.dir/Soil/SoilUtilities/TextureClass.for.o
[  7%] Building Fortran object CMakeFiles/dscsm048.dir/Weather/SOLAR.for.o
[  7%] Building Fortran object CMakeFiles/dscsm048.dir/Utilities/CSREADS.for.o
[  7%] Building Fortran object CMakeFiles/dscsm048.dir/Utilities/CSUTS.for.o
[  7%] Building Fortran object CMakeFiles/dscsm048.dir/Utilities/ModuleDefs.for.o
[  7%] Building Fortran object CMakeFiles/dscsm048.dir/Plant/CSYCA-Cassava/YCA_First_Trans_m.f90.o
f951: Warning: ‘-fd-lines-as-comments’ has no effect in free form
[  7%] Building Fortran object CMakeFiles/dscsm048.dir/Utilities/CsvOuts/csvoutput.f90.o
f951: Warning: ‘-fd-lines-as-comments’ has no effect in free form
[  7%] Building Fortran object CMakeFiles/dscsm048.dir/Plant/CSYCA-Cassava/YCA_Growth_VPD.f90.o
f951: Warning: ‘-fd-lines-as-comments’ has no effect in free form
/tmp/dssat_dual_v1_s30egzz1/source/Plant/CSYCA-Cassava/YCA_Growth_VPD.f90:43:12:

   43 |         SAVE
      |            1
Warning: Legacy Extension: Blanket SAVE statement at (1) follows previous SAVE statement
/tmp/dssat_dual_v1_s30egzz1/source/Plant/CSYCA-Cassava/YCA_Growth_VPD.f90:125:12:

  125 |         SAVE
      |            1
Warning: Legacy Extension: Blanket SAVE statement at (1) follows previous SAVE statement
[  7%] Building Fortran object CMakeFiles/dscsm048.dir/Plant/CSYCA-Cassava/YCA_Control_Plant.f90.o
f951: Warning: ‘-fd-lines-as-comments’ has no effect in free form
[  7%] Building Fortran object CMakeFiles/dscsm048.dir/Plant/SAMUCA-Sugarcane/SC_SAM_ModuleDefs.f90.o
f951: Warning: ‘-fd-lines-as-comments’ has no effect in free form
[  7%] Building Fortran object CMakeFiles/dscsm048.dir/Soil/SoilUtilities/IPSOIL.for.o
[  7%] Building Fortran object CMakeFiles/dscsm048.dir/Soil/SoilUtilities/SoilMixing.for.o
[  8%] Building Fortran object CMakeFiles/dscsm048.dir/Soil/SoilUtilities/SoilPBalSum.for.o
[  9%] Building Fortran object CMakeFiles/dscsm048.dir/Weather/ModForecast.f90.o
f951: Warning: ‘-fd-lines-as-comments’ has no effect in free form
[  9%] Building Fortran object CMakeFiles/dscsm048.dir/Utilities/DATES.for.o
[  9%] Building Fortran object CMakeFiles/dscsm048.dir/Utilities/ERROR.for.o
[  9%] Building Fortran object CMakeFiles/dscsm048.dir/Utilities/IPIBS.for.o
[  9%] Building Fortran object CMakeFiles/dscsm048.dir/Utilities/OPGeneric.for.o
[  9%] Building Fortran object CMakeFiles/dscsm048.dir/Utilities/READS.for.o
[  9%] Building Fortran object CMakeFiles/dscsm048.dir/Utilities/RunList.for.o
[  9%] Building Fortran object CMakeFiles/dscsm048.dir/Utilities/UTILS.for.o
/tmp/dssat_dual_v1_s30egzz1/source/Utilities/UTILS.for:136:30:

  136 |       IF (NDECML) 400,1200,900
      |                              1
Warning: Fortran 2018 deleted feature: Arithmetic IF statement at (1)
/tmp/dssat_dual_v1_s30egzz1/source/Utilities/UTILS.for:149:29:

  149 |       IF (NDECML) 700,800,900
      |                             1
Warning: Fortran 2018 deleted feature: Arithmetic IF statement at (1)
[  9%] Building Fortran object CMakeFiles/dscsm048.dir/InputModule/input_sub.for.o
[  9%] Building Fortran object CMakeFiles/dscsm048.dir/InputModule/INSOIL.for.o
[ 10%] Building Fortran object CMakeFiles/dscsm048.dir/InputModule/INTRO.for.o
[ 10%] Building Fortran object CMakeFiles/dscsm048.dir/InputModule/IPCHEM.for.o
[ 10%] Building Fortran object CMakeFiles/dscsm048.dir/InputModule/IPENV.for.o
[ 11%] Building Fortran object CMakeFiles/dscsm048.dir/InputModule/IPMAN.for.o
[ 11%] Building Fortran object CMakeFiles/dscsm048.dir/InputModule/IPSLIN.for.o
[ 11%] Building Fortran object CMakeFiles/dscsm048.dir/InputModule/IPSOIL_Inp.for.o
[ 11%] Building Fortran object CMakeFiles/dscsm048.dir/InputModule/IPTILL.for.o
[ 11%] Building Fortran object CMakeFiles/dscsm048.dir/InputModule/MAKEFILEW.f90.o
f951: Warning: ‘-fd-lines-as-comments’ has no effect in free form
[ 11%] Building Fortran object CMakeFiles/dscsm048.dir/InputModule/OPGEN.for.o
[ 11%] Building Fortran object CMakeFiles/dscsm048.dir/InputModule/OPTEMPXY2K.for.o
[ 11%] Building Fortran object CMakeFiles/dscsm048.dir/InputModule/optempy2k.for.o
[ 12%] Building Fortran object CMakeFiles/dscsm048.dir/InputModule/PATH.for.o
[ 12%] Building Fortran object CMakeFiles/dscsm048.dir/InputModule/SECLI.for.o
[ 13%] Building Fortran object CMakeFiles/dscsm048.dir/InputModule/SEFERT.for.o
[ 13%] Building Fortran object CMakeFiles/dscsm048.dir/InputModule/SEHARV.for.o
/tmp/dssat_dual_v1_s30egzz1/source/InputModule/SEHARV.for:168:15:

  168 |           PAUSE
      |               1
Warning: Deleted feature: PAUSE statement at (1)
[ 13%] Building Fortran object CMakeFiles/dscsm048.dir/InputModule/SEINIT.for.o
[ 14%] Building Fortran object CMakeFiles/dscsm048.dir/InputModule/SEIRR.for.o
[ 14%] Building Fortran object CMakeFiles/dscsm048.dir/InputModule/SENS.for.o
/tmp/dssat_dual_v1_s30egzz1/source/InputModule/SENS.for:321:15:

  321 |           PAUSE
      |               1
Warning: Deleted feature: PAUSE statement at (1)
[ 14%] Building Fortran object CMakeFiles/dscsm048.dir/InputModule/SERES.for.o
/tmp/dssat_dual_v1_s30egzz1/source/InputModule/SERES.for:115:13:

  115 |           PAUSE
      |                    1
Warning: Deleted feature: PAUSE statement at (1)
[ 15%] Building Fortran object CMakeFiles/dscsm048.dir/InputModule/SESOIL.for.o
[ 15%] Building Fortran object CMakeFiles/dscsm048.dir/InputModule/SEWTH.for.o
/tmp/dssat_dual_v1_s30egzz1/source/InputModule/SEWTH.for:297:58:

  297 |            PAUSE "Enter to continue list of weather files"
      |                                                          1
Warning: Deleted feature: PAUSE statement at (1)
[ 15%] Building Fortran object CMakeFiles/dscsm048.dir/Management/AUTHAR.for.o
[ 16%] Building Fortran object CMakeFiles/dscsm048.dir/Management/AUTPLT.for.o
[ 16%] Building Fortran object CMakeFiles/dscsm048.dir/Management/CHEMICAL.for.o
[ 16%] Building Fortran object CMakeFiles/dscsm048.dir/Management/Flood_Irrig.for.o
[ 16%] Building Fortran object CMakeFiles/dscsm048.dir/Management/IRRIG.for.o
/tmp/dssat_dual_v1_s30egzz1/source/Management/IRRIG.for:290:30:

  290 |         IF (ABS(AVWATI(i) - -99.) < 1.E-3) THEN
      |                              1
Warning: Extension: Unary operator following arithmetic operator (use parentheses) at (1)
[ 16%] Building Fortran object CMakeFiles/dscsm048.dir/Management/OpFlood.for.o
[ 16%] Building Fortran object CMakeFiles/dscsm048.dir/Management/Paddy_Mgmt.for.o
[ 16%] Building Fortran object CMakeFiles/dscsm048.dir/Management/Tillage.for.o
[ 17%] Building Fortran object CMakeFiles/dscsm048.dir/Management/TillEvent.for.o
[ 17%] Building Fortran object CMakeFiles/dscsm048.dir/Plant/plant.for.o
[ 17%] Building Fortran object CMakeFiles/dscsm048.dir/Plant/ALOHA-Pineapple/Aloha_NFACTO.for.o
[ 18%] Building Fortran object CMakeFiles/dscsm048.dir/Plant/ALOHA-Pineapple/Aloha_NUPTAK.for.o
[ 19%] Building Fortran object CMakeFiles/dscsm048.dir/Plant/AROIDS/TR_Calcshk.for.o
[ 19%] Building Fortran object CMakeFiles/dscsm048.dir/Plant/AROIDS/TR_Grosub.for.o
[ 19%] Building Fortran object CMakeFiles/dscsm048.dir/Plant/AROIDS/TR_Nfacto.for.o
[ 19%] Building Fortran object CMakeFiles/dscsm048.dir/Plant/AROIDS/TR_Nuptak.for.o
[ 20%] Building Fortran object CMakeFiles/dscsm048.dir/Plant/AROIDS/TR_OPGROW.for.o
[ 20%] Building Fortran object CMakeFiles/dscsm048.dir/Plant/AROIDS/TR_Opharv.for.o
[ 20%] Building Fortran object CMakeFiles/dscsm048.dir/Plant/AROIDS/TR_Phenol.for.o
[ 20%] Building Fortran object CMakeFiles/dscsm048.dir/Plant/AROIDS/TR_Rootgr.for.o
[ 20%] Building Fortran object CMakeFiles/dscsm048.dir/Plant/AROIDS/TR_SUBSTOR.for.o
[ 20%] Building Fortran object CMakeFiles/dscsm048.dir/Plant/AROIDS/TR_Tillsub.for.o
[ 21%] Building Fortran object CMakeFiles/dscsm048.dir/Plant/AROIDS/TR_Transpl_g.for.o
[ 22%] Building Fortran object CMakeFiles/dscsm048.dir/Plant/CANEGRO-Sugarcane/SC_UM_WSTRESS.for.o
/tmp/dssat_dual_v1_s30egzz1/source/Plant/CANEGRO-Sugarcane/SC_UM_WSTRESS.for:392:34:

  392 |             D_STDAYC = STDAYC * -1.0
      |                                  1
Warning: Extension: Unary operator following arithmetic operator (use parentheses) at (1)
[ 22%] Building Fortran object CMakeFiles/dscsm048.dir/Plant/CASUPRO-Sugarcane/CSP_CANOPY.for.o
[ 22%] Building Fortran object CMakeFiles/dscsm048.dir/Plant/CASUPRO-Sugarcane/CSP_CASUPRO.for.o
[ 23%] Building Fortran object CMakeFiles/dscsm048.dir/Plant/CASUPRO-Sugarcane/CSP_DEMAND.for.o
[ 23%] Building Fortran object CMakeFiles/dscsm048.dir/Plant/CASUPRO-Sugarcane/CSP_GROW_CANE.for.o
[ 23%] Building Fortran object CMakeFiles/dscsm048.dir/Plant/CASUPRO-Sugarcane/CSP_HRes.for.o
/tmp/dssat_dual_v1_s30egzz1/source/Plant/CASUPRO-Sugarcane/CSP_GROW_CANE.for:1126:25:

 1126 |      &      ADVANCE="NO"),
      |                         1
Warning: Legacy Extension: Comma before i/o item list at (1)
/tmp/dssat_dual_v1_s30egzz1/source/Plant/CASUPRO-Sugarcane/CSP_GROW_CANE.for:1419:25:

 1419 |      &      ADVANCE="NO"),
      |                         1
Warning: Legacy Extension: Comma before i/o item list at (1)
[ 23%] Building Fortran object CMakeFiles/dscsm048.dir/Plant/CASUPRO-Sugarcane/CSP_INCOMP.for.o
[ 24%] Building Fortran object CMakeFiles/dscsm048.dir/Plant/CASUPRO-Sugarcane/CSP_INPHENOL.for.o
[ 24%] Building Fortran object CMakeFiles/dscsm048.dir/Plant/CASUPRO-Sugarcane/CSP_IPPHENOL.for.o
[ 24%] Building Fortran object CMakeFiles/dscsm048.dir/Plant/CASUPRO-Sugarcane/CSP_IPPLNT.for.o
[ 24%] Building Fortran object CMakeFiles/dscsm048.dir/Plant/CASUPRO-Sugarcane/CSP_MOBIL.for.o
[ 24%] Building Fortran object CMakeFiles/dscsm048.dir/Plant/CASUPRO-Sugarcane/CSP_NUPTAK.for.o
[ 24%] Building Fortran object CMakeFiles/dscsm048.dir/Plant/CASUPRO-Sugarcane/CSP_OPGROW.for.o
[ 25%] Building Fortran object CMakeFiles/dscsm048.dir/Plant/CASUPRO-Sugarcane/CSP_OPHARV.for.o
/tmp/dssat_dual_v1_s30egzz1/source/Plant/CASUPRO-Sugarcane/CSP_OPGROW.for:1072:60:

 1072 |                 WRITE(PSLUN,'(1X,I4,1X,I3,4(1X,I5),1X,I6,12(1X,I7))'),
      |                                                                          1
Warning: Legacy Extension: Comma before i/o item list at (1)
[ 25%] Building Fortran object CMakeFiles/dscsm048.dir/Plant/CASUPRO-Sugarcane/CSP_PHENOL.for.o
/tmp/dssat_dual_v1_s30egzz1/source/Plant/CASUPRO-Sugarcane/CSP_PHENOL.for:1081:52:

 1081 |      &      1X,F5.2,1X,F6.1,1X,F5.1)', ADVANCE="NO"),
      |                                                    1
Warning: Legacy Extension: Comma before i/o item list at (1)
[ 25%] Building Fortran object CMakeFiles/dscsm048.dir/Plant/CASUPRO-Sugarcane/CSP_PHOTO.for.o
/tmp/dssat_dual_v1_s30egzz1/source/Plant/CASUPRO-Sugarcane/CSP_PHOTO.for:888:21:

  888 |      &  ADVANCE="NO"),
      |                     1
Warning: Legacy Extension: Comma before i/o item list at (1)
[ 25%] Building Fortran object CMakeFiles/dscsm048.dir/Plant/CASUPRO-Sugarcane/CSP_RESPIR.for.o
[ 25%] Building Fortran object CMakeFiles/dscsm048.dir/Plant/CASUPRO-Sugarcane/CSP_ROOTS.for.o
[ 26%] Building Fortran object CMakeFiles/dscsm048.dir/Plant/CASUPRO-Sugarcane/CSP_SENES.for.o
/tmp/dssat_dual_v1_s30egzz1/source/Plant/CASUPRO-Sugarcane/CSP_SENES.for:584:25:

  584 |      &      ADVANCE="NO"),
      |                         1
Warning: Legacy Extension: Comma before i/o item list at (1)
[ 26%] Building Fortran object CMakeFiles/dscsm048.dir/Plant/CASUPRO-Sugarcane/CSP_VEGGR.for.o
[ 26%] Building Fortran object CMakeFiles/dscsm048.dir/Plant/CERES-IXIM-Maize/MZ_IX_KNUMBER.for.o
[ 26%] Building Fortran object CMakeFiles/dscsm048.dir/Plant/CERES-IXIM-Maize/MZ_IX_LEAFAREA.for.o
[ 26%] Building Fortran object CMakeFiles/dscsm048.dir/Plant/CERES-IXIM-Maize/MZ_IX_NUPTAK.for.o
[ 27%] Building Fortran object CMakeFiles/dscsm048.dir/Plant/CERES-IXIM-Maize/MZ_IX_PHENOL.for.o
[ 27%] Building Fortran object CMakeFiles/dscsm048.dir/Plant/CERES-IXIM-Maize/MZ_IX_PHOTSYNT.for.o
[ 27%] Building Fortran object CMakeFiles/dscsm048.dir/Plant/CERES-IXIM-Maize/MZ_IX_PLANTG.for.o
[ 27%] Building Fortran object CMakeFiles/dscsm048.dir/Plant/CERES-IXIM-Maize/MZ_IX_RESPIR.for.o
[ 28%] Building Fortran object CMakeFiles/dscsm048.dir/Plant/CERES-Maize/MZ_CERES.for.o
[ 28%] Building Fortran object CMakeFiles/dscsm048.dir/Plant/CERES-Maize/MZ_KUPTAK.for.o
[ 28%] Building Fortran object CMakeFiles/dscsm048.dir/Plant/CERES-Maize/MZ_NFACTO.for.o
[ 28%] Building Fortran object CMakeFiles/dscsm048.dir/Plant/CERES-Maize/MZ_NUPTAK.for.o
[ 28%] Building Fortran object CMakeFiles/dscsm048.dir/Plant/CERES-Maize/MZ_OPHARV.for.o
[ 28%] Building Fortran object CMakeFiles/dscsm048.dir/Plant/CERES-Maize/MZ_PHENOL.for.o
[ 28%] Building Fortran object CMakeFiles/dscsm048.dir/Plant/CERES-Maize/MZ_ROOTS.for.o
[ 28%] Building Fortran object CMakeFiles/dscsm048.dir/Plant/CERES-Millet/ML_CERES.for.o
[ 28%] Building Fortran object CMakeFiles/dscsm048.dir/Plant/CERES-Millet/ML_NUPTAK.for.o
[ 28%] Building Fortran object CMakeFiles/dscsm048.dir/Plant/CERES-Millet/ML_opharv.for.o
[ 29%] Building Fortran object CMakeFiles/dscsm048.dir/Plant/CERES-Millet/ML_PHASEI.for.o
[ 29%] Building Fortran object CMakeFiles/dscsm048.dir/Plant/CERES-Millet/ML_PHENOL.for.o
[ 29%] Building Fortran object CMakeFiles/dscsm048.dir/Plant/CERES-Millet/ML_rootgr.for.o
[ 29%] Building Fortran object CMakeFiles/dscsm048.dir/Plant/CERES-Millet/ML_TILLSUB.for.o
[ 29%] Building Fortran object CMakeFiles/dscsm048.dir/Plant/CERES-Rice/RICE.for.o
[ 29%] Building Fortran object CMakeFiles/dscsm048.dir/Plant/CERES-Rice/RI_Calcshk.for.o
[ 29%] Building Fortran object CMakeFiles/dscsm048.dir/Plant/CERES-Rice/RI_KUPTAK.for.o
[ 29%] Building Fortran object CMakeFiles/dscsm048.dir/Plant/CERES-Rice/RI_Nfacto.for.o
[ 30%] Building Fortran object CMakeFiles/dscsm048.dir/Plant/CERES-Rice/RI_Nuptak.for.o
[ 30%] Building Fortran object CMakeFiles/dscsm048.dir/Plant/CERES-Rice/RI_Opharv.for.o
[ 30%] Building Fortran object CMakeFiles/dscsm048.dir/Plant/CERES-Rice/RI_Phenol.for.o
[ 30%] Building Fortran object CMakeFiles/dscsm048.dir/Plant/CERES-Rice/RI_Rootgr.for.o
[ 31%] Building Fortran object CMakeFiles/dscsm048.dir/Plant/CERES-Rice/RI_Tillsub.for.o
[ 31%] Building Fortran object CMakeFiles/dscsm048.dir/Plant/CERES-Rice/RI_Transpl_g.for.o
[ 31%] Building Fortran object CMakeFiles/dscsm048.dir/Plant/CERES-Rice/RI_Transpl_p.for.o
[ 31%] Building Fortran object CMakeFiles/dscsm048.dir/Plant/CERES-TEFF/TEFF.for.o
[ 32%] Building Fortran object CMakeFiles/dscsm048.dir/Plant/CERES-TEFF/TEFF_KUPTAK.for.o
[ 32%] Building Fortran object CMakeFiles/dscsm048.dir/Plant/CERES-TEFF/TEFF_Nfacto.for.o
[ 32%] Building Fortran object CMakeFiles/dscsm048.dir/Plant/CERES-TEFF/TEFF_Nuptak.for.o
[ 32%] Building Fortran object CMakeFiles/dscsm048.dir/Plant/CERES-TEFF/TEFF_Opharv.for.o
[ 33%] Building Fortran object CMakeFiles/dscsm048.dir/Plant/CERES-TEFF/TEFF_Phenol.for.o
[ 33%] Building Fortran object CMakeFiles/dscsm048.dir/Plant/CERES-TEFF/TEFF_Rootgr.for.o
[ 33%] Building Fortran object CMakeFiles/dscsm048.dir/Plant/CERES-TEFF/TEFF_Tillsub.for.o
[ 33%] Building Fortran object CMakeFiles/dscsm048.dir/Plant/CERES-TEFF/TEFF_Transpl_g.for.o
[ 33%] Building Fortran object CMakeFiles/dscsm048.dir/Plant/CERES-TEFF/TEFF_Transpl_p.for.o
[ 33%] Building Fortran object CMakeFiles/dscsm048.dir/Plant/CERES-Sorghum/SG_CERES.for.o
[ 33%] Building Fortran object CMakeFiles/dscsm048.dir/Plant/CERES-Sorghum/SG_NFACT.for.o
[ 33%] Building Fortran object CMakeFiles/dscsm048.dir/Plant/CERES-Sorghum/SG_NUPTAK.for.o
[ 34%] Building Fortran object CMakeFiles/dscsm048.dir/Plant/CERES-Sorghum/SG_OPHARV.for.o
[ 34%] Building Fortran object CMakeFiles/dscsm048.dir/Plant/CERES-Sorghum/SG_PHASEI.for.o
[ 34%] Building Fortran object CMakeFiles/dscsm048.dir/Plant/CERES-Sorghum/SG_PHENOL.for.o
[ 34%] Building Fortran object CMakeFiles/dscsm048.dir/Plant/CERES-Sorghum/SG_ROOTGR.for.o
[ 34%] Building Fortran object CMakeFiles/dscsm048.dir/Plant/CERES-Sugarbeet/BS_CERES.for.o
[ 34%] Building Fortran object CMakeFiles/dscsm048.dir/Plant/CERES-Sugarbeet/BS_NFACTO.for.o
[ 34%] Building Fortran object CMakeFiles/dscsm048.dir/Plant/CERES-Sugarbeet/BS_NUPTAK.for.o
[ 34%] Building Fortran object CMakeFiles/dscsm048.dir/Plant/CERES-Sugarbeet/BS_OPGROW.for.o
[ 34%] Building Fortran object CMakeFiles/dscsm048.dir/Plant/CERES-Sugarbeet/BS_OPHARV.for.o
[ 34%] Building Fortran object CMakeFiles/dscsm048.dir/Plant/CERES-Sugarbeet/BS_OPNIT.for.o
[ 35%] Building Fortran object CMakeFiles/dscsm048.dir/Plant/CERES-Sugarbeet/BS_PHENOL.for.o
[ 35%] Building Fortran object CMakeFiles/dscsm048.dir/Plant/CERES-Sugarbeet/BS_ROOTS.for.o
[ 35%] Building Fortran object CMakeFiles/dscsm048.dir/Plant/CERES-SweetCorn/SW_FreshWt.for.o
[ 35%] Building Fortran object CMakeFiles/dscsm048.dir/Plant/CROPGRO/CANOPY.for.o
[ 36%] Building Fortran object CMakeFiles/dscsm048.dir/Plant/CROPGRO/CROPGRO.for.o
[ 36%] Building Fortran object CMakeFiles/dscsm048.dir/Plant/CROPGRO/DEMAND.for.o
[ 36%] Building Fortran object CMakeFiles/dscsm048.dir/Plant/CROPGRO/FreshWt.for.o
[ 36%] Building Fortran object CMakeFiles/dscsm048.dir/Plant/CROPGRO/GROW.for.o
[ 37%] Building Fortran object CMakeFiles/dscsm048.dir/Plant/CROPGRO/HRes_CGRO.for.o
[ 37%] Building Fortran object CMakeFiles/dscsm048.dir/Plant/CROPGRO/INCOMP.for.o
[ 37%] Building Fortran object CMakeFiles/dscsm048.dir/Plant/CROPGRO/Ipphenol.for.o
[ 37%] Building Fortran object CMakeFiles/dscsm048.dir/Plant/CROPGRO/IPPLNT.for.o
[ 37%] Building Fortran object CMakeFiles/dscsm048.dir/Plant/CROPGRO/LTGROW.for.o
[ 37%] Building Fortran object CMakeFiles/dscsm048.dir/Plant/CROPGRO/MOBIL.for.o
[ 38%] Building Fortran object CMakeFiles/dscsm048.dir/Plant/CROPGRO/NFIX.for.o
[ 38%] Building Fortran object CMakeFiles/dscsm048.dir/Plant/CROPGRO/NUPTAK.for.o
[ 38%] Building Fortran object CMakeFiles/dscsm048.dir/Plant/CROPGRO/OPHARV.for.o
[ 38%] Building Fortran object CMakeFiles/dscsm048.dir/Plant/CROPGRO/PHENOL.for.o
[ 39%] Building Fortran object CMakeFiles/dscsm048.dir/Plant/CROPGRO/PHOTO.for.o
[ 39%] Building Fortran object CMakeFiles/dscsm048.dir/Plant/CROPGRO/PlantNBal.for.o
[ 39%] Building Fortran object CMakeFiles/dscsm048.dir/Plant/CROPGRO/PODDET.for.o
[ 39%] Building Fortran object CMakeFiles/dscsm048.dir/Plant/CROPGRO/PODS.for.o
[ 39%] Building Fortran object CMakeFiles/dscsm048.dir/Plant/CROPGRO/RESPIR.for.o
[ 39%] Building Fortran object CMakeFiles/dscsm048.dir/Plant/CROPGRO/ROOTS.for.o
[ 40%] Building Fortran object CMakeFiles/dscsm048.dir/Plant/CROPGRO/RStages.for.o
[ 40%] Building Fortran object CMakeFiles/dscsm048.dir/Plant/CROPGRO/SENES.for.o
[ 40%] Building Fortran object CMakeFiles/dscsm048.dir/Plant/CROPGRO/VEGGR.for.o
[ 40%] Building Fortran object CMakeFiles/dscsm048.dir/Plant/CERES-Wheat_Barley/CER_Growth.for.o
[ 40%] Building Fortran object CMakeFiles/dscsm048.dir/Plant/CERES-Wheat_Barley/CER_Integrate.for.o
[ 41%] Building Fortran object CMakeFiles/dscsm048.dir/Plant/CERES-Wheat_Barley/CER_Init.for.o
[ 41%] Building Fortran object CMakeFiles/dscsm048.dir/Plant/CERES-Wheat_Barley/CER_Init_VarInit.for.o
[ 41%] Building Fortran object CMakeFiles/dscsm048.dir/Plant/CSCAS/CSCAS.for.o
/tmp/dssat_dual_v1_s30egzz1/source/Plant/CSCAS/CSCAS.for:3314:17:

 3314 |             PAUSE
      |                 1
Warning: Deleted feature: PAUSE statement at (1)
/tmp/dssat_dual_v1_s30egzz1/source/Plant/CSCAS/CSCAS.for:6072:17:

 6072 |             PAUSE
      |                 1
Warning: Deleted feature: PAUSE statement at (1)
/tmp/dssat_dual_v1_s30egzz1/source/Plant/CSCAS/CSCAS.for:9392:21:

 9392 |             PAUSE ' '
      |                     1
Warning: Deleted feature: PAUSE statement at (1)
/tmp/dssat_dual_v1_s30egzz1/source/Plant/CSCAS/CSCAS.for:9463:21:

 9463 |             PAUSE ' '
      |                     1
Warning: Deleted feature: PAUSE statement at (1)
/tmp/dssat_dual_v1_s30egzz1/source/Plant/CSCAS/CSCAS.for:9490:21:

 9490 |             PAUSE ' '
      |                     1
Warning: Deleted feature: PAUSE statement at (1)
/tmp/dssat_dual_v1_s30egzz1/source/Plant/CSCAS/CSCAS.for:9516:21:

 9516 |             PAUSE ' '
      |                     1
Warning: Deleted feature: PAUSE statement at (1)
[ 41%] Building Fortran object CMakeFiles/dscsm048.dir/Plant/CSCAS/CSCAS_Interface.for.o
[ 41%] Building Fortran object CMakeFiles/dscsm048.dir/Plant/CROPSIM/CSCRP.for.o
[ 41%] Building Fortran object CMakeFiles/dscsm048.dir/Plant/CROPSIM/CSCRP_Interface.for.o
[ 41%] Building Fortran object CMakeFiles/dscsm048.dir/Plant/CROPSIM/CRP_Growth.for.o
[ 41%] Building Fortran object CMakeFiles/dscsm048.dir/Plant/CROPSIM/CRP_Integrate.for.o
/tmp/dssat_dual_v1_s30egzz1/source/Plant/CROPSIM/CRP_Integrate.for:719:17:

  719 |             PAUSE
      |                 1
Warning: Deleted feature: PAUSE statement at (1)
[ 41%] Building Fortran object CMakeFiles/dscsm048.dir/Plant/CROPSIM/CRP_Output.for.o
/tmp/dssat_dual_v1_s30egzz1/source/Plant/CROPSIM/CRP_Output.for:3148:21:

 3148 |             PAUSE ' '
      |                     1
Warning: Deleted feature: PAUSE statement at (1)
/tmp/dssat_dual_v1_s30egzz1/source/Plant/CROPSIM/CRP_Output.for:3219:21:

 3219 |             PAUSE ' '
      |                     1
Warning: Deleted feature: PAUSE statement at (1)
/tmp/dssat_dual_v1_s30egzz1/source/Plant/CROPSIM/CRP_Output.for:3247:21:

 3247 |             PAUSE ' '
      |                     1
Warning: Deleted feature: PAUSE statement at (1)
/tmp/dssat_dual_v1_s30egzz1/source/Plant/CROPSIM/CRP_Output.for:3274:21:

 3274 |             PAUSE ' '
      |                     1
Warning: Deleted feature: PAUSE statement at (1)
[ 41%] Building Fortran object CMakeFiles/dscsm048.dir/Plant/CROPSIM/CRP_RunInit.for.o
[ 42%] Building Fortran object CMakeFiles/dscsm048.dir/Plant/CROPSIM/CRP_SeasInit.for.o
/tmp/dssat_dual_v1_s30egzz1/source/Plant/CROPSIM/CRP_SeasInit.for:1705:17:

 1705 |             PAUSE
      |                 1
Warning: Deleted feature: PAUSE statement at (1)
[ 42%] Building Fortran object CMakeFiles/dscsm048.dir/Plant/CROPSIM/CRP_SeasInit_VarInit.for.o
[ 42%] Building Fortran object CMakeFiles/dscsm048.dir/Plant/CSYCA-Cassava/CSYCA.f90.o
f951: Warning: ‘-fd-lines-as-comments’ has no effect in free form
[ 42%] Building Fortran object CMakeFiles/dscsm048.dir/Plant/CSYCA-Cassava/CSYCA_Interface.for.o
[ 43%] Building Fortran object CMakeFiles/dscsm048.dir/Plant/CSYCA-Cassava/YCA_Growth.f90.o
f951: Warning: ‘-fd-lines-as-comments’ has no effect in free form
[ 43%] Building Fortran object CMakeFiles/dscsm048.dir/Plant/CSYCA-Cassava/YCA_Growth_Evapo.f90.o
f951: Warning: ‘-fd-lines-as-comments’ has no effect in free form
[ 43%] Building Fortran object CMakeFiles/dscsm048.dir/Plant/CSYCA-Cassava/YCA_Growth_Init.f90.o
f951: Warning: ‘-fd-lines-as-comments’ has no effect in free form
[ 44%] Building Fortran object CMakeFiles/dscsm048.dir/Plant/CSYCA-Cassava/YCA_Growth_Part.f90.o
f951: Warning: ‘-fd-lines-as-comments’ has no effect in free form
/tmp/dssat_dual_v1_s30egzz1/source/Plant/CSYCA-Cassava/YCA_Growth_Part.f90:106:84:

  106 |                     node(BRSTAGEINT,(LNUMSIMSTG(BRSTAGEINT)+1))%LAPOTX = 2.0 *(node(BRSTAGE,(LNUMSIMSTG(BRSTAGE)+1))%LAPOTX)
      |                                                                                    1
Warning: Legacy Extension: REAL array index at (1)
/tmp/dssat_dual_v1_s30egzz1/source/Plant/CSYCA-Cassava/YCA_Growth_Part.f90:106:104:

  106 |                     node(BRSTAGEINT,(LNUMSIMSTG(BRSTAGEINT)+1))%LAPOTX = 2.0 *(node(BRSTAGE,(LNUMSIMSTG(BRSTAGE)+1))%LAPOTX)
      |                                                                                                        1
Warning: Legacy Extension: REAL array index at (1)
[ 44%] Building Fortran object CMakeFiles/dscsm048.dir/Plant/CSYCA-Cassava/YCA_Integrate.f90.o
f951: Warning: ‘-fd-lines-as-comments’ has no effect in free form
[ 44%] Building Fortran object CMakeFiles/dscsm048.dir/Plant/CSYCA-Cassava/YCA_Integ_HstFail.f90.o
f951: Warning: ‘-fd-lines-as-comments’ has no effect in free form
[ 44%] Building Fortran object CMakeFiles/dscsm048.dir/Plant/CSYCA-Cassava/YCA_Integ_Stages.f90.o
f951: Warning: ‘-fd-lines-as-comments’ has no effect in free form
/tmp/dssat_dual_v1_s30egzz1/source/Plant/CSYCA-Cassava/YCA_Integ_Stages.f90:196:17:

  196 |             PAUSE
      |                 1
Warning: Deleted feature: PAUSE statement at (1)
/tmp/dssat_dual_v1_s30egzz1/source/Plant/CSYCA-Cassava/YCA_Integ_Stages.f90:336:18:

  336 |         DO BR = 0, BRSTAGE               ! for each branch
      |                  1
Warning: Deleted feature: End expression in DO loop at (1) must be integer
[ 45%] Building Fortran object CMakeFiles/dscsm048.dir/Plant/CSYCA-Cassava/YCA_Output.f90.o
f951: Warning: ‘-fd-lines-as-comments’ has no effect in free form
[ 45%] Building Fortran object CMakeFiles/dscsm048.dir/Plant/CSYCA-Cassava/YCA_Out_CrpSim.f90.o
f951: Warning: ‘-fd-lines-as-comments’ has no effect in free form
/tmp/dssat_dual_v1_s30egzz1/source/Plant/CSYCA-Cassava/YCA_Out_CrpSim.f90:63:21:

   63 |             PAUSE ' '
      |                     1
Warning: Deleted feature: PAUSE statement at (1)
[ 45%] Building Fortran object CMakeFiles/dscsm048.dir/Plant/CSYCA-Cassava/YCA_Out_Error.f90.o
f951: Warning: ‘-fd-lines-as-comments’ has no effect in free form
[ 45%] Building Fortran object CMakeFiles/dscsm048.dir/Plant/CSYCA-Cassava/YCA_Out_Eval.f90.o
f951: Warning: ‘-fd-lines-as-comments’ has no effect in free form
[ 46%] Building Fortran object CMakeFiles/dscsm048.dir/Plant/CSYCA-Cassava/YCA_Out_LfTier.f90.o
f951: Warning: ‘-fd-lines-as-comments’ has no effect in free form
[ 46%] Building Fortran object CMakeFiles/dscsm048.dir/Plant/CSYCA-Cassava/YCA_Out_PlantSum.f90.o
f951: Warning: ‘-fd-lines-as-comments’ has no effect in free form
[ 46%] Building Fortran object CMakeFiles/dscsm048.dir/Plant/CSYCA-Cassava/YCA_Out_ReInit.f90.o
f951: Warning: ‘-fd-lines-as-comments’ has no effect in free form
[ 47%] Building Fortran object CMakeFiles/dscsm048.dir/Plant/CSYCA-Cassava/YCA_Out_Sens.f90.o
f951: Warning: ‘-fd-lines-as-comments’ has no effect in free form
/tmp/dssat_dual_v1_s30egzz1/source/Plant/CSYCA-Cassava/YCA_Out_Sens.f90:62:21:

   62 |             PAUSE ' '
      |                     1
Warning: Deleted feature: PAUSE statement at (1)
/tmp/dssat_dual_v1_s30egzz1/source/Plant/CSYCA-Cassava/YCA_Out_Sens.f90:77:21:

   77 |             PAUSE ' '
      |                     1
Warning: Deleted feature: PAUSE statement at (1)
/tmp/dssat_dual_v1_s30egzz1/source/Plant/CSYCA-Cassava/YCA_Out_Sens.f90:87:21:

   87 |             PAUSE ' '
      |                     1
Warning: Deleted feature: PAUSE statement at (1)
[ 47%] Building Fortran object CMakeFiles/dscsm048.dir/Plant/CSYCA-Cassava/YCA_Out_StoreVars.f90.o
f951: Warning: ‘-fd-lines-as-comments’ has no effect in free form
[ 47%] Building Fortran object CMakeFiles/dscsm048.dir/Plant/CSYCA-Cassava/YCA_PrePlant.f90.o
f951: Warning: ‘-fd-lines-as-comments’ has no effect in free form
[ 47%] Building Fortran object CMakeFiles/dscsm048.dir/Plant/CSYCA-Cassava/YCA_RunInit.f90.o
f951: Warning: ‘-fd-lines-as-comments’ has no effect in free form
[ 47%] Building Fortran object CMakeFiles/dscsm048.dir/Plant/CSYCA-Cassava/YCA_SeasInit.f90.o
f951: Warning: ‘-fd-lines-as-comments’ has no effect in free form
[ 48%] Building Fortran object CMakeFiles/dscsm048.dir/Plant/CSYCA-Cassava/YCA_SeasInit_Final.f90.o
f951: Warning: ‘-fd-lines-as-comments’ has no effect in free form
[ 48%] Building Fortran object CMakeFiles/dscsm048.dir/Plant/CSYCA-Cassava/YCA_SeasInit_PlHarvDat.f90.o
f951: Warning: ‘-fd-lines-as-comments’ has no effect in free form
[ 48%] Building Fortran object CMakeFiles/dscsm048.dir/Plant/CSYCA-Cassava/YCA_SeasInit_ReadGeno.f90.o
f951: Warning: ‘-fd-lines-as-comments’ has no effect in free form
[ 48%] Building Fortran object CMakeFiles/dscsm048.dir/Plant/CSYCA-Cassava/YCA_SeasInit_ReadXfile.f90.o
f951: Warning: ‘-fd-lines-as-comments’ has no effect in free form
[ 48%] Building Fortran object CMakeFiles/dscsm048.dir/Plant/CSYCA-Cassava/YCA_SeasInit_SetStage.f90.o
f951: Warning: ‘-fd-lines-as-comments’ has no effect in free form
[ 49%] Building Fortran object CMakeFiles/dscsm048.dir/Plant/CSYCA-Cassava/YCA_SeasInit_VarInit.f90.o
f951: Warning: ‘-fd-lines-as-comments’ has no effect in free form
[ 49%] Building Fortran object CMakeFiles/dscsm048.dir/Plant/FORAGE/forage.for.o
[ 49%] Building Fortran object CMakeFiles/dscsm048.dir/Plant/FORAGE/for_asmdm.for.o
[ 49%] Building Fortran object CMakeFiles/dscsm048.dir/Plant/FORAGE/for_canopy.for.o
[ 49%] Building Fortran object CMakeFiles/dscsm048.dir/Plant/FORAGE/for_ch2oref.for.o
[ 49%] Building Fortran object CMakeFiles/dscsm048.dir/Plant/FORAGE/for_demand.for.o
[ 50%] Building Fortran object CMakeFiles/dscsm048.dir/Plant/FORAGE/for_dormancy.for.o
[ 50%] Building Fortran object CMakeFiles/dscsm048.dir/Plant/FORAGE/for_freeze.for.o
[ 50%] Building Fortran object CMakeFiles/dscsm048.dir/Plant/FORAGE/for_grow.for.o
[ 50%] Building Fortran object CMakeFiles/dscsm048.dir/Plant/FORAGE/for_harv.for.o
[ 50%] Building Fortran object CMakeFiles/dscsm048.dir/Plant/FORAGE/for_hres_cgro.for.o
[ 51%] Building Fortran object CMakeFiles/dscsm048.dir/Plant/FORAGE/for_incomp.for.o
[ 51%] Building Fortran object CMakeFiles/dscsm048.dir/Plant/FORAGE/for_ippest.for.o
[ 51%] Building Fortran object CMakeFiles/dscsm048.dir/Plant/FORAGE/for_ipphenol.for.o
[ 51%] Building Fortran object CMakeFiles/dscsm048.dir/Plant/FORAGE/for_ipplnt.for.o
[ 52%] Building Fortran object CMakeFiles/dscsm048.dir/Plant/FORAGE/for_ipprog.for.o
[ 52%] Building Fortran object CMakeFiles/dscsm048.dir/Plant/FORAGE/for_mobil.for.o
[ 52%] Building Fortran object CMakeFiles/dscsm048.dir/Plant/FORAGE/for_nfix.for.o
[ 52%] Building Fortran object CMakeFiles/dscsm048.dir/Plant/FORAGE/for_nuptak.for.o
[ 53%] Building Fortran object CMakeFiles/dscsm048.dir/Plant/FORAGE/for_opharv.for.o
[ 53%] Building Fortran object CMakeFiles/dscsm048.dir/Plant/FORAGE/for_opmob.for.o
[ 53%] Building Fortran object CMakeFiles/dscsm048.dir/Plant/FORAGE/for_oppest.for.o
[ 53%] Building Fortran object CMakeFiles/dscsm048.dir/Plant/FORAGE/for_opview.for.o
[ 53%] Building Fortran object CMakeFiles/dscsm048.dir/Plant/FORAGE/for_pest.for.o
[ 54%] Building Fortran object CMakeFiles/dscsm048.dir/Plant/FORAGE/for_pestcp.for.o
[ 54%] Building Fortran object CMakeFiles/dscsm048.dir/Plant/FORAGE/for_phenol.for.o
[ 54%] Building Fortran object CMakeFiles/dscsm048.dir/Plant/FORAGE/for_photo.for.o
[ 54%] Building Fortran object CMakeFiles/dscsm048.dir/Plant/FORAGE/for_plantnbal.for.o
[ 54%] Building Fortran object CMakeFiles/dscsm048.dir/Plant/FORAGE/for_poddet.for.o
[ 55%] Building Fortran object CMakeFiles/dscsm048.dir/Plant/FORAGE/for_pods.for.o
[ 55%] Building Fortran object CMakeFiles/dscsm048.dir/Plant/FORAGE/for_respir.for.o
[ 55%] Building Fortran object CMakeFiles/dscsm048.dir/Plant/FORAGE/for_rootdm.for.o
[ 55%] Building Fortran object CMakeFiles/dscsm048.dir/Plant/FORAGE/for_roots.for.o
[ 55%] Building Fortran object CMakeFiles/dscsm048.dir/Plant/FORAGE/for_rstages.for.o
[ 56%] Building Fortran object CMakeFiles/dscsm048.dir/Plant/FORAGE/for_seeddm.for.o
[ 56%] Building Fortran object CMakeFiles/dscsm048.dir/Plant/FORAGE/for_senmob.for.o
[ 56%] Building Fortran object CMakeFiles/dscsm048.dir/Plant/FORAGE/for_vegdm.for.o
[ 56%] Building Fortran object CMakeFiles/dscsm048.dir/Plant/FORAGE/for_veggr.for.o
[ 56%] Building Fortran object CMakeFiles/dscsm048.dir/Plant/Generic-Pest/ASMDM.for.o
[ 57%] Building Fortran object CMakeFiles/dscsm048.dir/Plant/Generic-Pest/IPPARM.for.o
[ 57%] Building Fortran object CMakeFiles/dscsm048.dir/Plant/Generic-Pest/IPPEST.for.o
[ 57%] Building Fortran object CMakeFiles/dscsm048.dir/Plant/Generic-Pest/IPPROG.for.o
[ 57%] Building Fortran object CMakeFiles/dscsm048.dir/Plant/Generic-Pest/LINDM.for.o
[ 57%] Building Fortran object CMakeFiles/dscsm048.dir/Plant/Generic-Pest/OPPEST.for.o
[ 57%] Building Fortran object CMakeFiles/dscsm048.dir/Plant/Generic-Pest/PEST.for.o
[ 58%] Building Fortran object CMakeFiles/dscsm048.dir/Plant/Generic-Pest/PESTCP.for.o
[ 58%] Building Fortran object CMakeFiles/dscsm048.dir/Plant/Generic-Pest/ROOTDM.for.o
[ 58%] Building Fortran object CMakeFiles/dscsm048.dir/Plant/Generic-Pest/SEEDDM.for.o
[ 58%] Building Fortran object CMakeFiles/dscsm048.dir/Plant/Generic-Pest/VEGDM.for.o
[ 59%] Building Fortran object CMakeFiles/dscsm048.dir/Plant/Generic-PlantP/PPlantSubs.for.o
[ 59%] Building Fortran object CMakeFiles/dscsm048.dir/Plant/Generic-PlantP/P_CASUPRO.for.o
[ 59%] Building Fortran object CMakeFiles/dscsm048.dir/Plant/Generic-PlantP/P_CERES.for.o
[ 59%] Building Fortran object CMakeFiles/dscsm048.dir/Plant/Generic-PlantP/P_CGRO.for.o
[ 59%] Building Fortran object CMakeFiles/dscsm048.dir/Plant/Generic-PlantP/P_IPPLNT.for.o
[ 60%] Building Fortran object CMakeFiles/dscsm048.dir/Plant/Generic-PlantP/P_Plant.for.o
[ 60%] Building Fortran object CMakeFiles/dscsm048.dir/Plant/Generic-PlantP/P_Uptake.for.o
[ 60%] Building Fortran object CMakeFiles/dscsm048.dir/Plant/Generic-PlantP/RootSoilVol.for.o
[ 60%] Building Fortran object CMakeFiles/dscsm048.dir/Plant/NTEF/TF_APSIM.for.o
[ 60%] Building Fortran object CMakeFiles/dscsm048.dir/Plant/NTEF/TF_COLD.for.o
/tmp/dssat_dual_v1_s30egzz1/source/Plant/NTEF/TF_COLD.for:283:30:

  283 |             do 100 leafno = 1, cumph_nw(istage)+2
      |                              1
Warning: Deleted feature: End expression in DO loop at (1) must be integer
[ 61%] Building Fortran object CMakeFiles/dscsm048.dir/Plant/NTEF/TF_KUPTAK.for.o
[ 61%] Building Fortran object CMakeFiles/dscsm048.dir/Plant/NTEF/TF_NFACTO.for.o
[ 61%] Building Fortran object CMakeFiles/dscsm048.dir/Plant/NTEF/TF_OPGROW.for.o
[ 62%] Building Fortran object CMakeFiles/dscsm048.dir/Plant/NTEF/TF_OPHARV.for.o
[ 62%] Building Fortran object CMakeFiles/dscsm048.dir/Plant/NTEF/TF_OPNIT.for.o
[ 62%] Building Fortran object CMakeFiles/dscsm048.dir/Plant/NTEF/TF_PHENOL.for.o
[ 62%] Building Fortran object CMakeFiles/dscsm048.dir/Plant/NTEF/TF_temp.for.o
[ 62%] Building Fortran object CMakeFiles/dscsm048.dir/Plant/NWHEAT/WH_APSIM.for.o
[ 63%] Building Fortran object CMakeFiles/dscsm048.dir/Plant/NWHEAT/WH_COLD.for.o
/tmp/dssat_dual_v1_s30egzz1/source/Plant/NWHEAT/WH_COLD.for:282:30:

  282 |             do 100 leafno = 1, cumph_nw(istage)+2
      |                              1
Warning: Deleted feature: End expression in DO loop at (1) must be integer
[ 63%] Building Fortran object CMakeFiles/dscsm048.dir/Plant/NWHEAT/WH_KUPTAK.for.o
[ 63%] Building Fortran object CMakeFiles/dscsm048.dir/Plant/NWHEAT/WH_NFACTO.for.o
[ 64%] Building Fortran object CMakeFiles/dscsm048.dir/Plant/NWHEAT/WH_NUPTAK.for.o
[ 64%] Building Fortran object CMakeFiles/dscsm048.dir/Plant/NWHEAT/WH_OPGROW.for.o
[ 64%] Building Fortran object CMakeFiles/dscsm048.dir/Plant/NWHEAT/WH_OPHARV.for.o
[ 64%] Building Fortran object CMakeFiles/dscsm048.dir/Plant/NWHEAT/WH_OPNIT.for.o
[ 64%] Building Fortran object CMakeFiles/dscsm048.dir/Plant/NWHEAT/WH_PHENOL.for.o
[ 65%] Building Fortran object CMakeFiles/dscsm048.dir/Plant/NWHEAT/WH_ROOTS.for.o
/tmp/dssat_dual_v1_s30egzz1/source/Plant/NWHEAT/WH_PHENOL.for:1419:11:

 1419 |       save       xstgmn
      |           1
Warning: Legacy Extension: SAVE statement at (1) follows blanket SAVE statement
/tmp/dssat_dual_v1_s30egzz1/source/Plant/NWHEAT/WH_PHENOL.for:1420:11:

 1420 |       save       xstgmx
      |           1
Warning: Legacy Extension: SAVE statement at (1) follows blanket SAVE statement
/tmp/dssat_dual_v1_s30egzz1/source/Plant/NWHEAT/WH_PHENOL.for:1408:27:

 1408 |       real   xstgmn(mxstag) ! value at beginning of a stage
      |                           1
Warning: Legacy Extension: Duplicate SAVE attribute specified at (1)
/tmp/dssat_dual_v1_s30egzz1/source/Plant/NWHEAT/WH_PHENOL.for:1409:27:

 1409 |       real   xstgmx(mxstag) ! maximum value at end of a stage
      |                           1
Warning: Legacy Extension: Duplicate SAVE attribute specified at (1)
/tmp/dssat_dual_v1_s30egzz1/source/Plant/NWHEAT/WH_ROOTS.for:723:11:

  723 |       save rtrate
      |           1
Warning: Legacy Extension: SAVE statement at (1) follows blanket SAVE statement
/tmp/dssat_dual_v1_s30egzz1/source/Plant/NWHEAT/WH_ROOTS.for:712:25:

  712 |       real rtrate(mxstag) !root growth rate potential(mm /deg day)
      |                         1
Warning: Legacy Extension: Duplicate SAVE attribute specified at (1)
[ 65%] Building Fortran object CMakeFiles/dscsm048.dir/Plant/NWHEAT/WH_SW_SUBS.for.o
[ 65%] Building Fortran object CMakeFiles/dscsm048.dir/Plant/NWHEAT/WH_temp.for.o
[ 65%] Building Fortran object CMakeFiles/dscsm048.dir/Plant/OilCrop-Sunflower/SU_CERES.for.o
[ 65%] Building Fortran object CMakeFiles/dscsm048.dir/Plant/OilCrop-Sunflower/SU_KUPTAK.for.o
[ 66%] Building Fortran object CMakeFiles/dscsm048.dir/Plant/OilCrop-Sunflower/SU_NFACTO.for.o
[ 66%] Building Fortran object CMakeFiles/dscsm048.dir/Plant/OilCrop-Sunflower/SU_NUPTAK.for.o
[ 66%] Building Fortran object CMakeFiles/dscsm048.dir/Plant/OilCrop-Sunflower/SU_OPHARV.for.o
[ 67%] Building Fortran object CMakeFiles/dscsm048.dir/Plant/OilCrop-Sunflower/SU_PHENOL.for.o
[ 67%] Building Fortran object CMakeFiles/dscsm048.dir/Plant/OilCrop-Sunflower/SU_ROOTS.for.o
[ 67%] Building Fortran object CMakeFiles/dscsm048.dir/Plant/SAMUCA-Sugarcane/SC_find_inp_sam.for.o
[ 67%] Building Fortran object CMakeFiles/dscsm048.dir/Plant/SUBSTOR-Potato/PT_GROSUB.for.o
[ 67%] Building Fortran object CMakeFiles/dscsm048.dir/Plant/SUBSTOR-Potato/PT_NUPTAK.for.o
[ 67%] Building Fortran object CMakeFiles/dscsm048.dir/Plant/SUBSTOR-Potato/PT_OPGROW.for.o
[ 68%] Building Fortran object CMakeFiles/dscsm048.dir/Plant/SUBSTOR-Potato/PT_OPHARV.for.o
[ 68%] Building Fortran object CMakeFiles/dscsm048.dir/Plant/SUBSTOR-Potato/PT_PHENOL.for.o
[ 68%] Building Fortran object CMakeFiles/dscsm048.dir/Plant/SUBSTOR-Potato/PT_ROOTGR.for.o
[ 68%] Building Fortran object CMakeFiles/dscsm048.dir/Plant/SUBSTOR-Potato/PT_SUBSTOR.for.o
[ 69%] Building Fortran object CMakeFiles/dscsm048.dir/Plant/SUBSTOR-Potato/PT_THTIME.for.o
[ 69%] Building Fortran object CMakeFiles/dscsm048.dir/Soil/CENTURY_OrganicMatter/CE_RATIO_C.for.o
[ 69%] Building Fortran object CMakeFiles/dscsm048.dir/Soil/CENTURY_OrganicMatter/DECRAT_C.for.o
[ 69%] Building Fortran object CMakeFiles/dscsm048.dir/Soil/CENTURY_OrganicMatter/IMMOBLIMIT_C.for.o
[ 69%] Building Fortran object CMakeFiles/dscsm048.dir/Soil/CENTURY_OrganicMatter/INCORPOR_C.for.o
[ 69%] Building Fortran object CMakeFiles/dscsm048.dir/Soil/CENTURY_OrganicMatter/IPHedley_C.for.o
[ 69%] Building Fortran object CMakeFiles/dscsm048.dir/Soil/CENTURY_OrganicMatter/LITDEC_C.for.o
[ 69%] Building Fortran object CMakeFiles/dscsm048.dir/Soil/CENTURY_OrganicMatter/NCHECK_C.for.o
[ 69%] Building Fortran object CMakeFiles/dscsm048.dir/Soil/CENTURY_OrganicMatter/PARTIT_C.for.o
[ 69%] Building Fortran object CMakeFiles/dscsm048.dir/Soil/CENTURY_OrganicMatter/SOMDEC_C.for.o
[ 69%] Building Fortran object CMakeFiles/dscsm048.dir/Soil/CENTURY_OrganicMatter/SOMFIX_C.for.o
[ 69%] Building Fortran object CMakeFiles/dscsm048.dir/Soil/CENTURY_OrganicMatter/SOMINIT_c.for.o
[ 69%] Building Fortran object CMakeFiles/dscsm048.dir/Soil/CENTURY_OrganicMatter/SOMLITPRINT_C.for.o
[ 70%] Building Fortran object CMakeFiles/dscsm048.dir/Soil/CENTURY_OrganicMatter/TSOMLIT_C.for.o
[ 70%] Building Fortran object CMakeFiles/dscsm048.dir/Soil/CERES_OrganicMatter/NCHECK_organic.for.o
[ 71%] Building Fortran object CMakeFiles/dscsm048.dir/Soil/FloodN/FCHEM.for.o
[ 71%] Building Fortran object CMakeFiles/dscsm048.dir/Soil/FloodN/FLOODI.for.o
[ 71%] Building Fortran object CMakeFiles/dscsm048.dir/Soil/FloodN/Flood_Chem.for.o
[ 71%] Building Fortran object CMakeFiles/dscsm048.dir/Soil/FloodN/OPFLOODN.for.o
[ 71%] Building Fortran object CMakeFiles/dscsm048.dir/Soil/GHG/diffusiv.for.o
[ 71%] Building Fortran object CMakeFiles/dscsm048.dir/Soil/GHG/nox_pulse.f90.o
f951: Warning: ‘-fd-lines-as-comments’ has no effect in free form
[ 72%] Building Fortran object CMakeFiles/dscsm048.dir/Soil/Inorganic_K/OpSoilKi.for.o
[ 72%] Building Fortran object CMakeFiles/dscsm048.dir/Soil/Inorganic_K/SoilK_init.for.o
[ 72%] Building Fortran object CMakeFiles/dscsm048.dir/Soil/Inorganic_N/EQUIL2.for.o
[ 72%] Building Fortran object CMakeFiles/dscsm048.dir/Soil/Inorganic_N/NCHECK_inorg.for.o
[ 73%] Building Fortran object CMakeFiles/dscsm048.dir/Soil/Inorganic_N/NFLUX.for.o
[ 73%] Building Fortran object CMakeFiles/dscsm048.dir/Soil/Inorganic_N/OXLAYER.for.o
[ 73%] Building Fortran object CMakeFiles/dscsm048.dir/Soil/Inorganic_N/SoilNi_init.for.o
[ 74%] Building Fortran object CMakeFiles/dscsm048.dir/Soil/Inorganic_P/IPHedley_inorg.for.o
[ 74%] Building Fortran object CMakeFiles/dscsm048.dir/Soil/Inorganic_P/SoilPi_init.for.o
[ 75%] Building Fortran object CMakeFiles/dscsm048.dir/Soil/Mulch/MULCHEVAP.for.o
[ 75%] Building Fortran object CMakeFiles/dscsm048.dir/Soil/Mulch/MULCHWAT.for.o
[ 76%] Building Fortran object CMakeFiles/dscsm048.dir/Soil/SoilUtilities/LMATCH.for.o
[ 76%] Building Fortran object CMakeFiles/dscsm048.dir/Soil/SoilUtilities/SOILDYN.for.o
[ 76%] Building Fortran object CMakeFiles/dscsm048.dir/Soil/SoilWater/CapFringe.f90.o
f951: Warning: ‘-fd-lines-as-comments’ has no effect in free form
[ 76%] Building Fortran object CMakeFiles/dscsm048.dir/Soil/SoilWater/INFIL.for.o
[ 76%] Building Fortran object CMakeFiles/dscsm048.dir/Soil/SoilWater/OPSWBL.for.o
[ 76%] Building Fortran object CMakeFiles/dscsm048.dir/Soil/SoilWater/RETC_VG.for.o
/tmp/dssat_dual_v1_s30egzz1/source/Soil/SoilWater/RETC_VG.for:198:23:

  198 |    12 W(I) = W12 * W(I)
      |                       1
Warning: Fortran 2018 deleted feature: DO termination statement which is not END DO or CONTINUE with label 12 at (1)
/tmp/dssat_dual_v1_s30egzz1/source/Soil/SoilWater/RETC_VG.for:212:18:

  212 |    15 TH(I) = B(I)
      |                  1
Warning: Fortran 2018 deleted feature: DO termination statement which is not END DO or CONTINUE with label 15 at (1)
/tmp/dssat_dual_v1_s30egzz1/source/Soil/SoilWater/RETC_VG.for:231:29:

  231 |    16 SSQ = SSQ + R(I) * R(I)
      |                             1
Warning: Fortran 2018 deleted feature: DO termination statement which is not END DO or CONTINUE with label 16 at (1)
/tmp/dssat_dual_v1_s30egzz1/source/Soil/SoilWater/RETC_VG.for:244:36:

  244 |    20 Q(J) = Q(J) + DELZ(I,J) * R(I)
      |                                    1
Warning: Fortran 2018 deleted feature: DO termination statement which is not END DO or CONTINUE with label 20 at (1)
/tmp/dssat_dual_v1_s30egzz1/source/Soil/SoilWater/RETC_VG.for:248:18:

  248 |    22 TH(J) = TEMP
      |                  1
Warning: Fortran 2018 deleted feature: DO termination statement which is not END DO or CONTINUE with label 22 at (1)
/tmp/dssat_dual_v1_s30egzz1/source/Soil/SoilWater/RETC_VG.for:253:39:

  253 |    24 SUM = SUM + DELZ(K,I) * DELZ(K,J)
      |                                       1
Warning: Fortran 2018 deleted feature: DO termination statement which is not END DO or CONTINUE with label 24 at (1)
/tmp/dssat_dual_v1_s30egzz1/source/Soil/SoilWater/RETC_VG.for:255:21:

  255 |    26 D(J,I) = D(I,J)
      |                     1
Warning: Fortran 2018 deleted feature: DO termination statement which is not END DO or CONTINUE with label 26 at (1)
/tmp/dssat_dual_v1_s30egzz1/source/Soil/SoilWater/RETC_VG.for:256:26:

  256 |    28 E(I) = DSQRT(D(I,I))
      |                          1
Warning: Fortran 2018 deleted feature: DO termination statement which is not END DO or CONTINUE with label 28 at (1)
/tmp/dssat_dual_v1_s30egzz1/source/Soil/SoilWater/RETC_VG.for:258:20:

  258 |       DO 32 J = 1,NP
      |                    1
Warning: Fortran 2018 deleted feature: Shared DO termination label 32 at (1)
/tmp/dssat_dual_v1_s30egzz1/source/Soil/SoilWater/RETC_VG.for:259:35:

  259 |    32 A(I,J) = D(I,J)/(E(I) * E(J))
      |                                   1
Warning: Fortran 2018 deleted feature: DO termination statement which is not END DO or CONTINUE with label 32 at (1)
/tmp/dssat_dual_v1_s30egzz1/source/Soil/SoilWater/RETC_VG.for:265:26:

  265 |    34 A(I,I) = A(I,I) + GA
      |                          1
Warning: Fortran 2018 deleted feature: DO termination statement which is not END DO or CONTINUE with label 34 at (1)
/tmp/dssat_dual_v1_s30egzz1/source/Soil/SoilWater/RETC_VG.for:271:38:

  271 |    38 TB(I) = P(I) * STEP/E(I) + TH(I)
      |                                      1
Warning: Fortran 2018 deleted feature: DO termination statement which is not END DO or CONTINUE with label 38 at (1)
/tmp/dssat_dual_v1_s30egzz1/source/Soil/SoilWater/RETC_VG.for:273:31:

  273 |       IF(TH(I) * TB(I))44,44,40
      |                               1
Warning: Fortran 2018 deleted feature: Arithmetic IF statement at (1)
/tmp/dssat_dual_v1_s30egzz1/source/Soil/SoilWater/RETC_VG.for:279:31:

  279 |    42 SUMB = SUMB + R(I) * R(I)
      |                               1
Warning: Fortran 2018 deleted feature: DO termination statement which is not END DO or CONTINUE with label 42 at (1)
/tmp/dssat_dual_v1_s30egzz1/source/Soil/SoilWater/RETC_VG.for:286:35:

  286 |    46 SUM3 = SUM3 + PHI(I) * PHI(I)
      |                                   1
Warning: Fortran 2018 deleted feature: DO termination statement which is not END DO or CONTINUE with label 46 at (1)
/tmp/dssat_dual_v1_s30egzz1/source/Soil/SoilWater/RETC_VG.for:294:31:

  294 |       IF(TH(I) * TB(I))50,50,48
      |                               1
Warning: Fortran 2018 deleted feature: Arithmetic IF statement at (1)
/tmp/dssat_dual_v1_s30egzz1/source/Soil/SoilWater/RETC_VG.for:297:30:

  297 |    50 IF(ANGLE-30.D0) 52,52,54
      |                              1
Warning: Fortran 2018 deleted feature: Arithmetic IF statement at (1)
/tmp/dssat_dual_v1_s30egzz1/source/Soil/SoilWater/RETC_VG.for:306:19:

  306 |    58 TH(I) = TB(I)
      |                   1
Warning: Fortran 2018 deleted feature: DO termination statement which is not END DO or CONTINUE with label 58 at (1)
/tmp/dssat_dual_v1_s30egzz1/source/Soil/SoilWater/RETC_VG.for:323:71:

  323 |       IF(DABS(P(I) * STEP/E(I))/(1.D-20 + DABS(TH(I)))-STOPCR) 66,66,68
      |                                                                       1
Warning: Fortran 2018 deleted feature: Arithmetic IF statement at (1)
/tmp/dssat_dual_v1_s30egzz1/source/Soil/SoilWater/RETC_VG.for:341:40:

  341 |    72 E(I) = DSQRT(DMAX1(D(I,I),1.D-20))
      |                                        1
Warning: Fortran 2018 deleted feature: DO termination statement which is not END DO or CONTINUE with label 72 at (1)
/tmp/dssat_dual_v1_s30egzz1/source/Soil/SoilWater/RETC_VG.for:344:35:

  344 |    74 A(J,I) = D(J,I)/(E(I) * E(J))
      |                                   1
Warning: Fortran 2018 deleted feature: DO termination statement which is not END DO or CONTINUE with label 74 at (1)
/tmp/dssat_dual_v1_s30egzz1/source/Soil/SoilWater/RETC_VG.for:360:40:

  360 |    80 SUMYF = SUMYF + Y(I) * F(I) * W(I)
      |                                        1
Warning: Fortran 2018 deleted feature: DO termination statement which is not END DO or CONTINUE with label 80 at (1)
/tmp/dssat_dual_v1_s30egzz1/source/Soil/SoilWater/RETC_VG.for:374:28:

  374 | 82      TPCOE = TH(I) + TSEC
      |                            1
Warning: Fortran 2018 deleted feature: DO termination statement which is not END DO or CONTINUE with label 82 at (1)
/tmp/dssat_dual_v1_s30egzz1/source/Soil/SoilWater/RETC_VG.for:385:38:

  385 |   84  SSQW1 = SSQW1 + (R(I) * W(I))**2
      |                                      1
Warning: Fortran 2018 deleted feature: DO termination statement which is not END DO or CONTINUE with label 84 at (1)
/tmp/dssat_dual_v1_s30egzz1/source/Soil/SoilWater/RETC_VG.for:634:26:

  634 |    34 IF(RWC-WCL) 36,36,38
      |                          1
Warning: Fortran 2018 deleted feature: Arithmetic IF statement at (1)
/tmp/dssat_dual_v1_s30egzz1/source/Soil/SoilWater/RETC_VG.for:698:19:

  698 |     2 indx(J,1) = 0
      |                   1
Warning: Fortran 2018 deleted feature: DO termination statement which is not END DO or CONTINUE with label 2 at (1)
/tmp/dssat_dual_v1_s30egzz1/source/Soil/SoilWater/RETC_VG.for:702:27:

  702 |       IF(indx(J,1)) 12,6,12
      |                           1
Warning: Fortran 2018 deleted feature: Arithmetic IF statement at (1)
/tmp/dssat_dual_v1_s30egzz1/source/Soil/SoilWater/RETC_VG.for:704:27:

  704 |       IF(indx(K,1)) 10,8,10
      |                           1
Warning: Fortran 2018 deleted feature: Arithmetic IF statement at (1)
/tmp/dssat_dual_v1_s30egzz1/source/Soil/SoilWater/RETC_VG.for:712:23:

  712 |       IF(AMAX) 30,30,14
      |                       1
Warning: Fortran 2018 deleted feature: Arithmetic IF statement at (1)
/tmp/dssat_dual_v1_s30egzz1/source/Soil/SoilWater/RETC_VG.for:718:17:

  718 |    16 A(IC,L) = P
      |                 1
Warning: Fortran 2018 deleted feature: DO termination statement which is not END DO or CONTINUE with label 16 at (1)
/tmp/dssat_dual_v1_s30egzz1/source/Soil/SoilWater/RETC_VG.for:727:27:

  727 |    20 A(IC,L) = A(IC,L) * P
      |                           1
Warning: Fortran 2018 deleted feature: DO termination statement which is not END DO or CONTINUE with label 20 at (1)
/tmp/dssat_dual_v1_s30egzz1/source/Soil/SoilWater/RETC_VG.for:734:33:

  734 |    22 A(K,L) = A(K,L)-A(IC,L) * P
      |                                 1
Warning: Fortran 2018 deleted feature: DO termination statement which is not END DO or CONTINUE with label 22 at (1)
/tmp/dssat_dual_v1_s30egzz1/source/Soil/SoilWater/RETC_VG.for:743:17:

  743 |    28 A(K,IC) = P
      |                 1
Warning: Fortran 2018 deleted feature: DO termination statement which is not END DO or CONTINUE with label 28 at (1)
/tmp/dssat_dual_v1_s30egzz1/source/Soil/SoilWater/RETC_VG.for:745:20:

  745 |    30 IF(I) 26,32,26
      |                    1
Warning: Fortran 2018 deleted feature: Arithmetic IF statement at (1)
/tmp/dssat_dual_v1_s30egzz1/source/Soil/SoilWater/RETC_VG.for:781:23:

  781 |       IF(X-2.0) 10,10,8
      |                       1
Warning: Fortran 2018 deleted feature: Arithmetic IF statement at (1)
/tmp/dssat_dual_v1_s30egzz1/source/Soil/SoilWater/RETC_VG.for:782:23:

  782 |     6 IF(X-2.0) 14,14,8
      |                       1
Warning: Fortran 2018 deleted feature: Arithmetic IF statement at (1)
/tmp/dssat_dual_v1_s30egzz1/source/Soil/SoilWater/RETC_VG.for:786:24:

  786 |    10 IF(X-1.0) 12,16,14
      |                        1
Warning: Fortran 2018 deleted feature: Arithmetic IF statement at (1)
/tmp/dssat_dual_v1_s30egzz1/source/Soil/SoilWater/RETC_VG.for:830:71:

  830 |     2 T(I + 1) = -(A + Y) * (A + B + Y) * X/((A + Y2) * (A + Y2 + 1.0))
      |                                                                       1
Warning: Fortran 2018 deleted feature: DO termination statement which is not END DO or CONTINUE with label 2 at (1)
/tmp/dssat_dual_v1_s30egzz1/source/Soil/SoilWater/RETC_VG.for:834:27:

  834 |     4 BINC = 1. + T(K)/BINC
      |                           1
Warning: Fortran 2018 deleted feature: DO termination statement which is not END DO or CONTINUE with label 4 at (1)
[ 76%] Building Fortran object CMakeFiles/dscsm048.dir/Soil/SoilWater/RNOFF.for.o
[ 76%] Building Fortran object CMakeFiles/dscsm048.dir/Soil/SoilWater/SATFLO.for.o
[ 76%] Building Fortran object CMakeFiles/dscsm048.dir/Soil/SoilWater/TILEDRAIN.for.o
[ 76%] Building Fortran object CMakeFiles/dscsm048.dir/Soil/SoilWater/WATBAL.for.o
[ 77%] Building Fortran object CMakeFiles/dscsm048.dir/Soil/SoilWater/WaterTable.f90.o
f951: Warning: ‘-fd-lines-as-comments’ has no effect in free form
[ 77%] Building Fortran object CMakeFiles/dscsm048.dir/Soil/SoilWater/WBAL.for.o
[ 77%] Building Fortran object CMakeFiles/dscsm048.dir/Soil/SoilWater/WBSUBS.for.o
[ 77%] Building Fortran object CMakeFiles/dscsm048.dir/SPAM/ESR_SoilEvap.for.o
[ 77%] Building Fortran object CMakeFiles/dscsm048.dir/SPAM/ETPHOT.for.o
[ 78%] Building Fortran object CMakeFiles/dscsm048.dir/SPAM/ETPHR.for.o
[ 78%] Building Fortran object CMakeFiles/dscsm048.dir/SPAM/PET.for.o
[ 78%] Building Fortran object CMakeFiles/dscsm048.dir/SPAM/ROOTWU.for.o
[ 79%] Building Fortran object CMakeFiles/dscsm048.dir/SPAM/SAL_Stemp.for.o
[ 79%] Building Fortran object CMakeFiles/dscsm048.dir/SPAM/SOILEV.for.o
[ 79%] Building Fortran object CMakeFiles/dscsm048.dir/SPAM/SPAM.for.o
[ 79%] Building Fortran object CMakeFiles/dscsm048.dir/SPAM/STEMP.for.o
[ 79%] Building Fortran object CMakeFiles/dscsm048.dir/SPAM/STEMP_EPIC.for.o
[ 79%] Building Fortran object CMakeFiles/dscsm048.dir/Weather/CO2VAL.for.o
[ 79%] Building Fortran object CMakeFiles/dscsm048.dir/Weather/HMET.for.o
[ 79%] Building Fortran object CMakeFiles/dscsm048.dir/Weather/WTHMOD.for.o
[ 79%] Building Fortran object CMakeFiles/dscsm048.dir/InputModule/OPHEAD.for.o
[ 79%] Building Fortran object CMakeFiles/dscsm048.dir/Management/FertType_mod.for.o
[ 79%] Building Fortran object CMakeFiles/dscsm048.dir/Plant/ALOHA-Pineapple/Aloha_mod.f90.o
f951: Warning: ‘-fd-lines-as-comments’ has no effect in free form
[ 80%] Building Fortran object CMakeFiles/dscsm048.dir/Plant/CANEGRO-Sugarcane/SC_CNG_mods.for.o
/tmp/dssat_dual_v1_s30egzz1/source/Plant/CANEGRO-Sugarcane/SC_CNG_mods.for:737:42:

  736 |           DO I=1,MAX_TILLER_COHORTS
      |                                   2       
  737 |               CaneCrop%DEDLFN(I) = DEDLFN(I)
      |                                          1
Warning: Array reference at (1) out of bounds (100 > 30) in loop beginning at (2)
/tmp/dssat_dual_v1_s30egzz1/source/Plant/CANEGRO-Sugarcane/SC_CNG_mods.for:738:39:

  736 |           DO I=1,MAX_TILLER_COHORTS
      |                                   2    
  737 |               CaneCrop%DEDLFN(I) = DEDLFN(I)
  738 |               CaneCrop%LFN(I)    = LFN(I)
      |                                       1
Warning: Array reference at (1) out of bounds (100 > 30) in loop beginning at (2)
/tmp/dssat_dual_v1_s30egzz1/source/Plant/CANEGRO-Sugarcane/SC_CNG_mods.for:739:42:

  736 |           DO I=1,MAX_TILLER_COHORTS
      |                                   2       
......
  739 |               CaneCrop%POPMAX(I) = POPMAX(I)
      |                                          1
Warning: Array reference at (1) out of bounds (100 > 30) in loop beginning at (2)
/tmp/dssat_dual_v1_s30egzz1/source/Plant/CANEGRO-Sugarcane/SC_CNG_mods.for:740:42:

  736 |           DO I=1,MAX_TILLER_COHORTS
      |                                   2       
......
  740 |               CaneCrop%TEMPOP(I) = TEMPOP(I)
      |                                          1
Warning: Array reference at (1) out of bounds (100 > 30) in loop beginning at (2)
/tmp/dssat_dual_v1_s30egzz1/source/Plant/CANEGRO-Sugarcane/SC_CNG_mods.for:748:42:

  747 |               DO J=1,MAX_TILLER_COHORTS
      |                                       2   
  748 |                   CaneCrop%LEN(J,I) = LEN(J,I)
      |                                          1
Warning: Array reference at (1) out of bounds (100 > 30) in loop beginning at (2)
/tmp/dssat_dual_v1_s30egzz1/source/Plant/CANEGRO-Sugarcane/SC_CNG_mods.for:779:21:

  778 |           DO I=1,MAX_TILLER_COHORTS
      |                                   2
  779 |               DEDLFN(I) = CaneCrop%DEDLFN(I)
      |                     1
Warning: Array reference at (1) out of bounds (100 > 30) in loop beginning at (2)
/tmp/dssat_dual_v1_s30egzz1/source/Plant/CANEGRO-Sugarcane/SC_CNG_mods.for:780:18:

  778 |           DO I=1,MAX_TILLER_COHORTS
      |                                   2
  779 |               DEDLFN(I) = CaneCrop%DEDLFN(I)
  780 |               LFN(I)    = CaneCrop%LFN(I)
      |                  1
Warning: Array reference at (1) out of bounds (100 > 30) in loop beginning at (2)
/tmp/dssat_dual_v1_s30egzz1/source/Plant/CANEGRO-Sugarcane/SC_CNG_mods.for:781:21:

  778 |           DO I=1,MAX_TILLER_COHORTS
      |                                   2
......
  781 |               POPMAX(I) = CaneCrop%POPMAX(I)
      |                     1
Warning: Array reference at (1) out of bounds (100 > 30) in loop beginning at (2)
/tmp/dssat_dual_v1_s30egzz1/source/Plant/CANEGRO-Sugarcane/SC_CNG_mods.for:782:21:

  778 |           DO I=1,MAX_TILLER_COHORTS
      |                                   2
......
  782 |               TEMPOP(I) = CaneCrop%TEMPOP(I)
      |                     1
Warning: Array reference at (1) out of bounds (100 > 30) in loop beginning at (2)
/tmp/dssat_dual_v1_s30egzz1/source/Plant/CANEGRO-Sugarcane/SC_CNG_mods.for:790:22:

  789 |               DO J=1,MAX_TILLER_COHORTS
      |                                       2
  790 |                   LEN(J,I) = CaneCrop%LEN(J,I)
      |                      1
Warning: Array reference at (1) out of bounds (100 > 30) in loop beginning at (2)
/tmp/dssat_dual_v1_s30egzz1/source/Plant/CANEGRO-Sugarcane/SC_CNG_mods.for:1002:20:

 1001 |       DO I=1,MAX_TILLER_COHORTS
      |                               2
 1002 |           WRITE(MSG(I+8),100) 'TEMPOP(I)', CaneCrop%TEMPOP(I)
      |                    1
Warning: Array reference at (1) out of bounds (108 > 38) in loop beginning at (2)
[ 81%] Building Fortran object CMakeFiles/dscsm048.dir/Plant/CERES-SharedFiles/SLigCeres.for.o
[ 82%] Building Fortran object CMakeFiles/dscsm048.dir/Plant/CSYCA-Cassava/YCA_Control_Leaf.f90.o
f951: Warning: ‘-fd-lines-as-comments’ has no effect in free form
[ 82%] Building Fortran object CMakeFiles/dscsm048.dir/Utilities/OPSUM.for.o
[ 82%] Building Fortran object CMakeFiles/dscsm048.dir/CSM_Main/LAND.for.o
[ 82%] Building Fortran object CMakeFiles/dscsm048.dir/InputModule/ipexp.for.o
[ 82%] Building Fortran object CMakeFiles/dscsm048.dir/InputModule/IPSIM.for.o
[ 82%] Building Fortran object CMakeFiles/dscsm048.dir/Management/OM_Place.for.o
[ 83%] Building Fortran object CMakeFiles/dscsm048.dir/Plant/CERES-Maize/MZ_OPGROW.for.o
[ 83%] Building Fortran object CMakeFiles/dscsm048.dir/Plant/CERES-Maize/MZ_OPNIT.for.o
[ 83%] Building Fortran object CMakeFiles/dscsm048.dir/Plant/CERES-Millet/ML_OPGROW.for.o
[ 83%] Building Fortran object CMakeFiles/dscsm048.dir/Plant/CERES-Rice/RI_Opgrow.for.o
[ 83%] Building Fortran object CMakeFiles/dscsm048.dir/Plant/CERES-TEFF/TEFF_Opgrow.for.o
[ 83%] Building Fortran object CMakeFiles/dscsm048.dir/Plant/CROPGRO/Opgrow.for.o
[ 83%] Building Fortran object CMakeFiles/dscsm048.dir/Plant/CERES-Wheat_Barley/CSCER.for.o
[ 84%] Building Fortran object CMakeFiles/dscsm048.dir/Plant/CERES-Wheat_Barley/CSCERES_Interface.for.o
[ 84%] Building Fortran object CMakeFiles/dscsm048.dir/Plant/CERES-Wheat_Barley/CER_Output.for.o
/tmp/dssat_dual_v1_s30egzz1/source/Plant/CERES-Wheat_Barley/CER_Output.for:1609:23:

 1609 |               PAUSE ' '
      |                       1
Warning: Deleted feature: PAUSE statement at (1)
/tmp/dssat_dual_v1_s30egzz1/source/Plant/CERES-Wheat_Barley/CER_Output.for:1651:23:

 1651 |               PAUSE ' '
      |                       1
Warning: Deleted feature: PAUSE statement at (1)
/tmp/dssat_dual_v1_s30egzz1/source/Plant/CERES-Wheat_Barley/CER_Output.for:1684:23:

 1684 |               PAUSE ' '
      |                       1
Warning: Deleted feature: PAUSE statement at (1)
[ 84%] Building Fortran object CMakeFiles/dscsm048.dir/Plant/CSYCA-Cassava/YCA_Integ_EndCrop.f90.o
f951: Warning: ‘-fd-lines-as-comments’ has no effect in free form
[ 84%] Building Fortran object CMakeFiles/dscsm048.dir/Plant/CSYCA-Cassava/YCA_Integ_SeasEnd.f90.o
f951: Warning: ‘-fd-lines-as-comments’ has no effect in free form
[ 84%] Building Fortran object CMakeFiles/dscsm048.dir/Plant/CSYCA-Cassava/YCA_Integ_WthrSum.f90.o
f951: Warning: ‘-fd-lines-as-comments’ has no effect in free form
[ 84%] Building Fortran object CMakeFiles/dscsm048.dir/Plant/CSYCA-Cassava/YCA_Out_FreshWt.f90.o
f951: Warning: ‘-fd-lines-as-comments’ has no effect in free form
[ 84%] Building Fortran object CMakeFiles/dscsm048.dir/Plant/CSYCA-Cassava/YCA_Out_PlGrow.f90.o
f951: Warning: ‘-fd-lines-as-comments’ has no effect in free form
[ 84%] Building Fortran object CMakeFiles/dscsm048.dir/Plant/CSYCA-Cassava/YCA_Out_WrkPhenRes.f90.o
f951: Warning: ‘-fd-lines-as-comments’ has no effect in free form
[ 84%] Building Fortran object CMakeFiles/dscsm048.dir/Plant/FORAGE/for_opgrow.for.o
[ 84%] Building Fortran object CMakeFiles/dscsm048.dir/Plant/Generic-PlantP/OpPlantP.for.o
[ 84%] Building Fortran object CMakeFiles/dscsm048.dir/Plant/OilCrop-Sunflower/SU_OPGROW.for.o
[ 84%] Building Fortran object CMakeFiles/dscsm048.dir/Plant/OilCrop-Sunflower/SU_OPNIT.for.o
[ 84%] Building Fortran object CMakeFiles/dscsm048.dir/Plant/SAMUCA-Sugarcane/SC_Det_outputs.f90.o
f951: Warning: ‘-fd-lines-as-comments’ has no effect in free form
[ 85%] Building Fortran object CMakeFiles/dscsm048.dir/Plant/SAMUCA-Sugarcane/SC_OPHARV_SAM.f90.o
f951: Warning: ‘-fd-lines-as-comments’ has no effect in free form
[ 85%] Building Fortran object CMakeFiles/dscsm048.dir/Plant/SAMUCA-Sugarcane/SC_OUTPUT_SAM.for.o
[ 85%] Building Fortran object CMakeFiles/dscsm048.dir/Plant/SAMUCA-Sugarcane/SC_SAMUCA_MODEL.f90.o
f951: Warning: ‘-fd-lines-as-comments’ has no effect in free form
/tmp/dssat_dual_v1_s30egzz1/source/Plant/SAMUCA-Sugarcane/SC_SAMUCA_MODEL.f90:696:8:

  696 |     save
      |        1
Warning: Legacy Extension: Blanket SAVE statement at (1) follows previous SAVE statement
/tmp/dssat_dual_v1_s30egzz1/source/Plant/SAMUCA-Sugarcane/SC_SAMUCA_MODEL.f90:1718:22:

 1718 |         tempfac_h_per(hour)   = min(1.d0, max(0.d0, thour(hour) - tbper) / (tbMax_per - tbper))
      |                      1
Warning: Legacy Extension: REAL array index at (1)
/tmp/dssat_dual_v1_s30egzz1/source/Plant/SAMUCA-Sugarcane/SC_SAMUCA_MODEL.f90:1718:58:

 1718 |         tempfac_h_per(hour)   = min(1.d0, max(0.d0, thour(hour) - tbper) / (tbMax_per - tbper))
      |                                                          1
Warning: Legacy Extension: REAL array index at (1)
/tmp/dssat_dual_v1_s30egzz1/source/Plant/SAMUCA-Sugarcane/SC_SAMUCA_MODEL.f90:1717:7:

 1717 |     do hour = 1, 24
      |       1
Warning: Deleted feature: Loop variable at (1) must be integer
/tmp/dssat_dual_v1_s30egzz1/source/Plant/SAMUCA-Sugarcane/SC_SAMUCA_MODEL.f90:1940:41:

 1940 |                 dead_lai    = sum(phprof(lf_dpos : (lf_dpos + aint(nsenesleaf_effect)), 5)) * nstk_now * tilleragefac * 1.e-4 * fdeadlf
      |                                         1
Warning: Legacy Extension: REAL array index at (1)
/tmp/dssat_dual_v1_s30egzz1/source/Plant/SAMUCA-Sugarcane/SC_SAMUCA_MODEL.f90:1940:50:

 1940 |                 dead_lai    = sum(phprof(lf_dpos : (lf_dpos + aint(nsenesleaf_effect)), 5)) * nstk_now * tilleragefac * 1.e-4 * fdeadlf
      |                                                  1
Warning: Legacy Extension: REAL array index at (1)
/tmp/dssat_dual_v1_s30egzz1/source/Plant/SAMUCA-Sugarcane/SC_SAMUCA_MODEL.f90:2937:44:

 2937 |                             per_hour = dpercoeff * tempfac_h_per(hour) * swface * agefactor_per
      |                                                                 1
Warning: Legacy Extension: REAL array index at (1)
/tmp/dssat_dual_v1_s30egzz1/source/Plant/SAMUCA-Sugarcane/SC_SAMUCA_MODEL.f90:2935:15:

 2935 |             do hour = 1, 24
      |               1
Warning: Deleted feature: Loop variable at (1) must be integer
[ 86%] Building Fortran object CMakeFiles/dscsm048.dir/Soil/CENTURY_OrganicMatter/OPSOMLIT_C.for.o
[ 86%] Building Fortran object CMakeFiles/dscsm048.dir/Soil/CENTURY_OrganicMatter/RPLACE_C.for.o
[ 86%] Building Fortran object CMakeFiles/dscsm048.dir/Soil/CENTURY_OrganicMatter/SENESADD_C.for.o
[ 86%] Building Fortran object CMakeFiles/dscsm048.dir/Soil/CENTURY_OrganicMatter/SoilCNPinit_C.for.o
[ 86%] Building Fortran object CMakeFiles/dscsm048.dir/Soil/CENTURY_OrganicMatter/SoilPoBal_C.for.o
[ 86%] Building Fortran object CMakeFiles/dscsm048.dir/Soil/CERES_OrganicMatter/OpSoilOrg.for.o
[ 86%] Building Fortran object CMakeFiles/dscsm048.dir/Soil/CERES_OrganicMatter/SoilOrg_init.for.o
[ 86%] Building Fortran object CMakeFiles/dscsm048.dir/Soil/Inorganic_K/SoilKi.for.o
[ 86%] Building Fortran object CMakeFiles/dscsm048.dir/Soil/Inorganic_N/OPSOILNI.for.o
[ 86%] Building Fortran object CMakeFiles/dscsm048.dir/Soil/Inorganic_P/OpSoilPi.for.o
[ 86%] Building Fortran object CMakeFiles/dscsm048.dir/Soil/Inorganic_P/SoilPi.for.o
[ 86%] Building Fortran object CMakeFiles/dscsm048.dir/Soil/Inorganic_P/SoilPiBal.for.o
[ 86%] Building Fortran object CMakeFiles/dscsm048.dir/Soil/Mulch/MULCHLAYER.for.o
[ 86%] Building Fortran object CMakeFiles/dscsm048.dir/Soil/Mulch/OPMULCH.for.o
[ 87%] Building Fortran object CMakeFiles/dscsm048.dir/Soil/SoilWater/OPWBAL.for.o
[ 87%] Building Fortran object CMakeFiles/dscsm048.dir/SPAM/OPETPHOT.for.o
[ 87%] Building Fortran object CMakeFiles/dscsm048.dir/SPAM/OpStemp.for.o
[ 87%] Building Fortran object CMakeFiles/dscsm048.dir/SPAM/SPSUBS.for.o
[ 88%] Building Fortran object CMakeFiles/dscsm048.dir/SPAM/TRANS.for.o
[ 88%] Building Fortran object CMakeFiles/dscsm048.dir/Weather/OPWEATH.for.o
[ 88%] Building Fortran object CMakeFiles/dscsm048.dir/Weather/weathr.for.o
[ 88%] Building Fortran object CMakeFiles/dscsm048.dir/Plant/CSYCA-Cassava/YCA_Model_VPD_Interface.f90.o
f951: Warning: ‘-fd-lines-as-comments’ has no effect in free form
[ 88%] Building Fortran object CMakeFiles/dscsm048.dir/Soil/GHG/GHG_mod.for.o
[ 89%] Building Fortran object CMakeFiles/dscsm048.dir/Utilities/Info.for.o
[ 89%] Building Fortran object CMakeFiles/dscsm048.dir/Utilities/OPSTRESS.for.o
[ 90%] Building Fortran object CMakeFiles/dscsm048.dir/Utilities/OPVIEW.for.o
[ 90%] Building Fortran object CMakeFiles/dscsm048.dir/Utilities/Warning.for.o
[ 91%] Building Fortran object CMakeFiles/dscsm048.dir/CSM_Main/CSM.for.o
[ 91%] Building Fortran object CMakeFiles/dscsm048.dir/Management/Fert_Place.for.o
[ 92%] Building Fortran object CMakeFiles/dscsm048.dir/Management/MgmtOps.for.o
[ 92%] Building Fortran object CMakeFiles/dscsm048.dir/Plant/ALOHA-Pineapple/Aloha_GROSUB.for.o
[ 92%] Building Fortran object CMakeFiles/dscsm048.dir/Plant/ALOHA-Pineapple/Aloha_OPGROW.f90.o
f951: Warning: ‘-fd-lines-as-comments’ has no effect in free form
[ 92%] Building Fortran object CMakeFiles/dscsm048.dir/Plant/ALOHA-Pineapple/Aloha_OPHARV.for.o
[ 92%] Building Fortran object CMakeFiles/dscsm048.dir/Plant/ALOHA-Pineapple/Aloha_PHENOL.for.o
[ 92%] Building Fortran object CMakeFiles/dscsm048.dir/Plant/ALOHA-Pineapple/Aloha_PINE.for.o
[ 92%] Building Fortran object CMakeFiles/dscsm048.dir/Plant/ALOHA-Pineapple/Aloha_ROOTGR.for.o
[ 92%] Building Fortran object CMakeFiles/dscsm048.dir/Plant/CANEGRO-Sugarcane/SC_Canop3.for.o
/tmp/dssat_dual_v1_s30egzz1/source/Plant/CANEGRO-Sugarcane/SC_Canop3.for:1260:42:

 1260 |   30       GLASHT=GLASHT+AREAMX(L)*areduc
      |                                          1
Warning: Fortran 2018 deleted feature: DO termination statement which is not END DO or CONTINUE with label 30 at (1)
/tmp/dssat_dual_v1_s30egzz1/source/Plant/CANEGRO-Sugarcane/SC_Canop3.for:1271:43:

 1271 |   32       TLASHT=TLASHT+AREAMX(L)*areduc
      |                                           1
Warning: Fortran 2018 deleted feature: DO termination statement which is not END DO or CONTINUE with label 32 at (1)
/tmp/dssat_dual_v1_s30egzz1/source/Plant/CANEGRO-Sugarcane/SC_Canop3.for:1306:25:

 1306 |   40    SHOOTX(N1)=GLASHT
      |                         1
Warning: Fortran 2018 deleted feature: DO termination statement which is not END DO or CONTINUE with label 40 at (1)
[ 92%] Building Fortran object CMakeFiles/dscsm048.dir/Plant/CANEGRO-Sugarcane/SC_CCOUT.for.o
[ 92%] Building Fortran object CMakeFiles/dscsm048.dir/Plant/CANEGRO-Sugarcane/SC_CNGRO.for.o
[ 92%] Building Fortran object CMakeFiles/dscsm048.dir/Plant/CANEGRO-Sugarcane/SC_COEFFS.for.o
[ 92%] Building Fortran object CMakeFiles/dscsm048.dir/Plant/CANEGRO-Sugarcane/SC_ETOUT.for.o
[ 92%] Building Fortran object CMakeFiles/dscsm048.dir/Plant/CANEGRO-Sugarcane/SC_GTP_SHOOTS.for.o
[ 92%] Building Fortran object CMakeFiles/dscsm048.dir/Plant/CANEGRO-Sugarcane/SC_OPHARV.for.o
[ 93%] Building Fortran object CMakeFiles/dscsm048.dir/Plant/CANEGRO-Sugarcane/SC_OUTPUT.for.o
[ 93%] Building Fortran object CMakeFiles/dscsm048.dir/Plant/CANEGRO-Sugarcane/SC_PARTIT.for.o
[ 93%] Building Fortran object CMakeFiles/dscsm048.dir/Plant/CANEGRO-Sugarcane/SC_PHENOL.for.o
[ 93%] Building Fortran object CMakeFiles/dscsm048.dir/Plant/CANEGRO-Sugarcane/SC_PHOTOS.for.o
[ 93%] Building Fortran object CMakeFiles/dscsm048.dir/Plant/CANEGRO-Sugarcane/SC_Poplt3.for.o
[ 93%] Building Fortran object CMakeFiles/dscsm048.dir/Plant/CANEGRO-Sugarcane/SC_ROOTG.for.o
/tmp/dssat_dual_v1_s30egzz1/source/Plant/CANEGRO-Sugarcane/SC_ROOTG.for:543:25:

  543 |  3000 TRLDF=TRLDF+RLDF(L)
      |                         1
Warning: Fortran 2018 deleted feature: DO termination statement which is not END DO or CONTINUE with label 3000 at (1)
[ 93%] Building Fortran object CMakeFiles/dscsm048.dir/Plant/CANEGRO-Sugarcane/SC_NITRO.for.o
[ 93%] Building Fortran object CMakeFiles/dscsm048.dir/Plant/CANEGRO-Sugarcane/SC_OPNIT.for.o
[ 93%] Building Fortran object CMakeFiles/dscsm048.dir/Plant/CERES-IXIM-Maize/MZ_IX_GROSUB.for.o
[ 93%] Building Fortran object CMakeFiles/dscsm048.dir/Plant/CERES-Maize/MZ_GROSUB.for.o
[ 94%] Building Fortran object CMakeFiles/dscsm048.dir/Plant/CERES-Millet/ML_GROSUB.for.o
[ 94%] Building Fortran object CMakeFiles/dscsm048.dir/Plant/CERES-Rice/RI_Grosub.for.o
[ 94%] Building Fortran object CMakeFiles/dscsm048.dir/Plant/CERES-TEFF/TEFF_Grosub.for.o
[ 94%] Building Fortran object CMakeFiles/dscsm048.dir/Plant/CERES-SharedFiles/HResCeres.for.o
[ 94%] Building Fortran object CMakeFiles/dscsm048.dir/Plant/CERES-Sorghum/SG_GROSUB.for.o
[ 95%] Building Fortran object CMakeFiles/dscsm048.dir/Plant/CERES-Sugarbeet/BS_GROSUB.for.o
[ 95%] Building Fortran object CMakeFiles/dscsm048.dir/Plant/CERES-SweetCorn/SW_GROSUB.for.o
[ 95%] Building Fortran object CMakeFiles/dscsm048.dir/Plant/CSYCA-Cassava/YCA_Growth_Distribute.f90.o
f951: Warning: ‘-fd-lines-as-comments’ has no effect in free form
[ 95%] Building Fortran object CMakeFiles/dscsm048.dir/Plant/CSYCA-Cassava/YCA_Growth_NUptake.f90.o
f951: Warning: ‘-fd-lines-as-comments’ has no effect in free form
[ 95%] Building Fortran object CMakeFiles/dscsm048.dir/Plant/CSYCA-Cassava/YCA_Growth_Senesce.f90.o
f951: Warning: ‘-fd-lines-as-comments’ has no effect in free form
/tmp/dssat_dual_v1_s30egzz1/source/Plant/CSYCA-Cassava/YCA_Growth_NUptake.f90:260:22:

  260 |             DO BR = 0, BRSTAGE                                                                                        !LPM23MAY2015 To consider different N concentration by node according with age
      |                      1
Warning: Deleted feature: End expression in DO loop at (1) must be integer
[ 96%] Building Fortran object CMakeFiles/dscsm048.dir/Plant/CSYCA-Cassava/YCA_Integ_AgesWts.f90.o
f951: Warning: ‘-fd-lines-as-comments’ has no effect in free form
[ 96%] Building Fortran object CMakeFiles/dscsm048.dir/Plant/CSYCA-Cassava/YCA_Integ_LA.f90.o
f951: Warning: ‘-fd-lines-as-comments’ has no effect in free form
[ 96%] Building Fortran object CMakeFiles/dscsm048.dir/Plant/CSYCA-Cassava/YCA_Integ_N.f90.o
f951: Warning: ‘-fd-lines-as-comments’ has no effect in free form
[ 97%] Building Fortran object CMakeFiles/dscsm048.dir/Plant/CSYCA-Cassava/YCA_Integ_Nconc.f90.o
f951: Warning: ‘-fd-lines-as-comments’ has no effect in free form
[ 97%] Building Fortran object CMakeFiles/dscsm048.dir/Plant/CSYCA-Cassava/YCA_Out_ModFail.f90.o
f951: Warning: ‘-fd-lines-as-comments’ has no effect in free form
[ 97%] Building Fortran object CMakeFiles/dscsm048.dir/Plant/NTEF/TF_GROSUB.for.o
[ 97%] Building Fortran object CMakeFiles/dscsm048.dir/Plant/NWHEAT/WH_GROSUB.for.o
[ 97%] Building Fortran object CMakeFiles/dscsm048.dir/Plant/OilCrop-Sunflower/SU_GROSUB.for.o
[ 97%] Building Fortran object CMakeFiles/dscsm048.dir/Weather/IPWTH_alt.for.o
[ 97%] Building Fortran object CMakeFiles/dscsm048.dir/Weather/WGEN.for.o
[ 97%] Building Fortran object CMakeFiles/dscsm048.dir/Soil/SOIL.for.o
[ 97%] Building Fortran object CMakeFiles/dscsm048.dir/Soil/CENTURY_OrganicMatter/CENTURY.for.o
[ 97%] Building Fortran object CMakeFiles/dscsm048.dir/Soil/CERES_OrganicMatter/SoilOrg.for.o
[ 97%] Building Fortran object CMakeFiles/dscsm048.dir/Soil/GHG/Denit_Ceres.for.o
[ 98%] Building Fortran object CMakeFiles/dscsm048.dir/Soil/GHG/Denit_DayCent.for.o
[ 98%] Building Fortran object CMakeFiles/dscsm048.dir/Soil/GHG/Methane.for.o
[ 98%] Building Fortran object CMakeFiles/dscsm048.dir/Soil/Inorganic_N/SOILNI.for.o
[ 98%] Building Fortran object CMakeFiles/dscsm048.dir/Soil/SoilUtilities/SoilCBal.for.o
[ 98%] Building Fortran object CMakeFiles/dscsm048.dir/Plant/CSYCA-Cassava/YCA_Control_Photosynthesis.f90.o
f951: Warning: ‘-fd-lines-as-comments’ has no effect in free form
[ 98%] Building Fortran object CMakeFiles/dscsm048.dir/Soil/SoilUtilities/SoilNBalSum.for.o
[ 98%] Building Fortran object CMakeFiles/dscsm048.dir/Plant/CSYCA-Cassava/YCA_Growth_Photo.f90.o
f951: Warning: ‘-fd-lines-as-comments’ has no effect in free form
[ 98%] Building Fortran object CMakeFiles/dscsm048.dir/Plant/CSYCA-Cassava/YCA_Growth_Rates.f90.o
f951: Warning: ‘-fd-lines-as-comments’ has no effect in free form
[ 99%] Building Fortran object CMakeFiles/dscsm048.dir/Soil/CENTURY_OrganicMatter/SoilNoBal_C.for.o
[ 99%] Building Fortran object CMakeFiles/dscsm048.dir/Soil/Inorganic_N/SoilNiBal.for.o
[ 99%] Building Fortran object CMakeFiles/dscsm048.dir/Soil/SoilUtilities/SoilNoPoBal.for.o
[100%] Linking Fortran executable bin/dscsm048
[100%] Built target dscsm048

$ cmake --install /tmp/dssat_dual_v1_s30egzz1/build_M0
-- Install configuration: "RELEASE"
-- Installing: /tmp/dssat_dual_v1_s30egzz1/run_M0/./dscsm048
-- Installing: /tmp/dssat_dual_v1_s30egzz1/run_M0/./run_dssat
-- Up-to-date: /tmp/dssat_dual_v1_s30egzz1/run_M0/.
-- Installing: /tmp/dssat_dual_v1_s30egzz1/run_M0/./PEST.CDE
-- Installing: /tmp/dssat_dual_v1_s30egzz1/run_M0/./OUTPUT.CDE
-- Installing: /tmp/dssat_dual_v1_s30egzz1/run_M0/./GRSTAGE.CDE
-- Installing: /tmp/dssat_dual_v1_s30egzz1/run_M0/./DSSATPRO.v48
-- Installing: /tmp/dssat_dual_v1_s30egzz1/run_M0/./DSSATPRO.L48
-- Installing: /tmp/dssat_dual_v1_s30egzz1/run_M0/./WEATHER.CDE
-- Installing: /tmp/dssat_dual_v1_s30egzz1/run_M0/./SOIL.CDE
-- Installing: /tmp/dssat_dual_v1_s30egzz1/run_M0/./ECONOMIC.CDE
-- Installing: /tmp/dssat_dual_v1_s30egzz1/run_M0/./Help
-- Installing: /tmp/dssat_dual_v1_s30egzz1/run_M0/./Help/What is DSSAT.pdf
-- Installing: /tmp/dssat_dual_v1_s30egzz1/run_M0/./Help/DSSAT v4.8 License & Warranty Agreement.pdf
-- Installing: /tmp/dssat_dual_v1_s30egzz1/run_M0/./Help/DSSAT48.rtf
-- Installing: /tmp/dssat_dual_v1_s30egzz1/run_M0/./Help/DSSAT_Input_Files.chm
-- Installing: /tmp/dssat_dual_v1_s30egzz1/run_M0/./Help/DSSAT48.chm
-- Installing: /tmp/dssat_dual_v1_s30egzz1/run_M0/./Help/How to Cite DSSAT.pdf
-- Installing: /tmp/dssat_dual_v1_s30egzz1/run_M0/./Help/Installv48.chm
-- Installing: /tmp/dssat_dual_v1_s30egzz1/run_M0/./BatchFiles
-- Installing: /tmp/dssat_dual_v1_s30egzz1/run_M0/./BatchFiles/Potato.v48
-- Installing: /tmp/dssat_dual_v1_s30egzz1/run_M0/./BatchFiles/PearlMillet.v48
-- Installing: /tmp/dssat_dual_v1_s30egzz1/run_M0/./BatchFiles/SweetCorn.v48
-- Installing: /tmp/dssat_dual_v1_s30egzz1/run_M0/./BatchFiles/Sugarbeet.v48
-- Installing: /tmp/dssat_dual_v1_s30egzz1/run_M0/./BatchFiles/Pineapple.v48
-- Installing: /tmp/dssat_dual_v1_s30egzz1/run_M0/./BatchFiles/Sunflower.v48
-- Installing: /tmp/dssat_dual_v1_s30egzz1/run_M0/./BatchFiles/Bambara.v48
-- Installing: /tmp/dssat_dual_v1_s30egzz1/run_M0/./BatchFiles/GreenBean.v48
-- Installing: /tmp/dssat_dual_v1_s30egzz1/run_M0/./BatchFiles/Wheat.v48
-- Installing: /tmp/dssat_dual_v1_s30egzz1/run_M0/./BatchFiles/Sugarcane.v48
-- Installing: /tmp/dssat_dual_v1_s30egzz1/run_M0/./BatchFiles/Guineagrass.v48
-- Installing: /tmp/dssat_dual_v1_s30egzz1/run_M0/./BatchFiles/Canola.v48
-- Installing: /tmp/dssat_dual_v1_s30egzz1/run_M0/./BatchFiles/Brachiaria.v48
-- Installing: /tmp/dssat_dual_v1_s30egzz1/run_M0/./BatchFiles/All.L48
-- Installing: /tmp/dssat_dual_v1_s30egzz1/run_M0/./BatchFiles/All.v48
-- Installing: /tmp/dssat_dual_v1_s30egzz1/run_M0/./BatchFiles/Peanut.v48
-- Installing: /tmp/dssat_dual_v1_s30egzz1/run_M0/./BatchFiles/Barley.v48
-- Installing: /tmp/dssat_dual_v1_s30egzz1/run_M0/./BatchFiles/BellPepper.v48
-- Installing: /tmp/dssat_dual_v1_s30egzz1/run_M0/./BatchFiles/Cassava.v48
-- Installing: /tmp/dssat_dual_v1_s30egzz1/run_M0/./BatchFiles/Fababean.v48
-- Installing: /tmp/dssat_dual_v1_s30egzz1/run_M0/./BatchFiles/Guar.v48
-- Installing: /tmp/dssat_dual_v1_s30egzz1/run_M0/./BatchFiles/CROPGRO.v48
-- Installing: /tmp/dssat_dual_v1_s30egzz1/run_M0/./BatchFiles/Rice.v48
-- Installing: /tmp/dssat_dual_v1_s30egzz1/run_M0/./BatchFiles/Tanier.v48
-- Installing: /tmp/dssat_dual_v1_s30egzz1/run_M0/./BatchFiles/Strawberry.v48
-- Installing: /tmp/dssat_dual_v1_s30egzz1/run_M0/./BatchFiles/Taro.v48
-- Installing: /tmp/dssat_dual_v1_s30egzz1/run_M0/./BatchFiles/Bermuda.v48
-- Installing: /tmp/dssat_dual_v1_s30egzz1/run_M0/./BatchFiles/Carinata.v48
-- Installing: /tmp/dssat_dual_v1_s30egzz1/run_M0/./BatchFiles/Tomato.v48
-- Installing: /tmp/dssat_dual_v1_s30egzz1/run_M0/./BatchFiles/Bahia.v48
-- Installing: /tmp/dssat_dual_v1_s30egzz1/run_M0/./BatchFiles/Alfalfa.v48
-- Installing: /tmp/dssat_dual_v1_s30egzz1/run_M0/./BatchFiles/Fallow.v48
-- Installing: /tmp/dssat_dual_v1_s30egzz1/run_M0/./BatchFiles/Cowpea.v48
-- Installing: /tmp/dssat_dual_v1_s30egzz1/run_M0/./BatchFiles/Pigeonpea.v48
-- Installing: /tmp/dssat_dual_v1_s30egzz1/run_M0/./BatchFiles/Drybean.v48
-- Installing: /tmp/dssat_dual_v1_s30egzz1/run_M0/./BatchFiles/Velvetbean.v48
-- Installing: /tmp/dssat_dual_v1_s30egzz1/run_M0/./BatchFiles/Sorghum.v48
-- Installing: /tmp/dssat_dual_v1_s30egzz1/run_M0/./BatchFiles/Lentil.v48
-- Installing: /tmp/dssat_dual_v1_s30egzz1/run_M0/./BatchFiles/Safflower.v48
-- Installing: /tmp/dssat_dual_v1_s30egzz1/run_M0/./BatchFiles/Chickpea.v48
-- Installing: /tmp/dssat_dual_v1_s30egzz1/run_M0/./BatchFiles/Chia.v48
-- Installing: /tmp/dssat_dual_v1_s30egzz1/run_M0/./BatchFiles/Maize.v48
-- Installing: /tmp/dssat_dual_v1_s30egzz1/run_M0/./BatchFiles/Amaranth.v48
-- Installing: /tmp/dssat_dual_v1_s30egzz1/run_M0/./BatchFiles/Cabbage.v48
-- Installing: /tmp/dssat_dual_v1_s30egzz1/run_M0/./BatchFiles/Quinoa.v48
-- Installing: /tmp/dssat_dual_v1_s30egzz1/run_M0/./BatchFiles/Cotton.v48
-- Installing: /tmp/dssat_dual_v1_s30egzz1/run_M0/./BatchFiles/Teff.v48
-- Installing: /tmp/dssat_dual_v1_s30egzz1/run_M0/./BatchFiles/Soybean.v48
-- Installing: /tmp/dssat_dual_v1_s30egzz1/run_M0/./Default
-- Installing: /tmp/dssat_dual_v1_s30egzz1/run_M0/./Default/GENCALC2.rul
-- Installing: /tmp/dssat_dual_v1_s30egzz1/run_M0/./Default/GENCALC2.ABT
-- Installing: /tmp/dssat_dual_v1_s30egzz1/run_M0/./Default/Simulate_Sequence.def
-- Installing: /tmp/dssat_dual_v1_s30egzz1/run_M0/./Default/Weather.var
-- Installing: /tmp/dssat_dual_v1_s30egzz1/run_M0/./Default/Simulate_Spatial.def
-- Installing: /tmp/dssat_dual_v1_s30egzz1/run_M0/./Default/Simulate.def
-- Installing: /tmp/dssat_dual_v1_s30egzz1/run_M0/./Default/Simulate_Forecast.def
-- Installing: /tmp/dssat_dual_v1_s30egzz1/run_M0/./Default/Simulate_Seasonal.def
-- Installing: /tmp/dssat_dual_v1_s30egzz1/run_M0/./GCOEFF.CDE
-- Installing: /tmp/dssat_dual_v1_s30egzz1/run_M0/./SIMULATION.CDE
-- Installing: /tmp/dssat_dual_v1_s30egzz1/run_M0/./Genotype
-- Installing: /tmp/dssat_dual_v1_s30egzz1/run_M0/./Genotype/MZIXM048.SPE
-- Installing: /tmp/dssat_dual_v1_s30egzz1/run_M0/./Genotype/CSCAS048.ECO
-- Installing: /tmp/dssat_dual_v1_s30egzz1/run_M0/./Genotype/BGGRO048.ECO
-- Installing: /tmp/dssat_dual_v1_s30egzz1/run_M0/./Genotype/WHAPS048.ECO
-- Installing: /tmp/dssat_dual_v1_s30egzz1/run_M0/./Genotype/BCGRO048.ECO
-- Installing: /tmp/dssat_dual_v1_s30egzz1/run_M0/./Genotype/GBGRO048.ECO
-- Installing: /tmp/dssat_dual_v1_s30egzz1/run_M0/./Genotype/SUGRO048.CUL
-- Installing: /tmp/dssat_dual_v1_s30egzz1/run_M0/./Genotype/BSCER048.SPE
-- Installing: /tmp/dssat_dual_v1_s30egzz1/run_M0/./Genotype/SWCER048.CUL
-- Installing: /tmp/dssat_dual_v1_s30egzz1/run_M0/./Genotype/CNGRO048.SPE
-- Installing: /tmp/dssat_dual_v1_s30egzz1/run_M0/./Genotype/SUOIL048.SPE
-- Installing: /tmp/dssat_dual_v1_s30egzz1/run_M0/./Genotype/BMFRM048.SPE
-- Installing: /tmp/dssat_dual_v1_s30egzz1/run_M0/./Genotype/RICER048.SPE
-- Installing: /tmp/dssat_dual_v1_s30egzz1/run_M0/./Genotype/BRGRO048.SPE
-- Installing: /tmp/dssat_dual_v1_s30egzz1/run_M0/./Genotype/SFGRO048.ECO
-- Installing: /tmp/dssat_dual_v1_s30egzz1/run_M0/./Genotype/CHGRO048.ECO
-- Installing: /tmp/dssat_dual_v1_s30egzz1/run_M0/./Genotype/TMGRO048.SPE
-- Installing: /tmp/dssat_dual_v1_s30egzz1/run_M0/./Genotype/CSYCA048.SPE
-- Installing: /tmp/dssat_dual_v1_s30egzz1/run_M0/./Genotype/CSYCA048.CUL
-- Installing: /tmp/dssat_dual_v1_s30egzz1/run_M0/./Genotype/BHFRM048.ECO
-- Installing: /tmp/dssat_dual_v1_s30egzz1/run_M0/./Genotype/SCCSP048.SPE
-- Installing: /tmp/dssat_dual_v1_s30egzz1/run_M0/./Genotype/COGRO048.CUL
-- Installing: /tmp/dssat_dual_v1_s30egzz1/run_M0/./Genotype/FBGRO048.ECO
-- Installing: /tmp/dssat_dual_v1_s30egzz1/run_M0/./Genotype/BACRP048.CUL
-- Installing: /tmp/dssat_dual_v1_s30egzz1/run_M0/./Genotype/QUGRO048.ECO
-- Installing: /tmp/dssat_dual_v1_s30egzz1/run_M0/./Genotype/G0GRO048.ECO
-- Installing: /tmp/dssat_dual_v1_s30egzz1/run_M0/./Genotype/GGFRM048.CUL
-- Installing: /tmp/dssat_dual_v1_s30egzz1/run_M0/./Genotype/CPGRO048.ECO
-- Installing: /tmp/dssat_dual_v1_s30egzz1/run_M0/./Genotype/GGFRM048.ECO
-- Installing: /tmp/dssat_dual_v1_s30egzz1/run_M0/./Genotype/WHCER048.SPE
-- Installing: /tmp/dssat_dual_v1_s30egzz1/run_M0/./Genotype/ALFRM048.ECO
-- Installing: /tmp/dssat_dual_v1_s30egzz1/run_M0/./Genotype/BNGRO048.CUL
-- Installing: /tmp/dssat_dual_v1_s30egzz1/run_M0/./Genotype/SWCER048.SPE
-- Installing: /tmp/dssat_dual_v1_s30egzz1/run_M0/./Genotype/BRGRO048.ECO
-- Installing: /tmp/dssat_dual_v1_s30egzz1/run_M0/./Genotype/SFGRO048.CUL
-- Installing: /tmp/dssat_dual_v1_s30egzz1/run_M0/./Genotype/G0GRO048.SPE
-- Installing: /tmp/dssat_dual_v1_s30egzz1/run_M0/./Genotype/SRGRO048.ECO
-- Installing: /tmp/dssat_dual_v1_s30egzz1/run_M0/./Genotype/PIALO048.CUL
-- Installing: /tmp/dssat_dual_v1_s30egzz1/run_M0/./Genotype/PRGRO048.CUL
-- Installing: /tmp/dssat_dual_v1_s30egzz1/run_M0/./Genotype/PPGRO048.ECO
-- Installing: /tmp/dssat_dual_v1_s30egzz1/run_M0/./Genotype/CBGRO048.SPE
-- Installing: /tmp/dssat_dual_v1_s30egzz1/run_M0/./Genotype/TFCER048.CUL
-- Installing: /tmp/dssat_dual_v1_s30egzz1/run_M0/./Genotype/CIGRO048.ECO
-- Installing: /tmp/dssat_dual_v1_s30egzz1/run_M0/./Genotype/MLCER048.ECO
-- Installing: /tmp/dssat_dual_v1_s30egzz1/run_M0/./Genotype/FBGRO048.CUL
-- Installing: /tmp/dssat_dual_v1_s30egzz1/run_M0/./Genotype/FBGRO048.SPE
-- Installing: /tmp/dssat_dual_v1_s30egzz1/run_M0/./Genotype/CIGRO048.SPE
-- Installing: /tmp/dssat_dual_v1_s30egzz1/run_M0/./Genotype/TRARO048.CUL
-- Installing: /tmp/dssat_dual_v1_s30egzz1/run_M0/./Genotype/BACER048.ECO
-- Installing: /tmp/dssat_dual_v1_s30egzz1/run_M0/./Genotype/LTGRO048.CUL
-- Installing: /tmp/dssat_dual_v1_s30egzz1/run_M0/./Genotype/WHAPS048.CUL
-- Installing: /tmp/dssat_dual_v1_s30egzz1/run_M0/./Genotype/TFAPS048.ECO
-- Installing: /tmp/dssat_dual_v1_s30egzz1/run_M0/./Genotype/SCCAN048.ECO
-- Installing: /tmp/dssat_dual_v1_s30egzz1/run_M0/./Genotype/SWCER048.ECO
-- Installing: /tmp/dssat_dual_v1_s30egzz1/run_M0/./Genotype/SCSAM048.SPE
-- Installing: /tmp/dssat_dual_v1_s30egzz1/run_M0/./Genotype/GYGRO048.SPE
-- Installing: /tmp/dssat_dual_v1_s30egzz1/run_M0/./Genotype/BHFRM048.CUL
-- Installing: /tmp/dssat_dual_v1_s30egzz1/run_M0/./Genotype/BGGRO048.CUL
-- Installing: /tmp/dssat_dual_v1_s30egzz1/run_M0/./Genotype/QUGRO048.SPE
-- Installing: /tmp/dssat_dual_v1_s30egzz1/run_M0/./Genotype/BCGRO048.SPE
-- Installing: /tmp/dssat_dual_v1_s30egzz1/run_M0/./Genotype/QUGRO048.CUL
-- Installing: /tmp/dssat_dual_v1_s30egzz1/run_M0/./Genotype/SCSAM048.ECO
-- Installing: /tmp/dssat_dual_v1_s30egzz1/run_M0/./Genotype/BNGRO048.ECO
-- Installing: /tmp/dssat_dual_v1_s30egzz1/run_M0/./Genotype/BRFRM048.ECO
-- Installing: /tmp/dssat_dual_v1_s30egzz1/run_M0/./Genotype/BACRP048.ECO
-- Installing: /tmp/dssat_dual_v1_s30egzz1/run_M0/./Genotype/CNGRO048.CUL
-- Installing: /tmp/dssat_dual_v1_s30egzz1/run_M0/./Genotype/BGGRO048.SPE
-- Installing: /tmp/dssat_dual_v1_s30egzz1/run_M0/./Genotype/WHCER048.ECO
-- Installing: /tmp/dssat_dual_v1_s30egzz1/run_M0/./Genotype/AMGRO048.CUL
-- Installing: /tmp/dssat_dual_v1_s30egzz1/run_M0/./Genotype/PNGRO048.ECO
-- Installing: /tmp/dssat_dual_v1_s30egzz1/run_M0/./Genotype/PRGRO048.ECO
-- Installing: /tmp/dssat_dual_v1_s30egzz1/run_M0/./Genotype/MZCER048.CUL
-- Installing: /tmp/dssat_dual_v1_s30egzz1/run_M0/./Genotype/BRFRM048.CUL
-- Installing: /tmp/dssat_dual_v1_s30egzz1/run_M0/./Genotype/CIGRO048.CUL
-- Installing: /tmp/dssat_dual_v1_s30egzz1/run_M0/./Genotype/TRARO048.SPE
-- Installing: /tmp/dssat_dual_v1_s30egzz1/run_M0/./Genotype/BMFRM048.ECO
-- Installing: /tmp/dssat_dual_v1_s30egzz1/run_M0/./Genotype/CNGRO048.ECO
-- Installing: /tmp/dssat_dual_v1_s30egzz1/run_M0/./Genotype/BHFRM048.SPE
-- Installing: /tmp/dssat_dual_v1_s30egzz1/run_M0/./Genotype/SCCSP048.ECO
-- Installing: /tmp/dssat_dual_v1_s30egzz1/run_M0/./Genotype/BRFRM048.SPE
-- Installing: /tmp/dssat_dual_v1_s30egzz1/run_M0/./Genotype/BHGRO048.ECO
-- Installing: /tmp/dssat_dual_v1_s30egzz1/run_M0/./Genotype/SCCAN048.SPE
-- Installing: /tmp/dssat_dual_v1_s30egzz1/run_M0/./Genotype/AMGRO048.ECO
-- Installing: /tmp/dssat_dual_v1_s30egzz1/run_M0/./Genotype/SGCER048.ECO
-- Installing: /tmp/dssat_dual_v1_s30egzz1/run_M0/./Genotype/BRGRO048.CUL
-- Installing: /tmp/dssat_dual_v1_s30egzz1/run_M0/./Genotype/TMGRO048.CUL
-- Installing: /tmp/dssat_dual_v1_s30egzz1/run_M0/./Genotype/PRGRO048.SPE
-- Installing: /tmp/dssat_dual_v1_s30egzz1/run_M0/./Genotype/BSCER048.CUL
-- Installing: /tmp/dssat_dual_v1_s30egzz1/run_M0/./Genotype/CSYCA048.ECO
-- Installing: /tmp/dssat_dual_v1_s30egzz1/run_M0/./Genotype/SFGRO048.SPE
-- Installing: /tmp/dssat_dual_v1_s30egzz1/run_M0/./Genotype/WHAPS048.SPE
-- Installing: /tmp/dssat_dual_v1_s30egzz1/run_M0/./Genotype/SUGRO048.SPE
-- Installing: /tmp/dssat_dual_v1_s30egzz1/run_M0/./Genotype/SRGRO048.SPE
-- Installing: /tmp/dssat_dual_v1_s30egzz1/run_M0/./Genotype/TMGRO048.ECO
-- Installing: /tmp/dssat_dual_v1_s30egzz1/run_M0/./Genotype/SUGRO048.ECO
-- Installing: /tmp/dssat_dual_v1_s30egzz1/run_M0/./Genotype/CHGRO048.CUL
-- Installing: /tmp/dssat_dual_v1_s30egzz1/run_M0/./Genotype/PIALO048.SPE
-- Installing: /tmp/dssat_dual_v1_s30egzz1/run_M0/./Genotype/MLCER048.CUL
-- Installing: /tmp/dssat_dual_v1_s30egzz1/run_M0/./Genotype/SCCAN048.CUL
-- Installing: /tmp/dssat_dual_v1_s30egzz1/run_M0/./Genotype/MZIXM048.CUL
-- Installing: /tmp/dssat_dual_v1_s30egzz1/run_M0/./Genotype/VBGRO048.ECO
-- Installing: /tmp/dssat_dual_v1_s30egzz1/run_M0/./Genotype/COGRO048.SPE
-- Installing: /tmp/dssat_dual_v1_s30egzz1/run_M0/./Genotype/WHCER048.CUL
-- Installing: /tmp/dssat_dual_v1_s30egzz1/run_M0/./Genotype/PTSUB048.SPE
-- Installing: /tmp/dssat_dual_v1_s30egzz1/run_M0/./Genotype/COGRO048.ECO
-- Installing: /tmp/dssat_dual_v1_s30egzz1/run_M0/./Genotype/BHGRO048.SPE
-- Installing: /tmp/dssat_dual_v1_s30egzz1/run_M0/./Genotype/BACER048.CUL
-- Installing: /tmp/dssat_dual_v1_s30egzz1/run_M0/./Genotype/PNGRO048.CUL
-- Installing: /tmp/dssat_dual_v1_s30egzz1/run_M0/./Genotype/PTSUB048.ECO
-- Installing: /tmp/dssat_dual_v1_s30egzz1/run_M0/./Genotype/CBGRO048.ECO
-- Installing: /tmp/dssat_dual_v1_s30egzz1/run_M0/./Genotype/VBGRO048.SPE
-- Installing: /tmp/dssat_dual_v1_s30egzz1/run_M0/./Genotype/VBGRO048.CUL
-- Installing: /tmp/dssat_dual_v1_s30egzz1/run_M0/./Genotype/LTGRO048.ECO
-- Installing: /tmp/dssat_dual_v1_s30egzz1/run_M0/./Genotype/BCGRO048.CUL
-- Installing: /tmp/dssat_dual_v1_s30egzz1/run_M0/./Genotype/MZCER048.SPE
-- Installing: /tmp/dssat_dual_v1_s30egzz1/run_M0/./Genotype/AMGRO048.SPE
-- Installing: /tmp/dssat_dual_v1_s30egzz1/run_M0/./Genotype/CSCAS048.CUL
-- Installing: /tmp/dssat_dual_v1_s30egzz1/run_M0/./Genotype/CPGRO048.CUL
-- Installing: /tmp/dssat_dual_v1_s30egzz1/run_M0/./Genotype/SBGRO048.CUL
-- Installing: /tmp/dssat_dual_v1_s30egzz1/run_M0/./Genotype/PTSUB048.CUL
-- Installing: /tmp/dssat_dual_v1_s30egzz1/run_M0/./Genotype/CSCAS048.SPE
-- Installing: /tmp/dssat_dual_v1_s30egzz1/run_M0/./Genotype/PPGRO048.CUL
-- Installing: /tmp/dssat_dual_v1_s30egzz1/run_M0/./Genotype/SUOIL048.ECO
-- Installing: /tmp/dssat_dual_v1_s30egzz1/run_M0/./Genotype/GGFRM048.SPE
-- Installing: /tmp/dssat_dual_v1_s30egzz1/run_M0/./Genotype/CHGRO048.SPE
-- Installing: /tmp/dssat_dual_v1_s30egzz1/run_M0/./Genotype/SGCER048.SPE
-- Installing: /tmp/dssat_dual_v1_s30egzz1/run_M0/./Genotype/LTGRO048.SPE
-- Installing: /tmp/dssat_dual_v1_s30egzz1/run_M0/./Genotype/RICER048.CUL
-- Installing: /tmp/dssat_dual_v1_s30egzz1/run_M0/./Genotype/CBGRO048.CUL
-- Installing: /tmp/dssat_dual_v1_s30egzz1/run_M0/./Genotype/SBGRO048.ECO
-- Installing: /tmp/dssat_dual_v1_s30egzz1/run_M0/./Genotype/BACRP048.SPE
-- Installing: /tmp/dssat_dual_v1_s30egzz1/run_M0/./Genotype/BNGRO048.SPE
-- Installing: /tmp/dssat_dual_v1_s30egzz1/run_M0/./Genotype/TNARO048.SPE
-- Installing: /tmp/dssat_dual_v1_s30egzz1/run_M0/./Genotype/SCCSP048.CUL
-- Installing: /tmp/dssat_dual_v1_s30egzz1/run_M0/./Genotype/PNGRO048.SPE
-- Installing: /tmp/dssat_dual_v1_s30egzz1/run_M0/./Genotype/MZCER048.ECO
-- Installing: /tmp/dssat_dual_v1_s30egzz1/run_M0/./Genotype/SBGRO048.SPE
-- Installing: /tmp/dssat_dual_v1_s30egzz1/run_M0/./Genotype/GYGRO048.ECO
-- Installing: /tmp/dssat_dual_v1_s30egzz1/run_M0/./Genotype/SRGRO048.CUL
-- Installing: /tmp/dssat_dual_v1_s30egzz1/run_M0/./Genotype/MZIXM048.ECO
-- Installing: /tmp/dssat_dual_v1_s30egzz1/run_M0/./Genotype/PPGRO048.SPE
-- Installing: /tmp/dssat_dual_v1_s30egzz1/run_M0/./Genotype/SGCER048.CUL
-- Installing: /tmp/dssat_dual_v1_s30egzz1/run_M0/./Genotype/G0GRO048.CUL
-- Installing: /tmp/dssat_dual_v1_s30egzz1/run_M0/./Genotype/GYGRO048.CUL
-- Installing: /tmp/dssat_dual_v1_s30egzz1/run_M0/./Genotype/WHCRP048.SPE
-- Installing: /tmp/dssat_dual_v1_s30egzz1/run_M0/./Genotype/TFAPS048.SPE
-- Installing: /tmp/dssat_dual_v1_s30egzz1/run_M0/./Genotype/SCSAM048.CUL
-- Installing: /tmp/dssat_dual_v1_s30egzz1/run_M0/./Genotype/WHCRP048.ECO
-- Installing: /tmp/dssat_dual_v1_s30egzz1/run_M0/./Genotype/TFAPS048.CUL
-- Installing: /tmp/dssat_dual_v1_s30egzz1/run_M0/./Genotype/TFCER048.SPE
-- Installing: /tmp/dssat_dual_v1_s30egzz1/run_M0/./Genotype/WHCRP048.CUL
-- Installing: /tmp/dssat_dual_v1_s30egzz1/run_M0/./Genotype/MLCER048.SPE
-- Installing: /tmp/dssat_dual_v1_s30egzz1/run_M0/./Genotype/TNARO048.CUL
-- Installing: /tmp/dssat_dual_v1_s30egzz1/run_M0/./Genotype/CPGRO048.SPE
-- Installing: /tmp/dssat_dual_v1_s30egzz1/run_M0/./Genotype/ALFRM048.CUL
-- Installing: /tmp/dssat_dual_v1_s30egzz1/run_M0/./Genotype/GBGRO048.SPE
-- Installing: /tmp/dssat_dual_v1_s30egzz1/run_M0/./Genotype/BMFRM048.CUL
-- Installing: /tmp/dssat_dual_v1_s30egzz1/run_M0/./Genotype/BSCER048.ECO
-- Installing: /tmp/dssat_dual_v1_s30egzz1/run_M0/./Genotype/SUOIL048.CUL
-- Installing: /tmp/dssat_dual_v1_s30egzz1/run_M0/./Genotype/BHGRO048.CUL
-- Installing: /tmp/dssat_dual_v1_s30egzz1/run_M0/./Genotype/ALFRM048.SPE
-- Installing: /tmp/dssat_dual_v1_s30egzz1/run_M0/./Genotype/GBGRO048.CUL
-- Installing: /tmp/dssat_dual_v1_s30egzz1/run_M0/./Genotype/BACER048.SPE
-- Installing: /tmp/dssat_dual_v1_s30egzz1/run_M0/./JDATE.CDE
-- Installing: /tmp/dssat_dual_v1_s30egzz1/run_M0/./StandardData
-- Installing: /tmp/dssat_dual_v1_s30egzz1/run_M0/./StandardData/SOMFX048.SDA
-- Installing: /tmp/dssat_dual_v1_s30egzz1/run_M0/./StandardData/RESCH048.SDA
-- Installing: /tmp/dssat_dual_v1_s30egzz1/run_M0/./StandardData/SOMFR048.SDA
-- Installing: /tmp/dssat_dual_v1_s30egzz1/run_M0/./StandardData/CO2048.WDA
-- Installing: /tmp/dssat_dual_v1_s30egzz1/run_M0/./StandardData/TILOP048.SDA
-- Installing: /tmp/dssat_dual_v1_s30egzz1/run_M0/./StandardData/FERCH048.SDA
-- Installing: /tmp/dssat_dual_v1_s30egzz1/run_M0/./MODEL.ERR
-- Installing: /tmp/dssat_dual_v1_s30egzz1/run_M0/./DATA.CDE
-- Installing: /tmp/dssat_dual_v1_s30egzz1/run_M0/./DSCSM048.CTR
-- Installing: /tmp/dssat_dual_v1_s30egzz1/run_M0/./Pest
-- Installing: /tmp/dssat_dual_v1_s30egzz1/run_M0/./Pest/TMGRO048.PST
-- Installing: /tmp/dssat_dual_v1_s30egzz1/run_M0/./Pest/CPGRO048.PST
-- Installing: /tmp/dssat_dual_v1_s30egzz1/run_M0/./Pest/BRGRO048.PST
-- Installing: /tmp/dssat_dual_v1_s30egzz1/run_M0/./Pest/CIGRO048.PST
-- Installing: /tmp/dssat_dual_v1_s30egzz1/run_M0/./Pest/FBGRO048.PST
-- Installing: /tmp/dssat_dual_v1_s30egzz1/run_M0/./Pest/VBGRO048.PST
-- Installing: /tmp/dssat_dual_v1_s30egzz1/run_M0/./Pest/BHGRO048.PST
-- Installing: /tmp/dssat_dual_v1_s30egzz1/run_M0/./Pest/BRFRM048.PST
-- Installing: /tmp/dssat_dual_v1_s30egzz1/run_M0/./Pest/CHGRO048.PST
-- Installing: /tmp/dssat_dual_v1_s30egzz1/run_M0/./Pest/BGGRO048.PST
-- Installing: /tmp/dssat_dual_v1_s30egzz1/run_M0/./Pest/SGCER048.PST
-- Installing: /tmp/dssat_dual_v1_s30egzz1/run_M0/./Pest/GBGRO048.PST
-- Installing: /tmp/dssat_dual_v1_s30egzz1/run_M0/./Pest/SBGRO048.PST
-- Installing: /tmp/dssat_dual_v1_s30egzz1/run_M0/./Pest/WHAPS048.PST
-- Installing: /tmp/dssat_dual_v1_s30egzz1/run_M0/./Pest/GYGRO048.PST
-- Installing: /tmp/dssat_dual_v1_s30egzz1/run_M0/./Pest/BNGRO048.PST
-- Installing: /tmp/dssat_dual_v1_s30egzz1/run_M0/./Pest/COGRO048.PST
-- Installing: /tmp/dssat_dual_v1_s30egzz1/run_M0/./Pest/MLCER048.PST
-- Installing: /tmp/dssat_dual_v1_s30egzz1/run_M0/./Pest/PPGRO048.PST
-- Installing: /tmp/dssat_dual_v1_s30egzz1/run_M0/./Pest/QUGRO048.PST
-- Installing: /tmp/dssat_dual_v1_s30egzz1/run_M0/./Pest/BMFRM048.PST
-- Installing: /tmp/dssat_dual_v1_s30egzz1/run_M0/./Pest/MZIXM048.PST
-- Installing: /tmp/dssat_dual_v1_s30egzz1/run_M0/./Pest/BSCER048.PST
-- Installing: /tmp/dssat_dual_v1_s30egzz1/run_M0/./Pest/PNGRO048.PST
-- Installing: /tmp/dssat_dual_v1_s30egzz1/run_M0/./Pest/MZCER048.PST
-- Installing: /tmp/dssat_dual_v1_s30egzz1/run_M0/./Pest/SUOIL048.PST
-- Installing: /tmp/dssat_dual_v1_s30egzz1/run_M0/./Pest/LTGRO048.PST
-- Installing: /tmp/dssat_dual_v1_s30egzz1/run_M0/./DETAIL.CDE

$ cmake -S /tmp/dssat_dual_v1_s30egzz1/modified -B /tmp/dssat_dual_v1_s30egzz1/build_DUAL -DCMAKE_BUILD_TYPE=RELEASE -DCMAKE_INSTALL_PREFIX=/tmp/dssat_dual_v1_s30egzz1/run_DUAL
CMake Deprecation Warning at CMakeLists.txt:7 (CMAKE_MINIMUM_REQUIRED):
  Compatibility with CMake < 3.10 will be removed from a future version of
  CMake.

  Update the VERSION argument <min> value.  Or, use the <min>...<max> syntax
  to tell CMake that the project requires at least <min> but has been updated
  to work with policies introduced by <max> or earlier.


-- The Fortran compiler identification is GNU 13.3.0
-- Detecting Fortran compiler ABI info
-- Detecting Fortran compiler ABI info - done
-- Check for working Fortran compiler: /usr/bin/f95 - skipped
-- MAJOR: 4 MINOR: 8 MODEL: 5 BUILD: 0 COMMIT: 0b913738
-- BRANCH: HEAD
-- COMMIT: 0b91373806786b600d89ccfcfff78fa2f82cb26b
-- Flags
   FFLAGS        -fd-lines-as-comments -fbounds-check -ffixed-line-length-none -ffree-line-length-none -finit-character=32 -cpp -ffpe-trap=invalid,zero,overflow
   RELEASE      -O3 -funroll-loops -finline-functions
   DEBUG        -g -Og -Wall -fbacktrace -fcheck=bounds
   LINKER        -static -static-libgcc -static-libgfortran
-- Build Info
   BUILD TYPE   RELEASE
   VERSION      4.8.5.0
   I. PREFIX    /tmp/dssat_dual_v1_s30egzz1/run_DUAL
   Executable   dscsm048
-- Configuring done (2.4s)
-- Generating done (0.1s)
-- Build files have been written to: /tmp/dssat_dual_v1_s30egzz1/build_DUAL

$ cmake --build /tmp/dssat_dual_v1_s30egzz1/build_DUAL --parallel 2
[  0%] Building Fortran object CMakeFiles/dscsm048.dir/Utilities/CSMVersion.for.o
[  0%] Building Fortran object CMakeFiles/dscsm048.dir/Utilities/OSDefsLINUX.for.o
[  0%] Building Fortran object CMakeFiles/dscsm048.dir/Plant/CERES-Wheat_Barley/CER_First_Trans_m.for.o
[  1%] Building Fortran object CMakeFiles/dscsm048.dir/Plant/CROPSIM/CRP_First_Trans_m.for.o
[  1%] Building Fortran object CMakeFiles/dscsm048.dir/Plant/CSYCA-Cassava/YCA_Albedo_Check_m.f90.o
f951: Warning: ‘-fd-lines-as-comments’ has no effect in free form
[  1%] Building Fortran object CMakeFiles/dscsm048.dir/Plant/CSYCA-Cassava/YCA_Control_Environment.f90.o
f951: Warning: ‘-fd-lines-as-comments’ has no effect in free form
[  1%] Building Fortran object CMakeFiles/dscsm048.dir/Plant/CSYCA-Cassava/YCA_Node.f90.o
f951: Warning: ‘-fd-lines-as-comments’ has no effect in free form
[  1%] Building Fortran object CMakeFiles/dscsm048.dir/Plant/CSYCA-Cassava/YCA_Formats_m.f90.o
f951: Warning: ‘-fd-lines-as-comments’ has no effect in free form
[  1%] Building Fortran object CMakeFiles/dscsm048.dir/Plant/NTEF/TF_module.f90.o
f951: Warning: ‘-fd-lines-as-comments’ has no effect in free form
[  1%] Building Fortran object CMakeFiles/dscsm048.dir/Plant/NWHEAT/WH_module.f90.o
f951: Warning: ‘-fd-lines-as-comments’ has no effect in free form
[  2%] Building Fortran object CMakeFiles/dscsm048.dir/Utilities/CsvOuts/csvlinklist.f90.o
f951: Warning: ‘-fd-lines-as-comments’ has no effect in free form
[  2%] Building Fortran object CMakeFiles/dscsm048.dir/Soil/GHG/Methmod.for.o
[  2%] Building Fortran object CMakeFiles/dscsm048.dir/Utilities/CheckRunMode.f90.o
f951: Warning: ‘-fd-lines-as-comments’ has no effect in free form
[  2%] Building Fortran object CMakeFiles/dscsm048.dir/Utilities/CSDISEASE.for.o
[  2%] Building Fortran object CMakeFiles/dscsm048.dir/InputModule/INSTGE.for.o
[  2%] Building Fortran object CMakeFiles/dscsm048.dir/InputModule/INVAR.for.o
[  2%] Building Fortran object CMakeFiles/dscsm048.dir/InputModule/IPECO.for.o
[  3%] Building Fortran object CMakeFiles/dscsm048.dir/InputModule/IPVAR.for.o
[  3%] Building Fortran object CMakeFiles/dscsm048.dir/InputModule/WEATHR_Inp.for.o
[  3%] Building Fortran object CMakeFiles/dscsm048.dir/InputModule/WTHSET.for.o
[  3%] Building Fortran object CMakeFiles/dscsm048.dir/InputModule/SECROP.for.o
[  3%] Building Fortran object CMakeFiles/dscsm048.dir/InputModule/SEFLD.for.o
[  3%] Building Fortran object CMakeFiles/dscsm048.dir/InputModule/SEFREQ.for.o
[  3%] Building Fortran object CMakeFiles/dscsm048.dir/InputModule/SEPEST.for.o
/tmp/dssat_dual_v1_s30egzz1/modified/InputModule/SEPEST.for:66:15:

   66 |           PAUSE
      |               1
Warning: Deleted feature: PAUSE statement at (1)
[  3%] Building Fortran object CMakeFiles/dscsm048.dir/InputModule/SEPLT.for.o
[  3%] Building Fortran object CMakeFiles/dscsm048.dir/InputModule/SESIM.for.o
/tmp/dssat_dual_v1_s30egzz1/modified/InputModule/SESIM.for:168:15:

  168 |           PAUSE
      |               1
Warning: Deleted feature: PAUSE statement at (1)
[  3%] Building Fortran object CMakeFiles/dscsm048.dir/InputModule/SETIME.for.o
[  3%] Building Fortran object CMakeFiles/dscsm048.dir/InputModule/SEVAR.for.o
[  3%] Building Fortran object CMakeFiles/dscsm048.dir/Plant/AROIDS/TR_Ipcrop.for.o
[  3%] Building Fortran object CMakeFiles/dscsm048.dir/Plant/AROIDS/TR_Transpl_p.for.o
[  3%] Building Fortran object CMakeFiles/dscsm048.dir/Plant/CASUPRO-Sugarcane/CSP_INCOMP_OUT.for.o
[  3%] Building Fortran object CMakeFiles/dscsm048.dir/Plant/CERES-IXIM-Maize/MZ_IX_RADABS.for.o
[  3%] Building Fortran object CMakeFiles/dscsm048.dir/Plant/CERES-Millet/ML_NFACT.for.o
[  4%] Building Fortran object CMakeFiles/dscsm048.dir/Plant/CERES-Rice/RI_GNURSE.for.o
[  4%] Building Fortran object CMakeFiles/dscsm048.dir/Plant/CERES-Rice/RI_Ipcrop.for.o
[  4%] Building Fortran object CMakeFiles/dscsm048.dir/Plant/CERES-TEFF/TEFF_Ipcrop.for.o
[  4%] Building Fortran object CMakeFiles/dscsm048.dir/Plant/CROPGRO/FREEZE.for.o
[  4%] Building Fortran object CMakeFiles/dscsm048.dir/Plant/CROPGRO/SDCOMP.for.o
[  4%] Building Fortran object CMakeFiles/dscsm048.dir/Plant/FORAGE/for_ipparm.for.o
[  4%] Building Fortran object CMakeFiles/dscsm048.dir/Plant/FORAGE/for_lindm.for.o
[  4%] Building Fortran object CMakeFiles/dscsm048.dir/Plant/FORAGE/for_sdcomp.for.o
[  4%] Building Fortran object CMakeFiles/dscsm048.dir/Plant/NTEF/TF_NUPTAK.for.o
[  4%] Building Fortran object CMakeFiles/dscsm048.dir/Plant/NTEF/TF_ROOTS.for.o
[  4%] Building Fortran object CMakeFiles/dscsm048.dir/Plant/SAMUCA-Sugarcane/SC_admit1.f90.o
f951: Warning: ‘-fd-lines-as-comments’ has no effect in free form
[  4%] Building Fortran object CMakeFiles/dscsm048.dir/Plant/SAMUCA-Sugarcane/SC_functions.f90.o
f951: Warning: ‘-fd-lines-as-comments’ has no effect in free form
[  4%] Building Fortran object CMakeFiles/dscsm048.dir/Plant/SAMUCA-Sugarcane/SC_PGS.f90.o
f951: Warning: ‘-fd-lines-as-comments’ has no effect in free form
[  4%] Building Fortran object CMakeFiles/dscsm048.dir/Plant/SAMUCA-Sugarcane/SC_rld.f90.o
f951: Warning: ‘-fd-lines-as-comments’ has no effect in free form
[  4%] Building Fortran object CMakeFiles/dscsm048.dir/Plant/SAMUCA-Sugarcane/SC_rm_file.f90.o
f951: Warning: ‘-fd-lines-as-comments’ has no effect in free form
[  5%] Building Fortran object CMakeFiles/dscsm048.dir/Plant/SAMUCA-Sugarcane/SC_root_profile.f90.o
[  5%] Building Fortran object CMakeFiles/dscsm048.dir/Plant/SAMUCA-Sugarcane/SC_substrates_balance.f90.o
f951: Warning: ‘-fd-lines-as-comments’ has no effect in free form
f951: Warning: ‘-fd-lines-as-comments’ has no effect in free form
/tmp/dssat_dual_v1_s30egzz1/modified/Plant/SAMUCA-Sugarcane/SC_root_profile.f90:76:20:

   76 |     do sl = nsublay, aint(initcropdepth+1.d0), -1
      |                    1
Warning: Deleted feature: End expression in DO loop at (1) must be integer
/tmp/dssat_dual_v1_s30egzz1/modified/Plant/SAMUCA-Sugarcane/SC_root_profile.f90:89:21:

   89 |             srl_prof(aint(initcropdepth) + 1 - sl) = srlmax
      |                     1
Warning: Legacy Extension: REAL array index at (1)
/tmp/dssat_dual_v1_s30egzz1/modified/Plant/SAMUCA-Sugarcane/SC_root_profile.f90:92:21:

   92 |             srl_prof(aint(initcropdepth) + 1 - sl) = srlmin
      |                     1
Warning: Legacy Extension: REAL array index at (1)
/tmp/dssat_dual_v1_s30egzz1/modified/Plant/SAMUCA-Sugarcane/SC_root_profile.f90:100:21:

  100 |             srl_prof((aint(initcropdepth) + 1 + n_below_idepth) - sl) = srlmax
      |                     1
Warning: Legacy Extension: REAL array index at (1)
/tmp/dssat_dual_v1_s30egzz1/modified/Plant/SAMUCA-Sugarcane/SC_root_profile.f90:103:21:

  103 |             srl_prof((aint(initcropdepth) + 1 + n_below_idepth) - sl) = srlmin
      |                     1
Warning: Legacy Extension: REAL array index at (1)
/tmp/dssat_dual_v1_s30egzz1/modified/Plant/SAMUCA-Sugarcane/SC_root_profile.f90:118:18:

  118 |     do sub_sl = 1, aint(effective_rd)
      |                  1
Warning: Deleted feature: End expression in DO loop at (1) must be integer
[  5%] Building Fortran object CMakeFiles/dscsm048.dir/Plant/SAMUCA-Sugarcane/SC_sucrose_content.f90.o
f951: Warning: ‘-fd-lines-as-comments’ has no effect in free form
[  6%] Building Fortran object CMakeFiles/dscsm048.dir/Plant/SAMUCA-Sugarcane/SC_TOTASS_SAM.f90.o
f951: Warning: ‘-fd-lines-as-comments’ has no effect in free form
[  6%] Building Fortran object CMakeFiles/dscsm048.dir/Plant/SAMUCA-Sugarcane/SC_water_stress_sugarcane.f90.o
f951: Warning: ‘-fd-lines-as-comments’ has no effect in free form
[  6%] Building Fortran object CMakeFiles/dscsm048.dir/Plant/SUBSTOR-Potato/PT_NFACTO.for.o
[  6%] Building Fortran object CMakeFiles/dscsm048.dir/Plant/SUBSTOR-Potato/PT_PHASEI.for.o
[  7%] Building Fortran object CMakeFiles/dscsm048.dir/Soil/CENTURY_OrganicMatter/EFLOW_C.for.o
[  7%] Building Fortran object CMakeFiles/dscsm048.dir/Soil/SoilUtilities/TextureClass.for.o
[  7%] Building Fortran object CMakeFiles/dscsm048.dir/Weather/SOLAR.for.o
[  7%] Building Fortran object CMakeFiles/dscsm048.dir/Utilities/CSREADS.for.o
[  7%] Building Fortran object CMakeFiles/dscsm048.dir/Utilities/CSUTS.for.o
[  7%] Building Fortran object CMakeFiles/dscsm048.dir/Utilities/ModuleDefs.for.o
[  7%] Building Fortran object CMakeFiles/dscsm048.dir/Plant/CSYCA-Cassava/YCA_First_Trans_m.f90.o
f951: Warning: ‘-fd-lines-as-comments’ has no effect in free form
[  7%] Building Fortran object CMakeFiles/dscsm048.dir/Utilities/CsvOuts/csvoutput.f90.o
f951: Warning: ‘-fd-lines-as-comments’ has no effect in free form
[  7%] Building Fortran object CMakeFiles/dscsm048.dir/Plant/CSYCA-Cassava/YCA_Growth_VPD.f90.o
f951: Warning: ‘-fd-lines-as-comments’ has no effect in free form
/tmp/dssat_dual_v1_s30egzz1/modified/Plant/CSYCA-Cassava/YCA_Growth_VPD.f90:43:12:

   43 |         SAVE
      |            1
Warning: Legacy Extension: Blanket SAVE statement at (1) follows previous SAVE statement
/tmp/dssat_dual_v1_s30egzz1/modified/Plant/CSYCA-Cassava/YCA_Growth_VPD.f90:125:12:

  125 |         SAVE
      |            1
Warning: Legacy Extension: Blanket SAVE statement at (1) follows previous SAVE statement
[  7%] Building Fortran object CMakeFiles/dscsm048.dir/Plant/CSYCA-Cassava/YCA_Control_Plant.f90.o
f951: Warning: ‘-fd-lines-as-comments’ has no effect in free form
[  7%] Building Fortran object CMakeFiles/dscsm048.dir/Plant/SAMUCA-Sugarcane/SC_SAM_ModuleDefs.f90.o
f951: Warning: ‘-fd-lines-as-comments’ has no effect in free form
[  7%] Building Fortran object CMakeFiles/dscsm048.dir/Soil/SoilUtilities/IPSOIL.for.o
[  7%] Building Fortran object CMakeFiles/dscsm048.dir/Soil/SoilUtilities/SoilMixing.for.o
[  8%] Building Fortran object CMakeFiles/dscsm048.dir/Soil/SoilUtilities/SoilPBalSum.for.o
[  9%] Building Fortran object CMakeFiles/dscsm048.dir/Weather/ModForecast.f90.o
f951: Warning: ‘-fd-lines-as-comments’ has no effect in free form
[  9%] Building Fortran object CMakeFiles/dscsm048.dir/Utilities/DATES.for.o
[  9%] Building Fortran object CMakeFiles/dscsm048.dir/Utilities/ERROR.for.o
[  9%] Building Fortran object CMakeFiles/dscsm048.dir/Utilities/IPIBS.for.o
[  9%] Building Fortran object CMakeFiles/dscsm048.dir/Utilities/OPGeneric.for.o
[  9%] Building Fortran object CMakeFiles/dscsm048.dir/Utilities/READS.for.o
[  9%] Building Fortran object CMakeFiles/dscsm048.dir/Utilities/RunList.for.o
[  9%] Building Fortran object CMakeFiles/dscsm048.dir/Utilities/UTILS.for.o
/tmp/dssat_dual_v1_s30egzz1/modified/Utilities/UTILS.for:136:30:

  136 |       IF (NDECML) 400,1200,900
      |                              1
Warning: Fortran 2018 deleted feature: Arithmetic IF statement at (1)
/tmp/dssat_dual_v1_s30egzz1/modified/Utilities/UTILS.for:149:29:

  149 |       IF (NDECML) 700,800,900
      |                             1
Warning: Fortran 2018 deleted feature: Arithmetic IF statement at (1)
[  9%] Building Fortran object CMakeFiles/dscsm048.dir/InputModule/input_sub.for.o
[  9%] Building Fortran object CMakeFiles/dscsm048.dir/InputModule/INSOIL.for.o
[ 10%] Building Fortran object CMakeFiles/dscsm048.dir/InputModule/INTRO.for.o
[ 10%] Building Fortran object CMakeFiles/dscsm048.dir/InputModule/IPCHEM.for.o
[ 10%] Building Fortran object CMakeFiles/dscsm048.dir/InputModule/IPENV.for.o
[ 11%] Building Fortran object CMakeFiles/dscsm048.dir/InputModule/IPMAN.for.o
[ 11%] Building Fortran object CMakeFiles/dscsm048.dir/InputModule/IPSLIN.for.o
[ 11%] Building Fortran object CMakeFiles/dscsm048.dir/InputModule/IPSOIL_Inp.for.o
[ 11%] Building Fortran object CMakeFiles/dscsm048.dir/InputModule/IPTILL.for.o
[ 11%] Building Fortran object CMakeFiles/dscsm048.dir/InputModule/MAKEFILEW.f90.o
f951: Warning: ‘-fd-lines-as-comments’ has no effect in free form
[ 11%] Building Fortran object CMakeFiles/dscsm048.dir/InputModule/OPGEN.for.o
[ 11%] Building Fortran object CMakeFiles/dscsm048.dir/InputModule/OPTEMPXY2K.for.o
[ 11%] Building Fortran object CMakeFiles/dscsm048.dir/InputModule/optempy2k.for.o
[ 12%] Building Fortran object CMakeFiles/dscsm048.dir/InputModule/PATH.for.o
[ 12%] Building Fortran object CMakeFiles/dscsm048.dir/InputModule/SECLI.for.o
[ 13%] Building Fortran object CMakeFiles/dscsm048.dir/InputModule/SEFERT.for.o
[ 13%] Building Fortran object CMakeFiles/dscsm048.dir/InputModule/SEHARV.for.o
/tmp/dssat_dual_v1_s30egzz1/modified/InputModule/SEHARV.for:168:15:

  168 |           PAUSE
      |               1
Warning: Deleted feature: PAUSE statement at (1)
[ 13%] Building Fortran object CMakeFiles/dscsm048.dir/InputModule/SEINIT.for.o
[ 14%] Building Fortran object CMakeFiles/dscsm048.dir/InputModule/SEIRR.for.o
[ 14%] Building Fortran object CMakeFiles/dscsm048.dir/InputModule/SENS.for.o
/tmp/dssat_dual_v1_s30egzz1/modified/InputModule/SENS.for:321:15:

  321 |           PAUSE
      |               1
Warning: Deleted feature: PAUSE statement at (1)
[ 14%] Building Fortran object CMakeFiles/dscsm048.dir/InputModule/SERES.for.o
/tmp/dssat_dual_v1_s30egzz1/modified/InputModule/SERES.for:115:13:

  115 |           PAUSE
      |                    1
Warning: Deleted feature: PAUSE statement at (1)
[ 15%] Building Fortran object CMakeFiles/dscsm048.dir/InputModule/SESOIL.for.o
[ 15%] Building Fortran object CMakeFiles/dscsm048.dir/InputModule/SEWTH.for.o
/tmp/dssat_dual_v1_s30egzz1/modified/InputModule/SEWTH.for:297:58:

  297 |            PAUSE "Enter to continue list of weather files"
      |                                                          1
Warning: Deleted feature: PAUSE statement at (1)
[ 15%] Building Fortran object CMakeFiles/dscsm048.dir/Management/AUTHAR.for.o
[ 16%] Building Fortran object CMakeFiles/dscsm048.dir/Management/AUTPLT.for.o
[ 16%] Building Fortran object CMakeFiles/dscsm048.dir/Management/CHEMICAL.for.o
[ 16%] Building Fortran object CMakeFiles/dscsm048.dir/Management/Flood_Irrig.for.o
[ 16%] Building Fortran object CMakeFiles/dscsm048.dir/Management/IRRIG.for.o
/tmp/dssat_dual_v1_s30egzz1/modified/Management/IRRIG.for:290:30:

  290 |         IF (ABS(AVWATI(i) - -99.) < 1.E-3) THEN
      |                              1
Warning: Extension: Unary operator following arithmetic operator (use parentheses) at (1)
[ 16%] Building Fortran object CMakeFiles/dscsm048.dir/Management/OpFlood.for.o
[ 16%] Building Fortran object CMakeFiles/dscsm048.dir/Management/Paddy_Mgmt.for.o
[ 16%] Building Fortran object CMakeFiles/dscsm048.dir/Management/Tillage.for.o
[ 17%] Building Fortran object CMakeFiles/dscsm048.dir/Management/TillEvent.for.o
[ 17%] Building Fortran object CMakeFiles/dscsm048.dir/Plant/plant.for.o
[ 17%] Building Fortran object CMakeFiles/dscsm048.dir/Plant/ALOHA-Pineapple/Aloha_NFACTO.for.o
[ 18%] Building Fortran object CMakeFiles/dscsm048.dir/Plant/ALOHA-Pineapple/Aloha_NUPTAK.for.o
[ 19%] Building Fortran object CMakeFiles/dscsm048.dir/Plant/AROIDS/TR_Calcshk.for.o
[ 19%] Building Fortran object CMakeFiles/dscsm048.dir/Plant/AROIDS/TR_Grosub.for.o
[ 19%] Building Fortran object CMakeFiles/dscsm048.dir/Plant/AROIDS/TR_Nfacto.for.o
[ 19%] Building Fortran object CMakeFiles/dscsm048.dir/Plant/AROIDS/TR_Nuptak.for.o
[ 20%] Building Fortran object CMakeFiles/dscsm048.dir/Plant/AROIDS/TR_OPGROW.for.o
[ 20%] Building Fortran object CMakeFiles/dscsm048.dir/Plant/AROIDS/TR_Opharv.for.o
[ 20%] Building Fortran object CMakeFiles/dscsm048.dir/Plant/AROIDS/TR_Phenol.for.o
[ 20%] Building Fortran object CMakeFiles/dscsm048.dir/Plant/AROIDS/TR_Rootgr.for.o
[ 20%] Building Fortran object CMakeFiles/dscsm048.dir/Plant/AROIDS/TR_SUBSTOR.for.o
[ 20%] Building Fortran object CMakeFiles/dscsm048.dir/Plant/AROIDS/TR_Tillsub.for.o
[ 21%] Building Fortran object CMakeFiles/dscsm048.dir/Plant/AROIDS/TR_Transpl_g.for.o
[ 22%] Building Fortran object CMakeFiles/dscsm048.dir/Plant/CANEGRO-Sugarcane/SC_UM_WSTRESS.for.o
/tmp/dssat_dual_v1_s30egzz1/modified/Plant/CANEGRO-Sugarcane/SC_UM_WSTRESS.for:392:34:

  392 |             D_STDAYC = STDAYC * -1.0
      |                                  1
Warning: Extension: Unary operator following arithmetic operator (use parentheses) at (1)
[ 22%] Building Fortran object CMakeFiles/dscsm048.dir/Plant/CASUPRO-Sugarcane/CSP_CANOPY.for.o
[ 22%] Building Fortran object CMakeFiles/dscsm048.dir/Plant/CASUPRO-Sugarcane/CSP_CASUPRO.for.o
[ 23%] Building Fortran object CMakeFiles/dscsm048.dir/Plant/CASUPRO-Sugarcane/CSP_DEMAND.for.o
[ 23%] Building Fortran object CMakeFiles/dscsm048.dir/Plant/CASUPRO-Sugarcane/CSP_GROW_CANE.for.o
[ 23%] Building Fortran object CMakeFiles/dscsm048.dir/Plant/CASUPRO-Sugarcane/CSP_HRes.for.o
/tmp/dssat_dual_v1_s30egzz1/modified/Plant/CASUPRO-Sugarcane/CSP_GROW_CANE.for:1126:25:

 1126 |      &      ADVANCE="NO"),
      |                         1
Warning: Legacy Extension: Comma before i/o item list at (1)
/tmp/dssat_dual_v1_s30egzz1/modified/Plant/CASUPRO-Sugarcane/CSP_GROW_CANE.for:1419:25:

 1419 |      &      ADVANCE="NO"),
      |                         1
Warning: Legacy Extension: Comma before i/o item list at (1)
[ 23%] Building Fortran object CMakeFiles/dscsm048.dir/Plant/CASUPRO-Sugarcane/CSP_INCOMP.for.o
[ 24%] Building Fortran object CMakeFiles/dscsm048.dir/Plant/CASUPRO-Sugarcane/CSP_INPHENOL.for.o
[ 24%] Building Fortran object CMakeFiles/dscsm048.dir/Plant/CASUPRO-Sugarcane/CSP_IPPHENOL.for.o
[ 24%] Building Fortran object CMakeFiles/dscsm048.dir/Plant/CASUPRO-Sugarcane/CSP_IPPLNT.for.o
[ 24%] Building Fortran object CMakeFiles/dscsm048.dir/Plant/CASUPRO-Sugarcane/CSP_MOBIL.for.o
[ 24%] Building Fortran object CMakeFiles/dscsm048.dir/Plant/CASUPRO-Sugarcane/CSP_NUPTAK.for.o
[ 24%] Building Fortran object CMakeFiles/dscsm048.dir/Plant/CASUPRO-Sugarcane/CSP_OPGROW.for.o
[ 25%] Building Fortran object CMakeFiles/dscsm048.dir/Plant/CASUPRO-Sugarcane/CSP_OPHARV.for.o
/tmp/dssat_dual_v1_s30egzz1/modified/Plant/CASUPRO-Sugarcane/CSP_OPGROW.for:1072:60:

 1072 |                 WRITE(PSLUN,'(1X,I4,1X,I3,4(1X,I5),1X,I6,12(1X,I7))'),
      |                                                                          1
Warning: Legacy Extension: Comma before i/o item list at (1)
[ 25%] Building Fortran object CMakeFiles/dscsm048.dir/Plant/CASUPRO-Sugarcane/CSP_PHENOL.for.o
/tmp/dssat_dual_v1_s30egzz1/modified/Plant/CASUPRO-Sugarcane/CSP_PHENOL.for:1081:52:

 1081 |      &      1X,F5.2,1X,F6.1,1X,F5.1)', ADVANCE="NO"),
      |                                                    1
Warning: Legacy Extension: Comma before i/o item list at (1)
[ 25%] Building Fortran object CMakeFiles/dscsm048.dir/Plant/CASUPRO-Sugarcane/CSP_PHOTO.for.o
/tmp/dssat_dual_v1_s30egzz1/modified/Plant/CASUPRO-Sugarcane/CSP_PHOTO.for:888:21:

  888 |      &  ADVANCE="NO"),
      |                     1
Warning: Legacy Extension: Comma before i/o item list at (1)
[ 25%] Building Fortran object CMakeFiles/dscsm048.dir/Plant/CASUPRO-Sugarcane/CSP_RESPIR.for.o
[ 25%] Building Fortran object CMakeFiles/dscsm048.dir/Plant/CASUPRO-Sugarcane/CSP_ROOTS.for.o
[ 26%] Building Fortran object CMakeFiles/dscsm048.dir/Plant/CASUPRO-Sugarcane/CSP_SENES.for.o
/tmp/dssat_dual_v1_s30egzz1/modified/Plant/CASUPRO-Sugarcane/CSP_SENES.for:584:25:

  584 |      &      ADVANCE="NO"),
      |                         1
Warning: Legacy Extension: Comma before i/o item list at (1)
[ 26%] Building Fortran object CMakeFiles/dscsm048.dir/Plant/CASUPRO-Sugarcane/CSP_VEGGR.for.o
[ 26%] Building Fortran object CMakeFiles/dscsm048.dir/Plant/CERES-IXIM-Maize/MZ_IX_KNUMBER.for.o
[ 26%] Building Fortran object CMakeFiles/dscsm048.dir/Plant/CERES-IXIM-Maize/MZ_IX_LEAFAREA.for.o
[ 26%] Building Fortran object CMakeFiles/dscsm048.dir/Plant/CERES-IXIM-Maize/MZ_IX_NUPTAK.for.o
[ 27%] Building Fortran object CMakeFiles/dscsm048.dir/Plant/CERES-IXIM-Maize/MZ_IX_PHENOL.for.o
[ 27%] Building Fortran object CMakeFiles/dscsm048.dir/Plant/CERES-IXIM-Maize/MZ_IX_PHOTSYNT.for.o
[ 27%] Building Fortran object CMakeFiles/dscsm048.dir/Plant/CERES-IXIM-Maize/MZ_IX_PLANTG.for.o
[ 27%] Building Fortran object CMakeFiles/dscsm048.dir/Plant/CERES-IXIM-Maize/MZ_IX_RESPIR.for.o
[ 28%] Building Fortran object CMakeFiles/dscsm048.dir/Plant/CERES-Maize/MZ_CERES.for.o
[ 28%] Building Fortran object CMakeFiles/dscsm048.dir/Plant/CERES-Maize/MZ_KUPTAK.for.o
[ 28%] Building Fortran object CMakeFiles/dscsm048.dir/Plant/CERES-Maize/MZ_NFACTO.for.o
[ 28%] Building Fortran object CMakeFiles/dscsm048.dir/Plant/CERES-Maize/MZ_NUPTAK.for.o
[ 28%] Building Fortran object CMakeFiles/dscsm048.dir/Plant/CERES-Maize/MZ_OPHARV.for.o
[ 28%] Building Fortran object CMakeFiles/dscsm048.dir/Plant/CERES-Maize/MZ_PHENOL.for.o
[ 28%] Building Fortran object CMakeFiles/dscsm048.dir/Plant/CERES-Maize/MZ_ROOTS.for.o
[ 28%] Building Fortran object CMakeFiles/dscsm048.dir/Plant/CERES-Millet/ML_CERES.for.o
[ 28%] Building Fortran object CMakeFiles/dscsm048.dir/Plant/CERES-Millet/ML_NUPTAK.for.o
[ 28%] Building Fortran object CMakeFiles/dscsm048.dir/Plant/CERES-Millet/ML_opharv.for.o
[ 29%] Building Fortran object CMakeFiles/dscsm048.dir/Plant/CERES-Millet/ML_PHASEI.for.o
[ 29%] Building Fortran object CMakeFiles/dscsm048.dir/Plant/CERES-Millet/ML_PHENOL.for.o
[ 29%] Building Fortran object CMakeFiles/dscsm048.dir/Plant/CERES-Millet/ML_rootgr.for.o
[ 29%] Building Fortran object CMakeFiles/dscsm048.dir/Plant/CERES-Millet/ML_TILLSUB.for.o
[ 29%] Building Fortran object CMakeFiles/dscsm048.dir/Plant/CERES-Rice/RICE.for.o
[ 29%] Building Fortran object CMakeFiles/dscsm048.dir/Plant/CERES-Rice/RI_Calcshk.for.o
[ 29%] Building Fortran object CMakeFiles/dscsm048.dir/Plant/CERES-Rice/RI_KUPTAK.for.o
[ 29%] Building Fortran object CMakeFiles/dscsm048.dir/Plant/CERES-Rice/RI_Nfacto.for.o
[ 30%] Building Fortran object CMakeFiles/dscsm048.dir/Plant/CERES-Rice/RI_Nuptak.for.o
[ 30%] Building Fortran object CMakeFiles/dscsm048.dir/Plant/CERES-Rice/RI_Opharv.for.o
[ 30%] Building Fortran object CMakeFiles/dscsm048.dir/Plant/CERES-Rice/RI_Phenol.for.o
[ 30%] Building Fortran object CMakeFiles/dscsm048.dir/Plant/CERES-Rice/RI_Rootgr.for.o
[ 31%] Building Fortran object CMakeFiles/dscsm048.dir/Plant/CERES-Rice/RI_Tillsub.for.o
[ 31%] Building Fortran object CMakeFiles/dscsm048.dir/Plant/CERES-Rice/RI_Transpl_g.for.o
[ 31%] Building Fortran object CMakeFiles/dscsm048.dir/Plant/CERES-Rice/RI_Transpl_p.for.o
[ 31%] Building Fortran object CMakeFiles/dscsm048.dir/Plant/CERES-TEFF/TEFF.for.o
[ 32%] Building Fortran object CMakeFiles/dscsm048.dir/Plant/CERES-TEFF/TEFF_KUPTAK.for.o
[ 32%] Building Fortran object CMakeFiles/dscsm048.dir/Plant/CERES-TEFF/TEFF_Nfacto.for.o
[ 32%] Building Fortran object CMakeFiles/dscsm048.dir/Plant/CERES-TEFF/TEFF_Nuptak.for.o
[ 32%] Building Fortran object CMakeFiles/dscsm048.dir/Plant/CERES-TEFF/TEFF_Opharv.for.o
[ 33%] Building Fortran object CMakeFiles/dscsm048.dir/Plant/CERES-TEFF/TEFF_Phenol.for.o
[ 33%] Building Fortran object CMakeFiles/dscsm048.dir/Plant/CERES-TEFF/TEFF_Rootgr.for.o
[ 33%] Building Fortran object CMakeFiles/dscsm048.dir/Plant/CERES-TEFF/TEFF_Tillsub.for.o
[ 33%] Building Fortran object CMakeFiles/dscsm048.dir/Plant/CERES-TEFF/TEFF_Transpl_g.for.o
[ 33%] Building Fortran object CMakeFiles/dscsm048.dir/Plant/CERES-TEFF/TEFF_Transpl_p.for.o
[ 33%] Building Fortran object CMakeFiles/dscsm048.dir/Plant/CERES-Sorghum/SG_CERES.for.o
[ 33%] Building Fortran object CMakeFiles/dscsm048.dir/Plant/CERES-Sorghum/SG_NFACT.for.o
[ 33%] Building Fortran object CMakeFiles/dscsm048.dir/Plant/CERES-Sorghum/SG_NUPTAK.for.o
[ 34%] Building Fortran object CMakeFiles/dscsm048.dir/Plant/CERES-Sorghum/SG_OPHARV.for.o
[ 34%] Building Fortran object CMakeFiles/dscsm048.dir/Plant/CERES-Sorghum/SG_PHASEI.for.o
[ 34%] Building Fortran object CMakeFiles/dscsm048.dir/Plant/CERES-Sorghum/SG_PHENOL.for.o
[ 34%] Building Fortran object CMakeFiles/dscsm048.dir/Plant/CERES-Sorghum/SG_ROOTGR.for.o
[ 34%] Building Fortran object CMakeFiles/dscsm048.dir/Plant/CERES-Sugarbeet/BS_CERES.for.o
[ 34%] Building Fortran object CMakeFiles/dscsm048.dir/Plant/CERES-Sugarbeet/BS_NFACTO.for.o
[ 34%] Building Fortran object CMakeFiles/dscsm048.dir/Plant/CERES-Sugarbeet/BS_NUPTAK.for.o
[ 34%] Building Fortran object CMakeFiles/dscsm048.dir/Plant/CERES-Sugarbeet/BS_OPGROW.for.o
[ 34%] Building Fortran object CMakeFiles/dscsm048.dir/Plant/CERES-Sugarbeet/BS_OPHARV.for.o
[ 34%] Building Fortran object CMakeFiles/dscsm048.dir/Plant/CERES-Sugarbeet/BS_OPNIT.for.o
[ 35%] Building Fortran object CMakeFiles/dscsm048.dir/Plant/CERES-Sugarbeet/BS_PHENOL.for.o
[ 35%] Building Fortran object CMakeFiles/dscsm048.dir/Plant/CERES-Sugarbeet/BS_ROOTS.for.o
[ 35%] Building Fortran object CMakeFiles/dscsm048.dir/Plant/CERES-SweetCorn/SW_FreshWt.for.o
[ 35%] Building Fortran object CMakeFiles/dscsm048.dir/Plant/CROPGRO/CANOPY.for.o
[ 36%] Building Fortran object CMakeFiles/dscsm048.dir/Plant/CROPGRO/CROPGRO.for.o
[ 36%] Building Fortran object CMakeFiles/dscsm048.dir/Plant/CROPGRO/DEMAND.for.o
[ 36%] Building Fortran object CMakeFiles/dscsm048.dir/Plant/CROPGRO/FreshWt.for.o
[ 36%] Building Fortran object CMakeFiles/dscsm048.dir/Plant/CROPGRO/GROW.for.o
[ 37%] Building Fortran object CMakeFiles/dscsm048.dir/Plant/CROPGRO/HRes_CGRO.for.o
[ 37%] Building Fortran object CMakeFiles/dscsm048.dir/Plant/CROPGRO/INCOMP.for.o
[ 37%] Building Fortran object CMakeFiles/dscsm048.dir/Plant/CROPGRO/Ipphenol.for.o
[ 37%] Building Fortran object CMakeFiles/dscsm048.dir/Plant/CROPGRO/IPPLNT.for.o
[ 37%] Building Fortran object CMakeFiles/dscsm048.dir/Plant/CROPGRO/LTGROW.for.o
[ 37%] Building Fortran object CMakeFiles/dscsm048.dir/Plant/CROPGRO/MOBIL.for.o
[ 38%] Building Fortran object CMakeFiles/dscsm048.dir/Plant/CROPGRO/NFIX.for.o
[ 38%] Building Fortran object CMakeFiles/dscsm048.dir/Plant/CROPGRO/NUPTAK.for.o
[ 38%] Building Fortran object CMakeFiles/dscsm048.dir/Plant/CROPGRO/OPHARV.for.o
[ 38%] Building Fortran object CMakeFiles/dscsm048.dir/Plant/CROPGRO/PHENOL.for.o
[ 39%] Building Fortran object CMakeFiles/dscsm048.dir/Plant/CROPGRO/PHOTO.for.o
[ 39%] Building Fortran object CMakeFiles/dscsm048.dir/Plant/CROPGRO/PlantNBal.for.o
[ 39%] Building Fortran object CMakeFiles/dscsm048.dir/Plant/CROPGRO/PODDET.for.o
[ 39%] Building Fortran object CMakeFiles/dscsm048.dir/Plant/CROPGRO/PODS.for.o
[ 39%] Building Fortran object CMakeFiles/dscsm048.dir/Plant/CROPGRO/RESPIR.for.o
[ 39%] Building Fortran object CMakeFiles/dscsm048.dir/Plant/CROPGRO/ROOTS.for.o
[ 40%] Building Fortran object CMakeFiles/dscsm048.dir/Plant/CROPGRO/RStages.for.o
[ 40%] Building Fortran object CMakeFiles/dscsm048.dir/Plant/CROPGRO/SENES.for.o
[ 40%] Building Fortran object CMakeFiles/dscsm048.dir/Plant/CROPGRO/VEGGR.for.o
[ 40%] Building Fortran object CMakeFiles/dscsm048.dir/Plant/CERES-Wheat_Barley/CER_Growth.for.o
[ 40%] Building Fortran object CMakeFiles/dscsm048.dir/Plant/CERES-Wheat_Barley/CER_Integrate.for.o
[ 41%] Building Fortran object CMakeFiles/dscsm048.dir/Plant/CERES-Wheat_Barley/CER_Init.for.o
[ 41%] Building Fortran object CMakeFiles/dscsm048.dir/Plant/CERES-Wheat_Barley/CER_Init_VarInit.for.o
[ 41%] Building Fortran object CMakeFiles/dscsm048.dir/Plant/CSCAS/CSCAS.for.o
/tmp/dssat_dual_v1_s30egzz1/modified/Plant/CSCAS/CSCAS.for:3314:17:

 3314 |             PAUSE
      |                 1
Warning: Deleted feature: PAUSE statement at (1)
/tmp/dssat_dual_v1_s30egzz1/modified/Plant/CSCAS/CSCAS.for:6072:17:

 6072 |             PAUSE
      |                 1
Warning: Deleted feature: PAUSE statement at (1)
/tmp/dssat_dual_v1_s30egzz1/modified/Plant/CSCAS/CSCAS.for:9392:21:

 9392 |             PAUSE ' '
      |                     1
Warning: Deleted feature: PAUSE statement at (1)
/tmp/dssat_dual_v1_s30egzz1/modified/Plant/CSCAS/CSCAS.for:9463:21:

 9463 |             PAUSE ' '
      |                     1
Warning: Deleted feature: PAUSE statement at (1)
/tmp/dssat_dual_v1_s30egzz1/modified/Plant/CSCAS/CSCAS.for:9490:21:

 9490 |             PAUSE ' '
      |                     1
Warning: Deleted feature: PAUSE statement at (1)
/tmp/dssat_dual_v1_s30egzz1/modified/Plant/CSCAS/CSCAS.for:9516:21:

 9516 |             PAUSE ' '
      |                     1
Warning: Deleted feature: PAUSE statement at (1)
[ 41%] Building Fortran object CMakeFiles/dscsm048.dir/Plant/CSCAS/CSCAS_Interface.for.o
[ 41%] Building Fortran object CMakeFiles/dscsm048.dir/Plant/CROPSIM/CSCRP.for.o
[ 41%] Building Fortran object CMakeFiles/dscsm048.dir/Plant/CROPSIM/CSCRP_Interface.for.o
[ 41%] Building Fortran object CMakeFiles/dscsm048.dir/Plant/CROPSIM/CRP_Growth.for.o
[ 41%] Building Fortran object CMakeFiles/dscsm048.dir/Plant/CROPSIM/CRP_Integrate.for.o
/tmp/dssat_dual_v1_s30egzz1/modified/Plant/CROPSIM/CRP_Integrate.for:719:17:

  719 |             PAUSE
      |                 1
Warning: Deleted feature: PAUSE statement at (1)
[ 41%] Building Fortran object CMakeFiles/dscsm048.dir/Plant/CROPSIM/CRP_Output.for.o
/tmp/dssat_dual_v1_s30egzz1/modified/Plant/CROPSIM/CRP_Output.for:3148:21:

 3148 |             PAUSE ' '
      |                     1
Warning: Deleted feature: PAUSE statement at (1)
/tmp/dssat_dual_v1_s30egzz1/modified/Plant/CROPSIM/CRP_Output.for:3219:21:

 3219 |             PAUSE ' '
      |                     1
Warning: Deleted feature: PAUSE statement at (1)
/tmp/dssat_dual_v1_s30egzz1/modified/Plant/CROPSIM/CRP_Output.for:3247:21:

 3247 |             PAUSE ' '
      |                     1
Warning: Deleted feature: PAUSE statement at (1)
/tmp/dssat_dual_v1_s30egzz1/modified/Plant/CROPSIM/CRP_Output.for:3274:21:

 3274 |             PAUSE ' '
      |                     1
Warning: Deleted feature: PAUSE statement at (1)
[ 41%] Building Fortran object CMakeFiles/dscsm048.dir/Plant/CROPSIM/CRP_RunInit.for.o
[ 42%] Building Fortran object CMakeFiles/dscsm048.dir/Plant/CROPSIM/CRP_SeasInit.for.o
/tmp/dssat_dual_v1_s30egzz1/modified/Plant/CROPSIM/CRP_SeasInit.for:1705:17:

 1705 |             PAUSE
      |                 1
Warning: Deleted feature: PAUSE statement at (1)
[ 42%] Building Fortran object CMakeFiles/dscsm048.dir/Plant/CROPSIM/CRP_SeasInit_VarInit.for.o
[ 42%] Building Fortran object CMakeFiles/dscsm048.dir/Plant/CSYCA-Cassava/CSYCA.f90.o
f951: Warning: ‘-fd-lines-as-comments’ has no effect in free form
[ 42%] Building Fortran object CMakeFiles/dscsm048.dir/Plant/CSYCA-Cassava/CSYCA_Interface.for.o
[ 43%] Building Fortran object CMakeFiles/dscsm048.dir/Plant/CSYCA-Cassava/YCA_Growth.f90.o
f951: Warning: ‘-fd-lines-as-comments’ has no effect in free form
[ 43%] Building Fortran object CMakeFiles/dscsm048.dir/Plant/CSYCA-Cassava/YCA_Growth_Evapo.f90.o
f951: Warning: ‘-fd-lines-as-comments’ has no effect in free form
[ 43%] Building Fortran object CMakeFiles/dscsm048.dir/Plant/CSYCA-Cassava/YCA_Growth_Init.f90.o
f951: Warning: ‘-fd-lines-as-comments’ has no effect in free form
[ 44%] Building Fortran object CMakeFiles/dscsm048.dir/Plant/CSYCA-Cassava/YCA_Growth_Part.f90.o
f951: Warning: ‘-fd-lines-as-comments’ has no effect in free form
/tmp/dssat_dual_v1_s30egzz1/modified/Plant/CSYCA-Cassava/YCA_Growth_Part.f90:106:84:

  106 |                     node(BRSTAGEINT,(LNUMSIMSTG(BRSTAGEINT)+1))%LAPOTX = 2.0 *(node(BRSTAGE,(LNUMSIMSTG(BRSTAGE)+1))%LAPOTX)
      |                                                                                    1
Warning: Legacy Extension: REAL array index at (1)
/tmp/dssat_dual_v1_s30egzz1/modified/Plant/CSYCA-Cassava/YCA_Growth_Part.f90:106:104:

  106 |                     node(BRSTAGEINT,(LNUMSIMSTG(BRSTAGEINT)+1))%LAPOTX = 2.0 *(node(BRSTAGE,(LNUMSIMSTG(BRSTAGE)+1))%LAPOTX)
      |                                                                                                        1
Warning: Legacy Extension: REAL array index at (1)
[ 44%] Building Fortran object CMakeFiles/dscsm048.dir/Plant/CSYCA-Cassava/YCA_Integrate.f90.o
f951: Warning: ‘-fd-lines-as-comments’ has no effect in free form
[ 44%] Building Fortran object CMakeFiles/dscsm048.dir/Plant/CSYCA-Cassava/YCA_Integ_HstFail.f90.o
f951: Warning: ‘-fd-lines-as-comments’ has no effect in free form
[ 44%] Building Fortran object CMakeFiles/dscsm048.dir/Plant/CSYCA-Cassava/YCA_Integ_Stages.f90.o
f951: Warning: ‘-fd-lines-as-comments’ has no effect in free form
/tmp/dssat_dual_v1_s30egzz1/modified/Plant/CSYCA-Cassava/YCA_Integ_Stages.f90:196:17:

  196 |             PAUSE
      |                 1
Warning: Deleted feature: PAUSE statement at (1)
/tmp/dssat_dual_v1_s30egzz1/modified/Plant/CSYCA-Cassava/YCA_Integ_Stages.f90:336:18:

  336 |         DO BR = 0, BRSTAGE               ! for each branch
      |                  1
Warning: Deleted feature: End expression in DO loop at (1) must be integer
[ 45%] Building Fortran object CMakeFiles/dscsm048.dir/Plant/CSYCA-Cassava/YCA_Output.f90.o
f951: Warning: ‘-fd-lines-as-comments’ has no effect in free form
[ 45%] Building Fortran object CMakeFiles/dscsm048.dir/Plant/CSYCA-Cassava/YCA_Out_CrpSim.f90.o
f951: Warning: ‘-fd-lines-as-comments’ has no effect in free form
/tmp/dssat_dual_v1_s30egzz1/modified/Plant/CSYCA-Cassava/YCA_Out_CrpSim.f90:63:21:

   63 |             PAUSE ' '
      |                     1
Warning: Deleted feature: PAUSE statement at (1)
[ 45%] Building Fortran object CMakeFiles/dscsm048.dir/Plant/CSYCA-Cassava/YCA_Out_Error.f90.o
f951: Warning: ‘-fd-lines-as-comments’ has no effect in free form
[ 45%] Building Fortran object CMakeFiles/dscsm048.dir/Plant/CSYCA-Cassava/YCA_Out_Eval.f90.o
f951: Warning: ‘-fd-lines-as-comments’ has no effect in free form
[ 46%] Building Fortran object CMakeFiles/dscsm048.dir/Plant/CSYCA-Cassava/YCA_Out_LfTier.f90.o
f951: Warning: ‘-fd-lines-as-comments’ has no effect in free form
[ 46%] Building Fortran object CMakeFiles/dscsm048.dir/Plant/CSYCA-Cassava/YCA_Out_PlantSum.f90.o
f951: Warning: ‘-fd-lines-as-comments’ has no effect in free form
[ 46%] Building Fortran object CMakeFiles/dscsm048.dir/Plant/CSYCA-Cassava/YCA_Out_ReInit.f90.o
f951: Warning: ‘-fd-lines-as-comments’ has no effect in free form
[ 47%] Building Fortran object CMakeFiles/dscsm048.dir/Plant/CSYCA-Cassava/YCA_Out_Sens.f90.o
f951: Warning: ‘-fd-lines-as-comments’ has no effect in free form
/tmp/dssat_dual_v1_s30egzz1/modified/Plant/CSYCA-Cassava/YCA_Out_Sens.f90:62:21:

   62 |             PAUSE ' '
      |                     1
Warning: Deleted feature: PAUSE statement at (1)
/tmp/dssat_dual_v1_s30egzz1/modified/Plant/CSYCA-Cassava/YCA_Out_Sens.f90:77:21:

   77 |             PAUSE ' '
      |                     1
Warning: Deleted feature: PAUSE statement at (1)
/tmp/dssat_dual_v1_s30egzz1/modified/Plant/CSYCA-Cassava/YCA_Out_Sens.f90:87:21:

   87 |             PAUSE ' '
      |                     1
Warning: Deleted feature: PAUSE statement at (1)
[ 47%] Building Fortran object CMakeFiles/dscsm048.dir/Plant/CSYCA-Cassava/YCA_Out_StoreVars.f90.o
f951: Warning: ‘-fd-lines-as-comments’ has no effect in free form
[ 47%] Building Fortran object CMakeFiles/dscsm048.dir/Plant/CSYCA-Cassava/YCA_PrePlant.f90.o
f951: Warning: ‘-fd-lines-as-comments’ has no effect in free form
[ 47%] Building Fortran object CMakeFiles/dscsm048.dir/Plant/CSYCA-Cassava/YCA_RunInit.f90.o
f951: Warning: ‘-fd-lines-as-comments’ has no effect in free form
[ 47%] Building Fortran object CMakeFiles/dscsm048.dir/Plant/CSYCA-Cassava/YCA_SeasInit.f90.o
f951: Warning: ‘-fd-lines-as-comments’ has no effect in free form
[ 48%] Building Fortran object CMakeFiles/dscsm048.dir/Plant/CSYCA-Cassava/YCA_SeasInit_Final.f90.o
f951: Warning: ‘-fd-lines-as-comments’ has no effect in free form
[ 48%] Building Fortran object CMakeFiles/dscsm048.dir/Plant/CSYCA-Cassava/YCA_SeasInit_PlHarvDat.f90.o
f951: Warning: ‘-fd-lines-as-comments’ has no effect in free form
[ 48%] Building Fortran object CMakeFiles/dscsm048.dir/Plant/CSYCA-Cassava/YCA_SeasInit_ReadGeno.f90.o
f951: Warning: ‘-fd-lines-as-comments’ has no effect in free form
[ 48%] Building Fortran object CMakeFiles/dscsm048.dir/Plant/CSYCA-Cassava/YCA_SeasInit_ReadXfile.f90.o
f951: Warning: ‘-fd-lines-as-comments’ has no effect in free form
[ 48%] Building Fortran object CMakeFiles/dscsm048.dir/Plant/CSYCA-Cassava/YCA_SeasInit_SetStage.f90.o
f951: Warning: ‘-fd-lines-as-comments’ has no effect in free form
[ 49%] Building Fortran object CMakeFiles/dscsm048.dir/Plant/CSYCA-Cassava/YCA_SeasInit_VarInit.f90.o
f951: Warning: ‘-fd-lines-as-comments’ has no effect in free form
[ 49%] Building Fortran object CMakeFiles/dscsm048.dir/Plant/FORAGE/forage.for.o
[ 49%] Building Fortran object CMakeFiles/dscsm048.dir/Plant/FORAGE/for_asmdm.for.o
[ 49%] Building Fortran object CMakeFiles/dscsm048.dir/Plant/FORAGE/for_canopy.for.o
[ 49%] Building Fortran object CMakeFiles/dscsm048.dir/Plant/FORAGE/for_ch2oref.for.o
[ 49%] Building Fortran object CMakeFiles/dscsm048.dir/Plant/FORAGE/for_demand.for.o
[ 50%] Building Fortran object CMakeFiles/dscsm048.dir/Plant/FORAGE/for_dormancy.for.o
[ 50%] Building Fortran object CMakeFiles/dscsm048.dir/Plant/FORAGE/for_freeze.for.o
[ 50%] Building Fortran object CMakeFiles/dscsm048.dir/Plant/FORAGE/for_grow.for.o
[ 50%] Building Fortran object CMakeFiles/dscsm048.dir/Plant/FORAGE/for_harv.for.o
[ 50%] Building Fortran object CMakeFiles/dscsm048.dir/Plant/FORAGE/for_hres_cgro.for.o
[ 51%] Building Fortran object CMakeFiles/dscsm048.dir/Plant/FORAGE/for_incomp.for.o
[ 51%] Building Fortran object CMakeFiles/dscsm048.dir/Plant/FORAGE/for_ippest.for.o
[ 51%] Building Fortran object CMakeFiles/dscsm048.dir/Plant/FORAGE/for_ipphenol.for.o
[ 51%] Building Fortran object CMakeFiles/dscsm048.dir/Plant/FORAGE/for_ipplnt.for.o
[ 52%] Building Fortran object CMakeFiles/dscsm048.dir/Plant/FORAGE/for_ipprog.for.o
[ 52%] Building Fortran object CMakeFiles/dscsm048.dir/Plant/FORAGE/for_mobil.for.o
[ 52%] Building Fortran object CMakeFiles/dscsm048.dir/Plant/FORAGE/for_nfix.for.o
[ 52%] Building Fortran object CMakeFiles/dscsm048.dir/Plant/FORAGE/for_nuptak.for.o
[ 53%] Building Fortran object CMakeFiles/dscsm048.dir/Plant/FORAGE/for_opmob.for.o
[ 53%] Building Fortran object CMakeFiles/dscsm048.dir/Plant/FORAGE/for_opharv.for.o
[ 53%] Building Fortran object CMakeFiles/dscsm048.dir/Plant/FORAGE/for_oppest.for.o
[ 53%] Building Fortran object CMakeFiles/dscsm048.dir/Plant/FORAGE/for_opview.for.o
[ 53%] Building Fortran object CMakeFiles/dscsm048.dir/Plant/FORAGE/for_pest.for.o
[ 54%] Building Fortran object CMakeFiles/dscsm048.dir/Plant/FORAGE/for_pestcp.for.o
[ 54%] Building Fortran object CMakeFiles/dscsm048.dir/Plant/FORAGE/for_phenol.for.o
[ 54%] Building Fortran object CMakeFiles/dscsm048.dir/Plant/FORAGE/for_photo.for.o
[ 54%] Building Fortran object CMakeFiles/dscsm048.dir/Plant/FORAGE/for_plantnbal.for.o
[ 54%] Building Fortran object CMakeFiles/dscsm048.dir/Plant/FORAGE/for_poddet.for.o
[ 55%] Building Fortran object CMakeFiles/dscsm048.dir/Plant/FORAGE/for_pods.for.o
[ 55%] Building Fortran object CMakeFiles/dscsm048.dir/Plant/FORAGE/for_respir.for.o
[ 55%] Building Fortran object CMakeFiles/dscsm048.dir/Plant/FORAGE/for_rootdm.for.o
[ 55%] Building Fortran object CMakeFiles/dscsm048.dir/Plant/FORAGE/for_roots.for.o
[ 55%] Building Fortran object CMakeFiles/dscsm048.dir/Plant/FORAGE/for_rstages.for.o
[ 56%] Building Fortran object CMakeFiles/dscsm048.dir/Plant/FORAGE/for_seeddm.for.o
[ 56%] Building Fortran object CMakeFiles/dscsm048.dir/Plant/FORAGE/for_senmob.for.o
[ 56%] Building Fortran object CMakeFiles/dscsm048.dir/Plant/FORAGE/for_vegdm.for.o
[ 56%] Building Fortran object CMakeFiles/dscsm048.dir/Plant/FORAGE/for_veggr.for.o
[ 56%] Building Fortran object CMakeFiles/dscsm048.dir/Plant/Generic-Pest/ASMDM.for.o
[ 57%] Building Fortran object CMakeFiles/dscsm048.dir/Plant/Generic-Pest/IPPARM.for.o
[ 57%] Building Fortran object CMakeFiles/dscsm048.dir/Plant/Generic-Pest/IPPEST.for.o
[ 57%] Building Fortran object CMakeFiles/dscsm048.dir/Plant/Generic-Pest/IPPROG.for.o
[ 57%] Building Fortran object CMakeFiles/dscsm048.dir/Plant/Generic-Pest/LINDM.for.o
[ 57%] Building Fortran object CMakeFiles/dscsm048.dir/Plant/Generic-Pest/OPPEST.for.o
[ 57%] Building Fortran object CMakeFiles/dscsm048.dir/Plant/Generic-Pest/PEST.for.o
[ 58%] Building Fortran object CMakeFiles/dscsm048.dir/Plant/Generic-Pest/PESTCP.for.o
[ 58%] Building Fortran object CMakeFiles/dscsm048.dir/Plant/Generic-Pest/ROOTDM.for.o
[ 58%] Building Fortran object CMakeFiles/dscsm048.dir/Plant/Generic-Pest/SEEDDM.for.o
[ 58%] Building Fortran object CMakeFiles/dscsm048.dir/Plant/Generic-Pest/VEGDM.for.o
[ 59%] Building Fortran object CMakeFiles/dscsm048.dir/Plant/Generic-PlantP/PPlantSubs.for.o
[ 59%] Building Fortran object CMakeFiles/dscsm048.dir/Plant/Generic-PlantP/P_CASUPRO.for.o
[ 59%] Building Fortran object CMakeFiles/dscsm048.dir/Plant/Generic-PlantP/P_CERES.for.o
[ 59%] Building Fortran object CMakeFiles/dscsm048.dir/Plant/Generic-PlantP/P_CGRO.for.o
[ 59%] Building Fortran object CMakeFiles/dscsm048.dir/Plant/Generic-PlantP/P_IPPLNT.for.o
[ 60%] Building Fortran object CMakeFiles/dscsm048.dir/Plant/Generic-PlantP/P_Plant.for.o
[ 60%] Building Fortran object CMakeFiles/dscsm048.dir/Plant/Generic-PlantP/P_Uptake.for.o
[ 60%] Building Fortran object CMakeFiles/dscsm048.dir/Plant/Generic-PlantP/RootSoilVol.for.o
[ 60%] Building Fortran object CMakeFiles/dscsm048.dir/Plant/NTEF/TF_APSIM.for.o
[ 60%] Building Fortran object CMakeFiles/dscsm048.dir/Plant/NTEF/TF_COLD.for.o
/tmp/dssat_dual_v1_s30egzz1/modified/Plant/NTEF/TF_COLD.for:283:30:

  283 |             do 100 leafno = 1, cumph_nw(istage)+2
      |                              1
Warning: Deleted feature: End expression in DO loop at (1) must be integer
[ 61%] Building Fortran object CMakeFiles/dscsm048.dir/Plant/NTEF/TF_KUPTAK.for.o
[ 61%] Building Fortran object CMakeFiles/dscsm048.dir/Plant/NTEF/TF_NFACTO.for.o
[ 61%] Building Fortran object CMakeFiles/dscsm048.dir/Plant/NTEF/TF_OPGROW.for.o
[ 62%] Building Fortran object CMakeFiles/dscsm048.dir/Plant/NTEF/TF_OPHARV.for.o
[ 62%] Building Fortran object CMakeFiles/dscsm048.dir/Plant/NTEF/TF_OPNIT.for.o
[ 62%] Building Fortran object CMakeFiles/dscsm048.dir/Plant/NTEF/TF_PHENOL.for.o
[ 62%] Building Fortran object CMakeFiles/dscsm048.dir/Plant/NTEF/TF_temp.for.o
[ 62%] Building Fortran object CMakeFiles/dscsm048.dir/Plant/NWHEAT/WH_APSIM.for.o
[ 63%] Building Fortran object CMakeFiles/dscsm048.dir/Plant/NWHEAT/WH_COLD.for.o
/tmp/dssat_dual_v1_s30egzz1/modified/Plant/NWHEAT/WH_COLD.for:282:30:

  282 |             do 100 leafno = 1, cumph_nw(istage)+2
      |                              1
Warning: Deleted feature: End expression in DO loop at (1) must be integer
[ 63%] Building Fortran object CMakeFiles/dscsm048.dir/Plant/NWHEAT/WH_KUPTAK.for.o
[ 63%] Building Fortran object CMakeFiles/dscsm048.dir/Plant/NWHEAT/WH_NFACTO.for.o
[ 64%] Building Fortran object CMakeFiles/dscsm048.dir/Plant/NWHEAT/WH_NUPTAK.for.o
[ 64%] Building Fortran object CMakeFiles/dscsm048.dir/Plant/NWHEAT/WH_OPGROW.for.o
[ 64%] Building Fortran object CMakeFiles/dscsm048.dir/Plant/NWHEAT/WH_OPHARV.for.o
[ 64%] Building Fortran object CMakeFiles/dscsm048.dir/Plant/NWHEAT/WH_OPNIT.for.o
[ 64%] Building Fortran object CMakeFiles/dscsm048.dir/Plant/NWHEAT/WH_PHENOL.for.o
[ 65%] Building Fortran object CMakeFiles/dscsm048.dir/Plant/NWHEAT/WH_ROOTS.for.o
/tmp/dssat_dual_v1_s30egzz1/modified/Plant/NWHEAT/WH_PHENOL.for:1419:11:

 1419 |       save       xstgmn
      |           1
Warning: Legacy Extension: SAVE statement at (1) follows blanket SAVE statement
/tmp/dssat_dual_v1_s30egzz1/modified/Plant/NWHEAT/WH_PHENOL.for:1420:11:

 1420 |       save       xstgmx
      |           1
Warning: Legacy Extension: SAVE statement at (1) follows blanket SAVE statement
/tmp/dssat_dual_v1_s30egzz1/modified/Plant/NWHEAT/WH_PHENOL.for:1408:27:

 1408 |       real   xstgmn(mxstag) ! value at beginning of a stage
      |                           1
Warning: Legacy Extension: Duplicate SAVE attribute specified at (1)
/tmp/dssat_dual_v1_s30egzz1/modified/Plant/NWHEAT/WH_PHENOL.for:1409:27:

 1409 |       real   xstgmx(mxstag) ! maximum value at end of a stage
      |                           1
Warning: Legacy Extension: Duplicate SAVE attribute specified at (1)
/tmp/dssat_dual_v1_s30egzz1/modified/Plant/NWHEAT/WH_ROOTS.for:723:11:

  723 |       save rtrate
      |           1
Warning: Legacy Extension: SAVE statement at (1) follows blanket SAVE statement
/tmp/dssat_dual_v1_s30egzz1/modified/Plant/NWHEAT/WH_ROOTS.for:712:25:

  712 |       real rtrate(mxstag) !root growth rate potential(mm /deg day)
      |                         1
Warning: Legacy Extension: Duplicate SAVE attribute specified at (1)
[ 65%] Building Fortran object CMakeFiles/dscsm048.dir/Plant/NWHEAT/WH_SW_SUBS.for.o
[ 65%] Building Fortran object CMakeFiles/dscsm048.dir/Plant/NWHEAT/WH_temp.for.o
[ 65%] Building Fortran object CMakeFiles/dscsm048.dir/Plant/OilCrop-Sunflower/SU_CERES.for.o
[ 65%] Building Fortran object CMakeFiles/dscsm048.dir/Plant/OilCrop-Sunflower/SU_KUPTAK.for.o
[ 66%] Building Fortran object CMakeFiles/dscsm048.dir/Plant/OilCrop-Sunflower/SU_NFACTO.for.o
[ 66%] Building Fortran object CMakeFiles/dscsm048.dir/Plant/OilCrop-Sunflower/SU_NUPTAK.for.o
[ 66%] Building Fortran object CMakeFiles/dscsm048.dir/Plant/OilCrop-Sunflower/SU_OPHARV.for.o
[ 67%] Building Fortran object CMakeFiles/dscsm048.dir/Plant/OilCrop-Sunflower/SU_PHENOL.for.o
[ 67%] Building Fortran object CMakeFiles/dscsm048.dir/Plant/OilCrop-Sunflower/SU_ROOTS.for.o
[ 67%] Building Fortran object CMakeFiles/dscsm048.dir/Plant/SAMUCA-Sugarcane/SC_find_inp_sam.for.o
[ 67%] Building Fortran object CMakeFiles/dscsm048.dir/Plant/SUBSTOR-Potato/PT_GROSUB.for.o
[ 67%] Building Fortran object CMakeFiles/dscsm048.dir/Plant/SUBSTOR-Potato/PT_NUPTAK.for.o
[ 67%] Building Fortran object CMakeFiles/dscsm048.dir/Plant/SUBSTOR-Potato/PT_OPGROW.for.o
[ 68%] Building Fortran object CMakeFiles/dscsm048.dir/Plant/SUBSTOR-Potato/PT_OPHARV.for.o
[ 68%] Building Fortran object CMakeFiles/dscsm048.dir/Plant/SUBSTOR-Potato/PT_PHENOL.for.o
[ 68%] Building Fortran object CMakeFiles/dscsm048.dir/Plant/SUBSTOR-Potato/PT_ROOTGR.for.o
[ 68%] Building Fortran object CMakeFiles/dscsm048.dir/Plant/SUBSTOR-Potato/PT_SUBSTOR.for.o
[ 69%] Building Fortran object CMakeFiles/dscsm048.dir/Plant/SUBSTOR-Potato/PT_THTIME.for.o
[ 69%] Building Fortran object CMakeFiles/dscsm048.dir/Soil/CENTURY_OrganicMatter/CE_RATIO_C.for.o
[ 69%] Building Fortran object CMakeFiles/dscsm048.dir/Soil/CENTURY_OrganicMatter/DECRAT_C.for.o
[ 69%] Building Fortran object CMakeFiles/dscsm048.dir/Soil/CENTURY_OrganicMatter/IMMOBLIMIT_C.for.o
[ 69%] Building Fortran object CMakeFiles/dscsm048.dir/Soil/CENTURY_OrganicMatter/INCORPOR_C.for.o
[ 69%] Building Fortran object CMakeFiles/dscsm048.dir/Soil/CENTURY_OrganicMatter/IPHedley_C.for.o
[ 69%] Building Fortran object CMakeFiles/dscsm048.dir/Soil/CENTURY_OrganicMatter/LITDEC_C.for.o
[ 69%] Building Fortran object CMakeFiles/dscsm048.dir/Soil/CENTURY_OrganicMatter/NCHECK_C.for.o
[ 69%] Building Fortran object CMakeFiles/dscsm048.dir/Soil/CENTURY_OrganicMatter/PARTIT_C.for.o
[ 69%] Building Fortran object CMakeFiles/dscsm048.dir/Soil/CENTURY_OrganicMatter/SOMDEC_C.for.o
[ 69%] Building Fortran object CMakeFiles/dscsm048.dir/Soil/CENTURY_OrganicMatter/SOMFIX_C.for.o
[ 69%] Building Fortran object CMakeFiles/dscsm048.dir/Soil/CENTURY_OrganicMatter/SOMINIT_c.for.o
[ 69%] Building Fortran object CMakeFiles/dscsm048.dir/Soil/CENTURY_OrganicMatter/SOMLITPRINT_C.for.o
[ 70%] Building Fortran object CMakeFiles/dscsm048.dir/Soil/CENTURY_OrganicMatter/TSOMLIT_C.for.o
[ 70%] Building Fortran object CMakeFiles/dscsm048.dir/Soil/CERES_OrganicMatter/NCHECK_organic.for.o
[ 71%] Building Fortran object CMakeFiles/dscsm048.dir/Soil/FloodN/FCHEM.for.o
[ 71%] Building Fortran object CMakeFiles/dscsm048.dir/Soil/FloodN/FLOODI.for.o
[ 71%] Building Fortran object CMakeFiles/dscsm048.dir/Soil/FloodN/Flood_Chem.for.o
[ 71%] Building Fortran object CMakeFiles/dscsm048.dir/Soil/FloodN/OPFLOODN.for.o
[ 71%] Building Fortran object CMakeFiles/dscsm048.dir/Soil/GHG/diffusiv.for.o
[ 71%] Building Fortran object CMakeFiles/dscsm048.dir/Soil/GHG/nox_pulse.f90.o
[ 72%] Building Fortran object CMakeFiles/dscsm048.dir/Soil/Inorganic_K/OpSoilKi.for.o
f951: Warning: ‘-fd-lines-as-comments’ has no effect in free form
[ 72%] Building Fortran object CMakeFiles/dscsm048.dir/Soil/Inorganic_K/SoilK_init.for.o
[ 72%] Building Fortran object CMakeFiles/dscsm048.dir/Soil/Inorganic_N/EQUIL2.for.o
[ 72%] Building Fortran object CMakeFiles/dscsm048.dir/Soil/Inorganic_N/NCHECK_inorg.for.o
[ 73%] Building Fortran object CMakeFiles/dscsm048.dir/Soil/Inorganic_N/NFLUX.for.o
[ 73%] Building Fortran object CMakeFiles/dscsm048.dir/Soil/Inorganic_N/OXLAYER.for.o
[ 73%] Building Fortran object CMakeFiles/dscsm048.dir/Soil/Inorganic_N/SoilNi_init.for.o
[ 74%] Building Fortran object CMakeFiles/dscsm048.dir/Soil/Inorganic_P/IPHedley_inorg.for.o
[ 74%] Building Fortran object CMakeFiles/dscsm048.dir/Soil/Inorganic_P/SoilPi_init.for.o
[ 75%] Building Fortran object CMakeFiles/dscsm048.dir/Soil/Mulch/MULCHEVAP.for.o
[ 75%] Building Fortran object CMakeFiles/dscsm048.dir/Soil/Mulch/MULCHWAT.for.o
[ 76%] Building Fortran object CMakeFiles/dscsm048.dir/Soil/SoilUtilities/LMATCH.for.o
[ 76%] Building Fortran object CMakeFiles/dscsm048.dir/Soil/SoilUtilities/SOILDYN.for.o
[ 76%] Building Fortran object CMakeFiles/dscsm048.dir/Soil/SoilWater/CapFringe.f90.o
f951: Warning: ‘-fd-lines-as-comments’ has no effect in free form
[ 76%] Building Fortran object CMakeFiles/dscsm048.dir/Soil/SoilWater/INFIL.for.o
[ 76%] Building Fortran object CMakeFiles/dscsm048.dir/Soil/SoilWater/OPSWBL.for.o
[ 76%] Building Fortran object CMakeFiles/dscsm048.dir/Soil/SoilWater/RETC_VG.for.o
/tmp/dssat_dual_v1_s30egzz1/modified/Soil/SoilWater/RETC_VG.for:198:23:

  198 |    12 W(I) = W12 * W(I)
      |                       1
Warning: Fortran 2018 deleted feature: DO termination statement which is not END DO or CONTINUE with label 12 at (1)
/tmp/dssat_dual_v1_s30egzz1/modified/Soil/SoilWater/RETC_VG.for:212:18:

  212 |    15 TH(I) = B(I)
      |                  1
Warning: Fortran 2018 deleted feature: DO termination statement which is not END DO or CONTINUE with label 15 at (1)
/tmp/dssat_dual_v1_s30egzz1/modified/Soil/SoilWater/RETC_VG.for:231:29:

  231 |    16 SSQ = SSQ + R(I) * R(I)
      |                             1
Warning: Fortran 2018 deleted feature: DO termination statement which is not END DO or CONTINUE with label 16 at (1)
/tmp/dssat_dual_v1_s30egzz1/modified/Soil/SoilWater/RETC_VG.for:244:36:

  244 |    20 Q(J) = Q(J) + DELZ(I,J) * R(I)
      |                                    1
Warning: Fortran 2018 deleted feature: DO termination statement which is not END DO or CONTINUE with label 20 at (1)
/tmp/dssat_dual_v1_s30egzz1/modified/Soil/SoilWater/RETC_VG.for:248:18:

  248 |    22 TH(J) = TEMP
      |                  1
Warning: Fortran 2018 deleted feature: DO termination statement which is not END DO or CONTINUE with label 22 at (1)
/tmp/dssat_dual_v1_s30egzz1/modified/Soil/SoilWater/RETC_VG.for:253:39:

  253 |    24 SUM = SUM + DELZ(K,I) * DELZ(K,J)
      |                                       1
Warning: Fortran 2018 deleted feature: DO termination statement which is not END DO or CONTINUE with label 24 at (1)
/tmp/dssat_dual_v1_s30egzz1/modified/Soil/SoilWater/RETC_VG.for:255:21:

  255 |    26 D(J,I) = D(I,J)
      |                     1
Warning: Fortran 2018 deleted feature: DO termination statement which is not END DO or CONTINUE with label 26 at (1)
/tmp/dssat_dual_v1_s30egzz1/modified/Soil/SoilWater/RETC_VG.for:256:26:

  256 |    28 E(I) = DSQRT(D(I,I))
      |                          1
Warning: Fortran 2018 deleted feature: DO termination statement which is not END DO or CONTINUE with label 28 at (1)
/tmp/dssat_dual_v1_s30egzz1/modified/Soil/SoilWater/RETC_VG.for:258:20:

  258 |       DO 32 J = 1,NP
      |                    1
Warning: Fortran 2018 deleted feature: Shared DO termination label 32 at (1)
/tmp/dssat_dual_v1_s30egzz1/modified/Soil/SoilWater/RETC_VG.for:259:35:

  259 |    32 A(I,J) = D(I,J)/(E(I) * E(J))
      |                                   1
Warning: Fortran 2018 deleted feature: DO termination statement which is not END DO or CONTINUE with label 32 at (1)
/tmp/dssat_dual_v1_s30egzz1/modified/Soil/SoilWater/RETC_VG.for:265:26:

  265 |    34 A(I,I) = A(I,I) + GA
      |                          1
Warning: Fortran 2018 deleted feature: DO termination statement which is not END DO or CONTINUE with label 34 at (1)
/tmp/dssat_dual_v1_s30egzz1/modified/Soil/SoilWater/RETC_VG.for:271:38:

  271 |    38 TB(I) = P(I) * STEP/E(I) + TH(I)
      |                                      1
Warning: Fortran 2018 deleted feature: DO termination statement which is not END DO or CONTINUE with label 38 at (1)
/tmp/dssat_dual_v1_s30egzz1/modified/Soil/SoilWater/RETC_VG.for:273:31:

  273 |       IF(TH(I) * TB(I))44,44,40
      |                               1
Warning: Fortran 2018 deleted feature: Arithmetic IF statement at (1)
/tmp/dssat_dual_v1_s30egzz1/modified/Soil/SoilWater/RETC_VG.for:279:31:

  279 |    42 SUMB = SUMB + R(I) * R(I)
      |                               1
Warning: Fortran 2018 deleted feature: DO termination statement which is not END DO or CONTINUE with label 42 at (1)
/tmp/dssat_dual_v1_s30egzz1/modified/Soil/SoilWater/RETC_VG.for:286:35:

  286 |    46 SUM3 = SUM3 + PHI(I) * PHI(I)
      |                                   1
Warning: Fortran 2018 deleted feature: DO termination statement which is not END DO or CONTINUE with label 46 at (1)
/tmp/dssat_dual_v1_s30egzz1/modified/Soil/SoilWater/RETC_VG.for:294:31:

  294 |       IF(TH(I) * TB(I))50,50,48
      |                               1
Warning: Fortran 2018 deleted feature: Arithmetic IF statement at (1)
/tmp/dssat_dual_v1_s30egzz1/modified/Soil/SoilWater/RETC_VG.for:297:30:

  297 |    50 IF(ANGLE-30.D0) 52,52,54
      |                              1
Warning: Fortran 2018 deleted feature: Arithmetic IF statement at (1)
/tmp/dssat_dual_v1_s30egzz1/modified/Soil/SoilWater/RETC_VG.for:306:19:

  306 |    58 TH(I) = TB(I)
      |                   1
Warning: Fortran 2018 deleted feature: DO termination statement which is not END DO or CONTINUE with label 58 at (1)
/tmp/dssat_dual_v1_s30egzz1/modified/Soil/SoilWater/RETC_VG.for:323:71:

  323 |       IF(DABS(P(I) * STEP/E(I))/(1.D-20 + DABS(TH(I)))-STOPCR) 66,66,68
      |                                                                       1
Warning: Fortran 2018 deleted feature: Arithmetic IF statement at (1)
/tmp/dssat_dual_v1_s30egzz1/modified/Soil/SoilWater/RETC_VG.for:341:40:

  341 |    72 E(I) = DSQRT(DMAX1(D(I,I),1.D-20))
      |                                        1
Warning: Fortran 2018 deleted feature: DO termination statement which is not END DO or CONTINUE with label 72 at (1)
/tmp/dssat_dual_v1_s30egzz1/modified/Soil/SoilWater/RETC_VG.for:344:35:

  344 |    74 A(J,I) = D(J,I)/(E(I) * E(J))
      |                                   1
Warning: Fortran 2018 deleted feature: DO termination statement which is not END DO or CONTINUE with label 74 at (1)
/tmp/dssat_dual_v1_s30egzz1/modified/Soil/SoilWater/RETC_VG.for:360:40:

  360 |    80 SUMYF = SUMYF + Y(I) * F(I) * W(I)
      |                                        1
Warning: Fortran 2018 deleted feature: DO termination statement which is not END DO or CONTINUE with label 80 at (1)
/tmp/dssat_dual_v1_s30egzz1/modified/Soil/SoilWater/RETC_VG.for:374:28:

  374 | 82      TPCOE = TH(I) + TSEC
      |                            1
Warning: Fortran 2018 deleted feature: DO termination statement which is not END DO or CONTINUE with label 82 at (1)
/tmp/dssat_dual_v1_s30egzz1/modified/Soil/SoilWater/RETC_VG.for:385:38:

  385 |   84  SSQW1 = SSQW1 + (R(I) * W(I))**2
      |                                      1
Warning: Fortran 2018 deleted feature: DO termination statement which is not END DO or CONTINUE with label 84 at (1)
/tmp/dssat_dual_v1_s30egzz1/modified/Soil/SoilWater/RETC_VG.for:634:26:

  634 |    34 IF(RWC-WCL) 36,36,38
      |                          1
Warning: Fortran 2018 deleted feature: Arithmetic IF statement at (1)
/tmp/dssat_dual_v1_s30egzz1/modified/Soil/SoilWater/RETC_VG.for:698:19:

  698 |     2 indx(J,1) = 0
      |                   1
Warning: Fortran 2018 deleted feature: DO termination statement which is not END DO or CONTINUE with label 2 at (1)
/tmp/dssat_dual_v1_s30egzz1/modified/Soil/SoilWater/RETC_VG.for:702:27:

  702 |       IF(indx(J,1)) 12,6,12
      |                           1
Warning: Fortran 2018 deleted feature: Arithmetic IF statement at (1)
/tmp/dssat_dual_v1_s30egzz1/modified/Soil/SoilWater/RETC_VG.for:704:27:

  704 |       IF(indx(K,1)) 10,8,10
      |                           1
Warning: Fortran 2018 deleted feature: Arithmetic IF statement at (1)
/tmp/dssat_dual_v1_s30egzz1/modified/Soil/SoilWater/RETC_VG.for:712:23:

  712 |       IF(AMAX) 30,30,14
      |                       1
Warning: Fortran 2018 deleted feature: Arithmetic IF statement at (1)
/tmp/dssat_dual_v1_s30egzz1/modified/Soil/SoilWater/RETC_VG.for:718:17:

  718 |    16 A(IC,L) = P
      |                 1
Warning: Fortran 2018 deleted feature: DO termination statement which is not END DO or CONTINUE with label 16 at (1)
/tmp/dssat_dual_v1_s30egzz1/modified/Soil/SoilWater/RETC_VG.for:727:27:

  727 |    20 A(IC,L) = A(IC,L) * P
      |                           1
Warning: Fortran 2018 deleted feature: DO termination statement which is not END DO or CONTINUE with label 20 at (1)
/tmp/dssat_dual_v1_s30egzz1/modified/Soil/SoilWater/RETC_VG.for:734:33:

  734 |    22 A(K,L) = A(K,L)-A(IC,L) * P
      |                                 1
Warning: Fortran 2018 deleted feature: DO termination statement which is not END DO or CONTINUE with label 22 at (1)
/tmp/dssat_dual_v1_s30egzz1/modified/Soil/SoilWater/RETC_VG.for:743:17:

  743 |    28 A(K,IC) = P
      |                 1
Warning: Fortran 2018 deleted feature: DO termination statement which is not END DO or CONTINUE with label 28 at (1)
/tmp/dssat_dual_v1_s30egzz1/modified/Soil/SoilWater/RETC_VG.for:745:20:

  745 |    30 IF(I) 26,32,26
      |                    1
Warning: Fortran 2018 deleted feature: Arithmetic IF statement at (1)
/tmp/dssat_dual_v1_s30egzz1/modified/Soil/SoilWater/RETC_VG.for:781:23:

  781 |       IF(X-2.0) 10,10,8
      |                       1
Warning: Fortran 2018 deleted feature: Arithmetic IF statement at (1)
/tmp/dssat_dual_v1_s30egzz1/modified/Soil/SoilWater/RETC_VG.for:782:23:

  782 |     6 IF(X-2.0) 14,14,8
      |                       1
Warning: Fortran 2018 deleted feature: Arithmetic IF statement at (1)
/tmp/dssat_dual_v1_s30egzz1/modified/Soil/SoilWater/RETC_VG.for:786:24:

  786 |    10 IF(X-1.0) 12,16,14
      |                        1
Warning: Fortran 2018 deleted feature: Arithmetic IF statement at (1)
/tmp/dssat_dual_v1_s30egzz1/modified/Soil/SoilWater/RETC_VG.for:830:71:

  830 |     2 T(I + 1) = -(A + Y) * (A + B + Y) * X/((A + Y2) * (A + Y2 + 1.0))
      |                                                                       1
Warning: Fortran 2018 deleted feature: DO termination statement which is not END DO or CONTINUE with label 2 at (1)
/tmp/dssat_dual_v1_s30egzz1/modified/Soil/SoilWater/RETC_VG.for:834:27:

  834 |     4 BINC = 1. + T(K)/BINC
      |                           1
Warning: Fortran 2018 deleted feature: DO termination statement which is not END DO or CONTINUE with label 4 at (1)
[ 76%] Building Fortran object CMakeFiles/dscsm048.dir/Soil/SoilWater/RNOFF.for.o
[ 76%] Building Fortran object CMakeFiles/dscsm048.dir/Soil/SoilWater/SATFLO.for.o
[ 76%] Building Fortran object CMakeFiles/dscsm048.dir/Soil/SoilWater/TILEDRAIN.for.o
[ 76%] Building Fortran object CMakeFiles/dscsm048.dir/Soil/SoilWater/WATBAL.for.o
[ 77%] Building Fortran object CMakeFiles/dscsm048.dir/Soil/SoilWater/WaterTable.f90.o
f951: Warning: ‘-fd-lines-as-comments’ has no effect in free form
[ 77%] Building Fortran object CMakeFiles/dscsm048.dir/Soil/SoilWater/WBAL.for.o
[ 77%] Building Fortran object CMakeFiles/dscsm048.dir/Soil/SoilWater/WBSUBS.for.o
[ 77%] Building Fortran object CMakeFiles/dscsm048.dir/SPAM/ESR_SoilEvap.for.o
[ 77%] Building Fortran object CMakeFiles/dscsm048.dir/SPAM/ETPHOT.for.o
[ 78%] Building Fortran object CMakeFiles/dscsm048.dir/SPAM/ETPHR.for.o
[ 78%] Building Fortran object CMakeFiles/dscsm048.dir/SPAM/PET.for.o
[ 78%] Building Fortran object CMakeFiles/dscsm048.dir/SPAM/ROOTWU.for.o
[ 79%] Building Fortran object CMakeFiles/dscsm048.dir/SPAM/SAL_Stemp.for.o
[ 79%] Building Fortran object CMakeFiles/dscsm048.dir/SPAM/SOILEV.for.o
[ 79%] Building Fortran object CMakeFiles/dscsm048.dir/SPAM/SPAM.for.o
[ 79%] Building Fortran object CMakeFiles/dscsm048.dir/SPAM/STEMP.for.o
[ 79%] Building Fortran object CMakeFiles/dscsm048.dir/SPAM/STEMP_EPIC.for.o
[ 79%] Building Fortran object CMakeFiles/dscsm048.dir/Weather/CO2VAL.for.o
[ 79%] Building Fortran object CMakeFiles/dscsm048.dir/Weather/HMET.for.o
[ 79%] Building Fortran object CMakeFiles/dscsm048.dir/Weather/WTHMOD.for.o
[ 79%] Building Fortran object CMakeFiles/dscsm048.dir/InputModule/OPHEAD.for.o
[ 79%] Building Fortran object CMakeFiles/dscsm048.dir/Management/FertType_mod.for.o
[ 79%] Building Fortran object CMakeFiles/dscsm048.dir/Plant/ALOHA-Pineapple/Aloha_mod.f90.o
f951: Warning: ‘-fd-lines-as-comments’ has no effect in free form
[ 80%] Building Fortran object CMakeFiles/dscsm048.dir/Plant/CANEGRO-Sugarcane/SC_CNG_mods.for.o
/tmp/dssat_dual_v1_s30egzz1/modified/Plant/CANEGRO-Sugarcane/SC_CNG_mods.for:737:42:

  736 |           DO I=1,MAX_TILLER_COHORTS
      |                                   2       
  737 |               CaneCrop%DEDLFN(I) = DEDLFN(I)
      |                                          1
Warning: Array reference at (1) out of bounds (100 > 30) in loop beginning at (2)
/tmp/dssat_dual_v1_s30egzz1/modified/Plant/CANEGRO-Sugarcane/SC_CNG_mods.for:738:39:

  736 |           DO I=1,MAX_TILLER_COHORTS
      |                                   2    
  737 |               CaneCrop%DEDLFN(I) = DEDLFN(I)
  738 |               CaneCrop%LFN(I)    = LFN(I)
      |                                       1
Warning: Array reference at (1) out of bounds (100 > 30) in loop beginning at (2)
/tmp/dssat_dual_v1_s30egzz1/modified/Plant/CANEGRO-Sugarcane/SC_CNG_mods.for:739:42:

  736 |           DO I=1,MAX_TILLER_COHORTS
      |                                   2       
......
  739 |               CaneCrop%POPMAX(I) = POPMAX(I)
      |                                          1
Warning: Array reference at (1) out of bounds (100 > 30) in loop beginning at (2)
/tmp/dssat_dual_v1_s30egzz1/modified/Plant/CANEGRO-Sugarcane/SC_CNG_mods.for:740:42:

  736 |           DO I=1,MAX_TILLER_COHORTS
      |                                   2       
......
  740 |               CaneCrop%TEMPOP(I) = TEMPOP(I)
      |                                          1
Warning: Array reference at (1) out of bounds (100 > 30) in loop beginning at (2)
/tmp/dssat_dual_v1_s30egzz1/modified/Plant/CANEGRO-Sugarcane/SC_CNG_mods.for:748:42:

  747 |               DO J=1,MAX_TILLER_COHORTS
      |                                       2   
  748 |                   CaneCrop%LEN(J,I) = LEN(J,I)
      |                                          1
Warning: Array reference at (1) out of bounds (100 > 30) in loop beginning at (2)
/tmp/dssat_dual_v1_s30egzz1/modified/Plant/CANEGRO-Sugarcane/SC_CNG_mods.for:779:21:

  778 |           DO I=1,MAX_TILLER_COHORTS
      |                                   2
  779 |               DEDLFN(I) = CaneCrop%DEDLFN(I)
      |                     1
Warning: Array reference at (1) out of bounds (100 > 30) in loop beginning at (2)
/tmp/dssat_dual_v1_s30egzz1/modified/Plant/CANEGRO-Sugarcane/SC_CNG_mods.for:780:18:

  778 |           DO I=1,MAX_TILLER_COHORTS
      |                                   2
  779 |               DEDLFN(I) = CaneCrop%DEDLFN(I)
  780 |               LFN(I)    = CaneCrop%LFN(I)
      |                  1
Warning: Array reference at (1) out of bounds (100 > 30) in loop beginning at (2)
/tmp/dssat_dual_v1_s30egzz1/modified/Plant/CANEGRO-Sugarcane/SC_CNG_mods.for:781:21:

  778 |           DO I=1,MAX_TILLER_COHORTS
      |                                   2
......
  781 |               POPMAX(I) = CaneCrop%POPMAX(I)
      |                     1
Warning: Array reference at (1) out of bounds (100 > 30) in loop beginning at (2)
/tmp/dssat_dual_v1_s30egzz1/modified/Plant/CANEGRO-Sugarcane/SC_CNG_mods.for:782:21:

  778 |           DO I=1,MAX_TILLER_COHORTS
      |                                   2
......
  782 |               TEMPOP(I) = CaneCrop%TEMPOP(I)
      |                     1
Warning: Array reference at (1) out of bounds (100 > 30) in loop beginning at (2)
/tmp/dssat_dual_v1_s30egzz1/modified/Plant/CANEGRO-Sugarcane/SC_CNG_mods.for:790:22:

  789 |               DO J=1,MAX_TILLER_COHORTS
      |                                       2
  790 |                   LEN(J,I) = CaneCrop%LEN(J,I)
      |                      1
Warning: Array reference at (1) out of bounds (100 > 30) in loop beginning at (2)
/tmp/dssat_dual_v1_s30egzz1/modified/Plant/CANEGRO-Sugarcane/SC_CNG_mods.for:1002:20:

 1001 |       DO I=1,MAX_TILLER_COHORTS
      |                               2
 1002 |           WRITE(MSG(I+8),100) 'TEMPOP(I)', CaneCrop%TEMPOP(I)
      |                    1
Warning: Array reference at (1) out of bounds (108 > 38) in loop beginning at (2)
[ 81%] Building Fortran object CMakeFiles/dscsm048.dir/Plant/CERES-SharedFiles/SLigCeres.for.o
[ 82%] Building Fortran object CMakeFiles/dscsm048.dir/Plant/CSYCA-Cassava/YCA_Control_Leaf.f90.o
f951: Warning: ‘-fd-lines-as-comments’ has no effect in free form
[ 82%] Building Fortran object CMakeFiles/dscsm048.dir/Utilities/OPSUM.for.o
[ 82%] Building Fortran object CMakeFiles/dscsm048.dir/CSM_Main/LAND.for.o
[ 82%] Building Fortran object CMakeFiles/dscsm048.dir/InputModule/ipexp.for.o
[ 82%] Building Fortran object CMakeFiles/dscsm048.dir/InputModule/IPSIM.for.o
[ 82%] Building Fortran object CMakeFiles/dscsm048.dir/Management/OM_Place.for.o
[ 83%] Building Fortran object CMakeFiles/dscsm048.dir/Plant/CERES-Maize/MZ_OPGROW.for.o
[ 83%] Building Fortran object CMakeFiles/dscsm048.dir/Plant/CERES-Maize/MZ_OPNIT.for.o
[ 83%] Building Fortran object CMakeFiles/dscsm048.dir/Plant/CERES-Millet/ML_OPGROW.for.o
[ 83%] Building Fortran object CMakeFiles/dscsm048.dir/Plant/CERES-Rice/RI_Opgrow.for.o
[ 83%] Building Fortran object CMakeFiles/dscsm048.dir/Plant/CERES-TEFF/TEFF_Opgrow.for.o
[ 83%] Building Fortran object CMakeFiles/dscsm048.dir/Plant/CROPGRO/Opgrow.for.o
[ 83%] Building Fortran object CMakeFiles/dscsm048.dir/Plant/CERES-Wheat_Barley/CSCER.for.o
[ 84%] Building Fortran object CMakeFiles/dscsm048.dir/Plant/CERES-Wheat_Barley/CSCERES_Interface.for.o
[ 84%] Building Fortran object CMakeFiles/dscsm048.dir/Plant/CERES-Wheat_Barley/CER_Output.for.o
/tmp/dssat_dual_v1_s30egzz1/modified/Plant/CERES-Wheat_Barley/CER_Output.for:1609:23:

 1609 |               PAUSE ' '
      |                       1
Warning: Deleted feature: PAUSE statement at (1)
/tmp/dssat_dual_v1_s30egzz1/modified/Plant/CERES-Wheat_Barley/CER_Output.for:1651:23:

 1651 |               PAUSE ' '
      |                       1
Warning: Deleted feature: PAUSE statement at (1)
/tmp/dssat_dual_v1_s30egzz1/modified/Plant/CERES-Wheat_Barley/CER_Output.for:1684:23:

 1684 |               PAUSE ' '
      |                       1
Warning: Deleted feature: PAUSE statement at (1)
[ 84%] Building Fortran object CMakeFiles/dscsm048.dir/Plant/CSYCA-Cassava/YCA_Integ_EndCrop.f90.o
f951: Warning: ‘-fd-lines-as-comments’ has no effect in free form
[ 84%] Building Fortran object CMakeFiles/dscsm048.dir/Plant/CSYCA-Cassava/YCA_Integ_SeasEnd.f90.o
f951: Warning: ‘-fd-lines-as-comments’ has no effect in free form
[ 84%] Building Fortran object CMakeFiles/dscsm048.dir/Plant/CSYCA-Cassava/YCA_Integ_WthrSum.f90.o
f951: Warning: ‘-fd-lines-as-comments’ has no effect in free form
[ 84%] Building Fortran object CMakeFiles/dscsm048.dir/Plant/CSYCA-Cassava/YCA_Out_FreshWt.f90.o
f951: Warning: ‘-fd-lines-as-comments’ has no effect in free form
[ 84%] Building Fortran object CMakeFiles/dscsm048.dir/Plant/CSYCA-Cassava/YCA_Out_PlGrow.f90.o
f951: Warning: ‘-fd-lines-as-comments’ has no effect in free form
[ 84%] Building Fortran object CMakeFiles/dscsm048.dir/Plant/CSYCA-Cassava/YCA_Out_WrkPhenRes.f90.o
f951: Warning: ‘-fd-lines-as-comments’ has no effect in free form
[ 84%] Building Fortran object CMakeFiles/dscsm048.dir/Plant/FORAGE/for_opgrow.for.o
[ 84%] Building Fortran object CMakeFiles/dscsm048.dir/Plant/Generic-PlantP/OpPlantP.for.o
[ 84%] Building Fortran object CMakeFiles/dscsm048.dir/Plant/OilCrop-Sunflower/SU_OPGROW.for.o
[ 84%] Building Fortran object CMakeFiles/dscsm048.dir/Plant/OilCrop-Sunflower/SU_OPNIT.for.o
[ 84%] Building Fortran object CMakeFiles/dscsm048.dir/Plant/SAMUCA-Sugarcane/SC_Det_outputs.f90.o
f951: Warning: ‘-fd-lines-as-comments’ has no effect in free form
[ 85%] Building Fortran object CMakeFiles/dscsm048.dir/Plant/SAMUCA-Sugarcane/SC_OPHARV_SAM.f90.o
f951: Warning: ‘-fd-lines-as-comments’ has no effect in free form
[ 85%] Building Fortran object CMakeFiles/dscsm048.dir/Plant/SAMUCA-Sugarcane/SC_OUTPUT_SAM.for.o
[ 85%] Building Fortran object CMakeFiles/dscsm048.dir/Plant/SAMUCA-Sugarcane/SC_SAMUCA_MODEL.f90.o
f951: Warning: ‘-fd-lines-as-comments’ has no effect in free form
/tmp/dssat_dual_v1_s30egzz1/modified/Plant/SAMUCA-Sugarcane/SC_SAMUCA_MODEL.f90:696:8:

  696 |     save
      |        1
Warning: Legacy Extension: Blanket SAVE statement at (1) follows previous SAVE statement
[ 86%] Building Fortran object CMakeFiles/dscsm048.dir/Soil/CENTURY_OrganicMatter/OPSOMLIT_C.for.o
/tmp/dssat_dual_v1_s30egzz1/modified/Plant/SAMUCA-Sugarcane/SC_SAMUCA_MODEL.f90:1718:22:

 1718 |         tempfac_h_per(hour)   = min(1.d0, max(0.d0, thour(hour) - tbper) / (tbMax_per - tbper))
      |                      1
Warning: Legacy Extension: REAL array index at (1)
/tmp/dssat_dual_v1_s30egzz1/modified/Plant/SAMUCA-Sugarcane/SC_SAMUCA_MODEL.f90:1718:58:

 1718 |         tempfac_h_per(hour)   = min(1.d0, max(0.d0, thour(hour) - tbper) / (tbMax_per - tbper))
      |                                                          1
Warning: Legacy Extension: REAL array index at (1)
/tmp/dssat_dual_v1_s30egzz1/modified/Plant/SAMUCA-Sugarcane/SC_SAMUCA_MODEL.f90:1717:7:

 1717 |     do hour = 1, 24
      |       1
Warning: Deleted feature: Loop variable at (1) must be integer
/tmp/dssat_dual_v1_s30egzz1/modified/Plant/SAMUCA-Sugarcane/SC_SAMUCA_MODEL.f90:1940:41:

 1940 |                 dead_lai    = sum(phprof(lf_dpos : (lf_dpos + aint(nsenesleaf_effect)), 5)) * nstk_now * tilleragefac * 1.e-4 * fdeadlf
      |                                         1
Warning: Legacy Extension: REAL array index at (1)
/tmp/dssat_dual_v1_s30egzz1/modified/Plant/SAMUCA-Sugarcane/SC_SAMUCA_MODEL.f90:1940:50:

 1940 |                 dead_lai    = sum(phprof(lf_dpos : (lf_dpos + aint(nsenesleaf_effect)), 5)) * nstk_now * tilleragefac * 1.e-4 * fdeadlf
      |                                                  1
Warning: Legacy Extension: REAL array index at (1)
/tmp/dssat_dual_v1_s30egzz1/modified/Plant/SAMUCA-Sugarcane/SC_SAMUCA_MODEL.f90:2937:44:

 2937 |                             per_hour = dpercoeff * tempfac_h_per(hour) * swface * agefactor_per
      |                                                                 1
Warning: Legacy Extension: REAL array index at (1)
/tmp/dssat_dual_v1_s30egzz1/modified/Plant/SAMUCA-Sugarcane/SC_SAMUCA_MODEL.f90:2935:15:

 2935 |             do hour = 1, 24
      |               1
Warning: Deleted feature: Loop variable at (1) must be integer
[ 86%] Building Fortran object CMakeFiles/dscsm048.dir/Soil/CENTURY_OrganicMatter/RPLACE_C.for.o
[ 86%] Building Fortran object CMakeFiles/dscsm048.dir/Soil/CENTURY_OrganicMatter/SENESADD_C.for.o
[ 86%] Building Fortran object CMakeFiles/dscsm048.dir/Soil/CENTURY_OrganicMatter/SoilCNPinit_C.for.o
[ 86%] Building Fortran object CMakeFiles/dscsm048.dir/Soil/CENTURY_OrganicMatter/SoilPoBal_C.for.o
[ 86%] Building Fortran object CMakeFiles/dscsm048.dir/Soil/CERES_OrganicMatter/OpSoilOrg.for.o
[ 86%] Building Fortran object CMakeFiles/dscsm048.dir/Soil/CERES_OrganicMatter/SoilOrg_init.for.o
[ 86%] Building Fortran object CMakeFiles/dscsm048.dir/Soil/Inorganic_K/SoilKi.for.o
[ 86%] Building Fortran object CMakeFiles/dscsm048.dir/Soil/Inorganic_N/OPSOILNI.for.o
[ 86%] Building Fortran object CMakeFiles/dscsm048.dir/Soil/Inorganic_P/OpSoilPi.for.o
[ 86%] Building Fortran object CMakeFiles/dscsm048.dir/Soil/Inorganic_P/SoilPi.for.o
[ 86%] Building Fortran object CMakeFiles/dscsm048.dir/Soil/Inorganic_P/SoilPiBal.for.o
[ 86%] Building Fortran object CMakeFiles/dscsm048.dir/Soil/Mulch/MULCHLAYER.for.o
[ 86%] Building Fortran object CMakeFiles/dscsm048.dir/Soil/Mulch/OPMULCH.for.o
[ 87%] Building Fortran object CMakeFiles/dscsm048.dir/Soil/SoilWater/OPWBAL.for.o
[ 87%] Building Fortran object CMakeFiles/dscsm048.dir/SPAM/OPETPHOT.for.o
[ 87%] Building Fortran object CMakeFiles/dscsm048.dir/SPAM/OpStemp.for.o
[ 87%] Building Fortran object CMakeFiles/dscsm048.dir/SPAM/SPSUBS.for.o
[ 88%] Building Fortran object CMakeFiles/dscsm048.dir/SPAM/TRANS.for.o
[ 88%] Building Fortran object CMakeFiles/dscsm048.dir/Weather/OPWEATH.for.o
[ 88%] Building Fortran object CMakeFiles/dscsm048.dir/Weather/weathr.for.o
[ 88%] Building Fortran object CMakeFiles/dscsm048.dir/Plant/CSYCA-Cassava/YCA_Model_VPD_Interface.f90.o
f951: Warning: ‘-fd-lines-as-comments’ has no effect in free form
[ 88%] Building Fortran object CMakeFiles/dscsm048.dir/Soil/GHG/GHG_mod.for.o
[ 89%] Building Fortran object CMakeFiles/dscsm048.dir/Utilities/Info.for.o
[ 89%] Building Fortran object CMakeFiles/dscsm048.dir/Utilities/OPSTRESS.for.o
[ 90%] Building Fortran object CMakeFiles/dscsm048.dir/Utilities/OPVIEW.for.o
[ 90%] Building Fortran object CMakeFiles/dscsm048.dir/Utilities/Warning.for.o
[ 91%] Building Fortran object CMakeFiles/dscsm048.dir/CSM_Main/CSM.for.o
[ 91%] Building Fortran object CMakeFiles/dscsm048.dir/Management/Fert_Place.for.o
[ 92%] Building Fortran object CMakeFiles/dscsm048.dir/Management/MgmtOps.for.o
[ 92%] Building Fortran object CMakeFiles/dscsm048.dir/Plant/ALOHA-Pineapple/Aloha_GROSUB.for.o
[ 92%] Building Fortran object CMakeFiles/dscsm048.dir/Plant/ALOHA-Pineapple/Aloha_OPGROW.f90.o
f951: Warning: ‘-fd-lines-as-comments’ has no effect in free form
[ 92%] Building Fortran object CMakeFiles/dscsm048.dir/Plant/ALOHA-Pineapple/Aloha_OPHARV.for.o
[ 92%] Building Fortran object CMakeFiles/dscsm048.dir/Plant/ALOHA-Pineapple/Aloha_PHENOL.for.o
[ 92%] Building Fortran object CMakeFiles/dscsm048.dir/Plant/ALOHA-Pineapple/Aloha_PINE.for.o
[ 92%] Building Fortran object CMakeFiles/dscsm048.dir/Plant/ALOHA-Pineapple/Aloha_ROOTGR.for.o
[ 92%] Building Fortran object CMakeFiles/dscsm048.dir/Plant/CANEGRO-Sugarcane/SC_Canop3.for.o
/tmp/dssat_dual_v1_s30egzz1/modified/Plant/CANEGRO-Sugarcane/SC_Canop3.for:1260:42:

 1260 |   30       GLASHT=GLASHT+AREAMX(L)*areduc
      |                                          1
Warning: Fortran 2018 deleted feature: DO termination statement which is not END DO or CONTINUE with label 30 at (1)
/tmp/dssat_dual_v1_s30egzz1/modified/Plant/CANEGRO-Sugarcane/SC_Canop3.for:1271:43:

 1271 |   32       TLASHT=TLASHT+AREAMX(L)*areduc
      |                                           1
Warning: Fortran 2018 deleted feature: DO termination statement which is not END DO or CONTINUE with label 32 at (1)
/tmp/dssat_dual_v1_s30egzz1/modified/Plant/CANEGRO-Sugarcane/SC_Canop3.for:1306:25:

 1306 |   40    SHOOTX(N1)=GLASHT
      |                         1
Warning: Fortran 2018 deleted feature: DO termination statement which is not END DO or CONTINUE with label 40 at (1)
[ 92%] Building Fortran object CMakeFiles/dscsm048.dir/Plant/CANEGRO-Sugarcane/SC_CCOUT.for.o
[ 92%] Building Fortran object CMakeFiles/dscsm048.dir/Plant/CANEGRO-Sugarcane/SC_CNGRO.for.o
[ 92%] Building Fortran object CMakeFiles/dscsm048.dir/Plant/CANEGRO-Sugarcane/SC_COEFFS.for.o
[ 92%] Building Fortran object CMakeFiles/dscsm048.dir/Plant/CANEGRO-Sugarcane/SC_ETOUT.for.o
[ 92%] Building Fortran object CMakeFiles/dscsm048.dir/Plant/CANEGRO-Sugarcane/SC_GTP_SHOOTS.for.o
[ 92%] Building Fortran object CMakeFiles/dscsm048.dir/Plant/CANEGRO-Sugarcane/SC_OPHARV.for.o
[ 93%] Building Fortran object CMakeFiles/dscsm048.dir/Plant/CANEGRO-Sugarcane/SC_OUTPUT.for.o
[ 93%] Building Fortran object CMakeFiles/dscsm048.dir/Plant/CANEGRO-Sugarcane/SC_PARTIT.for.o
[ 93%] Building Fortran object CMakeFiles/dscsm048.dir/Plant/CANEGRO-Sugarcane/SC_PHENOL.for.o
[ 93%] Building Fortran object CMakeFiles/dscsm048.dir/Plant/CANEGRO-Sugarcane/SC_PHOTOS.for.o
[ 93%] Building Fortran object CMakeFiles/dscsm048.dir/Plant/CANEGRO-Sugarcane/SC_Poplt3.for.o
[ 93%] Building Fortran object CMakeFiles/dscsm048.dir/Plant/CANEGRO-Sugarcane/SC_ROOTG.for.o
/tmp/dssat_dual_v1_s30egzz1/modified/Plant/CANEGRO-Sugarcane/SC_ROOTG.for:543:25:

  543 |  3000 TRLDF=TRLDF+RLDF(L)
      |                         1
Warning: Fortran 2018 deleted feature: DO termination statement which is not END DO or CONTINUE with label 3000 at (1)
[ 93%] Building Fortran object CMakeFiles/dscsm048.dir/Plant/CANEGRO-Sugarcane/SC_NITRO.for.o
[ 93%] Building Fortran object CMakeFiles/dscsm048.dir/Plant/CANEGRO-Sugarcane/SC_OPNIT.for.o
[ 93%] Building Fortran object CMakeFiles/dscsm048.dir/Plant/CERES-IXIM-Maize/MZ_IX_GROSUB.for.o
[ 93%] Building Fortran object CMakeFiles/dscsm048.dir/Plant/CERES-Maize/MZ_GROSUB.for.o
[ 94%] Building Fortran object CMakeFiles/dscsm048.dir/Plant/CERES-Millet/ML_GROSUB.for.o
[ 94%] Building Fortran object CMakeFiles/dscsm048.dir/Plant/CERES-Rice/RI_Grosub.for.o
[ 94%] Building Fortran object CMakeFiles/dscsm048.dir/Plant/CERES-TEFF/TEFF_Grosub.for.o
[ 94%] Building Fortran object CMakeFiles/dscsm048.dir/Plant/CERES-SharedFiles/HResCeres.for.o
[ 94%] Building Fortran object CMakeFiles/dscsm048.dir/Plant/CERES-Sorghum/SG_GROSUB.for.o
[ 95%] Building Fortran object CMakeFiles/dscsm048.dir/Plant/CERES-Sugarbeet/BS_GROSUB.for.o
[ 95%] Building Fortran object CMakeFiles/dscsm048.dir/Plant/CERES-SweetCorn/SW_GROSUB.for.o
[ 95%] Building Fortran object CMakeFiles/dscsm048.dir/Plant/CSYCA-Cassava/YCA_Growth_Distribute.f90.o
f951: Warning: ‘-fd-lines-as-comments’ has no effect in free form
[ 95%] Building Fortran object CMakeFiles/dscsm048.dir/Plant/CSYCA-Cassava/YCA_Growth_NUptake.f90.o
f951: Warning: ‘-fd-lines-as-comments’ has no effect in free form
[ 95%] Building Fortran object CMakeFiles/dscsm048.dir/Plant/CSYCA-Cassava/YCA_Growth_Senesce.f90.o
f951: Warning: ‘-fd-lines-as-comments’ has no effect in free form
/tmp/dssat_dual_v1_s30egzz1/modified/Plant/CSYCA-Cassava/YCA_Growth_NUptake.f90:260:22:

  260 |             DO BR = 0, BRSTAGE                                                                                        !LPM23MAY2015 To consider different N concentration by node according with age
      |                      1
Warning: Deleted feature: End expression in DO loop at (1) must be integer
[ 96%] Building Fortran object CMakeFiles/dscsm048.dir/Plant/CSYCA-Cassava/YCA_Integ_AgesWts.f90.o
f951: Warning: ‘-fd-lines-as-comments’ has no effect in free form
[ 96%] Building Fortran object CMakeFiles/dscsm048.dir/Plant/CSYCA-Cassava/YCA_Integ_LA.f90.o
f951: Warning: ‘-fd-lines-as-comments’ has no effect in free form
[ 96%] Building Fortran object CMakeFiles/dscsm048.dir/Plant/CSYCA-Cassava/YCA_Integ_N.f90.o
f951: Warning: ‘-fd-lines-as-comments’ has no effect in free form
[ 97%] Building Fortran object CMakeFiles/dscsm048.dir/Plant/CSYCA-Cassava/YCA_Integ_Nconc.f90.o
f951: Warning: ‘-fd-lines-as-comments’ has no effect in free form
[ 97%] Building Fortran object CMakeFiles/dscsm048.dir/Plant/CSYCA-Cassava/YCA_Out_ModFail.f90.o
f951: Warning: ‘-fd-lines-as-comments’ has no effect in free form
[ 97%] Building Fortran object CMakeFiles/dscsm048.dir/Plant/NTEF/TF_GROSUB.for.o
[ 97%] Building Fortran object CMakeFiles/dscsm048.dir/Plant/NWHEAT/WH_GROSUB.for.o
[ 97%] Building Fortran object CMakeFiles/dscsm048.dir/Plant/OilCrop-Sunflower/SU_GROSUB.for.o
[ 97%] Building Fortran object CMakeFiles/dscsm048.dir/Weather/IPWTH_alt.for.o
[ 97%] Building Fortran object CMakeFiles/dscsm048.dir/Weather/WGEN.for.o
[ 97%] Building Fortran object CMakeFiles/dscsm048.dir/Soil/SOIL.for.o
[ 97%] Building Fortran object CMakeFiles/dscsm048.dir/Soil/CENTURY_OrganicMatter/CENTURY.for.o
[ 97%] Building Fortran object CMakeFiles/dscsm048.dir/Soil/CERES_OrganicMatter/SoilOrg.for.o
[ 97%] Building Fortran object CMakeFiles/dscsm048.dir/Soil/GHG/Denit_Ceres.for.o
[ 98%] Building Fortran object CMakeFiles/dscsm048.dir/Soil/GHG/Denit_DayCent.for.o
[ 98%] Building Fortran object CMakeFiles/dscsm048.dir/Soil/GHG/Methane.for.o
[ 98%] Building Fortran object CMakeFiles/dscsm048.dir/Soil/Inorganic_N/SOILNI.for.o
[ 98%] Building Fortran object CMakeFiles/dscsm048.dir/Soil/SoilUtilities/SoilCBal.for.o
[ 98%] Building Fortran object CMakeFiles/dscsm048.dir/Plant/CSYCA-Cassava/YCA_Control_Photosynthesis.f90.o
f951: Warning: ‘-fd-lines-as-comments’ has no effect in free form
[ 98%] Building Fortran object CMakeFiles/dscsm048.dir/Soil/SoilUtilities/SoilNBalSum.for.o
[ 98%] Building Fortran object CMakeFiles/dscsm048.dir/Plant/CSYCA-Cassava/YCA_Growth_Photo.f90.o
f951: Warning: ‘-fd-lines-as-comments’ has no effect in free form
[ 98%] Building Fortran object CMakeFiles/dscsm048.dir/Plant/CSYCA-Cassava/YCA_Growth_Rates.f90.o
[ 99%] Building Fortran object CMakeFiles/dscsm048.dir/Soil/CENTURY_OrganicMatter/SoilNoBal_C.for.o
f951: Warning: ‘-fd-lines-as-comments’ has no effect in free form
[ 99%] Building Fortran object CMakeFiles/dscsm048.dir/Soil/Inorganic_N/SoilNiBal.for.o
[ 99%] Building Fortran object CMakeFiles/dscsm048.dir/Soil/SoilUtilities/SoilNoPoBal.for.o
[100%] Linking Fortran executable bin/dscsm048
[100%] Built target dscsm048

$ cmake --install /tmp/dssat_dual_v1_s30egzz1/build_DUAL
-- Install configuration: "RELEASE"
-- Installing: /tmp/dssat_dual_v1_s30egzz1/run_DUAL/./dscsm048
-- Installing: /tmp/dssat_dual_v1_s30egzz1/run_DUAL/./run_dssat
-- Up-to-date: /tmp/dssat_dual_v1_s30egzz1/run_DUAL/.
-- Installing: /tmp/dssat_dual_v1_s30egzz1/run_DUAL/./PEST.CDE
-- Installing: /tmp/dssat_dual_v1_s30egzz1/run_DUAL/./OUTPUT.CDE
-- Installing: /tmp/dssat_dual_v1_s30egzz1/run_DUAL/./GRSTAGE.CDE
-- Installing: /tmp/dssat_dual_v1_s30egzz1/run_DUAL/./DSSATPRO.v48
-- Installing: /tmp/dssat_dual_v1_s30egzz1/run_DUAL/./DSSATPRO.L48
-- Installing: /tmp/dssat_dual_v1_s30egzz1/run_DUAL/./WEATHER.CDE
-- Installing: /tmp/dssat_dual_v1_s30egzz1/run_DUAL/./SOIL.CDE
-- Installing: /tmp/dssat_dual_v1_s30egzz1/run_DUAL/./ECONOMIC.CDE
-- Installing: /tmp/dssat_dual_v1_s30egzz1/run_DUAL/./Help
-- Installing: /tmp/dssat_dual_v1_s30egzz1/run_DUAL/./Help/What is DSSAT.pdf
-- Installing: /tmp/dssat_dual_v1_s30egzz1/run_DUAL/./Help/DSSAT v4.8 License & Warranty Agreement.pdf
-- Installing: /tmp/dssat_dual_v1_s30egzz1/run_DUAL/./Help/DSSAT48.rtf
-- Installing: /tmp/dssat_dual_v1_s30egzz1/run_DUAL/./Help/DSSAT_Input_Files.chm
-- Installing: /tmp/dssat_dual_v1_s30egzz1/run_DUAL/./Help/DSSAT48.chm
-- Installing: /tmp/dssat_dual_v1_s30egzz1/run_DUAL/./Help/How to Cite DSSAT.pdf
-- Installing: /tmp/dssat_dual_v1_s30egzz1/run_DUAL/./Help/Installv48.chm
-- Installing: /tmp/dssat_dual_v1_s30egzz1/run_DUAL/./BatchFiles
-- Installing: /tmp/dssat_dual_v1_s30egzz1/run_DUAL/./BatchFiles/Potato.v48
-- Installing: /tmp/dssat_dual_v1_s30egzz1/run_DUAL/./BatchFiles/PearlMillet.v48
-- Installing: /tmp/dssat_dual_v1_s30egzz1/run_DUAL/./BatchFiles/SweetCorn.v48
-- Installing: /tmp/dssat_dual_v1_s30egzz1/run_DUAL/./BatchFiles/Sugarbeet.v48
-- Installing: /tmp/dssat_dual_v1_s30egzz1/run_DUAL/./BatchFiles/Pineapple.v48
-- Installing: /tmp/dssat_dual_v1_s30egzz1/run_DUAL/./BatchFiles/Sunflower.v48
-- Installing: /tmp/dssat_dual_v1_s30egzz1/run_DUAL/./BatchFiles/Bambara.v48
-- Installing: /tmp/dssat_dual_v1_s30egzz1/run_DUAL/./BatchFiles/GreenBean.v48
-- Installing: /tmp/dssat_dual_v1_s30egzz1/run_DUAL/./BatchFiles/Wheat.v48
-- Installing: /tmp/dssat_dual_v1_s30egzz1/run_DUAL/./BatchFiles/Sugarcane.v48
-- Installing: /tmp/dssat_dual_v1_s30egzz1/run_DUAL/./BatchFiles/Guineagrass.v48
-- Installing: /tmp/dssat_dual_v1_s30egzz1/run_DUAL/./BatchFiles/Canola.v48
-- Installing: /tmp/dssat_dual_v1_s30egzz1/run_DUAL/./BatchFiles/Brachiaria.v48
-- Installing: /tmp/dssat_dual_v1_s30egzz1/run_DUAL/./BatchFiles/All.L48
-- Installing: /tmp/dssat_dual_v1_s30egzz1/run_DUAL/./BatchFiles/All.v48
-- Installing: /tmp/dssat_dual_v1_s30egzz1/run_DUAL/./BatchFiles/Peanut.v48
-- Installing: /tmp/dssat_dual_v1_s30egzz1/run_DUAL/./BatchFiles/Barley.v48
-- Installing: /tmp/dssat_dual_v1_s30egzz1/run_DUAL/./BatchFiles/BellPepper.v48
-- Installing: /tmp/dssat_dual_v1_s30egzz1/run_DUAL/./BatchFiles/Cassava.v48
-- Installing: /tmp/dssat_dual_v1_s30egzz1/run_DUAL/./BatchFiles/Fababean.v48
-- Installing: /tmp/dssat_dual_v1_s30egzz1/run_DUAL/./BatchFiles/Guar.v48
-- Installing: /tmp/dssat_dual_v1_s30egzz1/run_DUAL/./BatchFiles/CROPGRO.v48
-- Installing: /tmp/dssat_dual_v1_s30egzz1/run_DUAL/./BatchFiles/Rice.v48
-- Installing: /tmp/dssat_dual_v1_s30egzz1/run_DUAL/./BatchFiles/Tanier.v48
-- Installing: /tmp/dssat_dual_v1_s30egzz1/run_DUAL/./BatchFiles/Strawberry.v48
-- Installing: /tmp/dssat_dual_v1_s30egzz1/run_DUAL/./BatchFiles/Taro.v48
-- Installing: /tmp/dssat_dual_v1_s30egzz1/run_DUAL/./BatchFiles/Bermuda.v48
-- Installing: /tmp/dssat_dual_v1_s30egzz1/run_DUAL/./BatchFiles/Carinata.v48
-- Installing: /tmp/dssat_dual_v1_s30egzz1/run_DUAL/./BatchFiles/Tomato.v48
-- Installing: /tmp/dssat_dual_v1_s30egzz1/run_DUAL/./BatchFiles/Bahia.v48
-- Installing: /tmp/dssat_dual_v1_s30egzz1/run_DUAL/./BatchFiles/Alfalfa.v48
-- Installing: /tmp/dssat_dual_v1_s30egzz1/run_DUAL/./BatchFiles/Fallow.v48
-- Installing: /tmp/dssat_dual_v1_s30egzz1/run_DUAL/./BatchFiles/Cowpea.v48
-- Installing: /tmp/dssat_dual_v1_s30egzz1/run_DUAL/./BatchFiles/Pigeonpea.v48
-- Installing: /tmp/dssat_dual_v1_s30egzz1/run_DUAL/./BatchFiles/Drybean.v48
-- Installing: /tmp/dssat_dual_v1_s30egzz1/run_DUAL/./BatchFiles/Velvetbean.v48
-- Installing: /tmp/dssat_dual_v1_s30egzz1/run_DUAL/./BatchFiles/Sorghum.v48
-- Installing: /tmp/dssat_dual_v1_s30egzz1/run_DUAL/./BatchFiles/Lentil.v48
-- Installing: /tmp/dssat_dual_v1_s30egzz1/run_DUAL/./BatchFiles/Safflower.v48
-- Installing: /tmp/dssat_dual_v1_s30egzz1/run_DUAL/./BatchFiles/Chickpea.v48
-- Installing: /tmp/dssat_dual_v1_s30egzz1/run_DUAL/./BatchFiles/Chia.v48
-- Installing: /tmp/dssat_dual_v1_s30egzz1/run_DUAL/./BatchFiles/Maize.v48
-- Installing: /tmp/dssat_dual_v1_s30egzz1/run_DUAL/./BatchFiles/Amaranth.v48
-- Installing: /tmp/dssat_dual_v1_s30egzz1/run_DUAL/./BatchFiles/Cabbage.v48
-- Installing: /tmp/dssat_dual_v1_s30egzz1/run_DUAL/./BatchFiles/Quinoa.v48
-- Installing: /tmp/dssat_dual_v1_s30egzz1/run_DUAL/./BatchFiles/Cotton.v48
-- Installing: /tmp/dssat_dual_v1_s30egzz1/run_DUAL/./BatchFiles/Teff.v48
-- Installing: /tmp/dssat_dual_v1_s30egzz1/run_DUAL/./BatchFiles/Soybean.v48
-- Installing: /tmp/dssat_dual_v1_s30egzz1/run_DUAL/./Default
-- Installing: /tmp/dssat_dual_v1_s30egzz1/run_DUAL/./Default/GENCALC2.rul
-- Installing: /tmp/dssat_dual_v1_s30egzz1/run_DUAL/./Default/GENCALC2.ABT
-- Installing: /tmp/dssat_dual_v1_s30egzz1/run_DUAL/./Default/Simulate_Sequence.def
-- Installing: /tmp/dssat_dual_v1_s30egzz1/run_DUAL/./Default/Weather.var
-- Installing: /tmp/dssat_dual_v1_s30egzz1/run_DUAL/./Default/Simulate_Spatial.def
-- Installing: /tmp/dssat_dual_v1_s30egzz1/run_DUAL/./Default/Simulate.def
-- Installing: /tmp/dssat_dual_v1_s30egzz1/run_DUAL/./Default/Simulate_Forecast.def
-- Installing: /tmp/dssat_dual_v1_s30egzz1/run_DUAL/./Default/Simulate_Seasonal.def
-- Installing: /tmp/dssat_dual_v1_s30egzz1/run_DUAL/./GCOEFF.CDE
-- Installing: /tmp/dssat_dual_v1_s30egzz1/run_DUAL/./SIMULATION.CDE
-- Installing: /tmp/dssat_dual_v1_s30egzz1/run_DUAL/./Genotype
-- Installing: /tmp/dssat_dual_v1_s30egzz1/run_DUAL/./Genotype/MZIXM048.SPE
-- Installing: /tmp/dssat_dual_v1_s30egzz1/run_DUAL/./Genotype/CSCAS048.ECO
-- Installing: /tmp/dssat_dual_v1_s30egzz1/run_DUAL/./Genotype/BGGRO048.ECO
-- Installing: /tmp/dssat_dual_v1_s30egzz1/run_DUAL/./Genotype/WHAPS048.ECO
-- Installing: /tmp/dssat_dual_v1_s30egzz1/run_DUAL/./Genotype/BCGRO048.ECO
-- Installing: /tmp/dssat_dual_v1_s30egzz1/run_DUAL/./Genotype/GBGRO048.ECO
-- Installing: /tmp/dssat_dual_v1_s30egzz1/run_DUAL/./Genotype/SUGRO048.CUL
-- Installing: /tmp/dssat_dual_v1_s30egzz1/run_DUAL/./Genotype/BSCER048.SPE
-- Installing: /tmp/dssat_dual_v1_s30egzz1/run_DUAL/./Genotype/SWCER048.CUL
-- Installing: /tmp/dssat_dual_v1_s30egzz1/run_DUAL/./Genotype/CNGRO048.SPE
-- Installing: /tmp/dssat_dual_v1_s30egzz1/run_DUAL/./Genotype/SUOIL048.SPE
-- Installing: /tmp/dssat_dual_v1_s30egzz1/run_DUAL/./Genotype/BMFRM048.SPE
-- Installing: /tmp/dssat_dual_v1_s30egzz1/run_DUAL/./Genotype/RICER048.SPE
-- Installing: /tmp/dssat_dual_v1_s30egzz1/run_DUAL/./Genotype/BRGRO048.SPE
-- Installing: /tmp/dssat_dual_v1_s30egzz1/run_DUAL/./Genotype/SFGRO048.ECO
-- Installing: /tmp/dssat_dual_v1_s30egzz1/run_DUAL/./Genotype/CHGRO048.ECO
-- Installing: /tmp/dssat_dual_v1_s30egzz1/run_DUAL/./Genotype/TMGRO048.SPE
-- Installing: /tmp/dssat_dual_v1_s30egzz1/run_DUAL/./Genotype/CSYCA048.SPE
-- Installing: /tmp/dssat_dual_v1_s30egzz1/run_DUAL/./Genotype/CSYCA048.CUL
-- Installing: /tmp/dssat_dual_v1_s30egzz1/run_DUAL/./Genotype/BHFRM048.ECO
-- Installing: /tmp/dssat_dual_v1_s30egzz1/run_DUAL/./Genotype/SCCSP048.SPE
-- Installing: /tmp/dssat_dual_v1_s30egzz1/run_DUAL/./Genotype/COGRO048.CUL
-- Installing: /tmp/dssat_dual_v1_s30egzz1/run_DUAL/./Genotype/FBGRO048.ECO
-- Installing: /tmp/dssat_dual_v1_s30egzz1/run_DUAL/./Genotype/BACRP048.CUL
-- Installing: /tmp/dssat_dual_v1_s30egzz1/run_DUAL/./Genotype/QUGRO048.ECO
-- Installing: /tmp/dssat_dual_v1_s30egzz1/run_DUAL/./Genotype/G0GRO048.ECO
-- Installing: /tmp/dssat_dual_v1_s30egzz1/run_DUAL/./Genotype/GGFRM048.CUL
-- Installing: /tmp/dssat_dual_v1_s30egzz1/run_DUAL/./Genotype/CPGRO048.ECO
-- Installing: /tmp/dssat_dual_v1_s30egzz1/run_DUAL/./Genotype/GGFRM048.ECO
-- Installing: /tmp/dssat_dual_v1_s30egzz1/run_DUAL/./Genotype/WHCER048.SPE
-- Installing: /tmp/dssat_dual_v1_s30egzz1/run_DUAL/./Genotype/ALFRM048.ECO
-- Installing: /tmp/dssat_dual_v1_s30egzz1/run_DUAL/./Genotype/BNGRO048.CUL
-- Installing: /tmp/dssat_dual_v1_s30egzz1/run_DUAL/./Genotype/SWCER048.SPE
-- Installing: /tmp/dssat_dual_v1_s30egzz1/run_DUAL/./Genotype/BRGRO048.ECO
-- Installing: /tmp/dssat_dual_v1_s30egzz1/run_DUAL/./Genotype/SFGRO048.CUL
-- Installing: /tmp/dssat_dual_v1_s30egzz1/run_DUAL/./Genotype/G0GRO048.SPE
-- Installing: /tmp/dssat_dual_v1_s30egzz1/run_DUAL/./Genotype/SRGRO048.ECO
-- Installing: /tmp/dssat_dual_v1_s30egzz1/run_DUAL/./Genotype/PIALO048.CUL
-- Installing: /tmp/dssat_dual_v1_s30egzz1/run_DUAL/./Genotype/PRGRO048.CUL
-- Installing: /tmp/dssat_dual_v1_s30egzz1/run_DUAL/./Genotype/PPGRO048.ECO
-- Installing: /tmp/dssat_dual_v1_s30egzz1/run_DUAL/./Genotype/CBGRO048.SPE
-- Installing: /tmp/dssat_dual_v1_s30egzz1/run_DUAL/./Genotype/TFCER048.CUL
-- Installing: /tmp/dssat_dual_v1_s30egzz1/run_DUAL/./Genotype/CIGRO048.ECO
-- Installing: /tmp/dssat_dual_v1_s30egzz1/run_DUAL/./Genotype/MLCER048.ECO
-- Installing: /tmp/dssat_dual_v1_s30egzz1/run_DUAL/./Genotype/FBGRO048.CUL
-- Installing: /tmp/dssat_dual_v1_s30egzz1/run_DUAL/./Genotype/FBGRO048.SPE
-- Installing: /tmp/dssat_dual_v1_s30egzz1/run_DUAL/./Genotype/CIGRO048.SPE
-- Installing: /tmp/dssat_dual_v1_s30egzz1/run_DUAL/./Genotype/TRARO048.CUL
-- Installing: /tmp/dssat_dual_v1_s30egzz1/run_DUAL/./Genotype/BACER048.ECO
-- Installing: /tmp/dssat_dual_v1_s30egzz1/run_DUAL/./Genotype/LTGRO048.CUL
-- Installing: /tmp/dssat_dual_v1_s30egzz1/run_DUAL/./Genotype/WHAPS048.CUL
-- Installing: /tmp/dssat_dual_v1_s30egzz1/run_DUAL/./Genotype/TFAPS048.ECO
-- Installing: /tmp/dssat_dual_v1_s30egzz1/run_DUAL/./Genotype/SCCAN048.ECO
-- Installing: /tmp/dssat_dual_v1_s30egzz1/run_DUAL/./Genotype/SWCER048.ECO
-- Installing: /tmp/dssat_dual_v1_s30egzz1/run_DUAL/./Genotype/SCSAM048.SPE
-- Installing: /tmp/dssat_dual_v1_s30egzz1/run_DUAL/./Genotype/GYGRO048.SPE
-- Installing: /tmp/dssat_dual_v1_s30egzz1/run_DUAL/./Genotype/BHFRM048.CUL
-- Installing: /tmp/dssat_dual_v1_s30egzz1/run_DUAL/./Genotype/BGGRO048.CUL
-- Installing: /tmp/dssat_dual_v1_s30egzz1/run_DUAL/./Genotype/QUGRO048.SPE
-- Installing: /tmp/dssat_dual_v1_s30egzz1/run_DUAL/./Genotype/BCGRO048.SPE
-- Installing: /tmp/dssat_dual_v1_s30egzz1/run_DUAL/./Genotype/QUGRO048.CUL
-- Installing: /tmp/dssat_dual_v1_s30egzz1/run_DUAL/./Genotype/SCSAM048.ECO
-- Installing: /tmp/dssat_dual_v1_s30egzz1/run_DUAL/./Genotype/BNGRO048.ECO
-- Installing: /tmp/dssat_dual_v1_s30egzz1/run_DUAL/./Genotype/BRFRM048.ECO
-- Installing: /tmp/dssat_dual_v1_s30egzz1/run_DUAL/./Genotype/BACRP048.ECO
-- Installing: /tmp/dssat_dual_v1_s30egzz1/run_DUAL/./Genotype/CNGRO048.CUL
-- Installing: /tmp/dssat_dual_v1_s30egzz1/run_DUAL/./Genotype/BGGRO048.SPE
-- Installing: /tmp/dssat_dual_v1_s30egzz1/run_DUAL/./Genotype/WHCER048.ECO
-- Installing: /tmp/dssat_dual_v1_s30egzz1/run_DUAL/./Genotype/AMGRO048.CUL
-- Installing: /tmp/dssat_dual_v1_s30egzz1/run_DUAL/./Genotype/PNGRO048.ECO
-- Installing: /tmp/dssat_dual_v1_s30egzz1/run_DUAL/./Genotype/PRGRO048.ECO
-- Installing: /tmp/dssat_dual_v1_s30egzz1/run_DUAL/./Genotype/MZCER048.CUL
-- Installing: /tmp/dssat_dual_v1_s30egzz1/run_DUAL/./Genotype/BRFRM048.CUL
-- Installing: /tmp/dssat_dual_v1_s30egzz1/run_DUAL/./Genotype/CIGRO048.CUL
-- Installing: /tmp/dssat_dual_v1_s30egzz1/run_DUAL/./Genotype/TRARO048.SPE
-- Installing: /tmp/dssat_dual_v1_s30egzz1/run_DUAL/./Genotype/BMFRM048.ECO
-- Installing: /tmp/dssat_dual_v1_s30egzz1/run_DUAL/./Genotype/CNGRO048.ECO
-- Installing: /tmp/dssat_dual_v1_s30egzz1/run_DUAL/./Genotype/BHFRM048.SPE
-- Installing: /tmp/dssat_dual_v1_s30egzz1/run_DUAL/./Genotype/SCCSP048.ECO
-- Installing: /tmp/dssat_dual_v1_s30egzz1/run_DUAL/./Genotype/BRFRM048.SPE
-- Installing: /tmp/dssat_dual_v1_s30egzz1/run_DUAL/./Genotype/BHGRO048.ECO
-- Installing: /tmp/dssat_dual_v1_s30egzz1/run_DUAL/./Genotype/SCCAN048.SPE
-- Installing: /tmp/dssat_dual_v1_s30egzz1/run_DUAL/./Genotype/AMGRO048.ECO
-- Installing: /tmp/dssat_dual_v1_s30egzz1/run_DUAL/./Genotype/SGCER048.ECO
-- Installing: /tmp/dssat_dual_v1_s30egzz1/run_DUAL/./Genotype/BRGRO048.CUL
-- Installing: /tmp/dssat_dual_v1_s30egzz1/run_DUAL/./Genotype/TMGRO048.CUL
-- Installing: /tmp/dssat_dual_v1_s30egzz1/run_DUAL/./Genotype/PRGRO048.SPE
-- Installing: /tmp/dssat_dual_v1_s30egzz1/run_DUAL/./Genotype/BSCER048.CUL
-- Installing: /tmp/dssat_dual_v1_s30egzz1/run_DUAL/./Genotype/CSYCA048.ECO
-- Installing: /tmp/dssat_dual_v1_s30egzz1/run_DUAL/./Genotype/SFGRO048.SPE
-- Installing: /tmp/dssat_dual_v1_s30egzz1/run_DUAL/./Genotype/WHAPS048.SPE
-- Installing: /tmp/dssat_dual_v1_s30egzz1/run_DUAL/./Genotype/SUGRO048.SPE
-- Installing: /tmp/dssat_dual_v1_s30egzz1/run_DUAL/./Genotype/SRGRO048.SPE
-- Installing: /tmp/dssat_dual_v1_s30egzz1/run_DUAL/./Genotype/TMGRO048.ECO
-- Installing: /tmp/dssat_dual_v1_s30egzz1/run_DUAL/./Genotype/SUGRO048.ECO
-- Installing: /tmp/dssat_dual_v1_s30egzz1/run_DUAL/./Genotype/CHGRO048.CUL
-- Installing: /tmp/dssat_dual_v1_s30egzz1/run_DUAL/./Genotype/PIALO048.SPE
-- Installing: /tmp/dssat_dual_v1_s30egzz1/run_DUAL/./Genotype/MLCER048.CUL
-- Installing: /tmp/dssat_dual_v1_s30egzz1/run_DUAL/./Genotype/SCCAN048.CUL
-- Installing: /tmp/dssat_dual_v1_s30egzz1/run_DUAL/./Genotype/MZIXM048.CUL
-- Installing: /tmp/dssat_dual_v1_s30egzz1/run_DUAL/./Genotype/VBGRO048.ECO
-- Installing: /tmp/dssat_dual_v1_s30egzz1/run_DUAL/./Genotype/COGRO048.SPE
-- Installing: /tmp/dssat_dual_v1_s30egzz1/run_DUAL/./Genotype/WHCER048.CUL
-- Installing: /tmp/dssat_dual_v1_s30egzz1/run_DUAL/./Genotype/PTSUB048.SPE
-- Installing: /tmp/dssat_dual_v1_s30egzz1/run_DUAL/./Genotype/COGRO048.ECO
-- Installing: /tmp/dssat_dual_v1_s30egzz1/run_DUAL/./Genotype/BHGRO048.SPE
-- Installing: /tmp/dssat_dual_v1_s30egzz1/run_DUAL/./Genotype/BACER048.CUL
-- Installing: /tmp/dssat_dual_v1_s30egzz1/run_DUAL/./Genotype/PNGRO048.CUL
-- Installing: /tmp/dssat_dual_v1_s30egzz1/run_DUAL/./Genotype/PTSUB048.ECO
-- Installing: /tmp/dssat_dual_v1_s30egzz1/run_DUAL/./Genotype/CBGRO048.ECO
-- Installing: /tmp/dssat_dual_v1_s30egzz1/run_DUAL/./Genotype/VBGRO048.SPE
-- Installing: /tmp/dssat_dual_v1_s30egzz1/run_DUAL/./Genotype/VBGRO048.CUL
-- Installing: /tmp/dssat_dual_v1_s30egzz1/run_DUAL/./Genotype/LTGRO048.ECO
-- Installing: /tmp/dssat_dual_v1_s30egzz1/run_DUAL/./Genotype/BCGRO048.CUL
-- Installing: /tmp/dssat_dual_v1_s30egzz1/run_DUAL/./Genotype/MZCER048.SPE
-- Installing: /tmp/dssat_dual_v1_s30egzz1/run_DUAL/./Genotype/AMGRO048.SPE
-- Installing: /tmp/dssat_dual_v1_s30egzz1/run_DUAL/./Genotype/CSCAS048.CUL
-- Installing: /tmp/dssat_dual_v1_s30egzz1/run_DUAL/./Genotype/CPGRO048.CUL
-- Installing: /tmp/dssat_dual_v1_s30egzz1/run_DUAL/./Genotype/SBGRO048.CUL
-- Installing: /tmp/dssat_dual_v1_s30egzz1/run_DUAL/./Genotype/PTSUB048.CUL
-- Installing: /tmp/dssat_dual_v1_s30egzz1/run_DUAL/./Genotype/CSCAS048.SPE
-- Installing: /tmp/dssat_dual_v1_s30egzz1/run_DUAL/./Genotype/PPGRO048.CUL
-- Installing: /tmp/dssat_dual_v1_s30egzz1/run_DUAL/./Genotype/SUOIL048.ECO
-- Installing: /tmp/dssat_dual_v1_s30egzz1/run_DUAL/./Genotype/GGFRM048.SPE
-- Installing: /tmp/dssat_dual_v1_s30egzz1/run_DUAL/./Genotype/CHGRO048.SPE
-- Installing: /tmp/dssat_dual_v1_s30egzz1/run_DUAL/./Genotype/SGCER048.SPE
-- Installing: /tmp/dssat_dual_v1_s30egzz1/run_DUAL/./Genotype/LTGRO048.SPE
-- Installing: /tmp/dssat_dual_v1_s30egzz1/run_DUAL/./Genotype/RICER048.CUL
-- Installing: /tmp/dssat_dual_v1_s30egzz1/run_DUAL/./Genotype/CBGRO048.CUL
-- Installing: /tmp/dssat_dual_v1_s30egzz1/run_DUAL/./Genotype/SBGRO048.ECO
-- Installing: /tmp/dssat_dual_v1_s30egzz1/run_DUAL/./Genotype/BACRP048.SPE
-- Installing: /tmp/dssat_dual_v1_s30egzz1/run_DUAL/./Genotype/BNGRO048.SPE
-- Installing: /tmp/dssat_dual_v1_s30egzz1/run_DUAL/./Genotype/TNARO048.SPE
-- Installing: /tmp/dssat_dual_v1_s30egzz1/run_DUAL/./Genotype/SCCSP048.CUL
-- Installing: /tmp/dssat_dual_v1_s30egzz1/run_DUAL/./Genotype/PNGRO048.SPE
-- Installing: /tmp/dssat_dual_v1_s30egzz1/run_DUAL/./Genotype/MZCER048.ECO
-- Installing: /tmp/dssat_dual_v1_s30egzz1/run_DUAL/./Genotype/SBGRO048.SPE
-- Installing: /tmp/dssat_dual_v1_s30egzz1/run_DUAL/./Genotype/GYGRO048.ECO
-- Installing: /tmp/dssat_dual_v1_s30egzz1/run_DUAL/./Genotype/SRGRO048.CUL
-- Installing: /tmp/dssat_dual_v1_s30egzz1/run_DUAL/./Genotype/MZIXM048.ECO
-- Installing: /tmp/dssat_dual_v1_s30egzz1/run_DUAL/./Genotype/PPGRO048.SPE
-- Installing: /tmp/dssat_dual_v1_s30egzz1/run_DUAL/./Genotype/SGCER048.CUL
-- Installing: /tmp/dssat_dual_v1_s30egzz1/run_DUAL/./Genotype/G0GRO048.CUL
-- Installing: /tmp/dssat_dual_v1_s30egzz1/run_DUAL/./Genotype/GYGRO048.CUL
-- Installing: /tmp/dssat_dual_v1_s30egzz1/run_DUAL/./Genotype/WHCRP048.SPE
-- Installing: /tmp/dssat_dual_v1_s30egzz1/run_DUAL/./Genotype/TFAPS048.SPE
-- Installing: /tmp/dssat_dual_v1_s30egzz1/run_DUAL/./Genotype/SCSAM048.CUL
-- Installing: /tmp/dssat_dual_v1_s30egzz1/run_DUAL/./Genotype/WHCRP048.ECO
-- Installing: /tmp/dssat_dual_v1_s30egzz1/run_DUAL/./Genotype/TFAPS048.CUL
-- Installing: /tmp/dssat_dual_v1_s30egzz1/run_DUAL/./Genotype/TFCER048.SPE
-- Installing: /tmp/dssat_dual_v1_s30egzz1/run_DUAL/./Genotype/WHCRP048.CUL
-- Installing: /tmp/dssat_dual_v1_s30egzz1/run_DUAL/./Genotype/MLCER048.SPE
-- Installing: /tmp/dssat_dual_v1_s30egzz1/run_DUAL/./Genotype/TNARO048.CUL
-- Installing: /tmp/dssat_dual_v1_s30egzz1/run_DUAL/./Genotype/CPGRO048.SPE
-- Installing: /tmp/dssat_dual_v1_s30egzz1/run_DUAL/./Genotype/ALFRM048.CUL
-- Installing: /tmp/dssat_dual_v1_s30egzz1/run_DUAL/./Genotype/GBGRO048.SPE
-- Installing: /tmp/dssat_dual_v1_s30egzz1/run_DUAL/./Genotype/BMFRM048.CUL
-- Installing: /tmp/dssat_dual_v1_s30egzz1/run_DUAL/./Genotype/BSCER048.ECO
-- Installing: /tmp/dssat_dual_v1_s30egzz1/run_DUAL/./Genotype/SUOIL048.CUL
-- Installing: /tmp/dssat_dual_v1_s30egzz1/run_DUAL/./Genotype/BHGRO048.CUL
-- Installing: /tmp/dssat_dual_v1_s30egzz1/run_DUAL/./Genotype/ALFRM048.SPE
-- Installing: /tmp/dssat_dual_v1_s30egzz1/run_DUAL/./Genotype/GBGRO048.CUL
-- Installing: /tmp/dssat_dual_v1_s30egzz1/run_DUAL/./Genotype/BACER048.SPE
-- Installing: /tmp/dssat_dual_v1_s30egzz1/run_DUAL/./JDATE.CDE
-- Installing: /tmp/dssat_dual_v1_s30egzz1/run_DUAL/./StandardData
-- Installing: /tmp/dssat_dual_v1_s30egzz1/run_DUAL/./StandardData/SOMFX048.SDA
-- Installing: /tmp/dssat_dual_v1_s30egzz1/run_DUAL/./StandardData/RESCH048.SDA
-- Installing: /tmp/dssat_dual_v1_s30egzz1/run_DUAL/./StandardData/SOMFR048.SDA
-- Installing: /tmp/dssat_dual_v1_s30egzz1/run_DUAL/./StandardData/CO2048.WDA
-- Installing: /tmp/dssat_dual_v1_s30egzz1/run_DUAL/./StandardData/TILOP048.SDA
-- Installing: /tmp/dssat_dual_v1_s30egzz1/run_DUAL/./StandardData/FERCH048.SDA
-- Installing: /tmp/dssat_dual_v1_s30egzz1/run_DUAL/./MODEL.ERR
-- Installing: /tmp/dssat_dual_v1_s30egzz1/run_DUAL/./DATA.CDE
-- Installing: /tmp/dssat_dual_v1_s30egzz1/run_DUAL/./DSCSM048.CTR
-- Installing: /tmp/dssat_dual_v1_s30egzz1/run_DUAL/./Pest
-- Installing: /tmp/dssat_dual_v1_s30egzz1/run_DUAL/./Pest/TMGRO048.PST
-- Installing: /tmp/dssat_dual_v1_s30egzz1/run_DUAL/./Pest/CPGRO048.PST
-- Installing: /tmp/dssat_dual_v1_s30egzz1/run_DUAL/./Pest/BRGRO048.PST
-- Installing: /tmp/dssat_dual_v1_s30egzz1/run_DUAL/./Pest/CIGRO048.PST
-- Installing: /tmp/dssat_dual_v1_s30egzz1/run_DUAL/./Pest/FBGRO048.PST
-- Installing: /tmp/dssat_dual_v1_s30egzz1/run_DUAL/./Pest/VBGRO048.PST
-- Installing: /tmp/dssat_dual_v1_s30egzz1/run_DUAL/./Pest/BHGRO048.PST
-- Installing: /tmp/dssat_dual_v1_s30egzz1/run_DUAL/./Pest/BRFRM048.PST
-- Installing: /tmp/dssat_dual_v1_s30egzz1/run_DUAL/./Pest/CHGRO048.PST
-- Installing: /tmp/dssat_dual_v1_s30egzz1/run_DUAL/./Pest/BGGRO048.PST
-- Installing: /tmp/dssat_dual_v1_s30egzz1/run_DUAL/./Pest/SGCER048.PST
-- Installing: /tmp/dssat_dual_v1_s30egzz1/run_DUAL/./Pest/GBGRO048.PST
-- Installing: /tmp/dssat_dual_v1_s30egzz1/run_DUAL/./Pest/SBGRO048.PST
-- Installing: /tmp/dssat_dual_v1_s30egzz1/run_DUAL/./Pest/WHAPS048.PST
-- Installing: /tmp/dssat_dual_v1_s30egzz1/run_DUAL/./Pest/GYGRO048.PST
-- Installing: /tmp/dssat_dual_v1_s30egzz1/run_DUAL/./Pest/BNGRO048.PST
-- Installing: /tmp/dssat_dual_v1_s30egzz1/run_DUAL/./Pest/COGRO048.PST
-- Installing: /tmp/dssat_dual_v1_s30egzz1/run_DUAL/./Pest/MLCER048.PST
-- Installing: /tmp/dssat_dual_v1_s30egzz1/run_DUAL/./Pest/PPGRO048.PST
-- Installing: /tmp/dssat_dual_v1_s30egzz1/run_DUAL/./Pest/QUGRO048.PST
-- Installing: /tmp/dssat_dual_v1_s30egzz1/run_DUAL/./Pest/BMFRM048.PST
-- Installing: /tmp/dssat_dual_v1_s30egzz1/run_DUAL/./Pest/MZIXM048.PST
-- Installing: /tmp/dssat_dual_v1_s30egzz1/run_DUAL/./Pest/BSCER048.PST
-- Installing: /tmp/dssat_dual_v1_s30egzz1/run_DUAL/./Pest/PNGRO048.PST
-- Installing: /tmp/dssat_dual_v1_s30egzz1/run_DUAL/./Pest/MZCER048.PST
-- Installing: /tmp/dssat_dual_v1_s30egzz1/run_DUAL/./Pest/SUOIL048.PST
-- Installing: /tmp/dssat_dual_v1_s30egzz1/run_DUAL/./Pest/LTGRO048.PST
-- Installing: /tmp/dssat_dual_v1_s30egzz1/run_DUAL/./DETAIL.CDE

$ bash /tmp/build_dtrc4_inputs.sh
CUL= /tmp/run_DUAL/Genotype/MZCER048.CUL ROW= XY0066 Xinyu 66             . IB0001 104.7 1.824 957.2 671.0 15.82 42.97

$ sudo ln -sfn /tmp/dssat_dual_v1_s30egzz1/run_DUAL /DSSAT48

$ /tmp/dssat_dual_v1_s30egzz1/run_M0/dscsm048 A SHIH1901.MZX





















RUN    TRT FLO MAT TOPWT HARWT  RAIN  TIRR   CET  PESW  TNUP  TNLF   TSON TSOC
           dap dap kg/ha kg/ha    mm    mm    mm    mm kg/ha kg/ha  kg/ha t/ha
  1 MZ   1  60 107 23284 12760    85   439   524    68     0   -99      0   12

$ /tmp/dssat_dual_v1_s30egzz1/run_M0/dscsm048 A SHIH1902.MZX





















RUN    TRT FLO MAT TOPWT HARWT  RAIN  TIRR   CET  PESW  TNUP  TNLF   TSON TSOC
           dap dap kg/ha kg/ha    mm    mm    mm    mm kg/ha kg/ha  kg/ha t/ha
  1 MZ   1  60 107 23440 12772    85   472   524    72     0   -99      0   12

$ /tmp/dssat_dual_v1_s30egzz1/run_M0/dscsm048 A SHIH1903.MZX





















RUN    TRT FLO MAT TOPWT HARWT  RAIN  TIRR   CET  PESW  TNUP  TNLF   TSON TSOC
           dap dap kg/ha kg/ha    mm    mm    mm    mm kg/ha kg/ha  kg/ha t/ha
  1 MZ   1  60 107 23440 12772    85   506   524    75     0   -99      0   12

$ /tmp/dssat_dual_v1_s30egzz1/run_M0/dscsm048 A SHIH1904.MZX





















RUN    TRT FLO MAT TOPWT HARWT  RAIN  TIRR   CET  PESW  TNUP  TNLF   TSON TSOC
           dap dap kg/ha kg/ha    mm    mm    mm    mm kg/ha kg/ha  kg/ha t/ha
  1 MZ   1  60 107 23440 12772    85   540   524    79     0   -99      0   12

$ /tmp/dssat_dual_v1_s30egzz1/run_M0/dscsm048 A SHIH2001.MZX





















RUN    TRT FLO MAT TOPWT HARWT  RAIN  TIRR   CET  PESW  TNUP  TNLF   TSON TSOC
           dap dap kg/ha kg/ha    mm    mm    mm    mm kg/ha kg/ha  kg/ha t/ha
  1 MZ   1  55 106 28551 17616   105   439   509    72     0   -99      0   12

$ /tmp/dssat_dual_v1_s30egzz1/run_M0/dscsm048 A SHIH2002.MZX





















RUN    TRT FLO MAT TOPWT HARWT  RAIN  TIRR   CET  PESW  TNUP  TNLF   TSON TSOC
           dap dap kg/ha kg/ha    mm    mm    mm    mm kg/ha kg/ha  kg/ha t/ha
  1 MZ   1  55 106 28615 17617   105   472   509    76     0   -99      0   12

$ /tmp/dssat_dual_v1_s30egzz1/run_M0/dscsm048 A SHIH2003.MZX





















RUN    TRT FLO MAT TOPWT HARWT  RAIN  TIRR   CET  PESW  TNUP  TNLF   TSON TSOC
           dap dap kg/ha kg/ha    mm    mm    mm    mm kg/ha kg/ha  kg/ha t/ha
  1 MZ   1  55 106 28621 17619   105   506   509    79     0   -99      0   12

$ /tmp/dssat_dual_v1_s30egzz1/run_M0/dscsm048 A SHIH2004.MZX





















RUN    TRT FLO MAT TOPWT HARWT  RAIN  TIRR   CET  PESW  TNUP  TNLF   TSON TSOC
           dap dap kg/ha kg/ha    mm    mm    mm    mm kg/ha kg/ha  kg/ha t/ha
  1 MZ   1  55 106 28623 17619   105   540   509    83     0   -99      0   12

$ /tmp/dssat_dual_v1_s30egzz1/run_DUAL/dscsm048 A SHIH1901.MZX





















RUN    TRT FLO MAT TOPWT HARWT  RAIN  TIRR   CET  PESW  TNUP  TNLF   TSON TSOC
           dap dap kg/ha kg/ha    mm    mm    mm    mm kg/ha kg/ha  kg/ha t/ha
  1 MZ   1  60 106 23074 12600    84   439   520    70     0   -99      0   12

$ /tmp/dssat_dual_v1_s30egzz1/run_DUAL/dscsm048 A SHIH1902.MZX





















RUN    TRT FLO MAT TOPWT HARWT  RAIN  TIRR   CET  PESW  TNUP  TNLF   TSON TSOC
           dap dap kg/ha kg/ha    mm    mm    mm    mm kg/ha kg/ha  kg/ha t/ha
  1 MZ   1  60 106 23226 12612    84   472   521    75     0   -99      0   12

$ /tmp/dssat_dual_v1_s30egzz1/run_DUAL/dscsm048 A SHIH1903.MZX





















RUN    TRT FLO MAT TOPWT HARWT  RAIN  TIRR   CET  PESW  TNUP  TNLF   TSON TSOC
           dap dap kg/ha kg/ha    mm    mm    mm    mm kg/ha kg/ha  kg/ha t/ha
  1 MZ   1  60 106 23226 12612    84   506   521    78     0   -99      0   12

$ /tmp/dssat_dual_v1_s30egzz1/run_DUAL/dscsm048 A SHIH1904.MZX





















RUN    TRT FLO MAT TOPWT HARWT  RAIN  TIRR   CET  PESW  TNUP  TNLF   TSON TSOC
           dap dap kg/ha kg/ha    mm    mm    mm    mm kg/ha kg/ha  kg/ha t/ha
  1 MZ   1  60 106 23226 12612    84   540   521    82     0   -99      0   12

$ /tmp/dssat_dual_v1_s30egzz1/run_DUAL/dscsm048 A SHIH2001.MZX





















RUN    TRT FLO MAT TOPWT HARWT  RAIN  TIRR   CET  PESW  TNUP  TNLF   TSON TSOC
           dap dap kg/ha kg/ha    mm    mm    mm    mm kg/ha kg/ha  kg/ha t/ha
  1 MZ   1  54 106 27568 16677   105   439   509    72     0   -99      0   12

$ /tmp/dssat_dual_v1_s30egzz1/run_DUAL/dscsm048 A SHIH2002.MZX





















RUN    TRT FLO MAT TOPWT HARWT  RAIN  TIRR   CET  PESW  TNUP  TNLF   TSON TSOC
           dap dap kg/ha kg/ha    mm    mm    mm    mm kg/ha kg/ha  kg/ha t/ha
  1 MZ   1  54 106 27986 17009   105   472   509    76     0   -99      0   12

$ /tmp/dssat_dual_v1_s30egzz1/run_DUAL/dscsm048 A SHIH2003.MZX





















RUN    TRT FLO MAT TOPWT HARWT  RAIN  TIRR   CET  PESW  TNUP  TNLF   TSON TSOC
           dap dap kg/ha kg/ha    mm    mm    mm    mm kg/ha kg/ha  kg/ha t/ha
  1 MZ   1  54 106 27984 17008   105   506   509    79     0   -99      0   12

$ /tmp/dssat_dual_v1_s30egzz1/run_DUAL/dscsm048 A SHIH2004.MZX





















RUN    TRT FLO MAT TOPWT HARWT  RAIN  TIRR   CET  PESW  TNUP  TNLF   TSON TSOC
           dap dap kg/ha kg/ha    mm    mm    mm    mm kg/ha kg/ha  kg/ha t/ha
  1 MZ   1  54 106 27985 17008   105   540   509    83     0   -99      0   12

$ /tmp/dssat_dual_v1_s30egzz1/run_DUAL/dscsm048 A SHIH1901.MZX





















RUN    TRT FLO MAT TOPWT HARWT  RAIN  TIRR   CET  PESW  TNUP  TNLF   TSON TSOC
           dap dap kg/ha kg/ha    mm    mm    mm    mm kg/ha kg/ha  kg/ha t/ha
  1 MZ   1  60 107 23290 12760    85   439   524    68     0   -99      0   12

$ /tmp/dssat_dual_v1_s30egzz1/run_DUAL/dscsm048 A SHIH1902.MZX





















RUN    TRT FLO MAT TOPWT HARWT  RAIN  TIRR   CET  PESW  TNUP  TNLF   TSON TSOC
           dap dap kg/ha kg/ha    mm    mm    mm    mm kg/ha kg/ha  kg/ha t/ha
  1 MZ   1  60 107 23444 12773    85   472   524    72     0   -99      0   12

$ /tmp/dssat_dual_v1_s30egzz1/run_DUAL/dscsm048 A SHIH1903.MZX





















RUN    TRT FLO MAT TOPWT HARWT  RAIN  TIRR   CET  PESW  TNUP  TNLF   TSON TSOC
           dap dap kg/ha kg/ha    mm    mm    mm    mm kg/ha kg/ha  kg/ha t/ha
  1 MZ   1  60 107 23444 12773    85   506   524    75     0   -99      0   12

$ /tmp/dssat_dual_v1_s30egzz1/run_DUAL/dscsm048 A SHIH1904.MZX





















RUN    TRT FLO MAT TOPWT HARWT  RAIN  TIRR   CET  PESW  TNUP  TNLF   TSON TSOC
           dap dap kg/ha kg/ha    mm    mm    mm    mm kg/ha kg/ha  kg/ha t/ha
  1 MZ   1  60 107 23444 12773    85   540   524    79     0   -99      0   12

$ /tmp/dssat_dual_v1_s30egzz1/run_DUAL/dscsm048 A SHIH2001.MZX





















RUN    TRT FLO MAT TOPWT HARWT  RAIN  TIRR   CET  PESW  TNUP  TNLF   TSON TSOC
           dap dap kg/ha kg/ha    mm    mm    mm    mm kg/ha kg/ha  kg/ha t/ha
  1 MZ   1  55 106 28501 17618   105   439   508    72     0   -99      0   12

$ /tmp/dssat_dual_v1_s30egzz1/run_DUAL/dscsm048 A SHIH2002.MZX





















RUN    TRT FLO MAT TOPWT HARWT  RAIN  TIRR   CET  PESW  TNUP  TNLF   TSON TSOC
           dap dap kg/ha kg/ha    mm    mm    mm    mm kg/ha kg/ha  kg/ha t/ha
  1 MZ   1  55 106 28540 17617   105   472   508    76     0   -99      0   12

$ /tmp/dssat_dual_v1_s30egzz1/run_DUAL/dscsm048 A SHIH2003.MZX





















RUN    TRT FLO MAT TOPWT HARWT  RAIN  TIRR   CET  PESW  TNUP  TNLF   TSON TSOC
           dap dap kg/ha kg/ha    mm    mm    mm    mm kg/ha kg/ha  kg/ha t/ha
  1 MZ   1  55 106 28540 17617   105   506   508    79     0   -99      0   12

$ /tmp/dssat_dual_v1_s30egzz1/run_DUAL/dscsm048 A SHIH2004.MZX





















RUN    TRT FLO MAT TOPWT HARWT  RAIN  TIRR   CET  PESW  TNUP  TNLF   TSON TSOC
           dap dap kg/ha kg/ha    mm    mm    mm    mm kg/ha kg/ha  kg/ha t/ha
  1 MZ   1  55 106 28542 17617   105   540   508    83     0   -99      0   12

$ /tmp/dssat_dual_v1_s30egzz1/run_DUAL/dscsm048 A SHIH1901.MZX





















RUN    TRT FLO MAT TOPWT HARWT  RAIN  TIRR   CET  PESW  TNUP  TNLF   TSON TSOC
           dap dap kg/ha kg/ha    mm    mm    mm    mm kg/ha kg/ha  kg/ha t/ha
  1 MZ   1  60 107 23288 12760    85   439   524    68     0   -99      0   12

$ /tmp/dssat_dual_v1_s30egzz1/run_DUAL/dscsm048 A SHIH1902.MZX





















RUN    TRT FLO MAT TOPWT HARWT  RAIN  TIRR   CET  PESW  TNUP  TNLF   TSON TSOC
           dap dap kg/ha kg/ha    mm    mm    mm    mm kg/ha kg/ha  kg/ha t/ha
  1 MZ   1  60 107 23441 12772    85   472   524    72     0   -99      0   12

$ /tmp/dssat_dual_v1_s30egzz1/run_DUAL/dscsm048 A SHIH1903.MZX





















RUN    TRT FLO MAT TOPWT HARWT  RAIN  TIRR   CET  PESW  TNUP  TNLF   TSON TSOC
           dap dap kg/ha kg/ha    mm    mm    mm    mm kg/ha kg/ha  kg/ha t/ha
  1 MZ   1  60 107 23441 12772    85   506   524    75     0   -99      0   12

$ /tmp/dssat_dual_v1_s30egzz1/run_DUAL/dscsm048 A SHIH1904.MZX





















RUN    TRT FLO MAT TOPWT HARWT  RAIN  TIRR   CET  PESW  TNUP  TNLF   TSON TSOC
           dap dap kg/ha kg/ha    mm    mm    mm    mm kg/ha kg/ha  kg/ha t/ha
  1 MZ   1  60 107 23441 12772    85   540   524    79     0   -99      0   12

$ /tmp/dssat_dual_v1_s30egzz1/run_DUAL/dscsm048 A SHIH2001.MZX





















RUN    TRT FLO MAT TOPWT HARWT  RAIN  TIRR   CET  PESW  TNUP  TNLF   TSON TSOC
           dap dap kg/ha kg/ha    mm    mm    mm    mm kg/ha kg/ha  kg/ha t/ha
  1 MZ   1  55 106 28503 17616   105   439   508    72     0   -99      0   12

$ /tmp/dssat_dual_v1_s30egzz1/run_DUAL/dscsm048 A SHIH2002.MZX





















RUN    TRT FLO MAT TOPWT HARWT  RAIN  TIRR   CET  PESW  TNUP  TNLF   TSON TSOC
           dap dap kg/ha kg/ha    mm    mm    mm    mm kg/ha kg/ha  kg/ha t/ha
  1 MZ   1  55 106 28546 17615   105   472   508    76     0   -99      0   12

$ /tmp/dssat_dual_v1_s30egzz1/run_DUAL/dscsm048 A SHIH2003.MZX





















RUN    TRT FLO MAT TOPWT HARWT  RAIN  TIRR   CET  PESW  TNUP  TNLF   TSON TSOC
           dap dap kg/ha kg/ha    mm    mm    mm    mm kg/ha kg/ha  kg/ha t/ha
  1 MZ   1  55 106 28542 17614   105   506   508    79     0   -99      0   12

$ /tmp/dssat_dual_v1_s30egzz1/run_DUAL/dscsm048 A SHIH2004.MZX





















RUN    TRT FLO MAT TOPWT HARWT  RAIN  TIRR   CET  PESW  TNUP  TNLF   TSON TSOC
           dap dap kg/ha kg/ha    mm    mm    mm    mm kg/ha kg/ha  kg/ha t/ha
  1 MZ   1  55 106 28544 17614   105   540   508    83     0   -99      0   12

$ /tmp/dssat_dual_v1_s30egzz1/run_DUAL/dscsm048 A SHIH1901.MZX





















RUN    TRT FLO MAT TOPWT HARWT  RAIN  TIRR   CET  PESW  TNUP  TNLF   TSON TSOC
           dap dap kg/ha kg/ha    mm    mm    mm    mm kg/ha kg/ha  kg/ha t/ha
  1 MZ   1  60 107 21866 11688    85   439   524    68     0   -99      0   12

$ /tmp/dssat_dual_v1_s30egzz1/run_DUAL/dscsm048 A SHIH1902.MZX





















RUN    TRT FLO MAT TOPWT HARWT  RAIN  TIRR   CET  PESW  TNUP  TNLF   TSON TSOC
           dap dap kg/ha kg/ha    mm    mm    mm    mm kg/ha kg/ha  kg/ha t/ha
  1 MZ   1  60 107 21946 11694    85   472   524    72     0   -99      0   12

$ /tmp/dssat_dual_v1_s30egzz1/run_DUAL/dscsm048 A SHIH1903.MZX





















RUN    TRT FLO MAT TOPWT HARWT  RAIN  TIRR   CET  PESW  TNUP  TNLF   TSON TSOC
           dap dap kg/ha kg/ha    mm    mm    mm    mm kg/ha kg/ha  kg/ha t/ha
  1 MZ   1  60 107 21946 11694    85   506   524    75     0   -99      0   12

$ /tmp/dssat_dual_v1_s30egzz1/run_DUAL/dscsm048 A SHIH1904.MZX





















RUN    TRT FLO MAT TOPWT HARWT  RAIN  TIRR   CET  PESW  TNUP  TNLF   TSON TSOC
           dap dap kg/ha kg/ha    mm    mm    mm    mm kg/ha kg/ha  kg/ha t/ha
  1 MZ   1  60 107 21946 11694    85   540   524    79     0   -99      0   12

$ /tmp/dssat_dual_v1_s30egzz1/run_DUAL/dscsm048 A SHIH2001.MZX





















RUN    TRT FLO MAT TOPWT HARWT  RAIN  TIRR   CET  PESW  TNUP  TNLF   TSON TSOC
           dap dap kg/ha kg/ha    mm    mm    mm    mm kg/ha kg/ha  kg/ha t/ha
  1 MZ   1  55 106 27771 17102   105   439   509    72     0   -99      0   12

$ /tmp/dssat_dual_v1_s30egzz1/run_DUAL/dscsm048 A SHIH2002.MZX





















RUN    TRT FLO MAT TOPWT HARWT  RAIN  TIRR   CET  PESW  TNUP  TNLF   TSON TSOC
           dap dap kg/ha kg/ha    mm    mm    mm    mm kg/ha kg/ha  kg/ha t/ha
  1 MZ   1  55 106 27817 17101   105   472   508    76     0   -99      0   12

$ /tmp/dssat_dual_v1_s30egzz1/run_DUAL/dscsm048 A SHIH2003.MZX





















RUN    TRT FLO MAT TOPWT HARWT  RAIN  TIRR   CET  PESW  TNUP  TNLF   TSON TSOC
           dap dap kg/ha kg/ha    mm    mm    mm    mm kg/ha kg/ha  kg/ha t/ha
  1 MZ   1  55 106 27818 17101   105   506   508    79     0   -99      0   12

$ /tmp/dssat_dual_v1_s30egzz1/run_DUAL/dscsm048 A SHIH2004.MZX





















RUN    TRT FLO MAT TOPWT HARWT  RAIN  TIRR   CET  PESW  TNUP  TNLF   TSON TSOC
           dap dap kg/ha kg/ha    mm    mm    mm    mm kg/ha kg/ha  kg/ha t/ha
  1 MZ   1  55 106 27819 17101   105   540   508    82     0   -99      0   12

$ /tmp/dssat_dual_v1_s30egzz1/run_DUAL/dscsm048 A SHIH1901.MZX





















RUN    TRT FLO MAT TOPWT HARWT  RAIN  TIRR   CET  PESW  TNUP  TNLF   TSON TSOC
           dap dap kg/ha kg/ha    mm    mm    mm    mm kg/ha kg/ha  kg/ha t/ha
  1 MZ   1  60 106 23282 12760    84   439   521    70     0   -99      0   12

$ /tmp/dssat_dual_v1_s30egzz1/run_DUAL/dscsm048 A SHIH1902.MZX





















RUN    TRT FLO MAT TOPWT HARWT  RAIN  TIRR   CET  PESW  TNUP  TNLF   TSON TSOC
           dap dap kg/ha kg/ha    mm    mm    mm    mm kg/ha kg/ha  kg/ha t/ha
  1 MZ   1  60 106 23435 12772    84   472   521    75     0   -99      0   12

$ /tmp/dssat_dual_v1_s30egzz1/run_DUAL/dscsm048 A SHIH1903.MZX





















RUN    TRT FLO MAT TOPWT HARWT  RAIN  TIRR   CET  PESW  TNUP  TNLF   TSON TSOC
           dap dap kg/ha kg/ha    mm    mm    mm    mm kg/ha kg/ha  kg/ha t/ha
  1 MZ   1  60 106 23435 12772    84   506   521    78     0   -99      0   12

$ /tmp/dssat_dual_v1_s30egzz1/run_DUAL/dscsm048 A SHIH1904.MZX





















RUN    TRT FLO MAT TOPWT HARWT  RAIN  TIRR   CET  PESW  TNUP  TNLF   TSON TSOC
           dap dap kg/ha kg/ha    mm    mm    mm    mm kg/ha kg/ha  kg/ha t/ha
  1 MZ   1  60 106 23435 12772    84   540   521    82     0   -99      0   12

$ /tmp/dssat_dual_v1_s30egzz1/run_DUAL/dscsm048 A SHIH2001.MZX





















RUN    TRT FLO MAT TOPWT HARWT  RAIN  TIRR   CET  PESW  TNUP  TNLF   TSON TSOC
           dap dap kg/ha kg/ha    mm    mm    mm    mm kg/ha kg/ha  kg/ha t/ha
  1 MZ   1  55 106 28526 17610   105   439   509    72     0   -99      0   12

$ /tmp/dssat_dual_v1_s30egzz1/run_DUAL/dscsm048 A SHIH2002.MZX





















RUN    TRT FLO MAT TOPWT HARWT  RAIN  TIRR   CET  PESW  TNUP  TNLF   TSON TSOC
           dap dap kg/ha kg/ha    mm    mm    mm    mm kg/ha kg/ha  kg/ha t/ha
  1 MZ   1  55 106 28578 17611   105   472   508    76     0   -99      0   12

$ /tmp/dssat_dual_v1_s30egzz1/run_DUAL/dscsm048 A SHIH2003.MZX





















RUN    TRT FLO MAT TOPWT HARWT  RAIN  TIRR   CET  PESW  TNUP  TNLF   TSON TSOC
           dap dap kg/ha kg/ha    mm    mm    mm    mm kg/ha kg/ha  kg/ha t/ha
  1 MZ   1  55 106 28576 17610   105   506   508    79     0   -99      0   12

$ /tmp/dssat_dual_v1_s30egzz1/run_DUAL/dscsm048 A SHIH2004.MZX





















RUN    TRT FLO MAT TOPWT HARWT  RAIN  TIRR   CET  PESW  TNUP  TNLF   TSON TSOC
           dap dap kg/ha kg/ha    mm    mm    mm    mm kg/ha kg/ha  kg/ha t/ha
  1 MZ   1  55 106 28577 17611   105   540   508    83     0   -99      0   12

$ /tmp/dssat_dual_v1_s30egzz1/run_DUAL/dscsm048 A SHIH1901.MZX





















RUN    TRT FLO MAT TOPWT HARWT  RAIN  TIRR   CET  PESW  TNUP  TNLF   TSON TSOC
           dap dap kg/ha kg/ha    mm    mm    mm    mm kg/ha kg/ha  kg/ha t/ha
  1 MZ   1  60 106 21843 11672    84   439   520    70     0   -99      0   12

$ /tmp/dssat_dual_v1_s30egzz1/run_DUAL/dscsm048 A SHIH1902.MZX





















RUN    TRT FLO MAT TOPWT HARWT  RAIN  TIRR   CET  PESW  TNUP  TNLF   TSON TSOC
           dap dap kg/ha kg/ha    mm    mm    mm    mm kg/ha kg/ha  kg/ha t/ha
  1 MZ   1  60 106 21922 11678    84   472   521    74     0   -99      0   12

$ /tmp/dssat_dual_v1_s30egzz1/run_DUAL/dscsm048 A SHIH1903.MZX





















RUN    TRT FLO MAT TOPWT HARWT  RAIN  TIRR   CET  PESW  TNUP  TNLF   TSON TSOC
           dap dap kg/ha kg/ha    mm    mm    mm    mm kg/ha kg/ha  kg/ha t/ha
  1 MZ   1  60 106 21922 11678    84   506   521    78     0   -99      0   12

$ /tmp/dssat_dual_v1_s30egzz1/run_DUAL/dscsm048 A SHIH1904.MZX





















RUN    TRT FLO MAT TOPWT HARWT  RAIN  TIRR   CET  PESW  TNUP  TNLF   TSON TSOC
           dap dap kg/ha kg/ha    mm    mm    mm    mm kg/ha kg/ha  kg/ha t/ha
  1 MZ   1  60 106 21922 11678    84   540   521    81     0   -99      0   12

$ /tmp/dssat_dual_v1_s30egzz1/run_DUAL/dscsm048 A SHIH2001.MZX





















RUN    TRT FLO MAT TOPWT HARWT  RAIN  TIRR   CET  PESW  TNUP  TNLF   TSON TSOC
           dap dap kg/ha kg/ha    mm    mm    mm    mm kg/ha kg/ha  kg/ha t/ha
  1 MZ   1  55 106 27684 17005   105   439   509    72     0   -99      0   12

$ /tmp/dssat_dual_v1_s30egzz1/run_DUAL/dscsm048 A SHIH2002.MZX





















RUN    TRT FLO MAT TOPWT HARWT  RAIN  TIRR   CET  PESW  TNUP  TNLF   TSON TSOC
           dap dap kg/ha kg/ha    mm    mm    mm    mm kg/ha kg/ha  kg/ha t/ha
  1 MZ   1  55 106 27746 17007   105   472   509    76     0   -99      0   12

$ /tmp/dssat_dual_v1_s30egzz1/run_DUAL/dscsm048 A SHIH2003.MZX





















RUN    TRT FLO MAT TOPWT HARWT  RAIN  TIRR   CET  PESW  TNUP  TNLF   TSON TSOC
           dap dap kg/ha kg/ha    mm    mm    mm    mm kg/ha kg/ha  kg/ha t/ha
  1 MZ   1  55 106 27750 17008   105   506   509    79     0   -99      0   12

$ /tmp/dssat_dual_v1_s30egzz1/run_DUAL/dscsm048 A SHIH2004.MZX





















RUN    TRT FLO MAT TOPWT HARWT  RAIN  TIRR   CET  PESW  TNUP  TNLF   TSON TSOC
           dap dap kg/ha kg/ha    mm    mm    mm    mm kg/ha kg/ha  kg/ha t/ha
  1 MZ   1  55 106 27753 17009   105   540   509    82     0   -99      0   12

$ /tmp/dssat_dual_v1_s30egzz1/run_DUAL/dscsm048 A SHIH1901.MZX





















RUN    TRT FLO MAT TOPWT HARWT  RAIN  TIRR   CET  PESW  TNUP  TNLF   TSON TSOC
           dap dap kg/ha kg/ha    mm    mm    mm    mm kg/ha kg/ha  kg/ha t/ha
  1 MZ   1  60 107 22936 12492    85   439   524    68     0   -99      0   12

$ /tmp/dssat_dual_v1_s30egzz1/run_DUAL/dscsm048 A SHIH1902.MZX





















RUN    TRT FLO MAT TOPWT HARWT  RAIN  TIRR   CET  PESW  TNUP  TNLF   TSON TSOC
           dap dap kg/ha kg/ha    mm    mm    mm    mm kg/ha kg/ha  kg/ha t/ha
  1 MZ   1  60 107 23072 12503    85   472   524    72     0   -99      0   12

$ /tmp/dssat_dual_v1_s30egzz1/run_DUAL/dscsm048 A SHIH1903.MZX





















RUN    TRT FLO MAT TOPWT HARWT  RAIN  TIRR   CET  PESW  TNUP  TNLF   TSON TSOC
           dap dap kg/ha kg/ha    mm    mm    mm    mm kg/ha kg/ha  kg/ha t/ha
  1 MZ   1  60 107 23072 12503    85   506   524    75     0   -99      0   12

$ /tmp/dssat_dual_v1_s30egzz1/run_DUAL/dscsm048 A SHIH1904.MZX





















RUN    TRT FLO MAT TOPWT HARWT  RAIN  TIRR   CET  PESW  TNUP  TNLF   TSON TSOC
           dap dap kg/ha kg/ha    mm    mm    mm    mm kg/ha kg/ha  kg/ha t/ha
  1 MZ   1  60 107 23072 12503    85   540   524    79     0   -99      0   12

$ /tmp/dssat_dual_v1_s30egzz1/run_DUAL/dscsm048 A SHIH2001.MZX





















RUN    TRT FLO MAT TOPWT HARWT  RAIN  TIRR   CET  PESW  TNUP  TNLF   TSON TSOC
           dap dap kg/ha kg/ha    mm    mm    mm    mm kg/ha kg/ha  kg/ha t/ha
  1 MZ   1  55 106 28353 17520   105   439   508    72     0   -99      0   12

$ /tmp/dssat_dual_v1_s30egzz1/run_DUAL/dscsm048 A SHIH2002.MZX





















RUN    TRT FLO MAT TOPWT HARWT  RAIN  TIRR   CET  PESW  TNUP  TNLF   TSON TSOC
           dap dap kg/ha kg/ha    mm    mm    mm    mm kg/ha kg/ha  kg/ha t/ha
  1 MZ   1  55 106 28395 17519   105   472   508    76     0   -99      0   12

$ /tmp/dssat_dual_v1_s30egzz1/run_DUAL/dscsm048 A SHIH2003.MZX





















RUN    TRT FLO MAT TOPWT HARWT  RAIN  TIRR   CET  PESW  TNUP  TNLF   TSON TSOC
           dap dap kg/ha kg/ha    mm    mm    mm    mm kg/ha kg/ha  kg/ha t/ha
  1 MZ   1  55 106 28396 17519   105   506   508    79     0   -99      0   12

$ /tmp/dssat_dual_v1_s30egzz1/run_DUAL/dscsm048 A SHIH2004.MZX





















RUN    TRT FLO MAT TOPWT HARWT  RAIN  TIRR   CET  PESW  TNUP  TNLF   TSON TSOC
           dap dap kg/ha kg/ha    mm    mm    mm    mm kg/ha kg/ha  kg/ha t/ha
  1 MZ   1  55 106 28400 17520   105   540   508    83     0   -99      0   12

$ /tmp/dssat_dual_v1_s30egzz1/run_DUAL/dscsm048 A SHIH1901.MZX





















RUN    TRT FLO MAT TOPWT HARWT  RAIN  TIRR   CET  PESW  TNUP  TNLF   TSON TSOC
           dap dap kg/ha kg/ha    mm    mm    mm    mm kg/ha kg/ha  kg/ha t/ha
  1 MZ   1  60 106 22926 12488    84   439   521    70     0   -99      0   12

$ /tmp/dssat_dual_v1_s30egzz1/run_DUAL/dscsm048 A SHIH1902.MZX





















RUN    TRT FLO MAT TOPWT HARWT  RAIN  TIRR   CET  PESW  TNUP  TNLF   TSON TSOC
           dap dap kg/ha kg/ha    mm    mm    mm    mm kg/ha kg/ha  kg/ha t/ha
  1 MZ   1  60 106 23061 12499    84   472   521    74     0   -99      0   12

$ /tmp/dssat_dual_v1_s30egzz1/run_DUAL/dscsm048 A SHIH1903.MZX





















RUN    TRT FLO MAT TOPWT HARWT  RAIN  TIRR   CET  PESW  TNUP  TNLF   TSON TSOC
           dap dap kg/ha kg/ha    mm    mm    mm    mm kg/ha kg/ha  kg/ha t/ha
  1 MZ   1  60 106 23061 12499    84   506   521    78     0   -99      0   12

$ /tmp/dssat_dual_v1_s30egzz1/run_DUAL/dscsm048 A SHIH1904.MZX





















RUN    TRT FLO MAT TOPWT HARWT  RAIN  TIRR   CET  PESW  TNUP  TNLF   TSON TSOC
           dap dap kg/ha kg/ha    mm    mm    mm    mm kg/ha kg/ha  kg/ha t/ha
  1 MZ   1  60 106 23061 12499    84   540   521    82     0   -99      0   12

$ /tmp/dssat_dual_v1_s30egzz1/run_DUAL/dscsm048 A SHIH2001.MZX





















RUN    TRT FLO MAT TOPWT HARWT  RAIN  TIRR   CET  PESW  TNUP  TNLF   TSON TSOC
           dap dap kg/ha kg/ha    mm    mm    mm    mm kg/ha kg/ha  kg/ha t/ha
  1 MZ   1  55 106 28373 17513   105   439   509    72     0   -99      0   12

$ /tmp/dssat_dual_v1_s30egzz1/run_DUAL/dscsm048 A SHIH2002.MZX





















RUN    TRT FLO MAT TOPWT HARWT  RAIN  TIRR   CET  PESW  TNUP  TNLF   TSON TSOC
           dap dap kg/ha kg/ha    mm    mm    mm    mm kg/ha kg/ha  kg/ha t/ha
  1 MZ   1  55 106 28424 17514   105   472   508    76     0   -99      0   12

$ /tmp/dssat_dual_v1_s30egzz1/run_DUAL/dscsm048 A SHIH2003.MZX





















RUN    TRT FLO MAT TOPWT HARWT  RAIN  TIRR   CET  PESW  TNUP  TNLF   TSON TSOC
           dap dap kg/ha kg/ha    mm    mm    mm    mm kg/ha kg/ha  kg/ha t/ha
  1 MZ   1  55 106 28425 17514   105   506   508    79     0   -99      0   12

$ /tmp/dssat_dual_v1_s30egzz1/run_DUAL/dscsm048 A SHIH2004.MZX





















RUN    TRT FLO MAT TOPWT HARWT  RAIN  TIRR   CET  PESW  TNUP  TNLF   TSON TSOC
           dap dap kg/ha kg/ha    mm    mm    mm    mm kg/ha kg/ha  kg/ha t/ha
  1 MZ   1  55 106 28425 17514   105   540   508    83     0   -99      0   12

$ /tmp/dssat_dual_v1_s30egzz1/run_DUAL/dscsm048 A SHIH1901.MZX





















RUN    TRT FLO MAT TOPWT HARWT  RAIN  TIRR   CET  PESW  TNUP  TNLF   TSON TSOC
           dap dap kg/ha kg/ha    mm    mm    mm    mm kg/ha kg/ha  kg/ha t/ha
  1 MZ   1  60 107 22583 12224    85   439   524    68     0   -99      0   12

$ /tmp/dssat_dual_v1_s30egzz1/run_DUAL/dscsm048 A SHIH1902.MZX





















RUN    TRT FLO MAT TOPWT HARWT  RAIN  TIRR   CET  PESW  TNUP  TNLF   TSON TSOC
           dap dap kg/ha kg/ha    mm    mm    mm    mm kg/ha kg/ha  kg/ha t/ha
  1 MZ   1  60 107 22700 12233    85   472   524    72     0   -99      0   12

$ /tmp/dssat_dual_v1_s30egzz1/run_DUAL/dscsm048 A SHIH1903.MZX





















RUN    TRT FLO MAT TOPWT HARWT  RAIN  TIRR   CET  PESW  TNUP  TNLF   TSON TSOC
           dap dap kg/ha kg/ha    mm    mm    mm    mm kg/ha kg/ha  kg/ha t/ha
  1 MZ   1  60 107 22700 12233    85   506   524    75     0   -99      0   12

$ /tmp/dssat_dual_v1_s30egzz1/run_DUAL/dscsm048 A SHIH1904.MZX





















RUN    TRT FLO MAT TOPWT HARWT  RAIN  TIRR   CET  PESW  TNUP  TNLF   TSON TSOC
           dap dap kg/ha kg/ha    mm    mm    mm    mm kg/ha kg/ha  kg/ha t/ha
  1 MZ   1  60 107 22700 12233    85   540   524    79     0   -99      0   12

$ /tmp/dssat_dual_v1_s30egzz1/run_DUAL/dscsm048 A SHIH2001.MZX





















RUN    TRT FLO MAT TOPWT HARWT  RAIN  TIRR   CET  PESW  TNUP  TNLF   TSON TSOC
           dap dap kg/ha kg/ha    mm    mm    mm    mm kg/ha kg/ha  kg/ha t/ha
  1 MZ   1  55 106 28203 17424   105   439   508    72     0   -99      0   12

$ /tmp/dssat_dual_v1_s30egzz1/run_DUAL/dscsm048 A SHIH2002.MZX





















RUN    TRT FLO MAT TOPWT HARWT  RAIN  TIRR   CET  PESW  TNUP  TNLF   TSON TSOC
           dap dap kg/ha kg/ha    mm    mm    mm    mm kg/ha kg/ha  kg/ha t/ha
  1 MZ   1  55 106 28249 17424   105   472   508    76     0   -99      0   12

$ /tmp/dssat_dual_v1_s30egzz1/run_DUAL/dscsm048 A SHIH2003.MZX





















RUN    TRT FLO MAT TOPWT HARWT  RAIN  TIRR   CET  PESW  TNUP  TNLF   TSON TSOC
           dap dap kg/ha kg/ha    mm    mm    mm    mm kg/ha kg/ha  kg/ha t/ha
  1 MZ   1  55 106 28250 17425   105   506   508    79     0   -99      0   12

$ /tmp/dssat_dual_v1_s30egzz1/run_DUAL/dscsm048 A SHIH2004.MZX





















RUN    TRT FLO MAT TOPWT HARWT  RAIN  TIRR   CET  PESW  TNUP  TNLF   TSON TSOC
           dap dap kg/ha kg/ha    mm    mm    mm    mm kg/ha kg/ha  kg/ha t/ha
  1 MZ   1  55 106 28251 17425   105   540   508    82     0   -99      0   12

$ /tmp/dssat_dual_v1_s30egzz1/run_DUAL/dscsm048 A SHIH1901.MZX





















RUN    TRT FLO MAT TOPWT HARWT  RAIN  TIRR   CET  PESW  TNUP  TNLF   TSON TSOC
           dap dap kg/ha kg/ha    mm    mm    mm    mm kg/ha kg/ha  kg/ha t/ha
  1 MZ   1  60 106 22569 12216    84   439   521    70     0   -99      0   12

$ /tmp/dssat_dual_v1_s30egzz1/run_DUAL/dscsm048 A SHIH1902.MZX





















RUN    TRT FLO MAT TOPWT HARWT  RAIN  TIRR   CET  PESW  TNUP  TNLF   TSON TSOC
           dap dap kg/ha kg/ha    mm    mm    mm    mm kg/ha kg/ha  kg/ha t/ha
  1 MZ   1  60 106 22685 12225    84   472   521    74     0   -99      0   12

$ /tmp/dssat_dual_v1_s30egzz1/run_DUAL/dscsm048 A SHIH1903.MZX





















RUN    TRT FLO MAT TOPWT HARWT  RAIN  TIRR   CET  PESW  TNUP  TNLF   TSON TSOC
           dap dap kg/ha kg/ha    mm    mm    mm    mm kg/ha kg/ha  kg/ha t/ha
  1 MZ   1  60 106 22685 12225    84   506   521    78     0   -99      0   12

$ /tmp/dssat_dual_v1_s30egzz1/run_DUAL/dscsm048 A SHIH1904.MZX





















RUN    TRT FLO MAT TOPWT HARWT  RAIN  TIRR   CET  PESW  TNUP  TNLF   TSON TSOC
           dap dap kg/ha kg/ha    mm    mm    mm    mm kg/ha kg/ha  kg/ha t/ha
  1 MZ   1  60 106 22685 12225    84   540   521    81     0   -99      0   12

$ /tmp/dssat_dual_v1_s30egzz1/run_DUAL/dscsm048 A SHIH2001.MZX





















RUN    TRT FLO MAT TOPWT HARWT  RAIN  TIRR   CET  PESW  TNUP  TNLF   TSON TSOC
           dap dap kg/ha kg/ha    mm    mm    mm    mm kg/ha kg/ha  kg/ha t/ha
  1 MZ   1  55 106 28183 17380   105   439   509    72     0   -99      0   12

$ /tmp/dssat_dual_v1_s30egzz1/run_DUAL/dscsm048 A SHIH2002.MZX





















RUN    TRT FLO MAT TOPWT HARWT  RAIN  TIRR   CET  PESW  TNUP  TNLF   TSON TSOC
           dap dap kg/ha kg/ha    mm    mm    mm    mm kg/ha kg/ha  kg/ha t/ha
  1 MZ   1  55 106 28235 17381   105   472   508    76     0   -99      0   12

$ /tmp/dssat_dual_v1_s30egzz1/run_DUAL/dscsm048 A SHIH2003.MZX





















RUN    TRT FLO MAT TOPWT HARWT  RAIN  TIRR   CET  PESW  TNUP  TNLF   TSON TSOC
           dap dap kg/ha kg/ha    mm    mm    mm    mm kg/ha kg/ha  kg/ha t/ha
  1 MZ   1  55 106 28236 17381   105   506   508    79     0   -99      0   12

$ /tmp/dssat_dual_v1_s30egzz1/run_DUAL/dscsm048 A SHIH2004.MZX





















RUN    TRT FLO MAT TOPWT HARWT  RAIN  TIRR   CET  PESW  TNUP  TNLF   TSON TSOC
           dap dap kg/ha kg/ha    mm    mm    mm    mm kg/ha kg/ha  kg/ha t/ha
  1 MZ   1  55 106 28237 17381   105   540   508    82     0   -99      0   12

$ /tmp/dssat_dual_v1_s30egzz1/run_DUAL/dscsm048 A SHIH1901.MZX





















RUN    TRT FLO MAT TOPWT HARWT  RAIN  TIRR   CET  PESW  TNUP  TNLF   TSON TSOC
           dap dap kg/ha kg/ha    mm    mm    mm    mm kg/ha kg/ha  kg/ha t/ha
  1 MZ   1  60 107 22225 11956    85   439   524    68     0   -99      0   12

$ /tmp/dssat_dual_v1_s30egzz1/run_DUAL/dscsm048 A SHIH1902.MZX





















RUN    TRT FLO MAT TOPWT HARWT  RAIN  TIRR   CET  PESW  TNUP  TNLF   TSON TSOC
           dap dap kg/ha kg/ha    mm    mm    mm    mm kg/ha kg/ha  kg/ha t/ha
  1 MZ   1  60 107 22323 11963    85   472   524    72     0   -99      0   12

$ /tmp/dssat_dual_v1_s30egzz1/run_DUAL/dscsm048 A SHIH1903.MZX





















RUN    TRT FLO MAT TOPWT HARWT  RAIN  TIRR   CET  PESW  TNUP  TNLF   TSON TSOC
           dap dap kg/ha kg/ha    mm    mm    mm    mm kg/ha kg/ha  kg/ha t/ha
  1 MZ   1  60 107 22323 11963    85   506   524    75     0   -99      0   12

$ /tmp/dssat_dual_v1_s30egzz1/run_DUAL/dscsm048 A SHIH1904.MZX





















RUN    TRT FLO MAT TOPWT HARWT  RAIN  TIRR   CET  PESW  TNUP  TNLF   TSON TSOC
           dap dap kg/ha kg/ha    mm    mm    mm    mm kg/ha kg/ha  kg/ha t/ha
  1 MZ   1  60 107 22323 11963    85   540   524    79     0   -99      0   12

$ /tmp/dssat_dual_v1_s30egzz1/run_DUAL/dscsm048 A SHIH2001.MZX





















RUN    TRT FLO MAT TOPWT HARWT  RAIN  TIRR   CET  PESW  TNUP  TNLF   TSON TSOC
           dap dap kg/ha kg/ha    mm    mm    mm    mm kg/ha kg/ha  kg/ha t/ha
  1 MZ   1  55 106 28004 17282   105   439   509    72     0   -99      0   12

$ /tmp/dssat_dual_v1_s30egzz1/run_DUAL/dscsm048 A SHIH2002.MZX





















RUN    TRT FLO MAT TOPWT HARWT  RAIN  TIRR   CET  PESW  TNUP  TNLF   TSON TSOC
           dap dap kg/ha kg/ha    mm    mm    mm    mm kg/ha kg/ha  kg/ha t/ha
  1 MZ   1  55 106 28055 17283   105   472   508    76     0   -99      0   12

$ /tmp/dssat_dual_v1_s30egzz1/run_DUAL/dscsm048 A SHIH2003.MZX





















RUN    TRT FLO MAT TOPWT HARWT  RAIN  TIRR   CET  PESW  TNUP  TNLF   TSON TSOC
           dap dap kg/ha kg/ha    mm    mm    mm    mm kg/ha kg/ha  kg/ha t/ha
  1 MZ   1  55 106 28055 17283   105   506   508    79     0   -99      0   12

$ /tmp/dssat_dual_v1_s30egzz1/run_DUAL/dscsm048 A SHIH2004.MZX





















RUN    TRT FLO MAT TOPWT HARWT  RAIN  TIRR   CET  PESW  TNUP  TNLF   TSON TSOC
           dap dap kg/ha kg/ha    mm    mm    mm    mm kg/ha kg/ha  kg/ha t/ha
  1 MZ   1  55 106 28057 17284   105   540   508    82     0   -99      0   12

$ /tmp/dssat_dual_v1_s30egzz1/run_DUAL/dscsm048 A SHIH1901.MZX





















RUN    TRT FLO MAT TOPWT HARWT  RAIN  TIRR   CET  PESW  TNUP  TNLF   TSON TSOC
           dap dap kg/ha kg/ha    mm    mm    mm    mm kg/ha kg/ha  kg/ha t/ha
  1 MZ   1  60 106 22206 11944    84   439   521    70     0   -99      0   12

$ /tmp/dssat_dual_v1_s30egzz1/run_DUAL/dscsm048 A SHIH1902.MZX





















RUN    TRT FLO MAT TOPWT HARWT  RAIN  TIRR   CET  PESW  TNUP  TNLF   TSON TSOC
           dap dap kg/ha kg/ha    mm    mm    mm    mm kg/ha kg/ha  kg/ha t/ha
  1 MZ   1  60 106 22303 11952    84   472   521    74     0   -99      0   12

$ /tmp/dssat_dual_v1_s30egzz1/run_DUAL/dscsm048 A SHIH1903.MZX





















RUN    TRT FLO MAT TOPWT HARWT  RAIN  TIRR   CET  PESW  TNUP  TNLF   TSON TSOC
           dap dap kg/ha kg/ha    mm    mm    mm    mm kg/ha kg/ha  kg/ha t/ha
  1 MZ   1  60 106 22303 11952    84   506   521    78     0   -99      0   12

$ /tmp/dssat_dual_v1_s30egzz1/run_DUAL/dscsm048 A SHIH1904.MZX





















RUN    TRT FLO MAT TOPWT HARWT  RAIN  TIRR   CET  PESW  TNUP  TNLF   TSON TSOC
           dap dap kg/ha kg/ha    mm    mm    mm    mm kg/ha kg/ha  kg/ha t/ha
  1 MZ   1  60 106 22303 11952    84   540   521    81     0   -99      0   12

$ /tmp/dssat_dual_v1_s30egzz1/run_DUAL/dscsm048 A SHIH2001.MZX





















RUN    TRT FLO MAT TOPWT HARWT  RAIN  TIRR   CET  PESW  TNUP  TNLF   TSON TSOC
           dap dap kg/ha kg/ha    mm    mm    mm    mm kg/ha kg/ha  kg/ha t/ha
  1 MZ   1  55 106 28020 17274   105   439   509    72     0   -99      0   12

$ /tmp/dssat_dual_v1_s30egzz1/run_DUAL/dscsm048 A SHIH2002.MZX





















RUN    TRT FLO MAT TOPWT HARWT  RAIN  TIRR   CET  PESW  TNUP  TNLF   TSON TSOC
           dap dap kg/ha kg/ha    mm    mm    mm    mm kg/ha kg/ha  kg/ha t/ha
  1 MZ   1  55 106 28073 17274   105   472   508    76     0   -99      0   12

$ /tmp/dssat_dual_v1_s30egzz1/run_DUAL/dscsm048 A SHIH2003.MZX





















RUN    TRT FLO MAT TOPWT HARWT  RAIN  TIRR   CET  PESW  TNUP  TNLF   TSON TSOC
           dap dap kg/ha kg/ha    mm    mm    mm    mm kg/ha kg/ha  kg/ha t/ha
  1 MZ   1  55 106 28074 17275   105   506   508    79     0   -99      0   12

$ /tmp/dssat_dual_v1_s30egzz1/run_DUAL/dscsm048 A SHIH2004.MZX





















RUN    TRT FLO MAT TOPWT HARWT  RAIN  TIRR   CET  PESW  TNUP  TNLF   TSON TSOC
           dap dap kg/ha kg/ha    mm    mm    mm    mm kg/ha kg/ha  kg/ha t/ha
  1 MZ   1  55 106 28077 17275   105   540   509    82     0   -99      0   12

$ /tmp/dssat_dual_v1_s30egzz1/run_M0/dscsm048 A SHIH1901.MZX





















RUN    TRT FLO MAT TOPWT HARWT  RAIN  TIRR   CET  PESW  TNUP  TNLF   TSON TSOC
           dap dap kg/ha kg/ha    mm    mm    mm    mm kg/ha kg/ha  kg/ha t/ha
  1 MZ   1  60 106 19827 10784    84   439   448    86     0   -99      0   12

$ /tmp/dssat_dual_v1_s30egzz1/run_M0/dscsm048 A SHIH1902.MZX





















RUN    TRT FLO MAT TOPWT HARWT  RAIN  TIRR   CET  PESW  TNUP  TNLF   TSON TSOC
           dap dap kg/ha kg/ha    mm    mm    mm    mm kg/ha kg/ha  kg/ha t/ha
  1 MZ   1  60 106 19827 10784    84   472   448    89     0   -99      0   12

$ /tmp/dssat_dual_v1_s30egzz1/run_M0/dscsm048 A SHIH1903.MZX





















RUN    TRT FLO MAT TOPWT HARWT  RAIN  TIRR   CET  PESW  TNUP  TNLF   TSON TSOC
           dap dap kg/ha kg/ha    mm    mm    mm    mm kg/ha kg/ha  kg/ha t/ha
  1 MZ   1  60 106 19827 10784    84   506   448    92     0   -99      0   12

$ /tmp/dssat_dual_v1_s30egzz1/run_M0/dscsm048 A SHIH1904.MZX





















RUN    TRT FLO MAT TOPWT HARWT  RAIN  TIRR   CET  PESW  TNUP  TNLF   TSON TSOC
           dap dap kg/ha kg/ha    mm    mm    mm    mm kg/ha kg/ha  kg/ha t/ha
  1 MZ   1  60 106 19827 10784    84   540   448    96     0   -99      0   12

$ /tmp/dssat_dual_v1_s30egzz1/run_M0/dscsm048 A SHIH2001.MZX





















RUN    TRT FLO MAT TOPWT HARWT  RAIN  TIRR   CET  PESW  TNUP  TNLF   TSON TSOC
           dap dap kg/ha kg/ha    mm    mm    mm    mm kg/ha kg/ha  kg/ha t/ha
  1 MZ   1  57 108 25006 14540   107   439   436    86     0   -99      0   12

$ /tmp/dssat_dual_v1_s30egzz1/run_M0/dscsm048 A SHIH2002.MZX





















RUN    TRT FLO MAT TOPWT HARWT  RAIN  TIRR   CET  PESW  TNUP  TNLF   TSON TSOC
           dap dap kg/ha kg/ha    mm    mm    mm    mm kg/ha kg/ha  kg/ha t/ha
  1 MZ   1  57 108 25000 14539   107   472   436    89     0   -99      0   12

$ /tmp/dssat_dual_v1_s30egzz1/run_M0/dscsm048 A SHIH2003.MZX





















RUN    TRT FLO MAT TOPWT HARWT  RAIN  TIRR   CET  PESW  TNUP  TNLF   TSON TSOC
           dap dap kg/ha kg/ha    mm    mm    mm    mm kg/ha kg/ha  kg/ha t/ha
  1 MZ   1  57 108 25001 14539   107   506   436    92     0   -99      0   12

$ /tmp/dssat_dual_v1_s30egzz1/run_M0/dscsm048 A SHIH2004.MZX





















RUN    TRT FLO MAT TOPWT HARWT  RAIN  TIRR   CET  PESW  TNUP  TNLF   TSON TSOC
           dap dap kg/ha kg/ha    mm    mm    mm    mm kg/ha kg/ha  kg/ha t/ha
  1 MZ   1  57 108 25003 14539   107   540   436    96     0   -99      0   12

$ /tmp/dssat_dual_v1_s30egzz1/run_DUAL/dscsm048 A SHIH1901.MZX





















RUN    TRT FLO MAT TOPWT HARWT  RAIN  TIRR   CET  PESW  TNUP  TNLF   TSON TSOC
           dap dap kg/ha kg/ha    mm    mm    mm    mm kg/ha kg/ha  kg/ha t/ha
  1 MZ   1  59 106 19792 10901    84   439   448    86     0   -99      0   12

$ /tmp/dssat_dual_v1_s30egzz1/run_DUAL/dscsm048 A SHIH1902.MZX





















RUN    TRT FLO MAT TOPWT HARWT  RAIN  TIRR   CET  PESW  TNUP  TNLF   TSON TSOC
           dap dap kg/ha kg/ha    mm    mm    mm    mm kg/ha kg/ha  kg/ha t/ha
  1 MZ   1  59 106 19792 10901    84   472   448    89     0   -99      0   12

$ /tmp/dssat_dual_v1_s30egzz1/run_DUAL/dscsm048 A SHIH1903.MZX





















RUN    TRT FLO MAT TOPWT HARWT  RAIN  TIRR   CET  PESW  TNUP  TNLF   TSON TSOC
           dap dap kg/ha kg/ha    mm    mm    mm    mm kg/ha kg/ha  kg/ha t/ha
  1 MZ   1  59 106 19792 10901    84   506   448    92     0   -99      0   12

$ /tmp/dssat_dual_v1_s30egzz1/run_DUAL/dscsm048 A SHIH1904.MZX





















RUN    TRT FLO MAT TOPWT HARWT  RAIN  TIRR   CET  PESW  TNUP  TNLF   TSON TSOC
           dap dap kg/ha kg/ha    mm    mm    mm    mm kg/ha kg/ha  kg/ha t/ha
  1 MZ   1  59 106 19792 10901    84   540   448    96     0   -99      0   12

$ /tmp/dssat_dual_v1_s30egzz1/run_DUAL/dscsm048 A SHIH2001.MZX





















RUN    TRT FLO MAT TOPWT HARWT  RAIN  TIRR   CET  PESW  TNUP  TNLF   TSON TSOC
           dap dap kg/ha kg/ha    mm    mm    mm    mm kg/ha kg/ha  kg/ha t/ha
  1 MZ   1  57 107 25082 14872   106   439   431    89     0   -99      0   12

$ /tmp/dssat_dual_v1_s30egzz1/run_DUAL/dscsm048 A SHIH2002.MZX





















RUN    TRT FLO MAT TOPWT HARWT  RAIN  TIRR   CET  PESW  TNUP  TNLF   TSON TSOC
           dap dap kg/ha kg/ha    mm    mm    mm    mm kg/ha kg/ha  kg/ha t/ha
  1 MZ   1  57 107 25078 14871   106   472   431    93     0   -99      0   12

$ /tmp/dssat_dual_v1_s30egzz1/run_DUAL/dscsm048 A SHIH2003.MZX





















RUN    TRT FLO MAT TOPWT HARWT  RAIN  TIRR   CET  PESW  TNUP  TNLF   TSON TSOC
           dap dap kg/ha kg/ha    mm    mm    mm    mm kg/ha kg/ha  kg/ha t/ha
  1 MZ   1  57 107 25079 14871   106   506   431    96     0   -99      0   12

$ /tmp/dssat_dual_v1_s30egzz1/run_DUAL/dscsm048 A SHIH2004.MZX





















RUN    TRT FLO MAT TOPWT HARWT  RAIN  TIRR   CET  PESW  TNUP  TNLF   TSON TSOC
           dap dap kg/ha kg/ha    mm    mm    mm    mm kg/ha kg/ha  kg/ha t/ha
  1 MZ   1  57 107 25080 14872   106   540   431   100     0   -99      0   12

$ /tmp/dssat_dual_v1_s30egzz1/run_DUAL/dscsm048 A SHIH1901.MZX





















RUN    TRT FLO MAT TOPWT HARWT  RAIN  TIRR   CET  PESW  TNUP  TNLF   TSON TSOC
           dap dap kg/ha kg/ha    mm    mm    mm    mm kg/ha kg/ha  kg/ha t/ha
  1 MZ   1  60 107 20008 10921    85   439   452    84     0   -99      0   12

$ /tmp/dssat_dual_v1_s30egzz1/run_DUAL/dscsm048 A SHIH1902.MZX





















RUN    TRT FLO MAT TOPWT HARWT  RAIN  TIRR   CET  PESW  TNUP  TNLF   TSON TSOC
           dap dap kg/ha kg/ha    mm    mm    mm    mm kg/ha kg/ha  kg/ha t/ha
  1 MZ   1  60 107 20008 10921    85   472   452    87     0   -99      0   12

$ /tmp/dssat_dual_v1_s30egzz1/run_DUAL/dscsm048 A SHIH1903.MZX





















RUN    TRT FLO MAT TOPWT HARWT  RAIN  TIRR   CET  PESW  TNUP  TNLF   TSON TSOC
           dap dap kg/ha kg/ha    mm    mm    mm    mm kg/ha kg/ha  kg/ha t/ha
  1 MZ   1  60 107 20008 10921    85   506   452    90     0   -99      0   12

$ /tmp/dssat_dual_v1_s30egzz1/run_DUAL/dscsm048 A SHIH1904.MZX





















RUN    TRT FLO MAT TOPWT HARWT  RAIN  TIRR   CET  PESW  TNUP  TNLF   TSON TSOC
           dap dap kg/ha kg/ha    mm    mm    mm    mm kg/ha kg/ha  kg/ha t/ha
  1 MZ   1  60 107 20008 10921    85   540   452    94     0   -99      0   12

$ /tmp/dssat_dual_v1_s30egzz1/run_DUAL/dscsm048 A SHIH2001.MZX





















RUN    TRT FLO MAT TOPWT HARWT  RAIN  TIRR   CET  PESW  TNUP  TNLF   TSON TSOC
           dap dap kg/ha kg/ha    mm    mm    mm    mm kg/ha kg/ha  kg/ha t/ha
  1 MZ   1  58 108 25069 14631   107   439   436    86     0   -99      0   12

$ /tmp/dssat_dual_v1_s30egzz1/run_DUAL/dscsm048 A SHIH2002.MZX





















RUN    TRT FLO MAT TOPWT HARWT  RAIN  TIRR   CET  PESW  TNUP  TNLF   TSON TSOC
           dap dap kg/ha kg/ha    mm    mm    mm    mm kg/ha kg/ha  kg/ha t/ha
  1 MZ   1  58 108 25063 14630   107   472   436    89     0   -99      0   12

$ /tmp/dssat_dual_v1_s30egzz1/run_DUAL/dscsm048 A SHIH2003.MZX





















RUN    TRT FLO MAT TOPWT HARWT  RAIN  TIRR   CET  PESW  TNUP  TNLF   TSON TSOC
           dap dap kg/ha kg/ha    mm    mm    mm    mm kg/ha kg/ha  kg/ha t/ha
  1 MZ   1  58 108 25065 14630   107   506   436    93     0   -99      0   12

$ /tmp/dssat_dual_v1_s30egzz1/run_DUAL/dscsm048 A SHIH2004.MZX





















RUN    TRT FLO MAT TOPWT HARWT  RAIN  TIRR   CET  PESW  TNUP  TNLF   TSON TSOC
           dap dap kg/ha kg/ha    mm    mm    mm    mm kg/ha kg/ha  kg/ha t/ha
  1 MZ   1  58 108 25066 14630   107   540   436    96     0   -99      0   12

$ /tmp/dssat_dual_v1_s30egzz1/run_DUAL/dscsm048 A SHIH1901.MZX





















RUN    TRT FLO MAT TOPWT HARWT  RAIN  TIRR   CET  PESW  TNUP  TNLF   TSON TSOC
           dap dap kg/ha kg/ha    mm    mm    mm    mm kg/ha kg/ha  kg/ha t/ha
  1 MZ   1  60 107 20002 10920    85   439   452    84     0   -99      0   12

$ /tmp/dssat_dual_v1_s30egzz1/run_DUAL/dscsm048 A SHIH1902.MZX





















RUN    TRT FLO MAT TOPWT HARWT  RAIN  TIRR   CET  PESW  TNUP  TNLF   TSON TSOC
           dap dap kg/ha kg/ha    mm    mm    mm    mm kg/ha kg/ha  kg/ha t/ha
  1 MZ   1  60 107 20002 10920    85   472   452    87     0   -99      0   12

$ /tmp/dssat_dual_v1_s30egzz1/run_DUAL/dscsm048 A SHIH1903.MZX





















RUN    TRT FLO MAT TOPWT HARWT  RAIN  TIRR   CET  PESW  TNUP  TNLF   TSON TSOC
           dap dap kg/ha kg/ha    mm    mm    mm    mm kg/ha kg/ha  kg/ha t/ha
  1 MZ   1  60 107 20002 10920    85   506   452    90     0   -99      0   12

$ /tmp/dssat_dual_v1_s30egzz1/run_DUAL/dscsm048 A SHIH1904.MZX





















RUN    TRT FLO MAT TOPWT HARWT  RAIN  TIRR   CET  PESW  TNUP  TNLF   TSON TSOC
           dap dap kg/ha kg/ha    mm    mm    mm    mm kg/ha kg/ha  kg/ha t/ha
  1 MZ   1  60 107 20002 10920    85   540   452    94     0   -99      0   12

$ /tmp/dssat_dual_v1_s30egzz1/run_DUAL/dscsm048 A SHIH2001.MZX





















RUN    TRT FLO MAT TOPWT HARWT  RAIN  TIRR   CET  PESW  TNUP  TNLF   TSON TSOC
           dap dap kg/ha kg/ha    mm    mm    mm    mm kg/ha kg/ha  kg/ha t/ha
  1 MZ   1  58 108 24816 14374   107   439   436    86     0   -99      0   12

$ /tmp/dssat_dual_v1_s30egzz1/run_DUAL/dscsm048 A SHIH2002.MZX





















RUN    TRT FLO MAT TOPWT HARWT  RAIN  TIRR   CET  PESW  TNUP  TNLF   TSON TSOC
           dap dap kg/ha kg/ha    mm    mm    mm    mm kg/ha kg/ha  kg/ha t/ha
  1 MZ   1  58 108 24811 14373   107   472   436    89     0   -99      0   12

$ /tmp/dssat_dual_v1_s30egzz1/run_DUAL/dscsm048 A SHIH2003.MZX





















RUN    TRT FLO MAT TOPWT HARWT  RAIN  TIRR   CET  PESW  TNUP  TNLF   TSON TSOC
           dap dap kg/ha kg/ha    mm    mm    mm    mm kg/ha kg/ha  kg/ha t/ha
  1 MZ   1  58 108 24812 14373   107   506   436    93     0   -99      0   12

$ /tmp/dssat_dual_v1_s30egzz1/run_DUAL/dscsm048 A SHIH2004.MZX





















RUN    TRT FLO MAT TOPWT HARWT  RAIN  TIRR   CET  PESW  TNUP  TNLF   TSON TSOC
           dap dap kg/ha kg/ha    mm    mm    mm    mm kg/ha kg/ha  kg/ha t/ha
  1 MZ   1  58 108 24813 14373   107   540   436    96     0   -99      0   12

$ /tmp/dssat_dual_v1_s30egzz1/run_DUAL/dscsm048 A SHIH1901.MZX





















RUN    TRT FLO MAT TOPWT HARWT  RAIN  TIRR   CET  PESW  TNUP  TNLF   TSON TSOC
           dap dap kg/ha kg/ha    mm    mm    mm    mm kg/ha kg/ha  kg/ha t/ha
  1 MZ   1  60 107 18791 10044    85   439   451    84     0   -99      0   12

$ /tmp/dssat_dual_v1_s30egzz1/run_DUAL/dscsm048 A SHIH1902.MZX





















RUN    TRT FLO MAT TOPWT HARWT  RAIN  TIRR   CET  PESW  TNUP  TNLF   TSON TSOC
           dap dap kg/ha kg/ha    mm    mm    mm    mm kg/ha kg/ha  kg/ha t/ha
  1 MZ   1  60 107 18791 10044    85   472   451    87     0   -99      0   12

$ /tmp/dssat_dual_v1_s30egzz1/run_DUAL/dscsm048 A SHIH1903.MZX





















RUN    TRT FLO MAT TOPWT HARWT  RAIN  TIRR   CET  PESW  TNUP  TNLF   TSON TSOC
           dap dap kg/ha kg/ha    mm    mm    mm    mm kg/ha kg/ha  kg/ha t/ha
  1 MZ   1  60 107 18791 10044    85   506   451    90     0   -99      0   12

$ /tmp/dssat_dual_v1_s30egzz1/run_DUAL/dscsm048 A SHIH1904.MZX





















RUN    TRT FLO MAT TOPWT HARWT  RAIN  TIRR   CET  PESW  TNUP  TNLF   TSON TSOC
           dap dap kg/ha kg/ha    mm    mm    mm    mm kg/ha kg/ha  kg/ha t/ha
  1 MZ   1  60 107 18791 10044    85   540   451    94     0   -99      0   12

$ /tmp/dssat_dual_v1_s30egzz1/run_DUAL/dscsm048 A SHIH2001.MZX





















RUN    TRT FLO MAT TOPWT HARWT  RAIN  TIRR   CET  PESW  TNUP  TNLF   TSON TSOC
           dap dap kg/ha kg/ha    mm    mm    mm    mm kg/ha kg/ha  kg/ha t/ha
  1 MZ   1  58 108 23810 13635   107   439   436    86     0   -99      0   12

$ /tmp/dssat_dual_v1_s30egzz1/run_DUAL/dscsm048 A SHIH2002.MZX





















RUN    TRT FLO MAT TOPWT HARWT  RAIN  TIRR   CET  PESW  TNUP  TNLF   TSON TSOC
           dap dap kg/ha kg/ha    mm    mm    mm    mm kg/ha kg/ha  kg/ha t/ha
  1 MZ   1  58 108 23804 13634   107   472   436    89     0   -99      0   12

$ /tmp/dssat_dual_v1_s30egzz1/run_DUAL/dscsm048 A SHIH2003.MZX





















RUN    TRT FLO MAT TOPWT HARWT  RAIN  TIRR   CET  PESW  TNUP  TNLF   TSON TSOC
           dap dap kg/ha kg/ha    mm    mm    mm    mm kg/ha kg/ha  kg/ha t/ha
  1 MZ   1  58 108 23805 13634   107   506   436    93     0   -99      0   12

$ /tmp/dssat_dual_v1_s30egzz1/run_DUAL/dscsm048 A SHIH2004.MZX





















RUN    TRT FLO MAT TOPWT HARWT  RAIN  TIRR   CET  PESW  TNUP  TNLF   TSON TSOC
           dap dap kg/ha kg/ha    mm    mm    mm    mm kg/ha kg/ha  kg/ha t/ha
  1 MZ   1  58 108 23807 13634   107   540   436    96     0   -99      0   12

$ /tmp/dssat_dual_v1_s30egzz1/run_DUAL/dscsm048 A SHIH1901.MZX





















RUN    TRT FLO MAT TOPWT HARWT  RAIN  TIRR   CET  PESW  TNUP  TNLF   TSON TSOC
           dap dap kg/ha kg/ha    mm    mm    mm    mm kg/ha kg/ha  kg/ha t/ha
  1 MZ   1  59 106 19981 11040    84   439   448    86     0   -99      0   12

$ /tmp/dssat_dual_v1_s30egzz1/run_DUAL/dscsm048 A SHIH1902.MZX





















RUN    TRT FLO MAT TOPWT HARWT  RAIN  TIRR   CET  PESW  TNUP  TNLF   TSON TSOC
           dap dap kg/ha kg/ha    mm    mm    mm    mm kg/ha kg/ha  kg/ha t/ha
  1 MZ   1  59 106 19981 11040    84   472   448    89     0   -99      0   12

$ /tmp/dssat_dual_v1_s30egzz1/run_DUAL/dscsm048 A SHIH1903.MZX





















RUN    TRT FLO MAT TOPWT HARWT  RAIN  TIRR   CET  PESW  TNUP  TNLF   TSON TSOC
           dap dap kg/ha kg/ha    mm    mm    mm    mm kg/ha kg/ha  kg/ha t/ha
  1 MZ   1  59 106 19981 11040    84   506   448    92     0   -99      0   12

$ /tmp/dssat_dual_v1_s30egzz1/run_DUAL/dscsm048 A SHIH1904.MZX





















RUN    TRT FLO MAT TOPWT HARWT  RAIN  TIRR   CET  PESW  TNUP  TNLF   TSON TSOC
           dap dap kg/ha kg/ha    mm    mm    mm    mm kg/ha kg/ha  kg/ha t/ha
  1 MZ   1  59 106 19981 11040    84   540   448    96     0   -99      0   12

$ /tmp/dssat_dual_v1_s30egzz1/run_DUAL/dscsm048 A SHIH2001.MZX





















RUN    TRT FLO MAT TOPWT HARWT  RAIN  TIRR   CET  PESW  TNUP  TNLF   TSON TSOC
           dap dap kg/ha kg/ha    mm    mm    mm    mm kg/ha kg/ha  kg/ha t/ha
  1 MZ   1  57 108 25018 14558   107   439   436    86     0   -99      0   12

$ /tmp/dssat_dual_v1_s30egzz1/run_DUAL/dscsm048 A SHIH2002.MZX





















RUN    TRT FLO MAT TOPWT HARWT  RAIN  TIRR   CET  PESW  TNUP  TNLF   TSON TSOC
           dap dap kg/ha kg/ha    mm    mm    mm    mm kg/ha kg/ha  kg/ha t/ha
  1 MZ   1  57 108 25013 14558   107   472   436    89     0   -99      0   12

$ /tmp/dssat_dual_v1_s30egzz1/run_DUAL/dscsm048 A SHIH2003.MZX





















RUN    TRT FLO MAT TOPWT HARWT  RAIN  TIRR   CET  PESW  TNUP  TNLF   TSON TSOC
           dap dap kg/ha kg/ha    mm    mm    mm    mm kg/ha kg/ha  kg/ha t/ha
  1 MZ   1  57 108 25014 14558   107   506   436    93     0   -99      0   12

$ /tmp/dssat_dual_v1_s30egzz1/run_DUAL/dscsm048 A SHIH2004.MZX





















RUN    TRT FLO MAT TOPWT HARWT  RAIN  TIRR   CET  PESW  TNUP  TNLF   TSON TSOC
           dap dap kg/ha kg/ha    mm    mm    mm    mm kg/ha kg/ha  kg/ha t/ha
  1 MZ   1  57 108 25015 14558   107   540   436    96     0   -99      0   12

$ /tmp/dssat_dual_v1_s30egzz1/run_DUAL/dscsm048 A SHIH1901.MZX





















RUN    TRT FLO MAT TOPWT HARWT  RAIN  TIRR   CET  PESW  TNUP  TNLF   TSON TSOC
           dap dap kg/ha kg/ha    mm    mm    mm    mm kg/ha kg/ha  kg/ha t/ha
  1 MZ   1  59 106 18721 10082    84   439   448    85     0   -99      0   12

$ /tmp/dssat_dual_v1_s30egzz1/run_DUAL/dscsm048 A SHIH1902.MZX





















RUN    TRT FLO MAT TOPWT HARWT  RAIN  TIRR   CET  PESW  TNUP  TNLF   TSON TSOC
           dap dap kg/ha kg/ha    mm    mm    mm    mm kg/ha kg/ha  kg/ha t/ha
  1 MZ   1  59 106 18721 10082    84   472   448    89     0   -99      0   12

$ /tmp/dssat_dual_v1_s30egzz1/run_DUAL/dscsm048 A SHIH1903.MZX





















RUN    TRT FLO MAT TOPWT HARWT  RAIN  TIRR   CET  PESW  TNUP  TNLF   TSON TSOC
           dap dap kg/ha kg/ha    mm    mm    mm    mm kg/ha kg/ha  kg/ha t/ha
  1 MZ   1  59 106 18721 10082    84   506   448    92     0   -99      0   12

$ /tmp/dssat_dual_v1_s30egzz1/run_DUAL/dscsm048 A SHIH1904.MZX





















RUN    TRT FLO MAT TOPWT HARWT  RAIN  TIRR   CET  PESW  TNUP  TNLF   TSON TSOC
           dap dap kg/ha kg/ha    mm    mm    mm    mm kg/ha kg/ha  kg/ha t/ha
  1 MZ   1  59 106 18721 10082    84   540   448    95     0   -99      0   12

$ /tmp/dssat_dual_v1_s30egzz1/run_DUAL/dscsm048 A SHIH2001.MZX





















RUN    TRT FLO MAT TOPWT HARWT  RAIN  TIRR   CET  PESW  TNUP  TNLF   TSON TSOC
           dap dap kg/ha kg/ha    mm    mm    mm    mm kg/ha kg/ha  kg/ha t/ha
  1 MZ   1  57 108 23888 13711   107   439   436    86     0   -99      0   12

$ /tmp/dssat_dual_v1_s30egzz1/run_DUAL/dscsm048 A SHIH2002.MZX





















RUN    TRT FLO MAT TOPWT HARWT  RAIN  TIRR   CET  PESW  TNUP  TNLF   TSON TSOC
           dap dap kg/ha kg/ha    mm    mm    mm    mm kg/ha kg/ha  kg/ha t/ha
  1 MZ   1  57 108 23884 13710   107   472   436    89     0   -99      0   12

$ /tmp/dssat_dual_v1_s30egzz1/run_DUAL/dscsm048 A SHIH2003.MZX





















RUN    TRT FLO MAT TOPWT HARWT  RAIN  TIRR   CET  PESW  TNUP  TNLF   TSON TSOC
           dap dap kg/ha kg/ha    mm    mm    mm    mm kg/ha kg/ha  kg/ha t/ha
  1 MZ   1  57 108 23885 13710   107   506   436    92     0   -99      0   12

$ /tmp/dssat_dual_v1_s30egzz1/run_DUAL/dscsm048 A SHIH2004.MZX





















RUN    TRT FLO MAT TOPWT HARWT  RAIN  TIRR   CET  PESW  TNUP  TNLF   TSON TSOC
           dap dap kg/ha kg/ha    mm    mm    mm    mm kg/ha kg/ha  kg/ha t/ha
  1 MZ   1  57 108 23887 13711   107   540   436    96     0   -99      0   12

$ /tmp/dssat_dual_v1_s30egzz1/run_DUAL/dscsm048 A SHIH1901.MZX





















RUN    TRT FLO MAT TOPWT HARWT  RAIN  TIRR   CET  PESW  TNUP  TNLF   TSON TSOC
           dap dap kg/ha kg/ha    mm    mm    mm    mm kg/ha kg/ha  kg/ha t/ha
  1 MZ   1  60 107 19699 10701    85   439   451    84     0   -99      0   12

$ /tmp/dssat_dual_v1_s30egzz1/run_DUAL/dscsm048 A SHIH1902.MZX





















RUN    TRT FLO MAT TOPWT HARWT  RAIN  TIRR   CET  PESW  TNUP  TNLF   TSON TSOC
           dap dap kg/ha kg/ha    mm    mm    mm    mm kg/ha kg/ha  kg/ha t/ha
  1 MZ   1  60 107 19699 10701    85   472   451    87     0   -99      0   12

$ /tmp/dssat_dual_v1_s30egzz1/run_DUAL/dscsm048 A SHIH1903.MZX





















RUN    TRT FLO MAT TOPWT HARWT  RAIN  TIRR   CET  PESW  TNUP  TNLF   TSON TSOC
           dap dap kg/ha kg/ha    mm    mm    mm    mm kg/ha kg/ha  kg/ha t/ha
  1 MZ   1  60 107 19699 10701    85   506   451    90     0   -99      0   12

$ /tmp/dssat_dual_v1_s30egzz1/run_DUAL/dscsm048 A SHIH1904.MZX





















RUN    TRT FLO MAT TOPWT HARWT  RAIN  TIRR   CET  PESW  TNUP  TNLF   TSON TSOC
           dap dap kg/ha kg/ha    mm    mm    mm    mm kg/ha kg/ha  kg/ha t/ha
  1 MZ   1  60 107 19699 10701    85   540   451    94     0   -99      0   12

$ /tmp/dssat_dual_v1_s30egzz1/run_DUAL/dscsm048 A SHIH2001.MZX





















RUN    TRT FLO MAT TOPWT HARWT  RAIN  TIRR   CET  PESW  TNUP  TNLF   TSON TSOC
           dap dap kg/ha kg/ha    mm    mm    mm    mm kg/ha kg/ha  kg/ha t/ha
  1 MZ   1  58 108 24669 14283   107   439   436    86     0   -99      0   12

$ /tmp/dssat_dual_v1_s30egzz1/run_DUAL/dscsm048 A SHIH2002.MZX





















RUN    TRT FLO MAT TOPWT HARWT  RAIN  TIRR   CET  PESW  TNUP  TNLF   TSON TSOC
           dap dap kg/ha kg/ha    mm    mm    mm    mm kg/ha kg/ha  kg/ha t/ha
  1 MZ   1  58 108 24662 14282   107   472   436    89     0   -99      0   12

$ /tmp/dssat_dual_v1_s30egzz1/run_DUAL/dscsm048 A SHIH2003.MZX





















RUN    TRT FLO MAT TOPWT HARWT  RAIN  TIRR   CET  PESW  TNUP  TNLF   TSON TSOC
           dap dap kg/ha kg/ha    mm    mm    mm    mm kg/ha kg/ha  kg/ha t/ha
  1 MZ   1  58 108 24664 14282   107   506   436    93     0   -99      0   12

$ /tmp/dssat_dual_v1_s30egzz1/run_DUAL/dscsm048 A SHIH2004.MZX





















RUN    TRT FLO MAT TOPWT HARWT  RAIN  TIRR   CET  PESW  TNUP  TNLF   TSON TSOC
           dap dap kg/ha kg/ha    mm    mm    mm    mm kg/ha kg/ha  kg/ha t/ha
  1 MZ   1  58 108 24666 14282   107   540   436    96     0   -99      0   12

$ /tmp/dssat_dual_v1_s30egzz1/run_DUAL/dscsm048 A SHIH1901.MZX





















RUN    TRT FLO MAT TOPWT HARWT  RAIN  TIRR   CET  PESW  TNUP  TNLF   TSON TSOC
           dap dap kg/ha kg/ha    mm    mm    mm    mm kg/ha kg/ha  kg/ha t/ha
  1 MZ   1  59 106 19665 10800    84   439   448    86     0   -99      0   12

$ /tmp/dssat_dual_v1_s30egzz1/run_DUAL/dscsm048 A SHIH1902.MZX





















RUN    TRT FLO MAT TOPWT HARWT  RAIN  TIRR   CET  PESW  TNUP  TNLF   TSON TSOC
           dap dap kg/ha kg/ha    mm    mm    mm    mm kg/ha kg/ha  kg/ha t/ha
  1 MZ   1  59 106 19665 10800    84   472   448    89     0   -99      0   12

$ /tmp/dssat_dual_v1_s30egzz1/run_DUAL/dscsm048 A SHIH1903.MZX





















RUN    TRT FLO MAT TOPWT HARWT  RAIN  TIRR   CET  PESW  TNUP  TNLF   TSON TSOC
           dap dap kg/ha kg/ha    mm    mm    mm    mm kg/ha kg/ha  kg/ha t/ha
  1 MZ   1  59 106 19665 10800    84   506   448    92     0   -99      0   12

$ /tmp/dssat_dual_v1_s30egzz1/run_DUAL/dscsm048 A SHIH1904.MZX





















RUN    TRT FLO MAT TOPWT HARWT  RAIN  TIRR   CET  PESW  TNUP  TNLF   TSON TSOC
           dap dap kg/ha kg/ha    mm    mm    mm    mm kg/ha kg/ha  kg/ha t/ha
  1 MZ   1  59 106 19665 10800    84   540   448    96     0   -99      0   12

$ /tmp/dssat_dual_v1_s30egzz1/run_DUAL/dscsm048 A SHIH2001.MZX





















RUN    TRT FLO MAT TOPWT HARWT  RAIN  TIRR   CET  PESW  TNUP  TNLF   TSON TSOC
           dap dap kg/ha kg/ha    mm    mm    mm    mm kg/ha kg/ha  kg/ha t/ha
  1 MZ   1  57 108 24860 14464   107   439   436    86     0   -99      0   12

$ /tmp/dssat_dual_v1_s30egzz1/run_DUAL/dscsm048 A SHIH2002.MZX





















RUN    TRT FLO MAT TOPWT HARWT  RAIN  TIRR   CET  PESW  TNUP  TNLF   TSON TSOC
           dap dap kg/ha kg/ha    mm    mm    mm    mm kg/ha kg/ha  kg/ha t/ha
  1 MZ   1  57 108 24855 14464   107   472   436    89     0   -99      0   12

$ /tmp/dssat_dual_v1_s30egzz1/run_DUAL/dscsm048 A SHIH2003.MZX





















RUN    TRT FLO MAT TOPWT HARWT  RAIN  TIRR   CET  PESW  TNUP  TNLF   TSON TSOC
           dap dap kg/ha kg/ha    mm    mm    mm    mm kg/ha kg/ha  kg/ha t/ha
  1 MZ   1  57 108 24856 14464   107   506   436    93     0   -99      0   12

$ /tmp/dssat_dual_v1_s30egzz1/run_DUAL/dscsm048 A SHIH2004.MZX





















RUN    TRT FLO MAT TOPWT HARWT  RAIN  TIRR   CET  PESW  TNUP  TNLF   TSON TSOC
           dap dap kg/ha kg/ha    mm    mm    mm    mm kg/ha kg/ha  kg/ha t/ha
  1 MZ   1  57 108 24857 14464   107   540   436    96     0   -99      0   12

$ /tmp/dssat_dual_v1_s30egzz1/run_DUAL/dscsm048 A SHIH1901.MZX





















RUN    TRT FLO MAT TOPWT HARWT  RAIN  TIRR   CET  PESW  TNUP  TNLF   TSON TSOC
           dap dap kg/ha kg/ha    mm    mm    mm    mm kg/ha kg/ha  kg/ha t/ha
  1 MZ   1  60 107 19397 10482    85   439   451    84     0   -99      0   12

$ /tmp/dssat_dual_v1_s30egzz1/run_DUAL/dscsm048 A SHIH1902.MZX





















RUN    TRT FLO MAT TOPWT HARWT  RAIN  TIRR   CET  PESW  TNUP  TNLF   TSON TSOC
           dap dap kg/ha kg/ha    mm    mm    mm    mm kg/ha kg/ha  kg/ha t/ha
  1 MZ   1  60 107 19397 10482    85   472   451    87     0   -99      0   12

$ /tmp/dssat_dual_v1_s30egzz1/run_DUAL/dscsm048 A SHIH1903.MZX





















RUN    TRT FLO MAT TOPWT HARWT  RAIN  TIRR   CET  PESW  TNUP  TNLF   TSON TSOC
           dap dap kg/ha kg/ha    mm    mm    mm    mm kg/ha kg/ha  kg/ha t/ha
  1 MZ   1  60 107 19397 10482    85   506   451    90     0   -99      0   12

$ /tmp/dssat_dual_v1_s30egzz1/run_DUAL/dscsm048 A SHIH1904.MZX





















RUN    TRT FLO MAT TOPWT HARWT  RAIN  TIRR   CET  PESW  TNUP  TNLF   TSON TSOC
           dap dap kg/ha kg/ha    mm    mm    mm    mm kg/ha kg/ha  kg/ha t/ha
  1 MZ   1  60 107 19397 10482    85   540   451    94     0   -99      0   12

$ /tmp/dssat_dual_v1_s30egzz1/run_DUAL/dscsm048 A SHIH2001.MZX





















RUN    TRT FLO MAT TOPWT HARWT  RAIN  TIRR   CET  PESW  TNUP  TNLF   TSON TSOC
           dap dap kg/ha kg/ha    mm    mm    mm    mm kg/ha kg/ha  kg/ha t/ha
  1 MZ   1  58 108 24491 14170   107   439   436    86     0   -99      0   12

$ /tmp/dssat_dual_v1_s30egzz1/run_DUAL/dscsm048 A SHIH2002.MZX





















RUN    TRT FLO MAT TOPWT HARWT  RAIN  TIRR   CET  PESW  TNUP  TNLF   TSON TSOC
           dap dap kg/ha kg/ha    mm    mm    mm    mm kg/ha kg/ha  kg/ha t/ha
  1 MZ   1  58 108 24485 14169   107   472   436    89     0   -99      0   12

$ /tmp/dssat_dual_v1_s30egzz1/run_DUAL/dscsm048 A SHIH2003.MZX





















RUN    TRT FLO MAT TOPWT HARWT  RAIN  TIRR   CET  PESW  TNUP  TNLF   TSON TSOC
           dap dap kg/ha kg/ha    mm    mm    mm    mm kg/ha kg/ha  kg/ha t/ha
  1 MZ   1  58 108 24486 14170   107   506   436    93     0   -99      0   12

$ /tmp/dssat_dual_v1_s30egzz1/run_DUAL/dscsm048 A SHIH2004.MZX





















RUN    TRT FLO MAT TOPWT HARWT  RAIN  TIRR   CET  PESW  TNUP  TNLF   TSON TSOC
           dap dap kg/ha kg/ha    mm    mm    mm    mm kg/ha kg/ha  kg/ha t/ha
  1 MZ   1  58 108 24489 14170   107   540   436    96     0   -99      0   12

$ /tmp/dssat_dual_v1_s30egzz1/run_DUAL/dscsm048 A SHIH1901.MZX





















RUN    TRT FLO MAT TOPWT HARWT  RAIN  TIRR   CET  PESW  TNUP  TNLF   TSON TSOC
           dap dap kg/ha kg/ha    mm    mm    mm    mm kg/ha kg/ha  kg/ha t/ha
  1 MZ   1  59 106 19351 10561    84   439   448    86     0   -99      0   12

$ /tmp/dssat_dual_v1_s30egzz1/run_DUAL/dscsm048 A SHIH1902.MZX





















RUN    TRT FLO MAT TOPWT HARWT  RAIN  TIRR   CET  PESW  TNUP  TNLF   TSON TSOC
           dap dap kg/ha kg/ha    mm    mm    mm    mm kg/ha kg/ha  kg/ha t/ha
  1 MZ   1  59 106 19351 10561    84   472   448    89     0   -99      0   12

$ /tmp/dssat_dual_v1_s30egzz1/run_DUAL/dscsm048 A SHIH1903.MZX





















RUN    TRT FLO MAT TOPWT HARWT  RAIN  TIRR   CET  PESW  TNUP  TNLF   TSON TSOC
           dap dap kg/ha kg/ha    mm    mm    mm    mm kg/ha kg/ha  kg/ha t/ha
  1 MZ   1  59 106 19351 10561    84   506   448    92     0   -99      0   12

$ /tmp/dssat_dual_v1_s30egzz1/run_DUAL/dscsm048 A SHIH1904.MZX





















RUN    TRT FLO MAT TOPWT HARWT  RAIN  TIRR   CET  PESW  TNUP  TNLF   TSON TSOC
           dap dap kg/ha kg/ha    mm    mm    mm    mm kg/ha kg/ha  kg/ha t/ha
  1 MZ   1  59 106 19351 10561    84   540   448    96     0   -99      0   12

$ /tmp/dssat_dual_v1_s30egzz1/run_DUAL/dscsm048 A SHIH2001.MZX





















RUN    TRT FLO MAT TOPWT HARWT  RAIN  TIRR   CET  PESW  TNUP  TNLF   TSON TSOC
           dap dap kg/ha kg/ha    mm    mm    mm    mm kg/ha kg/ha  kg/ha t/ha
  1 MZ   1  57 108 24630 14301   107   439   436    86     0   -99      0   12

$ /tmp/dssat_dual_v1_s30egzz1/run_DUAL/dscsm048 A SHIH2002.MZX





















RUN    TRT FLO MAT TOPWT HARWT  RAIN  TIRR   CET  PESW  TNUP  TNLF   TSON TSOC
           dap dap kg/ha kg/ha    mm    mm    mm    mm kg/ha kg/ha  kg/ha t/ha
  1 MZ   1  57 108 24625 14300   107   472   436    89     0   -99      0   12

$ /tmp/dssat_dual_v1_s30egzz1/run_DUAL/dscsm048 A SHIH2003.MZX





















RUN    TRT FLO MAT TOPWT HARWT  RAIN  TIRR   CET  PESW  TNUP  TNLF   TSON TSOC
           dap dap kg/ha kg/ha    mm    mm    mm    mm kg/ha kg/ha  kg/ha t/ha
  1 MZ   1  57 108 24627 14301   107   506   436    93     0   -99      0   12

$ /tmp/dssat_dual_v1_s30egzz1/run_DUAL/dscsm048 A SHIH2004.MZX





















RUN    TRT FLO MAT TOPWT HARWT  RAIN  TIRR   CET  PESW  TNUP  TNLF   TSON TSOC
           dap dap kg/ha kg/ha    mm    mm    mm    mm kg/ha kg/ha  kg/ha t/ha
  1 MZ   1  57 108 24627 14301   107   540   436    96     0   -99      0   12

$ /tmp/dssat_dual_v1_s30egzz1/run_DUAL/dscsm048 A SHIH1901.MZX





















RUN    TRT FLO MAT TOPWT HARWT  RAIN  TIRR   CET  PESW  TNUP  TNLF   TSON TSOC
           dap dap kg/ha kg/ha    mm    mm    mm    mm kg/ha kg/ha  kg/ha t/ha
  1 MZ   1  60 107 19094 10263    85   439   451    84     0   -99      0   12

$ /tmp/dssat_dual_v1_s30egzz1/run_DUAL/dscsm048 A SHIH1902.MZX





















RUN    TRT FLO MAT TOPWT HARWT  RAIN  TIRR   CET  PESW  TNUP  TNLF   TSON TSOC
           dap dap kg/ha kg/ha    mm    mm    mm    mm kg/ha kg/ha  kg/ha t/ha
  1 MZ   1  60 107 19094 10263    85   472   451    87     0   -99      0   12

$ /tmp/dssat_dual_v1_s30egzz1/run_DUAL/dscsm048 A SHIH1903.MZX





















RUN    TRT FLO MAT TOPWT HARWT  RAIN  TIRR   CET  PESW  TNUP  TNLF   TSON TSOC
           dap dap kg/ha kg/ha    mm    mm    mm    mm kg/ha kg/ha  kg/ha t/ha
  1 MZ   1  60 107 19094 10263    85   506   451    90     0   -99      0   12

$ /tmp/dssat_dual_v1_s30egzz1/run_DUAL/dscsm048 A SHIH1904.MZX





















RUN    TRT FLO MAT TOPWT HARWT  RAIN  TIRR   CET  PESW  TNUP  TNLF   TSON TSOC
           dap dap kg/ha kg/ha    mm    mm    mm    mm kg/ha kg/ha  kg/ha t/ha
  1 MZ   1  60 107 19094 10263    85   540   451    94     0   -99      0   12

$ /tmp/dssat_dual_v1_s30egzz1/run_DUAL/dscsm048 A SHIH2001.MZX





















RUN    TRT FLO MAT TOPWT HARWT  RAIN  TIRR   CET  PESW  TNUP  TNLF   TSON TSOC
           dap dap kg/ha kg/ha    mm    mm    mm    mm kg/ha kg/ha  kg/ha t/ha
  1 MZ   1  58 108 23991 13741   107   439   436    86     0   -99      0   12

$ /tmp/dssat_dual_v1_s30egzz1/run_DUAL/dscsm048 A SHIH2002.MZX





















RUN    TRT FLO MAT TOPWT HARWT  RAIN  TIRR   CET  PESW  TNUP  TNLF   TSON TSOC
           dap dap kg/ha kg/ha    mm    mm    mm    mm kg/ha kg/ha  kg/ha t/ha
  1 MZ   1  58 108 23986 13740   107   472   436    89     0   -99      0   12

$ /tmp/dssat_dual_v1_s30egzz1/run_DUAL/dscsm048 A SHIH2003.MZX





















RUN    TRT FLO MAT TOPWT HARWT  RAIN  TIRR   CET  PESW  TNUP  TNLF   TSON TSOC
           dap dap kg/ha kg/ha    mm    mm    mm    mm kg/ha kg/ha  kg/ha t/ha
  1 MZ   1  58 108 23988 13740   107   506   436    93     0   -99      0   12

$ /tmp/dssat_dual_v1_s30egzz1/run_DUAL/dscsm048 A SHIH2004.MZX





















RUN    TRT FLO MAT TOPWT HARWT  RAIN  TIRR   CET  PESW  TNUP  TNLF   TSON TSOC
           dap dap kg/ha kg/ha    mm    mm    mm    mm kg/ha kg/ha  kg/ha t/ha
  1 MZ   1  58 108 23989 13741   107   540   436    96     0   -99      0   12

$ /tmp/dssat_dual_v1_s30egzz1/run_DUAL/dscsm048 A SHIH1901.MZX





















RUN    TRT FLO MAT TOPWT HARWT  RAIN  TIRR   CET  PESW  TNUP  TNLF   TSON TSOC
           dap dap kg/ha kg/ha    mm    mm    mm    mm kg/ha kg/ha  kg/ha t/ha
  1 MZ   1  59 106 19036 10321    84   439   448    85     0   -99      0   12

$ /tmp/dssat_dual_v1_s30egzz1/run_DUAL/dscsm048 A SHIH1902.MZX





















RUN    TRT FLO MAT TOPWT HARWT  RAIN  TIRR   CET  PESW  TNUP  TNLF   TSON TSOC
           dap dap kg/ha kg/ha    mm    mm    mm    mm kg/ha kg/ha  kg/ha t/ha
  1 MZ   1  59 106 19036 10321    84   472   448    89     0   -99      0   12

$ /tmp/dssat_dual_v1_s30egzz1/run_DUAL/dscsm048 A SHIH1903.MZX





















RUN    TRT FLO MAT TOPWT HARWT  RAIN  TIRR   CET  PESW  TNUP  TNLF   TSON TSOC
           dap dap kg/ha kg/ha    mm    mm    mm    mm kg/ha kg/ha  kg/ha t/ha
  1 MZ   1  59 106 19036 10321    84   506   448    92     0   -99      0   12

$ /tmp/dssat_dual_v1_s30egzz1/run_DUAL/dscsm048 A SHIH1904.MZX





















RUN    TRT FLO MAT TOPWT HARWT  RAIN  TIRR   CET  PESW  TNUP  TNLF   TSON TSOC
           dap dap kg/ha kg/ha    mm    mm    mm    mm kg/ha kg/ha  kg/ha t/ha
  1 MZ   1  59 106 19036 10321    84   540   448    96     0   -99      0   12

$ /tmp/dssat_dual_v1_s30egzz1/run_DUAL/dscsm048 A SHIH2001.MZX





















RUN    TRT FLO MAT TOPWT HARWT  RAIN  TIRR   CET  PESW  TNUP  TNLF   TSON TSOC
           dap dap kg/ha kg/ha    mm    mm    mm    mm kg/ha kg/ha  kg/ha t/ha
  1 MZ   1  57 108 24387 14132   107   439   436    86     0   -99      0   12

$ /tmp/dssat_dual_v1_s30egzz1/run_DUAL/dscsm048 A SHIH2002.MZX





















RUN    TRT FLO MAT TOPWT HARWT  RAIN  TIRR   CET  PESW  TNUP  TNLF   TSON TSOC
           dap dap kg/ha kg/ha    mm    mm    mm    mm kg/ha kg/ha  kg/ha t/ha
  1 MZ   1  57 108 24382 14131   107   472   436    89     0   -99      0   12

$ /tmp/dssat_dual_v1_s30egzz1/run_DUAL/dscsm048 A SHIH2003.MZX





















RUN    TRT FLO MAT TOPWT HARWT  RAIN  TIRR   CET  PESW  TNUP  TNLF   TSON TSOC
           dap dap kg/ha kg/ha    mm    mm    mm    mm kg/ha kg/ha  kg/ha t/ha
  1 MZ   1  57 108 24382 14131   107   506   436    93     0   -99      0   12

$ /tmp/dssat_dual_v1_s30egzz1/run_DUAL/dscsm048 A SHIH2004.MZX





















RUN    TRT FLO MAT TOPWT HARWT  RAIN  TIRR   CET  PESW  TNUP  TNLF   TSON TSOC
           dap dap kg/ha kg/ha    mm    mm    mm    mm kg/ha kg/ha  kg/ha t/ha
  1 MZ   1  57 108 24384 14131   107   540   436    96     0   -99      0   12
