date,old_01605500,new_01605500,abs_diff_01605500,old_01606000,new_01606000,abs_diff_01606000,old_01606500,new_01606500,abs_diff_01606500
2003-01-01,13.84,13.84,0.0,35.46,35.46,0.0,47.9,47.9,0.0
2003-01-02,12.56,12.56,0.0,28.66,28.66,0.0,40.31,40.31,0.0
2003-01-03,12.26,12.26,0.0,22.15,22.15,0.0,33.99,33.99,0.0
2003-01-04,12.05,12.05,0.0,21.21,21.21,0.0,32.41,32.41,0.0
2003-01-05,10.33,10.33,0.0,20.29,20.29,0.0,30.49,30.49,0.0
2003-01-06,11.11,11.11,0.0,20.56,20.56,0.0,31.17,31.17,0.0
2003-01-07,11.33,11.33,0.0,20.55,20.55,0.0,31.27,31.27,0.0
2003-01-08,11.66,11.66,0.0,20.3,20.3,0.0,31.34,31.34,0.0
2003-01-09,10.23,10.23,0.0,21.42,21.42,0.0,31.21,31.21,0.0
2003-01-10,10.76,10.76,0.0,20.52,20.52,0.0,30.85,30.85,0.0
2003-01-11,10.86,10.86,0.0,20.63,20.63,0.0,30.96,30.96,0.0
2003-01-12,10.68,10.68,0.0,19.18,19.18,0.0,29.26,29.26,0.0
2003-01-13,9.823,9.823,0.0,19.52,19.52,0.0,29.01,29.01,0.0
2003-01-14,10.24,10.24,0.0,19.31,19.31,0.0,29.07,29.07,0.0
2003-01-15,10.3,10.3,0.0,19.25,19.25,0.0,28.89,28.89,0.0
2003-01-16,10.19,10.19,0.0,18.73,18.73,0.0,28.46,28.46,0.0
2003-01-17,9.871,9.871,0.0,17.67,17.67,0.0,27.19,27.19,0.0
2003-01-18,9.511,9.511,0.0,17.86,17.86,0.0,26.88,26.88,0.0
2003-01-19,9.748,9.748,0.0,18.19,18.19,0.0,27.51,27.51,0.0
2003-01-20,9.644,9.644,0.0,17.67,17.67,0.0,26.84,26.84,0.0
2003-01-21,9.363,9.363,0.0,17.18,17.18,0.0,26.12,26.12,0.0
2003-01-22,9.124,9.124,0.0,17.27,17.27,0.0,26.03,26.03,0.0
2003-01-23,9.322,9.322,0.0,17.15,17.15,0.0,26.07,26.07,0.0
2003-01-24,9.222,9.222,0.0,16.59,16.59,0.0,25.22,25.22,0.0
2003-01-25,9.068,9.068,0.0,16.13,16.13,0.0,24.69,24.69,0.0
2003-01-26,8.903,8.903,0.0,16.23,16.23,0.0,24.81,24.81,0.0
2003-01-27,8.553,8.553,0.0,16.07,16.07,0.0,24.16,24.16,0.0
2003-01-28,8.675,8.675,0.0,15.94,15.94,0.0,24.16,24.16,0.0
2003-01-29,8.817,8.817,0.0,15.98,15.98,0.0,24.34,24.34,0.0
2003-01-30,8.479,8.479,0.0,15.35,15.35,0.0,23.38,23.38,0.0
2003-01-31,8.383,8.383,0.0,15.77,15.77,0.0,23.58,23.58,0.0
2003-02-01,8.426,8.426,0.0,15.81,15.81,0.0,23.73,23.73,0.0
2003-02-02,8.194,8.194,0.0,16.52,16.52,0.0,24.34,24.34,0.0
2003-02-03,8.693,8.693,0.0,27.94,27.94,0.0,36.45,36.45,0.0
2003-02-04,8.357,8.357,0.0,18.35,18.35,0.0,26.27,26.27,0.0
2003-02-05,7.822,7.822,0.0,15.6,15.6,0.0,22.94,22.94,0.0
2003-02-06,7.799,7.799,0.0,15.74,15.74,0.0,23.25,23.25,0.0
2003-02-07,7.766,7.766,0.0,15.67,15.67,0.0,23.14,23.14,0.0
2003-02-08,7.68,7.68,0.0,14.56,14.56,0.0,21.74,21.74,0.0
2003-02-09,7.49,7.49,0.0,14.13,14.13,0.0,21.16,21.16,0.0
2003-02-10,7.376,7.376,0.0,14.62,14.62,0.0,21.75,21.75,0.0
2003-02-11,7.384,7.384,0.0,14.27,14.27,0.0,21.31,21.31,0.0
2003-02-12,7.265,7.265,0.0,14.19,14.19,0.0,21.05,21.05,0.0
2003-02-13,7.167,7.167,0.0,13.6,13.6,0.0,20.32,20.32,0.0
2003-02-14,7.289,7.289,0.0,14.11,14.11,0.0,21.17,21.17,0.0
2003-02-15,7.21,7.21,0.0,14.56,14.56,0.0,21.87,21.87,0.0
2003-02-16,7.717,7.717,0.0,15.6,15.6,0.0,24.07,24.07,0.0
2003-02-17,6.958,6.958,0.0,13.38,13.38,0.0,20.03,20.03,0.0
2003-02-18,6.759,6.759,0.0,12.8,12.8,0.0,19.1,19.1,0.0
2003-02-19,9.793,9.793,0.0,16.75,16.75,0.0,26.88,26.88,0.0
2003-02-20,9.427,9.427,0.0,17.85,17.85,0.0,27.98,27.98,0.0
2003-02-21,28.71,28.71,0.0,28.85,28.85,0.0,55.43,55.43,0.0
2003-02-22,37.9,37.9,0.0,109.7,109.7,0.0,148.7,148.7,0.0
2003-02-23,20.3,20.3,0.0,44.45,44.45,0.0,63.05,63.05,0.0
2003-02-24,12.25,12.25,0.0,22.34,22.34,0.0,34.22,34.22,0.0
2003-02-25,11.66,11.66,0.0,18.6,18.6,0.0,29.05,29.05,0.0
2003-02-26,10.3,10.3,0.0,16.11,16.11,0.0,25.46,25.46,0.0
2003-02-27,9.613,9.613,0.0,15.52,15.52,0.0,24.23,24.23,0.0
2003-02-28,14.3,14.3,0.0,19.48,19.48,0.0,31.5,31.5,0.0
2003-03-01,17.11,17.11,0.0,29.06,29.06,0.0,46.07,46.07,0.0
2003-03-02,12.47,12.47,0.0,43.52,43.52,0.0,56.08,56.08,0.0
2003-03-03,10.71,10.71,0.0,23.21,23.21,0.0,34.32,34.32,0.0
2003-03-04,11.98,11.98,0.0,25.79,25.79,0.0,36.94,36.94,0.0
2003-03-05,12.06,12.06,0.0,55.93,55.93,0.0,67.15,67.15,0.0
2003-03-06,13.33,13.33,0.0,51.59,51.59,0.0,63.87,63.87,0.0
2003-03-07,13.83,13.83,0.0,29.4,29.4,0.0,42.54,42.54,0.0
2003-03-08,12.67,12.67,0.0,29.63,29.63,0.0,42.5,42.5,0.0
2003-03-09,13.01,13.01,0.0,26.68,26.68,0.0,39.28,39.28,0.0
2003-03-10,12.3,12.3,0.0,22.23,22.23,0.0,34.25,34.25,0.0
2003-03-11,12.51,12.51,0.0,23.71,23.71,0.0,35.83,35.83,0.0
2003-03-12,13.01,13.01,0.0,25.67,25.67,0.0,38.22,38.22,0.0
2003-03-13,13.18,13.18,0.0,25.94,25.94,0.0,39.01,39.01,0.0
2003-03-14,12.09,12.09,0.0,26.44,26.44,0.0,38.17,38.17,0.0
2003-03-15,12.56,12.56,0.0,27.55,27.55,0.0,39.54,39.54,0.0
2003-03-16,12.45,12.45,0.0,26.06,26.06,0.0,38.15,38.15,0.0
2003-03-17,12.35,12.35,0.0,26.9,26.9,0.0,38.78,38.78,0.0
2003-03-18,11.66,11.66,0.0,25.69,25.69,0.0,37.06,37.06,0.0
2003-03-19,13.02,13.02,0.0,26.85,26.85,0.0,39.61,39.61,0.0
2003-03-20,15.52,15.52,0.0,30.27,30.27,0.0,45.72,45.72,0.0
2003-03-21,14.65,14.65,0.0,28.28,28.28,0.0,42.85,42.85,0.0
2003-03-22,14.14,14.14,0.0,28.18,28.18,0.0,42.14,42.14,0.0
2003-03-23,12.76,12.76,0.0,26.91,26.91,0.0,39.53,39.53,0.0
2003-03-24,13.39,13.39,0.0,27.22,27.22,0.0,40.35,40.35,0.0
2003-03-25,13.63,13.63,0.0,26.87,26.87,0.0,40.25,40.25,0.0
2003-03-26,13.46,13.46,0.0,27.71,27.71,0.0,41.04,41.04,0.0
2003-03-27,12.43,12.43,0.0,26.39,26.39,0.0,38.88,38.88,0.0
2003-03-28,12.92,12.92,0.0,26.33,26.33,0.0,38.86,38.86,0.0
2003-03-29,13.99,13.99,0.0,27.8,27.8,0.0,41.76,41.76,0.0
2003-03-30,14.19,14.19,0.0,27.38,27.38,0.0,41.49,41.49,0.0
2003-03-31,14.69,14.69,0.0,27.78,27.78,0.0,41.63,41.63,0.0
2003-04-01,12.76,12.76,0.0,27.18,27.18,0.0,40.04,40.04,0.0
2003-04-02,13.01,13.01,0.0,27.17,27.17,0.0,39.86,39.86,0.0
2003-04-03,13.27,13.27,0.0,27.19,27.19,0.0,40.09,40.09,0.0
2003-04-04,13.47,13.47,0.0,27.26,27.26,0.0,40.48,40.48,0.0
2003-04-05,13.16,13.16,0.0,27.16,27.16,0.0,39.97,39.97,0.0
2003-04-06,14.93,14.93,0.0,30.12,30.12,0.0,45.24,45.24,0.0
2003-04-07,16.64,16.64,0.0,31.22,31.22,0.0,47.27,47.27,0.0
2003-04-08,17.72,17.72,0.0,32.02,32.02,0.0,49.1,49.1,0.0
2003-04-09,16.37,16.37,0.0,30.63,30.63,0.0,46.61,46.61,0.0
2003-04-10,18.88,18.88,0.0,30.98,30.98,0.0,49.07,49.07,0.0
2003-04-11,16.64,16.64,0.0,32.35,32.35,0.0,48.49,48.49,0.0
2003-04-12,15.65,15.65,0.0,31.77,31.77,0.0,47.34,47.34,0.0
2003-04-13,15.19,15.19,0.0,30.3,30.3,0.0,45.32,45.32,0.0
2003-04-14,15.27,15.27,0.0,30.44,30.44,0.0,45.24,45.24,0.0
2003-04-15,15.26,15.26,0.0,29.46,29.46,0.0,44.44,44.44,0.0
2003-04-16,15.24,15.24,0.0,30.0,30.0,0.0,45.05,45.05,0.0
2003-04-17,15.46,15.46,0.0,28.8,28.8,0.0,43.93,43.93,0.0
2003-04-18,16.1,16.1,0.0,29.8,29.8,0.0,45.79,45.79,0.0
2003-04-19,15.43,15.43,0.0,28.72,28.72,0.0,43.95,43.95,0.0
2003-04-20,15.12,15.12,0.0,29.17,29.17,0.0,44.02,44.02,0.0
2003-04-21,15.4,15.4,0.0,29.08,29.08,0.0,44.52,44.52,0.0
2003-04-22,15.54,15.54,0.0,29.16,29.16,0.0,44.37,44.37,0.0
2003-04-23,15.14,15.14,0.0,28.2,28.2,0.0,43.17,43.17,0.0
2003-04-24,14.94,14.94,0.0,28.29,28.29,0.0,42.78,42.78,0.0
2003-04-25,14.69,14.69,0.0,28.78,28.78,0.0,43.4,43.4,0.0
2003-04-26,14.96,14.96,0.0,27.82,27.82,0.0,42.56,42.56,0.0
2003-04-27,14.67,14.67,0.0,28.05,28.05,0.0,42.35,42.35,0.0
2003-04-28,14.77,14.77,0.0,27.28,27.28,0.0,41.37,41.37,0.0
2003-04-29,14.42,14.42,0.0,27.42,27.42,0.0,41.43,41.43,0.0
2003-04-30,15.36,15.36,0.0,28.61,28.61,0.0,43.67,43.67,0.0
2003-05-01,15.16,15.16,0.0,29.89,29.89,0.0,44.98,44.98,0.0
2003-05-02,15.37,15.37,0.0,28.97,28.97,0.0,44.19,44.19,0.0
2003-05-03,17.54,17.54,0.0,31.31,31.31,0.0,47.97,47.97,0.0
2003-05-04,17.63,17.63,0.0,31.15,31.15,0.0,48.16,48.16,0.0
2003-05-05,16.13,16.13,0.0,30.9,30.9,0.0,46.71,46.71,0.0
2003-05-06,16.1,16.1,0.0,30.66,30.66,0.0,46.33,46.33,0.0
2003-05-07,15.74,15.74,0.0,30.1,30.1,0.0,45.85,45.85,0.0
2003-05-08,16.98,16.98,0.0,31.59,31.59,0.0,48.34,48.34,0.0
2003-05-09,22.25,22.25,0.0,39.41,39.41,0.0,61.19,61.19,0.0
2003-05-10,26.13,26.13,0.0,42.04,42.04,0.0,66.34,66.34,0.0
2003-05-11,18.66,18.66,0.0,34.61,34.61,0.0,53.39,53.39,0.0
2003-05-12,17.82,17.82,0.0,35.57,35.57,0.0,54.25,54.25,0.0
2003-05-13,18.35,18.35,0.0,33.99,33.99,0.0,52.22,52.22,0.0
2003-05-14,18.62,18.62,0.0,34.87,34.87,0.0,53.4,53.4,0.0
2003-05-15,18.29,18.29,0.0,33.91,33.91,0.0,52.79,52.79,0.0
2003-05-16,18.57,18.57,0.0,34.74,34.74,0.0,53.28,53.28,0.0
2003-05-17,22.81,22.81,0.0,37.92,37.92,0.0,60.74,60.74,0.0
2003-05-18,22.9,22.9,0.0,36.51,36.51,0.0,59.03,59.03,0.0
2003-05-19,20.8,20.8,0.0,36.21,36.21,0.0,56.87,56.87,0.0
2003-05-20,20.32,20.32,0.0,34.86,34.86,0.0,55.54,55.54,0.0
2003-05-21,20.2,20.2,0.0,35.49,35.49,0.0,55.24,55.24,0.0
2003-05-22,20.25,20.25,0.0,34.05,34.05,0.0,53.53,53.53,0.0
2003-05-23,19.61,19.61,0.0,34.89,34.89,0.0,54.39,54.39,0.0
2003-05-24,18.95,18.95,0.0,33.84,33.84,0.0,52.83,52.83,0.0
2003-05-25,19.11,19.11,0.0,33.97,33.97,0.0,53.12,53.12,0.0
2003-05-26,19.04,19.04,0.0,33.49,33.49,0.0,52.29,52.29,0.0
2003-05-27,19.33,19.33,0.0,33.57,33.57,0.0,52.58,52.58,0.0
2003-05-28,19.58,19.58,0.0,33.88,33.88,0.0,53.05,53.05,0.0
2003-05-29,18.5,18.5,0.0,32.77,32.77,0.0,51.41,51.41,0.0
2003-05-30,18.92,18.92,0.0,32.82,32.82,0.0,51.57,51.57,0.0
2003-05-31,19.3,19.3,0.0,35.31,35.31,0.0,54.72,54.72,0.0
2003-06-01,18.67,18.67,0.0,33.16,33.16,0.0,51.4,51.4,0.0
2003-06-02,19.27,19.27,0.0,33.62,33.62,0.0,52.48,52.48,0.0
2003-06-03,24.06,24.06,0.0,37.44,37.44,0.0,60.26,60.26,0.0
2003-06-04,22.28,22.28,0.0,35.37,35.37,0.0,57.07,57.07,0.0
2003-06-05,19.63,19.63,0.0,34.26,34.26,0.0,54.11,54.11,0.0
2003-06-06,20.24,20.24,0.0,34.8,34.8,0.0,55.25,55.25,0.0
2003-06-07,22.0,22.0,0.0,36.23,36.23,0.0,57.35,57.35,0.0
2003-06-08,22.48,22.48,0.0,36.77,36.77,0.0,58.57,58.57,0.0
2003-06-09,19.83,19.83,0.0,34.45,34.45,0.0,54.42,54.42,0.0
2003-06-10,20.2,20.2,0.0,34.63,34.63,0.0,54.62,54.62,0.0
2003-06-11,19.72,19.72,0.0,33.98,33.98,0.0,53.31,53.31,0.0
2003-06-12,20.3,20.3,0.0,34.71,34.71,0.0,54.63,54.63,0.0
2003-06-13,20.93,20.93,0.0,35.7,35.7,0.0,56.49,56.49,0.0
2003-06-14,19.51,19.51,0.0,34.12,34.12,0.0,54.0,54.0,0.0
2003-06-15,20.07,20.07,0.0,34.69,34.69,0.0,55.0,55.0,0.0
2003-06-16,21.51,21.51,0.0,34.33,34.33,0.0,54.91,54.91,0.0
2003-06-17,21.66,21.66,0.0,35.68,35.68,0.0,56.86,56.86,0.0
2003-06-18,20.75,20.75,0.0,35.47,35.47,0.0,55.96,55.96,0.0
2003-06-19,20.23,20.23,0.0,34.64,34.64,0.0,55.36,55.36,0.0
2003-06-20,19.81,19.81,0.0,34.69,34.69,0.0,54.83,54.83,0.0
2003-06-21,19.74,19.74,0.0,33.71,33.71,0.0,53.01,53.01,0.0
2003-06-22,19.78,19.78,0.0,33.95,33.95,0.0,53.28,53.28,0.0
2003-06-23,19.03,19.03,0.0,33.65,33.65,0.0,52.51,52.51,0.0
2003-06-24,18.45,18.45,0.0,32.29,32.29,0.0,50.62,50.62,0.0
2003-06-25,18.69,18.69,0.0,31.74,31.74,0.0,49.96,49.96,0.0
2003-06-26,18.67,18.67,0.0,31.95,31.95,0.0,50.2,50.2,0.0
2003-06-27,17.91,17.91,0.0,31.2,31.2,0.0,49.02,49.02,0.0
2003-06-28,17.99,17.99,0.0,30.65,30.65,0.0,48.15,48.15,0.0
2003-06-29,17.58,17.58,0.0,30.26,30.26,0.0,47.41,47.41,0.0
2003-06-30,17.54,17.54,0.0,30.22,30.22,0.0,47.32,47.32,0.0
2003-07-01,17.2,17.2,0.0,29.53,29.53,0.0,46.45,46.45,0.0
2003-07-02,16.92,16.92,0.0,29.29,29.29,0.0,46.05,46.05,0.0
2003-07-03,16.84,16.84,0.0,28.99,28.99,0.0,45.27,45.27,0.0
2003-07-04,16.78,16.78,0.0,28.46,28.46,0.0,44.69,44.69,0.0
2003-07-05,16.57,16.57,0.0,27.96,27.96,0.0,43.98,43.98,0.0
2003-07-06,16.22,16.22,0.0,27.62,27.62,0.0,43.6,43.6,0.0
2003-07-07,16.65,16.65,0.0,29.37,29.37,0.0,46.56,46.56,0.0
2003-07-08,16.41,16.41,0.0,28.53,28.53,0.0,45.09,45.09,0.0
2003-07-09,16.45,16.45,0.0,28.9,28.9,0.0,45.58,45.58,0.0
2003-07-10,15.8,15.8,0.0,27.8,27.8,0.0,43.45,43.45,0.0
2003-07-11,15.35,15.35,0.0,27.18,27.18,0.0,42.34,42.34,0.0
2003-07-12,15.36,15.36,0.0,26.9,26.9,0.0,41.98,41.98,0.0
2003-07-13,15.21,15.21,0.0,26.32,26.32,0.0,41.13,41.13,0.0
2003-07-14,15.1,15.1,0.0,26.29,26.29,0.0,41.08,41.08,0.0
2003-07-15,14.72,14.72,0.0,25.86,25.86,0.0,40.26,40.26,0.0
2003-07-16,14.44,14.44,0.0,25.26,25.26,0.0,39.38,39.38,0.0
2003-07-17,14.4,14.4,0.0,24.92,24.92,0.0,38.88,38.88,0.0
2003-07-18,14.31,14.31,0.0,24.88,24.88,0.0,38.84,38.84,0.0
2003-07-19,14.04,14.04,0.0,24.48,24.48,0.0,38.13,38.13,0.0
2003-07-20,13.85,13.85,0.0,23.95,23.95,0.0,37.43,37.43,0.0
2003-07-21,13.55,13.55,0.0,23.79,23.79,0.0,36.93,36.93,0.0
2003-07-22,13.5,13.5,0.0,23.48,23.48,0.0,36.67,36.67,0.0
2003-07-23,13.37,13.37,0.0,23.28,23.28,0.0,36.34,36.34,0.0
2003-07-24,13.11,13.11,0.0,22.84,22.84,0.0,35.57,35.57,0.0
2003-07-25,12.86,12.86,0.0,22.46,22.46,0.0,34.96,34.96,0.0
2003-07-26,12.78,12.78,0.0,22.11,22.11,0.0,34.45,34.45,0.0
2003-07-27,12.88,12.88,0.0,22.66,22.66,0.0,35.54,35.54,0.0
2003-07-28,12.89,12.89,0.0,23.16,23.16,0.0,36.36,36.36,0.0
2003-07-29,12.31,12.31,0.0,21.56,21.56,0.0,33.6,33.6,0.0
2003-07-30,12.09,12.09,0.0,21.33,21.33,0.0,33.13,33.13,0.0
2003-07-31,12.05,12.05,0.0,21.18,21.18,0.0,32.99,32.99,0.0
2003-08-01,11.85,11.85,0.0,20.93,20.93,0.0,32.57,32.57,0.0
2003-08-02,11.86,11.86,0.0,20.88,20.88,0.0,32.57,32.57,0.0
2003-08-03,11.66,11.66,0.0,20.58,20.58,0.0,32.17,32.17,0.0
2003-08-04,11.94,11.94,0.0,20.96,20.96,0.0,32.97,32.97,0.0
2003-08-05,11.74,11.74,0.0,20.77,20.77,0.0,32.64,32.64,0.0
2003-08-06,11.35,11.35,0.0,19.87,19.87,0.0,31.03,31.03,0.0
2003-08-07,11.42,11.42,0.0,20.07,20.07,0.0,31.48,31.48,0.0
2003-08-08,11.3,11.3,0.0,19.75,19.75,0.0,31.03,31.03,0.0
2003-08-09,11.54,11.54,0.0,20.61,20.61,0.0,32.5,32.5,0.0
2003-08-10,11.63,11.63,0.0,20.94,20.94,0.0,33.18,33.18,0.0
2003-08-11,11.52,11.52,0.0,20.49,20.49,0.0,32.29,32.29,0.0
2003-08-12,11.48,11.48,0.0,21.41,21.41,0.0,33.62,33.62,0.0
2003-08-13,10.98,10.98,0.0,20.39,20.39,0.0,31.6,31.6,0.0
2003-08-14,10.88,10.88,0.0,20.2,20.2,0.0,31.32,31.32,0.0
2003-08-15,10.79,10.79,0.0,19.7,19.7,0.0,30.78,30.78,0.0
2003-08-16,10.95,10.95,0.0,20.67,20.67,0.0,32.32,32.32,0.0
2003-08-17,10.51,10.51,0.0,19.42,19.42,0.0,30.31,30.31,0.0
2003-08-18,10.32,10.32,0.0,19.4,19.4,0.0,30.01,30.01,0.0
2003-08-19,10.23,10.23,0.0,19.23,19.23,0.0,29.73,29.73,0.0
2003-08-20,10.12,10.12,0.0,18.91,18.91,0.0,29.33,29.33,0.0
2003-08-21,9.981,9.981,0.0,18.4,18.4,0.0,28.62,28.62,0.0
2003-08-22,9.867,9.867,0.0,18.35,18.35,0.0,28.47,28.47,0.0
2003-08-23,9.671,9.671,0.0,18.22,18.22,0.0,28.17,28.17,0.0
2003-08-24,9.584,9.584,0.0,17.95,17.95,0.0,27.81,27.81,0.0
2003-08-25,9.461,9.461,0.0,17.79,17.79,0.0,27.53,27.53,0.0
2003-08-26,9.455,9.455,0.0,17.58,17.58,0.0,27.36,27.36,0.0
2003-08-27,9.606,9.606,0.0,18.01,18.01,0.0,28.18,28.18,0.0
2003-08-28,9.21,9.21,0.0,17.2,17.2,0.0,26.66,26.66,0.0
2003-08-29,9.148,9.148,0.0,16.91,16.91,0.0,26.4,26.4,0.0
2003-08-30,9.151,9.151,0.0,17.14,17.14,0.0,26.7,26.7,0.0
2003-08-31,8.978,8.978,0.0,16.8,16.8,0.0,26.11,26.11,0.0
2003-09-01,9.07,9.07,0.0,17.16,17.16,0.0,26.72,26.72,0.0
2003-09-02,9.164,9.164,0.0,17.49,17.49,0.0,27.18,27.18,0.0
2003-09-03,9.44,9.44,0.0,18.62,18.62,0.0,28.89,28.89,0.0
2003-09-04,9.002,9.002,0.0,17.49,17.49,0.0,26.79,26.79,0.0
2003-09-05,8.815,8.815,0.0,17.2,17.2,0.0,26.17,26.17,0.0
2003-09-06,8.668,8.668,0.0,16.57,16.57,0.0,25.41,25.41,0.0
2003-09-07,8.588,8.588,0.0,16.62,16.62,0.0,25.39,25.39,0.0
2003-09-08,8.495,8.495,0.0,16.52,16.52,0.0,25.2,25.2,0.0
2003-09-09,8.377,8.377,0.0,16.27,16.27,0.0,24.79,24.79,0.0
2003-09-10,8.282,8.282,0.0,15.81,15.81,0.0,24.24,24.24,0.0
2003-09-11,8.136,8.136,0.0,15.76,15.76,0.0,24.06,24.06,0.0
2003-09-12,8.137,8.137,0.0,15.87,15.87,0.0,24.28,24.28,0.0
2003-09-13,8.011,8.011,0.0,15.55,15.55,0.0,23.78,23.78,0.0
2003-09-14,7.858,7.858,0.0,15.06,15.06,0.0,23.04,23.04,0.0
2003-09-15,8.378,8.378,0.0,16.98,16.98,0.0,25.88,25.88,0.0
2003-09-16,7.71,7.71,0.0,15.29,15.29,0.0,23.15,23.15,0.0
2003-09-17,14.37,14.37,0.0,15.08,15.08,0.0,31.91,31.91,0.0
2003-09-18,14.65,14.65,0.0,37.22,37.22,0.0,60.15,60.15,0.0
2003-09-19,10.3,10.3,0.0,21.99,21.99,0.0,34.32,34.32,0.0
2003-09-20,9.949,9.949,0.0,19.44,19.44,0.0,30.56,30.56,0.0
2003-09-21,9.795,9.795,0.0,19.15,19.15,0.0,29.7,29.7,0.0
2003-09-22,9.698,9.698,0.0,18.64,18.64,0.0,29.58,29.58,0.0
2003-09-23,9.517,9.517,0.0,17.8,17.8,0.0,28.14,28.14,0.0
2003-09-24,9.309,9.309,0.0,18.19,18.19,0.0,28.4,28.4,0.0
2003-09-25,9.213,9.213,0.0,18.47,18.47,0.0,28.56,28.56,0.0
2003-09-26,9.053,9.053,0.0,17.31,17.31,0.0,27.16,27.16,0.0
2003-09-27,9.143,9.143,0.0,17.66,17.66,0.0,27.95,27.95,0.0
2003-09-28,9.023,9.023,0.0,17.65,17.65,0.0,27.64,27.64,0.0
2003-09-29,8.751,8.751,0.0,17.45,17.45,0.0,26.91,26.91,0.0
2003-09-30,8.807,8.807,0.0,17.55,17.55,0.0,27.14,27.14,0.0
2003-10-01,8.583,8.583,0.0,16.32,16.32,0.0,25.69,25.69,0.0
2003-10-02,8.432,8.432,0.0,16.35,16.35,0.0,25.59,25.59,0.0
2003-10-03,8.469,8.469,0.0,16.64,16.64,0.0,25.92,25.92,0.0
2003-10-04,8.257,8.257,0.0,16.54,16.54,0.0,25.54,25.54,0.0
2003-10-05,8.036,8.036,0.0,15.59,15.59,0.0,24.35,24.35,0.0
2003-10-06,8.031,8.031,0.0,15.6,15.6,0.0,24.35,24.35,0.0
2003-10-07,7.975,7.975,0.0,15.65,15.65,0.0,24.29,24.29,0.0
2003-10-08,7.794,7.794,0.0,15.57,15.57,0.0,24.0,24.0,0.0
2003-10-09,7.643,7.643,0.0,15.08,15.08,0.0,23.38,23.38,0.0
2003-10-10,7.614,7.614,0.0,14.81,14.81,0.0,23.08,23.08,0.0
2003-10-11,7.55,7.55,0.0,14.75,14.75,0.0,22.92,22.92,0.0
2003-10-12,7.453,7.453,0.0,14.67,14.67,0.0,22.75,22.75,0.0
2003-10-13,7.361,7.361,0.0,14.25,14.25,0.0,22.18,22.18,0.0
2003-10-14,8.198,8.198,0.0,15.69,15.69,0.0,25.07,25.07,0.0
2003-10-15,7.51,7.51,0.0,14.35,14.35,0.0,22.47,22.47,0.0
2003-10-16,7.426,7.426,0.0,14.21,14.21,0.0,22.22,22.22,0.0
2003-10-17,7.409,7.409,0.0,14.1,14.1,0.0,22.17,22.17,0.0
2003-10-18,7.133,7.133,0.0,13.8,13.8,0.0,21.49,21.49,0.0
2003-10-19,7.106,7.106,0.0,13.57,13.57,0.0,21.21,21.21,0.0
2003-10-20,7.049,7.049,0.0,13.45,13.45,0.0,21.04,21.04,0.0
2003-10-21,6.989,6.989,0.0,13.41,13.41,0.0,20.97,20.97,0.0
2003-10-22,6.921,6.921,0.0,13.19,13.19,0.0,20.66,20.66,0.0
2003-10-23,6.708,6.708,0.0,12.86,12.86,0.0,20.11,20.11,0.0
2003-10-24,6.674,6.674,0.0,12.76,12.76,0.0,19.94,19.94,0.0
2003-10-25,6.607,6.607,0.0,12.66,12.66,0.0,19.77,19.77,0.0
2003-10-26,6.779,6.779,0.0,12.87,12.87,0.0,20.31,20.31,0.0
2003-10-27,6.729,6.729,0.0,13.12,13.12,0.0,20.58,20.58,0.0
2003-10-28,6.581,6.581,0.0,12.64,12.64,0.0,19.77,19.77,0.0
2003-10-29,6.506,6.506,0.0,12.48,12.48,0.0,19.49,19.49,0.0
2003-10-30,6.367,6.367,0.0,12.2,12.2,0.0,18.98,18.98,0.0
2003-10-31,6.289,6.289,0.0,11.96,11.96,0.0,18.66,18.66,0.0
2003-11-01,6.128,6.128,0.0,11.79,11.79,0.0,18.32,18.32,0.0
2003-11-02,6.097,6.097,0.0,11.69,11.69,0.0,18.17,18.17,0.0
2003-11-03,6.038,6.038,0.0,11.55,11.55,0.0,17.98,17.98,0.0
2003-11-04,5.968,5.968,0.0,11.35,11.35,0.0,17.7,17.7,0.0
2003-11-05,6.151,6.151,0.0,11.93,11.93,0.0,18.72,18.72,0.0
2003-11-06,5.891,5.891,0.0,11.4,11.4,0.0,17.79,17.79,0.0
2003-11-07,5.768,5.768,0.0,11.08,11.08,0.0,17.21,17.21,0.0
2003-11-08,5.714,5.714,0.0,10.87,10.87,0.0,16.94,16.94,0.0
2003-11-09,5.64,5.64,0.0,10.78,10.78,0.0,16.77,16.77,0.0
2003-11-10,5.651,5.651,0.0,10.67,10.67,0.0,16.63,16.63,0.0
2003-11-11,6.261,6.261,0.0,12.79,12.79,0.0,20.18,20.18,0.0
2003-11-12,6.353,6.353,0.0,13.14,13.14,0.0,20.03,20.03,0.0
2003-11-13,5.983,5.983,0.0,12.49,12.49,0.0,18.75,18.75,0.0
2003-11-14,5.92,5.92,0.0,12.34,12.34,0.0,18.51,18.51,0.0
2003-11-15,5.953,5.953,0.0,12.57,12.57,0.0,18.86,18.86,0.0
2003-11-16,5.851,5.851,0.0,12.08,12.08,0.0,18.28,18.28,0.0
2003-11-17,5.611,5.611,0.0,11.83,11.83,0.0,17.76,17.76,0.0
2003-11-18,6.805,6.805,0.0,14.44,14.44,0.0,21.9,21.9,0.0
2003-11-19,10.71,10.71,0.0,25.4,25.4,0.0,35.61,35.61,0.0
2003-11-20,7.6,7.6,0.0,17.29,17.29,0.0,24.89,24.89,0.0
2003-11-21,7.441,7.441,0.0,16.75,16.75,0.0,24.14,24.14,0.0
2003-11-22,7.395,7.395,0.0,15.72,15.72,0.0,22.96,22.96,0.0
2003-11-23,6.647,6.647,0.0,14.49,14.49,0.0,21.28,21.28,0.0
2003-11-24,7.168,7.168,0.0,15.95,15.95,0.0,23.23,23.23,0.0
2003-11-25,7.106,7.106,0.0,16.1,16.1,0.0,23.09,23.09,0.0
2003-11-26,7.027,7.027,0.0,16.19,16.19,0.0,23.15,23.15,0.0
2003-11-27,6.673,6.673,0.0,14.39,14.39,0.0,21.3,21.3,0.0
2003-11-28,7.556,7.556,0.0,17.04,17.04,0.0,24.85,24.85,0.0
2003-11-29,7.355,7.355,0.0,16.91,16.91,0.0,24.06,24.06,0.0
2003-11-30,7.32,7.32,0.0,17.05,17.05,0.0,24.09,24.09,0.0
2003-12-01,7.197,7.197,0.0,16.76,16.76,0.0,23.77,23.77,0.0
2003-12-02,6.603,6.603,0.0,14.91,14.91,0.0,21.64,21.64,0.0
2003-12-03,6.802,6.802,0.0,15.66,15.66,0.0,22.44,22.44,0.0
2003-12-04,6.95,6.95,0.0,16.21,16.21,0.0,23.03,23.03,0.0
2003-12-05,6.824,6.824,0.0,15.87,15.87,0.0,22.73,22.73,0.0
2003-12-06,6.486,6.486,0.0,14.81,14.81,0.0,21.4,21.4,0.0
2003-12-07,6.531,6.531,0.0,15.1,15.1,0.0,21.56,21.56,0.0
2003-12-08,6.561,6.561,0.0,15.35,15.35,0.0,21.75,21.75,0.0
2003-12-09,6.853,6.853,0.0,15.81,15.81,0.0,22.54,22.54,0.0
2003-12-10,13.31,13.31,0.0,33.66,33.66,0.0,45.43,45.43,0.0
2003-12-11,6.841,6.841,0.0,17.37,17.37,0.0,24.63,24.63,0.0
2003-12-12,6.421,6.421,0.0,15.2,15.2,0.0,21.7,21.7,0.0
2003-12-13,6.614,6.614,0.0,15.78,15.78,0.0,22.72,22.72,0.0
2003-12-14,6.415,6.415,0.0,15.55,15.55,0.0,22.23,22.23,0.0
2003-12-15,8.724,8.724,0.0,15.56,15.56,0.0,24.04,24.04,0.0
2003-12-16,10.47,10.47,0.0,22.07,22.07,0.0,34.5,34.5,0.0
2003-12-17,7.697,7.697,0.0,15.37,15.37,0.0,22.99,22.99,0.0
2003-12-18,7.101,7.101,0.0,14.86,14.86,0.0,21.86,21.86,0.0
2003-12-19,6.928,6.928,0.0,14.4,14.4,0.0,21.22,21.22,0.0
2003-12-20,6.747,6.747,0.0,14.08,14.08,0.0,20.69,20.69,0.0
2003-12-21,6.444,6.444,0.0,15.81,15.81,0.0,22.43,22.43,0.0
2003-12-22,7.188,7.188,0.0,16.39,16.39,0.0,26.21,26.21,0.0
2003-12-23,7.708,7.708,0.0,29.9,29.9,0.0,37.89,37.89,0.0
2003-12-24,7.465,7.465,0.0,17.38,17.38,0.0,24.94,24.94,0.0
2003-12-25,6.795,6.795,0.0,14.84,14.84,0.0,22.06,22.06,0.0
2003-12-26,6.575,6.575,0.0,13.98,13.98,0.0,20.76,20.76,0.0
2003-12-27,6.531,6.531,0.0,14.11,14.11,0.0,20.85,20.85,0.0
2003-12-28,6.797,6.797,0.0,14.36,14.36,0.0,21.33,21.33,0.0
2003-12-29,7.312,7.312,0.0,14.63,14.63,0.0,21.87,21.87,0.0
2003-12-30,7.85,7.85,0.0,15.09,15.09,0.0,22.72,22.72,0.0
2003-12-31,8.027,8.027,0.0,15.04,15.04,0.0,22.97,22.97,0.0
2004-01-01,7.368,7.368,0.0,15.54,15.54,0.0,23.51,23.51,0.0
2004-01-02,8.168,8.168,0.0,16.64,16.64,0.0,25.03,25.03,0.0
2004-01-03,8.28,8.28,0.0,17.13,17.13,0.0,25.08,25.08,0.0
2004-01-04,8.599,8.599,0.0,18.7,18.7,0.0,27.16,27.16,0.0
2004-01-05,8.349,8.349,0.0,19.81,19.81,0.0,28.43,28.43,0.0
2004-01-06,7.772,7.772,0.0,17.71,17.71,0.0,25.7,25.7,0.0
2004-01-07,7.899,7.899,0.0,17.51,17.51,0.0,25.32,25.32,0.0
2004-01-08,8.12,8.12,0.0,17.97,17.97,0.0,26.05,26.05,0.0
2004-01-09,7.958,7.958,0.0,18.39,18.39,0.0,26.4,26.4,0.0
2004-01-10,7.429,7.429,0.0,16.76,16.76,0.0,24.36,24.36,0.0
2004-01-11,7.535,7.535,0.0,16.78,16.78,0.0,24.38,24.38,0.0
2004-01-12,7.682,7.682,0.0,17.24,17.24,0.0,24.81,24.81,0.0
2004-01-13,7.553,7.553,0.0,17.54,17.54,0.0,25.11,25.11,0.0
2004-01-14,7.594,7.594,0.0,16.68,16.68,0.0,24.5,24.5,0.0
2004-01-15,7.175,7.175,0.0,16.38,16.38,0.0,23.59,23.59,0.0
2004-01-16,7.169,7.169,0.0,15.83,15.83,0.0,22.94,22.94,0.0
2004-01-17,7.298,7.298,0.0,16.21,16.21,0.0,23.55,23.55,0.0
2004-01-18,6.991,6.991,0.0,16.18,16.18,0.0,23.35,23.35,0.0
2004-01-19,6.841,6.841,0.0,15.4,15.4,0.0,22.24,22.24,0.0
2004-01-20,6.839,6.839,0.0,14.99,14.99,0.0,21.77,21.77,0.0
2004-01-21,6.879,6.879,0.0,15.07,15.07,0.0,21.9,21.9,0.0
2004-01-22,6.763,6.763,0.0,15.11,15.11,0.0,21.92,21.92,0.0
2004-01-23,6.586,6.586,0.0,15.14,15.14,0.0,22.02,22.02,0.0
2004-01-24,6.651,6.651,0.0,14.75,14.75,0.0,21.46,21.46,0.0
2004-01-25,6.725,6.725,0.0,14.71,14.71,0.0,21.67,21.67,0.0
2004-01-26,6.491,6.491,0.0,14.16,14.16,0.0,20.6,20.6,0.0
2004-01-27,6.38,6.38,0.0,14.47,14.47,0.0,21.09,21.09,0.0
2004-01-28,6.166,6.166,0.0,13.93,13.93,0.0,20.17,20.17,0.0
2004-01-29,6.193,6.193,0.0,13.54,13.54,0.0,19.73,19.73,0.0
2004-01-30,6.146,6.146,0.0,13.41,13.41,0.0,19.5,19.5,0.0
2004-01-31,6.036,6.036,0.0,13.38,13.38,0.0,19.4,19.4,0.0
2004-02-01,5.813,5.813,0.0,13.18,13.18,0.0,19.08,19.08,0.0
2004-02-02,6.028,6.028,0.0,13.3,13.3,0.0,19.47,19.47,0.0
2004-02-03,6.119,6.119,0.0,13.55,13.55,0.0,19.98,19.98,0.0
2004-02-04,5.798,5.798,0.0,12.7,12.7,0.0,18.46,18.46,0.0
2004-02-05,6.322,6.322,0.0,14.54,14.54,0.0,21.84,21.84,0.0
2004-02-06,5.975,5.975,0.0,14.13,14.13,0.0,20.83,20.83,0.0
2004-02-07,5.784,5.784,0.0,12.89,12.89,0.0,18.87,18.87,0.0
2004-02-08,5.47,5.47,0.0,12.03,12.03,0.0,17.46,17.46,0.0
2004-02-09,5.45,5.45,0.0,11.98,11.98,0.0,17.53,17.53,0.0
2004-02-10,5.818,5.818,0.0,12.98,12.98,0.0,19.63,19.63,0.0
2004-02-11,6.095,6.095,0.0,12.63,12.63,0.0,19.06,19.06,0.0
2004-02-12,6.748,6.748,0.0,14.44,14.44,0.0,22.32,22.32,0.0
2004-02-13,6.874,6.874,0.0,14.28,14.28,0.0,21.88,21.88,0.0
2004-02-14,5.383,5.383,0.0,12.85,12.85,0.0,18.97,18.97,0.0
2004-02-15,5.147,5.147,0.0,11.59,11.59,0.0,16.96,16.96,0.0
2004-02-16,5.029,5.029,0.0,11.33,11.33,0.0,16.61,16.61,0.0
2004-02-17,4.95,4.95,0.0,11.31,11.31,0.0,16.47,16.47,0.0
2004-02-18,6.173,6.173,0.0,13.65,13.65,0.0,20.25,20.25,0.0
2004-02-19,11.56,11.56,0.0,33.54,33.54,0.0,46.87,46.87,0.0
2004-02-20,14.46,14.46,0.0,40.6,40.6,0.0,51.08,51.08,0.0
2004-02-21,9.813,9.813,0.0,16.21,16.21,0.0,24.7,24.7,0.0
2004-02-22,8.02,8.02,0.0,13.62,13.62,0.0,20.9,20.9,0.0
2004-02-23,7.529,7.529,0.0,14.06,14.06,0.0,20.99,20.99,0.0
2004-02-24,7.771,7.771,0.0,13.3,13.3,0.0,19.95,19.95,0.0
2004-02-25,6.282,6.282,0.0,12.74,12.74,0.0,18.91,18.91,0.0
2004-02-26,6.009,6.009,0.0,12.69,12.69,0.0,18.8,18.8,0.0
2004-02-27,6.124,6.124,0.0,14.81,14.81,0.0,21.1,21.1,0.0
2004-02-28,6.847,6.847,0.0,22.49,22.49,0.0,29.33,29.33,0.0
2004-02-29,7.69,7.69,0.0,31.39,31.39,0.0,38.7,38.7,0.0
2004-03-01,7.862,7.862,0.0,31.03,31.03,0.0,38.6,38.6,0.0
2004-03-02,7.637,7.637,0.0,20.18,20.18,0.0,27.77,27.77,0.0
2004-03-03,8.135,8.135,0.0,20.76,20.76,0.0,28.89,28.89,0.0
2004-03-04,7.856,7.856,0.0,20.14,20.14,0.0,27.99,27.99,0.0
2004-03-05,8.387,8.387,0.0,23.89,23.89,0.0,32.52,32.52,0.0
2004-03-06,9.173,9.173,0.0,21.58,21.58,0.0,30.71,30.71,0.0
2004-03-07,9.055,9.055,0.0,20.49,20.49,0.0,29.62,29.62,0.0
2004-03-08,8.845,8.845,0.0,22.37,22.37,0.0,31.13,31.13,0.0
2004-03-09,8.095,8.095,0.0,23.05,23.05,0.0,31.45,31.45,0.0
2004-03-10,8.449,8.449,0.0,21.42,21.42,0.0,29.73,29.73,0.0
2004-03-11,8.456,8.456,0.0,20.46,20.46,0.0,28.8,28.8,0.0
2004-03-12,8.253,8.253,0.0,21.56,21.56,0.0,29.71,29.71,0.0
2004-03-13,8.062,8.062,0.0,22.12,22.12,0.0,30.26,30.26,0.0
2004-03-14,8.34,8.34,0.0,22.15,22.15,0.0,30.34,30.34,0.0
2004-03-15,9.038,9.038,0.0,22.19,22.19,0.0,31.26,31.26,0.0
2004-03-16,9.674,9.674,0.0,22.23,22.23,0.0,32.08,32.08,0.0
2004-03-17,9.631,9.631,0.0,22.62,22.62,0.0,32.37,32.37,0.0
2004-03-18,9.845,9.845,0.0,24.08,24.08,0.0,34.34,34.34,0.0
2004-03-19,9.234,9.234,0.0,24.59,24.59,0.0,33.92,33.92,0.0
2004-03-20,10.32,10.32,0.0,26.93,26.93,0.0,37.16,37.16,0.0
2004-03-21,10.03,10.03,0.0,23.91,23.91,0.0,33.89,33.89,0.0
2004-03-22,9.193,9.193,0.0,22.92,22.92,0.0,32.44,32.44,0.0
2004-03-23,8.913,8.913,0.0,23.85,23.85,0.0,32.93,32.93,0.0
2004-03-24,9.277,9.277,0.0,24.03,24.03,0.0,33.16,33.16,0.0
2004-03-25,9.364,9.364,0.0,22.76,22.76,0.0,32.03,32.03,0.0
2004-03-26,9.029,9.029,0.0,22.94,22.94,0.0,32.13,32.13,0.0
2004-03-27,8.563,8.563,0.0,23.34,23.34,0.0,32.12,32.12,0.0
2004-03-28,8.799,8.799,0.0,23.28,23.28,0.0,32.17,32.17,0.0
2004-03-29,8.911,8.911,0.0,22.7,22.7,0.0,31.47,31.47,0.0
2004-03-30,9.233,9.233,0.0,22.92,22.92,0.0,32.37,32.37,0.0
2004-03-31,9.252,9.252,0.0,22.85,22.85,0.0,32.24,32.24,0.0
2004-04-01,9.723,9.723,0.0,25.61,25.61,0.0,36.37,36.37,0.0
2004-04-02,8.827,8.827,0.0,25.02,25.02,0.0,34.67,34.67,0.0
2004-04-03,9.139,9.139,0.0,25.38,25.38,0.0,34.89,34.89,0.0
2004-04-04,9.376,9.376,0.0,24.99,24.99,0.0,34.62,34.62,0.0
2004-04-05,9.092,9.092,0.0,23.1,23.1,0.0,32.46,32.46,0.0
2004-04-06,8.35,8.35,0.0,24.13,24.13,0.0,33.02,33.02,0.0
2004-04-07,8.672,8.672,0.0,24.4,24.4,0.0,33.25,33.25,0.0
2004-04-08,8.816,8.816,0.0,24.14,24.14,0.0,33.33,33.33,0.0
2004-04-09,8.625,8.625,0.0,23.32,23.32,0.0,32.32,32.32,0.0
2004-04-10,8.783,8.783,0.0,23.52,23.52,0.0,32.7,32.7,0.0
2004-04-11,9.51,9.51,0.0,24.8,24.8,0.0,34.9,34.9,0.0
2004-04-12,11.73,11.73,0.0,27.8,27.8,0.0,40.06,40.06,0.0
2004-04-13,14.76,14.76,0.0,31.92,31.92,0.0,46.0,46.0,0.0
2004-04-14,11.54,11.54,0.0,28.25,28.25,0.0,39.75,39.75,0.0
2004-04-15,10.57,10.57,0.0,24.62,24.62,0.0,35.35,35.35,0.0
2004-04-16,10.39,10.39,0.0,25.93,25.93,0.0,36.63,36.63,0.0
2004-04-17,10.37,10.37,0.0,26.62,26.62,0.0,37.42,37.42,0.0
2004-04-18,10.46,10.46,0.0,25.65,25.65,0.0,36.4,36.4,0.0
2004-04-19,10.51,10.51,0.0,24.96,24.96,0.0,35.5,35.5,0.0
2004-04-20,9.854,9.854,0.0,25.02,25.02,0.0,35.23,35.23,0.0
2004-04-21,10.16,10.16,0.0,25.39,25.39,0.0,35.76,35.76,0.0
2004-04-22,10.31,10.31,0.0,25.53,25.53,0.0,35.85,35.85,0.0
2004-04-23,10.33,10.33,0.0,25.24,25.24,0.0,35.85,35.85,0.0
2004-04-24,10.71,10.71,0.0,25.36,25.36,0.0,36.16,36.16,0.0
2004-04-25,14.04,14.04,0.0,29.95,29.95,0.0,43.79,43.79,0.0
2004-04-26,14.12,14.12,0.0,29.67,29.67,0.0,43.24,43.24,0.0
2004-04-27,12.4,12.4,0.0,28.51,28.51,0.0,41.04,41.04,0.0
2004-04-28,11.49,11.49,0.0,27.58,27.58,0.0,39.06,39.06,0.0
2004-04-29,11.08,11.08,0.0,26.16,26.16,0.0,37.29,37.29,0.0
2004-04-30,11.58,11.58,0.0,26.36,26.36,0.0,37.87,37.87,0.0
2004-05-01,12.32,12.32,0.0,27.04,27.04,0.0,39.25,39.25,0.0
2004-05-02,14.13,14.13,0.0,29.35,29.35,0.0,43.52,43.52,0.0
2004-05-03,13.1,13.1,0.0,27.28,27.28,0.0,40.07,40.07,0.0
2004-05-04,12.62,12.62,0.0,26.5,26.5,0.0,38.63,38.63,0.0
2004-05-05,12.05,12.05,0.0,26.67,26.67,0.0,38.78,38.78,0.0
2004-05-06,12.17,12.17,0.0,26.97,26.97,0.0,39.1,39.1,0.0
2004-05-07,12.17,12.17,0.0,27.72,27.72,0.0,40.14,40.14,0.0
2004-05-08,11.74,11.74,0.0,25.85,25.85,0.0,37.25,37.25,0.0
2004-05-09,11.79,11.79,0.0,25.65,25.65,0.0,37.21,37.21,0.0
2004-05-10,11.66,11.66,0.0,25.47,25.47,0.0,37.02,37.02,0.0
2004-05-11,12.35,12.35,0.0,26.36,26.36,0.0,38.43,38.43,0.0
2004-05-12,11.8,11.8,0.0,26.19,26.19,0.0,37.85,37.85,0.0
2004-05-13,12.25,12.25,0.0,26.24,26.24,0.0,38.05,38.05,0.0
2004-05-14,12.03,12.03,0.0,26.11,26.11,0.0,38.28,38.28,0.0
2004-05-15,12.78,12.78,0.0,27.16,27.16,0.0,40.14,40.14,0.0
2004-05-16,12.84,12.84,0.0,27.05,27.05,0.0,40.1,40.1,0.0
2004-05-17,13.76,13.76,0.0,27.61,27.61,0.0,41.27,41.27,0.0
2004-05-18,13.72,13.72,0.0,29.31,29.31,0.0,43.32,43.32,0.0
2004-05-19,13.23,13.23,0.0,27.46,27.46,0.0,40.69,40.69,0.0
2004-05-20,13.38,13.38,0.0,27.03,27.03,0.0,40.49,40.49,0.0
2004-05-21,15.46,15.46,0.0,28.81,28.81,0.0,43.87,43.87,0.0
2004-05-22,13.58,13.58,0.0,28.58,28.58,0.0,42.34,42.34,0.0
2004-05-23,12.94,12.94,0.0,28.69,28.69,0.0,41.34,41.34,0.0
2004-05-24,12.75,12.75,0.0,26.3,26.3,0.0,39.03,39.03,0.0
2004-05-25,13.15,13.15,0.0,26.88,26.88,0.0,40.16,40.16,0.0
2004-05-26,13.56,13.56,0.0,27.86,27.86,0.0,41.56,41.56,0.0
2004-05-27,15.55,15.55,0.0,30.39,30.39,0.0,45.76,45.76,0.0
2004-05-28,13.86,13.86,0.0,29.13,29.13,0.0,42.4,42.4,0.0
2004-05-29,13.13,13.13,0.0,26.63,26.63,0.0,39.51,39.51,0.0
2004-05-30,13.41,13.41,0.0,26.85,26.85,0.0,39.97,39.97,0.0
2004-05-31,13.11,13.11,0.0,27.53,27.53,0.0,40.58,40.58,0.0
2004-06-01,12.5,12.5,0.0,27.53,27.53,0.0,39.75,39.75,0.0
2004-06-02,12.63,12.63,0.0,26.26,26.26,0.0,38.61,38.61,0.0
2004-06-03,12.77,12.77,0.0,25.74,25.74,0.0,38.15,38.15,0.0
2004-06-04,12.82,12.82,0.0,26.27,26.27,0.0,38.96,38.96,0.0
2004-06-05,12.73,12.73,0.0,26.14,26.14,0.0,38.29,38.29,0.0
2004-06-06,12.07,12.07,0.0,25.05,25.05,0.0,36.77,36.77,0.0
2004-06-07,12.1,12.1,0.0,24.68,24.68,0.0,36.42,36.42,0.0
2004-06-08,12.16,12.16,0.0,24.66,24.66,0.0,36.4,36.4,0.0
2004-06-09,11.88,11.88,0.0,24.69,24.69,0.0,36.24,36.24,0.0
2004-06-10,11.6,11.6,0.0,24.46,24.46,0.0,35.83,35.83,0.0
2004-06-11,12.25,12.25,0.0,25.95,25.95,0.0,38.81,38.81,0.0
2004-06-12,11.47,11.47,0.0,23.88,23.88,0.0,35.13,35.13,0.0
2004-06-13,11.48,11.48,0.0,23.83,23.83,0.0,34.98,34.98,0.0
2004-06-14,11.56,11.56,0.0,23.84,23.84,0.0,35.08,35.08,0.0
2004-06-15,11.18,11.18,0.0,23.86,23.86,0.0,34.83,34.83,0.0
2004-06-16,11.19,11.19,0.0,23.4,23.4,0.0,34.38,34.38,0.0
2004-06-17,11.27,11.27,0.0,24.19,24.19,0.0,35.61,35.61,0.0
2004-06-18,11.23,11.23,0.0,24.37,24.37,0.0,35.71,35.71,0.0
2004-06-19,10.83,10.83,0.0,23.67,23.67,0.0,34.11,34.11,0.0
2004-06-20,10.48,10.48,0.0,22.94,22.94,0.0,33.12,33.12,0.0
2004-06-21,10.32,10.32,0.0,22.42,22.42,0.0,32.52,32.52,0.0
2004-06-22,10.54,10.54,0.0,22.76,22.76,0.0,33.3,33.3,0.0
2004-06-23,10.24,10.24,0.0,22.32,22.32,0.0,32.2,32.2,0.0
2004-06-24,9.945,9.945,0.0,21.81,21.81,0.0,31.45,31.45,0.0
2004-06-25,9.949,9.949,0.0,21.77,21.77,0.0,31.65,31.65,0.0
2004-06-26,9.781,9.781,0.0,21.35,21.35,0.0,30.87,30.87,0.0
2004-06-27,9.736,9.736,0.0,21.15,21.15,0.0,30.59,30.59,0.0
2004-06-28,9.599,9.599,0.0,20.88,20.88,0.0,30.15,30.15,0.0
2004-06-29,9.32,9.32,0.0,20.66,20.66,0.0,29.68,29.68,0.0
2004-06-30,9.257,9.257,0.0,20.01,20.01,0.0,28.98,28.98,0.0
2004-07-01,9.183,9.183,0.0,19.88,19.88,0.0,28.74,28.74,0.0
2004-07-02,9.061,9.061,0.0,19.66,19.66,0.0,28.41,28.41,0.0
2004-07-03,8.981,8.981,0.0,19.79,19.79,0.0,28.59,28.59,0.0
2004-07-04,8.936,8.936,0.0,19.45,19.45,0.0,28.35,28.35,0.0
2004-07-05,8.75,8.75,0.0,19.01,19.01,0.0,27.57,27.57,0.0
2004-07-06,8.601,8.601,0.0,18.69,18.69,0.0,27.0,27.0,0.0
2004-07-07,8.566,8.566,0.0,18.76,18.76,0.0,27.13,27.13,0.0
2004-07-08,8.299,8.299,0.0,18.4,18.4,0.0,26.43,26.43,0.0
2004-07-09,8.263,8.263,0.0,17.84,17.84,0.0,25.82,25.82,0.0
2004-07-10,8.31,8.31,0.0,18.07,18.07,0.0,26.26,26.26,0.0
2004-07-11,8.086,8.086,0.0,17.66,17.66,0.0,25.47,25.47,0.0
2004-07-12,8.081,8.081,0.0,18.03,18.03,0.0,26.1,26.1,0.0
2004-07-13,7.885,7.885,0.0,17.48,17.48,0.0,25.15,25.15,0.0
2004-07-14,7.767,7.767,0.0,16.89,16.89,0.0,24.42,24.42,0.0
2004-07-15,7.683,7.683,0.0,16.71,16.71,0.0,24.1,24.1,0.0
2004-07-16,7.602,7.602,0.0,16.61,16.61,0.0,23.91,23.91,0.0
2004-07-17,7.448,7.448,0.0,16.57,16.57,0.0,23.82,23.82,0.0
2004-07-18,7.421,7.421,0.0,16.12,16.12,0.0,23.37,23.37,0.0
2004-07-19,7.28,7.28,0.0,15.89,15.89,0.0,22.91,22.91,0.0
2004-07-20,7.209,7.209,0.0,15.77,15.77,0.0,22.7,22.7,0.0
2004-07-21,7.051,7.051,0.0,15.6,15.6,0.0,22.41,22.41,0.0
2004-07-22,7.177,7.177,0.0,15.78,15.78,0.0,22.9,22.9,0.0
2004-07-23,7.055,7.055,0.0,15.32,15.32,0.0,22.26,22.26,0.0
2004-07-24,6.869,6.869,0.0,14.96,14.96,0.0,21.56,21.56,0.0
2004-07-25,6.775,6.775,0.0,14.81,14.81,0.0,21.33,21.33,0.0
2004-07-26,7.041,7.041,0.0,15.89,15.89,0.0,23.22,23.22,0.0
2004-07-27,6.651,6.651,0.0,14.61,14.61,0.0,21.09,21.09,0.0
2004-07-28,6.545,6.545,0.0,14.33,14.33,0.0,20.65,20.65,0.0
2004-07-29,6.476,6.476,0.0,14.21,14.21,0.0,20.45,20.45,0.0
2004-07-30,6.415,6.415,0.0,14.19,14.19,0.0,20.44,20.44,0.0
2004-07-31,6.501,6.501,0.0,14.47,14.47,0.0,21.04,21.04,0.0
2004-08-01,6.226,6.226,0.0,13.65,13.65,0.0,19.67,19.67,0.0
2004-08-02,6.168,6.168,0.0,13.54,13.54,0.0,19.48,19.48,0.0
2004-08-03,6.085,6.085,0.0,13.41,13.41,0.0,19.28,19.28,0.0
2004-08-04,6.066,6.066,0.0,13.53,13.53,0.0,19.51,19.51,0.0
2004-08-05,5.93,5.93,0.0,13.05,13.05,0.0,18.77,18.77,0.0
2004-08-06,5.862,5.862,0.0,12.84,12.84,0.0,18.48,18.48,0.0
2004-08-07,5.786,5.786,0.0,12.73,12.73,0.0,18.3,18.3,0.0
2004-08-08,5.712,5.712,0.0,12.56,12.56,0.0,18.06,18.06,0.0
2004-08-09,5.612,5.612,0.0,12.43,12.43,0.0,17.83,17.83,0.0
2004-08-10,5.555,5.555,0.0,12.22,12.22,0.0,17.57,17.57,0.0
2004-08-11,6.258,6.258,0.0,12.18,12.18,0.0,18.15,18.15,0.0
2004-08-12,6.178,6.178,0.0,12.91,12.91,0.0,19.21,19.21,0.0
2004-08-13,5.765,5.765,0.0,11.93,11.93,0.0,17.43,17.43,0.0
2004-08-14,5.658,5.658,0.0,11.79,11.79,0.0,17.2,17.2,0.0
2004-08-15,5.623,5.623,0.0,11.72,11.72,0.0,17.11,17.11,0.0
2004-08-16,5.542,5.542,0.0,11.54,11.54,0.0,16.82,16.82,0.0
2004-08-17,5.472,5.472,0.0,11.39,11.39,0.0,16.61,16.61,0.0
2004-08-18,5.405,5.405,0.0,11.21,11.21,0.0,16.35,16.35,0.0
2004-08-19,5.371,5.371,0.0,11.27,11.27,0.0,16.48,16.48,0.0
2004-08-20,5.374,5.374,0.0,11.23,11.23,0.0,16.5,16.5,0.0
2004-08-21,5.465,5.465,0.0,11.49,11.49,0.0,17.01,17.01,0.0
2004-08-22,5.172,5.172,0.0,10.74,10.74,0.0,15.67,15.67,0.0
2004-08-23,5.079,5.079,0.0,10.6,10.6,0.0,15.44,15.44,0.0
2004-08-24,5.028,5.028,0.0,10.45,10.45,0.0,15.24,15.24,0.0
2004-08-25,4.973,4.973,0.0,10.32,10.32,0.0,15.06,15.06,0.0
2004-08-26,4.913,4.913,0.0,10.19,10.19,0.0,14.87,14.87,0.0
2004-08-27,4.848,4.848,0.0,10.05,10.05,0.0,14.66,14.66,0.0
2004-08-28,4.762,4.762,0.0,9.913,9.913,0.0,14.46,14.46,0.0
2004-08-29,4.773,4.773,0.0,9.953,9.953,0.0,14.58,14.58,0.0
2004-08-30,4.793,4.793,0.0,10.05,10.05,0.0,14.8,14.8,0.0
2004-08-31,4.604,4.604,0.0,9.559,9.559,0.0,13.95,13.95,0.0
2004-09-01,4.526,4.526,0.0,9.439,9.439,0.0,13.75,13.75,0.0
2004-09-02,4.478,4.478,0.0,9.307,9.307,0.0,13.57,13.57,0.0
2004-09-03,4.426,4.426,0.0,9.196,9.196,0.0,13.41,13.41,0.0
2004-09-04,4.373,4.373,0.0,9.076,9.076,0.0,13.24,13.24,0.0
2004-09-05,4.364,4.364,0.0,9.072,9.072,0.0,13.29,13.29,0.0
2004-09-06,4.302,4.302,0.0,8.985,8.985,0.0,13.15,13.15,0.0
2004-09-07,6.352,6.352,0.0,11.37,11.37,0.0,19.41,19.41,0.0
2004-09-08,9.181,9.181,0.0,14.03,14.03,0.0,23.39,23.39,0.0
2004-09-09,5.903,5.903,0.0,11.7,11.7,0.0,17.85,17.85,0.0
2004-09-10,5.354,5.354,0.0,10.4,10.4,0.0,15.46,15.46,0.0
2004-09-11,5.263,5.263,0.0,10.25,10.25,0.0,15.22,15.22,0.0
2004-09-12,5.209,5.209,0.0,10.11,10.11,0.0,15.04,15.04,0.0
2004-09-13,5.141,5.141,0.0,9.949,9.949,0.0,14.81,14.81,0.0
2004-09-14,5.079,5.079,0.0,9.849,9.849,0.0,14.65,14.65,0.0
2004-09-15,5.018,5.018,0.0,9.735,9.735,0.0,14.47,14.47,0.0
2004-09-16,5.306,5.306,0.0,10.04,10.04,0.0,15.22,15.22,0.0
2004-09-17,6.607,6.607,0.0,11.94,11.94,0.0,18.74,18.74,0.0
2004-09-18,5.705,5.705,0.0,10.65,10.65,0.0,16.2,16.2,0.0
2004-09-19,5.485,5.485,0.0,10.07,10.07,0.0,15.19,15.19,0.0
2004-09-20,5.419,5.419,0.0,9.965,9.965,0.0,15.03,15.03,0.0
2004-09-21,5.304,5.304,0.0,9.834,9.834,0.0,14.8,14.8,0.0
2004-09-22,5.25,5.25,0.0,9.681,9.681,0.0,14.6,14.6,0.0
2004-09-23,5.196,5.196,0.0,9.541,9.541,0.0,14.4,14.4,0.0
2004-09-24,5.132,5.132,0.0,9.449,9.449,0.0,14.25,14.25,0.0
2004-09-25,5.073,5.073,0.0,9.327,9.327,0.0,14.06,14.06,0.0
2004-09-26,5.058,5.058,0.0,9.188,9.188,0.0,13.91,13.91,0.0
2004-09-27,8.158,8.158,0.0,12.43,12.43,0.0,22.24,22.24,0.0
2004-09-28,8.414,8.414,0.0,14.4,14.4,0.0,23.05,23.05,0.0
2004-09-29,7.246,7.246,0.0,11.64,11.64,0.0,18.41,18.41,0.0
2004-09-30,7.163,7.163,0.0,11.51,11.51,0.0,18.17,18.17,0.0
2004-10-01,7.085,7.085,0.0,11.43,11.43,0.0,17.9,17.9,0.0
2004-10-02,6.555,6.555,0.0,11.16,11.16,0.0,17.45,17.45,0.0
2004-10-03,6.578,6.578,0.0,10.57,10.57,0.0,16.74,16.74,0.0
2004-10-04,6.635,6.635,0.0,10.74,10.74,0.0,16.93,16.93,0.0
2004-10-05,6.535,6.535,0.0,10.77,10.77,0.0,16.82,16.82,0.0
2004-10-06,6.522,6.522,0.0,10.33,10.33,0.0,16.35,16.35,0.0
2004-10-07,6.354,6.354,0.0,10.24,10.24,0.0,16.16,16.16,0.0
2004-10-08,6.238,6.238,0.0,10.31,10.31,0.0,16.15,16.15,0.0
2004-10-09,6.248,6.248,0.0,10.28,10.28,0.0,16.1,16.1,0.0
2004-10-10,6.143,6.143,0.0,10.12,10.12,0.0,15.81,15.81,0.0
2004-10-11,6.037,6.037,0.0,9.688,9.688,0.0,15.29,15.29,0.0
2004-10-12,5.95,5.95,0.0,9.807,9.807,0.0,15.4,15.4,0.0
2004-10-13,6.037,6.037,0.0,10.01,10.01,0.0,15.72,15.72,0.0
2004-10-14,5.914,5.914,0.0,9.852,9.852,0.0,15.36,15.36,0.0
2004-10-15,5.927,5.927,0.0,9.861,9.861,0.0,15.46,15.46,0.0
2004-10-16,5.943,5.943,0.0,10.25,10.25,0.0,15.89,15.89,0.0
2004-10-17,5.644,5.644,0.0,9.729,9.729,0.0,14.99,14.99,0.0
2004-10-18,5.71,5.71,0.0,10.04,10.04,0.0,15.43,15.43,0.0
2004-10-19,5.799,5.799,0.0,10.26,10.26,0.0,15.65,15.65,0.0
2004-10-20,6.086,6.086,0.0,11.13,11.13,0.0,17.05,17.05,0.0
2004-10-21,5.957,5.957,0.0,10.71,10.71,0.0,16.26,16.26,0.0
2004-10-22,5.811,5.811,0.0,10.17,10.17,0.0,15.56,15.56,0.0
2004-10-23,5.764,5.764,0.0,10.56,10.56,0.0,16.15,16.15,0.0
2004-10-24,5.705,5.705,0.0,10.68,10.68,0.0,16.1,16.1,0.0
2004-10-25,5.652,5.652,0.0,10.52,10.52,0.0,15.77,15.77,0.0
2004-10-26,5.573,5.573,0.0,10.55,10.55,0.0,15.73,15.73,0.0
2004-10-27,5.481,5.481,0.0,10.34,10.34,0.0,15.61,15.61,0.0
2004-10-28,5.405,5.405,0.0,10.03,10.03,0.0,15.09,15.09,0.0
2004-10-29,5.698,5.698,0.0,11.22,11.22,0.0,16.92,16.92,0.0
2004-10-30,5.472,5.472,0.0,10.65,10.65,0.0,15.86,15.86,0.0
2004-10-31,5.372,5.372,0.0,10.55,10.55,0.0,15.7,15.7,0.0
2004-11-01,5.147,5.147,0.0,9.863,9.863,0.0,14.81,14.81,0.0
2004-11-02,5.364,5.364,0.0,10.86,10.86,0.0,16.2,16.2,0.0
2004-11-03,5.818,5.818,0.0,11.41,11.41,0.0,17.16,17.16,0.0
2004-11-04,6.314,6.314,0.0,13.89,13.89,0.0,20.56,20.56,0.0
2004-11-05,5.925,5.925,0.0,12.91,12.91,0.0,18.71,18.71,0.0
2004-11-06,5.66,5.66,0.0,12.51,12.51,0.0,18.16,18.16,0.0
2004-11-07,5.615,5.615,0.0,11.2,11.2,0.0,16.54,16.54,0.0
2004-11-08,5.44,5.44,0.0,11.84,11.84,0.0,17.14,17.14,0.0
2004-11-09,5.507,5.507,0.0,12.11,12.11,0.0,17.48,17.48,0.0
2004-11-10,5.418,5.418,0.0,12.14,12.14,0.0,17.44,17.44,0.0
2004-11-11,6.055,6.055,0.0,12.9,12.9,0.0,19.05,19.05,0.0
2004-11-12,6.077,6.077,0.0,13.62,13.62,0.0,19.81,19.81,0.0
2004-11-13,5.869,5.869,0.0,11.87,11.87,0.0,17.57,17.57,0.0
2004-11-14,5.683,5.683,0.0,12.49,12.49,0.0,18.03,18.03,0.0
2004-11-15,5.629,5.629,0.0,12.73,12.73,0.0,18.24,18.24,0.0
2004-11-16,5.692,5.692,0.0,12.45,12.45,0.0,18.01,18.01,0.0
2004-11-17,5.742,5.742,0.0,12.51,12.51,0.0,18.32,18.32,0.0
2004-11-18,5.786,5.786,0.0,12.76,12.76,0.0,18.6,18.6,0.0
2004-11-19,6.145,6.145,0.0,13.24,13.24,0.0,19.28,19.28,0.0
2004-11-20,6.052,6.052,0.0,13.62,13.62,0.0,19.51,19.51,0.0
2004-11-21,5.774,5.774,0.0,13.44,13.44,0.0,19.19,19.19,0.0
2004-11-22,5.826,5.826,0.0,13.01,13.01,0.0,18.92,18.92,0.0
2004-11-23,6.18,6.18,0.0,13.58,13.58,0.0,19.88,19.88,0.0
2004-11-24,6.7,6.7,0.0,15.54,15.54,0.0,22.49,22.49,0.0
2004-11-25,6.736,6.736,0.0,15.08,15.08,0.0,21.89,21.89,0.0
2004-11-26,6.887,6.887,0.0,15.07,15.07,0.0,21.67,21.67,0.0
2004-11-27,7.449,7.449,0.0,15.32,15.32,0.0,22.37,22.37,0.0
2004-11-28,6.426,6.426,0.0,14.15,14.15,0.0,20.75,20.75,0.0
2004-11-29,6.883,6.883,0.0,14.85,14.85,0.0,21.73,21.73,0.0
2004-11-30,8.548,8.548,0.0,17.48,17.48,0.0,26.05,26.05,0.0
2004-12-01,8.2,8.2,0.0,16.42,16.42,0.0,24.22,24.22,0.0
2004-12-02,8.168,8.168,0.0,15.95,15.95,0.0,23.44,23.44,0.0
2004-12-03,6.972,6.972,0.0,14.89,14.89,0.0,21.97,21.97,0.0
2004-12-04,7.311,7.311,0.0,15.62,15.62,0.0,22.89,22.89,0.0
2004-12-05,7.772,7.772,0.0,15.79,15.79,0.0,23.26,23.26,0.0
2004-12-06,8.296,8.296,0.0,16.66,16.66,0.0,24.73,24.73,0.0
2004-12-07,8.267,8.267,0.0,17.43,17.43,0.0,25.52,25.52,0.0
2004-12-08,8.215,8.215,0.0,15.23,15.23,0.0,23.33,23.33,0.0
2004-12-09,9.53,9.53,0.0,17.53,17.53,0.0,26.67,26.67,0.0
2004-12-10,9.615,9.615,0.0,17.93,17.93,0.0,27.1,27.1,0.0
2004-12-11,9.287,9.287,0.0,18.1,18.1,0.0,27.15,27.15,0.0
2004-12-12,9.094,9.094,0.0,18.14,18.14,0.0,27.08,27.08,0.0
2004-12-13,8.823,8.823,0.0,16.29,16.29,0.0,25.09,25.09,0.0
2004-12-14,8.84,8.84,0.0,17.12,17.12,0.0,25.72,25.72,0.0
2004-12-15,8.683,8.683,0.0,16.92,16.92,0.0,25.14,25.14,0.0
2004-12-16,8.41,8.41,0.0,17.31,17.31,0.0,25.45,25.45,0.0
2004-12-17,8.506,8.506,0.0,15.79,15.79,0.0,24.06,24.06,0.0
2004-12-18,8.452,8.452,0.0,16.44,16.44,0.0,24.7,24.7,0.0
2004-12-19,8.382,8.382,0.0,16.86,16.86,0.0,25.03,25.03,0.0
2004-12-20,8.403,8.403,0.0,16.37,16.37,0.0,24.33,24.33,0.0
2004-12-21,8.056,8.056,0.0,15.53,15.53,0.0,23.3,23.3,0.0
2004-12-22,8.18,8.18,0.0,18.16,18.16,0.0,26.54,26.54,0.0
2004-12-23,9.74,9.74,0.0,17.94,17.94,0.0,27.18,27.18,0.0
2004-12-24,8.038,8.038,0.0,15.7,15.7,0.0,23.35,23.35,0.0
2004-12-25,7.699,7.699,0.0,15.25,15.25,0.0,22.68,22.68,0.0
2004-12-26,7.676,7.676,0.0,14.66,14.66,0.0,22.11,22.11,0.0
2004-12-27,7.599,7.599,0.0,14.84,14.84,0.0,22.25,22.25,0.0
2004-12-28,7.476,7.476,0.0,14.59,14.59,0.0,21.84,21.84,0.0
2004-12-29,7.402,7.402,0.0,14.37,14.37,0.0,21.42,21.42,0.0
2004-12-30,7.313,7.313,0.0,14.19,14.19,0.0,21.25,21.25,0.0
2004-12-31,7.178,7.178,0.0,14.22,14.22,0.0,21.23,21.23,0.0
2005-01-01,7.102,7.102,0.0,14.4,14.4,0.0,21.39,21.39,0.0
2005-01-02,7.408,7.408,0.0,14.45,14.45,0.0,21.66,21.66,0.0
2005-01-03,8.088,8.088,0.0,15.71,15.71,0.0,23.79,23.79,0.0
2005-01-04,8.372,8.372,0.0,16.2,16.2,0.0,24.63,24.63,0.0
2005-01-05,8.156,8.156,0.0,16.77,16.77,0.0,24.77,24.77,0.0
2005-01-06,8.171,8.171,0.0,17.18,17.18,0.0,25.13,25.13,0.0
2005-01-07,7.995,7.995,0.0,16.72,16.72,0.0,24.84,24.84,0.0
2005-01-08,7.91,7.91,0.0,17.19,17.19,0.0,25.24,25.24,0.0
2005-01-09,8.016,8.016,0.0,15.78,15.78,0.0,23.79,23.79,0.0
2005-01-10,7.872,7.872,0.0,16.4,16.4,0.0,23.93,23.93,0.0
2005-01-11,7.662,7.662,0.0,17.51,17.51,0.0,25.4,25.4,0.0
2005-01-12,7.792,7.792,0.0,16.81,16.81,0.0,24.74,24.74,0.0
2005-01-13,9.286,9.286,0.0,19.23,19.23,0.0,28.67,28.67,0.0
2005-01-14,8.848,8.848,0.0,17.82,17.82,0.0,26.59,26.59,0.0
2005-01-15,8.56,8.56,0.0,17.44,17.44,0.0,25.74,25.74,0.0
2005-01-16,7.943,7.943,0.0,17.9,17.9,0.0,26.02,26.02,0.0
2005-01-17,8.231,8.231,0.0,17.35,17.35,0.0,25.57,25.57,0.0
2005-01-18,8.311,8.311,0.0,17.58,17.58,0.0,25.8,25.8,0.0
2005-01-19,8.013,8.013,0.0,16.54,16.54,0.0,24.58,24.58,0.0
2005-01-20,7.805,7.805,0.0,16.65,16.65,0.0,24.33,24.33,0.0
2005-01-21,7.838,7.838,0.0,16.53,16.53,0.0,24.32,24.32,0.0
2005-01-22,8.083,8.083,0.0,16.82,16.82,0.0,25.06,25.06,0.0
2005-01-23,7.732,7.732,0.0,16.24,16.24,0.0,23.87,23.87,0.0
2005-01-24,7.602,7.602,0.0,15.58,15.58,0.0,22.94,22.94,0.0
2005-01-25,7.307,7.307,0.0,15.5,15.5,0.0,22.89,22.89,0.0
2005-01-26,7.485,7.485,0.0,17.3,17.3,0.0,25.94,25.94,0.0
2005-01-27,7.314,7.314,0.0,15.45,15.45,0.0,22.8,22.8,0.0
2005-01-28,7.224,7.224,0.0,14.92,14.92,0.0,21.9,21.9,0.0
2005-01-29,7.017,7.017,0.0,14.68,14.68,0.0,21.71,21.71,0.0
2005-01-30,7.058,7.058,0.0,14.49,14.49,0.0,21.46,21.46,0.0
2005-01-31,6.968,6.968,0.0,14.53,14.53,0.0,21.43,21.43,0.0
2005-02-01,7.321,7.321,0.0,15.23,15.23,0.0,22.25,22.25,0.0
2005-02-02,6.945,6.945,0.0,14.41,14.41,0.0,21.13,21.13,0.0
2005-02-03,6.655,6.655,0.0,14.07,14.07,0.0,20.73,20.73,0.0
2005-02-04,7.429,7.429,0.0,13.95,13.95,0.0,21.27,21.27,0.0
2005-02-05,6.952,6.952,0.0,15.98,15.98,0.0,22.99,22.99,0.0
2005-02-06,6.491,6.491,0.0,20.01,20.01,0.0,26.34,26.34,0.0
2005-02-07,6.318,6.318,0.0,14.31,14.31,0.0,20.53,20.53,0.0
2005-02-08,6.33,6.33,0.0,13.61,13.61,0.0,19.94,19.94,0.0
2005-02-09,6.823,6.823,0.0,17.11,17.11,0.0,24.5,24.5,0.0
2005-02-10,6.383,6.383,0.0,14.7,14.7,0.0,21.4,21.4,0.0
2005-02-11,6.127,6.127,0.0,14.23,14.23,0.0,20.51,20.51,0.0
2005-02-12,6.024,6.024,0.0,13.38,13.38,0.0,19.62,19.62,0.0
2005-02-13,6.097,6.097,0.0,13.61,13.61,0.0,19.87,19.87,0.0
2005-02-14,6.373,6.373,0.0,14.35,14.35,0.0,20.83,20.83,0.0
2005-02-15,6.359,6.359,0.0,14.07,14.07,0.0,20.5,20.5,0.0
2005-02-16,6.855,6.855,0.0,14.81,14.81,0.0,21.7,21.7,0.0
2005-02-17,6.889,6.889,0.0,14.02,14.02,0.0,20.72,20.72,0.0
2005-02-18,6.591,6.591,0.0,13.93,13.93,0.0,20.41,20.41,0.0
2005-02-19,6.19,6.19,0.0,13.07,13.07,0.0,19.32,19.32,0.0
2005-02-20,6.48,6.48,0.0,13.88,13.88,0.0,20.55,20.55,0.0
2005-02-21,7.679,7.679,0.0,16.29,16.29,0.0,23.51,23.51,0.0
2005-02-22,6.856,6.856,0.0,13.58,13.58,0.0,20.19,20.19,0.0
2005-02-23,7.285,7.285,0.0,13.47,13.47,0.0,20.71,20.71,0.0
2005-02-24,7.154,7.154,0.0,13.65,13.65,0.0,20.99,20.99,0.0
2005-02-25,6.559,6.559,0.0,13.39,13.39,0.0,20.22,20.22,0.0
2005-02-26,6.721,6.721,0.0,13.52,13.52,0.0,20.34,20.34,0.0
2005-02-27,6.83,6.83,0.0,13.11,13.11,0.0,19.83,19.83,0.0
2005-02-28,6.557,6.557,0.0,12.54,12.54,0.0,19.3,19.3,0.0
2005-03-01,6.646,6.646,0.0,12.97,12.97,0.0,19.85,19.85,0.0
2005-03-02,6.482,6.482,0.0,12.89,12.89,0.0,19.61,19.61,0.0
2005-03-03,6.431,6.431,0.0,12.24,12.24,0.0,18.51,18.51,0.0
2005-03-04,6.309,6.309,0.0,11.94,11.94,0.0,18.49,18.49,0.0
2005-03-05,8.19,8.19,0.0,13.21,13.21,0.0,21.38,21.38,0.0
2005-03-06,11.93,11.93,0.0,23.64,23.64,0.0,34.91,34.91,0.0
2005-03-07,9.73,9.73,0.0,36.59,36.59,0.0,45.32,45.32,0.0
2005-03-08,6.746,6.746,0.0,15.73,15.73,0.0,22.76,22.76,0.0
2005-03-09,6.106,6.106,0.0,13.4,13.4,0.0,19.57,19.57,0.0
2005-03-10,6.152,6.152,0.0,12.21,12.21,0.0,18.43,18.43,0.0
2005-03-11,6.332,6.332,0.0,13.0,13.0,0.0,19.74,19.74,0.0
2005-03-12,6.601,6.601,0.0,14.76,14.76,0.0,22.01,22.01,0.0
2005-03-13,7.714,7.714,0.0,12.78,12.78,0.0,19.96,19.96,0.0
2005-03-14,6.717,6.717,0.0,12.63,12.63,0.0,19.24,19.24,0.0
2005-03-15,6.595,6.595,0.0,12.58,12.58,0.0,19.18,19.18,0.0
2005-03-16,6.993,6.993,0.0,12.07,12.07,0.0,18.77,18.77,0.0
2005-03-17,7.161,7.161,0.0,14.78,14.78,0.0,21.88,21.88,0.0
2005-03-18,7.389,7.389,0.0,18.1,18.1,0.0,25.61,25.61,0.0
2005-03-19,7.892,7.892,0.0,16.91,16.91,0.0,24.77,24.77,0.0
2005-03-20,7.924,7.924,0.0,16.59,16.59,0.0,24.22,24.22,0.0
2005-03-21,7.15,7.15,0.0,15.31,15.31,0.0,22.41,22.41,0.0
2005-03-22,8.091,8.091,0.0,17.1,17.1,0.0,25.4,25.4,0.0
2005-03-23,9.875,9.875,0.0,25.41,25.41,0.0,35.32,35.32,0.0
2005-03-24,9.368,9.368,0.0,20.77,20.77,0.0,30.35,30.35,0.0
2005-03-25,9.407,9.407,0.0,18.05,18.05,0.0,27.64,27.64,0.0
2005-03-26,8.844,8.844,0.0,17.87,17.87,0.0,26.56,26.56,0.0
2005-03-27,10.08,10.08,0.0,21.69,21.69,0.0,32.04,32.04,0.0
2005-03-28,13.32,13.32,0.0,27.66,27.66,0.0,40.76,40.76,0.0
2005-03-29,10.2,10.2,0.0,24.43,24.43,0.0,35.31,35.31,0.0
2005-03-30,10.33,10.33,0.0,21.41,21.41,0.0,32.23,32.23,0.0
2005-03-31,9.83,9.83,0.0,20.82,20.82,0.0,30.57,30.57,0.0
2005-04-01,11.41,11.41,0.0,23.8,23.8,0.0,35.6,35.6,0.0
2005-04-02,13.53,13.53,0.0,26.14,26.14,0.0,39.63,39.63,0.0
2005-04-03,11.68,11.68,0.0,23.73,23.73,0.0,35.86,35.86,0.0
2005-04-04,10.54,10.54,0.0,23.44,23.44,0.0,34.57,34.57,0.0
2005-04-05,10.95,10.95,0.0,23.16,23.16,0.0,34.09,34.09,0.0
2005-04-06,10.99,10.99,0.0,23.95,23.95,0.0,35.16,35.16,0.0
2005-04-07,12.37,12.37,0.0,25.9,25.9,0.0,38.71,38.71,0.0
2005-04-08,12.07,12.07,0.0,23.12,23.12,0.0,35.41,35.41,0.0
2005-04-09,10.97,10.97,0.0,23.76,23.76,0.0,34.91,34.91,0.0
2005-04-10,11.21,11.21,0.0,23.7,23.7,0.0,34.98,34.98,0.0
2005-04-11,11.14,11.14,0.0,24.14,24.14,0.0,35.53,35.53,0.0
2005-04-12,11.29,11.29,0.0,22.75,22.75,0.0,34.04,34.04,0.0
2005-04-13,10.75,10.75,0.0,22.91,22.91,0.0,33.9,33.9,0.0
2005-04-14,10.61,10.61,0.0,22.53,22.53,0.0,33.29,33.29,0.0
2005-04-15,10.59,10.59,0.0,22.91,22.91,0.0,33.73,33.73,0.0
2005-04-16,10.71,10.71,0.0,22.41,22.41,0.0,33.29,33.29,0.0
2005-04-17,10.5,10.5,0.0,21.69,21.69,0.0,32.28,32.28,0.0
2005-04-18,10.14,10.14,0.0,21.4,21.4,0.0,31.58,31.58,0.0
2005-04-19,10.01,10.01,0.0,21.73,21.73,0.0,31.93,31.93,0.0
2005-04-20,10.14,10.14,0.0,21.35,21.35,0.0,31.63,31.63,0.0
2005-04-21,11.66,11.66,0.0,22.36,22.36,0.0,34.12,34.12,0.0
2005-04-22,12.62,12.62,0.0,23.97,23.97,0.0,36.76,36.76,0.0
2005-04-23,12.44,12.44,0.0,23.57,23.57,0.0,35.98,35.98,0.0
2005-04-24,11.48,11.48,0.0,24.62,24.62,0.0,36.34,36.34,0.0
2005-04-25,11.0,11.0,0.0,23.52,23.52,0.0,34.53,34.53,0.0
2005-04-26,11.53,11.53,0.0,23.39,23.39,0.0,34.89,34.89,0.0
2005-04-27,11.6,11.6,0.0,23.77,23.77,0.0,35.26,35.26,0.0
2005-04-28,11.05,11.05,0.0,23.15,23.15,0.0,34.17,34.17,0.0
2005-04-29,12.59,12.59,0.0,25.27,25.27,0.0,37.87,37.87,0.0
2005-04-30,13.71,13.71,0.0,26.16,26.16,0.0,39.97,39.97,0.0
2005-05-01,12.04,12.04,0.0,25.68,25.68,0.0,37.84,37.84,0.0
2005-05-02,12.37,12.37,0.0,24.69,24.69,0.0,37.18,37.18,0.0
2005-05-03,11.74,11.74,0.0,24.32,24.32,0.0,35.98,35.98,0.0
2005-05-04,11.66,11.66,0.0,24.85,24.85,0.0,36.47,36.47,0.0
2005-05-05,11.46,11.46,0.0,24.18,24.18,0.0,35.57,35.57,0.0
2005-05-06,11.65,11.65,0.0,23.71,23.71,0.0,35.28,35.28,0.0
2005-05-07,11.27,11.27,0.0,23.17,23.17,0.0,34.6,34.6,0.0
2005-05-08,11.4,11.4,0.0,23.55,23.55,0.0,34.88,34.88,0.0
2005-05-09,10.87,10.87,0.0,23.03,23.03,0.0,33.79,33.79,0.0
2005-05-10,11.07,11.07,0.0,23.38,23.38,0.0,34.38,34.38,0.0
2005-05-11,11.12,11.12,0.0,22.49,22.49,0.0,33.59,33.59,0.0
2005-05-12,10.5,10.5,0.0,22.45,22.45,0.0,33.04,33.04,0.0
2005-05-13,10.55,10.55,0.0,22.24,22.24,0.0,32.57,32.57,0.0
2005-05-14,10.64,10.64,0.0,22.99,22.99,0.0,33.74,33.74,0.0
2005-05-15,10.56,10.56,0.0,22.28,22.28,0.0,32.79,32.79,0.0
2005-05-16,10.23,10.23,0.0,21.93,21.93,0.0,32.18,32.18,0.0
2005-05-17,10.14,10.14,0.0,21.85,21.85,0.0,32.03,32.03,0.0
2005-05-18,9.948,9.948,0.0,21.52,21.52,0.0,31.33,31.33,0.0
2005-05-19,12.08,12.08,0.0,25.04,25.04,0.0,37.75,37.75,0.0
2005-05-20,12.28,12.28,0.0,25.61,25.61,0.0,38.29,38.29,0.0
2005-05-21,11.86,11.86,0.0,24.6,24.6,0.0,36.59,36.59,0.0
2005-05-22,11.76,11.76,0.0,22.73,22.73,0.0,34.61,34.61,0.0
2005-05-23,11.46,11.46,0.0,25.42,25.42,0.0,37.97,37.97,0.0
2005-05-24,11.39,11.39,0.0,24.94,24.94,0.0,36.56,36.56,0.0
2005-05-25,11.54,11.54,0.0,25.06,25.06,0.0,36.81,36.81,0.0
2005-05-26,11.58,11.58,0.0,24.84,24.84,0.0,36.69,36.69,0.0
2005-05-27,11.07,11.07,0.0,23.04,23.04,0.0,34.33,34.33,0.0
2005-05-28,10.69,10.69,0.0,23.25,23.25,0.0,34.32,34.32,0.0
2005-05-29,10.88,10.88,0.0,23.6,23.6,0.0,34.76,34.76,0.0
2005-05-30,10.96,10.96,0.0,23.03,23.03,0.0,34.3,34.3,0.0
2005-05-31,10.52,10.52,0.0,22.46,22.46,0.0,33.45,33.45,0.0
2005-06-01,10.22,10.22,0.0,22.74,22.74,0.0,33.29,33.29,0.0
2005-06-02,10.46,10.46,0.0,22.62,22.62,0.0,33.27,33.27,0.0
2005-06-03,10.47,10.47,0.0,22.67,22.67,0.0,33.27,33.27,0.0
2005-06-04,10.23,10.23,0.0,21.76,21.76,0.0,32.25,32.25,0.0
2005-06-05,9.834,9.834,0.0,21.48,21.48,0.0,31.55,31.55,0.0
2005-06-06,9.867,9.867,0.0,21.37,21.37,0.0,31.34,31.34,0.0
2005-06-07,9.916,9.916,0.0,21.52,21.52,0.0,31.56,31.56,0.0
2005-06-08,9.914,9.914,0.0,21.1,21.1,0.0,31.18,31.18,0.0
2005-06-09,9.5,9.5,0.0,21.13,21.13,0.0,30.96,30.96,0.0
2005-06-10,9.378,9.378,0.0,20.63,20.63,0.0,30.19,30.19,0.0
2005-06-11,9.397,9.397,0.0,20.24,20.24,0.0,29.76,29.76,0.0
2005-06-12,9.378,9.378,0.0,20.03,20.03,0.0,29.52,29.52,0.0
2005-06-13,9.346,9.346,0.0,19.9,19.9,0.0,29.41,29.41,0.0
2005-06-14,8.847,8.847,0.0,19.74,19.74,0.0,28.83,28.83,0.0
2005-06-15,8.826,8.826,0.0,19.15,19.15,0.0,28.07,28.07,0.0
2005-06-16,8.915,8.915,0.0,19.16,19.16,0.0,28.24,28.24,0.0
2005-06-17,8.808,8.808,0.0,18.8,18.8,0.0,27.69,27.69,0.0
2005-06-18,8.466,8.466,0.0,18.77,18.77,0.0,27.28,27.28,0.0
2005-06-19,8.413,8.413,0.0,18.34,18.34,0.0,26.84,26.84,0.0
2005-06-20,8.31,8.31,0.0,17.89,17.89,0.0,26.32,26.32,0.0
2005-06-21,8.286,8.286,0.0,17.76,17.76,0.0,26.13,26.13,0.0
2005-06-22,8.212,8.212,0.0,17.99,17.99,0.0,26.43,26.43,0.0
2005-06-23,7.957,7.957,0.0,17.35,17.35,0.0,25.36,25.36,0.0
2005-06-24,7.873,7.873,0.0,16.93,16.93,0.0,24.88,24.88,0.0
2005-06-25,7.841,7.841,0.0,16.86,16.86,0.0,24.77,24.77,0.0
2005-06-26,7.772,7.772,0.0,16.75,16.75,0.0,24.53,24.53,0.0
2005-06-27,7.514,7.514,0.0,16.4,16.4,0.0,23.98,23.98,0.0
2005-06-28,7.553,7.553,0.0,16.29,16.29,0.0,24.01,24.01,0.0
2005-06-29,7.52,7.52,0.0,16.15,16.15,0.0,23.81,23.81,0.0
2005-06-30,7.674,7.674,0.0,16.39,16.39,0.0,24.32,24.32,0.0
2005-07-01,7.37,7.37,0.0,15.78,15.78,0.0,23.16,23.16,0.0
2005-07-02,7.246,7.246,0.0,15.44,15.44,0.0,22.68,22.68,0.0
2005-07-03,7.378,7.378,0.0,15.75,15.75,0.0,23.43,23.43,0.0
2005-07-04,7.418,7.418,0.0,15.6,15.6,0.0,23.26,23.26,0.0
2005-07-05,7.257,7.257,0.0,15.54,15.54,0.0,23.06,23.06,0.0
2005-07-06,7.699,7.699,0.0,14.93,14.93,0.0,22.38,22.38,0.0
2005-07-07,8.83,8.83,0.0,21.29,21.29,0.0,31.51,31.51,0.0
2005-07-08,7.379,7.379,0.0,16.18,16.18,0.0,23.83,23.83,0.0
2005-07-09,7.11,7.11,0.0,15.25,15.25,0.0,22.4,22.4,0.0
2005-07-10,6.998,6.998,0.0,15.1,15.1,0.0,22.1,22.1,0.0
2005-07-11,6.951,6.951,0.0,14.91,14.91,0.0,21.86,21.86,0.0
2005-07-12,7.032,7.032,0.0,15.26,15.26,0.0,22.53,22.53,0.0
2005-07-13,7.196,7.196,0.0,15.12,15.12,0.0,22.39,22.39,0.0
2005-07-14,6.904,6.904,0.0,14.57,14.57,0.0,21.48,21.48,0.0
2005-07-15,6.916,6.916,0.0,14.58,14.58,0.0,21.52,21.52,0.0
2005-07-16,7.139,7.139,0.0,14.93,14.93,0.0,22.26,22.26,0.0
2005-07-17,6.866,6.866,0.0,14.46,14.46,0.0,21.37,21.37,0.0
2005-07-18,6.927,6.927,0.0,14.52,14.52,0.0,21.5,21.5,0.0
2005-07-19,6.805,6.805,0.0,14.27,14.27,0.0,21.11,21.11,0.0
2005-07-20,6.623,6.623,0.0,13.94,13.94,0.0,20.48,20.48,0.0
2005-07-21,6.628,6.628,0.0,13.9,13.9,0.0,20.47,20.47,0.0
2005-07-22,6.441,6.441,0.0,13.63,13.63,0.0,20.0,20.0,0.0
2005-07-23,6.371,6.371,0.0,13.44,13.44,0.0,19.74,19.74,0.0
2005-07-24,6.305,6.305,0.0,13.2,13.2,0.0,19.42,19.42,0.0
2005-07-25,6.359,6.359,0.0,13.44,13.44,0.0,19.87,19.87,0.0
2005-07-26,6.111,6.111,0.0,12.93,12.93,0.0,18.95,18.95,0.0
2005-07-27,6.25,6.25,0.0,13.15,13.15,0.0,19.48,19.48,0.0
2005-07-28,6.214,6.214,0.0,12.93,12.93,0.0,19.2,19.2,0.0
2005-07-29,6.068,6.068,0.0,12.55,12.55,0.0,18.47,18.47,0.0
2005-07-30,6.004,6.004,0.0,12.4,12.4,0.0,18.24,18.24,0.0
2005-07-31,5.873,5.873,0.0,12.2,12.2,0.0,17.95,17.95,0.0
2005-08-01,5.813,5.813,0.0,12.05,12.05,0.0,17.75,17.75,0.0
2005-08-02,5.766,5.766,0.0,11.86,11.86,0.0,17.48,17.48,0.0
2005-08-03,5.685,5.685,0.0,11.74,11.74,0.0,17.28,17.28,0.0
2005-08-04,5.583,5.583,0.0,11.61,11.61,0.0,17.06,17.06,0.0
2005-08-05,5.534,5.534,0.0,11.42,11.42,0.0,16.82,16.82,0.0
2005-08-06,5.918,5.918,0.0,12.25,12.25,0.0,18.43,18.43,0.0
2005-08-07,5.619,5.619,0.0,11.71,11.71,0.0,17.38,17.38,0.0
2005-08-08,5.919,5.919,0.0,12.33,12.33,0.0,18.56,18.56,0.0
2005-08-09,5.705,5.705,0.0,12.05,12.05,0.0,17.97,17.97,0.0
2005-08-10,5.458,5.458,0.0,11.42,11.42,0.0,16.84,16.84,0.0
2005-08-11,5.397,5.397,0.0,11.22,11.22,0.0,16.56,16.56,0.0
2005-08-12,5.34,5.34,0.0,11.13,11.13,0.0,16.4,16.4,0.0
2005-08-13,5.277,5.277,0.0,10.99,10.99,0.0,16.2,16.2,0.0
2005-08-14,5.177,5.177,0.0,10.82,10.82,0.0,15.95,15.95,0.0
2005-08-15,5.281,5.281,0.0,10.9,10.9,0.0,16.21,16.21,0.0
2005-08-16,5.368,5.368,0.0,11.12,11.12,0.0,16.61,16.61,0.0
2005-08-17,5.139,5.139,0.0,10.56,10.56,0.0,15.6,15.6,0.0
2005-08-18,5.13,5.13,0.0,10.58,10.58,0.0,15.68,15.68,0.0
2005-08-19,5.015,5.015,0.0,10.4,10.4,0.0,15.4,15.4,0.0
2005-08-20,5.037,5.037,0.0,10.46,10.46,0.0,15.56,15.56,0.0
2005-08-21,4.878,4.878,0.0,10.06,10.06,0.0,14.86,14.86,0.0
2005-08-22,4.822,4.822,0.0,9.934,9.934,0.0,14.66,14.66,0.0
2005-08-23,4.76,4.76,0.0,9.817,9.817,0.0,14.49,14.49,0.0
2005-08-24,4.657,4.657,0.0,9.616,9.616,0.0,14.21,14.21,0.0
2005-08-25,4.619,4.619,0.0,9.53,9.53,0.0,14.07,14.07,0.0
2005-08-26,4.853,4.853,0.0,10.09,10.09,0.0,15.13,15.13,0.0
2005-08-27,4.996,4.996,0.0,10.47,10.47,0.0,15.8,15.8,0.0
2005-08-28,4.568,4.568,0.0,9.454,9.454,0.0,13.96,13.96,0.0
2005-08-29,4.546,4.546,0.0,9.34,9.34,0.0,13.83,13.83,0.0
2005-08-30,4.606,4.606,0.0,9.445,9.445,0.0,14.07,14.07,0.0
2005-08-31,4.607,4.607,0.0,9.533,9.533,0.0,14.23,14.23,0.0
2005-09-01,4.411,4.411,0.0,9.052,9.052,0.0,13.37,13.37,0.0
2005-09-02,4.32,4.32,0.0,8.876,8.876,0.0,13.12,13.12,0.0
2005-09-03,4.281,4.281,0.0,8.792,8.792,0.0,12.99,12.99,0.0
2005-09-04,4.236,4.236,0.0,8.695,8.695,0.0,12.84,12.84,0.0
2005-09-05,4.181,4.181,0.0,8.575,8.575,0.0,12.67,12.67,0.0
2005-09-06,4.129,4.129,0.0,8.434,8.434,0.0,12.48,12.48,0.0
2005-09-07,4.056,4.056,0.0,8.339,8.339,0.0,12.32,12.32,0.0
2005-09-08,4.017,4.017,0.0,8.244,8.244,0.0,12.18,12.18,0.0
2005-09-09,3.972,3.972,0.0,8.136,8.136,0.0,12.02,12.02,0.0
2005-09-10,3.919,3.919,0.0,8.009,8.009,0.0,11.85,11.85,0.0
2005-09-11,3.852,3.852,0.0,7.92,7.92,0.0,11.7,11.7,0.0
2005-09-12,3.814,3.814,0.0,7.82,7.82,0.0,11.56,11.56,0.0
2005-09-13,3.771,3.771,0.0,7.725,7.725,0.0,11.41,11.41,0.0
2005-09-14,3.724,3.724,0.0,7.606,7.606,0.0,11.25,11.25,0.0
2005-09-15,3.678,3.678,0.0,7.505,7.505,0.0,11.1,11.1,0.0
2005-09-16,3.614,3.614,0.0,7.419,7.419,0.0,10.96,10.96,0.0
2005-09-17,3.577,3.577,0.0,7.327,7.327,0.0,10.83,10.83,0.0
2005-09-18,3.535,3.535,0.0,7.223,7.223,0.0,10.68,10.68,0.0
2005-09-19,3.492,3.492,0.0,7.128,7.128,0.0,10.55,10.55,0.0
2005-09-20,3.434,3.434,0.0,7.043,7.043,0.0,10.41,10.41,0.0
2005-09-21,3.397,3.397,0.0,6.951,6.951,0.0,10.28,10.28,0.0
2005-09-22,3.358,3.358,0.0,6.861,6.861,0.0,10.15,10.15,0.0
2005-09-23,3.353,3.353,0.0,6.865,6.865,0.0,10.19,10.19,0.0
2005-09-24,3.275,3.275,0.0,6.69,6.69,0.0,9.896,9.896,0.0
2005-09-25,3.223,3.223,0.0,6.602,6.602,0.0,9.764,9.764,0.0
2005-09-26,3.308,3.308,0.0,6.855,6.855,0.0,10.26,10.26,0.0
2005-09-27,3.151,3.151,0.0,6.45,6.45,0.0,9.534,9.534,0.0
2005-09-28,3.113,3.113,0.0,6.371,6.371,0.0,9.418,9.418,0.0
2005-09-29,3.063,3.063,0.0,6.302,6.302,0.0,9.307,9.307,0.0
2005-09-30,3.03,3.03,0.0,6.224,6.224,0.0,9.193,9.193,0.0
2005-10-01,2.994,2.994,0.0,6.145,6.145,0.0,9.076,9.076,0.0
2005-10-02,2.957,2.957,0.0,6.06,6.06,0.0,8.956,8.956,0.0
2005-10-03,2.913,2.913,0.0,5.985,5.985,0.0,8.842,8.842,0.0
2005-10-04,2.879,2.879,0.0,5.912,5.912,0.0,8.734,8.734,0.0
2005-10-05,2.849,2.849,0.0,5.838,5.838,0.0,8.628,8.628,0.0
2005-10-06,3.256,3.256,0.0,6.407,6.407,0.0,9.824,9.824,0.0
2005-10-07,3.367,3.367,0.0,6.578,6.578,0.0,10.09,10.09,0.0
2005-10-08,3.218,3.218,0.0,6.163,6.163,0.0,9.357,9.357,0.0
2005-10-09,3.099,3.099,0.0,5.897,5.897,0.0,8.884,8.884,0.0
2005-10-10,3.183,3.183,0.0,6.116,6.116,0.0,9.314,9.314,0.0
2005-10-11,3.134,3.134,0.0,5.963,5.963,0.0,9.059,9.059,0.0
2005-10-12,3.049,3.049,0.0,5.765,5.765,0.0,8.713,8.713,0.0
2005-10-13,3.004,3.004,0.0,5.692,5.692,0.0,8.602,8.602,0.0
2005-10-14,2.969,2.969,0.0,5.622,5.622,0.0,8.497,8.497,0.0
2005-10-15,2.934,2.934,0.0,5.552,5.552,0.0,8.393,8.393,0.0
2005-10-16,2.898,2.898,0.0,5.476,5.476,0.0,8.279,8.279,0.0
2005-10-17,2.862,2.862,0.0,5.411,5.411,0.0,8.18,8.18,0.0
2005-10-18,2.819,2.819,0.0,5.343,5.343,0.0,8.075,8.075,0.0
2005-10-19,2.84,2.84,0.0,5.277,5.277,0.0,8.024,8.024,0.0
2005-10-20,3.049,3.049,0.0,5.723,5.723,0.0,8.892,8.892,0.0
2005-10-21,3.324,3.324,0.0,6.574,6.574,0.0,10.38,10.38,0.0
2005-10-22,3.039,3.039,0.0,5.824,5.824,0.0,8.978,8.978,0.0
2005-10-23,3.02,3.02,0.0,5.625,5.625,0.0,8.69,8.69,0.0
2005-10-24,3.434,3.434,0.0,6.757,6.757,0.0,10.68,10.68,0.0
2005-10-25,3.463,3.463,0.0,6.656,6.656,0.0,10.52,10.52,0.0
2005-10-26,3.282,3.282,0.0,6.278,6.278,0.0,9.746,9.746,0.0
2005-10-27,3.203,3.203,0.0,6.141,6.141,0.0,9.48,9.48,0.0
2005-10-28,3.171,3.171,0.0,6.091,6.091,0.0,9.406,9.406,0.0
2005-10-29,3.117,3.117,0.0,6.008,6.008,0.0,9.271,9.271,0.0
2005-10-30,3.084,3.084,0.0,5.909,5.909,0.0,9.137,9.137,0.0
2005-10-31,3.048,3.048,0.0,5.836,5.836,0.0,9.021,9.021,0.0
2005-11-01,3.055,3.055,0.0,5.907,5.907,0.0,9.158,9.158,0.0
2005-11-02,2.974,2.974,0.0,5.725,5.725,0.0,8.836,8.836,0.0
2005-11-03,2.926,2.926,0.0,5.634,5.634,0.0,8.703,8.703,0.0
2005-11-04,2.895,2.895,0.0,5.566,5.566,0.0,8.595,8.595,0.0
2005-11-05,2.934,2.934,0.0,5.739,5.739,0.0,8.948,8.948,0.0
2005-11-06,2.827,2.827,0.0,5.486,5.486,0.0,8.489,8.489,0.0
2005-11-07,2.791,2.791,0.0,5.419,5.419,0.0,8.387,8.387,0.0
2005-11-08,3.146,3.146,0.0,6.739,6.739,0.0,10.54,10.54,0.0
2005-11-09,2.848,2.848,0.0,6.114,6.114,0.0,9.273,9.273,0.0
2005-11-10,2.78,2.78,0.0,5.984,5.984,0.0,9.03,9.03,0.0
2005-11-11,2.746,2.746,0.0,5.884,5.884,0.0,8.885,8.885,0.0
2005-11-12,2.712,2.712,0.0,5.847,5.847,0.0,8.818,8.818,0.0
2005-11-13,2.702,2.702,0.0,5.759,5.759,0.0,8.767,8.767,0.0
2005-11-14,2.702,2.702,0.0,5.912,5.912,0.0,8.945,8.945,0.0
2005-11-15,2.957,2.957,0.0,6.585,6.585,0.0,10.07,10.07,0.0
2005-11-16,2.977,2.977,0.0,7.1,7.1,0.0,10.66,10.66,0.0
2005-11-17,2.786,2.786,0.0,6.705,6.705,0.0,9.88,9.88,0.0
2005-11-18,2.743,2.743,0.0,6.594,6.594,0.0,9.702,9.702,0.0
2005-11-19,2.714,2.714,0.0,6.34,6.34,0.0,9.427,9.427,0.0
2005-11-20,2.741,2.741,0.0,6.221,6.221,0.0,9.331,9.331,0.0
2005-11-21,2.908,2.908,0.0,6.52,6.52,0.0,9.837,9.837,0.0
2005-11-22,3.144,3.144,0.0,6.972,6.972,0.0,10.69,10.69,0.0
2005-11-23,3.245,3.245,0.0,6.976,6.976,0.0,10.84,10.84,0.0
2005-11-24,3.135,3.135,0.0,6.737,6.737,0.0,10.39,10.39,0.0
2005-11-25,3.092,3.092,0.0,6.42,6.42,0.0,9.878,9.878,0.0
2005-11-26,3.009,3.009,0.0,7.237,7.237,0.0,10.64,10.64,0.0
2005-11-27,3.238,3.238,0.0,11.0,11.0,0.0,14.87,14.87,0.0
2005-11-28,4.08,4.08,0.0,9.534,9.534,0.0,14.28,14.28,0.0
2005-11-29,4.947,4.947,0.0,19.77,19.77,0.0,26.04,26.04,0.0
2005-11-30,4.151,4.151,0.0,10.42,10.42,0.0,15.26,15.26,0.0
2005-12-01,4.105,4.105,0.0,10.17,10.17,0.0,15.04,15.04,0.0
2005-12-02,4.006,4.006,0.0,9.686,9.686,0.0,14.37,14.37,0.0
2005-12-03,4.017,4.017,0.0,9.358,9.358,0.0,14.16,14.16,0.0
2005-12-04,4.099,4.099,0.0,9.395,9.395,0.0,14.27,14.27,0.0
2005-12-05,3.947,3.947,0.0,9.457,9.457,0.0,14.06,14.06,0.0
2005-12-06,3.834,3.834,0.0,9.003,9.003,0.0,13.61,13.61,0.0
2005-12-07,3.758,3.758,0.0,9.023,9.023,0.0,13.39,13.39,0.0
2005-12-08,3.931,3.931,0.0,9.202,9.202,0.0,14.02,14.02,0.0
2005-12-09,3.795,3.795,0.0,9.127,9.127,0.0,13.6,13.6,0.0
2005-12-10,3.763,3.763,0.0,9.122,9.122,0.0,13.7,13.7,0.0
2005-12-11,3.708,3.708,0.0,8.583,8.583,0.0,13.06,13.06,0.0
2005-12-12,3.565,3.565,0.0,8.24,8.24,0.0,12.4,12.4,0.0
2005-12-13,3.537,3.537,0.0,8.389,8.389,0.0,12.55,12.55,0.0
2005-12-14,3.464,3.464,0.0,8.126,8.126,0.0,12.19,12.19,0.0
2005-12-15,3.596,3.596,0.0,8.253,8.253,0.0,12.62,12.62,0.0
2005-12-16,3.425,3.425,0.0,8.043,8.043,0.0,12.1,12.1,0.0
2005-12-17,3.452,3.452,0.0,8.344,8.344,0.0,12.82,12.82,0.0
2005-12-18,3.859,3.859,0.0,8.787,8.787,0.0,13.63,13.63,0.0
2005-12-19,3.259,3.259,0.0,7.55,7.55,0.0,11.41,11.41,0.0
2005-12-20,3.198,3.198,0.0,7.55,7.55,0.0,11.24,11.24,0.0
2005-12-21,3.198,3.198,0.0,7.433,7.433,0.0,11.16,11.16,0.0
2005-12-22,3.167,3.167,0.0,7.551,7.551,0.0,11.43,11.43,0.0
2005-12-23,7.27,7.27,0.0,15.52,15.52,0.0,23.54,23.54,0.0
2005-12-24,7.444,7.444,0.0,15.73,15.73,0.0,21.75,21.75,0.0
2005-12-25,3.92,3.92,0.0,16.24,16.24,0.0,22.06,22.06,0.0
2005-12-26,3.221,3.221,0.0,9.745,9.745,0.0,13.73,13.73,0.0
2005-12-27,3.25,3.25,0.0,10.82,10.82,0.0,14.57,14.57,0.0
2005-12-28,3.351,3.351,0.0,13.68,13.68,0.0,17.56,17.56,0.0
2005-12-29,3.463,3.463,0.0,9.649,9.649,0.0,13.73,13.73,0.0
2005-12-30,3.254,3.254,0.0,8.139,8.139,0.0,11.96,11.96,0.0
2005-12-31,3.15,3.15,0.0,8.866,8.866,0.0,12.62,12.62,0.0
2006-01-01,4.107,4.107,0.0,10.94,10.94,0.0,16.17,16.17,0.0
2006-01-02,5.449,5.449,0.0,18.47,18.47,0.0,25.24,25.24,0.0
2006-01-03,4.302,4.302,0.0,12.16,12.16,0.0,17.5,17.5,0.0
2006-01-04,4.82,4.82,0.0,12.49,12.49,0.0,18.19,18.19,0.0
2006-01-05,5.302,5.302,0.0,12.23,12.23,0.0,18.43,18.43,0.0
2006-01-06,5.371,5.371,0.0,11.89,11.89,0.0,17.86,17.86,0.0
2006-01-07,4.633,4.633,0.0,11.38,11.38,0.0,16.67,16.67,0.0
2006-01-08,4.623,4.623,0.0,11.98,11.98,0.0,17.35,17.35,0.0
2006-01-09,4.719,4.719,0.0,12.01,12.01,0.0,17.53,17.53,0.0
2006-01-10,5.059,5.059,0.0,10.76,10.76,0.0,16.32,16.32,0.0
2006-01-11,5.236,5.236,0.0,13.04,13.04,0.0,18.91,18.91,0.0
2006-01-12,4.928,4.928,0.0,13.41,13.41,0.0,18.91,18.91,0.0
2006-01-13,6.144,6.144,0.0,17.01,17.01,0.0,23.9,23.9,0.0
2006-01-14,6.114,6.114,0.0,15.99,15.99,0.0,23.04,23.04,0.0
2006-01-15,5.718,5.718,0.0,13.07,13.07,0.0,19.56,19.56,0.0
2006-01-16,6.29,6.29,0.0,13.6,13.6,0.0,20.26,20.26,0.0
2006-01-17,9.263,9.263,0.0,26.37,26.37,0.0,35.44,35.44,0.0
2006-01-18,7.372,7.372,0.0,18.45,18.45,0.0,26.56,26.56,0.0
2006-01-19,6.556,6.556,0.0,18.21,18.21,0.0,25.49,25.49,0.0
2006-01-20,7.081,7.081,0.0,14.55,14.55,0.0,22.17,22.17,0.0
2006-01-21,7.155,7.155,0.0,15.08,15.08,0.0,22.67,22.67,0.0
2006-01-22,7.631,7.631,0.0,16.34,16.34,0.0,24.55,24.55,0.0
2006-01-23,6.993,6.993,0.0,16.95,16.95,0.0,24.72,24.72,0.0
2006-01-24,7.265,7.265,0.0,16.64,16.64,0.0,24.67,24.67,0.0
2006-01-25,7.227,7.227,0.0,15.19,15.19,0.0,23.09,23.09,0.0
2006-01-26,7.361,7.361,0.0,15.41,15.41,0.0,23.22,23.22,0.0
2006-01-27,6.828,6.828,0.0,16.38,16.38,0.0,23.86,23.86,0.0
2006-01-28,7.05,7.05,0.0,16.17,16.17,0.0,23.85,23.85,0.0
2006-01-29,7.218,7.218,0.0,16.07,16.07,0.0,24.07,24.07,0.0
2006-01-30,7.462,7.462,0.0,15.22,15.22,0.0,23.1,23.1,0.0
2006-01-31,7.528,7.528,0.0,15.91,15.91,0.0,23.83,23.83,0.0
2006-02-01,7.11,7.11,0.0,16.21,16.21,0.0,23.8,23.8,0.0
2006-02-02,7.109,7.109,0.0,16.54,16.54,0.0,24.32,24.32,0.0
2006-02-03,7.707,7.707,0.0,16.46,16.46,0.0,24.68,24.68,0.0
2006-02-04,8.105,8.105,0.0,16.67,16.67,0.0,25.56,25.56,0.0
2006-02-05,8.144,8.144,0.0,16.97,16.97,0.0,25.43,25.43,0.0
2006-02-06,7.375,7.375,0.0,17.08,17.08,0.0,24.91,24.91,0.0
2006-02-07,7.53,7.53,0.0,16.49,16.49,0.0,24.48,24.48,0.0
2006-02-08,7.545,7.545,0.0,15.75,15.75,0.0,23.93,23.93,0.0
2006-02-09,7.595,7.595,0.0,15.7,15.7,0.0,23.49,23.49,0.0
2006-02-10,7.484,7.484,0.0,16.32,16.32,0.0,24.27,24.27,0.0
2006-02-11,7.242,7.242,0.0,16.43,16.43,0.0,24.35,24.35,0.0
2006-02-12,7.34,7.34,0.0,15.86,15.86,0.0,23.72,23.72,0.0
2006-02-13,7.155,7.155,0.0,14.81,14.81,0.0,22.34,22.34,0.0
2006-02-14,11.4,11.4,0.0,23.84,23.84,0.0,37.68,37.68,0.0
2006-02-15,7.521,7.521,0.0,19.23,19.23,0.0,27.27,27.27,0.0
2006-02-16,6.839,6.839,0.0,15.48,15.48,0.0,22.95,22.95,0.0
2006-02-17,6.786,6.786,0.0,15.17,15.17,0.0,22.6,22.6,0.0
2006-02-18,6.897,6.897,0.0,14.95,14.95,0.0,22.48,22.48,0.0
2006-02-19,6.762,6.762,0.0,14.84,14.84,0.0,21.85,21.85,0.0
2006-02-20,6.481,6.481,0.0,14.81,14.81,0.0,21.8,21.8,0.0
2006-02-21,6.751,6.751,0.0,14.9,14.9,0.0,22.18,22.18,0.0
2006-02-22,6.995,6.995,0.0,14.06,14.06,0.0,21.21,21.21,0.0
2006-02-23,6.612,6.612,0.0,14.37,14.37,0.0,21.48,21.48,0.0
2006-02-24,6.455,6.455,0.0,14.16,14.16,0.0,20.97,20.97,0.0
2006-02-25,6.602,6.602,0.0,14.7,14.7,0.0,21.62,21.62,0.0
2006-02-26,6.214,6.214,0.0,13.65,13.65,0.0,20.4,20.4,0.0
2006-02-27,6.51,6.51,0.0,13.91,13.91,0.0,20.9,20.9,0.0
2006-02-28,6.771,6.771,0.0,13.98,13.98,0.0,20.92,20.92,0.0
2006-03-01,7.224,7.224,0.0,13.89,13.89,0.0,21.16,21.16,0.0
2006-03-02,7.353,7.353,0.0,15.17,15.17,0.0,22.87,22.87,0.0
2006-03-03,6.932,6.932,0.0,14.7,14.7,0.0,21.98,21.98,0.0
2006-03-04,6.953,6.953,0.0,14.03,14.03,0.0,20.99,20.99,0.0
2006-03-05,6.946,6.946,0.0,13.66,13.66,0.0,20.6,20.6,0.0
2006-03-06,7.23,7.23,0.0,13.9,13.9,0.0,21.16,21.16,0.0
2006-03-07,7.103,7.103,0.0,14.04,14.04,0.0,21.25,21.25,0.0
2006-03-08,6.859,6.859,0.0,14.56,14.56,0.0,21.65,21.65,0.0
2006-03-09,6.708,6.708,0.0,14.05,14.05,0.0,20.93,20.93,0.0
2006-03-10,6.865,6.865,0.0,15.02,15.02,0.0,21.81,21.81,0.0
2006-03-11,6.844,6.844,0.0,16.04,16.04,0.0,22.97,22.97,0.0
2006-03-12,7.105,7.105,0.0,16.91,16.91,0.0,24.29,24.29,0.0
2006-03-13,7.318,7.318,0.0,16.32,16.32,0.0,23.78,23.78,0.0
2006-03-14,7.056,7.056,0.0,15.74,15.74,0.0,22.91,22.91,0.0
2006-03-15,7.006,7.006,0.0,15.55,15.55,0.0,22.47,22.47,0.0
2006-03-16,7.14,7.14,0.0,16.15,16.15,0.0,23.24,23.24,0.0
2006-03-17,6.996,6.996,0.0,15.65,15.65,0.0,22.68,22.68,0.0
2006-03-18,6.745,6.745,0.0,15.6,15.6,0.0,22.49,22.49,0.0
2006-03-19,6.61,6.61,0.0,14.89,14.89,0.0,21.49,21.49,0.0
2006-03-20,6.627,6.627,0.0,15.35,15.35,0.0,21.96,21.96,0.0
2006-03-21,6.819,6.819,0.0,15.19,15.19,0.0,22.06,22.06,0.0
2006-03-22,6.706,6.706,0.0,15.08,15.08,0.0,21.85,21.85,0.0
2006-03-23,6.716,6.716,0.0,14.75,14.75,0.0,21.62,21.62,0.0
2006-03-24,7.155,7.155,0.0,14.97,14.97,0.0,22.15,22.15,0.0
2006-03-25,7.118,7.118,0.0,14.94,14.94,0.0,22.22,22.22,0.0
2006-03-26,7.02,7.02,0.0,14.8,14.8,0.0,21.7,21.7,0.0
2006-03-27,6.983,6.983,0.0,15.92,15.92,0.0,22.88,22.88,0.0
2006-03-28,7.401,7.401,0.0,15.41,15.41,0.0,22.76,22.76,0.0
2006-03-29,7.04,7.04,0.0,14.57,14.57,0.0,21.56,21.56,0.0
2006-03-30,6.908,6.908,0.0,14.99,14.99,0.0,21.8,21.8,0.0
2006-03-31,7.05,7.05,0.0,15.74,15.74,0.0,22.82,22.82,0.0
2006-04-01,7.008,7.008,0.0,15.08,15.08,0.0,22.07,22.07,0.0
2006-04-02,7.152,7.152,0.0,14.5,14.5,0.0,21.63,21.63,0.0
2006-04-03,7.167,7.167,0.0,15.53,15.53,0.0,22.79,22.79,0.0
2006-04-04,7.033,7.033,0.0,15.39,15.39,0.0,22.57,22.57,0.0
2006-04-05,7.037,7.037,0.0,15.83,15.83,0.0,22.87,22.87,0.0
2006-04-06,7.356,7.356,0.0,15.33,15.33,0.0,22.73,22.73,0.0
2006-04-07,8.368,8.368,0.0,17.04,17.04,0.0,25.45,25.45,0.0
2006-04-08,8.094,8.094,0.0,17.16,17.16,0.0,25.38,25.38,0.0
2006-04-09,7.58,7.58,0.0,16.09,16.09,0.0,23.85,23.85,0.0
2006-04-10,7.328,7.328,0.0,16.56,16.56,0.0,23.74,23.74,0.0
2006-04-11,7.572,7.572,0.0,15.72,15.72,0.0,23.16,23.16,0.0
2006-04-12,7.678,7.678,0.0,16.72,16.72,0.0,24.51,24.51,0.0
2006-04-13,7.666,7.666,0.0,16.08,16.08,0.0,23.84,23.84,0.0
2006-04-14,9.116,9.116,0.0,18.42,18.42,0.0,27.54,27.54,0.0
2006-04-15,9.199,9.199,0.0,18.39,18.39,0.0,27.19,27.19,0.0
2006-04-16,10.49,10.49,0.0,19.97,19.97,0.0,30.47,30.47,0.0
2006-04-17,10.18,10.18,0.0,24.87,24.87,0.0,34.99,34.99,0.0
2006-04-18,9.31,9.31,0.0,19.87,19.87,0.0,29.17,29.17,0.0
2006-04-19,8.984,8.984,0.0,19.1,19.1,0.0,28.29,28.29,0.0
2006-04-20,9.631,9.631,0.0,20.36,20.36,0.0,29.9,29.9,0.0
2006-04-21,11.14,11.14,0.0,23.08,23.08,0.0,34.45,34.45,0.0
2006-04-22,11.53,11.53,0.0,23.3,23.3,0.0,35.11,35.11,0.0
2006-04-23,10.45,10.45,0.0,21.25,21.25,0.0,31.56,31.56,0.0
2006-04-24,9.748,9.748,0.0,20.83,20.83,0.0,30.94,30.94,0.0
2006-04-25,10.26,10.26,0.0,21.94,21.94,0.0,32.17,32.17,0.0
2006-04-26,9.799,9.799,0.0,21.57,21.57,0.0,31.43,31.43,0.0
2006-04-27,9.882,9.882,0.0,20.72,20.72,0.0,30.6,30.6,0.0
2006-04-28,9.619,9.619,0.0,20.96,20.96,0.0,30.8,30.8,0.0
2006-04-29,9.824,9.824,0.0,20.68,20.68,0.0,30.4,30.4,0.0
2006-04-30,9.869,9.869,0.0,20.52,20.52,0.0,30.19,30.19,0.0
2006-05-01,9.408,9.408,0.0,20.53,20.53,0.0,29.95,29.95,0.0
2006-05-02,9.255,9.255,0.0,19.82,19.82,0.0,29.21,29.21,0.0
2006-05-03,9.264,9.264,0.0,19.96,19.96,0.0,29.33,29.33,0.0
2006-05-04,9.286,9.286,0.0,20.15,20.15,0.0,29.31,29.31,0.0
2006-05-05,8.944,8.944,0.0,19.77,19.77,0.0,28.81,28.81,0.0
2006-05-06,8.772,8.772,0.0,19.12,19.12,0.0,27.98,27.98,0.0
2006-05-07,8.98,8.98,0.0,19.37,19.37,0.0,28.52,28.52,0.0
2006-05-08,8.979,8.979,0.0,19.34,19.34,0.0,28.19,28.19,0.0
2006-05-09,8.959,8.959,0.0,19.1,19.1,0.0,27.86,27.86,0.0
2006-05-10,8.857,8.857,0.0,19.18,19.18,0.0,28.19,28.19,0.0
2006-05-11,9.248,9.248,0.0,20.3,20.3,0.0,29.79,29.79,0.0
2006-05-12,9.026,9.026,0.0,19.76,19.76,0.0,28.8,28.8,0.0
2006-05-13,8.833,8.833,0.0,19.71,19.71,0.0,28.81,28.81,0.0
2006-05-14,9.818,9.818,0.0,21.53,21.53,0.0,31.95,31.95,0.0
2006-05-15,9.808,9.808,0.0,20.72,20.72,0.0,30.62,30.62,0.0
2006-05-16,9.837,9.837,0.0,20.36,20.36,0.0,30.1,30.1,0.0
2006-05-17,9.125,9.125,0.0,20.5,20.5,0.0,30.01,30.01,0.0
2006-05-18,8.961,8.961,0.0,20.25,20.25,0.0,29.67,29.67,0.0
2006-05-19,9.25,9.25,0.0,21.2,21.2,0.0,30.68,30.68,0.0
2006-05-20,8.838,8.838,0.0,20.57,20.57,0.0,29.58,29.58,0.0
2006-05-21,8.855,8.855,0.0,19.77,19.77,0.0,28.77,28.77,0.0
2006-05-22,8.659,8.659,0.0,19.87,19.87,0.0,28.81,28.81,0.0
2006-05-23,8.758,8.758,0.0,19.61,19.61,0.0,28.58,28.58,0.0
2006-05-24,8.63,8.63,0.0,19.84,19.84,0.0,28.56,28.56,0.0
2006-05-25,8.36,8.36,0.0,18.73,18.73,0.0,27.18,27.18,0.0
2006-05-26,8.434,8.434,0.0,19.96,19.96,0.0,28.84,28.84,0.0
2006-05-27,8.347,8.347,0.0,19.01,19.01,0.0,27.52,27.52,0.0
2006-05-28,8.344,8.344,0.0,19.25,19.25,0.0,27.6,27.6,0.0
2006-05-29,8.035,8.035,0.0,18.94,18.94,0.0,27.07,27.07,0.0
2006-05-30,7.89,7.89,0.0,18.32,18.32,0.0,26.35,26.35,0.0
2006-05-31,8.627,8.627,0.0,19.11,19.11,0.0,28.02,28.02,0.0
2006-06-01,9.235,9.235,0.0,19.09,19.09,0.0,28.21,28.21,0.0
2006-06-02,9.556,9.556,0.0,20.38,20.38,0.0,30.15,30.15,0.0
2006-06-03,9.134,9.134,0.0,20.0,20.0,0.0,29.03,29.03,0.0
2006-06-04,8.688,8.688,0.0,19.17,19.17,0.0,27.83,27.83,0.0
2006-06-05,8.602,8.602,0.0,19.88,19.88,0.0,28.81,28.81,0.0
2006-06-06,8.629,8.629,0.0,19.2,19.2,0.0,27.88,27.88,0.0
2006-06-07,8.557,8.557,0.0,19.27,19.27,0.0,27.89,27.89,0.0
2006-06-08,8.237,8.237,0.0,19.29,19.29,0.0,27.61,27.61,0.0
2006-06-09,8.128,8.128,0.0,18.45,18.45,0.0,26.57,26.57,0.0
2006-06-10,8.225,8.225,0.0,18.5,18.5,0.0,26.7,26.7,0.0
2006-06-11,8.331,8.331,0.0,18.52,18.52,0.0,26.95,26.95,0.0
2006-06-12,7.832,7.832,0.0,18.4,18.4,0.0,26.18,26.18,0.0
2006-06-13,7.71,7.71,0.0,17.5,17.5,0.0,25.21,25.21,0.0
2006-06-14,7.806,7.806,0.0,17.74,17.74,0.0,25.51,25.51,0.0
2006-06-15,7.799,7.799,0.0,17.28,17.28,0.0,25.03,25.03,0.0
2006-06-16,7.668,7.668,0.0,17.39,17.39,0.0,24.97,24.97,0.0
2006-06-17,7.351,7.351,0.0,16.83,16.83,0.0,24.13,24.13,0.0
2006-06-18,7.3,7.3,0.0,16.6,16.6,0.0,23.88,23.88,0.0
2006-06-19,7.37,7.37,0.0,16.79,16.79,0.0,24.2,24.2,0.0
2006-06-20,7.148,7.148,0.0,16.22,16.22,0.0,23.33,23.33,0.0
2006-06-21,7.133,7.133,0.0,16.03,16.03,0.0,23.05,23.05,0.0
2006-06-22,7.001,7.001,0.0,16.13,16.13,0.0,23.3,23.3,0.0
2006-06-23,7.107,7.107,0.0,16.1,16.1,0.0,23.25,23.25,0.0
2006-06-24,8.27,8.27,0.0,17.26,17.26,0.0,25.57,25.57,0.0
2006-06-25,9.338,9.338,0.0,20.15,20.15,0.0,30.2,30.2,0.0
2006-06-26,12.0,12.0,0.0,21.42,21.42,0.0,32.37,32.37,0.0
2006-06-27,12.56,12.56,0.0,21.39,21.39,0.0,32.76,32.76,0.0
2006-06-28,9.709,9.709,0.0,20.0,20.0,0.0,29.42,29.42,0.0
2006-06-29,8.89,8.89,0.0,18.28,18.28,0.0,26.88,26.88,0.0
2006-06-30,8.588,8.588,0.0,18.05,18.05,0.0,26.43,26.43,0.0
2006-07-01,8.847,8.847,0.0,18.52,18.52,0.0,27.0,27.0,0.0
2006-07-02,9.043,9.043,0.0,18.98,18.98,0.0,27.81,27.81,0.0
2006-07-03,8.422,8.422,0.0,18.17,18.17,0.0,26.45,26.45,0.0
2006-07-04,8.521,8.521,0.0,17.77,17.77,0.0,26.3,26.3,0.0
2006-07-05,8.907,8.907,0.0,18.89,18.89,0.0,27.95,27.95,0.0
2006-07-06,8.555,8.555,0.0,18.12,18.12,0.0,26.37,26.37,0.0
2006-07-07,8.286,8.286,0.0,17.8,17.8,0.0,25.77,25.77,0.0
2006-07-08,8.011,8.011,0.0,17.07,17.07,0.0,24.9,24.9,0.0
2006-07-09,8.079,8.079,0.0,16.94,16.94,0.0,24.7,24.7,0.0
2006-07-10,8.087,8.087,0.0,17.06,17.06,0.0,24.82,24.82,0.0
2006-07-11,7.83,7.83,0.0,17.02,17.02,0.0,24.63,24.63,0.0
2006-07-12,7.957,7.957,0.0,16.98,16.98,0.0,25.11,25.11,0.0
2006-07-13,8.274,8.274,0.0,17.94,17.94,0.0,26.53,26.53,0.0
2006-07-14,7.828,7.828,0.0,16.91,16.91,0.0,24.48,24.48,0.0
2006-07-15,7.718,7.718,0.0,16.98,16.98,0.0,24.56,24.56,0.0
2006-07-16,7.519,7.519,0.0,16.38,16.38,0.0,23.72,23.72,0.0
2006-07-17,7.633,7.633,0.0,15.92,15.92,0.0,23.35,23.35,0.0
2006-07-18,7.702,7.702,0.0,16.14,16.14,0.0,23.65,23.65,0.0
2006-07-19,7.708,7.708,0.0,16.0,16.0,0.0,23.36,23.36,0.0
2006-07-20,7.561,7.561,0.0,15.94,15.94,0.0,23.24,23.24,0.0
2006-07-21,7.503,7.503,0.0,15.55,15.55,0.0,22.88,22.88,0.0
2006-07-22,7.34,7.34,0.0,15.32,15.32,0.0,22.44,22.44,0.0
2006-07-23,7.285,7.285,0.0,15.17,15.17,0.0,22.11,22.11,0.0
2006-07-24,7.179,7.179,0.0,15.1,15.1,0.0,21.97,21.97,0.0
2006-07-25,7.141,7.141,0.0,14.88,14.88,0.0,21.78,21.78,0.0
2006-07-26,6.887,6.887,0.0,14.53,14.53,0.0,21.12,21.12,0.0
2006-07-27,6.906,6.906,0.0,14.25,14.25,0.0,20.83,20.83,0.0
2006-07-28,6.82,6.82,0.0,14.23,14.23,0.0,20.75,20.75,0.0
2006-07-29,6.779,6.779,0.0,13.96,13.96,0.0,20.43,20.43,0.0
2006-07-30,6.635,6.635,0.0,13.79,13.79,0.0,20.16,20.16,0.0
2006-07-31,6.489,6.489,0.0,13.54,13.54,0.0,19.73,19.73,0.0
2006-08-01,6.444,6.444,0.0,13.4,13.4,0.0,19.55,19.55,0.0
2006-08-02,6.409,6.409,0.0,13.3,13.3,0.0,19.41,19.41,0.0
2006-08-03,6.291,6.291,0.0,13.06,13.06,0.0,19.09,19.09,0.0
2006-08-04,6.158,6.158,0.0,12.77,12.77,0.0,18.65,18.65,0.0
2006-08-05,6.11,6.11,0.0,12.71,12.71,0.0,18.54,18.54,0.0
2006-08-06,6.178,6.178,0.0,12.89,12.89,0.0,18.92,18.92,0.0
2006-08-07,6.042,6.042,0.0,12.59,12.59,0.0,18.46,18.46,0.0
2006-08-08,6.002,6.002,0.0,12.47,12.47,0.0,18.3,18.3,0.0
2006-08-09,5.946,5.946,0.0,12.48,12.48,0.0,18.37,18.37,0.0
2006-08-10,5.818,5.818,0.0,12.19,12.19,0.0,17.87,17.87,0.0
2006-08-11,5.678,5.678,0.0,11.81,11.81,0.0,17.23,17.23,0.0
2006-08-12,5.604,5.604,0.0,11.64,11.64,0.0,16.99,16.99,0.0
2006-08-13,5.488,5.488,0.0,11.44,11.44,0.0,16.7,16.7,0.0
2006-08-14,5.439,5.439,0.0,11.34,11.34,0.0,16.52,16.52,0.0
2006-08-15,5.386,5.386,0.0,11.19,11.19,0.0,16.33,16.33,0.0
2006-08-16,5.317,5.317,0.0,11.04,11.04,0.0,16.11,16.11,0.0
2006-08-17,5.255,5.255,0.0,10.92,10.92,0.0,15.93,15.93,0.0
2006-08-18,5.136,5.136,0.0,10.72,10.72,0.0,15.63,15.63,0.0
2006-08-19,5.162,5.162,0.0,10.8,10.8,0.0,15.82,15.82,0.0
2006-08-20,5.045,5.045,0.0,10.46,10.46,0.0,15.28,15.28,0.0
2006-08-21,4.978,4.978,0.0,10.33,10.33,0.0,15.08,15.08,0.0
2006-08-22,4.923,4.923,0.0,10.17,10.17,0.0,14.85,14.85,0.0
2006-08-23,4.825,4.825,0.0,10.05,10.05,0.0,14.65,14.65,0.0
2006-08-24,4.775,4.775,0.0,9.915,9.915,0.0,14.47,14.47,0.0
2006-08-25,4.716,4.716,0.0,9.802,9.802,0.0,14.3,14.3,0.0
2006-08-26,4.836,4.836,0.0,10.14,10.14,0.0,14.97,14.97,0.0
2006-08-27,4.983,4.983,0.0,10.64,10.64,0.0,15.89,15.89,0.0
2006-08-28,5.006,5.006,0.0,10.6,10.6,0.0,15.79,15.79,0.0
2006-08-29,5.249,5.249,0.0,10.26,10.26,0.0,15.43,15.43,0.0
2006-08-30,5.307,5.307,0.0,10.32,10.32,0.0,15.57,15.57,0.0
2006-08-31,5.518,5.518,0.0,10.41,10.41,0.0,15.84,15.84,0.0
2006-09-01,5.976,5.976,0.0,11.67,11.67,0.0,18.03,18.03,0.0
2006-09-02,5.876,5.876,0.0,10.82,10.82,0.0,16.64,16.64,0.0
2006-09-03,6.576,6.576,0.0,11.09,11.09,0.0,17.53,17.53,0.0
2006-09-04,6.866,6.866,0.0,11.72,11.72,0.0,18.52,18.52,0.0
2006-09-05,7.45,7.45,0.0,12.08,12.08,0.0,19.32,19.32,0.0
2006-09-06,7.443,7.443,0.0,11.62,11.62,0.0,18.71,18.71,0.0
2006-09-07,7.307,7.307,0.0,11.3,11.3,0.0,18.17,18.17,0.0
2006-09-08,6.816,6.816,0.0,11.02,11.02,0.0,17.52,17.52,0.0
2006-09-09,6.739,6.739,0.0,10.9,10.9,0.0,17.3,17.3,0.0
2006-09-10,6.773,6.773,0.0,10.76,10.76,0.0,17.18,17.18,0.0
2006-09-11,6.753,6.753,0.0,10.69,10.69,0.0,17.03,17.03,0.0
2006-09-12,6.676,6.676,0.0,10.61,10.61,0.0,16.99,16.99,0.0
2006-09-13,6.465,6.465,0.0,10.44,10.44,0.0,16.66,16.66,0.0
2006-09-14,6.442,6.442,0.0,10.29,10.29,0.0,16.42,16.42,0.0
2006-09-15,6.42,6.42,0.0,10.18,10.18,0.0,16.2,16.2,0.0
2006-09-16,6.366,6.366,0.0,10.07,10.07,0.0,16.04,16.04,0.0
2006-09-17,6.232,6.232,0.0,9.839,9.839,0.0,15.72,15.72,0.0
2006-09-18,6.038,6.038,0.0,9.744,9.744,0.0,15.52,15.52,0.0
2006-09-19,6.061,6.061,0.0,9.707,9.707,0.0,15.44,15.44,0.0
2006-09-20,6.005,6.005,0.0,9.539,9.539,0.0,15.18,15.18,0.0
2006-09-21,5.866,5.866,0.0,9.321,9.321,0.0,14.86,14.86,0.0
2006-09-22,5.809,5.809,0.0,9.4,9.4,0.0,15.01,15.01,0.0
2006-09-23,5.762,5.762,0.0,9.206,9.206,0.0,14.67,14.67,0.0
2006-09-24,5.831,5.831,0.0,9.439,9.439,0.0,15.09,15.09,0.0
2006-09-25,5.601,5.601,0.0,8.942,8.942,0.0,14.21,14.21,0.0
2006-09-26,5.534,5.534,0.0,8.792,8.792,0.0,14.01,14.01,0.0
2006-09-27,5.399,5.399,0.0,8.682,8.682,0.0,13.81,13.81,0.0
2006-09-28,5.53,5.53,0.0,9.009,9.009,0.0,14.43,14.43,0.0
2006-09-29,5.437,5.437,0.0,8.811,8.811,0.0,14.07,14.07,0.0
2006-09-30,5.72,5.72,0.0,9.371,9.371,0.0,15.11,15.11,0.0
2006-10-01,5.382,5.382,0.0,8.506,8.506,0.0,13.57,13.57,0.0
2006-10-02,5.24,5.24,0.0,8.418,8.418,0.0,13.38,13.38,0.0
2006-10-03,5.198,5.198,0.0,8.327,8.327,0.0,13.22,13.22,0.0
2006-10-04,5.622,5.622,0.0,9.445,9.445,0.0,15.31,15.31,0.0
2006-10-05,5.863,5.863,0.0,9.48,9.48,0.0,15.49,15.49,0.0
2006-10-06,5.921,5.921,0.0,9.785,9.785,0.0,15.83,15.83,0.0
2006-10-07,5.553,5.553,0.0,9.18,9.18,0.0,14.63,14.63,0.0
2006-10-08,5.449,5.449,0.0,8.898,8.898,0.0,14.13,14.13,0.0
2006-10-09,5.376,5.376,0.0,8.697,8.697,0.0,13.82,13.82,0.0
2006-10-10,5.311,5.311,0.0,8.616,8.616,0.0,13.69,13.69,0.0
2006-10-11,5.368,5.368,0.0,8.758,8.758,0.0,14.02,14.02,0.0
2006-10-12,5.17,5.17,0.0,8.537,8.537,0.0,13.56,13.56,0.0
2006-10-13,5.119,5.119,0.0,8.331,8.331,0.0,13.21,13.21,0.0
2006-10-14,5.045,5.045,0.0,8.214,8.214,0.0,13.04,13.04,0.0
2006-10-15,4.992,4.992,0.0,8.075,8.075,0.0,12.85,12.85,0.0
2006-10-16,5.049,5.049,0.0,8.403,8.403,0.0,13.43,13.43,0.0
2006-10-17,5.44,5.44,0.0,9.517,9.517,0.0,15.19,15.19,0.0
2006-10-18,5.008,5.008,0.0,8.558,8.558,0.0,13.32,13.32,0.0
2006-10-19,4.987,4.987,0.0,8.504,8.504,0.0,13.27,13.27,0.0
2006-10-20,4.966,4.966,0.0,8.451,8.451,0.0,13.25,13.25,0.0
2006-10-21,4.77,4.77,0.0,8.073,8.073,0.0,12.66,12.66,0.0
2006-10-22,4.78,4.78,0.0,8.166,8.166,0.0,12.78,12.78,0.0
2006-10-23,4.74,4.74,0.0,8.133,8.133,0.0,12.69,12.69,0.0
2006-10-24,4.711,4.711,0.0,8.098,8.098,0.0,12.64,12.64,0.0
2006-10-25,4.592,4.592,0.0,7.839,7.839,0.0,12.22,12.22,0.0
2006-10-26,4.627,4.627,0.0,7.985,7.985,0.0,12.57,12.57,0.0
2006-10-27,5.305,5.305,0.0,9.524,9.524,0.0,15.05,15.05,0.0
2006-10-28,5.164,5.164,0.0,9.138,9.138,0.0,14.21,14.21,0.0
2006-10-29,5.043,5.043,0.0,8.908,8.908,0.0,13.74,13.74,0.0
2006-10-30,4.961,4.961,0.0,8.817,8.817,0.0,13.58,13.58,0.0
2006-10-31,4.899,4.899,0.0,8.744,8.744,0.0,13.45,13.45,0.0
2006-11-01,5.017,5.017,0.0,8.81,8.81,0.0,13.9,13.9,0.0
2006-11-02,4.852,4.852,0.0,8.546,8.546,0.0,13.22,13.22,0.0
2006-11-03,4.805,4.805,0.0,8.567,8.567,0.0,13.19,13.19,0.0
2006-11-04,4.714,4.714,0.0,8.473,8.473,0.0,12.96,12.96,0.0
2006-11-05,4.634,4.634,0.0,8.482,8.482,0.0,12.94,12.94,0.0
2006-11-06,4.683,4.683,0.0,8.006,8.006,0.0,12.48,12.48,0.0
2006-11-07,5.141,5.141,0.0,8.756,8.756,0.0,13.81,13.81,0.0
2006-11-08,5.056,5.056,0.0,8.71,8.71,0.0,13.6,13.6,0.0
2006-11-09,4.909,4.909,0.0,8.552,8.552,0.0,13.21,13.21,0.0
2006-11-10,4.806,4.806,0.0,8.462,8.462,0.0,12.96,12.96,0.0
2006-11-11,5.33,5.33,0.0,9.477,9.477,0.0,14.77,14.77,0.0
2006-11-12,5.057,5.057,0.0,8.664,8.664,0.0,13.6,13.6,0.0
2006-11-13,5.017,5.017,0.0,8.758,8.758,0.0,13.59,13.59,0.0
2006-11-14,4.965,4.965,0.0,8.743,8.743,0.0,13.42,13.42,0.0
2006-11-15,6.159,6.159,0.0,10.4,10.4,0.0,16.52,16.52,0.0
2006-11-16,7.188,7.188,0.0,12.52,12.52,0.0,19.7,19.7,0.0
2006-11-17,7.053,7.053,0.0,11.58,11.58,0.0,18.29,18.29,0.0
2006-11-18,6.953,6.953,0.0,11.37,11.37,0.0,17.88,17.88,0.0
2006-11-19,6.103,6.103,0.0,10.13,10.13,0.0,15.86,15.86,0.0
2006-11-20,5.999,5.999,0.0,10.16,10.16,0.0,15.95,15.95,0.0
2006-11-21,6.283,6.283,0.0,10.58,10.58,0.0,16.54,16.54,0.0
2006-11-22,6.393,6.393,0.0,10.48,10.48,0.0,16.66,16.66,0.0
2006-11-23,6.436,6.436,0.0,10.4,10.4,0.0,16.69,16.69,0.0
2006-11-24,6.05,6.05,0.0,10.27,10.27,0.0,16.08,16.08,0.0
2006-11-25,5.976,5.976,0.0,10.32,10.32,0.0,16.09,16.09,0.0
2006-11-26,6.067,6.067,0.0,10.42,10.42,0.0,16.28,16.28,0.0
2006-11-27,5.991,5.991,0.0,9.655,9.655,0.0,15.49,15.49,0.0
2006-11-28,5.719,5.719,0.0,9.803,9.803,0.0,15.34,15.34,0.0
2006-11-29,5.875,5.875,0.0,10.6,10.6,0.0,16.46,16.46,0.0
2006-11-30,6.063,6.063,0.0,10.58,10.58,0.0,16.51,16.51,0.0
2006-12-01,6.245,6.245,0.0,11.14,11.14,0.0,17.28,17.28,0.0
2006-12-02,6.039,6.039,0.0,10.27,10.27,0.0,16.13,16.13,0.0
2006-12-03,5.801,5.801,0.0,9.992,9.992,0.0,15.56,15.56,0.0
2006-12-04,5.66,5.66,0.0,10.3,10.3,0.0,15.77,15.77,0.0
2006-12-05,5.754,5.754,0.0,10.29,10.29,0.0,15.84,15.84,0.0
2006-12-06,5.702,5.702,0.0,9.832,9.832,0.0,15.28,15.28,0.0
2006-12-07,5.608,5.608,0.0,9.88,9.88,0.0,15.4,15.4,0.0
2006-12-08,5.415,5.415,0.0,9.79,9.79,0.0,15.02,15.02,0.0
2006-12-09,5.485,5.485,0.0,9.828,9.828,0.0,15.12,15.12,0.0
2006-12-10,5.431,5.431,0.0,9.817,9.817,0.0,15.08,15.08,0.0
2006-12-11,5.423,5.423,0.0,9.357,9.357,0.0,14.53,14.53,0.0
2006-12-12,5.387,5.387,0.0,9.492,9.492,0.0,14.75,14.75,0.0
2006-12-13,5.197,5.197,0.0,9.5,9.5,0.0,14.55,14.55,0.0
2006-12-14,5.283,5.283,0.0,9.473,9.473,0.0,14.57,14.57,0.0
2006-12-15,5.237,5.237,0.0,9.448,9.448,0.0,14.52,14.52,0.0
2006-12-16,5.167,5.167,0.0,9.055,9.055,0.0,14.0,14.0,0.0
2006-12-17,5.057,5.057,0.0,9.056,9.056,0.0,13.93,13.93,0.0
2006-12-18,5.003,5.003,0.0,9.372,9.372,0.0,14.23,14.23,0.0
2006-12-19,5.002,5.002,0.0,9.181,9.181,0.0,13.99,13.99,0.0
2006-12-20,4.944,4.944,0.0,9.21,9.21,0.0,13.93,13.93,0.0
2006-12-21,5.377,5.377,0.0,9.347,9.347,0.0,14.53,14.53,0.0
2006-12-22,6.518,6.518,0.0,10.9,10.9,0.0,17.28,17.28,0.0
2006-12-23,6.314,6.314,0.0,10.43,10.43,0.0,16.3,16.3,0.0
2006-12-24,6.587,6.587,0.0,9.834,9.834,0.0,15.95,15.95,0.0
2006-12-25,6.923,6.923,0.0,10.77,10.77,0.0,17.36,17.36,0.0
2006-12-26,6.054,6.054,0.0,11.35,11.35,0.0,17.24,17.24,0.0
2006-12-27,6.314,6.314,0.0,10.39,10.39,0.0,16.25,16.25,0.0
2006-12-28,6.476,6.476,0.0,10.5,10.5,0.0,16.49,16.49,0.0
2006-12-29,6.154,6.154,0.0,10.3,10.3,0.0,16.09,16.09,0.0
2006-12-30,6.287,6.287,0.0,10.54,10.54,0.0,16.42,16.42,0.0
2006-12-31,7.492,7.492,0.0,11.47,11.47,0.0,18.49,18.49,0.0
2007-01-01,7.612,7.612,0.0,10.99,10.99,0.0,17.98,17.98,0.0
2007-01-02,7.319,7.319,0.0,11.22,11.22,0.0,17.77,17.77,0.0
2007-01-03,6.831,6.831,0.0,10.78,10.78,0.0,17.01,17.01,0.0
2007-01-04,7.527,7.527,0.0,11.37,11.37,0.0,18.11,18.11,0.0
2007-01-05,7.865,7.865,0.0,12.16,12.16,0.0,19.36,19.36,0.0
2007-01-06,7.904,7.904,0.0,11.72,11.72,0.0,18.81,18.81,0.0
2007-01-07,9.293,9.293,0.0,13.39,13.39,0.0,21.83,21.83,0.0
2007-01-08,8.605,8.605,0.0,12.27,12.27,0.0,20.19,20.19,0.0
2007-01-09,7.868,7.868,0.0,12.47,12.47,0.0,19.77,19.77,0.0
2007-01-10,7.859,7.859,0.0,12.2,12.2,0.0,19.29,19.29,0.0
2007-01-11,8.2,8.2,0.0,12.35,12.35,0.0,19.77,19.77,0.0
2007-01-12,8.063,8.063,0.0,14.28,14.28,0.0,22.0,22.0,0.0
2007-01-13,8.133,8.133,0.0,13.6,13.6,0.0,21.23,21.23,0.0
2007-01-14,7.765,7.765,0.0,13.84,13.84,0.0,21.15,21.15,0.0
2007-01-15,7.959,7.959,0.0,13.53,13.53,0.0,20.68,20.68,0.0
2007-01-16,7.72,7.72,0.0,14.06,14.06,0.0,21.21,21.21,0.0
2007-01-17,7.654,7.654,0.0,13.48,13.48,0.0,20.42,20.42,0.0
2007-01-18,7.666,7.666,0.0,12.85,12.85,0.0,19.83,19.83,0.0
2007-01-19,7.572,7.572,0.0,13.11,13.11,0.0,20.05,20.05,0.0
2007-01-20,7.626,7.626,0.0,13.0,13.0,0.0,19.98,19.98,0.0
2007-01-21,7.277,7.277,0.0,12.95,12.95,0.0,19.79,19.79,0.0
2007-01-22,7.363,7.363,0.0,12.96,12.96,0.0,19.71,19.71,0.0
2007-01-23,7.118,7.118,0.0,12.77,12.77,0.0,19.27,19.27,0.0
2007-01-24,7.162,7.162,0.0,12.37,12.37,0.0,18.85,18.85,0.0
2007-01-25,7.164,7.164,0.0,12.15,12.15,0.0,18.78,18.78,0.0
2007-01-26,6.82,6.82,0.0,12.05,12.05,0.0,18.23,18.23,0.0
2007-01-27,8.119,8.119,0.0,16.1,16.1,0.0,23.61,23.61,0.0
2007-01-28,6.921,6.921,0.0,12.31,12.31,0.0,18.68,18.68,0.0
2007-01-29,6.8,6.8,0.0,11.61,11.61,0.0,17.74,17.74,0.0
2007-01-30,6.66,6.66,0.0,11.48,11.48,0.0,17.72,17.72,0.0
2007-01-31,6.502,6.502,0.0,11.25,11.25,0.0,17.11,17.11,0.0
2007-02-01,6.366,6.366,0.0,10.99,10.99,0.0,16.74,16.74,0.0
2007-02-02,6.472,6.472,0.0,10.96,10.96,0.0,16.88,16.88,0.0
2007-02-03,6.347,6.347,0.0,10.92,10.92,0.0,16.67,16.67,0.0
2007-02-04,6.158,6.158,0.0,10.83,10.83,0.0,16.47,16.47,0.0
2007-02-05,6.102,6.102,0.0,10.65,10.65,0.0,16.17,16.17,0.0
2007-02-06,6.17,6.17,0.0,10.48,10.48,0.0,16.18,16.18,0.0
2007-02-07,6.018,6.018,0.0,10.16,10.16,0.0,15.6,15.6,0.0
2007-02-08,6.005,6.005,0.0,10.12,10.12,0.0,15.54,15.54,0.0
2007-02-09,5.719,5.719,0.0,10.05,10.05,0.0,15.23,15.23,0.0
2007-02-10,5.778,5.778,0.0,9.65,9.65,0.0,14.83,14.83,0.0
2007-02-11,5.719,5.719,0.0,9.676,9.676,0.0,14.84,14.84,0.0
2007-02-12,5.751,5.751,0.0,9.867,9.867,0.0,15.19,15.19,0.0
2007-02-13,5.814,5.814,0.0,10.18,10.18,0.0,15.78,15.78,0.0
2007-02-14,5.56,5.56,0.0,9.865,9.865,0.0,15.08,15.08,0.0
2007-02-15,5.473,5.473,0.0,9.335,9.335,0.0,14.36,14.36,0.0
2007-02-16,5.38,5.38,0.0,9.105,9.105,0.0,13.96,13.96,0.0
2007-02-17,5.472,5.472,0.0,9.356,9.356,0.0,14.44,14.44,0.0
2007-02-18,5.232,5.232,0.0,9.236,9.236,0.0,14.15,14.15,0.0
2007-02-19,5.179,5.179,0.0,9.067,9.067,0.0,13.9,13.9,0.0
2007-02-20,11.0,11.0,0.0,22.19,22.19,0.0,34.4,34.4,0.0
2007-02-21,19.04,19.04,0.0,28.14,28.14,0.0,48.4,48.4,0.0
2007-02-22,7.794,7.794,0.0,15.59,15.59,0.0,24.34,24.34,0.0
2007-02-23,5.123,5.123,0.0,9.087,9.087,0.0,13.96,13.96,0.0
2007-02-24,5.554,5.554,0.0,10.16,10.16,0.0,15.95,15.95,0.0
2007-02-25,5.576,5.576,0.0,10.78,10.78,0.0,16.42,16.42,0.0
2007-02-26,7.643,7.643,0.0,13.06,13.06,0.0,21.16,21.16,0.0
2007-02-27,8.981,8.981,0.0,12.08,12.08,0.0,21.17,21.17,0.0
2007-02-28,7.206,7.206,0.0,12.68,12.68,0.0,19.15,19.15,0.0
2007-03-01,25.63,25.63,0.0,45.04,45.04,0.0,67.46,67.46,0.0
2007-03-02,9.073,9.073,0.0,26.75,26.75,0.0,36.33,36.33,0.0
2007-03-03,8.78,8.78,0.0,19.53,19.53,0.0,28.3,28.3,0.0
2007-03-04,7.153,7.153,0.0,14.34,14.34,0.0,21.15,21.15,0.0
2007-03-05,7.408,7.408,0.0,13.08,13.08,0.0,20.28,20.28,0.0
2007-03-06,7.645,7.645,0.0,12.05,12.05,0.0,19.57,19.57,0.0
2007-03-07,8.249,8.249,0.0,12.06,12.06,0.0,19.7,19.7,0.0
2007-03-08,8.08,8.08,0.0,12.64,12.64,0.0,20.17,20.17,0.0
2007-03-09,9.159,9.159,0.0,20.72,20.72,0.0,29.09,29.09,0.0
2007-03-10,9.103,9.103,0.0,50.93,50.93,0.0,60.01,60.01,0.0
2007-03-11,9.788,9.788,0.0,22.6,22.6,0.0,32.06,32.06,0.0
2007-03-12,10.04,10.04,0.0,18.88,18.88,0.0,28.33,28.33,0.0
2007-03-13,8.613,8.613,0.0,18.35,18.35,0.0,26.54,26.54,0.0
2007-03-14,9.265,9.265,0.0,19.48,19.48,0.0,28.64,28.64,0.0
2007-03-15,12.22,12.22,0.0,24.43,24.43,0.0,36.31,36.31,0.0
2007-03-16,13.6,13.6,0.0,24.65,24.65,0.0,37.41,37.41,0.0
2007-03-17,11.31,11.31,0.0,20.91,20.91,0.0,32.33,32.33,0.0
2007-03-18,10.63,10.63,0.0,20.1,20.1,0.0,29.98,29.98,0.0
2007-03-19,11.42,11.42,0.0,22.9,22.9,0.0,33.88,33.88,0.0
2007-03-20,11.47,11.47,0.0,23.33,23.33,0.0,34.36,34.36,0.0
2007-03-21,11.58,11.58,0.0,22.54,22.54,0.0,33.66,33.66,0.0
2007-03-22,10.67,10.67,0.0,21.69,21.69,0.0,31.77,31.77,0.0
2007-03-23,10.49,10.49,0.0,22.51,22.51,0.0,32.9,32.9,0.0
2007-03-24,10.94,10.94,0.0,22.51,22.51,0.0,33.3,33.3,0.0
2007-03-25,10.83,10.83,0.0,23.16,23.16,0.0,33.76,33.76,0.0
2007-03-26,10.33,10.33,0.0,22.39,22.39,0.0,32.17,32.17,0.0
2007-03-27,10.12,10.12,0.0,21.52,21.52,0.0,31.39,31.39,0.0
2007-03-28,13.02,13.02,0.0,22.59,22.59,0.0,34.34,34.34,0.0
2007-03-29,12.02,12.02,0.0,23.19,23.19,0.0,34.4,34.4,0.0
2007-03-30,12.03,12.03,0.0,23.47,23.47,0.0,34.63,34.63,0.0
2007-03-31,11.49,11.49,0.0,21.84,21.84,0.0,32.17,32.17,0.0
2007-04-01,11.08,11.08,0.0,22.92,22.92,0.0,33.7,33.7,0.0
2007-04-02,11.4,11.4,0.0,22.26,22.26,0.0,32.97,32.97,0.0
2007-04-03,11.6,11.6,0.0,22.83,22.83,0.0,33.67,33.67,0.0
2007-04-04,11.14,11.14,0.0,21.73,21.73,0.0,32.16,32.16,0.0
2007-04-05,10.59,10.59,0.0,21.73,21.73,0.0,31.67,31.67,0.0
2007-04-06,10.96,10.96,0.0,21.56,21.56,0.0,31.83,31.83,0.0
2007-04-07,11.1,11.1,0.0,22.05,22.05,0.0,32.5,32.5,0.0
2007-04-08,10.93,10.93,0.0,21.76,21.76,0.0,31.94,31.94,0.0
2007-04-09,10.25,10.25,0.0,20.82,20.82,0.0,30.35,30.35,0.0
2007-04-10,10.48,10.48,0.0,20.61,20.61,0.0,30.45,30.45,0.0
2007-04-11,11.98,11.98,0.0,22.2,22.2,0.0,33.42,33.42,0.0
2007-04-12,11.65,11.65,0.0,22.73,22.73,0.0,33.65,33.65,0.0
2007-04-13,12.38,12.38,0.0,22.76,22.76,0.0,34.22,34.22,0.0
2007-04-14,19.53,19.53,0.0,32.72,32.72,0.0,51.47,51.47,0.0
2007-04-15,18.99,18.99,0.0,31.38,31.38,0.0,48.79,48.79,0.0
2007-04-16,15.19,15.19,0.0,28.4,28.4,0.0,43.72,43.72,0.0
2007-04-17,12.68,12.68,0.0,26.44,26.44,0.0,38.74,38.74,0.0
2007-04-18,13.26,13.26,0.0,26.02,26.02,0.0,38.63,38.63,0.0
2007-04-19,13.76,13.76,0.0,27.06,27.06,0.0,40.21,40.21,0.0
2007-04-20,12.77,12.77,0.0,26.7,26.7,0.0,39.49,39.49,0.0
2007-04-21,13.25,13.25,0.0,24.49,24.49,0.0,37.2,37.2,0.0
2007-04-22,13.09,13.09,0.0,25.67,25.67,0.0,38.19,38.19,0.0
2007-04-23,13.29,13.29,0.0,26.29,26.29,0.0,38.93,38.93,0.0
2007-04-24,12.56,12.56,0.0,26.06,26.06,0.0,38.39,38.39,0.0
2007-04-25,12.59,12.59,0.0,24.48,24.48,0.0,36.58,36.58,0.0
2007-04-26,13.28,13.28,0.0,25.36,25.36,0.0,38.44,38.44,0.0
2007-04-27,12.86,12.86,0.0,25.69,25.69,0.0,38.07,38.07,0.0
2007-04-28,12.97,12.97,0.0,25.93,25.93,0.0,38.29,38.29,0.0
2007-04-29,12.09,12.09,0.0,25.24,25.24,0.0,37.19,37.19,0.0
2007-04-30,12.4,12.4,0.0,23.64,23.64,0.0,35.57,35.57,0.0
2007-05-01,12.24,12.24,0.0,24.47,24.47,0.0,36.27,36.27,0.0
2007-05-02,12.33,12.33,0.0,24.67,24.67,0.0,36.4,36.4,0.0
2007-05-03,12.54,12.54,0.0,24.76,24.76,0.0,36.65,36.65,0.0
2007-05-04,11.76,11.76,0.0,23.15,23.15,0.0,34.49,34.49,0.0
2007-05-05,12.27,12.27,0.0,23.45,23.45,0.0,35.17,35.17,0.0
2007-05-06,11.96,11.96,0.0,23.71,23.71,0.0,34.95,34.95,0.0
2007-05-07,12.05,12.05,0.0,23.79,23.79,0.0,35.11,35.11,0.0
2007-05-08,11.5,11.5,0.0,23.05,23.05,0.0,33.97,33.97,0.0
2007-05-09,11.53,11.53,0.0,22.03,22.03,0.0,32.97,32.97,0.0
2007-05-10,11.59,11.59,0.0,22.4,22.4,0.0,33.24,33.24,0.0
2007-05-11,11.33,11.33,0.0,22.5,22.5,0.0,33.16,33.16,0.0
2007-05-12,11.64,11.64,0.0,23.21,23.21,0.0,34.62,34.62,0.0
2007-05-13,10.99,10.99,0.0,21.42,21.42,0.0,31.97,31.97,0.0
2007-05-14,10.92,10.92,0.0,21.28,21.28,0.0,31.79,31.79,0.0
2007-05-15,10.79,10.79,0.0,21.5,21.5,0.0,31.78,31.78,0.0
2007-05-16,11.1,11.1,0.0,22.59,22.59,0.0,33.49,33.49,0.0
2007-05-17,10.9,10.9,0.0,23.02,23.02,0.0,34.01,34.01,0.0
2007-05-18,11.54,11.54,0.0,24.8,24.8,0.0,36.76,36.76,0.0
2007-05-19,11.03,11.03,0.0,23.9,23.9,0.0,34.97,34.97,0.0
2007-05-20,10.83,10.83,0.0,22.08,22.08,0.0,32.79,32.79,0.0
2007-05-21,10.64,10.64,0.0,21.87,21.87,0.0,32.21,32.21,0.0
2007-05-22,10.38,10.38,0.0,22.45,22.45,0.0,32.73,32.73,0.0
2007-05-23,10.23,10.23,0.0,22.56,22.56,0.0,32.77,32.77,0.0
2007-05-24,10.32,10.32,0.0,20.69,20.69,0.0,30.79,30.79,0.0
2007-05-25,10.14,10.14,0.0,21.28,21.28,0.0,31.26,31.26,0.0
2007-05-26,10.01,10.01,0.0,21.52,21.52,0.0,31.44,31.44,0.0
2007-05-27,9.9,9.9,0.0,21.49,21.49,0.0,31.21,31.21,0.0
2007-05-28,9.707,9.707,0.0,20.1,20.1,0.0,29.62,29.62,0.0
2007-05-29,9.724,9.724,0.0,20.18,20.18,0.0,29.67,29.67,0.0
2007-05-30,9.534,9.534,0.0,20.34,20.34,0.0,29.74,29.74,0.0
2007-05-31,9.399,9.399,0.0,20.57,20.57,0.0,29.97,29.97,0.0
2007-06-01,9.914,9.914,0.0,20.0,20.0,0.0,29.53,29.53,0.0
2007-06-02,9.903,9.903,0.0,19.38,19.38,0.0,28.92,28.92,0.0
2007-06-03,10.99,10.99,0.0,20.59,20.59,0.0,31.33,31.33,0.0
2007-06-04,10.35,10.35,0.0,19.78,19.78,0.0,29.68,29.68,0.0
2007-06-05,9.851,9.851,0.0,19.84,19.84,0.0,29.5,29.5,0.0
2007-06-06,9.468,9.468,0.0,18.83,18.83,0.0,27.97,27.97,0.0
2007-06-07,9.631,9.631,0.0,18.98,18.98,0.0,28.2,28.2,0.0
2007-06-08,9.765,9.765,0.0,19.25,19.25,0.0,28.67,28.67,0.0
2007-06-09,9.252,9.252,0.0,18.61,18.61,0.0,27.49,27.49,0.0
2007-06-10,9.074,9.074,0.0,18.18,18.18,0.0,26.91,26.91,0.0
2007-06-11,9.233,9.233,0.0,17.81,17.81,0.0,26.6,26.6,0.0
2007-06-12,9.557,9.557,0.0,18.71,18.71,0.0,28.15,28.15,0.0
2007-06-13,9.092,9.092,0.0,17.74,17.74,0.0,26.39,26.39,0.0
2007-06-14,8.923,8.923,0.0,17.5,17.5,0.0,25.95,25.95,0.0
2007-06-15,8.946,8.946,0.0,17.21,17.21,0.0,25.65,25.65,0.0
2007-06-16,8.733,8.733,0.0,17.18,17.18,0.0,25.47,25.47,0.0
2007-06-17,8.639,8.639,0.0,17.06,17.06,0.0,25.28,25.28,0.0
2007-06-18,8.579,8.579,0.0,16.61,16.61,0.0,24.66,24.66,0.0
2007-06-19,8.788,8.788,0.0,17.27,17.27,0.0,25.92,25.92,0.0
2007-06-20,8.364,8.364,0.0,16.26,16.26,0.0,24.22,24.22,0.0
2007-06-21,8.462,8.462,0.0,16.49,16.49,0.0,24.62,24.62,0.0
2007-06-22,8.246,8.246,0.0,15.9,15.9,0.0,23.67,23.67,0.0
2007-06-23,8.039,8.039,0.0,15.71,15.71,0.0,23.3,23.3,0.0
2007-06-24,7.976,7.976,0.0,15.45,15.45,0.0,22.99,22.99,0.0
2007-06-25,7.979,7.979,0.0,15.4,15.4,0.0,22.91,22.91,0.0
2007-06-26,7.948,7.948,0.0,15.33,15.33,0.0,22.82,22.82,0.0
2007-06-27,7.967,7.967,0.0,15.41,15.41,0.0,23.12,23.12,0.0
2007-06-28,7.946,7.946,0.0,15.5,15.5,0.0,23.24,23.24,0.0
2007-06-29,7.891,7.891,0.0,15.15,15.15,0.0,22.73,22.73,0.0
2007-06-30,7.723,7.723,0.0,14.74,14.74,0.0,21.98,21.98,0.0
2007-07-01,7.582,7.582,0.0,14.57,14.57,0.0,21.7,21.7,0.0
2007-07-02,7.432,7.432,0.0,14.24,14.24,0.0,21.26,21.26,0.0
2007-07-03,7.309,7.309,0.0,14.13,14.13,0.0,21.0,21.0,0.0
2007-07-04,7.597,7.597,0.0,14.7,14.7,0.0,22.19,22.19,0.0
2007-07-05,7.859,7.859,0.0,15.76,15.76,0.0,23.94,23.94,0.0
2007-07-06,7.123,7.123,0.0,14.07,14.07,0.0,20.89,20.89,0.0
2007-07-07,7.099,7.099,0.0,13.84,13.84,0.0,20.54,20.54,0.0
2007-07-08,6.954,6.954,0.0,13.66,13.66,0.0,20.28,20.28,0.0
2007-07-09,6.926,6.926,0.0,13.56,13.56,0.0,20.14,20.14,0.0
2007-07-10,6.971,6.971,0.0,13.81,13.81,0.0,20.58,20.58,0.0
2007-07-11,6.976,6.976,0.0,13.83,13.83,0.0,20.7,20.7,0.0
2007-07-12,6.672,6.672,0.0,13.16,13.16,0.0,19.48,19.48,0.0
2007-07-13,6.68,6.68,0.0,13.1,13.1,0.0,19.48,19.48,0.0
2007-07-14,6.585,6.585,0.0,12.88,12.88,0.0,19.1,19.1,0.0
2007-07-15,6.771,6.771,0.0,13.72,13.72,0.0,20.6,20.6,0.0
2007-07-16,6.401,6.401,0.0,12.56,12.56,0.0,18.64,18.64,0.0
2007-07-17,6.327,6.327,0.0,12.56,12.56,0.0,18.64,18.64,0.0
2007-07-18,6.286,6.286,0.0,12.47,12.47,0.0,18.49,18.49,0.0
2007-07-19,6.352,6.352,0.0,12.88,12.88,0.0,19.18,19.18,0.0
2007-07-20,6.085,6.085,0.0,12.19,12.19,0.0,17.95,17.95,0.0
2007-07-21,5.968,5.968,0.0,11.86,11.86,0.0,17.5,17.5,0.0
2007-07-22,5.931,5.931,0.0,11.77,11.77,0.0,17.37,17.37,0.0
2007-07-23,5.874,5.874,0.0,11.66,11.66,0.0,17.19,17.19,0.0
2007-07-24,5.75,5.75,0.0,11.54,11.54,0.0,16.99,16.99,0.0
2007-07-25,5.766,5.766,0.0,11.52,11.52,0.0,17.04,17.04,0.0
2007-07-26,5.748,5.748,0.0,11.52,11.52,0.0,17.13,17.13,0.0
2007-07-27,5.933,5.933,0.0,11.82,11.82,0.0,17.7,17.7,0.0
2007-07-28,5.594,5.594,0.0,11.09,11.09,0.0,16.37,16.37,0.0
2007-07-29,5.662,5.662,0.0,11.44,11.44,0.0,17.02,17.02,0.0
2007-07-30,5.482,5.482,0.0,10.87,10.87,0.0,16.01,16.01,0.0
2007-07-31,5.381,5.381,0.0,10.75,10.75,0.0,15.82,15.82,0.0
2007-08-01,5.339,5.339,0.0,10.66,10.66,0.0,15.67,15.67,0.0
2007-08-02,5.577,5.577,0.0,11.48,11.48,0.0,17.18,17.18,0.0
2007-08-03,5.205,5.205,0.0,10.46,10.46,0.0,15.34,15.34,0.0
2007-08-04,5.11,5.11,0.0,10.2,10.2,0.0,15.0,15.0,0.0
2007-08-05,5.389,5.389,0.0,10.99,10.99,0.0,16.45,16.45,0.0
2007-08-06,5.12,5.12,0.0,10.35,10.35,0.0,15.28,15.28,0.0
2007-08-07,4.961,4.961,0.0,10.03,10.03,0.0,14.71,14.71,0.0
2007-08-08,5.142,5.142,0.0,10.56,10.56,0.0,15.7,15.7,0.0
2007-08-09,5.263,5.263,0.0,10.99,10.99,0.0,16.5,16.5,0.0
2007-08-10,5.004,5.004,0.0,10.44,10.44,0.0,15.44,15.44,0.0
2007-08-11,4.75,4.75,0.0,9.84,9.84,0.0,14.37,14.37,0.0
2007-08-12,4.703,4.703,0.0,9.724,9.724,0.0,14.19,14.19,0.0
2007-08-13,4.649,4.649,0.0,9.6,9.6,0.0,14.02,14.02,0.0
2007-08-14,4.564,4.564,0.0,9.4,9.4,0.0,13.75,13.75,0.0
2007-08-15,4.503,4.503,0.0,9.323,9.323,0.0,13.62,13.62,0.0
2007-08-16,4.774,4.774,0.0,9.933,9.933,0.0,14.8,14.8,0.0
2007-08-17,4.504,4.504,0.0,9.307,9.307,0.0,13.65,13.65,0.0
2007-08-18,4.389,4.389,0.0,9.028,9.028,0.0,13.23,13.23,0.0
2007-08-19,4.743,4.743,0.0,9.892,9.892,0.0,14.85,14.85,0.0
2007-08-20,4.992,4.992,0.0,10.39,10.39,0.0,15.71,15.71,0.0
2007-08-21,4.577,4.577,0.0,9.351,9.351,0.0,13.79,13.79,0.0
2007-08-22,4.492,4.492,0.0,9.154,9.154,0.0,13.48,13.48,0.0
2007-08-23,4.384,4.384,0.0,8.899,8.899,0.0,13.1,13.1,0.0
2007-08-24,4.336,4.336,0.0,8.822,8.822,0.0,12.97,12.97,0.0
2007-08-25,5.226,5.226,0.0,8.723,8.723,0.0,13.26,13.26,0.0
2007-08-26,4.567,4.567,0.0,8.624,8.624,0.0,12.83,12.83,0.0
2007-08-27,4.491,4.491,0.0,8.518,8.518,0.0,12.66,12.66,0.0
2007-08-28,4.416,4.416,0.0,8.345,8.345,0.0,12.42,12.42,0.0
2007-08-29,4.367,4.367,0.0,8.269,8.269,0.0,12.3,12.3,0.0
2007-08-30,4.463,4.463,0.0,8.564,8.564,0.0,12.88,12.88,0.0
2007-08-31,4.268,4.268,0.0,8.087,8.087,0.0,12.02,12.02,0.0
2007-09-01,4.189,4.189,0.0,7.937,7.937,0.0,11.81,11.81,0.0
2007-09-02,4.148,4.148,0.0,7.848,7.848,0.0,11.68,11.68,0.0
2007-09-03,4.101,4.101,0.0,7.751,7.751,0.0,11.53,11.53,0.0
2007-09-04,4.052,4.052,0.0,7.654,7.654,0.0,11.39,11.39,0.0
2007-09-05,3.999,3.999,0.0,7.531,7.531,0.0,11.22,11.22,0.0
2007-09-06,3.931,3.931,0.0,7.447,7.447,0.0,11.08,11.08,0.0
2007-09-07,3.89,3.89,0.0,7.351,7.351,0.0,10.94,10.94,0.0
2007-09-08,3.845,3.845,0.0,7.258,7.258,0.0,10.8,10.8,0.0
2007-09-09,3.83,3.83,0.0,7.154,7.154,0.0,10.68,10.68,0.0
2007-09-10,4.393,4.393,0.0,8.358,8.358,0.0,12.94,12.94,0.0
2007-09-11,4.347,4.347,0.0,8.115,8.115,0.0,12.44,12.44,0.0
2007-09-12,4.03,4.03,0.0,7.372,7.372,0.0,11.08,11.08,0.0
2007-09-13,3.988,3.988,0.0,7.255,7.255,0.0,10.92,10.92,0.0
2007-09-14,4.316,4.316,0.0,7.929,7.929,0.0,12.2,12.2,0.0
2007-09-15,4.007,4.007,0.0,7.251,7.251,0.0,10.94,10.94,0.0
2007-09-16,3.962,3.962,0.0,7.151,7.151,0.0,10.8,10.8,0.0
2007-09-17,3.915,3.915,0.0,7.057,7.057,0.0,10.66,10.66,0.0
2007-09-18,3.866,3.866,0.0,6.953,6.953,0.0,10.51,10.51,0.0
2007-09-19,3.818,3.818,0.0,6.873,6.873,0.0,10.38,10.38,0.0
2007-09-20,3.757,3.757,0.0,6.789,6.789,0.0,10.25,10.25,0.0
2007-09-21,3.716,3.716,0.0,6.7,6.7,0.0,10.12,10.12,0.0
2007-09-22,3.672,3.672,0.0,6.617,6.617,0.0,9.995,9.995,0.0
2007-09-23,3.626,3.626,0.0,6.519,6.519,0.0,9.851,9.851,0.0
2007-09-24,3.582,3.582,0.0,6.443,6.443,0.0,9.735,9.735,0.0
2007-09-25,3.524,3.524,0.0,6.364,6.364,0.0,9.609,9.609,0.0
2007-09-26,3.488,3.488,0.0,6.286,6.286,0.0,9.499,9.499,0.0
2007-09-27,3.652,3.652,0.0,6.773,6.773,0.0,10.42,10.42,0.0
2007-09-28,3.412,3.412,0.0,6.165,6.165,0.0,9.318,9.318,0.0
2007-09-29,3.369,3.369,0.0,6.087,6.087,0.0,9.202,9.202,0.0
2007-09-30,3.316,3.316,0.0,6.011,6.011,0.0,9.082,9.082,0.0
2007-10-01,3.28,3.28,0.0,5.938,5.938,0.0,8.974,8.974,0.0
2007-10-02,3.241,3.241,0.0,5.862,5.862,0.0,8.861,8.861,0.0
2007-10-03,3.201,3.201,0.0,5.778,5.778,0.0,8.736,8.736,0.0
2007-10-04,3.151,3.151,0.0,5.712,5.712,0.0,8.63,8.63,0.0
2007-10-05,3.117,3.117,0.0,5.642,5.642,0.0,8.526,8.526,0.0
2007-10-06,3.08,3.08,0.0,5.573,5.573,0.0,8.423,8.423,0.0
2007-10-07,3.042,3.042,0.0,5.502,5.502,0.0,8.314,8.314,0.0
2007-10-08,3.005,3.005,0.0,5.422,5.422,0.0,8.201,8.201,0.0
2007-10-09,3.166,3.166,0.0,6.034,6.034,0.0,9.256,9.256,0.0
2007-10-10,2.928,2.928,0.0,5.407,5.407,0.0,8.122,8.122,0.0
2007-10-11,2.962,2.962,0.0,5.538,5.538,0.0,8.379,8.379,0.0
2007-10-12,2.858,2.858,0.0,5.289,5.289,0.0,7.936,7.936,0.0
2007-10-13,2.816,2.816,0.0,5.212,5.212,0.0,7.824,7.824,0.0
2007-10-14,2.782,2.782,0.0,5.152,5.152,0.0,7.732,7.732,0.0
2007-10-15,2.749,2.749,0.0,5.091,5.091,0.0,7.64,7.64,0.0
2007-10-16,2.716,2.716,0.0,5.028,5.028,0.0,7.546,7.546,0.0
2007-10-17,2.682,2.682,0.0,4.963,4.963,0.0,7.447,7.447,0.0
2007-10-18,2.642,2.642,0.0,4.892,4.892,0.0,7.344,7.344,0.0
2007-10-19,2.762,2.762,0.0,5.263,5.263,0.0,8.034,8.034,0.0
2007-10-20,2.586,2.586,0.0,4.821,4.821,0.0,7.229,7.229,0.0
2007-10-21,2.554,2.554,0.0,4.762,4.762,0.0,7.14,7.14,0.0
2007-10-22,2.517,2.517,0.0,4.699,4.699,0.0,7.043,7.043,0.0
2007-10-23,3.033,3.033,0.0,5.993,5.993,0.0,9.378,9.378,0.0
2007-10-24,4.313,4.313,0.0,8.077,8.077,0.0,12.88,12.88,0.0
2007-10-25,3.514,3.514,0.0,6.734,6.734,0.0,10.33,10.33,0.0
2007-10-26,3.858,3.858,0.0,7.628,7.628,0.0,11.75,11.75,0.0
2007-10-27,3.596,3.596,0.0,7.235,7.235,0.0,10.88,10.88,0.0
2007-10-28,3.452,3.452,0.0,6.924,6.924,0.0,10.29,10.29,0.0
2007-10-29,3.404,3.404,0.0,6.864,6.864,0.0,10.18,10.18,0.0
2007-10-30,3.363,3.363,0.0,6.432,6.432,0.0,9.717,9.717,0.0
2007-10-31,3.326,3.326,0.0,6.526,6.526,0.0,9.777,9.777,0.0
2007-11-01,3.286,3.286,0.0,6.545,6.545,0.0,9.758,9.758,0.0
2007-11-02,3.239,3.239,0.0,6.514,6.514,0.0,9.679,9.679,0.0
2007-11-03,3.199,3.199,0.0,6.375,6.375,0.0,9.505,9.505,0.0
2007-11-04,3.162,3.162,0.0,6.16,6.16,0.0,9.254,9.254,0.0
2007-11-05,3.353,3.353,0.0,6.926,6.926,0.0,10.44,10.44,0.0
2007-11-06,3.185,3.185,0.0,6.668,6.668,0.0,9.856,9.856,0.0
2007-11-07,3.088,3.088,0.0,6.512,6.512,0.0,9.539,9.539,0.0
2007-11-08,3.054,3.054,0.0,6.365,6.365,0.0,9.361,9.361,0.0
2007-11-09,3.206,3.206,0.0,6.539,6.539,0.0,9.818,9.818,0.0
2007-11-10,3.089,3.089,0.0,6.531,6.531,0.0,9.601,9.601,0.0
2007-11-11,3.095,3.095,0.0,6.703,6.703,0.0,9.768,9.768,0.0
2007-11-12,3.204,3.204,0.0,7.116,7.116,0.0,10.37,10.37,0.0
2007-11-13,3.154,3.154,0.0,7.236,7.236,0.0,10.41,10.41,0.0
2007-11-14,3.568,3.568,0.0,8.037,8.037,0.0,11.7,11.7,0.0
2007-11-15,3.73,3.73,0.0,8.636,8.636,0.0,12.57,12.57,0.0
2007-11-16,3.531,3.531,0.0,7.65,7.65,0.0,11.17,11.17,0.0
2007-11-17,3.495,3.495,0.0,7.681,7.681,0.0,11.17,11.17,0.0
2007-11-18,3.428,3.428,0.0,7.769,7.769,0.0,11.2,11.2,0.0
2007-11-19,3.374,3.374,0.0,7.847,7.847,0.0,11.18,11.18,0.0
2007-11-20,3.343,3.343,0.0,7.704,7.704,0.0,11.01,11.01,0.0
2007-11-21,3.314,3.314,0.0,7.454,7.454,0.0,10.74,10.74,0.0
2007-11-22,3.306,3.306,0.0,7.47,7.47,0.0,10.79,10.79,0.0
2007-11-23,3.201,3.201,0.0,7.482,7.482,0.0,10.67,10.67,0.0
2007-11-24,3.176,3.176,0.0,7.528,7.528,0.0,10.7,10.7,0.0
2007-11-25,3.255,3.255,0.0,7.509,7.509,0.0,10.88,10.88,0.0
2007-11-26,3.546,3.546,0.0,8.351,8.351,0.0,12.11,12.11,0.0
2007-11-27,3.394,3.394,0.0,7.97,7.97,0.0,11.39,11.39,0.0
2007-11-28,3.355,3.355,0.0,7.851,7.851,0.0,11.17,11.17,0.0
2007-11-29,3.244,3.244,0.0,7.845,7.845,0.0,11.1,11.1,0.0
2007-11-30,3.213,3.213,0.0,7.438,7.438,0.0,10.69,10.69,0.0
2007-12-01,3.198,3.198,0.0,7.61,7.61,0.0,10.84,10.84,0.0
2007-12-02,4.159,4.159,0.0,10.2,10.2,0.0,14.97,14.97,0.0
2007-12-03,3.983,3.983,0.0,9.708,9.708,0.0,13.93,13.93,0.0
2007-12-04,3.929,3.929,0.0,9.426,9.426,0.0,13.53,13.53,0.0
2007-12-05,3.968,3.968,0.0,9.197,9.197,0.0,13.36,13.36,0.0
2007-12-06,3.522,3.522,0.0,8.436,8.436,0.0,12.1,12.1,0.0
2007-12-07,3.701,3.701,0.0,9.135,9.135,0.0,13.14,13.14,0.0
2007-12-08,6.731,6.731,0.0,25.28,25.28,0.0,31.55,31.55,0.0
2007-12-09,5.822,5.822,0.0,26.8,26.8,0.0,32.67,32.67,0.0
2007-12-10,4.738,4.738,0.0,14.02,14.02,0.0,19.2,19.2,0.0
2007-12-11,4.666,4.666,0.0,12.76,12.76,0.0,17.71,17.71,0.0
2007-12-12,5.004,5.004,0.0,13.59,13.59,0.0,19.14,19.14,0.0
2007-12-13,5.061,5.061,0.0,14.26,14.26,0.0,19.8,19.8,0.0
2007-12-14,4.558,4.558,0.0,12.08,12.08,0.0,17.19,17.19,0.0
2007-12-15,4.904,4.904,0.0,13.48,13.48,0.0,19.18,19.18,0.0
2007-12-16,5.222,5.222,0.0,14.53,14.53,0.0,20.63,20.63,0.0
2007-12-17,5.173,5.173,0.0,13.85,13.85,0.0,19.78,19.78,0.0
2007-12-18,4.566,4.566,0.0,12.6,12.6,0.0,17.87,17.87,0.0
2007-12-19,4.778,4.778,0.0,12.73,12.73,0.0,17.96,17.96,0.0
2007-12-20,5.382,5.382,0.0,13.71,13.71,0.0,19.37,19.37,0.0
2007-12-21,5.138,5.138,0.0,13.9,13.9,0.0,19.52,19.52,0.0
2007-12-22,6.797,6.797,0.0,18.15,18.15,0.0,24.55,24.55,0.0
2007-12-23,5.562,5.562,0.0,23.59,23.59,0.0,29.48,29.48,0.0
2007-12-24,5.474,5.474,0.0,14.38,14.38,0.0,20.04,20.04,0.0
2007-12-25,5.67,5.67,0.0,14.02,14.02,0.0,19.88,19.88,0.0
2007-12-26,5.548,5.548,0.0,13.92,13.92,0.0,19.76,19.76,0.0
2007-12-27,5.11,5.11,0.0,12.85,12.85,0.0,18.27,18.27,0.0
2007-12-28,6.2,6.2,0.0,16.47,16.47,0.0,23.15,23.15,0.0
2007-12-29,6.095,6.095,0.0,14.44,14.44,0.0,20.78,20.78,0.0
2007-12-30,6.588,6.588,0.0,15.36,15.36,0.0,22.25,22.25,0.0
2007-12-31,6.13,6.13,0.0,15.53,15.53,0.0,21.96,21.96,0.0
2008-01-01,5.883,5.883,0.0,13.68,13.68,0.0,19.69,19.69,0.0
2008-01-02,6.159,6.159,0.0,14.18,14.18,0.0,20.5,20.5,0.0
2008-01-03,6.06,6.06,0.0,14.19,14.19,0.0,20.35,20.35,0.0
2008-01-04,6.002,6.002,0.0,14.59,14.59,0.0,20.77,20.77,0.0
2008-01-05,6.286,6.286,0.0,16.46,16.46,0.0,23.72,23.72,0.0
2008-01-06,5.742,5.742,0.0,17.31,17.31,0.0,23.61,23.61,0.0
2008-01-07,6.012,6.012,0.0,14.8,14.8,0.0,20.98,20.98,0.0
2008-01-08,6.209,6.209,0.0,15.01,15.01,0.0,21.46,21.46,0.0
2008-01-09,6.381,6.381,0.0,15.28,15.28,0.0,21.86,21.86,0.0
2008-01-10,8.329,8.329,0.0,25.8,25.8,0.0,34.35,34.35,0.0
2008-01-11,8.468,8.468,0.0,19.72,19.72,0.0,28.25,28.25,0.0
2008-01-12,7.634,7.634,0.0,15.95,15.95,0.0,23.46,23.46,0.0
2008-01-13,6.941,6.941,0.0,16.54,16.54,0.0,23.55,23.55,0.0
2008-01-14,7.15,7.15,0.0,16.9,16.9,0.0,24.35,24.35,0.0
2008-01-15,7.424,7.424,0.0,17.4,17.4,0.0,25.04,25.04,0.0
2008-01-16,7.023,7.023,0.0,16.9,16.9,0.0,24.02,24.02,0.0
2008-01-17,7.146,7.146,0.0,15.91,15.91,0.0,23.24,23.24,0.0
2008-01-18,6.964,6.964,0.0,15.93,15.93,0.0,23.11,23.11,0.0
2008-01-19,6.953,6.953,0.0,16.34,16.34,0.0,23.54,23.54,0.0
2008-01-20,6.668,6.668,0.0,15.7,15.7,0.0,22.76,22.76,0.0
2008-01-21,6.682,6.682,0.0,15.22,15.22,0.0,21.99,21.99,0.0
2008-01-22,6.853,6.853,0.0,15.34,15.34,0.0,22.33,22.33,0.0
2008-01-23,6.543,6.543,0.0,15.35,15.35,0.0,22.1,22.1,0.0
2008-01-24,6.646,6.646,0.0,14.98,14.98,0.0,21.86,21.86,0.0
2008-01-25,6.239,6.239,0.0,14.27,14.27,0.0,20.8,20.8,0.0
2008-01-26,6.362,6.362,0.0,14.13,14.13,0.0,20.5,20.5,0.0
2008-01-27,6.259,6.259,0.0,14.47,14.47,0.0,20.98,20.98,0.0
2008-01-28,10.45,10.45,0.0,19.7,19.7,0.0,29.42,29.42,0.0
2008-01-29,7.625,7.625,0.0,18.1,18.1,0.0,26.83,26.83,0.0
2008-01-30,6.077,6.077,0.0,14.01,14.01,0.0,20.19,20.19,0.0
2008-01-31,6.21,6.21,0.0,14.08,14.08,0.0,20.56,20.56,0.0
2008-02-01,6.274,6.274,0.0,15.72,15.72,0.0,22.64,22.64,0.0
2008-02-02,14.5,14.5,0.0,24.11,24.11,0.0,38.97,38.97,0.0
2008-02-03,11.8,11.8,0.0,22.87,22.87,0.0,33.78,33.78,0.0
2008-02-04,8.206,8.206,0.0,28.88,28.88,0.0,36.75,36.75,0.0
2008-02-05,7.277,7.277,0.0,16.92,16.92,0.0,24.37,24.37,0.0
2008-02-06,8.709,8.709,0.0,19.76,19.76,0.0,28.71,28.71,0.0
2008-02-07,8.84,8.84,0.0,18.19,18.19,0.0,27.11,27.11,0.0
2008-02-08,8.837,8.837,0.0,17.91,17.91,0.0,26.56,26.56,0.0
2008-02-09,8.428,8.428,0.0,17.64,17.64,0.0,26.05,26.05,0.0
2008-02-10,8.716,8.716,0.0,16.44,16.44,0.0,25.27,25.27,0.0
2008-02-11,8.59,8.59,0.0,17.65,17.65,0.0,26.52,26.52,0.0
2008-02-12,8.292,8.292,0.0,17.31,17.31,0.0,25.89,25.89,0.0
2008-02-13,9.913,9.913,0.0,19.88,19.88,0.0,29.76,29.76,0.0
2008-02-14,8.492,8.492,0.0,17.25,17.25,0.0,25.87,25.87,0.0
2008-02-15,8.276,8.276,0.0,17.12,17.12,0.0,25.54,25.54,0.0
2008-02-16,8.531,8.531,0.0,17.38,17.38,0.0,25.97,25.97,0.0
2008-02-17,8.397,8.397,0.0,17.26,17.26,0.0,25.39,25.39,0.0
2008-02-18,8.569,8.569,0.0,17.24,17.24,0.0,25.84,25.84,0.0
2008-02-19,8.626,8.626,0.0,16.74,16.74,0.0,25.46,25.46,0.0
2008-02-20,8.55,8.55,0.0,17.57,17.57,0.0,26.43,26.43,0.0
2008-02-21,8.183,8.183,0.0,17.52,17.52,0.0,25.67,25.67,0.0
2008-02-22,8.293,8.293,0.0,16.89,16.89,0.0,25.29,25.29,0.0
2008-02-23,8.879,8.879,0.0,18.75,18.75,0.0,28.04,28.04,0.0
2008-02-24,8.114,8.114,0.0,16.57,16.57,0.0,24.83,24.83,0.0
2008-02-25,8.17,8.17,0.0,16.95,16.95,0.0,25.17,25.17,0.0
2008-02-26,8.003,8.003,0.0,19.47,19.47,0.0,27.7,27.7,0.0
2008-02-27,8.014,8.014,0.0,16.67,16.67,0.0,24.74,24.74,0.0
2008-02-28,7.891,7.891,0.0,15.95,15.95,0.0,23.87,23.87,0.0
2008-02-29,7.912,7.912,0.0,16.27,16.27,0.0,24.59,24.59,0.0
2008-03-01,8.458,8.458,0.0,17.18,17.18,0.0,25.34,25.34,0.0
2008-03-02,7.537,7.537,0.0,19.67,19.67,0.0,27.16,27.16,0.0
2008-03-03,7.813,7.813,0.0,16.64,16.64,0.0,24.6,24.6,0.0
2008-03-04,14.19,14.19,0.0,50.69,50.69,0.0,63.79,63.79,0.0
2008-03-05,10.28,10.28,0.0,24.24,24.24,0.0,34.56,34.56,0.0
2008-03-06,10.44,10.44,0.0,22.2,22.2,0.0,32.56,32.56,0.0
2008-03-07,10.53,10.53,0.0,22.12,22.12,0.0,32.71,32.71,0.0
2008-03-08,9.214,9.214,0.0,21.41,21.41,0.0,30.75,30.75,0.0
2008-03-09,9.725,9.725,0.0,20.89,20.89,0.0,30.43,30.43,0.0
2008-03-10,10.06,10.06,0.0,21.53,21.53,0.0,31.54,31.54,0.0
2008-03-11,9.897,9.897,0.0,21.65,21.65,0.0,31.53,31.53,0.0
2008-03-12,8.943,8.943,0.0,21.25,21.25,0.0,30.31,30.31,0.0
2008-03-13,9.372,9.372,0.0,22.18,22.18,0.0,31.54,31.54,0.0
2008-03-14,10.07,10.07,0.0,21.94,21.94,0.0,31.97,31.97,0.0
2008-03-15,10.69,10.69,0.0,23.19,23.19,0.0,33.72,33.72,0.0
2008-03-16,10.33,10.33,0.0,22.84,22.84,0.0,33.07,33.07,0.0
2008-03-17,9.273,9.273,0.0,21.88,21.88,0.0,31.24,31.24,0.0
2008-03-18,10.23,10.23,0.0,22.67,22.67,0.0,32.91,32.91,0.0
2008-03-19,11.89,11.89,0.0,23.78,23.78,0.0,35.57,35.57,0.0
2008-03-20,11.25,11.25,0.0,23.85,23.85,0.0,34.66,34.66,0.0
2008-03-21,10.69,10.69,0.0,23.28,23.28,0.0,33.86,33.86,0.0
2008-03-22,10.0,10.0,0.0,22.76,22.76,0.0,32.68,32.68,0.0
2008-03-23,10.41,10.41,0.0,21.97,21.97,0.0,32.18,32.18,0.0
2008-03-24,10.56,10.56,0.0,22.64,22.64,0.0,32.8,32.8,0.0
2008-03-25,10.56,10.56,0.0,22.47,22.47,0.0,32.68,32.68,0.0
2008-03-26,9.52,9.52,0.0,21.66,21.66,0.0,31.11,31.11,0.0
2008-03-27,10.25,10.25,0.0,22.45,22.45,0.0,32.64,32.64,0.0
2008-03-28,10.4,10.4,0.0,22.08,22.08,0.0,32.25,32.25,0.0
2008-03-29,10.37,10.37,0.0,22.38,22.38,0.0,32.33,32.33,0.0
2008-03-30,9.754,9.754,0.0,21.58,21.58,0.0,31.26,31.26,0.0
2008-03-31,9.613,9.613,0.0,21.44,21.44,0.0,30.77,30.77,0.0
2008-04-01,9.843,9.843,0.0,21.51,21.51,0.0,31.07,31.07,0.0
2008-04-02,10.08,10.08,0.0,21.04,21.04,0.0,30.77,30.77,0.0
2008-04-03,11.05,11.05,0.0,22.44,22.44,0.0,33.18,33.18,0.0
2008-04-04,11.24,11.24,0.0,22.83,22.83,0.0,33.78,33.78,0.0
2008-04-05,12.02,12.02,0.0,23.07,23.07,0.0,34.85,34.85,0.0
2008-04-06,10.48,10.48,0.0,22.91,22.91,0.0,33.08,33.08,0.0
2008-04-07,10.83,10.83,0.0,22.01,22.01,0.0,32.44,32.44,0.0
2008-04-08,11.08,11.08,0.0,22.59,22.59,0.0,33.24,33.24,0.0
2008-04-09,11.13,11.13,0.0,22.73,22.73,0.0,33.26,33.26,0.0
2008-04-10,9.997,9.997,0.0,21.9,21.9,0.0,31.74,31.74,0.0
2008-04-11,11.48,11.48,0.0,23.36,23.36,0.0,34.87,34.87,0.0
2008-04-12,11.36,11.36,0.0,22.07,22.07,0.0,32.99,32.99,0.0
2008-04-13,11.52,11.52,0.0,23.32,23.32,0.0,34.58,34.58,0.0
2008-04-14,11.36,11.36,0.0,23.24,23.24,0.0,34.03,34.03,0.0
2008-04-15,10.14,10.14,0.0,22.37,22.37,0.0,32.4,32.4,0.0
2008-04-16,10.54,10.54,0.0,21.81,21.81,0.0,32.0,32.0,0.0
2008-04-17,10.68,10.68,0.0,21.57,21.57,0.0,31.88,31.88,0.0
2008-04-18,10.68,10.68,0.0,21.61,21.61,0.0,31.8,31.8,0.0
2008-04-19,11.76,11.76,0.0,23.92,23.92,0.0,35.7,35.7,0.0
2008-04-20,11.91,11.91,0.0,23.47,23.47,0.0,35.16,35.16,0.0
2008-04-21,10.56,10.56,0.0,23.98,23.98,0.0,34.87,34.87,0.0
2008-04-22,11.01,11.01,0.0,22.14,22.14,0.0,32.98,32.98,0.0
2008-04-23,11.21,11.21,0.0,22.27,22.27,0.0,33.05,33.05,0.0
2008-04-24,11.24,11.24,0.0,22.7,22.7,0.0,33.6,33.6,0.0
2008-04-25,10.6,10.6,0.0,22.77,22.77,0.0,33.64,33.64,0.0
2008-04-26,10.93,10.93,0.0,22.78,22.78,0.0,33.83,33.83,0.0
2008-04-27,12.16,12.16,0.0,24.02,24.02,0.0,36.01,36.01,0.0
2008-04-28,13.24,13.24,0.0,26.05,26.05,0.0,39.41,39.41,0.0
2008-04-29,12.62,12.62,0.0,25.1,25.1,0.0,37.87,37.87,0.0
2008-04-30,11.89,11.89,0.0,24.24,24.24,0.0,36.06,36.06,0.0
2008-05-01,11.08,11.08,0.0,23.47,23.47,0.0,34.55,34.55,0.0
2008-05-02,11.49,11.49,0.0,24.15,24.15,0.0,35.47,35.47,0.0
2008-05-03,11.67,11.67,0.0,23.8,23.8,0.0,35.42,35.42,0.0
2008-05-04,11.14,11.14,0.0,23.56,23.56,0.0,34.86,34.86,0.0
2008-05-05,10.78,10.78,0.0,22.99,22.99,0.0,33.89,33.89,0.0
2008-05-06,11.01,11.01,0.0,22.85,22.85,0.0,33.59,33.59,0.0
2008-05-07,11.19,11.19,0.0,23.45,23.45,0.0,34.55,34.55,0.0
2008-05-08,14.7,14.7,0.0,26.39,26.39,0.0,40.53,40.53,0.0
2008-05-09,16.01,16.01,0.0,29.75,29.75,0.0,45.38,45.38,0.0
2008-05-10,14.97,14.97,0.0,27.48,27.48,0.0,42.16,42.16,0.0
2008-05-11,18.65,18.65,0.0,30.43,30.43,0.0,48.16,48.16,0.0
2008-05-12,13.86,13.86,0.0,28.52,28.52,0.0,43.43,43.43,0.0
2008-05-13,13.84,13.84,0.0,27.54,27.54,0.0,40.96,40.96,0.0
2008-05-14,14.22,14.22,0.0,28.21,28.21,0.0,41.99,41.99,0.0
2008-05-15,15.73,15.73,0.0,29.5,29.5,0.0,45.4,45.4,0.0
2008-05-16,15.68,15.68,0.0,30.78,30.78,0.0,46.88,46.88,0.0
2008-05-17,13.37,13.37,0.0,27.78,27.78,0.0,41.86,41.86,0.0
2008-05-18,14.68,14.68,0.0,29.86,29.86,0.0,45.05,45.05,0.0
2008-05-19,18.47,18.47,0.0,34.0,34.0,0.0,52.29,52.29,0.0
2008-05-20,17.94,17.94,0.0,35.07,35.07,0.0,52.79,52.79,0.0
2008-05-21,16.77,16.77,0.0,32.54,32.54,0.0,49.48,49.48,0.0
2008-05-22,14.21,14.21,0.0,29.61,29.61,0.0,44.52,44.52,0.0
2008-05-23,14.74,14.74,0.0,30.96,30.96,0.0,46.24,46.24,0.0
2008-05-24,15.16,15.16,0.0,31.65,31.65,0.0,46.94,46.94,0.0
2008-05-25,15.26,15.26,0.0,30.07,30.07,0.0,45.52,45.52,0.0
2008-05-26,14.31,14.31,0.0,30.48,30.48,0.0,45.53,45.53,0.0
2008-05-27,14.57,14.57,0.0,30.11,30.11,0.0,44.99,44.99,0.0
2008-05-28,14.33,14.33,0.0,30.39,30.39,0.0,44.92,44.92,0.0
2008-05-29,14.44,14.44,0.0,29.69,29.69,0.0,44.32,44.32,0.0
2008-05-30,13.84,13.84,0.0,28.87,28.87,0.0,43.21,43.21,0.0
2008-05-31,14.2,14.2,0.0,30.62,30.62,0.0,46.1,46.1,0.0
2008-06-01,13.67,13.67,0.0,30.2,30.2,0.0,44.31,44.31,0.0
2008-06-02,13.81,13.81,0.0,30.35,30.35,0.0,44.4,44.4,0.0
2008-06-03,14.92,14.92,0.0,33.98,33.98,0.0,50.52,50.52,0.0
2008-06-04,14.72,14.72,0.0,34.39,34.39,0.0,50.56,50.56,0.0
2008-06-05,13.49,13.49,0.0,30.12,30.12,0.0,45.0,45.0,0.0
2008-06-06,13.44,13.44,0.0,30.49,30.49,0.0,44.74,44.74,0.0
2008-06-07,13.63,13.63,0.0,31.26,31.26,0.0,45.46,45.46,0.0
2008-06-08,13.44,13.44,0.0,31.48,31.48,0.0,45.6,45.6,0.0
2008-06-09,12.91,12.91,0.0,29.45,29.45,0.0,43.25,43.25,0.0
2008-06-10,12.87,12.87,0.0,29.24,29.24,0.0,42.87,42.87,0.0
2008-06-11,12.92,12.92,0.0,29.61,29.61,0.0,43.23,43.23,0.0
2008-06-12,12.87,12.87,0.0,29.08,29.08,0.0,42.52,42.52,0.0
2008-06-13,12.32,12.32,0.0,28.88,28.88,0.0,42.2,42.2,0.0
2008-06-14,12.46,12.46,0.0,28.24,28.24,0.0,41.4,41.4,0.0
2008-06-15,12.14,12.14,0.0,28.14,28.14,0.0,40.96,40.96,0.0
2008-06-16,12.64,12.64,0.0,29.54,29.54,0.0,43.46,43.46,0.0
2008-06-17,11.92,11.92,0.0,27.43,27.43,0.0,40.03,40.03,0.0
2008-06-18,11.66,11.66,0.0,26.76,26.76,0.0,39.01,39.01,0.0
2008-06-19,11.78,11.78,0.0,27.04,27.04,0.0,39.57,39.57,0.0
2008-06-20,11.47,11.47,0.0,26.85,26.85,0.0,39.07,39.07,0.0
2008-06-21,11.68,11.68,0.0,27.66,27.66,0.0,40.68,40.68,0.0
2008-06-22,11.22,11.22,0.0,26.53,26.53,0.0,38.56,38.56,0.0
2008-06-23,11.17,11.17,0.0,25.52,25.52,0.0,37.22,37.22,0.0
2008-06-24,10.92,10.92,0.0,25.55,25.55,0.0,37.1,37.1,0.0
2008-06-25,10.87,10.87,0.0,25.18,25.18,0.0,36.67,36.67,0.0
2008-06-26,10.53,10.53,0.0,24.94,24.94,0.0,36.04,36.04,0.0
2008-06-27,10.49,10.49,0.0,24.25,24.25,0.0,35.27,35.27,0.0
2008-06-28,10.59,10.59,0.0,24.54,24.54,0.0,35.86,35.86,0.0
2008-06-29,10.22,10.22,0.0,23.99,23.99,0.0,34.92,34.92,0.0
2008-06-30,10.16,10.16,0.0,24.04,24.04,0.0,34.98,34.98,0.0
2008-07-01,10.02,10.02,0.0,23.48,23.48,0.0,33.98,33.98,0.0
2008-07-02,9.903,9.903,0.0,22.77,22.77,0.0,33.15,33.15,0.0
2008-07-03,10.12,10.12,0.0,23.63,23.63,0.0,34.64,34.64,0.0
2008-07-04,10.12,10.12,0.0,24.23,24.23,0.0,35.72,35.72,0.0
2008-07-05,10.46,10.46,0.0,24.73,24.73,0.0,36.6,36.6,0.0
2008-07-06,10.28,10.28,0.0,24.23,24.23,0.0,35.5,35.5,0.0
2008-07-07,10.38,10.38,0.0,24.04,24.04,0.0,35.45,35.45,0.0
2008-07-08,10.02,10.02,0.0,23.57,23.57,0.0,34.37,34.37,0.0
2008-07-09,9.85,9.85,0.0,23.32,23.32,0.0,33.98,33.98,0.0
2008-07-10,9.738,9.738,0.0,22.51,22.51,0.0,33.01,33.01,0.0
2008-07-11,9.652,9.652,0.0,22.56,22.56,0.0,32.87,32.87,0.0
2008-07-12,9.569,9.569,0.0,22.04,22.04,0.0,32.22,32.22,0.0
2008-07-13,9.549,9.549,0.0,22.29,22.29,0.0,32.64,32.64,0.0
2008-07-14,9.271,9.271,0.0,21.51,21.51,0.0,31.48,31.48,0.0
2008-07-15,9.227,9.227,0.0,21.37,21.37,0.0,31.25,31.25,0.0
2008-07-16,9.131,9.131,0.0,21.03,21.03,0.0,30.69,30.69,0.0
2008-07-17,9.043,9.043,0.0,20.76,20.76,0.0,30.36,30.36,0.0
2008-07-18,8.77,8.77,0.0,20.38,20.38,0.0,29.78,29.78,0.0
2008-07-19,8.715,8.715,0.0,20.21,20.21,0.0,29.54,29.54,0.0
2008-07-20,8.773,8.773,0.0,20.33,20.33,0.0,29.78,29.78,0.0
2008-07-21,8.732,8.732,0.0,19.94,19.94,0.0,29.42,29.42,0.0
2008-07-22,8.927,8.927,0.0,20.7,20.7,0.0,30.72,30.72,0.0
2008-07-23,8.686,8.686,0.0,20.26,20.26,0.0,29.89,29.89,0.0
2008-07-24,8.396,8.396,0.0,19.44,19.44,0.0,28.44,28.44,0.0
2008-07-25,8.298,8.298,0.0,19.13,19.13,0.0,27.93,27.93,0.0
2008-07-26,8.214,8.214,0.0,18.64,18.64,0.0,27.37,27.37,0.0
2008-07-27,8.0,8.0,0.0,18.54,18.54,0.0,27.11,27.11,0.0
2008-07-28,7.94,7.94,0.0,18.35,18.35,0.0,26.84,26.84,0.0
2008-07-29,7.875,7.875,0.0,18.02,18.02,0.0,26.38,26.38,0.0
2008-07-30,7.827,7.827,0.0,17.85,17.85,0.0,26.22,26.22,0.0
2008-07-31,7.721,7.721,0.0,17.76,17.76,0.0,26.06,26.06,0.0
2008-08-01,7.907,7.907,0.0,18.53,18.53,0.0,27.47,27.47,0.0
2008-08-02,7.867,7.867,0.0,18.54,18.54,0.0,27.47,27.47,0.0
2008-08-03,7.403,7.403,0.0,17.24,17.24,0.0,25.15,25.15,0.0
2008-08-04,7.324,7.324,0.0,17.0,17.0,0.0,24.83,24.83,0.0
2008-08-05,7.29,7.29,0.0,17.0,17.0,0.0,24.87,24.87,0.0
2008-08-06,7.097,7.097,0.0,16.68,16.68,0.0,24.35,24.35,0.0
2008-08-07,7.059,7.059,0.0,16.52,16.52,0.0,24.15,24.15,0.0
2008-08-08,6.928,6.928,0.0,16.15,16.15,0.0,23.54,23.54,0.0
2008-08-09,6.845,6.845,0.0,15.91,15.91,0.0,23.23,23.23,0.0
2008-08-10,6.771,6.771,0.0,15.87,15.87,0.0,23.18,23.18,0.0
2008-08-11,6.668,6.668,0.0,15.54,15.54,0.0,22.69,22.69,0.0
2008-08-12,6.7,6.7,0.0,15.34,15.34,0.0,22.45,22.45,0.0
2008-08-13,6.773,6.773,0.0,15.53,15.53,0.0,22.93,22.93,0.0
2008-08-14,6.61,6.61,0.0,15.12,15.12,0.0,22.22,22.22,0.0
2008-08-15,6.486,6.486,0.0,14.92,14.92,0.0,21.91,21.91,0.0
2008-08-16,6.378,6.378,0.0,14.6,14.6,0.0,21.4,21.4,0.0
2008-08-17,6.292,6.292,0.0,14.37,14.37,0.0,21.04,21.04,0.0
2008-08-18,6.223,6.223,0.0,14.19,14.19,0.0,20.79,20.79,0.0
2008-08-19,6.15,6.15,0.0,14.04,14.04,0.0,20.57,20.57,0.0
2008-08-20,6.032,6.032,0.0,13.83,13.83,0.0,20.26,20.26,0.0
2008-08-21,5.968,5.968,0.0,13.67,13.67,0.0,20.0,20.0,0.0
2008-08-22,5.904,5.904,0.0,13.43,13.43,0.0,19.69,19.69,0.0
2008-08-23,5.837,5.837,0.0,13.27,13.27,0.0,19.45,19.45,0.0
2008-08-24,5.793,5.793,0.0,13.11,13.11,0.0,19.26,19.26,0.0
2008-08-25,5.752,5.752,0.0,12.93,12.93,0.0,19.01,19.01,0.0
2008-08-26,5.839,5.839,0.0,12.79,12.79,0.0,18.87,18.87,0.0
2008-08-27,6.447,6.447,0.0,13.85,13.85,0.0,20.96,20.96,0.0
2008-08-28,6.107,6.107,0.0,13.15,13.15,0.0,19.66,19.66,0.0
2008-08-29,5.903,5.903,0.0,12.72,12.72,0.0,18.91,18.91,0.0
2008-08-30,5.807,5.807,0.0,12.46,12.46,0.0,18.49,18.49,0.0
2008-08-31,5.744,5.744,0.0,12.28,12.28,0.0,18.23,18.23,0.0
2008-09-01,5.677,5.677,0.0,12.14,12.14,0.0,18.02,18.02,0.0
2008-09-02,5.607,5.607,0.0,11.99,11.99,0.0,17.8,17.8,0.0
2008-09-03,5.508,5.508,0.0,11.83,11.83,0.0,17.55,17.55,0.0
2008-09-04,5.447,5.447,0.0,11.66,11.66,0.0,17.29,17.29,0.0
2008-09-05,5.498,5.498,0.0,11.81,11.81,0.0,17.63,17.63,0.0
2008-09-06,5.373,5.373,0.0,11.51,11.51,0.0,17.14,17.14,0.0
2008-09-07,5.259,5.259,0.0,11.24,11.24,0.0,16.68,16.68,0.0
2008-09-08,5.207,5.207,0.0,11.2,11.2,0.0,16.65,16.65,0.0
2008-09-09,5.209,5.209,0.0,11.19,11.19,0.0,16.68,16.68,0.0
2008-09-10,5.06,5.06,0.0,10.82,10.82,0.0,16.05,16.05,0.0
2008-09-11,4.999,4.999,0.0,10.67,10.67,0.0,15.84,15.84,0.0
2008-09-12,5.14,5.14,0.0,11.17,11.17,0.0,16.79,16.79,0.0
2008-09-13,4.864,4.864,0.0,10.44,10.44,0.0,15.49,15.49,0.0
2008-09-14,4.848,4.848,0.0,10.41,10.41,0.0,15.47,15.47,0.0
2008-09-15,4.749,4.749,0.0,10.16,10.16,0.0,15.08,15.08,0.0
2008-09-16,4.688,4.688,0.0,10.03,10.03,0.0,14.88,14.88,0.0
2008-09-17,4.608,4.608,0.0,9.898,9.898,0.0,14.68,14.68,0.0
2008-09-18,4.561,4.561,0.0,9.766,9.766,0.0,14.48,14.48,0.0
2008-09-19,4.506,4.506,0.0,9.645,9.645,0.0,14.3,14.3,0.0
2008-09-20,4.451,4.451,0.0,9.519,9.519,0.0,14.12,14.12,0.0
2008-09-21,4.378,4.378,0.0,9.397,9.397,0.0,13.94,13.94,0.0
2008-09-22,4.332,4.332,0.0,9.276,9.276,0.0,13.76,13.76,0.0
2008-09-23,4.28,4.28,0.0,9.153,9.153,0.0,13.57,13.57,0.0
2008-09-24,4.228,4.228,0.0,9.035,9.035,0.0,13.4,13.4,0.0
2008-09-25,4.304,4.304,0.0,9.257,9.257,0.0,13.86,13.86,0.0
2008-09-26,4.354,4.354,0.0,9.257,9.257,0.0,13.93,13.93,0.0
2008-09-27,4.478,4.478,0.0,9.403,9.403,0.0,14.23,14.23,0.0
2008-09-28,4.285,4.285,0.0,8.965,8.965,0.0,13.45,13.45,0.0
2008-09-29,4.167,4.167,0.0,8.67,8.67,0.0,12.94,12.94,0.0
2008-09-30,4.115,4.115,0.0,8.555,8.555,0.0,12.78,12.78,0.0
2008-10-01,4.113,4.113,0.0,8.628,8.628,0.0,12.94,12.94,0.0
2008-10-02,4.005,4.005,0.0,8.344,8.344,0.0,12.45,12.45,0.0
2008-10-03,3.956,3.956,0.0,8.234,8.234,0.0,12.29,12.29,0.0
2008-10-04,3.908,3.908,0.0,8.128,8.128,0.0,12.14,12.14,0.0
2008-10-05,3.86,3.86,0.0,8.024,8.024,0.0,11.98,11.98,0.0
2008-10-06,3.797,3.797,0.0,7.922,7.922,0.0,11.82,11.82,0.0
2008-10-07,3.756,3.756,0.0,7.816,7.816,0.0,11.66,11.66,0.0
2008-10-08,3.72,3.72,0.0,7.741,7.741,0.0,11.56,11.56,0.0
2008-10-09,3.667,3.667,0.0,7.621,7.621,0.0,11.38,11.38,0.0
2008-10-10,3.621,3.621,0.0,7.522,7.522,0.0,11.23,11.23,0.0
2008-10-11,3.562,3.562,0.0,7.423,7.423,0.0,11.08,11.08,0.0
2008-10-12,3.524,3.524,0.0,7.329,7.329,0.0,10.94,10.94,0.0
2008-10-13,3.482,3.482,0.0,7.236,7.236,0.0,10.8,10.8,0.0
2008-10-14,3.44,3.44,0.0,7.143,7.143,0.0,10.67,10.67,0.0
2008-10-15,3.385,3.385,0.0,7.05,7.05,0.0,10.53,10.53,0.0
2008-10-16,3.386,3.386,0.0,7.061,7.061,0.0,10.58,10.58,0.0
2008-10-17,3.316,3.316,0.0,6.88,6.88,0.0,10.27,10.27,0.0
2008-10-18,3.275,3.275,0.0,6.792,6.792,0.0,10.14,10.14,0.0
2008-10-19,3.235,3.235,0.0,6.704,6.704,0.0,10.01,10.01,0.0
2008-10-20,3.183,3.183,0.0,6.616,6.616,0.0,9.88,9.88,0.0
2008-10-21,3.149,3.149,0.0,6.532,6.532,0.0,9.759,9.759,0.0
2008-10-22,3.111,3.111,0.0,6.449,6.449,0.0,9.631,9.631,0.0
2008-10-23,3.073,3.073,0.0,6.367,6.367,0.0,9.512,9.512,0.0
2008-10-24,3.137,3.137,0.0,6.547,6.547,0.0,9.872,9.872,0.0
2008-10-25,3.229,3.229,0.0,6.703,6.703,0.0,10.19,10.19,0.0
2008-10-26,3.037,3.037,0.0,6.229,6.229,0.0,9.321,9.321,0.0
2008-10-27,3.096,3.096,0.0,6.46,6.46,0.0,9.735,9.735,0.0
2008-10-28,3.164,3.164,0.0,6.65,6.65,0.0,10.11,10.11,0.0
2008-10-29,2.957,2.957,0.0,6.132,6.132,0.0,9.164,9.164,0.0
2008-10-30,2.911,2.911,0.0,6.125,6.125,0.0,9.116,9.116,0.0
2008-10-31,2.879,2.879,0.0,6.049,6.049,0.0,8.999,8.999,0.0
2008-11-01,2.844,2.844,0.0,5.973,5.973,0.0,8.889,8.889,0.0
2008-11-02,2.81,2.81,0.0,5.898,5.898,0.0,8.779,8.779,0.0
2008-11-03,2.767,2.767,0.0,5.822,5.822,0.0,8.664,8.664,0.0
2008-11-04,2.736,2.736,0.0,5.749,5.749,0.0,8.557,8.557,0.0
2008-11-05,2.704,2.704,0.0,5.677,5.677,0.0,8.447,8.447,0.0
2008-11-06,2.67,2.67,0.0,5.606,5.606,0.0,8.343,8.343,0.0
2008-11-07,2.637,2.637,0.0,5.535,5.535,0.0,8.239,8.239,0.0
2008-11-08,2.597,2.597,0.0,5.464,5.464,0.0,8.131,8.131,0.0
2008-11-09,2.568,2.568,0.0,5.395,5.395,0.0,8.031,8.031,0.0
2008-11-10,2.537,2.537,0.0,5.328,5.328,0.0,7.927,7.927,0.0
2008-11-11,2.506,2.506,0.0,5.261,5.261,0.0,7.83,7.83,0.0
2008-11-12,2.883,2.883,0.0,6.017,6.017,0.0,9.246,9.246,0.0
2008-11-13,2.969,2.969,0.0,6.197,6.197,0.0,9.512,9.512,0.0
2008-11-14,2.778,2.778,0.0,5.713,5.713,0.0,8.609,8.609,0.0
2008-11-15,2.868,2.868,0.0,6.087,6.087,0.0,9.199,9.199,0.0
2008-11-16,2.75,2.75,0.0,5.867,5.867,0.0,8.762,8.762,0.0
2008-11-17,2.834,2.834,0.0,6.147,6.147,0.0,9.312,9.312,0.0
2008-11-18,2.719,2.719,0.0,5.877,5.877,0.0,8.836,8.836,0.0
2008-11-19,2.583,2.583,0.0,5.525,5.525,0.0,8.208,8.208,0.0
2008-11-20,2.567,2.567,0.0,5.499,5.499,0.0,8.179,8.179,0.0
2008-11-21,2.579,2.579,0.0,5.55,5.55,0.0,8.301,8.301,0.0
2008-11-22,2.489,2.489,0.0,5.326,5.326,0.0,7.91,7.91,0.0
2008-11-23,2.451,2.451,0.0,5.259,5.259,0.0,7.812,7.812,0.0
2008-11-24,2.556,2.556,0.0,5.552,5.552,0.0,8.396,8.396,0.0
2008-11-25,2.684,2.684,0.0,5.916,5.916,0.0,9.088,9.088,0.0
2008-11-26,2.414,2.414,0.0,5.096,5.096,0.0,7.605,7.605,0.0
2008-11-27,3.478,3.478,0.0,8.146,8.146,0.0,11.39,11.39,0.0
2008-11-28,2.949,2.949,0.0,6.01,6.01,0.0,8.796,8.796,0.0
2008-11-29,2.374,2.374,0.0,5.136,5.136,0.0,7.705,7.705,0.0
2008-11-30,2.349,2.349,0.0,5.111,5.111,0.0,7.687,7.687,0.0
2008-12-01,2.488,2.488,0.0,5.247,5.247,0.0,8.127,8.127,0.0
2008-12-02,2.23,2.23,0.0,4.807,4.807,0.0,7.216,7.216,0.0
2008-12-03,2.193,2.193,0.0,6.098,6.098,0.0,8.49,8.49,0.0
2008-12-04,2.186,2.186,0.0,5.046,5.046,0.0,7.426,7.426,0.0
2008-12-05,2.161,2.161,0.0,4.736,4.736,0.0,7.084,7.084,0.0
2008-12-06,2.188,2.188,0.0,4.787,4.787,0.0,7.225,7.225,0.0
2008-12-07,2.106,2.106,0.0,4.581,4.581,0.0,6.874,6.874,0.0
2008-12-08,2.084,2.084,0.0,4.532,4.532,0.0,6.799,6.799,0.0
2008-12-09,3.3,3.3,0.0,17.66,17.66,0.0,21.46,21.46,0.0
2008-12-10,6.566,6.566,0.0,26.99,26.99,0.0,35.05,35.05,0.0
2008-12-11,19.02,19.02,0.0,54.89,54.89,0.0,77.55,77.55,0.0
2008-12-12,3.037,3.037,0.0,9.727,9.727,0.0,13.73,13.73,0.0
2008-12-13,2.396,2.396,0.0,5.872,5.872,0.0,8.648,8.648,0.0
2008-12-14,2.353,2.353,0.0,5.937,5.937,0.0,8.684,8.684,0.0
2008-12-15,2.594,2.594,0.0,6.748,6.748,0.0,10.07,10.07,0.0
2008-12-16,5.061,5.061,0.0,12.68,12.68,0.0,17.98,17.98,0.0
2008-12-17,3.89,3.89,0.0,8.453,8.453,0.0,12.82,12.82,0.0
2008-12-18,4.073,4.073,0.0,8.772,8.772,0.0,13.27,13.27,0.0
2008-12-19,4.565,4.565,0.0,11.92,11.92,0.0,16.96,16.96,0.0
2008-12-20,4.294,4.294,0.0,9.564,9.564,0.0,14.25,14.25,0.0
2008-12-21,4.156,4.156,0.0,10.18,10.18,0.0,14.63,14.63,0.0
2008-12-22,3.959,3.959,0.0,10.12,10.12,0.0,14.5,14.5,0.0
2008-12-23,4.053,4.053,0.0,9.196,9.196,0.0,13.52,13.52,0.0
2008-12-24,4.434,4.434,0.0,11.92,11.92,0.0,17.19,17.19,0.0
2008-12-25,4.002,4.002,0.0,9.773,9.773,0.0,14.21,14.21,0.0
2008-12-26,3.87,3.87,0.0,10.14,10.14,0.0,14.52,14.52,0.0
2008-12-27,4.021,4.021,0.0,9.863,9.863,0.0,14.34,14.34,0.0
2008-12-28,4.098,4.098,0.0,10.39,10.39,0.0,14.8,14.8,0.0
2008-12-29,3.876,3.876,0.0,9.642,9.642,0.0,13.99,13.99,0.0
2008-12-30,3.946,3.946,0.0,9.474,9.474,0.0,13.83,13.83,0.0
2008-12-31,3.781,3.781,0.0,9.928,9.928,0.0,14.15,14.15,0.0
2009-01-01,3.842,3.842,0.0,9.639,9.639,0.0,13.78,13.78,0.0
2009-01-02,3.699,3.699,0.0,9.064,9.064,0.0,13.22,13.22,0.0
2009-01-03,3.742,3.742,0.0,9.249,9.249,0.0,13.37,13.37,0.0
2009-01-04,3.756,3.756,0.0,10.37,10.37,0.0,14.81,14.81,0.0
2009-01-05,3.8,3.8,0.0,10.18,10.18,0.0,14.5,14.5,0.0
2009-01-06,5.66,5.66,0.0,26.09,26.09,0.0,32.83,32.83,0.0
2009-01-07,5.899,5.899,0.0,20.9,20.9,0.0,27.72,27.72,0.0
2009-01-08,5.792,5.792,0.0,14.12,14.12,0.0,20.54,20.54,0.0
2009-01-09,5.755,5.755,0.0,12.34,12.34,0.0,18.4,18.4,0.0
2009-01-10,5.068,5.068,0.0,13.2,13.2,0.0,19.39,19.39,0.0
2009-01-11,5.048,5.048,0.0,12.1,12.1,0.0,17.88,17.88,0.0
2009-01-12,5.224,5.224,0.0,12.6,12.6,0.0,18.49,18.49,0.0
2009-01-13,5.2,5.2,0.0,12.55,12.55,0.0,18.35,18.35,0.0
2009-01-14,5.093,5.093,0.0,11.8,11.8,0.0,17.57,17.57,0.0
2009-01-15,5.037,5.037,0.0,11.74,11.74,0.0,17.48,17.48,0.0
2009-01-16,4.899,4.899,0.0,11.29,11.29,0.0,16.85,16.85,0.0
2009-01-17,4.842,4.842,0.0,10.83,10.83,0.0,16.19,16.19,0.0
2009-01-18,4.885,4.885,0.0,10.97,10.97,0.0,16.37,16.37,0.0
2009-01-19,4.68,4.68,0.0,11.03,11.03,0.0,16.33,16.33,0.0
2009-01-20,4.65,4.65,0.0,10.99,10.99,0.0,16.27,16.27,0.0
2009-01-21,4.696,4.696,0.0,10.47,10.47,0.0,15.74,15.74,0.0
2009-01-22,4.728,4.728,0.0,10.36,10.36,0.0,15.74,15.74,0.0
2009-01-23,6.376,6.376,0.0,22.32,22.32,0.0,29.55,29.55,0.0
2009-01-24,4.474,4.474,0.0,11.42,11.42,0.0,16.57,16.57,0.0
2009-01-25,4.454,4.454,0.0,10.53,10.53,0.0,15.52,15.52,0.0
2009-01-26,4.416,4.416,0.0,10.1,10.1,0.0,15.04,15.04,0.0
2009-01-27,4.534,4.534,0.0,10.62,10.62,0.0,15.96,15.96,0.0
2009-01-28,7.981,7.981,0.0,22.69,22.69,0.0,34.25,34.25,0.0
2009-01-29,4.33,4.33,0.0,10.83,10.83,0.0,15.98,15.98,0.0
2009-01-30,4.265,4.265,0.0,9.959,9.959,0.0,14.85,14.85,0.0
2009-01-31,4.092,4.092,0.0,9.849,9.849,0.0,14.54,14.54,0.0
2009-02-01,4.698,4.698,0.0,11.5,11.5,0.0,16.4,16.4,0.0
2009-02-02,4.311,4.311,0.0,10.21,10.21,0.0,15.26,15.26,0.0
2009-02-03,4.011,4.011,0.0,9.864,9.864,0.0,14.53,14.53,0.0
2009-02-04,4.073,4.073,0.0,9.721,9.721,0.0,14.51,14.51,0.0
2009-02-05,3.803,3.803,0.0,9.208,9.208,0.0,13.53,13.53,0.0
2009-02-06,3.799,3.799,0.0,10.4,10.4,0.0,15.04,15.04,0.0
2009-02-07,3.82,3.82,0.0,21.36,21.36,0.0,25.71,25.71,0.0
2009-02-08,3.936,3.936,0.0,11.54,11.54,0.0,16.05,16.05,0.0
2009-02-09,3.874,3.874,0.0,10.34,10.34,0.0,14.91,14.91,0.0
2009-02-10,3.988,3.988,0.0,11.44,11.44,0.0,16.21,16.21,0.0
2009-02-11,4.753,4.753,0.0,12.4,12.4,0.0,17.87,17.87,0.0
2009-02-12,4.873,4.873,0.0,12.54,12.54,0.0,18.26,18.26,0.0
2009-02-13,5.069,5.069,0.0,12.9,12.9,0.0,18.84,18.84,0.0
2009-02-14,5.02,5.02,0.0,12.53,12.53,0.0,18.57,18.57,0.0
2009-02-15,4.812,4.812,0.0,11.08,11.08,0.0,16.41,16.41,0.0
2009-02-16,5.039,5.039,0.0,11.84,11.84,0.0,17.58,17.58,0.0
2009-02-17,4.842,4.842,0.0,12.21,12.21,0.0,17.96,17.96,0.0
2009-02-18,4.943,4.943,0.0,13.74,13.74,0.0,19.84,19.84,0.0
2009-02-19,4.727,4.727,0.0,11.49,11.49,0.0,17.21,17.21,0.0
2009-02-20,4.768,4.768,0.0,11.6,11.6,0.0,17.04,17.04,0.0
2009-02-21,4.562,4.562,0.0,12.03,12.03,0.0,17.47,17.47,0.0
2009-02-22,4.656,4.656,0.0,11.8,11.8,0.0,17.33,17.33,0.0
2009-02-23,4.534,4.534,0.0,11.17,11.17,0.0,16.63,16.63,0.0
2009-02-24,4.543,4.543,0.0,11.08,11.08,0.0,16.28,16.28,0.0
2009-02-25,6.492,6.492,0.0,14.3,14.3,0.0,21.64,21.64,0.0
2009-02-26,4.429,4.429,0.0,14.89,14.89,0.0,20.26,20.26,0.0
2009-02-27,4.61,4.61,0.0,12.57,12.57,0.0,18.05,18.05,0.0
2009-02-28,4.415,4.415,0.0,11.83,11.83,0.0,17.05,17.05,0.0
2009-03-01,4.448,4.448,0.0,11.29,11.29,0.0,16.38,16.38,0.0
2009-03-02,4.312,4.312,0.0,11.47,11.47,0.0,16.59,16.59,0.0
2009-03-03,4.231,4.231,0.0,11.28,11.28,0.0,16.29,16.29,0.0
2009-03-04,4.209,4.209,0.0,11.0,11.0,0.0,15.93,15.93,0.0
2009-03-05,4.18,4.18,0.0,10.81,10.81,0.0,15.75,15.75,0.0
2009-03-06,4.146,4.146,0.0,11.12,11.12,0.0,15.92,15.92,0.0
2009-03-07,4.33,4.33,0.0,12.23,12.23,0.0,17.3,17.3,0.0
2009-03-08,4.944,4.944,0.0,13.93,13.93,0.0,19.63,19.63,0.0
2009-03-09,5.07,5.07,0.0,14.87,14.87,0.0,20.68,20.68,0.0
2009-03-10,4.776,4.776,0.0,14.41,14.41,0.0,19.86,19.86,0.0
2009-03-11,4.791,4.791,0.0,14.0,14.0,0.0,19.38,19.38,0.0
2009-03-12,4.557,4.557,0.0,13.73,13.73,0.0,19.12,19.12,0.0
2009-03-13,4.71,4.71,0.0,13.97,13.97,0.0,19.42,19.42,0.0
2009-03-14,5.121,5.121,0.0,14.44,14.44,0.0,20.28,20.28,0.0
2009-03-15,5.322,5.322,0.0,14.63,14.63,0.0,20.52,20.52,0.0
2009-03-16,5.786,5.786,0.0,15.09,15.09,0.0,21.65,21.65,0.0
2009-03-17,5.131,5.131,0.0,15.25,15.25,0.0,20.93,20.93,0.0
2009-03-18,4.996,4.996,0.0,14.68,14.68,0.0,20.42,20.42,0.0
2009-03-19,5.25,5.25,0.0,14.62,14.62,0.0,20.54,20.54,0.0
2009-03-20,5.318,5.318,0.0,14.21,14.21,0.0,20.07,20.07,0.0
2009-03-21,4.834,4.834,0.0,14.31,14.31,0.0,19.72,19.72,0.0
2009-03-22,4.895,4.895,0.0,14.0,14.0,0.0,19.53,19.53,0.0
2009-03-23,5.024,5.024,0.0,13.96,13.96,0.0,19.57,19.57,0.0
2009-03-24,5.056,5.056,0.0,13.64,13.64,0.0,19.2,19.2,0.0
2009-03-25,5.742,5.742,0.0,14.99,14.99,0.0,21.51,21.51,0.0
2009-03-26,6.122,6.122,0.0,15.99,15.99,0.0,22.85,22.85,0.0
2009-03-27,7.178,7.178,0.0,17.58,17.58,0.0,25.47,25.47,0.0
2009-03-28,7.295,7.295,0.0,17.42,17.42,0.0,25.16,25.16,0.0
2009-03-29,6.955,6.955,0.0,17.24,17.24,0.0,24.62,24.62,0.0
2009-03-30,6.425,6.425,0.0,15.25,15.25,0.0,22.25,22.25,0.0
2009-03-31,6.726,6.726,0.0,16.26,16.26,0.0,23.53,23.53,0.0
2009-04-01,7.062,7.062,0.0,16.94,16.94,0.0,24.52,24.52,0.0
2009-04-02,7.3,7.3,0.0,16.7,16.7,0.0,24.35,24.35,0.0
2009-04-03,7.782,7.782,0.0,18.11,18.11,0.0,26.33,26.33,0.0
2009-04-04,7.119,7.119,0.0,16.0,16.0,0.0,23.6,23.6,0.0
2009-04-05,7.335,7.335,0.0,17.08,17.08,0.0,25.03,25.03,0.0
2009-04-06,7.983,7.983,0.0,18.56,18.56,0.0,27.31,27.31,0.0
2009-04-07,7.79,7.79,0.0,18.65,18.65,0.0,27.22,27.22,0.0
2009-04-08,7.292,7.292,0.0,17.8,17.8,0.0,25.52,25.52,0.0
2009-04-09,7.604,7.604,0.0,16.32,16.32,0.0,24.21,24.21,0.0
2009-04-10,7.877,7.877,0.0,17.97,17.97,0.0,26.44,26.44,0.0
2009-04-11,8.089,8.089,0.0,18.77,18.77,0.0,27.45,27.45,0.0
2009-04-12,7.717,7.717,0.0,17.94,17.94,0.0,25.9,25.9,0.0
2009-04-13,7.44,7.44,0.0,17.46,17.46,0.0,25.45,25.45,0.0
2009-04-14,8.163,8.163,0.0,17.79,17.79,0.0,26.38,26.38,0.0
2009-04-15,8.96,8.96,0.0,20.57,20.57,0.0,30.59,30.59,0.0
2009-04-16,8.273,8.273,0.0,19.8,19.8,0.0,28.87,28.87,0.0
2009-04-17,8.055,8.055,0.0,19.85,19.85,0.0,28.78,28.78,0.0
2009-04-18,7.767,7.767,0.0,17.98,17.98,0.0,26.27,26.27,0.0
2009-04-19,9.03,9.03,0.0,18.85,18.85,0.0,28.37,28.37,0.0
2009-04-20,10.03,10.03,0.0,20.69,20.69,0.0,31.28,31.28,0.0
2009-04-21,9.901,9.901,0.0,21.13,21.13,0.0,31.62,31.62,0.0
2009-04-22,10.45,10.45,0.0,22.43,22.43,0.0,33.66,33.66,0.0
2009-04-23,8.857,8.857,0.0,21.05,21.05,0.0,30.55,30.55,0.0
2009-04-24,9.413,9.413,0.0,19.13,19.13,0.0,28.92,28.92,0.0
2009-04-25,9.65,9.65,0.0,20.16,20.16,0.0,30.24,30.24,0.0
2009-04-26,9.391,9.391,0.0,20.66,20.66,0.0,30.65,30.65,0.0
2009-04-27,8.926,8.926,0.0,19.53,19.53,0.0,28.88,28.88,0.0
2009-04-28,9.027,9.027,0.0,20.26,20.26,0.0,29.89,29.89,0.0
2009-04-29,10.32,10.32,0.0,20.95,20.95,0.0,31.89,31.89,0.0
2009-04-30,10.18,10.18,0.0,21.36,21.36,0.0,32.08,32.08,0.0
2009-05-01,10.71,10.71,0.0,23.06,23.06,0.0,34.69,34.69,0.0
2009-05-02,11.61,11.61,0.0,23.86,23.86,0.0,36.11,36.11,0.0
2009-05-03,17.32,17.32,0.0,30.27,30.27,0.0,47.01,47.01,0.0
2009-05-04,15.42,15.42,0.0,25.63,25.63,0.0,40.82,40.82,0.0
2009-05-05,13.15,13.15,0.0,26.07,26.07,0.0,39.75,39.75,0.0
2009-05-06,16.6,16.6,0.0,27.17,27.17,0.0,43.28,43.28,0.0
2009-05-07,14.16,14.16,0.0,27.55,27.55,0.0,42.64,42.64,0.0
2009-05-08,14.49,14.49,0.0,27.69,27.69,0.0,42.69,42.69,0.0
2009-05-09,12.73,12.73,0.0,25.19,25.19,0.0,38.56,38.56,0.0
2009-05-10,12.86,12.86,0.0,24.84,24.84,0.0,38.23,38.23,0.0
2009-05-11,13.55,13.55,0.0,26.26,26.26,0.0,40.37,40.37,0.0
2009-05-12,13.62,13.62,0.0,26.53,26.53,0.0,40.57,40.57,0.0
2009-05-13,12.55,12.55,0.0,24.64,24.64,0.0,37.49,37.49,0.0
2009-05-14,12.87,12.87,0.0,24.57,24.57,0.0,37.87,37.87,0.0
2009-05-15,13.26,13.26,0.0,25.17,25.17,0.0,38.65,38.65,0.0
2009-05-16,14.48,14.48,0.0,26.65,26.65,0.0,41.47,41.47,0.0
2009-05-17,13.96,13.96,0.0,25.48,25.48,0.0,39.64,39.64,0.0
2009-05-18,12.32,12.32,0.0,24.65,24.65,0.0,37.3,37.3,0.0
2009-05-19,12.91,12.91,0.0,24.08,24.08,0.0,37.16,37.16,0.0
2009-05-20,13.14,13.14,0.0,24.56,24.56,0.0,37.84,37.84,0.0
2009-05-21,13.15,13.15,0.0,24.69,24.69,0.0,37.81,37.81,0.0
2009-05-22,12.28,12.28,0.0,23.3,23.3,0.0,35.82,35.82,0.0
2009-05-23,12.31,12.31,0.0,23.72,23.72,0.0,36.42,36.42,0.0
2009-05-24,12.55,12.55,0.0,23.23,23.23,0.0,36.02,36.02,0.0
2009-05-25,14.02,14.02,0.0,24.27,24.27,0.0,38.31,38.31,0.0
2009-05-26,14.51,14.51,0.0,24.28,24.28,0.0,38.39,38.39,0.0
2009-05-27,14.23,14.23,0.0,24.28,24.28,0.0,38.63,38.63,0.0
2009-05-28,13.86,13.86,0.0,24.0,24.0,0.0,37.5,37.5,0.0
2009-05-29,13.2,13.2,0.0,23.67,23.67,0.0,37.1,37.1,0.0
2009-05-30,14.11,14.11,0.0,24.91,24.91,0.0,39.23,39.23,0.0
2009-05-31,13.82,13.82,0.0,24.46,24.46,0.0,38.3,38.3,0.0
2009-06-01,13.27,13.27,0.0,23.94,23.94,0.0,37.01,37.01,0.0
2009-06-02,12.69,12.69,0.0,23.55,23.55,0.0,36.37,36.37,0.0
2009-06-03,13.16,13.16,0.0,23.42,23.42,0.0,36.77,36.77,0.0
2009-06-04,14.39,14.39,0.0,26.96,26.96,0.0,42.49,42.49,0.0
2009-06-05,14.59,14.59,0.0,26.26,26.26,0.0,41.09,41.09,0.0
2009-06-06,13.94,13.94,0.0,25.79,25.79,0.0,39.71,39.71,0.0
2009-06-07,12.49,12.49,0.0,23.28,23.28,0.0,36.1,36.1,0.0
2009-06-08,13.03,13.03,0.0,23.79,23.79,0.0,36.94,36.94,0.0
2009-06-09,13.42,13.42,0.0,24.3,24.3,0.0,37.69,37.69,0.0
2009-06-10,13.27,13.27,0.0,24.13,24.13,0.0,37.11,37.11,0.0
2009-06-11,12.83,12.83,0.0,23.63,23.63,0.0,36.5,36.5,0.0
2009-06-12,12.52,12.52,0.0,22.79,22.79,0.0,35.49,35.49,0.0
2009-06-13,12.64,12.64,0.0,23.04,23.04,0.0,35.69,35.69,0.0
2009-06-14,12.67,12.67,0.0,23.12,23.12,0.0,35.6,35.6,0.0
2009-06-15,12.06,12.06,0.0,22.43,22.43,0.0,34.47,34.47,0.0
2009-06-16,11.99,11.99,0.0,21.67,21.67,0.0,33.68,33.68,0.0
2009-06-17,12.44,12.44,0.0,22.68,22.68,0.0,35.34,35.34,0.0
2009-06-18,12.14,12.14,0.0,21.93,21.93,0.0,33.86,33.86,0.0
2009-06-19,12.05,12.05,0.0,21.8,21.8,0.0,33.7,33.7,0.0
2009-06-20,11.55,11.55,0.0,21.77,21.77,0.0,33.54,33.54,0.0
2009-06-21,11.43,11.43,0.0,20.86,20.86,0.0,32.24,32.24,0.0
2009-06-22,11.48,11.48,0.0,20.91,20.91,0.0,32.27,32.27,0.0
2009-06-23,11.44,11.44,0.0,20.74,20.74,0.0,31.85,31.85,0.0
2009-06-24,10.94,10.94,0.0,20.25,20.25,0.0,31.12,31.12,0.0
2009-06-25,10.79,10.79,0.0,19.63,19.63,0.0,30.32,30.32,0.0
2009-06-26,10.85,10.85,0.0,19.67,19.67,0.0,30.35,30.35,0.0
2009-06-27,10.72,10.72,0.0,19.4,19.4,0.0,29.95,29.95,0.0
2009-06-28,10.45,10.45,0.0,19.21,19.21,0.0,29.46,29.46,0.0
2009-06-29,10.2,10.2,0.0,18.51,18.51,0.0,28.62,28.62,0.0
2009-06-30,10.25,10.25,0.0,18.71,18.71,0.0,28.93,28.93,0.0
2009-07-01,10.2,10.2,0.0,18.76,18.76,0.0,29.0,29.0,0.0
2009-07-02,10.06,10.06,0.0,18.43,18.43,0.0,28.33,28.33,0.0
2009-07-03,9.724,9.724,0.0,18.14,18.14,0.0,27.84,27.84,0.0
2009-07-04,9.647,9.647,0.0,17.46,17.46,0.0,26.99,26.99,0.0
2009-07-05,9.603,9.603,0.0,17.54,17.54,0.0,27.04,27.04,0.0
2009-07-06,9.495,9.495,0.0,17.28,17.28,0.0,26.61,26.61,0.0
2009-07-07,9.349,9.349,0.0,17.13,17.13,0.0,26.25,26.25,0.0
2009-07-08,9.118,9.118,0.0,16.82,16.82,0.0,25.81,25.81,0.0
2009-07-09,9.071,9.071,0.0,16.4,16.4,0.0,25.33,25.33,0.0
2009-07-10,8.97,8.97,0.0,16.32,16.32,0.0,25.13,25.13,0.0
2009-07-11,8.907,8.907,0.0,16.17,16.17,0.0,24.88,24.88,0.0
2009-07-12,8.771,8.771,0.0,15.95,15.95,0.0,24.51,24.51,0.0
2009-07-13,8.561,8.561,0.0,15.58,15.58,0.0,24.0,24.0,0.0
2009-07-14,8.508,8.508,0.0,15.49,15.49,0.0,23.83,23.83,0.0
2009-07-15,8.411,8.411,0.0,15.32,15.32,0.0,23.57,23.57,0.0
2009-07-16,8.279,8.279,0.0,15.04,15.04,0.0,23.12,23.12,0.0
2009-07-17,8.449,8.449,0.0,15.66,15.66,0.0,24.35,24.35,0.0
2009-07-18,8.094,8.094,0.0,14.78,14.78,0.0,22.75,22.75,0.0
2009-07-19,7.976,7.976,0.0,14.59,14.59,0.0,22.42,22.42,0.0
2009-07-20,8.015,8.015,0.0,14.69,14.69,0.0,22.64,22.64,0.0
2009-07-21,7.915,7.915,0.0,14.46,14.46,0.0,22.33,22.33,0.0
2009-07-22,7.778,7.778,0.0,14.21,14.21,0.0,21.95,21.95,0.0
2009-07-23,7.651,7.651,0.0,13.91,13.91,0.0,21.43,21.43,0.0
2009-07-24,7.566,7.566,0.0,13.68,13.68,0.0,21.08,21.08,0.0
2009-07-25,8.017,8.017,0.0,14.87,14.87,0.0,23.15,23.15,0.0
2009-07-26,7.647,7.647,0.0,14.21,14.21,0.0,21.97,21.97,0.0
2009-07-27,7.394,7.394,0.0,13.48,13.48,0.0,20.72,20.72,0.0
2009-07-28,7.297,7.297,0.0,13.33,13.33,0.0,20.47,20.47,0.0
2009-07-29,7.4,7.4,0.0,13.57,13.57,0.0,21.01,21.01,0.0
2009-07-30,7.181,7.181,0.0,13.12,13.12,0.0,20.16,20.16,0.0
2009-07-31,7.371,7.371,0.0,14.0,14.0,0.0,21.73,21.73,0.0
2009-08-01,7.217,7.217,0.0,13.63,13.63,0.0,21.07,21.07,0.0
2009-08-02,7.254,7.254,0.0,13.41,13.41,0.0,20.74,20.74,0.0
2009-08-03,6.974,6.974,0.0,12.77,12.77,0.0,19.63,19.63,0.0
2009-08-04,6.878,6.878,0.0,12.63,12.63,0.0,19.36,19.36,0.0
2009-08-05,6.922,6.922,0.0,13.0,13.0,0.0,20.06,20.06,0.0
2009-08-06,6.669,6.669,0.0,12.31,12.31,0.0,18.88,18.88,0.0
2009-08-07,6.61,6.61,0.0,12.16,12.16,0.0,18.66,18.66,0.0
2009-08-08,6.528,6.528,0.0,11.98,11.98,0.0,18.39,18.39,0.0
2009-08-09,6.45,6.45,0.0,11.86,11.86,0.0,18.16,18.16,0.0
2009-08-10,6.35,6.35,0.0,11.76,11.76,0.0,18.06,18.06,0.0
2009-08-11,6.409,6.409,0.0,11.98,11.98,0.0,18.47,18.47,0.0
2009-08-12,6.192,6.192,0.0,11.42,11.42,0.0,17.5,17.5,0.0
2009-08-13,6.127,6.127,0.0,11.3,11.3,0.0,17.3,17.3,0.0
2009-08-14,6.004,6.004,0.0,11.11,11.11,0.0,17.01,17.01,0.0
2009-08-15,5.946,5.946,0.0,10.98,10.98,0.0,16.81,16.81,0.0
2009-08-16,5.879,5.879,0.0,10.82,10.82,0.0,16.59,16.59,0.0
2009-08-17,5.806,5.806,0.0,10.68,10.68,0.0,16.37,16.37,0.0
2009-08-18,5.895,5.895,0.0,10.96,10.96,0.0,16.92,16.92,0.0
2009-08-19,5.644,5.644,0.0,10.45,10.45,0.0,16.0,16.0,0.0
2009-08-20,5.619,5.619,0.0,10.39,10.39,0.0,15.93,15.93,0.0
2009-08-21,5.77,5.77,0.0,10.83,10.83,0.0,16.79,16.79,0.0
2009-08-22,5.492,5.492,0.0,10.14,10.14,0.0,15.53,15.53,0.0
2009-08-23,5.423,5.423,0.0,9.987,9.987,0.0,15.31,15.31,0.0
2009-08-24,5.318,5.318,0.0,9.863,9.863,0.0,15.1,15.1,0.0
2009-08-25,5.264,5.264,0.0,9.726,9.726,0.0,14.91,14.91,0.0
2009-08-26,5.206,5.206,0.0,9.614,9.614,0.0,14.73,14.73,0.0
2009-08-27,5.142,5.142,0.0,9.477,9.477,0.0,14.52,14.52,0.0
2009-08-28,5.136,5.136,0.0,9.6,9.6,0.0,14.75,14.75,0.0
2009-08-29,5.017,5.017,0.0,9.31,9.31,0.0,14.25,14.25,0.0
2009-08-30,4.953,4.953,0.0,9.166,9.166,0.0,14.03,14.03,0.0
2009-08-31,4.892,4.892,0.0,9.054,9.054,0.0,13.85,13.85,0.0
2009-09-01,4.833,4.833,0.0,8.928,8.928,0.0,13.66,13.66,0.0
2009-09-02,4.746,4.746,0.0,8.812,8.812,0.0,13.48,13.48,0.0
2009-09-03,4.696,4.696,0.0,8.698,8.698,0.0,13.31,13.31,0.0
2009-09-04,4.643,4.643,0.0,8.591,8.591,0.0,13.14,13.14,0.0
2009-09-05,4.587,4.587,0.0,8.473,8.473,0.0,12.97,12.97,0.0
2009-09-06,4.548,4.548,0.0,8.468,8.468,0.0,12.98,12.98,0.0
2009-09-07,4.466,4.466,0.0,8.27,8.27,0.0,12.65,12.65,0.0
2009-09-08,4.412,4.412,0.0,8.163,8.163,0.0,12.49,12.49,0.0
2009-09-09,4.369,4.369,0.0,8.079,8.079,0.0,12.37,12.37,0.0
2009-09-10,4.306,4.306,0.0,7.949,7.949,0.0,12.17,12.17,0.0
2009-09-11,4.233,4.233,0.0,7.85,7.85,0.0,12.0,12.0,0.0
2009-09-12,4.187,4.187,0.0,7.741,7.741,0.0,11.85,11.85,0.0
2009-09-13,4.139,4.139,0.0,7.646,7.646,0.0,11.7,11.7,0.0
2009-09-14,4.088,4.088,0.0,7.547,7.547,0.0,11.55,11.55,0.0
2009-09-15,4.022,4.022,0.0,7.451,7.451,0.0,11.4,11.4,0.0
2009-09-16,3.979,3.979,0.0,7.355,7.355,0.0,11.25,11.25,0.0
2009-09-17,3.931,3.931,0.0,7.262,7.262,0.0,11.11,11.11,0.0
2009-09-18,3.883,3.883,0.0,7.17,7.17,0.0,10.97,10.97,0.0
2009-09-19,3.834,3.834,0.0,7.078,7.078,0.0,10.83,10.83,0.0
2009-09-20,3.773,3.773,0.0,6.987,6.987,0.0,10.69,10.69,0.0
2009-09-21,3.73,3.73,0.0,6.894,6.894,0.0,10.55,10.55,0.0
2009-09-22,3.693,3.693,0.0,6.824,6.824,0.0,10.45,10.45,0.0
2009-09-23,3.641,3.641,0.0,6.72,6.72,0.0,10.28,10.28,0.0
2009-09-24,3.712,3.712,0.0,6.903,6.903,0.0,10.65,10.65,0.0
2009-09-25,3.751,3.751,0.0,6.878,6.878,0.0,10.64,10.64,0.0
2009-09-26,5.74,5.74,0.0,8.997,8.997,0.0,14.74,14.74,0.0
2009-09-27,4.278,4.278,0.0,7.509,7.509,0.0,11.74,11.74,0.0
2009-09-28,4.345,4.345,0.0,7.722,7.722,0.0,12.08,12.08,0.0
2009-09-29,4.332,4.332,0.0,7.967,7.967,0.0,12.44,12.44,0.0
2009-09-30,4.173,4.173,0.0,7.668,7.668,0.0,11.83,11.83,0.0
2009-10-01,4.025,4.025,0.0,7.302,7.302,0.0,11.19,11.19,0.0
2009-10-02,3.999,3.999,0.0,7.271,7.271,0.0,11.16,11.16,0.0
2009-10-03,3.926,3.926,0.0,7.118,7.118,0.0,10.91,10.91,0.0
2009-10-04,3.866,3.866,0.0,7.026,7.026,0.0,10.77,10.77,0.0
2009-10-05,3.82,3.82,0.0,6.935,6.935,0.0,10.63,10.63,0.0
2009-10-06,3.89,3.89,0.0,7.165,7.165,0.0,11.08,11.08,0.0
2009-10-07,3.731,3.731,0.0,6.775,6.775,0.0,10.38,10.38,0.0
2009-10-08,3.79,3.79,0.0,7.001,7.001,0.0,10.82,10.82,0.0
2009-10-09,3.862,3.862,0.0,7.265,7.265,0.0,11.29,11.29,0.0
2009-10-10,3.628,3.628,0.0,6.687,6.687,0.0,10.24,10.24,0.0
2009-10-11,3.554,3.554,0.0,6.52,6.52,0.0,9.961,9.961,0.0
2009-10-12,3.553,3.553,0.0,6.554,6.554,0.0,10.05,10.05,0.0
2009-10-13,3.457,3.457,0.0,6.356,6.356,0.0,9.709,9.709,0.0
2009-10-14,3.538,3.538,0.0,6.552,6.552,0.0,10.1,10.1,0.0
2009-10-15,3.729,3.729,0.0,7.073,7.073,0.0,11.0,11.0,0.0
2009-10-16,3.463,3.463,0.0,6.415,6.415,0.0,9.79,9.79,0.0
2009-10-17,3.482,3.482,0.0,6.552,6.552,0.0,10.04,10.04,0.0
2009-10-18,3.362,3.362,0.0,6.3,6.3,0.0,9.581,9.581,0.0
2009-10-19,3.306,3.306,0.0,6.172,6.172,0.0,9.375,9.375,0.0
2009-10-20,3.265,3.265,0.0,6.093,6.093,0.0,9.256,9.256,0.0
2009-10-21,3.225,3.225,0.0,6.018,6.018,0.0,9.139,9.139,0.0
2009-10-22,3.185,3.185,0.0,5.941,5.941,0.0,9.025,9.025,0.0
2009-10-23,3.697,3.697,0.0,7.472,7.472,0.0,11.59,11.59,0.0
2009-10-24,3.462,3.462,0.0,7.018,7.018,0.0,10.57,10.57,0.0
2009-10-25,3.25,3.25,0.0,6.523,6.523,0.0,9.649,9.649,0.0
2009-10-26,3.346,3.346,0.0,6.506,6.506,0.0,9.698,9.698,0.0
2009-10-27,4.148,4.148,0.0,8.761,8.761,0.0,13.37,13.37,0.0
2009-10-28,3.63,3.63,0.0,7.816,7.816,0.0,11.47,11.47,0.0
2009-10-29,3.496,3.496,0.0,7.53,7.53,0.0,10.93,10.93,0.0
2009-10-30,3.457,3.457,0.0,7.471,7.471,0.0,10.83,10.83,0.0
2009-10-31,3.592,3.592,0.0,7.73,7.73,0.0,11.4,11.4,0.0
2009-11-01,3.404,3.404,0.0,7.109,7.109,0.0,10.42,10.42,0.0
2009-11-02,3.355,3.355,0.0,7.209,7.209,0.0,10.48,10.48,0.0
2009-11-03,3.317,3.317,0.0,7.218,7.218,0.0,10.45,10.45,0.0
2009-11-04,3.283,3.283,0.0,7.069,7.069,0.0,10.28,10.28,0.0
2009-11-05,3.235,3.235,0.0,6.868,6.868,0.0,10.02,10.02,0.0
2009-11-06,3.194,3.194,0.0,6.865,6.865,0.0,9.977,9.977,0.0
2009-11-07,3.148,3.148,0.0,6.866,6.866,0.0,9.936,9.936,0.0
2009-11-08,3.11,3.11,0.0,6.819,6.819,0.0,9.849,9.849,0.0
2009-11-09,3.074,3.074,0.0,6.652,6.652,0.0,9.646,9.646,0.0
2009-11-10,3.135,3.135,0.0,6.499,6.499,0.0,9.528,9.528,0.0
2009-11-11,3.417,3.417,0.0,7.186,7.186,0.0,10.7,10.7,0.0
2009-11-12,3.283,3.283,0.0,6.919,6.919,0.0,10.14,10.14,0.0
2009-11-13,3.224,3.224,0.0,6.898,6.898,0.0,10.06,10.06,0.0
2009-11-14,3.164,3.164,0.0,6.674,6.674,0.0,9.739,9.739,0.0
2009-11-15,3.125,3.125,0.0,6.507,6.507,0.0,9.537,9.537,0.0
2009-11-16,3.089,3.089,0.0,6.463,6.463,0.0,9.457,9.457,0.0
2009-11-17,3.055,3.055,0.0,6.457,6.457,0.0,9.417,9.417,0.0
2009-11-18,3.325,3.325,0.0,6.914,6.914,0.0,10.23,10.23,0.0
2009-11-19,3.432,3.432,0.0,7.185,7.185,0.0,10.7,10.7,0.0
2009-11-20,3.26,3.26,0.0,6.67,6.67,0.0,9.862,9.862,0.0
2009-11-21,3.227,3.227,0.0,6.665,6.665,0.0,9.822,9.822,0.0
2009-11-22,3.278,3.278,0.0,6.713,6.713,0.0,9.878,9.878,0.0
2009-11-23,3.42,3.42,0.0,7.044,7.044,0.0,10.46,10.46,0.0
2009-11-24,3.311,3.311,0.0,6.713,6.713,0.0,9.923,9.923,0.0
2009-11-25,3.291,3.291,0.0,6.632,6.632,0.0,9.836,9.836,0.0
2009-11-26,3.242,3.242,0.0,6.723,6.723,0.0,9.893,9.893,0.0
2009-11-27,3.387,3.387,0.0,7.062,7.062,0.0,10.5,10.5,0.0
2009-11-28,3.235,3.235,0.0,6.962,6.962,0.0,10.12,10.12,0.0
2009-11-29,3.237,3.237,0.0,6.926,6.926,0.0,10.08,10.08,0.0
2009-11-30,3.329,3.329,0.0,7.344,7.344,0.0,10.73,10.73,0.0
2009-12-01,3.184,3.184,0.0,6.772,6.772,0.0,9.903,9.903,0.0
2009-12-02,4.274,4.274,0.0,8.63,8.63,0.0,13.03,13.03,0.0
2009-12-03,4.03,4.03,0.0,8.533,8.533,0.0,12.52,12.52,0.0
2009-12-04,4.011,4.011,0.0,8.247,8.247,0.0,12.18,12.18,0.0
2009-12-05,4.12,4.12,0.0,8.792,8.792,0.0,13.07,13.07,0.0
2009-12-06,3.682,3.682,0.0,7.543,7.543,0.0,11.17,11.17,0.0
2009-12-07,3.797,3.797,0.0,8.052,8.052,0.0,11.85,11.85,0.0
2009-12-08,4.297,4.297,0.0,9.51,9.51,0.0,14.5,14.5,0.0
2009-12-09,5.38,5.38,0.0,32.18,32.18,0.0,38.42,38.42,0.0
2009-12-10,4.879,4.879,0.0,12.45,12.45,0.0,17.61,17.61,0.0
2009-12-11,4.812,4.812,0.0,10.22,10.22,0.0,15.22,15.22,0.0
2009-12-12,4.547,4.547,0.0,9.498,9.498,0.0,14.2,14.2,0.0
2009-12-13,6.527,6.527,0.0,13.19,13.19,0.0,20.28,20.28,0.0
2009-12-14,6.101,6.101,0.0,23.62,23.62,0.0,29.83,29.83,0.0
2009-12-15,4.589,4.589,0.0,11.85,11.85,0.0,16.82,16.82,0.0
2009-12-16,4.393,4.393,0.0,10.26,10.26,0.0,14.98,14.98,0.0
2009-12-17,4.305,4.305,0.0,9.276,9.276,0.0,13.88,13.88,0.0
2009-12-18,4.587,4.587,0.0,9.834,9.834,0.0,14.92,14.92,0.0
2009-12-19,4.568,4.568,0.0,10.39,10.39,0.0,15.65,15.65,0.0
2009-12-20,4.333,4.333,0.0,9.739,9.739,0.0,14.44,14.44,0.0
2009-12-21,4.171,4.171,0.0,9.568,9.568,0.0,14.12,14.12,0.0
2009-12-22,4.092,4.092,0.0,8.662,8.662,0.0,12.92,12.92,0.0
2009-12-23,4.007,4.007,0.0,8.916,8.916,0.0,13.18,13.18,0.0
2009-12-24,4.092,4.092,0.0,9.212,9.212,0.0,13.53,13.53,0.0
2009-12-25,4.047,4.047,0.0,9.225,9.225,0.0,13.68,13.68,0.0
2009-12-26,6.398,6.398,0.0,12.09,12.09,0.0,19.09,19.09,0.0
2009-12-27,4.382,4.382,0.0,11.31,11.31,0.0,16.9,16.9,0.0
2009-12-28,4.197,4.197,0.0,9.126,9.126,0.0,13.64,13.64,0.0
2009-12-29,4.104,4.104,0.0,8.827,8.827,0.0,13.09,13.09,0.0
2009-12-30,4.011,4.011,0.0,8.635,8.635,0.0,12.91,12.91,0.0
2009-12-31,3.845,3.845,0.0,8.243,8.243,0.0,12.33,12.33,0.0
2010-01-01,3.839,3.839,0.0,8.262,8.262,0.0,12.25,12.25,0.0
2010-01-02,3.753,3.753,0.0,8.308,8.308,0.0,12.26,12.26,0.0
2010-01-03,3.699,3.699,0.0,7.873,7.873,0.0,11.79,11.79,0.0
2010-01-04,3.658,3.658,0.0,7.873,7.873,0.0,11.62,11.62,0.0
2010-01-05,3.745,3.745,0.0,7.887,7.887,0.0,11.84,11.84,0.0
2010-01-06,3.636,3.636,0.0,7.888,7.888,0.0,11.77,11.77,0.0
2010-01-07,3.668,3.668,0.0,7.803,7.803,0.0,11.73,11.73,0.0
2010-01-08,3.534,3.534,0.0,7.548,7.548,0.0,11.29,11.29,0.0
2010-01-09,3.471,3.471,0.0,7.384,7.384,0.0,10.98,10.98,0.0
2010-01-10,3.461,3.461,0.0,7.337,7.337,0.0,10.92,10.92,0.0
2010-01-11,3.37,3.37,0.0,7.254,7.254,0.0,10.79,10.79,0.0
2010-01-12,3.31,3.31,0.0,7.063,7.063,0.0,10.56,10.56,0.0
2010-01-13,3.279,3.279,0.0,6.96,6.96,0.0,10.34,10.34,0.0
2010-01-14,4.095,4.095,0.0,8.075,8.075,0.0,13.04,13.04,0.0
2010-01-15,5.318,5.318,0.0,8.847,8.847,0.0,14.69,14.69,0.0
2010-01-16,12.74,12.74,0.0,28.38,28.38,0.0,40.55,40.55,0.0
2010-01-17,10.35,10.35,0.0,27.28,27.28,0.0,36.88,36.88,0.0
2010-01-18,3.423,3.423,0.0,12.9,12.9,0.0,16.69,16.69,0.0
2010-01-19,3.625,3.625,0.0,10.72,10.72,0.0,14.63,14.63,0.0
2010-01-20,4.247,4.247,0.0,12.05,12.05,0.0,16.31,16.31,0.0
2010-01-21,4.426,4.426,0.0,10.75,10.75,0.0,15.54,15.54,0.0
2010-01-22,4.512,4.512,0.0,10.35,10.35,0.0,14.85,14.85,0.0
2010-01-23,5.882,5.882,0.0,9.417,9.417,0.0,14.7,14.7,0.0
2010-01-24,32.37,32.37,0.0,65.73,65.73,0.0,92.34,92.34,0.0
2010-01-25,10.11,10.11,0.0,36.77,36.77,0.0,48.27,48.27,0.0
2010-01-26,7.779,7.779,0.0,17.08,17.08,0.0,25.22,25.22,0.0
2010-01-27,6.713,6.713,0.0,13.47,13.47,0.0,20.79,20.79,0.0
2010-01-28,7.185,7.185,0.0,13.4,13.4,0.0,20.11,20.11,0.0
2010-01-29,6.291,6.291,0.0,12.25,12.25,0.0,18.74,18.74,0.0
2010-01-30,6.743,6.743,0.0,12.31,12.31,0.0,19.36,19.36,0.0
2010-01-31,6.289,6.289,0.0,13.0,13.0,0.0,19.73,19.73,0.0
2010-02-01,6.252,6.252,0.0,12.66,12.66,0.0,18.98,18.98,0.0
2010-02-02,6.451,6.451,0.0,12.44,12.44,0.0,19.19,19.19,0.0
2010-02-03,6.432,6.432,0.0,12.13,12.13,0.0,18.8,18.8,0.0
2010-02-04,6.292,6.292,0.0,12.46,12.46,0.0,18.98,18.98,0.0
2010-02-05,6.83,6.83,0.0,13.98,13.98,0.0,21.77,21.77,0.0
2010-02-06,6.123,6.123,0.0,11.97,11.97,0.0,18.39,18.39,0.0
2010-02-07,6.122,6.122,0.0,11.74,11.74,0.0,17.92,17.92,0.0
2010-02-08,6.075,6.075,0.0,11.39,11.39,0.0,17.59,17.59,0.0
2010-02-09,5.971,5.971,0.0,11.27,11.27,0.0,17.72,17.72,0.0
2010-02-10,5.774,5.774,0.0,11.21,11.21,0.0,17.19,17.19,0.0
2010-02-11,5.886,5.886,0.0,11.15,11.15,0.0,17.19,17.19,0.0
2010-02-12,5.764,5.764,0.0,10.78,10.78,0.0,16.64,16.64,0.0
2010-02-13,5.732,5.732,0.0,10.99,10.99,0.0,16.97,16.97,0.0
2010-02-14,5.333,5.333,0.0,10.39,10.39,0.0,15.82,15.82,0.0
2010-02-15,5.553,5.553,0.0,10.55,10.55,0.0,16.21,16.21,0.0
2010-02-16,5.605,5.605,0.0,10.5,10.5,0.0,16.25,16.25,0.0
2010-02-17,5.502,5.502,0.0,10.32,10.32,0.0,15.98,15.98,0.0
2010-02-18,5.242,5.242,0.0,10.04,10.04,0.0,15.46,15.46,0.0
2010-02-19,5.111,5.111,0.0,9.875,9.875,0.0,15.1,15.1,0.0
2010-02-20,6.179,6.179,0.0,10.7,10.7,0.0,17.25,17.25,0.0
2010-02-21,5.923,5.923,0.0,11.41,11.41,0.0,18.31,18.31,0.0
2010-02-22,6.916,6.916,0.0,12.9,12.9,0.0,20.55,20.55,0.0
2010-02-23,6.613,6.613,0.0,12.18,12.18,0.0,19.25,19.25,0.0
2010-02-24,5.559,5.559,0.0,10.34,10.34,0.0,16.14,16.14,0.0
2010-02-25,5.5,5.5,0.0,9.914,9.914,0.0,15.56,15.56,0.0
2010-02-26,5.061,5.061,0.0,9.928,9.928,0.0,15.21,15.21,0.0
2010-02-27,5.192,5.192,0.0,9.661,9.661,0.0,15.02,15.02,0.0
2010-02-28,5.337,5.337,0.0,9.783,9.783,0.0,15.36,15.36,0.0
2010-03-01,5.41,5.41,0.0,9.844,9.844,0.0,15.57,15.57,0.0
2010-03-02,4.999,4.999,0.0,9.37,9.37,0.0,14.86,14.86,0.0
2010-03-03,5.139,5.139,0.0,9.754,9.754,0.0,15.43,15.43,0.0
2010-03-04,5.245,5.245,0.0,9.71,9.71,0.0,15.41,15.41,0.0
2010-03-05,5.11,5.11,0.0,9.481,9.481,0.0,14.95,14.95,0.0
2010-03-06,7.492,7.492,0.0,10.74,10.74,0.0,18.6,18.6,0.0
2010-03-07,14.12,14.12,0.0,18.68,18.68,0.0,31.99,31.99,0.0
2010-03-08,15.2,15.2,0.0,23.19,23.19,0.0,37.87,37.87,0.0
2010-03-09,9.558,9.558,0.0,40.92,40.92,0.0,50.26,50.26,0.0
2010-03-10,8.79,8.79,0.0,90.56,90.56,0.0,99.59,99.59,0.0
2010-03-11,12.81,12.81,0.0,84.8,84.8,0.0,96.44,96.44,0.0
2010-03-12,12.03,12.03,0.0,38.13,38.13,0.0,50.16,50.16,0.0
2010-03-13,12.15,12.15,0.0,28.4,28.4,0.0,40.78,40.78,0.0
2010-03-14,10.98,10.98,0.0,20.59,20.59,0.0,31.59,31.59,0.0
2010-03-15,10.84,10.84,0.0,20.29,20.29,0.0,31.21,31.21,0.0
2010-03-16,10.51,10.51,0.0,19.22,19.22,0.0,30.0,30.0,0.0
2010-03-17,10.87,10.87,0.0,21.48,21.48,0.0,32.28,32.28,0.0
2010-03-18,10.97,10.97,0.0,20.62,20.62,0.0,31.67,31.67,0.0
2010-03-19,10.68,10.68,0.0,20.64,20.64,0.0,31.35,31.35,0.0
2010-03-20,10.35,10.35,0.0,20.49,20.49,0.0,31.16,31.16,0.0
2010-03-21,11.13,11.13,0.0,21.95,21.95,0.0,33.12,33.12,0.0
2010-03-22,12.05,12.05,0.0,23.25,23.25,0.0,35.27,35.27,0.0
2010-03-23,10.9,10.9,0.0,21.86,21.86,0.0,32.97,32.97,0.0
2010-03-24,11.3,11.3,0.0,20.46,20.46,0.0,31.47,31.47,0.0
2010-03-25,11.3,11.3,0.0,22.85,22.85,0.0,34.57,34.57,0.0
2010-03-26,11.82,11.82,0.0,23.61,23.61,0.0,35.45,35.45,0.0
2010-03-27,11.39,11.39,0.0,23.62,23.62,0.0,35.62,35.62,0.0
2010-03-28,13.78,13.78,0.0,23.11,23.11,0.0,37.11,37.11,0.0
2010-03-29,13.42,13.42,0.0,22.84,22.84,0.0,36.09,36.09,0.0
2010-03-30,12.43,12.43,0.0,23.59,23.59,0.0,36.03,36.03,0.0
2010-03-31,12.3,12.3,0.0,23.98,23.98,0.0,36.35,36.35,0.0
2010-04-01,11.85,11.85,0.0,23.01,23.01,0.0,35.29,35.29,0.0
2010-04-02,11.82,11.82,0.0,21.55,21.55,0.0,33.55,33.55,0.0
2010-04-03,12.1,12.1,0.0,22.45,22.45,0.0,34.43,34.43,0.0
2010-04-04,11.86,11.86,0.0,22.8,22.8,0.0,34.66,34.66,0.0
2010-04-05,11.68,11.68,0.0,23.14,23.14,0.0,35.1,35.1,0.0
2010-04-06,11.24,11.24,0.0,21.52,21.52,0.0,33.0,33.0,0.0
2010-04-07,11.28,11.28,0.0,21.08,21.08,0.0,32.42,32.42,0.0
2010-04-08,11.88,11.88,0.0,22.31,22.31,0.0,34.38,34.38,0.0
2010-04-09,11.83,11.83,0.0,22.27,22.27,0.0,34.05,34.05,0.0
2010-04-10,11.44,11.44,0.0,21.8,21.8,0.0,33.22,33.22,0.0
2010-04-11,11.02,11.02,0.0,20.56,20.56,0.0,31.83,31.83,0.0
2010-04-12,10.95,10.95,0.0,20.79,20.79,0.0,31.84,31.84,0.0
2010-04-13,11.1,11.1,0.0,21.03,21.03,0.0,32.1,32.1,0.0
2010-04-14,10.84,10.84,0.0,21.06,21.06,0.0,32.03,32.03,0.0
2010-04-15,10.53,10.53,0.0,19.53,19.53,0.0,30.17,30.17,0.0
2010-04-16,10.65,10.65,0.0,20.75,20.75,0.0,31.7,31.7,0.0
2010-04-17,10.58,10.58,0.0,20.62,20.62,0.0,31.28,31.28,0.0
2010-04-18,10.44,10.44,0.0,20.61,20.61,0.0,31.1,31.1,0.0
2010-04-19,10.02,10.02,0.0,19.91,19.91,0.0,30.08,30.08,0.0
2010-04-20,10.13,10.13,0.0,19.23,19.23,0.0,29.46,29.46,0.0
2010-04-21,9.963,9.963,0.0,19.33,19.33,0.0,29.33,29.33,0.0
2010-04-22,9.997,9.997,0.0,19.44,19.44,0.0,29.49,29.49,0.0
2010-04-23,9.7,9.7,0.0,19.63,19.63,0.0,29.57,29.57,0.0
2010-04-24,9.81,9.81,0.0,19.74,19.74,0.0,29.89,29.89,0.0
2010-04-25,9.969,9.969,0.0,18.76,18.76,0.0,28.85,28.85,0.0
2010-04-26,10.16,10.16,0.0,19.62,19.62,0.0,30.01,30.01,0.0
2010-04-27,9.772,9.772,0.0,19.59,19.59,0.0,29.41,29.41,0.0
2010-04-28,9.449,9.449,0.0,19.56,19.56,0.0,29.16,29.16,0.0
2010-04-29,9.395,9.395,0.0,19.27,19.27,0.0,28.75,28.75,0.0
2010-04-30,9.464,9.464,0.0,18.04,18.04,0.0,27.58,27.58,0.0
2010-05-01,9.585,9.585,0.0,18.46,18.46,0.0,28.0,28.0,0.0
2010-05-02,10.2,10.2,0.0,20.33,20.33,0.0,30.99,30.99,0.0
2010-05-03,9.774,9.774,0.0,19.84,19.84,0.0,29.82,29.82,0.0
2010-05-04,9.329,9.329,0.0,19.73,19.73,0.0,29.36,29.36,0.0
2010-05-05,9.316,9.316,0.0,18.05,18.05,0.0,27.51,27.51,0.0
2010-05-06,9.423,9.423,0.0,18.39,18.39,0.0,27.77,27.77,0.0
2010-05-07,9.334,9.334,0.0,19.08,19.08,0.0,28.67,28.67,0.0
2010-05-08,9.236,9.236,0.0,19.16,19.16,0.0,28.54,28.54,0.0
2010-05-09,8.811,8.811,0.0,18.61,18.61,0.0,27.58,27.58,0.0
2010-05-10,8.924,8.924,0.0,17.48,17.48,0.0,26.39,26.39,0.0
2010-05-11,9.437,9.437,0.0,19.43,19.43,0.0,29.24,29.24,0.0
2010-05-12,10.01,10.01,0.0,19.97,19.97,0.0,29.9,29.9,0.0
2010-05-13,10.23,10.23,0.0,19.77,19.77,0.0,29.81,29.81,0.0
2010-05-14,10.57,10.57,0.0,20.25,20.25,0.0,30.63,30.63,0.0
2010-05-15,9.709,9.709,0.0,18.17,18.17,0.0,27.91,27.91,0.0
2010-05-16,11.32,11.32,0.0,19.38,19.38,0.0,30.28,30.28,0.0
2010-05-17,11.92,11.92,0.0,21.02,21.02,0.0,32.48,32.48,0.0
2010-05-18,13.09,13.09,0.0,22.85,22.85,0.0,35.16,35.16,0.0
2010-05-19,12.12,12.12,0.0,21.99,21.99,0.0,33.68,33.68,0.0
2010-05-20,11.36,11.36,0.0,21.09,21.09,0.0,32.16,32.16,0.0
2010-05-21,10.66,10.66,0.0,19.27,19.27,0.0,29.56,29.56,0.0
2010-05-22,11.5,11.5,0.0,21.0,21.0,0.0,32.34,32.34,0.0
2010-05-23,11.84,11.84,0.0,21.55,21.55,0.0,33.06,33.06,0.0
2010-05-24,11.41,11.41,0.0,21.4,21.4,0.0,32.42,32.42,0.0
2010-05-25,10.82,10.82,0.0,19.36,19.36,0.0,29.89,29.89,0.0
2010-05-26,10.84,10.84,0.0,19.78,19.78,0.0,30.17,30.17,0.0
2010-05-27,11.02,11.02,0.0,20.19,20.19,0.0,30.75,30.75,0.0
2010-05-28,11.03,11.03,0.0,20.92,20.92,0.0,31.88,31.88,0.0
2010-05-29,10.37,10.37,0.0,18.71,18.71,0.0,28.68,28.68,0.0
2010-05-30,10.37,10.37,0.0,18.99,18.99,0.0,29.01,29.01,0.0
2010-05-31,10.56,10.56,0.0,19.51,19.51,0.0,29.79,29.79,0.0
2010-06-01,10.5,10.5,0.0,19.36,19.36,0.0,29.46,29.46,0.0
2010-06-02,9.837,9.837,0.0,18.63,18.63,0.0,28.28,28.28,0.0
2010-06-03,9.975,9.975,0.0,18.19,18.19,0.0,27.84,27.84,0.0
2010-06-04,9.989,9.989,0.0,18.24,18.24,0.0,27.76,27.76,0.0
2010-06-05,10.06,10.06,0.0,18.54,18.54,0.0,28.27,28.27,0.0
2010-06-06,9.927,9.927,0.0,18.35,18.35,0.0,28.12,28.12,0.0
2010-06-07,9.423,9.423,0.0,17.36,17.36,0.0,26.37,26.37,0.0
2010-06-08,9.399,9.399,0.0,17.44,17.44,0.0,26.52,26.52,0.0
2010-06-09,9.595,9.595,0.0,17.95,17.95,0.0,27.39,27.39,0.0
2010-06-10,9.387,9.387,0.0,17.4,17.4,0.0,26.39,26.39,0.0
2010-06-11,8.906,8.906,0.0,16.84,16.84,0.0,25.44,25.44,0.0
2010-06-12,9.05,9.05,0.0,16.75,16.75,0.0,25.6,25.6,0.0
2010-06-13,8.952,8.952,0.0,16.52,16.52,0.0,25.09,25.09,0.0
2010-06-14,8.897,8.897,0.0,16.45,16.45,0.0,24.93,24.93,0.0
2010-06-15,8.785,8.785,0.0,16.14,16.14,0.0,24.53,24.53,0.0
2010-06-16,8.387,8.387,0.0,15.8,15.8,0.0,23.92,23.92,0.0
2010-06-17,8.419,8.419,0.0,15.62,15.62,0.0,23.67,23.67,0.0
2010-06-18,8.406,8.406,0.0,15.59,15.59,0.0,23.61,23.61,0.0
2010-06-19,8.283,8.283,0.0,15.29,15.29,0.0,23.18,23.18,0.0
2010-06-20,7.937,7.937,0.0,15.14,15.14,0.0,22.8,22.8,0.0
2010-06-21,7.947,7.947,0.0,14.64,14.64,0.0,22.2,22.2,0.0
2010-06-22,7.864,7.864,0.0,14.62,14.62,0.0,22.13,22.13,0.0
2010-06-23,7.882,7.882,0.0,14.58,14.58,0.0,22.18,22.18,0.0
2010-06-24,7.79,7.79,0.0,14.54,14.54,0.0,22.12,22.12,0.0
2010-06-25,7.55,7.55,0.0,14.09,14.09,0.0,21.29,21.29,0.0
2010-06-26,7.502,7.502,0.0,14.01,14.01,0.0,21.14,21.14,0.0
2010-06-27,7.438,7.438,0.0,13.86,13.86,0.0,20.97,20.97,0.0
2010-06-28,7.319,7.319,0.0,13.62,13.62,0.0,20.59,20.59,0.0
2010-06-29,7.155,7.155,0.0,13.32,13.32,0.0,20.17,20.17,0.0
2010-06-30,7.111,7.111,0.0,13.24,13.24,0.0,19.98,19.98,0.0
2010-07-01,7.015,7.015,0.0,13.06,13.06,0.0,19.72,19.72,0.0
2010-07-02,6.959,6.959,0.0,12.92,12.92,0.0,19.53,19.53,0.0
2010-07-03,6.8,6.8,0.0,12.69,12.69,0.0,19.19,19.19,0.0
2010-07-04,6.743,6.743,0.0,12.51,12.51,0.0,18.89,18.89,0.0
2010-07-05,6.653,6.653,0.0,12.35,12.35,0.0,18.68,18.68,0.0
2010-07-06,6.595,6.595,0.0,12.2,12.2,0.0,18.46,18.46,0.0
2010-07-07,6.506,6.506,0.0,12.03,12.03,0.0,18.21,18.21,0.0
2010-07-08,6.377,6.377,0.0,11.84,11.84,0.0,17.93,17.93,0.0
2010-07-09,6.866,6.866,0.0,13.15,13.15,0.0,20.31,20.31,0.0
2010-07-10,6.314,6.314,0.0,11.76,11.76,0.0,17.81,17.81,0.0
2010-07-11,6.231,6.231,0.0,11.57,11.57,0.0,17.52,17.52,0.0
2010-07-12,6.344,6.344,0.0,11.64,11.64,0.0,17.77,17.77,0.0
2010-07-13,7.121,7.121,0.0,13.39,13.39,0.0,20.77,20.77,0.0
2010-07-14,6.369,6.369,0.0,11.65,11.65,0.0,17.66,17.66,0.0
2010-07-15,6.287,6.287,0.0,11.43,11.43,0.0,17.35,17.35,0.0
2010-07-16,6.221,6.221,0.0,11.31,11.31,0.0,17.16,17.16,0.0
2010-07-17,6.107,6.107,0.0,11.16,11.16,0.0,16.92,16.92,0.0
2010-07-18,6.238,6.238,0.0,11.57,11.57,0.0,17.67,17.67,0.0
2010-07-19,6.245,6.245,0.0,11.5,11.5,0.0,17.57,17.57,0.0
2010-07-20,6.109,6.109,0.0,11.2,11.2,0.0,17.06,17.06,0.0
2010-07-21,6.041,6.041,0.0,11.06,11.06,0.0,16.78,16.78,0.0
2010-07-22,5.859,5.859,0.0,10.72,10.72,0.0,16.19,16.19,0.0
2010-07-23,5.801,5.801,0.0,10.61,10.61,0.0,16.01,16.01,0.0
2010-07-24,5.737,5.737,0.0,10.48,10.48,0.0,15.83,15.83,0.0
2010-07-25,5.828,5.828,0.0,10.78,10.78,0.0,16.44,16.44,0.0
2010-07-26,5.617,5.617,0.0,10.2,10.2,0.0,15.43,15.43,0.0
2010-07-27,5.508,5.508,0.0,10.09,10.09,0.0,15.22,15.22,0.0
2010-07-28,5.451,5.451,0.0,9.958,9.958,0.0,15.04,15.04,0.0
2010-07-29,5.694,5.694,0.0,10.59,10.59,0.0,16.21,16.21,0.0
2010-07-30,5.38,5.38,0.0,9.805,9.805,0.0,14.79,14.79,0.0
2010-07-31,5.442,5.442,0.0,9.954,9.954,0.0,15.13,15.13,0.0
2010-08-01,5.227,5.227,0.0,9.566,9.566,0.0,14.42,14.42,0.0
2010-08-02,5.174,5.174,0.0,9.441,9.441,0.0,14.24,14.24,0.0
2010-08-03,5.573,5.573,0.0,10.42,10.42,0.0,16.0,16.0,0.0
2010-08-04,5.727,5.727,0.0,10.08,10.08,0.0,15.46,15.46,0.0
2010-08-05,5.498,5.498,0.0,10.13,10.13,0.0,15.44,15.44,0.0
2010-08-06,5.243,5.243,0.0,9.498,9.498,0.0,14.3,14.3,0.0
2010-08-07,5.187,5.187,0.0,9.348,9.348,0.0,14.09,14.09,0.0
2010-08-08,5.128,5.128,0.0,9.242,9.242,0.0,13.92,13.92,0.0
2010-08-09,5.061,5.061,0.0,9.103,9.103,0.0,13.73,13.73,0.0
2010-08-10,4.969,4.969,0.0,9.0,9.0,0.0,13.55,13.55,0.0
2010-08-11,4.952,4.952,0.0,8.9,8.9,0.0,13.41,13.41,0.0
2010-08-12,4.92,4.92,0.0,8.874,8.874,0.0,13.41,13.41,0.0
2010-08-13,4.824,4.824,0.0,8.673,8.673,0.0,13.07,13.07,0.0
2010-08-14,4.937,4.937,0.0,9.036,9.036,0.0,13.77,13.77,0.0
2010-08-15,4.863,4.863,0.0,8.927,8.927,0.0,13.58,13.58,0.0
2010-08-16,4.685,4.685,0.0,8.409,8.409,0.0,12.68,12.68,0.0
2010-08-17,4.66,4.66,0.0,8.305,8.305,0.0,12.54,12.54,0.0
2010-08-18,4.801,4.801,0.0,8.625,8.625,0.0,13.16,13.16,0.0
2010-08-19,4.597,4.597,0.0,8.178,8.178,0.0,12.35,12.35,0.0
2010-08-20,4.515,4.515,0.0,8.071,8.071,0.0,12.18,12.18,0.0
2010-08-21,4.506,4.506,0.0,8.056,8.056,0.0,12.19,12.19,0.0
2010-08-22,4.479,4.479,0.0,8.038,8.038,0.0,12.18,12.18,0.0
2010-08-23,4.519,4.519,0.0,8.201,8.201,0.0,12.51,12.51,0.0
2010-08-24,4.332,4.332,0.0,7.757,7.757,0.0,11.7,11.7,0.0
2010-08-25,4.258,4.258,0.0,7.658,7.658,0.0,11.55,11.55,0.0
2010-08-26,4.201,4.201,0.0,7.52,7.52,0.0,11.33,11.33,0.0
2010-08-27,4.153,4.153,0.0,7.428,7.428,0.0,11.19,11.19,0.0
2010-08-28,4.101,4.101,0.0,7.321,7.321,0.0,11.04,11.04,0.0
2010-08-29,4.03,4.03,0.0,7.228,7.228,0.0,10.89,10.89,0.0
2010-08-30,3.99,3.99,0.0,7.141,7.141,0.0,10.76,10.76,0.0
2010-08-31,3.944,3.944,0.0,7.046,7.046,0.0,10.62,10.62,0.0
2010-09-01,3.895,3.895,0.0,6.948,6.948,0.0,10.48,10.48,0.0
2010-09-02,3.846,3.846,0.0,6.86,6.86,0.0,10.34,10.34,0.0
2010-09-03,3.801,3.801,0.0,6.827,6.827,0.0,10.3,10.3,0.0
2010-09-04,3.742,3.742,0.0,6.692,6.692,0.0,10.09,10.09,0.0
2010-09-05,3.698,3.698,0.0,6.6,6.6,0.0,9.951,9.951,0.0
2010-09-06,3.653,3.653,0.0,6.52,6.52,0.0,9.83,9.83,0.0
2010-09-07,3.593,3.593,0.0,6.435,6.435,0.0,9.697,9.697,0.0
2010-09-08,3.554,3.554,0.0,6.353,6.353,0.0,9.575,9.575,0.0
2010-09-09,3.512,3.512,0.0,6.274,6.274,0.0,9.457,9.457,0.0
2010-09-10,3.469,3.469,0.0,6.188,6.188,0.0,9.332,9.332,0.0
2010-09-11,3.56,3.56,0.0,6.476,6.476,0.0,9.889,9.889,0.0
2010-09-12,3.371,3.371,0.0,6.048,6.048,0.0,9.109,9.109,0.0
2010-09-13,3.334,3.334,0.0,5.968,5.968,0.0,8.992,8.992,0.0
2010-09-14,3.295,3.295,0.0,5.888,5.888,0.0,8.875,8.875,0.0
2010-09-15,3.254,3.254,0.0,5.814,5.814,0.0,8.764,8.764,0.0
2010-09-16,3.499,3.499,0.0,6.556,6.556,0.0,10.15,10.15,0.0
2010-09-17,3.18,3.18,0.0,5.737,5.737,0.0,8.643,8.643,0.0
2010-09-18,3.142,3.142,0.0,5.658,5.658,0.0,8.528,8.528,0.0
2010-09-19,3.103,3.103,0.0,5.581,5.581,0.0,8.416,8.416,0.0
2010-09-20,3.056,3.056,0.0,5.512,5.512,0.0,8.307,8.307,0.0
2010-09-21,3.021,3.021,0.0,5.445,5.445,0.0,8.206,8.206,0.0
2010-09-22,2.985,2.985,0.0,5.375,5.375,0.0,8.103,8.103,0.0
2010-09-23,2.948,2.948,0.0,5.304,5.304,0.0,7.997,7.997,0.0
2010-09-24,2.911,2.911,0.0,5.238,5.238,0.0,7.897,7.897,0.0
2010-09-25,2.868,2.868,0.0,5.174,5.174,0.0,7.796,7.796,0.0
2010-09-26,3.003,3.003,0.0,5.485,5.485,0.0,8.403,8.403,0.0
2010-09-27,3.32,3.32,0.0,5.963,5.963,0.0,9.293,9.293,0.0
2010-09-28,3.195,3.195,0.0,5.765,5.765,0.0,8.865,8.865,0.0
2010-09-29,3.531,3.531,0.0,6.156,6.156,0.0,9.676,9.676,0.0
2010-09-30,5.734,5.734,0.0,9.883,9.883,0.0,15.92,15.92,0.0
2010-10-01,3.841,3.841,0.0,6.541,6.541,0.0,9.973,9.973,0.0
2010-10-02,3.766,3.766,0.0,6.388,6.388,0.0,9.741,9.741,0.0
2010-10-03,3.834,3.834,0.0,6.529,6.529,0.0,9.979,9.979,0.0
2010-10-04,3.739,3.739,0.0,6.36,6.36,0.0,9.677,9.677,0.0
2010-10-05,3.768,3.768,0.0,6.537,6.537,0.0,9.968,9.968,0.0
2010-10-06,3.85,3.85,0.0,6.977,6.977,0.0,10.64,10.64,0.0
2010-10-07,3.648,3.648,0.0,6.499,6.499,0.0,9.757,9.757,0.0
2010-10-08,3.6,3.6,0.0,6.425,6.425,0.0,9.643,9.643,0.0
2010-10-09,3.548,3.548,0.0,6.334,6.334,0.0,9.509,9.509,0.0
2010-10-10,3.507,3.507,0.0,6.235,6.235,0.0,9.369,9.369,0.0
2010-10-11,3.465,3.465,0.0,6.154,6.154,0.0,9.252,9.252,0.0
2010-10-12,3.42,3.42,0.0,6.1,6.1,0.0,9.159,9.159,0.0
2010-10-13,3.498,3.498,0.0,6.378,6.378,0.0,9.661,9.661,0.0
2010-10-14,3.434,3.434,0.0,6.374,6.374,0.0,9.57,9.57,0.0
2010-10-15,3.374,3.374,0.0,6.324,6.324,0.0,9.409,9.409,0.0
2010-10-16,3.289,3.289,0.0,6.153,6.153,0.0,9.102,9.102,0.0
2010-10-17,3.248,3.248,0.0,6.038,6.038,0.0,8.95,8.95,0.0
2010-10-18,3.287,3.287,0.0,6.296,6.296,0.0,9.38,9.38,0.0
2010-10-19,3.163,3.163,0.0,5.955,5.955,0.0,8.805,8.805,0.0
2010-10-20,3.125,3.125,0.0,5.891,5.891,0.0,8.702,8.702,0.0
2010-10-21,3.087,3.087,0.0,5.851,5.851,0.0,8.629,8.629,0.0
2010-10-22,3.047,3.047,0.0,5.752,5.752,0.0,8.496,8.496,0.0
2010-10-23,3.003,3.003,0.0,5.666,5.666,0.0,8.374,8.374,0.0
2010-10-24,2.968,2.968,0.0,5.61,5.61,0.0,8.281,8.281,0.0
2010-10-25,2.938,2.938,0.0,5.581,5.581,0.0,8.228,8.228,0.0
2010-10-26,3.255,3.255,0.0,6.35,6.35,0.0,9.517,9.517,0.0
2010-10-27,3.042,3.042,0.0,5.868,5.868,0.0,8.593,8.593,0.0
2010-10-28,3.0,3.0,0.0,5.778,5.778,0.0,8.468,8.468,0.0
2010-10-29,2.965,2.965,0.0,5.609,5.609,0.0,8.267,8.267,0.0
2010-10-30,2.925,2.925,0.0,5.606,5.606,0.0,8.225,8.225,0.0
2010-10-31,2.89,2.89,0.0,5.572,5.572,0.0,8.162,8.162,0.0
2010-11-01,2.855,2.855,0.0,5.532,5.532,0.0,8.09,8.09,0.0
2010-11-02,2.813,2.813,0.0,5.411,5.411,0.0,7.935,7.935,0.0
2010-11-03,3.209,3.209,0.0,6.337,6.337,0.0,9.527,9.527,0.0
2010-11-04,3.38,3.38,0.0,6.913,6.913,0.0,10.3,10.3,0.0
2010-11-05,3.249,3.249,0.0,6.919,6.919,0.0,10.1,10.1,0.0
2010-11-06,3.094,3.094,0.0,6.602,6.602,0.0,9.487,9.487,0.0
2010-11-07,3.05,3.05,0.0,6.372,6.372,0.0,9.225,9.225,0.0
2010-11-08,3.009,3.009,0.0,6.156,6.156,0.0,8.943,8.943,0.0
2010-11-09,2.968,2.968,0.0,6.186,6.186,0.0,8.943,8.943,0.0
2010-11-10,2.938,2.938,0.0,6.244,6.244,0.0,8.983,8.983,0.0
2010-11-11,2.905,2.905,0.0,6.084,6.084,0.0,8.797,8.797,0.0
2010-11-12,2.858,2.858,0.0,5.964,5.964,0.0,8.64,8.64,0.0
2010-11-13,2.827,2.827,0.0,5.897,5.897,0.0,8.512,8.512,0.0
2010-11-14,2.822,2.822,0.0,6.11,6.11,0.0,8.8,8.8,0.0
2010-11-15,2.869,2.869,0.0,6.375,6.375,0.0,9.17,9.17,0.0
2010-11-16,3.412,3.412,0.0,7.391,7.391,0.0,10.85,10.85,0.0
2010-11-17,3.2,3.2,0.0,7.012,7.012,0.0,10.04,10.04,0.0
2010-11-18,3.176,3.176,0.0,6.839,6.839,0.0,9.856,9.856,0.0
2010-11-19,3.119,3.119,0.0,6.521,6.521,0.0,9.498,9.498,0.0
2010-11-20,3.008,3.008,0.0,6.572,6.572,0.0,9.398,9.398,0.0
2010-11-21,3.012,3.012,0.0,6.68,6.68,0.0,9.531,9.531,0.0
2010-11-22,2.994,2.994,0.0,6.521,6.521,0.0,9.366,9.366,0.0
2010-11-23,2.936,2.936,0.0,6.346,6.346,0.0,9.096,9.096,0.0
2010-11-24,2.99,2.99,0.0,6.767,6.767,0.0,9.744,9.744,0.0
2010-11-25,2.942,2.942,0.0,6.954,6.954,0.0,9.946,9.946,0.0
2010-11-26,2.919,2.919,0.0,7.184,7.184,0.0,10.15,10.15,0.0
2010-11-27,2.802,2.802,0.0,7.006,7.006,0.0,9.763,9.763,0.0
2010-11-28,2.762,2.762,0.0,6.494,6.494,0.0,9.142,9.142,0.0
2010-11-29,3.037,3.037,0.0,8.12,8.12,0.0,11.53,11.53,0.0
2010-11-30,5.767,5.767,0.0,15.11,15.11,0.0,21.47,21.47,0.0
2010-12-01,5.007,5.007,0.0,12.96,12.96,0.0,18.09,18.09,0.0
2010-12-02,4.94,4.94,0.0,11.34,11.34,0.0,16.25,16.25,0.0
2010-12-03,4.887,4.887,0.0,10.78,10.78,0.0,15.61,15.61,0.0
2010-12-04,4.468,4.468,0.0,9.008,9.008,0.0,13.2,13.2,0.0
2010-12-05,4.217,4.217,0.0,9.811,9.811,0.0,14.01,14.01,0.0
2010-12-06,4.382,4.382,0.0,10.18,10.18,0.0,14.5,14.5,0.0
2010-12-07,4.433,4.433,0.0,9.736,9.736,0.0,14.09,14.09,0.0
2010-12-08,4.278,4.278,0.0,9.311,9.311,0.0,13.36,13.36,0.0
2010-12-09,4.089,4.089,0.0,9.279,9.279,0.0,13.32,13.32,0.0
2010-12-10,4.187,4.187,0.0,9.433,9.433,0.0,13.55,13.55,0.0
2010-12-11,4.299,4.299,0.0,10.49,10.49,0.0,15.58,15.58,0.0
2010-12-12,4.167,4.167,0.0,8.982,8.982,0.0,13.23,13.23,0.0
2010-12-13,4.034,4.034,0.0,9.066,9.066,0.0,13.06,13.06,0.0
2010-12-14,4.018,4.018,0.0,9.095,9.095,0.0,13.1,13.1,0.0
2010-12-15,3.983,3.983,0.0,8.737,8.737,0.0,12.63,12.63,0.0
2010-12-16,4.103,4.103,0.0,8.652,8.652,0.0,12.85,12.85,0.0
2010-12-17,3.781,3.781,0.0,8.43,8.43,0.0,12.15,12.15,0.0
2010-12-18,3.795,3.795,0.0,8.399,8.399,0.0,12.09,12.09,0.0
2010-12-19,3.755,3.755,0.0,8.382,8.382,0.0,12.07,12.07,0.0
2010-12-20,3.755,3.755,0.0,8.002,8.002,0.0,11.68,11.68,0.0
2010-12-21,3.655,3.655,0.0,7.97,7.97,0.0,11.59,11.59,0.0
2010-12-22,3.617,3.617,0.0,8.057,8.057,0.0,11.62,11.62,0.0
2010-12-23,3.619,3.619,0.0,8.12,8.12,0.0,11.75,11.75,0.0
2010-12-24,3.573,3.573,0.0,7.785,7.785,0.0,11.29,11.29,0.0
2010-12-25,3.542,3.542,0.0,7.536,7.536,0.0,11.0,11.0,0.0
2010-12-26,3.464,3.464,0.0,7.692,7.692,0.0,11.14,11.14,0.0
2010-12-27,3.401,3.401,0.0,7.57,7.57,0.0,10.91,10.91,0.0
2010-12-28,3.35,3.35,0.0,7.478,7.478,0.0,10.77,10.77,0.0
2010-12-29,3.349,3.349,0.0,7.238,7.238,0.0,10.53,10.53,0.0
2010-12-30,3.789,3.789,0.0,7.792,7.792,0.0,11.98,11.98,0.0
2010-12-31,9.84,9.84,0.0,23.69,23.69,0.0,32.41,32.41,0.0
2011-01-01,3.507,3.507,0.0,23.15,23.15,0.0,26.69,26.69,0.0
2011-01-02,3.159,3.159,0.0,9.371,9.371,0.0,12.56,12.56,0.0
2011-01-03,3.15,3.15,0.0,7.531,7.531,0.0,10.71,10.71,0.0
2011-01-04,3.066,3.066,0.0,7.232,7.232,0.0,10.35,10.35,0.0
2011-01-05,3.026,3.026,0.0,7.171,7.171,0.0,10.15,10.15,0.0
2011-01-06,3.033,3.033,0.0,6.9,6.9,0.0,9.912,9.912,0.0
2011-01-07,3.039,3.039,0.0,7.054,7.054,0.0,10.18,10.18,0.0
2011-01-08,3.051,3.051,0.0,7.014,7.014,0.0,10.13,10.13,0.0
2011-01-09,2.892,2.892,0.0,6.634,6.634,0.0,9.509,9.509,0.0
2011-01-10,2.849,2.849,0.0,6.594,6.594,0.0,9.456,9.456,0.0
2011-01-11,2.954,2.954,0.0,6.845,6.845,0.0,9.935,9.935,0.0
2011-01-12,2.927,2.927,0.0,6.782,6.782,0.0,9.885,9.885,0.0
2011-01-13,2.77,2.77,0.0,6.327,6.327,0.0,9.121,9.121,0.0
2011-01-14,2.748,2.748,0.0,6.256,6.256,0.0,8.976,8.976,0.0
2011-01-15,2.737,2.737,0.0,6.458,6.458,0.0,9.477,9.477,0.0
2011-01-16,2.689,2.689,0.0,6.172,6.172,0.0,8.873,8.873,0.0
2011-01-17,2.686,2.686,0.0,6.15,6.15,0.0,8.913,8.913,0.0
2011-01-18,3.631,3.631,0.0,9.374,9.374,0.0,13.48,13.48,0.0
2011-01-19,2.645,2.645,0.0,7.972,7.972,0.0,10.85,10.85,0.0
2011-01-20,2.604,2.604,0.0,6.68,6.68,0.0,9.43,9.43,0.0
2011-01-21,2.553,2.553,0.0,6.298,6.298,0.0,9.0,9.0,0.0
2011-01-22,2.486,2.486,0.0,5.998,5.998,0.0,8.577,8.577,0.0
2011-01-23,2.454,2.454,0.0,5.647,5.647,0.0,8.172,8.172,0.0
2011-01-24,2.431,2.431,0.0,5.724,5.724,0.0,8.172,8.172,0.0
2011-01-25,2.44,2.44,0.0,5.864,5.864,0.0,8.413,8.413,0.0
2011-01-26,2.732,2.732,0.0,6.686,6.686,0.0,9.989,9.989,0.0
2011-01-27,2.409,2.409,0.0,5.792,5.792,0.0,8.416,8.416,0.0
2011-01-28,2.437,2.437,0.0,5.733,5.733,0.0,8.334,8.334,0.0
2011-01-29,2.705,2.705,0.0,5.815,5.815,0.0,8.401,8.401,0.0
2011-01-30,4.884,4.884,0.0,8.885,8.885,0.0,13.95,13.95,0.0
2011-01-31,2.35,2.35,0.0,5.531,5.531,0.0,8.058,8.058,0.0
2011-02-01,8.586,8.586,0.0,31.27,31.27,0.0,45.15,45.15,0.0
2011-02-02,3.167,3.167,0.0,21.97,21.97,0.0,25.91,25.91,0.0
2011-02-03,3.053,3.053,0.0,8.463,8.463,0.0,11.91,11.91,0.0
2011-02-04,2.996,2.996,0.0,7.356,7.356,0.0,10.75,10.75,0.0
2011-02-05,2.793,2.793,0.0,9.464,9.464,0.0,13.08,13.08,0.0
2011-02-06,2.853,2.853,0.0,7.656,7.656,0.0,10.84,10.84,0.0
2011-02-07,2.833,2.833,0.0,7.92,7.92,0.0,11.4,11.4,0.0
2011-02-08,2.912,2.912,0.0,7.887,7.887,0.0,11.56,11.56,0.0
2011-02-09,2.653,2.653,0.0,7.153,7.153,0.0,10.54,10.54,0.0
2011-02-10,2.71,2.71,0.0,7.435,7.435,0.0,10.52,10.52,0.0
2011-02-11,2.658,2.658,0.0,7.295,7.295,0.0,10.49,10.49,0.0
2011-02-12,2.692,2.692,0.0,6.993,6.993,0.0,10.29,10.29,0.0
2011-02-13,2.613,2.613,0.0,10.23,10.23,0.0,13.52,13.52,0.0
2011-02-14,2.625,2.625,0.0,9.671,9.671,0.0,12.81,12.81,0.0
2011-02-15,2.576,2.576,0.0,7.786,7.786,0.0,10.92,10.92,0.0
2011-02-16,2.566,2.566,0.0,8.196,8.196,0.0,11.41,11.41,0.0
2011-02-17,2.775,2.775,0.0,9.743,9.743,0.0,13.28,13.28,0.0
2011-02-18,3.913,3.913,0.0,11.09,11.09,0.0,15.48,15.48,0.0
2011-02-19,4.481,4.481,0.0,11.21,11.21,0.0,16.12,16.12,0.0
2011-02-20,4.777,4.777,0.0,10.86,10.86,0.0,15.86,15.86,0.0
2011-02-21,5.469,5.469,0.0,15.37,15.37,0.0,21.64,21.64,0.0
2011-02-22,4.465,4.465,0.0,12.71,12.71,0.0,17.95,17.95,0.0
2011-02-23,4.325,4.325,0.0,13.25,13.25,0.0,18.47,18.47,0.0
2011-02-24,5.296,5.296,0.0,16.43,16.43,0.0,22.56,22.56,0.0
2011-02-25,5.746,5.746,0.0,14.53,14.53,0.0,21.0,21.0,0.0
2011-02-26,5.739,5.739,0.0,14.89,14.89,0.0,20.74,20.74,0.0
2011-02-27,5.035,5.035,0.0,15.1,15.1,0.0,21.28,21.28,0.0
2011-02-28,6.182,6.182,0.0,17.46,17.46,0.0,24.58,24.58,0.0
2011-03-01,6.079,6.079,0.0,16.58,16.58,0.0,23.18,23.18,0.0
2011-03-02,6.262,6.262,0.0,16.14,16.14,0.0,22.63,22.63,0.0
2011-03-03,5.652,5.652,0.0,15.77,15.77,0.0,22.0,22.0,0.0
2011-03-04,5.649,5.649,0.0,16.24,16.24,0.0,22.57,22.57,0.0
2011-03-05,6.811,6.811,0.0,18.04,18.04,0.0,25.39,25.39,0.0
2011-03-06,12.01,12.01,0.0,22.66,22.66,0.0,33.68,33.68,0.0
2011-03-07,8.388,8.388,0.0,18.72,18.72,0.0,27.46,27.46,0.0
2011-03-08,8.505,8.505,0.0,19.68,19.68,0.0,27.79,27.79,0.0
2011-03-09,7.663,7.663,0.0,19.45,19.45,0.0,28.17,28.17,0.0
2011-03-10,14.11,14.11,0.0,23.9,23.9,0.0,36.56,36.56,0.0
2011-03-11,10.26,10.26,0.0,23.47,23.47,0.0,34.24,34.24,0.0
2011-03-12,10.13,10.13,0.0,21.75,21.75,0.0,32.18,32.18,0.0
2011-03-13,9.347,9.347,0.0,20.12,20.12,0.0,29.29,29.29,0.0
2011-03-14,8.601,8.601,0.0,20.41,20.41,0.0,29.41,29.41,0.0
2011-03-15,9.556,9.556,0.0,21.9,21.9,0.0,31.83,31.83,0.0
2011-03-16,9.831,9.831,0.0,21.62,21.62,0.0,31.74,31.74,0.0
2011-03-17,9.362,9.362,0.0,21.16,21.16,0.0,30.72,30.72,0.0
2011-03-18,9.181,9.181,0.0,20.84,20.84,0.0,30.52,30.52,0.0
2011-03-19,9.588,9.588,0.0,21.63,21.63,0.0,31.25,31.25,0.0
2011-03-20,10.05,10.05,0.0,22.96,22.96,0.0,33.37,33.37,0.0
2011-03-21,11.06,11.06,0.0,23.9,23.9,0.0,35.22,35.22,0.0
2011-03-22,10.59,10.59,0.0,22.69,22.69,0.0,33.32,33.32,0.0
2011-03-23,12.15,12.15,0.0,24.97,24.97,0.0,37.29,37.29,0.0
2011-03-24,10.07,10.07,0.0,24.29,24.29,0.0,35.31,35.31,0.0
2011-03-25,10.55,10.55,0.0,24.65,24.65,0.0,35.53,35.53,0.0
2011-03-26,10.95,10.95,0.0,24.61,24.61,0.0,35.8,35.8,0.0
2011-03-27,10.44,10.44,0.0,23.45,23.45,0.0,34.08,34.08,0.0
2011-03-28,9.826,9.826,0.0,22.55,22.55,0.0,32.88,32.88,0.0
2011-03-29,10.25,10.25,0.0,23.39,23.39,0.0,34.02,34.02,0.0
2011-03-30,10.51,10.51,0.0,24.14,24.14,0.0,34.97,34.97,0.0
2011-03-31,10.62,10.62,0.0,22.75,22.75,0.0,33.72,33.72,0.0
2011-04-01,10.4,10.4,0.0,23.09,23.09,0.0,33.95,33.95,0.0
2011-04-02,10.24,10.24,0.0,23.43,23.43,0.0,34.51,34.51,0.0
2011-04-03,10.39,10.39,0.0,26.81,26.81,0.0,37.78,37.78,0.0
2011-04-04,11.54,11.54,0.0,26.25,26.25,0.0,38.44,38.44,0.0
2011-04-05,11.78,11.78,0.0,25.57,25.57,0.0,37.92,37.92,0.0
2011-04-06,11.29,11.29,0.0,24.68,24.68,0.0,36.01,36.01,0.0
2011-04-07,10.16,10.16,0.0,23.61,23.61,0.0,34.43,34.43,0.0
2011-04-08,11.31,11.31,0.0,25.71,25.71,0.0,37.8,37.8,0.0
2011-04-09,11.68,11.68,0.0,25.96,25.96,0.0,38.07,38.07,0.0
2011-04-10,11.39,11.39,0.0,25.35,25.35,0.0,37.07,37.07,0.0
2011-04-11,12.55,12.55,0.0,25.9,25.9,0.0,38.53,38.53,0.0
2011-04-12,22.81,22.81,0.0,33.27,33.27,0.0,52.51,52.51,0.0
2011-04-13,15.05,15.05,0.0,29.69,29.69,0.0,44.84,44.84,0.0
2011-04-14,12.48,12.48,0.0,27.98,27.98,0.0,41.48,41.48,0.0
2011-04-15,13.2,13.2,0.0,27.75,27.75,0.0,41.25,41.25,0.0
2011-04-16,19.85,19.85,0.0,31.73,31.73,0.0,50.44,50.44,0.0
2011-04-17,15.59,15.59,0.0,30.56,30.56,0.0,46.22,46.22,0.0
2011-04-18,15.27,15.27,0.0,28.56,28.56,0.0,44.01,44.01,0.0
2011-04-19,14.56,14.56,0.0,31.16,31.16,0.0,47.03,47.03,0.0
2011-04-20,13.8,13.8,0.0,29.77,29.77,0.0,44.38,44.38,0.0
2011-04-21,14.4,14.4,0.0,29.23,29.23,0.0,43.92,43.92,0.0
2011-04-22,16.63,16.63,0.0,31.71,31.71,0.0,48.58,48.58,0.0
2011-04-23,16.08,16.08,0.0,32.13,32.13,0.0,49.28,49.28,0.0
2011-04-24,15.59,15.59,0.0,31.31,31.31,0.0,47.77,47.77,0.0
2011-04-25,15.09,15.09,0.0,30.83,30.83,0.0,46.64,46.64,0.0
2011-04-26,15.88,15.88,0.0,31.73,31.73,0.0,48.32,48.32,0.0
2011-04-27,25.86,25.86,0.0,39.67,39.67,0.0,63.6,63.6,0.0
2011-04-28,25.33,25.33,0.0,37.11,37.11,0.0,60.24,60.24,0.0
2011-04-29,19.61,19.61,0.0,33.51,33.51,0.0,52.92,52.92,0.0
2011-04-30,16.34,16.34,0.0,31.89,31.89,0.0,49.49,49.49,0.0
2011-05-01,17.35,17.35,0.0,33.24,33.24,0.0,50.89,50.89,0.0
2011-05-02,17.79,17.79,0.0,33.68,33.68,0.0,51.7,51.7,0.0
2011-05-03,19.24,19.24,0.0,33.46,33.46,0.0,53.22,53.22,0.0
2011-05-04,18.23,18.23,0.0,34.02,34.02,0.0,52.52,52.52,0.0
2011-05-05,16.96,16.96,0.0,32.31,32.31,0.0,49.77,49.77,0.0
2011-05-06,17.62,17.62,0.0,33.11,33.11,0.0,51.07,51.07,0.0
2011-05-07,17.86,17.86,0.0,33.32,33.32,0.0,51.48,51.48,0.0
2011-05-08,16.91,16.91,0.0,31.68,31.68,0.0,48.89,48.89,0.0
2011-05-09,16.57,16.57,0.0,30.67,30.67,0.0,47.76,47.76,0.0
2011-05-10,17.04,17.04,0.0,31.48,31.48,0.0,48.53,48.53,0.0
2011-05-11,17.07,17.07,0.0,31.62,31.62,0.0,48.77,48.77,0.0
2011-05-12,16.72,16.72,0.0,31.32,31.32,0.0,48.46,48.46,0.0
2011-05-13,16.51,16.51,0.0,32.56,32.56,0.0,50.29,50.29,0.0
2011-05-14,16.52,16.52,0.0,32.16,32.16,0.0,49.54,49.54,0.0
2011-05-15,17.16,17.16,0.0,31.9,31.9,0.0,49.33,49.33,0.0
2011-05-16,19.0,19.0,0.0,34.76,34.76,0.0,54.71,54.71,0.0
2011-05-17,23.83,23.83,0.0,42.93,42.93,0.0,68.37,68.37,0.0
2011-05-18,20.9,20.9,0.0,38.8,38.8,0.0,61.17,61.17,0.0
2011-05-19,18.58,18.58,0.0,35.39,35.39,0.0,55.8,55.8,0.0
2011-05-20,17.96,17.96,0.0,33.71,33.71,0.0,52.71,52.71,0.0
2011-05-21,18.51,18.51,0.0,34.9,34.9,0.0,54.36,54.36,0.0
2011-05-22,19.16,19.16,0.0,35.73,35.73,0.0,55.83,55.83,0.0
2011-05-23,17.98,17.98,0.0,34.6,34.6,0.0,53.94,53.94,0.0
2011-05-24,17.75,17.75,0.0,34.21,34.21,0.0,52.98,52.98,0.0
2011-05-25,17.98,17.98,0.0,33.61,33.61,0.0,52.42,52.42,0.0
2011-05-26,19.15,19.15,0.0,35.23,35.23,0.0,55.22,55.22,0.0
2011-05-27,18.87,18.87,0.0,35.84,35.84,0.0,55.91,55.91,0.0
2011-05-28,17.15,17.15,0.0,33.65,33.65,0.0,51.96,51.96,0.0
2011-05-29,17.3,17.3,0.0,32.45,32.45,0.0,50.5,50.5,0.0
2011-05-30,17.53,17.53,0.0,33.19,33.19,0.0,51.47,51.47,0.0
2011-05-31,17.51,17.51,0.0,33.32,33.32,0.0,51.6,51.6,0.0
2011-06-01,16.43,16.43,0.0,32.3,32.3,0.0,49.66,49.66,0.0
2011-06-02,16.5,16.5,0.0,30.97,30.97,0.0,48.12,48.12,0.0
2011-06-03,16.59,16.59,0.0,31.38,31.38,0.0,48.62,48.62,0.0
2011-06-04,16.6,16.6,0.0,31.6,31.6,0.0,48.96,48.96,0.0
2011-06-05,15.93,15.93,0.0,30.31,30.31,0.0,47.02,47.02,0.0
2011-06-06,15.55,15.55,0.0,29.58,29.58,0.0,45.73,45.73,0.0
2011-06-07,15.59,15.59,0.0,29.67,29.67,0.0,45.82,45.82,0.0
2011-06-08,15.51,15.51,0.0,29.54,29.54,0.0,45.61,45.61,0.0
2011-06-09,15.34,15.34,0.0,29.2,29.2,0.0,45.28,45.28,0.0
2011-06-10,15.42,15.42,0.0,29.66,29.66,0.0,46.31,46.31,0.0
2011-06-11,15.17,15.17,0.0,28.55,28.55,0.0,44.33,44.33,0.0
2011-06-12,15.02,15.02,0.0,28.31,28.31,0.0,43.88,43.88,0.0
2011-06-13,14.77,14.77,0.0,28.07,28.07,0.0,43.36,43.36,0.0
2011-06-14,14.48,14.48,0.0,27.0,27.0,0.0,41.97,41.97,0.0
2011-06-15,14.23,14.23,0.0,26.88,26.88,0.0,41.64,41.64,0.0
2011-06-16,14.27,14.27,0.0,26.97,26.97,0.0,41.84,41.84,0.0
2011-06-17,14.14,14.14,0.0,26.7,26.7,0.0,41.36,41.36,0.0
2011-06-18,14.08,14.08,0.0,27.17,27.17,0.0,42.27,42.27,0.0
2011-06-19,14.56,14.56,0.0,28.45,28.45,0.0,44.75,44.75,0.0
2011-06-20,13.87,13.87,0.0,26.78,26.78,0.0,41.44,41.44,0.0
2011-06-21,13.9,13.9,0.0,27.14,27.14,0.0,41.9,41.9,0.0
2011-06-22,13.49,13.49,0.0,26.33,26.33,0.0,40.42,40.42,0.0
2011-06-23,13.24,13.24,0.0,25.86,25.86,0.0,39.68,39.68,0.0
2011-06-24,13.05,13.05,0.0,25.21,25.21,0.0,38.86,38.86,0.0
2011-06-25,12.96,12.96,0.0,25.1,25.1,0.0,38.58,38.58,0.0
2011-06-26,12.86,12.86,0.0,24.88,24.88,0.0,38.21,38.21,0.0
2011-06-27,12.72,12.72,0.0,25.01,25.01,0.0,38.47,38.47,0.0
2011-06-28,12.45,12.45,0.0,23.88,23.88,0.0,36.84,36.84,0.0
2011-06-29,12.23,12.23,0.0,23.81,23.81,0.0,36.5,36.5,0.0
2011-06-30,12.17,12.17,0.0,23.67,23.67,0.0,36.29,36.29,0.0
2011-07-01,12.01,12.01,0.0,23.38,23.38,0.0,35.82,35.82,0.0
2011-07-02,11.79,11.79,0.0,22.89,22.89,0.0,35.13,35.13,0.0
2011-07-03,11.75,11.75,0.0,22.92,22.92,0.0,35.34,35.34,0.0
2011-07-04,11.91,11.91,0.0,23.09,23.09,0.0,35.7,35.7,0.0
2011-07-05,11.51,11.51,0.0,22.34,22.34,0.0,34.28,34.28,0.0
2011-07-06,11.32,11.32,0.0,21.92,21.92,0.0,33.66,33.66,0.0
2011-07-07,11.21,11.21,0.0,21.66,21.66,0.0,33.24,33.24,0.0
2011-07-08,11.45,11.45,0.0,22.45,22.45,0.0,34.79,34.79,0.0
2011-07-09,10.99,10.99,0.0,21.26,21.26,0.0,32.65,32.65,0.0
2011-07-10,10.84,10.84,0.0,21.03,21.03,0.0,32.26,32.26,0.0
2011-07-11,10.69,10.69,0.0,20.72,20.72,0.0,31.82,31.82,0.0
2011-07-12,10.56,10.56,0.0,20.27,20.27,0.0,31.17,31.17,0.0
2011-07-13,10.55,10.55,0.0,20.61,20.61,0.0,31.76,31.76,0.0
2011-07-14,10.23,10.23,0.0,19.93,19.93,0.0,30.53,30.53,0.0
2011-07-15,10.13,10.13,0.0,19.6,19.6,0.0,30.06,30.06,0.0
2011-07-16,10.03,10.03,0.0,19.3,19.3,0.0,29.64,29.64,0.0
2011-07-17,9.839,9.839,0.0,19.04,19.04,0.0,29.23,29.23,0.0
2011-07-18,9.87,9.87,0.0,19.08,19.08,0.0,29.37,29.37,0.0
2011-07-19,9.725,9.725,0.0,18.92,18.92,0.0,29.12,29.12,0.0
2011-07-20,9.509,9.509,0.0,18.35,18.35,0.0,28.15,28.15,0.0
2011-07-21,9.394,9.394,0.0,18.08,18.08,0.0,27.74,27.74,0.0
2011-07-22,9.318,9.318,0.0,18.13,18.13,0.0,27.84,27.84,0.0
2011-07-23,9.276,9.276,0.0,18.09,18.09,0.0,27.86,27.86,0.0
2011-07-24,9.183,9.183,0.0,17.92,17.92,0.0,27.6,27.6,0.0
2011-07-25,8.966,8.966,0.0,17.3,17.3,0.0,26.57,26.57,0.0
2011-07-26,8.875,8.875,0.0,17.18,17.18,0.0,26.4,26.4,0.0
2011-07-27,8.625,8.625,0.0,16.77,16.77,0.0,25.65,25.65,0.0
2011-07-28,8.552,8.552,0.0,16.51,16.51,0.0,25.3,25.3,0.0
2011-07-29,8.461,8.461,0.0,16.29,16.29,0.0,24.98,24.98,0.0
2011-07-30,8.339,8.339,0.0,16.11,16.11,0.0,24.67,24.67,0.0
2011-07-31,8.199,8.199,0.0,15.86,15.86,0.0,24.28,24.28,0.0
2011-08-01,8.123,8.123,0.0,15.65,15.65,0.0,23.99,23.99,0.0
2011-08-02,8.059,8.059,0.0,15.52,15.52,0.0,23.81,23.81,0.0
2011-08-03,7.976,7.976,0.0,15.4,15.4,0.0,23.64,23.64,0.0
2011-08-04,7.829,7.829,0.0,15.06,15.06,0.0,23.06,23.06,0.0
2011-08-05,7.692,7.692,0.0,14.84,14.84,0.0,22.73,22.73,0.0
2011-08-06,8.204,8.204,0.0,15.96,15.96,0.0,24.85,24.85,0.0
2011-08-07,7.763,7.763,0.0,14.99,14.99,0.0,23.07,23.07,0.0
2011-08-08,7.655,7.655,0.0,14.8,14.8,0.0,22.76,22.76,0.0
2011-08-09,7.583,7.583,0.0,14.67,14.67,0.0,22.55,22.55,0.0
2011-08-10,7.35,7.35,0.0,14.2,14.2,0.0,21.74,21.74,0.0
2011-08-11,7.305,7.305,0.0,14.01,14.01,0.0,21.46,21.46,0.0
2011-08-12,7.21,7.21,0.0,13.84,13.84,0.0,21.2,21.2,0.0
2011-08-13,8.355,8.355,0.0,14.56,14.56,0.0,23.19,23.19,0.0
2011-08-14,7.625,7.625,0.0,14.37,14.37,0.0,22.4,22.4,0.0
2011-08-15,7.381,7.381,0.0,13.8,13.8,0.0,21.39,21.39,0.0
2011-08-16,7.217,7.217,0.0,13.42,13.42,0.0,20.73,20.73,0.0
2011-08-17,7.122,7.122,0.0,13.25,13.25,0.0,20.46,20.46,0.0
2011-08-18,7.038,7.038,0.0,13.07,13.07,0.0,20.18,20.18,0.0
2011-08-19,6.992,6.992,0.0,13.09,13.09,0.0,20.25,20.25,0.0
2011-08-20,6.856,6.856,0.0,12.75,12.75,0.0,19.68,19.68,0.0
2011-08-21,6.961,6.961,0.0,13.11,13.11,0.0,20.38,20.38,0.0
2011-08-22,6.693,6.693,0.0,12.48,12.48,0.0,19.25,19.25,0.0
2011-08-23,6.612,6.612,0.0,12.3,12.3,0.0,18.96,18.96,0.0
2011-08-24,6.5,6.5,0.0,12.12,12.12,0.0,18.69,18.69,0.0
2011-08-25,6.83,6.83,0.0,13.16,13.16,0.0,20.6,20.6,0.0
2011-08-26,6.359,6.359,0.0,11.96,11.96,0.0,18.43,18.43,0.0
2011-08-27,6.395,6.395,0.0,12.07,12.07,0.0,18.68,18.68,0.0
2011-08-28,6.268,6.268,0.0,11.8,11.8,0.0,18.21,18.21,0.0
2011-08-29,6.219,6.219,0.0,11.75,11.75,0.0,18.17,18.17,0.0
2011-08-30,6.053,6.053,0.0,11.37,11.37,0.0,17.49,17.49,0.0
2011-08-31,5.979,5.979,0.0,11.21,11.21,0.0,17.26,17.26,0.0
2011-09-01,6.059,6.059,0.0,11.5,11.5,0.0,17.82,17.82,0.0
2011-09-02,5.812,5.812,0.0,10.94,10.94,0.0,16.82,16.82,0.0
2011-09-03,5.759,5.759,0.0,10.81,10.81,0.0,16.61,16.61,0.0
2011-09-04,6.213,6.213,0.0,12.11,12.11,0.0,18.97,18.97,0.0
2011-09-05,10.34,10.34,0.0,14.76,14.76,0.0,25.43,25.43,0.0
2011-09-06,7.572,7.572,0.0,14.79,14.79,0.0,23.75,23.75,0.0
2011-09-07,6.629,6.629,0.0,12.4,12.4,0.0,19.23,19.23,0.0
2011-09-08,6.514,6.514,0.0,12.21,12.21,0.0,18.86,18.86,0.0
2011-09-09,6.47,6.47,0.0,12.11,12.11,0.0,18.76,18.76,0.0
2011-09-10,6.371,6.371,0.0,11.89,11.89,0.0,18.4,18.4,0.0
2011-09-11,6.296,6.296,0.0,11.71,11.71,0.0,18.14,18.14,0.0
2011-09-12,6.195,6.195,0.0,11.6,11.6,0.0,17.93,17.93,0.0
2011-09-13,6.129,6.129,0.0,11.45,11.45,0.0,17.72,17.72,0.0
2011-09-14,6.169,6.169,0.0,11.65,11.65,0.0,18.1,18.1,0.0
2011-09-15,6.053,6.053,0.0,11.42,11.42,0.0,17.7,17.7,0.0
2011-09-16,5.909,5.909,0.0,11.11,11.11,0.0,17.16,17.16,0.0
2011-09-17,5.811,5.811,0.0,10.93,10.93,0.0,16.87,16.87,0.0
2011-09-18,5.749,5.749,0.0,10.82,10.82,0.0,16.69,16.69,0.0
2011-09-19,5.787,5.787,0.0,11.01,11.01,0.0,17.04,17.04,0.0
2011-09-20,5.748,5.748,0.0,10.97,10.97,0.0,16.95,16.95,0.0
2011-09-21,5.596,5.596,0.0,10.66,10.66,0.0,16.37,16.37,0.0
2011-09-22,5.521,5.521,0.0,10.54,10.54,0.0,16.18,16.18,0.0
2011-09-23,5.72,5.72,0.0,11.03,11.03,0.0,17.07,17.07,0.0
2011-09-24,5.548,5.548,0.0,10.74,10.74,0.0,16.52,16.52,0.0
2011-09-25,5.424,5.424,0.0,10.38,10.38,0.0,15.96,15.96,0.0
2011-09-26,5.357,5.357,0.0,10.31,10.31,0.0,15.83,15.83,0.0
2011-09-27,5.336,5.336,0.0,10.34,10.34,0.0,15.92,15.92,0.0
2011-09-28,5.216,5.216,0.0,10.11,10.11,0.0,15.48,15.48,0.0
2011-09-29,5.17,5.17,0.0,10.01,10.01,0.0,15.36,15.36,0.0
2011-09-30,5.185,5.185,0.0,10.26,10.26,0.0,15.72,15.72,0.0
2011-10-01,5.448,5.448,0.0,11.34,11.34,0.0,17.43,17.43,0.0
2011-10-02,5.301,5.301,0.0,11.45,11.45,0.0,17.35,17.35,0.0
2011-10-03,5.251,5.251,0.0,11.66,11.66,0.0,17.44,17.44,0.0
2011-10-04,5.085,5.085,0.0,11.37,11.37,0.0,16.85,16.85,0.0
2011-10-05,5.022,5.022,0.0,11.16,11.16,0.0,16.54,16.54,0.0
2011-10-06,4.953,4.953,0.0,10.52,10.52,0.0,15.84,15.84,0.0
2011-10-07,4.873,4.873,0.0,10.64,10.64,0.0,15.87,15.87,0.0
2011-10-08,4.825,4.825,0.0,10.7,10.7,0.0,15.89,15.89,0.0
2011-10-09,4.779,4.779,0.0,10.57,10.57,0.0,15.68,15.68,0.0
2011-10-10,4.805,4.805,0.0,10.13,10.13,0.0,15.24,15.24,0.0
2011-10-11,4.934,4.934,0.0,10.67,10.67,0.0,16.11,16.11,0.0
2011-10-12,5.255,5.255,0.0,11.24,11.24,0.0,16.96,16.96,0.0
2011-10-13,5.342,5.342,0.0,11.64,11.64,0.0,17.44,17.44,0.0
2011-10-14,5.44,5.44,0.0,12.43,12.43,0.0,18.61,18.61,0.0
2011-10-15,5.182,5.182,0.0,11.93,11.93,0.0,17.62,17.62,0.0
2011-10-16,5.074,5.074,0.0,11.06,11.06,0.0,16.56,16.56,0.0
2011-10-17,5.028,5.028,0.0,11.06,11.06,0.0,16.49,16.49,0.0
2011-10-18,4.952,4.952,0.0,11.2,11.2,0.0,16.59,16.59,0.0
2011-10-19,5.131,5.131,0.0,11.73,11.73,0.0,17.45,17.45,0.0
2011-10-20,5.072,5.072,0.0,11.84,11.84,0.0,17.51,17.51,0.0
2011-10-21,4.874,4.874,0.0,10.83,10.83,0.0,16.17,16.17,0.0
2011-10-22,4.84,4.84,0.0,10.81,10.81,0.0,16.06,16.06,0.0
2011-10-23,4.766,4.766,0.0,10.98,10.98,0.0,16.19,16.19,0.0
2011-10-24,4.727,4.727,0.0,11.01,11.01,0.0,16.19,16.19,0.0
2011-10-25,4.679,4.679,0.0,10.41,10.41,0.0,15.5,15.5,0.0
2011-10-26,4.779,4.779,0.0,11.35,11.35,0.0,16.88,16.88,0.0
2011-10-27,4.77,4.77,0.0,12.07,12.07,0.0,17.66,17.66,0.0
2011-10-28,4.826,4.826,0.0,12.27,12.27,0.0,17.86,17.86,0.0
2011-10-29,4.892,4.892,0.0,12.3,12.3,0.0,17.97,17.97,0.0
2011-10-30,4.761,4.761,0.0,12.12,12.12,0.0,17.4,17.4,0.0
2011-10-31,4.619,4.619,0.0,11.19,11.19,0.0,16.37,16.37,0.0
2011-11-01,4.594,4.594,0.0,11.49,11.49,0.0,16.69,16.69,0.0
2011-11-02,4.543,4.543,0.0,11.66,11.66,0.0,16.84,16.84,0.0
2011-11-03,4.5,4.5,0.0,11.47,11.47,0.0,16.51,16.51,0.0
2011-11-04,4.391,4.391,0.0,10.99,10.99,0.0,15.92,15.92,0.0
2011-11-05,4.363,4.363,0.0,11.06,11.06,0.0,16.0,16.0,0.0
2011-11-06,4.32,4.32,0.0,11.06,11.06,0.0,15.98,15.98,0.0
2011-11-07,4.281,4.281,0.0,10.95,10.95,0.0,15.81,15.81,0.0
2011-11-08,4.181,4.181,0.0,10.59,10.59,0.0,15.3,15.3,0.0
2011-11-09,4.159,4.159,0.0,10.49,10.49,0.0,15.15,15.15,0.0
2011-11-10,4.163,4.163,0.0,10.64,10.64,0.0,15.41,15.41,0.0
2011-11-11,4.11,4.11,0.0,10.64,10.64,0.0,15.36,15.36,0.0
2011-11-12,4.023,4.023,0.0,10.34,10.34,0.0,14.86,14.86,0.0
2011-11-13,3.928,3.928,0.0,9.9,9.9,0.0,14.32,14.32,0.0
2011-11-14,4.057,4.057,0.0,10.59,10.59,0.0,15.39,15.39,0.0
2011-11-15,4.128,4.128,0.0,11.12,11.12,0.0,16.04,16.04,0.0
2011-11-16,4.857,4.857,0.0,12.76,12.76,0.0,18.69,18.69,0.0
2011-11-17,4.646,4.646,0.0,12.29,12.29,0.0,17.71,17.71,0.0
2011-11-18,4.566,4.566,0.0,12.1,12.1,0.0,17.37,17.37,0.0
2011-11-19,4.401,4.401,0.0,11.15,11.15,0.0,16.12,16.12,0.0
2011-11-20,4.435,4.435,0.0,11.86,11.86,0.0,17.1,17.1,0.0
2011-11-21,4.717,4.717,0.0,12.74,12.74,0.0,18.34,18.34,0.0
2011-11-22,6.024,6.024,0.0,16.87,16.87,0.0,24.45,24.45,0.0
2011-11-23,5.705,5.705,0.0,16.88,16.88,0.0,23.8,23.8,0.0
2011-11-24,5.567,5.567,0.0,15.75,15.75,0.0,22.38,22.38,0.0
2011-11-25,5.211,5.211,0.0,14.52,14.52,0.0,20.42,20.42,0.0
2011-11-26,5.053,5.053,0.0,13.41,13.41,0.0,19.43,19.43,0.0
2011-11-27,5.158,5.158,0.0,14.22,14.22,0.0,20.37,20.37,0.0
2011-11-28,6.027,6.027,0.0,15.71,15.71,0.0,22.81,22.81,0.0
2011-11-29,6.968,6.968,0.0,17.61,17.61,0.0,25.77,25.77,0.0
2011-11-30,6.898,6.898,0.0,16.87,16.87,0.0,24.79,24.79,0.0
2011-12-01,6.775,6.775,0.0,14.42,14.42,0.0,21.5,21.5,0.0
2011-12-02,5.93,5.93,0.0,15.55,15.55,0.0,22.46,22.46,0.0
2011-12-03,5.952,5.952,0.0,16.08,16.08,0.0,23.08,23.08,0.0
2011-12-04,6.147,6.147,0.0,16.16,16.16,0.0,23.14,23.14,0.0
2011-12-05,6.49,6.49,0.0,14.72,14.72,0.0,21.86,21.86,0.0
2011-12-06,7.298,7.298,0.0,16.35,16.35,0.0,24.35,24.35,0.0
2011-12-07,11.46,11.46,0.0,23.65,23.65,0.0,35.84,35.84,0.0
2011-12-08,9.369,9.369,0.0,19.92,19.92,0.0,29.98,29.98,0.0
2011-12-09,9.0,9.0,0.0,19.17,19.17,0.0,28.79,28.79,0.0
2011-12-10,8.051,8.051,0.0,16.67,16.67,0.0,25.25,25.25,0.0
2011-12-11,8.07,8.07,0.0,17.89,17.89,0.0,26.71,26.71,0.0
2011-12-12,8.424,8.424,0.0,18.45,18.45,0.0,27.42,27.42,0.0
2011-12-13,7.959,7.959,0.0,18.14,18.14,0.0,26.8,26.8,0.0
2011-12-14,8.231,8.231,0.0,17.31,17.31,0.0,26.15,26.15,0.0
2011-12-15,8.196,8.196,0.0,17.1,17.1,0.0,25.83,25.83,0.0
2011-12-16,7.99,7.99,0.0,17.56,17.56,0.0,26.19,26.19,0.0
2011-12-17,7.623,7.623,0.0,17.44,17.44,0.0,25.82,25.82,0.0
2011-12-18,7.82,7.82,0.0,17.5,17.5,0.0,25.82,25.82,0.0
2011-12-19,7.597,7.597,0.0,16.02,16.02,0.0,24.12,24.12,0.0
2011-12-20,7.71,7.71,0.0,16.59,16.59,0.0,24.81,24.81,0.0
2011-12-21,8.128,8.128,0.0,17.4,17.4,0.0,25.96,25.96,0.0
2011-12-22,9.298,9.298,0.0,19.12,19.12,0.0,29.16,29.16,0.0
2011-12-23,9.039,9.039,0.0,19.4,19.4,0.0,29.18,29.18,0.0
2011-12-24,8.589,8.589,0.0,18.27,18.27,0.0,27.4,27.4,0.0
2011-12-25,8.199,8.199,0.0,16.87,16.87,0.0,25.62,25.62,0.0
2011-12-26,8.494,8.494,0.0,17.66,17.66,0.0,26.54,26.54,0.0
2011-12-27,9.379,9.379,0.0,19.17,19.17,0.0,29.21,29.21,0.0
2011-12-28,9.04,9.04,0.0,18.67,18.67,0.0,28.24,28.24,0.0
2011-12-29,8.722,8.722,0.0,16.45,16.45,0.0,25.43,25.43,0.0
2011-12-30,8.439,8.439,0.0,18.21,18.21,0.0,27.29,27.29,0.0
2011-12-31,8.718,8.718,0.0,18.01,18.01,0.0,27.17,27.17,0.0
2012-01-01,8.901,8.901,0.0,18.2,18.2,0.0,27.54,27.54,0.0
2012-01-02,8.47,8.47,0.0,17.86,17.86,0.0,27.07,27.07,0.0
2012-01-03,8.216,8.216,0.0,16.4,16.4,0.0,25.1,25.1,0.0
2012-01-04,8.38,8.38,0.0,16.86,16.86,0.0,25.54,25.54,0.0
2012-01-05,8.449,8.449,0.0,17.15,17.15,0.0,25.95,25.95,0.0
2012-01-06,8.188,8.188,0.0,18.25,18.25,0.0,26.81,26.81,0.0
2012-01-07,7.933,7.933,0.0,15.81,15.81,0.0,24.28,24.28,0.0
2012-01-08,7.906,7.906,0.0,16.03,16.03,0.0,24.25,24.25,0.0
2012-01-09,7.976,7.976,0.0,16.27,16.27,0.0,24.59,24.59,0.0
2012-01-10,9.0,9.0,0.0,17.11,17.11,0.0,25.93,25.93,0.0
2012-01-11,8.135,8.135,0.0,16.91,16.91,0.0,26.0,26.0,0.0
2012-01-12,14.78,14.78,0.0,27.82,27.82,0.0,43.36,43.36,0.0
2012-01-13,8.463,8.463,0.0,17.64,17.64,0.0,27.12,27.12,0.0
2012-01-14,7.901,7.901,0.0,16.33,16.33,0.0,24.6,24.6,0.0
2012-01-15,7.854,7.854,0.0,16.17,16.17,0.0,24.42,24.42,0.0
2012-01-16,7.607,7.607,0.0,15.54,15.54,0.0,23.76,23.76,0.0
2012-01-17,11.92,11.92,0.0,30.33,30.33,0.0,41.81,41.81,0.0
2012-01-18,8.124,8.124,0.0,17.04,17.04,0.0,25.67,25.67,0.0
2012-01-19,7.808,7.808,0.0,15.96,15.96,0.0,24.09,24.09,0.0
2012-01-20,7.843,7.843,0.0,15.93,15.93,0.0,24.22,24.22,0.0
2012-01-21,7.699,7.699,0.0,14.8,14.8,0.0,22.77,22.77,0.0
2012-01-22,7.609,7.609,0.0,14.84,14.84,0.0,22.81,22.81,0.0
2012-01-23,7.841,7.841,0.0,17.58,17.58,0.0,25.59,25.59,0.0
2012-01-24,7.583,7.583,0.0,16.28,16.28,0.0,24.13,24.13,0.0
2012-01-25,7.661,7.661,0.0,15.93,15.93,0.0,23.94,23.94,0.0
2012-01-26,9.189,9.189,0.0,18.48,18.48,0.0,28.1,28.1,0.0
2012-01-27,10.2,10.2,0.0,19.87,19.87,0.0,30.21,30.21,0.0
2012-01-28,10.2,10.2,0.0,19.08,19.08,0.0,29.27,29.27,0.0
2012-01-29,9.861,9.861,0.0,17.07,17.07,0.0,26.57,26.57,0.0
2012-01-30,8.833,8.833,0.0,16.91,16.91,0.0,25.87,25.87,0.0
2012-01-31,9.214,9.214,0.0,18.14,18.14,0.0,27.41,27.41,0.0
2012-02-01,10.01,10.01,0.0,19.68,19.68,0.0,29.69,29.69,0.0
2012-02-02,10.46,10.46,0.0,20.1,20.1,0.0,30.21,30.21,0.0
2012-02-03,9.963,9.963,0.0,19.08,19.08,0.0,28.71,28.71,0.0
2012-02-04,9.486,9.486,0.0,18.28,18.28,0.0,27.95,27.95,0.0
2012-02-05,9.933,9.933,0.0,19.36,19.36,0.0,29.26,29.26,0.0
2012-02-06,10.09,10.09,0.0,19.74,19.74,0.0,29.65,29.65,0.0
2012-02-07,9.458,9.458,0.0,18.81,18.81,0.0,28.06,28.06,0.0
2012-02-08,9.546,9.546,0.0,18.32,18.32,0.0,27.76,27.76,0.0
2012-02-09,9.547,9.547,0.0,18.52,18.52,0.0,27.93,27.93,0.0
2012-02-10,9.725,9.725,0.0,19.05,19.05,0.0,28.64,28.64,0.0
2012-02-11,9.605,9.605,0.0,19.02,19.02,0.0,28.42,28.42,0.0
2012-02-12,8.956,8.956,0.0,17.64,17.64,0.0,26.6,26.6,0.0
2012-02-13,9.05,9.05,0.0,17.51,17.51,0.0,26.41,26.41,0.0
2012-02-14,9.424,9.424,0.0,18.51,18.51,0.0,27.97,27.97,0.0
2012-02-15,9.288,9.288,0.0,22.55,22.55,0.0,31.66,31.66,0.0
2012-02-16,10.14,10.14,0.0,19.86,19.86,0.0,29.93,29.93,0.0
2012-02-17,8.869,8.869,0.0,17.14,17.14,0.0,25.86,25.86,0.0
2012-02-18,9.089,9.089,0.0,17.65,17.65,0.0,26.43,26.43,0.0
2012-02-19,9.122,9.122,0.0,17.87,17.87,0.0,26.72,26.72,0.0
2012-02-20,8.999,8.999,0.0,18.01,18.01,0.0,26.8,26.8,0.0
2012-02-21,8.396,8.396,0.0,16.97,16.97,0.0,25.22,25.22,0.0
2012-02-22,8.854,8.854,0.0,17.44,17.44,0.0,26.11,26.11,0.0
2012-02-23,9.207,9.207,0.0,18.55,18.55,0.0,27.73,27.73,0.0
2012-02-24,9.651,9.651,0.0,19.74,19.74,0.0,29.37,29.37,0.0
2012-02-25,9.571,9.571,0.0,18.69,18.69,0.0,28.17,28.17,0.0
2012-02-26,8.869,8.869,0.0,18.19,18.19,0.0,27.03,27.03,0.0
2012-02-27,8.82,8.82,0.0,17.72,17.72,0.0,26.4,26.4,0.0
2012-02-28,9.012,9.012,0.0,18.89,18.89,0.0,27.64,27.64,0.0
2012-02-29,15.78,15.78,0.0,32.69,32.69,0.0,48.33,48.33,0.0
2012-03-01,11.6,11.6,0.0,24.15,24.15,0.0,35.75,35.75,0.0
2012-03-02,15.5,15.5,0.0,26.92,26.92,0.0,41.38,41.38,0.0
2012-03-03,12.78,12.78,0.0,24.31,24.31,0.0,37.04,37.04,0.0
2012-03-04,10.87,10.87,0.0,21.87,21.87,0.0,32.87,32.87,0.0
2012-03-05,11.09,11.09,0.0,23.35,23.35,0.0,34.3,34.3,0.0
2012-03-06,11.88,11.88,0.0,24.49,24.49,0.0,36.01,36.01,0.0
2012-03-07,11.62,11.62,0.0,23.51,23.51,0.0,35.01,35.01,0.0
2012-03-08,11.09,11.09,0.0,22.09,22.09,0.0,33.13,33.13,0.0
2012-03-09,11.39,11.39,0.0,23.04,23.04,0.0,33.99,33.99,0.0
2012-03-10,11.26,11.26,0.0,23.62,23.62,0.0,34.62,34.62,0.0
2012-03-11,11.09,11.09,0.0,22.97,22.97,0.0,33.92,33.92,0.0
2012-03-12,10.83,10.83,0.0,23.63,23.63,0.0,34.56,34.56,0.0
2012-03-13,10.6,10.6,0.0,21.61,21.61,0.0,31.97,31.97,0.0
2012-03-14,10.8,10.8,0.0,22.31,22.31,0.0,32.69,32.69,0.0
2012-03-15,10.83,10.83,0.0,22.61,22.61,0.0,33.08,33.08,0.0
2012-03-16,10.48,10.48,0.0,22.14,22.14,0.0,32.51,32.51,0.0
2012-03-17,10.17,10.17,0.0,20.74,20.74,0.0,30.63,30.63,0.0
2012-03-18,10.85,10.85,0.0,22.62,22.62,0.0,33.52,33.52,0.0
2012-03-19,10.82,10.82,0.0,23.46,23.46,0.0,34.17,34.17,0.0
2012-03-20,11.69,11.69,0.0,24.55,24.55,0.0,36.26,36.26,0.0
2012-03-21,11.46,11.46,0.0,23.31,23.31,0.0,34.6,34.6,0.0
2012-03-22,10.46,10.46,0.0,22.15,22.15,0.0,32.58,32.58,0.0
2012-03-23,11.57,11.57,0.0,23.02,23.02,0.0,34.53,34.53,0.0
2012-03-24,14.44,14.44,0.0,25.11,25.11,0.0,38.79,38.79,0.0
2012-03-25,13.39,13.39,0.0,25.27,25.27,0.0,38.34,38.34,0.0
2012-03-26,12.64,12.64,0.0,25.02,25.02,0.0,37.19,37.19,0.0
2012-03-27,11.65,11.65,0.0,22.64,22.64,0.0,33.99,33.99,0.0
2012-03-28,12.17,12.17,0.0,23.48,23.48,0.0,35.6,35.6,0.0
2012-03-29,12.06,12.06,0.0,23.89,23.89,0.0,35.61,35.61,0.0
2012-03-30,12.34,12.34,0.0,24.62,24.62,0.0,36.79,36.79,0.0
2012-03-31,11.9,11.9,0.0,23.81,23.81,0.0,35.84,35.84,0.0
2012-04-01,11.59,11.59,0.0,22.71,22.71,0.0,34.13,34.13,0.0
2012-04-02,11.75,11.75,0.0,23.34,23.34,0.0,34.83,34.83,0.0
2012-04-03,11.57,11.57,0.0,23.66,23.66,0.0,34.91,34.91,0.0
2012-04-04,11.36,11.36,0.0,23.66,23.66,0.0,34.85,34.85,0.0
2012-04-05,10.97,10.97,0.0,21.69,21.69,0.0,32.5,32.5,0.0
2012-04-06,11.15,11.15,0.0,21.94,21.94,0.0,32.77,32.77,0.0
2012-04-07,11.01,11.01,0.0,22.3,22.3,0.0,32.98,32.98,0.0
2012-04-08,11.03,11.03,0.0,22.35,22.35,0.0,33.06,33.06,0.0
2012-04-09,10.54,10.54,0.0,21.61,21.61,0.0,32.13,32.13,0.0
2012-04-10,10.52,10.52,0.0,20.67,20.67,0.0,30.87,30.87,0.0
2012-04-11,10.5,10.5,0.0,21.27,21.27,0.0,31.52,31.52,0.0
2012-04-12,10.46,10.46,0.0,21.23,21.23,0.0,31.38,31.38,0.0
2012-04-13,10.29,10.29,0.0,20.76,20.76,0.0,30.81,30.81,0.0
2012-04-14,9.903,9.903,0.0,19.76,19.76,0.0,29.42,29.42,0.0
2012-04-15,10.0,10.0,0.0,20.07,20.07,0.0,29.8,29.8,0.0
2012-04-16,9.864,9.864,0.0,20.15,20.15,0.0,29.71,29.71,0.0
2012-04-17,10.15,10.15,0.0,20.6,20.6,0.0,30.56,30.56,0.0
2012-04-18,11.06,11.06,0.0,21.38,21.38,0.0,32.21,32.21,0.0
2012-04-19,10.82,10.82,0.0,20.33,20.33,0.0,30.75,30.75,0.0
2012-04-20,10.01,10.01,0.0,19.41,19.41,0.0,29.18,29.18,0.0
2012-04-21,10.43,10.43,0.0,20.09,20.09,0.0,30.27,30.27,0.0
2012-04-22,10.8,10.8,0.0,20.7,20.7,0.0,31.37,31.37,0.0
2012-04-23,11.15,11.15,0.0,21.31,21.31,0.0,32.26,32.26,0.0
2012-04-24,10.94,10.94,0.0,20.99,20.99,0.0,31.59,31.59,0.0
2012-04-25,11.45,11.45,0.0,19.97,19.97,0.0,30.82,30.82,0.0
2012-04-26,10.47,10.47,0.0,19.87,19.87,0.0,30.26,30.26,0.0
2012-04-27,10.46,10.46,0.0,20.16,20.16,0.0,30.47,30.47,0.0
2012-04-28,11.32,11.32,0.0,21.66,21.66,0.0,32.89,32.89,0.0
2012-04-29,11.06,11.06,0.0,21.12,21.12,0.0,31.87,31.87,0.0
2012-04-30,11.03,11.03,0.0,20.78,20.78,0.0,31.73,31.73,0.0
2012-05-01,11.86,11.86,0.0,20.76,20.76,0.0,32.09,32.09,0.0
2012-05-02,11.33,11.33,0.0,21.45,21.45,0.0,32.63,32.63,0.0
2012-05-03,11.05,11.05,0.0,21.48,21.48,0.0,32.07,32.07,0.0
2012-05-04,11.62,11.62,0.0,22.81,22.81,0.0,34.29,34.29,0.0
2012-05-05,12.24,12.24,0.0,23.34,23.34,0.0,35.33,35.33,0.0
2012-05-06,11.1,11.1,0.0,20.96,20.96,0.0,31.93,31.93,0.0
2012-05-07,10.88,10.88,0.0,21.1,21.1,0.0,31.88,31.88,0.0
2012-05-08,11.92,11.92,0.0,22.57,22.57,0.0,34.19,34.19,0.0
2012-05-09,12.12,12.12,0.0,22.73,22.73,0.0,34.55,34.55,0.0
2012-05-10,11.94,11.94,0.0,21.94,21.94,0.0,33.56,33.56,0.0
2012-05-11,10.93,10.93,0.0,20.42,20.42,0.0,31.21,31.21,0.0
2012-05-12,11.0,11.0,0.0,21.11,21.11,0.0,31.8,31.8,0.0
2012-05-13,11.33,11.33,0.0,21.88,21.88,0.0,33.06,33.06,0.0
2012-05-14,13.65,13.65,0.0,25.67,25.67,0.0,40.15,40.15,0.0
2012-05-15,12.65,12.65,0.0,24.02,24.02,0.0,36.93,36.93,0.0
2012-05-16,11.61,11.61,0.0,22.17,22.17,0.0,34.31,34.31,0.0
2012-05-17,11.38,11.38,0.0,21.64,21.64,0.0,33.21,33.21,0.0
2012-05-18,11.68,11.68,0.0,22.36,22.36,0.0,33.87,33.87,0.0
2012-05-19,11.75,11.75,0.0,22.61,22.61,0.0,34.17,34.17,0.0
2012-05-20,11.22,11.22,0.0,22.04,22.04,0.0,33.17,33.17,0.0
2012-05-21,11.07,11.07,0.0,20.81,20.81,0.0,32.08,32.08,0.0
2012-05-22,11.38,11.38,0.0,21.53,21.53,0.0,33.02,33.02,0.0
2012-05-23,11.86,11.86,0.0,22.15,22.15,0.0,33.91,33.91,0.0
2012-05-24,11.59,11.59,0.0,21.33,21.33,0.0,32.65,32.65,0.0
2012-05-25,10.91,10.91,0.0,20.36,20.36,0.0,31.1,31.1,0.0
2012-05-26,10.66,10.66,0.0,20.42,20.42,0.0,31.07,31.07,0.0
2012-05-27,10.99,10.99,0.0,21.24,21.24,0.0,32.3,32.3,0.0
2012-05-28,10.87,10.87,0.0,20.54,20.54,0.0,31.12,31.12,0.0
2012-05-29,10.61,10.61,0.0,20.77,20.77,0.0,31.42,31.42,0.0
2012-05-30,10.26,10.26,0.0,19.96,19.96,0.0,30.21,30.21,0.0
2012-05-31,10.34,10.34,0.0,19.65,19.65,0.0,29.83,29.83,0.0
2012-06-01,10.51,10.51,0.0,20.08,20.08,0.0,30.46,30.46,0.0
2012-06-02,10.23,10.23,0.0,19.17,19.17,0.0,29.1,29.1,0.0
2012-06-03,9.876,9.876,0.0,18.83,18.83,0.0,28.52,28.52,0.0
2012-06-04,9.691,9.691,0.0,18.68,18.68,0.0,28.27,28.27,0.0
2012-06-05,9.785,9.785,0.0,18.73,18.73,0.0,28.32,28.32,0.0
2012-06-06,9.729,9.729,0.0,18.41,18.41,0.0,27.9,27.9,0.0
2012-06-07,9.541,9.541,0.0,18.16,18.16,0.0,27.43,27.43,0.0
2012-06-08,9.163,9.163,0.0,17.68,17.68,0.0,26.74,26.74,0.0
2012-06-09,9.242,9.242,0.0,17.64,17.64,0.0,26.65,26.65,0.0
2012-06-10,9.182,9.182,0.0,17.34,17.34,0.0,26.21,26.21,0.0
2012-06-11,9.116,9.116,0.0,17.44,17.44,0.0,26.37,26.37,0.0
2012-06-12,8.902,8.902,0.0,17.2,17.2,0.0,26.08,26.08,0.0
2012-06-13,8.756,8.756,0.0,16.68,16.68,0.0,25.25,25.25,0.0
2012-06-14,8.741,8.741,0.0,16.58,16.58,0.0,25.06,25.06,0.0
2012-06-15,8.657,8.657,0.0,16.31,16.31,0.0,24.62,24.62,0.0
2012-06-16,8.453,8.453,0.0,16.08,16.08,0.0,24.29,24.29,0.0
2012-06-17,8.445,8.445,0.0,16.28,16.28,0.0,24.83,24.83,0.0
2012-06-18,8.723,8.723,0.0,16.78,16.78,0.0,25.75,25.75,0.0
2012-06-19,8.303,8.303,0.0,15.78,15.78,0.0,23.83,23.83,0.0
2012-06-20,8.112,8.112,0.0,15.51,15.51,0.0,23.4,23.4,0.0
2012-06-21,8.224,8.224,0.0,15.6,15.6,0.0,23.78,23.78,0.0
2012-06-22,7.98,7.98,0.0,15.35,15.35,0.0,23.35,23.35,0.0
2012-06-23,7.851,7.851,0.0,14.92,14.92,0.0,22.58,22.58,0.0
2012-06-24,7.793,7.793,0.0,14.75,14.75,0.0,22.26,22.26,0.0
2012-06-25,7.622,7.622,0.0,14.43,14.43,0.0,21.85,21.85,0.0
2012-06-26,7.441,7.441,0.0,14.34,14.34,0.0,21.64,21.64,0.0
2012-06-27,7.429,7.429,0.0,14.07,14.07,0.0,21.32,21.32,0.0
2012-06-28,7.349,7.349,0.0,13.93,13.93,0.0,21.08,21.08,0.0
2012-06-29,7.465,7.465,0.0,14.31,14.31,0.0,21.83,21.83,0.0
2012-06-30,7.157,7.157,0.0,13.55,13.55,0.0,20.52,20.52,0.0
2012-07-01,7.068,7.068,0.0,13.59,13.59,0.0,20.57,20.57,0.0
2012-07-02,6.952,6.952,0.0,13.23,13.23,0.0,20.02,20.02,0.0
2012-07-03,6.867,6.867,0.0,13.09,13.09,0.0,19.74,19.74,0.0
2012-07-04,6.8,6.8,0.0,12.9,12.9,0.0,19.5,19.5,0.0
2012-07-05,6.635,6.635,0.0,12.65,12.65,0.0,19.14,19.14,0.0
2012-07-06,6.588,6.588,0.0,12.53,12.53,0.0,18.94,18.94,0.0
2012-07-07,6.514,6.514,0.0,12.37,12.37,0.0,18.67,18.67,0.0
2012-07-08,6.791,6.791,0.0,13.21,13.21,0.0,20.25,20.25,0.0
2012-07-09,6.379,6.379,0.0,12.19,12.19,0.0,18.42,18.42,0.0
2012-07-10,6.248,6.248,0.0,12.01,12.01,0.0,18.12,18.12,0.0
2012-07-11,6.171,6.171,0.0,11.86,11.86,0.0,17.89,17.89,0.0
2012-07-12,6.117,6.117,0.0,11.72,11.72,0.0,17.67,17.67,0.0
2012-07-13,6.15,6.15,0.0,11.86,11.86,0.0,17.97,17.97,0.0
2012-07-14,6.184,6.184,0.0,11.95,11.95,0.0,18.21,18.21,0.0
2012-07-15,6.466,6.466,0.0,12.53,12.53,0.0,19.27,19.27,0.0
2012-07-16,6.023,6.023,0.0,11.46,11.46,0.0,17.34,17.34,0.0
2012-07-17,5.951,5.951,0.0,11.31,11.31,0.0,17.07,17.07,0.0
2012-07-18,7.856,7.856,0.0,13.63,13.63,0.0,22.42,22.42,0.0
2012-07-19,7.111,7.111,0.0,12.97,12.97,0.0,20.34,20.34,0.0
2012-07-20,8.064,8.064,0.0,15.59,15.59,0.0,25.08,25.08,0.0
2012-07-21,7.274,7.274,0.0,13.88,13.88,0.0,21.46,21.46,0.0
2012-07-22,6.925,6.925,0.0,13.01,13.01,0.0,19.81,19.81,0.0
2012-07-23,6.842,6.842,0.0,12.87,12.87,0.0,19.58,19.58,0.0
2012-07-24,7.164,7.164,0.0,13.95,13.95,0.0,21.54,21.54,0.0
2012-07-25,6.664,6.664,0.0,12.78,12.78,0.0,19.41,19.41,0.0
2012-07-26,6.733,6.733,0.0,12.81,12.81,0.0,19.63,19.63,0.0
2012-07-27,6.554,6.554,0.0,12.44,12.44,0.0,18.9,18.9,0.0
2012-07-28,6.471,6.471,0.0,12.35,12.35,0.0,18.73,18.73,0.0
2012-07-29,6.308,6.308,0.0,12.12,12.12,0.0,18.39,18.39,0.0
2012-07-30,6.297,6.297,0.0,11.94,11.94,0.0,18.18,18.18,0.0
2012-07-31,6.878,6.878,0.0,13.32,13.32,0.0,20.65,20.65,0.0
2012-08-01,6.357,6.357,0.0,12.1,12.1,0.0,18.36,18.36,0.0
2012-08-02,6.277,6.277,0.0,11.87,11.87,0.0,18.04,18.04,0.0
2012-08-03,6.12,6.12,0.0,11.73,11.73,0.0,17.79,17.79,0.0
2012-08-04,6.088,6.088,0.0,11.51,11.51,0.0,17.52,17.52,0.0
2012-08-05,6.517,6.517,0.0,12.13,12.13,0.0,18.77,18.77,0.0
2012-08-06,6.144,6.144,0.0,11.38,11.38,0.0,17.37,17.37,0.0
2012-08-07,6.07,6.07,0.0,11.27,11.27,0.0,17.19,17.19,0.0
2012-08-08,5.918,5.918,0.0,11.12,11.12,0.0,16.93,16.93,0.0
2012-08-09,6.121,6.121,0.0,11.62,11.62,0.0,17.92,17.92,0.0
2012-08-10,5.884,5.884,0.0,10.96,10.96,0.0,16.76,16.76,0.0
2012-08-11,5.774,5.774,0.0,10.73,10.73,0.0,16.37,16.37,0.0
2012-08-12,5.691,5.691,0.0,10.63,10.63,0.0,16.2,16.2,0.0
2012-08-13,5.702,5.702,0.0,10.77,10.77,0.0,16.52,16.52,0.0
2012-08-14,5.624,5.624,0.0,10.38,10.38,0.0,15.88,15.88,0.0
2012-08-15,5.545,5.545,0.0,10.23,10.23,0.0,15.63,15.63,0.0
2012-08-16,5.485,5.485,0.0,10.11,10.11,0.0,15.46,15.46,0.0
2012-08-17,5.488,5.488,0.0,10.22,10.22,0.0,15.73,15.73,0.0
2012-08-18,5.305,5.305,0.0,9.87,9.87,0.0,15.08,15.08,0.0
2012-08-19,5.463,5.463,0.0,9.96,9.96,0.0,15.33,15.33,0.0
2012-08-20,5.285,5.285,0.0,9.653,9.653,0.0,14.77,14.77,0.0
2012-08-21,5.23,5.23,0.0,9.546,9.546,0.0,14.61,14.61,0.0
2012-08-22,5.156,5.156,0.0,9.396,9.396,0.0,14.4,14.4,0.0
2012-08-23,5.253,5.253,0.0,9.334,9.334,0.0,14.38,14.38,0.0
2012-08-24,5.154,5.154,0.0,9.212,9.212,0.0,14.17,14.17,0.0
2012-08-25,5.139,5.139,0.0,9.244,9.244,0.0,14.24,14.24,0.0
2012-08-26,5.093,5.093,0.0,9.158,9.158,0.0,14.12,14.12,0.0
2012-08-27,4.932,4.932,0.0,8.859,8.859,0.0,13.62,13.62,0.0
2012-08-28,4.959,4.959,0.0,8.941,8.941,0.0,13.81,13.81,0.0
2012-08-29,4.841,4.841,0.0,8.646,8.646,0.0,13.3,13.3,0.0
2012-08-30,4.781,4.781,0.0,8.541,8.541,0.0,13.12,13.12,0.0
2012-08-31,4.713,4.713,0.0,8.408,8.408,0.0,12.94,12.94,0.0
2012-09-01,4.689,4.689,0.0,8.459,8.459,0.0,13.06,13.06,0.0
2012-09-02,4.784,4.784,0.0,8.661,8.661,0.0,13.45,13.45,0.0
2012-09-03,4.574,4.574,0.0,8.169,8.169,0.0,12.56,12.56,0.0
2012-09-04,4.747,4.747,0.0,8.534,8.534,0.0,13.24,13.24,0.0
2012-09-05,4.597,4.597,0.0,8.099,8.099,0.0,12.47,12.47,0.0
2012-09-06,4.513,4.513,0.0,8.0,8.0,0.0,12.31,12.31,0.0
2012-09-07,4.472,4.472,0.0,7.908,7.908,0.0,12.17,12.17,0.0
2012-09-08,4.618,4.618,0.0,8.321,8.321,0.0,12.93,12.93,0.0
2012-09-09,4.394,4.394,0.0,7.793,7.793,0.0,11.97,11.97,0.0
2012-09-10,4.342,4.342,0.0,7.658,7.658,0.0,11.79,11.79,0.0
2012-09-11,4.263,4.263,0.0,7.57,7.57,0.0,11.64,11.64,0.0
2012-09-12,4.225,4.225,0.0,7.483,7.483,0.0,11.51,11.51,0.0
2012-09-13,4.174,4.174,0.0,7.392,7.392,0.0,11.35,11.35,0.0
2012-09-14,4.122,4.122,0.0,7.299,7.299,0.0,11.22,11.22,0.0
2012-09-15,4.076,4.076,0.0,7.175,7.175,0.0,11.05,11.05,0.0
2012-09-16,4.001,4.001,0.0,7.099,7.099,0.0,10.91,10.91,0.0
2012-09-17,4.614,4.614,0.0,8.172,8.172,0.0,12.9,12.9,0.0
2012-09-18,6.218,6.218,0.0,10.16,10.16,0.0,16.48,16.48,0.0
2012-09-19,4.659,4.659,0.0,7.977,7.977,0.0,12.33,12.33,0.0
2012-09-20,4.572,4.572,0.0,7.833,7.833,0.0,12.09,12.09,0.0
2012-09-21,4.493,4.493,0.0,7.742,7.742,0.0,11.94,11.94,0.0
2012-09-22,4.432,4.432,0.0,7.574,7.574,0.0,11.72,11.72,0.0
2012-09-23,4.389,4.389,0.0,7.493,7.493,0.0,11.58,11.58,0.0
2012-09-24,4.343,4.343,0.0,7.425,7.425,0.0,11.47,11.47,0.0
2012-09-25,4.415,4.415,0.0,7.635,7.635,0.0,11.86,11.86,0.0
2012-09-26,4.409,4.409,0.0,7.914,7.914,0.0,12.3,12.3,0.0
2012-09-27,4.445,4.445,0.0,7.986,7.986,0.0,12.44,12.44,0.0
2012-09-28,4.348,4.348,0.0,7.637,7.637,0.0,11.68,11.68,0.0
2012-09-29,4.297,4.297,0.0,7.565,7.565,0.0,11.56,11.56,0.0
2012-09-30,4.342,4.342,0.0,7.73,7.73,0.0,11.92,11.92,0.0
2012-10-01,4.535,4.535,0.0,8.108,8.108,0.0,12.49,12.49,0.0
2012-10-02,5.324,5.324,0.0,9.132,9.132,0.0,14.33,14.33,0.0
2012-10-03,4.979,4.979,0.0,8.426,8.426,0.0,12.97,12.97,0.0
2012-10-04,4.947,4.947,0.0,8.362,8.362,0.0,12.86,12.86,0.0
2012-10-05,4.899,4.899,0.0,8.11,8.11,0.0,12.55,12.55,0.0
2012-10-06,4.735,4.735,0.0,8.04,8.04,0.0,12.43,12.43,0.0
2012-10-07,4.733,4.733,0.0,7.984,7.984,0.0,12.35,12.35,0.0
2012-10-08,4.925,4.925,0.0,8.489,8.489,0.0,13.16,13.16,0.0
2012-10-09,4.78,4.78,0.0,7.99,7.99,0.0,12.34,12.34,0.0
2012-10-10,4.656,4.656,0.0,8.003,8.003,0.0,12.25,12.25,0.0
2012-10-11,4.562,4.562,0.0,7.849,7.849,0.0,12.04,12.04,0.0
2012-10-12,4.565,4.565,0.0,7.725,7.725,0.0,11.89,11.89,0.0
2012-10-13,4.538,4.538,0.0,7.724,7.724,0.0,11.85,11.85,0.0
2012-10-14,4.434,4.434,0.0,7.545,7.545,0.0,11.61,11.61,0.0
2012-10-15,4.462,4.462,0.0,7.572,7.572,0.0,11.74,11.74,0.0
2012-10-16,4.325,4.325,0.0,7.416,7.416,0.0,11.37,11.37,0.0
2012-10-17,4.304,4.304,0.0,7.386,7.386,0.0,11.31,11.31,0.0
2012-10-18,4.611,4.611,0.0,8.165,8.165,0.0,12.63,12.63,0.0
2012-10-19,4.359,4.359,0.0,7.575,7.575,0.0,11.55,11.55,0.0
2012-10-20,4.301,4.301,0.0,7.493,7.493,0.0,11.4,11.4,0.0
2012-10-21,4.23,4.23,0.0,7.493,7.493,0.0,11.35,11.35,0.0
2012-10-22,4.211,4.211,0.0,7.269,7.269,0.0,11.1,11.1,0.0
2012-10-23,4.133,4.133,0.0,7.289,7.289,0.0,11.06,11.06,0.0
2012-10-24,4.106,4.106,0.0,7.143,7.143,0.0,10.88,10.88,0.0
2012-10-25,4.047,4.047,0.0,7.065,7.065,0.0,10.74,10.74,0.0
2012-10-26,3.971,3.971,0.0,6.913,6.913,0.0,10.54,10.54,0.0
2012-10-27,3.934,3.934,0.0,6.963,6.963,0.0,10.57,10.57,0.0
2012-10-28,4.159,4.159,0.0,7.413,7.413,0.0,11.34,11.34,0.0
2012-10-29,5.996,5.996,0.0,14.3,14.3,0.0,23.33,23.33,0.0
2012-10-30,5.669,5.669,0.0,12.78,12.78,0.0,19.12,19.12,0.0
2012-10-31,5.657,5.657,0.0,11.23,11.23,0.0,17.37,17.37,0.0
2012-11-01,5.381,5.381,0.0,10.71,10.71,0.0,16.24,16.24,0.0
2012-11-02,4.967,4.967,0.0,10.83,10.83,0.0,16.0,16.0,0.0
2012-11-03,4.876,4.876,0.0,9.953,9.953,0.0,14.91,14.91,0.0
2012-11-04,4.976,4.976,0.0,9.997,9.997,0.0,15.09,15.09,0.0
2012-11-05,4.989,4.989,0.0,10.07,10.07,0.0,15.2,15.2,0.0
2012-11-06,4.84,4.84,0.0,10.46,10.46,0.0,15.43,15.43,0.0
2012-11-07,4.739,4.739,0.0,9.599,9.599,0.0,14.39,14.39,0.0
2012-11-08,4.703,4.703,0.0,9.947,9.947,0.0,14.78,14.78,0.0
2012-11-09,4.718,4.718,0.0,10.43,10.43,0.0,15.28,15.28,0.0
2012-11-10,4.571,4.571,0.0,10.41,10.41,0.0,15.12,15.12,0.0
2012-11-11,4.589,4.589,0.0,10.31,10.31,0.0,14.96,14.96,0.0
2012-11-12,4.934,4.934,0.0,10.14,10.14,0.0,15.26,15.26,0.0
2012-11-13,4.759,4.759,0.0,10.1,10.1,0.0,15.0,15.0,0.0
2012-11-14,4.676,4.676,0.0,10.34,10.34,0.0,15.2,15.2,0.0
2012-11-15,4.531,4.531,0.0,10.23,10.23,0.0,14.92,14.92,0.0
2012-11-16,4.574,4.574,0.0,10.1,10.1,0.0,14.74,14.74,0.0
2012-11-17,4.509,4.509,0.0,9.342,9.342,0.0,13.94,13.94,0.0
2012-11-18,4.443,4.443,0.0,9.677,9.677,0.0,14.26,14.26,0.0
2012-11-19,4.363,4.363,0.0,9.654,9.654,0.0,14.19,14.19,0.0
2012-11-20,4.34,4.34,0.0,9.593,9.593,0.0,13.98,13.98,0.0
2012-11-21,4.333,4.333,0.0,9.001,9.001,0.0,13.38,13.38,0.0
2012-11-22,4.204,4.204,0.0,9.251,9.251,0.0,13.59,13.59,0.0
2012-11-23,4.147,4.147,0.0,9.325,9.325,0.0,13.63,13.63,0.0
2012-11-24,4.189,4.189,0.0,9.253,9.253,0.0,13.62,13.62,0.0
2012-11-25,4.121,4.121,0.0,8.84,8.84,0.0,13.02,13.02,0.0
2012-11-26,4.324,4.324,0.0,9.235,9.235,0.0,13.76,13.76,0.0
2012-11-27,4.395,4.395,0.0,9.433,9.433,0.0,13.98,13.98,0.0
2012-11-28,4.258,4.258,0.0,9.305,9.305,0.0,13.71,13.71,0.0
2012-11-29,4.098,4.098,0.0,9.131,9.131,0.0,13.45,13.45,0.0
2012-11-30,4.074,4.074,0.0,8.648,8.648,0.0,12.8,12.8,0.0
2012-12-01,4.094,4.094,0.0,8.645,8.645,0.0,12.84,12.84,0.0
2012-12-02,4.115,4.115,0.0,9.157,9.157,0.0,13.49,13.49,0.0
2012-12-03,4.015,4.015,0.0,9.335,9.335,0.0,13.49,13.49,0.0
2012-12-04,3.898,3.898,0.0,9.252,9.252,0.0,13.3,13.3,0.0
2012-12-05,3.904,3.904,0.0,9.006,9.006,0.0,13.04,13.04,0.0
2012-12-06,3.992,3.992,0.0,8.664,8.664,0.0,12.79,12.79,0.0
2012-12-07,3.988,3.988,0.0,9.506,9.506,0.0,13.77,13.77,0.0
2012-12-08,4.421,4.421,0.0,10.63,10.63,0.0,15.54,15.54,0.0
2012-12-09,4.516,4.516,0.0,10.97,10.97,0.0,15.9,15.9,0.0
2012-12-10,4.734,4.734,0.0,11.63,11.63,0.0,16.84,16.84,0.0
2012-12-11,4.458,4.458,0.0,11.11,11.11,0.0,15.95,15.95,0.0
2012-12-12,4.35,4.35,0.0,9.654,9.654,0.0,14.17,14.17,0.0
2012-12-13,4.213,4.213,0.0,10.33,10.33,0.0,14.76,14.76,0.0
2012-12-14,4.257,4.257,0.0,10.63,10.63,0.0,15.16,15.16,0.0
2012-12-15,4.416,4.416,0.0,10.7,10.7,0.0,15.42,15.42,0.0
2012-12-16,4.262,4.262,0.0,9.941,9.941,0.0,14.49,14.49,0.0
2012-12-17,4.692,4.692,0.0,10.79,10.79,0.0,15.85,15.85,0.0
2012-12-18,4.717,4.717,0.0,11.14,11.14,0.0,16.23,16.23,0.0
2012-12-19,4.599,4.599,0.0,11.17,11.17,0.0,15.97,15.97,0.0
2012-12-20,5.264,5.264,0.0,12.34,12.34,0.0,18.08,18.08,0.0
2012-12-21,5.312,5.312,0.0,12.15,12.15,0.0,17.93,17.93,0.0
2012-12-22,4.733,4.733,0.0,10.62,10.62,0.0,15.74,15.74,0.0
2012-12-23,4.951,4.951,0.0,11.28,11.28,0.0,16.29,16.29,0.0
2012-12-24,4.862,4.862,0.0,11.71,11.71,0.0,16.93,16.93,0.0
2012-12-25,5.065,5.065,0.0,11.31,11.31,0.0,16.71,16.71,0.0
2012-12-26,5.167,5.167,0.0,12.4,12.4,0.0,18.56,18.56,0.0
2012-12-27,4.81,4.81,0.0,11.18,11.18,0.0,16.45,16.45,0.0
2012-12-28,4.79,4.79,0.0,11.1,11.1,0.0,16.18,16.18,0.0
2012-12-29,4.943,4.943,0.0,11.59,11.59,0.0,16.99,16.99,0.0
2012-12-30,4.659,4.659,0.0,10.57,10.57,0.0,15.76,15.76,0.0
2012-12-31,4.666,4.666,0.0,10.85,10.85,0.0,15.92,15.92,0.0
2013-01-01,4.557,4.557,0.0,10.59,10.59,0.0,15.59,15.59,0.0
2013-01-02,4.551,4.551,0.0,10.6,10.6,0.0,15.48,15.48,0.0
2013-01-03,4.468,4.468,0.0,10.24,10.24,0.0,15.09,15.09,0.0
2013-01-04,4.399,4.399,0.0,10.1,10.1,0.0,14.91,14.91,0.0
2013-01-05,4.836,4.836,0.0,10.7,10.7,0.0,16.18,16.18,0.0
2013-01-06,4.382,4.382,0.0,10.5,10.5,0.0,15.21,15.21,0.0
2013-01-07,4.318,4.318,0.0,10.14,10.14,0.0,14.82,14.82,0.0
2013-01-08,4.846,4.846,0.0,11.3,11.3,0.0,17.09,17.09,0.0
2013-01-09,4.175,4.175,0.0,16.1,16.1,0.0,20.72,20.72,0.0
2013-01-10,4.074,4.074,0.0,19.75,19.75,0.0,24.09,24.09,0.0
2013-01-11,4.18,4.18,0.0,11.53,11.53,0.0,16.08,16.08,0.0
2013-01-12,4.411,4.411,0.0,10.76,10.76,0.0,15.57,15.57,0.0
2013-01-13,5.004,5.004,0.0,11.99,11.99,0.0,17.43,17.43,0.0
2013-01-14,6.01,6.01,0.0,16.08,16.08,0.0,22.66,22.66,0.0
2013-01-15,7.619,7.619,0.0,24.5,24.5,0.0,32.88,32.88,0.0
2013-01-16,7.364,7.364,0.0,17.64,17.64,0.0,25.45,25.45,0.0
2013-01-17,6.538,6.538,0.0,15.45,15.45,0.0,22.42,22.42,0.0
2013-01-18,6.097,6.097,0.0,13.58,13.58,0.0,20.01,20.01,0.0
2013-01-19,6.528,6.528,0.0,14.36,14.36,0.0,21.09,21.09,0.0
2013-01-20,6.694,6.694,0.0,15.07,15.07,0.0,21.99,21.99,0.0
2013-01-21,6.189,6.189,0.0,14.03,14.03,0.0,20.69,20.69,0.0
2013-01-22,6.254,6.254,0.0,13.67,13.67,0.0,20.18,20.18,0.0
2013-01-23,6.243,6.243,0.0,14.25,14.25,0.0,20.81,20.81,0.0
2013-01-24,6.309,6.309,0.0,14.48,14.48,0.0,21.03,21.03,0.0
2013-01-25,6.35,6.35,0.0,14.48,14.48,0.0,21.22,21.22,0.0
2013-01-26,5.733,5.733,0.0,13.13,13.13,0.0,19.37,19.37,0.0
2013-01-27,5.997,5.997,0.0,13.06,13.06,0.0,19.42,19.42,0.0
2013-01-28,8.906,8.906,0.0,23.66,23.66,0.0,36.46,36.46,0.0
2013-01-29,6.0,6.0,0.0,19.31,19.31,0.0,26.01,26.01,0.0
2013-01-30,39.25,39.25,0.0,77.67,77.67,0.0,112.2,112.2,0.0
2013-01-31,8.435,8.435,0.0,22.7,22.7,0.0,33.08,33.08,0.0
2013-02-01,7.406,7.406,0.0,16.32,16.32,0.0,24.51,24.51,0.0
2013-02-02,7.353,7.353,0.0,14.37,14.37,0.0,22.34,22.34,0.0
2013-02-03,6.658,6.658,0.0,13.97,13.97,0.0,21.0,21.0,0.0
2013-02-04,6.503,6.503,0.0,14.13,14.13,0.0,21.11,21.11,0.0
2013-02-05,6.583,6.583,0.0,14.43,14.43,0.0,21.68,21.68,0.0
2013-02-06,7.038,7.038,0.0,14.06,14.06,0.0,21.83,21.83,0.0
2013-02-07,6.638,6.638,0.0,13.67,13.67,0.0,20.89,20.89,0.0
2013-02-08,7.375,7.375,0.0,16.61,16.61,0.0,24.9,24.9,0.0
2013-02-09,6.561,6.561,0.0,14.05,14.05,0.0,21.03,21.03,0.0
2013-02-10,6.539,6.539,0.0,13.91,13.91,0.0,20.91,20.91,0.0
2013-02-11,6.662,6.662,0.0,24.12,24.12,0.0,31.2,31.2,0.0
2013-02-12,6.527,6.527,0.0,14.84,14.84,0.0,22.06,22.06,0.0
2013-02-13,6.557,6.557,0.0,15.55,15.55,0.0,23.17,23.17,0.0
2013-02-14,6.927,6.927,0.0,14.46,14.46,0.0,21.9,21.9,0.0
2013-02-15,7.472,7.472,0.0,14.71,14.71,0.0,22.25,22.25,0.0
2013-02-16,7.602,7.602,0.0,14.83,14.83,0.0,22.62,22.62,0.0
2013-02-17,7.17,7.17,0.0,13.4,13.4,0.0,21.09,21.09,0.0
2013-02-18,6.856,6.856,0.0,14.05,14.05,0.0,21.41,21.41,0.0
2013-02-19,7.041,7.041,0.0,14.05,14.05,0.0,21.32,21.32,0.0
2013-02-20,7.145,7.145,0.0,13.25,13.25,0.0,20.64,20.64,0.0
2013-02-21,6.821,6.821,0.0,13.01,13.01,0.0,20.27,20.27,0.0
2013-02-22,6.668,6.668,0.0,13.45,13.45,0.0,20.71,20.71,0.0
2013-02-23,7.108,7.108,0.0,15.58,15.58,0.0,22.91,22.91,0.0
2013-02-24,6.857,6.857,0.0,13.67,13.67,0.0,20.65,20.65,0.0
2013-02-25,6.714,6.714,0.0,13.29,13.29,0.0,20.28,20.28,0.0
2013-02-26,6.664,6.664,0.0,13.17,13.17,0.0,20.65,20.65,0.0
2013-02-27,9.021,9.021,0.0,17.99,17.99,0.0,28.42,28.42,0.0
2013-02-28,7.243,7.243,0.0,14.47,14.47,0.0,22.48,22.48,0.0
2013-03-01,7.086,7.086,0.0,13.87,13.87,0.0,21.21,21.21,0.0
2013-03-02,7.053,7.053,0.0,12.69,12.69,0.0,19.95,19.95,0.0
2013-03-03,6.492,6.492,0.0,12.66,12.66,0.0,19.83,19.83,0.0
2013-03-04,6.396,6.396,0.0,12.77,12.77,0.0,19.56,19.56,0.0
2013-03-05,9.06,9.06,0.0,20.91,20.91,0.0,36.97,36.97,0.0
2013-03-06,7.16,7.16,0.0,14.16,14.16,0.0,22.57,22.57,0.0
2013-03-07,7.024,7.024,0.0,12.77,12.77,0.0,20.55,20.55,0.0
2013-03-08,6.197,6.197,0.0,12.34,12.34,0.0,19.17,19.17,0.0
2013-03-09,13.03,13.03,0.0,25.31,25.31,0.0,37.41,37.41,0.0
2013-03-10,11.5,11.5,0.0,39.25,39.25,0.0,49.58,49.58,0.0
2013-03-11,9.917,9.917,0.0,28.38,28.38,0.0,38.33,38.33,0.0
2013-03-12,8.84,8.84,0.0,20.65,20.65,0.0,30.38,30.38,0.0
2013-03-13,9.158,9.158,0.0,19.1,19.1,0.0,28.69,28.69,0.0
2013-03-14,8.534,8.534,0.0,17.44,17.44,0.0,26.54,26.54,0.0
2013-03-15,9.696,9.696,0.0,16.03,16.03,0.0,25.58,25.58,0.0
2013-03-16,10.42,10.42,0.0,19.63,19.63,0.0,30.2,30.2,0.0
2013-03-17,12.84,12.84,0.0,21.55,21.55,0.0,34.06,34.06,0.0
2013-03-18,11.13,11.13,0.0,21.66,21.66,0.0,33.07,33.07,0.0
2013-03-19,10.96,10.96,0.0,20.37,20.37,0.0,31.42,31.42,0.0
2013-03-20,10.52,10.52,0.0,18.69,18.69,0.0,29.37,29.37,0.0
2013-03-21,11.03,11.03,0.0,20.11,20.11,0.0,31.04,31.04,0.0
2013-03-22,10.33,10.33,0.0,20.7,20.7,0.0,31.38,31.38,0.0
2013-03-23,9.841,9.841,0.0,19.17,19.17,0.0,29.23,29.23,0.0
2013-03-24,10.64,10.64,0.0,19.13,19.13,0.0,30.17,30.17,0.0
2013-03-25,10.57,10.57,0.0,19.78,19.78,0.0,30.48,30.48,0.0
2013-03-26,10.34,10.34,0.0,20.45,20.45,0.0,31.37,31.37,0.0
2013-03-27,10.2,10.2,0.0,20.01,20.01,0.0,30.82,30.82,0.0
2013-03-28,9.806,9.806,0.0,18.52,18.52,0.0,28.56,28.56,0.0
2013-03-29,12.27,12.27,0.0,20.88,20.88,0.0,32.28,32.28,0.0
2013-03-30,11.06,11.06,0.0,26.44,26.44,0.0,37.55,37.55,0.0
2013-03-31,11.7,11.7,0.0,24.68,24.68,0.0,36.56,36.56,0.0
2013-04-01,11.3,11.3,0.0,22.64,22.64,0.0,34.23,34.23,0.0
2013-04-02,10.7,10.7,0.0,21.58,21.58,0.0,32.33,32.33,0.0
2013-04-03,10.79,10.79,0.0,19.31,19.31,0.0,29.97,29.97,0.0
2013-04-04,11.41,11.41,0.0,21.13,21.13,0.0,32.29,32.29,0.0
2013-04-05,10.92,10.92,0.0,22.51,22.51,0.0,33.49,33.49,0.0
2013-04-06,10.53,10.53,0.0,22.33,22.33,0.0,32.79,32.79,0.0
2013-04-07,10.62,10.62,0.0,21.53,21.53,0.0,31.94,31.94,0.0
2013-04-08,10.82,10.82,0.0,21.79,21.79,0.0,32.39,32.39,0.0
2013-04-09,10.46,10.46,0.0,21.71,21.71,0.0,32.16,32.16,0.0
2013-04-10,10.57,10.57,0.0,21.84,21.84,0.0,32.05,32.05,0.0
2013-04-11,12.05,12.05,0.0,24.31,24.31,0.0,36.54,36.54,0.0
2013-04-12,11.46,11.46,0.0,24.35,24.35,0.0,36.16,36.16,0.0
2013-04-13,10.8,10.8,0.0,21.51,21.51,0.0,32.73,32.73,0.0
2013-04-14,10.94,10.94,0.0,22.63,22.63,0.0,33.67,33.67,0.0
2013-04-15,11.43,11.43,0.0,22.88,22.88,0.0,33.88,33.88,0.0
2013-04-16,11.95,11.95,0.0,24.06,24.06,0.0,35.91,35.91,0.0
2013-04-17,11.1,11.1,0.0,22.0,22.0,0.0,33.29,33.29,0.0
2013-04-18,11.07,11.07,0.0,22.15,22.15,0.0,33.18,33.18,0.0
2013-04-19,12.72,12.72,0.0,24.67,24.67,0.0,37.56,37.56,0.0
2013-04-20,11.62,11.62,0.0,23.95,23.95,0.0,35.81,35.81,0.0
2013-04-21,11.78,11.78,0.0,24.14,24.14,0.0,35.63,35.63,0.0
2013-04-22,10.96,10.96,0.0,22.27,22.27,0.0,33.26,33.26,0.0
2013-04-23,11.29,11.29,0.0,22.36,22.36,0.0,33.61,33.61,0.0
2013-04-24,11.09,11.09,0.0,22.81,22.81,0.0,34.14,34.14,0.0
2013-04-25,11.16,11.16,0.0,22.94,22.94,0.0,33.88,33.88,0.0
2013-04-26,10.55,10.55,0.0,22.41,22.41,0.0,33.13,33.13,0.0
2013-04-27,10.78,10.78,0.0,21.2,21.2,0.0,31.86,31.86,0.0
2013-04-28,10.82,10.82,0.0,22.24,22.24,0.0,33.21,33.21,0.0
2013-04-29,11.12,11.12,0.0,22.5,22.5,0.0,33.55,33.55,0.0
2013-04-30,11.04,11.04,0.0,22.46,22.46,0.0,33.28,33.28,0.0
2013-05-01,10.36,10.36,0.0,21.07,21.07,0.0,31.44,31.44,0.0
2013-05-02,10.39,10.39,0.0,21.07,21.07,0.0,31.49,31.49,0.0
2013-05-03,10.39,10.39,0.0,21.37,21.37,0.0,31.78,31.78,0.0
2013-05-04,10.43,10.43,0.0,21.18,21.18,0.0,31.36,31.36,0.0
2013-05-05,10.04,10.04,0.0,20.72,20.72,0.0,30.76,30.76,0.0
2013-05-06,11.85,11.85,0.0,22.11,22.11,0.0,33.76,33.76,0.0
2013-05-07,19.39,19.39,0.0,30.65,30.65,0.0,49.52,49.52,0.0
2013-05-08,16.41,16.41,0.0,27.51,27.51,0.0,43.09,43.09,0.0
2013-05-09,13.98,13.98,0.0,24.54,24.54,0.0,38.51,38.51,0.0
2013-05-10,14.46,14.46,0.0,26.44,26.44,0.0,40.78,40.78,0.0
2013-05-11,13.11,13.11,0.0,26.42,26.42,0.0,39.55,39.55,0.0
2013-05-12,13.5,13.5,0.0,25.02,25.02,0.0,38.35,38.35,0.0
2013-05-13,13.76,13.76,0.0,24.87,24.87,0.0,38.44,38.44,0.0
2013-05-14,12.62,12.62,0.0,24.74,24.74,0.0,37.51,37.51,0.0
2013-05-15,12.8,12.8,0.0,24.0,24.0,0.0,36.48,36.48,0.0
2013-05-16,13.15,13.15,0.0,24.61,24.61,0.0,37.55,37.55,0.0
2013-05-17,13.17,13.17,0.0,24.87,24.87,0.0,37.6,37.6,0.0
2013-05-18,13.01,13.01,0.0,24.03,24.03,0.0,36.89,36.89,0.0
2013-05-19,12.01,12.01,0.0,23.91,23.91,0.0,35.84,35.84,0.0
2013-05-20,12.57,12.57,0.0,23.45,23.45,0.0,35.7,35.7,0.0
2013-05-21,12.69,12.69,0.0,23.87,23.87,0.0,36.06,36.06,0.0
2013-05-22,13.55,13.55,0.0,24.82,24.82,0.0,38.02,38.02,0.0
2013-05-23,13.42,13.42,0.0,23.89,23.89,0.0,37.22,37.22,0.0
2013-05-24,12.32,12.32,0.0,24.66,24.66,0.0,37.11,37.11,0.0
2013-05-25,12.61,12.61,0.0,23.28,23.28,0.0,35.65,35.65,0.0
2013-05-26,12.75,12.75,0.0,23.75,23.75,0.0,36.0,36.0,0.0
2013-05-27,12.75,12.75,0.0,23.64,23.64,0.0,35.96,35.96,0.0
2013-05-28,12.12,12.12,0.0,22.82,22.82,0.0,34.8,34.8,0.0
2013-05-29,11.77,11.77,0.0,22.27,22.27,0.0,33.76,33.76,0.0
2013-05-30,11.96,11.96,0.0,22.44,22.44,0.0,33.93,33.93,0.0
2013-05-31,11.98,11.98,0.0,22.56,22.56,0.0,34.11,34.11,0.0
2013-06-01,11.45,11.45,0.0,21.62,21.62,0.0,32.9,32.9,0.0
2013-06-02,11.49,11.49,0.0,22.03,22.03,0.0,33.42,33.42,0.0
2013-06-03,11.53,11.53,0.0,21.54,21.54,0.0,32.75,32.75,0.0
2013-06-04,11.43,11.43,0.0,21.39,21.39,0.0,32.4,32.4,0.0
2013-06-05,11.34,11.34,0.0,21.22,21.22,0.0,32.35,32.35,0.0
2013-06-06,12.46,12.46,0.0,21.88,21.88,0.0,34.22,34.22,0.0
2013-06-07,12.43,12.43,0.0,21.69,21.69,0.0,33.52,33.52,0.0
2013-06-08,11.17,11.17,0.0,21.14,21.14,0.0,32.11,32.11,0.0
2013-06-09,11.87,11.87,0.0,21.61,21.61,0.0,32.94,32.94,0.0
2013-06-10,13.4,13.4,0.0,22.48,22.48,0.0,35.1,35.1,0.0
2013-06-11,12.4,12.4,0.0,20.88,20.88,0.0,32.62,32.62,0.0
2013-06-12,12.51,12.51,0.0,21.39,21.39,0.0,33.25,33.25,0.0
2013-06-13,12.66,12.66,0.0,25.05,25.05,0.0,38.56,38.56,0.0
2013-06-14,11.77,11.77,0.0,23.19,23.19,0.0,35.0,35.0,0.0
2013-06-15,11.91,11.91,0.0,22.33,22.33,0.0,33.86,33.86,0.0
2013-06-16,11.79,11.79,0.0,21.48,21.48,0.0,32.98,32.98,0.0
2013-06-17,11.38,11.38,0.0,21.38,21.38,0.0,32.43,32.43,0.0
2013-06-18,11.29,11.29,0.0,22.02,22.02,0.0,33.1,33.1,0.0
2013-06-19,11.29,11.29,0.0,21.72,21.72,0.0,32.64,32.64,0.0
2013-06-20,11.2,11.2,0.0,20.83,20.83,0.0,31.65,31.65,0.0
2013-06-21,11.03,11.03,0.0,20.08,20.08,0.0,30.8,30.8,0.0
2013-06-22,10.56,10.56,0.0,20.34,20.34,0.0,30.78,30.78,0.0
2013-06-23,10.72,10.72,0.0,20.17,20.17,0.0,30.54,30.54,0.0
2013-06-24,10.67,10.67,0.0,19.86,19.86,0.0,30.25,30.25,0.0
2013-06-25,10.43,10.43,0.0,19.38,19.38,0.0,29.44,29.44,0.0
2013-06-26,10.09,10.09,0.0,19.52,19.52,0.0,29.44,29.44,0.0
2013-06-27,10.26,10.26,0.0,19.65,19.65,0.0,29.85,29.85,0.0
2013-06-28,10.33,10.33,0.0,19.88,19.88,0.0,30.24,30.24,0.0
2013-06-29,9.84,9.84,0.0,18.52,18.52,0.0,28.11,28.11,0.0
2013-06-30,9.793,9.793,0.0,18.71,18.71,0.0,28.33,28.33,0.0
2013-07-01,9.55,9.55,0.0,18.51,18.51,0.0,27.87,27.87,0.0
2013-07-02,9.508,9.508,0.0,18.21,18.21,0.0,27.46,27.46,0.0
2013-07-03,9.397,9.397,0.0,17.92,17.92,0.0,27.01,27.01,0.0
2013-07-04,9.252,9.252,0.0,17.4,17.4,0.0,26.35,26.35,0.0
2013-07-05,9.04,9.04,0.0,17.41,17.41,0.0,26.22,26.22,0.0
2013-07-06,9.035,9.035,0.0,17.15,17.15,0.0,25.82,25.82,0.0
2013-07-07,9.219,9.219,0.0,17.67,17.67,0.0,26.87,26.87,0.0
2013-07-08,8.796,8.796,0.0,16.69,16.69,0.0,25.25,25.25,0.0
2013-07-09,8.797,8.797,0.0,16.52,16.52,0.0,25.12,25.12,0.0
2013-07-10,8.539,8.539,0.0,16.41,16.41,0.0,24.78,24.78,0.0
2013-07-11,10.31,10.31,0.0,17.74,17.74,0.0,28.7,28.7,0.0
2013-07-12,9.156,9.156,0.0,17.05,17.05,0.0,26.28,26.28,0.0
2013-07-13,8.908,8.908,0.0,16.15,16.15,0.0,24.79,24.79,0.0
2013-07-14,8.744,8.744,0.0,15.93,15.93,0.0,24.4,24.4,0.0
2013-07-15,8.518,8.518,0.0,15.86,15.86,0.0,24.17,24.17,0.0
2013-07-16,8.487,8.487,0.0,15.69,15.69,0.0,23.85,23.85,0.0
2013-07-17,8.423,8.423,0.0,15.49,15.49,0.0,23.58,23.58,0.0
2013-07-18,8.676,8.676,0.0,16.19,16.19,0.0,25.04,25.04,0.0
2013-07-19,8.795,8.795,0.0,16.36,16.36,0.0,25.38,25.38,0.0
2013-07-20,8.239,8.239,0.0,15.49,15.49,0.0,23.53,23.53,0.0
2013-07-21,8.422,8.422,0.0,15.41,15.41,0.0,23.49,23.49,0.0
2013-07-22,8.542,8.542,0.0,15.96,15.96,0.0,24.46,24.46,0.0
2013-07-23,8.297,8.297,0.0,15.35,15.35,0.0,23.58,23.58,0.0
2013-07-24,8.086,8.086,0.0,14.88,14.88,0.0,22.66,22.66,0.0
2013-07-25,7.872,7.872,0.0,14.75,14.75,0.0,22.31,22.31,0.0
2013-07-26,7.838,7.838,0.0,14.59,14.59,0.0,22.11,22.11,0.0
2013-07-27,7.787,7.787,0.0,14.62,14.62,0.0,22.2,22.2,0.0
2013-07-28,7.676,7.676,0.0,14.01,14.01,0.0,21.38,21.38,0.0
2013-07-29,7.484,7.484,0.0,13.96,13.96,0.0,21.2,21.2,0.0
2013-07-30,7.459,7.459,0.0,13.84,13.84,0.0,20.96,20.96,0.0
2013-07-31,7.426,7.426,0.0,13.87,13.87,0.0,21.08,21.08,0.0
2013-08-01,7.343,7.343,0.0,13.49,13.49,0.0,20.62,20.62,0.0
2013-08-02,7.184,7.184,0.0,13.27,13.27,0.0,20.17,20.17,0.0
2013-08-03,7.147,7.147,0.0,13.44,13.44,0.0,20.47,20.47,0.0
2013-08-04,6.971,6.971,0.0,13.02,13.02,0.0,19.69,19.69,0.0
2013-08-05,6.982,6.982,0.0,13.11,13.11,0.0,19.9,19.9,0.0
2013-08-06,6.839,6.839,0.0,12.51,12.51,0.0,19.06,19.06,0.0
2013-08-07,6.836,6.836,0.0,12.72,12.72,0.0,19.4,19.4,0.0
2013-08-08,6.875,6.875,0.0,13.15,13.15,0.0,20.1,20.1,0.0
2013-08-09,6.752,6.752,0.0,12.89,12.89,0.0,19.65,19.65,0.0
2013-08-10,6.681,6.681,0.0,12.35,12.35,0.0,18.8,18.8,0.0
2013-08-11,6.543,6.543,0.0,12.07,12.07,0.0,18.32,18.32,0.0
2013-08-12,6.861,6.861,0.0,13.13,13.13,0.0,20.19,20.19,0.0
2013-08-13,6.615,6.615,0.0,12.84,12.84,0.0,19.54,19.54,0.0
2013-08-14,6.325,6.325,0.0,12.13,12.13,0.0,18.24,18.24,0.0
2013-08-15,6.277,6.277,0.0,11.85,11.85,0.0,17.89,17.89,0.0
2013-08-16,6.194,6.194,0.0,11.69,11.69,0.0,17.67,17.67,0.0
2013-08-17,6.168,6.168,0.0,11.87,11.87,0.0,17.97,17.97,0.0
2013-08-18,6.171,6.171,0.0,11.85,11.85,0.0,17.96,17.96,0.0
2013-08-19,5.967,5.967,0.0,11.41,11.41,0.0,17.17,17.17,0.0
2013-08-20,5.905,5.905,0.0,11.15,11.15,0.0,16.83,16.83,0.0
2013-08-21,6.092,6.092,0.0,11.72,11.72,0.0,17.94,17.94,0.0
2013-08-22,5.872,5.872,0.0,11.4,11.4,0.0,17.3,17.3,0.0
2013-08-23,6.154,6.154,0.0,11.95,11.95,0.0,18.35,18.35,0.0
2013-08-24,5.761,5.761,0.0,10.98,10.98,0.0,16.6,16.6,0.0
2013-08-25,5.687,5.687,0.0,10.79,10.79,0.0,16.34,16.34,0.0
2013-08-26,5.625,5.625,0.0,10.65,10.65,0.0,16.13,16.13,0.0
2013-08-27,5.983,5.983,0.0,12.07,12.07,0.0,18.6,18.6,0.0
2013-08-28,6.531,6.531,0.0,14.02,14.02,0.0,21.27,21.27,0.0
2013-08-29,5.727,5.727,0.0,12.0,12.0,0.0,17.72,17.72,0.0
2013-08-30,5.646,5.646,0.0,11.88,11.88,0.0,17.5,17.5,0.0
2013-08-31,5.58,5.58,0.0,11.63,11.63,0.0,17.2,17.2,0.0
2013-09-01,5.499,5.499,0.0,11.47,11.47,0.0,17.03,17.03,0.0
2013-09-02,5.516,5.516,0.0,11.4,11.4,0.0,17.01,17.01,0.0
2013-09-03,5.369,5.369,0.0,11.17,11.17,0.0,16.5,16.5,0.0
2013-09-04,5.294,5.294,0.0,10.99,10.99,0.0,16.27,16.27,0.0
2013-09-05,5.232,5.232,0.0,10.64,10.64,0.0,15.85,15.85,0.0
2013-09-06,5.126,5.126,0.0,10.68,10.68,0.0,15.81,15.81,0.0
2013-09-07,5.08,5.08,0.0,10.63,10.63,0.0,15.67,15.67,0.0
2013-09-08,5.019,5.019,0.0,10.46,10.46,0.0,15.46,15.46,0.0
2013-09-09,4.963,4.963,0.0,10.12,10.12,0.0,15.07,15.07,0.0
2013-09-10,4.869,4.869,0.0,10.11,10.11,0.0,14.98,14.98,0.0
2013-09-11,4.972,4.972,0.0,10.44,10.44,0.0,15.58,15.58,0.0
2013-09-12,4.893,4.893,0.0,10.19,10.19,0.0,15.22,15.22,0.0
2013-09-13,4.717,4.717,0.0,9.706,9.706,0.0,14.41,14.41,0.0
2013-09-14,4.661,4.661,0.0,9.644,9.644,0.0,14.29,14.29,0.0
2013-09-15,4.591,4.591,0.0,9.639,9.639,0.0,14.28,14.28,0.0
2013-09-16,4.56,4.56,0.0,9.521,9.521,0.0,14.11,14.11,0.0
2013-09-17,4.477,4.477,0.0,9.225,9.225,0.0,13.68,13.68,0.0
2013-09-18,4.425,4.425,0.0,9.126,9.126,0.0,13.53,13.53,0.0
2013-09-19,4.372,4.372,0.0,9.048,9.048,0.0,13.4,13.4,0.0
2013-09-20,4.453,4.453,0.0,9.247,9.247,0.0,13.78,13.78,0.0
2013-09-21,4.818,4.818,0.0,9.786,9.786,0.0,14.88,14.88,0.0
2013-09-22,4.426,4.426,0.0,8.903,8.903,0.0,13.24,13.24,0.0
2013-09-23,4.373,4.373,0.0,8.813,8.813,0.0,13.09,13.09,0.0
2013-09-24,4.286,4.286,0.0,8.72,8.72,0.0,12.93,12.93,0.0
2013-09-25,4.251,4.251,0.0,8.607,8.607,0.0,12.76,12.76,0.0
2013-09-26,4.204,4.204,0.0,8.451,8.451,0.0,12.56,12.56,0.0
2013-09-27,4.156,4.156,0.0,8.357,8.357,0.0,12.42,12.42,0.0
2013-09-28,4.107,4.107,0.0,8.282,8.282,0.0,12.29,12.29,0.0
2013-09-29,4.022,4.022,0.0,8.19,8.19,0.0,12.13,12.13,0.0
2013-09-30,3.987,3.987,0.0,8.074,8.074,0.0,11.97,11.97,0.0
2013-10-01,3.946,3.946,0.0,7.933,7.933,0.0,11.79,11.79,0.0
2013-10-02,3.9,3.9,0.0,7.839,7.839,0.0,11.65,11.65,0.0
2013-10-03,3.848,3.848,0.0,7.766,7.766,0.0,11.53,11.53,0.0
2013-10-04,3.777,3.777,0.0,7.664,7.664,0.0,11.36,11.36,0.0
2013-10-05,3.742,3.742,0.0,7.552,7.552,0.0,11.21,11.21,0.0
2013-10-06,3.997,3.997,0.0,8.16,8.16,0.0,12.36,12.36,0.0
2013-10-07,4.075,4.075,0.0,8.167,8.167,0.0,12.38,12.38,0.0
2013-10-08,3.77,3.77,0.0,7.492,7.492,0.0,11.12,11.12,0.0
2013-10-09,3.771,3.771,0.0,7.531,7.531,0.0,11.22,11.22,0.0
2013-10-10,3.798,3.798,0.0,7.565,7.565,0.0,11.34,11.34,0.0
2013-10-11,3.745,3.745,0.0,7.477,7.477,0.0,11.18,11.18,0.0
2013-10-12,3.701,3.701,0.0,7.369,7.369,0.0,11.02,11.02,0.0
2013-10-13,3.675,3.675,0.0,7.328,7.328,0.0,10.95,10.95,0.0
2013-10-14,3.616,3.616,0.0,7.279,7.279,0.0,10.86,10.86,0.0
2013-10-15,3.531,3.531,0.0,7.063,7.063,0.0,10.49,10.49,0.0
2013-10-16,3.493,3.493,0.0,6.988,6.988,0.0,10.37,10.37,0.0
2013-10-17,3.615,3.615,0.0,7.254,7.254,0.0,10.89,10.89,0.0
2013-10-18,3.465,3.465,0.0,6.902,6.902,0.0,10.25,10.25,0.0
2013-10-19,3.46,3.46,0.0,6.993,6.993,0.0,10.44,10.44,0.0
2013-10-20,3.37,3.37,0.0,6.76,6.76,0.0,10.03,10.03,0.0
2013-10-21,3.334,3.334,0.0,6.688,6.688,0.0,9.924,9.924,0.0
2013-10-22,3.294,3.294,0.0,6.591,6.591,0.0,9.788,9.788,0.0
2013-10-23,3.392,3.392,0.0,6.961,6.961,0.0,10.45,10.45,0.0
2013-10-24,3.221,3.221,0.0,6.59,6.59,0.0,9.778,9.778,0.0
2013-10-25,3.167,3.167,0.0,6.441,6.441,0.0,9.537,9.537,0.0
2013-10-26,3.133,3.133,0.0,6.385,6.385,0.0,9.445,9.445,0.0
2013-10-27,3.095,3.095,0.0,6.291,6.291,0.0,9.315,9.315,0.0
2013-10-28,3.057,3.057,0.0,6.201,6.201,0.0,9.18,9.18,0.0
2013-10-29,3.0,3.0,0.0,6.138,6.138,0.0,9.075,9.075,0.0
2013-10-30,2.975,2.975,0.0,6.072,6.072,0.0,8.983,8.983,0.0
2013-10-31,3.089,3.089,0.0,6.38,6.38,0.0,9.526,9.526,0.0
2013-11-01,3.086,3.086,0.0,6.38,6.38,0.0,9.526,9.526,0.0
2013-11-02,2.983,2.983,0.0,6.21,6.21,0.0,9.197,9.197,0.0
2013-11-03,2.91,2.91,0.0,5.995,5.995,0.0,8.845,8.845,0.0
2013-11-04,2.879,2.879,0.0,5.926,5.926,0.0,8.745,8.745,0.0
2013-11-05,2.845,2.845,0.0,5.867,5.867,0.0,8.652,8.652,0.0
2013-11-06,2.811,2.811,0.0,5.788,5.788,0.0,8.54,8.54,0.0
2013-11-07,2.827,2.827,0.0,5.966,5.966,0.0,8.829,8.829,0.0
2013-11-08,2.736,2.736,0.0,5.725,5.725,0.0,8.409,8.409,0.0
2013-11-09,2.707,2.707,0.0,5.629,5.629,0.0,8.284,8.284,0.0
2013-11-10,2.675,2.675,0.0,5.582,5.582,0.0,8.205,8.205,0.0
2013-11-11,2.644,2.644,0.0,5.498,5.498,0.0,8.09,8.09,0.0
2013-11-12,2.591,2.591,0.0,5.457,5.457,0.0,8.001,8.001,0.0
2013-11-13,2.569,2.569,0.0,5.374,5.374,0.0,7.894,7.894,0.0
2013-11-14,2.542,2.542,0.0,5.323,5.323,0.0,7.815,7.815,0.0
2013-11-15,2.571,2.571,0.0,5.422,5.422,0.0,7.985,7.985,0.0
2013-11-16,2.509,2.509,0.0,5.257,5.257,0.0,7.708,7.708,0.0
2013-11-17,2.613,2.613,0.0,5.6,5.6,0.0,8.268,8.268,0.0
2013-11-18,2.51,2.51,0.0,5.34,5.34,0.0,7.798,7.798,0.0
2013-11-19,2.484,2.484,0.0,5.281,5.281,0.0,7.712,7.712,0.0
2013-11-20,2.455,2.455,0.0,5.16,5.16,0.0,7.562,7.562,0.0
2013-11-21,2.427,2.427,0.0,5.107,5.107,0.0,7.474,7.474,0.0
2013-11-22,2.6,2.6,0.0,5.882,5.882,0.0,8.673,8.673,0.0
2013-11-23,2.399,2.399,0.0,5.379,5.379,0.0,7.717,7.717,0.0
2013-11-24,2.37,2.37,0.0,5.329,5.329,0.0,7.63,7.63,0.0
2013-11-25,2.343,2.343,0.0,5.277,5.277,0.0,7.55,7.55,0.0
2013-11-26,2.849,2.849,0.0,6.494,6.494,0.0,9.961,9.961,0.0
2013-11-27,2.525,2.525,0.0,5.775,5.775,0.0,8.576,8.576,0.0
2013-11-28,2.386,2.386,0.0,5.433,5.433,0.0,7.935,7.935,0.0
2013-11-29,2.231,2.231,0.0,5.043,5.043,0.0,7.219,7.219,0.0
2013-11-30,2.205,2.205,0.0,4.9,4.9,0.0,7.049,7.049,0.0
2013-12-01,3.887,3.887,0.0,7.254,7.254,0.0,11.41,11.41,0.0
2013-12-02,5.959,5.959,0.0,12.43,12.43,0.0,18.07,18.07,0.0
2013-12-03,6.304,6.304,0.0,13.93,13.93,0.0,18.15,18.15,0.0
2013-12-04,2.478,2.478,0.0,7.659,7.659,0.0,10.08,10.08,0.0
2013-12-05,2.824,2.824,0.0,7.132,7.132,0.0,10.05,10.05,0.0
2013-12-06,5.887,5.887,0.0,40.61,40.61,0.0,48.09,48.09,0.0
2013-12-07,4.267,4.267,0.0,13.02,13.02,0.0,17.3,17.3,0.0
2013-12-08,4.523,4.523,0.0,11.26,11.26,0.0,16.12,16.12,0.0
2013-12-09,4.962,4.962,0.0,11.34,11.34,0.0,16.17,16.17,0.0
2013-12-10,4.721,4.721,0.0,9.798,9.798,0.0,14.44,14.44,0.0
2013-12-11,4.185,4.185,0.0,8.504,8.504,0.0,12.75,12.75,0.0
2013-12-12,4.266,4.266,0.0,9.039,9.039,0.0,13.08,13.08,0.0
2013-12-13,4.42,4.42,0.0,9.668,9.668,0.0,14.01,14.01,0.0
2013-12-14,4.463,4.463,0.0,9.086,9.086,0.0,13.57,13.57,0.0
2013-12-15,4.114,4.114,0.0,8.704,8.704,0.0,12.87,12.87,0.0
2013-12-16,4.154,4.154,0.0,8.995,8.995,0.0,13.1,13.1,0.0
2013-12-17,4.459,4.459,0.0,9.805,9.805,0.0,14.76,14.76,0.0
2013-12-18,4.123,4.123,0.0,8.513,8.513,0.0,13.03,13.03,0.0
2013-12-19,14.01,14.01,0.0,27.13,27.13,0.0,40.18,40.18,0.0
2013-12-20,4.657,4.657,0.0,27.69,27.69,0.0,32.64,32.64,0.0
2013-12-21,4.746,4.746,0.0,13.9,13.9,0.0,19.18,19.18,0.0
2013-12-22,7.448,7.448,0.0,17.8,17.8,0.0,24.99,24.99,0.0
2013-12-23,7.478,7.478,0.0,15.85,15.85,0.0,23.17,23.17,0.0
2013-12-24,7.593,7.593,0.0,14.75,14.75,0.0,21.89,21.89,0.0
2013-12-25,6.952,6.952,0.0,12.93,12.93,0.0,19.27,19.27,0.0
2013-12-26,6.497,6.497,0.0,12.17,12.17,0.0,18.47,18.47,0.0
2013-12-27,6.326,6.326,0.0,13.03,13.03,0.0,19.34,19.34,0.0
2013-12-28,10.64,10.64,0.0,17.67,17.67,0.0,27.34,27.34,0.0
2013-12-29,10.75,10.75,0.0,25.29,25.29,0.0,36.64,36.64,0.0
2013-12-30,7.771,7.771,0.0,17.3,17.3,0.0,25.29,25.29,0.0
2013-12-31,7.46,7.46,0.0,14.05,14.05,0.0,21.23,21.23,0.0
2014-01-01,8.006,8.006,0.0,14.01,14.01,0.0,21.54,21.54,0.0
2014-01-02,7.062,7.062,0.0,14.53,14.53,0.0,21.71,21.71,0.0
2014-01-03,7.021,7.021,0.0,13.34,13.34,0.0,20.32,20.32,0.0
2014-01-04,6.636,6.636,0.0,13.12,13.12,0.0,19.71,19.71,0.0
2014-01-05,7.161,7.161,0.0,15.12,15.12,0.0,23.31,23.31,0.0
2014-01-06,6.958,6.958,0.0,13.56,13.56,0.0,20.55,20.55,0.0
2014-01-07,6.8,6.8,0.0,12.71,12.71,0.0,19.4,19.4,0.0
2014-01-08,6.448,6.448,0.0,12.18,12.18,0.0,18.56,18.56,0.0
2014-01-09,6.651,6.651,0.0,12.59,12.59,0.0,19.22,19.22,0.0
2014-01-10,9.931,9.931,0.0,18.67,18.67,0.0,27.04,27.04,0.0
2014-01-11,7.833,7.833,0.0,19.87,19.87,0.0,27.82,27.82,0.0
2014-01-12,6.48,6.48,0.0,12.96,12.96,0.0,19.39,19.39,0.0
2014-01-13,6.379,6.379,0.0,12.79,12.79,0.0,19.04,19.04,0.0
2014-01-14,6.873,6.873,0.0,13.56,13.56,0.0,20.31,20.31,0.0
2014-01-15,7.011,7.011,0.0,12.97,12.97,0.0,19.8,19.8,0.0
2014-01-16,6.757,6.757,0.0,12.35,12.35,0.0,18.87,18.87,0.0
2014-01-17,6.707,6.707,0.0,12.77,12.77,0.0,19.28,19.28,0.0
2014-01-18,6.461,6.461,0.0,12.08,12.08,0.0,18.47,18.47,0.0
2014-01-19,6.597,6.597,0.0,12.13,12.13,0.0,18.6,18.6,0.0
2014-01-20,7.564,7.564,0.0,13.39,13.39,0.0,20.42,20.42,0.0
2014-01-21,6.643,6.643,0.0,12.38,12.38,0.0,18.98,18.98,0.0
2014-01-22,6.238,6.238,0.0,11.28,11.28,0.0,17.34,17.34,0.0
2014-01-23,6.235,6.235,0.0,11.45,11.45,0.0,17.6,17.6,0.0
2014-01-24,6.071,6.071,0.0,11.38,11.38,0.0,17.32,17.32,0.0
2014-01-25,6.214,6.214,0.0,11.35,11.35,0.0,17.41,17.41,0.0
2014-01-26,6.017,6.017,0.0,10.65,10.65,0.0,16.41,16.41,0.0
2014-01-27,5.887,5.887,0.0,10.74,10.74,0.0,16.51,16.51,0.0
2014-01-28,5.864,5.864,0.0,10.61,10.61,0.0,16.28,16.28,0.0
2014-01-29,5.735,5.735,0.0,10.55,10.55,0.0,16.1,16.1,0.0
2014-01-30,5.73,5.73,0.0,10.07,10.07,0.0,15.49,15.49,0.0
2014-01-31,5.473,5.473,0.0,10.16,10.16,0.0,15.48,15.48,0.0
2014-02-01,7.884,7.884,0.0,25.8,25.8,0.0,32.52,32.52,0.0
2014-02-02,14.48,14.48,0.0,24.95,24.95,0.0,39.36,39.36,0.0
2014-02-03,8.767,8.767,0.0,14.62,14.62,0.0,22.67,22.67,0.0
2014-02-04,6.321,6.321,0.0,11.61,11.61,0.0,18.02,18.02,0.0
2014-02-05,11.32,11.32,0.0,26.05,26.05,0.0,40.0,40.0,0.0
2014-02-06,6.218,6.218,0.0,12.02,12.02,0.0,18.28,18.28,0.0
2014-02-07,5.798,5.798,0.0,10.61,10.61,0.0,16.28,16.28,0.0
2014-02-08,5.627,5.627,0.0,10.24,10.24,0.0,15.63,15.63,0.0
2014-02-09,5.854,5.854,0.0,10.47,10.47,0.0,16.13,16.13,0.0
2014-02-10,5.643,5.643,0.0,10.35,10.35,0.0,15.73,15.73,0.0
2014-02-11,5.431,5.431,0.0,10.34,10.34,0.0,15.65,15.65,0.0
2014-02-12,5.762,5.762,0.0,10.08,10.08,0.0,16.03,16.03,0.0
2014-02-13,5.844,5.844,0.0,10.33,10.33,0.0,16.11,16.11,0.0
2014-02-14,7.883,7.883,0.0,11.6,11.6,0.0,19.53,19.53,0.0
2014-02-15,5.741,5.741,0.0,10.14,10.14,0.0,15.74,15.74,0.0
2014-02-16,5.478,5.478,0.0,9.737,9.737,0.0,15.09,15.09,0.0
2014-02-17,5.33,5.33,0.0,9.21,9.21,0.0,14.29,14.29,0.0
2014-02-18,10.04,10.04,0.0,14.19,14.19,0.0,24.9,24.9,0.0
2014-02-19,12.49,12.49,0.0,62.27,62.27,0.0,78.5,78.5,0.0
2014-02-20,6.952,6.952,0.0,64.55,64.55,0.0,71.82,71.82,0.0
2014-02-21,10.85,10.85,0.0,36.01,36.01,0.0,46.01,46.01,0.0
2014-02-22,9.863,9.863,0.0,17.91,17.91,0.0,27.45,27.45,0.0
2014-02-23,10.12,10.12,0.0,19.11,19.11,0.0,29.13,29.13,0.0
2014-02-24,7.763,7.763,0.0,16.87,16.87,0.0,24.53,24.53,0.0
2014-02-25,8.458,8.458,0.0,14.15,14.15,0.0,22.5,22.5,0.0
2014-02-26,8.882,8.882,0.0,14.77,14.77,0.0,23.47,23.47,0.0
2014-02-27,8.744,8.744,0.0,15.86,15.86,0.0,24.57,24.57,0.0
2014-02-28,8.495,8.495,0.0,15.97,15.97,0.0,24.07,24.07,0.0
2014-03-01,8.135,8.135,0.0,14.04,14.04,0.0,22.15,22.15,0.0
2014-03-02,12.59,12.59,0.0,20.69,20.69,0.0,33.18,33.18,0.0
2014-03-03,9.294,9.294,0.0,16.24,16.24,0.0,25.6,25.6,0.0
2014-03-04,8.837,8.837,0.0,15.56,15.56,0.0,24.3,24.3,0.0
2014-03-05,8.598,8.598,0.0,13.85,13.85,0.0,21.99,21.99,0.0
2014-03-06,8.148,8.148,0.0,14.53,14.53,0.0,22.48,22.48,0.0
2014-03-07,10.39,10.39,0.0,18.18,18.18,0.0,28.25,28.25,0.0
2014-03-08,8.91,8.91,0.0,15.6,15.6,0.0,24.32,24.32,0.0
2014-03-09,9.091,9.091,0.0,15.72,15.72,0.0,24.49,24.49,0.0
2014-03-10,8.495,8.495,0.0,15.61,15.61,0.0,23.74,23.74,0.0
2014-03-11,9.66,9.66,0.0,16.74,16.74,0.0,26.05,26.05,0.0
2014-03-12,11.35,11.35,0.0,19.65,19.65,0.0,30.68,30.68,0.0
2014-03-13,11.02,11.02,0.0,17.35,17.35,0.0,27.97,27.97,0.0
2014-03-14,11.4,11.4,0.0,18.81,18.81,0.0,29.69,29.69,0.0
2014-03-15,10.84,10.84,0.0,19.05,19.05,0.0,29.08,29.08,0.0
2014-03-16,11.2,11.2,0.0,20.65,20.65,0.0,31.83,31.83,0.0
2014-03-17,11.03,11.03,0.0,20.35,20.35,0.0,31.27,31.27,0.0
2014-03-18,11.37,11.37,0.0,18.59,18.59,0.0,29.44,29.44,0.0
2014-03-19,12.21,12.21,0.0,24.1,24.1,0.0,35.42,35.42,0.0
2014-03-20,11.9,11.9,0.0,20.47,20.47,0.0,31.48,31.48,0.0
2014-03-21,11.4,11.4,0.0,20.79,20.79,0.0,31.74,31.74,0.0
2014-03-22,11.33,11.33,0.0,20.74,20.74,0.0,31.56,31.56,0.0
2014-03-23,11.65,11.65,0.0,19.89,19.89,0.0,30.69,30.69,0.0
2014-03-24,10.91,10.91,0.0,20.16,20.16,0.0,30.48,30.48,0.0
2014-03-25,11.12,11.12,0.0,21.07,21.07,0.0,31.76,31.76,0.0
2014-03-26,10.95,10.95,0.0,20.42,20.42,0.0,30.91,30.91,0.0
2014-03-27,11.27,11.27,0.0,19.51,19.51,0.0,29.91,29.91,0.0
2014-03-28,11.16,11.16,0.0,20.54,20.54,0.0,31.14,31.14,0.0
2014-03-29,13.46,13.46,0.0,25.91,25.91,0.0,38.5,38.5,0.0
2014-03-30,12.88,12.88,0.0,22.0,22.0,0.0,34.02,34.02,0.0
2014-03-31,11.99,11.99,0.0,20.93,20.93,0.0,32.38,32.38,0.0
2014-04-01,11.81,11.81,0.0,21.41,21.41,0.0,32.62,32.62,0.0
2014-04-02,11.86,11.86,0.0,21.31,21.31,0.0,32.41,32.41,0.0
2014-04-03,12.37,12.37,0.0,22.16,22.16,0.0,33.65,33.65,0.0
2014-04-04,12.01,12.01,0.0,22.07,22.07,0.0,33.35,33.35,0.0
2014-04-05,11.54,11.54,0.0,21.16,21.16,0.0,32.0,32.0,0.0
2014-04-06,11.78,11.78,0.0,20.78,20.78,0.0,31.86,31.86,0.0
2014-04-07,12.59,12.59,0.0,21.95,21.95,0.0,33.74,33.74,0.0
2014-04-08,12.42,12.42,0.0,22.1,22.1,0.0,33.69,33.69,0.0
2014-04-09,11.72,11.72,0.0,21.15,21.15,0.0,32.17,32.17,0.0
2014-04-10,11.58,11.58,0.0,20.59,20.59,0.0,31.28,31.28,0.0
2014-04-11,11.63,11.63,0.0,20.55,20.55,0.0,31.44,31.44,0.0
2014-04-12,11.54,11.54,0.0,20.9,20.9,0.0,31.74,31.74,0.0
2014-04-13,11.52,11.52,0.0,20.5,20.5,0.0,31.16,31.16,0.0
2014-04-14,12.66,12.66,0.0,21.67,21.67,0.0,33.5,33.5,0.0
2014-04-15,12.71,12.71,0.0,21.01,21.01,0.0,33.05,33.05,0.0
2014-04-16,11.81,11.81,0.0,20.61,20.61,0.0,31.61,31.61,0.0
2014-04-17,12.09,12.09,0.0,21.06,21.06,0.0,32.28,32.28,0.0
2014-04-18,11.76,11.76,0.0,20.63,20.63,0.0,31.55,31.55,0.0
2014-04-19,11.71,11.71,0.0,20.06,20.06,0.0,31.01,31.01,0.0
2014-04-20,11.52,11.52,0.0,19.62,19.62,0.0,30.22,30.22,0.0
2014-04-21,11.22,11.22,0.0,20.0,20.0,0.0,30.52,30.52,0.0
2014-04-22,11.35,11.35,0.0,20.05,20.05,0.0,30.68,30.68,0.0
2014-04-23,11.33,11.33,0.0,19.98,19.98,0.0,30.5,30.5,0.0
2014-04-24,10.93,10.93,0.0,19.12,19.12,0.0,29.32,29.32,0.0
2014-04-25,12.35,12.35,0.0,21.13,21.13,0.0,33.04,33.04,0.0
2014-04-26,12.04,12.04,0.0,20.37,20.37,0.0,31.69,31.69,0.0
2014-04-27,11.34,11.34,0.0,20.47,20.47,0.0,31.36,31.36,0.0
2014-04-28,12.36,12.36,0.0,20.98,20.98,0.0,32.64,32.64,0.0
2014-04-29,13.79,13.79,0.0,22.28,22.28,0.0,35.32,35.32,0.0
2014-04-30,13.59,13.59,0.0,21.68,21.68,0.0,34.64,34.64,0.0
2014-05-01,12.71,12.71,0.0,21.51,21.51,0.0,33.51,33.51,0.0
2014-05-02,12.26,12.26,0.0,21.05,21.05,0.0,32.73,32.73,0.0
2014-05-03,12.39,12.39,0.0,20.84,20.84,0.0,32.43,32.43,0.0
2014-05-04,12.23,12.23,0.0,20.88,20.88,0.0,32.31,32.31,0.0
2014-05-05,12.34,12.34,0.0,20.65,20.65,0.0,32.4,32.4,0.0
2014-05-06,12.01,12.01,0.0,20.25,20.25,0.0,31.64,31.64,0.0
2014-05-07,11.94,11.94,0.0,20.19,20.19,0.0,31.42,31.42,0.0
2014-05-08,11.75,11.75,0.0,20.39,20.39,0.0,31.55,31.55,0.0
2014-05-09,11.75,11.75,0.0,19.75,19.75,0.0,30.85,30.85,0.0
2014-05-10,12.22,12.22,0.0,20.42,20.42,0.0,31.92,31.92,0.0
2014-05-11,11.71,11.71,0.0,19.88,19.88,0.0,30.93,30.93,0.0
2014-05-12,11.95,11.95,0.0,19.79,19.79,0.0,30.9,30.9,0.0
2014-05-13,12.74,12.74,0.0,20.69,20.69,0.0,32.81,32.81,0.0
2014-05-14,13.03,13.03,0.0,21.88,21.88,0.0,34.79,34.79,0.0
2014-05-15,26.3,26.3,0.0,37.01,37.01,0.0,61.77,61.77,0.0
2014-05-16,18.75,18.75,0.0,30.13,30.13,0.0,48.12,48.12,0.0
2014-05-17,15.28,15.28,0.0,26.57,26.57,0.0,41.4,41.4,0.0
2014-05-18,14.8,14.8,0.0,24.66,24.66,0.0,38.62,38.62,0.0
2014-05-19,14.74,14.74,0.0,24.08,24.08,0.0,38.27,38.27,0.0
2014-05-20,14.88,14.88,0.0,25.0,25.0,0.0,39.36,39.36,0.0
2014-05-21,14.07,14.07,0.0,24.49,24.49,0.0,38.14,38.14,0.0
2014-05-22,14.38,14.38,0.0,23.55,23.55,0.0,37.21,37.21,0.0
2014-05-23,14.55,14.55,0.0,23.73,23.73,0.0,37.52,37.52,0.0
2014-05-24,14.25,14.25,0.0,24.19,24.19,0.0,37.7,37.7,0.0
2014-05-25,13.55,13.55,0.0,23.95,23.95,0.0,37.14,37.14,0.0
2014-05-26,13.97,13.97,0.0,23.31,23.31,0.0,36.83,36.83,0.0
2014-05-27,13.9,13.9,0.0,23.2,23.2,0.0,36.5,36.5,0.0
2014-05-28,13.63,13.63,0.0,23.25,23.25,0.0,36.36,36.36,0.0
2014-05-29,13.67,13.67,0.0,24.56,24.56,0.0,38.18,38.18,0.0
2014-05-30,13.11,13.11,0.0,24.05,24.05,0.0,36.63,36.63,0.0
2014-05-31,13.12,13.12,0.0,21.94,21.94,0.0,34.4,34.4,0.0
2014-06-01,13.15,13.15,0.0,22.31,22.31,0.0,34.86,34.86,0.0
2014-06-02,12.69,12.69,0.0,22.69,22.69,0.0,35.02,35.02,0.0
2014-06-03,12.61,12.61,0.0,22.94,22.94,0.0,35.24,35.24,0.0
2014-06-04,12.75,12.75,0.0,22.77,22.77,0.0,35.29,35.29,0.0
2014-06-05,12.57,12.57,0.0,21.67,21.67,0.0,33.61,33.61,0.0
2014-06-06,12.36,12.36,0.0,21.77,21.77,0.0,33.61,33.61,0.0
2014-06-07,12.12,12.12,0.0,21.91,21.91,0.0,33.48,33.48,0.0
2014-06-08,12.16,12.16,0.0,22.55,22.55,0.0,34.66,34.66,0.0
2014-06-09,11.84,11.84,0.0,20.77,20.77,0.0,32.08,32.08,0.0
2014-06-10,11.89,11.89,0.0,20.95,20.95,0.0,32.39,32.39,0.0
2014-06-11,11.72,11.72,0.0,20.96,20.96,0.0,32.32,32.32,0.0
2014-06-12,11.45,11.45,0.0,21.01,21.01,0.0,32.2,32.2,0.0
2014-06-13,11.27,11.27,0.0,20.59,20.59,0.0,31.45,31.45,0.0
2014-06-14,11.17,11.17,0.0,19.6,19.6,0.0,30.22,30.22,0.0
2014-06-15,11.04,11.04,0.0,19.63,19.63,0.0,30.2,30.2,0.0
2014-06-16,10.93,10.93,0.0,19.7,19.7,0.0,30.09,30.09,0.0
2014-06-17,10.59,10.59,0.0,19.08,19.08,0.0,29.23,29.23,0.0
2014-06-18,10.63,10.63,0.0,18.89,18.89,0.0,29.13,29.13,0.0
2014-06-19,10.65,10.65,0.0,19.34,19.34,0.0,29.8,29.8,0.0
2014-06-20,10.43,10.43,0.0,18.77,18.77,0.0,28.83,28.83,0.0
2014-06-21,10.29,10.29,0.0,19.05,19.05,0.0,29.08,29.08,0.0
2014-06-22,10.15,10.15,0.0,18.16,18.16,0.0,27.82,27.82,0.0
2014-06-23,9.99,9.99,0.0,17.71,17.71,0.0,27.26,27.26,0.0
2014-06-24,9.948,9.948,0.0,17.62,17.62,0.0,27.11,27.11,0.0
2014-06-25,9.84,9.84,0.0,17.61,17.61,0.0,27.02,27.02,0.0
2014-06-26,9.516,9.516,0.0,17.15,17.15,0.0,26.18,26.18,0.0
2014-06-27,9.476,9.476,0.0,16.87,16.87,0.0,25.88,25.88,0.0
2014-06-28,9.446,9.446,0.0,17.01,17.01,0.0,26.09,26.09,0.0
2014-06-29,9.394,9.394,0.0,16.8,16.8,0.0,25.81,25.81,0.0
2014-06-30,9.224,9.224,0.0,16.57,16.57,0.0,25.37,25.37,0.0
2014-07-01,8.967,8.967,0.0,15.97,15.97,0.0,24.52,24.52,0.0
2014-07-02,9.009,9.009,0.0,16.33,16.33,0.0,25.14,25.14,0.0
2014-07-03,9.074,9.074,0.0,15.77,15.77,0.0,25.72,25.72,0.0
2014-07-04,8.851,8.851,0.0,15.55,15.55,0.0,24.2,24.2,0.0
2014-07-05,8.686,8.686,0.0,15.4,15.4,0.0,23.75,23.75,0.0
2014-07-06,8.62,8.62,0.0,15.11,15.11,0.0,23.41,23.41,0.0
2014-07-07,8.527,8.527,0.0,14.95,14.95,0.0,23.18,23.18,0.0
2014-07-08,8.579,8.579,0.0,15.1,15.1,0.0,23.6,23.6,0.0
2014-07-09,8.335,8.335,0.0,14.51,14.51,0.0,22.53,22.53,0.0
2014-07-10,8.134,8.134,0.0,14.32,14.32,0.0,22.15,22.15,0.0
2014-07-11,8.073,8.073,0.0,14.18,14.18,0.0,21.95,21.95,0.0
2014-07-12,7.986,7.986,0.0,13.97,13.97,0.0,21.68,21.68,0.0
2014-07-13,8.091,8.091,0.0,14.3,14.3,0.0,22.33,22.33,0.0
2014-07-14,7.886,7.886,0.0,13.8,13.8,0.0,21.49,21.49,0.0
2014-07-15,7.662,7.662,0.0,13.6,13.6,0.0,21.04,21.04,0.0
2014-07-16,7.56,7.56,0.0,13.34,13.34,0.0,20.63,20.63,0.0
2014-07-17,7.5,7.5,0.0,13.1,13.1,0.0,20.31,20.31,0.0
2014-07-18,7.474,7.474,0.0,13.1,13.1,0.0,20.38,20.38,0.0
2014-07-19,7.277,7.277,0.0,12.88,12.88,0.0,19.93,19.93,0.0
2014-07-20,7.185,7.185,0.0,12.66,12.66,0.0,19.57,19.57,0.0
2014-07-21,7.124,7.124,0.0,12.46,12.46,0.0,19.32,19.32,0.0
2014-07-22,7.047,7.047,0.0,12.26,12.26,0.0,19.03,19.03,0.0
2014-07-23,6.993,6.993,0.0,12.26,12.26,0.0,19.06,19.06,0.0
2014-07-24,7.028,7.028,0.0,12.3,12.3,0.0,19.11,19.11,0.0
2014-07-25,6.86,6.86,0.0,11.94,11.94,0.0,18.49,18.49,0.0
2014-07-26,7.325,7.325,0.0,12.91,12.91,0.0,20.4,20.4,0.0
2014-07-27,7.321,7.321,0.0,13.01,13.01,0.0,20.57,20.57,0.0
2014-07-28,7.017,7.017,0.0,12.52,12.52,0.0,19.56,19.56,0.0
2014-07-29,6.777,6.777,0.0,11.87,11.87,0.0,18.36,18.36,0.0
2014-07-30,6.715,6.715,0.0,11.72,11.72,0.0,18.15,18.15,0.0
2014-07-31,6.644,6.644,0.0,11.51,11.51,0.0,17.87,17.87,0.0
2014-08-01,6.553,6.553,0.0,11.37,11.37,0.0,17.65,17.65,0.0
2014-08-02,6.447,6.447,0.0,11.34,11.34,0.0,17.58,17.58,0.0
2014-08-03,6.364,6.364,0.0,11.13,11.13,0.0,17.2,17.2,0.0
2014-08-04,6.306,6.306,0.0,10.99,10.99,0.0,17.01,17.01,0.0
2014-08-05,6.236,6.236,0.0,10.8,10.8,0.0,16.76,16.76,0.0
2014-08-06,6.229,6.229,0.0,10.9,10.9,0.0,16.98,16.98,0.0
2014-08-07,6.019,6.019,0.0,10.56,10.56,0.0,16.32,16.32,0.0
2014-08-08,5.974,5.974,0.0,10.43,10.43,0.0,16.14,16.14,0.0
2014-08-09,5.91,5.91,0.0,10.26,10.26,0.0,15.91,15.91,0.0
2014-08-10,5.839,5.839,0.0,10.13,10.13,0.0,15.71,15.71,0.0
2014-08-11,6.216,6.216,0.0,11.06,11.06,0.0,17.43,17.43,0.0
2014-08-12,6.117,6.117,0.0,10.9,10.9,0.0,17.12,17.12,0.0
2014-08-13,5.898,5.898,0.0,10.38,10.38,0.0,16.19,16.19,0.0
2014-08-14,5.728,5.728,0.0,9.917,9.917,0.0,15.42,15.42,0.0
2014-08-15,5.658,5.658,0.0,9.804,9.804,0.0,15.23,15.23,0.0
2014-08-16,5.591,5.591,0.0,9.686,9.686,0.0,15.05,15.05,0.0
2014-08-17,5.537,5.537,0.0,9.729,9.729,0.0,15.11,15.11,0.0
2014-08-18,5.531,5.531,0.0,9.692,9.692,0.0,15.13,15.13,0.0
2014-08-19,5.46,5.46,0.0,9.524,9.524,0.0,14.85,14.85,0.0
2014-08-20,5.4,5.4,0.0,9.465,9.465,0.0,14.75,14.75,0.0
2014-08-21,5.256,5.256,0.0,9.236,9.236,0.0,14.32,14.32,0.0
2014-08-22,5.298,5.298,0.0,9.385,9.385,0.0,14.65,14.65,0.0
2014-08-23,5.212,5.212,0.0,8.942,8.942,0.0,13.94,13.94,0.0
2014-08-24,5.123,5.123,0.0,8.835,8.835,0.0,13.75,13.75,0.0
2014-08-25,5.061,5.061,0.0,8.727,8.727,0.0,13.58,13.58,0.0
2014-08-26,4.964,4.964,0.0,8.622,8.622,0.0,13.38,13.38,0.0
2014-08-27,4.915,4.915,0.0,8.499,8.499,0.0,13.22,13.22,0.0
2014-08-28,4.861,4.861,0.0,8.382,8.382,0.0,13.05,13.05,0.0
2014-08-29,4.804,4.804,0.0,8.275,8.275,0.0,12.88,12.88,0.0
2014-08-30,4.746,4.746,0.0,8.174,8.174,0.0,12.73,12.73,0.0
2014-08-31,4.832,4.832,0.0,8.499,8.499,0.0,13.36,13.36,0.0
2014-09-01,4.771,4.771,0.0,8.36,8.36,0.0,13.11,13.11,0.0
2014-09-02,4.742,4.742,0.0,8.318,8.318,0.0,13.06,13.06,0.0
2014-09-03,4.558,4.558,0.0,7.88,7.88,0.0,12.26,12.26,0.0
2014-09-04,4.657,4.657,0.0,8.3,8.3,0.0,13.05,13.05,0.0
2014-09-05,4.447,4.447,0.0,7.737,7.737,0.0,12.04,12.04,0.0
2014-09-06,4.571,4.571,0.0,8.097,8.097,0.0,12.73,12.73,0.0
2014-09-07,4.356,4.356,0.0,7.576,7.576,0.0,11.78,11.78,0.0
2014-09-08,4.311,4.311,0.0,7.489,7.489,0.0,11.63,11.63,0.0
2014-09-09,4.23,4.23,0.0,7.383,7.383,0.0,11.47,11.47,0.0
2014-09-10,4.187,4.187,0.0,7.293,7.293,0.0,11.33,11.33,0.0
2014-09-11,4.182,4.182,0.0,7.311,7.311,0.0,11.4,11.4,0.0
2014-09-12,4.092,4.092,0.0,7.113,7.113,0.0,11.05,11.05,0.0
2014-09-13,4.096,4.096,0.0,7.166,7.166,0.0,11.18,11.18,0.0
2014-09-14,3.97,3.97,0.0,6.931,6.931,0.0,10.76,10.76,0.0
2014-09-15,3.96,3.96,0.0,6.927,6.927,0.0,10.79,10.79,0.0
2014-09-16,3.884,3.884,0.0,6.754,6.754,0.0,10.5,10.5,0.0
2014-09-17,3.837,3.837,0.0,6.664,6.664,0.0,10.35,10.35,0.0
2014-09-18,3.772,3.772,0.0,6.58,6.58,0.0,10.22,10.22,0.0
2014-09-19,3.733,3.733,0.0,6.493,6.493,0.0,10.09,10.09,0.0
2014-09-20,3.689,3.689,0.0,6.408,6.408,0.0,9.96,9.96,0.0
2014-09-21,3.731,3.731,0.0,6.562,6.562,0.0,10.26,10.26,0.0
2014-09-22,3.6,3.6,0.0,6.256,6.256,0.0,9.718,9.718,0.0
2014-09-23,3.539,3.539,0.0,6.169,6.169,0.0,9.581,9.581,0.0
2014-09-24,3.5,3.5,0.0,6.093,6.093,0.0,9.465,9.465,0.0
2014-09-25,3.46,3.46,0.0,6.016,6.016,0.0,9.348,9.348,0.0
2014-09-26,3.419,3.419,0.0,5.94,5.94,0.0,9.225,9.225,0.0
2014-09-27,3.364,3.364,0.0,5.862,5.862,0.0,9.103,9.103,0.0
2014-09-28,3.327,3.327,0.0,5.789,5.789,0.0,8.994,8.994,0.0
2014-09-29,3.287,3.287,0.0,5.717,5.717,0.0,8.882,8.882,0.0
2014-09-30,3.339,3.339,0.0,5.893,5.893,0.0,9.226,9.226,0.0
2014-10-01,3.207,3.207,0.0,5.575,5.575,0.0,8.661,8.661,0.0
2014-10-02,3.157,3.157,0.0,5.505,5.505,0.0,8.548,8.548,0.0
2014-10-03,3.145,3.145,0.0,5.499,5.499,0.0,8.559,8.559,0.0
2014-10-04,3.111,3.111,0.0,5.443,5.443,0.0,8.474,8.474,0.0
2014-10-05,3.047,3.047,0.0,5.303,5.303,0.0,8.234,8.234,0.0
2014-10-06,3.338,3.338,0.0,6.005,6.005,0.0,9.529,9.529,0.0
2014-10-07,3.277,3.277,0.0,5.8,5.8,0.0,9.118,9.118,0.0
2014-10-08,3.079,3.079,0.0,5.332,5.332,0.0,8.264,8.264,0.0
2014-10-09,3.055,3.055,0.0,5.304,5.304,0.0,8.229,8.229,0.0
2014-10-10,3.42,3.42,0.0,6.229,6.229,0.0,9.92,9.92,0.0
2014-10-11,3.154,3.154,0.0,5.67,5.67,0.0,8.834,8.834,0.0
2014-10-12,3.128,3.128,0.0,5.508,5.508,0.0,8.538,8.538,0.0
2014-10-13,3.179,3.179,0.0,5.591,5.591,0.0,8.715,8.715,0.0
2014-10-14,4.222,4.222,0.0,7.112,7.112,0.0,11.6,11.6,0.0
2014-10-15,3.923,3.923,0.0,6.932,6.932,0.0,11.01,11.01,0.0
2014-10-16,3.809,3.809,0.0,6.854,6.854,0.0,10.72,10.72,0.0
2014-10-17,3.575,3.575,0.0,6.292,6.292,0.0,9.693,9.693,0.0
2014-10-18,3.601,3.601,0.0,6.435,6.435,0.0,9.934,9.934,0.0
2014-10-19,3.502,3.502,0.0,6.229,6.229,0.0,9.558,9.558,0.0
2014-10-20,3.466,3.466,0.0,6.17,6.17,0.0,9.469,9.469,0.0
2014-10-21,3.621,3.621,0.0,6.838,6.838,0.0,10.56,10.56,0.0
2014-10-22,3.442,3.442,0.0,6.487,6.487,0.0,9.86,9.86,0.0
2014-10-23,3.356,3.356,0.0,6.305,6.305,0.0,9.534,9.534,0.0
2014-10-24,3.314,3.314,0.0,6.239,6.239,0.0,9.429,9.429,0.0
2014-10-25,3.273,3.273,0.0,6.062,6.062,0.0,9.21,9.21,0.0
2014-10-26,3.225,3.225,0.0,6.033,6.033,0.0,9.14,9.14,0.0
2014-10-27,3.187,3.187,0.0,5.99,5.99,0.0,9.061,9.061,0.0
2014-10-28,3.241,3.241,0.0,6.19,6.19,0.0,9.438,9.438,0.0
2014-10-29,3.209,3.209,0.0,6.138,6.138,0.0,9.373,9.373,0.0
2014-10-30,3.072,3.072,0.0,5.833,5.833,0.0,8.807,8.807,0.0
2014-10-31,3.161,3.161,0.0,6.186,6.186,0.0,9.38,9.38,0.0
2014-11-01,3.11,3.11,0.0,6.113,6.113,0.0,9.219,9.219,0.0
2014-11-02,3.023,3.023,0.0,5.927,5.927,0.0,8.883,8.883,0.0
2014-11-03,2.985,2.985,0.0,5.892,5.892,0.0,8.809,8.809,0.0
2014-11-04,2.948,2.948,0.0,5.722,5.722,0.0,8.606,8.606,0.0
2014-11-05,3.018,3.018,0.0,6.07,6.07,0.0,9.157,9.157,0.0
2014-11-06,3.186,3.186,0.0,6.804,6.804,0.0,10.2,10.2,0.0
2014-11-07,2.99,2.99,0.0,6.48,6.48,0.0,9.48,9.48,0.0
2014-11-08,2.929,2.929,0.0,6.386,6.386,0.0,9.292,9.292,0.0
2014-11-09,2.892,2.892,0.0,6.273,6.273,0.0,9.139,9.139,0.0
2014-11-10,2.849,2.849,0.0,5.939,5.939,0.0,8.77,8.77,0.0
2014-11-11,2.818,2.818,0.0,6.037,6.037,0.0,8.836,8.836,0.0
2014-11-12,2.784,2.784,0.0,6.05,6.05,0.0,8.815,8.815,0.0
2014-11-13,2.774,2.774,0.0,6.034,6.034,0.0,8.825,8.825,0.0
2014-11-14,2.744,2.744,0.0,5.831,5.831,0.0,8.596,8.596,0.0
2014-11-15,2.675,2.675,0.0,5.761,5.761,0.0,8.425,8.425,0.0
2014-11-16,2.768,2.768,0.0,6.225,6.225,0.0,9.132,9.132,0.0
2014-11-17,2.996,2.996,0.0,7.139,7.139,0.0,10.24,10.24,0.0
2014-11-18,2.888,2.888,0.0,6.469,6.469,0.0,9.391,9.391,0.0
2014-11-19,2.817,2.817,0.0,6.326,6.326,0.0,9.126,9.126,0.0
2014-11-20,2.773,2.773,0.0,5.955,5.955,0.0,8.712,8.712,0.0
2014-11-21,2.742,2.742,0.0,6.015,6.015,0.0,8.738,8.738,0.0
2014-11-22,2.711,2.711,0.0,6.094,6.094,0.0,8.79,8.79,0.0
2014-11-23,3.189,3.189,0.0,6.704,6.704,0.0,9.827,9.827,0.0
2014-11-24,2.82,2.82,0.0,5.938,5.938,0.0,8.725,8.725,0.0
2014-11-25,3.168,3.168,0.0,6.941,6.941,0.0,10.27,10.27,0.0
2014-11-26,3.328,3.328,0.0,7.427,7.427,0.0,11.15,11.15,0.0
2014-11-27,3.103,3.103,0.0,6.948,6.948,0.0,10.23,10.23,0.0
2014-11-28,3.049,3.049,0.0,6.487,6.487,0.0,9.685,9.685,0.0
2014-11-29,2.959,2.959,0.0,6.447,6.447,0.0,9.518,9.518,0.0
2014-11-30,4.878,4.878,0.0,11.79,11.79,0.0,17.35,17.35,0.0
2014-12-01,3.863,3.863,0.0,8.065,8.065,0.0,12.14,12.14,0.0
2014-12-02,4.219,4.219,0.0,8.525,8.525,0.0,12.86,12.86,0.0
2014-12-03,4.367,4.367,0.0,7.912,7.912,0.0,12.32,12.32,0.0
2014-12-04,4.576,4.576,0.0,8.241,8.241,0.0,12.97,12.97,0.0
2014-12-05,4.511,4.511,0.0,8.567,8.567,0.0,13.4,13.4,0.0
2014-12-06,5.389,5.389,0.0,13.32,13.32,0.0,19.32,19.32,0.0
2014-12-07,4.923,4.923,0.0,9.713,9.713,0.0,14.75,14.75,0.0
2014-12-08,4.921,4.921,0.0,8.935,8.935,0.0,14.06,14.06,0.0
2014-12-09,5.024,5.024,0.0,9.205,9.205,0.0,14.4,14.4,0.0
2014-12-10,4.886,4.886,0.0,9.235,9.235,0.0,14.53,14.53,0.0
2014-12-11,4.89,4.89,0.0,9.125,9.125,0.0,14.15,14.15,0.0
2014-12-12,4.659,4.659,0.0,9.008,9.008,0.0,13.98,13.98,0.0
2014-12-13,4.707,4.707,0.0,8.614,8.614,0.0,13.44,13.44,0.0
2014-12-14,4.598,4.598,0.0,9.054,9.054,0.0,13.92,13.92,0.0
2014-12-15,4.639,4.639,0.0,8.624,8.624,0.0,13.4,13.4,0.0
2014-12-16,4.769,4.769,0.0,10.17,10.17,0.0,15.43,15.43,0.0
2014-12-17,4.812,4.812,0.0,9.263,9.263,0.0,14.34,14.34,0.0
2014-12-18,4.724,4.724,0.0,8.759,8.759,0.0,13.62,13.62,0.0
2014-12-19,4.578,4.578,0.0,8.694,8.694,0.0,13.56,13.56,0.0
2014-12-20,4.646,4.646,0.0,8.868,8.868,0.0,13.67,13.67,0.0
2014-12-21,4.546,4.546,0.0,9.002,9.002,0.0,13.8,13.8,0.0
2014-12-22,4.471,4.471,0.0,8.554,8.554,0.0,13.23,13.23,0.0
2014-12-23,5.368,5.368,0.0,9.908,9.908,0.0,15.47,15.47,0.0
2014-12-24,4.883,4.883,0.0,9.047,9.047,0.0,14.13,14.13,0.0
2014-12-25,5.124,5.124,0.0,9.317,9.317,0.0,14.5,14.5,0.0
2014-12-26,4.908,4.908,0.0,9.498,9.498,0.0,14.62,14.62,0.0
2014-12-27,4.937,4.937,0.0,9.341,9.341,0.0,14.2,14.2,0.0
2014-12-28,4.959,4.959,0.0,9.206,9.206,0.0,14.26,14.26,0.0
2014-12-29,5.028,5.028,0.0,8.998,8.998,0.0,14.08,14.08,0.0
2014-12-30,5.067,5.067,0.0,9.105,9.105,0.0,14.2,14.2,0.0
2014-12-31,4.731,4.731,0.0,9.282,9.282,0.0,13.99,13.99,0.0
2015-01-01,4.738,4.738,0.0,9.138,9.138,0.0,13.92,13.92,0.0
2015-01-02,4.866,4.866,0.0,8.664,8.664,0.0,13.64,13.64,0.0
2015-01-03,6.478,6.478,0.0,14.28,14.28,0.0,21.52,21.52,0.0
2015-01-04,5.549,5.549,0.0,11.42,11.42,0.0,17.44,17.44,0.0
2015-01-05,5.616,5.616,0.0,10.03,10.03,0.0,15.84,15.84,0.0
2015-01-06,5.623,5.623,0.0,9.327,9.327,0.0,15.05,15.05,0.0
2015-01-07,5.215,5.215,0.0,8.92,8.92,0.0,14.1,14.1,0.0
2015-01-08,4.985,4.985,0.0,8.912,8.912,0.0,14.05,14.05,0.0
2015-01-09,5.149,5.149,0.0,8.78,8.78,0.0,14.05,14.05,0.0
2015-01-10,5.033,5.033,0.0,8.809,8.809,0.0,13.93,13.93,0.0
2015-01-11,5.025,5.025,0.0,8.586,8.586,0.0,13.61,13.61,0.0
2015-01-12,4.894,4.894,0.0,8.426,8.426,0.0,13.49,13.49,0.0
2015-01-13,4.91,4.91,0.0,8.287,8.287,0.0,13.28,13.28,0.0
2015-01-14,4.818,4.818,0.0,8.353,8.353,0.0,13.29,13.29,0.0
2015-01-15,4.741,4.741,0.0,8.149,8.149,0.0,12.84,12.84,0.0
2015-01-16,4.646,4.646,0.0,7.888,7.888,0.0,12.6,12.6,0.0
2015-01-17,5.204,5.204,0.0,9.608,9.608,0.0,15.94,15.94,0.0
2015-01-18,5.881,5.881,0.0,8.526,8.526,0.0,14.74,14.74,0.0
2015-01-19,4.587,4.587,0.0,8.038,8.038,0.0,12.71,12.71,0.0
2015-01-20,4.486,4.486,0.0,8.352,8.352,0.0,12.84,12.84,0.0
2015-01-21,4.429,4.429,0.0,8.129,8.129,0.0,12.82,12.82,0.0
2015-01-22,4.41,4.41,0.0,7.582,7.582,0.0,12.08,12.08,0.0
2015-01-23,4.713,4.713,0.0,8.501,8.501,0.0,13.68,13.68,0.0
2015-01-24,4.318,4.318,0.0,7.735,7.735,0.0,12.16,12.16,0.0
2015-01-25,4.58,4.58,0.0,10.31,10.31,0.0,17.02,17.02,0.0
2015-01-26,4.503,4.503,0.0,8.219,8.219,0.0,13.19,13.19,0.0
2015-01-27,4.314,4.314,0.0,7.436,7.436,0.0,12.06,12.06,0.0
2015-01-28,4.214,4.214,0.0,7.335,7.335,0.0,11.8,11.8,0.0
2015-01-29,4.209,4.209,0.0,7.374,7.374,0.0,11.72,11.72,0.0
2015-01-30,4.228,4.228,0.0,7.068,7.068,0.0,11.48,11.48,0.0
2015-01-31,4.03,4.03,0.0,6.953,6.953,0.0,11.18,11.18,0.0
2015-02-01,4.265,4.265,0.0,7.503,7.503,0.0,12.2,12.2,0.0
2015-02-02,4.654,4.654,0.0,8.835,8.835,0.0,15.68,15.68,0.0
2015-02-03,3.949,3.949,0.0,6.82,6.82,0.0,11.1,11.1,0.0
2015-02-04,5.608,5.608,0.0,10.37,10.37,0.0,16.58,16.58,0.0
2015-02-05,3.864,3.864,0.0,6.941,6.941,0.0,11.02,11.02,0.0
2015-02-06,3.825,3.825,0.0,6.747,6.747,0.0,10.73,10.73,0.0
2015-02-07,6.865,6.865,0.0,9.946,9.946,0.0,17.28,17.28,0.0
2015-02-08,11.53,11.53,0.0,33.82,33.82,0.0,42.09,42.09,0.0
2015-02-09,4.415,4.415,0.0,15.87,15.87,0.0,20.54,20.54,0.0
2015-02-10,4.242,4.242,0.0,8.03,8.03,0.0,12.39,12.39,0.0
2015-02-11,4.909,4.909,0.0,7.994,7.994,0.0,12.77,12.77,0.0
2015-02-12,5.114,5.114,0.0,7.764,7.764,0.0,12.8,12.8,0.0
2015-02-13,4.419,4.419,0.0,7.617,7.617,0.0,11.97,11.97,0.0
2015-02-14,4.32,4.32,0.0,7.417,7.417,0.0,11.83,11.83,0.0
2015-02-15,4.393,4.393,0.0,6.631,6.631,0.0,10.92,10.92,0.0
2015-02-16,4.593,4.593,0.0,7.073,7.073,0.0,11.76,11.76,0.0
2015-02-17,4.196,4.196,0.0,6.712,6.712,0.0,10.98,10.98,0.0
2015-02-18,4.4,4.4,0.0,7.06,7.06,0.0,11.48,11.48,0.0
2015-02-19,4.259,4.259,0.0,6.785,6.785,0.0,11.05,11.05,0.0
2015-02-20,4.192,4.192,0.0,6.235,6.235,0.0,10.38,10.38,0.0
2015-02-21,4.486,4.486,0.0,7.193,7.193,0.0,12.05,12.05,0.0
2015-02-22,4.005,4.005,0.0,6.658,6.658,0.0,10.93,10.93,0.0
2015-02-23,3.923,3.923,0.0,6.345,6.345,0.0,10.18,10.18,0.0
2015-02-24,3.972,3.972,0.0,6.127,6.127,0.0,10.03,10.03,0.0
2015-02-25,3.972,3.972,0.0,6.093,6.093,0.0,10.05,10.05,0.0
2015-02-26,3.802,3.802,0.0,6.115,6.115,0.0,9.99,9.99,0.0
2015-02-27,3.747,3.747,0.0,6.042,6.042,0.0,9.749,9.749,0.0
2015-02-28,3.786,3.786,0.0,5.735,5.735,0.0,9.436,9.436,0.0
2015-03-01,3.895,3.895,0.0,6.127,6.127,0.0,10.12,10.12,0.0
2015-03-02,3.822,3.822,0.0,6.06,6.06,0.0,10.06,10.06,0.0
2015-03-03,5.141,5.141,0.0,13.9,13.9,0.0,21.59,21.59,0.0
2015-03-04,19.53,19.53,0.0,73.86,73.86,0.0,101.8,101.8,0.0
2015-03-05,4.681,4.681,0.0,12.38,12.38,0.0,18.34,18.34,0.0
2015-03-06,4.091,4.091,0.0,6.797,6.797,0.0,11.0,11.0,0.0
2015-03-07,4.083,4.083,0.0,6.279,6.279,0.0,10.41,10.41,0.0
2015-03-08,11.34,11.34,0.0,21.82,21.82,0.0,31.39,31.39,0.0
2015-03-09,11.41,11.41,0.0,57.76,57.76,0.0,72.46,72.46,0.0
2015-03-10,14.71,14.71,0.0,107.9,107.9,0.0,124.9,124.9,0.0
2015-03-11,6.303,6.303,0.0,43.65,43.65,0.0,50.88,50.88,0.0
2015-03-12,8.596,8.596,0.0,16.19,16.19,0.0,25.4,25.4,0.0
2015-03-13,14.43,14.43,0.0,24.13,24.13,0.0,37.77,37.77,0.0
2015-03-14,11.14,11.14,0.0,27.9,27.9,0.0,40.88,40.88,0.0
2015-03-15,10.98,10.98,0.0,18.95,18.95,0.0,30.09,30.09,0.0
2015-03-16,10.46,10.46,0.0,17.49,17.49,0.0,28.11,28.11,0.0
2015-03-17,9.932,9.932,0.0,16.78,16.78,0.0,27.37,27.37,0.0
2015-03-18,11.08,11.08,0.0,18.0,18.0,0.0,29.17,29.17,0.0
2015-03-19,12.07,12.07,0.0,20.17,20.17,0.0,32.4,32.4,0.0
2015-03-20,11.28,11.28,0.0,17.89,17.89,0.0,30.14,30.14,0.0
2015-03-21,11.73,11.73,0.0,19.63,19.63,0.0,31.47,31.47,0.0
2015-03-22,10.86,10.86,0.0,20.04,20.04,0.0,31.65,31.65,0.0
2015-03-23,11.21,11.21,0.0,20.14,20.14,0.0,31.76,31.76,0.0
2015-03-24,10.88,10.88,0.0,18.46,18.46,0.0,29.86,29.86,0.0
2015-03-25,10.62,10.62,0.0,19.08,19.08,0.0,30.43,30.43,0.0
2015-03-26,11.4,11.4,0.0,20.01,20.01,0.0,31.73,31.73,0.0
2015-03-27,11.58,11.58,0.0,20.11,20.11,0.0,32.07,32.07,0.0
2015-03-28,10.46,10.46,0.0,20.27,20.27,0.0,31.23,31.23,0.0
2015-03-29,10.57,10.57,0.0,18.23,18.23,0.0,29.37,29.37,0.0
2015-03-30,10.89,10.89,0.0,18.84,18.84,0.0,29.94,29.94,0.0
2015-03-31,10.98,10.98,0.0,19.04,19.04,0.0,30.28,30.28,0.0
2015-04-01,10.69,10.69,0.0,19.34,19.34,0.0,30.27,30.27,0.0
2015-04-02,10.2,10.2,0.0,18.04,18.04,0.0,28.83,28.83,0.0
2015-04-03,11.95,11.95,0.0,20.13,20.13,0.0,32.35,32.35,0.0
2015-04-04,11.53,11.53,0.0,20.7,20.7,0.0,32.62,32.62,0.0
2015-04-05,11.7,11.7,0.0,20.03,20.03,0.0,31.67,31.67,0.0
2015-04-06,11.42,11.42,0.0,20.67,20.67,0.0,32.28,32.28,0.0
2015-04-07,11.05,11.05,0.0,18.87,18.87,0.0,30.27,30.27,0.0
2015-04-08,13.39,13.39,0.0,22.2,22.2,0.0,35.99,35.99,0.0
2015-04-09,13.5,13.5,0.0,23.44,23.44,0.0,37.36,37.36,0.0
2015-04-10,13.4,13.4,0.0,23.11,23.11,0.0,37.07,37.07,0.0
2015-04-11,13.09,13.09,0.0,22.43,22.43,0.0,35.59,35.59,0.0
2015-04-12,11.75,11.75,0.0,20.29,20.29,0.0,32.39,32.39,0.0
2015-04-13,12.91,12.91,0.0,23.04,23.04,0.0,36.78,36.78,0.0
2015-04-14,19.47,19.47,0.0,26.33,26.33,0.0,44.05,44.05,0.0
2015-04-15,14.82,14.82,0.0,24.97,24.97,0.0,40.14,40.14,0.0
2015-04-16,13.63,13.63,0.0,24.49,24.49,0.0,38.8,38.8,0.0
2015-04-17,13.01,13.01,0.0,22.12,22.12,0.0,35.54,35.54,0.0
2015-04-18,13.52,13.52,0.0,23.31,23.31,0.0,37.15,37.15,0.0
2015-04-19,18.47,18.47,0.0,27.42,27.42,0.0,45.33,45.33,0.0
2015-04-20,16.67,16.67,0.0,29.09,29.09,0.0,46.37,46.37,0.0
2015-04-21,15.35,15.35,0.0,27.07,27.07,0.0,42.68,42.68,0.0
2015-04-22,14.04,14.04,0.0,25.07,25.07,0.0,39.82,39.82,0.0
2015-04-23,14.71,14.71,0.0,24.76,24.76,0.0,39.9,39.9,0.0
2015-04-24,14.99,14.99,0.0,25.72,25.72,0.0,41.12,41.12,0.0
2015-04-25,16.77,16.77,0.0,27.1,27.1,0.0,44.14,44.14,0.0
2015-04-26,14.59,14.59,0.0,26.13,26.13,0.0,41.1,41.1,0.0
2015-04-27,14.64,14.64,0.0,24.65,24.65,0.0,39.67,39.67,0.0
2015-04-28,15.02,15.02,0.0,25.59,25.59,0.0,40.87,40.87,0.0
2015-04-29,15.14,15.14,0.0,26.03,26.03,0.0,41.19,41.19,0.0
2015-04-30,15.93,15.93,0.0,26.64,26.64,0.0,42.75,42.75,0.0
2015-05-01,14.16,14.16,0.0,24.91,24.91,0.0,39.55,39.55,0.0
2015-05-02,14.72,14.72,0.0,24.67,24.67,0.0,39.64,39.64,0.0
2015-05-03,14.97,14.97,0.0,25.33,25.33,0.0,40.48,40.48,0.0
2015-05-04,15.0,15.0,0.0,25.54,25.54,0.0,40.46,40.46,0.0
2015-05-05,14.68,14.68,0.0,25.2,25.2,0.0,39.98,39.98,0.0
2015-05-06,13.7,13.7,0.0,23.32,23.32,0.0,37.5,37.5,0.0
2015-05-07,14.27,14.27,0.0,24.06,24.06,0.0,38.53,38.53,0.0
2015-05-08,14.38,14.38,0.0,24.35,24.35,0.0,38.67,38.67,0.0
2015-05-09,14.11,14.11,0.0,23.83,23.83,0.0,38.06,38.06,0.0
2015-05-10,13.29,13.29,0.0,23.1,23.1,0.0,36.61,36.61,0.0
2015-05-11,15.23,15.23,0.0,23.39,23.39,0.0,38.16,38.16,0.0
2015-05-12,14.7,14.7,0.0,23.68,23.68,0.0,38.17,38.17,0.0
2015-05-13,14.68,14.68,0.0,23.77,23.77,0.0,37.98,37.98,0.0
2015-05-14,14.58,14.58,0.0,22.81,22.81,0.0,36.83,36.83,0.0
2015-05-15,13.22,13.22,0.0,22.49,22.49,0.0,35.78,35.78,0.0
2015-05-16,13.82,13.82,0.0,22.49,22.49,0.0,36.2,36.2,0.0
2015-05-17,14.38,14.38,0.0,22.78,22.78,0.0,36.74,36.74,0.0
2015-05-18,14.95,14.95,0.0,23.82,23.82,0.0,38.67,38.67,0.0
2015-05-19,14.55,14.55,0.0,22.82,22.82,0.0,37.03,37.03,0.0
2015-05-20,13.21,13.21,0.0,22.0,22.0,0.0,35.05,35.05,0.0
2015-05-21,13.81,13.81,0.0,22.15,22.15,0.0,35.69,35.69,0.0
2015-05-22,13.86,13.86,0.0,22.29,22.29,0.0,35.79,35.79,0.0
2015-05-23,13.82,13.82,0.0,21.87,21.87,0.0,35.13,35.13,0.0
2015-05-24,12.76,12.76,0.0,21.25,21.25,0.0,33.8,33.8,0.0
2015-05-25,13.07,13.07,0.0,20.92,20.92,0.0,33.65,33.65,0.0
2015-05-26,13.15,13.15,0.0,21.12,21.12,0.0,33.88,33.88,0.0
2015-05-27,13.11,13.11,0.0,21.1,21.1,0.0,33.67,33.67,0.0
2015-05-28,12.33,12.33,0.0,20.37,20.37,0.0,32.46,32.46,0.0
2015-05-29,12.45,12.45,0.0,20.13,20.13,0.0,32.2,32.2,0.0
2015-05-30,12.52,12.52,0.0,19.88,19.88,0.0,31.99,31.99,0.0
2015-05-31,12.54,12.54,0.0,20.09,20.09,0.0,32.28,32.28,0.0
2015-06-01,12.36,12.36,0.0,20.14,20.14,0.0,32.26,32.26,0.0
2015-06-02,11.91,11.91,0.0,19.57,19.57,0.0,31.22,31.22,0.0
2015-06-03,12.05,12.05,0.0,18.86,18.86,0.0,30.39,30.39,0.0
2015-06-04,12.07,12.07,0.0,19.1,19.1,0.0,30.73,30.73,0.0
2015-06-05,12.52,12.52,0.0,19.18,19.18,0.0,30.96,30.96,0.0
2015-06-06,12.12,12.12,0.0,18.74,18.74,0.0,30.06,30.06,0.0
2015-06-07,11.46,11.46,0.0,18.64,18.64,0.0,29.59,29.59,0.0
2015-06-08,11.55,11.55,0.0,18.16,18.16,0.0,29.21,29.21,0.0
2015-06-09,11.57,11.57,0.0,18.09,18.09,0.0,29.04,29.04,0.0
2015-06-10,11.53,11.53,0.0,17.84,17.84,0.0,28.67,28.67,0.0
2015-06-11,11.12,11.12,0.0,17.74,17.74,0.0,28.34,28.34,0.0
2015-06-12,10.82,10.82,0.0,17.1,17.1,0.0,27.38,27.38,0.0
2015-06-13,10.99,10.99,0.0,17.28,17.28,0.0,27.74,27.74,0.0
2015-06-14,10.89,10.89,0.0,16.89,16.89,0.0,27.15,27.15,0.0
2015-06-15,10.88,10.88,0.0,17.01,17.01,0.0,27.28,27.28,0.0
2015-06-16,10.38,10.38,0.0,16.91,16.91,0.0,26.92,26.92,0.0
2015-06-17,11.1,11.1,0.0,18.15,18.15,0.0,29.6,29.6,0.0
2015-06-18,10.59,10.59,0.0,16.78,16.78,0.0,26.99,26.99,0.0
2015-06-19,10.47,10.47,0.0,16.74,16.74,0.0,26.89,26.89,0.0
2015-06-20,10.82,10.82,0.0,17.34,17.34,0.0,27.79,27.79,0.0
2015-06-21,10.17,10.17,0.0,16.52,16.52,0.0,26.16,26.16,0.0
2015-06-22,10.15,10.15,0.0,15.98,15.98,0.0,25.55,25.55,0.0
2015-06-23,10.43,10.43,0.0,17.0,17.0,0.0,27.23,27.23,0.0
2015-06-24,9.949,9.949,0.0,16.15,16.15,0.0,25.56,25.56,0.0
2015-06-25,9.81,9.81,0.0,15.87,15.87,0.0,25.06,25.06,0.0
2015-06-26,13.76,13.76,0.0,18.81,18.81,0.0,31.4,31.4,0.0
2015-06-27,12.18,12.18,0.0,19.71,19.71,0.0,31.84,31.84,0.0
2015-06-28,11.23,11.23,0.0,18.6,18.6,0.0,29.46,29.46,0.0
2015-06-29,10.82,10.82,0.0,17.81,17.81,0.0,28.3,28.3,0.0
2015-06-30,10.41,10.41,0.0,17.8,17.8,0.0,27.87,27.87,0.0
2015-07-01,10.5,10.5,0.0,16.95,16.95,0.0,26.78,26.78,0.0
2015-07-02,10.41,10.41,0.0,17.04,17.04,0.0,26.79,26.79,0.0
2015-07-03,10.2,10.2,0.0,17.02,17.02,0.0,26.74,26.74,0.0
2015-07-04,10.05,10.05,0.0,16.78,16.78,0.0,26.44,26.44,0.0
2015-07-05,10.13,10.13,0.0,16.38,16.38,0.0,25.95,25.95,0.0
2015-07-06,10.33,10.33,0.0,17.23,17.23,0.0,27.34,27.34,0.0
2015-07-07,10.04,10.04,0.0,16.91,16.91,0.0,26.47,26.47,0.0
2015-07-08,9.857,9.857,0.0,16.86,16.86,0.0,26.38,26.38,0.0
2015-07-09,9.644,9.644,0.0,16.91,16.91,0.0,26.34,26.34,0.0
2015-07-10,10.13,10.13,0.0,17.87,17.87,0.0,27.82,27.82,0.0
2015-07-11,9.825,9.825,0.0,17.3,17.3,0.0,26.69,26.69,0.0
2015-07-12,9.709,9.709,0.0,16.85,16.85,0.0,26.06,26.06,0.0
2015-07-13,9.598,9.598,0.0,17.12,17.12,0.0,26.16,26.16,0.0
2015-07-14,9.332,9.332,0.0,16.65,16.65,0.0,25.59,25.59,0.0
2015-07-15,9.393,9.393,0.0,16.83,16.83,0.0,25.8,25.8,0.0
2015-07-16,9.325,9.325,0.0,16.39,16.39,0.0,25.17,25.17,0.0
2015-07-17,9.297,9.297,0.0,16.7,16.7,0.0,25.82,25.82,0.0
2015-07-18,9.127,9.127,0.0,16.39,16.39,0.0,25.4,25.4,0.0
2015-07-19,8.847,8.847,0.0,15.94,15.94,0.0,24.38,24.38,0.0
2015-07-20,8.817,8.817,0.0,15.43,15.43,0.0,23.81,23.81,0.0
2015-07-21,8.741,8.741,0.0,15.56,15.56,0.0,23.87,23.87,0.0
2015-07-22,8.525,8.525,0.0,15.28,15.28,0.0,23.32,23.32,0.0
2015-07-23,8.402,8.402,0.0,15.07,15.07,0.0,23.04,23.04,0.0
2015-07-24,8.392,8.392,0.0,14.85,14.85,0.0,22.79,22.79,0.0
2015-07-25,8.251,8.251,0.0,14.61,14.61,0.0,22.41,22.41,0.0
2015-07-26,8.087,8.087,0.0,14.56,14.56,0.0,22.18,22.18,0.0
2015-07-27,8.069,8.069,0.0,14.1,14.1,0.0,21.71,21.71,0.0
2015-07-28,8.318,8.318,0.0,14.41,14.41,0.0,22.32,22.32,0.0
2015-07-29,8.278,8.278,0.0,14.53,14.53,0.0,22.5,22.5,0.0
2015-07-30,8.015,8.015,0.0,14.19,14.19,0.0,21.8,21.8,0.0
2015-07-31,7.806,7.806,0.0,13.66,13.66,0.0,20.95,20.95,0.0
2015-08-01,7.741,7.741,0.0,13.51,13.51,0.0,20.76,20.76,0.0
2015-08-02,7.699,7.699,0.0,13.32,13.32,0.0,20.5,20.5,0.0
2015-08-03,7.579,7.579,0.0,13.19,13.19,0.0,20.27,20.27,0.0
2015-08-04,7.489,7.489,0.0,13.0,13.0,0.0,19.99,19.99,0.0
2015-08-05,7.298,7.298,0.0,12.72,12.72,0.0,19.54,19.54,0.0
2015-08-06,7.382,7.382,0.0,12.93,12.93,0.0,19.96,19.96,0.0
2015-08-07,7.219,7.219,0.0,12.5,12.5,0.0,19.22,19.22,0.0
2015-08-08,7.244,7.244,0.0,12.83,12.83,0.0,19.81,19.81,0.0
2015-08-09,7.056,7.056,0.0,12.34,12.34,0.0,19.06,19.06,0.0
2015-08-10,7.666,7.666,0.0,13.79,13.79,0.0,21.64,21.64,0.0
2015-08-11,7.223,7.223,0.0,12.61,12.61,0.0,19.48,19.48,0.0
2015-08-12,7.022,7.022,0.0,12.15,12.15,0.0,18.68,18.68,0.0
2015-08-13,6.905,6.905,0.0,12.03,12.03,0.0,18.44,18.44,0.0
2015-08-14,6.747,6.747,0.0,11.7,11.7,0.0,17.97,17.97,0.0
2015-08-15,6.724,6.724,0.0,11.64,11.64,0.0,17.88,17.88,0.0
2015-08-16,6.671,6.671,0.0,11.52,11.52,0.0,17.7,17.7,0.0
2015-08-17,6.556,6.556,0.0,11.38,11.38,0.0,17.47,17.47,0.0
2015-08-18,6.575,6.575,0.0,11.31,11.31,0.0,17.43,17.43,0.0
2015-08-19,6.593,6.593,0.0,11.55,11.55,0.0,17.85,17.85,0.0
2015-08-20,6.45,6.45,0.0,11.17,11.17,0.0,17.18,17.18,0.0
2015-08-21,6.351,6.351,0.0,10.93,10.93,0.0,16.77,16.77,0.0
2015-08-22,6.235,6.235,0.0,10.78,10.78,0.0,16.53,16.53,0.0
2015-08-23,6.169,6.169,0.0,10.64,10.64,0.0,16.33,16.33,0.0
2015-08-24,6.05,6.05,0.0,10.46,10.46,0.0,16.03,16.03,0.0
2015-08-25,6.01,6.01,0.0,10.34,10.34,0.0,15.86,15.86,0.0
2015-08-26,5.931,5.931,0.0,10.21,10.21,0.0,15.67,15.67,0.0
2015-08-27,5.844,5.844,0.0,10.08,10.08,0.0,15.48,15.48,0.0
2015-08-28,5.741,5.741,0.0,9.895,9.895,0.0,15.19,15.19,0.0
2015-08-29,5.701,5.701,0.0,9.791,9.791,0.0,15.03,15.03,0.0
2015-08-30,5.619,5.619,0.0,9.693,9.693,0.0,14.87,14.87,0.0
2015-08-31,5.557,5.557,0.0,9.569,9.569,0.0,14.69,14.69,0.0
2015-09-01,5.499,5.499,0.0,9.453,9.453,0.0,14.5,14.5,0.0
2015-09-02,5.387,5.387,0.0,9.286,9.286,0.0,14.25,14.25,0.0
2015-09-03,5.34,5.34,0.0,9.181,9.181,0.0,14.1,14.1,0.0
2015-09-04,5.27,5.27,0.0,9.079,9.079,0.0,13.93,13.93,0.0
2015-09-05,5.216,5.216,0.0,8.974,8.974,0.0,13.77,13.77,0.0
2015-09-06,5.115,5.115,0.0,8.823,8.823,0.0,13.53,13.53,0.0
2015-09-07,5.064,5.064,0.0,8.72,8.72,0.0,13.38,13.38,0.0
2015-09-08,5.012,5.012,0.0,8.625,8.625,0.0,13.24,13.24,0.0
2015-09-09,5.232,5.232,0.0,9.258,9.258,0.0,14.44,14.44,0.0
2015-09-10,5.399,5.399,0.0,9.166,9.166,0.0,14.43,14.43,0.0
2015-09-11,5.102,5.102,0.0,8.673,8.673,0.0,13.49,13.49,0.0
2015-09-12,5.089,5.089,0.0,8.579,8.579,0.0,13.36,13.36,0.0
2015-09-13,5.082,5.082,0.0,8.703,8.703,0.0,13.57,13.57,0.0
2015-09-14,4.915,4.915,0.0,8.309,8.309,0.0,12.86,12.86,0.0
2015-09-15,4.854,4.854,0.0,8.204,8.204,0.0,12.68,12.68,0.0
2015-09-16,4.759,4.759,0.0,8.067,8.067,0.0,12.48,12.48,0.0
2015-09-17,4.718,4.718,0.0,7.972,7.972,0.0,12.34,12.34,0.0
2015-09-18,4.662,4.662,0.0,7.876,7.876,0.0,12.19,12.19,0.0
2015-09-19,4.611,4.611,0.0,7.786,7.786,0.0,12.05,12.05,0.0
2015-09-20,4.558,4.558,0.0,7.707,7.707,0.0,11.91,11.91,0.0
2015-09-21,4.837,4.837,0.0,8.15,8.15,0.0,12.76,12.76,0.0
2015-09-22,4.602,4.602,0.0,7.756,7.756,0.0,12.0,12.0,0.0
2015-09-23,4.523,4.523,0.0,7.592,7.592,0.0,11.72,11.72,0.0
2015-09-24,4.471,4.471,0.0,7.503,7.503,0.0,11.57,11.57,0.0
2015-09-25,4.477,4.477,0.0,7.494,7.494,0.0,11.6,11.6,0.0
2015-09-26,4.462,4.462,0.0,7.44,7.44,0.0,11.56,11.56,0.0
2015-09-27,4.411,4.411,0.0,7.268,7.268,0.0,11.28,11.28,0.0
2015-09-28,4.449,4.449,0.0,7.315,7.315,0.0,11.41,11.41,0.0
2015-09-29,6.175,6.175,0.0,8.944,8.944,0.0,15.56,15.56,0.0
2015-09-30,4.944,4.944,0.0,7.611,7.611,0.0,12.17,12.17,0.0
2015-10-01,4.896,4.896,0.0,7.585,7.585,0.0,12.15,12.15,0.0
2015-10-02,5.497,5.497,0.0,8.625,8.625,0.0,14.18,14.18,0.0
2015-10-03,5.302,5.302,0.0,8.123,8.123,0.0,13.23,13.23,0.0
2015-10-04,5.192,5.192,0.0,7.837,7.837,0.0,12.74,12.74,0.0
2015-10-05,5.096,5.096,0.0,7.674,7.674,0.0,12.46,12.46,0.0
2015-10-06,4.989,4.989,0.0,7.536,7.536,0.0,12.22,12.22,0.0
2015-10-07,4.957,4.957,0.0,7.467,7.467,0.0,12.12,12.12,0.0
2015-10-08,4.906,4.906,0.0,7.386,7.386,0.0,12.0,12.0,0.0
2015-10-09,5.241,5.241,0.0,8.334,8.334,0.0,13.66,13.66,0.0
2015-10-10,4.916,4.916,0.0,7.573,7.573,0.0,12.25,12.25,0.0
2015-10-11,4.805,4.805,0.0,7.468,7.468,0.0,12.04,12.04,0.0
2015-10-12,4.791,4.791,0.0,7.359,7.359,0.0,11.93,11.93,0.0
2015-10-13,4.735,4.735,0.0,7.279,7.279,0.0,11.79,11.79,0.0
2015-10-14,4.677,4.677,0.0,7.183,7.183,0.0,11.63,11.63,0.0
2015-10-15,4.605,4.605,0.0,7.098,7.098,0.0,11.48,11.48,0.0
2015-10-16,4.518,4.518,0.0,6.974,6.974,0.0,11.27,11.27,0.0
2015-10-17,4.481,4.481,0.0,6.895,6.895,0.0,11.15,11.15,0.0
2015-10-18,4.44,4.44,0.0,6.823,6.823,0.0,11.04,11.04,0.0
2015-10-19,4.377,4.377,0.0,6.751,6.751,0.0,10.92,10.92,0.0
2015-10-20,4.332,4.332,0.0,6.666,6.666,0.0,10.79,10.79,0.0
2015-10-21,4.245,4.245,0.0,6.534,6.534,0.0,10.57,10.57,0.0
2015-10-22,4.203,4.203,0.0,6.48,6.48,0.0,10.48,10.48,0.0
2015-10-23,4.165,4.165,0.0,6.409,6.409,0.0,10.37,10.37,0.0
2015-10-24,4.112,4.112,0.0,6.339,6.339,0.0,10.25,10.25,0.0
2015-10-25,4.068,4.068,0.0,6.261,6.261,0.0,10.13,10.13,0.0
2015-10-26,3.982,3.982,0.0,6.137,6.137,0.0,9.922,9.922,0.0
2015-10-27,4.232,4.232,0.0,6.558,6.558,0.0,10.72,10.72,0.0
2015-10-28,4.716,4.716,0.0,7.163,7.163,0.0,11.79,11.79,0.0
2015-10-29,4.499,4.499,0.0,6.743,6.743,0.0,11.01,11.01,0.0
2015-10-30,4.436,4.436,0.0,6.617,6.617,0.0,10.79,10.79,0.0
2015-10-31,4.438,4.438,0.0,6.566,6.566,0.0,10.72,10.72,0.0
2015-11-01,4.306,4.306,0.0,6.522,6.522,0.0,10.61,10.61,0.0
2015-11-02,4.257,4.257,0.0,6.34,6.34,0.0,10.34,10.34,0.0
2015-11-03,4.238,4.238,0.0,6.288,6.288,0.0,10.26,10.26,0.0
2015-11-04,4.2,4.2,0.0,6.253,6.253,0.0,10.19,10.19,0.0
2015-11-05,4.081,4.081,0.0,6.183,6.183,0.0,10.01,10.01,0.0
2015-11-06,4.058,4.058,0.0,5.999,5.999,0.0,9.801,9.801,0.0
2015-11-07,4.025,4.025,0.0,5.986,5.986,0.0,9.76,9.76,0.0
2015-11-08,3.989,3.989,0.0,5.957,5.957,0.0,9.696,9.696,0.0
2015-11-09,4.763,4.763,0.0,7.104,7.104,0.0,11.78,11.78,0.0
2015-11-10,4.818,4.818,0.0,7.384,7.384,0.0,12.12,12.12,0.0
2015-11-11,4.722,4.722,0.0,7.208,7.208,0.0,11.72,11.72,0.0
2015-11-12,4.641,4.641,0.0,7.313,7.313,0.0,11.8,11.8,0.0
2015-11-13,4.509,4.509,0.0,6.868,6.868,0.0,11.1,11.1,0.0
2015-11-14,4.465,4.465,0.0,6.888,6.888,0.0,11.08,11.08,0.0
2015-11-15,4.43,4.43,0.0,6.698,6.698,0.0,10.85,10.85,0.0
2015-11-16,4.308,4.308,0.0,6.744,6.744,0.0,10.8,10.8,0.0
2015-11-17,4.277,4.277,0.0,6.63,6.63,0.0,10.67,10.67,0.0
2015-11-18,5.166,5.166,0.0,7.711,7.711,0.0,12.68,12.68,0.0
2015-11-19,5.136,5.136,0.0,7.874,7.874,0.0,12.77,12.77,0.0
2015-11-20,5.059,5.059,0.0,7.573,7.573,0.0,12.3,12.3,0.0
2015-11-21,4.936,4.936,0.0,7.326,7.326,0.0,11.85,11.85,0.0
2015-11-22,4.593,4.593,0.0,7.132,7.132,0.0,11.48,11.48,0.0
2015-11-23,4.642,4.642,0.0,7.312,7.312,0.0,11.7,11.7,0.0
2015-11-24,4.69,4.69,0.0,7.252,7.252,0.0,11.66,11.66,0.0
2015-11-25,4.621,4.621,0.0,7.231,7.231,0.0,11.51,11.51,0.0
2015-11-26,4.504,4.504,0.0,6.904,6.904,0.0,11.11,11.11,0.0
2015-11-27,4.525,4.525,0.0,6.889,6.889,0.0,11.12,11.12,0.0
2015-11-28,4.581,4.581,0.0,7.521,7.521,0.0,12.08,12.08,0.0
2015-11-29,4.63,4.63,0.0,7.571,7.571,0.0,12.16,12.16,0.0
2015-11-30,5.196,5.196,0.0,8.183,8.183,0.0,13.26,13.26,0.0
2015-12-01,6.237,6.237,0.0,9.825,9.825,0.0,16.07,16.07,0.0
2015-12-02,6.66,6.66,0.0,10.66,10.66,0.0,17.14,17.14,0.0
2015-12-03,6.58,6.58,0.0,9.993,9.993,0.0,16.19,16.19,0.0
2015-12-04,5.666,5.666,0.0,8.741,8.741,0.0,14.07,14.07,0.0
2015-12-05,6.007,6.007,0.0,8.852,8.852,0.0,14.49,14.49,0.0
2015-12-06,6.027,6.027,0.0,9.256,9.256,0.0,14.97,14.97,0.0
2015-12-07,6.13,6.13,0.0,9.428,9.428,0.0,15.08,15.08,0.0
2015-12-08,5.567,5.567,0.0,8.599,8.599,0.0,13.87,13.87,0.0
2015-12-09,5.751,5.751,0.0,8.63,8.63,0.0,14.05,14.05,0.0
2015-12-10,5.865,5.865,0.0,8.95,8.95,0.0,14.45,14.45,0.0
2015-12-11,5.88,5.88,0.0,9.06,9.06,0.0,14.47,14.47,0.0
2015-12-12,5.731,5.731,0.0,8.67,8.67,0.0,13.98,13.98,0.0
2015-12-13,5.422,5.422,0.0,8.33,8.33,0.0,13.44,13.44,0.0
2015-12-14,5.586,5.586,0.0,8.734,8.734,0.0,14.09,14.09,0.0
2015-12-15,5.64,5.64,0.0,9.031,9.031,0.0,14.44,14.44,0.0
2015-12-16,5.681,5.681,0.0,9.298,9.298,0.0,14.75,14.75,0.0
2015-12-17,6.328,6.328,0.0,10.02,10.02,0.0,16.12,16.12,0.0
2015-12-18,6.39,6.39,0.0,9.566,9.566,0.0,15.69,15.69,0.0
2015-12-19,5.912,5.912,0.0,8.763,8.763,0.0,14.33,14.33,0.0
2015-12-20,5.732,5.732,0.0,9.271,9.271,0.0,14.83,14.83,0.0
2015-12-21,6.271,6.271,0.0,10.01,10.01,0.0,15.92,15.92,0.0
2015-12-22,6.467,6.467,0.0,10.5,10.5,0.0,16.7,16.7,0.0
2015-12-23,7.467,7.467,0.0,11.33,11.33,0.0,18.26,18.26,0.0
2015-12-24,7.686,7.686,0.0,11.65,11.65,0.0,18.83,18.83,0.0
2015-12-25,8.579,8.579,0.0,14.54,14.54,0.0,23.25,23.25,0.0
2015-12-26,7.196,7.196,0.0,12.34,12.34,0.0,19.81,19.81,0.0
2015-12-27,7.548,7.548,0.0,12.8,12.8,0.0,20.41,20.41,0.0
2015-12-28,8.269,8.269,0.0,13.28,13.28,0.0,21.19,21.19,0.0
2015-12-29,8.291,8.291,0.0,13.55,13.55,0.0,21.51,21.51,0.0
2015-12-30,7.665,7.665,0.0,13.28,13.28,0.0,20.94,20.94,0.0
2015-12-31,7.777,7.777,0.0,12.24,12.24,0.0,20.06,20.06,0.0
2016-01-01,7.71,7.71,0.0,12.51,12.51,0.0,19.86,19.86,0.0
2016-01-02,7.863,7.863,0.0,13.03,13.03,0.0,20.6,20.6,0.0
2016-01-03,7.888,7.888,0.0,13.02,13.02,0.0,20.66,20.66,0.0
2016-01-04,7.34,7.34,0.0,12.54,12.54,0.0,20.01,20.01,0.0
2016-01-05,7.26,7.26,0.0,11.87,11.87,0.0,18.91,18.91,0.0
2016-01-06,7.415,7.415,0.0,12.33,12.33,0.0,19.52,19.52,0.0
2016-01-07,7.29,7.29,0.0,12.63,12.63,0.0,19.79,19.79,0.0
2016-01-08,7.108,7.108,0.0,11.88,11.88,0.0,19.01,19.01,0.0
2016-01-09,8.377,8.377,0.0,15.45,15.45,0.0,23.77,23.77,0.0
2016-01-10,8.433,8.433,0.0,13.1,13.1,0.0,21.43,21.43,0.0
2016-01-11,8.123,8.123,0.0,12.31,12.31,0.0,19.93,19.93,0.0
2016-01-12,8.236,8.236,0.0,12.1,12.1,0.0,20.01,20.01,0.0
2016-01-13,7.397,7.397,0.0,11.87,11.87,0.0,19.24,19.24,0.0
2016-01-14,7.597,7.597,0.0,11.77,11.77,0.0,19.29,19.29,0.0
2016-01-15,8.62,8.62,0.0,12.3,12.3,0.0,20.75,20.75,0.0
2016-01-16,7.697,7.697,0.0,12.16,12.16,0.0,19.73,19.73,0.0
2016-01-17,7.333,7.333,0.0,11.36,11.36,0.0,18.66,18.66,0.0
2016-01-18,7.419,7.419,0.0,11.13,11.13,0.0,18.38,18.38,0.0
2016-01-19,7.143,7.143,0.0,11.0,11.0,0.0,17.95,17.95,0.0
2016-01-20,7.414,7.414,0.0,11.34,11.34,0.0,18.67,18.67,0.0
2016-01-21,7.132,7.132,0.0,10.83,10.83,0.0,17.75,17.75,0.0
2016-01-22,7.495,7.495,0.0,12.08,12.08,0.0,20.09,20.09,0.0
2016-01-23,7.018,7.018,0.0,10.97,10.97,0.0,18.23,18.23,0.0
2016-01-24,6.877,6.877,0.0,10.18,10.18,0.0,16.74,16.74,0.0
2016-01-25,6.881,6.881,0.0,10.22,10.22,0.0,16.81,16.81,0.0
2016-01-26,7.916,7.916,0.0,12.71,12.71,0.0,22.32,22.32,0.0
2016-01-27,6.703,6.703,0.0,10.26,10.26,0.0,16.94,16.94,0.0
2016-01-28,6.437,6.437,0.0,9.788,9.788,0.0,15.98,15.98,0.0
2016-01-29,6.563,6.563,0.0,9.882,9.882,0.0,16.3,16.3,0.0
2016-01-30,10.89,10.89,0.0,18.59,18.59,0.0,31.27,31.27,0.0
2016-01-31,12.41,12.41,0.0,41.35,41.35,0.0,51.59,51.59,0.0
2016-02-01,6.949,6.949,0.0,15.92,15.92,0.0,22.84,22.84,0.0
2016-02-02,6.828,6.828,0.0,12.01,12.01,0.0,18.69,18.69,0.0
2016-02-03,11.45,11.45,0.0,13.75,13.75,0.0,23.61,23.61,0.0
2016-02-04,7.97,7.97,0.0,11.5,11.5,0.0,19.15,19.15,0.0
2016-02-05,7.913,7.913,0.0,10.71,10.71,0.0,18.07,18.07,0.0
2016-02-06,6.868,6.868,0.0,10.17,10.17,0.0,16.79,16.79,0.0
2016-02-07,7.135,7.135,0.0,10.68,10.68,0.0,17.57,17.57,0.0
2016-02-08,7.448,7.448,0.0,11.52,11.52,0.0,18.75,18.75,0.0
2016-02-09,7.261,7.261,0.0,11.54,11.54,0.0,18.78,18.78,0.0
2016-02-10,7.264,7.264,0.0,10.58,10.58,0.0,17.59,17.59,0.0
2016-02-11,6.89,6.89,0.0,10.39,10.39,0.0,17.12,17.12,0.0
2016-02-12,6.987,6.987,0.0,10.81,10.81,0.0,17.6,17.6,0.0
2016-02-13,6.821,6.821,0.0,10.71,10.71,0.0,17.41,17.41,0.0
2016-02-14,6.799,6.799,0.0,10.29,10.29,0.0,16.9,16.9,0.0
2016-02-15,6.985,6.985,0.0,10.86,10.86,0.0,18.13,18.13,0.0
2016-02-16,7.038,7.038,0.0,11.33,11.33,0.0,18.77,18.77,0.0
2016-02-17,6.778,6.778,0.0,10.63,10.63,0.0,17.54,17.54,0.0
2016-02-18,6.493,6.493,0.0,10.08,10.08,0.0,16.48,16.48,0.0
2016-02-19,9.119,9.119,0.0,19.05,19.05,0.0,30.48,30.48,0.0
2016-02-20,20.07,20.07,0.0,41.06,41.06,0.0,58.36,58.36,0.0
2016-02-21,11.09,11.09,0.0,22.02,22.02,0.0,32.46,32.46,0.0
2016-02-22,9.48,9.48,0.0,14.94,14.94,0.0,23.97,23.97,0.0
2016-02-23,9.85,9.85,0.0,14.79,14.79,0.0,24.2,24.2,0.0
2016-02-24,13.9,13.9,0.0,19.41,19.41,0.0,31.87,31.87,0.0
2016-02-25,10.57,10.57,0.0,17.8,17.8,0.0,27.85,27.85,0.0
2016-02-26,9.001,9.001,0.0,14.74,14.74,0.0,23.55,23.55,0.0
2016-02-27,8.719,8.719,0.0,13.88,13.88,0.0,22.71,22.71,0.0
2016-02-28,10.85,10.85,0.0,16.66,16.66,0.0,26.79,26.79,0.0
2016-02-29,11.22,11.22,0.0,17.46,17.46,0.0,27.99,27.99,0.0
2016-03-01,11.85,11.85,0.0,18.85,18.85,0.0,29.87,29.87,0.0
2016-03-02,11.09,11.09,0.0,15.93,15.93,0.0,26.23,26.23,0.0
2016-03-03,10.93,10.93,0.0,16.97,16.97,0.0,27.44,27.44,0.0
2016-03-04,10.46,10.46,0.0,17.29,17.29,0.0,27.57,27.57,0.0
2016-03-05,10.57,10.57,0.0,17.71,17.71,0.0,27.75,27.75,0.0
2016-03-06,10.33,10.33,0.0,16.14,16.14,0.0,25.9,25.9,0.0
2016-03-07,10.94,10.94,0.0,17.36,17.36,0.0,27.57,27.57,0.0
2016-03-08,10.71,10.71,0.0,18.66,18.66,0.0,28.84,28.84,0.0
2016-03-09,10.91,10.91,0.0,18.64,18.64,0.0,28.62,28.62,0.0
2016-03-10,10.55,10.55,0.0,17.98,17.98,0.0,27.82,27.82,0.0
2016-03-11,10.17,10.17,0.0,17.15,17.15,0.0,26.88,26.88,0.0
2016-03-12,10.16,10.16,0.0,18.2,18.2,0.0,28.02,28.02,0.0
2016-03-13,10.86,10.86,0.0,19.23,19.23,0.0,29.87,29.87,0.0
2016-03-14,11.19,11.19,0.0,19.53,19.53,0.0,30.04,30.04,0.0
2016-03-15,10.76,10.76,0.0,18.77,18.77,0.0,28.73,28.73,0.0
2016-03-16,10.31,10.31,0.0,17.77,17.77,0.0,27.59,27.59,0.0
2016-03-17,10.29,10.29,0.0,18.53,18.53,0.0,28.39,28.39,0.0
2016-03-18,10.56,10.56,0.0,18.5,18.5,0.0,28.56,28.56,0.0
2016-03-19,10.87,10.87,0.0,19.38,19.38,0.0,30.02,30.02,0.0
2016-03-20,10.7,10.7,0.0,18.09,18.09,0.0,28.31,28.31,0.0
2016-03-21,9.97,9.97,0.0,18.0,18.0,0.0,27.62,27.62,0.0
2016-03-22,10.31,10.31,0.0,18.47,18.47,0.0,28.32,28.32,0.0
2016-03-23,10.41,10.41,0.0,18.46,18.46,0.0,28.29,28.29,0.0
2016-03-24,10.42,10.42,0.0,19.02,19.02,0.0,28.91,28.91,0.0
2016-03-25,9.902,9.902,0.0,18.03,18.03,0.0,27.56,27.56,0.0
2016-03-26,9.884,9.884,0.0,17.99,17.99,0.0,27.52,27.52,0.0
2016-03-27,10.55,10.55,0.0,18.84,18.84,0.0,29.1,29.1,0.0
2016-03-28,10.66,10.66,0.0,18.85,18.85,0.0,28.98,28.98,0.0
2016-03-29,10.18,10.18,0.0,18.9,18.9,0.0,28.74,28.74,0.0
2016-03-30,9.839,9.839,0.0,17.41,17.41,0.0,26.72,26.72,0.0
2016-03-31,9.834,9.834,0.0,18.02,18.02,0.0,27.42,27.42,0.0
2016-04-01,10.01,10.01,0.0,18.02,18.02,0.0,27.55,27.55,0.0
2016-04-02,10.23,10.23,0.0,18.25,18.25,0.0,28.04,28.04,0.0
2016-04-03,9.826,9.826,0.0,17.41,17.41,0.0,26.6,26.6,0.0
2016-04-04,9.483,9.483,0.0,17.65,17.65,0.0,27.0,27.0,0.0
2016-04-05,9.663,9.663,0.0,17.6,17.6,0.0,26.92,26.92,0.0
2016-04-06,9.949,9.949,0.0,17.96,17.96,0.0,27.51,27.51,0.0
2016-04-07,10.57,10.57,0.0,18.78,18.78,0.0,29.11,29.11,0.0
2016-04-08,10.38,10.38,0.0,18.5,18.5,0.0,28.32,28.32,0.0
2016-04-09,9.626,9.626,0.0,17.4,17.4,0.0,26.76,26.76,0.0
2016-04-10,9.659,9.659,0.0,17.84,17.84,0.0,27.22,27.22,0.0
2016-04-11,9.951,9.951,0.0,18.64,18.64,0.0,28.29,28.29,0.0
2016-04-12,9.942,9.942,0.0,18.61,18.61,0.0,28.06,28.06,0.0
2016-04-13,9.619,9.619,0.0,17.43,17.43,0.0,26.45,26.45,0.0
2016-04-14,9.137,9.137,0.0,17.26,17.26,0.0,26.14,26.14,0.0
2016-04-15,9.354,9.354,0.0,17.42,17.42,0.0,26.41,26.41,0.0
2016-04-16,9.405,9.405,0.0,17.58,17.58,0.0,26.52,26.52,0.0
2016-04-17,9.143,9.143,0.0,16.89,16.89,0.0,25.59,25.59,0.0
2016-04-18,8.763,8.763,0.0,16.74,16.74,0.0,25.17,25.17,0.0
2016-04-19,8.924,8.924,0.0,16.44,16.44,0.0,24.97,24.97,0.0
2016-04-20,8.95,8.95,0.0,16.63,16.63,0.0,25.17,25.17,0.0
2016-04-21,8.907,8.907,0.0,16.42,16.42,0.0,24.75,24.75,0.0
2016-04-22,8.85,8.85,0.0,16.49,16.49,0.0,25.0,25.0,0.0
2016-04-23,8.384,8.384,0.0,16.01,16.01,0.0,24.13,24.13,0.0
2016-04-24,8.526,8.526,0.0,16.04,16.04,0.0,24.2,24.2,0.0
2016-04-25,8.544,8.544,0.0,16.11,16.11,0.0,24.25,24.25,0.0
2016-04-26,9.026,9.026,0.0,16.86,16.86,0.0,25.47,25.47,0.0
2016-04-27,9.319,9.319,0.0,17.01,17.01,0.0,25.72,25.72,0.0
2016-04-28,9.91,9.91,0.0,17.89,17.89,0.0,27.7,27.7,0.0
2016-04-29,9.117,9.117,0.0,16.59,16.59,0.0,25.62,25.62,0.0
2016-04-30,10.43,10.43,0.0,17.89,17.89,0.0,27.97,27.97,0.0
2016-05-01,11.38,11.38,0.0,19.14,19.14,0.0,30.21,30.21,0.0
2016-05-02,10.49,10.49,0.0,19.19,19.19,0.0,29.35,29.35,0.0
2016-05-03,10.78,10.78,0.0,19.33,19.33,0.0,29.63,29.63,0.0
2016-05-04,11.19,11.19,0.0,17.88,17.88,0.0,28.56,28.56,0.0
2016-05-05,13.71,13.71,0.0,20.45,20.45,0.0,33.2,33.2,0.0
2016-05-06,11.88,11.88,0.0,20.64,20.64,0.0,32.45,32.45,0.0
2016-05-07,11.1,11.1,0.0,20.5,20.5,0.0,31.58,31.58,0.0
2016-05-08,11.49,11.49,0.0,20.09,20.09,0.0,31.14,31.14,0.0
2016-05-09,11.91,11.91,0.0,21.46,21.46,0.0,33.48,33.48,0.0
2016-05-10,12.0,12.0,0.0,19.9,19.9,0.0,31.82,31.82,0.0
2016-05-11,12.05,12.05,0.0,20.12,20.12,0.0,31.59,31.59,0.0
2016-05-12,11.59,11.59,0.0,20.67,20.67,0.0,32.35,32.35,0.0
2016-05-13,11.77,11.77,0.0,20.58,20.58,0.0,32.24,32.24,0.0
2016-05-14,12.42,12.42,0.0,21.03,21.03,0.0,33.52,33.52,0.0
2016-05-15,11.68,11.68,0.0,20.44,20.44,0.0,32.28,32.28,0.0
2016-05-16,11.67,11.67,0.0,20.42,20.42,0.0,31.76,31.76,0.0
2016-05-17,12.09,12.09,0.0,21.05,21.05,0.0,33.11,33.11,0.0
2016-05-18,12.11,12.11,0.0,21.38,21.38,0.0,33.55,33.55,0.0
2016-05-19,11.79,11.79,0.0,20.22,20.22,0.0,32.03,32.03,0.0
2016-05-20,13.68,13.68,0.0,22.02,22.02,0.0,35.64,35.64,0.0
2016-05-21,13.92,13.92,0.0,22.93,22.93,0.0,36.97,36.97,0.0
2016-05-22,12.88,12.88,0.0,23.07,23.07,0.0,35.92,35.92,0.0
2016-05-23,12.66,12.66,0.0,22.71,22.71,0.0,35.28,35.28,0.0
2016-05-24,12.31,12.31,0.0,21.45,21.45,0.0,33.92,33.92,0.0
2016-05-25,12.54,12.54,0.0,21.82,21.82,0.0,34.43,34.43,0.0
2016-05-26,12.09,12.09,0.0,21.78,21.78,0.0,33.82,33.82,0.0
2016-05-27,11.91,11.91,0.0,21.54,21.54,0.0,33.63,33.63,0.0
2016-05-28,11.86,11.86,0.0,20.77,20.77,0.0,32.72,32.72,0.0
2016-05-29,11.86,11.86,0.0,20.72,20.72,0.0,32.76,32.76,0.0
2016-05-30,11.93,11.93,0.0,20.53,20.53,0.0,32.39,32.39,0.0
2016-05-31,11.43,11.43,0.0,20.5,20.5,0.0,31.95,31.95,0.0
2016-06-01,11.44,11.44,0.0,20.32,20.32,0.0,31.73,31.73,0.0
2016-06-02,12.75,12.75,0.0,20.75,20.75,0.0,34.23,34.23,0.0
2016-06-03,12.15,12.15,0.0,20.61,20.61,0.0,33.48,33.48,0.0
2016-06-04,13.23,13.23,0.0,20.34,20.34,0.0,33.43,33.43,0.0
2016-06-05,13.06,13.06,0.0,21.22,21.22,0.0,34.83,34.83,0.0
2016-06-06,11.88,11.88,0.0,20.5,20.5,0.0,32.6,32.6,0.0
2016-06-07,11.93,11.93,0.0,19.65,19.65,0.0,31.87,31.87,0.0
2016-06-08,12.07,12.07,0.0,19.54,19.54,0.0,31.81,31.81,0.0
2016-06-09,11.61,11.61,0.0,19.75,19.75,0.0,31.42,31.42,0.0
2016-06-10,11.54,11.54,0.0,19.32,19.32,0.0,31.03,31.03,0.0
2016-06-11,11.5,11.5,0.0,18.64,18.64,0.0,30.24,30.24,0.0
2016-06-12,11.19,11.19,0.0,18.52,18.52,0.0,29.86,29.86,0.0
2016-06-13,11.22,11.22,0.0,18.5,18.5,0.0,29.69,29.69,0.0
2016-06-14,10.74,10.74,0.0,18.28,18.28,0.0,29.18,29.18,0.0
2016-06-15,10.74,10.74,0.0,17.82,17.82,0.0,28.72,28.72,0.0
2016-06-16,11.3,11.3,0.0,19.49,19.49,0.0,31.63,31.63,0.0
2016-06-17,10.65,10.65,0.0,17.86,17.86,0.0,28.76,28.76,0.0
2016-06-18,10.4,10.4,0.0,17.46,17.46,0.0,28.03,28.03,0.0
2016-06-19,10.25,10.25,0.0,17.04,17.04,0.0,27.49,27.49,0.0
2016-06-20,10.38,10.38,0.0,17.59,17.59,0.0,28.37,28.37,0.0
2016-06-21,10.5,10.5,0.0,17.91,17.91,0.0,28.98,28.98,0.0
2016-06-22,11.07,11.07,0.0,19.8,19.8,0.0,32.51,32.51,0.0
2016-06-23,11.66,11.66,0.0,20.49,20.49,0.0,33.79,33.79,0.0
2016-06-24,10.84,10.84,0.0,19.92,19.92,0.0,32.22,32.22,0.0
2016-06-25,10.37,10.37,0.0,18.89,18.89,0.0,30.23,30.23,0.0
2016-06-26,10.39,10.39,0.0,18.82,18.82,0.0,30.1,30.1,0.0
2016-06-27,10.39,10.39,0.0,18.01,18.01,0.0,29.14,29.14,0.0
2016-06-28,10.2,10.2,0.0,17.97,17.97,0.0,28.76,28.76,0.0
2016-06-29,9.804,9.804,0.0,17.75,17.75,0.0,28.33,28.33,0.0
2016-06-30,9.804,9.804,0.0,17.31,17.31,0.0,27.88,27.88,0.0
2016-07-01,9.716,9.716,0.0,17.13,17.13,0.0,27.56,27.56,0.0
2016-07-02,9.659,9.659,0.0,17.15,17.15,0.0,27.49,27.49,0.0
2016-07-03,9.376,9.376,0.0,16.85,16.85,0.0,26.85,26.85,0.0
2016-07-04,10.54,10.54,0.0,18.56,18.56,0.0,30.24,30.24,0.0
2016-07-05,9.67,9.67,0.0,17.14,17.14,0.0,27.58,27.58,0.0
2016-07-06,9.47,9.47,0.0,16.74,16.74,0.0,26.88,26.88,0.0
2016-07-07,9.366,9.366,0.0,16.48,16.48,0.0,26.34,26.34,0.0
2016-07-08,9.099,9.099,0.0,16.37,16.37,0.0,26.07,26.07,0.0
2016-07-09,9.005,9.005,0.0,15.86,15.86,0.0,25.45,25.45,0.0
2016-07-10,8.924,8.924,0.0,15.71,15.71,0.0,25.22,25.22,0.0
2016-07-11,8.87,8.87,0.0,15.61,15.61,0.0,25.03,25.03,0.0
2016-07-12,8.817,8.817,0.0,15.67,15.67,0.0,25.01,25.01,0.0
2016-07-13,8.491,8.491,0.0,15.19,15.19,0.0,24.31,24.31,0.0
2016-07-14,8.452,8.452,0.0,15.02,15.02,0.0,23.99,23.99,0.0
2016-07-15,8.405,8.405,0.0,14.78,14.78,0.0,23.69,23.69,0.0
2016-07-16,8.312,8.312,0.0,14.63,14.63,0.0,23.37,23.37,0.0
2016-07-17,8.053,8.053,0.0,14.38,14.38,0.0,22.92,22.92,0.0
2016-07-18,8.093,8.093,0.0,14.32,14.32,0.0,22.99,22.99,0.0
2016-07-19,7.975,7.975,0.0,13.91,13.91,0.0,22.36,22.36,0.0
2016-07-20,7.881,7.881,0.0,13.83,13.83,0.0,22.18,22.18,0.0
2016-07-21,7.768,7.768,0.0,13.63,13.63,0.0,21.77,21.77,0.0
2016-07-22,7.552,7.552,0.0,13.41,13.41,0.0,21.43,21.43,0.0
2016-07-23,7.528,7.528,0.0,13.23,13.23,0.0,21.2,21.2,0.0
2016-07-24,7.453,7.453,0.0,13.09,13.09,0.0,20.99,20.99,0.0
2016-07-25,7.388,7.388,0.0,13.05,13.05,0.0,20.88,20.88,0.0
2016-07-26,7.424,7.424,0.0,12.75,12.75,0.0,20.47,20.47,0.0
2016-07-27,7.31,7.31,0.0,12.61,12.61,0.0,20.24,20.24,0.0
2016-07-28,7.916,7.916,0.0,14.52,14.52,0.0,23.71,23.71,0.0
2016-07-29,7.227,7.227,0.0,12.7,12.7,0.0,20.37,20.37,0.0
2016-07-30,7.247,7.247,0.0,12.69,12.69,0.0,20.37,20.37,0.0
2016-07-31,7.184,7.184,0.0,12.76,12.76,0.0,20.58,20.58,0.0
2016-08-01,6.976,6.976,0.0,12.2,12.2,0.0,19.58,19.58,0.0
2016-08-02,6.923,6.923,0.0,12.06,12.06,0.0,19.36,19.36,0.0
2016-08-03,6.835,6.835,0.0,11.93,11.93,0.0,19.1,19.1,0.0
2016-08-04,6.753,6.753,0.0,11.74,11.74,0.0,18.81,18.81,0.0
2016-08-05,6.692,6.692,0.0,11.81,11.81,0.0,19.0,19.0,0.0
2016-08-06,6.62,6.62,0.0,11.61,11.61,0.0,18.67,18.67,0.0
2016-08-07,6.488,6.488,0.0,11.33,11.33,0.0,18.18,18.18,0.0
2016-08-08,6.423,6.423,0.0,11.19,11.19,0.0,17.92,17.92,0.0
2016-08-09,6.344,6.344,0.0,11.01,11.01,0.0,17.65,17.65,0.0
2016-08-10,6.275,6.275,0.0,11.05,11.05,0.0,17.76,17.76,0.0
2016-08-11,6.227,6.227,0.0,10.93,10.93,0.0,17.58,17.58,0.0
2016-08-12,6.089,6.089,0.0,10.62,10.62,0.0,17.04,17.04,0.0
2016-08-13,6.083,6.083,0.0,10.61,10.61,0.0,17.03,17.03,0.0
2016-08-14,5.937,5.937,0.0,10.45,10.45,0.0,16.77,16.77,0.0
2016-08-15,5.95,5.95,0.0,10.49,10.49,0.0,16.89,16.89,0.0
2016-08-16,5.899,5.899,0.0,10.37,10.37,0.0,16.72,16.72,0.0
2016-08-17,6.053,6.053,0.0,10.63,10.63,0.0,17.23,17.23,0.0
2016-08-18,5.783,5.783,0.0,10.02,10.02,0.0,16.11,16.11,0.0
2016-08-19,5.636,5.636,0.0,9.832,9.832,0.0,15.77,15.77,0.0
2016-08-20,5.587,5.587,0.0,9.723,9.723,0.0,15.6,15.6,0.0
2016-08-21,5.635,5.635,0.0,9.861,9.861,0.0,15.9,15.9,0.0
2016-08-22,5.476,5.476,0.0,9.477,9.477,0.0,15.2,15.2,0.0
2016-08-23,5.405,5.405,0.0,9.338,9.338,0.0,15.0,15.0,0.0
2016-08-24,5.289,5.289,0.0,9.23,9.23,0.0,14.81,14.81,0.0
2016-08-25,5.392,5.392,0.0,9.512,9.512,0.0,15.36,15.36,0.0
2016-08-26,5.195,5.195,0.0,9.01,9.01,0.0,14.47,14.47,0.0
2016-08-27,5.13,5.13,0.0,8.866,8.866,0.0,14.22,14.22,0.0
2016-08-28,5.029,5.029,0.0,8.762,8.762,0.0,14.05,14.05,0.0
2016-08-29,4.983,4.983,0.0,8.656,8.656,0.0,13.89,13.89,0.0
2016-08-30,4.932,4.932,0.0,8.537,8.537,0.0,13.71,13.71,0.0
2016-08-31,4.898,4.898,0.0,8.486,8.486,0.0,13.63,13.63,0.0
2016-09-01,4.816,4.816,0.0,8.32,8.32,0.0,13.36,13.36,0.0
2016-09-02,4.715,4.715,0.0,8.216,8.216,0.0,13.18,13.18,0.0
2016-09-03,4.676,4.676,0.0,8.109,8.109,0.0,13.01,13.01,0.0
2016-09-04,4.624,4.624,0.0,7.992,7.992,0.0,12.84,12.84,0.0
2016-09-05,4.57,4.57,0.0,7.895,7.895,0.0,12.67,12.67,0.0
2016-09-06,4.514,4.514,0.0,7.797,7.797,0.0,12.52,12.52,0.0
2016-09-07,4.424,4.424,0.0,7.698,7.698,0.0,12.35,12.35,0.0
2016-09-08,4.383,4.383,0.0,7.587,7.587,0.0,12.18,12.18,0.0
2016-09-09,4.335,4.335,0.0,7.495,7.495,0.0,12.02,12.02,0.0
2016-09-10,4.284,4.284,0.0,7.401,7.401,0.0,11.88,11.88,0.0
2016-09-11,4.204,4.204,0.0,7.307,7.307,0.0,11.72,11.72,0.0
2016-09-12,4.165,4.165,0.0,7.207,7.207,0.0,11.57,11.57,0.0
2016-09-13,4.119,4.119,0.0,7.114,7.114,0.0,11.43,11.43,0.0
2016-09-14,4.07,4.07,0.0,7.026,7.026,0.0,11.27,11.27,0.0
2016-09-15,4.02,4.02,0.0,6.937,6.937,0.0,11.14,11.14,0.0
2016-09-16,3.944,3.944,0.0,6.848,6.848,0.0,10.99,10.99,0.0
2016-09-17,3.907,3.907,0.0,6.753,6.753,0.0,10.85,10.85,0.0
2016-09-18,3.978,3.978,0.0,6.905,6.905,0.0,11.14,11.14,0.0
2016-09-19,3.913,3.913,0.0,6.749,6.749,0.0,10.88,10.88,0.0
2016-09-20,3.796,3.796,0.0,6.538,6.538,0.0,10.5,10.5,0.0
2016-09-21,3.757,3.757,0.0,6.449,6.449,0.0,10.37,10.37,0.0
2016-09-22,3.716,3.716,0.0,6.366,6.366,0.0,10.24,10.24,0.0
2016-09-23,3.672,3.672,0.0,6.287,6.287,0.0,10.1,10.1,0.0
2016-09-24,3.627,3.627,0.0,6.207,6.207,0.0,9.978,9.978,0.0
2016-09-25,3.561,3.561,0.0,6.129,6.129,0.0,9.845,9.845,0.0
2016-09-26,3.817,3.817,0.0,6.598,6.598,0.0,10.77,10.77,0.0
2016-09-27,3.567,3.567,0.0,6.044,6.044,0.0,9.737,9.737,0.0
2016-09-28,3.786,3.786,0.0,6.425,6.425,0.0,10.53,10.53,0.0
2016-09-29,8.305,8.305,0.0,11.01,11.01,0.0,18.33,18.33,0.0
2016-09-30,5.269,5.269,0.0,8.071,8.071,0.0,13.34,13.34,0.0
2016-10-01,4.805,4.805,0.0,7.414,7.414,0.0,12.09,12.09,0.0
2016-10-02,4.701,4.701,0.0,7.277,7.277,0.0,11.84,11.84,0.0
2016-10-03,4.664,4.664,0.0,7.188,7.188,0.0,11.7,11.7,0.0
2016-10-04,4.613,4.613,0.0,7.103,7.103,0.0,11.57,11.57,0.0
2016-10-05,4.562,4.562,0.0,6.974,6.974,0.0,11.39,11.39,0.0
2016-10-06,4.514,4.514,0.0,6.907,6.907,0.0,11.27,11.27,0.0
2016-10-07,5.155,5.155,0.0,7.861,7.861,0.0,12.96,12.96,0.0
2016-10-08,5.585,5.585,0.0,8.688,8.688,0.0,14.31,14.31,0.0
2016-10-09,5.28,5.28,0.0,7.927,7.927,0.0,12.88,12.88,0.0
2016-10-10,5.231,5.231,0.0,7.858,7.858,0.0,12.76,12.76,0.0
2016-10-11,5.063,5.063,0.0,7.78,7.78,0.0,12.56,12.56,0.0
2016-10-12,5.005,5.005,0.0,7.473,7.473,0.0,12.21,12.21,0.0
2016-10-13,4.983,4.983,0.0,7.489,7.489,0.0,12.22,12.22,0.0
2016-10-14,4.87,4.87,0.0,7.425,7.425,0.0,12.05,12.05,0.0
2016-10-15,4.849,4.849,0.0,7.372,7.372,0.0,11.94,11.94,0.0
2016-10-16,4.774,4.774,0.0,7.152,7.152,0.0,11.66,11.66,0.0
2016-10-17,4.721,4.721,0.0,7.082,7.082,0.0,11.54,11.54,0.0
2016-10-18,4.629,4.629,0.0,7.058,7.058,0.0,11.45,11.45,0.0
2016-10-19,4.589,4.589,0.0,7.004,7.004,0.0,11.35,11.35,0.0
2016-10-20,4.603,4.603,0.0,7.068,7.068,0.0,11.48,11.48,0.0
2016-10-21,4.699,4.699,0.0,7.345,7.345,0.0,12.03,12.03,0.0
2016-10-22,4.492,4.492,0.0,7.025,7.025,0.0,11.33,11.33,0.0
2016-10-23,4.34,4.34,0.0,6.855,6.855,0.0,10.98,10.98,0.0
2016-10-24,4.319,4.319,0.0,6.723,6.723,0.0,10.81,10.81,0.0
2016-10-25,4.276,4.276,0.0,6.569,6.569,0.0,10.59,10.59,0.0
2016-10-26,4.233,4.233,0.0,6.561,6.561,0.0,10.55,10.55,0.0
2016-10-27,4.175,4.175,0.0,6.523,6.523,0.0,10.46,10.46,0.0
2016-10-28,4.078,4.078,0.0,6.46,6.46,0.0,10.33,10.33,0.0
2016-10-29,4.052,4.052,0.0,6.328,6.328,0.0,10.15,10.15,0.0
2016-10-30,4.177,4.177,0.0,6.734,6.734,0.0,10.89,10.89,0.0
2016-10-31,3.967,3.967,0.0,6.311,6.311,0.0,10.06,10.06,0.0
2016-11-01,3.923,3.923,0.0,6.284,6.284,0.0,9.989,9.989,0.0
2016-11-02,3.842,3.842,0.0,6.218,6.218,0.0,9.862,9.862,0.0
2016-11-03,4.092,4.092,0.0,6.967,6.967,0.0,11.16,11.16,0.0
2016-11-04,3.847,3.847,0.0,6.345,6.345,0.0,10.01,10.01,0.0
2016-11-05,3.794,3.794,0.0,6.124,6.124,0.0,9.75,9.75,0.0
2016-11-06,3.749,3.749,0.0,6.149,6.149,0.0,9.734,9.734,0.0
2016-11-07,3.671,3.671,0.0,6.115,6.115,0.0,9.644,9.644,0.0
2016-11-08,3.698,3.698,0.0,6.258,6.258,0.0,9.884,9.884,0.0
2016-11-09,3.726,3.726,0.0,6.571,6.571,0.0,10.3,10.3,0.0
2016-11-10,3.571,3.571,0.0,6.157,6.157,0.0,9.616,9.616,0.0
2016-11-11,3.503,3.503,0.0,6.026,6.026,0.0,9.436,9.436,0.0
2016-11-12,3.482,3.482,0.0,6.051,6.051,0.0,9.43,9.43,0.0
2016-11-13,3.445,3.445,0.0,5.999,5.999,0.0,9.34,9.34,0.0
2016-11-14,3.512,3.512,0.0,6.057,6.057,0.0,9.463,9.463,0.0
2016-11-15,3.468,3.468,0.0,5.922,5.922,0.0,9.269,9.269,0.0
2016-11-16,3.399,3.399,0.0,5.785,5.785,0.0,9.091,9.091,0.0
2016-11-17,3.357,3.357,0.0,5.782,5.782,0.0,9.053,9.053,0.0
2016-11-18,3.329,3.329,0.0,5.763,5.763,0.0,9.001,9.001,0.0
2016-11-19,3.438,3.438,0.0,6.202,6.202,0.0,9.685,9.685,0.0
2016-11-20,3.346,3.346,0.0,6.022,6.022,0.0,9.34,9.34,0.0
2016-11-21,3.241,3.241,0.0,5.641,5.641,0.0,8.805,8.805,0.0
2016-11-22,3.212,3.212,0.0,5.72,5.72,0.0,8.862,8.862,0.0
2016-11-23,3.163,3.163,0.0,5.767,5.767,0.0,8.867,8.867,0.0
2016-11-24,3.177,3.177,0.0,5.92,5.92,0.0,9.083,9.083,0.0
2016-11-25,3.11,3.11,0.0,5.764,5.764,0.0,8.788,8.788,0.0
2016-11-26,3.049,3.049,0.0,5.598,5.598,0.0,8.641,8.641,0.0
2016-11-27,3.01,3.01,0.0,5.624,5.624,0.0,8.588,8.588,0.0
2016-11-28,3.291,3.291,0.0,6.33,6.33,0.0,9.733,9.733,0.0
2016-11-29,4.064,4.064,0.0,7.184,7.184,0.0,11.23,11.23,0.0
2016-11-30,5.116,5.116,0.0,8.625,8.625,0.0,13.83,13.83,0.0
2016-12-01,4.858,4.858,0.0,7.909,7.909,0.0,12.48,12.48,0.0
2016-12-02,4.841,4.841,0.0,7.906,7.906,0.0,12.45,12.45,0.0
2016-12-03,4.439,4.439,0.0,6.814,6.814,0.0,11.03,11.03,0.0
2016-12-04,4.725,4.725,0.0,7.624,7.624,0.0,12.14,12.14,0.0
2016-12-05,4.827,4.827,0.0,7.849,7.849,0.0,12.31,12.31,0.0
2016-12-06,6.047,6.047,0.0,9.941,9.941,0.0,16.12,16.12,0.0
2016-12-07,5.748,5.748,0.0,9.035,9.035,0.0,14.39,14.39,0.0
2016-12-08,5.759,5.759,0.0,8.783,8.783,0.0,14.05,14.05,0.0
2016-12-09,5.078,5.078,0.0,7.884,7.884,0.0,12.84,12.84,0.0
2016-12-10,5.079,5.079,0.0,8.289,8.289,0.0,13.09,13.09,0.0
2016-12-11,5.382,5.382,0.0,8.843,8.843,0.0,14.07,14.07,0.0
2016-12-12,5.704,5.704,0.0,9.723,9.723,0.0,15.17,15.17,0.0
2016-12-13,5.122,5.122,0.0,8.541,8.541,0.0,13.46,13.46,0.0
2016-12-14,4.974,4.974,0.0,8.026,8.026,0.0,12.86,12.86,0.0
2016-12-15,5.051,5.051,0.0,8.193,8.193,0.0,12.94,12.94,0.0
2016-12-16,5.124,5.124,0.0,8.711,8.711,0.0,13.82,13.82,0.0
2016-12-17,5.675,5.675,0.0,17.87,17.87,0.0,25.18,25.18,0.0
2016-12-18,5.147,5.147,0.0,11.02,11.02,0.0,16.31,16.31,0.0
2016-12-19,4.743,4.743,0.0,8.146,8.146,0.0,12.77,12.77,0.0
2016-12-20,4.779,4.779,0.0,8.009,8.009,0.0,12.62,12.62,0.0
2016-12-21,4.685,4.685,0.0,7.836,7.836,0.0,12.25,12.25,0.0
2016-12-22,4.576,4.576,0.0,7.725,7.725,0.0,12.13,12.13,0.0
2016-12-23,5.282,5.282,0.0,8.997,8.997,0.0,14.14,14.14,0.0
2016-12-24,4.935,4.935,0.0,9.43,9.43,0.0,14.54,14.54,0.0
2016-12-25,4.697,4.697,0.0,8.475,8.475,0.0,13.1,13.1,0.0
2016-12-26,5.019,5.019,0.0,9.57,9.57,0.0,14.77,14.77,0.0
2016-12-27,5.966,5.966,0.0,10.43,10.43,0.0,16.11,16.11,0.0
2016-12-28,6.542,6.542,0.0,11.82,11.82,0.0,18.06,18.06,0.0
2016-12-29,6.713,6.713,0.0,11.75,11.75,0.0,18.21,18.21,0.0
2016-12-30,5.844,5.844,0.0,10.03,10.03,0.0,15.79,15.79,0.0
2016-12-31,6.073,6.073,0.0,10.5,10.5,0.0,16.56,16.56,0.0
