date,old_01605500,new_01605500,abs_diff_01605500,old_01606000,new_01606000,abs_diff_01606000,old_01606500,new_01606500,abs_diff_01606500
2003-01-01,13.85,13.85,0.0,32.42,32.42,0.0,44.53,44.53,0.0
2003-01-02,12.59,12.59,0.0,30.98,30.98,0.0,42.67,42.67,0.0
2003-01-03,12.41,12.41,0.0,24.16,24.16,0.0,35.99,35.99,0.0
2003-01-04,11.26,11.26,0.0,21.52,21.52,0.0,32.29,32.29,0.0
2003-01-05,10.78,10.78,0.0,20.49,20.49,0.0,31.27,31.27,0.0
2003-01-06,11.38,11.38,0.0,21.7,21.7,0.0,32.61,32.61,0.0
2003-01-07,11.43,11.43,0.0,21.77,21.77,0.0,32.66,32.66,0.0
2003-01-08,11.22,11.22,0.0,21.37,21.37,0.0,32.01,32.01,0.0
2003-01-09,10.57,10.57,0.0,21.11,21.11,0.0,31.52,31.52,0.0
2003-01-10,11.01,11.01,0.0,21.46,21.46,0.0,32.04,32.04,0.0
2003-01-11,11.01,11.01,0.0,21.27,21.27,0.0,31.81,31.81,0.0
2003-01-12,10.75,10.75,0.0,21.17,21.17,0.0,31.45,31.45,0.0
2003-01-13,10.35,10.35,0.0,20.38,20.38,0.0,30.41,30.41,0.0
2003-01-14,10.43,10.43,0.0,20.06,20.06,0.0,30.25,30.25,0.0
2003-01-15,10.47,10.47,0.0,20.16,20.16,0.0,30.09,30.09,0.0
2003-01-16,10.49,10.49,0.0,20.33,20.33,0.0,30.41,30.41,0.0
2003-01-17,9.975,9.975,0.0,19.52,19.52,0.0,29.14,29.14,0.0
2003-01-18,9.859,9.859,0.0,18.86,18.86,0.0,28.41,28.41,0.0
2003-01-19,10.05,10.05,0.0,19.17,19.17,0.0,28.8,28.8,0.0
2003-01-20,10.02,10.02,0.0,19.09,19.09,0.0,28.73,28.73,0.0
2003-01-21,9.749,9.749,0.0,18.46,18.46,0.0,27.77,27.77,0.0
2003-01-22,9.526,9.526,0.0,18.51,18.51,0.0,27.74,27.74,0.0
2003-01-23,9.547,9.547,0.0,18.35,18.35,0.0,27.71,27.71,0.0
2003-01-24,9.483,9.483,0.0,17.76,17.76,0.0,26.76,26.76,0.0
2003-01-25,9.435,9.435,0.0,17.69,17.69,0.0,26.67,26.67,0.0
2003-01-26,9.139,9.139,0.0,17.78,17.78,0.0,26.65,26.65,0.0
2003-01-27,9.089,9.089,0.0,17.21,17.21,0.0,25.89,25.89,0.0
2003-01-28,9.002,9.002,0.0,17.15,17.15,0.0,25.82,25.82,0.0
2003-01-29,9.083,9.083,0.0,17.06,17.06,0.0,25.75,25.75,0.0
2003-01-30,8.935,8.935,0.0,16.89,16.89,0.0,25.39,25.39,0.0
2003-01-31,8.614,8.614,0.0,16.92,16.92,0.0,25.14,25.14,0.0
2003-02-01,8.757,8.757,0.0,16.67,16.67,0.0,25.04,25.04,0.0
2003-02-02,8.591,8.591,0.0,17.31,17.31,0.0,25.47,25.47,0.0
2003-02-03,9.107,9.107,0.0,23.21,23.21,0.0,31.96,31.96,0.0
2003-02-04,9.034,9.034,0.0,19.23,19.23,0.0,27.76,27.76,0.0
2003-02-05,8.214,8.214,0.0,17.01,17.01,0.0,24.92,24.92,0.0
2003-02-06,8.3,8.3,0.0,16.63,16.63,0.0,24.64,24.64,0.0
2003-02-07,8.206,8.206,0.0,16.19,16.19,0.0,24.09,24.09,0.0
2003-02-08,8.12,8.12,0.0,15.95,15.95,0.0,23.66,23.66,0.0
2003-02-09,8.029,8.029,0.0,16.02,16.02,0.0,23.67,23.67,0.0
2003-02-10,7.917,7.917,0.0,15.97,15.97,0.0,23.64,23.64,0.0
2003-02-11,7.766,7.766,0.0,15.65,15.65,0.0,23.11,23.11,0.0
2003-02-12,7.746,7.746,0.0,15.27,15.27,0.0,22.63,22.63,0.0
2003-02-13,7.709,7.709,0.0,15.16,15.16,0.0,22.47,22.47,0.0
2003-02-14,7.815,7.815,0.0,15.56,15.56,0.0,23.27,23.27,0.0
2003-02-15,7.76,7.76,0.0,15.82,15.82,0.0,23.68,23.68,0.0
2003-02-16,8.167,8.167,0.0,16.76,16.76,0.0,25.7,25.7,0.0
2003-02-17,7.437,7.437,0.0,14.84,14.84,0.0,22.06,22.06,0.0
2003-02-18,7.274,7.274,0.0,14.43,14.43,0.0,21.34,21.34,0.0
2003-02-19,9.061,9.061,0.0,17.02,17.02,0.0,25.95,25.95,0.0
2003-02-20,9.533,9.533,0.0,18.05,18.05,0.0,27.18,27.18,0.0
2003-02-21,24.88,24.88,0.0,28.53,28.53,0.0,50.75,50.75,0.0
2003-02-22,32.5,32.5,0.0,100.3,100.3,0.0,131.5,131.5,0.0
2003-02-23,18.94,18.94,0.0,39.63,39.63,0.0,55.84,55.84,0.0
2003-02-24,12.31,12.31,0.0,22.39,22.39,0.0,33.85,33.85,0.0
2003-02-25,11.68,11.68,0.0,19.32,19.32,0.0,29.94,29.94,0.0
2003-02-26,10.6,10.6,0.0,17.69,17.69,0.0,27.45,27.45,0.0
2003-02-27,10.14,10.14,0.0,16.85,16.85,0.0,26.21,26.21,0.0
2003-02-28,14.29,14.29,0.0,20.32,20.32,0.0,32.16,32.16,0.0
2003-03-01,16.93,16.93,0.0,25.31,25.31,0.0,41.32,41.32,0.0
2003-03-02,12.32,12.32,0.0,40.82,40.82,0.0,53.34,53.34,0.0
2003-03-03,11.25,11.25,0.0,22.07,22.07,0.0,33.42,33.42,0.0
2003-03-04,12.36,12.36,0.0,25.85,25.85,0.0,37.1,37.1,0.0
2003-03-05,12.67,12.67,0.0,55.39,55.39,0.0,67.39,67.39,0.0
2003-03-06,13.62,13.62,0.0,50.94,50.94,0.0,63.94,63.94,0.0
2003-03-07,13.19,13.19,0.0,28.27,28.27,0.0,41.42,41.42,0.0
2003-03-08,12.94,12.94,0.0,28.89,28.89,0.0,41.88,41.88,0.0
2003-03-09,13.38,13.38,0.0,26.73,26.73,0.0,39.61,39.61,0.0
2003-03-10,12.94,12.94,0.0,24.17,24.17,0.0,36.73,36.73,0.0
2003-03-11,12.72,12.72,0.0,25.19,25.19,0.0,37.77,37.77,0.0
2003-03-12,12.91,12.91,0.0,26.65,26.65,0.0,39.29,39.29,0.0
2003-03-13,13.22,13.22,0.0,27.41,27.41,0.0,40.64,40.64,0.0
2003-03-14,12.82,12.82,0.0,26.72,26.72,0.0,39.05,39.05,0.0
2003-03-15,12.84,12.84,0.0,27.36,27.36,0.0,39.87,39.87,0.0
2003-03-16,12.47,12.47,0.0,26.95,26.95,0.0,39.32,39.32,0.0
2003-03-17,12.68,12.68,0.0,27.01,27.01,0.0,39.2,39.2,0.0
2003-03-18,12.24,12.24,0.0,26.62,26.62,0.0,38.51,38.51,0.0
2003-03-19,13.47,13.47,0.0,27.56,27.56,0.0,40.86,40.86,0.0
2003-03-20,16.06,16.06,0.0,30.9,30.9,0.0,46.89,46.89,0.0
2003-03-21,14.46,14.46,0.0,29.01,29.01,0.0,43.62,43.62,0.0
2003-03-22,13.67,13.67,0.0,29.13,29.13,0.0,43.08,43.08,0.0
2003-03-23,13.44,13.44,0.0,27.51,27.51,0.0,40.59,40.59,0.0
2003-03-24,13.8,13.8,0.0,27.55,27.55,0.0,41.08,41.08,0.0
2003-03-25,13.71,13.71,0.0,27.75,27.75,0.0,41.32,41.32,0.0
2003-03-26,13.55,13.55,0.0,28.36,28.36,0.0,41.98,41.98,0.0
2003-03-27,13.16,13.16,0.0,27.06,27.06,0.0,40.04,40.04,0.0
2003-03-28,13.13,13.13,0.0,26.95,26.95,0.0,39.81,39.81,0.0
2003-03-29,14.22,14.22,0.0,28.44,28.44,0.0,42.71,42.71,0.0
2003-03-30,14.31,14.31,0.0,28.41,28.41,0.0,42.74,42.74,0.0
2003-03-31,14.23,14.23,0.0,28.76,28.76,0.0,42.89,42.89,0.0
2003-04-01,13.47,13.47,0.0,28.83,28.83,0.0,42.07,42.07,0.0
2003-04-02,13.38,13.38,0.0,27.18,27.18,0.0,40.22,40.22,0.0
2003-04-03,13.55,13.55,0.0,27.05,27.05,0.0,40.27,40.27,0.0
2003-04-04,13.68,13.68,0.0,28.25,28.25,0.0,41.86,41.86,0.0
2003-04-05,13.67,13.67,0.0,28.21,28.21,0.0,41.45,41.45,0.0
2003-04-06,15.5,15.5,0.0,30.72,30.72,0.0,46.28,46.28,0.0
2003-04-07,16.94,16.94,0.0,31.61,31.61,0.0,48.01,48.01,0.0
2003-04-08,17.89,17.89,0.0,32.71,32.71,0.0,49.96,49.96,0.0
2003-04-09,15.48,15.48,0.0,30.11,30.11,0.0,45.76,45.76,0.0
2003-04-10,18.09,18.09,0.0,31.67,31.67,0.0,49.39,49.39,0.0
2003-04-11,16.87,16.87,0.0,32.5,32.5,0.0,48.87,48.87,0.0
2003-04-12,16.24,16.24,0.0,32.2,32.2,0.0,48.17,48.17,0.0
2003-04-13,15.26,15.26,0.0,29.91,29.91,0.0,45.12,45.12,0.0
2003-04-14,15.29,15.29,0.0,30.17,30.17,0.0,45.47,45.47,0.0
2003-04-15,15.38,15.38,0.0,30.76,30.76,0.0,45.91,45.91,0.0
2003-04-16,15.46,15.46,0.0,30.78,30.78,0.0,45.9,45.9,0.0
2003-04-17,15.65,15.65,0.0,30.62,30.62,0.0,46.13,46.13,0.0
2003-04-18,16.21,16.21,0.0,29.62,29.62,0.0,45.63,45.63,0.0
2003-04-19,15.06,15.06,0.0,29.37,29.37,0.0,44.59,44.59,0.0
2003-04-20,15.51,15.51,0.0,29.71,29.71,0.0,44.92,44.92,0.0
2003-04-21,16.1,16.1,0.0,30.4,30.4,0.0,46.24,46.24,0.0
2003-04-22,15.66,15.66,0.0,30.44,30.44,0.0,46.05,46.05,0.0
2003-04-23,14.87,14.87,0.0,28.54,28.54,0.0,43.4,43.4,0.0
2003-04-24,15.21,15.21,0.0,28.62,28.62,0.0,43.48,43.48,0.0
2003-04-25,15.27,15.27,0.0,29.2,29.2,0.0,44.23,44.23,0.0
2003-04-26,15.46,15.46,0.0,29.44,29.44,0.0,44.57,44.57,0.0
2003-04-27,15.27,15.27,0.0,28.96,28.96,0.0,43.91,43.91,0.0
2003-04-28,14.34,14.34,0.0,27.62,27.62,0.0,41.88,41.88,0.0
2003-04-29,14.83,14.83,0.0,28.02,28.02,0.0,42.37,42.37,0.0
2003-04-30,15.56,15.56,0.0,29.44,29.44,0.0,44.78,44.78,0.0
2003-05-01,15.63,15.63,0.0,30.52,30.52,0.0,45.92,45.92,0.0
2003-05-02,15.85,15.85,0.0,30.55,30.55,0.0,46.14,46.14,0.0
2003-05-03,17.65,17.65,0.0,31.88,31.88,0.0,48.96,48.96,0.0
2003-05-04,17.17,17.17,0.0,30.88,30.88,0.0,47.88,47.88,0.0
2003-05-05,16.13,16.13,0.0,30.91,30.91,0.0,46.84,46.84,0.0
2003-05-06,16.1,16.1,0.0,31.09,31.09,0.0,46.79,46.79,0.0
2003-05-07,16.37,16.37,0.0,31.74,31.74,0.0,47.89,47.89,0.0
2003-05-08,17.33,17.33,0.0,32.61,32.61,0.0,49.96,49.96,0.0
2003-05-09,21.85,21.85,0.0,39.43,39.43,0.0,61.06,61.06,0.0
2003-05-10,25.68,25.68,0.0,42.18,42.18,0.0,66.22,66.22,0.0
2003-05-11,17.76,17.76,0.0,33.1,33.1,0.0,51.73,51.73,0.0
2003-05-12,18.49,18.49,0.0,35.27,35.27,0.0,53.84,53.84,0.0
2003-05-13,18.65,18.65,0.0,35.67,35.67,0.0,54.27,54.27,0.0
2003-05-14,18.67,18.67,0.0,35.7,35.7,0.0,54.38,54.38,0.0
2003-05-15,18.67,18.67,0.0,35.52,35.52,0.0,54.36,54.36,0.0
2003-05-16,17.96,17.96,0.0,33.44,33.44,0.0,51.83,51.83,0.0
2003-05-17,22.1,22.1,0.0,37.34,37.34,0.0,59.62,59.62,0.0
2003-05-18,22.85,22.85,0.0,37.98,37.98,0.0,60.19,60.19,0.0
2003-05-19,20.77,20.77,0.0,36.95,36.95,0.0,57.79,57.79,0.0
2003-05-20,21.21,21.21,0.0,35.35,35.35,0.0,56.19,56.19,0.0
2003-05-21,19.38,19.38,0.0,34.74,34.74,0.0,54.28,54.28,0.0
2003-05-22,19.65,19.65,0.0,35.4,35.4,0.0,55.11,55.11,0.0
2003-05-23,19.98,19.98,0.0,35.74,35.74,0.0,55.57,55.57,0.0
2003-05-24,19.28,19.28,0.0,35.45,35.45,0.0,54.64,54.64,0.0
2003-05-25,19.05,19.05,0.0,33.11,33.11,0.0,52.07,52.07,0.0
2003-05-26,19.27,19.27,0.0,33.82,33.82,0.0,52.92,52.92,0.0
2003-05-27,19.68,19.68,0.0,34.79,34.79,0.0,54.3,54.3,0.0
2003-05-28,19.77,19.77,0.0,34.77,34.77,0.0,54.28,54.28,0.0
2003-05-29,19.3,19.3,0.0,34.54,34.54,0.0,53.89,53.89,0.0
2003-05-30,18.62,18.62,0.0,32.48,32.48,0.0,50.94,50.94,0.0
2003-05-31,19.47,19.47,0.0,35.38,35.38,0.0,55.09,55.09,0.0
2003-06-01,19.06,19.06,0.0,34.62,34.62,0.0,53.44,53.44,0.0
2003-06-02,19.57,19.57,0.0,34.69,34.69,0.0,53.99,53.99,0.0
2003-06-03,23.82,23.82,0.0,37.97,37.97,0.0,60.86,60.86,0.0
2003-06-04,22.6,22.6,0.0,37.25,37.25,0.0,59.4,59.4,0.0
2003-06-05,19.33,19.33,0.0,33.53,33.53,0.0,52.9,52.9,0.0
2003-06-06,20.8,20.8,0.0,36.1,36.1,0.0,57.09,57.09,0.0
2003-06-07,22.25,22.25,0.0,37.28,37.28,0.0,59.01,59.01,0.0
2003-06-08,22.57,22.57,0.0,37.48,37.48,0.0,59.64,59.64,0.0
2003-06-09,21.22,21.22,0.0,35.75,35.75,0.0,56.83,56.83,0.0
2003-06-10,19.61,19.61,0.0,34.45,34.45,0.0,54.01,54.01,0.0
2003-06-11,20.12,20.12,0.0,35.37,35.37,0.0,55.31,55.31,0.0
2003-06-12,20.76,20.76,0.0,35.98,35.98,0.0,56.57,56.57,0.0
2003-06-13,21.37,21.37,0.0,36.82,36.82,0.0,58.23,58.23,0.0
2003-06-14,20.64,20.64,0.0,36.12,36.12,0.0,57.11,57.11,0.0
2003-06-15,20.21,20.21,0.0,34.71,34.71,0.0,55.06,55.06,0.0
2003-06-16,21.98,21.98,0.0,36.04,36.04,0.0,57.6,57.6,0.0
2003-06-17,22.09,22.09,0.0,37.06,37.06,0.0,58.95,58.95,0.0
2003-06-18,21.2,21.2,0.0,36.63,36.63,0.0,57.78,57.78,0.0
2003-06-19,21.52,21.52,0.0,36.9,36.9,0.0,58.82,58.82,0.0
2003-06-20,20.06,20.06,0.0,34.83,34.83,0.0,55.13,55.13,0.0
2003-06-21,20.44,20.44,0.0,35.56,35.56,0.0,55.86,55.86,0.0
2003-06-22,20.46,20.46,0.0,35.54,35.54,0.0,55.84,55.84,0.0
2003-06-23,20.33,20.33,0.0,35.4,35.4,0.0,55.58,55.58,0.0
2003-06-24,19.45,19.45,0.0,33.79,33.79,0.0,53.25,53.25,0.0
2003-06-25,19.26,19.26,0.0,33.46,33.46,0.0,52.58,52.58,0.0
2003-06-26,19.39,19.39,0.0,33.7,33.7,0.0,52.82,52.82,0.0
2003-06-27,19.31,19.31,0.0,33.63,33.63,0.0,52.71,52.71,0.0
2003-06-28,18.74,18.74,0.0,33.35,33.35,0.0,52.06,52.06,0.0
2003-06-29,18.38,18.38,0.0,31.54,31.54,0.0,49.68,49.68,0.0
2003-06-30,18.49,18.49,0.0,31.93,31.93,0.0,50.14,50.14,0.0
2003-07-01,18.47,18.47,0.0,32.07,32.07,0.0,50.27,50.27,0.0
2003-07-02,18.43,18.43,0.0,31.97,31.97,0.0,50.18,50.18,0.0
2003-07-03,17.66,17.66,0.0,30.46,30.46,0.0,47.84,47.84,0.0
2003-07-04,17.68,17.68,0.0,30.48,30.48,0.0,47.85,47.85,0.0
2003-07-05,17.68,17.68,0.0,30.44,30.44,0.0,47.7,47.7,0.0
2003-07-06,17.66,17.66,0.0,30.5,30.5,0.0,47.91,47.91,0.0
2003-07-07,18.03,18.03,0.0,31.58,31.58,0.0,50.14,50.14,0.0
2003-07-08,17.27,17.27,0.0,30.59,30.59,0.0,48.27,48.27,0.0
2003-07-09,17.54,17.54,0.0,31.29,31.29,0.0,49.25,49.25,0.0
2003-07-10,17.16,17.16,0.0,30.41,30.41,0.0,47.5,47.5,0.0
2003-07-11,16.92,16.92,0.0,29.81,29.81,0.0,46.52,46.52,0.0
2003-07-12,16.75,16.75,0.0,29.73,29.73,0.0,46.36,46.36,0.0
2003-07-13,16.15,16.15,0.0,28.52,28.52,0.0,44.53,44.53,0.0
2003-07-14,16.31,16.31,0.0,28.8,28.8,0.0,44.93,44.93,0.0
2003-07-15,16.19,16.19,0.0,28.55,28.55,0.0,44.44,44.44,0.0
2003-07-16,16.05,16.05,0.0,28.25,28.25,0.0,44.0,44.0,0.0
2003-07-17,15.62,15.62,0.0,27.62,27.62,0.0,43.02,43.02,0.0
2003-07-18,15.47,15.47,0.0,27.3,27.3,0.0,42.57,42.57,0.0
2003-07-19,15.42,15.42,0.0,27.15,27.15,0.0,42.23,42.23,0.0
2003-07-20,15.31,15.31,0.0,26.9,26.9,0.0,41.88,41.88,0.0
2003-07-21,15.08,15.08,0.0,26.66,26.66,0.0,41.46,41.46,0.0
2003-07-22,14.82,14.82,0.0,26.07,26.07,0.0,40.71,40.71,0.0
2003-07-23,14.61,14.61,0.0,25.94,25.94,0.0,40.31,40.31,0.0
2003-07-24,14.51,14.51,0.0,25.66,25.66,0.0,39.84,39.84,0.0
2003-07-25,14.37,14.37,0.0,25.38,25.38,0.0,39.43,39.43,0.0
2003-07-26,14.11,14.11,0.0,24.96,24.96,0.0,38.78,38.78,0.0
2003-07-27,14.31,14.31,0.0,25.36,25.36,0.0,39.75,39.75,0.0
2003-07-28,14.22,14.22,0.0,25.85,25.85,0.0,40.45,40.45,0.0
2003-07-29,13.69,13.69,0.0,24.47,24.47,0.0,37.95,37.95,0.0
2003-07-30,13.55,13.55,0.0,24.1,24.1,0.0,37.42,37.42,0.0
2003-07-31,13.45,13.45,0.0,24.1,24.1,0.0,37.43,37.43,0.0
2003-08-01,13.33,13.33,0.0,23.58,23.58,0.0,36.76,36.76,0.0
2003-08-02,13.19,13.19,0.0,23.68,23.68,0.0,36.77,36.77,0.0
2003-08-03,13.15,13.15,0.0,23.5,23.5,0.0,36.59,36.59,0.0
2003-08-04,13.31,13.31,0.0,23.79,23.79,0.0,37.3,37.3,0.0
2003-08-05,13.22,13.22,0.0,23.73,23.73,0.0,37.19,37.19,0.0
2003-08-06,12.86,12.86,0.0,22.63,22.63,0.0,35.41,35.41,0.0
2003-08-07,12.8,12.8,0.0,22.97,22.97,0.0,35.85,35.85,0.0
2003-08-08,12.82,12.82,0.0,22.81,22.81,0.0,35.69,35.69,0.0
2003-08-09,13.04,13.04,0.0,23.83,23.83,0.0,37.39,37.39,0.0
2003-08-10,13.08,13.08,0.0,24.51,24.51,0.0,38.55,38.55,0.0
2003-08-11,13.0,13.0,0.0,24.05,24.05,0.0,37.7,37.7,0.0
2003-08-12,13.03,13.03,0.0,24.81,24.81,0.0,38.88,38.88,0.0
2003-08-13,12.48,12.48,0.0,23.8,23.8,0.0,36.9,36.9,0.0
2003-08-14,12.38,12.38,0.0,22.89,22.89,0.0,35.57,35.57,0.0
2003-08-15,12.25,12.25,0.0,23.28,23.28,0.0,36.12,36.12,0.0
2003-08-16,12.43,12.43,0.0,24.3,24.3,0.0,37.74,37.74,0.0
2003-08-17,12.06,12.06,0.0,23.27,23.27,0.0,35.98,35.98,0.0
2003-08-18,11.83,11.83,0.0,23.06,23.06,0.0,35.37,35.37,0.0
2003-08-19,11.74,11.74,0.0,22.25,22.25,0.0,34.51,34.51,0.0
2003-08-20,11.59,11.59,0.0,22.44,22.44,0.0,34.61,34.61,0.0
2003-08-21,11.5,11.5,0.0,22.37,22.37,0.0,34.43,34.43,0.0
2003-08-22,11.39,11.39,0.0,21.91,21.91,0.0,33.72,33.72,0.0
2003-08-23,11.17,11.17,0.0,21.72,21.72,0.0,33.39,33.39,0.0
2003-08-24,11.09,11.09,0.0,21.26,21.26,0.0,32.86,32.86,0.0
2003-08-25,10.95,10.95,0.0,21.27,21.27,0.0,32.74,32.74,0.0
2003-08-26,10.95,10.95,0.0,21.34,21.34,0.0,32.89,32.89,0.0
2003-08-27,11.15,11.15,0.0,21.44,21.44,0.0,33.31,33.31,0.0
2003-08-28,10.65,10.65,0.0,20.44,20.44,0.0,31.6,31.6,0.0
2003-08-29,10.62,10.62,0.0,20.6,20.6,0.0,31.8,31.8,0.0
2003-08-30,10.65,10.65,0.0,20.76,20.76,0.0,32.11,32.11,0.0
2003-08-31,10.47,10.47,0.0,20.34,20.34,0.0,31.38,31.38,0.0
2003-09-01,10.62,10.62,0.0,20.56,20.56,0.0,31.82,31.82,0.0
2003-09-02,10.6,10.6,0.0,21.14,21.14,0.0,32.51,32.51,0.0
2003-09-03,10.93,10.93,0.0,22.45,22.45,0.0,34.49,34.49,0.0
2003-09-04,10.47,10.47,0.0,21.49,21.49,0.0,32.54,32.54,0.0
2003-09-05,10.33,10.33,0.0,20.58,20.58,0.0,31.36,31.36,0.0
2003-09-06,10.23,10.23,0.0,20.51,20.51,0.0,31.11,31.11,0.0
2003-09-07,10.03,10.03,0.0,20.37,20.37,0.0,30.84,30.84,0.0
2003-09-08,9.981,9.981,0.0,20.34,20.34,0.0,30.75,30.75,0.0
2003-09-09,9.852,9.852,0.0,19.81,19.81,0.0,30.1,30.1,0.0
2003-09-10,9.763,9.763,0.0,19.75,19.75,0.0,29.91,29.91,0.0
2003-09-11,9.668,9.668,0.0,19.5,19.5,0.0,29.49,29.49,0.0
2003-09-12,9.565,9.565,0.0,19.58,19.58,0.0,29.66,29.66,0.0
2003-09-13,9.479,9.479,0.0,19.37,19.37,0.0,29.31,29.31,0.0
2003-09-14,9.316,9.316,0.0,18.81,18.81,0.0,28.53,28.53,0.0
2003-09-15,9.696,9.696,0.0,20.28,20.28,0.0,30.85,30.85,0.0
2003-09-16,9.22,9.22,0.0,18.94,18.94,0.0,28.47,28.47,0.0
2003-09-17,13.56,13.56,0.0,18.68,18.68,0.0,34.08,34.08,0.0
2003-09-18,14.76,14.76,0.0,35.86,35.86,0.0,57.03,57.03,0.0
2003-09-19,12.16,12.16,0.0,25.7,25.7,0.0,39.71,39.71,0.0
2003-09-20,11.67,11.67,0.0,23.7,23.7,0.0,36.7,36.7,0.0
2003-09-21,11.14,11.14,0.0,23.41,23.41,0.0,35.69,35.69,0.0
2003-09-22,11.75,11.75,0.0,23.36,23.36,0.0,36.28,36.28,0.0
2003-09-23,11.42,11.42,0.0,21.88,21.88,0.0,34.35,34.35,0.0
2003-09-24,11.07,11.07,0.0,22.5,22.5,0.0,34.78,34.78,0.0
2003-09-25,10.95,10.95,0.0,22.83,22.83,0.0,34.91,34.91,0.0
2003-09-26,10.85,10.85,0.0,21.95,21.95,0.0,33.83,33.83,0.0
2003-09-27,10.93,10.93,0.0,21.76,21.76,0.0,33.96,33.96,0.0
2003-09-28,10.79,10.79,0.0,21.96,21.96,0.0,33.9,33.9,0.0
2003-09-29,10.5,10.5,0.0,21.8,21.8,0.0,33.4,33.4,0.0
2003-09-30,10.59,10.59,0.0,21.44,21.44,0.0,32.96,32.96,0.0
2003-10-01,10.36,10.36,0.0,20.94,20.94,0.0,32.19,32.19,0.0
2003-10-02,10.17,10.17,0.0,20.69,20.69,0.0,31.84,31.84,0.0
2003-10-03,10.23,10.23,0.0,21.0,21.0,0.0,32.27,32.27,0.0
2003-10-04,10.0,10.0,0.0,20.88,20.88,0.0,31.84,31.84,0.0
2003-10-05,9.869,9.869,0.0,20.22,20.22,0.0,30.91,30.91,0.0
2003-10-06,9.765,9.765,0.0,19.73,19.73,0.0,30.38,30.38,0.0
2003-10-07,9.716,9.716,0.0,19.8,19.8,0.0,30.39,30.39,0.0
2003-10-08,9.65,9.65,0.0,19.78,19.78,0.0,30.29,30.29,0.0
2003-10-09,9.432,9.432,0.0,19.37,19.37,0.0,29.59,29.59,0.0
2003-10-10,9.261,9.261,0.0,19.24,19.24,0.0,29.33,29.33,0.0
2003-10-11,9.27,9.27,0.0,18.75,18.75,0.0,28.83,28.83,0.0
2003-10-12,9.208,9.208,0.0,18.81,18.81,0.0,28.82,28.82,0.0
2003-10-13,9.105,9.105,0.0,18.51,18.51,0.0,28.45,28.45,0.0
2003-10-14,9.805,9.805,0.0,19.96,19.96,0.0,31.03,31.03,0.0
2003-10-15,9.191,9.191,0.0,18.58,18.58,0.0,28.54,28.54,0.0
2003-10-16,9.149,9.149,0.0,18.23,18.23,0.0,28.13,28.13,0.0
2003-10-17,9.139,9.139,0.0,18.41,18.41,0.0,28.4,28.4,0.0
2003-10-18,8.833,8.833,0.0,17.91,17.91,0.0,27.56,27.56,0.0
2003-10-19,8.795,8.795,0.0,17.77,17.77,0.0,27.19,27.19,0.0
2003-10-20,8.712,8.712,0.0,17.55,17.55,0.0,26.95,26.95,0.0
2003-10-21,8.68,8.68,0.0,17.32,17.32,0.0,26.73,26.73,0.0
2003-10-22,8.636,8.636,0.0,17.37,17.37,0.0,26.78,26.78,0.0
2003-10-23,8.361,8.361,0.0,16.91,16.91,0.0,26.03,26.03,0.0
2003-10-24,8.314,8.314,0.0,16.83,16.83,0.0,25.73,25.73,0.0
2003-10-25,8.25,8.25,0.0,16.6,16.6,0.0,25.49,25.49,0.0
2003-10-26,8.429,8.429,0.0,16.79,16.79,0.0,26.04,26.04,0.0
2003-10-27,8.479,8.479,0.0,17.16,17.16,0.0,26.55,26.55,0.0
2003-10-28,8.286,8.286,0.0,16.83,16.83,0.0,25.81,25.81,0.0
2003-10-29,8.038,8.038,0.0,16.47,16.47,0.0,25.15,25.15,0.0
2003-10-30,7.954,7.954,0.0,16.28,16.28,0.0,24.8,24.8,0.0
2003-10-31,7.9,7.9,0.0,15.97,15.97,0.0,24.43,24.43,0.0
2003-11-01,7.838,7.838,0.0,15.86,15.86,0.0,24.24,24.24,0.0
2003-11-02,7.656,7.656,0.0,15.73,15.73,0.0,23.96,23.96,0.0
2003-11-03,7.596,7.596,0.0,15.44,15.44,0.0,23.51,23.51,0.0
2003-11-04,7.555,7.555,0.0,15.23,15.23,0.0,23.29,23.29,0.0
2003-11-05,7.768,7.768,0.0,15.85,15.85,0.0,24.42,24.42,0.0
2003-11-06,7.558,7.558,0.0,15.39,15.39,0.0,23.57,23.57,0.0
2003-11-07,7.361,7.361,0.0,14.93,14.93,0.0,22.79,22.79,0.0
2003-11-08,7.201,7.201,0.0,14.81,14.81,0.0,22.47,22.47,0.0
2003-11-09,7.183,7.183,0.0,14.56,14.56,0.0,22.21,22.21,0.0
2003-11-10,7.223,7.223,0.0,14.53,14.53,0.0,22.21,22.21,0.0
2003-11-11,7.88,7.88,0.0,16.89,16.89,0.0,26.02,26.02,0.0
2003-11-12,8.103,8.103,0.0,17.75,17.75,0.0,26.46,26.46,0.0
2003-11-13,7.603,7.603,0.0,16.9,16.9,0.0,24.93,24.93,0.0
2003-11-14,7.597,7.597,0.0,16.77,16.77,0.0,24.62,24.62,0.0
2003-11-15,7.634,7.634,0.0,16.32,16.32,0.0,24.41,24.41,0.0
2003-11-16,7.563,7.563,0.0,16.08,16.08,0.0,24.08,24.08,0.0
2003-11-17,7.232,7.232,0.0,16.27,16.27,0.0,23.93,23.93,0.0
2003-11-18,8.915,8.915,0.0,18.78,18.78,0.0,28.31,28.31,0.0
2003-11-19,16.18,16.18,0.0,29.42,29.42,0.0,43.22,43.22,0.0
2003-11-20,9.277,9.277,0.0,21.42,21.42,0.0,30.96,30.96,0.0
2003-11-21,9.095,9.095,0.0,20.75,20.75,0.0,29.85,29.85,0.0
2003-11-22,8.852,8.852,0.0,19.0,19.0,0.0,27.82,27.82,0.0
2003-11-23,8.41,8.41,0.0,18.93,18.93,0.0,27.62,27.62,0.0
2003-11-24,8.928,8.928,0.0,20.26,20.26,0.0,29.42,29.42,0.0
2003-11-25,8.671,8.671,0.0,20.2,20.2,0.0,28.95,28.95,0.0
2003-11-26,8.3,8.3,0.0,19.16,19.16,0.0,27.7,27.7,0.0
2003-11-27,8.588,8.588,0.0,18.93,18.93,0.0,27.64,27.64,0.0
2003-11-28,9.394,9.394,0.0,21.27,21.27,0.0,30.9,30.9,0.0
2003-11-29,9.028,9.028,0.0,20.88,20.88,0.0,29.91,29.91,0.0
2003-11-30,8.796,8.796,0.0,20.82,20.82,0.0,29.57,29.57,0.0
2003-12-01,8.257,8.257,0.0,19.47,19.47,0.0,27.94,27.94,0.0
2003-12-02,8.495,8.495,0.0,19.29,19.29,0.0,27.75,27.75,0.0
2003-12-03,8.538,8.538,0.0,19.76,19.76,0.0,28.26,28.26,0.0
2003-12-04,8.577,8.577,0.0,20.06,20.06,0.0,28.65,28.65,0.0
2003-12-05,8.453,8.453,0.0,19.46,19.46,0.0,28.07,28.07,0.0
2003-12-06,8.009,8.009,0.0,18.68,18.68,0.0,26.84,26.84,0.0
2003-12-07,8.086,8.086,0.0,18.91,18.91,0.0,27.0,27.0,0.0
2003-12-08,8.103,8.103,0.0,18.97,18.97,0.0,27.07,27.07,0.0
2003-12-09,7.957,7.957,0.0,19.01,19.01,0.0,27.02,27.02,0.0
2003-12-10,12.71,12.71,0.0,27.96,27.96,0.0,39.61,39.61,0.0
2003-12-11,8.338,8.338,0.0,19.88,19.88,0.0,28.6,28.6,0.0
2003-12-12,7.85,7.85,0.0,18.65,18.65,0.0,26.7,26.7,0.0
2003-12-13,8.063,8.063,0.0,19.1,19.1,0.0,27.46,27.46,0.0
2003-12-14,7.953,7.953,0.0,18.99,18.99,0.0,27.35,27.35,0.0
2003-12-15,9.025,9.025,0.0,18.68,18.68,0.0,27.49,27.49,0.0
2003-12-16,11.07,11.07,0.0,23.36,23.36,0.0,35.2,35.2,0.0
2003-12-17,9.264,9.264,0.0,19.05,19.05,0.0,28.17,28.17,0.0
2003-12-18,8.637,8.637,0.0,17.9,17.9,0.0,26.44,26.44,0.0
2003-12-19,8.473,8.473,0.0,17.89,17.89,0.0,26.44,26.44,0.0
2003-12-20,8.289,8.289,0.0,17.48,17.48,0.0,25.69,25.69,0.0
2003-12-21,7.943,7.943,0.0,18.84,18.84,0.0,26.88,26.88,0.0
2003-12-22,8.427,8.427,0.0,18.33,18.33,0.0,28.58,28.58,0.0
2003-12-23,9.24,9.24,0.0,26.76,26.76,0.0,36.06,36.06,0.0
2003-12-24,9.298,9.298,0.0,19.56,19.56,0.0,28.86,28.86,0.0
2003-12-25,8.104,8.104,0.0,18.08,18.08,0.0,26.8,26.8,0.0
2003-12-26,8.169,8.169,0.0,17.23,17.23,0.0,25.56,25.56,0.0
2003-12-27,7.955,7.955,0.0,17.32,17.32,0.0,25.64,25.64,0.0
2003-12-28,8.24,8.24,0.0,17.13,17.13,0.0,25.66,25.66,0.0
2003-12-29,8.718,8.718,0.0,17.95,17.95,0.0,26.74,26.74,0.0
2003-12-30,9.167,9.167,0.0,18.26,18.26,0.0,27.38,27.38,0.0
2003-12-31,9.288,9.288,0.0,18.14,18.14,0.0,27.49,27.49,0.0
2004-01-01,8.829,8.829,0.0,18.26,18.26,0.0,27.72,27.72,0.0
2004-01-02,9.385,9.385,0.0,19.63,19.63,0.0,29.37,29.37,0.0
2004-01-03,9.52,9.52,0.0,20.12,20.12,0.0,29.5,29.5,0.0
2004-01-04,9.56,9.56,0.0,21.29,21.29,0.0,31.04,31.04,0.0
2004-01-05,9.854,9.854,0.0,22.38,22.38,0.0,32.49,32.49,0.0
2004-01-06,9.209,9.209,0.0,21.83,21.83,0.0,31.21,31.21,0.0
2004-01-07,9.127,9.127,0.0,20.15,20.15,0.0,29.41,29.41,0.0
2004-01-08,9.335,9.335,0.0,20.59,20.59,0.0,30.07,30.07,0.0
2004-01-09,9.154,9.154,0.0,21.06,21.06,0.0,30.42,30.42,0.0
2004-01-10,9.082,9.082,0.0,20.58,20.58,0.0,29.67,29.67,0.0
2004-01-11,8.761,8.761,0.0,20.16,20.16,0.0,29.15,29.15,0.0
2004-01-12,8.804,8.804,0.0,19.89,19.89,0.0,28.8,28.8,0.0
2004-01-13,8.72,8.72,0.0,19.93,19.93,0.0,28.83,28.83,0.0
2004-01-14,8.892,8.892,0.0,20.37,20.37,0.0,29.56,29.56,0.0
2004-01-15,8.481,8.481,0.0,19.08,19.08,0.0,27.67,27.67,0.0
2004-01-16,8.367,8.367,0.0,18.92,18.92,0.0,27.38,27.38,0.0
2004-01-17,8.506,8.506,0.0,18.9,18.9,0.0,27.58,27.58,0.0
2004-01-18,8.344,8.344,0.0,18.82,18.82,0.0,27.39,27.39,0.0
2004-01-19,8.109,8.109,0.0,18.38,18.38,0.0,26.61,26.61,0.0
2004-01-20,8.087,8.087,0.0,18.39,18.39,0.0,26.57,26.57,0.0
2004-01-21,8.038,8.038,0.0,17.86,17.86,0.0,25.95,25.95,0.0
2004-01-22,8.048,8.048,0.0,17.81,17.81,0.0,25.95,25.95,0.0
2004-01-23,7.827,7.827,0.0,17.81,17.81,0.0,26.0,26.0,0.0
2004-01-24,7.888,7.888,0.0,17.72,17.72,0.0,25.74,25.74,0.0
2004-01-25,7.938,7.938,0.0,17.92,17.92,0.0,26.25,26.25,0.0
2004-01-26,7.631,7.631,0.0,16.96,16.96,0.0,24.65,24.65,0.0
2004-01-27,7.74,7.74,0.0,17.07,17.07,0.0,25.04,25.04,0.0
2004-01-28,7.336,7.336,0.0,16.65,16.65,0.0,24.19,24.19,0.0
2004-01-29,7.448,7.448,0.0,16.69,16.69,0.0,24.22,24.22,0.0
2004-01-30,7.297,7.297,0.0,16.35,16.35,0.0,23.67,23.67,0.0
2004-01-31,7.222,7.222,0.0,15.93,15.93,0.0,23.22,23.22,0.0
2004-02-01,7.135,7.135,0.0,15.79,15.79,0.0,23.01,23.01,0.0
2004-02-02,7.141,7.141,0.0,16.17,16.17,0.0,23.65,23.65,0.0
2004-02-03,7.253,7.253,0.0,16.25,16.25,0.0,23.76,23.76,0.0
2004-02-04,6.919,6.919,0.0,15.47,15.47,0.0,22.41,22.41,0.0
2004-02-05,7.568,7.568,0.0,17.09,17.09,0.0,25.66,25.66,0.0
2004-02-06,7.187,7.187,0.0,16.23,16.23,0.0,24.13,24.13,0.0
2004-02-07,6.88,6.88,0.0,15.6,15.6,0.0,22.89,22.89,0.0
2004-02-08,6.653,6.653,0.0,14.87,14.87,0.0,21.53,21.53,0.0
2004-02-09,6.557,6.557,0.0,14.69,14.69,0.0,21.27,21.27,0.0
2004-02-10,6.668,6.668,0.0,14.77,14.77,0.0,21.73,21.73,0.0
2004-02-11,6.675,6.675,0.0,14.72,14.72,0.0,21.54,21.54,0.0
2004-02-12,6.908,6.908,0.0,16.92,16.92,0.0,24.47,24.47,0.0
2004-02-13,7.178,7.178,0.0,16.68,16.68,0.0,24.08,24.08,0.0
2004-02-14,6.511,6.511,0.0,15.45,15.45,0.0,22.27,22.27,0.0
2004-02-15,6.241,6.241,0.0,14.14,14.14,0.0,20.65,20.65,0.0
2004-02-16,6.153,6.153,0.0,13.67,13.67,0.0,20.12,20.12,0.0
2004-02-17,6.035,6.035,0.0,13.7,13.7,0.0,19.94,19.94,0.0
2004-02-18,6.823,6.823,0.0,15.9,15.9,0.0,22.81,22.81,0.0
2004-02-19,11.78,11.78,0.0,27.61,27.61,0.0,39.96,39.96,0.0
2004-02-20,15.12,15.12,0.0,29.95,29.95,0.0,41.21,41.21,0.0
2004-02-21,11.29,11.29,0.0,17.27,17.27,0.0,26.93,26.93,0.0
2004-02-22,9.24,9.24,0.0,15.83,15.83,0.0,24.31,24.31,0.0
2004-02-23,8.753,8.753,0.0,15.91,15.91,0.0,23.87,23.87,0.0
2004-02-24,8.996,8.996,0.0,15.68,15.68,0.0,23.73,23.73,0.0
2004-02-25,7.345,7.345,0.0,14.77,14.77,0.0,22.23,22.23,0.0
2004-02-26,7.043,7.043,0.0,15.37,15.37,0.0,22.67,22.67,0.0
2004-02-27,7.416,7.416,0.0,16.58,16.58,0.0,24.11,24.11,0.0
2004-02-28,7.824,7.824,0.0,20.77,20.77,0.0,28.7,28.7,0.0
2004-02-29,8.496,8.496,0.0,25.99,25.99,0.0,34.33,34.33,0.0
2004-03-01,8.568,8.568,0.0,27.23,27.23,0.0,35.76,35.76,0.0
2004-03-02,8.314,8.314,0.0,21.52,21.52,0.0,30.01,30.01,0.0
2004-03-03,9.01,9.01,0.0,23.14,23.14,0.0,32.28,32.28,0.0
2004-03-04,8.266,8.266,0.0,22.03,22.03,0.0,30.65,30.65,0.0
2004-03-05,9.581,9.581,0.0,25.11,25.11,0.0,35.16,35.16,0.0
2004-03-06,10.01,10.01,0.0,23.4,23.4,0.0,33.35,33.35,0.0
2004-03-07,10.07,10.07,0.0,22.83,22.83,0.0,33.02,33.02,0.0
2004-03-08,9.536,9.536,0.0,24.43,24.43,0.0,33.99,33.99,0.0
2004-03-09,8.948,8.948,0.0,24.76,24.76,0.0,34.04,34.04,0.0
2004-03-10,9.39,9.39,0.0,23.39,23.39,0.0,32.67,32.67,0.0
2004-03-11,9.15,9.15,0.0,22.77,22.77,0.0,31.98,31.98,0.0
2004-03-12,9.184,9.184,0.0,23.45,23.45,0.0,32.59,32.59,0.0
2004-03-13,8.795,8.795,0.0,23.83,23.83,0.0,32.84,32.84,0.0
2004-03-14,9.1,9.1,0.0,23.81,23.81,0.0,33.07,33.07,0.0
2004-03-15,9.76,9.76,0.0,23.85,23.85,0.0,33.87,33.87,0.0
2004-03-16,10.21,10.21,0.0,24.13,24.13,0.0,34.54,34.54,0.0
2004-03-17,10.41,10.41,0.0,24.46,24.46,0.0,34.94,34.94,0.0
2004-03-18,11.4,11.4,0.0,25.71,25.71,0.0,37.22,37.22,0.0
2004-03-19,9.91,9.91,0.0,25.5,25.5,0.0,35.55,35.55,0.0
2004-03-20,10.62,10.62,0.0,27.82,27.82,0.0,38.91,38.91,0.0
2004-03-21,10.48,10.48,0.0,25.9,25.9,0.0,36.62,36.62,0.0
2004-03-22,10.22,10.22,0.0,24.53,24.53,0.0,34.75,34.75,0.0
2004-03-23,9.474,9.474,0.0,25.41,25.41,0.0,35.13,35.13,0.0
2004-03-24,9.902,9.902,0.0,25.54,25.54,0.0,35.61,35.61,0.0
2004-03-25,9.968,9.968,0.0,25.0,25.0,0.0,35.08,35.08,0.0
2004-03-26,9.847,9.847,0.0,24.66,24.66,0.0,34.53,34.53,0.0
2004-03-27,9.403,9.403,0.0,24.79,24.79,0.0,34.36,34.36,0.0
2004-03-28,9.408,9.408,0.0,25.03,25.03,0.0,34.64,34.64,0.0
2004-03-29,9.562,9.562,0.0,24.75,24.75,0.0,34.46,34.46,0.0
2004-03-30,9.78,9.78,0.0,24.99,24.99,0.0,35.23,35.23,0.0
2004-03-31,9.957,9.957,0.0,24.42,24.42,0.0,34.42,34.42,0.0
2004-04-01,10.62,10.62,0.0,27.05,27.05,0.0,38.56,38.56,0.0
2004-04-02,9.7,9.7,0.0,26.13,26.13,0.0,36.63,36.63,0.0
2004-04-03,9.663,9.663,0.0,26.21,26.21,0.0,36.3,36.3,0.0
2004-04-04,9.854,9.854,0.0,26.92,26.92,0.0,37.41,37.41,0.0
2004-04-05,9.743,9.743,0.0,24.83,24.83,0.0,34.8,34.8,0.0
2004-04-06,9.516,9.516,0.0,25.46,25.46,0.0,35.27,35.27,0.0
2004-04-07,9.196,9.196,0.0,25.75,25.75,0.0,35.46,35.46,0.0
2004-04-08,9.419,9.419,0.0,26.02,26.02,0.0,35.98,35.98,0.0
2004-04-09,9.261,9.261,0.0,25.23,25.23,0.0,34.96,34.96,0.0
2004-04-10,9.432,9.432,0.0,24.94,24.94,0.0,34.66,34.66,0.0
2004-04-11,10.34,10.34,0.0,26.15,26.15,0.0,36.94,36.94,0.0
2004-04-12,12.22,12.22,0.0,28.48,28.48,0.0,41.25,41.25,0.0
2004-04-13,14.76,14.76,0.0,31.36,31.36,0.0,45.71,45.71,0.0
2004-04-14,12.03,12.03,0.0,29.2,29.2,0.0,41.64,41.64,0.0
2004-04-15,10.62,10.62,0.0,27.57,27.57,0.0,38.75,38.75,0.0
2004-04-16,11.05,11.05,0.0,26.98,26.98,0.0,38.09,38.09,0.0
2004-04-17,11.29,11.29,0.0,27.31,27.31,0.0,38.75,38.75,0.0
2004-04-18,10.87,10.87,0.0,27.36,27.36,0.0,38.58,38.58,0.0
2004-04-19,10.56,10.56,0.0,26.53,26.53,0.0,37.43,37.43,0.0
2004-04-20,10.88,10.88,0.0,26.24,26.24,0.0,37.41,37.41,0.0
2004-04-21,10.91,10.91,0.0,26.56,26.56,0.0,37.57,37.57,0.0
2004-04-22,10.91,10.91,0.0,26.27,26.27,0.0,37.36,37.36,0.0
2004-04-23,10.35,10.35,0.0,27.16,27.16,0.0,38.2,38.2,0.0
2004-04-24,11.14,11.14,0.0,27.61,27.61,0.0,39.1,39.1,0.0
2004-04-25,14.19,14.19,0.0,31.17,31.17,0.0,45.41,45.41,0.0
2004-04-26,14.24,14.24,0.0,30.46,30.46,0.0,44.38,44.38,0.0
2004-04-27,12.83,12.83,0.0,28.01,28.01,0.0,40.72,40.72,0.0
2004-04-28,12.03,12.03,0.0,28.48,28.48,0.0,40.54,40.54,0.0
2004-04-29,11.83,11.83,0.0,28.49,28.49,0.0,40.44,40.44,0.0
2004-04-30,12.15,12.15,0.0,28.59,28.59,0.0,40.75,40.75,0.0
2004-05-01,12.62,12.62,0.0,27.14,27.14,0.0,39.61,39.61,0.0
2004-05-02,14.73,14.73,0.0,29.8,29.8,0.0,44.45,44.45,0.0
2004-05-03,13.47,13.47,0.0,28.72,28.72,0.0,42.14,42.14,0.0
2004-05-04,12.2,12.2,0.0,28.56,28.56,0.0,40.91,40.91,0.0
2004-05-05,12.79,12.79,0.0,28.2,28.2,0.0,40.81,40.81,0.0
2004-05-06,12.74,12.74,0.0,27.46,27.46,0.0,39.95,39.95,0.0
2004-05-07,12.91,12.91,0.0,28.26,28.26,0.0,41.21,41.21,0.0
2004-05-08,11.89,11.89,0.0,27.82,27.82,0.0,39.93,39.93,0.0
2004-05-09,12.25,12.25,0.0,27.57,27.57,0.0,39.81,39.81,0.0
2004-05-10,12.21,12.21,0.0,26.35,26.35,0.0,38.39,38.39,0.0
2004-05-11,12.88,12.88,0.0,27.45,27.45,0.0,39.93,39.93,0.0
2004-05-12,12.76,12.76,0.0,27.93,27.93,0.0,40.5,40.5,0.0
2004-05-13,13.23,13.23,0.0,27.97,27.97,0.0,40.86,40.86,0.0
2004-05-14,12.04,12.04,0.0,28.15,28.15,0.0,40.83,40.83,0.0
2004-05-15,13.12,13.12,0.0,28.51,28.51,0.0,42.05,42.05,0.0
2004-05-16,13.45,13.45,0.0,27.6,27.6,0.0,41.1,41.1,0.0
2004-05-17,14.24,14.24,0.0,28.57,28.57,0.0,42.7,42.7,0.0
2004-05-18,14.9,14.9,0.0,30.38,30.38,0.0,45.27,45.27,0.0
2004-05-19,13.86,13.86,0.0,29.7,29.7,0.0,43.95,43.95,0.0
2004-05-20,13.42,13.42,0.0,29.52,29.52,0.0,43.55,43.55,0.0
2004-05-21,15.68,15.68,0.0,30.69,30.69,0.0,46.26,46.26,0.0
2004-05-22,14.18,14.18,0.0,28.8,28.8,0.0,42.97,42.97,0.0
2004-05-23,14.13,14.13,0.0,29.38,29.38,0.0,43.28,43.28,0.0
2004-05-24,13.06,13.06,0.0,29.01,29.01,0.0,42.36,42.36,0.0
2004-05-25,13.66,13.66,0.0,29.31,29.31,0.0,43.26,43.26,0.0
2004-05-26,14.69,14.69,0.0,28.52,28.52,0.0,42.89,42.89,0.0
2004-05-27,16.45,16.45,0.0,31.69,31.69,0.0,47.9,47.9,0.0
2004-05-28,15.24,15.24,0.0,30.66,30.66,0.0,45.62,45.62,0.0
2004-05-29,13.87,13.87,0.0,29.84,29.84,0.0,43.78,43.78,0.0
2004-05-30,13.92,13.92,0.0,29.7,29.7,0.0,43.68,43.68,0.0
2004-05-31,14.17,14.17,0.0,28.45,28.45,0.0,42.25,42.25,0.0
2004-06-01,14.0,14.0,0.0,28.96,28.96,0.0,42.73,42.73,0.0
2004-06-02,13.72,13.72,0.0,29.03,29.03,0.0,42.57,42.57,0.0
2004-06-03,13.24,13.24,0.0,28.18,28.18,0.0,41.42,41.42,0.0
2004-06-04,13.99,13.99,0.0,28.18,28.18,0.0,41.79,41.79,0.0
2004-06-05,13.81,13.81,0.0,27.8,27.8,0.0,41.21,41.21,0.0
2004-06-06,13.53,13.53,0.0,27.82,27.82,0.0,41.0,41.0,0.0
2004-06-07,13.01,13.01,0.0,27.5,27.5,0.0,40.3,40.3,0.0
2004-06-08,12.96,12.96,0.0,26.55,26.55,0.0,39.17,39.17,0.0
2004-06-09,13.05,13.05,0.0,26.79,26.79,0.0,39.36,39.36,0.0
2004-06-10,13.08,13.08,0.0,26.79,26.79,0.0,39.68,39.68,0.0
2004-06-11,13.63,13.63,0.0,28.87,28.87,0.0,43.12,43.12,0.0
2004-06-12,12.34,12.34,0.0,26.72,26.72,0.0,39.05,39.05,0.0
2004-06-13,12.51,12.51,0.0,26.28,26.28,0.0,38.49,38.49,0.0
2004-06-14,12.66,12.66,0.0,26.04,26.04,0.0,38.41,38.41,0.0
2004-06-15,12.61,12.61,0.0,26.52,26.52,0.0,39.02,39.02,0.0
2004-06-16,12.38,12.38,0.0,26.7,26.7,0.0,39.06,39.06,0.0
2004-06-17,12.38,12.38,0.0,27.66,27.66,0.0,40.35,40.35,0.0
2004-06-18,12.42,12.42,0.0,27.58,27.58,0.0,40.29,40.29,0.0
2004-06-19,12.11,12.11,0.0,26.71,26.71,0.0,38.52,38.52,0.0
2004-06-20,11.92,11.92,0.0,25.6,25.6,0.0,37.31,37.31,0.0
2004-06-21,11.53,11.53,0.0,25.93,25.93,0.0,37.44,37.44,0.0
2004-06-22,11.7,11.7,0.0,26.36,26.36,0.0,38.22,38.22,0.0
2004-06-23,11.52,11.52,0.0,25.56,25.56,0.0,36.95,36.95,0.0
2004-06-24,11.39,11.39,0.0,24.54,24.54,0.0,35.63,35.63,0.0
2004-06-25,11.47,11.47,0.0,25.27,25.27,0.0,36.68,36.68,0.0
2004-06-26,10.88,10.88,0.0,24.9,24.9,0.0,35.73,35.73,0.0
2004-06-27,10.97,10.97,0.0,24.56,24.56,0.0,35.38,35.38,0.0
2004-06-28,10.95,10.95,0.0,23.82,23.82,0.0,34.47,34.47,0.0
2004-06-29,10.79,10.79,0.0,23.62,23.62,0.0,34.2,34.2,0.0
2004-06-30,10.6,10.6,0.0,23.66,23.66,0.0,34.11,34.11,0.0
2004-07-01,10.36,10.36,0.0,23.41,23.41,0.0,33.67,33.67,0.0
2004-07-02,10.39,10.39,0.0,22.93,22.93,0.0,33.15,33.15,0.0
2004-07-03,10.42,10.42,0.0,22.98,22.98,0.0,33.22,33.22,0.0
2004-07-04,10.31,10.31,0.0,22.92,22.92,0.0,33.27,33.27,0.0
2004-07-05,10.04,10.04,0.0,22.55,22.55,0.0,32.52,32.52,0.0
2004-07-06,9.852,9.852,0.0,22.15,22.15,0.0,31.86,31.86,0.0
2004-07-07,9.899,9.899,0.0,21.79,21.79,0.0,31.61,31.61,0.0
2004-07-08,9.717,9.717,0.0,21.61,21.61,0.0,31.07,31.07,0.0
2004-07-09,9.526,9.526,0.0,21.27,21.27,0.0,30.63,30.63,0.0
2004-07-10,9.624,9.624,0.0,21.63,21.63,0.0,31.23,31.23,0.0
2004-07-11,9.332,9.332,0.0,20.94,20.94,0.0,30.13,30.13,0.0
2004-07-12,9.469,9.469,0.0,21.12,21.12,0.0,30.6,30.6,0.0
2004-07-13,9.182,9.182,0.0,20.57,20.57,0.0,29.61,29.61,0.0
2004-07-14,9.076,9.076,0.0,20.43,20.43,0.0,29.33,29.33,0.0
2004-07-15,8.989,8.989,0.0,20.15,20.15,0.0,28.94,28.94,0.0
2004-07-16,8.821,8.821,0.0,19.89,19.89,0.0,28.55,28.55,0.0
2004-07-17,8.782,8.782,0.0,19.67,19.67,0.0,28.31,28.31,0.0
2004-07-18,8.695,8.695,0.0,19.5,19.5,0.0,28.07,28.07,0.0
2004-07-19,8.574,8.574,0.0,19.24,19.24,0.0,27.61,27.61,0.0
2004-07-20,8.427,8.427,0.0,19.02,19.02,0.0,27.27,27.27,0.0
2004-07-21,8.359,8.359,0.0,18.72,18.72,0.0,26.87,26.87,0.0
2004-07-22,8.453,8.453,0.0,18.95,18.95,0.0,27.41,27.41,0.0
2004-07-23,8.298,8.298,0.0,18.58,18.58,0.0,26.83,26.83,0.0
2004-07-24,8.126,8.126,0.0,18.2,18.2,0.0,26.14,26.14,0.0
2004-07-25,7.984,7.984,0.0,17.9,17.9,0.0,25.73,25.73,0.0
2004-07-26,8.319,8.319,0.0,19.02,19.02,0.0,27.69,27.69,0.0
2004-07-27,7.893,7.893,0.0,17.84,17.84,0.0,25.6,25.6,0.0
2004-07-28,7.792,7.792,0.0,17.48,17.48,0.0,25.09,25.09,0.0
2004-07-29,7.708,7.708,0.0,17.37,17.37,0.0,24.91,24.91,0.0
2004-07-30,7.617,7.617,0.0,17.23,17.23,0.0,24.77,24.77,0.0
2004-07-31,7.745,7.745,0.0,17.65,17.65,0.0,25.52,25.52,0.0
2004-08-01,7.471,7.471,0.0,16.84,16.84,0.0,24.14,24.14,0.0
2004-08-02,7.404,7.404,0.0,16.6,16.6,0.0,23.82,23.82,0.0
2004-08-03,7.285,7.285,0.0,16.42,16.42,0.0,23.56,23.56,0.0
2004-08-04,7.318,7.318,0.0,16.57,16.57,0.0,23.87,23.87,0.0
2004-08-05,7.141,7.141,0.0,16.2,16.2,0.0,23.18,23.18,0.0
2004-08-06,7.076,7.076,0.0,15.85,15.85,0.0,22.73,22.73,0.0
2004-08-07,7.004,7.004,0.0,15.77,15.77,0.0,22.6,22.6,0.0
2004-08-08,6.893,6.893,0.0,15.57,15.57,0.0,22.31,22.31,0.0
2004-08-09,6.82,6.82,0.0,15.43,15.43,0.0,22.08,22.08,0.0
2004-08-10,6.742,6.742,0.0,15.26,15.26,0.0,21.84,21.84,0.0
2004-08-11,7.179,7.179,0.0,15.03,15.03,0.0,21.88,21.88,0.0
2004-08-12,7.334,7.334,0.0,15.84,15.84,0.0,23.33,23.33,0.0
2004-08-13,6.909,6.909,0.0,14.89,14.89,0.0,21.6,21.6,0.0
2004-08-14,6.839,6.839,0.0,14.74,14.74,0.0,21.36,21.36,0.0
2004-08-15,6.798,6.798,0.0,14.64,14.64,0.0,21.23,21.23,0.0
2004-08-16,6.706,6.706,0.0,14.39,14.39,0.0,20.86,20.86,0.0
2004-08-17,6.627,6.627,0.0,14.25,14.25,0.0,20.65,20.65,0.0
2004-08-18,6.52,6.52,0.0,14.09,14.09,0.0,20.41,20.41,0.0
2004-08-19,6.534,6.534,0.0,14.14,14.14,0.0,20.55,20.55,0.0
2004-08-20,6.528,6.528,0.0,14.03,14.03,0.0,20.46,20.46,0.0
2004-08-21,6.614,6.614,0.0,14.32,14.32,0.0,21.01,21.01,0.0
2004-08-22,6.31,6.31,0.0,13.55,13.55,0.0,19.65,19.65,0.0
2004-08-23,6.207,6.207,0.0,13.42,13.42,0.0,19.42,19.42,0.0
2004-08-24,6.157,6.157,0.0,13.28,13.28,0.0,19.23,19.23,0.0
2004-08-25,6.095,6.095,0.0,13.04,13.04,0.0,18.92,18.92,0.0
2004-08-26,6.03,6.03,0.0,12.93,12.93,0.0,18.73,18.73,0.0
2004-08-27,5.952,5.952,0.0,12.77,12.77,0.0,18.51,18.51,0.0
2004-08-28,5.868,5.868,0.0,12.65,12.65,0.0,18.31,18.31,0.0
2004-08-29,5.875,5.875,0.0,12.6,12.6,0.0,18.35,18.35,0.0
2004-08-30,5.889,5.889,0.0,12.71,12.71,0.0,18.55,18.55,0.0
2004-08-31,5.694,5.694,0.0,12.21,12.21,0.0,17.69,17.69,0.0
2004-09-01,5.603,5.603,0.0,12.07,12.07,0.0,17.48,17.48,0.0
2004-09-02,5.555,5.555,0.0,11.9,11.9,0.0,17.25,17.25,0.0
2004-09-03,5.497,5.497,0.0,11.77,11.77,0.0,17.07,17.07,0.0
2004-09-04,5.436,5.436,0.0,11.64,11.64,0.0,16.87,16.87,0.0
2004-09-05,5.42,5.42,0.0,11.64,11.64,0.0,16.92,16.92,0.0
2004-09-06,5.353,5.353,0.0,11.53,11.53,0.0,16.77,16.77,0.0
2004-09-07,6.683,6.683,0.0,13.06,13.06,0.0,20.64,20.64,0.0
2004-09-08,8.395,8.395,0.0,15.18,15.18,0.0,24.08,24.08,0.0
2004-09-09,6.845,6.845,0.0,14.08,14.08,0.0,21.18,21.18,0.0
2004-09-10,6.365,6.365,0.0,12.88,12.88,0.0,18.98,18.98,0.0
2004-09-11,6.276,6.276,0.0,12.72,12.72,0.0,18.74,18.74,0.0
2004-09-12,6.202,6.202,0.0,12.52,12.52,0.0,18.47,18.47,0.0
2004-09-13,6.144,6.144,0.0,12.41,12.41,0.0,18.3,18.3,0.0
2004-09-14,6.079,6.079,0.0,12.29,12.29,0.0,18.1,18.1,0.0
2004-09-15,6.01,6.01,0.0,12.15,12.15,0.0,17.91,17.91,0.0
2004-09-16,6.274,6.274,0.0,12.4,12.4,0.0,18.56,18.56,0.0
2004-09-17,7.264,7.264,0.0,14.28,14.28,0.0,21.88,21.88,0.0
2004-09-18,6.687,6.687,0.0,13.15,13.15,0.0,19.72,19.72,0.0
2004-09-19,6.472,6.472,0.0,12.61,12.61,0.0,18.76,18.76,0.0
2004-09-20,6.4,6.4,0.0,12.47,12.47,0.0,18.53,18.53,0.0
2004-09-21,6.306,6.306,0.0,12.29,12.29,0.0,18.27,18.27,0.0
2004-09-22,6.213,6.213,0.0,12.05,12.05,0.0,17.96,17.96,0.0
2004-09-23,6.17,6.17,0.0,12.0,12.0,0.0,17.86,17.86,0.0
2004-09-24,6.11,6.11,0.0,11.9,11.9,0.0,17.69,17.69,0.0
2004-09-25,6.034,6.034,0.0,11.76,11.76,0.0,17.47,17.47,0.0
2004-09-26,6.031,6.031,0.0,11.52,11.52,0.0,17.22,17.22,0.0
2004-09-27,8.121,8.121,0.0,14.0,14.0,0.0,23.0,23.0,0.0
2004-09-28,8.811,8.811,0.0,17.15,17.15,0.0,26.26,26.26,0.0
2004-09-29,8.082,8.082,0.0,14.37,14.37,0.0,21.99,21.99,0.0
2004-09-30,8.001,8.001,0.0,14.2,14.2,0.0,21.71,21.71,0.0
2004-10-01,7.746,7.746,0.0,14.09,14.09,0.0,21.34,21.34,0.0
2004-10-02,7.565,7.565,0.0,13.23,13.23,0.0,20.43,20.43,0.0
2004-10-03,7.571,7.571,0.0,13.37,13.37,0.0,20.51,20.51,0.0
2004-10-04,7.567,7.567,0.0,13.49,13.49,0.0,20.6,20.6,0.0
2004-10-05,7.408,7.408,0.0,13.44,13.44,0.0,20.44,20.44,0.0
2004-10-06,7.322,7.322,0.0,13.33,13.33,0.0,20.19,20.19,0.0
2004-10-07,7.201,7.201,0.0,12.53,12.53,0.0,19.29,19.29,0.0
2004-10-08,7.218,7.218,0.0,12.78,12.78,0.0,19.54,19.54,0.0
2004-10-09,7.175,7.175,0.0,12.8,12.8,0.0,19.52,19.52,0.0
2004-10-10,6.957,6.957,0.0,12.72,12.72,0.0,19.26,19.26,0.0
2004-10-11,6.932,6.932,0.0,12.11,12.11,0.0,18.62,18.62,0.0
2004-10-12,6.907,6.907,0.0,12.31,12.31,0.0,18.8,18.8,0.0
2004-10-13,6.973,6.973,0.0,12.55,12.55,0.0,19.16,19.16,0.0
2004-10-14,6.892,6.892,0.0,12.41,12.41,0.0,18.86,18.86,0.0
2004-10-15,6.778,6.778,0.0,12.69,12.69,0.0,19.14,19.14,0.0
2004-10-16,6.797,6.797,0.0,13.05,13.05,0.0,19.52,19.52,0.0
2004-10-17,6.645,6.645,0.0,12.54,12.54,0.0,18.72,18.72,0.0
2004-10-18,6.678,6.678,0.0,12.3,12.3,0.0,18.6,18.6,0.0
2004-10-19,6.821,6.821,0.0,12.76,12.76,0.0,19.14,19.14,0.0
2004-10-20,7.133,7.133,0.0,13.78,13.78,0.0,20.72,20.72,0.0
2004-10-21,7.005,7.005,0.0,13.38,13.38,0.0,19.96,19.96,0.0
2004-10-22,6.71,6.71,0.0,13.23,13.23,0.0,19.6,19.6,0.0
2004-10-23,6.825,6.825,0.0,13.27,13.27,0.0,19.79,19.79,0.0
2004-10-24,6.781,6.781,0.0,13.1,13.1,0.0,19.56,19.56,0.0
2004-10-25,6.713,6.713,0.0,12.99,12.99,0.0,19.25,19.25,0.0
2004-10-26,6.517,6.517,0.0,13.11,13.11,0.0,19.21,19.21,0.0
2004-10-27,6.604,6.604,0.0,13.36,13.36,0.0,19.65,19.65,0.0
2004-10-28,6.477,6.477,0.0,12.4,12.4,0.0,18.49,18.49,0.0
2004-10-29,6.778,6.778,0.0,13.78,13.78,0.0,20.5,20.5,0.0
2004-10-30,6.54,6.54,0.0,13.36,13.36,0.0,19.59,19.59,0.0
2004-10-31,6.332,6.332,0.0,13.07,13.07,0.0,19.13,19.13,0.0
2004-11-01,6.307,6.307,0.0,13.08,13.08,0.0,19.05,19.05,0.0
2004-11-02,6.412,6.412,0.0,13.4,13.4,0.0,19.79,19.79,0.0
2004-11-03,6.905,6.905,0.0,13.61,13.61,0.0,20.4,20.4,0.0
2004-11-04,7.562,7.562,0.0,16.24,16.24,0.0,24.0,24.0,0.0
2004-11-05,7.03,7.03,0.0,15.34,15.34,0.0,22.09,22.09,0.0
2004-11-06,6.753,6.753,0.0,15.25,15.25,0.0,21.75,21.75,0.0
2004-11-07,6.736,6.736,0.0,14.8,14.8,0.0,21.23,21.23,0.0
2004-11-08,6.554,6.554,0.0,13.76,13.76,0.0,20.14,20.14,0.0
2004-11-09,6.624,6.624,0.0,14.34,14.34,0.0,20.7,20.7,0.0
2004-11-10,6.417,6.417,0.0,14.49,14.49,0.0,20.69,20.69,0.0
2004-11-11,7.211,7.211,0.0,15.6,15.6,0.0,22.73,22.73,0.0
2004-11-12,7.362,7.362,0.0,15.74,15.74,0.0,22.99,22.99,0.0
2004-11-13,7.078,7.078,0.0,14.76,14.76,0.0,21.59,21.59,0.0
2004-11-14,6.763,6.763,0.0,14.68,14.68,0.0,21.17,21.17,0.0
2004-11-15,6.593,6.593,0.0,15.02,15.02,0.0,21.41,21.41,0.0
2004-11-16,6.723,6.723,0.0,15.05,15.05,0.0,21.53,21.53,0.0
2004-11-17,6.856,6.856,0.0,15.26,15.26,0.0,22.03,22.03,0.0
2004-11-18,6.897,6.897,0.0,14.75,14.75,0.0,21.54,21.54,0.0
2004-11-19,7.279,7.279,0.0,15.37,15.37,0.0,22.51,22.51,0.0
2004-11-20,7.024,7.024,0.0,15.78,15.78,0.0,22.46,22.46,0.0
2004-11-21,6.754,6.754,0.0,15.97,15.97,0.0,22.63,22.63,0.0
2004-11-22,6.912,6.912,0.0,15.92,15.92,0.0,22.77,22.77,0.0
2004-11-23,7.358,7.358,0.0,15.9,15.9,0.0,23.18,23.18,0.0
2004-11-24,7.879,7.879,0.0,17.6,17.6,0.0,25.49,25.49,0.0
2004-11-25,7.581,7.581,0.0,16.25,16.25,0.0,23.84,23.84,0.0
2004-11-26,7.7,7.7,0.0,16.66,16.66,0.0,24.04,24.04,0.0
2004-11-27,8.046,8.046,0.0,17.54,17.54,0.0,25.45,25.45,0.0
2004-11-28,7.492,7.492,0.0,17.0,17.0,0.0,24.41,24.41,0.0
2004-11-29,7.989,7.989,0.0,16.96,16.96,0.0,24.69,24.69,0.0
2004-11-30,9.606,9.606,0.0,19.29,19.29,0.0,28.69,28.69,0.0
2004-12-01,8.819,8.819,0.0,17.26,17.26,0.0,25.7,25.7,0.0
2004-12-02,8.531,8.531,0.0,17.85,17.85,0.0,25.89,25.89,0.0
2004-12-03,8.089,8.089,0.0,17.57,17.57,0.0,25.52,25.52,0.0
2004-12-04,8.381,8.381,0.0,17.58,17.58,0.0,25.68,25.68,0.0
2004-12-05,8.555,8.555,0.0,17.27,17.27,0.0,25.59,25.59,0.0
2004-12-06,9.022,9.022,0.0,17.87,17.87,0.0,26.54,26.54,0.0
2004-12-07,8.774,8.774,0.0,18.77,18.77,0.0,27.45,27.45,0.0
2004-12-08,8.957,8.957,0.0,18.08,18.08,0.0,26.91,26.91,0.0
2004-12-09,10.26,10.26,0.0,19.47,19.47,0.0,29.44,29.44,0.0
2004-12-10,10.22,10.22,0.0,19.52,19.52,0.0,29.12,29.12,0.0
2004-12-11,10.07,10.07,0.0,18.69,18.69,0.0,28.55,28.55,0.0
2004-12-12,9.457,9.457,0.0,19.18,19.18,0.0,28.41,28.41,0.0
2004-12-13,9.503,9.503,0.0,19.24,19.24,0.0,28.63,28.63,0.0
2004-12-14,9.506,9.506,0.0,18.84,18.84,0.0,27.97,27.97,0.0
2004-12-15,9.535,9.535,0.0,18.18,18.18,0.0,27.31,27.31,0.0
2004-12-16,9.21,9.21,0.0,18.32,18.32,0.0,27.17,27.17,0.0
2004-12-17,8.995,8.995,0.0,18.56,18.56,0.0,27.34,27.34,0.0
2004-12-18,9.034,9.034,0.0,17.96,17.96,0.0,26.59,26.59,0.0
2004-12-19,9.153,9.153,0.0,18.3,18.3,0.0,27.13,27.13,0.0
2004-12-20,8.987,8.987,0.0,17.64,17.64,0.0,26.29,26.29,0.0
2004-12-21,8.567,8.567,0.0,17.5,17.5,0.0,25.82,25.82,0.0
2004-12-22,8.854,8.854,0.0,18.54,18.54,0.0,27.12,27.12,0.0
2004-12-23,9.542,9.542,0.0,17.97,17.97,0.0,27.12,27.12,0.0
2004-12-24,8.676,8.676,0.0,17.02,17.02,0.0,25.4,25.4,0.0
2004-12-25,8.424,8.424,0.0,16.68,16.68,0.0,24.87,24.87,0.0
2004-12-26,8.221,8.221,0.0,16.68,16.68,0.0,24.64,24.64,0.0
2004-12-27,8.238,8.238,0.0,16.37,16.37,0.0,24.24,24.24,0.0
2004-12-28,8.258,8.258,0.0,16.22,16.22,0.0,24.14,24.14,0.0
2004-12-29,8.15,8.15,0.0,16.14,16.14,0.0,24.0,24.0,0.0
2004-12-30,7.926,7.926,0.0,15.93,15.93,0.0,23.58,23.58,0.0
2004-12-31,7.893,7.893,0.0,15.86,15.86,0.0,23.49,23.49,0.0
2005-01-01,7.863,7.863,0.0,15.73,15.73,0.0,23.3,23.3,0.0
2005-01-02,8.205,8.205,0.0,16.08,16.08,0.0,23.93,23.93,0.0
2005-01-03,8.78,8.78,0.0,17.1,17.1,0.0,25.78,25.78,0.0
2005-01-04,8.972,8.972,0.0,17.98,17.98,0.0,26.9,26.9,0.0
2005-01-05,8.899,8.899,0.0,18.26,18.26,0.0,27.07,27.07,0.0
2005-01-06,8.271,8.271,0.0,17.98,17.98,0.0,26.53,26.53,0.0
2005-01-07,8.673,8.673,0.0,18.58,18.58,0.0,27.08,27.08,0.0
2005-01-08,8.745,8.745,0.0,18.2,18.2,0.0,26.79,26.79,0.0
2005-01-09,8.688,8.688,0.0,17.7,17.7,0.0,26.16,26.16,0.0
2005-01-10,8.25,8.25,0.0,17.79,17.79,0.0,26.05,26.05,0.0
2005-01-11,8.401,8.401,0.0,18.25,18.25,0.0,26.77,26.77,0.0
2005-01-12,8.375,8.375,0.0,18.58,18.58,0.0,26.91,26.91,0.0
2005-01-13,9.814,9.814,0.0,20.35,20.35,0.0,30.29,30.29,0.0
2005-01-14,9.306,9.306,0.0,18.7,18.7,0.0,27.86,27.86,0.0
2005-01-15,9.249,9.249,0.0,18.93,18.93,0.0,27.94,27.94,0.0
2005-01-16,8.785,8.785,0.0,19.04,19.04,0.0,27.88,27.88,0.0
2005-01-17,8.618,8.618,0.0,18.83,18.83,0.0,27.37,27.37,0.0
2005-01-18,8.76,8.76,0.0,18.42,18.42,0.0,27.01,27.01,0.0
2005-01-19,8.818,8.818,0.0,18.25,18.25,0.0,26.91,26.91,0.0
2005-01-20,8.252,8.252,0.0,18.19,18.19,0.0,26.53,26.53,0.0
2005-01-21,8.383,8.383,0.0,17.78,17.78,0.0,25.95,25.95,0.0
2005-01-22,8.625,8.625,0.0,18.12,18.12,0.0,26.8,26.8,0.0
2005-01-23,8.406,8.406,0.0,17.16,17.16,0.0,25.41,25.41,0.0
2005-01-24,8.193,8.193,0.0,17.11,17.11,0.0,25.15,25.15,0.0
2005-01-25,7.868,7.868,0.0,17.1,17.1,0.0,24.81,24.81,0.0
2005-01-26,8.04,8.04,0.0,17.42,17.42,0.0,25.87,25.87,0.0
2005-01-27,8.0,8.0,0.0,16.42,16.42,0.0,24.26,24.26,0.0
2005-01-28,7.944,7.944,0.0,16.36,16.36,0.0,24.09,24.09,0.0
2005-01-29,7.729,7.729,0.0,16.41,16.41,0.0,24.11,24.11,0.0
2005-01-30,7.529,7.529,0.0,15.9,15.9,0.0,23.25,23.25,0.0
2005-01-31,7.602,7.602,0.0,15.65,15.65,0.0,23.07,23.07,0.0
2005-02-01,7.666,7.666,0.0,15.94,15.94,0.0,23.4,23.4,0.0
2005-02-02,7.573,7.573,0.0,16.38,16.38,0.0,23.76,23.76,0.0
2005-02-03,7.232,7.232,0.0,15.92,15.92,0.0,23.1,23.1,0.0
2005-02-04,7.563,7.563,0.0,15.19,15.19,0.0,22.52,22.52,0.0
2005-02-05,7.439,7.439,0.0,15.68,15.68,0.0,22.93,22.93,0.0
2005-02-06,7.196,7.196,0.0,17.84,17.84,0.0,24.85,24.85,0.0
2005-02-07,7.128,7.128,0.0,15.66,15.66,0.0,22.61,22.61,0.0
2005-02-08,6.844,6.844,0.0,15.13,15.13,0.0,21.97,21.97,0.0
2005-02-09,7.246,7.246,0.0,17.45,17.45,0.0,25.05,25.05,0.0
2005-02-10,6.994,6.994,0.0,15.84,15.84,0.0,23.06,23.06,0.0
2005-02-11,6.858,6.858,0.0,15.13,15.13,0.0,22.07,22.07,0.0
2005-02-12,6.801,6.801,0.0,14.48,14.48,0.0,21.25,21.25,0.0
2005-02-13,6.608,6.608,0.0,14.97,14.97,0.0,21.83,21.83,0.0
2005-02-14,6.865,6.865,0.0,15.68,15.68,0.0,22.7,22.7,0.0
2005-02-15,7.018,7.018,0.0,15.45,15.45,0.0,22.42,22.42,0.0
2005-02-16,7.49,7.49,0.0,15.98,15.98,0.0,23.43,23.43,0.0
2005-02-17,7.481,7.481,0.0,15.28,15.28,0.0,22.55,22.55,0.0
2005-02-18,7.341,7.341,0.0,14.4,14.4,0.0,21.61,21.61,0.0
2005-02-19,6.913,6.913,0.0,14.88,14.88,0.0,21.81,21.81,0.0
2005-02-20,7.081,7.081,0.0,15.22,15.22,0.0,22.37,22.37,0.0
2005-02-21,7.657,7.657,0.0,16.05,16.05,0.0,23.36,23.36,0.0
2005-02-22,7.423,7.423,0.0,14.62,14.62,0.0,21.84,21.84,0.0
2005-02-23,7.849,7.849,0.0,14.94,14.94,0.0,22.73,22.73,0.0
2005-02-24,7.716,7.716,0.0,15.11,15.11,0.0,23.06,23.06,0.0
2005-02-25,7.295,7.295,0.0,14.7,14.7,0.0,22.1,22.1,0.0
2005-02-26,7.315,7.315,0.0,14.55,14.55,0.0,21.81,21.81,0.0
2005-02-27,7.411,7.411,0.0,14.13,14.13,0.0,21.53,21.53,0.0
2005-02-28,7.291,7.291,0.0,14.05,14.05,0.0,21.5,21.5,0.0
2005-03-01,7.217,7.217,0.0,14.37,14.37,0.0,21.83,21.83,0.0
2005-03-02,7.091,7.091,0.0,14.02,14.02,0.0,21.23,21.23,0.0
2005-03-03,7.036,7.036,0.0,13.65,13.65,0.0,20.56,20.56,0.0
2005-03-04,7.157,7.157,0.0,13.41,13.41,0.0,20.68,20.68,0.0
2005-03-05,7.627,7.627,0.0,14.23,14.23,0.0,21.76,21.76,0.0
2005-03-06,10.91,10.91,0.0,20.31,20.31,0.0,30.12,30.12,0.0
2005-03-07,9.716,9.716,0.0,27.47,27.47,0.0,36.17,36.17,0.0
2005-03-08,7.29,7.29,0.0,15.49,15.49,0.0,23.01,23.01,0.0
2005-03-09,7.077,7.077,0.0,14.44,14.44,0.0,21.37,21.37,0.0
2005-03-10,6.685,6.685,0.0,13.7,13.7,0.0,20.49,20.49,0.0
2005-03-11,6.864,6.864,0.0,14.87,14.87,0.0,22.0,22.0,0.0
2005-03-12,6.993,6.993,0.0,15.51,15.51,0.0,22.81,22.81,0.0
2005-03-13,8.391,8.391,0.0,13.93,13.93,0.0,21.63,21.63,0.0
2005-03-14,7.568,7.568,0.0,14.07,14.07,0.0,21.45,21.45,0.0
2005-03-15,7.138,7.138,0.0,13.96,13.96,0.0,21.13,21.13,0.0
2005-03-16,7.579,7.579,0.0,13.38,13.38,0.0,20.68,20.68,0.0
2005-03-17,8.009,8.009,0.0,15.07,15.07,0.0,22.87,22.87,0.0
2005-03-18,7.793,7.793,0.0,17.4,17.4,0.0,25.37,25.37,0.0
2005-03-19,8.308,8.308,0.0,17.59,17.59,0.0,25.85,25.85,0.0
2005-03-20,8.348,8.348,0.0,17.39,17.39,0.0,25.32,25.32,0.0
2005-03-21,7.678,7.678,0.0,16.38,16.38,0.0,24.09,24.09,0.0
2005-03-22,8.806,8.806,0.0,17.95,17.95,0.0,26.92,26.92,0.0
2005-03-23,10.45,10.45,0.0,23.26,23.26,0.0,33.7,33.7,0.0
2005-03-24,9.45,9.45,0.0,21.2,21.2,0.0,31.03,31.03,0.0
2005-03-25,9.525,9.525,0.0,18.83,18.83,0.0,28.57,28.57,0.0
2005-03-26,9.069,9.069,0.0,20.21,20.21,0.0,29.28,29.28,0.0
2005-03-27,10.78,10.78,0.0,21.8,21.8,0.0,32.77,32.77,0.0
2005-03-28,13.33,13.33,0.0,27.25,27.25,0.0,40.5,40.5,0.0
2005-03-29,10.76,10.76,0.0,23.88,23.88,0.0,35.04,35.04,0.0
2005-03-30,10.59,10.59,0.0,22.44,22.44,0.0,33.37,33.37,0.0
2005-03-31,10.02,10.02,0.0,22.74,22.74,0.0,32.76,32.76,0.0
2005-04-01,11.82,11.82,0.0,24.07,24.07,0.0,36.19,36.19,0.0
2005-04-02,13.37,13.37,0.0,26.17,26.17,0.0,39.66,39.66,0.0
2005-04-03,11.63,11.63,0.0,24.2,24.2,0.0,36.26,36.26,0.0
2005-04-04,10.97,10.97,0.0,24.0,24.0,0.0,35.35,35.35,0.0
2005-04-05,11.19,11.19,0.0,24.66,24.66,0.0,35.86,35.86,0.0
2005-04-06,11.42,11.42,0.0,24.05,24.05,0.0,35.55,35.55,0.0
2005-04-07,12.56,12.56,0.0,25.98,25.98,0.0,38.89,38.89,0.0
2005-04-08,11.78,11.78,0.0,23.76,23.76,0.0,35.88,35.88,0.0
2005-04-09,11.01,11.01,0.0,24.61,24.61,0.0,36.05,36.05,0.0
2005-04-10,11.47,11.47,0.0,24.2,24.2,0.0,35.61,35.61,0.0
2005-04-11,11.58,11.58,0.0,24.55,24.55,0.0,36.18,36.18,0.0
2005-04-12,11.31,11.31,0.0,23.44,23.44,0.0,34.81,34.81,0.0
2005-04-13,10.87,10.87,0.0,23.61,23.61,0.0,34.8,34.8,0.0
2005-04-14,10.94,10.94,0.0,23.83,23.83,0.0,34.82,34.82,0.0
2005-04-15,11.05,11.05,0.0,23.22,23.22,0.0,34.34,34.34,0.0
2005-04-16,11.02,11.02,0.0,23.34,23.34,0.0,34.44,34.44,0.0
2005-04-17,10.75,10.75,0.0,22.24,22.24,0.0,33.05,33.05,0.0
2005-04-18,10.26,10.26,0.0,22.58,22.58,0.0,33.09,33.09,0.0
2005-04-19,10.48,10.48,0.0,22.52,22.52,0.0,33.02,33.02,0.0
2005-04-20,10.5,10.5,0.0,22.13,22.13,0.0,32.68,32.68,0.0
2005-04-21,11.96,11.96,0.0,23.29,23.29,0.0,35.27,35.27,0.0
2005-04-22,12.76,12.76,0.0,24.67,24.67,0.0,37.6,37.6,0.0
2005-04-23,12.47,12.47,0.0,24.52,24.52,0.0,36.98,36.98,0.0
2005-04-24,11.7,11.7,0.0,24.41,24.41,0.0,36.35,36.35,0.0
2005-04-25,11.28,11.28,0.0,24.12,24.12,0.0,35.43,35.43,0.0
2005-04-26,11.76,11.76,0.0,24.08,24.08,0.0,35.82,35.82,0.0
2005-04-27,11.77,11.77,0.0,24.7,24.7,0.0,36.54,36.54,0.0
2005-04-28,11.24,11.24,0.0,24.27,24.27,0.0,35.51,35.51,0.0
2005-04-29,12.67,12.67,0.0,25.67,25.67,0.0,38.41,38.41,0.0
2005-04-30,14.05,14.05,0.0,26.47,26.47,0.0,40.47,40.47,0.0
2005-05-01,12.12,12.12,0.0,24.84,24.84,0.0,37.01,37.01,0.0
2005-05-02,12.46,12.46,0.0,25.87,25.87,0.0,38.4,38.4,0.0
2005-05-03,11.9,11.9,0.0,25.58,25.58,0.0,37.52,37.52,0.0
2005-05-04,12.12,12.12,0.0,25.33,25.33,0.0,37.41,37.41,0.0
2005-05-05,11.64,11.64,0.0,24.4,24.4,0.0,36.15,36.15,0.0
2005-05-06,11.84,11.84,0.0,24.18,24.18,0.0,35.87,35.87,0.0
2005-05-07,11.65,11.65,0.0,24.35,24.35,0.0,35.89,35.89,0.0
2005-05-08,11.53,11.53,0.0,24.21,24.21,0.0,35.71,35.71,0.0
2005-05-09,11.29,11.29,0.0,23.52,23.52,0.0,34.89,34.89,0.0
2005-05-10,11.31,11.31,0.0,23.44,23.44,0.0,34.64,34.64,0.0
2005-05-11,11.2,11.2,0.0,23.92,23.92,0.0,35.06,35.06,0.0
2005-05-12,11.04,11.04,0.0,23.57,23.57,0.0,34.57,34.57,0.0
2005-05-13,11.06,11.06,0.0,22.92,22.92,0.0,33.9,33.9,0.0
2005-05-14,10.91,10.91,0.0,23.85,23.85,0.0,35.03,35.03,0.0
2005-05-15,10.88,10.88,0.0,22.95,22.95,0.0,33.68,33.68,0.0
2005-05-16,10.7,10.7,0.0,22.97,22.97,0.0,33.54,33.54,0.0
2005-05-17,10.59,10.59,0.0,22.81,22.81,0.0,33.36,33.36,0.0
2005-05-18,10.48,10.48,0.0,22.23,22.23,0.0,32.7,32.7,0.0
2005-05-19,12.54,12.54,0.0,25.59,25.59,0.0,38.72,38.72,0.0
2005-05-20,12.6,12.6,0.0,26.17,26.17,0.0,39.21,39.21,0.0
2005-05-21,11.96,11.96,0.0,25.28,25.28,0.0,37.43,37.43,0.0
2005-05-22,11.46,11.46,0.0,24.04,24.04,0.0,35.37,35.37,0.0
2005-05-23,12.29,12.29,0.0,26.16,26.16,0.0,39.09,39.09,0.0
2005-05-24,11.99,11.99,0.0,25.19,25.19,0.0,37.75,37.75,0.0
2005-05-25,11.96,11.96,0.0,25.43,25.43,0.0,37.77,37.77,0.0
2005-05-26,11.67,11.67,0.0,25.16,25.16,0.0,37.26,37.26,0.0
2005-05-27,11.32,11.32,0.0,24.48,24.48,0.0,35.9,35.9,0.0
2005-05-28,11.37,11.37,0.0,24.48,24.48,0.0,36.18,36.18,0.0
2005-05-29,11.41,11.41,0.0,24.03,24.03,0.0,35.7,35.7,0.0
2005-05-30,11.31,11.31,0.0,24.32,24.32,0.0,35.95,35.95,0.0
2005-05-31,10.96,10.96,0.0,23.4,23.4,0.0,34.45,34.45,0.0
2005-06-01,10.91,10.91,0.0,23.64,23.64,0.0,34.76,34.76,0.0
2005-06-02,10.89,10.89,0.0,23.15,23.15,0.0,34.41,34.41,0.0
2005-06-03,10.92,10.92,0.0,23.35,23.35,0.0,34.46,34.46,0.0
2005-06-04,10.61,10.61,0.0,23.13,23.13,0.0,33.78,33.78,0.0
2005-06-05,10.58,10.58,0.0,22.65,22.65,0.0,33.36,33.36,0.0
2005-06-06,10.34,10.34,0.0,22.47,22.47,0.0,33.07,33.07,0.0
2005-06-07,10.4,10.4,0.0,22.18,22.18,0.0,32.76,32.76,0.0
2005-06-08,10.33,10.33,0.0,22.35,22.35,0.0,32.89,32.89,0.0
2005-06-09,10.14,10.14,0.0,21.87,21.87,0.0,32.13,32.13,0.0
2005-06-10,10.07,10.07,0.0,21.96,21.96,0.0,32.22,32.22,0.0
2005-06-11,9.914,9.914,0.0,21.35,21.35,0.0,31.43,31.43,0.0
2005-06-12,9.908,9.908,0.0,21.21,21.21,0.0,31.24,31.24,0.0
2005-06-13,9.823,9.823,0.0,21.15,21.15,0.0,31.15,31.15,0.0
2005-06-14,9.596,9.596,0.0,20.78,20.78,0.0,30.45,30.45,0.0
2005-06-15,9.489,9.489,0.0,20.5,20.5,0.0,30.08,30.08,0.0
2005-06-16,9.469,9.469,0.0,20.38,20.38,0.0,30.05,30.05,0.0
2005-06-17,9.389,9.389,0.0,20.2,20.2,0.0,29.69,29.69,0.0
2005-06-18,9.273,9.273,0.0,19.97,19.97,0.0,29.18,29.18,0.0
2005-06-19,9.047,9.047,0.0,19.43,19.43,0.0,28.58,28.58,0.0
2005-06-20,8.924,8.924,0.0,19.47,19.47,0.0,28.54,28.54,0.0
2005-06-21,8.95,8.95,0.0,19.14,19.14,0.0,28.17,28.17,0.0
2005-06-22,8.964,8.964,0.0,19.29,19.29,0.0,28.47,28.47,0.0
2005-06-23,8.807,8.807,0.0,18.87,18.87,0.0,27.6,27.6,0.0
2005-06-24,8.519,8.519,0.0,18.45,18.45,0.0,27.07,27.07,0.0
2005-06-25,8.485,8.485,0.0,18.33,18.33,0.0,26.9,26.9,0.0
2005-06-26,8.427,8.427,0.0,18.07,18.07,0.0,26.57,26.57,0.0
2005-06-27,8.367,8.367,0.0,17.95,17.95,0.0,26.32,26.32,0.0
2005-06-28,8.313,8.313,0.0,17.84,17.84,0.0,26.25,26.25,0.0
2005-06-29,8.128,8.128,0.0,17.76,17.76,0.0,26.06,26.06,0.0
2005-06-30,8.357,8.357,0.0,17.9,17.9,0.0,26.5,26.5,0.0
2005-07-01,8.117,8.117,0.0,17.15,17.15,0.0,25.24,25.24,0.0
2005-07-02,8.067,8.067,0.0,16.99,16.99,0.0,25.03,25.03,0.0
2005-07-03,8.141,8.141,0.0,17.37,17.37,0.0,25.76,25.76,0.0
2005-07-04,8.038,8.038,0.0,17.18,17.18,0.0,25.49,25.49,0.0
2005-07-05,7.996,7.996,0.0,17.01,17.01,0.0,25.25,25.25,0.0
2005-07-06,8.239,8.239,0.0,16.42,16.42,0.0,24.46,24.46,0.0
2005-07-07,9.099,9.099,0.0,20.32,20.32,0.0,30.59,30.59,0.0
2005-07-08,8.102,8.102,0.0,17.73,17.73,0.0,26.05,26.05,0.0
2005-07-09,7.788,7.788,0.0,17.01,17.01,0.0,24.86,24.86,0.0
2005-07-10,7.777,7.777,0.0,16.59,16.59,0.0,24.39,24.39,0.0
2005-07-11,7.731,7.731,0.0,16.5,16.5,0.0,24.2,24.2,0.0
2005-07-12,7.886,7.886,0.0,16.93,16.93,0.0,25.02,25.02,0.0
2005-07-13,8.003,8.003,0.0,16.86,16.86,0.0,24.9,24.9,0.0
2005-07-14,7.645,7.645,0.0,16.36,16.36,0.0,24.02,24.02,0.0
2005-07-15,7.722,7.722,0.0,16.13,16.13,0.0,23.87,23.87,0.0
2005-07-16,7.986,7.986,0.0,16.72,16.72,0.0,24.89,24.89,0.0
2005-07-17,7.832,7.832,0.0,16.34,16.34,0.0,24.15,24.15,0.0
2005-07-18,7.824,7.824,0.0,16.6,16.6,0.0,24.42,24.42,0.0
2005-07-19,7.609,7.609,0.0,16.48,16.48,0.0,24.13,24.13,0.0
2005-07-20,7.429,7.429,0.0,15.83,15.83,0.0,23.21,23.21,0.0
2005-07-21,7.475,7.475,0.0,15.78,15.78,0.0,23.2,23.2,0.0
2005-07-22,7.372,7.372,0.0,15.66,15.66,0.0,22.91,22.91,0.0
2005-07-23,7.3,7.3,0.0,15.55,15.55,0.0,22.71,22.71,0.0
2005-07-24,7.13,7.13,0.0,15.4,15.4,0.0,22.45,22.45,0.0
2005-07-25,7.16,7.16,0.0,15.29,15.29,0.0,22.53,22.53,0.0
2005-07-26,7.026,7.026,0.0,14.89,14.89,0.0,21.81,21.81,0.0
2005-07-27,7.174,7.174,0.0,15.23,15.23,0.0,22.42,22.42,0.0
2005-07-28,7.104,7.104,0.0,15.14,15.14,0.0,22.28,22.28,0.0
2005-07-29,6.863,6.863,0.0,14.69,14.69,0.0,21.46,21.46,0.0
2005-07-30,6.852,6.852,0.0,14.26,14.26,0.0,20.96,20.96,0.0
2005-07-31,6.811,6.811,0.0,14.18,14.18,0.0,20.82,20.82,0.0
2005-08-01,6.749,6.749,0.0,14.13,14.13,0.0,20.69,20.69,0.0
2005-08-02,6.64,6.64,0.0,14.02,14.02,0.0,20.5,20.5,0.0
2005-08-03,6.564,6.564,0.0,13.83,13.83,0.0,20.24,20.24,0.0
2005-08-04,6.446,6.446,0.0,13.52,13.52,0.0,19.83,19.83,0.0
2005-08-05,6.423,6.423,0.0,13.41,13.41,0.0,19.68,19.68,0.0
2005-08-06,6.796,6.796,0.0,14.35,14.35,0.0,21.38,21.38,0.0
2005-08-07,6.484,6.484,0.0,13.79,13.79,0.0,20.33,20.33,0.0
2005-08-08,6.795,6.795,0.0,14.4,14.4,0.0,21.46,21.46,0.0
2005-08-09,6.583,6.583,0.0,14.12,14.12,0.0,20.89,20.89,0.0
2005-08-10,6.354,6.354,0.0,13.51,13.51,0.0,19.78,19.78,0.0
2005-08-11,6.306,6.306,0.0,13.41,13.41,0.0,19.63,19.63,0.0
2005-08-12,6.212,6.212,0.0,13.16,13.16,0.0,19.3,19.3,0.0
2005-08-13,6.161,6.161,0.0,13.1,13.1,0.0,19.17,19.17,0.0
2005-08-14,6.049,6.049,0.0,12.87,12.87,0.0,18.85,18.85,0.0
2005-08-15,6.17,6.17,0.0,13.03,13.03,0.0,19.18,19.18,0.0
2005-08-16,6.267,6.267,0.0,13.19,13.19,0.0,19.55,19.55,0.0
2005-08-17,6.008,6.008,0.0,12.63,12.63,0.0,18.54,18.54,0.0
2005-08-18,6.016,6.016,0.0,12.59,12.59,0.0,18.55,18.55,0.0
2005-08-19,5.884,5.884,0.0,12.5,12.5,0.0,18.35,18.35,0.0
2005-08-20,5.932,5.932,0.0,12.57,12.57,0.0,18.53,18.53,0.0
2005-08-21,5.772,5.772,0.0,12.13,12.13,0.0,17.78,17.78,0.0
2005-08-22,5.686,5.686,0.0,11.99,11.99,0.0,17.57,17.57,0.0
2005-08-23,5.628,5.628,0.0,11.81,11.81,0.0,17.33,17.33,0.0
2005-08-24,5.528,5.528,0.0,11.73,11.73,0.0,17.16,17.16,0.0
2005-08-25,5.499,5.499,0.0,11.53,11.53,0.0,16.93,16.93,0.0
2005-08-26,5.706,5.706,0.0,12.13,12.13,0.0,18.0,18.0,0.0
2005-08-27,5.858,5.858,0.0,12.52,12.52,0.0,18.69,18.69,0.0
2005-08-28,5.425,5.425,0.0,11.46,11.46,0.0,16.81,16.81,0.0
2005-08-29,5.415,5.415,0.0,11.4,11.4,0.0,16.73,16.73,0.0
2005-08-30,5.488,5.488,0.0,11.42,11.42,0.0,16.89,16.89,0.0
2005-08-31,5.466,5.466,0.0,11.57,11.57,0.0,17.11,17.11,0.0
2005-09-01,5.279,5.279,0.0,11.07,11.07,0.0,16.23,16.23,0.0
2005-09-02,5.181,5.181,0.0,10.89,10.89,0.0,15.98,15.98,0.0
2005-09-03,5.152,5.152,0.0,10.82,10.82,0.0,15.85,15.85,0.0
2005-09-04,5.106,5.106,0.0,10.64,10.64,0.0,15.63,15.63,0.0
2005-09-05,5.032,5.032,0.0,10.55,10.55,0.0,15.47,15.47,0.0
2005-09-06,4.987,4.987,0.0,10.46,10.46,0.0,15.33,15.33,0.0
2005-09-07,4.896,4.896,0.0,10.29,10.29,0.0,15.09,15.09,0.0
2005-09-08,4.862,4.862,0.0,10.14,10.14,0.0,14.9,14.9,0.0
2005-09-09,4.809,4.809,0.0,10.08,10.08,0.0,14.77,14.77,0.0
2005-09-10,4.753,4.753,0.0,9.958,9.958,0.0,14.61,14.61,0.0
2005-09-11,4.678,4.678,0.0,9.82,9.82,0.0,14.4,14.4,0.0
2005-09-12,4.643,4.643,0.0,9.712,9.712,0.0,14.25,14.25,0.0
2005-09-13,4.59,4.59,0.0,9.594,9.594,0.0,14.08,14.08,0.0
2005-09-14,4.537,4.537,0.0,9.503,9.503,0.0,13.94,13.94,0.0
2005-09-15,4.49,4.49,0.0,9.362,9.362,0.0,13.75,13.75,0.0
2005-09-16,4.422,4.422,0.0,9.269,9.269,0.0,13.6,13.6,0.0
2005-09-17,4.379,4.379,0.0,9.177,9.177,0.0,13.46,13.46,0.0
2005-09-18,4.331,4.331,0.0,9.057,9.057,0.0,13.29,13.29,0.0
2005-09-19,4.286,4.286,0.0,8.95,8.95,0.0,13.14,13.14,0.0
2005-09-20,4.226,4.226,0.0,8.845,8.845,0.0,12.98,12.98,0.0
2005-09-21,4.186,4.186,0.0,8.76,8.76,0.0,12.85,12.85,0.0
2005-09-22,4.139,4.139,0.0,8.647,8.647,0.0,12.7,12.7,0.0
2005-09-23,4.116,4.116,0.0,8.636,8.636,0.0,12.71,12.71,0.0
2005-09-24,4.043,4.043,0.0,8.461,8.461,0.0,12.41,12.41,0.0
2005-09-25,4.0,4.0,0.0,8.359,8.359,0.0,12.27,12.27,0.0
2005-09-26,4.076,4.076,0.0,8.597,8.597,0.0,12.74,12.74,0.0
2005-09-27,3.908,3.908,0.0,8.197,8.197,0.0,12.02,12.02,0.0
2005-09-28,3.859,3.859,0.0,8.095,8.095,0.0,11.87,11.87,0.0
2005-09-29,3.821,3.821,0.0,8.027,8.027,0.0,11.76,11.76,0.0
2005-09-30,3.78,3.78,0.0,7.931,7.931,0.0,11.63,11.63,0.0
2005-10-01,3.738,3.738,0.0,7.837,7.837,0.0,11.49,11.49,0.0
2005-10-02,3.686,3.686,0.0,7.755,7.755,0.0,11.36,11.36,0.0
2005-10-03,3.65,3.65,0.0,7.66,7.66,0.0,11.22,11.22,0.0
2005-10-04,3.611,3.611,0.0,7.574,7.574,0.0,11.1,11.1,0.0
2005-10-05,3.576,3.576,0.0,7.496,7.496,0.0,10.99,10.99,0.0
2005-10-06,3.951,3.951,0.0,8.054,8.054,0.0,12.14,12.14,0.0
2005-10-07,4.067,4.067,0.0,8.231,8.231,0.0,12.44,12.44,0.0
2005-10-08,3.929,3.929,0.0,7.8,7.8,0.0,11.68,11.68,0.0
2005-10-09,3.808,3.808,0.0,7.519,7.519,0.0,11.19,11.19,0.0
2005-10-10,3.887,3.887,0.0,7.734,7.734,0.0,11.62,11.62,0.0
2005-10-11,3.835,3.835,0.0,7.574,7.574,0.0,11.35,11.35,0.0
2005-10-12,3.74,3.74,0.0,7.367,7.367,0.0,10.99,10.99,0.0
2005-10-13,3.698,3.698,0.0,7.275,7.275,0.0,10.85,10.85,0.0
2005-10-14,3.66,3.66,0.0,7.194,7.194,0.0,10.74,10.74,0.0
2005-10-15,3.62,3.62,0.0,7.12,7.12,0.0,10.62,10.62,0.0
2005-10-16,3.576,3.576,0.0,7.034,7.034,0.0,10.5,10.5,0.0
2005-10-17,3.536,3.536,0.0,6.959,6.959,0.0,10.38,10.38,0.0
2005-10-18,3.496,3.496,0.0,6.874,6.874,0.0,10.26,10.26,0.0
2005-10-19,3.52,3.52,0.0,6.798,6.798,0.0,10.2,10.2,0.0
2005-10-20,3.727,3.727,0.0,7.254,7.254,0.0,11.08,11.08,0.0
2005-10-21,4.001,4.001,0.0,8.101,8.101,0.0,12.57,12.57,0.0
2005-10-22,3.709,3.709,0.0,7.355,7.355,0.0,11.17,11.17,0.0
2005-10-23,3.684,3.684,0.0,7.133,7.133,0.0,10.85,10.85,0.0
2005-10-24,4.1,4.1,0.0,8.266,8.266,0.0,12.84,12.84,0.0
2005-10-25,4.12,4.12,0.0,8.188,8.188,0.0,12.68,12.68,0.0
2005-10-26,3.935,3.935,0.0,7.857,7.857,0.0,11.95,11.95,0.0
2005-10-27,3.848,3.848,0.0,7.725,7.725,0.0,11.68,11.68,0.0
2005-10-28,3.803,3.803,0.0,7.662,7.662,0.0,11.59,11.59,0.0
2005-10-29,3.762,3.762,0.0,7.587,7.587,0.0,11.46,11.46,0.0
2005-10-30,3.723,3.723,0.0,7.396,7.396,0.0,11.23,11.23,0.0
2005-10-31,3.682,3.682,0.0,7.388,7.388,0.0,11.18,11.18,0.0
2005-11-01,3.683,3.683,0.0,7.476,7.476,0.0,11.33,11.33,0.0
2005-11-02,3.592,3.592,0.0,7.279,7.279,0.0,10.98,10.98,0.0
2005-11-03,3.556,3.556,0.0,7.211,7.211,0.0,10.88,10.88,0.0
2005-11-04,3.519,3.519,0.0,7.042,7.042,0.0,10.66,10.66,0.0
2005-11-05,3.553,3.553,0.0,7.276,7.276,0.0,11.08,11.08,0.0
2005-11-06,3.44,3.44,0.0,7.034,7.034,0.0,10.63,10.63,0.0
2005-11-07,3.395,3.395,0.0,6.961,6.961,0.0,10.52,10.52,0.0
2005-11-08,3.776,3.776,0.0,8.35,8.35,0.0,12.75,12.75,0.0
2005-11-09,3.478,3.478,0.0,7.765,7.765,0.0,11.53,11.53,0.0
2005-11-10,3.405,3.405,0.0,7.624,7.624,0.0,11.26,11.26,0.0
2005-11-11,3.366,3.366,0.0,7.557,7.557,0.0,11.16,11.16,0.0
2005-11-12,3.321,3.321,0.0,7.215,7.215,0.0,10.78,10.78,0.0
2005-11-13,3.325,3.325,0.0,7.421,7.421,0.0,11.03,11.03,0.0
2005-11-14,3.321,3.321,0.0,7.528,7.528,0.0,11.15,11.15,0.0
2005-11-15,3.574,3.574,0.0,8.213,8.213,0.0,12.28,12.28,0.0
2005-11-16,3.588,3.588,0.0,8.745,8.745,0.0,12.87,12.87,0.0
2005-11-17,3.394,3.394,0.0,8.328,8.328,0.0,12.06,12.06,0.0
2005-11-18,3.35,3.35,0.0,7.904,7.904,0.0,11.57,11.57,0.0
2005-11-19,3.314,3.314,0.0,7.963,7.963,0.0,11.6,11.6,0.0
2005-11-20,3.342,3.342,0.0,7.91,7.91,0.0,11.57,11.57,0.0
2005-11-21,3.492,3.492,0.0,8.166,8.166,0.0,12.02,12.02,0.0
2005-11-22,3.712,3.712,0.0,8.573,8.573,0.0,12.81,12.81,0.0
2005-11-23,3.801,3.801,0.0,8.47,8.47,0.0,12.83,12.83,0.0
2005-11-24,3.676,3.676,0.0,8.212,8.212,0.0,12.28,12.28,0.0
2005-11-25,3.646,3.646,0.0,8.114,8.114,0.0,12.09,12.09,0.0
2005-11-26,3.565,3.565,0.0,8.103,8.103,0.0,12.02,12.02,0.0
2005-11-27,3.784,3.784,0.0,9.937,9.937,0.0,14.3,14.3,0.0
2005-11-28,4.556,4.556,0.0,10.17,10.17,0.0,15.33,15.33,0.0
2005-11-29,5.196,5.196,0.0,18.17,18.17,0.0,24.64,24.64,0.0
2005-11-30,4.584,4.584,0.0,11.5,11.5,0.0,16.65,16.65,0.0
2005-12-01,4.55,4.55,0.0,11.66,11.66,0.0,16.86,16.86,0.0
2005-12-02,4.43,4.43,0.0,11.27,11.27,0.0,16.28,16.28,0.0
2005-12-03,4.521,4.521,0.0,10.66,10.66,0.0,15.88,15.88,0.0
2005-12-04,4.513,4.513,0.0,10.8,10.8,0.0,15.96,15.96,0.0
2005-12-05,4.412,4.412,0.0,10.9,10.9,0.0,15.9,15.9,0.0
2005-12-06,4.334,4.334,0.0,10.91,10.91,0.0,15.9,15.9,0.0
2005-12-07,4.239,4.239,0.0,10.15,10.15,0.0,14.93,14.93,0.0
2005-12-08,4.408,4.408,0.0,10.69,10.69,0.0,15.9,15.9,0.0
2005-12-09,4.264,4.264,0.0,10.6,10.6,0.0,15.45,15.45,0.0
2005-12-10,4.282,4.282,0.0,10.65,10.65,0.0,15.61,15.61,0.0
2005-12-11,4.202,4.202,0.0,10.39,10.39,0.0,15.37,15.37,0.0
2005-12-12,4.02,4.02,0.0,9.726,9.726,0.0,14.22,14.22,0.0
2005-12-13,3.998,3.998,0.0,9.715,9.715,0.0,14.19,14.19,0.0
2005-12-14,3.977,3.977,0.0,9.572,9.572,0.0,14.05,14.05,0.0
2005-12-15,4.083,4.083,0.0,9.896,9.896,0.0,14.75,14.75,0.0
2005-12-16,3.88,3.88,0.0,9.552,9.552,0.0,13.95,13.95,0.0
2005-12-17,3.863,3.863,0.0,9.404,9.404,0.0,13.86,13.86,0.0
2005-12-18,3.934,3.934,0.0,9.605,9.605,0.0,14.11,14.11,0.0
2005-12-19,3.769,3.769,0.0,9.217,9.217,0.0,13.46,13.46,0.0
2005-12-20,3.682,3.682,0.0,8.939,8.939,0.0,13.11,13.11,0.0
2005-12-21,3.64,3.64,0.0,8.965,8.965,0.0,13.05,13.05,0.0
2005-12-22,3.632,3.632,0.0,8.856,8.856,0.0,12.93,12.93,0.0
2005-12-23,5.567,5.567,0.0,13.27,13.27,0.0,19.62,19.62,0.0
2005-12-24,6.022,6.022,0.0,13.08,13.08,0.0,18.38,18.38,0.0
2005-12-25,4.061,4.061,0.0,13.94,13.94,0.0,19.08,19.08,0.0
2005-12-26,3.701,3.701,0.0,10.64,10.64,0.0,14.99,14.99,0.0
2005-12-27,3.734,3.734,0.0,10.97,10.97,0.0,15.11,15.11,0.0
2005-12-28,3.857,3.857,0.0,12.99,12.99,0.0,17.19,17.19,0.0
2005-12-29,3.916,3.916,0.0,10.47,10.47,0.0,14.89,14.89,0.0
2005-12-30,3.75,3.75,0.0,9.666,9.666,0.0,13.89,13.89,0.0
2005-12-31,3.646,3.646,0.0,10.33,10.33,0.0,14.63,14.63,0.0
2006-01-01,3.997,3.997,0.0,11.8,11.8,0.0,16.71,16.71,0.0
2006-01-02,5.41,5.41,0.0,16.71,16.71,0.0,23.01,23.01,0.0
2006-01-03,4.783,4.783,0.0,13.04,13.04,0.0,18.71,18.71,0.0
2006-01-04,5.279,5.279,0.0,13.55,13.55,0.0,19.57,19.57,0.0
2006-01-05,5.686,5.686,0.0,13.1,13.1,0.0,19.22,19.22,0.0
2006-01-06,5.425,5.425,0.0,13.3,13.3,0.0,19.2,19.2,0.0
2006-01-07,5.245,5.245,0.0,12.87,12.87,0.0,18.65,18.65,0.0
2006-01-08,5.051,5.051,0.0,13.47,13.47,0.0,19.23,19.23,0.0
2006-01-09,5.344,5.344,0.0,13.36,13.36,0.0,19.21,19.21,0.0
2006-01-10,5.55,5.55,0.0,12.05,12.05,0.0,18.12,18.12,0.0
2006-01-11,5.568,5.568,0.0,14.3,14.3,0.0,20.41,20.41,0.0
2006-01-12,5.47,5.47,0.0,14.5,14.5,0.0,20.49,20.49,0.0
2006-01-13,6.746,6.746,0.0,17.18,17.18,0.0,24.53,24.53,0.0
2006-01-14,6.199,6.199,0.0,16.68,16.68,0.0,23.87,23.87,0.0
2006-01-15,6.199,6.199,0.0,14.65,14.65,0.0,21.42,21.42,0.0
2006-01-16,6.649,6.649,0.0,14.63,14.63,0.0,21.68,21.68,0.0
2006-01-17,9.536,9.536,0.0,22.47,22.47,0.0,31.81,31.81,0.0
2006-01-18,7.346,7.346,0.0,18.28,18.28,0.0,26.1,26.1,0.0
2006-01-19,7.214,7.214,0.0,18.31,18.31,0.0,25.99,25.99,0.0
2006-01-20,7.325,7.325,0.0,16.42,16.42,0.0,24.02,24.02,0.0
2006-01-21,7.377,7.377,0.0,15.67,15.67,0.0,23.7,23.7,0.0
2006-01-22,7.83,7.83,0.0,17.11,17.11,0.0,25.57,25.57,0.0
2006-01-23,7.469,7.469,0.0,17.64,17.64,0.0,25.66,25.66,0.0
2006-01-24,7.606,7.606,0.0,17.77,17.77,0.0,25.97,25.97,0.0
2006-01-25,7.381,7.381,0.0,17.23,17.23,0.0,25.25,25.25,0.0
2006-01-26,7.519,7.519,0.0,15.84,15.84,0.0,23.86,23.86,0.0
2006-01-27,7.389,7.389,0.0,16.92,16.92,0.0,24.76,24.76,0.0
2006-01-28,7.268,7.268,0.0,17.01,17.01,0.0,24.79,24.79,0.0
2006-01-29,7.386,7.386,0.0,17.58,17.58,0.0,25.68,25.68,0.0
2006-01-30,7.633,7.633,0.0,17.11,17.11,0.0,25.13,25.13,0.0
2006-01-31,7.666,7.666,0.0,16.04,16.04,0.0,24.14,24.14,0.0
2006-02-01,7.69,7.69,0.0,16.67,16.67,0.0,24.64,24.64,0.0
2006-02-02,7.31,7.31,0.0,17.29,17.29,0.0,25.19,25.19,0.0
2006-02-03,7.799,7.799,0.0,17.39,17.39,0.0,25.69,25.69,0.0
2006-02-04,8.501,8.501,0.0,18.52,18.52,0.0,27.63,27.63,0.0
2006-02-05,8.11,8.11,0.0,17.42,17.42,0.0,26.0,26.0,0.0
2006-02-06,7.857,7.857,0.0,17.01,17.01,0.0,25.31,25.31,0.0
2006-02-07,7.702,7.702,0.0,17.43,17.43,0.0,25.44,25.44,0.0
2006-02-08,7.827,7.827,0.0,17.53,17.53,0.0,25.83,25.83,0.0
2006-02-09,7.634,7.634,0.0,16.78,16.78,0.0,24.71,24.71,0.0
2006-02-10,7.776,7.776,0.0,16.48,16.48,0.0,24.56,24.56,0.0
2006-02-11,7.498,7.498,0.0,17.14,17.14,0.0,25.26,25.26,0.0
2006-02-12,7.581,7.581,0.0,16.84,16.84,0.0,24.89,24.89,0.0
2006-02-13,7.326,7.326,0.0,16.4,16.4,0.0,24.21,24.21,0.0
2006-02-14,9.494,9.494,0.0,19.93,19.93,0.0,31.15,31.15,0.0
2006-02-15,7.387,7.387,0.0,18.03,18.03,0.0,25.81,25.81,0.0
2006-02-16,7.186,7.186,0.0,16.49,16.49,0.0,24.16,24.16,0.0
2006-02-17,7.043,7.043,0.0,16.55,16.55,0.0,24.16,24.16,0.0
2006-02-18,7.153,7.153,0.0,16.34,16.34,0.0,24.0,24.0,0.0
2006-02-19,7.089,7.089,0.0,15.17,15.17,0.0,22.52,22.52,0.0
2006-02-20,6.76,6.76,0.0,15.55,15.55,0.0,22.82,22.82,0.0
2006-02-21,7.03,7.03,0.0,15.77,15.77,0.0,23.28,23.28,0.0
2006-02-22,6.991,6.991,0.0,15.64,15.64,0.0,22.97,22.97,0.0
2006-02-23,6.866,6.866,0.0,15.39,15.39,0.0,22.75,22.75,0.0
2006-02-24,6.873,6.873,0.0,14.84,14.84,0.0,21.99,21.99,0.0
2006-02-25,6.948,6.948,0.0,15.48,15.48,0.0,22.65,22.65,0.0
2006-02-26,6.805,6.805,0.0,15.14,15.14,0.0,22.25,22.25,0.0
2006-02-27,6.64,6.64,0.0,15.09,15.09,0.0,22.32,22.32,0.0
2006-02-28,6.999,6.999,0.0,14.83,14.83,0.0,21.94,21.94,0.0
2006-03-01,7.457,7.457,0.0,14.9,14.9,0.0,22.44,22.44,0.0
2006-03-02,7.736,7.736,0.0,16.07,16.07,0.0,24.08,24.08,0.0
2006-03-03,7.267,7.267,0.0,15.11,15.11,0.0,22.62,22.62,0.0
2006-03-04,7.291,7.291,0.0,15.22,15.22,0.0,22.58,22.58,0.0
2006-03-05,7.174,7.174,0.0,14.88,14.88,0.0,22.15,22.15,0.0
2006-03-06,7.478,7.478,0.0,15.03,15.03,0.0,22.6,22.6,0.0
2006-03-07,7.481,7.481,0.0,15.19,15.19,0.0,22.72,22.72,0.0
2006-03-08,7.121,7.121,0.0,15.07,15.07,0.0,22.27,22.27,0.0
2006-03-09,7.272,7.272,0.0,15.55,15.55,0.0,22.86,22.86,0.0
2006-03-10,7.05,7.05,0.0,15.99,15.99,0.0,23.12,23.12,0.0
2006-03-11,7.199,7.199,0.0,16.87,16.87,0.0,24.18,24.18,0.0
2006-03-12,7.415,7.415,0.0,17.61,17.61,0.0,25.32,25.32,0.0
2006-03-13,7.698,7.698,0.0,16.98,16.98,0.0,24.76,24.76,0.0
2006-03-14,7.608,7.608,0.0,16.69,16.69,0.0,24.25,24.25,0.0
2006-03-15,7.011,7.011,0.0,16.64,16.64,0.0,23.77,23.77,0.0
2006-03-16,7.302,7.302,0.0,17.06,17.06,0.0,24.41,24.41,0.0
2006-03-17,7.35,7.35,0.0,17.09,17.09,0.0,24.44,24.44,0.0
2006-03-18,7.088,7.088,0.0,15.88,15.88,0.0,22.99,22.99,0.0
2006-03-19,7.102,7.102,0.0,16.16,16.16,0.0,23.25,23.25,0.0
2006-03-20,6.938,6.938,0.0,16.25,16.25,0.0,23.2,23.2,0.0
2006-03-21,7.132,7.132,0.0,16.15,16.15,0.0,23.35,23.35,0.0
2006-03-22,7.083,7.083,0.0,15.93,15.93,0.0,23.04,23.04,0.0
2006-03-23,7.232,7.232,0.0,16.14,16.14,0.0,23.42,23.42,0.0
2006-03-24,7.534,7.534,0.0,15.92,15.92,0.0,23.55,23.55,0.0
2006-03-25,7.226,7.226,0.0,16.04,16.04,0.0,23.56,23.56,0.0
2006-03-26,7.179,7.179,0.0,15.69,15.69,0.0,22.78,22.78,0.0
2006-03-27,7.315,7.315,0.0,15.8,15.8,0.0,23.06,23.06,0.0
2006-03-28,7.674,7.674,0.0,16.05,16.05,0.0,23.68,23.68,0.0
2006-03-29,7.547,7.547,0.0,15.43,15.43,0.0,22.89,22.89,0.0
2006-03-30,7.115,7.115,0.0,15.72,15.72,0.0,22.72,22.72,0.0
2006-03-31,7.244,7.244,0.0,16.49,16.49,0.0,23.86,23.86,0.0
2006-04-01,7.356,7.356,0.0,15.92,15.92,0.0,23.25,23.25,0.0
2006-04-02,7.447,7.447,0.0,15.86,15.86,0.0,23.28,23.28,0.0
2006-04-03,7.684,7.684,0.0,16.14,16.14,0.0,23.9,23.9,0.0
2006-04-04,7.616,7.616,0.0,16.39,16.39,0.0,24.04,24.04,0.0
2006-04-05,7.008,7.008,0.0,16.51,16.51,0.0,23.65,23.65,0.0
2006-04-06,7.508,7.508,0.0,16.89,16.89,0.0,24.51,24.51,0.0
2006-04-07,8.591,8.591,0.0,18.1,18.1,0.0,26.78,26.78,0.0
2006-04-08,8.386,8.386,0.0,17.17,17.17,0.0,25.62,25.62,0.0
2006-04-09,8.199,8.199,0.0,16.81,16.81,0.0,24.94,24.94,0.0
2006-04-10,7.562,7.562,0.0,17.21,17.21,0.0,24.81,24.81,0.0
2006-04-11,7.645,7.645,0.0,17.1,17.1,0.0,24.67,24.67,0.0
2006-04-12,7.955,7.955,0.0,17.7,17.7,0.0,25.74,25.74,0.0
2006-04-13,8.16,8.16,0.0,16.69,16.69,0.0,24.81,24.81,0.0
2006-04-14,9.425,9.425,0.0,18.95,18.95,0.0,28.32,28.32,0.0
2006-04-15,9.329,9.329,0.0,18.82,18.82,0.0,27.9,27.9,0.0
2006-04-16,10.55,10.55,0.0,19.99,19.99,0.0,30.63,30.63,0.0
2006-04-17,9.964,9.964,0.0,23.74,23.74,0.0,33.89,33.89,0.0
2006-04-18,9.186,9.186,0.0,20.96,20.96,0.0,30.07,30.07,0.0
2006-04-19,9.462,9.462,0.0,19.65,19.65,0.0,29.01,29.01,0.0
2006-04-20,9.922,9.922,0.0,20.79,20.79,0.0,30.7,30.7,0.0
2006-04-21,11.32,11.32,0.0,23.22,23.22,0.0,34.76,34.76,0.0
2006-04-22,11.73,11.73,0.0,23.02,23.02,0.0,34.94,34.94,0.0
2006-04-23,9.572,9.572,0.0,22.6,22.6,0.0,32.54,32.54,0.0
2006-04-24,10.18,10.18,0.0,21.22,21.22,0.0,31.3,31.3,0.0
2006-04-25,10.46,10.46,0.0,22.08,22.08,0.0,32.59,32.59,0.0
2006-04-26,10.16,10.16,0.0,22.04,22.04,0.0,32.18,32.18,0.0
2006-04-27,9.79,9.79,0.0,21.6,21.6,0.0,31.52,31.52,0.0
2006-04-28,9.785,9.785,0.0,20.71,20.71,0.0,30.49,30.49,0.0
2006-04-29,9.932,9.932,0.0,21.16,21.16,0.0,31.08,31.08,0.0
2006-04-30,9.922,9.922,0.0,21.39,21.39,0.0,31.31,31.31,0.0
2006-05-01,9.534,9.534,0.0,20.68,20.68,0.0,30.26,30.26,0.0
2006-05-02,9.274,9.274,0.0,20.46,20.46,0.0,29.74,29.74,0.0
2006-05-03,9.545,9.545,0.0,20.42,20.42,0.0,30.06,30.06,0.0
2006-05-04,9.479,9.479,0.0,20.61,20.61,0.0,30.08,30.08,0.0
2006-05-05,9.147,9.147,0.0,20.41,20.41,0.0,29.58,29.58,0.0
2006-05-06,8.937,8.937,0.0,19.84,19.84,0.0,28.91,28.91,0.0
2006-05-07,9.325,9.325,0.0,20.51,20.51,0.0,29.79,29.79,0.0
2006-05-08,9.276,9.276,0.0,19.62,19.62,0.0,28.81,28.81,0.0
2006-05-09,9.216,9.216,0.0,19.88,19.88,0.0,29.02,29.02,0.0
2006-05-10,9.474,9.474,0.0,20.1,20.1,0.0,29.61,29.61,0.0
2006-05-11,9.472,9.472,0.0,20.9,20.9,0.0,30.63,30.63,0.0
2006-05-12,9.003,9.003,0.0,20.3,20.3,0.0,29.4,29.4,0.0
2006-05-13,9.205,9.205,0.0,20.1,20.1,0.0,29.34,29.34,0.0
2006-05-14,10.19,10.19,0.0,21.94,21.94,0.0,32.59,32.59,0.0
2006-05-15,10.14,10.14,0.0,21.45,21.45,0.0,31.8,31.8,0.0
2006-05-16,10.01,10.01,0.0,21.36,21.36,0.0,31.58,31.58,0.0
2006-05-17,9.329,9.329,0.0,21.25,21.25,0.0,31.03,31.03,0.0
2006-05-18,9.378,9.378,0.0,20.44,20.44,0.0,29.96,29.96,0.0
2006-05-19,9.596,9.596,0.0,21.53,21.53,0.0,31.39,31.39,0.0
2006-05-20,9.48,9.48,0.0,21.25,21.25,0.0,30.88,30.88,0.0
2006-05-21,9.028,9.028,0.0,21.04,21.04,0.0,30.3,30.3,0.0
2006-05-22,8.952,8.952,0.0,20.4,20.4,0.0,29.58,29.58,0.0
2006-05-23,9.071,9.071,0.0,19.99,19.99,0.0,29.1,29.1,0.0
2006-05-24,9.058,9.058,0.0,20.18,20.18,0.0,29.33,29.33,0.0
2006-05-25,8.99,8.99,0.0,20.09,20.09,0.0,29.19,29.19,0.0
2006-05-26,8.705,8.705,0.0,20.66,20.66,0.0,29.82,29.82,0.0
2006-05-27,8.628,8.628,0.0,20.13,20.13,0.0,28.84,28.84,0.0
2006-05-28,8.674,8.674,0.0,19.59,19.59,0.0,28.35,28.35,0.0
2006-05-29,8.635,8.635,0.0,19.67,19.67,0.0,28.39,28.39,0.0
2006-05-30,8.421,8.421,0.0,19.56,19.56,0.0,28.08,28.08,0.0
2006-05-31,9.202,9.202,0.0,20.34,20.34,0.0,29.79,29.79,0.0
2006-06-01,9.9,9.9,0.0,19.96,19.96,0.0,29.68,29.68,0.0
2006-06-02,10.08,10.08,0.0,21.2,21.2,0.0,31.49,31.49,0.0
2006-06-03,9.08,9.08,0.0,20.08,20.08,0.0,29.28,29.28,0.0
2006-06-04,9.369,9.369,0.0,20.49,20.49,0.0,29.94,29.94,0.0
2006-06-05,9.284,9.284,0.0,20.9,20.9,0.0,30.42,30.42,0.0
2006-06-06,9.206,9.206,0.0,20.28,20.28,0.0,29.5,29.5,0.0
2006-06-07,9.001,9.001,0.0,20.23,20.23,0.0,29.27,29.27,0.0
2006-06-08,8.864,8.864,0.0,19.91,19.91,0.0,28.81,28.81,0.0
2006-06-09,8.701,8.701,0.0,19.93,19.93,0.0,28.69,28.69,0.0
2006-06-10,8.781,8.781,0.0,19.58,19.58,0.0,28.37,28.37,0.0
2006-06-11,8.727,8.727,0.0,19.47,19.47,0.0,28.36,28.36,0.0
2006-06-12,8.449,8.449,0.0,19.07,19.07,0.0,27.52,27.52,0.0
2006-06-13,8.359,8.359,0.0,19.0,19.0,0.0,27.35,27.35,0.0
2006-06-14,8.417,8.417,0.0,18.75,18.75,0.0,27.14,27.14,0.0
2006-06-15,8.384,8.384,0.0,18.4,18.4,0.0,26.75,26.75,0.0
2006-06-16,8.099,8.099,0.0,18.28,18.28,0.0,26.43,26.43,0.0
2006-06-17,8.087,8.087,0.0,18.33,18.33,0.0,26.31,26.31,0.0
2006-06-18,7.96,7.96,0.0,18.0,18.0,0.0,25.95,25.95,0.0
2006-06-19,8.064,8.064,0.0,18.06,18.06,0.0,26.2,26.2,0.0
2006-06-20,7.936,7.936,0.0,17.32,17.32,0.0,25.19,25.19,0.0
2006-06-21,7.683,7.683,0.0,17.44,17.44,0.0,25.1,25.1,0.0
2006-06-22,7.78,7.78,0.0,17.59,17.59,0.0,25.46,25.46,0.0
2006-06-23,7.742,7.742,0.0,17.39,17.39,0.0,25.24,25.24,0.0
2006-06-24,8.682,8.682,0.0,18.44,18.44,0.0,27.32,27.32,0.0
2006-06-25,10.52,10.52,0.0,22.0,22.0,0.0,32.86,32.86,0.0
2006-06-26,13.16,13.16,0.0,23.0,23.0,0.0,34.94,34.94,0.0
2006-06-27,13.33,13.33,0.0,23.0,23.0,0.0,35.25,35.25,0.0
2006-06-28,10.34,10.34,0.0,21.19,21.19,0.0,31.41,31.41,0.0
2006-06-29,9.711,9.711,0.0,20.12,20.12,0.0,29.66,29.66,0.0
2006-06-30,9.25,9.25,0.0,19.95,19.95,0.0,29.04,29.04,0.0
2006-07-01,9.572,9.572,0.0,20.37,20.37,0.0,29.61,29.61,0.0
2006-07-02,9.763,9.763,0.0,20.77,20.77,0.0,30.39,30.39,0.0
2006-07-03,9.103,9.103,0.0,20.14,20.14,0.0,29.24,29.24,0.0
2006-07-04,9.354,9.354,0.0,19.67,19.67,0.0,29.19,29.19,0.0
2006-07-05,9.751,9.751,0.0,21.02,21.02,0.0,31.04,31.04,0.0
2006-07-06,9.388,9.388,0.0,20.1,20.1,0.0,29.2,29.2,0.0
2006-07-07,9.311,9.311,0.0,20.07,20.07,0.0,29.12,29.12,0.0
2006-07-08,8.811,8.811,0.0,19.08,19.08,0.0,27.8,27.8,0.0
2006-07-09,8.824,8.824,0.0,19.1,19.1,0.0,27.81,27.81,0.0
2006-07-10,8.904,8.904,0.0,19.13,19.13,0.0,27.82,27.82,0.0
2006-07-11,8.872,8.872,0.0,19.17,19.17,0.0,27.76,27.76,0.0
2006-07-12,8.942,8.942,0.0,19.56,19.56,0.0,28.76,28.76,0.0
2006-07-13,8.98,8.98,0.0,20.7,20.7,0.0,30.3,30.3,0.0
2006-07-14,8.664,8.664,0.0,18.85,18.85,0.0,27.41,27.41,0.0
2006-07-15,8.697,8.697,0.0,19.12,19.12,0.0,27.74,27.74,0.0
2006-07-16,8.475,8.475,0.0,18.98,18.98,0.0,27.31,27.31,0.0
2006-07-17,8.645,8.645,0.0,18.52,18.52,0.0,27.13,27.13,0.0
2006-07-18,8.582,8.582,0.0,18.82,18.82,0.0,27.47,27.47,0.0
2006-07-19,8.621,8.621,0.0,18.01,18.01,0.0,26.5,26.5,0.0
2006-07-20,8.51,8.51,0.0,18.26,18.26,0.0,26.67,26.67,0.0
2006-07-21,8.65,8.65,0.0,18.4,18.4,0.0,26.87,26.87,0.0
2006-07-22,8.547,8.547,0.0,17.72,17.72,0.0,26.14,26.14,0.0
2006-07-23,8.285,8.285,0.0,17.53,17.53,0.0,25.62,25.62,0.0
2006-07-24,8.187,8.187,0.0,17.4,17.4,0.0,25.4,25.4,0.0
2006-07-25,8.178,8.178,0.0,17.49,17.49,0.0,25.47,25.47,0.0
2006-07-26,8.128,8.128,0.0,17.26,17.26,0.0,25.14,25.14,0.0
2006-07-27,8.02,8.02,0.0,16.63,16.63,0.0,24.41,24.41,0.0
2006-07-28,7.822,7.822,0.0,16.6,16.6,0.0,24.26,24.26,0.0
2006-07-29,7.778,7.778,0.0,16.48,16.48,0.0,24.01,24.01,0.0
2006-07-30,7.71,7.71,0.0,16.41,16.41,0.0,23.91,23.91,0.0
2006-07-31,7.649,7.649,0.0,16.11,16.11,0.0,23.53,23.53,0.0
2006-08-01,7.604,7.604,0.0,15.76,15.76,0.0,23.13,23.13,0.0
2006-08-02,7.315,7.315,0.0,15.69,15.69,0.0,22.89,22.89,0.0
2006-08-03,7.365,7.365,0.0,15.63,15.63,0.0,22.74,22.74,0.0
2006-08-04,7.33,7.33,0.0,15.39,15.39,0.0,22.48,22.48,0.0
2006-08-05,7.233,7.233,0.0,15.14,15.14,0.0,22.14,22.14,0.0
2006-08-06,7.152,7.152,0.0,15.28,15.28,0.0,22.42,22.42,0.0
2006-08-07,7.068,7.068,0.0,15.05,15.05,0.0,22.02,22.02,0.0
2006-08-08,7.059,7.059,0.0,14.98,14.98,0.0,21.9,21.9,0.0
2006-08-09,7.064,7.064,0.0,14.89,14.89,0.0,21.94,21.94,0.0
2006-08-10,6.891,6.891,0.0,14.59,14.59,0.0,21.4,21.4,0.0
2006-08-11,6.645,6.645,0.0,14.22,14.22,0.0,20.72,20.72,0.0
2006-08-12,6.643,6.643,0.0,14.12,14.12,0.0,20.58,20.58,0.0
2006-08-13,6.578,6.578,0.0,13.92,13.92,0.0,20.26,20.26,0.0
2006-08-14,6.492,6.492,0.0,13.7,13.7,0.0,19.99,19.99,0.0
2006-08-15,6.416,6.416,0.0,13.5,13.5,0.0,19.72,19.72,0.0
2006-08-16,6.284,6.284,0.0,13.41,13.41,0.0,19.53,19.53,0.0
2006-08-17,6.24,6.24,0.0,13.19,13.19,0.0,19.23,19.23,0.0
2006-08-18,6.181,6.181,0.0,13.03,13.03,0.0,19.01,19.01,0.0
2006-08-19,6.178,6.178,0.0,13.1,13.1,0.0,19.18,19.18,0.0
2006-08-20,5.992,5.992,0.0,12.79,12.79,0.0,18.62,18.62,0.0
2006-08-21,5.952,5.952,0.0,12.59,12.59,0.0,18.35,18.35,0.0
2006-08-22,5.889,5.889,0.0,12.45,12.45,0.0,18.15,18.15,0.0
2006-08-23,5.829,5.829,0.0,12.33,12.33,0.0,17.97,17.97,0.0
2006-08-24,5.73,5.73,0.0,12.16,12.16,0.0,17.72,17.72,0.0
2006-08-25,5.68,5.68,0.0,12.04,12.04,0.0,17.54,17.54,0.0
2006-08-26,5.791,5.791,0.0,12.34,12.34,0.0,18.18,18.18,0.0
2006-08-27,5.964,5.964,0.0,12.83,12.83,0.0,19.1,19.1,0.0
2006-08-28,5.947,5.947,0.0,12.82,12.82,0.0,19.01,19.01,0.0
2006-08-29,6.145,6.145,0.0,12.47,12.47,0.0,18.57,18.57,0.0
2006-08-30,6.249,6.249,0.0,12.57,12.57,0.0,18.8,18.8,0.0
2006-08-31,6.456,6.456,0.0,12.63,12.63,0.0,19.04,19.04,0.0
2006-09-01,6.919,6.919,0.0,13.87,13.87,0.0,21.24,21.24,0.0
2006-09-02,6.806,6.806,0.0,13.05,13.05,0.0,19.86,19.86,0.0
2006-09-03,7.428,7.428,0.0,13.34,13.34,0.0,20.71,20.71,0.0
2006-09-04,7.701,7.701,0.0,13.96,13.96,0.0,21.68,21.68,0.0
2006-09-05,8.207,8.207,0.0,14.3,14.3,0.0,22.39,22.39,0.0
2006-09-06,8.158,8.158,0.0,13.82,13.82,0.0,21.74,21.74,0.0
2006-09-07,8.007,8.007,0.0,13.39,13.39,0.0,21.06,21.06,0.0
2006-09-08,7.626,7.626,0.0,13.31,13.31,0.0,20.67,20.67,0.0
2006-09-09,7.635,7.635,0.0,12.99,12.99,0.0,20.33,20.33,0.0
2006-09-10,7.643,7.643,0.0,12.97,12.97,0.0,20.31,20.31,0.0
2006-09-11,7.46,7.46,0.0,12.89,12.89,0.0,20.1,20.1,0.0
2006-09-12,7.515,7.515,0.0,12.84,12.84,0.0,20.1,20.1,0.0
2006-09-13,7.392,7.392,0.0,12.64,12.64,0.0,19.8,19.8,0.0
2006-09-14,7.273,7.273,0.0,12.4,12.4,0.0,19.39,19.39,0.0
2006-09-15,7.228,7.228,0.0,12.32,12.32,0.0,19.24,19.24,0.0
2006-09-16,7.064,7.064,0.0,12.13,12.13,0.0,18.95,18.95,0.0
2006-09-17,7.002,7.002,0.0,12.05,12.05,0.0,18.75,18.75,0.0
2006-09-18,6.964,6.964,0.0,11.87,11.87,0.0,18.56,18.56,0.0
2006-09-19,6.942,6.942,0.0,11.83,11.83,0.0,18.51,18.51,0.0
2006-09-20,6.849,6.849,0.0,11.66,11.66,0.0,18.21,18.21,0.0
2006-09-21,6.687,6.687,0.0,11.47,11.47,0.0,17.87,17.87,0.0
2006-09-22,6.693,6.693,0.0,11.5,11.5,0.0,18.01,18.01,0.0
2006-09-23,6.587,6.587,0.0,11.27,11.27,0.0,17.6,17.6,0.0
2006-09-24,6.674,6.674,0.0,11.51,11.51,0.0,18.07,18.07,0.0
2006-09-25,6.478,6.478,0.0,11.05,11.05,0.0,17.24,17.24,0.0
2006-09-26,6.325,6.325,0.0,10.87,10.87,0.0,16.92,16.92,0.0
2006-09-27,6.274,6.274,0.0,10.7,10.7,0.0,16.71,16.71,0.0
2006-09-28,6.376,6.376,0.0,11.05,11.05,0.0,17.33,17.33,0.0
2006-09-29,6.338,6.338,0.0,10.88,10.88,0.0,17.07,17.07,0.0
2006-09-30,6.591,6.591,0.0,11.39,11.39,0.0,18.04,18.04,0.0
2006-10-01,6.135,6.135,0.0,10.56,10.56,0.0,16.45,16.45,0.0
2006-10-02,6.118,6.118,0.0,10.42,10.42,0.0,16.26,16.26,0.0
2006-10-03,6.078,6.078,0.0,10.33,10.33,0.0,16.13,16.13,0.0
2006-10-04,6.509,6.509,0.0,11.51,11.51,0.0,18.28,18.28,0.0
2006-10-05,6.717,6.717,0.0,11.74,11.74,0.0,18.6,18.6,0.0
2006-10-06,6.835,6.835,0.0,12.28,12.28,0.0,19.29,19.29,0.0
2006-10-07,6.457,6.457,0.0,11.73,11.73,0.0,18.12,18.12,0.0
2006-10-08,6.343,6.343,0.0,11.38,11.38,0.0,17.54,17.54,0.0
2006-10-09,6.299,6.299,0.0,11.31,11.31,0.0,17.36,17.36,0.0
2006-10-10,6.242,6.242,0.0,10.83,10.83,0.0,16.85,16.85,0.0
2006-10-11,6.294,6.294,0.0,11.21,11.21,0.0,17.41,17.41,0.0
2006-10-12,6.046,6.046,0.0,11.03,11.03,0.0,16.97,16.97,0.0
2006-10-13,6.008,6.008,0.0,10.8,10.8,0.0,16.57,16.57,0.0
2006-10-14,5.982,5.982,0.0,10.63,10.63,0.0,16.39,16.39,0.0
2006-10-15,5.913,5.913,0.0,10.39,10.39,0.0,16.1,16.1,0.0
2006-10-16,6.026,6.026,0.0,10.85,10.85,0.0,16.82,16.82,0.0
2006-10-17,6.268,6.268,0.0,12.2,12.2,0.0,18.79,18.79,0.0
2006-10-18,5.922,5.922,0.0,11.22,11.22,0.0,16.96,16.96,0.0
2006-10-19,5.906,5.906,0.0,11.23,11.23,0.0,16.92,16.92,0.0
2006-10-20,5.889,5.889,0.0,10.83,10.83,0.0,16.58,16.58,0.0
2006-10-21,5.744,5.744,0.0,10.74,10.74,0.0,16.3,16.3,0.0
2006-10-22,5.614,5.614,0.0,10.84,10.84,0.0,16.36,16.36,0.0
2006-10-23,5.644,5.644,0.0,10.77,10.77,0.0,16.25,16.25,0.0
2006-10-24,5.619,5.619,0.0,10.73,10.73,0.0,16.21,16.21,0.0
2006-10-25,5.516,5.516,0.0,10.25,10.25,0.0,15.57,15.57,0.0
2006-10-26,5.593,5.593,0.0,10.65,10.65,0.0,16.21,16.21,0.0
2006-10-27,6.404,6.404,0.0,12.34,12.34,0.0,19.04,19.04,0.0
2006-10-28,6.419,6.419,0.0,12.0,12.0,0.0,18.41,18.41,0.0
2006-10-29,6.317,6.317,0.0,11.74,11.74,0.0,17.88,17.88,0.0
2006-10-30,6.09,6.09,0.0,11.55,11.55,0.0,17.55,17.55,0.0
2006-10-31,6.037,6.037,0.0,11.08,11.08,0.0,16.93,16.93,0.0
2006-11-01,6.303,6.303,0.0,11.82,11.82,0.0,18.21,18.21,0.0
2006-11-02,6.161,6.161,0.0,11.45,11.45,0.0,17.44,17.44,0.0
2006-11-03,6.128,6.128,0.0,11.45,11.45,0.0,17.3,17.3,0.0
2006-11-04,5.885,5.885,0.0,10.82,10.82,0.0,16.58,16.58,0.0
2006-11-05,5.876,5.876,0.0,11.05,11.05,0.0,16.75,16.75,0.0
2006-11-06,5.98,5.98,0.0,10.97,10.97,0.0,16.72,16.72,0.0
2006-11-07,6.578,6.578,0.0,11.67,11.67,0.0,18.13,18.13,0.0
2006-11-08,6.513,6.513,0.0,11.59,11.59,0.0,17.89,17.89,0.0
2006-11-09,6.214,6.214,0.0,11.38,11.38,0.0,17.29,17.29,0.0
2006-11-10,6.041,6.041,0.0,10.8,10.8,0.0,16.59,16.59,0.0
2006-11-11,6.765,6.765,0.0,12.13,12.13,0.0,18.87,18.87,0.0
2006-11-12,6.652,6.652,0.0,11.86,11.86,0.0,18.28,18.28,0.0
2006-11-13,6.531,6.531,0.0,11.74,11.74,0.0,18.0,18.0,0.0
2006-11-14,6.23,6.23,0.0,11.28,11.28,0.0,17.27,17.27,0.0
2006-11-15,7.627,7.627,0.0,13.14,13.14,0.0,20.78,20.78,0.0
2006-11-16,8.814,8.814,0.0,15.08,15.08,0.0,23.82,23.82,0.0
2006-11-17,8.315,8.315,0.0,14.27,14.27,0.0,22.25,22.25,0.0
2006-11-18,8.021,8.021,0.0,13.66,13.66,0.0,21.24,21.24,0.0
2006-11-19,7.273,7.273,0.0,13.34,13.34,0.0,20.31,20.31,0.0
2006-11-20,7.659,7.659,0.0,12.77,12.77,0.0,20.02,20.02,0.0
2006-11-21,7.75,7.75,0.0,13.24,13.24,0.0,20.56,20.56,0.0
2006-11-22,7.785,7.785,0.0,13.35,13.35,0.0,20.69,20.69,0.0
2006-11-23,7.293,7.293,0.0,13.31,13.31,0.0,20.63,20.63,0.0
2006-11-24,7.385,7.385,0.0,12.49,12.49,0.0,19.73,19.73,0.0
2006-11-25,7.454,7.454,0.0,12.88,12.88,0.0,20.05,20.05,0.0
2006-11-26,7.346,7.346,0.0,12.96,12.96,0.0,20.09,20.09,0.0
2006-11-27,7.001,7.001,0.0,12.58,12.58,0.0,19.38,19.38,0.0
2006-11-28,7.101,7.101,0.0,12.13,12.13,0.0,19.01,19.01,0.0
2006-11-29,7.286,7.286,0.0,13.05,13.05,0.0,20.23,20.23,0.0
2006-11-30,7.401,7.401,0.0,13.06,13.06,0.0,20.28,20.28,0.0
2006-12-01,7.489,7.489,0.0,13.58,13.58,0.0,20.92,20.92,0.0
2006-12-02,7.185,7.185,0.0,13.09,13.09,0.0,19.96,19.96,0.0
2006-12-03,6.966,6.966,0.0,12.77,12.77,0.0,19.57,19.57,0.0
2006-12-04,7.01,7.01,0.0,12.46,12.46,0.0,19.2,19.2,0.0
2006-12-05,7.034,7.034,0.0,12.6,12.6,0.0,19.36,19.36,0.0
2006-12-06,6.936,6.936,0.0,12.65,12.65,0.0,19.24,19.24,0.0
2006-12-07,6.693,6.693,0.0,12.45,12.45,0.0,19.07,19.07,0.0
2006-12-08,6.704,6.704,0.0,11.91,11.91,0.0,18.36,18.36,0.0
2006-12-09,6.734,6.734,0.0,12.09,12.09,0.0,18.57,18.57,0.0
2006-12-10,6.644,6.644,0.0,12.16,12.16,0.0,18.49,18.49,0.0
2006-12-11,6.55,6.55,0.0,12.11,12.11,0.0,18.42,18.42,0.0
2006-12-12,6.471,6.471,0.0,11.7,11.7,0.0,18.09,18.09,0.0
2006-12-13,6.486,6.486,0.0,11.69,11.69,0.0,17.93,17.93,0.0
2006-12-14,6.513,6.513,0.0,11.72,11.72,0.0,17.98,17.98,0.0
2006-12-15,6.43,6.43,0.0,11.79,11.79,0.0,17.9,17.9,0.0
2006-12-16,6.338,6.338,0.0,11.75,11.75,0.0,17.84,17.84,0.0
2006-12-17,6.158,6.158,0.0,11.17,11.17,0.0,17.16,17.16,0.0
2006-12-18,6.206,6.206,0.0,11.51,11.51,0.0,17.51,17.51,0.0
2006-12-19,6.177,6.177,0.0,11.44,11.44,0.0,17.37,17.37,0.0
2006-12-20,6.052,6.052,0.0,11.43,11.43,0.0,17.2,17.2,0.0
2006-12-21,6.515,6.515,0.0,11.82,11.82,0.0,18.09,18.09,0.0
2006-12-22,7.756,7.756,0.0,13.19,13.19,0.0,20.72,20.72,0.0
2006-12-23,7.282,7.282,0.0,12.56,12.56,0.0,19.4,19.4,0.0
2006-12-24,7.487,7.487,0.0,11.62,11.62,0.0,18.67,18.67,0.0
2006-12-25,7.933,7.933,0.0,12.61,12.61,0.0,20.17,20.17,0.0
2006-12-26,7.223,7.223,0.0,13.41,13.41,0.0,20.38,20.38,0.0
2006-12-27,7.2,7.2,0.0,12.92,12.92,0.0,19.71,19.71,0.0
2006-12-28,7.362,7.362,0.0,12.93,12.93,0.0,19.81,19.81,0.0
2006-12-29,7.077,7.077,0.0,11.95,11.95,0.0,18.62,18.62,0.0
2006-12-30,7.41,7.41,0.0,12.24,12.24,0.0,19.2,19.2,0.0
2006-12-31,8.664,8.664,0.0,13.42,13.42,0.0,21.54,21.54,0.0
2007-01-01,8.428,8.428,0.0,13.4,13.4,0.0,21.21,21.21,0.0
2007-01-02,7.907,7.907,0.0,13.27,13.27,0.0,20.5,20.5,0.0
2007-01-03,7.608,7.608,0.0,12.26,12.26,0.0,19.41,19.41,0.0
2007-01-04,8.587,8.587,0.0,13.24,13.24,0.0,21.0,21.0,0.0
2007-01-05,9.121,9.121,0.0,13.78,13.78,0.0,22.05,22.05,0.0
2007-01-06,8.613,8.613,0.0,13.57,13.57,0.0,21.29,21.29,0.0
2007-01-07,10.08,10.08,0.0,15.07,15.07,0.0,24.23,24.23,0.0
2007-01-08,8.968,8.968,0.0,14.8,14.8,0.0,23.15,23.15,0.0
2007-01-09,8.646,8.646,0.0,13.59,13.59,0.0,21.85,21.85,0.0
2007-01-10,8.763,8.763,0.0,13.79,13.79,0.0,21.81,21.81,0.0
2007-01-11,8.963,8.963,0.0,14.03,14.03,0.0,22.1,22.1,0.0
2007-01-12,8.931,8.931,0.0,15.34,15.34,0.0,23.74,23.74,0.0
2007-01-13,8.598,8.598,0.0,15.4,15.4,0.0,23.78,23.78,0.0
2007-01-14,8.697,8.697,0.0,15.51,15.51,0.0,23.69,23.69,0.0
2007-01-15,8.653,8.653,0.0,14.96,14.96,0.0,22.76,22.76,0.0
2007-01-16,8.707,8.707,0.0,14.47,14.47,0.0,22.43,22.43,0.0
2007-01-17,8.053,8.053,0.0,14.98,14.98,0.0,22.52,22.52,0.0
2007-01-18,8.338,8.338,0.0,15.03,15.03,0.0,22.76,22.76,0.0
2007-01-19,8.354,8.354,0.0,14.92,14.92,0.0,22.65,22.65,0.0
2007-01-20,8.345,8.345,0.0,14.18,14.18,0.0,21.82,21.82,0.0
2007-01-21,8.279,8.279,0.0,14.65,14.65,0.0,22.35,22.35,0.0
2007-01-22,7.836,7.836,0.0,14.64,14.64,0.0,22.04,22.04,0.0
2007-01-23,7.951,7.951,0.0,14.34,14.34,0.0,21.71,21.71,0.0
2007-01-24,7.859,7.859,0.0,13.53,13.53,0.0,20.62,20.62,0.0
2007-01-25,7.934,7.934,0.0,13.85,13.85,0.0,21.18,21.18,0.0
2007-01-26,7.519,7.519,0.0,13.8,13.8,0.0,20.74,20.74,0.0
2007-01-27,8.162,8.162,0.0,15.7,15.7,0.0,23.2,23.2,0.0
2007-01-28,7.657,7.657,0.0,13.57,13.57,0.0,20.7,20.7,0.0
2007-01-29,7.473,7.473,0.0,13.02,13.02,0.0,19.77,19.77,0.0
2007-01-30,7.42,7.42,0.0,13.16,13.16,0.0,20.07,20.07,0.0
2007-01-31,7.221,7.221,0.0,12.9,12.9,0.0,19.53,19.53,0.0
2007-02-01,7.169,7.169,0.0,12.73,12.73,0.0,19.32,19.32,0.0
2007-02-02,7.237,7.237,0.0,12.5,12.5,0.0,19.15,19.15,0.0
2007-02-03,7.088,7.088,0.0,12.44,12.44,0.0,18.87,18.87,0.0
2007-02-04,6.986,6.986,0.0,12.34,12.34,0.0,18.76,18.76,0.0
2007-02-05,6.846,6.846,0.0,12.15,12.15,0.0,18.43,18.43,0.0
2007-02-06,6.904,6.904,0.0,12.25,12.25,0.0,18.74,18.74,0.0
2007-02-07,6.798,6.798,0.0,11.7,11.7,0.0,17.87,17.87,0.0
2007-02-08,6.626,6.626,0.0,11.65,11.65,0.0,17.68,17.68,0.0
2007-02-09,6.639,6.639,0.0,11.53,11.53,0.0,17.55,17.55,0.0
2007-02-10,6.443,6.443,0.0,11.46,11.46,0.0,17.38,17.38,0.0
2007-02-11,6.481,6.481,0.0,11.28,11.28,0.0,17.16,17.16,0.0
2007-02-12,6.537,6.537,0.0,11.29,11.29,0.0,17.35,17.35,0.0
2007-02-13,6.52,6.52,0.0,11.69,11.69,0.0,17.94,17.94,0.0
2007-02-14,6.437,6.437,0.0,11.36,11.36,0.0,17.4,17.4,0.0
2007-02-15,6.178,6.178,0.0,11.03,11.03,0.0,16.8,16.8,0.0
2007-02-16,6.142,6.142,0.0,10.7,10.7,0.0,16.28,16.28,0.0
2007-02-17,6.217,6.217,0.0,10.77,10.77,0.0,16.56,16.56,0.0
2007-02-18,6.062,6.062,0.0,10.73,10.73,0.0,16.36,16.36,0.0
2007-02-19,5.964,5.964,0.0,10.37,10.37,0.0,15.81,15.81,0.0
2007-02-20,8.911,8.911,0.0,18.77,18.77,0.0,28.4,28.4,0.0
2007-02-21,14.77,14.77,0.0,21.45,21.45,0.0,36.66,36.66,0.0
2007-02-22,7.963,7.963,0.0,13.11,13.11,0.0,21.09,21.09,0.0
2007-02-23,5.851,5.851,0.0,10.3,10.3,0.0,15.79,15.79,0.0
2007-02-24,6.332,6.332,0.0,11.67,11.67,0.0,18.14,18.14,0.0
2007-02-25,6.522,6.522,0.0,12.3,12.3,0.0,18.53,18.53,0.0
2007-02-26,8.241,8.241,0.0,13.72,13.72,0.0,21.3,21.3,0.0
2007-02-27,9.905,9.905,0.0,12.86,12.86,0.0,21.61,21.61,0.0
2007-02-28,8.438,8.438,0.0,12.8,12.8,0.0,20.12,20.12,0.0
2007-03-01,23.48,23.48,0.0,34.87,34.87,0.0,54.47,54.47,0.0
2007-03-02,9.265,9.265,0.0,21.7,21.7,0.0,31.24,31.24,0.0
2007-03-03,9.16,9.16,0.0,19.36,19.36,0.0,28.53,28.53,0.0
2007-03-04,7.842,7.842,0.0,14.43,14.43,0.0,21.97,21.97,0.0
2007-03-05,7.913,7.913,0.0,13.59,13.59,0.0,21.41,21.41,0.0
2007-03-06,8.209,8.209,0.0,14.21,14.21,0.0,22.32,22.32,0.0
2007-03-07,8.705,8.705,0.0,13.98,13.98,0.0,22.42,22.42,0.0
2007-03-08,8.612,8.612,0.0,14.22,14.22,0.0,22.13,22.13,0.0
2007-03-09,9.595,9.595,0.0,18.18,18.18,0.0,27.03,27.03,0.0
2007-03-10,9.962,9.962,0.0,51.25,51.25,0.0,60.99,60.99,0.0
2007-03-11,9.999,9.999,0.0,21.61,21.61,0.0,31.37,31.37,0.0
2007-03-12,10.25,10.25,0.0,20.4,20.4,0.0,30.15,30.15,0.0
2007-03-13,9.399,9.399,0.0,19.41,19.41,0.0,28.33,28.33,0.0
2007-03-14,9.907,9.907,0.0,20.7,20.7,0.0,30.48,30.48,0.0
2007-03-15,12.64,12.64,0.0,23.58,23.58,0.0,35.86,35.86,0.0
2007-03-16,13.38,13.38,0.0,24.23,24.23,0.0,37.07,37.07,0.0
2007-03-17,11.38,11.38,0.0,22.14,22.14,0.0,33.67,33.67,0.0
2007-03-18,11.35,11.35,0.0,21.94,21.94,0.0,32.45,32.45,0.0
2007-03-19,11.56,11.56,0.0,23.02,23.02,0.0,34.35,34.35,0.0
2007-03-20,11.65,11.65,0.0,22.61,22.61,0.0,33.91,33.91,0.0
2007-03-21,11.45,11.45,0.0,22.1,22.1,0.0,33.3,33.3,0.0
2007-03-22,11.07,11.07,0.0,23.46,23.46,0.0,34.23,34.23,0.0
2007-03-23,11.01,11.01,0.0,23.7,23.7,0.0,34.46,34.46,0.0
2007-03-24,11.33,11.33,0.0,23.51,23.51,0.0,34.64,34.64,0.0
2007-03-25,11.27,11.27,0.0,22.61,22.61,0.0,33.57,33.57,0.0
2007-03-26,10.64,10.64,0.0,23.05,23.05,0.0,33.52,33.52,0.0
2007-03-27,10.52,10.52,0.0,23.03,23.03,0.0,33.19,33.19,0.0
2007-03-28,13.17,13.17,0.0,24.39,24.39,0.0,36.36,36.36,0.0
2007-03-29,12.19,12.19,0.0,23.51,23.51,0.0,34.95,34.95,0.0
2007-03-30,12.13,12.13,0.0,22.78,22.78,0.0,34.13,34.13,0.0
2007-03-31,11.47,11.47,0.0,23.04,23.04,0.0,33.79,33.79,0.0
2007-04-01,11.97,11.97,0.0,23.97,23.97,0.0,35.31,35.31,0.0
2007-04-02,11.63,11.63,0.0,23.22,23.22,0.0,34.23,34.23,0.0
2007-04-03,11.81,11.81,0.0,23.06,23.06,0.0,34.18,34.18,0.0
2007-04-04,11.78,11.78,0.0,22.65,22.65,0.0,33.59,33.59,0.0
2007-04-05,10.97,10.97,0.0,22.79,22.79,0.0,33.34,33.34,0.0
2007-04-06,11.18,11.18,0.0,22.61,22.61,0.0,33.17,33.17,0.0
2007-04-07,11.36,11.36,0.0,22.9,22.9,0.0,33.67,33.67,0.0
2007-04-08,11.3,11.3,0.0,22.15,22.15,0.0,32.84,32.84,0.0
2007-04-09,10.76,10.76,0.0,21.93,21.93,0.0,32.14,32.14,0.0
2007-04-10,11.12,11.12,0.0,22.32,22.32,0.0,32.6,32.6,0.0
2007-04-11,12.43,12.43,0.0,23.17,23.17,0.0,34.8,34.8,0.0
2007-04-12,11.49,11.49,0.0,23.48,23.48,0.0,34.5,34.5,0.0
2007-04-13,12.41,12.41,0.0,22.67,22.67,0.0,34.3,34.3,0.0
2007-04-14,18.69,18.69,0.0,31.42,31.42,0.0,49.07,49.07,0.0
2007-04-15,18.53,18.53,0.0,31.19,31.19,0.0,48.25,48.25,0.0
2007-04-16,14.72,14.72,0.0,28.76,28.76,0.0,43.74,43.74,0.0
2007-04-17,13.32,13.32,0.0,27.54,27.54,0.0,40.64,40.64,0.0
2007-04-18,13.64,13.64,0.0,27.4,27.4,0.0,40.31,40.31,0.0
2007-04-19,13.93,13.93,0.0,26.6,26.6,0.0,39.93,39.93,0.0
2007-04-20,13.79,13.79,0.0,26.96,26.96,0.0,40.32,40.32,0.0
2007-04-21,12.79,12.79,0.0,26.37,26.37,0.0,38.9,38.9,0.0
2007-04-22,13.27,13.27,0.0,25.69,25.69,0.0,38.38,38.38,0.0
2007-04-23,13.42,13.42,0.0,26.28,26.28,0.0,39.22,39.22,0.0
2007-04-24,13.34,13.34,0.0,26.26,26.26,0.0,39.13,39.13,0.0
2007-04-25,12.75,12.75,0.0,25.57,25.57,0.0,38.11,38.11,0.0
2007-04-26,13.45,13.45,0.0,26.92,26.92,0.0,40.03,40.03,0.0
2007-04-27,12.93,12.93,0.0,25.73,25.73,0.0,38.39,38.39,0.0
2007-04-28,13.11,13.11,0.0,25.91,25.91,0.0,38.48,38.48,0.0
2007-04-29,12.86,12.86,0.0,26.01,26.01,0.0,38.47,38.47,0.0
2007-04-30,12.63,12.63,0.0,25.2,25.2,0.0,37.6,37.6,0.0
2007-05-01,12.41,12.41,0.0,25.29,25.29,0.0,37.36,37.36,0.0
2007-05-02,12.6,12.6,0.0,24.69,24.69,0.0,36.72,36.72,0.0
2007-05-03,12.83,12.83,0.0,25.07,25.07,0.0,37.27,37.27,0.0
2007-05-04,12.58,12.58,0.0,24.63,24.63,0.0,36.71,36.71,0.0
2007-05-05,12.56,12.56,0.0,24.73,24.73,0.0,36.68,36.68,0.0
2007-05-06,12.42,12.42,0.0,24.12,24.12,0.0,35.95,35.95,0.0
2007-05-07,12.24,12.24,0.0,24.18,24.18,0.0,35.79,35.79,0.0
2007-05-08,12.29,12.29,0.0,24.21,24.21,0.0,35.85,35.85,0.0
2007-05-09,11.84,11.84,0.0,23.68,23.68,0.0,35.08,35.08,0.0
2007-05-10,11.86,11.86,0.0,23.19,23.19,0.0,34.37,34.37,0.0
2007-05-11,11.72,11.72,0.0,23.0,23.0,0.0,34.16,34.16,0.0
2007-05-12,12.06,12.06,0.0,23.84,23.84,0.0,35.75,35.75,0.0
2007-05-13,11.68,11.68,0.0,23.29,23.29,0.0,34.61,34.61,0.0
2007-05-14,11.44,11.44,0.0,22.78,22.78,0.0,33.78,33.78,0.0
2007-05-15,11.22,11.22,0.0,22.05,22.05,0.0,32.79,32.79,0.0
2007-05-16,11.59,11.59,0.0,23.46,23.46,0.0,34.99,34.99,0.0
2007-05-17,11.7,11.7,0.0,23.95,23.95,0.0,35.69,35.69,0.0
2007-05-18,12.27,12.27,0.0,25.7,25.7,0.0,38.36,38.36,0.0
2007-05-19,11.78,11.78,0.0,24.53,24.53,0.0,36.25,36.25,0.0
2007-05-20,11.26,11.26,0.0,23.98,23.98,0.0,35.19,35.19,0.0
2007-05-21,11.07,11.07,0.0,22.86,22.86,0.0,33.77,33.77,0.0
2007-05-22,11.25,11.25,0.0,23.44,23.44,0.0,34.57,34.57,0.0
2007-05-23,11.21,11.21,0.0,23.54,23.54,0.0,34.5,34.5,0.0
2007-05-24,10.88,10.88,0.0,23.28,23.28,0.0,34.11,34.11,0.0
2007-05-25,10.61,10.61,0.0,21.92,21.92,0.0,32.42,32.42,0.0
2007-05-26,10.74,10.74,0.0,22.39,22.39,0.0,32.97,32.97,0.0
2007-05-27,10.72,10.72,0.0,22.49,22.49,0.0,33.05,33.05,0.0
2007-05-28,10.64,10.64,0.0,22.25,22.25,0.0,32.65,32.65,0.0
2007-05-29,10.28,10.28,0.0,21.82,21.82,0.0,31.9,31.9,0.0
2007-05-30,10.14,10.14,0.0,21.13,21.13,0.0,31.18,31.18,0.0
2007-05-31,10.41,10.41,0.0,21.62,21.62,0.0,31.97,31.97,0.0
2007-06-01,10.87,10.87,0.0,21.51,21.51,0.0,32.04,32.04,0.0
2007-06-02,10.85,10.85,0.0,21.38,21.38,0.0,31.88,31.88,0.0
2007-06-03,12.13,12.13,0.0,22.01,22.01,0.0,33.74,33.74,0.0
2007-06-04,11.24,11.24,0.0,21.11,21.11,0.0,31.76,31.76,0.0
2007-06-05,10.66,10.66,0.0,21.12,21.12,0.0,31.65,31.65,0.0
2007-06-06,10.57,10.57,0.0,20.83,20.83,0.0,31.1,31.1,0.0
2007-06-07,10.7,10.7,0.0,20.76,20.76,0.0,31.04,31.04,0.0
2007-06-08,10.78,10.78,0.0,20.44,20.44,0.0,30.85,30.85,0.0
2007-06-09,10.42,10.42,0.0,20.07,20.07,0.0,29.96,29.96,0.0
2007-06-10,9.999,9.999,0.0,19.85,19.85,0.0,29.56,29.56,0.0
2007-06-11,10.23,10.23,0.0,19.74,19.74,0.0,29.53,29.53,0.0
2007-06-12,10.61,10.61,0.0,20.4,20.4,0.0,30.85,30.85,0.0
2007-06-13,10.25,10.25,0.0,19.24,19.24,0.0,28.89,28.89,0.0
2007-06-14,10.12,10.12,0.0,19.36,19.36,0.0,28.94,28.94,0.0
2007-06-15,9.804,9.804,0.0,19.1,19.1,0.0,28.51,28.51,0.0
2007-06-16,9.91,9.91,0.0,18.88,18.88,0.0,28.29,28.29,0.0
2007-06-17,9.891,9.891,0.0,18.77,18.77,0.0,28.08,28.08,0.0
2007-06-18,9.773,9.773,0.0,18.38,18.38,0.0,27.51,27.51,0.0
2007-06-19,9.799,9.799,0.0,19.16,19.16,0.0,28.82,28.82,0.0
2007-06-20,9.453,9.453,0.0,18.17,18.17,0.0,27.17,27.17,0.0
2007-06-21,9.606,9.606,0.0,18.31,18.31,0.0,27.54,27.54,0.0
2007-06-22,9.415,9.415,0.0,17.87,17.87,0.0,26.67,26.67,0.0
2007-06-23,9.286,9.286,0.0,17.5,17.5,0.0,26.21,26.21,0.0
2007-06-24,8.997,8.997,0.0,17.33,17.33,0.0,25.89,25.89,0.0
2007-06-25,9.098,9.098,0.0,17.2,17.2,0.0,25.77,25.77,0.0
2007-06-26,9.167,9.167,0.0,17.14,17.14,0.0,25.73,25.73,0.0
2007-06-27,9.25,9.25,0.0,17.38,17.38,0.0,26.19,26.19,0.0
2007-06-28,9.24,9.24,0.0,17.41,17.41,0.0,26.32,26.32,0.0
2007-06-29,8.894,8.894,0.0,17.01,17.01,0.0,25.62,25.62,0.0
2007-06-30,8.845,8.845,0.0,16.62,16.62,0.0,24.95,24.95,0.0
2007-07-01,8.813,8.813,0.0,16.51,16.51,0.0,24.75,24.75,0.0
2007-07-02,8.717,8.717,0.0,16.29,16.29,0.0,24.4,24.4,0.0
2007-07-03,8.525,8.525,0.0,16.04,16.04,0.0,24.03,24.03,0.0
2007-07-04,8.659,8.659,0.0,16.53,16.53,0.0,25.06,25.06,0.0
2007-07-05,9.017,9.017,0.0,17.71,17.71,0.0,26.99,26.99,0.0
2007-07-06,8.443,8.443,0.0,16.21,16.21,0.0,24.21,24.21,0.0
2007-07-07,8.338,8.338,0.0,16.01,16.01,0.0,23.89,23.89,0.0
2007-07-08,8.164,8.164,0.0,15.64,15.64,0.0,23.33,23.33,0.0
2007-07-09,8.091,8.091,0.0,15.4,15.4,0.0,23.05,23.05,0.0
2007-07-10,8.127,8.127,0.0,15.78,15.78,0.0,23.64,23.64,0.0
2007-07-11,8.194,8.194,0.0,15.95,15.95,0.0,23.94,23.94,0.0
2007-07-12,7.886,7.886,0.0,15.32,15.32,0.0,22.75,22.75,0.0
2007-07-13,7.903,7.903,0.0,15.1,15.1,0.0,22.58,22.58,0.0
2007-07-14,7.673,7.673,0.0,14.74,14.74,0.0,22.01,22.01,0.0
2007-07-15,8.005,8.005,0.0,15.72,15.72,0.0,23.72,23.72,0.0
2007-07-16,7.579,7.579,0.0,14.73,14.73,0.0,21.91,21.91,0.0
2007-07-17,7.548,7.548,0.0,14.6,14.6,0.0,21.77,21.77,0.0
2007-07-18,7.464,7.464,0.0,14.5,14.5,0.0,21.61,21.61,0.0
2007-07-19,7.512,7.512,0.0,14.83,14.83,0.0,22.23,22.23,0.0
2007-07-20,7.267,7.267,0.0,14.21,14.21,0.0,21.06,21.06,0.0
2007-07-21,7.194,7.194,0.0,14.07,14.07,0.0,20.85,20.85,0.0
2007-07-22,7.097,7.097,0.0,13.8,13.8,0.0,20.44,20.44,0.0
2007-07-23,7.017,7.017,0.0,13.7,13.7,0.0,20.3,20.3,0.0
2007-07-24,6.881,6.881,0.0,13.48,13.48,0.0,19.97,19.97,0.0
2007-07-25,6.907,6.907,0.0,13.55,13.55,0.0,20.12,20.12,0.0
2007-07-26,6.945,6.945,0.0,13.7,13.7,0.0,20.41,20.41,0.0
2007-07-27,7.063,7.063,0.0,13.83,13.83,0.0,20.75,20.75,0.0
2007-07-28,6.719,6.719,0.0,13.12,13.12,0.0,19.43,19.43,0.0
2007-07-29,6.772,6.772,0.0,13.5,13.5,0.0,20.1,20.1,0.0
2007-07-30,6.616,6.616,0.0,12.99,12.99,0.0,19.19,19.19,0.0
2007-07-31,6.555,6.555,0.0,12.85,12.85,0.0,18.98,18.98,0.0
2007-08-01,6.462,6.462,0.0,12.76,12.76,0.0,18.79,18.79,0.0
2007-08-02,6.716,6.716,0.0,13.52,13.52,0.0,20.26,20.26,0.0
2007-08-03,6.286,6.286,0.0,12.53,12.53,0.0,18.44,18.44,0.0
2007-08-04,6.246,6.246,0.0,12.31,12.31,0.0,18.14,18.14,0.0
2007-08-05,6.507,6.507,0.0,13.05,13.05,0.0,19.51,19.51,0.0
2007-08-06,6.185,6.185,0.0,12.39,12.39,0.0,18.3,18.3,0.0
2007-08-07,6.034,6.034,0.0,12.09,12.09,0.0,17.76,17.76,0.0
2007-08-08,6.229,6.229,0.0,12.63,12.63,0.0,18.78,18.78,0.0
2007-08-09,6.38,6.38,0.0,13.05,13.05,0.0,19.57,19.57,0.0
2007-08-10,6.107,6.107,0.0,12.53,12.53,0.0,18.55,18.55,0.0
2007-08-11,5.791,5.791,0.0,11.9,11.9,0.0,17.41,17.41,0.0
2007-08-12,5.767,5.767,0.0,11.78,11.78,0.0,17.24,17.24,0.0
2007-08-13,5.718,5.718,0.0,11.66,11.66,0.0,17.06,17.06,0.0
2007-08-14,5.657,5.657,0.0,11.44,11.44,0.0,16.77,16.77,0.0
2007-08-15,5.561,5.561,0.0,11.37,11.37,0.0,16.63,16.63,0.0
2007-08-16,5.797,5.797,0.0,11.96,11.96,0.0,17.77,17.77,0.0
2007-08-17,5.544,5.544,0.0,11.33,11.33,0.0,16.64,16.64,0.0
2007-08-18,5.455,5.455,0.0,11.12,11.12,0.0,16.3,16.3,0.0
2007-08-19,5.777,5.777,0.0,11.87,11.87,0.0,17.77,17.77,0.0
2007-08-20,5.99,5.99,0.0,12.45,12.45,0.0,18.71,18.71,0.0
2007-08-21,5.61,5.61,0.0,11.42,11.42,0.0,16.83,16.83,0.0
2007-08-22,5.526,5.526,0.0,11.24,11.24,0.0,16.52,16.52,0.0
2007-08-23,5.441,5.441,0.0,11.04,11.04,0.0,16.21,16.21,0.0
2007-08-24,5.361,5.361,0.0,10.82,10.82,0.0,15.9,15.9,0.0
2007-08-25,5.918,5.918,0.0,10.77,10.77,0.0,16.09,16.09,0.0
2007-08-26,5.561,5.561,0.0,10.64,10.64,0.0,15.78,15.78,0.0
2007-08-27,5.515,5.515,0.0,10.56,10.56,0.0,15.64,15.64,0.0
2007-08-28,5.459,5.459,0.0,10.42,10.42,0.0,15.45,15.45,0.0
2007-08-29,5.394,5.394,0.0,10.23,10.23,0.0,15.19,15.19,0.0
2007-08-30,5.47,5.47,0.0,10.54,10.54,0.0,15.78,15.78,0.0
2007-08-31,5.258,5.258,0.0,10.08,10.08,0.0,14.94,14.94,0.0
2007-09-01,5.212,5.212,0.0,9.961,9.961,0.0,14.76,14.76,0.0
2007-09-02,5.159,5.159,0.0,9.832,9.832,0.0,14.58,14.58,0.0
2007-09-03,5.086,5.086,0.0,9.683,9.683,0.0,14.37,14.37,0.0
2007-09-04,5.038,5.038,0.0,9.588,9.588,0.0,14.23,14.23,0.0
2007-09-05,4.968,4.968,0.0,9.492,9.492,0.0,14.07,14.07,0.0
2007-09-06,4.924,4.924,0.0,9.377,9.377,0.0,13.91,13.91,0.0
2007-09-07,4.865,4.865,0.0,9.25,9.25,0.0,13.72,13.72,0.0
2007-09-08,4.812,4.812,0.0,9.15,9.15,0.0,13.58,13.58,0.0
2007-09-09,4.792,4.792,0.0,9.063,9.063,0.0,13.47,13.47,0.0
2007-09-10,5.336,5.336,0.0,10.17,10.17,0.0,15.61,15.61,0.0
2007-09-11,5.3,5.3,0.0,9.964,9.964,0.0,15.16,15.16,0.0
2007-09-12,4.982,4.982,0.0,9.239,9.239,0.0,13.81,13.81,0.0
2007-09-13,4.941,4.941,0.0,9.119,9.119,0.0,13.66,13.66,0.0
2007-09-14,5.271,5.271,0.0,9.802,9.802,0.0,14.95,14.95,0.0
2007-09-15,4.963,4.963,0.0,9.091,9.091,0.0,13.66,13.66,0.0
2007-09-16,4.911,4.911,0.0,8.971,8.971,0.0,13.49,13.49,0.0
2007-09-17,4.863,4.863,0.0,8.889,8.889,0.0,13.35,13.35,0.0
2007-09-18,4.808,4.808,0.0,8.786,8.786,0.0,13.2,13.2,0.0
2007-09-19,4.757,4.757,0.0,8.697,8.697,0.0,13.07,13.07,0.0
2007-09-20,4.689,4.689,0.0,8.579,8.579,0.0,12.89,12.89,0.0
2007-09-21,4.642,4.642,0.0,8.476,8.476,0.0,12.74,12.74,0.0
2007-09-22,4.596,4.596,0.0,8.398,8.398,0.0,12.62,12.62,0.0
2007-09-23,4.544,4.544,0.0,8.302,8.302,0.0,12.48,12.48,0.0
2007-09-24,4.496,4.496,0.0,8.217,8.217,0.0,12.35,12.35,0.0
2007-09-25,4.432,4.432,0.0,8.106,8.106,0.0,12.18,12.18,0.0
2007-09-26,4.39,4.39,0.0,8.011,8.011,0.0,12.05,12.05,0.0
2007-09-27,4.552,4.552,0.0,8.509,8.509,0.0,12.98,12.98,0.0
2007-09-28,4.306,4.306,0.0,7.901,7.901,0.0,11.87,11.87,0.0
2007-09-29,4.259,4.259,0.0,7.807,7.807,0.0,11.74,11.74,0.0
2007-09-30,4.198,4.198,0.0,7.71,7.71,0.0,11.59,11.59,0.0
2007-10-01,4.156,4.156,0.0,7.614,7.614,0.0,11.45,11.45,0.0
2007-10-02,4.116,4.116,0.0,7.543,7.543,0.0,11.33,11.33,0.0
2007-10-03,4.069,4.069,0.0,7.457,7.457,0.0,11.21,11.21,0.0
2007-10-04,4.026,4.026,0.0,7.377,7.377,0.0,11.09,11.09,0.0
2007-10-05,3.968,3.968,0.0,7.286,7.286,0.0,10.95,10.95,0.0
2007-10-06,3.929,3.929,0.0,7.194,7.194,0.0,10.82,10.82,0.0
2007-10-07,3.89,3.89,0.0,7.127,7.127,0.0,10.71,10.71,0.0
2007-10-08,3.845,3.845,0.0,7.046,7.046,0.0,10.59,10.59,0.0
2007-10-09,4.014,4.014,0.0,7.643,7.643,0.0,11.63,11.63,0.0
2007-10-10,3.754,3.754,0.0,7.015,7.015,0.0,10.49,10.49,0.0
2007-10-11,3.788,3.788,0.0,7.116,7.116,0.0,10.71,10.71,0.0
2007-10-12,3.682,3.682,0.0,6.876,6.876,0.0,10.27,10.27,0.0
2007-10-13,3.639,3.639,0.0,6.794,6.794,0.0,10.15,10.15,0.0
2007-10-14,3.6,3.6,0.0,6.722,6.722,0.0,10.04,10.04,0.0
2007-10-15,3.547,3.547,0.0,6.639,6.639,0.0,9.919,9.919,0.0
2007-10-16,3.516,3.516,0.0,6.554,6.554,0.0,9.801,9.801,0.0
2007-10-17,3.479,3.479,0.0,6.495,6.495,0.0,9.707,9.707,0.0
2007-10-18,3.439,3.439,0.0,6.422,6.422,0.0,9.594,9.594,0.0
2007-10-19,3.546,3.546,0.0,6.787,6.787,0.0,10.28,10.28,0.0
2007-10-20,3.368,3.368,0.0,6.331,6.331,0.0,9.456,9.456,0.0
2007-10-21,3.333,3.333,0.0,6.245,6.245,0.0,9.337,9.337,0.0
2007-10-22,3.298,3.298,0.0,6.182,6.182,0.0,9.24,9.24,0.0
2007-10-23,3.802,3.802,0.0,7.51,7.51,0.0,11.6,11.6,0.0
2007-10-24,4.583,4.583,0.0,9.227,9.227,0.0,14.3,14.3,0.0
2007-10-25,4.272,4.272,0.0,8.543,8.543,0.0,12.85,12.85,0.0
2007-10-26,4.629,4.629,0.0,9.531,9.531,0.0,14.39,14.39,0.0
2007-10-27,4.36,4.36,0.0,9.161,9.161,0.0,13.52,13.52,0.0
2007-10-28,4.218,4.218,0.0,8.843,8.843,0.0,12.93,12.93,0.0
2007-10-29,4.175,4.175,0.0,8.772,8.772,0.0,12.8,12.8,0.0
2007-10-30,4.126,4.126,0.0,8.162,8.162,0.0,12.16,12.16,0.0
2007-10-31,4.07,4.07,0.0,8.384,8.384,0.0,12.33,12.33,0.0
2007-11-01,4.034,4.034,0.0,8.423,8.423,0.0,12.33,12.33,0.0
2007-11-02,3.993,3.993,0.0,8.387,8.387,0.0,12.26,12.26,0.0
2007-11-03,3.946,3.946,0.0,7.928,7.928,0.0,11.74,11.74,0.0
2007-11-04,3.902,3.902,0.0,8.082,8.082,0.0,11.86,11.86,0.0
2007-11-05,4.103,4.103,0.0,8.894,8.894,0.0,13.11,13.11,0.0
2007-11-06,3.941,3.941,0.0,8.641,8.641,0.0,12.54,12.54,0.0
2007-11-07,3.851,3.851,0.0,8.439,8.439,0.0,12.18,12.18,0.0
2007-11-08,3.806,3.806,0.0,7.948,7.948,0.0,11.64,11.64,0.0
2007-11-09,3.962,3.962,0.0,8.562,8.562,0.0,12.54,12.54,0.0
2007-11-10,3.843,3.843,0.0,8.533,8.533,0.0,12.3,12.3,0.0
2007-11-11,3.834,3.834,0.0,8.675,8.675,0.0,12.43,12.43,0.0
2007-11-12,3.95,3.95,0.0,9.079,9.079,0.0,13.02,13.02,0.0
2007-11-13,3.91,3.91,0.0,9.189,9.189,0.0,13.06,13.06,0.0
2007-11-14,4.336,4.336,0.0,9.995,9.995,0.0,14.36,14.36,0.0
2007-11-15,4.524,4.524,0.0,10.12,10.12,0.0,14.76,14.76,0.0
2007-11-16,4.329,4.329,0.0,9.786,9.786,0.0,14.0,14.0,0.0
2007-11-17,4.289,4.289,0.0,9.699,9.699,0.0,13.83,13.83,0.0
2007-11-18,4.135,4.135,0.0,9.703,9.703,0.0,13.73,13.73,0.0
2007-11-19,4.161,4.161,0.0,9.816,9.816,0.0,13.88,13.88,0.0
2007-11-20,4.112,4.112,0.0,9.286,9.286,0.0,13.29,13.29,0.0
2007-11-21,4.089,4.089,0.0,9.371,9.371,0.0,13.32,13.32,0.0
2007-11-22,4.07,4.07,0.0,9.473,9.473,0.0,13.48,13.48,0.0
2007-11-23,3.964,3.964,0.0,9.466,9.466,0.0,13.31,13.31,0.0
2007-11-24,3.945,3.945,0.0,9.161,9.161,0.0,12.99,12.99,0.0
2007-11-25,4.009,4.009,0.0,9.546,9.546,0.0,13.57,13.57,0.0
2007-11-26,4.301,4.301,0.0,10.31,10.31,0.0,14.71,14.71,0.0
2007-11-27,4.146,4.146,0.0,9.847,9.847,0.0,13.91,13.91,0.0
2007-11-28,4.084,4.084,0.0,9.694,9.694,0.0,13.67,13.67,0.0
2007-11-29,3.987,3.987,0.0,9.358,9.358,0.0,13.25,13.25,0.0
2007-11-30,3.953,3.953,0.0,9.429,9.429,0.0,13.31,13.31,0.0
2007-12-01,3.947,3.947,0.0,9.399,9.399,0.0,13.27,13.27,0.0
2007-12-02,4.893,4.893,0.0,11.98,11.98,0.0,17.36,17.36,0.0
2007-12-03,4.701,4.701,0.0,11.47,11.47,0.0,16.29,16.29,0.0
2007-12-04,4.625,4.625,0.0,11.3,11.3,0.0,15.99,15.99,0.0
2007-12-05,4.55,4.55,0.0,10.58,10.58,0.0,15.27,15.27,0.0
2007-12-06,4.288,4.288,0.0,10.38,10.38,0.0,14.69,14.69,0.0
2007-12-07,4.478,4.478,0.0,10.96,10.96,0.0,15.61,15.61,0.0
2007-12-08,5.813,5.813,0.0,19.09,19.09,0.0,24.73,24.73,0.0
2007-12-09,5.743,5.743,0.0,21.26,21.26,0.0,27.34,27.34,0.0
2007-12-10,5.51,5.51,0.0,14.55,14.55,0.0,20.37,20.37,0.0
2007-12-11,5.428,5.428,0.0,14.24,14.24,0.0,19.8,19.8,0.0
2007-12-12,5.769,5.769,0.0,15.14,15.14,0.0,21.26,21.26,0.0
2007-12-13,5.725,5.725,0.0,15.72,15.72,0.0,21.96,21.96,0.0
2007-12-14,5.447,5.447,0.0,13.47,13.47,0.0,19.0,19.0,0.0
2007-12-15,5.699,5.699,0.0,15.45,15.45,0.0,21.71,21.71,0.0
2007-12-16,6.037,6.037,0.0,16.22,16.22,0.0,22.9,22.9,0.0
2007-12-17,5.941,5.941,0.0,15.69,15.69,0.0,22.14,22.14,0.0
2007-12-18,5.39,5.39,0.0,13.67,13.67,0.0,19.61,19.61,0.0
2007-12-19,5.586,5.586,0.0,14.74,14.74,0.0,20.63,20.63,0.0
2007-12-20,6.006,6.006,0.0,15.45,15.45,0.0,21.56,21.56,0.0
2007-12-21,5.935,5.935,0.0,15.44,15.44,0.0,21.59,21.59,0.0
2007-12-22,6.942,6.942,0.0,16.82,16.82,0.0,23.46,23.46,0.0
2007-12-23,7.05,7.05,0.0,20.87,20.87,0.0,27.82,27.82,0.0
2007-12-24,6.185,6.185,0.0,15.47,15.47,0.0,21.75,21.75,0.0
2007-12-25,6.362,6.362,0.0,15.52,15.52,0.0,21.82,21.82,0.0
2007-12-26,5.982,5.982,0.0,15.56,15.56,0.0,21.75,21.75,0.0
2007-12-27,6.092,6.092,0.0,14.85,14.85,0.0,21.05,21.05,0.0
2007-12-28,7.177,7.177,0.0,16.55,16.55,0.0,23.92,23.92,0.0
2007-12-29,6.941,6.941,0.0,15.73,15.73,0.0,22.52,22.52,0.0
2007-12-30,7.019,7.019,0.0,16.65,16.65,0.0,23.85,23.85,0.0
2007-12-31,6.67,6.67,0.0,16.77,16.77,0.0,23.59,23.59,0.0
2008-01-01,6.681,6.681,0.0,15.81,15.81,0.0,22.55,22.55,0.0
2008-01-02,6.853,6.853,0.0,15.49,15.49,0.0,22.39,22.39,0.0
2008-01-03,6.62,6.62,0.0,15.6,15.6,0.0,22.2,22.2,0.0
2008-01-04,6.417,6.417,0.0,15.87,15.87,0.0,22.33,22.33,0.0
2008-01-05,6.76,6.76,0.0,17.19,17.19,0.0,24.42,24.42,0.0
2008-01-06,6.663,6.663,0.0,17.1,17.1,0.0,23.91,23.91,0.0
2008-01-07,6.752,6.752,0.0,15.64,15.64,0.0,22.47,22.47,0.0
2008-01-08,6.86,6.86,0.0,16.03,16.03,0.0,22.88,22.88,0.0
2008-01-09,6.972,6.972,0.0,16.45,16.45,0.0,23.44,23.44,0.0
2008-01-10,8.971,8.971,0.0,23.13,23.13,0.0,32.11,32.11,0.0
2008-01-11,8.831,8.831,0.0,19.9,19.9,0.0,28.68,28.68,0.0
2008-01-12,7.626,7.626,0.0,18.8,18.8,0.0,26.52,26.52,0.0
2008-01-13,7.724,7.724,0.0,17.76,17.76,0.0,25.51,25.51,0.0
2008-01-14,7.916,7.916,0.0,17.55,17.55,0.0,25.45,25.45,0.0
2008-01-15,7.717,7.717,0.0,18.27,18.27,0.0,26.14,26.14,0.0
2008-01-16,7.472,7.472,0.0,18.2,18.2,0.0,25.75,25.75,0.0
2008-01-17,7.758,7.758,0.0,17.89,17.89,0.0,25.74,25.74,0.0
2008-01-18,7.656,7.656,0.0,16.82,16.82,0.0,24.49,24.49,0.0
2008-01-19,7.524,7.524,0.0,17.39,17.39,0.0,24.84,24.84,0.0
2008-01-20,7.022,7.022,0.0,17.54,17.54,0.0,24.72,24.72,0.0
2008-01-21,7.251,7.251,0.0,16.52,16.52,0.0,23.79,23.79,0.0
2008-01-22,7.373,7.373,0.0,16.79,16.79,0.0,24.3,24.3,0.0
2008-01-23,7.185,7.185,0.0,16.42,16.42,0.0,23.56,23.56,0.0
2008-01-24,7.02,7.02,0.0,16.31,16.31,0.0,23.41,23.41,0.0
2008-01-25,6.841,6.841,0.0,16.14,16.14,0.0,23.11,23.11,0.0
2008-01-26,6.93,6.93,0.0,15.83,15.83,0.0,22.78,22.78,0.0
2008-01-27,6.98,6.98,0.0,15.61,15.61,0.0,22.68,22.68,0.0
2008-01-28,8.885,8.885,0.0,17.95,17.95,0.0,26.37,26.37,0.0
2008-01-29,7.337,7.337,0.0,18.29,18.29,0.0,26.13,26.13,0.0
2008-01-30,6.573,6.573,0.0,15.54,15.54,0.0,22.18,22.18,0.0
2008-01-31,6.742,6.742,0.0,15.87,15.87,0.0,22.83,22.83,0.0
2008-02-01,6.925,6.925,0.0,16.94,16.94,0.0,24.2,24.2,0.0
2008-02-02,12.78,12.78,0.0,22.14,22.14,0.0,34.4,34.4,0.0
2008-02-03,11.42,11.42,0.0,20.1,20.1,0.0,30.0,30.0,0.0
2008-02-04,8.904,8.904,0.0,24.55,24.55,0.0,32.74,32.74,0.0
2008-02-05,7.744,7.744,0.0,17.33,17.33,0.0,25.15,25.15,0.0
2008-02-06,9.251,9.251,0.0,19.77,19.77,0.0,29.13,29.13,0.0
2008-02-07,9.149,9.149,0.0,19.04,19.04,0.0,28.17,28.17,0.0
2008-02-08,9.449,9.449,0.0,19.16,19.16,0.0,28.56,28.56,0.0
2008-02-09,8.711,8.711,0.0,18.6,18.6,0.0,27.45,27.45,0.0
2008-02-10,8.86,8.86,0.0,18.05,18.05,0.0,26.89,26.89,0.0
2008-02-11,8.688,8.688,0.0,18.78,18.78,0.0,27.58,27.58,0.0
2008-02-12,9.066,9.066,0.0,19.0,19.0,0.0,28.12,28.12,0.0
2008-02-13,9.589,9.589,0.0,19.31,19.31,0.0,28.79,28.79,0.0
2008-02-14,8.911,8.911,0.0,17.86,17.86,0.0,26.69,26.69,0.0
2008-02-15,8.488,8.488,0.0,18.52,18.52,0.0,27.15,27.15,0.0
2008-02-16,8.648,8.648,0.0,18.6,18.6,0.0,27.22,27.22,0.0
2008-02-17,9.074,9.074,0.0,18.93,18.93,0.0,27.88,27.88,0.0
2008-02-18,9.146,9.146,0.0,18.78,18.78,0.0,27.73,27.73,0.0
2008-02-19,9.209,9.209,0.0,18.04,18.04,0.0,27.14,27.14,0.0
2008-02-20,8.936,8.936,0.0,18.42,18.42,0.0,27.56,27.56,0.0
2008-02-21,8.583,8.583,0.0,18.45,18.45,0.0,27.08,27.08,0.0
2008-02-22,8.846,8.846,0.0,18.29,18.29,0.0,26.99,26.99,0.0
2008-02-23,8.765,8.765,0.0,18.11,18.11,0.0,27.0,27.0,0.0
2008-02-24,8.561,8.561,0.0,17.82,17.82,0.0,26.37,26.37,0.0
2008-02-25,8.309,8.309,0.0,18.05,18.05,0.0,26.37,26.37,0.0
2008-02-26,8.737,8.737,0.0,19.52,19.52,0.0,28.41,28.41,0.0
2008-02-27,8.492,8.492,0.0,18.28,18.28,0.0,26.85,26.85,0.0
2008-02-28,8.348,8.348,0.0,16.75,16.75,0.0,24.97,24.97,0.0
2008-02-29,8.223,8.223,0.0,17.7,17.7,0.0,26.1,26.1,0.0
2008-03-01,8.444,8.444,0.0,17.52,17.52,0.0,25.83,25.83,0.0
2008-03-02,8.189,8.189,0.0,19.19,19.19,0.0,27.39,27.39,0.0
2008-03-03,8.357,8.357,0.0,18.1,18.1,0.0,26.59,26.59,0.0
2008-03-04,14.38,14.38,0.0,42.83,42.83,0.0,56.21,56.21,0.0
2008-03-05,10.46,10.46,0.0,23.55,23.55,0.0,34.02,34.02,0.0
2008-03-06,10.53,10.53,0.0,22.09,22.09,0.0,32.2,32.2,0.0
2008-03-07,10.26,10.26,0.0,22.04,22.04,0.0,32.16,32.16,0.0
2008-03-08,9.82,9.82,0.0,21.51,21.51,0.0,31.68,31.68,0.0
2008-03-09,10.16,10.16,0.0,22.63,22.63,0.0,32.78,32.78,0.0
2008-03-10,10.34,10.34,0.0,23.33,23.33,0.0,33.6,33.6,0.0
2008-03-11,9.868,9.868,0.0,22.49,22.49,0.0,32.1,32.1,0.0
2008-03-12,9.629,9.629,0.0,22.77,22.77,0.0,32.41,32.41,0.0
2008-03-13,9.721,9.721,0.0,21.87,21.87,0.0,31.58,31.58,0.0
2008-03-14,10.35,10.35,0.0,23.67,23.67,0.0,34.14,34.14,0.0
2008-03-15,10.9,10.9,0.0,24.35,24.35,0.0,35.17,35.17,0.0
2008-03-16,10.62,10.62,0.0,23.3,23.3,0.0,33.49,33.49,0.0
2008-03-17,9.737,9.737,0.0,22.34,22.34,0.0,32.06,32.06,0.0
2008-03-18,10.48,10.48,0.0,23.42,23.42,0.0,33.91,33.91,0.0
2008-03-19,12.12,12.12,0.0,25.39,25.39,0.0,37.38,37.38,0.0
2008-03-20,11.3,11.3,0.0,24.84,24.84,0.0,35.94,35.94,0.0
2008-03-21,11.22,11.22,0.0,23.54,23.54,0.0,34.24,34.24,0.0
2008-03-22,10.27,10.27,0.0,22.9,22.9,0.0,33.12,33.12,0.0
2008-03-23,10.5,10.5,0.0,23.62,23.62,0.0,33.98,33.98,0.0
2008-03-24,10.68,10.68,0.0,23.79,23.79,0.0,34.24,34.24,0.0
2008-03-25,10.67,10.67,0.0,23.69,23.69,0.0,34.1,34.1,0.0
2008-03-26,9.99,9.99,0.0,22.62,22.62,0.0,32.35,32.35,0.0
2008-03-27,10.5,10.5,0.0,22.67,22.67,0.0,33.08,33.08,0.0
2008-03-28,10.61,10.61,0.0,23.23,23.23,0.0,33.59,33.59,0.0
2008-03-29,10.55,10.55,0.0,23.28,23.28,0.0,33.53,33.53,0.0
2008-03-30,10.3,10.3,0.0,22.95,22.95,0.0,32.74,32.74,0.0
2008-03-31,9.929,9.929,0.0,21.88,21.88,0.0,31.6,31.6,0.0
2008-04-01,10.03,10.03,0.0,22.06,22.06,0.0,31.9,31.9,0.0
2008-04-02,10.3,10.3,0.0,22.24,22.24,0.0,32.2,32.2,0.0
2008-04-03,11.33,11.33,0.0,23.38,23.38,0.0,34.37,34.37,0.0
2008-04-04,11.46,11.46,0.0,23.64,23.64,0.0,34.78,34.78,0.0
2008-04-05,12.2,12.2,0.0,24.61,24.61,0.0,36.51,36.51,0.0
2008-04-06,11.59,11.59,0.0,23.33,23.33,0.0,34.41,34.41,0.0
2008-04-07,10.66,10.66,0.0,22.66,22.66,0.0,33.07,33.07,0.0
2008-04-08,11.07,11.07,0.0,23.28,23.28,0.0,33.97,33.97,0.0
2008-04-09,11.17,11.17,0.0,23.42,23.42,0.0,34.05,34.05,0.0
2008-04-10,10.96,10.96,0.0,23.26,23.26,0.0,33.82,33.82,0.0
2008-04-11,11.99,11.99,0.0,24.38,24.38,0.0,36.32,36.32,0.0
2008-04-12,10.91,10.91,0.0,22.41,22.41,0.0,33.07,33.07,0.0
2008-04-13,11.37,11.37,0.0,23.84,23.84,0.0,35.0,35.0,0.0
2008-04-14,11.32,11.32,0.0,23.82,23.82,0.0,34.65,34.65,0.0
2008-04-15,11.08,11.08,0.0,23.69,23.69,0.0,34.44,34.44,0.0
2008-04-16,10.6,10.6,0.0,22.69,22.69,0.0,32.98,32.98,0.0
2008-04-17,10.7,10.7,0.0,22.16,22.16,0.0,32.55,32.55,0.0
2008-04-18,10.78,10.78,0.0,22.59,22.59,0.0,33.03,33.03,0.0
2008-04-19,11.95,11.95,0.0,24.69,24.69,0.0,36.69,36.69,0.0
2008-04-20,12.06,12.06,0.0,24.61,24.61,0.0,36.45,36.45,0.0
2008-04-21,11.73,11.73,0.0,24.73,24.73,0.0,36.46,36.46,0.0
2008-04-22,10.84,10.84,0.0,22.3,22.3,0.0,32.89,32.89,0.0
2008-04-23,11.24,11.24,0.0,23.19,23.19,0.0,34.14,34.14,0.0
2008-04-24,11.31,11.31,0.0,23.47,23.47,0.0,34.51,34.51,0.0
2008-04-25,11.41,11.41,0.0,23.91,23.91,0.0,35.24,35.24,0.0
2008-04-26,11.56,11.56,0.0,24.08,24.08,0.0,35.72,35.72,0.0
2008-04-27,12.42,12.42,0.0,24.47,24.47,0.0,36.86,36.86,0.0
2008-04-28,13.25,13.25,0.0,26.08,26.08,0.0,39.58,39.58,0.0
2008-04-29,11.82,11.82,0.0,24.88,24.88,0.0,36.7,36.7,0.0
2008-04-30,12.02,12.02,0.0,25.26,25.26,0.0,37.13,37.13,0.0
2008-05-01,11.87,11.87,0.0,25.14,25.14,0.0,37.01,37.01,0.0
2008-05-02,11.81,11.81,0.0,24.67,24.67,0.0,36.33,36.33,0.0
2008-05-03,11.32,11.32,0.0,24.48,24.48,0.0,35.79,35.79,0.0
2008-05-04,11.52,11.52,0.0,23.82,23.82,0.0,35.25,35.25,0.0
2008-05-05,11.39,11.39,0.0,24.2,24.2,0.0,35.56,35.56,0.0
2008-05-06,11.31,11.31,0.0,23.94,23.94,0.0,35.11,35.11,0.0
2008-05-07,11.12,11.12,0.0,23.95,23.95,0.0,35.14,35.14,0.0
2008-05-08,14.56,14.56,0.0,26.65,26.65,0.0,40.76,40.76,0.0
2008-05-09,15.65,15.65,0.0,29.85,29.85,0.0,45.33,45.33,0.0
2008-05-10,14.7,14.7,0.0,28.03,28.03,0.0,42.53,42.53,0.0
2008-05-11,18.18,18.18,0.0,30.12,30.12,0.0,47.5,47.5,0.0
2008-05-12,15.1,15.1,0.0,29.48,29.48,0.0,44.51,44.51,0.0
2008-05-13,13.46,13.46,0.0,27.75,27.75,0.0,41.28,41.28,0.0
2008-05-14,14.02,14.02,0.0,28.36,28.36,0.0,42.31,42.31,0.0
2008-05-15,15.55,15.55,0.0,30.29,30.29,0.0,46.2,46.2,0.0
2008-05-16,15.48,15.48,0.0,30.85,30.85,0.0,46.83,46.83,0.0
2008-05-17,13.99,13.99,0.0,28.71,28.71,0.0,42.96,42.96,0.0
2008-05-18,14.69,14.69,0.0,29.78,29.78,0.0,44.92,44.92,0.0
2008-05-19,18.08,18.08,0.0,33.34,33.34,0.0,51.2,51.2,0.0
2008-05-20,17.55,17.55,0.0,34.67,34.67,0.0,52.41,52.41,0.0
2008-05-21,16.4,16.4,0.0,32.82,32.82,0.0,49.6,49.6,0.0
2008-05-22,15.01,15.01,0.0,31.08,31.08,0.0,46.3,46.3,0.0
2008-05-23,14.84,14.84,0.0,30.73,30.73,0.0,46.02,46.02,0.0
2008-05-24,15.19,15.19,0.0,31.42,31.42,0.0,46.8,46.8,0.0
2008-05-25,15.23,15.23,0.0,31.27,31.27,0.0,46.71,46.71,0.0
2008-05-26,14.77,14.77,0.0,30.37,30.37,0.0,45.51,45.51,0.0
2008-05-27,14.41,14.41,0.0,30.86,30.86,0.0,45.75,45.75,0.0
2008-05-28,14.6,14.6,0.0,30.34,30.34,0.0,45.15,45.15,0.0
2008-05-29,14.62,14.62,0.0,30.47,30.47,0.0,45.29,45.29,0.0
2008-05-30,14.38,14.38,0.0,29.39,29.39,0.0,44.04,44.04,0.0
2008-05-31,14.38,14.38,0.0,31.77,31.77,0.0,47.54,47.54,0.0
2008-06-01,13.94,13.94,0.0,30.13,30.13,0.0,44.37,44.37,0.0
2008-06-02,14.1,14.1,0.0,30.44,30.44,0.0,44.84,44.84,0.0
2008-06-03,15.35,15.35,0.0,34.02,34.02,0.0,50.95,50.95,0.0
2008-06-04,15.24,15.24,0.0,34.47,34.47,0.0,51.08,51.08,0.0
2008-06-05,14.41,14.41,0.0,32.6,32.6,0.0,48.04,48.04,0.0
2008-06-06,13.95,13.95,0.0,31.06,31.06,0.0,45.65,45.65,0.0
2008-06-07,13.91,13.91,0.0,31.16,31.16,0.0,45.76,45.76,0.0
2008-06-08,14.0,14.0,0.0,31.6,31.6,0.0,46.32,46.32,0.0
2008-06-09,13.93,13.93,0.0,31.32,31.32,0.0,45.99,45.99,0.0
2008-06-10,13.14,13.14,0.0,30.33,30.33,0.0,44.3,44.3,0.0
2008-06-11,13.38,13.38,0.0,29.8,29.8,0.0,43.79,43.79,0.0
2008-06-12,13.41,13.41,0.0,30.16,30.16,0.0,44.21,44.21,0.0
2008-06-13,13.41,13.41,0.0,30.39,30.39,0.0,44.58,44.58,0.0
2008-06-14,13.06,13.06,0.0,29.48,29.48,0.0,43.39,43.39,0.0
2008-06-15,12.64,12.64,0.0,28.87,28.87,0.0,42.16,42.16,0.0
2008-06-16,13.25,13.25,0.0,30.08,30.08,0.0,44.53,44.53,0.0
2008-06-17,12.76,12.76,0.0,28.93,28.93,0.0,42.35,42.35,0.0
2008-06-18,12.67,12.67,0.0,28.25,28.25,0.0,41.57,41.57,0.0
2008-06-19,12.14,12.14,0.0,28.11,28.11,0.0,41.2,41.2,0.0
2008-06-20,12.23,12.23,0.0,27.66,27.66,0.0,40.43,40.43,0.0
2008-06-21,12.64,12.64,0.0,29.2,29.2,0.0,43.03,43.03,0.0
2008-06-22,12.24,12.24,0.0,28.27,28.27,0.0,41.26,41.26,0.0
2008-06-23,12.01,12.01,0.0,27.41,27.41,0.0,40.12,40.12,0.0
2008-06-24,11.53,11.53,0.0,26.86,26.86,0.0,39.03,39.03,0.0
2008-06-25,11.63,11.63,0.0,26.67,26.67,0.0,38.85,38.85,0.0
2008-06-26,11.59,11.59,0.0,26.67,26.67,0.0,38.83,38.83,0.0
2008-06-27,11.49,11.49,0.0,26.38,26.38,0.0,38.45,38.45,0.0
2008-06-28,11.38,11.38,0.0,26.17,26.17,0.0,38.42,38.42,0.0
2008-06-29,11.06,11.06,0.0,25.82,25.82,0.0,37.51,37.51,0.0
2008-06-30,11.16,11.16,0.0,25.67,25.67,0.0,37.48,37.48,0.0
2008-07-01,11.0,11.0,0.0,25.32,25.32,0.0,36.87,36.87,0.0
2008-07-02,10.83,10.83,0.0,24.7,24.7,0.0,36.08,36.08,0.0
2008-07-03,10.91,10.91,0.0,25.47,25.47,0.0,37.29,37.29,0.0
2008-07-04,11.08,11.08,0.0,26.35,26.35,0.0,38.74,38.74,0.0
2008-07-05,11.41,11.41,0.0,26.73,26.73,0.0,39.39,39.39,0.0
2008-07-06,11.27,11.27,0.0,26.62,26.62,0.0,39.15,39.15,0.0
2008-07-07,11.38,11.38,0.0,26.93,26.93,0.0,39.6,39.6,0.0
2008-07-08,11.05,11.05,0.0,26.42,26.42,0.0,38.55,38.55,0.0
2008-07-09,10.88,10.88,0.0,24.97,24.97,0.0,36.79,36.79,0.0
2008-07-10,10.68,10.68,0.0,25.03,25.03,0.0,36.49,36.49,0.0
2008-07-11,10.68,10.68,0.0,25.15,25.15,0.0,36.64,36.64,0.0
2008-07-12,10.56,10.56,0.0,25.04,25.04,0.0,36.45,36.45,0.0
2008-07-13,10.58,10.58,0.0,24.41,24.41,0.0,35.93,35.93,0.0
2008-07-14,10.26,10.26,0.0,24.18,24.18,0.0,35.2,35.2,0.0
2008-07-15,10.26,10.26,0.0,23.95,23.95,0.0,34.97,34.97,0.0
2008-07-16,10.19,10.19,0.0,23.87,23.87,0.0,34.82,34.82,0.0
2008-07-17,10.07,10.07,0.0,23.58,23.58,0.0,34.41,34.41,0.0
2008-07-18,9.851,9.851,0.0,22.93,22.93,0.0,33.46,33.46,0.0
2008-07-19,9.711,9.711,0.0,22.86,22.86,0.0,33.3,33.3,0.0
2008-07-20,9.829,9.829,0.0,22.98,22.98,0.0,33.7,33.7,0.0
2008-07-21,9.773,9.773,0.0,23.01,23.01,0.0,33.72,33.72,0.0
2008-07-22,10.04,10.04,0.0,23.2,23.2,0.0,34.42,34.42,0.0
2008-07-23,9.774,9.774,0.0,23.0,23.0,0.0,33.79,33.79,0.0
2008-07-24,9.387,9.387,0.0,22.0,22.0,0.0,32.13,32.13,0.0
2008-07-25,9.359,9.359,0.0,21.89,21.89,0.0,31.96,31.96,0.0
2008-07-26,9.267,9.267,0.0,21.49,21.49,0.0,31.46,31.46,0.0
2008-07-27,9.158,9.158,0.0,21.28,21.28,0.0,31.1,31.1,0.0
2008-07-28,9.021,9.021,0.0,21.18,21.18,0.0,30.81,30.81,0.0
2008-07-29,8.962,8.962,0.0,20.78,20.78,0.0,30.37,30.37,0.0
2008-07-30,8.836,8.836,0.0,20.67,20.67,0.0,30.27,30.27,0.0
2008-07-31,8.794,8.794,0.0,20.51,20.51,0.0,30.05,30.05,0.0
2008-08-01,9.016,9.016,0.0,21.31,21.31,0.0,31.47,31.47,0.0
2008-08-02,8.96,8.96,0.0,21.43,21.43,0.0,31.51,31.51,0.0
2008-08-03,8.436,8.436,0.0,20.05,20.05,0.0,29.19,29.19,0.0
2008-08-04,8.384,8.384,0.0,19.78,19.78,0.0,28.83,28.83,0.0
2008-08-05,8.337,8.337,0.0,19.75,19.75,0.0,28.85,28.85,0.0
2008-08-06,8.226,8.226,0.0,19.48,19.48,0.0,28.32,28.32,0.0
2008-08-07,8.164,8.164,0.0,19.27,19.27,0.0,28.08,28.08,0.0
2008-08-08,7.965,7.965,0.0,18.94,18.94,0.0,27.56,27.56,0.0
2008-08-09,7.89,7.89,0.0,18.7,18.7,0.0,27.22,27.22,0.0
2008-08-10,7.852,7.852,0.0,18.57,18.57,0.0,27.11,27.11,0.0
2008-08-11,7.742,7.742,0.0,18.33,18.33,0.0,26.6,26.6,0.0
2008-08-12,7.757,7.757,0.0,18.09,18.09,0.0,26.38,26.38,0.0
2008-08-13,7.789,7.789,0.0,18.27,18.27,0.0,26.86,26.86,0.0
2008-08-14,7.634,7.634,0.0,17.79,17.79,0.0,26.08,26.08,0.0
2008-08-15,7.576,7.576,0.0,17.67,17.67,0.0,25.85,25.85,0.0
2008-08-16,7.446,7.446,0.0,17.32,17.32,0.0,25.26,25.26,0.0
2008-08-17,7.369,7.369,0.0,17.11,17.11,0.0,24.99,24.99,0.0
2008-08-18,7.237,7.237,0.0,16.9,16.9,0.0,24.68,24.68,0.0
2008-08-19,7.163,7.163,0.0,16.67,16.67,0.0,24.37,24.37,0.0
2008-08-20,7.103,7.103,0.0,16.53,16.53,0.0,24.12,24.12,0.0
2008-08-21,7.03,7.03,0.0,16.32,16.32,0.0,23.81,23.81,0.0
2008-08-22,6.911,6.911,0.0,16.06,16.06,0.0,23.47,23.47,0.0
2008-08-23,6.842,6.842,0.0,15.88,15.88,0.0,23.22,23.22,0.0
2008-08-24,6.829,6.829,0.0,15.7,15.7,0.0,22.97,22.97,0.0
2008-08-25,6.785,6.785,0.0,15.55,15.55,0.0,22.75,22.75,0.0
2008-08-26,6.831,6.831,0.0,15.38,15.38,0.0,22.6,22.6,0.0
2008-08-27,7.431,7.431,0.0,16.44,16.44,0.0,24.67,24.67,0.0
2008-08-28,7.124,7.124,0.0,15.73,15.73,0.0,23.39,23.39,0.0
2008-08-29,6.956,6.956,0.0,15.27,15.27,0.0,22.6,22.6,0.0
2008-08-30,6.848,6.848,0.0,15.0,15.0,0.0,22.15,22.15,0.0
2008-08-31,6.734,6.734,0.0,14.84,14.84,0.0,21.91,21.91,0.0
2008-09-01,6.677,6.677,0.0,14.67,14.67,0.0,21.68,21.68,0.0
2008-09-02,6.609,6.609,0.0,14.52,14.52,0.0,21.45,21.45,0.0
2008-09-03,6.541,6.541,0.0,14.33,14.33,0.0,21.17,21.17,0.0
2008-09-04,6.468,6.468,0.0,14.16,14.16,0.0,20.91,20.91,0.0
2008-09-05,6.474,6.474,0.0,14.31,14.31,0.0,21.23,21.23,0.0
2008-09-06,6.359,6.359,0.0,14.0,14.0,0.0,20.72,20.72,0.0
2008-09-07,6.25,6.25,0.0,13.7,13.7,0.0,20.25,20.25,0.0
2008-09-08,6.223,6.223,0.0,13.66,13.66,0.0,20.21,20.21,0.0
2008-09-09,6.212,6.212,0.0,13.63,13.63,0.0,20.22,20.22,0.0
2008-09-10,6.049,6.049,0.0,13.25,13.25,0.0,19.57,19.57,0.0
2008-09-11,5.952,5.952,0.0,13.1,13.1,0.0,19.33,19.33,0.0
2008-09-12,6.133,6.133,0.0,13.58,13.58,0.0,20.27,20.27,0.0
2008-09-13,5.847,5.847,0.0,12.85,12.85,0.0,18.97,18.97,0.0
2008-09-14,5.827,5.827,0.0,12.79,12.79,0.0,18.93,18.93,0.0
2008-09-15,5.718,5.718,0.0,12.55,12.55,0.0,18.51,18.51,0.0
2008-09-16,5.626,5.626,0.0,12.4,12.4,0.0,18.29,18.29,0.0
2008-09-17,5.581,5.581,0.0,12.24,12.24,0.0,18.07,18.07,0.0
2008-09-18,5.52,5.52,0.0,12.11,12.11,0.0,17.88,17.88,0.0
2008-09-19,5.462,5.462,0.0,11.96,11.96,0.0,17.64,17.64,0.0
2008-09-20,5.376,5.376,0.0,11.83,11.83,0.0,17.44,17.44,0.0
2008-09-21,5.331,5.331,0.0,11.7,11.7,0.0,17.26,17.26,0.0
2008-09-22,5.273,5.273,0.0,11.55,11.55,0.0,17.05,17.05,0.0
2008-09-23,5.217,5.217,0.0,11.41,11.41,0.0,16.84,16.84,0.0
2008-09-24,5.158,5.158,0.0,11.29,11.29,0.0,16.67,16.67,0.0
2008-09-25,5.209,5.209,0.0,11.51,11.51,0.0,17.1,17.1,0.0
2008-09-26,5.28,5.28,0.0,11.49,11.49,0.0,17.16,17.16,0.0
2008-09-27,5.397,5.397,0.0,11.63,11.63,0.0,17.46,17.46,0.0
2008-09-28,5.205,5.205,0.0,11.18,11.18,0.0,16.65,16.65,0.0
2008-09-29,5.066,5.066,0.0,10.88,10.88,0.0,16.13,16.13,0.0
2008-09-30,5.016,5.016,0.0,10.74,10.74,0.0,15.94,15.94,0.0
2008-10-01,5.03,5.03,0.0,10.81,10.81,0.0,16.1,16.1,0.0
2008-10-02,4.909,4.909,0.0,10.51,10.51,0.0,15.6,15.6,0.0
2008-10-03,4.855,4.855,0.0,10.38,10.38,0.0,15.41,15.41,0.0
2008-10-04,4.786,4.786,0.0,10.27,10.27,0.0,15.23,15.23,0.0
2008-10-05,4.74,4.74,0.0,10.16,10.16,0.0,15.06,15.06,0.0
2008-10-06,4.692,4.692,0.0,10.04,10.04,0.0,14.89,14.89,0.0
2008-10-07,4.641,4.641,0.0,9.92,9.92,0.0,14.72,14.72,0.0
2008-10-08,4.596,4.596,0.0,9.828,9.828,0.0,14.6,14.6,0.0
2008-10-09,4.538,4.538,0.0,9.701,9.701,0.0,14.39,14.39,0.0
2008-10-10,4.471,4.471,0.0,9.585,9.585,0.0,14.21,14.21,0.0
2008-10-11,4.431,4.431,0.0,9.48,9.48,0.0,14.07,14.07,0.0
2008-10-12,4.385,4.385,0.0,9.373,9.373,0.0,13.91,13.91,0.0
2008-10-13,4.335,4.335,0.0,9.257,9.257,0.0,13.74,13.74,0.0
2008-10-14,4.275,4.275,0.0,9.158,9.158,0.0,13.58,13.58,0.0
2008-10-15,4.233,4.233,0.0,9.049,9.049,0.0,13.43,13.43,0.0
2008-10-16,4.227,4.227,0.0,9.054,9.054,0.0,13.47,13.47,0.0
2008-10-17,4.151,4.151,0.0,8.861,8.861,0.0,13.15,13.15,0.0
2008-10-18,4.103,4.103,0.0,8.75,8.75,0.0,12.99,12.99,0.0
2008-10-19,4.047,4.047,0.0,8.656,8.656,0.0,12.83,12.83,0.0
2008-10-20,4.007,4.007,0.0,8.554,8.554,0.0,12.69,12.69,0.0
2008-10-21,3.966,3.966,0.0,8.46,8.46,0.0,12.56,12.56,0.0
2008-10-22,3.922,3.922,0.0,8.366,8.366,0.0,12.42,12.42,0.0
2008-10-23,3.877,3.877,0.0,8.263,8.263,0.0,12.27,12.27,0.0
2008-10-24,3.928,3.928,0.0,8.437,8.437,0.0,12.6,12.6,0.0
2008-10-25,4.028,4.028,0.0,8.589,8.589,0.0,12.92,12.92,0.0
2008-10-26,3.833,3.833,0.0,8.104,8.104,0.0,12.05,12.05,0.0
2008-10-27,3.887,3.887,0.0,8.323,8.323,0.0,12.44,12.44,0.0
2008-10-28,3.949,3.949,0.0,8.5,8.5,0.0,12.8,12.8,0.0
2008-10-29,3.731,3.731,0.0,7.976,7.976,0.0,11.83,11.83,0.0
2008-10-30,3.692,3.692,0.0,7.954,7.954,0.0,11.77,11.77,0.0
2008-10-31,3.654,3.654,0.0,7.869,7.869,0.0,11.64,11.64,0.0
2008-11-01,3.614,3.614,0.0,7.779,7.779,0.0,11.51,11.51,0.0
2008-11-02,3.572,3.572,0.0,7.684,7.684,0.0,11.38,11.38,0.0
2008-11-03,3.525,3.525,0.0,7.601,7.601,0.0,11.24,11.24,0.0
2008-11-04,3.489,3.489,0.0,7.514,7.514,0.0,11.12,11.12,0.0
2008-11-05,3.453,3.453,0.0,7.43,7.43,0.0,11.0,11.0,0.0
2008-11-06,3.416,3.416,0.0,7.348,7.348,0.0,10.88,10.88,0.0
2008-11-07,3.376,3.376,0.0,7.258,7.258,0.0,10.75,10.75,0.0
2008-11-08,3.332,3.332,0.0,7.18,7.18,0.0,10.62,10.62,0.0
2008-11-09,3.299,3.299,0.0,7.097,7.097,0.0,10.5,10.5,0.0
2008-11-10,3.265,3.265,0.0,7.019,7.019,0.0,10.39,10.39,0.0
2008-11-11,3.229,3.229,0.0,6.941,6.941,0.0,10.28,10.28,0.0
2008-11-12,3.598,3.598,0.0,7.682,7.682,0.0,11.67,11.67,0.0
2008-11-13,3.688,3.688,0.0,7.878,7.878,0.0,11.95,11.95,0.0
2008-11-14,3.497,3.497,0.0,7.382,7.382,0.0,11.04,11.04,0.0
2008-11-15,3.583,3.583,0.0,7.742,7.742,0.0,11.61,11.61,0.0
2008-11-16,3.463,3.463,0.0,7.519,7.519,0.0,11.17,11.17,0.0
2008-11-17,3.539,3.539,0.0,7.779,7.779,0.0,11.69,11.69,0.0
2008-11-18,3.421,3.421,0.0,7.506,7.506,0.0,11.2,11.2,0.0
2008-11-19,3.281,3.281,0.0,7.138,7.138,0.0,10.55,10.55,0.0
2008-11-20,3.262,3.262,0.0,7.099,7.099,0.0,10.51,10.51,0.0
2008-11-21,3.27,3.27,0.0,7.138,7.138,0.0,10.62,10.62,0.0
2008-11-22,3.176,3.176,0.0,6.9,6.9,0.0,10.21,10.21,0.0
2008-11-23,3.132,3.132,0.0,6.823,6.823,0.0,10.09,10.09,0.0
2008-11-24,3.233,3.233,0.0,7.1,7.1,0.0,10.65,10.65,0.0
2008-11-25,3.359,3.359,0.0,7.451,7.451,0.0,11.34,11.34,0.0
2008-11-26,3.082,3.082,0.0,6.618,6.618,0.0,9.833,9.833,0.0
2008-11-27,3.413,3.413,0.0,7.925,7.925,0.0,11.32,11.32,0.0
2008-11-28,3.136,3.136,0.0,6.822,6.822,0.0,10.06,10.06,0.0
2008-11-29,2.974,2.974,0.0,6.461,6.461,0.0,9.608,9.608,0.0
2008-11-30,2.992,2.992,0.0,6.539,6.539,0.0,9.784,9.784,0.0
2008-12-01,3.009,3.009,0.0,6.58,6.58,0.0,9.895,9.895,0.0
2008-12-02,2.878,2.878,0.0,6.283,6.283,0.0,9.365,9.365,0.0
2008-12-03,2.841,2.841,0.0,6.558,6.558,0.0,9.62,9.62,0.0
2008-12-04,2.81,2.81,0.0,6.24,6.24,0.0,9.273,9.273,0.0
2008-12-05,2.782,2.782,0.0,6.152,6.152,0.0,9.156,9.156,0.0
2008-12-06,2.803,2.803,0.0,6.21,6.21,0.0,9.3,9.3,0.0
2008-12-07,2.722,2.722,0.0,6.014,6.014,0.0,8.957,8.957,0.0
2008-12-08,2.686,2.686,0.0,5.952,5.952,0.0,8.86,8.86,0.0
2008-12-09,3.109,3.109,0.0,12.5,12.5,0.0,15.98,15.98,0.0
2008-12-10,4.938,4.938,0.0,19.8,19.8,0.0,25.85,25.85,0.0
2008-12-11,13.96,13.96,0.0,36.07,36.07,0.0,52.82,52.82,0.0
2008-12-12,3.298,3.298,0.0,9.045,9.045,0.0,13.04,13.04,0.0
2008-12-13,2.997,2.997,0.0,7.282,7.282,0.0,10.67,10.67,0.0
2008-12-14,2.972,2.972,0.0,7.548,7.548,0.0,10.92,10.92,0.0
2008-12-15,3.119,3.119,0.0,8.249,8.249,0.0,12.04,12.04,0.0
2008-12-16,5.088,5.088,0.0,12.57,12.57,0.0,17.99,17.99,0.0
2008-12-17,4.395,4.395,0.0,10.01,10.01,0.0,14.86,14.86,0.0
2008-12-18,4.506,4.506,0.0,10.5,10.5,0.0,15.42,15.42,0.0
2008-12-19,4.943,4.943,0.0,12.79,12.79,0.0,18.27,18.27,0.0
2008-12-20,4.674,4.674,0.0,11.25,11.25,0.0,16.35,16.35,0.0
2008-12-21,4.593,4.593,0.0,10.95,10.95,0.0,15.87,15.87,0.0
2008-12-22,4.419,4.419,0.0,11.37,11.37,0.0,16.21,16.21,0.0
2008-12-23,4.529,4.529,0.0,11.45,11.45,0.0,16.4,16.4,0.0
2008-12-24,4.658,4.658,0.0,12.7,12.7,0.0,18.02,18.02,0.0
2008-12-25,4.452,4.452,0.0,11.5,11.5,0.0,16.39,16.39,0.0
2008-12-26,4.35,4.35,0.0,11.24,11.24,0.0,16.11,16.11,0.0
2008-12-27,4.475,4.475,0.0,11.3,11.3,0.0,16.24,16.24,0.0
2008-12-28,4.495,4.495,0.0,11.91,11.91,0.0,16.82,16.82,0.0
2008-12-29,4.348,4.348,0.0,11.74,11.74,0.0,16.48,16.48,0.0
2008-12-30,4.393,4.393,0.0,10.97,10.97,0.0,15.79,15.79,0.0
2008-12-31,4.254,4.254,0.0,11.32,11.32,0.0,16.04,16.04,0.0
2009-01-01,4.296,4.296,0.0,11.37,11.37,0.0,16.11,16.11,0.0
2009-01-02,4.218,4.218,0.0,11.55,11.55,0.0,16.13,16.13,0.0
2009-01-03,4.168,4.168,0.0,11.0,11.0,0.0,15.58,15.58,0.0
2009-01-04,4.267,4.267,0.0,11.44,11.44,0.0,16.42,16.42,0.0
2009-01-05,4.271,4.271,0.0,11.42,11.42,0.0,16.22,16.22,0.0
2009-01-06,5.883,5.883,0.0,21.43,21.43,0.0,28.34,28.34,0.0
2009-01-07,6.289,6.289,0.0,19.28,19.28,0.0,26.49,26.49,0.0
2009-01-08,6.015,6.015,0.0,14.91,14.91,0.0,21.59,21.59,0.0
2009-01-09,5.82,5.82,0.0,14.1,14.1,0.0,20.31,20.31,0.0
2009-01-10,5.693,5.693,0.0,14.23,14.23,0.0,20.98,20.98,0.0
2009-01-11,5.479,5.479,0.0,13.56,13.56,0.0,19.71,19.71,0.0
2009-01-12,5.583,5.583,0.0,13.98,13.98,0.0,20.2,20.2,0.0
2009-01-13,5.344,5.344,0.0,14.05,14.05,0.0,20.21,20.21,0.0
2009-01-14,5.468,5.468,0.0,13.73,13.73,0.0,19.95,19.95,0.0
2009-01-15,5.392,5.392,0.0,12.98,12.98,0.0,19.05,19.05,0.0
2009-01-16,5.359,5.359,0.0,12.87,12.87,0.0,18.82,18.82,0.0
2009-01-17,5.241,5.241,0.0,12.82,12.82,0.0,18.71,18.71,0.0
2009-01-18,5.168,5.168,0.0,12.5,12.5,0.0,18.29,18.29,0.0
2009-01-19,5.036,5.036,0.0,12.35,12.35,0.0,18.04,18.04,0.0
2009-01-20,5.104,5.104,0.0,12.39,12.39,0.0,18.04,18.04,0.0
2009-01-21,5.087,5.087,0.0,12.13,12.13,0.0,17.77,17.77,0.0
2009-01-22,4.956,4.956,0.0,11.84,11.84,0.0,17.36,17.36,0.0
2009-01-23,5.752,5.752,0.0,18.68,18.68,0.0,25.14,25.14,0.0
2009-01-24,4.863,4.863,0.0,12.37,12.37,0.0,17.87,17.87,0.0
2009-01-25,4.846,4.846,0.0,11.96,11.96,0.0,17.31,17.31,0.0
2009-01-26,4.871,4.871,0.0,11.7,11.7,0.0,17.15,17.15,0.0
2009-01-27,4.874,4.874,0.0,12.1,12.1,0.0,17.85,17.85,0.0
2009-01-28,6.534,6.534,0.0,19.75,19.75,0.0,28.84,28.84,0.0
2009-01-29,4.658,4.658,0.0,11.87,11.87,0.0,17.15,17.15,0.0
2009-01-30,4.66,4.66,0.0,11.4,11.4,0.0,16.67,16.67,0.0
2009-01-31,4.603,4.603,0.0,11.63,11.63,0.0,16.79,16.79,0.0
2009-02-01,5.052,5.052,0.0,11.85,11.85,0.0,17.23,17.23,0.0
2009-02-02,4.796,4.796,0.0,11.56,11.56,0.0,16.86,16.86,0.0
2009-02-03,4.457,4.457,0.0,11.29,11.29,0.0,16.33,16.33,0.0
2009-02-04,4.494,4.494,0.0,11.18,11.18,0.0,16.36,16.36,0.0
2009-02-05,4.365,4.365,0.0,10.93,10.93,0.0,15.88,15.88,0.0
2009-02-06,4.11,4.11,0.0,11.79,11.79,0.0,16.55,16.55,0.0
2009-02-07,4.192,4.192,0.0,17.08,17.08,0.0,21.83,21.83,0.0
2009-02-08,4.339,4.339,0.0,11.68,11.68,0.0,16.58,16.58,0.0
2009-02-09,4.365,4.365,0.0,11.58,11.58,0.0,16.61,16.61,0.0
2009-02-10,4.455,4.455,0.0,12.79,12.79,0.0,18.03,18.03,0.0
2009-02-11,5.193,5.193,0.0,13.68,13.68,0.0,19.53,19.53,0.0
2009-02-12,5.343,5.343,0.0,13.79,13.79,0.0,19.97,19.97,0.0
2009-02-13,5.367,5.367,0.0,14.0,14.0,0.0,20.27,20.27,0.0
2009-02-14,5.199,5.199,0.0,13.67,13.67,0.0,19.75,19.75,0.0
2009-02-15,5.313,5.313,0.0,12.63,12.63,0.0,18.59,18.59,0.0
2009-02-16,5.449,5.449,0.0,13.36,13.36,0.0,19.6,19.6,0.0
2009-02-17,5.214,5.214,0.0,13.76,13.76,0.0,19.92,19.92,0.0
2009-02-18,5.346,5.346,0.0,13.86,13.86,0.0,20.21,20.21,0.0
2009-02-19,5.163,5.163,0.0,13.4,13.4,0.0,19.43,19.43,0.0
2009-02-20,5.174,5.174,0.0,12.96,12.96,0.0,18.94,18.94,0.0
2009-02-21,5.064,5.064,0.0,13.3,13.3,0.0,19.24,19.24,0.0
2009-02-22,5.016,5.016,0.0,13.56,13.56,0.0,19.58,19.58,0.0
2009-02-23,5.011,5.011,0.0,12.92,12.92,0.0,18.74,18.74,0.0
2009-02-24,4.91,4.91,0.0,12.31,12.31,0.0,17.95,17.95,0.0
2009-02-25,5.706,5.706,0.0,13.84,13.84,0.0,20.37,20.37,0.0
2009-02-26,4.936,4.936,0.0,14.37,14.37,0.0,20.14,20.14,0.0
2009-02-27,4.91,4.91,0.0,14.24,14.24,0.0,20.1,20.1,0.0
2009-02-28,4.876,4.876,0.0,13.45,13.45,0.0,19.08,19.08,0.0
2009-03-01,4.775,4.775,0.0,12.31,12.31,0.0,17.81,17.81,0.0
2009-03-02,4.762,4.762,0.0,12.9,12.9,0.0,18.46,18.46,0.0
2009-03-03,4.691,4.691,0.0,12.62,12.62,0.0,18.12,18.12,0.0
2009-03-04,4.648,4.648,0.0,12.63,12.63,0.0,17.99,17.99,0.0
2009-03-05,4.608,4.608,0.0,12.58,12.58,0.0,17.85,17.85,0.0
2009-03-06,4.5,4.5,0.0,12.02,12.02,0.0,17.29,17.29,0.0
2009-03-07,4.813,4.813,0.0,13.29,13.29,0.0,18.85,18.85,0.0
2009-03-08,5.385,5.385,0.0,14.95,14.95,0.0,21.08,21.08,0.0
2009-03-09,5.45,5.45,0.0,15.73,15.73,0.0,21.93,21.93,0.0
2009-03-10,5.174,5.174,0.0,16.14,16.14,0.0,22.09,22.09,0.0
2009-03-11,5.194,5.194,0.0,14.69,14.69,0.0,20.48,20.48,0.0
2009-03-12,5.011,5.011,0.0,14.8,14.8,0.0,20.64,20.64,0.0
2009-03-13,5.141,5.141,0.0,15.43,15.43,0.0,21.29,21.29,0.0
2009-03-14,5.512,5.512,0.0,16.02,16.02,0.0,22.25,22.25,0.0
2009-03-15,5.675,5.675,0.0,15.82,15.82,0.0,22.06,22.06,0.0
2009-03-16,6.142,6.142,0.0,15.6,15.6,0.0,22.52,22.52,0.0
2009-03-17,5.377,5.377,0.0,15.63,15.63,0.0,21.71,21.71,0.0
2009-03-18,5.497,5.497,0.0,16.04,16.04,0.0,22.25,22.25,0.0
2009-03-19,5.661,5.661,0.0,16.15,16.15,0.0,22.46,22.46,0.0
2009-03-20,5.665,5.665,0.0,15.21,15.21,0.0,21.4,21.4,0.0
2009-03-21,5.319,5.319,0.0,14.82,14.82,0.0,20.73,20.73,0.0
2009-03-22,5.275,5.275,0.0,15.3,15.3,0.0,21.25,21.25,0.0
2009-03-23,5.396,5.396,0.0,15.4,15.4,0.0,21.41,21.41,0.0
2009-03-24,5.406,5.406,0.0,15.06,15.06,0.0,20.98,20.98,0.0
2009-03-25,6.143,6.143,0.0,16.19,16.19,0.0,23.11,23.11,0.0
2009-03-26,6.488,6.488,0.0,16.94,16.94,0.0,24.18,24.18,0.0
2009-03-27,7.514,7.514,0.0,17.39,17.39,0.0,25.68,25.68,0.0
2009-03-28,7.465,7.465,0.0,17.09,17.09,0.0,25.02,25.02,0.0
2009-03-29,7.479,7.479,0.0,18.2,18.2,0.0,26.33,26.33,0.0
2009-03-30,6.618,6.618,0.0,17.47,17.47,0.0,24.61,24.61,0.0
2009-03-31,7.066,7.066,0.0,17.42,17.42,0.0,24.93,24.93,0.0
2009-04-01,7.275,7.275,0.0,16.94,16.94,0.0,24.71,24.71,0.0
2009-04-02,7.652,7.652,0.0,17.29,17.29,0.0,25.24,25.24,0.0
2009-04-03,7.791,7.791,0.0,18.65,18.65,0.0,27.19,27.19,0.0
2009-04-04,7.069,7.069,0.0,18.24,18.24,0.0,26.09,26.09,0.0
2009-04-05,7.718,7.718,0.0,17.79,17.79,0.0,25.93,25.93,0.0
2009-04-06,8.183,8.183,0.0,18.84,18.84,0.0,27.75,27.75,0.0
2009-04-07,8.065,8.065,0.0,17.96,17.96,0.0,26.69,26.69,0.0
2009-04-08,7.416,7.416,0.0,18.49,18.49,0.0,26.55,26.55,0.0
2009-04-09,7.526,7.526,0.0,18.65,18.65,0.0,26.71,26.71,0.0
2009-04-10,8.179,8.179,0.0,18.66,18.66,0.0,27.26,27.26,0.0
2009-04-11,8.23,8.23,0.0,19.03,19.03,0.0,27.79,27.79,0.0
2009-04-12,8.087,8.087,0.0,18.4,18.4,0.0,26.8,26.8,0.0
2009-04-13,7.327,7.327,0.0,18.4,18.4,0.0,26.44,26.44,0.0
2009-04-14,8.205,8.205,0.0,19.33,19.33,0.0,28.15,28.15,0.0
2009-04-15,8.978,8.978,0.0,21.21,21.21,0.0,31.42,31.42,0.0
2009-04-16,8.552,8.552,0.0,19.58,19.58,0.0,28.61,28.61,0.0
2009-04-17,8.489,8.489,0.0,18.98,18.98,0.0,27.86,27.86,0.0
2009-04-18,7.64,7.64,0.0,19.06,19.06,0.0,27.54,27.54,0.0
2009-04-19,9.08,9.08,0.0,20.5,20.5,0.0,30.36,30.36,0.0
2009-04-20,9.962,9.962,0.0,21.62,21.62,0.0,32.33,32.33,0.0
2009-04-21,9.766,9.766,0.0,21.32,21.32,0.0,31.76,31.76,0.0
2009-04-22,10.71,10.71,0.0,21.46,21.46,0.0,32.54,32.54,0.0
2009-04-23,9.406,9.406,0.0,20.3,20.3,0.0,30.26,30.26,0.0
2009-04-24,9.073,9.073,0.0,21.09,21.09,0.0,30.86,30.86,0.0
2009-04-25,9.447,9.447,0.0,21.31,21.31,0.0,31.32,31.32,0.0
2009-04-26,9.525,9.525,0.0,20.5,20.5,0.0,30.55,30.55,0.0
2009-04-27,9.275,9.275,0.0,20.0,20.0,0.0,29.5,29.5,0.0
2009-04-28,8.842,8.842,0.0,20.53,20.53,0.0,30.22,30.22,0.0
2009-04-29,10.26,10.26,0.0,22.17,22.17,0.0,33.13,33.13,0.0
2009-04-30,10.06,10.06,0.0,22.05,22.05,0.0,32.71,32.71,0.0
2009-05-01,10.56,10.56,0.0,23.08,23.08,0.0,34.6,34.6,0.0
2009-05-02,11.54,11.54,0.0,23.44,23.44,0.0,35.61,35.61,0.0
2009-05-03,16.92,16.92,0.0,28.91,28.91,0.0,45.36,45.36,0.0
2009-05-04,14.65,14.65,0.0,26.13,26.13,0.0,40.8,40.8,0.0
2009-05-05,13.29,13.29,0.0,25.69,25.69,0.0,39.4,39.4,0.0
2009-05-06,16.26,16.26,0.0,27.55,27.55,0.0,43.4,43.4,0.0
2009-05-07,13.63,13.63,0.0,27.25,27.25,0.0,41.87,41.87,0.0
2009-05-08,13.92,13.92,0.0,26.85,26.85,0.0,41.3,41.3,0.0
2009-05-09,13.31,13.31,0.0,25.4,25.4,0.0,38.94,38.94,0.0
2009-05-10,12.33,12.33,0.0,25.53,25.53,0.0,38.63,38.63,0.0
2009-05-11,13.15,13.15,0.0,26.59,26.59,0.0,40.37,40.37,0.0
2009-05-12,13.22,13.22,0.0,25.94,25.94,0.0,39.63,39.63,0.0
2009-05-13,13.19,13.19,0.0,24.86,24.86,0.0,38.1,38.1,0.0
2009-05-14,12.62,12.62,0.0,25.23,25.23,0.0,38.33,38.33,0.0
2009-05-15,12.74,12.74,0.0,25.54,25.54,0.0,38.68,38.68,0.0
2009-05-16,14.1,14.1,0.0,26.52,26.52,0.0,41.05,41.05,0.0
2009-05-17,13.56,13.56,0.0,25.77,25.77,0.0,39.62,39.62,0.0
2009-05-18,13.47,13.47,0.0,24.67,24.67,0.0,37.89,37.89,0.0
2009-05-19,12.26,12.26,0.0,24.65,24.65,0.0,37.48,37.48,0.0
2009-05-20,12.76,12.76,0.0,24.94,24.94,0.0,38.01,38.01,0.0
2009-05-21,12.87,12.87,0.0,24.51,24.51,0.0,37.61,37.61,0.0
2009-05-22,12.82,12.82,0.0,24.11,24.11,0.0,36.98,36.98,0.0
2009-05-23,12.2,12.2,0.0,23.82,23.82,0.0,36.43,36.43,0.0
2009-05-24,12.34,12.34,0.0,23.95,23.95,0.0,36.67,36.67,0.0
2009-05-25,14.01,14.01,0.0,24.88,24.88,0.0,38.95,38.95,0.0
2009-05-26,14.39,14.39,0.0,24.84,24.84,0.0,39.1,39.1,0.0
2009-05-27,14.06,14.06,0.0,25.26,25.26,0.0,39.63,39.63,0.0
2009-05-28,14.35,14.35,0.0,24.48,24.48,0.0,38.54,38.54,0.0
2009-05-29,13.33,13.33,0.0,24.26,24.26,0.0,37.69,37.69,0.0
2009-05-30,13.92,13.92,0.0,25.52,25.52,0.0,39.77,39.77,0.0
2009-05-31,13.72,13.72,0.0,25.25,25.25,0.0,39.08,39.08,0.0
2009-06-01,13.71,13.71,0.0,24.82,24.82,0.0,38.58,38.58,0.0
2009-06-02,13.05,13.05,0.0,23.82,23.82,0.0,36.85,36.85,0.0
2009-06-03,13.07,13.07,0.0,24.27,24.27,0.0,37.7,37.7,0.0
2009-06-04,14.6,14.6,0.0,27.75,27.75,0.0,43.49,43.49,0.0
2009-06-05,14.78,14.78,0.0,27.02,27.02,0.0,42.15,42.15,0.0
2009-06-06,14.07,14.07,0.0,26.42,26.42,0.0,40.8,40.8,0.0
2009-06-07,13.49,13.49,0.0,25.37,25.37,0.0,38.95,38.95,0.0
2009-06-08,13.13,13.13,0.0,24.34,24.34,0.0,37.75,37.75,0.0
2009-06-09,13.7,13.7,0.0,25.03,25.03,0.0,38.77,38.77,0.0
2009-06-10,13.57,13.57,0.0,25.18,25.18,0.0,38.85,38.85,0.0
2009-06-11,13.87,13.87,0.0,24.56,24.56,0.0,38.33,38.33,0.0
2009-06-12,12.98,12.98,0.0,23.92,23.92,0.0,36.99,36.99,0.0
2009-06-13,12.94,12.94,0.0,24.2,24.2,0.0,37.22,37.22,0.0
2009-06-14,13.09,13.09,0.0,24.23,24.23,0.0,37.3,37.3,0.0
2009-06-15,13.05,13.05,0.0,23.88,23.88,0.0,36.78,36.78,0.0
2009-06-16,12.85,12.85,0.0,23.34,23.34,0.0,36.05,36.05,0.0
2009-06-17,12.9,12.9,0.0,23.72,23.72,0.0,36.96,36.96,0.0
2009-06-18,12.49,12.49,0.0,23.23,23.23,0.0,35.77,35.77,0.0
2009-06-19,12.64,12.64,0.0,23.43,23.43,0.0,36.12,36.12,0.0
2009-06-20,12.7,12.7,0.0,23.13,23.13,0.0,35.9,35.9,0.0
2009-06-21,12.2,12.2,0.0,22.58,22.58,0.0,34.63,34.63,0.0
2009-06-22,11.82,11.82,0.0,22.08,22.08,0.0,33.95,33.95,0.0
2009-06-23,11.97,11.97,0.0,22.15,22.15,0.0,34.06,34.06,0.0
2009-06-24,11.95,11.95,0.0,21.86,21.86,0.0,33.7,33.7,0.0
2009-06-25,11.79,11.79,0.0,21.46,21.46,0.0,33.09,33.09,0.0
2009-06-26,11.29,11.29,0.0,21.13,21.13,0.0,32.4,32.4,0.0
2009-06-27,11.42,11.42,0.0,21.14,21.14,0.0,32.45,32.45,0.0
2009-06-28,11.39,11.39,0.0,21.04,21.04,0.0,32.3,32.3,0.0
2009-06-29,11.3,11.3,0.0,20.55,20.55,0.0,31.59,31.59,0.0
2009-06-30,11.13,11.13,0.0,20.56,20.56,0.0,31.61,31.61,0.0
2009-07-01,10.87,10.87,0.0,20.33,20.33,0.0,31.36,31.36,0.0
2009-07-02,10.86,10.86,0.0,20.14,20.14,0.0,30.99,30.99,0.0
2009-07-03,10.81,10.81,0.0,19.84,19.84,0.0,30.58,30.58,0.0
2009-07-04,10.67,10.67,0.0,19.54,19.54,0.0,29.97,29.97,0.0
2009-07-05,10.39,10.39,0.0,19.43,19.43,0.0,29.75,29.75,0.0
2009-07-06,10.24,10.24,0.0,18.91,18.91,0.0,29.06,29.06,0.0
2009-07-07,10.25,10.25,0.0,18.83,18.83,0.0,28.94,28.94,0.0
2009-07-08,10.14,10.14,0.0,18.59,18.59,0.0,28.53,28.53,0.0
2009-07-09,9.991,9.991,0.0,18.41,18.41,0.0,28.2,28.2,0.0
2009-07-10,9.837,9.837,0.0,18.15,18.15,0.0,27.84,27.84,0.0
2009-07-11,9.69,9.69,0.0,17.92,17.92,0.0,27.5,27.5,0.0
2009-07-12,9.653,9.653,0.0,17.77,17.77,0.0,27.28,27.28,0.0
2009-07-13,9.586,9.586,0.0,17.61,17.61,0.0,26.94,26.94,0.0
2009-07-14,9.446,9.446,0.0,17.37,17.37,0.0,26.63,26.63,0.0
2009-07-15,9.298,9.298,0.0,17.09,17.09,0.0,26.23,26.23,0.0
2009-07-16,9.144,9.144,0.0,16.85,16.85,0.0,25.86,25.86,0.0
2009-07-17,9.358,9.358,0.0,17.55,17.55,0.0,27.14,27.14,0.0
2009-07-18,9.016,9.016,0.0,16.58,16.58,0.0,25.42,25.42,0.0
2009-07-19,8.902,8.902,0.0,16.43,16.43,0.0,25.16,25.16,0.0
2009-07-20,8.86,8.86,0.0,16.46,16.46,0.0,25.32,25.32,0.0
2009-07-21,8.784,8.784,0.0,16.32,16.32,0.0,25.09,25.09,0.0
2009-07-22,8.724,8.724,0.0,16.11,16.11,0.0,24.75,24.75,0.0
2009-07-23,8.592,8.592,0.0,15.74,15.74,0.0,24.17,24.17,0.0
2009-07-24,8.512,8.512,0.0,15.56,15.56,0.0,23.88,23.88,0.0
2009-07-25,8.875,8.875,0.0,16.65,16.65,0.0,25.86,25.86,0.0
2009-07-26,8.611,8.611,0.0,16.06,16.06,0.0,24.76,24.76,0.0
2009-07-27,8.341,8.341,0.0,15.41,15.41,0.0,23.58,23.58,0.0
2009-07-28,8.244,8.244,0.0,15.2,15.2,0.0,23.28,23.28,0.0
2009-07-29,8.341,8.341,0.0,15.53,15.53,0.0,23.91,23.91,0.0
2009-07-30,8.063,8.063,0.0,14.98,14.98,0.0,22.96,22.96,0.0
2009-07-31,8.354,8.354,0.0,15.87,15.87,0.0,24.57,24.57,0.0
2009-08-01,8.202,8.202,0.0,15.61,15.61,0.0,24.04,24.04,0.0
2009-08-02,8.204,8.204,0.0,15.35,15.35,0.0,23.63,23.63,0.0
2009-08-03,7.937,7.937,0.0,14.77,14.77,0.0,22.6,22.6,0.0
2009-08-04,7.785,7.785,0.0,14.53,14.53,0.0,22.23,22.23,0.0
2009-08-05,7.918,7.918,0.0,14.9,14.9,0.0,22.94,22.94,0.0
2009-08-06,7.662,7.662,0.0,14.29,14.29,0.0,21.85,21.85,0.0
2009-08-07,7.572,7.572,0.0,14.09,14.09,0.0,21.54,21.54,0.0
2009-08-08,7.501,7.501,0.0,13.95,13.95,0.0,21.33,21.33,0.0
2009-08-09,7.358,7.358,0.0,13.76,13.76,0.0,21.03,21.03,0.0
2009-08-10,7.333,7.333,0.0,13.7,13.7,0.0,20.97,20.97,0.0
2009-08-11,7.377,7.377,0.0,13.91,13.91,0.0,21.38,21.38,0.0
2009-08-12,7.16,7.16,0.0,13.35,13.35,0.0,20.38,20.38,0.0
2009-08-13,7.086,7.086,0.0,13.23,13.23,0.0,20.21,20.21,0.0
2009-08-14,6.946,6.946,0.0,13.02,13.02,0.0,19.88,19.88,0.0
2009-08-15,6.885,6.885,0.0,12.87,12.87,0.0,19.65,19.65,0.0
2009-08-16,6.823,6.823,0.0,12.72,12.72,0.0,19.42,19.42,0.0
2009-08-17,6.75,6.75,0.0,12.6,12.6,0.0,19.23,19.23,0.0
2009-08-18,6.79,6.79,0.0,12.84,12.84,0.0,19.74,19.74,0.0
2009-08-19,6.598,6.598,0.0,12.34,12.34,0.0,18.84,18.84,0.0
2009-08-20,6.566,6.566,0.0,12.23,12.23,0.0,18.73,18.73,0.0
2009-08-21,6.721,6.721,0.0,12.72,12.72,0.0,19.62,19.62,0.0
2009-08-22,6.438,6.438,0.0,12.01,12.01,0.0,18.36,18.36,0.0
2009-08-23,6.336,6.336,0.0,11.86,11.86,0.0,18.12,18.12,0.0
2009-08-24,6.272,6.272,0.0,11.71,11.71,0.0,17.9,17.9,0.0
2009-08-25,6.211,6.211,0.0,11.59,11.59,0.0,17.71,17.71,0.0
2009-08-26,6.145,6.145,0.0,11.47,11.47,0.0,17.51,17.51,0.0
2009-08-27,6.053,6.053,0.0,11.33,11.33,0.0,17.3,17.3,0.0
2009-08-28,6.075,6.075,0.0,11.43,11.43,0.0,17.5,17.5,0.0
2009-08-29,5.95,5.95,0.0,11.13,11.13,0.0,17.0,17.0,0.0
2009-08-30,5.878,5.878,0.0,10.99,10.99,0.0,16.78,16.78,0.0
2009-08-31,5.812,5.812,0.0,10.86,10.86,0.0,16.57,16.57,0.0
2009-09-01,5.728,5.728,0.0,10.75,10.75,0.0,16.38,16.38,0.0
2009-09-02,5.667,5.667,0.0,10.61,10.61,0.0,16.18,16.18,0.0
2009-09-03,5.611,5.611,0.0,10.48,10.48,0.0,15.99,15.99,0.0
2009-09-04,5.55,5.55,0.0,10.37,10.37,0.0,15.82,15.82,0.0
2009-09-05,5.474,5.474,0.0,10.25,10.25,0.0,15.63,15.63,0.0
2009-09-06,5.459,5.459,0.0,10.24,10.24,0.0,15.64,15.64,0.0
2009-09-07,5.36,5.36,0.0,10.02,10.02,0.0,15.28,15.28,0.0
2009-09-08,5.302,5.302,0.0,9.906,9.906,0.0,15.11,15.11,0.0
2009-09-09,5.244,5.244,0.0,9.824,9.824,0.0,14.98,14.98,0.0
2009-09-10,5.182,5.182,0.0,9.689,9.689,0.0,14.77,14.77,0.0
2009-09-11,5.125,5.125,0.0,9.575,9.575,0.0,14.6,14.6,0.0
2009-09-12,5.061,5.061,0.0,9.448,9.448,0.0,14.42,14.42,0.0
2009-09-13,5.001,5.001,0.0,9.349,9.349,0.0,14.26,14.26,0.0
2009-09-14,4.949,4.949,0.0,9.248,9.248,0.0,14.1,14.1,0.0
2009-09-15,4.895,4.895,0.0,9.14,9.14,0.0,13.94,13.94,0.0
2009-09-16,4.838,4.838,0.0,9.035,9.035,0.0,13.78,13.78,0.0
2009-09-17,4.779,4.779,0.0,8.929,8.929,0.0,13.62,13.62,0.0
2009-09-18,4.729,4.729,0.0,8.832,8.832,0.0,13.47,13.47,0.0
2009-09-19,4.677,4.677,0.0,8.733,8.733,0.0,13.32,13.32,0.0
2009-09-20,4.625,4.625,0.0,8.63,8.63,0.0,13.16,13.16,0.0
2009-09-21,4.569,4.569,0.0,8.534,8.534,0.0,13.02,13.02,0.0
2009-09-22,4.522,4.522,0.0,8.448,8.448,0.0,12.89,12.89,0.0
2009-09-23,4.468,4.468,0.0,8.338,8.338,0.0,12.71,12.71,0.0
2009-09-24,4.543,4.543,0.0,8.517,8.517,0.0,13.08,13.08,0.0
2009-09-25,4.577,4.577,0.0,8.484,8.484,0.0,13.05,13.05,0.0
2009-09-26,5.737,5.737,0.0,10.04,10.04,0.0,16.03,16.03,0.0
2009-09-27,5.053,5.053,0.0,9.08,9.08,0.0,14.1,14.1,0.0
2009-09-28,5.152,5.152,0.0,9.311,9.311,0.0,14.47,14.47,0.0
2009-09-29,5.15,5.15,0.0,9.561,9.561,0.0,14.84,14.84,0.0
2009-09-30,4.986,4.986,0.0,9.254,9.254,0.0,14.23,14.23,0.0
2009-10-01,4.831,4.831,0.0,8.884,8.884,0.0,13.57,13.57,0.0
2009-10-02,4.791,4.791,0.0,8.837,8.837,0.0,13.52,13.52,0.0
2009-10-03,4.719,4.719,0.0,8.68,8.68,0.0,13.26,13.26,0.0
2009-10-04,4.667,4.667,0.0,8.584,8.584,0.0,13.12,13.12,0.0
2009-10-05,4.615,4.615,0.0,8.484,8.484,0.0,12.97,12.97,0.0
2009-10-06,4.679,4.679,0.0,8.709,8.709,0.0,13.41,13.41,0.0
2009-10-07,4.508,4.508,0.0,8.304,8.304,0.0,12.69,12.69,0.0
2009-10-08,4.576,4.576,0.0,8.53,8.53,0.0,13.12,13.12,0.0
2009-10-09,4.647,4.647,0.0,8.814,8.814,0.0,13.62,13.62,0.0
2009-10-10,4.409,4.409,0.0,8.228,8.228,0.0,12.56,12.56,0.0
2009-10-11,4.329,4.329,0.0,8.052,8.052,0.0,12.27,12.27,0.0
2009-10-12,4.317,4.317,0.0,8.072,8.072,0.0,12.34,12.34,0.0
2009-10-13,4.23,4.23,0.0,7.869,7.869,0.0,11.98,11.98,0.0
2009-10-14,4.303,4.303,0.0,8.068,8.068,0.0,12.37,12.37,0.0
2009-10-15,4.494,4.494,0.0,8.654,8.654,0.0,13.34,13.34,0.0
2009-10-16,4.226,4.226,0.0,7.999,7.999,0.0,12.14,12.14,0.0
2009-10-17,4.234,4.234,0.0,8.142,8.142,0.0,12.38,12.38,0.0
2009-10-18,4.121,4.121,0.0,7.877,7.877,0.0,11.91,11.91,0.0
2009-10-19,4.059,4.059,0.0,7.745,7.745,0.0,11.69,11.69,0.0
2009-10-20,4.014,4.014,0.0,7.656,7.656,0.0,11.56,11.56,0.0
2009-10-21,3.969,3.969,0.0,7.571,7.571,0.0,11.43,11.43,0.0
2009-10-22,3.921,3.921,0.0,7.489,7.489,0.0,11.31,11.31,0.0
2009-10-23,4.418,4.418,0.0,9.084,9.084,0.0,13.93,13.93,0.0
2009-10-24,4.208,4.208,0.0,8.739,8.739,0.0,13.05,13.05,0.0
2009-10-25,3.994,3.994,0.0,8.243,8.243,0.0,12.13,12.13,0.0
2009-10-26,4.083,4.083,0.0,8.236,8.236,0.0,12.2,12.2,0.0
2009-10-27,4.883,4.883,0.0,10.59,10.59,0.0,15.95,15.95,0.0
2009-10-28,4.411,4.411,0.0,9.64,9.64,0.0,14.11,14.11,0.0
2009-10-29,4.267,4.267,0.0,9.305,9.305,0.0,13.51,13.51,0.0
2009-10-30,4.222,4.222,0.0,9.178,9.178,0.0,13.34,13.34,0.0
2009-10-31,4.37,4.37,0.0,9.322,9.322,0.0,13.81,13.81,0.0
2009-11-01,4.176,4.176,0.0,9.007,9.007,0.0,13.14,13.14,0.0
2009-11-02,4.131,4.131,0.0,9.064,9.064,0.0,13.15,13.15,0.0
2009-11-03,4.085,4.085,0.0,9.027,9.027,0.0,13.06,13.06,0.0
2009-11-04,4.051,4.051,0.0,8.854,8.854,0.0,12.87,12.87,0.0
2009-11-05,3.999,3.999,0.0,8.641,8.641,0.0,12.59,12.59,0.0
2009-11-06,3.947,3.947,0.0,8.602,8.602,0.0,12.5,12.5,0.0
2009-11-07,3.901,3.901,0.0,8.61,8.61,0.0,12.47,12.47,0.0
2009-11-08,3.862,3.862,0.0,8.525,8.525,0.0,12.34,12.34,0.0
2009-11-09,3.821,3.821,0.0,8.266,8.266,0.0,12.04,12.04,0.0
2009-11-10,3.868,3.868,0.0,8.312,8.312,0.0,12.11,12.11,0.0
2009-11-11,4.177,4.177,0.0,9.039,9.039,0.0,13.36,13.36,0.0
2009-11-12,4.062,4.062,0.0,8.756,8.756,0.0,12.8,12.8,0.0
2009-11-13,4.011,4.011,0.0,8.608,8.608,0.0,12.59,12.59,0.0
2009-11-14,3.931,3.931,0.0,8.338,8.338,0.0,12.21,12.21,0.0
2009-11-15,3.894,3.894,0.0,8.345,8.345,0.0,12.18,12.18,0.0
2009-11-16,3.838,3.838,0.0,8.311,8.311,0.0,12.09,12.09,0.0
2009-11-17,3.808,3.808,0.0,8.267,8.267,0.0,12.02,12.02,0.0
2009-11-18,4.094,4.094,0.0,8.701,8.701,0.0,12.83,12.83,0.0
2009-11-19,4.208,4.208,0.0,8.956,8.956,0.0,13.29,13.29,0.0
2009-11-20,4.047,4.047,0.0,8.412,8.412,0.0,12.43,12.43,0.0
2009-11-21,4.0,4.0,0.0,8.379,8.379,0.0,12.35,12.35,0.0
2009-11-22,4.041,4.041,0.0,8.386,8.386,0.0,12.36,12.36,0.0
2009-11-23,4.185,4.185,0.0,8.779,8.779,0.0,13.0,13.0,0.0
2009-11-24,4.041,4.041,0.0,8.471,8.471,0.0,12.44,12.44,0.0
2009-11-25,4.036,4.036,0.0,8.295,8.295,0.0,12.29,12.29,0.0
2009-11-26,4.017,4.017,0.0,8.409,8.409,0.0,12.38,12.38,0.0
2009-11-27,4.135,4.135,0.0,8.758,8.758,0.0,12.99,12.99,0.0
2009-11-28,3.994,3.994,0.0,8.581,8.581,0.0,12.52,12.52,0.0
2009-11-29,3.987,3.987,0.0,8.603,8.603,0.0,12.51,12.51,0.0
2009-11-30,4.036,4.036,0.0,9.028,9.028,0.0,13.16,13.16,0.0
2009-12-01,3.928,3.928,0.0,8.628,8.628,0.0,12.54,12.54,0.0
2009-12-02,4.95,4.95,0.0,10.4,10.4,0.0,15.54,15.54,0.0
2009-12-03,4.724,4.724,0.0,10.26,10.26,0.0,14.99,14.99,0.0
2009-12-04,4.683,4.683,0.0,9.589,9.589,0.0,14.25,14.25,0.0
2009-12-05,4.778,4.778,0.0,10.18,10.18,0.0,15.11,15.11,0.0
2009-12-06,4.401,4.401,0.0,9.643,9.643,0.0,14.0,14.0,0.0
2009-12-07,4.469,4.469,0.0,9.784,9.784,0.0,14.34,14.34,0.0
2009-12-08,4.978,4.978,0.0,11.27,11.27,0.0,17.0,17.0,0.0
2009-12-09,5.951,5.951,0.0,25.13,25.13,0.0,31.6,31.6,0.0
2009-12-10,5.519,5.519,0.0,12.49,12.49,0.0,18.31,18.31,0.0
2009-12-11,5.434,5.434,0.0,11.52,11.52,0.0,17.17,17.17,0.0
2009-12-12,5.036,5.036,0.0,11.26,11.26,0.0,16.56,16.56,0.0
2009-12-13,6.037,6.037,0.0,12.95,12.95,0.0,19.49,19.49,0.0
2009-12-14,6.046,6.046,0.0,18.55,18.55,0.0,24.65,24.65,0.0
2009-12-15,5.262,5.262,0.0,12.62,12.62,0.0,18.23,18.23,0.0
2009-12-16,5.07,5.07,0.0,11.69,11.69,0.0,17.08,17.08,0.0
2009-12-17,4.891,4.891,0.0,11.24,11.24,0.0,16.35,16.35,0.0
2009-12-18,5.22,5.22,0.0,11.82,11.82,0.0,17.66,17.66,0.0
2009-12-19,5.304,5.304,0.0,11.8,11.8,0.0,17.82,17.82,0.0
2009-12-20,5.02,5.02,0.0,11.29,11.29,0.0,16.66,16.66,0.0
2009-12-21,4.835,4.835,0.0,11.06,11.06,0.0,16.31,16.31,0.0
2009-12-22,4.706,4.706,0.0,10.74,10.74,0.0,15.68,15.68,0.0
2009-12-23,4.72,4.72,0.0,10.49,10.49,0.0,15.47,15.47,0.0
2009-12-24,4.726,4.726,0.0,10.76,10.76,0.0,15.73,15.73,0.0
2009-12-25,4.791,4.791,0.0,10.97,10.97,0.0,16.13,16.13,0.0
2009-12-26,6.037,6.037,0.0,13.43,13.43,0.0,19.57,19.57,0.0
2009-12-27,4.921,4.921,0.0,12.18,12.18,0.0,17.65,17.65,0.0
2009-12-28,4.824,4.824,0.0,10.65,10.65,0.0,15.77,15.77,0.0
2009-12-29,4.734,4.734,0.0,10.42,10.42,0.0,15.33,15.33,0.0
2009-12-30,4.744,4.744,0.0,10.24,10.24,0.0,15.19,15.19,0.0
2009-12-31,4.473,4.473,0.0,10.37,10.37,0.0,15.13,15.13,0.0
2010-01-01,4.489,4.489,0.0,9.755,9.755,0.0,14.41,14.41,0.0
2010-01-02,4.47,4.47,0.0,9.801,9.801,0.0,14.45,14.45,0.0
2010-01-03,4.451,4.451,0.0,9.648,9.648,0.0,14.26,14.26,0.0
2010-01-04,4.285,4.285,0.0,9.473,9.473,0.0,13.88,13.88,0.0
2010-01-05,4.327,4.327,0.0,9.686,9.686,0.0,14.27,14.27,0.0
2010-01-06,4.33,4.33,0.0,9.448,9.448,0.0,14.01,14.01,0.0
2010-01-07,4.311,4.311,0.0,9.492,9.492,0.0,14.07,14.07,0.0
2010-01-08,4.24,4.24,0.0,9.165,9.165,0.0,13.6,13.6,0.0
2010-01-09,4.052,4.052,0.0,9.06,9.06,0.0,13.28,13.28,0.0
2010-01-10,4.056,4.056,0.0,8.869,8.869,0.0,13.08,13.08,0.0
2010-01-11,4.054,4.054,0.0,8.859,8.859,0.0,13.06,13.06,0.0
2010-01-12,4.007,4.007,0.0,8.699,8.699,0.0,12.86,12.86,0.0
2010-01-13,3.859,3.859,0.0,8.612,8.612,0.0,12.68,12.68,0.0
2010-01-14,4.182,4.182,0.0,9.183,9.183,0.0,13.68,13.68,0.0
2010-01-15,5.559,5.559,0.0,10.16,10.16,0.0,15.48,15.48,0.0
2010-01-16,13.08,13.08,0.0,21.61,21.61,0.0,32.36,32.36,0.0
2010-01-17,11.4,11.4,0.0,20.07,20.07,0.0,29.18,29.18,0.0
2010-01-18,4.227,4.227,0.0,11.75,11.75,0.0,16.25,16.25,0.0
2010-01-19,4.45,4.45,0.0,11.97,11.97,0.0,16.66,16.66,0.0
2010-01-20,5.129,5.129,0.0,15.26,15.26,0.0,20.31,20.31,0.0
2010-01-21,5.115,5.115,0.0,12.17,12.17,0.0,17.59,17.59,0.0
2010-01-22,5.175,5.175,0.0,11.69,11.69,0.0,16.8,16.8,0.0
2010-01-23,6.086,6.086,0.0,10.6,10.6,0.0,16.24,16.24,0.0
2010-01-24,27.87,27.87,0.0,57.31,57.31,0.0,79.46,79.46,0.0
2010-01-25,10.05,10.05,0.0,36.95,36.95,0.0,47.56,47.56,0.0
2010-01-26,8.108,8.108,0.0,16.34,16.34,0.0,24.83,24.83,0.0
2010-01-27,7.951,7.951,0.0,15.06,15.06,0.0,23.17,23.17,0.0
2010-01-28,7.199,7.199,0.0,15.09,15.09,0.0,22.22,22.22,0.0
2010-01-29,6.769,6.769,0.0,13.7,13.7,0.0,20.82,20.82,0.0
2010-01-30,7.335,7.335,0.0,14.54,14.54,0.0,22.24,22.24,0.0
2010-01-31,7.125,7.125,0.0,13.98,13.98,0.0,21.43,21.43,0.0
2010-02-01,6.94,6.94,0.0,14.06,14.06,0.0,21.39,21.39,0.0
2010-02-02,6.91,6.91,0.0,13.8,13.8,0.0,21.0,21.0,0.0
2010-02-03,7.05,7.05,0.0,13.63,13.63,0.0,20.9,20.9,0.0
2010-02-04,7.023,7.023,0.0,13.72,13.72,0.0,20.9,20.9,0.0
2010-02-05,7.44,7.44,0.0,15.55,15.55,0.0,24.04,24.04,0.0
2010-02-06,6.669,6.669,0.0,13.36,13.36,0.0,20.49,20.49,0.0
2010-02-07,6.545,6.545,0.0,13.08,13.08,0.0,19.78,19.78,0.0
2010-02-08,6.65,6.65,0.0,12.85,12.85,0.0,19.64,19.64,0.0
2010-02-09,6.683,6.683,0.0,13.23,13.23,0.0,20.35,20.35,0.0
2010-02-10,6.383,6.383,0.0,12.65,12.65,0.0,19.44,19.44,0.0
2010-02-11,6.377,6.377,0.0,12.54,12.54,0.0,19.14,19.14,0.0
2010-02-12,6.365,6.365,0.0,12.25,12.25,0.0,18.74,18.74,0.0
2010-02-13,6.416,6.416,0.0,12.24,12.24,0.0,18.88,18.88,0.0
2010-02-14,6.095,6.095,0.0,11.93,11.93,0.0,18.27,18.27,0.0
2010-02-15,6.066,6.066,0.0,12.03,12.03,0.0,18.29,18.29,0.0
2010-02-16,6.071,6.071,0.0,11.99,11.99,0.0,18.26,18.26,0.0
2010-02-17,6.087,6.087,0.0,11.81,11.81,0.0,18.08,18.08,0.0
2010-02-18,5.91,5.91,0.0,11.69,11.69,0.0,17.78,17.78,0.0
2010-02-19,5.861,5.861,0.0,11.5,11.5,0.0,17.44,17.44,0.0
2010-02-20,5.991,5.991,0.0,11.4,11.4,0.0,17.62,17.62,0.0
2010-02-21,6.006,6.006,0.0,12.4,12.4,0.0,18.84,18.84,0.0
2010-02-22,7.143,7.143,0.0,13.66,13.66,0.0,20.9,20.9,0.0
2010-02-23,7.524,7.524,0.0,13.12,13.12,0.0,20.42,20.42,0.0
2010-02-24,6.117,6.117,0.0,11.68,11.68,0.0,18.03,18.03,0.0
2010-02-25,5.92,5.92,0.0,11.55,11.55,0.0,17.88,17.88,0.0
2010-02-26,5.68,5.68,0.0,10.95,10.95,0.0,17.0,17.0,0.0
2010-02-27,5.905,5.905,0.0,11.14,11.14,0.0,17.09,17.09,0.0
2010-02-28,5.969,5.969,0.0,11.2,11.2,0.0,17.38,17.38,0.0
2010-03-01,5.991,5.991,0.0,11.12,11.12,0.0,17.37,17.37,0.0
2010-03-02,5.759,5.759,0.0,11.01,11.01,0.0,17.24,17.24,0.0
2010-03-03,5.688,5.688,0.0,10.79,10.79,0.0,16.98,16.98,0.0
2010-03-04,5.69,5.69,0.0,11.23,11.23,0.0,17.25,17.25,0.0
2010-03-05,5.75,5.75,0.0,10.81,10.81,0.0,16.94,16.94,0.0
2010-03-06,7.136,7.136,0.0,12.13,12.13,0.0,19.44,19.44,0.0
2010-03-07,13.47,13.47,0.0,17.15,17.15,0.0,29.13,29.13,0.0
2010-03-08,15.19,15.19,0.0,20.15,20.15,0.0,33.74,33.74,0.0
2010-03-09,10.09,10.09,0.0,32.45,32.45,0.0,42.19,42.19,0.0
2010-03-10,9.062,9.062,0.0,91.18,91.18,0.0,100.6,100.6,0.0
2010-03-11,12.83,12.83,0.0,82.58,82.58,0.0,94.33,94.33,0.0
2010-03-12,12.01,12.01,0.0,36.0,36.0,0.0,48.23,48.23,0.0
2010-03-13,12.32,12.32,0.0,27.35,27.35,0.0,40.05,40.05,0.0
2010-03-14,11.15,11.15,0.0,20.76,20.76,0.0,32.08,32.08,0.0
2010-03-15,11.05,11.05,0.0,20.86,20.86,0.0,32.42,32.42,0.0
2010-03-16,10.8,10.8,0.0,20.03,20.03,0.0,31.15,31.15,0.0
2010-03-17,11.34,11.34,0.0,22.13,22.13,0.0,33.23,33.23,0.0
2010-03-18,10.54,10.54,0.0,22.16,22.16,0.0,33.14,33.14,0.0
2010-03-19,11.05,11.05,0.0,21.37,21.37,0.0,32.63,32.63,0.0
2010-03-20,10.93,10.93,0.0,20.82,20.82,0.0,31.81,31.81,0.0
2010-03-21,11.22,11.22,0.0,22.35,22.35,0.0,33.51,33.51,0.0
2010-03-22,12.18,12.18,0.0,22.87,22.87,0.0,35.01,35.01,0.0
2010-03-23,11.08,11.08,0.0,22.68,22.68,0.0,34.23,34.23,0.0
2010-03-24,11.42,11.42,0.0,21.47,21.47,0.0,33.03,33.03,0.0
2010-03-25,11.85,11.85,0.0,23.49,23.49,0.0,35.58,35.58,0.0
2010-03-26,11.77,11.77,0.0,24.02,24.02,0.0,36.12,36.12,0.0
2010-03-27,11.65,11.65,0.0,23.2,23.2,0.0,35.49,35.49,0.0
2010-03-28,13.9,13.9,0.0,24.56,24.56,0.0,38.77,38.77,0.0
2010-03-29,13.11,13.11,0.0,23.3,23.3,0.0,36.49,36.49,0.0
2010-03-30,12.79,12.79,0.0,23.91,23.91,0.0,36.65,36.65,0.0
2010-03-31,12.15,12.15,0.0,24.24,24.24,0.0,36.69,36.69,0.0
2010-04-01,12.27,12.27,0.0,23.62,23.62,0.0,35.97,35.97,0.0
2010-04-02,11.9,11.9,0.0,22.99,22.99,0.0,35.27,35.27,0.0
2010-04-03,11.92,11.92,0.0,22.54,22.54,0.0,34.82,34.82,0.0
2010-04-04,12.08,12.08,0.0,22.99,22.99,0.0,35.14,35.14,0.0
2010-04-05,11.81,11.81,0.0,23.35,23.35,0.0,35.43,35.43,0.0
2010-04-06,11.51,11.51,0.0,22.45,22.45,0.0,34.18,34.18,0.0
2010-04-07,11.71,11.71,0.0,21.61,21.61,0.0,33.48,33.48,0.0
2010-04-08,12.14,12.14,0.0,22.84,22.84,0.0,35.25,35.25,0.0
2010-04-09,11.74,11.74,0.0,22.72,22.72,0.0,34.58,34.58,0.0
2010-04-10,11.46,11.46,0.0,22.63,22.63,0.0,34.13,34.13,0.0
2010-04-11,11.25,11.25,0.0,21.1,21.1,0.0,32.61,32.61,0.0
2010-04-12,11.41,11.41,0.0,21.45,21.45,0.0,33.03,33.03,0.0
2010-04-13,11.23,11.23,0.0,21.65,21.65,0.0,32.99,32.99,0.0
2010-04-14,11.09,11.09,0.0,21.6,21.6,0.0,32.81,32.81,0.0
2010-04-15,10.78,10.78,0.0,20.65,20.65,0.0,31.59,31.59,0.0
2010-04-16,11.11,11.11,0.0,21.69,21.69,0.0,33.22,33.22,0.0
2010-04-17,10.92,10.92,0.0,21.09,21.09,0.0,32.19,32.19,0.0
2010-04-18,10.68,10.68,0.0,21.14,21.14,0.0,31.94,31.94,0.0
2010-04-19,10.54,10.54,0.0,21.06,21.06,0.0,31.73,31.73,0.0
2010-04-20,10.27,10.27,0.0,20.11,20.11,0.0,30.56,30.56,0.0
2010-04-21,10.36,10.36,0.0,20.07,20.07,0.0,30.57,30.57,0.0
2010-04-22,10.34,10.34,0.0,20.09,20.09,0.0,30.57,30.57,0.0
2010-04-23,10.19,10.19,0.0,20.3,20.3,0.0,30.69,30.69,0.0
2010-04-24,10.27,10.27,0.0,20.62,20.62,0.0,31.24,31.24,0.0
2010-04-25,10.21,10.21,0.0,20.19,20.19,0.0,30.6,30.6,0.0
2010-04-26,10.37,10.37,0.0,20.9,20.9,0.0,31.61,31.61,0.0
2010-04-27,10.27,10.27,0.0,19.75,19.75,0.0,30.19,30.19,0.0
2010-04-28,10.04,10.04,0.0,20.04,20.04,0.0,30.2,30.2,0.0
2010-04-29,9.915,9.915,0.0,20.06,20.06,0.0,30.17,30.17,0.0
2010-04-30,9.758,9.758,0.0,19.46,19.46,0.0,29.31,29.31,0.0
2010-05-01,9.872,9.872,0.0,19.5,19.5,0.0,29.52,29.52,0.0
2010-05-02,10.57,10.57,0.0,21.24,21.24,0.0,32.38,32.38,0.0
2010-05-03,10.37,10.37,0.0,20.08,20.08,0.0,30.61,30.61,0.0
2010-05-04,10.04,10.04,0.0,20.21,20.21,0.0,30.39,30.39,0.0
2010-05-05,9.908,9.908,0.0,19.66,19.66,0.0,29.6,29.6,0.0
2010-05-06,9.61,9.61,0.0,19.49,19.49,0.0,29.36,29.36,0.0
2010-05-07,9.834,9.834,0.0,20.08,20.08,0.0,30.23,30.23,0.0
2010-05-08,9.668,9.668,0.0,19.65,19.65,0.0,29.61,29.61,0.0
2010-05-09,9.514,9.514,0.0,19.61,19.61,0.0,29.18,29.18,0.0
2010-05-10,9.264,9.264,0.0,19.07,19.07,0.0,28.47,28.47,0.0
2010-05-11,9.928,9.928,0.0,20.73,20.73,0.0,31.12,31.12,0.0
2010-05-12,10.52,10.52,0.0,21.01,21.01,0.0,31.53,31.53,0.0
2010-05-13,10.69,10.69,0.0,20.24,20.24,0.0,30.9,30.9,0.0
2010-05-14,10.99,10.99,0.0,20.44,20.44,0.0,31.26,31.26,0.0
2010-05-15,11.07,11.07,0.0,20.0,20.0,0.0,30.73,30.73,0.0
2010-05-16,12.19,12.19,0.0,20.68,20.68,0.0,32.36,32.36,0.0
2010-05-17,11.9,11.9,0.0,22.02,22.02,0.0,34.09,34.09,0.0
2010-05-18,12.69,12.69,0.0,23.31,23.31,0.0,35.58,35.58,0.0
2010-05-19,12.05,12.05,0.0,22.04,22.04,0.0,33.88,33.88,0.0
2010-05-20,12.06,12.06,0.0,21.28,21.28,0.0,32.86,32.86,0.0
2010-05-21,11.5,11.5,0.0,20.95,20.95,0.0,32.22,32.22,0.0
2010-05-22,12.01,12.01,0.0,22.36,22.36,0.0,34.24,34.24,0.0
2010-05-23,11.83,11.83,0.0,22.6,22.6,0.0,34.4,34.4,0.0
2010-05-24,11.9,11.9,0.0,21.79,21.79,0.0,33.43,33.43,0.0
2010-05-25,11.88,11.88,0.0,20.92,20.92,0.0,32.27,32.27,0.0
2010-05-26,11.27,11.27,0.0,20.96,20.96,0.0,31.94,31.94,0.0
2010-05-27,11.28,11.28,0.0,21.23,21.23,0.0,32.27,32.27,0.0
2010-05-28,11.49,11.49,0.0,21.53,21.53,0.0,33.16,33.16,0.0
2010-05-29,11.32,11.32,0.0,20.67,20.67,0.0,31.59,31.59,0.0
2010-05-30,10.93,10.93,0.0,20.03,20.03,0.0,30.79,30.79,0.0
2010-05-31,11.03,11.03,0.0,20.57,20.57,0.0,31.38,31.38,0.0
2010-06-01,10.76,10.76,0.0,20.4,20.4,0.0,30.97,30.97,0.0
2010-06-02,10.81,10.81,0.0,19.98,19.98,0.0,30.52,30.52,0.0
2010-06-03,10.89,10.89,0.0,19.64,19.64,0.0,30.23,30.23,0.0
2010-06-04,10.4,10.4,0.0,19.31,19.31,0.0,29.43,29.43,0.0
2010-06-05,10.37,10.37,0.0,19.67,19.67,0.0,29.95,29.95,0.0
2010-06-06,10.57,10.57,0.0,19.75,19.75,0.0,30.31,30.31,0.0
2010-06-07,10.36,10.36,0.0,18.97,18.97,0.0,29.06,29.06,0.0
2010-06-08,10.17,10.17,0.0,18.85,18.85,0.0,28.72,28.72,0.0
2010-06-09,10.04,10.04,0.0,19.15,19.15,0.0,29.17,29.17,0.0
2010-06-10,9.88,9.88,0.0,18.72,18.72,0.0,28.36,28.36,0.0
2010-06-11,9.892,9.892,0.0,18.4,18.4,0.0,28.0,28.0,0.0
2010-06-12,9.988,9.988,0.0,18.37,18.37,0.0,28.16,28.16,0.0
2010-06-13,9.638,9.638,0.0,18.11,18.11,0.0,27.49,27.49,0.0
2010-06-14,9.37,9.37,0.0,17.78,17.78,0.0,26.9,26.9,0.0
2010-06-15,9.417,9.417,0.0,17.7,17.7,0.0,26.91,26.91,0.0
2010-06-16,9.425,9.425,0.0,17.68,17.68,0.0,26.87,26.87,0.0
2010-06-17,9.314,9.314,0.0,17.08,17.08,0.0,26.02,26.02,0.0
2010-06-18,9.029,9.029,0.0,17.11,17.11,0.0,25.9,25.9,0.0
2010-06-19,8.892,8.892,0.0,16.83,16.83,0.0,25.45,25.45,0.0
2010-06-20,8.929,8.929,0.0,16.65,16.65,0.0,25.28,25.28,0.0
2010-06-21,8.879,8.879,0.0,16.41,16.41,0.0,24.95,24.95,0.0
2010-06-22,8.794,8.794,0.0,16.26,16.26,0.0,24.71,24.71,0.0
2010-06-23,8.517,8.517,0.0,16.25,16.25,0.0,24.66,24.66,0.0
2010-06-24,8.579,8.579,0.0,16.28,16.28,0.0,24.68,24.68,0.0
2010-06-25,8.46,8.46,0.0,15.88,15.88,0.0,24.01,24.01,0.0
2010-06-26,8.393,8.393,0.0,15.72,15.72,0.0,23.79,23.79,0.0
2010-06-27,8.245,8.245,0.0,15.57,15.57,0.0,23.55,23.55,0.0
2010-06-28,8.036,8.036,0.0,15.27,15.27,0.0,23.02,23.02,0.0
2010-06-29,8.023,8.023,0.0,15.07,15.07,0.0,22.78,22.78,0.0
2010-06-30,7.957,7.957,0.0,15.01,15.01,0.0,22.66,22.66,0.0
2010-07-01,7.851,7.851,0.0,14.82,14.82,0.0,22.39,22.39,0.0
2010-07-02,7.671,7.671,0.0,14.49,14.49,0.0,21.89,21.89,0.0
2010-07-03,7.65,7.65,0.0,14.41,14.41,0.0,21.75,21.75,0.0
2010-07-04,7.554,7.554,0.0,14.21,14.21,0.0,21.48,21.48,0.0
2010-07-05,7.463,7.463,0.0,14.09,14.09,0.0,21.27,21.27,0.0
2010-07-06,7.33,7.33,0.0,13.79,13.79,0.0,20.84,20.84,0.0
2010-07-07,7.281,7.281,0.0,13.7,13.7,0.0,20.69,20.69,0.0
2010-07-08,7.208,7.208,0.0,13.55,13.55,0.0,20.47,20.47,0.0
2010-07-09,7.643,7.643,0.0,14.78,14.78,0.0,22.78,22.78,0.0
2010-07-10,7.074,7.074,0.0,13.4,13.4,0.0,20.26,20.26,0.0
2010-07-11,7.012,7.012,0.0,13.22,13.22,0.0,19.98,19.98,0.0
2010-07-12,7.153,7.153,0.0,13.33,13.33,0.0,20.28,20.28,0.0
2010-07-13,7.849,7.849,0.0,14.87,14.87,0.0,23.05,23.05,0.0
2010-07-14,7.172,7.172,0.0,13.33,13.33,0.0,20.19,20.19,0.0
2010-07-15,7.062,7.062,0.0,13.15,13.15,0.0,19.88,19.88,0.0
2010-07-16,7.0,7.0,0.0,12.94,12.94,0.0,19.59,19.59,0.0
2010-07-17,6.93,6.93,0.0,12.84,12.84,0.0,19.44,19.44,0.0
2010-07-18,7.033,7.033,0.0,13.25,13.25,0.0,20.2,20.2,0.0
2010-07-19,7.036,7.036,0.0,13.17,13.17,0.0,20.08,20.08,0.0
2010-07-20,6.892,6.892,0.0,12.91,12.91,0.0,19.58,19.58,0.0
2010-07-21,6.841,6.841,0.0,12.72,12.72,0.0,19.27,19.27,0.0
2010-07-22,6.701,6.701,0.0,12.45,12.45,0.0,18.78,18.78,0.0
2010-07-23,6.615,6.615,0.0,12.3,12.3,0.0,18.55,18.55,0.0
2010-07-24,6.552,6.552,0.0,12.15,12.15,0.0,18.32,18.32,0.0
2010-07-25,6.621,6.621,0.0,12.48,12.48,0.0,18.95,18.95,0.0
2010-07-26,6.422,6.422,0.0,11.89,11.89,0.0,17.95,17.95,0.0
2010-07-27,6.354,6.354,0.0,11.78,11.78,0.0,17.76,17.76,0.0
2010-07-28,6.275,6.275,0.0,11.65,11.65,0.0,17.55,17.55,0.0
2010-07-29,6.513,6.513,0.0,12.25,12.25,0.0,18.69,18.69,0.0
2010-07-30,6.199,6.199,0.0,11.45,11.45,0.0,17.27,17.27,0.0
2010-07-31,6.244,6.244,0.0,11.65,11.65,0.0,17.64,17.64,0.0
2010-08-01,6.078,6.078,0.0,11.26,11.26,0.0,16.95,16.95,0.0
2010-08-02,6.003,6.003,0.0,11.1,11.1,0.0,16.72,16.72,0.0
2010-08-03,6.399,6.399,0.0,12.09,12.09,0.0,18.5,18.5,0.0
2010-08-04,6.438,6.438,0.0,11.81,11.81,0.0,17.97,17.97,0.0
2010-08-05,6.365,6.365,0.0,11.87,11.87,0.0,18.03,18.03,0.0
2010-08-06,6.106,6.106,0.0,11.19,11.19,0.0,16.84,16.84,0.0
2010-08-07,6.026,6.026,0.0,11.07,11.07,0.0,16.63,16.63,0.0
2010-08-08,5.967,5.967,0.0,10.93,10.93,0.0,16.44,16.44,0.0
2010-08-09,5.903,5.903,0.0,10.81,10.81,0.0,16.26,16.26,0.0
2010-08-10,5.814,5.814,0.0,10.67,10.67,0.0,16.05,16.05,0.0
2010-08-11,5.792,5.792,0.0,10.58,10.58,0.0,15.91,15.91,0.0
2010-08-12,5.748,5.748,0.0,10.57,10.57,0.0,15.93,15.93,0.0
2010-08-13,5.655,5.655,0.0,10.34,10.34,0.0,15.55,15.55,0.0
2010-08-14,5.771,5.771,0.0,10.72,10.72,0.0,16.27,16.27,0.0
2010-08-15,5.7,5.7,0.0,10.58,10.58,0.0,16.06,16.06,0.0
2010-08-16,5.523,5.523,0.0,10.08,10.08,0.0,15.17,15.17,0.0
2010-08-17,5.489,5.489,0.0,9.969,9.969,0.0,15.02,15.02,0.0
2010-08-18,5.627,5.627,0.0,10.28,10.28,0.0,15.63,15.63,0.0
2010-08-19,5.43,5.43,0.0,9.823,9.823,0.0,14.81,14.81,0.0
2010-08-20,5.349,5.349,0.0,9.693,9.693,0.0,14.61,14.61,0.0
2010-08-21,5.339,5.339,0.0,9.697,9.697,0.0,14.64,14.64,0.0
2010-08-22,5.299,5.299,0.0,9.676,9.676,0.0,14.62,14.62,0.0
2010-08-23,5.342,5.342,0.0,9.839,9.839,0.0,14.95,14.95,0.0
2010-08-24,5.156,5.156,0.0,9.362,9.362,0.0,14.11,14.11,0.0
2010-08-25,5.08,5.08,0.0,9.281,9.281,0.0,13.97,13.97,0.0
2010-08-26,5.021,5.021,0.0,9.138,9.138,0.0,13.74,13.74,0.0
2010-08-27,4.963,4.963,0.0,9.04,9.04,0.0,13.59,13.59,0.0
2010-08-28,4.909,4.909,0.0,8.924,8.924,0.0,13.42,13.42,0.0
2010-08-29,4.858,4.858,0.0,8.808,8.808,0.0,13.26,13.26,0.0
2010-08-30,4.786,4.786,0.0,8.727,8.727,0.0,13.12,13.12,0.0
2010-08-31,4.744,4.744,0.0,8.628,8.628,0.0,12.97,12.97,0.0
2010-09-01,4.69,4.69,0.0,8.521,8.521,0.0,12.82,12.82,0.0
2010-09-02,4.637,4.637,0.0,8.42,8.42,0.0,12.67,12.67,0.0
2010-09-03,4.592,4.592,0.0,8.376,8.376,0.0,12.61,12.61,0.0
2010-09-04,4.532,4.532,0.0,8.242,8.242,0.0,12.39,12.39,0.0
2010-09-05,4.484,4.484,0.0,8.147,8.147,0.0,12.25,12.25,0.0
2010-09-06,4.427,4.427,0.0,8.047,8.047,0.0,12.1,12.1,0.0
2010-09-07,4.381,4.381,0.0,7.953,7.953,0.0,11.97,11.97,0.0
2010-09-08,4.323,4.323,0.0,7.864,7.864,0.0,11.83,11.83,0.0
2010-09-09,4.279,4.279,0.0,7.782,7.782,0.0,11.7,11.7,0.0
2010-09-10,4.23,4.23,0.0,7.683,7.683,0.0,11.56,11.56,0.0
2010-09-11,4.308,4.308,0.0,7.963,7.963,0.0,12.1,12.1,0.0
2010-09-12,4.135,4.135,0.0,7.533,7.533,0.0,11.32,11.32,0.0
2010-09-13,4.089,4.089,0.0,7.438,7.438,0.0,11.18,11.18,0.0
2010-09-14,4.044,4.044,0.0,7.358,7.358,0.0,11.06,11.06,0.0
2010-09-15,3.991,3.991,0.0,7.265,7.265,0.0,10.92,10.92,0.0
2010-09-16,4.244,4.244,0.0,8.0,8.0,0.0,12.3,12.3,0.0
2010-09-17,3.92,3.92,0.0,7.184,7.184,0.0,10.8,10.8,0.0
2010-09-18,3.875,3.875,0.0,7.088,7.088,0.0,10.66,10.66,0.0
2010-09-19,3.828,3.828,0.0,7.012,7.012,0.0,10.54,10.54,0.0
2010-09-20,3.785,3.785,0.0,6.918,6.918,0.0,10.4,10.4,0.0
2010-09-21,3.742,3.742,0.0,6.849,6.849,0.0,10.3,10.3,0.0
2010-09-22,3.703,3.703,0.0,6.77,6.77,0.0,10.18,10.18,0.0
2010-09-23,3.662,3.662,0.0,6.698,6.698,0.0,10.07,10.07,0.0
2010-09-24,3.618,3.618,0.0,6.624,6.624,0.0,9.957,9.957,0.0
2010-09-25,3.577,3.577,0.0,6.535,6.535,0.0,9.829,9.829,0.0
2010-09-26,3.703,3.703,0.0,6.849,6.849,0.0,10.43,10.43,0.0
2010-09-27,4.001,4.001,0.0,7.328,7.328,0.0,11.32,11.32,0.0
2010-09-28,3.891,3.891,0.0,7.142,7.142,0.0,10.91,10.91,0.0
2010-09-29,4.204,4.204,0.0,7.521,7.521,0.0,11.68,11.68,0.0
2010-09-30,5.571,5.571,0.0,10.12,10.12,0.0,16.09,16.09,0.0
2010-10-01,4.465,4.465,0.0,7.863,7.863,0.0,11.9,11.9,0.0
2010-10-02,4.412,4.412,0.0,7.753,7.753,0.0,11.74,11.74,0.0
2010-10-03,4.485,4.485,0.0,7.907,7.907,0.0,11.99,11.99,0.0
2010-10-04,4.395,4.395,0.0,7.745,7.745,0.0,11.7,11.7,0.0
2010-10-05,4.418,4.418,0.0,7.926,7.926,0.0,11.99,11.99,0.0
2010-10-06,4.497,4.497,0.0,8.408,8.408,0.0,12.7,12.7,0.0
2010-10-07,4.288,4.288,0.0,7.933,7.933,0.0,11.81,11.81,0.0
2010-10-08,4.237,4.237,0.0,7.825,7.825,0.0,11.66,11.66,0.0
2010-10-09,4.193,4.193,0.0,7.755,7.755,0.0,11.55,11.55,0.0
2010-10-10,4.145,4.145,0.0,7.596,7.596,0.0,11.35,11.35,0.0
2010-10-11,4.099,4.099,0.0,7.569,7.569,0.0,11.28,11.28,0.0
2010-10-12,4.052,4.052,0.0,7.514,7.514,0.0,11.18,11.18,0.0
2010-10-13,4.13,4.13,0.0,7.786,7.786,0.0,11.68,11.68,0.0
2010-10-14,4.071,4.071,0.0,7.856,7.856,0.0,11.67,11.67,0.0
2010-10-15,4.011,4.011,0.0,7.806,7.806,0.0,11.51,11.51,0.0
2010-10-16,3.924,3.924,0.0,7.635,7.635,0.0,11.2,11.2,0.0
2010-10-17,3.877,3.877,0.0,7.418,7.418,0.0,10.94,10.94,0.0
2010-10-18,3.923,3.923,0.0,7.709,7.709,0.0,11.41,11.41,0.0
2010-10-19,3.791,3.791,0.0,7.468,7.468,0.0,10.93,10.93,0.0
2010-10-20,3.749,3.749,0.0,7.399,7.399,0.0,10.82,10.82,0.0
2010-10-21,3.708,3.708,0.0,7.291,7.291,0.0,10.67,10.67,0.0
2010-10-22,3.665,3.665,0.0,7.147,7.147,0.0,10.49,10.49,0.0
2010-10-23,3.625,3.625,0.0,7.107,7.107,0.0,10.41,10.41,0.0
2010-10-24,3.582,3.582,0.0,7.066,7.066,0.0,10.34,10.34,0.0
2010-10-25,3.552,3.552,0.0,7.025,7.025,0.0,10.26,10.26,0.0
2010-10-26,3.884,3.884,0.0,7.865,7.865,0.0,11.64,11.64,0.0
2010-10-27,3.685,3.685,0.0,7.38,7.38,0.0,10.72,10.72,0.0
2010-10-28,3.644,3.644,0.0,7.284,7.284,0.0,10.59,10.59,0.0
2010-10-29,3.595,3.595,0.0,7.05,7.05,0.0,10.31,10.31,0.0
2010-10-30,3.558,3.558,0.0,7.076,7.076,0.0,10.3,10.3,0.0
2010-10-31,3.521,3.521,0.0,7.051,7.051,0.0,10.24,10.24,0.0
2010-11-01,3.483,3.483,0.0,7.004,7.004,0.0,10.16,10.16,0.0
2010-11-02,3.441,3.441,0.0,6.802,6.802,0.0,9.923,9.923,0.0
2010-11-03,3.839,3.839,0.0,7.834,7.834,0.0,11.63,11.63,0.0
2010-11-04,4.01,4.01,0.0,8.47,8.47,0.0,12.46,12.46,0.0
2010-11-05,3.877,3.877,0.0,8.479,8.479,0.0,12.26,12.26,0.0
2010-11-06,3.71,3.71,0.0,8.047,8.047,0.0,11.52,11.52,0.0
2010-11-07,3.67,3.67,0.0,8.041,8.041,0.0,11.48,11.48,0.0
2010-11-08,3.625,3.625,0.0,7.535,7.535,0.0,10.91,10.91,0.0
2010-11-09,3.585,3.585,0.0,7.733,7.733,0.0,11.08,11.08,0.0
2010-11-10,3.545,3.545,0.0,7.774,7.774,0.0,11.09,11.09,0.0
2010-11-11,3.508,3.508,0.0,7.663,7.663,0.0,10.95,10.95,0.0
2010-11-12,3.466,3.466,0.0,7.417,7.417,0.0,10.67,10.67,0.0
2010-11-13,3.432,3.432,0.0,7.354,7.354,0.0,10.55,10.55,0.0
2010-11-14,3.424,3.424,0.0,7.595,7.595,0.0,10.86,10.86,0.0
2010-11-15,3.468,3.468,0.0,7.859,7.859,0.0,11.22,11.22,0.0
2010-11-16,3.978,3.978,0.0,8.882,8.882,0.0,12.87,12.87,0.0
2010-11-17,3.761,3.761,0.0,8.48,8.48,0.0,12.03,12.03,0.0
2010-11-18,3.714,3.714,0.0,8.395,8.395,0.0,11.92,11.92,0.0
2010-11-19,3.665,3.665,0.0,7.898,7.898,0.0,11.34,11.34,0.0
2010-11-20,3.583,3.583,0.0,8.047,8.047,0.0,11.44,11.44,0.0
2010-11-21,3.575,3.575,0.0,8.148,8.148,0.0,11.54,11.54,0.0
2010-11-22,3.532,3.532,0.0,8.051,8.051,0.0,11.41,11.41,0.0
2010-11-23,3.497,3.497,0.0,7.739,7.739,0.0,11.06,11.06,0.0
2010-11-24,3.539,3.539,0.0,8.213,8.213,0.0,11.71,11.71,0.0
2010-11-25,3.496,3.496,0.0,8.419,8.419,0.0,11.92,11.92,0.0
2010-11-26,3.466,3.466,0.0,8.62,8.62,0.0,12.04,12.04,0.0
2010-11-27,3.346,3.346,0.0,8.33,8.33,0.0,11.57,11.57,0.0
2010-11-28,3.309,3.309,0.0,7.969,7.969,0.0,11.18,11.18,0.0
2010-11-29,3.583,3.583,0.0,9.618,9.618,0.0,13.54,13.54,0.0
2010-11-30,5.469,5.469,0.0,15.59,15.59,0.0,21.63,21.63,0.0
2010-12-01,5.375,5.375,0.0,14.1,14.1,0.0,19.56,19.56,0.0
2010-12-02,5.286,5.286,0.0,12.38,12.38,0.0,17.61,17.61,0.0
2010-12-03,5.207,5.207,0.0,11.76,11.76,0.0,16.87,16.87,0.0
2010-12-04,4.875,4.875,0.0,10.44,10.44,0.0,15.04,15.04,0.0
2010-12-05,4.725,4.725,0.0,11.18,11.18,0.0,15.82,15.82,0.0
2010-12-06,4.842,4.842,0.0,11.41,11.41,0.0,16.13,16.13,0.0
2010-12-07,4.798,4.798,0.0,11.13,11.13,0.0,15.76,15.76,0.0
2010-12-08,4.631,4.631,0.0,10.42,10.42,0.0,14.88,14.88,0.0
2010-12-09,4.622,4.622,0.0,10.63,10.63,0.0,15.14,15.14,0.0
2010-12-10,4.658,4.658,0.0,10.7,10.7,0.0,15.23,15.23,0.0
2010-12-11,4.629,4.629,0.0,11.11,11.11,0.0,15.98,15.98,0.0
2010-12-12,4.64,4.64,0.0,10.11,10.11,0.0,14.58,14.58,0.0
2010-12-13,4.443,4.443,0.0,10.5,10.5,0.0,14.97,14.97,0.0
2010-12-14,4.491,4.491,0.0,10.35,10.35,0.0,14.81,14.81,0.0
2010-12-15,4.424,4.424,0.0,9.994,9.994,0.0,14.3,14.3,0.0
2010-12-16,4.488,4.488,0.0,10.16,10.16,0.0,14.68,14.68,0.0
2010-12-17,4.272,4.272,0.0,9.748,9.748,0.0,13.93,13.93,0.0
2010-12-18,4.211,4.211,0.0,9.699,9.699,0.0,13.8,13.8,0.0
2010-12-19,4.22,4.22,0.0,9.552,9.552,0.0,13.65,13.65,0.0
2010-12-20,4.194,4.194,0.0,9.45,9.45,0.0,13.52,13.52,0.0
2010-12-21,4.122,4.122,0.0,9.22,9.22,0.0,13.15,13.15,0.0
2010-12-22,4.023,4.023,0.0,9.392,9.392,0.0,13.39,13.39,0.0
2010-12-23,4.084,4.084,0.0,9.349,9.349,0.0,13.41,13.41,0.0
2010-12-24,4.016,4.016,0.0,9.143,9.143,0.0,13.06,13.06,0.0
2010-12-25,3.941,3.941,0.0,8.978,8.978,0.0,12.77,12.77,0.0
2010-12-26,3.987,3.987,0.0,8.922,8.922,0.0,12.84,12.84,0.0
2010-12-27,3.794,3.794,0.0,8.766,8.766,0.0,12.5,12.5,0.0
2010-12-28,3.805,3.805,0.0,8.709,8.709,0.0,12.41,12.41,0.0
2010-12-29,3.789,3.789,0.0,8.576,8.576,0.0,12.25,12.25,0.0
2010-12-30,3.845,3.845,0.0,8.611,8.611,0.0,12.42,12.42,0.0
2010-12-31,7.365,7.365,0.0,17.59,17.59,0.0,24.01,24.01,0.0
2011-01-01,3.747,3.747,0.0,17.54,17.54,0.0,21.27,21.27,0.0
2011-01-02,3.615,3.615,0.0,9.577,9.577,0.0,13.17,13.17,0.0
2011-01-03,3.592,3.592,0.0,8.69,8.69,0.0,12.26,12.26,0.0
2011-01-04,3.56,3.56,0.0,8.513,8.513,0.0,12.05,12.05,0.0
2011-01-05,3.452,3.452,0.0,8.375,8.375,0.0,11.76,11.76,0.0
2011-01-06,3.425,3.425,0.0,8.081,8.081,0.0,11.48,11.48,0.0
2011-01-07,3.483,3.483,0.0,8.336,8.336,0.0,11.86,11.86,0.0
2011-01-08,3.483,3.483,0.0,8.304,8.304,0.0,11.82,11.82,0.0
2011-01-09,3.348,3.348,0.0,7.899,7.899,0.0,11.19,11.19,0.0
2011-01-10,3.288,3.288,0.0,7.761,7.761,0.0,11.03,11.03,0.0
2011-01-11,3.351,3.351,0.0,8.06,8.06,0.0,11.53,11.53,0.0
2011-01-12,3.369,3.369,0.0,8.0,8.0,0.0,11.5,11.5,0.0
2011-01-13,3.248,3.248,0.0,7.606,7.606,0.0,10.82,10.82,0.0
2011-01-14,3.157,3.157,0.0,7.541,7.541,0.0,10.65,10.65,0.0
2011-01-15,3.169,3.169,0.0,7.545,7.545,0.0,10.77,10.77,0.0
2011-01-16,3.081,3.081,0.0,7.391,7.391,0.0,10.46,10.46,0.0
2011-01-17,3.122,3.122,0.0,7.341,7.341,0.0,10.5,10.5,0.0
2011-01-18,3.485,3.485,0.0,9.703,9.703,0.0,13.23,13.23,0.0
2011-01-19,3.072,3.072,0.0,8.769,8.769,0.0,11.88,11.88,0.0
2011-01-20,3.015,3.015,0.0,7.832,7.832,0.0,10.96,10.96,0.0
2011-01-21,2.964,2.964,0.0,7.445,7.445,0.0,10.53,10.53,0.0
2011-01-22,2.917,2.917,0.0,7.04,7.04,0.0,10.01,10.01,0.0
2011-01-23,2.897,2.897,0.0,6.893,6.893,0.0,9.837,9.837,0.0
2011-01-24,2.862,2.862,0.0,6.928,6.928,0.0,9.767,9.767,0.0
2011-01-25,2.844,2.844,0.0,7.027,7.027,0.0,9.963,9.963,0.0
2011-01-26,3.14,3.14,0.0,7.759,7.759,0.0,11.45,11.45,0.0
2011-01-27,2.854,2.854,0.0,6.961,6.961,0.0,9.978,9.978,0.0
2011-01-28,2.857,2.857,0.0,6.936,6.936,0.0,9.978,9.978,0.0
2011-01-29,2.841,2.841,0.0,7.066,7.066,0.0,9.843,9.843,0.0
2011-01-30,4.308,4.308,0.0,9.353,9.353,0.0,13.37,13.37,0.0
2011-01-31,2.707,2.707,0.0,6.656,6.656,0.0,9.491,9.491,0.0
2011-02-01,8.719,8.719,0.0,22.12,22.12,0.0,33.51,33.51,0.0
2011-02-02,3.563,3.563,0.0,15.89,15.89,0.0,19.91,19.91,0.0
2011-02-03,3.489,3.489,0.0,8.696,8.696,0.0,12.49,12.49,0.0
2011-02-04,3.489,3.489,0.0,8.349,8.349,0.0,12.12,12.12,0.0
2011-02-05,3.475,3.475,0.0,10.19,10.19,0.0,14.17,14.17,0.0
2011-02-06,3.207,3.207,0.0,8.833,8.833,0.0,12.4,12.4,0.0
2011-02-07,3.224,3.224,0.0,9.068,9.068,0.0,12.91,12.91,0.0
2011-02-08,3.35,3.35,0.0,9.013,9.013,0.0,13.02,13.02,0.0
2011-02-09,3.246,3.246,0.0,8.357,8.357,0.0,12.17,12.17,0.0
2011-02-10,3.187,3.187,0.0,8.335,8.335,0.0,11.85,11.85,0.0
2011-02-11,3.066,3.066,0.0,8.371,8.371,0.0,11.95,11.95,0.0
2011-02-12,3.098,3.098,0.0,8.444,8.444,0.0,12.09,12.09,0.0
2011-02-13,3.132,3.132,0.0,10.07,10.07,0.0,13.71,13.71,0.0
2011-02-14,3.13,3.13,0.0,10.41,10.41,0.0,14.18,14.18,0.0
2011-02-15,3.06,3.06,0.0,9.025,9.025,0.0,12.45,12.45,0.0
2011-02-16,3.009,3.009,0.0,9.473,9.473,0.0,13.03,13.03,0.0
2011-02-17,3.257,3.257,0.0,10.74,10.74,0.0,14.64,14.64,0.0
2011-02-18,4.394,4.394,0.0,11.91,11.91,0.0,16.66,16.66,0.0
2011-02-19,4.876,4.876,0.0,12.24,12.24,0.0,17.45,17.45,0.0
2011-02-20,5.086,5.086,0.0,11.66,11.66,0.0,17.19,17.19,0.0
2011-02-21,5.715,5.715,0.0,14.92,14.92,0.0,21.51,21.51,0.0
2011-02-22,4.549,4.549,0.0,13.41,13.41,0.0,18.6,18.6,0.0
2011-02-23,4.92,4.92,0.0,13.9,13.9,0.0,19.27,19.27,0.0
2011-02-24,5.848,5.848,0.0,15.19,15.19,0.0,21.72,21.72,0.0
2011-02-25,6.068,6.068,0.0,15.29,15.29,0.0,21.98,21.98,0.0
2011-02-26,5.933,5.933,0.0,15.16,15.16,0.0,21.35,21.35,0.0
2011-02-27,5.406,5.406,0.0,15.62,15.62,0.0,22.0,22.0,0.0
2011-02-28,6.675,6.675,0.0,18.05,18.05,0.0,25.41,25.41,0.0
2011-03-01,6.329,6.329,0.0,17.46,17.46,0.0,24.22,24.22,0.0
2011-03-02,6.426,6.426,0.0,16.55,16.55,0.0,23.41,23.41,0.0
2011-03-03,6.09,6.09,0.0,16.9,16.9,0.0,23.41,23.41,0.0
2011-03-04,5.856,5.856,0.0,16.52,16.52,0.0,22.91,22.91,0.0
2011-03-05,7.169,7.169,0.0,18.23,18.23,0.0,25.72,25.72,0.0
2011-03-06,12.11,12.11,0.0,22.3,22.3,0.0,33.28,33.28,0.0
2011-03-07,8.501,8.501,0.0,18.58,18.58,0.0,27.27,27.27,0.0
2011-03-08,8.255,8.255,0.0,19.21,19.21,0.0,27.64,27.64,0.0
2011-03-09,8.091,8.091,0.0,20.06,20.06,0.0,28.78,28.78,0.0
2011-03-10,13.91,13.91,0.0,23.77,23.77,0.0,36.14,36.14,0.0
2011-03-11,9.734,9.734,0.0,23.27,23.27,0.0,33.58,33.58,0.0
2011-03-12,9.702,9.702,0.0,20.99,20.99,0.0,30.98,30.98,0.0
2011-03-13,9.163,9.163,0.0,20.71,20.71,0.0,30.19,30.19,0.0
2011-03-14,8.91,8.91,0.0,20.88,20.88,0.0,29.82,29.82,0.0
2011-03-15,9.426,9.426,0.0,22.04,22.04,0.0,31.78,31.78,0.0
2011-03-16,9.633,9.633,0.0,22.3,22.3,0.0,32.18,32.18,0.0
2011-03-17,9.459,9.459,0.0,20.87,20.87,0.0,30.59,30.59,0.0
2011-03-18,9.963,9.963,0.0,21.95,21.95,0.0,31.92,31.92,0.0
2011-03-19,9.259,9.259,0.0,21.26,21.26,0.0,30.6,30.6,0.0
2011-03-20,9.58,9.58,0.0,22.63,22.63,0.0,32.69,32.69,0.0
2011-03-21,10.71,10.71,0.0,24.0,24.0,0.0,35.0,35.0,0.0
2011-03-22,10.49,10.49,0.0,23.1,23.1,0.0,33.8,33.8,0.0
2011-03-23,11.62,11.62,0.0,24.54,24.54,0.0,36.56,36.56,0.0
2011-03-24,10.25,10.25,0.0,24.39,24.39,0.0,35.26,35.26,0.0
2011-03-25,10.31,10.31,0.0,23.91,23.91,0.0,34.41,34.41,0.0
2011-03-26,10.69,10.69,0.0,24.52,24.52,0.0,35.51,35.51,0.0
2011-03-27,10.65,10.65,0.0,23.76,23.76,0.0,34.67,34.67,0.0
2011-03-28,10.07,10.07,0.0,22.8,22.8,0.0,33.27,33.27,0.0
2011-03-29,9.858,9.858,0.0,22.96,22.96,0.0,33.03,33.03,0.0
2011-03-30,10.23,10.23,0.0,23.77,23.77,0.0,34.38,34.38,0.0
2011-03-31,10.6,10.6,0.0,23.79,23.79,0.0,34.64,34.64,0.0
2011-04-01,10.51,10.51,0.0,22.97,22.97,0.0,34.0,34.0,0.0
2011-04-02,10.46,10.46,0.0,23.53,23.53,0.0,34.84,34.84,0.0
2011-04-03,9.977,9.977,0.0,24.65,24.65,0.0,35.07,35.07,0.0
2011-04-04,11.26,11.26,0.0,25.55,25.55,0.0,37.33,37.33,0.0
2011-04-05,11.47,11.47,0.0,25.87,25.87,0.0,37.6,37.6,0.0
2011-04-06,11.19,11.19,0.0,25.12,25.12,0.0,36.64,36.64,0.0
2011-04-07,10.81,10.81,0.0,23.95,23.95,0.0,35.27,35.27,0.0
2011-04-08,10.97,10.97,0.0,24.95,24.95,0.0,36.57,36.57,0.0
2011-04-09,11.14,11.14,0.0,25.36,25.36,0.0,36.94,36.94,0.0
2011-04-10,11.22,11.22,0.0,25.52,25.52,0.0,36.97,36.97,0.0
2011-04-11,12.2,12.2,0.0,26.36,26.36,0.0,38.95,38.95,0.0
2011-04-12,21.46,21.46,0.0,32.26,32.26,0.0,50.68,50.68,0.0
2011-04-13,14.29,14.29,0.0,28.84,28.84,0.0,43.53,43.53,0.0
2011-04-14,12.83,12.83,0.0,26.68,26.68,0.0,39.72,39.72,0.0
2011-04-15,12.7,12.7,0.0,27.7,27.7,0.0,40.63,40.63,0.0
2011-04-16,19.38,19.38,0.0,32.01,32.01,0.0,50.16,50.16,0.0
2011-04-17,15.22,15.22,0.0,30.02,30.02,0.0,45.53,45.53,0.0
2011-04-18,14.74,14.74,0.0,28.19,28.19,0.0,43.2,43.2,0.0
2011-04-19,13.73,13.73,0.0,30.4,30.4,0.0,45.68,45.68,0.0
2011-04-20,14.11,14.11,0.0,29.19,29.19,0.0,43.41,43.41,0.0
2011-04-21,14.3,14.3,0.0,29.55,29.55,0.0,44.18,44.18,0.0
2011-04-22,16.35,16.35,0.0,31.06,31.06,0.0,47.72,47.72,0.0
2011-04-23,15.74,15.74,0.0,32.31,32.31,0.0,49.06,49.06,0.0
2011-04-24,14.0,14.0,0.0,29.82,29.82,0.0,45.35,45.35,0.0
2011-04-25,15.07,15.07,0.0,29.95,29.95,0.0,45.09,45.09,0.0
2011-04-26,15.93,15.93,0.0,31.95,31.95,0.0,48.55,48.55,0.0
2011-04-27,24.41,24.41,0.0,38.5,38.5,0.0,61.44,61.44,0.0
2011-04-28,24.43,24.43,0.0,35.57,35.57,0.0,57.69,57.69,0.0
2011-04-29,18.27,18.27,0.0,33.07,33.07,0.0,51.6,51.6,0.0
2011-04-30,16.16,16.16,0.0,31.83,31.83,0.0,48.55,48.55,0.0
2011-05-01,17.01,17.01,0.0,32.75,32.75,0.0,50.04,50.04,0.0
2011-05-02,17.25,17.25,0.0,32.71,32.71,0.0,50.17,50.17,0.0
2011-05-03,18.56,18.56,0.0,33.56,33.56,0.0,52.57,52.57,0.0
2011-05-04,17.21,17.21,0.0,32.68,32.68,0.0,50.39,50.39,0.0
2011-05-05,16.87,16.87,0.0,32.26,32.26,0.0,49.43,49.43,0.0
2011-05-06,17.3,17.3,0.0,32.73,32.73,0.0,50.27,50.27,0.0
2011-05-07,17.38,17.38,0.0,32.53,32.53,0.0,50.14,50.14,0.0
2011-05-08,16.95,16.95,0.0,31.01,31.01,0.0,48.12,48.12,0.0
2011-05-09,16.11,16.11,0.0,30.97,30.97,0.0,47.35,47.35,0.0
2011-05-10,16.63,16.63,0.0,31.44,31.44,0.0,48.17,48.17,0.0
2011-05-11,16.63,16.63,0.0,31.22,31.22,0.0,47.96,47.96,0.0
2011-05-12,16.76,16.76,0.0,31.82,31.82,0.0,48.9,48.9,0.0
2011-05-13,16.31,16.31,0.0,33.0,33.0,0.0,50.5,50.5,0.0
2011-05-14,16.08,16.08,0.0,30.52,30.52,0.0,47.15,47.15,0.0
2011-05-15,16.79,16.79,0.0,31.97,31.97,0.0,49.18,49.18,0.0
2011-05-16,18.54,18.54,0.0,34.54,34.54,0.0,54.13,54.13,0.0
2011-05-17,22.82,22.82,0.0,41.55,41.55,0.0,65.59,65.59,0.0
2011-05-18,20.15,20.15,0.0,37.79,37.79,0.0,59.2,59.2,0.0
2011-05-19,19.19,19.19,0.0,36.17,36.17,0.0,56.62,56.62,0.0
2011-05-20,17.3,17.3,0.0,33.19,33.19,0.0,51.62,51.62,0.0
2011-05-21,17.99,17.99,0.0,34.38,34.38,0.0,53.31,53.31,0.0
2011-05-22,18.7,18.7,0.0,35.2,35.2,0.0,54.77,54.77,0.0
2011-05-23,18.21,18.21,0.0,35.05,35.05,0.0,54.37,54.37,0.0
2011-05-24,17.41,17.41,0.0,33.84,33.84,0.0,52.27,52.27,0.0
2011-05-25,17.71,17.71,0.0,33.51,33.51,0.0,52.02,52.02,0.0
2011-05-26,18.93,18.93,0.0,35.11,35.11,0.0,54.84,54.84,0.0
2011-05-27,18.64,18.64,0.0,35.72,35.72,0.0,55.53,55.53,0.0
2011-05-28,17.88,17.88,0.0,34.66,34.66,0.0,53.57,53.57,0.0
2011-05-29,17.02,17.02,0.0,33.0,33.0,0.0,50.77,50.77,0.0
2011-05-30,17.37,17.37,0.0,32.93,32.93,0.0,51.02,51.02,0.0
2011-05-31,17.41,17.41,0.0,33.27,33.27,0.0,51.41,51.41,0.0
2011-06-01,17.08,17.08,0.0,32.98,32.98,0.0,50.9,50.9,0.0
2011-06-02,16.39,16.39,0.0,31.96,31.96,0.0,49.28,49.28,0.0
2011-06-03,16.63,16.63,0.0,31.49,31.49,0.0,48.62,48.62,0.0
2011-06-04,16.7,16.7,0.0,31.95,31.95,0.0,49.35,49.35,0.0
2011-06-05,16.49,16.49,0.0,31.65,31.65,0.0,48.77,48.77,0.0
2011-06-06,16.0,16.0,0.0,30.87,30.87,0.0,47.54,47.54,0.0
2011-06-07,15.66,15.66,0.0,30.31,30.31,0.0,46.55,46.55,0.0
2011-06-08,15.75,15.75,0.0,29.99,29.99,0.0,46.31,46.31,0.0
2011-06-09,16.04,16.04,0.0,30.47,30.47,0.0,47.21,47.21,0.0
2011-06-10,16.1,16.1,0.0,31.26,31.26,0.0,48.64,48.64,0.0
2011-06-11,15.44,15.44,0.0,29.7,29.7,0.0,45.75,45.75,0.0
2011-06-12,15.28,15.28,0.0,28.91,28.91,0.0,44.73,44.73,0.0
2011-06-13,15.28,15.28,0.0,28.97,28.97,0.0,44.78,44.78,0.0
2011-06-14,15.18,15.18,0.0,28.78,28.78,0.0,44.47,44.47,0.0
2011-06-15,14.91,14.91,0.0,28.35,28.35,0.0,43.88,43.88,0.0
2011-06-16,14.56,14.56,0.0,28.19,28.19,0.0,43.35,43.35,0.0
2011-06-17,14.62,14.62,0.0,27.74,27.74,0.0,42.91,42.91,0.0
2011-06-18,14.86,14.86,0.0,28.7,28.7,0.0,44.55,44.55,0.0
2011-06-19,15.41,15.41,0.0,30.28,30.28,0.0,47.3,47.3,0.0
2011-06-20,14.47,14.47,0.0,28.62,28.62,0.0,44.04,44.04,0.0
2011-06-21,14.31,14.31,0.0,29.02,29.02,0.0,44.37,44.37,0.0
2011-06-22,14.16,14.16,0.0,27.75,27.75,0.0,42.44,42.44,0.0
2011-06-23,14.08,14.08,0.0,27.29,27.29,0.0,41.93,41.93,0.0
2011-06-24,13.93,13.93,0.0,27.51,27.51,0.0,42.13,42.13,0.0
2011-06-25,13.69,13.69,0.0,27.08,27.08,0.0,41.35,41.35,0.0
2011-06-26,13.38,13.38,0.0,26.71,26.71,0.0,40.74,40.74,0.0
2011-06-27,13.54,13.54,0.0,26.42,26.42,0.0,40.65,40.65,0.0
2011-06-28,13.33,13.33,0.0,26.16,26.16,0.0,40.01,40.01,0.0
2011-06-29,13.13,13.13,0.0,25.94,25.94,0.0,39.63,39.63,0.0
2011-06-30,12.96,12.96,0.0,25.69,25.69,0.0,39.16,39.16,0.0
2011-07-01,12.66,12.66,0.0,25.05,25.05,0.0,38.21,38.21,0.0
2011-07-02,12.66,12.66,0.0,24.79,24.79,0.0,37.93,37.93,0.0
2011-07-03,12.69,12.69,0.0,25.25,25.25,0.0,38.69,38.69,0.0
2011-07-04,12.74,12.74,0.0,25.29,25.29,0.0,38.84,38.84,0.0
2011-07-05,12.33,12.33,0.0,24.52,24.52,0.0,37.34,37.34,0.0
2011-07-06,12.14,12.14,0.0,23.91,23.91,0.0,36.46,36.46,0.0
2011-07-07,12.09,12.09,0.0,23.65,23.65,0.0,36.16,36.16,0.0
2011-07-08,12.39,12.39,0.0,24.68,24.68,0.0,38.05,38.05,0.0
2011-07-09,11.85,11.85,0.0,23.5,23.5,0.0,35.87,35.87,0.0
2011-07-10,11.7,11.7,0.0,23.06,23.06,0.0,35.18,35.18,0.0
2011-07-11,11.54,11.54,0.0,22.72,22.72,0.0,34.7,34.7,0.0
2011-07-12,11.46,11.46,0.0,22.6,22.6,0.0,34.47,34.47,0.0
2011-07-13,11.49,11.49,0.0,22.9,22.9,0.0,35.09,35.09,0.0
2011-07-14,11.21,11.21,0.0,22.21,22.21,0.0,33.82,33.82,0.0
2011-07-15,10.96,10.96,0.0,21.8,21.8,0.0,33.2,33.2,0.0
2011-07-16,10.91,10.91,0.0,21.43,21.43,0.0,32.68,32.68,0.0
2011-07-17,10.79,10.79,0.0,21.34,21.34,0.0,32.51,32.51,0.0
2011-07-18,10.81,10.81,0.0,21.39,21.39,0.0,32.72,32.72,0.0
2011-07-19,10.69,10.69,0.0,21.17,21.17,0.0,32.35,32.35,0.0
2011-07-20,10.39,10.39,0.0,20.64,20.64,0.0,31.43,31.43,0.0
2011-07-21,10.32,10.32,0.0,20.27,20.27,0.0,30.9,30.9,0.0
2011-07-22,10.26,10.26,0.0,20.35,20.35,0.0,31.09,31.09,0.0
2011-07-23,10.24,10.24,0.0,20.32,20.32,0.0,31.12,31.12,0.0
2011-07-24,10.08,10.08,0.0,20.2,20.2,0.0,30.85,30.85,0.0
2011-07-25,9.884,9.884,0.0,19.52,19.52,0.0,29.8,29.8,0.0
2011-07-26,9.777,9.777,0.0,19.43,19.43,0.0,29.61,29.61,0.0
2011-07-27,9.623,9.623,0.0,19.05,19.05,0.0,28.99,28.99,0.0
2011-07-28,9.518,9.518,0.0,18.8,18.8,0.0,28.6,28.6,0.0
2011-07-29,9.353,9.353,0.0,18.5,18.5,0.0,28.17,28.17,0.0
2011-07-30,9.259,9.259,0.0,18.35,18.35,0.0,27.88,27.88,0.0
2011-07-31,9.169,9.169,0.0,18.16,18.16,0.0,27.61,27.61,0.0
2011-08-01,9.071,9.071,0.0,17.89,17.89,0.0,27.23,27.23,0.0
2011-08-02,8.959,8.959,0.0,17.7,17.7,0.0,26.97,26.97,0.0
2011-08-03,8.892,8.892,0.0,17.61,17.61,0.0,26.83,26.83,0.0
2011-08-04,8.753,8.753,0.0,17.29,17.29,0.0,26.3,26.3,0.0
2011-08-05,8.655,8.655,0.0,17.04,17.04,0.0,25.95,25.95,0.0
2011-08-06,9.099,9.099,0.0,18.12,18.12,0.0,27.98,27.98,0.0
2011-08-07,8.691,8.691,0.0,17.21,17.21,0.0,26.29,26.29,0.0
2011-08-08,8.588,8.588,0.0,17.03,17.03,0.0,25.96,25.96,0.0
2011-08-09,8.513,8.513,0.0,16.91,16.91,0.0,25.8,25.8,0.0
2011-08-10,8.317,8.317,0.0,16.37,16.37,0.0,24.92,24.92,0.0
2011-08-11,8.246,8.246,0.0,16.22,16.22,0.0,24.68,24.68,0.0
2011-08-12,8.133,8.133,0.0,16.04,16.04,0.0,24.4,24.4,0.0
2011-08-13,8.863,8.863,0.0,16.69,16.69,0.0,25.87,25.87,0.0
2011-08-14,8.571,8.571,0.0,16.61,16.61,0.0,25.63,25.63,0.0
2011-08-15,8.331,8.331,0.0,15.99,15.99,0.0,24.59,24.59,0.0
2011-08-16,8.136,8.136,0.0,15.63,15.63,0.0,23.94,23.94,0.0
2011-08-17,8.058,8.058,0.0,15.46,15.46,0.0,23.67,23.67,0.0
2011-08-18,7.969,7.969,0.0,15.29,15.29,0.0,23.39,23.39,0.0
2011-08-19,7.956,7.956,0.0,15.3,15.3,0.0,23.48,23.48,0.0
2011-08-20,7.804,7.804,0.0,14.91,14.91,0.0,22.85,22.85,0.0
2011-08-21,7.878,7.878,0.0,15.29,15.29,0.0,23.55,23.55,0.0
2011-08-22,7.626,7.626,0.0,14.66,14.66,0.0,22.43,22.43,0.0
2011-08-23,7.54,7.54,0.0,14.49,14.49,0.0,22.14,22.14,0.0
2011-08-24,7.459,7.459,0.0,14.32,14.32,0.0,21.9,21.9,0.0
2011-08-25,7.777,7.777,0.0,15.29,15.29,0.0,23.73,23.73,0.0
2011-08-26,7.297,7.297,0.0,14.12,14.12,0.0,21.58,21.58,0.0
2011-08-27,7.311,7.311,0.0,14.23,14.23,0.0,21.83,21.83,0.0
2011-08-28,7.191,7.191,0.0,13.97,13.97,0.0,21.37,21.37,0.0
2011-08-29,7.182,7.182,0.0,13.94,13.94,0.0,21.36,21.36,0.0
2011-08-30,7.003,7.003,0.0,13.49,13.49,0.0,20.62,20.62,0.0
2011-08-31,6.907,6.907,0.0,13.36,13.36,0.0,20.39,20.39,0.0
2011-09-01,6.995,6.995,0.0,13.65,13.65,0.0,20.97,20.97,0.0
2011-09-02,6.767,6.767,0.0,13.1,13.1,0.0,19.99,19.99,0.0
2011-09-03,6.706,6.706,0.0,12.94,12.94,0.0,19.73,19.73,0.0
2011-09-04,7.153,7.153,0.0,14.21,14.21,0.0,22.07,22.07,0.0
2011-09-05,9.249,9.249,0.0,15.78,15.78,0.0,25.59,25.59,0.0
2011-09-06,8.386,8.386,0.0,16.86,16.86,0.0,26.43,26.43,0.0
2011-09-07,7.548,7.548,0.0,14.95,14.95,0.0,22.76,22.76,0.0
2011-09-08,7.469,7.469,0.0,14.78,14.78,0.0,22.44,22.44,0.0
2011-09-09,7.417,7.417,0.0,14.7,14.7,0.0,22.35,22.35,0.0
2011-09-10,7.313,7.313,0.0,14.43,14.43,0.0,21.94,21.94,0.0
2011-09-11,7.224,7.224,0.0,14.06,14.06,0.0,21.49,21.49,0.0
2011-09-12,7.13,7.13,0.0,14.08,14.08,0.0,21.42,21.42,0.0
2011-09-13,7.06,7.06,0.0,13.99,13.99,0.0,21.23,21.23,0.0
2011-09-14,7.103,7.103,0.0,14.21,14.21,0.0,21.64,21.64,0.0
2011-09-15,6.976,6.976,0.0,13.98,13.98,0.0,21.24,21.24,0.0
2011-09-16,6.83,6.83,0.0,13.53,13.53,0.0,20.55,20.55,0.0
2011-09-17,6.737,6.737,0.0,13.47,13.47,0.0,20.4,20.4,0.0
2011-09-18,6.671,6.671,0.0,13.39,13.39,0.0,20.23,20.23,0.0
2011-09-19,6.709,6.709,0.0,13.61,13.61,0.0,20.61,20.61,0.0
2011-09-20,6.673,6.673,0.0,13.56,13.56,0.0,20.52,20.52,0.0
2011-09-21,6.517,6.517,0.0,13.28,13.28,0.0,19.98,19.98,0.0
2011-09-22,6.445,6.445,0.0,12.97,12.97,0.0,19.61,19.61,0.0
2011-09-23,6.652,6.652,0.0,13.62,13.62,0.0,20.67,20.67,0.0
2011-09-24,6.479,6.479,0.0,13.4,13.4,0.0,20.18,20.18,0.0
2011-09-25,6.356,6.356,0.0,13.03,13.03,0.0,19.6,19.6,0.0
2011-09-26,6.287,6.287,0.0,12.94,12.94,0.0,19.44,19.44,0.0
2011-09-27,6.263,6.263,0.0,12.88,12.88,0.0,19.46,19.46,0.0
2011-09-28,6.14,6.14,0.0,12.73,12.73,0.0,19.1,19.1,0.0
2011-09-29,6.09,6.09,0.0,12.63,12.63,0.0,18.96,18.96,0.0
2011-09-30,6.104,6.104,0.0,12.92,12.92,0.0,19.36,19.36,0.0
2011-10-01,6.387,6.387,0.0,14.11,14.11,0.0,21.22,21.22,0.0
2011-10-02,6.251,6.251,0.0,14.26,14.26,0.0,21.19,21.19,0.0
2011-10-03,6.204,6.204,0.0,14.44,14.44,0.0,21.27,21.27,0.0
2011-10-04,6.029,6.029,0.0,14.11,14.11,0.0,20.61,20.61,0.0
2011-10-05,5.956,5.956,0.0,13.39,13.39,0.0,19.82,19.82,0.0
2011-10-06,5.896,5.896,0.0,13.31,13.31,0.0,19.59,19.59,0.0
2011-10-07,5.814,5.814,0.0,13.48,13.48,0.0,19.73,19.73,0.0
2011-10-08,5.76,5.76,0.0,13.46,13.46,0.0,19.66,19.66,0.0
2011-10-09,5.71,5.71,0.0,12.93,12.93,0.0,19.07,19.07,0.0
2011-10-10,5.733,5.733,0.0,12.94,12.94,0.0,19.02,19.02,0.0
2011-10-11,5.869,5.869,0.0,13.53,13.53,0.0,19.98,19.98,0.0
2011-10-12,6.182,6.182,0.0,14.04,14.04,0.0,20.8,20.8,0.0
2011-10-13,6.3,6.3,0.0,14.38,14.38,0.0,21.25,21.25,0.0
2011-10-14,6.381,6.381,0.0,15.12,15.12,0.0,22.36,22.36,0.0
2011-10-15,6.085,6.085,0.0,13.82,13.82,0.0,20.54,20.54,0.0
2011-10-16,5.992,5.992,0.0,13.86,13.86,0.0,20.49,20.49,0.0
2011-10-17,5.945,5.945,0.0,13.96,13.96,0.0,20.37,20.37,0.0
2011-10-18,5.892,5.892,0.0,13.99,13.99,0.0,20.35,20.35,0.0
2011-10-19,6.077,6.077,0.0,14.43,14.43,0.0,21.19,21.19,0.0
2011-10-20,6.015,6.015,0.0,13.86,13.86,0.0,20.6,20.6,0.0
2011-10-21,5.784,5.784,0.0,13.64,13.64,0.0,20.08,20.08,0.0
2011-10-22,5.757,5.757,0.0,13.7,13.7,0.0,20.04,20.04,0.0
2011-10-23,5.717,5.717,0.0,13.72,13.72,0.0,19.94,19.94,0.0
2011-10-24,5.663,5.663,0.0,13.34,13.34,0.0,19.56,19.56,0.0
2011-10-25,5.575,5.575,0.0,13.03,13.03,0.0,19.19,19.19,0.0
2011-10-26,5.689,5.689,0.0,14.07,14.07,0.0,20.66,20.66,0.0
2011-10-27,5.686,5.686,0.0,14.72,14.72,0.0,21.32,21.32,0.0
2011-10-28,5.777,5.777,0.0,14.82,14.82,0.0,21.48,21.48,0.0
2011-10-29,5.846,5.846,0.0,14.8,14.8,0.0,21.55,21.55,0.0
2011-10-30,5.705,5.705,0.0,14.63,14.63,0.0,21.0,21.0,0.0
2011-10-31,5.61,5.61,0.0,13.87,13.87,0.0,20.24,20.24,0.0
2011-11-01,5.5,5.5,0.0,13.97,13.97,0.0,20.2,20.2,0.0
2011-11-02,5.457,5.457,0.0,14.15,14.15,0.0,20.36,20.36,0.0
2011-11-03,5.413,5.413,0.0,14.01,14.01,0.0,20.11,20.11,0.0
2011-11-04,5.311,5.311,0.0,13.42,13.42,0.0,19.46,19.46,0.0
2011-11-05,5.295,5.295,0.0,13.54,13.54,0.0,19.51,19.51,0.0
2011-11-06,5.238,5.238,0.0,13.51,13.51,0.0,19.46,19.46,0.0
2011-11-07,5.193,5.193,0.0,13.48,13.48,0.0,19.38,19.38,0.0
2011-11-08,5.126,5.126,0.0,12.98,12.98,0.0,18.74,18.74,0.0
2011-11-09,5.027,5.027,0.0,12.93,12.93,0.0,18.65,18.65,0.0
2011-11-10,5.058,5.058,0.0,13.07,13.07,0.0,18.83,18.83,0.0
2011-11-11,4.999,4.999,0.0,13.04,13.04,0.0,18.76,18.76,0.0
2011-11-12,4.9,4.9,0.0,12.59,12.59,0.0,18.16,18.16,0.0
2011-11-13,4.857,4.857,0.0,12.46,12.46,0.0,17.92,17.92,0.0
2011-11-14,4.912,4.912,0.0,12.99,12.99,0.0,18.8,18.8,0.0
2011-11-15,5.027,5.027,0.0,13.51,13.51,0.0,19.47,19.47,0.0
2011-11-16,5.731,5.731,0.0,15.11,15.11,0.0,22.11,22.11,0.0
2011-11-17,5.504,5.504,0.0,14.55,14.55,0.0,21.02,21.02,0.0
2011-11-18,5.403,5.403,0.0,14.44,14.44,0.0,20.72,20.72,0.0
2011-11-19,5.253,5.253,0.0,13.43,13.43,0.0,19.37,19.37,0.0
2011-11-20,5.292,5.292,0.0,14.18,14.18,0.0,20.47,20.47,0.0
2011-11-21,5.571,5.571,0.0,14.99,14.99,0.0,21.63,21.63,0.0
2011-11-22,6.837,6.837,0.0,18.76,18.76,0.0,27.32,27.32,0.0
2011-11-23,6.513,6.513,0.0,18.77,18.77,0.0,26.6,26.6,0.0
2011-11-24,6.337,6.337,0.0,17.47,17.47,0.0,24.77,24.77,0.0
2011-11-25,6.001,6.001,0.0,16.44,16.44,0.0,23.38,23.38,0.0
2011-11-26,5.916,5.916,0.0,15.6,15.6,0.0,22.63,22.63,0.0
2011-11-27,6.008,6.008,0.0,16.31,16.31,0.0,23.41,23.41,0.0
2011-11-28,6.826,6.826,0.0,17.63,17.63,0.0,25.64,25.64,0.0
2011-11-29,7.727,7.727,0.0,19.27,19.27,0.0,28.35,28.35,0.0
2011-11-30,7.555,7.555,0.0,18.73,18.73,0.0,27.4,27.4,0.0
2011-12-01,7.061,7.061,0.0,16.39,16.39,0.0,24.15,24.15,0.0
2011-12-02,6.894,6.894,0.0,17.5,17.5,0.0,25.38,25.38,0.0
2011-12-03,6.979,6.979,0.0,17.86,17.86,0.0,25.83,25.83,0.0
2011-12-04,6.912,6.912,0.0,17.87,17.87,0.0,25.68,25.68,0.0
2011-12-05,7.244,7.244,0.0,16.91,16.91,0.0,24.93,24.93,0.0
2011-12-06,8.123,8.123,0.0,18.32,18.32,0.0,27.27,27.27,0.0
2011-12-07,12.93,12.93,0.0,24.61,24.61,0.0,37.92,37.92,0.0
2011-12-08,9.78,9.78,0.0,20.82,20.82,0.0,31.42,31.42,0.0
2011-12-09,9.119,9.119,0.0,20.23,20.23,0.0,30.23,30.23,0.0
2011-12-10,8.582,8.582,0.0,19.83,19.83,0.0,29.11,29.11,0.0
2011-12-11,9.035,9.035,0.0,19.14,19.14,0.0,28.84,28.84,0.0
2011-12-12,9.138,9.138,0.0,19.48,19.48,0.0,29.29,29.29,0.0
2011-12-13,8.657,8.657,0.0,19.35,19.35,0.0,28.68,28.68,0.0
2011-12-14,8.652,8.652,0.0,18.99,18.99,0.0,28.4,28.4,0.0
2011-12-15,8.667,8.667,0.0,18.9,18.9,0.0,28.25,28.25,0.0
2011-12-16,8.71,8.71,0.0,19.17,19.17,0.0,28.52,28.52,0.0
2011-12-17,8.558,8.558,0.0,18.74,18.74,0.0,27.96,27.96,0.0
2011-12-18,8.076,8.076,0.0,18.86,18.86,0.0,27.71,27.71,0.0
2011-12-19,8.318,8.318,0.0,17.88,17.88,0.0,26.73,26.73,0.0
2011-12-20,8.356,8.356,0.0,18.29,18.29,0.0,27.22,27.22,0.0
2011-12-21,8.751,8.751,0.0,18.71,18.71,0.0,28.05,28.05,0.0
2011-12-22,9.952,9.952,0.0,20.43,20.43,0.0,31.27,31.27,0.0
2011-12-23,9.688,9.688,0.0,20.37,20.37,0.0,30.8,30.8,0.0
2011-12-24,8.999,8.999,0.0,19.64,19.64,0.0,29.21,29.21,0.0
2011-12-25,8.737,8.737,0.0,18.55,18.55,0.0,27.9,27.9,0.0
2011-12-26,9.012,9.012,0.0,19.2,19.2,0.0,28.78,28.78,0.0
2011-12-27,9.916,9.916,0.0,20.38,20.38,0.0,31.11,31.11,0.0
2011-12-28,9.615,9.615,0.0,19.65,19.65,0.0,29.81,29.81,0.0
2011-12-29,8.879,8.879,0.0,18.74,18.74,0.0,28.25,28.25,0.0
2011-12-30,9.088,9.088,0.0,18.91,18.91,0.0,28.53,28.53,0.0
2011-12-31,9.255,9.255,0.0,19.18,19.18,0.0,28.98,28.98,0.0
2012-01-01,9.37,9.37,0.0,19.32,19.32,0.0,29.23,29.23,0.0
2012-01-02,8.894,8.894,0.0,19.23,19.23,0.0,28.88,28.88,0.0
2012-01-03,8.828,8.828,0.0,18.01,18.01,0.0,27.46,27.46,0.0
2012-01-04,8.92,8.92,0.0,18.21,18.21,0.0,27.51,27.51,0.0
2012-01-05,8.928,8.928,0.0,18.39,18.39,0.0,27.75,27.75,0.0
2012-01-06,8.88,8.88,0.0,18.45,18.45,0.0,27.79,27.79,0.0
2012-01-07,8.356,8.356,0.0,17.91,17.91,0.0,26.82,26.82,0.0
2012-01-08,8.408,8.408,0.0,17.2,17.2,0.0,26.06,26.06,0.0
2012-01-09,8.481,8.481,0.0,17.53,17.53,0.0,26.47,26.47,0.0
2012-01-10,8.963,8.963,0.0,18.21,18.21,0.0,27.37,27.37,0.0
2012-01-11,8.73,8.73,0.0,18.4,18.4,0.0,28.1,28.1,0.0
2012-01-12,12.65,12.65,0.0,24.14,24.14,0.0,37.62,37.62,0.0
2012-01-13,8.811,8.811,0.0,18.41,18.41,0.0,28.14,28.14,0.0
2012-01-14,8.404,8.404,0.0,17.45,17.45,0.0,26.51,26.51,0.0
2012-01-15,8.447,8.447,0.0,17.05,17.05,0.0,25.87,25.87,0.0
2012-01-16,8.331,8.331,0.0,17.25,17.25,0.0,26.13,26.13,0.0
2012-01-17,11.07,11.07,0.0,25.73,25.73,0.0,36.45,36.45,0.0
2012-01-18,8.515,8.515,0.0,17.66,17.66,0.0,26.69,26.69,0.0
2012-01-19,8.31,8.31,0.0,17.17,17.17,0.0,25.95,25.95,0.0
2012-01-20,8.416,8.416,0.0,16.64,16.64,0.0,25.58,25.58,0.0
2012-01-21,8.586,8.586,0.0,17.08,17.08,0.0,25.84,25.84,0.0
2012-01-22,8.079,8.079,0.0,16.34,16.34,0.0,24.84,24.84,0.0
2012-01-23,8.426,8.426,0.0,17.93,17.93,0.0,26.68,26.68,0.0
2012-01-24,8.255,8.255,0.0,17.25,17.25,0.0,25.89,25.89,0.0
2012-01-25,8.193,8.193,0.0,17.12,17.12,0.0,25.64,25.64,0.0
2012-01-26,9.542,9.542,0.0,18.61,18.61,0.0,28.5,28.5,0.0
2012-01-27,10.9,10.9,0.0,20.48,20.48,0.0,31.41,31.41,0.0
2012-01-28,10.43,10.43,0.0,19.65,19.65,0.0,30.2,30.2,0.0
2012-01-29,9.921,9.921,0.0,19.12,19.12,0.0,29.02,29.02,0.0
2012-01-30,9.226,9.226,0.0,18.42,18.42,0.0,27.9,27.9,0.0
2012-01-31,9.806,9.806,0.0,19.07,19.07,0.0,28.95,28.95,0.0
2012-02-01,10.42,10.42,0.0,20.49,20.49,0.0,30.99,30.99,0.0
2012-02-02,10.72,10.72,0.0,20.77,20.77,0.0,31.41,31.41,0.0
2012-02-03,10.24,10.24,0.0,20.51,20.51,0.0,30.64,30.64,0.0
2012-02-04,9.949,9.949,0.0,20.3,20.3,0.0,30.42,30.42,0.0
2012-02-05,10.32,10.32,0.0,19.82,19.82,0.0,30.16,30.16,0.0
2012-02-06,10.37,10.37,0.0,20.42,20.42,0.0,30.72,30.72,0.0
2012-02-07,10.15,10.15,0.0,20.58,20.58,0.0,30.74,30.74,0.0
2012-02-08,9.615,9.615,0.0,19.46,19.46,0.0,29.25,29.25,0.0
2012-02-09,9.923,9.923,0.0,19.49,19.49,0.0,29.26,29.26,0.0
2012-02-10,10.04,10.04,0.0,19.78,19.78,0.0,29.76,29.76,0.0
2012-02-11,10.08,10.08,0.0,20.15,20.15,0.0,30.29,30.29,0.0
2012-02-12,9.545,9.545,0.0,19.53,19.53,0.0,29.07,29.07,0.0
2012-02-13,9.321,9.321,0.0,18.53,18.53,0.0,27.78,27.78,0.0
2012-02-14,9.582,9.582,0.0,18.87,18.87,0.0,28.47,28.47,0.0
2012-02-15,9.598,9.598,0.0,20.86,20.86,0.0,30.38,30.38,0.0
2012-02-16,10.11,10.11,0.0,20.37,20.37,0.0,30.43,30.43,0.0
2012-02-17,9.2,9.2,0.0,18.76,18.76,0.0,28.05,28.05,0.0
2012-02-18,9.458,9.458,0.0,18.5,18.5,0.0,27.84,27.84,0.0
2012-02-19,9.266,9.266,0.0,18.8,18.8,0.0,27.96,27.96,0.0
2012-02-20,9.347,9.347,0.0,18.62,18.62,0.0,27.85,27.85,0.0
2012-02-21,9.147,9.147,0.0,18.82,18.82,0.0,27.84,27.84,0.0
2012-02-22,9.423,9.423,0.0,18.8,18.8,0.0,28.12,28.12,0.0
2012-02-23,9.682,9.682,0.0,19.38,19.38,0.0,29.18,29.18,0.0
2012-02-24,10.04,10.04,0.0,20.48,20.48,0.0,30.56,30.56,0.0
2012-02-25,9.349,9.349,0.0,19.87,19.87,0.0,29.37,29.37,0.0
2012-02-26,9.371,9.371,0.0,19.3,19.3,0.0,28.74,28.74,0.0
2012-02-27,9.493,9.493,0.0,19.62,19.62,0.0,28.96,28.96,0.0
2012-02-28,9.558,9.558,0.0,19.1,19.1,0.0,28.51,28.51,0.0
2012-02-29,15.97,15.97,0.0,30.8,30.8,0.0,46.15,46.15,0.0
2012-03-01,11.69,11.69,0.0,24.09,24.09,0.0,35.85,35.85,0.0
2012-03-02,15.49,15.49,0.0,26.64,26.64,0.0,41.27,41.27,0.0
2012-03-03,11.99,11.99,0.0,24.23,24.23,0.0,36.49,36.49,0.0
2012-03-04,11.47,11.47,0.0,24.19,24.19,0.0,35.62,35.62,0.0
2012-03-05,11.69,11.69,0.0,23.7,23.7,0.0,35.42,35.42,0.0
2012-03-06,12.23,12.23,0.0,24.41,24.41,0.0,36.42,36.42,0.0
2012-03-07,11.93,11.93,0.0,24.65,24.65,0.0,36.23,36.23,0.0
2012-03-08,11.24,11.24,0.0,23.37,23.37,0.0,34.69,34.69,0.0
2012-03-09,11.41,11.41,0.0,23.26,23.26,0.0,34.61,34.61,0.0
2012-03-10,11.58,11.58,0.0,23.91,23.91,0.0,35.34,35.34,0.0
2012-03-11,11.36,11.36,0.0,24.04,24.04,0.0,35.2,35.2,0.0
2012-03-12,10.96,10.96,0.0,23.57,23.57,0.0,34.47,34.47,0.0
2012-03-13,11.02,11.02,0.0,23.09,23.09,0.0,33.99,33.99,0.0
2012-03-14,11.11,11.11,0.0,22.76,22.76,0.0,33.7,33.7,0.0
2012-03-15,11.07,11.07,0.0,23.07,23.07,0.0,33.95,33.95,0.0
2012-03-16,10.58,10.58,0.0,22.78,22.78,0.0,33.15,33.15,0.0
2012-03-17,10.47,10.47,0.0,22.21,22.21,0.0,32.57,32.57,0.0
2012-03-18,11.15,11.15,0.0,23.73,23.73,0.0,35.04,35.04,0.0
2012-03-19,11.27,11.27,0.0,23.96,23.96,0.0,35.27,35.27,0.0
2012-03-20,12.02,12.02,0.0,24.92,24.92,0.0,37.06,37.06,0.0
2012-03-21,11.62,11.62,0.0,23.9,23.9,0.0,35.45,35.45,0.0
2012-03-22,10.72,10.72,0.0,22.93,22.93,0.0,33.55,33.55,0.0
2012-03-23,11.73,11.73,0.0,24.0,24.0,0.0,35.72,35.72,0.0
2012-03-24,14.36,14.36,0.0,25.67,25.67,0.0,39.41,39.41,0.0
2012-03-25,13.23,13.23,0.0,25.3,25.3,0.0,38.36,38.36,0.0
2012-03-26,12.89,12.89,0.0,24.59,24.59,0.0,37.24,37.24,0.0
2012-03-27,11.75,11.75,0.0,23.66,23.66,0.0,35.18,35.18,0.0
2012-03-28,12.37,12.37,0.0,24.63,24.63,0.0,36.98,36.98,0.0
2012-03-29,12.45,12.45,0.0,24.66,24.66,0.0,36.91,36.91,0.0
2012-03-30,12.54,12.54,0.0,24.88,24.88,0.0,37.38,37.38,0.0
2012-03-31,12.01,12.01,0.0,24.7,24.7,0.0,36.79,36.79,0.0
2012-04-01,11.88,11.88,0.0,24.38,24.38,0.0,36.08,36.08,0.0
2012-04-02,11.85,11.85,0.0,23.58,23.58,0.0,35.29,35.29,0.0
2012-04-03,11.91,11.91,0.0,23.79,23.79,0.0,35.52,35.52,0.0
2012-04-04,11.85,11.85,0.0,23.57,23.57,0.0,35.12,35.12,0.0
2012-04-05,11.17,11.17,0.0,23.66,23.66,0.0,34.89,34.89,0.0
2012-04-06,11.29,11.29,0.0,22.56,22.56,0.0,33.6,33.6,0.0
2012-04-07,11.37,11.37,0.0,22.92,22.92,0.0,34.07,34.07,0.0
2012-04-08,11.32,11.32,0.0,22.79,22.79,0.0,33.89,33.89,0.0
2012-04-09,11.13,11.13,0.0,22.5,22.5,0.0,33.43,33.43,0.0
2012-04-10,10.71,10.71,0.0,21.91,21.91,0.0,32.42,32.42,0.0
2012-04-11,10.83,10.83,0.0,22.01,22.01,0.0,32.77,32.77,0.0
2012-04-12,10.79,10.79,0.0,21.98,21.98,0.0,32.58,32.58,0.0
2012-04-13,10.73,10.73,0.0,21.74,21.74,0.0,32.26,32.26,0.0
2012-04-14,10.33,10.33,0.0,21.1,21.1,0.0,31.3,31.3,0.0
2012-04-15,10.3,10.3,0.0,20.81,20.81,0.0,30.84,30.84,0.0
2012-04-16,10.26,10.26,0.0,20.96,20.96,0.0,31.0,31.0,0.0
2012-04-17,10.58,10.58,0.0,21.45,21.45,0.0,31.93,31.93,0.0
2012-04-18,11.47,11.47,0.0,22.2,22.2,0.0,33.53,33.53,0.0
2012-04-19,11.15,11.15,0.0,21.55,21.55,0.0,32.4,32.4,0.0
2012-04-20,11.06,11.06,0.0,20.8,20.8,0.0,31.42,31.42,0.0
2012-04-21,10.37,10.37,0.0,20.82,20.82,0.0,31.09,31.09,0.0
2012-04-22,11.23,11.23,0.0,21.51,21.51,0.0,32.57,32.57,0.0
2012-04-23,11.52,11.52,0.0,22.11,22.11,0.0,33.69,33.69,0.0
2012-04-24,11.25,11.25,0.0,21.59,21.59,0.0,32.66,32.66,0.0
2012-04-25,11.75,11.75,0.0,21.46,21.46,0.0,32.88,32.88,0.0
2012-04-26,10.96,10.96,0.0,21.04,21.04,0.0,31.71,31.71,0.0
2012-04-27,10.9,10.9,0.0,21.0,21.0,0.0,31.68,31.68,0.0
2012-04-28,11.74,11.74,0.0,22.47,22.47,0.0,34.32,34.32,0.0
2012-04-29,11.4,11.4,0.0,21.87,21.87,0.0,33.1,33.1,0.0
2012-04-30,11.75,11.75,0.0,21.67,21.67,0.0,33.07,33.07,0.0
2012-05-01,12.33,12.33,0.0,22.2,22.2,0.0,34.24,34.24,0.0
2012-05-02,11.44,11.44,0.0,22.78,22.78,0.0,34.12,34.12,0.0
2012-05-03,11.29,11.29,0.0,21.96,21.96,0.0,33.02,33.02,0.0
2012-05-04,11.94,11.94,0.0,23.38,23.38,0.0,35.32,35.32,0.0
2012-05-05,12.55,12.55,0.0,23.91,23.91,0.0,36.3,36.3,0.0
2012-05-06,12.03,12.03,0.0,22.65,22.65,0.0,34.24,34.24,0.0
2012-05-07,11.08,11.08,0.0,22.28,22.28,0.0,33.34,33.34,0.0
2012-05-08,12.26,12.26,0.0,23.08,23.08,0.0,35.29,35.29,0.0
2012-05-09,12.44,12.44,0.0,23.33,23.33,0.0,35.64,35.64,0.0
2012-05-10,12.21,12.21,0.0,22.98,22.98,0.0,34.99,34.99,0.0
2012-05-11,12.1,12.1,0.0,22.08,22.08,0.0,33.79,33.79,0.0
2012-05-12,11.13,11.13,0.0,21.77,21.77,0.0,32.81,32.81,0.0
2012-05-13,11.63,11.63,0.0,22.66,22.66,0.0,34.27,34.27,0.0
2012-05-14,14.05,14.05,0.0,26.27,26.27,0.0,41.03,41.03,0.0
2012-05-15,12.95,12.95,0.0,24.65,24.65,0.0,37.91,37.91,0.0
2012-05-16,12.71,12.71,0.0,23.75,23.75,0.0,36.61,36.61,0.0
2012-05-17,11.57,11.57,0.0,23.0,23.0,0.0,34.7,34.7,0.0
2012-05-18,12.03,12.03,0.0,22.99,22.99,0.0,35.08,35.08,0.0
2012-05-19,12.13,12.13,0.0,23.33,23.33,0.0,35.53,35.53,0.0
2012-05-20,12.07,12.07,0.0,23.3,23.3,0.0,35.45,35.45,0.0
2012-05-21,11.88,11.88,0.0,22.19,22.19,0.0,33.98,33.98,0.0
2012-05-22,11.85,11.85,0.0,22.38,22.38,0.0,34.31,34.31,0.0
2012-05-23,12.17,12.17,0.0,23.11,23.11,0.0,35.44,35.44,0.0
2012-05-24,12.03,12.03,0.0,22.72,22.72,0.0,34.62,34.62,0.0
2012-05-25,11.74,11.74,0.0,22.38,22.38,0.0,33.96,33.96,0.0
2012-05-26,11.51,11.51,0.0,21.33,21.33,0.0,32.61,32.61,0.0
2012-05-27,11.62,11.62,0.0,22.37,22.37,0.0,34.04,34.04,0.0
2012-05-28,11.3,11.3,0.0,21.79,21.79,0.0,33.02,33.02,0.0
2012-05-29,11.57,11.57,0.0,22.41,22.41,0.0,33.99,33.99,0.0
2012-05-30,11.08,11.08,0.0,21.33,21.33,0.0,32.28,32.28,0.0
2012-05-31,10.94,10.94,0.0,20.98,20.98,0.0,31.8,31.8,0.0
2012-06-01,11.04,11.04,0.0,21.32,21.32,0.0,32.42,32.42,0.0
2012-06-02,10.92,10.92,0.0,21.0,21.0,0.0,31.76,31.76,0.0
2012-06-03,10.86,10.86,0.0,20.86,20.86,0.0,31.44,31.44,0.0
2012-06-04,10.53,10.53,0.0,20.0,20.0,0.0,30.29,30.29,0.0
2012-06-05,10.48,10.48,0.0,20.18,20.18,0.0,30.52,30.52,0.0
2012-06-06,10.4,10.4,0.0,20.06,20.06,0.0,30.38,30.38,0.0
2012-06-07,10.36,10.36,0.0,19.89,19.89,0.0,30.07,30.07,0.0
2012-06-08,10.29,10.29,0.0,19.46,19.46,0.0,29.46,29.46,0.0
2012-06-09,9.931,9.931,0.0,19.07,19.07,0.0,28.79,28.79,0.0
2012-06-10,9.839,9.839,0.0,18.96,18.96,0.0,28.64,28.64,0.0
2012-06-11,9.966,9.966,0.0,19.13,19.13,0.0,28.97,28.97,0.0
2012-06-12,9.978,9.978,0.0,19.1,19.1,0.0,28.94,28.94,0.0
2012-06-13,9.784,9.784,0.0,18.38,18.38,0.0,27.84,27.84,0.0
2012-06-14,9.369,9.369,0.0,18.15,18.15,0.0,27.37,27.37,0.0
2012-06-15,9.402,9.402,0.0,17.99,17.99,0.0,27.19,27.19,0.0
2012-06-16,9.406,9.406,0.0,17.89,17.89,0.0,27.03,27.03,0.0
2012-06-17,9.546,9.546,0.0,18.19,18.19,0.0,27.74,27.74,0.0
2012-06-18,9.503,9.503,0.0,18.61,18.61,0.0,28.36,28.36,0.0
2012-06-19,9.108,9.108,0.0,17.44,17.44,0.0,26.38,26.38,0.0
2012-06-20,9.038,9.038,0.0,17.21,17.21,0.0,26.06,26.06,0.0
2012-06-21,9.146,9.146,0.0,17.47,17.47,0.0,26.56,26.56,0.0
2012-06-22,9.024,9.024,0.0,17.21,17.21,0.0,26.18,26.18,0.0
2012-06-23,8.765,8.765,0.0,16.8,16.8,0.0,25.31,25.31,0.0
2012-06-24,8.517,8.517,0.0,16.51,16.51,0.0,24.88,24.88,0.0
2012-06-25,8.529,8.529,0.0,16.3,16.3,0.0,24.65,24.65,0.0
2012-06-26,8.484,8.484,0.0,16.09,16.09,0.0,24.35,24.35,0.0
2012-06-27,8.362,8.362,0.0,15.97,15.97,0.0,24.11,24.11,0.0
2012-06-28,8.138,8.138,0.0,15.75,15.75,0.0,23.71,23.71,0.0
2012-06-29,8.367,8.367,0.0,16.24,16.24,0.0,24.7,24.7,0.0
2012-06-30,8.084,8.084,0.0,15.44,15.44,0.0,23.33,23.33,0.0
2012-07-01,8.038,8.038,0.0,15.37,15.37,0.0,23.29,23.29,0.0
2012-07-02,7.862,7.862,0.0,15.05,15.05,0.0,22.69,22.69,0.0
2012-07-03,7.722,7.722,0.0,14.93,14.93,0.0,22.48,22.48,0.0
2012-07-04,7.688,7.688,0.0,14.69,14.69,0.0,22.17,22.17,0.0
2012-07-05,7.599,7.599,0.0,14.48,14.48,0.0,21.88,21.88,0.0
2012-07-06,7.486,7.486,0.0,14.35,14.35,0.0,21.62,21.62,0.0
2012-07-07,7.357,7.357,0.0,14.21,14.21,0.0,21.4,21.4,0.0
2012-07-08,7.656,7.656,0.0,14.95,14.95,0.0,22.86,22.86,0.0
2012-07-09,7.255,7.255,0.0,13.99,13.99,0.0,21.09,21.09,0.0
2012-07-10,7.154,7.154,0.0,13.82,13.82,0.0,20.81,20.81,0.0
2012-07-11,7.085,7.085,0.0,13.68,13.68,0.0,20.58,20.58,0.0
2012-07-12,6.963,6.963,0.0,13.5,13.5,0.0,20.3,20.3,0.0
2012-07-13,7.013,7.013,0.0,13.62,13.62,0.0,20.6,20.6,0.0
2012-07-14,7.097,7.097,0.0,13.74,13.74,0.0,20.89,20.89,0.0
2012-07-15,7.338,7.338,0.0,14.33,14.33,0.0,21.92,21.92,0.0
2012-07-16,6.867,6.867,0.0,13.28,13.28,0.0,20.01,20.01,0.0
2012-07-17,6.811,6.811,0.0,13.08,13.08,0.0,19.72,19.72,0.0
2012-07-18,8.082,8.082,0.0,14.8,14.8,0.0,23.4,23.4,0.0
2012-07-19,7.859,7.859,0.0,14.69,14.69,0.0,22.81,22.81,0.0
2012-07-20,8.673,8.673,0.0,17.0,17.0,0.0,26.68,26.68,0.0
2012-07-21,8.171,8.171,0.0,16.07,16.07,0.0,24.52,24.52,0.0
2012-07-22,7.774,7.774,0.0,15.14,15.14,0.0,22.82,22.82,0.0
2012-07-23,7.724,7.724,0.0,14.95,14.95,0.0,22.57,22.57,0.0
2012-07-24,8.108,8.108,0.0,16.11,16.11,0.0,24.65,24.65,0.0
2012-07-25,7.6,7.6,0.0,15.07,15.07,0.0,22.64,22.64,0.0
2012-07-26,7.656,7.656,0.0,14.96,14.96,0.0,22.69,22.69,0.0
2012-07-27,7.425,7.425,0.0,14.62,14.62,0.0,22.01,22.01,0.0
2012-07-28,7.37,7.37,0.0,14.54,14.54,0.0,21.85,21.85,0.0
2012-07-29,7.298,7.298,0.0,14.36,14.36,0.0,21.61,21.61,0.0
2012-07-30,7.203,7.203,0.0,14.1,14.1,0.0,21.26,21.26,0.0
2012-07-31,7.781,7.781,0.0,15.67,15.67,0.0,23.89,23.89,0.0
2012-08-01,7.256,7.256,0.0,14.52,14.52,0.0,21.72,21.72,0.0
2012-08-02,7.186,7.186,0.0,14.38,14.38,0.0,21.49,21.49,0.0
2012-08-03,7.119,7.119,0.0,14.07,14.07,0.0,21.1,21.1,0.0
2012-08-04,7.007,7.007,0.0,13.79,13.79,0.0,20.72,20.72,0.0
2012-08-05,7.448,7.448,0.0,14.57,14.57,0.0,22.15,22.15,0.0
2012-08-06,7.08,7.08,0.0,13.9,13.9,0.0,20.85,20.85,0.0
2012-08-07,7.023,7.023,0.0,13.66,13.66,0.0,20.54,20.54,0.0
2012-08-08,6.943,6.943,0.0,13.41,13.41,0.0,20.21,20.21,0.0
2012-08-09,7.088,7.088,0.0,13.97,13.97,0.0,21.22,21.22,0.0
2012-08-10,6.835,6.835,0.0,13.42,13.42,0.0,20.2,20.2,0.0
2012-08-11,6.704,6.704,0.0,13.2,13.2,0.0,19.78,19.78,0.0
2012-08-12,6.656,6.656,0.0,12.84,12.84,0.0,19.37,19.37,0.0
2012-08-13,6.683,6.683,0.0,13.1,13.1,0.0,19.8,19.8,0.0
2012-08-14,6.585,6.585,0.0,12.79,12.79,0.0,19.25,19.25,0.0
2012-08-15,6.517,6.517,0.0,12.68,12.68,0.0,19.07,19.07,0.0
2012-08-16,6.418,6.418,0.0,12.44,12.44,0.0,18.73,18.73,0.0
2012-08-17,6.459,6.459,0.0,12.56,12.56,0.0,19.02,19.02,0.0
2012-08-18,6.283,6.283,0.0,12.19,12.19,0.0,18.35,18.35,0.0
2012-08-19,6.407,6.407,0.0,12.34,12.34,0.0,18.65,18.65,0.0
2012-08-20,6.257,6.257,0.0,12.06,12.06,0.0,18.15,18.15,0.0
2012-08-21,6.155,6.155,0.0,11.82,11.82,0.0,17.81,17.81,0.0
2012-08-22,6.111,6.111,0.0,11.71,11.71,0.0,17.65,17.65,0.0
2012-08-23,6.213,6.213,0.0,11.71,11.71,0.0,17.69,17.69,0.0
2012-08-24,6.111,6.111,0.0,11.55,11.55,0.0,17.45,17.45,0.0
2012-08-25,6.107,6.107,0.0,11.52,11.52,0.0,17.48,17.48,0.0
2012-08-26,6.022,6.022,0.0,11.42,11.42,0.0,17.3,17.3,0.0
2012-08-27,5.911,5.911,0.0,11.19,11.19,0.0,16.88,16.88,0.0
2012-08-28,5.91,5.91,0.0,11.27,11.27,0.0,17.07,17.07,0.0
2012-08-29,5.776,5.776,0.0,10.92,10.92,0.0,16.49,16.49,0.0
2012-08-30,5.725,5.725,0.0,10.74,10.74,0.0,16.26,16.26,0.0
2012-08-31,5.63,5.63,0.0,10.65,10.65,0.0,16.08,16.08,0.0
2012-09-01,5.65,5.65,0.0,10.72,10.72,0.0,16.23,16.23,0.0
2012-09-02,5.72,5.72,0.0,10.91,10.91,0.0,16.61,16.61,0.0
2012-09-03,5.503,5.503,0.0,10.33,10.33,0.0,15.62,15.62,0.0
2012-09-04,5.686,5.686,0.0,10.7,10.7,0.0,16.32,16.32,0.0
2012-09-05,5.513,5.513,0.0,10.32,10.32,0.0,15.6,15.6,0.0
2012-09-06,5.475,5.475,0.0,10.21,10.21,0.0,15.43,15.43,0.0
2012-09-07,5.408,5.408,0.0,10.1,10.1,0.0,15.27,15.27,0.0
2012-09-08,5.559,5.559,0.0,10.44,10.44,0.0,15.97,15.97,0.0
2012-09-09,5.344,5.344,0.0,9.915,9.915,0.0,15.02,15.02,0.0
2012-09-10,5.287,5.287,0.0,9.826,9.826,0.0,14.87,14.87,0.0
2012-09-11,5.196,5.196,0.0,9.727,9.727,0.0,14.68,14.68,0.0
2012-09-12,5.146,5.146,0.0,9.565,9.565,0.0,14.48,14.48,0.0
2012-09-13,5.094,5.094,0.0,9.491,9.491,0.0,14.36,14.36,0.0
2012-09-14,5.048,5.048,0.0,9.374,9.374,0.0,14.19,14.19,0.0
2012-09-15,4.996,4.996,0.0,9.288,9.288,0.0,14.05,14.05,0.0
2012-09-16,4.9,4.9,0.0,9.192,9.192,0.0,13.87,13.87,0.0
2012-09-17,5.455,5.455,0.0,10.24,10.24,0.0,15.8,15.8,0.0
2012-09-18,6.656,6.656,0.0,12.32,12.32,0.0,19.08,19.08,0.0
2012-09-19,5.727,5.727,0.0,10.35,10.35,0.0,15.68,15.68,0.0
2012-09-20,5.678,5.678,0.0,10.2,10.2,0.0,15.47,15.47,0.0
2012-09-21,5.625,5.625,0.0,10.07,10.07,0.0,15.29,15.29,0.0
2012-09-22,5.435,5.435,0.0,9.708,9.708,0.0,14.78,14.78,0.0
2012-09-23,5.403,5.403,0.0,9.76,9.76,0.0,14.8,14.8,0.0
2012-09-24,5.406,5.406,0.0,9.72,9.72,0.0,14.74,14.74,0.0
2012-09-25,5.513,5.513,0.0,9.926,9.926,0.0,15.15,15.15,0.0
2012-09-26,5.549,5.549,0.0,10.16,10.16,0.0,15.55,15.55,0.0
2012-09-27,5.502,5.502,0.0,10.45,10.45,0.0,15.86,15.86,0.0
2012-09-28,5.528,5.528,0.0,10.06,10.06,0.0,15.14,15.14,0.0
2012-09-29,5.509,5.509,0.0,10.06,10.06,0.0,15.1,15.1,0.0
2012-09-30,5.47,5.47,0.0,10.28,10.28,0.0,15.48,15.48,0.0
2012-10-01,5.967,5.967,0.0,10.68,10.68,0.0,16.22,16.22,0.0
2012-10-02,7.156,7.156,0.0,11.71,11.71,0.0,18.33,18.33,0.0
2012-10-03,6.66,6.66,0.0,11.08,11.08,0.0,17.01,17.01,0.0
2012-10-04,6.615,6.615,0.0,10.32,10.32,0.0,16.2,16.2,0.0
2012-10-05,6.089,6.089,0.0,10.62,10.62,0.0,16.15,16.15,0.0
2012-10-06,6.315,6.315,0.0,10.74,10.74,0.0,16.42,16.42,0.0
2012-10-07,6.392,6.392,0.0,10.69,10.69,0.0,16.41,16.41,0.0
2012-10-08,6.619,6.619,0.0,10.98,10.98,0.0,17.03,17.03,0.0
2012-10-09,6.351,6.351,0.0,10.31,10.31,0.0,15.99,15.99,0.0
2012-10-10,6.115,6.115,0.0,10.49,10.49,0.0,15.96,15.96,0.0
2012-10-11,6.224,6.224,0.0,10.49,10.49,0.0,16.02,16.02,0.0
2012-10-12,6.184,6.184,0.0,10.38,10.38,0.0,15.88,15.88,0.0
2012-10-13,6.079,6.079,0.0,10.16,10.16,0.0,15.59,15.59,0.0
2012-10-14,5.969,5.969,0.0,9.874,9.874,0.0,15.18,15.18,0.0
2012-10-15,5.995,5.995,0.0,10.19,10.19,0.0,15.63,15.63,0.0
2012-10-16,5.908,5.908,0.0,9.938,9.938,0.0,15.19,15.19,0.0
2012-10-17,5.891,5.891,0.0,9.757,9.757,0.0,14.98,14.98,0.0
2012-10-18,6.255,6.255,0.0,10.65,10.65,0.0,16.47,16.47,0.0
2012-10-19,6.039,6.039,0.0,10.11,10.11,0.0,15.47,15.47,0.0
2012-10-20,5.939,5.939,0.0,9.866,9.866,0.0,15.1,15.1,0.0
2012-10-21,5.798,5.798,0.0,9.936,9.936,0.0,15.11,15.11,0.0
2012-10-22,5.789,5.789,0.0,9.733,9.733,0.0,14.87,14.87,0.0
2012-10-23,5.763,5.763,0.0,9.75,9.75,0.0,14.86,14.86,0.0
2012-10-24,5.683,5.683,0.0,9.616,9.616,0.0,14.63,14.63,0.0
2012-10-25,5.595,5.595,0.0,9.407,9.407,0.0,14.38,14.38,0.0
2012-10-26,5.566,5.566,0.0,9.393,9.393,0.0,14.33,14.33,0.0
2012-10-27,5.525,5.525,0.0,9.295,9.295,0.0,14.2,14.2,0.0
2012-10-28,5.833,5.833,0.0,9.814,9.814,0.0,15.11,15.11,0.0
2012-10-29,7.793,7.793,0.0,15.25,15.25,0.0,24.6,24.6,0.0
2012-10-30,7.533,7.533,0.0,15.13,15.13,0.0,23.04,23.04,0.0
2012-10-31,7.491,7.491,0.0,13.81,13.81,0.0,21.59,21.59,0.0
2012-11-01,6.709,6.709,0.0,13.12,13.12,0.0,20.01,20.01,0.0
2012-11-02,6.677,6.677,0.0,12.37,12.37,0.0,18.99,18.99,0.0
2012-11-03,6.83,6.83,0.0,12.18,12.18,0.0,18.77,18.77,0.0
2012-11-04,6.835,6.835,0.0,12.53,12.53,0.0,19.22,19.22,0.0
2012-11-05,6.502,6.502,0.0,12.77,12.77,0.0,19.21,19.21,0.0
2012-11-06,6.604,6.604,0.0,12.89,12.89,0.0,19.37,19.37,0.0
2012-11-07,6.452,6.452,0.0,11.97,11.97,0.0,18.32,18.32,0.0
2012-11-08,6.49,6.49,0.0,12.12,12.12,0.0,18.52,18.52,0.0
2012-11-09,6.363,6.363,0.0,12.62,12.62,0.0,18.87,18.87,0.0
2012-11-10,6.255,6.255,0.0,12.73,12.73,0.0,18.94,18.94,0.0
2012-11-11,6.168,6.168,0.0,12.39,12.39,0.0,18.5,18.5,0.0
2012-11-12,6.599,6.599,0.0,12.42,12.42,0.0,19.08,19.08,0.0
2012-11-13,6.506,6.506,0.0,12.32,12.32,0.0,18.68,18.68,0.0
2012-11-14,6.458,6.458,0.0,12.53,12.53,0.0,18.78,18.78,0.0
2012-11-15,6.108,6.108,0.0,12.52,12.52,0.0,18.6,18.6,0.0
2012-11-16,6.142,6.142,0.0,11.79,11.79,0.0,17.9,17.9,0.0
2012-11-17,6.178,6.178,0.0,11.73,11.73,0.0,17.78,17.78,0.0
2012-11-18,6.148,6.148,0.0,11.95,11.95,0.0,17.99,17.99,0.0
2012-11-19,5.913,5.913,0.0,11.96,11.96,0.0,17.81,17.81,0.0
2012-11-20,5.877,5.877,0.0,11.88,11.88,0.0,17.68,17.68,0.0
2012-11-21,5.908,5.908,0.0,11.08,11.08,0.0,16.9,16.9,0.0
2012-11-22,5.879,5.879,0.0,11.31,11.31,0.0,17.06,17.06,0.0
2012-11-23,5.828,5.828,0.0,11.39,11.39,0.0,17.06,17.06,0.0
2012-11-24,5.633,5.633,0.0,11.51,11.51,0.0,17.17,17.17,0.0
2012-11-25,5.608,5.608,0.0,10.83,10.83,0.0,16.37,16.37,0.0
2012-11-26,5.853,5.853,0.0,11.46,11.46,0.0,17.34,17.34,0.0
2012-11-27,5.934,5.934,0.0,11.56,11.56,0.0,17.5,17.5,0.0
2012-11-28,5.842,5.842,0.0,11.18,11.18,0.0,16.9,16.9,0.0
2012-11-29,5.714,5.714,0.0,11.19,11.19,0.0,16.78,16.78,0.0
2012-11-30,5.478,5.478,0.0,10.75,10.75,0.0,16.21,16.21,0.0
2012-12-01,5.562,5.562,0.0,10.76,10.76,0.0,16.27,16.27,0.0
2012-12-02,5.644,5.644,0.0,11.21,11.21,0.0,16.89,16.89,0.0
2012-12-03,5.557,5.557,0.0,11.15,11.15,0.0,16.64,16.64,0.0
2012-12-04,5.3,5.3,0.0,11.24,11.24,0.0,16.55,16.55,0.0
2012-12-05,5.32,5.32,0.0,11.02,11.02,0.0,16.29,16.29,0.0
2012-12-06,5.429,5.429,0.0,10.68,10.68,0.0,16.05,16.05,0.0
2012-12-07,5.502,5.502,0.0,11.48,11.48,0.0,17.05,17.05,0.0
2012-12-08,5.917,5.917,0.0,12.53,12.53,0.0,18.75,18.75,0.0
2012-12-09,5.974,5.974,0.0,12.78,12.78,0.0,18.99,18.99,0.0
2012-12-10,6.183,6.183,0.0,13.34,13.34,0.0,19.79,19.79,0.0
2012-12-11,5.667,5.667,0.0,12.61,12.61,0.0,18.44,18.44,0.0
2012-12-12,5.636,5.636,0.0,11.68,11.68,0.0,17.35,17.35,0.0
2012-12-13,5.743,5.743,0.0,12.26,12.26,0.0,18.06,18.06,0.0
2012-12-14,5.739,5.739,0.0,12.42,12.42,0.0,18.23,18.23,0.0
2012-12-15,5.835,5.835,0.0,12.57,12.57,0.0,18.42,18.42,0.0
2012-12-16,5.479,5.479,0.0,11.88,11.88,0.0,17.46,17.46,0.0
2012-12-17,6.052,6.052,0.0,12.45,12.45,0.0,18.67,18.67,0.0
2012-12-18,6.131,6.131,0.0,12.77,12.77,0.0,19.1,19.1,0.0
2012-12-19,5.904,5.904,0.0,12.76,12.76,0.0,18.81,18.81,0.0
2012-12-20,6.672,6.672,0.0,13.84,13.84,0.0,20.85,20.85,0.0
2012-12-21,6.544,6.544,0.0,13.83,13.83,0.0,20.56,20.56,0.0
2012-12-22,5.913,5.913,0.0,12.31,12.31,0.0,18.37,18.37,0.0
2012-12-23,6.193,6.193,0.0,12.75,12.75,0.0,18.95,18.95,0.0
2012-12-24,6.187,6.187,0.0,13.28,13.28,0.0,19.65,19.65,0.0
2012-12-25,6.384,6.384,0.0,13.35,13.35,0.0,19.89,19.89,0.0
2012-12-26,6.486,6.486,0.0,13.77,13.77,0.0,21.0,21.0,0.0
2012-12-27,6.017,6.017,0.0,12.7,12.7,0.0,18.86,18.86,0.0
2012-12-28,5.997,5.997,0.0,12.62,12.62,0.0,18.83,18.83,0.0
2012-12-29,6.135,6.135,0.0,12.98,12.98,0.0,19.43,19.43,0.0
2012-12-30,6.039,6.039,0.0,12.58,12.58,0.0,18.81,18.81,0.0
2012-12-31,5.754,5.754,0.0,12.36,12.36,0.0,18.43,18.43,0.0
2013-01-01,5.795,5.795,0.0,12.24,12.24,0.0,18.25,18.25,0.0
2013-01-02,5.684,5.684,0.0,11.97,11.97,0.0,17.85,17.85,0.0
2013-01-03,5.695,5.695,0.0,12.03,12.03,0.0,17.9,17.9,0.0
2013-01-04,5.462,5.462,0.0,11.69,11.69,0.0,17.37,17.37,0.0
2013-01-05,5.653,5.653,0.0,11.77,11.77,0.0,17.65,17.65,0.0
2013-01-06,5.486,5.486,0.0,11.54,11.54,0.0,17.2,17.2,0.0
2013-01-07,5.497,5.497,0.0,11.62,11.62,0.0,17.28,17.28,0.0
2013-01-08,5.669,5.669,0.0,12.21,12.21,0.0,18.36,18.36,0.0
2013-01-09,5.211,5.211,0.0,14.68,14.68,0.0,20.1,20.1,0.0
2013-01-10,5.178,5.178,0.0,15.78,15.78,0.0,21.13,21.13,0.0
2013-01-11,5.288,5.288,0.0,12.28,12.28,0.0,17.82,17.82,0.0
2013-01-12,5.539,5.539,0.0,12.14,12.14,0.0,17.92,17.92,0.0
2013-01-13,6.101,6.101,0.0,13.42,13.42,0.0,19.79,19.79,0.0
2013-01-14,7.114,7.114,0.0,16.1,16.1,0.0,23.68,23.68,0.0
2013-01-15,8.697,8.697,0.0,21.99,21.99,0.0,31.36,31.36,0.0
2013-01-16,8.167,8.167,0.0,17.99,17.99,0.0,26.47,26.47,0.0
2013-01-17,7.393,7.393,0.0,16.37,16.37,0.0,24.02,24.02,0.0
2013-01-18,7.103,7.103,0.0,15.28,15.28,0.0,22.59,22.59,0.0
2013-01-19,7.465,7.465,0.0,15.54,15.54,0.0,23.17,23.17,0.0
2013-01-20,7.547,7.547,0.0,16.13,16.13,0.0,23.84,23.84,0.0
2013-01-21,7.338,7.338,0.0,15.65,15.65,0.0,22.94,22.94,0.0
2013-01-22,7.041,7.041,0.0,15.12,15.12,0.0,22.4,22.4,0.0
2013-01-23,7.107,7.107,0.0,15.31,15.31,0.0,22.76,22.76,0.0
2013-01-24,7.161,7.161,0.0,15.53,15.53,0.0,22.87,22.87,0.0
2013-01-25,7.195,7.195,0.0,15.59,15.59,0.0,23.17,23.17,0.0
2013-01-26,6.688,6.688,0.0,14.24,14.24,0.0,21.16,21.16,0.0
2013-01-27,6.925,6.925,0.0,14.57,14.57,0.0,21.74,21.74,0.0
2013-01-28,8.256,8.256,0.0,19.65,19.65,0.0,30.49,30.49,0.0
2013-01-29,6.896,6.896,0.0,17.38,17.38,0.0,24.61,24.61,0.0
2013-01-30,32.18,32.18,0.0,56.79,56.79,0.0,85.12,85.12,0.0
2013-01-31,8.688,8.688,0.0,19.72,19.72,0.0,29.78,29.78,0.0
2013-02-01,7.993,7.993,0.0,16.91,16.91,0.0,25.55,25.55,0.0
2013-02-02,7.981,7.981,0.0,15.22,15.22,0.0,23.69,23.69,0.0
2013-02-03,7.697,7.697,0.0,15.54,15.54,0.0,23.39,23.39,0.0
2013-02-04,7.409,7.409,0.0,15.61,15.61,0.0,23.56,23.56,0.0
2013-02-05,7.437,7.437,0.0,15.63,15.63,0.0,23.58,23.58,0.0
2013-02-06,7.711,7.711,0.0,15.94,15.94,0.0,24.02,24.02,0.0
2013-02-07,7.453,7.453,0.0,14.89,14.89,0.0,22.5,22.5,0.0
2013-02-08,8.105,8.105,0.0,17.38,17.38,0.0,25.87,25.87,0.0
2013-02-09,7.358,7.358,0.0,15.53,15.53,0.0,23.36,23.36,0.0
2013-02-10,7.495,7.495,0.0,15.63,15.63,0.0,23.47,23.47,0.0
2013-02-11,7.47,7.47,0.0,19.56,19.56,0.0,27.37,27.37,0.0
2013-02-12,7.349,7.349,0.0,15.41,15.41,0.0,23.15,23.15,0.0
2013-02-13,7.4,7.4,0.0,16.68,16.68,0.0,24.81,24.81,0.0
2013-02-14,7.744,7.744,0.0,16.05,16.05,0.0,24.12,24.12,0.0
2013-02-15,8.212,8.212,0.0,16.45,16.45,0.0,24.89,24.89,0.0
2013-02-16,8.258,8.258,0.0,15.68,15.68,0.0,24.21,24.21,0.0
2013-02-17,7.825,7.825,0.0,14.61,14.61,0.0,22.76,22.76,0.0
2013-02-18,7.768,7.768,0.0,15.27,15.27,0.0,23.29,23.29,0.0
2013-02-19,7.783,7.783,0.0,15.67,15.67,0.0,23.87,23.87,0.0
2013-02-20,7.85,7.85,0.0,15.19,15.19,0.0,23.27,23.27,0.0
2013-02-21,7.705,7.705,0.0,14.12,14.12,0.0,22.12,22.12,0.0
2013-02-22,7.392,7.392,0.0,14.72,14.72,0.0,22.48,22.48,0.0
2013-02-23,7.616,7.616,0.0,15.95,15.95,0.0,23.74,23.74,0.0
2013-02-24,7.572,7.572,0.0,15.08,15.08,0.0,22.87,22.87,0.0
2013-02-25,7.578,7.578,0.0,14.71,14.71,0.0,22.44,22.44,0.0
2013-02-26,7.647,7.647,0.0,14.58,14.58,0.0,22.65,22.65,0.0
2013-02-27,8.756,8.756,0.0,18.47,18.47,0.0,27.9,27.9,0.0
2013-02-28,7.844,7.844,0.0,15.58,15.58,0.0,24.06,24.06,0.0
2013-03-01,7.74,7.74,0.0,15.08,15.08,0.0,23.2,23.2,0.0
2013-03-02,7.689,7.689,0.0,14.34,14.34,0.0,22.39,22.39,0.0
2013-03-03,7.359,7.359,0.0,14.23,14.23,0.0,21.98,21.98,0.0
2013-03-04,7.117,7.117,0.0,14.25,14.25,0.0,21.65,21.65,0.0
2013-03-05,8.86,8.86,0.0,19.9,19.9,0.0,33.68,33.68,0.0
2013-03-06,7.798,7.798,0.0,15.35,15.35,0.0,24.05,24.05,0.0
2013-03-07,7.678,7.678,0.0,14.94,14.94,0.0,23.26,23.26,0.0
2013-03-08,7.25,7.25,0.0,13.9,13.9,0.0,21.77,21.77,0.0
2013-03-09,12.83,12.83,0.0,21.99,21.99,0.0,33.62,33.62,0.0
2013-03-10,12.62,12.62,0.0,34.37,34.37,0.0,45.48,45.48,0.0
2013-03-11,10.45,10.45,0.0,29.29,29.29,0.0,39.4,39.4,0.0
2013-03-12,9.401,9.401,0.0,21.41,21.41,0.0,31.4,31.4,0.0
2013-03-13,9.604,9.604,0.0,19.7,19.7,0.0,29.97,29.97,0.0
2013-03-14,9.587,9.587,0.0,18.89,18.89,0.0,29.01,29.01,0.0
2013-03-15,10.07,10.07,0.0,16.88,16.88,0.0,26.87,26.87,0.0
2013-03-16,10.65,10.65,0.0,20.22,20.22,0.0,30.93,30.93,0.0
2013-03-17,13.44,13.44,0.0,21.93,21.93,0.0,34.85,34.85,0.0
2013-03-18,11.19,11.19,0.0,22.24,22.24,0.0,34.07,34.07,0.0
2013-03-19,11.55,11.55,0.0,22.21,22.21,0.0,34.0,34.0,0.0
2013-03-20,10.75,10.75,0.0,19.53,19.53,0.0,30.32,30.32,0.0
2013-03-21,11.26,11.26,0.0,20.66,20.66,0.0,31.95,31.95,0.0
2013-03-22,10.71,10.71,0.0,21.26,21.26,0.0,32.34,32.34,0.0
2013-03-23,11.06,11.06,0.0,21.39,21.39,0.0,32.42,32.42,0.0
2013-03-24,10.7,10.7,0.0,19.87,19.87,0.0,31.14,31.14,0.0
2013-03-25,10.94,10.94,0.0,20.39,20.39,0.0,31.47,31.47,0.0
2013-03-26,10.6,10.6,0.0,21.12,21.12,0.0,32.37,32.37,0.0
2013-03-27,10.75,10.75,0.0,21.04,21.04,0.0,32.16,32.16,0.0
2013-03-28,10.72,10.72,0.0,19.99,19.99,0.0,30.98,30.98,0.0
2013-03-29,11.88,11.88,0.0,21.27,21.27,0.0,33.0,33.0,0.0
2013-03-30,11.35,11.35,0.0,23.74,23.74,0.0,34.99,34.99,0.0
2013-03-31,11.49,11.49,0.0,23.9,23.9,0.0,35.77,35.77,0.0
2013-04-01,11.24,11.24,0.0,22.96,22.96,0.0,34.61,34.61,0.0
2013-04-02,11.52,11.52,0.0,22.79,22.79,0.0,34.23,34.23,0.0
2013-04-03,11.38,11.38,0.0,21.46,21.46,0.0,32.62,32.62,0.0
2013-04-04,11.81,11.81,0.0,21.69,21.69,0.0,33.27,33.27,0.0
2013-04-05,10.81,10.81,0.0,23.03,23.03,0.0,34.15,34.15,0.0
2013-04-06,11.24,11.24,0.0,22.92,22.92,0.0,34.03,34.03,0.0
2013-04-07,11.33,11.33,0.0,23.2,23.2,0.0,34.4,34.4,0.0
2013-04-08,11.13,11.13,0.0,22.18,22.18,0.0,33.05,33.05,0.0
2013-04-09,10.76,10.76,0.0,22.39,22.39,0.0,33.15,33.15,0.0
2013-04-10,10.63,10.63,0.0,22.44,22.44,0.0,33.12,33.12,0.0
2013-04-11,12.27,12.27,0.0,24.82,24.82,0.0,37.46,37.46,0.0
2013-04-12,11.93,11.93,0.0,24.97,24.97,0.0,37.22,37.22,0.0
2013-04-13,11.74,11.74,0.0,23.27,23.27,0.0,34.89,34.89,0.0
2013-04-14,11.73,11.73,0.0,23.01,23.01,0.0,34.46,34.46,0.0
2013-04-15,11.1,11.1,0.0,23.37,23.37,0.0,34.7,34.7,0.0
2013-04-16,11.94,11.94,0.0,24.51,24.51,0.0,36.67,36.67,0.0
2013-04-17,11.81,11.81,0.0,23.98,23.98,0.0,35.82,35.82,0.0
2013-04-18,11.59,11.59,0.0,22.92,22.92,0.0,34.33,34.33,0.0
2013-04-19,13.05,13.05,0.0,25.32,25.32,0.0,38.51,38.51,0.0
2013-04-20,11.7,11.7,0.0,24.01,24.01,0.0,35.86,35.86,0.0
2013-04-21,11.66,11.66,0.0,24.34,24.34,0.0,36.17,36.17,0.0
2013-04-22,11.86,11.86,0.0,24.07,24.07,0.0,35.81,35.81,0.0
2013-04-23,11.69,11.69,0.0,23.12,23.12,0.0,34.73,34.73,0.0
2013-04-24,11.57,11.57,0.0,23.42,23.42,0.0,35.01,35.01,0.0
2013-04-25,11.12,11.12,0.0,23.28,23.28,0.0,34.6,34.6,0.0
2013-04-26,11.31,11.31,0.0,23.37,23.37,0.0,34.74,34.74,0.0
2013-04-27,11.19,11.19,0.0,22.4,22.4,0.0,33.55,33.55,0.0
2013-04-28,11.52,11.52,0.0,23.13,23.13,0.0,34.61,34.61,0.0
2013-04-29,11.64,11.64,0.0,23.17,23.17,0.0,34.71,34.71,0.0
2013-04-30,10.82,10.82,0.0,22.87,22.87,0.0,33.92,33.92,0.0
2013-05-01,11.07,11.07,0.0,22.9,22.9,0.0,33.89,33.89,0.0
2013-05-02,10.99,10.99,0.0,21.97,21.97,0.0,32.88,32.88,0.0
2013-05-03,11.0,11.0,0.0,22.1,22.1,0.0,33.03,33.03,0.0
2013-05-04,10.51,10.51,0.0,21.66,21.66,0.0,32.21,32.21,0.0
2013-05-05,10.57,10.57,0.0,21.79,21.79,0.0,32.37,32.37,0.0
2013-05-06,12.38,12.38,0.0,23.2,23.2,0.0,35.38,35.38,0.0
2013-05-07,18.79,18.79,0.0,30.47,30.47,0.0,48.42,48.42,0.0
2013-05-08,16.38,16.38,0.0,27.83,27.83,0.0,43.37,43.37,0.0
2013-05-09,14.22,14.22,0.0,26.1,26.1,0.0,40.21,40.21,0.0
2013-05-10,14.52,14.52,0.0,25.89,25.89,0.0,40.25,40.25,0.0
2013-05-11,13.27,13.27,0.0,25.81,25.81,0.0,39.35,39.35,0.0
2013-05-12,13.69,13.69,0.0,26.27,26.27,0.0,39.91,39.91,0.0
2013-05-13,13.89,13.89,0.0,26.45,26.45,0.0,40.22,40.22,0.0
2013-05-14,13.15,13.15,0.0,25.4,25.4,0.0,38.48,38.48,0.0
2013-05-15,13.06,13.06,0.0,24.41,24.41,0.0,37.32,37.32,0.0
2013-05-16,13.39,13.39,0.0,25.37,25.37,0.0,38.66,38.66,0.0
2013-05-17,13.37,13.37,0.0,25.47,25.47,0.0,38.51,38.51,0.0
2013-05-18,13.17,13.17,0.0,25.77,25.77,0.0,38.92,38.92,0.0
2013-05-19,12.8,12.8,0.0,24.25,24.25,0.0,36.96,36.96,0.0
2013-05-20,12.82,12.82,0.0,24.12,24.12,0.0,36.67,36.67,0.0
2013-05-21,12.97,12.97,0.0,24.54,24.54,0.0,37.2,37.2,0.0
2013-05-22,13.86,13.86,0.0,25.49,25.49,0.0,39.15,39.15,0.0
2013-05-23,13.91,13.91,0.0,25.74,25.74,0.0,39.57,39.57,0.0
2013-05-24,13.28,13.28,0.0,24.82,24.82,0.0,38.1,38.1,0.0
2013-05-25,12.72,12.72,0.0,24.16,24.16,0.0,36.65,36.65,0.0
2013-05-26,12.99,12.99,0.0,24.59,24.59,0.0,37.3,37.3,0.0
2013-05-27,13.03,13.03,0.0,24.68,24.68,0.0,37.44,37.44,0.0
2013-05-28,12.93,12.93,0.0,24.27,24.27,0.0,36.79,36.79,0.0
2013-05-29,12.33,12.33,0.0,23.45,23.45,0.0,35.49,35.49,0.0
2013-05-30,12.24,12.24,0.0,23.12,23.12,0.0,35.18,35.18,0.0
2013-05-31,12.36,12.36,0.0,23.35,23.35,0.0,35.44,35.44,0.0
2013-06-01,12.32,12.32,0.0,23.3,23.3,0.0,35.33,35.33,0.0
2013-06-02,12.05,12.05,0.0,23.02,23.02,0.0,35.03,35.03,0.0
2013-06-03,11.9,11.9,0.0,22.77,22.77,0.0,34.51,34.51,0.0
2013-06-04,11.88,11.88,0.0,22.26,22.26,0.0,33.84,33.84,0.0
2013-06-05,11.94,11.94,0.0,22.57,22.57,0.0,34.33,34.33,0.0
2013-06-06,13.28,13.28,0.0,23.75,23.75,0.0,36.91,36.91,0.0
2013-06-07,13.2,13.2,0.0,23.27,23.27,0.0,36.05,36.05,0.0
2013-06-08,12.61,12.61,0.0,22.64,22.64,0.0,34.68,34.68,0.0
2013-06-09,12.57,12.57,0.0,22.39,22.39,0.0,34.53,34.53,0.0
2013-06-10,14.34,14.34,0.0,23.77,23.77,0.0,37.38,37.38,0.0
2013-06-11,12.89,12.89,0.0,23.29,23.29,0.0,35.81,35.81,0.0
2013-06-12,13.14,13.14,0.0,23.77,23.77,0.0,36.65,36.65,0.0
2013-06-13,14.26,14.26,0.0,27.13,27.13,0.0,42.04,42.04,0.0
2013-06-14,12.66,12.66,0.0,24.77,24.77,0.0,37.63,37.63,0.0
2013-06-15,12.52,12.52,0.0,22.85,22.85,0.0,35.02,35.02,0.0
2013-06-16,12.72,12.72,0.0,23.69,23.69,0.0,36.13,36.13,0.0
2013-06-17,12.72,12.72,0.0,23.91,23.91,0.0,36.38,36.38,0.0
2013-06-18,12.32,12.32,0.0,24.2,24.2,0.0,36.48,36.48,0.0
2013-06-19,12.34,12.34,0.0,23.13,23.13,0.0,35.11,35.11,0.0
2013-06-20,12.05,12.05,0.0,22.23,22.23,0.0,34.12,34.12,0.0
2013-06-21,12.11,12.11,0.0,22.64,22.64,0.0,34.51,34.51,0.0
2013-06-22,11.97,11.97,0.0,22.68,22.68,0.0,34.34,34.34,0.0
2013-06-23,11.68,11.68,0.0,22.52,22.52,0.0,34.07,34.07,0.0
2013-06-24,11.59,11.59,0.0,21.49,21.49,0.0,32.98,32.98,0.0
2013-06-25,11.56,11.56,0.0,21.63,21.63,0.0,32.94,32.94,0.0
2013-06-26,11.54,11.54,0.0,21.74,21.74,0.0,33.06,33.06,0.0
2013-06-27,11.43,11.43,0.0,22.1,22.1,0.0,33.56,33.56,0.0
2013-06-28,11.27,11.27,0.0,21.67,21.67,0.0,33.11,33.11,0.0
2013-06-29,11.01,11.01,0.0,20.72,20.72,0.0,31.56,31.56,0.0
2013-06-30,11.03,11.03,0.0,20.95,20.95,0.0,31.85,31.85,0.0
2013-07-01,10.89,10.89,0.0,20.72,20.72,0.0,31.41,31.41,0.0
2013-07-02,10.47,10.47,0.0,20.37,20.37,0.0,30.73,30.73,0.0
2013-07-03,10.53,10.53,0.0,19.94,19.94,0.0,30.24,30.24,0.0
2013-07-04,10.49,10.49,0.0,19.69,19.69,0.0,29.93,29.93,0.0
2013-07-05,10.43,10.43,0.0,19.7,19.7,0.0,29.88,29.88,0.0
2013-07-06,10.29,10.29,0.0,19.57,19.57,0.0,29.62,29.62,0.0
2013-07-07,10.2,10.2,0.0,19.73,19.73,0.0,29.98,29.98,0.0
2013-07-08,9.99,9.99,0.0,19.01,19.01,0.0,28.8,28.8,0.0
2013-07-09,10.02,10.02,0.0,18.89,18.89,0.0,28.74,28.74,0.0
2013-07-10,9.922,9.922,0.0,18.76,18.76,0.0,28.46,28.46,0.0
2013-07-11,11.04,11.04,0.0,19.87,19.87,0.0,31.25,31.25,0.0
2013-07-12,10.38,10.38,0.0,19.24,19.24,0.0,29.71,29.71,0.0
2013-07-13,10.03,10.03,0.0,18.65,18.65,0.0,28.49,28.49,0.0
2013-07-14,9.959,9.959,0.0,18.29,18.29,0.0,28.04,28.04,0.0
2013-07-15,9.933,9.933,0.0,18.21,18.21,0.0,27.92,27.92,0.0
2013-07-16,9.826,9.826,0.0,17.93,17.93,0.0,27.54,27.54,0.0
2013-07-17,9.709,9.709,0.0,17.89,17.89,0.0,27.33,27.33,0.0
2013-07-18,9.853,9.853,0.0,18.63,18.63,0.0,28.71,28.71,0.0
2013-07-19,10.08,10.08,0.0,18.95,18.95,0.0,29.18,29.18,0.0
2013-07-20,9.607,9.607,0.0,18.15,18.15,0.0,27.62,27.62,0.0
2013-07-21,10.01,10.01,0.0,17.87,17.87,0.0,27.44,27.44,0.0
2013-07-22,9.942,9.942,0.0,18.65,18.65,0.0,28.58,28.58,0.0
2013-07-23,9.703,9.703,0.0,18.5,18.5,0.0,28.11,28.11,0.0
2013-07-24,9.419,9.419,0.0,17.64,17.64,0.0,26.79,26.79,0.0
2013-07-25,9.314,9.314,0.0,17.62,17.62,0.0,26.68,26.68,0.0
2013-07-26,9.303,9.303,0.0,17.33,17.33,0.0,26.31,26.31,0.0
2013-07-27,9.254,9.254,0.0,17.33,17.33,0.0,26.36,26.36,0.0
2013-07-28,9.031,9.031,0.0,16.95,16.95,0.0,25.65,25.65,0.0
2013-07-29,8.879,8.879,0.0,16.75,16.75,0.0,25.37,25.37,0.0
2013-07-30,8.868,8.868,0.0,16.7,16.7,0.0,25.28,25.28,0.0
2013-07-31,8.889,8.889,0.0,16.51,16.51,0.0,25.16,25.16,0.0
2013-08-01,8.758,8.758,0.0,16.48,16.48,0.0,25.02,25.02,0.0
2013-08-02,8.485,8.485,0.0,15.97,15.97,0.0,24.17,24.17,0.0
2013-08-03,8.554,8.554,0.0,16.24,16.24,0.0,24.66,24.66,0.0
2013-08-04,8.396,8.396,0.0,15.65,15.65,0.0,23.77,23.77,0.0
2013-08-05,8.38,8.38,0.0,15.85,15.85,0.0,24.03,24.03,0.0
2013-08-06,8.197,8.197,0.0,15.48,15.48,0.0,23.4,23.4,0.0
2013-08-07,8.117,8.117,0.0,15.4,15.4,0.0,23.37,23.37,0.0
2013-08-08,8.303,8.303,0.0,15.92,15.92,0.0,24.29,24.29,0.0
2013-08-09,8.148,8.148,0.0,15.54,15.54,0.0,23.7,23.7,0.0
2013-08-10,8.074,8.074,0.0,15.21,15.21,0.0,23.02,23.02,0.0
2013-08-11,7.927,7.927,0.0,14.95,14.95,0.0,22.57,22.57,0.0
2013-08-12,8.139,8.139,0.0,15.83,15.83,0.0,24.19,24.19,0.0
2013-08-13,8.024,8.024,0.0,15.81,15.81,0.0,23.91,23.91,0.0
2013-08-14,7.724,7.724,0.0,15.11,15.11,0.0,22.63,22.63,0.0
2013-08-15,7.668,7.668,0.0,14.87,14.87,0.0,22.27,22.27,0.0
2013-08-16,7.566,7.566,0.0,14.61,14.61,0.0,21.95,21.95,0.0
2013-08-17,7.501,7.501,0.0,14.67,14.67,0.0,22.08,22.08,0.0
2013-08-18,7.519,7.519,0.0,14.78,14.78,0.0,22.25,22.25,0.0
2013-08-19,7.324,7.324,0.0,14.34,14.34,0.0,21.45,21.45,0.0
2013-08-20,7.236,7.236,0.0,14.0,14.0,0.0,21.0,21.0,0.0
2013-08-21,7.459,7.459,0.0,14.72,14.72,0.0,22.28,22.28,0.0
2013-08-22,7.204,7.204,0.0,14.31,14.31,0.0,21.51,21.51,0.0
2013-08-23,7.506,7.506,0.0,15.17,15.17,0.0,22.96,22.96,0.0
2013-08-24,7.137,7.137,0.0,14.35,14.35,0.0,21.39,21.39,0.0
2013-08-25,7.016,7.016,0.0,14.09,14.09,0.0,20.99,20.99,0.0
2013-08-26,6.973,6.973,0.0,14.01,14.01,0.0,20.87,20.87,0.0
2013-08-27,7.298,7.298,0.0,15.52,15.52,0.0,23.37,23.37,0.0
2013-08-28,7.809,7.809,0.0,17.7,17.7,0.0,26.51,26.51,0.0
2013-08-29,7.102,7.102,0.0,16.1,16.1,0.0,23.39,23.39,0.0
2013-08-30,6.955,6.955,0.0,15.22,15.22,0.0,22.37,22.37,0.0
2013-08-31,6.924,6.924,0.0,15.41,15.41,0.0,22.46,22.46,0.0
2013-09-01,6.817,6.817,0.0,15.26,15.26,0.0,22.23,22.23,0.0
2013-09-02,6.864,6.864,0.0,15.57,15.57,0.0,22.69,22.69,0.0
2013-09-03,6.713,6.713,0.0,15.26,15.26,0.0,22.11,22.11,0.0
2013-09-04,6.586,6.586,0.0,14.51,14.51,0.0,21.24,21.24,0.0
2013-09-05,6.552,6.552,0.0,14.53,14.53,0.0,21.14,21.14,0.0
2013-09-06,6.41,6.41,0.0,14.54,14.54,0.0,21.09,21.09,0.0
2013-09-07,6.393,6.393,0.0,14.53,14.53,0.0,21.05,21.05,0.0
2013-09-08,6.33,6.33,0.0,13.95,13.95,0.0,20.41,20.41,0.0
2013-09-09,6.235,6.235,0.0,13.94,13.94,0.0,20.24,20.24,0.0
2013-09-10,6.164,6.164,0.0,13.98,13.98,0.0,20.25,20.25,0.0
2013-09-11,6.207,6.207,0.0,14.23,14.23,0.0,20.78,20.78,0.0
2013-09-12,6.152,6.152,0.0,13.91,13.91,0.0,20.36,20.36,0.0
2013-09-13,5.967,5.967,0.0,13.44,13.44,0.0,19.52,19.52,0.0
2013-09-14,5.903,5.903,0.0,13.3,13.3,0.0,19.28,19.28,0.0
2013-09-15,5.872,5.872,0.0,13.36,13.36,0.0,19.37,19.37,0.0
2013-09-16,5.763,5.763,0.0,13.05,13.05,0.0,19.0,19.0,0.0
2013-09-17,5.692,5.692,0.0,12.84,12.84,0.0,18.66,18.66,0.0
2013-09-18,5.635,5.635,0.0,12.79,12.79,0.0,18.52,18.52,0.0
2013-09-19,5.576,5.576,0.0,12.64,12.64,0.0,18.29,18.29,0.0
2013-09-20,5.683,5.683,0.0,12.8,12.8,0.0,18.67,18.67,0.0
2013-09-21,5.976,5.976,0.0,13.34,13.34,0.0,19.74,19.74,0.0
2013-09-22,5.599,5.599,0.0,12.42,12.42,0.0,18.07,18.07,0.0
2013-09-23,5.549,5.549,0.0,12.27,12.27,0.0,17.83,17.83,0.0
2013-09-24,5.496,5.496,0.0,12.22,12.22,0.0,17.7,17.7,0.0
2013-09-25,5.442,5.442,0.0,11.98,11.98,0.0,17.43,17.43,0.0
2013-09-26,5.338,5.338,0.0,11.95,11.95,0.0,17.32,17.32,0.0
2013-09-27,5.295,5.295,0.0,11.77,11.77,0.0,17.1,17.1,0.0
2013-09-28,5.25,5.25,0.0,11.63,11.63,0.0,16.89,16.89,0.0
2013-09-29,5.2,5.2,0.0,11.57,11.57,0.0,16.75,16.75,0.0
2013-09-30,5.148,5.148,0.0,11.33,11.33,0.0,16.48,16.48,0.0
2013-10-01,5.049,5.049,0.0,11.25,11.25,0.0,16.33,16.33,0.0
2013-10-02,5.009,5.009,0.0,11.09,11.09,0.0,16.13,16.13,0.0
2013-10-03,4.966,4.966,0.0,11.03,11.03,0.0,16.01,16.01,0.0
2013-10-04,4.919,4.919,0.0,10.87,10.87,0.0,15.78,15.78,0.0
2013-10-05,4.869,4.869,0.0,10.74,10.74,0.0,15.61,15.61,0.0
2013-10-06,5.065,5.065,0.0,11.32,11.32,0.0,16.71,16.71,0.0
2013-10-07,5.144,5.144,0.0,11.33,11.33,0.0,16.72,16.72,0.0
2013-10-08,4.857,4.857,0.0,10.66,10.66,0.0,15.45,15.45,0.0
2013-10-09,4.881,4.881,0.0,10.64,10.64,0.0,15.52,15.52,0.0
2013-10-10,4.896,4.896,0.0,10.66,10.66,0.0,15.62,15.62,0.0
2013-10-11,4.793,4.793,0.0,10.53,10.53,0.0,15.38,15.38,0.0
2013-10-12,4.755,4.755,0.0,10.42,10.42,0.0,15.23,15.23,0.0
2013-10-13,4.734,4.734,0.0,10.34,10.34,0.0,15.13,15.13,0.0
2013-10-14,4.699,4.699,0.0,10.33,10.33,0.0,15.05,15.05,0.0
2013-10-15,4.6,4.6,0.0,10.05,10.05,0.0,14.62,14.62,0.0
2013-10-16,4.513,4.513,0.0,9.925,9.925,0.0,14.43,14.43,0.0
2013-10-17,4.644,4.644,0.0,10.2,10.2,0.0,14.96,14.96,0.0
2013-10-18,4.497,4.497,0.0,9.819,9.819,0.0,14.3,14.3,0.0
2013-10-19,4.514,4.514,0.0,9.94,9.94,0.0,14.49,14.49,0.0
2013-10-20,4.411,4.411,0.0,9.685,9.685,0.0,14.07,14.07,0.0
2013-10-21,4.327,4.327,0.0,9.502,9.502,0.0,13.82,13.82,0.0
2013-10-22,4.292,4.292,0.0,9.392,9.392,0.0,13.67,13.67,0.0
2013-10-23,4.394,4.394,0.0,9.813,9.813,0.0,14.39,14.39,0.0
2013-10-24,4.246,4.246,0.0,9.463,9.463,0.0,13.73,13.73,0.0
2013-10-25,4.176,4.176,0.0,9.287,9.287,0.0,13.46,13.46,0.0
2013-10-26,4.097,4.097,0.0,9.138,9.138,0.0,13.25,13.25,0.0
2013-10-27,4.064,4.064,0.0,9.076,9.076,0.0,13.15,13.15,0.0
2013-10-28,4.028,4.028,0.0,8.96,8.96,0.0,13.0,13.0,0.0
2013-10-29,3.991,3.991,0.0,8.904,8.904,0.0,12.88,12.88,0.0
2013-10-30,3.953,3.953,0.0,8.806,8.806,0.0,12.76,12.76,0.0
2013-10-31,4.033,4.033,0.0,9.104,9.104,0.0,13.27,13.27,0.0
2013-11-01,4.038,4.038,0.0,9.191,9.191,0.0,13.37,13.37,0.0
2013-11-02,3.958,3.958,0.0,9.028,9.028,0.0,13.06,13.06,0.0
2013-11-03,3.873,3.873,0.0,8.841,8.841,0.0,12.7,12.7,0.0
2013-11-04,3.834,3.834,0.0,8.738,8.738,0.0,12.57,12.57,0.0
2013-11-05,3.757,3.757,0.0,8.513,8.513,0.0,12.29,12.29,0.0
2013-11-06,3.735,3.735,0.0,8.508,8.508,0.0,12.25,12.25,0.0
2013-11-07,3.773,3.773,0.0,8.739,8.739,0.0,12.61,12.61,0.0
2013-11-08,3.673,3.673,0.0,8.475,8.475,0.0,12.14,12.14,0.0
2013-11-09,3.634,3.634,0.0,8.305,8.305,0.0,11.94,11.94,0.0
2013-11-10,3.592,3.592,0.0,8.224,8.224,0.0,11.82,11.82,0.0
2013-11-11,3.521,3.521,0.0,8.183,8.183,0.0,11.73,11.73,0.0
2013-11-12,3.499,3.499,0.0,8.14,8.14,0.0,11.66,11.66,0.0
2013-11-13,3.472,3.472,0.0,8.042,8.042,0.0,11.51,11.51,0.0
2013-11-14,3.438,3.438,0.0,7.886,7.886,0.0,11.33,11.33,0.0
2013-11-15,3.462,3.462,0.0,8.006,8.006,0.0,11.51,11.51,0.0
2013-11-16,3.362,3.362,0.0,7.88,7.88,0.0,11.26,11.26,0.0
2013-11-17,3.501,3.501,0.0,8.257,8.257,0.0,11.87,11.87,0.0
2013-11-18,3.385,3.385,0.0,7.999,7.999,0.0,11.37,11.37,0.0
2013-11-19,3.355,3.355,0.0,7.878,7.878,0.0,11.23,11.23,0.0
2013-11-20,3.318,3.318,0.0,7.681,7.681,0.0,11.0,11.0,0.0
2013-11-21,3.253,3.253,0.0,7.638,7.638,0.0,10.91,10.91,0.0
2013-11-22,3.46,3.46,0.0,8.487,8.487,0.0,12.19,12.19,0.0
2013-11-23,3.247,3.247,0.0,8.0,8.0,0.0,11.23,11.23,0.0
2013-11-24,3.213,3.213,0.0,7.924,7.924,0.0,11.12,11.12,0.0
2013-11-25,3.178,3.178,0.0,7.777,7.777,0.0,10.93,10.93,0.0
2013-11-26,3.65,3.65,0.0,8.968,8.968,0.0,13.31,13.31,0.0
2013-11-27,3.359,3.359,0.0,8.291,8.291,0.0,11.98,11.98,0.0
2013-11-28,3.207,3.207,0.0,7.948,7.948,0.0,11.31,11.31,0.0
2013-11-29,3.047,3.047,0.0,7.499,7.499,0.0,10.54,10.54,0.0
2013-11-30,3.013,3.013,0.0,7.331,7.331,0.0,10.34,10.34,0.0
2013-12-01,3.775,3.775,0.0,8.085,8.085,0.0,12.07,12.07,0.0
2013-12-02,5.442,5.442,0.0,10.77,10.77,0.0,15.88,15.88,0.0
2013-12-03,5.941,5.941,0.0,11.55,11.55,0.0,15.98,15.98,0.0
2013-12-04,3.185,3.185,0.0,9.25,9.25,0.0,12.48,12.48,0.0
2013-12-05,3.705,3.705,0.0,9.524,9.524,0.0,13.34,13.34,0.0
2013-12-06,6.252,6.252,0.0,32.8,32.8,0.0,40.06,40.06,0.0
2013-12-07,5.412,5.412,0.0,13.76,13.76,0.0,19.14,19.14,0.0
2013-12-08,5.682,5.682,0.0,13.5,13.5,0.0,19.52,19.52,0.0
2013-12-09,6.002,6.002,0.0,13.16,13.16,0.0,19.1,19.1,0.0
2013-12-10,5.906,5.906,0.0,11.33,11.33,0.0,17.12,17.12,0.0
2013-12-11,5.158,5.158,0.0,11.46,11.46,0.0,16.48,16.48,0.0
2013-12-12,5.464,5.464,0.0,11.99,11.99,0.0,17.27,17.27,0.0
2013-12-13,5.427,5.427,0.0,12.33,12.33,0.0,17.77,17.77,0.0
2013-12-14,5.477,5.477,0.0,11.42,11.42,0.0,16.89,16.89,0.0
2013-12-15,5.344,5.344,0.0,11.18,11.18,0.0,16.38,16.38,0.0
2013-12-16,5.408,5.408,0.0,11.68,11.68,0.0,16.99,16.99,0.0
2013-12-17,5.422,5.422,0.0,11.86,11.86,0.0,17.3,17.3,0.0
2013-12-18,5.135,5.135,0.0,11.4,11.4,0.0,16.58,16.58,0.0
2013-12-19,10.93,10.93,0.0,22.21,22.21,0.0,32.75,32.75,0.0
2013-12-20,5.524,5.524,0.0,22.01,22.01,0.0,27.72,27.72,0.0
2013-12-21,5.765,5.765,0.0,15.02,15.02,0.0,21.11,21.11,0.0
2013-12-22,8.465,8.465,0.0,18.15,18.15,0.0,26.44,26.44,0.0
2013-12-23,8.517,8.517,0.0,17.68,17.68,0.0,25.97,25.97,0.0
2013-12-24,8.502,8.502,0.0,16.73,16.73,0.0,24.77,24.77,0.0
2013-12-25,7.663,7.663,0.0,16.17,16.17,0.0,23.51,23.51,0.0
2013-12-26,7.769,7.769,0.0,14.49,14.49,0.0,21.85,21.85,0.0
2013-12-27,7.567,7.567,0.0,15.28,15.28,0.0,22.63,22.63,0.0
2013-12-28,10.09,10.09,0.0,18.38,18.38,0.0,28.09,28.09,0.0
2013-12-29,11.58,11.58,0.0,22.74,22.74,0.0,34.31,34.31,0.0
2013-12-30,8.568,8.568,0.0,18.48,18.48,0.0,27.28,27.28,0.0
2013-12-31,7.962,7.962,0.0,15.55,15.55,0.0,23.36,23.36,0.0
2014-01-01,9.25,9.25,0.0,16.36,16.36,0.0,24.9,24.9,0.0
2014-01-02,8.015,8.015,0.0,16.77,16.77,0.0,24.96,24.96,0.0
2014-01-03,8.084,8.084,0.0,16.02,16.02,0.0,23.95,23.95,0.0
2014-01-04,7.588,7.588,0.0,14.74,14.74,0.0,22.18,22.18,0.0
2014-01-05,8.25,8.25,0.0,16.23,16.23,0.0,24.67,24.67,0.0
2014-01-06,7.723,7.723,0.0,15.88,15.88,0.0,23.62,23.62,0.0
2014-01-07,7.755,7.755,0.0,15.27,15.27,0.0,22.91,22.91,0.0
2014-01-08,7.553,7.553,0.0,14.63,14.63,0.0,22.1,22.1,0.0
2014-01-09,7.438,7.438,0.0,14.52,14.52,0.0,21.88,21.88,0.0
2014-01-10,11.25,11.25,0.0,18.58,18.58,0.0,27.85,27.85,0.0
2014-01-11,9.811,9.811,0.0,19.8,19.8,0.0,28.67,28.67,0.0
2014-01-12,7.57,7.57,0.0,15.36,15.36,0.0,22.77,22.77,0.0
2014-01-13,7.566,7.566,0.0,15.24,15.24,0.0,22.54,22.54,0.0
2014-01-14,8.245,8.245,0.0,14.83,14.83,0.0,22.63,22.63,0.0
2014-01-15,7.848,7.848,0.0,15.08,15.08,0.0,22.71,22.71,0.0
2014-01-16,7.609,7.609,0.0,14.63,14.63,0.0,22.08,22.08,0.0
2014-01-17,7.692,7.692,0.0,15.46,15.46,0.0,22.99,22.99,0.0
2014-01-18,7.513,7.513,0.0,14.16,14.16,0.0,21.44,21.44,0.0
2014-01-19,7.482,7.482,0.0,13.96,13.96,0.0,21.21,21.21,0.0
2014-01-20,9.012,9.012,0.0,15.14,15.14,0.0,23.14,23.14,0.0
2014-01-21,7.515,7.515,0.0,14.6,14.6,0.0,22.03,22.03,0.0
2014-01-22,7.408,7.408,0.0,13.91,13.91,0.0,21.02,21.02,0.0
2014-01-23,7.265,7.265,0.0,13.28,13.28,0.0,20.34,20.34,0.0
2014-01-24,6.976,6.976,0.0,13.33,13.33,0.0,20.06,20.06,0.0
2014-01-25,6.998,6.998,0.0,13.51,13.51,0.0,20.4,20.4,0.0
2014-01-26,7.02,7.02,0.0,13.13,13.13,0.0,19.93,19.93,0.0
2014-01-27,6.972,6.972,0.0,12.85,12.85,0.0,19.49,19.49,0.0
2014-01-28,6.748,6.748,0.0,12.54,12.54,0.0,19.02,19.02,0.0
2014-01-29,6.535,6.535,0.0,12.57,12.57,0.0,18.9,18.9,0.0
2014-01-30,6.611,6.611,0.0,12.42,12.42,0.0,18.78,18.78,0.0
2014-01-31,6.581,6.581,0.0,12.24,12.24,0.0,18.51,18.51,0.0
2014-02-01,8.69,8.69,0.0,21.43,21.43,0.0,28.78,28.78,0.0
2014-02-02,15.1,15.1,0.0,23.08,23.08,0.0,36.38,36.38,0.0
2014-02-03,9.725,9.725,0.0,15.7,15.7,0.0,24.14,24.14,0.0
2014-02-04,7.221,7.221,0.0,13.48,13.48,0.0,20.73,20.73,0.0
2014-02-05,11.82,11.82,0.0,26.8,26.8,0.0,39.28,39.28,0.0
2014-02-06,6.805,6.805,0.0,13.76,13.76,0.0,20.5,20.5,0.0
2014-02-07,6.851,6.851,0.0,12.88,12.88,0.0,19.43,19.43,0.0
2014-02-08,6.73,6.73,0.0,12.4,12.4,0.0,18.89,18.89,0.0
2014-02-09,6.806,6.806,0.0,12.31,12.31,0.0,18.8,18.8,0.0
2014-02-10,6.582,6.582,0.0,12.36,12.36,0.0,18.57,18.57,0.0
2014-02-11,6.45,6.45,0.0,12.12,12.12,0.0,18.31,18.31,0.0
2014-02-12,6.75,6.75,0.0,12.66,12.66,0.0,19.47,19.47,0.0
2014-02-13,6.694,6.694,0.0,12.18,12.18,0.0,18.81,18.81,0.0
2014-02-14,8.13,8.13,0.0,13.35,13.35,0.0,21.0,21.0,0.0
2014-02-15,6.616,6.616,0.0,12.12,12.12,0.0,18.5,18.5,0.0
2014-02-16,6.367,6.367,0.0,11.83,11.83,0.0,18.02,18.02,0.0
2014-02-17,6.356,6.356,0.0,11.41,11.41,0.0,17.51,17.51,0.0
2014-02-18,10.15,10.15,0.0,14.95,14.95,0.0,24.87,24.87,0.0
2014-02-19,12.92,12.92,0.0,60.47,60.47,0.0,75.36,75.36,0.0
2014-02-20,7.723,7.723,0.0,65.89,65.89,0.0,73.7,73.7,0.0
2014-02-21,11.49,11.49,0.0,37.69,37.69,0.0,48.13,48.13,0.0
2014-02-22,10.28,10.28,0.0,18.49,18.49,0.0,28.47,28.47,0.0
2014-02-23,10.41,10.41,0.0,19.49,19.49,0.0,29.84,29.84,0.0
2014-02-24,8.577,8.577,0.0,18.46,18.46,0.0,26.95,26.95,0.0
2014-02-25,9.227,9.227,0.0,15.78,15.78,0.0,24.86,24.86,0.0
2014-02-26,9.548,9.548,0.0,16.86,16.86,0.0,26.22,26.22,0.0
2014-02-27,9.609,9.609,0.0,17.61,17.61,0.0,27.04,27.04,0.0
2014-02-28,9.125,9.125,0.0,17.05,17.05,0.0,26.12,26.12,0.0
2014-03-01,8.746,8.746,0.0,15.69,15.69,0.0,24.23,24.23,0.0
2014-03-02,11.78,11.78,0.0,20.79,20.79,0.0,32.23,32.23,0.0
2014-03-03,9.781,9.781,0.0,17.86,17.86,0.0,27.66,27.66,0.0
2014-03-04,9.633,9.633,0.0,17.3,17.3,0.0,26.72,26.72,0.0
2014-03-05,9.414,9.414,0.0,15.76,15.76,0.0,24.75,24.75,0.0
2014-03-06,8.656,8.656,0.0,15.78,15.78,0.0,24.37,24.37,0.0
2014-03-07,10.85,10.85,0.0,18.78,18.78,0.0,28.9,28.9,0.0
2014-03-08,9.455,9.455,0.0,17.05,17.05,0.0,26.33,26.33,0.0
2014-03-09,9.627,9.627,0.0,16.89,16.89,0.0,26.23,26.23,0.0
2014-03-10,9.488,9.488,0.0,16.98,16.98,0.0,26.04,26.04,0.0
2014-03-11,10.44,10.44,0.0,18.16,18.16,0.0,28.26,28.26,0.0
2014-03-12,11.86,11.86,0.0,20.97,20.97,0.0,32.58,32.58,0.0
2014-03-13,11.05,11.05,0.0,19.19,19.19,0.0,30.25,30.25,0.0
2014-03-14,11.3,11.3,0.0,20.29,20.29,0.0,31.11,31.11,0.0
2014-03-15,11.59,11.59,0.0,20.0,20.0,0.0,30.74,30.74,0.0
2014-03-16,11.92,11.92,0.0,21.53,21.53,0.0,33.42,33.42,0.0
2014-03-17,11.64,11.64,0.0,21.34,21.34,0.0,32.61,32.61,0.0
2014-03-18,11.28,11.28,0.0,20.36,20.36,0.0,31.45,31.45,0.0
2014-03-19,12.61,12.61,0.0,23.61,23.61,0.0,35.65,35.65,0.0
2014-03-20,12.41,12.41,0.0,21.09,21.09,0.0,32.64,32.64,0.0
2014-03-21,11.88,11.88,0.0,21.92,21.92,0.0,33.37,33.37,0.0
2014-03-22,11.38,11.38,0.0,22.45,22.45,0.0,33.47,33.47,0.0
2014-03-23,11.83,11.83,0.0,21.03,21.03,0.0,32.32,32.32,0.0
2014-03-24,11.92,11.92,0.0,21.58,21.58,0.0,32.92,32.92,0.0
2014-03-25,11.72,11.72,0.0,21.74,21.74,0.0,32.88,32.88,0.0
2014-03-26,11.1,11.1,0.0,21.65,21.65,0.0,32.29,32.29,0.0
2014-03-27,11.35,11.35,0.0,20.91,20.91,0.0,31.76,31.76,0.0
2014-03-28,11.65,11.65,0.0,21.46,21.46,0.0,32.63,32.63,0.0
2014-03-29,13.71,13.71,0.0,24.8,24.8,0.0,37.81,37.81,0.0
2014-03-30,13.25,13.25,0.0,22.83,22.83,0.0,35.52,35.52,0.0
2014-03-31,12.57,12.57,0.0,21.86,21.86,0.0,33.6,33.6,0.0
2014-04-01,11.69,11.69,0.0,22.59,22.59,0.0,33.8,33.8,0.0
2014-04-02,12.28,12.28,0.0,23.19,23.19,0.0,34.85,34.85,0.0
2014-04-03,12.7,12.7,0.0,22.39,22.39,0.0,34.34,34.34,0.0
2014-04-04,12.73,12.73,0.0,22.88,22.88,0.0,34.96,34.96,0.0
2014-04-05,12.16,12.16,0.0,22.04,22.04,0.0,33.3,33.3,0.0
2014-04-06,11.87,11.87,0.0,22.82,22.82,0.0,34.25,34.25,0.0
2014-04-07,12.8,12.8,0.0,22.47,22.47,0.0,34.61,34.61,0.0
2014-04-08,12.6,12.6,0.0,22.72,22.72,0.0,34.61,34.61,0.0
2014-04-09,12.32,12.32,0.0,22.49,22.49,0.0,33.96,33.96,0.0
2014-04-10,11.63,11.63,0.0,21.7,21.7,0.0,32.77,32.77,0.0
2014-04-11,12.09,12.09,0.0,22.19,22.19,0.0,33.6,33.6,0.0
2014-04-12,12.12,12.12,0.0,21.47,21.47,0.0,32.86,32.86,0.0
2014-04-13,12.06,12.06,0.0,21.53,21.53,0.0,32.84,32.84,0.0
2014-04-14,13.04,13.04,0.0,22.63,22.63,0.0,34.95,34.95,0.0
2014-04-15,12.96,12.96,0.0,22.55,22.55,0.0,34.8,34.8,0.0
2014-04-16,11.87,11.87,0.0,22.0,22.0,0.0,33.25,33.25,0.0
2014-04-17,12.3,12.3,0.0,21.49,21.49,0.0,33.03,33.03,0.0
2014-04-18,12.38,12.38,0.0,21.61,21.61,0.0,33.22,33.22,0.0
2014-04-19,12.32,12.32,0.0,21.72,21.72,0.0,33.27,33.27,0.0
2014-04-20,11.92,11.92,0.0,20.91,20.91,0.0,31.9,31.9,0.0
2014-04-21,11.5,11.5,0.0,20.79,20.79,0.0,31.69,31.69,0.0
2014-04-22,11.8,11.8,0.0,21.18,21.18,0.0,32.41,32.41,0.0
2014-04-23,11.73,11.73,0.0,20.86,20.86,0.0,31.89,31.89,0.0
2014-04-24,11.42,11.42,0.0,20.33,20.33,0.0,30.99,30.99,0.0
2014-04-25,12.78,12.78,0.0,22.22,22.22,0.0,34.58,34.58,0.0
2014-04-26,12.35,12.35,0.0,21.78,21.78,0.0,33.59,33.59,0.0
2014-04-27,11.63,11.63,0.0,20.95,20.95,0.0,32.06,32.06,0.0
2014-04-28,12.7,12.7,0.0,22.16,22.16,0.0,34.33,34.33,0.0
2014-04-29,14.0,14.0,0.0,23.23,23.23,0.0,36.63,36.63,0.0
2014-04-30,13.92,13.92,0.0,23.06,23.06,0.0,36.36,36.36,0.0
2014-05-01,12.97,12.97,0.0,22.11,22.11,0.0,34.37,34.37,0.0
2014-05-02,12.38,12.38,0.0,22.05,22.05,0.0,33.89,33.89,0.0
2014-05-03,12.77,12.77,0.0,21.77,21.77,0.0,33.89,33.89,0.0
2014-05-04,12.84,12.84,0.0,21.81,21.81,0.0,33.98,33.98,0.0
2014-05-05,12.59,12.59,0.0,21.62,21.62,0.0,33.58,33.58,0.0
2014-05-06,12.09,12.09,0.0,21.58,21.58,0.0,33.12,33.12,0.0
2014-05-07,12.38,12.38,0.0,21.15,21.15,0.0,32.92,32.92,0.0
2014-05-08,12.38,12.38,0.0,21.33,21.33,0.0,33.06,33.06,0.0
2014-05-09,12.35,12.35,0.0,21.32,21.32,0.0,33.1,33.1,0.0
2014-05-10,12.55,12.55,0.0,21.27,21.27,0.0,33.04,33.04,0.0
2014-05-11,12.26,12.26,0.0,20.89,20.89,0.0,32.34,32.34,0.0
2014-05-12,11.98,11.98,0.0,20.66,20.66,0.0,32.13,32.13,0.0
2014-05-13,12.96,12.96,0.0,21.6,21.6,0.0,34.09,34.09,0.0
2014-05-14,13.26,13.26,0.0,23.02,23.02,0.0,36.25,36.25,0.0
2014-05-15,24.54,24.54,0.0,34.85,34.85,0.0,57.43,57.43,0.0
2014-05-16,18.41,18.41,0.0,30.0,30.0,0.0,47.52,47.52,0.0
2014-05-17,16.15,16.15,0.0,27.38,27.38,0.0,43.05,43.05,0.0
2014-05-18,14.15,14.15,0.0,24.18,24.18,0.0,37.91,37.91,0.0
2014-05-19,14.99,14.99,0.0,25.18,25.18,0.0,39.54,39.54,0.0
2014-05-20,15.23,15.23,0.0,25.82,25.82,0.0,40.22,40.22,0.0
2014-05-21,14.75,14.75,0.0,26.04,26.04,0.0,40.11,40.11,0.0
2014-05-22,14.41,14.41,0.0,24.32,24.32,0.0,38.38,38.38,0.0
2014-05-23,14.5,14.5,0.0,24.24,24.24,0.0,38.24,38.24,0.0
2014-05-24,14.58,14.58,0.0,24.75,24.75,0.0,38.74,38.74,0.0
2014-05-25,14.52,14.52,0.0,24.79,24.79,0.0,38.55,38.55,0.0
2014-05-26,13.96,13.96,0.0,24.56,24.56,0.0,38.09,38.09,0.0
2014-05-27,13.86,13.86,0.0,23.56,23.56,0.0,37.11,37.11,0.0
2014-05-28,13.95,13.95,0.0,24.17,24.17,0.0,37.66,37.66,0.0
2014-05-29,14.28,14.28,0.0,25.45,25.45,0.0,39.64,39.64,0.0
2014-05-30,13.95,13.95,0.0,24.82,24.82,0.0,38.36,38.36,0.0
2014-05-31,13.07,13.07,0.0,23.74,23.74,0.0,36.38,36.38,0.0
2014-06-01,13.37,13.37,0.0,23.12,23.12,0.0,36.01,36.01,0.0
2014-06-02,13.4,13.4,0.0,23.59,23.59,0.0,36.53,36.53,0.0
2014-06-03,13.48,13.48,0.0,24.09,24.09,0.0,37.2,37.2,0.0
2014-06-04,13.26,13.26,0.0,24.5,24.5,0.0,37.62,37.62,0.0
2014-06-05,12.71,12.71,0.0,23.1,23.1,0.0,35.47,35.47,0.0
2014-06-06,12.84,12.84,0.0,22.52,22.52,0.0,34.95,34.95,0.0
2014-06-07,12.82,12.82,0.0,22.91,22.91,0.0,35.3,35.3,0.0
2014-06-08,13.03,13.03,0.0,23.92,23.92,0.0,36.89,36.89,0.0
2014-06-09,12.38,12.38,0.0,22.87,22.87,0.0,34.83,34.83,0.0
2014-06-10,12.15,12.15,0.0,22.06,22.06,0.0,34.03,34.03,0.0
2014-06-11,12.29,12.29,0.0,22.11,22.11,0.0,34.14,34.14,0.0
2014-06-12,12.31,12.31,0.0,22.49,22.49,0.0,34.65,34.65,0.0
2014-06-13,12.07,12.07,0.0,22.19,22.19,0.0,33.85,33.85,0.0
2014-06-14,11.6,11.6,0.0,21.48,21.48,0.0,32.77,32.77,0.0
2014-06-15,11.63,11.63,0.0,20.94,20.94,0.0,32.24,32.24,0.0
2014-06-16,11.64,11.64,0.0,20.99,20.99,0.0,32.27,32.27,0.0
2014-06-17,11.55,11.55,0.0,21.0,21.0,0.0,32.18,32.18,0.0
2014-06-18,11.39,11.39,0.0,20.96,20.96,0.0,32.03,32.03,0.0
2014-06-19,11.24,11.24,0.0,20.79,20.79,0.0,31.95,31.95,0.0
2014-06-20,11.12,11.12,0.0,20.12,20.12,0.0,30.98,30.98,0.0
2014-06-21,11.25,11.25,0.0,20.6,20.6,0.0,31.74,31.74,0.0
2014-06-22,10.98,10.98,0.0,20.07,20.07,0.0,30.71,30.71,0.0
2014-06-23,10.84,10.84,0.0,19.65,19.65,0.0,29.99,29.99,0.0
2014-06-24,10.56,10.56,0.0,19.17,19.17,0.0,29.41,29.41,0.0
2014-06-25,10.56,10.56,0.0,19.19,19.19,0.0,29.43,29.43,0.0
2014-06-26,10.52,10.52,0.0,19.13,19.13,0.0,29.28,29.28,0.0
2014-06-27,10.39,10.39,0.0,18.91,18.91,0.0,28.95,28.95,0.0
2014-06-28,10.33,10.33,0.0,18.81,18.81,0.0,28.74,28.74,0.0
2014-06-29,10.07,10.07,0.0,18.37,18.37,0.0,28.22,28.22,0.0
2014-06-30,10.05,10.05,0.0,18.33,18.33,0.0,28.14,28.14,0.0
2014-07-01,9.942,9.942,0.0,18.09,18.09,0.0,27.68,27.68,0.0
2014-07-02,9.935,9.935,0.0,18.2,18.2,0.0,27.99,27.99,0.0
2014-07-03,9.897,9.897,0.0,17.75,17.75,0.0,27.94,27.94,0.0
2014-07-04,9.64,9.64,0.0,17.28,17.28,0.0,26.85,26.85,0.0
2014-07-05,9.638,9.638,0.0,17.2,17.2,0.0,26.6,26.6,0.0
2014-07-06,9.543,9.543,0.0,17.06,17.06,0.0,26.41,26.41,0.0
2014-07-07,9.433,9.433,0.0,16.85,16.85,0.0,26.07,26.07,0.0
2014-07-08,9.438,9.438,0.0,16.94,16.94,0.0,26.42,26.42,0.0
2014-07-09,9.133,9.133,0.0,16.41,16.41,0.0,25.36,25.36,0.0
2014-07-10,9.085,9.085,0.0,16.27,16.27,0.0,25.18,25.18,0.0
2014-07-11,8.996,8.996,0.0,16.07,16.07,0.0,24.88,24.88,0.0
2014-07-12,8.865,8.865,0.0,15.86,15.86,0.0,24.56,24.56,0.0
2014-07-13,8.982,8.982,0.0,16.09,16.09,0.0,25.13,25.13,0.0
2014-07-14,8.701,8.701,0.0,15.72,15.72,0.0,24.35,24.35,0.0
2014-07-15,8.608,8.608,0.0,15.52,15.52,0.0,24.02,24.02,0.0
2014-07-16,8.463,8.463,0.0,15.2,15.2,0.0,23.52,23.52,0.0
2014-07-17,8.404,8.404,0.0,14.94,14.94,0.0,23.17,23.17,0.0
2014-07-18,8.386,8.386,0.0,14.97,14.97,0.0,23.28,23.28,0.0
2014-07-19,8.186,8.186,0.0,14.79,14.79,0.0,22.86,22.86,0.0
2014-07-20,8.097,8.097,0.0,14.51,14.51,0.0,22.44,22.44,0.0
2014-07-21,8.003,8.003,0.0,14.32,14.32,0.0,22.18,22.18,0.0
2014-07-22,7.938,7.938,0.0,14.13,14.13,0.0,21.9,21.9,0.0
2014-07-23,7.839,7.839,0.0,14.13,14.13,0.0,21.92,21.92,0.0
2014-07-24,7.959,7.959,0.0,14.16,14.16,0.0,21.97,21.97,0.0
2014-07-25,7.764,7.764,0.0,13.77,13.77,0.0,21.33,21.33,0.0
2014-07-26,8.23,8.23,0.0,14.75,14.75,0.0,23.25,23.25,0.0
2014-07-27,8.241,8.241,0.0,14.87,14.87,0.0,23.44,23.44,0.0
2014-07-28,7.959,7.959,0.0,14.42,14.42,0.0,22.51,22.51,0.0
2014-07-29,7.721,7.721,0.0,13.74,13.74,0.0,21.25,21.25,0.0
2014-07-30,7.649,7.649,0.0,13.59,13.59,0.0,21.04,21.04,0.0
2014-07-31,7.559,7.559,0.0,13.39,13.39,0.0,20.77,20.77,0.0
2014-08-01,7.492,7.492,0.0,13.22,13.22,0.0,20.52,20.52,0.0
2014-08-02,7.377,7.377,0.0,13.21,13.21,0.0,20.47,20.47,0.0
2014-08-03,7.298,7.298,0.0,12.97,12.97,0.0,20.05,20.05,0.0
2014-08-04,7.218,7.218,0.0,12.84,12.84,0.0,19.87,19.87,0.0
2014-08-05,7.158,7.158,0.0,12.63,12.63,0.0,19.61,19.61,0.0
2014-08-06,7.176,7.176,0.0,12.75,12.75,0.0,19.85,19.85,0.0
2014-08-07,6.947,6.947,0.0,12.41,12.41,0.0,19.21,19.21,0.0
2014-08-08,6.896,6.896,0.0,12.26,12.26,0.0,18.94,18.94,0.0
2014-08-09,6.83,6.83,0.0,12.11,12.11,0.0,18.75,18.75,0.0
2014-08-10,6.768,6.768,0.0,11.96,11.96,0.0,18.54,18.54,0.0
2014-08-11,7.14,7.14,0.0,12.86,12.86,0.0,20.23,20.23,0.0
2014-08-12,7.025,7.025,0.0,12.72,12.72,0.0,19.92,19.92,0.0
2014-08-13,6.801,6.801,0.0,12.19,12.19,0.0,18.99,18.99,0.0
2014-08-14,6.645,6.645,0.0,11.75,11.75,0.0,18.25,18.25,0.0
2014-08-15,6.58,6.58,0.0,11.58,11.58,0.0,18.01,18.01,0.0
2014-08-16,6.51,6.51,0.0,11.49,11.49,0.0,17.83,17.83,0.0
2014-08-17,6.435,6.435,0.0,11.53,11.53,0.0,17.88,17.88,0.0
2014-08-18,6.43,6.43,0.0,11.51,11.51,0.0,17.92,17.92,0.0
2014-08-19,6.369,6.369,0.0,11.31,11.31,0.0,17.61,17.61,0.0
2014-08-20,6.315,6.315,0.0,11.23,11.23,0.0,17.5,17.5,0.0
2014-08-21,6.198,6.198,0.0,11.02,11.02,0.0,17.11,17.11,0.0
2014-08-22,6.17,6.17,0.0,11.18,11.18,0.0,17.38,17.38,0.0
2014-08-23,6.106,6.106,0.0,10.74,10.74,0.0,16.7,16.7,0.0
2014-08-24,6.034,6.034,0.0,10.63,10.63,0.0,16.52,16.52,0.0
2014-08-25,5.969,5.969,0.0,10.48,10.48,0.0,16.3,16.3,0.0
2014-08-26,5.902,5.902,0.0,10.38,10.38,0.0,16.15,16.15,0.0
2014-08-27,5.793,5.793,0.0,10.28,10.28,0.0,15.95,15.95,0.0
2014-08-28,5.757,5.757,0.0,10.13,10.13,0.0,15.73,15.73,0.0
2014-08-29,5.694,5.694,0.0,10.01,10.01,0.0,15.57,15.57,0.0
2014-08-30,5.636,5.636,0.0,9.904,9.904,0.0,15.4,15.4,0.0
2014-08-31,5.746,5.746,0.0,10.24,10.24,0.0,16.08,16.08,0.0
2014-09-01,5.64,5.64,0.0,10.08,10.08,0.0,15.76,15.76,0.0
2014-09-02,5.619,5.619,0.0,10.03,10.03,0.0,15.7,15.7,0.0
2014-09-03,5.437,5.437,0.0,9.589,9.589,0.0,14.92,14.92,0.0
2014-09-04,5.562,5.562,0.0,10.02,10.02,0.0,15.74,15.74,0.0
2014-09-05,5.308,5.308,0.0,9.456,9.456,0.0,14.69,14.69,0.0
2014-09-06,5.444,5.444,0.0,9.803,9.803,0.0,15.35,15.35,0.0
2014-09-07,5.225,5.225,0.0,9.264,9.264,0.0,14.4,14.4,0.0
2014-09-08,5.185,5.185,0.0,9.181,9.181,0.0,14.27,14.27,0.0
2014-09-09,5.127,5.127,0.0,9.082,9.082,0.0,14.11,14.11,0.0
2014-09-10,5.043,5.043,0.0,8.981,8.981,0.0,13.95,13.95,0.0
2014-09-11,5.044,5.044,0.0,8.977,8.977,0.0,13.97,13.97,0.0
2014-09-12,4.95,4.95,0.0,8.765,8.765,0.0,13.62,13.62,0.0
2014-09-13,4.955,4.955,0.0,8.82,8.82,0.0,13.75,13.75,0.0
2014-09-14,4.846,4.846,0.0,8.582,8.582,0.0,13.34,13.34,0.0
2014-09-15,4.799,4.799,0.0,8.568,8.568,0.0,13.33,13.33,0.0
2014-09-16,4.729,4.729,0.0,8.383,8.383,0.0,13.01,13.01,0.0
2014-09-17,4.678,4.678,0.0,8.276,8.276,0.0,12.86,12.86,0.0
2014-09-18,4.629,4.629,0.0,8.191,8.191,0.0,12.73,12.73,0.0
2014-09-19,4.578,4.578,0.0,8.1,8.1,0.0,12.59,12.59,0.0
2014-09-20,4.506,4.506,0.0,8.01,8.01,0.0,12.44,12.44,0.0
2014-09-21,4.553,4.553,0.0,8.139,8.139,0.0,12.71,12.71,0.0
2014-09-22,4.419,4.419,0.0,7.828,7.828,0.0,12.16,12.16,0.0
2014-09-23,4.371,4.371,0.0,7.741,7.741,0.0,12.02,12.02,0.0
2014-09-24,4.309,4.309,0.0,7.653,7.653,0.0,11.88,11.88,0.0
2014-09-25,4.266,4.266,0.0,7.567,7.567,0.0,11.74,11.74,0.0
2014-09-26,4.222,4.222,0.0,7.465,7.465,0.0,11.6,11.6,0.0
2014-09-27,4.173,4.173,0.0,7.387,7.387,0.0,11.48,11.48,0.0
2014-09-28,4.118,4.118,0.0,7.307,7.307,0.0,11.35,11.35,0.0
2014-09-29,4.077,4.077,0.0,7.221,7.221,0.0,11.21,11.21,0.0
2014-09-30,4.123,4.123,0.0,7.387,7.387,0.0,11.55,11.55,0.0
2014-10-01,3.988,3.988,0.0,7.062,7.062,0.0,10.97,10.97,0.0
2014-10-02,3.934,3.934,0.0,6.981,6.981,0.0,10.84,10.84,0.0
2014-10-03,3.918,3.918,0.0,6.966,6.966,0.0,10.83,10.83,0.0
2014-10-04,3.88,3.88,0.0,6.897,6.897,0.0,10.73,10.73,0.0
2014-10-05,3.809,3.809,0.0,6.751,6.751,0.0,10.48,10.48,0.0
2014-10-06,4.092,4.092,0.0,7.438,7.438,0.0,11.75,11.75,0.0
2014-10-07,4.036,4.036,0.0,7.247,7.247,0.0,11.36,11.36,0.0
2014-10-08,3.837,3.837,0.0,6.768,6.768,0.0,10.49,10.49,0.0
2014-10-09,3.808,3.808,0.0,6.722,6.722,0.0,10.43,10.43,0.0
2014-10-10,4.172,4.172,0.0,7.656,7.656,0.0,12.14,12.14,0.0
2014-10-11,3.917,3.917,0.0,7.104,7.104,0.0,11.07,11.07,0.0
2014-10-12,3.884,3.884,0.0,6.93,6.93,0.0,10.75,10.75,0.0
2014-10-13,3.932,3.932,0.0,7.006,7.006,0.0,10.91,10.91,0.0
2014-10-14,4.777,4.777,0.0,8.445,8.445,0.0,13.59,13.59,0.0
2014-10-15,4.661,4.661,0.0,8.343,8.343,0.0,13.21,13.21,0.0
2014-10-16,4.559,4.559,0.0,8.27,8.27,0.0,12.93,12.93,0.0
2014-10-17,4.322,4.322,0.0,7.7,7.7,0.0,11.89,11.89,0.0
2014-10-18,4.346,4.346,0.0,7.837,7.837,0.0,12.11,12.11,0.0
2014-10-19,4.244,4.244,0.0,7.62,7.62,0.0,11.73,11.73,0.0
2014-10-20,4.201,4.201,0.0,7.55,7.55,0.0,11.62,11.62,0.0
2014-10-21,4.364,4.364,0.0,8.229,8.229,0.0,12.73,12.73,0.0
2014-10-22,4.174,4.174,0.0,7.887,7.887,0.0,12.03,12.03,0.0
2014-10-23,4.085,4.085,0.0,7.696,7.696,0.0,11.69,11.69,0.0
2014-10-24,4.04,4.04,0.0,7.615,7.615,0.0,11.57,11.57,0.0
2014-10-25,3.994,3.994,0.0,7.425,7.425,0.0,11.33,11.33,0.0
2014-10-26,3.95,3.95,0.0,7.406,7.406,0.0,11.27,11.27,0.0
2014-10-27,3.9,3.9,0.0,7.356,7.356,0.0,11.18,11.18,0.0
2014-10-28,3.952,3.952,0.0,7.549,7.549,0.0,11.54,11.54,0.0
2014-10-29,3.918,3.918,0.0,7.565,7.565,0.0,11.55,11.55,0.0
2014-10-30,3.778,3.778,0.0,7.163,7.163,0.0,10.88,10.88,0.0
2014-10-31,3.882,3.882,0.0,7.556,7.556,0.0,11.5,11.5,0.0
2014-11-01,3.822,3.822,0.0,7.499,7.499,0.0,11.35,11.35,0.0
2014-11-02,3.731,3.731,0.0,7.305,7.305,0.0,11.0,11.0,0.0
2014-11-03,3.691,3.691,0.0,7.265,7.265,0.0,10.92,10.92,0.0
2014-11-04,3.649,3.649,0.0,7.068,7.068,0.0,10.68,10.68,0.0
2014-11-05,3.728,3.728,0.0,7.452,7.452,0.0,11.28,11.28,0.0
2014-11-06,3.895,3.895,0.0,8.222,8.222,0.0,12.36,12.36,0.0
2014-11-07,3.691,3.691,0.0,7.906,7.906,0.0,11.64,11.64,0.0
2014-11-08,3.625,3.625,0.0,7.795,7.795,0.0,11.42,11.42,0.0
2014-11-09,3.584,3.584,0.0,7.663,7.663,0.0,11.25,11.25,0.0
2014-11-10,3.546,3.546,0.0,7.305,7.305,0.0,10.86,10.86,0.0
2014-11-11,3.507,3.507,0.0,7.437,7.437,0.0,10.95,10.95,0.0
2014-11-12,3.464,3.464,0.0,7.443,7.443,0.0,10.92,10.92,0.0
2014-11-13,3.449,3.449,0.0,7.408,7.408,0.0,10.9,10.9,0.0
2014-11-14,3.419,3.419,0.0,7.354,7.354,0.0,10.82,10.82,0.0
2014-11-15,3.353,3.353,0.0,7.029,7.029,0.0,10.39,10.39,0.0
2014-11-16,3.45,3.45,0.0,7.541,7.541,0.0,11.15,11.15,0.0
2014-11-17,3.676,3.676,0.0,8.221,8.221,0.0,12.04,12.04,0.0
2014-11-18,3.568,3.568,0.0,7.89,7.89,0.0,11.51,11.51,0.0
2014-11-19,3.483,3.483,0.0,7.681,7.681,0.0,11.16,11.16,0.0
2014-11-20,3.447,3.447,0.0,7.287,7.287,0.0,10.74,10.74,0.0
2014-11-21,3.412,3.412,0.0,7.394,7.394,0.0,10.81,10.81,0.0
2014-11-22,3.376,3.376,0.0,7.43,7.43,0.0,10.81,10.81,0.0
2014-11-23,3.583,3.583,0.0,7.648,7.648,0.0,11.27,11.27,0.0
2014-11-24,3.475,3.475,0.0,7.43,7.43,0.0,10.89,10.89,0.0
2014-11-25,3.813,3.813,0.0,7.819,7.819,0.0,11.81,11.81,0.0
2014-11-26,3.971,3.971,0.0,8.721,8.721,0.0,13.1,13.1,0.0
2014-11-27,3.751,3.751,0.0,8.198,8.198,0.0,12.12,12.12,0.0
2014-11-28,3.676,3.676,0.0,7.911,7.911,0.0,11.75,11.75,0.0
2014-11-29,3.586,3.586,0.0,7.606,7.606,0.0,11.3,11.3,0.0
2014-11-30,4.523,4.523,0.0,10.24,10.24,0.0,15.46,15.46,0.0
2014-12-01,4.439,4.439,0.0,8.962,8.962,0.0,13.63,13.63,0.0
2014-12-02,4.744,4.744,0.0,9.634,9.634,0.0,14.57,14.57,0.0
2014-12-03,4.864,4.864,0.0,9.15,9.15,0.0,14.13,14.13,0.0
2014-12-04,5.04,5.04,0.0,9.416,9.416,0.0,14.69,14.69,0.0
2014-12-05,5.136,5.136,0.0,9.741,9.741,0.0,15.2,15.2,0.0
2014-12-06,5.89,5.89,0.0,12.86,12.86,0.0,19.43,19.43,0.0
2014-12-07,5.206,5.206,0.0,10.78,10.78,0.0,16.27,16.27,0.0
2014-12-08,5.343,5.343,0.0,9.913,9.913,0.0,15.59,15.59,0.0
2014-12-09,5.442,5.442,0.0,10.36,10.36,0.0,16.1,16.1,0.0
2014-12-10,5.535,5.535,0.0,10.73,10.73,0.0,16.65,16.65,0.0
2014-12-11,5.416,5.416,0.0,10.41,10.41,0.0,15.99,15.99,0.0
2014-12-12,5.131,5.131,0.0,9.637,9.637,0.0,15.14,15.14,0.0
2014-12-13,5.108,5.108,0.0,10.13,10.13,0.0,15.46,15.46,0.0
2014-12-14,5.169,5.169,0.0,10.29,10.29,0.0,15.74,15.74,0.0
2014-12-15,5.044,5.044,0.0,9.981,9.981,0.0,15.26,15.26,0.0
2014-12-16,5.302,5.302,0.0,11.13,11.13,0.0,16.96,16.96,0.0
2014-12-17,5.318,5.318,0.0,10.53,10.53,0.0,16.14,16.14,0.0
2014-12-18,5.096,5.096,0.0,9.805,9.805,0.0,15.18,15.18,0.0
2014-12-19,5.151,5.151,0.0,10.2,10.2,0.0,15.65,15.65,0.0
2014-12-20,5.029,5.029,0.0,10.02,10.02,0.0,15.32,15.32,0.0
2014-12-21,5.064,5.064,0.0,10.06,10.06,0.0,15.4,15.4,0.0
2014-12-22,4.974,4.974,0.0,9.707,9.707,0.0,14.95,14.95,0.0
2014-12-23,5.291,5.291,0.0,10.7,10.7,0.0,16.34,16.34,0.0
2014-12-24,5.284,5.284,0.0,10.6,10.6,0.0,16.17,16.17,0.0
2014-12-25,5.532,5.532,0.0,10.39,10.39,0.0,15.97,15.97,0.0
2014-12-26,5.522,5.522,0.0,10.56,10.56,0.0,16.21,16.21,0.0
2014-12-27,5.391,5.391,0.0,10.59,10.59,0.0,16.15,16.15,0.0
2014-12-28,5.31,5.31,0.0,10.05,10.05,0.0,15.6,15.6,0.0
2014-12-29,5.412,5.412,0.0,10.43,10.43,0.0,15.99,15.99,0.0
2014-12-30,5.418,5.418,0.0,10.2,10.2,0.0,15.66,15.66,0.0
2014-12-31,5.279,5.279,0.0,10.35,10.35,0.0,15.76,15.76,0.0
2015-01-01,5.231,5.231,0.0,10.21,10.21,0.0,15.5,15.5,0.0
2015-01-02,5.244,5.244,0.0,9.9,9.9,0.0,15.34,15.34,0.0
2015-01-03,6.152,6.152,0.0,12.67,12.67,0.0,19.43,19.43,0.0
2015-01-04,5.97,5.97,0.0,11.67,11.67,0.0,18.14,18.14,0.0
2015-01-05,5.979,5.979,0.0,10.97,10.97,0.0,17.18,17.18,0.0
2015-01-06,5.931,5.931,0.0,10.57,10.57,0.0,16.77,16.77,0.0
2015-01-07,5.407,5.407,0.0,10.29,10.29,0.0,15.91,15.91,0.0
2015-01-08,5.525,5.525,0.0,9.953,9.953,0.0,15.57,15.57,0.0
2015-01-09,5.592,5.592,0.0,10.0,10.0,0.0,15.71,15.71,0.0
2015-01-10,5.431,5.431,0.0,9.823,9.823,0.0,15.44,15.44,0.0
2015-01-11,5.316,5.316,0.0,9.671,9.671,0.0,15.2,15.2,0.0
2015-01-12,5.433,5.433,0.0,9.683,9.683,0.0,15.21,15.21,0.0
2015-01-13,5.322,5.322,0.0,9.517,9.517,0.0,14.94,14.94,0.0
2015-01-14,5.304,5.304,0.0,9.379,9.379,0.0,14.79,14.79,0.0
2015-01-15,5.062,5.062,0.0,9.374,9.374,0.0,14.65,14.65,0.0
2015-01-16,5.082,5.082,0.0,9.185,9.185,0.0,14.35,14.35,0.0
2015-01-17,5.22,5.22,0.0,9.512,9.512,0.0,15.23,15.23,0.0
2015-01-18,5.524,5.524,0.0,9.308,9.308,0.0,15.08,15.08,0.0
2015-01-19,4.95,4.95,0.0,9.075,9.075,0.0,14.19,14.19,0.0
2015-01-20,4.87,4.87,0.0,9.404,9.404,0.0,14.42,14.42,0.0
2015-01-21,4.928,4.928,0.0,9.33,9.33,0.0,14.46,14.46,0.0
2015-01-22,4.843,4.843,0.0,8.882,8.882,0.0,13.79,13.79,0.0
2015-01-23,5.136,5.136,0.0,9.487,9.487,0.0,15.11,15.11,0.0
2015-01-24,4.794,4.794,0.0,8.971,8.971,0.0,14.01,14.01,0.0
2015-01-25,4.825,4.825,0.0,11.0,11.0,0.0,17.1,17.1,0.0
2015-01-26,4.936,4.936,0.0,9.156,9.156,0.0,14.45,14.45,0.0
2015-01-27,4.773,4.773,0.0,8.57,8.57,0.0,13.67,13.67,0.0
2015-01-28,4.722,4.722,0.0,8.327,8.327,0.0,13.22,13.22,0.0
2015-01-29,4.594,4.594,0.0,8.514,8.514,0.0,13.47,13.47,0.0
2015-01-30,4.64,4.64,0.0,8.24,8.24,0.0,13.1,13.1,0.0
2015-01-31,4.531,4.531,0.0,8.138,8.138,0.0,12.83,12.83,0.0
2015-02-01,4.703,4.703,0.0,8.527,8.527,0.0,13.68,13.68,0.0
2015-02-02,4.769,4.769,0.0,9.654,9.654,0.0,15.83,15.83,0.0
2015-02-03,4.364,4.364,0.0,7.984,7.984,0.0,12.66,12.66,0.0
2015-02-04,4.993,4.993,0.0,10.68,10.68,0.0,16.28,16.28,0.0
2015-02-05,4.309,4.309,0.0,8.002,8.002,0.0,12.48,12.48,0.0
2015-02-06,4.267,4.267,0.0,7.73,7.73,0.0,12.23,12.23,0.0
2015-02-07,5.749,5.749,0.0,10.03,10.03,0.0,16.33,16.33,0.0
2015-02-08,10.3,10.3,0.0,24.44,24.44,0.0,32.08,32.08,0.0
2015-02-09,4.874,4.874,0.0,12.57,12.57,0.0,17.73,17.73,0.0
2015-02-10,4.708,4.708,0.0,8.674,8.674,0.0,13.65,13.65,0.0
2015-02-11,5.337,5.337,0.0,9.117,9.117,0.0,14.32,14.32,0.0
2015-02-12,5.434,5.434,0.0,8.918,8.918,0.0,14.26,14.26,0.0
2015-02-13,4.724,4.724,0.0,8.54,8.54,0.0,13.38,13.38,0.0
2015-02-14,4.882,4.882,0.0,8.582,8.582,0.0,13.65,13.65,0.0
2015-02-15,4.931,4.931,0.0,7.964,7.964,0.0,12.86,12.86,0.0
2015-02-16,4.98,4.98,0.0,8.257,8.257,0.0,13.34,13.34,0.0
2015-02-17,4.838,4.838,0.0,7.588,7.588,0.0,12.41,12.41,0.0
2015-02-18,4.697,4.697,0.0,8.037,8.037,0.0,12.99,12.99,0.0
2015-02-19,4.765,4.765,0.0,7.893,7.893,0.0,12.79,12.79,0.0
2015-02-20,4.618,4.618,0.0,7.522,7.522,0.0,12.15,12.15,0.0
2015-02-21,4.924,4.924,0.0,8.266,8.266,0.0,13.53,13.53,0.0
2015-02-22,4.559,4.559,0.0,7.604,7.604,0.0,12.26,12.26,0.0
2015-02-23,4.439,4.439,0.0,7.424,7.424,0.0,11.92,11.92,0.0
2015-02-24,4.448,4.448,0.0,7.205,7.205,0.0,11.64,11.64,0.0
2015-02-25,4.396,4.396,0.0,7.28,7.28,0.0,11.71,11.71,0.0
2015-02-26,4.403,4.403,0.0,7.135,7.135,0.0,11.53,11.53,0.0
2015-02-27,4.213,4.213,0.0,7.068,7.068,0.0,11.34,11.34,0.0
2015-02-28,4.245,4.245,0.0,7.027,7.027,0.0,11.3,11.3,0.0
2015-03-01,4.343,4.343,0.0,7.16,7.16,0.0,11.65,11.65,0.0
2015-03-02,4.208,4.208,0.0,6.927,6.927,0.0,11.11,11.11,0.0
2015-03-03,5.288,5.288,0.0,11.9,11.9,0.0,18.38,18.38,0.0
2015-03-04,17.76,17.76,0.0,62.18,62.18,0.0,85.1,85.1,0.0
2015-03-05,4.886,4.886,0.0,10.44,10.44,0.0,16.13,16.13,0.0
2015-03-06,4.543,4.543,0.0,7.468,7.468,0.0,12.1,12.1,0.0
2015-03-07,4.52,4.52,0.0,7.477,7.477,0.0,12.12,12.12,0.0
2015-03-08,11.45,11.45,0.0,28.65,28.65,0.0,38.78,38.78,0.0
2015-03-09,12.52,12.52,0.0,68.04,68.04,0.0,84.84,84.84,0.0
2015-03-10,17.25,17.25,0.0,105.4,105.4,0.0,124.3,124.3,0.0
2015-03-11,6.639,6.639,0.0,40.42,40.42,0.0,47.96,47.96,0.0
2015-03-12,8.834,8.834,0.0,15.32,15.32,0.0,24.74,24.74,0.0
2015-03-13,13.75,13.75,0.0,21.32,21.32,0.0,34.1,34.1,0.0
2015-03-14,10.89,10.89,0.0,26.13,26.13,0.0,38.32,38.32,0.0
2015-03-15,11.13,11.13,0.0,18.0,18.0,0.0,29.37,29.37,0.0
2015-03-16,10.26,10.26,0.0,18.56,18.56,0.0,29.11,29.11,0.0
2015-03-17,10.31,10.31,0.0,17.78,17.78,0.0,28.86,28.86,0.0
2015-03-18,10.77,10.77,0.0,18.72,18.72,0.0,30.18,30.18,0.0
2015-03-19,11.85,11.85,0.0,19.47,19.47,0.0,31.18,31.18,0.0
2015-03-20,11.45,11.45,0.0,19.38,19.38,0.0,31.5,31.5,0.0
2015-03-21,11.42,11.42,0.0,19.88,19.88,0.0,31.86,31.86,0.0
2015-03-22,11.17,11.17,0.0,20.12,20.12,0.0,31.97,31.97,0.0
2015-03-23,11.13,11.13,0.0,19.59,19.59,0.0,31.2,31.2,0.0
2015-03-24,10.89,10.89,0.0,20.23,20.23,0.0,31.44,31.44,0.0
2015-03-25,10.68,10.68,0.0,19.09,19.09,0.0,30.38,30.38,0.0
2015-03-26,11.42,11.42,0.0,20.1,20.1,0.0,32.06,32.06,0.0
2015-03-27,11.19,11.19,0.0,20.22,20.22,0.0,32.11,32.11,0.0
2015-03-28,11.25,11.25,0.0,19.73,19.73,0.0,30.96,30.96,0.0
2015-03-29,10.8,10.8,0.0,18.97,18.97,0.0,30.21,30.21,0.0
2015-03-30,10.59,10.59,0.0,19.68,19.68,0.0,30.87,30.87,0.0
2015-03-31,10.59,10.59,0.0,19.6,19.6,0.0,30.76,30.76,0.0
2015-04-01,10.73,10.73,0.0,18.96,18.96,0.0,29.98,29.98,0.0
2015-04-02,10.59,10.59,0.0,19.57,19.57,0.0,30.5,30.5,0.0
2015-04-03,12.43,12.43,0.0,20.2,20.2,0.0,32.66,32.66,0.0
2015-04-04,11.2,11.2,0.0,20.43,20.43,0.0,32.19,32.19,0.0
2015-04-05,11.47,11.47,0.0,20.03,20.03,0.0,31.79,31.79,0.0
2015-04-06,11.31,11.31,0.0,20.73,20.73,0.0,32.62,32.62,0.0
2015-04-07,11.49,11.49,0.0,20.3,20.3,0.0,31.85,31.85,0.0
2015-04-08,13.68,13.68,0.0,22.79,22.79,0.0,36.56,36.56,0.0
2015-04-09,13.38,13.38,0.0,23.26,23.26,0.0,37.04,37.04,0.0
2015-04-10,13.07,13.07,0.0,22.14,22.14,0.0,35.84,35.84,0.0
2015-04-11,12.09,12.09,0.0,21.73,21.73,0.0,34.61,34.61,0.0
2015-04-12,12.2,12.2,0.0,21.58,21.58,0.0,33.94,33.94,0.0
2015-04-13,13.05,13.05,0.0,23.66,23.66,0.0,37.52,37.52,0.0
2015-04-14,18.64,18.64,0.0,25.95,25.95,0.0,43.11,43.11,0.0
2015-04-15,14.36,14.36,0.0,23.6,23.6,0.0,38.3,38.3,0.0
2015-04-16,13.4,13.4,0.0,23.84,23.84,0.0,38.22,38.22,0.0
2015-04-17,13.01,13.01,0.0,23.24,23.24,0.0,36.69,36.69,0.0
2015-04-18,13.42,13.42,0.0,23.81,23.81,0.0,37.58,37.58,0.0
2015-04-19,17.76,17.76,0.0,27.05,27.05,0.0,44.5,44.5,0.0
2015-04-20,16.14,16.14,0.0,27.9,27.9,0.0,44.53,44.53,0.0
2015-04-21,14.85,14.85,0.0,25.23,25.23,0.0,40.7,40.7,0.0
2015-04-22,14.03,14.03,0.0,24.86,24.86,0.0,39.8,39.8,0.0
2015-04-23,14.56,14.56,0.0,25.57,25.57,0.0,40.42,40.42,0.0
2015-04-24,14.72,14.72,0.0,25.91,25.91,0.0,40.98,40.98,0.0
2015-04-25,16.3,16.3,0.0,27.0,27.0,0.0,43.46,43.46,0.0
2015-04-26,14.87,14.87,0.0,25.29,25.29,0.0,40.5,40.5,0.0
2015-04-27,14.3,14.3,0.0,25.11,25.11,0.0,39.95,39.95,0.0
2015-04-28,14.72,14.72,0.0,25.72,25.72,0.0,40.77,40.77,0.0
2015-04-29,14.8,14.8,0.0,25.87,25.87,0.0,40.98,40.98,0.0
2015-04-30,15.56,15.56,0.0,25.84,25.84,0.0,41.65,41.65,0.0
2015-05-01,14.38,14.38,0.0,25.45,25.45,0.0,40.48,40.48,0.0
2015-05-02,14.5,14.5,0.0,24.87,24.87,0.0,39.45,39.45,0.0
2015-05-03,14.73,14.73,0.0,25.33,25.33,0.0,40.17,40.17,0.0
2015-05-04,14.72,14.72,0.0,25.39,25.39,0.0,40.15,40.15,0.0
2015-05-05,14.69,14.69,0.0,24.93,24.93,0.0,39.9,39.9,0.0
2015-05-06,13.8,13.8,0.0,24.24,24.24,0.0,38.5,38.5,0.0
2015-05-07,14.08,14.08,0.0,24.06,24.06,0.0,38.28,38.28,0.0
2015-05-08,14.2,14.2,0.0,24.31,24.31,0.0,38.65,38.65,0.0
2015-05-09,14.17,14.17,0.0,23.9,23.9,0.0,38.13,38.13,0.0
2015-05-10,13.55,13.55,0.0,23.25,23.25,0.0,37.16,37.16,0.0
2015-05-11,15.22,15.22,0.0,24.15,24.15,0.0,38.95,38.95,0.0
2015-05-12,14.51,14.51,0.0,23.71,23.71,0.0,37.95,37.95,0.0
2015-05-13,14.26,14.26,0.0,23.79,23.79,0.0,37.93,37.93,0.0
2015-05-14,14.29,14.29,0.0,23.29,23.29,0.0,37.33,37.33,0.0
2015-05-15,13.62,13.62,0.0,22.74,22.74,0.0,36.43,36.43,0.0
2015-05-16,14.09,14.09,0.0,23.2,23.2,0.0,36.97,36.97,0.0
2015-05-17,14.42,14.42,0.0,22.94,22.94,0.0,36.95,36.95,0.0
2015-05-18,14.7,14.7,0.0,24.05,24.05,0.0,38.87,38.87,0.0
2015-05-19,14.38,14.38,0.0,23.18,23.18,0.0,37.38,37.38,0.0
2015-05-20,13.7,13.7,0.0,22.57,22.57,0.0,36.32,36.32,0.0
2015-05-21,14.16,14.16,0.0,23.13,23.13,0.0,36.92,36.92,0.0
2015-05-22,13.95,13.95,0.0,22.66,22.66,0.0,36.33,36.33,0.0
2015-05-23,13.72,13.72,0.0,22.64,22.64,0.0,36.15,36.15,0.0
2015-05-24,13.41,13.41,0.0,22.16,22.16,0.0,35.39,35.39,0.0
2015-05-25,13.32,13.32,0.0,21.68,21.68,0.0,34.73,34.73,0.0
2015-05-26,13.37,13.37,0.0,21.5,21.5,0.0,34.45,34.45,0.0
2015-05-27,13.07,13.07,0.0,21.6,21.6,0.0,34.43,34.43,0.0
2015-05-28,13.08,13.08,0.0,21.51,21.51,0.0,34.3,34.3,0.0
2015-05-29,12.67,12.67,0.0,20.82,20.82,0.0,33.32,33.32,0.0
2015-05-30,12.79,12.79,0.0,20.81,20.81,0.0,33.16,33.16,0.0
2015-05-31,12.76,12.76,0.0,20.69,20.69,0.0,33.2,33.2,0.0
2015-06-01,12.82,12.82,0.0,21.1,21.1,0.0,33.91,33.91,0.0
2015-06-02,12.75,12.75,0.0,20.54,20.54,0.0,32.95,32.95,0.0
2015-06-03,12.46,12.46,0.0,20.11,20.11,0.0,32.27,32.27,0.0
2015-06-04,12.33,12.33,0.0,20.03,20.03,0.0,32.11,32.11,0.0
2015-06-05,13.07,13.07,0.0,19.96,19.96,0.0,32.25,32.25,0.0
2015-06-06,12.74,12.74,0.0,19.79,19.79,0.0,31.89,31.89,0.0
2015-06-07,12.31,12.31,0.0,19.75,19.75,0.0,31.56,31.56,0.0
2015-06-08,12.25,12.25,0.0,19.49,19.49,0.0,31.3,31.3,0.0
2015-06-09,12.07,12.07,0.0,19.13,19.13,0.0,30.59,30.59,0.0
2015-06-10,12.11,12.11,0.0,18.76,18.76,0.0,30.25,30.25,0.0
2015-06-11,11.89,11.89,0.0,18.94,18.94,0.0,30.39,30.39,0.0
2015-06-12,11.79,11.79,0.0,18.59,18.59,0.0,29.8,29.8,0.0
2015-06-13,11.56,11.56,0.0,18.47,18.47,0.0,29.64,29.64,0.0
2015-06-14,11.55,11.55,0.0,18.26,18.26,0.0,29.19,29.19,0.0
2015-06-15,11.52,11.52,0.0,18.06,18.06,0.0,29.11,29.11,0.0
2015-06-16,11.4,11.4,0.0,18.12,18.12,0.0,29.13,29.13,0.0
2015-06-17,11.91,11.91,0.0,19.58,19.58,0.0,31.72,31.72,0.0
2015-06-18,11.28,11.28,0.0,18.1,18.1,0.0,29.1,29.1,0.0
2015-06-19,11.31,11.31,0.0,18.17,18.17,0.0,29.11,29.11,0.0
2015-06-20,11.7,11.7,0.0,18.92,18.92,0.0,30.32,30.32,0.0
2015-06-21,11.17,11.17,0.0,18.06,18.06,0.0,28.72,28.72,0.0
2015-06-22,10.99,10.99,0.0,18.03,18.03,0.0,28.46,28.46,0.0
2015-06-23,11.18,11.18,0.0,18.94,18.94,0.0,30.03,30.03,0.0
2015-06-24,10.89,10.89,0.0,18.04,18.04,0.0,28.33,28.33,0.0
2015-06-25,10.76,10.76,0.0,17.54,17.54,0.0,27.74,27.74,0.0
2015-06-26,14.19,14.19,0.0,20.38,20.38,0.0,33.56,33.56,0.0
2015-06-27,13.72,13.72,0.0,22.95,22.95,0.0,36.54,36.54,0.0
2015-06-28,12.86,12.86,0.0,21.26,21.26,0.0,33.74,33.74,0.0
2015-06-29,12.28,12.28,0.0,20.55,20.55,0.0,32.59,32.59,0.0
2015-06-30,11.74,11.74,0.0,19.98,19.98,0.0,31.31,31.31,0.0
2015-07-01,11.98,11.98,0.0,19.34,19.34,0.0,30.7,30.7,0.0
2015-07-02,11.98,11.98,0.0,19.73,19.73,0.0,31.11,31.11,0.0
2015-07-03,11.6,11.6,0.0,19.85,19.85,0.0,31.08,31.08,0.0
2015-07-04,11.46,11.46,0.0,19.28,19.28,0.0,30.21,30.21,0.0
2015-07-05,11.76,11.76,0.0,18.82,18.82,0.0,29.96,29.96,0.0
2015-07-06,11.87,11.87,0.0,20.08,20.08,0.0,31.73,31.73,0.0
2015-07-07,11.66,11.66,0.0,19.84,19.84,0.0,31.06,31.06,0.0
2015-07-08,11.22,11.22,0.0,20.08,20.08,0.0,31.15,31.15,0.0
2015-07-09,11.29,11.29,0.0,19.85,19.85,0.0,30.88,30.88,0.0
2015-07-10,12.13,12.13,0.0,21.1,21.1,0.0,33.02,33.02,0.0
2015-07-11,11.76,11.76,0.0,20.47,20.47,0.0,31.78,31.78,0.0
2015-07-12,11.76,11.76,0.0,19.96,19.96,0.0,31.15,31.15,0.0
2015-07-13,11.31,11.31,0.0,20.34,20.34,0.0,31.31,31.31,0.0
2015-07-14,11.19,11.19,0.0,19.87,19.87,0.0,30.68,30.68,0.0
2015-07-15,11.31,11.31,0.0,20.08,20.08,0.0,30.97,30.97,0.0
2015-07-16,11.16,11.16,0.0,19.09,19.09,0.0,29.68,29.68,0.0
2015-07-17,11.37,11.37,0.0,20.16,20.16,0.0,31.36,31.36,0.0
2015-07-18,10.88,10.88,0.0,20.19,20.19,0.0,31.02,31.02,0.0
2015-07-19,10.68,10.68,0.0,18.98,18.98,0.0,29.29,29.29,0.0
2015-07-20,10.7,10.7,0.0,18.48,18.48,0.0,28.65,28.65,0.0
2015-07-21,10.67,10.67,0.0,18.71,18.71,0.0,28.93,28.93,0.0
2015-07-22,10.35,10.35,0.0,18.68,18.68,0.0,28.67,28.67,0.0
2015-07-23,10.22,10.22,0.0,18.31,18.31,0.0,28.1,28.1,0.0
2015-07-24,10.26,10.26,0.0,17.89,17.89,0.0,27.69,27.69,0.0
2015-07-25,10.2,10.2,0.0,17.69,17.69,0.0,27.35,27.35,0.0
2015-07-26,9.999,9.999,0.0,17.77,17.77,0.0,27.33,27.33,0.0
2015-07-27,9.839,9.839,0.0,17.73,17.73,0.0,27.18,27.18,0.0
2015-07-28,10.1,10.1,0.0,17.64,17.64,0.0,27.33,27.33,0.0
2015-07-29,10.12,10.12,0.0,17.46,17.46,0.0,27.23,27.23,0.0
2015-07-30,9.959,9.959,0.0,17.32,17.32,0.0,26.77,26.77,0.0
2015-07-31,9.708,9.708,0.0,17.08,17.08,0.0,26.28,26.28,0.0
2015-08-01,9.427,9.427,0.0,16.93,16.93,0.0,25.95,25.95,0.0
2015-08-02,9.49,9.49,0.0,16.28,16.28,0.0,25.22,25.22,0.0
2015-08-03,9.451,9.451,0.0,16.23,16.23,0.0,25.08,25.08,0.0
2015-08-04,9.327,9.327,0.0,16.23,16.23,0.0,25.02,25.02,0.0
2015-08-05,9.215,9.215,0.0,16.1,16.1,0.0,24.8,24.8,0.0
2015-08-06,9.05,9.05,0.0,16.05,16.05,0.0,24.82,24.82,0.0
2015-08-07,8.984,8.984,0.0,15.42,15.42,0.0,23.82,23.82,0.0
2015-08-08,9.1,9.1,0.0,15.89,15.89,0.0,24.64,24.64,0.0
2015-08-09,8.917,8.917,0.0,15.66,15.66,0.0,24.2,24.2,0.0
2015-08-10,9.493,9.493,0.0,16.84,16.84,0.0,26.47,26.47,0.0
2015-08-11,8.859,8.859,0.0,15.67,15.67,0.0,24.24,24.24,0.0
2015-08-12,8.767,8.767,0.0,15.11,15.11,0.0,23.28,23.28,0.0
2015-08-13,8.717,8.717,0.0,15.06,15.06,0.0,23.2,23.2,0.0
2015-08-14,8.57,8.57,0.0,14.95,14.95,0.0,23.0,23.0,0.0
2015-08-15,8.523,8.523,0.0,14.62,14.62,0.0,22.6,22.6,0.0
2015-08-16,8.369,8.369,0.0,14.55,14.55,0.0,22.4,22.4,0.0
2015-08-17,8.246,8.246,0.0,14.3,14.3,0.0,22.0,22.0,0.0
2015-08-18,8.306,8.306,0.0,14.38,14.38,0.0,22.15,22.15,0.0
2015-08-19,8.359,8.359,0.0,14.68,14.68,0.0,22.7,22.7,0.0
2015-08-20,8.182,8.182,0.0,14.1,14.1,0.0,21.8,21.8,0.0
2015-08-21,7.954,7.954,0.0,13.85,13.85,0.0,21.26,21.26,0.0
2015-08-22,7.958,7.958,0.0,13.68,13.68,0.0,21.06,21.06,0.0
2015-08-23,7.905,7.905,0.0,13.61,13.61,0.0,20.95,20.95,0.0
2015-08-24,7.781,7.781,0.0,13.43,13.43,0.0,20.68,20.68,0.0
2015-08-25,7.654,7.654,0.0,13.24,13.24,0.0,20.39,20.39,0.0
2015-08-26,7.537,7.537,0.0,13.08,13.08,0.0,20.07,20.07,0.0
2015-08-27,7.52,7.52,0.0,12.9,12.9,0.0,19.87,19.87,0.0
2015-08-28,7.446,7.446,0.0,12.76,12.76,0.0,19.67,19.67,0.0
2015-08-29,7.3,7.3,0.0,12.64,12.64,0.0,19.44,19.44,0.0
2015-08-30,7.26,7.26,0.0,12.48,12.48,0.0,19.22,19.22,0.0
2015-08-31,7.127,7.127,0.0,12.37,12.37,0.0,18.98,18.98,0.0
2015-09-01,7.089,7.089,0.0,12.13,12.13,0.0,18.7,18.7,0.0
2015-09-02,6.963,6.963,0.0,12.03,12.03,0.0,18.5,18.5,0.0
2015-09-03,6.923,6.923,0.0,11.93,11.93,0.0,18.35,18.35,0.0
2015-09-04,6.858,6.858,0.0,11.79,11.79,0.0,18.12,18.12,0.0
2015-09-05,6.716,6.716,0.0,11.61,11.61,0.0,17.85,17.85,0.0
2015-09-06,6.651,6.651,0.0,11.5,11.5,0.0,17.67,17.67,0.0
2015-09-07,6.604,6.604,0.0,11.38,11.38,0.0,17.49,17.49,0.0
2015-09-08,6.531,6.531,0.0,11.26,11.26,0.0,17.29,17.29,0.0
2015-09-09,6.691,6.691,0.0,11.87,11.87,0.0,18.45,18.45,0.0
2015-09-10,6.844,6.844,0.0,11.72,11.72,0.0,18.36,18.36,0.0
2015-09-11,6.617,6.617,0.0,11.27,11.27,0.0,17.53,17.53,0.0
2015-09-12,6.586,6.586,0.0,11.18,11.18,0.0,17.38,17.38,0.0
2015-09-13,6.565,6.565,0.0,11.3,11.3,0.0,17.55,17.55,0.0
2015-09-14,6.341,6.341,0.0,10.86,10.86,0.0,16.78,16.78,0.0
2015-09-15,6.284,6.284,0.0,10.68,10.68,0.0,16.54,16.54,0.0
2015-09-16,6.232,6.232,0.0,10.59,10.59,0.0,16.39,16.39,0.0
2015-09-17,6.17,6.17,0.0,10.49,10.49,0.0,16.23,16.23,0.0
2015-09-18,6.1,6.1,0.0,10.37,10.37,0.0,16.03,16.03,0.0
2015-09-19,5.986,5.986,0.0,10.26,10.26,0.0,15.84,15.84,0.0
2015-09-20,5.954,5.954,0.0,10.12,10.12,0.0,15.65,15.65,0.0
2015-09-21,6.235,6.235,0.0,10.61,10.61,0.0,16.54,16.54,0.0
2015-09-22,6.012,6.012,0.0,10.2,10.2,0.0,15.77,15.77,0.0
2015-09-23,5.919,5.919,0.0,10.01,10.01,0.0,15.44,15.44,0.0
2015-09-24,5.816,5.816,0.0,9.91,9.91,0.0,15.27,15.27,0.0
2015-09-25,5.832,5.832,0.0,9.851,9.851,0.0,15.24,15.24,0.0
2015-09-26,5.853,5.853,0.0,9.819,9.819,0.0,15.24,15.24,0.0
2015-09-27,5.786,5.786,0.0,9.639,9.639,0.0,14.93,14.93,0.0
2015-09-28,5.807,5.807,0.0,9.664,9.664,0.0,15.02,15.02,0.0
2015-09-29,7.047,7.047,0.0,11.22,11.22,0.0,18.34,18.34,0.0
2015-09-30,6.223,6.223,0.0,9.921,9.921,0.0,15.71,15.71,0.0
2015-10-01,6.242,6.242,0.0,9.918,9.918,0.0,15.76,15.76,0.0
2015-10-02,6.817,6.817,0.0,10.97,10.97,0.0,17.77,17.77,0.0
2015-10-03,6.628,6.628,0.0,10.46,10.46,0.0,16.84,16.84,0.0
2015-10-04,6.502,6.502,0.0,10.17,10.17,0.0,16.32,16.32,0.0
2015-10-05,6.387,6.387,0.0,9.962,9.962,0.0,15.95,15.95,0.0
2015-10-06,6.283,6.283,0.0,9.787,9.787,0.0,15.71,15.71,0.0
2015-10-07,6.234,6.234,0.0,9.731,9.731,0.0,15.6,15.6,0.0
2015-10-08,6.192,6.192,0.0,9.644,9.644,0.0,15.46,15.46,0.0
2015-10-09,6.533,6.533,0.0,10.62,10.62,0.0,17.15,17.15,0.0
2015-10-10,6.183,6.183,0.0,9.847,9.847,0.0,15.7,15.7,0.0
2015-10-11,6.086,6.086,0.0,9.728,9.728,0.0,15.51,15.51,0.0
2015-10-12,6.046,6.046,0.0,9.549,9.549,0.0,15.31,15.31,0.0
2015-10-13,6.001,6.001,0.0,9.488,9.488,0.0,15.18,15.18,0.0
2015-10-14,5.938,5.938,0.0,9.393,9.393,0.0,15.02,15.02,0.0
2015-10-15,5.851,5.851,0.0,9.298,9.298,0.0,14.82,14.82,0.0
2015-10-16,5.743,5.743,0.0,9.134,9.134,0.0,14.59,14.59,0.0
2015-10-17,5.718,5.718,0.0,9.03,9.03,0.0,14.45,14.45,0.0
2015-10-18,5.674,5.674,0.0,8.971,8.971,0.0,14.34,14.34,0.0
2015-10-19,5.619,5.619,0.0,8.887,8.887,0.0,14.2,14.2,0.0
2015-10-20,5.538,5.538,0.0,8.792,8.792,0.0,14.02,14.02,0.0
2015-10-21,5.436,5.436,0.0,8.616,8.616,0.0,13.78,13.78,0.0
2015-10-22,5.41,5.41,0.0,8.552,8.552,0.0,13.68,13.68,0.0
2015-10-23,5.368,5.368,0.0,8.485,8.485,0.0,13.56,13.56,0.0
2015-10-24,5.316,5.316,0.0,8.402,8.402,0.0,13.43,13.43,0.0
2015-10-25,5.23,5.23,0.0,8.302,8.302,0.0,13.24,13.24,0.0
2015-10-26,5.15,5.15,0.0,8.158,8.158,0.0,13.04,13.04,0.0
2015-10-27,5.43,5.43,0.0,8.604,8.604,0.0,13.87,13.87,0.0
2015-10-28,5.949,5.949,0.0,9.274,9.274,0.0,15.04,15.04,0.0
2015-10-29,5.756,5.756,0.0,8.864,8.864,0.0,14.29,14.29,0.0
2015-10-30,5.685,5.685,0.0,8.72,8.72,0.0,14.05,14.05,0.0
2015-10-31,5.696,5.696,0.0,8.672,8.672,0.0,13.97,13.97,0.0
2015-11-01,5.495,5.495,0.0,8.519,8.519,0.0,13.72,13.72,0.0
2015-11-02,5.499,5.499,0.0,8.387,8.387,0.0,13.52,13.52,0.0
2015-11-03,5.482,5.482,0.0,8.375,8.375,0.0,13.48,13.48,0.0
2015-11-04,5.437,5.437,0.0,8.313,8.313,0.0,13.38,13.38,0.0
2015-11-05,5.259,5.259,0.0,8.218,8.218,0.0,13.13,13.13,0.0
2015-11-06,5.275,5.275,0.0,8.006,8.006,0.0,12.92,12.92,0.0
2015-11-07,5.238,5.238,0.0,7.988,7.988,0.0,12.87,12.87,0.0
2015-11-08,5.195,5.195,0.0,7.959,7.959,0.0,12.8,12.8,0.0
2015-11-09,6.042,6.042,0.0,9.133,9.133,0.0,14.97,14.97,0.0
2015-11-10,6.138,6.138,0.0,9.425,9.425,0.0,15.36,15.36,0.0
2015-11-11,6.032,6.032,0.0,9.227,9.227,0.0,14.94,14.94,0.0
2015-11-12,5.906,5.906,0.0,9.304,9.304,0.0,14.94,14.94,0.0
2015-11-13,5.73,5.73,0.0,8.863,8.863,0.0,14.21,14.21,0.0
2015-11-14,5.749,5.749,0.0,8.858,8.858,0.0,14.18,14.18,0.0
2015-11-15,5.751,5.751,0.0,8.622,8.622,0.0,13.96,13.96,0.0
2015-11-16,5.579,5.579,0.0,8.713,8.713,0.0,13.91,13.91,0.0
2015-11-17,5.541,5.541,0.0,8.586,8.586,0.0,13.77,13.77,0.0
2015-11-18,6.507,6.507,0.0,9.661,9.661,0.0,15.83,15.83,0.0
2015-11-19,6.419,6.419,0.0,9.7,9.7,0.0,15.76,15.76,0.0
2015-11-20,6.308,6.308,0.0,9.574,9.574,0.0,15.44,15.44,0.0
2015-11-21,6.175,6.175,0.0,9.534,9.534,0.0,15.18,15.18,0.0
2015-11-22,5.834,5.834,0.0,8.906,8.906,0.0,14.39,14.39,0.0
2015-11-23,5.96,5.96,0.0,9.184,9.184,0.0,14.74,14.74,0.0
2015-11-24,5.964,5.964,0.0,9.147,9.147,0.0,14.69,14.69,0.0
2015-11-25,5.725,5.725,0.0,9.118,9.118,0.0,14.45,14.45,0.0
2015-11-26,5.73,5.73,0.0,8.737,8.737,0.0,14.06,14.06,0.0
2015-11-27,5.749,5.749,0.0,8.775,8.775,0.0,14.11,14.11,0.0
2015-11-28,5.879,5.879,0.0,9.41,9.41,0.0,15.11,15.11,0.0
2015-11-29,5.878,5.878,0.0,9.455,9.455,0.0,15.16,15.16,0.0
2015-11-30,6.44,6.44,0.0,10.03,10.03,0.0,16.21,16.21,0.0
2015-12-01,7.546,7.546,0.0,11.63,11.63,0.0,18.99,18.99,0.0
2015-12-02,7.843,7.843,0.0,12.16,12.16,0.0,19.68,19.68,0.0
2015-12-03,7.568,7.568,0.0,11.62,11.62,0.0,18.71,18.71,0.0
2015-12-04,6.823,6.823,0.0,10.31,10.31,0.0,16.69,16.69,0.0
2015-12-05,6.999,6.999,0.0,10.77,10.77,0.0,17.28,17.28,0.0
2015-12-06,7.146,7.146,0.0,11.06,11.06,0.0,17.72,17.72,0.0
2015-12-07,7.023,7.023,0.0,11.12,11.12,0.0,17.74,17.74,0.0
2015-12-08,6.875,6.875,0.0,10.62,10.62,0.0,17.08,17.08,0.0
2015-12-09,6.931,6.931,0.0,10.39,10.39,0.0,16.81,16.81,0.0
2015-12-10,6.867,6.867,0.0,10.54,10.54,0.0,16.87,16.87,0.0
2015-12-11,6.762,6.762,0.0,10.66,10.66,0.0,16.97,16.97,0.0
2015-12-12,6.712,6.712,0.0,10.37,10.37,0.0,16.6,16.6,0.0
2015-12-13,6.606,6.606,0.0,10.0,10.0,0.0,16.13,16.13,0.0
2015-12-14,6.684,6.684,0.0,10.44,10.44,0.0,16.7,16.7,0.0
2015-12-15,6.699,6.699,0.0,10.69,10.69,0.0,17.01,17.01,0.0
2015-12-16,6.596,6.596,0.0,10.89,10.89,0.0,17.27,17.27,0.0
2015-12-17,7.394,7.394,0.0,11.56,11.56,0.0,18.62,18.62,0.0
2015-12-18,7.325,7.325,0.0,11.22,11.22,0.0,18.2,18.2,0.0
2015-12-19,6.917,6.917,0.0,10.65,10.65,0.0,17.23,17.23,0.0
2015-12-20,6.924,6.924,0.0,10.74,10.74,0.0,17.13,17.13,0.0
2015-12-21,7.404,7.404,0.0,11.48,11.48,0.0,18.4,18.4,0.0
2015-12-22,7.259,7.259,0.0,11.91,11.91,0.0,18.92,18.92,0.0
2015-12-23,8.394,8.394,0.0,12.68,12.68,0.0,20.46,20.46,0.0
2015-12-24,8.466,8.466,0.0,12.63,12.63,0.0,20.54,20.54,0.0
2015-12-25,9.404,9.404,0.0,15.38,15.38,0.0,24.92,24.92,0.0
2015-12-26,8.424,8.424,0.0,14.39,14.39,0.0,22.77,22.77,0.0
2015-12-27,8.262,8.262,0.0,14.14,14.14,0.0,22.46,22.46,0.0
2015-12-28,9.051,9.051,0.0,14.47,14.47,0.0,23.15,23.15,0.0
2015-12-29,8.958,8.958,0.0,14.63,14.63,0.0,23.22,23.22,0.0
2015-12-30,9.031,9.031,0.0,14.25,14.25,0.0,22.95,22.95,0.0
2015-12-31,8.293,8.293,0.0,14.22,14.22,0.0,22.36,22.36,0.0
2016-01-01,8.375,8.375,0.0,13.86,13.86,0.0,21.91,21.91,0.0
2016-01-02,8.554,8.554,0.0,13.98,13.98,0.0,22.21,22.21,0.0
2016-01-03,8.432,8.432,0.0,13.74,13.74,0.0,21.93,21.93,0.0
2016-01-04,8.274,8.274,0.0,14.23,14.23,0.0,22.45,22.45,0.0
2016-01-05,8.108,8.108,0.0,13.36,13.36,0.0,21.14,21.14,0.0
2016-01-06,8.213,8.213,0.0,13.41,13.41,0.0,21.3,21.3,0.0
2016-01-07,8.2,8.2,0.0,13.38,13.38,0.0,21.26,21.26,0.0
2016-01-08,8.154,8.154,0.0,13.72,13.72,0.0,21.7,21.7,0.0
2016-01-09,9.267,9.267,0.0,14.81,14.81,0.0,23.91,23.91,0.0
2016-01-10,9.161,9.161,0.0,13.99,13.99,0.0,22.86,22.86,0.0
2016-01-11,8.294,8.294,0.0,13.08,13.08,0.0,21.06,21.06,0.0
2016-01-12,8.664,8.664,0.0,13.53,13.53,0.0,21.9,21.9,0.0
2016-01-13,8.516,8.516,0.0,13.29,13.29,0.0,21.53,21.53,0.0
2016-01-14,8.577,8.577,0.0,12.94,12.94,0.0,21.2,21.2,0.0
2016-01-15,8.674,8.674,0.0,13.44,13.44,0.0,21.9,21.9,0.0
2016-01-16,8.245,8.245,0.0,12.86,12.86,0.0,20.86,20.86,0.0
2016-01-17,8.21,8.21,0.0,12.96,12.96,0.0,20.98,20.98,0.0
2016-01-18,8.191,8.191,0.0,12.59,12.59,0.0,20.49,20.49,0.0
2016-01-19,8.052,8.052,0.0,12.14,12.14,0.0,19.86,19.86,0.0
2016-01-20,7.906,7.906,0.0,12.42,12.42,0.0,20.29,20.29,0.0
2016-01-21,7.852,7.852,0.0,12.0,12.0,0.0,19.48,19.48,0.0
2016-01-22,8.282,8.282,0.0,13.38,13.38,0.0,22.07,22.07,0.0
2016-01-23,7.989,7.989,0.0,12.28,12.28,0.0,20.3,20.3,0.0
2016-01-24,7.503,7.503,0.0,11.55,11.55,0.0,18.81,18.81,0.0
2016-01-25,7.432,7.432,0.0,11.41,11.41,0.0,18.47,18.47,0.0
2016-01-26,8.064,8.064,0.0,13.42,13.42,0.0,22.07,22.07,0.0
2016-01-27,7.365,7.365,0.0,11.47,11.47,0.0,18.61,18.61,0.0
2016-01-28,7.29,7.29,0.0,11.25,11.25,0.0,18.22,18.22,0.0
2016-01-29,7.231,7.231,0.0,11.08,11.08,0.0,18.1,18.1,0.0
2016-01-30,9.763,9.763,0.0,16.68,16.68,0.0,27.21,27.21,0.0
2016-01-31,11.6,11.6,0.0,29.79,29.79,0.0,39.26,39.26,0.0
2016-02-01,7.842,7.842,0.0,14.76,14.76,0.0,22.22,22.22,0.0
2016-02-02,7.852,7.852,0.0,12.92,12.92,0.0,20.34,20.34,0.0
2016-02-03,11.9,11.9,0.0,14.39,14.39,0.0,24.3,24.3,0.0
2016-02-04,8.517,8.517,0.0,12.51,12.51,0.0,20.67,20.67,0.0
2016-02-05,8.451,8.451,0.0,11.93,11.93,0.0,19.97,19.97,0.0
2016-02-06,7.687,7.687,0.0,11.71,11.71,0.0,19.01,19.01,0.0
2016-02-07,7.89,7.89,0.0,11.71,11.71,0.0,19.34,19.34,0.0
2016-02-08,8.004,8.004,0.0,12.59,12.59,0.0,20.41,20.41,0.0
2016-02-09,8.081,8.081,0.0,12.75,12.75,0.0,20.68,20.68,0.0
2016-02-10,7.723,7.723,0.0,12.38,12.38,0.0,19.78,19.78,0.0
2016-02-11,7.792,7.792,0.0,11.61,11.61,0.0,19.08,19.08,0.0
2016-02-12,7.708,7.708,0.0,11.72,11.72,0.0,19.27,19.27,0.0
2016-02-13,7.577,7.577,0.0,11.84,11.84,0.0,19.25,19.25,0.0
2016-02-14,7.487,7.487,0.0,11.59,11.59,0.0,18.87,18.87,0.0
2016-02-15,7.76,7.76,0.0,11.98,11.98,0.0,19.91,19.91,0.0
2016-02-16,7.647,7.647,0.0,12.38,12.38,0.0,20.11,20.11,0.0
2016-02-17,7.414,7.414,0.0,11.8,11.8,0.0,19.14,19.14,0.0
2016-02-18,7.267,7.267,0.0,11.31,11.31,0.0,18.36,18.36,0.0
2016-02-19,8.809,8.809,0.0,17.15,17.15,0.0,27.03,27.03,0.0
2016-02-20,19.16,19.16,0.0,30.92,30.92,0.0,46.57,46.57,0.0
2016-02-21,11.57,11.57,0.0,23.4,23.4,0.0,33.8,33.8,0.0
2016-02-22,9.998,9.998,0.0,16.14,16.14,0.0,25.65,25.65,0.0
2016-02-23,10.28,10.28,0.0,15.57,15.57,0.0,25.39,25.39,0.0
2016-02-24,13.24,13.24,0.0,18.41,18.41,0.0,30.47,30.47,0.0
2016-02-25,10.2,10.2,0.0,16.99,16.99,0.0,27.14,27.14,0.0
2016-02-26,10.13,10.13,0.0,15.99,15.99,0.0,25.54,25.54,0.0
2016-02-27,9.781,9.781,0.0,15.94,15.94,0.0,25.52,25.52,0.0
2016-02-28,11.24,11.24,0.0,17.74,17.74,0.0,28.07,28.07,0.0
2016-02-29,11.56,11.56,0.0,18.4,18.4,0.0,29.4,29.4,0.0
2016-03-01,11.13,11.13,0.0,17.96,17.96,0.0,29.04,29.04,0.0
2016-03-02,11.33,11.33,0.0,17.36,17.36,0.0,27.96,27.96,0.0
2016-03-03,11.41,11.41,0.0,18.11,18.11,0.0,28.99,28.99,0.0
2016-03-04,10.82,10.82,0.0,18.51,18.51,0.0,28.96,28.96,0.0
2016-03-05,11.3,11.3,0.0,17.65,17.65,0.0,28.46,28.46,0.0
2016-03-06,11.15,11.15,0.0,17.41,17.41,0.0,27.82,27.82,0.0
2016-03-07,11.22,11.22,0.0,18.32,18.32,0.0,28.92,28.92,0.0
2016-03-08,10.61,10.61,0.0,19.3,19.3,0.0,29.63,29.63,0.0
2016-03-09,11.01,11.01,0.0,19.01,19.01,0.0,29.36,29.36,0.0
2016-03-10,10.96,10.96,0.0,18.77,18.77,0.0,29.18,29.18,0.0
2016-03-11,10.85,10.85,0.0,18.12,18.12,0.0,28.32,28.32,0.0
2016-03-12,10.57,10.57,0.0,18.98,18.98,0.0,29.17,29.17,0.0
2016-03-13,11.22,11.22,0.0,19.87,19.87,0.0,30.86,30.86,0.0
2016-03-14,11.2,11.2,0.0,20.04,20.04,0.0,30.7,30.7,0.0
2016-03-15,11.31,11.31,0.0,19.26,19.26,0.0,30.04,30.04,0.0
2016-03-16,10.87,10.87,0.0,18.63,18.63,0.0,28.86,28.86,0.0
2016-03-17,10.65,10.65,0.0,19.24,19.24,0.0,29.44,29.44,0.0
2016-03-18,10.89,10.89,0.0,19.44,19.44,0.0,29.92,29.92,0.0
2016-03-19,11.31,11.31,0.0,20.06,20.06,0.0,31.13,31.13,0.0
2016-03-20,11.05,11.05,0.0,19.25,19.25,0.0,29.86,29.86,0.0
2016-03-21,10.67,10.67,0.0,18.33,18.33,0.0,28.45,28.45,0.0
2016-03-22,10.52,10.52,0.0,19.18,19.18,0.0,29.33,29.33,0.0
2016-03-23,10.68,10.68,0.0,19.14,19.14,0.0,29.38,29.38,0.0
2016-03-24,10.64,10.64,0.0,19.62,19.62,0.0,29.98,29.98,0.0
2016-03-25,10.64,10.64,0.0,18.89,18.89,0.0,29.09,29.09,0.0
2016-03-26,10.4,10.4,0.0,18.41,18.41,0.0,28.26,28.26,0.0
2016-03-27,10.81,10.81,0.0,19.59,19.59,0.0,30.12,30.12,0.0
2016-03-28,10.94,10.94,0.0,19.54,19.54,0.0,30.06,30.06,0.0
2016-03-29,10.59,10.59,0.0,19.49,19.49,0.0,29.74,29.74,0.0
2016-03-30,10.48,10.48,0.0,17.99,17.99,0.0,27.87,27.87,0.0
2016-03-31,10.31,10.31,0.0,18.65,18.65,0.0,28.47,28.47,0.0
2016-04-01,10.28,10.28,0.0,18.83,18.83,0.0,28.69,28.69,0.0
2016-04-02,10.55,10.55,0.0,19.01,19.01,0.0,29.24,29.24,0.0
2016-04-03,10.25,10.25,0.0,18.8,18.8,0.0,28.71,28.71,0.0
2016-04-04,10.32,10.32,0.0,18.29,18.29,0.0,28.29,28.29,0.0
2016-04-05,9.934,9.934,0.0,18.06,18.06,0.0,27.57,27.57,0.0
2016-04-06,10.3,10.3,0.0,18.5,18.5,0.0,28.35,28.35,0.0
2016-04-07,10.92,10.92,0.0,19.38,19.38,0.0,30.05,30.05,0.0
2016-04-08,10.69,10.69,0.0,19.08,19.08,0.0,29.3,29.3,0.0
2016-04-09,10.47,10.47,0.0,18.79,18.79,0.0,29.11,29.11,0.0
2016-04-10,10.22,10.22,0.0,18.21,18.21,0.0,27.9,27.9,0.0
2016-04-11,10.15,10.15,0.0,19.13,19.13,0.0,29.0,29.0,0.0
2016-04-12,10.23,10.23,0.0,19.11,19.11,0.0,28.94,28.94,0.0
2016-04-13,10.05,10.05,0.0,18.85,18.85,0.0,28.57,28.57,0.0
2016-04-14,9.951,9.951,0.0,18.06,18.06,0.0,27.43,27.43,0.0
2016-04-15,9.66,9.66,0.0,17.84,17.84,0.0,27.16,27.16,0.0
2016-04-16,9.782,9.782,0.0,18.14,18.14,0.0,27.52,27.52,0.0
2016-04-17,9.767,9.767,0.0,18.0,18.0,0.0,27.35,27.35,0.0
2016-04-18,9.557,9.557,0.0,17.93,17.93,0.0,27.06,27.06,0.0
2016-04-19,9.372,9.372,0.0,16.88,16.88,0.0,25.78,25.78,0.0
2016-04-20,9.244,9.244,0.0,17.25,17.25,0.0,26.13,26.13,0.0
2016-04-21,9.297,9.297,0.0,17.31,17.31,0.0,26.2,26.2,0.0
2016-04-22,9.501,9.501,0.0,17.7,17.7,0.0,26.93,26.93,0.0
2016-04-23,9.325,9.325,0.0,17.37,17.37,0.0,26.28,26.28,0.0
2016-04-24,8.845,8.845,0.0,16.35,16.35,0.0,24.78,24.78,0.0
2016-04-25,8.92,8.92,0.0,16.7,16.7,0.0,25.22,25.22,0.0
2016-04-26,9.506,9.506,0.0,17.56,17.56,0.0,26.69,26.69,0.0
2016-04-27,9.771,9.771,0.0,17.7,17.7,0.0,26.91,26.91,0.0
2016-04-28,10.35,10.35,0.0,18.8,18.8,0.0,29.08,29.08,0.0
2016-04-29,9.984,9.984,0.0,18.08,18.08,0.0,27.74,27.74,0.0
2016-04-30,11.07,11.07,0.0,19.33,19.33,0.0,30.09,30.09,0.0
2016-05-01,11.74,11.74,0.0,20.03,20.03,0.0,31.53,31.53,0.0
2016-05-02,10.6,10.6,0.0,18.33,18.33,0.0,28.77,28.77,0.0
2016-05-03,10.75,10.75,0.0,19.23,19.23,0.0,29.61,29.61,0.0
2016-05-04,11.47,11.47,0.0,19.44,19.44,0.0,30.37,30.37,0.0
2016-05-05,13.69,13.69,0.0,21.29,21.29,0.0,34.15,34.15,0.0
2016-05-06,12.56,12.56,0.0,21.69,21.69,0.0,34.14,34.14,0.0
2016-05-07,11.57,11.57,0.0,20.47,20.47,0.0,32.31,32.31,0.0
2016-05-08,11.37,11.37,0.0,19.72,19.72,0.0,30.63,30.63,0.0
2016-05-09,12.15,12.15,0.0,21.22,21.22,0.0,33.36,33.36,0.0
2016-05-10,12.5,12.5,0.0,21.42,21.42,0.0,33.63,33.63,0.0
2016-05-11,12.58,12.58,0.0,21.61,21.61,0.0,33.94,33.94,0.0
2016-05-12,12.3,12.3,0.0,20.9,20.9,0.0,33.04,33.04,0.0
2016-05-13,11.61,11.61,0.0,20.37,20.37,0.0,31.89,31.89,0.0
2016-05-14,12.48,12.48,0.0,21.88,21.88,0.0,34.41,34.41,0.0
2016-05-15,12.32,12.32,0.0,21.4,21.4,0.0,33.59,33.59,0.0
2016-05-16,12.44,12.44,0.0,21.6,21.6,0.0,33.68,33.68,0.0
2016-05-17,12.19,12.19,0.0,20.37,20.37,0.0,32.75,32.75,0.0
2016-05-18,12.07,12.07,0.0,21.69,21.69,0.0,33.84,33.84,0.0
2016-05-19,12.17,12.17,0.0,21.66,21.66,0.0,33.71,33.71,0.0
2016-05-20,13.88,13.88,0.0,22.88,22.88,0.0,36.67,36.67,0.0
2016-05-21,14.37,14.37,0.0,23.99,23.99,0.0,38.3,38.3,0.0
2016-05-22,13.58,13.58,0.0,24.05,24.05,0.0,37.92,37.92,0.0
2016-05-23,12.2,12.2,0.0,21.51,21.51,0.0,33.81,33.81,0.0
2016-05-24,12.73,12.73,0.0,22.42,22.42,0.0,35.09,35.09,0.0
2016-05-25,12.88,12.88,0.0,22.5,22.5,0.0,35.33,35.33,0.0
2016-05-26,12.9,12.9,0.0,22.79,22.79,0.0,35.58,35.58,0.0
2016-05-27,12.09,12.09,0.0,21.84,21.84,0.0,34.3,34.3,0.0
2016-05-28,12.22,12.22,0.0,21.19,21.19,0.0,33.37,33.37,0.0
2016-05-29,12.41,12.41,0.0,21.55,21.55,0.0,33.99,33.99,0.0
2016-05-30,12.39,12.39,0.0,21.63,21.63,0.0,34.07,34.07,0.0
2016-05-31,12.28,12.28,0.0,21.36,21.36,0.0,33.52,33.52,0.0
2016-06-01,11.45,11.45,0.0,20.25,20.25,0.0,31.83,31.83,0.0
2016-06-02,13.19,13.19,0.0,21.97,21.97,0.0,35.8,35.8,0.0
2016-06-03,12.85,12.85,0.0,21.51,21.51,0.0,34.98,34.98,0.0
2016-06-04,14.06,14.06,0.0,21.59,21.59,0.0,35.51,35.51,0.0
2016-06-05,13.67,13.67,0.0,22.64,22.64,0.0,36.9,36.9,0.0
2016-06-06,12.89,12.89,0.0,20.97,20.97,0.0,34.05,34.05,0.0
2016-06-07,12.29,12.29,0.0,20.89,20.89,0.0,33.45,33.45,0.0
2016-06-08,12.58,12.58,0.0,20.9,20.9,0.0,33.65,33.65,0.0
2016-06-09,12.62,12.62,0.0,20.96,20.96,0.0,33.74,33.74,0.0
2016-06-10,12.16,12.16,0.0,20.71,20.71,0.0,33.06,33.06,0.0
2016-06-11,11.91,11.91,0.0,19.7,19.7,0.0,31.74,31.74,0.0
2016-06-12,12.07,12.07,0.0,20.03,20.03,0.0,32.21,32.21,0.0
2016-06-13,12.04,12.04,0.0,19.89,19.89,0.0,32.05,32.05,0.0
2016-06-14,11.95,11.95,0.0,19.82,19.82,0.0,31.77,31.77,0.0
2016-06-15,11.3,11.3,0.0,19.21,19.21,0.0,30.76,30.76,0.0
2016-06-16,12.11,12.11,0.0,20.7,20.7,0.0,33.71,33.71,0.0
2016-06-17,11.6,11.6,0.0,19.36,19.36,0.0,31.22,31.22,0.0
2016-06-18,11.47,11.47,0.0,19.17,19.17,0.0,30.79,30.79,0.0
2016-06-19,11.17,11.17,0.0,18.76,18.76,0.0,30.08,30.08,0.0
2016-06-20,11.08,11.08,0.0,18.84,18.84,0.0,30.33,30.33,0.0
2016-06-21,11.4,11.4,0.0,19.54,19.54,0.0,31.64,31.64,0.0
2016-06-22,11.99,11.99,0.0,21.32,21.32,0.0,34.93,34.93,0.0
2016-06-23,12.75,12.75,0.0,22.44,22.44,0.0,36.8,36.8,0.0
2016-06-24,12.17,12.17,0.0,22.12,22.12,0.0,35.73,35.73,0.0
2016-06-25,11.46,11.46,0.0,21.15,21.15,0.0,33.71,33.71,0.0
2016-06-26,11.14,11.14,0.0,20.47,20.47,0.0,32.44,32.44,0.0
2016-06-27,11.46,11.46,0.0,19.9,19.9,0.0,32.23,32.23,0.0
2016-06-28,11.3,11.3,0.0,20.04,20.04,0.0,32.13,32.13,0.0
2016-06-29,11.2,11.2,0.0,20.1,20.1,0.0,31.96,31.96,0.0
2016-06-30,10.61,10.61,0.0,19.98,19.98,0.0,31.48,31.48,0.0
2016-07-01,10.8,10.8,0.0,18.84,18.84,0.0,30.42,30.42,0.0
2016-07-02,10.78,10.78,0.0,19.04,19.04,0.0,30.58,30.58,0.0
2016-07-03,10.7,10.7,0.0,19.14,19.14,0.0,30.59,30.59,0.0
2016-07-04,11.54,11.54,0.0,20.97,20.97,0.0,33.8,33.8,0.0
2016-07-05,10.67,10.67,0.0,19.05,19.05,0.0,30.55,30.55,0.0
2016-07-06,10.47,10.47,0.0,18.82,18.82,0.0,30.1,30.1,0.0
2016-07-07,10.47,10.47,0.0,18.66,18.66,0.0,29.83,29.83,0.0
2016-07-08,10.44,10.44,0.0,18.71,18.71,0.0,29.87,29.87,0.0
2016-07-09,10.13,10.13,0.0,18.27,18.27,0.0,29.06,29.06,0.0
2016-07-10,9.958,9.958,0.0,17.92,17.92,0.0,28.5,28.5,0.0
2016-07-11,10.0,10.0,0.0,17.69,17.69,0.0,28.3,28.3,0.0
2016-07-12,10.01,10.01,0.0,17.88,17.88,0.0,28.58,28.58,0.0
2016-07-13,9.819,9.819,0.0,17.62,17.62,0.0,28.08,28.08,0.0
2016-07-14,9.611,9.611,0.0,17.26,17.26,0.0,27.46,27.46,0.0
2016-07-15,9.455,9.455,0.0,16.94,16.94,0.0,27.01,27.01,0.0
2016-07-16,9.463,9.463,0.0,16.88,16.88,0.0,26.92,26.92,0.0
2016-07-17,9.392,9.392,0.0,16.8,16.8,0.0,26.76,26.76,0.0
2016-07-18,9.288,9.288,0.0,16.67,16.67,0.0,26.58,26.58,0.0
2016-07-19,9.108,9.108,0.0,16.37,16.37,0.0,25.98,25.98,0.0
2016-07-20,8.939,8.939,0.0,15.97,15.97,0.0,25.49,25.49,0.0
2016-07-21,8.926,8.926,0.0,15.96,15.96,0.0,25.43,25.43,0.0
2016-07-22,8.815,8.815,0.0,15.71,15.71,0.0,25.04,25.04,0.0
2016-07-23,8.683,8.683,0.0,15.58,15.58,0.0,24.72,24.72,0.0
2016-07-24,8.627,8.627,0.0,15.24,15.24,0.0,24.34,24.34,0.0
2016-07-25,8.479,8.479,0.0,15.26,15.26,0.0,24.34,24.34,0.0
2016-07-26,8.553,8.553,0.0,15.03,15.03,0.0,24.01,24.01,0.0
2016-07-27,8.478,8.478,0.0,14.89,14.89,0.0,23.75,23.75,0.0
2016-07-28,9.086,9.086,0.0,16.59,16.59,0.0,26.87,26.87,0.0
2016-07-29,8.416,8.416,0.0,14.85,14.85,0.0,23.73,23.73,0.0
2016-07-30,8.338,8.338,0.0,14.88,14.88,0.0,23.81,23.81,0.0
2016-07-31,8.366,8.366,0.0,15.05,15.05,0.0,24.13,24.13,0.0
2016-08-01,8.159,8.159,0.0,14.46,14.46,0.0,23.09,23.09,0.0
2016-08-02,8.107,8.107,0.0,14.23,14.23,0.0,22.72,22.72,0.0
2016-08-03,8.042,8.042,0.0,14.08,14.08,0.0,22.53,22.53,0.0
2016-08-04,7.858,7.858,0.0,13.93,13.93,0.0,22.24,22.24,0.0
2016-08-05,7.88,7.88,0.0,14.09,14.09,0.0,22.52,22.52,0.0
2016-08-06,7.808,7.808,0.0,13.84,13.84,0.0,22.13,22.13,0.0
2016-08-07,7.687,7.687,0.0,13.48,13.48,0.0,21.52,21.52,0.0
2016-08-08,7.617,7.617,0.0,13.33,13.33,0.0,21.31,21.31,0.0
2016-08-09,7.441,7.441,0.0,13.18,13.18,0.0,21.04,21.04,0.0
2016-08-10,7.442,7.442,0.0,13.25,13.25,0.0,21.18,21.18,0.0
2016-08-11,7.405,7.405,0.0,13.09,13.09,0.0,20.95,20.95,0.0
2016-08-12,7.274,7.274,0.0,12.77,12.77,0.0,20.36,20.36,0.0
2016-08-13,7.256,7.256,0.0,12.73,12.73,0.0,20.39,20.39,0.0
2016-08-14,7.072,7.072,0.0,12.62,12.62,0.0,20.15,20.15,0.0
2016-08-15,7.089,7.089,0.0,12.61,12.61,0.0,20.19,20.19,0.0
2016-08-16,7.051,7.051,0.0,12.51,12.51,0.0,20.01,20.01,0.0
2016-08-17,7.2,7.2,0.0,12.72,12.72,0.0,20.5,20.5,0.0
2016-08-18,6.934,6.934,0.0,12.16,12.16,0.0,19.48,19.48,0.0
2016-08-19,6.742,6.742,0.0,11.95,11.95,0.0,19.06,19.06,0.0
2016-08-20,6.727,6.727,0.0,11.82,11.82,0.0,18.89,18.89,0.0
2016-08-21,6.778,6.778,0.0,11.98,11.98,0.0,19.17,19.17,0.0
2016-08-22,6.616,6.616,0.0,11.55,11.55,0.0,18.48,18.48,0.0
2016-08-23,6.537,6.537,0.0,11.43,11.43,0.0,18.28,18.28,0.0
2016-08-24,6.382,6.382,0.0,11.3,11.3,0.0,18.02,18.02,0.0
2016-08-25,6.509,6.509,0.0,11.59,11.59,0.0,18.6,18.6,0.0
2016-08-26,6.309,6.309,0.0,11.09,11.09,0.0,17.68,17.68,0.0
2016-08-27,6.242,6.242,0.0,10.9,10.9,0.0,17.42,17.42,0.0
2016-08-28,6.168,6.168,0.0,10.8,10.8,0.0,17.25,17.25,0.0
2016-08-29,6.037,6.037,0.0,10.67,10.67,0.0,17.02,17.02,0.0
2016-08-30,6.006,6.006,0.0,10.56,10.56,0.0,16.86,16.86,0.0
2016-08-31,5.975,5.975,0.0,10.48,10.48,0.0,16.74,16.74,0.0
2016-09-01,5.878,5.878,0.0,10.29,10.29,0.0,16.43,16.43,0.0
2016-09-02,5.777,5.777,0.0,10.18,10.18,0.0,16.24,16.24,0.0
2016-09-03,5.732,5.732,0.0,10.07,10.07,0.0,16.07,16.07,0.0
2016-09-04,5.677,5.677,0.0,9.954,9.954,0.0,15.87,15.87,0.0
2016-09-05,5.615,5.615,0.0,9.84,9.84,0.0,15.7,15.7,0.0
2016-09-06,5.519,5.519,0.0,9.716,9.716,0.0,15.5,15.5,0.0
2016-09-07,5.473,5.473,0.0,9.603,9.603,0.0,15.32,15.32,0.0
2016-09-08,5.42,5.42,0.0,9.497,9.497,0.0,15.16,15.16,0.0
2016-09-09,5.362,5.362,0.0,9.395,9.395,0.0,14.97,14.97,0.0
2016-09-10,5.275,5.275,0.0,9.281,9.281,0.0,14.79,14.79,0.0
2016-09-11,5.232,5.232,0.0,9.168,9.168,0.0,14.63,14.63,0.0
2016-09-12,5.176,5.176,0.0,9.067,9.067,0.0,14.47,14.47,0.0
2016-09-13,5.121,5.121,0.0,8.97,8.97,0.0,14.31,14.31,0.0
2016-09-14,5.064,5.064,0.0,8.87,8.87,0.0,14.14,14.14,0.0
2016-09-15,4.986,4.986,0.0,8.763,8.763,0.0,13.97,13.97,0.0
2016-09-16,4.942,4.942,0.0,8.651,8.651,0.0,13.81,13.81,0.0
2016-09-17,4.889,4.889,0.0,8.563,8.563,0.0,13.66,13.66,0.0
2016-09-18,4.948,4.948,0.0,8.705,8.705,0.0,13.94,13.94,0.0
2016-09-19,4.864,4.864,0.0,8.539,8.539,0.0,13.66,13.66,0.0
2016-09-20,4.769,4.769,0.0,8.311,8.311,0.0,13.27,13.27,0.0
2016-09-21,4.72,4.72,0.0,8.204,8.204,0.0,13.11,13.11,0.0
2016-09-22,4.666,4.666,0.0,8.12,8.12,0.0,12.97,12.97,0.0
2016-09-23,4.616,4.616,0.0,8.03,8.03,0.0,12.81,12.81,0.0
2016-09-24,4.551,4.551,0.0,7.937,7.937,0.0,12.67,12.67,0.0
2016-09-25,4.506,4.506,0.0,7.848,7.848,0.0,12.53,12.53,0.0
2016-09-26,4.752,4.752,0.0,8.309,8.309,0.0,13.44,13.44,0.0
2016-09-27,4.5,4.5,0.0,7.751,7.751,0.0,12.4,12.4,0.0
2016-09-28,4.706,4.706,0.0,8.123,8.123,0.0,13.18,13.18,0.0
2016-09-29,7.098,7.098,0.0,10.87,10.87,0.0,18.0,18.0,0.0
2016-09-30,5.983,5.983,0.0,9.572,9.572,0.0,15.66,15.66,0.0
2016-10-01,5.682,5.682,0.0,9.056,9.056,0.0,14.65,14.65,0.0
2016-10-02,5.587,5.587,0.0,8.912,8.912,0.0,14.39,14.39,0.0
2016-10-03,5.542,5.542,0.0,8.822,8.822,0.0,14.25,14.25,0.0
2016-10-04,5.484,5.484,0.0,8.718,8.718,0.0,14.08,14.08,0.0
2016-10-05,5.427,5.427,0.0,8.612,8.612,0.0,13.93,13.93,0.0
2016-10-06,5.373,5.373,0.0,8.516,8.516,0.0,13.77,13.77,0.0
2016-10-07,5.974,5.974,0.0,9.458,9.458,0.0,15.44,15.44,0.0
2016-10-08,6.375,6.375,0.0,10.21,10.21,0.0,16.7,16.7,0.0
2016-10-09,6.051,6.051,0.0,9.46,9.46,0.0,15.27,15.27,0.0
2016-10-10,5.988,5.988,0.0,9.369,9.369,0.0,15.09,15.09,0.0
2016-10-11,5.85,5.85,0.0,9.277,9.277,0.0,14.91,14.91,0.0
2016-10-12,5.804,5.804,0.0,9.051,9.051,0.0,14.63,14.63,0.0
2016-10-13,5.768,5.768,0.0,9.017,9.017,0.0,14.59,14.59,0.0
2016-10-14,5.66,5.66,0.0,8.937,8.937,0.0,14.39,14.39,0.0
2016-10-15,5.621,5.621,0.0,8.865,8.865,0.0,14.25,14.25,0.0
2016-10-16,5.561,5.561,0.0,8.741,8.741,0.0,14.08,14.08,0.0
2016-10-17,5.512,5.512,0.0,8.554,8.554,0.0,13.84,13.84,0.0
2016-10-18,5.441,5.441,0.0,8.533,8.533,0.0,13.76,13.76,0.0
2016-10-19,5.352,5.352,0.0,8.468,8.468,0.0,13.62,13.62,0.0
2016-10-20,5.359,5.359,0.0,8.523,8.523,0.0,13.74,13.74,0.0
2016-10-21,5.458,5.458,0.0,8.876,8.876,0.0,14.37,14.37,0.0
2016-10-22,5.251,5.251,0.0,8.551,8.551,0.0,13.66,13.66,0.0
2016-10-23,5.156,5.156,0.0,8.361,8.361,0.0,13.31,13.31,0.0
2016-10-24,5.059,5.059,0.0,8.278,8.278,0.0,13.15,13.15,0.0
2016-10-25,5.025,5.025,0.0,8.117,8.117,0.0,12.93,12.93,0.0
2016-10-26,4.982,4.982,0.0,8.004,8.004,0.0,12.78,12.78,0.0
2016-10-27,4.924,4.924,0.0,7.982,7.982,0.0,12.71,12.71,0.0
2016-10-28,4.877,4.877,0.0,7.916,7.916,0.0,12.59,12.59,0.0
2016-10-29,4.783,4.783,0.0,7.78,7.78,0.0,12.39,12.39,0.0
2016-10-30,4.917,4.917,0.0,8.286,8.286,0.0,13.21,13.21,0.0
2016-10-31,4.718,4.718,0.0,7.78,7.78,0.0,12.31,12.31,0.0
2016-11-01,4.667,4.667,0.0,7.758,7.758,0.0,12.24,12.24,0.0
2016-11-02,4.622,4.622,0.0,7.691,7.691,0.0,12.13,12.13,0.0
2016-11-03,4.846,4.846,0.0,8.469,8.469,0.0,13.47,13.47,0.0
2016-11-04,4.6,4.6,0.0,7.878,7.878,0.0,12.37,12.37,0.0
2016-11-05,4.56,4.56,0.0,7.698,7.698,0.0,12.14,12.14,0.0
2016-11-06,4.508,4.508,0.0,7.573,7.573,0.0,11.95,11.95,0.0
2016-11-07,4.458,4.458,0.0,7.574,7.574,0.0,11.91,11.91,0.0
2016-11-08,4.438,4.438,0.0,7.721,7.721,0.0,12.14,12.14,0.0
2016-11-09,4.472,4.472,0.0,8.028,8.028,0.0,12.57,12.57,0.0
2016-11-10,4.334,4.334,0.0,7.708,7.708,0.0,11.98,11.98,0.0
2016-11-11,4.284,4.284,0.0,7.421,7.421,0.0,11.62,11.62,0.0
2016-11-12,4.236,4.236,0.0,7.446,7.446,0.0,11.61,11.61,0.0
2016-11-13,4.195,4.195,0.0,7.431,7.431,0.0,11.56,11.56,0.0
2016-11-14,4.307,4.307,0.0,7.476,7.476,0.0,11.69,11.69,0.0
2016-11-15,4.229,4.229,0.0,7.33,7.33,0.0,11.48,11.48,0.0
2016-11-16,4.211,4.211,0.0,7.235,7.235,0.0,11.36,11.36,0.0
2016-11-17,4.166,4.166,0.0,7.175,7.175,0.0,11.23,11.23,0.0
2016-11-18,4.102,4.102,0.0,7.136,7.136,0.0,11.15,11.15,0.0
2016-11-19,4.22,4.22,0.0,7.558,7.558,0.0,11.83,11.83,0.0
2016-11-20,4.087,4.087,0.0,7.363,7.363,0.0,11.44,11.44,0.0
2016-11-21,4.034,4.034,0.0,7.096,7.096,0.0,11.06,11.06,0.0
2016-11-22,3.982,3.982,0.0,7.028,7.028,0.0,10.93,10.93,0.0
2016-11-23,3.938,3.938,0.0,7.091,7.091,0.0,10.96,10.96,0.0
2016-11-24,3.945,3.945,0.0,7.214,7.214,0.0,11.14,11.14,0.0
2016-11-25,3.834,3.834,0.0,7.079,7.079,0.0,10.86,10.86,0.0
2016-11-26,3.827,3.827,0.0,6.969,6.969,0.0,10.76,10.76,0.0
2016-11-27,3.765,3.765,0.0,6.928,6.928,0.0,10.64,10.64,0.0
2016-11-28,4.036,4.036,0.0,7.618,7.618,0.0,11.76,11.76,0.0
2016-11-29,4.737,4.737,0.0,8.453,8.453,0.0,13.19,13.19,0.0
2016-11-30,5.698,5.698,0.0,9.787,9.787,0.0,15.58,15.58,0.0
2016-12-01,5.393,5.393,0.0,9.094,9.094,0.0,14.23,14.23,0.0
2016-12-02,5.329,5.329,0.0,9.048,9.048,0.0,14.12,14.12,0.0
2016-12-03,5.016,5.016,0.0,8.213,8.213,0.0,13.03,13.03,0.0
2016-12-04,5.297,5.297,0.0,8.877,8.877,0.0,13.99,13.99,0.0
2016-12-05,5.432,5.432,0.0,9.046,9.046,0.0,14.12,14.12,0.0
2016-12-06,6.524,6.524,0.0,11.17,11.17,0.0,17.87,17.87,0.0
2016-12-07,6.144,6.144,0.0,10.15,10.15,0.0,15.97,15.97,0.0
2016-12-08,5.916,5.916,0.0,9.938,9.938,0.0,15.67,15.67,0.0
2016-12-09,5.692,5.692,0.0,9.093,9.093,0.0,14.56,14.56,0.0
2016-12-10,5.744,5.744,0.0,9.551,9.551,0.0,14.95,14.95,0.0
2016-12-11,5.919,5.919,0.0,10.03,10.03,0.0,15.79,15.79,0.0
2016-12-12,5.774,5.774,0.0,10.23,10.23,0.0,15.84,15.84,0.0
2016-12-13,5.656,5.656,0.0,9.341,9.341,0.0,14.77,14.77,0.0
2016-12-14,5.556,5.556,0.0,9.174,9.174,0.0,14.58,14.58,0.0
2016-12-15,5.542,5.542,0.0,9.354,9.354,0.0,14.6,14.6,0.0
2016-12-16,5.691,5.691,0.0,9.829,9.829,0.0,15.42,15.42,0.0
2016-12-17,5.622,5.622,0.0,14.24,14.24,0.0,20.73,20.73,0.0
2016-12-18,5.488,5.488,0.0,10.46,10.46,0.0,16.01,16.01,0.0
2016-12-19,5.299,5.299,0.0,8.995,8.995,0.0,14.11,14.11,0.0
2016-12-20,5.268,5.268,0.0,9.118,9.118,0.0,14.14,14.14,0.0
2016-12-21,5.101,5.101,0.0,9.133,9.133,0.0,14.06,14.06,0.0
2016-12-22,5.142,5.142,0.0,9.01,9.01,0.0,13.97,13.97,0.0
2016-12-23,5.332,5.332,0.0,9.647,9.647,0.0,14.91,14.91,0.0
2016-12-24,5.222,5.222,0.0,9.752,9.752,0.0,15.0,15.0,0.0
2016-12-25,5.173,5.173,0.0,9.53,9.53,0.0,14.62,14.62,0.0
2016-12-26,5.461,5.461,0.0,10.75,10.75,0.0,16.39,16.39,0.0
2016-12-27,6.32,6.32,0.0,11.44,11.44,0.0,17.5,17.5,0.0
2016-12-28,6.78,6.78,0.0,12.47,12.47,0.0,19.04,19.04,0.0
2016-12-29,6.881,6.881,0.0,12.19,12.19,0.0,18.92,18.92,0.0
2016-12-30,6.216,6.216,0.0,11.22,11.22,0.0,17.4,17.4,0.0
2016-12-31,6.432,6.432,0.0,11.52,11.52,0.0,17.97,17.97,0.0
