date,old_01605500,new_01605500,abs_diff_01605500,old_01606000,new_01606000,abs_diff_01606000,old_01606500,new_01606500,abs_diff_01606500
2003-01-01,17.18,17.18,0.0,41.46,41.46,0.0,57.78,57.78,0.0
2003-01-02,18.29,18.29,0.0,37.36,37.36,0.0,54.71,54.71,0.0
2003-01-03,19.47,19.47,0.0,33.67,33.67,0.0,52.37,52.37,0.0
2003-01-04,19.38,19.38,0.0,32.12,32.12,0.0,50.62,50.62,0.0
2003-01-05,15.71,15.71,0.0,28.14,28.14,0.0,42.69,42.69,0.0
2003-01-06,13.99,13.99,0.0,22.73,22.73,0.0,36.33,36.33,0.0
2003-01-07,15.12,15.12,0.0,22.71,22.71,0.0,37.05,37.05,0.0
2003-01-08,16.41,16.41,0.0,25.79,25.79,0.0,41.35,41.35,0.0
2003-01-09,15.51,15.51,0.0,27.91,27.91,0.0,42.73,42.73,0.0
2003-01-10,13.59,13.59,0.0,26.88,26.88,0.0,39.17,39.17,0.0
2003-01-11,12.65,12.65,0.0,20.26,20.26,0.0,32.31,32.31,0.0
2003-01-12,12.58,12.58,0.0,20.04,20.04,0.0,32.15,32.15,0.0
2003-01-13,12.7,12.7,0.0,21.47,21.47,0.0,33.57,33.57,0.0
2003-01-14,12.04,12.04,0.0,21.98,21.98,0.0,33.33,33.33,0.0
2003-01-15,11.49,11.49,0.0,20.39,20.39,0.0,30.8,30.8,0.0
2003-01-16,10.53,10.53,0.0,17.7,17.7,0.0,27.86,27.86,0.0
2003-01-17,10.7,10.7,0.0,17.01,17.01,0.0,27.16,27.16,0.0
2003-01-18,10.6,10.6,0.0,16.62,16.62,0.0,26.58,26.58,0.0
2003-01-19,10.02,10.02,0.0,16.82,16.82,0.0,26.33,26.33,0.0
2003-01-20,9.724,9.724,0.0,15.95,15.95,0.0,24.74,24.74,0.0
2003-01-21,9.014,9.014,0.0,14.21,14.21,0.0,22.64,22.64,0.0
2003-01-22,8.823,8.823,0.0,14.26,14.26,0.0,22.64,22.64,0.0
2003-01-23,8.849,8.849,0.0,14.12,14.12,0.0,22.55,22.55,0.0
2003-01-24,8.57,8.57,0.0,13.6,13.6,0.0,21.4,21.4,0.0
2003-01-25,7.882,7.882,0.0,12.72,12.72,0.0,20.04,20.04,0.0
2003-01-26,7.54,7.54,0.0,12.29,12.29,0.0,19.35,19.35,0.0
2003-01-27,7.495,7.495,0.0,11.58,11.58,0.0,18.49,18.49,0.0
2003-01-28,7.211,7.211,0.0,11.47,11.47,0.0,18.24,18.24,0.0
2003-01-29,7.483,7.483,0.0,11.76,11.76,0.0,18.69,18.69,0.0
2003-01-30,6.88,6.88,0.0,11.07,11.07,0.0,17.34,17.34,0.0
2003-01-31,6.158,6.158,0.0,11.17,11.17,0.0,17.03,17.03,0.0
2003-02-01,6.728,6.728,0.0,11.12,11.12,0.0,17.11,17.11,0.0
2003-02-02,6.398,6.398,0.0,11.75,11.75,0.0,17.68,17.68,0.0
2003-02-03,6.692,6.692,0.0,24.55,24.55,0.0,31.18,31.18,0.0
2003-02-04,6.341,6.341,0.0,16.4,16.4,0.0,22.25,22.25,0.0
2003-02-05,5.877,5.877,0.0,13.22,13.22,0.0,18.52,18.52,0.0
2003-02-06,5.317,5.317,0.0,12.34,12.34,0.0,17.5,17.5,0.0
2003-02-07,5.2,5.2,0.0,11.55,11.55,0.0,16.43,16.43,0.0
2003-02-08,4.982,4.982,0.0,10.04,10.04,0.0,14.66,14.66,0.0
2003-02-09,4.986,4.986,0.0,9.11,9.11,0.0,13.64,13.64,0.0
2003-02-10,5.007,5.007,0.0,9.7,9.7,0.0,14.41,14.41,0.0
2003-02-11,4.573,4.573,0.0,9.561,9.561,0.0,13.87,13.87,0.0
2003-02-12,4.275,4.275,0.0,8.362,8.362,0.0,12.28,12.28,0.0
2003-02-13,4.305,4.305,0.0,8.218,8.218,0.0,12.15,12.15,0.0
2003-02-14,4.316,4.316,0.0,8.387,8.387,0.0,12.71,12.71,0.0
2003-02-15,4.435,4.435,0.0,8.915,8.915,0.0,13.43,13.43,0.0
2003-02-16,4.858,4.858,0.0,10.2,10.2,0.0,15.76,15.76,0.0
2003-02-17,3.692,3.692,0.0,7.608,7.608,0.0,11.21,11.21,0.0
2003-02-18,3.548,3.548,0.0,7.061,7.061,0.0,10.29,10.29,0.0
2003-02-19,7.455,7.455,0.0,11.07,11.07,0.0,18.92,18.92,0.0
2003-02-20,7.034,7.034,0.0,12.69,12.69,0.0,20.78,20.78,0.0
2003-02-21,26.52,26.52,0.0,23.94,23.94,0.0,48.56,48.56,0.0
2003-02-22,40.2,40.2,0.0,90.83,90.83,0.0,131.4,131.4,0.0
2003-02-23,28.22,28.22,0.0,56.69,56.69,0.0,83.35,83.35,0.0
2003-02-24,21.18,21.18,0.0,33.07,33.07,0.0,52.58,52.58,0.0
2003-02-25,19.58,19.58,0.0,26.18,26.18,0.0,43.11,43.11,0.0
2003-02-26,18.42,18.42,0.0,24.18,24.18,0.0,39.99,39.99,0.0
2003-02-27,14.03,14.03,0.0,17.04,17.04,0.0,28.78,28.78,0.0
2003-02-28,15.17,15.17,0.0,17.48,17.48,0.0,30.41,30.41,0.0
2003-03-01,21.05,21.05,0.0,31.63,31.63,0.0,53.48,53.48,0.0
2003-03-02,18.16,18.16,0.0,43.13,43.13,0.0,62.93,62.93,0.0
2003-03-03,17.55,17.55,0.0,33.31,33.31,0.0,51.94,51.94,0.0
2003-03-04,18.52,18.52,0.0,39.54,39.54,0.0,57.84,57.84,0.0
2003-03-05,21.23,21.23,0.0,64.66,64.66,0.0,83.84,83.84,0.0
2003-03-06,21.69,21.69,0.0,72.83,72.83,0.0,93.68,93.68,0.0
2003-03-07,21.01,21.01,0.0,48.67,48.67,0.0,69.25,69.25,0.0
2003-03-08,18.09,18.09,0.0,41.77,41.77,0.0,61.67,61.67,0.0
2003-03-09,19.37,19.37,0.0,35.83,35.83,0.0,56.28,56.28,0.0
2003-03-10,18.04,18.04,0.0,40.16,40.16,0.0,58.12,58.12,0.0
2003-03-11,18.68,18.68,0.0,41.9,41.9,0.0,59.97,59.97,0.0
2003-03-12,15.99,15.99,0.0,40.66,40.66,0.0,56.98,56.98,0.0
2003-03-13,17.74,17.74,0.0,36.82,36.82,0.0,54.91,54.91,0.0
2003-03-14,17.97,17.97,0.0,41.63,41.63,0.0,59.76,59.76,0.0
2003-03-15,16.42,16.42,0.0,39.51,39.51,0.0,56.39,56.39,0.0
2003-03-16,15.55,15.55,0.0,41.24,41.24,0.0,56.81,56.81,0.0
2003-03-17,14.6,14.6,0.0,40.01,40.01,0.0,54.55,54.55,0.0
2003-03-18,14.94,14.94,0.0,34.71,34.71,0.0,49.52,49.52,0.0
2003-03-19,17.41,17.41,0.0,38.93,38.93,0.0,56.34,56.34,0.0
2003-03-20,22.86,22.86,0.0,46.51,46.51,0.0,69.77,69.77,0.0
2003-03-21,21.89,21.89,0.0,42.49,42.49,0.0,65.31,65.31,0.0
2003-03-22,20.39,20.39,0.0,42.66,42.66,0.0,64.32,64.32,0.0
2003-03-23,17.86,17.86,0.0,38.85,38.85,0.0,57.08,57.08,0.0
2003-03-24,16.47,16.47,0.0,35.89,35.89,0.0,52.79,52.79,0.0
2003-03-25,16.71,16.71,0.0,34.84,34.84,0.0,52.11,52.11,0.0
2003-03-26,17.06,17.06,0.0,36.37,36.37,0.0,54.03,54.03,0.0
2003-03-27,15.67,15.67,0.0,36.19,36.19,0.0,52.59,52.59,0.0
2003-03-28,15.21,15.21,0.0,35.5,35.5,0.0,50.42,50.42,0.0
2003-03-29,17.4,17.4,0.0,34.87,34.87,0.0,52.48,52.48,0.0
2003-03-30,17.47,17.47,0.0,33.47,33.47,0.0,51.47,51.47,0.0
2003-03-31,18.51,18.51,0.0,33.77,33.77,0.0,52.21,52.21,0.0
2003-04-01,16.91,16.91,0.0,35.71,35.71,0.0,53.01,53.01,0.0
2003-04-02,15.56,15.56,0.0,36.01,36.01,0.0,51.43,51.43,0.0
2003-04-03,14.85,14.85,0.0,35.38,35.38,0.0,49.87,49.87,0.0
2003-04-04,15.25,15.25,0.0,31.47,31.47,0.0,46.75,46.75,0.0
2003-04-05,15.2,15.2,0.0,31.62,31.62,0.0,46.78,46.78,0.0
2003-04-06,19.02,19.02,0.0,37.98,37.98,0.0,57.5,57.5,0.0
2003-04-07,23.16,23.16,0.0,42.16,42.16,0.0,64.72,64.72,0.0
2003-04-08,25.22,25.22,0.0,43.24,43.24,0.0,68.11,68.11,0.0
2003-04-09,25.07,25.07,0.0,43.42,43.42,0.0,68.59,68.59,0.0
2003-04-10,27.89,27.89,0.0,46.54,46.54,0.0,74.44,74.44,0.0
2003-04-11,21.63,21.63,0.0,48.09,48.09,0.0,69.41,69.41,0.0
2003-04-12,19.68,19.68,0.0,37.83,37.83,0.0,58.34,58.34,0.0
2003-04-13,20.63,20.63,0.0,39.93,39.93,0.0,61.1,61.1,0.0
2003-04-14,19.79,19.79,0.0,38.26,38.26,0.0,58.98,58.98,0.0
2003-04-15,19.19,19.19,0.0,38.72,38.72,0.0,58.82,58.82,0.0
2003-04-16,17.76,17.76,0.0,37.19,37.19,0.0,54.52,54.52,0.0
2003-04-17,19.05,19.05,0.0,32.71,32.71,0.0,51.59,51.59,0.0
2003-04-18,20.44,20.44,0.0,35.51,35.51,0.0,56.15,56.15,0.0
2003-04-19,20.15,20.15,0.0,33.75,33.75,0.0,54.01,54.01,0.0
2003-04-20,20.19,20.19,0.0,33.83,33.83,0.0,54.03,54.03,0.0
2003-04-21,18.64,18.64,0.0,34.8,34.8,0.0,54.58,54.58,0.0
2003-04-22,17.0,17.0,0.0,31.01,31.01,0.0,47.86,47.86,0.0
2003-04-23,17.6,17.6,0.0,31.01,31.01,0.0,48.34,48.34,0.0
2003-04-24,17.62,17.62,0.0,31.4,31.4,0.0,48.86,48.86,0.0
2003-04-25,17.62,17.62,0.0,30.19,30.19,0.0,47.82,47.82,0.0
2003-04-26,16.89,16.89,0.0,30.86,30.86,0.0,47.93,47.93,0.0
2003-04-27,15.79,15.79,0.0,30.45,30.45,0.0,45.44,45.44,0.0
2003-04-28,14.87,14.87,0.0,26.25,26.25,0.0,40.95,40.95,0.0
2003-04-29,15.56,15.56,0.0,27.58,27.58,0.0,42.58,42.58,0.0
2003-04-30,17.31,17.31,0.0,30.41,30.41,0.0,47.25,47.25,0.0
2003-05-01,17.61,17.61,0.0,33.26,33.26,0.0,50.55,50.55,0.0
2003-05-02,18.22,18.22,0.0,34.2,34.2,0.0,52.1,52.1,0.0
2003-05-03,22.0,22.0,0.0,37.88,37.88,0.0,58.96,58.96,0.0
2003-05-04,22.92,22.92,0.0,36.84,36.84,0.0,59.1,59.1,0.0
2003-05-05,22.56,22.56,0.0,38.14,38.14,0.0,59.89,59.89,0.0
2003-05-06,16.26,16.26,0.0,31.12,31.12,0.0,47.62,47.62,0.0
2003-05-07,17.39,17.39,0.0,34.41,34.41,0.0,51.97,51.97,0.0
2003-05-08,20.48,20.48,0.0,37.79,37.79,0.0,58.6,58.6,0.0
2003-05-09,29.33,29.33,0.0,50.88,50.88,0.0,80.77,80.77,0.0
2003-05-10,35.69,35.69,0.0,58.28,58.28,0.0,93.82,93.82,0.0
2003-05-11,30.06,30.06,0.0,54.34,54.34,0.0,86.35,86.35,0.0
2003-05-12,29.04,29.04,0.0,50.52,50.52,0.0,80.06,80.06,0.0
2003-05-13,20.76,20.76,0.0,40.67,40.67,0.0,63.46,63.46,0.0
2003-05-14,22.17,22.17,0.0,42.52,42.52,0.0,66.11,66.11,0.0
2003-05-15,23.99,23.99,0.0,45.95,45.95,0.0,71.44,71.44,0.0
2003-05-16,25.46,25.46,0.0,46.6,46.6,0.0,73.45,73.45,0.0
2003-05-17,32.68,32.68,0.0,52.2,52.2,0.0,86.35,86.35,0.0
2003-05-18,34.67,34.67,0.0,50.27,50.27,0.0,85.89,85.89,0.0
2003-05-19,30.51,30.51,0.0,40.31,40.31,0.0,69.65,69.65,0.0
2003-05-20,26.47,26.47,0.0,44.19,44.19,0.0,72.17,72.17,0.0
2003-05-21,26.41,26.41,0.0,45.58,45.58,0.0,73.33,73.33,0.0
2003-05-22,26.91,26.91,0.0,45.42,45.42,0.0,73.27,73.27,0.0
2003-05-23,26.89,26.89,0.0,43.39,43.39,0.0,71.01,71.01,0.0
2003-05-24,25.48,25.48,0.0,35.57,35.57,0.0,59.9,59.9,0.0
2003-05-25,21.57,21.57,0.0,37.51,37.51,0.0,60.07,60.07,0.0
2003-05-26,22.78,22.78,0.0,38.1,38.1,0.0,61.1,61.1,0.0
2003-05-27,23.73,23.73,0.0,39.27,39.27,0.0,63.18,63.18,0.0
2003-05-28,24.09,24.09,0.0,39.07,39.07,0.0,63.05,63.05,0.0
2003-05-29,23.67,23.67,0.0,36.86,36.86,0.0,60.62,60.62,0.0
2003-05-30,21.44,21.44,0.0,31.99,31.99,0.0,53.49,53.49,0.0
2003-05-31,20.77,20.77,0.0,37.77,37.77,0.0,59.05,59.05,0.0
2003-06-01,20.93,20.93,0.0,37.8,37.8,0.0,58.61,58.61,0.0
2003-06-02,22.25,22.25,0.0,38.1,38.1,0.0,60.2,60.2,0.0
2003-06-03,30.15,30.15,0.0,44.73,44.73,0.0,73.53,73.53,0.0
2003-06-04,29.55,29.55,0.0,44.84,44.84,0.0,74.13,74.13,0.0
2003-06-05,27.32,27.32,0.0,43.11,43.11,0.0,70.56,70.56,0.0
2003-06-06,28.34,28.34,0.0,35.1,35.1,0.0,63.26,63.26,0.0
2003-06-07,23.6,23.6,0.0,40.38,40.38,0.0,64.54,64.54,0.0
2003-06-08,26.61,26.61,0.0,43.4,43.4,0.0,69.83,69.83,0.0
2003-06-09,26.23,26.23,0.0,43.21,43.21,0.0,69.54,69.54,0.0
2003-06-10,25.87,25.87,0.0,42.39,42.39,0.0,68.3,68.3,0.0
2003-06-11,25.34,25.34,0.0,36.38,36.38,0.0,61.23,61.23,0.0
2003-06-12,22.02,22.02,0.0,35.06,35.06,0.0,57.1,57.1,0.0
2003-06-13,23.19,23.19,0.0,38.66,38.66,0.0,62.39,62.39,0.0
2003-06-14,23.74,23.74,0.0,40.11,40.11,0.0,64.55,64.55,0.0
2003-06-15,25.15,25.15,0.0,41.13,41.13,0.0,66.81,66.81,0.0
2003-06-16,27.66,27.66,0.0,42.17,42.17,0.0,69.69,69.69,0.0
2003-06-17,27.65,27.65,0.0,43.32,43.32,0.0,71.37,71.37,0.0
2003-06-18,26.03,26.03,0.0,33.28,33.28,0.0,57.6,57.6,0.0
2003-06-19,22.76,22.76,0.0,38.01,38.01,0.0,62.18,62.18,0.0
2003-06-20,22.39,22.39,0.0,39.57,39.57,0.0,63.38,63.38,0.0
2003-06-21,22.87,22.87,0.0,39.56,39.56,0.0,63.33,63.33,0.0
2003-06-22,22.66,22.66,0.0,38.62,38.62,0.0,61.87,61.87,0.0
2003-06-23,22.13,22.13,0.0,32.46,32.46,0.0,53.66,53.66,0.0
2003-06-24,18.16,18.16,0.0,31.36,31.36,0.0,50.26,50.26,0.0
2003-06-25,18.82,18.82,0.0,32.12,32.12,0.0,51.18,51.18,0.0
2003-06-26,18.86,18.86,0.0,31.94,31.94,0.0,50.87,50.87,0.0
2003-06-27,18.48,18.48,0.0,31.13,31.13,0.0,49.58,49.58,0.0
2003-06-28,16.13,16.13,0.0,26.0,26.0,0.0,42.0,42.0,0.0
2003-06-29,16.1,16.1,0.0,26.63,26.63,0.0,42.56,42.56,0.0
2003-06-30,16.06,16.06,0.0,26.63,26.63,0.0,42.43,42.43,0.0
2003-07-01,15.81,15.81,0.0,26.22,26.22,0.0,41.81,41.81,0.0
2003-07-02,15.65,15.65,0.0,24.65,24.65,0.0,39.83,39.83,0.0
2003-07-03,14.41,14.41,0.0,22.97,22.97,0.0,36.76,36.76,0.0
2003-07-04,13.57,13.57,0.0,22.37,22.37,0.0,35.68,35.68,0.0
2003-07-05,13.6,13.6,0.0,22.17,22.17,0.0,35.35,35.35,0.0
2003-07-06,13.49,13.49,0.0,21.97,21.97,0.0,35.13,35.13,0.0
2003-07-07,13.97,13.97,0.0,23.18,23.18,0.0,37.95,37.95,0.0
2003-07-08,13.14,13.14,0.0,22.65,22.65,0.0,36.36,36.36,0.0
2003-07-09,13.11,13.11,0.0,23.61,23.61,0.0,37.05,37.05,0.0
2003-07-10,11.99,11.99,0.0,22.54,22.54,0.0,34.84,34.84,0.0
2003-07-11,11.86,11.86,0.0,22.08,22.08,0.0,33.99,33.99,0.0
2003-07-12,11.74,11.74,0.0,21.6,21.6,0.0,33.35,33.35,0.0
2003-07-13,11.41,11.41,0.0,20.93,20.93,0.0,32.22,32.22,0.0
2003-07-14,10.94,10.94,0.0,19.51,19.51,0.0,30.49,30.49,0.0
2003-07-15,10.47,10.47,0.0,18.95,18.95,0.0,29.08,29.08,0.0
2003-07-16,9.788,9.788,0.0,18.21,18.21,0.0,27.97,27.97,0.0
2003-07-17,9.775,9.775,0.0,18.05,18.05,0.0,27.69,27.69,0.0
2003-07-18,9.651,9.651,0.0,17.64,17.64,0.0,27.11,27.11,0.0
2003-07-19,9.122,9.122,0.0,16.51,16.51,0.0,25.51,25.51,0.0
2003-07-20,8.944,8.944,0.0,15.84,15.84,0.0,24.54,24.54,0.0
2003-07-21,8.417,8.417,0.0,15.62,15.62,0.0,23.76,23.76,0.0
2003-07-22,7.944,7.944,0.0,14.98,14.98,0.0,22.88,22.88,0.0
2003-07-23,7.88,7.88,0.0,14.75,14.75,0.0,22.55,22.55,0.0
2003-07-24,7.515,7.515,0.0,13.75,13.75,0.0,21.17,21.17,0.0
2003-07-25,7.358,7.358,0.0,13.26,13.26,0.0,20.43,20.43,0.0
2003-07-26,7.079,7.079,0.0,13.07,13.07,0.0,19.86,19.86,0.0
2003-07-27,6.853,6.853,0.0,13.22,13.22,0.0,20.42,20.42,0.0
2003-07-28,6.957,6.957,0.0,14.08,14.08,0.0,21.68,21.68,0.0
2003-07-29,6.316,6.316,0.0,12.22,12.22,0.0,18.63,18.63,0.0
2003-07-30,6.086,6.086,0.0,11.94,11.94,0.0,18.18,18.18,0.0
2003-07-31,6.047,6.047,0.0,11.8,11.8,0.0,18.04,18.04,0.0
2003-08-01,5.832,5.832,0.0,11.43,11.43,0.0,17.31,17.31,0.0
2003-08-02,5.633,5.633,0.0,11.19,11.19,0.0,17.12,17.12,0.0
2003-08-03,5.646,5.646,0.0,11.03,11.03,0.0,16.98,16.98,0.0
2003-08-04,6.058,6.058,0.0,11.46,11.46,0.0,18.16,18.16,0.0
2003-08-05,5.971,5.971,0.0,11.74,11.74,0.0,18.47,18.47,0.0
2003-08-06,5.628,5.628,0.0,10.96,10.96,0.0,17.02,17.02,0.0
2003-08-07,5.764,5.764,0.0,11.37,11.37,0.0,17.81,17.81,0.0
2003-08-08,5.669,5.669,0.0,11.14,11.14,0.0,17.64,17.64,0.0
2003-08-09,6.108,6.108,0.0,13.56,13.56,0.0,21.09,21.09,0.0
2003-08-10,6.432,6.432,0.0,15.94,15.94,0.0,24.81,24.81,0.0
2003-08-11,6.847,6.847,0.0,16.79,16.79,0.0,26.03,26.03,0.0
2003-08-12,6.897,6.897,0.0,19.23,19.23,0.0,29.31,29.31,0.0
2003-08-13,6.434,6.434,0.0,18.37,18.37,0.0,27.53,27.53,0.0
2003-08-14,6.245,6.245,0.0,17.77,17.77,0.0,25.99,25.99,0.0
2003-08-15,5.799,5.799,0.0,16.37,16.37,0.0,24.65,24.65,0.0
2003-08-16,5.988,5.988,0.0,15.46,15.46,0.0,24.44,24.44,0.0
2003-08-17,5.549,5.549,0.0,16.12,16.12,0.0,24.41,24.41,0.0
2003-08-18,5.414,5.414,0.0,16.49,16.49,0.0,24.58,24.58,0.0
2003-08-19,5.28,5.28,0.0,16.28,16.28,0.0,23.64,23.64,0.0
2003-08-20,4.899,4.899,0.0,14.77,14.77,0.0,21.63,21.63,0.0
2003-08-21,4.804,4.804,0.0,13.04,13.04,0.0,19.83,19.83,0.0
2003-08-22,4.677,4.677,0.0,13.67,13.67,0.0,20.38,20.38,0.0
2003-08-23,4.54,4.54,0.0,13.66,13.66,0.0,20.13,20.13,0.0
2003-08-24,4.395,4.395,0.0,13.41,13.41,0.0,19.7,19.7,0.0
2003-08-25,4.24,4.24,0.0,12.34,12.34,0.0,18.14,18.14,0.0
2003-08-26,4.029,4.029,0.0,11.4,11.4,0.0,17.27,17.27,0.0
2003-08-27,4.429,4.429,0.0,12.32,12.32,0.0,18.81,18.81,0.0
2003-08-28,4.042,4.042,0.0,11.57,11.57,0.0,17.21,17.21,0.0
2003-08-29,4.007,4.007,0.0,11.5,11.5,0.0,17.15,17.15,0.0
2003-08-30,3.972,3.972,0.0,10.48,10.48,0.0,16.15,16.15,0.0
2003-08-31,3.804,3.804,0.0,10.62,10.62,0.0,15.84,15.84,0.0
2003-09-01,3.996,3.996,0.0,11.62,11.62,0.0,17.28,17.28,0.0
2003-09-02,4.338,4.338,0.0,13.35,13.35,0.0,19.35,19.35,0.0
2003-09-03,5.004,5.004,0.0,16.84,16.84,0.0,24.06,24.06,0.0
2003-09-04,4.727,4.727,0.0,16.51,16.51,0.0,22.85,22.85,0.0
2003-09-05,4.568,4.568,0.0,16.26,16.26,0.0,22.33,22.33,0.0
2003-09-06,4.431,4.431,0.0,15.88,15.88,0.0,21.68,21.68,0.0
2003-09-07,4.15,4.15,0.0,12.83,12.83,0.0,18.08,18.08,0.0
2003-09-08,3.967,3.967,0.0,12.81,12.81,0.0,18.01,18.01,0.0
2003-09-09,3.867,3.867,0.0,13.2,13.2,0.0,18.31,18.31,0.0
2003-09-10,3.792,3.792,0.0,13.18,13.18,0.0,18.13,18.13,0.0
2003-09-11,3.689,3.689,0.0,12.76,12.76,0.0,17.58,17.58,0.0
2003-09-12,3.628,3.628,0.0,11.24,11.24,0.0,15.89,15.89,0.0
2003-09-13,3.338,3.338,0.0,11.11,11.11,0.0,15.55,15.55,0.0
2003-09-14,3.222,3.222,0.0,11.09,11.09,0.0,15.36,15.36,0.0
2003-09-15,4.163,4.163,0.0,14.35,14.35,0.0,19.75,19.75,0.0
2003-09-16,3.395,3.395,0.0,12.25,12.25,0.0,16.48,16.48,0.0
2003-09-17,12.66,12.66,0.0,10.98,10.98,0.0,27.71,27.71,0.0
2003-09-18,19.45,19.45,0.0,46.38,46.38,0.0,77.07,77.07,0.0
2003-09-19,15.24,15.24,0.0,34.04,34.04,0.0,54.85,54.85,0.0
2003-09-20,14.25,14.25,0.0,30.01,30.01,0.0,48.08,48.08,0.0
2003-09-21,13.65,13.65,0.0,28.78,28.78,0.0,45.78,45.78,0.0
2003-09-22,12.7,12.7,0.0,29.72,29.72,0.0,44.44,44.44,0.0
2003-09-23,11.92,11.92,0.0,23.9,23.9,0.0,37.41,37.41,0.0
2003-09-24,10.46,10.46,0.0,20.71,20.71,0.0,33.83,33.83,0.0
2003-09-25,11.03,11.03,0.0,22.82,22.82,0.0,35.63,35.63,0.0
2003-09-26,10.2,10.2,0.0,23.24,23.24,0.0,35.63,35.63,0.0
2003-09-27,10.21,10.21,0.0,20.76,20.76,0.0,33.12,33.12,0.0
2003-09-28,9.348,9.348,0.0,19.37,19.37,0.0,30.69,30.69,0.0
2003-09-29,9.33,9.33,0.0,20.19,20.19,0.0,31.32,31.32,0.0
2003-09-30,9.369,9.369,0.0,20.68,20.68,0.0,31.42,31.42,0.0
2003-10-01,8.377,8.377,0.0,20.22,20.22,0.0,30.36,30.36,0.0
2003-10-02,8.11,8.11,0.0,18.56,18.56,0.0,28.24,28.24,0.0
2003-10-03,8.093,8.093,0.0,16.64,16.64,0.0,26.15,26.15,0.0
2003-10-04,7.937,7.937,0.0,16.87,16.87,0.0,26.21,26.21,0.0
2003-10-05,7.755,7.755,0.0,16.95,16.95,0.0,25.71,25.71,0.0
2003-10-06,7.371,7.371,0.0,16.74,16.74,0.0,25.28,25.28,0.0
2003-10-07,6.659,6.659,0.0,14.64,14.64,0.0,22.47,22.47,0.0
2003-10-08,6.636,6.636,0.0,14.5,14.5,0.0,22.3,22.3,0.0
2003-10-09,6.528,6.528,0.0,14.29,14.29,0.0,21.95,21.95,0.0
2003-10-10,6.4,6.4,0.0,14.21,14.21,0.0,21.45,21.45,0.0
2003-10-11,6.217,6.217,0.0,13.92,13.92,0.0,21.04,21.04,0.0
2003-10-12,5.526,5.526,0.0,12.44,12.44,0.0,19.05,19.05,0.0
2003-10-13,5.643,5.643,0.0,12.17,12.17,0.0,18.74,18.74,0.0
2003-10-14,7.206,7.206,0.0,14.5,14.5,0.0,23.27,23.27,0.0
2003-10-15,6.305,6.305,0.0,13.03,13.03,0.0,20.29,20.29,0.0
2003-10-16,6.171,6.171,0.0,12.73,12.73,0.0,19.76,19.76,0.0
2003-10-17,5.968,5.968,0.0,12.46,12.46,0.0,19.08,19.08,0.0
2003-10-18,5.362,5.362,0.0,10.93,10.93,0.0,17.06,17.06,0.0
2003-10-19,5.35,5.35,0.0,11.05,11.05,0.0,17.14,17.14,0.0
2003-10-20,5.276,5.276,0.0,10.73,10.73,0.0,16.71,16.71,0.0
2003-10-21,5.173,5.173,0.0,10.64,10.64,0.0,16.52,16.52,0.0
2003-10-22,4.995,4.995,0.0,10.39,10.39,0.0,15.92,15.92,0.0
2003-10-23,4.81,4.81,0.0,9.376,9.376,0.0,14.7,14.7,0.0
2003-10-24,4.356,4.356,0.0,9.269,9.269,0.0,14.28,14.28,0.0
2003-10-25,4.361,4.361,0.0,9.171,9.171,0.0,14.13,14.13,0.0
2003-10-26,4.642,4.642,0.0,9.352,9.352,0.0,14.7,14.7,0.0
2003-10-27,4.735,4.735,0.0,10.08,10.08,0.0,15.52,15.52,0.0
2003-10-28,4.583,4.583,0.0,10.23,10.23,0.0,15.14,15.14,0.0
2003-10-29,4.275,4.275,0.0,10.18,10.18,0.0,14.85,14.85,0.0
2003-10-30,4.151,4.151,0.0,9.541,9.541,0.0,14.01,14.01,0.0
2003-10-31,3.958,3.958,0.0,8.848,8.848,0.0,13.17,13.17,0.0
2003-11-01,3.905,3.905,0.0,8.393,8.393,0.0,12.62,12.62,0.0
2003-11-02,3.777,3.777,0.0,8.381,8.381,0.0,12.33,12.33,0.0
2003-11-03,3.688,3.688,0.0,8.316,8.316,0.0,12.22,12.22,0.0
2003-11-04,3.434,3.434,0.0,7.939,7.939,0.0,11.65,11.65,0.0
2003-11-05,3.712,3.712,0.0,8.167,8.167,0.0,12.44,12.44,0.0
2003-11-06,3.453,3.453,0.0,7.9,7.9,0.0,11.74,11.74,0.0
2003-11-07,3.321,3.321,0.0,7.367,7.367,0.0,10.91,10.91,0.0
2003-11-08,3.212,3.212,0.0,7.21,7.21,0.0,10.54,10.54,0.0
2003-11-09,3.135,3.135,0.0,7.079,7.079,0.0,10.37,10.37,0.0
2003-11-10,3.139,3.139,0.0,6.5,6.5,0.0,9.851,9.851,0.0
2003-11-11,4.24,4.24,0.0,11.95,11.95,0.0,17.58,17.58,0.0
2003-11-12,5.863,5.863,0.0,16.44,16.44,0.0,22.29,22.29,0.0
2003-11-13,5.4,5.4,0.0,16.1,16.1,0.0,21.32,21.32,0.0
2003-11-14,5.345,5.345,0.0,16.06,16.06,0.0,21.18,21.18,0.0
2003-11-15,5.259,5.259,0.0,16.17,16.17,0.0,21.46,21.46,0.0
2003-11-16,5.133,5.133,0.0,16.39,16.39,0.0,21.25,21.25,0.0
2003-11-17,3.998,3.998,0.0,11.69,11.69,0.0,15.93,15.93,0.0
2003-11-18,8.629,8.629,0.0,18.96,18.96,0.0,27.84,27.84,0.0
2003-11-19,20.05,20.05,0.0,37.31,37.31,0.0,53.33,53.33,0.0
2003-11-20,13.16,13.16,0.0,31.01,31.01,0.0,42.93,42.93,0.0
2003-11-21,12.13,12.13,0.0,29.51,29.51,0.0,40.58,40.58,0.0
2003-11-22,11.66,11.66,0.0,27.16,27.16,0.0,37.3,37.3,0.0
2003-11-23,7.651,7.651,0.0,21.0,21.0,0.0,28.49,28.49,0.0
2003-11-24,9.261,9.261,0.0,22.53,22.53,0.0,31.3,31.3,0.0
2003-11-25,9.59,9.59,0.0,24.04,24.04,0.0,32.89,32.89,0.0
2003-11-26,9.606,9.606,0.0,23.52,23.52,0.0,32.07,32.07,0.0
2003-11-27,9.962,9.962,0.0,24.34,24.34,0.0,33.42,33.42,0.0
2003-11-28,10.65,10.65,0.0,28.08,28.08,0.0,38.1,38.1,0.0
2003-11-29,9.397,9.397,0.0,22.74,22.74,0.0,31.22,31.22,0.0
2003-11-30,8.442,8.442,0.0,22.54,22.54,0.0,30.67,30.67,0.0
2003-12-01,8.931,8.931,0.0,23.77,23.77,0.0,32.1,32.1,0.0
2003-12-02,9.025,9.025,0.0,23.12,23.12,0.0,31.17,31.17,0.0
2003-12-03,8.769,8.769,0.0,23.15,23.15,0.0,30.99,30.99,0.0
2003-12-04,7.099,7.099,0.0,19.7,19.7,0.0,26.53,26.53,0.0
2003-12-05,7.599,7.599,0.0,19.55,19.55,0.0,26.73,26.73,0.0
2003-12-06,7.659,7.659,0.0,19.41,19.41,0.0,26.34,26.34,0.0
2003-12-07,7.505,7.505,0.0,19.45,19.45,0.0,26.18,26.18,0.0
2003-12-08,7.073,7.073,0.0,19.35,19.35,0.0,25.93,25.93,0.0
2003-12-09,6.642,6.642,0.0,17.7,17.7,0.0,24.05,24.05,0.0
2003-12-10,13.5,13.5,0.0,37.79,37.79,0.0,49.61,49.61,0.0
2003-12-11,7.691,7.691,0.0,23.58,23.58,0.0,31.48,31.48,0.0
2003-12-12,7.052,7.052,0.0,19.94,19.94,0.0,26.73,26.73,0.0
2003-12-13,7.125,7.125,0.0,19.51,19.51,0.0,26.69,26.69,0.0
2003-12-14,6.767,6.767,0.0,17.33,17.33,0.0,24.33,24.33,0.0
2003-12-15,9.276,9.276,0.0,17.73,17.73,0.0,26.39,26.39,0.0
2003-12-16,12.54,12.54,0.0,23.85,23.85,0.0,37.74,37.74,0.0
2003-12-17,10.6,10.6,0.0,18.31,18.31,0.0,28.46,28.46,0.0
2003-12-18,9.9,9.9,0.0,17.11,17.11,0.0,26.29,26.29,0.0
2003-12-19,9.64,9.64,0.0,16.65,16.65,0.0,25.56,25.56,0.0
2003-12-20,7.455,7.455,0.0,15.17,15.17,0.0,21.84,21.84,0.0
2003-12-21,7.735,7.735,0.0,15.37,15.37,0.0,22.75,22.75,0.0
2003-12-22,8.32,8.32,0.0,16.55,16.55,0.0,27.37,27.37,0.0
2003-12-23,9.411,9.411,0.0,31.65,31.65,0.0,41.94,41.94,0.0
2003-12-24,9.614,9.614,0.0,21.08,21.08,0.0,31.17,31.17,0.0
2003-12-25,8.889,8.889,0.0,17.38,17.38,0.0,27.0,27.0,0.0
2003-12-26,7.547,7.547,0.0,16.12,16.12,0.0,24.8,24.8,0.0
2003-12-27,7.364,7.364,0.0,15.43,15.43,0.0,22.9,22.9,0.0
2003-12-28,7.593,7.593,0.0,14.93,14.93,0.0,22.41,22.41,0.0
2003-12-29,9.315,9.315,0.0,14.44,14.44,0.0,23.29,23.29,0.0
2003-12-30,11.08,11.08,0.0,16.72,16.72,0.0,27.02,27.02,0.0
2003-12-31,11.65,11.65,0.0,17.54,17.54,0.0,28.66,28.66,0.0
2004-01-01,12.35,12.35,0.0,19.06,19.06,0.0,31.19,31.19,0.0
2004-01-02,12.24,12.24,0.0,22.47,22.47,0.0,35.24,35.24,0.0
2004-01-03,12.34,12.34,0.0,25.24,25.24,0.0,37.09,37.09,0.0
2004-01-04,12.24,12.24,0.0,26.92,26.92,0.0,38.2,38.2,0.0
2004-01-05,11.99,11.99,0.0,27.22,27.22,0.0,39.03,39.03,0.0
2004-01-06,10.07,10.07,0.0,28.31,28.31,0.0,39.16,39.16,0.0
2004-01-07,10.38,10.38,0.0,23.39,23.39,0.0,34.21,34.21,0.0
2004-01-08,10.74,10.74,0.0,23.81,23.81,0.0,33.94,33.94,0.0
2004-01-09,9.838,9.838,0.0,24.07,24.07,0.0,33.52,33.52,0.0
2004-01-10,8.797,8.797,0.0,22.3,22.3,0.0,31.38,31.38,0.0
2004-01-11,9.216,9.216,0.0,19.88,19.88,0.0,29.11,29.11,0.0
2004-01-12,9.007,9.007,0.0,20.24,20.24,0.0,29.27,29.27,0.0
2004-01-13,8.954,8.954,0.0,20.86,20.86,0.0,29.05,29.05,0.0
2004-01-14,8.346,8.346,0.0,19.37,19.37,0.0,27.66,27.66,0.0
2004-01-15,7.775,7.775,0.0,16.79,16.79,0.0,24.59,24.59,0.0
2004-01-16,7.525,7.525,0.0,17.22,17.22,0.0,24.8,24.8,0.0
2004-01-17,7.446,7.446,0.0,17.3,17.3,0.0,24.86,24.86,0.0
2004-01-18,7.24,7.24,0.0,16.95,16.95,0.0,23.77,23.77,0.0
2004-01-19,6.837,6.837,0.0,15.39,15.39,0.0,22.02,22.02,0.0
2004-01-20,6.583,6.583,0.0,14.52,14.52,0.0,21.02,21.02,0.0
2004-01-21,6.327,6.327,0.0,14.16,14.16,0.0,20.47,20.47,0.0
2004-01-22,6.34,6.34,0.0,13.97,13.97,0.0,20.23,20.23,0.0
2004-01-23,6.07,6.07,0.0,13.9,13.9,0.0,19.93,19.93,0.0
2004-01-24,5.807,5.807,0.0,12.77,12.77,0.0,18.44,18.44,0.0
2004-01-25,5.736,5.736,0.0,12.41,12.41,0.0,18.33,18.33,0.0
2004-01-26,5.286,5.286,0.0,11.78,11.78,0.0,17.02,17.02,0.0
2004-01-27,5.416,5.416,0.0,11.91,11.91,0.0,17.39,17.39,0.0
2004-01-28,5.204,5.204,0.0,11.3,11.3,0.0,16.31,16.31,0.0
2004-01-29,4.795,4.795,0.0,10.64,10.64,0.0,15.3,15.3,0.0
2004-01-30,4.74,4.74,0.0,9.885,9.885,0.0,14.44,14.44,0.0
2004-01-31,4.502,4.502,0.0,9.85,9.85,0.0,14.27,14.27,0.0
2004-02-01,4.295,4.295,0.0,9.672,9.672,0.0,13.95,13.95,0.0
2004-02-02,4.39,4.39,0.0,9.83,9.83,0.0,14.32,14.32,0.0
2004-02-03,4.383,4.383,0.0,10.06,10.06,0.0,14.84,14.84,0.0
2004-02-04,4.028,4.028,0.0,8.624,8.624,0.0,12.46,12.46,0.0
2004-02-05,4.662,4.662,0.0,9.986,9.986,0.0,15.41,15.41,0.0
2004-02-06,4.147,4.147,0.0,9.941,9.941,0.0,14.73,14.73,0.0
2004-02-07,3.75,3.75,0.0,8.665,8.665,0.0,12.67,12.67,0.0
2004-02-08,3.468,3.468,0.0,7.694,7.694,0.0,11.1,11.1,0.0
2004-02-09,3.272,3.272,0.0,7.672,7.672,0.0,11.13,11.13,0.0
2004-02-10,4.099,4.099,0.0,8.503,8.503,0.0,13.38,13.38,0.0
2004-02-11,4.532,4.532,0.0,8.214,8.214,0.0,13.07,13.07,0.0
2004-02-12,5.207,5.207,0.0,10.19,10.19,0.0,16.7,16.7,0.0
2004-02-13,5.458,5.458,0.0,10.19,10.19,0.0,16.61,16.61,0.0
2004-02-14,3.732,3.732,0.0,9.024,9.024,0.0,14.01,14.01,0.0
2004-02-15,3.316,3.316,0.0,7.736,7.736,0.0,11.75,11.75,0.0
2004-02-16,3.218,3.218,0.0,7.383,7.383,0.0,11.1,11.1,0.0
2004-02-17,3.144,3.144,0.0,6.912,6.912,0.0,10.56,10.56,0.0
2004-02-18,4.593,4.593,0.0,8.494,8.494,0.0,14.1,14.1,0.0
2004-02-19,10.59,10.59,0.0,30.84,30.84,0.0,43.69,43.69,0.0
2004-02-20,14.69,14.69,0.0,42.68,42.68,0.0,53.95,53.95,0.0
2004-02-21,10.59,10.59,0.0,20.37,20.37,0.0,29.15,29.15,0.0
2004-02-22,8.586,8.586,0.0,15.67,15.67,0.0,23.67,23.67,0.0
2004-02-23,7.726,7.726,0.0,15.48,15.48,0.0,22.34,22.34,0.0
2004-02-24,7.345,7.345,0.0,14.9,14.9,0.0,21.83,21.83,0.0
2004-02-25,6.389,6.389,0.0,15.14,15.14,0.0,21.59,21.59,0.0
2004-02-26,6.309,6.309,0.0,10.5,10.5,0.0,16.95,16.95,0.0
2004-02-27,7.633,7.633,0.0,13.93,13.93,0.0,21.31,21.31,0.0
2004-02-28,9.255,9.255,0.0,24.68,24.68,0.0,33.48,33.48,0.0
2004-02-29,11.4,11.4,0.0,37.15,37.15,0.0,47.23,47.23,0.0
2004-03-01,12.62,12.62,0.0,41.39,41.39,0.0,52.86,52.86,0.0
2004-03-02,11.29,11.29,0.0,32.5,32.5,0.0,43.52,43.52,0.0
2004-03-03,10.84,10.84,0.0,30.61,30.61,0.0,41.7,41.7,0.0
2004-03-04,9.547,9.547,0.0,29.25,29.25,0.0,38.8,38.8,0.0
2004-03-05,12.72,12.72,0.0,39.05,39.05,0.0,51.85,51.85,0.0
2004-03-06,14.47,14.47,0.0,42.4,42.4,0.0,56.64,56.64,0.0
2004-03-07,15.29,15.29,0.0,43.67,43.67,0.0,57.85,57.85,0.0
2004-03-08,13.86,13.86,0.0,32.97,32.97,0.0,46.78,46.78,0.0
2004-03-09,10.28,10.28,0.0,31.67,31.67,0.0,42.48,42.48,0.0
2004-03-10,11.65,11.65,0.0,33.57,33.57,0.0,45.21,45.21,0.0
2004-03-11,12.1,12.1,0.0,33.81,33.81,0.0,45.76,45.76,0.0
2004-03-12,12.06,12.06,0.0,30.05,30.05,0.0,41.32,41.32,0.0
2004-03-13,9.498,9.498,0.0,31.33,31.33,0.0,41.03,41.03,0.0
2004-03-14,9.976,9.976,0.0,30.46,30.46,0.0,40.43,40.43,0.0
2004-03-15,11.92,11.92,0.0,31.74,31.74,0.0,43.68,43.68,0.0
2004-03-16,13.59,13.59,0.0,34.89,34.89,0.0,48.66,48.66,0.0
2004-03-17,14.46,14.46,0.0,34.07,34.07,0.0,48.53,48.53,0.0
2004-03-18,16.51,16.51,0.0,32.22,32.22,0.0,48.75,48.75,0.0
2004-03-19,15.64,15.64,0.0,34.43,34.43,0.0,49.46,49.46,0.0
2004-03-20,12.5,12.5,0.0,39.61,39.61,0.0,53.98,53.98,0.0
2004-03-21,12.75,12.75,0.0,36.52,36.52,0.0,49.47,49.47,0.0
2004-03-22,13.21,13.21,0.0,34.86,34.86,0.0,47.91,47.91,0.0
2004-03-23,13.23,13.23,0.0,33.87,33.87,0.0,47.08,47.08,0.0
2004-03-24,12.99,12.99,0.0,31.15,31.15,0.0,43.62,43.62,0.0
2004-03-25,10.13,10.13,0.0,32.19,32.19,0.0,43.33,43.33,0.0
2004-03-26,10.84,10.84,0.0,31.22,31.22,0.0,42.43,42.43,0.0
2004-03-27,11.06,11.06,0.0,30.64,30.64,0.0,41.67,41.67,0.0
2004-03-28,10.91,10.91,0.0,28.97,28.97,0.0,39.92,39.92,0.0
2004-03-29,10.79,10.79,0.0,27.59,27.59,0.0,38.07,38.07,0.0
2004-03-30,10.43,10.43,0.0,29.57,29.57,0.0,40.72,40.72,0.0
2004-03-31,11.2,11.2,0.0,30.17,30.17,0.0,41.7,41.7,0.0
2004-04-01,12.6,12.6,0.0,34.63,34.63,0.0,48.73,48.73,0.0
2004-04-02,10.91,10.91,0.0,34.65,34.65,0.0,47.52,47.52,0.0
2004-04-03,10.82,10.82,0.0,30.99,30.99,0.0,43.29,43.29,0.0
2004-04-04,11.11,11.11,0.0,32.07,32.07,0.0,44.0,44.0,0.0
2004-04-05,9.958,9.958,0.0,28.98,28.98,0.0,39.56,39.56,0.0
2004-04-06,10.05,10.05,0.0,30.68,30.68,0.0,41.46,41.46,0.0
2004-04-07,8.972,8.972,0.0,31.27,31.27,0.0,41.6,41.6,0.0
2004-04-08,9.258,9.258,0.0,31.57,31.57,0.0,41.58,41.58,0.0
2004-04-09,9.127,9.127,0.0,27.17,27.17,0.0,37.05,37.05,0.0
2004-04-10,9.459,9.459,0.0,25.85,25.85,0.0,35.64,35.64,0.0
2004-04-11,11.69,11.69,0.0,29.08,29.08,0.0,41.29,41.29,0.0
2004-04-12,15.86,15.86,0.0,35.6,35.6,0.0,52.13,52.13,0.0
2004-04-13,21.13,21.13,0.0,42.63,42.63,0.0,63.13,63.13,0.0
2004-04-14,18.19,18.19,0.0,40.63,40.63,0.0,59.47,59.47,0.0
2004-04-15,16.7,16.7,0.0,39.37,39.37,0.0,57.0,57.0,0.0
2004-04-16,12.28,12.28,0.0,31.11,31.11,0.0,44.83,44.83,0.0
2004-04-17,13.63,13.63,0.0,30.38,30.38,0.0,43.73,43.73,0.0
2004-04-18,14.05,14.05,0.0,31.79,31.79,0.0,45.81,45.81,0.0
2004-04-19,13.95,13.95,0.0,32.05,32.05,0.0,46.14,46.14,0.0
2004-04-20,11.03,11.03,0.0,30.75,30.75,0.0,43.14,43.14,0.0
2004-04-21,11.87,11.87,0.0,25.53,25.53,0.0,37.66,37.66,0.0
2004-04-22,12.25,12.25,0.0,26.99,26.99,0.0,39.46,39.46,0.0
2004-04-23,12.44,12.44,0.0,29.26,29.26,0.0,41.81,41.81,0.0
2004-04-24,13.54,13.54,0.0,31.35,31.35,0.0,44.56,44.56,0.0
2004-04-25,19.64,19.64,0.0,39.33,39.33,0.0,58.25,58.25,0.0
2004-04-26,20.64,20.64,0.0,40.61,40.61,0.0,60.3,60.3,0.0
2004-04-27,19.38,19.38,0.0,39.45,39.45,0.0,58.41,58.41,0.0
2004-04-28,14.82,14.82,0.0,33.37,33.37,0.0,48.55,48.55,0.0
2004-04-29,14.72,14.72,0.0,29.86,29.86,0.0,44.23,44.23,0.0
2004-04-30,15.44,15.44,0.0,31.63,31.63,0.0,46.59,46.59,0.0
2004-05-01,16.94,16.94,0.0,32.62,32.62,0.0,49.07,49.07,0.0
2004-05-02,21.07,21.07,0.0,36.86,36.86,0.0,57.29,57.29,0.0
2004-05-03,19.81,19.81,0.0,35.97,35.97,0.0,55.39,55.39,0.0
2004-05-04,18.11,18.11,0.0,29.52,29.52,0.0,47.13,47.13,0.0
2004-05-05,14.66,14.66,0.0,29.2,29.2,0.0,43.87,43.87,0.0
2004-05-06,15.25,15.25,0.0,30.13,30.13,0.0,45.13,45.13,0.0
2004-05-07,15.86,15.86,0.0,31.53,31.53,0.0,47.26,47.26,0.0
2004-05-08,15.6,15.6,0.0,30.81,30.81,0.0,46.06,46.06,0.0
2004-05-09,13.35,13.35,0.0,26.33,26.33,0.0,40.01,40.01,0.0
2004-05-10,13.72,13.72,0.0,25.3,25.3,0.0,38.16,38.16,0.0
2004-05-11,15.49,15.49,0.0,27.62,27.62,0.0,41.85,41.85,0.0
2004-05-12,15.41,15.41,0.0,28.88,28.88,0.0,43.34,43.34,0.0
2004-05-13,16.24,16.24,0.0,30.06,30.06,0.0,45.25,45.25,0.0
2004-05-14,14.87,14.87,0.0,30.91,30.91,0.0,46.31,46.31,0.0
2004-05-15,16.38,16.38,0.0,31.59,31.59,0.0,48.62,48.62,0.0
2004-05-16,17.34,17.34,0.0,30.78,30.78,0.0,48.56,48.56,0.0
2004-05-17,16.14,16.14,0.0,26.59,26.59,0.0,44.18,44.18,0.0
2004-05-18,18.73,18.73,0.0,32.19,32.19,0.0,51.54,51.54,0.0
2004-05-19,18.93,18.93,0.0,34.34,34.34,0.0,52.27,52.27,0.0
2004-05-20,19.3,19.3,0.0,35.11,35.11,0.0,54.1,54.1,0.0
2004-05-21,20.72,20.72,0.0,38.24,38.24,0.0,59.13,59.13,0.0
2004-05-22,19.49,19.49,0.0,37.1,37.1,0.0,57.0,57.0,0.0
2004-05-23,16.93,16.93,0.0,30.97,30.97,0.0,49.23,49.23,0.0
2004-05-24,16.29,16.29,0.0,28.59,28.59,0.0,44.35,44.35,0.0
2004-05-25,16.75,16.75,0.0,30.58,30.58,0.0,47.15,47.15,0.0
2004-05-26,18.65,18.65,0.0,32.34,32.34,0.0,50.36,50.36,0.0
2004-05-27,22.14,22.14,0.0,38.1,38.1,0.0,59.44,59.44,0.0
2004-05-28,19.81,19.81,0.0,37.04,37.04,0.0,56.73,56.73,0.0
2004-05-29,19.2,19.2,0.0,34.17,34.17,0.0,53.03,53.03,0.0
2004-05-30,15.87,15.87,0.0,28.19,28.19,0.0,43.61,43.61,0.0
2004-05-31,16.68,16.68,0.0,30.17,30.17,0.0,46.2,46.2,0.0
2004-06-01,16.8,16.8,0.0,30.83,30.83,0.0,46.93,46.93,0.0
2004-06-02,15.28,15.28,0.0,30.46,30.46,0.0,45.67,45.67,0.0
2004-06-03,14.49,14.49,0.0,24.72,24.72,0.0,38.72,38.72,0.0
2004-06-04,15.3,15.3,0.0,26.91,26.91,0.0,41.28,41.28,0.0
2004-06-05,15.4,15.4,0.0,27.32,27.32,0.0,41.63,41.63,0.0
2004-06-06,15.12,15.12,0.0,26.96,26.96,0.0,40.95,40.95,0.0
2004-06-07,14.09,14.09,0.0,25.38,25.38,0.0,38.68,38.68,0.0
2004-06-08,13.33,13.33,0.0,22.82,22.82,0.0,34.85,34.85,0.0
2004-06-09,12.66,12.66,0.0,22.39,22.39,0.0,34.14,34.14,0.0
2004-06-10,12.52,12.52,0.0,22.92,22.92,0.0,34.84,34.84,0.0
2004-06-11,13.22,13.22,0.0,26.83,26.83,0.0,40.64,40.64,0.0
2004-06-12,11.61,11.61,0.0,24.63,24.63,0.0,36.19,36.19,0.0
2004-06-13,11.07,11.07,0.0,23.94,23.94,0.0,34.94,34.94,0.0
2004-06-14,11.34,11.34,0.0,21.72,21.72,0.0,32.25,32.25,0.0
2004-06-15,11.26,11.26,0.0,22.43,22.43,0.0,33.26,33.26,0.0
2004-06-16,11.37,11.37,0.0,22.66,22.66,0.0,33.64,33.64,0.0
2004-06-17,11.41,11.41,0.0,24.33,24.33,0.0,35.87,35.87,0.0
2004-06-18,10.49,10.49,0.0,26.37,26.37,0.0,37.62,37.62,0.0
2004-06-19,9.685,9.685,0.0,25.74,25.74,0.0,35.99,35.99,0.0
2004-06-20,9.463,9.463,0.0,25.18,25.18,0.0,34.68,34.68,0.0
2004-06-21,9.421,9.421,0.0,20.95,20.95,0.0,30.42,30.42,0.0
2004-06-22,9.438,9.438,0.0,21.85,21.85,0.0,31.31,31.31,0.0
2004-06-23,8.994,8.994,0.0,20.92,20.92,0.0,29.81,29.81,0.0
2004-06-24,7.937,7.937,0.0,20.92,20.92,0.0,29.21,29.21,0.0
2004-06-25,8.198,8.198,0.0,21.15,21.15,0.0,29.22,29.22,0.0
2004-06-26,7.79,7.79,0.0,18.41,18.41,0.0,26.12,26.12,0.0
2004-06-27,7.696,7.696,0.0,17.95,17.95,0.0,25.58,25.58,0.0
2004-06-28,7.537,7.537,0.0,17.59,17.59,0.0,25.07,25.07,0.0
2004-06-29,7.042,7.042,0.0,17.5,17.5,0.0,24.61,24.61,0.0
2004-06-30,6.594,6.594,0.0,17.13,17.13,0.0,23.55,23.55,0.0
2004-07-01,6.58,6.58,0.0,15.07,15.07,0.0,21.5,21.5,0.0
2004-07-02,6.316,6.316,0.0,15.24,15.24,0.0,21.51,21.51,0.0
2004-07-03,6.216,6.216,0.0,14.94,14.94,0.0,21.25,21.25,0.0
2004-07-04,6.098,6.098,0.0,15.05,15.05,0.0,21.29,21.29,0.0
2004-07-05,5.594,5.594,0.0,14.45,14.45,0.0,20.17,20.17,0.0
2004-07-06,5.528,5.528,0.0,13.19,13.19,0.0,18.52,18.52,0.0
2004-07-07,5.374,5.374,0.0,12.98,12.98,0.0,18.37,18.37,0.0
2004-07-08,5.208,5.208,0.0,12.7,12.7,0.0,17.83,17.83,0.0
2004-07-09,4.947,4.947,0.0,12.09,12.09,0.0,17.03,17.03,0.0
2004-07-10,4.942,4.942,0.0,12.52,12.52,0.0,17.57,17.57,0.0
2004-07-11,4.557,4.557,0.0,11.72,11.72,0.0,16.25,16.25,0.0
2004-07-12,4.688,4.688,0.0,11.51,11.51,0.0,16.26,16.26,0.0
2004-07-13,4.376,4.376,0.0,11.15,11.15,0.0,15.51,15.51,0.0
2004-07-14,4.178,4.178,0.0,10.89,10.89,0.0,15.07,15.07,0.0
2004-07-15,4.083,4.083,0.0,10.12,10.12,0.0,14.16,14.16,0.0
2004-07-16,3.805,3.805,0.0,10.02,10.02,0.0,13.79,13.79,0.0
2004-07-17,3.807,3.807,0.0,9.772,9.772,0.0,13.51,13.51,0.0
2004-07-18,3.664,3.664,0.0,9.353,9.353,0.0,13.05,13.05,0.0
2004-07-19,3.531,3.531,0.0,9.079,9.079,0.0,12.55,12.55,0.0
2004-07-20,3.377,3.377,0.0,8.889,8.889,0.0,12.24,12.24,0.0
2004-07-21,3.29,3.29,0.0,8.27,8.27,0.0,11.47,11.47,0.0
2004-07-22,3.319,3.319,0.0,8.517,8.517,0.0,12.0,12.0,0.0
2004-07-23,3.177,3.177,0.0,8.086,8.086,0.0,11.38,11.38,0.0
2004-07-24,3.013,3.013,0.0,7.742,7.742,0.0,10.73,10.73,0.0
2004-07-25,2.888,2.888,0.0,7.573,7.573,0.0,10.46,10.46,0.0
2004-07-26,3.187,3.187,0.0,8.951,8.951,0.0,12.7,12.7,0.0
2004-07-27,2.812,2.812,0.0,7.471,7.471,0.0,10.35,10.35,0.0
2004-07-28,2.674,2.674,0.0,6.956,6.956,0.0,9.632,9.632,0.0
2004-07-29,2.607,2.607,0.0,6.935,6.935,0.0,9.556,9.556,0.0
2004-07-30,2.558,2.558,0.0,6.963,6.963,0.0,9.607,9.607,0.0
2004-07-31,2.739,2.739,0.0,7.39,7.39,0.0,10.45,10.45,0.0
2004-08-01,2.403,2.403,0.0,6.659,6.659,0.0,9.097,9.097,0.0
2004-08-02,2.367,2.367,0.0,6.255,6.255,0.0,8.647,8.647,0.0
2004-08-03,2.271,2.271,0.0,5.889,5.889,0.0,8.164,8.164,0.0
2004-08-04,2.298,2.298,0.0,6.199,6.199,0.0,8.646,8.646,0.0
2004-08-05,2.158,2.158,0.0,5.863,5.863,0.0,8.034,8.034,0.0
2004-08-06,2.058,2.058,0.0,5.734,5.734,0.0,7.802,7.802,0.0
2004-08-07,2.007,2.007,0.0,5.573,5.573,0.0,7.59,7.59,0.0
2004-08-08,1.944,1.944,0.0,5.119,5.119,0.0,7.04,7.04,0.0
2004-08-09,1.843,1.843,0.0,4.951,4.951,0.0,6.801,6.801,0.0
2004-08-10,1.755,1.755,0.0,4.872,4.872,0.0,6.644,6.644,0.0
2004-08-11,3.072,3.072,0.0,5.095,5.095,0.0,8.15,8.15,0.0
2004-08-12,3.134,3.134,0.0,5.859,5.859,0.0,9.201,9.201,0.0
2004-08-13,2.648,2.648,0.0,4.904,4.904,0.0,7.363,7.363,0.0
2004-08-14,2.548,2.548,0.0,4.533,4.533,0.0,6.903,6.903,0.0
2004-08-15,2.486,2.486,0.0,4.676,4.676,0.0,7.019,7.019,0.0
2004-08-16,2.357,2.357,0.0,4.502,4.502,0.0,6.706,6.706,0.0
2004-08-17,2.285,2.285,0.0,4.384,4.384,0.0,6.517,6.517,0.0
2004-08-18,2.209,2.209,0.0,4.222,4.222,0.0,6.283,6.283,0.0
2004-08-19,2.198,2.198,0.0,4.266,4.266,0.0,6.391,6.391,0.0
2004-08-20,2.192,2.192,0.0,4.131,4.131,0.0,6.312,6.312,0.0
2004-08-21,2.336,2.336,0.0,4.589,4.589,0.0,7.089,7.089,0.0
2004-08-22,2.025,2.025,0.0,3.905,3.905,0.0,5.81,5.81,0.0
2004-08-23,1.96,1.96,0.0,3.79,3.79,0.0,5.632,5.632,0.0
2004-08-24,1.894,1.894,0.0,3.652,3.652,0.0,5.431,5.431,0.0
2004-08-25,1.829,1.829,0.0,3.552,3.552,0.0,5.256,5.256,0.0
2004-08-26,1.765,1.765,0.0,3.28,3.28,0.0,4.932,4.932,0.0
2004-08-27,1.695,1.695,0.0,3.231,3.231,0.0,4.824,4.824,0.0
2004-08-28,1.633,1.633,0.0,3.158,3.158,0.0,4.695,4.695,0.0
2004-08-29,1.637,1.637,0.0,3.202,3.202,0.0,4.822,4.822,0.0
2004-08-30,1.657,1.657,0.0,3.264,3.264,0.0,4.993,4.993,0.0
2004-08-31,1.472,1.472,0.0,2.826,2.826,0.0,4.205,4.205,0.0
2004-09-01,1.412,1.412,0.0,2.757,2.757,0.0,4.086,4.086,0.0
2004-09-02,1.365,1.365,0.0,2.677,2.677,0.0,3.962,3.962,0.0
2004-09-03,1.32,1.32,0.0,2.534,2.534,0.0,3.774,3.774,0.0
2004-09-04,1.275,1.275,0.0,2.469,2.469,0.0,3.66,3.66,0.0
2004-09-05,1.279,1.279,0.0,2.522,2.522,0.0,3.785,3.785,0.0
2004-09-06,1.242,1.242,0.0,2.454,2.454,0.0,3.692,3.692,0.0
2004-09-07,4.631,4.631,0.0,6.125,6.125,0.0,12.86,12.86,0.0
2004-09-08,9.231,9.231,0.0,10.76,10.76,0.0,20.14,20.14,0.0
2004-09-09,5.325,5.325,0.0,8.816,8.816,0.0,14.31,14.31,0.0
2004-09-10,4.419,4.419,0.0,7.155,7.155,0.0,11.23,11.23,0.0
2004-09-11,4.229,4.229,0.0,6.887,6.887,0.0,10.77,10.77,0.0
2004-09-12,4.081,4.081,0.0,6.608,6.608,0.0,10.36,10.36,0.0
2004-09-13,3.94,3.94,0.0,6.394,6.394,0.0,10.02,10.02,0.0
2004-09-14,3.782,3.782,0.0,6.115,6.115,0.0,9.612,9.612,0.0
2004-09-15,3.643,3.643,0.0,5.949,5.949,0.0,9.323,9.323,0.0
2004-09-16,4.139,4.139,0.0,6.305,6.305,0.0,10.32,10.32,0.0
2004-09-17,6.854,6.854,0.0,10.54,10.54,0.0,17.34,17.34,0.0
2004-09-18,5.607,5.607,0.0,9.358,9.358,0.0,14.64,14.64,0.0
2004-09-19,5.246,5.246,0.0,8.818,8.818,0.0,13.55,13.55,0.0
2004-09-20,5.07,5.07,0.0,8.6,8.6,0.0,13.18,13.18,0.0
2004-09-21,4.897,4.897,0.0,8.173,8.173,0.0,12.6,12.6,0.0
2004-09-22,4.61,4.61,0.0,7.277,7.277,0.0,11.49,11.49,0.0
2004-09-23,4.453,4.453,0.0,7.172,7.172,0.0,11.22,11.22,0.0
2004-09-24,4.338,4.338,0.0,7.178,7.178,0.0,11.11,11.11,0.0
2004-09-25,4.203,4.203,0.0,7.037,7.037,0.0,10.84,10.84,0.0
2004-09-26,4.2,4.2,0.0,6.67,6.67,0.0,10.46,10.46,0.0
2004-09-27,10.69,10.69,0.0,12.82,12.82,0.0,25.04,25.04,0.0
2004-09-28,13.76,13.76,0.0,19.26,19.26,0.0,32.75,32.75,0.0
2004-09-29,12.54,12.54,0.0,16.97,16.97,0.0,28.43,28.43,0.0
2004-09-30,12.18,12.18,0.0,16.73,16.73,0.0,27.75,27.75,0.0
2004-10-01,11.66,11.66,0.0,16.35,16.35,0.0,26.91,26.91,0.0
2004-10-02,9.887,9.887,0.0,14.61,14.61,0.0,23.61,23.61,0.0
2004-10-03,8.886,8.886,0.0,11.57,11.57,0.0,19.85,19.85,0.0
2004-10-04,9.268,9.268,0.0,12.7,12.7,0.0,21.08,21.08,0.0
2004-10-05,9.271,9.271,0.0,13.05,13.05,0.0,21.41,21.41,0.0
2004-10-06,8.112,8.112,0.0,11.95,11.95,0.0,19.4,19.4,0.0
2004-10-07,8.307,8.307,0.0,11.33,11.33,0.0,18.74,18.74,0.0
2004-10-08,7.867,7.867,0.0,10.8,10.8,0.0,17.94,17.94,0.0
2004-10-09,7.854,7.854,0.0,11.05,11.05,0.0,18.13,18.13,0.0
2004-10-10,7.705,7.705,0.0,10.98,10.98,0.0,17.72,17.72,0.0
2004-10-11,7.0,7.0,0.0,10.04,10.04,0.0,16.42,16.42,0.0
2004-10-12,6.741,6.741,0.0,9.231,9.231,0.0,15.35,15.35,0.0
2004-10-13,6.953,6.953,0.0,9.888,9.888,0.0,16.17,16.17,0.0
2004-10-14,6.885,6.885,0.0,9.915,9.915,0.0,16.01,16.01,0.0
2004-10-15,6.664,6.664,0.0,10.68,10.68,0.0,16.73,16.73,0.0
2004-10-16,6.334,6.334,0.0,11.92,11.92,0.0,17.64,17.64,0.0
2004-10-17,6.094,6.094,0.0,11.62,11.62,0.0,16.97,16.97,0.0
2004-10-18,6.125,6.125,0.0,12.06,12.06,0.0,17.48,17.48,0.0
2004-10-19,6.79,6.79,0.0,12.65,12.65,0.0,18.56,18.56,0.0
2004-10-20,7.622,7.622,0.0,14.65,14.65,0.0,21.74,21.74,0.0
2004-10-21,7.714,7.714,0.0,12.1,12.1,0.0,19.11,19.11,0.0
2004-10-22,7.327,7.327,0.0,12.15,12.15,0.0,18.9,18.9,0.0
2004-10-23,7.409,7.409,0.0,13.89,13.89,0.0,20.89,20.89,0.0
2004-10-24,6.36,6.36,0.0,14.27,14.27,0.0,20.35,20.35,0.0
2004-10-25,6.498,6.498,0.0,13.57,13.57,0.0,19.5,19.5,0.0
2004-10-26,6.255,6.255,0.0,12.69,12.69,0.0,18.5,18.5,0.0
2004-10-27,6.415,6.415,0.0,11.73,11.73,0.0,17.62,17.62,0.0
2004-10-28,5.521,5.521,0.0,12.29,12.29,0.0,17.48,17.48,0.0
2004-10-29,6.229,6.229,0.0,14.71,14.71,0.0,21.1,21.1,0.0
2004-10-30,5.928,5.928,0.0,14.36,14.36,0.0,20.3,20.3,0.0
2004-10-31,5.889,5.889,0.0,13.18,13.18,0.0,18.94,18.94,0.0
2004-11-01,5.748,5.748,0.0,11.36,11.36,0.0,17.0,17.0,0.0
2004-11-02,5.275,5.275,0.0,13.51,13.51,0.0,19.14,19.14,0.0
2004-11-03,7.006,7.006,0.0,15.41,15.41,0.0,22.6,22.6,0.0
2004-11-04,8.442,8.442,0.0,21.58,21.58,0.0,30.62,30.62,0.0
2004-11-05,8.029,8.029,0.0,20.87,20.87,0.0,29.09,29.09,0.0
2004-11-06,7.574,7.574,0.0,20.62,20.62,0.0,28.5,28.5,0.0
2004-11-07,7.429,7.429,0.0,17.33,17.33,0.0,24.05,24.05,0.0
2004-11-08,6.109,6.109,0.0,14.89,14.89,0.0,21.25,21.25,0.0
2004-11-09,5.863,5.863,0.0,16.18,16.18,0.0,22.46,22.46,0.0
2004-11-10,5.941,5.941,0.0,16.62,16.62,0.0,22.89,22.89,0.0
2004-11-11,7.728,7.728,0.0,19.05,19.05,0.0,27.11,27.11,0.0
2004-11-12,8.292,8.292,0.0,20.81,20.81,0.0,29.36,29.36,0.0
2004-11-13,8.053,8.053,0.0,19.24,19.24,0.0,27.38,27.38,0.0
2004-11-14,7.828,7.828,0.0,15.05,15.05,0.0,22.04,22.04,0.0
2004-11-15,6.041,6.041,0.0,16.61,16.61,0.0,23.01,23.01,0.0
2004-11-16,6.268,6.268,0.0,17.19,17.19,0.0,23.73,23.73,0.0
2004-11-17,6.644,6.644,0.0,18.49,18.49,0.0,25.5,25.5,0.0
2004-11-18,7.177,7.177,0.0,18.98,18.98,0.0,26.43,26.43,0.0
2004-11-19,8.087,8.087,0.0,20.08,20.08,0.0,28.33,28.33,0.0
2004-11-20,8.099,8.099,0.0,18.82,18.82,0.0,26.43,26.43,0.0
2004-11-21,7.564,7.564,0.0,15.89,15.89,0.0,23.09,23.09,0.0
2004-11-22,6.056,6.056,0.0,17.9,17.9,0.0,24.76,24.76,0.0
2004-11-23,7.769,7.769,0.0,19.65,19.65,0.0,27.95,27.95,0.0
2004-11-24,9.135,9.135,0.0,23.49,23.49,0.0,33.1,33.1,0.0
2004-11-25,9.444,9.444,0.0,24.14,24.14,0.0,33.93,33.93,0.0
2004-11-26,9.908,9.908,0.0,23.65,23.65,0.0,33.68,33.68,0.0
2004-11-27,11.28,11.28,0.0,23.14,23.14,0.0,33.86,33.86,0.0
2004-11-28,9.657,9.657,0.0,18.08,18.08,0.0,27.82,27.82,0.0
2004-11-29,10.67,10.67,0.0,20.38,20.38,0.0,30.25,30.25,0.0
2004-11-30,14.22,14.22,0.0,26.18,26.18,0.0,39.62,39.62,0.0
2004-12-01,11.35,11.35,0.0,26.34,26.34,0.0,38.27,38.27,0.0
2004-12-02,11.43,11.43,0.0,26.08,26.08,0.0,37.82,37.82,0.0
2004-12-03,11.78,11.78,0.0,23.94,23.94,0.0,35.14,35.14,0.0
2004-12-04,10.52,10.52,0.0,18.81,18.81,0.0,28.67,28.67,0.0
2004-12-05,11.31,11.31,0.0,21.26,21.26,0.0,32.01,32.01,0.0
2004-12-06,12.42,12.42,0.0,23.54,23.54,0.0,35.53,35.53,0.0
2004-12-07,10.84,10.84,0.0,25.4,25.4,0.0,36.86,36.86,0.0
2004-12-08,12.68,12.68,0.0,25.03,25.03,0.0,37.69,37.69,0.0
2004-12-09,15.65,15.65,0.0,27.66,27.66,0.0,42.91,42.91,0.0
2004-12-10,16.12,16.12,0.0,23.36,23.36,0.0,38.93,38.93,0.0
2004-12-11,14.53,14.53,0.0,23.26,23.26,0.0,37.4,37.4,0.0
2004-12-12,14.59,14.59,0.0,25.08,25.08,0.0,38.49,38.49,0.0
2004-12-13,12.11,12.11,0.0,25.9,25.9,0.0,38.51,38.51,0.0
2004-12-14,12.82,12.82,0.0,25.63,25.63,0.0,38.52,38.52,0.0
2004-12-15,12.87,12.87,0.0,22.25,22.25,0.0,34.95,34.95,0.0
2004-12-16,11.71,11.71,0.0,20.73,20.73,0.0,31.61,31.61,0.0
2004-12-17,10.79,10.79,0.0,21.02,21.02,0.0,31.67,31.67,0.0
2004-12-18,10.74,10.74,0.0,21.48,21.48,0.0,32.13,32.13,0.0
2004-12-19,10.89,10.89,0.0,21.44,21.44,0.0,32.17,32.17,0.0
2004-12-20,10.68,10.68,0.0,19.9,19.9,0.0,29.76,29.76,0.0
2004-12-21,10.06,10.06,0.0,17.48,17.48,0.0,26.95,26.95,0.0
2004-12-22,9.126,9.126,0.0,20.79,20.79,0.0,30.53,30.53,0.0
2004-12-23,11.48,11.48,0.0,21.05,21.05,0.0,32.07,32.07,0.0
2004-12-24,9.347,9.347,0.0,18.18,18.18,0.0,27.41,27.41,0.0
2004-12-25,8.933,8.933,0.0,16.74,16.74,0.0,25.51,25.51,0.0
2004-12-26,8.426,8.426,0.0,14.74,14.74,0.0,22.57,22.57,0.0
2004-12-27,7.603,7.603,0.0,14.62,14.62,0.0,22.13,22.13,0.0
2004-12-28,7.489,7.489,0.0,14.66,14.66,0.0,22.08,22.08,0.0
2004-12-29,7.499,7.499,0.0,14.41,14.41,0.0,21.76,21.76,0.0
2004-12-30,7.225,7.225,0.0,13.89,13.89,0.0,21.01,21.01,0.0
2004-12-31,7.12,7.12,0.0,12.94,12.94,0.0,19.5,19.5,0.0
2005-01-01,6.873,6.873,0.0,13.33,13.33,0.0,19.97,19.97,0.0
2005-01-02,7.606,7.606,0.0,13.57,13.57,0.0,20.81,20.81,0.0
2005-01-03,9.213,9.213,0.0,16.48,16.48,0.0,25.56,25.56,0.0
2005-01-04,9.923,9.923,0.0,19.15,19.15,0.0,29.21,29.21,0.0
2005-01-05,9.977,9.977,0.0,20.78,20.78,0.0,30.98,30.98,0.0
2005-01-06,8.763,8.763,0.0,21.85,21.85,0.0,31.62,31.62,0.0
2005-01-07,9.669,9.669,0.0,22.06,22.06,0.0,32.4,32.4,0.0
2005-01-08,9.666,9.666,0.0,21.41,21.41,0.0,30.78,30.78,0.0
2005-01-09,8.267,8.267,0.0,17.4,17.4,0.0,25.74,25.74,0.0
2005-01-10,8.535,8.535,0.0,18.08,18.08,0.0,26.72,26.72,0.0
2005-01-11,7.911,7.911,0.0,20.72,20.72,0.0,29.54,29.54,0.0
2005-01-12,8.102,8.102,0.0,21.52,21.52,0.0,29.99,29.99,0.0
2005-01-13,11.46,11.46,0.0,25.92,25.92,0.0,37.7,37.7,0.0
2005-01-14,11.26,11.26,0.0,24.56,24.56,0.0,35.93,35.93,0.0
2005-01-15,11.11,11.11,0.0,23.16,23.16,0.0,34.12,34.12,0.0
2005-01-16,9.429,9.429,0.0,18.6,18.6,0.0,28.37,28.37,0.0
2005-01-17,8.448,8.448,0.0,20.17,20.17,0.0,29.39,29.39,0.0
2005-01-18,8.921,8.921,0.0,20.7,20.7,0.0,29.59,29.59,0.0
2005-01-19,9.038,9.038,0.0,20.17,20.17,0.0,28.79,28.79,0.0
2005-01-20,8.207,8.207,0.0,16.71,16.71,0.0,24.9,24.9,0.0
2005-01-21,8.013,8.013,0.0,17.68,17.68,0.0,25.82,25.82,0.0
2005-01-22,7.532,7.532,0.0,17.8,17.8,0.0,25.99,25.99,0.0
2005-01-23,7.508,7.508,0.0,16.79,16.79,0.0,24.51,24.51,0.0
2005-01-24,7.435,7.435,0.0,15.41,15.41,0.0,22.51,22.51,0.0
2005-01-25,6.877,6.877,0.0,14.7,14.7,0.0,21.67,21.67,0.0
2005-01-26,6.494,6.494,0.0,16.52,16.52,0.0,24.61,24.61,0.0
2005-01-27,6.294,6.294,0.0,14.39,14.39,0.0,21.12,21.12,0.0
2005-01-28,6.313,6.313,0.0,13.7,13.7,0.0,20.13,20.13,0.0
2005-01-29,6.268,6.268,0.0,13.06,13.06,0.0,19.42,19.42,0.0
2005-01-30,5.957,5.957,0.0,12.14,12.14,0.0,17.78,17.78,0.0
2005-01-31,5.661,5.661,0.0,11.68,11.68,0.0,17.23,17.23,0.0
2005-02-01,5.63,5.63,0.0,12.75,12.75,0.0,18.4,18.4,0.0
2005-02-02,5.435,5.435,0.0,12.21,12.21,0.0,17.65,17.65,0.0
2005-02-03,5.316,5.316,0.0,11.39,11.39,0.0,16.68,16.68,0.0
2005-02-04,6.127,6.127,0.0,10.58,10.58,0.0,16.63,16.63,0.0
2005-02-05,5.48,5.48,0.0,12.6,12.6,0.0,18.07,18.07,0.0
2005-02-06,4.763,4.763,0.0,18.06,18.06,0.0,22.79,22.79,0.0
2005-02-07,4.145,4.145,0.0,12.57,12.57,0.0,16.93,16.93,0.0
2005-02-08,4.285,4.285,0.0,11.09,11.09,0.0,15.68,15.68,0.0
2005-02-09,5.052,5.052,0.0,15.14,15.14,0.0,21.3,21.3,0.0
2005-02-10,4.243,4.243,0.0,12.7,12.7,0.0,17.93,17.93,0.0
2005-02-11,4.089,4.089,0.0,12.14,12.14,0.0,16.93,16.93,0.0
2005-02-12,4.014,4.014,0.0,12.09,12.09,0.0,16.85,16.85,0.0
2005-02-13,3.784,3.784,0.0,10.93,10.93,0.0,15.37,15.37,0.0
2005-02-14,4.213,4.213,0.0,10.89,10.89,0.0,15.78,15.78,0.0
2005-02-15,5.065,5.065,0.0,11.58,11.58,0.0,17.01,17.01,0.0
2005-02-16,6.504,6.504,0.0,13.48,13.48,0.0,20.08,20.08,0.0
2005-02-17,6.77,6.77,0.0,13.11,13.11,0.0,19.82,19.82,0.0
2005-02-18,6.533,6.533,0.0,12.81,12.81,0.0,19.29,19.29,0.0
2005-02-19,6.348,6.348,0.0,12.03,12.03,0.0,17.76,17.76,0.0
2005-02-20,5.05,5.05,0.0,10.35,10.35,0.0,15.74,15.74,0.0
2005-02-21,6.484,6.484,0.0,13.81,13.81,0.0,20.07,20.07,0.0
2005-02-22,6.443,6.443,0.0,12.13,12.13,0.0,18.41,18.41,0.0
2005-02-23,7.55,7.55,0.0,12.81,12.81,0.0,20.43,20.43,0.0
2005-02-24,7.84,7.84,0.0,11.84,11.84,0.0,19.96,19.96,0.0
2005-02-25,7.593,7.593,0.0,9.634,9.634,0.0,17.03,17.03,0.0
2005-02-26,6.391,6.391,0.0,9.649,9.649,0.0,16.41,16.41,0.0
2005-02-27,5.661,5.661,0.0,10.66,10.66,0.0,16.63,16.63,0.0
2005-02-28,6.114,6.114,0.0,10.33,10.33,0.0,16.73,16.73,0.0
2005-03-01,6.249,6.249,0.0,10.14,10.14,0.0,16.75,16.75,0.0
2005-03-02,5.74,5.74,0.0,8.411,8.411,0.0,14.13,14.13,0.0
2005-03-03,5.245,5.245,0.0,7.947,7.947,0.0,13.23,13.23,0.0
2005-03-04,5.09,5.09,0.0,8.629,8.629,0.0,14.17,14.17,0.0
2005-03-05,7.736,7.736,0.0,9.93,9.93,0.0,17.73,17.73,0.0
2005-03-06,12.07,12.07,0.0,21.36,21.36,0.0,32.67,32.67,0.0
2005-03-07,9.518,9.518,0.0,35.83,35.83,0.0,44.79,44.79,0.0
2005-03-08,6.458,6.458,0.0,17.75,17.75,0.0,24.66,24.66,0.0
2005-03-09,5.764,5.764,0.0,13.29,13.29,0.0,19.5,19.5,0.0
2005-03-10,5.423,5.423,0.0,10.5,10.5,0.0,16.06,16.06,0.0
2005-03-11,4.889,4.889,0.0,11.25,11.25,0.0,16.99,16.99,0.0
2005-03-12,5.491,5.491,0.0,11.34,11.34,0.0,18.01,18.01,0.0
2005-03-13,7.018,7.018,0.0,10.38,10.38,0.0,17.21,17.21,0.0
2005-03-14,6.697,6.697,0.0,10.98,10.98,0.0,17.72,17.72,0.0
2005-03-15,6.761,6.761,0.0,11.16,11.16,0.0,17.96,17.96,0.0
2005-03-16,7.83,7.83,0.0,11.81,11.81,0.0,18.84,18.84,0.0
2005-03-17,9.322,9.322,0.0,14.49,14.49,0.0,23.08,23.08,0.0
2005-03-18,10.12,10.12,0.0,20.04,20.04,0.0,29.9,29.9,0.0
2005-03-19,9.497,9.497,0.0,21.26,21.26,0.0,31.1,31.1,0.0
2005-03-20,9.875,9.875,0.0,19.6,19.6,0.0,29.52,29.52,0.0
2005-03-21,10.24,10.24,0.0,16.98,16.98,0.0,25.6,25.6,0.0
2005-03-22,10.52,10.52,0.0,21.66,21.66,0.0,32.08,32.08,0.0
2005-03-23,14.23,14.23,0.0,33.49,33.49,0.0,47.3,47.3,0.0
2005-03-24,13.23,13.23,0.0,31.69,31.69,0.0,45.67,45.67,0.0
2005-03-25,13.44,13.44,0.0,32.4,32.4,0.0,46.61,46.61,0.0
2005-03-26,12.49,12.49,0.0,29.73,29.73,0.0,43.65,43.65,0.0
2005-03-27,15.82,15.82,0.0,25.34,25.34,0.0,42.29,42.29,0.0
2005-03-28,20.89,20.89,0.0,39.81,39.81,0.0,61.23,61.23,0.0
2005-03-29,15.31,15.31,0.0,40.28,40.28,0.0,55.92,55.92,0.0
2005-03-30,15.38,15.38,0.0,40.59,40.59,0.0,56.12,56.12,0.0
2005-03-31,14.86,14.86,0.0,40.0,40.0,0.0,55.71,55.71,0.0
2005-04-01,18.07,18.07,0.0,34.73,34.73,0.0,53.92,53.92,0.0
2005-04-02,20.7,20.7,0.0,36.12,36.12,0.0,58.04,58.04,0.0
2005-04-03,19.49,19.49,0.0,38.45,38.45,0.0,59.31,59.31,0.0
2005-04-04,16.34,16.34,0.0,39.82,39.82,0.0,57.02,57.02,0.0
2005-04-05,16.38,16.38,0.0,39.7,39.7,0.0,56.28,56.28,0.0
2005-04-06,15.79,15.79,0.0,33.13,33.13,0.0,49.77,49.77,0.0
2005-04-07,18.48,18.48,0.0,36.05,36.05,0.0,55.58,55.58,0.0
2005-04-08,17.52,17.52,0.0,35.08,35.08,0.0,53.86,53.86,0.0
2005-04-09,15.5,15.5,0.0,36.2,36.2,0.0,52.22,52.22,0.0
2005-04-10,15.57,15.57,0.0,36.15,36.15,0.0,52.0,52.0,0.0
2005-04-11,15.05,15.05,0.0,32.23,32.23,0.0,48.03,48.03,0.0
2005-04-12,15.12,15.12,0.0,28.67,28.67,0.0,44.42,44.42,0.0
2005-04-13,14.41,14.41,0.0,29.73,29.73,0.0,44.42,44.42,0.0
2005-04-14,12.64,12.64,0.0,30.06,30.06,0.0,43.43,43.43,0.0
2005-04-15,12.71,12.71,0.0,29.64,29.64,0.0,42.77,42.77,0.0
2005-04-16,12.81,12.81,0.0,26.25,26.25,0.0,39.42,39.42,0.0
2005-04-17,12.64,12.64,0.0,26.38,26.38,0.0,39.33,39.33,0.0
2005-04-18,11.67,11.67,0.0,24.38,24.38,0.0,36.33,36.33,0.0
2005-04-19,11.6,11.6,0.0,24.51,24.51,0.0,35.92,35.92,0.0
2005-04-20,10.64,10.64,0.0,24.22,24.22,0.0,35.22,35.22,0.0
2005-04-21,14.38,14.38,0.0,26.38,26.38,0.0,40.66,40.66,0.0
2005-04-22,16.75,16.75,0.0,29.71,29.71,0.0,46.49,46.49,0.0
2005-04-23,17.09,17.09,0.0,30.99,30.99,0.0,47.88,47.88,0.0
2005-04-24,16.84,16.84,0.0,32.75,32.75,0.0,49.72,49.72,0.0
2005-04-25,14.87,14.87,0.0,30.11,30.11,0.0,44.82,44.82,0.0
2005-04-26,13.55,13.55,0.0,25.5,25.5,0.0,39.33,39.33,0.0
2005-04-27,13.07,13.07,0.0,28.21,28.21,0.0,41.33,41.33,0.0
2005-04-28,13.32,13.32,0.0,28.84,28.84,0.0,42.01,42.01,0.0
2005-04-29,15.93,15.93,0.0,32.56,32.56,0.0,48.32,48.32,0.0
2005-04-30,19.21,19.21,0.0,36.61,36.61,0.0,55.54,55.54,0.0
2005-05-01,17.73,17.73,0.0,35.53,35.53,0.0,53.37,53.37,0.0
2005-05-02,14.97,14.97,0.0,33.22,33.22,0.0,49.53,49.53,0.0
2005-05-03,13.65,13.65,0.0,26.62,26.62,0.0,40.01,40.01,0.0
2005-05-04,14.03,14.03,0.0,28.78,28.78,0.0,42.69,42.69,0.0
2005-05-05,14.25,14.25,0.0,29.56,29.56,0.0,43.7,43.7,0.0
2005-05-06,13.71,13.71,0.0,28.54,28.54,0.0,41.92,41.92,0.0
2005-05-07,12.01,12.01,0.0,23.66,23.66,0.0,35.98,35.98,0.0
2005-05-08,12.37,12.37,0.0,24.96,24.96,0.0,37.02,37.02,0.0
2005-05-09,11.96,11.96,0.0,25.34,25.34,0.0,37.24,37.24,0.0
2005-05-10,11.91,11.91,0.0,25.36,25.36,0.0,37.2,37.2,0.0
2005-05-11,11.33,11.33,0.0,25.42,25.42,0.0,36.87,36.87,0.0
2005-05-12,10.2,10.2,0.0,23.25,23.25,0.0,33.42,33.42,0.0
2005-05-13,10.37,10.37,0.0,20.49,20.49,0.0,30.48,30.48,0.0
2005-05-14,10.75,10.75,0.0,22.97,22.97,0.0,33.68,33.68,0.0
2005-05-15,10.18,10.18,0.0,23.04,23.04,0.0,33.25,33.25,0.0
2005-05-16,10.03,10.03,0.0,22.76,22.76,0.0,32.76,32.76,0.0
2005-05-17,9.287,9.287,0.0,22.19,22.19,0.0,31.4,31.4,0.0
2005-05-18,8.698,8.698,0.0,18.37,18.37,0.0,26.89,26.89,0.0
2005-05-19,13.52,13.52,0.0,26.28,26.28,0.0,40.43,40.43,0.0
2005-05-20,14.7,14.7,0.0,29.39,29.39,0.0,44.76,44.76,0.0
2005-05-21,14.36,14.36,0.0,29.09,29.09,0.0,43.9,43.9,0.0
2005-05-22,13.98,13.98,0.0,28.05,28.05,0.0,42.46,42.46,0.0
2005-05-23,15.16,15.16,0.0,31.87,31.87,0.0,48.29,48.29,0.0
2005-05-24,13.63,13.63,0.0,32.12,32.12,0.0,47.61,47.61,0.0
2005-05-25,11.36,11.36,0.0,23.92,23.92,0.0,35.92,35.92,0.0
2005-05-26,12.2,12.2,0.0,26.06,26.06,0.0,38.91,38.91,0.0
2005-05-27,12.39,12.39,0.0,27.04,27.04,0.0,40.2,40.2,0.0
2005-05-28,11.7,11.7,0.0,26.6,26.6,0.0,39.46,39.46,0.0
2005-05-29,10.71,10.71,0.0,26.23,26.23,0.0,37.87,37.87,0.0
2005-05-30,10.26,10.26,0.0,21.0,21.0,0.0,31.74,31.74,0.0
2005-05-31,10.42,10.42,0.0,22.16,22.16,0.0,33.1,33.1,0.0
2005-06-01,10.32,10.32,0.0,22.55,22.55,0.0,33.42,33.42,0.0
2005-06-02,9.483,9.483,0.0,22.36,22.36,0.0,32.54,32.54,0.0
2005-06-03,9.453,9.453,0.0,22.29,22.29,0.0,32.28,32.28,0.0
2005-06-04,9.067,9.067,0.0,20.17,20.17,0.0,29.44,29.44,0.0
2005-06-05,8.81,8.81,0.0,18.66,18.66,0.0,27.84,27.84,0.0
2005-06-06,8.783,8.783,0.0,18.93,18.93,0.0,28.02,28.02,0.0
2005-06-07,8.408,8.408,0.0,19.05,19.05,0.0,27.85,27.85,0.0
2005-06-08,7.891,7.891,0.0,18.94,18.94,0.0,27.16,27.16,0.0
2005-06-09,7.687,7.687,0.0,17.74,17.74,0.0,25.61,25.61,0.0
2005-06-10,7.466,7.466,0.0,16.6,16.6,0.0,24.37,24.37,0.0
2005-06-11,7.386,7.386,0.0,16.13,16.13,0.0,23.7,23.7,0.0
2005-06-12,7.252,7.252,0.0,15.88,15.88,0.0,23.29,23.29,0.0
2005-06-13,6.944,6.944,0.0,15.81,15.81,0.0,22.84,22.84,0.0
2005-06-14,6.465,6.465,0.0,14.89,14.89,0.0,21.55,21.55,0.0
2005-06-15,6.241,6.241,0.0,14.25,14.25,0.0,20.61,20.61,0.0
2005-06-16,6.098,6.098,0.0,13.58,13.58,0.0,19.95,19.95,0.0
2005-06-17,6.007,6.007,0.0,13.25,13.25,0.0,19.39,19.39,0.0
2005-06-18,5.771,5.771,0.0,13.11,13.11,0.0,18.96,18.96,0.0
2005-06-19,5.267,5.267,0.0,12.59,12.59,0.0,17.98,17.98,0.0
2005-06-20,5.322,5.322,0.0,11.86,11.86,0.0,17.2,17.2,0.0
2005-06-21,5.261,5.261,0.0,11.55,11.55,0.0,16.83,16.83,0.0
2005-06-22,5.092,5.092,0.0,11.2,11.2,0.0,16.53,16.53,0.0
2005-06-23,4.917,4.917,0.0,10.88,10.88,0.0,15.82,15.82,0.0
2005-06-24,4.56,4.56,0.0,10.52,10.52,0.0,15.24,15.24,0.0
2005-06-25,4.355,4.355,0.0,10.05,10.05,0.0,14.47,14.47,0.0
2005-06-26,4.348,4.348,0.0,9.68,9.68,0.0,14.02,14.02,0.0
2005-06-27,4.136,4.136,0.0,9.444,9.444,0.0,13.66,13.66,0.0
2005-06-28,4.109,4.109,0.0,9.236,9.236,0.0,13.49,13.49,0.0
2005-06-29,4.054,4.054,0.0,9.007,9.007,0.0,13.17,13.17,0.0
2005-06-30,4.331,4.331,0.0,9.21,9.21,0.0,13.66,13.66,0.0
2005-07-01,3.889,3.889,0.0,8.321,8.321,0.0,12.17,12.17,0.0
2005-07-02,3.921,3.921,0.0,8.206,8.206,0.0,12.04,12.04,0.0
2005-07-03,3.959,3.959,0.0,8.562,8.562,0.0,12.77,12.77,0.0
2005-07-04,4.016,4.016,0.0,8.094,8.094,0.0,12.29,12.29,0.0
2005-07-05,3.864,3.864,0.0,8.188,8.188,0.0,12.28,12.28,0.0
2005-07-06,4.796,4.796,0.0,7.608,7.608,0.0,11.92,11.92,0.0
2005-07-07,6.604,6.604,0.0,16.98,16.98,0.0,24.81,24.81,0.0
2005-07-08,4.649,4.649,0.0,11.23,11.23,0.0,16.16,16.16,0.0
2005-07-09,4.292,4.292,0.0,9.73,9.73,0.0,14.03,14.03,0.0
2005-07-10,3.941,3.941,0.0,9.462,9.462,0.0,13.51,13.51,0.0
2005-07-11,3.906,3.906,0.0,8.809,8.809,0.0,12.73,12.73,0.0
2005-07-12,4.015,4.015,0.0,9.161,9.161,0.0,13.37,13.37,0.0
2005-07-13,4.684,4.684,0.0,9.43,9.43,0.0,13.94,13.94,0.0
2005-07-14,4.326,4.326,0.0,8.962,8.962,0.0,13.07,13.07,0.0
2005-07-15,4.366,4.366,0.0,8.723,8.723,0.0,12.94,12.94,0.0
2005-07-16,4.777,4.777,0.0,9.946,9.946,0.0,14.81,14.81,0.0
2005-07-17,4.7,4.7,0.0,9.789,9.789,0.0,14.27,14.27,0.0
2005-07-18,4.583,4.583,0.0,10.73,10.73,0.0,15.11,15.11,0.0
2005-07-19,4.487,4.487,0.0,10.85,10.85,0.0,15.15,15.15,0.0
2005-07-20,4.387,4.387,0.0,9.908,9.908,0.0,13.98,13.98,0.0
2005-07-21,4.352,4.352,0.0,9.83,9.83,0.0,13.92,13.92,0.0
2005-07-22,4.047,4.047,0.0,8.814,8.814,0.0,12.61,12.61,0.0
2005-07-23,3.841,3.841,0.0,9.006,9.006,0.0,12.62,12.62,0.0
2005-07-24,3.675,3.675,0.0,8.886,8.886,0.0,12.3,12.3,0.0
2005-07-25,3.789,3.789,0.0,8.73,8.73,0.0,12.41,12.41,0.0
2005-07-26,3.585,3.585,0.0,8.341,8.341,0.0,11.65,11.65,0.0
2005-07-27,3.675,3.675,0.0,8.074,8.074,0.0,11.7,11.7,0.0
2005-07-28,3.674,3.674,0.0,8.058,8.058,0.0,11.62,11.62,0.0
2005-07-29,3.534,3.534,0.0,7.761,7.761,0.0,10.9,10.9,0.0
2005-07-30,3.393,3.393,0.0,7.283,7.283,0.0,10.35,10.35,0.0
2005-07-31,3.343,3.343,0.0,7.232,7.232,0.0,10.24,10.24,0.0
2005-08-01,3.262,3.262,0.0,6.978,6.978,0.0,9.908,9.908,0.0
2005-08-02,3.099,3.099,0.0,6.595,6.595,0.0,9.406,9.406,0.0
2005-08-03,2.961,2.961,0.0,6.374,6.374,0.0,9.059,9.059,0.0
2005-08-04,2.914,2.914,0.0,6.06,6.06,0.0,8.636,8.636,0.0
2005-08-05,2.772,2.772,0.0,6.023,6.023,0.0,8.495,8.495,0.0
2005-08-06,3.307,3.307,0.0,6.935,6.935,0.0,10.38,10.38,0.0
2005-08-07,2.967,2.967,0.0,6.513,6.513,0.0,9.424,9.424,0.0
2005-08-08,3.542,3.542,0.0,7.794,7.794,0.0,11.64,11.64,0.0
2005-08-09,3.366,3.366,0.0,8.117,8.117,0.0,11.66,11.66,0.0
2005-08-10,3.106,3.106,0.0,7.314,7.314,0.0,10.33,10.33,0.0
2005-08-11,2.957,2.957,0.0,7.222,7.222,0.0,10.12,10.12,0.0
2005-08-12,2.895,2.895,0.0,7.035,7.035,0.0,9.86,9.86,0.0
2005-08-13,2.788,2.788,0.0,6.686,6.686,0.0,9.412,9.412,0.0
2005-08-14,2.716,2.716,0.0,6.116,6.116,0.0,8.751,8.751,0.0
2005-08-15,2.851,2.851,0.0,6.352,6.352,0.0,9.189,9.189,0.0
2005-08-16,3.048,3.048,0.0,6.735,6.735,0.0,9.841,9.841,0.0
2005-08-17,2.744,2.744,0.0,6.087,6.087,0.0,8.705,8.705,0.0
2005-08-18,2.731,2.731,0.0,5.962,5.962,0.0,8.625,8.625,0.0
2005-08-19,2.649,2.649,0.0,5.904,5.904,0.0,8.47,8.47,0.0
2005-08-20,2.649,2.649,0.0,6.08,6.08,0.0,8.725,8.725,0.0
2005-08-21,2.413,2.413,0.0,5.401,5.401,0.0,7.693,7.693,0.0
2005-08-22,2.353,2.353,0.0,5.236,5.236,0.0,7.461,7.461,0.0
2005-08-23,2.241,2.241,0.0,5.019,5.019,0.0,7.141,7.141,0.0
2005-08-24,2.177,2.177,0.0,4.955,4.955,0.0,7.017,7.017,0.0
2005-08-25,2.109,2.109,0.0,4.854,4.854,0.0,6.851,6.851,0.0
2005-08-26,2.363,2.363,0.0,5.268,5.268,0.0,7.798,7.798,0.0
2005-08-27,2.678,2.678,0.0,6.112,6.112,0.0,9.105,9.105,0.0
2005-08-28,2.273,2.273,0.0,5.058,5.058,0.0,7.204,7.204,0.0
2005-08-29,2.196,2.196,0.0,4.867,4.867,0.0,6.975,6.975,0.0
2005-08-30,2.353,2.353,0.0,5.001,5.001,0.0,7.322,7.322,0.0
2005-08-31,2.307,2.307,0.0,5.337,5.337,0.0,7.712,7.712,0.0
2005-09-01,2.106,2.106,0.0,4.674,4.674,0.0,6.66,6.66,0.0
2005-09-02,2.048,2.048,0.0,4.63,4.63,0.0,6.556,6.556,0.0
2005-09-03,1.986,1.986,0.0,4.532,4.532,0.0,6.384,6.384,0.0
2005-09-04,1.888,1.888,0.0,4.302,4.302,0.0,6.082,6.082,0.0
2005-09-05,1.841,1.841,0.0,4.107,4.107,0.0,5.837,5.837,0.0
2005-09-06,1.754,1.754,0.0,4.051,4.051,0.0,5.708,5.708,0.0
2005-09-07,1.702,1.702,0.0,3.797,3.797,0.0,5.402,5.402,0.0
2005-09-08,1.649,1.649,0.0,3.681,3.681,0.0,5.234,5.234,0.0
2005-09-09,1.566,1.566,0.0,3.55,3.55,0.0,5.028,5.028,0.0
2005-09-10,1.509,1.509,0.0,3.496,3.496,0.0,4.922,4.922,0.0
2005-09-11,1.464,1.464,0.0,3.371,3.371,0.0,4.753,4.753,0.0
2005-09-12,1.402,1.402,0.0,3.277,3.277,0.0,4.605,4.605,0.0
2005-09-13,1.359,1.359,0.0,3.109,3.109,0.0,4.389,4.389,0.0
2005-09-14,1.314,1.314,0.0,2.912,2.912,0.0,4.15,4.15,0.0
2005-09-15,1.255,1.255,0.0,2.859,2.859,0.0,4.049,4.049,0.0
2005-09-16,1.216,1.216,0.0,2.806,2.806,0.0,3.957,3.957,0.0
2005-09-17,1.177,1.177,0.0,2.728,2.728,0.0,3.841,3.841,0.0
2005-09-18,1.138,1.138,0.0,2.639,2.639,0.0,3.71,3.71,0.0
2005-09-19,1.099,1.099,0.0,2.461,2.461,0.0,3.498,3.498,0.0
2005-09-20,1.055,1.055,0.0,2.406,2.406,0.0,3.404,3.404,0.0
2005-09-21,1.016,1.016,0.0,2.348,2.348,0.0,3.311,3.311,0.0
2005-09-22,0.9845,0.9845,0.0,2.267,2.267,0.0,3.198,3.198,0.0
2005-09-23,0.9873,0.9873,0.0,2.297,2.297,0.0,3.279,3.279,0.0
2005-09-24,0.9197,0.9197,0.0,2.086,2.086,0.0,2.951,2.951,0.0
2005-09-25,0.8879,0.8879,0.0,2.032,2.032,0.0,2.87,2.87,0.0
2005-09-26,0.9679,0.9679,0.0,2.343,2.343,0.0,3.424,3.424,0.0
2005-09-27,0.8225,0.8225,0.0,1.963,1.963,0.0,2.743,2.743,0.0
2005-09-28,0.7965,0.7965,0.0,1.902,1.902,0.0,2.657,2.657,0.0
2005-09-29,0.7702,0.7702,0.0,1.844,1.844,0.0,2.573,2.573,0.0
2005-09-30,0.7439,0.7439,0.0,1.797,1.797,0.0,2.498,2.498,0.0
2005-10-01,0.7184,0.7184,0.0,1.75,1.75,0.0,2.428,2.428,0.0
2005-10-02,0.6893,0.6893,0.0,1.698,1.698,0.0,2.352,2.352,0.0
2005-10-03,0.6628,0.6628,0.0,1.645,1.645,0.0,2.275,2.275,0.0
2005-10-04,0.6428,0.6428,0.0,1.57,1.57,0.0,2.18,2.18,0.0
2005-10-05,0.6297,0.6297,0.0,1.506,1.506,0.0,2.1,2.1,0.0
2005-10-06,1.307,1.307,0.0,2.295,2.295,0.0,3.785,3.785,0.0
2005-10-07,1.713,1.713,0.0,2.829,2.829,0.0,4.614,4.614,0.0
2005-10-08,1.688,1.688,0.0,2.505,2.505,0.0,4.094,4.094,0.0
2005-10-09,1.555,1.555,0.0,2.25,2.25,0.0,3.631,3.631,0.0
2005-10-10,1.674,1.674,0.0,2.55,2.55,0.0,4.205,4.205,0.0
2005-10-11,1.668,1.668,0.0,2.456,2.456,0.0,4.054,4.054,0.0
2005-10-12,1.569,1.569,0.0,2.265,2.265,0.0,3.706,3.706,0.0
2005-10-13,1.517,1.517,0.0,2.194,2.194,0.0,3.585,3.585,0.0
2005-10-14,1.461,1.461,0.0,2.124,2.124,0.0,3.468,3.468,0.0
2005-10-15,1.408,1.408,0.0,2.046,2.046,0.0,3.343,3.343,0.0
2005-10-16,1.362,1.362,0.0,1.961,1.961,0.0,3.215,3.215,0.0
2005-10-17,1.315,1.315,0.0,1.904,1.904,0.0,3.115,3.115,0.0
2005-10-18,1.27,1.27,0.0,1.847,1.847,0.0,3.017,3.017,0.0
2005-10-19,1.387,1.387,0.0,1.789,1.789,0.0,3.068,3.068,0.0
2005-10-20,1.73,1.73,0.0,2.428,2.428,0.0,4.276,4.276,0.0
2005-10-21,2.155,2.155,0.0,3.849,3.849,0.0,6.616,6.616,0.0
2005-10-22,1.93,1.93,0.0,3.249,3.249,0.0,5.44,5.44,0.0
2005-10-23,2.035,2.035,0.0,3.121,3.121,0.0,5.354,5.354,0.0
2005-10-24,2.725,2.725,0.0,5.16,5.16,0.0,8.636,8.636,0.0
2005-10-25,3.005,3.005,0.0,5.669,5.669,0.0,9.429,9.429,0.0
2005-10-26,2.825,2.825,0.0,5.766,5.766,0.0,9.175,9.175,0.0
2005-10-27,2.7,2.7,0.0,5.793,5.793,0.0,9.028,9.028,0.0
2005-10-28,2.62,2.62,0.0,5.762,5.762,0.0,8.922,8.922,0.0
2005-10-29,2.523,2.523,0.0,5.641,5.641,0.0,8.679,8.679,0.0
2005-10-30,2.441,2.441,0.0,5.33,5.33,0.0,8.268,8.268,0.0
2005-10-31,2.358,2.358,0.0,4.767,4.767,0.0,7.616,7.616,0.0
2005-11-01,2.317,2.317,0.0,5.05,5.05,0.0,7.905,7.905,0.0
2005-11-02,2.195,2.195,0.0,4.794,4.794,0.0,7.456,7.456,0.0
2005-11-03,2.118,2.118,0.0,4.744,4.744,0.0,7.313,7.313,0.0
2005-11-04,2.038,2.038,0.0,4.222,4.222,0.0,6.685,6.685,0.0
2005-11-05,2.041,2.041,0.0,4.672,4.672,0.0,7.391,7.391,0.0
2005-11-06,1.901,1.901,0.0,4.465,4.465,0.0,6.932,6.932,0.0
2005-11-07,1.831,1.831,0.0,4.311,4.311,0.0,6.697,6.697,0.0
2005-11-08,2.421,2.421,0.0,7.179,7.179,0.0,10.8,10.8,0.0
2005-11-09,2.097,2.097,0.0,7.003,7.003,0.0,9.99,9.99,0.0
2005-11-10,1.987,1.987,0.0,6.93,6.93,0.0,9.758,9.758,0.0
2005-11-11,1.921,1.921,0.0,6.799,6.799,0.0,9.538,9.538,0.0
2005-11-12,1.855,1.855,0.0,6.604,6.604,0.0,9.196,9.196,0.0
2005-11-13,1.842,1.842,0.0,5.482,5.482,0.0,8.147,8.147,0.0
2005-11-14,1.86,1.86,0.0,6.045,6.045,0.0,8.721,8.721,0.0
2005-11-15,2.453,2.453,0.0,7.864,7.864,0.0,11.46,11.46,0.0
2005-11-16,2.521,2.521,0.0,9.643,9.643,0.0,13.45,13.45,0.0
2005-11-17,2.288,2.288,0.0,9.427,9.427,0.0,12.81,12.81,0.0
2005-11-18,2.211,2.211,0.0,9.319,9.319,0.0,12.6,12.6,0.0
2005-11-19,2.113,2.113,0.0,7.768,7.768,0.0,10.82,10.82,0.0
2005-11-20,2.275,2.275,0.0,7.246,7.246,0.0,10.39,10.39,0.0
2005-11-21,2.828,2.828,0.0,8.225,8.225,0.0,11.94,11.94,0.0
2005-11-22,3.381,3.381,0.0,9.163,9.163,0.0,13.66,13.66,0.0
2005-11-23,3.677,3.677,0.0,9.707,9.707,0.0,14.63,14.63,0.0
2005-11-24,3.487,3.487,0.0,8.679,8.679,0.0,13.33,13.33,0.0
2005-11-25,3.465,3.465,0.0,8.288,8.288,0.0,12.54,12.54,0.0
2005-11-26,3.145,3.145,0.0,9.235,9.235,0.0,13.35,13.35,0.0
2005-11-27,3.635,3.635,0.0,13.67,13.67,0.0,18.61,18.61,0.0
2005-11-28,6.253,6.253,0.0,13.79,13.79,0.0,21.2,21.2,0.0
2005-11-29,8.355,8.355,0.0,28.73,28.73,0.0,38.96,38.96,0.0
2005-11-30,7.498,7.498,0.0,21.43,21.43,0.0,30.22,30.22,0.0
2005-12-01,7.367,7.367,0.0,20.62,20.62,0.0,29.37,29.37,0.0
2005-12-02,6.452,6.452,0.0,18.75,18.75,0.0,25.65,25.65,0.0
2005-12-03,6.413,6.413,0.0,16.62,16.62,0.0,23.97,23.97,0.0
2005-12-04,5.892,5.892,0.0,14.4,14.4,0.0,21.8,21.8,0.0
2005-12-05,5.946,5.946,0.0,15.65,15.65,0.0,22.94,22.94,0.0
2005-12-06,5.614,5.614,0.0,16.21,16.21,0.0,23.28,23.28,0.0
2005-12-07,5.446,5.446,0.0,15.4,15.4,0.0,22.25,22.25,0.0
2005-12-08,5.447,5.447,0.0,13.56,13.56,0.0,19.88,19.88,0.0
2005-12-09,5.099,5.099,0.0,12.67,12.67,0.0,18.74,18.74,0.0
2005-12-10,5.128,5.128,0.0,13.18,13.18,0.0,19.37,19.37,0.0
2005-12-11,4.834,4.834,0.0,13.33,13.33,0.0,19.16,19.16,0.0
2005-12-12,4.54,4.54,0.0,12.23,12.23,0.0,17.57,17.57,0.0
2005-12-13,4.222,4.222,0.0,10.73,10.73,0.0,15.78,15.78,0.0
2005-12-14,4.24,4.24,0.0,10.4,10.4,0.0,15.43,15.43,0.0
2005-12-15,4.357,4.357,0.0,10.98,10.98,0.0,16.35,16.35,0.0
2005-12-16,4.057,4.057,0.0,10.21,10.21,0.0,15.15,15.15,0.0
2005-12-17,3.686,3.686,0.0,10.42,10.42,0.0,15.4,15.4,0.0
2005-12-18,4.412,4.412,0.0,10.9,10.9,0.0,16.48,16.48,0.0
2005-12-19,3.68,3.68,0.0,9.012,9.012,0.0,13.41,13.41,0.0
2005-12-20,3.512,3.512,0.0,8.846,8.846,0.0,12.98,12.98,0.0
2005-12-21,3.395,3.395,0.0,8.226,8.226,0.0,12.11,12.11,0.0
2005-12-22,3.117,3.117,0.0,8.495,8.495,0.0,12.46,12.46,0.0
2005-12-23,7.857,7.857,0.0,17.79,17.79,0.0,26.39,26.39,0.0
2005-12-24,8.528,8.528,0.0,18.53,18.53,0.0,25.49,25.49,0.0
2005-12-25,4.646,4.646,0.0,19.31,19.31,0.0,25.9,25.9,0.0
2005-12-26,3.431,3.431,0.0,13.36,13.36,0.0,17.75,17.75,0.0
2005-12-27,3.768,3.768,0.0,14.23,14.23,0.0,18.39,18.39,0.0
2005-12-28,4.072,4.072,0.0,17.62,17.62,0.0,22.17,22.17,0.0
2005-12-29,4.174,4.174,0.0,13.63,13.63,0.0,18.37,18.37,0.0
2005-12-30,4.019,4.019,0.0,12.17,12.17,0.0,16.85,16.85,0.0
2005-12-31,3.102,3.102,0.0,13.11,13.11,0.0,17.23,17.23,0.0
2006-01-01,4.646,4.646,0.0,14.98,14.98,0.0,21.18,21.18,0.0
2006-01-02,7.155,7.155,0.0,25.14,25.14,0.0,33.88,33.88,0.0
2006-01-03,7.193,7.193,0.0,21.43,21.43,0.0,30.36,30.36,0.0
2006-01-04,8.955,8.955,0.0,23.77,23.77,0.0,34.05,34.05,0.0
2006-01-05,10.26,10.26,0.0,21.58,21.58,0.0,31.87,31.87,0.0
2006-01-06,10.35,10.35,0.0,20.28,20.28,0.0,30.86,30.86,0.0
2006-01-07,8.988,8.988,0.0,20.45,20.45,0.0,29.57,29.57,0.0
2006-01-08,7.969,7.969,0.0,18.51,18.51,0.0,26.96,26.96,0.0
2006-01-09,7.171,7.171,0.0,19.92,19.92,0.0,28.49,28.49,0.0
2006-01-10,8.276,8.276,0.0,18.38,18.38,0.0,27.11,27.11,0.0
2006-01-11,8.73,8.73,0.0,22.15,22.15,0.0,31.55,31.55,0.0
2006-01-12,8.281,8.281,0.0,21.19,21.19,0.0,29.51,29.51,0.0
2006-01-13,11.19,11.19,0.0,27.38,27.38,0.0,38.65,38.65,0.0
2006-01-14,11.39,11.39,0.0,27.77,27.77,0.0,39.72,39.72,0.0
2006-01-15,8.977,8.977,0.0,22.83,22.83,0.0,33.23,33.23,0.0
2006-01-16,10.69,10.69,0.0,23.13,23.13,0.0,34.76,34.76,0.0
2006-01-17,16.51,16.51,0.0,36.82,36.82,0.0,52.96,52.96,0.0
2006-01-18,14.79,14.79,0.0,30.35,30.35,0.0,44.87,44.87,0.0
2006-01-19,11.87,11.87,0.0,28.57,28.57,0.0,40.49,40.49,0.0
2006-01-20,12.88,12.88,0.0,24.56,24.56,0.0,37.45,37.45,0.0
2006-01-21,12.54,12.54,0.0,26.13,26.13,0.0,39.6,39.6,0.0
2006-01-22,12.58,12.58,0.0,25.88,25.88,0.0,39.84,39.84,0.0
2006-01-23,13.43,13.43,0.0,26.0,26.0,0.0,40.48,40.48,0.0
2006-01-24,13.57,13.57,0.0,26.66,26.66,0.0,40.39,40.39,0.0
2006-01-25,11.86,11.86,0.0,25.05,25.05,0.0,37.19,37.19,0.0
2006-01-26,11.69,11.69,0.0,25.41,25.41,0.0,37.67,37.67,0.0
2006-01-27,10.74,10.74,0.0,22.69,22.69,0.0,34.57,34.57,0.0
2006-01-28,11.3,11.3,0.0,23.49,23.49,0.0,35.55,35.55,0.0
2006-01-29,11.89,11.89,0.0,23.84,23.84,0.0,36.48,36.48,0.0
2006-01-30,12.08,12.08,0.0,22.66,22.66,0.0,34.84,34.84,0.0
2006-01-31,10.62,10.62,0.0,23.03,23.03,0.0,33.83,33.83,0.0
2006-02-01,9.89,9.89,0.0,21.49,21.49,0.0,32.17,32.17,0.0
2006-02-02,10.65,10.65,0.0,21.78,21.78,0.0,33.02,33.02,0.0
2006-02-03,11.9,11.9,0.0,23.76,23.76,0.0,35.92,35.92,0.0
2006-02-04,13.33,13.33,0.0,25.54,25.54,0.0,39.26,39.26,0.0
2006-02-05,13.08,13.08,0.0,25.14,25.14,0.0,38.06,38.06,0.0
2006-02-06,11.22,11.22,0.0,23.83,23.83,0.0,34.88,34.88,0.0
2006-02-07,10.44,10.44,0.0,21.31,21.31,0.0,32.17,32.17,0.0
2006-02-08,10.5,10.5,0.0,21.27,21.27,0.0,32.31,32.31,0.0
2006-02-09,10.54,10.54,0.0,20.55,20.55,0.0,31.34,31.34,0.0
2006-02-10,10.47,10.47,0.0,20.97,20.97,0.0,31.37,31.37,0.0
2006-02-11,9.53,9.53,0.0,19.88,19.88,0.0,29.52,29.52,0.0
2006-02-12,8.649,8.649,0.0,18.05,18.05,0.0,27.21,27.21,0.0
2006-02-13,8.838,8.838,0.0,17.42,17.42,0.0,26.51,26.51,0.0
2006-02-14,13.87,13.87,0.0,27.4,27.4,0.0,43.63,43.63,0.0
2006-02-15,9.951,9.951,0.0,23.0,23.0,0.0,33.59,33.59,0.0
2006-02-16,8.012,8.012,0.0,18.49,18.49,0.0,27.26,27.26,0.0
2006-02-17,7.978,7.978,0.0,18.43,18.43,0.0,27.11,27.11,0.0
2006-02-18,7.472,7.472,0.0,17.4,17.4,0.0,25.82,25.82,0.0
2006-02-19,7.452,7.452,0.0,16.05,16.05,0.0,23.65,23.65,0.0
2006-02-20,7.339,7.339,0.0,15.07,15.07,0.0,22.72,22.72,0.0
2006-02-21,7.077,7.077,0.0,15.17,15.17,0.0,22.86,22.86,0.0
2006-02-22,7.345,7.345,0.0,14.28,14.28,0.0,21.72,21.72,0.0
2006-02-23,6.794,6.794,0.0,14.85,14.85,0.0,21.84,21.84,0.0
2006-02-24,6.797,6.797,0.0,14.17,14.17,0.0,21.16,21.16,0.0
2006-02-25,7.063,7.063,0.0,14.18,14.18,0.0,21.14,21.14,0.0
2006-02-26,7.004,7.004,0.0,13.25,13.25,0.0,20.18,20.18,0.0
2006-02-27,6.905,6.905,0.0,13.11,13.11,0.0,20.18,20.18,0.0
2006-02-28,7.555,7.555,0.0,12.75,12.75,0.0,19.77,19.77,0.0
2006-03-01,8.904,8.904,0.0,13.5,13.5,0.0,21.71,21.71,0.0
2006-03-02,8.311,8.311,0.0,16.0,16.0,0.0,24.52,24.52,0.0
2006-03-03,8.642,8.642,0.0,15.62,15.62,0.0,23.92,23.92,0.0
2006-03-04,8.649,8.649,0.0,14.65,14.65,0.0,22.37,22.37,0.0
2006-03-05,8.408,8.408,0.0,14.19,14.19,0.0,21.92,21.92,0.0
2006-03-06,7.924,7.924,0.0,13.1,13.1,0.0,20.59,20.59,0.0
2006-03-07,8.282,8.282,0.0,12.76,12.76,0.0,20.5,20.5,0.0
2006-03-08,7.496,7.496,0.0,13.71,13.71,0.0,21.06,21.06,0.0
2006-03-09,7.742,7.742,0.0,15.47,15.47,0.0,22.37,22.37,0.0
2006-03-10,7.406,7.406,0.0,16.98,16.98,0.0,23.8,23.8,0.0
2006-03-11,7.317,7.317,0.0,18.04,18.04,0.0,24.81,24.81,0.0
2006-03-12,7.426,7.426,0.0,20.41,20.41,0.0,27.85,27.85,0.0
2006-03-13,8.493,8.493,0.0,21.66,21.66,0.0,29.74,29.74,0.0
2006-03-14,8.848,8.848,0.0,21.86,21.86,0.0,30.15,30.15,0.0
2006-03-15,8.112,8.112,0.0,16.89,16.89,0.0,24.71,24.71,0.0
2006-03-16,7.782,7.782,0.0,17.94,17.94,0.0,24.98,24.98,0.0
2006-03-17,6.839,6.839,0.0,17.29,17.29,0.0,23.74,23.74,0.0
2006-03-18,7.154,7.154,0.0,17.88,17.88,0.0,24.54,24.54,0.0
2006-03-19,6.585,6.585,0.0,15.63,15.63,0.0,22.01,22.01,0.0
2006-03-20,6.744,6.744,0.0,16.25,16.25,0.0,22.32,22.32,0.0
2006-03-21,6.971,6.971,0.0,15.32,15.32,0.0,21.77,21.77,0.0
2006-03-22,6.371,6.371,0.0,15.73,15.73,0.0,21.93,21.93,0.0
2006-03-23,7.038,7.038,0.0,15.32,15.32,0.0,21.91,21.91,0.0
2006-03-24,7.97,7.97,0.0,14.34,14.34,0.0,21.91,21.91,0.0
2006-03-25,8.448,8.448,0.0,14.85,14.85,0.0,22.9,22.9,0.0
2006-03-26,8.106,8.106,0.0,14.98,14.98,0.0,22.78,22.78,0.0
2006-03-27,6.96,6.96,0.0,15.44,15.44,0.0,22.58,22.58,0.0
2006-03-28,8.101,8.101,0.0,15.84,15.84,0.0,23.06,23.06,0.0
2006-03-29,7.827,7.827,0.0,14.4,14.4,0.0,21.38,21.38,0.0
2006-03-30,7.467,7.467,0.0,15.18,15.18,0.0,22.11,22.11,0.0
2006-03-31,7.925,7.925,0.0,16.69,16.69,0.0,24.2,24.2,0.0
2006-04-01,7.667,7.667,0.0,16.59,16.59,0.0,23.91,23.91,0.0
2006-04-02,6.945,6.945,0.0,13.63,13.63,0.0,20.65,20.65,0.0
2006-04-03,7.846,7.846,0.0,15.38,15.38,0.0,23.16,23.16,0.0
2006-04-04,7.795,7.795,0.0,16.4,16.4,0.0,23.54,23.54,0.0
2006-04-05,7.499,7.499,0.0,16.38,16.38,0.0,23.7,23.7,0.0
2006-04-06,8.186,8.186,0.0,17.53,17.53,0.0,25.59,25.59,0.0
2006-04-07,10.61,10.61,0.0,20.66,20.66,0.0,30.89,30.89,0.0
2006-04-08,10.62,10.62,0.0,21.61,21.61,0.0,31.93,31.93,0.0
2006-04-09,9.087,9.087,0.0,17.53,17.53,0.0,26.39,26.39,0.0
2006-04-10,8.787,8.787,0.0,17.26,17.26,0.0,25.29,25.29,0.0
2006-04-11,7.81,7.81,0.0,17.23,17.23,0.0,25.03,25.03,0.0
2006-04-12,8.579,8.579,0.0,19.0,19.0,0.0,27.63,27.63,0.0
2006-04-13,9.54,9.54,0.0,19.26,19.26,0.0,28.53,28.53,0.0
2006-04-14,12.92,12.92,0.0,23.49,23.49,0.0,35.58,35.58,0.0
2006-04-15,13.34,13.34,0.0,23.93,23.93,0.0,36.26,36.26,0.0
2006-04-16,15.97,15.97,0.0,28.04,28.04,0.0,43.49,43.49,0.0
2006-04-17,16.6,16.6,0.0,34.15,34.15,0.0,50.5,50.5,0.0
2006-04-18,12.55,12.55,0.0,31.61,31.61,0.0,44.02,44.02,0.0
2006-04-19,11.29,11.29,0.0,24.34,24.34,0.0,35.53,35.53,0.0
2006-04-20,13.09,13.09,0.0,25.33,25.33,0.0,38.31,38.31,0.0
2006-04-21,16.39,16.39,0.0,31.91,31.91,0.0,48.53,48.53,0.0
2006-04-22,18.32,18.32,0.0,35.95,35.95,0.0,54.54,54.54,0.0
2006-04-23,17.15,17.15,0.0,35.36,35.36,0.0,52.94,52.94,0.0
2006-04-24,13.71,13.71,0.0,29.33,29.33,0.0,43.96,43.96,0.0
2006-04-25,13.04,13.04,0.0,26.77,26.77,0.0,39.97,39.97,0.0
2006-04-26,13.74,13.74,0.0,28.86,28.86,0.0,42.67,42.67,0.0
2006-04-27,13.86,13.86,0.0,29.64,29.64,0.0,43.62,43.62,0.0
2006-04-28,12.98,12.98,0.0,28.53,28.53,0.0,41.97,41.97,0.0
2006-04-29,11.67,11.67,0.0,25.64,25.64,0.0,37.09,37.09,0.0
2006-04-30,11.39,11.39,0.0,23.29,23.29,0.0,34.81,34.81,0.0
2006-05-01,11.58,11.58,0.0,24.33,24.33,0.0,35.98,35.98,0.0
2006-05-02,11.47,11.47,0.0,24.5,24.5,0.0,36.02,36.02,0.0
2006-05-03,10.27,10.27,0.0,24.72,24.72,0.0,35.37,35.37,0.0
2006-05-04,9.989,9.989,0.0,23.52,23.52,0.0,33.33,33.33,0.0
2006-05-05,9.78,9.78,0.0,19.54,19.54,0.0,29.32,29.32,0.0
2006-05-06,9.764,9.764,0.0,20.55,20.55,0.0,30.29,30.29,0.0
2006-05-07,10.24,10.24,0.0,21.96,21.96,0.0,32.2,32.2,0.0
2006-05-08,10.05,10.05,0.0,21.72,21.72,0.0,31.66,31.66,0.0
2006-05-09,8.833,8.833,0.0,21.25,21.25,0.0,30.22,30.22,0.0
2006-05-10,9.546,9.546,0.0,19.95,19.95,0.0,29.73,29.73,0.0
2006-05-11,10.39,10.39,0.0,22.89,22.89,0.0,33.06,33.06,0.0
2006-05-12,10.08,10.08,0.0,21.67,21.67,0.0,31.52,31.52,0.0
2006-05-13,9.803,9.803,0.0,20.73,20.73,0.0,30.76,30.76,0.0
2006-05-14,11.79,11.79,0.0,24.7,24.7,0.0,37.22,37.22,0.0
2006-05-15,12.33,12.33,0.0,25.21,25.21,0.0,38.1,38.1,0.0
2006-05-16,12.17,12.17,0.0,25.24,25.24,0.0,38.04,38.04,0.0
2006-05-17,9.459,9.459,0.0,24.87,24.87,0.0,35.74,35.74,0.0
2006-05-18,9.788,9.788,0.0,22.65,22.65,0.0,32.77,32.77,0.0
2006-05-19,10.2,10.2,0.0,22.76,22.76,0.0,33.47,33.47,0.0
2006-05-20,10.05,10.05,0.0,22.42,22.42,0.0,32.9,32.9,0.0
2006-05-21,9.827,9.827,0.0,22.97,22.97,0.0,33.23,33.23,0.0
2006-05-22,8.144,8.144,0.0,22.07,22.07,0.0,30.54,30.54,0.0
2006-05-23,8.477,8.477,0.0,20.05,20.05,0.0,28.82,28.82,0.0
2006-05-24,8.257,8.257,0.0,18.56,18.56,0.0,27.25,27.25,0.0
2006-05-25,8.224,8.224,0.0,19.17,19.17,0.0,27.76,27.76,0.0
2006-05-26,7.707,7.707,0.0,21.08,21.08,0.0,29.72,29.72,0.0
2006-05-27,7.655,7.655,0.0,20.56,20.56,0.0,28.23,28.23,0.0
2006-05-28,7.293,7.293,0.0,19.04,19.04,0.0,26.49,26.49,0.0
2006-05-29,7.063,7.063,0.0,16.41,16.41,0.0,23.75,23.75,0.0
2006-05-30,7.027,7.027,0.0,17.2,17.2,0.0,24.46,24.46,0.0
2006-05-31,8.971,8.971,0.0,19.11,19.11,0.0,28.25,28.25,0.0
2006-06-01,10.62,10.62,0.0,19.96,19.96,0.0,30.05,30.05,0.0
2006-06-02,11.65,11.65,0.0,22.35,22.35,0.0,33.87,33.87,0.0
2006-06-03,11.17,11.17,0.0,21.89,21.89,0.0,32.85,32.85,0.0
2006-06-04,10.01,10.01,0.0,21.77,21.77,0.0,32.07,32.07,0.0
2006-06-05,8.261,8.261,0.0,20.68,20.68,0.0,29.17,29.17,0.0
2006-06-06,8.564,8.564,0.0,18.73,18.73,0.0,27.17,27.17,0.0
2006-06-07,8.817,8.817,0.0,19.18,19.18,0.0,27.88,27.88,0.0
2006-06-08,8.648,8.648,0.0,19.97,19.97,0.0,28.73,28.73,0.0
2006-06-09,8.045,8.045,0.0,19.65,19.65,0.0,27.76,27.76,0.0
2006-06-10,7.63,7.63,0.0,16.87,16.87,0.0,24.42,24.42,0.0
2006-06-11,7.266,7.266,0.0,16.39,16.39,0.0,23.75,23.75,0.0
2006-06-12,7.275,7.275,0.0,16.67,16.67,0.0,23.86,23.86,0.0
2006-06-13,7.209,7.209,0.0,16.72,16.72,0.0,23.83,23.83,0.0
2006-06-14,6.632,6.632,0.0,16.43,16.43,0.0,23.1,23.1,0.0
2006-06-15,6.391,6.391,0.0,14.88,14.88,0.0,21.19,21.19,0.0
2006-06-16,6.188,6.188,0.0,13.77,13.77,0.0,19.78,19.78,0.0
2006-06-17,6.013,6.013,0.0,13.75,13.75,0.0,19.69,19.69,0.0
2006-06-18,5.878,5.878,0.0,13.77,13.77,0.0,19.58,19.58,0.0
2006-06-19,5.884,5.884,0.0,13.77,13.77,0.0,19.57,19.57,0.0
2006-06-20,5.288,5.288,0.0,12.8,12.8,0.0,18.06,18.06,0.0
2006-06-21,5.304,5.304,0.0,11.27,11.27,0.0,16.48,16.48,0.0
2006-06-22,5.061,5.061,0.0,11.88,11.88,0.0,17.01,17.01,0.0
2006-06-23,5.199,5.199,0.0,12.04,12.04,0.0,17.26,17.26,0.0
2006-06-24,7.697,7.697,0.0,14.56,14.56,0.0,21.91,21.91,0.0
2006-06-25,10.66,10.66,0.0,21.81,21.81,0.0,32.54,32.54,0.0
2006-06-26,15.8,15.8,0.0,25.72,25.72,0.0,39.67,39.67,0.0
2006-06-27,17.94,17.94,0.0,28.43,28.43,0.0,44.31,44.31,0.0
2006-06-28,14.9,14.9,0.0,27.18,27.18,0.0,41.25,41.25,0.0
2006-06-29,14.22,14.22,0.0,26.44,26.44,0.0,39.79,39.79,0.0
2006-06-30,11.23,11.23,0.0,22.0,22.0,0.0,32.65,32.65,0.0
2006-07-01,10.25,10.25,0.0,19.17,19.17,0.0,29.07,29.07,0.0
2006-07-02,10.86,10.86,0.0,21.13,21.13,0.0,31.65,31.65,0.0
2006-07-03,10.98,10.98,0.0,21.41,21.41,0.0,31.83,31.83,0.0
2006-07-04,10.71,10.71,0.0,20.62,20.62,0.0,31.16,31.16,0.0
2006-07-05,9.895,9.895,0.0,22.33,22.33,0.0,33.01,33.01,0.0
2006-07-06,9.621,9.621,0.0,20.28,20.28,0.0,29.29,29.29,0.0
2006-07-07,9.474,9.474,0.0,19.45,19.45,0.0,28.54,28.54,0.0
2006-07-08,9.445,9.445,0.0,19.86,19.86,0.0,28.94,28.94,0.0
2006-07-09,9.259,9.259,0.0,19.71,19.71,0.0,28.61,28.61,0.0
2006-07-10,7.944,7.944,0.0,17.49,17.49,0.0,25.55,25.55,0.0
2006-07-11,7.987,7.987,0.0,16.05,16.05,0.0,23.64,23.64,0.0
2006-07-12,8.264,8.264,0.0,17.73,17.73,0.0,26.15,26.15,0.0
2006-07-13,8.668,8.668,0.0,20.41,20.41,0.0,29.72,29.72,0.0
2006-07-14,7.844,7.844,0.0,19.34,19.34,0.0,27.42,27.42,0.0
2006-07-15,7.309,7.309,0.0,18.58,18.58,0.0,26.37,26.37,0.0
2006-07-16,7.206,7.206,0.0,16.48,16.48,0.0,23.67,23.67,0.0
2006-07-17,7.82,7.82,0.0,15.73,15.73,0.0,23.84,23.84,0.0
2006-07-18,8.018,8.018,0.0,16.49,16.49,0.0,24.83,24.83,0.0
2006-07-19,8.496,8.496,0.0,16.55,16.55,0.0,24.92,24.92,0.0
2006-07-20,8.215,8.215,0.0,16.28,16.28,0.0,24.44,24.44,0.0
2006-07-21,7.914,7.914,0.0,15.15,15.15,0.0,23.01,23.01,0.0
2006-07-22,7.886,7.886,0.0,14.11,14.11,0.0,21.45,21.45,0.0
2006-07-23,6.987,6.987,0.0,13.72,13.72,0.0,20.54,20.54,0.0
2006-07-24,7.1,7.1,0.0,13.75,13.75,0.0,20.58,20.58,0.0
2006-07-25,6.785,6.785,0.0,13.63,13.63,0.0,20.24,20.24,0.0
2006-07-26,6.704,6.704,0.0,12.56,12.56,0.0,18.74,18.74,0.0
2006-07-27,6.29,6.29,0.0,11.45,11.45,0.0,17.45,17.45,0.0
2006-07-28,5.956,5.956,0.0,11.65,11.65,0.0,17.44,17.44,0.0
2006-07-29,5.968,5.968,0.0,11.57,11.57,0.0,17.29,17.29,0.0
2006-07-30,5.762,5.762,0.0,11.01,11.01,0.0,16.51,16.51,0.0
2006-07-31,5.571,5.571,0.0,10.84,10.84,0.0,15.99,15.99,0.0
2006-08-01,5.239,5.239,0.0,10.01,10.01,0.0,15.0,15.0,0.0
2006-08-02,4.972,4.972,0.0,9.646,9.646,0.0,14.47,14.47,0.0
2006-08-03,4.897,4.897,0.0,9.595,9.595,0.0,14.29,14.29,0.0
2006-08-04,4.767,4.767,0.0,9.185,9.185,0.0,13.75,13.75,0.0
2006-08-05,4.671,4.671,0.0,8.961,8.961,0.0,13.41,13.41,0.0
2006-08-06,4.561,4.561,0.0,8.747,8.747,0.0,13.13,13.13,0.0
2006-08-07,4.192,4.192,0.0,8.316,8.316,0.0,12.44,12.44,0.0
2006-08-08,4.154,4.154,0.0,8.287,8.287,0.0,12.36,12.36,0.0
2006-08-09,4.133,4.133,0.0,8.258,8.258,0.0,12.43,12.43,0.0
2006-08-10,3.977,3.977,0.0,7.898,7.898,0.0,11.78,11.78,0.0
2006-08-11,3.682,3.682,0.0,7.388,7.388,0.0,10.84,10.84,0.0
2006-08-12,3.562,3.562,0.0,7.065,7.065,0.0,10.44,10.44,0.0
2006-08-13,3.308,3.308,0.0,6.708,6.708,0.0,9.928,9.928,0.0
2006-08-14,3.277,3.277,0.0,6.502,6.502,0.0,9.655,9.655,0.0
2006-08-15,3.195,3.195,0.0,6.344,6.344,0.0,9.383,9.383,0.0
2006-08-16,3.042,3.042,0.0,6.075,6.075,0.0,8.932,8.932,0.0
2006-08-17,2.829,2.829,0.0,5.855,5.855,0.0,8.587,8.587,0.0
2006-08-18,2.789,2.789,0.0,5.567,5.567,0.0,8.236,8.236,0.0
2006-08-19,2.774,2.774,0.0,5.587,5.587,0.0,8.332,8.332,0.0
2006-08-20,2.601,2.601,0.0,5.271,5.271,0.0,7.734,7.734,0.0
2006-08-21,2.453,2.453,0.0,5.031,5.031,0.0,7.38,7.38,0.0
2006-08-22,2.389,2.389,0.0,4.822,4.822,0.0,7.105,7.105,0.0
2006-08-23,2.312,2.312,0.0,4.699,4.699,0.0,6.907,6.907,0.0
2006-08-24,2.233,2.233,0.0,4.503,4.503,0.0,6.626,6.626,0.0
2006-08-25,2.131,2.131,0.0,4.337,4.337,0.0,6.379,6.379,0.0
2006-08-26,2.235,2.235,0.0,4.683,4.683,0.0,7.056,7.056,0.0
2006-08-27,2.487,2.487,0.0,5.474,5.474,0.0,8.469,8.469,0.0
2006-08-28,2.699,2.699,0.0,5.803,5.803,0.0,8.881,8.881,0.0
2006-08-29,3.476,3.476,0.0,5.737,5.737,0.0,9.328,9.328,0.0
2006-08-30,3.816,3.816,0.0,6.06,6.06,0.0,9.922,9.922,0.0
2006-08-31,4.423,4.423,0.0,6.445,6.445,0.0,10.83,10.83,0.0
2006-09-01,5.314,5.314,0.0,8.597,8.597,0.0,14.46,14.46,0.0
2006-09-02,5.628,5.628,0.0,7.993,7.993,0.0,13.69,13.69,0.0
2006-09-03,7.747,7.747,0.0,8.827,8.827,0.0,16.36,16.36,0.0
2006-09-04,8.928,8.928,0.0,10.56,10.56,0.0,19.19,19.19,0.0
2006-09-05,10.76,10.76,0.0,12.1,12.1,0.0,22.33,22.33,0.0
2006-09-06,11.13,11.13,0.0,11.81,11.81,0.0,22.24,22.24,0.0
2006-09-07,10.83,10.83,0.0,11.4,11.4,0.0,21.46,21.46,0.0
2006-09-08,10.35,10.35,0.0,11.11,11.11,0.0,20.76,20.76,0.0
2006-09-09,8.62,8.62,0.0,10.76,10.76,0.0,19.06,19.06,0.0
2006-09-10,8.246,8.246,0.0,8.992,8.992,0.0,16.74,16.74,0.0
2006-09-11,8.359,8.359,0.0,9.246,9.246,0.0,17.09,17.09,0.0
2006-09-12,8.325,8.325,0.0,9.417,9.417,0.0,17.29,17.29,0.0
2006-09-13,7.695,7.695,0.0,9.239,9.239,0.0,16.63,16.63,0.0
2006-09-14,7.614,7.614,0.0,8.524,8.524,0.0,15.66,15.66,0.0
2006-09-15,7.115,7.115,0.0,7.882,7.882,0.0,14.54,14.54,0.0
2006-09-16,7.034,7.034,0.0,7.906,7.906,0.0,14.48,14.48,0.0
2006-09-17,6.891,6.891,0.0,7.788,7.788,0.0,14.21,14.21,0.0
2006-09-18,6.546,6.546,0.0,7.612,7.612,0.0,13.79,13.79,0.0
2006-09-19,6.287,6.287,0.0,6.955,6.955,0.0,12.86,12.86,0.0
2006-09-20,6.14,6.14,0.0,6.764,6.764,0.0,12.47,12.47,0.0
2006-09-21,5.706,5.706,0.0,6.678,6.678,0.0,11.99,11.99,0.0
2006-09-22,5.711,5.711,0.0,6.711,6.711,0.0,12.09,12.09,0.0
2006-09-23,5.336,5.336,0.0,6.309,6.309,0.0,11.37,11.37,0.0
2006-09-24,5.388,5.388,0.0,6.271,6.271,0.0,11.46,11.46,0.0
2006-09-25,5.11,5.11,0.0,5.84,5.84,0.0,10.58,10.58,0.0
2006-09-26,4.766,4.766,0.0,5.631,5.631,0.0,10.06,10.06,0.0
2006-09-27,4.628,4.628,0.0,5.454,5.454,0.0,9.782,9.782,0.0
2006-09-28,4.668,4.668,0.0,5.769,5.769,0.0,10.32,10.32,0.0
2006-09-29,4.637,4.637,0.0,5.436,5.436,0.0,9.865,9.865,0.0
2006-09-30,5.069,5.069,0.0,6.453,6.453,0.0,11.52,11.52,0.0
2006-10-01,4.617,4.617,0.0,5.504,5.504,0.0,9.795,9.795,0.0
2006-10-02,4.301,4.301,0.0,5.362,5.362,0.0,9.366,9.366,0.0
2006-10-03,4.181,4.181,0.0,5.161,5.161,0.0,9.068,9.068,0.0
2006-10-04,4.647,4.647,0.0,6.795,6.795,0.0,11.75,11.75,0.0
2006-10-05,5.469,5.469,0.0,8.405,8.405,0.0,14.27,14.27,0.0
2006-10-06,6.414,6.414,0.0,10.51,10.51,0.0,17.28,17.28,0.0
2006-10-07,6.311,6.311,0.0,10.42,10.42,0.0,16.81,16.81,0.0
2006-10-08,6.14,6.14,0.0,10.2,10.2,0.0,16.32,16.32,0.0
2006-10-09,5.942,5.942,0.0,9.985,9.985,0.0,15.9,15.9,0.0
2006-10-10,5.076,5.076,0.0,9.301,9.301,0.0,14.42,14.42,0.0
2006-10-11,5.079,5.079,0.0,7.935,7.935,0.0,13.15,13.15,0.0
2006-10-12,5.052,5.052,0.0,8.14,8.14,0.0,13.18,13.18,0.0
2006-10-13,4.942,4.942,0.0,8.209,8.209,0.0,13.1,13.1,0.0
2006-10-14,4.809,4.809,0.0,8.129,8.129,0.0,12.75,12.75,0.0
2006-10-15,4.272,4.272,0.0,6.902,6.902,0.0,11.21,11.21,0.0
2006-10-16,4.41,4.41,0.0,7.648,7.648,0.0,12.28,12.28,0.0
2006-10-17,5.381,5.381,0.0,11.01,11.01,0.0,16.85,16.85,0.0
2006-10-18,4.987,4.987,0.0,10.47,10.47,0.0,15.46,15.46,0.0
2006-10-19,4.905,4.905,0.0,10.57,10.57,0.0,15.48,15.48,0.0
2006-10-20,4.564,4.564,0.0,10.46,10.46,0.0,15.16,15.16,0.0
2006-10-21,4.395,4.395,0.0,8.407,8.407,0.0,12.64,12.64,0.0
2006-10-22,4.079,4.079,0.0,8.297,8.297,0.0,12.45,12.45,0.0
2006-10-23,4.105,4.105,0.0,8.66,8.66,0.0,12.82,12.82,0.0
2006-10-24,4.047,4.047,0.0,8.701,8.701,0.0,12.77,12.77,0.0
2006-10-25,3.804,3.804,0.0,8.625,8.625,0.0,12.33,12.33,0.0
2006-10-26,3.848,3.848,0.0,8.629,8.629,0.0,12.72,12.72,0.0
2006-10-27,6.772,6.772,0.0,12.79,12.79,0.0,19.76,19.76,0.0
2006-10-28,7.922,7.922,0.0,13.54,13.54,0.0,21.22,21.22,0.0
2006-10-29,8.001,8.001,0.0,13.47,13.47,0.0,21.06,21.06,0.0
2006-10-30,7.843,7.843,0.0,11.68,11.68,0.0,19.1,19.1,0.0
2006-10-31,7.102,7.102,0.0,11.52,11.52,0.0,18.0,18.0,0.0
2006-11-01,7.677,7.677,0.0,12.76,12.76,0.0,20.01,20.01,0.0
2006-11-02,5.919,5.919,0.0,12.02,12.02,0.0,18.04,18.04,0.0
2006-11-03,6.148,6.148,0.0,11.67,11.67,0.0,17.79,17.79,0.0
2006-11-04,6.354,6.354,0.0,11.72,11.72,0.0,17.87,17.87,0.0
2006-11-05,6.216,6.216,0.0,10.07,10.07,0.0,15.76,15.76,0.0
2006-11-06,6.335,6.335,0.0,10.1,10.1,0.0,15.83,15.83,0.0
2006-11-07,7.917,7.917,0.0,11.72,11.72,0.0,19.0,19.0,0.0
2006-11-08,7.957,7.957,0.0,12.34,12.34,0.0,19.67,19.67,0.0
2006-11-09,6.96,6.96,0.0,11.94,11.94,0.0,18.47,18.47,0.0
2006-11-10,6.274,6.274,0.0,10.19,10.19,0.0,16.35,16.35,0.0
2006-11-11,8.156,8.156,0.0,13.21,13.21,0.0,21.21,21.21,0.0
2006-11-12,8.224,8.224,0.0,13.18,13.18,0.0,21.05,21.05,0.0
2006-11-13,7.905,7.905,0.0,13.1,13.1,0.0,20.24,20.24,0.0
2006-11-14,7.05,7.05,0.0,12.62,12.62,0.0,19.24,19.24,0.0
2006-11-15,10.61,10.61,0.0,16.47,16.47,0.0,26.73,26.73,0.0
2006-11-16,14.14,14.14,0.0,21.66,21.66,0.0,35.13,35.13,0.0
2006-11-17,13.61,13.61,0.0,21.22,21.22,0.0,34.21,34.21,0.0
2006-11-18,13.2,13.2,0.0,19.43,19.43,0.0,31.59,31.59,0.0
2006-11-19,10.75,10.75,0.0,16.14,16.14,0.0,26.53,26.53,0.0
2006-11-20,9.191,9.191,0.0,16.67,16.67,0.0,25.74,25.74,0.0
2006-11-21,10.06,10.06,0.0,16.56,16.56,0.0,26.16,26.16,0.0
2006-11-22,10.51,10.51,0.0,17.33,17.33,0.0,27.43,27.43,0.0
2006-11-23,10.41,10.41,0.0,15.37,15.37,0.0,25.81,25.81,0.0
2006-11-24,9.272,9.272,0.0,14.93,14.93,0.0,24.44,24.44,0.0
2006-11-25,8.282,8.282,0.0,14.4,14.4,0.0,22.56,22.56,0.0
2006-11-26,8.644,8.644,0.0,14.8,14.8,0.0,23.34,23.34,0.0
2006-11-27,8.659,8.659,0.0,14.77,14.77,0.0,23.36,23.36,0.0
2006-11-28,8.496,8.496,0.0,13.58,13.58,0.0,21.8,21.8,0.0
2006-11-29,7.394,7.394,0.0,14.3,14.3,0.0,21.85,21.85,0.0
2006-11-30,8.238,8.238,0.0,14.71,14.71,0.0,22.91,22.91,0.0
2006-12-01,8.723,8.723,0.0,16.14,16.14,0.0,24.82,24.82,0.0
2006-12-02,8.248,8.248,0.0,14.87,14.87,0.0,23.11,23.11,0.0
2006-12-03,8.15,8.15,0.0,14.37,14.37,0.0,22.44,22.44,0.0
2006-12-04,7.705,7.705,0.0,12.91,12.91,0.0,20.26,20.26,0.0
2006-12-05,6.754,6.754,0.0,13.14,13.14,0.0,19.81,19.81,0.0
2006-12-06,6.946,6.946,0.0,13.3,13.3,0.0,20.09,20.09,0.0
2006-12-07,6.975,6.975,0.0,12.22,12.22,0.0,19.1,19.1,0.0
2006-12-08,6.599,6.599,0.0,12.19,12.19,0.0,18.71,18.71,0.0
2006-12-09,6.038,6.038,0.0,11.62,11.62,0.0,17.56,17.56,0.0
2006-12-10,5.852,5.852,0.0,11.48,11.48,0.0,17.18,17.18,0.0
2006-12-11,5.898,5.898,0.0,11.21,11.21,0.0,16.95,16.95,0.0
2006-12-12,6.085,6.085,0.0,11.37,11.37,0.0,17.4,17.4,0.0
2006-12-13,6.046,6.046,0.0,10.42,10.42,0.0,16.31,16.31,0.0
2006-12-14,5.798,5.798,0.0,10.62,10.62,0.0,16.33,16.33,0.0
2006-12-15,5.273,5.273,0.0,10.74,10.74,0.0,15.91,15.91,0.0
2006-12-16,5.092,5.092,0.0,9.661,9.661,0.0,14.57,14.57,0.0
2006-12-17,5.15,5.15,0.0,9.862,9.862,0.0,14.83,14.83,0.0
2006-12-18,5.128,5.128,0.0,10.1,10.1,0.0,15.08,15.08,0.0
2006-12-19,4.849,4.849,0.0,9.916,9.916,0.0,14.65,14.65,0.0
2006-12-20,4.584,4.584,0.0,9.465,9.465,0.0,13.92,13.92,0.0
2006-12-21,5.822,5.822,0.0,10.49,10.49,0.0,16.04,16.04,0.0
2006-12-22,8.879,8.879,0.0,13.86,13.86,0.0,22.1,22.1,0.0
2006-12-23,8.77,8.77,0.0,13.57,13.57,0.0,21.46,21.46,0.0
2006-12-24,9.541,9.541,0.0,13.43,13.43,0.0,22.01,22.01,0.0
2006-12-25,10.53,10.53,0.0,12.9,12.9,0.0,22.49,22.49,0.0
2006-12-26,10.36,10.36,0.0,15.09,15.09,0.0,24.06,24.06,0.0
2006-12-27,7.944,7.944,0.0,13.79,13.79,0.0,20.92,20.92,0.0
2006-12-28,7.19,7.19,0.0,13.06,13.06,0.0,19.99,19.99,0.0
2006-12-29,7.851,7.851,0.0,13.55,13.55,0.0,20.81,20.81,0.0
2006-12-30,8.833,8.833,0.0,13.54,13.54,0.0,21.52,21.52,0.0
2006-12-31,11.51,11.51,0.0,14.53,14.53,0.0,24.83,24.83,0.0
2007-01-01,11.72,11.72,0.0,14.74,14.74,0.0,25.13,25.13,0.0
2007-01-02,10.62,10.62,0.0,14.64,14.64,0.0,23.54,23.54,0.0
2007-01-03,8.205,8.205,0.0,13.37,13.37,0.0,20.98,20.98,0.0
2007-01-04,10.78,10.78,0.0,14.61,14.61,0.0,23.97,23.97,0.0
2007-01-05,12.46,12.46,0.0,16.5,16.5,0.0,27.22,27.22,0.0
2007-01-06,12.32,12.32,0.0,16.6,16.6,0.0,27.18,27.18,0.0
2007-01-07,14.94,14.94,0.0,19.59,19.59,0.0,32.55,32.55,0.0
2007-01-08,14.31,14.31,0.0,19.72,19.72,0.0,32.4,32.4,0.0
2007-01-09,13.09,13.09,0.0,15.49,15.49,0.0,27.3,27.3,0.0
2007-01-10,10.07,10.07,0.0,15.72,15.72,0.0,24.82,24.82,0.0
2007-01-11,11.32,11.32,0.0,16.24,16.24,0.0,26.31,26.31,0.0
2007-01-12,11.87,11.87,0.0,19.8,19.8,0.0,30.61,30.61,0.0
2007-01-13,11.91,11.91,0.0,20.38,20.38,0.0,31.05,31.05,0.0
2007-01-14,9.204,9.204,0.0,21.04,21.04,0.0,30.09,30.09,0.0
2007-01-15,10.02,10.02,0.0,21.49,21.49,0.0,30.76,30.76,0.0
2007-01-16,10.33,10.33,0.0,15.81,15.81,0.0,24.91,24.91,0.0
2007-01-17,10.2,10.2,0.0,17.11,17.11,0.0,26.1,26.1,0.0
2007-01-18,9.697,9.697,0.0,18.24,18.24,0.0,26.74,26.74,0.0
2007-01-19,8.975,8.975,0.0,18.56,18.56,0.0,26.69,26.69,0.0
2007-01-20,8.318,8.318,0.0,18.18,18.18,0.0,25.95,25.95,0.0
2007-01-21,8.56,8.56,0.0,13.89,13.89,0.0,21.61,21.61,0.0
2007-01-22,8.459,8.459,0.0,15.13,15.13,0.0,22.71,22.71,0.0
2007-01-23,8.098,8.098,0.0,15.37,15.37,0.0,22.48,22.48,0.0
2007-01-24,7.146,7.146,0.0,15.19,15.19,0.0,21.7,21.7,0.0
2007-01-25,7.164,7.164,0.0,14.29,14.29,0.0,20.93,20.93,0.0
2007-01-26,7.135,7.135,0.0,12.13,12.13,0.0,18.39,18.39,0.0
2007-01-27,8.883,8.883,0.0,17.56,17.56,0.0,25.46,25.46,0.0
2007-01-28,7.03,7.03,0.0,13.71,13.71,0.0,20.18,20.18,0.0
2007-01-29,6.069,6.069,0.0,12.7,12.7,0.0,18.21,18.21,0.0
2007-01-30,6.239,6.239,0.0,11.87,11.87,0.0,17.53,17.53,0.0
2007-01-31,5.901,5.901,0.0,10.42,10.42,0.0,15.6,15.6,0.0
2007-02-01,5.854,5.854,0.0,10.27,10.27,0.0,15.42,15.42,0.0
2007-02-02,5.673,5.673,0.0,10.5,10.5,0.0,15.63,15.63,0.0
2007-02-03,5.324,5.324,0.0,10.22,10.22,0.0,15.03,15.03,0.0
2007-02-04,5.11,5.11,0.0,9.774,9.774,0.0,14.31,14.31,0.0
2007-02-05,5.066,5.066,0.0,8.538,8.538,0.0,12.92,12.92,0.0
2007-02-06,4.931,4.931,0.0,8.89,8.89,0.0,13.41,13.41,0.0
2007-02-07,4.772,4.772,0.0,8.502,8.502,0.0,12.72,12.72,0.0
2007-02-08,4.52,4.52,0.0,8.295,8.295,0.0,12.34,12.34,0.0
2007-02-09,4.361,4.361,0.0,8.046,8.046,0.0,11.86,11.86,0.0
2007-02-10,4.136,4.136,0.0,7.375,7.375,0.0,10.99,10.99,0.0
2007-02-11,4.126,4.126,0.0,7.15,7.15,0.0,10.77,10.77,0.0
2007-02-12,4.0,4.0,0.0,7.316,7.316,0.0,11.0,11.0,0.0
2007-02-13,3.997,3.997,0.0,7.55,7.55,0.0,11.46,11.46,0.0
2007-02-14,3.803,3.803,0.0,7.132,7.132,0.0,10.74,10.74,0.0
2007-02-15,3.701,3.701,0.0,6.661,6.661,0.0,9.925,9.925,0.0
2007-02-16,3.411,3.411,0.0,6.045,6.045,0.0,9.025,9.025,0.0
2007-02-17,3.494,3.494,0.0,6.138,6.138,0.0,9.348,9.348,0.0
2007-02-18,3.264,3.264,0.0,6.055,6.055,0.0,9.12,9.12,0.0
2007-02-19,3.1,3.1,0.0,6.022,6.022,0.0,9.106,9.106,0.0
2007-02-20,9.704,9.704,0.0,20.27,20.27,0.0,31.34,31.34,0.0
2007-02-21,18.75,18.75,0.0,28.86,28.86,0.0,48.65,48.65,0.0
2007-02-22,7.645,7.645,0.0,16.63,16.63,0.0,25.83,25.83,0.0
2007-02-23,3.934,3.934,0.0,7.528,7.528,0.0,11.62,11.62,0.0
2007-02-24,3.856,3.856,0.0,7.876,7.876,0.0,12.4,12.4,0.0
2007-02-25,4.147,4.147,0.0,8.411,8.411,0.0,13.05,13.05,0.0
2007-02-26,6.584,6.584,0.0,10.82,10.82,0.0,18.51,18.51,0.0
2007-02-27,8.341,8.341,0.0,11.22,11.22,0.0,20.71,20.71,0.0
2007-02-28,8.842,8.842,0.0,13.7,13.7,0.0,21.99,21.99,0.0
2007-03-01,27.94,27.94,0.0,47.88,47.88,0.0,73.61,73.61,0.0
2007-03-02,15.62,15.62,0.0,36.69,36.69,0.0,53.83,53.83,0.0
2007-03-03,14.53,14.53,0.0,29.35,29.35,0.0,44.89,44.89,0.0
2007-03-04,13.64,13.64,0.0,23.61,23.61,0.0,37.21,37.21,0.0
2007-03-05,9.352,9.352,0.0,15.89,15.89,0.0,25.0,25.0,0.0
2007-03-06,8.261,8.261,0.0,16.17,16.17,0.0,25.12,25.12,0.0
2007-03-07,10.44,10.44,0.0,17.76,17.76,0.0,28.27,28.27,0.0
2007-03-08,11.44,11.44,0.0,16.57,16.57,0.0,27.87,27.87,0.0
2007-03-09,14.47,14.47,0.0,26.29,26.29,0.0,39.09,39.09,0.0
2007-03-10,16.85,16.85,0.0,54.04,54.04,0.0,69.91,69.91,0.0
2007-03-11,16.55,16.55,0.0,36.95,36.95,0.0,52.77,52.77,0.0
2007-03-12,14.45,14.45,0.0,30.13,30.13,0.0,45.08,45.08,0.0
2007-03-13,15.14,15.14,0.0,29.56,29.56,0.0,43.65,43.65,0.0
2007-03-14,13.12,13.12,0.0,34.38,34.38,0.0,48.24,48.24,0.0
2007-03-15,19.36,19.36,0.0,46.59,46.59,0.0,65.95,65.95,0.0
2007-03-16,22.2,22.2,0.0,41.26,41.26,0.0,62.03,62.03,0.0
2007-03-17,21.08,21.08,0.0,41.39,41.39,0.0,61.88,61.88,0.0
2007-03-18,19.32,19.32,0.0,31.82,31.82,0.0,50.61,50.61,0.0
2007-03-19,16.95,16.95,0.0,38.31,38.31,0.0,55.58,55.58,0.0
2007-03-20,16.23,16.23,0.0,38.9,38.9,0.0,55.87,55.87,0.0
2007-03-21,17.06,17.06,0.0,39.24,39.24,0.0,56.6,56.6,0.0
2007-03-22,17.22,17.22,0.0,37.27,37.27,0.0,53.84,53.84,0.0
2007-03-23,15.11,15.11,0.0,36.21,36.21,0.0,51.16,51.16,0.0
2007-03-24,14.27,14.27,0.0,37.73,37.73,0.0,52.7,52.7,0.0
2007-03-25,14.75,14.75,0.0,35.93,35.93,0.0,51.0,51.0,0.0
2007-03-26,14.77,14.77,0.0,36.84,36.84,0.0,51.81,51.81,0.0
2007-03-27,14.49,14.49,0.0,33.99,33.99,0.0,48.04,48.04,0.0
2007-03-28,19.58,19.58,0.0,37.67,37.67,0.0,55.01,55.01,0.0
2007-03-29,18.41,18.41,0.0,34.92,34.92,0.0,51.49,51.49,0.0
2007-03-30,17.34,17.34,0.0,34.11,34.11,0.0,49.49,49.49,0.0
2007-03-31,13.86,13.86,0.0,32.22,32.22,0.0,45.9,45.9,0.0
2007-04-01,15.82,15.82,0.0,32.7,32.7,0.0,47.46,47.46,0.0
2007-04-02,16.05,16.05,0.0,33.19,33.19,0.0,47.99,47.99,0.0
2007-04-03,15.93,15.93,0.0,32.3,32.3,0.0,47.0,47.0,0.0
2007-04-04,14.59,14.59,0.0,30.01,30.01,0.0,43.23,43.23,0.0
2007-04-05,12.77,12.77,0.0,28.7,28.7,0.0,41.09,41.09,0.0
2007-04-06,13.3,13.3,0.0,27.82,27.82,0.0,40.45,40.45,0.0
2007-04-07,13.37,13.37,0.0,28.23,28.23,0.0,40.51,40.51,0.0
2007-04-08,13.1,13.1,0.0,27.11,27.11,0.0,39.18,39.18,0.0
2007-04-09,11.25,11.25,0.0,25.63,25.63,0.0,36.24,36.24,0.0
2007-04-10,11.97,11.97,0.0,26.39,26.39,0.0,37.63,37.63,0.0
2007-04-11,14.93,14.93,0.0,28.03,28.03,0.0,41.83,41.83,0.0
2007-04-12,14.85,14.85,0.0,28.86,28.86,0.0,42.65,42.65,0.0
2007-04-13,16.37,16.37,0.0,29.16,29.16,0.0,44.23,44.23,0.0
2007-04-14,27.57,27.57,0.0,45.68,45.68,0.0,72.75,72.75,0.0
2007-04-15,28.81,28.81,0.0,47.82,47.82,0.0,75.85,75.85,0.0
2007-04-16,25.15,25.15,0.0,47.82,47.82,0.0,73.94,73.94,0.0
2007-04-17,20.16,20.16,0.0,46.9,46.9,0.0,67.86,67.86,0.0
2007-04-18,17.64,17.64,0.0,34.29,34.29,0.0,52.03,52.03,0.0
2007-04-19,18.89,18.89,0.0,36.03,36.03,0.0,54.83,54.83,0.0
2007-04-20,19.19,19.19,0.0,38.28,38.28,0.0,57.43,57.43,0.0
2007-04-21,18.91,18.91,0.0,38.63,38.63,0.0,57.53,57.53,0.0
2007-04-22,15.02,15.02,0.0,36.74,36.74,0.0,51.84,51.84,0.0
2007-04-23,15.97,15.97,0.0,30.72,30.72,0.0,46.54,46.54,0.0
2007-04-24,16.16,16.16,0.0,31.38,31.38,0.0,47.37,47.37,0.0
2007-04-25,16.09,16.09,0.0,32.2,32.2,0.0,48.12,48.12,0.0
2007-04-26,16.95,16.95,0.0,34.42,34.42,0.0,51.55,51.55,0.0
2007-04-27,16.57,16.57,0.0,34.03,34.03,0.0,50.57,50.57,0.0
2007-04-28,13.76,13.76,0.0,30.62,30.62,0.0,44.2,44.2,0.0
2007-04-29,13.91,13.91,0.0,27.57,27.57,0.0,41.35,41.35,0.0
2007-04-30,14.2,14.2,0.0,28.78,28.78,0.0,42.89,42.89,0.0
2007-05-01,14.07,14.07,0.0,29.31,29.31,0.0,43.44,43.44,0.0
2007-05-02,13.62,13.62,0.0,28.91,28.91,0.0,42.58,42.58,0.0
2007-05-03,14.07,14.07,0.0,27.26,27.26,0.0,40.37,40.37,0.0
2007-05-04,12.33,12.33,0.0,24.91,24.91,0.0,36.83,36.83,0.0
2007-05-05,12.93,12.93,0.0,25.79,25.79,0.0,38.16,38.16,0.0
2007-05-06,13.06,13.06,0.0,25.02,25.02,0.0,37.3,37.3,0.0
2007-05-07,12.91,12.91,0.0,24.93,24.93,0.0,37.0,37.0,0.0
2007-05-08,12.31,12.31,0.0,23.13,23.13,0.0,34.09,34.09,0.0
2007-05-09,10.79,10.79,0.0,21.9,21.9,0.0,32.2,32.2,0.0
2007-05-10,10.74,10.74,0.0,21.69,21.69,0.0,31.9,31.9,0.0
2007-05-11,10.8,10.8,0.0,20.94,20.94,0.0,31.07,31.07,0.0
2007-05-12,11.17,11.17,0.0,22.29,22.29,0.0,33.54,33.54,0.0
2007-05-13,10.74,10.74,0.0,21.51,21.51,0.0,32.12,32.12,0.0
2007-05-14,9.961,9.961,0.0,19.86,19.86,0.0,29.72,29.72,0.0
2007-05-15,9.184,9.184,0.0,18.7,18.7,0.0,27.56,27.56,0.0
2007-05-16,9.425,9.425,0.0,21.07,21.07,0.0,30.88,30.88,0.0
2007-05-17,10.05,10.05,0.0,22.93,22.93,0.0,33.7,33.7,0.0
2007-05-18,11.5,11.5,0.0,27.28,27.28,0.0,40.08,40.08,0.0
2007-05-19,11.11,11.11,0.0,25.82,25.82,0.0,37.89,37.89,0.0
2007-05-20,10.86,10.86,0.0,25.08,25.08,0.0,36.84,36.84,0.0
2007-05-21,9.24,9.24,0.0,24.85,24.85,0.0,35.0,35.0,0.0
2007-05-22,8.78,8.78,0.0,20.03,20.03,0.0,29.34,29.34,0.0
2007-05-23,9.028,9.028,0.0,21.25,21.25,0.0,30.65,30.65,0.0
2007-05-24,8.991,8.991,0.0,21.58,21.58,0.0,31.04,31.04,0.0
2007-05-25,8.807,8.807,0.0,20.3,20.3,0.0,29.59,29.59,0.0
2007-05-26,7.849,7.849,0.0,18.21,18.21,0.0,26.47,26.47,0.0
2007-05-27,7.643,7.643,0.0,18.1,18.1,0.0,26.27,26.27,0.0
2007-05-28,7.489,7.489,0.0,18.35,18.35,0.0,26.19,26.19,0.0
2007-05-29,7.481,7.481,0.0,18.17,18.17,0.0,25.98,25.98,0.0
2007-05-30,7.387,7.387,0.0,17.03,17.03,0.0,24.73,24.73,0.0
2007-05-31,7.208,7.208,0.0,15.85,15.85,0.0,23.24,23.24,0.0
2007-06-01,8.379,8.379,0.0,15.88,15.88,0.0,24.01,24.01,0.0
2007-06-02,8.843,8.843,0.0,16.36,16.36,0.0,24.69,24.69,0.0
2007-06-03,11.86,11.86,0.0,18.02,18.02,0.0,28.97,28.97,0.0
2007-06-04,11.09,11.09,0.0,17.12,17.12,0.0,27.34,27.34,0.0
2007-06-05,10.81,10.81,0.0,16.38,16.38,0.0,26.46,26.46,0.0
2007-06-06,8.15,8.15,0.0,15.55,15.55,0.0,24.0,24.0,0.0
2007-06-07,8.405,8.405,0.0,14.17,14.17,0.0,21.95,21.95,0.0
2007-06-08,8.814,8.814,0.0,14.67,14.67,0.0,22.85,22.85,0.0
2007-06-09,8.68,8.68,0.0,14.0,14.0,0.0,21.94,21.94,0.0
2007-06-10,7.628,7.628,0.0,13.68,13.68,0.0,21.05,21.05,0.0
2007-06-11,7.475,7.475,0.0,12.99,12.99,0.0,19.84,19.84,0.0
2007-06-12,8.053,8.053,0.0,13.08,13.08,0.0,20.8,20.8,0.0
2007-06-13,7.872,7.872,0.0,12.55,12.55,0.0,19.66,19.66,0.0
2007-06-14,8.097,8.097,0.0,12.65,12.65,0.0,19.78,19.78,0.0
2007-06-15,7.573,7.573,0.0,12.42,12.42,0.0,19.22,19.22,0.0
2007-06-16,7.506,7.506,0.0,12.06,12.06,0.0,18.47,18.47,0.0
2007-06-17,6.314,6.314,0.0,11.36,11.36,0.0,17.22,17.22,0.0
2007-06-18,6.578,6.578,0.0,10.65,10.65,0.0,16.54,16.54,0.0
2007-06-19,7.114,7.114,0.0,11.54,11.54,0.0,18.19,18.19,0.0
2007-06-20,6.714,6.714,0.0,10.76,10.76,0.0,16.67,16.67,0.0
2007-06-21,6.083,6.083,0.0,10.75,10.75,0.0,16.49,16.49,0.0
2007-06-22,5.673,5.673,0.0,9.957,9.957,0.0,15.01,15.01,0.0
2007-06-23,5.788,5.788,0.0,9.146,9.146,0.0,14.25,14.25,0.0
2007-06-24,5.828,5.828,0.0,9.142,9.142,0.0,14.23,14.23,0.0
2007-06-25,5.769,5.769,0.0,9.156,9.156,0.0,14.17,14.17,0.0
2007-06-26,5.437,5.437,0.0,9.082,9.082,0.0,14.02,14.02,0.0
2007-06-27,5.623,5.623,0.0,9.21,9.21,0.0,14.4,14.4,0.0
2007-06-28,5.69,5.69,0.0,9.53,9.53,0.0,14.75,14.75,0.0
2007-06-29,5.698,5.698,0.0,9.402,9.402,0.0,14.51,14.51,0.0
2007-06-30,5.497,5.497,0.0,8.393,8.393,0.0,13.17,13.17,0.0
2007-07-01,5.364,5.364,0.0,8.38,8.38,0.0,13.04,13.04,0.0
2007-07-02,4.855,4.855,0.0,8.124,8.124,0.0,12.49,12.49,0.0
2007-07-03,4.753,4.753,0.0,7.82,7.82,0.0,12.03,12.03,0.0
2007-07-04,4.923,4.923,0.0,8.51,8.51,0.0,13.17,13.17,0.0
2007-07-05,5.324,5.324,0.0,10.09,10.09,0.0,15.71,15.71,0.0
2007-07-06,4.59,4.59,0.0,8.638,8.638,0.0,12.89,12.89,0.0
2007-07-07,4.528,4.528,0.0,8.446,8.446,0.0,12.61,12.61,0.0
2007-07-08,4.24,4.24,0.0,8.211,8.211,0.0,12.18,12.18,0.0
2007-07-09,4.15,4.15,0.0,8.004,8.004,0.0,11.84,11.84,0.0
2007-07-10,4.18,4.18,0.0,7.835,7.835,0.0,11.75,11.75,0.0
2007-07-11,4.233,4.233,0.0,8.301,8.301,0.0,12.39,12.39,0.0
2007-07-12,4.008,4.008,0.0,7.307,7.307,0.0,10.93,10.93,0.0
2007-07-13,3.968,3.968,0.0,7.367,7.367,0.0,11.01,11.01,0.0
2007-07-14,3.62,3.62,0.0,6.924,6.924,0.0,10.28,10.28,0.0
2007-07-15,3.818,3.818,0.0,8.024,8.024,0.0,12.04,12.04,0.0
2007-07-16,3.478,3.478,0.0,6.864,6.864,0.0,9.968,9.968,0.0
2007-07-17,3.413,3.413,0.0,6.929,6.929,0.0,10.12,10.12,0.0
2007-07-18,3.326,3.326,0.0,6.428,6.428,0.0,9.547,9.547,0.0
2007-07-19,3.47,3.47,0.0,7.4,7.4,0.0,10.85,10.85,0.0
2007-07-20,3.034,3.034,0.0,6.675,6.675,0.0,9.487,9.487,0.0
2007-07-21,2.906,2.906,0.0,6.285,6.285,0.0,8.887,8.887,0.0
2007-07-22,2.891,2.891,0.0,6.247,6.247,0.0,8.85,8.85,0.0
2007-07-23,2.758,2.758,0.0,5.867,5.867,0.0,8.389,8.389,0.0
2007-07-24,2.713,2.713,0.0,5.731,5.731,0.0,8.201,8.201,0.0
2007-07-25,2.604,2.604,0.0,5.792,5.792,0.0,8.262,8.262,0.0
2007-07-26,2.673,2.673,0.0,5.897,5.897,0.0,8.498,8.498,0.0
2007-07-27,2.922,2.922,0.0,6.253,6.253,0.0,9.171,9.171,0.0
2007-07-28,2.56,2.56,0.0,5.534,5.534,0.0,7.833,7.833,0.0
2007-07-29,2.702,2.702,0.0,5.739,5.739,0.0,8.404,8.404,0.0
2007-07-30,2.573,2.573,0.0,5.82,5.82,0.0,8.089,8.089,0.0
2007-07-31,2.412,2.412,0.0,5.82,5.82,0.0,7.98,7.98,0.0
2007-08-01,2.379,2.379,0.0,5.638,5.638,0.0,7.688,7.688,0.0
2007-08-02,2.581,2.581,0.0,6.524,6.524,0.0,9.275,9.275,0.0
2007-08-03,2.163,2.163,0.0,5.251,5.251,0.0,7.17,7.17,0.0
2007-08-04,2.078,2.078,0.0,4.832,4.832,0.0,6.681,6.681,0.0
2007-08-05,2.414,2.414,0.0,5.915,5.915,0.0,8.482,8.482,0.0
2007-08-06,2.149,2.149,0.0,5.335,5.335,0.0,7.349,7.349,0.0
2007-08-07,2.029,2.029,0.0,5.041,5.041,0.0,6.843,6.843,0.0
2007-08-08,2.133,2.133,0.0,5.505,5.505,0.0,7.752,7.752,0.0
2007-08-09,2.355,2.355,0.0,6.53,6.53,0.0,9.296,9.296,0.0
2007-08-10,2.065,2.065,0.0,5.84,5.84,0.0,8.104,8.104,0.0
2007-08-11,1.856,1.856,0.0,5.333,5.333,0.0,7.147,7.147,0.0
2007-08-12,1.807,1.807,0.0,5.164,5.164,0.0,6.926,6.926,0.0
2007-08-13,1.692,1.692,0.0,5.081,5.081,0.0,6.759,6.759,0.0
2007-08-14,1.654,1.654,0.0,4.901,4.901,0.0,6.532,6.532,0.0
2007-08-15,1.572,1.572,0.0,4.735,4.735,0.0,6.298,6.298,0.0
2007-08-16,1.931,1.931,0.0,5.231,5.231,0.0,7.448,7.448,0.0
2007-08-17,1.635,1.635,0.0,4.647,4.647,0.0,6.325,6.325,0.0
2007-08-18,1.566,1.566,0.0,4.392,4.392,0.0,5.954,5.954,0.0
2007-08-19,2.018,2.018,0.0,5.532,5.532,0.0,7.96,7.96,0.0
2007-08-20,2.583,2.583,0.0,7.189,7.189,0.0,10.35,10.35,0.0
2007-08-21,2.249,2.249,0.0,6.322,6.322,0.0,8.618,8.618,0.0
2007-08-22,2.156,2.156,0.0,5.942,5.942,0.0,8.109,8.109,0.0
2007-08-23,2.041,2.041,0.0,5.803,5.803,0.0,7.833,7.833,0.0
2007-08-24,1.981,1.981,0.0,5.661,5.661,0.0,7.626,7.626,0.0
2007-08-25,3.643,3.643,0.0,5.052,5.052,0.0,7.75,7.75,0.0
2007-08-26,2.795,2.795,0.0,5.114,5.114,0.0,7.385,7.385,0.0
2007-08-27,2.629,2.629,0.0,5.046,5.046,0.0,7.197,7.197,0.0
2007-08-28,2.533,2.533,0.0,4.738,4.738,0.0,6.816,6.816,0.0
2007-08-29,2.43,2.43,0.0,4.639,4.639,0.0,6.64,6.64,0.0
2007-08-30,2.501,2.501,0.0,4.733,4.733,0.0,7.01,7.01,0.0
2007-08-31,2.263,2.263,0.0,4.348,4.348,0.0,6.219,6.219,0.0
2007-09-01,2.194,2.194,0.0,4.273,4.273,0.0,6.083,6.083,0.0
2007-09-02,2.117,2.117,0.0,4.139,4.139,0.0,5.879,5.879,0.0
2007-09-03,2.032,2.032,0.0,3.722,3.722,0.0,5.398,5.398,0.0
2007-09-04,1.955,1.955,0.0,3.693,3.693,0.0,5.308,5.308,0.0
2007-09-05,1.891,1.891,0.0,3.651,3.651,0.0,5.212,5.212,0.0
2007-09-06,1.827,1.827,0.0,3.569,3.569,0.0,5.073,5.073,0.0
2007-09-07,1.764,1.764,0.0,3.432,3.432,0.0,4.885,4.885,0.0
2007-09-08,1.687,1.687,0.0,3.126,3.126,0.0,4.522,4.522,0.0
2007-09-09,1.702,1.702,0.0,3.107,3.107,0.0,4.52,4.52,0.0
2007-09-10,2.62,2.62,0.0,4.768,4.768,0.0,7.597,7.597,0.0
2007-09-11,2.83,2.83,0.0,4.871,4.871,0.0,7.62,7.62,0.0
2007-09-12,2.465,2.465,0.0,3.985,3.985,0.0,6.08,6.08,0.0
2007-09-13,2.421,2.421,0.0,3.834,3.834,0.0,5.894,5.894,0.0
2007-09-14,2.967,2.967,0.0,4.844,4.844,0.0,7.733,7.733,0.0
2007-09-15,2.636,2.636,0.0,4.122,4.122,0.0,6.402,6.402,0.0
2007-09-16,2.549,2.549,0.0,3.995,3.995,0.0,6.205,6.205,0.0
2007-09-17,2.463,2.463,0.0,3.867,3.867,0.0,6.005,6.005,0.0
2007-09-18,2.378,2.378,0.0,3.627,3.627,0.0,5.689,5.689,0.0
2007-09-19,2.294,2.294,0.0,3.543,3.543,0.0,5.536,5.536,0.0
2007-09-20,2.203,2.203,0.0,3.46,3.46,0.0,5.38,5.38,0.0
2007-09-21,2.131,2.131,0.0,3.363,3.363,0.0,5.219,5.219,0.0
2007-09-22,2.059,2.059,0.0,3.258,3.258,0.0,5.05,5.05,0.0
2007-09-23,1.988,1.988,0.0,3.152,3.152,0.0,4.882,4.882,0.0
2007-09-24,1.919,1.919,0.0,2.948,2.948,0.0,4.615,4.615,0.0
2007-09-25,1.85,1.85,0.0,2.882,2.882,0.0,4.491,4.491,0.0
2007-09-26,1.783,1.783,0.0,2.825,2.825,0.0,4.388,4.388,0.0
2007-09-27,1.94,1.94,0.0,3.395,3.395,0.0,5.421,5.421,0.0
2007-09-28,1.684,1.684,0.0,2.78,2.78,0.0,4.298,4.298,0.0
2007-09-29,1.627,1.627,0.0,2.662,2.662,0.0,4.128,4.128,0.0
2007-09-30,1.571,1.571,0.0,2.53,2.53,0.0,3.941,3.941,0.0
2007-10-01,1.515,1.515,0.0,2.467,2.467,0.0,3.83,3.83,0.0
2007-10-02,1.463,1.463,0.0,2.408,2.408,0.0,3.724,3.724,0.0
2007-10-03,1.402,1.402,0.0,2.339,2.339,0.0,3.605,3.605,0.0
2007-10-04,1.358,1.358,0.0,2.26,2.26,0.0,3.484,3.484,0.0
2007-10-05,1.312,1.312,0.0,2.177,2.177,0.0,3.36,3.36,0.0
2007-10-06,1.268,1.268,0.0,2.059,2.059,0.0,3.198,3.198,0.0
2007-10-07,1.223,1.223,0.0,2.01,2.01,0.0,3.11,3.11,0.0
2007-10-08,1.176,1.176,0.0,1.964,1.964,0.0,3.024,3.024,0.0
2007-10-09,1.353,1.353,0.0,2.855,2.855,0.0,4.379,4.379,0.0
2007-10-10,1.111,1.111,0.0,2.175,2.175,0.0,3.189,3.189,0.0
2007-10-11,1.142,1.142,0.0,2.326,2.326,0.0,3.463,3.463,0.0
2007-10-12,1.037,1.037,0.0,2.087,2.087,0.0,3.031,3.031,0.0
2007-10-13,1.0,1.0,0.0,1.958,1.958,0.0,2.869,2.869,0.0
2007-10-14,0.9663,0.9663,0.0,1.925,1.925,0.0,2.805,2.805,0.0
2007-10-15,0.9247,0.9247,0.0,1.875,1.875,0.0,2.722,2.722,0.0
2007-10-16,0.8965,0.8965,0.0,1.807,1.807,0.0,2.626,2.626,0.0
2007-10-17,0.8674,0.8674,0.0,1.759,1.759,0.0,2.55,2.55,0.0
2007-10-18,0.8398,0.8398,0.0,1.71,1.71,0.0,2.478,2.478,0.0
2007-10-19,0.9778,0.9778,0.0,2.134,2.134,0.0,3.266,3.266,0.0
2007-10-20,0.8044,0.8044,0.0,1.721,1.721,0.0,2.494,2.494,0.0
2007-10-21,0.7688,0.7688,0.0,1.679,1.679,0.0,2.422,2.422,0.0
2007-10-22,0.746,0.746,0.0,1.617,1.617,0.0,2.337,2.337,0.0
2007-10-23,1.509,1.509,0.0,3.844,3.844,0.0,5.947,5.947,0.0
2007-10-24,4.076,4.076,0.0,9.237,9.237,0.0,14.09,14.09,0.0
2007-10-25,3.501,3.501,0.0,8.897,8.897,0.0,12.75,12.75,0.0
2007-10-26,4.464,4.464,0.0,11.52,11.52,0.0,16.44,16.44,0.0
2007-10-27,4.178,4.178,0.0,11.68,11.68,0.0,16.11,16.11,0.0
2007-10-28,3.973,3.973,0.0,11.37,11.37,0.0,15.47,15.47,0.0
2007-10-29,3.85,3.85,0.0,11.11,11.11,0.0,15.1,15.1,0.0
2007-10-30,3.64,3.64,0.0,8.143,8.143,0.0,11.96,11.96,0.0
2007-10-31,3.491,3.491,0.0,8.965,8.965,0.0,12.59,12.59,0.0
2007-11-01,3.385,3.385,0.0,9.109,9.109,0.0,12.64,12.64,0.0
2007-11-02,3.295,3.295,0.0,9.157,9.157,0.0,12.6,12.6,0.0
2007-11-03,3.168,3.168,0.0,9.005,9.005,0.0,12.33,12.33,0.0
2007-11-04,3.042,3.042,0.0,7.236,7.236,0.0,10.4,10.4,0.0
2007-11-05,3.401,3.401,0.0,9.274,9.274,0.0,13.04,13.04,0.0
2007-11-06,3.177,3.177,0.0,9.512,9.512,0.0,12.93,12.93,0.0
2007-11-07,3.036,3.036,0.0,9.403,9.403,0.0,12.61,12.61,0.0
2007-11-08,2.873,2.873,0.0,9.1,9.1,0.0,12.16,12.16,0.0
2007-11-09,3.225,3.225,0.0,9.412,9.412,0.0,12.95,12.95,0.0
2007-11-10,3.081,3.081,0.0,8.27,8.27,0.0,11.58,11.58,0.0
2007-11-11,3.153,3.153,0.0,9.37,9.37,0.0,12.71,12.71,0.0
2007-11-12,3.443,3.443,0.0,10.71,10.71,0.0,14.43,14.43,0.0
2007-11-13,3.425,3.425,0.0,11.41,11.41,0.0,15.09,15.09,0.0
2007-11-14,4.844,4.844,0.0,13.55,13.55,0.0,18.54,18.54,0.0
2007-11-15,5.745,5.745,0.0,15.47,15.47,0.0,21.4,21.4,0.0
2007-11-16,5.652,5.652,0.0,15.14,15.14,0.0,20.73,20.73,0.0
2007-11-17,5.522,5.522,0.0,11.87,11.87,0.0,17.33,17.33,0.0
2007-11-18,4.872,4.872,0.0,12.11,12.11,0.0,16.69,16.69,0.0
2007-11-19,4.339,4.339,0.0,12.38,12.38,0.0,16.75,16.75,0.0
2007-11-20,4.341,4.341,0.0,12.65,12.65,0.0,17.05,17.05,0.0
2007-11-21,4.387,4.387,0.0,12.2,12.2,0.0,16.6,16.6,0.0
2007-11-22,4.251,4.251,0.0,12.04,12.04,0.0,16.39,16.39,0.0
2007-11-23,3.939,3.939,0.0,10.2,10.2,0.0,14.02,14.02,0.0
2007-11-24,3.932,3.932,0.0,10.48,10.48,0.0,14.33,14.33,0.0
2007-11-25,3.991,3.991,0.0,11.55,11.55,0.0,15.73,15.73,0.0
2007-11-26,4.983,4.983,0.0,13.42,13.42,0.0,18.65,18.65,0.0
2007-11-27,4.931,4.931,0.0,13.2,13.2,0.0,18.19,18.19,0.0
2007-11-28,4.843,4.843,0.0,12.6,12.6,0.0,17.5,17.5,0.0
2007-11-29,4.353,4.353,0.0,10.25,10.25,0.0,14.84,14.84,0.0
2007-11-30,4.022,4.022,0.0,10.53,10.53,0.0,14.46,14.46,0.0
2007-12-01,3.921,3.921,0.0,10.87,10.87,0.0,14.84,14.84,0.0
2007-12-02,6.519,6.519,0.0,16.66,16.66,0.0,23.84,23.84,0.0
2007-12-03,6.954,6.954,0.0,16.97,16.97,0.0,24.27,24.27,0.0
2007-12-04,6.956,6.956,0.0,16.87,16.87,0.0,24.11,24.11,0.0
2007-12-05,6.868,6.868,0.0,16.75,16.75,0.0,24.01,24.01,0.0
2007-12-06,5.215,5.215,0.0,12.3,12.3,0.0,18.02,18.02,0.0
2007-12-07,5.306,5.306,0.0,13.03,13.03,0.0,18.65,18.65,0.0
2007-12-08,8.296,8.296,0.0,31.89,31.89,0.0,40.22,40.22,0.0
2007-12-09,8.758,8.758,0.0,37.7,37.7,0.0,46.97,46.97,0.0
2007-12-10,9.3,9.3,0.0,27.6,27.6,0.0,37.61,37.61,0.0
2007-12-11,9.433,9.433,0.0,26.18,26.18,0.0,36.16,36.16,0.0
2007-12-12,10.13,10.13,0.0,27.89,27.89,0.0,38.84,38.84,0.0
2007-12-13,10.7,10.7,0.0,29.99,29.99,0.0,41.77,41.77,0.0
2007-12-14,7.982,7.982,0.0,26.54,26.54,0.0,35.9,35.9,0.0
2007-12-15,8.234,8.234,0.0,20.54,20.54,0.0,29.75,29.75,0.0
2007-12-16,9.563,9.563,0.0,24.67,24.67,0.0,35.67,35.67,0.0
2007-12-17,9.652,9.652,0.0,25.65,25.65,0.0,36.76,36.76,0.0
2007-12-18,9.44,9.44,0.0,25.58,25.58,0.0,36.37,36.37,0.0
2007-12-19,9.046,9.046,0.0,22.88,22.88,0.0,33.01,33.01,0.0
2007-12-20,8.78,8.78,0.0,21.46,21.46,0.0,30.8,30.8,0.0
2007-12-21,8.176,8.176,0.0,21.23,21.23,0.0,30.28,30.28,0.0
2007-12-22,11.25,11.25,0.0,28.52,28.52,0.0,39.19,39.19,0.0
2007-12-23,11.33,11.33,0.0,36.46,36.46,0.0,47.87,47.87,0.0
2007-12-24,10.88,10.88,0.0,26.9,26.9,0.0,37.98,37.98,0.0
2007-12-25,9.995,9.995,0.0,24.4,24.4,0.0,34.28,34.28,0.0
2007-12-26,9.554,9.554,0.0,18.08,18.08,0.0,27.37,27.37,0.0
2007-12-27,8.204,8.204,0.0,19.96,19.96,0.0,28.74,28.74,0.0
2007-12-28,10.99,10.99,0.0,25.44,25.44,0.0,36.75,36.75,0.0
2007-12-29,11.3,11.3,0.0,24.77,24.77,0.0,36.05,36.05,0.0
2007-12-30,12.2,12.2,0.0,25.73,25.73,0.0,37.94,37.94,0.0
2007-12-31,11.95,11.95,0.0,25.65,25.65,0.0,37.63,37.63,0.0
2008-01-01,9.921,9.921,0.0,21.44,21.44,0.0,30.98,30.98,0.0
2008-01-02,9.069,9.069,0.0,19.23,19.23,0.0,28.68,28.68,0.0
2008-01-03,9.537,9.537,0.0,20.6,20.6,0.0,30.27,30.27,0.0
2008-01-04,9.604,9.604,0.0,21.19,21.19,0.0,30.83,30.83,0.0
2008-01-05,9.953,9.953,0.0,23.87,23.87,0.0,34.23,34.23,0.0
2008-01-06,7.987,7.987,0.0,22.13,22.13,0.0,31.0,31.0,0.0
2008-01-07,8.854,8.854,0.0,20.02,20.02,0.0,29.36,29.36,0.0
2008-01-08,9.317,9.317,0.0,21.57,21.57,0.0,31.1,31.1,0.0
2008-01-09,10.18,10.18,0.0,22.44,22.44,0.0,32.59,32.59,0.0
2008-01-10,14.33,14.33,0.0,35.39,35.39,0.0,49.49,49.49,0.0
2008-01-11,15.25,15.25,0.0,32.41,32.41,0.0,47.31,47.31,0.0
2008-01-12,14.34,14.34,0.0,30.36,30.36,0.0,44.5,44.5,0.0
2008-01-13,12.85,12.85,0.0,27.6,27.6,0.0,39.51,39.51,0.0
2008-01-14,10.31,10.31,0.0,22.59,22.59,0.0,33.39,33.39,0.0
2008-01-15,11.19,11.19,0.0,23.1,23.1,0.0,34.41,34.41,0.0
2008-01-16,11.39,11.39,0.0,24.17,24.17,0.0,35.49,35.49,0.0
2008-01-17,10.65,10.65,0.0,24.88,24.88,0.0,35.65,35.65,0.0
2008-01-18,9.219,9.219,0.0,22.0,22.0,0.0,32.05,32.05,0.0
2008-01-19,9.658,9.658,0.0,19.8,19.8,0.0,29.79,29.79,0.0
2008-01-20,9.706,9.706,0.0,19.88,19.88,0.0,29.4,29.4,0.0
2008-01-21,9.532,9.532,0.0,20.06,20.06,0.0,29.57,29.57,0.0
2008-01-22,9.076,9.076,0.0,19.83,19.83,0.0,29.0,29.0,0.0
2008-01-23,7.723,7.723,0.0,16.98,16.98,0.0,25.32,25.32,0.0
2008-01-24,8.038,8.038,0.0,16.43,16.43,0.0,24.47,24.47,0.0
2008-01-25,7.999,7.999,0.0,16.57,16.57,0.0,24.59,24.59,0.0
2008-01-26,7.853,7.853,0.0,16.3,16.3,0.0,24.2,24.2,0.0
2008-01-27,7.37,7.37,0.0,15.79,15.79,0.0,23.47,23.47,0.0
2008-01-28,12.01,12.01,0.0,21.35,21.35,0.0,32.39,32.39,0.0
2008-01-29,9.008,9.008,0.0,19.78,19.78,0.0,29.73,29.73,0.0
2008-01-30,6.866,6.866,0.0,14.8,14.8,0.0,21.9,21.9,0.0
2008-01-31,6.696,6.696,0.0,14.61,14.61,0.0,21.6,21.6,0.0
2008-02-01,6.753,6.753,0.0,15.79,15.79,0.0,23.16,23.16,0.0
2008-02-02,15.44,15.44,0.0,24.45,24.45,0.0,40.15,40.15,0.0
2008-02-03,14.11,14.11,0.0,25.12,25.12,0.0,38.2,38.2,0.0
2008-02-04,10.82,10.82,0.0,32.79,32.79,0.0,43.22,43.22,0.0
2008-02-05,10.16,10.16,0.0,22.44,22.44,0.0,32.74,32.74,0.0
2008-02-06,12.94,12.94,0.0,26.51,26.51,0.0,39.91,39.91,0.0
2008-02-07,14.74,14.74,0.0,26.48,26.48,0.0,41.17,41.17,0.0
2008-02-08,15.8,15.8,0.0,26.67,26.67,0.0,42.41,42.41,0.0
2008-02-09,14.48,14.48,0.0,24.52,24.52,0.0,39.06,39.06,0.0
2008-02-10,13.03,13.03,0.0,22.57,22.57,0.0,34.93,34.93,0.0
2008-02-11,13.07,13.07,0.0,24.32,24.32,0.0,37.16,37.16,0.0
2008-02-12,12.37,12.37,0.0,22.05,22.05,0.0,34.77,34.77,0.0
2008-02-13,14.17,14.17,0.0,25.92,25.92,0.0,40.5,40.5,0.0
2008-02-14,11.87,11.87,0.0,23.01,23.01,0.0,34.28,34.28,0.0
2008-02-15,11.39,11.39,0.0,19.74,19.74,0.0,30.86,30.86,0.0
2008-02-16,11.86,11.86,0.0,18.91,18.91,0.0,30.51,30.51,0.0
2008-02-17,11.55,11.55,0.0,20.64,20.64,0.0,32.27,32.27,0.0
2008-02-18,12.38,12.38,0.0,22.13,22.13,0.0,34.52,34.52,0.0
2008-02-19,11.91,11.91,0.0,22.28,22.28,0.0,34.38,34.38,0.0
2008-02-20,11.35,11.35,0.0,19.99,19.99,0.0,31.13,31.13,0.0
2008-02-21,10.95,10.95,0.0,18.58,18.58,0.0,28.93,28.93,0.0
2008-02-22,10.06,10.06,0.0,17.63,17.63,0.0,27.97,27.97,0.0
2008-02-23,11.15,11.15,0.0,21.43,21.43,0.0,32.86,32.86,0.0
2008-02-24,9.48,9.48,0.0,19.33,19.33,0.0,28.75,28.75,0.0
2008-02-25,9.555,9.555,0.0,17.47,17.47,0.0,26.56,26.56,0.0
2008-02-26,9.71,9.71,0.0,21.04,21.04,0.0,30.85,30.85,0.0
2008-02-27,9.092,9.092,0.0,17.83,17.83,0.0,27.08,27.08,0.0
2008-02-28,8.727,8.727,0.0,16.74,16.74,0.0,25.59,25.59,0.0
2008-02-29,8.851,8.851,0.0,16.79,16.79,0.0,26.03,26.03,0.0
2008-03-01,8.91,8.91,0.0,17.81,17.81,0.0,26.0,26.0,0.0
2008-03-02,8.319,8.319,0.0,19.98,19.98,0.0,28.14,28.14,0.0
2008-03-03,8.743,8.743,0.0,18.82,18.82,0.0,27.97,27.97,0.0
2008-03-04,18.68,18.68,0.0,54.73,54.73,0.0,72.51,72.51,0.0
2008-03-05,15.8,15.8,0.0,36.67,36.67,0.0,52.41,52.41,0.0
2008-03-06,16.14,16.14,0.0,34.86,34.86,0.0,50.78,50.78,0.0
2008-03-07,16.63,16.63,0.0,33.53,33.53,0.0,49.91,49.91,0.0
2008-03-08,14.49,14.49,0.0,35.38,35.38,0.0,50.72,50.72,0.0
2008-03-09,11.93,11.93,0.0,31.15,31.15,0.0,42.82,42.82,0.0
2008-03-10,12.77,12.77,0.0,26.44,26.44,0.0,38.85,38.85,0.0
2008-03-11,13.17,13.17,0.0,29.66,29.66,0.0,42.49,42.49,0.0
2008-03-12,13.12,13.12,0.0,31.96,31.96,0.0,44.8,44.8,0.0
2008-03-13,11.05,11.05,0.0,31.1,31.1,0.0,42.09,42.09,0.0
2008-03-14,12.3,12.3,0.0,30.32,30.32,0.0,42.84,42.84,0.0
2008-03-15,14.28,14.28,0.0,27.82,27.82,0.0,41.83,41.83,0.0
2008-03-16,14.2,14.2,0.0,30.2,30.2,0.0,44.05,44.05,0.0
2008-03-17,13.4,13.4,0.0,31.09,31.09,0.0,43.87,43.87,0.0
2008-03-18,14.36,14.36,0.0,31.27,31.27,0.0,45.09,45.09,0.0
2008-03-19,17.37,17.37,0.0,35.07,35.07,0.0,51.74,51.74,0.0
2008-03-20,14.87,14.87,0.0,32.91,32.91,0.0,47.04,47.04,0.0
2008-03-21,13.36,13.36,0.0,27.08,27.08,0.0,40.6,40.6,0.0
2008-03-22,14.05,14.05,0.0,29.18,29.18,0.0,42.99,42.99,0.0
2008-03-23,13.41,13.41,0.0,28.87,28.87,0.0,41.66,41.66,0.0
2008-03-24,13.41,13.41,0.0,29.05,29.05,0.0,41.62,41.62,0.0
2008-03-25,11.57,11.57,0.0,25.2,25.2,0.0,36.25,36.25,0.0
2008-03-26,11.69,11.69,0.0,25.01,25.01,0.0,36.23,36.23,0.0
2008-03-27,12.69,12.69,0.0,26.45,26.45,0.0,38.73,38.73,0.0
2008-03-28,12.23,12.23,0.0,27.11,27.11,0.0,39.03,39.03,0.0
2008-03-29,12.16,12.16,0.0,26.08,26.08,0.0,37.76,37.76,0.0
2008-03-30,10.92,10.92,0.0,25.65,25.65,0.0,35.88,35.88,0.0
2008-03-31,10.82,10.82,0.0,21.64,21.64,0.0,31.69,31.69,0.0
2008-04-01,10.62,10.62,0.0,22.24,22.24,0.0,32.3,32.3,0.0
2008-04-02,11.25,11.25,0.0,22.54,22.54,0.0,32.99,32.99,0.0
2008-04-03,13.37,13.37,0.0,24.96,24.96,0.0,37.38,37.38,0.0
2008-04-04,14.29,14.29,0.0,26.19,26.19,0.0,39.57,39.57,0.0
2008-04-05,16.11,16.11,0.0,28.75,28.75,0.0,44.03,44.03,0.0
2008-04-06,16.11,16.11,0.0,29.36,29.36,0.0,44.52,44.52,0.0
2008-04-07,13.38,13.38,0.0,27.47,27.47,0.0,40.27,40.27,0.0
2008-04-08,11.93,11.93,0.0,21.84,21.84,0.0,33.12,33.12,0.0
2008-04-09,12.66,12.66,0.0,23.5,23.5,0.0,35.35,35.35,0.0
2008-04-10,12.33,12.33,0.0,24.12,24.12,0.0,35.86,35.86,0.0
2008-04-11,14.84,14.84,0.0,27.75,27.75,0.0,42.21,42.21,0.0
2008-04-12,14.56,14.56,0.0,27.26,27.26,0.0,41.22,41.22,0.0
2008-04-13,12.39,12.39,0.0,26.29,26.29,0.0,39.34,39.34,0.0
2008-04-14,12.34,12.34,0.0,23.29,23.29,0.0,34.54,34.54,0.0
2008-04-15,12.58,12.58,0.0,23.19,23.19,0.0,34.89,34.89,0.0
2008-04-16,11.95,11.95,0.0,23.86,23.86,0.0,35.35,35.35,0.0
2008-04-17,11.84,11.84,0.0,23.8,23.8,0.0,34.83,34.83,0.0
2008-04-18,10.36,10.36,0.0,22.1,22.1,0.0,31.93,31.93,0.0
2008-04-19,13.22,13.22,0.0,26.39,26.39,0.0,39.49,39.49,0.0
2008-04-20,14.35,14.35,0.0,27.48,27.48,0.0,41.53,41.53,0.0
2008-04-21,14.17,14.17,0.0,25.84,25.84,0.0,40.2,40.2,0.0
2008-04-22,13.97,13.97,0.0,23.67,23.67,0.0,37.64,37.64,0.0
2008-04-23,12.96,12.96,0.0,24.66,24.66,0.0,37.89,37.89,0.0
2008-04-24,11.02,11.02,0.0,23.1,23.1,0.0,33.8,33.8,0.0
2008-04-25,11.85,11.85,0.0,24.38,24.38,0.0,36.17,36.17,0.0
2008-04-26,12.93,12.93,0.0,25.05,25.05,0.0,38.12,38.12,0.0
2008-04-27,15.14,15.14,0.0,27.5,27.5,0.0,42.66,42.66,0.0
2008-04-28,17.24,17.24,0.0,31.7,31.7,0.0,49.42,49.42,0.0
2008-04-29,15.93,15.93,0.0,31.18,31.18,0.0,48.08,48.08,0.0
2008-04-30,14.65,14.65,0.0,27.55,27.55,0.0,42.39,42.39,0.0
2008-05-01,12.26,12.26,0.0,26.42,26.42,0.0,39.1,39.1,0.0
2008-05-02,12.67,12.67,0.0,26.59,26.59,0.0,39.75,39.75,0.0
2008-05-03,13.03,13.03,0.0,27.45,27.45,0.0,40.95,40.95,0.0
2008-05-04,12.05,12.05,0.0,26.03,26.03,0.0,38.85,38.85,0.0
2008-05-05,11.31,11.31,0.0,23.57,23.57,0.0,35.15,35.15,0.0
2008-05-06,11.49,11.49,0.0,22.64,22.64,0.0,33.95,33.95,0.0
2008-05-07,11.76,11.76,0.0,23.96,23.96,0.0,35.73,35.73,0.0
2008-05-08,18.59,18.59,0.0,30.46,30.46,0.0,48.06,48.06,0.0
2008-05-09,21.66,21.66,0.0,37.24,37.24,0.0,58.45,58.45,0.0
2008-05-10,21.07,21.07,0.0,37.18,37.18,0.0,58.27,58.27,0.0
2008-05-11,26.57,26.57,0.0,43.27,43.27,0.0,69.43,69.43,0.0
2008-05-12,24.39,24.39,0.0,41.42,41.42,0.0,66.52,66.52,0.0
2008-05-13,18.63,18.63,0.0,33.67,33.67,0.0,53.77,53.77,0.0
2008-05-14,17.2,17.2,0.0,32.58,32.58,0.0,50.13,50.13,0.0
2008-05-15,21.03,21.03,0.0,39.25,39.25,0.0,61.11,61.11,0.0
2008-05-16,22.08,22.08,0.0,43.04,43.04,0.0,66.56,66.56,0.0
2008-05-17,21.66,21.66,0.0,43.16,43.16,0.0,66.32,66.32,0.0
2008-05-18,20.25,20.25,0.0,42.95,42.95,0.0,65.76,65.76,0.0
2008-05-19,26.18,26.18,0.0,49.41,49.41,0.0,77.11,77.11,0.0
2008-05-20,23.95,23.95,0.0,50.52,50.52,0.0,77.71,77.71,0.0
2008-05-21,22.09,22.09,0.0,39.76,39.76,0.0,62.08,62.08,0.0
2008-05-22,22.09,22.09,0.0,42.6,42.6,0.0,65.37,65.37,0.0
2008-05-23,20.66,20.66,0.0,44.13,44.13,0.0,66.46,66.46,0.0
2008-05-24,20.15,20.15,0.0,42.62,42.62,0.0,63.78,63.78,0.0
2008-05-25,17.63,17.63,0.0,37.49,37.49,0.0,56.17,56.17,0.0
2008-05-26,18.42,18.42,0.0,36.56,36.56,0.0,56.3,56.3,0.0
2008-05-27,17.72,17.72,0.0,37.95,37.95,0.0,57.24,57.24,0.0
2008-05-28,17.71,17.71,0.0,38.05,38.05,0.0,57.0,57.0,0.0
2008-05-29,16.51,16.51,0.0,36.45,36.45,0.0,53.97,53.97,0.0
2008-05-30,15.38,15.38,0.0,31.71,31.71,0.0,47.7,47.7,0.0
2008-05-31,16.23,16.23,0.0,36.22,36.22,0.0,54.52,54.52,0.0
2008-06-01,15.74,15.74,0.0,35.84,35.84,0.0,53.18,53.18,0.0
2008-06-02,15.08,15.08,0.0,36.15,36.15,0.0,53.1,53.1,0.0
2008-06-03,17.3,17.3,0.0,43.03,43.03,0.0,63.84,63.84,0.0
2008-06-04,17.9,17.9,0.0,45.75,45.75,0.0,67.04,67.04,0.0
2008-06-05,16.85,16.85,0.0,43.2,43.2,0.0,63.14,63.14,0.0
2008-06-06,14.52,14.52,0.0,40.56,40.56,0.0,56.73,56.73,0.0
2008-06-07,14.88,14.88,0.0,33.61,33.61,0.0,50.29,50.29,0.0
2008-06-08,14.07,14.07,0.0,35.58,35.58,0.0,51.98,51.98,0.0
2008-06-09,14.04,14.04,0.0,36.14,36.14,0.0,52.33,52.33,0.0
2008-06-10,13.19,13.19,0.0,35.03,35.03,0.0,50.15,50.15,0.0
2008-06-11,12.27,12.27,0.0,30.4,30.4,0.0,44.13,44.13,0.0
2008-06-12,11.89,11.89,0.0,29.85,29.85,0.0,43.47,43.47,0.0
2008-06-13,12.01,12.01,0.0,30.59,30.59,0.0,44.34,44.34,0.0
2008-06-14,11.84,11.84,0.0,30.43,30.43,0.0,43.66,43.66,0.0
2008-06-15,10.95,10.95,0.0,27.1,27.1,0.0,39.41,39.41,0.0
2008-06-16,10.94,10.94,0.0,28.48,28.48,0.0,41.42,41.42,0.0
2008-06-17,10.46,10.46,0.0,26.44,26.44,0.0,38.27,38.27,0.0
2008-06-18,9.913,9.913,0.0,25.74,25.74,0.0,37.15,37.15,0.0
2008-06-19,9.923,9.923,0.0,25.71,25.71,0.0,37.13,37.13,0.0
2008-06-20,9.621,9.621,0.0,23.78,23.78,0.0,34.45,34.45,0.0
2008-06-21,9.225,9.225,0.0,25.45,25.45,0.0,36.53,36.53,0.0
2008-06-22,8.956,8.956,0.0,24.34,24.34,0.0,34.63,34.63,0.0
2008-06-23,8.783,8.783,0.0,24.05,24.05,0.0,34.06,34.06,0.0
2008-06-24,8.234,8.234,0.0,23.07,23.07,0.0,32.61,32.61,0.0
2008-06-25,8.017,8.017,0.0,22.31,22.31,0.0,31.56,31.56,0.0
2008-06-26,7.484,7.484,0.0,20.9,20.9,0.0,29.25,29.25,0.0
2008-06-27,7.464,7.464,0.0,20.06,20.06,0.0,28.43,28.43,0.0
2008-06-28,7.5,7.5,0.0,19.97,19.97,0.0,28.58,28.58,0.0
2008-06-29,6.963,6.963,0.0,19.22,19.22,0.0,27.3,27.3,0.0
2008-06-30,6.907,6.907,0.0,18.55,18.55,0.0,26.57,26.57,0.0
2008-07-01,6.505,6.505,0.0,17.88,17.88,0.0,25.11,25.11,0.0
2008-07-02,6.3,6.3,0.0,17.35,17.35,0.0,24.35,24.35,0.0
2008-07-03,6.515,6.515,0.0,17.38,17.38,0.0,25.05,25.05,0.0
2008-07-04,6.804,6.804,0.0,19.76,19.76,0.0,28.28,28.28,0.0
2008-07-05,7.451,7.451,0.0,22.45,22.45,0.0,32.26,32.26,0.0
2008-07-06,7.524,7.524,0.0,23.39,23.39,0.0,33.35,33.35,0.0
2008-07-07,8.22,8.22,0.0,24.65,24.65,0.0,35.68,35.68,0.0
2008-07-08,7.991,7.991,0.0,23.65,23.65,0.0,34.23,34.23,0.0
2008-07-09,7.439,7.439,0.0,23.29,23.29,0.0,33.38,33.38,0.0
2008-07-10,7.332,7.332,0.0,18.85,18.85,0.0,27.49,27.49,0.0
2008-07-11,7.172,7.172,0.0,19.35,19.35,0.0,28.14,28.14,0.0
2008-07-12,6.66,6.66,0.0,19.74,19.74,0.0,28.31,28.31,0.0
2008-07-13,6.782,6.782,0.0,19.61,19.61,0.0,28.39,28.39,0.0
2008-07-14,6.373,6.373,0.0,17.86,17.86,0.0,26.08,26.08,0.0
2008-07-15,6.207,6.207,0.0,17.13,17.13,0.0,24.5,24.5,0.0
2008-07-16,6.104,6.104,0.0,16.51,16.51,0.0,23.91,23.91,0.0
2008-07-17,5.621,5.621,0.0,16.5,16.5,0.0,23.63,23.63,0.0
2008-07-18,5.596,5.596,0.0,15.97,15.97,0.0,22.97,22.97,0.0
2008-07-19,5.365,5.365,0.0,14.6,14.6,0.0,21.25,21.25,0.0
2008-07-20,5.329,5.329,0.0,14.57,14.57,0.0,21.09,21.09,0.0
2008-07-21,5.273,5.273,0.0,14.43,14.43,0.0,20.99,20.99,0.0
2008-07-22,5.501,5.501,0.0,15.58,15.58,0.0,22.88,22.88,0.0
2008-07-23,5.424,5.424,0.0,15.07,15.07,0.0,22.05,22.05,0.0
2008-07-24,5.084,5.084,0.0,13.44,13.44,0.0,19.64,19.64,0.0
2008-07-25,4.86,4.86,0.0,13.18,13.18,0.0,19.02,19.02,0.0
2008-07-26,4.684,4.684,0.0,12.8,12.8,0.0,18.46,18.46,0.0
2008-07-27,4.54,4.54,0.0,12.32,12.32,0.0,17.87,17.87,0.0
2008-07-28,4.27,4.27,0.0,11.8,11.8,0.0,17.14,17.14,0.0
2008-07-29,4.224,4.224,0.0,11.38,11.38,0.0,16.6,16.6,0.0
2008-07-30,4.105,4.105,0.0,11.36,11.36,0.0,16.46,16.46,0.0
2008-07-31,3.977,3.977,0.0,10.91,10.91,0.0,15.72,15.72,0.0
2008-08-01,4.264,4.264,0.0,11.93,11.93,0.0,17.52,17.52,0.0
2008-08-02,4.185,4.185,0.0,12.15,12.15,0.0,17.75,17.75,0.0
2008-08-03,3.565,3.565,0.0,10.69,10.69,0.0,15.25,15.25,0.0
2008-08-04,3.492,3.492,0.0,10.28,10.28,0.0,14.67,14.67,0.0
2008-08-05,3.452,3.452,0.0,10.24,10.24,0.0,14.66,14.66,0.0
2008-08-06,3.27,3.27,0.0,9.83,9.83,0.0,13.87,13.87,0.0
2008-08-07,3.21,3.21,0.0,9.648,9.648,0.0,13.67,13.67,0.0
2008-08-08,3.063,3.063,0.0,9.077,9.077,0.0,12.91,12.91,0.0
2008-08-09,2.824,2.824,0.0,8.59,8.59,0.0,12.25,12.25,0.0
2008-08-10,2.809,2.809,0.0,8.415,8.415,0.0,12.04,12.04,0.0
2008-08-11,2.709,2.709,0.0,8.198,8.198,0.0,11.55,11.55,0.0
2008-08-12,2.869,2.869,0.0,8.011,8.011,0.0,11.44,11.44,0.0
2008-08-13,2.99,2.99,0.0,8.134,8.134,0.0,11.93,11.93,0.0
2008-08-14,2.776,2.776,0.0,7.544,7.544,0.0,11.02,11.02,0.0
2008-08-15,2.739,2.739,0.0,7.304,7.304,0.0,10.66,10.66,0.0
2008-08-16,2.599,2.599,0.0,6.929,6.929,0.0,10.06,10.06,0.0
2008-08-17,2.531,2.531,0.0,6.807,6.807,0.0,9.786,9.786,0.0
2008-08-18,2.45,2.45,0.0,6.539,6.539,0.0,9.461,9.461,0.0
2008-08-19,2.373,2.373,0.0,6.377,6.377,0.0,9.223,9.223,0.0
2008-08-20,2.213,2.213,0.0,5.957,5.957,0.0,8.677,8.677,0.0
2008-08-21,2.153,2.153,0.0,5.765,5.765,0.0,8.368,8.368,0.0
2008-08-22,2.091,2.091,0.0,5.649,5.649,0.0,8.122,8.122,0.0
2008-08-23,1.985,1.985,0.0,5.42,5.42,0.0,7.817,7.817,0.0
2008-08-24,2.055,2.055,0.0,5.183,5.183,0.0,7.615,7.615,0.0
2008-08-25,2.065,2.065,0.0,5.006,5.006,0.0,7.372,7.372,0.0
2008-08-26,2.398,2.398,0.0,4.916,4.916,0.0,7.492,7.492,0.0
2008-08-27,3.476,3.476,0.0,6.358,6.358,0.0,10.3,10.3,0.0
2008-08-28,3.157,3.157,0.0,5.762,5.762,0.0,9.11,9.11,0.0
2008-08-29,2.932,2.932,0.0,5.303,5.303,0.0,8.326,8.326,0.0
2008-08-30,2.814,2.814,0.0,5.069,5.069,0.0,7.928,7.928,0.0
2008-08-31,2.716,2.716,0.0,4.838,4.838,0.0,7.591,7.591,0.0
2008-09-01,2.627,2.627,0.0,4.697,4.697,0.0,7.362,7.362,0.0
2008-09-02,2.539,2.539,0.0,4.556,4.556,0.0,7.106,7.106,0.0
2008-09-03,2.453,2.453,0.0,4.392,4.392,0.0,6.869,6.869,0.0
2008-09-04,2.343,2.343,0.0,4.259,4.259,0.0,6.646,6.646,0.0
2008-09-05,2.383,2.383,0.0,4.434,4.434,0.0,6.99,6.99,0.0
2008-09-06,2.239,2.239,0.0,4.077,4.077,0.0,6.416,6.416,0.0
2008-09-07,2.122,2.122,0.0,3.831,3.831,0.0,5.99,5.99,0.0
2008-09-08,2.093,2.093,0.0,3.82,3.82,0.0,5.981,5.981,0.0
2008-09-09,2.085,2.085,0.0,3.858,3.858,0.0,6.071,6.071,0.0
2008-09-10,1.902,1.902,0.0,3.508,3.508,0.0,5.443,5.443,0.0
2008-09-11,1.846,1.846,0.0,3.375,3.375,0.0,5.25,5.25,0.0
2008-09-12,2.006,2.006,0.0,3.926,3.926,0.0,6.268,6.268,0.0
2008-09-13,1.724,1.724,0.0,3.242,3.242,0.0,5.003,5.003,0.0
2008-09-14,1.709,1.709,0.0,3.237,3.237,0.0,5.014,5.014,0.0
2008-09-15,1.591,1.591,0.0,3.032,3.032,0.0,4.655,4.655,0.0
2008-09-16,1.544,1.544,0.0,2.935,2.935,0.0,4.511,4.511,0.0
2008-09-17,1.494,1.494,0.0,2.795,2.795,0.0,4.322,4.322,0.0
2008-09-18,1.438,1.438,0.0,2.71,2.71,0.0,4.183,4.183,0.0
2008-09-19,1.389,1.389,0.0,2.611,2.611,0.0,4.014,4.014,0.0
2008-09-20,1.329,1.329,0.0,2.531,2.531,0.0,3.886,3.886,0.0
2008-09-21,1.286,1.286,0.0,2.422,2.422,0.0,3.734,3.734,0.0
2008-09-22,1.238,1.238,0.0,2.346,2.346,0.0,3.612,3.612,0.0
2008-09-23,1.193,1.193,0.0,2.265,2.265,0.0,3.486,3.486,0.0
2008-09-24,1.153,1.153,0.0,2.179,2.179,0.0,3.35,3.35,0.0
2008-09-25,1.247,1.247,0.0,2.451,2.451,0.0,3.877,3.877,0.0
2008-09-26,1.473,1.473,0.0,2.58,2.58,0.0,4.234,4.234,0.0
2008-09-27,1.816,1.816,0.0,3.002,3.002,0.0,5.008,5.008,0.0
2008-09-28,1.617,1.617,0.0,2.616,2.616,0.0,4.273,4.273,0.0
2008-09-29,1.488,1.488,0.0,2.347,2.347,0.0,3.794,3.794,0.0
2008-09-30,1.438,1.438,0.0,2.268,2.268,0.0,3.659,3.659,0.0
2008-10-01,1.455,1.455,0.0,2.383,2.383,0.0,3.881,3.881,0.0
2008-10-02,1.342,1.342,0.0,2.136,2.136,0.0,3.438,3.438,0.0
2008-10-03,1.295,1.295,0.0,2.065,2.065,0.0,3.322,3.322,0.0
2008-10-04,1.249,1.249,0.0,1.993,1.993,0.0,3.207,3.207,0.0
2008-10-05,1.201,1.201,0.0,1.919,1.919,0.0,3.089,3.089,0.0
2008-10-06,1.157,1.157,0.0,1.853,1.853,0.0,2.975,2.975,0.0
2008-10-07,1.119,1.119,0.0,1.783,1.783,0.0,2.87,2.87,0.0
2008-10-08,1.09,1.09,0.0,1.755,1.755,0.0,2.825,2.825,0.0
2008-10-09,1.044,1.044,0.0,1.675,1.675,0.0,2.69,2.69,0.0
2008-10-10,1.008,1.008,0.0,1.612,1.612,0.0,2.593,2.593,0.0
2008-10-11,0.9686,0.9686,0.0,1.559,1.559,0.0,2.504,2.504,0.0
2008-10-12,0.9327,0.9327,0.0,1.502,1.502,0.0,2.407,2.407,0.0
2008-10-13,0.903,0.903,0.0,1.447,1.447,0.0,2.325,2.325,0.0
2008-10-14,0.8728,0.8728,0.0,1.399,1.399,0.0,2.249,2.249,0.0
2008-10-15,0.843,0.843,0.0,1.353,1.353,0.0,2.174,2.174,0.0
2008-10-16,0.8542,0.8542,0.0,1.422,1.422,0.0,2.299,2.299,0.0
2008-10-17,0.8002,0.8002,0.0,1.283,1.283,0.0,2.056,2.056,0.0
2008-10-18,0.7703,0.7703,0.0,1.238,1.238,0.0,1.978,1.978,0.0
2008-10-19,0.7462,0.7462,0.0,1.197,1.197,0.0,1.915,1.915,0.0
2008-10-20,0.7216,0.7216,0.0,1.151,1.151,0.0,1.846,1.846,0.0
2008-10-21,0.6972,0.6972,0.0,1.111,1.111,0.0,1.783,1.783,0.0
2008-10-22,0.6732,0.6732,0.0,1.075,1.075,0.0,1.724,1.724,0.0
2008-10-23,0.646,0.646,0.0,1.038,1.038,0.0,1.663,1.663,0.0
2008-10-24,0.7385,0.7385,0.0,1.301,1.301,0.0,2.126,2.126,0.0
2008-10-25,0.9934,0.9934,0.0,1.664,1.664,0.0,2.786,2.786,0.0
2008-10-26,0.807,0.807,0.0,1.217,1.217,0.0,1.964,1.964,0.0
2008-10-27,0.8837,0.8837,0.0,1.605,1.605,0.0,2.557,2.557,0.0
2008-10-28,1.015,1.015,0.0,1.945,1.945,0.0,3.182,3.182,0.0
2008-10-29,0.8125,0.8125,0.0,1.473,1.473,0.0,2.288,2.288,0.0
2008-10-30,0.783,0.783,0.0,1.632,1.632,0.0,2.413,2.413,0.0
2008-10-31,0.757,0.757,0.0,1.576,1.576,0.0,2.333,2.333,0.0
2008-11-01,0.7319,0.7319,0.0,1.515,1.515,0.0,2.248,2.248,0.0
2008-11-02,0.7071,0.7071,0.0,1.466,1.466,0.0,2.174,2.174,0.0
2008-11-03,0.6827,0.6827,0.0,1.417,1.417,0.0,2.1,2.1,0.0
2008-11-04,0.6592,0.6592,0.0,1.367,1.367,0.0,2.028,2.028,0.0
2008-11-05,0.6297,0.6297,0.0,1.32,1.32,0.0,1.954,1.954,0.0
2008-11-06,0.6102,0.6102,0.0,1.274,1.274,0.0,1.883,1.883,0.0
2008-11-07,0.5908,0.5908,0.0,1.225,1.225,0.0,1.816,1.816,0.0
2008-11-08,0.5712,0.5712,0.0,1.185,1.185,0.0,1.758,1.758,0.0
2008-11-09,0.5518,0.5518,0.0,1.146,1.146,0.0,1.699,1.699,0.0
2008-11-10,0.5329,0.5329,0.0,1.106,1.106,0.0,1.641,1.641,0.0
2008-11-11,0.5082,0.5082,0.0,1.068,1.068,0.0,1.582,1.582,0.0
2008-11-12,1.18,1.18,0.0,2.268,2.268,0.0,3.738,3.738,0.0
2008-11-13,1.535,1.535,0.0,2.885,2.885,0.0,4.677,4.677,0.0
2008-11-14,1.383,1.383,0.0,2.5,2.5,0.0,3.922,3.922,0.0
2008-11-15,1.505,1.505,0.0,3.207,3.207,0.0,4.898,4.898,0.0
2008-11-16,1.373,1.373,0.0,3.098,3.098,0.0,4.57,4.57,0.0
2008-11-17,1.439,1.439,0.0,3.421,3.421,0.0,5.205,5.205,0.0
2008-11-18,1.319,1.319,0.0,3.132,3.132,0.0,4.703,4.703,0.0
2008-11-19,1.172,1.172,0.0,2.755,2.755,0.0,4.044,4.044,0.0
2008-11-20,1.146,1.146,0.0,2.703,2.703,0.0,3.986,3.986,0.0
2008-11-21,1.151,1.151,0.0,2.735,2.735,0.0,4.079,4.079,0.0
2008-11-22,1.054,1.054,0.0,2.493,2.493,0.0,3.66,3.66,0.0
2008-11-23,1.013,1.013,0.0,2.412,2.412,0.0,3.553,3.553,0.0
2008-11-24,1.108,1.108,0.0,2.712,2.712,0.0,4.165,4.165,0.0
2008-11-25,1.234,1.234,0.0,3.076,3.076,0.0,4.86,4.86,0.0
2008-11-26,1.141,1.141,0.0,2.252,2.252,0.0,3.463,3.463,0.0
2008-11-27,2.51,2.51,0.0,5.85,5.85,0.0,8.087,8.087,0.0
2008-11-28,2.005,2.005,0.0,3.855,3.855,0.0,5.604,5.604,0.0
2008-11-29,1.125,1.125,0.0,2.643,2.643,0.0,4.057,4.057,0.0
2008-11-30,0.9919,0.9919,0.0,2.422,2.422,0.0,3.746,3.746,0.0
2008-12-01,1.25,1.25,0.0,2.615,2.615,0.0,4.405,4.405,0.0
2008-12-02,0.8752,0.8752,0.0,2.076,2.076,0.0,3.266,3.266,0.0
2008-12-03,0.8182,0.8182,0.0,3.934,3.934,0.0,5.085,5.085,0.0
2008-12-04,0.7875,0.7875,0.0,2.93,2.93,0.0,4.102,4.102,0.0
2008-12-05,0.7489,0.7489,0.0,2.331,2.331,0.0,3.462,3.462,0.0
2008-12-06,0.7732,0.7732,0.0,2.26,2.26,0.0,3.467,3.467,0.0
2008-12-07,0.7013,0.7013,0.0,2.031,2.031,0.0,3.074,3.074,0.0
2008-12-08,0.6784,0.6784,0.0,1.867,1.867,0.0,2.883,2.883,0.0
2008-12-09,2.317,2.317,0.0,16.23,16.23,0.0,19.25,19.25,0.0
2008-12-10,6.031,6.031,0.0,27.85,27.85,0.0,35.55,35.55,0.0
2008-12-11,18.63,18.63,0.0,59.02,59.02,0.0,81.11,81.11,0.0
2008-12-12,3.98,3.98,0.0,17.92,17.92,0.0,23.83,23.83,0.0
2008-12-13,2.121,2.121,0.0,9.241,9.241,0.0,12.45,12.45,0.0
2008-12-14,1.844,1.844,0.0,8.089,8.089,0.0,10.93,10.93,0.0
2008-12-15,2.207,2.207,0.0,9.628,9.628,0.0,13.45,13.45,0.0
2008-12-16,7.156,7.156,0.0,17.48,17.48,0.0,24.92,24.92,0.0
2008-12-17,6.755,6.755,0.0,16.1,16.1,0.0,23.7,23.7,0.0
2008-12-18,7.419,7.419,0.0,17.88,17.88,0.0,26.09,26.09,0.0
2008-12-19,8.564,8.564,0.0,23.29,23.29,0.0,32.94,32.94,0.0
2008-12-20,8.56,8.56,0.0,23.33,23.33,0.0,32.01,32.01,0.0
2008-12-21,7.229,7.229,0.0,19.21,19.21,0.0,27.21,27.21,0.0
2008-12-22,6.734,6.734,0.0,15.63,15.63,0.0,22.88,22.88,0.0
2008-12-23,6.151,6.151,0.0,17.83,17.83,0.0,24.79,24.79,0.0
2008-12-24,7.165,7.165,0.0,21.76,21.76,0.0,30.17,30.17,0.0
2008-12-25,6.561,6.561,0.0,17.7,17.7,0.0,24.72,24.72,0.0
2008-12-26,6.213,6.213,0.0,17.47,17.47,0.0,24.49,24.49,0.0
2008-12-27,6.493,6.493,0.0,15.45,15.45,0.0,22.69,22.69,0.0
2008-12-28,5.677,5.677,0.0,16.85,16.85,0.0,23.66,23.66,0.0
2008-12-29,5.978,5.978,0.0,17.46,17.46,0.0,24.02,24.02,0.0
2008-12-30,5.776,5.776,0.0,17.79,17.79,0.0,23.96,23.96,0.0
2008-12-31,5.541,5.541,0.0,15.45,15.45,0.0,21.59,21.59,0.0
2009-01-01,5.525,5.525,0.0,14.26,14.26,0.0,20.28,20.28,0.0
2009-01-02,4.823,4.823,0.0,14.46,14.46,0.0,19.96,19.96,0.0
2009-01-03,4.799,4.799,0.0,14.21,14.21,0.0,19.66,19.66,0.0
2009-01-04,4.988,4.988,0.0,15.79,15.79,0.0,21.79,21.79,0.0
2009-01-05,5.171,5.171,0.0,15.37,15.37,0.0,21.36,21.36,0.0
2009-01-06,9.713,9.713,0.0,33.72,33.72,0.0,44.56,44.56,0.0
2009-01-07,11.57,11.57,0.0,33.61,33.61,0.0,46.44,46.44,0.0
2009-01-08,11.63,11.63,0.0,27.2,27.2,0.0,39.9,39.9,0.0
2009-01-09,11.36,11.36,0.0,24.61,24.61,0.0,36.23,36.23,0.0
2009-01-10,9.149,9.149,0.0,22.04,22.04,0.0,33.11,33.11,0.0
2009-01-11,8.154,8.154,0.0,20.28,20.28,0.0,29.73,29.73,0.0
2009-01-12,8.541,8.541,0.0,18.79,18.79,0.0,28.32,28.32,0.0
2009-01-13,8.795,8.795,0.0,20.33,20.33,0.0,30.23,30.23,0.0
2009-01-14,8.407,8.407,0.0,19.76,19.76,0.0,29.51,29.51,0.0
2009-01-15,7.579,7.579,0.0,17.32,17.32,0.0,25.75,25.75,0.0
2009-01-16,7.283,7.283,0.0,15.09,15.09,0.0,23.08,23.08,0.0
2009-01-17,7.113,7.113,0.0,15.62,15.62,0.0,23.59,23.59,0.0
2009-01-18,7.201,7.201,0.0,15.29,15.29,0.0,23.08,23.08,0.0
2009-01-19,6.794,6.794,0.0,13.68,13.68,0.0,21.22,21.22,0.0
2009-01-20,6.226,6.226,0.0,13.78,13.78,0.0,20.85,20.85,0.0
2009-01-21,6.07,6.07,0.0,13.06,13.06,0.0,19.8,19.8,0.0
2009-01-22,6.132,6.132,0.0,13.15,13.15,0.0,20.31,20.31,0.0
2009-01-23,8.432,8.432,0.0,26.79,26.79,0.0,36.03,36.03,0.0
2009-01-24,5.883,5.883,0.0,14.76,14.76,0.0,21.44,21.44,0.0
2009-01-25,5.237,5.237,0.0,12.12,12.12,0.0,18.12,18.12,0.0
2009-01-26,5.109,5.109,0.0,11.8,11.8,0.0,17.6,17.6,0.0
2009-01-27,5.337,5.337,0.0,12.23,12.23,0.0,18.35,18.35,0.0
2009-01-28,9.326,9.326,0.0,25.02,25.02,0.0,37.75,37.75,0.0
2009-01-29,5.378,5.378,0.0,13.22,13.22,0.0,19.82,19.82,0.0
2009-01-30,4.459,4.459,0.0,10.94,10.94,0.0,16.4,16.4,0.0
2009-01-31,4.446,4.446,0.0,9.85,9.85,0.0,15.2,15.2,0.0
2009-02-01,5.184,5.184,0.0,12.24,12.24,0.0,17.72,17.72,0.0
2009-02-02,4.598,4.598,0.0,11.25,11.25,0.0,16.77,16.77,0.0
2009-02-03,4.188,4.188,0.0,10.54,10.54,0.0,15.52,15.52,0.0
2009-02-04,4.121,4.121,0.0,9.676,9.676,0.0,14.4,14.4,0.0
2009-02-05,3.573,3.573,0.0,9.157,9.157,0.0,13.49,13.49,0.0
2009-02-06,3.613,3.613,0.0,9.65,9.65,0.0,14.34,14.34,0.0
2009-02-07,3.385,3.385,0.0,21.73,21.73,0.0,26.03,26.03,0.0
2009-02-08,3.823,3.823,0.0,13.6,13.6,0.0,18.08,18.08,0.0
2009-02-09,3.995,3.995,0.0,12.26,12.26,0.0,17.19,17.19,0.0
2009-02-10,4.212,4.212,0.0,13.53,13.53,0.0,18.98,18.98,0.0
2009-02-11,6.121,6.121,0.0,16.36,16.36,0.0,23.26,23.26,0.0
2009-02-12,7.206,7.206,0.0,18.56,18.56,0.0,27.01,27.01,0.0
2009-02-13,7.569,7.569,0.0,19.29,19.29,0.0,28.29,28.29,0.0
2009-02-14,8.081,8.081,0.0,19.11,19.11,0.0,28.67,28.67,0.0
2009-02-15,6.695,6.695,0.0,14.55,14.55,0.0,22.67,22.67,0.0
2009-02-16,6.361,6.361,0.0,14.09,14.09,0.0,21.57,21.57,0.0
2009-02-17,6.717,6.717,0.0,15.77,15.77,0.0,23.3,23.3,0.0
2009-02-18,6.382,6.382,0.0,18.3,18.3,0.0,26.39,26.39,0.0
2009-02-19,6.078,6.078,0.0,16.58,16.58,0.0,24.31,24.31,0.0
2009-02-20,5.591,5.591,0.0,12.97,12.97,0.0,19.41,19.41,0.0
2009-02-21,5.477,5.477,0.0,12.8,12.8,0.0,19.41,19.41,0.0
2009-02-22,5.634,5.634,0.0,13.85,13.85,0.0,20.51,20.51,0.0
2009-02-23,5.059,5.059,0.0,14.11,14.11,0.0,20.55,20.55,0.0
2009-02-24,4.898,4.898,0.0,13.1,13.1,0.0,19.25,19.25,0.0
2009-02-25,7.386,7.386,0.0,13.99,13.99,0.0,22.13,22.13,0.0
2009-02-26,5.264,5.264,0.0,15.91,15.91,0.0,22.04,22.04,0.0
2009-02-27,4.936,4.936,0.0,14.9,14.9,0.0,21.04,21.04,0.0
2009-02-28,4.92,4.92,0.0,14.38,14.38,0.0,20.4,20.4,0.0
2009-03-01,4.693,4.693,0.0,14.62,14.62,0.0,20.41,20.41,0.0
2009-03-02,4.545,4.545,0.0,14.48,14.48,0.0,19.88,19.88,0.0
2009-03-03,4.206,4.206,0.0,12.41,12.41,0.0,17.28,17.28,0.0
2009-03-04,4.118,4.118,0.0,10.02,10.02,0.0,14.85,14.85,0.0
2009-03-05,3.947,3.947,0.0,10.96,10.96,0.0,15.73,15.73,0.0
2009-03-06,3.836,3.836,0.0,11.67,11.67,0.0,16.34,16.34,0.0
2009-03-07,4.683,4.683,0.0,14.6,14.6,0.0,20.04,20.04,0.0
2009-03-08,6.524,6.524,0.0,19.43,19.43,0.0,26.72,26.72,0.0
2009-03-09,6.837,6.837,0.0,21.83,21.83,0.0,29.44,29.44,0.0
2009-03-10,6.782,6.782,0.0,23.35,23.35,0.0,30.59,30.59,0.0
2009-03-11,6.226,6.226,0.0,20.9,20.9,0.0,27.86,27.86,0.0
2009-03-12,5.085,5.085,0.0,18.79,18.79,0.0,24.54,24.54,0.0
2009-03-13,5.027,5.027,0.0,17.22,17.22,0.0,23.04,23.04,0.0
2009-03-14,6.279,6.279,0.0,19.57,19.57,0.0,26.41,26.41,0.0
2009-03-15,6.979,6.979,0.0,20.72,20.72,0.0,28.09,28.09,0.0
2009-03-16,8.145,8.145,0.0,22.81,22.81,0.0,31.54,31.54,0.0
2009-03-17,8.008,8.008,0.0,19.0,19.0,0.0,27.08,27.08,0.0
2009-03-18,6.606,6.606,0.0,17.13,17.13,0.0,23.88,23.88,0.0
2009-03-19,5.85,5.85,0.0,18.67,18.67,0.0,25.31,25.31,0.0
2009-03-20,6.325,6.325,0.0,19.09,19.09,0.0,25.96,25.96,0.0
2009-03-21,6.425,6.425,0.0,18.97,18.97,0.0,25.83,25.83,0.0
2009-03-22,5.823,5.823,0.0,15.05,15.05,0.0,21.32,21.32,0.0
2009-03-23,5.316,5.316,0.0,16.09,16.09,0.0,21.7,21.7,0.0
2009-03-24,5.296,5.296,0.0,15.67,15.67,0.0,21.36,21.36,0.0
2009-03-25,7.181,7.181,0.0,18.62,18.62,0.0,26.33,26.33,0.0
2009-03-26,8.524,8.524,0.0,21.01,21.01,0.0,30.01,30.01,0.0
2009-03-27,11.46,11.46,0.0,24.63,24.63,0.0,36.42,36.42,0.0
2009-03-28,12.12,12.12,0.0,24.94,24.94,0.0,37.1,37.1,0.0
2009-03-29,12.89,12.89,0.0,26.24,26.24,0.0,39.34,39.34,0.0
2009-03-30,12.41,12.41,0.0,21.93,21.93,0.0,34.47,34.47,0.0
2009-03-31,8.31,8.31,0.0,19.16,19.16,0.0,27.87,27.87,0.0
2009-04-01,9.737,9.737,0.0,21.28,21.28,0.0,31.22,31.22,0.0
2009-04-02,11.17,11.17,0.0,22.73,22.73,0.0,33.91,33.91,0.0
2009-04-03,12.56,12.56,0.0,25.18,25.18,0.0,38.11,38.11,0.0
2009-04-04,12.31,12.31,0.0,24.67,24.67,0.0,37.17,37.17,0.0
2009-04-05,12.21,12.21,0.0,22.48,22.48,0.0,35.08,35.08,0.0
2009-04-06,9.952,9.952,0.0,21.19,21.19,0.0,32.3,32.3,0.0
2009-04-07,11.01,11.01,0.0,23.2,23.2,0.0,34.46,34.46,0.0
2009-04-08,11.77,11.77,0.0,24.49,24.49,0.0,36.37,36.37,0.0
2009-04-09,11.77,11.77,0.0,24.72,24.72,0.0,36.68,36.68,0.0
2009-04-10,12.6,12.6,0.0,25.94,25.94,0.0,38.82,38.82,0.0
2009-04-11,12.04,12.04,0.0,25.75,25.75,0.0,38.43,38.43,0.0
2009-04-12,9.43,9.43,0.0,19.59,19.59,0.0,29.86,29.86,0.0
2009-04-13,10.44,10.44,0.0,21.61,21.61,0.0,31.99,31.99,0.0
2009-04-14,11.89,11.89,0.0,24.1,24.1,0.0,36.05,36.05,0.0
2009-04-15,13.37,13.37,0.0,28.83,28.83,0.0,43.49,43.49,0.0
2009-04-16,12.9,12.9,0.0,27.98,27.98,0.0,41.88,41.88,0.0
2009-04-17,11.76,11.76,0.0,26.81,26.81,0.0,39.96,39.96,0.0
2009-04-18,9.821,9.821,0.0,21.13,21.13,0.0,32.45,32.45,0.0
2009-04-19,12.96,12.96,0.0,24.42,24.42,0.0,37.41,37.41,0.0
2009-04-20,15.61,15.61,0.0,28.44,28.44,0.0,44.3,44.3,0.0
2009-04-21,15.66,15.66,0.0,29.58,29.58,0.0,45.88,45.88,0.0
2009-04-22,17.56,17.56,0.0,32.14,32.14,0.0,50.35,50.35,0.0
2009-04-23,16.53,16.53,0.0,31.74,31.74,0.0,49.07,49.07,0.0
2009-04-24,13.34,13.34,0.0,26.81,26.81,0.0,41.37,41.37,0.0
2009-04-25,12.61,12.61,0.0,24.16,24.16,0.0,37.2,37.2,0.0
2009-04-26,13.24,13.24,0.0,25.62,25.62,0.0,39.3,39.3,0.0
2009-04-27,13.32,13.32,0.0,26.12,26.12,0.0,39.9,39.9,0.0
2009-04-28,11.57,11.57,0.0,26.91,26.91,0.0,39.57,39.57,0.0
2009-04-29,14.93,14.93,0.0,29.82,29.82,0.0,45.29,45.29,0.0
2009-04-30,14.95,14.95,0.0,27.25,27.25,0.0,42.85,42.85,0.0
2009-05-01,14.89,14.89,0.0,29.67,29.67,0.0,46.34,46.34,0.0
2009-05-02,17.67,17.67,0.0,28.49,28.49,0.0,47.24,47.24,0.0
2009-05-03,27.34,27.34,0.0,41.19,41.19,0.0,68.34,68.34,0.0
2009-05-04,26.02,26.02,0.0,41.99,41.99,0.0,69.25,69.25,0.0
2009-05-05,27.25,27.25,0.0,43.97,43.97,0.0,70.41,70.41,0.0
2009-05-06,30.0,30.0,0.0,46.77,46.77,0.0,76.4,76.4,0.0
2009-05-07,21.15,21.15,0.0,46.47,46.47,0.0,70.32,70.32,0.0
2009-05-08,21.26,21.26,0.0,36.86,36.86,0.0,60.42,60.42,0.0
2009-05-09,22.5,22.5,0.0,35.44,35.44,0.0,59.64,59.64,0.0
2009-05-10,22.73,22.73,0.0,37.71,37.71,0.0,60.35,60.35,0.0
2009-05-11,20.53,20.53,0.0,39.22,39.22,0.0,60.36,60.36,0.0
2009-05-12,19.77,19.77,0.0,38.86,38.86,0.0,59.59,59.59,0.0
2009-05-13,18.87,18.87,0.0,29.98,29.98,0.0,50.17,50.17,0.0
2009-05-14,20.14,20.14,0.0,32.68,32.68,0.0,53.37,53.37,0.0
2009-05-15,20.37,20.37,0.0,33.44,33.44,0.0,52.44,52.44,0.0
2009-05-16,22.13,22.13,0.0,35.84,35.84,0.0,57.34,57.34,0.0
2009-05-17,21.33,21.33,0.0,35.04,35.04,0.0,56.04,56.04,0.0
2009-05-18,17.71,17.71,0.0,31.77,31.77,0.0,50.74,50.74,0.0
2009-05-19,17.25,17.25,0.0,27.87,27.87,0.0,46.14,46.14,0.0
2009-05-20,17.71,17.71,0.0,28.9,28.9,0.0,45.99,45.99,0.0
2009-05-21,17.59,17.59,0.0,28.97,28.97,0.0,45.81,45.81,0.0
2009-05-22,15.43,15.43,0.0,27.5,27.5,0.0,43.32,43.32,0.0
2009-05-23,15.46,15.46,0.0,25.81,25.81,0.0,41.66,41.66,0.0
2009-05-24,15.72,15.72,0.0,24.91,24.91,0.0,40.96,40.96,0.0
2009-05-25,18.78,18.78,0.0,27.2,27.2,0.0,45.31,45.31,0.0
2009-05-26,20.51,20.51,0.0,28.29,28.29,0.0,47.74,47.74,0.0
2009-05-27,20.26,20.26,0.0,29.69,29.69,0.0,49.7,49.7,0.0
2009-05-28,20.73,20.73,0.0,29.65,29.65,0.0,49.18,49.18,0.0
2009-05-29,20.59,20.59,0.0,28.42,28.42,0.0,47.27,47.27,0.0
2009-05-30,18.15,18.15,0.0,30.33,30.33,0.0,48.93,48.93,0.0
2009-05-31,16.69,16.69,0.0,25.96,25.96,0.0,43.38,43.38,0.0
2009-06-01,17.31,17.31,0.0,26.1,26.1,0.0,43.08,43.08,0.0
2009-06-02,17.39,17.39,0.0,26.84,26.84,0.0,43.27,43.27,0.0
2009-06-03,16.17,16.17,0.0,27.22,27.22,0.0,43.08,43.08,0.0
2009-06-04,18.78,18.78,0.0,33.86,33.86,0.0,53.91,53.91,0.0
2009-06-05,19.92,19.92,0.0,34.14,34.14,0.0,54.5,54.5,0.0
2009-06-06,16.64,16.64,0.0,33.17,33.17,0.0,51.52,51.52,0.0
2009-06-07,17.05,17.05,0.0,27.01,27.01,0.0,45.08,45.08,0.0
2009-06-08,17.21,17.21,0.0,26.06,26.06,0.0,42.21,42.21,0.0
2009-06-09,16.16,16.16,0.0,27.56,27.56,0.0,43.5,43.5,0.0
2009-06-10,16.28,16.28,0.0,27.75,27.75,0.0,43.75,43.75,0.0
2009-06-11,16.2,16.2,0.0,25.59,25.59,0.0,41.56,41.56,0.0
2009-06-12,14.98,14.98,0.0,23.16,23.16,0.0,37.54,37.54,0.0
2009-06-13,14.82,14.82,0.0,23.82,23.82,0.0,37.82,37.82,0.0
2009-06-14,14.77,14.77,0.0,23.94,23.94,0.0,37.93,37.93,0.0
2009-06-15,13.71,13.71,0.0,23.53,23.53,0.0,36.89,36.89,0.0
2009-06-16,13.53,13.53,0.0,21.97,21.97,0.0,34.87,34.87,0.0
2009-06-17,13.07,13.07,0.0,21.78,21.78,0.0,34.87,34.87,0.0
2009-06-18,12.69,12.69,0.0,20.14,20.14,0.0,31.95,31.95,0.0
2009-06-19,12.21,12.21,0.0,20.67,20.67,0.0,32.38,32.38,0.0
2009-06-20,12.37,12.37,0.0,21.08,21.08,0.0,33.03,33.03,0.0
2009-06-21,11.7,11.7,0.0,19.68,19.68,0.0,30.85,30.85,0.0
2009-06-22,11.14,11.14,0.0,18.48,18.48,0.0,29.03,29.03,0.0
2009-06-23,10.62,10.62,0.0,17.71,17.71,0.0,27.66,27.66,0.0
2009-06-24,10.55,10.55,0.0,17.09,17.09,0.0,26.84,26.84,0.0
2009-06-25,9.927,9.927,0.0,16.99,16.99,0.0,26.39,26.39,0.0
2009-06-26,9.656,9.656,0.0,16.33,16.33,0.0,25.43,25.43,0.0
2009-06-27,9.278,9.278,0.0,14.97,14.97,0.0,23.75,23.75,0.0
2009-06-28,8.846,8.846,0.0,14.98,14.98,0.0,23.42,23.42,0.0
2009-06-29,8.736,8.736,0.0,14.32,14.32,0.0,22.3,22.3,0.0
2009-06-30,8.278,8.278,0.0,14.32,14.32,0.0,22.2,22.2,0.0
2009-07-01,8.0,8.0,0.0,14.01,14.01,0.0,21.74,21.74,0.0
2009-07-02,7.856,7.856,0.0,13.11,13.11,0.0,20.56,20.56,0.0
2009-07-03,7.474,7.474,0.0,12.67,12.67,0.0,19.82,19.82,0.0
2009-07-04,7.315,7.315,0.0,12.36,12.36,0.0,19.23,19.23,0.0
2009-07-05,7.207,7.207,0.0,11.88,11.88,0.0,18.43,18.43,0.0
2009-07-06,6.601,6.601,0.0,11.45,11.45,0.0,17.59,17.59,0.0
2009-07-07,6.455,6.455,0.0,11.12,11.12,0.0,17.15,17.15,0.0
2009-07-08,6.312,6.312,0.0,10.45,10.45,0.0,16.34,16.34,0.0
2009-07-09,6.062,6.062,0.0,10.33,10.33,0.0,16.01,16.01,0.0
2009-07-10,5.938,5.938,0.0,9.796,9.796,0.0,15.16,15.16,0.0
2009-07-11,5.507,5.507,0.0,9.607,9.607,0.0,14.72,14.72,0.0
2009-07-12,5.402,5.402,0.0,9.361,9.361,0.0,14.38,14.38,0.0
2009-07-13,5.321,5.321,0.0,8.836,8.836,0.0,13.75,13.75,0.0
2009-07-14,5.063,5.063,0.0,8.697,8.697,0.0,13.41,13.41,0.0
2009-07-15,4.953,4.953,0.0,8.471,8.471,0.0,12.92,12.92,0.0
2009-07-16,4.713,4.713,0.0,7.834,7.834,0.0,12.14,12.14,0.0
2009-07-17,4.748,4.748,0.0,8.593,8.593,0.0,13.45,13.45,0.0
2009-07-18,4.372,4.372,0.0,7.547,7.547,0.0,11.62,11.62,0.0
2009-07-19,4.223,4.223,0.0,7.38,7.38,0.0,11.25,11.25,0.0
2009-07-20,4.206,4.206,0.0,7.473,7.473,0.0,11.49,11.49,0.0
2009-07-21,4.083,4.083,0.0,7.248,7.248,0.0,11.17,11.17,0.0
2009-07-22,3.925,3.925,0.0,6.778,6.778,0.0,10.57,10.57,0.0
2009-07-23,3.871,3.871,0.0,6.483,6.483,0.0,10.07,10.07,0.0
2009-07-24,3.807,3.807,0.0,6.271,6.271,0.0,9.744,9.744,0.0
2009-07-25,4.454,4.454,0.0,8.182,8.182,0.0,12.74,12.74,0.0
2009-07-26,4.056,4.056,0.0,7.46,7.46,0.0,11.49,11.49,0.0
2009-07-27,3.652,3.652,0.0,6.694,6.694,0.0,10.14,10.14,0.0
2009-07-28,3.59,3.59,0.0,6.267,6.267,0.0,9.633,9.633,0.0
2009-07-29,3.672,3.672,0.0,6.64,6.64,0.0,10.28,10.28,0.0
2009-07-30,3.442,3.442,0.0,6.152,6.152,0.0,9.397,9.397,0.0
2009-07-31,3.698,3.698,0.0,7.408,7.408,0.0,11.46,11.46,0.0
2009-08-01,3.6,3.6,0.0,7.346,7.346,0.0,11.22,11.22,0.0
2009-08-02,3.741,3.741,0.0,7.277,7.277,0.0,11.18,11.18,0.0
2009-08-03,3.468,3.468,0.0,6.476,6.476,0.0,9.893,9.893,0.0
2009-08-04,3.364,3.364,0.0,6.312,6.312,0.0,9.622,9.622,0.0
2009-08-05,3.442,3.442,0.0,6.677,6.677,0.0,10.31,10.31,0.0
2009-08-06,3.133,3.133,0.0,6.038,6.038,0.0,9.106,9.106,0.0
2009-08-07,3.033,3.033,0.0,5.839,5.839,0.0,8.823,8.823,0.0
2009-08-08,2.862,2.862,0.0,5.634,5.634,0.0,8.493,8.493,0.0
2009-08-09,2.808,2.808,0.0,5.292,5.292,0.0,8.074,8.074,0.0
2009-08-10,2.718,2.718,0.0,5.273,5.273,0.0,8.028,8.028,0.0
2009-08-11,2.766,2.766,0.0,5.535,5.535,0.0,8.47,8.47,0.0
2009-08-12,2.539,2.539,0.0,4.98,4.98,0.0,7.466,7.466,0.0
2009-08-13,2.465,2.465,0.0,4.866,4.866,0.0,7.31,7.31,0.0
2009-08-14,2.298,2.298,0.0,4.53,4.53,0.0,6.838,6.838,0.0
2009-08-15,2.228,2.228,0.0,4.422,4.422,0.0,6.654,6.654,0.0
2009-08-16,2.161,2.161,0.0,4.289,4.289,0.0,6.444,6.444,0.0
2009-08-17,2.056,2.056,0.0,4.157,4.157,0.0,6.227,6.227,0.0
2009-08-18,2.158,2.158,0.0,4.457,4.457,0.0,6.794,6.794,0.0
2009-08-19,1.986,1.986,0.0,3.886,3.886,0.0,5.873,5.873,0.0
2009-08-20,1.962,1.962,0.0,3.884,3.884,0.0,5.879,5.879,0.0
2009-08-21,2.176,2.176,0.0,4.495,4.495,0.0,6.995,6.995,0.0
2009-08-22,1.891,1.891,0.0,3.798,3.798,0.0,5.718,5.718,0.0
2009-08-23,1.837,1.837,0.0,3.68,3.68,0.0,5.546,5.546,0.0
2009-08-24,1.778,1.778,0.0,3.57,3.57,0.0,5.377,5.377,0.0
2009-08-25,1.718,1.718,0.0,3.384,3.384,0.0,5.131,5.131,0.0
2009-08-26,1.651,1.651,0.0,3.307,3.307,0.0,4.991,4.991,0.0
2009-08-27,1.578,1.578,0.0,3.194,3.194,0.0,4.813,4.813,0.0
2009-08-28,1.628,1.628,0.0,3.371,3.371,0.0,5.109,5.109,0.0
2009-08-29,1.509,1.509,0.0,3.142,3.142,0.0,4.676,4.676,0.0
2009-08-30,1.443,1.443,0.0,3.019,3.019,0.0,4.484,4.484,0.0
2009-08-31,1.395,1.395,0.0,2.87,2.87,0.0,4.287,4.287,0.0
2009-09-01,1.342,1.342,0.0,2.799,2.799,0.0,4.164,4.164,0.0
2009-09-02,1.297,1.297,0.0,2.688,2.688,0.0,3.996,3.996,0.0
2009-09-03,1.253,1.253,0.0,2.602,2.602,0.0,3.869,3.869,0.0
2009-09-04,1.206,1.206,0.0,2.483,2.483,0.0,3.705,3.705,0.0
2009-09-05,1.166,1.166,0.0,2.409,2.409,0.0,3.59,3.59,0.0
2009-09-06,1.171,1.171,0.0,2.438,2.438,0.0,3.664,3.664,0.0
2009-09-07,1.093,1.093,0.0,2.258,2.258,0.0,3.359,3.359,0.0
2009-09-08,1.055,1.055,0.0,2.182,2.182,0.0,3.243,3.243,0.0
2009-09-09,1.03,1.03,0.0,2.139,2.139,0.0,3.188,3.188,0.0
2009-09-10,0.9807,0.9807,0.0,2.04,2.04,0.0,3.029,3.029,0.0
2009-09-11,0.949,0.949,0.0,1.964,1.964,0.0,2.92,2.92,0.0
2009-09-12,0.9172,0.9172,0.0,1.889,1.889,0.0,2.809,2.809,0.0
2009-09-13,0.8817,0.8817,0.0,1.825,1.825,0.0,2.714,2.714,0.0
2009-09-14,0.852,0.852,0.0,1.765,1.765,0.0,2.623,2.623,0.0
2009-09-15,0.824,0.824,0.0,1.703,1.703,0.0,2.533,2.533,0.0
2009-09-16,0.7983,0.7983,0.0,1.654,1.654,0.0,2.457,2.457,0.0
2009-09-17,0.7652,0.7652,0.0,1.594,1.594,0.0,2.366,2.366,0.0
2009-09-18,0.7407,0.7407,0.0,1.539,1.539,0.0,2.283,2.283,0.0
2009-09-19,0.7123,0.7123,0.0,1.488,1.488,0.0,2.206,2.206,0.0
2009-09-20,0.6887,0.6887,0.0,1.436,1.436,0.0,2.13,2.13,0.0
2009-09-21,0.6663,0.6663,0.0,1.381,1.381,0.0,2.052,2.052,0.0
2009-09-22,0.6506,0.6506,0.0,1.352,1.352,0.0,2.016,2.016,0.0
2009-09-23,0.618,0.618,0.0,1.288,1.288,0.0,1.912,1.912,0.0
2009-09-24,0.7578,0.7578,0.0,1.541,1.541,0.0,2.397,2.397,0.0
2009-09-25,0.9601,0.9601,0.0,1.652,1.652,0.0,2.619,2.619,0.0
2009-09-26,4.433,4.433,0.0,5.269,5.269,0.0,9.472,9.472,0.0
2009-09-27,2.548,2.548,0.0,3.515,3.515,0.0,5.862,5.862,0.0
2009-09-28,2.659,2.659,0.0,4.015,4.015,0.0,6.545,6.545,0.0
2009-09-29,2.627,2.627,0.0,4.627,4.627,0.0,7.36,7.36,0.0
2009-09-30,2.449,2.449,0.0,4.479,4.479,0.0,6.92,6.92,0.0
2009-10-01,2.268,2.268,0.0,4.074,4.074,0.0,6.217,6.217,0.0
2009-10-02,2.214,2.214,0.0,4.004,4.004,0.0,6.138,6.138,0.0
2009-10-03,2.116,2.116,0.0,3.81,3.81,0.0,5.823,5.823,0.0
2009-10-04,2.042,2.042,0.0,3.681,3.681,0.0,5.627,5.627,0.0
2009-10-05,1.967,1.967,0.0,3.546,3.546,0.0,5.424,5.424,0.0
2009-10-06,2.014,2.014,0.0,3.758,3.758,0.0,5.84,5.84,0.0
2009-10-07,1.833,1.833,0.0,3.331,3.331,0.0,5.081,5.081,0.0
2009-10-08,1.885,1.885,0.0,3.562,3.562,0.0,5.52,5.52,0.0
2009-10-09,1.974,1.974,0.0,4.032,4.032,0.0,6.237,6.237,0.0
2009-10-10,1.723,1.723,0.0,3.413,3.413,0.0,5.127,5.127,0.0
2009-10-11,1.631,1.631,0.0,3.218,3.218,0.0,4.806,4.806,0.0
2009-10-12,1.619,1.619,0.0,3.228,3.228,0.0,4.863,4.863,0.0
2009-10-13,1.517,1.517,0.0,3.002,3.002,0.0,4.477,4.477,0.0
2009-10-14,1.615,1.615,0.0,3.232,3.232,0.0,4.911,4.911,0.0
2009-10-15,1.954,1.954,0.0,4.408,4.408,0.0,6.611,6.611,0.0
2009-10-16,1.68,1.68,0.0,3.747,3.747,0.0,5.389,5.389,0.0
2009-10-17,1.689,1.689,0.0,4.026,4.026,0.0,5.797,5.797,0.0
2009-10-18,1.559,1.559,0.0,3.776,3.776,0.0,5.336,5.336,0.0
2009-10-19,1.486,1.486,0.0,3.605,3.605,0.0,5.074,5.074,0.0
2009-10-20,1.435,1.435,0.0,3.49,3.49,0.0,4.906,4.906,0.0
2009-10-21,1.385,1.385,0.0,3.326,3.326,0.0,4.694,4.694,0.0
2009-10-22,1.336,1.336,0.0,3.202,3.202,0.0,4.524,4.524,0.0
2009-10-23,2.07,2.07,0.0,6.217,6.217,0.0,8.794,8.794,0.0
2009-10-24,1.978,1.978,0.0,6.571,6.571,0.0,8.73,8.73,0.0
2009-10-25,1.746,1.746,0.0,6.154,6.154,0.0,7.885,7.885,0.0
2009-10-26,2.035,2.035,0.0,6.292,6.292,0.0,8.286,8.286,0.0
2009-10-27,3.588,3.588,0.0,11.41,11.41,0.0,15.68,15.68,0.0
2009-10-28,2.986,2.986,0.0,10.79,10.79,0.0,14.03,14.03,0.0
2009-10-29,2.809,2.809,0.0,10.45,10.45,0.0,13.4,13.4,0.0
2009-10-30,2.718,2.718,0.0,10.24,10.24,0.0,13.11,13.11,0.0
2009-10-31,2.933,2.933,0.0,10.1,10.1,0.0,13.37,13.37,0.0
2009-11-01,2.703,2.703,0.0,8.487,8.487,0.0,11.36,11.36,0.0
2009-11-02,2.586,2.586,0.0,8.71,8.71,0.0,11.45,11.45,0.0
2009-11-03,2.51,2.51,0.0,8.985,8.985,0.0,11.65,11.65,0.0
2009-11-04,2.429,2.429,0.0,8.97,8.97,0.0,11.57,11.57,0.0
2009-11-05,2.342,2.342,0.0,8.231,8.231,0.0,10.73,10.73,0.0
2009-11-06,2.255,2.255,0.0,7.206,7.206,0.0,9.616,9.616,0.0
2009-11-07,2.163,2.163,0.0,7.446,7.446,0.0,9.748,9.748,0.0
2009-11-08,2.096,2.096,0.0,7.511,7.511,0.0,9.742,9.742,0.0
2009-11-09,2.021,2.021,0.0,7.191,7.191,0.0,9.347,9.347,0.0
2009-11-10,2.209,2.209,0.0,7.143,7.143,0.0,9.435,9.435,0.0
2009-11-11,2.97,2.97,0.0,8.467,8.467,0.0,11.69,11.69,0.0
2009-11-12,2.95,2.95,0.0,7.783,7.783,0.0,10.82,10.82,0.0
2009-11-13,2.861,2.861,0.0,7.803,7.803,0.0,10.78,10.78,0.0
2009-11-14,2.726,2.726,0.0,7.828,7.828,0.0,10.65,10.65,0.0
2009-11-15,2.646,2.646,0.0,7.358,7.358,0.0,10.09,10.09,0.0
2009-11-16,2.532,2.532,0.0,7.169,7.169,0.0,9.732,9.732,0.0
2009-11-17,2.447,2.447,0.0,6.615,6.615,0.0,9.122,9.122,0.0
2009-11-18,3.163,3.163,0.0,7.808,7.808,0.0,11.11,11.11,0.0
2009-11-19,3.556,3.556,0.0,8.894,8.894,0.0,12.76,12.76,0.0
2009-11-20,3.379,3.379,0.0,8.616,8.616,0.0,12.16,12.16,0.0
2009-11-21,3.289,3.289,0.0,8.259,8.259,0.0,11.72,11.72,0.0
2009-11-22,3.547,3.547,0.0,7.543,7.543,0.0,11.06,11.06,0.0
2009-11-23,3.987,3.987,0.0,8.5,8.5,0.0,12.5,12.5,0.0
2009-11-24,3.826,3.826,0.0,7.426,7.426,0.0,11.01,11.01,0.0
2009-11-25,3.753,3.753,0.0,7.801,7.801,0.0,11.42,11.42,0.0
2009-11-26,3.405,3.405,0.0,8.163,8.163,0.0,11.59,11.59,0.0
2009-11-27,3.818,3.818,0.0,8.634,8.634,0.0,12.54,12.54,0.0
2009-11-28,3.681,3.681,0.0,8.651,8.651,0.0,12.26,12.26,0.0
2009-11-29,3.584,3.584,0.0,8.271,8.271,0.0,11.83,11.83,0.0
2009-11-30,3.849,3.849,0.0,9.413,9.413,0.0,13.42,13.42,0.0
2009-12-01,3.673,3.673,0.0,8.929,8.929,0.0,12.48,12.48,0.0
2009-12-02,6.442,6.442,0.0,13.03,13.03,0.0,19.42,19.42,0.0
2009-12-03,6.312,6.312,0.0,13.75,13.75,0.0,20.01,20.01,0.0
2009-12-04,6.294,6.294,0.0,12.53,12.53,0.0,18.83,18.83,0.0
2009-12-05,5.85,5.85,0.0,13.38,13.38,0.0,19.71,19.71,0.0
2009-12-06,4.962,4.962,0.0,11.41,11.41,0.0,16.65,16.65,0.0
2009-12-07,4.949,4.949,0.0,10.91,10.91,0.0,15.84,15.84,0.0
2009-12-08,5.486,5.486,0.0,13.13,13.13,0.0,19.52,19.52,0.0
2009-12-09,9.198,9.198,0.0,39.09,39.09,0.0,49.84,49.84,0.0
2009-12-10,9.084,9.084,0.0,23.21,23.21,0.0,33.24,33.24,0.0
2009-12-11,8.979,8.979,0.0,19.2,19.2,0.0,28.94,28.94,0.0
2009-12-12,8.705,8.705,0.0,17.64,17.64,0.0,27.07,27.07,0.0
2009-12-13,9.538,9.538,0.0,21.52,21.52,0.0,32.72,32.72,0.0
2009-12-14,9.463,9.463,0.0,30.62,30.62,0.0,40.32,40.32,0.0
2009-12-15,7.474,7.474,0.0,20.96,20.96,0.0,29.29,29.29,0.0
2009-12-16,7.213,7.213,0.0,17.66,17.66,0.0,25.71,25.71,0.0
2009-12-17,6.675,6.675,0.0,15.39,15.39,0.0,23.09,23.09,0.0
2009-12-18,6.355,6.355,0.0,15.1,15.1,0.0,22.67,22.67,0.0
2009-12-19,6.154,6.154,0.0,13.99,13.99,0.0,21.16,21.16,0.0
2009-12-20,6.021,6.021,0.0,13.96,13.96,0.0,20.72,20.72,0.0
2009-12-21,5.734,5.734,0.0,12.97,12.97,0.0,19.61,19.61,0.0
2009-12-22,5.476,5.476,0.0,13.01,13.01,0.0,19.15,19.15,0.0
2009-12-23,5.118,5.118,0.0,11.49,11.49,0.0,17.32,17.32,0.0
2009-12-24,5.307,5.307,0.0,11.8,11.8,0.0,17.41,17.41,0.0
2009-12-25,5.118,5.118,0.0,12.12,12.12,0.0,17.87,17.87,0.0
2009-12-26,8.389,8.389,0.0,15.02,15.02,0.0,24.19,24.19,0.0
2009-12-27,6.147,6.147,0.0,14.52,14.52,0.0,22.32,22.32,0.0
2009-12-28,5.8,5.8,0.0,12.11,12.11,0.0,18.36,18.36,0.0
2009-12-29,5.528,5.528,0.0,10.74,10.74,0.0,16.44,16.44,0.0
2009-12-30,4.689,4.689,0.0,9.92,9.92,0.0,14.84,14.84,0.0
2009-12-31,4.448,4.448,0.0,9.612,9.612,0.0,14.52,14.52,0.0
2010-01-01,4.404,4.404,0.0,9.557,9.557,0.0,14.28,14.28,0.0
2010-01-02,4.253,4.253,0.0,9.221,9.221,0.0,13.81,13.81,0.0
2010-01-03,4.267,4.267,0.0,8.855,8.855,0.0,13.22,13.22,0.0
2010-01-04,3.969,3.969,0.0,8.154,8.154,0.0,12.24,12.24,0.0
2010-01-05,4.026,4.026,0.0,8.075,8.075,0.0,12.32,12.32,0.0
2010-01-06,3.706,3.706,0.0,7.973,7.973,0.0,12.01,12.01,0.0
2010-01-07,3.596,3.596,0.0,7.737,7.737,0.0,11.71,11.71,0.0
2010-01-08,3.485,3.485,0.0,7.041,7.041,0.0,10.67,10.67,0.0
2010-01-09,3.445,3.445,0.0,6.825,6.825,0.0,10.36,10.36,0.0
2010-01-10,3.28,3.28,0.0,6.744,6.744,0.0,10.16,10.16,0.0
2010-01-11,3.122,3.122,0.0,6.585,6.585,0.0,9.892,9.892,0.0
2010-01-12,3.001,3.001,0.0,6.318,6.318,0.0,9.519,9.519,0.0
2010-01-13,2.817,2.817,0.0,6.064,6.064,0.0,9.065,9.065,0.0
2010-01-14,3.968,3.968,0.0,7.164,7.164,0.0,12.07,12.07,0.0
2010-01-15,5.557,5.557,0.0,7.795,7.795,0.0,13.96,13.96,0.0
2010-01-16,13.19,13.19,0.0,29.34,29.34,0.0,42.09,42.09,0.0
2010-01-17,11.85,11.85,0.0,31.23,31.23,0.0,42.35,42.35,0.0
2010-01-18,4.534,4.534,0.0,17.0,17.0,0.0,22.22,22.22,0.0
2010-01-19,5.005,5.005,0.0,14.11,14.11,0.0,19.61,19.61,0.0
2010-01-20,5.764,5.764,0.0,15.03,15.03,0.0,20.99,20.99,0.0
2010-01-21,7.18,7.18,0.0,15.82,15.82,0.0,23.03,23.03,0.0
2010-01-22,7.334,7.334,0.0,15.91,15.91,0.0,22.89,22.89,0.0
2010-01-23,9.371,9.371,0.0,16.2,16.2,0.0,25.3,25.3,0.0
2010-01-24,36.95,36.95,0.0,69.33,69.33,0.0,101.1,101.1,0.0
2010-01-25,20.79,20.79,0.0,53.83,53.83,0.0,76.58,76.58,0.0
2010-01-26,17.4,17.4,0.0,36.42,36.42,0.0,54.62,54.62,0.0
2010-01-27,16.59,16.59,0.0,31.45,31.45,0.0,46.96,46.96,0.0
2010-01-28,10.2,10.2,0.0,17.36,17.36,0.0,28.88,28.88,0.0
2010-01-29,10.26,10.26,0.0,21.24,21.24,0.0,32.6,32.6,0.0
2010-01-30,11.8,11.8,0.0,22.1,22.1,0.0,34.19,34.19,0.0
2010-01-31,12.13,12.13,0.0,22.78,22.78,0.0,35.04,35.04,0.0
2010-02-01,11.42,11.42,0.0,15.5,15.5,0.0,26.54,26.54,0.0
2010-02-02,10.15,10.15,0.0,18.05,18.05,0.0,28.33,28.33,0.0
2010-02-03,9.471,9.471,0.0,18.01,18.01,0.0,27.99,27.99,0.0
2010-02-04,9.832,9.832,0.0,18.52,18.52,0.0,28.57,28.57,0.0
2010-02-05,10.07,10.07,0.0,17.23,17.23,0.0,28.45,28.45,0.0
2010-02-06,8.782,8.782,0.0,15.39,15.39,0.0,24.62,24.62,0.0
2010-02-07,8.808,8.808,0.0,15.17,15.17,0.0,23.61,23.61,0.0
2010-02-08,8.408,8.408,0.0,14.19,14.19,0.0,22.55,22.55,0.0
2010-02-09,8.266,8.266,0.0,14.68,14.68,0.0,23.27,23.27,0.0
2010-02-10,7.63,7.63,0.0,13.41,13.41,0.0,21.57,21.57,0.0
2010-02-11,7.365,7.365,0.0,12.67,12.67,0.0,20.17,20.17,0.0
2010-02-12,7.335,7.335,0.0,12.39,12.39,0.0,19.69,19.69,0.0
2010-02-13,7.068,7.068,0.0,12.12,12.12,0.0,19.08,19.08,0.0
2010-02-14,6.718,6.718,0.0,11.24,11.24,0.0,17.93,17.93,0.0
2010-02-15,6.347,6.347,0.0,10.96,10.96,0.0,17.33,17.33,0.0
2010-02-16,6.383,6.383,0.0,10.7,10.7,0.0,17.11,17.11,0.0
2010-02-17,6.037,6.037,0.0,10.39,10.39,0.0,16.55,16.55,0.0
2010-02-18,5.779,5.779,0.0,10.16,10.16,0.0,15.81,15.81,0.0
2010-02-19,5.76,5.76,0.0,9.941,9.941,0.0,15.75,15.75,0.0
2010-02-20,6.533,6.533,0.0,10.83,10.83,0.0,17.8,17.8,0.0
2010-02-21,6.609,6.609,0.0,11.52,11.52,0.0,19.15,19.15,0.0
2010-02-22,8.137,8.137,0.0,12.65,12.65,0.0,21.51,21.51,0.0
2010-02-23,7.637,7.637,0.0,12.25,12.25,0.0,20.57,20.57,0.0
2010-02-24,6.939,6.939,0.0,10.48,10.48,0.0,17.59,17.59,0.0
2010-02-25,6.937,6.937,0.0,9.317,9.317,0.0,16.28,16.28,0.0
2010-02-26,6.178,6.178,0.0,9.497,9.497,0.0,15.96,15.96,0.0
2010-02-27,5.326,5.326,0.0,8.376,8.376,0.0,13.73,13.73,0.0
2010-02-28,5.275,5.275,0.0,8.397,8.397,0.0,14.16,14.16,0.0
2010-03-01,5.821,5.821,0.0,8.69,8.69,0.0,15.05,15.05,0.0
2010-03-02,5.961,5.961,0.0,8.532,8.532,0.0,15.07,15.07,0.0
2010-03-03,5.901,5.901,0.0,9.061,9.061,0.0,14.96,14.96,0.0
2010-03-04,4.969,4.969,0.0,8.866,8.866,0.0,15.1,15.1,0.0
2010-03-05,4.845,4.845,0.0,8.336,8.336,0.0,14.19,14.19,0.0
2010-03-06,7.769,7.769,0.0,10.3,10.3,0.0,19.21,19.21,0.0
2010-03-07,15.3,15.3,0.0,18.52,18.52,0.0,33.84,33.84,0.0
2010-03-08,18.9,18.9,0.0,25.19,25.19,0.0,43.84,43.84,0.0
2010-03-09,15.65,15.65,0.0,45.76,45.76,0.0,61.86,61.86,0.0
2010-03-10,16.48,16.48,0.0,85.51,85.51,0.0,102.5,102.5,0.0
2010-03-11,22.69,22.69,0.0,97.86,97.86,0.0,120.0,120.0,0.0
2010-03-12,25.68,25.68,0.0,65.65,65.65,0.0,90.06,90.06,0.0
2010-03-13,27.38,27.38,0.0,53.73,53.73,0.0,81.15,81.15,0.0
2010-03-14,22.07,22.07,0.0,48.76,48.76,0.0,72.62,72.62,0.0
2010-03-15,19.35,19.35,0.0,40.75,40.75,0.0,61.04,61.04,0.0
2010-03-16,18.65,18.65,0.0,38.39,38.39,0.0,57.86,57.86,0.0
2010-03-17,20.06,20.06,0.0,35.02,35.02,0.0,54.53,54.53,0.0
2010-03-18,19.42,19.42,0.0,39.33,39.33,0.0,59.03,59.03,0.0
2010-03-19,16.42,16.42,0.0,37.89,37.89,0.0,55.6,55.6,0.0
2010-03-20,16.81,16.81,0.0,37.46,37.46,0.0,55.2,55.2,0.0
2010-03-21,18.46,18.46,0.0,34.17,34.17,0.0,52.31,52.31,0.0
2010-03-22,20.44,20.44,0.0,36.85,36.85,0.0,56.91,56.91,0.0
2010-03-23,20.17,20.17,0.0,39.0,39.0,0.0,58.35,58.35,0.0
2010-03-24,18.7,18.7,0.0,39.04,39.04,0.0,57.68,57.68,0.0
2010-03-25,17.21,17.21,0.0,38.65,38.65,0.0,56.91,56.91,0.0
2010-03-26,17.41,17.41,0.0,36.4,36.4,0.0,54.96,54.96,0.0
2010-03-27,18.16,18.16,0.0,33.29,33.29,0.0,53.11,53.11,0.0
2010-03-28,22.81,22.81,0.0,38.53,38.53,0.0,62.35,62.35,0.0
2010-03-29,23.39,23.39,0.0,40.87,40.87,0.0,65.13,65.13,0.0
2010-03-30,22.05,22.05,0.0,40.29,40.29,0.0,61.32,61.32,0.0
2010-03-31,17.57,17.57,0.0,37.44,37.44,0.0,55.54,55.54,0.0
2010-04-01,17.27,17.27,0.0,31.81,31.81,0.0,50.0,50.0,0.0
2010-04-02,17.97,17.97,0.0,32.16,32.16,0.0,50.76,50.76,0.0
2010-04-03,17.94,17.94,0.0,32.77,32.77,0.0,50.75,50.75,0.0
2010-04-04,16.97,16.97,0.0,32.6,32.6,0.0,50.04,50.04,0.0
2010-04-05,15.1,15.1,0.0,30.04,30.04,0.0,45.63,45.63,0.0
2010-04-06,15.09,15.09,0.0,27.96,27.96,0.0,43.53,43.53,0.0
2010-04-07,15.24,15.24,0.0,27.92,27.92,0.0,43.51,43.51,0.0
2010-04-08,16.07,16.07,0.0,29.49,29.49,0.0,45.97,45.97,0.0
2010-04-09,15.76,15.76,0.0,29.18,29.18,0.0,44.84,44.84,0.0
2010-04-10,14.79,14.79,0.0,28.14,28.14,0.0,43.23,43.23,0.0
2010-04-11,12.72,12.72,0.0,25.87,25.87,0.0,38.98,38.98,0.0
2010-04-12,13.16,13.16,0.0,23.5,23.5,0.0,36.83,36.83,0.0
2010-04-13,13.17,13.17,0.0,23.92,23.92,0.0,37.21,37.21,0.0
2010-04-14,12.92,12.92,0.0,23.85,23.85,0.0,36.6,36.6,0.0
2010-04-15,11.92,11.92,0.0,22.97,22.97,0.0,35.13,35.13,0.0
2010-04-16,11.38,11.38,0.0,24.56,24.56,0.0,36.49,36.49,0.0
2010-04-17,11.01,11.01,0.0,22.26,22.26,0.0,33.47,33.47,0.0
2010-04-18,10.96,10.96,0.0,20.84,20.84,0.0,31.98,31.98,0.0
2010-04-19,10.76,10.76,0.0,21.18,21.18,0.0,32.1,32.1,0.0
2010-04-20,10.25,10.25,0.0,20.95,20.95,0.0,31.23,31.23,0.0
2010-04-21,9.317,9.317,0.0,20.1,20.1,0.0,29.6,29.6,0.0
2010-04-22,9.178,9.178,0.0,18.87,18.87,0.0,28.14,28.14,0.0
2010-04-23,9.225,9.225,0.0,17.79,17.79,0.0,27.25,27.25,0.0
2010-04-24,9.73,9.73,0.0,19.2,19.2,0.0,29.27,29.27,0.0
2010-04-25,9.959,9.959,0.0,19.97,19.97,0.0,30.21,30.21,0.0
2010-04-26,10.27,10.27,0.0,21.29,21.29,0.0,31.9,31.9,0.0
2010-04-27,9.956,9.956,0.0,20.8,20.8,0.0,30.93,30.93,0.0
2010-04-28,8.309,8.309,0.0,19.59,19.59,0.0,28.14,28.14,0.0
2010-04-29,8.364,8.364,0.0,17.29,17.29,0.0,25.72,25.72,0.0
2010-04-30,8.471,8.471,0.0,16.8,16.8,0.0,25.35,25.35,0.0
2010-05-01,8.807,8.807,0.0,17.68,17.68,0.0,26.46,26.46,0.0
2010-05-02,10.12,10.12,0.0,21.18,21.18,0.0,31.94,31.94,0.0
2010-05-03,10.1,10.1,0.0,20.92,20.92,0.0,31.25,31.25,0.0
2010-05-04,9.871,9.871,0.0,20.63,20.63,0.0,30.72,30.72,0.0
2010-05-05,8.386,8.386,0.0,18.48,18.48,0.0,26.73,26.73,0.0
2010-05-06,7.87,7.87,0.0,16.05,16.05,0.0,24.25,24.25,0.0
2010-05-07,8.254,8.254,0.0,17.8,17.8,0.0,26.41,26.41,0.0
2010-05-08,8.299,8.299,0.0,18.55,18.55,0.0,27.05,27.05,0.0
2010-05-09,8.096,8.096,0.0,18.28,18.28,0.0,26.24,26.24,0.0
2010-05-10,7.182,7.182,0.0,17.88,17.88,0.0,25.0,25.0,0.0
2010-05-11,8.329,8.329,0.0,20.57,20.57,0.0,29.28,29.28,0.0
2010-05-12,10.14,10.14,0.0,22.01,22.01,0.0,31.7,31.7,0.0
2010-05-13,11.68,11.68,0.0,17.97,17.97,0.0,28.9,28.9,0.0
2010-05-14,12.02,12.02,0.0,19.35,19.35,0.0,30.78,30.78,0.0
2010-05-15,11.92,11.92,0.0,19.33,19.33,0.0,30.35,30.35,0.0
2010-05-16,14.63,14.63,0.0,21.63,21.63,0.0,34.61,34.61,0.0
2010-05-17,16.66,16.66,0.0,24.66,24.66,0.0,39.84,39.84,0.0
2010-05-18,18.88,18.88,0.0,28.12,28.12,0.0,45.09,45.09,0.0
2010-05-19,13.83,13.83,0.0,27.46,27.46,0.0,40.83,40.83,0.0
2010-05-20,14.7,14.7,0.0,23.56,23.56,0.0,36.95,36.95,0.0
2010-05-21,13.38,13.38,0.0,20.34,20.34,0.0,33.25,33.25,0.0
2010-05-22,14.7,14.7,0.0,23.66,23.66,0.0,37.42,37.42,0.0
2010-05-23,15.37,15.37,0.0,25.32,25.32,0.0,39.67,39.67,0.0
2010-05-24,14.24,14.24,0.0,25.25,25.25,0.0,38.26,38.26,0.0
2010-05-25,12.95,12.95,0.0,24.76,24.76,0.0,36.91,36.91,0.0
2010-05-26,12.14,12.14,0.0,18.65,18.65,0.0,30.41,30.41,0.0
2010-05-27,12.55,12.55,0.0,20.11,20.11,0.0,31.63,31.63,0.0
2010-05-28,12.35,12.35,0.0,21.56,21.56,0.0,33.67,33.67,0.0
2010-05-29,11.51,11.51,0.0,20.94,20.94,0.0,32.15,32.15,0.0
2010-05-30,10.87,10.87,0.0,19.63,19.63,0.0,29.77,29.77,0.0
2010-05-31,10.65,10.65,0.0,17.45,17.45,0.0,27.68,27.68,0.0
2010-06-01,10.67,10.67,0.0,17.42,17.42,0.0,27.26,27.26,0.0
2010-06-02,10.1,10.1,0.0,17.61,17.61,0.0,27.14,27.14,0.0
2010-06-03,9.632,9.632,0.0,17.78,17.78,0.0,26.92,26.92,0.0
2010-06-04,9.658,9.658,0.0,16.59,16.59,0.0,25.43,25.43,0.0
2010-06-05,9.07,9.07,0.0,15.25,15.25,0.0,23.98,23.98,0.0
2010-06-06,9.229,9.229,0.0,15.63,15.63,0.0,24.45,24.45,0.0
2010-06-07,8.911,8.911,0.0,15.34,15.34,0.0,23.62,23.62,0.0
2010-06-08,8.018,8.018,0.0,15.25,15.25,0.0,23.06,23.06,0.0
2010-06-09,8.274,8.274,0.0,15.76,15.76,0.0,23.55,23.55,0.0
2010-06-10,7.803,7.803,0.0,13.88,13.88,0.0,21.14,21.14,0.0
2010-06-11,7.514,7.514,0.0,12.85,12.85,0.0,19.81,19.81,0.0
2010-06-12,7.606,7.606,0.0,13.63,13.63,0.0,20.86,20.86,0.0
2010-06-13,7.137,7.137,0.0,13.21,13.21,0.0,19.9,19.9,0.0
2010-06-14,6.634,6.634,0.0,12.92,12.92,0.0,19.0,19.0,0.0
2010-06-15,6.538,6.538,0.0,12.08,12.08,0.0,18.13,18.13,0.0
2010-06-16,6.506,6.506,0.0,11.41,11.41,0.0,17.44,17.44,0.0
2010-06-17,6.166,6.166,0.0,10.96,10.96,0.0,16.7,16.7,0.0
2010-06-18,6.077,6.077,0.0,10.96,10.96,0.0,16.57,16.57,0.0
2010-06-19,5.514,5.514,0.0,10.77,10.77,0.0,16.03,16.03,0.0
2010-06-20,5.438,5.438,0.0,9.988,9.988,0.0,14.93,14.93,0.0
2010-06-21,5.4,5.4,0.0,9.58,9.58,0.0,14.46,14.46,0.0
2010-06-22,5.153,5.153,0.0,9.554,9.554,0.0,14.31,14.31,0.0
2010-06-23,5.126,5.126,0.0,9.301,9.301,0.0,14.12,14.12,0.0
2010-06-24,4.956,4.956,0.0,9.553,9.553,0.0,14.28,14.28,0.0
2010-06-25,4.536,4.536,0.0,8.799,8.799,0.0,12.94,12.94,0.0
2010-06-26,4.526,4.526,0.0,8.53,8.53,0.0,12.61,12.61,0.0
2010-06-27,4.363,4.363,0.0,8.276,8.276,0.0,12.31,12.31,0.0
2010-06-28,4.2,4.2,0.0,8.093,8.093,0.0,11.95,11.95,0.0
2010-06-29,4.065,4.065,0.0,7.622,7.622,0.0,11.34,11.34,0.0
2010-06-30,3.847,3.847,0.0,7.453,7.453,0.0,10.91,10.91,0.0
2010-07-01,3.726,3.726,0.0,7.072,7.072,0.0,10.46,10.46,0.0
2010-07-02,3.6,3.6,0.0,6.837,6.837,0.0,10.11,10.11,0.0
2010-07-03,3.35,3.35,0.0,6.684,6.684,0.0,9.794,9.794,0.0
2010-07-04,3.272,3.272,0.0,6.301,6.301,0.0,9.28,9.28,0.0
2010-07-05,3.147,3.147,0.0,6.071,6.071,0.0,8.938,8.938,0.0
2010-07-06,3.046,3.046,0.0,5.812,5.812,0.0,8.585,8.585,0.0
2010-07-07,2.895,2.895,0.0,5.691,5.691,0.0,8.333,8.333,0.0
2010-07-08,2.795,2.795,0.0,5.51,5.51,0.0,8.065,8.065,0.0
2010-07-09,3.348,3.348,0.0,6.916,6.916,0.0,10.77,10.77,0.0
2010-07-10,2.76,2.76,0.0,5.442,5.442,0.0,8.072,8.072,0.0
2010-07-11,2.654,2.654,0.0,5.3,5.3,0.0,7.828,7.828,0.0
2010-07-12,2.978,2.978,0.0,5.423,5.423,0.0,8.259,8.259,0.0
2010-07-13,4.279,4.279,0.0,8.177,8.177,0.0,12.7,12.7,0.0
2010-07-14,3.39,3.39,0.0,6.072,6.072,0.0,9.084,9.084,0.0
2010-07-15,3.258,3.258,0.0,5.71,5.71,0.0,8.595,8.595,0.0
2010-07-16,3.136,3.136,0.0,5.578,5.578,0.0,8.357,8.357,0.0
2010-07-17,3.045,3.045,0.0,5.434,5.434,0.0,8.124,8.124,0.0
2010-07-18,3.141,3.141,0.0,5.879,5.879,0.0,8.911,8.911,0.0
2010-07-19,3.22,3.22,0.0,5.984,5.984,0.0,9.046,9.046,0.0
2010-07-20,3.142,3.142,0.0,5.769,5.769,0.0,8.625,8.625,0.0
2010-07-21,3.12,3.12,0.0,5.642,5.642,0.0,8.388,8.388,0.0
2010-07-22,2.942,2.942,0.0,5.334,5.334,0.0,7.84,7.84,0.0
2010-07-23,2.843,2.843,0.0,5.161,5.161,0.0,7.581,7.581,0.0
2010-07-24,2.744,2.744,0.0,5.008,5.008,0.0,7.34,7.34,0.0
2010-07-25,2.8,2.8,0.0,5.362,5.362,0.0,7.994,7.994,0.0
2010-07-26,2.599,2.599,0.0,4.719,4.719,0.0,6.922,6.922,0.0
2010-07-27,2.516,2.516,0.0,4.503,4.503,0.0,6.633,6.633,0.0
2010-07-28,2.429,2.429,0.0,4.398,4.398,0.0,6.455,6.455,0.0
2010-07-29,2.73,2.73,0.0,5.173,5.173,0.0,7.811,7.811,0.0
2010-07-30,2.398,2.398,0.0,4.372,4.372,0.0,6.372,6.372,0.0
2010-07-31,2.506,2.506,0.0,4.577,4.577,0.0,6.798,6.798,0.0
2010-08-01,2.308,2.308,0.0,4.15,4.15,0.0,6.055,6.055,0.0
2010-08-02,2.229,2.229,0.0,3.953,3.953,0.0,5.793,5.793,0.0
2010-08-03,2.839,2.839,0.0,5.456,5.456,0.0,8.274,8.274,0.0
2010-08-04,3.543,3.543,0.0,5.476,5.476,0.0,8.377,8.377,0.0
2010-08-05,3.174,3.174,0.0,5.681,5.681,0.0,8.495,8.495,0.0
2010-08-06,2.861,2.861,0.0,4.98,4.98,0.0,7.256,7.256,0.0
2010-08-07,2.75,2.75,0.0,4.808,4.808,0.0,6.999,6.999,0.0
2010-08-08,2.657,2.657,0.0,4.589,4.589,0.0,6.705,6.705,0.0
2010-08-09,2.556,2.556,0.0,4.47,4.47,0.0,6.509,6.509,0.0
2010-08-10,2.471,2.471,0.0,4.32,4.32,0.0,6.289,6.289,0.0
2010-08-11,2.448,2.448,0.0,4.219,4.219,0.0,6.149,6.149,0.0
2010-08-12,2.377,2.377,0.0,4.166,4.166,0.0,6.102,6.102,0.0
2010-08-13,2.261,2.261,0.0,3.942,3.942,0.0,5.728,5.728,0.0
2010-08-14,2.364,2.364,0.0,4.302,4.302,0.0,6.429,6.429,0.0
2010-08-15,2.348,2.348,0.0,4.27,4.27,0.0,6.383,6.383,0.0
2010-08-16,2.181,2.181,0.0,3.748,3.748,0.0,5.493,5.493,0.0
2010-08-17,2.183,2.183,0.0,3.627,3.627,0.0,5.374,5.374,0.0
2010-08-18,2.42,2.42,0.0,4.094,4.094,0.0,6.205,6.205,0.0
2010-08-19,2.197,2.197,0.0,3.61,3.61,0.0,5.345,5.345,0.0
2010-08-20,2.121,2.121,0.0,3.435,3.435,0.0,5.11,5.11,0.0
2010-08-21,2.08,2.08,0.0,3.488,3.488,0.0,5.18,5.18,0.0
2010-08-22,2.036,2.036,0.0,3.455,3.455,0.0,5.15,5.15,0.0
2010-08-23,2.067,2.067,0.0,3.706,3.706,0.0,5.565,5.565,0.0
2010-08-24,1.869,1.869,0.0,3.25,3.25,0.0,4.742,4.742,0.0
2010-08-25,1.812,1.812,0.0,3.168,3.168,0.0,4.617,4.617,0.0
2010-08-26,1.735,1.735,0.0,2.972,2.972,0.0,4.338,4.338,0.0
2010-08-27,1.668,1.668,0.0,2.899,2.899,0.0,4.213,4.213,0.0
2010-08-28,1.613,1.613,0.0,2.798,2.798,0.0,4.068,4.068,0.0
2010-08-29,1.558,1.558,0.0,2.717,2.717,0.0,3.944,3.944,0.0
2010-08-30,1.498,1.498,0.0,2.626,2.626,0.0,3.805,3.805,0.0
2010-08-31,1.448,1.448,0.0,2.544,2.544,0.0,3.684,3.684,0.0
2010-09-01,1.397,1.397,0.0,2.409,2.409,0.0,3.509,3.509,0.0
2010-09-02,1.345,1.345,0.0,2.346,2.346,0.0,3.407,3.407,0.0
2010-09-03,1.32,1.32,0.0,2.321,2.321,0.0,3.388,3.388,0.0
2010-09-04,1.257,1.257,0.0,2.209,2.209,0.0,3.199,3.199,0.0
2010-09-05,1.209,1.209,0.0,2.14,2.14,0.0,3.092,3.092,0.0
2010-09-06,1.169,1.169,0.0,2.071,2.071,0.0,2.991,2.991,0.0
2010-09-07,1.128,1.128,0.0,1.96,1.96,0.0,2.848,2.848,0.0
2010-09-08,1.086,1.086,0.0,1.908,1.908,0.0,2.764,2.764,0.0
2010-09-09,1.05,1.05,0.0,1.847,1.847,0.0,2.674,2.674,0.0
2010-09-10,1.015,1.015,0.0,1.795,1.795,0.0,2.593,2.593,0.0
2010-09-11,1.109,1.109,0.0,2.12,2.12,0.0,3.198,3.198,0.0
2010-09-12,0.9441,0.9441,0.0,1.707,1.707,0.0,2.452,2.452,0.0
2010-09-13,0.911,0.911,0.0,1.612,1.612,0.0,2.33,2.33,0.0
2010-09-14,0.8765,0.8765,0.0,1.575,1.575,0.0,2.268,2.268,0.0
2010-09-15,0.848,0.848,0.0,1.528,1.528,0.0,2.198,2.198,0.0
2010-09-16,1.137,1.137,0.0,2.398,2.398,0.0,3.791,3.791,0.0
2010-09-17,0.8192,0.8192,0.0,1.597,1.597,0.0,2.302,2.302,0.0
2010-09-18,0.7924,0.7924,0.0,1.546,1.546,0.0,2.228,2.228,0.0
2010-09-19,0.7648,0.7648,0.0,1.463,1.463,0.0,2.122,2.122,0.0
2010-09-20,0.739,0.739,0.0,1.429,1.429,0.0,2.065,2.065,0.0
2010-09-21,0.7101,0.7101,0.0,1.381,1.381,0.0,1.993,1.993,0.0
2010-09-22,0.6872,0.6872,0.0,1.342,1.342,0.0,1.934,1.934,0.0
2010-09-23,0.6608,0.6608,0.0,1.3,1.3,0.0,1.869,1.869,0.0
2010-09-24,0.6389,0.6389,0.0,1.258,1.258,0.0,1.808,1.808,0.0
2010-09-25,0.618,0.618,0.0,1.188,1.188,0.0,1.72,1.72,0.0
2010-09-26,0.814,0.814,0.0,1.592,1.592,0.0,2.466,2.466,0.0
2010-09-27,1.496,1.496,0.0,2.547,2.547,0.0,4.145,4.145,0.0
2010-09-28,1.446,1.446,0.0,2.574,2.574,0.0,4.02,4.02,0.0
2010-09-29,2.177,2.177,0.0,3.425,3.425,0.0,5.718,5.718,0.0
2010-09-30,5.983,5.983,0.0,10.83,10.83,0.0,16.89,16.89,0.0
2010-10-01,3.632,3.632,0.0,6.668,6.668,0.0,9.784,9.784,0.0
2010-10-02,3.387,3.387,0.0,6.294,6.294,0.0,9.186,9.186,0.0
2010-10-03,3.512,3.512,0.0,6.665,6.665,0.0,9.671,9.671,0.0
2010-10-04,3.363,3.363,0.0,6.494,6.494,0.0,9.321,9.321,0.0
2010-10-05,3.343,3.343,0.0,6.939,6.939,0.0,9.855,9.855,0.0
2010-10-06,3.406,3.406,0.0,7.862,7.862,0.0,11.06,11.06,0.0
2010-10-07,3.141,3.141,0.0,7.525,7.525,0.0,10.27,10.27,0.0
2010-10-08,3.033,3.033,0.0,7.112,7.112,0.0,9.774,9.774,0.0
2010-10-09,2.925,2.925,0.0,6.386,6.386,0.0,8.957,8.957,0.0
2010-10-10,2.819,2.819,0.0,6.466,6.466,0.0,8.921,8.921,0.0
2010-10-11,2.722,2.722,0.0,6.282,6.282,0.0,8.664,8.664,0.0
2010-10-12,2.629,2.629,0.0,6.268,6.268,0.0,8.573,8.573,0.0
2010-10-13,2.678,2.678,0.0,6.494,6.494,0.0,9.001,9.001,0.0
2010-10-14,2.609,2.609,0.0,7.049,7.049,0.0,9.5,9.5,0.0
2010-10-15,2.551,2.551,0.0,7.306,7.306,0.0,9.656,9.656,0.0
2010-10-16,2.421,2.421,0.0,6.37,6.37,0.0,8.547,8.547,0.0
2010-10-17,2.334,2.334,0.0,6.534,6.534,0.0,8.607,8.607,0.0
2010-10-18,2.332,2.332,0.0,6.832,6.832,0.0,9.09,9.09,0.0
2010-10-19,2.169,2.169,0.0,6.393,6.393,0.0,8.391,8.391,0.0
2010-10-20,2.094,2.094,0.0,6.287,6.287,0.0,8.221,8.221,0.0
2010-10-21,2.017,2.017,0.0,6.204,6.204,0.0,8.071,8.071,0.0
2010-10-22,1.948,1.948,0.0,5.504,5.504,0.0,7.28,7.28,0.0
2010-10-23,1.873,1.873,0.0,5.446,5.446,0.0,7.168,7.168,0.0
2010-10-24,1.809,1.809,0.0,5.271,5.271,0.0,6.938,6.938,0.0
2010-10-25,1.771,1.771,0.0,5.314,5.314,0.0,6.95,6.95,0.0
2010-10-26,2.451,2.451,0.0,7.123,7.123,0.0,9.59,9.59,0.0
2010-10-27,2.281,2.281,0.0,6.789,6.789,0.0,8.825,8.825,0.0
2010-10-28,2.206,2.206,0.0,6.626,6.626,0.0,8.601,8.601,0.0
2010-10-29,2.134,2.134,0.0,5.9,5.9,0.0,7.784,7.784,0.0
2010-10-30,2.062,2.062,0.0,5.524,5.524,0.0,7.355,7.355,0.0
2010-10-31,1.971,1.971,0.0,5.638,5.638,0.0,7.394,7.394,0.0
2010-11-01,1.909,1.909,0.0,5.648,5.648,0.0,7.353,7.353,0.0
2010-11-02,1.847,1.847,0.0,5.507,5.507,0.0,7.157,7.157,0.0
2010-11-03,2.623,2.623,0.0,7.335,7.335,0.0,10.02,10.02,0.0
2010-11-04,3.338,3.338,0.0,9.369,9.369,0.0,12.78,12.78,0.0
2010-11-05,3.25,3.25,0.0,10.15,10.15,0.0,13.53,13.53,0.0
2010-11-06,3.061,3.061,0.0,9.888,9.888,0.0,12.96,12.96,0.0
2010-11-07,2.961,2.961,0.0,8.645,8.645,0.0,11.63,11.63,0.0
2010-11-08,2.712,2.712,0.0,8.181,8.181,0.0,11.01,11.01,0.0
2010-11-09,2.579,2.579,0.0,7.754,7.754,0.0,10.26,10.26,0.0
2010-11-10,2.55,2.55,0.0,8.087,8.087,0.0,10.62,10.62,0.0
2010-11-11,2.49,2.49,0.0,8.096,8.096,0.0,10.6,10.6,0.0
2010-11-12,2.373,2.373,0.0,7.06,7.06,0.0,9.476,9.476,0.0
2010-11-13,2.27,2.27,0.0,6.714,6.714,0.0,9.001,9.001,0.0
2010-11-14,2.213,2.213,0.0,7.302,7.302,0.0,9.575,9.575,0.0
2010-11-15,2.418,2.418,0.0,8.008,8.008,0.0,10.59,10.59,0.0
2010-11-16,4.009,4.009,0.0,10.66,10.66,0.0,14.73,14.73,0.0
2010-11-17,3.928,3.928,0.0,10.66,10.66,0.0,14.37,14.37,0.0
2010-11-18,3.87,3.87,0.0,10.74,10.74,0.0,14.44,14.44,0.0
2010-11-19,3.739,3.739,0.0,10.56,10.56,0.0,14.15,14.15,0.0
2010-11-20,3.303,3.303,0.0,8.281,8.281,0.0,11.5,11.5,0.0
2010-11-21,2.967,2.967,0.0,8.259,8.259,0.0,11.15,11.15,0.0
2010-11-22,3.042,3.042,0.0,8.678,8.678,0.0,11.63,11.63,0.0
2010-11-23,2.978,2.978,0.0,8.725,8.725,0.0,11.64,11.64,0.0
2010-11-24,2.975,2.975,0.0,9.4,9.4,0.0,12.53,12.53,0.0
2010-11-25,2.677,2.677,0.0,9.428,9.428,0.0,12.48,12.48,0.0
2010-11-26,2.706,2.706,0.0,10.13,10.13,0.0,13.08,13.08,0.0
2010-11-27,2.598,2.598,0.0,8.995,8.995,0.0,11.59,11.59,0.0
2010-11-28,2.512,2.512,0.0,8.273,8.273,0.0,10.86,10.86,0.0
2010-11-29,2.912,2.912,0.0,11.92,11.92,0.0,15.57,15.57,0.0
2010-11-30,9.165,9.165,0.0,24.5,24.5,0.0,34.33,34.33,0.0
2010-12-01,9.99,9.99,0.0,24.23,24.23,0.0,34.01,34.01,0.0
2010-12-02,9.799,9.799,0.0,22.69,22.69,0.0,32.21,32.21,0.0
2010-12-03,9.515,9.515,0.0,21.97,21.97,0.0,31.19,31.19,0.0
2010-12-04,8.628,8.628,0.0,17.33,17.33,0.0,25.86,25.86,0.0
2010-12-05,6.369,6.369,0.0,15.13,15.13,0.0,21.38,21.38,0.0
2010-12-06,7.051,7.051,0.0,16.72,16.72,0.0,23.54,23.54,0.0
2010-12-07,7.247,7.247,0.0,17.22,17.22,0.0,24.22,24.22,0.0
2010-12-08,7.18,7.18,0.0,17.09,17.09,0.0,23.5,23.5,0.0
2010-12-09,6.225,6.225,0.0,12.91,12.91,0.0,18.97,18.97,0.0
2010-12-10,5.792,5.792,0.0,13.49,13.49,0.0,19.38,19.38,0.0
2010-12-11,6.183,6.183,0.0,15.51,15.51,0.0,22.62,22.62,0.0
2010-12-12,6.062,6.062,0.0,14.25,14.25,0.0,20.45,20.45,0.0
2010-12-13,5.943,5.943,0.0,13.52,13.52,0.0,19.31,19.31,0.0
2010-12-14,4.887,4.887,0.0,11.43,11.43,0.0,16.36,16.36,0.0
2010-12-15,5.046,5.046,0.0,11.12,11.12,0.0,16.06,16.06,0.0
2010-12-16,5.201,5.201,0.0,11.25,11.25,0.0,16.48,16.48,0.0
2010-12-17,5.024,5.024,0.0,10.96,10.96,0.0,15.88,15.88,0.0
2010-12-18,4.849,4.849,0.0,10.37,10.37,0.0,14.9,14.9,0.0
2010-12-19,4.222,4.222,0.0,10.23,10.23,0.0,14.35,14.35,0.0
2010-12-20,4.156,4.156,0.0,9.165,9.165,0.0,13.26,13.26,0.0
2010-12-21,4.18,4.18,0.0,9.24,9.24,0.0,13.31,13.31,0.0
2010-12-22,4.168,4.168,0.0,9.21,9.21,0.0,13.31,13.31,0.0
2010-12-23,4.085,4.085,0.0,9.037,9.037,0.0,12.97,12.97,0.0
2010-12-24,3.643,3.643,0.0,8.49,8.49,0.0,12.03,12.03,0.0
2010-12-25,3.445,3.445,0.0,7.724,7.724,0.0,11.12,11.12,0.0
2010-12-26,3.54,3.54,0.0,7.873,7.873,0.0,11.4,11.4,0.0
2010-12-27,3.445,3.445,0.0,7.591,7.591,0.0,10.93,10.93,0.0
2010-12-28,3.347,3.347,0.0,7.274,7.274,0.0,10.43,10.43,0.0
2010-12-29,3.198,3.198,0.0,7.135,7.135,0.0,10.19,10.19,0.0
2010-12-30,3.616,3.616,0.0,7.57,7.57,0.0,11.8,11.8,0.0
2010-12-31,10.53,10.53,0.0,25.64,25.64,0.0,34.98,34.98,0.0
2011-01-01,3.826,3.826,0.0,26.22,26.22,0.0,30.21,30.21,0.0
2011-01-02,2.852,2.852,0.0,12.37,12.37,0.0,15.45,15.45,0.0
2011-01-03,2.711,2.711,0.0,8.769,8.769,0.0,11.69,11.69,0.0
2011-01-04,2.525,2.525,0.0,7.823,7.823,0.0,10.6,10.6,0.0
2011-01-05,2.451,2.451,0.0,7.141,7.141,0.0,9.581,9.581,0.0
2011-01-06,2.338,2.338,0.0,6.684,6.684,0.0,9.13,9.13,0.0
2011-01-07,2.385,2.385,0.0,5.876,5.876,0.0,8.444,8.444,0.0
2011-01-08,2.337,2.337,0.0,5.989,5.989,0.0,8.547,8.547,0.0
2011-01-09,2.173,2.173,0.0,5.843,5.843,0.0,8.138,8.138,0.0
2011-01-10,2.087,2.087,0.0,5.448,5.448,0.0,7.535,7.535,0.0
2011-01-11,2.118,2.118,0.0,5.433,5.433,0.0,7.734,7.734,0.0
2011-01-12,2.029,2.029,0.0,5.271,5.271,0.0,7.558,7.558,0.0
2011-01-13,1.905,1.905,0.0,5.012,5.012,0.0,7.034,7.034,0.0
2011-01-14,1.858,1.858,0.0,4.72,4.72,0.0,6.594,6.594,0.0
2011-01-15,1.787,1.787,0.0,4.933,4.933,0.0,7.13,7.13,0.0
2011-01-16,1.73,1.73,0.0,4.387,4.387,0.0,6.234,6.234,0.0
2011-01-17,1.707,1.707,0.0,4.36,4.36,0.0,6.213,6.213,0.0
2011-01-18,3.049,3.049,0.0,8.29,8.29,0.0,12.01,12.01,0.0
2011-01-19,1.724,1.724,0.0,6.95,6.95,0.0,9.242,9.242,0.0
2011-01-20,1.614,1.614,0.0,5.459,5.459,0.0,7.484,7.484,0.0
2011-01-21,1.528,1.528,0.0,5.063,5.063,0.0,6.989,6.989,0.0
2011-01-22,1.382,1.382,0.0,4.686,4.686,0.0,6.429,6.429,0.0
2011-01-23,1.386,1.386,0.0,4.358,4.358,0.0,6.006,6.006,0.0
2011-01-24,1.353,1.353,0.0,3.578,3.578,0.0,5.03,5.03,0.0
2011-01-25,1.304,1.304,0.0,3.917,3.917,0.0,5.485,5.485,0.0
2011-01-26,1.642,1.642,0.0,4.738,4.738,0.0,7.104,7.104,0.0
2011-01-27,1.313,1.313,0.0,3.988,3.988,0.0,5.678,5.678,0.0
2011-01-28,1.259,1.259,0.0,3.801,3.801,0.0,5.5,5.5,0.0
2011-01-29,1.78,1.78,0.0,3.72,3.72,0.0,5.364,5.364,0.0
2011-01-30,4.393,4.393,0.0,6.975,6.975,0.0,11.65,11.65,0.0
2011-01-31,1.554,1.554,0.0,3.975,3.975,0.0,6.043,6.043,0.0
2011-02-01,8.917,8.917,0.0,31.42,31.42,0.0,45.56,45.56,0.0
2011-02-02,4.515,4.515,0.0,26.45,26.45,0.0,32.54,32.54,0.0
2011-02-03,4.093,4.093,0.0,12.95,12.95,0.0,17.84,17.84,0.0
2011-02-04,4.091,4.091,0.0,10.54,10.54,0.0,15.48,15.48,0.0
2011-02-05,4.128,4.128,0.0,12.74,12.74,0.0,18.09,18.09,0.0
2011-02-06,3.032,3.032,0.0,12.26,12.26,0.0,17.51,17.51,0.0
2011-02-07,3.043,3.043,0.0,12.26,12.26,0.0,16.39,16.39,0.0
2011-02-08,2.959,2.959,0.0,8.78,8.78,0.0,13.37,13.37,0.0
2011-02-09,3.05,3.05,0.0,9.773,9.773,0.0,14.12,14.12,0.0
2011-02-10,2.824,2.824,0.0,8.127,8.127,0.0,12.42,12.42,0.0
2011-02-11,2.851,2.851,0.0,8.302,8.302,0.0,11.87,11.87,0.0
2011-02-12,2.347,2.347,0.0,8.639,8.639,0.0,12.17,12.17,0.0
2011-02-13,2.64,2.64,0.0,11.83,11.83,0.0,15.64,15.64,0.0
2011-02-14,2.59,2.59,0.0,11.64,11.64,0.0,15.56,15.56,0.0
2011-02-15,2.356,2.356,0.0,10.47,10.47,0.0,14.21,14.21,0.0
2011-02-16,2.317,2.317,0.0,11.18,11.18,0.0,14.95,14.95,0.0
2011-02-17,3.131,3.131,0.0,15.55,15.55,0.0,20.09,20.09,0.0
2011-02-18,6.811,6.811,0.0,16.87,16.87,0.0,24.14,24.14,0.0
2011-02-19,8.623,8.623,0.0,20.9,20.9,0.0,29.87,29.87,0.0
2011-02-20,9.274,9.274,0.0,22.54,22.54,0.0,31.5,31.5,0.0
2011-02-21,10.7,10.7,0.0,28.63,28.63,0.0,40.13,40.13,0.0
2011-02-22,10.34,10.34,0.0,20.21,20.21,0.0,31.32,31.32,0.0
2011-02-23,6.649,6.649,0.0,21.2,21.2,0.0,30.4,30.4,0.0
2011-02-24,8.743,8.743,0.0,24.59,24.59,0.0,34.47,34.47,0.0
2011-02-25,10.55,10.55,0.0,27.65,27.65,0.0,39.22,39.22,0.0
2011-02-26,10.76,10.76,0.0,28.57,28.57,0.0,39.43,39.43,0.0
2011-02-27,11.25,11.25,0.0,31.07,31.07,0.0,43.26,43.26,0.0
2011-02-28,13.15,13.15,0.0,31.86,31.86,0.0,45.89,45.89,0.0
2011-03-01,11.01,11.01,0.0,32.32,32.32,0.0,45.1,45.1,0.0
2011-03-02,9.167,9.167,0.0,29.57,29.57,0.0,40.14,40.14,0.0
2011-03-03,10.22,10.22,0.0,27.43,27.43,0.0,38.66,38.66,0.0
2011-03-04,10.49,10.49,0.0,29.05,29.05,0.0,39.81,39.81,0.0
2011-03-05,12.89,12.89,0.0,29.59,29.59,0.0,42.47,42.47,0.0
2011-03-06,21.74,21.74,0.0,39.51,39.51,0.0,59.39,59.39,0.0
2011-03-07,18.05,18.05,0.0,36.9,36.9,0.0,54.89,54.89,0.0
2011-03-08,16.61,16.61,0.0,30.81,30.81,0.0,47.99,47.99,0.0
2011-03-09,13.89,13.89,0.0,35.26,35.26,0.0,51.53,51.53,0.0
2011-03-10,24.35,24.35,0.0,43.71,43.71,0.0,67.08,67.08,0.0
2011-03-11,20.25,20.25,0.0,44.1,44.1,0.0,64.65,64.65,0.0
2011-03-12,19.92,19.92,0.0,38.31,38.31,0.0,57.45,57.45,0.0
2011-03-13,19.55,19.55,0.0,36.74,36.74,0.0,56.13,56.13,0.0
2011-03-14,14.79,14.79,0.0,33.4,33.4,0.0,50.4,50.4,0.0
2011-03-15,16.93,16.93,0.0,36.5,36.5,0.0,54.29,54.29,0.0
2011-03-16,16.96,16.96,0.0,37.88,37.88,0.0,54.33,54.33,0.0
2011-03-17,17.16,17.16,0.0,37.61,37.61,0.0,54.55,54.55,0.0
2011-03-18,18.32,18.32,0.0,34.99,34.99,0.0,53.12,53.12,0.0
2011-03-19,17.91,17.91,0.0,32.25,32.25,0.0,50.07,50.07,0.0
2011-03-20,14.55,14.55,0.0,34.02,34.02,0.0,50.34,50.34,0.0
2011-03-21,17.74,17.74,0.0,38.38,38.38,0.0,56.99,56.99,0.0
2011-03-22,18.22,18.22,0.0,39.27,39.27,0.0,58.17,58.17,0.0
2011-03-23,21.07,21.07,0.0,43.43,43.43,0.0,65.15,65.15,0.0
2011-03-24,19.46,19.46,0.0,44.28,44.28,0.0,63.32,63.32,0.0
2011-03-25,19.11,19.11,0.0,38.13,38.13,0.0,57.3,57.3,0.0
2011-03-26,15.36,15.36,0.0,33.99,33.99,0.0,51.66,51.66,0.0
2011-03-27,16.3,16.3,0.0,35.88,35.88,0.0,53.22,53.22,0.0
2011-03-28,16.57,16.57,0.0,36.55,36.55,0.0,53.97,53.97,0.0
2011-03-29,15.88,15.88,0.0,36.22,36.22,0.0,51.92,51.92,0.0
2011-03-30,13.64,13.64,0.0,32.78,32.78,0.0,47.88,47.88,0.0
2011-03-31,15.21,15.21,0.0,29.89,29.89,0.0,45.94,45.94,0.0
2011-04-01,15.71,15.71,0.0,31.91,31.91,0.0,48.36,48.36,0.0
2011-04-02,16.22,16.22,0.0,33.45,33.45,0.0,50.94,50.94,0.0
2011-04-03,15.75,15.75,0.0,37.67,37.67,0.0,54.6,54.6,0.0
2011-04-04,17.62,17.62,0.0,39.0,39.0,0.0,57.85,57.85,0.0
2011-04-05,17.61,17.61,0.0,39.45,39.45,0.0,57.85,57.85,0.0
2011-04-06,14.02,14.02,0.0,35.42,35.42,0.0,51.06,51.06,0.0
2011-04-07,15.04,15.04,0.0,31.48,31.48,0.0,47.31,47.31,0.0
2011-04-08,16.8,16.8,0.0,34.41,34.41,0.0,52.41,52.41,0.0
2011-04-09,17.46,17.46,0.0,36.0,36.0,0.0,54.31,54.31,0.0
2011-04-10,17.09,17.09,0.0,36.21,36.21,0.0,54.21,54.21,0.0
2011-04-11,19.0,19.0,0.0,38.2,38.2,0.0,58.01,58.01,0.0
2011-04-12,33.91,33.91,0.0,49.67,49.67,0.0,80.02,80.02,0.0
2011-04-13,26.48,26.48,0.0,48.45,48.45,0.0,75.68,75.68,0.0
2011-04-14,23.57,23.57,0.0,37.8,37.8,0.0,60.24,60.24,0.0
2011-04-15,18.04,18.04,0.0,37.01,37.01,0.0,56.43,56.43,0.0
2011-04-16,29.96,29.96,0.0,47.47,47.47,0.0,76.75,76.75,0.0
2011-04-17,27.14,27.14,0.0,47.5,47.5,0.0,75.75,75.75,0.0
2011-04-18,26.44,26.44,0.0,46.93,46.93,0.0,74.36,74.36,0.0
2011-04-19,23.03,23.03,0.0,49.38,49.38,0.0,76.23,76.23,0.0
2011-04-20,20.33,20.33,0.0,39.59,39.59,0.0,60.97,60.97,0.0
2011-04-21,21.38,21.38,0.0,38.11,38.11,0.0,60.57,60.57,0.0
2011-04-22,25.99,25.99,0.0,44.31,44.31,0.0,71.29,71.29,0.0
2011-04-23,25.93,25.93,0.0,48.46,48.46,0.0,76.83,76.83,0.0
2011-04-24,25.5,25.5,0.0,48.88,48.88,0.0,76.9,76.9,0.0
2011-04-25,25.61,25.61,0.0,48.21,48.21,0.0,76.04,76.04,0.0
2011-04-26,20.61,20.61,0.0,42.15,42.15,0.0,65.76,65.76,0.0
2011-04-27,35.94,35.94,0.0,56.58,56.58,0.0,92.41,92.41,0.0
2011-04-28,38.7,38.7,0.0,52.46,52.46,0.0,89.92,89.92,0.0
2011-04-29,33.63,33.63,0.0,52.77,52.77,0.0,88.01,88.01,0.0
2011-04-30,31.77,31.77,0.0,52.33,52.33,0.0,85.66,85.66,0.0
2011-05-01,26.24,26.24,0.0,51.09,51.09,0.0,78.42,78.42,0.0
2011-05-02,24.59,24.59,0.0,41.67,41.67,0.0,67.8,67.8,0.0
2011-05-03,28.27,28.27,0.0,44.1,44.1,0.0,73.76,73.76,0.0
2011-05-04,28.86,28.86,0.0,46.28,46.28,0.0,75.99,75.99,0.0
2011-05-05,28.33,28.33,0.0,46.43,46.43,0.0,75.69,75.69,0.0
2011-05-06,25.05,25.05,0.0,42.41,42.41,0.0,68.61,68.61,0.0
2011-05-07,22.87,22.87,0.0,40.4,40.4,0.0,64.35,64.35,0.0
2011-05-08,23.57,23.57,0.0,39.9,39.9,0.0,64.08,64.08,0.0
2011-05-09,23.51,23.51,0.0,38.33,38.33,0.0,61.98,61.98,0.0
2011-05-10,22.43,22.43,0.0,38.41,38.41,0.0,61.34,61.34,0.0
2011-05-11,20.34,20.34,0.0,36.94,36.94,0.0,57.42,57.42,0.0
2011-05-12,20.45,20.45,0.0,34.45,34.45,0.0,55.38,55.38,0.0
2011-05-13,21.13,21.13,0.0,38.39,38.39,0.0,61.09,61.09,0.0
2011-05-14,21.13,21.13,0.0,39.16,39.16,0.0,61.73,61.73,0.0
2011-05-15,22.06,22.06,0.0,38.06,38.06,0.0,61.73,61.73,0.0
2011-05-16,25.24,25.24,0.0,43.34,43.34,0.0,71.11,71.11,0.0
2011-05-17,33.3,33.3,0.0,57.62,57.62,0.0,95.49,95.49,0.0
2011-05-18,30.98,30.98,0.0,54.9,54.9,0.0,90.7,90.7,0.0
2011-05-19,29.38,29.38,0.0,53.07,53.07,0.0,86.23,86.23,0.0
2011-05-20,21.92,21.92,0.0,42.94,42.94,0.0,68.48,68.48,0.0
2011-05-21,23.55,23.55,0.0,43.45,43.45,0.0,69.14,69.14,0.0
2011-05-22,25.26,25.26,0.0,43.27,43.27,0.0,70.55,70.55,0.0
2011-05-23,25.17,25.17,0.0,44.17,44.17,0.0,71.61,71.61,0.0
2011-05-24,22.61,22.61,0.0,45.11,45.11,0.0,70.75,70.75,0.0
2011-05-25,20.6,20.6,0.0,38.02,38.02,0.0,61.22,61.22,0.0
2011-05-26,23.49,23.49,0.0,41.44,41.44,0.0,66.77,66.77,0.0
2011-05-27,23.62,23.62,0.0,40.89,40.89,0.0,66.02,66.02,0.0
2011-05-28,22.94,22.94,0.0,41.06,41.06,0.0,65.5,65.5,0.0
2011-05-29,22.24,22.24,0.0,40.73,40.73,0.0,64.16,64.16,0.0
2011-05-30,18.6,18.6,0.0,38.71,38.71,0.0,59.42,59.42,0.0
2011-05-31,18.62,18.62,0.0,34.28,34.28,0.0,54.73,54.73,0.0
2011-06-01,18.75,18.75,0.0,32.85,32.85,0.0,52.6,52.6,0.0
2011-06-02,18.04,18.04,0.0,33.29,33.29,0.0,52.56,52.56,0.0
2011-06-03,17.12,17.12,0.0,32.33,32.33,0.0,50.6,50.6,0.0
2011-06-04,15.99,15.99,0.0,29.74,29.74,0.0,47.0,47.0,0.0
2011-06-05,15.93,15.93,0.0,29.57,29.57,0.0,46.48,46.48,0.0
2011-06-06,15.68,15.68,0.0,28.01,28.01,0.0,44.22,44.22,0.0
2011-06-07,15.0,15.0,0.0,27.73,27.73,0.0,43.45,43.45,0.0
2011-06-08,14.33,14.33,0.0,26.01,26.01,0.0,40.76,40.76,0.0
2011-06-09,13.97,13.97,0.0,26.31,26.31,0.0,41.25,41.25,0.0
2011-06-10,14.07,14.07,0.0,26.16,26.16,0.0,41.77,41.77,0.0
2011-06-11,13.88,13.88,0.0,24.43,24.43,0.0,38.8,38.8,0.0
2011-06-12,13.49,13.49,0.0,24.09,24.09,0.0,38.05,38.05,0.0
2011-06-13,12.69,12.69,0.0,23.12,23.12,0.0,36.34,36.34,0.0
2011-06-14,11.92,11.92,0.0,22.16,22.16,0.0,34.7,34.7,0.0
2011-06-15,11.73,11.73,0.0,21.81,21.81,0.0,34.14,34.14,0.0
2011-06-16,11.64,11.64,0.0,20.42,20.42,0.0,32.66,32.66,0.0
2011-06-17,11.34,11.34,0.0,20.19,20.19,0.0,31.81,31.81,0.0
2011-06-18,11.03,11.03,0.0,21.32,21.32,0.0,33.33,33.33,0.0
2011-06-19,12.23,12.23,0.0,24.89,24.89,0.0,39.17,39.17,0.0
2011-06-20,11.12,11.12,0.0,23.41,23.41,0.0,35.67,35.67,0.0
2011-06-21,10.63,10.63,0.0,24.39,24.39,0.0,36.5,36.5,0.0
2011-06-22,10.37,10.37,0.0,23.08,23.08,0.0,34.52,34.52,0.0
2011-06-23,10.16,10.16,0.0,21.79,21.79,0.0,32.91,32.91,0.0
2011-06-24,9.572,9.572,0.0,19.79,19.79,0.0,30.16,30.16,0.0
2011-06-25,9.301,9.301,0.0,19.78,19.78,0.0,29.65,29.65,0.0
2011-06-26,8.812,8.812,0.0,19.75,19.75,0.0,29.35,29.35,0.0
2011-06-27,8.758,8.758,0.0,19.84,19.84,0.0,29.55,29.55,0.0
2011-06-28,8.479,8.479,0.0,17.14,17.14,0.0,26.33,26.33,0.0
2011-06-29,8.266,8.266,0.0,17.08,17.08,0.0,25.77,25.77,0.0
2011-06-30,7.771,7.771,0.0,16.89,16.89,0.0,25.2,25.2,0.0
2011-07-01,7.562,7.562,0.0,16.65,16.65,0.0,24.69,24.69,0.0
2011-07-02,7.016,7.016,0.0,16.22,16.22,0.0,23.92,23.92,0.0
2011-07-03,7.137,7.137,0.0,15.29,15.29,0.0,23.24,23.24,0.0
2011-07-04,7.27,7.27,0.0,15.43,15.43,0.0,23.39,23.39,0.0
2011-07-05,6.834,6.834,0.0,14.76,14.76,0.0,22.03,22.03,0.0
2011-07-06,6.678,6.678,0.0,14.34,14.34,0.0,21.32,21.32,0.0
2011-07-07,6.492,6.492,0.0,14.02,14.02,0.0,20.84,20.84,0.0
2011-07-08,6.513,6.513,0.0,14.65,14.65,0.0,22.25,22.25,0.0
2011-07-09,5.994,5.994,0.0,13.09,13.09,0.0,19.63,19.63,0.0
2011-07-10,5.824,5.824,0.0,12.5,12.5,0.0,18.67,18.67,0.0
2011-07-11,5.684,5.684,0.0,12.43,12.43,0.0,18.47,18.47,0.0
2011-07-12,5.52,5.52,0.0,12.0,12.0,0.0,17.82,17.82,0.0
2011-07-13,5.499,5.499,0.0,12.0,12.0,0.0,18.12,18.12,0.0
2011-07-14,4.907,4.907,0.0,11.2,11.2,0.0,16.6,16.6,0.0
2011-07-15,4.811,4.811,0.0,10.69,10.69,0.0,15.94,15.94,0.0
2011-07-16,4.715,4.715,0.0,10.27,10.27,0.0,15.25,15.25,0.0
2011-07-17,4.566,4.566,0.0,10.03,10.03,0.0,14.87,14.87,0.0
2011-07-18,4.53,4.53,0.0,9.926,9.926,0.0,14.86,14.86,0.0
2011-07-19,4.232,4.232,0.0,9.651,9.651,0.0,14.41,14.41,0.0
2011-07-20,4.068,4.068,0.0,9.173,9.173,0.0,13.58,13.58,0.0
2011-07-21,3.972,3.972,0.0,8.653,8.653,0.0,12.84,12.84,0.0
2011-07-22,3.916,3.916,0.0,8.767,8.767,0.0,13.04,13.04,0.0
2011-07-23,3.822,3.822,0.0,8.57,8.57,0.0,12.84,12.84,0.0
2011-07-24,3.713,3.713,0.0,8.426,8.426,0.0,12.63,12.63,0.0
2011-07-25,3.374,3.374,0.0,7.882,7.882,0.0,11.64,11.64,0.0
2011-07-26,3.32,3.32,0.0,7.761,7.761,0.0,11.48,11.48,0.0
2011-07-27,3.148,3.148,0.0,7.148,7.148,0.0,10.52,10.52,0.0
2011-07-28,3.048,3.048,0.0,6.827,6.827,0.0,10.07,10.07,0.0
2011-07-29,2.881,2.881,0.0,6.705,6.705,0.0,9.84,9.84,0.0
2011-07-30,2.795,2.795,0.0,6.484,6.484,0.0,9.528,9.528,0.0
2011-07-31,2.701,2.701,0.0,6.211,6.211,0.0,9.093,9.093,0.0
2011-08-01,2.613,2.613,0.0,5.945,5.945,0.0,8.739,8.739,0.0
2011-08-02,2.512,2.512,0.0,5.79,5.79,0.0,8.544,8.544,0.0
2011-08-03,2.464,2.464,0.0,5.676,5.676,0.0,8.402,8.402,0.0
2011-08-04,2.335,2.335,0.0,5.354,5.354,0.0,7.845,7.845,0.0
2011-08-05,2.232,2.232,0.0,5.191,5.191,0.0,7.592,7.592,0.0
2011-08-06,2.972,2.972,0.0,6.627,6.627,0.0,10.27,10.27,0.0
2011-08-07,2.551,2.551,0.0,5.671,5.671,0.0,8.489,8.489,0.0
2011-08-08,2.464,2.464,0.0,5.597,5.597,0.0,8.337,8.337,0.0
2011-08-09,2.398,2.398,0.0,5.564,5.564,0.0,8.26,8.26,0.0
2011-08-10,2.215,2.215,0.0,5.093,5.093,0.0,7.447,7.447,0.0
2011-08-11,2.203,2.203,0.0,4.931,4.931,0.0,7.242,7.242,0.0
2011-08-12,2.127,2.127,0.0,4.717,4.717,0.0,6.953,6.953,0.0
2011-08-13,4.225,4.225,0.0,5.949,5.949,0.0,10.29,10.29,0.0
2011-08-14,3.297,3.297,0.0,5.791,5.791,0.0,9.316,9.316,0.0
2011-08-15,2.958,2.958,0.0,5.296,5.296,0.0,8.349,8.349,0.0
2011-08-16,2.757,2.757,0.0,4.904,4.904,0.0,7.646,7.646,0.0
2011-08-17,2.659,2.659,0.0,4.745,4.745,0.0,7.399,7.399,0.0
2011-08-18,2.563,2.563,0.0,4.545,4.545,0.0,7.108,7.108,0.0
2011-08-19,2.558,2.558,0.0,4.617,4.617,0.0,7.247,7.247,0.0
2011-08-20,2.406,2.406,0.0,4.324,4.324,0.0,6.724,6.724,0.0
2011-08-21,2.517,2.517,0.0,4.749,4.749,0.0,7.491,7.491,0.0
2011-08-22,2.245,2.245,0.0,4.133,4.133,0.0,6.357,6.357,0.0
2011-08-23,2.168,2.168,0.0,3.979,3.979,0.0,6.134,6.134,0.0
2011-08-24,2.09,2.09,0.0,3.834,3.834,0.0,5.918,5.918,0.0
2011-08-25,2.419,2.419,0.0,5.117,5.117,0.0,8.122,8.122,0.0
2011-08-26,1.953,1.953,0.0,3.895,3.895,0.0,5.911,5.911,0.0
2011-08-27,2.024,2.024,0.0,4.067,4.067,0.0,6.286,6.286,0.0
2011-08-28,1.898,1.898,0.0,3.851,3.851,0.0,5.878,5.878,0.0
2011-08-29,1.952,1.952,0.0,3.909,3.909,0.0,6.018,6.018,0.0
2011-08-30,1.786,1.786,0.0,3.532,3.532,0.0,5.363,5.363,0.0
2011-08-31,1.726,1.726,0.0,3.411,3.411,0.0,5.181,5.181,0.0
2011-09-01,1.82,1.82,0.0,3.773,3.773,0.0,5.84,5.84,0.0
2011-09-02,1.608,1.608,0.0,3.24,3.24,0.0,4.893,4.893,0.0
2011-09-03,1.573,1.573,0.0,3.153,3.153,0.0,4.744,4.744,0.0
2011-09-04,2.179,2.179,0.0,5.017,5.017,0.0,7.875,7.875,0.0
2011-09-05,8.482,8.482,0.0,10.28,10.28,0.0,18.97,18.97,0.0
2011-09-06,5.721,5.721,0.0,13.25,13.25,0.0,20.68,20.68,0.0
2011-09-07,4.507,4.507,0.0,11.06,11.06,0.0,15.93,15.93,0.0
2011-09-08,4.305,4.305,0.0,10.93,10.93,0.0,15.54,15.54,0.0
2011-09-09,4.182,4.182,0.0,10.77,10.77,0.0,15.29,15.29,0.0
2011-09-10,4.016,4.016,0.0,10.37,10.37,0.0,14.69,14.69,0.0
2011-09-11,3.853,3.853,0.0,8.604,8.604,0.0,12.71,12.71,0.0
2011-09-12,3.726,3.726,0.0,8.738,8.738,0.0,12.74,12.74,0.0
2011-09-13,3.603,3.603,0.0,8.878,8.878,0.0,12.76,12.76,0.0
2011-09-14,3.595,3.595,0.0,9.192,9.192,0.0,13.22,13.22,0.0
2011-09-15,3.432,3.432,0.0,9.236,9.236,0.0,13.05,13.05,0.0
2011-09-16,3.241,3.241,0.0,8.631,8.631,0.0,12.16,12.16,0.0
2011-09-17,3.111,3.111,0.0,7.684,7.684,0.0,11.03,11.03,0.0
2011-09-18,3.006,3.006,0.0,7.652,7.652,0.0,10.91,10.91,0.0
2011-09-19,3.054,3.054,0.0,8.236,8.236,0.0,11.68,11.68,0.0
2011-09-20,3.062,3.062,0.0,8.647,8.647,0.0,12.09,12.09,0.0
2011-09-21,2.879,2.879,0.0,8.207,8.207,0.0,11.35,11.35,0.0
2011-09-22,2.828,2.828,0.0,8.112,8.112,0.0,11.22,11.22,0.0
2011-09-23,3.245,3.245,0.0,9.156,9.156,0.0,12.9,12.9,0.0
2011-09-24,3.019,3.019,0.0,8.146,8.146,0.0,11.65,11.65,0.0
2011-09-25,2.867,2.867,0.0,7.896,7.896,0.0,11.19,11.19,0.0
2011-09-26,2.776,2.776,0.0,8.115,8.115,0.0,11.23,11.23,0.0
2011-09-27,2.744,2.744,0.0,8.489,8.489,0.0,11.72,11.72,0.0
2011-09-28,2.592,2.592,0.0,7.978,7.978,0.0,10.96,10.96,0.0
2011-09-29,2.522,2.522,0.0,7.87,7.87,0.0,10.81,10.81,0.0
2011-09-30,2.496,2.496,0.0,7.751,7.751,0.0,10.82,10.82,0.0
2011-10-01,3.086,3.086,0.0,10.85,10.85,0.0,15.11,15.11,0.0
2011-10-02,3.083,3.083,0.0,12.4,12.4,0.0,16.88,16.88,0.0
2011-10-03,3.179,3.179,0.0,13.79,13.79,0.0,18.55,18.55,0.0
2011-10-04,2.975,2.975,0.0,13.14,13.14,0.0,17.63,17.63,0.0
2011-10-05,2.883,2.883,0.0,12.88,12.88,0.0,17.26,17.26,0.0
2011-10-06,2.779,2.779,0.0,12.15,12.15,0.0,16.06,16.06,0.0
2011-10-07,2.613,2.613,0.0,10.12,10.12,0.0,13.84,13.84,0.0
2011-10-08,2.557,2.557,0.0,10.69,10.69,0.0,14.39,14.39,0.0
2011-10-09,2.539,2.539,0.0,10.54,10.54,0.0,14.21,14.21,0.0
2011-10-10,2.844,2.844,0.0,10.56,10.56,0.0,14.31,14.31,0.0
2011-10-11,3.082,3.082,0.0,9.759,9.759,0.0,14.04,14.04,0.0
2011-10-12,4.181,4.181,0.0,12.1,12.1,0.0,17.53,17.53,0.0
2011-10-13,4.878,4.878,0.0,13.9,13.9,0.0,20.05,20.05,0.0
2011-10-14,5.151,5.151,0.0,16.14,16.14,0.0,23.26,23.26,0.0
2011-10-15,4.799,4.799,0.0,15.77,15.77,0.0,22.4,22.4,0.0
2011-10-16,4.298,4.298,0.0,14.83,14.83,0.0,20.57,20.57,0.0
2011-10-17,4.121,4.121,0.0,12.26,12.26,0.0,17.64,17.64,0.0
2011-10-18,3.984,3.984,0.0,12.17,12.17,0.0,17.49,17.49,0.0
2011-10-19,4.536,4.536,0.0,13.72,13.72,0.0,19.79,19.79,0.0
2011-10-20,4.556,4.556,0.0,14.49,14.49,0.0,20.7,20.7,0.0
2011-10-21,4.361,4.361,0.0,14.15,14.15,0.0,19.71,19.71,0.0
2011-10-22,3.836,3.836,0.0,13.02,13.02,0.0,18.11,18.11,0.0
2011-10-23,3.785,3.785,0.0,10.86,10.86,0.0,15.89,15.89,0.0
2011-10-24,3.707,3.707,0.0,11.6,11.6,0.0,16.62,16.62,0.0
2011-10-25,3.646,3.646,0.0,11.77,11.77,0.0,16.69,16.69,0.0
2011-10-26,3.598,3.598,0.0,13.36,13.36,0.0,18.52,18.52,0.0
2011-10-27,3.628,3.628,0.0,15.32,15.32,0.0,20.79,20.79,0.0
2011-10-28,4.188,4.188,0.0,15.8,15.8,0.0,21.83,21.83,0.0
2011-10-29,4.616,4.616,0.0,15.95,15.95,0.0,22.57,22.57,0.0
2011-10-30,4.487,4.487,0.0,16.56,16.56,0.0,22.94,22.94,0.0
2011-10-31,4.359,4.359,0.0,13.63,13.63,0.0,19.25,19.25,0.0
2011-11-01,3.789,3.789,0.0,14.05,14.05,0.0,19.23,19.23,0.0
2011-11-02,3.631,3.631,0.0,14.49,14.49,0.0,19.72,19.72,0.0
2011-11-03,3.661,3.661,0.0,13.55,13.55,0.0,18.77,18.77,0.0
2011-11-04,3.603,3.603,0.0,12.16,12.16,0.0,17.03,17.03,0.0
2011-11-05,3.407,3.407,0.0,12.0,12.0,0.0,16.68,16.68,0.0
2011-11-06,3.175,3.175,0.0,12.33,12.33,0.0,16.74,16.74,0.0
2011-11-07,3.091,3.091,0.0,12.27,12.27,0.0,16.65,16.65,0.0
2011-11-08,3.068,3.068,0.0,11.99,11.99,0.0,16.15,16.15,0.0
2011-11-09,3.003,3.003,0.0,9.711,9.711,0.0,13.85,13.85,0.0
2011-11-10,2.849,2.849,0.0,10.39,10.39,0.0,14.42,14.42,0.0
2011-11-11,2.811,2.811,0.0,10.56,10.56,0.0,14.42,14.42,0.0
2011-11-12,2.57,2.57,0.0,10.33,10.33,0.0,13.98,13.98,0.0
2011-11-13,2.557,2.557,0.0,9.91,9.91,0.0,13.4,13.4,0.0
2011-11-14,2.659,2.659,0.0,10.4,10.4,0.0,14.36,14.36,0.0
2011-11-15,3.069,3.069,0.0,12.02,12.02,0.0,16.51,16.51,0.0
2011-11-16,5.078,5.078,0.0,16.15,16.15,0.0,23.16,23.16,0.0
2011-11-17,5.18,5.18,0.0,16.26,16.26,0.0,23.09,23.09,0.0
2011-11-18,5.088,5.088,0.0,16.4,16.4,0.0,23.06,23.06,0.0
2011-11-19,4.924,4.924,0.0,15.49,15.49,0.0,21.95,21.95,0.0
2011-11-20,4.834,4.834,0.0,14.55,14.55,0.0,20.71,20.71,0.0
2011-11-21,5.384,5.384,0.0,16.09,16.09,0.0,22.67,22.67,0.0
2011-11-22,8.892,8.892,0.0,25.14,25.14,0.0,36.32,36.32,0.0
2011-11-23,8.969,8.969,0.0,26.74,26.74,0.0,37.83,37.83,0.0
2011-11-24,7.523,7.523,0.0,24.73,24.73,0.0,34.88,34.88,0.0
2011-11-25,7.784,7.784,0.0,23.71,23.71,0.0,33.77,33.77,0.0
2011-11-26,6.887,6.887,0.0,21.47,21.47,0.0,30.0,30.0,0.0
2011-11-27,6.826,6.826,0.0,18.53,18.53,0.0,26.54,26.54,0.0
2011-11-28,9.311,9.311,0.0,22.56,22.56,0.0,33.12,33.12,0.0
2011-11-29,12.27,12.27,0.0,27.4,27.4,0.0,40.97,40.97,0.0
2011-11-30,12.29,12.29,0.0,27.61,27.61,0.0,41.22,41.22,0.0
2011-12-01,11.96,11.96,0.0,25.31,25.31,0.0,38.46,38.46,0.0
2011-12-02,9.294,9.294,0.0,21.05,21.05,0.0,31.0,31.0,0.0
2011-12-03,8.545,8.545,0.0,21.59,21.59,0.0,31.57,31.57,0.0
2011-12-04,9.227,9.227,0.0,22.6,22.6,0.0,33.02,33.02,0.0
2011-12-05,10.15,10.15,0.0,23.69,23.69,0.0,34.84,34.84,0.0
2011-12-06,12.47,12.47,0.0,25.56,25.56,0.0,38.65,38.65,0.0
2011-12-07,22.75,22.75,0.0,37.54,37.54,0.0,60.13,60.13,0.0
2011-12-08,19.08,19.08,0.0,34.29,34.29,0.0,54.24,54.24,0.0
2011-12-09,18.28,18.28,0.0,29.68,29.68,0.0,48.69,48.69,0.0
2011-12-10,13.41,13.41,0.0,24.22,24.22,0.0,38.03,38.03,0.0
2011-12-11,13.5,13.5,0.0,26.62,26.62,0.0,40.87,40.87,0.0
2011-12-12,14.27,14.27,0.0,27.54,27.54,0.0,42.38,42.38,0.0
2011-12-13,14.37,14.37,0.0,27.43,27.43,0.0,41.75,41.75,0.0
2011-12-14,12.22,12.22,0.0,22.07,22.07,0.0,34.89,34.89,0.0
2011-12-15,11.8,11.8,0.0,22.81,22.81,0.0,35.31,35.31,0.0
2011-12-16,12.17,12.17,0.0,23.64,23.64,0.0,36.28,36.28,0.0
2011-12-17,12.18,12.18,0.0,23.75,23.75,0.0,36.33,36.33,0.0
2011-12-18,11.92,11.92,0.0,23.28,23.28,0.0,35.17,35.17,0.0
2011-12-19,10.82,10.82,0.0,19.68,19.68,0.0,30.47,30.47,0.0
2011-12-20,9.988,9.988,0.0,19.12,19.12,0.0,29.58,29.58,0.0
2011-12-21,11.33,11.33,0.0,20.7,20.7,0.0,32.18,32.18,0.0
2011-12-22,14.43,14.43,0.0,24.83,24.83,0.0,39.63,39.63,0.0
2011-12-23,14.62,14.62,0.0,26.42,26.42,0.0,41.45,41.45,0.0
2011-12-24,13.8,13.8,0.0,26.09,26.09,0.0,40.41,40.41,0.0
2011-12-25,13.52,13.52,0.0,25.54,25.54,0.0,38.85,38.85,0.0
2011-12-26,10.63,10.63,0.0,20.25,20.25,0.0,31.32,31.32,0.0
2011-12-27,13.41,13.41,0.0,22.26,22.26,0.0,36.05,36.05,0.0
2011-12-28,13.54,13.54,0.0,22.76,22.76,0.0,36.49,36.49,0.0
2011-12-29,13.44,13.44,0.0,22.94,22.94,0.0,36.52,36.52,0.0
2011-12-30,12.92,12.92,0.0,23.5,23.5,0.0,36.8,36.8,0.0
2011-12-31,10.44,10.44,0.0,21.94,21.94,0.0,33.34,33.34,0.0
2012-01-01,11.44,11.44,0.0,19.43,19.43,0.0,30.68,30.68,0.0
2012-01-02,11.68,11.68,0.0,19.36,19.36,0.0,31.04,31.04,0.0
2012-01-03,11.53,11.53,0.0,19.82,19.82,0.0,31.41,31.41,0.0
2012-01-04,10.6,10.6,0.0,19.27,19.27,0.0,30.17,30.17,0.0
2012-01-05,9.333,9.333,0.0,19.03,19.03,0.0,28.6,28.6,0.0
2012-01-06,9.786,9.786,0.0,17.9,17.9,0.0,27.59,27.59,0.0
2012-01-07,9.649,9.649,0.0,16.59,16.59,0.0,26.3,26.3,0.0
2012-01-08,9.465,9.465,0.0,16.65,16.65,0.0,26.22,26.22,0.0
2012-01-09,8.465,8.465,0.0,16.47,16.47,0.0,25.44,25.44,0.0
2012-01-10,9.618,9.618,0.0,16.86,16.86,0.0,25.84,25.84,0.0
2012-01-11,8.918,8.918,0.0,15.92,15.92,0.0,25.29,25.29,0.0
2012-01-12,16.66,16.66,0.0,28.26,28.26,0.0,45.22,45.22,0.0
2012-01-13,10.35,10.35,0.0,19.17,19.17,0.0,30.48,30.48,0.0
2012-01-14,9.499,9.499,0.0,16.84,16.84,0.0,26.72,26.72,0.0
2012-01-15,8.587,8.587,0.0,15.91,15.91,0.0,25.04,25.04,0.0
2012-01-16,8.005,8.005,0.0,15.71,15.71,0.0,24.33,24.33,0.0
2012-01-17,12.82,12.82,0.0,30.84,30.84,0.0,42.62,42.62,0.0
2012-01-18,9.181,9.181,0.0,17.67,17.67,0.0,26.95,26.95,0.0
2012-01-19,8.82,8.82,0.0,14.81,14.81,0.0,23.78,23.78,0.0
2012-01-20,8.63,8.63,0.0,14.62,14.62,0.0,23.47,23.47,0.0
2012-01-21,8.52,8.52,0.0,14.37,14.37,0.0,22.85,22.85,0.0
2012-01-22,7.576,7.576,0.0,13.33,13.33,0.0,20.72,20.72,0.0
2012-01-23,7.276,7.276,0.0,15.74,15.74,0.0,23.08,23.08,0.0
2012-01-24,7.636,7.636,0.0,14.47,14.47,0.0,22.11,22.11,0.0
2012-01-25,8.123,8.123,0.0,14.96,14.96,0.0,23.07,23.07,0.0
2012-01-26,10.85,10.85,0.0,18.82,18.82,0.0,29.67,29.67,0.0
2012-01-27,14.47,14.47,0.0,23.92,23.92,0.0,37.65,37.65,0.0
2012-01-28,15.2,15.2,0.0,24.71,24.71,0.0,38.86,38.86,0.0
2012-01-29,15.12,15.12,0.0,24.99,24.99,0.0,38.58,38.58,0.0
2012-01-30,12.34,12.34,0.0,22.57,22.57,0.0,33.81,33.81,0.0
2012-01-31,11.86,11.86,0.0,19.33,19.33,0.0,30.23,30.23,0.0
2012-02-01,12.45,12.45,0.0,21.11,21.11,0.0,33.04,33.04,0.0
2012-02-02,14.3,14.3,0.0,24.44,24.44,0.0,37.6,37.6,0.0
2012-02-03,14.51,14.51,0.0,26.27,26.27,0.0,39.23,39.23,0.0
2012-02-04,15.01,15.01,0.0,26.06,26.06,0.0,39.75,39.75,0.0
2012-02-05,11.78,11.78,0.0,25.49,25.49,0.0,36.53,36.53,0.0
2012-02-06,11.65,11.65,0.0,21.38,21.38,0.0,32.44,32.44,0.0
2012-02-07,12.22,12.22,0.0,21.52,21.52,0.0,32.89,32.89,0.0
2012-02-08,12.52,12.52,0.0,22.73,22.73,0.0,34.39,34.39,0.0
2012-02-09,12.31,12.31,0.0,22.8,22.8,0.0,33.44,33.44,0.0
2012-02-10,10.28,10.28,0.0,20.89,20.89,0.0,30.59,30.59,0.0
2012-02-11,10.28,10.28,0.0,17.86,17.86,0.0,27.75,27.75,0.0
2012-02-12,10.42,10.42,0.0,18.82,18.82,0.0,28.54,28.54,0.0
2012-02-13,10.36,10.36,0.0,19.15,19.15,0.0,28.49,28.49,0.0
2012-02-14,10.56,10.56,0.0,19.83,19.83,0.0,29.72,29.72,0.0
2012-02-15,9.078,9.078,0.0,22.49,22.49,0.0,30.89,30.89,0.0
2012-02-16,10.7,10.7,0.0,19.72,19.72,0.0,29.84,29.84,0.0
2012-02-17,9.442,9.442,0.0,18.07,18.07,0.0,27.0,27.0,0.0
2012-02-18,9.747,9.747,0.0,18.46,18.46,0.0,27.49,27.49,0.0
2012-02-19,9.65,9.65,0.0,17.81,17.81,0.0,26.72,26.72,0.0
2012-02-20,9.035,9.035,0.0,17.77,17.77,0.0,26.02,26.02,0.0
2012-02-21,8.15,8.15,0.0,16.91,16.91,0.0,24.43,24.43,0.0
2012-02-22,8.685,8.685,0.0,16.3,16.3,0.0,24.35,24.35,0.0
2012-02-23,9.903,9.903,0.0,18.75,18.75,0.0,28.17,28.17,0.0
2012-02-24,10.95,10.95,0.0,21.87,21.87,0.0,32.38,32.38,0.0
2012-02-25,10.83,10.83,0.0,22.21,22.21,0.0,32.61,32.61,0.0
2012-02-26,10.53,10.53,0.0,19.28,19.28,0.0,29.33,29.33,0.0
2012-02-27,8.267,8.267,0.0,19.06,19.06,0.0,27.04,27.04,0.0
2012-02-28,8.697,8.697,0.0,19.99,19.99,0.0,28.12,28.12,0.0
2012-02-29,20.53,20.53,0.0,40.7,40.7,0.0,60.57,60.57,0.0
2012-03-01,16.71,16.71,0.0,35.03,35.03,0.0,51.6,51.6,0.0
2012-03-02,22.44,22.44,0.0,40.05,40.05,0.0,61.17,61.17,0.0
2012-03-03,19.7,19.7,0.0,37.45,37.45,0.0,56.94,56.94,0.0
2012-03-04,18.76,18.76,0.0,35.32,35.32,0.0,53.91,53.91,0.0
2012-03-05,12.9,12.9,0.0,29.19,29.19,0.0,42.21,42.21,0.0
2012-03-06,15.3,15.3,0.0,30.67,30.67,0.0,45.35,45.35,0.0
2012-03-07,15.91,15.91,0.0,32.24,32.24,0.0,47.56,47.56,0.0
2012-03-08,15.98,15.98,0.0,31.04,31.04,0.0,45.99,45.99,0.0
2012-03-09,14.17,14.17,0.0,29.25,29.25,0.0,43.2,43.2,0.0
2012-03-10,12.54,12.54,0.0,28.24,28.24,0.0,40.48,40.48,0.0
2012-03-11,13.16,13.16,0.0,27.84,27.84,0.0,40.49,40.49,0.0
2012-03-12,13.33,13.33,0.0,29.04,29.04,0.0,41.92,41.92,0.0
2012-03-13,12.54,12.54,0.0,26.98,26.98,0.0,38.88,38.88,0.0
2012-03-14,11.51,11.51,0.0,27.04,27.04,0.0,38.06,38.06,0.0
2012-03-15,11.05,11.05,0.0,23.72,23.72,0.0,34.35,34.35,0.0
2012-03-16,11.23,11.23,0.0,23.92,23.92,0.0,34.68,34.68,0.0
2012-03-17,11.09,11.09,0.0,24.2,24.2,0.0,34.75,34.75,0.0
2012-03-18,12.1,12.1,0.0,26.63,26.63,0.0,38.6,38.6,0.0
2012-03-19,12.26,12.26,0.0,28.19,28.19,0.0,40.3,40.3,0.0
2012-03-20,14.2,14.2,0.0,28.46,28.46,0.0,42.6,42.6,0.0
2012-03-21,13.86,13.86,0.0,28.43,28.43,0.0,42.13,42.13,0.0
2012-03-22,11.31,11.31,0.0,25.74,25.74,0.0,36.57,36.57,0.0
2012-03-23,12.6,12.6,0.0,25.62,25.62,0.0,38.17,38.17,0.0
2012-03-24,18.55,18.55,0.0,30.41,30.41,0.0,47.69,47.69,0.0
2012-03-25,18.26,18.26,0.0,31.61,31.61,0.0,49.2,49.2,0.0
2012-03-26,17.63,17.63,0.0,31.16,31.16,0.0,48.21,48.21,0.0
2012-03-27,17.11,17.11,0.0,25.94,25.94,0.0,42.44,42.44,0.0
2012-03-28,14.16,14.16,0.0,28.48,28.48,0.0,42.4,42.4,0.0
2012-03-29,13.76,13.76,0.0,26.23,26.23,0.0,39.64,39.64,0.0
2012-03-30,14.49,14.49,0.0,27.85,27.85,0.0,42.15,42.15,0.0
2012-03-31,14.53,14.53,0.0,28.65,28.65,0.0,43.04,43.04,0.0
2012-04-01,14.41,14.41,0.0,27.25,27.25,0.0,41.45,41.45,0.0
2012-04-02,12.23,12.23,0.0,26.55,26.55,0.0,38.69,38.69,0.0
2012-04-03,11.88,11.88,0.0,22.77,22.77,0.0,34.32,34.32,0.0
2012-04-04,12.17,12.17,0.0,23.83,23.83,0.0,35.63,35.63,0.0
2012-04-05,12.08,12.08,0.0,24.05,24.05,0.0,35.77,35.77,0.0
2012-04-06,11.81,11.81,0.0,23.27,23.27,0.0,34.72,34.72,0.0
2012-04-07,10.13,10.13,0.0,20.66,20.66,0.0,30.57,30.57,0.0
2012-04-08,10.13,10.13,0.0,19.8,19.8,0.0,29.56,29.56,0.0
2012-04-09,10.23,10.23,0.0,20.28,20.28,0.0,30.16,30.16,0.0
2012-04-10,10.07,10.07,0.0,20.09,20.09,0.0,29.78,29.78,0.0
2012-04-11,9.898,9.898,0.0,19.74,19.74,0.0,29.38,29.38,0.0
2012-04-12,8.748,8.748,0.0,18.01,18.01,0.0,26.42,26.42,0.0
2012-04-13,8.663,8.663,0.0,16.91,16.91,0.0,25.17,25.17,0.0
2012-04-14,8.426,8.426,0.0,17.22,17.22,0.0,25.38,25.38,0.0
2012-04-15,8.359,8.359,0.0,17.11,17.11,0.0,25.16,25.16,0.0
2012-04-16,8.189,8.189,0.0,16.54,16.54,0.0,24.4,24.4,0.0
2012-04-17,8.835,8.835,0.0,17.31,17.31,0.0,25.86,25.86,0.0
2012-04-18,11.17,11.17,0.0,19.36,19.36,0.0,29.96,29.96,0.0
2012-04-19,11.07,11.07,0.0,18.98,18.98,0.0,29.33,29.33,0.0
2012-04-20,10.87,10.87,0.0,16.65,16.65,0.0,26.79,26.79,0.0
2012-04-21,10.18,10.18,0.0,16.39,16.39,0.0,25.37,25.37,0.0
2012-04-22,9.573,9.573,0.0,18.05,18.05,0.0,27.66,27.66,0.0
2012-04-23,11.02,11.02,0.0,19.18,19.18,0.0,30.38,30.38,0.0
2012-04-24,11.05,11.05,0.0,19.44,19.44,0.0,30.44,30.44,0.0
2012-04-25,12.19,12.19,0.0,19.92,19.92,0.0,31.68,31.68,0.0
2012-04-26,12.27,12.27,0.0,20.18,20.18,0.0,31.98,31.98,0.0
2012-04-27,11.06,11.06,0.0,16.66,16.66,0.0,26.44,26.44,0.0
2012-04-28,12.32,12.32,0.0,20.17,20.17,0.0,32.06,32.06,0.0
2012-04-29,9.926,9.926,0.0,19.06,19.06,0.0,29.63,29.63,0.0
2012-04-30,11.23,11.23,0.0,20.35,20.35,0.0,31.72,31.72,0.0
2012-05-01,13.14,13.14,0.0,22.42,22.42,0.0,35.27,35.27,0.0
2012-05-02,13.57,13.57,0.0,23.14,23.14,0.0,36.15,36.15,0.0
2012-05-03,13.1,13.1,0.0,22.79,22.79,0.0,33.92,33.92,0.0
2012-05-04,12.68,12.68,0.0,23.92,23.92,0.0,36.03,36.03,0.0
2012-05-05,13.64,13.64,0.0,22.07,22.07,0.0,35.41,35.41,0.0
2012-05-06,11.34,11.34,0.0,21.86,21.86,0.0,33.84,33.84,0.0
2012-05-07,12.09,12.09,0.0,23.3,23.3,0.0,35.61,35.61,0.0
2012-05-08,13.83,13.83,0.0,24.73,24.73,0.0,38.7,38.7,0.0
2012-05-09,14.46,14.46,0.0,25.09,25.09,0.0,39.59,39.59,0.0
2012-05-10,14.11,14.11,0.0,23.84,23.84,0.0,36.28,36.28,0.0
2012-05-11,11.0,11.0,0.0,19.29,19.29,0.0,30.66,30.66,0.0
2012-05-12,10.93,10.93,0.0,20.73,20.73,0.0,32.12,32.12,0.0
2012-05-13,11.65,11.65,0.0,22.14,22.14,0.0,34.1,34.1,0.0
2012-05-14,16.1,16.1,0.0,30.18,30.18,0.0,48.01,48.01,0.0
2012-05-15,15.73,15.73,0.0,28.89,28.89,0.0,45.89,45.89,0.0
2012-05-16,15.39,15.39,0.0,27.58,27.58,0.0,44.06,44.06,0.0
2012-05-17,13.12,13.12,0.0,26.05,26.05,0.0,39.11,39.11,0.0
2012-05-18,11.74,11.74,0.0,20.93,20.93,0.0,33.71,33.71,0.0
2012-05-19,12.4,12.4,0.0,22.6,22.6,0.0,35.8,35.8,0.0
2012-05-20,12.46,12.46,0.0,23.13,23.13,0.0,36.3,36.3,0.0
2012-05-21,12.73,12.73,0.0,22.64,22.64,0.0,35.54,35.54,0.0
2012-05-22,12.35,12.35,0.0,18.84,18.84,0.0,30.87,30.87,0.0
2012-05-23,12.6,12.6,0.0,20.96,20.96,0.0,33.55,33.55,0.0
2012-05-24,11.6,11.6,0.0,21.17,21.17,0.0,32.93,32.93,0.0
2012-05-25,10.96,10.96,0.0,21.03,21.03,0.0,32.31,32.31,0.0
2012-05-26,11.2,11.2,0.0,19.62,19.62,0.0,30.27,30.27,0.0
2012-05-27,11.06,11.06,0.0,19.55,19.55,0.0,30.31,30.31,0.0
2012-05-28,10.35,10.35,0.0,18.82,18.82,0.0,28.97,28.97,0.0
2012-05-29,9.945,9.945,0.0,18.82,18.82,0.0,29.08,29.08,0.0
2012-05-30,9.389,9.389,0.0,18.64,18.64,0.0,28.21,28.21,0.0
2012-05-31,9.432,9.432,0.0,18.0,18.0,0.0,27.07,27.07,0.0
2012-06-01,9.466,9.466,0.0,16.99,16.99,0.0,26.09,26.09,0.0
2012-06-02,9.172,9.172,0.0,16.8,16.8,0.0,25.51,25.51,0.0
2012-06-03,8.048,8.048,0.0,15.45,15.45,0.0,23.55,23.55,0.0
2012-06-04,7.96,7.96,0.0,15.54,15.54,0.0,23.46,23.46,0.0
2012-06-05,8.074,8.074,0.0,15.12,15.12,0.0,22.93,22.93,0.0
2012-06-06,7.99,7.99,0.0,14.28,14.28,0.0,21.73,21.73,0.0
2012-06-07,7.659,7.659,0.0,14.16,14.16,0.0,21.38,21.38,0.0
2012-06-08,7.035,7.035,0.0,13.56,13.56,0.0,20.42,20.42,0.0
2012-06-09,6.813,6.813,0.0,12.84,12.84,0.0,19.44,19.44,0.0
2012-06-10,6.606,6.606,0.0,12.59,12.59,0.0,19.02,19.02,0.0
2012-06-11,6.67,6.67,0.0,12.06,12.06,0.0,18.49,18.49,0.0
2012-06-12,6.571,6.571,0.0,12.19,12.19,0.0,18.44,18.44,0.0
2012-06-13,6.178,6.178,0.0,11.43,11.43,0.0,17.28,17.28,0.0
2012-06-14,5.717,5.717,0.0,10.85,10.85,0.0,16.37,16.37,0.0
2012-06-15,5.578,5.578,0.0,10.65,10.65,0.0,16.06,16.06,0.0
2012-06-16,5.574,5.574,0.0,10.28,10.28,0.0,15.61,15.61,0.0
2012-06-17,5.631,5.631,0.0,10.53,10.53,0.0,16.13,16.13,0.0
2012-06-18,5.839,5.839,0.0,11.1,11.1,0.0,17.12,17.12,0.0
2012-06-19,5.274,5.274,0.0,9.985,9.985,0.0,15.03,15.03,0.0
2012-06-20,4.981,4.981,0.0,9.383,9.383,0.0,14.24,14.24,0.0
2012-06-21,4.966,4.966,0.0,9.417,9.417,0.0,14.47,14.47,0.0
2012-06-22,4.916,4.916,0.0,9.244,9.244,0.0,14.17,14.17,0.0
2012-06-23,4.665,4.665,0.0,8.798,8.798,0.0,13.16,13.16,0.0
2012-06-24,4.4,4.4,0.0,8.41,8.41,0.0,12.65,12.65,0.0
2012-06-25,4.341,4.341,0.0,8.246,8.246,0.0,12.39,12.39,0.0
2012-06-26,4.064,4.064,0.0,7.665,7.665,0.0,11.64,11.64,0.0
2012-06-27,3.885,3.885,0.0,7.357,7.357,0.0,11.19,11.19,0.0
2012-06-28,3.845,3.845,0.0,7.304,7.304,0.0,11.02,11.02,0.0
2012-06-29,3.876,3.876,0.0,7.721,7.721,0.0,11.72,11.72,0.0
2012-06-30,3.527,3.527,0.0,6.99,6.99,0.0,10.4,10.4,0.0
2012-07-01,3.36,3.36,0.0,6.715,6.715,0.0,10.12,10.12,0.0
2012-07-02,3.269,3.269,0.0,6.263,6.263,0.0,9.448,9.448,0.0
2012-07-03,3.143,3.143,0.0,6.193,6.193,0.0,9.264,9.264,0.0
2012-07-04,3.062,3.062,0.0,5.974,5.974,0.0,8.89,8.89,0.0
2012-07-05,2.92,2.92,0.0,5.783,5.783,0.0,8.599,8.599,0.0
2012-07-06,2.706,2.706,0.0,5.534,5.534,0.0,8.211,8.211,0.0
2012-07-07,2.654,2.654,0.0,5.14,5.14,0.0,7.709,7.709,0.0
2012-07-08,2.942,2.942,0.0,6.18,6.18,0.0,9.528,9.528,0.0
2012-07-09,2.523,2.523,0.0,5.273,5.273,0.0,7.775,7.775,0.0
2012-07-10,2.438,2.438,0.0,5.113,5.113,0.0,7.532,7.532,0.0
2012-07-11,2.343,2.343,0.0,4.796,4.796,0.0,7.125,7.125,0.0
2012-07-12,2.216,2.216,0.0,4.682,4.682,0.0,6.89,6.89,0.0
2012-07-13,2.243,2.243,0.0,4.859,4.859,0.0,7.235,7.235,0.0
2012-07-14,2.44,2.44,0.0,5.15,5.15,0.0,7.78,7.78,0.0
2012-07-15,2.967,2.967,0.0,6.148,6.148,0.0,9.516,9.516,0.0
2012-07-16,2.49,2.49,0.0,4.93,4.93,0.0,7.38,7.38,0.0
2012-07-17,2.409,2.409,0.0,4.771,4.771,0.0,7.125,7.125,0.0
2012-07-18,5.555,5.555,0.0,8.387,8.387,0.0,15.16,15.16,0.0
2012-07-19,5.251,5.251,0.0,8.294,8.294,0.0,13.7,13.7,0.0
2012-07-20,7.028,7.028,0.0,14.04,14.04,0.0,22.92,22.92,0.0
2012-07-21,6.12,6.12,0.0,13.12,13.12,0.0,19.79,19.79,0.0
2012-07-22,5.648,5.648,0.0,12.35,12.35,0.0,18.09,18.09,0.0
2012-07-23,5.492,5.492,0.0,12.17,12.17,0.0,17.72,17.72,0.0
2012-07-24,5.957,5.957,0.0,14.06,14.06,0.0,20.71,20.71,0.0
2012-07-25,5.371,5.371,0.0,12.69,12.69,0.0,18.3,18.3,0.0
2012-07-26,5.245,5.245,0.0,11.13,11.13,0.0,16.75,16.75,0.0
2012-07-27,4.913,4.913,0.0,11.26,11.26,0.0,16.38,16.38,0.0
2012-07-28,4.787,4.787,0.0,10.93,10.93,0.0,15.91,15.91,0.0
2012-07-29,4.641,4.641,0.0,10.89,10.89,0.0,15.73,15.73,0.0
2012-07-30,4.504,4.504,0.0,10.76,10.76,0.0,15.48,15.48,0.0
2012-07-31,5.368,5.368,0.0,13.19,13.19,0.0,19.2,19.2,0.0
2012-08-01,4.801,4.801,0.0,10.7,10.7,0.0,15.55,15.55,0.0
2012-08-02,4.685,4.685,0.0,10.82,10.82,0.0,15.54,15.54,0.0
2012-08-03,4.547,4.547,0.0,10.59,10.59,0.0,15.14,15.14,0.0
2012-08-04,4.324,4.324,0.0,10.27,10.27,0.0,14.66,14.66,0.0
2012-08-05,5.346,5.346,0.0,11.22,11.22,0.0,16.6,16.6,0.0
2012-08-06,4.948,4.948,0.0,9.528,9.528,0.0,14.26,14.26,0.0
2012-08-07,4.771,4.771,0.0,9.633,9.633,0.0,14.21,14.21,0.0
2012-08-08,4.578,4.578,0.0,9.374,9.374,0.0,13.77,13.77,0.0
2012-08-09,4.633,4.633,0.0,9.674,9.674,0.0,14.43,14.43,0.0
2012-08-10,4.239,4.239,0.0,9.103,9.103,0.0,13.3,13.3,0.0
2012-08-11,4.127,4.127,0.0,8.232,8.232,0.0,12.24,12.24,0.0
2012-08-12,4.021,4.021,0.0,8.232,8.232,0.0,12.13,12.13,0.0
2012-08-13,3.91,3.91,0.0,8.433,8.433,0.0,12.42,12.42,0.0
2012-08-14,3.88,3.88,0.0,7.797,7.797,0.0,11.6,11.6,0.0
2012-08-15,3.795,3.795,0.0,7.689,7.689,0.0,11.34,11.34,0.0
2012-08-16,3.696,3.696,0.0,7.161,7.161,0.0,10.72,10.72,0.0
2012-08-17,3.671,3.671,0.0,7.38,7.38,0.0,11.06,11.06,0.0
2012-08-18,3.392,3.392,0.0,6.91,6.91,0.0,10.22,10.22,0.0
2012-08-19,3.639,3.639,0.0,7.158,7.158,0.0,10.67,10.67,0.0
2012-08-20,3.381,3.381,0.0,6.813,6.813,0.0,10.03,10.03,0.0
2012-08-21,3.298,3.298,0.0,6.175,6.175,0.0,9.257,9.257,0.0
2012-08-22,3.198,3.198,0.0,6.166,6.166,0.0,9.167,9.167,0.0
2012-08-23,3.636,3.636,0.0,6.331,6.331,0.0,9.568,9.568,0.0
2012-08-24,3.434,3.434,0.0,6.132,6.132,0.0,9.211,9.211,0.0
2012-08-25,3.393,3.393,0.0,6.125,6.125,0.0,9.223,9.223,0.0
2012-08-26,3.214,3.214,0.0,5.851,5.851,0.0,8.799,8.799,0.0
2012-08-27,3.035,3.035,0.0,5.326,5.326,0.0,8.058,8.058,0.0
2012-08-28,3.043,3.043,0.0,5.478,5.478,0.0,8.307,8.307,0.0
2012-08-29,2.872,2.872,0.0,5.146,5.146,0.0,7.726,7.726,0.0
2012-08-30,2.791,2.791,0.0,5.026,5.026,0.0,7.522,7.522,0.0
2012-08-31,2.676,2.676,0.0,4.781,4.781,0.0,7.187,7.187,0.0
2012-09-01,2.585,2.585,0.0,4.658,4.658,0.0,7.061,7.061,0.0
2012-09-02,2.723,2.723,0.0,4.988,4.988,0.0,7.624,7.624,0.0
2012-09-03,2.498,2.498,0.0,4.483,4.483,0.0,6.711,6.711,0.0
2012-09-04,2.813,2.813,0.0,4.934,4.934,0.0,7.583,7.583,0.0
2012-09-05,2.734,2.734,0.0,4.65,4.65,0.0,7.034,7.034,0.0
2012-09-06,2.664,2.664,0.0,4.507,4.507,0.0,6.837,6.837,0.0
2012-09-07,2.53,2.53,0.0,4.235,4.235,0.0,6.44,6.44,0.0
2012-09-08,2.759,2.759,0.0,4.851,4.851,0.0,7.477,7.477,0.0
2012-09-09,2.504,2.504,0.0,4.271,4.271,0.0,6.448,6.448,0.0
2012-09-10,2.426,2.426,0.0,4.137,4.137,0.0,6.246,6.246,0.0
2012-09-11,2.349,2.349,0.0,4.033,4.033,0.0,6.071,6.071,0.0
2012-09-12,2.246,2.246,0.0,3.904,3.904,0.0,5.864,5.864,0.0
2012-09-13,2.151,2.151,0.0,3.659,3.659,0.0,5.521,5.521,0.0
2012-09-14,2.091,2.091,0.0,3.603,3.603,0.0,5.419,5.419,0.0
2012-09-15,2.033,2.033,0.0,3.486,3.486,0.0,5.252,5.252,0.0
2012-09-16,1.968,1.968,0.0,3.377,3.377,0.0,5.088,5.088,0.0
2012-09-17,3.037,3.037,0.0,5.499,5.499,0.0,8.467,8.467,0.0
2012-09-18,7.842,7.842,0.0,10.56,10.56,0.0,17.64,17.64,0.0
2012-09-19,6.139,6.139,0.0,8.086,8.086,0.0,13.01,13.01,0.0
2012-09-20,6.013,6.013,0.0,7.82,7.82,0.0,12.58,12.58,0.0
2012-09-21,5.863,5.863,0.0,7.599,7.599,0.0,12.23,12.23,0.0
2012-09-22,5.66,5.66,0.0,7.344,7.344,0.0,11.82,11.82,0.0
2012-09-23,4.301,4.301,0.0,5.691,5.691,0.0,9.235,9.235,0.0
2012-09-24,4.526,4.526,0.0,6.063,6.063,0.0,9.738,9.738,0.0
2012-09-25,4.997,4.997,0.0,6.607,6.607,0.0,10.67,10.67,0.0
2012-09-26,5.087,5.087,0.0,7.463,7.463,0.0,11.66,11.66,0.0
2012-09-27,5.379,5.379,0.0,8.295,8.295,0.0,12.91,12.91,0.0
2012-09-28,5.946,5.946,0.0,8.551,8.551,0.0,13.11,13.11,0.0
2012-09-29,5.585,5.585,0.0,7.446,7.446,0.0,11.81,11.81,0.0
2012-09-30,4.899,4.899,0.0,8.073,8.073,0.0,12.29,12.29,0.0
2012-10-01,6.712,6.712,0.0,9.45,9.45,0.0,14.81,14.81,0.0
2012-10-02,10.85,10.85,0.0,12.53,12.53,0.0,21.37,21.37,0.0
2012-10-03,10.96,10.96,0.0,12.01,12.01,0.0,20.62,20.62,0.0
2012-10-04,10.84,10.84,0.0,11.86,11.86,0.0,20.36,20.36,0.0
2012-10-05,10.47,10.47,0.0,9.422,9.422,0.0,17.63,17.63,0.0
2012-10-06,7.257,7.257,0.0,9.575,9.575,0.0,15.7,15.7,0.0
2012-10-07,8.411,8.411,0.0,9.873,9.873,0.0,16.32,16.32,0.0
2012-10-08,9.275,9.275,0.0,11.12,11.12,0.0,18.54,18.54,0.0
2012-10-09,9.192,9.192,0.0,10.84,10.84,0.0,18.08,18.08,0.0
2012-10-10,8.293,8.293,0.0,9.723,9.723,0.0,16.49,16.49,0.0
2012-10-11,7.234,7.234,0.0,8.827,8.827,0.0,14.99,14.99,0.0
2012-10-12,7.597,7.597,0.0,8.996,8.996,0.0,14.9,14.9,0.0
2012-10-13,7.63,7.63,0.0,9.118,9.118,0.0,15.07,15.07,0.0
2012-10-14,7.259,7.259,0.0,8.43,8.43,0.0,14.2,14.2,0.0
2012-10-15,6.653,6.653,0.0,8.776,8.776,0.0,14.35,14.35,0.0
2012-10-16,6.423,6.423,0.0,7.781,7.781,0.0,12.9,12.9,0.0
2012-10-17,6.477,6.477,0.0,7.903,7.903,0.0,12.97,12.97,0.0
2012-10-18,7.523,7.523,0.0,9.671,9.671,0.0,16.0,16.0,0.0
2012-10-19,7.34,7.34,0.0,9.48,9.48,0.0,15.43,15.43,0.0
2012-10-20,7.004,7.004,0.0,9.165,9.165,0.0,14.91,14.91,0.0
2012-10-21,6.236,6.236,0.0,9.043,9.043,0.0,14.35,14.35,0.0
2012-10-22,5.97,5.97,0.0,7.383,7.383,0.0,12.27,12.27,0.0
2012-10-23,6.05,6.05,0.0,7.735,7.735,0.0,12.55,12.55,0.0
2012-10-24,5.97,5.97,0.0,7.847,7.847,0.0,12.64,12.64,0.0
2012-10-25,5.559,5.559,0.0,7.629,7.629,0.0,12.2,12.2,0.0
2012-10-26,5.184,5.184,0.0,6.862,6.862,0.0,11.09,11.09,0.0
2012-10-27,5.127,5.127,0.0,6.669,6.669,0.0,10.83,10.83,0.0
2012-10-28,5.949,5.949,0.0,7.816,7.816,0.0,12.72,12.72,0.0
2012-10-29,10.31,10.31,0.0,21.17,21.17,0.0,35.33,35.33,0.0
2012-10-30,11.16,11.16,0.0,21.53,21.53,0.0,34.48,34.48,0.0
2012-10-31,11.45,11.45,0.0,21.32,21.32,0.0,34.44,34.44,0.0
2012-11-01,10.95,10.95,0.0,20.57,20.57,0.0,32.82,32.82,0.0
2012-11-02,8.975,8.975,0.0,20.08,20.08,0.0,31.07,31.07,0.0
2012-11-03,8.12,8.12,0.0,15.7,15.7,0.0,24.82,24.82,0.0
2012-11-04,8.591,8.591,0.0,15.31,15.31,0.0,24.04,24.04,0.0
2012-11-05,8.645,8.645,0.0,16.79,16.79,0.0,25.72,25.72,0.0
2012-11-06,8.484,8.484,0.0,17.54,17.54,0.0,26.58,26.58,0.0
2012-11-07,7.33,7.33,0.0,17.47,17.47,0.0,25.94,25.94,0.0
2012-11-08,7.018,7.018,0.0,14.84,14.84,0.0,22.81,22.81,0.0
2012-11-09,7.177,7.177,0.0,13.98,13.98,0.0,21.66,21.66,0.0
2012-11-10,7.122,7.122,0.0,15.37,15.37,0.0,22.79,22.79,0.0
2012-11-11,6.715,6.715,0.0,15.74,15.74,0.0,23.02,23.02,0.0
2012-11-12,7.673,7.673,0.0,16.98,16.98,0.0,25.34,25.34,0.0
2012-11-13,7.44,7.44,0.0,16.5,16.5,0.0,24.58,24.58,0.0
2012-11-14,6.626,6.626,0.0,14.25,14.25,0.0,21.66,21.66,0.0
2012-11-15,6.76,6.76,0.0,12.81,12.81,0.0,19.88,19.88,0.0
2012-11-16,6.704,6.704,0.0,13.58,13.58,0.0,20.45,20.45,0.0
2012-11-17,6.217,6.217,0.0,13.74,13.74,0.0,20.41,20.41,0.0
2012-11-18,6.014,6.014,0.0,13.16,13.16,0.0,19.56,19.56,0.0
2012-11-19,5.677,5.677,0.0,11.33,11.33,0.0,17.53,17.53,0.0
2012-11-20,5.548,5.548,0.0,11.41,11.41,0.0,17.14,17.14,0.0
2012-11-21,5.305,5.305,0.0,11.63,11.63,0.0,17.29,17.29,0.0
2012-11-22,5.293,5.293,0.0,11.5,11.5,0.0,17.12,17.12,0.0
2012-11-23,5.014,5.014,0.0,11.04,11.04,0.0,16.45,16.45,0.0
2012-11-24,4.897,4.897,0.0,10.25,10.25,0.0,15.55,15.55,0.0
2012-11-25,4.684,4.684,0.0,10.14,10.14,0.0,14.94,14.94,0.0
2012-11-26,5.227,5.227,0.0,10.72,10.72,0.0,16.26,16.26,0.0
2012-11-27,5.57,5.57,0.0,11.16,11.16,0.0,17.05,17.05,0.0
2012-11-28,5.482,5.482,0.0,10.73,10.73,0.0,16.5,16.5,0.0
2012-11-29,5.025,5.025,0.0,10.44,10.44,0.0,15.92,15.92,0.0
2012-11-30,4.641,4.641,0.0,9.424,9.424,0.0,14.51,14.51,0.0
2012-12-01,4.462,4.462,0.0,9.263,9.263,0.0,13.87,13.87,0.0
2012-12-02,4.65,4.65,0.0,9.869,9.869,0.0,14.84,14.84,0.0
2012-12-03,4.56,4.56,0.0,10.68,10.68,0.0,15.53,15.53,0.0
2012-12-04,4.261,4.261,0.0,10.65,10.65,0.0,15.31,15.31,0.0
2012-12-05,4.04,4.04,0.0,10.52,10.52,0.0,14.96,14.96,0.0
2012-12-06,4.294,4.294,0.0,10.01,10.01,0.0,14.36,14.36,0.0
2012-12-07,4.364,4.364,0.0,11.35,11.35,0.0,15.82,15.82,0.0
2012-12-08,5.457,5.457,0.0,13.86,13.86,0.0,19.9,19.9,0.0
2012-12-09,5.97,5.97,0.0,15.28,15.28,0.0,21.91,21.91,0.0
2012-12-10,6.659,6.659,0.0,17.0,17.0,0.0,24.46,24.46,0.0
2012-12-11,5.81,5.81,0.0,13.84,13.84,0.0,20.66,20.66,0.0
2012-12-12,5.947,5.947,0.0,14.8,14.8,0.0,21.56,21.56,0.0
2012-12-13,4.869,4.869,0.0,13.69,13.69,0.0,18.88,18.88,0.0
2012-12-14,5.183,5.183,0.0,13.4,13.4,0.0,18.99,18.99,0.0
2012-12-15,5.595,5.595,0.0,14.08,14.08,0.0,20.12,20.12,0.0
2012-12-16,5.58,5.58,0.0,12.66,12.66,0.0,18.72,18.72,0.0
2012-12-17,6.537,6.537,0.0,14.49,14.49,0.0,21.5,21.5,0.0
2012-12-18,6.529,6.529,0.0,14.66,14.66,0.0,21.89,21.89,0.0
2012-12-19,5.569,5.569,0.0,13.45,13.45,0.0,20.01,20.01,0.0
2012-12-20,7.507,7.507,0.0,16.37,16.37,0.0,24.77,24.77,0.0
2012-12-21,7.342,7.342,0.0,16.89,16.89,0.0,24.05,24.05,0.0
2012-12-22,6.788,6.788,0.0,15.98,15.98,0.0,23.02,23.02,0.0
2012-12-23,7.158,7.158,0.0,15.66,15.66,0.0,22.92,22.92,0.0
2012-12-24,6.533,6.533,0.0,15.38,15.38,0.0,22.49,22.49,0.0
2012-12-25,7.074,7.074,0.0,15.88,15.88,0.0,23.55,23.55,0.0
2012-12-26,6.837,6.837,0.0,14.33,14.33,0.0,22.56,22.56,0.0
2012-12-27,6.066,6.066,0.0,13.14,13.14,0.0,19.45,19.45,0.0
2012-12-28,6.23,6.23,0.0,13.71,13.71,0.0,20.33,20.33,0.0
2012-12-29,6.054,6.054,0.0,13.82,13.82,0.0,20.68,20.68,0.0
2012-12-30,5.412,5.412,0.0,12.95,12.95,0.0,19.39,19.39,0.0
2012-12-31,5.178,5.178,0.0,11.46,11.46,0.0,17.49,17.49,0.0
2013-01-01,5.323,5.323,0.0,11.64,11.64,0.0,17.72,17.72,0.0
2013-01-02,5.058,5.058,0.0,11.65,11.65,0.0,17.14,17.14,0.0
2013-01-03,4.808,4.808,0.0,11.21,11.21,0.0,16.59,16.59,0.0
2013-01-04,4.664,4.664,0.0,11.08,11.08,0.0,16.37,16.37,0.0
2013-01-05,5.217,5.217,0.0,10.75,10.75,0.0,17.09,17.09,0.0
2013-01-06,4.679,4.679,0.0,10.46,10.46,0.0,15.46,15.46,0.0
2013-01-07,4.614,4.614,0.0,10.16,10.16,0.0,15.12,15.12,0.0
2013-01-08,5.159,5.159,0.0,11.96,11.96,0.0,18.23,18.23,0.0
2013-01-09,4.023,4.023,0.0,16.97,16.97,0.0,21.72,21.72,0.0
2013-01-10,3.742,3.742,0.0,21.21,21.21,0.0,25.65,25.65,0.0
2013-01-11,3.833,3.833,0.0,13.65,13.65,0.0,18.03,18.03,0.0
2013-01-12,4.762,4.762,0.0,12.83,12.83,0.0,18.23,18.23,0.0
2013-01-13,6.561,6.561,0.0,16.01,16.01,0.0,23.14,23.14,0.0
2013-01-14,9.184,9.184,0.0,22.66,22.66,0.0,32.48,32.48,0.0
2013-01-15,13.44,13.44,0.0,34.94,34.94,0.0,49.15,49.15,0.0
2013-01-16,13.46,13.46,0.0,30.65,30.65,0.0,44.73,44.73,0.0
2013-01-17,13.08,13.08,0.0,28.57,28.57,0.0,42.15,42.15,0.0
2013-01-18,10.45,10.45,0.0,25.0,25.0,0.0,35.4,35.4,0.0
2013-01-19,8.915,8.915,0.0,19.02,19.02,0.0,28.67,28.67,0.0
2013-01-20,9.818,9.818,0.0,20.31,20.31,0.0,30.63,30.63,0.0
2013-01-21,10.08,10.08,0.0,21.62,21.62,0.0,32.13,32.13,0.0
2013-01-22,9.372,9.372,0.0,20.88,20.88,0.0,30.5,30.5,0.0
2013-01-23,8.362,8.362,0.0,18.26,18.26,0.0,26.9,26.9,0.0
2013-01-24,8.141,8.141,0.0,17.81,17.81,0.0,26.4,26.4,0.0
2013-01-25,8.549,8.549,0.0,18.03,18.03,0.0,27.16,27.16,0.0
2013-01-26,8.343,8.343,0.0,16.12,16.12,0.0,24.79,24.79,0.0
2013-01-27,7.539,7.539,0.0,15.75,15.75,0.0,23.34,23.34,0.0
2013-01-28,10.72,10.72,0.0,27.28,27.28,0.0,41.99,41.99,0.0
2013-01-29,7.42,7.42,0.0,23.53,23.53,0.0,32.27,32.27,0.0
2013-01-30,42.32,42.32,0.0,83.88,83.88,0.0,121.4,121.4,0.0
2013-01-31,15.89,15.89,0.0,39.39,39.39,0.0,58.19,58.19,0.0
2013-02-01,12.26,12.26,0.0,25.48,25.48,0.0,39.38,39.38,0.0
2013-02-02,11.16,11.16,0.0,22.19,22.19,0.0,34.69,34.69,0.0
2013-02-03,10.3,10.3,0.0,18.04,18.04,0.0,29.06,29.06,0.0
2013-02-04,8.029,8.029,0.0,15.03,15.03,0.0,23.97,23.97,0.0
2013-02-05,8.099,8.099,0.0,16.29,16.29,0.0,25.68,25.68,0.0
2013-02-06,9.039,9.039,0.0,17.2,17.2,0.0,27.54,27.54,0.0
2013-02-07,8.841,8.841,0.0,16.68,16.68,0.0,26.49,26.49,0.0
2013-02-08,9.982,9.982,0.0,17.03,17.03,0.0,28.04,28.04,0.0
2013-02-09,8.949,8.949,0.0,15.1,15.1,0.0,24.35,24.35,0.0
2013-02-10,8.303,8.303,0.0,15.94,15.94,0.0,25.1,25.1,0.0
2013-02-11,7.511,7.511,0.0,25.94,25.94,0.0,34.34,34.34,0.0
2013-02-12,7.973,7.973,0.0,19.02,19.02,0.0,28.23,28.23,0.0
2013-02-13,8.478,8.478,0.0,18.96,18.96,0.0,28.99,28.99,0.0
2013-02-14,9.519,9.519,0.0,18.39,18.39,0.0,28.91,28.91,0.0
2013-02-15,10.56,10.56,0.0,17.56,17.56,0.0,28.73,28.73,0.0
2013-02-16,10.81,10.81,0.0,16.12,16.12,0.0,26.15,26.15,0.0
2013-02-17,10.26,10.26,0.0,13.62,13.62,0.0,23.51,23.51,0.0
2013-02-18,7.73,7.73,0.0,15.01,15.01,0.0,23.88,23.88,0.0
2013-02-19,8.683,8.683,0.0,15.51,15.51,0.0,24.89,24.89,0.0
2013-02-20,8.9,8.9,0.0,14.48,14.48,0.0,23.79,23.79,0.0
2013-02-21,8.832,8.832,0.0,12.15,12.15,0.0,20.55,20.55,0.0
2013-02-22,7.513,7.513,0.0,12.16,12.16,0.0,19.99,19.99,0.0
2013-02-23,7.851,7.851,0.0,15.47,15.47,0.0,23.71,23.71,0.0
2013-02-24,7.766,7.766,0.0,14.01,14.01,0.0,22.08,22.08,0.0
2013-02-25,7.786,7.786,0.0,13.66,13.66,0.0,21.65,21.65,0.0
2013-02-26,7.867,7.867,0.0,13.33,13.33,0.0,21.55,21.55,0.0
2013-02-27,9.972,9.972,0.0,17.84,17.84,0.0,28.91,28.91,0.0
2013-02-28,8.554,8.554,0.0,14.03,14.03,0.0,23.37,23.37,0.0
2013-03-01,8.083,8.083,0.0,13.62,13.62,0.0,22.25,22.25,0.0
2013-03-02,7.475,7.475,0.0,12.74,12.74,0.0,20.94,20.94,0.0
2013-03-03,7.568,7.568,0.0,12.59,12.59,0.0,20.8,20.8,0.0
2013-03-04,6.855,6.855,0.0,10.52,10.52,0.0,17.71,17.71,0.0
2013-03-05,9.691,9.691,0.0,19.56,19.56,0.0,35.7,35.7,0.0
2013-03-06,8.035,8.035,0.0,14.33,14.33,0.0,24.62,24.62,0.0
2013-03-07,7.845,7.845,0.0,13.57,13.57,0.0,22.86,22.86,0.0
2013-03-08,7.624,7.624,0.0,12.1,12.1,0.0,20.97,20.97,0.0
2013-03-09,14.45,14.45,0.0,26.11,26.11,0.0,40.7,40.7,0.0
2013-03-10,13.85,13.85,0.0,42.39,42.39,0.0,56.18,56.18,0.0
2013-03-11,12.81,12.81,0.0,33.91,33.91,0.0,47.7,47.7,0.0
2013-03-12,13.22,13.22,0.0,30.1,30.1,0.0,44.83,44.83,0.0
2013-03-13,14.27,14.27,0.0,29.28,29.28,0.0,43.83,43.83,0.0
2013-03-14,13.65,13.65,0.0,24.81,24.81,0.0,38.59,38.59,0.0
2013-03-15,15.8,15.8,0.0,24.3,24.3,0.0,38.58,38.58,0.0
2013-03-16,16.95,16.95,0.0,28.88,28.88,0.0,45.41,45.41,0.0
2013-03-17,18.49,18.49,0.0,30.87,30.87,0.0,49.9,49.9,0.0
2013-03-18,17.02,17.02,0.0,31.61,31.61,0.0,49.36,49.36,0.0
2013-03-19,18.34,18.34,0.0,32.65,32.65,0.0,51.14,51.14,0.0
2013-03-20,18.08,18.08,0.0,31.75,31.75,0.0,48.5,48.5,0.0
2013-03-21,17.21,17.21,0.0,28.89,28.89,0.0,45.61,45.61,0.0
2013-03-22,16.59,16.59,0.0,26.71,26.71,0.0,43.16,43.16,0.0
2013-03-23,14.56,14.56,0.0,26.96,26.96,0.0,41.72,41.72,0.0
2013-03-24,15.53,15.53,0.0,28.53,28.53,0.0,43.28,43.28,0.0
2013-03-25,14.25,14.25,0.0,26.34,26.34,0.0,40.6,40.6,0.0
2013-03-26,14.1,14.1,0.0,25.12,25.12,0.0,39.9,39.9,0.0
2013-03-27,14.2,14.2,0.0,25.04,25.04,0.0,39.88,39.88,0.0
2013-03-28,12.75,12.75,0.0,23.28,23.28,0.0,36.76,36.76,0.0
2013-03-29,16.04,16.04,0.0,27.11,27.11,0.0,42.4,42.4,0.0
2013-03-30,15.82,15.82,0.0,32.85,32.85,0.0,48.06,48.06,0.0
2013-03-31,17.61,17.61,0.0,32.6,32.6,0.0,49.64,49.64,0.0
2013-04-01,17.63,17.63,0.0,30.63,30.63,0.0,47.27,47.27,0.0
2013-04-02,15.34,15.34,0.0,31.18,31.18,0.0,46.57,46.57,0.0
2013-04-03,13.39,13.39,0.0,29.4,29.4,0.0,42.48,42.48,0.0
2013-04-04,15.09,15.09,0.0,30.79,30.79,0.0,45.05,45.05,0.0
2013-04-05,15.37,15.37,0.0,30.22,30.22,0.0,44.73,44.73,0.0
2013-04-06,15.18,15.18,0.0,27.99,27.99,0.0,42.03,42.03,0.0
2013-04-07,13.49,13.49,0.0,28.79,28.79,0.0,41.92,41.92,0.0
2013-04-08,12.14,12.14,0.0,29.04,29.04,0.0,40.88,40.88,0.0
2013-04-09,12.6,12.6,0.0,29.58,29.58,0.0,41.32,41.32,0.0
2013-04-10,12.62,12.62,0.0,29.04,29.04,0.0,40.81,40.81,0.0
2013-04-11,15.59,15.59,0.0,31.58,31.58,0.0,46.86,46.86,0.0
2013-04-12,15.58,15.58,0.0,32.0,32.0,0.0,47.63,47.63,0.0
2013-04-13,15.16,15.16,0.0,29.83,29.83,0.0,44.95,44.95,0.0
2013-04-14,13.78,13.78,0.0,29.85,29.85,0.0,43.93,43.93,0.0
2013-04-15,13.41,13.41,0.0,29.05,29.05,0.0,42.2,42.2,0.0
2013-04-16,14.38,14.38,0.0,31.25,31.25,0.0,45.17,45.17,0.0
2013-04-17,14.51,14.51,0.0,28.16,28.16,0.0,42.22,42.22,0.0
2013-04-18,14.35,14.35,0.0,26.95,26.95,0.0,40.92,40.92,0.0
2013-04-19,16.88,16.88,0.0,31.93,31.93,0.0,48.78,48.78,0.0
2013-04-20,16.17,16.17,0.0,30.94,30.94,0.0,46.62,46.62,0.0
2013-04-21,12.71,12.71,0.0,29.62,29.62,0.0,43.49,43.49,0.0
2013-04-22,13.09,13.09,0.0,27.9,27.9,0.0,40.52,40.52,0.0
2013-04-23,13.47,13.47,0.0,25.63,25.63,0.0,38.67,38.67,0.0
2013-04-24,13.49,13.49,0.0,26.96,26.96,0.0,40.27,40.27,0.0
2013-04-25,12.13,12.13,0.0,26.89,26.89,0.0,39.08,39.08,0.0
2013-04-26,11.41,11.41,0.0,24.72,24.72,0.0,36.05,36.05,0.0
2013-04-27,11.29,11.29,0.0,23.32,23.32,0.0,34.3,34.3,0.0
2013-04-28,12.12,12.12,0.0,24.33,24.33,0.0,36.18,36.18,0.0
2013-04-29,12.54,12.54,0.0,25.4,25.4,0.0,37.74,37.74,0.0
2013-04-30,12.27,12.27,0.0,23.77,23.77,0.0,35.77,35.77,0.0
2013-05-01,10.61,10.61,0.0,22.35,22.35,0.0,33.16,33.16,0.0
2013-05-02,10.46,10.46,0.0,22.44,22.44,0.0,32.38,32.38,0.0
2013-05-03,10.24,10.24,0.0,20.67,20.67,0.0,30.63,30.63,0.0
2013-05-04,10.23,10.23,0.0,19.98,19.98,0.0,29.92,29.92,0.0
2013-05-05,10.05,10.05,0.0,20.13,20.13,0.0,29.87,29.87,0.0
2013-05-06,13.74,13.74,0.0,23.21,23.21,0.0,35.94,35.94,0.0
2013-05-07,25.97,25.97,0.0,37.96,37.96,0.0,62.89,62.89,0.0
2013-05-08,24.05,24.05,0.0,36.75,36.75,0.0,59.85,59.85,0.0
2013-05-09,21.66,21.66,0.0,35.56,35.56,0.0,56.81,56.81,0.0
2013-05-10,22.29,22.29,0.0,37.61,37.61,0.0,59.91,59.91,0.0
2013-05-11,17.34,17.34,0.0,36.45,36.45,0.0,54.3,54.3,0.0
2013-05-12,17.18,17.18,0.0,27.12,27.12,0.0,43.94,43.94,0.0
2013-05-13,18.15,18.15,0.0,30.14,30.14,0.0,47.85,47.85,0.0
2013-05-14,18.27,18.27,0.0,31.51,31.51,0.0,49.41,49.41,0.0
2013-05-15,16.26,16.26,0.0,31.51,31.51,0.0,47.6,47.6,0.0
2013-05-16,14.76,14.76,0.0,28.02,28.02,0.0,42.54,42.54,0.0
2013-05-17,15.4,15.4,0.0,25.27,25.27,0.0,40.19,40.19,0.0
2013-05-18,15.64,15.64,0.0,27.46,27.46,0.0,42.77,42.77,0.0
2013-05-19,15.37,15.37,0.0,27.79,27.79,0.0,42.71,42.71,0.0
2013-05-20,15.65,15.65,0.0,27.82,27.82,0.0,42.65,42.65,0.0
2013-05-21,13.43,13.43,0.0,25.45,25.45,0.0,38.0,38.0,0.0
2013-05-22,15.78,15.78,0.0,26.74,26.74,0.0,41.56,41.56,0.0
2013-05-23,16.24,16.24,0.0,26.21,26.21,0.0,42.05,42.05,0.0
2013-05-24,15.7,15.7,0.0,26.38,26.38,0.0,42.0,42.0,0.0
2013-05-25,15.5,15.5,0.0,26.72,26.72,0.0,41.77,41.77,0.0
2013-05-26,15.11,15.11,0.0,26.59,26.59,0.0,40.63,40.63,0.0
2013-05-27,12.79,12.79,0.0,24.08,24.08,0.0,36.34,36.34,0.0
2013-05-28,12.42,12.42,0.0,22.39,22.39,0.0,34.52,34.52,0.0
2013-05-29,12.68,12.68,0.0,21.76,21.76,0.0,33.96,33.96,0.0
2013-05-30,12.57,12.57,0.0,22.07,22.07,0.0,34.08,34.08,0.0
2013-05-31,11.14,11.14,0.0,21.78,21.78,0.0,32.39,32.39,0.0
2013-06-01,11.29,11.29,0.0,20.07,20.07,0.0,30.58,30.58,0.0
2013-06-02,11.01,11.01,0.0,20.02,20.02,0.0,30.8,30.8,0.0
2013-06-03,10.9,10.9,0.0,18.67,18.67,0.0,29.18,29.18,0.0
2013-06-04,10.61,10.61,0.0,18.56,18.56,0.0,28.6,28.6,0.0
2013-06-05,9.6,9.6,0.0,18.6,18.6,0.0,28.06,28.06,0.0
2013-06-06,13.07,13.07,0.0,21.09,21.09,0.0,33.62,33.62,0.0
2013-06-07,13.94,13.94,0.0,21.48,21.48,0.0,34.25,34.25,0.0
2013-06-08,13.54,13.54,0.0,20.7,20.7,0.0,32.83,32.83,0.0
2013-06-09,14.2,14.2,0.0,20.65,20.65,0.0,33.41,33.41,0.0
2013-06-10,17.18,17.18,0.0,23.17,23.17,0.0,38.47,38.47,0.0
2013-06-11,15.87,15.87,0.0,20.9,20.9,0.0,34.47,34.47,0.0
2013-06-12,12.58,12.58,0.0,20.98,20.98,0.0,33.13,33.13,0.0
2013-06-13,14.55,14.55,0.0,29.21,29.21,0.0,45.16,45.16,0.0
2013-06-14,14.31,14.31,0.0,27.77,27.77,0.0,42.55,42.55,0.0
2013-06-15,14.28,14.28,0.0,27.45,27.45,0.0,42.0,42.0,0.0
2013-06-16,13.58,13.58,0.0,24.31,24.31,0.0,37.25,37.25,0.0
2013-06-17,11.74,11.74,0.0,22.4,22.4,0.0,34.51,34.51,0.0
2013-06-18,11.64,11.64,0.0,21.66,21.66,0.0,33.43,33.43,0.0
2013-06-19,11.73,11.73,0.0,22.08,22.08,0.0,33.52,33.52,0.0
2013-06-20,11.62,11.62,0.0,22.05,22.05,0.0,33.42,33.42,0.0
2013-06-21,10.85,10.85,0.0,19.75,19.75,0.0,30.28,30.28,0.0
2013-06-22,9.998,9.998,0.0,17.82,17.82,0.0,27.67,27.67,0.0
2013-06-23,9.82,9.82,0.0,18.62,18.62,0.0,28.46,28.46,0.0
2013-06-24,9.892,9.892,0.0,18.76,18.76,0.0,28.62,28.62,0.0
2013-06-25,9.647,9.647,0.0,18.23,18.23,0.0,27.55,27.55,0.0
2013-06-26,9.423,9.423,0.0,16.7,16.7,0.0,25.49,25.49,0.0
2013-06-27,8.529,8.529,0.0,15.79,15.79,0.0,24.55,24.55,0.0
2013-06-28,8.33,8.33,0.0,16.69,16.69,0.0,25.49,25.49,0.0
2013-06-29,8.119,8.119,0.0,15.91,15.91,0.0,24.03,24.03,0.0
2013-06-30,8.047,8.047,0.0,15.74,15.74,0.0,23.69,23.69,0.0
2013-07-01,7.794,7.794,0.0,14.77,14.77,0.0,22.31,22.31,0.0
2013-07-02,7.212,7.212,0.0,13.56,13.56,0.0,20.61,20.61,0.0
2013-07-03,6.767,6.767,0.0,13.25,13.25,0.0,20.05,20.05,0.0
2013-07-04,6.815,6.815,0.0,13.2,13.2,0.0,19.91,19.91,0.0
2013-07-05,6.773,6.773,0.0,13.02,13.02,0.0,19.54,19.54,0.0
2013-07-06,6.622,6.622,0.0,12.38,12.38,0.0,18.7,18.7,0.0
2013-07-07,6.389,6.389,0.0,12.16,12.16,0.0,18.78,18.78,0.0
2013-07-08,6.12,6.12,0.0,11.6,11.6,0.0,17.46,17.46,0.0
2013-07-09,5.658,5.658,0.0,11.23,11.23,0.0,16.92,16.92,0.0
2013-07-10,5.69,5.69,0.0,11.04,11.04,0.0,16.62,16.62,0.0
2013-07-11,8.659,8.659,0.0,12.94,12.94,0.0,22.44,22.44,0.0
2013-07-12,7.345,7.345,0.0,12.01,12.01,0.0,19.69,19.69,0.0
2013-07-13,7.106,7.106,0.0,11.32,11.32,0.0,18.36,18.36,0.0
2013-07-14,6.648,6.648,0.0,11.15,11.15,0.0,17.81,17.81,0.0
2013-07-15,6.556,6.556,0.0,10.62,10.62,0.0,17.1,17.1,0.0
2013-07-16,5.918,5.918,0.0,10.48,10.48,0.0,16.27,16.27,0.0
2013-07-17,6.023,6.023,0.0,10.56,10.56,0.0,16.3,16.3,0.0
2013-07-18,6.331,6.331,0.0,11.33,11.33,0.0,17.87,17.87,0.0
2013-07-19,6.78,6.78,0.0,12.78,12.78,0.0,19.96,19.96,0.0
2013-07-20,6.346,6.346,0.0,12.02,12.02,0.0,18.0,18.0,0.0
2013-07-21,7.304,7.304,0.0,12.46,12.46,0.0,18.85,18.85,0.0
2013-07-22,7.381,7.381,0.0,13.65,13.65,0.0,20.61,20.61,0.0
2013-07-23,6.808,6.808,0.0,13.75,13.75,0.0,20.36,20.36,0.0
2013-07-24,5.896,5.896,0.0,11.89,11.89,0.0,17.62,17.62,0.0
2013-07-25,5.932,5.932,0.0,12.0,12.0,0.0,17.67,17.67,0.0
2013-07-26,5.984,5.984,0.0,10.96,10.96,0.0,16.36,16.36,0.0
2013-07-27,5.978,5.978,0.0,11.42,11.42,0.0,16.95,16.95,0.0
2013-07-28,5.332,5.332,0.0,11.17,11.17,0.0,16.21,16.21,0.0
2013-07-29,5.086,5.086,0.0,10.0,10.0,0.0,14.82,14.82,0.0
2013-07-30,5.142,5.142,0.0,9.82,9.82,0.0,14.62,14.62,0.0
2013-07-31,5.071,5.071,0.0,9.617,9.617,0.0,14.44,14.44,0.0
2013-08-01,4.974,4.974,0.0,9.716,9.716,0.0,14.29,14.29,0.0
2013-08-02,4.63,4.63,0.0,9.404,9.404,0.0,13.68,13.68,0.0
2013-08-03,4.352,4.352,0.0,8.804,8.804,0.0,13.09,13.09,0.0
2013-08-04,4.196,4.196,0.0,8.563,8.563,0.0,12.5,12.5,0.0
2013-08-05,4.203,4.203,0.0,8.182,8.182,0.0,12.24,12.24,0.0
2013-08-06,4.062,4.062,0.0,8.013,8.013,0.0,11.69,11.69,0.0
2013-08-07,4.062,4.062,0.0,7.999,7.999,0.0,11.85,11.85,0.0
2013-08-08,4.043,4.043,0.0,8.593,8.593,0.0,12.74,12.74,0.0
2013-08-09,3.806,3.806,0.0,8.161,8.161,0.0,12.05,12.05,0.0
2013-08-10,3.843,3.843,0.0,7.678,7.678,0.0,11.34,11.34,0.0
2013-08-11,3.814,3.814,0.0,7.617,7.617,0.0,11.12,11.12,0.0
2013-08-12,4.175,4.175,0.0,9.303,9.303,0.0,13.66,13.66,0.0
2013-08-13,4.047,4.047,0.0,10.12,10.12,0.0,14.28,14.28,0.0
2013-08-14,3.613,3.613,0.0,9.542,9.542,0.0,13.04,13.04,0.0
2013-08-15,3.343,3.343,0.0,9.085,9.085,0.0,12.39,12.39,0.0
2013-08-16,3.318,3.318,0.0,8.585,8.585,0.0,11.84,11.84,0.0
2013-08-17,3.39,3.39,0.0,8.426,8.426,0.0,11.85,11.85,0.0
2013-08-18,3.37,3.37,0.0,8.058,8.058,0.0,11.4,11.4,0.0
2013-08-19,3.161,3.161,0.0,7.858,7.858,0.0,10.87,10.87,0.0
2013-08-20,2.857,2.857,0.0,7.761,7.761,0.0,10.58,10.58,0.0
2013-08-21,3.125,3.125,0.0,8.194,8.194,0.0,11.62,11.62,0.0
2013-08-22,3.039,3.039,0.0,8.195,8.195,0.0,11.41,11.41,0.0
2013-08-23,3.581,3.581,0.0,10.32,10.32,0.0,14.67,14.67,0.0
2013-08-24,3.171,3.171,0.0,9.719,9.719,0.0,13.25,13.25,0.0
2013-08-25,3.083,3.083,0.0,9.595,9.595,0.0,13.04,13.04,0.0
2013-08-26,2.804,2.804,0.0,8.168,8.168,0.0,11.42,11.42,0.0
2013-08-27,3.241,3.241,0.0,10.88,10.88,0.0,15.16,15.16,0.0
2013-08-28,4.623,4.623,0.0,18.8,18.8,0.0,25.58,25.58,0.0
2013-08-29,3.684,3.684,0.0,17.11,17.11,0.0,22.24,22.24,0.0
2013-08-30,3.536,3.536,0.0,17.06,17.06,0.0,22.06,22.06,0.0
2013-08-31,3.445,3.445,0.0,16.72,16.72,0.0,21.58,21.58,0.0
2013-09-01,3.209,3.209,0.0,14.38,14.38,0.0,18.52,18.52,0.0
2013-09-02,3.143,3.143,0.0,12.09,12.09,0.0,16.45,16.45,0.0
2013-09-03,3.03,3.03,0.0,13.0,13.0,0.0,17.12,17.12,0.0
2013-09-04,2.943,2.943,0.0,13.36,13.36,0.0,17.34,17.34,0.0
2013-09-05,2.842,2.842,0.0,12.16,12.16,0.0,15.98,15.98,0.0
2013-09-06,2.779,2.779,0.0,11.26,11.26,0.0,14.83,14.83,0.0
2013-09-07,2.552,2.552,0.0,10.97,10.97,0.0,14.44,14.44,0.0
2013-09-08,2.501,2.501,0.0,11.18,11.18,0.0,14.58,14.58,0.0
2013-09-09,2.442,2.442,0.0,10.86,10.86,0.0,14.11,14.11,0.0
2013-09-10,2.352,2.352,0.0,9.71,9.71,0.0,12.88,12.88,0.0
2013-09-11,2.4,2.4,0.0,10.14,10.14,0.0,13.45,13.45,0.0
2013-09-12,2.312,2.312,0.0,9.939,9.939,0.0,13.16,13.16,0.0
2013-09-13,2.07,2.07,0.0,9.286,9.286,0.0,12.12,12.12,0.0
2013-09-14,2.034,2.034,0.0,9.052,9.052,0.0,11.78,11.78,0.0
2013-09-15,2.013,2.013,0.0,8.282,8.282,0.0,11.03,11.03,0.0
2013-09-16,1.903,1.903,0.0,8.434,8.434,0.0,11.09,11.09,0.0
2013-09-17,1.827,1.827,0.0,8.115,8.115,0.0,10.53,10.53,0.0
2013-09-18,1.726,1.726,0.0,7.994,7.994,0.0,10.35,10.35,0.0
2013-09-19,1.697,1.697,0.0,7.599,7.599,0.0,9.913,9.913,0.0
2013-09-20,1.901,1.901,0.0,7.306,7.306,0.0,9.823,9.823,0.0
2013-09-21,2.554,2.554,0.0,8.375,8.375,0.0,11.66,11.66,0.0
2013-09-22,2.118,2.118,0.0,7.386,7.386,0.0,9.785,9.785,0.0
2013-09-23,2.059,2.059,0.0,7.258,7.258,0.0,9.62,9.62,0.0
2013-09-24,1.949,1.949,0.0,6.916,6.916,0.0,9.199,9.199,0.0
2013-09-25,1.91,1.91,0.0,6.762,6.762,0.0,8.981,8.981,0.0
2013-09-26,1.856,1.856,0.0,6.363,6.363,0.0,8.504,8.504,0.0
2013-09-27,1.77,1.77,0.0,6.164,6.164,0.0,8.236,8.236,0.0
2013-09-28,1.727,1.727,0.0,6.112,6.112,0.0,8.065,8.065,0.0
2013-09-29,1.677,1.677,0.0,5.98,5.98,0.0,7.903,7.903,0.0
2013-09-30,1.583,1.583,0.0,5.476,5.476,0.0,7.332,7.332,0.0
2013-10-01,1.551,1.551,0.0,5.408,5.408,0.0,7.196,7.196,0.0
2013-10-02,1.507,1.507,0.0,5.226,5.226,0.0,6.971,6.971,0.0
2013-10-03,1.436,1.436,0.0,5.157,5.157,0.0,6.791,6.791,0.0
2013-10-04,1.402,1.402,0.0,5.035,5.035,0.0,6.645,6.645,0.0
2013-10-05,1.361,1.361,0.0,4.86,4.86,0.0,6.431,6.431,0.0
2013-10-06,1.629,1.629,0.0,5.242,5.242,0.0,7.346,7.346,0.0
2013-10-07,1.941,1.941,0.0,5.602,5.602,0.0,7.883,7.883,0.0
2013-10-08,1.629,1.629,0.0,4.808,4.808,0.0,6.493,6.493,0.0
2013-10-09,1.692,1.692,0.0,4.932,4.932,0.0,6.677,6.677,0.0
2013-10-10,1.754,1.754,0.0,4.964,4.964,0.0,6.852,6.852,0.0
2013-10-11,1.701,1.701,0.0,4.906,4.906,0.0,6.755,6.755,0.0
2013-10-12,1.639,1.639,0.0,4.665,4.665,0.0,6.473,6.473,0.0
2013-10-13,1.659,1.659,0.0,4.647,4.647,0.0,6.481,6.481,0.0
2013-10-14,1.623,1.623,0.0,4.748,4.748,0.0,6.535,6.535,0.0
2013-10-15,1.515,1.515,0.0,4.505,4.505,0.0,6.083,6.083,0.0
2013-10-16,1.473,1.473,0.0,4.312,4.312,0.0,5.857,5.857,0.0
2013-10-17,1.701,1.701,0.0,4.791,4.791,0.0,6.68,6.68,0.0
2013-10-18,1.514,1.514,0.0,4.373,4.373,0.0,5.962,5.962,0.0
2013-10-19,1.533,1.533,0.0,4.459,4.459,0.0,6.164,6.164,0.0
2013-10-20,1.426,1.426,0.0,4.172,4.172,0.0,5.691,5.691,0.0
2013-10-21,1.373,1.373,0.0,4.117,4.117,0.0,5.551,5.551,0.0
2013-10-22,1.335,1.335,0.0,4.005,4.005,0.0,5.41,5.41,0.0
2013-10-23,1.442,1.442,0.0,4.64,4.64,0.0,6.388,6.388,0.0
2013-10-24,1.263,1.263,0.0,4.292,4.292,0.0,5.738,5.738,0.0
2013-10-25,1.207,1.207,0.0,3.986,3.986,0.0,5.334,5.334,0.0
2013-10-26,1.168,1.168,0.0,4.077,4.077,0.0,5.382,5.382,0.0
2013-10-27,1.124,1.124,0.0,3.97,3.97,0.0,5.2,5.2,0.0
2013-10-28,1.094,1.094,0.0,3.659,3.659,0.0,4.865,4.865,0.0
2013-10-29,1.061,1.061,0.0,3.682,3.682,0.0,4.852,4.852,0.0
2013-10-30,1.006,1.006,0.0,3.636,3.636,0.0,4.767,4.767,0.0
2013-10-31,1.236,1.236,0.0,4.225,4.225,0.0,5.68,5.68,0.0
2013-11-01,1.31,1.31,0.0,4.802,4.802,0.0,6.347,6.347,0.0
2013-11-02,1.233,1.233,0.0,4.846,4.846,0.0,6.233,6.233,0.0
2013-11-03,1.154,1.154,0.0,4.615,4.615,0.0,5.867,5.867,0.0
2013-11-04,1.119,1.119,0.0,4.49,4.49,0.0,5.705,5.705,0.0
2013-11-05,1.061,1.061,0.0,3.827,3.827,0.0,4.997,4.997,0.0
2013-11-06,1.038,1.038,0.0,3.896,3.896,0.0,5.036,5.036,0.0
2013-11-07,1.094,1.094,0.0,4.466,4.466,0.0,5.76,5.76,0.0
2013-11-08,0.9883,0.9883,0.0,4.307,4.307,0.0,5.383,5.383,0.0
2013-11-09,0.9615,0.9615,0.0,4.179,4.179,0.0,5.234,5.234,0.0
2013-11-10,0.9323,0.9323,0.0,3.693,3.693,0.0,4.716,4.716,0.0
2013-11-11,0.8822,0.8822,0.0,3.675,3.675,0.0,4.661,4.661,0.0
2013-11-12,0.8627,0.8627,0.0,3.63,3.63,0.0,4.59,4.59,0.0
2013-11-13,0.8349,0.8349,0.0,3.644,3.644,0.0,4.574,4.574,0.0
2013-11-14,0.803,0.803,0.0,3.648,3.648,0.0,4.523,4.523,0.0
2013-11-15,0.8956,0.8956,0.0,3.916,3.916,0.0,4.926,4.926,0.0
2013-11-16,0.8385,0.8385,0.0,3.714,3.714,0.0,4.625,4.625,0.0
2013-11-17,1.076,1.076,0.0,4.601,4.601,0.0,5.856,5.856,0.0
2013-11-18,0.9749,0.9749,0.0,4.405,4.405,0.0,5.456,5.456,0.0
2013-11-19,0.9474,0.9474,0.0,3.734,3.734,0.0,4.759,4.759,0.0
2013-11-20,0.914,0.914,0.0,3.723,3.723,0.0,4.695,4.695,0.0
2013-11-21,0.8901,0.8901,0.0,3.832,3.832,0.0,4.786,4.786,0.0
2013-11-22,1.139,1.139,0.0,5.457,5.457,0.0,6.868,6.868,0.0
2013-11-23,0.9252,0.9252,0.0,5.13,5.13,0.0,6.082,6.082,0.0
2013-11-24,0.8992,0.8992,0.0,5.078,5.078,0.0,5.994,5.994,0.0
2013-11-25,0.8718,0.8718,0.0,4.616,4.616,0.0,5.505,5.505,0.0
2013-11-26,1.383,1.383,0.0,5.338,5.338,0.0,7.42,7.42,0.0
2013-11-27,1.08,1.08,0.0,4.926,4.926,0.0,6.374,6.374,0.0
2013-11-28,0.9357,0.9357,0.0,4.668,4.668,0.0,5.816,5.816,0.0
2013-11-29,0.7636,0.7636,0.0,4.292,4.292,0.0,5.11,5.11,0.0
2013-11-30,0.7427,0.7427,0.0,3.75,3.75,0.0,4.546,4.546,0.0
2013-12-01,3.302,3.302,0.0,6.67,6.67,0.0,10.41,10.41,0.0
2013-12-02,6.73,6.73,0.0,13.16,13.16,0.0,19.25,19.25,0.0
2013-12-03,8.041,8.041,0.0,16.25,16.25,0.0,21.05,21.05,0.0
2013-12-04,2.471,2.471,0.0,10.41,10.41,0.0,12.56,12.56,0.0
2013-12-05,3.604,3.604,0.0,11.28,11.28,0.0,14.47,14.47,0.0
2013-12-06,11.44,11.44,0.0,49.63,49.63,0.0,62.06,62.06,0.0
2013-12-07,10.32,10.32,0.0,29.52,29.52,0.0,39.28,39.28,0.0
2013-12-08,10.48,10.48,0.0,24.63,24.63,0.0,34.78,34.78,0.0
2013-12-09,11.8,11.8,0.0,23.83,23.83,0.0,34.69,34.69,0.0
2013-12-10,11.5,11.5,0.0,19.34,19.34,0.0,29.92,29.92,0.0
2013-12-11,7.584,7.584,0.0,15.39,15.39,0.0,23.29,23.29,0.0
2013-12-12,8.728,8.728,0.0,15.4,15.4,0.0,23.09,23.09,0.0
2013-12-13,9.157,9.157,0.0,16.93,16.93,0.0,25.26,25.26,0.0
2013-12-14,9.134,9.134,0.0,17.43,17.43,0.0,25.96,25.96,0.0
2013-12-15,7.537,7.537,0.0,14.86,14.86,0.0,22.36,22.36,0.0
2013-12-16,7.471,7.471,0.0,12.4,12.4,0.0,19.27,19.27,0.0
2013-12-17,8.092,8.092,0.0,14.66,14.66,0.0,22.89,22.89,0.0
2013-12-18,7.617,7.617,0.0,14.63,14.63,0.0,22.43,22.43,0.0
2013-12-19,18.71,18.71,0.0,35.02,35.02,0.0,52.29,52.29,0.0
2013-12-20,9.532,9.532,0.0,39.04,39.04,0.0,49.0,49.0,0.0
2013-12-21,9.243,9.243,0.0,26.52,26.52,0.0,36.84,36.84,0.0
2013-12-22,16.35,16.35,0.0,31.66,31.66,0.0,47.46,47.46,0.0
2013-12-23,17.93,17.93,0.0,31.84,31.84,0.0,49.1,49.1,0.0
2013-12-24,17.98,17.98,0.0,30.14,30.14,0.0,47.36,47.36,0.0
2013-12-25,15.6,15.6,0.0,27.94,27.94,0.0,42.78,42.78,0.0
2013-12-26,13.68,13.68,0.0,20.87,20.87,0.0,33.28,33.28,0.0
2013-12-27,13.32,13.32,0.0,23.92,23.92,0.0,36.22,36.22,0.0
2013-12-28,17.79,17.79,0.0,28.25,28.25,0.0,44.6,44.6,0.0
2013-12-29,19.63,19.63,0.0,39.69,39.69,0.0,59.89,59.89,0.0
2013-12-30,16.14,16.14,0.0,30.14,30.14,0.0,46.99,46.99,0.0
2013-12-31,14.71,14.71,0.0,22.19,22.19,0.0,37.26,37.26,0.0
2014-01-01,14.68,14.68,0.0,24.18,24.18,0.0,37.43,37.43,0.0
2014-01-02,12.98,12.98,0.0,24.22,24.22,0.0,37.32,37.32,0.0
2014-01-03,12.56,12.56,0.0,23.28,23.28,0.0,36.14,36.14,0.0
2014-01-04,12.6,12.6,0.0,21.3,21.3,0.0,34.06,34.06,0.0
2014-01-05,12.69,12.69,0.0,20.84,20.84,0.0,34.89,34.89,0.0
2014-01-06,11.21,11.21,0.0,20.12,20.12,0.0,31.26,31.26,0.0
2014-01-07,10.71,10.71,0.0,19.77,19.77,0.0,30.51,30.51,0.0
2014-01-08,10.5,10.5,0.0,18.01,18.01,0.0,28.62,28.62,0.0
2014-01-09,10.51,10.51,0.0,17.81,17.81,0.0,28.39,28.39,0.0
2014-01-10,14.16,14.16,0.0,23.41,23.41,0.0,35.52,35.52,0.0
2014-01-11,12.11,12.11,0.0,24.78,24.78,0.0,36.72,36.72,0.0
2014-01-12,10.17,10.17,0.0,18.73,18.73,0.0,28.47,28.47,0.0
2014-01-13,9.989,9.989,0.0,18.15,18.15,0.0,27.73,27.73,0.0
2014-01-14,11.27,11.27,0.0,17.86,17.86,0.0,28.51,28.51,0.0
2014-01-15,10.94,10.94,0.0,16.61,16.61,0.0,26.82,26.82,0.0
2014-01-16,9.742,9.742,0.0,14.97,14.97,0.0,24.54,24.54,0.0
2014-01-17,9.259,9.259,0.0,15.51,15.51,0.0,24.68,24.68,0.0
2014-01-18,9.392,9.392,0.0,14.87,14.87,0.0,23.63,23.63,0.0
2014-01-19,9.345,9.345,0.0,14.33,14.33,0.0,22.96,22.96,0.0
2014-01-20,10.46,10.46,0.0,15.0,15.0,0.0,24.23,24.23,0.0
2014-01-21,8.973,8.973,0.0,13.91,13.91,0.0,22.3,22.3,0.0
2014-01-22,7.971,7.971,0.0,12.17,12.17,0.0,19.87,19.87,0.0
2014-01-23,7.912,7.912,0.0,12.46,12.46,0.0,20.08,20.08,0.0
2014-01-24,7.797,7.797,0.0,12.11,12.11,0.0,19.27,19.27,0.0
2014-01-25,7.238,7.238,0.0,11.28,11.28,0.0,18.26,18.26,0.0
2014-01-26,7.196,7.196,0.0,10.97,10.97,0.0,17.54,17.54,0.0
2014-01-27,6.594,6.594,0.0,9.946,9.946,0.0,16.32,16.32,0.0
2014-01-28,6.619,6.619,0.0,9.746,9.746,0.0,15.94,15.94,0.0
2014-01-29,6.268,6.268,0.0,9.535,9.535,0.0,15.47,15.47,0.0
2014-01-30,6.139,6.139,0.0,9.371,9.371,0.0,14.94,14.94,0.0
2014-01-31,5.791,5.791,0.0,8.939,8.939,0.0,14.27,14.27,0.0
2014-02-01,9.034,9.034,0.0,25.81,25.81,0.0,33.06,33.06,0.0
2014-02-02,15.78,15.78,0.0,25.48,25.48,0.0,40.83,40.83,0.0
2014-02-03,10.54,10.54,0.0,15.53,15.53,0.0,25.17,25.17,0.0
2014-02-04,7.663,7.663,0.0,11.53,11.53,0.0,18.78,18.78,0.0
2014-02-05,12.75,12.75,0.0,24.59,24.59,0.0,39.64,39.64,0.0
2014-02-06,7.898,7.898,0.0,13.45,13.45,0.0,21.54,21.54,0.0
2014-02-07,7.317,7.317,0.0,11.48,11.48,0.0,18.4,18.4,0.0
2014-02-08,6.193,6.193,0.0,10.99,10.99,0.0,17.2,17.2,0.0
2014-02-09,6.018,6.018,0.0,9.764,9.764,0.0,15.69,15.69,0.0
2014-02-10,6.263,6.263,0.0,8.036,8.036,0.0,13.3,13.3,0.0
2014-02-11,5.616,5.616,0.0,8.364,8.364,0.0,13.54,13.54,0.0
2014-02-12,5.86,5.86,0.0,9.112,9.112,0.0,14.94,14.94,0.0
2014-02-13,5.296,5.296,0.0,8.764,8.764,0.0,14.17,14.17,0.0
2014-02-14,8.168,8.168,0.0,9.2,9.2,0.0,17.36,17.36,0.0
2014-02-15,6.121,6.121,0.0,8.267,8.267,0.0,14.11,14.11,0.0
2014-02-16,5.425,5.425,0.0,8.096,8.096,0.0,13.01,13.01,0.0
2014-02-17,5.397,5.397,0.0,7.442,7.442,0.0,12.35,12.35,0.0
2014-02-18,10.45,10.45,0.0,12.61,12.61,0.0,23.69,23.69,0.0
2014-02-19,13.48,13.48,0.0,55.63,55.63,0.0,72.94,72.94,0.0
2014-02-20,10.2,10.2,0.0,65.4,65.4,0.0,76.63,76.63,0.0
2014-02-21,17.9,17.9,0.0,49.69,49.69,0.0,66.94,66.94,0.0
2014-02-22,18.71,18.71,0.0,33.49,33.49,0.0,51.86,51.86,0.0
2014-02-23,18.77,18.77,0.0,34.56,34.56,0.0,53.57,53.57,0.0
2014-02-24,14.12,14.12,0.0,32.98,32.98,0.0,47.85,47.85,0.0
2014-02-25,12.46,12.46,0.0,26.02,26.02,0.0,38.28,38.28,0.0
2014-02-26,13.15,13.15,0.0,18.81,18.81,0.0,31.73,31.73,0.0
2014-02-27,13.69,13.69,0.0,22.5,22.5,0.0,36.05,36.05,0.0
2014-02-28,12.77,12.77,0.0,24.05,24.05,0.0,37.16,37.16,0.0
2014-03-01,11.92,11.92,0.0,24.3,24.3,0.0,35.62,35.62,0.0
2014-03-02,16.4,16.4,0.0,25.77,25.77,0.0,42.25,42.25,0.0
2014-03-03,13.9,13.9,0.0,19.6,19.6,0.0,33.7,33.7,0.0
2014-03-04,12.75,12.75,0.0,19.89,19.89,0.0,32.44,32.44,0.0
2014-03-05,12.84,12.84,0.0,20.09,20.09,0.0,32.57,32.57,0.0
2014-03-06,11.68,11.68,0.0,19.97,19.97,0.0,30.71,30.71,0.0
2014-03-07,12.34,12.34,0.0,19.61,19.61,0.0,32.09,32.09,0.0
2014-03-08,11.88,11.88,0.0,18.87,18.87,0.0,30.68,30.68,0.0
2014-03-09,12.53,12.53,0.0,19.02,19.02,0.0,31.1,31.1,0.0
2014-03-10,12.68,12.68,0.0,20.84,20.84,0.0,33.14,33.14,0.0
2014-03-11,15.97,15.97,0.0,24.78,24.78,0.0,39.93,39.93,0.0
2014-03-12,19.76,19.76,0.0,31.7,31.7,0.0,50.65,50.65,0.0
2014-03-13,20.21,20.21,0.0,32.19,32.19,0.0,51.53,51.53,0.0
2014-03-14,16.22,16.22,0.0,31.12,31.12,0.0,47.05,47.05,0.0
2014-03-15,16.53,16.53,0.0,24.44,24.44,0.0,39.49,39.49,0.0
2014-03-16,17.49,17.49,0.0,28.68,28.68,0.0,45.82,45.82,0.0
2014-03-17,18.17,18.17,0.0,30.53,30.53,0.0,47.99,47.99,0.0
2014-03-18,18.16,18.16,0.0,31.34,31.34,0.0,48.44,48.44,0.0
2014-03-19,18.73,18.73,0.0,36.82,36.82,0.0,53.94,53.94,0.0
2014-03-20,17.2,17.2,0.0,28.76,28.76,0.0,44.86,44.86,0.0
2014-03-21,16.3,16.3,0.0,30.94,30.94,0.0,46.9,46.9,0.0
2014-03-22,17.19,17.19,0.0,30.31,30.31,0.0,46.7,46.7,0.0
2014-03-23,17.28,17.28,0.0,30.12,30.12,0.0,46.41,46.41,0.0
2014-03-24,16.24,16.24,0.0,30.97,30.97,0.0,45.64,45.64,0.0
2014-03-25,14.43,14.43,0.0,28.96,28.96,0.0,42.55,42.55,0.0
2014-03-26,14.09,14.09,0.0,27.38,27.38,0.0,40.72,40.72,0.0
2014-03-27,14.54,14.54,0.0,26.45,26.45,0.0,40.1,40.1,0.0
2014-03-28,14.38,14.38,0.0,26.78,26.78,0.0,40.48,40.48,0.0
2014-03-29,18.89,18.89,0.0,34.18,34.18,0.0,51.57,51.57,0.0
2014-03-30,19.24,19.24,0.0,32.02,32.02,0.0,50.05,50.05,0.0
2014-03-31,18.73,18.73,0.0,30.21,30.21,0.0,47.33,47.33,0.0
2014-04-01,16.42,16.42,0.0,29.7,29.7,0.0,44.26,44.26,0.0
2014-04-02,15.33,15.33,0.0,29.66,29.66,0.0,44.08,44.08,0.0
2014-04-03,15.74,15.74,0.0,30.86,30.86,0.0,45.69,45.69,0.0
2014-04-04,16.41,16.41,0.0,29.24,29.24,0.0,44.64,44.64,0.0
2014-04-05,16.25,16.25,0.0,28.36,28.36,0.0,43.47,43.47,0.0
2014-04-06,16.35,16.35,0.0,27.38,27.38,0.0,41.8,41.8,0.0
2014-04-07,15.54,15.54,0.0,27.24,27.24,0.0,41.48,41.48,0.0
2014-04-08,14.74,14.74,0.0,27.79,27.79,0.0,41.72,41.72,0.0
2014-04-09,14.48,14.48,0.0,26.11,26.11,0.0,39.86,39.86,0.0
2014-04-10,14.65,14.65,0.0,25.35,25.35,0.0,39.02,39.02,0.0
2014-04-11,14.74,14.74,0.0,24.36,24.36,0.0,37.32,37.32,0.0
2014-04-12,13.52,13.52,0.0,23.13,23.13,0.0,35.24,35.24,0.0
2014-04-13,12.48,12.48,0.0,22.35,22.35,0.0,34.01,34.01,0.0
2014-04-14,15.09,15.09,0.0,24.95,24.95,0.0,38.87,38.87,0.0
2014-04-15,16.25,16.25,0.0,26.52,26.52,0.0,41.62,41.62,0.0
2014-04-16,15.17,15.17,0.0,25.15,25.15,0.0,39.51,39.51,0.0
2014-04-17,15.08,15.08,0.0,24.29,24.29,0.0,38.37,38.37,0.0
2014-04-18,12.86,12.86,0.0,22.9,22.9,0.0,34.84,34.84,0.0
2014-04-19,12.88,12.88,0.0,20.83,20.83,0.0,32.46,32.46,0.0
2014-04-20,13.03,13.03,0.0,21.32,21.32,0.0,33.14,33.14,0.0
2014-04-21,12.43,12.43,0.0,21.25,21.25,0.0,32.74,32.74,0.0
2014-04-22,12.12,12.12,0.0,20.5,20.5,0.0,31.62,31.62,0.0
2014-04-23,11.01,11.01,0.0,19.09,19.09,0.0,29.34,29.34,0.0
2014-04-24,10.85,10.85,0.0,19.02,19.02,0.0,28.9,28.9,0.0
2014-04-25,13.81,13.81,0.0,22.82,22.82,0.0,35.99,35.99,0.0
2014-04-26,13.69,13.69,0.0,22.98,22.98,0.0,36.04,36.04,0.0
2014-04-27,13.4,13.4,0.0,21.15,21.15,0.0,33.88,33.88,0.0
2014-04-28,14.73,14.73,0.0,23.45,23.45,0.0,37.58,37.58,0.0
2014-04-29,17.42,17.42,0.0,26.11,26.11,0.0,42.85,42.85,0.0
2014-04-30,18.28,18.28,0.0,26.21,26.21,0.0,43.73,43.73,0.0
2014-05-01,16.41,16.41,0.0,24.55,24.55,0.0,39.52,39.52,0.0
2014-05-02,13.01,13.01,0.0,23.01,23.01,0.0,35.88,35.88,0.0
2014-05-03,14.15,14.15,0.0,21.94,21.94,0.0,35.56,35.56,0.0
2014-05-04,14.43,14.43,0.0,22.7,22.7,0.0,36.5,36.5,0.0
2014-05-05,13.86,13.86,0.0,23.4,23.4,0.0,37.09,37.09,0.0
2014-05-06,12.93,12.93,0.0,20.55,20.55,0.0,32.6,32.6,0.0
2014-05-07,12.26,12.26,0.0,20.0,20.0,0.0,31.66,31.66,0.0
2014-05-08,12.47,12.47,0.0,19.26,19.26,0.0,31.06,31.06,0.0
2014-05-09,12.42,12.42,0.0,20.06,20.06,0.0,31.96,31.96,0.0
2014-05-10,13.33,13.33,0.0,20.99,20.99,0.0,33.54,33.54,0.0
2014-05-11,13.08,13.08,0.0,20.64,20.64,0.0,32.56,32.56,0.0
2014-05-12,13.02,13.02,0.0,18.49,18.49,0.0,30.34,30.34,0.0
2014-05-13,13.65,13.65,0.0,19.64,19.64,0.0,32.94,32.94,0.0
2014-05-14,14.64,14.64,0.0,23.4,23.4,0.0,38.44,38.44,0.0
2014-05-15,34.11,34.11,0.0,47.25,47.25,0.0,80.58,80.58,0.0
2014-05-16,28.58,28.58,0.0,44.1,44.1,0.0,73.12,73.12,0.0
2014-05-17,25.56,25.56,0.0,40.95,40.95,0.0,66.87,66.87,0.0
2014-05-18,20.51,20.51,0.0,39.48,39.48,0.0,60.41,60.41,0.0
2014-05-19,19.53,19.53,0.0,30.49,30.49,0.0,48.65,48.65,0.0
2014-05-20,18.35,18.35,0.0,28.88,28.88,0.0,47.06,47.06,0.0
2014-05-21,18.3,18.3,0.0,30.9,30.9,0.0,49.32,49.32,0.0
2014-05-22,18.68,18.68,0.0,31.55,31.55,0.0,50.09,50.09,0.0
2014-05-23,18.46,18.46,0.0,29.13,29.13,0.0,47.22,47.22,0.0
2014-05-24,15.49,15.49,0.0,24.56,24.56,0.0,39.51,39.51,0.0
2014-05-25,16.07,16.07,0.0,26.01,26.01,0.0,41.38,41.38,0.0
2014-05-26,15.69,15.69,0.0,27.01,27.01,0.0,42.53,42.53,0.0
2014-05-27,15.61,15.61,0.0,27.37,27.37,0.0,42.75,42.75,0.0
2014-05-28,14.92,14.92,0.0,25.78,25.78,0.0,40.0,40.0,0.0
2014-05-29,14.32,14.32,0.0,28.38,28.38,0.0,43.38,43.38,0.0
2014-05-30,13.98,13.98,0.0,25.41,25.41,0.0,39.81,39.81,0.0
2014-05-31,13.58,13.58,0.0,24.15,24.15,0.0,37.62,37.62,0.0
2014-06-01,13.51,13.51,0.0,24.77,24.77,0.0,38.18,38.18,0.0
2014-06-02,13.24,13.24,0.0,24.62,24.62,0.0,37.79,37.79,0.0
2014-06-03,12.4,12.4,0.0,23.31,23.31,0.0,35.69,35.69,0.0
2014-06-04,11.92,11.92,0.0,24.04,24.04,0.0,36.52,36.52,0.0
2014-06-05,11.85,11.85,0.0,22.55,22.55,0.0,34.17,34.17,0.0
2014-06-06,11.43,11.43,0.0,21.5,21.5,0.0,32.91,32.91,0.0
2014-06-07,11.08,11.08,0.0,21.78,21.78,0.0,32.69,32.69,0.0
2014-06-08,11.25,11.25,0.0,21.86,21.86,0.0,33.5,33.5,0.0
2014-06-09,10.01,10.01,0.0,21.18,21.18,0.0,31.66,31.66,0.0
2014-06-10,9.854,9.854,0.0,19.61,19.61,0.0,29.95,29.95,0.0
2014-06-11,9.682,9.682,0.0,19.23,19.23,0.0,29.04,29.04,0.0
2014-06-12,9.656,9.656,0.0,19.62,19.62,0.0,29.58,29.58,0.0
2014-06-13,9.047,9.047,0.0,17.94,17.94,0.0,27.17,27.17,0.0
2014-06-14,8.902,8.902,0.0,17.89,17.89,0.0,26.79,26.79,0.0
2014-06-15,8.351,8.351,0.0,17.18,17.18,0.0,25.75,25.75,0.0
2014-06-16,8.1,8.1,0.0,15.89,15.89,0.0,23.99,23.99,0.0
2014-06-17,7.739,7.739,0.0,15.14,15.14,0.0,22.9,22.9,0.0
2014-06-18,7.624,7.624,0.0,15.51,15.51,0.0,23.32,23.32,0.0
2014-06-19,7.657,7.657,0.0,15.74,15.74,0.0,23.65,23.65,0.0
2014-06-20,7.421,7.421,0.0,14.58,14.58,0.0,22.07,22.07,0.0
2014-06-21,6.973,6.973,0.0,14.59,14.59,0.0,21.9,21.9,0.0
2014-06-22,6.77,6.77,0.0,13.67,13.67,0.0,20.43,20.43,0.0
2014-06-23,6.636,6.636,0.0,12.95,12.95,0.0,19.61,19.61,0.0
2014-06-24,6.44,6.44,0.0,12.91,12.91,0.0,19.32,19.32,0.0
2014-06-25,6.351,6.351,0.0,12.68,12.68,0.0,19.01,19.01,0.0
2014-06-26,6.177,6.177,0.0,11.78,11.78,0.0,17.91,17.91,0.0
2014-06-27,5.609,5.609,0.0,11.44,11.44,0.0,17.06,17.06,0.0
2014-06-28,5.516,5.516,0.0,10.99,10.99,0.0,16.59,16.59,0.0
2014-06-29,5.436,5.436,0.0,10.98,10.98,0.0,16.52,16.52,0.0
2014-06-30,5.373,5.373,0.0,10.81,10.81,0.0,16.2,16.2,0.0
2014-07-01,5.186,5.186,0.0,9.941,9.941,0.0,15.07,15.07,0.0
2014-07-02,5.187,5.187,0.0,10.13,10.13,0.0,15.49,15.49,0.0
2014-07-03,5.023,5.023,0.0,9.688,9.688,0.0,17.06,17.06,0.0
2014-07-04,4.857,4.857,0.0,9.063,9.063,0.0,14.89,14.89,0.0
2014-07-05,4.834,4.834,0.0,8.969,8.969,0.0,14.5,14.5,0.0
2014-07-06,4.742,4.742,0.0,8.708,8.708,0.0,13.71,13.71,0.0
2014-07-07,4.612,4.612,0.0,8.128,8.128,0.0,13.11,13.11,0.0
2014-07-08,4.363,4.363,0.0,8.483,8.483,0.0,13.58,13.58,0.0
2014-07-09,4.054,4.054,0.0,7.837,7.837,0.0,12.46,12.46,0.0
2014-07-10,4.033,4.033,0.0,7.425,7.425,0.0,11.97,11.97,0.0
2014-07-11,3.951,3.951,0.0,7.199,7.199,0.0,11.44,11.44,0.0
2014-07-12,3.839,3.839,0.0,6.935,6.935,0.0,11.09,11.09,0.0
2014-07-13,3.802,3.802,0.0,7.237,7.237,0.0,11.66,11.66,0.0
2014-07-14,3.414,3.414,0.0,6.763,6.763,0.0,10.77,10.77,0.0
2014-07-15,3.351,3.351,0.0,6.399,6.399,0.0,10.28,10.28,0.0
2014-07-16,3.252,3.252,0.0,6.17,6.17,0.0,9.722,9.722,0.0
2014-07-17,3.174,3.174,0.0,5.815,5.815,0.0,9.293,9.293,0.0
2014-07-18,3.117,3.117,0.0,5.912,5.912,0.0,9.445,9.445,0.0
2014-07-19,3.007,3.007,0.0,5.722,5.722,0.0,9.126,9.126,0.0
2014-07-20,2.7,2.7,0.0,5.27,5.27,0.0,8.411,8.411,0.0
2014-07-21,2.692,2.692,0.0,5.144,5.144,0.0,8.225,8.225,0.0
2014-07-22,2.621,2.621,0.0,4.998,4.998,0.0,7.875,7.875,0.0
2014-07-23,2.611,2.611,0.0,4.947,4.947,0.0,7.884,7.884,0.0
2014-07-24,2.908,2.908,0.0,5.122,5.122,0.0,8.261,8.261,0.0
2014-07-25,2.573,2.573,0.0,4.68,4.68,0.0,7.474,7.474,0.0
2014-07-26,3.319,3.319,0.0,5.946,5.946,0.0,9.983,9.983,0.0
2014-07-27,3.504,3.504,0.0,6.543,6.543,0.0,10.83,10.83,0.0
2014-07-28,3.365,3.365,0.0,6.201,6.201,0.0,9.917,9.917,0.0
2014-07-29,3.095,3.095,0.0,5.534,5.534,0.0,8.729,8.729,0.0
2014-07-30,2.973,2.973,0.0,5.342,5.342,0.0,8.455,8.455,0.0
2014-07-31,2.792,2.792,0.0,5.17,5.17,0.0,8.161,8.161,0.0
2014-08-01,2.749,2.749,0.0,4.94,4.94,0.0,7.864,7.864,0.0
2014-08-02,2.711,2.711,0.0,4.895,4.895,0.0,7.807,7.807,0.0
2014-08-03,2.601,2.601,0.0,4.652,4.652,0.0,7.317,7.317,0.0
2014-08-04,2.512,2.512,0.0,4.528,4.528,0.0,7.126,7.126,0.0
2014-08-05,2.409,2.409,0.0,4.364,4.364,0.0,6.897,6.897,0.0
2014-08-06,2.35,2.35,0.0,4.482,4.482,0.0,7.117,7.117,0.0
2014-08-07,2.228,2.228,0.0,4.029,4.029,0.0,6.407,6.407,0.0
2014-08-08,2.174,2.174,0.0,3.939,3.939,0.0,6.252,6.252,0.0
2014-08-09,2.11,2.11,0.0,3.813,3.813,0.0,5.978,5.978,0.0
2014-08-10,2.029,2.029,0.0,3.685,3.685,0.0,5.792,5.792,0.0
2014-08-11,2.549,2.549,0.0,4.837,4.837,0.0,7.875,7.875,0.0
2014-08-12,2.603,2.603,0.0,4.93,4.93,0.0,8.062,8.062,0.0
2014-08-13,2.391,2.391,0.0,4.357,4.357,0.0,7.052,7.052,0.0
2014-08-14,2.226,2.226,0.0,3.984,3.984,0.0,6.365,6.365,0.0
2014-08-15,2.155,2.155,0.0,3.872,3.872,0.0,6.096,6.096,0.0
2014-08-16,2.08,2.08,0.0,3.709,3.709,0.0,5.895,5.895,0.0
2014-08-17,2.064,2.064,0.0,3.772,3.772,0.0,6.035,6.035,0.0
2014-08-18,1.981,1.981,0.0,3.782,3.782,0.0,6.049,6.049,0.0
2014-08-19,1.96,1.96,0.0,3.6,3.6,0.0,5.773,5.773,0.0
2014-08-20,1.923,1.923,0.0,3.617,3.617,0.0,5.788,5.788,0.0
2014-08-21,1.821,1.821,0.0,3.396,3.396,0.0,5.334,5.334,0.0
2014-08-22,1.862,1.862,0.0,3.628,3.628,0.0,5.802,5.802,0.0
2014-08-23,1.926,1.926,0.0,3.291,3.291,0.0,5.32,5.32,0.0
2014-08-24,1.787,1.787,0.0,3.137,3.137,0.0,5.07,5.07,0.0
2014-08-25,1.752,1.752,0.0,3.062,3.062,0.0,4.946,4.946,0.0
2014-08-26,1.698,1.698,0.0,2.977,2.977,0.0,4.751,4.751,0.0
2014-08-27,1.648,1.648,0.0,2.87,2.87,0.0,4.602,4.602,0.0
2014-08-28,1.588,1.588,0.0,2.764,2.764,0.0,4.454,4.454,0.0
2014-08-29,1.535,1.535,0.0,2.675,2.675,0.0,4.319,4.319,0.0
2014-08-30,1.441,1.441,0.0,2.545,2.545,0.0,4.124,4.124,0.0
2014-08-31,1.608,1.608,0.0,2.949,2.949,0.0,4.927,4.927,0.0
2014-09-01,1.601,1.601,0.0,2.904,2.904,0.0,4.764,4.764,0.0
2014-09-02,1.575,1.575,0.0,2.965,2.965,0.0,4.848,4.848,0.0
2014-09-03,1.41,1.41,0.0,2.547,2.547,0.0,4.103,4.103,0.0
2014-09-04,1.555,1.555,0.0,3.114,3.114,0.0,5.125,5.125,0.0
2014-09-05,1.36,1.36,0.0,2.587,2.587,0.0,4.142,4.142,0.0
2014-09-06,1.526,1.526,0.0,3.007,3.007,0.0,4.934,4.934,0.0
2014-09-07,1.316,1.316,0.0,2.512,2.512,0.0,3.967,3.967,0.0
2014-09-08,1.293,1.293,0.0,2.468,2.468,0.0,3.906,3.906,0.0
2014-09-09,1.256,1.256,0.0,2.389,2.389,0.0,3.792,3.792,0.0
2014-09-10,1.217,1.217,0.0,2.314,2.314,0.0,3.676,3.676,0.0
2014-09-11,1.215,1.215,0.0,2.349,2.349,0.0,3.763,3.763,0.0
2014-09-12,1.124,1.124,0.0,2.146,2.146,0.0,3.416,3.416,0.0
2014-09-13,1.145,1.145,0.0,2.237,2.237,0.0,3.558,3.558,0.0
2014-09-14,1.05,1.05,0.0,2.015,2.015,0.0,3.184,3.184,0.0
2014-09-15,1.047,1.047,0.0,2.04,2.04,0.0,3.253,3.253,0.0
2014-09-16,0.9733,0.9733,0.0,1.894,1.894,0.0,2.994,2.994,0.0
2014-09-17,0.9426,0.9426,0.0,1.831,1.831,0.0,2.897,2.897,0.0
2014-09-18,0.9112,0.9112,0.0,1.747,1.747,0.0,2.748,2.748,0.0
2014-09-19,0.8801,0.8801,0.0,1.687,1.687,0.0,2.667,2.667,0.0
2014-09-20,0.8461,0.8461,0.0,1.625,1.625,0.0,2.574,2.574,0.0
2014-09-21,0.8998,0.8998,0.0,1.818,1.818,0.0,2.933,2.933,0.0
2014-09-22,0.7877,0.7877,0.0,1.537,1.537,0.0,2.422,2.422,0.0
2014-09-23,0.7621,0.7621,0.0,1.485,1.485,0.0,2.324,2.324,0.0
2014-09-24,0.7364,0.7364,0.0,1.427,1.427,0.0,2.238,2.238,0.0
2014-09-25,0.7111,0.7111,0.0,1.374,1.374,0.0,2.161,2.161,0.0
2014-09-26,0.6833,0.6833,0.0,1.328,1.328,0.0,2.088,2.088,0.0
2014-09-27,0.657,0.657,0.0,1.281,1.281,0.0,2.014,2.014,0.0
2014-09-28,0.6357,0.6357,0.0,1.235,1.235,0.0,1.938,1.938,0.0
2014-09-29,0.6152,0.6152,0.0,1.195,1.195,0.0,1.876,1.876,0.0
2014-09-30,0.6859,0.6859,0.0,1.406,1.406,0.0,2.277,2.277,0.0
2014-10-01,0.5742,0.5742,0.0,1.123,1.123,0.0,1.76,1.76,0.0
2014-10-02,0.5518,0.5518,0.0,1.082,1.082,0.0,1.692,1.692,0.0
2014-10-03,0.554,0.554,0.0,1.109,1.109,0.0,1.751,1.751,0.0
2014-10-04,0.5415,0.5415,0.0,1.089,1.089,0.0,1.722,1.722,0.0
2014-10-05,0.4974,0.4974,0.0,0.9824,0.9824,0.0,1.534,1.534,0.0
2014-10-06,0.9402,0.9402,0.0,1.935,1.935,0.0,3.203,3.203,0.0
2014-10-07,1.047,1.047,0.0,1.957,1.957,0.0,3.135,3.135,0.0
2014-10-08,0.8536,0.8536,0.0,1.498,1.498,0.0,2.293,2.293,0.0
2014-10-09,0.839,0.839,0.0,1.483,1.483,0.0,2.286,2.286,0.0
2014-10-10,1.384,1.384,0.0,2.809,2.809,0.0,4.595,4.595,0.0
2014-10-11,1.169,1.169,0.0,2.392,2.392,0.0,3.701,3.701,0.0
2014-10-12,1.264,1.264,0.0,2.359,2.359,0.0,3.614,3.614,0.0
2014-10-13,1.411,1.411,0.0,2.561,2.561,0.0,4.009,4.009,0.0
2014-10-14,3.41,3.41,0.0,5.199,5.199,0.0,8.885,8.885,0.0
2014-10-15,3.202,3.202,0.0,5.796,5.796,0.0,9.203,9.203,0.0
2014-10-16,3.091,3.091,0.0,6.196,6.196,0.0,9.387,9.387,0.0
2014-10-17,2.819,2.819,0.0,5.653,5.653,0.0,8.35,8.35,0.0
2014-10-18,2.816,2.816,0.0,5.955,5.955,0.0,8.722,8.722,0.0
2014-10-19,2.672,2.672,0.0,5.727,5.727,0.0,8.285,8.285,0.0
2014-10-20,2.589,2.589,0.0,5.583,5.583,0.0,8.074,8.074,0.0
2014-10-21,2.763,2.763,0.0,6.827,6.827,0.0,9.812,9.812,0.0
2014-10-22,2.544,2.544,0.0,6.686,6.686,0.0,9.299,9.299,0.0
2014-10-23,2.407,2.407,0.0,6.448,6.448,0.0,8.878,8.878,0.0
2014-10-24,2.326,2.326,0.0,5.567,5.567,0.0,7.918,7.918,0.0
2014-10-25,2.245,2.245,0.0,5.633,5.633,0.0,7.905,7.905,0.0
2014-10-26,2.166,2.166,0.0,5.612,5.612,0.0,7.807,7.807,0.0
2014-10-27,2.087,2.087,0.0,5.507,5.507,0.0,7.625,7.625,0.0
2014-10-28,2.106,2.106,0.0,5.684,5.684,0.0,7.951,7.951,0.0
2014-10-29,2.045,2.045,0.0,5.375,5.375,0.0,7.644,7.644,0.0
2014-10-30,1.88,1.88,0.0,5.163,5.163,0.0,7.14,7.14,0.0
2014-10-31,2.088,2.088,0.0,6.008,6.008,0.0,8.322,8.322,0.0
2014-11-01,2.061,2.061,0.0,6.118,6.118,0.0,8.376,8.376,0.0
2014-11-02,1.944,1.944,0.0,5.898,5.898,0.0,7.977,7.977,0.0
2014-11-03,1.877,1.877,0.0,5.822,5.822,0.0,7.835,7.835,0.0
2014-11-04,1.803,1.803,0.0,5.023,5.023,0.0,6.962,6.962,0.0
2014-11-05,1.938,1.938,0.0,5.884,5.884,0.0,8.119,8.119,0.0
2014-11-06,2.333,2.333,0.0,7.878,7.878,0.0,10.68,10.68,0.0
2014-11-07,2.106,2.106,0.0,7.97,7.97,0.0,10.35,10.35,0.0
2014-11-08,2.011,2.011,0.0,7.906,7.906,0.0,10.16,10.16,0.0
2014-11-09,1.943,1.943,0.0,7.427,7.427,0.0,9.61,9.61,0.0
2014-11-10,1.866,1.866,0.0,7.007,7.007,0.0,9.114,9.114,0.0
2014-11-11,1.805,1.805,0.0,6.058,6.058,0.0,8.073,8.073,0.0
2014-11-12,1.744,1.744,0.0,6.343,6.343,0.0,8.3,8.3,0.0
2014-11-13,1.708,1.708,0.0,6.475,6.475,0.0,8.44,8.44,0.0
2014-11-14,1.653,1.653,0.0,6.193,6.193,0.0,8.107,8.107,0.0
2014-11-15,1.564,1.564,0.0,5.262,5.262,0.0,7.046,7.046,0.0
2014-11-16,1.732,1.732,0.0,6.418,6.418,0.0,8.575,8.575,0.0
2014-11-17,2.404,2.404,0.0,8.526,8.526,0.0,11.24,11.24,0.0
2014-11-18,2.264,2.264,0.0,8.088,8.088,0.0,10.59,10.59,0.0
2014-11-19,2.161,2.161,0.0,7.832,7.832,0.0,10.18,10.18,0.0
2014-11-20,2.092,2.092,0.0,7.649,7.649,0.0,9.929,9.929,0.0
2014-11-21,2.022,2.022,0.0,6.051,6.051,0.0,8.197,8.197,0.0
2014-11-22,1.943,1.943,0.0,6.327,6.327,0.0,8.422,8.422,0.0
2014-11-23,2.578,2.578,0.0,7.47,7.47,0.0,10.12,10.12,0.0
2014-11-24,2.336,2.336,0.0,6.837,6.837,0.0,9.281,9.281,0.0
2014-11-25,3.225,3.225,0.0,8.442,8.442,0.0,11.92,11.92,0.0
2014-11-26,3.66,3.66,0.0,9.743,9.743,0.0,14.04,14.04,0.0
2014-11-27,3.447,3.447,0.0,8.549,8.549,0.0,12.44,12.44,0.0
2014-11-28,3.323,3.323,0.0,8.585,8.585,0.0,12.35,12.35,0.0
2014-11-29,3.14,3.14,0.0,8.294,8.294,0.0,11.91,11.91,0.0
2014-11-30,5.311,5.311,0.0,13.42,13.42,0.0,19.99,19.99,0.0
2014-12-01,5.707,5.707,0.0,10.98,10.98,0.0,17.53,17.53,0.0
2014-12-02,6.839,6.839,0.0,12.32,12.32,0.0,19.89,19.89,0.0
2014-12-03,7.328,7.328,0.0,12.33,12.33,0.0,20.19,20.19,0.0
2014-12-04,7.733,7.733,0.0,13.22,13.22,0.0,21.85,21.85,0.0
2014-12-05,7.92,7.92,0.0,14.41,14.41,0.0,23.5,23.5,0.0
2014-12-06,9.847,9.847,0.0,21.49,21.49,0.0,33.14,33.14,0.0
2014-12-07,9.454,9.454,0.0,18.58,18.58,0.0,29.51,29.51,0.0
2014-12-08,7.234,7.234,0.0,16.42,16.42,0.0,25.07,25.07,0.0
2014-12-09,8.012,8.012,0.0,12.83,12.83,0.0,21.85,21.85,0.0
2014-12-10,8.312,8.312,0.0,14.71,14.71,0.0,23.81,23.81,0.0
2014-12-11,8.199,8.199,0.0,15.38,15.38,0.0,24.49,24.49,0.0
2014-12-12,7.024,7.024,0.0,15.5,15.5,0.0,24.22,24.22,0.0
2014-12-13,6.901,6.901,0.0,13.31,13.31,0.0,21.07,21.07,0.0
2014-12-14,7.043,7.043,0.0,11.84,11.84,0.0,19.79,19.79,0.0
2014-12-15,6.84,6.84,0.0,12.72,12.72,0.0,20.26,20.26,0.0
2014-12-16,7.072,7.072,0.0,15.26,15.26,0.0,23.53,23.53,0.0
2014-12-17,7.419,7.419,0.0,14.91,14.91,0.0,23.3,23.3,0.0
2014-12-18,7.338,7.338,0.0,14.36,14.36,0.0,22.49,22.49,0.0
2014-12-19,6.299,6.299,0.0,10.93,10.93,0.0,18.52,18.52,0.0
2014-12-20,6.155,6.155,0.0,11.78,11.78,0.0,18.57,18.57,0.0
2014-12-21,6.107,6.107,0.0,12.24,12.24,0.0,19.13,19.13,0.0
2014-12-22,6.059,6.059,0.0,12.41,12.41,0.0,19.33,19.33,0.0
2014-12-23,6.619,6.619,0.0,12.97,12.97,0.0,20.57,20.57,0.0
2014-12-24,6.788,6.788,0.0,13.05,13.05,0.0,20.5,20.5,0.0
2014-12-25,7.668,7.668,0.0,12.58,12.58,0.0,20.42,20.42,0.0
2014-12-26,7.756,7.756,0.0,13.03,13.03,0.0,20.84,20.84,0.0
2014-12-27,7.548,7.548,0.0,12.8,12.8,0.0,20.63,20.63,0.0
2014-12-28,7.624,7.624,0.0,13.79,13.79,0.0,21.25,21.25,0.0
2014-12-29,6.431,6.431,0.0,13.46,13.46,0.0,20.23,20.23,0.0
2014-12-30,6.817,6.817,0.0,12.25,12.25,0.0,19.2,19.2,0.0
2014-12-31,6.702,6.702,0.0,10.59,10.59,0.0,17.3,17.3,0.0
2015-01-01,6.422,6.422,0.0,11.41,11.41,0.0,17.71,17.71,0.0
2015-01-02,6.108,6.108,0.0,11.78,11.78,0.0,18.13,18.13,0.0
2015-01-03,8.086,8.086,0.0,18.47,18.47,0.0,27.55,27.55,0.0
2015-01-04,8.137,8.137,0.0,16.02,16.02,0.0,24.78,24.78,0.0
2015-01-05,8.486,8.486,0.0,13.6,13.6,0.0,22.3,22.3,0.0
2015-01-06,8.21,8.21,0.0,12.56,12.56,0.0,21.11,21.11,0.0
2015-01-07,8.032,8.032,0.0,11.77,11.77,0.0,19.97,19.97,0.0
2015-01-08,6.585,6.585,0.0,10.48,10.48,0.0,17.14,17.14,0.0
2015-01-09,6.469,6.469,0.0,10.32,10.32,0.0,16.87,16.87,0.0
2015-01-10,6.485,6.485,0.0,10.1,10.1,0.0,16.72,16.72,0.0
2015-01-11,6.21,6.21,0.0,9.766,9.766,0.0,16.3,16.3,0.0
2015-01-12,6.138,6.138,0.0,9.154,9.154,0.0,15.23,15.23,0.0
2015-01-13,5.686,5.686,0.0,9.145,9.145,0.0,14.85,14.85,0.0
2015-01-14,5.723,5.723,0.0,8.858,8.858,0.0,14.61,14.61,0.0
2015-01-15,5.438,5.438,0.0,8.532,8.532,0.0,14.11,14.11,0.0
2015-01-16,5.142,5.142,0.0,8.162,8.162,0.0,13.52,13.52,0.0
2015-01-17,5.842,5.842,0.0,10.13,10.13,0.0,17.28,17.28,0.0
2015-01-18,6.414,6.414,0.0,8.609,8.609,0.0,15.46,15.46,0.0
2015-01-19,5.005,5.005,0.0,7.702,7.702,0.0,12.81,12.81,0.0
2015-01-20,4.601,4.601,0.0,8.491,8.491,0.0,13.23,13.23,0.0
2015-01-21,4.592,4.592,0.0,8.081,8.081,0.0,13.0,13.0,0.0
2015-01-22,4.302,4.302,0.0,7.239,7.239,0.0,11.71,11.71,0.0
2015-01-23,4.582,4.582,0.0,7.648,7.648,0.0,12.61,12.61,0.0
2015-01-24,3.961,3.961,0.0,6.612,6.612,0.0,10.67,10.67,0.0
2015-01-25,4.399,4.399,0.0,9.765,9.765,0.0,16.42,16.42,0.0
2015-01-26,4.577,4.577,0.0,7.636,7.636,0.0,13.2,13.2,0.0
2015-01-27,4.376,4.376,0.0,6.785,6.785,0.0,11.75,11.75,0.0
2015-01-28,3.974,3.974,0.0,5.994,5.994,0.0,10.53,10.53,0.0
2015-01-29,3.832,3.832,0.0,5.822,5.822,0.0,10.08,10.08,0.0
2015-01-30,3.604,3.604,0.0,5.932,5.932,0.0,9.796,9.796,0.0
2015-01-31,3.571,3.571,0.0,5.727,5.727,0.0,9.538,9.538,0.0
2015-02-01,3.604,3.604,0.0,6.015,6.015,0.0,10.22,10.22,0.0
2015-02-02,4.28,4.28,0.0,7.404,7.404,0.0,14.16,14.16,0.0
2015-02-03,3.272,3.272,0.0,5.562,5.562,0.0,9.634,9.634,0.0
2015-02-04,5.165,5.165,0.0,9.049,9.049,0.0,15.25,15.25,0.0
2015-02-05,3.327,3.327,0.0,5.859,5.859,0.0,9.816,9.816,0.0
2015-02-06,3.052,3.052,0.0,5.251,5.251,0.0,8.77,8.77,0.0
2015-02-07,6.645,6.645,0.0,8.458,8.458,0.0,15.53,15.53,0.0
2015-02-08,12.03,12.03,0.0,33.24,33.24,0.0,42.11,42.11,0.0
2015-02-09,5.279,5.279,0.0,20.0,20.0,0.0,25.44,25.44,0.0
2015-02-10,4.755,4.755,0.0,10.57,10.57,0.0,15.65,15.65,0.0
2015-02-11,6.798,6.798,0.0,9.592,9.592,0.0,15.72,15.72,0.0
2015-02-12,7.18,7.18,0.0,8.699,8.699,0.0,14.85,14.85,0.0
2015-02-13,6.567,6.567,0.0,8.508,8.508,0.0,13.94,13.94,0.0
2015-02-14,4.272,4.272,0.0,7.257,7.257,0.0,11.55,11.55,0.0
2015-02-15,4.564,4.564,0.0,5.971,5.971,0.0,10.28,10.28,0.0
2015-02-16,4.858,4.858,0.0,6.341,6.341,0.0,10.91,10.91,0.0
2015-02-17,4.777,4.777,0.0,5.765,5.765,0.0,9.965,9.965,0.0
2015-02-18,4.327,4.327,0.0,5.3,5.3,0.0,9.545,9.545,0.0
2015-02-19,3.962,3.962,0.0,5.374,5.374,0.0,9.361,9.361,0.0
2015-02-20,3.965,3.965,0.0,5.214,5.214,0.0,8.902,8.902,0.0
2015-02-21,4.27,4.27,0.0,5.702,5.702,0.0,10.02,10.02,0.0
2015-02-22,3.849,3.849,0.0,5.245,5.245,0.0,8.99,8.99,0.0
2015-02-23,3.529,3.529,0.0,4.263,4.263,0.0,7.622,7.622,0.0
2015-02-24,3.297,3.297,0.0,4.351,4.351,0.0,7.555,7.555,0.0
2015-02-25,3.337,3.337,0.0,4.289,4.289,0.0,7.43,7.43,0.0
2015-02-26,3.335,3.335,0.0,4.263,4.263,0.0,7.324,7.324,0.0
2015-02-27,3.257,3.257,0.0,4.027,4.027,0.0,6.922,6.922,0.0
2015-02-28,2.874,2.874,0.0,3.594,3.594,0.0,6.332,6.332,0.0
2015-03-01,2.886,2.886,0.0,3.994,3.994,0.0,6.942,6.942,0.0
2015-03-02,3.059,3.059,0.0,4.154,4.154,0.0,7.264,7.264,0.0
2015-03-03,4.875,4.875,0.0,13.07,13.07,0.0,20.42,20.42,0.0
2015-03-04,20.24,20.24,0.0,69.98,69.98,0.0,98.05,98.05,0.0
2015-03-05,6.281,6.281,0.0,19.79,19.79,0.0,28.54,28.54,0.0
2015-03-06,4.632,4.632,0.0,8.481,8.481,0.0,13.55,13.55,0.0
2015-03-07,4.372,4.372,0.0,6.436,6.436,0.0,11.13,11.13,0.0
2015-03-08,12.2,12.2,0.0,19.58,19.58,0.0,29.99,29.99,0.0
2015-03-09,13.35,13.35,0.0,53.15,53.15,0.0,70.14,70.14,0.0
2015-03-10,17.46,17.46,0.0,103.7,103.7,0.0,124.4,124.4,0.0
2015-03-11,11.87,11.87,0.0,64.89,64.89,0.0,79.08,79.08,0.0
2015-03-12,18.73,18.73,0.0,38.41,38.41,0.0,59.11,59.11,0.0
2015-03-13,25.91,25.91,0.0,42.63,42.63,0.0,69.99,69.99,0.0
2015-03-14,24.48,24.48,0.0,48.14,48.14,0.0,77.16,77.16,0.0
2015-03-15,26.37,26.37,0.0,45.51,45.51,0.0,75.01,75.01,0.0
2015-03-16,22.55,22.55,0.0,36.89,36.89,0.0,59.11,59.11,0.0
2015-03-17,23.25,23.25,0.0,32.85,32.85,0.0,56.84,56.84,0.0
2015-03-18,20.73,20.73,0.0,36.02,36.02,0.0,59.56,59.56,0.0
2015-03-19,23.55,23.55,0.0,40.97,40.97,0.0,66.78,66.78,0.0
2015-03-20,23.0,23.0,0.0,41.48,41.48,0.0,65.95,65.95,0.0
2015-03-21,20.96,20.96,0.0,39.82,39.82,0.0,61.62,61.62,0.0
2015-03-22,19.5,19.5,0.0,36.05,36.05,0.0,57.62,57.62,0.0
2015-03-23,20.53,20.53,0.0,35.03,35.03,0.0,57.33,57.33,0.0
2015-03-24,20.81,20.81,0.0,36.9,36.9,0.0,59.25,59.25,0.0
2015-03-25,19.49,19.49,0.0,35.93,35.93,0.0,55.29,55.29,0.0
2015-03-26,18.68,18.68,0.0,35.17,35.17,0.0,54.98,54.98,0.0
2015-03-27,17.64,17.64,0.0,31.53,31.53,0.0,51.13,51.13,0.0
2015-03-28,18.14,18.14,0.0,32.0,32.0,0.0,51.62,51.62,0.0
2015-03-29,18.13,18.13,0.0,32.78,32.78,0.0,52.15,52.15,0.0
2015-03-30,17.01,17.01,0.0,31.63,31.63,0.0,48.93,48.93,0.0
2015-03-31,15.71,15.71,0.0,30.04,30.04,0.0,46.41,46.41,0.0
2015-04-01,14.84,14.84,0.0,27.02,27.02,0.0,42.98,42.98,0.0
2015-04-02,15.15,15.15,0.0,28.65,28.65,0.0,45.0,45.0,0.0
2015-04-03,19.18,19.18,0.0,32.27,32.27,0.0,51.56,51.56,0.0
2015-04-04,18.96,18.96,0.0,32.12,32.12,0.0,51.38,51.38,0.0
2015-04-05,18.56,18.56,0.0,31.08,31.08,0.0,49.08,49.08,0.0
2015-04-06,17.09,17.09,0.0,31.33,31.33,0.0,48.17,48.17,0.0
2015-04-07,15.55,15.55,0.0,29.98,29.98,0.0,46.45,46.45,0.0
2015-04-08,20.52,20.52,0.0,35.26,35.26,0.0,56.29,56.29,0.0
2015-04-09,20.95,20.95,0.0,33.93,33.93,0.0,56.03,56.03,0.0
2015-04-10,21.82,21.82,0.0,36.02,36.02,0.0,58.96,58.96,0.0
2015-04-11,21.07,21.07,0.0,35.0,35.0,0.0,57.14,57.14,0.0
2015-04-12,19.08,19.08,0.0,33.51,33.51,0.0,52.71,52.71,0.0
2015-04-13,18.56,18.56,0.0,34.42,34.42,0.0,54.15,54.15,0.0
2015-04-14,28.36,28.36,0.0,40.96,40.96,0.0,67.68,67.68,0.0
2015-04-15,22.85,22.85,0.0,40.17,40.17,0.0,64.53,64.53,0.0
2015-04-16,22.04,22.04,0.0,36.3,36.3,0.0,60.31,60.31,0.0
2015-04-17,21.86,21.86,0.0,36.43,36.43,0.0,59.94,59.94,0.0
2015-04-18,18.5,18.5,0.0,35.38,35.38,0.0,55.15,55.15,0.0
2015-04-19,27.1,27.1,0.0,42.79,42.79,0.0,69.54,69.54,0.0
2015-04-20,26.73,26.73,0.0,46.35,46.35,0.0,73.47,73.47,0.0
2015-04-21,25.57,25.57,0.0,41.35,41.35,0.0,67.84,67.84,0.0
2015-04-22,23.21,23.21,0.0,40.92,40.92,0.0,66.49,66.49,0.0
2015-04-23,20.52,20.52,0.0,36.84,36.84,0.0,59.21,59.21,0.0
2015-04-24,20.56,20.56,0.0,36.49,36.49,0.0,58.16,58.16,0.0
2015-04-25,24.3,24.3,0.0,40.32,40.32,0.0,65.31,65.31,0.0
2015-04-26,23.77,23.77,0.0,37.74,37.74,0.0,61.66,61.66,0.0
2015-04-27,22.21,22.21,0.0,38.6,38.6,0.0,61.84,61.84,0.0
2015-04-28,20.12,20.12,0.0,34.81,34.81,0.0,55.76,55.76,0.0
2015-04-29,19.01,19.01,0.0,33.31,33.31,0.0,53.12,53.12,0.0
2015-04-30,21.21,21.21,0.0,35.87,35.87,0.0,57.64,57.64,0.0
2015-05-01,21.61,21.61,0.0,36.31,36.31,0.0,57.66,57.66,0.0
2015-05-02,21.18,21.18,0.0,33.67,33.67,0.0,54.82,54.82,0.0
2015-05-03,19.02,19.02,0.0,31.76,31.76,0.0,50.92,50.92,0.0
2015-05-04,17.08,17.08,0.0,29.58,29.58,0.0,47.27,47.27,0.0
2015-05-05,17.72,17.72,0.0,30.73,30.73,0.0,48.99,48.99,0.0
2015-05-06,17.8,17.8,0.0,30.53,30.53,0.0,48.79,48.79,0.0
2015-05-07,18.01,18.01,0.0,28.57,28.57,0.0,46.33,46.33,0.0
2015-05-08,17.04,17.04,0.0,27.22,27.22,0.0,44.38,44.38,0.0
2015-05-09,15.12,15.12,0.0,25.36,25.36,0.0,40.79,40.79,0.0
2015-05-10,15.1,15.1,0.0,25.62,25.62,0.0,40.66,40.66,0.0
2015-05-11,18.7,18.7,0.0,27.32,27.32,0.0,44.66,44.66,0.0
2015-05-12,18.08,18.08,0.0,26.75,26.75,0.0,43.54,43.54,0.0
2015-05-13,17.71,17.71,0.0,25.27,25.27,0.0,41.77,41.77,0.0
2015-05-14,17.16,17.16,0.0,23.81,23.81,0.0,39.35,39.35,0.0
2015-05-15,13.74,13.74,0.0,22.4,22.4,0.0,35.96,35.96,0.0
2015-05-16,14.97,14.97,0.0,22.94,22.94,0.0,37.14,37.14,0.0
2015-05-17,16.24,16.24,0.0,23.33,23.33,0.0,37.97,37.97,0.0
2015-05-18,17.48,17.48,0.0,25.37,25.37,0.0,41.84,41.84,0.0
2015-05-19,16.93,16.93,0.0,24.68,24.68,0.0,40.55,40.55,0.0
2015-05-20,15.75,15.75,0.0,22.92,22.92,0.0,38.05,38.05,0.0
2015-05-21,13.73,13.73,0.0,22.02,22.02,0.0,35.25,35.25,0.0
2015-05-22,14.32,14.32,0.0,20.98,20.98,0.0,34.42,34.42,0.0
2015-05-23,14.38,14.38,0.0,21.28,21.28,0.0,34.44,34.44,0.0
2015-05-24,14.13,14.13,0.0,21.15,21.15,0.0,34.15,34.15,0.0
2015-05-25,12.87,12.87,0.0,19.72,19.72,0.0,31.95,31.95,0.0
2015-05-26,12.05,12.05,0.0,18.23,18.23,0.0,29.52,29.52,0.0
2015-05-27,11.89,11.89,0.0,17.79,17.79,0.0,28.62,28.62,0.0
2015-05-28,11.87,11.87,0.0,17.86,17.86,0.0,28.71,28.71,0.0
2015-05-29,11.8,11.8,0.0,17.73,17.73,0.0,28.49,28.49,0.0
2015-05-30,11.48,11.48,0.0,16.89,16.89,0.0,27.4,27.4,0.0
2015-05-31,10.13,10.13,0.0,15.89,15.89,0.0,25.73,25.73,0.0
2015-06-01,10.71,10.71,0.0,16.26,16.26,0.0,26.39,26.39,0.0
2015-06-02,10.52,10.52,0.0,15.37,15.37,0.0,24.82,24.82,0.0
2015-06-03,10.65,10.65,0.0,15.34,15.34,0.0,24.85,24.85,0.0
2015-06-04,10.55,10.55,0.0,14.99,14.99,0.0,24.62,24.62,0.0
2015-06-05,12.19,12.19,0.0,14.89,14.89,0.0,25.24,25.24,0.0
2015-06-06,11.81,11.81,0.0,14.68,14.68,0.0,24.64,24.64,0.0
2015-06-07,11.32,11.32,0.0,14.26,14.26,0.0,23.74,23.74,0.0
2015-06-08,9.494,9.494,0.0,14.18,14.18,0.0,22.53,22.53,0.0
2015-06-09,9.465,9.465,0.0,12.83,12.83,0.0,21.05,21.05,0.0
2015-06-10,9.633,9.633,0.0,12.7,12.7,0.0,20.94,20.94,0.0
2015-06-11,9.57,9.57,0.0,12.22,12.22,0.0,20.39,20.39,0.0
2015-06-12,8.575,8.575,0.0,11.99,11.99,0.0,19.32,19.32,0.0
2015-06-13,8.1,8.1,0.0,11.33,11.33,0.0,18.47,18.47,0.0
2015-06-14,8.185,8.185,0.0,11.02,11.02,0.0,18.04,18.04,0.0
2015-06-15,8.199,8.199,0.0,11.11,11.11,0.0,18.23,18.23,0.0
2015-06-16,7.899,7.899,0.0,10.65,10.65,0.0,17.54,17.54,0.0
2015-06-17,8.805,8.805,0.0,12.91,12.91,0.0,21.68,21.68,0.0
2015-06-18,7.551,7.551,0.0,11.5,11.5,0.0,18.29,18.29,0.0
2015-06-19,7.433,7.433,0.0,11.16,11.16,0.0,17.96,17.96,0.0
2015-06-20,8.957,8.957,0.0,13.63,13.63,0.0,21.54,21.54,0.0
2015-06-21,8.33,8.33,0.0,13.45,13.45,0.0,20.56,20.56,0.0
2015-06-22,8.159,8.159,0.0,13.47,13.47,0.0,20.39,20.39,0.0
2015-06-23,7.995,7.995,0.0,15.0,15.0,0.0,22.35,22.35,0.0
2015-06-24,7.382,7.382,0.0,13.44,13.44,0.0,19.71,19.71,0.0
2015-06-25,6.635,6.635,0.0,12.61,12.61,0.0,18.42,18.42,0.0
2015-06-26,15.75,15.75,0.0,19.66,19.66,0.0,32.47,32.47,0.0
2015-06-27,15.63,15.63,0.0,25.13,25.13,0.0,39.81,39.81,0.0
2015-06-28,14.9,14.9,0.0,24.26,24.26,0.0,38.15,38.15,0.0
2015-06-29,14.39,14.39,0.0,23.09,23.09,0.0,36.62,36.62,0.0
2015-06-30,13.7,13.7,0.0,20.76,20.76,0.0,33.64,33.64,0.0
2015-07-01,9.803,9.803,0.0,20.3,20.3,0.0,30.34,30.34,0.0
2015-07-02,10.35,10.35,0.0,18.09,18.09,0.0,27.61,27.61,0.0
2015-07-03,10.83,10.83,0.0,19.06,19.06,0.0,28.95,28.95,0.0
2015-07-04,10.52,10.52,0.0,18.62,18.62,0.0,28.49,28.49,0.0
2015-07-05,10.68,10.68,0.0,17.93,17.93,0.0,27.52,27.52,0.0
2015-07-06,10.56,10.56,0.0,18.43,18.43,0.0,28.51,28.51,0.0
2015-07-07,10.13,10.13,0.0,18.61,18.61,0.0,27.96,27.96,0.0
2015-07-08,9.603,9.603,0.0,19.01,19.01,0.0,28.3,28.3,0.0
2015-07-09,9.499,9.499,0.0,20.61,20.61,0.0,30.03,30.03,0.0
2015-07-10,11.64,11.64,0.0,23.47,23.47,0.0,35.01,35.01,0.0
2015-07-11,11.67,11.67,0.0,23.17,23.17,0.0,34.71,34.71,0.0
2015-07-12,12.03,12.03,0.0,21.6,21.6,0.0,32.94,32.94,0.0
2015-07-13,11.19,11.19,0.0,20.48,20.48,0.0,31.4,31.4,0.0
2015-07-14,9.576,9.576,0.0,19.66,19.66,0.0,28.88,28.88,0.0
2015-07-15,9.587,9.587,0.0,20.36,20.36,0.0,29.54,29.54,0.0
2015-07-16,9.733,9.733,0.0,20.24,20.24,0.0,29.31,29.31,0.0
2015-07-17,9.886,9.886,0.0,18.75,18.75,0.0,28.45,28.45,0.0
2015-07-18,8.995,8.995,0.0,17.65,17.65,0.0,26.73,26.73,0.0
2015-07-19,7.925,7.925,0.0,16.96,16.96,0.0,25.06,25.06,0.0
2015-07-20,8.174,8.174,0.0,17.19,17.19,0.0,25.04,25.04,0.0
2015-07-21,8.356,8.356,0.0,16.71,16.71,0.0,24.69,24.69,0.0
2015-07-22,8.15,8.15,0.0,15.64,15.64,0.0,23.28,23.28,0.0
2015-07-23,7.525,7.525,0.0,14.58,14.58,0.0,21.75,21.75,0.0
2015-07-24,6.974,6.974,0.0,14.72,14.72,0.0,21.59,21.59,0.0
2015-07-25,6.866,6.866,0.0,14.07,14.07,0.0,20.61,20.61,0.0
2015-07-26,6.746,6.746,0.0,13.63,13.63,0.0,20.02,20.02,0.0
2015-07-27,6.886,6.886,0.0,13.11,13.11,0.0,19.45,19.45,0.0
2015-07-28,7.121,7.121,0.0,12.99,12.99,0.0,19.66,19.66,0.0
2015-07-29,7.037,7.037,0.0,13.26,13.26,0.0,19.96,19.96,0.0
2015-07-30,6.282,6.282,0.0,12.42,12.42,0.0,18.5,18.5,0.0
2015-07-31,6.274,6.274,0.0,11.92,11.92,0.0,17.62,17.62,0.0
2015-08-01,6.114,6.114,0.0,11.44,11.44,0.0,16.92,16.92,0.0
2015-08-02,5.915,5.915,0.0,11.11,11.11,0.0,16.49,16.49,0.0
2015-08-03,5.815,5.815,0.0,10.68,10.68,0.0,15.98,15.98,0.0
2015-08-04,5.361,5.361,0.0,10.54,10.54,0.0,15.55,15.55,0.0
2015-08-05,5.208,5.208,0.0,9.588,9.588,0.0,14.45,14.45,0.0
2015-08-06,5.211,5.211,0.0,9.891,9.891,0.0,14.67,14.67,0.0
2015-08-07,4.964,4.964,0.0,9.407,9.407,0.0,13.9,13.9,0.0
2015-08-08,5.046,5.046,0.0,9.436,9.436,0.0,14.23,14.23,0.0
2015-08-09,4.941,4.941,0.0,9.157,9.157,0.0,13.74,13.74,0.0
2015-08-10,5.498,5.498,0.0,11.06,11.06,0.0,16.92,16.92,0.0
2015-08-11,5.048,5.048,0.0,9.332,9.332,0.0,14.09,14.09,0.0
2015-08-12,4.775,4.775,0.0,8.903,8.903,0.0,13.12,13.12,0.0
2015-08-13,4.728,4.728,0.0,8.751,8.751,0.0,12.95,12.95,0.0
2015-08-14,4.629,4.629,0.0,8.333,8.333,0.0,12.45,12.45,0.0
2015-08-15,4.505,4.505,0.0,8.084,8.084,0.0,12.1,12.1,0.0
2015-08-16,4.153,4.153,0.0,7.861,7.861,0.0,11.64,11.64,0.0
2015-08-17,4.033,4.033,0.0,7.436,7.436,0.0,11.08,11.08,0.0
2015-08-18,4.055,4.055,0.0,7.527,7.527,0.0,11.1,11.1,0.0
2015-08-19,4.29,4.29,0.0,7.814,7.814,0.0,11.76,11.76,0.0
2015-08-20,4.102,4.102,0.0,7.36,7.36,0.0,10.98,10.98,0.0
2015-08-21,3.953,3.953,0.0,6.955,6.955,0.0,10.39,10.39,0.0
2015-08-22,3.644,3.644,0.0,6.819,6.819,0.0,10.05,10.05,0.0
2015-08-23,3.484,3.484,0.0,6.36,6.36,0.0,9.369,9.369,0.0
2015-08-24,3.433,3.433,0.0,6.199,6.199,0.0,9.189,9.189,0.0
2015-08-25,3.397,3.397,0.0,6.059,6.059,0.0,9.01,9.01,0.0
2015-08-26,3.321,3.321,0.0,5.833,5.833,0.0,8.703,8.703,0.0
2015-08-27,3.177,3.177,0.0,5.7,5.7,0.0,8.464,8.464,0.0
2015-08-28,2.957,2.957,0.0,5.545,5.545,0.0,8.141,8.141,0.0
2015-08-29,2.814,2.814,0.0,5.102,5.102,0.0,7.54,7.54,0.0
2015-08-30,2.801,2.801,0.0,4.994,4.994,0.0,7.412,7.412,0.0
2015-08-31,2.742,2.742,0.0,4.909,4.909,0.0,7.26,7.26,0.0
2015-09-01,2.634,2.634,0.0,4.751,4.751,0.0,6.989,6.989,0.0
2015-09-02,2.418,2.418,0.0,4.606,4.606,0.0,6.724,6.724,0.0
2015-09-03,2.367,2.367,0.0,4.47,4.47,0.0,6.534,6.534,0.0
2015-09-04,2.33,2.33,0.0,4.136,4.136,0.0,6.151,6.151,0.0
2015-09-05,2.246,2.246,0.0,4.096,4.096,0.0,6.04,6.04,0.0
2015-09-06,2.182,2.182,0.0,3.987,3.987,0.0,5.851,5.851,0.0
2015-09-07,1.995,1.995,0.0,3.851,3.851,0.0,5.607,5.607,0.0
2015-09-08,1.969,1.969,0.0,3.744,3.744,0.0,5.461,5.461,0.0
2015-09-09,2.233,2.233,0.0,4.347,4.347,0.0,6.71,6.71,0.0
2015-09-10,2.714,2.714,0.0,4.467,4.467,0.0,7.25,7.25,0.0
2015-09-11,2.51,2.51,0.0,4.101,4.101,0.0,6.468,6.468,0.0
2015-09-12,2.498,2.498,0.0,4.061,4.061,0.0,6.411,6.411,0.0
2015-09-13,2.467,2.467,0.0,4.32,4.32,0.0,6.763,6.763,0.0
2015-09-14,2.292,2.292,0.0,3.784,3.784,0.0,5.9,5.9,0.0
2015-09-15,2.224,2.224,0.0,3.7,3.7,0.0,5.749,5.749,0.0
2015-09-16,2.153,2.153,0.0,3.607,3.607,0.0,5.577,5.577,0.0
2015-09-17,2.082,2.082,0.0,3.508,3.508,0.0,5.417,5.417,0.0
2015-09-18,1.971,1.971,0.0,3.38,3.38,0.0,5.207,5.207,0.0
2015-09-19,1.904,1.904,0.0,3.285,3.285,0.0,5.049,5.049,0.0
2015-09-20,1.864,1.864,0.0,3.119,3.119,0.0,4.834,4.834,0.0
2015-09-21,2.486,2.486,0.0,3.95,3.95,0.0,6.236,6.236,0.0
2015-09-22,2.173,2.173,0.0,3.57,3.57,0.0,5.437,5.437,0.0
2015-09-23,2.069,2.069,0.0,3.407,3.407,0.0,5.157,5.157,0.0
2015-09-24,1.973,1.973,0.0,3.282,3.282,0.0,4.963,4.963,0.0
2015-09-25,2.038,2.038,0.0,3.311,3.311,0.0,5.059,5.059,0.0
2015-09-26,2.14,2.14,0.0,3.339,3.339,0.0,5.192,5.192,0.0
2015-09-27,2.129,2.129,0.0,3.061,3.061,0.0,4.83,4.83,0.0
2015-09-28,2.234,2.234,0.0,3.214,3.214,0.0,5.14,5.14,0.0
2015-09-29,5.286,5.286,0.0,6.018,6.018,0.0,11.98,11.98,0.0
2015-09-30,3.887,3.887,0.0,4.566,4.566,0.0,8.13,8.13,0.0
2015-10-01,3.809,3.809,0.0,4.609,4.609,0.0,8.137,8.137,0.0
2015-10-02,5.056,5.056,0.0,6.406,6.406,0.0,11.58,11.58,0.0
2015-10-03,5.126,5.126,0.0,6.169,6.169,0.0,11.13,11.13,0.0
2015-10-04,5.055,5.055,0.0,5.888,5.888,0.0,10.68,10.68,0.0
2015-10-05,4.918,4.918,0.0,5.653,5.653,0.0,10.28,10.28,0.0
2015-10-06,4.588,4.588,0.0,5.101,5.101,0.0,9.509,9.509,0.0
2015-10-07,4.35,4.35,0.0,5.098,5.098,0.0,9.326,9.326,0.0
2015-10-08,4.251,4.251,0.0,5.011,5.011,0.0,9.051,9.051,0.0
2015-10-09,5.021,5.021,0.0,6.787,6.787,0.0,11.99,11.99,0.0
2015-10-10,4.723,4.723,0.0,6.025,6.025,0.0,10.6,10.6,0.0
2015-10-11,4.605,4.605,0.0,5.879,5.879,0.0,10.35,10.35,0.0
2015-10-12,4.34,4.34,0.0,5.445,5.445,0.0,9.752,9.752,0.0
2015-10-13,3.978,3.978,0.0,5.239,5.239,0.0,9.288,9.288,0.0
2015-10-14,3.955,3.955,0.0,5.147,5.147,0.0,8.981,8.981,0.0
2015-10-15,3.888,3.888,0.0,5.007,5.007,0.0,8.783,8.783,0.0
2015-10-16,3.705,3.705,0.0,4.894,4.894,0.0,8.542,8.542,0.0
2015-10-17,3.595,3.595,0.0,4.541,4.541,0.0,8.081,8.081,0.0
2015-10-18,3.39,3.39,0.0,4.406,4.406,0.0,7.725,7.725,0.0
2015-10-19,3.344,3.344,0.0,4.327,4.327,0.0,7.587,7.587,0.0
2015-10-20,3.251,3.251,0.0,4.224,4.224,0.0,7.401,7.401,0.0
2015-10-21,3.143,3.143,0.0,4.122,4.122,0.0,7.196,7.196,0.0
2015-10-22,3.0,3.0,0.0,4.001,4.001,0.0,6.958,6.958,0.0
2015-10-23,2.841,2.841,0.0,3.708,3.708,0.0,6.488,6.488,0.0
2015-10-24,2.802,2.802,0.0,3.571,3.571,0.0,6.303,6.303,0.0
2015-10-25,2.736,2.736,0.0,3.545,3.545,0.0,6.212,6.212,0.0
2015-10-26,2.634,2.634,0.0,3.471,3.471,0.0,6.049,6.049,0.0
2015-10-27,3.399,3.399,0.0,4.252,4.252,0.0,7.472,7.472,0.0
2015-10-28,5.421,5.421,0.0,6.188,6.188,0.0,11.19,11.19,0.0
2015-10-29,5.437,5.437,0.0,6.088,6.088,0.0,11.11,11.11,0.0
2015-10-30,5.348,5.348,0.0,5.998,5.998,0.0,10.95,10.95,0.0
2015-10-31,5.433,5.433,0.0,5.988,5.988,0.0,10.92,10.92,0.0
2015-11-01,4.599,4.599,0.0,5.517,5.517,0.0,9.711,9.711,0.0
2015-11-02,4.32,4.32,0.0,5.145,5.145,0.0,9.158,9.158,0.0
2015-11-03,4.444,4.444,0.0,4.953,4.953,0.0,8.988,8.988,0.0
2015-11-04,4.407,4.407,0.0,5.034,5.034,0.0,9.03,9.03,0.0
2015-11-05,4.018,4.018,0.0,4.995,4.995,0.0,8.758,8.758,0.0
2015-11-06,3.822,3.822,0.0,4.721,4.721,0.0,8.193,8.193,0.0
2015-11-07,3.792,3.792,0.0,4.226,4.226,0.0,7.661,7.661,0.0
2015-11-08,3.749,3.749,0.0,4.365,4.365,0.0,7.76,7.76,0.0
2015-11-09,6.111,6.111,0.0,6.956,6.956,0.0,12.47,12.47,0.0
2015-11-10,6.83,6.83,0.0,8.465,8.465,0.0,14.79,14.79,0.0
2015-11-11,6.889,6.889,0.0,8.834,8.834,0.0,15.2,15.2,0.0
2015-11-12,7.005,7.005,0.0,9.287,9.287,0.0,15.76,15.76,0.0
2015-11-13,6.18,6.18,0.0,9.058,9.058,0.0,14.97,14.97,0.0
2015-11-14,5.476,5.476,0.0,7.931,7.931,0.0,12.92,12.92,0.0
2015-11-15,5.41,5.41,0.0,6.83,6.83,0.0,11.66,11.66,0.0
2015-11-16,5.516,5.516,0.0,7.156,7.156,0.0,12.14,12.14,0.0
2015-11-17,5.448,5.448,0.0,7.368,7.368,0.0,12.32,12.32,0.0
2015-11-18,7.997,7.997,0.0,9.97,9.97,0.0,17.23,17.23,0.0
2015-11-19,8.102,8.102,0.0,11.08,11.08,0.0,18.6,18.6,0.0
2015-11-20,7.925,7.925,0.0,10.49,10.49,0.0,17.79,17.79,0.0
2015-11-21,6.033,6.033,0.0,10.33,10.33,0.0,16.64,16.64,0.0
2015-11-22,6.257,6.257,0.0,9.903,9.903,0.0,15.44,15.44,0.0
2015-11-23,6.469,6.469,0.0,8.313,8.313,0.0,14.15,14.15,0.0
2015-11-24,6.432,6.432,0.0,8.928,8.928,0.0,14.79,14.79,0.0
2015-11-25,5.715,5.715,0.0,9.082,9.082,0.0,14.4,14.4,0.0
2015-11-26,5.311,5.311,0.0,8.342,8.342,0.0,13.46,13.46,0.0
2015-11-27,5.467,5.467,0.0,7.118,7.118,0.0,12.04,12.04,0.0
2015-11-28,5.72,5.72,0.0,8.817,8.817,0.0,14.48,14.48,0.0
2015-11-29,5.867,5.867,0.0,9.762,9.762,0.0,15.76,15.76,0.0
2015-11-30,7.572,7.572,0.0,11.43,11.43,0.0,18.82,18.82,0.0
2015-12-01,10.56,10.56,0.0,15.54,15.54,0.0,25.83,25.83,0.0
2015-12-02,12.07,12.07,0.0,18.34,18.34,0.0,29.96,29.96,0.0
2015-12-03,11.91,11.91,0.0,17.6,17.6,0.0,28.93,28.93,0.0
2015-12-04,11.52,11.52,0.0,17.24,17.24,0.0,27.51,27.51,0.0
2015-12-05,8.541,8.541,0.0,11.29,11.29,0.0,19.48,19.48,0.0
2015-12-06,8.299,8.299,0.0,13.18,13.18,0.0,21.48,21.48,0.0
2015-12-07,9.053,9.053,0.0,14.04,14.04,0.0,22.74,22.74,0.0
2015-12-08,8.819,8.819,0.0,14.15,14.15,0.0,22.68,22.68,0.0
2015-12-09,8.663,8.663,0.0,14.06,14.06,0.0,21.89,21.89,0.0
2015-12-10,8.016,8.016,0.0,10.4,10.4,0.0,17.77,17.77,0.0
2015-12-11,7.731,7.731,0.0,11.52,11.52,0.0,18.81,18.81,0.0
2015-12-12,7.859,7.859,0.0,11.92,11.92,0.0,19.24,19.24,0.0
2015-12-13,7.494,7.494,0.0,11.89,11.89,0.0,18.76,18.76,0.0
2015-12-14,7.654,7.654,0.0,12.36,12.36,0.0,19.4,19.4,0.0
2015-12-15,6.841,6.841,0.0,11.0,11.0,0.0,17.78,17.78,0.0
2015-12-16,7.066,7.066,0.0,11.8,11.8,0.0,18.93,18.93,0.0
2015-12-17,9.072,9.072,0.0,13.96,13.96,0.0,22.76,22.76,0.0
2015-12-18,9.345,9.345,0.0,14.52,14.52,0.0,23.58,23.58,0.0
2015-12-19,9.186,9.186,0.0,12.74,12.74,0.0,21.18,21.18,0.0
2015-12-20,8.235,8.235,0.0,13.27,13.27,0.0,20.93,20.93,0.0
2015-12-21,8.787,8.787,0.0,14.56,14.56,0.0,22.73,22.73,0.0
2015-12-22,8.882,8.882,0.0,15.6,15.6,0.0,24.3,24.3,0.0
2015-12-23,11.92,11.92,0.0,16.25,16.25,0.0,27.02,27.02,0.0
2015-12-24,12.6,12.6,0.0,17.7,17.7,0.0,29.15,29.15,0.0
2015-12-25,14.26,14.26,0.0,22.69,22.69,0.0,37.16,37.16,0.0
2015-12-26,12.89,12.89,0.0,22.44,22.44,0.0,36.0,36.0,0.0
2015-12-27,12.34,12.34,0.0,24.15,24.15,0.0,37.77,37.77,0.0
2015-12-28,14.12,14.12,0.0,23.53,23.53,0.0,38.24,38.24,0.0
2015-12-29,12.38,12.38,0.0,22.08,22.08,0.0,33.66,33.66,0.0
2015-12-30,13.02,13.02,0.0,20.82,20.82,0.0,33.36,33.36,0.0
2015-12-31,12.56,12.56,0.0,19.74,19.74,0.0,32.4,32.4,0.0
2016-01-01,10.39,10.39,0.0,20.73,20.73,0.0,31.79,31.79,0.0
2016-01-02,11.04,11.04,0.0,19.6,19.6,0.0,30.21,30.21,0.0
2016-01-03,10.77,10.77,0.0,19.0,19.0,0.0,29.75,29.75,0.0
2016-01-04,10.95,10.95,0.0,17.92,17.92,0.0,29.07,29.07,0.0
2016-01-05,9.868,9.868,0.0,16.94,16.94,0.0,27.18,27.18,0.0
2016-01-06,9.106,9.106,0.0,17.34,17.34,0.0,26.73,26.73,0.0
2016-01-07,9.092,9.092,0.0,16.85,16.85,0.0,25.86,25.86,0.0
2016-01-08,9.451,9.451,0.0,15.65,15.65,0.0,24.92,24.92,0.0
2016-01-09,11.98,11.98,0.0,20.5,20.5,0.0,32.27,32.27,0.0
2016-01-10,12.39,12.39,0.0,17.47,17.47,0.0,29.72,29.72,0.0
2016-01-11,12.12,12.12,0.0,16.83,16.83,0.0,28.73,28.73,0.0
2016-01-12,11.44,11.44,0.0,16.23,16.23,0.0,27.73,27.73,0.0
2016-01-13,8.975,8.975,0.0,14.5,14.5,0.0,23.64,23.64,0.0
2016-01-14,9.674,9.674,0.0,14.13,14.13,0.0,23.56,23.56,0.0
2016-01-15,11.13,11.13,0.0,15.02,15.02,0.0,26.2,26.2,0.0
2016-01-16,9.166,9.166,0.0,13.85,13.85,0.0,23.39,23.39,0.0
2016-01-17,9.13,9.13,0.0,13.7,13.7,0.0,22.69,22.69,0.0
2016-01-18,8.156,8.156,0.0,11.88,11.88,0.0,19.85,19.85,0.0
2016-01-19,8.269,8.269,0.0,11.97,11.97,0.0,20.03,20.03,0.0
2016-01-20,8.362,8.362,0.0,12.37,12.37,0.0,20.76,20.76,0.0
2016-01-21,7.774,7.774,0.0,11.37,11.37,0.0,19.08,19.08,0.0
2016-01-22,7.671,7.671,0.0,12.01,12.01,0.0,20.52,20.52,0.0
2016-01-23,7.226,7.226,0.0,10.83,10.83,0.0,18.03,18.03,0.0
2016-01-24,6.845,6.845,0.0,9.663,9.663,0.0,16.3,16.3,0.0
2016-01-25,6.79,6.79,0.0,9.557,9.557,0.0,16.15,16.15,0.0
2016-01-26,8.542,8.542,0.0,12.48,12.48,0.0,22.77,22.77,0.0
2016-01-27,6.35,6.35,0.0,9.398,9.398,0.0,16.22,16.22,0.0
2016-01-28,5.86,5.86,0.0,8.902,8.902,0.0,14.64,14.64,0.0
2016-01-29,5.732,5.732,0.0,8.38,8.38,0.0,14.05,14.05,0.0
2016-01-30,11.17,11.17,0.0,18.37,18.37,0.0,31.18,31.18,0.0
2016-01-31,13.43,13.43,0.0,42.67,42.67,0.0,53.94,53.94,0.0
2016-02-01,7.221,7.221,0.0,20.13,20.13,0.0,27.34,27.34,0.0
2016-02-02,6.803,6.803,0.0,14.06,14.06,0.0,20.8,20.8,0.0
2016-02-03,13.07,13.07,0.0,15.52,15.52,0.0,26.94,26.94,0.0
2016-02-04,10.73,10.73,0.0,13.52,13.52,0.0,23.61,23.61,0.0
2016-02-05,10.19,10.19,0.0,13.0,13.0,0.0,22.63,22.63,0.0
2016-02-06,9.845,9.845,0.0,12.43,12.43,0.0,21.69,21.69,0.0
2016-02-07,7.185,7.185,0.0,10.38,10.38,0.0,17.76,17.76,0.0
2016-02-08,7.508,7.508,0.0,11.4,11.4,0.0,18.5,18.5,0.0
2016-02-09,8.006,8.006,0.0,12.45,12.45,0.0,20.25,20.25,0.0
2016-02-10,8.048,8.048,0.0,12.8,12.8,0.0,20.71,20.71,0.0
2016-02-11,7.297,7.297,0.0,12.15,12.15,0.0,19.42,19.42,0.0
2016-02-12,7.028,7.028,0.0,10.44,10.44,0.0,17.64,17.64,0.0
2016-02-13,6.479,6.479,0.0,9.024,9.024,0.0,15.22,15.22,0.0
2016-02-14,6.66,6.66,0.0,9.614,9.614,0.0,16.08,16.08,0.0
2016-02-15,6.682,6.682,0.0,10.77,10.77,0.0,17.86,17.86,0.0
2016-02-16,6.645,6.645,0.0,10.94,10.94,0.0,18.26,18.26,0.0
2016-02-17,6.136,6.136,0.0,8.943,8.943,0.0,15.56,15.56,0.0
2016-02-18,5.92,5.92,0.0,8.776,8.776,0.0,14.67,14.67,0.0
2016-02-19,9.045,9.045,0.0,18.98,18.98,0.0,30.6,30.6,0.0
2016-02-20,20.48,20.48,0.0,43.25,43.25,0.0,61.86,61.86,0.0
2016-02-21,14.35,14.35,0.0,28.59,28.59,0.0,42.37,42.37,0.0
2016-02-22,13.77,13.77,0.0,21.73,21.73,0.0,35.21,35.21,0.0
2016-02-23,14.41,14.41,0.0,22.55,22.55,0.0,36.8,36.8,0.0
2016-02-24,19.02,19.02,0.0,28.99,28.99,0.0,47.4,47.4,0.0
2016-02-25,17.29,17.29,0.0,29.28,29.28,0.0,46.57,46.57,0.0
2016-02-26,14.53,14.53,0.0,28.13,28.13,0.0,42.0,42.0,0.0
2016-02-27,13.68,13.68,0.0,18.74,18.74,0.0,31.33,31.33,0.0
2016-02-28,16.78,16.78,0.0,22.1,22.1,0.0,36.68,36.68,0.0
2016-02-29,17.13,17.13,0.0,27.16,27.16,0.0,42.99,42.99,0.0
2016-03-01,19.14,19.14,0.0,31.01,31.01,0.0,48.99,48.99,0.0
2016-03-02,17.83,17.83,0.0,31.56,31.56,0.0,49.08,49.08,0.0
2016-03-03,16.18,16.18,0.0,27.37,27.37,0.0,43.42,43.42,0.0
2016-03-04,16.09,16.09,0.0,21.71,21.71,0.0,36.5,36.5,0.0
2016-03-05,15.34,15.34,0.0,24.68,24.68,0.0,39.44,39.44,0.0
2016-03-06,15.91,15.91,0.0,26.09,26.09,0.0,40.65,40.65,0.0
2016-03-07,14.75,14.75,0.0,26.55,26.55,0.0,40.71,40.71,0.0
2016-03-08,15.31,15.31,0.0,26.51,26.51,0.0,40.52,40.52,0.0
2016-03-09,14.72,14.72,0.0,28.06,28.06,0.0,41.17,41.17,0.0
2016-03-10,13.28,13.28,0.0,26.31,26.31,0.0,38.71,38.71,0.0
2016-03-11,13.57,13.57,0.0,24.23,24.23,0.0,36.84,36.84,0.0
2016-03-12,12.49,12.49,0.0,25.6,25.6,0.0,37.53,37.53,0.0
2016-03-13,13.94,13.94,0.0,28.16,28.16,0.0,41.66,41.66,0.0
2016-03-14,14.79,14.79,0.0,28.29,28.29,0.0,42.22,42.22,0.0
2016-03-15,13.83,13.83,0.0,26.48,26.48,0.0,39.99,39.99,0.0
2016-03-16,13.16,13.16,0.0,22.62,22.62,0.0,34.94,34.94,0.0
2016-03-17,13.24,13.24,0.0,24.22,24.22,0.0,36.19,36.19,0.0
2016-03-18,11.94,11.94,0.0,25.16,25.16,0.0,36.6,36.6,0.0
2016-03-19,13.17,13.17,0.0,26.28,26.28,0.0,39.13,39.13,0.0
2016-03-20,13.45,13.45,0.0,24.03,24.03,0.0,37.06,37.06,0.0
2016-03-21,11.78,11.78,0.0,20.74,20.74,0.0,32.75,32.75,0.0
2016-03-22,12.04,12.04,0.0,22.9,22.9,0.0,34.34,34.34,0.0
2016-03-23,10.95,10.95,0.0,23.39,23.39,0.0,33.91,33.91,0.0
2016-03-24,11.51,11.51,0.0,24.21,24.21,0.0,35.09,35.09,0.0
2016-03-25,11.79,11.79,0.0,24.35,24.35,0.0,35.58,35.58,0.0
2016-03-26,11.23,11.23,0.0,21.18,21.18,0.0,32.05,32.05,0.0
2016-03-27,12.18,12.18,0.0,20.85,20.85,0.0,32.74,32.74,0.0
2016-03-28,11.35,11.35,0.0,22.57,22.57,0.0,34.03,34.03,0.0
2016-03-29,10.4,10.4,0.0,22.9,22.9,0.0,32.81,32.81,0.0
2016-03-30,10.75,10.75,0.0,22.61,22.61,0.0,32.63,32.63,0.0
2016-03-31,10.81,10.81,0.0,21.75,21.75,0.0,31.92,31.92,0.0
2016-04-01,10.46,10.46,0.0,18.79,18.79,0.0,28.8,28.8,0.0
2016-04-02,10.82,10.82,0.0,18.95,18.95,0.0,29.45,29.45,0.0
2016-04-03,9.813,9.813,0.0,19.4,19.4,0.0,28.54,28.54,0.0
2016-04-04,9.865,9.865,0.0,20.44,20.44,0.0,30.09,30.09,0.0
2016-04-05,9.314,9.314,0.0,19.96,19.96,0.0,29.06,29.06,0.0
2016-04-06,9.994,9.994,0.0,18.61,18.61,0.0,28.25,28.25,0.0
2016-04-07,11.28,11.28,0.0,21.08,21.08,0.0,32.13,32.13,0.0
2016-04-08,10.87,10.87,0.0,19.79,19.79,0.0,30.35,30.35,0.0
2016-04-09,10.91,10.91,0.0,18.8,18.8,0.0,29.58,29.58,0.0
2016-04-10,9.461,9.461,0.0,20.32,20.32,0.0,29.43,29.43,0.0
2016-04-11,9.439,9.439,0.0,21.41,21.41,0.0,30.6,30.6,0.0
2016-04-12,9.707,9.707,0.0,21.16,21.16,0.0,30.51,30.51,0.0
2016-04-13,9.374,9.374,0.0,18.94,18.94,0.0,28.11,28.11,0.0
2016-04-14,9.304,9.304,0.0,16.56,16.56,0.0,25.57,25.57,0.0
2016-04-15,7.771,7.771,0.0,17.46,17.46,0.0,25.08,25.08,0.0
2016-04-16,8.12,8.12,0.0,17.63,17.63,0.0,25.32,25.32,0.0
2016-04-17,8.161,8.161,0.0,17.44,17.44,0.0,25.2,25.2,0.0
2016-04-18,8.035,8.035,0.0,15.54,15.54,0.0,23.19,23.19,0.0
2016-04-19,7.658,7.658,0.0,14.91,14.91,0.0,22.29,22.29,0.0
2016-04-20,7.274,7.274,0.0,14.55,14.55,0.0,21.28,21.28,0.0
2016-04-21,6.494,6.494,0.0,14.65,14.65,0.0,20.95,20.95,0.0
2016-04-22,7.171,7.171,0.0,15.71,15.71,0.0,22.72,22.72,0.0
2016-04-23,7.106,7.106,0.0,14.64,14.64,0.0,21.4,21.4,0.0
2016-04-24,6.846,6.846,0.0,14.32,14.32,0.0,20.89,20.89,0.0
2016-04-25,6.559,6.559,0.0,13.14,13.14,0.0,19.47,19.47,0.0
2016-04-26,7.873,7.873,0.0,15.16,15.16,0.0,22.57,22.57,0.0
2016-04-27,8.809,8.809,0.0,16.14,16.14,0.0,24.08,24.08,0.0
2016-04-28,10.27,10.27,0.0,18.78,18.78,0.0,28.92,28.92,0.0
2016-04-29,9.603,9.603,0.0,17.67,17.67,0.0,27.28,27.28,0.0
2016-04-30,11.93,11.93,0.0,20.63,20.63,0.0,32.37,32.37,0.0
2016-05-01,14.18,14.18,0.0,23.62,23.62,0.0,37.61,37.61,0.0
2016-05-02,14.63,14.63,0.0,23.88,23.88,0.0,38.19,38.19,0.0
2016-05-03,12.08,12.08,0.0,21.17,21.17,0.0,32.3,32.3,0.0
2016-05-04,13.19,13.19,0.0,19.21,19.21,0.0,31.66,31.66,0.0
2016-05-05,18.11,18.11,0.0,24.61,24.61,0.0,41.29,41.29,0.0
2016-05-06,16.23,16.23,0.0,25.88,25.88,0.0,42.59,42.59,0.0
2016-05-07,15.85,15.85,0.0,26.86,26.86,0.0,43.47,43.47,0.0
2016-05-08,13.53,13.53,0.0,26.66,26.66,0.0,41.72,41.72,0.0
2016-05-09,15.1,15.1,0.0,28.39,28.39,0.0,43.89,43.89,0.0
2016-05-10,15.51,15.51,0.0,21.44,21.44,0.0,36.17,36.17,0.0
2016-05-11,15.39,15.39,0.0,24.35,24.35,0.0,39.79,39.79,0.0
2016-05-12,15.75,15.75,0.0,25.21,25.21,0.0,41.5,41.5,0.0
2016-05-13,15.96,15.96,0.0,26.08,26.08,0.0,42.53,42.53,0.0
2016-05-14,16.55,16.55,0.0,27.98,27.98,0.0,45.33,45.33,0.0
2016-05-15,14.1,14.1,0.0,27.32,27.32,0.0,41.77,41.77,0.0
2016-05-16,14.31,14.31,0.0,21.37,21.37,0.0,35.56,35.56,0.0
2016-05-17,14.85,14.85,0.0,24.45,24.45,0.0,39.85,39.85,0.0
2016-05-18,14.94,14.94,0.0,25.62,25.62,0.0,41.59,41.59,0.0
2016-05-19,13.95,13.95,0.0,25.93,25.93,0.0,41.09,41.09,0.0
2016-05-20,17.51,17.51,0.0,28.96,28.96,0.0,47.15,47.15,0.0
2016-05-21,19.23,19.23,0.0,31.83,31.83,0.0,51.67,51.67,0.0
2016-05-22,17.5,17.5,0.0,32.58,32.58,0.0,50.77,50.77,0.0
2016-05-23,16.89,16.89,0.0,24.52,24.52,0.0,41.19,41.19,0.0
2016-05-24,15.4,15.4,0.0,25.7,25.7,0.0,42.01,42.01,0.0
2016-05-25,14.61,14.61,0.0,27.08,27.08,0.0,43.01,43.01,0.0
2016-05-26,14.45,14.45,0.0,27.52,27.52,0.0,43.3,43.3,0.0
2016-05-27,14.77,14.77,0.0,27.03,27.03,0.0,42.71,42.71,0.0
2016-05-28,13.56,13.56,0.0,21.6,21.6,0.0,35.41,35.41,0.0
2016-05-29,13.72,13.72,0.0,22.9,22.9,0.0,37.07,37.07,0.0
2016-05-30,12.66,12.66,0.0,22.45,22.45,0.0,36.26,36.26,0.0
2016-05-31,12.38,12.38,0.0,22.48,22.48,0.0,35.98,35.98,0.0
2016-06-01,12.09,12.09,0.0,21.21,21.21,0.0,33.36,33.36,0.0
2016-06-02,14.83,14.83,0.0,20.91,20.91,0.0,37.02,37.02,0.0
2016-06-03,14.86,14.86,0.0,21.57,21.57,0.0,38.03,38.03,0.0
2016-06-04,17.43,17.43,0.0,22.51,22.51,0.0,40.41,40.41,0.0
2016-06-05,17.32,17.32,0.0,24.72,24.72,0.0,43.49,43.49,0.0
2016-06-06,15.33,15.33,0.0,23.0,23.0,0.0,40.17,40.17,0.0
2016-06-07,12.81,12.81,0.0,22.89,22.89,0.0,37.41,37.41,0.0
2016-06-08,13.12,13.12,0.0,19.41,19.41,0.0,33.22,33.22,0.0
2016-06-09,13.44,13.44,0.0,19.5,19.5,0.0,33.68,33.68,0.0
2016-06-10,12.83,12.83,0.0,19.79,19.79,0.0,33.65,33.65,0.0
2016-06-11,12.4,12.4,0.0,19.58,19.58,0.0,32.99,32.99,0.0
2016-06-12,11.56,11.56,0.0,18.38,18.38,0.0,30.25,30.25,0.0
2016-06-13,10.99,10.99,0.0,15.88,15.88,0.0,27.55,27.55,0.0
2016-06-14,11.02,11.02,0.0,16.36,16.36,0.0,27.97,27.97,0.0
2016-06-15,10.61,10.61,0.0,16.47,16.47,0.0,27.68,27.68,0.0
2016-06-16,10.73,10.73,0.0,18.34,18.34,0.0,30.57,30.57,0.0
2016-06-17,10.15,10.15,0.0,15.31,15.31,0.0,26.03,26.03,0.0
2016-06-18,9.714,9.714,0.0,14.42,14.42,0.0,24.73,24.73,0.0
2016-06-19,8.984,8.984,0.0,14.53,14.53,0.0,24.35,24.35,0.0
2016-06-20,9.178,9.178,0.0,14.95,14.95,0.0,24.97,24.97,0.0
2016-06-21,9.4,9.4,0.0,15.58,15.58,0.0,26.26,26.26,0.0
2016-06-22,9.71,9.71,0.0,19.46,19.46,0.0,32.61,32.61,0.0
2016-06-23,12.75,12.75,0.0,24.18,24.18,0.0,40.71,40.71,0.0
2016-06-24,11.99,11.99,0.0,24.69,24.69,0.0,40.69,40.69,0.0
2016-06-25,11.4,11.4,0.0,23.76,23.76,0.0,38.63,38.63,0.0
2016-06-26,11.04,11.04,0.0,23.23,23.23,0.0,36.26,36.26,0.0
2016-06-27,10.19,10.19,0.0,19.87,19.87,0.0,32.94,32.94,0.0
2016-06-28,9.013,9.013,0.0,17.98,17.98,0.0,29.73,29.73,0.0
2016-06-29,9.26,9.26,0.0,18.9,18.9,0.0,30.75,30.75,0.0
2016-06-30,9.225,9.225,0.0,19.07,19.07,0.0,30.77,30.77,0.0
2016-07-01,9.051,9.051,0.0,18.36,18.36,0.0,29.14,29.14,0.0
2016-07-02,8.109,8.109,0.0,15.67,15.67,0.0,25.74,25.74,0.0
2016-07-03,7.846,7.846,0.0,15.8,15.8,0.0,25.74,25.74,0.0
2016-07-04,9.902,9.902,0.0,19.06,19.06,0.0,31.32,31.32,0.0
2016-07-05,8.76,8.76,0.0,17.49,17.49,0.0,28.24,28.24,0.0
2016-07-06,8.477,8.477,0.0,16.53,16.53,0.0,26.44,26.44,0.0
2016-07-07,7.591,7.591,0.0,14.56,14.56,0.0,23.63,23.63,0.0
2016-07-08,7.419,7.419,0.0,14.94,14.94,0.0,23.97,23.97,0.0
2016-07-09,7.384,7.384,0.0,14.41,14.41,0.0,23.27,23.27,0.0
2016-07-10,7.129,7.129,0.0,14.25,14.25,0.0,22.85,22.85,0.0
2016-07-11,6.999,6.999,0.0,13.92,13.92,0.0,22.28,22.28,0.0
2016-07-12,6.746,6.746,0.0,12.42,12.42,0.0,20.18,20.18,0.0
2016-07-13,6.182,6.182,0.0,12.57,12.57,0.0,20.07,20.07,0.0
2016-07-14,6.031,6.031,0.0,12.32,12.32,0.0,19.59,19.59,0.0
2016-07-15,5.874,5.874,0.0,11.75,11.75,0.0,18.82,18.82,0.0
2016-07-16,5.79,5.79,0.0,11.36,11.36,0.0,18.2,18.2,0.0
2016-07-17,5.575,5.575,0.0,10.65,10.65,0.0,17.03,17.03,0.0
2016-07-18,5.453,5.453,0.0,10.61,10.61,0.0,17.06,17.06,0.0
2016-07-19,4.919,4.919,0.0,10.31,10.31,0.0,16.32,16.32,0.0
2016-07-20,4.855,4.855,0.0,10.08,10.08,0.0,15.95,15.95,0.0
2016-07-21,4.751,4.751,0.0,9.532,9.532,0.0,15.25,15.25,0.0
2016-07-22,4.649,4.649,0.0,8.857,8.857,0.0,14.36,14.36,0.0
2016-07-23,4.391,4.391,0.0,8.624,8.624,0.0,13.68,13.68,0.0
2016-07-24,4.091,4.091,0.0,8.515,8.515,0.0,13.44,13.44,0.0
2016-07-25,4.092,4.092,0.0,8.409,8.409,0.0,13.36,13.36,0.0
2016-07-26,4.492,4.492,0.0,7.975,7.975,0.0,12.96,12.96,0.0
2016-07-27,4.29,4.29,0.0,7.572,7.572,0.0,12.34,12.34,0.0
2016-07-28,4.886,4.886,0.0,10.09,10.09,0.0,16.64,16.64,0.0
2016-07-29,4.2,4.2,0.0,8.092,8.092,0.0,12.84,12.84,0.0
2016-07-30,4.085,4.085,0.0,8.07,8.07,0.0,12.9,12.9,0.0
2016-07-31,4.195,4.195,0.0,8.183,8.183,0.0,13.28,13.28,0.0
2016-08-01,3.933,3.933,0.0,7.261,7.261,0.0,11.84,11.84,0.0
2016-08-02,3.856,3.856,0.0,7.134,7.134,0.0,11.55,11.55,0.0
2016-08-03,3.743,3.743,0.0,6.967,6.967,0.0,11.15,11.15,0.0
2016-08-04,3.649,3.649,0.0,6.8,6.8,0.0,10.92,10.92,0.0
2016-08-05,3.495,3.495,0.0,6.905,6.905,0.0,11.08,11.08,0.0
2016-08-06,3.42,3.42,0.0,6.524,6.524,0.0,10.53,10.53,0.0
2016-08-07,3.292,3.292,0.0,6.011,6.011,0.0,9.761,9.761,0.0
2016-08-08,3.212,3.212,0.0,5.902,5.902,0.0,9.539,9.539,0.0
2016-08-09,3.056,3.056,0.0,5.738,5.738,0.0,9.144,9.144,0.0
2016-08-10,3.055,3.055,0.0,5.791,5.791,0.0,9.307,9.307,0.0
2016-08-11,2.834,2.834,0.0,5.563,5.563,0.0,8.929,8.929,0.0
2016-08-12,2.743,2.743,0.0,5.219,5.219,0.0,8.35,8.35,0.0
2016-08-13,2.741,2.741,0.0,5.081,5.081,0.0,8.253,8.253,0.0
2016-08-14,2.633,2.633,0.0,4.956,4.956,0.0,8.011,8.011,0.0
2016-08-15,2.607,2.607,0.0,5.011,5.011,0.0,8.055,8.055,0.0
2016-08-16,2.446,2.446,0.0,4.883,4.883,0.0,7.848,7.848,0.0
2016-08-17,2.833,2.833,0.0,5.39,5.39,0.0,8.832,8.832,0.0
2016-08-18,2.581,2.581,0.0,4.754,4.754,0.0,7.706,7.706,0.0
2016-08-19,2.483,2.483,0.0,4.416,4.416,0.0,7.221,7.221,0.0
2016-08-20,2.385,2.385,0.0,4.34,4.34,0.0,6.986,6.986,0.0
2016-08-21,2.436,2.436,0.0,4.523,4.523,0.0,7.342,7.342,0.0
2016-08-22,2.165,2.165,0.0,4.156,4.156,0.0,6.635,6.635,0.0
2016-08-23,2.144,2.144,0.0,4.025,4.025,0.0,6.454,6.454,0.0
2016-08-24,2.097,2.097,0.0,3.879,3.879,0.0,6.241,6.241,0.0
2016-08-25,2.178,2.178,0.0,4.056,4.056,0.0,6.681,6.681,0.0
2016-08-26,1.953,1.953,0.0,3.588,3.588,0.0,5.737,5.737,0.0
2016-08-27,1.897,1.897,0.0,3.489,3.489,0.0,5.595,5.595,0.0
2016-08-28,1.749,1.749,0.0,3.391,3.391,0.0,5.398,5.398,0.0
2016-08-29,1.725,1.725,0.0,3.281,3.281,0.0,5.238,5.238,0.0
2016-08-30,1.673,1.673,0.0,3.066,3.066,0.0,4.957,4.957,0.0
2016-08-31,1.637,1.637,0.0,3.064,3.064,0.0,4.912,4.912,0.0
2016-09-01,1.509,1.509,0.0,2.903,2.903,0.0,4.622,4.622,0.0
2016-09-02,1.479,1.479,0.0,2.779,2.779,0.0,4.454,4.454,0.0
2016-09-03,1.435,1.435,0.0,2.705,2.705,0.0,4.326,4.326,0.0
2016-09-04,1.387,1.387,0.0,2.605,2.605,0.0,4.153,4.153,0.0
2016-09-05,1.332,1.332,0.0,2.516,2.516,0.0,4.014,4.014,0.0
2016-09-06,1.262,1.262,0.0,2.413,2.413,0.0,3.851,3.851,0.0
2016-09-07,1.227,1.227,0.0,2.329,2.329,0.0,3.722,3.722,0.0
2016-09-08,1.177,1.177,0.0,2.247,2.247,0.0,3.588,3.588,0.0
2016-09-09,1.139,1.139,0.0,2.174,2.174,0.0,3.459,3.459,0.0
2016-09-10,1.101,1.101,0.0,2.09,2.09,0.0,3.335,3.335,0.0
2016-09-11,1.058,1.058,0.0,2.023,2.023,0.0,3.224,3.224,0.0
2016-09-12,1.018,1.018,0.0,1.949,1.949,0.0,3.107,3.107,0.0
2016-09-13,0.9858,0.9858,0.0,1.883,1.883,0.0,2.997,2.997,0.0
2016-09-14,0.953,0.953,0.0,1.815,1.815,0.0,2.893,2.893,0.0
2016-09-15,0.9205,0.9205,0.0,1.749,1.749,0.0,2.791,2.791,0.0
2016-09-16,0.8887,0.8887,0.0,1.693,1.693,0.0,2.7,2.7,0.0
2016-09-17,0.8535,0.8535,0.0,1.631,1.631,0.0,2.601,2.601,0.0
2016-09-18,0.9731,0.9731,0.0,1.843,1.843,0.0,2.994,2.994,0.0
2016-09-19,0.9682,0.9682,0.0,1.736,1.736,0.0,2.829,2.829,0.0
2016-09-20,0.8899,0.8899,0.0,1.556,1.556,0.0,2.507,2.507,0.0
2016-09-21,0.8594,0.8594,0.0,1.498,1.498,0.0,2.417,2.417,0.0
2016-09-22,0.8296,0.8296,0.0,1.45,1.45,0.0,2.337,2.337,0.0
2016-09-23,0.7968,0.7968,0.0,1.397,1.397,0.0,2.251,2.251,0.0
2016-09-24,0.7664,0.7664,0.0,1.35,1.35,0.0,2.169,2.169,0.0
2016-09-25,0.7427,0.7427,0.0,1.302,1.302,0.0,2.096,2.096,0.0
2016-09-26,1.178,1.178,0.0,1.953,1.953,0.0,3.347,3.347,0.0
2016-09-27,0.9333,0.9333,0.0,1.411,1.411,0.0,2.336,2.336,0.0
2016-09-28,1.325,1.325,0.0,1.945,1.945,0.0,3.512,3.512,0.0
2016-09-29,8.075,8.075,0.0,9.157,9.157,0.0,15.56,15.56,0.0
2016-09-30,5.405,5.405,0.0,6.531,6.531,0.0,11.05,11.05,0.0
2016-10-01,4.582,4.582,0.0,5.641,5.641,0.0,9.447,9.447,0.0
2016-10-02,4.368,4.368,0.0,5.377,5.377,0.0,9.008,9.008,0.0
2016-10-03,4.225,4.225,0.0,5.202,5.202,0.0,8.719,8.719,0.0
2016-10-04,4.086,4.086,0.0,5.027,5.027,0.0,8.439,8.439,0.0
2016-10-05,3.917,3.917,0.0,4.855,4.855,0.0,8.144,8.144,0.0
2016-10-06,3.811,3.811,0.0,4.538,4.538,0.0,7.73,7.73,0.0
2016-10-07,5.349,5.349,0.0,6.451,6.451,0.0,10.95,10.95,0.0
2016-10-08,6.711,6.711,0.0,8.737,8.737,0.0,14.56,14.56,0.0
2016-10-09,6.437,6.437,0.0,8.023,8.023,0.0,13.18,13.18,0.0
2016-10-10,6.261,6.261,0.0,7.885,7.885,0.0,12.9,12.9,0.0
2016-10-11,6.013,6.013,0.0,7.676,7.676,0.0,12.52,12.52,0.0
2016-10-12,5.34,5.34,0.0,7.429,7.429,0.0,11.89,11.89,0.0
2016-10-13,5.19,5.19,0.0,6.259,6.259,0.0,10.6,10.6,0.0
2016-10-14,5.118,5.118,0.0,6.398,6.398,0.0,10.61,10.61,0.0
2016-10-15,4.883,4.883,0.0,6.39,6.39,0.0,10.44,10.44,0.0
2016-10-16,4.781,4.781,0.0,6.267,6.267,0.0,10.21,10.21,0.0
2016-10-17,4.552,4.552,0.0,5.689,5.689,0.0,9.464,9.464,0.0
2016-10-18,4.368,4.368,0.0,5.494,5.494,0.0,9.103,9.103,0.0
2016-10-19,4.249,4.249,0.0,5.477,5.477,0.0,8.983,8.983,0.0
2016-10-20,4.105,4.105,0.0,5.527,5.527,0.0,9.02,9.02,0.0
2016-10-21,4.108,4.108,0.0,6.232,6.232,0.0,9.935,9.935,0.0
2016-10-22,3.874,3.874,0.0,5.936,5.936,0.0,9.218,9.218,0.0
2016-10-23,3.663,3.663,0.0,5.383,5.383,0.0,8.415,8.415,0.0
2016-10-24,3.551,3.551,0.0,5.374,5.374,0.0,8.314,8.314,0.0
2016-10-25,3.448,3.448,0.0,5.278,5.278,0.0,8.129,8.129,0.0
2016-10-26,3.241,3.241,0.0,4.911,4.911,0.0,7.624,7.624,0.0
2016-10-27,3.168,3.168,0.0,4.865,4.865,0.0,7.503,7.503,0.0
2016-10-28,3.087,3.087,0.0,4.651,4.651,0.0,7.211,7.211,0.0
2016-10-29,2.971,2.971,0.0,4.481,4.481,0.0,6.933,6.933,0.0
2016-10-30,3.047,3.047,0.0,5.324,5.324,0.0,8.096,8.096,0.0
2016-10-31,2.729,2.729,0.0,4.846,4.846,0.0,7.144,7.144,0.0
2016-11-01,2.686,2.686,0.0,4.598,4.598,0.0,6.859,6.859,0.0
2016-11-02,2.617,2.617,0.0,4.588,4.588,0.0,6.782,6.782,0.0
2016-11-03,3.112,3.112,0.0,6.072,6.072,0.0,9.208,9.208,0.0
2016-11-04,2.808,2.808,0.0,5.527,5.527,0.0,8.13,8.13,0.0
2016-11-05,2.738,2.738,0.0,5.209,5.209,0.0,7.751,7.751,0.0
2016-11-06,2.603,2.603,0.0,4.95,4.95,0.0,7.392,7.392,0.0
2016-11-07,2.502,2.502,0.0,4.674,4.674,0.0,6.98,6.98,0.0
2016-11-08,2.441,2.441,0.0,4.988,4.988,0.0,7.375,7.375,0.0
2016-11-09,2.528,2.528,0.0,5.917,5.917,0.0,8.571,8.571,0.0
2016-11-10,2.361,2.361,0.0,5.672,5.672,0.0,8.049,8.049,0.0
2016-11-11,2.273,2.273,0.0,5.403,5.403,0.0,7.697,7.697,0.0
2016-11-12,2.14,2.14,0.0,5.072,5.072,0.0,7.249,7.249,0.0
2016-11-13,2.055,2.055,0.0,4.933,4.933,0.0,6.983,6.983,0.0
2016-11-14,2.566,2.566,0.0,4.905,4.905,0.0,7.398,7.398,0.0
2016-11-15,2.58,2.58,0.0,5.012,5.012,0.0,7.515,7.515,0.0
2016-11-16,2.523,2.523,0.0,4.907,4.907,0.0,7.354,7.354,0.0
2016-11-17,2.403,2.403,0.0,4.644,4.644,0.0,6.994,6.994,0.0
2016-11-18,2.166,2.166,0.0,4.122,4.122,0.0,6.21,6.21,0.0
2016-11-19,2.429,2.429,0.0,5.262,5.262,0.0,7.81,7.81,0.0
2016-11-20,2.256,2.256,0.0,5.218,5.218,0.0,7.58,7.58,0.0
2016-11-21,2.208,2.208,0.0,5.085,5.085,0.0,7.337,7.337,0.0
2016-11-22,2.152,2.152,0.0,5.088,5.088,0.0,7.276,7.276,0.0
2016-11-23,1.972,1.972,0.0,5.112,5.112,0.0,7.09,7.09,0.0
2016-11-24,1.962,1.962,0.0,5.168,5.168,0.0,7.193,7.193,0.0
2016-11-25,1.839,1.839,0.0,4.296,4.296,0.0,6.183,6.183,0.0
2016-11-26,1.846,1.846,0.0,4.816,4.816,0.0,6.755,6.755,0.0
2016-11-27,1.778,1.778,0.0,4.911,4.911,0.0,6.743,6.743,0.0
2016-11-28,2.411,2.411,0.0,6.47,6.47,0.0,9.113,9.113,0.0
2016-11-29,4.665,4.665,0.0,9.033,9.033,0.0,13.48,13.48,0.0
2016-11-30,7.869,7.869,0.0,12.79,12.79,0.0,20.35,20.35,0.0
2016-12-01,7.951,7.951,0.0,12.46,12.46,0.0,19.7,19.7,0.0
2016-12-02,7.835,7.835,0.0,12.37,12.37,0.0,19.5,19.5,0.0
2016-12-03,7.469,7.469,0.0,12.06,12.06,0.0,18.89,18.89,0.0
2016-12-04,7.227,7.227,0.0,9.162,9.162,0.0,15.58,15.58,0.0
2016-12-05,6.209,6.209,0.0,10.05,10.05,0.0,15.53,15.53,0.0
2016-12-06,9.435,9.435,0.0,15.14,15.14,0.0,24.3,24.3,0.0
2016-12-07,9.573,9.573,0.0,14.85,14.85,0.0,23.69,23.69,0.0
2016-12-08,9.56,9.56,0.0,15.03,15.03,0.0,23.92,23.92,0.0
2016-12-09,9.239,9.239,0.0,13.76,13.76,0.0,22.35,22.35,0.0
2016-12-10,6.926,6.926,0.0,11.42,11.42,0.0,18.17,18.17,0.0
2016-12-11,7.228,7.228,0.0,11.6,11.6,0.0,18.5,18.5,0.0
2016-12-12,8.161,8.161,0.0,14.08,14.08,0.0,21.91,21.91,0.0
2016-12-13,7.518,7.518,0.0,13.06,13.06,0.0,20.25,20.25,0.0
2016-12-14,6.973,6.973,0.0,11.07,11.07,0.0,17.93,17.93,0.0
2016-12-15,6.66,6.66,0.0,11.33,11.33,0.0,17.68,17.68,0.0
2016-12-16,6.646,6.646,0.0,10.42,10.42,0.0,16.7,16.7,0.0
2016-12-17,7.076,7.076,0.0,22.05,22.05,0.0,30.96,30.96,0.0
2016-12-18,6.697,6.697,0.0,15.86,15.86,0.0,22.92,22.92,0.0
2016-12-19,5.864,5.864,0.0,11.64,11.64,0.0,17.39,17.39,0.0
2016-12-20,5.528,5.528,0.0,10.87,10.87,0.0,16.27,16.27,0.0
2016-12-21,5.161,5.161,0.0,8.719,8.719,0.0,13.91,13.91,0.0
2016-12-22,5.223,5.223,0.0,9.234,9.234,0.0,14.17,14.17,0.0
2016-12-23,6.265,6.265,0.0,11.09,11.09,0.0,17.12,17.12,0.0
2016-12-24,5.788,5.788,0.0,12.17,12.17,0.0,18.18,18.18,0.0
2016-12-25,5.466,5.466,0.0,11.75,11.75,0.0,17.34,17.34,0.0
2016-12-26,6.142,6.142,0.0,14.6,14.6,0.0,21.35,21.35,0.0
2016-12-27,9.284,9.284,0.0,17.07,17.07,0.0,25.8,25.8,0.0
2016-12-28,10.74,10.74,0.0,19.72,19.72,0.0,29.97,29.97,0.0
2016-12-29,11.2,11.2,0.0,20.15,20.15,0.0,30.84,30.84,0.0
2016-12-30,10.97,10.97,0.0,19.98,19.98,0.0,29.95,29.95,0.0
2016-12-31,7.991,7.991,0.0,13.64,13.64,0.0,21.67,21.67,0.0
