date,old_01605500,new_01605500,abs_diff_01605500,old_01606000,new_01606000,abs_diff_01606000,old_01606500,new_01606500,abs_diff_01606500
2003-01-01,17.49,17.49,0.0,46.67,46.67,0.0,62.96,62.96,0.0
2003-01-02,16.04,16.04,0.0,42.47,42.47,0.0,57.6,57.6,0.0
2003-01-03,16.63,16.63,0.0,30.73,30.73,0.0,46.59,46.59,0.0
2003-01-04,15.82,15.82,0.0,27.77,27.77,0.0,42.89,42.89,0.0
2003-01-05,15.79,15.79,0.0,27.5,27.5,0.0,42.58,42.58,0.0
2003-01-06,15.54,15.54,0.0,24.64,24.64,0.0,38.62,38.62,0.0
2003-01-07,11.76,11.76,0.0,20.4,20.4,0.0,32.21,32.21,0.0
2003-01-08,12.97,12.97,0.0,24.6,24.6,0.0,37.11,37.11,0.0
2003-01-09,12.78,12.78,0.0,26.66,26.66,0.0,38.91,38.91,0.0
2003-01-10,13.36,13.36,0.0,24.82,24.82,0.0,37.65,37.65,0.0
2003-01-11,13.43,13.43,0.0,23.42,23.42,0.0,36.2,36.2,0.0
2003-01-12,13.35,13.35,0.0,23.74,23.74,0.0,36.43,36.43,0.0
2003-01-13,13.14,13.14,0.0,23.65,23.65,0.0,36.14,36.14,0.0
2003-01-14,12.97,12.97,0.0,23.51,23.51,0.0,35.9,35.9,0.0
2003-01-15,11.16,11.16,0.0,21.02,21.02,0.0,31.24,31.24,0.0
2003-01-16,11.12,11.12,0.0,18.85,18.85,0.0,29.12,29.12,0.0
2003-01-17,10.46,10.46,0.0,18.77,18.77,0.0,28.96,28.96,0.0
2003-01-18,10.9,10.9,0.0,18.41,18.41,0.0,28.84,28.84,0.0
2003-01-19,11.11,11.11,0.0,18.82,18.82,0.0,29.48,29.48,0.0
2003-01-20,11.06,11.06,0.0,18.81,18.81,0.0,29.38,29.38,0.0
2003-01-21,10.87,10.87,0.0,17.75,17.75,0.0,28.04,28.04,0.0
2003-01-22,10.73,10.73,0.0,17.9,17.9,0.0,28.1,28.1,0.0
2003-01-23,10.16,10.16,0.0,17.79,17.79,0.0,27.73,27.73,0.0
2003-01-24,9.48,9.48,0.0,14.71,14.71,0.0,23.32,23.32,0.0
2003-01-25,8.66,8.66,0.0,15.21,15.21,0.0,23.41,23.41,0.0
2003-01-26,9.135,9.135,0.0,15.55,15.55,0.0,24.24,24.24,0.0
2003-01-27,9.206,9.206,0.0,15.12,15.12,0.0,23.78,23.78,0.0
2003-01-28,9.199,9.199,0.0,14.97,14.97,0.0,23.65,23.65,0.0
2003-01-29,9.614,9.614,0.0,15.38,15.38,0.0,24.54,24.54,0.0
2003-01-30,8.948,8.948,0.0,14.38,14.38,0.0,22.8,22.8,0.0
2003-01-31,8.79,8.79,0.0,15.43,15.43,0.0,23.67,23.67,0.0
2003-02-01,9.581,9.581,0.0,15.46,15.46,0.0,24.06,24.06,0.0
2003-02-02,7.93,7.93,0.0,17.29,17.29,0.0,24.75,24.75,0.0
2003-02-03,8.512,8.512,0.0,34.68,34.68,0.0,43.04,43.04,0.0
2003-02-04,8.351,8.351,0.0,24.62,24.62,0.0,32.37,32.37,0.0
2003-02-05,7.771,7.771,0.0,15.64,15.64,0.0,22.95,22.95,0.0
2003-02-06,7.839,7.839,0.0,15.36,15.36,0.0,22.85,22.85,0.0
2003-02-07,7.756,7.756,0.0,14.17,14.17,0.0,21.57,21.57,0.0
2003-02-08,7.554,7.554,0.0,14.26,14.26,0.0,21.34,21.34,0.0
2003-02-09,7.423,7.423,0.0,13.72,13.72,0.0,20.68,20.68,0.0
2003-02-10,7.383,7.383,0.0,14.1,14.1,0.0,21.15,21.15,0.0
2003-02-11,6.966,6.966,0.0,13.0,13.0,0.0,19.69,19.69,0.0
2003-02-12,6.372,6.372,0.0,12.72,12.72,0.0,18.59,18.59,0.0
2003-02-13,6.307,6.307,0.0,12.72,12.72,0.0,18.53,18.53,0.0
2003-02-14,6.473,6.473,0.0,12.64,12.64,0.0,19.05,19.05,0.0
2003-02-15,6.684,6.684,0.0,13.14,13.14,0.0,19.88,19.88,0.0
2003-02-16,7.162,7.162,0.0,13.6,13.6,0.0,21.48,21.48,0.0
2003-02-17,6.329,6.329,0.0,11.31,11.31,0.0,17.37,17.37,0.0
2003-02-18,6.134,6.134,0.0,11.2,11.2,0.0,16.92,16.92,0.0
2003-02-19,11.11,11.11,0.0,16.59,16.59,0.0,28.04,28.04,0.0
2003-02-20,9.94,9.94,0.0,19.09,19.09,0.0,30.29,30.29,0.0
2003-02-21,32.47,32.47,0.0,36.14,36.14,0.0,66.41,66.41,0.0
2003-02-22,42.82,42.82,0.0,130.1,130.1,0.0,175.6,175.6,0.0
2003-02-23,23.45,23.45,0.0,48.89,48.89,0.0,71.18,71.18,0.0
2003-02-24,14.89,14.89,0.0,24.44,24.44,0.0,39.06,39.06,0.0
2003-02-25,14.8,14.8,0.0,20.15,20.15,0.0,32.96,32.96,0.0
2003-02-26,14.56,14.56,0.0,19.86,19.86,0.0,32.51,32.51,0.0
2003-02-27,14.25,14.25,0.0,19.78,19.78,0.0,32.31,32.31,0.0
2003-02-28,18.94,18.94,0.0,24.3,24.3,0.0,40.74,40.74,0.0
2003-03-01,21.4,21.4,0.0,43.28,43.28,0.0,65.57,65.57,0.0
2003-03-02,14.55,14.55,0.0,66.47,66.47,0.0,81.41,81.41,0.0
2003-03-03,11.88,11.88,0.0,28.28,28.28,0.0,41.46,41.46,0.0
2003-03-04,14.02,14.02,0.0,39.32,39.32,0.0,53.54,53.54,0.0
2003-03-05,15.89,15.89,0.0,74.66,74.66,0.0,89.35,89.35,0.0
2003-03-06,17.28,17.28,0.0,76.94,76.94,0.0,91.56,91.56,0.0
2003-03-07,17.66,17.66,0.0,38.54,38.54,0.0,54.7,54.7,0.0
2003-03-08,15.71,15.71,0.0,37.15,37.15,0.0,53.14,53.14,0.0
2003-03-09,15.41,15.41,0.0,30.13,30.13,0.0,46.03,46.03,0.0
2003-03-10,16.05,16.05,0.0,23.38,23.38,0.0,39.62,39.62,0.0
2003-03-11,14.0,14.0,0.0,26.92,26.92,0.0,42.04,42.04,0.0
2003-03-12,14.37,14.37,0.0,29.76,29.76,0.0,44.45,44.45,0.0
2003-03-13,15.6,15.6,0.0,32.91,32.91,0.0,48.71,48.71,0.0
2003-03-14,15.73,15.73,0.0,31.17,31.17,0.0,46.0,46.0,0.0
2003-03-15,15.73,15.73,0.0,32.42,32.42,0.0,46.5,46.5,0.0
2003-03-16,15.55,15.55,0.0,33.0,33.0,0.0,47.46,47.46,0.0
2003-03-17,13.32,13.32,0.0,30.17,30.17,0.0,43.74,43.74,0.0
2003-03-18,13.86,13.86,0.0,30.81,30.81,0.0,44.61,44.61,0.0
2003-03-19,15.66,15.66,0.0,26.44,26.44,0.0,42.07,42.07,0.0
2003-03-20,22.63,22.63,0.0,36.46,36.46,0.0,57.8,57.8,0.0
2003-03-21,18.19,18.19,0.0,33.99,33.99,0.0,52.56,52.56,0.0
2003-03-22,17.88,17.88,0.0,34.02,34.02,0.0,51.99,51.99,0.0
2003-03-23,16.21,16.21,0.0,34.01,34.01,0.0,51.01,51.01,0.0
2003-03-24,14.64,14.64,0.0,33.66,33.66,0.0,49.15,49.15,0.0
2003-03-25,15.39,15.39,0.0,31.11,31.11,0.0,45.11,45.11,0.0
2003-03-26,15.8,15.8,0.0,31.57,31.57,0.0,46.64,46.64,0.0
2003-03-27,14.09,14.09,0.0,29.11,29.11,0.0,43.58,43.58,0.0
2003-03-28,14.68,14.68,0.0,25.34,25.34,0.0,40.15,40.15,0.0
2003-03-29,16.47,16.47,0.0,29.38,29.38,0.0,46.12,46.12,0.0
2003-03-30,17.05,17.05,0.0,30.69,30.69,0.0,47.68,47.68,0.0
2003-03-31,19.77,19.77,0.0,32.79,32.79,0.0,51.0,51.0,0.0
2003-04-01,16.54,16.54,0.0,32.6,32.6,0.0,49.05,49.05,0.0
2003-04-02,14.22,14.22,0.0,32.18,32.18,0.0,46.82,46.82,0.0
2003-04-03,14.17,14.17,0.0,31.78,31.78,0.0,45.59,45.59,0.0
2003-04-04,14.79,14.79,0.0,30.35,30.35,0.0,44.33,44.33,0.0
2003-04-05,14.22,14.22,0.0,30.49,30.49,0.0,44.51,44.51,0.0
2003-04-06,18.96,18.96,0.0,36.4,36.4,0.0,54.9,54.9,0.0
2003-04-07,22.5,22.5,0.0,38.54,38.54,0.0,59.31,59.31,0.0
2003-04-08,21.74,21.74,0.0,39.64,39.64,0.0,60.85,60.85,0.0
2003-04-09,21.1,21.1,0.0,35.24,35.24,0.0,56.11,56.11,0.0
2003-04-10,24.43,24.43,0.0,33.32,33.32,0.0,56.87,56.87,0.0
2003-04-11,21.6,21.6,0.0,36.59,36.59,0.0,58.33,58.33,0.0
2003-04-12,20.29,20.29,0.0,36.04,36.04,0.0,56.56,56.56,0.0
2003-04-13,19.77,19.77,0.0,36.48,36.48,0.0,56.45,56.45,0.0
2003-04-14,15.9,15.9,0.0,36.41,36.41,0.0,52.63,52.63,0.0
2003-04-15,17.03,17.03,0.0,33.8,33.8,0.0,49.91,49.91,0.0
2003-04-16,16.27,16.27,0.0,33.95,33.95,0.0,50.29,50.29,0.0
2003-04-17,17.06,17.06,0.0,33.87,33.87,0.0,51.33,51.33,0.0
2003-04-18,18.24,18.24,0.0,33.1,33.1,0.0,51.73,51.73,0.0
2003-04-19,18.23,18.23,0.0,27.97,27.97,0.0,46.29,46.29,0.0
2003-04-20,18.46,18.46,0.0,29.78,29.78,0.0,48.22,48.22,0.0
2003-04-21,18.88,18.88,0.0,31.7,31.7,0.0,50.72,50.72,0.0
2003-04-22,18.45,18.45,0.0,32.48,32.48,0.0,51.07,51.07,0.0
2003-04-23,15.16,15.16,0.0,32.31,32.31,0.0,47.66,47.66,0.0
2003-04-24,16.14,16.14,0.0,30.35,30.35,0.0,45.71,45.71,0.0
2003-04-25,15.84,15.84,0.0,30.84,30.84,0.0,46.75,46.75,0.0
2003-04-26,16.6,16.6,0.0,31.18,31.18,0.0,47.62,47.62,0.0
2003-04-27,16.14,16.14,0.0,30.89,30.89,0.0,47.1,47.1,0.0
2003-04-28,16.23,16.23,0.0,28.68,28.68,0.0,44.82,44.82,0.0
2003-04-29,16.4,16.4,0.0,25.63,25.63,0.0,41.73,41.73,0.0
2003-04-30,17.93,17.93,0.0,29.65,29.65,0.0,47.16,47.16,0.0
2003-05-01,18.44,18.44,0.0,33.28,33.28,0.0,51.11,51.11,0.0
2003-05-02,17.71,17.71,0.0,33.2,33.2,0.0,50.84,50.84,0.0
2003-05-03,23.37,23.37,0.0,37.09,37.09,0.0,58.48,58.48,0.0
2003-05-04,21.51,21.51,0.0,36.76,36.76,0.0,57.62,57.62,0.0
2003-05-05,20.94,20.94,0.0,37.13,37.13,0.0,57.51,57.51,0.0
2003-05-06,18.0,18.0,0.0,35.49,35.49,0.0,53.56,53.56,0.0
2003-05-07,15.21,15.21,0.0,33.4,33.4,0.0,48.41,48.41,0.0
2003-05-08,18.31,18.31,0.0,36.87,36.87,0.0,55.19,55.19,0.0
2003-05-09,28.62,28.62,0.0,50.39,50.39,0.0,77.99,77.99,0.0
2003-05-10,31.78,31.78,0.0,52.87,52.87,0.0,83.43,83.43,0.0
2003-05-11,24.12,24.12,0.0,44.33,44.33,0.0,69.53,69.53,0.0
2003-05-12,23.28,23.28,0.0,44.67,44.67,0.0,69.41,69.41,0.0
2003-05-13,22.82,22.82,0.0,32.85,32.85,0.0,56.7,56.7,0.0
2003-05-14,22.65,22.65,0.0,36.04,36.04,0.0,59.5,59.5,0.0
2003-05-15,22.94,22.94,0.0,39.27,39.27,0.0,63.21,63.21,0.0
2003-05-16,21.74,21.74,0.0,40.55,40.55,0.0,64.01,64.01,0.0
2003-05-17,31.3,31.3,0.0,48.85,48.85,0.0,79.71,79.71,0.0
2003-05-18,30.02,30.02,0.0,43.5,43.5,0.0,72.29,72.29,0.0
2003-05-19,20.78,20.78,0.0,41.63,41.63,0.0,62.84,62.84,0.0
2003-05-20,24.6,24.6,0.0,42.75,42.75,0.0,66.68,66.68,0.0
2003-05-21,25.22,25.22,0.0,42.23,42.23,0.0,67.06,67.06,0.0
2003-05-22,24.37,24.37,0.0,38.95,38.95,0.0,63.58,63.58,0.0
2003-05-23,23.48,23.48,0.0,34.23,34.23,0.0,58.38,58.38,0.0
2003-05-24,23.34,23.34,0.0,36.07,36.07,0.0,59.83,59.83,0.0
2003-05-25,22.05,22.05,0.0,37.42,37.42,0.0,60.38,60.38,0.0
2003-05-26,22.32,22.32,0.0,37.63,37.63,0.0,59.7,59.7,0.0
2003-05-27,21.95,21.95,0.0,38.4,38.4,0.0,59.33,59.33,0.0
2003-05-28,20.11,20.11,0.0,36.12,36.12,0.0,56.58,56.58,0.0
2003-05-29,20.85,20.85,0.0,36.7,36.7,0.0,57.91,57.91,0.0
2003-05-30,21.56,21.56,0.0,36.71,36.71,0.0,58.41,58.41,0.0
2003-05-31,23.52,23.52,0.0,40.71,40.71,0.0,64.18,64.18,0.0
2003-06-01,21.66,21.66,0.0,36.2,36.2,0.0,58.09,58.09,0.0
2003-06-02,22.02,22.02,0.0,35.57,35.57,0.0,58.0,58.0,0.0
2003-06-03,32.38,32.38,0.0,44.56,44.56,0.0,74.29,74.29,0.0
2003-06-04,27.26,27.26,0.0,38.45,38.45,0.0,65.79,65.79,0.0
2003-06-05,24.45,24.45,0.0,37.93,37.93,0.0,62.79,62.79,0.0
2003-06-06,26.47,26.47,0.0,41.83,41.83,0.0,68.59,68.59,0.0
2003-06-07,27.13,27.13,0.0,43.72,43.72,0.0,70.78,70.78,0.0
2003-06-08,26.87,26.87,0.0,43.5,43.5,0.0,70.66,70.66,0.0
2003-06-09,23.85,23.85,0.0,39.2,39.2,0.0,61.28,61.28,0.0
2003-06-10,20.65,20.65,0.0,39.21,39.21,0.0,60.21,60.21,0.0
2003-06-11,22.07,22.07,0.0,39.52,39.52,0.0,61.88,61.88,0.0
2003-06-12,22.97,22.97,0.0,35.8,35.8,0.0,59.14,59.14,0.0
2003-06-13,25.11,25.11,0.0,39.07,39.07,0.0,64.37,64.37,0.0
2003-06-14,23.86,23.86,0.0,36.88,36.88,0.0,61.57,61.57,0.0
2003-06-15,25.52,25.52,0.0,38.26,38.26,0.0,64.0,64.0,0.0
2003-06-16,28.03,28.03,0.0,41.06,41.06,0.0,68.42,68.42,0.0
2003-06-17,26.92,26.92,0.0,41.7,41.7,0.0,68.84,68.84,0.0
2003-06-18,23.52,23.52,0.0,40.57,40.57,0.0,65.39,65.39,0.0
2003-06-19,25.52,25.52,0.0,40.63,40.63,0.0,67.0,67.0,0.0
2003-06-20,20.44,20.44,0.0,39.87,39.87,0.0,60.49,60.49,0.0
2003-06-21,21.64,21.64,0.0,39.65,39.65,0.0,61.21,61.21,0.0
2003-06-22,21.53,21.53,0.0,35.26,35.26,0.0,57.18,57.18,0.0
2003-06-23,21.78,21.78,0.0,35.97,35.97,0.0,58.12,58.12,0.0
2003-06-24,21.65,21.65,0.0,34.03,34.03,0.0,56.0,56.0,0.0
2003-06-25,21.29,21.29,0.0,33.96,33.96,0.0,55.56,55.56,0.0
2003-06-26,20.12,20.12,0.0,34.41,34.41,0.0,55.14,55.14,0.0
2003-06-27,19.91,19.91,0.0,34.21,34.21,0.0,54.19,54.19,0.0
2003-06-28,18.29,18.29,0.0,32.31,32.31,0.0,50.18,50.18,0.0
2003-06-29,17.65,17.65,0.0,32.12,32.12,0.0,49.86,49.86,0.0
2003-06-30,17.9,17.9,0.0,30.38,30.38,0.0,48.3,48.3,0.0
2003-07-01,17.56,17.56,0.0,29.59,29.59,0.0,47.39,47.39,0.0
2003-07-02,17.62,17.62,0.0,28.46,28.46,0.0,46.2,46.2,0.0
2003-07-03,16.96,16.96,0.0,28.16,28.16,0.0,45.27,45.27,0.0
2003-07-04,16.86,16.86,0.0,28.33,28.33,0.0,45.18,45.18,0.0
2003-07-05,16.65,16.65,0.0,28.1,28.1,0.0,44.66,44.66,0.0
2003-07-06,16.15,16.15,0.0,27.05,27.05,0.0,42.5,42.5,0.0
2003-07-07,15.6,15.6,0.0,29.05,29.05,0.0,46.07,46.07,0.0
2003-07-08,15.76,15.76,0.0,28.77,28.77,0.0,45.28,45.28,0.0
2003-07-09,16.23,16.23,0.0,30.29,30.29,0.0,47.58,47.58,0.0
2003-07-10,15.66,15.66,0.0,29.64,29.64,0.0,46.1,46.1,0.0
2003-07-11,15.5,15.5,0.0,28.62,28.62,0.0,44.68,44.68,0.0
2003-07-12,15.39,15.39,0.0,28.75,28.75,0.0,44.78,44.78,0.0
2003-07-13,14.73,14.73,0.0,26.86,26.86,0.0,42.23,42.23,0.0
2003-07-14,14.73,14.73,0.0,27.22,27.22,0.0,42.46,42.46,0.0
2003-07-15,14.52,14.52,0.0,24.51,24.51,0.0,38.86,38.86,0.0
2003-07-16,13.98,13.98,0.0,24.67,24.67,0.0,38.25,38.25,0.0
2003-07-17,12.82,12.82,0.0,25.15,25.15,0.0,38.34,38.34,0.0
2003-07-18,13.09,13.09,0.0,25.31,25.31,0.0,38.7,38.7,0.0
2003-07-19,12.84,12.84,0.0,24.92,24.92,0.0,38.05,38.05,0.0
2003-07-20,12.78,12.78,0.0,24.0,24.0,0.0,36.97,36.97,0.0
2003-07-21,12.61,12.61,0.0,23.12,23.12,0.0,35.87,35.87,0.0
2003-07-22,12.19,12.19,0.0,22.64,22.64,0.0,35.12,35.12,0.0
2003-07-23,12.03,12.03,0.0,22.06,22.06,0.0,34.31,34.31,0.0
2003-07-24,11.58,11.58,0.0,20.31,20.31,0.0,31.83,31.83,0.0
2003-07-25,11.06,11.06,0.0,20.7,20.7,0.0,31.61,31.61,0.0
2003-07-26,10.76,10.76,0.0,20.73,20.73,0.0,31.54,31.54,0.0
2003-07-27,11.01,11.01,0.0,21.29,21.29,0.0,32.72,32.72,0.0
2003-07-28,10.93,10.93,0.0,21.8,21.8,0.0,33.51,33.51,0.0
2003-07-29,10.37,10.37,0.0,19.9,19.9,0.0,30.43,30.43,0.0
2003-07-30,10.08,10.08,0.0,19.63,19.63,0.0,29.89,29.89,0.0
2003-07-31,10.04,10.04,0.0,18.9,18.9,0.0,29.19,29.19,0.0
2003-08-01,9.751,9.751,0.0,18.77,18.77,0.0,28.78,28.78,0.0
2003-08-02,9.589,9.589,0.0,17.81,17.81,0.0,27.78,27.78,0.0
2003-08-03,9.526,9.526,0.0,17.72,17.72,0.0,27.49,27.49,0.0
2003-08-04,9.458,9.458,0.0,18.77,18.77,0.0,29.15,29.15,0.0
2003-08-05,9.424,9.424,0.0,19.45,19.45,0.0,30.1,30.1,0.0
2003-08-06,9.126,9.126,0.0,18.82,18.82,0.0,29.06,29.06,0.0
2003-08-07,9.247,9.247,0.0,19.29,19.29,0.0,30.02,30.02,0.0
2003-08-08,9.351,9.351,0.0,19.42,19.42,0.0,30.42,30.42,0.0
2003-08-09,10.07,10.07,0.0,22.37,22.37,0.0,34.64,34.64,0.0
2003-08-10,10.86,10.86,0.0,24.54,24.54,0.0,38.49,38.49,0.0
2003-08-11,12.02,12.02,0.0,25.85,25.85,0.0,40.4,40.4,0.0
2003-08-12,12.22,12.22,0.0,25.88,25.88,0.0,41.09,41.09,0.0
2003-08-13,11.83,11.83,0.0,24.63,24.63,0.0,38.85,38.85,0.0
2003-08-14,11.59,11.59,0.0,24.37,24.37,0.0,38.31,38.31,0.0
2003-08-15,11.32,11.32,0.0,23.73,23.73,0.0,36.82,36.82,0.0
2003-08-16,10.04,10.04,0.0,22.04,22.04,0.0,35.19,35.19,0.0
2003-08-17,9.756,9.756,0.0,22.42,22.42,0.0,34.3,34.3,0.0
2003-08-18,9.503,9.503,0.0,20.29,20.29,0.0,31.93,31.93,0.0
2003-08-19,9.544,9.544,0.0,20.31,20.31,0.0,32.18,32.18,0.0
2003-08-20,9.608,9.608,0.0,21.16,21.16,0.0,33.08,33.08,0.0
2003-08-21,9.513,9.513,0.0,21.41,21.41,0.0,33.19,33.19,0.0
2003-08-22,9.327,9.327,0.0,21.29,21.29,0.0,32.2,32.2,0.0
2003-08-23,9.119,9.119,0.0,20.96,20.96,0.0,31.86,31.86,0.0
2003-08-24,8.238,8.238,0.0,20.01,20.01,0.0,30.48,30.48,0.0
2003-08-25,8.145,8.145,0.0,18.14,18.14,0.0,28.06,28.06,0.0
2003-08-26,7.995,7.995,0.0,17.21,17.21,0.0,27.07,27.07,0.0
2003-08-27,8.225,8.225,0.0,17.86,17.86,0.0,28.33,28.33,0.0
2003-08-28,7.906,7.906,0.0,17.7,17.7,0.0,27.45,27.45,0.0
2003-08-29,7.884,7.884,0.0,17.99,17.99,0.0,27.76,27.76,0.0
2003-08-30,7.86,7.86,0.0,18.2,18.2,0.0,28.05,28.05,0.0
2003-08-31,7.656,7.656,0.0,17.96,17.96,0.0,27.13,27.13,0.0
2003-09-01,7.78,7.78,0.0,18.48,18.48,0.0,28.14,28.14,0.0
2003-09-02,8.101,8.101,0.0,20.01,20.01,0.0,30.22,30.22,0.0
2003-09-03,9.143,9.143,0.0,25.16,25.16,0.0,37.06,37.06,0.0
2003-09-04,9.246,9.246,0.0,22.84,22.84,0.0,34.07,34.07,0.0
2003-09-05,9.261,9.261,0.0,22.22,22.22,0.0,33.34,33.34,0.0
2003-09-06,9.155,9.155,0.0,21.99,21.99,0.0,32.96,32.96,0.0
2003-09-07,8.417,8.417,0.0,20.69,20.69,0.0,30.69,30.69,0.0
2003-09-08,8.042,8.042,0.0,17.94,17.94,0.0,27.52,27.52,0.0
2003-09-09,7.762,7.762,0.0,16.78,16.78,0.0,26.3,26.3,0.0
2003-09-10,7.339,7.339,0.0,18.09,18.09,0.0,26.92,26.92,0.0
2003-09-11,7.548,7.548,0.0,18.55,18.55,0.0,27.59,27.59,0.0
2003-09-12,7.654,7.654,0.0,18.91,18.91,0.0,28.16,28.16,0.0
2003-09-13,7.544,7.544,0.0,18.68,18.68,0.0,27.76,27.76,0.0
2003-09-14,7.388,7.388,0.0,18.3,18.3,0.0,27.14,27.14,0.0
2003-09-15,8.402,8.402,0.0,21.32,21.32,0.0,31.31,31.31,0.0
2003-09-16,6.855,6.855,0.0,18.92,18.92,0.0,26.91,26.91,0.0
2003-09-17,17.83,17.83,0.0,17.59,17.59,0.0,40.03,40.03,0.0
2003-09-18,26.53,26.53,0.0,56.89,56.89,0.0,93.95,93.95,0.0
2003-09-19,20.38,20.38,0.0,33.96,33.96,0.0,56.65,56.65,0.0
2003-09-20,15.89,15.89,0.0,28.94,28.94,0.0,47.56,47.56,0.0
2003-09-21,15.62,15.62,0.0,28.53,28.53,0.0,46.58,46.58,0.0
2003-09-22,17.59,17.59,0.0,29.85,29.85,0.0,49.39,49.39,0.0
2003-09-23,15.54,15.54,0.0,24.54,24.54,0.0,42.36,42.36,0.0
2003-09-24,15.14,15.14,0.0,22.39,22.39,0.0,38.21,38.21,0.0
2003-09-25,13.17,13.17,0.0,24.5,24.5,0.0,39.71,39.71,0.0
2003-09-26,10.46,10.46,0.0,23.09,23.09,0.0,35.62,35.62,0.0
2003-09-27,11.97,11.97,0.0,24.98,24.98,0.0,39.0,39.0,0.0
2003-09-28,12.45,12.45,0.0,25.26,25.26,0.0,39.55,39.55,0.0
2003-09-29,12.53,12.53,0.0,25.04,25.04,0.0,39.24,39.24,0.0
2003-09-30,12.55,12.55,0.0,25.04,25.04,0.0,39.3,39.3,0.0
2003-10-01,12.32,12.32,0.0,24.49,24.49,0.0,37.7,37.7,0.0
2003-10-02,11.23,11.23,0.0,21.32,21.32,0.0,34.09,34.09,0.0
2003-10-03,10.92,10.92,0.0,20.13,20.13,0.0,32.56,32.56,0.0
2003-10-04,10.17,10.17,0.0,21.25,21.25,0.0,33.33,33.33,0.0
2003-10-05,10.15,10.15,0.0,20.67,20.67,0.0,32.15,32.15,0.0
2003-10-06,10.41,10.41,0.0,20.65,20.65,0.0,32.36,32.36,0.0
2003-10-07,10.43,10.43,0.0,20.92,20.92,0.0,32.63,32.63,0.0
2003-10-08,10.32,10.32,0.0,20.83,20.83,0.0,32.41,32.41,0.0
2003-10-09,10.14,10.14,0.0,20.57,20.57,0.0,31.94,31.94,0.0
2003-10-10,9.942,9.942,0.0,20.21,20.21,0.0,30.95,30.95,0.0
2003-10-11,9.237,9.237,0.0,17.49,17.49,0.0,27.91,27.91,0.0
2003-10-12,8.694,8.694,0.0,17.19,17.19,0.0,27.11,27.11,0.0
2003-10-13,8.361,8.361,0.0,17.75,17.75,0.0,27.25,27.25,0.0
2003-10-14,10.3,10.3,0.0,20.19,20.19,0.0,32.4,32.4,0.0
2003-10-15,9.662,9.662,0.0,17.81,17.81,0.0,28.67,28.67,0.0
2003-10-16,9.728,9.728,0.0,18.04,18.04,0.0,28.87,28.87,0.0
2003-10-17,9.704,9.704,0.0,18.23,18.23,0.0,29.11,29.11,0.0
2003-10-18,9.467,9.467,0.0,17.84,17.84,0.0,28.37,28.37,0.0
2003-10-19,9.27,9.27,0.0,17.56,17.56,0.0,27.85,27.85,0.0
2003-10-20,9.063,9.063,0.0,17.23,17.23,0.0,26.81,26.81,0.0
2003-10-21,7.981,7.981,0.0,14.43,14.43,0.0,23.6,23.6,0.0
2003-10-22,7.572,7.572,0.0,15.26,15.26,0.0,23.9,23.9,0.0
2003-10-23,7.845,7.845,0.0,15.03,15.03,0.0,23.79,23.79,0.0
2003-10-24,7.935,7.935,0.0,14.97,14.97,0.0,23.79,23.79,0.0
2003-10-25,7.892,7.892,0.0,15.05,15.05,0.0,23.81,23.81,0.0
2003-10-26,8.006,8.006,0.0,15.41,15.41,0.0,24.44,24.44,0.0
2003-10-27,8.112,8.112,0.0,16.01,16.01,0.0,25.14,25.14,0.0
2003-10-28,8.01,8.01,0.0,16.01,16.01,0.0,24.77,24.77,0.0
2003-10-29,7.881,7.881,0.0,16.02,16.02,0.0,24.31,24.31,0.0
2003-10-30,7.095,7.095,0.0,15.67,15.67,0.0,23.5,23.5,0.0
2003-10-31,7.238,7.238,0.0,15.43,15.43,0.0,23.16,23.16,0.0
2003-11-01,7.234,7.234,0.0,13.62,13.62,0.0,21.19,21.19,0.0
2003-11-02,6.718,6.718,0.0,13.09,13.09,0.0,20.45,20.45,0.0
2003-11-03,6.606,6.606,0.0,13.0,13.0,0.0,20.27,20.27,0.0
2003-11-04,6.668,6.668,0.0,13.42,13.42,0.0,20.66,20.66,0.0
2003-11-05,6.902,6.902,0.0,14.19,14.19,0.0,21.92,21.92,0.0
2003-11-06,6.681,6.681,0.0,13.81,13.81,0.0,21.09,21.09,0.0
2003-11-07,6.495,6.495,0.0,13.43,13.43,0.0,20.19,20.19,0.0
2003-11-08,5.938,5.938,0.0,13.18,13.18,0.0,19.68,19.68,0.0
2003-11-09,6.028,6.028,0.0,12.96,12.96,0.0,19.38,19.38,0.0
2003-11-10,6.16,6.16,0.0,12.09,12.09,0.0,18.54,18.54,0.0
2003-11-11,7.515,7.515,0.0,17.04,17.04,0.0,26.23,26.23,0.0
2003-11-12,10.28,10.28,0.0,21.97,21.97,0.0,31.99,31.99,0.0
2003-11-13,8.562,8.562,0.0,18.49,18.49,0.0,27.41,27.41,0.0
2003-11-14,8.573,8.573,0.0,18.43,18.43,0.0,27.31,27.31,0.0
2003-11-15,8.59,8.59,0.0,18.7,18.7,0.0,27.76,27.76,0.0
2003-11-16,8.545,8.545,0.0,18.79,18.79,0.0,27.74,27.74,0.0
2003-11-17,8.256,8.256,0.0,17.64,17.64,0.0,26.24,26.24,0.0
2003-11-18,15.92,15.92,0.0,24.04,24.04,0.0,38.32,38.32,0.0
2003-11-19,25.58,25.58,0.0,37.63,37.63,0.0,57.89,57.89,0.0
2003-11-20,13.42,13.42,0.0,26.82,26.82,0.0,40.11,40.11,0.0
2003-11-21,12.78,12.78,0.0,25.93,25.93,0.0,38.42,38.42,0.0
2003-11-22,12.62,12.62,0.0,23.52,23.52,0.0,35.07,35.07,0.0
2003-11-23,9.14,9.14,0.0,20.43,20.43,0.0,30.19,30.19,0.0
2003-11-24,9.519,9.519,0.0,20.19,20.19,0.0,30.49,30.49,0.0
2003-11-25,10.37,10.37,0.0,22.15,22.15,0.0,31.97,31.97,0.0
2003-11-26,10.88,10.88,0.0,23.15,23.15,0.0,33.55,33.55,0.0
2003-11-27,11.39,11.39,0.0,22.84,22.84,0.0,33.84,33.84,0.0
2003-11-28,13.96,13.96,0.0,27.13,27.13,0.0,39.98,39.98,0.0
2003-11-29,12.17,12.17,0.0,25.52,25.52,0.0,37.16,37.16,0.0
2003-11-30,11.72,11.72,0.0,25.3,25.3,0.0,36.57,36.57,0.0
2003-12-01,11.49,11.49,0.0,25.03,25.03,0.0,35.62,35.62,0.0
2003-12-02,10.76,10.76,0.0,22.94,22.94,0.0,33.04,33.04,0.0
2003-12-03,9.138,9.138,0.0,18.04,18.04,0.0,27.46,27.46,0.0
2003-12-04,8.943,8.943,0.0,20.37,20.37,0.0,29.25,29.25,0.0
2003-12-05,9.641,9.641,0.0,21.64,21.64,0.0,31.11,31.11,0.0
2003-12-06,9.843,9.843,0.0,21.16,21.16,0.0,30.72,30.72,0.0
2003-12-07,9.814,9.814,0.0,21.22,21.22,0.0,30.64,30.64,0.0
2003-12-08,9.738,9.738,0.0,21.37,21.37,0.0,30.79,30.79,0.0
2003-12-09,10.7,10.7,0.0,22.0,22.0,0.0,31.98,31.98,0.0
2003-12-10,19.34,19.34,0.0,48.98,48.98,0.0,65.57,65.57,0.0
2003-12-11,9.569,9.569,0.0,24.11,24.11,0.0,34.31,34.31,0.0
2003-12-12,7.81,7.81,0.0,18.41,18.41,0.0,26.87,26.87,0.0
2003-12-13,8.565,8.565,0.0,19.79,19.79,0.0,28.75,28.75,0.0
2003-12-14,8.919,8.919,0.0,18.77,18.77,0.0,28.0,28.0,0.0
2003-12-15,13.61,13.61,0.0,20.48,20.48,0.0,32.72,32.72,0.0
2003-12-16,16.23,16.23,0.0,30.15,30.15,0.0,47.97,47.97,0.0
2003-12-17,11.85,11.85,0.0,20.48,20.48,0.0,31.66,31.66,0.0
2003-12-18,10.47,10.47,0.0,19.41,19.41,0.0,29.49,29.49,0.0
2003-12-19,10.49,10.49,0.0,19.27,19.27,0.0,29.39,29.39,0.0
2003-12-20,10.39,10.39,0.0,18.37,18.37,0.0,28.32,28.32,0.0
2003-12-21,9.495,9.495,0.0,19.37,19.37,0.0,29.29,29.29,0.0
2003-12-22,10.19,10.19,0.0,21.75,21.75,0.0,35.04,35.04,0.0
2003-12-23,10.41,10.41,0.0,38.91,38.91,0.0,50.18,50.18,0.0
2003-12-24,10.66,10.66,0.0,20.05,20.05,0.0,30.75,30.75,0.0
2003-12-25,9.739,9.739,0.0,16.81,16.81,0.0,27.04,27.04,0.0
2003-12-26,9.583,9.583,0.0,17.18,17.18,0.0,26.86,26.86,0.0
2003-12-27,8.911,8.911,0.0,18.39,18.39,0.0,27.21,27.21,0.0
2003-12-28,9.361,9.361,0.0,18.21,18.21,0.0,27.52,27.52,0.0
2003-12-29,10.22,10.22,0.0,18.94,18.94,0.0,29.0,29.0,0.0
2003-12-30,10.88,10.88,0.0,19.22,19.22,0.0,29.75,29.75,0.0
2003-12-31,11.28,11.28,0.0,19.38,19.38,0.0,30.37,30.37,0.0
2004-01-01,12.25,12.25,0.0,20.25,20.25,0.0,32.13,32.13,0.0
2004-01-02,12.41,12.41,0.0,21.3,21.3,0.0,33.58,33.58,0.0
2004-01-03,12.5,12.5,0.0,22.84,22.84,0.0,35.16,35.16,0.0
2004-01-04,10.69,10.69,0.0,22.99,22.99,0.0,34.56,34.56,0.0
2004-01-05,11.75,11.75,0.0,25.19,25.19,0.0,36.36,36.36,0.0
2004-01-06,11.17,11.17,0.0,23.67,23.67,0.0,34.07,34.07,0.0
2004-01-07,9.605,9.605,0.0,23.72,23.72,0.0,33.36,33.36,0.0
2004-01-08,10.47,10.47,0.0,21.53,21.53,0.0,31.91,31.91,0.0
2004-01-09,10.79,10.79,0.0,22.65,22.65,0.0,33.29,33.29,0.0
2004-01-10,10.84,10.84,0.0,22.07,22.07,0.0,32.75,32.75,0.0
2004-01-11,10.75,10.75,0.0,21.06,21.06,0.0,31.63,31.63,0.0
2004-01-12,9.973,9.973,0.0,21.36,21.36,0.0,30.9,30.9,0.0
2004-01-13,9.558,9.558,0.0,20.09,20.09,0.0,29.56,29.56,0.0
2004-01-14,9.845,9.845,0.0,20.58,20.58,0.0,30.45,30.45,0.0
2004-01-15,9.352,9.352,0.0,18.13,18.13,0.0,26.87,26.87,0.0
2004-01-16,8.313,8.313,0.0,17.11,17.11,0.0,25.54,25.54,0.0
2004-01-17,8.806,8.806,0.0,17.42,17.42,0.0,26.27,26.27,0.0
2004-01-18,8.931,8.931,0.0,17.1,17.1,0.0,26.0,26.0,0.0
2004-01-19,8.86,8.86,0.0,17.14,17.14,0.0,25.86,25.86,0.0
2004-01-20,8.755,8.755,0.0,17.08,17.08,0.0,25.67,25.67,0.0
2004-01-21,8.282,8.282,0.0,16.81,16.81,0.0,24.74,24.74,0.0
2004-01-22,7.863,7.863,0.0,16.53,16.53,0.0,24.35,24.35,0.0
2004-01-23,8.069,8.069,0.0,15.36,15.36,0.0,23.46,23.46,0.0
2004-01-24,7.479,7.479,0.0,14.46,14.46,0.0,21.75,21.75,0.0
2004-01-25,7.371,7.371,0.0,14.73,14.73,0.0,22.36,22.36,0.0
2004-01-26,7.325,7.325,0.0,13.7,13.7,0.0,20.93,20.93,0.0
2004-01-27,7.485,7.485,0.0,14.24,14.24,0.0,21.77,21.77,0.0
2004-01-28,7.303,7.303,0.0,13.89,13.89,0.0,21.06,21.06,0.0
2004-01-29,7.244,7.244,0.0,13.86,13.86,0.0,21.02,21.02,0.0
2004-01-30,6.828,6.828,0.0,13.47,13.47,0.0,20.02,20.02,0.0
2004-01-31,6.481,6.481,0.0,12.56,12.56,0.0,18.97,18.97,0.0
2004-02-01,6.544,6.544,0.0,11.78,11.78,0.0,18.2,18.2,0.0
2004-02-02,6.406,6.406,0.0,12.37,12.37,0.0,18.98,18.98,0.0
2004-02-03,6.379,6.379,0.0,12.84,12.84,0.0,19.59,19.59,0.0
2004-02-04,6.066,6.066,0.0,11.8,11.8,0.0,17.71,17.71,0.0
2004-02-05,6.79,6.79,0.0,13.64,13.64,0.0,21.21,21.21,0.0
2004-02-06,6.467,6.467,0.0,13.76,13.76,0.0,20.88,20.88,0.0
2004-02-07,6.168,6.168,0.0,12.24,12.24,0.0,18.58,18.58,0.0
2004-02-08,5.663,5.663,0.0,11.42,11.42,0.0,17.03,17.03,0.0
2004-02-09,5.379,5.379,0.0,11.41,11.41,0.0,16.96,16.96,0.0
2004-02-10,6.554,6.554,0.0,12.9,12.9,0.0,20.46,20.46,0.0
2004-02-11,6.733,6.733,0.0,12.33,12.33,0.0,19.55,19.55,0.0
2004-02-12,7.854,7.854,0.0,14.0,14.0,0.0,23.13,23.13,0.0
2004-02-13,8.412,8.412,0.0,13.96,13.96,0.0,22.99,22.99,0.0
2004-02-14,5.901,5.901,0.0,12.42,12.42,0.0,19.25,19.25,0.0
2004-02-15,5.267,5.267,0.0,10.67,10.67,0.0,16.15,16.15,0.0
2004-02-16,5.22,5.22,0.0,10.27,10.27,0.0,15.69,15.69,0.0
2004-02-17,5.155,5.155,0.0,10.34,10.34,0.0,15.71,15.71,0.0
2004-02-18,8.051,8.051,0.0,13.45,13.45,0.0,21.86,21.86,0.0
2004-02-19,14.54,14.54,0.0,40.56,40.56,0.0,57.18,57.18,0.0
2004-02-20,17.15,17.15,0.0,51.37,51.37,0.0,63.57,63.57,0.0
2004-02-21,11.53,11.53,0.0,17.31,17.31,0.0,26.84,26.84,0.0
2004-02-22,9.361,9.361,0.0,14.42,14.42,0.0,22.81,22.81,0.0
2004-02-23,9.222,9.222,0.0,15.6,15.6,0.0,24.0,24.0,0.0
2004-02-24,9.463,9.463,0.0,15.31,15.31,0.0,23.6,23.6,0.0
2004-02-25,6.464,6.464,0.0,15.25,15.25,0.0,22.31,22.31,0.0
2004-02-26,6.518,6.518,0.0,15.25,15.25,0.0,22.3,22.3,0.0
2004-02-27,7.2,7.2,0.0,17.85,17.85,0.0,24.47,24.47,0.0
2004-02-28,7.923,7.923,0.0,28.48,28.48,0.0,36.04,36.04,0.0
2004-02-29,9.175,9.175,0.0,41.21,41.21,0.0,50.08,50.08,0.0
2004-03-01,10.03,10.03,0.0,49.34,49.34,0.0,58.98,58.98,0.0
2004-03-02,10.44,10.44,0.0,28.89,28.89,0.0,38.82,38.82,0.0
2004-03-03,10.87,10.87,0.0,31.01,31.01,0.0,41.7,41.7,0.0
2004-03-04,10.59,10.59,0.0,25.16,25.16,0.0,35.42,35.42,0.0
2004-03-05,12.85,12.85,0.0,30.78,30.78,0.0,43.09,43.09,0.0
2004-03-06,13.43,13.43,0.0,32.92,32.92,0.0,45.59,45.59,0.0
2004-03-07,12.64,12.64,0.0,32.56,32.56,0.0,45.01,45.01,0.0
2004-03-08,9.459,9.459,0.0,32.07,32.07,0.0,41.92,41.92,0.0
2004-03-09,9.442,9.442,0.0,31.29,31.29,0.0,39.98,39.98,0.0
2004-03-10,9.809,9.809,0.0,23.38,23.38,0.0,32.94,32.94,0.0
2004-03-11,10.45,10.45,0.0,24.06,24.06,0.0,34.25,34.25,0.0
2004-03-12,10.68,10.68,0.0,23.44,23.44,0.0,33.86,33.86,0.0
2004-03-13,10.68,10.68,0.0,25.54,25.54,0.0,35.97,35.97,0.0
2004-03-14,10.63,10.63,0.0,26.88,26.88,0.0,37.35,37.35,0.0
2004-03-15,11.61,11.61,0.0,28.87,28.87,0.0,40.35,40.35,0.0
2004-03-16,12.87,12.87,0.0,31.59,31.59,0.0,44.2,44.2,0.0
2004-03-17,12.8,12.8,0.0,30.27,30.27,0.0,42.84,42.84,0.0
2004-03-18,14.06,14.06,0.0,31.92,31.92,0.0,45.82,45.82,0.0
2004-03-19,12.31,12.31,0.0,27.2,27.2,0.0,39.82,39.82,0.0
2004-03-20,14.43,14.43,0.0,33.16,33.16,0.0,46.42,46.42,0.0
2004-03-21,10.34,10.34,0.0,31.31,31.31,0.0,42.23,42.23,0.0
2004-03-22,11.05,11.05,0.0,28.04,28.04,0.0,38.5,38.5,0.0
2004-03-23,11.51,11.51,0.0,26.33,26.33,0.0,37.52,37.52,0.0
2004-03-24,11.65,11.65,0.0,28.17,28.17,0.0,39.69,39.69,0.0
2004-03-25,11.55,11.55,0.0,28.95,28.95,0.0,40.41,40.41,0.0
2004-03-26,10.93,10.93,0.0,29.35,29.35,0.0,40.53,40.53,0.0
2004-03-27,10.04,10.04,0.0,29.32,29.32,0.0,40.02,40.02,0.0
2004-03-28,10.32,10.32,0.0,26.56,26.56,0.0,36.71,36.71,0.0
2004-03-29,9.291,9.291,0.0,26.03,26.03,0.0,35.83,35.83,0.0
2004-03-30,10.21,10.21,0.0,27.57,27.57,0.0,38.09,38.09,0.0
2004-03-31,10.23,10.23,0.0,27.95,27.95,0.0,38.54,38.54,0.0
2004-04-01,11.48,11.48,0.0,31.99,31.99,0.0,44.66,44.66,0.0
2004-04-02,11.27,11.27,0.0,29.88,29.88,0.0,41.9,41.9,0.0
2004-04-03,11.24,11.24,0.0,26.89,26.89,0.0,38.01,38.01,0.0
2004-04-04,10.87,10.87,0.0,28.94,28.94,0.0,40.38,40.38,0.0
2004-04-05,10.64,10.64,0.0,28.34,28.34,0.0,39.47,39.47,0.0
2004-04-06,9.813,9.813,0.0,29.16,29.16,0.0,39.86,39.86,0.0
2004-04-07,9.486,9.486,0.0,28.38,28.38,0.0,38.34,38.34,0.0
2004-04-08,9.158,9.158,0.0,29.08,29.08,0.0,39.15,39.15,0.0
2004-04-09,9.395,9.395,0.0,26.4,26.4,0.0,36.22,36.22,0.0
2004-04-10,9.3,9.3,0.0,27.5,27.5,0.0,37.53,37.53,0.0
2004-04-11,11.09,11.09,0.0,29.68,29.68,0.0,41.43,41.43,0.0
2004-04-12,16.72,16.72,0.0,36.08,36.08,0.0,52.13,52.13,0.0
2004-04-13,20.66,20.66,0.0,38.84,38.84,0.0,57.58,57.58,0.0
2004-04-14,14.69,14.69,0.0,34.92,34.92,0.0,50.19,50.19,0.0
2004-04-15,14.32,14.32,0.0,32.77,32.77,0.0,47.5,47.5,0.0
2004-04-16,14.11,14.11,0.0,28.04,28.04,0.0,41.58,41.58,0.0
2004-04-17,13.75,13.75,0.0,29.5,29.5,0.0,43.12,43.12,0.0
2004-04-18,12.98,12.98,0.0,27.78,27.78,0.0,40.27,40.27,0.0
2004-04-19,10.04,10.04,0.0,27.87,27.87,0.0,38.83,38.83,0.0
2004-04-20,10.54,10.54,0.0,28.91,28.91,0.0,40.36,40.36,0.0
2004-04-21,11.36,11.36,0.0,29.12,29.12,0.0,41.02,41.02,0.0
2004-04-22,11.72,11.72,0.0,29.07,29.07,0.0,41.21,41.21,0.0
2004-04-23,11.99,11.99,0.0,29.78,29.78,0.0,42.34,42.34,0.0
2004-04-24,12.66,12.66,0.0,30.01,30.01,0.0,42.92,42.92,0.0
2004-04-25,20.7,20.7,0.0,38.86,38.86,0.0,57.7,57.7,0.0
2004-04-26,18.27,18.27,0.0,36.21,36.21,0.0,53.54,53.54,0.0
2004-04-27,16.01,16.01,0.0,34.58,34.58,0.0,50.48,50.48,0.0
2004-04-28,15.51,15.51,0.0,30.14,30.14,0.0,44.64,44.64,0.0
2004-04-29,15.24,15.24,0.0,30.04,30.04,0.0,44.64,44.64,0.0
2004-04-30,11.09,11.09,0.0,27.31,27.31,0.0,38.76,38.76,0.0
2004-05-01,12.54,12.54,0.0,29.29,29.29,0.0,42.34,42.34,0.0
2004-05-02,19.48,19.48,0.0,35.19,35.19,0.0,53.32,53.32,0.0
2004-05-03,15.91,15.91,0.0,32.87,32.87,0.0,48.79,48.79,0.0
2004-05-04,15.81,15.81,0.0,32.53,32.53,0.0,48.24,48.24,0.0
2004-05-05,15.79,15.79,0.0,31.42,31.42,0.0,47.11,47.11,0.0
2004-05-06,15.5,15.5,0.0,31.12,31.12,0.0,46.42,46.42,0.0
2004-05-07,15.33,15.33,0.0,31.65,31.65,0.0,47.01,47.01,0.0
2004-05-08,12.98,12.98,0.0,27.01,27.01,0.0,39.4,39.4,0.0
2004-05-09,12.13,12.13,0.0,25.1,25.1,0.0,37.07,37.07,0.0
2004-05-10,12.23,12.23,0.0,26.83,26.83,0.0,39.18,39.18,0.0
2004-05-11,14.02,14.02,0.0,28.73,28.73,0.0,42.43,42.43,0.0
2004-05-12,14.14,14.14,0.0,29.65,29.65,0.0,43.55,43.55,0.0
2004-05-13,15.72,15.72,0.0,30.88,30.88,0.0,45.79,45.79,0.0
2004-05-14,14.68,14.68,0.0,32.0,32.0,0.0,47.11,47.11,0.0
2004-05-15,15.93,15.93,0.0,32.5,32.5,0.0,48.74,48.74,0.0
2004-05-16,17.16,17.16,0.0,31.94,31.94,0.0,48.8,48.8,0.0
2004-05-17,18.89,18.89,0.0,33.28,33.28,0.0,51.35,51.35,0.0
2004-05-18,19.48,19.48,0.0,34.35,34.35,0.0,53.56,53.56,0.0
2004-05-19,17.51,17.51,0.0,34.05,34.05,0.0,52.27,52.27,0.0
2004-05-20,17.59,17.59,0.0,33.84,33.84,0.0,51.92,51.92,0.0
2004-05-21,21.24,21.24,0.0,32.39,32.39,0.0,51.88,51.88,0.0
2004-05-22,13.89,13.89,0.0,30.46,30.46,0.0,44.43,44.43,0.0
2004-05-23,13.96,13.96,0.0,29.02,29.02,0.0,43.45,43.45,0.0
2004-05-24,15.03,15.03,0.0,30.6,30.6,0.0,45.9,45.9,0.0
2004-05-25,15.62,15.62,0.0,31.66,31.66,0.0,47.7,47.7,0.0
2004-05-26,18.61,18.61,0.0,33.14,33.14,0.0,51.17,51.17,0.0
2004-05-27,22.33,22.33,0.0,39.4,39.4,0.0,60.51,60.51,0.0
2004-05-28,19.5,19.5,0.0,35.58,35.58,0.0,54.62,54.62,0.0
2004-05-29,17.91,17.91,0.0,33.43,33.43,0.0,51.21,51.21,0.0
2004-05-30,17.68,17.68,0.0,33.46,33.46,0.0,50.96,50.96,0.0
2004-05-31,17.36,17.36,0.0,30.04,30.04,0.0,46.51,46.51,0.0
2004-06-01,13.66,13.66,0.0,28.75,28.75,0.0,42.29,42.29,0.0
2004-06-02,13.6,13.6,0.0,27.74,27.74,0.0,41.54,41.54,0.0
2004-06-03,14.69,14.69,0.0,29.08,29.08,0.0,43.71,43.71,0.0
2004-06-04,16.57,16.57,0.0,30.45,30.45,0.0,46.39,46.39,0.0
2004-06-05,16.16,16.16,0.0,30.29,30.29,0.0,45.86,45.86,0.0
2004-06-06,15.69,15.69,0.0,29.88,29.88,0.0,45.02,45.02,0.0
2004-06-07,15.43,15.43,0.0,28.61,28.61,0.0,43.45,43.45,0.0
2004-06-08,15.11,15.11,0.0,28.37,28.37,0.0,42.88,42.88,0.0
2004-06-09,13.36,13.36,0.0,25.67,25.67,0.0,38.19,38.19,0.0
2004-06-10,12.93,12.93,0.0,23.77,23.77,0.0,36.29,36.29,0.0
2004-06-11,13.25,13.25,0.0,28.8,28.8,0.0,43.52,43.52,0.0
2004-06-12,13.06,13.06,0.0,27.42,27.42,0.0,40.67,40.67,0.0
2004-06-13,13.16,13.16,0.0,27.54,27.54,0.0,40.77,40.77,0.0
2004-06-14,13.3,13.3,0.0,27.96,27.96,0.0,41.39,41.39,0.0
2004-06-15,13.65,13.65,0.0,28.41,28.41,0.0,42.2,42.2,0.0
2004-06-16,13.85,13.85,0.0,28.76,28.76,0.0,42.63,42.63,0.0
2004-06-17,13.9,13.9,0.0,30.17,30.17,0.0,44.48,44.48,0.0
2004-06-18,13.62,13.62,0.0,31.05,31.05,0.0,45.3,45.3,0.0
2004-06-19,12.58,12.58,0.0,28.63,28.63,0.0,41.2,41.2,0.0
2004-06-20,10.43,10.43,0.0,28.42,28.42,0.0,39.69,39.69,0.0
2004-06-21,11.21,11.21,0.0,23.06,23.06,0.0,34.16,34.16,0.0
2004-06-22,11.69,11.69,0.0,24.09,24.09,0.0,36.07,36.07,0.0
2004-06-23,11.5,11.5,0.0,24.96,24.96,0.0,36.58,36.58,0.0
2004-06-24,11.35,11.35,0.0,25.44,25.44,0.0,36.94,36.94,0.0
2004-06-25,11.31,11.31,0.0,25.93,25.93,0.0,37.56,37.56,0.0
2004-06-26,10.95,10.95,0.0,25.33,25.33,0.0,36.43,36.43,0.0
2004-06-27,10.72,10.72,0.0,24.91,24.91,0.0,35.77,35.77,0.0
2004-06-28,9.83,9.83,0.0,24.48,24.48,0.0,34.51,34.51,0.0
2004-06-29,9.023,9.023,0.0,22.37,22.37,0.0,31.79,31.79,0.0
2004-06-30,9.358,9.358,0.0,19.33,19.33,0.0,28.56,28.56,0.0
2004-07-01,9.43,9.43,0.0,20.59,20.59,0.0,29.98,29.98,0.0
2004-07-02,9.352,9.352,0.0,21.09,21.09,0.0,30.45,30.45,0.0
2004-07-03,9.296,9.296,0.0,21.35,21.35,0.0,30.8,30.8,0.0
2004-07-04,9.192,9.192,0.0,21.35,21.35,0.0,30.82,30.82,0.0
2004-07-05,8.881,8.881,0.0,20.7,20.7,0.0,29.71,29.71,0.0
2004-07-06,8.472,8.472,0.0,20.17,20.17,0.0,28.59,28.59,0.0
2004-07-07,7.935,7.935,0.0,19.56,19.56,0.0,27.84,27.84,0.0
2004-07-08,7.649,7.649,0.0,18.64,18.64,0.0,26.49,26.49,0.0
2004-07-09,7.752,7.752,0.0,16.46,16.46,0.0,24.11,24.11,0.0
2004-07-10,7.859,7.859,0.0,17.61,17.61,0.0,25.61,25.61,0.0
2004-07-11,7.64,7.64,0.0,17.49,17.49,0.0,25.14,25.14,0.0
2004-07-12,7.688,7.688,0.0,17.97,17.97,0.0,25.91,25.91,0.0
2004-07-13,7.42,7.42,0.0,17.44,17.44,0.0,24.96,24.96,0.0
2004-07-14,7.008,7.008,0.0,17.08,17.08,0.0,24.27,24.27,0.0
2004-07-15,6.947,6.947,0.0,16.71,16.71,0.0,23.75,23.75,0.0
2004-07-16,6.857,6.857,0.0,16.38,16.38,0.0,23.15,23.15,0.0
2004-07-17,6.351,6.351,0.0,15.02,15.02,0.0,21.55,21.55,0.0
2004-07-18,6.451,6.451,0.0,14.64,14.64,0.0,21.09,21.09,0.0
2004-07-19,6.362,6.362,0.0,14.41,14.41,0.0,20.74,20.74,0.0
2004-07-20,6.288,6.288,0.0,14.53,14.53,0.0,20.81,20.81,0.0
2004-07-21,6.185,6.185,0.0,14.45,14.45,0.0,20.64,20.64,0.0
2004-07-22,6.189,6.189,0.0,14.72,14.72,0.0,21.18,21.18,0.0
2004-07-23,5.973,5.973,0.0,14.34,14.34,0.0,20.52,20.52,0.0
2004-07-24,5.804,5.804,0.0,13.8,13.8,0.0,19.64,19.64,0.0
2004-07-25,5.637,5.637,0.0,13.3,13.3,0.0,19.01,19.01,0.0
2004-07-26,5.792,5.792,0.0,14.37,14.37,0.0,20.6,20.6,0.0
2004-07-27,5.37,5.37,0.0,12.87,12.87,0.0,18.24,18.24,0.0
2004-07-28,5.328,5.328,0.0,12.21,12.21,0.0,17.52,17.52,0.0
2004-07-29,5.276,5.276,0.0,12.08,12.08,0.0,17.35,17.35,0.0
2004-07-30,5.247,5.247,0.0,12.27,12.27,0.0,17.58,17.58,0.0
2004-07-31,5.319,5.319,0.0,12.79,12.79,0.0,18.43,18.43,0.0
2004-08-01,5.034,5.034,0.0,12.11,12.11,0.0,17.17,17.17,0.0
2004-08-02,4.9,4.9,0.0,11.92,11.92,0.0,16.87,16.87,0.0
2004-08-03,4.84,4.84,0.0,11.71,11.71,0.0,16.58,16.58,0.0
2004-08-04,4.802,4.802,0.0,11.62,11.62,0.0,16.6,16.6,0.0
2004-08-05,4.66,4.66,0.0,10.85,10.85,0.0,15.34,15.34,0.0
2004-08-06,4.422,4.422,0.0,10.73,10.73,0.0,15.1,15.1,0.0
2004-08-07,4.346,4.346,0.0,10.33,10.33,0.0,14.68,14.68,0.0
2004-08-08,4.338,4.338,0.0,10.14,10.14,0.0,14.48,14.48,0.0
2004-08-09,4.292,4.292,0.0,10.15,10.15,0.0,14.44,14.44,0.0
2004-08-10,4.226,4.226,0.0,10.04,10.04,0.0,14.26,14.26,0.0
2004-08-11,5.127,5.127,0.0,10.16,10.16,0.0,15.43,15.43,0.0
2004-08-12,4.668,4.668,0.0,10.57,10.57,0.0,15.61,15.61,0.0
2004-08-13,4.221,4.221,0.0,9.505,9.505,0.0,13.66,13.66,0.0
2004-08-14,4.177,4.177,0.0,9.369,9.369,0.0,13.48,13.48,0.0
2004-08-15,4.142,4.142,0.0,8.855,8.855,0.0,12.96,12.96,0.0
2004-08-16,3.913,3.913,0.0,8.863,8.863,0.0,12.65,12.65,0.0
2004-08-17,3.84,3.84,0.0,8.822,8.822,0.0,12.61,12.61,0.0
2004-08-18,3.833,3.833,0.0,8.533,8.533,0.0,12.31,12.31,0.0
2004-08-19,3.858,3.858,0.0,8.656,8.656,0.0,12.54,12.54,0.0
2004-08-20,3.822,3.822,0.0,8.678,8.678,0.0,12.61,12.61,0.0
2004-08-21,3.924,3.924,0.0,8.924,8.924,0.0,13.1,13.1,0.0
2004-08-22,3.596,3.596,0.0,8.027,8.027,0.0,11.6,11.6,0.0
2004-08-23,3.515,3.515,0.0,7.934,7.934,0.0,11.4,11.4,0.0
2004-08-24,3.478,3.478,0.0,7.674,7.674,0.0,11.1,11.1,0.0
2004-08-25,3.427,3.427,0.0,7.404,7.404,0.0,10.78,10.78,0.0
2004-08-26,3.244,3.244,0.0,7.39,7.39,0.0,10.53,10.53,0.0
2004-08-27,3.183,3.183,0.0,7.306,7.306,0.0,10.45,10.45,0.0
2004-08-28,3.176,3.176,0.0,7.034,7.034,0.0,10.17,10.17,0.0
2004-08-29,3.2,3.2,0.0,7.134,7.134,0.0,10.37,10.37,0.0
2004-08-30,3.197,3.197,0.0,7.253,7.253,0.0,10.61,10.61,0.0
2004-08-31,3.025,3.025,0.0,6.734,6.734,0.0,9.737,9.737,0.0
2004-09-01,2.942,2.942,0.0,6.503,6.503,0.0,9.439,9.439,0.0
2004-09-02,2.877,2.877,0.0,6.455,6.455,0.0,9.3,9.3,0.0
2004-09-03,2.843,2.843,0.0,6.252,6.252,0.0,9.068,9.068,0.0
2004-09-04,2.799,2.799,0.0,6.149,6.149,0.0,8.923,8.923,0.0
2004-09-05,2.697,2.697,0.0,6.216,6.216,0.0,8.9,8.9,0.0
2004-09-06,2.656,2.656,0.0,6.145,6.145,0.0,8.844,8.844,0.0
2004-09-07,5.553,5.553,0.0,9.356,9.356,0.0,17.51,17.51,0.0
2004-09-08,9.576,9.576,0.0,15.25,15.25,0.0,24.97,24.97,0.0
2004-09-09,4.919,4.919,0.0,15.11,15.11,0.0,20.29,20.29,0.0
2004-09-10,4.49,4.49,0.0,10.5,10.5,0.0,14.66,14.66,0.0
2004-09-11,4.492,4.492,0.0,10.42,10.42,0.0,14.58,14.58,0.0
2004-09-12,4.448,4.448,0.0,10.4,10.4,0.0,14.51,14.51,0.0
2004-09-13,4.363,4.363,0.0,10.28,10.28,0.0,14.33,14.33,0.0
2004-09-14,4.27,4.27,0.0,10.11,10.11,0.0,14.08,14.08,0.0
2004-09-15,3.824,3.824,0.0,9.901,9.901,0.0,13.47,13.47,0.0
2004-09-16,4.402,4.402,0.0,10.13,10.13,0.0,14.37,14.37,0.0
2004-09-17,7.761,7.761,0.0,15.39,15.39,0.0,22.88,22.88,0.0
2004-09-18,6.736,6.736,0.0,12.68,12.68,0.0,18.89,18.89,0.0
2004-09-19,6.714,6.714,0.0,12.27,12.27,0.0,18.23,18.23,0.0
2004-09-20,6.656,6.656,0.0,12.19,12.19,0.0,18.1,18.1,0.0
2004-09-21,6.136,6.136,0.0,8.682,8.682,0.0,14.29,14.29,0.0
2004-09-22,5.596,5.596,0.0,9.574,9.574,0.0,14.85,14.85,0.0
2004-09-23,5.727,5.727,0.0,9.815,9.815,0.0,15.08,15.08,0.0
2004-09-24,4.975,4.975,0.0,10.37,10.37,0.0,14.91,14.91,0.0
2004-09-25,5.036,5.036,0.0,10.55,10.55,0.0,14.97,14.97,0.0
2004-09-26,5.333,5.333,0.0,10.52,10.52,0.0,15.21,15.21,0.0
2004-09-27,11.69,11.69,0.0,16.55,16.55,0.0,30.09,30.09,0.0
2004-09-28,20.31,20.31,0.0,23.05,23.05,0.0,39.66,39.66,0.0
2004-09-29,12.52,12.52,0.0,17.13,17.13,0.0,28.78,28.78,0.0
2004-09-30,12.36,12.36,0.0,17.02,17.02,0.0,28.39,28.39,0.0
2004-10-01,12.25,12.25,0.0,16.99,16.99,0.0,28.25,28.25,0.0
2004-10-02,12.03,12.03,0.0,16.89,16.89,0.0,27.99,27.99,0.0
2004-10-03,11.61,11.61,0.0,14.69,14.69,0.0,25.39,25.39,0.0
2004-10-04,9.595,9.595,0.0,11.39,11.39,0.0,20.11,20.11,0.0
2004-10-05,7.859,7.859,0.0,12.31,12.31,0.0,20.38,20.38,0.0
2004-10-06,9.02,9.02,0.0,13.6,13.6,0.0,21.61,21.61,0.0
2004-10-07,9.538,9.538,0.0,14.14,14.14,0.0,22.72,22.72,0.0
2004-10-08,9.691,9.691,0.0,14.26,14.26,0.0,23.06,23.06,0.0
2004-10-09,9.656,9.656,0.0,14.18,14.18,0.0,22.97,22.97,0.0
2004-10-10,9.514,9.514,0.0,13.98,13.98,0.0,22.67,22.67,0.0
2004-10-11,9.345,9.345,0.0,13.73,13.73,0.0,22.27,22.27,0.0
2004-10-12,8.681,8.681,0.0,12.38,12.38,0.0,20.11,20.11,0.0
2004-10-13,7.444,7.444,0.0,10.53,10.53,0.0,17.88,17.88,0.0
2004-10-14,7.655,7.655,0.0,11.09,11.09,0.0,18.27,18.27,0.0
2004-10-15,8.197,8.197,0.0,12.49,12.49,0.0,19.89,19.89,0.0
2004-10-16,8.412,8.412,0.0,13.63,13.63,0.0,21.32,21.32,0.0
2004-10-17,8.316,8.316,0.0,13.65,13.65,0.0,21.11,21.11,0.0
2004-10-18,8.455,8.455,0.0,14.11,14.11,0.0,21.8,21.8,0.0
2004-10-19,8.757,8.757,0.0,14.47,14.47,0.0,22.42,22.42,0.0
2004-10-20,9.229,9.229,0.0,15.71,15.71,0.0,24.46,24.46,0.0
2004-10-21,9.19,9.19,0.0,15.49,15.49,0.0,24.02,24.02,0.0
2004-10-22,9.108,9.108,0.0,15.35,15.35,0.0,23.81,23.81,0.0
2004-10-23,9.157,9.157,0.0,15.91,15.91,0.0,24.61,24.61,0.0
2004-10-24,7.071,7.071,0.0,15.18,15.18,0.0,22.78,22.78,0.0
2004-10-25,7.291,7.291,0.0,11.84,11.84,0.0,18.66,18.66,0.0
2004-10-26,7.778,7.778,0.0,11.82,11.82,0.0,19.07,19.07,0.0
2004-10-27,8.122,8.122,0.0,13.61,13.61,0.0,21.3,21.3,0.0
2004-10-28,8.129,8.129,0.0,14.14,14.14,0.0,21.36,21.36,0.0
2004-10-29,8.421,8.421,0.0,15.73,15.73,0.0,23.85,23.85,0.0
2004-10-30,8.144,8.144,0.0,15.42,15.42,0.0,23.17,23.17,0.0
2004-10-31,8.014,8.014,0.0,15.36,15.36,0.0,23.05,23.05,0.0
2004-11-01,7.86,7.86,0.0,15.17,15.17,0.0,22.74,22.74,0.0
2004-11-02,6.496,6.496,0.0,15.9,15.9,0.0,23.18,23.18,0.0
2004-11-03,7.799,7.799,0.0,16.63,16.63,0.0,24.81,24.81,0.0
2004-11-04,10.67,10.67,0.0,23.2,23.2,0.0,33.54,33.54,0.0
2004-11-05,8.789,8.789,0.0,19.35,19.35,0.0,28.21,28.21,0.0
2004-11-06,8.749,8.749,0.0,18.13,18.13,0.0,26.38,26.38,0.0
2004-11-07,8.228,8.228,0.0,15.45,15.45,0.0,23.35,23.35,0.0
2004-11-08,8.298,8.298,0.0,13.26,13.26,0.0,21.34,21.34,0.0
2004-11-09,8.224,8.224,0.0,15.32,15.32,0.0,22.81,22.81,0.0
2004-11-10,8.12,8.12,0.0,16.31,16.31,0.0,24.0,24.0,0.0
2004-11-11,9.102,9.102,0.0,18.18,18.18,0.0,27.14,27.14,0.0
2004-11-12,10.55,10.55,0.0,19.96,19.96,0.0,29.74,29.74,0.0
2004-11-13,8.96,8.96,0.0,19.1,19.1,0.0,27.93,27.93,0.0
2004-11-14,7.366,7.366,0.0,18.96,18.96,0.0,26.95,26.95,0.0
2004-11-15,7.248,7.248,0.0,18.71,18.71,0.0,26.55,26.55,0.0
2004-11-16,7.345,7.345,0.0,18.38,18.38,0.0,25.57,25.57,0.0
2004-11-17,7.832,7.832,0.0,15.02,15.02,0.0,22.87,22.87,0.0
2004-11-18,8.218,8.218,0.0,14.18,14.18,0.0,22.39,22.39,0.0
2004-11-19,9.205,9.205,0.0,16.92,16.92,0.0,25.89,25.89,0.0
2004-11-20,9.049,9.049,0.0,18.23,18.23,0.0,26.47,26.47,0.0
2004-11-21,8.723,8.723,0.0,18.95,18.95,0.0,27.27,27.27,0.0
2004-11-22,8.613,8.613,0.0,19.17,19.17,0.0,27.66,27.66,0.0
2004-11-23,9.27,9.27,0.0,19.94,19.94,0.0,29.13,29.13,0.0
2004-11-24,13.18,13.18,0.0,24.27,24.27,0.0,35.75,35.75,0.0
2004-11-25,10.17,10.17,0.0,22.26,22.26,0.0,32.33,32.33,0.0
2004-11-26,9.807,9.807,0.0,21.5,21.5,0.0,31.29,31.29,0.0
2004-11-27,11.17,11.17,0.0,22.27,22.27,0.0,33.16,33.16,0.0
2004-11-28,8.633,8.633,0.0,21.9,21.9,0.0,31.39,31.39,0.0
2004-11-29,9.732,9.732,0.0,17.1,17.1,0.0,27.07,27.07,0.0
2004-11-30,14.83,14.83,0.0,24.2,24.2,0.0,37.73,37.73,0.0
2004-12-01,11.79,11.79,0.0,19.0,19.0,0.0,29.48,29.48,0.0
2004-12-02,9.749,9.749,0.0,20.58,20.58,0.0,29.64,29.64,0.0
2004-12-03,10.53,10.53,0.0,21.56,21.56,0.0,31.48,31.48,0.0
2004-12-04,10.8,10.8,0.0,21.84,21.84,0.0,32.14,32.14,0.0
2004-12-05,11.14,11.14,0.0,22.14,22.14,0.0,32.89,32.89,0.0
2004-12-06,11.9,11.9,0.0,22.86,22.86,0.0,34.39,34.39,0.0
2004-12-07,12.74,12.74,0.0,23.91,23.91,0.0,35.91,35.91,0.0
2004-12-08,11.14,11.14,0.0,23.11,23.11,0.0,34.57,34.57,0.0
2004-12-09,15.74,15.74,0.0,25.91,25.91,0.0,40.25,40.25,0.0
2004-12-10,14.13,14.13,0.0,20.69,20.69,0.0,34.25,34.25,0.0
2004-12-11,12.65,12.65,0.0,22.32,22.32,0.0,35.38,35.38,0.0
2004-12-12,12.78,12.78,0.0,20.0,20.0,0.0,32.81,32.81,0.0
2004-12-13,10.9,10.9,0.0,21.69,21.69,0.0,31.61,31.61,0.0
2004-12-14,11.71,11.71,0.0,22.62,22.62,0.0,33.54,33.54,0.0
2004-12-15,11.94,11.94,0.0,22.74,22.74,0.0,34.08,34.08,0.0
2004-12-16,11.94,11.94,0.0,22.89,22.89,0.0,34.37,34.37,0.0
2004-12-17,11.48,11.48,0.0,22.62,22.62,0.0,33.88,33.88,0.0
2004-12-18,10.7,10.7,0.0,22.25,22.25,0.0,33.06,33.06,0.0
2004-12-19,10.3,10.3,0.0,18.87,18.87,0.0,29.47,29.47,0.0
2004-12-20,10.52,10.52,0.0,19.04,19.04,0.0,29.53,29.53,0.0
2004-12-21,9.883,9.883,0.0,18.51,18.51,0.0,27.86,27.86,0.0
2004-12-22,10.21,10.21,0.0,22.54,22.54,0.0,32.68,32.68,0.0
2004-12-23,13.16,13.16,0.0,22.5,22.5,0.0,34.48,34.48,0.0
2004-12-24,10.04,10.04,0.0,19.12,19.12,0.0,28.86,28.86,0.0
2004-12-25,9.808,9.808,0.0,18.75,18.75,0.0,28.27,28.27,0.0
2004-12-26,8.944,8.944,0.0,17.94,17.94,0.0,26.99,26.99,0.0
2004-12-27,9.077,9.077,0.0,17.18,17.18,0.0,26.21,26.21,0.0
2004-12-28,8.682,8.682,0.0,16.08,16.08,0.0,24.83,24.83,0.0
2004-12-29,8.757,8.757,0.0,15.94,15.94,0.0,24.63,24.63,0.0
2004-12-30,8.27,8.27,0.0,14.68,14.68,0.0,22.75,22.75,0.0
2004-12-31,8.066,8.066,0.0,15.45,15.45,0.0,22.93,22.93,0.0
2005-01-01,8.196,8.196,0.0,15.92,15.92,0.0,23.74,23.74,0.0
2005-01-02,8.664,8.664,0.0,16.33,16.33,0.0,24.63,24.63,0.0
2005-01-03,9.529,9.529,0.0,18.68,18.68,0.0,28.12,28.12,0.0
2005-01-04,9.968,9.968,0.0,19.72,19.72,0.0,29.76,29.76,0.0
2005-01-05,10.01,10.01,0.0,20.21,20.21,0.0,30.29,30.29,0.0
2005-01-06,10.09,10.09,0.0,20.86,20.86,0.0,31.07,31.07,0.0
2005-01-07,10.34,10.34,0.0,21.57,21.57,0.0,32.03,32.03,0.0
2005-01-08,10.13,10.13,0.0,21.6,21.6,0.0,31.84,31.84,0.0
2005-01-09,9.048,9.048,0.0,21.25,21.25,0.0,30.81,30.81,0.0
2005-01-10,7.986,7.986,0.0,20.92,20.92,0.0,29.85,29.85,0.0
2005-01-11,8.329,8.329,0.0,19.57,19.57,0.0,28.12,28.12,0.0
2005-01-12,8.714,8.714,0.0,15.56,15.56,0.0,23.88,23.88,0.0
2005-01-13,13.43,13.43,0.0,23.04,23.04,0.0,35.17,35.17,0.0
2005-01-14,10.62,10.62,0.0,21.5,21.5,0.0,32.01,32.01,0.0
2005-01-15,10.58,10.58,0.0,22.02,22.02,0.0,32.52,32.52,0.0
2005-01-16,10.6,10.6,0.0,22.43,22.43,0.0,33.12,33.12,0.0
2005-01-17,10.36,10.36,0.0,22.1,22.1,0.0,32.49,32.49,0.0
2005-01-18,10.11,10.11,0.0,21.65,21.65,0.0,31.74,31.74,0.0
2005-01-19,8.455,8.455,0.0,21.34,21.34,0.0,30.62,30.62,0.0
2005-01-20,8.197,8.197,0.0,18.66,18.66,0.0,26.91,26.91,0.0
2005-01-21,8.252,8.252,0.0,15.28,15.28,0.0,23.26,23.26,0.0
2005-01-22,8.778,8.778,0.0,17.53,17.53,0.0,26.37,26.37,0.0
2005-01-23,8.677,8.677,0.0,17.31,17.31,0.0,25.9,25.9,0.0
2005-01-24,8.606,8.606,0.0,17.19,17.19,0.0,25.73,25.73,0.0
2005-01-25,8.513,8.513,0.0,17.71,17.71,0.0,26.41,26.41,0.0
2005-01-26,8.507,8.507,0.0,19.57,19.57,0.0,29.77,29.77,0.0
2005-01-27,8.168,8.168,0.0,15.75,15.75,0.0,23.99,23.99,0.0
2005-01-28,6.647,6.647,0.0,15.24,15.24,0.0,22.28,22.28,0.0
2005-01-29,7.147,7.147,0.0,15.24,15.24,0.0,22.61,22.61,0.0
2005-01-30,6.982,6.982,0.0,13.18,13.18,0.0,19.9,19.9,0.0
2005-01-31,7.131,7.131,0.0,13.76,13.76,0.0,20.72,20.72,0.0
2005-02-01,7.977,7.977,0.0,15.48,15.48,0.0,23.1,23.1,0.0
2005-02-02,7.452,7.452,0.0,15.43,15.43,0.0,22.68,22.68,0.0
2005-02-03,7.145,7.145,0.0,14.15,14.15,0.0,21.33,21.33,0.0
2005-02-04,8.7,8.7,0.0,13.32,13.32,0.0,21.72,21.72,0.0
2005-02-05,7.657,7.657,0.0,16.85,16.85,0.0,24.61,24.61,0.0
2005-02-06,6.147,6.147,0.0,23.25,23.25,0.0,29.42,29.42,0.0
2005-02-07,5.817,5.817,0.0,14.7,14.7,0.0,20.7,20.7,0.0
2005-02-08,5.815,5.815,0.0,12.82,12.82,0.0,18.82,18.82,0.0
2005-02-09,7.238,7.238,0.0,18.36,18.36,0.0,26.29,26.29,0.0
2005-02-10,6.099,6.099,0.0,14.91,14.91,0.0,21.58,21.58,0.0
2005-02-11,5.914,5.914,0.0,13.77,13.77,0.0,20.15,20.15,0.0
2005-02-12,5.847,5.847,0.0,14.34,14.34,0.0,20.7,20.7,0.0
2005-02-13,6.15,6.15,0.0,15.03,15.03,0.0,21.72,21.72,0.0
2005-02-14,6.802,6.802,0.0,15.69,15.69,0.0,22.23,22.23,0.0
2005-02-15,6.19,6.19,0.0,14.75,14.75,0.0,21.06,21.06,0.0
2005-02-16,7.023,7.023,0.0,15.6,15.6,0.0,22.75,22.75,0.0
2005-02-17,7.156,7.156,0.0,14.22,14.22,0.0,21.4,21.4,0.0
2005-02-18,7.159,7.159,0.0,14.14,14.14,0.0,21.28,21.28,0.0
2005-02-19,7.078,7.078,0.0,13.92,13.92,0.0,20.72,20.72,0.0
2005-02-20,6.863,6.863,0.0,14.24,14.24,0.0,21.4,21.4,0.0
2005-02-21,7.312,7.312,0.0,17.04,17.04,0.0,24.42,24.42,0.0
2005-02-22,6.434,6.434,0.0,13.85,13.85,0.0,20.59,20.59,0.0
2005-02-23,7.752,7.752,0.0,14.12,14.12,0.0,21.76,21.76,0.0
2005-02-24,7.725,7.725,0.0,13.7,13.7,0.0,21.61,21.61,0.0
2005-02-25,7.644,7.644,0.0,13.46,13.46,0.0,20.65,20.65,0.0
2005-02-26,7.644,7.644,0.0,13.53,13.53,0.0,21.05,21.05,0.0
2005-02-27,7.55,7.55,0.0,13.04,13.04,0.0,20.8,20.8,0.0
2005-02-28,7.11,7.11,0.0,12.7,12.7,0.0,20.12,20.12,0.0
2005-03-01,7.151,7.151,0.0,12.45,12.45,0.0,19.94,19.94,0.0
2005-03-02,5.681,5.681,0.0,11.29,11.29,0.0,17.49,17.49,0.0
2005-03-03,5.838,5.838,0.0,11.43,11.43,0.0,17.59,17.59,0.0
2005-03-04,6.289,6.289,0.0,11.11,11.11,0.0,17.61,17.61,0.0
2005-03-05,9.748,9.748,0.0,13.3,13.3,0.0,22.57,22.57,0.0
2005-03-06,14.71,14.71,0.0,27.82,27.82,0.0,41.41,41.41,0.0
2005-03-07,11.48,11.48,0.0,44.73,44.73,0.0,54.78,54.78,0.0
2005-03-08,6.989,6.989,0.0,15.76,15.76,0.0,23.06,23.06,0.0
2005-03-09,6.688,6.688,0.0,13.1,13.1,0.0,19.96,19.96,0.0
2005-03-10,6.589,6.589,0.0,13.04,13.04,0.0,19.8,19.8,0.0
2005-03-11,6.588,6.588,0.0,14.53,14.53,0.0,21.86,21.86,0.0
2005-03-12,6.428,6.428,0.0,15.81,15.81,0.0,23.28,23.28,0.0
2005-03-13,8.194,8.194,0.0,11.39,11.39,0.0,18.84,18.84,0.0
2005-03-14,7.155,7.155,0.0,10.73,10.73,0.0,17.82,17.82,0.0
2005-03-15,6.302,6.302,0.0,11.82,11.82,0.0,18.42,18.42,0.0
2005-03-16,7.226,7.226,0.0,12.73,12.73,0.0,19.96,19.96,0.0
2005-03-17,8.128,8.128,0.0,16.71,16.71,0.0,24.73,24.73,0.0
2005-03-18,8.693,8.693,0.0,22.34,22.34,0.0,31.01,31.01,0.0
2005-03-19,9.226,9.226,0.0,20.79,20.79,0.0,29.3,29.3,0.0
2005-03-20,9.448,9.448,0.0,18.38,18.38,0.0,27.28,27.28,0.0
2005-03-21,9.427,9.427,0.0,16.94,16.94,0.0,25.92,25.92,0.0
2005-03-22,10.39,10.39,0.0,21.49,21.49,0.0,31.78,31.78,0.0
2005-03-23,14.85,14.85,0.0,40.36,40.36,0.0,53.65,53.65,0.0
2005-03-24,11.6,11.6,0.0,27.72,27.72,0.0,39.66,39.66,0.0
2005-03-25,11.45,11.45,0.0,25.12,25.12,0.0,36.84,36.84,0.0
2005-03-26,9.721,9.721,0.0,22.61,22.61,0.0,33.67,33.67,0.0
2005-03-27,11.55,11.55,0.0,28.77,28.77,0.0,41.94,41.94,0.0
2005-03-28,17.79,17.79,0.0,37.05,37.05,0.0,54.41,54.41,0.0
2005-03-29,13.47,13.47,0.0,30.82,30.82,0.0,45.17,45.17,0.0
2005-03-30,12.47,12.47,0.0,26.22,26.22,0.0,37.94,37.94,0.0
2005-03-31,12.92,12.92,0.0,26.11,26.11,0.0,37.83,37.83,0.0
2005-04-01,16.0,16.0,0.0,26.08,26.08,0.0,41.54,41.54,0.0
2005-04-02,19.07,19.07,0.0,32.09,32.09,0.0,50.2,50.2,0.0
2005-04-03,15.54,15.54,0.0,30.59,30.59,0.0,46.51,46.51,0.0
2005-04-04,15.21,15.21,0.0,30.95,30.95,0.0,46.55,46.55,0.0
2005-04-05,12.38,12.38,0.0,28.38,28.38,0.0,42.47,42.47,0.0
2005-04-06,11.44,11.44,0.0,29.16,29.16,0.0,42.54,42.54,0.0
2005-04-07,14.74,14.74,0.0,32.81,32.81,0.0,48.83,48.83,0.0
2005-04-08,14.32,14.32,0.0,31.32,31.32,0.0,45.37,45.37,0.0
2005-04-09,13.67,13.67,0.0,26.78,26.78,0.0,40.35,40.35,0.0
2005-04-10,13.98,13.98,0.0,26.43,26.43,0.0,39.8,39.8,0.0
2005-04-11,13.97,13.97,0.0,25.79,25.79,0.0,39.6,39.6,0.0
2005-04-12,13.77,13.77,0.0,26.89,26.89,0.0,40.76,40.76,0.0
2005-04-13,13.54,13.54,0.0,27.4,27.4,0.0,41.15,41.15,0.0
2005-04-14,11.66,11.66,0.0,25.64,25.64,0.0,38.4,38.4,0.0
2005-04-15,10.9,10.9,0.0,26.13,26.13,0.0,38.32,38.32,0.0
2005-04-16,11.57,11.57,0.0,26.15,26.15,0.0,37.87,37.87,0.0
2005-04-17,11.3,11.3,0.0,24.06,24.06,0.0,35.77,35.77,0.0
2005-04-18,11.56,11.56,0.0,22.83,22.83,0.0,34.42,34.42,0.0
2005-04-19,11.56,11.56,0.0,23.4,23.4,0.0,34.64,34.64,0.0
2005-04-20,11.44,11.44,0.0,22.43,22.43,0.0,33.8,33.8,0.0
2005-04-21,13.58,13.58,0.0,24.37,24.37,0.0,37.92,37.92,0.0
2005-04-22,16.72,16.72,0.0,27.67,27.67,0.0,43.55,43.55,0.0
2005-04-23,16.08,16.08,0.0,28.7,28.7,0.0,44.09,44.09,0.0
2005-04-24,15.29,15.29,0.0,29.84,29.84,0.0,45.05,45.05,0.0
2005-04-25,14.11,14.11,0.0,28.48,28.48,0.0,42.67,42.67,0.0
2005-04-26,12.49,12.49,0.0,28.62,28.62,0.0,41.96,41.96,0.0
2005-04-27,12.69,12.69,0.0,26.66,26.66,0.0,39.27,39.27,0.0
2005-04-28,10.81,10.81,0.0,26.95,26.95,0.0,38.63,38.63,0.0
2005-04-29,15.44,15.44,0.0,30.23,30.23,0.0,45.13,45.13,0.0
2005-04-30,17.9,17.9,0.0,34.26,34.26,0.0,51.6,51.6,0.0
2005-05-01,14.89,14.89,0.0,25.77,25.77,0.0,40.95,40.95,0.0
2005-05-02,14.86,14.86,0.0,25.75,25.75,0.0,39.69,39.69,0.0
2005-05-03,14.61,14.61,0.0,27.32,27.32,0.0,41.4,41.4,0.0
2005-05-04,14.35,14.35,0.0,28.19,28.19,0.0,42.28,42.28,0.0
2005-05-05,14.01,14.01,0.0,28.34,28.34,0.0,42.26,42.26,0.0
2005-05-06,12.06,12.06,0.0,28.11,28.11,0.0,40.31,40.31,0.0
2005-05-07,10.69,10.69,0.0,25.89,25.89,0.0,37.54,37.54,0.0
2005-05-08,11.63,11.63,0.0,26.17,26.17,0.0,38.26,38.26,0.0
2005-05-09,12.03,12.03,0.0,25.23,25.23,0.0,37.5,37.5,0.0
2005-05-10,12.15,12.15,0.0,22.92,22.92,0.0,34.44,34.44,0.0
2005-05-11,12.07,12.07,0.0,22.81,22.81,0.0,34.6,34.6,0.0
2005-05-12,11.85,11.85,0.0,23.62,23.62,0.0,35.28,35.28,0.0
2005-05-13,11.64,11.64,0.0,24.02,24.02,0.0,35.55,35.55,0.0
2005-05-14,11.12,11.12,0.0,24.99,24.99,0.0,36.57,36.57,0.0
2005-05-15,10.07,10.07,0.0,24.65,24.65,0.0,35.43,35.43,0.0
2005-05-16,10.05,10.05,0.0,24.37,24.37,0.0,34.58,34.58,0.0
2005-05-17,10.09,10.09,0.0,22.57,22.57,0.0,32.88,32.88,0.0
2005-05-18,10.27,10.27,0.0,22.76,22.76,0.0,33.15,33.15,0.0
2005-05-19,13.74,13.74,0.0,28.69,28.69,0.0,43.25,43.25,0.0
2005-05-20,14.49,14.49,0.0,29.73,29.73,0.0,44.46,44.46,0.0
2005-05-21,13.28,13.28,0.0,27.76,27.76,0.0,41.39,41.39,0.0
2005-05-22,13.17,13.17,0.0,27.49,27.49,0.0,40.96,40.96,0.0
2005-05-23,14.46,14.46,0.0,29.84,29.84,0.0,45.19,45.19,0.0
2005-05-24,14.09,14.09,0.0,25.7,25.7,0.0,40.51,40.51,0.0
2005-05-25,13.53,13.53,0.0,24.89,24.89,0.0,38.71,38.71,0.0
2005-05-26,13.25,13.25,0.0,25.95,25.95,0.0,38.83,38.83,0.0
2005-05-27,10.12,10.12,0.0,26.66,26.66,0.0,37.54,37.54,0.0
2005-05-28,10.52,10.52,0.0,24.87,24.87,0.0,36.37,36.37,0.0
2005-05-29,11.2,11.2,0.0,25.43,25.43,0.0,37.37,37.37,0.0
2005-05-30,11.48,11.48,0.0,25.64,25.64,0.0,37.8,37.8,0.0
2005-05-31,11.46,11.46,0.0,25.38,25.38,0.0,37.43,37.43,0.0
2005-06-01,11.34,11.34,0.0,24.26,24.26,0.0,36.15,36.15,0.0
2005-06-02,11.24,11.24,0.0,22.06,22.06,0.0,33.92,33.92,0.0
2005-06-03,10.5,10.5,0.0,21.68,21.68,0.0,32.14,32.14,0.0
2005-06-04,10.11,10.11,0.0,22.32,22.32,0.0,32.77,32.77,0.0
2005-06-05,9.831,9.831,0.0,21.77,21.77,0.0,31.73,31.73,0.0
2005-06-06,9.227,9.227,0.0,21.71,21.71,0.0,31.53,31.53,0.0
2005-06-07,9.563,9.563,0.0,21.93,21.93,0.0,31.95,31.95,0.0
2005-06-08,9.718,9.718,0.0,21.95,21.95,0.0,32.05,32.05,0.0
2005-06-09,9.713,9.713,0.0,21.86,21.86,0.0,31.97,31.97,0.0
2005-06-10,9.58,9.58,0.0,21.5,21.5,0.0,31.43,31.43,0.0
2005-06-11,9.362,9.362,0.0,19.2,19.2,0.0,28.82,28.82,0.0
2005-06-12,8.87,8.87,0.0,18.05,18.05,0.0,26.79,26.79,0.0
2005-06-13,8.463,8.463,0.0,18.78,18.78,0.0,27.23,27.23,0.0
2005-06-14,7.906,7.906,0.0,18.46,18.46,0.0,26.8,26.8,0.0
2005-06-15,7.908,7.908,0.0,18.21,18.21,0.0,26.49,26.49,0.0
2005-06-16,8.107,8.107,0.0,18.46,18.46,0.0,26.91,26.91,0.0
2005-06-17,8.035,8.035,0.0,18.15,18.15,0.0,26.4,26.4,0.0
2005-06-18,7.941,7.941,0.0,17.87,17.87,0.0,26.0,26.0,0.0
2005-06-19,7.807,7.807,0.0,17.54,17.54,0.0,25.51,25.51,0.0
2005-06-20,7.648,7.648,0.0,16.02,16.02,0.0,23.58,23.58,0.0
2005-06-21,7.284,7.284,0.0,15.11,15.11,0.0,22.39,22.39,0.0
2005-06-22,6.831,6.831,0.0,15.74,15.74,0.0,23.0,23.0,0.0
2005-06-23,6.609,6.609,0.0,15.17,15.17,0.0,21.92,21.92,0.0
2005-06-24,6.537,6.537,0.0,14.97,14.97,0.0,21.7,21.7,0.0
2005-06-25,6.553,6.553,0.0,14.9,14.9,0.0,21.61,21.61,0.0
2005-06-26,6.486,6.486,0.0,14.66,14.66,0.0,21.29,21.29,0.0
2005-06-27,6.373,6.373,0.0,14.37,14.37,0.0,20.87,20.87,0.0
2005-06-28,6.339,6.339,0.0,13.46,13.46,0.0,19.89,19.89,0.0
2005-06-29,6.014,6.014,0.0,13.21,13.21,0.0,19.45,19.45,0.0
2005-06-30,6.088,6.088,0.0,13.33,13.33,0.0,19.74,19.74,0.0
2005-07-01,5.642,5.642,0.0,12.68,12.68,0.0,18.52,18.52,0.0
2005-07-02,5.721,5.721,0.0,12.51,12.51,0.0,18.2,18.2,0.0
2005-07-03,5.911,5.911,0.0,13.03,13.03,0.0,19.23,19.23,0.0
2005-07-04,5.902,5.902,0.0,12.84,12.84,0.0,19.0,19.0,0.0
2005-07-05,5.766,5.766,0.0,12.68,12.68,0.0,18.73,18.73,0.0
2005-07-06,6.294,6.294,0.0,12.1,12.1,0.0,18.22,18.22,0.0
2005-07-07,8.166,8.166,0.0,23.59,23.59,0.0,33.43,33.43,0.0
2005-07-08,5.971,5.971,0.0,16.35,16.35,0.0,22.83,22.83,0.0
2005-07-09,5.573,5.573,0.0,14.44,14.44,0.0,20.32,20.32,0.0
2005-07-10,5.554,5.554,0.0,14.37,14.37,0.0,20.22,20.22,0.0
2005-07-11,5.486,5.486,0.0,14.23,14.23,0.0,20.01,20.01,0.0
2005-07-12,5.275,5.275,0.0,14.19,14.19,0.0,20.05,20.05,0.0
2005-07-13,5.973,5.973,0.0,14.43,14.43,0.0,20.56,20.56,0.0
2005-07-14,5.591,5.591,0.0,13.32,13.32,0.0,18.74,18.74,0.0
2005-07-15,5.687,5.687,0.0,12.99,12.99,0.0,18.66,18.66,0.0
2005-07-16,6.275,6.275,0.0,15.07,15.07,0.0,21.51,21.51,0.0
2005-07-17,6.396,6.396,0.0,13.53,13.53,0.0,19.77,19.77,0.0
2005-07-18,6.702,6.702,0.0,15.44,15.44,0.0,21.94,21.94,0.0
2005-07-19,6.394,6.394,0.0,15.38,15.38,0.0,21.69,21.69,0.0
2005-07-20,6.363,6.363,0.0,15.25,15.25,0.0,21.3,21.3,0.0
2005-07-21,6.368,6.368,0.0,15.29,15.29,0.0,21.41,21.41,0.0
2005-07-22,6.204,6.204,0.0,14.94,14.94,0.0,20.85,20.85,0.0
2005-07-23,5.445,5.445,0.0,14.17,14.17,0.0,19.54,19.54,0.0
2005-07-24,5.157,5.157,0.0,13.35,13.35,0.0,18.29,18.29,0.0
2005-07-25,5.459,5.459,0.0,12.3,12.3,0.0,17.72,17.72,0.0
2005-07-26,5.348,5.348,0.0,11.69,11.69,0.0,16.85,16.85,0.0
2005-07-27,5.479,5.479,0.0,12.69,12.69,0.0,18.17,18.17,0.0
2005-07-28,5.187,5.187,0.0,12.93,12.93,0.0,18.21,18.21,0.0
2005-07-29,5.132,5.132,0.0,12.65,12.65,0.0,17.59,17.59,0.0
2005-07-30,4.927,4.927,0.0,12.52,12.52,0.0,17.34,17.34,0.0
2005-07-31,4.929,4.929,0.0,12.32,12.32,0.0,17.11,17.11,0.0
2005-08-01,4.669,4.669,0.0,12.08,12.08,0.0,16.52,16.52,0.0
2005-08-02,4.518,4.518,0.0,9.965,9.965,0.0,14.27,14.27,0.0
2005-08-03,4.566,4.566,0.0,10.52,10.52,0.0,14.88,14.88,0.0
2005-08-04,4.545,4.545,0.0,10.12,10.12,0.0,14.46,14.46,0.0
2005-08-05,4.485,4.485,0.0,10.33,10.33,0.0,14.62,14.62,0.0
2005-08-06,4.677,4.677,0.0,11.36,11.36,0.0,16.37,16.37,0.0
2005-08-07,4.432,4.432,0.0,10.79,10.79,0.0,15.27,15.27,0.0
2005-08-08,4.721,4.721,0.0,12.02,12.02,0.0,17.15,17.15,0.0
2005-08-09,4.633,4.633,0.0,12.43,12.43,0.0,17.24,17.24,0.0
2005-08-10,4.28,4.28,0.0,11.98,11.98,0.0,16.3,16.3,0.0
2005-08-11,4.095,4.095,0.0,11.91,11.91,0.0,16.12,16.12,0.0
2005-08-12,4.045,4.045,0.0,11.76,11.76,0.0,15.92,15.92,0.0
2005-08-13,4.061,4.061,0.0,11.29,11.29,0.0,15.17,15.17,0.0
2005-08-14,4.018,4.018,0.0,11.04,11.04,0.0,14.97,14.97,0.0
2005-08-15,4.115,4.115,0.0,8.941,8.941,0.0,13.1,13.1,0.0
2005-08-16,4.073,4.073,0.0,10.09,10.09,0.0,14.4,14.4,0.0
2005-08-17,3.892,3.892,0.0,10.06,10.06,0.0,13.96,13.96,0.0
2005-08-18,3.874,3.874,0.0,10.34,10.34,0.0,14.29,14.29,0.0
2005-08-19,3.826,3.826,0.0,10.31,10.31,0.0,14.15,14.15,0.0
2005-08-20,3.753,3.753,0.0,10.47,10.47,0.0,14.39,14.39,0.0
2005-08-21,3.402,3.402,0.0,9.866,9.866,0.0,13.29,13.29,0.0
2005-08-22,3.458,3.458,0.0,9.768,9.768,0.0,13.23,13.23,0.0
2005-08-23,3.454,3.454,0.0,8.674,8.674,0.0,12.04,12.04,0.0
2005-08-24,3.418,3.418,0.0,8.527,8.527,0.0,11.89,11.89,0.0
2005-08-25,3.367,3.367,0.0,8.305,8.305,0.0,11.63,11.63,0.0
2005-08-26,3.485,3.485,0.0,9.164,9.164,0.0,12.95,12.95,0.0
2005-08-27,3.655,3.655,0.0,9.988,9.988,0.0,14.07,14.07,0.0
2005-08-28,3.193,3.193,0.0,9.167,9.167,0.0,12.39,12.39,0.0
2005-08-29,3.213,3.213,0.0,9.134,9.134,0.0,12.36,12.36,0.0
2005-08-30,3.318,3.318,0.0,9.22,9.22,0.0,12.53,12.53,0.0
2005-08-31,3.145,3.145,0.0,9.48,9.48,0.0,12.83,12.83,0.0
2005-09-01,3.042,3.042,0.0,8.88,8.88,0.0,11.92,11.92,0.0
2005-09-02,3.035,3.035,0.0,8.798,8.798,0.0,11.82,11.82,0.0
2005-09-03,3.001,3.001,0.0,7.989,7.989,0.0,10.89,10.89,0.0
2005-09-04,2.956,2.956,0.0,7.143,7.143,0.0,10.04,10.04,0.0
2005-09-05,2.817,2.817,0.0,7.617,7.617,0.0,10.44,10.44,0.0
2005-09-06,2.806,2.806,0.0,7.792,7.792,0.0,10.59,10.59,0.0
2005-09-07,2.703,2.703,0.0,7.787,7.787,0.0,10.51,10.51,0.0
2005-09-08,2.694,2.694,0.0,7.692,7.692,0.0,10.33,10.33,0.0
2005-09-09,2.663,2.663,0.0,7.547,7.547,0.0,10.14,10.14,0.0
2005-09-10,2.465,2.465,0.0,7.292,7.292,0.0,9.789,9.789,0.0
2005-09-11,2.492,2.492,0.0,6.915,6.915,0.0,9.409,9.409,0.0
2005-09-12,2.481,2.481,0.0,6.648,6.648,0.0,9.115,9.115,0.0
2005-09-13,2.451,2.451,0.0,6.065,6.065,0.0,8.434,8.434,0.0
2005-09-14,2.343,2.343,0.0,6.262,6.262,0.0,8.585,8.585,0.0
2005-09-15,2.333,2.333,0.0,6.296,6.296,0.0,8.606,8.606,0.0
2005-09-16,2.255,2.255,0.0,6.243,6.243,0.0,8.5,8.5,0.0
2005-09-17,2.243,2.243,0.0,6.146,6.146,0.0,8.352,8.352,0.0
2005-09-18,2.216,2.216,0.0,5.981,5.981,0.0,8.166,8.166,0.0
2005-09-19,2.151,2.151,0.0,5.885,5.885,0.0,8.003,8.003,0.0
2005-09-20,2.039,2.039,0.0,5.431,5.431,0.0,7.489,7.489,0.0
2005-09-21,2.049,2.049,0.0,5.15,5.15,0.0,7.197,7.197,0.0
2005-09-22,2.035,2.035,0.0,5.271,5.271,0.0,7.295,7.295,0.0
2005-09-23,2.044,2.044,0.0,5.373,5.373,0.0,7.396,7.396,0.0
2005-09-24,1.977,1.977,0.0,5.233,5.233,0.0,7.164,7.164,0.0
2005-09-25,1.862,1.862,0.0,5.161,5.161,0.0,7.032,7.032,0.0
2005-09-26,1.967,1.967,0.0,5.406,5.406,0.0,7.534,7.534,0.0
2005-09-27,1.842,1.842,0.0,4.857,4.857,0.0,6.67,6.67,0.0
2005-09-28,1.822,1.822,0.0,4.837,4.837,0.0,6.616,6.616,0.0
2005-09-29,1.771,1.771,0.0,4.793,4.793,0.0,6.543,6.543,0.0
2005-09-30,1.678,1.678,0.0,4.483,4.483,0.0,6.181,6.181,0.0
2005-10-01,1.689,1.689,0.0,4.517,4.517,0.0,6.206,6.206,0.0
2005-10-02,1.679,1.679,0.0,4.341,4.341,0.0,6.01,6.01,0.0
2005-10-03,1.659,1.659,0.0,4.364,4.364,0.0,5.963,5.963,0.0
2005-10-04,1.634,1.634,0.0,4.336,4.336,0.0,5.929,5.929,0.0
2005-10-05,1.56,1.56,0.0,4.284,4.284,0.0,5.838,5.838,0.0
2005-10-06,1.949,1.949,0.0,4.786,4.786,0.0,7.013,7.013,0.0
2005-10-07,2.031,2.031,0.0,4.935,4.935,0.0,7.174,7.174,0.0
2005-10-08,1.887,1.887,0.0,4.476,4.476,0.0,6.391,6.391,0.0
2005-10-09,1.762,1.762,0.0,4.234,4.234,0.0,5.93,5.93,0.0
2005-10-10,1.864,1.864,0.0,4.283,4.283,0.0,6.205,6.205,0.0
2005-10-11,1.759,1.759,0.0,4.191,4.191,0.0,5.99,5.99,0.0
2005-10-12,1.722,1.722,0.0,3.901,3.901,0.0,5.584,5.584,0.0
2005-10-13,1.713,1.713,0.0,3.927,3.927,0.0,5.552,5.552,0.0
2005-10-14,1.694,1.694,0.0,3.907,3.907,0.0,5.529,5.529,0.0
2005-10-15,1.67,1.67,0.0,3.806,3.806,0.0,5.413,5.413,0.0
2005-10-16,1.573,1.573,0.0,3.777,3.777,0.0,5.33,5.33,0.0
2005-10-17,1.565,1.565,0.0,3.729,3.729,0.0,5.254,5.254,0.0
2005-10-18,1.562,1.562,0.0,3.641,3.641,0.0,5.157,5.157,0.0
2005-10-19,1.615,1.615,0.0,3.595,3.595,0.0,5.139,5.139,0.0
2005-10-20,1.827,1.827,0.0,3.931,3.931,0.0,5.917,5.917,0.0
2005-10-21,2.147,2.147,0.0,5.24,5.24,0.0,7.927,7.927,0.0
2005-10-22,1.93,1.93,0.0,4.867,4.867,0.0,6.967,6.967,0.0
2005-10-23,2.042,2.042,0.0,4.918,4.918,0.0,7.08,7.08,0.0
2005-10-24,2.715,2.715,0.0,6.759,6.759,0.0,10.11,10.11,0.0
2005-10-25,3.148,3.148,0.0,7.392,7.392,0.0,11.14,11.14,0.0
2005-10-26,3.197,3.197,0.0,7.458,7.458,0.0,11.09,11.09,0.0
2005-10-27,3.199,3.199,0.0,7.659,7.659,0.0,11.26,11.26,0.0
2005-10-28,3.176,3.176,0.0,7.731,7.731,0.0,11.33,11.33,0.0
2005-10-29,3.11,3.11,0.0,7.697,7.697,0.0,11.23,11.23,0.0
2005-10-30,2.993,2.993,0.0,7.604,7.604,0.0,11.04,11.04,0.0
2005-10-31,2.429,2.429,0.0,7.042,7.042,0.0,9.827,9.827,0.0
2005-11-01,2.51,2.51,0.0,6.928,6.928,0.0,9.953,9.953,0.0
2005-11-02,2.528,2.528,0.0,5.265,5.265,0.0,8.092,8.092,0.0
2005-11-03,2.577,2.577,0.0,5.715,5.715,0.0,8.649,8.649,0.0
2005-11-04,2.588,2.588,0.0,6.229,6.229,0.0,9.193,9.193,0.0
2005-11-05,2.637,2.637,0.0,6.75,6.75,0.0,10.04,10.04,0.0
2005-11-06,2.524,2.524,0.0,6.633,6.633,0.0,9.765,9.765,0.0
2005-11-07,2.271,2.271,0.0,6.605,6.605,0.0,9.612,9.612,0.0
2005-11-08,2.966,2.966,0.0,8.665,8.665,0.0,12.87,12.87,0.0
2005-11-09,2.792,2.792,0.0,8.495,8.495,0.0,12.22,12.22,0.0
2005-11-10,2.785,2.785,0.0,8.554,8.554,0.0,12.22,12.22,0.0
2005-11-11,2.769,2.769,0.0,8.542,8.542,0.0,12.18,12.18,0.0
2005-11-12,2.722,2.722,0.0,7.978,7.978,0.0,11.22,11.22,0.0
2005-11-13,2.568,2.568,0.0,8.248,8.248,0.0,11.63,11.63,0.0
2005-11-14,2.689,2.689,0.0,6.354,6.354,0.0,9.913,9.913,0.0
2005-11-15,3.352,3.352,0.0,8.359,8.359,0.0,12.75,12.75,0.0
2005-11-16,3.624,3.624,0.0,10.44,10.44,0.0,15.16,15.16,0.0
2005-11-17,3.527,3.527,0.0,10.14,10.14,0.0,14.55,14.55,0.0
2005-11-18,3.514,3.514,0.0,10.29,10.29,0.0,14.53,14.53,0.0
2005-11-19,3.146,3.146,0.0,9.519,9.519,0.0,13.26,13.26,0.0
2005-11-20,3.209,3.209,0.0,9.736,9.736,0.0,13.76,13.76,0.0
2005-11-21,3.843,3.843,0.0,9.405,9.405,0.0,14.01,14.01,0.0
2005-11-22,4.498,4.498,0.0,10.29,10.29,0.0,15.65,15.65,0.0
2005-11-23,4.92,4.92,0.0,10.31,10.31,0.0,16.1,16.1,0.0
2005-11-24,4.929,4.929,0.0,9.051,9.051,0.0,14.73,14.73,0.0
2005-11-25,4.71,4.71,0.0,8.67,8.67,0.0,13.62,13.62,0.0
2005-11-26,4.082,4.082,0.0,10.7,10.7,0.0,15.65,15.65,0.0
2005-11-27,4.745,4.745,0.0,16.48,16.48,0.0,22.2,22.2,0.0
2005-11-28,6.91,6.91,0.0,15.68,15.68,0.0,23.44,23.44,0.0
2005-11-29,14.57,14.57,0.0,30.23,30.23,0.0,42.97,42.97,0.0
2005-11-30,8.012,8.012,0.0,16.79,16.79,0.0,25.5,25.5,0.0
2005-12-01,7.94,7.94,0.0,16.72,16.72,0.0,25.43,25.43,0.0
2005-12-02,6.927,6.927,0.0,16.58,16.58,0.0,24.36,24.36,0.0
2005-12-03,7.359,7.359,0.0,16.91,16.91,0.0,25.16,25.16,0.0
2005-12-04,7.823,7.823,0.0,15.79,15.79,0.0,23.74,23.74,0.0
2005-12-05,7.35,7.35,0.0,13.83,13.83,0.0,20.84,20.84,0.0
2005-12-06,5.163,5.163,0.0,10.31,10.31,0.0,16.74,16.74,0.0
2005-12-07,6.018,6.018,0.0,12.33,12.33,0.0,19.3,19.3,0.0
2005-12-08,6.574,6.574,0.0,13.81,13.81,0.0,21.4,21.4,0.0
2005-12-09,6.567,6.567,0.0,13.84,13.84,0.0,21.17,21.17,0.0
2005-12-10,6.601,6.601,0.0,14.0,14.0,0.0,21.38,21.38,0.0
2005-12-11,6.075,6.075,0.0,13.76,13.76,0.0,20.72,20.72,0.0
2005-12-12,6.021,6.021,0.0,11.88,11.88,0.0,18.49,18.49,0.0
2005-12-13,6.013,6.013,0.0,11.53,11.53,0.0,17.33,17.33,0.0
2005-12-14,5.217,5.217,0.0,9.474,9.474,0.0,15.2,15.2,0.0
2005-12-15,5.037,5.037,0.0,9.954,9.954,0.0,16.06,16.06,0.0
2005-12-16,5.238,5.238,0.0,10.28,10.28,0.0,16.33,16.33,0.0
2005-12-17,5.505,5.505,0.0,11.41,11.41,0.0,18.26,18.26,0.0
2005-12-18,6.411,6.411,0.0,12.53,12.53,0.0,20.11,20.11,0.0
2005-12-19,4.99,4.99,0.0,10.44,10.44,0.0,16.15,16.15,0.0
2005-12-20,5.022,5.022,0.0,10.08,10.08,0.0,15.54,15.54,0.0
2005-12-21,5.0,5.0,0.0,9.342,9.342,0.0,14.25,14.25,0.0
2005-12-22,4.935,4.935,0.0,9.637,9.637,0.0,15.11,15.11,0.0
2005-12-23,10.61,10.61,0.0,20.76,20.76,0.0,31.93,31.93,0.0
2005-12-24,11.24,11.24,0.0,21.4,21.4,0.0,30.44,30.44,0.0
2005-12-25,6.708,6.708,0.0,21.53,21.53,0.0,30.35,30.35,0.0
2005-12-26,4.985,4.985,0.0,12.57,12.57,0.0,18.22,18.22,0.0
2005-12-27,4.899,4.899,0.0,14.91,14.91,0.0,20.21,20.21,0.0
2005-12-28,5.435,5.435,0.0,18.93,18.93,0.0,24.61,24.61,0.0
2005-12-29,5.387,5.387,0.0,13.41,13.41,0.0,19.22,19.22,0.0
2005-12-30,5.164,5.164,0.0,12.35,12.35,0.0,18.05,18.05,0.0
2005-12-31,4.737,4.737,0.0,12.95,12.95,0.0,18.42,18.42,0.0
2006-01-01,6.932,6.932,0.0,16.06,16.06,0.0,24.03,24.03,0.0
2006-01-02,9.392,9.392,0.0,26.91,26.91,0.0,37.14,37.14,0.0
2006-01-03,6.669,6.669,0.0,18.29,18.29,0.0,25.97,25.97,0.0
2006-01-04,7.43,7.43,0.0,19.03,19.03,0.0,27.36,27.36,0.0
2006-01-05,8.518,8.518,0.0,19.91,19.91,0.0,29.05,29.05,0.0
2006-01-06,8.829,8.829,0.0,20.04,20.04,0.0,29.35,29.35,0.0
2006-01-07,8.776,8.776,0.0,16.89,16.89,0.0,25.28,25.28,0.0
2006-01-08,8.659,8.659,0.0,13.61,13.61,0.0,21.51,21.51,0.0
2006-01-09,7.901,7.901,0.0,14.43,14.43,0.0,22.51,22.51,0.0
2006-01-10,7.273,7.273,0.0,16.34,16.34,0.0,24.41,24.41,0.0
2006-01-11,7.319,7.319,0.0,19.12,19.12,0.0,27.21,27.21,0.0
2006-01-12,7.858,7.858,0.0,19.51,19.51,0.0,27.83,27.83,0.0
2006-01-13,11.69,11.69,0.0,24.92,24.92,0.0,36.05,36.05,0.0
2006-01-14,9.948,9.948,0.0,23.48,23.48,0.0,34.03,34.03,0.0
2006-01-15,8.726,8.726,0.0,22.3,22.3,0.0,31.84,31.84,0.0
2006-01-16,9.85,9.85,0.0,22.87,22.87,0.0,33.26,33.26,0.0
2006-01-17,18.64,18.64,0.0,40.53,40.53,0.0,56.34,56.34,0.0
2006-01-18,12.57,12.57,0.0,24.39,24.39,0.0,37.22,37.22,0.0
2006-01-19,11.61,11.61,0.0,20.57,20.57,0.0,32.52,32.52,0.0
2006-01-20,11.62,11.62,0.0,20.85,20.85,0.0,31.0,31.0,0.0
2006-01-21,10.4,10.4,0.0,20.61,20.61,0.0,31.21,31.21,0.0
2006-01-22,9.57,9.57,0.0,22.92,22.92,0.0,33.73,33.73,0.0
2006-01-23,10.81,10.81,0.0,24.11,24.11,0.0,35.33,35.33,0.0
2006-01-24,11.55,11.55,0.0,24.64,24.64,0.0,36.45,36.45,0.0
2006-01-25,11.44,11.44,0.0,24.5,24.5,0.0,36.44,36.44,0.0
2006-01-26,10.34,10.34,0.0,23.98,23.98,0.0,35.22,35.22,0.0
2006-01-27,10.79,10.79,0.0,24.35,24.35,0.0,35.69,35.69,0.0
2006-01-28,10.8,10.8,0.0,20.15,20.15,0.0,31.45,31.45,0.0
2006-01-29,11.39,11.39,0.0,19.1,19.1,0.0,30.17,30.17,0.0
2006-01-30,11.23,11.23,0.0,19.25,19.25,0.0,29.77,29.77,0.0
2006-01-31,9.893,9.893,0.0,20.81,20.81,0.0,31.06,31.06,0.0
2006-02-01,8.882,8.882,0.0,21.51,21.51,0.0,31.43,31.43,0.0
2006-02-02,9.859,9.859,0.0,22.2,22.2,0.0,32.43,32.43,0.0
2006-02-03,11.06,11.06,0.0,22.7,22.7,0.0,33.86,33.86,0.0
2006-02-04,13.06,13.06,0.0,25.13,25.13,0.0,37.92,37.92,0.0
2006-02-05,11.64,11.64,0.0,23.75,23.75,0.0,35.76,35.76,0.0
2006-02-06,10.54,10.54,0.0,23.17,23.17,0.0,34.35,34.35,0.0
2006-02-07,10.75,10.75,0.0,20.98,20.98,0.0,32.12,32.12,0.0
2006-02-08,10.84,10.84,0.0,17.74,17.74,0.0,27.78,27.78,0.0
2006-02-09,10.64,10.64,0.0,17.92,17.92,0.0,28.09,28.09,0.0
2006-02-10,8.349,8.349,0.0,19.42,19.42,0.0,28.82,28.82,0.0
2006-02-11,9.25,9.25,0.0,20.21,20.21,0.0,29.96,29.96,0.0
2006-02-12,9.505,9.505,0.0,20.1,20.1,0.0,29.95,29.95,0.0
2006-02-13,9.519,9.519,0.0,19.76,19.76,0.0,29.51,29.51,0.0
2006-02-14,15.4,15.4,0.0,32.52,32.52,0.0,51.03,51.03,0.0
2006-02-15,11.0,11.0,0.0,25.21,25.21,0.0,36.17,36.17,0.0
2006-02-16,9.051,9.051,0.0,18.74,18.74,0.0,28.29,28.29,0.0
2006-02-17,8.922,8.922,0.0,18.84,18.84,0.0,27.9,27.9,0.0
2006-02-18,8.58,8.58,0.0,15.49,15.49,0.0,24.56,24.56,0.0
2006-02-19,7.746,7.746,0.0,16.12,16.12,0.0,24.7,24.7,0.0
2006-02-20,7.543,7.543,0.0,16.66,16.66,0.0,24.53,24.53,0.0
2006-02-21,8.809,8.809,0.0,17.58,17.58,0.0,26.44,26.44,0.0
2006-02-22,9.413,9.413,0.0,17.17,17.17,0.0,26.03,26.03,0.0
2006-02-23,7.68,7.68,0.0,17.5,17.5,0.0,25.69,25.69,0.0
2006-02-24,7.818,7.818,0.0,16.96,16.96,0.0,25.11,25.11,0.0
2006-02-25,7.953,7.953,0.0,17.3,17.3,0.0,25.49,25.49,0.0
2006-02-26,7.924,7.924,0.0,15.73,15.73,0.0,23.85,23.85,0.0
2006-02-27,7.968,7.968,0.0,15.51,15.51,0.0,23.59,23.59,0.0
2006-02-28,8.02,8.02,0.0,13.65,13.65,0.0,21.59,21.59,0.0
2006-03-01,8.781,8.781,0.0,14.48,14.48,0.0,22.66,22.66,0.0
2006-03-02,9.259,9.259,0.0,17.11,17.11,0.0,26.13,26.13,0.0
2006-03-03,9.164,9.164,0.0,16.69,16.69,0.0,25.36,25.36,0.0
2006-03-04,7.822,7.822,0.0,16.78,16.78,0.0,24.9,24.9,0.0
2006-03-05,8.424,8.424,0.0,16.75,16.75,0.0,25.14,25.14,0.0
2006-03-06,8.398,8.398,0.0,16.71,16.71,0.0,25.19,25.19,0.0
2006-03-07,8.639,8.639,0.0,16.58,16.58,0.0,25.09,25.09,0.0
2006-03-08,8.175,8.175,0.0,17.13,17.13,0.0,25.38,25.38,0.0
2006-03-09,8.331,8.331,0.0,16.93,16.93,0.0,24.69,24.69,0.0
2006-03-10,8.362,8.362,0.0,16.68,16.68,0.0,24.26,24.26,0.0
2006-03-11,8.072,8.072,0.0,16.73,16.73,0.0,24.46,24.46,0.0
2006-03-12,8.384,8.384,0.0,18.74,18.74,0.0,27.08,27.08,0.0
2006-03-13,8.913,8.913,0.0,19.85,19.85,0.0,28.47,28.47,0.0
2006-03-14,8.975,8.975,0.0,20.11,20.11,0.0,28.77,28.77,0.0
2006-03-15,7.667,7.667,0.0,17.92,17.92,0.0,25.68,25.68,0.0
2006-03-16,8.13,8.13,0.0,17.57,17.57,0.0,25.57,25.57,0.0
2006-03-17,7.879,7.879,0.0,18.27,18.27,0.0,26.12,26.12,0.0
2006-03-18,7.55,7.55,0.0,18.52,18.52,0.0,26.15,26.15,0.0
2006-03-19,7.779,7.779,0.0,16.75,16.75,0.0,24.01,24.01,0.0
2006-03-20,7.557,7.557,0.0,15.92,15.92,0.0,22.87,22.87,0.0
2006-03-21,7.781,7.781,0.0,16.86,16.86,0.0,24.26,24.26,0.0
2006-03-22,7.736,7.736,0.0,17.1,17.1,0.0,24.51,24.51,0.0
2006-03-23,7.979,7.979,0.0,17.22,17.22,0.0,24.92,24.92,0.0
2006-03-24,8.449,8.449,0.0,16.1,16.1,0.0,24.32,24.32,0.0
2006-03-25,8.678,8.678,0.0,16.0,16.0,0.0,24.42,24.42,0.0
2006-03-26,8.569,8.569,0.0,16.25,16.25,0.0,24.52,24.52,0.0
2006-03-27,7.937,7.937,0.0,18.25,18.25,0.0,26.15,26.15,0.0
2006-03-28,7.495,7.495,0.0,17.87,17.87,0.0,25.48,25.48,0.0
2006-03-29,7.818,7.818,0.0,16.12,16.12,0.0,23.8,23.8,0.0
2006-03-30,7.611,7.611,0.0,15.25,15.25,0.0,22.35,22.35,0.0
2006-03-31,8.113,8.113,0.0,15.76,15.76,0.0,23.19,23.19,0.0
2006-04-01,7.901,7.901,0.0,16.37,16.37,0.0,23.85,23.85,0.0
2006-04-02,8.116,8.116,0.0,16.84,16.84,0.0,24.6,24.6,0.0
2006-04-03,8.538,8.538,0.0,17.65,17.65,0.0,25.94,25.94,0.0
2006-04-04,8.509,8.509,0.0,17.69,17.69,0.0,25.95,25.95,0.0
2006-04-05,8.444,8.444,0.0,17.9,17.9,0.0,26.18,26.18,0.0
2006-04-06,8.704,8.704,0.0,17.44,17.44,0.0,26.01,26.01,0.0
2006-04-07,11.59,11.59,0.0,20.46,20.46,0.0,31.04,31.04,0.0
2006-04-08,9.973,9.973,0.0,18.16,18.16,0.0,27.89,27.89,0.0
2006-04-09,8.932,8.932,0.0,18.59,18.59,0.0,27.57,27.57,0.0
2006-04-10,7.725,7.725,0.0,18.24,18.24,0.0,26.29,26.29,0.0
2006-04-11,7.798,7.798,0.0,17.03,17.03,0.0,24.58,24.58,0.0
2006-04-12,8.184,8.184,0.0,17.11,17.11,0.0,25.36,25.36,0.0
2006-04-13,8.96,8.96,0.0,18.08,18.08,0.0,26.36,26.36,0.0
2006-04-14,13.3,13.3,0.0,23.59,23.59,0.0,35.06,35.06,0.0
2006-04-15,11.68,11.68,0.0,21.63,21.63,0.0,32.4,32.4,0.0
2006-04-16,14.83,14.83,0.0,25.92,25.92,0.0,39.69,39.69,0.0
2006-04-17,15.28,15.28,0.0,30.62,30.62,0.0,44.8,44.8,0.0
2006-04-18,12.55,12.55,0.0,26.22,26.22,0.0,38.51,38.51,0.0
2006-04-19,12.24,12.24,0.0,24.45,24.45,0.0,36.44,36.44,0.0
2006-04-20,12.57,12.57,0.0,25.23,25.23,0.0,37.68,37.68,0.0
2006-04-21,16.4,16.4,0.0,30.38,30.38,0.0,45.98,45.98,0.0
2006-04-22,16.32,16.32,0.0,27.98,27.98,0.0,43.96,43.96,0.0
2006-04-23,10.89,10.89,0.0,25.9,25.9,0.0,38.05,38.05,0.0
2006-04-24,11.87,11.87,0.0,22.87,22.87,0.0,34.43,34.43,0.0
2006-04-25,11.08,11.08,0.0,24.07,24.07,0.0,34.93,34.93,0.0
2006-04-26,11.83,11.83,0.0,25.51,25.51,0.0,37.15,37.15,0.0
2006-04-27,12.16,12.16,0.0,26.04,26.04,0.0,38.11,38.11,0.0
2006-04-28,12.19,12.19,0.0,26.02,26.02,0.0,38.18,38.18,0.0
2006-04-29,12.06,12.06,0.0,24.7,24.7,0.0,36.75,36.75,0.0
2006-04-30,11.87,11.87,0.0,24.67,24.67,0.0,36.53,36.53,0.0
2006-05-01,10.24,10.24,0.0,22.41,22.41,0.0,32.81,32.81,0.0
2006-05-02,10.11,10.11,0.0,22.23,22.23,0.0,32.35,32.35,0.0
2006-05-03,9.565,9.565,0.0,20.59,20.59,0.0,30.76,30.76,0.0
2006-05-04,10.0,10.0,0.0,20.92,20.92,0.0,30.67,30.67,0.0
2006-05-05,10.18,10.18,0.0,21.79,21.79,0.0,31.8,31.8,0.0
2006-05-06,10.17,10.17,0.0,22.02,22.02,0.0,32.1,32.1,0.0
2006-05-07,10.47,10.47,0.0,22.57,22.57,0.0,33.06,33.06,0.0
2006-05-08,10.35,10.35,0.0,21.49,21.49,0.0,31.76,31.76,0.0
2006-05-09,10.21,10.21,0.0,21.51,21.51,0.0,31.63,31.63,0.0
2006-05-10,10.52,10.52,0.0,20.3,20.3,0.0,30.84,30.84,0.0
2006-05-11,10.96,10.96,0.0,22.49,22.49,0.0,33.59,33.59,0.0
2006-05-12,9.251,9.251,0.0,22.27,22.27,0.0,32.14,32.14,0.0
2006-05-13,9.415,9.415,0.0,21.95,21.95,0.0,31.27,31.27,0.0
2006-05-14,11.47,11.47,0.0,25.17,25.17,0.0,36.86,36.86,0.0
2006-05-15,11.67,11.67,0.0,24.55,24.55,0.0,36.34,36.34,0.0
2006-05-16,10.31,10.31,0.0,22.75,22.75,0.0,33.92,33.92,0.0
2006-05-17,10.82,10.82,0.0,21.79,21.79,0.0,33.27,33.27,0.0
2006-05-18,10.78,10.78,0.0,22.64,22.64,0.0,33.26,33.26,0.0
2006-05-19,10.81,10.81,0.0,23.0,23.0,0.0,33.98,33.98,0.0
2006-05-20,10.55,10.55,0.0,23.27,23.27,0.0,34.0,34.0,0.0
2006-05-21,9.826,9.826,0.0,23.37,23.37,0.0,33.7,33.7,0.0
2006-05-22,8.739,8.739,0.0,21.22,21.22,0.0,30.19,30.19,0.0
2006-05-23,9.189,9.189,0.0,21.03,21.03,0.0,30.41,30.41,0.0
2006-05-24,9.306,9.306,0.0,21.42,21.42,0.0,30.95,30.95,0.0
2006-05-25,8.549,8.549,0.0,20.27,20.27,0.0,29.43,29.43,0.0
2006-05-26,9.041,9.041,0.0,20.19,20.19,0.0,29.93,29.93,0.0
2006-05-27,8.926,8.926,0.0,20.46,20.46,0.0,29.27,29.27,0.0
2006-05-28,8.864,8.864,0.0,20.82,20.82,0.0,29.73,29.73,0.0
2006-05-29,8.74,8.74,0.0,20.11,20.11,0.0,28.98,28.98,0.0
2006-05-30,7.808,7.808,0.0,20.19,20.19,0.0,28.24,28.24,0.0
2006-05-31,9.334,9.334,0.0,19.68,19.68,0.0,29.33,29.33,0.0
2006-06-01,11.54,11.54,0.0,20.82,20.82,0.0,31.55,31.55,0.0
2006-06-02,12.09,12.09,0.0,23.1,23.1,0.0,34.82,34.82,0.0
2006-06-03,10.73,10.73,0.0,21.38,21.38,0.0,32.09,32.09,0.0
2006-06-04,10.11,10.11,0.0,21.77,21.77,0.0,31.91,31.91,0.0
2006-06-05,10.32,10.32,0.0,22.84,22.84,0.0,33.36,33.36,0.0
2006-06-06,9.018,9.018,0.0,21.19,21.19,0.0,30.78,30.78,0.0
2006-06-07,9.303,9.303,0.0,20.43,20.43,0.0,30.03,30.03,0.0
2006-06-08,8.794,8.794,0.0,20.48,20.48,0.0,28.89,28.89,0.0
2006-06-09,8.484,8.484,0.0,19.7,19.7,0.0,28.15,28.15,0.0
2006-06-10,8.702,8.702,0.0,18.5,18.5,0.0,27.19,27.19,0.0
2006-06-11,8.82,8.82,0.0,19.59,19.59,0.0,28.57,28.57,0.0
2006-06-12,8.637,8.637,0.0,19.55,19.55,0.0,28.21,28.21,0.0
2006-06-13,8.171,8.171,0.0,18.82,18.82,0.0,27.02,27.02,0.0
2006-06-14,8.165,8.165,0.0,18.84,18.84,0.0,27.01,27.01,0.0
2006-06-15,7.424,7.424,0.0,17.81,17.81,0.0,25.58,25.58,0.0
2006-06-16,7.274,7.274,0.0,17.21,17.21,0.0,24.46,24.46,0.0
2006-06-17,7.033,7.033,0.0,16.87,16.87,0.0,23.82,23.82,0.0
2006-06-18,7.193,7.193,0.0,16.5,16.5,0.0,23.63,23.63,0.0
2006-06-19,7.271,7.271,0.0,15.85,15.85,0.0,23.2,23.2,0.0
2006-06-20,7.099,7.099,0.0,15.99,15.99,0.0,23.07,23.07,0.0
2006-06-21,6.757,6.757,0.0,16.01,16.01,0.0,22.75,22.75,0.0
2006-06-22,6.815,6.815,0.0,15.74,15.74,0.0,22.69,22.69,0.0
2006-06-23,6.517,6.517,0.0,15.69,15.69,0.0,22.46,22.46,0.0
2006-06-24,8.962,8.962,0.0,18.36,18.36,0.0,27.02,27.02,0.0
2006-06-25,14.82,14.82,0.0,26.48,26.48,0.0,40.42,40.42,0.0
2006-06-26,19.34,19.34,0.0,27.82,27.82,0.0,44.59,44.59,0.0
2006-06-27,19.33,19.33,0.0,27.86,27.86,0.0,44.81,44.81,0.0
2006-06-28,14.01,14.01,0.0,25.37,25.37,0.0,39.19,39.19,0.0
2006-06-29,13.69,13.69,0.0,25.02,25.02,0.0,38.26,38.26,0.0
2006-06-30,13.45,13.45,0.0,24.72,24.72,0.0,37.71,37.71,0.0
2006-07-01,13.07,13.07,0.0,22.7,22.7,0.0,35.33,35.33,0.0
2006-07-02,10.24,10.24,0.0,19.92,19.92,0.0,30.4,30.4,0.0
2006-07-03,10.87,10.87,0.0,18.1,18.1,0.0,28.54,28.54,0.0
2006-07-04,9.752,9.752,0.0,20.44,20.44,0.0,30.41,30.41,0.0
2006-07-05,11.05,11.05,0.0,23.26,23.26,0.0,34.9,34.9,0.0
2006-07-06,11.07,11.07,0.0,22.8,22.8,0.0,33.9,33.9,0.0
2006-07-07,11.11,11.11,0.0,22.86,22.86,0.0,33.99,33.99,0.0
2006-07-08,10.98,10.98,0.0,22.65,22.65,0.0,33.65,33.65,0.0
2006-07-09,10.76,10.76,0.0,22.29,22.29,0.0,33.07,33.07,0.0
2006-07-10,9.37,9.37,0.0,21.83,21.83,0.0,31.27,31.27,0.0
2006-07-11,9.275,9.275,0.0,17.86,17.86,0.0,27.29,27.29,0.0
2006-07-12,8.759,8.759,0.0,18.19,18.19,0.0,27.82,27.82,0.0
2006-07-13,9.651,9.651,0.0,21.49,21.49,0.0,32.4,32.4,0.0
2006-07-14,9.5,9.5,0.0,21.2,21.2,0.0,31.28,31.28,0.0
2006-07-15,9.58,9.58,0.0,20.84,20.84,0.0,30.49,30.49,0.0
2006-07-16,9.427,9.427,0.0,20.95,20.95,0.0,30.59,30.59,0.0
2006-07-17,10.12,10.12,0.0,20.89,20.89,0.0,31.71,31.71,0.0
2006-07-18,10.47,10.47,0.0,20.94,20.94,0.0,31.82,31.82,0.0
2006-07-19,11.01,11.01,0.0,20.6,20.6,0.0,31.52,31.52,0.0
2006-07-20,10.64,10.64,0.0,18.03,18.03,0.0,28.73,28.73,0.0
2006-07-21,10.92,10.92,0.0,16.65,16.65,0.0,26.84,26.84,0.0
2006-07-22,10.3,10.3,0.0,17.83,17.83,0.0,27.58,27.58,0.0
2006-07-23,8.695,8.695,0.0,18.14,18.14,0.0,27.12,27.12,0.0
2006-07-24,8.745,8.745,0.0,17.56,17.56,0.0,26.22,26.22,0.0
2006-07-25,9.224,9.224,0.0,17.78,17.78,0.0,26.81,26.81,0.0
2006-07-26,9.295,9.295,0.0,17.57,17.57,0.0,26.58,26.58,0.0
2006-07-27,9.24,9.24,0.0,17.32,17.32,0.0,26.25,26.25,0.0
2006-07-28,9.086,9.086,0.0,16.97,16.97,0.0,25.74,25.74,0.0
2006-07-29,8.671,8.671,0.0,14.19,14.19,0.0,22.34,22.34,0.0
2006-07-30,8.537,8.537,0.0,14.42,14.42,0.0,22.53,22.53,0.0
2006-07-31,6.97,6.97,0.0,14.87,14.87,0.0,21.88,21.88,0.0
2006-08-01,7.422,7.422,0.0,14.94,14.94,0.0,22.22,22.22,0.0
2006-08-02,7.564,7.564,0.0,14.36,14.36,0.0,21.72,21.72,0.0
2006-08-03,7.53,7.53,0.0,14.27,14.27,0.0,21.56,21.56,0.0
2006-08-04,7.412,7.412,0.0,14.04,14.04,0.0,21.21,21.21,0.0
2006-08-05,7.258,7.258,0.0,13.3,13.3,0.0,20.31,20.31,0.0
2006-08-06,7.202,7.202,0.0,12.53,12.53,0.0,19.44,19.44,0.0
2006-08-07,6.565,6.565,0.0,12.69,12.69,0.0,19.24,19.24,0.0
2006-08-08,6.623,6.623,0.0,12.45,12.45,0.0,19.01,19.01,0.0
2006-08-09,6.198,6.198,0.0,12.71,12.71,0.0,18.99,18.99,0.0
2006-08-10,6.262,6.262,0.0,12.43,12.43,0.0,18.63,18.63,0.0
2006-08-11,6.181,6.181,0.0,11.76,11.76,0.0,17.76,17.76,0.0
2006-08-12,6.114,6.114,0.0,11.66,11.66,0.0,17.59,17.59,0.0
2006-08-13,6.01,6.01,0.0,11.48,11.48,0.0,17.3,17.3,0.0
2006-08-14,5.887,5.887,0.0,11.13,11.13,0.0,16.84,16.84,0.0
2006-08-15,5.68,5.68,0.0,10.22,10.22,0.0,15.62,15.62,0.0
2006-08-16,5.483,5.483,0.0,10.36,10.36,0.0,15.66,15.66,0.0
2006-08-17,5.214,5.214,0.0,10.33,10.33,0.0,15.36,15.36,0.0
2006-08-18,5.004,5.004,0.0,9.972,9.972,0.0,14.91,14.91,0.0
2006-08-19,5.115,5.115,0.0,9.897,9.897,0.0,15.0,15.0,0.0
2006-08-20,5.013,5.013,0.0,9.642,9.642,0.0,14.53,14.53,0.0
2006-08-21,4.942,4.942,0.0,9.511,9.511,0.0,14.32,14.32,0.0
2006-08-22,4.855,4.855,0.0,9.269,9.269,0.0,13.99,13.99,0.0
2006-08-23,4.706,4.706,0.0,9.03,9.03,0.0,13.64,13.64,0.0
2006-08-24,4.546,4.546,0.0,8.52,8.52,0.0,13.0,13.0,0.0
2006-08-25,4.508,4.508,0.0,8.515,8.515,0.0,12.79,12.79,0.0
2006-08-26,4.542,4.542,0.0,8.893,8.893,0.0,13.52,13.52,0.0
2006-08-27,4.72,4.72,0.0,9.128,9.128,0.0,14.21,14.21,0.0
2006-08-28,4.551,4.551,0.0,9.146,9.146,0.0,14.03,14.03,0.0
2006-08-29,4.92,4.92,0.0,8.812,8.812,0.0,13.87,13.87,0.0
2006-08-30,4.869,4.869,0.0,8.874,8.874,0.0,13.82,13.82,0.0
2006-08-31,5.255,5.255,0.0,9.013,9.013,0.0,14.25,14.25,0.0
2006-09-01,6.25,6.25,0.0,11.48,11.48,0.0,18.13,18.13,0.0
2006-09-02,6.941,6.941,0.0,11.45,11.45,0.0,18.2,18.2,0.0
2006-09-03,8.999,8.999,0.0,13.53,13.53,0.0,22.18,22.18,0.0
2006-09-04,10.66,10.66,0.0,14.92,14.92,0.0,24.88,24.88,0.0
2006-09-05,12.97,12.97,0.0,16.19,16.19,0.0,28.0,28.0,0.0
2006-09-06,12.55,12.55,0.0,14.78,14.78,0.0,26.36,26.36,0.0
2006-09-07,11.97,11.97,0.0,14.41,14.41,0.0,25.56,25.56,0.0
2006-09-08,11.76,11.76,0.0,14.29,14.29,0.0,25.25,25.25,0.0
2006-09-09,11.38,11.38,0.0,14.08,14.08,0.0,24.73,24.73,0.0
2006-09-10,11.06,11.06,0.0,13.82,13.82,0.0,23.4,23.4,0.0
2006-09-11,7.788,7.788,0.0,11.3,11.3,0.0,19.22,19.22,0.0
2006-09-12,8.28,8.28,0.0,10.16,10.16,0.0,18.18,18.18,0.0
2006-09-13,8.988,8.988,0.0,11.27,11.27,0.0,19.84,19.84,0.0
2006-09-14,9.199,9.199,0.0,11.74,11.74,0.0,20.43,20.43,0.0
2006-09-15,9.229,9.229,0.0,11.89,11.89,0.0,20.58,20.58,0.0
2006-09-16,9.139,9.139,0.0,11.85,11.85,0.0,20.44,20.44,0.0
2006-09-17,8.303,8.303,0.0,11.7,11.7,0.0,19.81,19.81,0.0
2006-09-18,7.97,7.97,0.0,11.54,11.54,0.0,19.04,19.04,0.0
2006-09-19,8.156,8.156,0.0,11.32,11.32,0.0,18.98,18.98,0.0
2006-09-20,7.205,7.205,0.0,8.584,8.584,0.0,15.36,15.36,0.0
2006-09-21,7.543,7.543,0.0,9.055,9.055,0.0,16.11,16.11,0.0
2006-09-22,7.703,7.703,0.0,9.786,9.786,0.0,17.08,17.08,0.0
2006-09-23,7.622,7.622,0.0,9.858,9.858,0.0,17.01,17.01,0.0
2006-09-24,7.641,7.641,0.0,10.18,10.18,0.0,17.51,17.51,0.0
2006-09-25,7.377,7.377,0.0,9.725,9.725,0.0,16.62,16.62,0.0
2006-09-26,6.812,6.812,0.0,9.567,9.567,0.0,16.12,16.12,0.0
2006-09-27,6.555,6.555,0.0,9.392,9.392,0.0,15.51,15.51,0.0
2006-09-28,6.404,6.404,0.0,9.46,9.46,0.0,15.67,15.67,0.0
2006-09-29,6.331,6.331,0.0,7.765,7.765,0.0,13.83,13.83,0.0
2006-09-30,6.765,6.765,0.0,9.216,9.216,0.0,15.93,15.93,0.0
2006-10-01,6.484,6.484,0.0,8.784,8.784,0.0,14.87,14.87,0.0
2006-10-02,6.419,6.419,0.0,8.85,8.85,0.0,14.87,14.87,0.0
2006-10-03,6.322,6.322,0.0,8.464,8.464,0.0,14.39,14.39,0.0
2006-10-04,6.694,6.694,0.0,10.16,10.16,0.0,17.1,17.1,0.0
2006-10-05,7.937,7.937,0.0,12.17,12.17,0.0,20.62,20.62,0.0
2006-10-06,9.717,9.717,0.0,15.56,15.56,0.0,25.21,25.21,0.0
2006-10-07,9.502,9.502,0.0,13.53,13.53,0.0,22.79,22.79,0.0
2006-10-08,9.173,9.173,0.0,13.41,13.41,0.0,22.4,22.4,0.0
2006-10-09,9.042,9.042,0.0,13.37,13.37,0.0,22.23,22.23,0.0
2006-10-10,8.84,8.84,0.0,13.2,13.2,0.0,21.87,21.87,0.0
2006-10-11,7.38,7.38,0.0,13.24,13.24,0.0,20.73,20.73,0.0
2006-10-12,7.272,7.272,0.0,11.36,11.36,0.0,18.54,18.54,0.0
2006-10-13,6.863,6.863,0.0,8.779,8.779,0.0,15.49,15.49,0.0
2006-10-14,7.247,7.247,0.0,10.1,10.1,0.0,17.18,17.18,0.0
2006-10-15,7.351,7.351,0.0,10.83,10.83,0.0,18.02,18.02,0.0
2006-10-16,7.489,7.489,0.0,11.67,11.67,0.0,19.24,19.24,0.0
2006-10-17,8.973,8.973,0.0,14.24,14.24,0.0,23.29,23.29,0.0
2006-10-18,8.06,8.06,0.0,13.4,13.4,0.0,21.38,21.38,0.0
2006-10-19,8.0,8.0,0.0,13.54,13.54,0.0,21.46,21.46,0.0
2006-10-20,7.364,7.364,0.0,13.55,13.55,0.0,21.17,21.17,0.0
2006-10-21,6.713,6.713,0.0,13.22,13.22,0.0,20.17,20.17,0.0
2006-10-22,7.039,7.039,0.0,12.39,12.39,0.0,19.1,19.1,0.0
2006-10-23,6.444,6.444,0.0,10.27,10.27,0.0,16.59,16.59,0.0
2006-10-24,6.735,6.735,0.0,9.7,9.7,0.0,16.33,16.33,0.0
2006-10-25,6.772,6.772,0.0,10.78,10.78,0.0,17.41,17.41,0.0
2006-10-26,7.061,7.061,0.0,11.78,11.78,0.0,18.85,18.85,0.0
2006-10-27,10.47,10.47,0.0,15.23,15.23,0.0,25.1,25.1,0.0
2006-10-28,10.16,10.16,0.0,15.17,15.17,0.0,24.83,24.83,0.0
2006-10-29,9.481,9.481,0.0,14.96,14.96,0.0,24.09,24.09,0.0
2006-10-30,9.434,9.434,0.0,14.94,14.94,0.0,24.01,24.01,0.0
2006-10-31,9.328,9.328,0.0,14.88,14.88,0.0,23.89,23.89,0.0
2006-11-01,9.598,9.598,0.0,15.59,15.59,0.0,25.07,25.07,0.0
2006-11-02,9.264,9.264,0.0,14.99,14.99,0.0,23.57,23.57,0.0
2006-11-03,6.323,6.323,0.0,13.38,13.38,0.0,19.74,19.74,0.0
2006-11-04,7.397,7.397,0.0,9.831,9.831,0.0,17.01,17.01,0.0
2006-11-05,7.984,7.984,0.0,11.76,11.76,0.0,19.4,19.4,0.0
2006-11-06,8.303,8.303,0.0,12.69,12.69,0.0,20.56,20.56,0.0
2006-11-07,9.325,9.325,0.0,13.95,13.95,0.0,22.91,22.91,0.0
2006-11-08,9.305,9.305,0.0,14.37,14.37,0.0,23.25,23.25,0.0
2006-11-09,9.197,9.197,0.0,14.19,14.19,0.0,22.87,22.87,0.0
2006-11-10,9.067,9.067,0.0,14.09,14.09,0.0,22.64,22.64,0.0
2006-11-11,9.945,9.945,0.0,15.72,15.72,0.0,25.37,25.37,0.0
2006-11-12,9.603,9.603,0.0,15.49,15.49,0.0,24.72,24.72,0.0
2006-11-13,8.619,8.619,0.0,15.19,15.19,0.0,23.24,23.24,0.0
2006-11-14,6.928,6.928,0.0,12.13,12.13,0.0,19.29,19.29,0.0
2006-11-15,11.76,11.76,0.0,17.21,17.21,0.0,28.22,28.22,0.0
2006-11-16,17.53,17.53,0.0,21.4,21.4,0.0,36.19,36.19,0.0
2006-11-17,12.22,12.22,0.0,18.93,18.93,0.0,30.86,30.86,0.0
2006-11-18,12.04,12.04,0.0,18.8,18.8,0.0,30.34,30.34,0.0
2006-11-19,11.95,11.95,0.0,15.21,15.21,0.0,25.98,25.98,0.0
2006-11-20,11.75,11.75,0.0,16.49,16.49,0.0,27.34,27.34,0.0
2006-11-21,11.47,11.47,0.0,17.17,17.17,0.0,27.93,27.93,0.0
2006-11-22,11.42,11.42,0.0,17.63,17.63,0.0,27.89,27.89,0.0
2006-11-23,8.93,8.93,0.0,17.66,17.66,0.0,27.2,27.2,0.0
2006-11-24,8.627,8.627,0.0,14.16,14.16,0.0,23.15,23.15,0.0
2006-11-25,9.4,9.4,0.0,15.3,15.3,0.0,24.8,24.8,0.0
2006-11-26,9.722,9.722,0.0,15.83,15.83,0.0,25.54,25.54,0.0
2006-11-27,9.783,9.783,0.0,14.92,14.92,0.0,24.62,24.62,0.0
2006-11-28,9.688,9.688,0.0,13.79,13.79,0.0,23.37,23.37,0.0
2006-11-29,9.706,9.706,0.0,15.25,15.25,0.0,24.55,24.55,0.0
2006-11-30,9.808,9.808,0.0,15.8,15.8,0.0,25.29,25.29,0.0
2006-12-01,9.978,9.978,0.0,16.64,16.64,0.0,26.37,26.37,0.0
2006-12-02,8.525,8.525,0.0,16.49,16.49,0.0,24.87,24.87,0.0
2006-12-03,8.481,8.481,0.0,16.37,16.37,0.0,24.85,24.85,0.0
2006-12-04,8.302,8.302,0.0,13.43,13.43,0.0,21.65,21.65,0.0
2006-12-05,8.264,8.264,0.0,14.35,14.35,0.0,22.62,22.62,0.0
2006-12-06,8.481,8.481,0.0,14.75,14.75,0.0,23.13,23.13,0.0
2006-12-07,8.569,8.569,0.0,13.74,13.74,0.0,22.23,22.23,0.0
2006-12-08,8.441,8.441,0.0,13.12,13.12,0.0,21.01,21.01,0.0
2006-12-09,8.335,8.335,0.0,13.66,13.66,0.0,21.6,21.6,0.0
2006-12-10,8.162,8.162,0.0,14.13,14.13,0.0,22.0,22.0,0.0
2006-12-11,7.25,7.25,0.0,13.87,13.87,0.0,20.96,20.96,0.0
2006-12-12,6.972,6.972,0.0,13.99,13.99,0.0,21.17,21.17,0.0
2006-12-13,7.32,7.32,0.0,12.83,12.83,0.0,20.12,20.12,0.0
2006-12-14,7.241,7.241,0.0,12.02,12.02,0.0,19.1,19.1,0.0
2006-12-15,7.348,7.348,0.0,12.58,12.58,0.0,19.74,19.74,0.0
2006-12-16,7.332,7.332,0.0,12.78,12.78,0.0,19.91,19.91,0.0
2006-12-17,7.248,7.248,0.0,11.21,11.21,0.0,17.98,17.98,0.0
2006-12-18,7.16,7.16,0.0,12.05,12.05,0.0,18.89,18.89,0.0
2006-12-19,7.004,7.004,0.0,12.29,12.29,0.0,19.0,19.0,0.0
2006-12-20,6.267,6.267,0.0,12.32,12.32,0.0,18.4,18.4,0.0
2006-12-21,7.048,7.048,0.0,12.81,12.81,0.0,19.64,19.64,0.0
2006-12-22,9.499,9.499,0.0,14.92,14.92,0.0,23.77,23.77,0.0
2006-12-23,8.713,8.713,0.0,14.26,14.26,0.0,22.41,22.41,0.0
2006-12-24,9.265,9.265,0.0,14.25,14.25,0.0,22.87,22.87,0.0
2006-12-25,10.31,10.31,0.0,15.05,15.05,0.0,24.55,24.55,0.0
2006-12-26,9.999,9.999,0.0,16.01,16.01,0.0,25.44,25.44,0.0
2006-12-27,9.627,9.627,0.0,15.45,15.45,0.0,24.36,24.36,0.0
2006-12-28,8.055,8.055,0.0,12.54,12.54,0.0,20.36,20.36,0.0
2006-12-29,8.463,8.463,0.0,12.53,12.53,0.0,20.16,20.16,0.0
2006-12-30,9.07,9.07,0.0,12.07,12.07,0.0,20.31,20.31,0.0
2006-12-31,11.85,11.85,0.0,14.54,14.54,0.0,24.91,24.91,0.0
2007-01-01,11.56,11.56,0.0,15.29,15.29,0.0,25.46,25.46,0.0
2007-01-02,8.672,8.672,0.0,15.32,15.32,0.0,23.37,23.37,0.0
2007-01-03,9.374,9.374,0.0,15.33,15.33,0.0,23.86,23.86,0.0
2007-01-04,12.09,12.09,0.0,16.04,16.04,0.0,26.26,26.26,0.0
2007-01-05,13.12,13.12,0.0,16.96,16.96,0.0,28.03,28.03,0.0
2007-01-06,11.29,11.29,0.0,16.42,16.42,0.0,26.49,26.49,0.0
2007-01-07,15.22,15.22,0.0,19.17,19.17,0.0,31.96,31.96,0.0
2007-01-08,12.47,12.47,0.0,18.13,18.13,0.0,29.46,29.46,0.0
2007-01-09,12.28,12.28,0.0,15.21,15.21,0.0,26.08,26.08,0.0
2007-01-10,9.969,9.969,0.0,12.49,12.49,0.0,22.18,22.18,0.0
2007-01-11,10.78,10.78,0.0,14.57,14.57,0.0,24.15,24.15,0.0
2007-01-12,9.494,9.494,0.0,19.1,19.1,0.0,27.95,27.95,0.0
2007-01-13,10.45,10.45,0.0,19.24,19.24,0.0,28.98,28.98,0.0
2007-01-14,10.62,10.62,0.0,18.69,18.69,0.0,28.47,28.47,0.0
2007-01-15,10.75,10.75,0.0,19.13,19.13,0.0,28.9,28.9,0.0
2007-01-16,10.73,10.73,0.0,19.28,19.28,0.0,29.08,29.08,0.0
2007-01-17,10.52,10.52,0.0,19.02,19.02,0.0,28.57,28.57,0.0
2007-01-18,9.895,9.895,0.0,18.81,18.81,0.0,27.82,27.82,0.0
2007-01-19,9.006,9.006,0.0,17.84,17.84,0.0,26.52,26.52,0.0
2007-01-20,9.322,9.322,0.0,12.33,12.33,0.0,20.67,20.67,0.0
2007-01-21,8.444,8.444,0.0,14.65,14.65,0.0,22.45,22.45,0.0
2007-01-22,8.838,8.838,0.0,15.82,15.82,0.0,23.87,23.87,0.0
2007-01-23,8.937,8.937,0.0,16.0,16.0,0.0,24.13,24.13,0.0
2007-01-24,8.883,8.883,0.0,15.95,15.95,0.0,23.99,23.99,0.0
2007-01-25,8.866,8.866,0.0,16.04,16.04,0.0,24.19,24.19,0.0
2007-01-26,8.634,8.634,0.0,15.56,15.56,0.0,23.39,23.39,0.0
2007-01-27,10.39,10.39,0.0,21.16,21.16,0.0,30.66,30.66,0.0
2007-01-28,7.661,7.661,0.0,14.96,14.96,0.0,22.32,22.32,0.0
2007-01-29,6.963,6.963,0.0,11.6,11.6,0.0,18.08,18.08,0.0
2007-01-30,7.431,7.431,0.0,11.67,11.67,0.0,18.37,18.37,0.0
2007-01-31,7.45,7.45,0.0,11.94,11.94,0.0,18.59,18.59,0.0
2007-02-01,7.435,7.435,0.0,12.11,12.11,0.0,18.79,18.79,0.0
2007-02-02,7.413,7.413,0.0,12.31,12.31,0.0,19.08,19.08,0.0
2007-02-03,7.241,7.241,0.0,12.06,12.06,0.0,18.61,18.61,0.0
2007-02-04,7.138,7.138,0.0,11.24,11.24,0.0,17.74,17.74,0.0
2007-02-05,6.491,6.491,0.0,11.16,11.16,0.0,17.23,17.23,0.0
2007-02-06,6.497,6.497,0.0,10.83,10.83,0.0,16.73,16.73,0.0
2007-02-07,6.448,6.448,0.0,9.759,9.759,0.0,15.51,15.51,0.0
2007-02-08,5.892,5.892,0.0,9.914,9.914,0.0,15.24,15.24,0.0
2007-02-09,6.057,6.057,0.0,9.887,9.887,0.0,15.35,15.35,0.0
2007-02-10,6.083,6.083,0.0,9.6,9.6,0.0,15.09,15.09,0.0
2007-02-11,6.037,6.037,0.0,9.521,9.521,0.0,14.97,14.97,0.0
2007-02-12,6.037,6.037,0.0,9.343,9.343,0.0,14.91,14.91,0.0
2007-02-13,6.084,6.084,0.0,9.752,9.752,0.0,15.56,15.56,0.0
2007-02-14,5.72,5.72,0.0,9.5,9.5,0.0,14.93,14.93,0.0
2007-02-15,5.326,5.326,0.0,9.185,9.185,0.0,14.03,14.03,0.0
2007-02-16,5.322,5.322,0.0,8.05,8.05,0.0,12.82,12.82,0.0
2007-02-17,5.25,5.25,0.0,8.44,8.44,0.0,13.38,13.38,0.0
2007-02-18,5.008,5.008,0.0,8.429,8.429,0.0,13.07,13.07,0.0
2007-02-19,4.991,4.991,0.0,8.518,8.518,0.0,13.43,13.43,0.0
2007-02-20,13.11,13.11,0.0,25.99,25.99,0.0,40.59,40.59,0.0
2007-02-21,23.61,23.61,0.0,36.32,36.32,0.0,61.2,61.2,0.0
2007-02-22,9.382,9.382,0.0,18.22,18.22,0.0,28.67,28.67,0.0
2007-02-23,5.064,5.064,0.0,8.579,8.579,0.0,13.48,13.48,0.0
2007-02-24,5.29,5.29,0.0,9.771,9.771,0.0,15.55,15.55,0.0
2007-02-25,6.01,6.01,0.0,10.87,10.87,0.0,17.13,17.13,0.0
2007-02-26,9.138,9.138,0.0,14.07,14.07,0.0,24.03,24.03,0.0
2007-02-27,10.65,10.65,0.0,13.22,13.22,0.0,24.43,24.43,0.0
2007-02-28,8.47,8.47,0.0,15.69,15.69,0.0,23.29,23.29,0.0
2007-03-01,30.34,30.34,0.0,58.66,58.66,0.0,86.0,86.0,0.0
2007-03-02,11.0,11.0,0.0,35.35,35.35,0.0,47.2,47.2,0.0
2007-03-03,11.08,11.08,0.0,26.02,26.02,0.0,37.45,37.45,0.0
2007-03-04,10.97,10.97,0.0,18.0,18.0,0.0,28.97,28.97,0.0
2007-03-05,10.84,10.84,0.0,17.71,17.71,0.0,28.5,28.5,0.0
2007-03-06,10.63,10.63,0.0,17.67,17.67,0.0,28.28,28.28,0.0
2007-03-07,9.841,9.841,0.0,17.71,17.71,0.0,25.83,25.83,0.0
2007-03-08,9.307,9.307,0.0,12.92,12.92,0.0,21.7,21.7,0.0
2007-03-09,11.07,11.07,0.0,25.81,25.81,0.0,35.93,35.93,0.0
2007-03-10,11.07,11.07,0.0,74.31,74.31,0.0,85.47,85.47,0.0
2007-03-11,12.36,12.36,0.0,30.52,30.52,0.0,42.58,42.58,0.0
2007-03-12,12.87,12.87,0.0,27.57,27.57,0.0,40.03,40.03,0.0
2007-03-13,12.95,12.95,0.0,24.17,24.17,0.0,36.64,36.64,0.0
2007-03-14,13.2,13.2,0.0,27.47,27.47,0.0,40.4,40.4,0.0
2007-03-15,20.11,20.11,0.0,38.7,38.7,0.0,56.62,56.62,0.0
2007-03-16,18.89,18.89,0.0,34.36,34.36,0.0,52.08,52.08,0.0
2007-03-17,13.84,13.84,0.0,31.51,31.51,0.0,46.27,46.27,0.0
2007-03-18,14.47,14.47,0.0,24.07,24.07,0.0,38.09,38.09,0.0
2007-03-19,14.54,14.54,0.0,28.55,28.55,0.0,41.1,41.1,0.0
2007-03-20,14.17,14.17,0.0,28.56,28.56,0.0,41.67,41.67,0.0
2007-03-21,13.23,13.23,0.0,28.49,28.49,0.0,41.61,41.61,0.0
2007-03-22,13.95,13.95,0.0,28.76,28.76,0.0,42.47,42.47,0.0
2007-03-23,14.29,14.29,0.0,28.49,28.49,0.0,42.62,42.62,0.0
2007-03-24,14.27,14.27,0.0,30.38,30.38,0.0,44.56,44.56,0.0
2007-03-25,13.97,13.97,0.0,30.64,30.64,0.0,44.4,44.4,0.0
2007-03-26,12.12,12.12,0.0,30.52,30.52,0.0,43.24,43.24,0.0
2007-03-27,11.82,11.82,0.0,25.38,25.38,0.0,37.41,37.41,0.0
2007-03-28,18.75,18.75,0.0,29.78,29.78,0.0,45.01,45.01,0.0
2007-03-29,14.97,14.97,0.0,26.95,26.95,0.0,39.96,39.96,0.0
2007-03-30,14.19,14.19,0.0,28.18,28.18,0.0,41.09,41.09,0.0
2007-03-31,14.65,14.65,0.0,28.73,28.73,0.0,42.03,42.03,0.0
2007-04-01,14.09,14.09,0.0,28.95,28.95,0.0,42.59,42.59,0.0
2007-04-02,14.16,14.16,0.0,27.43,27.43,0.0,40.79,40.79,0.0
2007-04-03,14.25,14.25,0.0,28.02,28.02,0.0,41.39,41.39,0.0
2007-04-04,13.59,13.59,0.0,28.18,28.18,0.0,41.14,41.14,0.0
2007-04-05,11.93,11.93,0.0,25.67,25.67,0.0,37.43,37.43,0.0
2007-04-06,12.57,12.57,0.0,25.26,25.26,0.0,37.33,37.33,0.0
2007-04-07,12.84,12.84,0.0,25.44,25.44,0.0,36.65,36.65,0.0
2007-04-08,12.3,12.3,0.0,24.43,24.43,0.0,35.69,35.69,0.0
2007-04-09,11.62,11.62,0.0,24.99,24.99,0.0,36.01,36.01,0.0
2007-04-10,12.28,12.28,0.0,23.88,23.88,0.0,35.41,35.41,0.0
2007-04-11,15.08,15.08,0.0,26.15,26.15,0.0,39.81,39.81,0.0
2007-04-12,13.77,13.77,0.0,27.37,27.37,0.0,40.29,40.29,0.0
2007-04-13,15.14,15.14,0.0,27.36,27.36,0.0,41.32,41.32,0.0
2007-04-14,28.47,28.47,0.0,44.54,44.54,0.0,70.94,70.94,0.0
2007-04-15,24.35,24.35,0.0,39.97,39.97,0.0,62.87,62.87,0.0
2007-04-16,19.68,19.68,0.0,39.17,39.17,0.0,59.25,59.25,0.0
2007-04-17,18.84,18.84,0.0,37.24,37.24,0.0,55.92,55.92,0.0
2007-04-18,17.81,17.81,0.0,36.6,36.6,0.0,54.53,54.53,0.0
2007-04-19,15.07,15.07,0.0,30.17,30.17,0.0,45.95,45.95,0.0
2007-04-20,13.63,13.63,0.0,28.82,28.82,0.0,41.82,41.82,0.0
2007-04-21,15.08,15.08,0.0,28.5,28.5,0.0,42.86,42.86,0.0
2007-04-22,15.65,15.65,0.0,30.33,30.33,0.0,45.44,45.44,0.0
2007-04-23,15.79,15.79,0.0,31.35,31.35,0.0,46.75,46.75,0.0
2007-04-24,15.64,15.64,0.0,31.49,31.49,0.0,46.76,46.76,0.0
2007-04-25,15.48,15.48,0.0,31.21,31.21,0.0,46.34,46.34,0.0
2007-04-26,15.97,15.97,0.0,32.2,32.2,0.0,48.14,48.14,0.0
2007-04-27,13.96,13.96,0.0,31.64,31.64,0.0,46.2,46.2,0.0
2007-04-28,14.02,14.02,0.0,31.31,31.31,0.0,44.99,44.99,0.0
2007-04-29,12.78,12.78,0.0,26.25,26.25,0.0,38.47,38.47,0.0
2007-04-30,13.64,13.64,0.0,25.45,25.45,0.0,38.6,38.6,0.0
2007-05-01,13.92,13.92,0.0,26.37,26.37,0.0,40.0,40.0,0.0
2007-05-02,14.01,14.01,0.0,27.35,27.35,0.0,41.02,41.02,0.0
2007-05-03,14.28,14.28,0.0,27.85,27.85,0.0,41.61,41.61,0.0
2007-05-04,14.15,14.15,0.0,27.8,27.8,0.0,41.41,41.41,0.0
2007-05-05,14.38,14.38,0.0,28.05,28.05,0.0,41.81,41.81,0.0
2007-05-06,13.98,13.98,0.0,27.6,27.6,0.0,40.93,40.93,0.0
2007-05-07,12.44,12.44,0.0,27.04,27.04,0.0,38.99,38.99,0.0
2007-05-08,12.37,12.37,0.0,23.54,23.54,0.0,34.78,34.78,0.0
2007-05-09,11.39,11.39,0.0,22.47,22.47,0.0,33.53,33.53,0.0
2007-05-10,11.95,11.95,0.0,22.87,22.87,0.0,34.28,34.28,0.0
2007-05-11,12.11,12.11,0.0,23.54,23.54,0.0,35.05,35.05,0.0
2007-05-12,12.44,12.44,0.0,24.83,24.83,0.0,37.28,37.28,0.0
2007-05-13,12.14,12.14,0.0,24.27,24.27,0.0,36.11,36.11,0.0
2007-05-14,11.94,11.94,0.0,24.01,24.01,0.0,35.66,35.66,0.0
2007-05-15,11.72,11.72,0.0,23.63,23.63,0.0,35.07,35.07,0.0
2007-05-16,10.98,10.98,0.0,24.74,24.74,0.0,36.37,36.37,0.0
2007-05-17,11.25,11.25,0.0,25.47,25.47,0.0,37.42,37.42,0.0
2007-05-18,12.66,12.66,0.0,29.05,29.05,0.0,42.51,42.51,0.0
2007-05-19,12.07,12.07,0.0,27.08,27.08,0.0,39.58,39.58,0.0
2007-05-20,11.34,11.34,0.0,26.77,26.77,0.0,38.82,38.82,0.0
2007-05-21,10.84,10.84,0.0,24.26,24.26,0.0,34.92,34.92,0.0
2007-05-22,11.11,11.11,0.0,19.93,19.93,0.0,30.47,30.47,0.0
2007-05-23,11.1,11.1,0.0,22.12,22.12,0.0,33.0,33.0,0.0
2007-05-24,10.98,10.98,0.0,23.19,23.19,0.0,34.15,34.15,0.0
2007-05-25,10.4,10.4,0.0,23.5,23.5,0.0,34.19,34.19,0.0
2007-05-26,9.897,9.897,0.0,23.41,23.41,0.0,33.77,33.77,0.0
2007-05-27,9.775,9.775,0.0,23.1,23.1,0.0,33.3,33.3,0.0
2007-05-28,9.824,9.824,0.0,22.69,22.69,0.0,32.78,32.78,0.0
2007-05-29,9.331,9.331,0.0,22.23,22.23,0.0,31.6,31.6,0.0
2007-05-30,9.026,9.026,0.0,18.71,18.71,0.0,27.41,27.41,0.0
2007-05-31,9.374,9.374,0.0,18.35,18.35,0.0,27.62,27.62,0.0
2007-06-01,11.44,11.44,0.0,19.44,19.44,0.0,30.08,30.08,0.0
2007-06-02,11.55,11.55,0.0,20.18,20.18,0.0,31.03,31.03,0.0
2007-06-03,15.29,15.29,0.0,22.15,22.15,0.0,35.87,35.87,0.0
2007-06-04,12.35,12.35,0.0,20.89,20.89,0.0,32.66,32.66,0.0
2007-06-05,11.96,11.96,0.0,20.75,20.75,0.0,32.34,32.34,0.0
2007-06-06,11.64,11.64,0.0,20.17,20.17,0.0,31.26,31.26,0.0
2007-06-07,11.35,11.35,0.0,19.79,19.79,0.0,30.58,30.58,0.0
2007-06-08,9.495,9.495,0.0,18.01,18.01,0.0,27.74,27.74,0.0
2007-06-09,8.789,8.789,0.0,17.45,17.45,0.0,25.84,25.84,0.0
2007-06-10,9.425,9.425,0.0,16.42,16.42,0.0,25.33,25.33,0.0
2007-06-11,9.704,9.704,0.0,16.96,16.96,0.0,26.11,26.11,0.0
2007-06-12,10.38,10.38,0.0,18.05,18.05,0.0,28.12,28.12,0.0
2007-06-13,10.06,10.06,0.0,17.34,17.34,0.0,26.67,26.67,0.0
2007-06-14,11.11,11.11,0.0,17.66,17.66,0.0,27.4,27.4,0.0
2007-06-15,9.586,9.586,0.0,17.21,17.21,0.0,26.16,26.16,0.0
2007-06-16,9.511,9.511,0.0,16.31,16.31,0.0,24.8,24.8,0.0
2007-06-17,8.907,8.907,0.0,15.96,15.96,0.0,24.04,24.04,0.0
2007-06-18,7.75,7.75,0.0,15.28,15.28,0.0,22.7,22.7,0.0
2007-06-19,8.589,8.589,0.0,16.2,16.2,0.0,24.54,24.54,0.0
2007-06-20,8.457,8.457,0.0,14.25,14.25,0.0,22.07,22.07,0.0
2007-06-21,8.568,8.568,0.0,14.84,14.84,0.0,22.86,22.86,0.0
2007-06-22,8.367,8.367,0.0,14.61,14.61,0.0,22.27,22.27,0.0
2007-06-23,8.225,8.225,0.0,14.47,14.47,0.0,21.99,21.99,0.0
2007-06-24,7.909,7.909,0.0,14.27,14.27,0.0,21.57,21.57,0.0
2007-06-25,7.855,7.855,0.0,13.47,13.47,0.0,20.47,20.47,0.0
2007-06-26,7.379,7.379,0.0,13.43,13.43,0.0,20.2,20.2,0.0
2007-06-27,7.744,7.744,0.0,13.55,13.55,0.0,20.63,20.63,0.0
2007-06-28,7.929,7.929,0.0,13.97,13.97,0.0,21.31,21.31,0.0
2007-06-29,7.372,7.372,0.0,13.83,13.83,0.0,20.83,20.83,0.0
2007-06-30,7.129,7.129,0.0,13.39,13.39,0.0,20.03,20.03,0.0
2007-07-01,7.245,7.245,0.0,13.19,13.19,0.0,19.83,19.83,0.0
2007-07-02,7.236,7.236,0.0,11.86,11.86,0.0,18.45,18.45,0.0
2007-07-03,7.007,7.007,0.0,12.07,12.07,0.0,18.49,18.49,0.0
2007-07-04,7.222,7.222,0.0,12.58,12.58,0.0,19.46,19.46,0.0
2007-07-05,7.47,7.47,0.0,14.66,14.66,0.0,22.45,22.45,0.0
2007-07-06,6.434,6.434,0.0,13.28,13.28,0.0,19.56,19.56,0.0
2007-07-07,6.49,6.49,0.0,13.22,13.22,0.0,19.44,19.44,0.0
2007-07-08,6.149,6.149,0.0,12.76,12.76,0.0,18.37,18.37,0.0
2007-07-09,6.015,6.015,0.0,12.68,12.68,0.0,18.33,18.33,0.0
2007-07-10,6.212,6.212,0.0,12.91,12.91,0.0,18.91,18.91,0.0
2007-07-11,6.269,6.269,0.0,12.87,12.87,0.0,19.0,19.0,0.0
2007-07-12,5.919,5.919,0.0,11.19,11.19,0.0,16.78,16.78,0.0
2007-07-13,5.908,5.908,0.0,11.61,11.61,0.0,17.23,17.23,0.0
2007-07-14,5.78,5.78,0.0,10.96,10.96,0.0,16.34,16.34,0.0
2007-07-15,5.933,5.933,0.0,12.35,12.35,0.0,18.38,18.38,0.0
2007-07-16,5.109,5.109,0.0,11.55,11.55,0.0,16.55,16.55,0.0
2007-07-17,5.274,5.274,0.0,11.42,11.42,0.0,16.33,16.33,0.0
2007-07-18,5.141,5.141,0.0,11.36,11.36,0.0,16.25,16.25,0.0
2007-07-19,5.326,5.326,0.0,12.21,12.21,0.0,17.49,17.49,0.0
2007-07-20,5.069,5.069,0.0,11.64,11.64,0.0,16.39,16.39,0.0
2007-07-21,4.932,4.932,0.0,11.34,11.34,0.0,15.99,15.99,0.0
2007-07-22,4.879,4.879,0.0,10.79,10.79,0.0,15.37,15.37,0.0
2007-07-23,4.798,4.798,0.0,10.36,10.36,0.0,14.87,14.87,0.0
2007-07-24,4.648,4.648,0.0,10.36,10.36,0.0,14.71,14.71,0.0
2007-07-25,4.511,4.511,0.0,9.758,9.758,0.0,14.11,14.11,0.0
2007-07-26,4.403,4.403,0.0,10.27,10.27,0.0,14.52,14.52,0.0
2007-07-27,4.549,4.549,0.0,10.6,10.6,0.0,15.19,15.19,0.0
2007-07-28,4.299,4.299,0.0,9.994,9.994,0.0,14.03,14.03,0.0
2007-07-29,4.443,4.443,0.0,10.5,10.5,0.0,14.89,14.89,0.0
2007-07-30,4.342,4.342,0.0,10.27,10.27,0.0,14.29,14.29,0.0
2007-07-31,4.257,4.257,0.0,10.09,10.09,0.0,14.03,14.03,0.0
2007-08-01,4.225,4.225,0.0,10.03,10.03,0.0,13.92,13.92,0.0
2007-08-02,4.463,4.463,0.0,10.87,10.87,0.0,15.44,15.44,0.0
2007-08-03,4.08,4.08,0.0,9.322,9.322,0.0,13.04,13.04,0.0
2007-08-04,4.009,4.009,0.0,8.256,8.256,0.0,11.92,11.92,0.0
2007-08-05,4.101,4.101,0.0,9.57,9.57,0.0,13.66,13.66,0.0
2007-08-06,3.613,3.613,0.0,9.09,9.09,0.0,12.6,12.6,0.0
2007-08-07,3.629,3.629,0.0,8.98,8.98,0.0,12.36,12.36,0.0
2007-08-08,3.871,3.871,0.0,9.707,9.707,0.0,13.61,13.61,0.0
2007-08-09,4.047,4.047,0.0,10.88,10.88,0.0,15.2,15.2,0.0
2007-08-10,3.744,3.744,0.0,10.72,10.72,0.0,14.49,14.49,0.0
2007-08-11,3.528,3.528,0.0,10.28,10.28,0.0,13.59,13.59,0.0
2007-08-12,3.444,3.444,0.0,10.19,10.19,0.0,13.43,13.43,0.0
2007-08-13,3.399,3.399,0.0,9.306,9.306,0.0,12.47,12.47,0.0
2007-08-14,3.227,3.227,0.0,9.442,9.442,0.0,12.51,12.51,0.0
2007-08-15,3.086,3.086,0.0,8.825,8.825,0.0,11.77,11.77,0.0
2007-08-16,3.326,3.326,0.0,9.184,9.184,0.0,12.62,12.62,0.0
2007-08-17,3.123,3.123,0.0,8.434,8.434,0.0,11.42,11.42,0.0
2007-08-18,3.071,3.071,0.0,8.529,8.529,0.0,11.43,11.43,0.0
2007-08-19,3.381,3.381,0.0,9.625,9.625,0.0,13.28,13.28,0.0
2007-08-20,3.64,3.64,0.0,11.46,11.46,0.0,15.55,15.55,0.0
2007-08-21,3.229,3.229,0.0,10.87,10.87,0.0,14.07,14.07,0.0
2007-08-22,3.156,3.156,0.0,10.9,10.9,0.0,14.01,14.01,0.0
2007-08-23,3.051,3.051,0.0,10.78,10.78,0.0,13.77,13.77,0.0
2007-08-24,3.01,3.01,0.0,10.64,10.64,0.0,13.58,13.58,0.0
2007-08-25,4.41,4.41,0.0,10.0,10.0,0.0,13.54,13.54,0.0
2007-08-26,3.358,3.358,0.0,9.18,9.18,0.0,12.15,12.15,0.0
2007-08-27,3.329,3.329,0.0,8.443,8.443,0.0,11.36,11.36,0.0
2007-08-28,3.297,3.297,0.0,8.287,8.287,0.0,11.21,11.21,0.0
2007-08-29,3.248,3.248,0.0,8.686,8.686,0.0,11.58,11.58,0.0
2007-08-30,3.017,3.017,0.0,9.2,9.2,0.0,12.24,12.24,0.0
2007-08-31,2.952,2.952,0.0,8.775,8.775,0.0,11.5,11.5,0.0
2007-09-01,2.97,2.97,0.0,8.633,8.633,0.0,11.34,11.34,0.0
2007-09-02,2.921,2.921,0.0,8.16,8.16,0.0,10.82,10.82,0.0
2007-09-03,2.882,2.882,0.0,7.854,7.854,0.0,10.47,10.47,0.0
2007-09-04,2.725,2.725,0.0,6.621,6.621,0.0,9.113,9.113,0.0
2007-09-05,2.71,2.71,0.0,7.022,7.022,0.0,9.396,9.396,0.0
2007-09-06,2.586,2.586,0.0,7.176,7.176,0.0,9.519,9.519,0.0
2007-09-07,2.512,2.512,0.0,7.149,7.149,0.0,9.46,9.46,0.0
2007-09-08,2.485,2.485,0.0,7.031,7.031,0.0,9.319,9.319,0.0
2007-09-09,2.499,2.499,0.0,6.877,6.877,0.0,9.168,9.168,0.0
2007-09-10,3.079,3.079,0.0,7.968,7.968,0.0,11.38,11.38,0.0
2007-09-11,3.021,3.021,0.0,7.547,7.547,0.0,10.6,10.6,0.0
2007-09-12,2.687,2.687,0.0,5.997,5.997,0.0,8.417,8.417,0.0
2007-09-13,2.683,2.683,0.0,6.238,6.238,0.0,8.653,8.653,0.0
2007-09-14,3.141,3.141,0.0,7.214,7.214,0.0,10.33,10.33,0.0
2007-09-15,2.894,2.894,0.0,6.566,6.566,0.0,9.102,9.102,0.0
2007-09-16,2.77,2.77,0.0,6.551,6.551,0.0,8.963,8.963,0.0
2007-09-17,2.774,2.774,0.0,6.488,6.488,0.0,8.922,8.922,0.0
2007-09-18,2.751,2.751,0.0,6.394,6.394,0.0,8.819,8.819,0.0
2007-09-19,2.632,2.632,0.0,6.282,6.282,0.0,8.644,8.644,0.0
2007-09-20,2.474,2.474,0.0,6.057,6.057,0.0,8.332,8.332,0.0
2007-09-21,2.519,2.519,0.0,5.514,5.514,0.0,7.795,7.795,0.0
2007-09-22,2.5,2.5,0.0,5.646,5.646,0.0,7.884,7.884,0.0
2007-09-23,2.484,2.484,0.0,5.429,5.429,0.0,7.648,7.648,0.0
2007-09-24,2.452,2.452,0.0,5.485,5.485,0.0,7.675,7.675,0.0
2007-09-25,2.404,2.404,0.0,5.395,5.395,0.0,7.525,7.525,0.0
2007-09-26,2.279,2.279,0.0,5.358,5.358,0.0,7.372,7.372,0.0
2007-09-27,2.476,2.476,0.0,5.87,5.87,0.0,8.367,8.367,0.0
2007-09-28,2.196,2.196,0.0,5.271,5.271,0.0,7.274,7.274,0.0
2007-09-29,2.107,2.107,0.0,5.186,5.186,0.0,7.138,7.138,0.0
2007-09-30,2.124,2.124,0.0,4.928,4.928,0.0,6.874,6.874,0.0
2007-10-01,2.111,2.111,0.0,4.689,4.689,0.0,6.614,6.614,0.0
2007-10-02,2.086,2.086,0.0,4.748,4.748,0.0,6.633,6.633,0.0
2007-10-03,2.037,2.037,0.0,4.546,4.546,0.0,6.398,6.398,0.0
2007-10-04,2.009,2.009,0.0,4.589,4.589,0.0,6.415,6.415,0.0
2007-10-05,1.977,1.977,0.0,4.57,4.57,0.0,6.348,6.348,0.0
2007-10-06,1.833,1.833,0.0,4.461,4.461,0.0,6.165,6.165,0.0
2007-10-07,1.85,1.85,0.0,4.424,4.424,0.0,6.076,6.076,0.0
2007-10-08,1.843,1.843,0.0,4.366,4.366,0.0,6.025,6.025,0.0
2007-10-09,1.981,1.981,0.0,5.317,5.317,0.0,7.426,7.426,0.0
2007-10-10,1.754,1.754,0.0,4.611,4.611,0.0,6.227,6.227,0.0
2007-10-11,1.814,1.814,0.0,4.903,4.903,0.0,6.662,6.662,0.0
2007-10-12,1.727,1.727,0.0,4.737,4.737,0.0,6.306,6.306,0.0
2007-10-13,1.687,1.687,0.0,4.531,4.531,0.0,6.073,6.073,0.0
2007-10-14,1.666,1.666,0.0,4.548,4.548,0.0,6.07,6.07,0.0
2007-10-15,1.641,1.641,0.0,4.514,4.514,0.0,6.011,6.011,0.0
2007-10-16,1.518,1.518,0.0,4.197,4.197,0.0,5.609,5.609,0.0
2007-10-17,1.536,1.536,0.0,3.875,3.875,0.0,5.246,5.246,0.0
2007-10-18,1.532,1.532,0.0,4.043,4.043,0.0,5.425,5.425,0.0
2007-10-19,1.622,1.622,0.0,4.605,4.605,0.0,6.315,6.315,0.0
2007-10-20,1.46,1.46,0.0,4.133,4.133,0.0,5.497,5.497,0.0
2007-10-21,1.456,1.456,0.0,4.161,4.161,0.0,5.515,5.515,0.0
2007-10-22,1.441,1.441,0.0,4.138,4.138,0.0,5.465,5.465,0.0
2007-10-23,1.974,1.974,0.0,6.115,6.115,0.0,8.616,8.616,0.0
2007-10-24,5.04,5.04,0.0,13.07,13.07,0.0,18.8,18.8,0.0
2007-10-25,4.75,4.75,0.0,11.94,11.94,0.0,16.79,16.79,0.0
2007-10-26,6.441,6.441,0.0,14.47,14.47,0.0,20.93,20.93,0.0
2007-10-27,6.489,6.489,0.0,13.23,13.23,0.0,19.59,19.59,0.0
2007-10-28,6.473,6.473,0.0,13.13,13.13,0.0,19.33,19.33,0.0
2007-10-29,6.396,6.396,0.0,13.11,13.11,0.0,19.24,19.24,0.0
2007-10-30,6.246,6.246,0.0,12.94,12.94,0.0,18.94,18.94,0.0
2007-10-31,6.017,6.017,0.0,12.7,12.7,0.0,18.52,18.52,0.0
2007-11-01,5.21,5.21,0.0,8.98,8.98,0.0,13.82,13.82,0.0
2007-11-02,4.54,4.54,0.0,10.26,10.26,0.0,14.71,14.71,0.0
2007-11-03,4.256,4.256,0.0,8.81,8.81,0.0,13.07,13.07,0.0
2007-11-04,4.704,4.704,0.0,9.957,9.957,0.0,14.58,14.58,0.0
2007-11-05,5.315,5.315,0.0,11.58,11.58,0.0,17.01,17.01,0.0
2007-11-06,5.302,5.302,0.0,11.77,11.77,0.0,17.03,17.03,0.0
2007-11-07,5.244,5.244,0.0,11.75,11.75,0.0,16.9,16.9,0.0
2007-11-08,5.159,5.159,0.0,11.68,11.68,0.0,16.76,16.76,0.0
2007-11-09,5.43,5.43,0.0,12.12,12.12,0.0,17.58,17.58,0.0
2007-11-10,5.336,5.336,0.0,12.03,12.03,0.0,16.97,16.97,0.0
2007-11-11,4.568,4.568,0.0,11.62,11.62,0.0,16.35,16.35,0.0
2007-11-12,5.211,5.211,0.0,10.72,10.72,0.0,15.83,15.83,0.0
2007-11-13,4.821,4.821,0.0,11.14,11.14,0.0,16.18,16.18,0.0
2007-11-14,6.454,6.454,0.0,13.99,13.99,0.0,20.33,20.33,0.0
2007-11-15,7.563,7.563,0.0,15.8,15.8,0.0,23.08,23.08,0.0
2007-11-16,7.251,7.251,0.0,14.3,14.3,0.0,21.23,21.23,0.0
2007-11-17,7.267,7.267,0.0,12.42,12.42,0.0,19.35,19.35,0.0
2007-11-18,6.619,6.619,0.0,13.29,13.29,0.0,19.43,19.43,0.0
2007-11-19,6.729,6.729,0.0,13.83,13.83,0.0,20.17,20.17,0.0
2007-11-20,6.731,6.731,0.0,13.92,13.92,0.0,19.85,19.85,0.0
2007-11-21,5.63,5.63,0.0,13.2,13.2,0.0,18.79,18.79,0.0
2007-11-22,6.036,6.036,0.0,11.9,11.9,0.0,17.59,17.59,0.0
2007-11-23,5.461,5.461,0.0,11.74,11.74,0.0,17.19,17.19,0.0
2007-11-24,5.774,5.774,0.0,12.32,12.32,0.0,17.93,17.93,0.0
2007-11-25,6.029,6.029,0.0,13.03,13.03,0.0,18.97,18.97,0.0
2007-11-26,6.615,6.615,0.0,14.12,14.12,0.0,20.69,20.69,0.0
2007-11-27,6.584,6.584,0.0,12.51,12.51,0.0,18.86,18.86,0.0
2007-11-28,6.561,6.561,0.0,12.17,12.17,0.0,18.49,18.49,0.0
2007-11-29,6.054,6.054,0.0,12.66,12.66,0.0,18.34,18.34,0.0
2007-11-30,6.126,6.126,0.0,12.9,12.9,0.0,18.7,18.7,0.0
2007-12-01,5.273,5.273,0.0,12.37,12.37,0.0,17.45,17.45,0.0
2007-12-02,7.364,7.364,0.0,16.85,16.85,0.0,24.46,24.46,0.0
2007-12-03,7.533,7.533,0.0,16.05,16.05,0.0,23.53,23.53,0.0
2007-12-04,7.485,7.485,0.0,15.09,15.09,0.0,22.56,22.56,0.0
2007-12-05,7.252,7.252,0.0,13.73,13.73,0.0,21.25,21.25,0.0
2007-12-06,6.656,6.656,0.0,14.29,14.29,0.0,21.01,21.01,0.0
2007-12-07,6.964,6.964,0.0,14.97,14.97,0.0,22.11,22.11,0.0
2007-12-08,10.91,10.91,0.0,37.24,37.24,0.0,47.53,47.53,0.0
2007-12-09,11.41,11.41,0.0,41.78,41.78,0.0,52.4,52.4,0.0
2007-12-10,8.723,8.723,0.0,21.87,21.87,0.0,31.07,31.07,0.0
2007-12-11,8.721,8.721,0.0,20.09,20.09,0.0,29.12,29.12,0.0
2007-12-12,9.586,9.586,0.0,22.09,22.09,0.0,32.05,32.05,0.0
2007-12-13,10.53,10.53,0.0,24.68,24.68,0.0,35.47,35.47,0.0
2007-12-14,8.737,8.737,0.0,21.05,21.05,0.0,29.86,29.86,0.0
2007-12-15,8.545,8.545,0.0,22.57,22.57,0.0,31.3,31.3,0.0
2007-12-16,9.372,9.372,0.0,23.28,23.28,0.0,33.2,33.2,0.0
2007-12-17,8.914,8.914,0.0,18.52,18.52,0.0,28.3,28.3,0.0
2007-12-18,8.378,8.378,0.0,19.92,19.92,0.0,28.99,28.99,0.0
2007-12-19,8.198,8.198,0.0,18.82,18.82,0.0,28.02,28.02,0.0
2007-12-20,10.27,10.27,0.0,21.64,21.64,0.0,32.17,32.17,0.0
2007-12-21,9.44,9.44,0.0,21.08,21.08,0.0,30.98,30.98,0.0
2007-12-22,14.4,14.4,0.0,29.4,29.4,0.0,41.54,41.54,0.0
2007-12-23,13.41,13.41,0.0,36.7,36.7,0.0,48.81,48.81,0.0
2007-12-24,9.527,9.527,0.0,22.58,22.58,0.0,31.96,31.96,0.0
2007-12-25,8.896,8.896,0.0,19.66,19.66,0.0,28.24,28.24,0.0
2007-12-26,9.34,9.34,0.0,20.2,20.2,0.0,29.04,29.04,0.0
2007-12-27,8.957,8.957,0.0,17.63,17.63,0.0,26.59,26.59,0.0
2007-12-28,11.73,11.73,0.0,23.93,23.93,0.0,35.18,35.18,0.0
2007-12-29,10.5,10.5,0.0,19.52,19.52,0.0,29.94,29.94,0.0
2007-12-30,10.83,10.83,0.0,21.69,21.69,0.0,32.65,32.65,0.0
2007-12-31,9.613,9.613,0.0,22.03,22.03,0.0,32.29,32.29,0.0
2008-01-01,9.973,9.973,0.0,22.13,22.13,0.0,32.39,32.39,0.0
2008-01-02,10.16,10.16,0.0,22.08,22.08,0.0,32.39,32.39,0.0
2008-01-03,8.756,8.756,0.0,20.05,20.05,0.0,28.39,28.39,0.0
2008-01-04,9.237,9.237,0.0,19.8,19.8,0.0,28.71,28.71,0.0
2008-01-05,10.79,10.79,0.0,23.66,23.66,0.0,34.74,34.74,0.0
2008-01-06,9.189,9.189,0.0,24.17,24.17,0.0,33.56,33.56,0.0
2008-01-07,9.364,9.364,0.0,19.79,19.79,0.0,29.26,29.26,0.0
2008-01-08,9.225,9.225,0.0,20.82,20.82,0.0,30.38,30.38,0.0
2008-01-09,9.738,9.738,0.0,19.41,19.41,0.0,29.3,29.3,0.0
2008-01-10,15.88,15.88,0.0,36.72,36.72,0.0,50.94,50.94,0.0
2008-01-11,13.99,13.99,0.0,27.66,27.66,0.0,41.02,41.02,0.0
2008-01-12,12.28,12.28,0.0,25.13,25.13,0.0,37.3,37.3,0.0
2008-01-13,11.16,11.16,0.0,25.18,25.18,0.0,36.72,36.72,0.0
2008-01-14,11.48,11.48,0.0,25.04,25.04,0.0,36.75,36.75,0.0
2008-01-15,10.52,10.52,0.0,23.04,23.04,0.0,32.81,32.81,0.0
2008-01-16,9.422,9.422,0.0,22.28,22.28,0.0,31.54,31.54,0.0
2008-01-17,10.17,10.17,0.0,19.8,19.8,0.0,29.97,29.97,0.0
2008-01-18,9.904,9.904,0.0,19.16,19.16,0.0,29.24,29.24,0.0
2008-01-19,10.08,10.08,0.0,20.41,20.41,0.0,30.63,30.63,0.0
2008-01-20,10.06,10.06,0.0,20.92,20.92,0.0,31.1,31.1,0.0
2008-01-21,9.943,9.943,0.0,20.7,20.7,0.0,30.75,30.75,0.0
2008-01-22,9.244,9.244,0.0,20.15,20.15,0.0,29.92,29.92,0.0
2008-01-23,8.77,8.77,0.0,19.53,19.53,0.0,28.41,28.41,0.0
2008-01-24,8.46,8.46,0.0,16.52,16.52,0.0,24.84,24.84,0.0
2008-01-25,8.262,8.262,0.0,16.48,16.48,0.0,24.66,24.66,0.0
2008-01-26,8.477,8.477,0.0,16.89,16.89,0.0,25.34,25.34,0.0
2008-01-27,8.309,8.309,0.0,15.96,15.96,0.0,24.5,24.5,0.0
2008-01-28,14.51,14.51,0.0,24.42,24.42,0.0,37.72,37.72,0.0
2008-01-29,11.32,11.32,0.0,23.16,23.16,0.0,35.55,35.55,0.0
2008-01-30,8.219,8.219,0.0,16.74,16.74,0.0,25.17,25.17,0.0
2008-01-31,7.74,7.74,0.0,16.21,16.21,0.0,24.45,24.45,0.0
2008-02-01,8.05,8.05,0.0,17.86,17.86,0.0,26.09,26.09,0.0
2008-02-02,19.46,19.46,0.0,29.35,29.35,0.0,48.75,48.75,0.0
2008-02-03,15.99,15.99,0.0,28.69,28.69,0.0,43.31,43.31,0.0
2008-02-04,10.95,10.95,0.0,36.97,36.97,0.0,47.36,47.36,0.0
2008-02-05,9.602,9.602,0.0,20.59,20.59,0.0,30.26,30.26,0.0
2008-02-06,11.71,11.71,0.0,25.65,25.65,0.0,37.45,37.45,0.0
2008-02-07,11.89,11.89,0.0,22.9,22.9,0.0,34.84,34.84,0.0
2008-02-08,12.72,12.72,0.0,23.94,23.94,0.0,36.61,36.61,0.0
2008-02-09,13.23,13.23,0.0,24.66,24.66,0.0,37.82,37.82,0.0
2008-02-10,13.24,13.24,0.0,22.69,22.69,0.0,35.89,35.89,0.0
2008-02-11,12.17,12.17,0.0,23.07,23.07,0.0,35.19,35.19,0.0
2008-02-12,12.25,12.25,0.0,20.82,20.82,0.0,33.04,33.04,0.0
2008-02-13,12.56,12.56,0.0,22.02,22.02,0.0,34.19,34.19,0.0
2008-02-14,10.1,10.1,0.0,19.82,19.82,0.0,30.24,30.24,0.0
2008-02-15,10.58,10.58,0.0,20.92,20.92,0.0,31.48,31.48,0.0
2008-02-16,11.06,11.06,0.0,21.01,21.01,0.0,31.97,31.97,0.0
2008-02-17,11.93,11.93,0.0,21.91,21.91,0.0,33.44,33.44,0.0
2008-02-18,11.93,11.93,0.0,22.27,22.27,0.0,34.06,34.06,0.0
2008-02-19,11.86,11.86,0.0,22.04,22.04,0.0,33.78,33.78,0.0
2008-02-20,11.81,11.81,0.0,20.43,20.43,0.0,31.9,31.9,0.0
2008-02-21,10.1,10.1,0.0,18.68,18.68,0.0,29.18,29.18,0.0
2008-02-22,9.681,9.681,0.0,19.69,19.69,0.0,29.15,29.15,0.0
2008-02-23,11.68,11.68,0.0,21.67,21.67,0.0,33.25,33.25,0.0
2008-02-24,9.7,9.7,0.0,18.4,18.4,0.0,28.2,28.2,0.0
2008-02-25,9.892,9.892,0.0,19.07,19.07,0.0,28.93,28.93,0.0
2008-02-26,10.69,10.69,0.0,23.9,23.9,0.0,34.74,34.74,0.0
2008-02-27,10.08,10.08,0.0,19.94,19.94,0.0,30.06,30.06,0.0
2008-02-28,9.876,9.876,0.0,19.37,19.37,0.0,29.16,29.16,0.0
2008-02-29,9.874,9.874,0.0,19.57,19.57,0.0,29.81,29.81,0.0
2008-03-01,10.03,10.03,0.0,19.59,19.59,0.0,29.27,29.27,0.0
2008-03-02,8.607,8.607,0.0,23.58,23.58,0.0,32.49,32.49,0.0
2008-03-03,9.101,9.101,0.0,19.45,19.45,0.0,28.91,28.91,0.0
2008-03-04,21.65,21.65,0.0,70.34,70.34,0.0,88.81,88.81,0.0
2008-03-05,13.16,13.16,0.0,30.77,30.77,0.0,44.11,44.11,0.0
2008-03-06,13.36,13.36,0.0,27.59,27.59,0.0,40.89,40.89,0.0
2008-03-07,13.89,13.89,0.0,28.65,28.65,0.0,42.43,42.43,0.0
2008-03-08,14.08,14.08,0.0,29.67,29.67,0.0,42.72,42.72,0.0
2008-03-09,13.52,13.52,0.0,27.16,27.16,0.0,39.21,39.21,0.0
2008-03-10,12.12,12.12,0.0,23.2,23.2,0.0,35.14,35.14,0.0
2008-03-11,11.47,11.47,0.0,24.14,24.14,0.0,35.82,35.82,0.0
2008-03-12,10.31,10.31,0.0,24.6,24.6,0.0,35.38,35.38,0.0
2008-03-13,10.66,10.66,0.0,25.45,25.45,0.0,36.47,36.47,0.0
2008-03-14,11.91,11.91,0.0,27.79,27.79,0.0,40.01,40.01,0.0
2008-03-15,13.99,13.99,0.0,29.28,29.28,0.0,42.71,42.71,0.0
2008-03-16,12.89,12.89,0.0,28.89,28.89,0.0,41.62,41.62,0.0
2008-03-17,12.86,12.86,0.0,28.64,28.64,0.0,41.27,41.27,0.0
2008-03-18,13.56,13.56,0.0,27.59,27.59,0.0,40.18,40.18,0.0
2008-03-19,18.18,18.18,0.0,31.91,31.91,0.0,47.97,47.97,0.0
2008-03-20,14.38,14.38,0.0,29.69,29.69,0.0,43.57,43.57,0.0
2008-03-21,13.02,13.02,0.0,24.16,24.16,0.0,36.45,36.45,0.0
2008-03-22,13.19,13.19,0.0,24.47,24.47,0.0,36.72,36.72,0.0
2008-03-23,10.18,10.18,0.0,25.3,25.3,0.0,36.33,36.33,0.0
2008-03-24,11.41,11.41,0.0,26.35,26.35,0.0,37.96,37.96,0.0
2008-03-25,11.95,11.95,0.0,26.61,26.61,0.0,38.49,38.49,0.0
2008-03-26,12.16,12.16,0.0,26.51,26.51,0.0,38.42,38.42,0.0
2008-03-27,12.59,12.59,0.0,27.0,27.0,0.0,39.43,39.43,0.0
2008-03-28,12.51,12.51,0.0,25.68,25.68,0.0,37.3,37.3,0.0
2008-03-29,12.31,12.31,0.0,25.8,25.8,0.0,37.39,37.39,0.0
2008-03-30,12.09,12.09,0.0,21.9,21.9,0.0,32.91,32.91,0.0
2008-03-31,10.5,10.5,0.0,23.2,23.2,0.0,33.61,33.61,0.0
2008-04-01,9.873,9.873,0.0,22.19,22.19,0.0,32.11,32.11,0.0
2008-04-02,10.47,10.47,0.0,22.97,22.97,0.0,33.31,33.31,0.0
2008-04-03,12.57,12.57,0.0,24.8,24.8,0.0,36.87,36.87,0.0
2008-04-04,13.41,13.41,0.0,25.94,25.94,0.0,38.7,38.7,0.0
2008-04-05,16.12,16.12,0.0,28.94,28.94,0.0,43.73,43.73,0.0
2008-04-06,15.29,15.29,0.0,28.01,28.01,0.0,42.18,42.18,0.0
2008-04-07,13.84,13.84,0.0,27.12,27.12,0.0,40.39,40.39,0.0
2008-04-08,13.57,13.57,0.0,25.5,25.5,0.0,38.48,38.48,0.0
2008-04-09,13.25,13.25,0.0,25.52,25.52,0.0,37.6,37.6,0.0
2008-04-10,11.3,11.3,0.0,21.55,21.55,0.0,32.16,32.16,0.0
2008-04-11,13.3,13.3,0.0,25.68,25.68,0.0,38.69,38.69,0.0
2008-04-12,12.05,12.05,0.0,23.3,23.3,0.0,35.38,35.38,0.0
2008-04-13,12.31,12.31,0.0,25.48,25.48,0.0,37.6,37.6,0.0
2008-04-14,12.57,12.57,0.0,25.72,25.72,0.0,37.92,37.92,0.0
2008-04-15,12.63,12.63,0.0,25.79,25.79,0.0,38.02,38.02,0.0
2008-04-16,12.49,12.49,0.0,25.56,25.56,0.0,37.65,37.65,0.0
2008-04-17,12.3,12.3,0.0,25.17,25.17,0.0,37.07,37.07,0.0
2008-04-18,12.08,12.08,0.0,23.58,23.58,0.0,34.19,34.19,0.0
2008-04-19,14.18,14.18,0.0,26.83,26.83,0.0,40.11,40.11,0.0
2008-04-20,14.62,14.62,0.0,26.38,26.38,0.0,40.05,40.05,0.0
2008-04-21,13.82,13.82,0.0,24.51,24.51,0.0,38.08,38.08,0.0
2008-04-22,10.76,10.76,0.0,24.12,24.12,0.0,35.97,35.97,0.0
2008-04-23,11.35,11.35,0.0,23.4,23.4,0.0,35.38,35.38,0.0
2008-04-24,11.33,11.33,0.0,23.54,23.54,0.0,35.09,35.09,0.0
2008-04-25,12.01,12.01,0.0,24.74,24.74,0.0,36.98,36.98,0.0
2008-04-26,12.75,12.75,0.0,25.76,25.76,0.0,38.76,38.76,0.0
2008-04-27,15.56,15.56,0.0,27.77,27.77,0.0,42.81,42.81,0.0
2008-04-28,17.43,17.43,0.0,31.49,31.49,0.0,48.5,48.5,0.0
2008-04-29,14.85,14.85,0.0,30.44,30.44,0.0,45.69,45.69,0.0
2008-04-30,14.38,14.38,0.0,29.36,29.36,0.0,43.96,43.96,0.0
2008-05-01,14.06,14.06,0.0,27.31,27.31,0.0,39.9,39.9,0.0
2008-05-02,13.77,13.77,0.0,26.49,26.49,0.0,39.49,39.49,0.0
2008-05-03,10.38,10.38,0.0,23.52,23.52,0.0,35.23,35.23,0.0
2008-05-04,11.07,11.07,0.0,22.65,22.65,0.0,34.25,34.25,0.0
2008-05-05,11.74,11.74,0.0,24.2,24.2,0.0,36.25,36.25,0.0
2008-05-06,11.97,11.97,0.0,24.86,24.86,0.0,37.04,37.04,0.0
2008-05-07,12.24,12.24,0.0,25.45,25.45,0.0,37.92,37.92,0.0
2008-05-08,20.63,20.63,0.0,31.53,31.53,0.0,50.03,50.03,0.0
2008-05-09,20.66,20.66,0.0,35.26,35.26,0.0,55.04,55.04,0.0
2008-05-10,18.25,18.25,0.0,33.11,33.11,0.0,51.19,51.19,0.0
2008-05-11,24.06,24.06,0.0,39.61,39.61,0.0,62.45,62.45,0.0
2008-05-12,19.89,19.89,0.0,36.68,36.68,0.0,56.9,56.9,0.0
2008-05-13,18.49,18.49,0.0,34.9,34.9,0.0,53.78,53.78,0.0
2008-05-14,18.1,18.1,0.0,32.42,32.42,0.0,48.56,48.56,0.0
2008-05-15,21.0,21.0,0.0,35.75,35.75,0.0,55.68,55.68,0.0
2008-05-16,16.69,16.69,0.0,32.88,32.88,0.0,51.34,51.34,0.0
2008-05-17,14.15,14.15,0.0,29.94,29.94,0.0,46.17,46.17,0.0
2008-05-18,17.4,17.4,0.0,34.37,34.37,0.0,52.86,52.86,0.0
2008-05-19,24.11,24.11,0.0,43.52,43.52,0.0,67.32,67.32,0.0
2008-05-20,22.21,22.21,0.0,44.06,44.06,0.0,67.32,67.32,0.0
2008-05-21,21.05,21.05,0.0,41.86,41.86,0.0,63.86,63.86,0.0
2008-05-22,19.83,19.83,0.0,40.26,40.26,0.0,61.24,61.24,0.0
2008-05-23,19.43,19.43,0.0,39.47,39.47,0.0,59.94,59.94,0.0
2008-05-24,18.96,18.96,0.0,36.92,36.92,0.0,54.8,54.8,0.0
2008-05-25,15.49,15.49,0.0,34.11,34.11,0.0,50.78,50.78,0.0
2008-05-26,14.92,14.92,0.0,29.77,29.77,0.0,46.35,46.35,0.0
2008-05-27,16.02,16.02,0.0,32.41,32.41,0.0,49.59,49.59,0.0
2008-05-28,16.46,16.46,0.0,33.79,33.79,0.0,51.2,51.2,0.0
2008-05-29,16.54,16.54,0.0,34.23,34.23,0.0,51.63,51.63,0.0
2008-05-30,16.38,16.38,0.0,34.1,34.1,0.0,51.28,51.28,0.0
2008-05-31,16.79,16.79,0.0,36.84,36.84,0.0,55.6,55.6,0.0
2008-06-01,16.16,16.16,0.0,35.64,35.64,0.0,53.03,53.03,0.0
2008-06-02,15.23,15.23,0.0,35.2,35.2,0.0,52.06,52.06,0.0
2008-06-03,17.39,17.39,0.0,41.09,41.09,0.0,61.44,61.44,0.0
2008-06-04,18.08,18.08,0.0,42.84,42.84,0.0,63.09,63.09,0.0
2008-06-05,15.47,15.47,0.0,38.4,38.4,0.0,55.38,55.38,0.0
2008-06-06,14.07,14.07,0.0,36.16,36.16,0.0,51.2,51.2,0.0
2008-06-07,14.82,14.82,0.0,29.24,29.24,0.0,45.26,45.26,0.0
2008-06-08,15.01,15.01,0.0,32.18,32.18,0.0,48.59,48.59,0.0
2008-06-09,14.93,14.93,0.0,33.73,33.73,0.0,50.13,50.13,0.0
2008-06-10,14.74,14.74,0.0,34.28,34.28,0.0,50.55,50.55,0.0
2008-06-11,13.74,13.74,0.0,33.92,33.92,0.0,49.43,49.43,0.0
2008-06-12,13.73,13.73,0.0,33.46,33.46,0.0,48.72,48.72,0.0
2008-06-13,13.17,13.17,0.0,33.08,33.08,0.0,46.95,46.95,0.0
2008-06-14,11.84,11.84,0.0,30.61,30.61,0.0,44.11,44.11,0.0
2008-06-15,12.18,12.18,0.0,26.45,26.45,0.0,39.69,39.69,0.0
2008-06-16,12.82,12.82,0.0,29.63,29.63,0.0,44.25,44.25,0.0
2008-06-17,12.3,12.3,0.0,28.43,28.43,0.0,41.93,41.93,0.0
2008-06-18,12.15,12.15,0.0,28.82,28.82,0.0,42.14,42.14,0.0
2008-06-19,11.6,11.6,0.0,29.08,29.08,0.0,42.2,42.2,0.0
2008-06-20,11.49,11.49,0.0,28.58,28.58,0.0,41.34,41.34,0.0
2008-06-21,11.78,11.78,0.0,30.35,30.35,0.0,44.29,44.29,0.0
2008-06-22,10.79,10.79,0.0,29.26,29.26,0.0,41.94,41.94,0.0
2008-06-23,10.39,10.39,0.0,28.32,28.32,0.0,40.57,40.57,0.0
2008-06-24,10.14,10.14,0.0,27.01,27.01,0.0,38.04,38.04,0.0
2008-06-25,10.22,10.22,0.0,25.51,25.51,0.0,36.59,36.59,0.0
2008-06-26,10.14,10.14,0.0,24.1,24.1,0.0,35.31,35.31,0.0
2008-06-27,9.991,9.991,0.0,24.3,24.3,0.0,35.43,35.43,0.0
2008-06-28,9.968,9.968,0.0,25.19,25.19,0.0,36.53,36.53,0.0
2008-06-29,9.345,9.345,0.0,24.92,24.92,0.0,35.68,35.68,0.0
2008-06-30,9.382,9.382,0.0,24.81,24.81,0.0,35.55,35.55,0.0
2008-07-01,8.969,8.969,0.0,24.11,24.11,0.0,34.35,34.35,0.0
2008-07-02,8.353,8.353,0.0,23.26,23.26,0.0,33.04,33.04,0.0
2008-07-03,8.8,8.8,0.0,22.77,22.77,0.0,32.57,32.57,0.0
2008-07-04,9.077,9.077,0.0,24.57,24.57,0.0,35.49,35.49,0.0
2008-07-05,9.715,9.715,0.0,26.89,26.89,0.0,39.62,39.62,0.0
2008-07-06,10.16,10.16,0.0,29.33,29.33,0.0,42.49,42.49,0.0
2008-07-07,11.55,11.55,0.0,30.08,30.08,0.0,44.48,44.48,0.0
2008-07-08,11.38,11.38,0.0,28.47,28.47,0.0,42.3,42.3,0.0
2008-07-09,11.28,11.28,0.0,27.89,27.89,0.0,41.55,41.55,0.0
2008-07-10,11.04,11.04,0.0,24.4,24.4,0.0,37.7,37.7,0.0
2008-07-11,10.76,10.76,0.0,25.26,25.26,0.0,38.24,38.24,0.0
2008-07-12,10.41,10.41,0.0,25.52,25.52,0.0,38.08,38.08,0.0
2008-07-13,9.309,9.309,0.0,24.51,24.51,0.0,35.31,35.31,0.0
2008-07-14,8.459,8.459,0.0,22.18,22.18,0.0,32.38,32.38,0.0
2008-07-15,8.949,8.949,0.0,22.91,22.91,0.0,33.6,33.6,0.0
2008-07-16,9.109,9.109,0.0,23.18,23.18,0.0,34.03,34.03,0.0
2008-07-17,9.065,9.065,0.0,23.04,23.04,0.0,33.83,33.83,0.0
2008-07-18,8.922,8.922,0.0,20.69,20.69,0.0,31.28,31.28,0.0
2008-07-19,8.723,8.723,0.0,21.13,21.13,0.0,31.49,31.49,0.0
2008-07-20,8.02,8.02,0.0,21.46,21.46,0.0,31.23,31.23,0.0
2008-07-21,8.142,8.142,0.0,21.38,21.38,0.0,30.9,30.9,0.0
2008-07-22,8.01,8.01,0.0,21.38,21.38,0.0,31.37,31.37,0.0
2008-07-23,7.837,7.837,0.0,20.15,20.15,0.0,29.93,29.93,0.0
2008-07-24,7.66,7.66,0.0,19.31,19.31,0.0,28.6,28.6,0.0
2008-07-25,7.614,7.614,0.0,19.49,19.49,0.0,28.7,28.7,0.0
2008-07-26,7.516,7.516,0.0,19.42,19.42,0.0,28.5,28.5,0.0
2008-07-27,7.391,7.391,0.0,17.84,17.84,0.0,26.76,26.76,0.0
2008-07-28,7.247,7.247,0.0,18.11,18.11,0.0,26.84,26.84,0.0
2008-07-29,6.956,6.956,0.0,18.06,18.06,0.0,26.29,26.29,0.0
2008-07-30,6.33,6.33,0.0,17.44,17.44,0.0,25.15,25.15,0.0
2008-07-31,6.493,6.493,0.0,17.4,17.4,0.0,25.15,25.15,0.0
2008-08-01,6.736,6.736,0.0,17.53,17.53,0.0,26.05,26.05,0.0
2008-08-02,6.741,6.741,0.0,18.46,18.46,0.0,27.08,27.08,0.0
2008-08-03,6.312,6.312,0.0,17.29,17.29,0.0,25.0,25.0,0.0
2008-08-04,6.216,6.216,0.0,17.31,17.31,0.0,24.89,24.89,0.0
2008-08-05,6.159,6.159,0.0,17.34,17.34,0.0,24.94,24.94,0.0
2008-08-06,5.989,5.989,0.0,17.0,17.0,0.0,24.35,24.35,0.0
2008-08-07,5.598,5.598,0.0,16.72,16.72,0.0,23.64,23.64,0.0
2008-08-08,5.554,5.554,0.0,14.85,14.85,0.0,21.56,21.56,0.0
2008-08-09,5.28,5.28,0.0,14.19,14.19,0.0,20.53,20.53,0.0
2008-08-10,5.34,5.34,0.0,14.74,14.74,0.0,21.24,21.24,0.0
2008-08-11,5.172,5.172,0.0,14.72,14.72,0.0,21.05,21.05,0.0
2008-08-12,5.232,5.232,0.0,14.35,14.35,0.0,20.69,20.69,0.0
2008-08-13,5.311,5.311,0.0,14.68,14.68,0.0,21.3,21.3,0.0
2008-08-14,5.144,5.144,0.0,14.23,14.23,0.0,20.51,20.51,0.0
2008-08-15,4.992,4.992,0.0,13.98,13.98,0.0,20.1,20.1,0.0
2008-08-16,4.768,4.768,0.0,12.9,12.9,0.0,18.74,18.74,0.0
2008-08-17,4.739,4.739,0.0,12.7,12.7,0.0,18.17,18.17,0.0
2008-08-18,4.498,4.498,0.0,12.26,12.26,0.0,17.62,17.62,0.0
2008-08-19,4.509,4.509,0.0,12.22,12.22,0.0,17.61,17.61,0.0
2008-08-20,4.471,4.471,0.0,12.18,12.18,0.0,17.54,17.54,0.0
2008-08-21,4.341,4.341,0.0,12.03,12.03,0.0,17.27,17.27,0.0
2008-08-22,4.297,4.297,0.0,11.6,11.6,0.0,16.76,16.76,0.0
2008-08-23,4.234,4.234,0.0,11.43,11.43,0.0,16.5,16.5,0.0
2008-08-24,4.178,4.178,0.0,11.2,11.2,0.0,16.19,16.19,0.0
2008-08-25,4.042,4.042,0.0,10.46,10.46,0.0,15.25,15.25,0.0
2008-08-26,4.148,4.148,0.0,10.36,10.36,0.0,15.2,15.2,0.0
2008-08-27,4.799,4.799,0.0,11.3,11.3,0.0,17.08,17.08,0.0
2008-08-28,4.41,4.41,0.0,10.67,10.67,0.0,15.77,15.77,0.0
2008-08-29,4.091,4.091,0.0,10.31,10.31,0.0,15.08,15.08,0.0
2008-08-30,4.064,4.064,0.0,10.06,10.06,0.0,14.74,14.74,0.0
2008-08-31,4.029,4.029,0.0,9.89,9.89,0.0,14.52,14.52,0.0
2008-09-01,3.976,3.976,0.0,9.54,9.54,0.0,14.1,14.1,0.0
2008-09-02,3.835,3.835,0.0,9.203,9.203,0.0,13.65,13.65,0.0
2008-09-03,3.802,3.802,0.0,8.978,8.978,0.0,13.31,13.31,0.0
2008-09-04,3.717,3.717,0.0,8.962,8.962,0.0,13.23,13.23,0.0
2008-09-05,3.696,3.696,0.0,9.097,9.097,0.0,13.51,13.51,0.0
2008-09-06,3.615,3.615,0.0,8.718,8.718,0.0,12.84,12.84,0.0
2008-09-07,3.526,3.526,0.0,8.499,8.499,0.0,12.45,12.45,0.0
2008-09-08,3.374,3.374,0.0,8.49,8.49,0.0,12.45,12.45,0.0
2008-09-09,3.433,3.433,0.0,8.483,8.483,0.0,12.54,12.54,0.0
2008-09-10,3.313,3.313,0.0,7.949,7.949,0.0,11.76,11.76,0.0
2008-09-11,3.211,3.211,0.0,7.709,7.709,0.0,11.43,11.43,0.0
2008-09-12,3.413,3.413,0.0,8.23,8.23,0.0,12.43,12.43,0.0
2008-09-13,3.146,3.146,0.0,7.514,7.514,0.0,11.09,11.09,0.0
2008-09-14,3.071,3.071,0.0,7.552,7.552,0.0,11.15,11.15,0.0
2008-09-15,2.974,2.974,0.0,7.29,7.29,0.0,10.74,10.74,0.0
2008-09-16,2.949,2.949,0.0,7.191,7.191,0.0,10.59,10.59,0.0
2008-09-17,2.908,2.908,0.0,6.982,6.982,0.0,10.2,10.2,0.0
2008-09-18,2.74,2.74,0.0,6.901,6.901,0.0,10.06,10.06,0.0
2008-09-19,2.745,2.745,0.0,6.685,6.685,0.0,9.847,9.847,0.0
2008-09-20,2.721,2.721,0.0,6.609,6.609,0.0,9.74,9.74,0.0
2008-09-21,2.635,2.635,0.0,6.508,6.508,0.0,9.571,9.571,0.0
2008-09-22,2.613,2.613,0.0,6.193,6.193,0.0,9.215,9.215,0.0
2008-09-23,2.577,2.577,0.0,6.107,6.107,0.0,9.047,9.047,0.0
2008-09-24,2.48,2.48,0.0,6.061,6.061,0.0,8.939,8.939,0.0
2008-09-25,2.562,2.562,0.0,6.278,6.278,0.0,9.396,9.396,0.0
2008-09-26,2.645,2.645,0.0,6.223,6.223,0.0,9.425,9.425,0.0
2008-09-27,2.757,2.757,0.0,6.345,6.345,0.0,9.613,9.613,0.0
2008-09-28,2.473,2.473,0.0,5.956,5.956,0.0,8.832,8.832,0.0
2008-09-29,2.41,2.41,0.0,5.697,5.697,0.0,8.426,8.426,0.0
2008-09-30,2.391,2.391,0.0,5.603,5.603,0.0,8.311,8.311,0.0
2008-10-01,2.424,2.424,0.0,5.687,5.687,0.0,8.511,8.511,0.0
2008-10-02,2.278,2.278,0.0,5.286,5.286,0.0,7.896,7.896,0.0
2008-10-03,2.259,2.259,0.0,5.146,5.146,0.0,7.693,7.693,0.0
2008-10-04,2.229,2.229,0.0,5.125,5.125,0.0,7.645,7.645,0.0
2008-10-05,2.146,2.146,0.0,5.039,5.039,0.0,7.5,7.5,0.0
2008-10-06,2.108,2.108,0.0,4.938,4.938,0.0,7.358,7.358,0.0
2008-10-07,2.092,2.092,0.0,4.815,4.815,0.0,7.131,7.131,0.0
2008-10-08,1.984,1.984,0.0,4.798,4.798,0.0,7.059,7.059,0.0
2008-10-09,1.986,1.986,0.0,4.711,4.711,0.0,6.964,6.964,0.0
2008-10-10,1.974,1.974,0.0,4.635,4.635,0.0,6.874,6.874,0.0
2008-10-11,1.951,1.951,0.0,4.554,4.554,0.0,6.767,6.767,0.0
2008-10-12,1.881,1.881,0.0,4.472,4.472,0.0,6.632,6.632,0.0
2008-10-13,1.868,1.868,0.0,4.183,4.183,0.0,6.291,6.291,0.0
2008-10-14,1.845,1.845,0.0,4.199,4.199,0.0,6.285,6.285,0.0
2008-10-15,1.773,1.773,0.0,4.113,4.113,0.0,6.149,6.149,0.0
2008-10-16,1.779,1.779,0.0,4.19,4.19,0.0,6.275,6.275,0.0
2008-10-17,1.737,1.737,0.0,3.987,3.987,0.0,5.967,5.967,0.0
2008-10-18,1.716,1.716,0.0,3.952,3.952,0.0,5.81,5.81,0.0
2008-10-19,1.61,1.61,0.0,3.9,3.9,0.0,5.731,5.731,0.0
2008-10-20,1.62,1.62,0.0,3.838,3.838,0.0,5.676,5.676,0.0
2008-10-21,1.611,1.611,0.0,3.77,3.77,0.0,5.596,5.596,0.0
2008-10-22,1.592,1.592,0.0,3.703,3.703,0.0,5.506,5.506,0.0
2008-10-23,1.531,1.531,0.0,3.486,3.486,0.0,5.224,5.224,0.0
2008-10-24,1.625,1.625,0.0,3.692,3.692,0.0,5.636,5.636,0.0
2008-10-25,1.718,1.718,0.0,3.916,3.916,0.0,6.02,6.02,0.0
2008-10-26,1.503,1.503,0.0,3.463,3.463,0.0,5.175,5.175,0.0
2008-10-27,1.599,1.599,0.0,3.674,3.674,0.0,5.588,5.588,0.0
2008-10-28,1.689,1.689,0.0,3.905,3.905,0.0,5.927,5.927,0.0
2008-10-29,1.427,1.427,0.0,3.42,3.42,0.0,5.03,5.03,0.0
2008-10-30,1.438,1.438,0.0,3.438,3.438,0.0,5.055,5.055,0.0
2008-10-31,1.431,1.431,0.0,3.382,3.382,0.0,4.99,4.99,0.0
2008-11-01,1.415,1.415,0.0,3.325,3.325,0.0,4.914,4.914,0.0
2008-11-02,1.354,1.354,0.0,3.233,3.233,0.0,4.761,4.761,0.0
2008-11-03,1.351,1.351,0.0,3.046,3.046,0.0,4.566,4.566,0.0
2008-11-04,1.337,1.337,0.0,3.047,3.047,0.0,4.549,4.549,0.0
2008-11-05,1.282,1.282,0.0,3.019,3.019,0.0,4.483,4.483,0.0
2008-11-06,1.262,1.262,0.0,2.951,2.951,0.0,4.391,4.391,0.0
2008-11-07,1.257,1.257,0.0,2.938,2.938,0.0,4.361,4.361,0.0
2008-11-08,1.244,1.244,0.0,2.906,2.906,0.0,4.232,4.232,0.0
2008-11-09,1.16,1.16,0.0,2.864,2.864,0.0,4.173,4.173,0.0
2008-11-10,1.172,1.172,0.0,2.818,2.818,0.0,4.137,4.137,0.0
2008-11-11,1.168,1.168,0.0,2.769,2.769,0.0,4.082,4.082,0.0
2008-11-12,1.567,1.567,0.0,3.617,3.617,0.0,5.631,5.631,0.0
2008-11-13,1.72,1.72,0.0,3.945,3.945,0.0,6.044,6.044,0.0
2008-11-14,1.57,1.57,0.0,3.679,3.679,0.0,5.4,5.4,0.0
2008-11-15,1.718,1.718,0.0,4.586,4.586,0.0,6.57,6.57,0.0
2008-11-16,1.597,1.597,0.0,4.387,4.387,0.0,6.166,6.166,0.0
2008-11-17,1.716,1.716,0.0,4.805,4.805,0.0,6.891,6.891,0.0
2008-11-18,1.629,1.629,0.0,4.641,4.641,0.0,6.531,6.531,0.0
2008-11-19,1.441,1.441,0.0,4.34,4.34,0.0,5.894,5.894,0.0
2008-11-20,1.432,1.432,0.0,4.334,4.334,0.0,5.935,5.935,0.0
2008-11-21,1.334,1.334,0.0,4.062,4.062,0.0,5.703,5.703,0.0
2008-11-22,1.334,1.334,0.0,3.883,3.883,0.0,5.411,5.411,0.0
2008-11-23,1.353,1.353,0.0,3.816,3.816,0.0,5.354,5.354,0.0
2008-11-24,1.482,1.482,0.0,3.807,3.807,0.0,5.675,5.675,0.0
2008-11-25,1.626,1.626,0.0,4.465,4.465,0.0,6.682,6.682,0.0
2008-11-26,1.593,1.593,0.0,3.779,3.779,0.0,5.456,5.456,0.0
2008-11-27,3.384,3.384,0.0,8.125,8.125,0.0,11.19,11.19,0.0
2008-11-28,2.684,2.684,0.0,5.526,5.526,0.0,7.812,7.812,0.0
2008-11-29,1.534,1.534,0.0,4.114,4.114,0.0,5.949,5.949,0.0
2008-11-30,1.231,1.231,0.0,3.767,3.767,0.0,5.496,5.496,0.0
2008-12-01,1.705,1.705,0.0,4.172,4.172,0.0,6.52,6.52,0.0
2008-12-02,1.17,1.17,0.0,3.637,3.637,0.0,5.182,5.182,0.0
2008-12-03,1.168,1.168,0.0,5.614,5.614,0.0,7.148,7.148,0.0
2008-12-04,1.161,1.161,0.0,3.993,3.993,0.0,5.383,5.383,0.0
2008-12-05,1.147,1.147,0.0,3.486,3.486,0.0,4.925,4.925,0.0
2008-12-06,1.18,1.18,0.0,3.444,3.444,0.0,5.013,5.013,0.0
2008-12-07,1.083,1.083,0.0,3.36,3.36,0.0,4.795,4.795,0.0
2008-12-08,1.077,1.077,0.0,3.353,3.353,0.0,4.779,4.779,0.0
2008-12-09,3.052,3.052,0.0,22.19,22.19,0.0,26.04,26.04,0.0
2008-12-10,7.272,7.272,0.0,33.56,33.56,0.0,42.74,42.74,0.0
2008-12-11,22.86,22.86,0.0,71.08,71.08,0.0,98.01,98.01,0.0
2008-12-12,3.128,3.128,0.0,11.37,11.37,0.0,16.18,16.18,0.0
2008-12-13,3.057,3.057,0.0,7.514,7.514,0.0,11.34,11.34,0.0
2008-12-14,3.238,3.238,0.0,8.346,8.346,0.0,12.37,12.37,0.0
2008-12-15,4.019,4.019,0.0,10.06,10.06,0.0,15.26,15.26,0.0
2008-12-16,9.6,9.6,0.0,18.89,18.89,0.0,27.79,27.79,0.0
2008-12-17,6.992,6.992,0.0,13.24,13.24,0.0,20.87,20.87,0.0
2008-12-18,8.143,8.143,0.0,14.47,14.47,0.0,22.87,22.87,0.0
2008-12-19,9.435,9.435,0.0,19.81,19.81,0.0,29.56,29.56,0.0
2008-12-20,9.534,9.534,0.0,17.98,17.98,0.0,27.56,27.56,0.0
2008-12-21,9.507,9.507,0.0,18.18,18.18,0.0,27.67,27.67,0.0
2008-12-22,9.26,9.26,0.0,17.73,17.73,0.0,26.23,26.23,0.0
2008-12-23,7.172,7.172,0.0,14.93,14.93,0.0,21.77,21.77,0.0
2008-12-24,8.915,8.915,0.0,15.81,15.81,0.0,24.62,24.62,0.0
2008-12-25,6.893,6.893,0.0,13.66,13.66,0.0,21.02,21.02,0.0
2008-12-26,6.631,6.631,0.0,14.99,14.99,0.0,22.39,22.39,0.0
2008-12-27,7.433,7.433,0.0,15.19,15.19,0.0,23.03,23.03,0.0
2008-12-28,7.867,7.867,0.0,16.19,16.19,0.0,24.33,24.33,0.0
2008-12-29,7.94,7.94,0.0,16.58,16.58,0.0,24.7,24.7,0.0
2008-12-30,7.919,7.919,0.0,16.56,16.56,0.0,24.05,24.05,0.0
2008-12-31,7.238,7.238,0.0,16.29,16.29,0.0,23.06,23.06,0.0
2009-01-01,6.856,6.856,0.0,14.29,14.29,0.0,21.16,21.16,0.0
2009-01-02,6.63,6.63,0.0,11.07,11.07,0.0,17.76,17.76,0.0
2009-01-03,6.463,6.463,0.0,12.81,12.81,0.0,19.52,19.52,0.0
2009-01-04,6.266,6.266,0.0,14.52,14.52,0.0,21.54,21.54,0.0
2009-01-05,6.638,6.638,0.0,15.16,15.16,0.0,22.23,22.23,0.0
2009-01-06,11.49,11.49,0.0,38.58,38.58,0.0,50.13,50.13,0.0
2009-01-07,12.47,12.47,0.0,30.64,30.64,0.0,42.72,42.72,0.0
2009-01-08,10.62,10.62,0.0,21.46,21.46,0.0,32.43,32.43,0.0
2009-01-09,10.57,10.57,0.0,20.76,20.76,0.0,31.64,31.64,0.0
2009-01-10,10.84,10.84,0.0,22.16,22.16,0.0,33.9,33.9,0.0
2009-01-11,10.25,10.25,0.0,20.48,20.48,0.0,31.18,31.18,0.0
2009-01-12,8.306,8.306,0.0,17.51,17.51,0.0,25.61,25.61,0.0
2009-01-13,7.799,7.799,0.0,14.11,14.11,0.0,22.39,22.39,0.0
2009-01-14,7.816,7.816,0.0,15.39,15.39,0.0,24.06,24.06,0.0
2009-01-15,8.345,8.345,0.0,16.52,16.52,0.0,25.5,25.5,0.0
2009-01-16,8.482,8.482,0.0,16.25,16.25,0.0,25.18,25.18,0.0
2009-01-17,8.463,8.463,0.0,15.94,15.94,0.0,24.82,24.82,0.0
2009-01-18,8.434,8.434,0.0,15.76,15.76,0.0,24.66,24.66,0.0
2009-01-19,8.244,8.244,0.0,14.32,14.32,0.0,22.96,22.96,0.0
2009-01-20,7.565,7.565,0.0,13.36,13.36,0.0,21.56,21.56,0.0
2009-01-21,7.183,7.183,0.0,12.6,12.6,0.0,19.65,19.65,0.0
2009-01-22,6.949,6.949,0.0,12.53,12.53,0.0,20.08,20.08,0.0
2009-01-23,9.864,9.864,0.0,31.15,31.15,0.0,41.76,41.76,0.0
2009-01-24,6.955,6.955,0.0,14.41,14.41,0.0,21.92,21.92,0.0
2009-01-25,6.917,6.917,0.0,13.2,13.2,0.0,20.47,20.47,0.0
2009-01-26,6.932,6.932,0.0,13.14,13.14,0.0,20.45,20.45,0.0
2009-01-27,7.068,7.068,0.0,12.93,12.93,0.0,20.66,20.66,0.0
2009-01-28,12.99,12.99,0.0,29.72,29.72,0.0,46.3,46.3,0.0
2009-01-29,6.416,6.416,0.0,13.27,13.27,0.0,20.53,20.53,0.0
2009-01-30,6.002,6.002,0.0,11.3,11.3,0.0,17.36,17.36,0.0
2009-01-31,5.624,5.624,0.0,10.75,10.75,0.0,16.84,16.84,0.0
2009-02-01,7.767,7.767,0.0,13.92,13.92,0.0,21.03,21.03,0.0
2009-02-02,6.907,6.907,0.0,12.29,12.29,0.0,19.72,19.72,0.0
2009-02-03,5.867,5.867,0.0,11.81,11.81,0.0,18.23,18.23,0.0
2009-02-04,5.849,5.849,0.0,11.83,11.83,0.0,18.28,18.28,0.0
2009-02-05,5.672,5.672,0.0,11.01,11.01,0.0,17.14,17.14,0.0
2009-02-06,5.582,5.582,0.0,12.62,12.62,0.0,19.18,19.18,0.0
2009-02-07,5.461,5.461,0.0,28.23,28.23,0.0,34.17,34.17,0.0
2009-02-08,5.501,5.501,0.0,15.53,15.53,0.0,21.37,21.37,0.0
2009-02-09,5.27,5.27,0.0,12.61,12.61,0.0,18.56,18.56,0.0
2009-02-10,5.377,5.377,0.0,14.74,14.74,0.0,21.3,21.3,0.0
2009-02-11,6.978,6.978,0.0,17.3,17.3,0.0,25.0,25.0,0.0
2009-02-12,7.006,7.006,0.0,16.75,16.75,0.0,24.63,24.63,0.0
2009-02-13,7.366,7.366,0.0,17.3,17.3,0.0,25.57,25.57,0.0
2009-02-14,7.729,7.729,0.0,17.81,17.81,0.0,26.45,26.45,0.0
2009-02-15,7.415,7.415,0.0,17.85,17.85,0.0,26.37,26.37,0.0
2009-02-16,7.544,7.544,0.0,13.29,13.29,0.0,21.14,21.14,0.0
2009-02-17,6.539,6.539,0.0,14.79,14.79,0.0,22.01,22.01,0.0
2009-02-18,7.075,7.075,0.0,15.98,15.98,0.0,24.39,24.39,0.0
2009-02-19,6.501,6.501,0.0,14.77,14.77,0.0,22.0,22.0,0.0
2009-02-20,6.658,6.658,0.0,15.08,15.08,0.0,22.42,22.42,0.0
2009-02-21,6.71,6.71,0.0,15.45,15.45,0.0,22.92,22.92,0.0
2009-02-22,6.298,6.298,0.0,15.53,15.53,0.0,22.95,22.95,0.0
2009-02-23,6.386,6.386,0.0,15.37,15.37,0.0,22.79,22.79,0.0
2009-02-24,5.649,5.649,0.0,14.36,14.36,0.0,21.22,21.22,0.0
2009-02-25,9.043,9.043,0.0,16.84,16.84,0.0,26.28,26.28,0.0
2009-02-26,5.888,5.888,0.0,18.06,18.06,0.0,24.71,24.71,0.0
2009-02-27,6.091,6.091,0.0,15.49,15.49,0.0,22.55,22.55,0.0
2009-02-28,5.921,5.921,0.0,14.92,14.92,0.0,21.74,21.74,0.0
2009-03-01,5.898,5.898,0.0,14.91,14.91,0.0,21.64,21.64,0.0
2009-03-02,5.581,5.581,0.0,13.0,13.0,0.0,19.16,19.16,0.0
2009-03-03,5.596,5.596,0.0,13.54,13.54,0.0,19.77,19.77,0.0
2009-03-04,5.555,5.555,0.0,13.17,13.17,0.0,19.39,19.39,0.0
2009-03-05,5.476,5.476,0.0,13.39,13.39,0.0,19.19,19.19,0.0
2009-03-06,5.156,5.156,0.0,12.34,12.34,0.0,17.94,17.94,0.0
2009-03-07,5.067,5.067,0.0,14.15,14.15,0.0,20.02,20.02,0.0
2009-03-08,6.213,6.213,0.0,16.88,16.88,0.0,23.83,23.83,0.0
2009-03-09,6.625,6.625,0.0,18.6,18.6,0.0,25.95,25.95,0.0
2009-03-10,6.749,6.749,0.0,18.36,18.36,0.0,25.8,25.8,0.0
2009-03-11,6.729,6.729,0.0,19.07,19.07,0.0,26.46,26.46,0.0
2009-03-12,6.661,6.661,0.0,19.43,19.43,0.0,26.76,26.76,0.0
2009-03-13,6.117,6.117,0.0,19.31,19.31,0.0,25.78,25.78,0.0
2009-03-14,6.693,6.693,0.0,18.38,18.38,0.0,25.5,25.5,0.0
2009-03-15,7.029,7.029,0.0,16.52,16.52,0.0,23.96,23.96,0.0
2009-03-16,7.692,7.692,0.0,17.89,17.89,0.0,26.2,26.2,0.0
2009-03-17,7.068,7.068,0.0,16.96,16.96,0.0,24.72,24.72,0.0
2009-03-18,6.13,6.13,0.0,18.19,18.19,0.0,24.72,24.72,0.0
2009-03-19,6.41,6.41,0.0,18.6,18.6,0.0,25.54,25.54,0.0
2009-03-20,6.7,6.7,0.0,18.68,18.68,0.0,25.85,25.85,0.0
2009-03-21,6.807,6.807,0.0,17.42,17.42,0.0,24.64,24.64,0.0
2009-03-22,6.273,6.273,0.0,17.61,17.61,0.0,24.13,24.13,0.0
2009-03-23,6.432,6.432,0.0,15.06,15.06,0.0,21.77,21.77,0.0
2009-03-24,6.443,6.443,0.0,15.99,15.99,0.0,22.74,22.74,0.0
2009-03-25,7.367,7.367,0.0,17.34,17.34,0.0,25.31,25.31,0.0
2009-03-26,8.266,8.266,0.0,19.26,19.26,0.0,27.92,27.92,0.0
2009-03-27,12.31,12.31,0.0,23.81,23.81,0.0,35.27,35.27,0.0
2009-03-28,10.92,10.92,0.0,21.82,21.82,0.0,32.47,32.47,0.0
2009-03-29,11.36,11.36,0.0,23.06,23.06,0.0,34.32,34.32,0.0
2009-03-30,10.28,10.28,0.0,21.46,21.46,0.0,31.94,31.94,0.0
2009-03-31,9.422,9.422,0.0,20.22,20.22,0.0,30.18,30.18,0.0
2009-04-01,7.614,7.614,0.0,20.71,20.71,0.0,28.82,28.82,0.0
2009-04-02,9.332,9.332,0.0,19.78,19.78,0.0,29.22,29.22,0.0
2009-04-03,11.67,11.67,0.0,18.88,18.88,0.0,30.33,30.33,0.0
2009-04-04,9.217,9.217,0.0,18.89,18.89,0.0,28.12,28.12,0.0
2009-04-05,10.26,10.26,0.0,20.58,20.58,0.0,30.78,30.78,0.0
2009-04-06,11.27,11.27,0.0,23.24,23.24,0.0,34.72,34.72,0.0
2009-04-07,10.69,10.69,0.0,22.86,22.86,0.0,34.04,34.04,0.0
2009-04-08,10.87,10.87,0.0,22.86,22.86,0.0,33.95,33.95,0.0
2009-04-09,10.58,10.58,0.0,22.73,22.73,0.0,33.61,33.61,0.0
2009-04-10,11.58,11.58,0.0,22.26,22.26,0.0,33.95,33.95,0.0
2009-04-11,9.564,9.564,0.0,22.44,22.44,0.0,32.79,32.79,0.0
2009-04-12,8.707,8.707,0.0,22.24,22.24,0.0,31.36,31.36,0.0
2009-04-13,8.696,8.696,0.0,19.93,19.93,0.0,28.77,28.77,0.0
2009-04-14,10.67,10.67,0.0,19.76,19.76,0.0,30.34,30.34,0.0
2009-04-15,12.02,12.02,0.0,25.88,25.88,0.0,38.65,38.65,0.0
2009-04-16,11.04,11.04,0.0,22.99,22.99,0.0,34.68,34.68,0.0
2009-04-17,10.99,10.99,0.0,23.34,23.34,0.0,34.98,34.98,0.0
2009-04-18,10.88,10.88,0.0,23.51,23.51,0.0,35.01,35.01,0.0
2009-04-19,13.58,13.58,0.0,25.18,25.18,0.0,38.76,38.76,0.0
2009-04-20,15.56,15.56,0.0,27.97,27.97,0.0,43.14,43.14,0.0
2009-04-21,13.49,13.49,0.0,26.93,26.93,0.0,40.97,40.97,0.0
2009-04-22,16.24,16.24,0.0,29.07,29.07,0.0,45.05,45.05,0.0
2009-04-23,13.6,13.6,0.0,25.09,25.09,0.0,39.33,39.33,0.0
2009-04-24,9.983,9.983,0.0,23.46,23.46,0.0,34.42,34.42,0.0
2009-04-25,10.07,10.07,0.0,20.98,20.98,0.0,31.44,31.44,0.0
2009-04-26,11.17,11.17,0.0,22.0,22.0,0.0,33.52,33.52,0.0
2009-04-27,11.6,11.6,0.0,23.14,23.14,0.0,35.11,35.11,0.0
2009-04-28,11.76,11.76,0.0,24.27,24.27,0.0,36.65,36.65,0.0
2009-04-29,14.73,14.73,0.0,27.47,27.47,0.0,42.14,42.14,0.0
2009-04-30,13.1,13.1,0.0,26.57,26.57,0.0,40.26,40.26,0.0
2009-05-01,14.08,14.08,0.0,29.23,29.23,0.0,44.21,44.21,0.0
2009-05-02,16.96,16.96,0.0,30.73,30.73,0.0,47.59,47.59,0.0
2009-05-03,25.52,25.52,0.0,39.18,39.18,0.0,63.37,63.37,0.0
2009-05-04,20.5,20.5,0.0,36.17,36.17,0.0,57.46,57.46,0.0
2009-05-05,21.96,21.96,0.0,36.98,36.98,0.0,59.02,59.02,0.0
2009-05-06,24.16,24.16,0.0,38.82,38.82,0.0,62.68,62.68,0.0
2009-05-07,20.02,20.02,0.0,33.72,33.72,0.0,55.25,55.25,0.0
2009-05-08,17.98,17.98,0.0,27.83,27.83,0.0,45.85,45.85,0.0
2009-05-09,13.73,13.73,0.0,27.67,27.67,0.0,42.59,42.59,0.0
2009-05-10,15.89,15.89,0.0,30.29,30.29,0.0,46.84,46.84,0.0
2009-05-11,17.23,17.23,0.0,32.27,32.27,0.0,50.19,50.19,0.0
2009-05-12,17.48,17.48,0.0,32.52,32.52,0.0,50.6,50.6,0.0
2009-05-13,17.46,17.46,0.0,32.4,32.4,0.0,50.43,50.43,0.0
2009-05-14,17.91,17.91,0.0,32.37,32.37,0.0,50.63,50.63,0.0
2009-05-15,17.66,17.66,0.0,31.78,31.78,0.0,48.95,48.95,0.0
2009-05-16,19.69,19.69,0.0,31.42,31.42,0.0,50.77,50.77,0.0
2009-05-17,17.27,17.27,0.0,28.16,28.16,0.0,44.6,44.6,0.0
2009-05-18,14.65,14.65,0.0,24.94,24.94,0.0,40.41,40.41,0.0
2009-05-19,14.35,14.35,0.0,27.06,27.06,0.0,42.52,42.52,0.0
2009-05-20,15.39,15.39,0.0,28.13,28.13,0.0,44.11,44.11,0.0
2009-05-21,15.73,15.73,0.0,28.41,28.41,0.0,44.52,44.52,0.0
2009-05-22,15.74,15.74,0.0,28.25,28.25,0.0,44.25,44.25,0.0
2009-05-23,15.69,15.69,0.0,28.22,28.22,0.0,44.28,44.28,0.0
2009-05-24,15.78,15.78,0.0,27.72,27.72,0.0,43.31,43.31,0.0
2009-05-25,18.87,18.87,0.0,27.78,27.78,0.0,45.79,45.79,0.0
2009-05-26,20.82,20.82,0.0,28.94,28.94,0.0,48.15,48.15,0.0
2009-05-27,18.31,18.31,0.0,29.59,29.59,0.0,48.07,48.07,0.0
2009-05-28,19.63,19.63,0.0,26.73,26.73,0.0,45.4,45.4,0.0
2009-05-29,17.96,17.96,0.0,26.2,26.2,0.0,43.82,43.82,0.0
2009-05-30,18.19,18.19,0.0,28.18,28.18,0.0,45.56,45.56,0.0
2009-05-31,14.08,14.08,0.0,27.09,27.09,0.0,42.3,42.3,0.0
2009-06-01,15.28,15.28,0.0,27.59,27.59,0.0,43.37,43.37,0.0
2009-06-02,15.9,15.9,0.0,27.87,27.87,0.0,44.06,44.06,0.0
2009-06-03,16.18,16.18,0.0,28.24,28.24,0.0,44.79,44.79,0.0
2009-06-04,19.21,19.21,0.0,34.78,34.78,0.0,55.36,55.36,0.0
2009-06-05,19.8,19.8,0.0,32.99,32.99,0.0,52.82,52.82,0.0
2009-06-06,17.68,17.68,0.0,31.42,31.42,0.0,49.7,49.7,0.0
2009-06-07,17.32,17.32,0.0,30.95,30.95,0.0,47.99,47.99,0.0
2009-06-08,17.25,17.25,0.0,29.04,29.04,0.0,45.75,45.75,0.0
2009-06-09,16.98,16.98,0.0,24.25,24.25,0.0,40.17,40.17,0.0
2009-06-10,12.99,12.99,0.0,24.24,24.24,0.0,38.45,38.45,0.0
2009-06-11,15.27,15.27,0.0,26.27,26.27,0.0,41.73,41.73,0.0
2009-06-12,15.55,15.55,0.0,26.84,26.84,0.0,42.45,42.45,0.0
2009-06-13,15.63,15.63,0.0,26.83,26.83,0.0,42.29,42.29,0.0
2009-06-14,15.54,15.54,0.0,26.59,26.59,0.0,41.87,41.87,0.0
2009-06-15,15.3,15.3,0.0,26.18,26.18,0.0,40.69,40.69,0.0
2009-06-16,15.32,15.32,0.0,25.03,25.03,0.0,39.68,39.68,0.0
2009-06-17,15.15,15.15,0.0,23.81,23.81,0.0,38.4,38.4,0.0
2009-06-18,14.59,14.59,0.0,22.63,22.63,0.0,36.27,36.27,0.0
2009-06-19,12.36,12.36,0.0,23.53,23.53,0.0,36.33,36.33,0.0
2009-06-20,12.89,12.89,0.0,23.44,23.44,0.0,36.7,36.7,0.0
2009-06-21,13.15,13.15,0.0,22.58,22.58,0.0,35.59,35.59,0.0
2009-06-22,13.25,13.25,0.0,22.81,22.81,0.0,35.76,35.76,0.0
2009-06-23,13.15,13.15,0.0,22.74,22.74,0.0,35.53,35.53,0.0
2009-06-24,12.93,12.93,0.0,21.88,21.88,0.0,34.1,34.1,0.0
2009-06-25,12.65,12.65,0.0,21.73,21.73,0.0,33.79,33.79,0.0
2009-06-26,12.06,12.06,0.0,19.19,19.19,0.0,30.4,30.4,0.0
2009-06-27,11.02,11.02,0.0,19.71,19.71,0.0,30.48,30.48,0.0
2009-06-28,10.5,10.5,0.0,19.28,19.28,0.0,29.78,29.78,0.0
2009-06-29,10.75,10.75,0.0,19.32,19.32,0.0,29.86,29.86,0.0
2009-06-30,10.84,10.84,0.0,18.87,18.87,0.0,29.49,29.49,0.0
2009-07-01,10.78,10.78,0.0,18.94,18.94,0.0,29.56,29.56,0.0
2009-07-02,10.53,10.53,0.0,18.53,18.53,0.0,28.61,28.61,0.0
2009-07-03,10.32,10.32,0.0,17.89,17.89,0.0,27.81,27.81,0.0
2009-07-04,10.06,10.06,0.0,17.24,17.24,0.0,26.87,26.87,0.0
2009-07-05,9.167,9.167,0.0,16.16,16.16,0.0,25.04,25.04,0.0
2009-07-06,8.854,8.854,0.0,16.29,16.29,0.0,24.98,24.98,0.0
2009-07-07,9.007,9.007,0.0,15.92,15.92,0.0,24.66,24.66,0.0
2009-07-08,9.0,9.0,0.0,15.58,15.58,0.0,24.26,24.26,0.0
2009-07-09,8.895,8.895,0.0,15.54,15.54,0.0,24.09,24.09,0.0
2009-07-10,8.746,8.746,0.0,15.36,15.36,0.0,23.64,23.64,0.0
2009-07-11,8.581,8.581,0.0,14.88,14.88,0.0,23.03,23.03,0.0
2009-07-12,8.405,8.405,0.0,14.68,14.68,0.0,22.68,22.68,0.0
2009-07-13,8.083,8.083,0.0,13.85,13.85,0.0,21.63,21.63,0.0
2009-07-14,7.719,7.719,0.0,13.53,13.53,0.0,20.9,20.9,0.0
2009-07-15,7.431,7.431,0.0,13.47,13.47,0.0,20.6,20.6,0.0
2009-07-16,7.338,7.338,0.0,13.28,13.28,0.0,20.35,20.35,0.0
2009-07-17,7.617,7.617,0.0,13.29,13.29,0.0,21.0,21.0,0.0
2009-07-18,7.239,7.239,0.0,12.5,12.5,0.0,19.4,19.4,0.0
2009-07-19,7.121,7.121,0.0,12.39,12.39,0.0,19.17,19.17,0.0
2009-07-20,7.099,7.099,0.0,12.5,12.5,0.0,19.42,19.42,0.0
2009-07-21,6.834,6.834,0.0,12.3,12.3,0.0,19.04,19.04,0.0
2009-07-22,6.692,6.692,0.0,11.57,11.57,0.0,18.14,18.14,0.0
2009-07-23,6.594,6.594,0.0,11.4,11.4,0.0,17.75,17.75,0.0
2009-07-24,6.494,6.494,0.0,11.25,11.25,0.0,17.41,17.41,0.0
2009-07-25,6.769,6.769,0.0,12.7,12.7,0.0,19.59,19.59,0.0
2009-07-26,6.364,6.364,0.0,11.62,11.62,0.0,17.99,17.99,0.0
2009-07-27,6.149,6.149,0.0,10.74,10.74,0.0,16.64,16.64,0.0
2009-07-28,6.079,6.079,0.0,10.6,10.6,0.0,16.42,16.42,0.0
2009-07-29,6.152,6.152,0.0,10.97,10.97,0.0,17.03,17.03,0.0
2009-07-30,5.922,5.922,0.0,10.5,10.5,0.0,16.2,16.2,0.0
2009-07-31,5.99,5.99,0.0,11.55,11.55,0.0,17.89,17.89,0.0
2009-08-01,5.876,5.876,0.0,11.55,11.55,0.0,17.61,17.61,0.0
2009-08-02,5.897,5.897,0.0,11.62,11.62,0.0,17.58,17.58,0.0
2009-08-03,5.606,5.606,0.0,10.96,10.96,0.0,16.39,16.39,0.0
2009-08-04,5.322,5.322,0.0,10.9,10.9,0.0,16.06,16.06,0.0
2009-08-05,5.411,5.411,0.0,11.19,11.19,0.0,16.75,16.75,0.0
2009-08-06,5.213,5.213,0.0,10.39,10.39,0.0,15.52,15.52,0.0
2009-08-07,5.154,5.154,0.0,10.32,10.32,0.0,15.39,15.39,0.0
2009-08-08,5.074,5.074,0.0,9.381,9.381,0.0,14.37,14.37,0.0
2009-08-09,4.945,4.945,0.0,9.43,9.43,0.0,14.26,14.26,0.0
2009-08-10,4.798,4.798,0.0,9.548,9.548,0.0,14.35,14.35,0.0
2009-08-11,4.875,4.875,0.0,9.826,9.826,0.0,14.84,14.84,0.0
2009-08-12,4.665,4.665,0.0,9.196,9.196,0.0,13.8,13.8,0.0
2009-08-13,4.599,4.599,0.0,9.145,9.145,0.0,13.65,13.65,0.0
2009-08-14,4.344,4.344,0.0,8.92,8.92,0.0,13.26,13.26,0.0
2009-08-15,4.265,4.265,0.0,8.796,8.796,0.0,12.97,12.97,0.0
2009-08-16,4.248,4.248,0.0,8.466,8.466,0.0,12.63,12.63,0.0
2009-08-17,4.199,4.199,0.0,7.845,7.845,0.0,11.97,11.97,0.0
2009-08-18,4.288,4.288,0.0,8.218,8.218,0.0,12.6,12.6,0.0
2009-08-19,4.015,4.015,0.0,7.875,7.875,0.0,11.85,11.85,0.0
2009-08-20,3.955,3.955,0.0,7.894,7.894,0.0,11.85,11.85,0.0
2009-08-21,4.141,4.141,0.0,8.38,8.38,0.0,12.77,12.77,0.0
2009-08-22,3.876,3.876,0.0,7.57,7.57,0.0,11.41,11.41,0.0
2009-08-23,3.809,3.809,0.0,7.423,7.423,0.0,11.15,11.15,0.0
2009-08-24,3.742,3.742,0.0,7.337,7.337,0.0,11.01,11.01,0.0
2009-08-25,3.541,3.541,0.0,7.017,7.017,0.0,10.49,10.49,0.0
2009-08-26,3.476,3.476,0.0,6.819,6.819,0.0,10.27,10.27,0.0
2009-08-27,3.467,3.467,0.0,6.583,6.583,0.0,9.984,9.984,0.0
2009-08-28,3.512,3.512,0.0,6.83,6.83,0.0,10.38,10.38,0.0
2009-08-29,3.335,3.335,0.0,6.613,6.613,0.0,9.938,9.938,0.0
2009-08-30,3.261,3.261,0.0,6.506,6.506,0.0,9.756,9.756,0.0
2009-08-31,3.232,3.232,0.0,6.397,6.397,0.0,9.605,9.605,0.0
2009-09-01,3.187,3.187,0.0,6.187,6.187,0.0,9.344,9.344,0.0
2009-09-02,3.134,3.134,0.0,6.104,6.104,0.0,9.205,9.205,0.0
2009-09-03,3.077,3.077,0.0,5.748,5.748,0.0,8.757,8.757,0.0
2009-09-04,2.908,2.908,0.0,5.717,5.717,0.0,8.557,8.557,0.0
2009-09-05,2.852,2.852,0.0,5.683,5.683,0.0,8.511,8.511,0.0
2009-09-06,2.883,2.883,0.0,5.572,5.572,0.0,8.449,8.449,0.0
2009-09-07,2.82,2.82,0.0,5.456,5.456,0.0,8.236,8.236,0.0
2009-09-08,2.729,2.729,0.0,5.389,5.389,0.0,8.107,8.107,0.0
2009-09-09,2.685,2.685,0.0,5.334,5.334,0.0,8.027,8.027,0.0
2009-09-10,2.653,2.653,0.0,5.215,5.215,0.0,7.852,7.852,0.0
2009-09-11,2.617,2.617,0.0,4.974,4.974,0.0,7.569,7.569,0.0
2009-09-12,2.573,2.573,0.0,4.887,4.887,0.0,7.436,7.436,0.0
2009-09-13,2.527,2.527,0.0,4.811,4.811,0.0,7.284,7.284,0.0
2009-09-14,2.385,2.385,0.0,4.728,4.728,0.0,7.057,7.057,0.0
2009-09-15,2.339,2.339,0.0,4.67,4.67,0.0,6.973,6.973,0.0
2009-09-16,2.338,2.338,0.0,4.477,4.477,0.0,6.783,6.783,0.0
2009-09-17,2.313,2.313,0.0,4.423,4.423,0.0,6.71,6.71,0.0
2009-09-18,2.236,2.236,0.0,4.384,4.384,0.0,6.619,6.619,0.0
2009-09-19,2.198,2.198,0.0,4.322,4.322,0.0,6.52,6.52,0.0
2009-09-20,2.177,2.177,0.0,4.248,4.248,0.0,6.416,6.416,0.0
2009-09-21,2.147,2.147,0.0,4.063,4.063,0.0,6.196,6.196,0.0
2009-09-22,2.118,2.118,0.0,4.01,4.01,0.0,6.12,6.12,0.0
2009-09-23,2.073,2.073,0.0,3.933,3.933,0.0,5.964,5.964,0.0
2009-09-24,2.073,2.073,0.0,4.155,4.155,0.0,6.353,6.353,0.0
2009-09-25,2.101,2.101,0.0,4.143,4.143,0.0,6.282,6.282,0.0
2009-09-26,5.049,5.049,0.0,7.047,7.047,0.0,12.04,12.04,0.0
2009-09-27,2.593,2.593,0.0,4.657,4.657,0.0,7.266,7.266,0.0
2009-09-28,2.694,2.694,0.0,5.083,5.083,0.0,7.838,7.838,0.0
2009-09-29,2.719,2.719,0.0,5.524,5.524,0.0,8.421,8.421,0.0
2009-09-30,2.577,2.577,0.0,5.281,5.281,0.0,7.891,7.891,0.0
2009-10-01,2.465,2.465,0.0,4.896,4.896,0.0,7.26,7.26,0.0
2009-10-02,2.461,2.461,0.0,4.871,4.871,0.0,7.263,7.263,0.0
2009-10-03,2.401,2.401,0.0,4.689,4.689,0.0,6.973,6.973,0.0
2009-10-04,2.284,2.284,0.0,4.653,4.653,0.0,6.878,6.878,0.0
2009-10-05,2.277,2.277,0.0,4.3,4.3,0.0,6.459,6.459,0.0
2009-10-06,2.305,2.305,0.0,4.68,4.68,0.0,7.058,7.058,0.0
2009-10-07,2.107,2.107,0.0,4.329,4.329,0.0,6.406,6.406,0.0
2009-10-08,2.239,2.239,0.0,4.535,4.535,0.0,6.879,6.879,0.0
2009-10-09,2.331,2.331,0.0,5.048,5.048,0.0,7.623,7.623,0.0
2009-10-10,2.104,2.104,0.0,4.561,4.561,0.0,6.671,6.671,0.0
2009-10-11,2.057,2.057,0.0,4.45,4.45,0.0,6.469,6.469,0.0
2009-10-12,2.073,2.073,0.0,4.51,4.51,0.0,6.6,6.6,0.0
2009-10-13,1.996,1.996,0.0,4.268,4.268,0.0,6.203,6.203,0.0
2009-10-14,2.084,2.084,0.0,4.298,4.298,0.0,6.448,6.448,0.0
2009-10-15,2.153,2.153,0.0,5.534,5.534,0.0,7.984,7.984,0.0
2009-10-16,1.949,1.949,0.0,5.176,5.176,0.0,7.136,7.136,0.0
2009-10-17,1.94,1.94,0.0,5.596,5.596,0.0,7.688,7.688,0.0
2009-10-18,1.88,1.88,0.0,5.487,5.487,0.0,7.422,7.422,0.0
2009-10-19,1.837,1.837,0.0,5.426,5.426,0.0,7.301,7.301,0.0
2009-10-20,1.822,1.822,0.0,5.363,5.363,0.0,7.217,7.217,0.0
2009-10-21,1.778,1.778,0.0,5.276,5.276,0.0,7.096,7.096,0.0
2009-10-22,1.758,1.758,0.0,4.253,4.253,0.0,6.047,6.047,0.0
2009-10-23,2.416,2.416,0.0,7.228,7.228,0.0,10.18,10.18,0.0
2009-10-24,2.282,2.282,0.0,8.117,8.117,0.0,10.57,10.57,0.0
2009-10-25,2.071,2.071,0.0,7.504,7.504,0.0,9.569,9.569,0.0
2009-10-26,2.296,2.296,0.0,7.78,7.78,0.0,10.03,10.03,0.0
2009-10-27,3.905,3.905,0.0,14.57,14.57,0.0,19.06,19.06,0.0
2009-10-28,3.539,3.539,0.0,11.52,11.52,0.0,15.09,15.09,0.0
2009-10-29,3.509,3.509,0.0,11.08,11.08,0.0,14.51,14.51,0.0
2009-10-30,3.498,3.498,0.0,11.08,11.08,0.0,14.51,14.51,0.0
2009-10-31,3.768,3.768,0.0,10.81,10.81,0.0,14.7,14.7,0.0
2009-11-01,3.603,3.603,0.0,10.79,10.79,0.0,14.35,14.35,0.0
2009-11-02,3.314,3.314,0.0,10.27,10.27,0.0,13.68,13.68,0.0
2009-11-03,2.977,2.977,0.0,7.566,7.566,0.0,10.58,10.58,0.0
2009-11-04,2.949,2.949,0.0,8.348,8.348,0.0,11.28,11.28,0.0
2009-11-05,2.792,2.792,0.0,9.194,9.194,0.0,12.01,12.01,0.0
2009-11-06,2.965,2.965,0.0,9.556,9.556,0.0,12.54,12.54,0.0
2009-11-07,3.021,3.021,0.0,9.639,9.639,0.0,12.68,12.68,0.0
2009-11-08,3.018,3.018,0.0,9.58,9.58,0.0,12.61,12.61,0.0
2009-11-09,2.984,2.984,0.0,8.867,8.867,0.0,11.87,11.87,0.0
2009-11-10,3.151,3.151,0.0,9.09,9.09,0.0,12.23,12.23,0.0
2009-11-11,3.916,3.916,0.0,10.15,10.15,0.0,14.22,14.22,0.0
2009-11-12,4.089,4.089,0.0,10.07,10.07,0.0,14.13,14.13,0.0
2009-11-13,4.153,4.153,0.0,9.157,9.157,0.0,13.28,13.28,0.0
2009-11-14,4.101,4.101,0.0,7.788,7.788,0.0,11.84,11.84,0.0
2009-11-15,3.469,3.469,0.0,8.671,8.671,0.0,12.17,12.17,0.0
2009-11-16,3.646,3.646,0.0,8.459,8.459,0.0,12.11,12.11,0.0
2009-11-17,3.165,3.165,0.0,8.821,8.821,0.0,11.86,11.86,0.0
2009-11-18,4.103,4.103,0.0,9.656,9.656,0.0,13.74,13.74,0.0
2009-11-19,4.738,4.738,0.0,10.43,10.43,0.0,15.29,15.29,0.0
2009-11-20,4.809,4.809,0.0,10.2,10.2,0.0,15.0,15.0,0.0
2009-11-21,4.847,4.847,0.0,9.545,9.545,0.0,14.41,14.41,0.0
2009-11-22,5.073,5.073,0.0,9.721,9.721,0.0,14.67,14.67,0.0
2009-11-23,5.444,5.444,0.0,10.28,10.28,0.0,15.66,15.66,0.0
2009-11-24,5.023,5.023,0.0,8.652,8.652,0.0,13.69,13.69,0.0
2009-11-25,5.157,5.157,0.0,8.273,8.273,0.0,13.38,13.38,0.0
2009-11-26,4.535,4.535,0.0,9.061,9.061,0.0,13.85,13.85,0.0
2009-11-27,5.084,5.084,0.0,9.33,9.33,0.0,14.24,14.24,0.0
2009-11-28,4.194,4.194,0.0,9.768,9.768,0.0,13.65,13.65,0.0
2009-11-29,4.733,4.733,0.0,10.07,10.07,0.0,14.53,14.53,0.0
2009-11-30,5.157,5.157,0.0,10.79,10.79,0.0,15.88,15.88,0.0
2009-12-01,5.172,5.172,0.0,10.62,10.62,0.0,15.66,15.66,0.0
2009-12-02,9.198,9.198,0.0,14.55,14.55,0.0,22.65,22.65,0.0
2009-12-03,7.26,7.26,0.0,13.89,13.89,0.0,20.98,20.98,0.0
2009-12-04,7.47,7.47,0.0,13.65,13.65,0.0,20.86,20.86,0.0
2009-12-05,7.52,7.52,0.0,13.04,13.04,0.0,20.6,20.6,0.0
2009-12-06,7.218,7.218,0.0,12.73,12.73,0.0,19.74,19.74,0.0
2009-12-07,6.665,6.665,0.0,10.21,10.21,0.0,17.05,17.05,0.0
2009-12-08,5.691,5.691,0.0,12.05,12.05,0.0,18.89,18.89,0.0
2009-12-09,12.6,12.6,0.0,45.83,45.83,0.0,58.06,58.06,0.0
2009-12-10,8.766,8.766,0.0,18.69,18.69,0.0,28.0,28.0,0.0
2009-12-11,8.896,8.896,0.0,16.29,16.29,0.0,25.53,25.53,0.0
2009-12-12,7.998,7.998,0.0,16.14,16.14,0.0,24.95,24.95,0.0
2009-12-13,12.42,12.42,0.0,20.29,20.29,0.0,32.14,32.14,0.0
2009-12-14,12.43,12.43,0.0,35.63,35.63,0.0,47.24,47.24,0.0
2009-12-15,8.515,8.515,0.0,18.73,18.73,0.0,27.6,27.6,0.0
2009-12-16,7.711,7.711,0.0,16.13,16.13,0.0,23.94,23.94,0.0
2009-12-17,6.759,6.759,0.0,15.18,15.18,0.0,22.73,22.73,0.0
2009-12-18,6.961,6.961,0.0,12.4,12.4,0.0,20.59,20.59,0.0
2009-12-19,7.436,7.436,0.0,14.14,14.14,0.0,22.68,22.68,0.0
2009-12-20,7.311,7.311,0.0,14.15,14.15,0.0,22.11,22.11,0.0
2009-12-21,6.812,6.812,0.0,14.38,14.38,0.0,21.78,21.78,0.0
2009-12-22,6.863,6.863,0.0,14.08,14.08,0.0,20.82,20.82,0.0
2009-12-23,7.039,7.039,0.0,12.27,12.27,0.0,19.34,19.34,0.0
2009-12-24,7.346,7.346,0.0,13.29,13.29,0.0,20.58,20.58,0.0
2009-12-25,6.186,6.186,0.0,13.22,13.22,0.0,19.87,19.87,0.0
2009-12-26,11.53,11.53,0.0,17.45,17.45,0.0,29.21,29.21,0.0
2009-12-27,7.043,7.043,0.0,14.05,14.05,0.0,23.08,23.08,0.0
2009-12-28,6.498,6.498,0.0,12.04,12.04,0.0,19.06,19.06,0.0
2009-12-29,6.436,6.436,0.0,12.09,12.09,0.0,18.79,18.79,0.0
2009-12-30,6.442,6.442,0.0,12.28,12.28,0.0,19.02,19.02,0.0
2009-12-31,5.95,5.95,0.0,12.23,12.23,0.0,18.52,18.52,0.0
2010-01-01,5.946,5.946,0.0,10.49,10.49,0.0,16.26,16.26,0.0
2010-01-02,5.923,5.923,0.0,10.62,10.62,0.0,16.32,16.32,0.0
2010-01-03,5.194,5.194,0.0,10.57,10.57,0.0,16.07,16.07,0.0
2010-01-04,5.402,5.402,0.0,8.979,8.979,0.0,14.61,14.61,0.0
2010-01-05,5.093,5.093,0.0,9.718,9.718,0.0,15.32,15.32,0.0
2010-01-06,5.238,5.238,0.0,9.841,9.841,0.0,15.45,15.45,0.0
2010-01-07,5.294,5.294,0.0,9.876,9.876,0.0,15.5,15.5,0.0
2010-01-08,5.211,5.211,0.0,9.452,9.452,0.0,14.9,14.9,0.0
2010-01-09,4.855,4.855,0.0,9.22,9.22,0.0,14.02,14.02,0.0
2010-01-10,4.87,4.87,0.0,8.336,8.336,0.0,13.23,13.23,0.0
2010-01-11,4.838,4.838,0.0,8.093,8.093,0.0,13.01,13.01,0.0
2010-01-12,4.518,4.518,0.0,7.743,7.743,0.0,12.36,12.36,0.0
2010-01-13,4.369,4.369,0.0,7.66,7.66,0.0,12.24,12.24,0.0
2010-01-14,6.33,6.33,0.0,9.75,9.75,0.0,17.16,17.16,0.0
2010-01-15,8.069,8.069,0.0,10.34,10.34,0.0,19.0,19.0,0.0
2010-01-16,17.09,17.09,0.0,37.62,37.62,0.0,54.17,54.17,0.0
2010-01-17,14.58,14.58,0.0,36.73,36.73,0.0,50.34,50.34,0.0
2010-01-18,5.007,5.007,0.0,16.68,16.68,0.0,22.11,22.11,0.0
2010-01-19,5.117,5.117,0.0,15.04,15.04,0.0,20.61,20.61,0.0
2010-01-20,6.358,6.358,0.0,17.75,17.75,0.0,24.03,24.03,0.0
2010-01-21,6.722,6.722,0.0,14.64,14.64,0.0,21.84,21.84,0.0
2010-01-22,7.214,7.214,0.0,14.16,14.16,0.0,21.09,21.09,0.0
2010-01-23,9.797,9.797,0.0,14.32,14.32,0.0,23.32,23.32,0.0
2010-01-24,41.05,41.05,0.0,88.68,88.68,0.0,123.9,123.9,0.0
2010-01-25,15.31,15.31,0.0,55.05,55.05,0.0,72.98,72.98,0.0
2010-01-26,12.29,12.29,0.0,24.98,24.98,0.0,37.74,37.74,0.0
2010-01-27,12.41,12.41,0.0,22.15,22.15,0.0,34.67,34.67,0.0
2010-01-28,12.42,12.42,0.0,22.11,22.11,0.0,34.71,34.71,0.0
2010-01-29,12.17,12.17,0.0,19.3,19.3,0.0,31.05,31.05,0.0
2010-01-30,8.377,8.377,0.0,13.44,13.44,0.0,21.54,21.54,0.0
2010-01-31,7.832,7.832,0.0,14.63,14.63,0.0,22.92,22.92,0.0
2010-02-01,8.896,8.896,0.0,16.35,16.35,0.0,25.43,25.43,0.0
2010-02-02,9.548,9.548,0.0,17.56,17.56,0.0,27.43,27.43,0.0
2010-02-03,9.578,9.578,0.0,17.45,17.45,0.0,27.16,27.16,0.0
2010-02-04,9.468,9.468,0.0,17.19,17.19,0.0,26.66,26.66,0.0
2010-02-05,9.954,9.954,0.0,18.58,18.58,0.0,29.33,29.33,0.0
2010-02-06,8.141,8.141,0.0,17.16,17.16,0.0,24.9,24.9,0.0
2010-02-07,7.81,7.81,0.0,10.65,10.65,0.0,18.31,18.31,0.0
2010-02-08,7.248,7.248,0.0,12.13,12.13,0.0,19.74,19.74,0.0
2010-02-09,7.905,7.905,0.0,13.45,13.45,0.0,21.74,21.74,0.0
2010-02-10,8.063,8.063,0.0,13.63,13.63,0.0,21.94,21.94,0.0
2010-02-11,8.014,8.014,0.0,13.46,13.46,0.0,21.6,21.6,0.0
2010-02-12,7.839,7.839,0.0,13.07,13.07,0.0,20.89,20.89,0.0
2010-02-13,7.78,7.78,0.0,13.0,13.0,0.0,20.84,20.84,0.0
2010-02-14,7.18,7.18,0.0,12.59,12.59,0.0,19.65,19.65,0.0
2010-02-15,6.833,6.833,0.0,10.17,10.17,0.0,16.65,16.65,0.0
2010-02-16,6.651,6.651,0.0,10.58,10.58,0.0,17.24,17.24,0.0
2010-02-17,6.221,6.221,0.0,10.96,10.96,0.0,17.47,17.47,0.0
2010-02-18,6.438,6.438,0.0,11.05,11.05,0.0,17.56,17.56,0.0
2010-02-19,6.572,6.572,0.0,11.26,11.26,0.0,18.08,18.08,0.0
2010-02-20,8.403,8.403,0.0,12.45,12.45,0.0,21.34,21.34,0.0
2010-02-21,8.377,8.377,0.0,14.04,14.04,0.0,23.49,23.49,0.0
2010-02-22,9.886,9.886,0.0,15.69,15.69,0.0,26.23,26.23,0.0
2010-02-23,8.589,8.589,0.0,14.08,14.08,0.0,23.31,23.31,0.0
2010-02-24,6.917,6.917,0.0,11.98,11.98,0.0,19.2,19.2,0.0
2010-02-25,6.959,6.959,0.0,12.01,12.01,0.0,19.13,19.13,0.0
2010-02-26,6.265,6.265,0.0,11.01,11.01,0.0,17.74,17.74,0.0
2010-02-27,6.394,6.394,0.0,10.4,10.4,0.0,16.35,16.35,0.0
2010-02-28,6.059,6.059,0.0,9.084,9.084,0.0,15.34,15.34,0.0
2010-03-01,5.667,5.667,0.0,10.09,10.09,0.0,16.29,16.29,0.0
2010-03-02,6.226,6.226,0.0,10.57,10.57,0.0,17.23,17.23,0.0
2010-03-03,6.459,6.459,0.0,10.9,10.9,0.0,17.91,17.91,0.0
2010-03-04,6.633,6.633,0.0,11.47,11.47,0.0,19.11,19.11,0.0
2010-03-05,6.452,6.452,0.0,10.54,10.54,0.0,17.54,17.54,0.0
2010-03-06,10.38,10.38,0.0,12.89,12.89,0.0,23.76,23.76,0.0
2010-03-07,17.85,17.85,0.0,23.29,23.29,0.0,40.73,40.73,0.0
2010-03-08,19.13,19.13,0.0,29.61,29.61,0.0,48.72,48.72,0.0
2010-03-09,13.17,13.17,0.0,63.03,63.03,0.0,75.75,75.75,0.0
2010-03-10,12.48,12.48,0.0,117.4,117.4,0.0,130.0,130.0,0.0
2010-03-11,17.99,17.99,0.0,123.8,123.8,0.0,140.9,140.9,0.0
2010-03-12,19.18,19.18,0.0,49.56,49.56,0.0,68.14,68.14,0.0
2010-03-13,19.87,19.87,0.0,40.77,40.77,0.0,60.74,60.74,0.0
2010-03-14,18.65,18.65,0.0,31.46,31.46,0.0,50.39,50.39,0.0
2010-03-15,18.48,18.48,0.0,31.41,31.41,0.0,48.97,48.97,0.0
2010-03-16,14.53,14.53,0.0,31.0,31.0,0.0,46.12,46.12,0.0
2010-03-17,14.53,14.53,0.0,25.05,25.05,0.0,38.83,38.83,0.0
2010-03-18,14.58,14.58,0.0,27.85,27.85,0.0,42.32,42.32,0.0
2010-03-19,13.71,13.71,0.0,25.5,25.5,0.0,39.92,39.92,0.0
2010-03-20,14.65,14.65,0.0,26.05,26.05,0.0,41.0,41.0,0.0
2010-03-21,15.61,15.61,0.0,26.15,26.15,0.0,41.93,41.93,0.0
2010-03-22,17.45,17.45,0.0,28.92,28.92,0.0,46.05,46.05,0.0
2010-03-23,16.6,16.6,0.0,29.88,29.88,0.0,45.68,45.68,0.0
2010-03-24,15.33,15.33,0.0,29.71,29.71,0.0,44.98,44.98,0.0
2010-03-25,15.62,15.62,0.0,31.62,31.62,0.0,47.74,47.74,0.0
2010-03-26,15.6,15.6,0.0,32.22,32.22,0.0,46.87,46.87,0.0
2010-03-27,15.61,15.61,0.0,26.28,26.28,0.0,42.44,42.44,0.0
2010-03-28,21.68,21.68,0.0,31.76,31.76,0.0,52.27,52.27,0.0
2010-03-29,18.07,18.07,0.0,32.71,32.71,0.0,51.32,51.32,0.0
2010-03-30,16.99,16.99,0.0,26.96,26.96,0.0,44.7,44.7,0.0
2010-03-31,17.18,17.18,0.0,27.44,27.44,0.0,45.12,45.12,0.0
2010-04-01,17.12,17.12,0.0,28.69,28.69,0.0,46.19,46.19,0.0
2010-04-02,16.85,16.85,0.0,28.91,28.91,0.0,45.36,45.36,0.0
2010-04-03,14.5,14.5,0.0,28.95,28.95,0.0,44.34,44.34,0.0
2010-04-04,14.43,14.43,0.0,28.66,28.66,0.0,42.62,42.62,0.0
2010-04-05,15.04,15.04,0.0,24.95,24.95,0.0,39.77,39.77,0.0
2010-04-06,14.56,14.56,0.0,25.92,25.92,0.0,40.7,40.7,0.0
2010-04-07,13.75,13.75,0.0,24.5,24.5,0.0,38.91,38.91,0.0
2010-04-08,14.68,14.68,0.0,26.15,26.15,0.0,41.34,41.34,0.0
2010-04-09,14.74,14.74,0.0,24.53,24.53,0.0,39.53,39.53,0.0
2010-04-10,14.66,14.66,0.0,25.18,25.18,0.0,40.03,40.03,0.0
2010-04-11,14.48,14.48,0.0,25.34,25.34,0.0,39.97,39.97,0.0
2010-04-12,12.8,12.8,0.0,25.12,25.12,0.0,37.62,37.62,0.0
2010-04-13,12.69,12.69,0.0,24.86,24.86,0.0,37.58,37.58,0.0
2010-04-14,13.0,13.0,0.0,23.12,23.12,0.0,35.85,35.85,0.0
2010-04-15,11.96,11.96,0.0,22.06,22.06,0.0,34.42,34.42,0.0
2010-04-16,12.49,12.49,0.0,23.65,23.65,0.0,36.67,36.67,0.0
2010-04-17,12.4,12.4,0.0,21.99,21.99,0.0,34.63,34.63,0.0
2010-04-18,12.31,12.31,0.0,21.22,21.22,0.0,33.7,33.7,0.0
2010-04-19,12.14,12.14,0.0,21.87,21.87,0.0,34.15,34.15,0.0
2010-04-20,11.5,11.5,0.0,22.02,22.02,0.0,33.87,33.87,0.0
2010-04-21,11.46,11.46,0.0,21.92,21.92,0.0,32.81,32.81,0.0
2010-04-22,10.52,10.52,0.0,21.58,21.58,0.0,32.24,32.24,0.0
2010-04-23,10.8,10.8,0.0,20.83,20.83,0.0,31.62,31.62,0.0
2010-04-24,11.16,11.16,0.0,20.41,20.41,0.0,31.73,31.73,0.0
2010-04-25,10.56,10.56,0.0,21.07,21.07,0.0,32.19,32.19,0.0
2010-04-26,11.08,11.08,0.0,21.57,21.57,0.0,33.12,33.12,0.0
2010-04-27,11.07,11.07,0.0,21.52,21.52,0.0,32.8,32.8,0.0
2010-04-28,11.01,11.01,0.0,20.84,20.84,0.0,32.0,32.0,0.0
2010-04-29,10.86,10.86,0.0,18.93,18.93,0.0,29.9,29.9,0.0
2010-04-30,10.66,10.66,0.0,19.58,19.58,0.0,30.35,30.35,0.0
2010-05-01,10.24,10.24,0.0,20.06,20.06,0.0,29.84,29.84,0.0
2010-05-02,11.15,11.15,0.0,22.25,22.25,0.0,33.65,33.65,0.0
2010-05-03,11.14,11.14,0.0,21.73,21.73,0.0,32.82,32.82,0.0
2010-05-04,10.31,10.31,0.0,21.61,21.61,0.0,32.34,32.34,0.0
2010-05-05,10.05,10.05,0.0,19.18,19.18,0.0,29.45,29.45,0.0
2010-05-06,10.22,10.22,0.0,19.75,19.75,0.0,30.14,30.14,0.0
2010-05-07,9.516,9.516,0.0,20.01,20.01,0.0,30.21,30.21,0.0
2010-05-08,9.762,9.762,0.0,20.45,20.45,0.0,30.6,30.6,0.0
2010-05-09,9.742,9.742,0.0,18.17,18.17,0.0,28.1,28.1,0.0
2010-05-10,9.294,9.294,0.0,18.36,18.36,0.0,27.62,27.62,0.0
2010-05-11,10.17,10.17,0.0,20.94,20.94,0.0,31.45,31.45,0.0
2010-05-12,12.55,12.55,0.0,22.82,22.82,0.0,34.41,34.41,0.0
2010-05-13,11.79,11.79,0.0,21.75,21.75,0.0,32.78,32.78,0.0
2010-05-14,12.39,12.39,0.0,22.42,22.42,0.0,34.11,34.11,0.0
2010-05-15,12.56,12.56,0.0,22.01,22.01,0.0,33.84,33.84,0.0
2010-05-16,16.85,16.85,0.0,23.47,23.47,0.0,37.89,37.89,0.0
2010-05-17,17.12,17.12,0.0,25.85,25.85,0.0,41.34,41.34,0.0
2010-05-18,18.49,18.49,0.0,28.03,28.03,0.0,44.47,44.47,0.0
2010-05-19,15.17,15.17,0.0,24.27,24.27,0.0,38.83,38.83,0.0
2010-05-20,12.49,12.49,0.0,21.94,21.94,0.0,34.5,34.5,0.0
2010-05-21,11.82,11.82,0.0,22.9,22.9,0.0,35.08,35.08,0.0
2010-05-22,13.34,13.34,0.0,20.4,20.4,0.0,33.08,33.08,0.0
2010-05-23,13.26,13.26,0.0,22.77,22.77,0.0,35.68,35.68,0.0
2010-05-24,13.47,13.47,0.0,23.42,23.42,0.0,36.39,36.39,0.0
2010-05-25,13.62,13.62,0.0,23.62,23.62,0.0,36.02,36.02,0.0
2010-05-26,13.54,13.54,0.0,23.42,23.42,0.0,36.0,36.0,0.0
2010-05-27,13.33,13.33,0.0,23.21,23.21,0.0,35.77,35.77,0.0
2010-05-28,13.31,13.31,0.0,23.66,23.66,0.0,36.81,36.81,0.0
2010-05-29,11.41,11.41,0.0,20.37,20.37,0.0,31.79,31.79,0.0
2010-05-30,10.73,10.73,0.0,20.32,20.32,0.0,31.35,31.35,0.0
2010-05-31,10.75,10.75,0.0,18.08,18.08,0.0,28.65,28.65,0.0
2010-06-01,11.16,11.16,0.0,19.17,19.17,0.0,29.93,29.93,0.0
2010-06-02,11.23,11.23,0.0,19.73,19.73,0.0,30.55,30.55,0.0
2010-06-03,11.3,11.3,0.0,20.07,20.07,0.0,30.67,30.67,0.0
2010-06-04,11.12,11.12,0.0,19.59,19.59,0.0,30.03,30.03,0.0
2010-06-05,10.99,10.99,0.0,19.63,19.63,0.0,30.19,30.19,0.0
2010-06-06,10.45,10.45,0.0,19.94,19.94,0.0,30.49,30.49,0.0
2010-06-07,10.28,10.28,0.0,17.63,17.63,0.0,27.65,27.65,0.0
2010-06-08,8.695,8.695,0.0,17.64,17.64,0.0,26.66,26.66,0.0
2010-06-09,9.389,9.389,0.0,17.49,17.49,0.0,26.73,26.73,0.0
2010-06-10,9.421,9.421,0.0,16.28,16.28,0.0,25.31,25.31,0.0
2010-06-11,9.427,9.427,0.0,16.96,16.96,0.0,25.72,25.72,0.0
2010-06-12,9.485,9.485,0.0,17.58,17.58,0.0,26.74,26.74,0.0
2010-06-13,9.199,9.199,0.0,17.09,17.09,0.0,25.87,25.87,0.0
2010-06-14,9.012,9.012,0.0,16.88,16.88,0.0,25.48,25.48,0.0
2010-06-15,8.529,8.529,0.0,16.26,16.26,0.0,24.63,24.63,0.0
2010-06-16,8.244,8.244,0.0,15.57,15.57,0.0,23.57,23.57,0.0
2010-06-17,7.47,7.47,0.0,15.22,15.22,0.0,22.75,22.75,0.0
2010-06-18,7.74,7.74,0.0,14.8,14.8,0.0,22.16,22.16,0.0
2010-06-19,7.814,7.814,0.0,13.65,13.65,0.0,21.08,21.08,0.0
2010-06-20,7.754,7.754,0.0,14.02,14.02,0.0,21.22,21.22,0.0
2010-06-21,7.629,7.629,0.0,14.08,14.08,0.0,21.25,21.25,0.0
2010-06-22,7.471,7.471,0.0,13.9,13.9,0.0,20.96,20.96,0.0
2010-06-23,7.367,7.367,0.0,13.61,13.61,0.0,20.69,20.69,0.0
2010-06-24,7.1,7.1,0.0,13.65,13.65,0.0,20.58,20.58,0.0
2010-06-25,6.356,6.356,0.0,12.58,12.58,0.0,18.81,18.81,0.0
2010-06-26,6.342,6.342,0.0,12.6,12.6,0.0,18.77,18.77,0.0
2010-06-27,6.443,6.443,0.0,12.34,12.34,0.0,18.32,18.32,0.0
2010-06-28,6.384,6.384,0.0,11.33,11.33,0.0,17.28,17.28,0.0
2010-06-29,6.291,6.291,0.0,11.52,11.52,0.0,17.41,17.41,0.0
2010-06-30,6.174,6.174,0.0,11.35,11.35,0.0,17.16,17.16,0.0
2010-07-01,6.044,6.044,0.0,11.27,11.27,0.0,16.97,16.97,0.0
2010-07-02,5.725,5.725,0.0,11.09,11.09,0.0,16.58,16.58,0.0
2010-07-03,5.587,5.587,0.0,10.52,10.52,0.0,15.88,15.88,0.0
2010-07-04,5.347,5.347,0.0,10.42,10.42,0.0,15.56,15.56,0.0
2010-07-05,5.257,5.257,0.0,10.26,10.26,0.0,15.28,15.28,0.0
2010-07-06,5.245,5.245,0.0,9.652,9.652,0.0,14.54,14.54,0.0
2010-07-07,5.187,5.187,0.0,9.398,9.398,0.0,14.27,14.27,0.0
2010-07-08,5.107,5.107,0.0,9.363,9.363,0.0,14.19,14.19,0.0
2010-07-09,5.547,5.547,0.0,10.67,10.67,0.0,16.67,16.67,0.0
2010-07-10,4.917,4.917,0.0,9.206,9.206,0.0,13.94,13.94,0.0
2010-07-11,4.8,4.8,0.0,9.032,9.032,0.0,13.65,13.65,0.0
2010-07-12,4.894,4.894,0.0,8.951,8.951,0.0,13.75,13.75,0.0
2010-07-13,5.815,5.815,0.0,10.99,10.99,0.0,17.16,17.16,0.0
2010-07-14,4.738,4.738,0.0,8.757,8.757,0.0,13.3,13.3,0.0
2010-07-15,4.719,4.719,0.0,8.661,8.661,0.0,13.1,13.1,0.0
2010-07-16,4.588,4.588,0.0,8.557,8.557,0.0,12.92,12.92,0.0
2010-07-17,4.563,4.563,0.0,8.262,8.262,0.0,12.49,12.49,0.0
2010-07-18,4.696,4.696,0.0,8.726,8.726,0.0,13.37,13.37,0.0
2010-07-19,4.698,4.698,0.0,8.664,8.664,0.0,13.28,13.28,0.0
2010-07-20,4.587,4.587,0.0,8.463,8.463,0.0,12.87,12.87,0.0
2010-07-21,4.52,4.52,0.0,8.376,8.376,0.0,12.66,12.66,0.0
2010-07-22,4.405,4.405,0.0,8.089,8.089,0.0,12.17,12.17,0.0
2010-07-23,4.286,4.286,0.0,7.724,7.724,0.0,11.71,11.71,0.0
2010-07-24,4.101,4.101,0.0,7.619,7.619,0.0,11.44,11.44,0.0
2010-07-25,4.175,4.175,0.0,7.886,7.886,0.0,11.99,11.99,0.0
2010-07-26,4.024,4.024,0.0,7.413,7.413,0.0,11.14,11.14,0.0
2010-07-27,3.882,3.882,0.0,7.321,7.321,0.0,10.87,10.87,0.0
2010-07-28,3.874,3.874,0.0,7.027,7.027,0.0,10.58,10.58,0.0
2010-07-29,4.127,4.127,0.0,7.68,7.68,0.0,11.8,11.8,0.0
2010-07-30,3.818,3.818,0.0,6.957,6.957,0.0,10.47,10.47,0.0
2010-07-31,3.863,3.863,0.0,7.165,7.165,0.0,10.86,10.86,0.0
2010-08-01,3.694,3.694,0.0,6.781,6.781,0.0,10.18,10.18,0.0
2010-08-02,3.589,3.589,0.0,6.474,6.474,0.0,9.79,9.79,0.0
2010-08-03,4.052,4.052,0.0,7.822,7.822,0.0,11.94,11.94,0.0
2010-08-04,4.571,4.571,0.0,8.645,8.645,0.0,12.69,12.69,0.0
2010-08-05,4.342,4.342,0.0,8.64,8.64,0.0,12.64,12.64,0.0
2010-08-06,4.183,4.183,0.0,8.144,8.144,0.0,11.63,11.63,0.0
2010-08-07,4.161,4.161,0.0,8.113,8.113,0.0,11.59,11.59,0.0
2010-08-08,4.109,4.109,0.0,8.025,8.025,0.0,11.47,11.47,0.0
2010-08-09,4.04,4.04,0.0,7.898,7.898,0.0,11.3,11.3,0.0
2010-08-10,3.962,3.962,0.0,7.744,7.744,0.0,11.08,11.08,0.0
2010-08-11,3.693,3.693,0.0,7.069,7.069,0.0,10.26,10.26,0.0
2010-08-12,3.378,3.378,0.0,6.506,6.506,0.0,9.592,9.592,0.0
2010-08-13,3.479,3.479,0.0,6.501,6.501,0.0,9.505,9.505,0.0
2010-08-14,3.586,3.586,0.0,7.185,7.185,0.0,10.52,10.52,0.0
2010-08-15,3.632,3.632,0.0,7.219,7.219,0.0,10.54,10.54,0.0
2010-08-16,3.486,3.486,0.0,6.782,6.782,0.0,9.69,9.69,0.0
2010-08-17,3.472,3.472,0.0,6.688,6.688,0.0,9.607,9.607,0.0
2010-08-18,3.608,3.608,0.0,7.032,7.032,0.0,10.26,10.26,0.0
2010-08-19,3.269,3.269,0.0,6.553,6.553,0.0,9.365,9.365,0.0
2010-08-20,3.07,3.07,0.0,6.066,6.066,0.0,8.766,8.766,0.0
2010-08-21,3.128,3.128,0.0,5.829,5.829,0.0,8.595,8.595,0.0
2010-08-22,3.119,3.119,0.0,5.825,5.825,0.0,8.611,8.611,0.0
2010-08-23,3.202,3.202,0.0,6.233,6.233,0.0,9.176,9.176,0.0
2010-08-24,3.034,3.034,0.0,5.943,5.943,0.0,8.549,8.549,0.0
2010-08-25,2.893,2.893,0.0,5.939,5.939,0.0,8.447,8.447,0.0
2010-08-26,2.875,2.875,0.0,5.838,5.838,0.0,8.302,8.302,0.0
2010-08-27,2.847,2.847,0.0,5.751,5.751,0.0,8.132,8.132,0.0
2010-08-28,2.608,2.608,0.0,5.65,5.65,0.0,7.93,7.93,0.0
2010-08-29,2.649,2.649,0.0,5.545,5.545,0.0,7.839,7.839,0.0
2010-08-30,2.642,2.642,0.0,4.845,4.845,0.0,7.124,7.124,0.0
2010-08-31,2.613,2.613,0.0,5.004,5.004,0.0,7.253,7.253,0.0
2010-09-01,2.516,2.516,0.0,4.846,4.846,0.0,7.031,7.031,0.0
2010-09-02,2.493,2.493,0.0,4.855,4.855,0.0,7.011,7.011,0.0
2010-09-03,2.476,2.476,0.0,4.894,4.894,0.0,7.013,7.013,0.0
2010-09-04,2.33,2.33,0.0,4.795,4.795,0.0,6.815,6.815,0.0
2010-09-05,2.273,2.273,0.0,4.724,4.724,0.0,6.663,6.663,0.0
2010-09-06,2.274,2.274,0.0,4.642,4.642,0.0,6.591,6.591,0.0
2010-09-07,2.183,2.183,0.0,4.41,4.41,0.0,6.314,6.314,0.0
2010-09-08,2.184,2.184,0.0,4.359,4.359,0.0,6.253,6.253,0.0
2010-09-09,2.163,2.163,0.0,4.046,4.046,0.0,5.916,5.916,0.0
2010-09-10,2.088,2.088,0.0,4.046,4.046,0.0,5.867,5.867,0.0
2010-09-11,2.208,2.208,0.0,4.439,4.439,0.0,6.547,6.547,0.0
2010-09-12,2.049,2.049,0.0,4.033,4.033,0.0,5.785,5.785,0.0
2010-09-13,1.983,1.983,0.0,4.0,4.0,0.0,5.702,5.702,0.0
2010-09-14,1.892,1.892,0.0,3.947,3.947,0.0,5.604,5.604,0.0
2010-09-15,1.9,1.9,0.0,3.793,3.793,0.0,5.444,5.444,0.0
2010-09-16,2.181,2.181,0.0,4.57,4.57,0.0,6.849,6.849,0.0
2010-09-17,1.873,1.873,0.0,3.774,3.774,0.0,5.388,5.388,0.0
2010-09-18,1.783,1.783,0.0,3.693,3.693,0.0,5.262,5.262,0.0
2010-09-19,1.782,1.782,0.0,3.595,3.595,0.0,5.155,5.155,0.0
2010-09-20,1.766,1.766,0.0,3.325,3.325,0.0,4.866,4.866,0.0
2010-09-21,1.703,1.703,0.0,3.39,3.39,0.0,4.89,4.89,0.0
2010-09-22,1.694,1.694,0.0,3.369,3.369,0.0,4.852,4.852,0.0
2010-09-23,1.645,1.645,0.0,3.354,3.354,0.0,4.772,4.772,0.0
2010-09-24,1.568,1.568,0.0,3.25,3.25,0.0,4.634,4.634,0.0
2010-09-25,1.579,1.579,0.0,3.235,3.235,0.0,4.619,4.619,0.0
2010-09-26,1.737,1.737,0.0,3.577,3.577,0.0,5.24,5.24,0.0
2010-09-27,2.058,2.058,0.0,4.118,4.118,0.0,6.213,6.213,0.0
2010-09-28,1.893,1.893,0.0,4.019,4.019,0.0,5.866,5.866,0.0
2010-09-29,2.21,2.21,0.0,4.844,4.844,0.0,7.152,7.152,0.0
2010-09-30,5.948,5.948,0.0,14.06,14.06,0.0,20.03,20.03,0.0
2010-10-01,3.33,3.33,0.0,8.078,8.078,0.0,10.74,10.74,0.0
2010-10-02,3.352,3.352,0.0,8.159,8.159,0.0,10.82,10.82,0.0
2010-10-03,3.578,3.578,0.0,8.629,8.629,0.0,11.49,11.49,0.0
2010-10-04,3.552,3.552,0.0,8.619,8.619,0.0,11.39,11.39,0.0
2010-10-05,3.606,3.606,0.0,8.998,8.998,0.0,11.92,11.92,0.0
2010-10-06,3.727,3.727,0.0,9.798,9.798,0.0,12.98,12.98,0.0
2010-10-07,3.333,3.333,0.0,9.474,9.474,0.0,12.2,12.2,0.0
2010-10-08,3.094,3.094,0.0,8.606,8.606,0.0,11.23,11.23,0.0
2010-10-09,2.846,2.846,0.0,8.218,8.218,0.0,10.72,10.72,0.0
2010-10-10,3.031,3.031,0.0,6.772,6.772,0.0,9.296,9.296,0.0
2010-10-11,2.956,2.956,0.0,7.328,7.328,0.0,9.663,9.663,0.0
2010-10-12,3.02,3.02,0.0,7.583,7.583,0.0,10.01,10.01,0.0
2010-10-13,3.155,3.155,0.0,8.401,8.401,0.0,11.13,11.13,0.0
2010-10-14,3.139,3.139,0.0,8.883,8.883,0.0,11.61,11.61,0.0
2010-10-15,3.116,3.116,0.0,9.119,9.119,0.0,11.79,11.79,0.0
2010-10-16,2.934,2.934,0.0,9.048,9.048,0.0,11.56,11.56,0.0
2010-10-17,2.935,2.935,0.0,8.975,8.975,0.0,11.44,11.44,0.0
2010-10-18,2.578,2.578,0.0,8.613,8.613,0.0,11.11,11.11,0.0
2010-10-19,2.507,2.507,0.0,8.075,8.075,0.0,10.37,10.37,0.0
2010-10-20,2.624,2.624,0.0,7.075,7.075,0.0,9.416,9.416,0.0
2010-10-21,2.658,2.658,0.0,7.391,7.391,0.0,9.57,9.57,0.0
2010-10-22,2.648,2.648,0.0,7.171,7.171,0.0,9.345,9.345,0.0
2010-10-23,2.615,2.615,0.0,7.581,7.581,0.0,9.781,9.781,0.0
2010-10-24,2.501,2.501,0.0,7.723,7.723,0.0,9.885,9.885,0.0
2010-10-25,2.498,2.498,0.0,7.737,7.737,0.0,9.906,9.906,0.0
2010-10-26,3.146,3.146,0.0,8.953,8.953,0.0,11.86,11.86,0.0
2010-10-27,3.138,3.138,0.0,8.687,8.687,0.0,11.25,11.25,0.0
2010-10-28,3.183,3.183,0.0,8.685,8.685,0.0,11.28,11.28,0.0
2010-10-29,2.805,2.805,0.0,8.022,8.022,0.0,10.43,10.43,0.0
2010-10-30,2.93,2.93,0.0,7.73,7.73,0.0,10.18,10.18,0.0
2010-10-31,2.961,2.961,0.0,6.66,6.66,0.0,9.11,9.11,0.0
2010-11-01,2.944,2.944,0.0,6.978,6.978,0.0,9.266,9.266,0.0
2010-11-02,2.579,2.579,0.0,6.956,6.956,0.0,9.035,9.035,0.0
2010-11-03,3.431,3.431,0.0,8.611,8.611,0.0,11.72,11.72,0.0
2010-11-04,4.163,4.163,0.0,10.07,10.07,0.0,13.79,13.79,0.0
2010-11-05,4.34,4.34,0.0,10.89,10.89,0.0,14.68,14.68,0.0
2010-11-06,4.3,4.3,0.0,10.63,10.63,0.0,14.24,14.24,0.0
2010-11-07,4.279,4.279,0.0,10.65,10.65,0.0,14.23,14.23,0.0
2010-11-08,4.212,4.212,0.0,10.58,10.58,0.0,14.13,14.13,0.0
2010-11-09,3.829,3.829,0.0,9.772,9.772,0.0,13.13,13.13,0.0
2010-11-10,3.654,3.654,0.0,9.382,9.382,0.0,12.64,12.64,0.0
2010-11-11,3.215,3.215,0.0,8.385,8.385,0.0,11.41,11.41,0.0
2010-11-12,3.213,3.213,0.0,7.961,7.961,0.0,10.51,10.51,0.0
2010-11-13,3.425,3.425,0.0,8.018,8.018,0.0,10.84,10.84,0.0
2010-11-14,3.529,3.529,0.0,8.79,8.79,0.0,11.84,11.84,0.0
2010-11-15,3.714,3.714,0.0,9.469,9.469,0.0,12.77,12.77,0.0
2010-11-16,4.86,4.86,0.0,11.37,11.37,0.0,15.75,15.75,0.0
2010-11-17,4.901,4.901,0.0,11.33,11.33,0.0,15.45,15.45,0.0
2010-11-18,4.98,4.98,0.0,11.55,11.55,0.0,15.74,15.74,0.0
2010-11-19,4.951,4.951,0.0,11.3,11.3,0.0,15.47,15.47,0.0
2010-11-20,4.872,4.872,0.0,11.15,11.15,0.0,15.26,15.26,0.0
2010-11-21,4.542,4.542,0.0,9.122,9.122,0.0,13.05,13.05,0.0
2010-11-22,3.799,3.799,0.0,8.823,8.823,0.0,12.33,12.33,0.0
2010-11-23,3.495,3.495,0.0,8.079,8.079,0.0,10.92,10.92,0.0
2010-11-24,3.973,3.973,0.0,9.513,9.513,0.0,13.0,13.0,0.0
2010-11-25,4.142,4.142,0.0,10.38,10.38,0.0,14.12,14.12,0.0
2010-11-26,4.175,4.175,0.0,10.96,10.96,0.0,14.75,14.75,0.0
2010-11-27,4.075,4.075,0.0,10.87,10.87,0.0,14.5,14.5,0.0
2010-11-28,4.019,4.019,0.0,10.82,10.82,0.0,14.41,14.41,0.0
2010-11-29,4.141,4.141,0.0,13.36,13.36,0.0,17.67,17.67,0.0
2010-11-30,12.54,12.54,0.0,25.0,25.0,0.0,36.02,36.02,0.0
2010-12-01,11.94,11.94,0.0,20.11,20.11,0.0,29.88,29.88,0.0
2010-12-02,8.939,8.939,0.0,18.4,18.4,0.0,26.65,26.65,0.0
2010-12-03,8.923,8.923,0.0,18.24,18.24,0.0,26.39,26.39,0.0
2010-12-04,8.811,8.811,0.0,17.9,17.9,0.0,25.85,25.85,0.0
2010-12-05,8.652,8.652,0.0,13.73,13.73,0.0,21.53,21.53,0.0
2010-12-06,7.98,7.98,0.0,11.27,11.27,0.0,17.6,17.6,0.0
2010-12-07,5.949,5.949,0.0,13.51,13.51,0.0,18.98,18.98,0.0
2010-12-08,6.07,6.07,0.0,14.58,14.58,0.0,20.38,20.38,0.0
2010-12-09,6.781,6.781,0.0,14.69,14.69,0.0,20.95,20.95,0.0
2010-12-10,7.062,7.062,0.0,14.29,14.29,0.0,20.72,20.72,0.0
2010-12-11,7.446,7.446,0.0,16.08,16.08,0.0,24.07,24.07,0.0
2010-12-12,7.14,7.14,0.0,14.24,14.24,0.0,20.85,20.85,0.0
2010-12-13,7.045,7.045,0.0,13.45,13.45,0.0,19.93,19.93,0.0
2010-12-14,6.455,6.455,0.0,11.58,11.58,0.0,17.68,17.68,0.0
2010-12-15,5.79,5.79,0.0,9.632,9.632,0.0,14.44,14.44,0.0
2010-12-16,5.314,5.314,0.0,10.96,10.96,0.0,16.1,16.1,0.0
2010-12-17,5.699,5.699,0.0,11.16,11.16,0.0,16.43,16.43,0.0
2010-12-18,5.846,5.846,0.0,11.16,11.16,0.0,16.47,16.47,0.0
2010-12-19,5.878,5.878,0.0,10.73,10.73,0.0,16.05,16.05,0.0
2010-12-20,5.831,5.831,0.0,10.72,10.72,0.0,15.98,15.98,0.0
2010-12-21,5.743,5.743,0.0,10.61,10.61,0.0,15.79,15.79,0.0
2010-12-22,5.685,5.685,0.0,10.16,10.16,0.0,15.36,15.36,0.0
2010-12-23,5.311,5.311,0.0,9.879,9.879,0.0,14.62,14.62,0.0
2010-12-24,4.551,4.551,0.0,9.235,9.235,0.0,13.33,13.33,0.0
2010-12-25,4.538,4.538,0.0,8.732,8.732,0.0,12.94,12.94,0.0
2010-12-26,4.837,4.837,0.0,9.206,9.206,0.0,13.72,13.72,0.0
2010-12-27,4.859,4.859,0.0,9.038,9.038,0.0,13.48,13.48,0.0
2010-12-28,4.829,4.829,0.0,8.887,8.887,0.0,13.26,13.26,0.0
2010-12-29,4.772,4.772,0.0,8.857,8.857,0.0,13.24,13.24,0.0
2010-12-30,5.655,5.655,0.0,10.07,10.07,0.0,16.09,16.09,0.0
2010-12-31,14.1,14.1,0.0,32.65,32.65,0.0,44.84,44.84,0.0
2011-01-01,5.155,5.155,0.0,31.69,31.69,0.0,36.48,36.48,0.0
2011-01-02,3.788,3.788,0.0,11.38,11.38,0.0,15.24,15.24,0.0
2011-01-03,3.841,3.841,0.0,8.851,8.851,0.0,12.5,12.5,0.0
2011-01-04,3.989,3.989,0.0,8.372,8.372,0.0,12.16,12.16,0.0
2011-01-05,4.028,4.028,0.0,8.665,8.665,0.0,12.22,12.22,0.0
2011-01-06,4.011,4.011,0.0,8.751,8.751,0.0,12.42,12.42,0.0
2011-01-07,4.017,4.017,0.0,8.765,8.765,0.0,12.58,12.58,0.0
2011-01-08,3.975,3.975,0.0,8.581,8.581,0.0,12.41,12.41,0.0
2011-01-09,3.824,3.824,0.0,7.566,7.566,0.0,11.16,11.16,0.0
2011-01-10,3.749,3.749,0.0,7.327,7.327,0.0,10.85,10.85,0.0
2011-01-11,3.386,3.386,0.0,7.692,7.692,0.0,11.21,11.21,0.0
2011-01-12,3.368,3.368,0.0,7.267,7.267,0.0,10.78,10.78,0.0
2011-01-13,3.241,3.241,0.0,7.135,7.135,0.0,10.03,10.03,0.0
2011-01-14,3.293,3.293,0.0,6.657,6.657,0.0,9.66,9.66,0.0
2011-01-15,3.345,3.345,0.0,7.096,7.096,0.0,10.69,10.69,0.0
2011-01-16,3.275,3.275,0.0,6.509,6.509,0.0,9.592,9.592,0.0
2011-01-17,3.275,3.275,0.0,6.626,6.626,0.0,9.773,9.773,0.0
2011-01-18,5.434,5.434,0.0,11.52,11.52,0.0,17.27,17.27,0.0
2011-01-19,3.405,3.405,0.0,9.244,9.244,0.0,12.8,12.8,0.0
2011-01-20,3.158,3.158,0.0,7.21,7.21,0.0,10.4,10.4,0.0
2011-01-21,2.773,2.773,0.0,7.019,7.019,0.0,9.982,9.982,0.0
2011-01-22,2.689,2.689,0.0,6.6,6.6,0.0,9.425,9.425,0.0
2011-01-23,2.656,2.656,0.0,6.515,6.515,0.0,9.247,9.247,0.0
2011-01-24,2.72,2.72,0.0,5.82,5.82,0.0,8.485,8.485,0.0
2011-01-25,2.773,2.773,0.0,5.695,5.695,0.0,8.269,8.269,0.0
2011-01-26,3.08,3.08,0.0,6.757,6.757,0.0,10.19,10.19,0.0
2011-01-27,2.763,2.763,0.0,5.987,5.987,0.0,8.803,8.803,0.0
2011-01-28,2.751,2.751,0.0,6.085,6.085,0.0,8.96,8.96,0.0
2011-01-29,3.733,3.733,0.0,6.298,6.298,0.0,9.582,9.582,0.0
2011-01-30,7.099,7.099,0.0,9.857,9.857,0.0,16.87,16.87,0.0
2011-01-31,2.619,2.619,0.0,5.725,5.725,0.0,8.517,8.517,0.0
2011-02-01,12.32,12.32,0.0,39.91,39.91,0.0,57.78,57.78,0.0
2011-02-02,4.019,4.019,0.0,29.21,29.21,0.0,34.08,34.08,0.0
2011-02-03,3.899,3.899,0.0,10.26,10.26,0.0,14.5,14.5,0.0
2011-02-04,4.191,4.191,0.0,9.518,9.518,0.0,13.96,13.96,0.0
2011-02-05,4.427,4.427,0.0,13.62,13.62,0.0,18.75,18.75,0.0
2011-02-06,4.271,4.271,0.0,11.04,11.04,0.0,16.01,16.01,0.0
2011-02-07,4.331,4.331,0.0,11.48,11.48,0.0,16.65,16.65,0.0
2011-02-08,3.412,3.412,0.0,11.56,11.56,0.0,16.36,16.36,0.0
2011-02-09,3.604,3.604,0.0,11.1,11.1,0.0,14.71,14.71,0.0
2011-02-10,3.64,3.64,0.0,9.303,9.303,0.0,13.03,13.03,0.0
2011-02-11,3.182,3.182,0.0,7.969,7.969,0.0,11.73,11.73,0.0
2011-02-12,3.349,3.349,0.0,6.598,6.598,0.0,10.55,10.55,0.0
2011-02-13,3.732,3.732,0.0,14.0,14.0,0.0,18.27,18.27,0.0
2011-02-14,3.387,3.387,0.0,13.79,13.79,0.0,17.95,17.95,0.0
2011-02-15,3.337,3.337,0.0,10.76,10.76,0.0,14.76,14.76,0.0
2011-02-16,3.157,3.157,0.0,11.63,11.63,0.0,15.67,15.67,0.0
2011-02-17,3.61,3.61,0.0,12.98,12.98,0.0,17.53,17.53,0.0
2011-02-18,5.332,5.332,0.0,14.88,14.88,0.0,20.74,20.74,0.0
2011-02-19,6.456,6.456,0.0,16.7,16.7,0.0,23.54,23.54,0.0
2011-02-20,7.034,7.034,0.0,17.76,17.76,0.0,25.26,25.26,0.0
2011-02-21,8.013,8.013,0.0,24.42,24.42,0.0,33.38,33.38,0.0
2011-02-22,7.869,7.869,0.0,20.11,20.11,0.0,28.62,28.62,0.0
2011-02-23,7.873,7.873,0.0,19.78,19.78,0.0,27.36,27.36,0.0
2011-02-24,9.41,9.41,0.0,23.98,23.98,0.0,33.28,33.28,0.0
2011-02-25,9.229,9.229,0.0,20.66,20.66,0.0,29.77,29.77,0.0
2011-02-26,8.007,8.007,0.0,16.6,16.6,0.0,25.24,25.24,0.0
2011-02-27,8.602,8.602,0.0,20.81,20.81,0.0,30.32,30.32,0.0
2011-02-28,10.84,10.84,0.0,26.36,26.36,0.0,37.4,37.4,0.0
2011-03-01,7.094,7.094,0.0,25.17,25.17,0.0,33.35,33.35,0.0
2011-03-02,8.267,8.267,0.0,23.69,23.69,0.0,32.69,32.69,0.0
2011-03-03,8.801,8.801,0.0,22.88,22.88,0.0,32.28,32.28,0.0
2011-03-04,8.962,8.962,0.0,23.57,23.57,0.0,32.34,32.34,0.0
2011-03-05,12.59,12.59,0.0,24.52,24.52,0.0,35.79,35.79,0.0
2011-03-06,20.61,20.61,0.0,32.98,32.98,0.0,50.01,50.01,0.0
2011-03-07,13.04,13.04,0.0,28.47,28.47,0.0,41.52,41.52,0.0
2011-03-08,12.81,12.81,0.0,22.05,22.05,0.0,34.48,34.48,0.0
2011-03-09,14.14,14.14,0.0,27.01,27.01,0.0,41.04,41.04,0.0
2011-03-10,23.77,23.77,0.0,35.22,35.22,0.0,55.35,55.35,0.0
2011-03-11,15.96,15.96,0.0,32.8,32.8,0.0,49.24,49.24,0.0
2011-03-12,13.96,13.96,0.0,30.06,30.06,0.0,44.92,44.92,0.0
2011-03-13,11.17,11.17,0.0,29.26,29.26,0.0,41.45,41.45,0.0
2011-03-14,11.06,11.06,0.0,29.86,29.86,0.0,42.22,42.22,0.0
2011-03-15,13.06,13.06,0.0,30.83,30.83,0.0,43.7,43.7,0.0
2011-03-16,13.66,13.66,0.0,29.23,29.23,0.0,42.87,42.87,0.0
2011-03-17,13.81,13.81,0.0,29.41,29.41,0.0,43.27,43.27,0.0
2011-03-18,15.39,15.39,0.0,25.98,25.98,0.0,40.52,40.52,0.0
2011-03-19,14.34,14.34,0.0,27.25,27.25,0.0,41.37,41.37,0.0
2011-03-20,14.39,14.39,0.0,29.58,29.58,0.0,44.2,44.2,0.0
2011-03-21,17.72,17.72,0.0,33.69,33.69,0.0,50.43,50.43,0.0
2011-03-22,15.39,15.39,0.0,32.37,32.37,0.0,47.93,47.93,0.0
2011-03-23,19.16,19.16,0.0,35.44,35.44,0.0,53.75,53.75,0.0
2011-03-24,11.81,11.81,0.0,33.73,33.73,0.0,48.3,48.3,0.0
2011-03-25,12.37,12.37,0.0,33.06,33.06,0.0,46.48,46.48,0.0
2011-03-26,13.84,13.84,0.0,33.38,33.38,0.0,47.03,47.03,0.0
2011-03-27,14.26,14.26,0.0,31.26,31.26,0.0,45.6,45.6,0.0
2011-03-28,14.36,14.36,0.0,25.75,25.75,0.0,39.94,39.94,0.0
2011-03-29,14.25,14.25,0.0,28.09,28.09,0.0,42.45,42.45,0.0
2011-03-30,14.15,14.15,0.0,29.78,29.78,0.0,44.35,44.35,0.0
2011-03-31,14.48,14.48,0.0,30.18,30.18,0.0,44.99,44.99,0.0
2011-04-01,14.36,14.36,0.0,29.58,29.58,0.0,44.58,44.58,0.0
2011-04-02,13.39,13.39,0.0,29.88,29.88,0.0,44.82,44.82,0.0
2011-04-03,10.86,10.86,0.0,34.63,34.63,0.0,47.88,47.88,0.0
2011-04-04,15.35,15.35,0.0,34.33,34.33,0.0,50.44,50.44,0.0
2011-04-05,15.53,15.53,0.0,34.4,34.4,0.0,50.77,50.77,0.0
2011-04-06,14.62,14.62,0.0,33.25,33.25,0.0,47.91,47.91,0.0
2011-04-07,14.51,14.51,0.0,31.15,31.15,0.0,45.2,45.2,0.0
2011-04-08,15.73,15.73,0.0,31.64,31.64,0.0,47.56,47.56,0.0
2011-04-09,16.3,16.3,0.0,28.87,28.87,0.0,44.63,44.63,0.0
2011-04-10,15.12,15.12,0.0,30.21,30.21,0.0,45.64,45.64,0.0
2011-04-11,18.01,18.01,0.0,33.62,33.62,0.0,51.35,51.35,0.0
2011-04-12,33.34,33.34,0.0,46.56,46.56,0.0,74.74,74.74,0.0
2011-04-13,20.21,20.21,0.0,40.47,40.47,0.0,61.64,61.64,0.0
2011-04-14,19.15,19.15,0.0,37.88,37.88,0.0,57.48,57.48,0.0
2011-04-15,19.12,19.12,0.0,34.47,34.47,0.0,53.92,53.92,0.0
2011-04-16,30.59,30.59,0.0,44.86,44.86,0.0,73.53,73.53,0.0
2011-04-17,19.42,19.42,0.0,40.03,40.03,0.0,61.66,61.66,0.0
2011-04-18,15.07,15.07,0.0,37.22,37.22,0.0,55.71,55.71,0.0
2011-04-19,17.71,17.71,0.0,40.8,40.8,0.0,58.99,58.99,0.0
2011-04-20,18.54,18.54,0.0,33.32,33.32,0.0,51.57,51.57,0.0
2011-04-21,18.9,18.9,0.0,34.0,34.0,0.0,53.29,53.29,0.0
2011-04-22,24.18,24.18,0.0,40.19,40.19,0.0,64.01,64.01,0.0
2011-04-23,21.35,21.35,0.0,42.61,42.61,0.0,65.81,65.81,0.0
2011-04-24,20.97,20.97,0.0,41.39,41.39,0.0,63.92,63.92,0.0
2011-04-25,21.26,21.26,0.0,38.2,38.2,0.0,60.79,60.79,0.0
2011-04-26,22.95,22.95,0.0,42.11,42.11,0.0,66.39,66.39,0.0
2011-04-27,36.7,36.7,0.0,55.53,55.53,0.0,90.73,90.73,0.0
2011-04-28,34.03,34.03,0.0,48.37,48.37,0.0,81.02,81.02,0.0
2011-04-29,24.99,24.99,0.0,45.65,45.65,0.0,72.81,72.81,0.0
2011-04-30,19.78,19.78,0.0,42.29,42.29,0.0,64.55,64.55,0.0
2011-05-01,19.4,19.4,0.0,35.75,35.75,0.0,55.55,55.55,0.0
2011-05-02,21.26,21.26,0.0,38.12,38.12,0.0,59.54,59.54,0.0
2011-05-03,24.49,24.49,0.0,41.65,41.65,0.0,66.73,66.73,0.0
2011-05-04,24.34,24.34,0.0,42.29,42.29,0.0,67.35,67.35,0.0
2011-05-05,23.74,23.74,0.0,39.08,39.08,0.0,63.63,63.63,0.0
2011-05-06,23.42,23.42,0.0,39.63,39.63,0.0,63.88,63.88,0.0
2011-05-07,22.99,22.99,0.0,39.9,39.9,0.0,63.7,63.7,0.0
2011-05-08,21.76,21.76,0.0,38.08,38.08,0.0,59.88,59.88,0.0
2011-05-09,17.31,17.31,0.0,38.03,38.03,0.0,56.86,56.86,0.0
2011-05-10,19.04,19.04,0.0,33.09,33.09,0.0,52.5,52.5,0.0
2011-05-11,19.7,19.7,0.0,34.59,34.59,0.0,54.68,54.68,0.0
2011-05-12,20.19,20.19,0.0,36.19,36.19,0.0,57.04,57.04,0.0
2011-05-13,20.66,20.66,0.0,38.69,38.69,0.0,60.83,60.83,0.0
2011-05-14,20.83,20.83,0.0,38.52,38.52,0.0,60.34,60.34,0.0
2011-05-15,21.67,21.67,0.0,38.45,38.45,0.0,61.24,61.24,0.0
2011-05-16,25.88,25.88,0.0,42.62,42.62,0.0,69.58,69.58,0.0
2011-05-17,32.57,32.57,0.0,54.63,54.63,0.0,90.15,90.15,0.0
2011-05-18,26.54,26.54,0.0,47.9,47.9,0.0,77.64,77.64,0.0
2011-05-19,25.03,25.03,0.0,45.74,45.74,0.0,73.59,73.59,0.0
2011-05-20,24.57,24.57,0.0,45.26,45.26,0.0,72.44,72.44,0.0
2011-05-21,17.74,17.74,0.0,44.45,44.45,0.0,67.58,67.58,0.0
2011-05-22,21.36,21.36,0.0,35.53,35.53,0.0,56.87,56.87,0.0
2011-05-23,21.77,21.77,0.0,38.16,38.16,0.0,60.77,60.77,0.0
2011-05-24,22.14,22.14,0.0,40.61,40.61,0.0,64.25,64.25,0.0
2011-05-25,21.94,21.94,0.0,39.38,39.38,0.0,62.9,62.9,0.0
2011-05-26,25.44,25.44,0.0,40.67,40.67,0.0,66.69,66.69,0.0
2011-05-27,23.13,23.13,0.0,41.81,41.81,0.0,67.11,67.11,0.0
2011-05-28,22.2,22.2,0.0,41.02,41.02,0.0,65.02,65.02,0.0
2011-05-29,21.73,21.73,0.0,40.59,40.59,0.0,64.0,64.0,0.0
2011-05-30,19.2,19.2,0.0,39.95,39.95,0.0,60.81,60.81,0.0
2011-05-31,17.34,17.34,0.0,32.64,32.64,0.0,51.33,51.33,0.0
2011-06-01,18.33,18.33,0.0,34.43,34.43,0.0,53.97,53.97,0.0
2011-06-02,18.68,18.68,0.0,35.33,35.33,0.0,55.23,55.23,0.0
2011-06-03,18.62,18.62,0.0,34.47,34.47,0.0,54.31,54.31,0.0
2011-06-04,18.43,18.43,0.0,33.91,33.91,0.0,53.64,53.64,0.0
2011-06-05,17.97,17.97,0.0,33.61,33.61,0.0,52.73,52.73,0.0
2011-06-06,17.55,17.55,0.0,33.24,33.24,0.0,51.4,51.4,0.0
2011-06-07,15.7,15.7,0.0,31.77,31.77,0.0,48.47,48.47,0.0
2011-06-08,14.97,14.97,0.0,29.5,29.5,0.0,45.61,45.61,0.0
2011-06-09,15.68,15.68,0.0,29.28,29.28,0.0,46.17,46.17,0.0
2011-06-10,16.01,16.01,0.0,30.78,30.78,0.0,48.51,48.51,0.0
2011-06-11,15.82,15.82,0.0,29.3,29.3,0.0,46.31,46.31,0.0
2011-06-12,15.63,15.63,0.0,29.32,29.32,0.0,45.99,45.99,0.0
2011-06-13,15.39,15.39,0.0,28.65,28.65,0.0,45.04,45.04,0.0
2011-06-14,15.11,15.11,0.0,28.42,28.42,0.0,44.48,44.48,0.0
2011-06-15,14.81,14.81,0.0,28.1,28.1,0.0,43.85,43.85,0.0
2011-06-16,14.02,14.02,0.0,27.17,27.17,0.0,42.03,42.03,0.0
2011-06-17,12.74,12.74,0.0,25.76,25.76,0.0,39.46,39.46,0.0
2011-06-18,13.41,13.41,0.0,27.13,27.13,0.0,41.87,41.87,0.0
2011-06-19,15.06,15.06,0.0,31.33,31.33,0.0,49.58,49.58,0.0
2011-06-20,14.45,14.45,0.0,29.79,29.79,0.0,46.02,46.02,0.0
2011-06-21,14.73,14.73,0.0,31.1,31.1,0.0,47.73,47.73,0.0
2011-06-22,14.38,14.38,0.0,30.22,30.22,0.0,46.23,46.23,0.0
2011-06-23,14.11,14.11,0.0,29.83,29.83,0.0,45.52,45.52,0.0
2011-06-24,13.86,13.86,0.0,26.65,26.65,0.0,42.11,42.11,0.0
2011-06-25,13.46,13.46,0.0,27.13,27.13,0.0,42.09,42.09,0.0
2011-06-26,12.03,12.03,0.0,26.63,26.63,0.0,40.09,40.09,0.0
2011-06-27,11.62,11.62,0.0,26.12,26.12,0.0,38.98,38.98,0.0
2011-06-28,11.83,11.83,0.0,24.59,24.59,0.0,37.52,37.52,0.0
2011-06-29,11.89,11.89,0.0,25.06,25.06,0.0,38.09,38.09,0.0
2011-06-30,11.78,11.78,0.0,25.1,25.1,0.0,38.04,38.04,0.0
2011-07-01,11.58,11.58,0.0,24.84,24.84,0.0,37.56,37.56,0.0
2011-07-02,11.35,11.35,0.0,23.06,23.06,0.0,35.5,35.5,0.0
2011-07-03,11.06,11.06,0.0,23.17,23.17,0.0,35.32,35.32,0.0
2011-07-04,11.11,11.11,0.0,23.75,23.75,0.0,36.07,36.07,0.0
2011-07-05,9.694,9.694,0.0,23.04,23.04,0.0,34.03,34.03,0.0
2011-07-06,9.933,9.933,0.0,20.68,20.68,0.0,31.45,31.45,0.0
2011-07-07,9.97,9.97,0.0,21.18,21.18,0.0,32.01,32.01,0.0
2011-07-08,10.32,10.32,0.0,22.59,22.59,0.0,34.36,34.36,0.0
2011-07-09,9.792,9.792,0.0,21.47,21.47,0.0,32.2,32.2,0.0
2011-07-10,9.615,9.615,0.0,21.16,21.16,0.0,31.66,31.66,0.0
2011-07-11,9.448,9.448,0.0,20.85,20.85,0.0,31.19,31.19,0.0
2011-07-12,9.227,9.227,0.0,18.94,18.94,0.0,29.02,29.02,0.0
2011-07-13,8.925,8.925,0.0,19.67,19.67,0.0,29.6,29.6,0.0
2011-07-14,8.422,8.422,0.0,18.68,18.68,0.0,27.71,27.71,0.0
2011-07-15,8.128,8.128,0.0,17.91,17.91,0.0,26.84,26.84,0.0
2011-07-16,8.155,8.155,0.0,17.75,17.75,0.0,26.68,26.68,0.0
2011-07-17,8.088,8.088,0.0,17.76,17.76,0.0,26.59,26.59,0.0
2011-07-18,8.07,8.07,0.0,17.84,17.84,0.0,26.77,26.77,0.0
2011-07-19,7.931,7.931,0.0,17.59,17.59,0.0,26.36,26.36,0.0
2011-07-20,7.582,7.582,0.0,16.26,16.26,0.0,24.56,24.56,0.0
2011-07-21,7.311,7.311,0.0,16.22,16.22,0.0,24.28,24.28,0.0
2011-07-22,7.34,7.34,0.0,16.03,16.03,0.0,24.02,24.02,0.0
2011-07-23,7.296,7.296,0.0,15.64,15.64,0.0,23.6,23.6,0.0
2011-07-24,6.887,6.887,0.0,15.28,15.28,0.0,23.0,23.0,0.0
2011-07-25,6.767,6.767,0.0,14.99,14.99,0.0,22.4,22.4,0.0
2011-07-26,6.728,6.728,0.0,14.94,14.94,0.0,22.34,22.34,0.0
2011-07-27,6.561,6.561,0.0,14.55,14.55,0.0,21.67,21.67,0.0
2011-07-28,6.396,6.396,0.0,14.29,14.29,0.0,21.27,21.27,0.0
2011-07-29,6.251,6.251,0.0,13.56,13.56,0.0,20.38,20.38,0.0
2011-07-30,6.104,6.104,0.0,13.46,13.46,0.0,20.13,20.13,0.0
2011-07-31,6.022,6.022,0.0,13.25,13.25,0.0,19.73,19.73,0.0
2011-08-01,5.921,5.921,0.0,12.54,12.54,0.0,18.79,18.79,0.0
2011-08-02,5.837,5.837,0.0,12.27,12.27,0.0,18.47,18.47,0.0
2011-08-03,5.526,5.526,0.0,12.3,12.3,0.0,18.4,18.4,0.0
2011-08-04,5.468,5.468,0.0,12.02,12.02,0.0,17.96,17.96,0.0
2011-08-05,5.411,5.411,0.0,11.56,11.56,0.0,17.41,17.41,0.0
2011-08-06,5.915,5.915,0.0,12.77,12.77,0.0,19.65,19.65,0.0
2011-08-07,5.411,5.411,0.0,11.74,11.74,0.0,17.72,17.72,0.0
2011-08-08,5.284,5.284,0.0,11.39,11.39,0.0,17.23,17.23,0.0
2011-08-09,5.183,5.183,0.0,11.33,11.33,0.0,17.05,17.05,0.0
2011-08-10,5.015,5.015,0.0,10.89,10.89,0.0,16.29,16.29,0.0
2011-08-11,4.959,4.959,0.0,10.41,10.41,0.0,15.63,15.63,0.0
2011-08-12,4.87,4.87,0.0,10.25,10.25,0.0,15.38,15.38,0.0
2011-08-13,6.368,6.368,0.0,11.28,11.28,0.0,18.24,18.24,0.0
2011-08-14,5.133,5.133,0.0,10.74,10.74,0.0,16.53,16.53,0.0
2011-08-15,4.904,4.904,0.0,10.28,10.28,0.0,15.63,15.63,0.0
2011-08-16,4.758,4.758,0.0,9.946,9.946,0.0,15.04,15.04,0.0
2011-08-17,4.648,4.648,0.0,9.783,9.783,0.0,14.77,14.77,0.0
2011-08-18,4.543,4.543,0.0,9.545,9.545,0.0,14.43,14.43,0.0
2011-08-19,4.511,4.511,0.0,9.574,9.574,0.0,14.51,14.51,0.0
2011-08-20,4.39,4.39,0.0,9.172,9.172,0.0,13.85,13.85,0.0
2011-08-21,4.507,4.507,0.0,9.399,9.399,0.0,14.33,14.33,0.0
2011-08-22,4.252,4.252,0.0,8.654,8.654,0.0,13.14,13.14,0.0
2011-08-23,4.128,4.128,0.0,8.484,8.484,0.0,12.85,12.85,0.0
2011-08-24,3.94,3.94,0.0,8.445,8.445,0.0,12.71,12.71,0.0
2011-08-25,4.332,4.332,0.0,9.571,9.571,0.0,14.75,14.75,0.0
2011-08-26,3.899,3.899,0.0,8.39,8.39,0.0,12.6,12.6,0.0
2011-08-27,3.935,3.935,0.0,8.524,8.524,0.0,12.9,12.9,0.0
2011-08-28,3.801,3.801,0.0,8.221,8.221,0.0,12.41,12.41,0.0
2011-08-29,3.787,3.787,0.0,8.231,8.231,0.0,12.44,12.44,0.0
2011-08-30,3.645,3.645,0.0,7.792,7.792,0.0,11.69,11.69,0.0
2011-08-31,3.59,3.59,0.0,7.68,7.68,0.0,11.53,11.53,0.0
2011-09-01,3.682,3.682,0.0,7.758,7.758,0.0,11.81,11.81,0.0
2011-09-02,3.465,3.465,0.0,7.245,7.245,0.0,10.88,10.88,0.0
2011-09-03,3.252,3.252,0.0,7.08,7.08,0.0,10.62,10.62,0.0
2011-09-04,3.777,3.777,0.0,9.03,9.03,0.0,13.71,13.71,0.0
2011-09-05,10.04,10.04,0.0,15.1,15.1,0.0,25.8,25.8,0.0
2011-09-06,6.079,6.079,0.0,19.08,19.08,0.0,27.78,27.78,0.0
2011-09-07,5.469,5.469,0.0,15.12,15.12,0.0,21.62,21.62,0.0
2011-09-08,5.543,5.543,0.0,15.25,15.25,0.0,21.83,21.83,0.0
2011-09-09,5.531,5.531,0.0,15.34,15.34,0.0,21.97,21.97,0.0
2011-09-10,5.41,5.41,0.0,15.11,15.11,0.0,21.57,21.57,0.0
2011-09-11,5.261,5.261,0.0,14.92,14.92,0.0,21.23,21.23,0.0
2011-09-12,5.157,5.157,0.0,14.63,14.63,0.0,20.8,20.8,0.0
2011-09-13,4.942,4.942,0.0,14.32,14.32,0.0,19.87,19.87,0.0
2011-09-14,4.289,4.289,0.0,10.76,10.76,0.0,15.9,15.9,0.0
2011-09-15,4.302,4.302,0.0,11.03,11.03,0.0,16.34,16.34,0.0
2011-09-16,4.395,4.395,0.0,12.06,12.06,0.0,17.39,17.39,0.0
2011-09-17,4.445,4.445,0.0,12.59,12.59,0.0,17.97,17.97,0.0
2011-09-18,4.425,4.425,0.0,12.73,12.73,0.0,18.08,18.08,0.0
2011-09-19,4.492,4.492,0.0,13.09,13.09,0.0,18.65,18.65,0.0
2011-09-20,4.488,4.488,0.0,13.23,13.23,0.0,18.81,18.81,0.0
2011-09-21,4.346,4.346,0.0,12.95,12.95,0.0,18.28,18.28,0.0
2011-09-22,4.335,4.335,0.0,12.78,12.78,0.0,18.1,18.1,0.0
2011-09-23,4.819,4.819,0.0,13.38,13.38,0.0,19.19,19.19,0.0
2011-09-24,4.583,4.583,0.0,12.89,12.89,0.0,18.62,18.62,0.0
2011-09-25,4.405,4.405,0.0,10.71,10.71,0.0,16.31,16.31,0.0
2011-09-26,4.351,4.351,0.0,10.58,10.58,0.0,15.63,15.63,0.0
2011-09-27,3.897,3.897,0.0,11.45,11.45,0.0,16.63,16.63,0.0
2011-09-28,4.033,4.033,0.0,11.86,11.86,0.0,16.92,16.92,0.0
2011-09-29,4.133,4.133,0.0,12.11,12.11,0.0,17.31,17.31,0.0
2011-09-30,4.208,4.208,0.0,12.65,12.65,0.0,18.07,18.07,0.0
2011-10-01,4.826,4.826,0.0,14.48,14.48,0.0,21.05,21.05,0.0
2011-10-02,4.967,4.967,0.0,15.38,15.38,0.0,22.15,22.15,0.0
2011-10-03,5.164,5.164,0.0,16.4,16.4,0.0,23.4,23.4,0.0
2011-10-04,5.089,5.089,0.0,16.01,16.01,0.0,22.8,22.8,0.0
2011-10-05,4.879,4.879,0.0,15.91,15.91,0.0,22.56,22.56,0.0
2011-10-06,4.847,4.847,0.0,15.69,15.69,0.0,22.24,22.24,0.0
2011-10-07,4.572,4.572,0.0,12.09,12.09,0.0,17.88,17.88,0.0
2011-10-08,3.89,3.89,0.0,11.74,11.74,0.0,16.92,16.92,0.0
2011-10-09,4.015,4.015,0.0,12.29,12.29,0.0,17.58,17.58,0.0
2011-10-10,4.414,4.414,0.0,13.1,13.1,0.0,18.76,18.76,0.0
2011-10-11,4.808,4.808,0.0,14.19,14.19,0.0,20.51,20.51,0.0
2011-10-12,5.814,5.814,0.0,15.4,15.4,0.0,22.62,22.62,0.0
2011-10-13,6.594,6.594,0.0,16.69,16.69,0.0,24.49,24.49,0.0
2011-10-14,7.098,7.098,0.0,18.34,18.34,0.0,26.97,26.97,0.0
2011-10-15,6.932,6.932,0.0,17.2,17.2,0.0,25.4,25.4,0.0
2011-10-16,6.855,6.855,0.0,17.05,17.05,0.0,25.17,25.17,0.0
2011-10-17,6.669,6.669,0.0,16.22,16.22,0.0,24.17,24.17,0.0
2011-10-18,6.511,6.511,0.0,14.32,14.32,0.0,21.49,21.49,0.0
2011-10-19,6.276,6.276,0.0,13.11,13.11,0.0,20.15,20.15,0.0
2011-10-20,5.264,5.264,0.0,14.85,14.85,0.0,21.78,21.78,0.0
2011-10-21,5.346,5.346,0.0,14.46,14.46,0.0,21.15,21.15,0.0
2011-10-22,5.805,5.805,0.0,15.12,15.12,0.0,22.17,22.17,0.0
2011-10-23,5.973,5.973,0.0,15.34,15.34,0.0,22.51,22.51,0.0
2011-10-24,5.99,5.99,0.0,15.3,15.3,0.0,22.44,22.44,0.0
2011-10-25,5.913,5.913,0.0,15.11,15.11,0.0,22.15,22.15,0.0
2011-10-26,6.021,6.021,0.0,16.0,16.0,0.0,23.45,23.45,0.0
2011-10-27,6.008,6.008,0.0,16.9,16.9,0.0,24.05,24.05,0.0
2011-10-28,6.297,6.297,0.0,17.39,17.39,0.0,24.91,24.91,0.0
2011-10-29,6.202,6.202,0.0,16.45,16.45,0.0,24.18,24.18,0.0
2011-10-30,6.327,6.327,0.0,14.35,14.35,0.0,22.02,22.02,0.0
2011-10-31,5.536,5.536,0.0,14.4,14.4,0.0,21.07,21.07,0.0
2011-11-01,5.564,5.564,0.0,15.62,15.62,0.0,22.24,22.24,0.0
2011-11-02,5.35,5.35,0.0,15.1,15.1,0.0,21.81,21.81,0.0
2011-11-03,5.62,5.62,0.0,15.61,15.61,0.0,22.49,22.49,0.0
2011-11-04,5.701,5.701,0.0,15.75,15.75,0.0,22.65,22.65,0.0
2011-11-05,5.68,5.68,0.0,15.65,15.65,0.0,22.13,22.13,0.0
2011-11-06,5.607,5.607,0.0,15.44,15.44,0.0,21.96,21.96,0.0
2011-11-07,5.25,5.25,0.0,15.17,15.17,0.0,21.54,21.54,0.0
2011-11-08,5.26,5.26,0.0,12.0,12.0,0.0,18.33,18.33,0.0
2011-11-09,4.708,4.708,0.0,12.21,12.21,0.0,17.84,17.84,0.0
2011-11-10,4.458,4.458,0.0,12.46,12.46,0.0,18.0,18.0,0.0
2011-11-11,4.702,4.702,0.0,13.09,13.09,0.0,18.83,18.83,0.0
2011-11-12,4.742,4.742,0.0,13.19,13.19,0.0,18.89,18.89,0.0
2011-11-13,4.737,4.737,0.0,13.17,13.17,0.0,18.6,18.6,0.0
2011-11-14,4.837,4.837,0.0,13.68,13.68,0.0,19.57,19.57,0.0
2011-11-15,5.064,5.064,0.0,14.38,14.38,0.0,20.58,20.58,0.0
2011-11-16,6.365,6.365,0.0,17.15,17.15,0.0,24.98,24.98,0.0
2011-11-17,6.496,6.496,0.0,16.77,16.77,0.0,24.32,24.32,0.0
2011-11-18,6.522,6.522,0.0,16.62,16.62,0.0,24.12,24.12,0.0
2011-11-19,6.492,6.492,0.0,16.54,16.54,0.0,24.0,24.0,0.0
2011-11-20,6.661,6.661,0.0,17.2,17.2,0.0,25.0,25.0,0.0
2011-11-21,7.04,7.04,0.0,18.27,18.27,0.0,26.49,26.49,0.0
2011-11-22,11.11,11.11,0.0,26.58,26.58,0.0,38.66,38.66,0.0
2011-11-23,9.205,9.205,0.0,23.59,23.59,0.0,34.08,34.08,0.0
2011-11-24,8.947,8.947,0.0,22.21,22.21,0.0,32.31,32.31,0.0
2011-11-25,7.86,7.86,0.0,17.22,17.22,0.0,25.88,25.88,0.0
2011-11-26,6.5,6.5,0.0,15.01,15.01,0.0,22.94,22.94,0.0
2011-11-27,6.721,6.721,0.0,17.62,17.62,0.0,25.21,25.21,0.0
2011-11-28,10.21,10.21,0.0,20.69,20.69,0.0,31.07,31.07,0.0
2011-11-29,14.74,14.74,0.0,25.74,25.74,0.0,39.47,39.47,0.0
2011-11-30,10.92,10.92,0.0,23.71,23.71,0.0,35.52,35.52,0.0
2011-12-01,10.76,10.76,0.0,23.5,23.5,0.0,35.0,35.0,0.0
2011-12-02,10.66,10.66,0.0,23.35,23.35,0.0,34.73,34.73,0.0
2011-12-03,10.47,10.47,0.0,23.02,23.02,0.0,34.19,34.19,0.0
2011-12-04,10.2,10.2,0.0,21.7,21.7,0.0,32.61,32.61,0.0
2011-12-05,8.713,8.713,0.0,16.72,16.72,0.0,25.28,25.28,0.0
2011-12-06,12.64,12.64,0.0,20.48,20.48,0.0,32.12,32.12,0.0
2011-12-07,24.38,24.38,0.0,33.69,33.69,0.0,55.41,55.41,0.0
2011-12-08,14.78,14.78,0.0,27.11,27.11,0.0,42.46,42.46,0.0
2011-12-09,14.49,14.49,0.0,24.84,24.84,0.0,39.66,39.66,0.0
2011-12-10,12.79,12.79,0.0,25.58,25.58,0.0,39.49,39.49,0.0
2011-12-11,12.15,12.15,0.0,25.83,25.83,0.0,39.24,39.24,0.0
2011-12-12,12.65,12.65,0.0,25.67,25.67,0.0,39.14,39.14,0.0
2011-12-13,12.84,12.84,0.0,25.3,25.3,0.0,38.71,38.71,0.0
2011-12-14,10.8,10.8,0.0,20.71,20.71,0.0,31.46,31.46,0.0
2011-12-15,11.58,11.58,0.0,20.2,20.2,0.0,31.49,31.49,0.0
2011-12-16,11.78,11.78,0.0,21.7,21.7,0.0,33.44,33.44,0.0
2011-12-17,11.82,11.82,0.0,22.43,22.43,0.0,34.37,34.37,0.0
2011-12-18,10.7,10.7,0.0,21.16,21.16,0.0,32.54,32.54,0.0
2011-12-19,10.26,10.26,0.0,21.54,21.54,0.0,32.62,32.62,0.0
2011-12-20,10.6,10.6,0.0,21.6,21.6,0.0,32.73,32.73,0.0
2011-12-21,11.32,11.32,0.0,22.31,22.31,0.0,33.97,33.97,0.0
2011-12-22,14.14,14.14,0.0,24.51,24.51,0.0,38.79,38.79,0.0
2011-12-23,13.41,13.41,0.0,25.75,25.75,0.0,39.41,39.41,0.0
2011-12-24,12.89,12.89,0.0,24.48,24.48,0.0,37.63,37.63,0.0
2011-12-25,12.72,12.72,0.0,21.13,21.13,0.0,34.09,34.09,0.0
2011-12-26,10.73,10.73,0.0,19.34,19.34,0.0,29.49,29.49,0.0
2011-12-27,13.81,13.81,0.0,22.83,22.83,0.0,35.93,35.93,0.0
2011-12-28,12.55,12.55,0.0,22.58,22.58,0.0,35.08,35.08,0.0
2011-12-29,11.43,11.43,0.0,22.77,22.77,0.0,34.81,34.81,0.0
2011-12-30,11.16,11.16,0.0,22.63,22.63,0.0,34.62,34.62,0.0
2011-12-31,11.62,11.62,0.0,21.99,21.99,0.0,34.14,34.14,0.0
2012-01-01,11.92,11.92,0.0,22.33,22.33,0.0,34.62,34.62,0.0
2012-01-02,11.91,11.91,0.0,22.23,22.23,0.0,34.49,34.49,0.0
2012-01-03,10.33,10.33,0.0,21.92,21.92,0.0,32.69,32.69,0.0
2012-01-04,10.72,10.72,0.0,18.48,18.48,0.0,28.57,28.57,0.0
2012-01-05,10.9,10.9,0.0,18.01,18.01,0.0,28.83,28.83,0.0
2012-01-06,11.07,11.07,0.0,21.18,21.18,0.0,32.1,32.1,0.0
2012-01-07,10.22,10.22,0.0,19.51,19.51,0.0,30.03,30.03,0.0
2012-01-08,9.435,9.435,0.0,18.26,18.26,0.0,28.36,28.36,0.0
2012-01-09,9.698,9.698,0.0,18.51,18.51,0.0,28.63,28.63,0.0
2012-01-10,12.15,12.15,0.0,19.78,19.78,0.0,30.99,30.99,0.0
2012-01-11,10.73,10.73,0.0,20.0,20.0,0.0,31.48,31.48,0.0
2012-01-12,22.95,22.95,0.0,36.69,36.69,0.0,57.96,57.96,0.0
2012-01-13,10.16,10.16,0.0,20.38,20.38,0.0,31.58,31.58,0.0
2012-01-14,9.734,9.734,0.0,17.49,17.49,0.0,27.58,27.58,0.0
2012-01-15,9.689,9.689,0.0,16.24,16.24,0.0,25.96,25.96,0.0
2012-01-16,9.285,9.285,0.0,16.45,16.45,0.0,25.77,25.77,0.0
2012-01-17,15.8,15.8,0.0,39.11,39.11,0.0,53.55,53.55,0.0
2012-01-18,9.509,9.509,0.0,19.42,19.42,0.0,29.34,29.34,0.0
2012-01-19,9.431,9.431,0.0,16.77,16.77,0.0,26.5,26.5,0.0
2012-01-20,9.457,9.457,0.0,17.04,17.04,0.0,26.83,26.83,0.0
2012-01-21,10.18,10.18,0.0,17.43,17.43,0.0,27.34,27.34,0.0
2012-01-22,8.657,8.657,0.0,17.08,17.08,0.0,25.89,25.89,0.0
2012-01-23,8.768,8.768,0.0,20.22,20.22,0.0,29.22,29.22,0.0
2012-01-24,8.641,8.641,0.0,18.03,18.03,0.0,26.94,26.94,0.0
2012-01-25,8.949,8.949,0.0,15.86,15.86,0.0,24.81,24.81,0.0
2012-01-26,12.19,12.19,0.0,20.41,20.41,0.0,32.22,32.22,0.0
2012-01-27,13.12,13.12,0.0,23.32,23.32,0.0,35.9,35.9,0.0
2012-01-28,12.71,12.71,0.0,21.89,21.89,0.0,33.59,33.59,0.0
2012-01-29,12.87,12.87,0.0,22.37,22.37,0.0,34.43,34.43,0.0
2012-01-30,12.75,12.75,0.0,21.3,21.3,0.0,33.33,33.33,0.0
2012-01-31,12.68,12.68,0.0,20.74,20.74,0.0,32.75,32.75,0.0
2012-02-01,12.49,12.49,0.0,23.09,23.09,0.0,35.33,35.33,0.0
2012-02-02,13.58,13.58,0.0,22.12,22.12,0.0,34.92,34.92,0.0
2012-02-03,11.49,11.49,0.0,23.01,23.01,0.0,34.69,34.69,0.0
2012-02-04,10.59,10.59,0.0,24.5,24.5,0.0,35.1,35.1,0.0
2012-02-05,11.51,11.51,0.0,23.68,23.68,0.0,34.52,34.52,0.0
2012-02-06,12.02,12.02,0.0,21.18,21.18,0.0,32.49,32.49,0.0
2012-02-07,12.17,12.17,0.0,21.11,21.11,0.0,32.08,32.08,0.0
2012-02-08,12.26,12.26,0.0,21.96,21.96,0.0,33.37,33.37,0.0
2012-02-09,12.04,12.04,0.0,19.78,19.78,0.0,31.05,31.05,0.0
2012-02-10,11.37,11.37,0.0,20.85,20.85,0.0,31.87,31.87,0.0
2012-02-11,11.49,11.49,0.0,21.44,21.44,0.0,32.59,32.59,0.0
2012-02-12,9.43,9.43,0.0,19.79,19.79,0.0,29.66,29.66,0.0
2012-02-13,9.506,9.506,0.0,20.07,20.07,0.0,29.33,29.33,0.0
2012-02-14,10.58,10.58,0.0,20.65,20.65,0.0,30.88,30.88,0.0
2012-02-15,10.86,10.86,0.0,24.66,24.66,0.0,34.69,34.69,0.0
2012-02-16,13.14,13.14,0.0,22.49,22.49,0.0,34.68,34.68,0.0
2012-02-17,10.41,10.41,0.0,19.43,19.43,0.0,29.45,29.45,0.0
2012-02-18,10.43,10.43,0.0,19.47,19.47,0.0,28.93,28.93,0.0
2012-02-19,9.993,9.993,0.0,18.7,18.7,0.0,28.11,28.11,0.0
2012-02-20,9.82,9.82,0.0,19.07,19.07,0.0,28.43,28.43,0.0
2012-02-21,9.348,9.348,0.0,18.24,18.24,0.0,27.35,27.35,0.0
2012-02-22,9.856,9.856,0.0,17.88,17.88,0.0,27.39,27.39,0.0
2012-02-23,9.731,9.731,0.0,19.68,19.68,0.0,29.55,29.55,0.0
2012-02-24,10.72,10.72,0.0,21.65,21.65,0.0,32.26,32.26,0.0
2012-02-25,10.01,10.01,0.0,21.51,21.51,0.0,31.65,31.65,0.0
2012-02-26,10.25,10.25,0.0,20.85,20.85,0.0,30.66,30.66,0.0
2012-02-27,10.3,10.3,0.0,20.98,20.98,0.0,30.29,30.29,0.0
2012-02-28,10.53,10.53,0.0,19.82,19.82,0.0,29.46,29.46,0.0
2012-02-29,25.26,25.26,0.0,40.86,40.86,0.0,62.88,62.88,0.0
2012-03-01,14.28,14.28,0.0,28.21,28.21,0.0,42.39,42.39,0.0
2012-03-02,20.72,20.72,0.0,33.91,33.91,0.0,52.51,52.51,0.0
2012-03-03,15.85,15.85,0.0,30.89,30.89,0.0,46.58,46.58,0.0
2012-03-04,15.49,15.49,0.0,29.53,29.53,0.0,44.8,44.8,0.0
2012-03-05,15.22,15.22,0.0,29.34,29.34,0.0,43.4,43.4,0.0
2012-03-06,14.39,14.39,0.0,24.86,24.86,0.0,38.77,38.77,0.0
2012-03-07,10.63,10.63,0.0,26.2,26.2,0.0,38.3,38.3,0.0
2012-03-08,12.34,12.34,0.0,27.05,27.05,0.0,38.73,38.73,0.0
2012-03-09,13.04,13.04,0.0,25.0,25.0,0.0,37.35,37.35,0.0
2012-03-10,13.3,13.3,0.0,26.33,26.33,0.0,39.03,39.03,0.0
2012-03-11,13.28,13.28,0.0,26.83,26.83,0.0,39.57,39.57,0.0
2012-03-12,13.18,13.18,0.0,27.29,27.29,0.0,40.08,40.08,0.0
2012-03-13,12.9,12.9,0.0,26.06,26.06,0.0,38.51,38.51,0.0
2012-03-14,12.14,12.14,0.0,25.81,25.81,0.0,37.2,37.2,0.0
2012-03-15,10.2,10.2,0.0,23.41,23.41,0.0,33.47,33.47,0.0
2012-03-16,10.41,10.41,0.0,22.92,22.92,0.0,33.31,33.31,0.0
2012-03-17,10.92,10.92,0.0,23.03,23.03,0.0,33.45,33.45,0.0
2012-03-18,11.84,11.84,0.0,23.26,23.26,0.0,34.98,34.98,0.0
2012-03-19,12.17,12.17,0.0,25.35,25.35,0.0,37.28,37.28,0.0
2012-03-20,14.18,14.18,0.0,28.55,28.55,0.0,42.25,42.25,0.0
2012-03-21,12.98,12.98,0.0,27.03,27.03,0.0,39.8,39.8,0.0
2012-03-22,12.85,12.85,0.0,26.77,26.77,0.0,39.38,39.38,0.0
2012-03-23,14.62,14.62,0.0,27.73,27.73,0.0,41.67,41.67,0.0
2012-03-24,21.16,21.16,0.0,32.23,32.23,0.0,50.63,50.63,0.0
2012-03-25,16.28,16.28,0.0,28.86,28.86,0.0,44.69,44.69,0.0
2012-03-26,15.42,15.42,0.0,25.19,25.19,0.0,40.15,40.15,0.0
2012-03-27,15.18,15.18,0.0,26.24,26.24,0.0,40.15,40.15,0.0
2012-03-28,12.02,12.02,0.0,25.2,25.2,0.0,38.23,38.23,0.0
2012-03-29,11.74,11.74,0.0,23.82,23.82,0.0,35.16,35.16,0.0
2012-03-30,13.0,13.0,0.0,25.86,25.86,0.0,38.55,38.55,0.0
2012-03-31,13.47,13.47,0.0,26.86,26.86,0.0,40.12,40.12,0.0
2012-04-01,13.61,13.61,0.0,27.18,27.18,0.0,40.54,40.54,0.0
2012-04-02,13.47,13.47,0.0,26.97,26.97,0.0,40.14,40.14,0.0
2012-04-03,13.26,13.26,0.0,25.89,25.89,0.0,38.86,38.86,0.0
2012-04-04,13.03,13.03,0.0,25.73,25.73,0.0,38.47,38.47,0.0
2012-04-05,11.99,11.99,0.0,23.23,23.23,0.0,34.22,34.22,0.0
2012-04-06,10.02,10.02,0.0,22.01,22.01,0.0,32.36,32.36,0.0
2012-04-07,10.87,10.87,0.0,22.87,22.87,0.0,33.46,33.46,0.0
2012-04-08,11.25,11.25,0.0,21.47,21.47,0.0,32.41,32.41,0.0
2012-04-09,11.34,11.34,0.0,22.21,22.21,0.0,33.28,33.28,0.0
2012-04-10,11.23,11.23,0.0,22.3,22.3,0.0,33.23,33.23,0.0
2012-04-11,11.15,11.15,0.0,22.44,22.44,0.0,33.39,33.39,0.0
2012-04-12,10.89,10.89,0.0,22.07,22.07,0.0,32.68,32.68,0.0
2012-04-13,10.67,10.67,0.0,20.64,20.64,0.0,31.04,31.04,0.0
2012-04-14,8.921,8.921,0.0,19.77,19.77,0.0,28.48,28.48,0.0
2012-04-15,9.046,9.046,0.0,19.25,19.25,0.0,28.19,28.19,0.0
2012-04-16,9.381,9.381,0.0,17.97,17.97,0.0,26.96,26.96,0.0
2012-04-17,9.982,9.982,0.0,19.42,19.42,0.0,29.17,29.17,0.0
2012-04-18,11.56,11.56,0.0,20.98,20.98,0.0,32.13,32.13,0.0
2012-04-19,11.26,11.26,0.0,20.9,20.9,0.0,31.67,31.67,0.0
2012-04-20,11.26,11.26,0.0,20.85,20.85,0.0,31.59,31.59,0.0
2012-04-21,11.41,11.41,0.0,21.0,21.0,0.0,31.97,31.97,0.0
2012-04-22,12.01,12.01,0.0,21.39,21.39,0.0,32.99,32.99,0.0
2012-04-23,12.24,12.24,0.0,22.06,22.06,0.0,34.21,34.21,0.0
2012-04-24,11.81,11.81,0.0,21.59,21.59,0.0,33.14,33.14,0.0
2012-04-25,12.84,12.84,0.0,21.95,21.95,0.0,34.14,34.14,0.0
2012-04-26,12.58,12.58,0.0,21.12,21.12,0.0,32.64,32.64,0.0
2012-04-27,9.45,9.45,0.0,17.57,17.57,0.0,26.96,26.96,0.0
2012-04-28,10.74,10.74,0.0,21.04,21.04,0.0,32.22,32.22,0.0
2012-04-29,10.98,10.98,0.0,19.27,19.27,0.0,29.93,29.93,0.0
2012-04-30,13.3,13.3,0.0,21.06,21.06,0.0,33.27,33.27,0.0
2012-05-01,15.23,15.23,0.0,23.23,23.23,0.0,36.98,36.98,0.0
2012-05-02,13.48,13.48,0.0,24.42,24.42,0.0,37.32,37.32,0.0
2012-05-03,12.66,12.66,0.0,23.31,23.31,0.0,35.42,35.42,0.0
2012-05-04,13.09,13.09,0.0,25.18,25.18,0.0,38.11,38.11,0.0
2012-05-05,14.91,14.91,0.0,26.14,26.14,0.0,40.22,40.22,0.0
2012-05-06,13.17,13.17,0.0,24.79,24.79,0.0,37.61,37.61,0.0
2012-05-07,12.93,12.93,0.0,24.74,24.74,0.0,37.45,37.45,0.0
2012-05-08,14.05,14.05,0.0,23.82,23.82,0.0,37.75,37.75,0.0
2012-05-09,12.61,12.61,0.0,21.08,21.08,0.0,33.53,33.53,0.0
2012-05-10,10.9,10.9,0.0,19.55,19.55,0.0,29.92,29.92,0.0
2012-05-11,11.03,11.03,0.0,21.51,21.51,0.0,32.49,32.49,0.0
2012-05-12,11.76,11.76,0.0,22.36,22.36,0.0,33.98,33.98,0.0
2012-05-13,12.2,12.2,0.0,23.23,23.23,0.0,35.49,35.49,0.0
2012-05-14,17.66,17.66,0.0,30.88,30.88,0.0,49.27,49.27,0.0
2012-05-15,14.47,14.47,0.0,26.92,26.92,0.0,42.29,42.29,0.0
2012-05-16,14.2,14.2,0.0,26.62,26.62,0.0,41.3,41.3,0.0
2012-05-17,14.02,14.02,0.0,26.32,26.32,0.0,40.8,40.8,0.0
2012-05-18,13.74,13.74,0.0,25.87,25.87,0.0,40.05,40.05,0.0
2012-05-19,11.57,11.57,0.0,20.59,20.59,0.0,32.85,32.85,0.0
2012-05-20,10.35,10.35,0.0,19.26,19.26,0.0,29.76,29.76,0.0
2012-05-21,11.83,11.83,0.0,21.53,21.53,0.0,33.32,33.32,0.0
2012-05-22,12.63,12.63,0.0,22.6,22.6,0.0,35.11,35.11,0.0
2012-05-23,14.38,14.38,0.0,23.63,23.63,0.0,37.47,37.47,0.0
2012-05-24,13.34,13.34,0.0,23.22,23.22,0.0,36.22,36.22,0.0
2012-05-25,12.62,12.62,0.0,22.91,22.91,0.0,35.43,35.43,0.0
2012-05-26,12.39,12.39,0.0,22.55,22.55,0.0,34.81,34.81,0.0
2012-05-27,12.29,12.29,0.0,23.56,23.56,0.0,35.91,35.91,0.0
2012-05-28,10.78,10.78,0.0,20.34,20.34,0.0,30.61,30.61,0.0
2012-05-29,9.694,9.694,0.0,20.51,20.51,0.0,30.61,30.61,0.0
2012-05-30,10.21,10.21,0.0,18.23,18.23,0.0,28.46,28.46,0.0
2012-05-31,10.45,10.45,0.0,19.35,19.35,0.0,29.68,29.68,0.0
2012-06-01,10.76,10.76,0.0,20.39,20.39,0.0,31.14,31.14,0.0
2012-06-02,10.48,10.48,0.0,20.16,20.16,0.0,30.45,30.45,0.0
2012-06-03,10.33,10.33,0.0,20.0,20.0,0.0,30.1,30.1,0.0
2012-06-04,10.14,10.14,0.0,19.71,19.71,0.0,29.62,29.62,0.0
2012-06-05,9.984,9.984,0.0,19.41,19.41,0.0,29.18,29.18,0.0
2012-06-06,8.748,8.748,0.0,18.21,18.21,0.0,26.75,26.75,0.0
2012-06-07,8.269,8.269,0.0,16.93,16.93,0.0,25.28,25.28,0.0
2012-06-08,8.648,8.648,0.0,16.6,16.6,0.0,24.98,24.98,0.0
2012-06-09,8.775,8.775,0.0,15.9,15.9,0.0,24.4,24.4,0.0
2012-06-10,8.748,8.748,0.0,16.35,16.35,0.0,24.82,24.82,0.0
2012-06-11,8.716,8.716,0.0,16.6,16.6,0.0,25.11,25.11,0.0
2012-06-12,8.628,8.628,0.0,16.57,16.57,0.0,25.05,25.05,0.0
2012-06-13,8.358,8.358,0.0,16.02,16.02,0.0,24.09,24.09,0.0
2012-06-14,8.189,8.189,0.0,15.56,15.56,0.0,23.29,23.29,0.0
2012-06-15,6.774,6.774,0.0,15.02,15.02,0.0,21.86,21.86,0.0
2012-06-16,7.174,7.174,0.0,14.12,14.12,0.0,21.17,21.17,0.0
2012-06-17,7.518,7.518,0.0,13.64,13.64,0.0,21.11,21.11,0.0
2012-06-18,7.768,7.768,0.0,14.68,14.68,0.0,22.69,22.69,0.0
2012-06-19,7.319,7.319,0.0,13.81,13.81,0.0,20.9,20.9,0.0
2012-06-20,7.203,7.203,0.0,13.71,13.71,0.0,20.66,20.66,0.0
2012-06-21,7.224,7.224,0.0,13.93,13.93,0.0,21.09,21.09,0.0
2012-06-22,7.067,7.067,0.0,13.66,13.66,0.0,20.65,20.65,0.0
2012-06-23,6.811,6.811,0.0,12.89,12.89,0.0,19.47,19.47,0.0
2012-06-24,6.182,6.182,0.0,12.6,12.6,0.0,18.71,18.71,0.0
2012-06-25,5.867,5.867,0.0,11.9,11.9,0.0,17.66,17.66,0.0
2012-06-26,6.032,6.032,0.0,11.18,11.18,0.0,16.96,16.96,0.0
2012-06-27,6.049,6.049,0.0,11.41,11.41,0.0,17.23,17.23,0.0
2012-06-28,5.98,5.98,0.0,11.41,11.41,0.0,17.17,17.17,0.0
2012-06-29,6.089,6.089,0.0,11.86,11.86,0.0,18.04,18.04,0.0
2012-06-30,5.753,5.753,0.0,11.1,11.1,0.0,16.67,16.67,0.0
2012-07-01,5.685,5.685,0.0,10.93,10.93,0.0,16.45,16.45,0.0
2012-07-02,5.248,5.248,0.0,10.61,10.61,0.0,15.79,15.79,0.0
2012-07-03,5.242,5.242,0.0,10.2,10.2,0.0,15.33,15.33,0.0
2012-07-04,4.889,4.889,0.0,9.644,9.644,0.0,14.43,14.43,0.0
2012-07-05,4.947,4.947,0.0,9.436,9.436,0.0,14.2,14.2,0.0
2012-07-06,4.923,4.923,0.0,9.456,9.456,0.0,14.22,14.22,0.0
2012-07-07,4.857,4.857,0.0,9.369,9.369,0.0,14.08,14.08,0.0
2012-07-08,5.065,5.065,0.0,10.17,10.17,0.0,15.58,15.58,0.0
2012-07-09,4.666,4.666,0.0,9.158,9.158,0.0,13.73,13.73,0.0
2012-07-10,4.492,4.492,0.0,8.772,8.772,0.0,13.22,13.22,0.0
2012-07-11,4.454,4.454,0.0,8.606,8.606,0.0,12.95,12.95,0.0
2012-07-12,4.392,4.392,0.0,8.46,8.46,0.0,12.75,12.75,0.0
2012-07-13,4.421,4.421,0.0,8.513,8.513,0.0,12.97,12.97,0.0
2012-07-14,4.257,4.257,0.0,8.714,8.714,0.0,13.11,13.11,0.0
2012-07-15,4.585,4.585,0.0,9.174,9.174,0.0,14.08,14.08,0.0
2012-07-16,4.18,4.18,0.0,8.157,8.157,0.0,12.23,12.23,0.0
2012-07-17,4.128,4.128,0.0,8.052,8.052,0.0,12.08,12.08,0.0
2012-07-18,6.798,6.798,0.0,11.59,11.59,0.0,19.86,19.86,0.0
2012-07-19,5.836,5.836,0.0,11.26,11.26,0.0,17.18,17.18,0.0
2012-07-20,8.807,8.807,0.0,19.97,19.97,0.0,30.27,30.27,0.0
2012-07-21,7.278,7.278,0.0,16.75,16.75,0.0,24.31,24.31,0.0
2012-07-22,7.028,7.028,0.0,14.95,14.95,0.0,21.89,21.89,0.0
2012-07-23,7.064,7.064,0.0,14.98,14.98,0.0,21.92,21.92,0.0
2012-07-24,7.611,7.611,0.0,16.74,16.74,0.0,24.91,24.91,0.0
2012-07-25,7.144,7.144,0.0,15.77,15.77,0.0,23.0,23.0,0.0
2012-07-26,7.12,7.12,0.0,15.93,15.93,0.0,23.29,23.29,0.0
2012-07-27,6.817,6.817,0.0,15.37,15.37,0.0,22.29,22.29,0.0
2012-07-28,4.869,4.869,0.0,15.06,15.06,0.0,20.6,20.6,0.0
2012-07-29,5.513,5.513,0.0,10.75,10.75,0.0,16.14,16.14,0.0
2012-07-30,5.813,5.813,0.0,11.5,11.5,0.0,17.29,17.29,0.0
2012-07-31,6.913,6.913,0.0,14.9,14.9,0.0,22.29,22.29,0.0
2012-08-01,6.608,6.608,0.0,14.42,14.42,0.0,20.99,20.99,0.0
2012-08-02,6.558,6.558,0.0,14.62,14.62,0.0,21.14,21.14,0.0
2012-08-03,6.481,6.481,0.0,14.6,14.6,0.0,21.04,21.04,0.0
2012-08-04,6.367,6.367,0.0,14.41,14.41,0.0,20.75,20.75,0.0
2012-08-05,7.946,7.946,0.0,15.1,15.1,0.0,22.81,22.81,0.0
2012-08-06,7.194,7.194,0.0,12.65,12.65,0.0,19.57,19.57,0.0
2012-08-07,7.145,7.145,0.0,11.87,11.87,0.0,18.38,18.38,0.0
2012-08-08,5.986,5.986,0.0,11.16,11.16,0.0,16.76,16.76,0.0
2012-08-09,6.276,6.276,0.0,12.57,12.57,0.0,19.0,19.0,0.0
2012-08-10,6.142,6.142,0.0,12.47,12.47,0.0,18.58,18.58,0.0
2012-08-11,5.88,5.88,0.0,12.42,12.42,0.0,18.34,18.34,0.0
2012-08-12,6.09,6.09,0.0,12.33,12.33,0.0,18.3,18.3,0.0
2012-08-13,6.256,6.256,0.0,12.46,12.46,0.0,18.68,18.68,0.0
2012-08-14,6.376,6.376,0.0,12.1,12.1,0.0,18.26,18.26,0.0
2012-08-15,6.34,6.34,0.0,10.94,10.94,0.0,16.88,16.88,0.0
2012-08-16,6.241,6.241,0.0,10.67,10.67,0.0,16.48,16.48,0.0
2012-08-17,5.356,5.356,0.0,10.72,10.72,0.0,16.3,16.3,0.0
2012-08-18,5.503,5.503,0.0,9.765,9.765,0.0,14.89,14.89,0.0
2012-08-19,5.695,5.695,0.0,10.48,10.48,0.0,15.92,15.92,0.0
2012-08-20,5.659,5.659,0.0,10.48,10.48,0.0,15.8,15.8,0.0
2012-08-21,5.259,5.259,0.0,10.45,10.45,0.0,15.57,15.57,0.0
2012-08-22,5.373,5.373,0.0,10.33,10.33,0.0,15.46,15.46,0.0
2012-08-23,6.14,6.14,0.0,10.33,10.33,0.0,15.87,15.87,0.0
2012-08-24,6.053,6.053,0.0,9.347,9.347,0.0,14.69,14.69,0.0
2012-08-25,6.07,6.07,0.0,9.588,9.588,0.0,14.95,14.95,0.0
2012-08-26,5.991,5.991,0.0,9.351,9.351,0.0,14.69,14.69,0.0
2012-08-27,5.82,5.82,0.0,8.954,8.954,0.0,13.87,13.87,0.0
2012-08-28,4.953,4.953,0.0,8.679,8.679,0.0,13.38,13.38,0.0
2012-08-29,4.951,4.951,0.0,8.666,8.666,0.0,13.24,13.24,0.0
2012-08-30,4.76,4.76,0.0,8.664,8.664,0.0,13.12,13.12,0.0
2012-08-31,4.917,4.917,0.0,8.557,8.557,0.0,13.05,13.05,0.0
2012-09-01,4.987,4.987,0.0,8.379,8.379,0.0,12.92,12.92,0.0
2012-09-02,5.078,5.078,0.0,8.236,8.236,0.0,12.97,12.97,0.0
2012-09-03,4.849,4.849,0.0,7.68,7.68,0.0,11.96,11.96,0.0
2012-09-04,4.999,4.999,0.0,8.186,8.186,0.0,12.8,12.8,0.0
2012-09-05,4.971,4.971,0.0,7.901,7.901,0.0,12.28,12.28,0.0
2012-09-06,4.772,4.772,0.0,7.829,7.829,0.0,12.12,12.12,0.0
2012-09-07,4.433,4.433,0.0,7.495,7.495,0.0,11.61,11.61,0.0
2012-09-08,4.906,4.906,0.0,8.084,8.084,0.0,12.75,12.75,0.0
2012-09-09,4.814,4.814,0.0,7.153,7.153,0.0,11.42,11.42,0.0
2012-09-10,4.476,4.476,0.0,7.03,7.03,0.0,10.89,10.89,0.0
2012-09-11,4.403,4.403,0.0,7.055,7.055,0.0,10.95,10.95,0.0
2012-09-12,4.476,4.476,0.0,7.055,7.055,0.0,11.01,11.01,0.0
2012-09-13,4.445,4.445,0.0,6.866,6.866,0.0,10.76,10.76,0.0
2012-09-14,4.386,4.386,0.0,6.847,6.847,0.0,10.71,10.71,0.0
2012-09-15,3.988,3.988,0.0,6.774,6.774,0.0,10.43,10.43,0.0
2012-09-16,4.039,4.039,0.0,6.463,6.463,0.0,10.11,10.11,0.0
2012-09-17,5.3,5.3,0.0,8.19,8.19,0.0,13.18,13.18,0.0
2012-09-18,13.22,13.22,0.0,13.48,13.48,0.0,24.22,24.22,0.0
2012-09-19,8.406,8.406,0.0,9.848,9.848,0.0,16.83,16.83,0.0
2012-09-20,8.521,8.521,0.0,9.881,9.881,0.0,16.82,16.82,0.0
2012-09-21,8.521,8.521,0.0,9.889,9.889,0.0,16.81,16.81,0.0
2012-09-22,8.386,8.386,0.0,9.799,9.799,0.0,16.6,16.6,0.0
2012-09-23,8.187,8.187,0.0,9.657,9.657,0.0,16.29,16.29,0.0
2012-09-24,6.781,6.781,0.0,8.463,8.463,0.0,13.8,13.8,0.0
2012-09-25,6.911,6.911,0.0,8.842,8.842,0.0,14.58,14.58,0.0
2012-09-26,6.754,6.754,0.0,9.805,9.805,0.0,15.8,15.8,0.0
2012-09-27,6.871,6.871,0.0,10.09,10.09,0.0,16.42,16.42,0.0
2012-09-28,7.748,7.748,0.0,10.68,10.68,0.0,17.14,17.14,0.0
2012-09-29,7.926,7.926,0.0,10.75,10.75,0.0,17.29,17.29,0.0
2012-09-30,8.081,8.081,0.0,9.762,9.762,0.0,16.36,16.36,0.0
2012-10-01,9.803,9.803,0.0,11.44,11.44,0.0,19.19,19.19,0.0
2012-10-02,15.75,15.75,0.0,16.5,16.5,0.0,28.4,28.4,0.0
2012-10-03,11.17,11.17,0.0,13.58,13.58,0.0,22.97,22.97,0.0
2012-10-04,11.02,11.02,0.0,13.5,13.5,0.0,22.74,22.74,0.0
2012-10-05,10.88,10.88,0.0,13.44,13.44,0.0,22.56,22.56,0.0
2012-10-06,10.23,10.23,0.0,12.31,12.31,0.0,20.45,20.45,0.0
2012-10-07,8.44,8.44,0.0,12.6,12.6,0.0,20.09,20.09,0.0
2012-10-08,8.234,8.234,0.0,12.74,12.74,0.0,20.52,20.52,0.0
2012-10-09,9.097,9.097,0.0,11.77,11.77,0.0,19.79,19.79,0.0
2012-10-10,9.511,9.511,0.0,10.12,10.12,0.0,18.02,18.02,0.0
2012-10-11,9.607,9.607,0.0,11.26,11.26,0.0,19.06,19.06,0.0
2012-10-12,9.516,9.516,0.0,11.81,11.81,0.0,19.69,19.69,0.0
2012-10-13,9.384,9.384,0.0,11.94,11.94,0.0,19.78,19.78,0.0
2012-10-14,9.215,9.215,0.0,11.17,11.17,0.0,18.91,18.91,0.0
2012-10-15,8.207,8.207,0.0,11.6,11.6,0.0,18.57,18.57,0.0
2012-10-16,6.968,6.968,0.0,11.43,11.43,0.0,17.77,17.77,0.0
2012-10-17,7.637,7.637,0.0,10.82,10.82,0.0,17.49,17.49,0.0
2012-10-18,8.615,8.615,0.0,12.14,12.14,0.0,19.86,19.86,0.0
2012-10-19,8.634,8.634,0.0,11.14,11.14,0.0,18.59,18.59,0.0
2012-10-20,8.638,8.638,0.0,11.51,11.51,0.0,18.69,18.69,0.0
2012-10-21,8.541,8.541,0.0,10.34,10.34,0.0,17.33,17.33,0.0
2012-10-22,8.375,8.375,0.0,10.21,10.21,0.0,17.21,17.21,0.0
2012-10-23,8.216,8.216,0.0,10.69,10.69,0.0,17.62,17.62,0.0
2012-10-24,7.313,7.313,0.0,10.23,10.23,0.0,16.38,16.38,0.0
2012-10-25,6.766,6.766,0.0,10.45,10.45,0.0,16.43,16.43,0.0
2012-10-26,6.763,6.763,0.0,10.07,10.07,0.0,16.07,16.07,0.0
2012-10-27,7.049,7.049,0.0,10.19,10.19,0.0,16.33,16.33,0.0
2012-10-28,7.63,7.63,0.0,10.86,10.86,0.0,17.56,17.56,0.0
2012-10-29,10.48,10.48,0.0,22.77,22.77,0.0,37.39,37.39,0.0
2012-10-30,10.87,10.87,0.0,20.77,20.77,0.0,32.3,32.3,0.0
2012-10-31,11.03,11.03,0.0,18.9,18.9,0.0,30.63,30.63,0.0
2012-11-01,10.68,10.68,0.0,18.43,18.43,0.0,29.49,29.49,0.0
2012-11-02,10.53,10.53,0.0,18.5,18.5,0.0,29.4,29.4,0.0
2012-11-03,10.31,10.31,0.0,18.3,18.3,0.0,28.99,28.99,0.0
2012-11-04,10.02,10.02,0.0,16.82,16.82,0.0,26.84,26.84,0.0
2012-11-05,8.046,8.046,0.0,14.28,14.28,0.0,21.93,21.93,0.0
2012-11-06,7.647,7.647,0.0,12.99,12.99,0.0,20.99,20.99,0.0
2012-11-07,8.329,8.329,0.0,14.93,14.93,0.0,23.55,23.55,0.0
2012-11-08,8.58,8.58,0.0,15.88,15.88,0.0,24.73,24.73,0.0
2012-11-09,8.634,8.634,0.0,16.54,16.54,0.0,25.42,25.42,0.0
2012-11-10,8.569,8.569,0.0,16.74,16.74,0.0,25.54,25.54,0.0
2012-11-11,8.445,8.445,0.0,16.65,16.65,0.0,25.31,25.31,0.0
2012-11-12,8.89,8.89,0.0,17.22,17.22,0.0,26.48,26.48,0.0
2012-11-13,8.736,8.736,0.0,15.84,15.84,0.0,24.78,24.78,0.0
2012-11-14,8.014,8.014,0.0,15.93,15.93,0.0,23.74,23.74,0.0
2012-11-15,6.719,6.719,0.0,12.13,12.13,0.0,19.05,19.05,0.0
2012-11-16,7.365,7.365,0.0,13.71,13.71,0.0,21.2,21.2,0.0
2012-11-17,7.617,7.617,0.0,13.85,13.85,0.0,21.61,21.61,0.0
2012-11-18,7.684,7.684,0.0,14.34,14.34,0.0,22.17,22.17,0.0
2012-11-19,7.638,7.638,0.0,14.47,14.47,0.0,22.25,22.25,0.0
2012-11-20,7.535,7.535,0.0,14.39,14.39,0.0,22.05,22.05,0.0
2012-11-21,7.404,7.404,0.0,14.2,14.2,0.0,21.72,21.72,0.0
2012-11-22,7.261,7.261,0.0,13.18,13.18,0.0,20.55,20.55,0.0
2012-11-23,6.208,6.208,0.0,11.46,11.46,0.0,17.46,17.46,0.0
2012-11-24,6.071,6.071,0.0,11.56,11.56,0.0,17.86,17.86,0.0
2012-11-25,6.315,6.315,0.0,12.16,12.16,0.0,18.59,18.59,0.0
2012-11-26,6.731,6.731,0.0,12.98,12.98,0.0,19.94,19.94,0.0
2012-11-27,6.944,6.944,0.0,12.82,12.82,0.0,19.96,19.96,0.0
2012-11-28,6.903,6.903,0.0,12.83,12.83,0.0,19.85,19.85,0.0
2012-11-29,6.84,6.84,0.0,12.81,12.81,0.0,19.76,19.76,0.0
2012-11-30,6.734,6.734,0.0,12.65,12.65,0.0,19.5,19.5,0.0
2012-12-01,6.609,6.609,0.0,12.46,12.46,0.0,19.18,19.18,0.0
2012-12-02,6.575,6.575,0.0,12.74,12.74,0.0,19.53,19.53,0.0
2012-12-03,5.847,5.847,0.0,12.14,12.14,0.0,17.97,17.97,0.0
2012-12-04,5.246,5.246,0.0,11.76,11.76,0.0,17.16,17.16,0.0
2012-12-05,5.575,5.575,0.0,11.32,11.32,0.0,17.02,17.02,0.0
2012-12-06,5.84,5.84,0.0,10.78,10.78,0.0,16.72,16.72,0.0
2012-12-07,5.98,5.98,0.0,12.2,12.2,0.0,18.39,18.39,0.0
2012-12-08,6.569,6.569,0.0,13.98,13.98,0.0,21.04,21.04,0.0
2012-12-09,6.794,6.794,0.0,14.9,14.9,0.0,22.13,22.13,0.0
2012-12-10,7.2,7.2,0.0,16.32,16.32,0.0,24.02,24.02,0.0
2012-12-11,7.061,7.061,0.0,15.77,15.77,0.0,23.17,23.17,0.0
2012-12-12,6.998,6.998,0.0,15.09,15.09,0.0,22.43,22.43,0.0
2012-12-13,6.884,6.884,0.0,15.16,15.16,0.0,22.38,22.38,0.0
2012-12-14,6.746,6.746,0.0,15.06,15.06,0.0,22.13,22.13,0.0
2012-12-15,5.827,5.827,0.0,14.97,14.97,0.0,21.0,21.0,0.0
2012-12-16,5.628,5.628,0.0,10.28,10.28,0.0,16.02,16.02,0.0
2012-12-17,6.675,6.675,0.0,12.93,12.93,0.0,19.82,19.82,0.0
2012-12-18,6.958,6.958,0.0,14.48,14.48,0.0,21.76,21.76,0.0
2012-12-19,6.561,6.561,0.0,14.82,14.82,0.0,21.83,21.83,0.0
2012-12-20,7.987,7.987,0.0,16.56,16.56,0.0,25.0,25.0,0.0
2012-12-21,7.737,7.737,0.0,16.56,16.56,0.0,24.83,24.83,0.0
2012-12-22,7.605,7.605,0.0,15.52,15.52,0.0,23.44,23.44,0.0
2012-12-23,7.678,7.678,0.0,16.53,16.53,0.0,24.35,24.35,0.0
2012-12-24,7.606,7.606,0.0,16.18,16.18,0.0,24.05,24.05,0.0
2012-12-25,8.012,8.012,0.0,16.46,16.46,0.0,24.65,24.65,0.0
2012-12-26,7.005,7.005,0.0,14.9,14.9,0.0,22.75,22.75,0.0
2012-12-27,6.079,6.079,0.0,11.76,11.76,0.0,18.0,18.0,0.0
2012-12-28,6.546,6.546,0.0,13.17,13.17,0.0,19.93,19.93,0.0
2012-12-29,6.52,6.52,0.0,14.48,14.48,0.0,21.61,21.61,0.0
2012-12-30,6.554,6.554,0.0,14.25,14.25,0.0,21.34,21.34,0.0
2012-12-31,6.57,6.57,0.0,14.22,14.22,0.0,21.32,21.32,0.0
2013-01-01,6.525,6.525,0.0,13.69,13.69,0.0,20.9,20.9,0.0
2013-01-02,6.37,6.37,0.0,13.45,13.45,0.0,20.25,20.25,0.0
2013-01-03,5.94,5.94,0.0,13.29,13.29,0.0,19.81,19.81,0.0
2013-01-04,5.304,5.304,0.0,11.75,11.75,0.0,17.42,17.42,0.0
2013-01-05,6.588,6.588,0.0,11.75,11.75,0.0,19.02,19.02,0.0
2013-01-06,5.556,5.556,0.0,12.26,12.26,0.0,18.17,18.17,0.0
2013-01-07,5.792,5.792,0.0,12.45,12.45,0.0,18.53,18.53,0.0
2013-01-08,6.946,6.946,0.0,15.17,15.17,0.0,23.16,23.16,0.0
2013-01-09,5.455,5.455,0.0,21.82,21.82,0.0,27.73,27.73,0.0
2013-01-10,5.348,5.348,0.0,25.93,25.93,0.0,31.67,31.67,0.0
2013-01-11,5.637,5.637,0.0,14.12,14.12,0.0,20.11,20.11,0.0
2013-01-12,5.692,5.692,0.0,12.96,12.96,0.0,19.1,19.1,0.0
2013-01-13,6.575,6.575,0.0,14.85,14.85,0.0,21.88,21.88,0.0
2013-01-14,9.268,9.268,0.0,21.88,21.88,0.0,31.22,31.22,0.0
2013-01-15,15.4,15.4,0.0,33.95,33.95,0.0,47.84,47.84,0.0
2013-01-16,10.92,10.92,0.0,23.53,23.53,0.0,34.83,34.83,0.0
2013-01-17,10.46,10.46,0.0,22.07,22.07,0.0,32.86,32.86,0.0
2013-01-18,10.37,10.37,0.0,22.0,22.0,0.0,32.68,32.68,0.0
2013-01-19,10.19,10.19,0.0,21.47,21.47,0.0,31.94,31.94,0.0
2013-01-20,8.091,8.091,0.0,17.22,17.22,0.0,24.72,24.72,0.0
2013-01-21,7.672,7.672,0.0,15.06,15.06,0.0,23.02,23.02,0.0
2013-01-22,7.706,7.706,0.0,16.33,16.33,0.0,24.62,24.62,0.0
2013-01-23,8.346,8.346,0.0,17.84,17.84,0.0,26.68,26.68,0.0
2013-01-24,8.502,8.502,0.0,18.12,18.12,0.0,26.94,26.94,0.0
2013-01-25,8.681,8.681,0.0,18.34,18.34,0.0,27.55,27.55,0.0
2013-01-26,8.437,8.437,0.0,17.27,17.27,0.0,26.0,26.0,0.0
2013-01-27,8.34,8.34,0.0,15.3,15.3,0.0,24.0,24.0,0.0
2013-01-28,12.12,12.12,0.0,29.46,29.46,0.0,45.72,45.72,0.0
2013-01-29,6.686,6.686,0.0,23.37,23.37,0.0,30.85,30.85,0.0
2013-01-30,48.19,48.19,0.0,97.71,97.71,0.0,140.3,140.3,0.0
2013-01-31,10.45,10.45,0.0,26.71,26.71,0.0,39.85,39.85,0.0
2013-02-01,9.715,9.715,0.0,19.67,19.67,0.0,30.33,30.33,0.0
2013-02-02,9.835,9.835,0.0,18.39,18.39,0.0,28.85,28.85,0.0
2013-02-03,9.341,9.341,0.0,18.2,18.2,0.0,28.23,28.23,0.0
2013-02-04,9.035,9.035,0.0,17.85,17.85,0.0,27.75,27.75,0.0
2013-02-05,8.784,8.784,0.0,17.7,17.7,0.0,27.54,27.54,0.0
2013-02-06,8.391,8.391,0.0,18.34,18.34,0.0,27.95,27.95,0.0
2013-02-07,7.575,7.575,0.0,14.01,14.01,0.0,22.48,22.48,0.0
2013-02-08,9.201,9.201,0.0,17.36,17.36,0.0,27.31,27.31,0.0
2013-02-09,8.329,8.329,0.0,15.52,15.52,0.0,24.21,24.21,0.0
2013-02-10,8.666,8.666,0.0,16.9,16.9,0.0,25.65,25.65,0.0
2013-02-11,8.675,8.675,0.0,31.34,31.34,0.0,40.14,40.14,0.0
2013-02-12,8.663,8.663,0.0,18.39,18.39,0.0,27.63,27.63,0.0
2013-02-13,9.235,9.235,0.0,18.09,18.09,0.0,28.28,28.28,0.0
2013-02-14,9.142,9.142,0.0,17.29,17.29,0.0,27.15,27.15,0.0
2013-02-15,9.792,9.792,0.0,18.03,18.03,0.0,28.46,28.46,0.0
2013-02-16,9.677,9.677,0.0,17.75,17.75,0.0,28.02,28.02,0.0
2013-02-17,9.634,9.634,0.0,17.06,17.06,0.0,27.23,27.23,0.0
2013-02-18,7.663,7.663,0.0,15.38,15.38,0.0,23.26,23.26,0.0
2013-02-19,8.193,8.193,0.0,12.93,12.93,0.0,21.53,21.53,0.0
2013-02-20,7.837,7.837,0.0,14.33,14.33,0.0,22.57,22.57,0.0
2013-02-21,8.242,8.242,0.0,14.92,14.92,0.0,23.49,23.49,0.0
2013-02-22,8.419,8.419,0.0,14.71,14.71,0.0,23.5,23.5,0.0
2013-02-23,9.769,9.769,0.0,18.93,18.93,0.0,28.62,28.62,0.0
2013-02-24,8.438,8.438,0.0,15.46,15.46,0.0,24.21,24.21,0.0
2013-02-25,8.326,8.326,0.0,15.15,15.15,0.0,23.77,23.77,0.0
2013-02-26,8.42,8.42,0.0,15.5,15.5,0.0,24.71,24.71,0.0
2013-02-27,11.43,11.43,0.0,20.3,20.3,0.0,33.34,33.34,0.0
2013-02-28,8.233,8.233,0.0,14.3,14.3,0.0,23.43,23.43,0.0
2013-03-01,7.598,7.598,0.0,13.89,13.89,0.0,21.78,21.78,0.0
2013-03-02,7.659,7.659,0.0,13.16,13.16,0.0,21.28,21.28,0.0
2013-03-03,7.934,7.934,0.0,13.99,13.99,0.0,22.45,22.45,0.0
2013-03-04,7.836,7.836,0.0,13.49,13.49,0.0,21.39,21.39,0.0
2013-03-05,12.2,12.2,0.0,24.4,24.4,0.0,44.27,44.27,0.0
2013-03-06,8.448,8.448,0.0,15.34,15.34,0.0,25.01,25.01,0.0
2013-03-07,8.264,8.264,0.0,14.83,14.83,0.0,24.0,24.0,0.0
2013-03-08,8.114,8.114,0.0,14.56,14.56,0.0,23.54,23.54,0.0
2013-03-09,16.49,16.49,0.0,32.05,32.05,0.0,47.8,47.8,0.0
2013-03-10,13.74,13.74,0.0,56.77,56.77,0.0,69.56,69.56,0.0
2013-03-11,12.1,12.1,0.0,38.66,38.66,0.0,51.2,51.2,0.0
2013-03-12,10.87,10.87,0.0,26.62,26.62,0.0,38.95,38.95,0.0
2013-03-13,11.42,11.42,0.0,23.44,23.44,0.0,35.87,35.87,0.0
2013-03-14,11.68,11.68,0.0,22.68,22.68,0.0,34.21,34.21,0.0
2013-03-15,13.06,13.06,0.0,23.45,23.45,0.0,36.14,36.14,0.0
2013-03-16,15.87,15.87,0.0,24.86,24.86,0.0,39.69,39.69,0.0
2013-03-17,18.86,18.86,0.0,29.08,29.08,0.0,46.51,46.51,0.0
2013-03-18,15.45,15.45,0.0,26.32,26.32,0.0,42.12,42.12,0.0
2013-03-19,14.88,14.88,0.0,21.16,21.16,0.0,34.46,34.46,0.0
2013-03-20,15.01,15.01,0.0,22.08,22.08,0.0,36.18,36.18,0.0
2013-03-21,11.53,11.53,0.0,24.16,24.16,0.0,36.93,36.93,0.0
2013-03-22,12.97,12.97,0.0,25.0,25.0,0.0,38.4,38.4,0.0
2013-03-23,12.33,12.33,0.0,24.96,24.96,0.0,38.04,38.04,0.0
2013-03-24,13.33,13.33,0.0,24.72,24.72,0.0,37.98,37.98,0.0
2013-03-25,13.48,13.48,0.0,22.98,22.98,0.0,36.36,36.36,0.0
2013-03-26,13.53,13.53,0.0,23.73,23.73,0.0,36.75,36.75,0.0
2013-03-27,12.7,12.7,0.0,22.93,22.93,0.0,35.42,35.42,0.0
2013-03-28,12.76,12.76,0.0,19.28,19.28,0.0,32.02,32.02,0.0
2013-03-29,15.49,15.49,0.0,25.12,25.12,0.0,40.18,40.18,0.0
2013-03-30,13.43,13.43,0.0,32.35,32.35,0.0,46.08,46.08,0.0
2013-03-31,15.06,15.06,0.0,31.56,31.56,0.0,46.51,46.51,0.0
2013-04-01,12.98,12.98,0.0,27.38,27.38,0.0,41.2,41.2,0.0
2013-04-02,13.69,13.69,0.0,26.58,26.58,0.0,40.45,40.45,0.0
2013-04-03,12.85,12.85,0.0,26.41,26.41,0.0,39.12,39.12,0.0
2013-04-04,13.84,13.84,0.0,25.01,25.01,0.0,38.42,38.42,0.0
2013-04-05,13.92,13.92,0.0,26.6,26.6,0.0,40.1,40.1,0.0
2013-04-06,13.84,13.84,0.0,25.5,25.5,0.0,37.84,37.84,0.0
2013-04-07,12.2,12.2,0.0,26.6,26.6,0.0,38.49,38.49,0.0
2013-04-08,12.63,12.63,0.0,24.47,24.47,0.0,36.68,36.68,0.0
2013-04-09,12.74,12.74,0.0,25.47,25.47,0.0,37.77,37.77,0.0
2013-04-10,11.45,11.45,0.0,24.52,24.52,0.0,36.15,36.15,0.0
2013-04-11,14.34,14.34,0.0,26.48,26.48,0.0,40.96,40.96,0.0
2013-04-12,12.94,12.94,0.0,28.76,28.76,0.0,42.43,42.43,0.0
2013-04-13,13.26,13.26,0.0,27.96,27.96,0.0,41.42,41.42,0.0
2013-04-14,13.81,13.81,0.0,27.17,27.17,0.0,40.94,40.94,0.0
2013-04-15,14.47,14.47,0.0,26.19,26.19,0.0,39.6,39.6,0.0
2013-04-16,15.35,15.35,0.0,28.1,28.1,0.0,42.67,42.67,0.0
2013-04-17,14.13,14.13,0.0,27.63,27.63,0.0,40.24,40.24,0.0
2013-04-18,12.35,12.35,0.0,22.59,22.59,0.0,34.75,34.75,0.0
2013-04-19,16.56,16.56,0.0,28.09,28.09,0.0,43.93,43.93,0.0
2013-04-20,14.3,14.3,0.0,27.46,27.46,0.0,41.69,41.69,0.0
2013-04-21,12.58,12.58,0.0,26.39,26.39,0.0,39.67,39.67,0.0
2013-04-22,13.18,13.18,0.0,26.83,26.83,0.0,40.26,40.26,0.0
2013-04-23,12.56,12.56,0.0,26.89,26.89,0.0,39.92,39.92,0.0
2013-04-24,12.92,12.92,0.0,26.81,26.81,0.0,39.42,39.42,0.0
2013-04-25,12.89,12.89,0.0,24.72,24.72,0.0,37.34,37.34,0.0
2013-04-26,12.77,12.77,0.0,25.06,25.06,0.0,37.03,37.03,0.0
2013-04-27,11.4,11.4,0.0,21.16,21.16,0.0,32.34,32.34,0.0
2013-04-28,12.2,12.2,0.0,23.2,23.2,0.0,35.25,35.25,0.0
2013-04-29,12.56,12.56,0.0,24.46,24.46,0.0,36.92,36.92,0.0
2013-04-30,12.45,12.45,0.0,24.6,24.6,0.0,36.87,36.87,0.0
2013-05-01,11.2,11.2,0.0,23.59,23.59,0.0,35.19,35.19,0.0
2013-05-02,10.94,10.94,0.0,23.66,23.66,0.0,35.0,35.0,0.0
2013-05-03,11.25,11.25,0.0,23.52,23.52,0.0,34.89,34.89,0.0
2013-05-04,11.29,11.29,0.0,21.74,21.74,0.0,32.56,32.56,0.0
2013-05-05,11.2,11.2,0.0,22.01,22.01,0.0,32.41,32.41,0.0
2013-05-06,14.79,14.79,0.0,22.69,22.69,0.0,35.99,35.99,0.0
2013-05-07,28.5,28.5,0.0,37.8,37.8,0.0,63.67,63.67,0.0
2013-05-08,20.09,20.09,0.0,31.72,31.72,0.0,50.95,50.95,0.0
2013-05-09,17.48,17.48,0.0,30.33,30.33,0.0,47.51,47.51,0.0
2013-05-10,19.09,19.09,0.0,33.13,33.13,0.0,51.92,51.92,0.0
2013-05-11,19.01,19.01,0.0,33.07,33.07,0.0,51.68,51.68,0.0
2013-05-12,16.81,16.81,0.0,28.4,28.4,0.0,44.98,44.98,0.0
2013-05-13,15.58,15.58,0.0,27.74,27.74,0.0,43.67,43.67,0.0
2013-05-14,13.96,13.96,0.0,28.66,28.66,0.0,43.69,43.69,0.0
2013-05-15,13.87,13.87,0.0,26.46,26.46,0.0,39.53,39.53,0.0
2013-05-16,14.73,14.73,0.0,25.46,25.46,0.0,39.61,39.61,0.0
2013-05-17,15.0,15.0,0.0,26.67,26.67,0.0,41.18,41.18,0.0
2013-05-18,15.14,15.14,0.0,27.69,27.69,0.0,42.56,42.56,0.0
2013-05-19,14.93,14.93,0.0,27.59,27.59,0.0,42.21,42.21,0.0
2013-05-20,15.12,15.12,0.0,27.54,27.54,0.0,42.14,42.14,0.0
2013-05-21,13.51,13.51,0.0,25.72,25.72,0.0,39.09,39.09,0.0
2013-05-22,15.71,15.71,0.0,26.42,26.42,0.0,41.6,41.6,0.0
2013-05-23,15.98,15.98,0.0,27.37,27.37,0.0,43.05,43.05,0.0
2013-05-24,14.0,14.0,0.0,27.1,27.1,0.0,41.72,41.72,0.0
2013-05-25,13.54,13.54,0.0,26.04,26.04,0.0,38.63,38.63,0.0
2013-05-26,14.04,14.04,0.0,25.22,25.22,0.0,38.47,38.47,0.0
2013-05-27,14.17,14.17,0.0,23.89,23.89,0.0,37.47,37.47,0.0
2013-05-28,14.03,14.03,0.0,24.64,24.64,0.0,38.17,38.17,0.0
2013-05-29,13.18,13.18,0.0,24.85,24.85,0.0,37.9,37.9,0.0
2013-05-30,12.67,12.67,0.0,24.7,24.7,0.0,37.08,37.08,0.0
2013-05-31,12.8,12.8,0.0,22.47,22.47,0.0,34.89,34.89,0.0
2013-06-01,12.39,12.39,0.0,22.77,22.77,0.0,34.92,34.92,0.0
2013-06-02,11.39,11.39,0.0,22.51,22.51,0.0,34.01,34.01,0.0
2013-06-03,11.7,11.7,0.0,22.1,22.1,0.0,33.23,33.23,0.0
2013-06-04,11.7,11.7,0.0,20.02,20.02,0.0,31.14,31.14,0.0
2013-06-05,11.73,11.73,0.0,21.0,21.0,0.0,32.36,32.36,0.0
2013-06-06,15.26,15.26,0.0,23.75,23.75,0.0,38.44,38.44,0.0
2013-06-07,15.91,15.91,0.0,24.53,24.53,0.0,39.14,39.14,0.0
2013-06-08,14.15,14.15,0.0,23.65,23.65,0.0,37.1,37.1,0.0
2013-06-09,15.11,15.11,0.0,24.24,24.24,0.0,38.43,38.43,0.0
2013-06-10,19.65,19.65,0.0,26.78,26.78,0.0,44.1,44.1,0.0
2013-06-11,15.63,15.63,0.0,24.9,24.9,0.0,39.71,39.71,0.0
2013-06-12,14.7,14.7,0.0,24.0,24.0,0.0,38.23,38.23,0.0
2013-06-13,17.51,17.51,0.0,31.79,31.79,0.0,49.86,49.86,0.0
2013-06-14,14.4,14.4,0.0,27.67,27.67,0.0,42.57,42.57,0.0
2013-06-15,11.95,11.95,0.0,25.31,25.31,0.0,38.74,38.74,0.0
2013-06-16,13.05,13.05,0.0,25.83,25.83,0.0,38.68,38.68,0.0
2013-06-17,13.47,13.47,0.0,21.5,21.5,0.0,34.07,34.07,0.0
2013-06-18,13.67,13.67,0.0,23.59,23.59,0.0,36.85,36.85,0.0
2013-06-19,13.4,13.4,0.0,24.03,24.03,0.0,37.07,37.07,0.0
2013-06-20,13.18,13.18,0.0,24.15,24.15,0.0,37.05,37.05,0.0
2013-06-21,11.85,11.85,0.0,22.67,22.67,0.0,34.55,34.55,0.0
2013-06-22,11.41,11.41,0.0,22.79,22.79,0.0,34.41,34.41,0.0
2013-06-23,11.4,11.4,0.0,21.48,21.48,0.0,32.66,32.66,0.0
2013-06-24,11.02,11.02,0.0,21.79,21.79,0.0,32.51,32.51,0.0
2013-06-25,11.12,11.12,0.0,21.53,21.53,0.0,32.31,32.31,0.0
2013-06-26,11.15,11.15,0.0,18.72,18.72,0.0,29.61,29.61,0.0
2013-06-27,11.19,11.19,0.0,20.03,20.03,0.0,31.25,31.25,0.0
2013-06-28,11.09,11.09,0.0,20.7,20.7,0.0,31.97,31.97,0.0
2013-06-29,10.61,10.61,0.0,19.96,19.96,0.0,30.42,30.42,0.0
2013-06-30,9.372,9.372,0.0,19.02,19.02,0.0,28.68,28.68,0.0
2013-07-01,9.572,9.572,0.0,18.88,18.88,0.0,28.47,28.47,0.0
2013-07-02,9.11,9.11,0.0,17.93,17.93,0.0,27.28,27.28,0.0
2013-07-03,9.274,9.274,0.0,17.98,17.98,0.0,27.03,27.03,0.0
2013-07-04,9.242,9.242,0.0,17.27,17.27,0.0,26.01,26.01,0.0
2013-07-05,9.16,9.16,0.0,16.13,16.13,0.0,24.93,24.93,0.0
2013-07-06,9.016,9.016,0.0,16.5,16.5,0.0,25.23,25.23,0.0
2013-07-07,9.094,9.094,0.0,17.19,17.19,0.0,26.35,26.35,0.0
2013-07-08,8.702,8.702,0.0,16.46,16.46,0.0,24.84,24.84,0.0
2013-07-09,8.12,8.12,0.0,15.78,15.78,0.0,23.93,23.93,0.0
2013-07-10,7.633,7.633,0.0,15.63,15.63,0.0,23.43,23.43,0.0
2013-07-11,11.09,11.09,0.0,17.58,17.58,0.0,30.08,30.08,0.0
2013-07-12,9.945,9.945,0.0,17.23,17.23,0.0,27.67,27.67,0.0
2013-07-13,10.02,10.02,0.0,16.89,16.89,0.0,26.91,26.91,0.0
2013-07-14,9.9,9.9,0.0,16.71,16.71,0.0,26.36,26.36,0.0
2013-07-15,9.75,9.75,0.0,15.63,15.63,0.0,25.21,25.21,0.0
2013-07-16,9.526,9.526,0.0,15.11,15.11,0.0,24.5,24.5,0.0
2013-07-17,9.075,9.075,0.0,14.37,14.37,0.0,22.89,22.89,0.0
2013-07-18,9.322,9.322,0.0,15.7,15.7,0.0,25.08,25.08,0.0
2013-07-19,9.638,9.638,0.0,17.82,17.82,0.0,27.84,27.84,0.0
2013-07-20,8.55,8.55,0.0,16.93,16.93,0.0,25.64,25.64,0.0
2013-07-21,11.22,11.22,0.0,17.78,17.78,0.0,27.71,27.71,0.0
2013-07-22,10.27,10.27,0.0,18.81,18.81,0.0,28.97,28.97,0.0
2013-07-23,10.17,10.17,0.0,19.15,19.15,0.0,29.17,29.17,0.0
2013-07-24,8.951,8.951,0.0,18.39,18.39,0.0,27.46,27.46,0.0
2013-07-25,9.139,9.139,0.0,18.14,18.14,0.0,27.19,27.19,0.0
2013-07-26,9.165,9.165,0.0,17.84,17.84,0.0,26.12,26.12,0.0
2013-07-27,8.824,8.824,0.0,16.17,16.17,0.0,24.6,24.6,0.0
2013-07-28,7.919,7.919,0.0,14.01,14.01,0.0,21.95,21.95,0.0
2013-07-29,8.194,8.194,0.0,14.33,14.33,0.0,22.2,22.2,0.0
2013-07-30,8.227,8.227,0.0,15.06,15.06,0.0,22.96,22.96,0.0
2013-07-31,8.215,8.215,0.0,15.47,15.47,0.0,23.45,23.45,0.0
2013-08-01,7.868,7.868,0.0,15.45,15.45,0.0,23.2,23.2,0.0
2013-08-02,7.403,7.403,0.0,15.08,15.08,0.0,22.41,22.41,0.0
2013-08-03,7.567,7.567,0.0,15.11,15.11,0.0,22.5,22.5,0.0
2013-08-04,7.412,7.412,0.0,13.54,13.54,0.0,20.39,20.39,0.0
2013-08-05,6.849,6.849,0.0,13.47,13.47,0.0,20.27,20.27,0.0
2013-08-06,6.719,6.719,0.0,12.4,12.4,0.0,18.98,18.98,0.0
2013-08-07,6.87,6.87,0.0,12.59,12.59,0.0,19.28,19.28,0.0
2013-08-08,7.014,7.014,0.0,13.47,13.47,0.0,20.56,20.56,0.0
2013-08-09,6.865,6.865,0.0,13.46,13.46,0.0,20.33,20.33,0.0
2013-08-10,6.365,6.365,0.0,13.23,13.23,0.0,19.57,19.57,0.0
2013-08-11,6.355,6.355,0.0,13.08,13.08,0.0,19.25,19.25,0.0
2013-08-12,6.705,6.705,0.0,14.74,14.74,0.0,21.78,21.78,0.0
2013-08-13,6.559,6.559,0.0,15.36,15.36,0.0,22.26,22.26,0.0
2013-08-14,6.107,6.107,0.0,14.91,14.91,0.0,21.19,21.19,0.0
2013-08-15,5.682,5.682,0.0,14.83,14.83,0.0,20.86,20.86,0.0
2013-08-16,5.782,5.782,0.0,14.1,14.1,0.0,19.87,19.87,0.0
2013-08-17,5.878,5.878,0.0,13.73,13.73,0.0,19.77,19.77,0.0
2013-08-18,5.859,5.859,0.0,12.9,12.9,0.0,18.72,18.72,0.0
2013-08-19,5.379,5.379,0.0,11.48,11.48,0.0,16.95,16.95,0.0
2013-08-20,5.4,5.4,0.0,12.27,12.27,0.0,17.75,17.75,0.0
2013-08-21,5.647,5.647,0.0,13.55,13.55,0.0,19.65,19.65,0.0
2013-08-22,5.492,5.492,0.0,13.71,13.71,0.0,19.64,19.64,0.0
2013-08-23,6.03,6.03,0.0,15.41,15.41,0.0,22.74,22.74,0.0
2013-08-24,5.613,5.613,0.0,14.7,14.7,0.0,21.21,21.21,0.0
2013-08-25,5.607,5.607,0.0,14.64,14.64,0.0,21.13,21.13,0.0
2013-08-26,5.539,5.539,0.0,14.03,14.03,0.0,20.44,20.44,0.0
2013-08-27,5.784,5.784,0.0,16.43,16.43,0.0,24.04,24.04,0.0
2013-08-28,7.604,7.604,0.0,25.21,25.21,0.0,35.43,35.43,0.0
2013-08-29,6.945,6.945,0.0,19.61,19.61,0.0,28.02,28.02,0.0
2013-08-30,6.996,6.996,0.0,19.42,19.42,0.0,27.82,27.82,0.0
2013-08-31,6.898,6.898,0.0,18.47,18.47,0.0,26.76,26.76,0.0
2013-09-01,6.177,6.177,0.0,17.94,17.94,0.0,25.17,25.17,0.0
2013-09-02,6.332,6.332,0.0,14.83,14.83,0.0,21.58,21.58,0.0
2013-09-03,5.575,5.575,0.0,14.8,14.8,0.0,21.41,21.41,0.0
2013-09-04,5.327,5.327,0.0,15.92,15.92,0.0,22.57,22.57,0.0
2013-09-05,5.521,5.521,0.0,15.76,15.76,0.0,22.53,22.53,0.0
2013-09-06,5.553,5.553,0.0,16.03,16.03,0.0,22.77,22.77,0.0
2013-09-07,5.495,5.495,0.0,15.99,15.99,0.0,22.62,22.62,0.0
2013-09-08,5.099,5.099,0.0,15.76,15.76,0.0,21.79,21.79,0.0
2013-09-09,5.103,5.103,0.0,14.93,14.93,0.0,20.99,20.99,0.0
2013-09-10,5.034,5.034,0.0,12.99,12.99,0.0,18.85,18.85,0.0
2013-09-11,4.755,4.755,0.0,12.57,12.57,0.0,18.28,18.28,0.0
2013-09-12,4.655,4.655,0.0,13.32,13.32,0.0,19.05,19.05,0.0
2013-09-13,4.453,4.453,0.0,13.3,13.3,0.0,18.72,18.72,0.0
2013-09-14,4.464,4.464,0.0,12.96,12.96,0.0,18.36,18.36,0.0
2013-09-15,4.455,4.455,0.0,13.06,13.06,0.0,18.48,18.48,0.0
2013-09-16,4.39,4.39,0.0,12.97,12.97,0.0,18.12,18.12,0.0
2013-09-17,4.21,4.21,0.0,12.67,12.67,0.0,17.69,17.69,0.0
2013-09-18,3.966,3.966,0.0,11.26,11.26,0.0,16.14,16.14,0.0
2013-09-19,3.845,3.845,0.0,10.3,10.3,0.0,14.79,14.79,0.0
2013-09-20,3.967,3.967,0.0,11.16,11.16,0.0,15.96,15.96,0.0
2013-09-21,4.355,4.355,0.0,12.17,12.17,0.0,17.6,17.6,0.0
2013-09-22,3.96,3.96,0.0,11.34,11.34,0.0,15.99,15.99,0.0
2013-09-23,3.824,3.824,0.0,10.95,10.95,0.0,15.49,15.49,0.0
2013-09-24,3.8,3.8,0.0,10.9,10.9,0.0,15.38,15.38,0.0
2013-09-25,3.755,3.755,0.0,10.8,10.8,0.0,15.2,15.2,0.0
2013-09-26,3.654,3.654,0.0,10.39,10.39,0.0,14.56,14.56,0.0
2013-09-27,3.52,3.52,0.0,9.73,9.73,0.0,13.85,13.85,0.0
2013-09-28,3.353,3.353,0.0,8.984,8.984,0.0,12.89,12.89,0.0
2013-09-29,3.333,3.333,0.0,9.351,9.351,0.0,13.2,13.2,0.0
2013-09-30,3.343,3.343,0.0,9.457,9.457,0.0,13.33,13.33,0.0
2013-10-01,3.318,3.318,0.0,9.415,9.415,0.0,13.26,13.26,0.0
2013-10-02,3.273,3.273,0.0,9.295,9.295,0.0,13.09,13.09,0.0
2013-10-03,3.146,3.146,0.0,8.909,8.909,0.0,12.6,12.6,0.0
2013-10-04,3.124,3.124,0.0,8.838,8.838,0.0,12.47,12.47,0.0
2013-10-05,3.029,3.029,0.0,8.711,8.711,0.0,12.19,12.19,0.0
2013-10-06,3.255,3.255,0.0,8.51,8.51,0.0,12.41,12.41,0.0
2013-10-07,3.328,3.328,0.0,8.682,8.682,0.0,12.6,12.6,0.0
2013-10-08,2.898,2.898,0.0,8.106,8.106,0.0,11.41,11.41,0.0
2013-10-09,2.987,2.987,0.0,8.361,8.361,0.0,11.79,11.79,0.0
2013-10-10,2.986,2.986,0.0,8.555,8.555,0.0,12.05,12.05,0.0
2013-10-11,2.963,2.963,0.0,8.524,8.524,0.0,11.95,11.95,0.0
2013-10-12,2.934,2.934,0.0,8.48,8.48,0.0,11.85,11.85,0.0
2013-10-13,2.92,2.92,0.0,8.507,8.507,0.0,11.85,11.85,0.0
2013-10-14,2.815,2.815,0.0,8.601,8.601,0.0,11.86,11.86,0.0
2013-10-15,2.712,2.712,0.0,8.4,8.4,0.0,11.44,11.44,0.0
2013-10-16,2.702,2.702,0.0,7.935,7.935,0.0,10.85,10.85,0.0
2013-10-17,2.863,2.863,0.0,8.367,8.367,0.0,11.6,11.6,0.0
2013-10-18,2.731,2.731,0.0,7.987,7.987,0.0,10.93,10.93,0.0
2013-10-19,2.705,2.705,0.0,8.09,8.09,0.0,11.14,11.14,0.0
2013-10-20,2.443,2.443,0.0,8.088,8.088,0.0,10.9,10.9,0.0
2013-10-21,2.497,2.497,0.0,7.293,7.293,0.0,10.11,10.11,0.0
2013-10-22,2.503,2.503,0.0,7.592,7.592,0.0,10.38,10.38,0.0
2013-10-23,2.626,2.626,0.0,8.35,8.35,0.0,11.45,11.45,0.0
2013-10-24,2.484,2.484,0.0,8.178,8.178,0.0,10.99,10.99,0.0
2013-10-25,2.321,2.321,0.0,8.075,8.075,0.0,10.74,10.74,0.0
2013-10-26,2.328,2.328,0.0,8.061,8.061,0.0,10.6,10.6,0.0
2013-10-27,2.311,2.311,0.0,7.624,7.624,0.0,10.13,10.13,0.0
2013-10-28,2.283,2.283,0.0,7.501,7.501,0.0,9.977,9.977,0.0
2013-10-29,2.211,2.211,0.0,7.028,7.028,0.0,9.485,9.485,0.0
2013-10-30,2.078,2.078,0.0,7.184,7.184,0.0,9.578,9.578,0.0
2013-10-31,2.275,2.275,0.0,7.639,7.639,0.0,10.32,10.32,0.0
2013-11-01,2.437,2.437,0.0,8.174,8.174,0.0,10.95,10.95,0.0
2013-11-02,2.446,2.446,0.0,8.297,8.297,0.0,10.99,10.99,0.0
2013-11-03,2.401,2.401,0.0,7.422,7.422,0.0,9.996,9.996,0.0
2013-11-04,2.377,2.377,0.0,7.715,7.715,0.0,10.26,10.26,0.0
2013-11-05,2.34,2.34,0.0,7.798,7.798,0.0,10.3,10.3,0.0
2013-11-06,2.189,2.189,0.0,7.795,7.795,0.0,10.11,10.11,0.0
2013-11-07,2.281,2.281,0.0,7.543,7.543,0.0,10.03,10.03,0.0
2013-11-08,2.2,2.2,0.0,7.571,7.571,0.0,9.853,9.853,0.0
2013-11-09,1.942,1.942,0.0,6.972,6.972,0.0,9.163,9.163,0.0
2013-11-10,1.963,1.963,0.0,7.148,7.148,0.0,9.353,9.353,0.0
2013-11-11,2.007,2.007,0.0,6.992,6.992,0.0,9.208,9.208,0.0
2013-11-12,2.01,2.01,0.0,6.488,6.488,0.0,8.69,8.69,0.0
2013-11-13,1.993,1.993,0.0,6.764,6.764,0.0,8.939,8.939,0.0
2013-11-14,1.966,1.966,0.0,6.878,6.878,0.0,9.019,9.019,0.0
2013-11-15,2.069,2.069,0.0,7.12,7.12,0.0,9.371,9.371,0.0
2013-11-16,1.969,1.969,0.0,7.018,7.018,0.0,9.146,9.146,0.0
2013-11-17,2.315,2.315,0.0,7.591,7.591,0.0,10.11,10.11,0.0
2013-11-18,2.302,2.302,0.0,7.419,7.419,0.0,9.798,9.798,0.0
2013-11-19,2.309,2.309,0.0,6.957,6.957,0.0,9.335,9.335,0.0
2013-11-20,2.286,2.286,0.0,6.869,6.869,0.0,9.112,9.112,0.0
2013-11-21,2.141,2.141,0.0,6.034,6.034,0.0,8.105,8.105,0.0
2013-11-22,2.461,2.461,0.0,7.646,7.646,0.0,10.29,10.29,0.0
2013-11-23,2.057,2.057,0.0,7.582,7.582,0.0,9.716,9.716,0.0
2013-11-24,2.171,2.171,0.0,7.701,7.701,0.0,9.881,9.881,0.0
2013-11-25,2.094,2.094,0.0,6.94,6.94,0.0,9.07,9.07,0.0
2013-11-26,2.693,2.693,0.0,8.69,8.69,0.0,12.08,12.08,0.0
2013-11-27,2.337,2.337,0.0,8.066,8.066,0.0,10.78,10.78,0.0
2013-11-28,2.237,2.237,0.0,7.708,7.708,0.0,10.15,10.15,0.0
2013-11-29,2.093,2.093,0.0,6.914,6.914,0.0,9.03,9.03,0.0
2013-11-30,2.064,2.064,0.0,6.709,6.709,0.0,8.658,8.658,0.0
2013-12-01,4.937,4.937,0.0,9.581,9.581,0.0,16.15,16.15,0.0
2013-12-02,8.892,8.892,0.0,17.76,17.76,0.0,26.24,26.24,0.0
2013-12-03,10.11,10.11,0.0,20.78,20.78,0.0,26.99,26.99,0.0
2013-12-04,3.532,3.532,0.0,11.16,11.16,0.0,14.45,14.45,0.0
2013-12-05,5.416,5.416,0.0,11.28,11.28,0.0,16.34,16.34,0.0
2013-12-06,12.35,12.35,0.0,58.86,58.86,0.0,72.46,72.46,0.0
2013-12-07,10.28,10.28,0.0,20.86,20.86,0.0,30.72,30.72,0.0
2013-12-08,10.85,10.85,0.0,18.53,18.53,0.0,29.17,29.17,0.0
2013-12-09,12.27,12.27,0.0,20.35,20.35,0.0,31.54,31.54,0.0
2013-12-10,11.07,11.07,0.0,18.16,18.16,0.0,28.64,28.64,0.0
2013-12-11,10.74,10.74,0.0,17.49,17.49,0.0,27.55,27.55,0.0
2013-12-12,10.52,10.52,0.0,17.15,17.15,0.0,26.97,26.97,0.0
2013-12-13,7.747,7.747,0.0,12.33,12.33,0.0,20.07,20.07,0.0
2013-12-14,7.597,7.597,0.0,11.3,11.3,0.0,18.27,18.27,0.0
2013-12-15,7.783,7.783,0.0,13.19,13.19,0.0,20.75,20.75,0.0
2013-12-16,8.435,8.435,0.0,14.12,14.12,0.0,22.15,22.15,0.0
2013-12-17,9.432,9.432,0.0,15.95,15.95,0.0,25.79,25.79,0.0
2013-12-18,8.631,8.631,0.0,15.17,15.17,0.0,24.12,24.12,0.0
2013-12-19,23.11,23.11,0.0,40.78,40.78,0.0,61.64,61.64,0.0
2013-12-20,10.23,10.23,0.0,41.9,41.9,0.0,52.09,52.09,0.0
2013-12-21,10.82,10.82,0.0,21.52,21.52,0.0,32.79,32.79,0.0
2013-12-22,18.25,18.25,0.0,27.42,27.42,0.0,42.8,42.8,0.0
2013-12-23,14.46,14.46,0.0,24.33,24.33,0.0,38.29,38.29,0.0
2013-12-24,14.64,14.64,0.0,23.6,23.6,0.0,37.56,37.56,0.0
2013-12-25,14.59,14.59,0.0,22.3,22.3,0.0,36.02,36.02,0.0
2013-12-26,14.35,14.35,0.0,20.58,20.58,0.0,33.23,33.23,0.0
2013-12-27,9.564,9.564,0.0,15.64,15.64,0.0,24.71,24.71,0.0
2013-12-28,18.47,18.47,0.0,24.3,24.3,0.0,39.82,39.82,0.0
2013-12-29,22.01,22.01,0.0,37.68,37.68,0.0,60.01,60.01,0.0
2013-12-30,13.53,13.53,0.0,26.03,26.03,0.0,40.15,40.15,0.0
2013-12-31,13.45,13.45,0.0,22.46,22.46,0.0,35.74,35.74,0.0
2014-01-01,16.12,16.12,0.0,22.97,22.97,0.0,37.44,37.44,0.0
2014-01-02,13.52,13.52,0.0,22.36,22.36,0.0,35.74,35.74,0.0
2014-01-03,12.13,12.13,0.0,21.63,21.63,0.0,33.95,33.95,0.0
2014-01-04,10.33,10.33,0.0,20.96,20.96,0.0,30.73,30.73,0.0
2014-01-05,12.23,12.23,0.0,17.4,17.4,0.0,30.22,30.22,0.0
2014-01-06,10.8,10.8,0.0,16.72,16.72,0.0,27.58,27.58,0.0
2014-01-07,11.05,11.05,0.0,17.29,17.29,0.0,28.13,28.13,0.0
2014-01-08,11.13,11.13,0.0,17.5,17.5,0.0,28.39,28.39,0.0
2014-01-09,11.09,11.09,0.0,17.54,17.54,0.0,28.44,28.44,0.0
2014-01-10,17.17,17.17,0.0,26.0,26.0,0.0,40.35,40.35,0.0
2014-01-11,14.05,14.05,0.0,27.5,27.5,0.0,41.2,41.2,0.0
2014-01-12,10.87,10.87,0.0,18.32,18.32,0.0,28.53,28.53,0.0
2014-01-13,10.08,10.08,0.0,17.51,17.51,0.0,26.85,26.85,0.0
2014-01-14,11.09,11.09,0.0,17.2,17.2,0.0,27.61,27.61,0.0
2014-01-15,10.65,10.65,0.0,16.24,16.24,0.0,26.23,26.23,0.0
2014-01-16,9.475,9.475,0.0,15.09,15.09,0.0,24.62,24.62,0.0
2014-01-17,10.43,10.43,0.0,16.32,16.32,0.0,26.48,26.48,0.0
2014-01-18,10.18,10.18,0.0,16.0,16.0,0.0,25.9,25.9,0.0
2014-01-19,10.07,10.07,0.0,16.08,16.08,0.0,25.82,25.82,0.0
2014-01-20,12.41,12.41,0.0,17.58,17.58,0.0,28.66,28.66,0.0
2014-01-21,9.377,9.377,0.0,15.82,15.82,0.0,24.9,24.9,0.0
2014-01-22,9.34,9.34,0.0,15.34,15.34,0.0,24.22,24.22,0.0
2014-01-23,9.145,9.145,0.0,13.73,13.73,0.0,22.21,22.21,0.0
2014-01-24,9.031,9.031,0.0,12.95,12.95,0.0,21.13,21.13,0.0
2014-01-25,7.804,7.804,0.0,12.08,12.08,0.0,19.94,19.94,0.0
2014-01-26,8.153,8.153,0.0,12.32,12.32,0.0,20.25,20.25,0.0
2014-01-27,8.262,8.262,0.0,12.45,12.45,0.0,20.54,20.54,0.0
2014-01-28,8.224,8.224,0.0,12.04,12.04,0.0,19.85,19.85,0.0
2014-01-29,8.108,8.108,0.0,11.35,11.35,0.0,18.8,18.8,0.0
2014-01-30,7.527,7.527,0.0,11.07,11.07,0.0,18.23,18.23,0.0
2014-01-31,7.586,7.586,0.0,10.66,10.66,0.0,17.61,17.61,0.0
2014-02-01,11.78,11.78,0.0,33.35,33.35,0.0,42.89,42.89,0.0
2014-02-02,19.27,19.27,0.0,39.96,39.96,0.0,59.07,59.07,0.0
2014-02-03,11.81,11.81,0.0,17.99,17.99,0.0,28.89,28.89,0.0
2014-02-04,8.053,8.053,0.0,13.01,13.01,0.0,21.0,21.0,0.0
2014-02-05,14.62,14.62,0.0,39.2,39.2,0.0,57.38,57.38,0.0
2014-02-06,8.297,8.297,0.0,14.74,14.74,0.0,22.95,22.95,0.0
2014-02-07,7.634,7.634,0.0,12.98,12.98,0.0,20.39,20.39,0.0
2014-02-08,7.849,7.849,0.0,11.6,11.6,0.0,19.07,19.07,0.0
2014-02-09,7.682,7.682,0.0,12.46,12.46,0.0,19.99,19.99,0.0
2014-02-10,7.662,7.662,0.0,12.08,12.08,0.0,19.08,19.08,0.0
2014-02-11,6.999,6.999,0.0,11.96,11.96,0.0,18.69,18.69,0.0
2014-02-12,7.433,7.433,0.0,10.4,10.4,0.0,17.37,17.37,0.0
2014-02-13,7.22,7.22,0.0,10.73,10.73,0.0,17.61,17.61,0.0
2014-02-14,10.08,10.08,0.0,13.28,13.28,0.0,23.73,23.73,0.0
2014-02-15,7.095,7.095,0.0,10.99,10.99,0.0,17.85,17.85,0.0
2014-02-16,6.71,6.71,0.0,10.89,10.89,0.0,17.37,17.37,0.0
2014-02-17,6.803,6.803,0.0,10.73,10.73,0.0,17.16,17.16,0.0
2014-02-18,13.25,13.25,0.0,17.67,17.67,0.0,31.92,31.92,0.0
2014-02-19,15.84,15.84,0.0,80.64,80.64,0.0,101.4,101.4,0.0
2014-02-20,9.015,9.015,0.0,79.08,79.08,0.0,88.42,88.42,0.0
2014-02-21,14.92,14.92,0.0,46.82,46.82,0.0,60.64,60.64,0.0
2014-02-22,14.19,14.19,0.0,22.51,22.51,0.0,36.14,36.14,0.0
2014-02-23,14.96,14.96,0.0,25.62,25.62,0.0,40.23,40.23,0.0
2014-02-24,14.89,14.89,0.0,23.5,23.5,0.0,37.99,37.99,0.0
2014-02-25,14.66,14.66,0.0,23.59,23.59,0.0,37.94,37.94,0.0
2014-02-26,11.95,11.95,0.0,23.06,23.06,0.0,35.78,35.78,0.0
2014-02-27,11.71,11.71,0.0,20.49,20.49,0.0,30.38,30.38,0.0
2014-02-28,10.31,10.31,0.0,16.14,16.14,0.0,26.14,26.14,0.0
2014-03-01,11.19,11.19,0.0,15.11,15.11,0.0,25.95,25.95,0.0
2014-03-02,18.04,18.04,0.0,26.22,26.22,0.0,43.89,43.89,0.0
2014-03-03,12.68,12.68,0.0,19.35,19.35,0.0,32.08,32.08,0.0
2014-03-04,12.41,12.41,0.0,18.74,18.74,0.0,30.66,30.66,0.0
2014-03-05,12.26,12.26,0.0,18.61,18.61,0.0,30.32,30.32,0.0
2014-03-06,11.92,11.92,0.0,18.31,18.31,0.0,29.72,29.72,0.0
2014-03-07,12.35,12.35,0.0,23.75,23.75,0.0,36.26,36.26,0.0
2014-03-08,10.33,10.33,0.0,17.7,17.7,0.0,27.57,27.57,0.0
2014-03-09,10.71,10.71,0.0,18.0,18.0,0.0,28.39,28.39,0.0
2014-03-10,11.53,11.53,0.0,18.54,18.54,0.0,29.26,29.26,0.0
2014-03-11,13.28,13.28,0.0,20.65,20.65,0.0,33.03,33.03,0.0
2014-03-12,15.61,15.61,0.0,25.74,25.74,0.0,40.53,40.53,0.0
2014-03-13,15.94,15.94,0.0,24.85,24.85,0.0,39.92,39.92,0.0
2014-03-14,16.08,16.08,0.0,23.53,23.53,0.0,38.72,38.72,0.0
2014-03-15,15.98,15.98,0.0,21.78,21.78,0.0,36.85,36.85,0.0
2014-03-16,17.48,17.48,0.0,25.87,25.87,0.0,42.45,42.45,0.0
2014-03-17,16.48,16.48,0.0,25.78,25.78,0.0,41.51,41.51,0.0
2014-03-18,13.62,13.62,0.0,25.27,25.27,0.0,38.37,38.37,0.0
2014-03-19,17.08,17.08,0.0,29.67,29.67,0.0,45.01,45.01,0.0
2014-03-20,13.56,13.56,0.0,24.7,24.7,0.0,37.32,37.32,0.0
2014-03-21,14.86,14.86,0.0,25.72,25.72,0.0,39.47,39.47,0.0
2014-03-22,15.44,15.44,0.0,27.05,27.05,0.0,41.4,41.4,0.0
2014-03-23,15.55,15.55,0.0,25.56,25.56,0.0,40.06,40.06,0.0
2014-03-24,15.43,15.43,0.0,26.15,26.15,0.0,40.54,40.54,0.0
2014-03-25,15.28,15.28,0.0,23.95,23.95,0.0,38.34,38.34,0.0
2014-03-26,13.89,13.89,0.0,24.68,24.68,0.0,37.42,37.42,0.0
2014-03-27,13.58,13.58,0.0,24.69,24.69,0.0,37.51,37.51,0.0
2014-03-28,13.47,13.47,0.0,22.92,22.92,0.0,35.85,35.85,0.0
2014-03-29,19.16,19.16,0.0,32.43,32.43,0.0,49.23,49.23,0.0
2014-03-30,17.02,17.02,0.0,27.89,27.89,0.0,43.85,43.85,0.0
2014-03-31,15.23,15.23,0.0,27.18,27.18,0.0,40.79,40.79,0.0
2014-04-01,14.78,14.78,0.0,26.39,26.39,0.0,40.12,40.12,0.0
2014-04-02,15.31,15.31,0.0,27.21,27.21,0.0,41.45,41.45,0.0
2014-04-03,15.85,15.85,0.0,27.71,27.71,0.0,42.33,42.33,0.0
2014-04-04,15.87,15.87,0.0,26.32,26.32,0.0,41.11,41.11,0.0
2014-04-05,15.51,15.51,0.0,26.47,26.47,0.0,40.16,40.16,0.0
2014-04-06,13.6,13.6,0.0,23.52,23.52,0.0,36.66,36.66,0.0
2014-04-07,15.17,15.17,0.0,24.18,24.18,0.0,38.41,38.41,0.0
2014-04-08,14.79,14.79,0.0,23.94,23.94,0.0,37.89,37.89,0.0
2014-04-09,14.9,14.9,0.0,24.82,24.82,0.0,38.75,38.75,0.0
2014-04-10,13.95,13.95,0.0,24.47,24.47,0.0,36.92,36.92,0.0
2014-04-11,13.65,13.65,0.0,24.75,24.75,0.0,37.4,37.4,0.0
2014-04-12,13.91,13.91,0.0,24.63,24.63,0.0,37.46,37.46,0.0
2014-04-13,13.91,13.91,0.0,23.04,23.04,0.0,35.86,35.86,0.0
2014-04-14,15.75,15.75,0.0,24.54,24.54,0.0,38.96,38.96,0.0
2014-04-15,16.44,16.44,0.0,25.72,25.72,0.0,40.74,40.74,0.0
2014-04-16,15.27,15.27,0.0,22.45,22.45,0.0,36.63,36.63,0.0
2014-04-17,13.08,13.08,0.0,23.33,23.33,0.0,35.59,35.59,0.0
2014-04-18,13.27,13.27,0.0,21.69,21.69,0.0,34.15,34.15,0.0
2014-04-19,13.65,13.65,0.0,22.47,22.47,0.0,35.18,35.18,0.0
2014-04-20,12.99,12.99,0.0,22.1,22.1,0.0,33.95,33.95,0.0
2014-04-21,12.64,12.64,0.0,22.31,22.31,0.0,33.83,33.83,0.0
2014-04-22,12.97,12.97,0.0,21.53,21.53,0.0,33.54,33.54,0.0
2014-04-23,12.88,12.88,0.0,21.59,21.59,0.0,33.47,33.47,0.0
2014-04-24,12.73,12.73,0.0,21.58,21.58,0.0,33.34,33.34,0.0
2014-04-25,14.47,14.47,0.0,23.69,23.69,0.0,37.55,37.55,0.0
2014-04-26,13.9,13.9,0.0,23.4,23.4,0.0,36.58,36.58,0.0
2014-04-27,13.72,13.72,0.0,22.45,22.45,0.0,35.37,35.37,0.0
2014-04-28,15.27,15.27,0.0,21.97,21.97,0.0,36.22,36.22,0.0
2014-04-29,19.01,19.01,0.0,25.92,25.92,0.0,43.0,43.0,0.0
2014-04-30,17.9,17.9,0.0,26.29,26.29,0.0,42.85,42.85,0.0
2014-05-01,14.39,14.39,0.0,24.0,24.0,0.0,38.45,38.45,0.0
2014-05-02,13.43,13.43,0.0,23.33,23.33,0.0,36.16,36.16,0.0
2014-05-03,12.66,12.66,0.0,22.95,22.95,0.0,34.5,34.5,0.0
2014-05-04,13.52,13.52,0.0,21.98,21.98,0.0,34.5,34.5,0.0
2014-05-05,14.1,14.1,0.0,22.96,22.96,0.0,36.26,36.26,0.0
2014-05-06,14.09,14.09,0.0,23.03,23.03,0.0,36.32,36.32,0.0
2014-05-07,13.99,13.99,0.0,22.33,22.33,0.0,35.58,35.58,0.0
2014-05-08,13.73,13.73,0.0,20.57,20.57,0.0,33.57,33.57,0.0
2014-05-09,13.54,13.54,0.0,21.39,21.39,0.0,34.3,34.3,0.0
2014-05-10,13.95,13.95,0.0,22.07,22.07,0.0,35.26,35.26,0.0
2014-05-11,11.69,11.69,0.0,20.2,20.2,0.0,31.51,31.51,0.0
2014-05-12,12.76,12.76,0.0,20.47,20.47,0.0,31.96,31.96,0.0
2014-05-13,13.45,13.45,0.0,21.84,21.84,0.0,34.88,34.88,0.0
2014-05-14,14.22,14.22,0.0,24.78,24.78,0.0,39.13,39.13,0.0
2014-05-15,37.04,37.04,0.0,48.0,48.0,0.0,82.0,82.0,0.0
2014-05-16,23.28,23.28,0.0,36.87,36.87,0.0,60.03,60.03,0.0
2014-05-17,20.29,20.29,0.0,32.85,32.85,0.0,52.92,52.92,0.0
2014-05-18,20.0,20.0,0.0,32.32,32.32,0.0,51.86,51.86,0.0
2014-05-19,18.64,18.64,0.0,31.88,31.88,0.0,49.95,49.95,0.0
2014-05-20,18.57,18.57,0.0,27.85,27.85,0.0,45.82,45.82,0.0
2014-05-21,15.56,15.56,0.0,25.82,25.82,0.0,41.19,41.19,0.0
2014-05-22,15.95,15.95,0.0,23.65,23.65,0.0,38.6,38.6,0.0
2014-05-23,15.45,15.45,0.0,25.69,25.69,0.0,40.74,40.74,0.0
2014-05-24,16.01,16.01,0.0,26.69,26.69,0.0,42.18,42.18,0.0
2014-05-25,16.15,16.15,0.0,26.93,26.93,0.0,42.52,42.52,0.0
2014-05-26,15.59,15.59,0.0,27.26,27.26,0.0,42.77,42.77,0.0
2014-05-27,15.62,15.62,0.0,27.24,27.24,0.0,42.34,42.34,0.0
2014-05-28,15.43,15.43,0.0,25.56,25.56,0.0,40.51,40.51,0.0
2014-05-29,15.88,15.88,0.0,27.37,27.37,0.0,43.3,43.3,0.0
2014-05-30,14.53,14.53,0.0,27.01,27.01,0.0,41.76,41.76,0.0
2014-05-31,14.05,14.05,0.0,23.88,23.88,0.0,37.5,37.5,0.0
2014-06-01,13.22,13.22,0.0,22.7,22.7,0.0,35.48,35.48,0.0
2014-06-02,13.66,13.66,0.0,23.08,23.08,0.0,36.32,36.32,0.0
2014-06-03,13.92,13.92,0.0,24.48,24.48,0.0,38.28,38.28,0.0
2014-06-04,14.24,14.24,0.0,25.66,25.66,0.0,39.92,39.92,0.0
2014-06-05,13.35,13.35,0.0,25.26,25.26,0.0,38.39,38.39,0.0
2014-06-06,13.37,13.37,0.0,23.9,23.9,0.0,37.03,37.03,0.0
2014-06-07,13.24,13.24,0.0,23.98,23.98,0.0,36.98,36.98,0.0
2014-06-08,12.91,12.91,0.0,25.11,25.11,0.0,38.68,38.68,0.0
2014-06-09,11.94,11.94,0.0,23.41,23.41,0.0,35.81,35.81,0.0
2014-06-10,11.89,11.89,0.0,21.09,21.09,0.0,32.88,32.88,0.0
2014-06-11,11.6,11.6,0.0,21.03,21.03,0.0,32.34,32.34,0.0
2014-06-12,11.79,11.79,0.0,21.99,21.99,0.0,33.82,33.82,0.0
2014-06-13,11.68,11.68,0.0,21.24,21.24,0.0,32.92,32.92,0.0
2014-06-14,11.16,11.16,0.0,21.35,21.35,0.0,32.68,32.68,0.0
2014-06-15,11.12,11.12,0.0,20.44,20.44,0.0,31.44,31.44,0.0
2014-06-16,10.98,10.98,0.0,20.5,20.5,0.0,31.42,31.42,0.0
2014-06-17,10.47,10.47,0.0,20.32,20.32,0.0,30.91,30.91,0.0
2014-06-18,10.01,10.01,0.0,18.63,18.63,0.0,28.66,28.66,0.0
2014-06-19,9.688,9.688,0.0,18.21,18.21,0.0,28.03,28.03,0.0
2014-06-20,9.718,9.718,0.0,18.33,18.33,0.0,28.01,28.01,0.0
2014-06-21,9.857,9.857,0.0,18.79,18.79,0.0,28.83,28.83,0.0
2014-06-22,9.609,9.609,0.0,17.75,17.75,0.0,27.29,27.29,0.0
2014-06-23,9.25,9.25,0.0,17.74,17.74,0.0,26.89,26.89,0.0
2014-06-24,9.181,9.181,0.0,17.56,17.56,0.0,26.64,26.64,0.0
2014-06-25,9.072,9.072,0.0,16.8,16.8,0.0,25.79,25.79,0.0
2014-06-26,8.696,8.696,0.0,16.67,16.67,0.0,25.38,25.38,0.0
2014-06-27,8.283,8.283,0.0,15.74,15.74,0.0,23.91,23.91,0.0
2014-06-28,8.048,8.048,0.0,14.91,14.91,0.0,22.89,22.89,0.0
2014-06-29,8.145,8.145,0.0,15.24,15.24,0.0,23.34,23.34,0.0
2014-06-30,8.112,8.112,0.0,15.23,15.23,0.0,23.3,23.3,0.0
2014-07-01,7.797,7.797,0.0,14.66,14.66,0.0,22.4,22.4,0.0
2014-07-02,7.875,7.875,0.0,15.0,15.0,0.0,23.0,23.0,0.0
2014-07-03,7.87,7.87,0.0,14.07,14.07,0.0,24.77,24.77,0.0
2014-07-04,7.654,7.654,0.0,13.98,13.98,0.0,22.51,22.51,0.0
2014-07-05,7.376,7.376,0.0,13.32,13.32,0.0,21.55,21.55,0.0
2014-07-06,6.894,6.894,0.0,13.09,13.09,0.0,20.87,20.87,0.0
2014-07-07,6.842,6.842,0.0,12.74,12.74,0.0,20.26,20.26,0.0
2014-07-08,6.977,6.977,0.0,12.84,12.84,0.0,20.67,20.67,0.0
2014-07-09,6.764,6.764,0.0,12.21,12.21,0.0,19.15,19.15,0.0
2014-07-10,6.58,6.58,0.0,12.15,12.15,0.0,19.11,19.11,0.0
2014-07-11,6.505,6.505,0.0,12.0,12.0,0.0,18.95,18.95,0.0
2014-07-12,6.389,6.389,0.0,11.58,11.58,0.0,18.45,18.45,0.0
2014-07-13,6.439,6.439,0.0,11.91,11.91,0.0,19.07,19.07,0.0
2014-07-14,6.059,6.059,0.0,11.02,11.02,0.0,17.75,17.75,0.0
2014-07-15,5.97,5.97,0.0,10.82,10.82,0.0,17.2,17.2,0.0
2014-07-16,5.616,5.616,0.0,10.63,10.63,0.0,16.77,16.77,0.0
2014-07-17,5.491,5.491,0.0,10.33,10.33,0.0,16.12,16.12,0.0
2014-07-18,5.563,5.563,0.0,10.3,10.3,0.0,16.31,16.31,0.0
2014-07-19,5.496,5.496,0.0,10.18,10.18,0.0,16.11,16.11,0.0
2014-07-20,5.381,5.381,0.0,9.94,9.94,0.0,15.72,15.72,0.0
2014-07-21,5.293,5.293,0.0,9.614,9.614,0.0,15.31,15.31,0.0
2014-07-22,5.152,5.152,0.0,9.499,9.499,0.0,15.07,15.07,0.0
2014-07-23,5.074,5.074,0.0,9.197,9.197,0.0,14.77,14.77,0.0
2014-07-24,5.191,5.191,0.0,9.324,9.324,0.0,14.9,14.9,0.0
2014-07-25,4.968,4.968,0.0,8.895,8.895,0.0,14.09,14.09,0.0
2014-07-26,5.207,5.207,0.0,9.959,9.959,0.0,16.09,16.09,0.0
2014-07-27,5.165,5.165,0.0,10.13,10.13,0.0,16.44,16.44,0.0
2014-07-28,5.035,5.035,0.0,9.599,9.599,0.0,15.5,15.5,0.0
2014-07-29,4.81,4.81,0.0,9.088,9.088,0.0,14.49,14.49,0.0
2014-07-30,4.746,4.746,0.0,9.0,9.0,0.0,14.31,14.31,0.0
2014-07-31,4.67,4.67,0.0,8.871,8.871,0.0,13.78,13.78,0.0
2014-08-01,4.587,4.587,0.0,8.437,8.437,0.0,13.37,13.37,0.0
2014-08-02,4.434,4.434,0.0,8.495,8.495,0.0,13.43,13.43,0.0
2014-08-03,4.365,4.365,0.0,8.238,8.238,0.0,12.95,12.95,0.0
2014-08-04,4.307,4.307,0.0,7.755,7.755,0.0,12.44,12.44,0.0
2014-08-05,4.237,4.237,0.0,7.801,7.801,0.0,12.42,12.42,0.0
2014-08-06,4.02,4.02,0.0,7.987,7.987,0.0,12.62,12.62,0.0
2014-08-07,3.93,3.93,0.0,7.499,7.499,0.0,11.88,11.88,0.0
2014-08-08,3.927,3.927,0.0,7.441,7.441,0.0,11.61,11.61,0.0
2014-08-09,3.889,3.889,0.0,7.343,7.343,0.0,11.52,11.52,0.0
2014-08-10,3.833,3.833,0.0,7.116,7.116,0.0,11.25,11.25,0.0
2014-08-11,4.21,4.21,0.0,7.948,7.948,0.0,12.88,12.88,0.0
2014-08-12,4.035,4.035,0.0,7.631,7.631,0.0,12.35,12.35,0.0
2014-08-13,3.834,3.834,0.0,7.216,7.216,0.0,11.48,11.48,0.0
2014-08-14,3.678,3.678,0.0,6.907,6.907,0.0,10.89,10.89,0.0
2014-08-15,3.619,3.619,0.0,6.751,6.751,0.0,10.68,10.68,0.0
2014-08-16,3.41,3.41,0.0,6.687,6.687,0.0,10.48,10.48,0.0
2014-08-17,3.381,3.381,0.0,6.746,6.746,0.0,10.59,10.59,0.0
2014-08-18,3.434,3.434,0.0,6.61,6.61,0.0,10.39,10.39,0.0
2014-08-19,3.399,3.399,0.0,6.503,6.503,0.0,10.23,10.23,0.0
2014-08-20,3.366,3.366,0.0,6.397,6.397,0.0,10.14,10.14,0.0
2014-08-21,3.271,3.271,0.0,6.148,6.148,0.0,9.736,9.736,0.0
2014-08-22,3.283,3.283,0.0,6.479,6.479,0.0,10.22,10.22,0.0
2014-08-23,3.167,3.167,0.0,6.104,6.104,0.0,9.495,9.495,0.0
2014-08-24,3.11,3.11,0.0,6.052,6.052,0.0,9.414,9.414,0.0
2014-08-25,3.066,3.066,0.0,5.907,5.907,0.0,9.231,9.231,0.0
2014-08-26,2.885,2.885,0.0,5.843,5.843,0.0,9.057,9.057,0.0
2014-08-27,2.813,2.813,0.0,5.5,5.5,0.0,8.651,8.651,0.0
2014-08-28,2.83,2.83,0.0,5.385,5.385,0.0,8.407,8.407,0.0
2014-08-29,2.813,2.813,0.0,5.399,5.399,0.0,8.431,8.431,0.0
2014-08-30,2.778,2.778,0.0,5.268,5.268,0.0,8.279,8.279,0.0
2014-08-31,2.909,2.909,0.0,5.567,5.567,0.0,8.93,8.93,0.0
2014-09-01,2.815,2.815,0.0,5.477,5.477,0.0,8.709,8.709,0.0
2014-09-02,2.765,2.765,0.0,5.435,5.435,0.0,8.581,8.581,0.0
2014-09-03,2.611,2.611,0.0,4.996,4.996,0.0,7.837,7.837,0.0
2014-09-04,2.757,2.757,0.0,5.541,5.541,0.0,8.8,8.8,0.0
2014-09-05,2.549,2.549,0.0,5.016,5.016,0.0,7.821,7.821,0.0
2014-09-06,2.568,2.568,0.0,5.423,5.423,0.0,8.523,8.523,0.0
2014-09-07,2.344,2.344,0.0,4.697,4.697,0.0,7.365,7.365,0.0
2014-09-08,2.376,2.376,0.0,4.552,4.552,0.0,7.116,7.116,0.0
2014-09-09,2.363,2.363,0.0,4.607,4.607,0.0,7.18,7.18,0.0
2014-09-10,2.336,2.336,0.0,4.513,4.513,0.0,7.069,7.069,0.0
2014-09-11,2.342,2.342,0.0,4.611,4.611,0.0,7.231,7.231,0.0
2014-09-12,2.206,2.206,0.0,4.454,4.454,0.0,6.859,6.859,0.0
2014-09-13,2.249,2.249,0.0,4.461,4.461,0.0,6.99,6.99,0.0
2014-09-14,2.168,2.168,0.0,4.277,4.277,0.0,6.656,6.656,0.0
2014-09-15,2.168,2.168,0.0,4.305,4.305,0.0,6.726,6.726,0.0
2014-09-16,1.995,1.995,0.0,4.002,4.002,0.0,6.263,6.263,0.0
2014-09-17,1.943,1.943,0.0,3.956,3.956,0.0,6.17,6.17,0.0
2014-09-18,1.961,1.961,0.0,3.822,3.822,0.0,5.939,5.939,0.0
2014-09-19,1.953,1.953,0.0,3.827,3.827,0.0,5.955,5.955,0.0
2014-09-20,1.93,1.93,0.0,3.792,3.792,0.0,5.907,5.907,0.0
2014-09-21,1.986,1.986,0.0,3.898,3.898,0.0,6.184,6.184,0.0
2014-09-22,1.847,1.847,0.0,3.638,3.638,0.0,5.665,5.665,0.0
2014-09-23,1.792,1.792,0.0,3.442,3.442,0.0,5.406,5.406,0.0
2014-09-24,1.775,1.775,0.0,3.455,3.455,0.0,5.407,5.407,0.0
2014-09-25,1.75,1.75,0.0,3.428,3.428,0.0,5.357,5.357,0.0
2014-09-26,1.634,1.634,0.0,3.381,3.381,0.0,5.239,5.239,0.0
2014-09-27,1.591,1.591,0.0,3.287,3.287,0.0,5.107,5.107,0.0
2014-09-28,1.606,1.606,0.0,3.142,3.142,0.0,4.88,4.88,0.0
2014-09-29,1.599,1.599,0.0,3.135,3.135,0.0,4.883,4.883,0.0
2014-09-30,1.672,1.672,0.0,3.292,3.292,0.0,5.241,5.241,0.0
2014-10-01,1.541,1.541,0.0,2.986,2.986,0.0,4.696,4.696,0.0
2014-10-02,1.498,1.498,0.0,2.942,2.942,0.0,4.579,4.579,0.0
2014-10-03,1.508,1.508,0.0,2.954,2.954,0.0,4.64,4.64,0.0
2014-10-04,1.491,1.491,0.0,2.94,2.94,0.0,4.619,4.619,0.0
2014-10-05,1.441,1.441,0.0,2.831,2.831,0.0,4.425,4.425,0.0
2014-10-06,1.666,1.666,0.0,3.551,3.551,0.0,5.713,5.713,0.0
2014-10-07,1.589,1.589,0.0,3.287,3.287,0.0,5.23,5.23,0.0
2014-10-08,1.44,1.44,0.0,2.848,2.848,0.0,4.366,4.366,0.0
2014-10-09,1.447,1.447,0.0,2.755,2.755,0.0,4.317,4.317,0.0
2014-10-10,1.832,1.832,0.0,3.755,3.755,0.0,6.127,6.127,0.0
2014-10-11,1.576,1.576,0.0,3.39,3.39,0.0,5.228,5.228,0.0
2014-10-12,1.53,1.53,0.0,3.391,3.391,0.0,5.077,5.077,0.0
2014-10-13,1.593,1.593,0.0,3.578,3.578,0.0,5.348,5.348,0.0
2014-10-14,3.085,3.085,0.0,6.883,6.883,0.0,10.46,10.46,0.0
2014-10-15,2.494,2.494,0.0,7.261,7.261,0.0,10.29,10.29,0.0
2014-10-16,2.484,2.484,0.0,7.28,7.28,0.0,10.23,10.23,0.0
2014-10-17,2.312,2.312,0.0,6.974,6.974,0.0,9.541,9.541,0.0
2014-10-18,2.276,2.276,0.0,7.357,7.357,0.0,10.01,10.01,0.0
2014-10-19,2.245,2.245,0.0,7.253,7.253,0.0,9.778,9.778,0.0
2014-10-20,2.244,2.244,0.0,7.209,7.209,0.0,9.726,9.726,0.0
2014-10-21,2.457,2.457,0.0,8.127,8.127,0.0,11.18,11.18,0.0
2014-10-22,2.295,2.295,0.0,7.965,7.965,0.0,10.73,10.73,0.0
2014-10-23,2.122,2.122,0.0,7.835,7.835,0.0,10.44,10.44,0.0
2014-10-24,1.974,1.974,0.0,5.765,5.765,0.0,8.072,8.072,0.0
2014-10-25,2.033,2.033,0.0,6.571,6.571,0.0,8.982,8.982,0.0
2014-10-26,2.045,2.045,0.0,6.125,6.125,0.0,8.419,8.419,0.0
2014-10-27,2.031,2.031,0.0,6.217,6.217,0.0,8.571,8.571,0.0
2014-10-28,2.097,2.097,0.0,6.874,6.874,0.0,9.457,9.457,0.0
2014-10-29,1.983,1.983,0.0,7.212,7.212,0.0,9.791,9.791,0.0
2014-10-30,1.894,1.894,0.0,7.009,7.009,0.0,9.362,9.362,0.0
2014-10-31,2.114,2.114,0.0,7.552,7.552,0.0,10.28,10.28,0.0
2014-11-01,2.145,2.145,0.0,7.615,7.615,0.0,10.38,10.38,0.0
2014-11-02,2.094,2.094,0.0,7.458,7.458,0.0,10.11,10.11,0.0
2014-11-03,2.072,2.072,0.0,7.448,7.448,0.0,10.08,10.08,0.0
2014-11-04,1.811,1.811,0.0,5.806,5.806,0.0,8.293,8.293,0.0
2014-11-05,2.055,2.055,0.0,6.561,6.561,0.0,9.396,9.396,0.0
2014-11-06,2.49,2.49,0.0,8.257,8.257,0.0,11.69,11.69,0.0
2014-11-07,2.408,2.408,0.0,8.516,8.516,0.0,11.65,11.65,0.0
2014-11-08,2.391,2.391,0.0,8.644,8.644,0.0,11.72,11.72,0.0
2014-11-09,2.367,2.367,0.0,8.335,8.335,0.0,10.94,10.94,0.0
2014-11-10,2.327,2.327,0.0,7.794,7.794,0.0,10.44,10.44,0.0
2014-11-11,2.137,2.137,0.0,7.741,7.741,0.0,10.42,10.42,0.0
2014-11-12,2.156,2.156,0.0,7.938,7.938,0.0,10.67,10.67,0.0
2014-11-13,1.963,1.963,0.0,6.749,6.749,0.0,9.451,9.451,0.0
2014-11-14,1.876,1.876,0.0,6.909,6.909,0.0,9.57,9.57,0.0
2014-11-15,1.937,1.937,0.0,6.867,6.867,0.0,9.48,9.48,0.0
2014-11-16,2.176,2.176,0.0,7.796,7.796,0.0,10.8,10.8,0.0
2014-11-17,2.862,2.862,0.0,9.497,9.497,0.0,13.07,13.07,0.0
2014-11-18,2.973,2.973,0.0,8.901,8.901,0.0,12.46,12.46,0.0
2014-11-19,2.984,2.984,0.0,8.811,8.811,0.0,12.3,12.3,0.0
2014-11-20,2.965,2.965,0.0,8.378,8.378,0.0,11.83,11.83,0.0
2014-11-21,2.916,2.916,0.0,7.789,7.789,0.0,10.72,10.72,0.0
2014-11-22,2.853,2.853,0.0,8.144,8.144,0.0,11.1,11.1,0.0
2014-11-23,3.358,3.358,0.0,8.89,8.89,0.0,12.59,12.59,0.0
2014-11-24,3.092,3.092,0.0,6.534,6.534,0.0,9.976,9.976,0.0
2014-11-25,3.983,3.983,0.0,8.842,8.842,0.0,13.32,13.32,0.0
2014-11-26,4.522,4.522,0.0,10.87,10.87,0.0,16.14,16.14,0.0
2014-11-27,4.457,4.457,0.0,9.608,9.608,0.0,14.62,14.62,0.0
2014-11-28,4.419,4.419,0.0,9.625,9.625,0.0,14.59,14.59,0.0
2014-11-29,3.763,3.763,0.0,9.612,9.612,0.0,14.24,14.24,0.0
2014-11-30,6.732,6.732,0.0,18.43,18.43,0.0,27.0,27.0,0.0
2014-12-01,5.443,5.443,0.0,12.43,12.43,0.0,18.82,18.82,0.0
2014-12-02,6.915,6.915,0.0,13.14,13.14,0.0,20.49,20.49,0.0
2014-12-03,7.335,7.335,0.0,11.91,11.91,0.0,19.59,19.59,0.0
2014-12-04,8.035,8.035,0.0,12.27,12.27,0.0,20.7,20.7,0.0
2014-12-05,8.368,8.368,0.0,13.81,13.81,0.0,22.64,22.64,0.0
2014-12-06,10.85,10.85,0.0,21.91,21.91,0.0,33.14,33.14,0.0
2014-12-07,9.435,9.435,0.0,14.02,14.02,0.0,23.93,23.93,0.0
2014-12-08,9.351,9.351,0.0,14.73,14.73,0.0,23.68,23.68,0.0
2014-12-09,8.154,8.154,0.0,13.44,13.44,0.0,21.02,21.02,0.0
2014-12-10,8.568,8.568,0.0,11.06,11.06,0.0,19.62,19.62,0.0
2014-12-11,6.724,6.724,0.0,12.66,12.66,0.0,20.52,20.52,0.0
2014-12-12,7.031,7.031,0.0,13.58,13.58,0.0,21.9,21.9,0.0
2014-12-13,7.534,7.534,0.0,13.89,13.89,0.0,22.21,22.21,0.0
2014-12-14,7.803,7.803,0.0,13.93,13.93,0.0,22.34,22.34,0.0
2014-12-15,7.822,7.822,0.0,13.52,13.52,0.0,21.85,21.85,0.0
2014-12-16,8.108,8.108,0.0,15.7,15.7,0.0,24.57,24.57,0.0
2014-12-17,7.325,7.325,0.0,13.18,13.18,0.0,21.4,21.4,0.0
2014-12-18,7.699,7.699,0.0,13.59,13.59,0.0,20.54,20.54,0.0
2014-12-19,7.203,7.203,0.0,11.96,11.96,0.0,19.23,19.23,0.0
2014-12-20,7.14,7.14,0.0,10.49,10.49,0.0,17.99,17.99,0.0
2014-12-21,6.407,6.407,0.0,11.74,11.74,0.0,18.99,18.99,0.0
2014-12-22,6.87,6.87,0.0,12.52,12.52,0.0,20.06,20.06,0.0
2014-12-23,9.744,9.744,0.0,13.87,13.87,0.0,23.44,23.44,0.0
2014-12-24,7.874,7.874,0.0,13.32,13.32,0.0,21.55,21.55,0.0
2014-12-25,8.064,8.064,0.0,13.59,13.59,0.0,21.77,21.77,0.0
2014-12-26,8.201,8.201,0.0,13.76,13.76,0.0,22.04,22.04,0.0
2014-12-27,8.3,8.3,0.0,12.93,12.93,0.0,21.27,21.27,0.0
2014-12-28,8.326,8.326,0.0,13.51,13.51,0.0,21.49,21.49,0.0
2014-12-29,7.566,7.566,0.0,13.75,13.75,0.0,20.66,20.66,0.0
2014-12-30,7.239,7.239,0.0,12.75,12.75,0.0,19.85,19.85,0.0
2014-12-31,6.72,6.72,0.0,11.49,11.49,0.0,18.5,18.5,0.0
2015-01-01,6.703,6.703,0.0,10.93,10.93,0.0,17.95,17.95,0.0
2015-01-02,7.173,7.173,0.0,11.61,11.61,0.0,19.0,19.0,0.0
2015-01-03,10.73,10.73,0.0,20.69,20.69,0.0,31.77,31.77,0.0
2015-01-04,8.564,8.564,0.0,16.31,16.31,0.0,25.63,25.63,0.0
2015-01-05,8.462,8.462,0.0,13.89,13.89,0.0,22.47,22.47,0.0
2015-01-06,8.5,8.5,0.0,13.73,13.73,0.0,22.32,22.32,0.0
2015-01-07,8.34,8.34,0.0,13.3,13.3,0.0,21.63,21.63,0.0
2015-01-08,8.158,8.158,0.0,11.69,11.69,0.0,19.43,19.43,0.0
2015-01-09,7.239,7.239,0.0,9.772,9.772,0.0,16.9,16.9,0.0
2015-01-10,6.186,6.186,0.0,9.741,9.741,0.0,16.0,16.0,0.0
2015-01-11,6.384,6.384,0.0,10.45,10.45,0.0,17.09,17.09,0.0
2015-01-12,6.939,6.939,0.0,10.3,10.3,0.0,17.37,17.37,0.0
2015-01-13,6.875,6.875,0.0,10.37,10.37,0.0,17.3,17.3,0.0
2015-01-14,6.862,6.862,0.0,10.36,10.36,0.0,17.25,17.25,0.0
2015-01-15,6.784,6.784,0.0,10.2,10.2,0.0,16.99,16.99,0.0
2015-01-16,6.671,6.671,0.0,9.957,9.957,0.0,16.37,16.37,0.0
2015-01-17,7.56,7.56,0.0,12.07,12.07,0.0,21.11,21.11,0.0
2015-01-18,8.538,8.538,0.0,9.583,9.583,0.0,17.93,17.93,0.0
2015-01-19,5.831,5.831,0.0,8.7,8.7,0.0,14.57,14.57,0.0
2015-01-20,5.416,5.416,0.0,9.942,9.942,0.0,15.59,15.59,0.0
2015-01-21,5.779,5.779,0.0,10.11,10.11,0.0,16.28,16.28,0.0
2015-01-22,5.817,5.817,0.0,9.466,9.466,0.0,15.3,15.3,0.0
2015-01-23,6.119,6.119,0.0,10.28,10.28,0.0,16.77,16.77,0.0
2015-01-24,5.834,5.834,0.0,9.611,9.611,0.0,15.51,15.51,0.0
2015-01-25,6.364,6.364,0.0,13.4,13.4,0.0,22.45,22.45,0.0
2015-01-26,5.978,5.978,0.0,10.01,10.01,0.0,16.53,16.53,0.0
2015-01-27,5.409,5.409,0.0,8.317,8.317,0.0,14.13,14.13,0.0
2015-01-28,4.967,4.967,0.0,7.154,7.154,0.0,12.18,12.18,0.0
2015-01-29,5.215,5.215,0.0,7.841,7.841,0.0,13.21,13.21,0.0
2015-01-30,4.827,4.827,0.0,7.977,7.977,0.0,12.88,12.88,0.0
2015-01-31,4.939,4.939,0.0,7.572,7.572,0.0,12.55,12.55,0.0
2015-02-01,5.203,5.203,0.0,8.154,8.154,0.0,13.7,13.7,0.0
2015-02-02,6.535,6.535,0.0,10.26,10.26,0.0,19.32,19.32,0.0
2015-02-03,4.916,4.916,0.0,7.603,7.603,0.0,12.8,12.8,0.0
2015-02-04,8.259,8.259,0.0,12.43,12.43,0.0,20.96,20.96,0.0
2015-02-05,4.79,4.79,0.0,7.244,7.244,0.0,12.34,12.34,0.0
2015-02-06,4.154,4.154,0.0,7.114,7.114,0.0,11.65,11.65,0.0
2015-02-07,10.02,10.02,0.0,10.49,10.49,0.0,20.28,20.28,0.0
2015-02-08,15.69,15.69,0.0,42.22,42.22,0.0,53.28,53.28,0.0
2015-02-09,5.503,5.503,0.0,19.57,19.57,0.0,25.32,25.32,0.0
2015-02-10,5.333,5.333,0.0,9.286,9.286,0.0,14.79,14.79,0.0
2015-02-11,6.401,6.401,0.0,10.09,10.09,0.0,15.78,15.78,0.0
2015-02-12,6.848,6.848,0.0,9.855,9.855,0.0,16.1,16.1,0.0
2015-02-13,6.347,6.347,0.0,9.218,9.218,0.0,15.12,15.12,0.0
2015-02-14,6.117,6.117,0.0,9.312,9.312,0.0,15.2,15.2,0.0
2015-02-15,5.793,5.793,0.0,8.582,8.582,0.0,14.15,14.15,0.0
2015-02-16,4.744,4.744,0.0,7.806,7.806,0.0,13.08,13.08,0.0
2015-02-17,4.361,4.361,0.0,5.932,5.932,0.0,10.22,10.22,0.0
2015-02-18,4.855,4.855,0.0,6.801,6.801,0.0,11.67,11.67,0.0
2015-02-19,4.842,4.842,0.0,6.812,6.812,0.0,11.68,11.68,0.0
2015-02-20,4.816,4.816,0.0,6.449,6.449,0.0,10.94,10.94,0.0
2015-02-21,5.089,5.089,0.0,7.277,7.277,0.0,12.56,12.56,0.0
2015-02-22,4.999,4.999,0.0,6.849,6.849,0.0,11.94,11.94,0.0
2015-02-23,4.643,4.643,0.0,6.282,6.282,0.0,10.81,10.81,0.0
2015-02-24,3.893,3.893,0.0,5.523,5.523,0.0,9.656,9.656,0.0
2015-02-25,3.878,3.878,0.0,5.72,5.72,0.0,9.841,9.841,0.0
2015-02-26,3.952,3.952,0.0,5.298,5.298,0.0,9.069,9.069,0.0
2015-02-27,4.04,4.04,0.0,5.454,5.454,0.0,9.338,9.338,0.0
2015-02-28,4.055,4.055,0.0,5.409,5.409,0.0,9.34,9.34,0.0
2015-03-01,4.05,4.05,0.0,5.753,5.753,0.0,9.74,9.74,0.0
2015-03-02,4.417,4.417,0.0,6.136,6.136,0.0,10.66,10.66,0.0
2015-03-03,7.159,7.159,0.0,17.26,17.26,0.0,27.15,27.15,0.0
2015-03-04,25.25,25.25,0.0,97.43,97.43,0.0,131.7,131.7,0.0
2015-03-05,5.161,5.161,0.0,13.41,13.41,0.0,19.85,19.85,0.0
2015-03-06,4.597,4.597,0.0,7.032,7.032,0.0,11.65,11.65,0.0
2015-03-07,4.319,4.319,0.0,7.132,7.132,0.0,11.92,11.92,0.0
2015-03-08,14.81,14.81,0.0,27.6,27.6,0.0,40.12,40.12,0.0
2015-03-09,14.64,14.64,0.0,72.04,72.04,0.0,90.93,90.93,0.0
2015-03-10,18.87,18.87,0.0,128.0,128.0,0.0,149.7,149.7,0.0
2015-03-11,8.039,8.039,0.0,58.32,58.32,0.0,67.66,67.66,0.0
2015-03-12,12.0,12.0,0.0,21.68,21.68,0.0,34.48,34.48,0.0
2015-03-13,20.67,20.67,0.0,43.92,43.92,0.0,63.91,63.91,0.0
2015-03-14,17.01,17.01,0.0,45.66,45.66,0.0,65.62,65.62,0.0
2015-03-15,17.65,17.65,0.0,28.73,28.73,0.0,47.72,47.72,0.0
2015-03-16,19.12,19.12,0.0,28.77,28.77,0.0,48.79,48.79,0.0
2015-03-17,19.4,19.4,0.0,29.79,29.79,0.0,50.02,50.02,0.0
2015-03-18,19.16,19.16,0.0,29.64,29.64,0.0,47.57,47.57,0.0
2015-03-19,15.02,15.02,0.0,23.71,23.71,0.0,38.53,38.53,0.0
2015-03-20,15.63,15.63,0.0,27.11,27.11,0.0,43.39,43.39,0.0
2015-03-21,14.15,14.15,0.0,22.51,22.51,0.0,38.42,38.42,0.0
2015-03-22,15.74,15.74,0.0,24.04,24.04,0.0,40.9,40.9,0.0
2015-03-23,16.43,16.43,0.0,26.49,26.49,0.0,43.86,43.86,0.0
2015-03-24,16.66,16.66,0.0,27.55,27.55,0.0,44.94,44.94,0.0
2015-03-25,16.54,16.54,0.0,27.79,27.79,0.0,44.96,44.96,0.0
2015-03-26,15.57,15.57,0.0,28.22,28.22,0.0,45.06,45.06,0.0
2015-03-27,14.89,14.89,0.0,26.63,26.63,0.0,40.64,40.64,0.0
2015-03-28,14.57,14.57,0.0,23.88,23.88,0.0,38.4,38.4,0.0
2015-03-29,15.07,15.07,0.0,22.59,22.59,0.0,37.8,37.8,0.0
2015-03-30,13.45,13.45,0.0,22.98,22.98,0.0,37.54,37.54,0.0
2015-03-31,14.06,14.06,0.0,23.26,23.26,0.0,38.06,38.06,0.0
2015-04-01,14.29,14.29,0.0,24.09,24.09,0.0,38.93,38.93,0.0
2015-04-02,14.33,14.33,0.0,24.8,24.8,0.0,39.78,39.78,0.0
2015-04-03,18.43,18.43,0.0,27.89,27.89,0.0,45.5,45.5,0.0
2015-04-04,16.19,16.19,0.0,27.9,27.9,0.0,44.3,44.3,0.0
2015-04-05,15.98,15.98,0.0,26.74,26.74,0.0,42.78,42.78,0.0
2015-04-06,15.86,15.86,0.0,25.75,25.75,0.0,40.42,40.42,0.0
2015-04-07,13.96,13.96,0.0,25.48,25.48,0.0,39.3,39.3,0.0
2015-04-08,21.05,21.05,0.0,31.52,31.52,0.0,50.89,50.89,0.0
2015-04-09,18.6,18.6,0.0,29.42,29.42,0.0,48.19,48.19,0.0
2015-04-10,17.45,17.45,0.0,29.5,29.5,0.0,47.84,47.84,0.0
2015-04-11,16.91,16.91,0.0,23.93,23.93,0.0,41.61,41.61,0.0
2015-04-12,15.78,15.78,0.0,26.03,26.03,0.0,42.98,42.98,0.0
2015-04-13,17.74,17.74,0.0,30.27,30.27,0.0,49.24,49.24,0.0
2015-04-14,27.8,27.8,0.0,36.38,36.38,0.0,61.51,61.51,0.0
2015-04-15,19.88,19.88,0.0,32.42,32.42,0.0,53.16,53.16,0.0
2015-04-16,19.45,19.45,0.0,32.66,32.66,0.0,53.03,53.03,0.0
2015-04-17,19.12,19.12,0.0,32.39,32.39,0.0,52.26,52.26,0.0
2015-04-18,16.18,16.18,0.0,29.36,29.36,0.0,44.9,44.9,0.0
2015-04-19,25.91,25.91,0.0,37.49,37.49,0.0,60.87,60.87,0.0
2015-04-20,21.69,21.69,0.0,37.93,37.93,0.0,60.29,60.29,0.0
2015-04-21,20.69,20.69,0.0,32.72,32.72,0.0,53.97,53.97,0.0
2015-04-22,19.14,19.14,0.0,32.24,32.24,0.0,53.08,53.08,0.0
2015-04-23,18.04,18.04,0.0,28.61,28.61,0.0,48.45,48.45,0.0
2015-04-24,18.69,18.69,0.0,30.65,30.65,0.0,50.58,50.58,0.0
2015-04-25,23.32,23.32,0.0,34.63,34.63,0.0,57.82,57.82,0.0
2015-04-26,20.46,20.46,0.0,34.04,34.04,0.0,55.37,55.37,0.0
2015-04-27,17.52,17.52,0.0,32.2,32.2,0.0,49.31,49.31,0.0
2015-04-28,18.35,18.35,0.0,31.65,31.65,0.0,49.71,49.71,0.0
2015-04-29,18.6,18.6,0.0,31.96,31.96,0.0,50.62,50.62,0.0
2015-04-30,20.3,20.3,0.0,32.99,32.99,0.0,53.35,53.35,0.0
2015-05-01,20.26,20.26,0.0,30.87,30.87,0.0,51.06,51.06,0.0
2015-05-02,16.82,16.82,0.0,26.54,26.54,0.0,44.89,44.89,0.0
2015-05-03,17.56,17.56,0.0,28.42,28.42,0.0,46.79,46.79,0.0
2015-05-04,17.85,17.85,0.0,29.39,29.39,0.0,47.75,47.75,0.0
2015-05-05,17.85,17.85,0.0,30.02,30.02,0.0,47.69,47.69,0.0
2015-05-06,15.9,15.9,0.0,29.72,29.72,0.0,46.52,46.52,0.0
2015-05-07,16.74,16.74,0.0,27.63,27.63,0.0,43.85,43.85,0.0
2015-05-08,16.89,16.89,0.0,27.88,27.88,0.0,44.55,44.55,0.0
2015-05-09,16.81,16.81,0.0,27.83,27.83,0.0,44.59,44.59,0.0
2015-05-10,16.08,16.08,0.0,24.51,24.51,0.0,40.88,40.88,0.0
2015-05-11,21.33,21.33,0.0,26.9,26.9,0.0,46.13,46.13,0.0
2015-05-12,17.65,17.65,0.0,26.81,26.81,0.0,44.23,44.23,0.0
2015-05-13,16.8,16.8,0.0,25.01,25.01,0.0,41.7,41.7,0.0
2015-05-14,15.77,15.77,0.0,25.44,25.44,0.0,41.4,41.4,0.0
2015-05-15,15.97,15.97,0.0,24.73,24.73,0.0,39.97,39.97,0.0
2015-05-16,14.74,14.74,0.0,24.79,24.79,0.0,39.3,39.3,0.0
2015-05-17,16.31,16.31,0.0,25.17,25.17,0.0,40.31,40.31,0.0
2015-05-18,18.0,18.0,0.0,26.78,26.78,0.0,43.9,43.9,0.0
2015-05-19,16.74,16.74,0.0,25.99,25.99,0.0,42.18,42.18,0.0
2015-05-20,16.58,16.58,0.0,25.79,25.79,0.0,41.85,41.85,0.0
2015-05-21,16.3,16.3,0.0,23.14,23.14,0.0,39.15,39.15,0.0
2015-05-22,15.98,15.98,0.0,23.83,23.83,0.0,39.43,39.43,0.0
2015-05-23,15.3,15.3,0.0,22.51,22.51,0.0,37.54,37.54,0.0
2015-05-24,14.39,14.39,0.0,23.06,23.06,0.0,36.89,36.89,0.0
2015-05-25,13.19,13.19,0.0,22.43,22.43,0.0,35.32,35.32,0.0
2015-05-26,13.78,13.78,0.0,22.21,22.21,0.0,35.26,35.26,0.0
2015-05-27,13.95,13.95,0.0,22.3,22.3,0.0,35.61,35.61,0.0
2015-05-28,13.89,13.89,0.0,22.11,22.11,0.0,35.4,35.4,0.0
2015-05-29,13.86,13.86,0.0,21.86,21.86,0.0,35.09,35.09,0.0
2015-05-30,13.23,13.23,0.0,19.61,19.61,0.0,32.44,32.44,0.0
2015-05-31,13.29,13.29,0.0,20.19,20.19,0.0,33.06,33.06,0.0
2015-06-01,13.49,13.49,0.0,20.29,20.29,0.0,33.53,33.53,0.0
2015-06-02,13.5,13.5,0.0,19.37,19.37,0.0,32.25,32.25,0.0
2015-06-03,12.45,12.45,0.0,18.98,18.98,0.0,30.93,30.93,0.0
2015-06-04,11.51,11.51,0.0,19.06,19.06,0.0,30.67,30.67,0.0
2015-06-05,15.06,15.06,0.0,19.89,19.89,0.0,32.65,32.65,0.0
2015-06-06,13.23,13.23,0.0,19.42,19.42,0.0,31.25,31.25,0.0
2015-06-07,13.17,13.17,0.0,19.18,19.18,0.0,31.04,31.04,0.0
2015-06-08,13.07,13.07,0.0,18.34,18.34,0.0,30.26,30.26,0.0
2015-06-09,12.77,12.77,0.0,17.43,17.43,0.0,29.04,29.04,0.0
2015-06-10,12.18,12.18,0.0,17.51,17.51,0.0,28.74,28.74,0.0
2015-06-11,12.09,12.09,0.0,17.53,17.53,0.0,28.67,28.67,0.0
2015-06-12,10.91,10.91,0.0,15.76,15.76,0.0,25.95,25.95,0.0
2015-06-13,10.26,10.26,0.0,16.04,16.04,0.0,25.7,25.7,0.0
2015-06-14,10.56,10.56,0.0,15.97,15.97,0.0,25.68,25.68,0.0
2015-06-15,10.73,10.73,0.0,16.08,16.08,0.0,25.85,25.85,0.0
2015-06-16,10.73,10.73,0.0,15.94,15.94,0.0,25.77,25.77,0.0
2015-06-17,11.53,11.53,0.0,18.14,18.14,0.0,29.85,29.85,0.0
2015-06-18,10.89,10.89,0.0,16.62,16.62,0.0,26.72,26.72,0.0
2015-06-19,10.74,10.74,0.0,16.19,16.19,0.0,26.23,26.23,0.0
2015-06-20,12.55,12.55,0.0,18.93,18.93,0.0,30.32,30.32,0.0
2015-06-21,11.55,11.55,0.0,18.25,18.25,0.0,28.72,28.72,0.0
2015-06-22,11.41,11.41,0.0,18.17,18.17,0.0,28.49,28.49,0.0
2015-06-23,11.05,11.05,0.0,19.5,19.5,0.0,30.2,30.2,0.0
2015-06-24,8.955,8.955,0.0,17.94,17.94,0.0,26.97,26.97,0.0
2015-06-25,9.628,9.628,0.0,17.98,17.98,0.0,26.64,26.64,0.0
2015-06-26,20.14,20.14,0.0,26.09,26.09,0.0,42.95,42.95,0.0
2015-06-27,17.13,17.13,0.0,28.83,28.83,0.0,45.86,45.86,0.0
2015-06-28,15.36,15.36,0.0,25.41,25.41,0.0,40.27,40.27,0.0
2015-06-29,15.26,15.26,0.0,24.86,24.86,0.0,39.57,39.57,0.0
2015-06-30,14.95,14.95,0.0,23.39,23.39,0.0,37.79,37.79,0.0
2015-07-01,14.54,14.54,0.0,20.42,20.42,0.0,34.42,34.42,0.0
2015-07-02,14.06,14.06,0.0,20.32,20.32,0.0,33.43,33.43,0.0
2015-07-03,12.61,12.61,0.0,19.76,19.76,0.0,32.2,32.2,0.0
2015-07-04,10.47,10.47,0.0,19.99,19.99,0.0,30.72,30.72,0.0
2015-07-05,12.18,12.18,0.0,21.09,21.09,0.0,32.19,32.19,0.0
2015-07-06,12.89,12.89,0.0,22.65,22.65,0.0,35.0,35.0,0.0
2015-07-07,12.89,12.89,0.0,22.62,22.62,0.0,34.87,34.87,0.0
2015-07-08,12.88,12.88,0.0,23.17,23.17,0.0,35.64,35.64,0.0
2015-07-09,12.81,12.81,0.0,23.84,23.84,0.0,36.45,36.45,0.0
2015-07-10,15.28,15.28,0.0,26.83,26.83,0.0,41.54,41.54,0.0
2015-07-11,13.96,13.96,0.0,25.17,25.17,0.0,39.0,39.0,0.0
2015-07-12,14.33,14.33,0.0,24.74,24.74,0.0,38.59,38.59,0.0
2015-07-13,13.79,13.79,0.0,21.46,21.46,0.0,34.53,34.53,0.0
2015-07-14,11.82,11.82,0.0,19.91,19.91,0.0,32.12,32.12,0.0
2015-07-15,10.6,10.6,0.0,20.47,20.47,0.0,30.72,30.72,0.0
2015-07-16,11.45,11.45,0.0,21.47,21.47,0.0,32.44,32.44,0.0
2015-07-17,12.04,12.04,0.0,22.62,22.62,0.0,34.63,34.63,0.0
2015-07-18,12.03,12.03,0.0,22.78,22.78,0.0,34.94,34.94,0.0
2015-07-19,11.66,11.66,0.0,22.0,22.0,0.0,33.53,33.53,0.0
2015-07-20,11.45,11.45,0.0,20.92,20.92,0.0,32.24,32.24,0.0
2015-07-21,11.34,11.34,0.0,20.89,20.89,0.0,32.11,32.11,0.0
2015-07-22,10.55,10.55,0.0,18.53,18.53,0.0,28.94,28.94,0.0
2015-07-23,9.283,9.283,0.0,17.29,17.29,0.0,26.62,26.62,0.0
2015-07-24,9.513,9.513,0.0,17.55,17.55,0.0,26.69,26.69,0.0
2015-07-25,9.763,9.763,0.0,18.13,18.13,0.0,27.59,27.59,0.0
2015-07-26,9.777,9.777,0.0,18.25,18.25,0.0,27.75,27.75,0.0
2015-07-27,9.76,9.76,0.0,18.12,18.12,0.0,27.58,27.58,0.0
2015-07-28,9.982,9.982,0.0,18.32,18.32,0.0,28.03,28.03,0.0
2015-07-29,9.902,9.902,0.0,17.73,17.73,0.0,27.43,27.43,0.0
2015-07-30,9.71,9.71,0.0,16.12,16.12,0.0,25.45,25.45,0.0
2015-07-31,9.456,9.456,0.0,15.09,15.09,0.0,23.66,23.66,0.0
2015-08-01,7.983,7.983,0.0,15.63,15.63,0.0,23.58,23.58,0.0
2015-08-02,8.373,8.373,0.0,15.79,15.79,0.0,23.68,23.68,0.0
2015-08-03,8.27,8.27,0.0,15.15,15.15,0.0,23.06,23.06,0.0
2015-08-04,8.326,8.326,0.0,15.13,15.13,0.0,23.05,23.05,0.0
2015-08-05,8.258,8.258,0.0,14.95,14.95,0.0,22.78,22.78,0.0
2015-08-06,8.227,8.227,0.0,14.96,14.96,0.0,22.9,22.9,0.0
2015-08-07,7.967,7.967,0.0,13.78,13.78,0.0,21.33,21.33,0.0
2015-08-08,7.967,7.967,0.0,13.41,13.41,0.0,21.17,21.17,0.0
2015-08-09,7.586,7.586,0.0,13.06,13.06,0.0,20.16,20.16,0.0
2015-08-10,7.836,7.836,0.0,15.02,15.02,0.0,23.24,23.24,0.0
2015-08-11,7.611,7.611,0.0,13.85,13.85,0.0,21.01,21.01,0.0
2015-08-12,7.51,7.51,0.0,13.04,13.04,0.0,19.96,19.96,0.0
2015-08-13,6.953,6.953,0.0,13.02,13.02,0.0,19.66,19.66,0.0
2015-08-14,7.069,7.069,0.0,12.9,12.9,0.0,19.54,19.54,0.0
2015-08-15,7.047,7.047,0.0,12.71,12.71,0.0,19.29,19.29,0.0
2015-08-16,6.948,6.948,0.0,12.06,12.06,0.0,18.53,18.53,0.0
2015-08-17,6.827,6.827,0.0,11.3,11.3,0.0,17.64,17.64,0.0
2015-08-18,6.619,6.619,0.0,11.29,11.29,0.0,17.42,17.42,0.0
2015-08-19,6.695,6.695,0.0,11.89,11.89,0.0,18.13,18.13,0.0
2015-08-20,6.58,6.58,0.0,11.61,11.61,0.0,17.54,17.54,0.0
2015-08-21,6.297,6.297,0.0,11.39,11.39,0.0,17.13,17.13,0.0
2015-08-22,6.045,6.045,0.0,11.22,11.22,0.0,16.82,16.82,0.0
2015-08-23,6.091,6.091,0.0,11.02,11.02,0.0,16.61,16.61,0.0
2015-08-24,6.052,6.052,0.0,10.38,10.38,0.0,15.91,15.91,0.0
2015-08-25,5.796,5.796,0.0,9.914,9.914,0.0,15.27,15.27,0.0
2015-08-26,5.764,5.764,0.0,9.811,9.811,0.0,15.09,15.09,0.0
2015-08-27,5.499,5.499,0.0,9.475,9.475,0.0,14.46,14.46,0.0
2015-08-28,5.48,5.48,0.0,9.511,9.511,0.0,14.49,14.49,0.0
2015-08-29,5.296,5.296,0.0,9.421,9.421,0.0,14.17,14.17,0.0
2015-08-30,5.239,5.239,0.0,9.264,9.264,0.0,14.0,14.0,0.0
2015-08-31,4.964,4.964,0.0,9.074,9.074,0.0,13.67,13.67,0.0
2015-09-01,4.955,4.955,0.0,8.879,8.879,0.0,13.44,13.44,0.0
2015-09-02,4.792,4.792,0.0,8.222,8.222,0.0,12.68,12.68,0.0
2015-09-03,4.764,4.764,0.0,8.148,8.148,0.0,12.55,12.55,0.0
2015-09-04,4.603,4.603,0.0,8.066,8.066,0.0,12.35,12.35,0.0
2015-09-05,4.576,4.576,0.0,8.01,8.01,0.0,12.21,12.21,0.0
2015-09-06,4.473,4.473,0.0,7.762,7.762,0.0,11.84,11.84,0.0
2015-09-07,4.422,4.422,0.0,7.69,7.69,0.0,11.74,11.74,0.0
2015-09-08,4.354,4.354,0.0,7.521,7.521,0.0,11.42,11.42,0.0
2015-09-09,4.553,4.553,0.0,8.143,8.143,0.0,12.65,12.65,0.0
2015-09-10,4.517,4.517,0.0,8.004,8.004,0.0,12.58,12.58,0.0
2015-09-11,4.212,4.212,0.0,7.305,7.305,0.0,11.35,11.35,0.0
2015-09-12,4.236,4.236,0.0,7.146,7.146,0.0,11.17,11.17,0.0
2015-09-13,4.251,4.251,0.0,7.28,7.28,0.0,11.39,11.39,0.0
2015-09-14,3.994,3.994,0.0,6.934,6.934,0.0,10.68,10.68,0.0
2015-09-15,3.968,3.968,0.0,6.842,6.842,0.0,10.51,10.51,0.0
2015-09-16,3.883,3.883,0.0,6.58,6.58,0.0,10.15,10.15,0.0
2015-09-17,3.84,3.84,0.0,6.534,6.534,0.0,10.08,10.08,0.0
2015-09-18,3.784,3.784,0.0,6.454,6.454,0.0,9.862,9.862,0.0
2015-09-19,3.721,3.721,0.0,6.354,6.354,0.0,9.748,9.748,0.0
2015-09-20,3.657,3.657,0.0,6.261,6.261,0.0,9.619,9.619,0.0
2015-09-21,3.887,3.887,0.0,6.894,6.894,0.0,10.64,10.64,0.0
2015-09-22,3.532,3.532,0.0,6.467,6.467,0.0,9.78,9.78,0.0
2015-09-23,3.515,3.515,0.0,6.295,6.295,0.0,9.527,9.527,0.0
2015-09-24,3.41,3.41,0.0,6.231,6.231,0.0,9.386,9.386,0.0
2015-09-25,3.472,3.472,0.0,6.224,6.224,0.0,9.405,9.405,0.0
2015-09-26,3.516,3.516,0.0,6.159,6.159,0.0,9.355,9.355,0.0
2015-09-27,3.483,3.483,0.0,5.69,5.69,0.0,8.798,8.798,0.0
2015-09-28,3.554,3.554,0.0,5.953,5.953,0.0,9.171,9.171,0.0
2015-09-29,7.37,7.37,0.0,9.053,9.053,0.0,16.74,16.74,0.0
2015-09-30,6.196,6.196,0.0,7.173,7.173,0.0,12.3,12.3,0.0
2015-10-01,6.522,6.522,0.0,7.347,7.347,0.0,12.72,12.72,0.0
2015-10-02,8.129,8.129,0.0,9.279,9.279,0.0,16.52,16.52,0.0
2015-10-03,8.492,8.492,0.0,9.04,9.04,0.0,16.36,16.36,0.0
2015-10-04,8.414,8.414,0.0,8.926,8.926,0.0,16.17,16.17,0.0
2015-10-05,8.327,8.327,0.0,8.843,8.843,0.0,16.0,16.0,0.0
2015-10-06,8.166,8.166,0.0,8.755,8.755,0.0,15.8,15.8,0.0
2015-10-07,7.913,7.913,0.0,8.135,8.135,0.0,15.0,15.0,0.0
2015-10-08,5.523,5.523,0.0,7.531,7.531,0.0,12.67,12.67,0.0
2015-10-09,7.022,7.022,0.0,9.343,9.343,0.0,16.1,16.1,0.0
2015-10-10,7.25,7.25,0.0,9.006,9.006,0.0,15.58,15.58,0.0
2015-10-11,7.04,7.04,0.0,9.086,9.086,0.0,15.6,15.6,0.0
2015-10-12,7.22,7.22,0.0,8.556,8.556,0.0,15.02,15.02,0.0
2015-10-13,7.182,7.182,0.0,7.576,7.576,0.0,13.82,13.82,0.0
2015-10-14,7.098,7.098,0.0,8.016,8.016,0.0,14.28,14.28,0.0
2015-10-15,6.405,6.405,0.0,8.221,8.221,0.0,14.17,14.17,0.0
2015-10-16,6.539,6.539,0.0,7.816,7.816,0.0,13.43,13.43,0.0
2015-10-17,5.649,5.649,0.0,7.384,7.384,0.0,12.7,12.7,0.0
2015-10-18,5.984,5.984,0.0,7.63,7.63,0.0,13.14,13.14,0.0
2015-10-19,5.857,5.857,0.0,7.695,7.695,0.0,13.14,13.14,0.0
2015-10-20,5.963,5.963,0.0,7.653,7.653,0.0,13.11,13.11,0.0
2015-10-21,5.96,5.96,0.0,7.167,7.167,0.0,12.48,12.48,0.0
2015-10-22,5.894,5.894,0.0,6.492,6.492,0.0,11.64,11.64,0.0
2015-10-23,5.797,5.797,0.0,6.772,6.772,0.0,11.91,11.91,0.0
2015-10-24,5.335,5.335,0.0,6.878,6.878,0.0,11.57,11.57,0.0
2015-10-25,5.147,5.147,0.0,6.573,6.573,0.0,11.25,11.25,0.0
2015-10-26,4.888,4.888,0.0,6.633,6.633,0.0,11.2,11.2,0.0
2015-10-27,5.653,5.653,0.0,7.299,7.299,0.0,12.54,12.54,0.0
2015-10-28,7.018,7.018,0.0,8.859,8.859,0.0,15.31,15.31,0.0
2015-10-29,7.088,7.088,0.0,8.737,8.737,0.0,15.18,15.18,0.0
2015-10-30,7.149,7.149,0.0,8.796,8.796,0.0,15.29,15.29,0.0
2015-10-31,7.239,7.239,0.0,8.838,8.838,0.0,15.37,15.37,0.0
2015-11-01,7.203,7.203,0.0,8.214,8.214,0.0,14.75,14.75,0.0
2015-11-02,7.037,7.037,0.0,8.072,8.072,0.0,14.4,14.4,0.0
2015-11-03,6.508,6.508,0.0,8.153,8.153,0.0,14.16,14.16,0.0
2015-11-04,5.554,5.554,0.0,7.222,7.222,0.0,11.98,11.98,0.0
2015-11-05,5.46,5.46,0.0,6.745,6.745,0.0,11.72,11.72,0.0
2015-11-06,5.827,5.827,0.0,7.254,7.254,0.0,12.52,12.52,0.0
2015-11-07,5.959,5.959,0.0,7.521,7.521,0.0,12.88,12.88,0.0
2015-11-08,5.963,5.963,0.0,7.574,7.574,0.0,12.93,12.93,0.0
2015-11-09,7.359,7.359,0.0,9.328,9.328,0.0,16.13,16.13,0.0
2015-11-10,7.802,7.802,0.0,10.74,10.74,0.0,18.05,18.05,0.0
2015-11-11,7.813,7.813,0.0,10.69,10.69,0.0,17.96,17.96,0.0
2015-11-12,7.93,7.93,0.0,10.95,10.95,0.0,18.34,18.34,0.0
2015-11-13,7.802,7.802,0.0,10.11,10.11,0.0,17.33,17.33,0.0
2015-11-14,7.673,7.673,0.0,10.34,10.34,0.0,17.44,17.44,0.0
2015-11-15,6.388,6.388,0.0,10.03,10.03,0.0,16.02,16.02,0.0
2015-11-16,5.686,5.686,0.0,9.487,9.487,0.0,15.02,15.02,0.0
2015-11-17,6.291,6.291,0.0,7.329,7.329,0.0,12.95,12.95,0.0
2015-11-18,8.335,8.335,0.0,10.16,10.16,0.0,17.73,17.73,0.0
2015-11-19,8.235,8.235,0.0,12.38,12.38,0.0,20.04,20.04,0.0
2015-11-20,8.27,8.27,0.0,11.58,11.58,0.0,19.21,19.21,0.0
2015-11-21,8.223,8.223,0.0,11.72,11.72,0.0,19.34,19.34,0.0
2015-11-22,8.099,8.099,0.0,11.7,11.7,0.0,19.21,19.21,0.0
2015-11-23,7.909,7.909,0.0,11.57,11.57,0.0,18.92,18.92,0.0
2015-11-24,7.093,7.093,0.0,10.75,10.75,0.0,17.64,17.64,0.0
2015-11-25,6.361,6.361,0.0,10.44,10.44,0.0,16.5,16.5,0.0
2015-11-26,6.198,6.198,0.0,10.06,10.06,0.0,15.58,15.58,0.0
2015-11-27,6.603,6.603,0.0,7.649,7.649,0.0,13.64,13.64,0.0
2015-11-28,6.939,6.939,0.0,9.56,9.56,0.0,16.23,16.23,0.0
2015-11-29,7.054,7.054,0.0,10.55,10.55,0.0,17.43,17.43,0.0
2015-11-30,8.113,8.113,0.0,11.8,11.8,0.0,19.56,19.56,0.0
2015-12-01,11.43,11.43,0.0,16.28,16.28,0.0,26.66,26.66,0.0
2015-12-02,12.73,12.73,0.0,17.19,17.19,0.0,28.43,28.43,0.0
2015-12-03,10.48,10.48,0.0,15.48,15.48,0.0,25.41,25.41,0.0
2015-12-04,10.36,10.36,0.0,15.4,15.4,0.0,25.19,25.19,0.0
2015-12-05,10.2,10.2,0.0,15.26,15.26,0.0,24.89,24.89,0.0
2015-12-06,9.945,9.945,0.0,14.12,14.12,0.0,23.53,23.53,0.0
2015-12-07,7.562,7.562,0.0,14.24,14.24,0.0,21.48,21.48,0.0
2015-12-08,7.48,7.48,0.0,9.167,9.167,0.0,16.12,16.12,0.0
2015-12-09,8.306,8.306,0.0,11.35,11.35,0.0,19.05,19.05,0.0
2015-12-10,8.624,8.624,0.0,12.44,12.44,0.0,20.47,20.47,0.0
2015-12-11,8.713,8.713,0.0,12.88,12.88,0.0,20.99,20.99,0.0
2015-12-12,8.665,8.665,0.0,12.97,12.97,0.0,21.04,21.04,0.0
2015-12-13,8.547,8.547,0.0,12.88,12.88,0.0,20.83,20.83,0.0
2015-12-14,8.531,8.531,0.0,13.12,13.12,0.0,20.77,20.77,0.0
2015-12-15,7.828,7.828,0.0,13.17,13.17,0.0,20.65,20.65,0.0
2015-12-16,7.121,7.121,0.0,12.69,12.69,0.0,20.02,20.02,0.0
2015-12-17,8.824,8.824,0.0,13.9,13.9,0.0,22.52,22.52,0.0
2015-12-18,8.611,8.611,0.0,12.24,12.24,0.0,20.75,20.75,0.0
2015-12-19,8.805,8.805,0.0,11.32,11.32,0.0,19.49,19.49,0.0
2015-12-20,8.376,8.376,0.0,11.5,11.5,0.0,19.08,19.08,0.0
2015-12-21,9.282,9.282,0.0,13.21,13.21,0.0,21.72,21.72,0.0
2015-12-22,9.364,9.364,0.0,14.42,14.42,0.0,23.3,23.3,0.0
2015-12-23,14.27,14.27,0.0,17.15,17.15,0.0,28.76,28.76,0.0
2015-12-24,11.93,11.93,0.0,17.07,17.07,0.0,27.83,27.83,0.0
2015-12-25,14.39,14.39,0.0,22.49,22.49,0.0,36.02,36.02,0.0
2015-12-26,12.19,12.19,0.0,19.95,19.95,0.0,31.87,31.87,0.0
2015-12-27,12.33,12.33,0.0,20.69,20.69,0.0,32.91,32.91,0.0
2015-12-28,13.66,13.66,0.0,21.26,21.26,0.0,34.32,34.32,0.0
2015-12-29,10.1,10.1,0.0,19.35,19.35,0.0,30.45,30.45,0.0
2015-12-30,10.33,10.33,0.0,19.67,19.67,0.0,29.91,29.91,0.0
2015-12-31,10.57,10.57,0.0,14.48,14.48,0.0,24.74,24.74,0.0
2016-01-01,10.17,10.17,0.0,14.95,14.95,0.0,24.5,24.5,0.0
2016-01-02,10.62,10.62,0.0,16.79,16.79,0.0,26.97,26.97,0.0
2016-01-03,10.76,10.76,0.0,17.59,17.59,0.0,28.03,28.03,0.0
2016-01-04,10.85,10.85,0.0,18.26,18.26,0.0,29.08,29.08,0.0
2016-01-05,10.55,10.55,0.0,17.77,17.77,0.0,28.11,28.11,0.0
2016-01-06,10.37,10.37,0.0,17.54,17.54,0.0,27.2,27.2,0.0
2016-01-07,8.45,8.45,0.0,16.71,16.71,0.0,25.57,25.57,0.0
2016-01-08,8.916,8.916,0.0,16.37,16.37,0.0,25.61,25.61,0.0
2016-01-09,11.47,11.47,0.0,19.43,19.43,0.0,30.72,30.72,0.0
2016-01-10,11.54,11.54,0.0,16.4,16.4,0.0,27.7,27.7,0.0
2016-01-11,10.41,10.41,0.0,16.06,16.06,0.0,25.68,25.68,0.0
2016-01-12,10.71,10.71,0.0,14.59,14.59,0.0,24.77,24.77,0.0
2016-01-13,10.67,10.67,0.0,15.2,15.2,0.0,25.43,25.43,0.0
2016-01-14,10.63,10.63,0.0,15.52,15.52,0.0,25.88,25.88,0.0
2016-01-15,12.54,12.54,0.0,16.69,16.69,0.0,29.09,29.09,0.0
2016-01-16,9.062,9.062,0.0,15.59,15.59,0.0,24.74,24.74,0.0
2016-01-17,8.876,8.876,0.0,13.63,13.63,0.0,22.66,22.66,0.0
2016-01-18,8.849,8.849,0.0,13.75,13.75,0.0,22.68,22.68,0.0
2016-01-19,9.026,9.026,0.0,12.71,12.71,0.0,21.65,21.65,0.0
2016-01-20,8.755,8.755,0.0,12.41,12.41,0.0,20.83,20.83,0.0
2016-01-21,8.686,8.686,0.0,11.85,11.85,0.0,20.12,20.12,0.0
2016-01-22,9.195,9.195,0.0,13.5,13.5,0.0,23.07,23.07,0.0
2016-01-23,8.8,8.8,0.0,12.54,12.54,0.0,21.4,21.4,0.0
2016-01-24,7.954,7.954,0.0,11.24,11.24,0.0,19.19,19.19,0.0
2016-01-25,7.321,7.321,0.0,11.29,11.29,0.0,18.58,18.58,0.0
2016-01-26,10.38,10.38,0.0,15.63,15.63,0.0,28.1,28.1,0.0
2016-01-27,7.542,7.542,0.0,11.47,11.47,0.0,19.24,19.24,0.0
2016-01-28,7.5,7.5,0.0,10.49,10.49,0.0,17.85,17.85,0.0
2016-01-29,7.235,7.235,0.0,10.72,10.72,0.0,17.6,17.6,0.0
2016-01-30,14.78,14.78,0.0,23.05,23.05,0.0,39.38,39.38,0.0
2016-01-31,16.85,16.85,0.0,52.97,52.97,0.0,66.58,66.58,0.0
2016-02-01,8.24,8.24,0.0,18.26,18.26,0.0,26.64,26.64,0.0
2016-02-02,8.248,8.248,0.0,13.65,13.65,0.0,21.69,21.69,0.0
2016-02-03,14.63,14.63,0.0,16.33,16.33,0.0,28.92,28.92,0.0
2016-02-04,9.639,9.639,0.0,13.67,13.67,0.0,22.99,22.99,0.0
2016-02-05,9.712,9.712,0.0,13.62,13.62,0.0,22.86,22.86,0.0
2016-02-06,9.482,9.482,0.0,13.8,13.8,0.0,22.89,22.89,0.0
2016-02-07,9.396,9.396,0.0,13.8,13.8,0.0,22.92,22.92,0.0
2016-02-08,9.259,9.259,0.0,14.41,14.41,0.0,23.03,23.03,0.0
2016-02-09,6.875,6.875,0.0,14.36,14.36,0.0,22.04,22.04,0.0
2016-02-10,7.672,7.672,0.0,11.53,11.53,0.0,19.32,19.32,0.0
2016-02-11,7.902,7.902,0.0,9.99,9.99,0.0,17.32,17.32,0.0
2016-02-12,8.018,8.018,0.0,11.44,11.44,0.0,19.14,19.14,0.0
2016-02-13,7.927,7.927,0.0,11.71,11.71,0.0,19.4,19.4,0.0
2016-02-14,7.844,7.844,0.0,11.86,11.86,0.0,19.57,19.57,0.0
2016-02-15,8.022,8.022,0.0,12.59,12.59,0.0,20.95,20.95,0.0
2016-02-16,7.338,7.338,0.0,13.08,13.08,0.0,21.42,21.42,0.0
2016-02-17,6.962,6.962,0.0,11.8,11.8,0.0,19.34,19.34,0.0
2016-02-18,6.401,6.401,0.0,10.96,10.96,0.0,17.75,17.75,0.0
2016-02-19,11.57,11.57,0.0,24.17,24.17,0.0,38.51,38.51,0.0
2016-02-20,23.33,23.33,0.0,53.23,53.23,0.0,74.03,74.03,0.0
2016-02-21,12.99,12.99,0.0,30.18,30.18,0.0,42.93,42.93,0.0
2016-02-22,11.55,11.55,0.0,18.55,18.55,0.0,29.56,29.56,0.0
2016-02-23,12.35,12.35,0.0,18.63,18.63,0.0,30.48,30.48,0.0
2016-02-24,17.34,17.34,0.0,28.72,28.72,0.0,44.86,44.86,0.0
2016-02-25,13.36,13.36,0.0,23.31,23.31,0.0,36.77,36.77,0.0
2016-02-26,13.37,13.37,0.0,21.68,21.68,0.0,34.69,34.69,0.0
2016-02-27,13.47,13.47,0.0,21.49,21.49,0.0,33.49,33.49,0.0
2016-02-28,15.25,15.25,0.0,19.51,19.51,0.0,32.89,32.89,0.0
2016-02-29,15.07,15.07,0.0,18.71,18.71,0.0,32.75,32.75,0.0
2016-03-01,15.78,15.78,0.0,22.45,22.45,0.0,37.29,37.29,0.0
2016-03-02,12.46,12.46,0.0,22.66,22.66,0.0,35.86,35.86,0.0
2016-03-03,12.81,12.81,0.0,22.21,22.21,0.0,33.71,33.71,0.0
2016-03-04,13.05,13.05,0.0,21.83,21.83,0.0,34.01,34.01,0.0
2016-03-05,12.74,12.74,0.0,22.59,22.59,0.0,35.08,35.08,0.0
2016-03-06,13.31,13.31,0.0,22.88,22.88,0.0,35.63,35.63,0.0
2016-03-07,13.85,13.85,0.0,23.01,23.01,0.0,35.48,35.48,0.0
2016-03-08,13.94,13.94,0.0,22.64,22.64,0.0,35.38,35.38,0.0
2016-03-09,13.83,13.83,0.0,19.29,19.29,0.0,32.02,32.02,0.0
2016-03-10,11.92,11.92,0.0,21.62,21.62,0.0,33.51,33.51,0.0
2016-03-11,11.83,11.83,0.0,22.11,22.11,0.0,33.81,33.81,0.0
2016-03-12,12.34,12.34,0.0,22.97,22.97,0.0,33.86,33.86,0.0
2016-03-13,13.16,13.16,0.0,24.4,24.4,0.0,36.64,36.64,0.0
2016-03-14,13.08,13.08,0.0,22.17,22.17,0.0,34.48,34.48,0.0
2016-03-15,12.28,12.28,0.0,23.31,23.31,0.0,35.37,35.37,0.0
2016-03-16,12.66,12.66,0.0,23.66,23.66,0.0,35.77,35.77,0.0
2016-03-17,12.74,12.74,0.0,23.6,23.6,0.0,35.68,35.68,0.0
2016-03-18,12.74,12.74,0.0,22.42,22.42,0.0,34.03,34.03,0.0
2016-03-19,13.21,13.21,0.0,19.95,19.95,0.0,32.46,32.46,0.0
2016-03-20,13.16,13.16,0.0,21.44,21.44,0.0,33.89,33.89,0.0
2016-03-21,10.66,10.66,0.0,22.02,22.02,0.0,32.49,32.49,0.0
2016-03-22,11.46,11.46,0.0,22.04,22.04,0.0,32.71,32.71,0.0
2016-03-23,11.76,11.76,0.0,21.4,21.4,0.0,32.46,32.46,0.0
2016-03-24,10.89,10.89,0.0,21.5,21.5,0.0,32.42,32.42,0.0
2016-03-25,11.48,11.48,0.0,22.12,22.12,0.0,33.34,33.34,0.0
2016-03-26,11.58,11.58,0.0,22.18,22.18,0.0,33.33,33.33,0.0
2016-03-27,12.36,12.36,0.0,23.01,23.01,0.0,34.96,34.96,0.0
2016-03-28,12.55,12.55,0.0,21.87,21.87,0.0,33.81,33.81,0.0
2016-03-29,12.04,12.04,0.0,21.94,21.94,0.0,32.91,32.91,0.0
2016-03-30,11.1,11.1,0.0,18.88,18.88,0.0,29.54,29.54,0.0
2016-03-31,10.72,10.72,0.0,19.49,19.49,0.0,29.44,29.44,0.0
2016-04-01,10.48,10.48,0.0,20.28,20.28,0.0,30.03,30.03,0.0
2016-04-02,11.05,11.05,0.0,20.14,20.14,0.0,30.66,30.66,0.0
2016-04-03,10.07,10.07,0.0,19.65,19.65,0.0,29.66,29.66,0.0
2016-04-04,10.65,10.65,0.0,20.54,20.54,0.0,31.05,31.05,0.0
2016-04-05,10.7,10.7,0.0,20.44,20.44,0.0,30.81,30.81,0.0
2016-04-06,11.0,11.0,0.0,20.52,20.52,0.0,31.1,31.1,0.0
2016-04-07,12.14,12.14,0.0,21.75,21.75,0.0,33.4,33.4,0.0
2016-04-08,11.66,11.66,0.0,20.22,20.22,0.0,30.8,30.8,0.0
2016-04-09,11.48,11.48,0.0,19.03,19.03,0.0,29.93,29.93,0.0
2016-04-10,11.44,11.44,0.0,18.99,18.99,0.0,29.87,29.87,0.0
2016-04-11,9.976,9.976,0.0,20.57,20.57,0.0,30.79,30.79,0.0
2016-04-12,9.8,9.8,0.0,20.18,20.18,0.0,29.29,29.29,0.0
2016-04-13,9.244,9.244,0.0,20.46,20.46,0.0,29.57,29.57,0.0
2016-04-14,9.743,9.743,0.0,18.93,18.93,0.0,28.38,28.38,0.0
2016-04-15,9.921,9.921,0.0,19.29,19.29,0.0,28.85,28.85,0.0
2016-04-16,9.893,9.893,0.0,19.36,19.36,0.0,28.86,28.86,0.0
2016-04-17,9.79,9.79,0.0,19.16,19.16,0.0,28.15,28.15,0.0
2016-04-18,9.635,9.635,0.0,16.64,16.64,0.0,25.63,25.63,0.0
2016-04-19,8.972,8.972,0.0,16.45,16.45,0.0,25.13,25.13,0.0
2016-04-20,8.29,8.29,0.0,17.05,17.05,0.0,25.01,25.01,0.0
2016-04-21,8.551,8.551,0.0,16.85,16.85,0.0,24.81,24.81,0.0
2016-04-22,8.923,8.923,0.0,17.72,17.72,0.0,26.27,26.27,0.0
2016-04-23,8.2,8.2,0.0,16.38,16.38,0.0,24.43,24.43,0.0
2016-04-24,8.384,8.384,0.0,16.68,16.68,0.0,24.78,24.78,0.0
2016-04-25,8.408,8.408,0.0,16.73,16.73,0.0,24.79,24.79,0.0
2016-04-26,9.136,9.136,0.0,17.62,17.62,0.0,26.36,26.36,0.0
2016-04-27,9.675,9.675,0.0,17.94,17.94,0.0,26.89,26.89,0.0
2016-04-28,10.64,10.64,0.0,19.81,19.81,0.0,30.26,30.26,0.0
2016-04-29,10.16,10.16,0.0,19.08,19.08,0.0,28.91,28.91,0.0
2016-04-30,13.44,13.44,0.0,22.01,22.01,0.0,34.18,34.18,0.0
2016-05-01,14.84,14.84,0.0,24.11,24.11,0.0,37.78,37.78,0.0
2016-05-02,13.57,13.57,0.0,22.46,22.46,0.0,35.36,35.36,0.0
2016-05-03,12.95,12.95,0.0,20.87,20.87,0.0,33.46,33.46,0.0
2016-05-04,14.19,14.19,0.0,19.43,19.43,0.0,31.99,31.99,0.0
2016-05-05,19.09,19.09,0.0,24.17,24.17,0.0,40.6,40.6,0.0
2016-05-06,15.06,15.06,0.0,22.78,22.78,0.0,37.69,37.69,0.0
2016-05-07,12.64,12.64,0.0,22.05,22.05,0.0,35.58,35.58,0.0
2016-05-08,10.22,10.22,0.0,21.78,21.78,0.0,32.23,32.23,0.0
2016-05-09,12.39,12.39,0.0,24.36,24.36,0.0,37.18,37.18,0.0
2016-05-10,14.15,14.15,0.0,24.63,24.63,0.0,38.46,38.46,0.0
2016-05-11,14.47,14.47,0.0,24.88,24.88,0.0,39.21,39.21,0.0
2016-05-12,14.82,14.82,0.0,25.21,25.21,0.0,40.06,40.06,0.0
2016-05-13,14.52,14.52,0.0,24.98,24.98,0.0,39.59,39.59,0.0
2016-05-14,15.27,15.27,0.0,22.62,22.62,0.0,38.09,38.09,0.0
2016-05-15,14.37,14.37,0.0,22.84,22.84,0.0,36.64,36.64,0.0
2016-05-16,14.48,14.48,0.0,23.09,23.09,0.0,37.22,37.22,0.0
2016-05-17,14.25,14.25,0.0,22.87,22.87,0.0,36.55,36.55,0.0
2016-05-18,12.08,12.08,0.0,22.64,22.64,0.0,35.39,35.39,0.0
2016-05-19,11.92,11.92,0.0,23.18,23.18,0.0,35.83,35.83,0.0
2016-05-20,17.31,17.31,0.0,26.86,26.86,0.0,43.58,43.58,0.0
2016-05-21,17.95,17.95,0.0,29.35,29.35,0.0,46.99,46.99,0.0
2016-05-22,15.83,15.83,0.0,28.62,28.62,0.0,45.34,45.34,0.0
2016-05-23,15.74,15.74,0.0,27.82,27.82,0.0,44.08,44.08,0.0
2016-05-24,15.46,15.46,0.0,27.41,27.41,0.0,43.29,43.29,0.0
2016-05-25,15.11,15.11,0.0,23.1,23.1,0.0,38.64,38.64,0.0
2016-05-26,13.75,13.75,0.0,23.49,23.49,0.0,37.57,37.57,0.0
2016-05-27,12.18,12.18,0.0,22.74,22.74,0.0,35.48,35.48,0.0
2016-05-28,12.18,12.18,0.0,21.82,21.82,0.0,34.4,34.4,0.0
2016-05-29,12.95,12.95,0.0,22.93,22.93,0.0,36.29,36.29,0.0
2016-05-30,13.27,13.27,0.0,23.27,23.27,0.0,37.04,37.04,0.0
2016-05-31,13.26,13.26,0.0,23.24,23.24,0.0,36.93,36.93,0.0
2016-06-01,13.08,13.08,0.0,22.98,22.98,0.0,36.5,36.5,0.0
2016-06-02,15.08,15.08,0.0,24.31,24.31,0.0,41.13,41.13,0.0
2016-06-03,14.46,14.46,0.0,23.92,23.92,0.0,39.79,39.79,0.0
2016-06-04,17.75,17.75,0.0,21.13,21.13,0.0,38.49,38.49,0.0
2016-06-05,16.02,16.02,0.0,23.77,23.77,0.0,41.03,41.03,0.0
2016-06-06,15.41,15.41,0.0,23.41,23.41,0.0,39.0,39.0,0.0
2016-06-07,15.11,15.11,0.0,22.19,22.19,0.0,37.71,37.71,0.0
2016-06-08,10.78,10.78,0.0,20.78,20.78,0.0,32.68,32.68,0.0
2016-06-09,12.17,12.17,0.0,21.51,21.51,0.0,34.41,34.41,0.0
2016-06-10,12.76,12.76,0.0,21.77,21.77,0.0,35.21,35.21,0.0
2016-06-11,12.89,12.89,0.0,21.65,21.65,0.0,35.17,35.17,0.0
2016-06-12,12.74,12.74,0.0,21.26,21.26,0.0,34.62,34.62,0.0
2016-06-13,12.47,12.47,0.0,18.24,18.24,0.0,31.3,31.3,0.0
2016-06-14,12.16,12.16,0.0,18.91,18.91,0.0,31.21,31.21,0.0
2016-06-15,10.88,10.88,0.0,18.31,18.31,0.0,29.58,29.58,0.0
2016-06-16,10.57,10.57,0.0,19.35,19.35,0.0,31.71,31.71,0.0
2016-06-17,10.51,10.51,0.0,18.22,18.22,0.0,29.5,29.5,0.0
2016-06-18,10.61,10.61,0.0,18.15,18.15,0.0,29.37,29.37,0.0
2016-06-19,10.58,10.58,0.0,18.01,18.01,0.0,29.15,29.15,0.0
2016-06-20,10.63,10.63,0.0,18.25,18.25,0.0,29.7,29.7,0.0
2016-06-21,10.7,10.7,0.0,18.86,18.86,0.0,31.13,31.13,0.0
2016-06-22,11.52,11.52,0.0,23.22,23.22,0.0,38.78,38.78,0.0
2016-06-23,15.79,15.79,0.0,30.12,30.12,0.0,48.92,48.92,0.0
2016-06-24,13.9,13.9,0.0,26.18,26.18,0.0,43.06,43.06,0.0
2016-06-25,13.53,13.53,0.0,25.01,25.01,0.0,40.92,40.92,0.0
2016-06-26,13.34,13.34,0.0,24.84,24.84,0.0,40.51,40.51,0.0
2016-06-27,13.35,13.35,0.0,24.85,24.85,0.0,40.64,40.64,0.0
2016-06-28,11.92,11.92,0.0,20.47,20.47,0.0,33.97,33.97,0.0
2016-06-29,9.769,9.769,0.0,17.89,17.89,0.0,29.34,29.34,0.0
2016-06-30,10.68,10.68,0.0,19.85,19.85,0.0,32.23,32.23,0.0
2016-07-01,11.03,11.03,0.0,20.74,20.74,0.0,33.54,33.54,0.0
2016-07-02,11.03,11.03,0.0,20.95,20.95,0.0,33.76,33.76,0.0
2016-07-03,10.89,10.89,0.0,20.83,20.83,0.0,33.49,33.49,0.0
2016-07-04,13.16,13.16,0.0,23.5,23.5,0.0,38.69,38.69,0.0
2016-07-05,11.77,11.77,0.0,21.74,21.74,0.0,35.32,35.32,0.0
2016-07-06,11.53,11.53,0.0,21.3,21.3,0.0,34.45,34.45,0.0
2016-07-07,11.25,11.25,0.0,20.85,20.85,0.0,33.12,33.12,0.0
2016-07-08,8.98,8.98,0.0,16.55,16.55,0.0,26.98,26.98,0.0
2016-07-09,9.4,9.4,0.0,16.76,16.76,0.0,27.59,27.59,0.0
2016-07-10,9.715,9.715,0.0,17.79,17.79,0.0,28.91,28.91,0.0
2016-07-11,9.775,9.775,0.0,18.22,18.22,0.0,29.37,29.37,0.0
2016-07-12,9.736,9.736,0.0,18.39,18.39,0.0,29.55,29.55,0.0
2016-07-13,9.555,9.555,0.0,18.17,18.17,0.0,29.11,29.11,0.0
2016-07-14,9.309,9.309,0.0,17.73,17.73,0.0,28.3,28.3,0.0
2016-07-15,8.858,8.858,0.0,17.37,17.37,0.0,27.58,27.58,0.0
2016-07-16,8.089,8.089,0.0,14.75,14.75,0.0,23.65,23.65,0.0
2016-07-17,7.857,7.857,0.0,14.62,14.62,0.0,23.59,23.59,0.0
2016-07-18,8.132,8.132,0.0,14.94,14.94,0.0,24.24,24.24,0.0
2016-07-19,8.073,8.073,0.0,15.03,15.03,0.0,24.15,24.15,0.0
2016-07-20,7.98,7.98,0.0,15.0,15.0,0.0,24.0,24.0,0.0
2016-07-21,7.835,7.835,0.0,14.8,14.8,0.0,23.63,23.63,0.0
2016-07-22,7.664,7.664,0.0,14.51,14.51,0.0,23.14,23.14,0.0
2016-07-23,7.329,7.329,0.0,14.12,14.12,0.0,22.3,22.3,0.0
2016-07-24,7.105,7.105,0.0,13.14,13.14,0.0,20.95,20.95,0.0
2016-07-25,6.508,6.508,0.0,12.2,12.2,0.0,19.73,19.73,0.0
2016-07-26,6.922,6.922,0.0,12.16,12.16,0.0,19.81,19.81,0.0
2016-07-27,6.751,6.751,0.0,12.29,12.29,0.0,19.84,19.84,0.0
2016-07-28,7.362,7.362,0.0,14.51,14.51,0.0,23.82,23.82,0.0
2016-07-29,6.688,6.688,0.0,12.39,12.39,0.0,19.91,19.91,0.0
2016-07-30,6.696,6.696,0.0,12.39,12.39,0.0,19.95,19.95,0.0
2016-07-31,6.688,6.688,0.0,12.51,12.51,0.0,20.2,20.2,0.0
2016-08-01,6.399,6.399,0.0,11.51,11.51,0.0,18.56,18.56,0.0
2016-08-02,6.126,6.126,0.0,11.45,11.45,0.0,18.33,18.33,0.0
2016-08-03,5.992,5.992,0.0,10.9,10.9,0.0,17.66,17.66,0.0
2016-08-04,5.714,5.714,0.0,10.57,10.57,0.0,16.89,16.89,0.0
2016-08-05,5.778,5.778,0.0,10.66,10.66,0.0,17.22,17.22,0.0
2016-08-06,5.759,5.759,0.0,10.61,10.61,0.0,17.08,17.08,0.0
2016-08-07,5.661,5.661,0.0,10.39,10.39,0.0,16.67,16.67,0.0
2016-08-08,5.593,5.593,0.0,10.26,10.26,0.0,16.45,16.45,0.0
2016-08-09,5.499,5.499,0.0,10.08,10.08,0.0,16.16,16.16,0.0
2016-08-10,5.471,5.471,0.0,9.842,9.842,0.0,15.88,15.88,0.0
2016-08-11,5.309,5.309,0.0,9.624,9.624,0.0,15.55,15.55,0.0
2016-08-12,4.999,4.999,0.0,9.338,9.338,0.0,14.95,14.95,0.0
2016-08-13,5.04,5.04,0.0,9.097,9.097,0.0,14.57,14.57,0.0
2016-08-14,4.757,4.757,0.0,8.916,8.916,0.0,14.27,14.27,0.0
2016-08-15,4.758,4.758,0.0,8.826,8.826,0.0,14.28,14.28,0.0
2016-08-16,4.77,4.77,0.0,8.825,8.825,0.0,14.25,14.25,0.0
2016-08-17,4.934,4.934,0.0,9.133,9.133,0.0,14.82,14.82,0.0
2016-08-18,4.674,4.674,0.0,8.558,8.558,0.0,13.76,13.76,0.0
2016-08-19,4.571,4.571,0.0,8.185,8.185,0.0,13.18,13.18,0.0
2016-08-20,4.491,4.491,0.0,8.099,8.099,0.0,13.02,13.02,0.0
2016-08-21,4.358,4.358,0.0,8.178,8.178,0.0,13.17,13.17,0.0
2016-08-22,4.253,4.253,0.0,7.838,7.838,0.0,12.56,12.56,0.0
2016-08-23,4.209,4.209,0.0,7.409,7.409,0.0,12.06,12.06,0.0
2016-08-24,3.959,3.959,0.0,7.415,7.415,0.0,11.73,11.73,0.0
2016-08-25,4.054,4.054,0.0,7.741,7.741,0.0,12.4,12.4,0.0
2016-08-26,3.917,3.917,0.0,7.082,7.082,0.0,11.4,11.4,0.0
2016-08-27,3.881,3.881,0.0,7.031,7.031,0.0,11.3,11.3,0.0
2016-08-28,3.825,3.825,0.0,6.834,6.834,0.0,11.04,11.04,0.0
2016-08-29,3.758,3.758,0.0,6.765,6.765,0.0,10.86,10.86,0.0
2016-08-30,3.65,3.65,0.0,6.596,6.596,0.0,10.62,10.62,0.0
2016-08-31,3.542,3.542,0.0,6.451,6.451,0.0,10.43,10.43,0.0
2016-09-01,3.494,3.494,0.0,6.222,6.222,0.0,10.1,10.1,0.0
2016-09-02,3.449,3.449,0.0,6.181,6.181,0.0,9.995,9.995,0.0
2016-09-03,3.237,3.237,0.0,6.104,6.104,0.0,9.632,9.632,0.0
2016-09-04,3.251,3.251,0.0,5.955,5.955,0.0,9.515,9.515,0.0
2016-09-05,3.169,3.169,0.0,5.72,5.72,0.0,9.238,9.238,0.0
2016-09-06,3.154,3.154,0.0,5.689,5.689,0.0,9.178,9.178,0.0
2016-09-07,3.115,3.115,0.0,5.617,5.617,0.0,9.026,9.026,0.0
2016-09-08,3.065,3.065,0.0,5.48,5.48,0.0,8.846,8.846,0.0
2016-09-09,2.953,2.953,0.0,5.403,5.403,0.0,8.69,8.69,0.0
2016-09-10,2.886,2.886,0.0,5.222,5.222,0.0,8.446,8.446,0.0
2016-09-11,2.86,2.86,0.0,5.066,5.066,0.0,8.244,8.244,0.0
2016-09-12,2.82,2.82,0.0,5.042,5.042,0.0,8.167,8.167,0.0
2016-09-13,2.651,2.651,0.0,4.983,4.983,0.0,7.872,7.872,0.0
2016-09-14,2.611,2.611,0.0,4.907,4.907,0.0,7.802,7.802,0.0
2016-09-15,2.614,2.614,0.0,4.693,4.693,0.0,7.587,7.587,0.0
2016-09-16,2.592,2.592,0.0,4.668,4.668,0.0,7.535,7.535,0.0
2016-09-17,2.557,2.557,0.0,4.613,4.613,0.0,7.415,7.415,0.0
2016-09-18,2.604,2.604,0.0,4.732,4.732,0.0,7.69,7.69,0.0
2016-09-19,2.545,2.545,0.0,4.583,4.583,0.0,7.436,7.436,0.0
2016-09-20,2.399,2.399,0.0,4.316,4.316,0.0,6.989,6.989,0.0
2016-09-21,2.384,2.384,0.0,4.207,4.207,0.0,6.846,6.846,0.0
2016-09-22,2.355,2.355,0.0,4.185,4.185,0.0,6.783,6.783,0.0
2016-09-23,2.212,2.212,0.0,4.137,4.137,0.0,6.532,6.532,0.0
2016-09-24,2.224,2.224,0.0,4.074,4.074,0.0,6.5,6.5,0.0
2016-09-25,2.167,2.167,0.0,4.006,4.006,0.0,6.405,6.405,0.0
2016-09-26,2.445,2.445,0.0,4.363,4.363,0.0,7.24,7.24,0.0
2016-09-27,2.211,2.211,0.0,3.86,3.86,0.0,6.248,6.248,0.0
2016-09-28,2.42,2.42,0.0,4.226,4.226,0.0,7.055,7.055,0.0
2016-09-29,8.949,8.949,0.0,11.32,11.32,0.0,18.64,18.64,0.0
2016-09-30,4.846,4.846,0.0,7.763,7.763,0.0,12.17,12.17,0.0
2016-10-01,4.513,4.513,0.0,6.226,6.226,0.0,10.09,10.09,0.0
2016-10-02,4.65,4.65,0.0,6.234,6.234,0.0,10.12,10.12,0.0
2016-10-03,4.669,4.669,0.0,6.234,6.234,0.0,10.12,10.12,0.0
2016-10-04,4.616,4.616,0.0,6.175,6.175,0.0,9.994,9.994,0.0
2016-10-05,4.531,4.531,0.0,6.087,6.087,0.0,9.86,9.86,0.0
2016-10-06,4.448,4.448,0.0,5.909,5.909,0.0,9.516,9.516,0.0
2016-10-07,5.807,5.807,0.0,7.677,7.677,0.0,12.51,12.51,0.0
2016-10-08,7.23,7.23,0.0,10.25,10.25,0.0,16.45,16.45,0.0
2016-10-09,7.09,7.09,0.0,8.705,8.705,0.0,14.46,14.46,0.0
2016-10-10,7.156,7.156,0.0,8.751,8.751,0.0,14.58,14.58,0.0
2016-10-11,7.077,7.077,0.0,8.726,8.726,0.0,14.51,14.51,0.0
2016-10-12,5.694,5.694,0.0,7.729,7.729,0.0,12.83,12.83,0.0
2016-10-13,5.163,5.163,0.0,7.484,7.484,0.0,12.32,12.32,0.0
2016-10-14,5.716,5.716,0.0,7.316,7.316,0.0,12.32,12.32,0.0
2016-10-15,5.652,5.652,0.0,7.469,7.469,0.0,12.3,12.3,0.0
2016-10-16,5.841,5.841,0.0,6.934,6.934,0.0,11.48,11.48,0.0
2016-10-17,5.868,5.868,0.0,7.085,7.085,0.0,11.79,11.79,0.0
2016-10-18,5.811,5.811,0.0,7.273,7.273,0.0,12.02,12.02,0.0
2016-10-19,5.702,5.702,0.0,7.296,7.296,0.0,12.0,12.0,0.0
2016-10-20,5.222,5.222,0.0,7.384,7.384,0.0,11.95,11.95,0.0
2016-10-21,5.201,5.201,0.0,7.402,7.402,0.0,12.18,12.18,0.0
2016-10-22,4.621,4.621,0.0,7.448,7.448,0.0,11.67,11.67,0.0
2016-10-23,4.627,4.627,0.0,7.046,7.046,0.0,11.14,11.14,0.0
2016-10-24,4.797,4.797,0.0,6.892,6.892,0.0,10.78,10.78,0.0
2016-10-25,4.838,4.838,0.0,7.041,7.041,0.0,11.03,11.03,0.0
2016-10-26,4.807,4.807,0.0,7.076,7.076,0.0,11.01,11.01,0.0
2016-10-27,4.746,4.746,0.0,6.037,6.037,0.0,9.97,9.97,0.0
2016-10-28,4.663,4.663,0.0,6.412,6.412,0.0,10.3,10.3,0.0
2016-10-29,4.297,4.297,0.0,6.547,6.547,0.0,10.25,10.25,0.0
2016-10-30,3.967,3.967,0.0,6.84,6.84,0.0,10.67,10.67,0.0
2016-10-31,4.032,4.032,0.0,6.678,6.678,0.0,10.22,10.22,0.0
2016-11-01,3.988,3.988,0.0,6.794,6.794,0.0,10.31,10.31,0.0
2016-11-02,4.054,4.054,0.0,6.428,6.428,0.0,9.946,9.946,0.0
2016-11-03,4.608,4.608,0.0,7.669,7.669,0.0,12.1,12.1,0.0
2016-11-04,4.47,4.47,0.0,7.316,7.316,0.0,11.36,11.36,0.0
2016-11-05,4.451,4.451,0.0,6.989,6.989,0.0,11.03,11.03,0.0
2016-11-06,4.391,4.391,0.0,7.077,7.077,0.0,11.07,11.07,0.0
2016-11-07,4.312,4.312,0.0,6.131,6.131,0.0,9.966,9.966,0.0
2016-11-08,3.872,3.872,0.0,6.717,6.717,0.0,10.13,10.13,0.0
2016-11-09,3.942,3.942,0.0,7.476,7.476,0.0,11.27,11.27,0.0
2016-11-10,3.737,3.737,0.0,6.928,6.928,0.0,10.54,10.54,0.0
2016-11-11,3.845,3.845,0.0,6.794,6.794,0.0,10.49,10.49,0.0
2016-11-12,3.662,3.662,0.0,6.67,6.67,0.0,10.28,10.28,0.0
2016-11-13,3.725,3.725,0.0,6.867,6.867,0.0,10.48,10.48,0.0
2016-11-14,4.037,4.037,0.0,7.062,7.062,0.0,10.92,10.92,0.0
2016-11-15,4.103,4.103,0.0,7.062,7.062,0.0,10.96,10.96,0.0
2016-11-16,4.091,4.091,0.0,6.69,6.69,0.0,10.57,10.57,0.0
2016-11-17,4.039,4.039,0.0,5.818,5.818,0.0,9.636,9.636,0.0
2016-11-18,3.864,3.864,0.0,6.197,6.197,0.0,9.526,9.526,0.0
2016-11-19,4.024,4.024,0.0,6.985,6.985,0.0,10.79,10.79,0.0
2016-11-20,3.503,3.503,0.0,6.983,6.983,0.0,10.43,10.43,0.0
2016-11-21,3.388,3.388,0.0,6.461,6.461,0.0,9.859,9.859,0.0
2016-11-22,3.349,3.349,0.0,6.658,6.658,0.0,10.05,10.05,0.0
2016-11-23,3.482,3.482,0.0,6.156,6.156,0.0,9.601,9.601,0.0
2016-11-24,3.551,3.551,0.0,6.669,6.669,0.0,10.19,10.19,0.0
2016-11-25,3.493,3.493,0.0,6.706,6.706,0.0,10.1,10.1,0.0
2016-11-26,3.472,3.472,0.0,6.871,6.871,0.0,10.28,10.28,0.0
2016-11-27,3.381,3.381,0.0,6.462,6.462,0.0,9.551,9.551,0.0
2016-11-28,3.763,3.763,0.0,7.529,7.529,0.0,11.28,11.28,0.0
2016-11-29,5.135,5.135,0.0,9.22,9.22,0.0,14.18,14.18,0.0
2016-11-30,7.608,7.608,0.0,13.13,13.13,0.0,20.41,20.41,0.0
2016-12-01,7.324,7.324,0.0,11.33,11.33,0.0,18.13,18.13,0.0
2016-12-02,7.482,7.482,0.0,11.41,11.41,0.0,18.35,18.35,0.0
2016-12-03,7.447,7.447,0.0,11.39,11.39,0.0,18.3,18.3,0.0
2016-12-04,7.794,7.794,0.0,10.22,10.22,0.0,17.46,17.46,0.0
2016-12-05,7.897,7.897,0.0,9.735,9.735,0.0,16.91,16.91,0.0
2016-12-06,10.6,10.6,0.0,15.1,15.1,0.0,24.9,24.9,0.0
2016-12-07,9.145,9.145,0.0,12.79,12.79,0.0,21.33,21.33,0.0
2016-12-08,7.482,7.482,0.0,13.1,13.1,0.0,20.86,20.86,0.0
2016-12-09,6.612,6.612,0.0,13.15,13.15,0.0,19.41,19.41,0.0
2016-12-10,6.926,6.926,0.0,12.01,12.01,0.0,18.2,18.2,0.0
2016-12-11,7.683,7.683,0.0,11.44,11.44,0.0,18.63,18.63,0.0
2016-12-12,9.021,9.021,0.0,14.55,14.55,0.0,22.95,22.95,0.0
2016-12-13,7.879,7.879,0.0,12.75,12.75,0.0,20.25,20.25,0.0
2016-12-14,7.814,7.814,0.0,10.32,10.32,0.0,17.78,17.78,0.0
2016-12-15,7.671,7.671,0.0,10.5,10.5,0.0,17.81,17.81,0.0
2016-12-16,7.688,7.688,0.0,11.07,11.07,0.0,18.62,18.62,0.0
2016-12-17,7.449,7.449,0.0,25.98,25.98,0.0,35.93,35.93,0.0
2016-12-18,6.663,6.663,0.0,16.26,16.26,0.0,23.24,23.24,0.0
2016-12-19,6.283,6.283,0.0,10.83,10.83,0.0,17.09,17.09,0.0
2016-12-20,6.478,6.478,0.0,9.92,9.92,0.0,15.82,15.82,0.0
2016-12-21,6.521,6.521,0.0,10.3,10.3,0.0,16.42,16.42,0.0
2016-12-22,6.474,6.474,0.0,10.59,10.59,0.0,16.75,16.75,0.0
2016-12-23,8.243,8.243,0.0,11.75,11.75,0.0,19.48,19.48,0.0
2016-12-24,7.535,7.535,0.0,12.81,12.81,0.0,20.37,20.37,0.0
2016-12-25,6.022,6.022,0.0,11.28,11.28,0.0,17.47,17.47,0.0
2016-12-26,6.391,6.391,0.0,12.72,12.72,0.0,19.57,19.57,0.0
2016-12-27,8.094,8.094,0.0,14.44,14.44,0.0,22.27,22.27,0.0
2016-12-28,9.593,9.593,0.0,16.85,16.85,0.0,26.0,26.0,0.0
2016-12-29,10.19,10.19,0.0,16.98,16.98,0.0,26.59,26.59,0.0
2016-12-30,9.678,9.678,0.0,16.07,16.07,0.0,25.41,25.41,0.0
2016-12-31,9.559,9.559,0.0,16.56,16.56,0.0,25.88,25.88,0.0
