date,year,dtr_c,srad,clouds,sclear,sndn_h,obs_sunset_h,obs_gap_h,tmax_c,tmin_c,official_ts_c,observed_near_sunset_c,sunset_error_c,dtr_cloud_x
2000-05-01,2000,10.0,25.1,0.13665342652121282,29.07291320895793,19.005936936675834,18.88222222222222,0.12363601027777778,24.0,14.0,21.656757651963424,22.0,-0.3432423480365756,0.0
2000-05-02,2000,7.0,18.97,0.35111455344833986,29.234744130587814,19.027818064467443,18.884166666666665,0.14362532305555556,23.0,16.0,21.350201180615763,20.0,1.3502011806157626,0.0
2000-05-03,2000,9.0,15.46,0.4740417052090592,29.393965554141666,19.04946936932894,18.885833333333334,0.16354547583333334,24.0,15.0,21.86673526028446,21.0,0.8667352602844609,0.0
2000-05-04,2000,13.0,23.88,0.1918928943593763,29.550538330026466,19.070882578827508,18.88722222222222,0.18338924888888888,27.0,14.0,23.901379470141435,25.0,-1.0986205298585645,0.0
2000-05-05,2000,16.0,27.34,0.0795983879423261,29.704424288086567,19.09204928366328,18.88888888888889,0.20314906638888888,32.0,16.0,28.16538956699253,28.0,0.1653895669925305,0.09551806553079126
2000-05-06,2000,9.0,7.43,0.7511353505375596,29.85558622347191,19.11296094235434,18.89,0.2228169988888889,14.0,5.0,11.831430481678694,10.0,1.8314304816786944,0.0
2000-05-07,2000,14.0,26.3,0.12344985262593411,30.00398788225465,19.1336088865708,18.891111111111112,0.24238476805555553,19.0,5.0,15.6088913718608,17.0,-1.3911086281392002,0.0
2000-05-08,2000,14.0,18.96,0.371135809212084,30.149593946897586,19.153984327134236,18.891944444444444,0.26184375277777777,23.0,9.0,19.591387143880663,19.0,0.591387143880663,0.0
2000-05-09,2000,19.0,22.18,0.2678024207373193,30.292370021675225,19.17407836069709,18.892777777777777,0.28118499722222223,31.0,12.0,26.350649877291882,25.0,1.3506498772918825,1.124770167096741
2000-05-10,2000,11.0,27.93,0.08222461159236427,30.43228261814612,19.193881977114923,18.893333333333334,0.3003992161111111,27.0,16.0,24.294962730149294,25.0,-0.7050372698507061,0.0
2000-05-11,2000,14.0,18.23,0.4036500504623759,30.569299140772138,19.213386067521952,18.89388888888889,0.3194768061111111,30.0,16.0,26.540580002514588,24.0,2.540580002514588,0.0
2000-05-12,2000,7.0,15.91,0.481816141400252,30.703387872776432,19.23258143311824,18.894166666666667,0.3384078538888889,22.0,15.0,20.262116702640448,20.0,0.26211670264044784,0.0
2000-05-13,2000,8.0,23.91,0.224570332858389,30.83451796232797,19.25145879467404,18.894166666666667,0.35718214750000005,22.0,14.0,20.004680989236146,21.0,-0.9953190107638541,0.0
2000-05-14,2000,10.0,16.32,0.47291349285117523,30.96265940913564,19.27000880275388,18.894166666666667,0.3757891872222222,23.0,13.0,20.494615160636734,22.0,-1.5053848393632663,0.0
2000-05-15,2000,13.0,27.65,0.11058308808420558,31.087783051530014,19.288222048659975,18.89388888888889,0.3942181991666666,24.0,11.0,20.72868755804471,22.0,-1.2713124419552884,0.0
2000-05-16,2000,12.0,28.02,0.10220681853335811,31.2098605541048,19.306089076090895,18.89361111111111,0.4124581494444444,28.0,16.0,24.967393196338712,26.0,-1.032606803661288,0.0
2000-05-17,2000,17.0,26.75,0.14615481551164067,31.328864395984294,19.323600393507927,18.893055555555556,0.4304977572222223,32.0,15.0,27.685884793921062,30.0,-2.314115206078938,0.32154059412560937
2000-05-18,2000,12.0,28.98,0.07838403739431565,31.44476785977628,19.340746487197485,18.892222222222223,0.44832551055555553,35.0,23.0,31.942379354003208,31.0,0.9423793540032079,0.0
2000-05-19,2000,9.0,26.91,0.14727207132657993,31.557545021263238,19.357517835013972,18.891388888888887,0.46592968472222224,32.0,23.0,29.697732470948054,30.0,-0.30226752905194587,0.0
2000-05-20,2000,11.0,20.85,0.34158942801465897,31.667170739877196,19.373904920782916,18.890555555555554,0.4832983577777778,33.0,22.0,30.17532771807867,30.0,0.17532771807866965,0.0
2000-05-21,2000,15.0,23.77,0.25189514088307186,31.77362064999603,19.3898982493399,19.889444444444443,0.4995805705555556,35.0,20.0,31.133840903717207,29.0,2.133840903717207,0.050379028176614195
2000-05-22,2000,12.0,12.69,0.6019057222067008,31.87687115309146,19.405488362175912,19.888055555555557,0.48271936027777773,28.0,16.0,24.895915369120857,19.0,5.895915369120857,0.0
2000-05-23,2000,6.0,6.42,0.7992300655065534,31.97689941075096,19.420665853655056,19.886666666666667,0.46613040916666665,20.0,14.0,18.44253622186053,18.0,0.44253622186052866,0.0
2000-05-24,2000,13.0,28.33,0.11672134126495293,32.07368333858728,19.435421387765565,19.884999999999998,0.4498262347222222,26.0,13.0,22.61409482166219,22.0,0.6140948216621887,0.0
2000-05-25,2000,13.0,26.88,0.16436622826620717,32.16720160104197,19.449745715360166,19.883333333333333,0.4338194511111111,30.0,17.0,26.603046147831144,24.0,2.6030461478311437,0.0
2000-05-26,2000,7.0,17.48,0.4581094016058601,32.25743360708034,19.463629691836744,19.881666666666668,0.4181227469444444,26.0,19.0,24.165113972695025,20.0,4.165113972695025,0.0
2000-05-27,2000,12.0,19.64,0.3927843896277964,32.34435950676781,19.477064295205487,19.879722222222224,0.4027488636111111,26.0,14.0,22.844946380484746,22.0,0.8449463804847461,0.0
2000-05-28,2000,10.0,26.87,0.17139407339732826,32.42796018870928,19.490040644483663,19.8775,0.3877105708333333,23.0,13.0,20.3631257909409,20.0,0.3631257909408987,0.0
2000-05-29,2000,11.0,21.74,0.3312460103896677,32.50821727832592,19.502550018354576,19.875555555555557,0.37302064388888884,26.0,15.0,23.0913245480597,22.0,1.0913245480596991,0.0
2000-05-30,2000,10.0,18.42,0.434711184748948,32.58511313693593,19.514583874022723,19.873055555555556,0.35869183861111115,28.0,18.0,25.348663874581085,24.0,1.348663874581085,0.0
2000-05-31,2000,12.0,24.72,0.2430791080998299,32.658630861599086,19.526133866192886,19.870833333333334,0.34473686777777773,30.0,18.0,26.810246853638642,25.0,1.8102468536386418,0.0
2000-06-01,2000,8.0,20.67,0.36844525704893916,32.72875428567832,19.53719186609701,19.868333333333332,0.33116837583333336,26.0,18.0,23.86830297919115,23.0,0.8683029791911494,0.0
2000-06-02,2000,9.0,14.57,0.5557312977251512,32.79546798006537,19.54774998048912,19.865555555555556,0.31799891444444445,25.0,16.0,22.596267780854536,20.0,2.596267780854536,0.0
2000-06-03,2000,10.0,21.66,0.34081499699152185,32.858757255012094,19.55780057052538,19.86277777777778,0.30524091694444444,23.0,13.0,20.32329886512092,21.0,-0.6767011348790817,0.0
2000-06-04,2000,7.0,7.97,0.7578876980261222,32.9186081625043,19.56733627044394,19.860000000000003,0.29290667444444446,19.0,12.0,17.122403517619983,17.0,0.1224035176199827,0.0
2000-06-05,2000,10.0,19.73,0.4016680663216782,32.97500749911059,19.576350005956854,19.857222222222223,0.2810083102777778,24.0,14.0,21.31245088584393,20.0,1.3124508858439299,0.0
2000-06-06,2000,13.0,29.56,0.10500026687298813,33.02794280923552,19.58483501226523,19.854166666666668,0.26955775527777776,30.0,17.0,26.49974554449272,25.0,1.4997455444927184,0.0
2000-06-07,2000,14.0,30.16,0.08819925925319616,33.077402388703554,19.592784851607632,19.851111111111113,0.258566725,33.0,19.0,29.224002886439933,31.0,-1.7759971135600665,0.0
2000-06-08,2000,17.0,30.6,0.07618110372547826,33.12337528859868,19.600193430251807,19.848055555555554,0.248046695,36.0,19.0,31.407520479750346,27.0,4.407520479750346,0.1675984281960521
2000-06-09,2000,10.0,14.94,0.5495366648009565,33.16585131928341,19.607055014840363,19.845,0.23800887694444445,32.0,22.0,29.294545849592204,25.0,4.294545849592204,0.0
2000-06-10,2000,6.0,10.63,0.679865764596473,33.204821054520956,19.61336424800236,19.841666666666665,0.22846419666666665,23.0,17.0,21.374524834144797,20.0,1.3745248341447969,0.0
2000-06-11,2000,4.0,6.18,0.8140809651953437,33.24027583562532,19.61911616314477,19.83833333333333,0.21942327305555553,17.0,13.0,15.915012101080771,15.0,0.9150121010807712,0.0
2000-06-12,2000,7.0,8.78,0.736116098480007,33.272207775565235,19.62430619834084,19.834999999999997,0.21089639500000001,19.0,12.0,17.099160100688604,18.0,-0.9008398993113964,0.0
2000-06-13,2000,11.0,29.37,0.11803416787052612,33.30060976295105,19.628930209235804,19.831666666666667,0.20289350333333334,26.0,15.0,23.01001196848333,23.0,0.010011968483329525,0.0
2000-06-14,2000,12.0,30.2,0.09378637280181301,33.325475465836625,19.632984480895,19.828333333333333,0.19542416972222224,29.0,17.0,25.735370923910928,25.0,0.7353709239109278,0.0
2000-06-15,2000,9.0,28.89,0.13364998812819862,33.34679933527261,19.63646573852433,19.82472222222222,0.18849757944444442,29.0,20.0,26.549710380702678,25.0,1.5497103807026775,0.0
2000-06-16,2000,14.0,30.28,0.09245064442873219,33.36457660855248,19.639371156999037,19.82138888888889,0.18212251444444444,32.0,18.0,28.18607928434089,27.0,1.1860792843408916,0.0
2000-06-17,2000,11.0,24.53,0.26510247324807923,33.37880331209849,19.64169836914314,19.817777777777778,0.1763073363888889,31.0,20.0,28.001863777272582,26.0,2.0018637772725825,0.0
2000-06-18,2000,7.0,12.94,0.6124527411657931,33.38947626394061,19.643445472708866,19.814444444444444,0.17105997305555556,26.0,19.0,24.091386230134923,22.0,2.0913862301349226,0.0
2000-06-19,2000,14.0,31.08,0.06936614972953725,33.39659307574882,19.644611036013124,19.810833333333335,0.166387905,30.0,16.0,26.18182674989516,26.0,0.18182674989515846,0.0
2000-06-20,2000,12.0,21.08,0.36886515059687663,33.40015215438629,19.645194102196037,19.807222222222222,0.1622981527777778,32.0,20.0,28.726874610808412,28.0,0.7268746108084123,0.0
2000-06-21,2000,10.0,24.16,0.2766500137030874,33.40015270295875,19.645194192074904,19.80388888888889,0.15879726694444446,32.0,22.0,29.272395456924475,28.0,1.2723954569244746,0.0
2000-06-22,2000,8.0,17.18,0.48557629472862207,33.39659472134338,19.64461130557584,19.80027777777778,0.15589131833333333,31.0,23.0,28.818186589253372,28.0,0.8181865892533722,0.0
2000-06-23,2000,9.0,13.44,0.5974779960625065,33.38947900618884,19.64344592173397,19.796944444444446,0.15358589111111112,30.0,21.0,27.54606777594633,25.0,2.54606777594633,0.0
2000-06-24,2000,11.0,28.84,0.13597871038162757,33.37880715038662,19.641698997262278,19.793333333333337,0.15188607555555553,32.0,21.0,29.001863376730434,28.0,1.0018633767304337,0.0
2000-06-25,2000,10.0,23.5,0.29566028063614724,33.364581542021774,19.639371963698046,19.790000000000003,0.15079646444444444,32.0,22.0,29.275770449603666,28.0,1.275770449603666,0.0
2000-06-26,2000,13.0,26.95,0.1918266320632943,33.34680536281995,19.63646672314477,19.78666666666667,0.15032114777777777,36.0,23.0,32.46069202963119,29.0,3.46069202963119,0.0
2000-06-27,2000,12.0,27.9,0.1628028212973487,33.32548258611522,19.632985642636104,19.783333333333335,0.15046371249999999,37.0,25.0,33.73537011490828,32.0,1.735370114908278,0.0
2000-06-28,2000,11.0,29.59,0.11142790134486302,33.30061797437121,19.628931547156824,19.779999999999998,0.15122723999999999,38.0,27.0,35.01001111402714,31.0,4.010011114027137,0.0
2000-06-29,2000,7.0,12.39,0.627617240787143,33.27221707629535,19.62430771136379,19.776666666666667,0.15261430916666668,32.0,25.0,30.09915948544585,26.0,4.099159485445849,0.0
2000-06-30,2000,11.0,14.21,0.5725066894907129,33.24028622359295,19.619117850057584,19.77361111111111,0.15462699666666668,30.0,19.0,27.016282199389586,25.0,2.016282199389586,0.0
2000-07-01,2000,11.0,24.4,0.2651672017964445,33.204832527413906,19.613366107462333,19.770555555555553,0.15726687972222222,32.0,21.0,29.019961006221834,28.0,1.019961006221834,0.0
2000-07-02,2000,16.0,25.56,0.22932807971835012,33.16586387455097,19.60705704537799,19.7675,0.16053504333333332,33.0,17.0,28.671271468247063,19.0,9.671271468247063,0.27519369566201995
2000-07-03,2000,7.0,17.88,0.4602001612419512,33.12338892345287,19.600195630274914,19.764444444444443,0.16443208222222222,24.0,17.0,22.108978123936875,22.0,0.10897812393687545,0.0
2000-07-04,2000,10.0,25.98,0.21456987039337305,33.07741710012037,19.59278721940581,19.761666666666667,0.16895811055555554,26.0,16.0,23.302857824039357,23.0,0.3028578240393571,0.0
2000-07-05,2000,12.0,28.04,0.15102230977330178,33.02795859395624,19.584837546014512,19.75888888888889,0.1741127686111111,30.0,18.0,26.768994112788164,27.0,-0.23100588721183613,0.0
2000-07-06,2000,12.0,30.28,0.0817292604469394,32.975024353643065,19.57635270372465,19.75611111111111,0.17989523138888888,33.0,21.0,29.774939171833363,27.0,2.7749391718333634,0.0
2000-07-07,2000,13.0,27.85,0.15397441163932912,32.91862608312411,19.567339130194185,19.753611111111113,0.18630421694444446,35.0,22.0,31.51303293006758,30.0,1.513032930067581,0.0
2000-07-08,2000,10.0,23.25,0.2924264789484341,32.85877623776372,19.557803590123868,19.75111111111111,0.19333799944444444,37.0,27.0,34.3232970973013,31.0,3.3232970973012996,0.0
2000-07-09,2000,14.0,31.18,0.0492594597080086,32.795488020763266,19.547753157708968,19.748611111111114,0.2009944177777778,39.0,25.0,35.26085838524527,31.0,4.260858385245271,0.0
2000-07-10,2000,13.0,31.14,0.048543685532553615,32.72877537990783,19.537195198624303,19.74638888888889,0.20927088833333332,40.0,27.0,36.53598979875055,32.0,4.535989798750549,0.0
2000-07-11,2000,9.0,27.03,0.1723479839754648,32.65865300471728,19.526137351632375,19.74416666666667,0.2181644161111111,38.0,29.0,35.60768329694593,33.0,2.607683296945929,0.0
2000-07-12,2000,10.0,26.29,0.1931904246606364,32.585136324072245,19.514587509903635,19.742222222222225,0.22767160916666668,35.0,25.0,32.34866173521609,32.0,0.34866173521609056,0.0
2000-07-13,2000,7.0,18.74,0.42353079918292247,32.50824150438262,19.502553802136447,19.740277777777777,0.2377886897222222,31.0,24.0,29.14902315174917,26.0,3.1490231517491694,0.0
2000-07-14,2000,12.0,22.81,0.2965952190794401,32.427985448361746,19.4900445735622,19.738333333333333,0.24851150805555555,34.0,22.0,30.835748166957636,31.0,-0.16425183304236413,0.0
2000-07-15,2000,6.0,9.21,0.7152519742212514,32.34438579446462,19.477068366918438,19.736666666666668,0.2598355561111111,27.0,21.0,25.422471746490107,23.0,2.422471746490107,0.0
2000-07-16,2000,12.0,25.8,0.2001850342049496,32.2574609170431,19.46363390346974,19.735277777777778,0.2717559816666667,31.0,19.0,27.854478104677497,27.0,0.8544781046774972,0.0
2000-07-17,2000,5.0,8.25,0.7435278070677973,32.16722992726486,19.449750064152493,19.733888888888888,0.28426760055555556,25.0,20.0,23.693477998568376,23.0,0.6934779985683761,0.0
2000-07-18,2000,8.0,18.14,0.4344278074726353,32.07371267483649,19.435425870915893,19.732777777777777,0.2973649122222222,26.0,18.0,23.916363914373783,22.0,1.9163639143737825,0.0
2000-07-19,2000,9.0,23.74,0.25758976283263957,31.97692975056367,19.420670468327046,19.731666666666666,0.3110421113888889,29.0,20.0,26.663801862373788,26.0,0.6638018623737878,0.0
2000-07-20,2000,11.0,28.5,0.10593571602064977,31.876902489774718,19.405493105503744,19.730555555555554,0.32529310388888893,33.0,22.0,30.154585979374872,28.0,2.154585979374872,0.0
2000-07-21,2000,11.0,22.06,0.3057140764951146,31.77365297662523,19.389903118433654,19.729999999999997,0.3401115180555555,34.0,23.0,31.164813465607942,30.0,1.164813465607942,0.0
2000-07-22,2000,4.0,15.75,0.5026400191351619,31.66720404929443,19.373909912733815,19.729166666666664,0.35549071861111115,30.0,26.0,28.97284524883592,26.0,2.9728452488359203,0.0
2000-07-23,2000,3.0,14.86,0.5291147063000713,31.557579306075173,19.35752294689947,19.728888888888886,0.37142381999999996,27.0,24.0,26.23257657150905,25.0,1.2325765715090498,0.0
2000-07-24,2000,9.0,18.39,0.41516568145481036,31.44480311235193,19.340751716086167,19.72861111111111,0.3879036983333334,30.0,21.0,27.706781690611457,26.0,1.7067816906114572,0.0
2000-07-25,2000,4.0,8.46,0.7299617977109125,31.328900608452468,19.32360573646426,19.72833333333333,0.40492300444444446,27.0,23.0,25.984912783765747,25.0,0.984912783765747,0.0
2000-07-26,2000,11.0,24.62,0.2111476871158231,31.20989771835128,19.30609453017975,19.72833333333333,0.422474175,30.0,19.0,27.220106814472786,25.0,2.2201068144727856,0.0
2000-07-27,2000,10.0,24.56,0.20998001518880405,31.08782115919448,19.288227610950976,19.72861111111111,0.44054944444444444,30.0,20.0,27.483602455091365,25.0,2.483602455091365,0.0
2000-07-28,2000,13.0,28.41,0.08244431458705048,30.962698451608382,19.270014470325542,19.728888888888886,0.4591408563888889,32.0,19.0,28.742995250634653,26.0,2.742995250634653,0.0
2000-07-29,2000,12.0,18.82,0.38964586285721337,30.83455793074642,19.251464564617677,19.729444444444443,0.47824027333333335,33.0,21.0,30.007017285543796,28.0,2.007017285543796,0.0
2000-07-30,2000,12.0,14.72,0.5205747176964937,30.703428758021392,19.23258730254168,19.730277777777776,0.4978393888888889,33.0,21.0,30.020767210526703,27.0,3.020767210526703,0.0
2000-07-31,2000,7.0,22.48,0.26462268032113767,30.56934093346388,19.21339203355301,18.731111111111108,0.4820702647222222,33.0,26.0,31.270287458233625,31.0,0.270287458233625,0.0
2000-08-01,2000,12.0,17.99,0.4088522708157215,30.432325308640362,19.19388803690468,18.73222222222222,0.46149730555555557,34.0,22.0,31.04904581349154,30.0,1.0490458134915386,0.0
2000-08-02,2000,8.0,19.36,0.3608960891791614,30.292413600058897,19.174084511422926,18.733611111111113,0.44045049388888885,30.0,22.0,28.042375886332394,29.0,-0.957624113667606,0.0
2000-08-03,2000,11.0,21.09,0.30048912301673647,30.149638402984543,19.153990566002633,18.735,0.41893872388888886,31.0,20.0,28.321799977987645,27.0,1.321799977987645,0.0
2000-08-04,2000,5.0,6.27,0.7910280942218901,30.004033205581226,19.133615210819983,18.73638888888889,0.3969710138888889,24.0,19.0,22.788887833113883,23.0,-0.21111216688611734,0.0
2000-08-05,2000,9.0,24.44,0.18139399394183608,29.85563240329253,19.112967349256607,18.738333333333333,0.3745565013888889,30.0,21.0,27.831426931377507,29.0,-1.1685730686224929,0.0
2000-08-06,2000,11.0,28.04,0.05603436923046867,29.704471313369194,19.092055770527203,18.740277777777777,0.35170443416666664,34.0,23.0,31.363700923870283,31.0,0.3637009238702831,0.0
2000-08-07,2000,12.0,28.05,0.05078025118784024,29.550586189448097,19.070889142999874,18.742222222222225,0.3284241636111111,36.0,24.0,33.13973002333704,33.0,0.13973002333703732,0.0
2000-08-08,2000,13.0,25.43,0.13485787290725848,29.394014236083958,19.049476008196507,18.744722222222222,0.30472513944444446,38.0,25.0,34.918612247568234,33.0,1.918612247568234,0.0
2000-08-09,2000,11.0,22.76,0.22147560562935775,29.234793623132575,19.027824775458466,18.746944444444445,0.28061690222222224,36.0,25.0,33.407454410805926,33.0,0.4074544108059257,0.0
2000-08-10,2000,6.0,18.08,0.37811637261977693,29.072963499882892,19.005943717261424,18.749722222222225,0.25610907944444444,28.0,22.0,26.59405205713442,25.0,1.5940520571344194,0.0
2000-08-11,2000,10.0,9.69,0.6648052114577812,28.908564008833068,18.983840965161413,18.7525,0.23121137916666665,26.0,16.0,23.670536744709775,22.0,1.670536744709775,0.0
2000-08-12,2000,9.0,22.02,0.23386407889512772,28.741636299005744,18.9615245063533,18.755555555555556,0.20593358527777778,26.0,17.0,23.916037594209854,25.0,-1.083962405790146,0.0
2000-08-13,2000,13.0,26.46,0.07392573454291007,28.57222253869664,18.939002180821667,18.75861111111111,0.1802855538888889,31.0,18.0,28.008177114453602,28.0,0.00817711445360203,0.0
2000-08-14,2000,13.0,24.9,0.12325073333494518,28.400365927551512,18.916281679063353,18.761944444444445,0.15427720805555556,33.0,20.0,30.026727649511653,28.0,2.0267276495116526,0.0
2000-08-17,2000,11.0,19.41,0.30356686717525894,27.870586686869434,18.84700574648732,18.772777777777776,0.07419044166666668,33.0,22.0,30.532243897653107,29.0,1.5322438976531068,0.0
2000-08-18,2000,10.0,13.79,0.5019756951410085,27.689411672196282,18.82356640552789,18.776666666666667,0.04684128222222222,27.0,17.0,24.771448096899668,19.0,5.771448096899668,0.0
2000-08-19,2000,7.0,11.59,0.5786377809497879,27.506025637810836,18.799965056089885,18.780555555555555,0.019182304722222224,25.0,18.0,23.450514676798342,23.0,0.4505146767983419,0.0
2000-08-20,2000,11.0,23.66,0.13398294682573375,27.320478174508835,18.77620847319291,18.784722222222225,0.008776238333333334,29.0,18.0,26.58174454872885,27.0,-0.4182554512711505,0.0
2000-08-21,2000,12.0,22.36,0.1759057837841117,27.132819961622374,18.75230328059946,18.789166666666667,0.03702404833333334,32.0,20.0,29.380224387843963,27.0,2.3802243878439633,0.0
2000-08-22,2000,10.0,19.54,0.2747680114385648,26.943102770134832,18.728255952321405,18.79361111111111,0.06555078583333333,31.0,21.0,28.83224900786508,28.0,0.8322490078650802,0.0
2000-08-23,2000,13.0,23.68,0.11481200318560214,26.75137946427115,18.70407281450104,18.798333333333336,0.09434607055555555,35.0,22.0,32.202098936100654,28.0,4.202098936100654,0.0
2000-08-24,2000,5.0,6.18,0.7672991611152076,26.557704001486858,18.679760047645765,18.803055555555556,0.12339948472222222,21.0,16.0,19.931704159414284,19.0,0.9317041594142843,0.0
2000-08-25,2000,10.0,24.52,0.06987793971141232,26.3621314307847,18.655323689196173,18.80777777777778,0.15270057527777778,26.0,16.0,23.879165218318306,23.0,0.8791652183183061,0.0
2000-08-26,2000,13.0,24.44,0.06591769483585275,26.164717889292564,18.630769636407578,18.81277777777778,0.182238855,29.0,16.0,26.263546335718324,25.0,1.263546335718324,0.0
2000-08-27,2000,13.0,24.37,0.06144766445484806,25.965520597042516,18.606103649525917,18.818055555555556,0.2120038052777778,31.0,18.0,28.284321012764373,26.0,2.284321012764373,0.0
2000-08-28,2000,13.0,18.65,0.2761385173308528,25.764597849895942,18.581331355239435,18.823055555555555,0.24198487694444445,33.0,20.0,30.305234406096915,28.0,2.3052344060969148,0.0
2000-08-29,2000,11.0,21.17,0.17181783359637037,25.562009010566424,18.55645825038826,18.828611111111112,0.27217149416666664,33.0,22.0,30.737623360090105,31.0,-0.26237663990989546,0.0
2000-08-30,2000,10.0,19.49,0.2314006397605901,25.357814497697586,18.53148970591467,18.833888888888886,0.3025530527777778,29.0,19.0,26.95958456405522,24.0,2.95958456405522,0.0
2000-08-31,2000,6.0,15.71,0.37539946436988714,25.15207577296,18.50643097103756,18.839444444444442,0.33311892583333336,22.0,16.0,20.785583139033804,19.0,1.785583139033804,0.0
2000-09-01,2000,7.0,11.14,0.5534149284751513,24.944855326137237,18.48128717763528,18.845,0.3638584625,16.0,9.0,14.594716892301356,14.0,0.5947168923013564,0.0
2000-09-02,2000,14.0,24.4,0.01359208090809838,24.736216658178208,18.456063344821757,18.850555555555555,0.3947609902777778,21.0,7.0,18.212633237746395,17.0,1.2126332377463953,0.0
2000-09-03,2000,13.0,23.58,0.03858010316155436,24.526224262199054,18.430764383701472,18.85638888888889,0.4258158180555555,23.0,10.0,20.433386337419822,18.0,2.4333863374198224,0.0
2000-09-04,2000,15.0,24.52,0.0,24.314943602425014,18.405395102289596,18.862222222222222,0.4570122358333333,27.0,12.0,24.06363551967483,21.0,3.063635519674829,0.0
2000-09-05,2000,16.0,20.22,0.16108082481769115,24.102441091069245,18.379960210584176,18.868055555555557,0.4883395180555556,28.0,12.0,24.8947939364413,24.0,0.8947939364412996,0.19329698978122925
2000-09-06,2000,14.0,22.96,0.03887950348149116,23.888784063151906,18.354464325778014,17.874166666666667,0.4802130763888889,29.0,15.0,26.306604718823714,27.0,-0.6933952811762865,0.0
2000-09-07,2000,11.0,19.44,0.17884740480565897,23.674040749270436,18.328911977598437,17.88,0.44865630055555555,29.0,18.0,26.90243263996237,25.0,1.9024326399623703,0.0
2000-09-08,2000,10.0,13.73,0.4147056026349728,23.458280246337452,18.303307613763792,17.88611111111111,0.4170009202777778,27.0,17.0,25.110166130255028,22.0,3.1101661302550276,0.0
2000-09-09,2000,9.0,16.42,0.29350735585246646,23.241572486310403,18.277655605546048,17.892222222222223,0.38525770916666663,26.0,17.0,24.314551762270302,25.0,-0.6854482377296982,0.0
2000-09-10,2000,12.0,20.94,0.09051378000081933,23.023988202942608,18.251960253429495,17.898333333333333,0.3534374508333334,28.0,16.0,25.77334991537555,26.0,-0.22665008462444902,0.0
2000-09-11,2000,11.0,14.84,0.34928260085213947,22.805598896592517,18.22622579285597,17.904444444444444,0.3215509336111111,29.0,18.0,26.977868430760665,26.0,0.9778684307606653,0.0
2000-09-12,2000,13.0,21.01,0.0697973752743003,22.586476797133827,18.200456400047564,17.910833333333333,0.2896089511111111,32.0,19.0,29.632696781871772,29.0,0.6326967818717719,0.0
2000-09-13,2000,12.0,21.75,0.02757201409684784,22.366694825015212,18.17465619789818,17.916944444444447,0.2576222994444445,33.0,21.0,30.83562235671107,31.0,-0.16437764328892968,0.0
2000-09-14,2000,12.0,21.65,0.02241123598500261,22.146326550524737,18.148829261925783,17.923055555555557,0.22560177555555555,34.0,22.0,31.8565104721754,31.0,0.8565104721754011,0.0
2000-09-15,2000,9.0,17.19,0.21597946598839568,21.92544615131926,18.1229796262774,17.929166666666667,0.19355817583333335,31.0,22.0,29.40809316881602,27.0,2.40809316881602,0.0
2000-09-16,2000,8.0,15.24,0.29782943864868217,21.70412836828537,18.09711128977951,17.935555555555556,0.1615022938888889,28.0,20.0,26.59897318267354,26.0,0.5989731826735394,0.0
2000-09-17,2000,11.0,20.28,0.05597352936993716,21.482448459802942,18.07122822202643,17.941666666666666,0.12944491916666667,30.0,19.0,28.092887144883896,27.0,1.0928871448838962,0.0
2000-09-18,2000,10.0,16.74,0.21262368941779142,21.260482154488447,18.045334369499844,17.947777777777777,0.09739683472222221,27.0,17.0,25.283845066870974,25.0,0.283845066870974,0.0
2000-09-19,2000,10.0,19.92,0.05315568770740353,21.038305602499378,18.01943366171265,17.953888888888887,0.06536881555555556,29.0,19.0,27.301465272680023,27.0,0.3014652726800229,0.0
2000-09-20,2000,12.0,11.07,0.4681974209301214,20.815995325486018,17.993530017370485,17.96,0.0333716275,25.0,13.0,22.982942007093307,14.0,8.982942007093307,0.0
2000-09-21,2000,10.0,17.72,0.13953967422438596,20.593628165281523,17.967627350544504,17.96611111111111,0.0014160233333333334,21.0,11.0,19.336800908667975,18.0,1.3368009086679749,0.0
2000-09-22,2000,14.0,19.6,0.03786120385176728,20.37128123142465,17.941729576848914,17.971944444444443,0.03048725638888889,22.0,8.0,19.696313412514407,19.0,0.6963134125144066,0.0
2000-09-23,2000,11.0,18.38,0.08779736222531176,20.14903184761434,17.915840619616947,17.978055555555553,0.06232748694444444,24.0,13.0,22.209464998047103,21.0,1.2094649980471033,0.0
2000-09-24,2000,12.0,14.11,0.29191398124956613,19.92695749719794,17.889964416068796,17.983888888888888,0.09409396027777778,28.0,16.0,26.067989670777038,26.0,0.06798967077703821,0.0
2000-09-25,2000,13.0,18.84,0.043904075465076464,19.705135767799025,17.864104923465167,17.989722222222223,0.12577598805555557,30.0,17.0,27.930084729600175,27.0,0.9300847296001749,0.0
2000-09-26,2000,12.0,10.71,0.4503081745008872,19.483644295192974,17.838266125239773,17.995555555555555,0.1573629013888889,19.0,7.0,17.1106426896976,10.0,7.110642689697599,0.0
2000-09-27,2000,6.0,11.98,0.37806815082839074,19.262560706541926,17.8124520371042,18.00111111111111,0.18884405444444446,12.0,6.0,11.065993196412183,10.0,1.0659931964121832,0.0
2000-09-28,2000,10.0,18.74,0.015857743764690957,19.041962563102516,17.78666671311818,18.006666666666668,0.22020882638888886,14.0,4.0,12.461113007945332,13.0,-0.5388869920546675,0.0
2000-09-29,2000,13.0,18.17,0.03463658593744423,18.821927302522138,17.760914251718223,18.01222222222222,0.2514466202777778,19.0,6.0,17.02257625867567,16.0,1.0225762586756701,0.0
2000-09-30,2000,8.0,10.6,0.4301851007726374,18.602532180841553,17.73519880169724,18.0175,0.28254686805555557,15.0,7.0,13.797354831866674,13.0,0.7973548318666737,0.0
2001-05-01,2001,8.0,15.22,0.47351148653787833,28.9085129320585,18.983834117466134,18.88,0.10358439527777777,21.0,13.0,19.136432815977862,19.0,0.13643281597786228,0.0
2001-05-02,2001,8.0,24.86,0.1449085331998945,29.07291320895793,19.005936936675834,18.88222222222222,0.12363601027777778,23.0,15.0,21.12540612157074,20.0,1.125406121570741,0.0
2001-05-03,2001,13.0,23.68,0.1900048827441585,29.234744130587814,19.027818064467443,18.884166666666665,0.14362532305555556,27.0,14.0,23.936087906857846,23.0,0.9360879068578463,0.0
2001-05-04,2001,6.0,16.15,0.4505674992966564,29.393965554141666,19.04946936932894,18.885833333333334,0.16354547583333334,20.0,14.0,18.577823506856305,17.0,1.577823506856305,0.0
2001-05-05,2001,9.0,19.6,0.33672951128324,29.550538330026466,19.070882578827508,18.88722222222222,0.18338924888888888,22.0,13.0,19.854801171636378,17.0,2.854801171636378,0.0
2001-05-06,2001,10.0,26.98,0.09171779468485575,29.704424288086567,19.09204928366328,18.88888888888889,0.20314906638888888,25.0,15.0,22.60336847937033,23.0,-0.39663152062966844,0.0
2001-05-07,2001,15.0,27.98,0.06282195263000256,29.85558622347191,19.11296094235434,18.89,0.2228169988888889,30.0,15.0,26.38571746946449,26.0,0.38571746946448826,0.012564390526000469
2001-05-08,2001,10.0,28.41,0.0531258674183569,30.00398788225465,19.1336088865708,18.891111111111112,0.24238476805555553,31.0,21.0,28.577779551329144,27.0,1.5777795513291437,0.0
2001-05-09,2001,11.0,28.26,0.06267394347750488,30.149593946897586,19.153984327134236,18.891944444444444,0.26184375277777777,32.0,21.0,29.321804184477664,29.0,0.32180418447766357,0.0
2001-05-10,2001,11.0,22.79,0.2476653367269389,30.292370021675225,19.17407836069709,18.892777777777777,0.28118499722222223,32.0,21.0,29.308270981590038,29.0,0.30827098159003796,0.0
2001-05-11,2001,14.0,26.28,0.13644335097197746,30.43228261814612,19.193881977114923,18.893333333333334,0.3003992161111111,33.0,19.0,29.55722529291728,21.0,8.55722529291728,0.0
2001-05-13,2001,14.0,27.14,0.11605845868025388,30.703387872776432,19.23258143311824,18.894166666666667,0.3384078538888889,23.0,9.0,19.524233405280896,19.0,0.5242334052808957,0.0
2001-05-17,2001,11.0,27.73,0.11149875367344819,31.2098605541048,19.306089076090895,18.89361111111111,0.4124581494444444,31.0,20.0,28.220110429977154,28.0,0.22011042997715435,0.0
2001-05-18,2001,13.0,27.87,0.11040503582465144,31.328864395984294,19.323600393507927,18.959722222222222,0.36383109055555557,35.0,22.0,31.700970724763163,31.0,0.7009707247631631,0.0
2001-05-19,2001,14.0,21.57,0.31403532389908173,31.44476785977628,19.340746487197485,18.892222222222223,0.44832551055555553,31.0,17.0,27.43277591300374,23.0,4.432775913003741,0.0
2001-05-20,2001,5.0,11.0,0.6514304267778662,31.557545021263238,19.357517835013972,18.891388888888887,0.46592968472222224,17.0,12.0,15.72096248386003,17.0,-1.2790375161399705,0.0
2001-05-21,2001,12.0,18.45,0.4173776952935472,31.667170739877196,19.373904920782916,18.890555555555554,0.4832983577777778,24.0,12.0,20.918539328813097,18.0,2.9185393288130967,0.0
2001-05-22,2001,10.0,29.05,0.0857195558541538,31.77362064999603,19.3898982493399,19.889444444444443,0.4995805705555556,18.0,8.0,15.422560602478137,14.0,1.4225606024781374,0.0
2001-05-23,2001,15.0,31.25,0.019665391564964385,31.87687115309146,19.405488362175912,19.888055555555557,0.48271936027777773,23.0,8.0,19.119894211401068,19.0,0.11989421140106771,0.003933078312992863
2001-05-25,2001,14.0,30.74,0.041581857765077834,32.07368333858728,19.435421387765565,19.884999999999998,0.4498262347222222,29.0,15.0,25.353640577174666,23.0,2.353640577174666,0.0
2001-05-26,2001,12.0,29.37,0.08695818914354547,32.16720160104197,19.449745715360166,19.883333333333333,0.4338194511111111,30.0,18.0,26.864350290305673,24.0,2.864350290305673,0.0
2001-05-27,2001,10.0,19.12,0.4072684072485152,32.25743360708034,19.463629691836744,19.881666666666668,0.4181227469444444,30.0,20.0,27.37873424670718,25.0,2.378734246707179,0.0
2001-05-28,2001,13.0,29.88,0.07619132189809363,32.34435950676781,19.477064295205487,19.879722222222224,0.4027488636111111,32.0,19.0,28.58202524552514,26.0,2.5820252455251413,0.0
2001-05-29,2001,13.0,30.07,0.07271379929503763,32.42796018870928,19.490040644483663,19.8775,0.3877105708333333,34.0,21.0,30.57206352822317,28.0,2.5720635282231683,0.0
2001-05-30,2001,9.0,24.91,0.23373220417693752,32.50821727832592,19.502550018354576,19.875555555555557,0.37302064388888884,32.0,23.0,29.620174630230665,27.0,2.6201746302306645,0.0
2001-05-31,2001,12.0,20.92,0.35798903284191064,32.58511313693593,19.514583874022723,19.873055555555556,0.35869183861111115,34.0,22.0,30.818396649497302,29.0,1.818396649497302,0.0
2001-06-01,2001,13.0,26.68,0.18306434482619183,32.658630861599086,19.526133866192886,19.870833333333334,0.34473686777777773,36.0,23.0,32.54443409144186,30.0,2.5444340914418575,0.0
2001-06-03,2001,12.0,9.95,0.6966044208898596,32.79546798006537,19.54774998048912,19.865555555555556,0.31799891444444445,24.0,12.0,20.79502370780605,18.0,2.795023707806049,0.0
2001-06-04,2001,12.0,30.51,0.0714804043495536,32.858757255012094,19.55780057052538,19.86277777777778,0.30524091694444444,26.0,14.0,22.787958638145103,22.0,0.7879586381451027,0.0
2001-06-05,2001,15.0,30.64,0.0692194564015538,32.9186081625043,19.56733627044394,19.860000000000003,0.29290667444444446,29.0,14.0,24.976578966328535,25.0,-0.02342103367146464,0.013843891280310711
2001-06-06,2001,12.0,22.26,0.3249432922615588,32.97500749911059,19.576350005956854,18.857222222222223,0.7189916897222222,31.0,19.0,27.774941063012715,28.0,-0.22505893698728485,0.0
2001-06-07,2001,14.0,25.69,0.22217377726546228,33.02794280923552,19.58483501226523,19.854166666666668,0.26955775527777776,32.0,18.0,28.230495201761386,27.0,1.2304952017613857,0.0
2001-06-08,2001,9.0,6.61,0.8001656864609956,33.077402388703554,19.592784851607632,19.851111111111113,0.258566725,21.0,12.0,18.572573284139956,15.0,3.5725732841399562,0.0
2001-06-09,2001,14.0,30.28,0.08584195492834912,33.12337528859868,19.600193430251807,19.848055555555554,0.248046695,25.0,11.0,21.217958042147345,22.0,-0.7820419578526554,0.0
2001-06-10,2001,15.0,22.58,0.3191792430525837,33.16585131928341,19.607055014840363,19.845,0.23800887694444445,29.0,14.0,24.941818774388306,28.0,-3.058181225611694,0.06383584861051651
2001-06-11,2001,17.0,26.97,0.18776854855756142,33.204821054520956,19.61336424800236,19.841666666666665,0.22846419666666665,36.0,19.0,31.394487030076924,30.0,1.3944870300769239,0.413090806826635
2001-06-12,2001,13.0,16.02,0.5180545408461822,33.24027583562532,19.61911616314477,19.83833333333333,0.21942327305555553,29.0,16.0,25.473789328512506,17.0,8.473789328512506,0.0
2001-06-13,2001,11.0,28.63,0.13952208422353096,33.272207775565235,19.62430619834084,19.834999999999997,0.21089639500000001,27.0,16.0,24.012965872510662,24.0,0.01296587251066228,0.0
2001-06-14,2001,12.0,20.17,0.3943053852893603,33.30060976295105,19.628930209235804,19.831666666666667,0.20289350333333334,30.0,18.0,26.738194874709087,22.0,4.738194874709087,0.0
2001-06-15,2001,11.0,25.79,0.22611756803174687,33.325475465836625,19.632984480895,19.828333333333333,0.19542416972222224,29.0,18.0,26.00742334691835,25.0,1.0074233469183511,0.0
2001-06-16,2001,11.0,30.94,0.07217482286903654,33.34679933527261,19.63646573852433,19.82472222222222,0.18849757944444442,31.0,20.0,28.005201576414386,27.0,1.005201576414386,0.0
2001-06-17,2001,12.0,25.62,0.232119732835671,33.36457660855248,19.639371156999037,19.82138888888889,0.18212251444444444,33.0,21.0,29.73092510086362,28.0,1.7309251008636188,0.0
2001-06-18,2001,13.0,30.66,0.08145298939201429,33.37880331209849,19.64169836914314,19.817777777777778,0.1763073363888889,36.0,23.0,32.45674810041305,29.0,3.4567481004130514,0.0
2001-06-19,2001,12.0,30.27,0.09342693006866742,33.38947626394061,19.643445472708866,19.814444444444444,0.17105997305555556,37.0,25.0,33.72809068023129,30.0,3.72809068023129,0.0
2001-06-20,2001,16.0,29.94,0.10350136817575106,33.39659307574882,19.644611036013124,19.810833333333335,0.166387905,40.0,24.0,35.636373428451606,35.0,0.6363734284516056,0.12420164181090121
2001-06-21,2001,11.0,26.22,0.2149736360839708,33.40015215438629,19.645194102196037,19.807222222222222,0.1622981527777778,37.0,26.0,33.99963505990771,31.0,2.9996350599077104,0.0
2001-06-22,2001,10.0,25.49,0.23682983647730538,33.40015270295875,19.645194192074904,19.80388888888889,0.15879726694444446,34.0,24.0,31.272395456924475,25.0,6.272395456924475,0.0
2001-06-23,2001,6.0,9.18,0.725121675530195,33.39659472134338,19.64461130557584,19.80027777777778,0.15589131833333333,23.0,17.0,21.36363994194003,19.0,2.363639941940029,0.0
2001-06-24,2001,9.0,8.67,0.7403373679956795,33.38947900618884,19.64344592173397,19.796944444444446,0.15358589111111112,27.0,18.0,24.54606777594633,24.0,0.5460677759463302,0.0
2001-06-25,2001,6.0,6.46,0.8064640245861759,33.37880715038662,19.641698997262278,19.793333333333337,0.15188607555555553,24.0,18.0,22.364652750943872,20.0,2.364652750943872,0.0
2001-06-26,2001,15.0,27.99,0.16108643638322384,33.364581542021774,19.639371963698046,19.790000000000003,0.15079646444444444,32.0,17.0,27.913655674405497,28.0,-0.08634432559450289,0.032217287276644656
2001-06-27,2001,11.0,30.75,0.07787268779021517,33.34680536281995,19.63646672314477,19.78666666666667,0.15032114777777777,34.0,23.0,31.005200948149465,29.0,2.005200948149465,0.0
2001-06-28,2001,14.0,25.08,0.24742275118772428,33.32548258611522,19.632985642636104,19.783333333333335,0.15046371249999999,39.0,25.0,35.191265134059655,27.0,8.191265134059655,0.0
2001-06-29,2001,9.0,21.69,0.3486607360652274,33.30061797437121,19.628931547156824,19.779999999999998,0.15122723999999999,30.0,21.0,27.553645456931296,27.0,0.5536454569312959,0.0
2001-06-30,2001,11.0,27.42,0.17588900261367713,33.27221707629535,19.62430771136379,19.776666666666667,0.15261430916666668,31.0,20.0,28.01296490570062,28.0,0.012964905700620477,0.0
2001-07-01,2001,12.0,29.39,0.11583192147305088,33.24028622359295,19.619117850057584,19.77361111111111,0.15462699666666668,35.0,23.0,31.745035126606822,31.0,0.7450351266068225,0.0
2001-07-02,2001,8.0,15.96,0.5193470713389858,33.204832527413906,19.613366107462333,19.770555555555553,0.15726687972222222,30.0,22.0,27.83269891361588,25.0,2.8326989136158787,0.0
2001-07-04,2001,8.0,13.18,0.602093854875219,33.12338892345287,19.600195630274914,19.764444444444443,0.16443208222222222,27.0,19.0,24.838832141642143,25.0,-0.16116785835785663,0.0
2001-07-05,2001,7.0,7.33,0.7783986585828878,33.07741710012037,19.59278721940581,19.761666666666667,0.16895811055555554,21.0,14.0,19.11200047682755,19.0,0.11200047682754999,0.0
2001-07-06,2001,13.0,31.03,0.06049294836895691,33.02795859395624,19.584837546014512,19.75888888888889,0.1741127686111111,27.0,14.0,23.499743622187175,24.0,-0.5002563778128248,0.0
2001-07-07,2001,12.0,28.08,0.14844642118064932,32.975024353643065,19.57635270372465,19.75611111111111,0.17989523138888888,29.0,17.0,25.774939171833363,26.0,-0.22506082816663664,0.0
2001-07-08,2001,12.0,25.5,0.2253625672101578,32.91862608312411,19.567339130194185,19.753611111111113,0.18630421694444446,33.0,21.0,29.781261166216225,29.0,0.7812611662162254,0.0
2001-07-09,2001,12.0,23.21,0.29364380973734006,32.85877623776372,19.557803590123868,19.75111111111111,0.19333799944444444,33.0,21.0,29.78795651676156,29.0,0.787956516761561,0.0
2001-07-10,2001,13.0,27.46,0.16268969735670025,32.795488020763266,19.547753157708968,19.748611111111114,0.2009944177777778,36.0,23.0,32.52793992915632,27.0,5.527939929156318,0.0
2001-07-11,2001,14.0,29.8,0.08948625012428058,32.72877537990783,19.537195198624303,19.74638888888889,0.20927088833333332,36.0,22.0,32.26952747557752,31.0,1.2695274755775188,0.0
2001-07-12,2001,16.0,24.72,0.24307962130497562,32.65865300471728,19.526137351632375,19.74416666666667,0.2181644161111111,36.0,20.0,31.746992527903878,25.0,6.746992527903878,0.29169554556597055
2001-07-13,2001,7.0,10.13,0.6891220616893209,32.585136324072245,19.514587509903635,19.742222222222225,0.22767160916666668,27.0,20.0,25.14406321465126,24.0,1.1440632146512613,0.0
2001-07-14,2001,7.0,14.65,0.5493450484540989,32.50824150438262,19.502553802136447,19.740277777777777,0.2377886897222222,27.0,20.0,25.14902315174917,25.0,0.14902315174916936,0.0
2001-07-15,2001,11.0,14.66,0.5479213464140549,32.427985448361746,19.4900445735622,19.738333333333333,0.24851150805555555,29.0,18.0,26.099435819711164,25.0,1.0994358197111644,0.0
2001-07-16,2001,13.0,25.5,0.21160970061258544,32.34438579446462,19.477068366918438,19.736666666666668,0.2598355561111111,32.0,19.0,28.58202211739523,27.0,1.5820221173952298,0.0
2001-07-17,2001,12.0,28.66,0.11152337520596334,32.2574609170431,19.46363390346974,19.735277777777778,0.2717559816666667,34.0,22.0,30.854478104677497,29.0,1.8544781046774972,0.0
2001-07-18,2001,10.0,12.89,0.599281628255019,32.16722992726486,19.449750064152493,19.733888888888888,0.28426760055555556,33.0,23.0,30.386955997136752,28.0,2.386955997136752,0.0
2001-07-19,2001,12.0,27.82,0.1326230211625532,32.07371267483649,19.435425870915893,19.732777777777777,0.2973649122222222,35.0,23.0,31.87454587156067,30.0,1.8745458715606702,0.0
2001-07-20,2001,12.0,22.81,0.28667323042175685,31.97692975056367,19.420670468327046,19.731666666666666,0.3110421113888889,36.0,24.0,32.88506914983172,32.0,0.8850691498317218,0.0
2001-07-21,2001,5.0,18.62,0.41587800113349116,31.876902489774718,19.405493105503744,19.730555555555554,0.32529310388888893,28.0,23.0,26.70662999062494,26.0,0.7066299906249398,0.0
2001-07-22,2001,12.0,19.71,0.37967472564454696,31.77365297662523,19.389903118433654,19.729999999999997,0.3401115180555555,31.0,19.0,27.907069235208667,20.0,7.907069235208667,0.0
2001-07-23,2001,11.0,26.47,0.16411944803223733,31.66720404929443,19.373909912733815,19.729166666666664,0.35549071861111115,29.0,18.0,26.17532443429878,26.0,0.17532443429877986,0.0
2001-07-24,2001,13.0,26.75,0.1523430951229413,31.557579306075173,19.35752294689947,19.728888888888886,0.37142381999999996,33.0,20.0,29.67449847653922,28.0,1.6744984765392203,0.0
2001-07-25,2001,7.0,13.78,0.56177178305858,31.44480311235193,19.340751716086167,19.72861111111111,0.3879036983333334,29.0,22.0,27.216385759364467,26.0,1.2163857593644671,0.0
2001-07-26,2001,8.0,12.36,0.6054761016201986,31.328900608452468,19.32360573646426,19.72833333333333,0.40492300444444446,31.0,23.0,28.969825567531498,26.0,2.9698255675314975,0.0
2001-07-27,2001,11.0,26.59,0.1480266856380884,31.20989771835128,19.30609453017975,19.72833333333333,0.422474175,34.0,23.0,31.220106814472786,29.0,2.2201068144727856,0.0
2001-07-28,2001,8.0,21.67,0.30294246454158724,31.08782115919448,19.288227610950976,19.72861111111111,0.44054944444444444,32.0,24.0,29.986881964073092,30.0,-0.013118035926908078,0.0
2001-07-29,2001,6.0,12.42,0.5988721713189429,30.962698451608382,19.270014470325542,19.728888888888886,0.4591408563888889,23.0,17.0,21.496767038754456,19.0,2.496767038754456,0.0
2001-07-30,2001,1.0,7.05,0.7713604321542696,30.83455793074642,19.251464564617677,19.729444444444443,0.47824027333333335,17.0,16.0,16.750584773795318,16.0,0.7505847737953175,0.0
2001-07-31,2001,2.0,4.96,0.8384545244412098,30.703428758021392,19.23258730254168,19.730277777777776,0.4978393888888889,17.0,15.0,16.50346120175445,17.0,-0.4965387982455489,0.0
2001-08-01,2001,9.0,14.86,0.5138920386820331,30.56934093346388,19.21339203355301,18.731111111111108,0.4820702647222222,24.0,15.0,21.776083874871805,22.0,-0.22391612512819492,0.0
2001-08-02,2001,10.0,19.38,0.36317715444183885,30.432325308640362,19.19388803690468,18.73222222222222,0.46149730555555557,27.0,17.0,24.54087151124295,25.0,-0.4591284887570488,0.0
2001-08-03,2001,12.0,24.92,0.1773517842120197,30.292413600058897,19.174084511422926,18.733611111111113,0.44045049388888885,31.0,19.0,28.06356382949859,29.0,-0.936436170501409,0.0
2001-08-04,2001,11.0,19.91,0.33962723751840784,30.149638402984543,19.153990566002633,18.735,0.41893872388888886,32.0,21.0,29.321799977987645,29.0,0.32179997798764504,0.0
2001-08-05,2001,11.0,21.54,0.2820965150780723,30.004033205581226,19.133615210819983,18.73638888888889,0.3969710138888889,33.0,22.0,30.33555323285054,31.0,-0.6644467671494603,0.0
2001-08-06,2001,12.0,26.13,0.12478825948036742,29.85563240329253,19.112967349256607,18.738333333333333,0.3745565013888889,35.0,23.0,32.108569241836676,31.0,1.1085692418366762,0.0
2001-08-07,2001,9.0,16.05,0.4596773047842019,29.704471313369194,19.092055770527203,18.740277777777777,0.35170443416666664,31.0,22.0,28.84302802862114,29.0,-0.15697197137885865,0.0
2001-08-08,2001,13.0,27.59,0.06634677826283464,29.550586189448097,19.070889142999874,18.742222222222225,0.3284241636111111,35.0,22.0,31.90137419194846,33.0,-1.0986258080515405,0.0
2001-08-09,2001,5.0,13.45,0.5424238454818178,29.394014236083958,19.049476008196507,18.744722222222222,0.30472513944444446,28.0,23.0,26.81485086444932,26.0,0.8148508644493191,0.0
2001-08-10,2001,11.0,24.93,0.14724898279173504,29.234793623132575,19.027824775458466,18.746944444444445,0.28061690222222224,34.0,23.0,31.407454410805922,30.0,1.4074544108059222,0.0
2001-08-12,2001,13.0,23.8,0.1767145544577079,28.908564008833068,18.983840965161413,18.7525,0.23121137916666665,38.0,25.0,34.97169776812271,34.0,0.9716977681227092,0.0
2001-08-13,2001,9.0,23.37,0.18689389299632753,28.741636299005744,18.9615245063533,18.755555555555556,0.20593358527777778,33.0,24.0,30.916037594209854,31.0,-0.08396240579014602,0.0
2001-08-14,2001,6.0,13.82,0.516313441095352,28.57222253869664,18.939002180821667,18.75861111111111,0.1802855538888889,27.0,21.0,25.619158668209355,26.0,-0.38084133179064494,0.0
2001-08-15,2001,12.0,25.53,0.10106792056390146,28.400365927551512,18.916281679063353,18.761944444444445,0.15427720805555556,31.0,19.0,28.255440907241525,28.0,0.2554409072415247,0.0
2001-08-16,2001,11.0,19.33,0.31517309628448165,28.226110707867004,18.893370540360294,18.76527777777778,0.1279185336111111,30.0,19.0,27.500020291107788,27.0,0.5000202911077878,0.0
2001-08-17,2001,9.0,15.14,0.4602399748296623,28.049502175012147,18.87027615158083,18.76888888888889,0.1012195775,31.0,22.0,28.96767860034145,27.0,1.9676786003414506,0.0
2001-08-18,2001,12.0,21.76,0.21924858473640563,27.870586686869434,18.84700574648732,18.772777777777776,0.07419044166666668,34.0,22.0,31.30790243380339,31.0,0.3079024338033918,0.0
2001-08-19,2001,9.0,22.85,0.17477481029528952,27.689411672196282,18.82356640552789,18.776666666666667,0.04684128222222222,34.0,25.0,31.9943032872097,30.0,1.9943032872097,0.0
2001-08-20,2001,7.0,11.3,0.589180925343624,27.506025637810836,18.799965056089885,18.780555555555555,0.019182304722222224,24.0,17.0,22.450514676798342,22.0,0.4505146767983419,0.0
2001-08-21,2001,13.0,25.15,0.07944510197240928,27.320478174508835,18.77620847319291,18.784722222222225,0.008776238333333334,29.0,16.0,26.14206173940682,26.0,0.1420617394068202,0.0
2001-08-22,2001,13.0,25.1,0.07492107213690524,27.132819961622374,18.75230328059946,18.789166666666667,0.03702404833333334,31.0,18.0,28.161909753497625,28.0,0.16190975349762482,0.0
2001-08-23,2001,14.0,18.16,0.32598705669008876,26.943102770134832,18.728255952321405,18.79361111111111,0.06555078583333333,31.0,17.0,27.96514861101111,28.0,-0.03485138898889062,0.0
2001-08-24,2001,8.0,16.06,0.3996571271605055,26.75137946427115,18.70407281450104,18.798333333333336,0.09434607055555555,31.0,23.0,29.278214729908093,27.0,2.2782147299080933,0.0
2001-08-25,2001,10.0,17.27,0.3497178822750219,26.557704001486858,18.679760047645765,18.803055555555556,0.12339948472222222,33.0,23.0,30.86340831882857,29.0,1.8634083188285686,0.0
2001-08-26,2001,9.0,21.59,0.18102221526791973,26.3621314307847,18.655323689196173,18.80777777777778,0.15270057527777778,33.0,24.0,31.091248696486474,29.0,2.091248696486474,0.0
2001-08-27,2001,7.0,16.97,0.3514166645402791,26.164717889292564,18.630769636407578,18.81277777777778,0.182238855,26.0,19.0,24.526524950002177,24.0,0.5265249500021767,0.0
2001-08-28,2001,11.0,15.21,0.4142231832728043,25.965520597042516,18.606103649525917,18.818055555555556,0.2120038052777778,29.0,18.0,26.702117780031394,26.0,0.7021177800313936,0.0
2001-08-29,2001,9.0,17.93,0.3040838399861764,25.764597849895942,18.581331355239435,18.823055555555555,0.24198487694444445,30.0,21.0,28.13439305037479,23.0,5.13439305037479,0.0
2001-08-30,2001,8.0,8.3,0.6752993868138817,25.562009010566424,18.55645825038826,18.828611111111112,0.27217149416666664,25.0,17.0,23.35463517097462,22.0,1.3546351709746212,0.0
2001-08-31,2001,14.0,21.98,0.13320605756479054,25.357814497697586,18.53148970591467,17.833888888888886,0.6974469472222222,28.0,14.0,25.143418389677308,27.0,-1.8565816103226922,0.0
2001-09-01,2001,10.0,23.91,0.0493826348239339,25.15207577296,18.50643097103756,18.839444444444442,0.33311892583333336,28.0,18.0,25.975971898389677,25.0,0.9759718983896768,0.0
2001-09-02,2001,14.0,22.58,0.09480332899182387,24.944855326137237,18.48128717763528,18.845,0.3638584625,30.0,16.0,27.189433784602713,27.0,0.18943378460271276,0.0
2001-09-03,2001,12.0,21.08,0.14780824039109486,24.736216658178208,18.456063344821757,18.850555555555555,0.3947609902777778,31.0,19.0,28.61082848949691,27.0,1.6108284894969103,0.0
2001-09-04,2001,13.0,19.69,0.1971858452608567,24.526224262199054,18.430764383701472,18.85638888888889,0.4258158180555555,31.0,18.0,28.433386337419822,24.0,4.433386337419822,0.0
2001-09-05,2001,9.0,10.6,0.5640540988570163,24.314943602425014,18.405395102289596,18.862222222222222,0.4570122358333333,26.0,17.0,24.238181311804897,23.0,1.2381813118048974,0.0
2001-09-06,2001,14.0,22.88,0.05071855943762482,24.102441091069245,18.379960210584176,18.868055555555557,0.4883395180555556,30.0,16.0,27.28294469438614,25.0,2.2829446943861385,0.0
2001-09-07,2001,12.0,20.77,0.13055432436021663,23.888784063151906,18.354464325778014,17.874166666666667,0.4802130763888889,32.0,20.0,29.691375473277468,30.0,-0.30862452672253227,0.0
2001-09-08,2001,11.0,21.05,0.11084042547114814,23.674040749270436,18.328911977598437,17.88,0.44865630055555555,32.0,21.0,29.90243263996237,31.0,-1.0975673600376297,0.0
2001-09-09,2001,8.0,18.52,0.21051331105605953,23.458280246337452,18.303307613763792,17.88611111111111,0.4170009202777778,27.0,19.0,25.488132904204022,25.0,0.4881329042040221,0.0
2001-09-10,2001,6.0,8.88,0.6179260243587029,23.241572486310403,18.277655605546048,17.892222222222223,0.38525770916666663,22.0,16.0,20.876367841513535,20.0,0.8763678415135345,0.0
2001-09-11,2001,9.0,18.28,0.20604545837702848,23.023988202942608,18.251960253429495,17.898333333333333,0.3534374508333334,23.0,14.0,21.330012436531664,22.0,-0.6699875634683359,0.0
2001-09-12,2001,12.0,20.34,0.10811375345906449,22.805598896592517,18.22622579285597,17.904444444444444,0.3215509336111111,27.0,15.0,24.794038288102545,24.0,0.794038288102545,0.0
2001-09-13,2001,7.0,8.56,0.6210121624154217,22.586476797133827,18.200456400047564,17.910833333333333,0.2896089511111111,16.0,9.0,14.725298267161723,11.0,3.7252982671617225,0.0
2001-09-14,2001,5.0,14.05,0.3718338757729063,22.366694825015212,18.17465619789818,17.916944444444447,0.2576222994444445,15.0,10.0,14.098175981962946,14.0,0.09817598196294597,0.0
2001-09-15,2001,7.0,17.99,0.18767566445127937,22.146326550524737,18.148829261925783,17.923055555555557,0.22560177555555555,17.0,10.0,15.749631108768984,17.0,-1.250368891231016,0.0
2001-09-16,2001,13.0,19.76,0.09876406328858045,21.92544615131926,18.1229796262774,17.929166666666667,0.19355817583333335,23.0,10.0,20.70057902162314,20.0,0.7005790216231382,0.0
2001-09-17,2001,12.0,19.31,0.11030751051876997,21.70412836828537,18.09711128977951,17.935555555555556,0.1615022938888889,23.0,11.0,20.89845977401031,21.0,-0.10154022598969092,0.0
2001-09-18,2001,11.0,17.92,0.1658306531710687,21.482448459802942,18.07122822202643,17.941666666666666,0.12944491916666667,23.0,12.0,21.092887144883896,21.0,0.09288714488389616,0.0
2001-09-19,2001,9.0,18.95,0.1086749650219323,21.260482154488447,18.045334369499844,17.947777777777777,0.09739683472222221,22.0,13.0,20.455460560183877,20.0,0.4554605601838766,0.0
2001-09-20,2001,9.0,14.08,0.33074458247591587,21.038305602499378,18.01943366171265,17.953888888888887,0.06536881555555556,19.0,10.0,17.47131874541202,10.0,7.47131874541202,0.0
2001-09-21,2001,4.0,11.46,0.44946182871356744,20.815995325486018,17.993530017370485,17.96,0.0333716275,13.0,9.0,12.327647335697769,13.0,-0.6723526643022311,0.0
2001-09-22,2001,12.0,19.41,0.05747545579544755,20.593628165281523,17.967627350544504,17.96611111111111,0.0014160233333333334,19.0,7.0,17.004161090401574,17.0,0.004161090401574086,0.0
2001-09-23,2001,11.0,20.15,0.010862411102709801,20.37128123142465,17.941729576848914,17.971944444444443,0.03048725638888889,21.0,10.0,19.189960538404176,18.0,1.1899605384041756,0.0
2001-09-24,2001,10.0,17.09,0.15182028946847537,20.14903184761434,17.915840619616947,17.978055555555553,0.06232748694444444,19.0,9.0,17.372240907315547,18.0,-0.6277590926844532,0.0
2001-09-25,2001,12.0,19.04,0.044510432529535016,19.92695749719794,17.889964416068796,17.983888888888888,0.09409396027777778,23.0,11.0,21.067989670777038,20.0,1.0679896707770382,0.0
2001-09-26,2001,11.0,16.89,0.14286304854592036,19.705135767799025,17.864104923465167,17.989722222222223,0.12577598805555557,21.0,10.0,19.24853323273861,18.0,1.248533232738609,0.0
2001-09-27,2001,9.0,15.87,0.18547065633324755,19.483644295192974,17.838266125239773,17.995555555555555,0.1573629013888889,22.0,13.0,20.5829820172732,19.0,1.5829820172731992,0.0
2001-09-28,2001,13.0,18.66,0.031281443610832294,19.262560706541926,17.8124520371042,18.00111111111111,0.18884405444444446,26.0,13.0,23.9763185922264,22.0,1.9763185922263986,0.0
2001-09-29,2001,12.0,17.86,0.06207146764340332,19.041962563102516,17.78666671311818,18.006666666666668,0.22020882638888886,25.0,13.0,23.153335609534402,20.0,3.153335609534402,0.0
2001-09-30,2001,5.0,4.69,0.7508225419948604,18.821927302522138,17.760914251718223,18.01222222222222,0.2514466202777778,17.0,12.0,16.239452407182952,16.0,0.23945240718295224,0.0
2002-05-01,2002,9.0,19.26,0.33376026483045573,28.9085129320585,18.983834117466134,18.88,0.10358439527777777,17.0,8.0,14.903486917975096,14.0,0.903486917975096,0.0
2002-05-02,2002,11.0,20.68,0.2886849745202662,29.07291320895793,19.005936936675834,18.88222222222222,0.12363601027777778,20.0,9.0,17.422433417159766,15.0,2.422433417159766,0.0
2002-05-03,2002,8.0,21.27,0.27244104121487545,29.234744130587814,19.027818064467443,18.884166666666665,0.14362532305555556,15.0,7.0,13.114515634989445,14.0,-0.885484365010555,0.0
2002-05-04,2002,11.0,24.67,0.16071208716089846,29.393965554141666,19.04946936932894,18.885833333333334,0.16354547583333334,18.0,7.0,15.392676429236563,14.0,1.3926764292365625,0.0
2002-05-05,2002,12.0,26.5,0.10323122699009502,29.550538330026466,19.070882578827508,18.88722222222222,0.18338924888888888,19.0,7.0,16.139734895515172,17.0,-0.860265104484828,0.0
2002-05-06,2002,12.0,20.57,0.30751056473934335,29.704424288086567,19.09204928366328,18.88888888888889,0.20314906638888888,21.0,9.0,18.124042175244398,18.0,0.12404217524439787,0.0
2002-05-07,2002,9.0,24.26,0.1874217502074289,29.85558622347191,19.11296094235434,18.89,0.2228169988888889,20.0,11.0,17.831430481678694,18.0,-0.16856951832130562,0.0
2002-05-08,2002,12.0,26.14,0.1287824770966508,30.00398788225465,19.1336088865708,18.891111111111112,0.24238476805555553,23.0,11.0,20.09333546159497,21.0,-0.9066645384050283,0.0
2002-05-09,2002,13.0,27.51,0.08754990039158383,30.149593946897586,19.153984327134236,18.891944444444444,0.26184375277777777,27.0,14.0,23.83485949074633,23.0,0.8348594907463287,0.0
2002-05-10,2002,9.0,8.68,0.7134591980162277,30.292370021675225,19.17407836069709,18.892777777777777,0.28118499722222223,21.0,12.0,18.797676257664577,14.0,4.797676257664577,0.0
2002-05-11,2002,8.0,22.42,0.26328234127822425,30.43228261814612,19.193881977114923,18.893333333333334,0.3003992161111111,21.0,13.0,19.032700167381304,20.0,-0.9672998326186963,0.0
2002-05-13,2002,14.0,26.52,0.1362516700147507,30.703387872776432,19.23258143311824,18.894166666666667,0.3384078538888889,31.0,17.0,27.524233405280896,24.0,3.5242334052808957,0.0
2002-05-14,2002,9.0,26.61,0.13700612954252334,30.83451796232797,19.25145879467404,18.894166666666667,0.35718214750000005,28.0,19.0,25.755266112890666,26.0,-0.24473388710933364,0.0
2002-05-15,2002,9.0,10.64,0.6563602673980701,30.96265940913564,19.27000880275388,18.894166666666667,0.3757891872222222,22.0,13.0,19.745153644573058,16.0,3.745153644573058,0.0
2002-05-16,2002,7.0,10.86,0.6506666306182449,31.087783051530014,19.288222048659975,18.89388888888889,0.3942181991666666,20.0,13.0,18.238524069716384,18.0,0.23852406971638374,0.0
2002-05-17,2002,15.0,22.38,0.2829189364302839,31.2098605541048,19.306089076090895,18.89361111111111,0.4124581494444444,24.0,9.0,20.20924149542339,11.0,9.209241495423392,0.05658378728605657
2002-05-18,2002,5.0,13.89,0.5566388929890351,31.328864395984294,19.323600393507927,18.893055555555556,0.4304977572222223,14.0,9.0,12.73114258644737,14.0,-1.2688574135526292,0.0
2002-05-19,2002,12.0,30.26,0.037677742289578764,31.44476785977628,19.340746487197485,18.892222222222223,0.44832551055555553,20.0,8.0,16.942379354003208,19.0,-2.057620645996792,0.0
2002-05-20,2002,15.0,29.82,0.05505957513781545,31.557545021263238,19.357517835013972,18.891388888888887,0.46592968472222224,26.0,11.0,22.162887451580087,24.0,-1.8371125484199133,0.011011915027563051
2002-05-21,2002,12.0,29.14,0.07980412145549942,31.667170739877196,19.373904920782916,18.890555555555554,0.4832983577777778,30.0,18.0,26.918539328813097,27.0,-0.08146067118690326,0.0
2002-05-22,2002,9.0,24.72,0.22199612463733853,31.77362064999603,19.3898982493399,19.889444444444443,0.4995805705555556,28.0,19.0,25.680304542230324,24.0,1.6803045422303242,0.0
2002-05-23,2002,12.0,26.23,0.17714634306396848,31.87687115309146,19.405488362175912,19.888055555555557,0.48271936027777773,31.0,19.0,27.895915369120857,25.0,2.895915369120857,0.0
2002-05-24,2002,14.0,27.71,0.1334369338296878,31.97689941075096,19.420665853655056,19.886666666666667,0.46613040916666665,34.0,20.0,30.365917851007907,26.0,4.365917851007907,0.0
2002-05-25,2002,7.0,20.77,0.35242860070854476,32.07368333858728,19.435421387765565,19.884999999999998,0.4498262347222222,28.0,21.0,26.176820288587333,24.0,2.176820288587333,0.0
2002-05-26,2002,10.0,15.56,0.5162774743981466,32.16720160104197,19.449745715360166,19.883333333333333,0.4338194511111111,27.0,17.0,24.386958575254727,24.0,0.3869585752547273,0.0
2002-05-27,2002,14.0,28.5,0.11648272000955462,32.25743360708034,19.463629691836744,19.881666666666668,0.4181227469444444,32.0,18.0,28.33022794539005,27.0,1.3302279453900496,0.0
2002-05-28,2002,10.0,28.11,0.13091492833184104,32.34435950676781,19.477064295205487,19.879722222222224,0.4027488636111111,30.0,20.0,27.370788650403956,26.0,1.3707886504039557,0.0
2002-05-29,2002,11.0,26.87,0.17139407339732826,32.42796018870928,19.490040644483663,18.8775,0.6122894291666667,31.0,20.0,28.09943837003499,30.0,-1.9005616299650114,0.0
2002-05-30,2002,12.0,24.44,0.2481900871169953,32.50821727832592,19.502550018354576,19.875555555555557,0.37302064388888884,33.0,21.0,29.826899506974215,27.0,2.8268995069742147,0.0
2002-05-31,2002,8.0,16.23,0.5019197898195129,32.58511313693593,19.514583874022723,19.873055555555556,0.35869183861111115,31.0,23.0,28.878931099664868,27.0,1.878931099664868,0.0
2002-06-01,2002,11.0,20.23,0.3805619076399498,32.658630861599086,19.526133866192886,19.870833333333334,0.34473686777777773,32.0,21.0,29.076059615835423,25.0,4.0760596158354225,0.0
2002-06-02,2002,14.0,25.89,0.2089524772615886,32.72875428567832,19.53719186609701,19.868333333333332,0.33116837583333336,33.0,19.0,29.26953021358451,27.0,2.2695302135845097,0.0
2002-06-03,2002,12.0,24.75,0.24532255447477624,32.79546798006537,19.54774998048912,19.865555555555556,0.31799891444444445,33.0,21.0,29.79502370780605,27.0,2.795023707806049,0.0
2002-06-04,2002,12.0,19.49,0.40685523044158645,32.858757255012094,19.55780057052538,19.86277777777778,0.30524091694444444,30.0,18.0,26.787958638145103,18.0,8.787958638145103,0.0
2002-06-05,2002,13.0,26.09,0.2074391520077199,32.9186081625043,19.56733627044394,19.860000000000003,0.29290667444444446,29.0,16.0,25.5130351041514,24.0,1.513035104151399,0.0
2002-06-06,2002,9.0,19.82,0.39893872653297835,32.97500749911059,19.576350005956854,19.857222222222223,0.2810083102777778,26.0,17.0,23.581205797259535,22.0,1.5812057972595355,0.0
2002-06-07,2002,3.0,7.51,0.7726167795742944,33.02794280923552,19.58483501226523,19.854166666666668,0.26955775527777776,20.0,17.0,19.192248971806013,19.0,0.19224897180601275,0.0
2002-06-08,2002,11.0,22.1,0.33187014686656613,33.077402388703554,19.592784851607632,19.851111111111113,0.258566725,27.0,16.0,24.033145125059946,22.0,2.0331451250599457,0.0
2002-06-09,2002,13.0,28.3,0.1456184717461122,33.12337528859868,19.600193430251807,19.848055555555554,0.248046695,30.0,17.0,26.488103896279675,26.0,0.4881038962796751,0.0
2002-06-10,2002,9.0,25.09,0.24349899061954494,33.16585131928341,19.607055014840363,19.845,0.23800887694444445,30.0,21.0,27.565091264632983,26.0,1.5650912646329829,0.0
2002-06-11,2002,10.0,25.06,0.24529031616064112,33.204821054520956,19.61336424800236,19.841666666666665,0.22846419666666665,29.0,19.0,26.29087472357466,26.0,0.29087472357466027,0.0
2002-06-12,2002,11.0,29.11,0.12425516130039715,33.24027583562532,19.61911616314477,19.83833333333333,0.21942327305555553,30.0,19.0,27.01628327797212,28.0,-0.9837167220278786,0.0
2002-06-13,2002,10.0,20.08,0.3964933095078066,33.272207775565235,19.62430619834084,19.834999999999997,0.21089639500000001,29.0,19.0,26.28451442955515,25.0,1.2845144295551485,0.0
2002-06-15,2002,10.0,24.46,0.266026976116965,33.325475465836625,19.632984480895,19.828333333333333,0.19542416972222224,29.0,19.0,26.279475769925774,26.0,0.2794757699257744,0.0
2002-06-16,2002,7.0,13.53,0.5942639092895302,33.34679933527261,19.63646573852433,19.82472222222222,0.18849757944444442,24.0,17.0,22.094219184990973,19.0,3.0942191849909726,0.0
2002-06-17,2002,13.0,21.12,0.36699331606125574,33.36457660855248,19.639371156999037,19.82138888888889,0.18212251444444444,28.0,15.0,24.458502192602253,19.0,5.4585021926022534,0.0
2002-06-22,2002,13.0,30.96,0.07305813014269802,33.40015270295875,19.645194192074904,19.80388888888889,0.15879726694444446,33.0,20.0,29.454114094001817,28.0,1.4541140940018167,0.0
2002-06-23,2002,12.0,29.0,0.1316479945942981,33.39659472134338,19.64461130557584,19.80027777777778,0.15589131833333333,36.0,24.0,32.72727988388006,29.0,3.7272798838800583,0.0
2002-06-24,2002,12.0,19.55,0.4144862219510419,33.38947900618884,19.64344592173397,19.796944444444446,0.15358589111111112,30.0,18.0,26.72809036792844,20.0,6.728090367928441,0.0
2002-06-25,2002,10.0,25.43,0.2381393413663242,33.37880715038662,19.641698997262278,19.793333333333337,0.15188607555555553,29.0,19.0,26.27442125157312,27.0,-0.7255787484268801,0.0
2002-06-26,2002,10.0,23.88,0.2842709575145189,33.364581542021774,19.639371963698046,19.790000000000003,0.15079646444444444,31.0,21.0,28.275770449603666,25.0,3.275770449603666,0.0
2002-06-27,2002,12.0,22.25,0.33276966840104993,33.34680536281995,19.63646672314477,19.78666666666667,0.15032114777777777,31.0,19.0,27.732946488890327,28.0,-0.26705351110967257,0.0
2002-06-28,2002,13.0,29.97,0.10068819190973266,33.32548258611522,19.632985642636104,19.783333333333335,0.15046371249999999,33.0,20.0,29.463317624483963,28.0,1.4633176244839632,0.0
2002-06-30,2002,7.0,12.59,0.6216062196537635,33.27221707629535,19.62430771136379,19.776666666666667,0.15261430916666668,29.0,22.0,27.09915948544585,27.0,0.09915948544584907,0.0
2002-07-01,2002,12.0,19.69,0.40764649655680063,33.24028622359295,19.619117850057584,19.77361111111111,0.15462699666666668,34.0,22.0,30.745035126606822,27.0,3.7450351266068225,0.0
2002-07-02,2002,14.0,25.11,0.24378477201265247,33.204832527413906,19.613366107462333,19.770555555555553,0.15726687972222222,33.0,19.0,29.20722309882779,20.0,9.20722309882779,0.0
2002-07-03,2002,7.0,14.72,0.5561701617157321,33.16586387455097,19.60705704537799,19.7675,0.16053504333333332,26.0,19.0,24.10618126735809,23.0,1.1061812673580889,0.0
2002-07-04,2002,7.0,25.14,0.2410196897999246,33.12338892345287,19.600195630274914,19.764444444444443,0.16443208222222222,28.0,21.0,26.108978123936875,25.0,1.1089781239368754,0.0
2002-07-05,2002,9.0,22.85,0.3091963640680745,33.07741710012037,19.59278721940581,19.761666666666667,0.16895811055555554,29.0,20.0,26.57257204163542,26.0,0.5725720416354214,0.0
2002-07-06,2002,9.0,20.15,0.38991082531854604,33.02795859395624,19.584837546014512,19.75888888888889,0.1741127686111111,28.0,19.0,25.576745584591123,24.0,1.576745584591123,0.0
2002-07-07,2002,9.0,13.77,0.5824112257712799,32.975024353643065,19.57635270372465,19.75611111111111,0.17989523138888888,29.0,20.0,26.58120437887502,25.0,1.5812043788750216,0.0
2002-07-08,2002,11.0,25.73,0.2183756413457788,32.91862608312411,19.567339130194185,19.753611111111113,0.18630421694444446,30.0,19.0,27.049489402364877,28.0,-0.9505105976351231,0.0
2002-07-09,2002,10.0,28.48,0.13326047829898513,32.85877623776372,19.557803590123868,19.75111111111111,0.19333799944444444,29.0,19.0,26.3232970973013,26.0,0.32329709730129963,0.0
2002-07-10,2002,12.0,27.87,0.1501879776158498,32.795488020763266,19.547753157708968,19.748611111111114,0.2009944177777778,32.0,20.0,28.795021473067372,27.0,1.7950214730673721,0.0
2002-07-11,2002,6.0,8.96,0.7262347919836762,32.72877537990783,19.537195198624303,19.74638888888889,0.20927088833333332,24.0,18.0,22.401226060961793,18.0,4.401226060961793,0.0
2002-07-12,2002,11.0,21.74,0.3343264954356865,32.65865300471728,19.526137351632375,19.74416666666667,0.2181644161111111,29.0,18.0,26.076057362933916,25.0,1.0760573629339163,0.0
2002-07-13,2002,12.0,28.35,0.12997141647504906,32.585136324072245,19.514587509903635,19.742222222222225,0.22767160916666668,33.0,21.0,29.818394082259303,28.0,1.818394082259303,0.0
2002-07-14,2002,14.0,28.97,0.10884136885428297,32.50824150438262,19.502553802136447,19.740277777777777,0.2377886897222222,35.0,21.0,31.298046303498335,29.0,2.298046303498335,0.0
2002-07-16,2002,12.0,24.05,0.2564397372444188,32.34438579446462,19.477068366918438,19.736666666666668,0.2598355561111111,37.0,25.0,33.844943492980214,31.0,2.8449434929802138,0.0
2002-07-17,2002,13.0,28.55,0.11493343901361674,32.2574609170431,19.46363390346974,19.735277777777778,0.2717559816666667,38.0,25.0,34.59235128006729,32.0,2.592351280067291,0.0
2002-07-18,2002,10.0,26.36,0.1805324841584407,32.16722992726486,19.449750064152493,19.733888888888888,0.28426760055555556,36.0,26.0,33.38695599713675,33.0,0.3869559971367522,0.0
2002-07-19,2002,14.0,28.74,0.10393909519093392,32.07371267483649,19.435425870915893,19.732777777777777,0.2973649122222222,39.0,25.0,35.35363685015412,33.0,2.3536368501541176,0.0
2002-07-20,2002,13.0,21.05,0.3417129110205165,31.97692975056367,19.420670468327046,19.731666666666666,0.3110421113888889,41.0,28.0,37.62549157898436,32.0,5.625491578984359,0.0
2002-07-21,2002,6.0,16.42,0.4848934897213708,31.876902489774718,19.405493105503744,19.730555555555554,0.32529310388888893,34.0,28.0,32.44795598874993,31.0,1.447955988749932,0.0
2002-07-22,2002,8.0,23.3,0.26668803183754164,31.77365297662523,19.389903118433654,19.729999999999997,0.3401115180555555,31.0,23.0,28.938046156805775,25.0,3.9380461568057754,0.0
2002-07-23,2002,5.0,8.51,0.73126771827557,31.66720404929443,19.373909912733815,19.729166666666664,0.35549071861111115,22.0,17.0,20.7160565610449,19.0,1.7160565610449012,0.0
2002-07-24,2002,7.0,10.42,0.6698099084553663,31.557579306075173,19.35752294689947,19.728888888888886,0.37142381999999996,23.0,16.0,21.209345333521117,17.0,4.209345333521117,0.0
2002-07-25,2002,8.0,18.72,0.4046711015135427,31.44480311235193,19.340751716086167,19.72861111111111,0.3879036983333334,24.0,16.0,21.96158372498796,21.0,0.9615837249879604,0.0
2002-07-26,2002,13.0,28.81,0.08040181939141766,31.328900608452468,19.32360573646426,19.72833333333333,0.40492300444444446,29.0,16.0,25.700966547238682,24.0,1.7009665472386821,0.0
2002-07-28,2002,12.0,27.28,0.1224859452097139,31.08782115919448,19.288227610950976,19.72861111111111,0.44054944444444444,32.0,20.0,28.980322946109638,29.0,-0.019677053890362117,0.0
2002-07-29,2002,7.0,11.1,0.6415041144637895,30.962698451608382,19.270014470325542,19.728888888888886,0.4591408563888889,29.0,22.0,27.246228211880197,26.0,1.2462282118801973,0.0
2002-07-30,2002,9.0,21.17,0.31343267357530313,30.83455793074642,19.251464564617677,19.729444444444443,0.47824027333333335,29.0,20.0,26.755262964157847,24.0,2.755262964157847,0.0
2002-07-31,2002,13.0,27.39,0.1079172226703099,30.703428758021392,19.23258730254168,19.730277777777776,0.4978393888888889,33.0,20.0,29.77249781140393,28.0,1.7724978114039303,0.0
2002-08-01,2002,9.0,24.12,0.21097415699937005,30.56934093346388,19.21339203355301,18.731111111111108,0.4820702647222222,29.0,20.0,26.776083874871805,25.0,1.776083874871805,0.0
2002-08-02,2002,12.0,23.68,0.22188003184637484,30.432325308640362,19.19388803690468,18.73222222222222,0.46149730555555557,31.0,19.0,28.04904581349154,29.0,-0.9509541865084614,0.0
2002-08-03,2002,12.0,23.69,0.2179560099511535,30.292413600058897,19.174084511422926,18.733611111111113,0.44045049388888885,34.0,22.0,31.06356382949859,31.0,0.06356382949859096,0.0
2002-08-04,2002,12.0,17.69,0.413259961411383,30.149638402984543,19.153990566002633,18.735,0.41893872388888886,35.0,23.0,32.0783272487138,31.0,1.0783272487137978,0.0
2002-08-05,2002,6.0,9.02,0.6993737495823682,30.004033205581226,19.133615210819983,18.73638888888889,0.3969710138888889,27.0,21.0,25.546665399736657,23.0,2.546665399736657,0.0
2002-08-06,2002,12.0,26.45,0.11407001390186444,29.85563240329253,19.112967349256607,18.738333333333333,0.3745565013888889,33.0,21.0,30.108569241836676,31.0,-0.8914307581633238,0.0
2002-08-07,2002,13.0,26.85,0.09609567809693587,29.704471313369194,19.092055770527203,18.740277777777777,0.35170443416666664,35.0,22.0,31.884373819119425,32.0,-0.11562618088057519,0.0
2002-08-08,2002,13.0,21.35,0.27751010206275895,29.550586189448097,19.070889142999874,18.742222222222225,0.3284241636111111,36.0,23.0,32.90137419194846,31.0,1.901374191948463,0.0
2002-08-09,2002,12.0,24.14,0.17874435910268271,29.394014236083958,19.049476008196507,18.744722222222222,0.30472513944444446,36.0,24.0,33.15564207467837,33.0,0.15564207467836866,0.0
2002-08-10,2002,13.0,26.7,0.08670468674445753,29.234793623132575,19.027824775458466,18.746944444444445,0.28061690222222224,39.0,26.0,35.936082485497906,36.0,-0.06391751450209426,0.0
2002-08-11,2002,7.0,26.15,0.10053889070836097,29.072963499882892,19.005943717261424,18.749722222222225,0.25610907944444444,39.0,32.0,37.359727399990156,36.0,1.359727399990156,0.0
2002-08-12,2002,10.0,24.96,0.136588036943882,28.908564008833068,18.983840965161413,18.7525,0.23121137916666665,40.0,30.0,37.67053674470978,35.0,2.6705367447097785,0.0
2002-08-13,2002,8.0,24.88,0.13435687025026233,28.741636299005744,18.9615245063533,18.755555555555556,0.20593358527777778,33.0,25.0,31.14758897263098,27.0,4.147588972630981,0.0
2002-08-14,2002,11.0,21.48,0.24822089108018552,28.57222253869664,18.939002180821667,18.75861111111111,0.1802855538888889,32.0,21.0,29.468457558383818,29.0,0.4684575583838182,0.0
2002-08-15,2002,7.0,15.77,0.44472546444546524,28.400365927551512,18.916281679063353,18.761944444444445,0.15427720805555556,29.0,22.0,27.39900719589089,24.0,3.3990071958908885,0.0
2002-08-16,2002,5.0,9.4,0.6669750183690701,28.226110707867004,18.893370540360294,18.76527777777778,0.1279185336111111,24.0,19.0,22.863645586867175,21.0,1.8636455868671753,0.0
2002-08-17,2002,11.0,20.52,0.2684362142341261,28.049502175012147,18.87027615158083,18.76888888888889,0.1012195775,27.0,16.0,24.51605162263955,26.0,-1.4839483773604485,0.0
2002-08-18,2002,11.0,23.57,0.15430556719839528,27.870586686869434,18.84700574648732,18.772777777777776,0.07419044166666668,31.0,20.0,28.532243897653107,29.0,-0.46775610234689324,0.0
2002-08-20,2002,15.0,20.65,0.24925540781821576,27.506025637810836,18.799965056089885,18.780555555555555,0.019182304722222224,37.0,22.0,33.67967430742502,32.0,1.6796743074250173,0.04985108156364297
2002-08-21,2002,17.0,22.87,0.16289898537212721,27.320478174508835,18.77620847319291,18.784722222222225,0.008776238333333334,36.0,19.0,32.26269612076276,31.0,1.2626961207627616,0.35837776781867975
2002-08-22,2002,10.0,23.62,0.12946755872006788,27.132819961622374,18.75230328059946,18.789166666666667,0.03702404833333334,29.0,19.0,26.816853656536637,26.0,0.8168536565366367,0.0
2002-08-23,2002,13.0,24.2,0.10181094558921533,26.943102770134832,18.728255952321405,18.79361111111111,0.06555078583333333,31.0,18.0,28.181923710224602,29.0,-0.8180762897753979,0.0
2002-08-24,2002,13.0,25.05,0.06359969086990425,26.75137946427115,18.70407281450104,18.798333333333336,0.09434607055555555,34.0,21.0,31.202098936100654,29.0,2.202098936100654,0.0
2002-08-25,2002,13.0,24.6,0.0737151073517972,26.557704001486858,18.679760047645765,18.803055555555556,0.12339948472222222,35.0,22.0,32.222430814477136,32.0,0.22243081447713564,0.0
2002-08-26,2002,12.0,21.45,0.18633286324672893,26.3621314307847,18.655323689196173,18.80777777777778,0.15270057527777778,30.0,18.0,27.45499826198197,25.0,2.45499826198197,0.0
2002-08-27,2002,9.0,23.8,0.09037811526568307,26.164717889292564,18.630769636407578,18.81277777777778,0.182238855,28.0,19.0,26.105532078574225,24.0,2.1055320785742246,0.0
2002-08-28,2002,14.0,23.62,0.09033212287334891,25.965520597042516,18.606103649525917,18.818055555555556,0.2120038052777778,31.0,17.0,28.075422629130863,27.0,1.0754226291308626,0.0
2002-08-29,2002,16.0,18.83,0.2691521866670219,25.764597849895942,18.581331355239435,18.823055555555555,0.24198487694444445,34.0,18.0,30.683365422888514,28.0,2.6833654228885138,0.3229826240004261
2002-08-30,2002,10.0,17.23,0.3259528234702628,25.562009010566424,18.55645825038826,18.828611111111112,0.27217149416666664,27.0,17.0,24.943293963718276,17.0,7.943293963718276,0.0
2002-08-31,2002,5.0,10.9,0.5701522305485085,25.357814497697586,18.53148970591467,18.833888888888886,0.3025530527777778,18.0,13.0,16.97979228202761,17.0,-0.02020771797239007,0.0
2002-09-01,2002,11.0,19.1,0.24061933605759667,25.15207577296,18.50643097103756,18.839444444444442,0.33311892583333336,23.0,12.0,20.773569088228644,20.0,0.7735690882286441,0.0
2002-09-02,2002,10.0,20.65,0.1721739921913713,24.944855326137237,18.48128717763528,18.845,0.3638584625,24.0,14.0,21.99245270328765,21.0,0.9924527032876505,0.0
2002-09-03,2002,12.0,23.33,0.05684849375352197,24.736216658178208,18.456063344821757,18.850555555555555,0.3947609902777778,26.0,14.0,23.61082848949691,20.0,3.6108284894969103,0.0
2002-09-04,2002,9.0,13.48,0.4503842150389208,24.526224262199054,18.430764383701472,18.85638888888889,0.4258158180555555,25.0,16.0,23.223113618213723,21.0,2.2231136182137234,0.0
2002-09-05,2002,9.0,12.55,0.48385650383542966,24.314943602425014,18.405395102289596,18.862222222222222,0.4570122358333333,27.0,18.0,25.238181311804897,23.0,2.2381813118048974,0.0
2002-09-06,2002,17.0,20.94,0.13120833193286108,24.102441091069245,18.379960210584176,18.868055555555557,0.4883395180555556,31.0,14.0,27.700718557468882,28.0,-0.2992814425311181,0.28865833025229426
2002-09-07,2002,6.0,12.08,0.49432336245890307,23.888784063151906,18.354464325778014,17.874166666666667,0.4802130763888889,17.0,11.0,15.845687736638734,16.0,-0.15431226336126613,0.0
2002-09-08,2002,13.0,22.64,0.04367825333333941,23.674040749270436,18.328911977598437,17.88,0.44865630055555555,20.0,7.0,17.52105675631916,19.0,-1.4789432436808383,0.0
2002-09-09,2002,14.0,22.83,0.02678287750593089,23.458280246337452,18.303307613763792,17.88611111111111,0.4170009202777778,22.0,8.0,19.35423258235704,21.0,-1.6457674176429613,0.0
2002-09-10,2002,14.0,22.11,0.0486874322715003,23.241572486310403,18.277655605546048,17.892222222222223,0.38525770916666663,25.0,11.0,22.378191630198245,23.0,-0.6218083698017551,0.0
2002-09-11,2002,14.0,19.97,0.13264375294251973,23.023988202942608,18.251960253429495,17.898333333333333,0.3534374508333334,27.0,13.0,24.40224156793814,26.0,-1.597758432061859,0.0
2002-09-12,2002,12.0,17.49,0.23308306529002165,22.805598896592517,18.22622579285597,17.904444444444444,0.3215509336111111,29.0,17.0,26.794038288102545,27.0,-0.20596171189745505,0.0
2002-09-13,2002,14.0,19.27,0.14683462263378233,22.586476797133827,18.200456400047564,17.910833333333333,0.2896089511111111,32.0,18.0,29.450596534323445,29.0,0.45059653432344504,0.0
2002-09-14,2002,14.0,21.12,0.05573889368852525,22.366694825015212,18.17465619789818,17.916944444444447,0.2576222994444445,35.0,21.0,32.47489274949625,30.0,2.4748927494962487,0.0
2002-09-15,2002,20.0,16.96,0.234184506342062,22.146326550524737,18.148829261925783,17.923055555555557,0.22560177555555555,31.0,11.0,27.427517453625672,25.0,2.427517453625672,1.2177594329787222
2002-09-16,2002,7.0,8.83,0.5972715930586117,21.92544615131926,18.1229796262774,17.929166666666667,0.19355817583333335,16.0,9.0,14.76185024241246,14.0,0.7618502424124607,0.0
2002-09-17,2002,12.0,21.91,0.0,21.70412836828537,18.09711128977951,17.935555555555556,0.1615022938888889,19.0,7.0,16.89845977401031,17.0,-0.10154022598969092,0.0
2002-09-18,2002,13.0,20.58,0.042008640751149406,21.482448459802942,18.07122822202643,17.941666666666666,0.12944491916666667,21.0,8.0,18.7461393530446,18.0,0.746139353044601,0.0
2002-09-19,2002,16.0,20.15,0.052232218743637815,21.260482154488447,18.045334369499844,17.947777777777777,0.09739683472222221,24.0,8.0,21.25415210699356,22.0,-0.7458478930064416,0.06267866249236534
2002-09-20,2002,14.0,20.26,0.03699469040923675,21.038305602499378,18.01943366171265,17.953888888888887,0.06536881555555556,26.0,12.0,23.62205138175203,23.0,0.6220513817520299,0.0
2002-09-21,2002,17.0,18.4,0.1160643672189915,20.815995325486018,17.993530017370485,17.96,0.0333716275,29.0,12.0,26.14250117671552,25.0,1.1425011767155198,0.25534160788178123
2002-09-22,2002,9.0,18.37,0.10797651329017888,20.593628165281523,17.967627350544504,17.96611111111111,0.0014160233333333334,29.0,20.0,27.50312081780118,27.0,0.5031208178011788,0.0
2002-09-23,2002,11.0,17.38,0.14683814912978144,20.37128123142465,17.941729576848914,17.971944444444443,0.03048725638888889,27.0,16.0,25.189960538404176,23.0,2.1899605384041756,0.0
2002-09-24,2002,10.0,14.52,0.2793698421932278,20.14903184761434,17.915840619616947,17.978055555555553,0.06232748694444444,22.0,12.0,20.372240907315547,21.0,-0.6277590926844532,0.0
2002-09-25,2002,12.0,17.43,0.12530550624946402,19.92695749719794,17.889964416068796,17.983888888888888,0.09409396027777778,23.0,11.0,21.067989670777038,20.0,1.0679896707770382,0.0
2002-09-26,2002,13.0,18.89,0.04136666589890092,19.705135767799025,17.864104923465167,17.989722222222223,0.12577598805555557,25.0,12.0,22.930084729600175,21.0,1.9300847296001749,0.0
2002-09-27,2002,12.0,18.48,0.05151214423682504,19.483644295192974,17.838266125239773,17.995555555555555,0.1573629013888889,26.0,14.0,24.1106426896976,23.0,1.110642689697599,0.0
2002-09-29,2002,12.0,17.27,0.0930556688802674,19.041962563102516,17.78666671311818,18.006666666666668,0.22020882638888886,27.0,15.0,25.153335609534402,23.0,2.153335609534402,0.0
2002-09-30,2002,13.0,18.28,0.028792338521545502,18.821927302522138,17.760914251718223,18.01222222222222,0.2514466202777778,26.0,13.0,24.02257625867567,22.0,2.02257625867567,0.0
2003-05-01,2003,4.0,9.47,0.6724148342650267,28.9085129320585,18.983834117466134,18.88,0.10358439527777777,13.0,9.0,12.068216407988931,11.0,1.0682164079889311,0.0
2003-05-02,2003,2.0,9.04,0.6890576484363253,29.07291320895793,19.005936936675834,18.88222222222222,0.12363601027777778,10.0,8.0,9.531351530392685,8.0,1.5313515303926852,0.0
2003-05-03,2003,3.0,5.6,0.8084471006489564,29.234744130587814,19.027818064467443,18.884166666666665,0.14362532305555556,10.0,7.0,9.292943363121042,9.0,0.29294336312104186,0.0
2003-05-04,2003,5.0,10.04,0.6584332936803982,29.393965554141666,19.04946936932894,18.885833333333334,0.16354547583333334,12.0,7.0,10.814852922380256,10.0,0.8148529223802559,0.0
2003-05-05,2003,8.0,13.95,0.5279273817551633,29.550538330026466,19.070882578827508,18.88722222222222,0.18338924888888888,16.0,8.0,14.093156597010115,15.0,-0.9068434029898853,0.0
2003-05-06,2003,10.0,20.36,0.31458021867248576,29.704424288086567,19.09204928366328,18.88888888888889,0.20314906638888888,20.0,10.0,17.60336847937033,18.0,-0.39663152062966844,0.0
2003-05-07,2003,11.0,23.59,0.20986311159906224,29.85558622347191,19.11296094235434,18.89,0.2228169988888889,22.0,11.0,19.34952614427396,20.0,-0.650473855726041,0.0
2003-05-08,2003,12.0,26.9,0.10345251086074636,30.00398788225465,19.1336088865708,18.891111111111112,0.24238476805555553,25.0,13.0,22.09333546159497,22.0,0.09333546159497175,0.0
2003-05-09,2003,13.0,18.81,0.3761110005948999,30.149593946897586,19.153984327134236,18.891944444444444,0.26184375277777777,24.0,11.0,20.83485949074633,19.0,1.8348594907463287,0.0
2003-05-11,2003,9.0,12.86,0.5774224312594989,30.43228261814612,19.193881977114923,18.893333333333334,0.3003992161111111,19.0,10.0,16.786787688303967,17.0,-0.21321231169603294,0.0
2003-05-12,2003,12.0,27.43,0.10269450818337744,30.569299140772138,19.213386067521952,18.89388888888889,0.3194768061111111,26.0,14.0,23.03478285929822,24.0,-0.9652171407017818,0.0
2003-05-13,2003,9.0,17.88,0.4176538408696736,30.703387872776432,19.23258143311824,18.894166666666667,0.3384078538888889,21.0,12.0,18.76557861768058,18.0,0.7655786176805783,0.0
2003-05-14,2003,12.0,22.85,0.25894739045646964,30.83451796232797,19.25145879467404,18.894166666666667,0.35718214750000005,23.0,11.0,20.007021483854217,20.0,0.007021483854217081,0.0
2003-05-15,2003,12.0,26.03,0.15930993988456432,30.96265940913564,19.27000880275388,18.894166666666667,0.3757891872222222,24.0,12.0,20.993538192764078,22.0,-1.0064618072359224,0.0
2003-05-16,2003,12.0,29.12,0.06329763200766958,31.087783051530014,19.288222048659975,18.89388888888889,0.3942181991666666,26.0,14.0,22.980326976656656,24.0,-1.0196730233433442,0.0
2003-05-17,2003,12.0,28.82,0.07657389400897141,31.2098605541048,19.306089076090895,18.89361111111111,0.4124581494444444,29.0,17.0,25.967393196338712,27.0,-1.032606803661288,0.0
2003-05-18,2003,8.0,19.08,0.39097696747521893,31.328864395984294,19.323600393507927,19.893055555555556,0.5695022427777778,27.0,19.0,24.969828138315794,22.0,2.969828138315794,0.0
2003-05-19,2003,11.0,18.09,0.4247055637150853,31.44476785977628,19.340746487197485,18.892222222222223,0.44832551055555553,26.0,15.0,23.19718107450294,22.0,1.1971810745029394,0.0
2003-05-20,2003,11.0,26.58,0.15772915852324398,31.557545021263238,19.357517835013972,18.891388888888887,0.46592968472222224,28.0,17.0,25.186117464492064,25.0,0.1861174644920638,0.0
2003-05-21,2003,10.0,19.8,0.3747467949491725,31.667170739877196,19.373904920782916,18.890555555555554,0.4832983577777778,26.0,16.0,23.432116107344246,23.0,0.4321161073442461,0.0
2003-05-22,2003,12.0,25.94,0.1835994932480809,31.77362064999603,19.3898982493399,19.889444444444443,0.4995805705555556,28.0,16.0,24.907072722973766,24.0,0.9070727229737656,0.0
2003-05-23,2003,11.0,20.68,0.3512537695220308,31.87687115309146,19.405488362175912,19.888055555555557,0.48271936027777773,31.0,20.0,28.154589088360783,24.0,4.154589088360783,0.0
2003-05-24,2003,13.0,19.84,0.37955210274922435,31.97689941075096,19.420665853655056,19.886666666666667,0.46613040916666665,26.0,13.0,22.625495147364482,14.0,8.625495147364482,0.0
2003-05-25,2003,5.0,12.31,0.6161962481811356,32.07368333858728,19.435421387765565,19.884999999999998,0.4498262347222222,18.0,13.0,16.697728777562382,17.0,-0.30227122243761784,0.0
2003-05-26,2003,14.0,31.77,0.012348030953028277,32.16720160104197,19.449745715360166,19.883333333333333,0.4338194511111111,26.0,12.0,22.341742005356615,22.0,0.3417420053566147,0.0
2003-05-27,2003,15.0,29.58,0.0830020651888641,32.25743360708034,19.463629691836744,19.881666666666668,0.4181227469444444,28.0,13.0,24.068101370060766,22.0,2.0681013700607664,0.016600413037772762
2003-05-28,2003,12.0,17.76,0.45090889815629653,32.34435950676781,19.477064295205487,19.879722222222224,0.4027488636111111,28.0,16.0,24.844946380484746,23.0,1.8449463804847461,0.0
2003-05-29,2003,11.0,23.94,0.26174819937223814,32.42796018870928,19.490040644483663,19.8775,0.3877105708333333,28.0,17.0,25.09943837003499,25.0,0.09943837003498857,0.0
2003-05-30,2003,16.0,20.22,0.37800341904687584,32.50821727832592,19.502550018354576,19.875555555555557,0.37302064388888884,31.0,15.0,26.76919934263229,18.0,8.769199342632291,0.45360410285625075
2003-05-31,2003,12.0,28.26,0.1327327948428486,32.58511313693593,19.514583874022723,19.873055555555556,0.35869183861111115,27.0,15.0,23.818396649497302,23.0,0.8183966494973021,0.0
2003-06-01,2003,14.0,29.16,0.1071272974187314,32.658630861599086,19.526133866192886,19.870833333333334,0.34473686777777773,30.0,16.0,26.278621329245084,24.0,2.278621329245084,0.0
2003-06-03,2003,12.0,30.16,0.08036073708926272,32.79546798006537,19.54774998048912,19.865555555555556,0.31799891444444445,33.0,21.0,29.79502370780605,28.0,1.795023707806049,0.0
2003-06-04,2003,12.0,30.59,0.06904574136521946,32.858757255012094,19.55780057052538,19.86277777777778,0.30524091694444444,35.0,23.0,31.787958638145103,30.0,1.7879586381451027,0.0
2003-06-05,2003,10.0,26.75,0.18738970165605628,32.9186081625043,19.56733627044394,19.860000000000003,0.29290667444444446,33.0,23.0,30.31771931088569,29.0,1.317719310885689,0.0
2003-06-06,2003,8.0,14.88,0.5487491549349504,32.97500749911059,19.576350005956854,19.857222222222223,0.2810083102777778,28.0,20.0,25.849960708675145,24.0,1.8499607086751446,0.0
2003-06-07,2003,12.0,25.99,0.21309055940558064,33.02794280923552,19.58483501226523,19.854166666666668,0.26955775527777776,33.0,21.0,29.768995887224047,29.0,0.7689958872240474,0.0
2003-06-08,2003,10.0,25.83,0.21910433907526716,33.077402388703554,19.592784851607632,19.851111111111113,0.258566725,30.0,20.0,27.30285920459995,24.0,3.302859204599951,0.0
2003-06-09,2003,7.0,20.01,0.3958948982204843,33.12337528859868,19.600193430251807,19.848055555555554,0.248046695,26.0,19.0,24.108979021073672,23.0,1.1089790210736723,0.0
2003-06-10,2003,8.0,20.01,0.39666858518521686,33.16585131928341,19.607055014840363,19.845,0.23800887694444445,28.0,20.0,25.83563667967376,25.0,0.8356366796737618,0.0
2003-06-11,2003,8.0,19.14,0.4235776796214952,33.204821054520956,19.61336424800236,19.841666666666665,0.22846419666666665,28.0,20.0,25.832699778859727,25.0,0.8326997788597268,0.0
2003-06-13,2003,7.0,25.14,0.24441443232202475,33.272207775565235,19.62430619834084,19.834999999999997,0.21089639500000001,28.0,21.0,26.099160100688604,23.0,3.0991601006886036,0.0
2003-06-14,2003,5.0,17.33,0.4795891089273483,33.30060976295105,19.628930209235804,19.831666666666667,0.20289350333333334,25.0,20.0,23.640914531128786,24.0,-0.3590854688712142,0.0
2003-06-15,2003,10.0,15.54,0.5336900739516615,33.325475465836625,19.632984480895,19.828333333333333,0.19542416972222224,29.0,19.0,26.279475769925774,27.0,-0.7205242300742256,0.0
2003-06-16,2003,7.0,13.53,0.5942639092895302,33.34679933527261,19.63646573852433,19.82472222222222,0.18849757944444442,30.0,23.0,28.094219184990973,27.0,1.0942191849909726,0.0
2003-06-17,2003,13.0,27.79,0.16708069381355584,33.36457660855248,19.639371156999037,19.82138888888889,0.18212251444444444,34.0,21.0,30.458502192602253,30.0,0.45850219260225344,0.0
2003-06-18,2003,11.0,30.13,0.09733132975803627,33.37880331209849,19.64169836914314,19.817777777777778,0.1763073363888889,36.0,25.0,33.00186377727258,31.0,2.0018637772725825,0.0
2003-06-19,2003,10.0,18.45,0.4474306858198518,33.38947626394061,19.643445472708866,19.814444444444444,0.17105997305555556,33.0,23.0,30.27340890019274,26.0,4.2734089001927416,0.0
2003-06-20,2003,12.0,25.5,0.23644906107153152,33.39659307574882,19.644611036013124,19.810833333333335,0.166387905,34.0,22.0,30.727280071338708,28.0,2.7272800713387078,0.0
2003-06-21,2003,9.0,24.21,0.2751530026541926,33.40015215438629,19.645194102196037,19.807222222222222,0.1622981527777778,32.0,23.0,29.54515595810631,29.0,0.5451559581063101,0.0
2003-06-22,2003,12.0,25.03,0.2506022286005082,33.40015270295875,19.645194192074904,19.80388888888889,0.15879726694444446,34.0,22.0,30.726874548309368,29.0,1.7268745483093682,0.0
2003-06-23,2003,9.0,5.81,0.8260301671928576,33.39659472134338,19.64461130557584,19.80027777777778,0.15589131833333333,26.0,17.0,23.545459912910044,20.0,3.5454599129100437,0.0
2003-06-24,2003,13.0,26.85,0.19585447874094497,33.38947900618884,19.64344592173397,19.796944444444446,0.15358589111111112,28.0,15.0,24.45543123192248,24.0,0.4554312319224785,0.0
2003-06-25,2003,11.0,27.99,0.1614439703044992,33.37880715038662,19.641698997262278,19.793333333333337,0.15188607555555553,27.0,16.0,24.001863376730434,25.0,-0.9981366232695663,0.0
2003-06-26,2003,11.0,27.99,0.16108643638322384,33.364581542021774,19.639371963698046,19.790000000000003,0.15079646444444444,30.0,19.0,27.003347494564032,26.0,1.0033474945640322,0.0
2003-06-27,2003,11.0,24.87,0.2542014226127691,33.34680536281995,19.63646672314477,19.78666666666667,0.15032114777777777,32.0,21.0,29.005200948149465,26.0,3.005200948149465,0.0
2003-06-28,2003,12.0,25.48,0.23541992425291913,33.32548258611522,19.632985642636104,19.783333333333335,0.15046371249999999,32.0,20.0,28.735370114908275,29.0,-0.26462988509172547,0.0
2003-06-30,2003,8.0,17.87,0.46291526173254594,33.27221707629535,19.62430771136379,19.776666666666667,0.15261430916666668,25.0,17.0,22.827610840509543,21.0,1.8276108405095428,0.0
2003-07-01,2003,11.0,21.58,0.3507877803806886,33.24028622359295,19.619117850057584,19.77361111111111,0.15462699666666668,28.0,17.0,25.016282199389586,26.0,-0.9837178006104139,0.0
2003-07-02,2003,12.0,25.34,0.23685806940663534,33.204832527413906,19.613366107462333,19.770555555555553,0.15726687972222222,31.0,19.0,27.74904837042382,27.0,0.7490483704238216,0.0
2003-07-03,2003,9.0,27.5,0.17083420157490714,33.16586387455097,19.60705704537799,19.7675,0.16053504333333332,31.0,22.0,28.56509020088897,27.0,1.5650902008889709,0.0
2003-07-04,2003,11.0,28.0,0.15467586771670205,33.12338892345287,19.600195630274914,19.764444444444443,0.16443208222222222,34.0,23.0,31.02839419475795,30.0,1.0283941947579507,0.0
2003-07-05,2003,11.0,25.11,0.24087180314001533,33.07741710012037,19.59278721940581,19.761666666666667,0.16895811055555554,34.0,23.0,31.033143606443293,27.0,4.033143606443293,0.0
2003-07-06,2003,5.0,17.43,0.47226529455594324,33.02795859395624,19.584837546014512,19.75888888888889,0.1741127686111111,28.0,23.0,26.653747546995067,25.0,1.653747546995067,0.0
2003-07-07,2003,12.0,27.12,0.17755936404626804,32.975024353643065,19.57635270372465,19.75611111111111,0.17989523138888888,32.0,20.0,28.774939171833363,29.0,-0.22506082816663664,0.0
2003-07-08,2003,12.0,22.2,0.32560976439472566,32.91862608312411,19.567339130194185,19.753611111111113,0.18630421694444446,35.0,23.0,31.781261166216225,31.0,0.7812611662162254,0.0
2003-07-09,2003,8.0,16.19,0.5072853631903289,32.85877623776372,19.557803590123868,19.75111111111111,0.19333799944444444,31.0,23.0,28.858637677841042,27.0,1.8586376778410418,0.0
2003-07-10,2003,7.0,17.77,0.45815717123192146,32.795488020763266,19.547753157708968,19.748611111111114,0.2009944177777778,30.0,23.0,28.130429192622636,24.0,4.1304291926226355,0.0
2003-07-11,2003,11.0,20.96,0.3595849598189571,32.72877537990783,19.537195198624303,19.24638888888889,0.2907291116666667,31.0,20.0,28.068914445096617,28.0,0.06891444509661682,0.0
2003-07-12,2003,11.0,22.55,0.30952449273572813,32.65865300471728,19.526137351632375,19.74416666666667,0.2181644161111111,32.0,21.0,29.076057362933916,28.0,1.0760573629339163,0.0
2003-07-13,2003,9.0,16.07,0.5068303584745693,32.585136324072245,19.514587509903635,19.742222222222225,0.22767160916666668,27.0,18.0,24.61379556169448,18.0,6.613795561694481,0.0
2003-07-14,2003,6.0,13.55,0.5831826216077161,32.50824150438262,19.502553802136447,19.740277777777777,0.2377886897222222,22.0,16.0,20.413448415785002,17.0,3.413448415785002,0.0
2003-07-15,2003,12.0,23.3,0.28148481387772695,32.427985448361746,19.4900445735622,19.738333333333333,0.24851150805555555,27.0,15.0,23.835748166957636,24.0,-0.16425183304236413,0.0
2003-07-16,2003,9.0,24.29,0.2490195932501844,32.34438579446462,19.477068366918438,19.736666666666668,0.2598355561111111,29.0,20.0,26.63370761973516,25.0,1.6337076197351585,0.0
2003-07-17,2003,7.0,17.69,0.45159973856920765,32.2574609170431,19.46363390346974,19.735277777777778,0.2717559816666667,26.0,19.0,24.16511222772854,23.0,1.1651122277285388,0.0
2003-07-18,2003,15.0,29.66,0.07794360698555958,32.16722992726486,19.449750064152493,19.733888888888888,0.28426760055555556,33.0,18.0,29.08043399570513,28.0,1.0804339957051283,0.01558872139711186
2003-07-19,2003,12.0,14.74,0.5404336208460113,32.07371267483649,19.435425870915893,19.732777777777777,0.2973649122222222,29.0,17.0,25.87454587156067,18.0,7.87454587156067,0.0
2003-07-20,2003,9.0,28.43,0.11092152305526293,31.97692975056367,19.420670468327046,19.731666666666666,0.3110421113888889,27.0,18.0,24.663801862373788,25.0,-0.3361981376262122,0.0
2003-07-21,2003,13.0,26.96,0.15424655803216547,31.876902489774718,19.405493105503744,19.730555555555554,0.32529310388888893,32.0,19.0,28.63723797562485,28.0,0.6372379756248492,0.0
2003-07-22,2003,12.0,13.65,0.5703987826001049,31.77365297662523,19.389903118433654,19.729999999999997,0.3401115180555555,32.0,20.0,28.907069235208667,21.0,7.907069235208667,0.0
2003-07-23,2003,8.0,21.02,0.3362217906172129,31.66720404929443,19.373909912733815,19.729166666666664,0.35549071861111115,28.0,20.0,25.94569049767184,25.0,0.9456904976718405,0.0
2003-07-24,2003,9.0,12.18,0.6140388373307448,31.557579306075173,19.35752294689947,19.728888888888886,0.37142381999999996,26.0,17.0,23.697729714527153,21.0,2.697729714527153,0.0
2003-07-25,2003,10.0,26.01,0.17283629008372026,31.44480311235193,19.340751716086167,19.72861111111111,0.3879036983333334,26.0,16.0,23.45197965623495,23.0,0.4519796562349505,0.0
2003-07-26,2003,9.0,23.15,0.2610656757692231,31.328900608452468,19.32360573646426,19.72833333333333,0.40492300444444446,26.0,17.0,23.716053763472935,22.0,1.7160537634729351,0.0
2003-07-27,2003,8.0,18.97,0.39218000099866634,31.20989771835128,19.30609453017975,19.72833333333333,0.422474175,25.0,17.0,22.978259501434753,21.0,1.9782595014347528,0.0
2003-07-28,2003,11.0,14.31,0.5396911244850076,31.08782115919448,19.288227610950976,19.72861111111111,0.44054944444444444,23.0,12.0,20.231962700600498,13.0,7.231962700600498,0.0
2003-07-29,2003,10.0,26.34,0.14929895270056004,30.962698451608382,19.270014470325542,19.728888888888886,0.4591408563888889,22.0,12.0,19.494611731257425,19.0,0.4946117312574252,0.0
2003-07-30,2003,11.0,23.31,0.24403002461220213,30.83455793074642,19.251464564617677,19.729444444444443,0.47824027333333335,25.0,14.0,22.25643251174848,21.0,1.2564325117484785,0.0
2003-07-31,2003,13.0,28.49,0.0720906051068686,30.703428758021392,19.23258730254168,19.730277777777776,0.4978393888888889,27.0,14.0,23.77249781140393,23.0,0.7724978114039303,0.0
2003-08-01,2003,13.0,28.1,0.080778350401422,30.56934093346388,19.21339203355301,18.731111111111108,0.4820702647222222,30.0,17.0,26.78767670814816,28.0,-1.2123232918518383,0.0
2003-08-02,2003,14.0,26.36,0.13381577869385308,30.432325308640362,19.19388803690468,18.73222222222222,0.46149730555555557,34.0,20.0,30.55722011574013,30.0,0.5572201157401295,0.0
2003-08-03,2003,10.0,24.6,0.18791548521732282,30.292413600058897,19.174084511422926,18.733611111111113,0.44045049388888885,33.0,23.0,30.552969857915492,31.0,-0.44703014208450753,0.0
2003-08-04,2003,8.0,18.16,0.3976710513980054,30.149638402984543,19.153990566002633,18.735,0.41893872388888886,31.0,23.0,29.052218165809197,28.0,1.0522181658091974,0.0
2003-08-05,2003,7.0,7.98,0.7340357562824056,30.004033205581226,19.133615210819983,18.73638888888889,0.3969710138888889,23.0,16.0,21.304442966359435,20.0,1.304442966359435,0.0
2003-08-06,2003,11.0,25.15,0.15761288656453276,29.85563240329253,19.112967349256607,18.738333333333333,0.3745565013888889,27.0,16.0,24.349521805016956,25.0,-0.6504781949830445,0.0
2003-08-07,2003,9.0,19.08,0.3576724595191635,29.704471313369194,19.092055770527203,18.740277777777777,0.35170443416666664,26.0,17.0,23.84302802862114,23.0,0.8430280286211413,0.0
2003-08-08,2003,9.0,16.87,0.42911453966270463,29.550586189448097,19.070889142999874,18.742222222222225,0.3284241636111111,27.0,18.0,24.85479751750278,24.0,0.8547975175027815,0.0
2003-08-09,2003,9.0,26.64,0.09369302926658929,29.394014236083958,19.049476008196507,18.744722222222222,0.30472513944444446,28.0,19.0,25.866731556008773,26.0,-0.13326844399122706,0.0
2003-08-10,2003,12.0,26.31,0.10004495536504421,29.234793623132575,19.027824775458466,18.746944444444445,0.28061690222222224,30.0,18.0,27.171768448151916,27.0,0.17176844815191572,0.0
2003-08-11,2003,11.0,25.27,0.13080756283748685,29.072963499882892,19.005943717261424,18.749722222222225,0.25610907944444444,32.0,21.0,29.422428771413102,30.0,-0.5775712285868977,0.0
2003-08-12,2003,10.0,25.56,0.11583294167810998,28.908564008833068,18.983840965161413,18.7525,0.23121137916666665,31.0,21.0,28.670536744709775,28.0,0.670536744709775,0.0
2003-08-13,2003,10.0,19.47,0.32258554114841675,28.741636299005744,18.9615245063533,18.755555555555556,0.20593358527777778,27.0,17.0,24.684486215788723,24.0,0.6844862157887235,0.0
2003-08-14,2003,13.0,27.88,0.02422711561059465,28.57222253869664,18.939002180821667,18.75861111111111,0.1802855538888889,28.0,15.0,25.008177114453602,25.0,0.00817711445360203,0.0
2003-08-15,2003,13.0,26.73,0.05881494385715191,28.400365927551512,18.916281679063353,18.761944444444445,0.15427720805555556,31.0,18.0,28.026727649511653,28.0,0.02672764951165263,0.0
2003-08-16,2003,12.0,25.1,0.11075244266634698,28.226110707867004,18.893370540360294,18.76527777777778,0.1279185336111111,33.0,21.0,30.272749408481225,30.0,0.272749408481225,0.0
2003-08-17,2003,13.0,25.06,0.10657950919625736,28.049502175012147,18.87027615158083,18.76888888888889,0.1012195775,36.0,23.0,33.06442464493765,32.0,1.0644246449376524,0.0
2003-08-18,2003,11.0,13.05,0.5317644315629639,27.870586686869434,18.84700574648732,18.772777777777776,0.07419044166666668,28.0,17.0,25.532243897653107,24.0,1.5322438976531068,0.0
2003-08-19,2003,9.0,23.21,0.16177345063254578,27.689411672196282,18.82356640552789,18.776666666666667,0.04684128222222222,27.0,18.0,24.9943032872097,26.0,-1.0056967127903,0.0
2003-08-20,2003,12.0,24.77,0.09947004608509458,27.506025637810836,18.799965056089885,18.780555555555555,0.019182304722222224,29.0,17.0,26.34373944594001,27.0,-0.6562605540599904,0.0
2003-08-21,2003,9.0,17.06,0.3755599777196542,27.320478174508835,18.77620847319291,18.784722222222225,0.008776238333333334,29.0,20.0,27.021427358050875,25.0,2.0214273580508753,0.0
2003-08-22,2003,10.0,17.75,0.3458107183438275,27.132819961622374,18.75230328059946,18.789166666666667,0.03702404833333334,30.0,20.0,27.816853656536637,26.0,1.8168536565366367,0.0
2003-08-23,2003,13.0,24.05,0.10737823311655481,26.943102770134832,18.728255952321405,18.79361111111111,0.06555078583333333,33.0,20.0,30.181923710224602,30.0,0.18192371022460208,0.0
2003-08-24,2003,11.0,22.52,0.15817425302955068,26.75137946427115,18.70407281450104,18.798333333333336,0.09434607055555555,32.0,21.0,29.632545253623633,29.0,0.6325452536236327,0.0
2003-08-25,2003,9.0,17.53,0.3399278793445937,26.557704001486858,18.679760047645765,18.803055555555556,0.12339948472222222,31.0,22.0,29.07706748694571,27.0,2.0770674869457117,0.0
2003-08-26,2003,8.0,17.87,0.32213371870485064,26.3621314307847,18.655323689196173,18.80777777777778,0.15270057527777778,30.0,22.0,28.303332174654646,26.0,2.3033321746546456,0.0
2003-08-27,2003,10.0,21.47,0.17942933339303435,26.164717889292564,18.630769636407578,18.81277777777778,0.182238855,30.0,20.0,27.89503564286025,28.0,-0.10496435713974961,0.0
2003-08-28,2003,9.0,5.07,0.8047410610909347,25.965520597042516,18.606103649525917,18.818055555555556,0.2120038052777778,25.0,16.0,23.11991454729841,19.0,4.119914547298411,0.0
2003-08-29,2003,12.0,23.26,0.0972108264405166,25.764597849895942,18.581331355239435,18.823055555555555,0.24198487694444445,28.0,16.0,25.51252406716638,25.0,0.5125240671663818,0.0
2003-08-30,2003,12.0,23.33,0.08731743305636863,25.562009010566424,18.55645825038826,18.828611111111112,0.27217149416666664,30.0,18.0,27.531952756461934,26.0,1.5319527564619335,0.0
2003-08-31,2003,10.0,24.4,0.03777196563152374,25.357814497697586,18.53148970591467,18.833888888888886,0.3025530527777778,30.0,20.0,27.95958456405522,25.0,2.95958456405522,0.0
2003-09-01,2003,13.0,23.72,0.056936683313413394,25.15207577296,18.50643097103756,18.839444444444442,0.33311892583333336,31.0,18.0,28.36876346790658,28.0,0.36876346790657877,0.0
2003-09-02,2003,10.0,23.37,0.06313347203449604,24.944855326137237,18.48128717763528,18.845,0.3638584625,29.0,19.0,26.99245270328765,26.0,0.9924527032876505,0.0
2003-09-03,2003,13.0,22.93,0.07301911537797934,24.736216658178208,18.456063344821757,18.850555555555555,0.3947609902777778,30.0,17.0,27.411730863621656,26.0,1.4117308636216563,0.0
2003-09-04,2003,12.0,24.04,0.0198246683631792,24.526224262199054,18.430764383701472,18.85638888888889,0.4258158180555555,29.0,17.0,26.630818157618297,24.0,2.6308181576182967,0.0
2003-09-05,2003,13.0,23.97,0.014186485811573668,24.314943602425014,18.405395102289596,18.862222222222222,0.4570122358333333,32.0,19.0,29.455150783718185,26.0,3.455150783718185,0.0
2003-09-06,2003,13.0,23.62,0.020016275083771684,24.102441091069245,18.379960210584176,18.868055555555557,0.4883395180555556,33.0,20.0,30.477020073358556,26.0,4.477020073358556,0.0
2003-09-07,2003,13.0,23.89,0.0,23.888784063151906,18.354464325778014,17.874166666666667,0.4802130763888889,34.0,21.0,31.49899009605059,33.0,-1.5010099039494094,0.0
2003-09-08,2003,16.0,23.14,0.022558073415789526,23.674040749270436,18.328911977598437,17.88,0.44865630055555555,35.0,19.0,31.948992930854356,32.0,-0.051007069145644124,0.027069688098947414
2003-09-09,2003,11.0,22.92,0.022946279125533597,23.458280246337452,18.303307613763792,17.88611111111111,0.4170009202777778,35.0,24.0,32.92118274328053,32.0,0.9211827432805322,0.0
2003-09-10,2003,14.0,20.27,0.12785591371068805,23.241572486310403,18.277655605546048,17.892222222222223,0.38525770916666663,37.0,23.0,34.378191630198245,33.0,1.3781916301982449,0.0
2003-09-11,2003,10.0,20.05,0.12916911599887426,23.023988202942608,18.251960253429495,17.898333333333333,0.3534374508333334,30.0,20.0,28.14445826281296,28.0,0.14445826281296092,0.0
2003-09-12,2003,13.0,20.59,0.09715153312301572,22.805598896592517,18.22622579285597,17.904444444444444,0.3215509336111111,33.0,20.0,30.610208145444425,31.0,-0.3897918545555754,0.0
2003-09-13,2003,8.0,18.11,0.19819278754010372,22.586476797133827,18.200456400047564,17.910833333333333,0.2896089511111111,25.0,17.0,23.5431980196134,24.0,-0.4568019803866008,0.0
2003-09-14,2003,5.0,8.9,0.6020869391016986,22.366694825015212,18.17465619789818,17.916944444444447,0.2576222994444445,20.0,15.0,19.098175981962946,18.0,1.098175981962946,0.0
2003-09-15,2003,5.0,8.66,0.608964494394001,22.146326550524737,18.148829261925783,17.923055555555557,0.22560177555555555,16.0,11.0,15.106879363406417,15.0,0.10687936340641713,0.0
2003-09-16,2003,8.0,16.36,0.2538350240587641,21.92544615131926,18.1229796262774,17.929166666666667,0.19355817583333335,21.0,13.0,19.58497170561424,18.0,1.5849717056142403,0.0
2003-09-17,2003,11.0,19.21,0.11491492890034016,21.70412836828537,18.09711128977951,17.935555555555556,0.1615022938888889,22.0,11.0,20.073588126176116,20.0,0.07358812617611576,0.0
2003-09-18,2003,8.0,11.09,0.4837646173921403,21.482448459802942,18.07122822202643,17.941666666666666,0.12944491916666667,22.0,14.0,20.613008832642834,20.0,0.6130088326428336,0.0
2003-09-19,2003,13.0,20.78,0.022599776947533012,21.260482154488447,18.045334369499844,17.947777777777777,0.09739683472222221,26.0,13.0,23.768998586932263,23.0,0.7689985869322626,0.0
2003-09-20,2003,14.0,20.36,0.03224145590977601,21.038305602499378,18.01943366171265,17.953888888888887,0.06536881555555556,26.0,12.0,23.62205138175203,24.0,-0.3779486182479701,0.0
2003-09-21,2003,13.0,19.39,0.06850478697696971,20.815995325486018,17.993530017370485,17.96,0.0333716275,30.0,17.0,27.81485384101775,26.0,1.8148538410177508,0.0
2003-09-22,2003,7.0,13.88,0.32600511728185533,20.593628165281523,17.967627350544504,17.96611111111111,0.0014160233333333334,24.0,17.0,22.835760636067583,22.0,0.8357606360675831,0.0
2003-09-23,2003,6.0,6.5,0.680923358420229,20.37128123142465,17.941729576848914,17.971944444444443,0.03048725638888889,18.0,12.0,17.012705748220462,14.0,3.012705748220462,0.0
2003-09-24,2003,4.0,7.01,0.6520924651359867,20.14903184761434,17.915840619616947,17.978055555555553,0.06232748694444444,11.0,7.0,10.348896362926219,9.0,1.3488963629262187,0.0
2003-09-25,2003,12.0,18.55,0.06910023757473072,19.92695749719794,17.889964416068796,17.983888888888888,0.09409396027777778,17.0,5.0,15.06798967077704,15.0,0.06798967077703999,0.0
2003-09-26,2003,13.0,18.81,0.045426521204781745,19.705135767799025,17.864104923465167,17.989722222222223,0.12577598805555557,19.0,6.0,16.930084729600175,17.0,-0.06991527039982515,0.0
2003-09-27,2003,9.0,3.39,0.8260079095759111,19.483644295192974,17.838266125239773,17.995555555555555,0.1573629013888889,13.0,4.0,11.5829820172732,8.0,3.582982017273199,0.0
2003-09-28,2003,8.0,12.1,0.3718384495011292,19.262560706541926,17.8124520371042,18.00111111111111,0.18884405444444446,11.0,3.0,9.754657595216244,9.0,0.7546575952162442,0.0
2003-09-29,2003,10.0,16.8,0.11773799867912516,19.041962563102516,17.78666671311818,18.006666666666668,0.22020882638888886,14.0,4.0,12.461113007945332,11.0,1.4611130079453325,0.0
2003-09-30,2003,11.0,15.12,0.19668162792372912,18.821927302522138,17.760914251718223,18.01222222222222,0.2514466202777778,15.0,4.0,13.326795295802492,12.0,1.3267952958024924,0.0
2004-05-01,2004,7.0,21.77,0.2511930316879205,29.07291320895793,19.005936936675834,18.88222222222222,0.12363601027777778,15.0,8.0,13.359730356374396,14.0,-0.6402696436256043,0.0
2004-05-02,2004,14.0,28.54,0.023764330807359957,29.234744130587814,19.027818064467443,18.884166666666665,0.14362532305555556,19.0,5.0,15.700402361231527,16.0,-0.2995976387684731,0.0
2004-05-03,2004,16.0,28.53,0.029392616404557592,29.393965554141666,19.04946936932894,18.885833333333334,0.16354547583333334,24.0,8.0,20.20752935161682,20.0,0.20752935161682018,0.03527113968546909
2004-05-04,2004,14.0,27.32,0.07548215552337345,29.550538330026466,19.070882578827508,18.88722222222222,0.18338924888888888,27.0,13.0,23.663024044767702,24.0,-0.3369759552322975,0.0
2004-05-05,2004,12.0,22.12,0.255329785709007,29.704424288086567,19.09204928366328,18.88888888888889,0.20314906638888888,28.0,16.0,25.124042175244398,23.0,2.124042175244398,0.0
2004-05-06,2004,12.0,24.19,0.18976637005431596,29.85558622347191,19.11296094235434,18.89,0.2228169988888889,30.0,18.0,27.10857397557159,27.0,0.10857397557159132,0.0
2004-05-07,2004,8.0,24.46,0.18477503403917672,30.00398788225465,19.1336088865708,18.891111111111112,0.24238476805555553,26.0,18.0,24.062223641063312,24.0,0.06222364106331213,0.0
2004-05-08,2004,9.0,10.85,0.6401278233096578,30.149593946897586,19.153984327134236,18.891944444444444,0.26184375277777777,20.0,11.0,17.808748878208995,12.0,5.808748878208995,0.0
2004-05-09,2004,11.0,26.6,0.12189109069489135,30.292370021675225,19.17407836069709,18.892777777777777,0.28118499722222223,20.0,9.0,17.308270981590038,18.0,-0.691729018409962,0.0
2004-05-10,2004,4.0,13.63,0.552120352882346,30.43228261814612,19.193881977114923,18.893333333333334,0.3003992161111111,16.0,12.0,15.016350083690652,15.0,0.01635008369065183,0.0
2004-05-11,2004,7.0,7.22,0.763815324428873,30.569299140772138,19.213386067521952,18.89388888888889,0.3194768061111111,17.0,10.0,15.270290001257294,15.0,0.27029000125729397,0.0
2004-05-12,2004,7.0,17.43,0.43231020393503405,30.703387872776432,19.23258143311824,18.894166666666667,0.3384078538888889,19.0,12.0,17.262116702640448,15.0,2.262116702640448,0.0
2004-05-13,2004,12.0,22.42,0.27289280061418153,30.83451796232797,19.25145879467404,18.894166666666667,0.35718214750000005,23.0,11.0,20.007021483854217,22.0,-1.992978516145783,0.0
2004-05-14,2004,11.0,24.28,0.21582963274672384,30.96265940913564,19.27000880275388,18.894166666666667,0.3757891872222222,25.0,14.0,22.244076676700406,19.0,3.2440766767004057,0.0
2004-05-15,2004,15.0,28.57,0.080989469315217,31.087783051530014,19.288222048659975,18.89388888888889,0.3942181991666666,29.0,14.0,25.22540872082082,26.0,-0.7745912791791802,0.016197893863043343
2004-05-16,2004,10.0,29.31,0.060873727737784655,31.2098605541048,19.306089076090895,18.89361111111111,0.4124581494444444,31.0,21.0,28.472827663615593,29.0,-0.5271723363844067,0.0
2004-05-17,2004,14.0,30.35,0.031244809374889493,31.328864395984294,19.323600393507927,18.893055555555556,0.4304977572222223,34.0,20.0,30.44719924205264,31.0,-0.5528007579473595,0.0
2004-05-19,2004,12.0,26.13,0.1719888228823313,31.557545021263238,19.357517835013972,18.891388888888887,0.46592968472222224,34.0,22.0,30.930309961264072,29.0,1.9303099612640722,0.0
2004-05-20,2004,12.0,26.24,0.17138161108415595,31.667170739877196,19.373904920782916,18.890555555555554,0.4832983577777778,35.0,23.0,31.918539328813097,31.0,0.9185393288130967,0.0
2004-05-21,2004,8.0,10.23,0.6780348040064714,31.77362064999603,19.3898982493399,19.889444444444443,0.4995805705555556,25.0,17.0,22.93804848198251,20.0,2.9380484819825092,0.0
2004-05-22,2004,9.0,12.71,0.6012783080573023,31.87687115309146,19.405488362175912,19.888055555555557,0.48271936027777773,22.0,13.0,19.67193652684064,15.0,4.671936526840639,0.0
2004-05-23,2004,10.0,25.03,0.21724743607928854,31.97689941075096,19.420665853655056,19.886666666666667,0.46613040916666665,27.0,17.0,24.404227036434218,22.0,2.404227036434218,0.0
2004-05-24,2004,8.0,25.74,0.19747290237062798,32.07368333858728,19.435421387765565,19.884999999999998,0.4498262347222222,25.0,17.0,22.91636604409981,21.0,1.91636604409981,0.0
2004-05-25,2004,10.0,11.8,0.633166722229957,32.16720160104197,19.449745715360166,19.883333333333333,0.4338194511111111,23.0,13.0,20.386958575254727,20.0,0.3869585752547273,0.0
2004-05-26,2004,9.0,18.93,0.4131585224484515,32.25743360708034,19.463629691836744,19.881666666666668,0.4181227469444444,21.0,12.0,18.64086082203646,17.0,1.6408608220364584,0.0
2004-05-27,2004,11.0,19.92,0.3841275479320623,32.34435950676781,19.477064295205487,19.879722222222224,0.4027488636111111,24.0,13.0,21.10786751544435,21.0,0.10786751544435091,0.0
2004-05-28,2004,11.0,29.73,0.08319857841840606,32.42796018870928,19.490040644483663,19.8775,0.3877105708333333,27.0,16.0,24.09943837003499,22.0,2.0994383700349886,0.0
2004-05-29,2004,11.0,17.49,0.4619821859114668,32.50821727832592,19.502550018354576,19.875555555555557,0.37302064388888884,29.0,18.0,26.0913245480597,24.0,2.091324548059699,0.0
2004-05-30,2004,13.0,29.33,0.09989571382663676,32.58511313693593,19.514583874022723,19.873055555555556,0.35869183861111115,34.0,21.0,30.553263036955414,27.0,3.553263036955414,0.0
2004-05-31,2004,6.0,20.96,0.3582094702982377,32.658630861599086,19.526133866192886,19.870833333333334,0.34473686777777773,26.0,20.0,24.405123426819323,21.0,3.4051234268193227,0.0
2004-06-01,2004,9.0,26.57,0.18817564004791076,32.72875428567832,19.53719186609701,19.868333333333332,0.33116837583333336,26.0,17.0,23.601840851590044,23.0,0.601840851590044,0.0
2004-06-02,2004,12.0,31.44,0.04133095404795817,32.79546798006537,19.54774998048912,19.865555555555556,0.31799891444444445,25.0,13.0,21.79502370780605,20.0,1.795023707806049,0.0
2004-06-03,2004,12.0,32.41,0.013657158471617081,32.858757255012094,19.55780057052538,19.86277777777778,0.30524091694444444,25.0,13.0,21.787958638145103,22.0,-0.2120413618548973,0.0
2004-06-04,2004,15.0,31.82,0.0333734694091854,32.9186081625043,19.56733627044394,19.860000000000003,0.29290667444444446,29.0,14.0,24.976578966328535,24.0,0.9765789663285354,0.006674693881837055
2004-06-05,2004,9.0,30.26,0.08233531104379033,32.97500749911059,19.576350005956854,19.857222222222223,0.2810083102777778,32.0,23.0,29.581205797259535,26.0,3.5812057972595355,0.0
2004-06-06,2004,9.0,29.41,0.10954187580292896,33.02794280923552,19.58483501226523,19.854166666666668,0.26955775527777776,35.0,26.0,32.576746915418035,31.0,1.5767469154180347,0.0
2004-06-07,2004,7.0,22.47,0.3206842624475901,33.077402388703554,19.592784851607632,19.851111111111113,0.258566725,27.0,20.0,25.112001443219967,22.0,3.1120014432199667,0.0
2004-06-08,2004,9.0,20.92,0.3684218526123204,33.12337528859868,19.600193430251807,19.848055555555554,0.248046695,26.0,17.0,23.568687312809008,24.0,-0.43131268719099225,0.0
2004-06-09,2004,5.0,13.6,0.5899396680919016,33.16585131928341,19.607055014840363,19.845,0.23800887694444445,22.0,17.0,20.647272924796102,19.0,1.647272924796102,0.0
2004-06-10,2004,9.0,18.93,0.4299020624469647,33.204821054520956,19.61336424800236,19.841666666666665,0.22846419666666665,24.0,15.0,21.561787251217194,23.0,-1.4382127487828065,0.0
2004-06-11,2004,9.0,20.87,0.3721472077066056,33.24027583562532,19.61911616314477,19.83833333333333,0.21942327305555553,25.0,16.0,22.558777227431733,22.0,0.5587772274317331,0.0
2004-06-12,2004,14.0,23.91,0.2813822226260785,33.272207775565235,19.62430619834084,19.834999999999997,0.21089639500000001,30.0,16.0,26.198320201377207,26.0,0.19832020137720718,0.0
2004-06-13,2004,14.0,30.22,0.09250910973943827,33.30060976295105,19.628930209235804,19.831666666666667,0.20289350333333334,31.0,17.0,27.194560687160603,28.0,-0.8054393128393968,0.0
2004-06-14,2004,14.0,31.08,0.0673801479033228,33.325475465836625,19.632984480895,19.828333333333333,0.19542416972222224,34.0,20.0,30.19126607789608,28.0,2.1912660778960813,0.0
2004-06-15,2004,10.0,22.22,0.3336691843616676,33.34679933527261,19.63646573852433,19.82472222222222,0.18849757944444442,28.0,18.0,25.27745597855853,24.0,1.2774559785585318,0.0
2004-06-16,2004,9.0,26.21,0.21443630747942777,33.36457660855248,19.639371156999037,19.82138888888889,0.18212251444444444,28.0,19.0,25.548193825647715,24.0,1.548193825647715,0.0
2004-06-17,2004,11.0,30.1,0.09823010374101859,33.37880331209849,19.64169836914314,19.817777777777778,0.1763073363888889,31.0,20.0,28.001863777272582,28.0,0.0018637772725824675,0.0
2004-06-18,2004,13.0,31.13,0.06767031162991799,33.38947626394061,19.643445472708866,19.814444444444444,0.17105997305555556,34.0,21.0,30.455431570250568,29.0,1.4554315702505676,0.0
2004-06-19,2004,13.0,27.7,0.1705740781051538,33.39659307574882,19.644611036013124,19.810833333333335,0.166387905,36.0,23.0,32.45455341061693,31.0,1.4545534106169313,0.0
2004-06-20,2004,11.0,21.73,0.3494041614075013,33.40015215438629,19.645194102196037,19.807222222222222,0.1622981527777778,35.0,24.0,31.99963505990771,29.0,2.9996350599077104,0.0
2004-06-21,2004,9.0,27.18,0.18623126541597335,33.40015270295875,19.645194192074904,19.80388888888889,0.15879726694444446,34.0,25.0,31.545155911232026,29.0,2.545155911232026,0.0
2004-06-22,2004,11.0,29.45,0.11817356692420966,33.39659472134338,19.64461130557584,19.80027777777778,0.15589131833333333,35.0,24.0,32.00000656022339,30.0,2.0000065602233903,0.0
2004-06-23,2004,12.0,19.35,0.42047613272392126,33.38947900618884,19.64344592173397,19.796944444444446,0.15358589111111112,35.0,23.0,31.72809036792844,29.0,2.7280903679284414,0.0
2004-06-24,2004,5.0,8.23,0.753436365687961,33.37880715038662,19.641698997262278,19.793333333333337,0.15188607555555553,22.0,17.0,20.63721062578656,20.0,0.6372106257865617,0.0
2004-06-25,2004,9.0,24.27,0.27258191536337417,33.364581542021774,19.639371963698046,19.790000000000003,0.15079646444444444,26.0,17.0,23.5481934046433,24.0,-0.4518065953567003,0.0
2004-06-26,2004,12.0,22.25,0.33276966840104993,33.34680536281995,19.63646672314477,19.78666666666667,0.15032114777777777,29.0,17.0,25.732946488890327,25.0,0.7329464888903274,0.0
2004-06-27,2004,7.0,9.2,0.7239349804994841,33.32548258611522,19.632985642636104,19.783333333333335,0.15046371249999999,22.0,15.0,20.095632567029828,20.0,0.0956325670298277,0.0
2004-06-28,2004,10.0,20.85,0.3738854931747344,33.30061797437121,19.628931547156824,19.779999999999998,0.15122723999999999,27.0,17.0,24.281828285479218,24.0,0.281828285479218,0.0
2004-06-29,2004,12.0,30.84,0.07310054123288856,33.27221707629535,19.62430771136379,19.776666666666667,0.15261430916666668,33.0,21.0,29.74141626076431,28.0,1.7414162607643107,0.0
2004-06-30,2004,14.0,27.06,0.1859275874467764,33.24028622359295,19.619117850057584,19.77361111111111,0.15462699666666668,36.0,22.0,32.202540981041295,29.0,3.2025409810412953,0.0
2004-07-01,2004,10.0,24.25,0.26968461653949916,33.204832527413906,19.613366107462333,19.770555555555553,0.15726687972222222,33.0,23.0,30.29087364201985,28.0,2.29087364201985,0.0
2004-07-03,2004,9.0,26.83,0.1899983403871114,33.12338892345287,19.600195630274914,19.764444444444443,0.16443208222222222,33.0,24.0,30.56868615934741,30.0,0.5686861593474113,0.0
2004-07-04,2004,11.0,27.48,0.16922171048536927,33.07741710012037,19.59278721940581,19.761666666666667,0.16895811055555554,37.0,26.0,34.03314360644329,33.0,1.0331436064432893,0.0
2004-07-05,2004,17.0,24.38,0.26183751470303485,33.02795859395624,19.584837546014512,19.75888888888889,0.1741127686111111,33.0,16.0,28.422741659783227,16.0,12.422741659783227,0.5760425323466765
2004-07-06,2004,10.0,17.03,0.4835485239567826,32.975024353643065,19.57635270372465,19.75611111111111,0.17989523138888888,26.0,16.0,23.312449309861137,16.0,7.312449309861137,0.0
2004-07-07,2004,9.0,28.02,0.14881016208739695,32.91862608312411,19.567339130194185,19.753611111111113,0.18630421694444446,26.0,17.0,23.58594587466217,23.0,0.5859458746621691,0.0
2004-07-08,2004,14.0,29.77,0.09400156035676921,32.85877623776372,19.557803590123868,19.75111111111111,0.19333799944444444,31.0,17.0,27.252615936221822,26.0,1.2526159362218223,0.0
2004-07-09,2004,7.0,17.57,0.4642555711055071,32.795488020763266,19.547753157708968,19.748611111111114,0.2009944177777778,28.0,21.0,26.130429192622636,24.0,2.1304291926226355,0.0
2004-07-10,2004,12.0,23.06,0.2954212391901313,32.72877537990783,19.537195198624303,19.74638888888889,0.20927088833333332,32.0,20.0,28.802452121923587,28.0,0.8024521219235865,0.0
2004-07-11,2004,15.0,30.52,0.06548503407070616,32.65865300471728,19.526137351632375,19.74416666666667,0.2181644161111111,36.0,21.0,32.012805494909884,29.0,3.012805494909884,0.013097006814141186
2004-07-12,2004,16.0,30.64,0.059693975336702065,32.585136324072245,19.514587509903635,19.742222222222225,0.22767160916666668,39.0,23.0,34.75785877634574,31.0,3.757858776345742,0.07163277040404244
2004-07-13,2004,16.0,29.68,0.08700075345513003,32.50824150438262,19.502553802136447,19.740277777777777,0.2377886897222222,41.0,25.0,36.76919577542667,35.0,1.7691957754266667,0.10440090414615598
2004-07-14,2004,16.0,27.41,0.15474243555315437,32.427985448361746,19.4900445735622,19.738333333333333,0.24851150805555555,44.0,28.0,39.780997555943514,33.0,6.7809975559435145,0.18569092266378512
2004-07-15,2004,8.0,28.63,0.11483865602111065,32.34438579446462,19.477068366918438,19.736666666666668,0.2598355561111111,36.0,28.0,33.89662899532014,31.0,2.8966289953201425,0.0
2004-07-16,2004,10.0,27.77,0.13911389146788566,32.2574609170431,19.46363390346974,19.735277777777778,0.2717559816666667,36.0,26.0,33.37873175389791,32.0,1.3787317538979096,0.0
2004-07-17,2004,8.0,27.21,0.15410807640178947,32.16722992726486,19.449750064152493,19.733888888888888,0.28426760055555556,34.0,26.0,31.9095647977094,30.0,1.9095647977094004,0.0
2004-07-18,2004,10.0,15.02,0.5317037303329097,32.07371267483649,19.435425870915893,19.732777777777777,0.2973649122222222,29.0,19.0,26.395454892967226,23.0,3.3954548929672264,0.0
2004-07-19,2004,2.0,7.26,0.7729613175301164,31.97692975056367,19.420670468327046,19.731666666666666,0.3110421113888889,18.0,16.0,17.480844858305286,17.0,0.4808448583052858,0.0
2004-07-20,2004,9.0,12.45,0.6094350759458629,31.876902489774718,19.405493105503744,19.730555555555554,0.32529310388888893,24.0,15.0,21.671933983124894,21.0,0.6719339831248945,0.0
2004-07-21,2004,8.0,11.32,0.6437299794163507,31.77365297662523,19.389903118433654,18.729999999999997,0.6598884819444445,26.0,18.0,23.938046156805775,25.0,-1.0619538431942246,0.0
2004-07-22,2004,9.0,26.69,0.1571721975058712,31.66720404929443,19.373909912733815,19.729166666666664,0.35549071861111115,27.0,18.0,24.68890180988082,24.0,0.6889018098808215,0.0
2004-07-23,2004,13.0,28.76,0.08864999684993602,31.557579306075173,19.35752294689947,19.728888888888886,0.37142381999999996,31.0,18.0,27.67449847653922,26.0,1.6744984765392203,0.0
2004-07-24,2004,8.0,19.08,0.3932224688503416,31.44480311235193,19.340751716086167,19.72861111111111,0.3879036983333334,29.0,21.0,26.96158372498796,25.0,1.9615837249879604,0.0
2004-07-25,2004,8.0,18.21,0.4187475574841275,31.328900608452468,19.32360573646426,19.72833333333333,0.40492300444444446,27.0,19.0,24.969825567531498,19.0,5.9698255675314975,0.0
2004-07-26,2004,7.0,18.63,0.4030739809491384,31.20989771835128,19.30609453017975,19.72833333333333,0.422474175,27.0,20.0,25.23097706375541,24.0,1.230977063755411,0.0
2004-07-27,2004,11.0,28.99,0.0674804820978595,31.08782115919448,19.288227610950976,19.72861111111111,0.44054944444444444,30.0,19.0,27.231962700600498,26.0,1.2319627006004978,0.0
2004-07-28,2004,13.0,28.06,0.0937482389057599,30.962698451608382,19.270014470325542,19.728888888888886,0.4591408563888889,34.0,21.0,30.742995250634653,28.0,2.742995250634653,0.0
2004-07-29,2004,12.0,22.37,0.27451530032496607,30.83455793074642,19.251464564617677,19.729444444444443,0.47824027333333335,35.0,23.0,32.007017285543796,31.0,1.007017285543796,0.0
2004-07-30,2004,7.0,12.52,0.5922279528233765,30.703428758021392,19.23258730254168,19.730277777777776,0.4978393888888889,31.0,24.0,29.262114206140577,26.0,3.262114206140577,0.0
2004-07-31,2004,10.0,16.94,0.44585000910320605,30.56934093346388,19.21339203355301,18.731111111111108,0.4820702647222222,29.0,19.0,26.528982083190893,27.0,-0.47101791680910665,0.0
2004-08-01,2004,13.0,28.21,0.07302515618185101,30.432325308640362,19.19388803690468,18.73222222222222,0.46149730555555557,33.0,20.0,29.803132964615834,31.0,-1.196867035384166,0.0
2004-08-02,2004,12.0,27.74,0.08425916910278608,30.292413600058897,19.174084511422926,18.733611111111113,0.44045049388888885,34.0,22.0,31.06356382949859,31.0,0.06356382949859096,0.0
2004-08-03,2004,5.0,18.29,0.3933592252240925,30.149638402984543,19.153990566002633,18.735,0.41893872388888886,28.0,23.0,26.78263635363075,25.0,1.7826363536307497,0.0
2004-08-04,2004,10.0,16.43,0.452406951844602,30.004033205581226,19.133615210819983,18.73638888888889,0.3969710138888889,28.0,18.0,25.57777566622776,26.0,-0.4222243337722382,0.0
2004-08-05,2004,16.0,27.07,0.09330341309351486,29.85563240329253,19.112967349256607,18.738333333333333,0.3745565013888889,32.0,16.0,28.14475898911557,30.0,-1.8552410108844306,0.11196409571221777
2004-08-06,2004,10.0,25.11,0.15467271795210658,29.704471313369194,19.092055770527203,18.740277777777777,0.35170443416666664,32.0,22.0,29.603364476245712,31.0,-1.3966355237542878,0.0
2004-08-07,2004,7.0,13.24,0.5519547424501605,29.550586189448097,19.070889142999874,18.742222222222225,0.3284241636111111,26.0,19.0,24.331509180279937,21.0,3.3315091802799373,0.0
2004-08-08,2004,8.0,20.65,0.29747601555386904,29.394014236083958,19.049476008196507,18.744722222222222,0.30472513944444446,22.0,14.0,20.10376138311891,20.0,0.10376138311891125,0.0
2004-08-09,2004,12.0,21.68,0.2584178879632899,29.234793623132575,19.027824775458466,18.746944444444445,0.28061690222222224,25.0,13.0,22.171768448151916,22.0,0.17176844815191572,0.0
2004-08-10,2004,9.0,11.87,0.5917168884400859,29.072963499882892,19.005943717261424,18.749722222222225,0.25610907944444444,26.0,17.0,23.89107808570163,24.0,-0.10892191429837084,0.0
2004-08-11,2004,13.0,23.95,0.171525780641265,28.908564008833068,18.983840965161413,18.7525,0.23121137916666665,29.0,16.0,25.97169776812271,24.0,1.9716977681227092,0.0
2004-08-12,2004,8.0,15.7,0.4537541343621029,28.741636299005744,18.9615245063533,18.755555555555556,0.20593358527777778,27.0,19.0,25.14758897263098,25.0,0.14758897263098092,0.0
2004-08-13,2004,12.0,23.63,0.17297298213336987,28.57222253869664,18.939002180821667,18.75861111111111,0.1802855538888889,30.0,18.0,27.23831733641871,27.0,0.2383173364187101,0.0
2004-08-14,2004,13.0,26.96,0.05071645665502489,28.400365927551512,18.916281679063353,18.761944444444445,0.15427720805555556,33.0,20.0,30.026727649511653,28.0,2.0267276495116526,0.0
2004-08-15,2004,13.0,24.96,0.11571238920127569,28.226110707867004,18.893370540360294,18.76527777777778,0.1279185336111111,34.0,21.0,31.04547852585466,31.0,0.045478525854658614,0.0
2004-08-16,2004,7.0,14.96,0.46665720102059094,28.049502175012147,18.87027615158083,18.76888888888889,0.1012195775,31.0,24.0,29.41930557804335,28.0,1.4193055780433497,0.0
2004-08-17,2004,14.0,23.41,0.16004638642827473,27.870586686869434,18.84700574648732,18.772777777777776,0.07419044166666668,34.0,20.0,30.859219506103955,29.0,1.8592195061039547,0.0
2004-08-18,2004,12.0,22.33,0.19355455203036398,27.689411672196282,18.82356640552789,18.776666666666667,0.04684128222222222,35.0,23.0,32.325737716279605,31.0,1.3257377162796047,0.0
2004-08-19,2004,10.0,18.14,0.3405081403303841,27.506025637810836,18.799965056089885,18.780555555555555,0.019182304722222224,34.0,24.0,31.786449538283343,28.0,3.7864495382833425,0.0
2004-08-20,2004,8.0,12.76,0.5329510736050871,27.320478174508835,18.77620847319291,18.784722222222225,0.008776238333333334,26.0,18.0,24.24126876271189,20.0,4.24126876271189,0.0
2004-08-21,2004,8.0,15.83,0.4165737279652275,27.132819961622374,18.75230328059946,18.789166666666667,0.03702404833333334,27.0,19.0,25.253482925229306,25.0,0.2534829252293065,0.0
2004-08-22,2004,15.0,24.61,0.08659369301448705,26.943102770134832,18.728255952321405,18.79361111111111,0.06555078583333333,32.0,17.0,28.74837351179762,28.0,0.7483735117976202,0.017318738602897347
2004-08-23,2004,7.0,12.31,0.5398368141560288,26.75137946427115,18.70407281450104,18.798333333333336,0.09434607055555555,21.0,14.0,19.493437888669582,15.0,4.4934378886695825,0.0
2004-08-24,2004,10.0,24.91,0.0620424115501329,26.557704001486858,18.679760047645765,18.803055555555556,0.12339948472222222,22.0,12.0,19.86340831882857,20.0,-0.1365916811714314,0.0
2004-08-25,2004,11.0,22.13,0.16053828734965558,26.3621314307847,18.655323689196173,18.80777777777778,0.15270057527777778,23.0,12.0,20.667081740150138,21.0,-0.3329182598498619,0.0
2004-08-26,2004,13.0,25.4,0.02922706419110721,26.164717889292564,18.630769636407578,18.81277777777778,0.182238855,26.0,13.0,23.263546335718324,22.0,1.263546335718324,0.0
2004-08-27,2004,13.0,25.18,0.030252449362867306,25.965520597042516,18.606103649525917,18.818055555555556,0.2120038052777778,27.0,14.0,24.284321012764373,22.0,2.284321012764373,0.0
2004-08-28,2004,9.0,19.4,0.24702880623155732,25.764597849895942,18.581331355239435,18.823055555555555,0.24198487694444445,25.0,16.0,23.13439305037479,22.0,1.1343930503747899,0.0
2004-08-29,2004,13.0,22.13,0.1342621000230363,25.562009010566424,18.55645825038826,18.828611111111112,0.27217149416666664,31.0,18.0,28.32628215283376,25.0,3.326282152833759,0.0
2004-08-30,2004,14.0,23.83,0.06025024348357422,25.357814497697586,18.53148970591467,18.833888888888886,0.3025530527777778,34.0,20.0,31.143418389677308,26.0,5.143418389677308,0.0
2004-08-31,2004,8.0,16.61,0.33961712941972155,25.15207577296,18.50643097103756,18.839444444444442,0.33311892583333336,27.0,19.0,25.380777518711742,24.0,1.3807775187117421,0.0
2004-09-01,2004,8.0,12.76,0.4884716774993655,24.944855326137237,18.48128717763528,18.845,0.3638584625,23.0,15.0,21.39396216263012,19.0,2.393962162630121,0.0
2004-09-02,2004,13.0,22.39,0.0948494545709968,24.736216658178208,18.456063344821757,18.850555555555555,0.3947609902777778,26.0,13.0,23.411730863621656,23.0,0.41173086362165634,0.0
2004-09-03,2004,9.0,8.24,0.6640330810030197,24.526224262199054,18.430764383701472,18.85638888888889,0.4258158180555555,25.0,16.0,23.223113618213723,21.0,2.2231136182137234,0.0
2004-09-04,2004,12.0,22.17,0.08821503506226891,24.314943602425014,18.405395102289596,18.862222222222222,0.4570122358333333,27.0,15.0,24.650908415739863,23.0,1.6509084157398632,0.0
2004-09-05,2004,13.0,23.25,0.03536741726069825,24.102441091069245,18.379960210584176,18.868055555555557,0.4883395180555556,29.0,16.0,26.477020073358556,23.0,3.477020073358556,0.0
2004-09-06,2004,13.0,21.57,0.09706580531775977,23.888784063151906,18.354464325778014,17.874166666666667,0.4802130763888889,31.0,18.0,28.49899009605059,28.0,0.49899009605059064,0.0
2004-09-07,2004,14.0,21.03,0.11168523266785013,23.674040749270436,18.328911977598437,17.88,0.44865630055555555,33.0,19.0,30.33036881449756,31.0,-0.669631185502439,0.0
2004-09-08,2004,9.0,8.24,0.6487381038391971,23.458280246337452,18.303307613763792,17.88611111111111,0.4170009202777778,23.0,14.0,21.299149517229523,21.0,0.2991495172295231,0.0
2004-09-09,2004,12.0,22.13,0.04782690529933531,23.241572486310403,18.277655605546048,17.892222222222223,0.38525770916666663,26.0,14.0,23.75273568302707,24.0,-0.24726431697293094,0.0
2004-09-10,2004,5.0,8.6,0.6264765285581206,23.023988202942608,18.251960253429495,17.898333333333333,0.3534374508333334,19.0,14.0,18.07222913140648,16.0,2.0722291314064805,0.0
2004-09-11,2004,12.0,20.19,0.11469108566069375,22.805598896592517,18.22622579285597,17.904444444444444,0.3215509336111111,24.0,12.0,21.794038288102545,23.0,-1.205961711897455,0.0
2004-09-12,2004,12.0,22.1,0.021538409974394823,22.586476797133827,18.200456400047564,17.910833333333333,0.2896089511111111,28.0,16.0,25.8147970294201,26.0,-0.1852029705799012,0.0
2004-09-13,2004,14.0,21.43,0.0418790005561126,22.366694825015212,18.17465619789818,17.916944444444447,0.2576222994444445,29.0,15.0,26.47489274949625,26.0,0.4748927494962487,0.0
2004-09-14,2004,11.0,11.07,0.5001428352126549,22.146326550524737,18.148829261925783,17.923055555555557,0.22560177555555555,23.0,12.0,21.03513459949412,12.0,9.035134599494121,0.0
2004-09-15,2004,8.0,21.38,0.024877311392199064,21.92544615131926,18.1229796262774,17.929166666666667,0.19355817583333335,20.0,12.0,18.58497170561424,18.0,0.5849717056142403,0.0
2004-09-16,2004,13.0,21.21,0.022766561268933616,21.70412836828537,18.09711128977951,17.935555555555556,0.1615022938888889,22.0,9.0,19.723331421844502,19.0,0.7233314218445024,0.0
2004-09-17,2004,11.0,15.01,0.30129007277331155,21.482448459802942,18.07122822202643,17.941666666666666,0.12944491916666667,23.0,12.0,21.092887144883896,20.0,1.0928871448838962,0.0
2004-09-18,2004,10.0,17.25,0.18863552224951619,21.260482154488447,18.045334369499844,17.947777777777777,0.09739683472222221,25.0,15.0,23.283845066870974,23.0,0.283845066870974,0.0
2004-09-19,2004,13.0,19.06,0.09403350440276681,21.038305602499378,18.01943366171265,17.953888888888887,0.06536881555555556,27.0,14.0,24.79190485448403,24.0,0.7919048544840308,0.0
2004-09-20,2004,13.0,19.36,0.06994598637824312,20.815995325486018,17.993530017370485,17.96,0.0333716275,29.0,16.0,26.81485384101775,25.0,1.8148538410177508,0.0
2004-09-21,2004,7.0,19.44,0.05601869452156105,20.593628165281523,17.967627350544504,17.96611111111111,0.0014160233333333334,23.0,16.0,21.835760636067583,21.0,0.8357606360675831,0.0
2004-09-22,2004,5.0,5.99,0.7059586026057187,20.37128123142465,17.941729576848914,17.971944444444443,0.03048725638888889,18.0,13.0,17.177254790183717,14.0,3.177254790183717,0.0
2004-09-23,2004,7.0,17.86,0.1136050538272072,20.14903184761434,17.915840619616947,17.978055555555553,0.06232748694444444,19.0,12.0,17.860568635120885,18.0,-0.13943136487911545,0.0
2004-09-25,2004,11.0,19.25,0.023097317022437447,19.705135767799025,17.864104923465167,17.989722222222223,0.12577598805555557,22.0,11.0,20.24853323273861,20.0,0.24853323273860894,0.0
2004-09-26,2004,13.0,19.0,0.024823092018380732,19.483644295192974,17.838266125239773,17.995555555555555,0.1573629013888889,21.0,8.0,18.9531962471724,18.0,0.9531962471724,0.0
2004-09-27,2004,12.0,18.13,0.058795957806237475,19.262560706541926,17.8124520371042,18.00111111111111,0.18884405444444446,22.0,10.0,20.131986392824366,16.0,4.131986392824366,0.0
2004-09-28,2004,6.0,6.85,0.6402681720804766,19.041962563102516,17.78666671311818,18.006666666666668,0.22020882638888886,10.0,4.0,9.076667804767201,7.0,2.076667804767201,0.0
2004-09-29,2004,9.0,19.6,0.0,18.821927302522138,17.760914251718223,18.01222222222222,0.2514466202777778,10.0,1.0,8.631014332929311,8.0,0.6310143329293112,0.0
2004-09-30,2004,12.0,19.19,0.0,18.602532180841553,17.73519880169724,18.0175,0.28254686805555557,13.0,1.0,11.19603224780001,11.0,0.1960322478000105,0.0
2005-05-01,2005,16.0,24.67,0.14661815853412996,28.9085129320585,18.983834117466134,18.88,0.10358439527777777,28.0,12.0,24.272865631955725,25.0,-0.7271343680442754,0.17594179024095585
2005-05-02,2005,11.0,14.48,0.501941897052875,29.07291320895793,19.005936936675834,18.88222222222222,0.12363601027777778,27.0,16.0,24.422433417159766,24.0,0.4224334171597661,0.0
2005-05-03,2005,11.0,16.37,0.44004982814703864,29.234744130587814,19.027818064467443,18.884166666666665,0.14362532305555556,20.0,9.0,17.407458998110485,17.0,0.407458998110485,0.0
2005-05-04,2005,16.0,28.91,0.01646479285859659,29.393965554141666,19.04946936932894,18.885833333333334,0.16354547583333334,22.0,6.0,18.20752935161682,20.0,-1.7924706483831798,0.019757751430315895
2005-05-05,2005,18.0,28.37,0.039949807913546964,29.550538330026466,19.070882578827508,18.88722222222222,0.18338924888888888,27.0,9.0,22.709602343272756,24.0,-1.2903976567272437,0.12783938532335026
2005-05-06,2005,14.0,25.8,0.1314425167853699,29.704424288086567,19.09204928366328,18.88888888888889,0.20314906638888888,27.0,13.0,23.644715871118464,25.0,-1.3552841288815358,0.0
2005-05-07,2005,13.0,25.54,0.14454870157863708,29.85558622347191,19.11296094235434,18.89,0.2228169988888889,31.0,18.0,27.867621806869224,27.0,0.8676218068692236,0.0
2005-05-08,2005,8.0,21.48,0.28409516480627617,30.00398788225465,19.1336088865708,18.891111111111112,0.24238476805555553,29.0,21.0,27.062223641063312,26.0,1.0622236410633121,0.0
2005-05-09,2005,14.0,27.34,0.09318845062544179,30.149593946897586,19.153984327134236,18.891944444444444,0.26184375277777777,31.0,17.0,27.591387143880663,29.0,-1.408612856119337,0.0
2005-05-10,2005,10.0,24.6,0.1879143169584334,30.292370021675225,19.17407836069709,18.892777777777777,0.28118499722222223,27.0,17.0,24.552973619627306,24.0,0.5529736196273056,0.0
2005-05-11,2005,9.0,17.53,0.42396696889416907,30.43228261814612,19.193881977114923,18.893333333333334,0.3003992161111111,26.0,17.0,23.786787688303967,23.0,0.7867876883039671,0.0
2005-05-12,2005,9.0,11.56,0.6218428186146497,30.569299140772138,19.213386067521952,18.89388888888889,0.3194768061111111,25.0,16.0,22.776087144473664,23.0,-0.22391285552633633,0.0
2005-05-13,2005,10.0,13.88,0.5479326236728785,30.703387872776432,19.23258143311824,18.894166666666667,0.3384078538888889,22.0,12.0,19.517309575200642,12.0,7.517309575200642,0.0
2005-05-14,2005,7.0,16.75,0.4567776275774996,30.83451796232797,19.25145879467404,18.894166666666667,0.35718214750000005,18.0,11.0,16.254095865581625,16.0,0.25409586558162545,0.0
2005-05-15,2005,9.0,20.22,0.346955320186934,30.96265940913564,19.27000880275388,18.894166666666667,0.3757891872222222,21.0,12.0,18.745153644573058,20.0,-1.2548463554269418,0.0
2005-05-16,2005,11.0,27.0,0.13149162308403428,31.087783051530014,19.288222048659975,18.89388888888889,0.3942181991666666,23.0,12.0,20.2319663952686,20.0,0.23196639526859997,0.0
2005-05-17,2005,10.0,17.37,0.44344512626425514,31.2098605541048,19.306089076090895,18.89361111111111,0.4124581494444444,17.0,7.0,14.472827663615593,16.0,-1.5271723363844067,0.0
2005-05-18,2005,11.0,24.66,0.21286645796325454,31.328864395984294,19.323600393507927,18.893055555555556,0.4304977572222223,21.0,10.0,18.208513690184216,20.0,-1.7914863098157845,0.0
2005-05-19,2005,14.0,24.47,0.22181012405241218,31.44476785977628,19.340746487197485,18.892222222222223,0.44832551055555553,26.0,12.0,22.43277591300374,23.0,-0.5672240869962586,0.0
2005-05-20,2005,7.0,18.09,0.4267614927646909,31.557545021263238,19.357517835013972,18.891388888888887,0.46592968472222224,25.0,18.0,23.20934747740404,23.0,0.20934747740404092,0.0
2005-05-21,2005,11.0,28.56,0.0981196193812307,31.667170739877196,19.373904920782916,18.890555555555554,0.4832983577777778,27.0,16.0,24.17532771807867,25.0,-0.8246722819213304,0.0
2005-05-22,2005,12.0,24.41,0.23175264572805143,31.77362064999603,19.3898982493399,19.889444444444443,0.4995805705555556,29.0,17.0,25.907072722973766,23.0,2.9070727229737656,0.0
2005-05-23,2005,8.0,18.06,0.4334450230932243,31.87687115309146,19.405488362175912,19.888055555555557,0.48271936027777773,27.0,19.0,24.93061024608057,22.0,2.930610246080569,0.0
2005-05-24,2005,11.0,20.34,0.36391581501608994,31.97689941075096,19.420665853655056,19.886666666666667,0.46613040916666665,28.0,17.0,25.14464974007764,24.0,1.1446497400776394,0.0
2005-05-25,2005,7.0,10.36,0.6769937555773001,32.07368333858728,19.435421387765565,19.884999999999998,0.4498262347222222,23.0,16.0,21.176820288587333,21.0,0.1768202885873329,0.0
2005-05-26,2005,12.0,20.46,0.3639484014258406,32.16720160104197,19.449745715360166,19.883333333333333,0.4338194511111111,27.0,15.0,23.864350290305673,21.0,2.864350290305673,0.0
2005-05-27,2005,10.0,16.41,0.49128005036339617,32.25743360708034,19.463629691836744,19.881666666666668,0.4181227469444444,19.0,9.0,16.37873424670718,16.0,0.3787342467071788,0.0
2005-05-28,2005,10.0,20.0,0.3816541645904241,32.34435950676781,19.477064295205487,19.879722222222224,0.4027488636111111,21.0,11.0,18.370788650403956,19.0,-0.6292113495960443,0.0
2005-05-29,2005,8.0,26.46,0.18403748351668425,32.42796018870928,19.490040644483663,19.8775,0.3877105708333333,22.0,14.0,19.89050063275272,18.0,1.890500632752719,0.0
2005-05-30,2005,18.0,28.91,0.11068639192112661,32.50821727832592,19.502550018354576,19.875555555555557,0.37302064388888884,30.0,12.0,25.240349260461326,25.0,0.24034926046132554,0.3541964541476051
2005-05-31,2005,14.0,26.43,0.1888934100388001,32.58511313693593,19.514583874022723,19.873055555555556,0.35869183861111115,31.0,17.0,27.28812942441352,28.0,-0.7118705755864809,0.0
2005-06-01,2005,13.0,28.45,0.12886733921683502,32.658630861599086,19.526133866192886,19.870833333333334,0.34473686777777773,33.0,20.0,29.54443409144186,28.0,1.544434091441861,0.0
2005-06-02,2005,8.0,21.76,0.3351412091623085,32.72875428567832,19.53719186609701,19.868333333333332,0.33116837583333336,24.0,16.0,21.86830297919115,18.0,3.8683029791911494,0.0
2005-06-03,2005,8.0,18.9,0.42370085978073835,32.79546798006537,19.54774998048912,19.865555555555556,0.31799891444444445,19.0,11.0,16.863349138537366,16.0,0.863349138537366,0.0
2005-06-04,2005,15.0,31.85,0.030699799361956104,32.858757255012094,19.55780057052538,19.86277777777778,0.30524091694444444,24.0,9.0,19.984948297681377,20.0,-0.015051702318622517,0.006139959872391199
2005-06-05,2005,16.0,30.9,0.06132118808120146,32.9186081625043,19.56733627044394,19.860000000000003,0.29290667444444446,27.0,11.0,22.708350897417105,23.0,-0.29164910258289467,0.07358542569744171
2005-06-06,2005,15.0,29.04,0.11933302817950009,32.97500749911059,19.576350005956854,19.857222222222223,0.2810083102777778,31.0,16.0,26.968676328765895,28.0,-1.0313236712341052,0.023866605635899932
2005-06-07,2005,9.0,21.29,0.3553943058770608,33.02794280923552,19.58483501226523,19.854166666666668,0.26955775527777776,31.0,22.0,28.576746915418035,27.0,1.5767469154180347,0.0
2005-06-08,2005,10.0,29.41,0.11087334929166104,33.077402388703554,19.592784851607632,19.851111111111113,0.258566725,31.0,21.0,28.30285920459995,26.0,2.302859204599951,0.0
2005-06-09,2005,10.0,31.07,0.06199172852126178,33.12337528859868,19.600193430251807,19.848055555555554,0.248046695,32.0,22.0,29.298541458676674,27.0,2.2985414586766737,0.0
2005-06-10,2005,12.0,22.53,0.3206868178022457,33.16585131928341,19.607055014840363,19.845,0.23800887694444445,33.0,21.0,29.753455019510646,29.0,0.7534550195106462,0.0
2005-06-11,2005,13.0,29.91,0.09922718900098859,33.204821054520956,19.61336424800236,19.841666666666665,0.22846419666666665,35.0,22.0,31.478137140647057,29.0,2.478137140647057,0.0
2005-06-12,2005,12.0,28.99,0.12786523964611873,33.24027583562532,19.61911616314477,19.83833333333333,0.21942327305555553,34.0,22.0,30.745036303242316,29.0,1.7450363032423155,0.0
2005-06-13,2005,7.0,23.82,0.2840871828922287,33.272207775565235,19.62430619834084,19.834999999999997,0.21089639500000001,28.0,21.0,26.099160100688604,22.0,4.099160100688604,0.0
2005-06-14,2005,7.0,13.79,0.5858934686732911,33.30060976295105,19.628930209235804,19.831666666666667,0.20289350333333334,28.0,21.0,26.0972803435803,26.0,0.09728034358030158,0.0
2005-06-15,2005,11.0,17.92,0.46227323843074464,33.325475465836625,19.632984480895,19.828333333333333,0.19542416972222224,33.0,22.0,30.00742334691835,28.0,2.007423346918351,0.0
2005-06-16,2005,11.0,27.21,0.18402963575521925,33.34679933527261,19.63646573852433,19.82472222222222,0.18849757944444442,35.0,24.0,32.005201576414386,31.0,1.005201576414386,0.0
2005-06-17,2005,10.0,20.43,0.38767393215584545,33.36457660855248,19.639371156999037,19.82138888888889,0.18212251444444444,34.0,24.0,31.27577091738635,27.0,4.27577091738635,0.0
2005-06-18,2005,12.0,27.62,0.17252875300089476,33.37880331209849,19.64169836914314,19.817777777777778,0.1763073363888889,36.0,24.0,32.72930593884282,31.0,1.7293059388428205,0.0
2005-06-19,2005,13.0,26.95,0.19285945706476992,33.38947626394061,19.643445472708866,19.814444444444444,0.17105997305555556,38.0,25.0,34.45543157025057,33.0,1.4554315702505676,0.0
2005-06-20,2005,9.0,17.58,0.47359899975049113,33.39659307574882,19.644611036013124,19.810833333333335,0.166387905,30.0,21.0,27.54546005350403,22.0,5.54546005350403,0.0
2005-06-21,2005,10.0,23.48,0.29700919051302954,33.40015215438629,19.645194102196037,19.807222222222222,0.1622981527777778,28.0,18.0,25.272395509007012,26.0,-0.727604490992988,0.0
2005-06-22,2005,11.0,22.13,0.3374281789424389,33.40015270295875,19.645194192074904,19.80388888888889,0.15879726694444446,30.0,19.0,26.99963500261692,27.0,-0.00036499738308037877,0.0
2005-06-23,2005,10.0,23.86,0.2855559017593087,33.39659472134338,19.64461130557584,19.80027777777778,0.15589131833333333,30.0,20.0,27.272733236566715,27.0,0.2727332365667152,0.0
2005-06-24,2005,15.0,28.83,0.13655436208943939,33.38947900618884,19.64344592173397,19.796944444444446,0.15358589111111112,36.0,21.0,31.91011295991055,30.0,1.910112959910549,0.02731087241788778
2005-06-25,2005,10.0,15.39,0.5389289997494191,33.37880715038662,19.641698997262278,19.793333333333337,0.15188607555555553,27.0,17.0,24.27442125157312,24.0,0.2744212515731199,0.0
2005-06-26,2005,13.0,20.84,0.37538554248754497,33.364581542021774,19.639371963698046,19.790000000000003,0.15079646444444444,27.0,14.0,23.458501584484765,18.0,5.458501584484765,0.0
2005-06-27,2005,11.0,27.45,0.17683269202736285,33.34680536281995,19.63646672314477,19.78666666666667,0.15032114777777777,27.0,16.0,24.005200948149465,24.0,0.0052009481494650345,0.0
2005-06-29,2005,7.0,16.67,0.49940868926728166,33.30061797437121,19.628931547156824,19.779999999999998,0.15122723999999999,26.0,19.0,24.09727979983545,22.0,2.0972797998354515,0.0
2005-06-30,2005,11.0,28.4,0.14643499906011792,33.27221707629535,19.62430771136379,19.776666666666667,0.15261430916666668,29.0,18.0,26.01296490570062,26.0,0.012964905700620477,0.0
2005-07-01,2005,12.0,29.32,0.1179377998499439,33.24028622359295,19.619117850057584,19.77361111111111,0.15462699666666668,32.0,20.0,28.745035126606822,28.0,0.7450351266068225,0.0
2005-07-02,2005,12.0,22.47,0.32329127149041426,33.204832527413906,19.613366107462333,19.770555555555553,0.15726687972222222,34.0,22.0,30.74904837042382,28.0,2.7490483704238216,0.0
2005-07-03,2005,9.0,23.57,0.28932953204074774,33.16586387455097,19.60705704537799,19.7675,0.16053504333333332,33.0,24.0,30.56509020088897,29.0,1.5650902008889709,0.0
2005-07-04,2005,8.0,19.97,0.3971027527965193,33.12338892345287,19.600195630274914,19.764444444444443,0.16443208222222222,31.0,23.0,28.838832141642143,27.0,1.8388321416421434,0.0
2005-07-05,2005,9.0,21.49,0.3503120290513314,33.07741710012037,19.59278721940581,19.761666666666667,0.16895811055555554,32.0,23.0,29.57257204163542,27.0,2.5725720416354214,0.0
2005-07-06,2005,11.0,20.83,0.3693222080091967,33.02795859395624,19.584837546014512,19.75888888888889,0.1741127686111111,34.0,23.0,31.03824460338915,30.0,1.038244603389149,0.0
2005-07-07,2005,10.0,18.86,0.4280519766191968,32.975024353643065,19.57635270372465,19.75611111111111,0.17989523138888888,35.0,25.0,32.31244930986114,31.0,1.3124493098611367,0.0
2005-07-08,2005,6.0,10.78,0.6725258225304118,32.91862608312411,19.567339130194185,19.753611111111113,0.18630421694444446,32.0,26.0,30.390630583108113,28.0,2.3906305831081127,0.0
2005-07-09,2005,11.0,24.45,0.2559065552812566,32.85877623776372,19.557803590123868,19.75111111111111,0.19333799944444444,34.0,23.0,31.05562680703143,31.0,0.0556268070314303,0.0
2005-07-10,2005,12.0,27.72,0.15476177752103903,32.795488020763266,19.547753157708968,19.748611111111114,0.2009944177777778,39.0,27.0,35.79502147306737,32.0,3.795021473067372,0.0
2005-07-11,2005,7.0,22.69,0.3067262756818767,32.72877537990783,19.537195198624303,19.74638888888889,0.20927088833333332,34.0,27.0,32.13476373778876,30.0,2.1347637377887594,0.0
2005-07-12,2005,11.0,24.79,0.24093623835559652,32.65865300471728,19.526137351632375,19.74416666666667,0.2181644161111111,35.0,24.0,32.076057362933916,32.0,0.0760573629339163,0.0
2005-07-13,2005,13.0,26.75,0.17907355875511688,32.585136324072245,19.514587509903635,19.742222222222225,0.22767160916666668,38.0,25.0,34.55326025578091,32.0,2.5532602557809128,0.0
2005-07-14,2005,9.0,15.95,0.5093551892725514,32.50824150438262,19.502553802136447,19.740277777777777,0.2377886897222222,32.0,23.0,29.6201726236775,23.0,6.620172623677501,0.0
2005-07-15,2005,9.0,21.96,0.32280714647016673,32.427985448361746,19.4900445735622,19.738333333333333,0.24851150805555555,30.0,21.0,27.626811125218225,27.0,0.6268111252182251,0.0
2005-07-16,2005,7.0,5.99,0.8148055728105642,32.34438579446462,19.477068366918438,19.736666666666668,0.2598355561111111,23.0,16.0,21.159550370905123,19.0,2.159550370905123,0.0
2005-07-17,2005,13.0,27.89,0.13539382185953663,32.2574609170431,19.46363390346974,19.735277777777778,0.2717559816666667,28.0,15.0,24.592351280067287,23.0,1.5923512800672874,0.0
2005-07-18,2005,7.0,12.31,0.6173124006066162,32.16722992726486,19.449750064152493,19.733888888888888,0.28426760055555556,25.0,18.0,23.170869197995728,22.0,1.170869197995728,0.0
2005-07-19,2005,12.0,30.26,0.05654826097695398,32.07371267483649,19.435425870915893,19.732777777777777,0.2973649122222222,30.0,18.0,26.87454587156067,25.0,1.8745458715606702,0.0
2005-07-20,2005,10.0,22.31,0.30230950331913176,31.97692975056367,19.420670468327046,19.731666666666666,0.3110421113888889,31.0,21.0,28.404224291526432,27.0,1.4042242915264325,0.0
2005-07-21,2005,9.0,24.2,0.24082962553332365,31.876902489774718,19.405493105503744,19.730555555555554,0.32529310388888893,29.0,20.0,26.671933983124894,25.0,1.6719339831248945,0.0
2005-07-22,2005,13.0,27.92,0.1212845428714232,31.77365297662523,19.389903118433654,19.729999999999997,0.3401115180555555,34.0,21.0,30.649325004809388,28.0,2.6493250048093877,0.0
2005-07-23,2005,9.0,25.01,0.21022392879812057,31.66720404929443,19.373909912733815,19.729166666666664,0.35549071861111115,33.0,24.0,30.68890180988082,30.0,0.6889018098808215,0.0
2005-07-24,2005,9.0,24.17,0.23409841529426123,31.557579306075173,19.35752294689947,19.728888888888886,0.37142381999999996,35.0,26.0,32.69772971452715,30.0,2.6977297145271493,0.0
2005-07-25,2005,8.0,22.18,0.294637020917221,31.44480311235193,19.340751716086167,19.72861111111111,0.3879036983333334,34.0,26.0,31.96158372498796,30.0,1.9615837249879604,0.0
2005-07-26,2005,6.0,12.69,0.5949426965663689,31.328900608452468,19.32360573646426,19.72833333333333,0.40492300444444446,29.0,23.0,27.477369175648622,25.0,2.4773691756486222,0.0
2005-07-27,2005,12.0,23.47,0.24799497224241962,31.20989771835128,19.30609453017975,19.72833333333333,0.422474175,31.0,19.0,27.96738925215213,28.0,-0.03261074784786899,0.0
2005-07-28,2005,9.0,22.1,0.2891106814198928,31.08782115919448,19.288227610950976,19.72861111111111,0.44054944444444444,31.0,22.0,28.73524220958223,28.0,0.7352422095822284,0.0
2005-07-30,2005,11.0,27.04,0.12306185609240439,30.83455793074642,19.251464564617677,19.729444444444443,0.47824027333333335,33.0,22.0,30.25643251174848,30.0,0.2564325117484785,0.0
2005-07-31,2005,7.0,12.31,0.5990675798127607,30.703428758021392,19.23258730254168,19.730277777777776,0.4978393888888889,30.0,23.0,28.262114206140577,26.0,2.262114206140577,0.0
2005-08-01,2005,13.0,28.58,0.06507634357553893,30.56934093346388,19.21339203355301,18.731111111111108,0.4820702647222222,35.0,22.0,31.78767670814816,33.0,-1.2123232918518383,0.0
2005-08-02,2005,13.0,28.14,0.07532534189852136,30.432325308640362,19.19388803690468,18.73222222222222,0.46149730555555557,38.0,25.0,34.803132964615834,34.0,0.803132964615834,0.0
2005-08-03,2005,4.0,11.13,0.6325812744093009,30.292413600058897,19.174084511422926,18.733611111111113,0.44045049388888885,30.0,26.0,29.021187943166197,28.0,1.021187943166197,0.0
2005-08-04,2005,7.0,14.65,0.5140903580936552,30.149638402984543,19.153990566002633,18.735,0.41893872388888886,31.0,24.0,29.295690895083048,28.0,1.2956908950830481,0.0
2005-08-05,2005,7.0,4.34,0.8553527797325364,30.004033205581226,19.133615210819983,18.73638888888889,0.3969710138888889,25.0,18.0,23.304442966359435,21.0,2.304442966359435,0.0
2005-08-06,2005,5.0,10.47,0.6493124024783561,29.85563240329253,19.112967349256607,18.738333333333333,0.3745565013888889,23.0,18.0,21.795237184098617,21.0,0.7952371840986174,0.0
2005-08-07,2005,10.0,22.57,0.24018173015448208,29.704471313369194,19.092055770527203,18.740277777777777,0.35170443416666664,28.0,18.0,25.603364476245712,25.0,0.6033644762457122,0.0
2005-08-08,2005,10.0,26.1,0.11676878987531658,29.550586189448097,19.070889142999874,18.742222222222225,0.3284241636111111,31.0,21.0,28.6164416861142,30.0,-1.3835583138857999,0.0
2005-08-09,2005,13.0,19.45,0.3383006538751938,29.394014236083958,19.049476008196507,18.744722222222222,0.30472513944444446,31.0,18.0,27.91861224756823,21.0,6.91861224756823,0.0
2005-08-10,2005,11.0,23.31,0.2026624062926332,29.234793623132575,19.027824775458466,18.746944444444445,0.28061690222222224,29.0,18.0,26.407454410805922,27.0,-0.5925455891940778,0.0
2005-08-11,2005,11.0,24.55,0.15557284003404437,29.072963499882892,19.005943717261424,18.749722222222225,0.25610907944444444,32.0,21.0,29.422428771413102,28.0,1.4224287714131023,0.0
2005-08-12,2005,3.0,10.65,0.6315970590325457,28.908564008833068,18.983840965161413,18.7525,0.23121137916666665,19.0,16.0,18.301161023412934,16.0,2.3011610234129343,0.0
2005-08-13,2005,5.0,16.48,0.42661580473168503,28.741636299005744,18.9615245063533,18.755555555555556,0.20593358527777778,19.0,14.0,17.84224310789436,19.0,-1.1577568921056383,0.0
2005-08-14,2005,11.0,27.19,0.048376444528409834,28.57222253869664,18.939002180821667,18.75861111111111,0.1802855538888889,25.0,14.0,22.468457558383818,23.0,-0.5315424416161818,0.0
2005-08-15,2005,11.0,26.71,0.05951916013559766,28.400365927551512,18.916281679063353,18.761944444444445,0.15427720805555556,27.0,16.0,24.484154164971397,24.0,0.48415416497139674,0.0
2005-08-16,2005,12.0,25.06,0.11216957024775531,28.226110707867004,18.893370540360294,18.76527777777778,0.1279185336111111,29.0,17.0,26.272749408481225,26.0,0.272749408481225,0.0
2005-08-17,2005,11.0,23.05,0.17823853499496134,28.049502175012147,18.87027615158083,18.76888888888889,0.1012195775,30.0,19.0,27.51605162263955,24.0,3.5160516226395515,0.0
2005-08-18,2005,4.0,6.5,0.7667792187861506,27.870586686869434,18.84700574648732,18.772777777777776,0.07419044166666668,24.0,20.0,23.10263414460113,24.0,-0.8973658553988706,0.0
2005-08-19,2005,10.0,18.12,0.3455982303085622,27.689411672196282,18.82356640552789,18.776666666666667,0.04684128222222222,30.0,20.0,27.771448096899668,25.0,2.771448096899668,0.0
2005-08-20,2005,11.0,23.22,0.15582133508663287,27.506025637810836,18.799965056089885,18.780555555555555,0.019182304722222224,31.0,20.0,28.565094492111676,28.0,0.5650944921116761,0.0
2005-08-21,2005,11.0,25.01,0.08456946323379533,27.320478174508835,18.77620847319291,18.784722222222225,0.008776238333333334,32.0,21.0,29.58174454872885,28.0,1.5817445487288495,0.0
2005-08-22,2005,14.0,25.38,0.06460146656711785,27.132819961622374,18.75230328059946,18.789166666666667,0.03702404833333334,36.0,22.0,32.94359511915129,30.0,2.94359511915129,0.0
2005-08-23,2005,7.0,17.51,0.35011196930856026,26.943102770134832,18.728255952321405,18.79361111111111,0.06555078583333333,25.0,18.0,23.482574305505555,23.0,0.4825743055055547,0.0
2005-08-24,2005,12.0,23.71,0.11369056568963787,26.75137946427115,18.70407281450104,18.798333333333336,0.09434607055555555,28.0,16.0,25.417322094862143,25.0,0.41732209486214344,0.0
2005-08-25,2005,12.0,21.74,0.18140513958650706,26.557704001486858,18.679760047645765,18.803055555555556,0.12339948472222222,29.0,17.0,26.436089982594282,23.0,3.4360899825942823,0.0
2005-08-26,2005,11.0,18.21,0.3092364307563139,26.3621314307847,18.655323689196173,18.80777777777778,0.15270057527777778,28.0,17.0,25.667081740150138,25.0,0.6670817401501381,0.0
2005-08-27,2005,15.0,19.29,0.26274764048214405,26.164717889292564,18.630769636407578,18.81277777777778,0.182238855,31.0,16.0,27.842553464290376,23.0,4.842553464290376,0.05254952809642862
2005-08-28,2005,3.0,8.72,0.6641700301208977,25.965520597042516,18.606103649525917,18.818055555555556,0.2120038052777778,15.0,12.0,14.37330484909947,13.0,1.3733048490994708,0.0
2005-08-29,2005,9.0,21.75,0.15581837812043153,25.764597849895942,18.581331355239435,18.823055555555555,0.24198487694444445,20.0,11.0,18.13439305037479,18.0,0.13439305037478988,0.0
2005-08-30,2005,13.0,23.85,0.06697474403747916,25.562009010566424,18.55645825038826,18.828611111111112,0.27217149416666664,25.0,12.0,22.32628215283376,20.0,2.326282152833759,0.0
2005-08-31,2005,10.0,22.39,0.11703747174138579,25.357814497697586,18.53148970591467,18.833888888888886,0.3025530527777778,25.0,15.0,22.95958456405522,23.0,-0.04041543594478014,0.0
2005-09-01,2005,13.0,23.07,0.08277948077742181,25.15207577296,18.50643097103756,18.839444444444442,0.33311892583333336,30.0,17.0,27.36876346790658,25.0,2.3687634679065788,0.0
2005-09-02,2005,11.0,19.62,0.21346507151548189,24.944855326137237,18.48128717763528,18.845,0.3638584625,28.0,17.0,25.791697973616415,24.0,1.7916979736164151,0.0
2005-09-03,2005,12.0,22.76,0.07989162956837359,24.736216658178208,18.456063344821757,18.850555555555555,0.3947609902777778,30.0,18.0,27.61082848949691,25.0,2.6108284894969103,0.0
2005-09-04,2005,15.0,21.4,0.12746455503211462,24.526224262199054,18.430764383701472,18.85638888888889,0.4258158180555555,31.0,16.0,28.03852269702287,25.0,3.03852269702287,0.025492911006422835
2005-09-05,2005,16.0,21.72,0.10672217237494286,24.314943602425014,18.405395102289596,18.862222222222222,0.4570122358333333,33.0,17.0,29.86787788765315,27.0,2.867877887653151,0.12806660684993135
2005-09-06,2005,11.0,21.62,0.10299542198607725,24.102441091069245,18.379960210584176,18.868055555555557,0.4883395180555556,34.0,23.0,31.865170831303395,27.0,4.865170831303395,0.0
2005-09-07,2005,13.0,22.34,0.06483310573939516,23.888784063151906,18.354464325778014,17.874166666666667,0.4802130763888889,38.0,25.0,35.49899009605059,31.0,4.498990096050591,0.0
2005-09-08,2005,9.0,9.28,0.6080094607302735,23.674040749270436,18.328911977598437,17.88,0.44865630055555555,24.0,15.0,22.283808523605575,20.0,2.2838085236055754,0.0
2005-09-09,2005,9.0,11.5,0.5097679847270348,23.458280246337452,18.303307613763792,17.88611111111111,0.4170009202777778,23.0,14.0,21.299149517229523,16.0,5.299149517229523,0.0
2005-09-10,2005,12.0,19.55,0.15883488470863094,23.241572486310403,18.277655605546048,17.892222222222223,0.38525770916666663,24.0,12.0,21.75273568302707,22.0,-0.24726431697293094,0.0
2005-09-11,2005,9.0,15.1,0.3441622768869328,23.023988202942608,18.251960253429495,17.898333333333333,0.3534374508333334,23.0,14.0,21.330012436531664,21.0,0.3300124365316641,0.0
2005-09-12,2005,14.0,22.35,0.01997750195723158,22.805598896592517,18.22622579285597,17.904444444444444,0.3215509336111111,26.0,12.0,23.4263780027863,24.0,-0.5736219972136993,0.0
2005-09-13,2005,13.0,19.26,0.14727736543469883,22.586476797133827,18.200456400047564,17.910833333333333,0.2896089511111111,26.0,13.0,23.632696781871772,24.0,-0.3673032181282281,0.0
2005-09-14,2005,10.0,20.76,0.07183425345519812,22.366694825015212,18.17465619789818,17.916944444444447,0.2576222994444445,29.0,19.0,27.196351963925892,26.0,1.196351963925892,0.0
2005-09-15,2005,10.0,17.15,0.22560520541075268,22.146326550524737,18.148829261925783,17.923055555555557,0.22560177555555555,24.0,14.0,22.213758726812834,22.0,0.21375872681283425,0.0
2005-09-16,2005,12.0,19.05,0.1311465286258835,21.92544615131926,18.1229796262774,17.929166666666667,0.19355817583333335,26.0,14.0,23.87745755842136,23.0,0.8774575584213586,0.0
2005-09-17,2005,10.0,17.12,0.21120997307515998,21.70412836828537,18.09711128977951,17.935555555555556,0.1615022938888889,27.0,17.0,25.248716478341926,24.0,1.248716478341926,0.0
2005-09-18,2005,14.0,20.4,0.0503875739224221,21.482448459802942,18.07122822202643,17.941666666666666,0.12944491916666667,29.0,15.0,26.572765457124955,25.0,1.5727654571249552,0.0
2005-09-19,2005,8.0,11.86,0.4421575242828558,21.260482154488447,18.045334369499844,17.947777777777777,0.09739683472222221,24.0,16.0,22.62707605349678,22.0,0.6270760534967792,0.0
2005-09-20,2005,9.0,16.1,0.23472924558680708,21.038305602499378,18.01943366171265,17.953888888888887,0.06536881555555556,26.0,17.0,24.47131874541202,23.0,1.4713187454120202,0.0
2005-09-21,2005,12.0,18.39,0.11654476701941585,20.815995325486018,17.993530017370485,17.96,0.0333716275,26.0,14.0,23.982942007093307,24.0,-0.017057992906693187,0.0
2005-09-22,2005,13.0,19.62,0.04727812687824218,20.593628165281523,17.967627350544504,17.96611111111111,0.0014160233333333334,28.0,15.0,25.83784118126837,25.0,0.8378411812683701,0.0
2005-09-23,2005,10.0,18.78,0.07811394940490757,20.37128123142465,17.941729576848914,17.971944444444443,0.03048725638888889,23.0,13.0,21.354509580367434,20.0,1.3545095803674343,0.0
2005-09-24,2005,13.0,16.84,0.1642278335078482,20.14903184761434,17.915840619616947,17.978055555555553,0.06232748694444444,22.0,9.0,19.88391317951021,19.0,0.8839131795102091,0.0
2005-09-25,2005,12.0,15.32,0.23119221777061316,19.92695749719794,17.889964416068796,17.983888888888888,0.09409396027777778,24.0,12.0,22.067989670777038,22.0,0.06798967077703821,0.0
2005-09-26,2005,9.0,16.79,0.14793786767827144,19.705135767799025,17.864104923465167,17.989722222222223,0.12577598805555557,25.0,16.0,23.566981735877043,21.0,2.566981735877043,0.0
2005-09-27,2005,11.0,15.09,0.22550423466091396,19.483644295192974,17.838266125239773,17.995555555555555,0.1573629013888889,18.0,7.0,16.268089132222798,17.0,-0.7319108677772022,0.0
2005-09-28,2005,7.0,11.77,0.38897012815109844,19.262560706541926,17.8124520371042,18.00111111111111,0.18884405444444446,19.0,12.0,17.910325395814212,16.0,1.910325395814212,0.0
2005-09-29,2005,9.0,16.88,0.1135367510537878,19.041962563102516,17.78666671311818,18.006666666666668,0.22020882638888886,19.0,10.0,17.6150017071508,17.0,0.6150017071507996,0.0
2005-09-30,2005,9.0,15.9,0.15524060079281032,18.821927302522138,17.760914251718223,18.01222222222222,0.2514466202777778,20.0,11.0,18.63101433292931,16.0,2.631014332929311,0.0
2006-05-01,2006,9.0,11.04,0.618105572363875,28.9085129320585,18.983834117466134,18.88,0.10358439527777777,22.0,13.0,19.903486917975094,21.0,-1.0965130820249058,0.0
2006-05-02,2006,11.0,19.77,0.3199855873436007,29.07291320895793,19.005936936675834,18.88222222222222,0.12363601027777778,22.0,11.0,19.422433417159766,16.0,3.422433417159766,0.0
2006-05-03,2006,2.0,10.66,0.6353653737353349,29.234744130587814,19.027818064467443,18.884166666666665,0.14362532305555556,13.0,11.0,12.528628908747361,13.0,-0.47137109125263876,0.0
2006-05-04,2006,7.0,10.46,0.6441446466032833,29.393965554141666,19.04946936932894,18.885833333333334,0.16354547583333334,15.0,8.0,13.34079409133236,10.0,3.3407940913323593,0.0
2006-05-05,2006,11.0,20.19,0.31676371595962327,29.550538330026466,19.070882578827508,18.88722222222222,0.18338924888888888,17.0,6.0,14.378090320888909,16.0,-1.6219096791110914,0.0
2006-05-06,2006,4.0,13.0,0.56235475651976,29.704424288086567,19.09204928366328,18.88888888888889,0.20314906638888888,12.0,8.0,11.041347391748133,12.0,-0.9586526082518674,0.0
2006-05-07,2006,7.0,12.69,0.574953916328618,29.85558622347191,19.11296094235434,18.89,0.2228169988888889,11.0,4.0,9.31333481908343,6.0,3.3133348190834297,0.0
2006-05-08,2006,6.0,24.02,0.19943975133364777,30.00398788225465,19.1336088865708,18.891111111111112,0.24238476805555553,11.0,5.0,9.546667730797486,10.0,-0.4533322692025141,0.0
2006-05-09,2006,12.0,25.14,0.16615792424007336,30.149593946897586,19.153984327134236,18.891944444444444,0.26184375277777777,16.0,4.0,13.078331837611996,14.0,-0.9216681623880039,0.0
2006-05-10,2006,8.0,17.27,0.4298894412143148,30.292370021675225,19.17407836069709,18.892777777777777,0.28118499722222223,14.0,6.0,12.042378895701844,9.0,3.0423788957018445,0.0
2006-05-11,2006,10.0,25.69,0.15583065778044525,30.43228261814612,19.193881977114923,18.893333333333334,0.3003992161111111,17.0,7.0,14.540875209226629,15.0,-0.4591247907733713,0.0
2006-05-12,2006,18.0,28.34,0.07292607954491137,30.569299140772138,19.213386067521952,18.89388888888889,0.3194768061111111,24.0,6.0,19.552174288947327,21.0,-1.4478257110526727,0.23336345454371635
2006-05-13,2006,10.0,27.3,0.11084730736812565,30.703387872776432,19.23258143311824,18.894166666666667,0.3384078538888889,28.0,18.0,25.517309575200642,25.0,0.5173095752006418,0.0
2006-05-14,2006,9.0,23.48,0.238515743016101,30.83451796232797,19.25145879467404,18.894166666666667,0.35718214750000005,29.0,20.0,26.755266112890666,27.0,-0.24473388710933364,0.0
2006-05-15,2006,10.0,28.31,0.085672854327008,30.96265940913564,19.27000880275388,18.894166666666667,0.3757891872222222,30.0,20.0,27.494615160636734,27.0,0.4946151606367337,0.0
2006-05-16,2006,15.0,27.44,0.11733815323799635,31.087783051530014,19.288222048659975,18.89388888888889,0.3942181991666666,32.0,17.0,28.22540872082082,29.0,-0.7745912791791802,0.023467630647599186
2006-05-17,2006,12.0,28.49,0.087147475375281,31.2098605541048,19.306089076090895,18.89361111111111,0.4124581494444444,34.0,22.0,30.967393196338712,31.0,-0.0326068036612881,0.0
2006-05-18,2006,7.0,13.09,0.5821744499083132,31.328864395984294,19.323600393507927,18.893055555555556,0.4304977572222223,20.0,13.0,18.22359962102632,17.0,1.2235996210263202,0.0
2006-05-19,2006,10.0,29.67,0.05644080018941844,31.44476785977628,19.340746487197485,18.892222222222223,0.44832551055555553,23.0,13.0,20.45198279500267,21.0,-0.5480172049973291,0.0
2006-05-20,2006,15.0,27.47,0.12952671123527137,31.557545021263238,19.357517835013972,18.891388888888887,0.46592968472222224,28.0,13.0,24.162887451580087,24.0,0.16288745158008666,0.025905342247054184
2006-05-21,2006,14.0,24.0,0.24211732721111823,31.667170739877196,19.373904920782916,18.890555555555554,0.4832983577777778,31.0,17.0,27.404962550281944,28.0,-0.5950374497180562,0.0
2006-05-22,2006,7.0,11.13,0.649709420194724,31.77362064999603,19.3898982493399,19.889444444444443,0.4995805705555556,21.0,14.0,19.195792421734694,18.0,1.1957924217346942,0.0
2006-05-23,2006,13.0,29.38,0.07832861453371698,31.87687115309146,19.405488362175912,19.888055555555557,0.48271936027777773,26.0,13.0,22.637241649880927,22.0,0.6372416498809272,0.0
2006-05-24,2006,7.0,13.17,0.5881401811092382,31.97689941075096,19.420665853655056,19.886666666666667,0.46613040916666665,23.0,16.0,21.182958925503954,20.0,1.1829589255039537,0.0
2006-05-25,2006,15.0,30.94,0.035346215980855744,32.07368333858728,19.435421387765565,19.884999999999998,0.4498262347222222,29.0,14.0,25.09318633268714,23.0,2.0931863326871394,0.007069243196171124
2006-05-26,2006,10.0,24.08,0.25141141282181056,32.16720160104197,19.449745715360166,19.883333333333333,0.4338194511111111,28.0,18.0,25.386958575254727,21.0,4.386958575254727,0.0
2006-05-27,2006,13.0,28.18,0.12640291403049997,32.25743360708034,19.463629691836744,19.881666666666668,0.4181227469444444,31.0,18.0,27.592354520719333,26.0,1.5923545207193328,0.0
2006-05-28,2006,12.0,29.91,0.07526380314497916,32.34435950676781,19.477064295205487,19.879722222222224,0.4027488636111111,32.0,20.0,28.844946380484746,26.0,2.844946380484746,0.0
2006-05-29,2006,12.0,30.42,0.06192064431509958,32.42796018870928,19.490040644483663,19.8775,0.3877105708333333,28.0,16.0,24.83575094912908,24.0,0.8357509491290784,0.0
2006-05-30,2006,15.0,31.16,0.0414731225272329,32.50821727832592,19.502550018354576,19.875555555555557,0.37302064388888884,30.0,15.0,26.033624383717772,25.0,1.0336243837177719,0.00829462450544655
2006-05-31,2006,14.0,19.63,0.397577663225942,32.58511313693593,19.514583874022723,19.873055555555556,0.35869183861111115,32.0,18.0,28.28812942441352,28.0,0.2881294244135191,0.0
2006-06-01,2006,15.0,28.47,0.12825494367322654,32.658630861599086,19.526133866192886,19.870833333333334,0.34473686777777773,30.0,15.0,26.012808567048303,25.0,1.0128085670483031,0.025650988734645216
2006-06-02,2006,9.0,21.15,0.35377925430987256,32.72875428567832,19.53719186609701,19.868333333333332,0.33116837583333336,28.0,19.0,25.601840851590044,19.0,6.601840851590044,0.0
2006-06-03,2006,12.0,17.57,0.4642552437220937,32.79546798006537,19.54774998048912,19.865555555555556,0.31799891444444445,28.0,16.0,24.79502370780605,24.0,0.7950237078060489,0.0
2006-06-04,2006,8.0,12.17,0.6296268935081635,32.858757255012094,19.55780057052538,19.86277777777778,0.30524091694444444,21.0,13.0,18.858639092096734,20.0,-1.141360907903266,0.0
2006-06-05,2006,10.0,29.38,0.10749567980018448,32.9186081625043,19.56733627044394,19.860000000000003,0.29290667444444446,25.0,15.0,22.31771931088569,23.0,-0.682280689114311,0.0
2006-06-06,2006,12.0,29.63,0.10144068956468966,32.97500749911059,19.576350005956854,19.857222222222223,0.2810083102777778,29.0,17.0,25.774941063012715,24.0,1.7749410630127151,0.0
2006-06-07,2006,8.0,24.2,0.2672870926362082,33.02794280923552,19.58483501226523,19.854166666666668,0.26955775527777776,29.0,21.0,26.845997258149364,25.0,1.8459972581493638,0.0
2006-06-08,2006,13.0,27.91,0.15622152936859102,33.077402388703554,19.592784851607632,19.851111111111113,0.258566725,31.0,18.0,27.493716965979935,26.0,1.4937169659799352,0.0
2006-06-09,2006,11.0,26.49,0.20026266136235038,33.12337528859868,19.600193430251807,19.848055555555554,0.248046695,33.0,22.0,30.028395604544343,29.0,1.0283956045443432,0.0
2006-06-10,2006,7.0,20.8,0.3728489041405554,33.16585131928341,19.607055014840363,19.845,0.23800887694444445,31.0,24.0,29.106182094714544,25.0,4.106182094714544,0.0
2006-06-11,2006,7.0,22.27,0.32931425941330716,33.204821054520956,19.61336424800236,19.841666666666665,0.22846419666666665,31.0,24.0,29.103612306502264,28.0,1.1036123065022636,0.0
2006-06-12,2006,10.0,30.01,0.09717957370748598,33.24027583562532,19.61911616314477,19.83833333333333,0.21942327305555553,32.0,22.0,29.287530252701927,28.0,1.2875302527019272,0.0
2006-06-13,2006,12.0,31.18,0.06288154334927332,33.272207775565235,19.62430619834084,19.834999999999997,0.21089639500000001,33.0,21.0,29.74141731546618,28.0,1.7414173154661796,0.0
2006-06-14,2006,12.0,25.42,0.23665061447969948,33.30060976295105,19.628930209235804,19.831666666666667,0.20289350333333334,36.0,24.0,32.73819487470909,28.0,4.738194874709087,0.0
2006-06-15,2006,7.0,4.35,0.8694692291949632,33.325475465836625,19.632984480895,19.828333333333333,0.19542416972222224,23.0,16.0,21.09563303894804,19.0,2.0956330389480406,0.0
2006-06-16,2006,9.0,19.25,0.42273320427372185,33.34679933527261,19.63646573852433,19.82472222222222,0.18849757944444442,21.0,12.0,18.549710380702678,19.0,-0.4502896192973225,0.0
2006-06-17,2006,10.0,24.09,0.27797675113236986,33.36457660855248,19.639371156999037,19.82138888888889,0.18212251444444444,25.0,15.0,22.27577091738635,23.0,-0.7242290826136504,0.0
2006-06-18,2006,12.0,24.23,0.27409021307790304,33.37880331209849,19.64169836914314,19.817777777777778,0.1763073363888889,30.0,18.0,26.72930593884282,25.0,1.7293059388428205,0.0
2006-06-19,2006,9.0,22.26,0.33332287622492685,33.38947626394061,19.643445472708866,19.814444444444444,0.17105997305555556,29.0,20.0,26.54606801017347,26.0,0.546068010173471,0.0
2006-06-20,2006,11.0,25.57,0.2343530388862376,33.39659307574882,19.644611036013124,19.810833333333335,0.166387905,31.0,20.0,28.00000673206048,26.0,2.0000067320604806,0.0
2006-06-21,2006,9.0,29.2,0.1257524856465273,33.40015215438629,19.645194102196037,19.807222222222222,0.1622981527777778,31.0,22.0,28.54515595810631,28.0,0.5451559581063101,0.0
2006-06-22,2006,13.0,29.88,0.10539331164934818,33.40015270295875,19.645194192074904,19.80388888888889,0.15879726694444446,34.0,21.0,30.454114094001817,30.0,0.4541140940018167,0.0
2006-06-23,2006,10.0,22.45,0.327775775125586,33.39659472134338,19.64461130557584,19.80027777777778,0.15589131833333333,35.0,25.0,32.272733236566715,29.0,3.272733236566715,0.0
2006-06-24,2006,11.0,17.31,0.48157322260729085,33.38947900618884,19.64344592173397,19.796944444444446,0.15358589111111112,33.0,22.0,30.000749503934404,26.0,4.000749503934404,0.0
2006-06-25,2006,12.0,22.73,0.31902899053309275,33.37880715038662,19.641698997262278,19.793333333333337,0.15188607555555553,33.0,21.0,29.729305501887744,27.0,2.729305501887744,0.0
2006-06-26,2006,10.0,27.69,0.1700780072687198,33.364581542021774,19.639371963698046,19.790000000000003,0.15079646444444444,31.0,21.0,28.275770449603666,28.0,0.2757704496036659,0.0
2006-06-27,2006,12.0,29.16,0.1255534171044772,33.34680536281995,19.63646672314477,19.78666666666667,0.15032114777777777,34.0,22.0,30.732946488890327,29.0,1.7329464888903274,0.0
2006-06-28,2006,5.0,20.43,0.3869556143048327,33.32548258611522,19.632985642636104,19.783333333333335,0.15046371249999999,29.0,24.0,27.639737547878447,28.0,-0.36026245212155317,0.0
2006-06-29,2006,12.0,26.29,0.21052516141792665,33.30061797437121,19.628931547156824,19.779999999999998,0.15122723999999999,33.0,21.0,29.738193942575062,29.0,0.7381939425750623,0.0
2006-06-30,2006,10.0,22.73,0.3168474481914253,33.27221707629535,19.62430771136379,19.776666666666667,0.15261430916666668,33.0,23.0,30.284513550636927,30.0,0.28451355063692674,0.0
2006-07-01,2006,12.0,28.59,0.13989910292325702,33.24028622359295,19.619117850057584,19.77361111111111,0.15462699666666668,36.0,24.0,32.74503512660682,31.0,1.7450351266068225,0.0
2006-07-02,2006,9.0,23.74,0.2850438266658849,33.204832527413906,19.613366107462333,19.770555555555553,0.15726687972222222,34.0,25.0,31.561786277817866,29.0,2.561786277817866,0.0
2006-07-03,2006,4.0,6.45,0.8055229309148418,33.16586387455097,19.60705704537799,19.7675,0.16053504333333332,26.0,22.0,24.917817867061764,22.0,2.917817867061764,0.0
2006-07-04,2006,13.0,25.64,0.22592461600915148,33.12338892345287,19.600195630274914,19.764444444444443,0.16443208222222222,33.0,20.0,29.488102230168487,28.0,1.4881022301684865,0.0
2006-07-05,2006,11.0,27.19,0.17798902140091666,33.07741710012037,19.59278721940581,19.761666666666667,0.16895811055555554,35.0,24.0,32.03314360644329,31.0,1.0331436064432893,0.0
2006-07-06,2006,15.0,25.74,0.22066028008433625,33.02795859395624,19.584837546014512,19.75888888888889,0.1741127686111111,35.0,20.0,30.961242640985205,30.0,0.9612426409852048,0.044132056016867094
2006-07-07,2006,9.0,17.72,0.46262359627211913,32.975024353643065,19.57635270372465,19.75611111111111,0.17989523138888888,25.0,16.0,22.58120437887502,22.0,0.5812043788750216,0.0
2006-07-08,2006,11.0,24.19,0.2651576666985771,32.91862608312411,19.567339130194185,19.753611111111113,0.18630421694444446,27.0,16.0,24.049489402364877,24.0,0.04948940236487687,0.0
2006-07-09,2006,12.0,25.15,0.23460326647540297,32.85877623776372,19.557803590123868,19.75111111111111,0.19333799944444444,30.0,18.0,26.78795651676156,23.0,3.787956516761561,0.0
2006-07-10,2006,11.0,22.94,0.3005135344997343,32.795488020763266,19.547753157708968,19.748611111111114,0.2009944177777778,27.0,16.0,24.062103016978426,24.0,0.06210301697842624,0.0
2006-07-11,2006,14.0,28.65,0.12462352570673296,32.72877537990783,19.537195198624303,19.74638888888889,0.20927088833333332,28.0,14.0,24.269527475577515,23.0,1.2695274755775152,0.0
2006-07-12,2006,9.0,21.35,0.3462682004393701,32.65865300471728,19.526137351632375,19.74416666666667,0.2181644161111111,27.0,18.0,24.60768329694593,22.0,2.607683296945929,0.0
2006-07-13,2006,13.0,22.24,0.31748022230705797,32.585136324072245,19.514587509903635,19.742222222222225,0.22767160916666668,30.0,17.0,26.553260255780913,25.0,1.5532602557809128,0.0
2006-07-14,2006,5.0,9.28,0.71453392830403,32.50824150438262,19.502553802136447,19.740277777777777,0.2377886897222222,24.0,19.0,22.677873679820834,20.0,2.6778736798208342,0.0
2006-07-15,2006,9.0,20.8,0.3585787179680996,32.427985448361746,19.4900445735622,19.738333333333333,0.24851150805555555,27.0,18.0,24.626811125218225,24.0,0.6268111252182251,0.0
2006-07-16,2006,12.0,27.6,0.14668344066303363,32.34438579446462,19.477068366918438,19.736666666666668,0.2598355561111111,31.0,19.0,27.844943492980214,28.0,-0.15505650701978624,0.0
2006-07-17,2006,7.0,23.09,0.2841966061934995,32.2574609170431,19.46363390346974,19.735277777777778,0.2717559816666667,30.0,23.0,28.16511222772854,26.0,2.165112227728539,0.0
2006-07-18,2006,13.0,29.01,0.09815050703476336,32.16722992726486,19.449750064152493,19.733888888888888,0.28426760055555556,33.0,20.0,29.603042796277776,28.0,1.6030427962777765,0.0
2006-07-19,2006,11.0,23.28,0.2741719601964141,32.07371267483649,19.435425870915893,19.732777777777777,0.2973649122222222,33.0,22.0,30.13500038226395,27.0,3.13500038226395,0.0
2006-07-20,2006,7.0,8.9,0.7216743424267267,31.97692975056367,19.420670468327046,19.731666666666666,0.3110421113888889,26.0,19.0,24.182957004068502,23.0,1.182957004068502,0.0
2006-07-21,2006,11.0,22.07,0.30764916675704346,31.876902489774718,19.405493105503744,19.730555555555554,0.32529310388888893,31.0,20.0,28.154585979374872,26.0,2.154585979374872,0.0
2006-07-22,2006,10.0,28.85,0.09201500937824358,31.77365297662523,19.389903118433654,19.729999999999997,0.3401115180555555,33.0,23.0,30.42255769600722,28.0,2.422557696007221,0.0
2006-07-23,2006,12.0,27.91,0.11864653549602344,31.66720404929443,19.373909912733815,19.729166666666664,0.35549071861111115,36.0,24.0,32.91853574650776,30.0,2.9185357465077573,0.0
2006-07-24,2006,11.0,20.84,0.3396198169107325,31.557579306075173,19.35752294689947,19.728888888888886,0.37142381999999996,33.0,22.0,30.186114095533185,28.0,2.186114095533185,0.0
2006-07-25,2006,7.0,15.17,0.5175673402756646,31.44480311235193,19.340751716086167,19.72861111111111,0.3879036983333334,29.0,22.0,27.216385759364467,25.0,2.216385759364467,0.0
2006-07-26,2006,12.0,26.59,0.15126290793536246,31.328900608452468,19.32360573646426,19.72833333333333,0.40492300444444446,32.0,20.0,28.954738351297244,27.0,1.9547383512972445,0.0
2006-07-27,2006,7.0,14.87,0.5235485827543579,31.20989771835128,19.30609453017975,19.72833333333333,0.422474175,29.0,22.0,27.23097706375541,26.0,1.230977063755411,0.0
2006-07-28,2006,13.0,28.54,0.08195560396940016,31.08782115919448,19.288227610950976,19.72861111111111,0.44054944444444444,33.0,20.0,29.72868319161877,28.0,1.7286831916187708,0.0
2006-07-29,2006,11.0,22.45,0.27493399727135814,30.962698451608382,19.270014470325542,19.728888888888886,0.4591408563888889,34.0,23.0,31.244072904383167,29.0,2.2440729043831666,0.0
2006-07-30,2006,14.0,28.36,0.08025274551703354,30.83455793074642,19.251464564617677,19.729444444444443,0.47824027333333335,38.0,24.0,34.50818683313443,30.0,4.508186833134431,0.0
2006-07-31,2006,12.0,28.16,0.08283859037590102,30.703428758021392,19.23258730254168,19.730277777777776,0.4978393888888889,41.0,29.0,38.0207672105267,33.0,5.020767210526699,0.0
2006-08-01,2006,6.0,27.09,0.11381798976421797,30.56934093346388,19.21339203355301,18.731111111111108,0.4820702647222222,34.0,28.0,32.51738924991454,32.0,0.5173892499145367,0.0
2006-08-02,2006,9.0,21.25,0.3017293360107882,30.432325308640362,19.19388803690468,18.73222222222222,0.46149730555555557,32.0,23.0,29.786784360118656,30.0,-0.2132156398813443,0.0
2006-08-03,2006,14.0,26.5,0.1251935104983356,30.292413600058897,19.174084511422926,18.733611111111113,0.44045049388888885,36.0,22.0,32.57415780108169,34.0,-1.4258421989183105,0.0
2006-08-04,2006,14.0,21.09,0.30048912301673647,30.149638402984543,19.153990566002633,18.735,0.41893872388888886,36.0,22.0,32.591381790166096,28.0,4.591381790166096,0.0
2006-08-05,2006,9.0,15.31,0.4897352667523346,30.004033205581226,19.133615210819983,18.73638888888889,0.3969710138888889,33.0,24.0,30.819998099604987,30.0,0.8199980996049874,0.0
2006-08-06,2006,13.0,25.69,0.13952584715080885,29.85563240329253,19.112967349256607,18.738333333333333,0.3745565013888889,35.0,22.0,31.8676166786564,32.0,-0.13238332134359965,0.0
2006-08-07,2006,11.0,22.78,0.23311208741334077,29.704471313369194,19.092055770527203,18.740277777777777,0.35170443416666664,32.0,21.0,29.363700923870283,29.0,0.3637009238702831,0.0
2006-08-08,2006,11.0,25.3,0.14384101087530687,29.550586189448097,19.070889142999874,18.742222222222225,0.3284241636111111,33.0,22.0,30.37808585472562,31.0,-0.6219141452743813,0.0
2006-08-09,2006,12.0,23.78,0.19099175059908013,29.394014236083958,19.049476008196507,18.744722222222222,0.30472513944444446,35.0,23.0,32.15564207467837,33.0,-0.8443579253216313,0.0
2006-08-10,2006,9.0,21.24,0.2734684474326696,29.234793623132575,19.027824775458466,18.746944444444445,0.28061690222222224,27.0,18.0,24.878826336113935,23.0,1.878826336113935,0.0
2006-08-11,2006,14.0,24.87,0.14456605016890767,29.072963499882892,19.005943717261424,18.749722222222225,0.25610907944444444,28.0,14.0,24.719454799980312,26.0,-1.280545200019688,0.0
2006-08-12,2006,11.0,24.81,0.141776810760325,28.908564008833068,18.983840965161413,18.7525,0.23121137916666665,28.0,17.0,25.437590419180754,26.0,-0.5624095808192457,0.0
2006-08-13,2006,15.0,25.74,0.10443512219621198,28.741636299005744,18.9615245063533,18.755555555555556,0.20593358527777778,31.0,16.0,27.526729323683085,28.0,-0.4732706763169148,0.020887024439242324
2006-08-14,2006,15.0,26.11,0.0861753941389033,28.57222253869664,18.939002180821667,18.75861111111111,0.1802855538888889,35.0,20.0,31.547896670523386,30.0,1.5478966705233859,0.0172350788277806
2006-08-15,2006,5.0,12.68,0.5535268794653456,28.400365927551512,18.916281679063353,18.761944444444445,0.15427720805555556,28.0,23.0,26.856433711350636,26.0,0.8564337113506362,0.0
2006-08-16,2006,13.0,25.11,0.11039816077099496,28.226110707867004,18.893370540360294,18.76527777777778,0.1279185336111111,32.0,19.0,29.04547852585466,28.0,1.0454785258546586,0.0
2006-08-17,2006,9.0,5.32,0.81033531480144,28.049502175012147,18.87027615158083,18.76888888888889,0.1012195775,25.0,16.0,22.96767860034145,16.0,6.967678600341451,0.0
2006-08-18,2006,11.0,23.21,0.16722241046562392,27.870586686869434,18.84700574648732,18.772777777777776,0.07419044166666668,26.0,15.0,23.532243897653107,23.0,0.5322438976531068,0.0
2006-08-19,2006,13.0,26.63,0.03826053383647976,27.689411672196282,18.82356640552789,18.776666666666667,0.04684128222222222,30.0,17.0,27.10288252596957,26.0,1.1028825259695694,0.0
2006-08-20,2006,14.0,25.42,0.07583886037477194,27.506025637810836,18.799965056089885,18.780555555555555,0.019182304722222224,31.0,17.0,27.90102935359668,27.0,0.9010293535966802,0.0
2006-08-21,2006,13.0,24.67,0.09701434058287617,27.320478174508835,18.77620847319291,18.784722222222225,0.008776238333333334,33.0,20.0,30.14206173940682,30.0,0.1420617394068202,0.0
2006-08-22,2006,11.0,24.01,0.11509382239072097,27.132819961622374,18.75230328059946,18.789166666666667,0.03702404833333334,33.0,22.0,30.598539022190298,28.0,2.598539022190298,0.0
2006-08-23,2006,10.0,14.81,0.4503231448006726,26.943102770134832,18.728255952321405,18.79361111111111,0.06555078583333333,32.0,22.0,29.83224900786508,28.0,1.8322490078650802,0.0
2006-08-24,2006,13.0,24.93,0.068085440853761,26.75137946427115,18.70407281450104,18.798333333333336,0.09434607055555555,36.0,23.0,33.202098936100654,30.0,3.202098936100654,0.0
2006-08-25,2006,11.0,19.13,0.27968170746503584,26.557704001486858,18.679760047645765,18.803055555555556,0.12339948472222222,35.0,24.0,32.64974915071143,29.0,3.649749150711429,0.0
2006-08-26,2006,10.0,21.94,0.1677455953208966,26.3621314307847,18.655323689196173,18.80777777777778,0.15270057527777778,28.0,18.0,25.879165218318306,25.0,0.8791652183183061,0.0
2006-08-27,2006,13.0,24.9,0.048336767651912194,26.164717889292564,18.630769636407578,18.81277777777778,0.182238855,30.0,17.0,27.263546335718324,25.0,2.263546335718324,0.0
2006-08-28,2006,13.0,23.47,0.09610901455704912,25.965520597042516,18.606103649525917,18.818055555555556,0.2120038052777778,30.0,17.0,27.284321012764373,27.0,0.28432101276437294,0.0
2006-08-29,2006,12.0,18.64,0.27652664681217665,25.764597849895942,18.581331355239435,18.823055555555555,0.24198487694444445,30.0,18.0,27.51252406716638,25.0,2.5125240671663818,0.0
2006-08-30,2006,12.0,16.02,0.37328869599498604,25.562009010566424,18.55645825038826,18.828611111111112,0.27217149416666664,29.0,17.0,26.531952756461934,24.0,2.5319527564619335,0.0
2006-08-31,2006,13.0,16.18,0.36193239360319895,25.357814497697586,18.53148970591467,18.833888888888886,0.3025530527777778,23.0,10.0,20.347459933271786,15.0,5.347459933271786,0.0
2006-09-01,2006,9.0,19.45,0.22670398357697685,25.15207577296,18.50643097103756,18.839444444444442,0.33311892583333336,18.0,9.0,16.17837470855071,16.0,0.17837470855070947,0.0
2006-09-02,2006,9.0,17.14,0.31288436930557395,24.944855326137237,18.48128717763528,18.845,0.3638584625,20.0,11.0,18.193207432958886,18.0,0.19320743295888576,0.0
2006-09-03,2006,12.0,22.77,0.07948736402776224,24.736216658178208,18.456063344821757,18.850555555555555,0.3947609902777778,23.0,11.0,20.61082848949691,19.0,1.6108284894969103,0.0
2006-09-04,2006,13.0,23.31,0.04958872793451363,24.526224262199054,18.430764383701472,18.85638888888889,0.4258158180555555,26.0,13.0,23.433386337419822,21.0,2.4333863374198224,0.0
2006-09-05,2006,12.0,22.71,0.0660064702870603,24.314943602425014,18.405395102289596,18.862222222222222,0.4570122358333333,27.0,15.0,24.650908415739863,22.0,2.6509084157398632,0.0
2006-09-06,2006,13.0,22.13,0.08183573952598944,24.102441091069245,18.379960210584176,18.868055555555557,0.4883395180555556,29.0,16.0,26.477020073358556,23.0,3.477020073358556,0.0
2006-09-07,2006,13.0,23.06,0.03469343860118412,23.888784063151906,18.354464325778014,17.874166666666667,0.4802130763888889,29.0,16.0,26.49899009605059,26.0,0.49899009605059064,0.0
2006-09-08,2006,12.0,21.23,0.10323716070083022,23.674040749270436,18.328911977598437,17.88,0.44865630055555555,27.0,15.0,24.711744698140766,26.0,-1.288255301859234,0.0
2006-09-09,2006,9.0,18.49,0.2117921771828586,23.458280246337452,18.303307613763792,17.88611111111111,0.4170009202777778,30.0,21.0,28.299149517229523,25.0,3.299149517229523,0.0
2006-09-10,2006,10.0,22.28,0.04137295300809707,23.241572486310403,18.277655605546048,17.892222222222223,0.38525770916666663,29.0,19.0,27.12727973585589,27.0,0.1272797358558897,0.0
2006-09-11,2006,11.0,19.07,0.1717334185585303,23.023988202942608,18.251960253429495,17.898333333333333,0.3534374508333334,27.0,16.0,24.958904089094254,25.0,-0.041095910905745825,0.0
2006-09-12,2006,11.0,20.27,0.11118317515315823,22.805598896592517,18.22622579285597,17.904444444444444,0.3215509336111111,29.0,18.0,26.977868430760665,26.0,0.9778684307606653,0.0
2006-09-13,2006,13.0,21.32,0.05607234844588682,22.586476797133827,18.200456400047564,17.910833333333333,0.2896089511111111,32.0,19.0,29.632696781871772,30.0,-0.3673032181282281,0.0
2006-09-14,2006,11.0,21.3,0.047691213805188815,22.366694825015212,18.17465619789818,17.916944444444447,0.2576222994444445,28.0,17.0,26.01598716031848,26.0,0.01598716031848113,0.0
2006-09-15,2006,7.0,14.86,0.3290083587407454,22.146326550524737,18.148829261925783,17.923055555555557,0.22560177555555555,21.0,14.0,19.749631108768984,17.0,2.749631108768984,0.0
2006-09-16,2006,12.0,18.66,0.14893408000834585,21.92544615131926,18.1229796262774,17.929166666666667,0.19355817583333335,23.0,11.0,20.87745755842136,21.0,-0.12254244157864136,0.0
2006-09-17,2006,13.0,20.76,0.0434999439860001,21.70412836828537,18.09711128977951,17.935555555555556,0.1615022938888889,24.0,11.0,21.723331421844502,22.0,-0.2766685781554976,0.0
2006-09-18,2006,9.0,20.22,0.0587665070936948,21.482448459802942,18.07122822202643,17.941666666666666,0.12944491916666667,25.0,16.0,23.439634936723188,22.0,1.4396349367231878,0.0
2006-09-19,2006,12.0,15.67,0.2629518048492706,21.260482154488447,18.045334369499844,17.947777777777777,0.09739683472222221,22.0,10.0,19.94061408024517,12.0,7.940614080245169,0.0
2006-09-20,2006,4.0,8.67,0.5878945688967465,21.038305602499378,18.01943366171265,17.953888888888887,0.06536881555555556,13.0,9.0,12.320586109072009,12.0,0.3205861090720088,0.0
2006-09-21,2006,13.0,19.41,0.06754398737612077,20.815995325486018,17.993530017370485,17.96,0.0333716275,19.0,6.0,16.81485384101775,17.0,-0.18514615898224918,0.0
2006-09-22,2006,7.0,11.63,0.4352622128233413,20.593628165281523,17.967627350544504,17.96611111111111,0.0014160233333333334,18.0,11.0,16.835760636067583,17.0,-0.1642393639324169,0.0
2006-09-23,2006,14.0,19.74,0.030988783879279946,20.37128123142465,17.941729576848914,17.971944444444443,0.03048725638888889,22.0,8.0,19.696313412514407,18.0,1.6963134125144066,0.0
2006-09-24,2006,17.0,19.52,0.03121896140577185,20.14903184761434,17.915840619616947,17.978055555555553,0.06232748694444444,25.0,8.0,22.232809542436428,20.0,2.232809542436428,0.06868171509269805
2006-09-25,2006,12.0,19.12,0.04049577048133968,19.92695749719794,17.889964416068796,17.983888888888888,0.09409396027777778,24.0,12.0,22.067989670777038,21.0,1.0679896707770382,0.0
2006-09-26,2006,10.0,16.59,0.15808750594297338,19.705135767799025,17.864104923465167,17.989722222222223,0.12577598805555557,23.0,13.0,21.40775748430783,21.0,0.40775748430782954,0.0
2006-09-27,2006,15.0,18.71,0.039707371140205394,19.483644295192974,17.838266125239773,17.995555555555555,0.1573629013888889,26.0,11.0,23.638303362122002,21.0,2.6383033621220022,0.00794147422804105
2006-09-28,2006,14.0,18.63,0.03283886894264776,19.262560706541926,17.8124520371042,18.00111111111111,0.18884405444444446,26.0,12.0,23.820650791628427,22.0,1.8206507916284274,0.0
2006-09-29,2006,10.0,16.82,0.11668768677279084,19.041962563102516,17.78666671311818,18.006666666666668,0.22020882638888886,25.0,15.0,23.461113007945332,21.0,2.4611130079453325,0.0
2006-09-30,2006,7.0,12.44,0.33906874678380894,18.821927302522138,17.760914251718223,18.01222222222222,0.2514466202777778,21.0,14.0,19.93523337005613,19.0,0.9352333700561317,0.0
2007-05-01,2007,6.0,8.7,0.6990505869171841,28.9085129320585,18.983834117466134,18.88,0.10358439527777777,20.0,14.0,18.6023246119834,19.0,-0.3976753880166015,0.0
2007-05-02,2007,13.0,28.7,0.012826826340988418,29.07291320895793,19.005936936675834,18.88222222222222,0.12363601027777778,28.0,15.0,24.95378494755245,25.0,-0.04621505244755042,0.0
2007-05-03,2007,8.0,23.12,0.2091601726792628,29.234744130587814,19.027818064467443,18.884166666666665,0.14362532305555556,24.0,16.0,22.114515634989445,20.0,2.114515634989445,0.0
2007-05-04,2007,11.0,23.6,0.19711411661926248,29.393965554141666,19.04946936932894,18.885833333333334,0.16354547583333334,25.0,14.0,22.392676429236563,23.0,-0.6073235707634375,0.0
2007-05-05,2007,8.0,12.1,0.5905319942105718,29.550538330026466,19.070882578827508,18.88722222222222,0.18338924888888888,26.0,18.0,24.093156597010115,21.0,3.0931565970101147,0.0
2007-05-06,2007,13.0,28.16,0.051993072584341715,29.704424288086567,19.09204928366328,18.88888888888889,0.20314906638888888,30.0,17.0,26.88437902318143,27.0,-0.11562097681856898,0.0
2007-05-07,2007,6.0,14.05,0.5294013021605266,29.85558622347191,19.11296094235434,18.89,0.2228169988888889,19.0,13.0,17.554286987785794,17.0,0.5542869877857939,0.0
2007-05-08,2007,8.0,12.41,0.586388314490032,30.00398788225465,19.1336088865708,18.891111111111112,0.24238476805555553,17.0,9.0,15.062223641063314,10.0,5.062223641063314,0.0
2007-05-09,2007,4.0,10.04,0.6669938567768631,30.149593946897586,19.153984327134236,18.891944444444444,0.26184375277777777,10.0,6.0,9.026110612537332,8.0,1.026110612537332,0.0
2007-05-10,2007,10.0,27.07,0.10637563252295901,30.292370021675225,19.17407836069709,18.892777777777777,0.28118499722222223,15.0,5.0,12.552973619627306,14.0,-1.4470263803726944,0.0
2007-05-11,2007,14.0,26.91,0.1157416504815797,30.43228261814612,19.193881977114923,18.893333333333334,0.3003992161111111,22.0,8.0,18.55722529291728,20.0,-1.4427747070827195,0.0
2007-05-12,2007,14.0,25.33,0.1713908819644533,30.569299140772138,19.213386067521952,18.89388888888889,0.3194768061111111,26.0,12.0,22.540580002514588,24.0,-1.459419997485412,0.0
2007-05-13,2007,7.0,6.61,0.7847143114177036,30.703387872776432,19.23258143311824,18.894166666666667,0.3384078538888889,19.0,12.0,17.262116702640448,16.0,1.2621167026404478,0.0
2007-05-14,2007,10.0,27.61,0.10457494312923976,30.83451796232797,19.25145879467404,18.894166666666667,0.35718214750000005,21.0,11.0,18.505851236545183,20.0,-1.4941487634548167,0.0
2007-05-15,2007,14.0,29.29,0.05402182632419861,30.96265940913564,19.27000880275388,18.894166666666667,0.3757891872222222,27.0,13.0,23.492461224891425,25.0,-1.507538775108575,0.0
2007-05-16,2007,13.0,26.6,0.14435841385315962,31.087783051530014,19.288222048659975,18.89388888888889,0.3942181991666666,29.0,16.0,25.72868755804471,27.0,-1.2713124419552884,0.0
2007-05-17,2007,8.0,24.4,0.2181958020062077,31.2098605541048,19.306089076090895,18.89361111111111,0.4124581494444444,28.0,20.0,25.978262130892475,26.0,-0.021737869107525398,0.0
2007-05-18,2007,5.0,10.24,0.6731448714332411,31.328864395984294,19.323600393507927,18.893055555555556,0.4304977572222223,19.0,14.0,17.73114258644737,15.0,2.731142586447369,0.0
2007-05-19,2007,6.0,13.2,0.5802163317324005,31.44476785977628,19.340746487197485,18.892222222222223,0.44832551055555553,20.0,14.0,18.471189677001604,19.0,-0.528810322998396,0.0
2007-05-20,2007,11.0,21.73,0.31141665217118475,31.557545021263238,19.357517835013972,18.891388888888887,0.46592968472222224,25.0,14.0,22.186117464492064,22.0,0.1861174644920638,0.0
2007-05-21,2007,11.0,10.6,0.6652684861849105,31.667170739877196,19.373904920782916,18.890555555555554,0.4832983577777778,21.0,10.0,18.17532771807867,20.0,-1.8246722819213304,0.0
2007-05-22,2007,6.0,11.5,0.6380645401832279,31.77362064999603,19.3898982493399,19.889444444444443,0.4995805705555556,14.0,8.0,12.453536361486883,10.0,2.453536361486883,0.0
2007-05-23,2007,15.0,29.06,0.08836724092409165,31.87687115309146,19.405488362175912,19.888055555555557,0.48271936027777773,24.0,9.0,20.119894211401068,20.0,0.11989421140106771,0.017673448184818266
2007-05-24,2007,12.0,29.1,0.08996805393157392,31.97689941075096,19.420665853655056,19.886666666666667,0.46613040916666665,27.0,15.0,23.88507244372106,23.0,0.8850724437210609,0.0
2007-05-25,2007,11.0,25.41,0.2077617113145942,32.07368333858728,19.435421387765565,19.884999999999998,0.4498262347222222,28.0,17.0,25.135003310637238,19.0,6.135003310637238,0.0
2007-05-26,2007,12.0,26.11,0.18830365401899807,32.16720160104197,19.449745715360166,19.883333333333333,0.4338194511111111,28.0,16.0,24.864350290305673,25.0,-0.13564970969432721,0.0
2007-05-27,2007,13.0,23.63,0.2674556727658167,32.25743360708034,19.463629691836744,19.881666666666668,0.4181227469444444,31.0,18.0,27.592354520719333,19.0,8.592354520719333,0.0
2007-05-28,2007,8.0,6.38,0.8027476785043453,32.34435950676781,19.477064295205487,19.879722222222224,0.4027488636111111,18.0,10.0,15.896630920323165,11.0,4.896630920323165,0.0
2007-05-29,2007,8.0,26.99,0.16769356311849248,32.42796018870928,19.490040644483663,19.8775,0.3877105708333333,19.0,11.0,16.89050063275272,17.0,-0.10949936724728104,0.0
2007-05-30,2007,14.0,31.5,0.03101422848548907,32.50821727832592,19.502550018354576,19.875555555555557,0.37302064388888884,25.0,11.0,21.298049424803253,22.0,-0.7019505751967472,0.0
2007-05-31,2007,14.0,28.97,0.11094370370125006,32.58511313693593,19.514583874022723,19.873055555555556,0.35869183861111115,29.0,15.0,25.28812942441352,25.0,0.2881294244135191,0.0
2007-06-01,2007,11.0,21.18,0.35147311931854364,32.658630861599086,19.526133866192886,19.870833333333334,0.34473686777777773,29.0,18.0,26.076059615835423,19.0,7.0760596158354225,0.0
2007-06-02,2007,9.0,28.14,0.1402055894222134,32.72875428567832,19.53719186609701,19.868333333333332,0.33116837583333336,25.0,16.0,22.601840851590044,22.0,0.601840851590044,0.0
2007-06-03,2007,15.0,27.94,0.14805301705152518,32.79546798006537,19.54774998048912,19.865555555555556,0.31799891444444445,31.0,16.0,26.993779634757562,27.0,-0.006220365242437964,0.02961060341030493
2007-06-04,2007,13.0,26.33,0.1986915452810144,32.858757255012094,19.55780057052538,19.86277777777778,0.30524091694444444,34.0,21.0,30.520288524657197,28.0,2.5202885246571967,0.0
2007-06-05,2007,13.0,22.52,0.3158884516371734,32.9186081625043,19.56733627044394,19.860000000000003,0.29290667444444446,30.0,17.0,26.5130351041514,25.0,1.513035104151399,0.0
2007-06-06,2007,5.0,14.21,0.5690675733619386,32.97500749911059,19.576350005956854,19.857222222222223,0.2810083102777778,20.0,15.0,18.656225442921965,17.0,1.656225442921965,0.0
2007-06-07,2007,7.0,12.83,0.6115410495257252,33.02794280923552,19.58483501226523,19.854166666666668,0.26955775527777776,21.0,14.0,19.115247600880693,18.0,1.1152476008806929,0.0
2007-06-08,2007,11.0,21.49,0.35031174009785104,33.077402388703554,19.592784851607632,19.851111111111113,0.258566725,28.0,17.0,25.033145125059946,22.0,3.0331451250599457,0.0
2007-06-09,2007,10.0,25.17,0.24011367257419236,33.12337528859868,19.600193430251807,19.848055555555554,0.248046695,25.0,15.0,22.298541458676674,22.0,0.2985414586766737,0.0
2007-06-10,2007,12.0,29.02,0.1250036152961017,33.16585131928341,19.607055014840363,19.845,0.23800887694444445,29.0,17.0,25.753455019510646,25.0,0.7534550195106462,0.0
2007-06-11,2007,12.0,24.91,0.2498077324645478,33.204821054520956,19.61336424800236,19.841666666666665,0.22846419666666665,31.0,19.0,27.749049668289594,28.0,-0.25095033171040626,0.0
2007-06-12,2007,11.0,13.16,0.6040947414192108,33.24027583562532,19.61911616314477,19.83833333333333,0.21942327305555553,27.0,16.0,24.01628327797212,24.0,0.01628327797212137,0.0
2007-06-13,2007,11.0,27.34,0.17829318137168482,33.272207775565235,19.62430619834084,19.834999999999997,0.21089639500000001,28.0,17.0,25.012965872510662,24.0,1.0129658725106623,0.0
2007-06-14,2007,11.0,15.75,0.5270356875710176,33.30060976295105,19.628930209235804,19.831666666666667,0.20289350333333334,27.0,16.0,24.01001196848333,22.0,2.0100119684833295,0.0
2007-06-15,2007,9.0,19.11,0.42656482067028634,33.325475465836625,19.632984480895,19.828333333333333,0.19542416972222224,21.0,12.0,18.551528192933198,18.0,0.5515281929331977,0.0
2007-06-16,2007,11.0,26.83,0.19542503224228358,33.34679933527261,19.63646573852433,19.82472222222222,0.18849757944444442,25.0,14.0,22.005201576414386,23.0,-0.994798423585614,0.0
2007-06-17,2007,11.0,27.58,0.1733747943640831,33.36457660855248,19.639371156999037,19.82138888888889,0.18212251444444444,28.0,17.0,25.003348009124984,24.0,1.0033480091249842,0.0
2007-06-18,2007,10.0,22.28,0.33251052197175723,33.37880331209849,19.64169836914314,19.817777777777778,0.1763073363888889,30.0,20.0,27.274421615702348,25.0,2.274421615702348,0.0
2007-06-19,2007,10.0,23.38,0.2997793731419043,33.38947626394061,19.643445472708866,19.814444444444444,0.17105997305555556,31.0,21.0,28.27340890019274,28.0,0.27340890019274156,0.0
2007-06-20,2007,12.0,24.11,0.278070073036652,33.39659307574882,19.644611036013124,19.810833333333335,0.166387905,34.0,22.0,30.727280071338708,30.0,0.7272800713387078,0.0
2007-06-21,2007,12.0,29.09,0.12904588381703697,33.40015215438629,19.645194102196037,19.807222222222222,0.1622981527777778,35.0,23.0,31.726874610808412,30.0,1.7268746108084123,0.0
2007-06-22,2007,11.0,18.56,0.4443139178116433,33.40015270295875,19.645194192074904,19.80388888888889,0.15879726694444446,36.0,25.0,32.99963500261692,30.0,2.9996350026169196,0.0
2007-06-23,2007,10.0,24.33,0.27148261063721635,33.39659472134338,19.64461130557584,19.80027777777778,0.15589131833333333,36.0,26.0,33.272733236566715,32.0,1.2727332365667152,0.0
2007-06-24,2007,10.0,28.61,0.14314326393960664,33.38947900618884,19.64344592173397,19.796944444444446,0.15358589111111112,37.0,27.0,34.27340863994037,30.0,4.273408639940371,0.0
2007-06-25,2007,10.0,25.32,0.24143484559163697,33.37880715038662,19.641698997262278,19.793333333333337,0.15188607555555553,34.0,24.0,31.27442125157312,30.0,1.27442125157312,0.0
2007-06-26,2007,7.0,13.13,0.606468914244792,33.364581542021774,19.639371963698046,19.790000000000003,0.15079646444444444,27.0,20.0,25.093039314722567,25.0,0.09303931472256721,0.0
2007-06-27,2007,11.0,31.03,0.06947608137009353,33.34680536281995,19.63646672314477,19.78666666666667,0.15032114777777777,31.0,20.0,28.005200948149465,28.0,0.0052009481494650345,0.0
2007-06-28,2007,12.0,30.54,0.08358416352763542,33.32548258611522,19.632985642636104,19.783333333333335,0.15046371249999999,35.0,23.0,31.735370114908275,30.0,1.7353701149082745,0.0
2007-06-29,2007,10.0,9.59,0.7120173563331273,33.30061797437121,19.628931547156824,19.779999999999998,0.15122723999999999,27.0,17.0,24.281828285479218,18.0,6.281828285479218,0.0
2007-06-30,2007,13.0,28.01,0.15815649027020784,33.27221707629535,19.62430771136379,19.776666666666667,0.15261430916666668,30.0,17.0,26.469867615828004,26.0,0.4698676158280044,0.0
2007-07-01,2007,14.0,24.37,0.2668534850730946,33.24028622359295,19.619117850057584,19.77361111111111,0.15462699666666668,31.0,17.0,27.202540981041295,17.0,10.202540981041295,0.0
2007-07-02,2007,13.0,28.61,0.13837842800804412,33.204832527413906,19.613366107462333,19.770555555555553,0.15726687972222222,31.0,18.0,27.478135734625805,27.0,0.4781357346258055,0.0
2007-07-03,2007,9.0,17.96,0.45847935491946656,33.16586387455097,19.60705704537799,19.7675,0.16053504333333332,29.0,20.0,26.56509020088897,21.0,5.565090200888971,0.0
2007-07-04,2007,9.0,18.31,0.4472183977818863,33.12338892345287,19.600195630274914,19.764444444444443,0.16443208222222222,29.0,20.0,26.56868615934741,25.0,1.5686861593474113,0.0
2007-07-05,2007,11.0,28.7,0.13233854042685944,33.07741710012037,19.59278721940581,19.761666666666667,0.16895811055555554,32.0,21.0,29.033143606443293,28.0,1.0331436064432928,0.0
2007-07-06,2007,11.0,23.65,0.2839400009321893,33.02795859395624,19.584837546014512,19.75888888888889,0.1741127686111111,34.0,23.0,31.03824460338915,30.0,1.038244603389149,0.0
2007-07-07,2007,10.0,20.09,0.3907510185726226,32.975024353643065,19.57635270372465,19.75611111111111,0.17989523138888888,33.0,23.0,30.312449309861137,29.0,1.3124493098611367,0.0
2007-07-08,2007,8.0,27.3,0.17068227783675716,32.91862608312411,19.567339130194185,19.753611111111113,0.18630421694444446,33.0,25.0,30.854174110810817,28.0,2.854174110810817,0.0
2007-07-09,2007,7.0,7.8,0.7626204961633456,32.85877623776372,19.557803590123868,19.75111111111111,0.19333799944444444,26.0,19.0,24.12630796811091,21.0,3.126307968110911,0.0
2007-07-10,2007,10.0,13.3,0.5944564084065591,32.795488020763266,19.547753157708968,19.748611111111114,0.2009944177777778,29.0,19.0,26.329184560889477,25.0,1.3291845608894768,0.0
2007-07-11,2007,10.0,23.51,0.28167187048395426,32.72877537990783,19.537195198624303,19.74638888888889,0.20927088833333332,33.0,23.0,30.335376768269654,29.0,1.3353767682696542,0.0
2007-07-12,2007,9.0,29.69,0.09089943189905847,32.65865300471728,19.526137351632375,19.74416666666667,0.2181644161111111,35.0,26.0,32.60768329694593,31.0,1.607683296945929,0.0
2007-07-13,2007,6.0,20.39,0.37425457431838627,32.585136324072245,19.514587509903635,19.742222222222225,0.22767160916666668,30.0,24.0,28.40919704112965,27.0,1.4091970411296515,0.0
2007-07-14,2007,4.0,12.24,0.62348009509066,32.50824150438262,19.502553802136447,19.740277777777777,0.2377886897222222,29.0,25.0,27.942298943856667,25.0,2.9422989438566667,0.0
2007-07-15,2007,7.0,14.35,0.557480990521261,32.427985448361746,19.4900445735622,19.738333333333333,0.24851150805555555,30.0,23.0,28.154186430725286,27.0,1.1541864307252858,0.0
2007-07-16,2007,10.0,6.23,0.8073854288163297,32.34438579446462,19.477068366918438,19.736666666666668,0.2598355561111111,28.0,18.0,25.370786244150178,20.0,5.370786244150178,0.0
2007-07-17,2007,7.0,11.39,0.6469033930075339,32.2574609170431,19.46363390346974,19.735277777777778,0.2717559816666667,24.0,17.0,22.16511222772854,21.0,1.1651122277285388,0.0
2007-07-18,2007,8.0,20.32,0.36830121692335027,32.16722992726486,19.449750064152493,19.733888888888888,0.28426760055555556,28.0,20.0,25.9095647977094,26.0,-0.09043520229059965,0.0
2007-07-19,2007,10.0,24.24,0.24424090700863743,32.07371267483649,19.435425870915893,19.732777777777777,0.2973649122222222,32.0,22.0,29.395454892967226,29.0,0.39545489296722636,0.0
2007-07-20,2007,13.0,29.81,0.06776540985850821,31.97692975056367,19.420670468327046,19.731666666666666,0.3110421113888889,36.0,23.0,32.62549157898436,30.0,2.6254915789843594,0.0
2007-07-21,2007,11.0,29.15,0.08554477621059442,31.876902489774718,19.405493105503744,19.730555555555554,0.32529310388888893,36.0,25.0,33.15458597937487,30.0,3.154585979374872,0.0
2007-07-22,2007,7.0,26.31,0.17195545569294945,31.77365297662523,19.389903118433654,19.729999999999997,0.3401115180555555,33.0,26.0,31.195790387205054,28.0,3.1957903872050544,0.0
2007-07-23,2007,9.0,26.98,0.1480144581756615,31.66720404929443,19.373909912733815,19.729166666666664,0.35549071861111115,33.0,24.0,30.68890180988082,28.0,2.6889018098808215,0.0
2007-07-24,2007,6.0,20.69,0.34437303319976276,31.557579306075173,19.35752294689947,19.728888888888886,0.37142381999999996,30.0,24.0,28.4651531430181,27.0,1.4651531430180995,0.0
2007-07-25,2007,11.0,18.13,0.4234341383782334,31.44480311235193,19.340751716086167,18.72861111111111,0.6120963016666667,33.0,22.0,30.197177621858447,30.0,0.19717762185844734,0.0
2007-07-26,2007,10.0,28.06,0.10434137633193952,31.328900608452468,19.32360573646426,19.72833333333333,0.40492300444444446,33.0,23.0,30.46228195941437,29.0,1.4622819594143692,0.0
2007-07-27,2007,6.0,18.85,0.39602493509883285,31.20989771835128,19.30609453017975,19.72833333333333,0.422474175,26.0,20.0,24.483694626076066,22.0,2.4836946260760655,0.0
2007-07-28,2007,5.0,5.36,0.8275852150412047,31.08782115919448,19.288227610950976,19.72861111111111,0.44054944444444444,20.0,15.0,18.741801227545682,15.0,3.7418012275456825,0.0
2007-07-29,2007,11.0,27.18,0.12216953433565758,30.962698451608382,19.270014470325542,19.728888888888886,0.4591408563888889,26.0,15.0,23.244072904383167,23.0,0.24407290438316664,0.0
2007-07-30,2007,11.0,28.14,0.08738759727959533,30.83455793074642,19.251464564617677,19.729444444444443,0.47824027333333335,29.0,18.0,26.25643251174848,24.0,2.2564325117484785,0.0
2007-07-31,2007,12.0,28.12,0.08414137646911701,30.703428758021392,19.23258730254168,19.730277777777776,0.4978393888888889,32.0,20.0,29.020767210526703,26.0,3.020767210526703,0.0
2007-08-01,2007,12.0,24.59,0.19559927531569288,30.56934093346388,19.21339203355301,18.731111111111108,0.4820702647222222,33.0,21.0,30.034778499829073,30.0,0.03477849982907344,0.0
2007-08-02,2007,7.0,20.74,0.3184878319465293,30.432325308640362,19.19388803690468,18.73222222222222,0.46149730555555557,29.0,22.0,27.278610057870065,25.0,2.2786100578700648,0.0
2007-08-03,2007,10.0,20.31,0.32953510181966783,30.292413600058897,19.174084511422926,18.733611111111113,0.44045049388888885,30.0,20.0,27.552969857915492,27.0,0.5529698579154925,0.0
2007-08-04,2007,8.0,10.98,0.6358165277725825,30.149638402984543,19.153990566002633,18.735,0.41893872388888886,26.0,18.0,24.052218165809197,21.0,3.0522181658091974,0.0
2007-08-05,2007,9.0,24.58,0.18077680318565548,30.004033205581226,19.133615210819983,18.73638888888889,0.3969710138888889,28.0,19.0,25.819998099604987,27.0,-1.1800019003950126,0.0
2007-08-06,2007,11.0,27.47,0.07990560612038622,29.85563240329253,19.112967349256607,18.738333333333333,0.3745565013888889,32.0,21.0,29.349521805016956,29.0,0.3495218050169555,0.0
2007-08-07,2007,10.0,17.09,0.4246657407328356,29.704471313369194,19.092055770527203,18.740277777777777,0.35170443416666664,31.0,21.0,28.603364476245712,29.0,-0.3966355237542878,0.0
2007-08-08,2007,9.0,20.06,0.3211640584252433,29.550586189448097,19.070889142999874,18.742222222222225,0.3284241636111111,32.0,23.0,29.85479751750278,30.0,-0.14520248249721845,0.0
2007-08-09,2007,10.0,23.45,0.2022185261374445,29.394014236083958,19.049476008196507,18.744722222222222,0.30472513944444446,34.0,24.0,31.629701728898638,31.0,0.6297017288986382,0.0
2007-08-10,2007,12.0,26.53,0.09251967563035424,29.234793623132575,19.027824775458466,18.746944444444445,0.28061690222222224,36.0,24.0,33.171768448151916,32.0,1.1717684481519157,0.0
2007-08-11,2007,13.0,25.56,0.12083265952220679,29.072963499882892,19.005943717261424,18.749722222222225,0.25610907944444444,39.0,26.0,35.953779457124575,35.0,0.9537794571245755,0.0
2007-08-12,2007,16.0,5.71,0.8024806767207358,28.908564008833068,18.983840965161413,18.7525,0.23121137916666665,29.0,13.0,25.27285879153564,13.0,12.27285879153564,0.9629768120648823
2007-08-13,2007,9.0,21.47,0.2530000805576018,28.741636299005744,18.9615245063533,18.755555555555556,0.20593358527777778,23.0,14.0,20.916037594209854,21.0,-0.08396240579014602,0.0
2007-08-14,2007,12.0,27.13,0.050476386173437304,28.57222253869664,18.939002180821667,18.75861111111111,0.1802855538888889,27.0,15.0,24.23831733641871,24.0,0.2383173364187101,0.0
2007-08-15,2007,11.0,22.88,0.19437657745797365,28.400365927551512,18.916281679063353,18.761944444444445,0.15427720805555556,29.0,18.0,26.484154164971397,24.0,2.4841541649713967,0.0
2007-08-16,2007,8.0,14.32,0.4926683258558602,28.226110707867004,18.893370540360294,18.76527777777778,0.1279185336111111,28.0,20.0,26.181832938987483,24.0,2.1818329389874833,0.0
2007-08-17,2007,7.0,14.38,0.48733492985802795,28.049502175012147,18.87027615158083,18.76888888888889,0.1012195775,23.0,16.0,21.41930557804335,21.0,0.41930557804334967,0.0
2007-08-18,2007,7.0,17.05,0.3882439508159796,27.870586686869434,18.84700574648732,18.772777777777776,0.07419044166666668,24.0,17.0,22.429609753051977,22.0,0.42960975305197735,0.0
2007-08-19,2007,12.0,25.03,0.09604435455978544,27.689411672196282,18.82356640552789,18.776666666666667,0.04684128222222222,27.0,15.0,24.3257377162796,24.0,0.32573771627960113,0.0
2007-08-20,2007,11.0,24.91,0.0943802522397943,27.506025637810836,18.799965056089885,18.780555555555555,0.019182304722222224,29.0,18.0,26.565094492111676,25.0,1.565094492111676,0.0
2007-08-21,2007,8.0,9.48,0.6530075374432779,27.320478174508835,18.77620847319291,18.784722222222225,0.008776238333333334,24.0,16.0,22.24126876271189,16.0,6.24126876271189,0.0
2007-08-22,2007,9.0,24.54,0.09556028327648036,27.132819961622374,18.75230328059946,18.789166666666667,0.03702404833333334,23.0,14.0,21.03516829088297,20.0,1.0351682908829716,0.0
2007-08-23,2007,12.0,25.76,0.04391115530488365,26.943102770134832,18.728255952321405,18.79361111111111,0.06555078583333333,27.0,15.0,24.398698809438095,23.0,1.3986988094380948,0.0
2007-08-24,2007,12.0,24.6,0.080421253309367,26.75137946427115,18.70407281450104,18.798333333333336,0.09434607055555555,29.0,17.0,26.417322094862143,25.0,1.4173220948621434,0.0
2007-08-25,2007,10.0,20.28,0.2363797714266035,26.557704001486858,18.679760047645765,18.803055555555556,0.12339948472222222,29.0,19.0,26.86340831882857,26.0,0.8634083188285686,0.0
2007-08-26,2007,10.0,20.62,0.21781741912109787,26.3621314307847,18.655323689196173,18.80777777777778,0.15270057527777778,31.0,21.0,28.879165218318306,27.0,1.879165218318306,0.0
2007-08-27,2007,6.0,12.39,0.5264615482412527,26.164717889292564,18.630769636407578,18.81277777777778,0.182238855,26.0,20.0,24.73702138571615,23.0,1.737021385716151,0.0
2007-08-30,2007,10.0,19.16,0.2504501507655389,25.562009010566424,18.55645825038826,18.828611111111112,0.27217149416666664,31.0,21.0,28.943293963718276,27.0,1.9432939637182756,0.0
2007-08-31,2007,10.0,23.1,0.08903821336427031,25.357814497697586,18.53148970591467,18.833888888888886,0.3025530527777778,33.0,23.0,30.95958456405522,27.0,3.95958456405522,0.0
2007-09-01,2007,9.0,18.46,0.26606455202215895,25.15207577296,18.50643097103756,18.839444444444442,0.33311892583333336,33.0,24.0,31.17837470855071,30.0,1.1783747085507095,0.0
2007-09-02,2007,11.0,23.01,0.07756530558467067,24.944855326137237,18.48128717763528,18.845,0.3638584625,35.0,24.0,32.791697973616415,29.0,3.791697973616415,0.0
2007-09-03,2007,8.0,8.58,0.6531401661553886,24.736216658178208,18.456063344821757,18.850555555555555,0.3947609902777778,31.0,23.0,29.40721899299794,27.0,2.40721899299794,0.0
2007-09-04,2007,11.0,18.15,0.2599757791510692,24.526224262199054,18.430764383701472,18.85638888888889,0.4258158180555555,32.0,21.0,29.82824997781677,28.0,1.8282499778167711,0.0
2007-09-05,2007,11.0,16.17,0.3349768658979201,24.314943602425014,18.405395102289596,18.862222222222222,0.4570122358333333,26.0,15.0,23.84666604776154,15.0,8.846666047761541,0.0
2007-09-06,2007,6.0,16.06,0.3336774503744867,24.102441091069245,18.379960210584176,18.868055555555557,0.4883395180555556,22.0,16.0,20.835547726165487,19.0,1.835547726165487,0.0
2007-09-07,2007,11.0,23.45,0.01836778556798646,23.888784063151906,18.354464325778014,17.874166666666667,0.4802130763888889,25.0,14.0,22.883760850504345,24.0,-1.1162391494956552,0.0
2007-09-08,2007,12.0,21.74,0.08169457718492934,23.674040749270436,18.328911977598437,17.88,0.44865630055555555,28.0,16.0,25.711744698140766,24.0,1.711744698140766,0.0
2007-09-09,2007,8.0,13.47,0.4257891090672311,23.458280246337452,18.303307613763792,17.88611111111111,0.4170009202777778,27.0,19.0,25.488132904204022,24.0,1.4881329042040221,0.0
2007-09-10,2007,9.0,16.03,0.31028763180968566,23.241572486310403,18.277655605546048,17.892222222222223,0.38525770916666663,27.0,18.0,25.314551762270302,25.0,0.3145517622703018,0.0
2007-09-11,2007,11.0,21.9,0.0488181366770748,23.023988202942608,18.251960253429495,17.898333333333333,0.3534374508333334,29.0,18.0,26.958904089094254,27.0,-0.041095910905745825,0.0
2007-09-12,2007,10.0,22.17,0.027870300599186826,22.805598896592517,18.22622579285597,17.904444444444444,0.3215509336111111,32.0,22.0,30.16169857341879,29.0,1.1616985734187892,0.0
2007-09-13,2007,13.0,21.94,0.028622294789059866,22.586476797133827,18.200456400047564,17.910833333333333,0.2896089511111111,34.0,21.0,31.632696781871772,29.0,2.632696781871772,0.0
2007-09-14,2007,9.0,17.48,0.21848086466266203,22.366694825015212,18.17465619789818,17.916944444444447,0.2576222994444445,29.0,20.0,27.376716767533303,26.0,1.3767167675333027,0.0
2007-09-15,2007,6.0,14.07,0.3646801889288215,22.146326550524737,18.148829261925783,17.923055555555557,0.22560177555555555,21.0,15.0,19.9282552360877,19.0,0.9282552360877006,0.0
2007-09-16,2007,14.0,22.07,0.0,21.92544615131926,18.1229796262774,17.929166666666667,0.19355817583333335,26.0,12.0,23.52370048482492,23.0,0.5237004848249214,0.0
2007-09-17,2007,13.0,19.64,0.09510302985958785,21.70412836828537,18.09711128977951,17.935555555555556,0.1615022938888889,25.0,12.0,22.723331421844502,24.0,-1.2766685781554976,0.0
2007-09-18,2007,13.0,20.31,0.05457704050805845,21.482448459802942,18.07122822202643,17.941666666666666,0.12944491916666667,27.0,14.0,24.7461393530446,25.0,-0.253860646955399,0.0
2007-09-19,2007,12.0,18.76,0.11761173318266216,21.260482154488447,18.045334369499844,17.947777777777777,0.09739683472222221,30.0,18.0,27.94061408024517,25.0,2.940614080245169,0.0
2007-09-20,2007,11.0,17.08,0.18814754749209117,21.038305602499378,18.01943366171265,17.953888888888887,0.06536881555555556,31.0,20.0,29.131611799948026,26.0,3.1316117999480255,0.0
2007-09-21,2007,7.0,12.33,0.4076670460766394,20.815995325486018,17.993530017370485,17.96,0.0333716275,23.0,16.0,21.823382837471097,20.0,1.8233828374710974,0.0
2007-09-22,2007,9.0,14.55,0.2934707821650573,20.593628165281523,17.967627350544504,17.96611111111111,0.0014160233333333334,21.0,12.0,19.50312081780118,19.0,0.5031208178011788,0.0
2007-09-23,2007,7.0,4.88,0.7604470752447258,20.37128123142465,17.941729576848914,17.971944444444443,0.03048725638888889,17.0,10.0,15.848156706257203,11.0,4.848156706257203,0.0
2007-09-24,2007,6.0,10.45,0.481364659154217,20.14903184761434,17.915840619616947,17.978055555555553,0.06232748694444444,12.0,6.0,11.023344544389328,9.0,2.023344544389328,0.0
2007-09-25,2007,10.0,18.91,0.05103425835785225,19.92695749719794,17.889964416068796,17.983888888888888,0.09409396027777778,15.0,5.0,13.3899913923142,12.0,1.3899913923142009,0.0
2007-09-26,2007,10.0,18.42,0.06521831582095039,19.705135767799025,17.864104923465167,17.989722222222223,0.12577598805555557,17.0,7.0,15.407757484307828,15.0,0.40775748430782777,0.0
2007-09-27,2007,11.0,17.69,0.0920589735686923,19.483644295192974,17.838266125239773,17.995555555555555,0.1573629013888889,20.0,9.0,18.268089132222798,17.0,1.2680891322227978,0.0
2007-09-28,2007,12.0,18.72,0.028166592947201585,19.262560706541926,17.8124520371042,18.00111111111111,0.18884405444444446,21.0,9.0,19.131986392824366,16.0,3.1319863928243663,0.0
2007-09-29,2007,9.0,17.99,0.055244440252229965,19.041962563102516,17.78666671311818,18.006666666666668,0.22020882638888886,21.0,12.0,19.6150017071508,17.0,2.6150017071507996,0.0
2007-09-30,2007,8.0,14.29,0.2407791311527837,18.821927302522138,17.760914251718223,18.01222222222222,0.2514466202777778,19.0,11.0,17.78312385149272,17.0,0.7831238514927215,0.0
2008-05-01,2008,7.0,17.56,0.39600136134312747,29.07291320895793,19.005936936675834,18.88222222222222,0.12363601027777778,14.0,7.0,12.359730356374396,11.0,1.3597303563743957,0.0
2008-05-02,2008,12.0,21.46,0.2659419249868936,29.234744130587814,19.027818064467443,18.884166666666665,0.14362532305555556,15.0,3.0,12.171773452484166,13.0,-0.8282265475158344,0.0
2008-05-03,2008,12.0,23.51,0.20017596956435846,29.393965554141666,19.04946936932894,18.885833333333334,0.16354547583333334,21.0,9.0,18.155647013712613,19.0,-0.8443529862873866,0.0
2008-05-04,2008,13.0,22.83,0.22742524196920266,29.550538330026466,19.070882578827508,18.88722222222222,0.18338924888888888,25.0,12.0,21.901379470141435,20.0,1.9013794701414355,0.0
2008-05-05,2008,6.0,13.16,0.5569683535230802,29.704424288086567,19.09204928366328,18.88888888888889,0.20314906638888888,19.0,13.0,17.5620210876222,18.0,-0.43797891237780107,0.0
2008-05-06,2008,6.0,12.99,0.564905545556245,29.85558622347191,19.11296094235434,18.89,0.2228169988888889,17.0,11.0,15.554286987785796,14.0,1.5542869877857957,0.0
2008-05-07,2008,9.0,22.44,0.25209941798197566,30.00398788225465,19.1336088865708,18.891111111111112,0.24238476805555553,20.0,11.0,17.820001596196228,18.0,-0.17999840380377208,0.0
2008-05-08,2008,14.0,27.18,0.0984953214337787,30.149593946897586,19.153984327134236,18.891944444444444,0.26184375277777777,26.0,12.0,22.591387143880663,23.0,-0.40861285611933695,0.0
2008-05-09,2008,14.0,27.47,0.09317098727025075,30.292370021675225,19.17407836069709,18.892777777777777,0.28118499722222223,29.0,15.0,25.57416306747823,26.0,-0.4258369325217686,0.0
2008-05-10,2008,11.0,28.69,0.05725113163569384,30.43228261814612,19.193881977114923,18.893333333333334,0.3003992161111111,31.0,20.0,28.294962730149294,28.0,0.29496273014929386,0.0
2008-05-11,2008,11.0,22.35,0.268874307615694,30.569299140772138,19.213386067521952,18.89388888888889,0.3194768061111111,31.0,20.0,28.281884287690033,28.0,0.2818842876900334,0.0
2008-05-12,2008,9.0,19.81,0.3547943281671272,30.703387872776432,19.23258143311824,18.894166666666667,0.3384078538888889,31.0,22.0,28.76557861768058,28.0,0.7655786176805783,0.0
2008-05-13,2008,10.0,18.87,0.38802351238133836,30.83451796232797,19.25145879467404,18.894166666666667,0.35718214750000005,32.0,22.0,29.505851236545183,29.0,0.5058512365451833,0.0
2008-05-14,2008,11.0,27.95,0.09729976257293793,30.96265940913564,19.27000880275388,18.894166666666667,0.3757891872222222,34.0,23.0,31.244076676700406,31.0,0.24407667670040567,0.0
2008-05-15,2008,9.0,21.28,0.3154867310825278,31.087783051530014,19.288222048659975,18.89388888888889,0.3942181991666666,32.0,23.0,29.735245232492492,30.0,-0.26475476750750815,0.0
2008-05-16,2008,10.0,27.98,0.1034884647595774,31.2098605541048,19.306089076090895,18.89361111111111,0.4124581494444444,32.0,22.0,29.472827663615593,30.0,-0.5271723363844067,0.0
2008-05-17,2008,15.0,22.17,0.29234587887450736,31.328864395984294,19.323600393507927,18.893055555555556,0.4304977572222223,30.0,15.0,26.193427759342114,26.0,0.1934277593421143,0.058469175774901266
2008-05-18,2008,10.0,24.86,0.2094074247626877,31.44476785977628,19.340746487197485,18.892222222222223,0.44832551055555553,25.0,15.0,22.45198279500267,24.0,-1.548017204997329,0.0
2008-05-19,2008,11.0,28.53,0.09593727963386567,31.557545021263238,19.357517835013972,18.891388888888887,0.46592968472222224,29.0,18.0,26.186117464492064,26.0,0.1861174644920638,0.0
2008-05-20,2008,8.0,18.89,0.403483179625751,31.667170739877196,19.373904920782916,18.890555555555554,0.4832983577777778,28.0,20.0,25.945692885875395,25.0,0.9456928858753955,0.0
2008-05-21,2008,11.0,26.21,0.17510187810455669,31.77362064999603,19.3898982493399,19.889444444444443,0.4995805705555556,29.0,18.0,26.16481666272595,26.0,0.16481666272595064,0.0
2008-05-22,2008,11.0,29.82,0.06452550324695161,31.87687115309146,19.405488362175912,19.888055555555557,0.48271936027777773,31.0,20.0,28.154589088360783,27.0,1.1545890883607832,0.0
2008-05-23,2008,9.0,22.55,0.29480342323563546,31.97689941075096,19.420665853655056,19.886666666666667,0.46613040916666665,31.0,22.0,28.663804332790797,26.0,2.6638043327907965,0.0
2008-05-24,2008,9.0,15.68,0.5111256841169948,32.07368333858728,19.435421387765565,19.884999999999998,0.4498262347222222,27.0,18.0,24.655911799612284,21.0,3.6559117996122836,0.0
2008-05-25,2008,8.0,18.01,0.4401129379119937,32.16720160104197,19.449745715360166,19.883333333333333,0.4338194511111111,23.0,15.0,20.909566860203782,19.0,1.9095668602037819,0.0
2008-05-26,2008,13.0,28.77,0.10811255630438199,32.25743360708034,19.463629691836744,19.881666666666668,0.4181227469444444,26.0,13.0,22.592354520719333,22.0,0.5923545207193328,0.0
2008-05-27,2008,12.0,28.67,0.11360124494037283,32.34435950676781,19.477064295205487,19.879722222222224,0.4027488636111111,29.0,17.0,25.844946380484746,24.0,1.8449463804847461,0.0
2008-05-28,2008,12.0,30.68,0.05390287204428856,32.42796018870928,19.490040644483663,19.8775,0.3877105708333333,31.0,19.0,27.83575094912908,27.0,0.8357509491290784,0.0
2008-05-29,2008,13.0,26.23,0.19312708613251994,32.50821727832592,19.502550018354576,19.875555555555557,0.37302064388888884,34.0,21.0,30.562474465888734,29.0,1.5624744658887337,0.0
2008-05-30,2008,9.0,27.65,0.15145299990816585,32.58511313693593,19.514583874022723,19.873055555555556,0.35869183861111115,34.0,25.0,31.613797487122977,30.0,1.6137974871229765,0.0
2008-05-31,2008,12.0,28.41,0.1300921303040521,32.658630861599086,19.526133866192886,19.870833333333334,0.34473686777777773,36.0,24.0,32.810246853638645,31.0,1.8102468536386453,0.0
2008-06-01,2008,12.0,24.42,0.25386711064998047,32.72875428567832,19.53719186609701,19.868333333333332,0.33116837583333336,39.0,27.0,35.80245446878672,31.0,4.8024544687867206,0.0
2008-06-02,2008,7.0,24.52,0.2523357186150107,32.79546798006537,19.54774998048912,19.865555555555556,0.31799891444444445,33.0,26.0,31.130430496220196,29.0,2.130430496220196,0.0
2008-06-03,2008,5.0,13.3,0.5952372788544432,32.858757255012094,19.55780057052538,19.86277777777778,0.30524091694444444,28.0,23.0,26.66164943256046,26.0,0.6616494325604592,0.0
2008-06-04,2008,6.0,13.99,0.575012408454887,32.9186081625043,19.56733627044394,19.860000000000003,0.29290667444444446,29.0,23.0,27.390631586531413,26.0,1.3906315865314127,0.0
2008-06-05,2008,13.0,31.62,0.04109195423676959,32.97500749911059,19.576350005956854,19.857222222222223,0.2810083102777778,34.0,21.0,30.506186151597106,29.0,1.506186151597106,0.0
2008-06-06,2008,14.0,28.83,0.127102763665367,33.02794280923552,19.58483501226523,19.854166666666668,0.26955775527777776,38.0,24.0,34.230495201761386,33.0,1.2304952017613857,0.0
2008-06-07,2008,10.0,23.86,0.27866161557630176,33.077402388703554,19.592784851607632,19.851111111111113,0.258566725,33.0,23.0,30.30285920459995,27.0,3.302859204599951,0.0
2008-06-08,2008,13.0,20.19,0.3904606694188695,33.12337528859868,19.600193430251807,19.848055555555554,0.248046695,34.0,21.0,30.488103896279675,25.0,5.488103896279675,0.0
2008-06-09,2008,13.0,29.5,0.11053089769934532,33.16585131928341,19.607055014840363,19.845,0.23800887694444445,34.0,21.0,30.482909604469867,31.0,-0.5170903955301327,0.0
2008-06-10,2008,13.0,28.3,0.1477141239962546,33.204821054520956,19.61336424800236,19.841666666666665,0.22846419666666665,38.0,25.0,34.47813714064706,31.0,3.478137140647057,0.0
2008-06-11,2008,14.0,11.6,0.65102575991359,33.24027583562532,19.61911616314477,19.83833333333333,0.21942327305555553,29.0,15.0,25.2025423537827,21.0,4.2025423537827,0.0
2008-06-12,2008,13.0,28.46,0.14463145361514818,33.272207775565235,19.62430619834084,19.834999999999997,0.21089639500000001,29.0,16.0,25.46986875842169,25.0,0.46986875842168985,0.0
2008-06-13,2008,8.0,30.98,0.06968670482223016,33.30060976295105,19.628930209235804,19.831666666666667,0.20289350333333334,29.0,21.0,26.825463249806056,26.0,0.8254632498060559,0.0
2008-06-14,2008,12.0,30.49,0.0850843214148106,33.325475465836625,19.632984480895,19.828333333333333,0.19542416972222224,30.0,18.0,26.735370923910928,27.0,-0.26462907608907216,0.0
2008-06-15,2008,13.0,26.77,0.19722430537182,33.34679933527261,19.63646573852433,19.82472222222222,0.18849757944444442,34.0,21.0,30.460692772126094,28.0,2.4606927721260945,0.0
2008-06-16,2008,6.0,11.53,0.6544239078686686,33.36457660855248,19.639371156999037,19.82138888888889,0.18212251444444444,29.0,23.0,27.365462550431808,27.0,0.36546255043180764,0.0
2008-06-17,2008,12.0,19.73,0.40890631052525905,33.37880331209849,19.64169836914314,19.817777777777778,0.1763073363888889,31.0,19.0,27.72930593884282,19.0,8.72930593884282,0.0
2008-06-18,2008,9.0,21.46,0.35728252128422866,33.38947626394061,19.643445472708866,19.814444444444444,0.17105997305555556,26.0,17.0,23.54606801017347,23.0,0.546068010173471,0.0
2008-06-19,2008,9.0,27.12,0.187941119069017,33.39659307574882,19.644611036013124,19.810833333333335,0.166387905,26.0,17.0,23.54546005350403,23.0,0.5454600535040299,0.0
2008-06-20,2008,5.0,7.24,0.783234520413728,33.40015215438629,19.645194102196037,19.307222222222222,0.33770184722222224,21.0,16.0,19.636197754503506,19.0,0.636197754503506,0.0
2008-06-21,2008,12.0,29.95,0.10329751284799127,33.40015270295875,19.645194192074904,19.30388888888889,0.34120273305555554,29.0,17.0,25.726874548309368,27.0,-1.2731254516906318,0.0
2008-06-22,2008,13.0,29.31,0.12236561108823718,33.39659472134338,19.64461130557584,19.30027777777778,0.34410868166666664,34.0,21.0,30.454553207536733,30.0,0.45455320753673334,0.0
2008-06-23,2008,11.0,20.29,0.39232355209138825,33.38947900618884,19.64344592173397,19.296944444444446,0.3464141088888889,33.0,22.0,30.000749503934404,30.0,0.0007495039344043164,0.0
2008-06-24,2008,10.0,23.57,0.29386332190343134,33.37880715038662,19.641698997262278,19.293333333333337,0.34811392444444444,34.0,24.0,31.27442125157312,31.0,0.2744212515731199,0.0
2008-06-25,2008,9.0,27.46,0.17697154494760003,33.364581542021774,19.639371963698046,19.290000000000003,0.34920353555555556,33.0,24.0,30.5481934046433,30.0,0.5481934046432997,0.0
2008-06-26,2008,7.0,14.18,0.5747718605809837,33.34680536281995,19.63646672314477,19.28666666666667,0.3496788522222222,27.0,20.0,25.094218785186023,25.0,0.09421878518602256,0.0
2008-06-27,2008,8.0,19.86,0.40405964268692995,33.32548258611522,19.632985642636104,19.283333333333335,0.3495362875,29.0,21.0,26.823580076605516,27.0,-0.17641992339448365,0.0
2008-06-28,2008,8.0,24.01,0.2789923592865887,33.30061797437121,19.628931547156824,19.279999999999998,0.34877276,30.0,22.0,27.825462628383374,28.0,-0.1745373716166263,0.0
2008-06-29,2008,12.0,27.16,0.18370333008707052,33.27221707629535,19.62430771136379,19.276666666666667,0.3473856908333333,31.0,19.0,27.74141626076431,26.0,1.7414162607643107,0.0
2008-06-30,2008,7.0,21.52,0.35259281898945405,33.24028622359295,19.619117850057584,19.27361111111111,0.3453730033333334,28.0,21.0,26.101270490520648,26.0,0.10127049052064763,0.0
2008-07-01,2008,6.0,13.44,0.5952396390223038,33.204832527413906,19.613366107462333,19.270555555555553,0.34273312027777775,27.0,21.0,25.37452418521191,22.0,3.3745241852119108,0.0
2008-07-02,2008,10.0,27.56,0.1690251125601615,33.16586387455097,19.60705704537799,19.2675,0.33946495666666665,31.0,21.0,28.294544667654414,29.0,-0.7054553323455863,0.0
2008-07-03,2008,11.0,30.07,0.09218226222290116,33.12338892345287,19.600195630274914,19.264444444444443,0.3355679177777778,35.0,24.0,32.02839419475795,30.0,2.0283941947579507,0.0
2008-07-04,2008,8.0,28.57,0.1362687142855531,33.07741710012037,19.59278721940581,19.261666666666667,0.33104188944444446,34.0,26.0,31.842286259231486,31.0,0.8422862592314857,0.0
2008-07-05,2008,7.0,21.5,0.34903636448380837,33.02795859395624,19.584837546014512,19.25888888888889,0.32588723138888886,32.0,25.0,30.115246565793093,31.0,-0.8847534342069068,0.0
2008-07-06,2008,9.0,24.36,0.2612590747849223,32.975024353643065,19.57635270372465,19.25611111111111,0.32010476861111115,34.0,25.0,31.58120437887502,29.0,2.5812043788750216,0.0
2008-07-07,2008,5.0,19.46,0.4088453159964577,32.91862608312411,19.567339130194185,19.253611111111113,0.31369578305555557,27.0,22.0,25.65885881925676,25.0,0.6588588192567606,0.0
2008-07-08,2008,8.0,24.65,0.24981990133672693,32.85877623776372,19.557803590123868,19.25111111111111,0.30666200055555554,27.0,19.0,24.858637677841042,25.0,-0.14136232215895816,0.0
2008-07-09,2008,10.0,21.37,0.3483859735073811,32.795488020763266,19.547753157708968,19.248611111111114,0.29900558222222223,30.0,20.0,27.329184560889477,28.0,-0.6708154391105232,0.0
2008-07-10,2008,11.0,30.73,0.061070888131514844,32.72877537990783,19.537195198624303,19.24638888888889,0.2907291116666667,32.0,21.0,29.068914445096617,29.0,0.06891444509661682,0.0
2008-07-11,2008,10.0,29.45,0.09824817343978687,32.65865300471728,19.526137351632375,19.24416666666667,0.2818355838888889,33.0,23.0,30.341870329939923,30.0,0.3418703299399226,0.0
2008-07-12,2008,11.0,28.03,0.13979184493106267,32.585136324072245,19.514587509903635,19.242222222222225,0.2723283908333333,35.0,24.0,32.08352790873769,32.0,0.08352790873769322,0.0
2008-07-13,2008,13.0,28.13,0.13468097017159064,32.50824150438262,19.502553802136447,19.240277777777777,0.2622113102777778,37.0,24.0,33.56247156753417,31.0,2.5624715675341676,0.0
2008-07-14,2008,5.0,18.51,0.4291967341148809,32.427985448361746,19.4900445735622,19.238333333333333,0.25148849194444445,32.0,27.0,30.681561736232347,30.0,0.6815617362323465,0.0
2008-07-15,2008,10.0,17.66,0.45400107109091214,32.34438579446462,19.477068366918438,19.236666666666668,0.24016444388888888,34.0,24.0,31.370786244150178,31.0,0.37078624415017813,0.0
2008-07-16,2008,10.0,27.29,0.153994169901282,32.2574609170431,19.46363390346974,19.235277777777778,0.22824401833333333,35.0,25.0,32.37873175389791,30.0,2.3787317538979096,0.0
2008-07-17,2008,8.0,21.48,0.3322396722201557,32.16722992726486,19.449750064152493,19.233888888888888,0.21573239944444442,32.0,24.0,29.9095647977094,31.0,-1.0904352022905996,0.0
2008-07-18,2008,9.0,28.28,0.1182810581767435,32.07371267483649,19.435425870915893,19.232777777777777,0.20263508777777778,34.0,25.0,31.655909403670506,28.0,3.655909403670506,0.0
2008-07-19,2008,7.0,17.2,0.4621122123303033,31.97692975056367,19.420670468327046,19.231666666666666,0.1889578886111111,31.0,24.0,29.182957004068502,26.0,3.182957004068502,0.0
2008-07-20,2008,6.0,16.57,0.48018788822674263,31.876902489774718,19.405493105503744,19.230555555555554,0.17470689611111112,26.0,20.0,24.447955988749932,24.0,0.44795598874993203,0.0
2008-07-21,2008,11.0,23.96,0.2459161048423818,31.77365297662523,19.389903118433654,19.229999999999997,0.15988848194444444,31.0,20.0,28.164813465607942,29.0,-0.8351865343920579,0.0
2008-07-22,2008,9.0,17.44,0.4492725037280777,31.66720404929443,19.373909912733815,19.229166666666664,0.1445092813888889,33.0,24.0,30.68890180988082,30.0,0.6889018098808215,0.0
2008-07-23,2008,9.0,25.4,0.19512204172421344,31.557579306075173,19.35752294689947,19.228888888888886,0.12857618,34.0,25.0,31.697729714527153,32.0,-0.3022702854728472,0.0
2008-07-24,2008,9.0,10.4,0.6692617230630793,31.44480311235193,19.340751716086167,19.22861111111111,0.11209630166666668,29.0,20.0,26.706781690611457,24.0,2.7067816906114572,0.0
2008-07-25,2008,10.0,17.08,0.4548164899411806,31.328900608452468,19.32360573646426,19.22833333333333,0.09507699555555554,27.0,17.0,24.46228195941437,18.0,6.462281959414369,0.0
2008-07-26,2008,8.0,27.95,0.10445076583620061,31.20989771835128,19.30609453017975,19.22833333333333,0.07752582499999999,26.0,18.0,23.978259501434753,23.0,0.9782595014347528,0.0
2008-07-27,2008,11.0,28.6,0.08002558771986135,31.08782115919448,19.288227610950976,19.22861111111111,0.059450555555555555,29.0,18.0,26.231962700600498,26.0,0.23196270060049784,0.0
2008-07-28,2008,9.0,19.06,0.38442057852971434,30.962698451608382,19.270014470325542,19.228888888888886,0.040859143611111114,31.0,22.0,28.745150558131684,28.0,0.7451505581316837,0.0
2008-07-29,2008,7.0,14.08,0.5433694871960448,30.83455793074642,19.251464564617677,19.229444444444443,0.021759726666666666,28.0,21.0,26.254093416567216,25.0,1.2540934165672155,0.0
2008-07-30,2008,8.0,21.86,0.2880274000574288,30.703428758021392,19.23258730254168,19.230277777777776,0.002160611111111111,32.0,24.0,30.0138448070178,30.0,0.013844807017800775,0.0
2008-07-31,2008,10.0,27.73,0.09288198066304032,30.56934093346388,19.21339203355301,19.231111111111108,0.01792973527777778,35.0,25.0,32.5289820831909,32.0,0.5289820831908969,0.0
2008-08-01,2008,11.0,28.32,0.06941057862708344,30.432325308640362,19.19388803690468,19.23222222222222,0.038502694444444444,38.0,27.0,35.29495866236724,34.0,1.294958662367243,0.0
2008-08-02,2008,10.0,26.52,0.12453327918550416,30.292413600058897,19.174084511422926,19.233611111111113,0.05954950611111111,39.0,29.0,36.55296985791549,35.0,1.5529698579154925,0.0
2008-08-03,2008,11.0,26.43,0.12337257094985032,30.149638402984543,19.153990566002633,19.235,0.08106127611111112,36.0,25.0,33.321799977987645,31.0,2.321799977987645,0.0
2008-08-04,2008,16.0,19.38,0.3540868366858423,30.004033205581226,19.133615210819983,19.23638888888889,0.10302898611111112,33.0,17.0,29.12444106596442,24.0,5.124441065964419,0.4249042040230105
2008-08-05,2008,7.0,6.02,0.798363005054413,29.85563240329253,19.112967349256607,19.238333333333333,0.1254434986111111,22.0,15.0,20.313332057738062,20.0,0.3133320577380623,0.0
2008-08-06,2008,11.0,28.26,0.048628076834987266,29.704471313369194,19.092055770527203,19.240277777777777,0.14829556583333334,28.0,17.0,25.363700923870283,24.0,1.363700923870283,0.0
2008-08-07,2008,13.0,26.16,0.11473837330031733,29.550586189448097,19.070889142999874,19.242222222222225,0.17157583638888887,33.0,20.0,29.90137419194846,28.0,1.9013741919484595,0.0
2008-08-08,2008,10.0,17.03,0.4206303411565321,29.394014236083958,19.049476008196507,19.244722222222222,0.19527486055555557,31.0,21.0,28.629701728898638,29.0,-0.3702982711013618,0.0
2008-08-09,2008,11.0,22.85,0.21839708210153008,29.234793623132575,19.027824775458466,19.246944444444445,0.21938309777777776,36.0,25.0,33.407454410805926,31.0,2.4074544108059257,0.0
2008-08-10,2008,12.0,26.5,0.08850021429336763,29.072963499882892,19.005943717261424,19.249722222222225,0.24389092055555553,39.0,27.0,36.18810411426884,34.0,2.188104114268839,0.0
2008-08-11,2008,8.0,23.0,0.2043880148120707,28.908564008833068,18.983840965161413,19.2525,0.2687886208333333,31.0,23.0,29.13642939576782,25.0,4.13642939576782,0.0
2008-08-12,2008,8.0,21.35,0.2571752081930506,28.741636299005744,18.9615245063533,19.255555555555556,0.2940664147222222,28.0,20.0,26.14758897263098,25.0,1.147588972630981,0.0
2008-08-13,2008,6.0,15.14,0.4701147249047489,28.57222253869664,18.939002180821667,19.25861111111111,0.3197144461111111,27.0,21.0,25.619158668209355,25.0,0.6191586682093551,0.0
2008-08-14,2008,8.0,14.09,0.5038796318349148,28.400365927551512,18.916281679063353,19.261944444444445,0.34572279194444444,28.0,20.0,26.170293938161016,24.0,2.1702939381610165,0.0
2008-08-15,2008,13.0,25.23,0.1061467780267703,28.226110707867004,18.893370540360294,19.26527777777778,0.3720814663888889,32.0,19.0,29.04547852585466,28.0,1.0454785258546586,0.0
2008-08-16,2008,9.0,18.25,0.3493645667530605,28.049502175012147,18.87027615158083,19.26888888888889,0.3987804225,32.0,23.0,29.96767860034145,23.0,6.967678600341451,0.0
2008-08-17,2008,7.0,14.08,0.49480790777061545,27.870586686869434,18.84700574648732,19.272777777777776,0.42580955833333334,28.0,21.0,26.429609753051977,26.0,0.42960975305197735,0.0
2008-08-18,2008,9.0,13.05,0.5287007122255374,27.689411672196282,18.82356640552789,19.276666666666667,0.4531587177777778,28.0,19.0,25.9943032872097,25.0,0.9943032872097,0.0
2008-08-19,2008,6.0,7.41,0.7306044829023234,27.506025637810836,18.799965056089885,19.280555555555555,0.48081769527777773,21.0,15.0,19.671869722970005,19.0,0.6718697229700048,0.0
2008-08-20,2008,12.0,25.62,0.062241889166327,27.320478174508835,18.77620847319291,18.284722222222225,0.49122376166666665,28.0,16.0,25.36190314406783,26.0,-0.6380968559321687,0.0
2008-08-21,2008,12.0,25.48,0.06091589314933654,27.132819961622374,18.75230328059946,18.289166666666667,0.46297595166666666,31.0,19.0,28.380224387843963,29.0,-0.6197756121560367,0.0
2008-08-22,2008,9.0,22.83,0.1526588383389168,26.943102770134832,18.728255952321405,18.29361111111111,0.43444921416666665,30.0,21.0,28.049024107078573,28.0,0.049024107078572854,0.0
2008-08-23,2008,10.0,17.2,0.35704250231386636,26.75137946427115,18.70407281450104,18.298333333333336,0.4056539294444444,32.0,22.0,29.84776841238512,28.0,1.8477684123851184,0.0
2008-08-24,2008,9.0,21.59,0.18705321820021548,26.557704001486858,18.679760047645765,18.303055555555556,0.37660051527777777,31.0,22.0,29.07706748694571,29.0,0.07706748694571175,0.0
2008-08-25,2008,9.0,20.09,0.23792201504087573,26.3621314307847,18.655323689196173,18.30777777777778,0.34729942472222225,29.0,20.0,27.091248696486474,29.0,-1.908751303513526,0.0
2008-08-26,2008,15.0,19.47,0.2558681472362543,26.164717889292564,18.630769636407578,18.31277777777778,0.31776114499999997,34.0,19.0,30.842553464290376,20.0,10.842553464290376,0.05117362944725067
2008-08-27,2008,5.0,8.25,0.6822709573964915,25.965520597042516,18.606103649525917,18.318055555555556,0.28799619472222227,20.0,15.0,18.955508081832452,18.0,0.955508081832452,0.0
2008-08-28,2008,10.0,24.79,0.03782701579795389,25.764597849895942,18.581331355239435,18.323055555555555,0.2580151230555555,23.0,13.0,20.92710338930532,21.0,-0.07289661069468067,0.0
2008-08-29,2008,14.0,24.37,0.0466320550185898,25.562009010566424,18.55645825038826,18.328611111111112,0.22782850583333333,28.0,14.0,25.120611549205588,25.0,0.12061154920558792,0.0
2008-08-30,2008,14.0,22.0,0.1324173460612098,25.357814497697586,18.53148970591467,18.333888888888886,0.1974469472222222,31.0,17.0,28.143418389677308,27.0,1.1434183896773078,0.0
2008-08-31,2008,5.0,11.25,0.55272081312293,25.15207577296,18.50643097103756,18.339444444444442,0.16688107416666667,25.0,20.0,23.987985949194837,24.0,-0.012014050805163379,0.0
2008-09-01,2008,10.0,22.38,0.10282101429747648,24.944855326137237,18.48128717763528,18.345,0.1361415375,28.0,18.0,25.99245270328765,26.0,-0.007547296712349549,0.0
2008-09-02,2008,9.0,22.61,0.08595561267754526,24.736216658178208,18.456063344821757,18.350555555555555,0.10523900972222222,29.0,20.0,27.208121367122683,27.0,0.2081213671226827,0.0
2008-09-03,2008,10.0,20.16,0.17802268361903872,24.526224262199054,18.430764383701472,18.35638888888889,0.07418418194444446,30.0,20.0,28.02568179801525,27.0,1.025681798015249,0.0
2008-09-04,2008,7.0,13.86,0.4299801707696458,24.314943602425014,18.405395102289596,18.362222222222222,0.04298776416666667,25.0,18.0,23.629696575848254,23.0,0.6296965758482536,0.0
2008-09-05,2008,10.0,22.06,0.08474000966757012,24.102441091069245,18.379960210584176,18.368055555555557,0.011660481944444445,28.0,18.0,26.059246210275813,24.0,2.0592462102758127,0.0
2008-09-06,2008,10.0,15.39,0.3557646149207382,23.888784063151906,18.354464325778014,18.374166666666667,0.01978692361111111,22.0,12.0,20.076146227731225,13.0,7.0761462277312255,0.0
2008-09-07,2008,6.0,17.23,0.27219860004122964,23.674040749270436,18.328911977598437,18.38,0.051343699444444446,18.0,12.0,16.85587234907038,16.0,0.8558723490703812,0.0
2008-09-08,2008,8.0,18.01,0.23225403521164312,23.458280246337452,18.303307613763792,18.38611111111111,0.08299907972222223,20.0,12.0,18.488132904204022,18.0,0.4881329042040221,0.0
2008-09-09,2008,12.0,21.74,0.0646071812565544,23.241572486310403,18.277655605546048,18.392222222222223,0.11474229083333333,25.0,13.0,22.75273568302707,22.0,0.7527356830270691,0.0
2008-09-10,2008,12.0,21.99,0.044909170115473684,23.023988202942608,18.251960253429495,18.398333333333333,0.14656254916666667,29.0,17.0,26.77334991537555,24.0,2.773349915375551,0.0
2008-09-11,2008,13.0,20.83,0.08662780160040884,22.805598896592517,18.22622579285597,18.404444444444444,0.1784490663888889,31.0,18.0,28.610208145444425,25.0,3.6102081454444246,0.0
2008-09-12,2008,10.0,15.59,0.30976397337107764,22.586476797133827,18.200456400047564,18.410833333333333,0.2103910488888889,30.0,20.0,28.178997524516745,27.0,1.1789975245167454,0.0
2008-09-13,2008,8.0,18.06,0.19254945170524473,22.366694825015212,18.17465619789818,18.416944444444447,0.24237770055555555,29.0,21.0,27.557081571140714,26.0,1.5570815711407135,0.0
2008-09-14,2008,10.0,17.6,0.20528580846817757,22.146326550524737,18.148829261925783,18.423055555555557,0.27439822444444445,30.0,20.0,28.213758726812834,25.0,3.2137587268128343,0.0
2008-09-15,2008,12.0,18.57,0.15303889955814476,21.92544615131926,18.1229796262774,18.429166666666667,0.3064418241666667,32.0,20.0,29.87745755842136,26.0,3.8774575584213586,0.0
2008-09-16,2008,7.0,20.35,0.06239035935043846,21.70412836828537,18.09711128977951,18.435555555555556,0.33849770611111113,27.0,20.0,25.774101534839346,24.0,1.774101534839346,0.0
2008-09-17,2008,12.0,20.04,0.0671454402649676,21.482448459802942,18.07122822202643,18.441666666666666,0.3705550808333334,32.0,20.0,29.919513248964247,27.0,2.919513248964247,0.0
2008-09-18,2008,8.0,18.63,0.12372636402947745,21.260482154488447,18.045334369499844,18.447777777777777,0.40260316527777773,25.0,17.0,23.62707605349678,20.0,3.627076053496779,0.0
2008-09-19,2008,8.0,14.56,0.3079290568785038,21.038305602499378,18.01943366171265,18.453888888888887,0.43463118444444443,21.0,13.0,19.641172218144018,18.0,1.6411722181440176,0.0
2008-09-20,2008,8.0,5.41,0.7401037079703665,20.815995325486018,17.993530017370485,18.46,0.4666283725,16.0,8.0,14.655294671395538,9.0,5.655294671395538,0.0
2008-09-21,2008,8.0,11.08,0.4619695028445935,20.593628165281523,17.967627350544504,18.46611111111111,0.49858397666666665,15.0,7.0,13.669440726934383,13.0,0.6694407269343827,0.0
2008-09-22,2008,8.0,11.99,0.4114263180705454,20.37128123142465,17.941729576848914,17.471944444444443,0.4695127436111111,15.0,7.0,13.683607664293946,13.0,0.6836076642939464,0.0
2008-09-23,2008,6.0,12.21,0.3940155491170324,20.14903184761434,17.915840619616947,17.478055555555553,0.4376725130555556,13.0,7.0,12.023344544389328,13.0,-0.9766554556106719,0.0
2008-09-24,2008,9.0,18.3,0.08164605647534084,19.92695749719794,17.889964416068796,17.483888888888888,0.4059060397222222,14.0,5.0,12.55099225308278,14.0,-1.4490077469172196,0.0
2008-09-25,2008,8.0,16.01,0.18752145691060895,19.705135767799025,17.864104923465167,17.489722222222223,0.37422401194444443,16.0,8.0,14.726205987446262,15.0,-0.27379401255373814,0.0
2008-09-26,2008,12.0,18.08,0.07204218440485921,19.483644295192974,17.838266125239773,17.495555555555555,0.34263709861111113,20.0,8.0,18.1106426896976,18.0,0.11064268969759894,0.0
2008-09-27,2008,13.0,18.37,0.04633655515171431,19.262560706541926,17.8124520371042,18.00111111111111,0.18884405444444446,22.0,9.0,19.9763185922264,20.0,-0.023681407773601393,0.0
2008-09-28,2008,9.0,18.16,0.04631678904838776,19.041962563102516,17.78666671311818,18.006666666666668,0.22020882638888886,22.0,13.0,20.6150017071508,20.0,0.6150017071507996,0.0
2008-09-29,2008,13.0,17.62,0.06385782301693821,18.821927302522138,17.760914251718223,18.01222222222222,0.2514466202777778,27.0,14.0,25.02257625867567,22.0,3.02257625867567,0.0
2008-09-30,2008,10.0,17.57,0.055504926469362115,18.602532180841553,17.73519880169724,18.0175,0.28254686805555557,25.0,15.0,23.49669353983334,22.0,1.4966935398333412,0.0
2009-05-01,2009,12.0,26.55,0.0815854117989927,28.9085129320585,18.983834117466134,19.38,0.3964156047222222,23.0,11.0,20.204649223966797,20.0,0.20464922396679697,0.0
2009-05-02,2009,13.0,26.05,0.10397696258476474,29.07291320895793,19.005936936675834,19.38222222222222,0.37636398972222224,27.0,14.0,23.95378494755245,24.0,-0.04621505244755042,0.0
2009-05-03,2009,10.0,25.9,0.11406784050142338,29.234744130587814,19.027818064467443,19.384166666666665,0.3563746769444444,27.0,17.0,24.643144543736806,24.0,0.6431445437368062,0.0
2009-05-04,2009,8.0,19.0,0.3536088227019486,29.393965554141666,19.04946936932894,19.385833333333334,0.33645452416666666,22.0,14.0,20.10376467580841,18.0,2.10376467580841,0.0
2009-05-05,2009,6.0,13.29,0.5502620002527685,29.550538330026466,19.070882578827508,19.38722222222222,0.31661075111111114,19.0,13.0,17.569867447757588,16.0,1.5698674477575878,0.0
2009-05-06,2009,7.0,18.82,0.36642434751552955,29.704424288086567,19.09204928366328,19.38888888888889,0.2968509336111111,19.0,12.0,17.322357935559232,18.0,-0.6776420644407679,0.0
2009-05-07,2009,5.0,12.43,0.5836625043313415,29.85558622347191,19.11296094235434,19.39,0.2771830011111111,15.0,10.0,13.795239156488163,15.0,-1.2047608435118367,0.0
2009-05-08,2009,6.0,16.26,0.45807203816341013,30.00398788225465,19.1336088865708,19.391111111111112,0.25761523194444447,16.0,10.0,14.546667730797486,14.0,0.5466677307974859,0.0
2009-05-09,2009,8.0,23.16,0.2318304504932419,30.149593946897586,19.153984327134236,19.391944444444444,0.23815624722222223,17.0,9.0,15.052221225074664,14.0,1.052221225074664,0.0
2009-05-10,2009,12.0,27.56,0.09019994208839133,30.292370021675225,19.17407836069709,19.392777777777777,0.21881500277777777,22.0,10.0,19.063568343552767,19.0,0.06356834355276675,0.0
2009-05-11,2009,12.0,28.16,0.07466684792126665,30.43228261814612,19.193881977114923,19.393333333333334,0.19960078388888888,25.0,13.0,22.049050251071954,22.0,0.04905025107195371,0.0
2009-05-12,2009,11.0,23.24,0.23976013015609532,30.569299140772138,19.213386067521952,19.39388888888889,0.1805231938888889,27.0,16.0,24.281884287690033,23.0,1.2818842876900334,0.0
2009-05-13,2009,11.0,20.83,0.3215732385523099,30.703387872776432,19.23258143311824,19.394166666666667,0.1615921461111111,28.0,17.0,25.269040532720705,24.0,1.2690405327207053,0.0
2009-05-14,2009,6.0,14.13,0.5417473359803027,30.83451796232797,19.25145879467404,19.394166666666667,0.1428178525,24.0,18.0,22.50351074192711,19.0,3.5035107419271085,0.0
2009-05-15,2009,11.0,27.11,0.12442921514677452,30.96265940913564,19.27000880275388,19.394166666666667,0.12421081277777778,26.0,15.0,23.244076676700406,23.0,0.24407667670040567,0.0
2009-05-16,2009,10.0,17.57,0.43482621546616596,31.087783051530014,19.288222048659975,19.39388888888889,0.10578180083333333,25.0,15.0,22.483605813880544,16.0,6.483605813880544,0.0
2009-05-17,2009,12.0,19.39,0.37872199184017885,31.2098605541048,19.306089076090895,19.39361111111111,0.08754185055555556,25.0,13.0,21.967393196338712,21.0,0.9673931963387119,0.0
2009-05-18,2009,12.0,25.87,0.1742439281228465,31.328864395984294,19.323600393507927,19.393055555555556,0.06950224277777778,29.0,17.0,25.95474220747369,25.0,0.9547422074736893,0.0
2009-05-19,2009,12.0,9.41,0.7007451273940826,31.44476785977628,19.340746487197485,19.392222222222223,0.051674489444444444,23.0,11.0,19.942379354003208,15.0,4.942379354003208,0.0
2009-05-20,2009,10.0,29.1,0.07787503811235508,31.557545021263238,19.357517835013972,19.391388888888887,0.03407031527777778,21.0,11.0,18.44192496772006,18.0,0.44192496772005896,0.0
2009-05-21,2009,14.0,27.94,0.11769825509494347,31.667170739877196,19.373904920782916,19.390555555555554,0.016701642222222222,27.0,13.0,23.404962550281944,23.0,0.40496255028194383,0.0
2009-05-22,2009,9.0,14.18,0.55371784172158,31.77362064999603,19.3898982493399,19.389444444444443,0.00041942944444444444,21.0,12.0,18.680304542230324,17.0,1.6803045422303242,0.0
2009-05-23,2009,9.0,26.14,0.17996970673626134,31.87687115309146,19.405488362175912,19.388055555555557,0.017280639722222223,21.0,12.0,18.67193652684064,19.0,-0.3280634731593608,0.0
2009-05-24,2009,14.0,26.18,0.1812839742930793,31.97689941075096,19.420665853655056,19.386666666666667,0.03386959083333333,27.0,13.0,23.365917851007907,21.0,2.3659178510079073,0.0
2009-05-25,2009,13.0,9.24,0.7119133495689434,32.07368333858728,19.435421387765565,19.384999999999998,0.050173765277777775,20.0,7.0,16.61409482166219,8.0,8.614094821662189,0.0
2009-05-26,2009,6.0,8.58,0.7332686844689009,32.16720160104197,19.449745715360166,19.383333333333333,0.06618054888888888,11.0,5.0,9.432175145152836,11.0,-1.5678248548471636,0.0
2009-05-27,2009,14.0,27.62,0.14376325356715436,32.25743360708034,19.463629691836744,19.381666666666668,0.08187725305555556,21.0,7.0,17.33022794539005,19.0,-1.6697720546099504,0.0
2009-05-28,2009,13.0,29.35,0.09257748653644726,32.34435950676781,19.477064295205487,19.379722222222224,0.09725113638888888,26.0,13.0,22.58202524552514,23.0,-0.41797475447485866,0.0
2009-05-29,2009,13.0,28.41,0.12390419148560095,32.42796018870928,19.490040644483663,19.3775,0.11228942916666666,29.0,16.0,25.57206352822317,26.0,-0.4279364717768317,0.0
2009-05-30,2009,12.0,29.23,0.10084272694066176,32.50821727832592,19.502550018354576,19.375555555555557,0.1269793561111111,32.0,20.0,28.826899506974215,27.0,1.8268995069742147,0.0
2009-05-31,2009,5.0,19.31,0.40739809867004284,32.58511313693593,19.514583874022723,19.373055555555556,0.14130816138888888,26.0,21.0,24.674331937290543,23.0,1.6743319372905425,0.0
2009-06-01,2009,11.0,29.2,0.10590250633151432,32.658630861599086,19.526133866192886,19.370833333333334,0.1552631322222222,29.0,18.0,26.076059615835423,26.0,0.07605961583542253,0.0
2009-06-02,2009,11.0,23.15,0.2926709095637612,32.72875428567832,19.53719186609701,19.368333333333332,0.16883162416666667,30.0,19.0,27.06891659638783,25.0,2.0689165963878295,0.0
2009-06-03,2009,11.0,13.8,0.5792101515859358,32.79546798006537,19.54774998048912,19.365555555555556,0.18200108555555555,23.0,12.0,20.06210506548888,13.0,7.062105065488879,0.0
2009-06-04,2009,8.0,28.68,0.12717332011619797,32.858757255012094,19.55780057052538,19.36277777777778,0.19475908305555556,22.0,14.0,19.858639092096734,21.0,-1.141360907903266,0.0
2009-06-05,2009,11.0,31.51,0.04279063548345163,32.9186081625043,19.56733627044394,19.360000000000003,0.20709332555555557,27.0,16.0,24.04949124197426,24.0,0.049491241974259026,0.0
2009-06-06,2009,9.0,31.14,0.055648433109835804,32.97500749911059,19.576350005956854,19.357222222222223,0.21899168972222222,26.0,17.0,23.581205797259535,24.0,-0.4187942027404645,0.0
2009-06-07,2009,14.0,28.52,0.13648875545391148,33.02794280923552,19.58483501226523,19.354166666666668,0.23044224472222222,31.0,17.0,27.230495201761386,27.0,0.23049520176138572,0.0
2009-06-08,2009,7.0,20.46,0.3814508237506762,33.077402388703554,19.592784851607632,19.351111111111113,0.241433275,23.0,16.0,21.112001443219967,22.0,-0.8879985567800333,0.0
2009-06-09,2009,10.0,23.35,0.2950597637905201,33.12337528859868,19.600193430251807,19.348055555555554,0.25195330499999996,28.0,18.0,25.298541458676674,27.0,-1.7014585413233263,0.0
2009-06-10,2009,10.0,21.6,0.3487277081459613,33.16585131928341,19.607055014840363,19.345,0.26199112305555555,31.0,21.0,28.294545849592204,28.0,0.294545849592204,0.0
2009-06-11,2009,9.0,24.02,0.2766110692010614,33.204821054520956,19.61336424800236,19.341666666666665,0.2715358033333333,31.0,22.0,28.561787251217194,28.0,0.5617872512171935,0.0
2009-06-12,2009,9.0,23.01,0.30776747720790576,33.24027583562532,19.61911616314477,19.33833333333333,0.28057672694444447,32.0,23.0,29.558777227431733,28.0,1.558777227431733,0.0
2009-06-13,2009,12.0,17.37,0.47794266863299795,33.272207775565235,19.62430619834084,19.334999999999997,0.289103605,25.0,13.0,21.74141731546618,17.0,4.74141731546618,0.0
2009-06-14,2009,11.0,23.2,0.3033160604220704,33.30060976295105,19.628930209235804,19.331666666666667,0.29710649666666666,23.0,12.0,20.01001196848333,21.0,-0.9899880315166705,0.0
2009-06-15,2009,14.0,30.44,0.08658467510222467,33.325475465836625,19.632984480895,19.328333333333333,0.3045758302777778,28.0,14.0,24.19126607789608,26.0,-1.8087339221039187,0.0
2009-06-16,2009,6.0,19.17,0.4251322351131037,33.34679933527261,19.63646573852433,19.32472222222222,0.31150242055555555,24.0,18.0,22.36647358713512,21.0,1.3664735871351184,0.0
2009-06-17,2009,7.0,8.68,0.7398438439115389,33.36457660855248,19.639371156999037,19.32138888888889,0.31787748555555556,19.0,12.0,17.093039642170446,13.0,4.093039642170446,0.0
2009-06-18,2009,9.0,28.58,0.1437679855454589,33.37880331209849,19.64169836914314,19.317777777777778,0.32369266361111115,21.0,12.0,18.546979454132114,20.0,-1.4530205458678864,0.0
2009-06-19,2009,11.0,31.31,0.06227939149157502,33.38947626394061,19.643445472708866,19.314444444444444,0.32894002694444446,27.0,16.0,24.00074979021202,25.0,-0.9992502097879807,0.0
2009-06-20,2009,12.0,20.78,0.3777808427084872,33.39659307574882,19.644611036013124,19.310833333333335,0.333612095,30.0,18.0,26.727280071338708,27.0,-0.27271992866129224,0.0
2009-06-21,2009,11.0,27.99,0.16197986552213361,33.40015215438629,19.645194102196037,19.307222222222222,0.33770184722222224,30.0,19.0,26.99963505990771,27.0,-0.00036494009228960067,0.0
2009-06-22,2009,12.0,30.33,0.09192031935491063,33.40015270295875,19.645194192074904,19.30388888888889,0.34120273305555554,34.0,22.0,30.726874548309368,32.0,-1.2731254516906318,0.0
2009-06-23,2009,11.0,25.02,0.25082182154308064,33.39659472134338,19.64461130557584,19.30027777777778,0.34410868166666664,35.0,24.0,32.00000656022339,31.0,1.0000065602233903,0.0
2009-06-24,2009,12.0,19.52,0.41538470856697385,33.38947900618884,19.64344592173397,19.296944444444446,0.3464141088888889,31.0,19.0,27.72809036792844,19.0,8.728090367928441,0.0
2009-06-25,2009,8.0,14.96,0.55181142535746,33.37880715038662,19.641698997262278,19.293333333333337,0.34811392444444444,25.0,17.0,22.819537001258496,23.0,-0.18046299874150407,0.0
2009-06-26,2009,12.0,28.32,0.15119570840917818,33.364581542021774,19.639371963698046,19.290000000000003,0.34920353555555556,27.0,15.0,23.7309245395244,24.0,-0.2690754604756016,0.0
2009-06-27,2009,11.0,21.35,0.3597587604657265,33.34680536281995,19.63646672314477,19.28666666666667,0.3496788522222222,31.0,20.0,28.005200948149465,27.0,1.005200948149465,0.0
2009-06-28,2009,11.0,27.43,0.17690614294574458,33.32548258611522,19.632985642636104,19.283333333333335,0.3495362875,32.0,21.0,29.007422605332586,29.0,0.007422605332585874,0.0
2009-06-29,2009,21.0,22.55,0.322835389500732,33.30061797437121,19.628931547156824,19.279999999999998,0.34877276,36.0,15.0,30.291839399506358,17.0,13.291839399506358,2.0015794149045383
2009-06-30,2009,5.0,7.4,0.7775922180649603,33.27221707629535,19.62430771136379,19.276666666666667,0.3473856908333333,20.0,15.0,18.642256775318465,19.0,-0.35774322468153485,0.0
2009-07-01,2009,7.0,8.58,0.7418794789465388,33.24028622359295,19.619117850057584,19.27361111111111,0.3453730033333334,21.0,14.0,19.101270490520648,20.0,-0.8987295094793524,0.0
2009-07-02,2009,10.0,23.41,0.2949821391006051,33.204832527413906,19.613366107462333,19.270555555555553,0.34273312027777775,28.0,18.0,25.29087364201985,26.0,-0.7091263579801499,0.0
2009-07-03,2009,13.0,29.65,0.1060085118798545,33.16586387455097,19.60705704537799,19.2675,0.33946495666666665,32.0,19.0,28.48290806795074,29.0,-0.5170919320492615,0.0
2009-07-04,2009,10.0,26.45,0.20147059646809895,33.12338892345287,19.600195630274914,19.264444444444443,0.3355679177777778,33.0,23.0,30.29854017705268,29.0,1.2985401770526792,0.0
2009-07-05,2009,9.0,27.44,0.17043099474958268,33.07741710012037,19.59278721940581,19.261666666666667,0.33104188944444446,31.0,22.0,28.57257204163542,27.0,1.5725720416354214,0.0
2009-07-06,2009,8.0,18.85,0.4292714172334785,33.02795859395624,19.584837546014512,19.25888888888889,0.32588723138888886,30.0,22.0,27.845996075192108,27.0,0.8459960751921081,0.0
2009-07-07,2009,9.0,19.93,0.3956031757168924,32.975024353643065,19.57635270372465,19.25611111111111,0.32010476861111115,32.0,23.0,29.58120437887502,28.0,1.5812043788750216,0.0
2009-07-08,2009,5.0,16.24,0.5066622780977632,32.91862608312411,19.567339130194185,19.253611111111113,0.31369578305555557,29.0,24.0,27.65885881925676,26.0,1.6588588192567606,0.0
2009-07-09,2009,10.0,26.91,0.18104071176354253,32.85877623776372,19.557803590123868,19.25111111111111,0.30666200055555554,33.0,23.0,30.3232970973013,31.0,-0.6767029026987004,0.0
2009-07-10,2009,12.0,19.23,0.4136388521547467,32.795488020763266,19.547753157708968,19.248611111111114,0.29900558222222223,33.0,21.0,29.795021473067372,27.0,2.795021473067372,0.0
2009-07-11,2009,10.0,26.74,0.18298195732628408,32.72877537990783,19.537195198624303,19.24638888888889,0.2907291116666667,33.0,23.0,30.335376768269654,30.0,0.33537676826965424,0.0
2009-07-12,2009,12.0,27.98,0.14325921537674824,32.65865300471728,19.526137351632375,19.24416666666667,0.2818355838888889,36.0,24.0,32.81024439592791,32.0,0.81024439592791,0.0
2009-07-13,2009,8.0,19.56,0.3997263106261715,32.585136324072245,19.514587509903635,19.242222222222225,0.2723283908333333,29.0,21.0,26.87892938817287,23.0,3.878929388172871,0.0
2009-07-14,2009,8.0,17.49,0.4619825868574874,32.50824150438262,19.502553802136447,19.240277777777777,0.2622113102777778,30.0,22.0,27.884597887713333,28.0,-0.11540211228666664,0.0
2009-07-15,2009,5.0,9.84,0.6965583935002932,32.427985448361746,19.4900445735622,19.238333333333333,0.25148849194444445,25.0,20.0,23.681561736232347,24.0,-0.3184382637676535,0.0
2009-07-16,2009,11.0,22.37,0.3083807452040602,32.34438579446462,19.477068366918438,19.236666666666668,0.24016444388888888,30.0,19.0,27.107864868565194,26.0,1.1078648685651942,0.0
2009-07-17,2009,8.0,19.63,0.39145861323423103,32.2574609170431,19.46363390346974,19.235277777777778,0.22824401833333333,29.0,21.0,26.90298540311833,26.0,0.9029854031183291,0.0
2009-07-18,2009,11.0,25.88,0.19545450265631437,32.16722992726486,19.449750064152493,19.233888888888888,0.21573239944444442,31.0,20.0,28.125651596850425,28.0,0.1256515968504246,0.0
2009-07-19,2009,11.0,25.03,0.21961014448952942,32.07371267483649,19.435425870915893,19.232777777777777,0.20263508777777778,31.0,20.0,28.13500038226395,25.0,3.13500038226395,0.0
2009-07-20,2009,12.0,27.81,0.13031050144800782,31.97692975056367,19.420670468327046,19.231666666666666,0.1889578886111111,30.0,18.0,26.88506914983172,28.0,-1.1149308501682818,0.0
2009-07-21,2009,11.0,29.49,0.07487874615610401,31.876902489774718,19.405493105503744,19.230555555555554,0.17470689611111112,34.0,23.0,31.154585979374872,31.0,0.15458597937487184,0.0
2009-07-22,2009,11.0,26.54,0.1647167538613028,31.77365297662523,19.389903118433654,19.229999999999997,0.15988848194444444,36.0,25.0,33.16481346560794,31.0,2.164813465607942,0.0
2009-07-23,2009,9.0,21.1,0.33369551769853434,31.66720404929443,19.373909912733815,19.229166666666664,0.1445092813888889,29.0,20.0,26.68890180988082,27.0,-0.3110981901191785,0.0
2009-07-24,2009,9.0,23.84,0.24455549113012787,31.557579306075173,19.35752294689947,19.228888888888886,0.12857618,30.0,21.0,27.697729714527153,27.0,0.6977297145271528,0.0
2009-07-25,2009,11.0,25.69,0.18301285245101018,31.44480311235193,19.340751716086167,19.22861111111111,0.11209630166666668,28.0,17.0,25.197177621858447,25.0,0.19717762185844734,0.0
2009-07-26,2009,11.0,27.43,0.12445060416197795,31.328900608452468,19.32360573646426,19.22833333333333,0.09507699555555554,31.0,20.0,28.20851015535581,28.0,0.2085101553558104,0.0
2009-07-27,2009,9.0,14.75,0.5273935168545245,31.20989771835128,19.30609453017975,19.22833333333333,0.07752582499999999,32.0,23.0,29.725541939114095,27.0,2.7255419391140947,0.0
2009-07-28,2009,12.0,24.55,0.2103016845637271,31.08782115919448,19.288227610950976,19.22861111111111,0.059450555555555555,33.0,21.0,29.980322946109638,29.0,0.9803229461096379,0.0
2009-07-29,2009,6.0,15.17,0.5100556231005123,30.962698451608382,19.270014470325542,19.228888888888886,0.040859143611111114,26.0,20.0,24.496767038754456,25.0,-0.5032329612455442,0.0
2009-07-30,2009,10.0,22.02,0.28586620085631453,30.83455793074642,19.251464564617677,19.229444444444443,0.021759726666666666,27.0,17.0,24.50584773795316,25.0,-0.49415226204683904,0.0
2009-07-31,2009,13.0,28.91,0.05841135112810003,30.703428758021392,19.23258730254168,19.230277777777776,0.002160611111111111,34.0,21.0,30.77249781140393,30.0,0.7724978114039303,0.0
2009-08-01,2009,12.0,26.22,0.14227787713613127,30.56934093346388,19.21339203355301,19.231111111111108,0.01792973527777778,35.0,23.0,32.03477849982907,30.0,2.0347784998290734,0.0
2009-08-02,2009,9.0,20.91,0.3129016666346156,30.432325308640362,19.19388803690468,19.23222222222222,0.038502694444444444,33.0,24.0,30.786784360118656,28.0,2.7867843601186557,0.0
2009-08-03,2009,10.0,24.1,0.2044212680381089,30.292413600058897,19.174084511422926,19.233611111111113,0.05954950611111111,33.0,23.0,30.552969857915492,27.0,3.5529698579154925,0.0
2009-08-04,2009,8.0,15.71,0.47893239082944183,30.149638402984543,19.153990566002633,19.235,0.08106127611111112,30.0,22.0,28.052218165809197,25.0,3.0522181658091974,0.0
2009-08-05,2009,9.0,19.51,0.34975408584833745,30.004033205581226,19.133615210819983,19.23638888888889,0.10302898611111112,29.0,20.0,26.819998099604987,24.0,2.8199980996049874,0.0
2009-08-06,2009,4.0,9.18,0.6925203299666962,29.85563240329253,19.112967349256607,19.238333333333333,0.1254434986111111,23.0,19.0,22.036189747278893,21.0,1.0361897472788932,0.0
2009-08-07,2009,10.0,27.31,0.08060979399729318,29.704471313369194,19.092055770527203,19.240277777777777,0.14829556583333334,28.0,18.0,25.603364476245712,25.0,0.6033644762457122,0.0
2009-08-08,2009,13.0,28.0,0.052472265000339635,29.550586189448097,19.070889142999874,19.242222222222225,0.17157583638888887,33.0,20.0,29.90137419194846,28.0,1.9013741919484595,0.0
2009-08-09,2009,14.0,21.51,0.26821835809025285,29.394014236083958,19.049476008196507,19.244722222222222,0.19527486055555557,36.0,22.0,32.6815824204581,32.0,0.6815824204580991,0.0
2009-08-10,2009,12.0,23.15,0.2081353370087713,29.234793623132575,19.027824775458466,19.246944444444445,0.21938309777777776,37.0,25.0,34.171768448151916,30.0,4.171768448151916,0.0
2009-08-11,2009,13.0,23.9,0.17793038194760336,29.072963499882892,19.005943717261424,19.249722222222225,0.24389092055555553,36.0,23.0,32.953779457124575,32.0,0.9537794571245755,0.0
2009-08-12,2009,6.0,9.36,0.6762205138539558,28.908564008833068,18.983840965161413,19.2525,0.2687886208333333,25.0,19.0,23.602322046825865,22.0,1.602322046825865,0.0
2009-08-13,2009,12.0,26.37,0.08251570211010517,28.741636299005744,18.9615245063533,19.255555555555556,0.2940664147222222,30.0,18.0,27.22138345894647,26.0,1.2213834589464696,0.0
2009-08-14,2009,9.0,19.34,0.3231188097528299,28.57222253869664,18.939002180821667,19.25861111111111,0.3197144461111111,26.0,17.0,23.92873800231403,23.0,0.9287380023140308,0.0
2009-08-15,2009,11.0,24.71,0.12994078798018038,28.400365927551512,18.916281679063353,19.261944444444445,0.34572279194444444,28.0,17.0,25.484154164971397,25.0,0.48415416497139674,0.0
2009-08-16,2009,10.0,22.78,0.19294584238802326,28.226110707867004,18.893370540360294,19.26527777777778,0.3720814663888889,28.0,18.0,25.727291173734354,25.0,0.7272911737343541,0.0
2009-08-17,2009,10.0,24.43,0.12903980086450784,28.049502175012147,18.87027615158083,19.26888888888889,0.3987804225,29.0,19.0,26.7418651114905,24.0,2.741865111490501,0.0
2009-08-18,2009,10.0,25.71,0.07752210999875875,27.870586686869434,18.84700574648732,19.272777777777776,0.42580955833333334,28.0,18.0,25.756585361502825,25.0,0.7565853615028253,0.0
2009-08-19,2009,9.0,20.37,0.2643397324164135,27.689411672196282,18.82356640552789,19.276666666666667,0.4531587177777778,29.0,20.0,26.9943032872097,25.0,1.9943032872097,0.0
2009-08-20,2009,13.0,20.5,0.25470875836675166,27.506025637810836,18.799965056089885,19.280555555555555,0.48081769527777773,29.0,16.0,26.122384399768347,22.0,4.122384399768347,0.0
2009-08-21,2009,10.0,17.34,0.3653112551968818,27.320478174508835,18.77620847319291,18.284722222222225,0.49122376166666665,26.0,16.0,23.80158595338986,24.0,-0.1984140466101394,0.0
2009-08-22,2009,11.0,23.05,0.15047532720142098,27.132819961622374,18.75230328059946,18.289166666666667,0.46297595166666666,25.0,14.0,22.598539022190298,22.0,0.5985390221902982,0.0
2009-08-23,2009,12.0,24.72,0.08251101549443807,26.943102770134832,18.728255952321405,18.29361111111111,0.43444921416666665,28.0,16.0,25.398698809438095,25.0,0.39869880943809477,0.0
2009-08-24,2009,10.0,18.04,0.32564225242686917,26.75137946427115,18.70407281450104,18.298333333333336,0.4056539294444444,28.0,18.0,25.84776841238512,26.0,-0.15223158761488165,0.0
2009-08-25,2009,13.0,24.73,0.06882010588658316,26.557704001486858,18.679760047645765,18.303055555555556,0.37660051527777777,32.0,19.0,29.22243081447714,29.0,0.2224308144771392,0.0
2009-08-26,2009,12.0,24.68,0.06380862773563034,26.3621314307847,18.655323689196173,18.30777777777778,0.34729942472222225,32.0,20.0,29.45499826198197,28.0,1.4549982619819701,0.0
2009-08-27,2009,6.0,16.94,0.3525632467479274,26.164717889292564,18.630769636407578,18.31277777777778,0.31776114499999997,29.0,23.0,27.73702138571615,27.0,0.737021385716151,0.0
2009-08-28,2009,9.0,22.24,0.14347952636339034,25.965520597042516,18.606103649525917,18.318055555555556,0.28799619472222227,31.0,22.0,29.11991454729841,29.0,0.11991454729841067,0.0
2009-08-29,2009,13.0,22.49,0.12709679650246009,25.764597849895942,18.581331355239435,18.323055555555555,0.2580151230555555,36.0,23.0,33.305234406096915,29.0,4.305234406096915,0.0
2009-08-30,2009,8.0,15.72,0.38502486273665293,25.562009010566424,18.55645825038826,18.328611111111112,0.22782850583333333,27.0,19.0,25.35463517097462,24.0,1.3546351709746212,0.0
2009-08-31,2009,9.0,20.56,0.1892045743190216,25.357814497697586,18.53148970591467,18.333888888888886,0.1974469472222222,28.0,19.0,26.163626107649698,24.0,2.163626107649698,0.0
2009-09-01,2009,10.0,19.25,0.23465561356590248,25.15207577296,18.50643097103756,18.339444444444442,0.16688107416666667,27.0,17.0,24.975971898389677,24.0,0.9759718983896768,0.0
2009-09-02,2009,14.0,12.21,0.51052031208991,24.944855326137237,18.48128717763528,18.345,0.1361415375,25.0,11.0,22.189433784602713,11.0,11.189433784602713,0.0
2009-09-03,2009,10.0,24.4,0.01359208090809838,24.736216658178208,18.456063344821757,18.350555555555555,0.10523900972222222,19.0,9.0,17.009023741247425,16.0,1.0090237412474252,0.0
2009-09-04,2009,10.0,21.01,0.14336590192638898,24.526224262199054,18.430764383701472,18.35638888888889,0.07418418194444446,20.0,10.0,18.02568179801525,18.0,0.025681798015249058,0.0
2009-09-05,2009,9.0,19.72,0.1889761159868265,24.314943602425014,18.405395102289596,18.362222222222222,0.04298776416666667,22.0,13.0,20.238181311804897,19.0,1.2381813118048974,0.0
2009-09-06,2009,8.0,19.1,0.2075491470829821,24.102441091069245,18.379960210584176,18.368055555555557,0.011660481944444445,23.0,15.0,21.44739696822065,20.0,1.4473969682206516,0.0
2009-09-07,2009,11.0,22.09,0.07529826794016292,23.888784063151906,18.354464325778014,18.374166666666667,0.01978692361111111,26.0,15.0,23.883760850504345,22.0,1.8837608505043448,0.0
2009-09-08,2009,9.0,21.94,0.07324650521790932,23.674040749270436,18.328911977598437,18.38,0.051343699444444446,23.0,14.0,21.283808523605575,21.0,0.2838085236055754,0.0
2009-09-09,2009,12.0,21.66,0.07665865645109338,23.458280246337452,18.303307613763792,18.38611111111111,0.08299907972222223,25.0,13.0,22.732199356306033,22.0,0.7321993563060332,0.0
2009-09-10,2009,8.0,18.02,0.2246651980792599,23.241572486310403,18.277655605546048,18.392222222222223,0.11474229083333333,22.0,14.0,20.50182378868471,16.0,4.50182378868471,0.0
2009-09-11,2009,10.0,18.62,0.19127825136653565,23.023988202942608,18.251960253429495,18.398333333333333,0.14656254916666667,23.0,13.0,21.14445826281296,20.0,1.144458262812961,0.0
2009-09-12,2009,12.0,20.26,0.11162166396660012,22.805598896592517,18.22622579285597,18.404444444444444,0.1784490663888889,25.0,13.0,22.794038288102545,21.0,1.794038288102545,0.0
2009-09-13,2009,12.0,20.68,0.08440788770454699,22.586476797133827,18.200456400047564,18.410833333333333,0.2103910488888889,27.0,15.0,24.8147970294201,22.0,2.814797029420099,0.0
2009-09-14,2009,13.0,19.85,0.11251974619873228,22.366694825015212,18.17465619789818,18.916944444444447,0.7423777005555555,30.0,17.0,27.65525755310366,24.0,3.6552575531036595,0.0
2009-09-15,2009,12.0,20.63,0.06846853572150591,22.146326550524737,18.148829261925783,18.423055555555557,0.27439822444444445,30.0,18.0,27.8565104721754,24.0,3.856510472175401,0.0
2009-09-16,2009,13.0,20.37,0.07094250856216522,21.92544615131926,18.1229796262774,17.929166666666667,0.19355817583333335,32.0,19.0,29.70057902162314,29.0,0.7005790216231382,0.0
2009-09-17,2009,9.0,18.78,0.1347268279410926,21.70412836828537,18.09711128977951,18.435555555555556,0.33849770611111113,26.0,17.0,24.423844830507733,23.0,1.4238448305077327,0.0
2009-09-18,2009,7.0,9.42,0.5615024973700595,21.482448459802942,18.07122822202643,18.441666666666666,0.3705550808333334,18.0,11.0,16.78638272856248,13.0,3.7863827285624794,0.0
2009-09-19,2009,12.0,20.97,0.013663008786803155,21.260482154488447,18.045334369499844,18.447777777777777,0.40260316527777773,20.0,8.0,17.94061408024517,15.0,2.940614080245169,0.0
2009-09-20,2009,12.0,15.38,0.26895253398292507,21.038305602499378,18.01943366171265,18.453888888888887,0.43463118444444443,22.0,10.0,19.961758327216028,17.0,2.961758327216028,0.0
2009-09-21,2009,12.0,18.79,0.09732877500243742,20.815995325486018,17.993530017370485,18.46,0.4666283725,24.0,12.0,21.982942007093307,20.0,1.9829420070933068,0.0
2009-09-22,2009,11.0,18.16,0.11817384220738425,20.593628165281523,17.967627350544504,18.46611111111111,0.49858397666666665,27.0,16.0,25.170480999534774,22.0,3.1704809995347745,0.0
2009-09-23,2009,6.0,6.82,0.6652149699116864,20.37128123142465,17.941729576848914,17.471944444444443,0.4695127436111111,19.0,13.0,18.012705748220462,17.0,1.012705748220462,0.0
2009-09-24,2009,10.0,18.8,0.06695268823916545,20.14903184761434,17.915840619616947,17.478055555555553,0.4376725130555556,21.0,11.0,19.372240907315547,20.0,-0.6277590926844532,0.0
2009-09-25,2009,10.0,17.31,0.1313274993217569,19.92695749719794,17.889964416068796,17.483888888888888,0.4059060397222222,23.0,13.0,21.3899913923142,21.0,0.3899913923142009,0.0
2009-09-26,2009,12.0,18.1,0.08145773704447357,19.705135767799025,17.864104923465167,17.489722222222223,0.37422401194444443,25.0,13.0,23.089308981169392,23.0,0.0893089811693919,0.0
2009-09-27,2009,9.0,14.12,0.2752895820683967,19.483644295192974,17.838266125239773,17.495555555555555,0.34263709861111113,24.0,15.0,22.5829820172732,21.0,1.5829820172731992,0.0
2009-09-28,2009,8.0,9.39,0.5125258711417854,19.262560706541926,17.8124520371042,18.00111111111111,0.18884405444444446,21.0,13.0,19.754657595216244,18.0,1.7546575952162442,0.0
2009-09-29,2009,9.0,17.74,0.06837333908140963,19.041962563102516,17.78666671311818,18.006666666666668,0.22020882638888886,23.0,14.0,21.6150017071508,20.0,1.6150017071507996,0.0
2009-09-30,2009,10.0,18.09,0.03888694769446166,18.821927302522138,17.760914251718223,18.01222222222222,0.2514466202777778,24.0,14.0,22.4789048143659,21.0,1.478904814365901,0.0
2010-05-01,2010,15.0,23.54,0.18570699034833482,28.9085129320585,18.983834117466134,19.38,0.3964156047222222,27.0,12.0,23.505811529958493,23.0,0.5058115299584927,0.037141398069666834
2010-05-02,2010,13.0,14.91,0.4871514975869037,29.07291320895793,19.005936936675834,19.38222222222222,0.37636398972222224,24.0,11.0,20.95378494755245,14.0,6.95378494755245,0.0
2010-05-03,2010,6.0,7.08,0.7578224058204663,29.234744130587814,19.027818064467443,19.384166666666665,0.3563746769444444,16.0,10.0,14.585886726242084,14.0,0.5858867262420837,0.0
2010-05-04,2010,10.0,21.03,0.28454702849589364,29.393965554141666,19.04946936932894,19.385833333333334,0.33645452416666666,20.0,10.0,17.62970584476051,16.0,1.6297058447605117,0.0
2010-05-05,2010,11.0,28.7,0.02878249866474447,29.550538330026466,19.070882578827508,19.38722222222222,0.31661075111111114,23.0,12.0,20.37809032088891,20.0,0.3780903208889086,0.0
2010-05-06,2010,11.0,28.71,0.03347731228325457,29.704424288086567,19.09204928366328,19.38888888888889,0.2968509336111111,25.0,14.0,22.363705327307365,21.0,1.3637053273073647,0.0
2010-05-07,2010,12.0,27.68,0.07287032340237565,29.85558622347191,19.11296094235434,18.89,0.2228169988888889,25.0,13.0,22.10857397557159,20.0,2.1085739755715913,0.0
2010-05-08,2010,12.0,28.65,0.0451269307122818,30.00398788225465,19.1336088865708,19.391111111111112,0.25761523194444447,22.0,10.0,19.09333546159497,19.0,0.09333546159497175,0.0
2010-05-09,2010,9.0,21.22,0.2961762590443261,30.149593946897586,19.153984327134236,19.391944444444444,0.23815624722222223,24.0,15.0,21.808748878208995,21.0,0.8087488782089949,0.0
2010-05-10,2010,9.0,19.75,0.3480206406475228,30.292370021675225,19.17407836069709,19.392777777777777,0.21881500277777777,26.0,17.0,23.797676257664577,23.0,0.7976762576645768,0.0
2010-05-11,2010,7.0,20.51,0.32604463959038266,30.43228261814612,19.193881977114923,19.393333333333334,0.19960078388888888,22.0,15.0,20.27861264645864,19.0,1.2786126464586403,0.0
2010-05-12,2010,5.0,17.94,0.413136692555953,30.569299140772138,19.213386067521952,19.39388888888889,0.1805231938888889,16.0,11.0,14.764492858040924,14.0,0.7644928580409243,0.0
2010-05-13,2010,10.0,27.93,0.09032839907662094,30.703387872776432,19.23258143311824,19.394166666666667,0.1615921461111111,21.0,11.0,18.517309575200642,16.0,2.517309575200642,0.0
2010-05-14,2010,6.0,9.09,0.7052005155032521,30.83451796232797,19.25145879467404,19.394166666666667,0.1428178525,9.0,3.0,7.503510741927109,5.0,2.5035107419271094,0.0
2010-05-15,2010,4.0,6.87,0.7781198343068366,30.96265940913564,19.27000880275388,19.394166666666667,0.12421081277777778,10.0,6.0,8.997846064254693,8.0,0.9978460642546931,0.0
2010-05-16,2010,8.0,14.51,0.5332571648499755,31.087783051530014,19.288222048659975,19.39388888888889,0.10578180083333333,16.0,8.0,13.986884651104436,14.0,-0.013115348895563983,0.0
2010-05-17,2010,15.0,28.12,0.09900270296780977,31.2098605541048,19.306089076090895,19.39361111111111,0.08754185055555556,24.0,9.0,20.20924149542339,20.0,0.20924149542339165,0.019800540593561886
2010-05-18,2010,13.0,29.26,0.06603700567740578,31.328864395984294,19.323600393507927,19.393055555555556,0.06950224277777778,25.0,12.0,21.700970724763163,21.0,0.7009707247631631,0.0
2010-05-19,2010,11.0,22.12,0.2965443377212651,31.44476785977628,19.340746487197485,19.392222222222223,0.051674489444444444,26.0,15.0,23.19718107450294,22.0,1.1971810745029394,0.0
2010-05-20,2010,9.0,21.42,0.32123997650744485,31.557545021263238,19.357517835013972,19.391388888888887,0.03407031527777778,26.0,17.0,23.697732470948054,23.0,0.6977324709480541,0.0
2010-05-21,2010,15.0,25.92,0.1814867133880076,31.667170739877196,19.373904920782916,19.390555555555554,0.016701642222222222,33.0,18.0,29.14817416101637,25.0,4.148174161016371,0.03629734267760139
2010-05-22,2010,5.0,21.05,0.3375007452919083,31.77362064999603,19.3898982493399,19.389444444444443,0.00041942944444444444,22.0,17.0,20.711280301239068,21.0,-0.2887196987609322,0.0
2010-05-23,2010,5.0,8.03,0.7480932190165333,31.87687115309146,19.405488362175912,19.388055555555557,0.017280639722222223,17.0,12.0,15.706631403800356,16.0,-0.2933685961996435,0.0
2010-05-24,2010,6.0,14.38,0.5503003647950527,31.97689941075096,19.420665853655056,19.386666666666667,0.03386959083333333,17.0,11.0,15.44253622186053,15.0,0.44253622186053043,0.0
2010-05-25,2010,10.0,24.76,0.22802754711331563,32.07368333858728,19.435421387765565,19.384999999999998,0.050173765277777775,23.0,13.0,20.39545755512476,20.0,0.3954575551247608,0.0
2010-05-26,2010,11.0,29.42,0.08540381084790971,32.16720160104197,19.449745715360166,19.383333333333333,0.06618054888888888,27.0,16.0,24.1256544327802,23.0,1.1256544327801983,0.0
2010-05-27,2010,12.0,26.04,0.1927442115455721,32.25743360708034,19.463629691836744,19.381666666666668,0.08187725305555556,28.0,16.0,24.854481096048616,24.0,0.854481096048616,0.0
2010-05-28,2010,6.0,20.77,0.35784784992715546,32.34435950676781,19.477064295205487,19.379722222222224,0.09725113638888888,26.0,20.0,24.42247319024237,24.0,0.4224731902423713,0.0
2010-05-29,2010,6.0,18.89,0.41747800693991555,32.42796018870928,19.490040644483663,19.3775,0.11228942916666666,26.0,20.0,24.41787547456454,24.0,0.4178754745645392,0.0
2010-05-30,2010,9.0,19.79,0.39123084386437557,32.50821727832592,19.502550018354576,19.375555555555557,0.1269793561111111,29.0,20.0,26.620174630230665,27.0,-0.37982536976933545,0.0
2010-05-31,2010,8.0,20.14,0.3819263442369063,32.58511313693593,19.514583874022723,19.373055555555556,0.14130816138888888,31.0,23.0,28.878931099664868,28.0,0.878931099664868,0.0
2010-06-01,2010,13.0,19.64,0.3986275761764021,32.658630861599086,19.526133866192886,19.370833333333334,0.1552631322222222,31.0,18.0,27.54443409144186,26.0,1.544434091441861,0.0
2010-06-02,2010,7.0,13.99,0.5725471285009511,32.72875428567832,19.53719186609701,19.368333333333332,0.16883162416666667,23.0,16.0,21.134765106792255,19.0,2.134765106792255,0.0
2010-06-03,2010,5.0,11.14,0.6603189194686467,32.79546798006537,19.54774998048912,19.365555555555556,0.18200108555555555,21.0,16.0,19.664593211585853,17.0,2.664593211585853,0.0
2010-06-04,2010,4.0,8.7,0.7352304004536584,32.858757255012094,19.55780057052538,19.36277777777778,0.19475908305555556,19.0,15.0,17.92931954604837,17.0,0.9293195460483687,0.0
2010-06-05,2010,10.0,24.24,0.2636383689025348,32.9186081625043,19.56733627044394,19.360000000000003,0.20709332555555557,25.0,15.0,22.31771931088569,22.0,0.31771931088568905,0.0
2010-06-06,2010,10.0,27.16,0.1763459037656756,32.97500749911059,19.576350005956854,19.357222222222223,0.21899168972222222,29.0,19.0,26.31245088584393,26.0,0.3124508858439299,0.0
2010-06-07,2010,11.0,31.32,0.05171205542834867,33.02794280923552,19.58483501226523,19.354166666666668,0.23044224472222222,28.0,17.0,25.038246229955377,25.0,0.03824622995537652,0.0
2010-06-08,2010,11.0,30.39,0.08124587164140018,33.077402388703554,19.592784851607632,19.351111111111113,0.241433275,30.0,19.0,27.033145125059946,27.0,0.03314512505994571,0.0
2010-06-09,2010,12.0,30.33,0.08433244692790054,33.12337528859868,19.600193430251807,19.348055555555554,0.25195330499999996,32.0,20.0,28.75824975041201,29.0,-0.24175024958799085,0.0
2010-06-10,2010,10.0,21.89,0.33998377459792095,33.16585131928341,19.607055014840363,19.345,0.26199112305555555,33.0,23.0,30.294545849592204,29.0,1.294545849592204,0.0
2010-06-11,2010,11.0,25.39,0.23535200029204617,33.204821054520956,19.61336424800236,19.341666666666665,0.2715358033333333,34.0,23.0,31.019962195932123,31.0,0.01996219593212345,0.0
2010-06-12,2010,12.0,24.36,0.2671540958185392,33.24027583562532,19.61911616314477,19.33833333333333,0.28057672694444447,36.0,24.0,32.745036303242316,32.0,0.7450363032423155,0.0
2010-06-13,2010,7.0,13.46,0.5954581646401931,33.272207775565235,19.62430619834084,19.334999999999997,0.289103605,28.0,21.0,26.099160100688604,23.0,3.0991601006886036,0.0
2010-06-14,2010,7.0,18.98,0.4300404666728834,33.30060976295105,19.628930209235804,19.331666666666667,0.29710649666666666,28.0,21.0,26.0972803435803,27.0,-0.9027196564196984,0.0
2010-06-15,2010,12.0,30.62,0.08118340182753347,33.325475465836625,19.632984480895,19.328333333333333,0.3045758302777778,32.0,20.0,28.735370923910928,30.0,-1.2646290760890722,0.0
2010-06-16,2010,12.0,27.49,0.17563302781738255,33.34679933527261,19.63646573852433,19.32472222222222,0.31150242055555555,34.0,22.0,30.732947174270237,31.0,-0.2670528257297633,0.0
2010-06-17,2010,11.0,27.61,0.17247563714257919,33.36457660855248,19.639371156999037,19.32138888888889,0.31787748555555556,36.0,25.0,33.003348009124984,32.0,1.0033480091249842,0.0
2010-06-18,2010,11.0,23.31,0.3016526152226958,33.37880331209849,19.64169836914314,19.317777777777778,0.32369266361111115,37.0,26.0,34.00186377727258,33.0,1.0018637772725825,0.0
2010-06-19,2010,10.0,24.85,0.25575352534543716,33.38947626394061,19.643445472708866,19.314444444444444,0.32894002694444446,37.0,27.0,34.27340890019274,33.0,1.2734089001927416,0.0
2010-06-20,2010,6.0,20.95,0.3726905031156308,33.39659307574882,19.644611036013124,19.310833333333335,0.333612095,35.0,29.0,33.363640035669356,30.0,3.3636400356693557,0.0
2010-06-21,2010,5.0,15.34,0.5407206551307442,33.40015215438629,19.645194102196037,19.307222222222222,0.33770184722222224,31.0,26.0,29.636197754503506,29.0,0.636197754503506,0.0
2010-06-22,2010,15.0,18.67,0.44102051969522515,33.40015270295875,19.645194192074904,19.30388888888889,0.34120273305555554,33.0,18.0,28.908593185386714,21.0,7.908593185386714,0.08820410393904472
2010-06-23,2010,7.0,14.74,0.5586376358731018,33.39659472134338,19.64461130557584,19.30027777777778,0.34410868166666664,24.0,17.0,22.0909132655967,22.0,0.09091326559670065,0.0
2010-06-24,2010,7.0,16.29,0.5121217675489755,33.38947900618884,19.64344592173397,19.296944444444446,0.3464141088888889,23.0,16.0,21.091386047958256,18.0,3.091386047958256,0.0
2010-06-25,2010,3.0,8.31,0.7510396353422789,33.37880715038662,19.641698997262278,19.293333333333337,0.34811392444444444,16.0,13.0,15.182326375471936,14.0,1.182326375471936,0.0
2010-06-26,2010,10.0,29.25,0.1233218386641407,33.364581542021774,19.639371963698046,19.290000000000003,0.34920353555555556,23.0,13.0,20.275770449603666,22.0,-1.724229550396334,0.0
2010-06-27,2010,10.0,27.11,0.18702857125179617,33.34680536281995,19.63646672314477,19.28666666666667,0.3496788522222222,26.0,16.0,23.277455407408606,24.0,-0.7225445925913938,0.0
2010-06-28,2010,10.0,23.33,0.29993511902749626,33.32548258611522,19.632985642636104,19.283333333333335,0.3495362875,29.0,19.0,26.279475095756894,26.0,0.27947509575689367,0.0
2010-06-29,2010,6.0,17.97,0.46037037469304454,33.30061797437121,19.628931547156824,19.279999999999998,0.34877276,22.0,16.0,20.369096971287533,20.0,0.36909697128753294,0.0
2010-06-30,2010,12.0,26.91,0.19121710650379486,33.27221707629535,19.62430771136379,19.276666666666667,0.3473856908333333,28.0,16.0,24.74141626076431,25.0,-0.25858373923568934,0.0
2010-07-01,2010,9.0,25.9,0.22082500054957532,33.24028622359295,19.619117850057584,19.27361111111111,0.3453730033333334,27.0,18.0,24.558776344955117,25.0,-0.44122365504488315,0.0
2010-07-02,2010,12.0,29.96,0.0977216953205523,33.204832527413906,19.613366107462333,19.270555555555553,0.34273312027777775,31.0,19.0,27.74904837042382,27.0,0.7490483704238216,0.0
2010-07-03,2010,11.0,19.61,0.4087294070139611,33.16586387455097,19.60705704537799,19.2675,0.33946495666666665,33.0,22.0,30.023999134419853,29.0,1.023999134419853,0.0
2010-07-04,2010,8.0,22.68,0.3152874528505287,33.12338892345287,19.600195630274914,19.264444444444443,0.3355679177777778,30.0,22.0,27.838832141642143,27.0,0.8388321416421434,0.0
2010-07-05,2010,10.0,23.61,0.2862199630480192,33.07741710012037,19.59278721940581,19.261666666666667,0.33104188944444446,32.0,22.0,29.302857824039357,29.0,0.3028578240393571,0.0
2010-07-06,2010,8.0,20.2,0.38839695639874094,33.02795859395624,19.584837546014512,19.25888888888889,0.32588723138888886,32.0,24.0,29.845996075192108,28.0,1.845996075192108,0.0
2010-07-07,2010,11.0,20.49,0.3786206257119482,32.975024353643065,19.57635270372465,19.25611111111111,0.32010476861111115,33.0,22.0,30.043694240847252,30.0,0.04369424084725182,0.0
2010-07-08,2010,8.0,22.2,0.32560976439472566,32.91862608312411,19.567339130194185,19.253611111111113,0.31369578305555557,33.0,25.0,30.854174110810817,29.0,1.854174110810817,0.0
2010-07-09,2010,8.0,16.06,0.5112416882542732,32.85877623776372,19.557803590123868,19.25111111111111,0.30666200055555554,31.0,23.0,28.858637677841042,28.0,0.8586376778410418,0.0
2010-07-10,2010,14.0,20.78,0.36637625313445854,32.795488020763266,19.547753157708968,19.248611111111114,0.29900558222222223,32.0,18.0,28.26085838524527,27.0,1.260858385245271,0.0
2010-07-11,2010,8.0,18.62,0.43108167709107736,32.72877537990783,19.537195198624303,19.24638888888889,0.2907291116666667,27.0,19.0,24.868301414615722,23.0,1.868301414615722,0.0
2010-07-12,2010,11.0,22.48,0.31166787568510723,32.65865300471728,19.526137351632375,20.24416666666667,0.718164416111111,27.0,16.0,24.076057362933916,16.0,8.076057362933916,0.0
2010-07-13,2010,13.0,29.7,0.08854148392624195,32.585136324072245,19.514587509903635,19.242222222222225,0.2723283908333333,29.0,16.0,25.553260255780913,26.0,-0.44673974421908724,0.0
2010-07-14,2010,13.0,29.6,0.08946166786630216,32.50824150438262,19.502553802136447,19.240277777777777,0.2622113102777778,34.0,21.0,30.562471567534168,29.0,1.5624715675341676,0.0
2010-07-15,2010,9.0,24.76,0.2364619738889493,32.427985448361746,19.4900445735622,19.238333333333333,0.25148849194444445,33.0,24.0,30.626811125218225,30.0,0.6268111252182251,0.0
2010-07-16,2010,11.0,28.74,0.11143775669041989,32.34438579446462,19.477068366918438,19.236666666666668,0.24016444388888888,36.0,25.0,33.107864868565194,33.0,0.10786486856519417,0.0
2010-07-17,2010,10.0,26.2,0.18778480217711935,32.2574609170431,19.46363390346974,19.235277777777778,0.22824401833333333,37.0,27.0,34.37873175389791,32.0,2.3787317538979096,0.0
2010-07-18,2010,8.0,24.45,0.23990968276456281,32.16722992726486,19.449750064152493,19.233888888888888,0.21573239944444442,35.0,27.0,32.9095647977094,31.0,1.9095647977094004,0.0
2010-07-19,2010,6.0,14.39,0.5513459839873882,32.07371267483649,19.435425870915893,19.232777777777777,0.20263508777777778,30.0,24.0,28.437272935780335,25.0,3.437272935780335,0.0
2010-07-20,2010,8.0,23.09,0.2779169175992269,31.97692975056367,19.420670468327046,19.231666666666666,0.1889578886111111,29.0,21.0,26.923379433221147,27.0,-0.07662056677885332,0.0
2010-07-21,2010,10.0,28.2,0.11534691900990612,31.876902489774718,19.405493105503744,19.230555555555554,0.17470689611111112,33.0,23.0,30.413259981249883,30.0,0.41325998124988317,0.0
2010-07-22,2010,3.0,16.93,0.4671685999574927,31.77365297662523,19.389903118433654,19.229999999999997,0.15988848194444444,28.0,25.0,27.226767308802167,25.0,2.2267673088021667,0.0
2010-07-23,2010,7.0,5.31,0.8323186350227118,31.66720404929443,19.373909912733815,19.229166666666664,0.1445092813888889,25.0,18.0,23.20247918546286,19.0,4.20247918546286,0.0
2010-07-24,2010,10.0,20.27,0.3576820388090475,31.557579306075173,19.35752294689947,19.228888888888886,0.12857618,29.0,19.0,26.44192190503017,26.0,0.4419219050301706,0.0
2010-07-25,2010,8.0,20.61,0.3445657800317369,31.44480311235193,19.340751716086167,19.22861111111111,0.11209630166666668,30.0,22.0,27.96158372498796,28.0,-0.03841627501203959,0.0
2010-07-26,2010,8.0,12.6,0.5978154433992315,31.328900608452468,19.32360573646426,19.22833333333333,0.09507699555555554,30.0,22.0,27.969825567531498,27.0,0.9698255675314975,0.0
2010-07-27,2010,6.0,13.11,0.5799409495568011,31.20989771835128,19.30609453017975,19.22833333333333,0.07752582499999999,30.0,24.0,28.483694626076066,28.0,0.4836946260760655,0.0
2010-07-28,2010,8.0,22.91,0.26305546205111974,31.08782115919448,19.288227610950976,19.22861111111111,0.059450555555555555,30.0,22.0,27.986881964073092,26.0,1.986881964073092,0.0
2010-07-29,2010,3.0,11.53,0.6276164360150895,30.962698451608382,19.270014470325542,19.228888888888886,0.040859143611111114,21.0,18.0,20.248383519377228,20.0,0.2483835193772279,0.0
2010-07-30,2010,6.0,9.64,0.6873637682222921,30.83455793074642,19.251464564617677,19.229444444444443,0.021759726666666666,23.0,17.0,21.503508642771898,22.0,-0.496491357228102,0.0
2010-07-31,2010,6.0,11.15,0.6368483765160261,30.703428758021392,19.23258730254168,19.230277777777776,0.002160611111111111,26.0,20.0,24.51038360526335,22.0,2.5103836052633497,0.0
2010-08-01,2010,5.0,7.56,0.7526933924923399,30.56934093346388,19.21339203355301,19.231111111111108,0.01792973527777778,24.0,19.0,22.76449104159545,23.0,-0.23550895840455155,0.0
2010-08-02,2010,11.0,27.06,0.11081392152714964,30.432325308640362,19.19388803690468,19.23222222222222,0.038502694444444444,28.0,17.0,25.294958662367243,26.0,-0.7050413376327569,0.0
2010-08-03,2010,11.0,27.62,0.0882205569797746,30.292413600058897,19.174084511422926,19.233611111111113,0.05954950611111111,27.0,16.0,24.308266843707038,24.0,0.30826684370703816,0.0
2010-08-04,2010,13.0,27.83,0.07693751984617236,30.149638402984543,19.153990566002633,19.235,0.08106127611111112,30.0,17.0,26.834854519439947,26.0,0.834854519439947,0.0
2010-08-05,2010,8.0,23.36,0.2214380033530069,30.004033205581226,19.133615210819983,19.23638888888889,0.10302898611111112,30.0,22.0,28.06222053298221,27.0,1.0622205329822094,0.0
2010-08-06,2010,6.0,11.47,0.6158178850455344,29.85563240329253,19.112967349256607,19.238333333333333,0.1254434986111111,28.0,22.0,26.554284620918338,25.0,1.554284620918338,0.0
2010-08-07,2010,10.0,18.19,0.3876342787554288,29.704471313369194,19.092055770527203,19.240277777777777,0.14829556583333334,32.0,22.0,29.603364476245712,27.0,2.603364476245712,0.0
2010-08-08,2010,6.0,18.87,0.3614339871627289,29.550586189448097,19.070889142999874,19.242222222222225,0.17157583638888887,31.0,25.0,29.56986501166852,28.0,1.5698650116685187,0.0
2010-08-09,2010,10.0,20.83,0.29135231980567033,29.394014236083958,19.049476008196507,19.244722222222222,0.19527486055555557,32.0,22.0,29.629701728898638,28.0,1.6297017288986382,0.0
2010-08-10,2010,15.0,21.74,0.2563655389447381,29.234793623132575,19.027824775458466,19.246944444444445,0.21938309777777776,31.0,16.0,27.464710560189893,28.0,-0.5352894398101071,0.05127310778894744
2010-08-11,2010,9.0,23.31,0.19822415076144906,29.072963499882892,19.005943717261424,19.249722222222225,0.24389092055555553,23.0,14.0,20.89107808570163,21.0,-0.10892191429837084,0.0
2010-08-12,2010,10.0,26.65,0.0781278519452907,28.908564008833068,18.983840965161413,19.2525,0.2687886208333333,25.0,15.0,22.670536744709775,22.0,0.670536744709775,0.0
2010-08-13,2010,13.0,26.99,0.06094420932695266,28.741636299005744,18.9615245063533,19.255555555555556,0.2940664147222222,27.0,14.0,23.989832080525343,23.0,0.9898320805253427,0.0
2010-08-14,2010,12.0,25.66,0.10192495647660893,28.57222253869664,18.939002180821667,19.25861111111111,0.3197144461111111,31.0,19.0,28.23831733641871,26.0,2.23831733641871,0.0
2010-08-15,2010,6.0,16.01,0.4362748691041153,28.400365927551512,18.916281679063353,19.261944444444445,0.34572279194444444,30.0,24.0,28.62772045362076,26.0,2.6277204536207606,0.0
2010-08-16,2010,6.0,18.49,0.3449327754940541,28.226110707867004,18.893370540360294,19.26527777777778,0.3720814663888889,29.0,23.0,27.636374704240612,26.0,1.6363747042406125,0.0
2010-08-17,2010,7.0,24.79,0.1162053484826504,28.049502175012147,18.87027615158083,19.26888888888889,0.3987804225,27.0,20.0,25.41930557804335,25.0,0.41930557804334967,0.0
2010-08-18,2010,13.0,24.35,0.1263190734527333,27.870586686869434,18.84700574648732,19.272777777777776,0.42580955833333334,32.0,19.0,29.083560969953673,26.0,3.0835609699536732,0.0
2010-08-19,2010,9.0,17.74,0.35932188773034746,27.689411672196282,18.82356640552789,19.276666666666667,0.4531587177777778,30.0,21.0,27.9943032872097,26.0,1.9943032872097,0.0
2010-08-20,2010,12.0,25.89,0.05875169532269264,27.506025637810836,18.799965056089885,19.280555555555555,0.48081769527777773,33.0,21.0,30.34373944594001,27.0,3.3437394459400096,0.0
2010-08-21,2010,13.0,23.33,0.14606179837042976,27.320478174508835,18.77620847319291,18.284722222222225,0.49122376166666665,36.0,23.0,33.14206173940682,32.0,1.1420617394068202,0.0
2010-08-22,2010,10.0,19.93,0.26546521783619614,27.132819961622374,18.75230328059946,18.289166666666667,0.46297595166666666,35.0,25.0,32.81685365653664,33.0,-0.18314634346336334,0.0
2010-08-23,2010,15.0,24.21,0.1014397930873926,26.943102770134832,18.728255952321405,18.29361111111111,0.43444921416666665,39.0,24.0,35.748373511797624,33.0,2.748373511797624,0.020287958617478445
2010-08-24,2010,5.0,16.04,0.400404752157815,26.75137946427115,18.70407281450104,18.298333333333336,0.4056539294444444,24.0,19.0,22.92388420619256,21.0,1.923884206192561,0.0
2010-08-25,2010,5.0,13.17,0.504098697716389,26.557704001486858,18.679760047645765,18.303055555555556,0.37660051527777777,23.0,18.0,21.931704159414284,22.0,-0.0682958405857157,0.0
2010-08-26,2010,4.0,12.44,0.5281109938829515,26.3621314307847,18.655323689196173,18.30777777777778,0.34729942472222225,23.0,19.0,22.15166608732732,21.0,1.151666087327321,0.0
2010-08-27,2010,8.0,15.21,0.41868282072231255,26.164717889292564,18.630769636407578,18.31277777777778,0.31776114499999997,26.0,18.0,24.3160285142882,24.0,0.3160285142881989,0.0
2010-08-28,2010,8.0,12.68,0.5116600896712136,25.965520597042516,18.606103649525917,18.318055555555556,0.28799619472222227,26.0,18.0,24.32881293093192,22.0,2.328812930931921,0.0
2010-08-29,2010,10.0,21.85,0.15193708330719202,25.764597849895942,18.581331355239435,18.323055555555555,0.2580151230555555,30.0,20.0,27.92710338930532,28.0,-0.07289661069468067,0.0
2010-08-30,2010,10.0,23.1,0.09631516089164649,25.562009010566424,18.55645825038826,18.328611111111112,0.22782850583333333,31.0,21.0,28.943293963718276,29.0,-0.05670603628172444,0.0
2010-08-31,2010,10.0,23.43,0.07602447355518849,25.357814497697586,18.53148970591467,18.333888888888886,0.1974469472222222,32.0,22.0,29.95958456405522,29.0,0.9595845640552199,0.0
2010-09-01,2010,12.0,23.44,0.06806896529790929,25.15207577296,18.50643097103756,18.339444444444442,0.16688107416666667,34.0,22.0,31.57116627806761,32.0,-0.42883372193238856,0.0
2010-09-02,2010,8.0,21.5,0.13809882964234776,24.944855326137237,18.48128717763528,18.345,0.1361415375,35.0,27.0,33.39396216263012,30.0,3.3939621626301175,0.0
2010-09-03,2010,14.0,9.19,0.6284799681780912,24.736216658178208,18.456063344821757,18.350555555555555,0.10523900972222222,30.0,16.0,27.212633237746395,25.0,2.2126332377463953,0.0
2010-09-04,2010,8.0,22.76,0.072013704323875,24.526224262199054,18.430764383701472,18.35638888888889,0.07418418194444446,20.0,12.0,18.420545438412198,17.0,1.4205454384121978,0.0
2010-09-05,2010,8.0,14.75,0.3933771658623575,24.314943602425014,18.405395102289596,18.362222222222222,0.04298776416666667,20.0,12.0,18.433938943826575,17.0,1.4339389438265755,0.0
2010-09-06,2010,13.0,23.37,0.030388668446559852,24.102441091069245,18.379960210584176,18.368055555555557,0.011660481944444445,25.0,12.0,22.477020073358556,21.0,1.4770200733585561,0.0
2010-09-07,2010,12.0,23.14,0.031344586696938403,23.888784063151906,18.354464325778014,18.374166666666667,0.01978692361111111,27.0,15.0,24.691375473277468,24.0,0.6913754732774677,0.0
2010-09-08,2010,12.0,22.71,0.04072142814488244,23.674040749270436,18.328911977598437,18.38,0.051343699444444446,30.0,18.0,27.711744698140766,28.0,-0.288255301859234,0.0
2010-09-09,2010,14.0,19.18,0.18237825626648063,23.458280246337452,18.303307613763792,18.38611111111111,0.08299907972222223,33.0,19.0,30.35423258235704,29.0,1.3542325823570387,0.0
2010-09-10,2010,8.0,18.63,0.19841912542822493,23.241572486310403,18.277655605546048,18.392222222222223,0.11474229083333333,28.0,20.0,26.50182378868471,26.0,0.5018237886847103,0.0
2010-09-11,2010,12.0,19.71,0.1439363230093672,23.023988202942608,18.251960253429495,18.398333333333333,0.14656254916666667,33.0,21.0,30.77334991537555,28.0,2.773349915375551,0.0
2010-09-12,2010,11.0,14.42,0.3676991310167016,22.805598896592517,18.22622579285597,18.404444444444444,0.1784490663888889,24.0,13.0,21.977868430760665,21.0,0.9778684307606653,0.0
2010-09-13,2010,4.0,5.32,0.7644608299123883,22.586476797133827,18.200456400047564,18.410833333333333,0.2103910488888889,15.0,11.0,14.2715990098067,12.0,2.2715990098066996,0.0
2010-09-14,2010,9.0,17.83,0.20283259822284128,22.366694825015212,18.17465619789818,18.416944444444447,0.24237770055555555,19.0,10.0,17.376716767533303,17.0,0.37671676753330274,0.0
2010-09-15,2010,10.0,18.54,0.16284084596590986,22.146326550524737,18.148829261925783,18.423055555555557,0.27439822444444445,21.0,11.0,19.213758726812834,19.0,0.21375872681283425,0.0
2010-09-16,2010,9.0,19.54,0.10879806663253366,21.92544615131926,18.1229796262774,18.429166666666667,0.3064418241666667,22.0,13.0,20.40809316881602,20.0,0.40809316881601987,0.0
2010-09-17,2010,7.0,14.86,0.31533762849864944,21.70412836828537,18.09711128977951,18.435555555555556,0.33849770611111113,19.0,12.0,17.774101534839346,16.0,1.774101534839346,0.0
2010-09-18,2010,8.0,17.7,0.1760715714915133,21.482448459802942,18.07122822202643,18.441666666666666,0.3705550808333334,20.0,12.0,18.613008832642834,17.0,1.6130088326428336,0.0
2010-09-19,2010,6.0,14.31,0.3269202506313378,21.260482154488447,18.045334369499844,18.447777777777777,0.40260316527777773,19.0,13.0,17.970307040122584,17.0,0.9703070401225844,0.0
2010-09-20,2010,6.0,12.22,0.41915474416588716,21.038305602499378,18.01943366171265,18.453888888888887,0.43463118444444443,21.0,15.0,19.980879163608016,19.0,0.9808791636080159,0.0
2010-09-21,2010,11.0,18.97,0.0886815785947972,20.815995325486018,17.993530017370485,18.46,0.4666283725,26.0,15.0,24.151030173168866,21.0,3.1510301731688664,0.0
2010-09-22,2010,10.0,19.28,0.06378808798228897,20.593628165281523,17.967627350544504,18.46611111111111,0.49858397666666665,25.0,15.0,23.336800908667975,21.0,2.336800908667975,0.0
2010-09-23,2010,9.0,12.32,0.39522704242111084,20.37128123142465,17.941729576848914,17.471944444444443,0.4695127436111111,25.0,16.0,23.51905862233069,24.0,-0.48094137766931055,0.0
2010-09-24,2010,9.0,19.95,0.009877985658050648,20.14903184761434,17.915840619616947,17.478055555555553,0.4376725130555556,25.0,16.0,23.53501681658399,23.0,0.5350168165839904,0.0
2010-09-25,2010,11.0,19.75,0.0088803068518023,19.92695749719794,17.889964416068796,17.483888888888888,0.4059060397222222,26.0,15.0,24.22899053154562,22.0,2.2289905315456195,0.0
2010-09-26,2010,8.0,13.0,0.34027351279437335,19.705135767799025,17.864104923465167,17.489722222222223,0.37422401194444443,23.0,15.0,21.726205987446264,21.0,0.7262059874462636,0.0
2010-09-27,2010,10.0,16.98,0.12849979486695284,19.483644295192974,17.838266125239773,17.495555555555555,0.34263709861111113,26.0,16.0,24.425535574748,23.0,1.4255355747480003,0.0
2010-09-28,2010,4.0,13.55,0.296562891796719,19.262560706541926,17.8124520371042,18.00111111111111,0.18884405444444446,20.0,16.0,19.377328797608122,17.0,2.377328797608122,0.0
2010-09-29,2010,9.0,15.81,0.16972843804267668,19.041962563102516,17.78666671311818,18.006666666666668,0.22020882638888886,21.0,12.0,19.6150017071508,18.0,1.6150017071507996,0.0
2010-09-30,2010,9.0,18.09,0.03888694769446166,18.821927302522138,17.760914251718223,18.01222222222222,0.2514466202777778,21.0,12.0,19.63101433292931,17.0,2.631014332929311,0.0
2011-05-01,2011,8.0,8.67,0.7000883435140214,28.9085129320585,18.983834117466134,19.38,0.3964156047222222,18.0,10.0,16.136432815977862,15.0,1.1364328159778623,0.0
2011-05-02,2011,10.0,26.1,0.10225714869337266,29.07291320895793,19.005936936675834,19.38222222222222,0.37636398972222224,21.0,11.0,18.656757651963424,17.0,1.6567576519634244,0.0
2011-05-03,2011,11.0,25.08,0.14211665790639771,29.234744130587814,19.027818064467443,19.384166666666665,0.3563746769444444,23.0,12.0,20.407458998110485,20.0,0.407458998110485,0.0
2011-05-04,2011,13.0,26.45,0.10015544002455479,29.393965554141666,19.04946936932894,19.385833333333334,0.33645452416666666,25.0,12.0,21.918617598188664,21.0,0.9186175981886642,0.0
2011-05-05,2011,12.0,23.38,0.20881305988786503,29.550538330026466,19.070882578827508,19.38722222222222,0.31661075111111114,23.0,11.0,20.139734895515172,20.0,0.13973489551517204,0.0
2011-05-06,2011,4.0,12.08,0.5933265737506693,29.704424288086567,19.09204928366328,19.38888888888889,0.2968509336111111,22.0,18.0,21.041347391748133,19.0,2.0413473917481326,0.0
2011-05-07,2011,9.0,11.6,0.6114629968015737,29.85558622347191,19.11296094235434,19.39,0.2771830011111111,17.0,8.0,14.831430481678694,13.0,1.8314304816786944,0.0
2011-05-08,2011,8.0,20.76,0.3080919749245016,30.00398788225465,19.1336088865708,19.391111111111112,0.25761523194444447,16.0,8.0,14.062223641063314,13.0,1.062223641063314,0.0
2011-05-09,2011,10.0,19.6,0.34990832597873656,30.149593946897586,19.153984327134236,19.391944444444444,0.23815624722222223,17.0,7.0,14.56527653134333,14.0,0.5652765313433292,0.0
2011-05-10,2011,7.0,29.52,0.025497180350120163,30.292370021675225,19.17407836069709,19.392777777777777,0.21881500277777777,17.0,10.0,15.287081533739116,14.0,1.2870815337391157,0.0
2011-05-11,2011,13.0,27.81,0.08616779263815433,30.43228261814612,19.193881977114923,19.393333333333334,0.19960078388888888,22.0,9.0,18.803137771994617,18.0,0.8031377719946171,0.0
2011-05-12,2011,11.0,25.47,0.1668111237123815,30.569299140772138,19.213386067521952,19.39388888888889,0.1805231938888889,24.0,13.0,21.281884287690033,21.0,0.2818842876900334,0.0
2011-05-13,2011,10.0,20.88,0.31994475376726983,30.703387872776432,19.23258143311824,19.394166666666667,0.1615921461111111,28.0,18.0,25.517309575200642,22.0,3.517309575200642,0.0
2011-05-14,2011,12.0,28.36,0.08025155331927702,30.83451796232797,19.25145879467404,19.394166666666667,0.1428178525,29.0,17.0,26.007021483854217,25.0,1.007021483854217,0.0
2011-05-15,2011,14.0,26.22,0.15317351608810137,30.96265940913564,19.27000880275388,19.394166666666667,0.12421081277777778,33.0,19.0,29.492461224891425,27.0,2.492461224891425,0.0
2011-05-16,2011,11.0,26.71,0.14082004639165024,31.087783051530014,19.288222048659975,19.39388888888889,0.10578180083333333,33.0,22.0,30.2319663952686,29.0,1.2319663952686,0.0
2011-05-17,2011,8.0,8.71,0.7209215342407405,31.2098605541048,19.306089076090895,19.39361111111111,0.08754185055555556,21.0,13.0,18.978262130892475,17.0,1.9782621308924746,0.0
2011-05-18,2011,9.0,18.65,0.4047023293193308,31.328864395984294,19.323600393507927,19.393055555555556,0.06950224277777778,22.0,13.0,19.716056655605268,13.0,6.716056655605268,0.0
2011-05-19,2011,9.0,16.7,0.4689100560553855,31.44476785977628,19.340746487197485,19.392222222222223,0.051674489444444444,21.0,12.0,18.706784515502406,19.0,-0.29321548449759405,0.0
2011-05-20,2011,10.0,22.04,0.30159332783492465,31.557545021263238,19.357517835013972,19.391388888888887,0.03407031527777778,24.0,14.0,21.44192496772006,21.0,0.44192496772005896,0.0
2011-05-21,2011,8.0,16.78,0.4701136979417735,31.667170739877196,19.373904920782916,19.390555555555554,0.016701642222222222,22.0,14.0,19.945692885875395,20.0,-0.05430711412460454,0.0
2011-05-22,2011,11.0,22.19,0.3016219257970283,31.77362064999603,19.3898982493399,19.389444444444443,0.00041942944444444444,22.0,11.0,19.16481666272595,12.0,7.164816662725951,0.0
2011-05-23,2011,10.0,27.76,0.12914916063498905,31.87687115309146,19.405488362175912,19.388055555555557,0.017280639722222223,22.0,12.0,19.413262807600713,19.0,0.413262807600713,0.0
2011-05-24,2011,12.0,29.54,0.0762081207264157,31.97689941075096,19.420665853655056,19.386666666666667,0.03386959083333333,25.0,13.0,21.88507244372106,22.0,-0.11492755627893914,0.0
2011-05-25,2011,13.0,27.95,0.12856906065497475,32.07368333858728,19.435421387765565,19.384999999999998,0.050173765277777775,29.0,16.0,25.61409482166219,24.0,1.6140948216621887,0.0
2011-05-26,2011,12.0,20.6,0.35959614219806046,32.16720160104197,19.449745715360166,19.883333333333333,0.4338194511111111,29.0,17.0,25.864350290305673,24.0,1.8643502903056728,0.0
2011-05-27,2011,7.0,14.78,0.5418110386575866,32.25743360708034,19.463629691836744,19.381666666666668,0.08187725305555556,23.0,16.0,21.165113972695025,20.0,1.1651139726950248,0.0
2011-05-28,2011,14.0,29.65,0.08330229900530373,32.34435950676781,19.477064295205487,19.379722222222224,0.09725113638888888,25.0,11.0,21.31910411056554,22.0,-0.6808958894344599,0.0
2011-05-29,2011,13.0,29.6,0.08720746455381156,32.42796018870928,19.490040644483663,19.3775,0.11228942916666666,29.0,16.0,25.57206352822317,24.0,1.5720635282231683,0.0
2011-05-30,2011,13.0,27.42,0.1565209569864161,32.50821727832592,19.502550018354576,19.375555555555557,0.1269793561111111,31.0,18.0,27.562474465888734,27.0,0.5624744658887337,0.0
2011-06-01,2011,7.0,17.2,0.47333983249664546,32.658630861599086,19.526133866192886,19.370833333333334,0.1552631322222222,25.0,18.0,23.139310664622542,22.0,1.139310664622542,0.0
2011-06-02,2011,6.0,12.39,0.6214338042978402,32.72875428567832,19.53719186609701,19.368333333333332,0.16883162416666667,24.0,18.0,22.40122723439336,22.0,0.4012272343933603,0.0
2011-06-03,2011,10.0,16.02,0.5115178716236735,32.79546798006537,19.54774998048912,19.365555555555556,0.18200108555555555,28.0,18.0,25.329186423171706,25.0,0.32918642317170566,0.0
2011-06-04,2011,13.0,29.22,0.11073934497194227,32.858757255012094,19.55780057052538,19.36277777777778,0.19475908305555556,33.0,20.0,29.520288524657197,29.0,0.5202885246571967,0.0
2011-06-05,2011,8.0,16.1,0.5109149232397199,32.9186081625043,19.56733627044394,19.360000000000003,0.20709332555555557,27.0,19.0,24.854175448708553,19.0,5.854175448708553,0.0
2011-06-06,2011,12.0,28.84,0.12539822770994424,32.97500749911059,19.576350005956854,19.357222222222223,0.21899168972222222,30.0,18.0,26.774941063012715,27.0,-0.22505893698728485,0.0
2011-06-07,2011,10.0,23.44,0.29029791121457516,33.02794280923552,19.58483501226523,19.354166666666668,0.23044224472222222,30.0,20.0,27.307496572686706,27.0,0.3074965726867056,0.0
2011-06-08,2011,10.0,25.57,0.22696469028860167,33.077402388703554,19.592784851607632,19.351111111111113,0.241433275,32.0,22.0,29.30285920459995,28.0,1.302859204599951,0.0
2011-06-09,2011,11.0,19.52,0.41068807662488027,33.12337528859868,19.600193430251807,19.348055555555554,0.25195330499999996,31.0,20.0,28.028395604544343,27.0,1.0283956045443432,0.0
2011-06-10,2011,8.0,18.07,0.45516248547210747,33.16585131928341,19.607055014840363,19.345,0.26199112305555555,30.0,22.0,27.83563667967376,27.0,0.8356366796737618,0.0
2011-06-11,2011,12.0,28.55,0.14018509682307667,33.204821054520956,19.61336424800236,19.341666666666665,0.2715358033333333,33.0,21.0,29.749049668289594,29.0,0.7490496682895937,0.0
2011-06-12,2011,11.0,26.07,0.21571047939200805,33.24027583562532,19.61911616314477,19.33833333333333,0.28057672694444447,35.0,24.0,32.01628327797212,31.0,1.0162832779721214,0.0
2011-06-13,2011,15.0,17.74,0.46682227642771357,33.272207775565235,19.62430619834084,19.334999999999997,0.289103605,35.0,20.0,30.92677164433272,20.0,10.926771644332721,0.09336445528554238
2011-06-14,2011,7.0,16.31,0.5102191786846538,33.30060976295105,19.628930209235804,19.331666666666667,0.29710649666666666,28.0,21.0,26.0972803435803,26.0,0.09728034358030158,0.0
2011-06-15,2011,5.0,13.07,0.6078075461099237,33.325475465836625,19.632984480895,19.328333333333333,0.3045758302777778,28.0,23.0,26.639737884962887,25.0,1.6397378849628872,0.0
2011-06-16,2011,9.0,17.3,0.4812095809836565,33.34679933527261,19.63646573852433,19.32472222222222,0.31150242055555555,32.0,23.0,29.549710380702678,29.0,0.5497103807026775,0.0
2011-06-17,2011,7.0,19.05,0.42903516434502476,33.36457660855248,19.639371156999037,19.32138888888889,0.31787748555555556,29.0,22.0,27.093039642170446,27.0,0.0930396421704458,0.0
2011-06-18,2011,10.0,11.93,0.6425875461006761,33.37880331209849,19.64169836914314,19.317777777777778,0.32369266361111115,28.0,18.0,25.274421615702348,19.0,6.274421615702348,0.0
2011-06-19,2011,7.0,18.11,0.4576135349700551,33.38947626394061,19.643445472708866,19.314444444444444,0.32894002694444446,25.0,18.0,23.091386230134923,25.0,-1.9086137698650774,0.0
2011-06-20,2011,11.0,21.44,0.3580183478185739,33.39659307574882,19.644611036013124,19.310833333333335,0.333612095,29.0,18.0,26.00000673206048,27.0,-0.9999932679395194,0.0
2011-06-21,2011,10.0,22.98,0.31197918219716425,33.40015215438629,19.645194102196037,19.307222222222222,0.33770184722222224,33.0,23.0,30.272395509007012,29.0,1.272395509007012,0.0
2011-06-22,2011,10.0,24.15,0.27694941353185276,33.40015270295875,19.645194192074904,19.30388888888889,0.34120273305555554,28.0,18.0,25.272395456924475,26.0,-0.7276045430755254,0.0
2011-06-23,2011,12.0,18.21,0.45473482695041956,33.39659472134338,19.64461130557584,19.30027777777778,0.34410868166666664,32.0,20.0,28.72727988388006,24.0,4.727279883880058,0.0
2011-06-24,2011,11.0,24.78,0.2578500552402464,33.38947900618884,19.64344592173397,19.296944444444446,0.3464141088888889,31.0,20.0,28.000749503934404,29.0,-0.9992504960655957,0.0
2011-06-25,2011,12.0,30.99,0.07156658234142299,33.37880715038662,19.641698997262278,19.293333333333337,0.34811392444444444,35.0,23.0,31.729305501887744,31.0,0.7293055018877439,0.0
2011-06-26,2011,15.0,28.18,0.15539177482240973,33.364581542021774,19.639371963698046,19.290000000000003,0.34920353555555556,36.0,21.0,31.913655674405497,27.0,4.913655674405497,0.031078354964481837
2011-06-27,2011,10.0,16.37,0.5090984032236039,33.34680536281995,19.63646672314477,19.28666666666667,0.3496788522222222,29.0,19.0,26.277455407408606,27.0,-0.7225445925913938,0.0
2011-06-28,2011,10.0,25.86,0.22401723866485435,33.32548258611522,19.632985642636104,19.283333333333335,0.3495362875,30.0,20.0,27.279475095756894,27.0,0.27947509575689367,0.0
2011-06-29,2011,9.0,16.84,0.49430367889988147,33.30061797437121,19.628931547156824,19.279999999999998,0.34877276,30.0,21.0,27.553645456931296,26.0,1.5536454569312959,0.0
2011-06-30,2011,8.0,21.19,0.3631323109184471,33.27221707629535,19.62430771136379,19.276666666666667,0.3473856908333333,27.0,19.0,24.827610840509543,24.0,0.8276108405095428,0.0
2011-07-01,2011,11.0,21.63,0.3492835815400507,33.24028622359295,19.619117850057584,19.27361111111111,0.3453730033333334,29.0,18.0,26.016282199389586,21.0,5.016282199389586,0.0
2011-07-02,2011,11.0,22.63,0.31847269576448933,33.204832527413906,19.613366107462333,19.270555555555553,0.34273312027777775,27.0,16.0,24.019961006221834,23.0,1.019961006221834,0.0
2011-07-03,2011,8.0,15.63,0.5287323116587563,33.16586387455097,19.60705704537799,19.2675,0.33946495666666665,23.0,15.0,20.83563573412353,22.0,-1.1643642658764684,0.0
2011-07-04,2011,11.0,31.21,0.05776549397993824,33.12338892345287,19.600195630274914,19.264444444444443,0.3355679177777778,29.0,18.0,26.02839419475795,26.0,0.028394194757950686,0.0
2011-07-05,2011,12.0,30.41,0.08064163813173497,33.07741710012037,19.59278721940581,19.261666666666667,0.33104188944444446,29.0,17.0,25.76342938884723,27.0,-1.2365706111527714,0.0
2011-07-06,2011,12.0,23.33,0.29362876201894184,33.02795859395624,19.584837546014512,19.25888888888889,0.32588723138888886,30.0,18.0,26.768994112788164,27.0,-0.23100588721183613,0.0
2011-07-07,2011,12.0,23.29,0.29370787568722656,32.975024353643065,19.57635270372465,19.25611111111111,0.32010476861111115,32.0,20.0,28.774939171833363,29.0,-0.22506082816663664,0.0
2011-07-08,2011,9.0,25.5,0.2253625672101578,32.91862608312411,19.567339130194185,19.253611111111113,0.31369578305555557,32.0,23.0,29.58594587466217,28.0,1.585945874662169,0.0
2011-07-09,2011,9.0,30.12,0.08334991595384234,32.85877623776372,19.557803590123868,19.25111111111111,0.30666200055555554,31.0,22.0,28.59096738757117,29.0,-0.40903261242883104,0.0
2011-07-10,2011,10.0,27.91,0.14896829764113273,32.795488020763266,19.547753157708968,19.248611111111114,0.29900558222222223,31.0,21.0,28.329184560889477,29.0,-0.6708154391105232,0.0
2011-07-11,2011,12.0,28.47,0.1301232731892037,32.72877537990783,19.537195198624303,19.24638888888889,0.2907291116666667,34.0,22.0,30.802452121923587,31.0,-0.1975478780764135,0.0
2011-07-12,2011,12.0,29.09,0.10927128575087952,32.65865300471728,19.526137351632375,19.24416666666667,0.2818355838888889,37.0,25.0,33.81024439592791,31.0,2.81024439592791,0.0
2011-07-13,2011,13.0,28.3,0.13150585842130125,32.585136324072245,19.514587509903635,19.242222222222225,0.2723283908333333,40.0,27.0,36.55326025578091,34.0,2.5532602557809128,0.0
2011-07-14,2011,8.0,23.66,0.2721845628958348,32.50824150438262,19.502553802136447,19.240277777777777,0.2622113102777778,34.0,26.0,31.884597887713333,29.0,2.8845978877133334,0.0
2011-07-15,2011,5.0,12.51,0.6142221039317753,32.427985448361746,19.4900445735622,19.238333333333333,0.25148849194444445,26.0,21.0,24.681561736232347,23.0,1.6815617362323465,0.0
2011-07-16,2011,5.0,13.54,0.5813802096586043,32.34438579446462,19.477068366918438,19.236666666666668,0.24016444388888888,25.0,20.0,23.685393122075087,21.0,2.6853931220750873,0.0
2011-07-17,2011,12.0,23.22,0.28016653078445464,32.2574609170431,19.46363390346974,19.235277777777778,0.22824401833333333,30.0,18.0,26.854478104677497,27.0,-0.14552189532250281,0.0
2011-07-18,2011,12.0,27.15,0.1559733287140237,32.16722992726486,19.449750064152493,19.233888888888888,0.21573239944444442,33.0,21.0,29.864347196564104,30.0,-0.13565280343589592,0.0
2011-07-19,2011,11.0,28.64,0.10705691323132727,32.07371267483649,19.435425870915893,19.232777777777777,0.20263508777777778,35.0,24.0,32.135000382263954,31.0,1.1350003822639536,0.0
2011-07-20,2011,7.0,20.31,0.36485459490863137,31.97692975056367,19.420670468327046,19.231666666666666,0.1889578886111111,29.0,22.0,27.182957004068502,24.0,3.182957004068502,0.0
2011-07-21,2011,11.0,19.87,0.3766646553449231,31.876902489774718,19.405493105503744,19.230555555555554,0.17470689611111112,30.0,19.0,27.154585979374872,27.0,0.15458597937487184,0.0
2011-07-22,2011,10.0,28.47,0.10397460370879019,31.77365297662523,19.389903118433654,19.229999999999997,0.15988848194444444,32.0,22.0,29.42255769600722,29.0,0.42255769600722104,0.0
2011-07-23,2011,11.0,28.0,0.11580447846251007,31.66720404929443,19.373909912733815,19.229166666666664,0.1445092813888889,35.0,24.0,32.17532443429878,31.0,1.1753244342987799,0.0
2011-07-24,2011,8.0,22.4,0.2901863675048182,31.557579306075173,19.35752294689947,19.228888888888886,0.12857618,35.0,27.0,32.953537524024135,32.0,0.953537524024135,0.0
2011-07-25,2011,9.0,27.4,0.128631847300805,31.44480311235193,19.340751716086167,19.22861111111111,0.11209630166666668,33.0,24.0,30.706781690611457,30.0,0.7067816906114572,0.0
2011-07-26,2011,5.0,14.19,0.5470635826853252,31.328900608452468,19.32360573646426,19.22833333333333,0.09507699555555554,29.0,24.0,27.731140979707185,26.0,1.7311409797071846,0.0
2011-07-27,2011,10.0,26.0,0.16693094496390748,31.20989771835128,19.30609453017975,19.22833333333333,0.07752582499999999,29.0,19.0,26.47282437679344,26.0,0.47282437679344014,0.0
2011-07-28,2011,12.0,29.33,0.05654372335047331,31.08782115919448,19.288227610950976,19.22861111111111,0.059450555555555555,33.0,21.0,29.980322946109638,28.0,1.9803229461096379,0.0
2011-07-29,2011,11.0,27.64,0.10731294808821101,30.962698451608382,19.270014470325542,19.228888888888886,0.040859143611111114,34.0,23.0,31.244072904383167,30.0,1.2440729043831666,0.0
2011-07-30,2011,11.0,25.31,0.17916773586164036,30.83455793074642,19.251464564617677,19.229444444444443,0.021759726666666666,35.0,24.0,32.25643251174848,31.0,1.2564325117484785,0.0
2011-07-31,2011,10.0,23.36,0.239172921561827,30.703428758021392,19.23258730254168,19.230277777777776,0.002160611111111111,35.0,25.0,32.51730600877225,31.0,1.5173060087722519,0.0
2011-08-01,2011,4.0,18.46,0.3961269874879093,30.56934093346388,19.21339203355301,19.231111111111108,0.01792973527777778,29.0,25.0,28.011592833276357,26.0,2.0115928332763566,0.0
2011-08-02,2011,11.0,22.25,0.26886954005835473,30.432325308640362,19.19388803690468,19.23222222222222,0.038502694444444444,34.0,23.0,31.294958662367243,30.0,1.294958662367243,0.0
2011-08-03,2011,11.0,22.15,0.2687938210391748,30.292413600058897,19.174084511422926,19.233611111111113,0.05954950611111111,36.0,25.0,33.30826684370704,28.0,5.308266843707038,0.0
2011-08-04,2011,10.0,27.53,0.08688788793981761,30.149638402984543,19.153990566002633,19.235,0.08106127611111112,34.0,24.0,31.5652727072615,30.0,1.5652727072614994,0.0
2011-08-05,2011,11.0,27.11,0.09645480611729529,30.004033205581226,19.133615210819983,19.23638888888889,0.10302898611111112,35.0,24.0,32.33555323285054,31.0,1.3355532328505433,0.0
2011-08-06,2011,10.0,24.8,0.16933596766602022,29.85563240329253,19.112967349256607,19.238333333333333,0.1254434986111111,31.0,21.0,28.59047436819723,27.0,1.5904743681972313,0.0
2011-08-07,2011,14.0,26.43,0.11023496357921847,29.704471313369194,19.092055770527203,19.240277777777777,0.14829556583333334,35.0,21.0,31.644710266744,31.0,0.6447102667439992,0.0
2011-08-08,2011,13.0,18.71,0.36684843136272693,29.550586189448097,19.070889142999874,19.242222222222225,0.17157583638888887,30.0,17.0,26.90137419194846,20.0,6.9013741919484595,0.0
2011-08-09,2011,8.0,16.09,0.4526096411749032,29.394014236083958,19.049476008196507,19.244722222222222,0.19527486055555557,26.0,18.0,24.10376138311891,23.0,1.1037613831189113,0.0
2011-08-10,2011,11.0,24.12,0.17495569454218407,29.234793623132575,19.027824775458466,19.246944444444445,0.21938309777777776,28.0,17.0,25.407454410805922,24.0,1.4074544108059222,0.0
2011-08-11,2011,5.0,8.07,0.722422518088584,29.072963499882892,19.005943717261424,19.249722222222225,0.24389092055555553,23.0,18.0,21.828376714278683,21.0,0.8283767142786829,0.0
2011-08-12,2011,9.0,19.73,0.3175032840105285,28.908564008833068,18.983840965161413,19.2525,0.2687886208333333,28.0,19.0,25.9034830702388,24.0,1.9034830702387993,0.0
2011-08-13,2011,10.0,19.73,0.31353943127161077,28.741636299005744,18.9615245063533,19.255555555555556,0.2940664147222222,29.0,19.0,26.684486215788723,26.0,0.6844862157887235,0.0
2011-08-14,2011,9.0,18.54,0.3511180316865289,28.57222253869664,18.939002180821667,19.25861111111111,0.3197144461111111,28.0,19.0,25.92873800231403,24.0,1.9287380023140308,0.0
2011-08-15,2011,13.0,25.54,0.10071581242467864,28.400365927551512,18.916281679063353,19.261944444444445,0.34572279194444444,33.0,20.0,30.026727649511653,27.0,3.0267276495116526,0.0
2011-08-16,2011,13.0,24.89,0.1181923624687401,28.226110707867004,18.893370540360294,19.26527777777778,0.3720814663888889,35.0,22.0,32.04547852585466,30.0,2.045478525854662,0.0
2011-08-17,2011,9.0,20.59,0.26594062627098713,28.049502175012147,18.87027615158083,19.26888888888889,0.3987804225,35.0,26.0,32.96767860034145,30.0,2.9676786003414506,0.0
2011-08-18,2011,8.0,15.78,0.4338117034531471,27.870586686869434,18.84700574648732,19.272777777777776,0.42580955833333334,35.0,27.0,33.20526828920226,30.0,3.205268289202259,0.0
2011-08-19,2011,10.0,20.85,0.24700458619942178,27.689411672196282,18.82356640552789,19.276666666666667,0.4531587177777778,35.0,25.0,32.77144809689967,30.0,2.771448096899668,0.0
2011-08-20,2011,10.0,22.07,0.1976303559587419,27.506025637810836,18.799965056089885,18.780555555555555,0.019182304722222224,36.0,26.0,33.78644953828334,32.0,1.7864495382833425,0.0
2011-08-21,2011,8.0,17.14,0.37263177128457625,27.320478174508835,18.77620847319291,18.284722222222225,0.49122376166666665,31.0,23.0,29.24126876271189,25.0,4.24126876271189,0.0
2011-08-22,2011,8.0,10.39,0.6170689218925277,27.132819961622374,18.75230328059946,18.289166666666667,0.46297595166666666,25.0,17.0,23.253482925229306,24.0,-0.7465170747706935,0.0
2011-08-23,2011,12.0,25.4,0.0572726453704987,26.943102770134832,18.728255952321405,18.29361111111111,0.43444921416666665,30.0,18.0,27.398698809438095,28.0,-0.6013011905619052,0.0
2011-08-24,2011,13.0,24.18,0.09612137825286571,26.75137946427115,18.70407281450104,18.298333333333336,0.4056539294444444,34.0,21.0,31.202098936100654,31.0,0.20209893610065421,0.0
2011-08-25,2011,14.0,22.55,0.15090551507248073,26.557704001486858,18.679760047645765,18.303055555555556,0.37660051527777777,37.0,23.0,34.008771646359996,31.0,3.008771646359996,0.0
2011-08-26,2011,11.0,20.18,0.23450802705449836,26.3621314307847,18.655323689196173,18.30777777777778,0.34729942472222225,30.0,19.0,27.667081740150138,24.0,3.667081740150138,0.0
2011-08-27,2011,9.0,10.18,0.6109264375380107,26.164717889292564,18.630769636407578,18.31277777777778,0.31776114499999997,23.0,14.0,21.105532078574225,15.0,6.105532078574225,0.0
2011-08-28,2011,5.0,7.52,0.710385163590499,25.965520597042516,18.606103649525917,18.318055555555556,0.28799619472222227,18.0,13.0,16.955508081832452,18.0,-1.044491918167548,0.0
2011-08-29,2011,4.0,12.82,0.5024180049427095,25.764597849895942,18.581331355239435,18.323055555555555,0.2580151230555555,18.0,14.0,17.17084135572213,17.0,0.17084135572212844,0.0
2011-08-30,2011,8.0,14.8,0.4210157740777649,25.562009010566424,18.55645825038826,18.328611111111112,0.22782850583333333,21.0,13.0,19.35463517097462,19.0,0.35463517097462116,0.0
2011-08-31,2011,9.0,16.0,0.3690307971354253,25.357814497697586,18.53148970591467,18.333888888888886,0.1974469472222222,22.0,13.0,20.163626107649698,20.0,0.16362610764969787,0.0
2011-09-01,2011,9.0,14.56,0.4211213368062099,25.15207577296,18.50643097103756,18.339444444444442,0.16688107416666667,23.0,14.0,21.17837470855071,18.0,3.1783747085507095,0.0
2011-09-02,2011,11.0,23.43,0.060728166442800324,24.944855326137237,18.48128717763528,18.345,0.1361415375,26.0,15.0,23.791697973616415,24.0,-0.20830202638358486,0.0
2011-09-03,2011,10.0,22.56,0.08797694038060244,24.736216658178208,18.456063344821757,18.350555555555555,0.10523900972222222,28.0,18.0,26.009023741247425,25.0,1.0090237412474252,0.0
2011-09-04,2011,11.0,21.91,0.10667048601652473,24.526224262199054,18.430764383701472,18.35638888888889,0.07418418194444446,29.0,18.0,26.82824997781677,26.0,0.8282499778167711,0.0
2011-09-05,2011,11.0,22.43,0.0775220223927241,24.314943602425014,18.405395102289596,18.362222222222222,0.04298776416666667,30.0,19.0,27.84666604776154,27.0,0.8466660477615413,0.0
2011-09-06,2011,11.0,23.27,0.034537625791675186,24.102441091069245,18.379960210584176,18.368055555555557,0.011660481944444445,30.0,19.0,27.865170831303395,26.0,1.865170831303395,0.0
2011-09-07,2011,11.0,22.96,0.03887950348149116,23.888784063151906,18.354464325778014,18.374166666666667,0.01978692361111111,29.0,18.0,26.883760850504345,25.0,1.8837608505043448,0.0
2011-09-08,2011,11.0,22.02,0.06986727643110135,23.674040749270436,18.328911977598437,18.88,0.5513436994444445,29.0,18.0,26.90243263996237,24.0,2.9024326399623703,0.0
2011-09-09,2011,14.0,21.38,0.08859474030121772,23.458280246337452,18.303307613763792,18.38611111111111,0.08299907972222223,29.0,15.0,26.35423258235704,25.0,1.3542325823570387,0.0
2011-09-10,2011,10.0,17.92,0.22896783294008527,23.241572486310403,18.277655605546048,18.392222222222223,0.11474229083333333,29.0,19.0,27.12727973585589,25.0,2.1272797358558897,0.0
2011-09-11,2011,8.0,18.84,0.18172299977151085,23.023988202942608,18.251960253429495,18.398333333333333,0.14656254916666667,27.0,19.0,25.515566610250367,23.0,2.5155666102503673,0.0
2011-09-12,2011,9.0,21.58,0.053741140592262204,22.805598896592517,18.22622579285597,18.404444444444444,0.1784490663888889,25.0,16.0,23.34552871607691,22.0,1.3455287160769096,0.0
2011-09-13,2011,8.0,22.09,0.02198115277531154,22.586476797133827,18.200456400047564,18.410833333333333,0.2103910488888889,24.0,16.0,22.5431980196134,21.0,1.5431980196133992,0.0
2011-09-14,2011,13.0,22.01,0.01594758759869508,22.366694825015212,18.17465619789818,18.416944444444447,0.24237770055555555,26.0,13.0,23.65525755310366,21.0,2.6552575531036595,0.0
2011-09-15,2011,12.0,21.69,0.0206050673678847,22.146326550524737,18.148829261925783,18.423055555555557,0.27439822444444445,25.0,13.0,22.8565104721754,20.0,2.856510472175401,0.0
2011-09-16,2011,12.0,21.31,0.0280699488198205,21.92544615131926,18.1229796262774,18.429166666666667,0.3064418241666667,25.0,13.0,22.87745755842136,20.0,2.8774575584213586,0.0
2011-09-17,2011,7.0,14.77,0.3194843050420627,21.70412836828537,18.09711128977951,18.435555555555556,0.33849770611111113,23.0,16.0,21.774101534839346,19.0,2.774101534839346,0.0
2011-09-18,2011,9.0,16.89,0.21377677076224055,21.482448459802942,18.07122822202643,18.441666666666666,0.3705550808333334,23.0,14.0,21.439634936723188,20.0,1.4396349367231878,0.0
2011-09-19,2011,11.0,19.62,0.07716109834988438,21.260482154488447,18.045334369499844,18.447777777777777,0.40260316527777773,25.0,14.0,23.112229573558068,21.0,2.112229573558068,0.0
2011-09-20,2011,10.0,19.32,0.08167509470416856,21.038305602499378,18.01943366171265,18.453888888888887,0.43463118444444443,26.0,16.0,24.301465272680023,23.0,1.3014652726800229,0.0
2011-09-21,2011,12.0,17.63,0.15305515185167495,20.815995325486018,17.993530017370485,18.46,0.4666283725,28.0,16.0,25.982942007093307,24.0,1.9829420070933068,0.0
2011-09-22,2011,7.0,15.96,0.22500300229239267,20.593628165281523,17.967627350544504,18.46611111111111,0.49858397666666665,22.0,15.0,20.835760636067583,18.0,2.835760636067583,0.0
2011-09-23,2011,10.0,19.18,0.058478463769229494,20.37128123142465,17.941729576848914,17.471944444444443,0.4695127436111111,22.0,12.0,20.354509580367434,21.0,-0.6454904196325657,0.0
2011-09-24,2011,11.0,16.75,0.16869454936202244,20.14903184761434,17.915840619616947,17.478055555555553,0.4376725130555556,24.0,13.0,22.209464998047103,23.0,-0.7905350019528967,0.0
2011-09-25,2011,7.0,15.31,0.2316940505266376,19.92695749719794,17.889964416068796,17.483888888888888,0.4059060397222222,21.0,14.0,19.872993974619938,18.0,1.8729939746199378,0.0
2011-09-26,2011,8.0,15.78,0.1991935409150163,19.705135767799025,17.864104923465167,17.489722222222223,0.37422401194444443,19.0,11.0,17.726205987446264,16.0,1.7262059874462636,0.0
2011-09-27,2011,13.0,19.16,0.016611075951167065,19.483644295192974,17.838266125239773,17.495555555555555,0.34263709861111113,21.0,8.0,18.9531962471724,17.0,1.9531962471724,0.0
2011-09-28,2011,13.0,18.84,0.021936891619940058,19.262560706541926,17.8124520371042,18.00111111111111,0.18884405444444446,22.0,9.0,19.9763185922264,18.0,1.9763185922263986,0.0
2011-09-29,2011,14.0,15.91,0.1644768785110049,19.041962563102516,17.78666671311818,18.006666666666668,0.22020882638888886,25.0,11.0,22.845558211123468,19.0,3.8455582111234676,0.0
2011-09-30,2011,9.0,13.74,0.2700003682322777,18.821927302522138,17.760914251718223,18.01222222222222,0.2514466202777778,21.0,12.0,19.63101433292931,17.0,2.631014332929311,0.0
2012-05-01,2012,13.0,27.69,0.047567066947106884,29.07291320895793,19.005936936675834,19.38222222222222,0.37636398972222224,25.0,12.0,21.95378494755245,20.0,1.9537849475524496,0.0
2012-05-02,2012,13.0,24.21,0.17187576905557755,29.234744130587814,19.027818064467443,19.384166666666665,0.3563746769444444,27.0,14.0,23.936087906857846,22.0,1.9360879068578463,0.0
2012-05-03,2012,10.0,20.67,0.29679444027627777,29.393965554141666,19.04946936932894,19.385833333333334,0.33645452416666666,26.0,16.0,23.62970584476051,22.0,1.6297058447605117,0.0
2012-05-04,2012,5.0,10.57,0.6423077007277473,29.550538330026466,19.070882578827508,19.38722222222222,0.31661075111111114,22.0,17.0,20.80822287313132,20.0,0.8082228731313208,0.0
2012-05-05,2012,12.0,20.94,0.29505450780952114,29.704424288086567,19.09204928366328,19.38888888888889,0.2968509336111111,27.0,15.0,24.124042175244398,23.0,1.1240421752443979,0.0
2012-05-06,2012,13.0,23.97,0.19713517528738966,29.85558622347191,19.11296094235434,19.39,0.2771830011111111,30.0,17.0,26.867621806869224,26.0,0.8676218068692236,0.0
2012-05-07,2012,11.0,18.75,0.37508306983788076,30.00398788225465,19.1336088865708,19.391111111111112,0.25761523194444447,26.0,15.0,23.335557506462056,22.0,1.335557506462056,0.0
2012-05-08,2012,11.0,23.2,0.23050373279115766,30.149593946897586,19.153984327134236,19.391944444444444,0.23815624722222223,23.0,12.0,20.321804184477664,20.0,0.32180418447766357,0.0
2012-05-09,2012,12.0,23.3,0.23082941402973567,30.292370021675225,19.17407836069709,19.392777777777777,0.21881500277777777,24.0,12.0,21.063568343552767,19.0,2.0635683435527667,0.0
2012-05-10,2012,7.0,15.65,0.4857434719448801,30.43228261814612,19.193881977114923,19.393333333333334,0.19960078388888888,15.0,8.0,13.27861264645864,13.0,0.27861264645864026,0.0
2012-05-11,2012,16.0,29.49,0.035306636760036536,30.569299140772138,19.213386067521952,19.39388888888889,0.1805231938888889,24.0,8.0,20.046377145730958,19.0,1.0463771457309576,0.04236796411204382
2012-05-12,2012,15.0,29.66,0.033982825514234705,30.703387872776432,19.23258143311824,19.394166666666667,0.1615921461111111,25.0,10.0,21.275964362800963,21.0,0.2759643628009627,0.006796565102846917
2012-05-13,2012,13.0,28.72,0.06857632621049492,30.83451796232797,19.25145879467404,19.394166666666667,0.1428178525,27.0,14.0,23.757606607508738,23.0,0.7576066075087375,0.0
2012-05-14,2012,14.0,25.67,0.17093684813049426,30.96265940913564,19.27000880275388,19.394166666666667,0.12421081277777778,30.0,16.0,26.492461224891425,25.0,1.492461224891425,0.0
2012-05-15,2012,14.0,26.81,0.13760334869936885,31.087783051530014,19.288222048659975,19.39388888888889,0.10578180083333333,32.0,18.0,28.477048139432764,27.0,1.477048139432764,0.0
2012-05-16,2012,8.0,20.57,0.34091342816670867,31.2098605541048,19.306089076090895,19.39361111111111,0.08754185055555556,28.0,20.0,25.978262130892475,25.0,0.9782621308924746,0.0
2012-05-17,2012,11.0,18.79,0.4002336068584572,31.328864395984294,19.323600393507927,19.893055555555556,0.5695022427777778,27.0,16.0,24.208513690184216,23.0,1.2085136901842155,0.0
2012-05-18,2012,13.0,20.3,0.35442360107331294,31.44476785977628,19.340746487197485,19.392222222222223,0.051674489444444444,29.0,16.0,25.687577633503473,27.0,-1.312422366496527,0.0
2012-05-19,2012,14.0,20.61,0.3469073723538021,31.557545021263238,19.357517835013972,19.391388888888887,0.03407031527777778,27.0,13.0,23.418694954808082,16.0,7.418694954808082,0.0
2012-05-20,2012,8.0,11.77,0.6283217058864525,31.667170739877196,19.373904920782916,19.390555555555554,0.016701642222222222,15.0,7.0,12.945692885875397,13.0,-0.05430711412460276,0.0
2012-05-21,2012,10.0,30.78,0.031271873638239356,31.77362064999603,19.3898982493399,19.389444444444443,0.00041942944444444444,19.0,9.0,16.422560602478136,17.0,-0.5774393975218644,0.0
2012-05-22,2012,11.0,23.96,0.24835784902068947,31.87687115309146,19.405488362175912,19.388055555555557,0.017280639722222223,24.0,13.0,21.154589088360783,22.0,-0.8454109116392168,0.0
2012-05-23,2012,9.0,23.96,0.25070909182819634,31.97689941075096,19.420665853655056,19.386666666666667,0.03386959083333333,26.0,17.0,23.663804332790797,23.0,0.6638043327907965,0.0
2012-05-24,2012,11.0,24.17,0.24642269037677056,32.07368333858728,19.435421387765565,19.384999999999998,0.050173765277777775,29.0,18.0,26.135003310637238,26.0,0.13500331063723792,0.0
2012-05-25,2012,10.0,18.66,0.41990602006872857,32.16720160104197,19.449745715360166,19.383333333333333,0.06618054888888888,30.0,20.0,27.386958575254727,26.0,1.3869585752547273,0.0
2012-05-26,2012,16.0,24.6,0.2373850846398261,32.25743360708034,19.463629691836744,19.381666666666668,0.08187725305555556,31.0,15.0,26.805974794731483,19.0,7.805974794731483,0.2848621015677912
2012-05-27,2012,8.0,26.23,0.1890394368603412,32.34435950676781,19.477064295205487,19.379722222222224,0.09725113638888888,24.0,16.0,21.896630920323165,21.0,0.8966309203231653,0.0
2012-05-28,2012,12.0,31.81,0.019056400251917127,32.42796018870928,19.490040644483663,19.3775,0.11228942916666666,27.0,15.0,23.83575094912908,23.0,0.8357509491290784,0.0
2012-05-29,2012,12.0,27.86,0.14298591763827695,32.50821727832592,19.502550018354576,19.375555555555557,0.1269793561111111,29.0,17.0,25.826899506974215,27.0,-1.1731004930257853,0.0
2012-05-30,2012,12.0,23.15,0.28955287334083324,32.58511313693593,19.514583874022723,19.373055555555556,0.14130816138888888,33.0,21.0,29.818396649497302,29.0,0.8183966494973021,0.0
2012-05-31,2012,5.0,14.87,0.5446839133270418,32.658630861599086,19.526133866192886,19.370833333333334,0.1552631322222222,28.0,23.0,26.6709361890161,27.0,-0.32906381098390014,0.0
2012-06-01,2012,9.0,25.2,0.2300348561989971,32.72875428567832,19.53719186609701,19.368333333333332,0.16883162416666667,31.0,22.0,28.601840851590044,28.0,0.601840851590044,0.0
2012-06-02,2012,7.0,16.39,0.5002358249632963,32.79546798006537,19.54774998048912,19.365555555555556,0.18200108555555555,29.0,22.0,27.130430496220196,26.0,1.130430496220196,0.0
2012-06-03,2012,6.0,11.91,0.6375395482072496,32.858757255012094,19.55780057052538,19.36277777777778,0.19475908305555556,25.0,19.0,23.39397931907255,24.0,-0.6060206809274504,0.0
2012-06-04,2012,10.0,18.08,0.45076657218472893,32.9186081625043,19.56733627044394,19.360000000000003,0.20709332555555557,29.0,19.0,26.31771931088569,26.0,0.31771931088568905,0.0
2012-06-05,2012,8.0,14.09,0.5727066930802052,32.97500749911059,19.576350005956854,19.357222222222223,0.21899168972222222,27.0,19.0,24.849960708675145,19.0,5.849960708675145,0.0
2012-06-06,2012,10.0,18.91,0.4274545008987891,33.02794280923552,19.58483501226523,19.354166666666668,0.23044224472222222,29.0,19.0,26.307496572686706,26.0,0.3074965726867056,0.0
2012-06-07,2012,12.0,23.9,0.27745233077425024,33.077402388703554,19.592784851607632,19.351111111111113,0.241433275,32.0,20.0,28.763431045519944,28.0,0.763431045519944,0.0
2012-06-08,2012,13.0,28.4,0.14259945574521515,33.12337528859868,19.600193430251807,19.348055555555554,0.25195330499999996,31.0,18.0,27.488103896279675,27.0,0.4881038962796751,0.0
2012-06-09,2012,12.0,19.7,0.40601554863312217,33.16585131928341,19.607055014840363,19.845,0.23800887694444445,32.0,20.0,28.753455019510646,28.0,0.7534550195106462,0.0
2012-06-10,2012,8.0,21.0,0.3675617174530511,33.204821054520956,19.61336424800236,19.341666666666665,0.2715358033333333,31.0,23.0,28.832699778859727,27.0,1.8326997788597268,0.0
2012-06-11,2012,5.0,15.7,0.5276814164347727,33.24027583562532,19.61911616314477,19.33833333333333,0.28057672694444447,27.0,22.0,25.643765126350964,22.0,3.6437651263509636,0.0
2012-06-12,2012,9.0,19.32,0.41933519619974213,33.272207775565235,19.62430619834084,19.334999999999997,0.289103605,28.0,19.0,25.556062986599635,24.0,1.5560629865996347,0.0
2012-06-13,2012,9.0,25.15,0.24475857412133928,33.30060976295105,19.628930209235804,19.331666666666667,0.29710649666666666,30.0,21.0,27.553646156031814,28.0,-0.4463538439681862,0.0
2012-06-14,2012,8.0,20.88,0.373452300135823,33.325475465836625,19.632984480895,19.328333333333333,0.3045758302777778,30.0,22.0,27.82358061594062,25.0,2.823580615940621,0.0
2012-06-15,2012,9.0,21.24,0.3630573121440963,33.34679933527261,19.63646573852433,19.32472222222222,0.31150242055555555,31.0,22.0,28.549710380702678,28.0,0.5497103807026775,0.0
2012-06-16,2012,12.0,23.83,0.2857694470520704,33.36457660855248,19.639371156999037,19.32138888888889,0.31787748555555556,34.0,22.0,30.73092510086362,30.0,0.7309251008636188,0.0
2012-06-17,2012,13.0,19.2,0.42478465089128103,33.37880331209849,19.64169836914314,19.317777777777778,0.32369266361111115,30.0,17.0,26.45674810041305,27.0,-0.5432518995869486,0.0
2012-06-18,2012,12.0,27.57,0.17429073214381097,33.38947626394061,19.643445472708866,19.314444444444444,0.32894002694444446,29.0,17.0,25.728090680231293,26.0,-0.2719093197687066,0.0
2012-06-19,2012,12.0,28.71,0.1403314722887713,33.39659307574882,19.644611036013124,19.310833333333335,0.333612095,33.0,21.0,29.727280071338708,31.0,-1.2727199286612922,0.0
2012-06-20,2012,11.0,21.63,0.3523981597443283,33.40015215438629,19.645194102196037,19.307222222222222,0.33770184722222224,33.0,22.0,29.99963505990771,29.0,0.9996350599077104,0.0
2012-06-21,2012,11.0,24.84,0.2562908253470485,33.40015270295875,19.645194192074904,19.30388888888889,0.34120273305555554,30.0,19.0,26.99963500261692,27.0,-0.00036499738308037877,0.0
2012-06-22,2012,12.0,29.97,0.10260311717210735,33.39659472134338,19.64461130557584,19.30027777777778,0.34410868166666664,30.0,18.0,26.72727988388006,27.0,-0.27272011611994174,0.0
2012-06-23,2012,12.0,29.86,0.10570632160911053,33.38947900618884,19.64344592173397,19.296944444444446,0.3464141088888889,33.0,21.0,29.72809036792844,29.0,0.7280903679284414,0.0
2012-06-24,2012,5.0,17.05,0.48919684507651695,33.37880715038662,19.641698997262278,19.293333333333337,0.34811392444444444,28.0,23.0,26.63721062578656,26.0,0.6372106257865617,0.0
2012-06-25,2012,6.0,15.66,0.5306399997771092,33.364581542021774,19.639371963698046,19.290000000000003,0.34920353555555556,29.0,23.0,27.365462269762197,23.0,4.365462269762197,0.0
2012-06-26,2012,10.0,26.08,0.21791608772581506,33.34680536281995,19.63646672314477,19.28666666666667,0.3496788522222222,32.0,22.0,29.277455407408606,30.0,-0.7225445925913938,0.0
2012-06-27,2012,10.0,27.54,0.17360536553867323,33.32548258611522,19.632985642636104,19.283333333333335,0.3495362875,35.0,25.0,32.279475095756894,31.0,1.2794750957568937,0.0
2012-06-28,2012,12.0,22.86,0.31352625294841396,33.30061797437121,19.628931547156824,19.779999999999998,0.15122723999999999,37.0,25.0,33.738193942575066,33.0,0.7381939425750659,0.0
2012-06-29,2012,7.0,18.4,0.44698605572909056,33.27221707629535,19.62430771136379,19.276666666666667,0.3473856908333333,32.0,25.0,30.09915948544585,27.0,3.099159485445849,0.0
2012-06-30,2012,3.0,12.17,0.6338780021887387,33.24028622359295,19.619117850057584,19.27361111111111,0.3453730033333334,28.0,25.0,27.186258781651706,26.0,1.1862587816517056,0.0
2012-07-01,2012,12.0,28.27,0.14861790142563458,33.204832527413906,19.613366107462333,19.270555555555553,0.34273312027777775,34.0,22.0,30.74904837042382,31.0,-0.25095162957617845,0.0
2012-07-02,2012,10.0,21.42,0.3541552217358004,33.16586387455097,19.60705704537799,19.2675,0.33946495666666665,35.0,25.0,32.294544667654414,29.0,3.2945446676544137,0.0
2012-07-03,2012,9.0,22.85,0.31015512776166576,33.12338892345287,19.600195630274914,19.264444444444443,0.3355679177777778,29.0,20.0,26.56868615934741,24.0,2.5686861593474113,0.0
2012-07-04,2012,8.0,15.78,0.5229373577677994,33.07741710012037,19.59278721940581,19.261666666666667,0.33104188944444446,26.0,18.0,23.842286259231486,23.0,0.8422862592314857,0.0
2012-07-05,2012,10.0,23.7,0.2824261320123841,33.02795859395624,19.584837546014512,19.25888888888889,0.32588723138888886,30.0,20.0,27.307495093990134,26.0,1.3074950939901342,0.0
2012-07-06,2012,8.0,13.5,0.5905992409522351,32.975024353643065,19.57635270372465,19.25611111111111,0.32010476861111115,29.0,21.0,26.84995944788891,24.0,2.84995944788891,0.0
2012-07-07,2012,10.0,20.71,0.37087289282048497,32.91862608312411,19.567339130194185,19.253611111111113,0.31369578305555557,27.0,17.0,24.31771763851352,24.0,0.3177176385135212,0.0
2012-07-08,2012,11.0,23.12,0.2963828040123784,32.85877623776372,19.557803590123868,19.25111111111111,0.30666200055555554,31.0,20.0,28.05562680703143,28.0,0.0556268070314303,0.0
2012-07-09,2012,11.0,26.07,0.20507357647812008,32.795488020763266,19.547753157708968,19.248611111111114,0.29900558222222223,34.0,23.0,31.062103016978426,31.0,0.06210301697842624,0.0
2012-07-10,2012,10.0,18.64,0.43047059403746946,32.72877537990783,19.537195198624303,19.24638888888889,0.2907291116666667,34.0,24.0,31.335376768269654,32.0,-0.6646232317303458,0.0
2012-07-11,2012,9.0,22.53,0.3101368878641222,32.65865300471728,19.526137351632375,19.24416666666667,0.2818355838888889,34.0,25.0,31.60768329694593,31.0,0.6076832969459289,0.0
2012-07-12,2012,7.0,14.81,0.5454982955201226,32.585136324072245,19.514587509903635,19.242222222222225,0.2723283908333333,28.0,21.0,26.14406321465126,25.0,1.1440632146512613,0.0
2012-07-13,2012,6.0,7.52,0.7686740453498173,32.50824150438262,19.502553802136447,19.240277777777777,0.2622113102777778,23.0,17.0,21.413448415785002,19.0,2.413448415785002,0.0
2012-07-14,2012,8.0,23.86,0.26421577936148355,32.427985448361746,19.4900445735622,19.238333333333333,0.25148849194444445,26.0,18.0,23.890498777971757,23.0,0.8904987779717572,0.0
2012-07-15,2012,9.0,22.3,0.31054495386904535,32.34438579446462,19.477068366918438,19.236666666666668,0.24016444388888888,27.0,18.0,24.63370761973516,24.0,0.6337076197351585,0.0
2012-07-16,2012,11.0,25.64,0.20514512701608167,32.2574609170431,19.46363390346974,19.235277777777778,0.22824401833333333,31.0,20.0,28.116604929287703,27.0,1.1166049292877034,0.0
2012-07-17,2012,6.0,8.9,0.7233209070185934,32.16722992726486,19.449750064152493,19.233888888888888,0.21573239944444442,29.0,23.0,27.432173598282052,27.0,0.43217359828205204,0.0
2012-07-18,2012,10.0,22.21,0.3075326132286236,32.07371267483649,19.435425870915893,19.232777777777777,0.20263508777777778,34.0,24.0,31.395454892967226,29.0,2.3954548929672264,0.0
2012-07-19,2012,10.0,24.5,0.23382262802862963,31.97692975056367,19.420670468327046,19.231666666666666,0.1889578886111111,33.0,23.0,30.404224291526432,29.0,1.4042242915264325,0.0
2012-07-20,2012,9.0,24.35,0.23612402403869548,31.876902489774718,19.405493105503744,19.230555555555554,0.17470689611111112,34.0,25.0,31.671933983124894,29.0,2.6719339831248945,0.0
2012-07-21,2012,8.0,14.92,0.530428559442752,31.77365297662523,19.389903118433654,19.229999999999997,0.15988848194444444,33.0,25.0,30.938046156805775,28.0,2.9380461568057754,0.0
2012-07-22,2012,9.0,20.21,0.3618003039188331,31.66720404929443,19.373909912733815,19.229166666666664,0.1445092813888889,34.0,25.0,31.68890180988082,31.0,0.6889018098808215,0.0
2012-07-23,2012,8.0,25.15,0.20304406887259718,31.557579306075173,19.35752294689947,19.228888888888886,0.12857618,35.0,27.0,32.953537524024135,32.0,0.953537524024135,0.0
2012-07-24,2012,7.0,19.15,0.390996345832497,31.44480311235193,19.340751716086167,19.22861111111111,0.11209630166666668,33.0,26.0,31.216385759364467,31.0,0.21638575936446713,0.0
2012-07-25,2012,9.0,19.49,0.3778907136389702,31.328900608452468,19.32360573646426,19.22833333333333,0.09507699555555554,34.0,25.0,31.716053763472935,30.0,1.7160537634729351,0.0
2012-07-26,2012,7.0,17.9,0.4264639967251517,31.20989771835128,19.30609453017975,19.22833333333333,0.07752582499999999,34.0,27.0,32.23097706375541,31.0,1.230977063755411,0.0
2012-07-27,2012,9.0,20.35,0.3454028220314398,31.08782115919448,19.288227610950976,19.22861111111111,0.059450555555555555,35.0,26.0,32.735242209582225,32.0,0.7352422095822249,0.0
2012-07-28,2012,11.0,16.28,0.47420603454689125,30.962698451608382,19.270014470325542,19.728888888888886,0.4591408563888889,30.0,19.0,27.244072904383167,24.0,3.2440729043831666,0.0
2012-07-29,2012,8.0,21.3,0.3092166248065167,30.83455793074642,19.251464564617677,19.229444444444443,0.021759726666666666,29.0,21.0,27.00467819036253,27.0,0.004678190362529477,0.0
2012-07-30,2012,9.0,27.21,0.11377976008978208,30.703428758021392,19.23258730254168,19.230277777777776,0.002160611111111111,32.0,23.0,29.765575407895028,29.0,0.7655754078950281,0.0
2012-07-31,2012,11.0,28.31,0.07390872241509827,30.56934093346388,19.21339203355301,19.231111111111108,0.01792973527777778,34.0,23.0,31.281880291509985,31.0,0.28188029150998517,0.0
2012-08-01,2012,9.0,18.87,0.3799356503775799,30.432325308640362,19.19388803690468,19.23222222222222,0.038502694444444444,34.0,25.0,31.786784360118656,30.0,1.7867843601186557,0.0
2012-08-02,2012,12.0,23.02,0.24007375893100702,30.292413600058897,19.174084511422926,19.233611111111113,0.05954950611111111,31.0,19.0,28.06356382949859,23.0,5.063563829498591,0.0
2012-08-03,2012,7.0,13.57,0.5499116832307782,30.149638402984543,19.153990566002633,19.235,0.08106127611111112,25.0,18.0,23.295690895083048,21.0,2.295690895083048,0.0
2012-08-04,2012,9.0,24.51,0.18310982286738864,30.004033205581226,19.133615210819983,19.23638888888889,0.10302898611111112,27.0,18.0,24.819998099604987,24.0,0.8199980996049874,0.0
2012-08-05,2012,9.0,26.52,0.11172539768156686,29.85563240329253,19.112967349256607,19.238333333333333,0.1254434986111111,28.0,19.0,25.831426931377507,25.0,0.8314269313775071,0.0
2012-08-06,2012,9.0,26.82,0.09710562705995607,29.704471313369194,19.092055770527203,19.240277777777777,0.14829556583333334,30.0,21.0,27.84302802862114,27.0,0.8430280286211413,0.0
2012-08-07,2012,12.0,26.87,0.09071177716282586,29.550586189448097,19.070889142999874,19.242222222222225,0.17157583638888887,34.0,22.0,31.139730023337037,28.0,3.1397300233370373,0.0
2012-08-08,2012,11.0,23.43,0.20289893677613324,29.394014236083958,19.049476008196507,19.244722222222222,0.19527486055555557,34.0,23.0,31.392671901788503,30.0,1.3926719017885034,0.0
2012-08-09,2012,10.0,16.03,0.45168075387691586,29.234793623132575,19.027824775458466,19.246944444444445,0.21938309777777776,31.0,21.0,28.64314037345993,28.0,0.6431403734599286,0.0
2012-08-10,2012,12.0,26.64,0.08368474372737034,29.072963499882892,19.005943717261424,19.249722222222225,0.24389092055555553,35.0,23.0,32.18810411426884,29.0,3.188104114268839,0.0
2012-08-11,2012,7.0,18.27,0.36800734915724054,28.908564008833068,18.983840965161413,19.2525,0.2687886208333333,26.0,19.0,24.369375721296844,22.0,2.3693757212968443,0.0
2012-08-12,2012,10.0,26.91,0.06372762775058516,28.741636299005744,18.9615245063533,19.255555555555556,0.2940664147222222,27.0,17.0,24.684486215788723,23.0,1.6844862157887235,0.0
2012-08-13,2012,10.0,27.28,0.045226532060868685,28.57222253869664,18.939002180821667,19.25861111111111,0.3197144461111111,29.0,19.0,26.698597780348923,26.0,0.6985977803489227,0.0
2012-08-14,2012,10.0,22.11,0.22148890417813805,28.400365927551512,18.916281679063353,19.261944444444445,0.34572279194444444,32.0,22.0,29.712867422701272,26.0,3.7128674227012723,0.0
2012-08-15,2012,9.0,23.08,0.1823173855274618,28.226110707867004,18.893370540360294,19.26527777777778,0.3720814663888889,34.0,25.0,31.954562056360917,32.0,-0.045437943639083045,0.0
2012-08-16,2012,10.0,18.98,0.32333914942318287,28.049502175012147,18.87027615158083,18.26888888888889,0.6012195775,30.0,20.0,27.7418651114905,29.0,-1.258134888509499,0.0
2012-08-17,2012,11.0,26.21,0.05958204990538574,27.870586686869434,18.84700574648732,19.272777777777776,0.42580955833333334,32.0,21.0,29.532243897653107,28.0,1.5322438976531068,0.0
2012-08-18,2012,10.0,24.8,0.10435077878876065,27.689411672196282,18.82356640552789,19.276666666666667,0.4531587177777778,31.0,21.0,28.771448096899668,27.0,1.7714480968996682,0.0
2012-08-19,2012,11.0,25.89,0.05875169532269264,27.506025637810836,18.799965056089885,19.280555555555555,0.48081769527777773,29.0,18.0,26.565094492111676,24.0,2.565094492111676,0.0
2012-08-20,2012,12.0,25.4,0.07029445686279112,27.320478174508835,18.77620847319291,18.284722222222225,0.49122376166666665,30.0,18.0,27.36190314406783,29.0,-1.6380968559321687,0.0
2012-08-21,2012,11.0,23.95,0.11730516644138977,27.132819961622374,18.75230328059946,18.289166666666667,0.46297595166666666,33.0,22.0,30.598539022190298,31.0,-0.4014609778097018,0.0
2012-08-22,2012,14.0,24.86,0.0773148804689211,26.943102770134832,18.728255952321405,18.29361111111111,0.43444921416666665,38.0,24.0,34.96514861101111,32.0,2.9651486110111094,0.0
2012-08-23,2012,7.0,21.18,0.2082651278492843,26.75137946427115,18.70407281450104,18.298333333333336,0.4056539294444444,34.0,27.0,32.49343788866958,31.0,1.4934378886695825,0.0
2012-08-24,2012,12.0,24.65,0.0718324144805611,26.557704001486858,18.679760047645765,18.303055555555556,0.37660051527777777,36.0,24.0,33.43608998259428,31.0,2.4360899825942823,0.0
2012-08-25,2012,10.0,12.55,0.5239383418996013,26.3621314307847,18.655323689196173,18.30777777777778,0.34729942472222225,29.0,19.0,26.879165218318306,24.0,2.879165218318306,0.0
2012-08-26,2012,14.0,24.71,0.055598454967017985,26.164717889292564,18.630769636407578,18.31277777777778,0.31776114499999997,30.0,16.0,27.05304990000435,27.0,0.05304990000434984,0.0
2012-08-27,2012,11.0,23.01,0.11382481572039616,25.965520597042516,18.606103649525917,18.318055555555556,0.28799619472222227,31.0,20.0,28.702117780031394,28.0,0.7021177800313936,0.0
2012-08-28,2012,14.0,22.72,0.11816981843200935,25.764597849895942,18.581331355239435,18.323055555555555,0.2580151230555555,32.0,18.0,29.097944745027448,28.0,1.0979447450274478,0.0
2012-08-29,2012,9.0,17.55,0.3134342456124847,25.562009010566424,18.55645825038826,18.328611111111112,0.22782850583333333,26.0,17.0,24.148964567346447,22.0,2.1489645673464466,0.0
2012-08-30,2012,8.0,20.25,0.2014296026245227,25.357814497697586,18.53148970591467,18.333888888888886,0.1974469472222222,23.0,15.0,21.367667651244176,21.0,0.3676676512441759,0.0
2012-08-31,2012,8.0,24.66,0.01956402236546262,25.15207577296,18.50643097103756,18.339444444444442,0.16688107416666667,24.0,16.0,22.380777518711742,22.0,0.38077751871174215,0.0
2012-09-01,2012,13.0,24.38,0.02264416124095059,24.944855326137237,18.48128717763528,18.345,0.1361415375,29.0,16.0,26.390188514273945,25.0,1.3901885142739445,0.0
2012-09-02,2012,14.0,23.4,0.05401863496924186,24.736216658178208,18.456063344821757,18.350555555555555,0.10523900972222222,30.0,16.0,27.212633237746395,27.0,0.2126332377463953,0.0
2012-09-03,2012,13.0,22.7,0.07446006538453276,24.526224262199054,18.430764383701472,18.35638888888889,0.07418418194444446,31.0,18.0,28.433386337419822,29.0,-0.5666136625801776,0.0
2012-09-04,2012,13.0,15.23,0.3736362193955054,24.314943602425014,18.405395102289596,18.362222222222222,0.04298776416666667,36.0,23.0,33.45515078371818,31.0,2.4551507837181816,0.0
2012-09-05,2012,7.0,20.73,0.13992114235760322,24.102441091069245,18.379960210584176,18.368055555555557,0.011660481944444445,28.0,21.0,26.64147234719307,24.0,2.6414723471930692,0.0
2012-09-06,2012,6.0,9.68,0.5947889195862733,23.888784063151906,18.354464325778014,18.374166666666667,0.01978692361111111,24.0,18.0,22.845687736638734,21.0,1.8456877366387339,0.0
2012-09-07,2012,15.0,22.2,0.062264011660783436,23.674040749270436,18.328911977598437,18.38,0.051343699444444446,30.0,15.0,27.13968087267596,26.0,1.1396808726759602,0.012452802332156643
2012-09-08,2012,10.0,16.43,0.2996076512230593,23.458280246337452,18.303307613763792,18.38611111111111,0.08299907972222223,27.0,17.0,25.110166130255028,22.0,3.1101661302550276,0.0
2012-09-09,2012,9.0,12.46,0.463891696341153,23.241572486310403,18.277655605546048,18.392222222222223,0.11474229083333333,23.0,14.0,21.314551762270302,21.0,0.3145517622703018,0.0
2012-09-10,2012,12.0,23.25,0.0,23.023988202942608,18.251960253429495,18.398333333333333,0.14656254916666667,27.0,15.0,24.77334991537555,23.0,1.773349915375551,0.0
2012-09-11,2012,13.0,21.95,0.03751705449490983,22.805598896592517,18.22622579285597,18.404444444444444,0.1784490663888889,28.0,15.0,25.610208145444425,24.0,1.6102081454444246,0.0
2012-09-12,2012,6.0,21.37,0.05385863444130401,22.586476797133827,18.200456400047564,18.410833333333333,0.2103910488888889,28.0,22.0,26.90739851471005,25.0,1.9073985147100494,0.0
2012-09-13,2012,8.0,16.62,0.2569308907719361,22.366694825015212,18.17465619789818,18.416944444444447,0.24237770055555555,27.0,19.0,25.557081571140714,24.0,1.5570815711407135,0.0
2012-09-14,2012,9.0,19.63,0.11362275114945042,22.146326550524737,18.148829261925783,18.423055555555557,0.27439822444444445,27.0,18.0,25.39238285413155,23.0,2.392382854131551,0.0
2012-09-15,2012,5.0,5.25,0.7605521929283932,21.92544615131926,18.1229796262774,18.429166666666667,0.3064418241666667,20.0,15.0,19.115607316008898,17.0,2.115607316008898,0.0
2012-09-16,2012,11.0,20.02,0.07759484000962058,21.70412836828537,18.09711128977951,18.435555555555556,0.33849770611111113,23.0,12.0,21.073588126176116,20.0,1.0735881261761158,0.0
2012-09-17,2012,11.0,20.37,0.05178406278430081,21.482448459802942,18.07122822202643,18.441666666666666,0.3705550808333334,25.0,14.0,23.092887144883896,21.0,2.092887144883896,0.0
2012-09-18,2012,12.0,20.02,0.058346849590453,21.260482154488447,18.045334369499844,18.447777777777777,0.40260316527777773,27.0,15.0,24.94061408024517,22.0,2.940614080245169,0.0
2012-09-19,2012,9.0,9.35,0.555572574300413,21.038305602499378,18.01943366171265,18.453888888888887,0.43463118444444443,27.0,18.0,25.47131874541202,23.0,2.4713187454120202,0.0
2012-09-20,2012,10.0,14.38,0.30918508698962477,20.815995325486018,17.993530017370485,18.46,0.4666283725,25.0,15.0,23.319118339244426,24.0,-0.6808816607555741,0.0
2012-09-21,2012,12.0,16.17,0.2148056733751873,20.593628165281523,17.967627350544504,18.46611111111111,0.49858397666666665,25.0,13.0,23.004161090401574,19.0,4.004161090401574,0.0
2012-09-22,2012,6.0,2.55,0.8748237790725514,20.37128123142465,17.941729576848914,17.471944444444443,0.4695127436111111,15.0,9.0,14.01270574822046,9.0,5.01270574822046,0.0
2012-09-23,2012,10.0,16.63,0.17465017050092135,20.14903184761434,17.915840619616947,17.478055555555553,0.4376725130555556,17.0,7.0,15.372240907315547,15.0,0.3722409073155468,0.0
2012-09-24,2012,7.0,18.68,0.06257641174641349,19.92695749719794,17.889964416068796,17.483888888888888,0.4059060397222222,16.0,9.0,14.87299397461994,14.0,0.8729939746199396,0.0
2012-09-25,2012,10.0,17.99,0.08704003809005978,19.705135767799025,17.864104923465167,17.489722222222223,0.37422401194444443,17.0,7.0,15.407757484307828,15.0,0.40775748430782777,0.0
2012-09-26,2012,11.0,17.95,0.0787144474594702,19.483644295192974,17.838266125239773,17.495555555555555,0.34263709861111113,20.0,9.0,18.268089132222798,18.0,0.26808913222279784,0.0
2012-09-27,2012,11.0,15.46,0.19740681233780644,19.262560706541926,17.8124520371042,18.00111111111111,0.18884405444444446,22.0,11.0,20.287654193422334,18.0,2.287654193422334,0.0
2012-09-28,2012,12.0,18.11,0.04894256881422365,19.041962563102516,17.78666671311818,18.006666666666668,0.22020882638888886,24.0,12.0,22.153335609534402,22.0,0.15333560953440184,0.0
2012-09-29,2012,13.0,17.55,0.06757688955432839,18.821927302522138,17.760914251718223,18.01222222222222,0.2514466202777778,26.0,13.0,24.02257625867567,22.0,2.02257625867567,0.0
2012-09-30,2012,10.0,17.46,0.061418099951910166,18.602532180841553,17.73519880169724,18.0175,0.28254686805555557,25.0,15.0,23.49669353983334,22.0,1.4966935398333412,0.0
2013-05-01,2013,9.0,13.79,0.5229778843204562,28.9085129320585,18.983834117466134,19.38,0.3964156047222222,23.0,14.0,20.903486917975094,18.0,2.903486917975094,0.0
2013-05-02,2013,9.0,22.19,0.23674659500022754,29.07291320895793,19.005936936675834,19.38222222222222,0.37636398972222224,23.0,14.0,20.891081886767083,20.0,0.8910818867670827,0.0
2013-05-03,2013,13.0,26.71,0.08636108184529023,29.234744130587814,19.027818064467443,19.384166666666665,0.3563746769444444,26.0,13.0,22.936087906857846,22.0,0.9360879068578463,0.0
2013-05-04,2013,11.0,11.59,0.6057013818481887,29.393965554141666,19.04946936932894,19.385833333333334,0.33645452416666666,20.0,9.0,17.392676429236563,10.0,7.3926764292365625,0.0
2013-05-05,2013,9.0,18.68,0.3678626158556595,29.550538330026466,19.070882578827508,19.38722222222222,0.31661075111111114,17.0,8.0,14.854801171636378,14.0,0.8548011716363781,0.0
2013-05-06,2013,11.0,20.37,0.3142435684851932,29.704424288086567,19.09204928366328,19.38888888888889,0.2968509336111111,21.0,10.0,18.363705327307365,12.0,6.363705327307365,0.0
2013-05-07,2013,9.0,27.42,0.08157891140509899,29.85558622347191,19.11296094235434,19.39,0.2771830011111111,20.0,11.0,17.831430481678694,17.0,0.8314304816786944,0.0
2013-05-08,2013,16.0,28.21,0.05979164800675285,30.00398788225465,19.1336088865708,19.391111111111112,0.25761523194444447,25.0,9.0,21.124447282126628,21.0,0.12444728212662781,0.07174997760810338
2013-05-09,2013,16.0,25.94,0.13962357019838922,30.149593946897586,19.153984327134236,19.391944444444444,0.23815624722222223,28.0,12.0,24.104442450149328,25.0,-0.8955575498506718,0.16754828423806697
2013-05-10,2013,5.0,15.56,0.4863392996696433,30.292370021675225,19.17407836069709,19.392777777777777,0.21881500277777777,21.0,16.0,19.776486809813655,18.0,1.7764868098136546,0.0
2013-05-11,2013,9.0,10.6,0.651685674288545,30.43228261814612,19.193881977114923,19.393333333333334,0.19960078388888888,23.0,14.0,20.786787688303967,18.0,2.786787688303967,0.0
2013-05-12,2013,12.0,18.72,0.3876208965801249,30.569299140772138,19.213386067521952,19.39388888888889,0.1805231938888889,21.0,9.0,18.03478285929822,18.0,0.03478285929821823,0.0
2013-05-13,2013,11.0,17.26,0.4378470522041703,30.703387872776432,19.23258143311824,19.394166666666667,0.1615921461111111,23.0,12.0,20.269040532720705,20.0,0.26904053272070527,0.0
2013-05-14,2013,8.0,19.37,0.3718079191746966,30.83451796232797,19.25145879467404,19.394166666666667,0.1428178525,16.0,8.0,14.004680989236146,13.0,1.004680989236146,0.0
2013-05-15,2013,12.0,25.56,0.174489514538973,30.96265940913564,19.27000880275388,19.394166666666667,0.12421081277777778,20.0,8.0,16.993538192764078,17.0,-0.006461807235922379,0.0
2013-05-16,2013,16.0,28.31,0.08935288331514857,31.087783051530014,19.288222048659975,19.39388888888889,0.10578180083333333,29.0,13.0,24.973769302208872,23.0,1.973769302208872,0.10722345997817821
2013-05-17,2013,14.0,24.21,0.22428362158074944,31.2098605541048,19.306089076090895,19.39361111111111,0.08754185055555556,27.0,13.0,23.46195872906183,20.0,3.4619587290618306,0.0
2013-05-18,2013,14.0,29.33,0.06380264444696915,31.328864395984294,19.323600393507927,19.393055555555556,0.06950224277777778,26.0,12.0,22.44719924205264,23.0,-0.5528007579473595,0.0
2013-05-19,2013,11.0,27.43,0.12767681662270813,31.44476785977628,19.340746487197485,19.392222222222223,0.051674489444444444,29.0,18.0,26.19718107450294,25.0,1.1971810745029394,0.0
2013-05-20,2013,9.0,18.59,0.41091742125459385,31.557545021263238,19.357517835013972,19.391388888888887,0.03407031527777778,29.0,20.0,26.697732470948054,25.0,1.6977324709480541,0.0
2013-05-21,2013,19.0,25.98,0.17959200670603548,31.667170739877196,19.373904920782916,19.390555555555554,0.016701642222222222,28.0,9.0,23.12102060395407,16.0,7.121020603954069,0.7542864281653489
2013-05-22,2013,10.0,20.91,0.341906916107069,31.77362064999603,19.3898982493399,19.389444444444443,0.00041942944444444444,19.0,9.0,16.422560602478136,16.0,0.42256060247813565,0.0
2013-05-23,2013,13.0,29.33,0.07989714990721297,31.87687115309146,19.405488362175912,19.388055555555557,0.017280639722222223,25.0,12.0,21.637241649880927,22.0,-0.36275835011907276,0.0
2013-05-24,2013,10.0,21.25,0.3354577713417851,31.97689941075096,19.420665853655056,19.386666666666667,0.03386959083333333,25.0,15.0,22.404227036434218,18.0,4.404227036434218,0.0
2013-05-25,2013,5.0,13.63,0.5750410124052703,32.07368333858728,19.435421387765565,19.384999999999998,0.050173765277777775,19.0,14.0,17.697728777562382,16.0,1.6977287775623822,0.0
2013-05-26,2013,9.0,18.39,0.42829966286516175,32.16720160104197,19.449745715360166,19.383333333333333,0.06618054888888888,20.0,11.0,17.648262717729253,18.0,-0.3517372822707472,0.0
2013-05-27,2013,10.0,25.94,0.19584427217711742,32.25743360708034,19.463629691836744,19.381666666666668,0.08187725305555556,21.0,11.0,18.37873424670718,18.0,0.3787342467071788,0.0
2013-05-28,2013,13.0,30.92,0.04403733845679558,32.34435950676781,19.477064295205487,19.379722222222224,0.09725113638888888,26.0,13.0,22.58202524552514,22.0,0.5820252455251413,0.0
2013-05-29,2013,12.0,29.63,0.0862823369841027,32.42796018870928,19.490040644483663,19.3775,0.11228942916666666,28.0,16.0,24.83575094912908,26.0,-1.1642490508709216,0.0
2013-05-30,2013,13.0,24.32,0.2518814614846696,32.50821727832592,19.502550018354576,19.375555555555557,0.1269793561111111,28.0,15.0,24.562474465888734,23.0,1.5624744658887337,0.0
2013-05-31,2013,10.0,24.24,0.2561020151093649,32.58511313693593,19.514583874022723,19.373055555555556,0.14130816138888888,28.0,18.0,25.348663874581085,25.0,0.34866387458108505,0.0
2013-06-01,2013,11.0,25.88,0.207560166570534,32.658630861599086,19.526133866192886,19.370833333333334,0.1552631322222222,29.0,18.0,26.076059615835423,26.0,0.07605961583542253,0.0
2013-06-02,2013,12.0,24.02,0.26608877959920274,32.72875428567832,19.53719186609701,19.368333333333332,0.16883162416666667,32.0,20.0,28.802454468786724,27.0,1.802454468786724,0.0
2013-06-03,2013,9.0,12.21,0.6276924602075562,32.79546798006537,19.54774998048912,19.365555555555556,0.18200108555555555,27.0,18.0,24.596267780854536,25.0,-0.4037322191454642,0.0
2013-06-04,2013,11.0,25.67,0.21877751490177122,32.858757255012094,19.55780057052538,19.36277777777778,0.19475908305555556,30.0,19.0,27.05562875163301,27.0,0.05562875163300873,0.0
2013-06-05,2013,9.0,20.53,0.3763405822429471,32.9186081625043,19.56733627044394,19.360000000000003,0.20709332555555557,27.0,18.0,24.58594737979712,23.0,1.585947379797119,0.0
2013-06-06,2013,7.0,15.17,0.5399546156158064,32.97500749911059,19.576350005956854,19.357222222222223,0.21899168972222222,23.0,16.0,21.11871562009075,18.0,3.11871562009075,0.0
2013-06-07,2013,7.0,16.12,0.511928426995689,33.02794280923552,19.58483501226523,19.354166666666668,0.23044224472222222,23.0,16.0,21.115247600880693,21.0,0.11524760088069286,0.0
2013-06-08,2013,11.0,31.12,0.05917642400396095,33.077402388703554,19.592784851607632,19.351111111111113,0.241433275,27.0,16.0,24.033145125059946,25.0,-0.9668548749400543,0.0
2013-06-09,2013,16.0,30.11,0.09097428212987424,33.12337528859868,19.600193430251807,19.348055555555554,0.25195330499999996,34.0,18.0,29.67766633388268,30.0,-0.32233366611731995,0.10916913855584902
2013-06-10,2013,13.0,26.53,0.20008083782927566,33.16585131928341,19.607055014840363,19.345,0.26199112305555555,38.0,25.0,34.48290960446987,33.0,1.4829096044698673,0.0
2013-06-12,2013,8.0,20.63,0.37936736439804863,33.24027583562532,19.61911616314477,19.33833333333333,0.28057672694444447,27.0,19.0,24.830024202161542,24.0,0.8300242021615425,0.0
2013-06-13,2013,8.0,18.21,0.4526963728155955,33.272207775565235,19.62430619834084,19.334999999999997,0.289103605,26.0,18.0,23.827611543644117,23.0,0.8276115436441174,0.0
2013-06-14,2013,9.0,18.8,0.43544577310064325,33.30060976295105,19.628930209235804,19.331666666666667,0.29710649666666666,26.0,17.0,23.553646156031814,23.0,0.5536461560318138,0.0
2013-06-15,2013,8.0,19.69,0.4091607178962813,33.325475465836625,19.632984480895,19.328333333333333,0.3045758302777778,25.0,17.0,22.82358061594062,23.0,-0.17641938405937907,0.0
2013-06-16,2013,12.0,22.4,0.3282713649730582,33.34679933527261,19.63646573852433,19.32472222222222,0.31150242055555555,29.0,17.0,25.732947174270237,26.0,-0.2670528257297633,0.0
2013-06-17,2013,9.0,14.31,0.5711020053426406,33.36457660855248,19.639371156999037,19.32138888888889,0.31787748555555556,29.0,20.0,26.548193825647715,23.0,3.548193825647715,0.0
2013-06-18,2013,8.0,13.87,0.5844668285344827,33.37880331209849,19.64169836914314,19.317777777777778,0.32369266361111115,24.0,16.0,21.81953729256188,22.0,-0.18046270743812087,0.0
2013-06-19,2013,7.0,5.0,0.8502522183793636,33.38947626394061,19.643445472708866,19.314444444444444,0.32894002694444446,21.0,14.0,19.091386230134923,14.0,5.091386230134923,0.0
2013-06-20,2013,9.0,19.25,0.4235938990441953,33.39659307574882,19.644611036013124,19.310833333333335,0.333612095,23.0,14.0,20.54546005350403,20.0,0.5454600535040299,0.0
2013-06-21,2013,8.0,25.67,0.231440626936519,33.40015215438629,19.645194102196037,19.307222222222222,0.33770184722222224,26.0,18.0,23.817916407205608,23.0,0.8179164072056082,0.0
2013-06-22,2013,9.0,29.93,0.10389631250552178,33.40015270295875,19.645194192074904,19.30388888888889,0.34120273305555554,29.0,20.0,26.545155911232026,27.0,-0.4548440887679739,0.0
2013-06-23,2013,10.0,25.11,0.24812693600906288,33.39659472134338,19.64461130557584,19.30027777777778,0.34410868166666664,30.0,20.0,27.272733236566715,27.0,0.2727332365667152,0.0
2013-06-24,2013,11.0,24.05,0.2797132295612561,33.38947900618884,19.64344592173397,19.296944444444446,0.3464141088888889,31.0,20.0,28.000749503934404,29.0,-0.9992504960655957,0.0
2013-06-25,2013,9.0,29.48,0.11680486761617126,33.37880715038662,19.641698997262278,19.293333333333337,0.34811392444444444,31.0,22.0,28.54697912641581,29.0,-0.4530208735841903,0.0
2013-06-26,2013,11.0,28.62,0.14220413752368222,33.364581542021774,19.639371963698046,19.290000000000003,0.34920353555555556,32.0,21.0,29.003347494564032,28.0,1.0033474945640322,0.0
2013-06-27,2013,8.0,19.32,0.42063415701160833,33.34680536281995,19.63646672314477,19.28666666666667,0.3496788522222222,30.0,22.0,27.821964325926885,28.0,-0.17803567407311505,0.0
2013-06-28,2013,4.0,15.11,0.5465932125377397,33.32548258611522,19.632985642636104,19.283333333333335,0.3495362875,26.0,22.0,24.911790038302758,24.0,0.9117900383027582,0.0
2013-06-29,2013,8.0,20.55,0.3828943349995585,33.30061797437121,19.628931547156824,19.279999999999998,0.34877276,28.0,20.0,25.825462628383374,23.0,2.8254626283833737,0.0
2013-06-30,2013,11.0,25.82,0.22397717168071285,33.27221707629535,19.62430771136379,19.276666666666667,0.3473856908333333,30.0,19.0,27.01296490570062,28.0,-0.9870350942993795,0.0
2013-07-01,2013,10.0,24.11,0.27467531904441156,33.24028622359295,19.619117850057584,19.27361111111111,0.3453730033333334,30.0,20.0,27.287529272172353,27.0,0.28752927217235325,0.0
2013-07-02,2013,10.0,21.87,0.3413609304626327,33.204832527413906,19.613366107462333,19.270555555555553,0.34273312027777775,29.0,19.0,26.29087364201985,26.0,0.2908736420198501,0.0
2013-07-03,2013,14.0,29.12,0.12198879817677444,33.16586387455097,19.60705704537799,19.2675,0.33946495666666665,34.0,20.0,30.212362534716178,31.0,-0.7876374652838223,0.0
2013-07-04,2013,10.0,24.65,0.2558128621148824,33.12338892345287,19.600195630274914,19.264444444444443,0.3355679177777778,33.0,23.0,30.29854017705268,30.0,0.2985401770526792,0.0
2013-07-05,2013,10.0,20.93,0.3672420087503194,33.07741710012037,19.59278721940581,19.261666666666667,0.33104188944444446,28.0,18.0,25.302857824039357,25.0,0.3028578240393571,0.0
2013-07-06,2013,8.0,16.9,0.4883123051058773,33.02795859395624,19.584837546014512,19.25888888888889,0.32588723138888886,27.0,19.0,24.845996075192108,24.0,0.8459960751921081,0.0
2013-07-07,2013,9.0,22.06,0.33100883373380074,32.975024353643065,19.57635270372465,19.25611111111111,0.32010476861111115,27.0,18.0,24.58120437887502,23.0,1.5812043788750216,0.0
2013-07-08,2013,7.0,11.17,0.6606784264995083,32.91862608312411,19.567339130194185,19.253611111111113,0.31369578305555557,25.0,18.0,23.122402346959465,23.0,0.12240234695946484,0.0
2013-07-09,2013,10.0,22.39,0.31859909090991134,32.85877623776372,19.557803590123868,19.25111111111111,0.30666200055555554,29.0,19.0,26.3232970973013,25.0,1.3232970973012996,0.0
2013-07-10,2013,10.0,26.93,0.1788504570217021,32.795488020763266,19.547753157708968,19.248611111111114,0.29900558222222223,31.0,21.0,28.329184560889477,28.0,0.3291845608894768,0.0
2013-07-11,2013,10.0,18.74,0.42741517876943025,32.72877537990783,19.537195198624303,19.24638888888889,0.2907291116666667,32.0,22.0,29.335376768269654,25.0,4.335376768269654,0.0
2013-07-12,2013,9.0,18.29,0.4399646550836571,32.65865300471728,19.526137351632375,19.24416666666667,0.2818355838888889,30.0,21.0,27.60768329694593,27.0,0.6076832969459289,0.0
2013-07-13,2013,10.0,21.97,0.3257662088168194,32.585136324072245,19.514587509903635,19.242222222222225,0.2723283908333333,32.0,22.0,29.348661735216087,29.0,0.348661735216087,0.0
2013-07-14,2013,11.0,29.28,0.0993053255109908,32.50824150438262,19.502553802136447,19.240277777777777,0.2622113102777778,35.0,24.0,32.09132209560583,31.0,1.0913220956058325,0.0
2013-07-15,2013,14.0,17.45,0.461884549449199,32.427985448361746,19.4900445735622,19.238333333333333,0.25148849194444445,31.0,17.0,27.30837286145057,24.0,3.3083728614505716,0.0
2013-07-16,2013,11.0,26.03,0.19522354929198427,32.34438579446462,19.477068366918438,19.236666666666668,0.24016444388888888,29.0,18.0,26.107864868565194,26.0,0.10786486856519417,0.0
2013-07-17,2013,10.0,28.32,0.12206357242961907,32.2574609170431,19.46363390346974,19.235277777777778,0.22824401833333333,31.0,21.0,28.378731753897913,27.0,1.3787317538979131,0.0
2013-07-18,2013,10.0,22.79,0.2915149967363757,32.16722992726486,19.449750064152493,19.233888888888888,0.21573239944444442,31.0,21.0,28.386955997136752,27.0,1.3869559971367522,0.0
2013-07-19,2013,8.0,18.27,0.43037464402012393,32.07371267483649,19.435425870915893,19.232777777777777,0.20263508777777778,30.0,22.0,27.916363914373783,24.0,3.9163639143737825,0.0
2013-07-20,2013,10.0,24.29,0.24038986264552709,31.97692975056367,19.420670468327046,19.231666666666666,0.1889578886111111,30.0,20.0,27.404224291526432,27.0,0.40422429152643247,0.0
2013-07-21,2013,11.0,23.28,0.2696906480337097,31.876902489774718,19.405493105503744,19.230555555555554,0.17470689611111112,33.0,22.0,30.154585979374872,29.0,1.1545859793748718,0.0
2013-07-22,2013,8.0,14.18,0.5537182957706583,31.77365297662523,19.389903118433654,19.229999999999997,0.15988848194444444,28.0,20.0,25.938046156805775,23.0,2.9380461568057754,0.0
2013-07-23,2013,11.0,21.22,0.3299061083205166,31.66720404929443,19.373909912733815,19.229166666666664,0.1445092813888889,30.0,19.0,27.17532443429878,26.0,1.1753244342987799,0.0
2013-07-24,2013,10.0,20.49,0.35071065491846987,31.557579306075173,19.35752294689947,19.228888888888886,0.12857618,30.0,20.0,27.44192190503017,27.0,0.4419219050301706,0.0
2013-07-25,2013,11.0,21.24,0.324530672871135,31.44480311235193,19.340751716086167,19.22861111111111,0.11209630166666668,30.0,19.0,27.197177621858447,25.0,2.1971776218584473,0.0
2013-07-26,2013,11.0,24.14,0.2294654606077341,31.328900608452468,19.32360573646426,19.22833333333333,0.09507699555555554,31.0,20.0,28.20851015535581,27.0,1.2085101553558104,0.0
2013-07-27,2013,11.0,25.22,0.19192301661499034,31.20989771835128,19.30609453017975,19.22833333333333,0.07752582499999999,34.0,23.0,31.220106814472786,29.0,2.2201068144727856,0.0
2013-07-28,2013,14.0,21.44,0.3103408601648191,31.08782115919448,19.288227610950976,19.22861111111111,0.059450555555555555,36.0,22.0,32.47704343712791,32.0,0.47704343712791086,0.0
2013-07-29,2013,11.0,26.36,0.14865301416806231,30.962698451608382,19.270014470325542,19.228888888888886,0.040859143611111114,33.0,22.0,30.244072904383167,30.0,0.24407290438316664,0.0
2013-07-30,2013,13.0,26.67,0.13506137951125818,30.83455793074642,19.251464564617677,19.229444444444443,0.021759726666666666,31.0,18.0,27.757602059339114,27.0,0.7576020593391135,0.0
2013-07-31,2013,10.0,27.45,0.10596304353048591,30.703428758021392,19.23258730254168,19.230277777777776,0.002160611111111111,31.0,21.0,28.517306008772252,27.0,1.5173060087722519,0.0
2013-08-01,2013,12.0,28.05,0.0824139761124516,30.56934093346388,19.21339203355301,19.231111111111108,0.01792973527777778,34.0,22.0,31.034778499829073,30.0,1.0347784998290734,0.0
2013-08-02,2013,13.0,27.05,0.11114251948667386,30.432325308640362,19.19388803690468,19.23222222222222,0.038502694444444444,37.0,24.0,33.803132964615834,32.0,1.803132964615834,0.0
2013-08-03,2013,12.0,16.74,0.4473863911600807,30.292413600058897,19.174084511422926,19.233611111111113,0.05954950611111111,35.0,23.0,32.06356382949859,29.0,3.063563829498591,0.0
2013-08-04,2013,13.0,21.44,0.28888036024081687,30.149638402984543,19.153990566002633,19.235,0.08106127611111112,31.0,18.0,27.834854519439947,28.0,-0.16514548056005296,0.0
2013-08-05,2013,9.0,20.48,0.31742509883003345,30.004033205581226,19.133615210819983,19.23638888888889,0.10302898611111112,32.0,23.0,29.819998099604987,29.0,0.8199980996049874,0.0
2013-08-06,2013,8.0,20.34,0.31872151541640537,29.85563240329253,19.112967349256607,19.238333333333333,0.1254434986111111,32.0,24.0,30.072379494557786,28.0,2.0723794945577865,0.0
2013-08-07,2013,11.0,22.37,0.24691472324128327,29.704471313369194,19.092055770527203,19.240277777777777,0.14829556583333334,35.0,24.0,32.36370092387028,28.0,4.363700923870283,0.0
2013-08-08,2013,5.0,9.96,0.6629508485501208,29.550586189448097,19.070889142999874,19.242222222222225,0.17157583638888887,28.0,23.0,26.8082208430571,26.0,0.8082208430571001,0.0
2013-08-09,2013,10.0,21.71,0.2614142517033654,29.394014236083958,19.049476008196507,19.244722222222222,0.19527486055555557,31.0,21.0,28.629701728898638,27.0,1.6297017288986382,0.0
2013-08-10,2013,11.0,26.43,0.09594025732794054,29.234793623132575,19.027824775458466,19.246944444444445,0.21938309777777776,32.0,21.0,29.407454410805922,28.0,1.4074544108059222,0.0
2013-08-11,2013,11.0,23.43,0.19409660456202282,29.072963499882892,19.005943717261424,19.249722222222225,0.24389092055555553,32.0,21.0,29.422428771413102,23.0,6.422428771413102,0.0
2013-08-12,2013,7.0,20.78,0.2811818672954274,28.908564008833068,18.983840965161413,19.2525,0.2687886208333333,28.0,21.0,26.369375721296844,24.0,2.3693757212968443,0.0
2013-08-13,2013,6.0,9.79,0.659379170407961,28.741636299005744,18.9615245063533,19.255555555555556,0.2940664147222222,26.0,20.0,24.610691729473235,22.0,2.610691729473235,0.0
2013-08-14,2013,6.0,14.04,0.5086136550635849,28.57222253869664,18.939002180821667,19.25861111111111,0.3197144461111111,26.0,20.0,24.619158668209355,22.0,2.619158668209355,0.0
2013-08-15,2013,10.0,21.5,0.2429675006707357,28.400365927551512,18.916281679063353,19.261944444444445,0.34572279194444444,27.0,17.0,24.712867422701272,24.0,0.7128674227012723,0.0
2013-08-16,2013,9.0,20.61,0.2698250136794188,28.226110707867004,18.893370540360294,19.26527777777778,0.3720814663888889,27.0,18.0,24.954562056360917,24.0,0.954562056360917,0.0
2013-08-17,2013,10.0,20.79,0.25881037494773307,28.049502175012147,18.87027615158083,19.26888888888889,0.3987804225,26.0,16.0,23.7418651114905,22.0,1.741865111490501,0.0
2013-08-18,2013,9.0,19.7,0.2931616323211026,27.870586686869434,18.84700574648732,19.272777777777776,0.42580955833333334,24.0,15.0,21.98092682535254,21.0,0.9809268253525403,0.0
2013-08-19,2013,12.0,26.45,0.044761213667851685,27.689411672196282,18.82356640552789,19.276666666666667,0.4531587177777778,28.0,16.0,25.3257377162796,23.0,2.325737716279601,0.0
2013-08-20,2013,12.0,24.51,0.10892252036922345,27.506025637810836,18.799965056089885,19.280555555555555,0.48081769527777773,29.0,17.0,26.34373944594001,24.0,2.3437394459400096,0.0
2013-08-21,2013,10.0,22.83,0.1643630885896662,27.320478174508835,18.77620847319291,18.284722222222225,0.49122376166666665,30.0,20.0,27.80158595338986,27.0,0.8015859533898606,0.0
2013-08-22,2013,9.0,15.91,0.4136252692310025,27.132819961622374,18.75230328059946,18.289166666666667,0.46297595166666666,31.0,22.0,29.03516829088297,28.0,1.0351682908829716,0.0
2013-08-23,2013,15.0,20.79,0.2283739487107349,26.943102770134832,18.728255952321405,18.29361111111111,0.43444921416666665,33.0,18.0,29.74837351179762,30.0,-0.25162648820237976,0.04567478974214682
2013-08-24,2013,13.0,23.71,0.11369056568963787,26.75137946427115,18.70407281450104,18.298333333333336,0.4056539294444444,36.0,23.0,33.202098936100654,31.0,2.202098936100654,0.0
2013-08-25,2013,10.0,12.92,0.51351216207257,26.557704001486858,18.679760047645765,18.303055555555556,0.37660051527777777,28.0,18.0,25.86340831882857,18.0,7.863408318828569,0.0
2013-08-26,2013,10.0,20.31,0.22957671107417554,26.3621314307847,18.655323689196173,18.30777777777778,0.34729942472222225,28.0,18.0,25.879165218318306,25.0,0.8791652183183061,0.0
2013-08-27,2013,10.0,24.58,0.06056697786682741,26.164717889292564,18.630769636407578,18.31277777777778,0.31776114499999997,28.0,18.0,25.89503564286025,26.0,-0.10496435713974961,0.0
2013-08-28,2013,11.0,24.13,0.07069069114876847,25.965520597042516,18.606103649525917,18.318055555555556,0.28799619472222227,30.0,19.0,27.702117780031394,28.0,-0.2978822199686064,0.0
2013-08-29,2013,13.0,23.57,0.08517881251947446,25.764597849895942,18.581331355239435,18.323055555555555,0.2580151230555555,34.0,21.0,31.305234406096915,30.0,1.3052344060969148,0.0
2013-08-30,2013,15.0,15.71,0.38541606829470854,25.562009010566424,18.55645825038826,18.328611111111112,0.22782850583333333,27.0,12.0,23.914940945577413,17.0,6.914940945577413,0.07708321365894143
2013-08-31,2013,9.0,19.46,0.2325837070159611,25.357814497697586,18.53148970591467,18.333888888888886,0.1974469472222222,20.0,11.0,18.163626107649698,18.0,0.16362610764969787,0.0
2013-09-01,2013,11.0,24.0,0.04580440132891739,25.15207577296,18.50643097103756,18.339444444444442,0.16688107416666667,23.0,12.0,20.773569088228644,20.0,0.7735690882286441,0.0
2013-09-02,2013,11.0,24.08,0.034670689199429505,24.944855326137237,18.48128717763528,18.345,0.1361415375,24.0,13.0,21.791697973616415,21.0,0.7916979736164151,0.0
2013-09-03,2013,12.0,23.65,0.04391199645395605,24.736216658178208,18.456063344821757,18.350555555555555,0.10523900972222222,27.0,15.0,24.61082848949691,24.0,0.6108284894969103,0.0
2013-09-04,2013,12.0,23.47,0.04306509843942663,24.526224262199054,18.430764383701472,18.35638888888889,0.07418418194444446,29.0,17.0,26.630818157618297,26.0,0.6308181576182967,0.0
2013-09-05,2013,11.0,20.72,0.14784914418088468,24.314943602425014,18.405395102289596,18.362222222222222,0.04298776416666667,30.0,19.0,27.84666604776154,26.0,1.8466660477615413,0.0
2013-09-06,2013,10.0,11.6,0.5187209479666279,24.102441091069245,18.379960210584176,18.368055555555557,0.011660481944444445,30.0,20.0,28.059246210275813,27.0,1.0592462102758127,0.0
2013-09-07,2013,11.0,15.5,0.35115994355240043,23.888784063151906,18.354464325778014,18.374166666666667,0.01978692361111111,30.0,19.0,27.883760850504345,26.0,1.8837608505043448,0.0
2013-09-08,2013,9.0,20.47,0.1353398341755062,23.674040749270436,18.328911977598437,18.38,0.051343699444444446,28.0,19.0,26.283808523605575,24.0,2.2838085236055754,0.0
2013-09-09,2013,12.0,20.32,0.1337813434481171,23.458280246337452,18.303307613763792,18.38611111111111,0.08299907972222223,30.0,18.0,27.732199356306033,26.0,1.7321993563060332,0.0
2013-09-10,2013,14.0,19.87,0.14506645315398958,23.241572486310403,18.277655605546048,18.392222222222223,0.11474229083333333,35.0,21.0,32.378191630198245,27.0,5.378191630198245,0.0
2013-09-11,2013,10.0,17.71,0.23080224660050197,23.023988202942608,18.251960253429495,18.398333333333333,0.14656254916666667,28.0,18.0,26.14445826281296,25.0,1.144458262812961,0.0
2013-09-12,2013,16.0,18.87,0.17257160903503177,22.805598896592517,18.22622579285597,18.404444444444444,0.1784490663888889,33.0,17.0,30.05871771747006,26.0,4.05871771747006,0.207085930842038
2013-09-13,2013,10.0,17.41,0.2291847836042632,22.586476797133827,18.200456400047564,18.410833333333333,0.2103910488888889,26.0,16.0,24.178997524516745,19.0,5.178997524516745,0.0
2013-09-14,2013,9.0,15.56,0.3043227834182507,22.366694825015212,18.17465619789818,18.416944444444447,0.24237770055555555,24.0,15.0,22.376716767533303,21.0,1.3767167675333027,0.0
2013-09-15,2013,6.0,9.33,0.5787111700572782,22.146326550524737,18.148829261925783,18.423055555555557,0.27439822444444445,21.0,15.0,19.9282552360877,19.0,0.9282552360877006,0.0
2013-09-16,2013,12.0,14.43,0.34186059884889763,21.92544615131926,18.1229796262774,18.429166666666667,0.3064418241666667,23.0,11.0,20.87745755842136,15.0,5.877457558421359,0.0
2013-09-17,2013,8.0,15.62,0.280321248798715,21.70412836828537,18.09711128977951,18.435555555555556,0.33849770611111113,19.0,11.0,17.59897318267354,16.0,1.5989731826735394,0.0
2013-09-18,2013,11.0,20.37,0.05178406278430081,21.482448459802942,18.07122822202643,18.441666666666666,0.3705550808333334,22.0,11.0,20.092887144883896,18.0,2.092887144883896,0.0
2013-09-19,2013,12.0,19.01,0.1058528277080174,21.260482154488447,18.045334369499844,18.447777777777777,0.40260316527777773,23.0,11.0,20.94061408024517,19.0,1.9406140802451688,0.0
2013-09-20,2013,9.0,18.66,0.11304644240061001,21.038305602499378,18.01943366171265,18.453888888888887,0.43463118444444443,22.0,13.0,20.47131874541202,18.0,2.4713187454120202,0.0
2013-09-21,2013,5.0,10.56,0.492697810751769,20.815995325486018,17.993530017370485,18.46,0.4666283725,12.0,7.0,11.159559169622213,8.0,3.159559169622213,0.0
2013-09-22,2013,10.0,19.95,0.031253752865491036,20.593628165281523,17.967627350544504,18.46611111111111,0.49858397666666665,15.0,5.0,13.336800908667977,11.0,2.3368009086679766,0.0
2013-09-23,2013,14.0,19.99,0.018716605356981164,20.37128123142465,17.941729576848914,17.471944444444443,0.4695127436111111,20.0,6.0,17.696313412514407,18.0,-0.3036865874855934,0.0
2013-09-24,2013,15.0,19.59,0.02774484907474739,20.14903184761434,17.915840619616947,17.478055555555553,0.4376725130555556,23.0,8.0,20.558361360973322,20.0,0.558361360973322,0.0055489698149494586
2013-09-25,2013,14.0,16.38,0.17799794563202642,19.92695749719794,17.889964416068796,17.483888888888888,0.4059060397222222,23.0,9.0,20.74598794923988,22.0,-1.254012050760121,0.0
2013-09-26,2013,18.0,17.64,0.10480190505328812,19.705135767799025,17.864104923465167,17.489722222222223,0.37422401194444443,29.0,11.0,26.13396347175409,24.0,2.1339634717540896,0.33536609617052193
2013-09-27,2013,15.0,17.18,0.11823477478293587,19.483644295192974,17.838266125239773,17.495555555555555,0.34263709861111113,29.0,14.0,26.638303362122002,25.0,1.6383033621220022,0.02364695495658709
2013-09-28,2013,8.0,13.89,0.27891207136947804,19.262560706541926,17.8124520371042,18.00111111111111,0.18884405444444446,25.0,17.0,23.754657595216244,21.0,2.754657595216244,0.0
2013-09-29,2013,10.0,16.51,0.13296752132097356,19.041962563102516,17.78666671311818,18.006666666666668,0.22020882638888886,23.0,13.0,21.461113007945332,19.0,2.4611130079453325,0.0
2013-09-30,2013,11.0,17.53,0.06863947999358266,18.821927302522138,17.760914251718223,18.01222222222222,0.2514466202777778,23.0,12.0,21.32679529580249,20.0,1.3267952958024907,0.0
2014-05-01,2014,16.0,27.68,0.04249657998478795,28.9085129320585,18.983834117466134,19.38,0.3964156047222222,21.0,5.0,17.272865631955725,16.0,1.2728656319557246,0.05099589598174551
2014-05-02,2014,14.0,25.22,0.13252587318187203,29.07291320895793,19.005936936675834,19.38222222222222,0.37636398972222224,24.0,10.0,20.71946071274879,20.0,0.7194607127487913,0.0
2014-05-03,2014,13.0,21.76,0.25568016252165915,29.234744130587814,19.027818064467443,19.384166666666665,0.3563746769444444,27.0,14.0,23.936087906857846,22.0,1.9360879068578463,0.0
2014-05-04,2014,12.0,24.42,0.16921723423060975,29.393965554141666,19.04946936932894,19.385833333333334,0.33645452416666666,29.0,17.0,26.155647013712613,24.0,2.1556470137126134,0.0
2014-05-05,2014,14.0,26.94,0.08834148132502484,29.550538330026466,19.070882578827508,19.38722222222222,0.31661075111111114,30.0,16.0,26.663024044767702,25.0,1.6630240447677025,0.0
2014-05-06,2014,14.0,27.15,0.08599474150088349,29.704424288086567,19.09204928366328,19.38888888888889,0.2968509336111111,31.0,17.0,27.644715871118464,25.0,2.644715871118464,0.0
2014-05-07,2014,10.0,20.05,0.3284338867130647,29.85558622347191,19.11296094235434,19.39,0.2771830011111111,25.0,15.0,22.590478312976327,23.0,-0.4095216870236733,0.0
2014-05-08,2014,6.0,16.24,0.4587386162222499,30.00398788225465,19.1336088865708,19.391111111111112,0.25761523194444447,20.0,14.0,18.546667730797488,16.0,2.5466677307974876,0.0
2014-05-09,2014,11.0,23.97,0.20496441702603663,30.149593946897586,19.153984327134236,19.391944444444444,0.23815624722222223,22.0,11.0,19.321804184477664,18.0,1.3218041844776636,0.0
2014-05-10,2014,13.0,22.63,0.2529471948280223,30.292370021675225,19.17407836069709,19.392777777777777,0.21881500277777777,26.0,13.0,22.8188657055155,21.0,1.818865705515499,0.0
2014-05-11,2014,8.0,26.65,0.12428520941412491,30.43228261814612,19.193881977114923,19.393333333333334,0.19960078388888888,19.0,11.0,17.032700167381304,16.0,1.0327001673813037,0.0
2014-05-12,2014,6.0,16.11,0.47300067542231905,30.569299140772138,19.213386067521952,19.39388888888889,0.1805231938888889,17.0,11.0,15.51739142964911,16.0,-0.4826085703508909,0.0
2014-05-13,2014,11.0,28.53,0.07078658165614016,30.703387872776432,19.23258143311824,19.394166666666667,0.1615921461111111,21.0,10.0,18.269040532720705,19.0,-0.7309594672792947,0.0
2014-05-14,2014,12.0,28.64,0.07117082112355766,30.83451796232797,19.25145879467404,19.394166666666667,0.1428178525,27.0,15.0,24.007021483854217,23.0,1.007021483854217,0.0
2014-05-15,2014,7.0,20.78,0.3288690184710429,30.96265940913564,19.27000880275388,19.394166666666667,0.12421081277777778,25.0,18.0,23.246230612445714,21.0,2.2462306124457143,0.0
2014-05-16,2014,7.0,18.18,0.41520435954324975,31.087783051530014,19.288222048659975,19.39388888888889,0.10578180083333333,20.0,13.0,18.238524069716384,17.0,1.2385240697163837,0.0
2014-05-17,2014,10.0,27.04,0.13360715107573173,31.2098605541048,19.306089076090895,19.39361111111111,0.08754185055555556,23.0,13.0,20.472827663615593,20.0,0.47282766361559325,0.0
2014-05-18,2014,12.0,30.36,0.030925614913398625,31.328864395984294,19.323600393507927,19.393055555555556,0.06950224277777778,29.0,17.0,25.95474220747369,25.0,0.9547422074736893,0.0
2014-05-19,2014,14.0,27.05,0.13976149798192683,31.44476785977628,19.340746487197485,19.392222222222223,0.051674489444444444,27.0,13.0,23.43277591300374,24.0,-0.5672240869962586,0.0
2014-05-20,2014,16.0,19.91,0.3690890724679379,31.557545021263238,19.357517835013972,19.391388888888887,0.03407031527777778,31.0,15.0,26.90707994835209,23.0,3.9070799483520915,0.4429068869615252
2014-05-21,2014,7.0,20.99,0.3371684457567239,31.667170739877196,19.373904920782916,19.390555555555554,0.016701642222222222,20.0,13.0,18.202481275140972,18.0,0.20248127514097192,0.0
2014-05-22,2014,7.0,4.97,0.843580936061795,31.77362064999603,19.3898982493399,19.389444444444443,0.00041942944444444444,15.0,8.0,13.195792421734696,8.0,5.195792421734696,0.0
2014-05-23,2014,8.0,15.43,0.5159499837391168,31.87687115309146,19.405488362175912,19.388055555555557,0.017280639722222223,17.0,9.0,14.930610246080569,15.0,-0.06938975391943103,0.0
2014-05-24,2014,14.0,28.45,0.11029522798464886,31.97689941075096,19.420665853655056,19.386666666666667,0.03386959083333333,25.0,11.0,21.365917851007907,21.0,0.3659178510079073,0.0
2014-05-25,2014,13.0,29.48,0.08086640100567632,32.07368333858728,19.435421387765565,19.384999999999998,0.050173765277777775,30.0,17.0,26.61409482166219,25.0,1.6140948216621887,0.0
2014-05-26,2014,12.0,29.16,0.09348657798521576,32.16720160104197,19.449745715360166,19.383333333333333,0.06618054888888888,31.0,19.0,27.864350290305673,26.0,1.8643502903056728,0.0
2014-05-27,2014,15.0,28.42,0.11896276851479093,32.25743360708034,19.463629691836744,19.381666666666668,0.08187725305555556,35.0,20.0,31.068101370060766,29.0,2.0681013700607664,0.023792553702958102
2014-05-28,2014,8.0,18.15,0.4388511543658099,32.34435950676781,19.477064295205487,19.379722222222224,0.09725113638888888,30.0,22.0,27.896630920323165,25.0,2.8966309203231653,0.0
2014-05-29,2014,13.0,28.97,0.10663514351770009,32.42796018870928,19.490040644483663,19.3775,0.11228942916666666,35.0,22.0,31.57206352822317,29.0,2.5720635282231683,0.0
2014-05-30,2014,9.0,23.79,0.26818503160856455,32.50821727832592,19.502550018354576,19.375555555555557,0.1269793561111111,31.0,22.0,28.620174630230665,25.0,3.6201746302306645,0.0
2014-05-31,2014,13.0,9.58,0.7060007138922325,32.58511313693593,19.514583874022723,19.373055555555556,0.14130816138888888,21.0,8.0,17.553263036955414,11.0,6.553263036955414,0.0
2014-06-01,2014,9.0,29.26,0.10406531970068866,32.658630861599086,19.526133866192886,19.370833333333334,0.1552631322222222,18.0,9.0,15.60768514022898,15.0,0.6076851402289805,0.0
2014-06-02,2014,8.0,17.81,0.45583019003587855,32.72875428567832,19.53719186609701,19.368333333333332,0.16883162416666667,21.0,13.0,18.86830297919115,18.0,0.8683029791911494,0.0
2014-06-03,2014,4.0,6.94,0.7883853950729272,32.79546798006537,19.54774998048912,19.365555555555556,0.18200108555555555,17.0,13.0,15.931674569268683,16.0,-0.06832543073131703,0.0
2014-06-04,2014,11.0,20.64,0.37185695004178254,32.858757255012094,19.55780057052538,19.36277777777778,0.19475908305555556,23.0,12.0,20.05562875163301,21.0,-0.9443712483669913,0.0
2014-06-05,2014,13.0,30.29,0.07985174067895118,32.9186081625043,19.56733627044394,19.360000000000003,0.20709332555555557,29.0,16.0,25.5130351041514,24.0,1.513035104151399,0.0
2014-06-06,2014,11.0,28.75,0.12812756749864418,32.97500749911059,19.576350005956854,19.357222222222223,0.21899168972222222,24.0,13.0,21.043695974428324,21.0,0.04369597442832429,0.0
2014-06-07,2014,14.0,26.77,0.1894741929698881,33.02794280923552,19.58483501226523,19.354166666666668,0.23044224472222222,28.0,14.0,24.230495201761386,24.0,0.23049520176138572,0.0
2014-06-08,2014,11.0,21.74,0.3427537100850293,33.077402388703554,19.592784851607632,19.351111111111113,0.241433275,29.0,18.0,26.033145125059946,26.0,0.03314512505994571,0.0
2014-06-09,2014,9.0,20.38,0.38472453901716497,33.12337528859868,19.600193430251807,19.348055555555554,0.25195330499999996,28.0,19.0,25.568687312809008,25.0,0.5686873128090078,0.0
2014-06-10,2014,9.0,15.73,0.5257169837562949,33.16585131928341,19.607055014840363,19.345,0.26199112305555555,24.0,15.0,21.565091264632983,22.0,-0.43490873536701713,0.0
2014-06-11,2014,11.0,29.9,0.09952835008791572,33.204821054520956,19.61336424800236,19.341666666666665,0.2715358033333333,28.0,17.0,25.019962195932123,26.0,-0.9800378040678766,0.0
2014-06-12,2014,13.0,28.68,0.1371912753725658,33.24027583562532,19.61911616314477,19.33833333333333,0.28057672694444447,33.0,20.0,29.473789328512506,28.0,1.473789328512506,0.0
2014-06-13,2014,13.0,26.1,0.21556152281642182,33.272207775565235,19.62430619834084,19.334999999999997,0.289103605,34.0,21.0,30.46986875842169,30.0,0.46986875842168985,0.0
2014-06-14,2014,12.0,25.26,0.2414553313043749,33.30060976295105,19.628930209235804,19.331666666666667,0.29710649666666666,35.0,23.0,31.738194874709087,32.0,-0.2618051252909126,0.0
2014-06-15,2014,11.0,22.72,0.31823928443897986,33.325475465836625,19.632984480895,19.328333333333333,0.3045758302777778,36.0,25.0,33.00742334691835,32.0,1.0074233469183511,0.0
2014-06-16,2014,10.0,8.59,0.7424040636213647,33.34679933527261,19.63646573852433,19.32472222222222,0.31150242055555555,27.0,17.0,24.27745597855853,23.0,1.2774559785585318,0.0
2014-06-17,2014,9.0,21.23,0.36369640624907484,33.36457660855248,19.639371156999037,19.32138888888889,0.31787748555555556,28.0,19.0,25.548193825647715,24.0,1.548193825647715,0.0
2014-06-18,2014,9.0,25.68,0.2306494705670883,33.37880331209849,19.64169836914314,19.317777777777778,0.32369266361111115,31.0,22.0,28.546979454132114,28.0,0.5469794541321136,0.0
2014-06-19,2014,9.0,24.59,0.2635404099897103,33.38947626394061,19.643445472708866,19.314444444444444,0.32894002694444446,33.0,24.0,30.54606801017347,30.0,0.546068010173471,0.0
2014-06-20,2014,8.0,15.33,0.5409711414206502,33.39659307574882,19.644611036013124,19.310833333333335,0.333612095,27.0,19.0,24.818186714225803,20.0,4.818186714225803,0.0
2014-06-21,2014,13.0,17.62,0.4724574930510894,33.40015215438629,19.645194102196037,19.307222222222222,0.33770184722222224,31.0,18.0,27.454114161709114,30.0,-2.5458858382908858,0.0
2014-06-22,2014,10.0,27.77,0.16856667551882187,33.40015270295875,19.645194192074904,19.30388888888889,0.34120273305555554,32.0,22.0,29.272395456924475,29.0,0.27239545692447464,0.0
2014-06-23,2014,11.0,27.44,0.1783593438506048,33.39659472134338,19.64461130557584,19.30027777777778,0.34410868166666664,33.0,22.0,30.00000656022339,28.0,2.0000065602233903,0.0
2014-06-24,2014,8.0,10.97,0.6714533941075667,33.38947900618884,19.64344592173397,19.296944444444446,0.3464141088888889,31.0,23.0,28.818726911952293,28.0,0.8187269119522931,0.0
2014-06-25,2014,5.0,13.24,0.6033411277896237,33.37880715038662,19.641698997262278,19.293333333333337,0.34811392444444444,30.0,25.0,28.63721062578656,28.0,0.6372106257865617,0.0
2014-06-26,2014,10.0,14.81,0.5561161172860145,33.364581542021774,19.639371963698046,19.290000000000003,0.34920353555555556,31.0,21.0,28.275770449603666,28.0,0.2757704496036659,0.0
2014-06-27,2014,9.0,27.67,0.1702353584115529,33.34680536281995,19.63646672314477,19.28666666666667,0.3496788522222222,32.0,23.0,29.549709866667747,29.0,0.5497098666677473,0.0
2014-06-28,2014,10.0,25.37,0.2387207016599905,33.32548258611522,19.632985642636104,19.283333333333335,0.3495362875,34.0,24.0,31.279475095756894,30.0,1.2794750957568937,0.0
2014-06-29,2014,11.0,25.41,0.23695109743741027,33.30061797437121,19.628931547156824,19.279999999999998,0.34877276,35.0,24.0,32.01001111402714,31.0,1.0100111140271366,0.0
2014-06-30,2014,10.0,17.83,0.464117465959222,33.27221707629535,19.62430771136379,19.276666666666667,0.3473856908333333,34.0,24.0,31.284513550636927,29.0,2.2845135506369267,0.0
2014-07-01,2014,7.0,27.81,0.16336460483720805,33.24028622359295,19.619117850057584,19.27361111111111,0.3453730033333334,32.0,25.0,30.101270490520648,29.0,1.1012704905206476,0.0
2014-07-02,2014,12.0,30.87,0.07031604587935403,33.204832527413906,19.613366107462333,19.270555555555553,0.34273312027777775,35.0,23.0,31.74904837042382,29.0,2.7490483704238216,0.0
2014-07-03,2014,7.0,17.32,0.477776304410087,33.16586387455097,19.60705704537799,19.2675,0.33946495666666665,28.0,21.0,26.10618126735809,25.0,1.1061812673580889,0.0
2014-07-04,2014,14.0,26.85,0.1893945374354804,33.12338892345287,19.600195630274914,19.264444444444443,0.3355679177777778,32.0,18.0,28.21795624787375,29.0,-0.7820437521262491,0.0
2014-07-05,2014,7.0,6.93,0.7904915012250222,33.07741710012037,19.59278721940581,19.261666666666667,0.33104188944444446,24.0,17.0,22.11200047682755,17.0,5.11200047682755,0.0
2014-07-06,2014,12.0,27.09,0.17978581924959858,33.02795859395624,19.584837546014512,19.25888888888889,0.32588723138888886,29.0,17.0,25.768994112788164,25.0,0.7689941127881639,0.0
2014-07-08,2014,11.0,25.64,0.22110965581444886,32.91862608312411,19.567339130194185,19.253611111111113,0.31369578305555557,31.0,20.0,28.049489402364877,27.0,1.0494894023648769,0.0
2014-07-09,2014,7.0,12.95,0.6058891570917084,32.85877623776372,19.557803590123868,19.25111111111111,0.30666200055555554,26.0,19.0,24.12630796811091,24.0,0.12630796811091116,0.0
2014-07-10,2014,11.0,28.25,0.1386010178560373,32.795488020763266,19.547753157708968,19.248611111111114,0.29900558222222223,31.0,20.0,28.062103016978426,28.0,0.06210301697842624,0.0
2014-07-11,2014,14.0,30.09,0.08062554584696657,32.72877537990783,19.537195198624303,19.24638888888889,0.2907291116666667,36.0,22.0,32.26952747557752,31.0,1.2695274755775188,0.0
2014-07-14,2014,12.0,24.73,0.23926983264640722,32.50824150438262,19.502553802136447,19.240277777777777,0.2622113102777778,35.0,23.0,31.826896831570004,30.0,1.8268968315700036,0.0
2014-07-15,2014,13.0,27.64,0.14764979637684006,32.427985448361746,19.4900445735622,19.238333333333333,0.25148849194444445,34.0,21.0,30.572060514204104,30.0,0.5720605142041038,0.0
2014-07-16,2014,7.0,6.91,0.786361687499332,32.34438579446462,19.477068366918438,19.236666666666668,0.24016444388888888,27.0,20.0,25.159550370905123,23.0,2.159550370905123,0.0
2014-07-17,2014,11.0,24.89,0.2283955620682634,32.2574609170431,19.46363390346974,19.235277777777778,0.22824401833333333,29.0,18.0,26.116604929287703,25.0,1.1166049292877034,0.0
2014-07-18,2014,5.0,7.02,0.7817654794685984,32.16722992726486,19.449750064152493,19.233888888888888,0.21573239944444442,26.0,21.0,24.693477998568376,24.0,0.6934779985683761,0.0
2014-07-19,2014,11.0,29.3,0.08647931416473076,32.07371267483649,19.435425870915893,19.232777777777777,0.20263508777777778,30.0,19.0,27.13500038226395,28.0,-0.8649996177360499,0.0
2014-07-20,2014,13.0,28.28,0.11561240492447533,31.97692975056367,19.420670468327046,19.231666666666666,0.1889578886111111,35.0,22.0,31.62549157898436,30.0,1.6254915789843594,0.0
2014-07-21,2014,12.0,25.9,0.18749947526087118,31.876902489774718,19.405493105503744,19.230555555555554,0.17470689611111112,37.0,25.0,33.895911977499864,31.0,2.895911977499864,0.0
2014-07-22,2014,9.0,23.57,0.25819042533952175,31.77365297662523,19.389903118433654,19.229999999999997,0.15988848194444444,35.0,26.0,32.6803019264065,32.0,0.6803019264065,0.0
2014-07-23,2014,9.0,26.32,0.16885620975475946,31.66720404929443,19.373909912733815,19.229166666666664,0.1445092813888889,36.0,27.0,33.68890180988082,31.0,2.688901809880818,0.0
2014-07-24,2014,10.0,14.19,0.5503457390577398,31.557579306075173,19.35752294689947,19.228888888888886,0.12857618,29.0,19.0,26.44192190503017,20.0,6.441921905030171,0.0
2014-07-25,2014,11.0,27.88,0.11336700374987019,31.44480311235193,19.340751716086167,19.22861111111111,0.11209630166666668,31.0,20.0,28.197177621858447,27.0,1.1971776218584473,0.0
2014-07-26,2014,13.0,27.18,0.13243045647548524,31.328900608452468,19.32360573646426,19.22833333333333,0.09507699555555554,35.0,22.0,31.700966547238682,30.0,1.7009665472386821,0.0
2014-07-27,2014,9.0,21.67,0.30566898374491824,31.20989771835128,19.30609453017975,19.22833333333333,0.07752582499999999,34.0,25.0,31.725541939114095,32.0,-0.2744580608859053,0.0
2014-07-28,2014,14.0,20.39,0.3441161445317473,31.08782115919448,19.288227610950976,19.22861111111111,0.059450555555555555,36.0,22.0,32.47704343712791,30.0,2.477043437127911,0.0
2014-07-29,2014,11.0,13.21,0.5733575992852846,30.962698451608382,19.270014470325542,19.228888888888886,0.040859143611111114,27.0,16.0,24.244072904383167,23.0,1.2440729043831666,0.0
2014-07-30,2014,9.0,20.84,0.32413495121914593,30.83455793074642,19.251464564617677,19.229444444444443,0.021759726666666666,27.0,18.0,24.755262964157847,24.0,0.755262964157847,0.0
2014-07-31,2014,5.0,7.47,0.7567046970919027,30.703428758021392,19.23258730254168,19.230277777777776,0.002160611111111111,23.0,18.0,21.758653004386126,20.0,1.758653004386126,0.0
2014-08-01,2014,12.0,27.23,0.1092382377733353,30.56934093346388,19.21339203355301,19.231111111111108,0.01792973527777778,27.0,15.0,24.034778499829073,24.0,0.03477849982907344,0.0
2014-08-02,2014,10.0,23.53,0.22680900123923975,30.432325308640362,19.19388803690468,19.23222222222222,0.038502694444444444,25.0,15.0,22.54087151124295,21.0,1.5408715112429512,0.0
2014-08-03,2014,12.0,28.68,0.053228297399708135,30.292413600058897,19.174084511422926,19.233611111111113,0.05954950611111111,29.0,17.0,26.06356382949859,25.0,1.063563829498591,0.0
2014-08-04,2014,11.0,25.9,0.14095155458195707,30.149638402984543,19.153990566002633,19.235,0.08106127611111112,32.0,21.0,29.321799977987645,28.0,1.321799977987645,0.0
2014-08-05,2014,9.0,17.81,0.4064131352618602,30.004033205581226,19.133615210819983,19.23638888888889,0.10302898611111112,32.0,23.0,29.819998099604987,25.0,4.819998099604987,0.0
2014-08-06,2014,9.0,25.22,0.15526827034423518,29.85563240329253,19.112967349256607,19.238333333333333,0.1254434986111111,31.0,22.0,28.831426931377507,28.0,0.8314269313775071,0.0
2014-08-07,2014,10.0,24.71,0.16813870412570897,29.704471313369194,19.092055770527203,19.240277777777777,0.14829556583333334,31.0,21.0,28.603364476245712,28.0,0.6033644762457122,0.0
2014-08-08,2014,11.0,21.34,0.2778485048252588,29.550586189448097,19.070889142999874,19.242222222222225,0.17157583638888887,31.0,20.0,28.37808585472562,26.0,2.3780858547256187,0.0
2014-08-09,2014,7.0,21.99,0.25188850276172303,29.394014236083958,19.049476008196507,19.244722222222222,0.19527486055555557,29.0,22.0,27.34079121022905,26.0,1.3407912102290496,0.0
2014-08-10,2014,11.0,25.38,0.1318563651525968,29.234793623132575,19.027824775458466,19.246944444444445,0.21938309777777776,29.0,18.0,26.407454410805922,25.0,1.4074544108059222,0.0
2014-08-11,2014,11.0,25.87,0.11016983184035545,29.072963499882892,19.005943717261424,19.249722222222225,0.24389092055555553,32.0,21.0,29.422428771413102,28.0,1.4224287714131023,0.0
2014-08-12,2014,13.0,25.35,0.12309722502113007,28.908564008833068,18.983840965161413,19.2525,0.2687886208333333,35.0,22.0,31.97169776812271,29.0,2.9716977681227092,0.0
2014-08-13,2014,12.0,24.24,0.1566242176393231,28.741636299005744,18.9615245063533,19.255555555555556,0.2940664147222222,36.0,24.0,33.22138345894647,30.0,3.2213834589464696,0.0
2014-08-14,2014,10.0,13.48,0.5282131104171741,28.57222253869664,18.939002180821667,19.25861111111111,0.3197144461111111,36.0,26.0,33.698597780348926,30.0,3.6985977803489263,0.0
2014-08-15,2014,9.0,23.35,0.17782749491449668,28.400365927551512,18.916281679063353,19.261944444444445,0.34572279194444444,35.0,26.0,32.941580680431144,31.0,1.9415806804311444,0.0
2014-08-16,2014,8.0,24.82,0.1206723357362045,28.226110707867004,18.893370540360294,19.26527777777778,0.3720814663888889,31.0,23.0,29.181832938987483,28.0,1.1818329389874833,0.0
2014-08-17,2014,5.0,13.53,0.517638497981858,28.049502175012147,18.87027615158083,19.26888888888889,0.3987804225,25.0,20.0,23.87093255574525,23.0,0.8709325557452487,0.0
2014-08-18,2014,3.0,8.64,0.689995761586514,27.870586686869434,18.84700574648732,19.272777777777776,0.42580955833333334,23.0,20.0,22.326975608450848,21.0,1.326975608450848,0.0
2014-08-19,2014,6.0,10.93,0.6052642746839175,27.689411672196282,18.82356640552789,19.276666666666667,0.4531587177777778,25.0,19.0,23.662868858139802,21.0,2.6628688581398023,0.0
2014-08-20,2014,12.0,11.25,0.5909987088598028,27.506025637810836,18.799965056089885,19.280555555555555,0.48081769527777773,30.0,18.0,27.34373944594001,25.0,2.3437394459400096,0.0
2014-08-21,2014,11.0,18.25,0.3320029069978715,27.320478174508835,18.77620847319291,18.284722222222225,0.49122376166666665,31.0,20.0,28.58174454872885,28.0,0.5817445487288495,0.0
2014-08-22,2014,12.0,24.98,0.07934376023824274,27.132819961622374,18.75230328059946,18.289166666666667,0.46297595166666666,33.0,21.0,30.380224387843963,30.0,0.3802243878439633,0.0
2014-08-23,2014,11.0,24.33,0.09698596306552099,26.943102770134832,18.728255952321405,18.29361111111111,0.43444921416666665,32.0,21.0,29.615473908651587,29.0,0.6154739086515875,0.0
2014-08-24,2014,11.0,23.78,0.11107387819905479,26.75137946427115,18.70407281450104,18.298333333333336,0.4056539294444444,34.0,23.0,31.632545253623633,30.0,1.6325452536236327,0.0
2014-08-25,2014,12.0,23.83,0.10270857756883456,26.557704001486858,18.679760047645765,18.303055555555556,0.37660051527777777,35.0,23.0,32.43608998259428,31.0,1.4360899825942823,0.0
2014-08-26,2014,11.0,20.05,0.23943934303482117,26.3621314307847,18.655323689196173,18.30777777777778,0.34729942472222225,35.0,24.0,32.66708174015014,32.0,0.6670817401501381,0.0
2014-08-27,2014,6.0,14.8,0.43435277756017265,26.164717889292564,18.630769636407578,18.31277777777778,0.31776114499999997,27.0,21.0,25.73702138571615,25.0,0.737021385716151,0.0
2014-08-28,2014,12.0,24.41,0.05990716000586138,25.965520597042516,18.606103649525917,18.318055555555556,0.28799619472222227,27.0,15.0,24.493219396397883,24.0,0.49321939639788326,0.0
2014-08-29,2014,13.0,23.71,0.0797449997809393,25.764597849895942,18.581331355239435,18.323055555555555,0.2580151230555555,29.0,16.0,26.305234406096915,26.0,0.30523440609691477,0.0
2014-08-30,2014,11.0,12.22,0.5219468080561005,25.562009010566424,18.55645825038826,18.328611111111112,0.22782850583333333,30.0,19.0,27.737623360090105,27.0,0.7376233600901045,0.0
2014-08-31,2014,11.0,24.34,0.04013810014226582,25.357814497697586,18.53148970591467,18.333888888888886,0.1974469472222222,31.0,20.0,28.755543020460742,28.0,0.7555430204607418,0.0
2014-09-01,2014,14.0,21.64,0.13963363519824046,25.15207577296,18.50643097103756,18.339444444444442,0.16688107416666667,36.0,22.0,33.16636065774555,30.0,3.1663606577455496,0.0
2014-09-02,2014,12.0,19.11,0.23391016904489603,24.944855326137237,18.48128717763528,18.345,0.1361415375,35.0,23.0,32.590943243945176,31.0,1.5909432439451763,0.0
2014-09-03,2014,12.0,18.35,0.25817273297801646,24.736216658178208,18.456063344821757,18.350555555555555,0.10523900972222222,33.0,21.0,30.61082848949691,29.0,1.6108284894969103,0.0
2014-09-04,2014,9.0,15.55,0.3659847584462328,24.526224262199054,18.430764383701472,18.85638888888889,0.4258158180555555,27.0,18.0,25.223113618213723,25.0,0.22311361821372344,0.0
2014-09-05,2014,7.0,18.95,0.22064388427740178,24.314943602425014,18.405395102289596,18.362222222222222,0.04298776416666667,26.0,19.0,24.629696575848254,23.0,1.6296965758482536,0.0
2014-09-06,2014,13.0,22.73,0.056941995455297656,24.102441091069245,18.379960210584176,18.368055555555557,0.011660481944444445,31.0,18.0,28.477020073358556,26.0,2.477020073358556,0.0
2014-09-07,2014,9.0,5.37,0.775208315927509,23.888784063151906,18.354464325778014,18.374166666666667,0.01978692361111111,23.0,14.0,21.268531604958103,17.0,4.268531604958103,0.0
2014-09-08,2014,11.0,23.4,0.011575579858663643,23.674040749270436,18.328911977598437,18.38,0.051343699444444446,25.0,14.0,22.90243263996237,21.0,1.9024326399623703,0.0
2014-09-09,2014,14.0,20.92,0.10820402091213621,23.458280246337452,18.303307613763792,18.38611111111111,0.08299907972222223,29.0,15.0,26.35423258235704,24.0,2.3542325823570387,0.0
2014-09-10,2014,12.0,21.42,0.07837561281119565,23.241572486310403,18.277655605546048,18.392222222222223,0.11474229083333333,28.0,16.0,25.75273568302707,24.0,1.752735683027069,0.0
2014-09-11,2014,6.0,19.76,0.14176467491958877,23.023988202942608,18.251960253429495,18.398333333333333,0.14656254916666667,21.0,15.0,19.886674957687774,19.0,0.8866749576877737,0.0
2014-09-12,2014,6.0,17.37,0.23834493105132493,22.805598896592517,18.22622579285597,18.404444444444444,0.1784490663888889,17.0,11.0,15.897019144051272,14.0,1.8970191440512725,0.0
2014-09-13,2014,11.0,21.21,0.06094251925596905,22.586476797133827,18.200456400047564,18.410833333333333,0.2103910488888889,20.0,9.0,17.996897276968422,16.0,1.9968972769684221,0.0
2014-09-14,2014,10.0,13.95,0.3763048090414266,22.366694825015212,18.17465619789818,18.416944444444447,0.24237770055555555,21.0,11.0,19.196351963925892,17.0,2.196351963925892,0.0
2014-09-15,2014,12.0,21.17,0.04408525939041574,22.146326550524737,18.148829261925783,18.423055555555557,0.27439822444444445,24.0,12.0,21.8565104721754,21.0,0.8565104721754011,0.0
2014-09-16,2014,7.0,10.39,0.5261213875287627,21.92544615131926,18.1229796262774,18.429166666666667,0.3064418241666667,20.0,13.0,18.76185024241246,20.0,-1.2381497575875393,0.0
2014-09-17,2014,14.0,20.73,0.0448821695004713,21.70412836828537,18.09711128977951,18.435555555555556,0.33849770611111113,27.0,13.0,24.548203069678692,21.0,3.548203069678692,0.0
2014-09-18,2014,16.0,20.15,0.062024981104745414,21.482448459802942,18.07122822202643,18.441666666666666,0.3705550808333334,30.0,14.0,27.226017665285664,26.0,1.2260176652856636,0.07442997732569445
2014-09-19,2014,16.0,18.73,0.11902280183961955,21.260482154488447,18.045334369499844,18.447777777777777,0.40260316527777773,25.0,9.0,22.25415210699356,17.0,5.254152106993558,0.14282736220754338
2014-09-20,2014,6.0,10.78,0.48760132095812314,21.038305602499378,18.01943366171265,18.453888888888887,0.43463118444444443,13.0,7.0,11.980879163608014,11.0,0.9808791636080141,0.0
2014-09-21,2014,10.0,20.13,0.03295520174555966,20.815995325486018,17.993530017370485,18.46,0.4666283725,16.0,6.0,14.319118339244424,13.0,1.3191183392444241,0.0
2014-09-22,2014,10.0,17.18,0.16576137715434258,20.593628165281523,17.967627350544504,18.46611111111111,0.49858397666666665,18.0,8.0,16.336800908667975,14.0,2.336800908667975,0.0
2014-09-23,2014,9.0,16.92,0.16941895761081127,20.37128123142465,17.941729576848914,17.471944444444443,0.4695127436111111,19.0,10.0,17.51905862233069,17.0,0.5190586223306894,0.0
2014-09-24,2014,5.0,8.8,0.5632544498140775,20.14903184761434,17.915840619616947,17.478055555555553,0.4376725130555556,17.0,12.0,16.18612045365777,15.0,1.1861204536577716,0.0
2014-09-25,2014,11.0,16.79,0.15742280263502584,19.92695749719794,17.889964416068796,17.483888888888888,0.4059060397222222,20.0,9.0,18.22899053154562,18.0,0.22899053154561955,0.0
2014-09-26,2014,14.0,17.84,0.09465226678858618,19.705135767799025,17.864104923465167,17.489722222222223,0.37422401194444443,26.0,12.0,23.770860478030958,22.0,1.7708604780309578,0.0
2014-09-27,2014,11.0,17.57,0.09821798561910255,19.483644295192974,17.838266125239773,17.495555555555555,0.34263709861111113,26.0,15.0,24.268089132222798,24.0,0.26808913222279784,0.0
2014-09-28,2014,8.0,14.19,0.2633378180513243,19.262560706541926,17.8124520371042,18.00111111111111,0.18884405444444446,22.0,14.0,20.754657595216244,17.0,3.754657595216244,0.0
2014-09-29,2014,10.0,12.35,0.35143239783852365,19.041962563102516,17.78666671311818,18.006666666666668,0.22020882638888886,21.0,11.0,19.461113007945332,17.0,2.4611130079453325,0.0
2014-09-30,2014,11.0,17.41,0.07501502262910875,18.821927302522138,17.760914251718223,18.01222222222222,0.2514466202777778,22.0,11.0,20.32679529580249,18.0,2.3267952958024907,0.0
2015-05-01,2015,13.0,27.99,0.03177309515080262,28.9085129320585,18.983834117466134,19.38,0.3964156047222222,24.0,11.0,20.97170332596403,20.0,0.9717033259640289,0.0
2015-05-02,2015,13.0,27.52,0.053414434177839754,29.07291320895793,19.005936936675834,19.38222222222222,0.37636398972222224,26.0,13.0,22.95378494755245,21.0,1.9537849475524496,0.0
2015-05-03,2015,12.0,22.05,0.24576045880526576,29.234744130587814,19.027818064467443,19.384166666666665,0.3563746769444444,28.0,16.0,25.171773452484167,22.0,3.1717734524841674,0.0
2015-05-04,2015,7.0,13.93,0.5260932052756918,29.393965554141666,19.04946936932894,19.385833333333334,0.33645452416666666,24.0,17.0,22.34079409133236,22.0,0.3407940913323593,0.0
2015-05-05,2015,8.0,14.71,0.5022087301518603,29.550538330026466,19.070882578827508,19.38722222222222,0.31661075111111114,22.0,14.0,20.093156597010115,19.0,1.0931565970101147,0.0
2015-05-06,2015,12.0,20.47,0.3108770666122683,29.704424288086567,19.09204928366328,19.38888888888889,0.2968509336111111,27.0,15.0,24.124042175244398,22.0,2.124042175244398,0.0
2015-05-07,2015,12.0,22.02,0.2624495853078148,29.85558622347191,19.11296094235434,19.39,0.2771830011111111,27.0,15.0,24.10857397557159,24.0,0.10857397557159132,0.0
2015-05-08,2015,13.0,26.82,0.10611882309610465,30.00398788225465,19.1336088865708,19.391111111111112,0.25761523194444447,30.0,17.0,26.851113416727884,25.0,1.851113416727884,0.0
2015-05-09,2015,13.0,24.53,0.18639036919685759,30.149593946897586,19.153984327134236,19.391944444444444,0.23815624722222223,28.0,15.0,24.83485949074633,25.0,-0.1651405092536713,0.0
2015-05-10,2015,9.0,27.35,0.09713238084606313,30.292370021675225,19.17407836069709,19.392777777777777,0.21881500277777777,29.0,20.0,26.797676257664577,25.0,1.7976762576645768,0.0
2015-05-11,2015,11.0,26.42,0.13184297308522241,30.43228261814612,19.193881977114923,19.393333333333334,0.19960078388888888,29.0,18.0,26.294962730149294,25.0,1.2949627301492939,0.0
2015-05-12,2015,4.0,9.89,0.6764727920500766,30.569299140772138,19.213386067521952,19.39388888888889,0.1805231938888889,23.0,19.0,22.01159428643274,22.0,0.011594286432739409,0.0
2015-05-13,2015,6.0,25.86,0.15774766917727956,30.703387872776432,19.23258143311824,19.394166666666667,0.1615921461111111,24.0,18.0,22.510385745120384,22.0,0.5103857451203844,0.0
2015-05-14,2015,11.0,20.68,0.3293230649732951,30.83451796232797,19.25145879467404,19.394166666666667,0.1428178525,25.0,14.0,22.2564363601997,22.0,0.2564363601997002,0.0
2015-05-15,2015,13.0,25.66,0.17125981780399235,30.96265940913564,19.27000880275388,19.394166666666667,0.12421081277777778,31.0,18.0,27.742999708827753,27.0,0.7429997088277531,0.0
2015-05-16,2015,13.0,26.2,0.15722520462228518,31.087783051530014,19.288222048659975,19.39388888888889,0.10578180083333333,29.0,16.0,25.72868755804471,25.0,0.7286875580447116,0.0
2015-05-17,2015,15.0,21.81,0.30118239515390943,31.2098605541048,19.306089076090895,19.39361111111111,0.08754185055555556,30.0,15.0,26.20924149542339,18.0,8.209241495423392,0.06023647903078167
2015-05-18,2015,6.0,8.57,0.7264503465022341,31.328864395984294,19.323600393507927,19.393055555555556,0.06950224277777778,20.0,14.0,18.477371103736843,16.0,2.477371103736843,0.0
2015-05-19,2015,8.0,10.36,0.6705334239960357,31.44476785977628,19.340746487197485,19.392222222222223,0.051674489444444444,22.0,14.0,19.961586236002137,19.0,0.9615862360021374,0.0
2015-05-20,2015,10.0,24.39,0.22712619173746873,31.557545021263238,19.357517835013972,19.391388888888887,0.03407031527777778,28.0,18.0,25.44192496772006,24.0,1.441924967720059,0.0
2015-05-21,2015,13.0,27.7,0.12527708182283237,31.667170739877196,19.373904920782916,19.390555555555554,0.016701642222222222,30.0,17.0,26.66175093954752,26.0,0.6617509395475203,0.0
2015-05-22,2015,11.0,23.29,0.26700201224933706,31.77362064999603,19.3898982493399,19.389444444444443,0.00041942944444444444,28.0,17.0,25.16481666272595,24.0,1.1648166627259506,0.0
2015-05-23,2015,6.0,11.73,0.632021601377825,31.87687115309146,19.405488362175912,19.388055555555557,0.017280639722222223,21.0,15.0,19.44795768456043,20.0,-0.5520423154395715,0.0
2015-05-24,2015,5.0,9.01,0.7182340950489169,31.97689941075096,19.420665853655056,19.386666666666667,0.03386959083333333,20.0,15.0,18.70211351821711,18.0,0.7021135182171108,0.0
2015-05-25,2015,9.0,16.12,0.49740727219170633,32.07368333858728,19.435421387765565,19.384999999999998,0.050173765277777775,22.0,13.0,19.655911799612284,20.0,-0.34408820038771637,0.0
2015-05-26,2015,10.0,26.1,0.1886145296781252,32.16720160104197,19.449745715360166,19.383333333333333,0.06618054888888888,26.0,16.0,23.386958575254727,23.0,0.3869585752547273,0.0
2015-05-27,2015,8.0,23.81,0.26187556362903497,32.25743360708034,19.463629691836744,19.381666666666668,0.08187725305555556,23.0,15.0,20.90298739736574,21.0,-0.09701260263425837,0.0
2015-05-28,2015,10.0,28.16,0.12936906374331714,32.34435950676781,19.477064295205487,19.379722222222224,0.09725113638888888,26.0,16.0,23.370788650403956,23.0,0.3707886504039557,0.0
2015-05-29,2015,10.0,24.05,0.2583560649499719,32.42796018870928,19.490040644483663,19.3775,0.11228942916666666,29.0,19.0,26.3631257909409,26.0,0.3631257909408987,0.0
2015-05-30,2015,14.0,26.59,0.18205296302949692,32.50821727832592,19.502550018354576,19.375555555555557,0.1269793561111111,27.0,13.0,23.298049424803253,20.0,3.298049424803253,0.0
2015-05-31,2015,10.0,20.44,0.3727196860080618,32.58511313693593,19.514583874022723,19.373055555555556,0.14130816138888888,23.0,13.0,20.348663874581085,20.0,0.34866387458108505,0.0
2015-06-01,2015,4.0,7.61,0.766983495656946,32.658630861599086,19.526133866192886,19.370833333333334,0.1552631322222222,15.0,11.0,13.93674895121288,13.0,0.9367489512128806,0.0
2015-06-02,2015,8.0,17.65,0.4607188576155674,32.72875428567832,19.53719186609701,19.368333333333332,0.16883162416666667,19.0,11.0,16.86830297919115,17.0,-0.1316970208088506,0.0
2015-06-03,2015,12.0,29.73,0.09347230482970093,32.79546798006537,19.54774998048912,19.365555555555556,0.18200108555555555,27.0,15.0,23.79502370780605,24.0,-0.20497629219395108,0.0
2015-06-04,2015,12.0,30.43,0.07391506733388786,32.858757255012094,19.55780057052538,19.36277777777778,0.19475908305555556,30.0,18.0,26.787958638145103,27.0,-0.2120413618548973,0.0
2015-06-05,2015,11.0,24.09,0.26819506216427647,32.9186081625043,19.56733627044394,19.360000000000003,0.20709332555555557,32.0,21.0,29.04949124197426,28.0,1.049491241974259,0.0
2015-06-06,2015,11.0,20.04,0.3922670070494897,32.97500749911059,19.576350005956854,19.357222222222223,0.21899168972222222,31.0,20.0,28.043695974428324,28.0,0.04369597442832429,0.0
2015-06-07,2015,15.0,22.46,0.3199697562235221,33.02794280923552,19.58483501226523,19.354166666666668,0.23044224472222222,34.0,19.0,29.96124485903006,28.0,1.9612448590300602,0.0639939512447042
2015-06-08,2015,11.0,24.56,0.25749913154040116,33.077402388703554,19.592784851607632,19.351111111111113,0.241433275,30.0,19.0,27.033145125059946,27.0,0.03314512505994571,0.0
2015-06-09,2015,16.0,19.9,0.39921581582147125,33.12337528859868,19.600193430251807,19.348055555555554,0.25195330499999996,32.0,16.0,27.67766633388268,21.0,6.67766633388268,0.4790589789857652
2015-06-10,2015,9.0,21.85,0.3411898343976506,33.16585131928341,19.607055014840363,19.345,0.26199112305555555,24.0,15.0,21.565091264632983,20.0,1.5650912646329829,0.0
2015-06-11,2015,12.0,24.05,0.27570758594028,33.204821054520956,19.61336424800236,19.341666666666665,0.2715358033333333,27.0,15.0,23.749049668289594,23.0,0.7490496682895937,0.0
2015-06-12,2015,9.0,19.56,0.4115572296473985,33.24027583562532,19.61911616314477,19.33833333333333,0.28057672694444447,29.0,20.0,26.558777227431733,25.0,1.558777227431733,0.0
2015-06-13,2015,10.0,23.47,0.2946064728161465,33.272207775565235,19.62430619834084,19.334999999999997,0.289103605,32.0,22.0,29.28451442955515,28.0,1.2845144295551485,0.0
2015-06-14,2015,12.0,21.53,0.35346529227961965,33.30060976295105,19.628930209235804,19.331666666666667,0.29710649666666666,34.0,22.0,30.738194874709087,30.0,0.7381948747090874,0.0
2015-06-15,2015,12.0,18.75,0.4373673672196686,33.325475465836625,19.632984480895,19.328333333333333,0.3045758302777778,29.0,17.0,25.735370923910928,25.0,0.7353709239109278,0.0
2015-06-16,2015,7.0,8.59,0.7424040636213647,33.34679933527261,19.63646573852433,19.32472222222222,0.31150242055555555,22.0,15.0,20.094219184990973,19.0,1.0942191849909726,0.0
2015-06-17,2015,9.0,16.92,0.4928753270718015,33.36457660855248,19.639371156999037,19.32138888888889,0.31787748555555556,24.0,15.0,21.548193825647715,21.0,0.548193825647715,0.0
2015-06-18,2015,13.0,23.24,0.30374975451632136,33.37880331209849,19.64169836914314,19.317777777777778,0.32369266361111115,27.0,14.0,23.45674810041305,20.0,3.4567481004130514,0.0
2015-06-19,2015,9.0,22.51,0.325835487143895,33.38947626394061,19.643445472708866,19.314444444444444,0.32894002694444446,28.0,19.0,25.54606801017347,25.0,0.546068010173471,0.0
2015-06-20,2015,10.0,29.05,0.13015079310305844,33.39659307574882,19.644611036013124,19.310833333333335,0.333612095,29.0,19.0,26.272733392782257,27.0,-0.7272666072177429,0.0
2015-06-21,2015,12.0,25.26,0.2437160201175096,33.40015215438629,19.645194102196037,19.307222222222222,0.33770184722222224,32.0,20.0,28.726874610808412,28.0,0.7268746108084123,0.0
2015-06-22,2015,10.0,16.86,0.4952118887017406,33.40015270295875,19.645194192074904,19.30388888888889,0.34120273305555554,33.0,23.0,30.272395456924475,28.0,2.2723954569244746,0.0
2015-06-23,2015,10.0,17.57,0.4738984574145454,33.39659472134338,19.64461130557584,19.30027777777778,0.34410868166666664,32.0,22.0,29.272733236566715,28.0,1.2727332365667152,0.0
2015-06-24,2015,10.0,20.75,0.37854675731376575,33.38947900618884,19.64344592173397,19.296944444444446,0.3464141088888889,33.0,23.0,30.273408639940367,32.0,-1.7265913600596328,0.0
2015-06-25,2015,10.0,27.79,0.1674357961687042,33.37880715038662,19.641698997262278,19.293333333333337,0.34811392444444444,35.0,25.0,32.27442125157312,32.0,0.27442125157312347,0.0
2015-06-26,2015,6.0,12.2,0.6343427839898297,33.364581542021774,19.639371963698046,19.290000000000003,0.34920353555555556,32.0,26.0,30.365462269762197,31.0,-0.6345377302378026,0.0
2015-06-27,2015,10.0,10.59,0.6824283500389716,33.34680536281995,19.63646672314477,19.28666666666667,0.3496788522222222,29.0,19.0,26.277455407408606,21.0,5.277455407408606,0.0
2015-06-28,2015,8.0,16.34,0.5096845197132143,33.32548258611522,19.632985642636104,19.283333333333335,0.3495362875,27.0,19.0,24.823580076605516,24.0,0.8235800766055164,0.0
2015-06-29,2015,10.0,21.09,0.36667841971487536,33.30061797437121,19.628931547156824,19.279999999999998,0.34877276,31.0,21.0,28.281828285479218,28.0,0.281828285479218,0.0
2015-06-30,2015,13.0,30.55,0.08181652187628874,33.27221707629535,19.62430771136379,19.276666666666667,0.3473856908333333,34.0,21.0,30.469867615828004,31.0,-0.5301323841719956,0.0
2015-07-01,2015,10.0,28.21,0.15133101411210492,33.24028622359295,19.619117850057584,19.27361111111111,0.3453730033333334,33.0,23.0,30.287529272172353,31.0,-0.7124707278276468,0.0
2015-07-02,2015,8.0,13.87,0.5822897167588805,33.204832527413906,19.613366107462333,19.270555555555553,0.34273312027777775,32.0,24.0,29.83269891361588,27.0,2.8326989136158787,0.0
2015-07-03,2015,12.0,26.64,0.19676447745292824,33.16586387455097,19.60705704537799,19.2675,0.33946495666666665,35.0,23.0,31.753453601185296,32.0,-0.2465463988147043,0.0
2015-07-04,2015,9.0,23.71,0.28419160084153594,33.12338892345287,19.600195630274914,19.264444444444443,0.3355679177777778,36.0,27.0,33.568686159347415,29.0,4.568686159347415,0.0
2015-07-05,2015,11.0,11.36,0.656563268963384,33.07741710012037,19.59278721940581,19.261666666666667,0.33104188944444446,29.0,18.0,26.033143606443293,21.0,5.033143606443293,0.0
2015-07-06,2015,7.0,24.62,0.2545709438879703,33.02795859395624,19.584837546014512,19.25888888888889,0.32588723138888886,24.0,17.0,22.115246565793093,21.0,1.1152465657930932,0.0
2015-07-07,2015,13.0,27.82,0.15633117654008766,32.975024353643065,19.57635270372465,19.25611111111111,0.32010476861111115,28.0,15.0,24.506184102819475,25.0,-0.4938158971805251,0.0
2015-07-08,2015,12.0,28.47,0.1351400897440468,32.91862608312411,19.567339130194185,19.253611111111113,0.31369578305555557,32.0,20.0,28.781261166216225,28.0,0.7812611662162254,0.0
2015-07-09,2015,13.0,21.74,0.3383807162296326,32.85877623776372,19.557803590123868,19.25111111111111,0.30666200055555554,34.0,21.0,30.52028622649169,26.0,4.520286226491692,0.0
2015-07-10,2015,12.0,21.69,0.3386285337096442,32.795488020763266,19.547753157708968,19.248611111111114,0.29900558222222223,34.0,22.0,30.795021473067372,26.0,4.795021473067372,0.0
2015-07-11,2015,7.0,11.65,0.6440441212734185,32.72877537990783,19.537195198624303,19.24638888888889,0.2907291116666667,24.0,17.0,22.13476373778876,21.0,1.1347637377887594,0.0
2015-07-12,2015,11.0,30.31,0.07191518291884347,32.65865300471728,19.526137351632375,19.24416666666667,0.2818355838888889,28.0,17.0,25.076057362933916,25.0,0.0760573629339163,0.0
2015-07-13,2015,12.0,30.63,0.06000086372595259,32.585136324072245,19.514587509903635,19.242222222222225,0.2723283908333333,31.0,19.0,27.818394082259303,29.0,-1.181605917740697,0.0
2015-07-14,2015,13.0,29.38,0.09622918249702561,32.50824150438262,19.502553802136447,19.240277777777777,0.2622113102777778,36.0,23.0,32.56247156753417,32.0,0.5624715675341676,0.0
2015-07-15,2015,12.0,30.16,0.06993914105374444,32.427985448361746,19.4900445735622,19.238333333333333,0.25148849194444445,38.0,26.0,34.835748166957636,33.0,1.8357481669576359,0.0
2015-07-16,2015,13.0,29.11,0.09999836803264173,32.34438579446462,19.477068366918438,19.236666666666668,0.24016444388888888,38.0,25.0,34.582022117395226,34.0,0.5820221173952262,0.0
2015-07-17,2015,12.0,24.02,0.25536606672879414,32.2574609170431,19.46363390346974,19.235277777777778,0.22824401833333333,40.0,28.0,36.8544781046775,36.0,0.8544781046774972,0.0
2015-07-18,2015,8.0,23.21,0.27845823055073626,32.16722992726486,19.449750064152493,19.233888888888888,0.21573239944444442,36.0,28.0,33.9095647977094,33.0,0.9095647977094004,0.0
2015-07-19,2015,13.0,29.38,0.0839850597324161,32.07371267483649,19.435425870915893,19.232777777777777,0.20263508777777778,39.0,26.0,35.614091360857394,34.0,1.614091360857394,0.0
2015-07-20,2015,11.0,29.18,0.08746711370920057,31.97692975056367,19.420670468327046,19.231666666666666,0.1889578886111111,39.0,28.0,36.14464672067908,35.0,1.1446467206790771,0.0
2015-07-21,2015,13.0,27.81,0.1275814828959393,31.876902489774718,19.405493105503744,19.230555555555554,0.17470689611111112,41.0,28.0,37.63723797562485,36.0,1.6372379756248492,0.0
2015-07-22,2015,13.0,28.82,0.0929591878780236,31.77365297662523,19.389903118433654,19.229999999999997,0.15988848194444444,44.0,31.0,40.649325004809384,40.0,0.6493250048093842,0.0
2015-07-23,2015,9.0,27.1,0.14422504879764364,31.66720404929443,19.373909912733815,19.229166666666664,0.1445092813888889,38.0,29.0,35.68890180988082,33.0,2.688901809880818,0.0
2015-07-24,2015,10.0,22.07,0.3006434433406846,31.557579306075173,19.35752294689947,19.228888888888886,0.12857618,37.0,27.0,34.44192190503017,34.0,0.4419219050301706,0.0
2015-07-25,2015,11.0,18.17,0.42216206808232204,31.44480311235193,19.340751716086167,19.22861111111111,0.11209630166666668,35.0,24.0,32.197177621858444,24.0,8.197177621858444,0.0
2015-07-26,2015,9.0,23.62,0.24606355341982933,31.328900608452468,19.32360573646426,19.22833333333333,0.09507699555555554,32.0,23.0,29.716053763472935,30.0,-0.28394623652706485,0.0
2015-07-27,2015,11.0,27.97,0.10380994348617278,31.20989771835128,19.30609453017975,19.22833333333333,0.07752582499999999,37.0,26.0,34.220106814472786,32.0,2.2201068144727856,0.0
2015-07-28,2015,14.0,23.75,0.23603523455757713,31.08782115919448,19.288227610950976,19.22861111111111,0.059450555555555555,39.0,25.0,35.47704343712791,34.0,1.4770434371279109,0.0
2015-07-29,2015,7.0,11.34,0.6337528520738174,30.962698451608382,19.270014470325542,19.228888888888886,0.040859143611111114,28.0,21.0,26.246228211880197,23.0,3.2462282118801973,0.0
2015-07-30,2015,8.0,15.85,0.48596636165179763,30.83455793074642,19.251464564617677,19.229444444444443,0.021759726666666666,30.0,22.0,28.00467819036253,28.0,0.004678190362529477,0.0
2015-07-31,2015,8.0,25.67,0.16393702467860005,30.703428758021392,19.23258730254168,19.230277777777776,0.002160611111111111,32.0,24.0,30.0138448070178,28.0,2.0138448070178008,0.0
2015-08-01,2015,10.0,24.64,0.1939636496046634,30.56934093346388,19.21339203355301,19.231111111111108,0.01792973527777778,32.0,22.0,29.528982083190893,28.0,1.5289820831908933,0.0
2015-08-02,2015,9.0,24.33,0.20052116447729307,30.432325308640362,19.19388803690468,19.23222222222222,0.038502694444444444,34.0,25.0,31.786784360118656,30.0,1.7867843601186557,0.0
2015-08-03,2015,13.0,28.9,0.0459657529585622,30.292413600058897,19.174084511422926,19.233611111111113,0.05954950611111111,35.0,22.0,31.818860815290137,31.0,0.8188608152901367,0.0
2015-08-04,2015,9.0,19.44,0.35521614753178543,30.149638402984543,19.153990566002633,19.235,0.08106127611111112,34.0,25.0,31.808745436535347,30.0,1.8087454365353466,0.0
2015-08-05,2015,11.0,14.72,0.5093992897840866,30.004033205581226,19.133615210819983,19.23638888888889,0.10302898611111112,35.0,24.0,32.33555323285054,31.0,1.3355532328505433,0.0
2015-08-06,2015,12.0,25.77,0.13684628575618318,29.85563240329253,19.112967349256607,19.238333333333333,0.1254434986111111,38.0,26.0,35.108569241836676,32.0,3.108569241836676,0.0
2015-08-07,2015,11.0,26.78,0.09845222567731626,29.704471313369194,19.092055770527203,19.240277777777777,0.14829556583333334,40.0,29.0,37.36370092387028,34.0,3.363700923870283,0.0
2015-08-08,2015,12.0,16.87,0.42911453966270463,29.550586189448097,19.070889142999874,19.242222222222225,0.17157583638888887,37.0,25.0,34.13973002333704,32.0,2.1397300233370373,0.0
2015-08-09,2015,9.0,11.32,0.6148875785021694,29.394014236083958,19.049476008196507,19.244722222222222,0.19527486055555557,25.0,16.0,22.866731556008773,21.0,1.866731556008773,0.0
2015-08-10,2015,14.0,24.68,0.1558004370357008,29.234793623132575,19.027824775458466,19.246944444444445,0.21938309777777776,31.0,17.0,27.700396522843903,27.0,0.7003965228439029,0.0
2015-08-11,2015,8.0,4.41,0.8483126771710849,29.072963499882892,19.005943717261424,19.249722222222225,0.24389092055555553,23.0,15.0,21.125402742845893,15.0,6.125402742845893,0.0
2015-08-12,2015,14.0,27.57,0.0463033725377735,28.908564008833068,18.983840965161413,19.2525,0.2687886208333333,30.0,16.0,26.73875144259369,24.0,2.7387514425936885,0.0
2015-08-13,2015,13.0,27.35,0.0484188264206058,28.741636299005744,18.9615245063533,19.255555555555556,0.2940664147222222,35.0,22.0,31.989832080525343,28.0,3.9898320805253427,0.0
2015-08-14,2015,12.0,16.47,0.42356601843997466,28.57222253869664,18.939002180821667,19.25861111111111,0.3197144461111111,27.0,15.0,24.23831733641871,19.0,5.23831733641871,0.0
2015-08-15,2015,9.0,15.78,0.4443733563062423,28.400365927551512,18.916281679063353,19.261944444444445,0.34572279194444444,22.0,13.0,19.941580680431144,20.0,-0.0584193195688556,0.0
2015-08-16,2015,10.0,27.11,0.03954178170058442,28.226110707867004,18.893370540360294,19.26527777777778,0.3720814663888889,25.0,15.0,22.727291173734354,21.0,1.7272911737343541,0.0
2015-08-17,2015,12.0,26.9,0.04098119702231939,28.049502175012147,18.87027615158083,19.26888888888889,0.3987804225,27.0,15.0,24.290238133788602,23.0,1.290238133788602,0.0
2015-08-18,2015,12.0,26.48,0.04989441745496426,27.870586686869434,18.84700574648732,19.272777777777776,0.42580955833333334,30.0,18.0,27.30790243380339,26.0,1.3079024338033918,0.0
2015-08-19,2015,13.0,24.79,0.10471192766828141,27.689411672196282,18.82356640552789,19.276666666666667,0.4531587177777778,33.0,20.0,30.10288252596957,27.0,3.1028825259695694,0.0
2015-08-20,2015,11.0,21.95,0.2019930363975707,27.506025637810836,18.799965056089885,19.280555555555555,0.48081769527777773,34.0,23.0,31.565094492111676,30.0,1.565094492111676,0.0
2015-08-21,2015,12.0,23.68,0.1332508952169642,27.320478174508835,18.77620847319291,18.284722222222225,0.49122376166666665,38.0,26.0,35.36190314406783,34.0,1.3619031440678313,0.0
2015-08-22,2015,13.0,24.69,0.09003192314980835,27.132819961622374,18.75230328059946,18.289166666666667,0.46297595166666666,37.0,24.0,34.161909753497625,31.0,3.161909753497625,0.0
2015-08-23,2015,8.0,16.22,0.3979906420436806,26.943102770134832,18.728255952321405,18.29361111111111,0.43444921416666665,26.0,18.0,24.265799206292066,20.0,4.2657992062920655,0.0
2015-08-24,2015,10.0,20.85,0.2206009403048903,26.75137946427115,18.70407281450104,18.298333333333336,0.4056539294444444,26.0,16.0,23.84776841238512,24.0,-0.15223158761488165,0.0
2015-08-25,2015,9.0,20.93,0.21190476410053316,26.557704001486858,18.679760047645765,18.303055555555556,0.37660051527777777,27.0,18.0,25.07706748694571,25.0,0.07706748694571175,0.0
2015-08-26,2015,8.0,21.92,0.16850425931786928,26.3621314307847,18.655323689196173,18.30777777777778,0.34729942472222225,29.0,21.0,27.303332174654646,25.0,2.3033321746546456,0.0
2015-08-27,2015,8.0,18.74,0.2837683142890295,26.164717889292564,18.630769636407578,18.31277777777778,0.31776114499999997,26.0,18.0,24.3160285142882,24.0,0.3160285142881989,0.0
2015-08-28,2015,12.0,16.78,0.35375838365007595,25.965520597042516,18.606103649525917,18.318055555555556,0.28799619472222227,27.0,15.0,24.493219396397883,24.0,0.49321939639788326,0.0
2015-08-29,2015,7.0,11.14,0.5676237578051313,25.764597849895942,18.581331355239435,18.323055555555555,0.2580151230555555,22.0,15.0,20.548972372513724,19.0,1.5489723725137239,0.0
2015-08-30,2015,8.0,16.57,0.35177239030192997,25.562009010566424,18.55645825038826,18.328611111111112,0.22782850583333333,25.0,17.0,23.35463517097462,22.0,1.3546351709746212,0.0
2015-08-31,2015,7.0,15.05,0.40649459355550943,25.357814497697586,18.53148970591467,18.333888888888886,0.1974469472222222,25.0,18.0,23.571709194838654,20.0,3.571709194838654,0.0
2015-09-01,2015,8.0,9.2,0.6342250205094184,25.15207577296,18.50643097103756,18.339444444444442,0.16688107416666667,24.0,16.0,22.380777518711742,23.0,-0.6192224812882579,0.0
2015-09-02,2015,10.0,19.46,0.21987921976000402,24.944855326137237,18.48128717763528,18.345,0.1361415375,28.0,18.0,25.99245270328765,23.0,2.9924527032876505,0.0
2015-09-03,2015,9.0,23.3,0.05806129037535612,24.736216658178208,18.456063344821757,18.350555555555555,0.10523900972222222,28.0,19.0,26.208121367122683,25.0,1.2081213671226827,0.0
2015-09-04,2015,7.0,16.34,0.3337743378142407,24.526224262199054,18.430764383701472,18.35638888888889,0.07418418194444446,25.0,18.0,23.617977258610672,22.0,1.6179772586106722,0.0
2015-09-05,2015,13.0,18.38,0.24408625820678864,24.314943602425014,18.405395102289596,18.362222222222222,0.04298776416666667,26.0,13.0,23.455150783718185,18.0,5.455150783718185,0.0
2015-09-06,2015,8.0,22.0,0.0872293840746392,24.102441091069245,18.379960210584176,18.368055555555557,0.011660481944444445,21.0,13.0,19.44739696822065,18.0,1.4473969682206516,0.0
2015-09-07,2015,5.0,11.44,0.5211141776928685,23.888784063151906,18.354464325778014,18.374166666666667,0.01978692361111111,19.0,14.0,18.038073113865615,18.0,0.038073113865614516,0.0
2015-09-08,2015,10.0,18.76,0.20757084949352678,23.674040749270436,18.328911977598437,18.38,0.051343699444444446,23.0,13.0,21.09312058178397,20.0,1.093120581783971,0.0
2015-09-09,2015,11.0,18.47,0.21264475460072463,23.458280246337452,18.303307613763792,18.38611111111111,0.08299907972222223,25.0,14.0,22.921182743280532,20.0,2.921182743280532,0.0
2015-09-10,2015,11.0,20.45,0.12011117096120227,23.241572486310403,18.277655605546048,18.392222222222223,0.11474229083333333,25.0,14.0,22.94000770944148,22.0,0.9400077094414812,0.0
2015-09-11,2015,17.0,22.34,0.029707633487025098,23.023988202942608,18.251960253429495,18.398333333333333,0.14656254916666667,32.0,15.0,28.84557904678203,27.0,1.8455790467820314,0.0653567936714552
2015-09-12,2015,9.0,21.79,0.044532875509981196,22.805598896592517,18.22622579285597,18.404444444444444,0.1784490663888889,32.0,23.0,30.34552871607691,28.0,2.3455287160769096,0.0
2015-09-13,2015,19.0,21.15,0.06359897606146847,22.586476797133827,18.200456400047564,18.410833333333333,0.2103910488888889,35.0,16.0,31.54009529658182,23.0,8.540095296581821,0.26711569945816754
2015-09-14,2015,7.0,13.23,0.4084955285747722,22.366694825015212,18.17465619789818,18.416944444444447,0.24237770055555555,18.0,11.0,16.737446374748124,16.0,0.7374463747481244,0.0
2015-09-15,2015,7.0,14.19,0.3592616830774682,22.146326550524737,18.148829261925783,18.423055555555557,0.27439822444444445,17.0,10.0,15.749631108768984,14.0,1.749631108768984,0.0
2015-09-16,2015,11.0,20.52,0.06410114264583366,21.92544615131926,18.1229796262774,18.429166666666667,0.3064418241666667,21.0,10.0,19.05433609521958,16.0,3.054336095219579,0.0
2015-09-17,2015,11.0,21.27,0.020002110239991544,21.70412836828537,18.09711128977951,18.435555555555556,0.33849770611111113,21.0,10.0,19.073588126176116,18.0,1.0735881261761158,0.0
2015-09-18,2015,11.0,20.0,0.06900742541413929,21.482448459802942,18.07122822202643,18.441666666666666,0.3705550808333334,24.0,13.0,22.092887144883896,22.0,0.09288714488389616,0.0
2015-09-19,2015,9.0,18.12,0.14771453119775257,21.260482154488447,18.045334369499844,18.447777777777777,0.40260316527777773,24.0,15.0,22.455460560183877,20.0,2.4554605601838766,0.0
2015-09-20,2015,5.0,6.05,0.7124293127826201,21.038305602499378,18.01943366171265,18.453888888888887,0.43463118444444443,19.0,14.0,18.15073263634001,18.0,0.15073263634000966,0.0
2015-09-21,2015,15.0,19.02,0.08627957959267485,20.815995325486018,17.993530017370485,18.46,0.4666283725,28.0,13.0,25.478677508866635,22.0,3.4786775088666353,0.017255915918534908
2015-09-22,2015,12.0,16.11,0.2177191959229604,20.593628165281523,17.967627350544504,18.46611111111111,0.49858397666666665,22.0,10.0,20.004161090401574,17.0,3.004161090401574,0.0
2015-09-23,2015,6.0,16.05,0.21212613886841147,20.37128123142465,17.941729576848914,17.471944444444443,0.4695127436111111,15.0,9.0,14.01270574822046,13.0,1.0127057482204602,0.0
2015-09-24,2015,11.0,20.22,0.0,20.14903184761434,17.915840619616947,17.478055555555553,0.4376725130555556,20.0,9.0,18.209464998047103,18.0,0.20946499804710328,0.0
2015-09-25,2015,8.0,18.32,0.08064239096329207,19.92695749719794,17.889964416068796,17.483888888888888,0.4059060397222222,15.0,7.0,13.71199311385136,13.0,0.71199311385136,0.0
2015-09-26,2015,7.0,14.71,0.2534941056311716,19.705135767799025,17.864104923465167,17.489722222222223,0.37422401194444443,15.0,8.0,13.885430239015479,13.0,0.8854302390154789,0.0
2015-09-27,2015,9.0,16.98,0.12849979486695284,19.483644295192974,17.838266125239773,17.495555555555555,0.34263709861111113,14.0,5.0,12.5829820172732,11.0,1.5829820172731992,0.0
2015-09-28,2015,4.0,5.93,0.6921489260778262,19.262560706541926,17.8124520371042,18.00111111111111,0.18884405444444446,8.0,4.0,7.377328797608122,6.0,1.377328797608122,0.0
2015-09-29,2015,5.0,8.13,0.5730482100750767,19.041962563102516,17.78666671311818,18.006666666666668,0.22020882638888886,8.0,3.0,7.230556503972666,6.0,1.2305565039726662,0.0
2015-09-30,2015,14.0,18.43,0.020822910227138114,18.821927302522138,17.760914251718223,18.01222222222222,0.2514466202777778,17.0,3.0,14.870466740112263,12.0,2.8704667401122634,0.0
2016-05-01,2016,11.0,27.49,0.054446322512675005,29.07291320895793,19.005936936675834,19.38222222222222,0.37636398972222224,17.0,6.0,14.422433417159766,14.0,0.4224334171597661,0.0
2016-05-02,2016,10.0,20.24,0.3076730923455139,29.234744130587814,19.027818064467443,19.384166666666665,0.3563746769444444,20.0,10.0,17.643144543736806,16.0,1.6431445437368062,0.0
2016-05-03,2016,4.0,9.17,0.6880312054829931,29.393965554141666,19.04946936932894,19.385833333333334,0.33645452416666666,16.0,12.0,15.051882337904205,15.0,0.051882337904205045,0.0
2016-05-04,2016,7.0,18.79,0.3641401794393919,29.550538330026466,19.070882578827508,19.38722222222222,0.31661075111111114,19.0,12.0,17.33151202238385,16.0,1.3315120223838512,0.0
2016-05-05,2016,11.0,18.58,0.3745039520105494,29.704424288086567,19.09204928366328,19.38888888888889,0.2968509336111111,22.0,11.0,19.363705327307365,18.0,1.3637053273073647,0.0
2016-05-06,2016,14.0,20.67,0.3076672537834936,29.85558622347191,19.11296094235434,19.39,0.2771830011111111,27.0,13.0,23.62666963816686,15.0,8.62666963816686,0.0
2016-05-07,2016,9.0,16.97,0.4344085170746047,30.00398788225465,19.1336088865708,19.391111111111112,0.25761523194444447,20.0,11.0,17.820001596196228,16.0,1.820001596196228,0.0
2016-05-08,2016,14.0,26.16,0.1323266228369261,30.149593946897586,19.153984327134236,19.391944444444444,0.23815624722222223,24.0,10.0,20.591387143880663,21.0,-0.40861285611933695,0.0
2016-05-09,2016,15.0,23.74,0.2163043042517565,30.292370021675225,19.17407836069709,19.392777777777777,0.21881500277777777,30.0,15.0,26.32946042944096,19.0,7.32946042944096,0.04326086085035115
2016-05-10,2016,6.0,11.59,0.619154430660777,30.43228261814612,19.193881977114923,19.393333333333334,0.19960078388888888,16.0,10.0,14.524525125535977,10.0,4.524525125535977,0.0
2016-05-11,2016,10.0,25.78,0.1566702304399369,30.569299140772138,19.213386067521952,19.39388888888889,0.1805231938888889,19.0,9.0,16.52898571608185,15.0,1.5289857160818485,0.0
2016-05-12,2016,12.0,22.32,0.2730443919581159,30.703387872776432,19.23258143311824,19.394166666666667,0.1615921461111111,21.0,9.0,18.02077149024077,18.0,0.020771490240768742,0.0
2016-05-13,2016,7.0,28.94,0.0614414651995725,30.83451796232797,19.25145879467404,19.394166666666667,0.1428178525,20.0,13.0,18.254095865581625,17.0,1.2540958655816254,0.0
2016-05-14,2016,18.0,26.86,0.13250345698422583,30.96265940913564,19.27000880275388,19.394166666666667,0.12421081277777778,27.0,9.0,22.49030728914612,21.0,1.49030728914612,0.42401106234952257
2016-05-15,2016,8.0,25.81,0.16977032562218242,31.087783051530014,19.288222048659975,19.39388888888889,0.10578180083333333,28.0,20.0,25.986884651104436,21.0,4.986884651104436,0.0
2016-05-16,2016,13.0,27.46,0.12014986570042874,31.2098605541048,19.306089076090895,19.39361111111111,0.08754185055555556,29.0,16.0,25.71467596270027,25.0,0.7146759627002695,0.0
2016-05-17,2016,9.0,13.3,0.5754713662170026,31.328864395984294,19.323600393507927,19.393055555555556,0.06950224277777778,22.0,13.0,19.716056655605268,17.0,2.716056655605268,0.0
2016-05-18,2016,3.0,7.24,0.7697550183138318,31.44476785977628,19.340746487197485,19.392222222222223,0.051674489444444444,13.0,10.0,12.235594838500802,11.0,1.235594838500802,0.0
2016-05-19,2016,10.0,25.53,0.19100170869444766,31.557545021263238,19.357517835013972,19.391388888888887,0.03407031527777778,18.0,8.0,15.441924967720059,15.0,0.44192496772005896,0.0
2016-05-20,2016,8.0,20.73,0.3453788413786034,31.667170739877196,19.373904920782916,19.390555555555554,0.016701642222222222,19.0,11.0,16.945692885875395,15.0,1.9456928858753955,0.0
2016-05-21,2016,10.0,28.18,0.11310076020550963,31.77362064999603,19.3898982493399,19.389444444444443,0.00041942944444444444,19.0,9.0,16.422560602478136,16.0,0.42256060247813565,0.0
2016-05-22,2016,12.0,29.79,0.06546662447104923,31.87687115309146,19.405488362175912,19.388055555555557,0.017280639722222223,22.0,10.0,18.895915369120857,17.0,1.895915369120857,0.0
2016-05-23,2016,11.0,25.42,0.2050511316474436,31.97689941075096,19.420665853655056,19.386666666666667,0.03386959083333333,22.0,11.0,19.14464974007764,19.0,0.14464974007763942,0.0
2016-05-24,2016,11.0,30.65,0.0443878965679777,32.07368333858728,19.435421387765565,19.384999999999998,0.050173765277777775,23.0,12.0,20.135003310637238,20.0,0.13500331063723792,0.0
2016-05-25,2016,15.0,30.57,0.049653110048286875,32.16720160104197,19.449745715360166,19.383333333333333,0.06618054888888888,29.0,14.0,25.08043786288209,24.0,1.0804378628820892,0.00993062200965734
2016-05-26,2016,15.0,29.27,0.09261225314665489,32.25743360708034,19.463629691836744,19.381666666666668,0.08187725305555556,32.0,17.0,28.068101370060766,26.0,2.0681013700607664,0.018522450629330913
2016-05-27,2016,8.0,23.31,0.2793179288301393,32.34435950676781,19.477064295205487,19.379722222222224,0.09725113638888888,28.0,20.0,25.896630920323165,25.0,0.8966309203231653,0.0
2016-05-28,2016,10.0,18.56,0.42765441020671435,32.42796018870928,19.490040644483663,19.3775,0.11228942916666666,25.0,15.0,22.3631257909409,22.0,0.3631257909408987,0.0
2016-05-29,2016,7.0,17.34,0.4665964038710597,32.50821727832592,19.502550018354576,19.375555555555557,0.1269793561111111,25.0,18.0,23.149024712401626,23.0,0.1490247124016264,0.0
2016-05-30,2016,10.0,22.06,0.32300373157230156,32.58511313693593,19.514583874022723,19.373055555555556,0.14130816138888888,27.0,17.0,24.348663874581085,23.0,1.348663874581085,0.0
2016-05-31,2016,10.0,17.73,0.4571113505910188,32.658630861599086,19.526133866192886,19.370833333333334,0.1552631322222222,28.0,18.0,25.3418723780322,25.0,0.3418723780321997,0.0
2016-06-01,2016,10.0,24.36,0.2557003609923638,32.72875428567832,19.53719186609701,19.368333333333332,0.16883162416666667,30.0,20.0,27.33537872398894,27.0,0.33537872398893853,0.0
2016-06-02,2016,11.0,22.47,0.3148443555171,32.79546798006537,19.54774998048912,19.365555555555556,0.18200108555555555,32.0,21.0,29.06210506548888,27.0,2.062105065488879,0.0
2016-06-03,2016,12.0,28.87,0.12139099552840427,32.858757255012094,19.55780057052538,19.36277777777778,0.19475908305555556,32.0,20.0,28.787958638145103,27.0,1.7879586381451027,0.0
2016-06-04,2016,10.0,21.11,0.35872136829754575,32.9186081625043,19.56733627044394,19.360000000000003,0.20709332555555557,32.0,22.0,29.31771931088569,23.0,6.317719310885689,0.0
2016-06-05,2016,12.0,28.51,0.13540580693517712,32.97500749911059,19.576350005956854,19.357222222222223,0.21899168972222222,31.0,19.0,27.774941063012715,27.0,0.7749410630127151,0.0
2016-06-06,2016,11.0,24.05,0.271828701566149,33.02794280923552,19.58483501226523,19.354166666666668,0.23044224472222222,31.0,20.0,28.038246229955377,28.0,0.03824622995537652,0.0
2016-06-07,2016,12.0,29.23,0.11631513090089263,33.077402388703554,19.592784851607632,19.351111111111113,0.241433275,34.0,22.0,30.763431045519944,30.0,0.763431045519944,0.0
2016-06-08,2016,13.0,29.32,0.11482450853696158,33.12337528859868,19.600193430251807,19.348055555555554,0.25195330499999996,35.0,22.0,31.488103896279675,31.0,0.4881038962796751,0.0
2016-06-09,2016,10.0,21.72,0.34510952874677225,33.16585131928341,19.607055014840363,19.345,0.26199112305555555,35.0,25.0,32.294545849592204,31.0,1.294545849592204,0.0
2016-06-10,2016,10.0,27.33,0.1769267494281852,33.204821054520956,19.61336424800236,19.341666666666665,0.2715358033333333,35.0,25.0,32.29087472357466,31.0,1.2908747235746603,0.0
2016-06-11,2016,9.0,29.01,0.1272635599218317,33.24027583562532,19.61911616314477,19.33833333333333,0.28057672694444447,34.0,25.0,31.558777227431733,31.0,0.5587772274317331,0.0
2016-06-12,2016,12.0,28.59,0.14072428878626442,33.272207775565235,19.62430619834084,19.334999999999997,0.289103605,36.0,24.0,32.74141731546618,32.0,0.7414173154661796,0.0
2016-06-13,2016,5.0,19.82,0.4048157033433377,33.30060976295105,19.628930209235804,19.331666666666667,0.29710649666666666,32.0,27.0,30.640914531128786,31.0,-0.3590854688712142,0.0
2016-06-14,2016,12.0,30.27,0.09168587763943303,33.325475465836625,19.632984480895,19.328333333333333,0.3045758302777778,37.0,25.0,33.73537092391093,32.0,1.7353709239109278,0.0
2016-06-15,2016,12.0,24.67,0.26019886490559574,33.34679933527261,19.63646573852433,19.32472222222222,0.31150242055555555,39.0,27.0,35.73294717427024,33.0,2.7329471742702367,0.0
2016-06-16,2016,6.0,24.11,0.2773773129847006,33.36457660855248,19.639371156999037,19.32138888888889,0.31787748555555556,33.0,27.0,31.365462550431808,30.0,1.3654625504318076,0.0
2016-06-17,2016,9.0,10.1,0.6974127590626009,33.37880331209849,19.64169836914314,19.317777777777778,0.32369266361111115,28.0,19.0,25.546979454132114,19.0,6.546979454132114,0.0
2016-06-18,2016,8.0,16.18,0.5154161786756206,33.38947626394061,19.643445472708866,19.314444444444444,0.32894002694444446,26.0,18.0,23.818727120154193,24.0,-0.18127287984580676,0.0
2016-06-19,2016,13.0,17.98,0.46162173012024066,33.39659307574882,19.644611036013124,19.310833333333335,0.333612095,27.0,14.0,23.45455341061693,22.0,1.4545534106169313,0.0
2016-06-20,2016,11.0,28.27,0.15359667017901812,33.40015215438629,19.645194102196037,19.307222222222222,0.33770184722222224,26.0,15.0,22.99963505990771,24.0,-1.0003649400922896,0.0
2016-06-21,2016,9.0,24.89,0.254793826203222,33.40015270295875,19.645194192074904,19.30388888888889,0.34120273305555554,26.0,17.0,23.545155911232026,23.0,0.5451559112320261,0.0
2016-06-22,2016,11.0,27.12,0.18794115908266773,33.39659472134338,19.64461130557584,19.30027777777778,0.34410868166666664,29.0,18.0,26.00000656022339,26.0,6.56022339029505e-06,0.0
2016-06-23,2016,8.0,9.49,0.7157787338268741,33.38947900618884,19.64344592173397,19.296944444444446,0.3464141088888889,23.0,15.0,20.818726911952293,16.0,4.818726911952293,0.0
2016-06-24,2016,10.0,25.73,0.22915160257001654,33.37880715038662,19.641698997262278,19.293333333333337,0.34811392444444444,25.0,15.0,22.27442125157312,22.0,0.2744212515731199,0.0
2016-06-25,2016,10.0,22.85,0.3151420175547218,33.364581542021774,19.639371963698046,19.290000000000003,0.34920353555555556,27.0,17.0,24.275770449603666,24.0,0.2757704496036659,0.0
2016-06-26,2016,10.0,30.99,0.07067559657296807,33.34680536281995,19.63646672314477,19.28666666666667,0.3496788522222222,29.0,19.0,26.277455407408606,27.0,-0.7225445925913938,0.0
2016-06-27,2016,12.0,30.62,0.08118359814067444,33.32548258611522,19.632985642636104,19.283333333333335,0.3495362875,32.0,20.0,28.735370114908275,29.0,-0.26462988509172547,0.0
2016-06-28,2016,11.0,22.88,0.31292566349342565,33.30061797437121,19.628931547156824,19.279999999999998,0.34877276,28.0,17.0,25.01001111402714,24.0,1.0100111140271402,0.0
2016-06-29,2016,12.0,30.47,0.08422093032964062,33.27221707629535,19.62430771136379,19.276666666666667,0.3473856908333333,28.0,16.0,24.74141626076431,26.0,-1.2585837392356893,0.0
2016-06-30,2016,14.0,30.93,0.06950259718140395,33.24028622359295,19.619117850057584,19.27361111111111,0.3453730033333334,34.0,20.0,30.202540981041295,30.0,0.20254098104129525,0.0
2016-07-01,2016,12.0,20.07,0.39556990737928854,33.204832527413906,19.613366107462333,19.270555555555553,0.34273312027777775,33.0,21.0,29.74904837042382,30.0,-0.25095162957617845,0.0
2016-07-02,2016,10.0,24.31,0.267017434192218,33.16586387455097,19.60705704537799,19.2675,0.33946495666666665,34.0,24.0,31.294544667654414,30.0,1.2945446676544137,0.0
2016-07-03,2016,6.0,12.08,0.6353030172149201,33.12338892345287,19.600195630274914,19.264444444444443,0.3355679177777778,27.0,21.0,25.379124106231608,25.0,0.3791241062316075,0.0
2016-07-04,2016,13.0,28.88,0.12689676123789895,33.07741710012037,19.59278721940581,19.261666666666667,0.33104188944444446,33.0,20.0,29.493715171251164,29.0,0.49371517125116426,0.0
2016-07-05,2016,8.0,23.69,0.28272890579634513,33.02795859395624,19.584837546014512,19.25888888888889,0.32588723138888886,31.0,23.0,28.845996075192108,27.0,1.845996075192108,0.0
2016-07-06,2016,12.0,21.55,0.3464750846311606,32.975024353643065,19.57635270372465,19.25611111111111,0.32010476861111115,30.0,18.0,26.774939171833363,20.0,6.774939171833363,0.0
2016-07-07,2016,4.0,7.4,0.7752032547982418,32.91862608312411,19.567339130194185,19.253611111111113,0.31369578305555557,22.0,18.0,20.92708705540541,22.0,-1.0729129445945915,0.0
2016-07-08,2016,9.0,22.0,0.3304680661017442,32.85877623776372,19.557803590123868,19.25111111111111,0.30666200055555554,28.0,19.0,25.59096738757117,25.0,0.590967387571169,0.0
2016-07-09,2016,5.0,14.11,0.5697578889185375,32.795488020763266,19.547753157708968,19.248611111111114,0.29900558222222223,28.0,23.0,26.66459228044474,26.0,0.6645922804447402,0.0
2016-07-10,2016,9.0,25.75,0.21323056847987343,32.72877537990783,19.537195198624303,19.24638888888889,0.2907291116666667,32.0,23.0,29.601839091442688,29.0,0.6018390914426881,0.0
2016-07-11,2016,8.0,23.4,0.28349769977898176,32.65865300471728,19.526137351632375,19.24416666666667,0.2818355838888889,32.0,24.0,29.87349626395194,24.0,5.873496263951939,0.0
2016-07-12,2016,10.0,29.14,0.10572723372426562,32.585136324072245,19.514587509903635,19.242222222222225,0.2723283908333333,32.0,22.0,29.348661735216087,29.0,0.348661735216087,0.0
2016-07-13,2016,12.0,30.78,0.05316318030151279,32.50824150438262,19.502553802136447,19.240277777777777,0.2622113102777778,35.0,23.0,31.826896831570004,32.0,-0.1731031684299964,0.0
2016-07-14,2016,13.0,29.79,0.0813490388591197,32.427985448361746,19.4900445735622,19.238333333333333,0.25148849194444445,38.0,25.0,34.572060514204104,33.0,1.5720605142041038,0.0
2016-07-15,2016,11.0,20.54,0.36495934316009826,32.34438579446462,19.477068366918438,19.236666666666668,0.24016444388888888,31.0,20.0,28.107864868565194,21.0,7.107864868565194,0.0
2016-07-16,2016,11.0,26.77,0.1701144715374613,32.2574609170431,19.46363390346974,19.235277777777778,0.22824401833333333,31.0,20.0,28.116604929287703,28.0,0.11660492928770338,0.0
2016-07-17,2016,11.0,25.78,0.19856325651003792,32.16722992726486,19.449750064152493,19.233888888888888,0.21573239944444442,35.0,24.0,32.125651596850425,31.0,1.1256515968504246,0.0
2016-07-18,2016,13.0,27.55,0.14104112987161543,32.07371267483649,19.435425870915893,19.232777777777777,0.20263508777777778,35.0,22.0,31.614091360857394,23.0,8.614091360857394,0.0
2016-07-19,2016,8.0,10.87,0.6600674272110696,31.97692975056367,19.420670468327046,19.231666666666666,0.1889578886111111,30.0,22.0,27.923379433221147,26.0,1.9233794332211467,0.0
2016-07-20,2016,7.0,18.72,0.41274093347040575,31.876902489774718,19.405493105503744,19.230555555555554,0.17470689611111112,29.0,22.0,27.189281986874917,28.0,-0.8107180131250828,0.0
2016-07-21,2016,11.0,25.78,0.1886359425223958,31.77365297662523,19.389903118433654,19.229999999999997,0.15988848194444444,34.0,23.0,31.164813465607942,30.0,1.164813465607942,0.0
2016-07-22,2016,9.0,24.51,0.2260131345398615,31.66720404929443,19.373909912733815,19.229166666666664,0.1445092813888889,33.0,24.0,30.68890180988082,29.0,1.6889018098808215,0.0
2016-07-23,2016,8.0,9.21,0.7081525198535434,31.557579306075173,19.35752294689947,19.228888888888886,0.12857618,26.0,18.0,23.953537524024135,19.0,4.953537524024135,0.0
2016-07-24,2016,12.0,23.89,0.24025601576701572,31.44480311235193,19.340751716086167,19.22861111111111,0.11209630166666668,31.0,19.0,27.94237558748194,27.0,0.9423755874819406,0.0
2016-07-25,2016,12.0,27.86,0.11072525818274537,31.328900608452468,19.32360573646426,19.22833333333333,0.09507699555555554,34.0,22.0,30.954738351297244,30.0,0.9547383512972445,0.0
2016-07-26,2016,12.0,22.86,0.2675400539182664,31.20989771835128,19.30609453017975,19.22833333333333,0.07752582499999999,36.0,24.0,32.96738925215213,32.0,0.967389252152131,0.0
2016-07-27,2016,12.0,26.54,0.14628947895402522,31.08782115919448,19.288227610950976,19.22861111111111,0.059450555555555555,37.0,25.0,33.98032294610964,33.0,0.9803229461096379,0.0
2016-07-28,2016,12.0,27.37,0.11603311827692964,30.962698451608382,19.270014470325542,19.228888888888886,0.040859143611111114,37.0,25.0,33.99353407750891,32.0,1.9935340775089117,0.0
2016-07-29,2016,12.0,16.92,0.451265037170247,30.83455793074642,19.251464564617677,19.229444444444443,0.021759726666666666,31.0,19.0,28.007017285543796,25.0,3.007017285543796,0.0
2016-07-30,2016,9.0,19.81,0.35479518733475135,30.703428758021392,19.23258730254168,19.230277777777776,0.002160611111111111,28.0,19.0,25.765575407895028,25.0,0.7655754078950281,0.0
2016-07-31,2016,9.0,16.89,0.44748563481423553,30.56934093346388,19.21339203355301,19.231111111111108,0.01792973527777778,29.0,20.0,26.776083874871805,26.0,0.7760838748718051,0.0
2016-08-01,2016,6.0,7.4,0.7568375099519922,30.432325308640362,19.19388803690468,19.23222222222222,0.038502694444444444,22.0,16.0,20.52452290674577,16.0,4.524522906745769,0.0
2016-08-02,2016,8.0,18.74,0.3813632598769362,30.292413600058897,19.174084511422926,19.233611111111113,0.05954950611111111,25.0,17.0,23.042375886332394,22.0,1.042375886332394,0.0
2016-08-03,2016,11.0,27.79,0.0782642355919917,30.149638402984543,19.153990566002633,19.235,0.08106127611111112,29.0,18.0,26.321799977987645,25.0,1.321799977987645,0.0
2016-08-04,2016,12.0,26.58,0.11411909799327591,30.004033205581226,19.133615210819983,19.23638888888889,0.10302898611111112,31.0,19.0,28.093330799473314,29.0,-0.9066692005266859,0.0
2016-08-05,2016,11.0,24.82,0.16866607731736383,29.85563240329253,19.112967349256607,19.238333333333333,0.1254434986111111,35.0,24.0,32.349521805016956,31.0,1.3495218050169555,0.0
2016-08-06,2016,9.0,19.0,0.3603656567538839,29.704471313369194,19.092055770527203,19.240277777777777,0.14829556583333334,34.0,25.0,31.84302802862114,31.0,0.8430280286211413,0.0
2016-08-07,2016,7.0,14.13,0.5218368965876714,29.550586189448097,19.070889142999874,19.242222222222225,0.17157583638888887,31.0,24.0,29.331509180279937,29.0,0.33150918027993725,0.0
2016-08-08,2016,7.0,4.48,0.8475880169337207,29.394014236083958,19.049476008196507,19.244722222222222,0.19527486055555557,25.0,18.0,23.34079121022905,20.0,3.3407912102290496,0.0
2016-08-09,2016,9.0,22.55,0.22865882719428898,29.234793623132575,19.027824775458466,19.246944444444445,0.21938309777777776,28.0,19.0,25.878826336113935,24.0,1.878826336113935,0.0
2016-08-10,2016,12.0,27.18,0.06511078582995222,29.072963499882892,19.005943717261424,19.249722222222225,0.24389092055555553,31.0,19.0,28.18810411426884,26.0,2.188104114268839,0.0
2016-08-11,2016,11.0,21.45,0.2580053442486486,28.908564008833068,18.983840965161413,19.2525,0.2687886208333333,32.0,21.0,29.437590419180754,28.0,1.4375904191807543,0.0
2016-08-12,2016,10.0,22.45,0.21890320486810244,28.741636299005744,18.9615245063533,19.255555555555556,0.2940664147222222,34.0,24.0,31.684486215788723,29.0,2.6844862157887235,0.0
2016-08-13,2016,10.0,17.4,0.3910169229420497,28.57222253869664,18.939002180821667,19.25861111111111,0.3197144461111111,32.0,22.0,29.698597780348923,28.0,1.6985977803489227,0.0
2016-08-14,2016,11.0,16.7,0.4119794074977343,28.400365927551512,18.916281679063353,19.261944444444445,0.34572279194444444,33.0,22.0,30.484154164971397,28.0,2.4841541649713967,0.0
2016-08-15,2016,9.0,21.92,0.22341408538829977,28.226110707867004,18.893370540360294,19.26527777777778,0.3720814663888889,32.0,23.0,29.954562056360917,28.0,1.954562056360917,0.0
2016-08-16,2016,6.0,11.42,0.5928626494421891,28.049502175012147,18.87027615158083,19.26888888888889,0.3987804225,27.0,21.0,25.645119066894303,25.0,0.6451190668943028,0.0
2016-08-17,2016,7.0,19.42,0.30320806597339145,27.870586686869434,18.84700574648732,19.272777777777776,0.42580955833333334,30.0,23.0,28.429609753051977,26.0,2.4296097530519773,0.0
2016-08-18,2016,8.0,17.68,0.3614887810074714,27.689411672196282,18.82356640552789,19.276666666666667,0.4531587177777778,30.0,22.0,28.217158477519735,27.0,1.2171584775197353,0.0
2016-08-19,2016,10.0,15.23,0.44630314097198187,27.506025637810836,18.799965056089885,19.280555555555555,0.48081769527777773,32.0,22.0,29.786449538283343,28.0,1.7864495382833425,0.0
2016-08-20,2016,5.0,11.52,0.5783382733487934,27.320478174508835,18.77620847319291,18.284722222222225,0.49122376166666665,29.0,24.0,27.90079297669493,27.0,0.9007929766949303,0.0
2016-08-21,2016,6.0,18.47,0.31927458973580247,27.132819961622374,18.75230328059946,18.289166666666667,0.46297595166666666,30.0,24.0,28.690112193921983,26.0,2.6901121939219834,0.0
2016-08-22,2016,9.0,21.49,0.2023932735831503,26.943102770134832,18.728255952321405,18.29361111111111,0.43444921416666665,29.0,20.0,27.049024107078573,27.0,0.049024107078572854,0.0
2016-08-23,2016,10.0,19.63,0.2662060651407673,26.75137946427115,18.70407281450104,18.298333333333336,0.4056539294444444,26.0,16.0,23.84776841238512,24.0,-0.15223158761488165,0.0
2016-08-24,2016,10.0,16.62,0.3741928896010922,26.557704001486858,18.679760047645765,18.303055555555556,0.37660051527777777,28.0,18.0,25.86340831882857,25.0,0.8634083188285686,0.0
2016-08-25,2016,13.0,24.84,0.057739315759848364,26.3621314307847,18.655323689196173,18.30777777777778,0.34729942472222225,31.0,18.0,28.2429147838138,28.0,0.2429147838137986,0.0
2016-08-26,2016,13.0,22.64,0.13471262729475064,26.164717889292564,18.630769636407578,18.31277777777778,0.31776114499999997,33.0,20.0,30.263546335718324,29.0,1.263546335718324,0.0
2016-08-27,2016,6.0,11.58,0.554023962018348,25.965520597042516,18.606103649525917,18.318055555555556,0.28799619472222227,30.0,24.0,28.74660969819894,28.0,0.7466096981989416,0.0
2016-08-28,2016,8.0,11.85,0.5400665646311317,25.764597849895942,18.581331355239435,18.323055555555555,0.2580151230555555,30.0,22.0,28.341682711444257,28.0,0.3416827114442569,0.0
2016-08-29,2016,11.0,22.91,0.10374806649470225,25.562009010566424,18.55645825038826,18.328611111111112,0.22782850583333333,34.0,23.0,31.737623360090105,30.0,1.7376233600901045,0.0
2016-08-30,2016,12.0,20.5,0.19157070882976368,25.357814497697586,18.53148970591467,18.333888888888886,0.1974469472222222,34.0,22.0,31.551501476866264,30.0,1.5515014768662638,0.0
2016-08-31,2016,8.0,10.89,0.5670337471029963,25.15207577296,18.50643097103756,18.339444444444442,0.16688107416666667,32.0,24.0,30.380777518711742,28.0,2.380777518711742,0.0
2016-09-01,2016,8.0,22.62,0.09319979193069328,24.944855326137237,18.48128717763528,18.345,0.1361415375,25.0,17.0,23.39396216263012,23.0,0.39396216263012107,0.0
2016-09-02,2016,12.0,24.11,0.025315781585829922,24.736216658178208,18.456063344821757,18.350555555555555,0.10523900972222222,26.0,14.0,23.61082848949691,24.0,-0.38917151050308973,0.0
2016-09-03,2016,12.0,22.15,0.09688504177389434,24.526224262199054,18.430764383701472,18.35638888888889,0.07418418194444446,29.0,17.0,26.630818157618297,25.0,1.6308181576182967,0.0
2016-09-04,2016,11.0,16.52,0.3205824257658405,24.314943602425014,18.405395102289596,18.362222222222222,0.04298776416666667,32.0,21.0,29.84666604776154,28.0,1.8466660477615413,0.0
2016-09-05,2016,12.0,20.11,0.16564467789731796,24.102441091069245,18.379960210584176,18.368055555555557,0.011660481944444445,33.0,21.0,30.671095452330974,28.0,2.671095452330974,0.0
2016-09-06,2016,9.0,18.09,0.2427408631524467,23.888784063151906,18.354464325778014,18.374166666666667,0.01978692361111111,32.0,23.0,30.268531604958103,29.0,1.2685316049581026,0.0
2016-09-07,2016,7.0,18.17,0.23249266179623573,23.674040749270436,18.328911977598437,18.38,0.051343699444444446,30.0,23.0,28.66518440724878,26.0,2.6651844072487805,0.0
2016-09-08,2016,11.0,22.27,0.05065504520617958,23.458280246337452,18.303307613763792,18.38611111111111,0.08299907972222223,31.0,20.0,28.921182743280532,27.0,1.9211827432805322,0.0
2016-09-09,2016,12.0,20.55,0.11580853610037678,23.241572486310403,18.277655605546048,18.392222222222223,0.11474229083333333,33.0,21.0,30.75273568302707,28.0,2.752735683027069,0.0
2016-09-10,2016,8.0,11.64,0.49444032469959587,23.023988202942608,18.251960253429495,18.398333333333333,0.14656254916666667,29.0,21.0,27.515566610250367,26.0,1.5155666102503673,0.0
2016-09-11,2016,12.0,21.17,0.07171918194338223,22.805598896592517,18.22622579285597,18.404444444444444,0.1784490663888889,33.0,21.0,30.794038288102545,28.0,2.794038288102545,0.0
2016-09-12,2016,11.0,20.92,0.07378206048254932,22.586476797133827,18.200456400047564,18.410833333333333,0.2103910488888889,32.0,21.0,29.996897276968422,28.0,1.9968972769684221,0.0
2016-09-13,2016,10.0,20.34,0.0906121731829832,22.366694825015212,18.17465619789818,18.416944444444447,0.24237770055555555,31.0,21.0,29.196351963925892,27.0,2.196351963925892,0.0
2016-09-14,2016,6.0,8.68,0.6080614100854421,22.146326550524737,18.148829261925783,18.423055555555557,0.27439822444444445,24.0,18.0,22.9282552360877,20.0,2.9282552360877006,0.0
2016-09-15,2016,12.0,20.36,0.07139859962325412,21.92544615131926,18.1229796262774,18.429166666666667,0.3064418241666667,26.0,14.0,23.87745755842136,22.0,1.8774575584213586,0.0
2016-09-16,2016,11.0,20.69,0.046725136853099314,21.70412836828537,18.09711128977951,18.435555555555556,0.33849770611111113,27.0,16.0,25.073588126176116,23.0,2.0735881261761158,0.0
2016-09-17,2016,13.0,18.89,0.1206775133036545,21.482448459802942,18.07122822202643,18.441666666666666,0.3705550808333334,30.0,17.0,27.7461393530446,25.0,2.746139353044601,0.0
2016-09-18,2016,13.0,19.78,0.0696353988461118,21.260482154488447,18.045334369499844,18.447777777777777,0.40260316527777773,32.0,19.0,29.768998586932263,26.0,3.7689985869322626,0.0
2016-09-19,2016,11.0,19.23,0.08595300575368336,21.038305602499378,18.01943366171265,18.453888888888887,0.43463118444444443,33.0,22.0,31.131611799948026,29.0,2.1316117999480255,0.0
2016-09-20,2016,10.0,18.55,0.10885837021262446,20.815995325486018,17.993530017370485,18.46,0.4666283725,31.0,21.0,29.319118339244426,27.0,2.319118339244426,0.0
2016-09-21,2016,11.0,18.23,0.11477473256831572,20.593628165281523,17.967627350544504,18.46611111111111,0.49858397666666665,32.0,21.0,30.170480999534774,27.0,3.1704809995347745,0.0
2016-09-22,2016,9.0,17.51,0.14045661629818595,20.37128123142465,17.941729576848914,17.471944444444443,0.4695127436111111,29.0,20.0,27.51905862233069,27.0,0.5190586223306894,0.0
2016-09-23,2016,12.0,19.09,0.05255993715349305,20.14903184761434,17.915840619616947,17.478055555555553,0.4376725130555556,28.0,16.0,26.046689088778656,25.0,1.0466890887786562,0.0
2016-09-24,2016,8.0,16.43,0.17548878185190442,19.92695749719794,17.889964416068796,17.483888888888888,0.4059060397222222,20.0,12.0,18.71199311385136,19.0,-0.28800688614864,0.0
2016-09-25,2016,10.0,17.65,0.1042944231400531,19.705135767799025,17.864104923465167,17.489722222222223,0.37422401194444443,22.0,12.0,20.40775748430783,20.0,0.40775748430782954,0.0
2016-09-26,2016,9.0,13.35,0.31480990939186226,19.483644295192974,17.838266125239773,17.495555555555555,0.34263709861111113,24.0,15.0,22.5829820172732,20.0,2.582982017273199,0.0
2016-09-27,2016,10.0,17.46,0.09357845688344757,19.262560706541926,17.8124520371042,18.00111111111111,0.18884405444444446,22.0,12.0,20.443321994020305,20.0,0.44332199402030525,0.0
2016-09-28,2016,12.0,18.08,0.05051803667372534,19.041962563102516,17.78666671311818,18.006666666666668,0.22020882638888886,26.0,14.0,24.153335609534402,23.0,1.1533356095344018,0.0
2016-09-29,2016,7.0,15.24,0.19030608528820314,18.821927302522138,17.760914251718223,18.01222222222222,0.2514466202777778,23.0,16.0,21.93523337005613,19.0,2.9352333700561317,0.0
2016-09-30,2016,12.0,17.93,0.03615272234465927,18.602532180841553,17.73519880169724,18.0175,0.28254686805555557,26.0,14.0,24.196032247800012,23.0,1.1960322478000123,0.0
2017-05-01,2017,8.0,12.68,0.561374878403436,28.9085129320585,18.983834117466134,19.38,0.3964156047222222,16.0,8.0,14.136432815977862,14.0,0.13643281597786228,0.0
2017-05-02,2017,7.0,13.7,0.5287709937585903,29.07291320895793,19.005936936675834,19.38222222222222,0.37636398972222224,13.0,6.0,11.359730356374396,7.0,4.359730356374396,0.0
2017-05-03,2017,12.0,26.03,0.10962107676648836,29.234744130587814,19.027818064467443,19.384166666666665,0.3563746769444444,19.0,7.0,16.171773452484167,14.0,2.1717734524841674,0.0
2017-05-04,2017,10.0,27.72,0.056949292910421945,29.393965554141666,19.04946936932894,19.385833333333334,0.33645452416666666,20.0,10.0,17.62970584476051,16.0,1.6297058447605117,0.0
2017-05-05,2017,13.0,27.66,0.06397644296400107,29.550538330026466,19.070882578827508,19.38722222222222,0.31661075111111114,24.0,11.0,20.901379470141435,20.0,0.9013794701414355,0.0
2017-05-06,2017,17.0,27.0,0.09104449431027084,29.704424288086567,19.09204928366328,19.38888888888889,0.2968509336111111,30.0,13.0,25.925726414929564,24.0,1.9257264149295636,0.20029788748259578
2017-05-07,2017,13.0,23.45,0.21455235129283634,29.85558622347191,19.11296094235434,19.39,0.2771830011111111,27.0,14.0,23.867621806869224,14.0,9.867621806869224,0.0
2017-05-08,2017,10.0,27.27,0.09112081677221384,30.00398788225465,19.1336088865708,19.391111111111112,0.25761523194444447,24.0,14.0,21.577779551329144,20.0,1.5777795513291437,0.0
2017-05-09,2017,10.0,21.48,0.2875525939807787,30.149593946897586,19.153984327134236,19.391944444444444,0.23815624722222223,24.0,14.0,21.56527653134333,20.0,1.5652765313433292,0.0
2017-05-10,2017,15.0,28.8,0.049265541804995205,30.292370021675225,19.17407836069709,19.392777777777777,0.21881500277777777,30.0,15.0,26.32946042944096,24.0,2.32946042944096,0.009853108360999006
2017-05-11,2017,15.0,27.07,0.11048407575385966,30.43228261814612,19.193881977114923,19.393333333333334,0.19960078388888888,32.0,17.0,28.31131281383994,27.0,1.3113128138399404,0.022096815150771852
2017-05-12,2017,10.0,19.22,0.3712646171084403,30.569299140772138,19.213386067521952,19.39388888888889,0.1805231938888889,26.0,16.0,23.52898571608185,24.0,-0.4710142839181515,0.0
2017-05-13,2017,10.0,29.79,0.029748765073130623,30.703387872776432,19.23258143311824,19.394166666666667,0.1615921461111111,28.0,18.0,25.517309575200642,25.0,0.5173095752006418,0.0
2017-05-14,2017,15.0,29.88,0.030956149971085978,30.83451796232797,19.25145879467404,19.394166666666667,0.1428178525,34.0,19.0,30.258776854817775,28.0,2.258776854817775,0.006191229994217173
2017-05-15,2017,8.0,29.54,0.045947584486747295,30.96265940913564,19.27000880275388,19.394166666666667,0.12421081277777778,34.0,26.0,31.995692128509386,30.0,1.9956921285093863,0.0
2017-05-16,2017,11.0,29.09,0.06426264131535397,31.087783051530014,19.288222048659975,19.39388888888889,0.10578180083333333,38.0,27.0,35.2319663952686,30.0,5.2319663952686,0.0
2017-05-17,2017,12.0,20.94,0.3290582005741798,31.2098605541048,19.306089076090895,19.39361111111111,0.08754185055555556,29.0,17.0,25.967393196338712,24.0,1.967393196338712,0.0
2017-05-18,2017,14.0,26.0,0.17009440012346388,31.328864395984294,19.323600393507927,19.393055555555556,0.06950224277777778,27.0,13.0,23.44719924205264,25.0,-1.5528007579473595,0.0
2017-05-19,2017,6.0,11.81,0.6244208240727007,31.44476785977628,19.340746487197485,19.392222222222223,0.051674489444444444,17.0,11.0,15.471189677001604,13.0,2.471189677001604,0.0
2017-05-20,2017,13.0,27.62,0.12477348978224223,31.557545021263238,19.357517835013972,19.391388888888887,0.03407031527777778,23.0,10.0,19.674502458036073,19.0,0.6745024580360734,0.0
2017-05-21,2017,13.0,28.6,0.09685648159324922,31.667170739877196,19.373904920782916,19.390555555555554,0.016701642222222222,27.0,14.0,23.66175093954752,23.0,0.6617509395475203,0.0
2017-05-22,2017,10.0,17.96,0.434751229712241,31.77362064999603,19.3898982493399,19.389444444444443,0.00041942944444444444,25.0,15.0,22.422560602478136,21.0,1.4225606024781356,0.0
2017-05-23,2017,14.0,30.09,0.05605541223007293,31.87687115309146,19.405488362175912,19.388055555555557,0.017280639722222223,30.0,16.0,26.378567930640997,25.0,1.3785679306409975,0.0
2017-05-24,2017,13.0,29.57,0.07526994346242766,31.97689941075096,19.420665853655056,19.386666666666667,0.03386959083333333,32.0,19.0,28.625495147364482,28.0,0.6254951473644823,0.0
2017-05-25,2017,11.0,25.35,0.2096324038498607,32.07368333858728,19.435421387765565,19.384999999999998,0.050173765277777775,33.0,22.0,30.135003310637238,30.0,0.13500331063723792,0.0
2017-05-26,2017,10.0,17.59,0.45316971559533414,32.16720160104197,19.449745715360166,19.383333333333333,0.06618054888888888,29.0,19.0,26.386958575254727,24.0,2.3869585752547273,0.0
2017-05-27,2017,6.0,11.76,0.6354328697302584,32.25743360708034,19.463629691836744,19.381666666666668,0.08187725305555556,21.0,15.0,19.427240548024308,19.0,0.427240548024308,0.0
2017-05-28,2017,14.0,20.04,0.3804174729196049,32.34435950676781,19.477064295205487,19.379722222222224,0.09725113638888888,29.0,15.0,25.31910411056554,26.0,-0.6808958894344599,0.0
2017-05-29,2017,11.0,21.89,0.3249652499690181,32.42796018870928,19.490040644483663,19.3775,0.11228942916666666,30.0,19.0,27.09943837003499,23.0,4.099438370034989,0.0
2017-05-30,2017,13.0,30.48,0.06239091061072077,32.50821727832592,19.502550018354576,19.375555555555557,0.1269793561111111,33.0,20.0,29.562474465888734,25.0,4.562474465888734,0.0
2017-05-31,2017,6.0,18.47,0.43317674171080733,32.58511313693593,19.514583874022723,19.373055555555556,0.14130816138888888,24.0,18.0,22.40919832474865,22.0,0.40919832474865103,0.0
2017-06-01,2017,9.0,20.87,0.3609652502444761,32.658630861599086,19.526133866192886,19.370833333333334,0.1552631322222222,25.0,16.0,22.60768514022898,23.0,-0.39231485977101954,0.0
2017-06-02,2017,6.0,10.42,0.6816255238727599,32.72875428567832,19.53719186609701,19.368333333333332,0.16883162416666667,24.0,18.0,22.40122723439336,21.0,1.4012272343933603,0.0
2017-06-03,2017,7.0,16.56,0.49505218190312306,32.79546798006537,19.54774998048912,19.365555555555556,0.18200108555555555,27.0,20.0,25.130430496220196,25.0,0.1304304962201961,0.0
2017-06-04,2017,12.0,26.27,0.200517542519265,32.858757255012094,19.55780057052538,19.36277777777778,0.19475908305555556,31.0,19.0,27.787958638145103,28.0,-0.2120413618548973,0.0
2017-06-05,2017,11.0,26.39,0.19832576548423642,32.9186081625043,19.56733627044394,19.360000000000003,0.20709332555555557,32.0,21.0,29.04949124197426,28.0,1.049491241974259,0.0
2017-06-06,2017,9.0,18.38,0.44260816315217666,32.97500749911059,19.576350005956854,19.357222222222223,0.21899168972222222,33.0,24.0,30.581205797259535,27.0,3.5812057972595355,0.0
2017-06-07,2017,12.0,12.87,0.6103299538110744,33.02794280923552,19.58483501226523,19.354166666666668,0.23044224472222222,25.0,13.0,21.768995887224047,13.0,8.768995887224047,0.0
2017-06-08,2017,5.0,17.1,0.4830307471229991,33.077402388703554,19.592784851607632,19.351111111111113,0.241433275,19.0,14.0,17.651429602299977,17.0,0.6514296022999773,0.0
2017-06-09,2017,13.0,31.32,0.05444418851901889,33.12337528859868,19.600193430251807,19.348055555555554,0.25195330499999996,27.0,14.0,23.488103896279675,24.0,-0.5118961037203249,0.0
2017-06-10,2017,15.0,30.65,0.07585667845711641,33.16585131928341,19.607055014840363,19.345,0.26199112305555555,32.0,17.0,27.941818774388306,28.0,-0.05818122561169403,0.015171335691423229
2017-06-11,2017,17.0,22.43,0.32449568202247325,33.204821054520956,19.61336424800236,19.341666666666665,0.2715358033333333,34.0,17.0,29.394487030076924,23.0,6.394487030076924,0.7138905004494409
2017-06-12,2017,12.0,26.51,0.20247352545769592,33.24027583562532,19.61911616314477,19.33833333333333,0.28057672694444447,27.0,15.0,23.745036303242316,24.0,-0.2549636967576845,0.0
2017-06-13,2017,14.0,30.88,0.07189807756977429,33.272207775565235,19.62430619834084,19.334999999999997,0.289103605,30.0,16.0,26.198320201377207,28.0,-1.8016797986227928,0.0
2017-06-14,2017,13.0,27.83,0.16427956730802673,33.30060976295105,19.628930209235804,19.331666666666667,0.29710649666666666,34.0,21.0,30.46637778093484,31.0,-0.5336222190651583,0.0
2017-06-15,2017,11.0,21.51,0.35454784367440384,33.325475465836625,19.632984480895,19.328333333333333,0.3045758302777778,35.0,24.0,32.00742334691835,33.0,-0.9925766530816489,0.0
2017-06-16,2017,11.0,23.5,0.2952846909315565,33.34679933527261,19.63646573852433,19.32472222222222,0.31150242055555555,36.0,25.0,33.005201576414386,32.0,1.005201576414386,0.0
2017-06-17,2017,9.0,20.11,0.3972649425185537,33.36457660855248,19.639371156999037,19.32138888888889,0.31787748555555556,34.0,25.0,31.548193825647715,31.0,0.548193825647715,0.0
2017-06-18,2017,8.0,16.53,0.5047755353767122,33.37880331209849,19.64169836914314,19.317777777777778,0.32369266361111115,32.0,24.0,29.81953729256188,28.0,1.8195372925618791,0.0
2017-06-19,2017,10.0,23.97,0.28210913491066925,33.38947626394061,19.643445472708866,19.314444444444444,0.32894002694444446,33.0,23.0,30.27340890019274,30.0,0.27340890019274156,0.0
2017-06-20,2017,9.0,29.91,0.10439966339801987,33.39659307574882,19.644611036013124,19.310833333333335,0.333612095,34.0,25.0,31.54546005350403,32.0,-0.45453994649597007,0.0
2017-06-21,2017,10.0,23.39,0.2997037890161738,33.40015215438629,19.645194102196037,19.307222222222222,0.33770184722222224,35.0,25.0,32.27239550900701,30.0,2.272395509007012,0.0
2017-06-22,2017,8.0,18.13,0.45718811044855034,33.40015270295875,19.645194192074904,19.30388888888889,0.34120273305555554,35.0,27.0,32.81791636553958,32.0,0.8179163655395811,0.0
2017-06-23,2017,10.0,15.85,0.5254007142868836,33.39659472134338,19.64461130557584,19.30027777777778,0.34410868166666664,35.0,25.0,32.272733236566715,28.0,4.272733236566715,0.0
2017-06-24,2017,7.0,16.95,0.4923550619984737,33.38947900618884,19.64344592173397,19.296944444444446,0.3464141088888889,33.0,26.0,31.091386047958256,30.0,1.091386047958256,0.0
2017-06-25,2017,7.0,19.64,0.4116027001350612,33.37880715038662,19.641698997262278,19.293333333333337,0.34811392444444444,32.0,25.0,30.092094876101186,29.0,1.0920948761011857,0.0
2017-06-26,2017,7.0,11.28,0.6619169347053506,33.364581542021774,19.639371963698046,19.290000000000003,0.34920353555555556,25.0,18.0,23.093039314722567,23.0,0.09303931472256721,0.0
2017-06-27,2017,11.0,29.13,0.12645305350663305,33.34680536281995,19.63646672314477,19.28666666666667,0.3496788522222222,31.0,20.0,28.005200948149465,29.0,-0.994799051850535,0.0
2017-06-28,2017,12.0,29.41,0.11749214961845966,33.32548258611522,19.632985642636104,19.283333333333335,0.3495362875,34.0,22.0,30.735370114908275,30.0,0.7353701149082745,0.0
2017-06-29,2017,6.0,14.35,0.5690770660459203,33.30061797437121,19.628931547156824,19.279999999999998,0.34877276,25.0,19.0,23.369096971287533,21.0,2.369096971287533,0.0
2017-06-30,2017,11.0,21.67,0.3487058601983364,33.27221707629535,19.62430771136379,19.276666666666667,0.3473856908333333,28.0,17.0,25.01296490570062,25.0,0.012964905700620477,0.0
2017-07-01,2017,8.0,22.42,0.3255172398579721,33.24028622359295,19.619117850057584,19.27361111111111,0.3453730033333334,29.0,21.0,26.830023417737884,27.0,-0.16997658226211598,0.0
2017-07-02,2017,9.0,26.25,0.20945241996543718,33.204832527413906,19.613366107462333,19.270555555555553,0.34273312027777775,32.0,23.0,29.561786277817866,30.0,-0.43821372218213384,0.0
2017-07-03,2017,12.0,25.21,0.23988109897103305,33.16586387455097,19.60705704537799,19.2675,0.33946495666666665,32.0,20.0,28.753453601185296,29.0,-0.2465463988147043,0.0
2017-07-04,2017,8.0,27.18,0.17943178873357013,33.12338892345287,19.600195630274914,19.264444444444443,0.3355679177777778,31.0,23.0,28.838832141642143,30.0,-1.1611678583578566,0.0
2017-07-05,2017,12.0,29.02,0.12266426631315197,33.07741710012037,19.59278721940581,19.261666666666667,0.33104188944444446,36.0,24.0,32.76342938884723,33.0,-0.23657061115277145,0.0
2017-07-06,2017,11.0,28.06,0.1504167622053797,33.02795859395624,19.584837546014512,19.25888888888889,0.32588723138888886,37.0,26.0,34.038244603389145,34.0,0.03824460338914548,0.0
2017-07-07,2017,14.0,28.42,0.13813558724907582,32.975024353643065,19.57635270372465,19.25611111111111,0.32010476861111115,36.0,22.0,32.23742903380559,32.0,0.23742903380559,0.0
2017-07-08,2017,13.0,29.64,0.0995979016513363,32.91862608312411,19.567339130194185,19.253611111111113,0.31369578305555557,39.0,26.0,35.51303293006758,36.0,-0.4869670699324189,0.0
2017-07-09,2017,14.0,29.95,0.08852357180669257,32.85877623776372,19.557803590123868,19.25111111111111,0.30666200055555554,42.0,28.0,38.25261593622182,37.0,1.2526159362218223,0.0
2017-07-10,2017,9.0,21.05,0.358143413305118,32.795488020763266,19.547753157708968,19.248611111111114,0.29900558222222223,37.0,28.0,34.59626610480053,33.0,1.5962661048005273,0.0
2017-07-11,2017,11.0,14.53,0.5560481615538859,32.72877537990783,19.537195198624303,19.24638888888889,0.2907291116666667,33.0,22.0,30.068914445096617,29.0,1.0689144450966168,0.0
2017-07-12,2017,12.0,23.91,0.26788162400493387,32.65865300471728,19.526137351632375,19.24416666666667,0.2818355838888889,36.0,24.0,32.81024439592791,32.0,0.81024439592791,0.0
2017-07-13,2017,9.0,27.59,0.15329493405808137,32.585136324072245,19.514587509903635,19.242222222222225,0.2723283908333333,35.0,26.0,32.61379556169448,33.0,-0.3862044383055192,0.0
2017-07-14,2017,5.0,20.22,0.3780038825762375,32.50824150438262,19.502553802136447,19.240277777777777,0.2622113102777778,29.0,24.0,27.677873679820834,26.0,1.6778736798208342,0.0
2017-07-15,2017,8.0,12.86,0.6034289573591232,32.427985448361746,19.4900445735622,19.238333333333333,0.25148849194444445,28.0,20.0,25.890498777971757,26.0,-0.10950122202824275,0.0
2017-07-16,2017,3.0,6.42,0.8015111481542274,32.34438579446462,19.477068366918438,19.236666666666668,0.24016444388888888,24.0,21.0,23.21123587324505,24.0,-0.7887641267549483,0.0
2017-07-17,2017,15.0,28.53,0.11555345061500821,32.2574609170431,19.46363390346974,19.235277777777778,0.22824401833333333,32.0,17.0,28.06809763084687,30.0,-1.9319023691531285,0.02311069012300156
2017-07-18,2017,7.0,18.44,0.4267457893733553,32.16722992726486,19.449750064152493,19.233888888888888,0.21573239944444442,30.0,23.0,28.170869197995728,27.0,1.170869197995728,0.0
2017-07-19,2017,12.0,27.41,0.14540607512816628,32.07371267483649,19.435425870915893,19.232777777777777,0.20263508777777778,34.0,22.0,30.87454587156067,31.0,-0.1254541284393298,0.0
2017-07-20,2017,11.0,22.43,0.29855679782376177,31.97692975056367,19.420670468327046,19.231666666666666,0.1889578886111111,31.0,20.0,28.144646720679077,29.0,-0.8553532793209229,0.0
2017-07-21,2017,7.0,22.05,0.30827658028966054,31.876902489774718,19.405493105503744,19.230555555555554,0.17470689611111112,31.0,24.0,29.189281986874917,29.0,0.18928198687491715,0.0
2017-07-22,2017,12.0,28.64,0.09862425887670356,31.77365297662523,19.389903118433654,19.229999999999997,0.15988848194444444,35.0,23.0,31.907069235208667,31.0,0.9070692352086667,0.0
2017-07-23,2017,14.0,29.16,0.0791735211416712,31.66720404929443,19.373909912733815,19.229166666666664,0.1445092813888889,33.0,19.0,29.40495837092572,30.0,-0.5950416290742808,0.0
2017-07-24,2017,8.0,13.12,0.5842520152528221,31.557579306075173,19.35752294689947,19.228888888888886,0.12857618,32.0,24.0,29.953537524024135,30.0,-0.04646247597586495,0.0
2017-07-25,2017,12.0,22.6,0.28128028281015294,31.44480311235193,19.340751716086167,19.22861111111111,0.11209630166666668,36.0,24.0,32.94237558748194,32.0,0.9423755874819406,0.0
2017-07-26,2017,12.0,27.89,0.10976767590512448,31.328900608452468,19.32360573646426,19.22833333333333,0.09507699555555554,37.0,25.0,33.954738351297244,33.0,0.9547383512972445,0.0
2017-07-27,2017,12.0,25.79,0.17365957963919898,31.20989771835128,19.30609453017975,19.22833333333333,0.07752582499999999,39.0,27.0,35.96738925215213,34.0,1.967389252152131,0.0
2017-07-28,2017,9.0,21.39,0.31194920703943474,31.08782115919448,19.288227610950976,19.22861111111111,0.059450555555555555,39.0,30.0,36.735242209582225,37.0,-0.26475779041777514,0.0
2017-07-29,2017,9.0,23.82,0.2306872077952672,30.962698451608382,19.270014470325542,19.228888888888886,0.040859143611111114,37.0,28.0,34.745150558131684,34.0,0.7451505581316837,0.0
2017-07-30,2017,8.0,17.4,0.4356980878701123,30.83455793074642,19.251464564617677,19.229444444444443,0.021759726666666666,33.0,25.0,31.00467819036253,30.0,1.0046781903625295,0.0
2017-07-31,2017,10.0,25.74,0.161657149015472,30.703428758021392,19.23258730254168,19.230277777777776,0.002160611111111111,34.0,24.0,31.517306008772252,31.0,0.5173060087722519,0.0
2017-08-01,2017,5.0,17.64,0.4229512491487931,30.56934093346388,19.21339203355301,19.231111111111108,0.01792973527777778,29.0,24.0,27.76449104159545,26.0,1.7644910415954485,0.0
2017-08-02,2017,11.0,23.99,0.21169349510112045,30.432325308640362,19.19388803690468,19.23222222222222,0.038502694444444444,29.0,18.0,26.294958662367243,26.0,0.2949586623672431,0.0
2017-08-03,2017,13.0,27.55,0.09053136657468464,30.292413600058897,19.174084511422926,19.233611111111113,0.05954950611111111,32.0,19.0,28.818860815290137,28.0,0.8188608152901367,0.0
2017-08-04,2017,12.0,27.33,0.09352146666891459,30.149638402984543,19.153990566002633,19.235,0.08106127611111112,35.0,23.0,32.0783272487138,31.0,1.0783272487137978,0.0
2017-08-05,2017,6.0,14.82,0.5060664045244676,30.004033205581226,19.133615210819983,19.23638888888889,0.10302898611111112,29.0,23.0,27.546665399736657,26.0,1.546665399736657,0.0
2017-08-06,2017,8.0,17.88,0.40111802830114696,29.85563240329253,19.112967349256607,19.238333333333333,0.1254434986111111,31.0,23.0,29.072379494557786,27.0,2.0723794945577865,0.0
2017-08-07,2017,8.0,24.75,0.16679210550834878,29.704471313369194,19.092055770527203,19.240277777777777,0.14829556583333334,32.0,24.0,30.08269158099657,29.0,1.0826915809965705,0.0
2017-08-08,2017,12.0,27.5,0.06939240312533357,29.550586189448097,19.070889142999874,19.242222222222225,0.17157583638888887,36.0,24.0,33.13973002333704,32.0,1.1397300233370373,0.0
2017-08-09,2017,12.0,25.66,0.12703315056233788,29.394014236083958,19.049476008196507,19.244722222222222,0.19527486055555557,32.0,20.0,29.15564207467837,29.0,0.15564207467836866,0.0
2017-08-10,2017,13.0,20.52,0.298096635655291,29.234793623132575,19.027824775458466,19.246944444444445,0.21938309777777776,36.0,23.0,32.936082485497906,31.0,1.9360824854979057,0.0
2017-08-11,2017,12.0,23.98,0.17517868448131912,29.072963499882892,19.005943717261424,19.249722222222225,0.24389092055555553,38.0,26.0,35.18810411426884,32.0,3.188104114268839,0.0
2017-08-12,2017,11.0,6.58,0.7723857885853663,28.908564008833068,18.983840965161413,19.2525,0.2687886208333333,26.0,15.0,23.437590419180754,17.0,6.437590419180754,0.0
2017-08-13,2017,10.0,20.97,0.2703964457053055,28.741636299005744,18.9615245063533,19.255555555555556,0.2940664147222222,24.0,14.0,21.684486215788723,20.0,1.6844862157887235,0.0
2017-08-14,2017,10.0,23.76,0.16842310856914366,28.57222253869664,18.939002180821667,19.25861111111111,0.3197144461111111,27.0,17.0,24.698597780348923,23.0,1.6985977803489227,0.0
2017-08-15,2017,10.0,21.9,0.22888317510181921,28.400365927551512,18.916281679063353,19.261944444444445,0.34572279194444444,29.0,19.0,26.712867422701272,27.0,-0.28713257729872765,0.0
2017-08-16,2017,9.0,25.18,0.10791818750353066,28.226110707867004,18.893370540360294,19.26527777777778,0.3720814663888889,30.0,21.0,27.954562056360917,27.0,0.954562056360917,0.0
2017-08-17,2017,5.0,9.25,0.6702258762994964,28.049502175012147,18.87027615158083,19.26888888888889,0.3987804225,24.0,19.0,22.87093255574525,21.0,1.8709325557452487,0.0
2017-08-18,2017,9.0,13.08,0.5306880279573616,27.870586686869434,18.84700574648732,19.272777777777776,0.42580955833333334,25.0,16.0,22.98092682535254,22.0,0.9809268253525403,0.0
2017-08-19,2017,10.0,25.58,0.07618116618614923,27.689411672196282,18.82356640552789,19.276666666666667,0.4531587177777778,27.0,17.0,24.771448096899668,23.0,1.7714480968996682,0.0
2017-08-20,2017,8.0,18.62,0.323057418575069,27.506025637810836,18.799965056089885,19.280555555555555,0.48081769527777773,26.0,18.0,24.229159630626675,22.0,2.2291596306266754,0.0
2017-08-21,2017,6.0,9.91,0.6372684278547346,27.320478174508835,18.77620847319291,18.284722222222225,0.49122376166666665,22.0,16.0,20.680951572033916,21.0,-0.31904842796608435,0.0
2017-08-22,2017,12.0,25.53,0.05907310644044583,27.132819961622374,18.75230328059946,18.289166666666667,0.46297595166666666,27.0,15.0,24.380224387843963,25.0,-0.6197756121560367,0.0
2017-08-23,2017,12.0,23.0,0.14634924580793185,26.943102770134832,18.728255952321405,18.29361111111111,0.43444921416666665,28.0,16.0,25.398698809438095,25.0,0.39869880943809477,0.0
2017-08-24,2017,10.0,22.82,0.14695987806990873,26.75137946427115,18.70407281450104,18.298333333333336,0.4056539294444444,28.0,18.0,25.84776841238512,25.0,0.8477684123851184,0.0
2017-08-25,2017,5.0,17.04,0.35837826948270834,26.557704001486858,18.679760047645765,18.303055555555556,0.37660051527777777,26.0,21.0,24.931704159414284,25.0,-0.0682958405857157,0.0
2017-08-26,2017,8.0,18.45,0.30013246279264105,26.3621314307847,18.655323689196173,18.30777777777778,0.34729942472222225,29.0,21.0,27.303332174654646,27.0,0.30333217465464557,0.0
2017-08-27,2017,7.0,18.06,0.30975751099572435,26.164717889292564,18.630769636407578,18.31277777777778,0.31776114499999997,29.0,22.0,27.526524950002177,26.0,1.5265249500021767,0.0
2017-08-28,2017,10.0,20.65,0.204714578210612,25.965520597042516,18.606103649525917,18.318055555555556,0.28799619472222227,31.0,21.0,28.9110161636649,29.0,-0.08898383633509965,0.0
2017-08-29,2017,10.0,23.81,0.07586370496770001,25.764597849895942,18.581331355239435,18.323055555555555,0.2580151230555555,32.0,22.0,29.92710338930532,30.0,-0.07289661069468067,0.0
2017-08-30,2017,8.0,13.18,0.4843910744827663,25.562009010566424,18.55645825038826,18.328611111111112,0.22782850583333333,30.0,22.0,28.35463517097462,25.0,3.354635170974621,0.0
2017-08-31,2017,11.0,21.61,0.14779722038103393,25.357814497697586,18.53148970591467,18.333888888888886,0.1974469472222222,31.0,20.0,28.755543020460742,27.0,1.7555430204607418,0.0
2017-09-01,2017,10.0,23.3,0.07363510629015724,25.15207577296,18.50643097103756,18.339444444444442,0.16688107416666667,32.0,22.0,29.975971898389677,28.0,1.9759718983896768,0.0
2017-09-02,2017,10.0,22.4,0.10201924576691124,24.944855326137237,18.48128717763528,18.345,0.1361415375,30.0,20.0,27.99245270328765,28.0,-0.007547296712349549,0.0
2017-09-03,2017,8.0,21.82,0.11789259038584854,24.736216658178208,18.456063344821757,18.350555555555555,0.10523900972222222,29.0,21.0,27.40721899299794,26.0,1.4072189929979402,0.0
2017-09-04,2017,11.0,23.58,0.03858010316155436,24.526224262199054,18.430764383701472,18.35638888888889,0.07418418194444446,31.0,20.0,28.82824997781677,28.0,0.8282499778167711,0.0
2017-09-05,2017,11.0,22.61,0.07011916746765456,24.314943602425014,18.405395102289596,18.362222222222222,0.04298776416666667,33.0,22.0,30.84666604776154,30.0,0.8466660477615413,0.0
2017-09-06,2017,9.0,17.37,0.27932610915347644,24.102441091069245,18.379960210584176,18.368055555555557,0.011660481944444445,31.0,22.0,29.25332158924823,28.0,1.2533215892482303,0.0
2017-09-07,2017,13.0,18.12,0.24148504368835455,23.888784063151906,18.354464325778014,18.374166666666667,0.01978692361111111,34.0,21.0,31.49899009605059,25.0,6.498990096050591,0.0
2017-09-08,2017,6.0,16.62,0.2979652195406405,23.674040749270436,18.328911977598437,18.38,0.051343699444444446,25.0,19.0,23.85587234907038,23.0,0.8558723490703812,0.0
2017-09-09,2017,10.0,21.52,0.08262669837615555,23.458280246337452,18.303307613763792,18.38611111111111,0.08299907972222223,27.0,17.0,25.110166130255028,24.0,1.1101661302550276,0.0
2017-09-10,2017,10.0,17.32,0.2547836421050378,23.241572486310403,18.277655605546048,18.392222222222223,0.11474229083333333,28.0,18.0,26.12727973585589,25.0,1.1272797358558897,0.0
2017-09-11,2017,9.0,17.66,0.2329738946902803,23.023988202942608,18.251960253429495,18.398333333333333,0.14656254916666667,30.0,21.0,28.330012436531664,25.0,3.330012436531664,0.0
2017-09-12,2017,9.0,16.81,0.26290030460407454,22.805598896592517,18.22622579285597,18.404444444444444,0.1784490663888889,26.0,17.0,24.34552871607691,24.0,0.3455287160769096,0.0
2017-09-13,2017,6.0,14.5,0.3580229386709831,22.586476797133827,18.200456400047564,18.410833333333333,0.2103910488888889,19.0,13.0,17.90739851471005,17.0,0.9073985147100494,0.0
2017-09-14,2017,10.0,17.71,0.2081977181450655,22.366694825015212,18.17465619789818,18.416944444444447,0.24237770055555555,21.0,11.0,19.196351963925892,18.0,1.196351963925892,0.0
2017-09-15,2017,10.0,12.53,0.43421768068785604,22.146326550524737,18.148829261925783,18.423055555555557,0.27439822444444445,22.0,12.0,20.213758726812834,19.0,1.2137587268128343,0.0
2017-09-16,2017,11.0,15.84,0.27755175923538034,21.92544615131926,18.1229796262774,18.429166666666667,0.3064418241666667,25.0,14.0,23.05433609521958,21.0,2.054336095219579,0.0
2017-09-17,2017,12.0,21.35,0.01631617553473519,21.70412836828537,18.09711128977951,18.435555555555556,0.33849770611111113,27.0,15.0,24.89845977401031,22.0,2.898459774010309,0.0
2017-09-18,2017,13.0,19.66,0.08483429918209884,21.482448459802942,18.07122822202643,18.441666666666666,0.3705550808333334,28.0,15.0,25.7461393530446,24.0,1.746139353044601,0.0
2017-09-19,2017,11.0,20.28,0.04611758789682241,21.260482154488447,18.045334369499844,18.447777777777777,0.40260316527777773,29.0,18.0,27.112229573558068,25.0,2.112229573558068,0.0
2017-09-20,2017,9.0,19.17,0.08880494645335979,21.038305602499378,18.01943366171265,18.453888888888887,0.43463118444444443,23.0,14.0,21.47131874541202,19.0,2.4713187454120202,0.0
2017-09-21,2017,12.0,20.41,0.019504007333674744,20.815995325486018,17.993530017370485,18.46,0.4666283725,24.0,12.0,21.982942007093307,20.0,1.9829420070933068,0.0
2017-09-22,2017,10.0,15.83,0.2313156344792342,20.593628165281523,17.967627350544504,18.46611111111111,0.49858397666666665,24.0,14.0,22.336800908667975,22.0,0.33680090866797485,0.0
2017-09-23,2017,13.0,18.75,0.07958661082758356,20.37128123142465,17.941729576848914,17.471944444444443,0.4695127436111111,28.0,15.0,25.86086245447766,25.0,0.8608624544776617,0.0
2017-09-24,2017,11.0,8.58,0.5741730885687255,20.14903184761434,17.915840619616947,17.478055555555553,0.4376725130555556,16.0,5.0,14.209464998047102,8.0,6.2094649980471015,0.0
2017-09-25,2017,9.0,18.95,0.04902692733375458,19.92695749719794,17.889964416068796,17.483888888888888,0.4059060397222222,13.0,4.0,11.55099225308278,12.0,-0.44900774691721956,0.0
2017-09-26,2017,12.0,19.34,0.018529979803321495,19.705135767799025,17.864104923465167,17.489722222222223,0.37422401194444443,15.0,3.0,13.089308981169392,14.0,-0.9106910188306081,0.0
2017-09-27,2017,11.0,18.56,0.04740613620321832,19.483644295192974,17.838266125239773,17.495555555555555,0.34263709861111113,18.0,7.0,16.268089132222798,16.0,0.26808913222279784,0.0
2017-09-28,2017,15.0,18.13,0.058795957806237475,19.262560706541926,17.8124520371042,18.00111111111111,0.18884405444444446,25.0,10.0,22.664982991030456,20.0,2.664982991030456,0.011759191561247453
2017-09-29,2017,8.0,7.93,0.5835513291384204,19.041962563102516,17.78666671311818,18.006666666666668,0.22020882638888886,15.0,7.0,13.768890406356267,8.0,5.768890406356267,0.0
2017-09-30,2017,5.0,7.69,0.5914339761067114,18.821927302522138,17.760914251718223,18.01222222222222,0.2514466202777778,10.0,5.0,9.23945240718295,7.0,2.2394524071829505,0.0
2018-05-01,2018,17.0,25.15,0.13001405298473323,28.9085129320585,18.983834117466134,19.38,0.3964156047222222,29.0,12.0,25.03991973395296,25.0,0.03991973395296,0.286030916566413
2018-05-02,2018,11.0,11.76,0.5954997727446001,29.07291320895793,19.005936936675834,19.38222222222222,0.37636398972222224,21.0,10.0,18.422433417159766,14.0,4.422433417159766,0.0
2018-05-03,2018,8.0,17.81,0.3907933683139132,29.234744130587814,19.027818064467443,19.384166666666665,0.3563746769444444,18.0,10.0,16.114515634989445,14.0,2.114515634989445,0.0
2018-05-04,2018,11.0,24.59,0.16343373422320617,29.393965554141666,19.04946936932894,19.385833333333334,0.33645452416666666,19.0,8.0,16.392676429236563,16.0,0.39267642923656254,0.0
2018-05-05,2018,14.0,20.75,0.29781313056771597,29.550538330026466,19.070882578827508,19.38722222222222,0.31661075111111114,24.0,10.0,20.663024044767702,19.0,1.6630240447677025,0.0
2018-05-06,2018,16.0,19.32,0.3495918381509049,29.704424288086567,19.09204928366328,19.38888888888889,0.2968509336111111,27.0,11.0,23.16538956699253,24.0,-0.8346104330074695,0.4195102057810856
2018-05-07,2018,8.0,5.28,0.8231486744062335,29.85558622347191,19.11296094235434,19.39,0.2771830011111111,11.0,3.0,9.072382650381062,9.0,0.07238265038106206,0.0
2018-05-08,2018,13.0,28.7,0.043460485565182894,30.00398788225465,19.1336088865708,19.391111111111112,0.25761523194444447,18.0,5.0,14.851113416727886,14.0,0.8511134167278858,0.0
2018-05-09,2018,16.0,26.79,0.11143081902909979,30.149593946897586,19.153984327134236,19.391944444444444,0.23815624722222223,24.0,8.0,20.104442450149328,21.0,-0.8955575498506718,0.13371698283491967
2018-05-10,2018,10.0,20.97,0.30774647262676225,30.292370021675225,19.17407836069709,19.392777777777777,0.21881500277777777,26.0,16.0,23.552973619627306,23.0,0.5529736196273056,0.0
2018-05-11,2018,15.0,25.96,0.14695850042741765,30.43228261814612,19.193881977114923,19.393333333333334,0.19960078388888888,30.0,15.0,26.31131281383994,25.0,1.3113128138399404,0.029391700085483426
2018-05-12,2018,11.0,26.42,0.13573419271618048,30.569299140772138,19.213386067521952,19.39388888888889,0.1805231938888889,32.0,21.0,29.281884287690033,27.0,2.2818842876900334,0.0
2018-05-13,2018,8.0,14.3,0.534253351478542,30.703387872776432,19.23258143311824,19.394166666666667,0.1615921461111111,24.0,16.0,22.013847660160515,18.0,4.013847660160515,0.0
2018-05-14,2018,5.0,9.45,0.69352528839447,30.83451796232797,19.25145879467404,19.394166666666667,0.1428178525,17.0,12.0,15.752925618272592,13.0,2.7529256182725916,0.0
2018-05-15,2018,8.0,12.77,0.5875677269429845,30.96265940913564,19.27000880275388,19.394166666666667,0.12421081277777778,18.0,10.0,15.995692128509386,16.0,-0.004307871490613735,0.0
2018-05-16,2018,10.0,23.21,0.25340446562149754,31.087783051530014,19.288222048659975,19.39388888888889,0.10578180083333333,22.0,12.0,19.483605813880544,19.0,0.48360581388054413,0.0
2018-05-17,2018,12.0,22.75,0.2710637088377551,31.2098605541048,19.306089076090895,19.39361111111111,0.08754185055555556,25.0,13.0,21.967393196338712,21.0,0.9673931963387119,0.0
2018-05-18,2018,8.0,13.31,0.5751521717555117,31.328864395984294,19.323600393507927,19.393055555555556,0.06950224277777778,25.0,17.0,22.969828138315794,22.0,0.9698281383157941,0.0
2018-05-19,2018,9.0,21.55,0.3146713597600933,31.44476785977628,19.340746487197485,19.392222222222223,0.051674489444444444,23.0,14.0,20.706784515502406,21.0,-0.29321548449759405,0.0
2018-05-20,2018,10.0,17.82,0.4353172913801432,31.557545021263238,19.357517835013972,19.391388888888887,0.03407031527777778,17.0,7.0,14.441924967720059,15.0,-0.558075032279941,0.0
2018-05-21,2018,14.0,31.88,0.0,31.667170739877196,19.373904920782916,19.390555555555554,0.016701642222222222,24.0,10.0,20.404962550281944,20.0,0.40496255028194383,0.0
2018-05-22,2018,15.0,30.95,0.02592152336268716,31.77362064999603,19.3898982493399,19.389444444444443,0.00041942944444444444,28.0,13.0,24.133840903717207,24.0,0.13384090371720703,0.005184304672537414
2018-05-23,2018,12.0,26.05,0.1827930704085543,31.87687115309146,19.405488362175912,19.388055555555557,0.017280639722222223,29.0,17.0,25.895915369120857,25.0,0.895915369120857,0.0
2018-05-24,2018,10.0,6.94,0.7829683262640936,31.97689941075096,19.420665853655056,19.386666666666667,0.03386959083333333,17.0,7.0,14.404227036434218,13.0,1.404227036434218,0.0
2018-05-25,2018,16.0,29.57,0.07806036220277646,32.07368333858728,19.435421387765565,19.384999999999998,0.050173765277777775,23.0,7.0,18.832732088199617,19.0,-0.16726791180038347,0.09367243464333169
2018-05-26,2018,15.0,30.18,0.061777260754245944,32.16720160104197,19.449745715360166,19.383333333333333,0.06618054888888888,27.0,12.0,23.08043786288209,24.0,-0.9195621371179108,0.012355452150849145
2018-05-27,2018,20.0,27.74,0.1400431808092999,32.25743360708034,19.463629691836744,19.381666666666668,0.08187725305555556,35.0,15.0,29.757468493414358,28.0,1.7574684934143576,0.7282245402083594
2018-05-28,2018,21.0,25.26,0.21902920987770558,32.34435950676781,19.477064295205487,19.379722222222224,0.09725113638888888,37.0,16.0,31.478656165848307,27.0,4.478656165848307,1.3579811012417744
2018-05-29,2018,7.0,20.95,0.35395258048656597,32.42796018870928,19.490040644483663,19.3775,0.11228942916666666,20.0,13.0,18.15418805365863,18.0,0.1541880536586291,0.0
2018-05-30,2018,11.0,21.46,0.3398592172475744,32.50821727832592,19.502550018354576,19.375555555555557,0.1269793561111111,25.0,14.0,22.0913245480597,23.0,-0.9086754519403009,0.0
2018-05-31,2018,8.0,9.21,0.717355592374474,32.58511313693593,19.514583874022723,19.373055555555556,0.14130816138888888,20.0,12.0,17.878931099664868,14.0,3.878931099664868,0.0
2018-06-01,2018,14.0,31.71,0.029046865608641004,32.658630861599086,19.526133866192886,19.370833333333334,0.1552631322222222,25.0,11.0,21.278621329245084,21.0,0.27862132924508387,0.0
2018-06-02,2018,17.0,26.27,0.19734189175982753,32.72875428567832,19.53719186609701,19.368333333333332,0.16883162416666667,31.0,14.0,26.470143830781193,27.0,-0.5298561692188066,0.4341521618716204
2018-06-03,2018,15.0,23.74,0.2761194926558057,32.79546798006537,19.54774998048912,19.365555555555556,0.18200108555555555,36.0,21.0,31.993779634757562,25.0,6.993779634757562,0.05522389853116095
2018-06-04,2018,8.0,14.47,0.5596303327085559,32.858757255012094,19.55780057052538,19.36277777777778,0.19475908305555556,23.0,15.0,20.858639092096734,22.0,-1.141360907903266,0.0
2018-06-05,2018,10.0,20.13,0.38849176427425847,32.9186081625043,19.56733627044394,19.360000000000003,0.20709332555555557,28.0,18.0,25.31771931088569,25.0,0.31771931088568905,0.0
2018-06-06,2018,12.0,30.69,0.06929513205333526,32.97500749911059,19.576350005956854,19.357222222222223,0.21899168972222222,30.0,18.0,26.774941063012715,28.0,-1.2250589369872849,0.0
2018-06-07,2018,12.0,25.91,0.2155127508348823,33.02794280923552,19.58483501226523,19.354166666666668,0.23044224472222222,33.0,21.0,29.768995887224047,29.0,0.7689958872240474,0.0
2018-06-08,2018,8.0,17.04,0.48484467432607636,33.077402388703554,19.592784851607632,19.351111111111113,0.241433275,31.0,23.0,28.84228736367996,27.0,1.8422873636799615,0.0
2018-06-09,2018,12.0,23.78,0.28207799498666253,33.12337528859868,19.600193430251807,19.348055555555554,0.25195330499999996,33.0,21.0,29.75824975041201,30.0,-0.24175024958799085,0.0
2018-06-10,2018,12.0,28.74,0.13344603389420973,33.16585131928341,19.607055014840363,19.345,0.26199112305555555,34.0,22.0,30.753455019510646,30.0,0.7534550195106462,0.0
2018-06-11,2018,7.0,14.69,0.557594363304063,33.204821054520956,19.61336424800236,19.341666666666665,0.2715358033333333,31.0,24.0,29.103612306502264,29.0,0.10361230650226361,0.0
2018-06-12,2018,6.0,18.99,0.42870510178957555,33.24027583562532,19.61911616314477,19.33833333333333,0.28057672694444447,30.0,24.0,28.372518151621158,27.0,1.3725181516211578,0.0
2018-06-13,2018,6.0,11.89,0.642644693727481,33.272207775565235,19.62430619834084,19.334999999999997,0.289103605,27.0,21.0,25.37070865773309,25.0,0.3707086577330898,0.0
2018-06-14,2018,15.0,30.44,0.08590262410550964,33.30060976295105,19.628930209235804,19.331666666666667,0.29710649666666666,34.0,19.0,29.922743593386357,30.0,-0.07725640661364253,0.017180524821101866
2018-06-15,2018,10.0,24.5,0.26482669316703367,33.325475465836625,19.632984480895,19.328333333333333,0.3045758302777778,30.0,20.0,27.279475769925774,28.0,-0.7205242300742256,0.0
2018-06-16,2018,6.0,16.9,0.4932047351805663,33.34679933527261,19.63646573852433,19.32472222222222,0.31150242055555555,26.0,20.0,24.36647358713512,25.0,-0.6335264128648816,0.0
2018-06-17,2018,12.0,24.6,0.2626910783668036,33.36457660855248,19.639371156999037,19.32138888888889,0.31787748555555556,32.0,20.0,28.73092510086362,28.0,0.7309251008636188,0.0
2018-06-18,2018,4.0,7.96,0.7615253031820102,33.37880331209849,19.64169836914314,19.317777777777778,0.32369266361111115,23.0,19.0,21.909768646280938,22.0,-0.09023135371906221,0.0
2018-06-19,2018,13.0,24.05,0.279713170404739,33.38947626394061,19.643445472708866,19.314444444444444,0.32894002694444446,32.0,19.0,28.455431570250568,29.0,-0.5445684297494324,0.0
2018-06-20,2018,12.0,29.06,0.12985136136230224,33.39659307574882,19.644611036013124,19.310833333333335,0.333612095,35.0,23.0,31.727280071338708,31.0,0.7272800713387078,0.0
2018-06-21,2018,9.0,10.21,0.6943127698099673,33.40015215438629,19.645194102196037,19.307222222222222,0.33770184722222224,27.0,18.0,24.54515595810631,24.0,0.5451559581063101,0.0
2018-06-22,2018,8.0,19.09,0.4284457268870835,33.40015270295875,19.645194192074904,19.30388888888889,0.34120273305555554,29.0,21.0,26.81791636553958,27.0,-0.18208363446041886,0.0
2018-06-23,2018,10.0,27.77,0.1684780968925399,33.39659472134338,19.64461130557584,19.30027777777778,0.34410868166666664,32.0,22.0,29.272733236566715,31.0,-1.7272667634332848,0.0
2018-06-24,2018,12.0,26.09,0.21861613967788662,33.38947900618884,19.64344592173397,19.296944444444446,0.3464141088888889,35.0,23.0,31.72809036792844,32.0,-0.2719096320715586,0.0
2018-06-25,2018,6.0,12.13,0.6365957613359619,33.37880715038662,19.641698997262278,19.293333333333337,0.34811392444444444,29.0,23.0,27.364652750943872,24.0,3.364652750943872,0.0
2018-06-26,2018,9.0,22.98,0.3112456701710069,33.364581542021774,19.639371963698046,19.290000000000003,0.34920353555555556,30.0,21.0,27.5481934046433,28.0,-0.4518065953567003,0.0
2018-06-27,2018,11.0,27.38,0.17893184363239323,33.34680536281995,19.63646672314477,19.28666666666667,0.3496788522222222,33.0,22.0,30.005200948149465,31.0,-0.994799051850535,0.0
2018-06-28,2018,9.0,19.38,0.41846303500869597,33.32548258611522,19.632985642636104,19.283333333333335,0.3495362875,34.0,25.0,31.551527586181205,31.0,0.551527586181205,0.0
2018-06-29,2018,9.0,22.25,0.33184423132555596,33.30061797437121,19.628931547156824,19.279999999999998,0.34877276,34.0,25.0,31.553645456931296,32.0,-0.44635454306870415,0.0
2018-06-30,2018,7.0,17.04,0.48786099943607075,33.27221707629535,19.62430771136379,19.276666666666667,0.3473856908333333,32.0,25.0,30.09915948544585,31.0,-0.9008405145541509,0.0
2018-07-01,2018,7.0,20.95,0.369740685772726,33.24028622359295,19.619117850057584,19.27361111111111,0.3453730033333334,31.0,24.0,29.101270490520648,30.0,-0.8987295094793524,0.0
2018-07-02,2018,10.0,22.6,0.3193761787131002,33.204832527413906,19.613366107462333,19.270555555555553,0.34273312027777775,34.0,24.0,31.29087364201985,30.0,1.29087364201985,0.0
2018-07-04,2018,9.0,18.14,0.4523507228707492,33.12338892345287,19.600195630274914,19.264444444444443,0.3355679177777778,29.0,20.0,26.56868615934741,27.0,-0.4313138406525887,0.0
2018-07-05,2018,8.0,22.23,0.3279402701633828,33.07741710012037,19.59278721940581,19.261666666666667,0.33104188944444446,29.0,21.0,26.842286259231486,27.0,-0.1577137407685143,0.0
2018-07-06,2018,10.0,30.2,0.08562317243772155,33.02795859395624,19.584837546014512,19.25888888888889,0.32588723138888886,31.0,21.0,28.307495093990134,29.0,-0.6925049060098658,0.0
2018-07-07,2018,12.0,29.95,0.09173683455699588,32.975024353643065,19.57635270372465,19.25611111111111,0.32010476861111115,35.0,23.0,31.774939171833363,32.0,-0.22506082816663664,0.0
2018-07-08,2018,13.0,25.82,0.21564162687710875,32.91862608312411,19.567339130194185,19.253611111111113,0.31369578305555557,36.0,23.0,32.51303293006758,32.0,0.5130329300675811,0.0
2018-07-09,2018,6.0,18.78,0.42846319460867066,32.85877623776372,19.557803590123868,19.25111111111111,0.30666200055555554,34.0,28.0,32.393978258380784,32.0,0.39397825838078404,0.0
2018-07-10,2018,10.0,28.07,0.14408957774226427,32.795488020763266,19.547753157708968,19.248611111111114,0.29900558222222223,36.0,26.0,33.32918456088948,33.0,0.32918456088948034,0.0
2018-07-11,2018,9.0,23.42,0.2844217442251896,32.72877537990783,19.537195198624303,19.24638888888889,0.2907291116666667,37.0,28.0,34.601839091442685,33.0,1.6018390914426845,0.0
2018-07-12,2018,9.0,19.98,0.3882172667343613,32.65865300471728,19.526137351632375,19.24416666666667,0.2818355838888889,35.0,26.0,32.60768329694593,31.0,1.607683296945929,0.0
2018-07-13,2018,11.0,18.18,0.44207690834272995,32.585136324072245,19.514587509903635,19.242222222222225,0.2723283908333333,31.0,20.0,28.083527908737697,28.0,0.08352790873769678,0.0
2018-07-14,2018,12.0,25.94,0.2020485021774283,32.50824150438262,19.502553802136447,19.240277777777777,0.2622113102777778,33.0,21.0,29.826896831570004,30.0,-0.1731031684299964,0.0
2018-07-15,2018,10.0,18.0,0.444923890549317,32.427985448361746,19.4900445735622,19.238333333333333,0.25148849194444445,33.0,23.0,30.363123472464697,28.0,2.3631234724646966,0.0
2018-07-16,2018,11.0,23.41,0.27622678789571087,32.34438579446462,19.477068366918438,19.236666666666668,0.24016444388888888,34.0,23.0,31.107864868565194,27.0,4.107864868565194,0.0
2018-07-17,2018,9.0,21.56,0.33162749369995015,32.2574609170431,19.46363390346974,19.235277777777778,0.22824401833333333,32.0,23.0,29.640858578508123,28.0,1.640858578508123,0.0
2018-07-18,2018,7.0,14.55,0.5476763142832061,32.16722992726486,19.449750064152493,19.233888888888888,0.21573239944444442,28.0,21.0,26.170869197995728,25.0,1.170869197995728,0.0
2018-07-19,2018,7.0,25.41,0.2077624359360345,32.07371267483649,19.435425870915893,19.232777777777777,0.20263508777777778,28.0,21.0,26.17681842507706,26.0,0.1768184250770588,0.0
2018-07-20,2018,9.0,29.62,0.07370719355951061,31.97692975056367,19.420670468327046,19.231666666666666,0.1889578886111111,30.0,21.0,27.663801862373788,27.0,0.6638018623737878,0.0
2018-07-21,2018,14.0,25.81,0.1903228361576481,31.876902489774718,19.405493105503744,19.230555555555554,0.17470689611111112,35.0,21.0,31.378563973749834,31.0,0.3785639737498343,0.0
2018-07-22,2018,11.0,24.99,0.2134993096832689,31.77365297662523,19.389903118433654,19.229999999999997,0.15988848194444444,35.0,24.0,32.16481346560794,32.0,0.16481346560794208,0.0
2018-07-23,2018,13.0,26.49,0.16348787980256763,31.66720404929443,19.373909912733815,19.229166666666664,0.1445092813888889,39.0,26.0,35.66174705871674,35.0,0.6617470587167418,0.0
2018-07-24,2018,5.0,16.05,0.4914058570737647,31.557579306075173,19.35752294689947,19.228888888888886,0.12857618,32.0,27.0,30.720960952515085,29.0,1.7209609525150853,0.0
2018-07-25,2018,7.0,14.95,0.5245637269031764,31.44480311235193,19.340751716086167,19.22861111111111,0.11209630166666668,27.0,20.0,25.216385759364467,23.0,2.216385759364467,0.0
2018-07-26,2018,10.0,16.17,0.4838631523623471,31.328900608452468,19.32360573646426,19.22833333333333,0.09507699555555554,26.0,16.0,23.46228195941437,24.0,-0.5377180405856308,0.0
2018-07-27,2018,9.0,16.45,0.4729236171021646,31.20989771835128,19.30609453017975,19.22833333333333,0.07752582499999999,28.0,19.0,25.725541939114095,26.0,-0.2744580608859053,0.0
2018-07-28,2018,11.0,24.7,0.2054766439398803,31.08782115919448,19.288227610950976,19.22861111111111,0.059450555555555555,32.0,21.0,29.231962700600498,29.0,0.23196270060049784,0.0
2018-07-29,2018,9.0,21.14,0.3172429711499559,30.962698451608382,19.270014470325542,19.228888888888886,0.040859143611111114,32.0,23.0,29.745150558131684,30.0,-0.25484944186831626,0.0
2018-07-30,2018,8.0,18.46,0.4013210748323145,30.83455793074642,19.251464564617677,19.229444444444443,0.021759726666666666,32.0,24.0,30.00467819036253,29.0,1.0046781903625295,0.0
2018-07-31,2018,5.0,15.95,0.4805140453301002,30.703428758021392,19.23258730254168,19.230277777777776,0.002160611111111111,28.0,23.0,26.758653004386126,26.0,0.7586530043861259,0.0
2018-08-01,2018,10.0,22.93,0.24990204892187218,30.56934093346388,19.21339203355301,19.231111111111108,0.01792973527777778,33.0,23.0,30.528982083190893,30.0,0.5289820831908933,0.0
2018-08-02,2018,10.0,19.43,0.36153416464421717,30.432325308640362,19.19388803690468,19.23222222222222,0.038502694444444444,34.0,24.0,31.54087151124295,31.0,0.5408715112429512,0.0
2018-08-03,2018,11.0,19.7,0.3496721568610268,30.292413600058897,19.174084511422926,19.233611111111113,0.05954950611111111,34.0,23.0,31.308266843707038,27.0,4.308266843707038,0.0
2018-08-04,2018,11.0,27.41,0.09086803517727571,30.149638402984543,19.153990566002633,19.235,0.08106127611111112,33.0,22.0,30.321799977987645,30.0,0.32179997798764504,0.0
2018-08-05,2018,8.0,21.11,0.2964279216944339,30.004033205581226,19.133615210819983,19.23638888888889,0.10302898611111112,32.0,24.0,30.06222053298221,29.0,1.0622205329822094,0.0
2018-08-06,2018,13.0,27.5,0.07890077059740153,29.85563240329253,19.112967349256607,19.238333333333333,0.1254434986111111,36.0,23.0,32.867616678656404,32.0,0.8676166786564039,0.0
2018-08-07,2018,12.0,24.96,0.15972246276720747,29.704471313369194,19.092055770527203,19.240277777777777,0.14829556583333334,38.0,26.0,35.12403737149485,34.0,1.1240373714948504,0.0
2018-08-08,2018,6.0,14.23,0.5184528689626726,29.550586189448097,19.070889142999874,19.242222222222225,0.17157583638888887,33.0,27.0,31.56986501166852,30.0,1.5698650116685187,0.0
2018-08-09,2018,9.0,22.09,0.24848644956827926,29.394014236083958,19.049476008196507,19.244722222222222,0.19527486055555557,34.0,25.0,31.866731556008773,31.0,0.8667315560087729,0.0
2018-08-10,2018,9.0,24.38,0.1660621821284598,29.234793623132575,19.027824775458466,19.246944444444445,0.21938309777777776,35.0,26.0,32.87882633611394,32.0,0.8788263361139386,0.0
2018-08-11,2018,11.0,24.36,0.16210812151646936,29.072963499882892,19.005943717261424,19.249722222222225,0.24389092055555553,37.0,26.0,34.4224287714131,33.0,1.4224287714131023,0.0
2018-08-12,2018,13.0,17.56,0.39256754522173753,28.908564008833068,18.983840965161413,19.2525,0.2687886208333333,32.0,19.0,28.97169776812271,20.0,8.97169776812271,0.0
2018-08-13,2018,7.0,10.18,0.645810005592752,28.741636299005744,18.9615245063533,19.255555555555556,0.2940664147222222,23.0,16.0,21.379140351052108,17.0,4.379140351052108,0.0
2018-08-14,2018,9.0,26.65,0.06727591933365662,28.57222253869664,18.939002180821667,19.25861111111111,0.3197144461111111,26.0,17.0,23.92873800231403,23.0,0.9287380023140308,0.0
2018-08-15,2018,12.0,26.11,0.0806456484889726,28.400365927551512,18.916281679063353,19.261944444444445,0.34572279194444444,31.0,19.0,28.255440907241525,27.0,1.2554409072415247,0.0
2018-08-16,2018,14.0,26.14,0.07390712554973355,28.226110707867004,18.893370540360294,19.26527777777778,0.3720814663888889,35.0,21.0,31.818207643228092,31.0,0.8182076432280923,0.0
2018-08-17,2018,11.0,24.46,0.12797026316601967,28.049502175012147,18.87027615158083,19.26888888888889,0.3987804225,34.0,23.0,31.51605162263955,29.0,2.5160516226395515,0.0
2018-08-18,2018,13.0,25.0,0.10299699533134843,27.870586686869434,18.84700574648732,19.272777777777776,0.42580955833333334,36.0,23.0,33.08356096995367,32.0,1.0835609699536732,0.0
2018-08-19,2018,5.0,15.04,0.4568320852009259,27.689411672196282,18.82356640552789,19.276666666666667,0.4531587177777778,29.0,24.0,27.885724048449834,28.0,-0.1142759515501659,0.0
2018-08-20,2018,10.0,24.38,0.11364875751128811,27.506025637810836,18.799965056089885,19.280555555555555,0.48081769527777773,34.0,24.0,31.786449538283343,31.0,0.7864495382833425,0.0
2018-08-21,2018,14.0,24.83,0.09115792771272058,27.320478174508835,18.77620847319291,18.284722222222225,0.49122376166666665,35.0,21.0,31.922220334745806,30.0,1.9222203347458056,0.0
2018-08-22,2018,4.0,10.79,0.6023266282214028,27.132819961622374,18.75230328059946,18.289166666666667,0.46297595166666666,25.0,21.0,24.126741462614653,24.0,0.12674146261465324,0.0
2018-08-23,2018,9.0,19.78,0.26586035139482134,26.943102770134832,18.728255952321405,18.29361111111111,0.43444921416666665,26.0,17.0,24.049024107078573,25.0,-0.9509758929214271,0.0
2018-08-24,2018,10.0,25.05,0.06359969086990425,26.75137946427115,18.70407281450104,18.298333333333336,0.4056539294444444,30.0,20.0,27.84776841238512,28.0,-0.15223158761488165,0.0
2018-08-25,2018,5.0,14.73,0.4453586801338201,26.557704001486858,18.679760047645765,18.303055555555556,0.37660051527777777,28.0,23.0,26.931704159414284,26.0,0.9317041594142843,0.0
2018-08-26,2018,12.0,23.73,0.09984516759183582,26.3621314307847,18.655323689196173,18.30777777777778,0.34729942472222225,32.0,20.0,29.45499826198197,30.0,-0.5450017380180299,0.0
2018-08-27,2018,5.0,13.22,0.49473944049631635,26.164717889292564,18.630769636407578,18.31277777777778,0.31776114499999997,26.0,21.0,24.947517821430125,23.0,1.9475178214301252,0.0
2018-08-28,2018,11.0,22.19,0.14540515692462364,25.965520597042516,18.606103649525917,18.318055555555556,0.28799619472222227,31.0,20.0,28.702117780031394,27.0,1.7021177800313936,0.0
2018-08-29,2018,8.0,18.85,0.2683759277043739,25.764597849895942,18.581331355239435,18.323055555555555,0.2580151230555555,28.0,20.0,26.341682711444257,26.0,0.3416827114442569,0.0
2018-08-30,2018,8.0,22.03,0.13817415560359192,25.562009010566424,18.55645825038826,18.328611111111112,0.22782850583333333,25.0,17.0,23.35463517097462,24.0,-0.6453648290253788,0.0
2018-08-31,2018,7.0,9.05,0.6431080446297249,25.357814497697586,18.53148970591467,18.333888888888886,0.1974469472222222,21.0,14.0,19.571709194838654,19.0,0.5717091948386539,0.0
2018-09-01,2018,11.0,24.74,0.016383370369892458,25.15207577296,18.50643097103756,18.339444444444442,0.16688107416666667,26.0,15.0,23.773569088228644,23.0,0.7735690882286441,0.0
2018-09-02,2018,12.0,20.36,0.1837996358845675,24.944855326137237,18.48128717763528,18.345,0.1361415375,26.0,14.0,23.59094324394518,24.0,-0.40905675605482017,0.0
2018-09-03,2018,4.0,13.77,0.4433263505780539,24.736216658178208,18.456063344821757,18.350555555555555,0.10523900972222222,17.0,13.0,16.20360949649897,16.0,0.2036094964989701,0.0
2018-09-04,2018,10.0,22.76,0.072013704323875,24.526224262199054,18.430764383701472,18.35638888888889,0.07418418194444446,22.0,12.0,20.02568179801525,20.0,0.025681798015249058,0.0
2018-09-05,2018,12.0,23.34,0.04009647804931693,24.314943602425014,18.405395102289596,18.362222222222222,0.04298776416666667,24.0,12.0,21.650908415739863,21.0,0.6509084157398632,0.0
2018-09-06,2018,12.0,22.48,0.06731438881808582,24.102441091069245,18.379960210584176,18.368055555555557,0.011660481944444445,27.0,15.0,24.671095452330974,25.0,-0.3289045476690262,0.0
2018-09-07,2018,11.0,21.22,0.11171703239883468,23.888784063151906,18.354464325778014,18.374166666666667,0.01978692361111111,29.0,18.0,26.883760850504345,26.0,0.8837608505043448,0.0
2018-09-08,2018,11.0,21.21,0.10408196789753221,23.674040749270436,18.328911977598437,18.38,0.051343699444444446,31.0,20.0,28.90243263996237,27.0,1.9024326399623703,0.0
2018-09-09,2018,7.0,13.35,0.43090457357442735,23.458280246337452,18.303307613763792,18.38611111111111,0.08299907972222223,24.0,17.0,22.67711629117852,17.0,5.677116291178521,0.0
2018-09-10,2018,9.0,21.12,0.09128351739367191,23.241572486310403,18.277655605546048,18.392222222222223,0.11474229083333333,24.0,15.0,22.314551762270302,22.0,0.3145517622703018,0.0
2018-09-11,2018,13.0,19.45,0.1552288930762148,23.023988202942608,18.251960253429495,18.398333333333333,0.14656254916666667,26.0,13.0,23.587795741656848,22.0,1.5877957416568478,0.0
2018-09-12,2018,10.0,9.55,0.5812431831629334,22.805598896592517,18.22622579285597,18.404444444444444,0.1784490663888889,18.0,8.0,16.16169857341879,11.0,5.161698573418789,0.0
2018-09-13,2018,7.0,19.5,0.13665153821270137,22.586476797133827,18.200456400047564,18.410833333333333,0.2103910488888889,15.0,8.0,13.725298267161723,13.0,0.7252982671617225,0.0
2018-09-14,2018,11.0,22.68,0.0,22.366694825015212,18.17465619789818,18.416944444444447,0.24237770055555555,19.0,8.0,17.01598716031848,15.0,2.015987160318481,0.0
2018-09-15,2018,11.0,22.14,0.000285670425309692,22.146326550524737,18.148829261925783,18.423055555555557,0.27439822444444445,22.0,11.0,20.03513459949412,19.0,1.0351345994941212,0.0
2018-09-16,2018,12.0,21.47,0.020772491842400043,21.92544615131926,18.1229796262774,18.429166666666667,0.3064418241666667,24.0,12.0,21.87745755842136,21.0,0.8774575584213586,0.0
2018-09-18,2018,9.0,18.86,0.12207400216553332,21.482448459802942,18.07122822202643,18.441666666666666,0.3705550808333334,21.0,12.0,19.439634936723188,17.0,2.4396349367231878,0.0
2018-09-19,2018,12.0,21.2,0.0028448157501300697,21.260482154488447,18.045334369499844,18.447777777777777,0.40260316527777773,22.0,10.0,19.94061408024517,17.0,2.940614080245169,0.0
2018-09-21,2018,12.0,19.4,0.06802438717654535,20.815995325486018,17.993530017370485,18.46,0.4666283725,25.0,13.0,22.982942007093307,22.0,0.9829420070933068,0.0
2018-09-22,2018,11.0,18.27,0.1128323842031338,20.593628165281523,17.967627350544504,18.46611111111111,0.49858397666666665,25.0,14.0,23.170480999534774,22.0,1.1704809995347745,0.0
2018-09-23,2018,10.0,18.1,0.11149427498556053,20.37128123142465,17.941729576848914,17.471944444444443,0.4695127436111111,25.0,15.0,23.354509580367434,21.0,2.3545095803674343,0.0
2018-09-24,2018,12.0,12.71,0.36920046103828685,20.14903184761434,17.915840619616947,17.478055555555553,0.4376725130555556,23.0,11.0,21.046689088778656,18.0,3.046689088778656,0.0
2018-09-25,2018,5.0,3.29,0.8348970232679711,19.92695749719794,17.889964416068796,17.483888888888888,0.4059060397222222,16.0,11.0,15.1949956961571,14.0,1.1949956961571004,0.0
2018-09-26,2018,6.0,17.59,0.10733931461946356,19.705135767799025,17.864104923465167,17.489722222222223,0.37422401194444443,17.0,11.0,16.044654490584698,16.0,0.044654490584697726,0.0
2018-09-27,2018,10.0,19.61,0.0,19.483644295192974,17.838266125239773,17.495555555555555,0.34263709861111113,19.0,9.0,17.425535574748,18.0,-0.5744644252519997,0.0
2018-09-28,2018,9.0,18.08,0.061391666692596436,19.262560706541926,17.8124520371042,18.00111111111111,0.18884405444444446,20.0,11.0,18.598989794618277,18.0,0.5989897946182765,0.0
2018-09-29,2018,12.0,14.77,0.2243446571720643,19.041962563102516,17.78666671311818,18.006666666666668,0.22020882638888886,26.0,14.0,24.153335609534402,22.0,2.153335609534402,0.0
2018-09-30,2018,10.0,18.23,0.0314488146196813,18.821927302522138,17.760914251718223,18.01222222222222,0.2514466202777778,26.0,16.0,24.4789048143659,22.0,2.478904814365901,0.0
2019-05-01,2019,5.0,7.11,0.7540516865495608,28.9085129320585,18.983834117466134,19.38,0.3964156047222222,20.0,15.0,18.835270509986163,16.0,2.835270509986163,0.0
2019-05-02,2019,10.0,23.62,0.18755991770641622,29.07291320895793,19.005936936675834,19.38222222222222,0.37636398972222224,24.0,14.0,21.656757651963424,22.0,-0.3432423480365756,0.0
2019-05-03,2019,12.0,23.89,0.1828216490184944,29.234744130587814,19.027818064467443,19.384166666666665,0.3563746769444444,24.0,12.0,21.171773452484167,22.0,-0.8282265475158326,0.0
2019-05-04,2019,3.0,6.05,0.7941754409129889,29.393965554141666,19.04946936932894,19.385833333333334,0.33645452416666666,12.0,9.0,11.288911753428152,10.0,1.2889117534281525,0.0
2019-05-05,2019,6.0,14.34,0.514729652642942,29.550538330026466,19.070882578827508,19.38722222222222,0.31661075111111114,15.0,9.0,13.569867447757586,14.0,-0.430132552242414,0.0
2019-05-06,2019,7.0,17.01,0.4273580314154706,29.704424288086567,19.09204928366328,19.38888888888889,0.2968509336111111,19.0,12.0,17.322357935559232,16.0,1.322357935559232,0.0
2019-05-07,2019,10.0,13.98,0.5317459220074137,29.85558622347191,19.11296094235434,19.39,0.2771830011111111,20.0,10.0,17.590478312976327,18.0,-0.4095216870236733,0.0
2019-05-08,2019,9.0,18.62,0.37941582722033806,30.00398788225465,19.1336088865708,19.391111111111112,0.25761523194444447,23.0,14.0,20.820001596196228,20.0,0.8200015961962279,0.0
2019-05-09,2019,10.0,24.96,0.17212815389945235,30.149593946897586,19.153984327134236,19.391944444444444,0.23815624722222223,25.0,15.0,22.56527653134333,22.0,0.5652765313433292,0.0
2019-05-10,2019,11.0,27.48,0.09284087113893291,30.292370021675225,19.17407836069709,19.392777777777777,0.21881500277777777,28.0,17.0,25.308270981590038,25.0,0.30827098159003796,0.0
2019-05-11,2019,12.0,29.72,0.023405494325995924,30.43228261814612,19.193881977114923,19.393333333333334,0.19960078388888888,23.0,11.0,20.049050251071954,19.0,1.0490502510719537,0.0
2019-05-12,2019,13.0,23.23,0.24008725574552892,30.569299140772138,19.213386067521952,19.39388888888889,0.1805231938888889,24.0,11.0,20.787681430906403,22.0,-1.212318569093597,0.0
2019-05-13,2019,11.0,14.26,0.5355561393065741,30.703387872776432,19.23258143311824,19.394166666666667,0.1615921461111111,24.0,13.0,21.269040532720705,18.0,3.2690405327207053,0.0
2019-05-14,2019,8.0,13.89,0.5495308207194907,30.83451796232797,19.25145879467404,19.394166666666667,0.1428178525,18.0,10.0,16.004680989236146,17.0,-0.9953190107638541,0.0
2019-05-15,2019,14.0,28.9,0.06661764359062283,30.96265940913564,19.27000880275388,19.394166666666667,0.12421081277777778,26.0,12.0,22.492461224891425,18.0,4.492461224891425,0.0
2019-05-16,2019,5.0,14.58,0.5310054764653784,31.087783051530014,19.288222048659975,19.39388888888889,0.10578180083333333,10.0,5.0,8.741802906940272,9.0,-0.25819709305972793,0.0
2019-05-17,2019,8.0,15.97,0.48830274418193176,31.2098605541048,19.306089076090895,19.39361111111111,0.08754185055555556,14.0,6.0,11.978262130892475,12.0,-0.021737869107525398,0.0
2019-05-18,2019,15.0,31.37,0.0,31.328864395984294,19.323600393507927,19.393055555555556,0.06950224277777778,20.0,5.0,16.193427759342114,17.0,-0.8065722406578857,0.0
2019-05-19,2019,13.0,26.36,0.16170473518682416,31.44476785977628,19.340746487197485,19.392222222222223,0.051674489444444444,23.0,10.0,19.687577633503473,21.0,-1.312422366496527,0.0
2019-05-20,2019,15.0,26.92,0.146955189896378,31.557545021263238,19.357517835013972,19.391388888888887,0.03407031527777778,28.0,13.0,24.162887451580087,24.0,0.16288745158008666,0.0293910379792755
2019-05-21,2019,16.0,24.38,0.23011751822529436,31.667170739877196,19.373904920782916,19.390555555555554,0.016701642222222222,34.0,18.0,29.891385771750794,30.0,-0.10861422824920552,0.27614102187035305
2019-05-22,2019,12.0,21.06,0.33718601880511123,31.77362064999603,19.3898982493399,19.389444444444443,0.00041942944444444444,30.0,18.0,26.907072722973766,28.0,-1.0929272770262344,0.0
2019-05-23,2019,8.0,10.83,0.660255238100754,31.87687115309146,19.405488362175912,19.388055555555557,0.017280639722222223,18.0,10.0,15.930610246080569,13.0,2.930610246080569,0.0
2019-05-24,2019,10.0,21.54,0.3263887244565672,31.97689941075096,19.420665853655056,19.386666666666667,0.03386959083333333,20.0,10.0,17.404227036434218,18.0,-0.595772963565782,0.0
2019-05-25,2019,16.0,31.24,0.025992753304522775,32.07368333858728,19.435421387765565,19.384999999999998,0.050173765277777775,26.0,10.0,21.832732088199617,23.0,-1.1672679118003835,0.03119130396542731
2019-05-26,2019,8.0,21.19,0.34125447830955835,32.16720160104197,19.449745715360166,19.383333333333333,0.06618054888888888,24.0,16.0,21.909566860203782,23.0,-1.0904331397962181,0.0
2019-05-27,2019,7.0,15.07,0.5328208628261049,32.25743360708034,19.463629691836744,19.381666666666668,0.08187725305555556,23.0,16.0,21.165113972695025,18.0,3.165113972695025,0.0
2019-05-28,2019,9.0,13.79,0.5736505464850974,32.34435950676781,19.477064295205487,19.379722222222224,0.09725113638888888,20.0,11.0,17.63370978536356,17.0,0.6337097853635605,0.0
2019-05-29,2019,11.0,28.14,0.1322303396129817,32.42796018870928,19.490040644483663,19.3775,0.11228942916666666,23.0,12.0,20.09943837003499,21.0,-0.9005616299650114,0.0
2019-05-30,2019,14.0,31.42,0.0334751447306052,32.50821727832592,19.502550018354576,19.375555555555557,0.1269793561111111,29.0,15.0,25.298049424803253,27.0,-1.7019505751967472,0.0
2019-05-31,2019,12.0,27.24,0.16403543282092004,32.58511313693593,19.514583874022723,19.373055555555556,0.14130816138888888,31.0,19.0,27.818396649497302,28.0,-0.18160335050269794,0.0
2019-06-01,2019,11.0,27.86,0.14693300775328733,32.658630861599086,19.526133866192886,19.370833333333334,0.1552631322222222,30.0,19.0,27.076059615835423,28.0,-0.9239403841645775,0.0
2019-06-02,2019,9.0,21.45,0.3446130025979558,32.72875428567832,19.53719186609701,19.368333333333332,0.16883162416666667,30.0,21.0,27.601840851590044,27.0,0.601840851590044,0.0
2019-06-03,2019,6.0,14.4,0.5609149407853244,32.79546798006537,19.54774998048912,19.365555555555556,0.18200108555555555,28.0,22.0,26.397511853903026,27.0,-0.6024881460969738,0.0
2019-06-04,2019,12.0,23.06,0.29820839476567385,32.858757255012094,19.55780057052538,19.36277777777778,0.19475908305555556,31.0,19.0,27.787958638145103,28.0,-0.2120413618548973,0.0
2019-06-05,2019,8.0,22.29,0.32287538130517734,32.9186081625043,19.56733627044394,19.360000000000003,0.20709332555555557,30.0,22.0,27.854175448708553,28.0,-0.14582455129144734,0.0
2019-06-06,2019,12.0,28.02,0.1502655457847656,32.97500749911059,19.576350005956854,19.357222222222223,0.21899168972222222,33.0,21.0,29.774941063012715,30.0,-0.22505893698728485,0.0
2019-06-07,2019,5.0,12.84,0.6112382755970625,33.02794280923552,19.58483501226523,19.354166666666668,0.23044224472222222,24.0,19.0,22.65374828634335,22.0,0.653748286343351,0.0
2019-06-08,2019,16.0,29.5,0.10815245848704524,33.077402388703554,19.592784851607632,19.351111111111113,0.241433275,33.0,17.0,28.684574727359923,29.0,-0.315425272640077,0.1297829501844542
2019-06-09,2019,10.0,13.39,0.5957537574798744,33.12337528859868,19.600193430251807,19.348055555555554,0.25195330499999996,25.0,15.0,22.298541458676674,19.0,3.2985414586766737,0.0
2019-06-10,2019,13.0,27.68,0.16540661858704675,33.16585131928341,19.607055014840363,19.345,0.26199112305555555,27.0,14.0,23.482909604469867,24.0,-0.5170903955301327,0.0
2019-06-11,2019,4.0,12.25,0.6310776685142798,33.204821054520956,19.61336424800236,19.341666666666665,0.2715358033333333,22.0,18.0,20.916349889429863,20.0,0.9163498894298634,0.0
2019-06-12,2019,8.0,10.13,0.6952492196486781,33.24027583562532,19.61911616314477,19.33833333333333,0.28057672694444447,22.0,14.0,19.830024202161542,17.0,2.8300242021615425,0.0
2019-06-13,2019,11.0,19.69,0.40821480399445764,33.272207775565235,19.62430619834084,19.334999999999997,0.289103605,25.0,14.0,22.012965872510662,23.0,-0.9870341274893377,0.0
2019-06-14,2019,12.0,25.23,0.24235621570900157,33.30060976295105,19.628930209235804,19.331666666666667,0.29710649666666666,28.0,16.0,24.738194874709087,26.0,-1.2618051252909126,0.0
2019-06-15,2019,12.0,27.27,0.18170709888428604,33.325475465836625,19.632984480895,19.328333333333333,0.3045758302777778,31.0,19.0,27.735370923910928,29.0,-1.2646290760890722,0.0
2019-06-16,2019,16.0,23.44,0.29708396406109294,33.34679933527261,19.63646573852433,19.32472222222222,0.31150242055555555,32.0,16.0,27.643929565693654,20.0,7.643929565693654,0.35650075687331134
2019-06-17,2019,12.0,29.0,0.13081468587956524,33.36457660855248,19.639371156999037,19.32138888888889,0.31787748555555556,27.0,15.0,23.73092510086362,26.0,-2.269074899136381,0.0
2019-06-18,2019,14.0,25.36,0.24023639305223365,33.37880331209849,19.64169836914314,19.317777777777778,0.32369266361111115,32.0,18.0,28.18419026198329,29.0,-0.8158097380167106,0.0
2019-06-19,2019,7.0,22.45,0.3276324605233427,33.38947626394061,19.643445472708866,19.314444444444444,0.32894002694444446,30.0,23.0,28.091386230134923,28.0,0.09138623013492264,0.0
2019-06-20,2019,7.0,16.75,0.4984518342332609,33.39659307574882,19.644611036013124,19.310833333333335,0.333612095,26.0,19.0,24.09091337494758,23.0,1.0909133749475792,0.0
2019-06-21,2019,10.0,20.06,0.3994039336325116,33.40015215438629,19.645194102196037,19.307222222222222,0.33770184722222224,30.0,20.0,27.272395509007012,28.0,-0.727604490992988,0.0
2019-06-22,2019,9.0,19.0,0.431140325345971,33.40015270295875,19.645194192074904,19.30388888888889,0.34120273305555554,32.0,23.0,29.545155911232026,30.0,-0.4548440887679739,0.0
2019-06-23,2019,8.0,14.18,0.575405812529212,33.39659472134338,19.64461130557584,19.30027777777778,0.34410868166666664,28.0,20.0,25.818186589253372,21.0,4.818186589253372,0.0
2019-06-24,2019,11.0,26.71,0.20004741628196054,33.38947900618884,19.64344592173397,19.296944444444446,0.3464141088888889,31.0,20.0,28.000749503934404,28.0,0.0007495039344043164,0.0
2019-06-25,2019,7.0,27.75,0.16863416134154519,33.37880715038662,19.641698997262278,19.293333333333337,0.34811392444444444,27.0,20.0,25.092094876101186,26.0,-0.9079051238988143,0.0
2019-06-26,2019,8.0,25.68,0.23032153220154294,33.364581542021774,19.639371963698046,19.290000000000003,0.34920353555555556,30.0,22.0,27.820616359682933,28.0,-0.17938364031706655,0.0
2019-06-27,2019,11.0,25.99,0.2206149969322827,33.34680536281995,19.63646672314477,19.28666666666667,0.3496788522222222,32.0,21.0,29.005200948149465,30.0,-0.994799051850535,0.0
2019-06-28,2019,12.0,29.89,0.10308875729669364,33.32548258611522,19.632985642636104,19.283333333333335,0.3495362875,34.0,22.0,30.735370114908275,32.0,-1.2646298850917255,0.0
2019-06-29,2019,12.0,22.89,0.3126253687659315,33.30061797437121,19.628931547156824,19.279999999999998,0.34877276,36.0,24.0,32.738193942575066,31.0,1.7381939425750659,0.0
2019-06-30,2019,8.0,18.26,0.451193770522456,33.27221707629535,19.62430771136379,19.276666666666667,0.3473856908333333,34.0,26.0,31.827610840509543,31.0,0.8276108405095428,0.0
2019-07-01,2019,11.0,29.13,0.12365375544436785,33.24028622359295,19.619117850057584,19.27361111111111,0.3453730033333334,35.0,24.0,32.016282199389586,33.0,-0.9837178006104139,0.0
2019-07-02,2019,10.0,27.17,0.18174560954136865,33.204832527413906,19.613366107462333,19.270555555555553,0.34273312027777775,35.0,25.0,32.29087364201985,32.0,0.29087364201984656,0.0
2019-07-03,2019,11.0,30.68,0.07495248379338737,33.16586387455097,19.60705704537799,19.2675,0.33946495666666665,36.0,25.0,33.02399913441985,33.0,0.023999134419852908,0.0
2019-07-04,2019,7.0,23.44,0.2923429406885534,33.12338892345287,19.600195630274914,19.264444444444443,0.3355679177777778,30.0,23.0,28.108978123936875,24.0,4.1089781239368754,0.0
2019-07-05,2019,11.0,23.88,0.2780572942645786,33.07741710012037,19.59278721940581,19.261666666666667,0.33104188944444446,31.0,20.0,28.033143606443293,29.0,-0.9668563935567072,0.0
2019-07-06,2019,12.0,30.54,0.07532886378304693,33.02795859395624,19.584837546014512,19.25888888888889,0.32588723138888886,34.0,22.0,30.768994112788164,31.0,-0.23100588721183613,0.0
2019-07-07,2019,13.0,28.42,0.13813558724907582,32.975024353643065,19.57635270372465,19.25611111111111,0.32010476861111115,37.0,24.0,33.506184102819475,32.0,1.506184102819475,0.0
2019-07-08,2019,6.0,14.95,0.5458498188153671,32.91862608312411,19.567339130194185,19.253611111111113,0.31369578305555557,32.0,26.0,30.390630583108113,29.0,1.3906305831081127,0.0
2019-07-09,2019,7.0,19.22,0.4150725559307056,32.85877623776372,19.557803590123868,19.25111111111111,0.30666200055555554,34.0,27.0,32.12630796811091,31.0,1.1263079681109076,0.0
2019-07-10,2019,14.0,23.22,0.29197577467671454,32.795488020763266,19.547753157708968,19.248611111111114,0.29900558222222223,35.0,21.0,31.26085838524527,26.0,5.260858385245271,0.0
2019-07-11,2019,10.0,23.81,0.2725056246798363,32.72877537990783,19.537195198624303,19.24638888888889,0.2907291116666667,30.0,20.0,27.335376768269654,28.0,-0.6646232317303458,0.0
2019-07-12,2019,8.0,28.56,0.12549975665332136,32.65865300471728,19.526137351632375,19.24416666666667,0.2818355838888889,31.0,23.0,28.87349626395194,29.0,-0.1265037360480612,0.0
2019-07-13,2019,11.0,27.04,0.17017379546685463,32.585136324072245,19.514587509903635,19.242222222222225,0.2723283908333333,33.0,22.0,30.083527908737697,31.0,-0.9164720912623032,0.0
2019-07-14,2019,9.0,21.39,0.34201300931284473,32.50824150438262,19.502553802136447,19.240277777777777,0.2622113102777778,34.0,25.0,31.6201726236775,28.0,3.620172623677501,0.0
2019-07-15,2019,8.0,23.39,0.2787094333304736,32.427985448361746,19.4900445735622,19.238333333333333,0.25148849194444445,32.0,24.0,29.890498777971757,31.0,-1.1095012220282428,0.0
2019-07-16,2019,10.0,27.01,0.16492462798219343,32.34438579446462,19.477068366918438,19.236666666666668,0.24016444388888888,35.0,25.0,32.370786244150175,33.0,-0.6292137558498254,0.0
2019-07-17,2019,10.0,28.45,0.11803349702057431,32.2574609170431,19.46363390346974,19.235277777777778,0.22824401833333333,36.0,26.0,33.37873175389791,34.0,-0.6212682461020904,0.0
2019-07-18,2019,11.0,18.35,0.4295436678417066,32.16722992726486,19.449750064152493,19.233888888888888,0.21573239944444442,37.0,26.0,34.125651596850425,33.0,1.1256515968504246,0.0
2019-07-19,2019,10.0,17.86,0.4431576979857369,32.07371267483649,19.435425870915893,19.232777777777777,0.20263508777777778,37.0,27.0,34.39545489296723,31.0,3.39545489296723,0.0
2019-07-20,2019,11.0,20.65,0.35422192933841645,31.97692975056367,19.420670468327046,19.231666666666666,0.1889578886111111,35.0,24.0,32.14464672067908,24.0,8.144646720679077,0.0
2019-07-21,2019,11.0,21.4,0.328667520099716,31.876902489774718,19.405493105503744,19.230555555555554,0.17470689611111112,33.0,22.0,30.154585979374872,30.0,0.15458597937487184,0.0
2019-07-22,2019,12.0,21.91,0.31043496899401446,31.77365297662523,19.389903118433654,19.229999999999997,0.15988848194444444,35.0,23.0,31.907069235208667,30.0,1.9070692352086667,0.0
2019-07-23,2019,8.0,23.49,0.25822311425301303,31.66720404929443,19.373909912733815,19.229166666666664,0.1445092813888889,34.0,26.0,31.94569049767184,31.0,0.9456904976718405,0.0
2019-07-24,2019,7.0,23.92,0.24202044244264498,31.557579306075173,19.35752294689947,19.228888888888886,0.12857618,31.0,24.0,29.209345333521117,28.0,1.2093453335211173,0.0
2019-07-25,2019,6.0,7.54,0.7602147492207325,31.44480311235193,19.340751716086167,19.22861111111111,0.11209630166666668,25.0,19.0,23.47118779374097,22.0,1.4711877937409703,0.0
2019-07-26,2019,10.0,24.93,0.20424912729705103,31.328900608452468,19.32360573646426,19.22833333333333,0.09507699555555554,29.0,19.0,26.46228195941437,27.0,-0.5377180405856308,0.0
2019-07-27,2019,7.0,21.18,0.3213691313205985,31.20989771835128,19.30609453017975,19.22833333333333,0.07752582499999999,28.0,21.0,26.23097706375541,26.0,0.23097706375541094,0.0
2019-07-28,2019,9.0,25.87,0.16784132707387456,31.08782115919448,19.288227610950976,19.22861111111111,0.059450555555555555,30.0,21.0,27.73524220958223,27.0,0.7352422095822284,0.0
2019-07-29,2019,12.0,27.15,0.12313844213440417,30.962698451608382,19.270014470325542,19.228888888888886,0.040859143611111114,32.0,20.0,28.99353407750891,30.0,-1.0064659224910883,0.0
2019-07-30,2019,14.0,25.65,0.1681411467740448,30.83455793074642,19.251464564617677,19.229444444444443,0.021759726666666666,38.0,24.0,34.50818683313443,34.0,0.508186833134431,0.0
2019-07-31,2019,7.0,19.78,0.3557722769046634,30.703428758021392,19.23258730254168,19.230277777777776,0.002160611111111111,33.0,26.0,31.262114206140577,31.0,0.262114206140577,0.0
2019-08-01,2019,11.0,14.8,0.5158547895352685,30.56934093346388,19.21339203355301,19.231111111111108,0.01792973527777778,34.0,23.0,31.281880291509985,29.0,2.281880291509985,0.0
2019-08-02,2019,12.0,27.37,0.10062738478189515,30.432325308640362,19.19388803690468,19.23222222222222,0.038502694444444444,36.0,24.0,33.04904581349154,32.0,1.0490458134915386,0.0
2019-08-03,2019,12.0,25.53,0.1572147291706606,30.292413600058897,19.174084511422926,19.233611111111113,0.05954950611111111,37.0,25.0,34.06356382949859,33.0,1.063563829498591,0.0
2019-08-04,2019,7.0,17.8,0.4096114931103797,30.149638402984543,19.153990566002633,19.235,0.08106127611111112,35.0,28.0,33.29569089508305,33.0,0.29569089508304813,0.0
2019-08-05,2019,6.0,14.55,0.5150651947254388,30.004033205581226,19.133615210819983,19.23638888888889,0.10302898611111112,34.0,28.0,32.54666539973666,32.0,0.5466653997366606,0.0
2019-08-06,2019,11.0,24.32,0.18541333603377474,29.85563240329253,19.112967349256607,19.238333333333333,0.1254434986111111,37.0,26.0,34.349521805016956,33.0,1.3495218050169555,0.0
2019-08-07,2019,9.0,22.45,0.24422152600656288,29.704471313369194,19.092055770527203,19.240277777777777,0.14829556583333334,36.0,27.0,33.84302802862114,33.0,0.8430280286211413,0.0
2019-08-08,2019,9.0,27.38,0.07345323627533218,29.550586189448097,19.070889142999874,19.242222222222225,0.17157583638888887,36.0,27.0,33.85479751750278,33.0,0.8547975175027815,0.0
2019-08-09,2019,13.0,26.78,0.08893015479576805,29.394014236083958,19.049476008196507,19.244722222222222,0.19527486055555557,39.0,26.0,35.918612247568234,35.0,0.9186122475682339,0.0
2019-08-10,2019,12.0,9.2,0.6853064838220603,29.234793623132575,19.027824775458466,19.246944444444445,0.21938309777777776,30.0,18.0,27.171768448151916,20.0,7.171768448151916,0.0
2019-08-11,2019,12.0,27.42,0.05685569343109964,29.072963499882892,19.005943717261424,19.249722222222225,0.24389092055555553,30.0,18.0,27.18810411426884,26.0,1.1881041142688389,0.0
2019-08-12,2019,13.0,26.72,0.07570642416428397,28.908564008833068,18.983840965161413,19.2525,0.2687886208333333,32.0,19.0,28.97169776812271,29.0,-0.02830223187729075,0.0
2019-08-13,2019,14.0,26.86,0.06546726426535554,28.741636299005744,18.9615245063533,19.255555555555556,0.2940664147222222,36.0,22.0,32.758280702104216,32.0,0.7582807021042157,0.0
2019-08-14,2019,15.0,26.21,0.08267549139719088,28.57222253869664,18.939002180821667,19.25861111111111,0.3197144461111111,40.0,25.0,36.547896670523386,29.0,7.547896670523386,0.016535098279438117
2019-08-15,2019,5.0,12.48,0.5605690422498038,28.400365927551512,18.916281679063353,19.261944444444445,0.34572279194444444,28.0,23.0,26.856433711350636,24.0,2.856433711350636,0.0
2019-08-16,2019,10.0,23.61,0.16354044507380294,28.226110707867004,18.893370540360294,19.26527777777778,0.3720814663888889,28.0,18.0,25.727291173734354,23.0,2.727291173734354,0.0
2019-08-17,2019,9.0,19.07,0.3201305363277186,28.049502175012147,18.87027615158083,19.26888888888889,0.3987804225,27.0,18.0,24.96767860034145,20.0,4.967678600341451,0.0
2019-08-18,2019,7.0,11.26,0.5959898466972393,27.870586686869434,18.84700574648732,19.272777777777776,0.42580955833333334,23.0,16.0,21.429609753051977,23.0,-1.5703902469480227,0.0
2019-08-19,2019,9.0,24.17,0.12710315819856222,27.689411672196282,18.82356640552789,19.276666666666667,0.4531587177777778,27.0,18.0,24.9943032872097,24.0,0.9943032872097,0.0
2019-08-20,2019,7.0,11.33,0.5880902552339169,27.506025637810836,18.799965056089885,19.280555555555555,0.48081769527777773,28.0,21.0,26.450514676798342,24.0,2.450514676798342,0.0
2019-08-21,2019,10.0,16.08,0.41143050654935753,27.320478174508835,18.77620847319291,18.284722222222225,0.49122376166666665,31.0,21.0,28.80158595338986,28.0,0.8015859533898606,0.0
2019-08-22,2019,9.0,18.68,0.31153488555846176,27.132819961622374,18.75230328059946,18.289166666666667,0.46297595166666666,32.0,23.0,30.03516829088297,30.0,0.035168290882971576,0.0
2019-08-23,2019,7.0,20.31,0.24618926879822156,26.943102770134832,18.728255952321405,18.29361111111111,0.43444921416666665,31.0,24.0,29.482574305505555,29.0,0.4825743055055547,0.0
2019-08-24,2019,9.0,21.88,0.18209825294345328,26.75137946427115,18.70407281450104,18.298333333333336,0.4056539294444444,27.0,18.0,25.062991571146608,24.0,1.0629915711466076,0.0
2019-08-25,2019,7.0,16.37,0.38360635395727316,26.557704001486858,18.679760047645765,18.303055555555556,0.37660051527777777,27.0,20.0,25.504385823179998,26.0,-0.495614176820002,0.0
2019-08-26,2019,11.0,24.27,0.07936123967357167,26.3621314307847,18.655323689196173,18.30777777777778,0.34729942472222225,31.0,20.0,28.667081740150138,29.0,-0.3329182598498619,0.0
2019-08-27,2019,12.0,24.74,0.0544518727593698,26.164717889292564,18.630769636407578,18.31277777777778,0.31776114499999997,34.0,22.0,31.474042771432302,32.0,-0.5259572285676981,0.0
2019-08-28,2019,10.0,16.68,0.35760964477254276,25.965520597042516,18.606103649525917,18.318055555555556,0.28799619472222227,34.0,24.0,31.9110161636649,31.0,0.9110161636649003,0.0
2019-08-29,2019,11.0,23.17,0.10070399177243206,25.764597849895942,18.581331355239435,18.323055555555555,0.2580151230555555,36.0,25.0,33.71981372823585,33.0,0.7198137282358488,0.0
2019-08-30,2019,13.0,22.38,0.12448196107164722,25.562009010566424,18.55645825038826,18.328611111111112,0.22782850583333333,38.0,25.0,35.326282152833755,34.0,1.3262821528337554,0.0
2019-08-31,2019,7.0,15.8,0.3769179121712325,25.357814497697586,18.53148970591467,18.333888888888886,0.1974469472222222,31.0,24.0,29.571709194838654,29.0,0.5717091948386539,0.0
2019-09-01,2019,10.0,18.51,0.2640766445249275,25.15207577296,18.50643097103756,18.339444444444442,0.16688107416666667,31.0,21.0,28.975971898389677,28.0,0.9759718983896768,0.0
2019-09-02,2019,7.0,18.06,0.2760030168995722,24.944855326137237,18.48128717763528,18.345,0.1361415375,28.0,21.0,26.594716892301356,24.0,2.5947168923013564,0.0
2019-09-03,2019,8.0,15.52,0.37257988097105277,24.736216658178208,18.456063344821757,18.350555555555555,0.10523900972222222,27.0,19.0,25.40721899299794,25.0,0.4072189929979402,0.0
2019-09-04,2019,11.0,21.79,0.11156320813784004,24.526224262199054,18.430764383701472,18.35638888888889,0.07418418194444446,30.0,19.0,27.82824997781677,26.0,1.8282499778167711,0.0
2019-09-05,2019,6.0,11.87,0.5118228446634701,24.314943602425014,18.405395102289596,18.362222222222222,0.04298776416666667,24.0,18.0,22.82545420786993,19.0,3.8254542078699316,0.0
2019-09-06,2019,12.0,18.82,0.21916622764930493,24.102441091069245,18.379960210584176,18.368055555555557,0.011660481944444445,26.0,14.0,23.671095452330974,21.0,2.671095452330974,0.0
2019-09-07,2019,6.0,12.45,0.47883492240176684,23.888784063151906,18.354464325778014,18.374166666666667,0.01978692361111111,23.0,17.0,21.845687736638734,22.0,-0.15431226336126613,0.0
2019-09-08,2019,12.0,21.68,0.08422899877503531,23.674040749270436,18.328911977598437,18.38,0.051343699444444446,28.0,16.0,25.711744698140766,26.0,-0.288255301859234,0.0
2019-09-09,2019,10.0,20.88,0.1099091757478684,23.458280246337452,18.303307613763792,18.38611111111111,0.08299907972222223,28.0,18.0,26.110166130255028,25.0,1.1101661302550276,0.0
2019-09-10,2019,6.0,6.68,0.7125839912968621,23.241572486310403,18.277655605546048,18.392222222222223,0.11474229083333333,17.0,11.0,15.876367841513535,11.0,4.8763678415135345,0.0
2019-09-11,2019,7.0,13.37,0.41930130079326433,23.023988202942608,18.251960253429495,18.398333333333333,0.14656254916666667,19.0,12.0,17.70112078396907,18.0,-0.2988792160309295,0.0
2019-09-12,2019,10.0,20.82,0.08706629041385072,22.805598896592517,18.22622579285597,18.404444444444444,0.1784490663888889,22.0,12.0,20.16169857341879,19.0,1.1616985734187892,0.0
2019-09-13,2019,10.0,21.04,0.0684691468715507,22.586476797133827,18.200456400047564,18.410833333333333,0.2103910488888889,24.0,14.0,22.178997524516745,20.0,2.1789975245167454,0.0
2019-09-14,2019,12.0,21.65,0.03204294736536817,22.366694825015212,18.17465619789818,18.416944444444447,0.24237770055555555,24.0,12.0,21.83562235671107,22.0,-0.16437764328892968,0.0
2019-09-15,2019,11.0,21.22,0.04182754861901872,22.146326550524737,18.148829261925783,18.423055555555557,0.27439822444444445,26.0,15.0,24.03513459949412,23.0,1.0351345994941212,0.0
2019-09-16,2019,11.0,19.16,0.126129526953907,21.92544615131926,18.1229796262774,18.429166666666667,0.3064418241666667,26.0,15.0,24.05433609521958,22.0,2.054336095219579,0.0
2019-09-17,2019,5.0,11.23,0.4825869157496523,21.70412836828537,18.09711128977951,18.435555555555556,0.33849770611111113,22.0,17.0,21.124358239170963,20.0,1.124358239170963,0.0
2019-09-18,2019,11.0,20.31,0.05457704050805845,21.482448459802942,18.07122822202643,18.441666666666666,0.3705550808333334,26.0,15.0,24.092887144883896,23.0,1.0928871448838962,0.0
2019-09-19,2019,11.0,20.04,0.05740613715248144,21.260482154488447,18.045334369499844,18.447777777777777,0.40260316527777773,26.0,15.0,24.112229573558068,23.0,1.1122295735580678,0.0
2019-09-20,2019,10.0,18.75,0.10876853135109532,21.038305602499378,18.01943366171265,18.453888888888887,0.43463118444444443,29.0,19.0,27.301465272680023,25.0,2.301465272680023,0.0
2019-09-21,2019,11.0,19.38,0.06898518677739429,20.815995325486018,17.993530017370485,17.96,0.0333716275,31.0,20.0,29.151030173168866,28.0,1.1510301731688664,0.0
2019-09-22,2019,13.0,19.35,0.060388978343220434,20.593628165281523,17.967627350544504,18.46611111111111,0.49858397666666665,34.0,21.0,31.83784118126837,29.0,2.83784118126837,0.0
2019-09-23,2019,11.0,19.64,0.03589765528819944,20.37128123142465,17.941729576848914,17.471944444444443,0.4695127436111111,36.0,25.0,34.18996053840418,32.0,2.189960538404179,0.0
2019-09-24,2019,11.0,18.79,0.06744899000074045,20.14903184761434,17.915840619616947,17.478055555555553,0.4376725130555556,30.0,19.0,28.209464998047103,28.0,0.20946499804710328,0.0
2019-09-25,2019,11.0,18.02,0.0956973736440242,19.92695749719794,17.889964416068796,17.483888888888888,0.4059060397222222,30.0,19.0,28.22899053154562,27.0,1.2289905315456195,0.0
2019-09-26,2019,7.0,16.12,0.18193915586502285,19.705135767799025,17.864104923465167,17.489722222222223,0.37422401194444443,26.0,19.0,24.885430239015477,24.0,0.8854302390154771,0.0
2019-09-27,2019,9.0,15.7,0.19419592340466196,19.483644295192974,17.838266125239773,17.495555555555555,0.34263709861111113,27.0,18.0,25.5829820172732,25.0,0.5829820172731992,0.0
2019-09-28,2019,9.0,14.86,0.22855531897411407,19.262560706541926,17.8124520371042,18.00111111111111,0.18884405444444446,27.0,18.0,25.598989794618277,24.0,1.5989897946182765,0.0
2019-09-29,2019,11.0,14.87,0.21909309764039242,19.041962563102516,17.78666671311818,18.006666666666668,0.22020882638888886,30.0,19.0,28.30722430873987,27.0,1.307224308739869,0.0
2019-09-30,2019,15.0,7.41,0.6063102422562721,18.821927302522138,17.760914251718223,18.01222222222222,0.2514466202777778,24.0,9.0,21.718357221548853,10.0,11.718357221548853,0.12126204845125398
2020-05-01,2020,5.0,11.91,0.590340331070424,29.07291320895793,19.005936936675834,19.38222222222222,0.37636398972222224,20.0,15.0,18.828378825981712,17.0,1.8283788259817122,0.0
2020-05-02,2020,11.0,24.41,0.16503459407875465,29.234744130587814,19.027818064467443,19.384166666666665,0.3563746769444444,25.0,14.0,22.407458998110485,22.0,0.407458998110485,0.0
2020-05-03,2020,14.0,25.48,0.13315541065503422,29.393965554141666,19.04946936932894,19.385833333333334,0.33645452416666666,29.0,15.0,25.68158818266472,26.0,-0.31841181733528146,0.0
2020-05-04,2020,9.0,15.95,0.4602467196412082,29.550538330026466,19.070882578827508,19.38722222222222,0.31661075111111114,25.0,16.0,22.854801171636378,16.0,6.854801171636378,0.0
2020-05-05,2020,16.0,18.94,0.36238454526801955,29.704424288086567,19.09204928366328,19.38888888888889,0.2968509336111111,26.0,10.0,22.16538956699253,13.0,9.16538956699253,0.4348614543216232
2020-05-06,2020,5.0,17.71,0.4068111787375749,29.85558622347191,19.11296094235434,19.39,0.2771830011111111,14.0,9.0,12.795239156488163,13.0,-0.20476084351183665,0.0
2020-05-07,2020,11.0,29.97,0.0011327788288686413,30.00398788225465,19.1336088865708,19.391111111111112,0.25761523194444447,20.0,9.0,17.335557506462056,18.0,-0.664442493537944,0.0
2020-05-08,2020,15.0,27.17,0.09882700085929963,30.149593946897586,19.153984327134236,19.391944444444444,0.23815624722222223,26.0,11.0,22.347914797014994,22.0,0.34791479701499384,0.019765400171859855
2020-05-09,2020,15.0,28.24,0.06775204515878708,30.292370021675225,19.17407836069709,19.392777777777777,0.21881500277777777,28.0,13.0,24.32946042944096,25.0,-0.6705395705590398,0.013550409031757367
2020-05-10,2020,13.0,25.94,0.14761569726838264,30.43228261814612,19.193881977114923,19.393333333333334,0.19960078388888888,30.0,17.0,26.803137771994617,25.0,1.8031377719946171,0.0
2020-05-11,2020,15.0,28.5,0.06769207011397216,30.569299140772138,19.213386067521952,19.39388888888889,0.1805231938888889,32.0,17.0,28.293478574122773,27.0,1.2934785741227728,0.013538414022794383
2020-05-12,2020,7.0,20.31,0.33850948031672656,30.703387872776432,19.23258143311824,19.394166666666667,0.1615921461111111,29.0,22.0,27.262116702640448,25.0,2.262116702640448,0.0
2020-05-13,2020,6.0,16.13,0.4768849631537355,30.83451796232797,19.25145879467404,19.394166666666667,0.1428178525,27.0,21.0,25.50351074192711,25.0,0.5035107419271085,0.0
2020-05-14,2020,10.0,19.89,0.35761331941236973,30.96265940913564,19.27000880275388,19.394166666666667,0.12421081277777778,30.0,20.0,27.494615160636734,27.0,0.4946151606367337,0.0
2020-05-15,2020,14.0,29.85,0.03981573885401568,31.087783051530014,19.288222048659975,19.39388888888889,0.10578180083333333,33.0,19.0,29.477048139432764,29.0,0.4770481394327639,0.0
2020-05-16,2020,8.0,26.81,0.14097661687649288,31.2098605541048,19.306089076090895,19.39361111111111,0.08754185055555556,27.0,19.0,24.978262130892475,24.0,0.9782621308924746,0.0
2020-05-17,2020,7.0,18.68,0.4037447459348579,31.328864395984294,19.323600393507927,19.393055555555556,0.06950224277777778,28.0,21.0,26.22359962102632,26.0,0.22359962102632025,0.0
2020-05-18,2020,10.0,18.7,0.40530646995423414,31.44476785977628,19.340746487197485,19.392222222222223,0.051674489444444444,30.0,20.0,27.45198279500267,27.0,0.4519827950026709,0.0
2020-05-19,2020,9.0,19.9,0.3694059538981398,31.557545021263238,19.357517835013972,19.391388888888887,0.03407031527777778,31.0,22.0,28.697732470948054,27.0,1.6977324709480541,0.0
2020-05-20,2020,7.0,18.87,0.4041147485197417,31.667170739877196,19.373904920782916,19.390555555555554,0.016701642222222222,27.0,20.0,25.202481275140972,24.0,1.202481275140972,0.0
2020-05-21,2020,5.0,6.59,0.7925952452006497,31.77362064999603,19.3898982493399,19.389444444444443,0.00041942944444444444,20.0,15.0,18.711280301239068,18.0,0.7112803012390678,0.0
2020-05-22,2020,14.0,28.8,0.09652362486627108,31.87687115309146,19.405488362175912,19.388055555555557,0.017280639722222223,28.0,14.0,24.378567930640997,26.0,-1.6214320693590025,0.0
2020-05-23,2020,10.0,25.97,0.1878512151409958,31.97689941075096,19.420665853655056,19.386666666666667,0.03386959083333333,30.0,20.0,27.404227036434218,26.0,1.404227036434218,0.0
2020-05-24,2020,7.0,14.26,0.555398740784971,32.07368333858728,19.435421387765565,19.384999999999998,0.050173765277777775,24.0,17.0,22.176820288587333,21.0,1.176820288587333,0.0
2020-05-25,2020,12.0,27.7,0.1388744242177804,32.16720160104197,19.449745715360166,19.383333333333333,0.06618054888888888,29.0,17.0,25.864350290305673,27.0,-1.1356497096943272,0.0
2020-05-26,2020,12.0,29.51,0.08517210763094585,32.25743360708034,19.463629691836744,19.381666666666668,0.08187725305555556,33.0,21.0,29.854481096048616,29.0,0.854481096048616,0.0
2020-05-27,2020,11.0,30.44,0.05887763850662542,32.34435950676781,19.477064295205487,19.379722222222224,0.09725113638888888,34.0,23.0,31.10786751544435,31.0,0.10786751544435091,0.0
2020-05-28,2020,8.0,30.02,0.07425567857788595,32.42796018870928,19.490040644483663,19.3775,0.11228942916666666,27.0,19.0,24.89050063275272,24.0,0.890500632752719,0.0
2020-05-29,2020,11.0,32.28,0.007020295095605866,32.50821727832592,19.502550018354576,19.375555555555557,0.1269793561111111,29.0,18.0,26.0913245480597,26.0,0.09132454805969914,0.0
2020-05-30,2020,14.0,30.7,0.0578519745815802,32.58511313693593,19.514583874022723,19.373055555555556,0.14130816138888888,33.0,19.0,29.28812942441352,29.0,0.2881294244135191,0.0
2020-05-31,2020,9.0,28.78,0.11876281274729383,32.658630861599086,19.526133866192886,19.370833333333334,0.1552631322222222,32.0,23.0,29.60768514022898,30.0,-0.39231485977101954,0.0
2020-06-01,2020,13.0,31.64,0.03326598611651843,32.72875428567832,19.53719186609701,19.368333333333332,0.16883162416666667,34.0,21.0,30.53599234118562,31.0,-0.46400765881438133,0.0
2020-06-02,2020,13.0,31.87,0.028219386307519967,32.79546798006537,19.54774998048912,19.365555555555556,0.18200108555555555,36.0,23.0,32.52794235012322,33.0,-0.4720576498767812,0.0
2020-06-03,2020,11.0,24.04,0.2683837732075801,32.858757255012094,19.55780057052538,19.36277777777778,0.19475908305555556,35.0,24.0,32.05562875163301,32.0,0.05562875163300873,0.0
2020-06-05,2020,20.0,20.65,0.37376814848163487,32.97500749911059,19.576350005956854,19.357222222222223,0.21899168972222222,32.0,12.0,26.62490177168786,15.0,11.62490177168786,1.943594372104501
2020-06-06,2020,9.0,20.25,0.3868827944579841,33.02794280923552,19.58483501226523,19.354166666666668,0.23044224472222222,22.0,13.0,19.576746915418035,20.0,-0.4232530845819653,0.0
2020-06-07,2020,9.0,26.31,0.20459292145064956,33.077402388703554,19.592784851607632,19.351111111111113,0.241433275,24.0,15.0,21.572573284139956,21.0,0.5725732841399562,0.0
2020-06-08,2020,11.0,29.14,0.1202587373385764,33.12337528859868,19.600193430251807,19.348055555555554,0.25195330499999996,26.0,15.0,23.028395604544343,24.0,-0.9716043954556568,0.0
2020-06-09,2020,13.0,29.16,0.12078240599704781,33.16585131928341,19.607055014840363,19.345,0.26199112305555555,30.0,17.0,26.482909604469867,27.0,-0.5170903955301327,0.0
2020-06-10,2020,9.0,20.8,0.3735849391915935,33.204821054520956,19.61336424800236,19.341666666666665,0.2715358033333333,29.0,20.0,26.561787251217194,27.0,-0.43821274878280647,0.0
2020-06-11,2020,6.0,22.82,0.3134834345886315,33.24027583562532,19.61911616314477,19.33833333333333,0.28057672694444447,28.0,22.0,26.372518151621158,26.0,0.37251815162115776,0.0
2020-06-12,2020,9.0,26.71,0.1972279032347367,33.272207775565235,19.62430619834084,19.334999999999997,0.289103605,29.0,20.0,26.556062986599635,27.0,-0.4439370134003653,0.0
2020-06-13,2020,11.0,22.31,0.33004229775932725,33.30060976295105,19.628930209235804,19.331666666666667,0.29710649666666666,31.0,20.0,28.01001196848333,26.0,2.0100119684833295,0.0
2020-06-14,2020,8.0,24.34,0.2696278249667592,33.325475465836625,19.632984480895,19.328333333333333,0.3045758302777778,30.0,22.0,27.82358061594062,27.0,0.8235806159406209,0.0
2020-06-15,2020,10.0,30.02,0.09976367752192883,33.34679933527261,19.63646573852433,19.32472222222222,0.31150242055555555,33.0,23.0,30.27745597855853,30.0,0.27745597855853177,0.0
2020-06-16,2020,13.0,25.95,0.2222290033991282,33.36457660855248,19.639371156999037,19.32138888888889,0.31787748555555556,36.0,23.0,32.45850219260225,32.0,0.45850219260225344,0.0
2020-06-17,2020,7.0,18.03,0.4598368362275935,33.37880331209849,19.64169836914314,19.317777777777778,0.32369266361111115,31.0,24.0,29.092095130991645,28.0,1.0920951309916447,0.0
2020-06-18,2020,9.0,19.8,0.4069987847822799,33.38947626394061,19.643445472708866,19.314444444444444,0.32894002694444446,28.0,19.0,25.54606801017347,25.0,0.546068010173471,0.0
2020-06-19,2020,5.0,12.02,0.6400830476109729,33.39659307574882,19.644611036013124,19.310833333333335,0.333612095,25.0,20.0,23.63636669639113,22.0,1.6363666963911285,0.0
2020-06-20,2020,16.0,29.71,0.11048309412870982,33.40015215438629,19.645194102196037,19.307222222222222,0.33770184722222224,32.0,16.0,27.635832814411216,29.0,-1.3641671855887836,0.1325797129544517
2020-06-21,2020,8.0,27.07,0.1895246635323914,33.40015270295875,19.645194192074904,19.30388888888889,0.34120273305555554,22.0,14.0,19.81791636553958,20.0,-0.18208363446041886,0.0
2020-06-22,2020,14.0,32.4,0.02984120775362964,33.39659472134338,19.64461130557584,19.30027777777778,0.34410868166666664,26.0,12.0,22.1818265311934,24.0,-1.8181734688065987,0.0
2020-06-23,2020,12.0,28.88,0.13505688439621943,33.38947900618884,19.64344592173397,19.296944444444446,0.3464141088888889,29.0,17.0,25.72809036792844,28.0,-2.2719096320715586,0.0
2020-06-24,2020,9.0,15.98,0.5212531134500141,33.37880715038662,19.641698997262278,19.293333333333337,0.34811392444444444,30.0,21.0,27.54697912641581,27.0,0.5469791264158097,0.0
2020-06-25,2020,9.0,21.13,0.36669369063156554,33.364581542021774,19.639371963698046,19.290000000000003,0.34920353555555556,30.0,21.0,27.5481934046433,28.0,-0.4518065953567003,0.0
2020-06-26,2020,12.0,29.87,0.10426202225345449,33.34680536281995,19.63646672314477,19.28666666666667,0.3496788522222222,32.0,20.0,28.732946488890327,30.0,-1.2670535111096726,0.0
2020-06-27,2020,14.0,22.97,0.3107376632688208,33.32548258611522,19.632985642636104,19.283333333333335,0.3495362875,37.0,23.0,33.191265134059655,30.0,3.1912651340596554,0.0
2020-06-28,2020,9.0,13.32,0.6000074229778161,33.30061797437121,19.628931547156824,19.279999999999998,0.34877276,25.0,16.0,22.553645456931296,20.0,2.553645456931296,0.0
2020-06-29,2020,5.0,6.63,0.8007346494284712,33.27221707629535,19.62430771136379,19.276666666666667,0.3473856908333333,17.0,12.0,15.642256775318463,12.0,3.6422567753184634,0.0
2020-06-30,2020,12.0,29.79,0.10379833074794775,33.24028622359295,19.619117850057584,19.27361111111111,0.3453730033333334,24.0,12.0,20.745035126606822,21.0,-0.2549648733931775,0.0
2020-07-01,2020,14.0,30.48,0.0820613242112962,33.204832527413906,19.613366107462333,19.270555555555553,0.34273312027777775,29.0,15.0,25.20722309882779,26.0,-0.7927769011722106,0.0
2020-07-02,2020,10.0,27.53,0.16992965706753427,33.16586387455097,19.60705704537799,19.2675,0.33946495666666665,32.0,22.0,29.294544667654414,30.0,-0.7054553323455863,0.0
2020-07-03,2020,11.0,20.11,0.39287613213510286,33.12338892345287,19.600195630274914,19.264444444444443,0.3355679177777778,34.0,23.0,31.02839419475795,27.0,4.028394194757951,0.0
2020-07-04,2020,10.0,26.26,0.206104880543879,33.07741710012037,19.59278721940581,19.261666666666667,0.33104188944444446,33.0,23.0,30.302857824039357,30.0,0.3028578240393571,0.0
2020-07-05,2020,7.0,24.17,0.26819576416621616,33.02795859395624,19.584837546014512,19.25888888888889,0.32588723138888886,27.0,20.0,25.115246565793093,26.0,-0.8847534342069068,0.0
2020-07-06,2020,6.0,13.19,0.600000295419258,32.975024353643065,19.57635270372465,19.25611111111111,0.32010476861111115,26.0,20.0,24.387469585916683,23.0,1.3874695859166835,0.0
2020-07-07,2020,8.0,15.25,0.5367364372531336,32.91862608312411,19.567339130194185,19.253611111111113,0.31369578305555557,27.0,19.0,24.854174110810817,25.0,-0.14582588918918304,0.0
2020-07-08,2020,14.0,30.3,0.0778719274037658,32.85877623776372,19.557803590123868,19.75111111111111,0.19333799944444444,34.0,20.0,30.252615936221822,29.0,1.2526159362218223,0.0
2020-07-09,2020,9.0,26.0,0.207208016433875,32.795488020763266,19.547753157708968,19.248611111111114,0.29900558222222223,30.0,21.0,27.59626610480053,28.0,-0.4037338951994691,0.0
2020-07-10,2020,9.0,21.19,0.3525575047024666,32.72877537990783,19.537195198624303,19.24638888888889,0.2907291116666667,32.0,23.0,29.601839091442688,29.0,0.6018390914426881,0.0
2020-07-11,2020,6.0,16.97,0.48038273355766326,32.65865300471728,19.526137351632375,19.24416666666667,0.2818355838888889,30.0,24.0,28.405122197963955,26.0,2.405122197963955,0.0
2020-07-12,2020,5.0,16.19,0.5031476978035642,32.585136324072245,19.514587509903635,19.242222222222225,0.2723283908333333,25.0,20.0,23.674330867608045,21.0,2.6743308676080453,0.0
2020-07-13,2020,8.0,27.49,0.1543682854609678,32.50824150438262,19.502553802136447,19.240277777777777,0.2622113102777778,29.0,21.0,26.884597887713333,27.0,-0.11540211228666664,0.0
2020-07-14,2020,10.0,28.37,0.1251383763824513,32.427985448361746,19.4900445735622,19.238333333333333,0.25148849194444445,30.0,20.0,27.363123472464697,29.0,-1.6368765275353034,0.0
2020-07-15,2020,11.0,26.35,0.18533002396633824,32.34438579446462,19.477068366918438,19.236666666666668,0.24016444388888888,32.0,21.0,29.107864868565194,29.0,0.10786486856519417,0.0
2020-07-16,2020,8.0,23.38,0.27520643797332256,32.2574609170431,19.46363390346974,19.235277777777778,0.22824401833333333,33.0,25.0,30.90298540311833,30.0,0.9029854031183291,0.0
2020-07-17,2020,12.0,30.13,0.06333246387305835,32.16722992726486,19.449750064152493,19.233888888888888,0.21573239944444442,36.0,24.0,32.864347196564104,33.0,-0.13565280343589592,0.0
2020-07-18,2020,12.0,26.29,0.18032563718057248,32.07371267483649,19.435425870915893,19.232777777777777,0.20263508777777778,38.0,26.0,34.87454587156067,35.0,-0.1254541284393298,0.0
2020-07-19,2020,6.0,12.17,0.6194131176778948,31.97692975056367,19.420670468327046,19.231666666666666,0.1889578886111111,34.0,28.0,32.44253457491586,29.0,3.442534574915861,0.0
2020-07-20,2020,6.0,13.75,0.5686531963257521,31.876902489774718,19.405493105503744,19.230555555555554,0.17470689611111112,32.0,26.0,30.447955988749932,29.0,1.447955988749932,0.0
2020-07-21,2020,9.0,14.87,0.5320021902757186,31.77365297662523,19.389903118433654,19.229999999999997,0.15988848194444444,32.0,23.0,29.6803019264065,29.0,0.6803019264065,0.0
2020-07-22,2020,9.0,19.71,0.37758950966057403,31.66720404929443,19.373909912733815,19.229166666666664,0.1445092813888889,33.0,24.0,30.68890180988082,29.0,1.6889018098808215,0.0
2020-07-23,2020,6.0,8.68,0.7249472174081171,31.557579306075173,19.35752294689947,19.228888888888886,0.12857618,28.0,22.0,26.4651531430181,27.0,-0.5348468569819005,0.0
2020-07-24,2020,13.0,29.11,0.07425084215059974,31.44480311235193,19.340751716086167,19.22861111111111,0.11209630166666668,35.0,22.0,31.687573553105437,32.0,-0.31242644689456256,0.0
2020-07-25,2020,6.0,25.19,0.1959500808910034,31.328900608452468,19.32360573646426,19.22833333333333,0.09507699555555554,32.0,26.0,30.477369175648622,29.0,1.4773691756486222,0.0
2020-07-26,2020,11.0,28.02,0.10220788761110333,31.20989771835128,19.30609453017975,19.22833333333333,0.07752582499999999,34.0,23.0,31.220106814472786,32.0,-0.7798931855272144,0.0
2020-07-28,2020,11.0,27.02,0.12733704259563905,30.962698451608382,19.270014470325542,19.228888888888886,0.040859143611111114,28.0,17.0,25.244072904383167,26.0,-0.7559270956168334,0.0
2020-07-29,2020,13.0,23.91,0.22457133798703355,30.83455793074642,19.251464564617677,19.229444444444443,0.021759726666666666,33.0,20.0,29.757602059339114,29.0,0.7576020593391135,0.0
2020-07-30,2020,11.0,14.57,0.5254601655460538,30.703428758021392,19.23258730254168,19.230277777777776,0.002160611111111111,29.0,18.0,26.269036609649476,25.0,1.2690366096494756,0.0
2020-07-31,2020,13.0,28.27,0.07521722298392186,30.56934093346388,19.21339203355301,19.231111111111108,0.01792973527777778,30.0,17.0,26.78767670814816,27.0,-0.2123232918518383,0.0
2020-08-01,2020,11.0,26.56,0.12724381950336638,30.432325308640362,19.19388803690468,19.23222222222222,0.038502694444444444,32.0,21.0,29.294958662367243,29.0,0.2949586623672431,0.0
2020-08-02,2020,12.0,26.47,0.12618385746758276,30.292413600058897,19.174084511422926,19.233611111111113,0.05954950611111111,34.0,22.0,31.06356382949859,31.0,0.06356382949859096,0.0
2020-08-03,2020,8.0,17.68,0.4135916403478378,30.149638402984543,19.153990566002633,19.235,0.08106127611111112,32.0,24.0,30.052218165809197,29.0,1.0522181658091974,0.0
2020-08-04,2020,11.0,21.68,0.2774304757146058,30.004033205581226,19.133615210819983,19.23638888888889,0.10302898611111112,32.0,21.0,29.33555323285054,30.0,-0.6644467671494603,0.0
2020-08-05,2020,13.0,26.66,0.10703616524097181,29.85563240329253,19.112967349256607,19.238333333333333,0.1254434986111111,33.0,20.0,29.8676166786564,30.0,-0.13238332134359965,0.0
2020-08-06,2020,9.0,15.67,0.4724699916491243,29.704471313369194,19.092055770527203,19.240277777777777,0.14829556583333334,33.0,24.0,30.84302802862114,31.0,-0.15697197137885865,0.0
2020-08-07,2020,11.0,24.99,0.1543314965128032,29.550586189448097,19.070889142999874,19.242222222222225,0.17157583638888887,36.0,25.0,33.37808585472562,32.0,1.3780858547256187,0.0
2020-08-08,2020,9.0,26.23,0.1076414473597086,29.394014236083958,19.049476008196507,19.244722222222222,0.19527486055555557,34.0,25.0,31.866731556008773,31.0,0.8667315560087729,0.0
2020-08-09,2020,11.0,23.33,0.20197828995311595,29.234793623132575,19.027824775458466,19.246944444444445,0.21938309777777776,35.0,24.0,32.407454410805926,31.0,1.4074544108059257,0.0
2020-08-10,2020,7.0,15.67,0.46101125879158755,29.072963499882892,19.005943717261424,19.249722222222225,0.24389092055555553,32.0,25.0,30.359727399990156,30.0,0.359727399990156,0.0
2020-08-11,2020,10.0,21.17,0.26769105537267546,28.908564008833068,18.983840965161413,19.2525,0.2687886208333333,34.0,24.0,31.670536744709775,31.0,0.670536744709775,0.0
2020-08-12,2020,7.0,18.32,0.3625971809881353,28.741636299005744,18.9615245063533,19.255555555555556,0.2940664147222222,31.0,24.0,29.379140351052108,28.0,1.3791403510521079,0.0
2020-08-13,2020,9.0,21.64,0.24262104669344564,28.57222253869664,18.939002180821667,19.25861111111111,0.3197144461111111,33.0,24.0,30.92873800231403,29.0,1.9287380023140308,0.0
2020-08-14,2020,10.0,8.61,0.6968348921290715,28.400365927551512,18.916281679063353,19.261944444444445,0.34572279194444444,26.0,16.0,23.712867422701272,19.0,4.712867422701272,0.0
2020-08-15,2020,11.0,25.28,0.10437536855001006,28.226110707867004,18.893370540360294,19.26527777777778,0.3720814663888889,28.0,17.0,25.500020291107788,26.0,-0.4999797088922122,0.0
2020-08-16,2020,10.0,25.23,0.10051879557149135,28.049502175012147,18.87027615158083,19.26888888888889,0.3987804225,31.0,21.0,28.7418651114905,28.0,0.741865111490501,0.0
2020-08-17,2020,10.0,23.41,0.16004638642827473,27.870586686869434,18.84700574648732,19.272777777777776,0.42580955833333334,33.0,23.0,30.756585361502825,30.0,0.7565853615028253,0.0
2020-08-18,2020,15.0,23.11,0.16538493942775245,27.689411672196282,18.82356640552789,19.276666666666667,0.4531587177777778,39.0,24.0,35.657172145349506,29.0,6.657172145349506,0.03307698788555037
2020-08-19,2020,7.0,17.37,0.36850200647953535,27.506025637810836,18.799965056089885,19.280555555555555,0.48081769527777773,28.0,21.0,26.450514676798342,26.0,0.4505146767983419,0.0
2020-08-20,2020,9.0,23.26,0.14862397900112279,27.320478174508835,18.77620847319291,18.284722222222225,0.49122376166666665,30.0,21.0,28.021427358050875,28.0,0.021427358050875256,0.0
2020-08-21,2020,11.0,22.57,0.168166079606771,27.132819961622374,18.75230328059946,18.289166666666667,0.46297595166666666,32.0,21.0,29.598539022190298,31.0,-1.4014609778097018,0.0
2020-08-22,2020,10.0,23.51,0.1274204682149772,26.943102770134832,18.728255952321405,18.29361111111111,0.43444921416666665,30.0,20.0,27.83224900786508,28.0,-0.16775099213491984,0.0
2020-08-23,2020,11.0,20.68,0.22695575278202074,26.75137946427115,18.70407281450104,18.298333333333336,0.4056539294444444,32.0,21.0,29.632545253623633,30.0,-0.3674547463763673,0.0
2020-08-24,2020,12.0,22.49,0.1531647465179643,26.557704001486858,18.679760047645765,18.303055555555556,0.37660051527777777,33.0,21.0,30.436089982594282,31.0,-0.5639100174057177,0.0
2020-08-25,2020,15.0,20.46,0.22388673109687984,26.3621314307847,18.655323689196173,18.30777777777778,0.34729942472222225,39.0,24.0,35.81874782747746,30.0,5.818747827477459,0.04477734621937581
2020-08-26,2020,6.0,16.83,0.35676738150930454,26.164717889292564,18.630769636407578,18.31277777777778,0.31776114499999997,23.0,17.0,21.73702138571615,22.0,-0.26297861428384905,0.0
2020-08-27,2020,9.0,19.32,0.25593635113942004,25.965520597042516,18.606103649525917,18.318055555555556,0.28799619472222227,25.0,16.0,23.11991454729841,20.0,3.1199145472984107,0.0
2020-08-28,2020,8.0,9.33,0.6378751939247644,25.764597849895942,18.581331355239435,18.323055555555555,0.2580151230555555,21.0,13.0,19.341682711444257,21.0,-1.6583172885557431,0.0
2020-08-29,2020,10.0,21.59,0.15538720015803675,25.562009010566424,18.55645825038826,18.328611111111112,0.22782850583333333,26.0,16.0,23.943293963718276,24.0,-0.05670603628172444,0.0
2020-08-30,2020,12.0,24.04,0.05196877269597666,25.357814497697586,18.53148970591467,18.333888888888886,0.1974469472222222,27.0,15.0,24.551501476866264,25.0,-0.44849852313373617,0.0
2020-08-31,2020,10.0,23.48,0.06647863930012421,25.15207577296,18.50643097103756,18.339444444444442,0.16688107416666667,28.0,18.0,25.975971898389677,27.0,-1.0240281016103232,0.0
2020-09-01,2020,11.0,20.26,0.18780847853739369,24.944855326137237,18.48128717763528,18.345,0.1361415375,30.0,19.0,27.791697973616415,28.0,-0.20830202638358486,0.0
2020-09-02,2020,7.0,16.07,0.35034527623742373,24.736216658178208,18.456063344821757,18.350555555555555,0.10523900972222222,30.0,23.0,28.606316618873198,28.0,0.6063166188731977,0.0
2020-09-03,2020,13.0,21.88,0.10789366654685362,24.526224262199054,18.430764383701472,18.35638888888889,0.07418418194444446,34.0,21.0,31.433386337419822,30.0,1.4333863374198224,0.0
2020-09-04,2020,9.0,10.95,0.5496596587249367,24.314943602425014,18.405395102289596,18.362222222222222,0.04298776416666667,29.0,20.0,27.238181311804897,27.0,0.23818131180489743,0.0
2020-09-05,2020,8.0,18.52,0.23161309968465082,24.102441091069245,18.379960210584176,18.368055555555557,0.011660481944444445,28.0,20.0,26.44739696822065,27.0,-0.5526030317793484,0.0
2020-09-06,2020,14.0,21.36,0.10585654156640478,23.888784063151906,18.354464325778014,18.374166666666667,0.01978692361111111,33.0,19.0,30.306604718823714,24.0,6.3066047188237135,0.0
2020-09-07,2020,7.0,8.73,0.6312416586395784,23.674040749270436,18.328911977598437,18.38,0.051343699444444446,20.0,13.0,18.66518440724878,16.0,2.6651844072487805,0.0
2020-09-08,2020,11.0,21.94,0.06472257260096892,23.458280246337452,18.303307613763792,18.38611111111111,0.08299907972222223,24.0,13.0,21.921182743280532,22.0,-0.07881725671946782,0.0
2020-09-09,2020,11.0,20.36,0.12398354233594511,23.241572486310403,18.277655605546048,18.392222222222223,0.11474229083333333,25.0,14.0,22.94000770944148,21.0,1.9400077094414812,0.0
2020-09-10,2020,8.0,14.98,0.34937423230240083,23.023988202942608,18.251960253429495,18.398333333333333,0.14656254916666667,23.0,15.0,21.515566610250367,21.0,0.5155666102503673,0.0
2020-09-11,2020,8.0,21.81,0.04365589788309732,22.805598896592517,18.22622579285597,18.404444444444444,0.1784490663888889,20.0,12.0,18.52935885873503,18.0,0.52935885873503,0.0
2020-09-12,2020,11.0,22.22,0.016225496363396208,22.586476797133827,18.200456400047564,18.410833333333333,0.2103910488888889,23.0,12.0,20.996897276968422,20.0,0.9968972769684221,0.0
2020-09-13,2020,10.0,11.6,0.48137174085165213,22.366694825015212,18.17465619789818,18.416944444444447,0.24237770055555555,23.0,13.0,21.196351963925892,20.0,1.196351963925892,0.0
2020-09-14,2020,11.0,21.71,0.0197019830593258,22.146326550524737,18.148829261925783,18.423055555555557,0.27439822444444445,25.0,14.0,23.03513459949412,22.0,1.0351345994941212,0.0
2020-09-15,2020,10.0,18.53,0.15486326380249982,21.92544615131926,18.1229796262774,18.429166666666667,0.3064418241666667,25.0,15.0,23.2312146320178,23.0,0.23121463201779946,0.0
2020-09-16,2020,12.0,21.11,0.027373979650504032,21.70412836828537,18.09711128977951,18.435555555555556,0.33849770611111113,28.0,16.0,25.89845977401031,25.0,0.8984597740103091,0.0
2020-09-17,2020,14.0,20.96,0.02431978183401784,21.482448459802942,18.07122822202643,18.441666666666666,0.3705550808333334,31.0,17.0,28.572765457124955,25.0,3.572765457124955,0.0
2020-09-18,2020,8.0,14.1,0.3367977312300393,21.260482154488447,18.045334369499844,18.447777777777777,0.40260316527777773,22.0,14.0,20.62707605349678,14.0,6.627076053496779,0.0
2020-09-19,2020,6.0,16.46,0.2176176013887482,21.038305602499378,18.01943366171265,18.453888888888887,0.43463118444444443,19.0,13.0,17.980879163608016,18.0,-0.019120836391984142,0.0
2020-09-20,2020,7.0,12.67,0.39133345286220766,20.815995325486018,17.993530017370485,18.46,0.4666283725,19.0,12.0,17.823382837471097,17.0,0.8233828374710974,0.0
2020-09-21,2020,8.0,14.41,0.30026900144319424,20.593628165281523,17.967627350544504,18.46611111111111,0.49858397666666665,23.0,15.0,21.669440726934383,21.0,0.6694407269343827,0.0
2020-09-22,2020,12.0,19.53,0.04129741383801089,20.37128123142465,17.941729576848914,17.471944444444443,0.4695127436111111,26.0,14.0,24.02541149644092,25.0,-0.9745885035590796,0.0
2020-09-23,2020,8.0,17.86,0.1136050538272072,20.14903184761434,17.915840619616947,17.478055555555553,0.4376725130555556,24.0,16.0,22.697792725852437,23.0,-0.30220727414756254,0.0
2020-09-24,2020,7.0,18.27,0.08315155474341407,19.92695749719794,17.889964416068796,17.483888888888888,0.4059060397222222,22.0,15.0,20.872993974619938,20.0,0.8729939746199378,0.0
2020-09-25,2020,5.0,14.62,0.25806144285028754,19.705135767799025,17.864104923465167,17.489722222222223,0.37422401194444443,16.0,11.0,15.203878742153915,14.0,1.2038787421539148,0.0
2020-09-26,2020,5.0,9.95,0.48931525082015204,19.483644295192974,17.838266125239773,17.495555555555555,0.34263709861111113,14.0,9.0,13.212767787374,13.0,0.21276778737400015,0.0
2020-09-27,2020,8.0,15.3,0.20571308077415507,19.262560706541926,17.8124520371042,18.00111111111111,0.18884405444444446,16.0,8.0,14.754657595216244,15.0,-0.2453424047837558,0.0
2020-09-28,2020,7.0,15.64,0.17865608924651888,19.041962563102516,17.78666671311818,18.006666666666668,0.22020882638888886,17.0,10.0,15.922779105561734,16.0,-0.07722089443826619,0.0
2020-09-29,2020,3.0,8.28,0.5600875581487088,18.821927302522138,17.760914251718223,18.01222222222222,0.2514466202777778,12.0,9.0,11.543671444309771,10.0,1.543671444309771,0.0
2020-09-30,2020,10.0,18.38,0.01196246718878069,18.602532180841553,17.73519880169724,18.0175,0.28254686805555557,17.0,7.0,15.496693539833341,14.0,1.4966935398333412,0.0
2021-05-01,2021,16.0,19.95,0.30989186310319794,28.9085129320585,18.983834117466134,19.38,0.3964156047222222,28.0,12.0,24.272865631955725,13.0,11.272865631955725,0.3718702357238373
2021-05-02,2021,7.0,19.37,0.33374409847473674,29.07291320895793,19.005936936675834,19.38222222222222,0.37636398972222224,17.0,10.0,15.359730356374396,15.0,0.35973035637439565,0.0
2021-05-03,2021,13.0,22.64,0.225578992623638,29.234744130587814,19.027818064467443,19.384166666666665,0.3563746769444444,20.0,7.0,16.936087906857846,17.0,-0.06391209314215374,0.0
2021-05-04,2021,15.0,25.57,0.13009355770993825,29.393965554141666,19.04946936932894,19.385833333333334,0.33645452416666666,25.0,10.0,21.44455876714077,21.0,0.44455876714076936,0.026018711541987555
2021-05-05,2021,15.0,28.84,0.024044852316767562,29.550538330026466,19.070882578827508,19.38722222222222,0.31661075111111114,28.0,13.0,24.424668619393966,24.0,0.42466861939396594,0.004808970463353495
2021-05-06,2021,16.0,28.63,0.03617051378159464,29.704424288086567,19.09204928366328,19.38888888888889,0.2968509336111111,32.0,16.0,28.16538956699253,28.0,0.1653895669925305,0.04340461653791354
2021-05-07,2021,16.0,28.46,0.04674455939420563,29.85558622347191,19.11296094235434,19.39,0.2771830011111111,34.0,18.0,30.144765300762124,29.0,1.1447653007621241,0.05609347127304672
2021-05-08,2021,8.0,21.74,0.27542965004136155,30.00398788225465,19.1336088865708,19.391111111111112,0.25761523194444447,28.0,20.0,26.062223641063312,20.0,6.062223641063312,0.0
2021-05-09,2021,10.0,25.61,0.15056899124058398,30.149593946897586,19.153984327134236,19.391944444444444,0.23815624722222223,29.0,19.0,26.56527653134333,27.0,-0.4347234686566708,0.0
2021-05-10,2021,10.0,19.7,0.3496712213041113,30.292370021675225,19.17407836069709,19.392777777777777,0.21881500277777777,30.0,20.0,27.552973619627306,23.0,4.552973619627306,0.0
2021-05-11,2021,7.0,9.61,0.6842169179163129,30.43228261814612,19.193881977114923,19.393333333333334,0.19960078388888888,22.0,15.0,20.27861264645864,19.0,1.2786126464586403,0.0
2021-05-12,2021,11.0,11.69,0.6175901859520118,30.569299140772138,19.213386067521952,19.39388888888889,0.1805231938888889,23.0,12.0,20.281884287690033,12.0,8.281884287690033,0.0
2021-05-13,2021,11.0,19.27,0.37238196384555977,30.703387872776432,19.23258143311824,19.394166666666667,0.1615921461111111,21.0,10.0,18.269040532720705,18.0,0.26904053272070527,0.0
2021-05-14,2021,12.0,24.25,0.2135437294778726,30.83451796232797,19.25145879467404,19.394166666666667,0.1428178525,24.0,12.0,21.007021483854217,20.0,1.007021483854217,0.0
2021-05-15,2021,8.0,19.13,0.3821590145982219,30.96265940913564,19.27000880275388,19.394166666666667,0.12421081277777778,21.0,13.0,18.995692128509386,20.0,-1.0043078714906137,0.0
2021-05-16,2021,9.0,15.55,0.4998035088502494,31.087783051530014,19.288222048659975,19.39388888888889,0.10578180083333333,22.0,13.0,19.735245232492492,20.0,-0.26475476750750815,0.0
2021-05-17,2021,9.0,14.93,0.5216255460636344,31.2098605541048,19.306089076090895,19.39361111111111,0.08754185055555556,25.0,16.0,22.725544897254032,19.0,3.725544897254032,0.0
2021-05-18,2021,11.0,27.9,0.10944745244017862,31.328864395984294,19.323600393507927,19.393055555555556,0.06950224277777778,29.0,18.0,26.208513690184216,26.0,0.2085136901842155,0.0
2021-05-19,2021,12.0,29.48,0.06248314086902784,31.44476785977628,19.340746487197485,19.392222222222223,0.051674489444444444,31.0,19.0,27.942379354003208,28.0,-0.057620645996792064,0.0
2021-05-20,2021,14.0,18.55,0.41218494697540164,31.557545021263238,19.357517835013972,19.391388888888887,0.03407031527777778,28.0,14.0,24.418694954808082,15.0,9.418694954808082,0.0
2021-05-21,2021,9.0,25.37,0.19885485797275282,31.667170739877196,19.373904920782916,19.390555555555554,0.016701642222222222,20.0,11.0,17.688904496609823,14.0,3.6889044966098226,0.0
2021-05-22,2021,11.0,19.87,0.37463847073397716,31.77362064999603,19.3898982493399,19.389444444444443,0.00041942944444444444,21.0,10.0,18.16481666272595,19.0,-0.8351833372740494,0.0
2021-05-23,2021,12.0,30.72,0.03629186652402261,31.87687115309146,19.405488362175912,19.388055555555557,0.017280639722222223,26.0,14.0,22.895915369120857,24.0,-1.104084630879143,0.0
2021-05-24,2021,13.0,31.07,0.028361080263024196,31.97689941075096,19.420665853655056,19.386666666666667,0.03386959083333333,30.0,17.0,26.625495147364482,27.0,-0.3745048526355177,0.0
2021-05-25,2021,14.0,31.37,0.021939586144778422,32.07368333858728,19.435421387765565,19.384999999999998,0.050173765277777775,32.0,18.0,28.353640577174666,29.0,-0.6463594228253342,0.0
2021-05-26,2021,12.0,30.04,0.0661295199820261,32.16720160104197,19.449745715360166,19.383333333333333,0.06618054888888888,34.0,22.0,30.864350290305673,31.0,-0.13564970969432721,0.0
2021-05-27,2021,11.0,22.88,0.29070612750240743,32.25743360708034,19.463629691836744,19.381666666666668,0.08187725305555556,34.0,23.0,31.116607671377896,32.0,-0.8833923286221044,0.0
2021-05-28,2021,11.0,19.49,0.3974219833933683,32.34435950676781,19.477064295205487,19.379722222222224,0.09725113638888888,34.0,23.0,31.10786751544435,23.0,8.107867515444351,0.0
2021-05-29,2021,13.0,18.37,0.4335135514815378,32.42796018870928,19.490040644483663,19.3775,0.11228942916666666,32.0,19.0,28.57206352822317,20.0,8.572063528223168,0.0
2021-05-30,2021,11.0,29.11,0.10453410130833607,32.50821727832592,19.502550018354576,19.375555555555557,0.1269793561111111,32.0,21.0,29.0913245480597,29.0,0.09132454805969914,0.0
2021-05-31,2021,11.0,31.79,0.024401116350111884,32.58511313693593,19.514583874022723,19.373055555555556,0.14130816138888888,33.0,22.0,30.083530262039197,30.0,0.08353026203919711,0.0
2021-06-01,2021,12.0,24.91,0.23726135043554863,32.658630861599086,19.526133866192886,19.370833333333334,0.1552631322222222,34.0,22.0,30.810246853638642,31.0,-0.1897531463613582,0.0
2021-06-02,2021,12.0,28.48,0.12981717081537447,32.72875428567832,19.53719186609701,19.368333333333332,0.16883162416666667,35.0,23.0,31.802454468786724,33.0,-1.197545531213276,0.0
2021-06-03,2021,11.0,24.75,0.24532255447477624,32.79546798006537,19.54774998048912,19.365555555555556,0.18200108555555555,38.0,27.0,35.06210506548888,33.0,2.062105065488879,0.0
2021-06-04,2021,8.0,17.16,0.47776478986031923,32.858757255012094,19.55780057052538,19.36277777777778,0.19475908305555556,33.0,25.0,30.858639092096734,26.0,4.858639092096734,0.0
2021-06-05,2021,15.0,19.93,0.39456735528991405,32.9186081625043,19.56733627044394,19.360000000000003,0.20709332555555557,32.0,17.0,27.976578966328535,17.0,10.976578966328535,0.07891347105798253
2021-06-06,2021,10.0,24.89,0.2451859184362175,32.97500749911059,19.576350005956854,19.357222222222223,0.21899168972222222,23.0,13.0,20.31245088584393,21.0,-0.6875491141560701,0.0
2021-06-07,2021,12.0,24.77,0.2500289787024329,33.02794280923552,19.58483501226523,19.354166666666668,0.23044224472222222,28.0,16.0,24.768995887224047,26.0,-1.2310041127759526,0.0
2021-06-08,2021,17.0,24.71,0.2529643135327081,33.077402388703554,19.592784851607632,19.351111111111113,0.241433275,37.0,20.0,32.41486064781992,29.0,3.4148606478199213,0.5565214897719576
2021-06-09,2021,10.0,16.49,0.5021642614520634,33.12337528859868,19.600193430251807,19.348055555555554,0.25195330499999996,31.0,21.0,28.298541458676674,23.0,5.298541458676674,0.0
2021-06-10,2021,11.0,23.76,0.2836004789605574,33.16585131928341,19.607055014840363,19.345,0.26199112305555555,32.0,21.0,29.024000434551425,25.0,4.024000434551425,0.0
2021-06-11,2021,10.0,21.99,0.3377467698472665,33.204821054520956,19.61336424800236,19.341666666666665,0.2715358033333333,28.0,18.0,25.29087472357466,27.0,-1.7091252764253397,0.0
2021-06-12,2021,9.0,17.69,0.4678142838682249,33.24027583562532,19.61911616314477,19.33833333333333,0.28057672694444447,27.0,18.0,24.558777227431733,25.0,-0.4412227725682669,0.0
2021-06-13,2021,5.0,15.63,0.5302385671119032,33.272207775565235,19.62430619834084,19.334999999999997,0.289103605,22.0,17.0,20.642257214777572,20.0,0.6422572147775725,0.0
2021-06-14,2021,11.0,19.09,0.42673722385591917,33.30060976295105,19.628930209235804,19.331666666666667,0.29710649666666666,23.0,12.0,20.01001196848333,21.0,-0.9899880315166705,0.0
2021-06-15,2021,11.0,32.1,0.036772932680072645,33.325475465836625,19.632984480895,19.328333333333333,0.3045758302777778,26.0,15.0,23.00742334691835,25.0,-1.9925766530816489,0.0
2021-06-16,2021,13.0,29.92,0.10276246607115624,33.34679933527261,19.63646573852433,19.32472222222222,0.31150242055555555,31.0,18.0,27.460692772126094,28.0,-0.5393072278739055,0.0
2021-06-17,2021,10.0,22.91,0.31334360184485655,33.36457660855248,19.639371156999037,19.32138888888889,0.31787748555555556,32.0,22.0,29.27577091738635,30.0,-0.7242290826136504,0.0
2021-06-18,2021,11.0,27.12,0.1875083193839343,33.37880331209849,19.64169836914314,19.317777777777778,0.32369266361111115,33.0,22.0,30.001863777272582,31.0,-0.9981362227274175,0.0
2021-06-19,2021,6.0,13.68,0.5902900694859389,33.38947626394061,19.643445472708866,19.314444444444444,0.32894002694444446,31.0,25.0,29.364045340115645,26.0,3.364045340115645,0.0
2021-06-20,2021,16.0,19.59,0.41341321985848245,33.39659307574882,19.644611036013124,19.310833333333335,0.333612095,31.0,15.0,26.63637342845161,18.0,8.63637342845161,0.4960958638301787
2021-06-21,2021,12.0,27.87,0.16557266352632583,33.40015215438629,19.645194102196037,19.307222222222222,0.33770184722222224,27.0,15.0,23.726874610808412,26.0,-2.2731253891915877,0.0
2021-06-22,2021,11.0,15.35,0.5404212628452977,33.40015270295875,19.645194192074904,19.30388888888889,0.34120273305555554,29.0,18.0,25.99963500261692,19.0,6.99963500261692,0.0
2021-06-23,2021,9.0,22.16,0.3364592951796429,33.39659472134338,19.64461130557584,19.30027777777778,0.34410868166666664,24.0,15.0,21.545459912910044,22.0,-0.4545400870899563,0.0
2021-06-24,2021,15.0,31.01,0.07126433466505411,33.38947900618884,19.64344592173397,19.296944444444446,0.3464141088888889,32.0,17.0,27.91011295991055,29.0,-1.089887040089451,0.01425286693301077
2021-06-25,2021,7.0,16.12,0.5170588353450706,33.37880715038662,19.641698997262278,19.293333333333337,0.34811392444444444,24.0,17.0,22.092094876101186,18.0,4.092094876101186,0.0
2021-06-26,2021,10.0,18.11,0.4572088375455585,33.364581542021774,19.639371963698046,19.290000000000003,0.34920353555555556,25.0,15.0,22.275770449603666,23.0,-0.7242295503963341,0.0
2021-06-27,2021,6.0,18.85,0.43472846064538384,33.34680536281995,19.63646672314477,19.28666666666667,0.3496788522222222,23.0,17.0,21.366473244445164,22.0,-0.6335267555548363,0.0
2021-06-28,2021,14.0,32.08,0.03737327982863603,33.32548258611522,19.632985642636104,19.283333333333335,0.3495362875,30.0,16.0,26.191265134059655,27.0,-0.8087348659403446,0.0
2021-06-29,2021,13.0,30.28,0.0907075651477679,33.30061797437121,19.628931547156824,19.279999999999998,0.34877276,32.0,19.0,28.466376771122984,29.0,-0.5336232288770155,0.0
2021-06-30,2021,10.0,21.85,0.34329594117829487,33.27221707629535,19.62430771136379,19.276666666666667,0.3473856908333333,32.0,22.0,29.284513550636927,29.0,0.28451355063692674,0.0
2021-07-01,2021,9.0,30.62,0.07882862999335882,33.24028622359295,19.619117850057584,19.27361111111111,0.3453730033333334,33.0,24.0,30.558776344955117,31.0,-0.44122365504488315,0.0
2021-07-02,2021,10.0,30.43,0.08356712912564779,33.204832527413906,19.613366107462333,19.270555555555553,0.34273312027777775,34.0,24.0,31.29087364201985,32.0,-0.7091263579801499,0.0
2021-07-03,2021,8.0,30.03,0.09455094811979858,33.16586387455097,19.60705704537799,19.2675,0.33946495666666665,35.0,27.0,32.83563573412353,33.0,-0.1643642658764719,0.0
2021-07-04,2021,13.0,29.2,0.11844769061884652,33.12338892345287,19.600195630274914,19.264444444444443,0.3355679177777778,38.0,25.0,34.48810223016849,35.0,-0.5118977698315135,0.0
2021-07-05,2021,13.0,23.46,0.2907547790388195,33.07741710012037,19.59278721940581,19.261666666666667,0.33104188944444446,41.0,28.0,37.49371517125117,35.0,2.493715171251168,0.0
2021-07-06,2021,9.0,19.39,0.4129216328995835,33.02795859395624,19.584837546014512,19.25888888888889,0.32588723138888886,38.0,29.0,35.57674558459112,33.0,2.576745584591123,0.0
2021-07-07,2021,7.0,19.67,0.40348793107633085,32.975024353643065,19.57635270372465,19.25611111111111,0.32010476861111115,35.0,28.0,33.1187145169028,31.0,2.1187145169027986,0.0
2021-07-08,2021,7.0,13.44,0.5917205060119419,32.91862608312411,19.567339130194185,19.253611111111113,0.31369578305555557,33.0,26.0,31.122402346959465,32.0,-0.8775976530405352,0.0
2021-07-09,2021,11.0,22.76,0.30733878111253166,32.85877623776372,19.557803590123868,19.25111111111111,0.30666200055555554,38.0,27.0,35.05562680703143,35.0,0.0556268070314303,0.0
2021-07-10,2021,14.0,27.93,0.1483584576537742,32.795488020763266,19.547753157708968,19.248611111111114,0.29900558222222223,39.0,25.0,35.26085838524527,32.0,3.260858385245271,0.0
2021-07-11,2021,8.0,22.17,0.3226144350756812,32.72877537990783,19.537195198624303,19.24638888888889,0.2907291116666667,33.0,25.0,30.868301414615722,29.0,1.868301414615722,0.0
2021-07-12,2021,12.0,22.17,0.32116000017521473,32.65865300471728,19.526137351632375,19.24416666666667,0.2818355838888889,30.0,18.0,26.81024439592791,28.0,-1.18975560407209,0.0
2021-07-13,2021,11.0,23.37,0.2828018343217601,32.585136324072245,19.514587509903635,19.242222222222225,0.2723283908333333,33.0,22.0,30.083527908737697,30.0,0.08352790873769678,0.0
2021-07-14,2021,6.0,8.54,0.7372973866073723,32.50824150438262,19.502553802136447,19.240277777777777,0.2622113102777778,27.0,21.0,25.413448415785002,23.0,2.413448415785002,0.0
2021-07-15,2021,15.0,28.46,0.12236299583519783,32.427985448361746,19.4900445735622,19.238333333333333,0.25148849194444445,34.0,19.0,30.044685208697043,31.0,-0.9553147913029569,0.02447259916703948
2021-07-16,2021,10.0,24.99,0.22737750660033385,32.34438579446462,19.477068366918438,19.236666666666668,0.24016444388888888,35.0,25.0,32.370786244150175,31.0,1.3707862441501746,0.0
2021-07-17,2021,4.0,11.03,0.6580636018325812,32.2574609170431,19.46363390346974,19.235277777777778,0.22824401833333333,27.0,23.0,25.951492701559165,26.0,-0.048507298440835456,0.0
2021-07-18,2021,8.0,21.31,0.33752455377148605,32.16722992726486,19.449750064152493,19.233888888888888,0.21573239944444442,28.0,20.0,25.9095647977094,27.0,-1.0904352022905996,0.0
2021-07-19,2021,12.0,21.73,0.32249813982251196,32.07371267483649,19.435425870915893,19.232777777777777,0.20263508777777778,33.0,21.0,29.87454587156067,30.0,-0.1254541284393298,0.0
2021-07-20,2021,11.0,24.44,0.23569898077631457,31.97692975056367,19.420670468327046,19.231666666666666,0.1889578886111111,35.0,24.0,32.14464672067908,32.0,0.14464672067907713,0.0
2021-07-21,2021,13.0,25.05,0.21416455039709736,31.876902489774718,19.405493105503744,19.230555555555554,0.17470689611111112,38.0,25.0,34.63723797562485,34.0,0.6372379756248492,0.0
2021-07-22,2021,9.0,18.69,0.4117767946370666,31.77365297662523,19.389903118433654,19.229999999999997,0.15988848194444444,35.0,26.0,32.6803019264065,28.0,4.6803019264065,0.0
2021-07-23,2021,7.0,18.79,0.4066416482253773,31.66720404929443,19.373909912733815,19.229166666666664,0.1445092813888889,33.0,26.0,31.20247918546286,31.0,0.2024791854628596,0.0
2021-07-24,2021,10.0,28.7,0.09055128336554819,31.557579306075173,19.35752294689947,19.228888888888886,0.12857618,36.0,26.0,33.44192190503017,34.0,-0.5580780949698294,0.0
2021-07-25,2021,11.0,28.83,0.0831553342219784,31.44480311235193,19.340751716086167,19.22861111111111,0.11209630166666668,37.0,26.0,34.197177621858444,34.0,0.19717762185844379,0.0
2021-07-26,2021,9.0,27.5,0.12221624551419585,31.328900608452468,19.32360573646426,19.22833333333333,0.09507699555555554,36.0,27.0,33.716053763472935,34.0,-0.28394623652706485,0.0
2021-07-27,2021,12.0,25.3,0.18935972721487915,31.20989771835128,19.30609453017975,19.22833333333333,0.07752582499999999,40.0,28.0,36.96738925215213,35.0,1.967389252152131,0.0
2021-07-28,2021,8.0,24.83,0.20129494206587972,31.08782115919448,19.288227610950976,19.22861111111111,0.059450555555555555,34.0,26.0,31.986881964073092,32.0,-0.013118035926908078,0.0
2021-07-29,2021,11.0,26.09,0.15737318435678094,30.962698451608382,19.270014470325542,19.228888888888886,0.040859143611111114,35.0,24.0,32.24407290438317,33.0,-0.7559270956168334,0.0
2021-07-30,2021,16.0,18.92,0.38640274841968525,30.83455793074642,19.251464564617677,19.229444444444443,0.021759726666666666,33.0,17.0,29.00935638072506,22.0,7.009356380725059,0.463683298103622
2021-07-31,2021,3.0,4.48,0.8540879575598024,30.703428758021392,19.23258730254168,19.230277777777776,0.002160611111111111,19.0,16.0,18.255191802631675,18.0,0.25519180263167485,0.0
2021-08-01,2021,11.0,29.06,0.049374336749655745,30.56934093346388,19.21339203355301,19.231111111111108,0.01792973527777778,29.0,18.0,26.281880291509985,25.0,1.2818802915099852,0.0
2021-08-02,2021,12.0,29.28,0.03786517451274718,30.432325308640362,19.19388803690468,19.23222222222222,0.038502694444444444,32.0,20.0,29.04904581349154,29.0,0.04904581349153858,0.0
2021-08-03,2021,11.0,24.88,0.17867224683768268,30.292413600058897,19.174084511422926,19.233611111111113,0.05954950611111111,34.0,23.0,31.308266843707038,30.0,1.3082668437070382,0.0
2021-08-04,2021,10.0,20.89,0.3071227017458332,30.149638402984543,19.153990566002633,19.235,0.08106127611111112,35.0,25.0,32.5652727072615,32.0,0.5652727072614994,0.0
2021-08-05,2021,9.0,19.05,0.3650853580425848,30.004033205581226,19.133615210819983,19.23638888888889,0.10302898611111112,34.0,25.0,31.819998099604987,29.0,2.8199980996049874,0.0
2021-08-06,2021,12.0,23.61,0.20919444341107818,29.85563240329253,19.112967349256607,19.238333333333333,0.1254434986111111,33.0,21.0,30.108569241836676,29.0,1.1085692418366762,0.0
2021-08-07,2021,9.0,24.87,0.16275230965626797,29.704471313369194,19.092055770527203,19.240277777777777,0.14829556583333334,32.0,23.0,29.84302802862114,29.0,0.8430280286211413,0.0
2021-08-08,2021,10.0,17.72,0.40035030485021494,29.550586189448097,19.070889142999874,19.242222222222225,0.17157583638888887,34.0,24.0,31.6164416861142,30.0,1.6164416861142001,0.0
2021-08-09,2021,12.0,26.17,0.1096826792757748,29.394014236083958,19.049476008196507,19.244722222222222,0.19527486055555557,36.0,24.0,33.15564207467837,32.0,1.1556420746783687,0.0
2021-08-10,2021,9.0,13.86,0.5259073767145386,29.234793623132575,19.027824775458466,19.246944444444445,0.21938309777777776,30.0,21.0,27.878826336113935,23.0,4.878826336113935,0.0
2021-08-11,2021,11.0,25.93,0.10810605874064239,29.072963499882892,19.005943717261424,19.249722222222225,0.24389092055555553,33.0,22.0,30.422428771413102,30.0,0.4224287714131023,0.0
2021-08-12,2021,13.0,26.11,0.09680743768448552,28.908564008833068,18.983840965161413,19.2525,0.2687886208333333,37.0,24.0,33.97169776812271,31.0,2.9716977681227092,0.0
2021-08-13,2021,6.0,18.62,0.352159361899513,28.741636299005744,18.9615245063533,19.255555555555556,0.2940664147222222,31.0,25.0,29.610691729473235,27.0,2.610691729473235,0.0
2021-08-14,2021,9.0,17.69,0.38086720499108384,28.57222253869664,18.939002180821667,19.25861111111111,0.3197144461111111,29.0,20.0,26.92873800231403,23.0,3.928738002314031,0.0
2021-08-15,2021,4.0,7.69,0.7292288409375793,28.400365927551512,18.916281679063353,19.261944444444445,0.34572279194444444,20.0,16.0,19.08514696908051,19.0,0.08514696908050823,0.0
2021-08-16,2021,8.0,12.27,0.5652961144030311,28.226110707867004,18.893370540360294,19.26527777777778,0.3720814663888889,26.0,18.0,24.181832938987483,22.0,2.1818329389874833,0.0
2021-08-17,2021,6.0,10.04,0.6420613835726426,28.049502175012147,18.87027615158083,19.26888888888889,0.3987804225,21.0,15.0,19.645119066894303,17.0,2.6451190668943028,0.0
2021-08-18,2021,9.0,24.74,0.11232582657990253,27.870586686869434,18.84700574648732,19.272777777777776,0.42580955833333334,26.0,17.0,23.98092682535254,23.0,0.9809268253525403,0.0
2021-08-19,2021,11.0,26.14,0.05595682893299214,27.689411672196282,18.82356640552789,19.276666666666667,0.4531587177777778,29.0,18.0,26.548592906589633,26.0,0.5485929065896329,0.0
2021-08-20,2021,9.0,24.05,0.12564612871806713,27.506025637810836,18.799965056089885,19.280555555555555,0.48081769527777773,29.0,20.0,27.00780458445501,27.0,0.007804584455008978,0.0
2021-08-21,2021,11.0,24.1,0.11787781143280562,27.320478174508835,18.77620847319291,18.284722222222225,0.49122376166666665,29.0,18.0,26.58174454872885,27.0,-0.4182554512711505,0.0
2021-08-22,2021,10.0,25.81,0.04875350087065844,27.132819961622374,18.75230328059946,18.289166666666667,0.46297595166666666,28.0,18.0,25.816853656536637,26.0,-0.18314634346336334,0.0
2021-08-23,2021,12.0,26.13,0.030178512737446095,26.943102770134832,18.728255952321405,18.29361111111111,0.43444921416666665,30.0,18.0,27.398698809438095,28.0,-0.6013011905619052,0.0
2021-08-24,2021,12.0,24.19,0.09574756575421084,26.75137946427115,18.70407281450104,18.298333333333336,0.4056539294444444,31.0,19.0,28.417322094862143,29.0,-0.5826779051378566,0.0
2021-08-25,2021,12.0,25.03,0.05752394865916599,26.557704001486858,18.679760047645765,18.303055555555556,0.37660051527777777,32.0,20.0,29.436089982594282,29.0,0.43608998259428233,0.0
2021-08-26,2021,11.0,14.95,0.43289866226287166,26.3621314307847,18.655323689196173,18.30777777777778,0.34729942472222225,31.0,20.0,28.667081740150138,29.0,-0.3329182598498619,0.0
2021-08-27,2021,10.0,16.44,0.37167295020873237,26.164717889292564,18.630769636407578,18.31277777777778,0.31776114499999997,32.0,22.0,29.89503564286025,28.0,1.8950356428602504,0.0
2021-08-28,2021,11.0,21.08,0.18815415538400493,25.965520597042516,18.606103649525917,18.318055555555556,0.28799619472222227,34.0,23.0,31.702117780031394,30.0,1.7021177800313936,0.0
2021-08-29,2021,7.0,19.54,0.24159499349302216,25.764597849895942,18.581331355239435,18.323055555555555,0.2580151230555555,29.0,22.0,27.548972372513724,28.0,-0.4510276274862761,0.0
2021-08-30,2021,8.0,14.14,0.4468353409094321,25.562009010566424,18.55645825038826,18.328611111111112,0.22782850583333333,30.0,22.0,28.35463517097462,27.0,1.3546351709746212,0.0
2021-08-31,2021,12.0,22.61,0.10836164520199798,25.357814497697586,18.53148970591467,18.333888888888886,0.1974469472222222,33.0,21.0,30.551501476866264,30.0,0.5515014768662638,0.0
2021-09-01,2021,11.0,16.3,0.3519421559025564,25.15207577296,18.50643097103756,18.339444444444442,0.16688107416666667,30.0,19.0,27.773569088228644,26.0,1.7735690882286441,0.0
2021-09-02,2021,7.0,11.94,0.5213441872525411,24.944855326137237,18.48128717763528,18.345,0.1361415375,24.0,17.0,22.594716892301356,21.0,1.5947168923013564,0.0
2021-09-03,2021,11.0,22.63,0.08514708159632234,24.736216658178208,18.456063344821757,18.350555555555555,0.10523900972222222,27.0,16.0,24.80992611537217,24.0,0.8099261153721713,0.0
2021-09-04,2021,11.0,22.46,0.08424550962716315,24.526224262199054,18.430764383701472,18.35638888888889,0.07418418194444446,29.0,18.0,26.82824997781677,26.0,0.8282499778167711,0.0
2021-09-05,2021,15.0,23.67,0.026524577353356116,24.314943602425014,18.405395102289596,18.362222222222222,0.04298776416666667,34.0,19.0,31.06363551967483,29.0,2.063635519674829,0.005304915470671205
2021-09-06,2021,13.0,23.59,0.02126096228730634,24.102441091069245,18.379960210584176,18.368055555555557,0.011660481944444445,33.0,20.0,30.477020073358556,30.0,0.4770200733585561,0.0
2021-09-07,2021,12.0,22.9,0.04139114240967556,23.888784063151906,18.354464325778014,18.374166666666667,0.01978692361111111,33.0,21.0,30.691375473277468,30.0,0.6913754732774677,0.0
2021-09-08,2021,14.0,22.78,0.037764602956425475,23.674040749270436,18.328911977598437,18.38,0.051343699444444446,37.0,23.0,34.33036881449756,32.0,2.330368814497561,0.0
2021-09-09,2021,11.0,20.72,0.11672979509079662,23.458280246337452,18.303307613763792,18.38611111111111,0.08299907972222223,34.0,23.0,31.921182743280532,31.0,0.9211827432805322,0.0
2021-09-10,2021,8.0,15.82,0.3193231650174191,23.241572486310403,18.277655605546048,18.392222222222223,0.11474229083333333,25.0,17.0,23.50182378868471,18.0,5.50182378868471,0.0
2021-09-11,2021,8.0,19.0,0.17477372588422002,23.023988202942608,18.251960253429495,18.398333333333333,0.14656254916666667,24.0,16.0,22.515566610250367,21.0,1.5155666102503673,0.0
2021-09-12,2021,13.0,19.8,0.13179214938493,22.805598896592517,18.22622579285597,18.404444444444444,0.1784490663888889,27.0,14.0,24.610208145444425,24.0,0.6102081454444246,0.0
2021-09-13,2021,7.0,20.49,0.09282000092196174,22.586476797133827,18.200456400047564,18.410833333333333,0.2103910488888889,27.0,20.0,25.725298267161723,25.0,0.7252982671617225,0.0
2021-09-14,2021,8.0,21.03,0.059762733630193465,22.366694825015212,18.17465619789818,18.416944444444447,0.24237770055555555,26.0,18.0,24.557081571140714,24.0,0.5570815711407135,0.0
2021-09-15,2021,11.0,19.97,0.09827031790394924,22.146326550524737,18.148829261925783,18.423055555555557,0.27439822444444445,29.0,18.0,27.03513459949412,27.0,0.03513459949412123,0.0
2021-09-16,2021,10.0,18.43,0.15942417441338763,21.92544615131926,18.1229796262774,18.429166666666667,0.3064418241666667,29.0,19.0,27.2312146320178,27.0,0.23121463201779946,0.0
2021-09-17,2021,9.0,15.31,0.29460424578158295,21.70412836828537,18.09711128977951,18.435555555555556,0.33849770611111113,29.0,20.0,27.423844830507733,26.0,1.4238448305077327,0.0
2021-09-18,2021,12.0,19.88,0.07459338086165446,21.482448459802942,18.07122822202643,18.441666666666666,0.3705550808333334,34.0,22.0,31.919513248964247,27.0,4.919513248964247,0.0
2021-09-19,2021,11.0,18.35,0.1368963381610795,21.260482154488447,18.045334369499844,18.447777777777777,0.40260316527777773,34.0,23.0,32.11222957355807,28.0,4.112229573558068,0.0
2021-09-20,2021,9.0,17.52,0.16723331569446354,21.038305602499378,18.01943366171265,18.453888888888887,0.43463118444444443,27.0,18.0,25.47131874541202,22.0,3.4713187454120202,0.0
2021-09-21,2021,9.0,18.57,0.10789757061177552,20.815995325486018,17.993530017370485,18.46,0.4666283725,21.0,12.0,19.487206505319982,19.0,0.4872065053199819,0.0
2021-09-22,2021,8.0,16.04,0.22111830556202883,20.593628165281523,17.967627350544504,18.46611111111111,0.49858397666666665,20.0,12.0,18.669440726934383,18.0,0.6694407269343827,0.0
2021-09-23,2021,11.0,13.87,0.3191395355828578,20.37128123142465,17.941729576848914,17.471944444444443,0.4695127436111111,22.0,11.0,20.189960538404176,20.0,0.1899605384041756,0.0
2021-09-24,2021,9.0,11.6,0.4242899565731021,20.14903184761434,17.915840619616947,17.478055555555553,0.4376725130555556,21.0,12.0,19.53501681658399,13.0,6.53501681658399,0.0
2021-09-25,2021,9.0,19.21,0.035979275677120004,19.92695749719794,17.889964416068796,17.483888888888888,0.4059060397222222,17.0,8.0,15.55099225308278,15.0,0.5509922530827804,0.0
2021-09-26,2021,12.0,18.62,0.055068677556248447,19.705135767799025,17.864104923465167,17.489722222222223,0.37422401194444443,19.0,7.0,17.089308981169392,18.0,-0.9106910188306081,0.0
2021-09-27,2021,13.0,17.54,0.09975773863170523,19.483644295192974,17.838266125239773,17.495555555555555,0.34263709861111113,23.0,10.0,20.9531962471724,21.0,-0.046803752827599965,0.0
2021-09-28,2021,8.0,18.02,0.06450651735622714,19.262560706541926,17.8124520371042,18.00111111111111,0.18884405444444446,22.0,14.0,20.754657595216244,20.0,0.7546575952162442,0.0
2021-09-29,2021,11.0,15.97,0.16132594279200174,19.041962563102516,17.78666671311818,18.006666666666668,0.22020882638888886,24.0,13.0,22.30722430873987,21.0,1.307224308739869,0.0
2021-09-30,2021,13.0,15.67,0.16746039084423514,18.821927302522138,17.760914251718223,18.01222222222222,0.2514466202777778,26.0,13.0,24.02257625867567,22.0,2.02257625867567,0.0
2022-05-01,2022,8.0,27.68,0.04249657998478795,28.9085129320585,18.983834117466134,19.38,0.3964156047222222,28.0,20.0,26.136432815977862,25.0,1.1364328159778623,0.0
2022-05-02,2022,9.0,27.01,0.07095653587003814,29.07291320895793,19.005936936675834,19.38222222222222,0.37636398972222224,31.0,22.0,28.891081886767083,27.0,1.8910818867670827,0.0
2022-05-03,2022,14.0,26.11,0.10688460677575928,29.234744130587814,19.027818064467443,19.384166666666665,0.3563746769444444,36.0,22.0,32.700402361231525,30.0,2.700402361231525,0.0
2022-05-04,2022,10.0,23.03,0.21650585193820404,29.393965554141666,19.04946936932894,19.385833333333334,0.33645452416666666,28.0,18.0,25.62970584476051,25.0,0.6297058447605117,0.0
2022-05-05,2022,8.0,18.93,0.3594025330914151,29.550538330026466,19.070882578827508,19.38722222222222,0.31661075111111114,29.0,21.0,27.093156597010115,26.0,1.0931565970101147,0.0
2022-05-06,2022,4.0,8.17,0.7249567969820339,29.704424288086567,19.09204928366328,19.38888888888889,0.2968509336111111,19.0,15.0,18.041347391748133,17.0,1.0413473917481326,0.0
2022-05-07,2022,14.0,26.76,0.10368532710431977,29.85558622347191,19.11296094235434,19.39,0.2771830011111111,28.0,14.0,24.62666963816686,25.0,-0.3733303618331405,0.0
2022-05-08,2022,11.0,19.39,0.35375257195501375,30.00398788225465,19.1336088865708,19.391111111111112,0.25761523194444447,29.0,18.0,26.335557506462056,25.0,1.335557506462056,0.0
2022-05-09,2022,11.0,26.43,0.12337127834785766,30.149593946897586,19.153984327134236,19.391944444444444,0.23815624722222223,24.0,13.0,21.321804184477664,22.0,-0.6781958155223364,0.0
2022-05-10,2022,14.0,26.33,0.1308042262404696,30.292370021675225,19.17407836069709,19.392777777777777,0.21881500277777777,27.0,13.0,23.57416306747823,25.0,-1.4258369325217686,0.0
2022-05-11,2022,13.0,15.12,0.5031591882304529,30.43228261814612,19.193881977114923,19.393333333333334,0.19960078388888888,30.0,17.0,26.803137771994617,19.0,7.803137771994617,0.0
2022-05-12,2022,5.0,12.13,0.6031966600169292,30.569299140772138,19.213386067521952,19.39388888888889,0.1805231938888889,23.0,18.0,21.764492858040924,20.0,1.7644928580409243,0.0
2022-05-13,2022,11.0,18.03,0.4127683865145533,30.703387872776432,19.23258143311824,19.394166666666667,0.1615921461111111,27.0,16.0,24.269040532720705,24.0,0.26904053272070527,0.0
2022-05-14,2022,11.0,23.71,0.23105657014104575,30.83451796232797,19.25145879467404,19.394166666666667,0.1428178525,29.0,18.0,26.2564363601997,26.0,0.2564363601997002,0.0
2022-05-15,2022,11.0,22.12,0.28559108222230356,30.96265940913564,19.27000880275388,19.394166666666667,0.12421081277777778,30.0,19.0,27.244076676700406,25.0,2.2440766767004057,0.0
2022-05-16,2022,7.0,15.1,0.5142786484655155,31.087783051530014,19.288222048659975,19.39388888888889,0.10578180083333333,24.0,17.0,22.238524069716384,22.0,0.23852406971638374,0.0
2022-05-17,2022,10.0,20.54,0.34187466283637313,31.2098605541048,19.306089076090895,19.39361111111111,0.08754185055555556,27.0,17.0,24.472827663615593,25.0,-0.5271723363844067,0.0
2022-05-18,2022,11.0,26.34,0.1592417884327707,31.328864395984294,19.323600393507927,19.393055555555556,0.06950224277777778,30.0,19.0,27.208513690184216,28.0,-0.7914863098157845,0.0
2022-05-19,2022,11.0,26.72,0.15025608968861692,31.44476785977628,19.340746487197485,19.392222222222223,0.051674489444444444,32.0,21.0,29.19718107450294,29.0,0.19718107450293942,0.0
2022-05-20,2022,8.0,16.98,0.4619353315171062,31.557545021263238,19.357517835013972,19.391388888888887,0.03407031527777778,28.0,20.0,25.953539974176046,26.0,-0.046460025823954254,0.0
2022-05-21,2022,14.0,30.19,0.04664675452098577,31.667170739877196,19.373904920782916,19.390555555555554,0.016701642222222222,33.0,19.0,29.404962550281944,30.0,-0.5950374497180562,0.0
2022-05-22,2022,11.0,23.44,0.26228111494737916,31.77362064999603,19.3898982493399,19.389444444444443,0.00041942944444444444,33.0,22.0,30.16481666272595,30.0,0.16481666272595064,0.0
2022-05-23,2022,6.0,17.39,0.4544633970980714,31.87687115309146,19.405488362175912,19.388055555555557,0.017280639722222223,28.0,22.0,26.44795768456043,27.0,-0.5520423154395715,0.0
2022-05-24,2022,11.0,26.43,0.1734658304265121,31.97689941075096,19.420665853655056,19.386666666666667,0.03386959083333333,31.0,20.0,28.14464974007764,29.0,-0.8553502599223606,0.0
2022-05-25,2022,14.0,17.12,0.4662290632705963,32.07368333858728,19.435421387765565,19.384999999999998,0.050173765277777775,37.0,23.0,33.353640577174666,32.0,1.3536405771746658,0.0
2022-05-26,2022,7.0,12.94,0.5977268970894614,32.16720160104197,19.449745715360166,19.383333333333333,0.06618054888888888,32.0,25.0,30.170871002678307,28.0,2.1708710026783073,0.0
2022-05-27,2022,8.0,15.36,0.5238306869946232,32.25743360708034,19.463629691836744,19.381666666666668,0.08187725305555556,31.0,23.0,28.90298739736574,26.0,2.9029873973657416,0.0
2022-05-28,2022,10.0,28.87,0.1074177865862771,32.34435950676781,19.477064295205487,19.379722222222224,0.09725113638888888,33.0,23.0,30.370788650403956,30.0,0.3707886504039557,0.0
2022-05-29,2022,9.0,29.51,0.08998284726293848,32.42796018870928,19.490040644483663,19.3775,0.11228942916666666,32.0,23.0,29.62681321184681,29.0,0.6268132118468088,0.0
2022-05-30,2022,8.0,28.94,0.10976354832920798,32.50821727832592,19.502550018354576,19.375555555555557,0.1269793561111111,27.0,19.0,24.884599671316145,26.0,-1.1154003286838545,0.0
2022-05-31,2022,8.0,19.27,0.4086256531005553,32.58511313693593,19.514583874022723,19.373055555555556,0.14130816138888888,27.0,19.0,24.878931099664868,24.0,0.878931099664868,0.0
2022-06-01,2022,9.0,13.25,0.5942879523593344,32.658630861599086,19.526133866192886,19.370833333333334,0.1552631322222222,24.0,15.0,21.60768514022898,23.0,-1.3923148597710195,0.0
2022-06-02,2022,9.0,15.72,0.5196884102955648,32.72875428567832,19.53719186609701,19.368333333333332,0.16883162416666667,23.0,14.0,20.601840851590044,16.0,4.601840851590044,0.0
2022-06-03,2022,12.0,27.0,0.1767155139724832,32.79546798006537,19.54774998048912,19.365555555555556,0.18200108555555555,25.0,13.0,21.79502370780605,23.0,-1.204976292193951,0.0
2022-06-04,2022,11.0,18.86,0.42602820144321807,32.858757255012094,19.55780057052538,19.36277777777778,0.19475908305555556,27.0,16.0,24.05562875163301,19.0,5.055628751633009,0.0
2022-06-05,2022,10.0,29.8,0.09473693866730748,32.9186081625043,19.56733627044394,19.360000000000003,0.20709332555555557,27.0,17.0,24.31771931088569,26.0,-1.682280689114311,0.0
2022-06-06,2022,11.0,30.08,0.0877939906211902,32.97500749911059,19.576350005956854,19.357222222222223,0.21899168972222222,29.0,18.0,26.043695974428324,25.0,1.0436959744283243,0.0
2022-06-07,2022,9.0,21.0,0.3641747498082798,33.02794280923552,19.58483501226523,19.354166666666668,0.23044224472222222,29.0,20.0,26.576746915418035,27.0,-0.4232530845819653,0.0
2022-06-08,2022,12.0,31.69,0.04194411557472755,33.077402388703554,19.592784851607632,19.351111111111113,0.241433275,32.0,20.0,28.763431045519944,29.0,-0.236568954480056,0.0
2022-06-09,2022,11.0,32.19,0.028178749311214002,33.12337528859868,19.600193430251807,19.348055555555554,0.25195330499999996,33.0,22.0,30.028395604544343,31.0,-0.9716043954556568,0.0
2022-06-10,2022,11.0,18.96,0.42832765492812164,33.16585131928341,19.607055014840363,19.345,0.26199112305555555,34.0,23.0,31.024000434551425,31.0,0.024000434551425087,0.0
2022-06-11,2022,12.0,27.51,0.17150584986349693,33.204821054520956,19.61336424800236,19.341666666666665,0.2715358033333333,36.0,24.0,32.749049668289594,34.0,-1.2509503317104063,0.0
2022-06-12,2022,12.0,27.04,0.18652901276409273,33.24027583562532,19.61911616314477,19.33833333333333,0.28057672694444447,39.0,27.0,35.745036303242316,36.0,-0.2549636967576845,0.0
2022-06-13,2022,9.0,26.96,0.1897141247176526,33.272207775565235,19.62430619834084,19.334999999999997,0.289103605,37.0,28.0,34.556062986599635,34.0,0.5560629865996347,0.0
2022-06-14,2022,7.0,25.53,0.23334737166273523,33.30060976295105,19.628930209235804,19.331666666666667,0.29710649666666666,33.0,26.0,31.0972803435803,30.0,1.0972803435803016,0.0
2022-06-15,2022,9.0,26.59,0.20211190903311949,33.325475465836625,19.632984480895,19.328333333333333,0.3045758302777778,33.0,24.0,30.551528192933198,30.0,0.5515281929331977,0.0
2022-06-16,2022,7.0,11.46,0.6563388322585377,33.34679933527261,19.63646573852433,19.32472222222222,0.31150242055555555,26.0,19.0,24.094219184990973,20.0,4.094219184990973,0.0
2022-06-17,2022,12.0,21.4,0.35860118199388613,33.36457660855248,19.639371156999037,19.32138888888889,0.31787748555555556,30.0,18.0,26.73092510086362,28.0,-1.2690748991363812,0.0
2022-06-18,2022,11.0,29.15,0.1266912798687938,33.37880331209849,19.64169836914314,19.317777777777778,0.32369266361111115,31.0,20.0,28.001863777272582,29.0,-0.9981362227274175,0.0
2022-06-19,2022,8.0,21.62,0.35249059227236823,33.38947626394061,19.643445472708866,19.314444444444444,0.32894002694444446,30.0,22.0,27.818727120154193,27.0,0.8187271201541932,0.0
2022-06-20,2022,8.0,19.97,0.4020348137097445,33.39659307574882,19.644611036013124,19.310833333333335,0.333612095,32.0,24.0,29.818186714225803,30.0,-0.1818132857741972,0.0
2022-06-21,2022,11.0,29.36,0.12096208830760424,33.40015215438629,19.645194102196037,19.307222222222222,0.33770184722222224,34.0,23.0,30.99963505990771,32.0,-1.0003649400922896,0.0
2022-06-22,2022,12.0,29.98,0.10239931336169539,33.40015270295875,19.645194192074904,19.30388888888889,0.34120273305555554,37.0,25.0,33.72687454830937,35.0,-1.2731254516906318,0.0
2022-06-23,2022,13.0,28.09,0.15889628166047698,33.39659472134338,19.64461130557584,19.30027777777778,0.34410868166666664,40.0,27.0,36.45455320753673,36.0,0.45455320753673334,0.0
2022-06-24,2022,6.0,13.92,0.583102210207596,33.38947900618884,19.64344592173397,19.296944444444446,0.3464141088888889,33.0,27.0,31.364045183964222,27.0,4.3640451839642225,0.0
2022-06-25,2022,10.0,18.71,0.4394646904036148,33.37880715038662,19.641698997262278,19.293333333333337,0.34811392444444444,33.0,23.0,30.27442125157312,31.0,-0.7255787484268801,0.0
2022-06-26,2022,12.0,30.38,0.08945358832877248,33.364581542021774,19.639371963698046,19.290000000000003,0.34920353555555556,37.0,25.0,33.730924539524395,33.0,0.7309245395243948,0.0
2022-06-27,2022,11.0,18.61,0.44192555186263105,33.34680536281995,19.63646672314477,19.28666666666667,0.3496788522222222,37.0,26.0,34.005200948149465,33.0,1.005200948149465,0.0
2022-06-28,2022,15.0,20.15,0.3953575931591963,33.32548258611522,19.632985642636104,19.283333333333335,0.3495362875,37.0,22.0,32.91921264363535,23.0,9.919212643635348,0.07907151863183898
2022-06-29,2022,14.0,28.48,0.14476061609671165,33.30061797437121,19.628931547156824,19.279999999999998,0.34877276,35.0,21.0,31.194559599670903,33.0,-1.805440400329097,0.0
2022-06-30,2022,14.0,30.27,0.0902319514630201,33.27221707629535,19.62430771136379,19.276666666666667,0.3473856908333333,40.0,26.0,36.1983189708917,36.0,0.19831897089169814,0.0
2022-07-01,2022,10.0,17.22,0.4819539192843122,33.24028622359295,19.619117850057584,19.27361111111111,0.3453730033333334,34.0,24.0,31.287529272172353,29.0,2.2875292721723532,0.0
2022-07-02,2022,9.0,22.78,0.31395528102143455,33.204832527413906,19.613366107462333,19.270555555555553,0.34273312027777775,31.0,22.0,28.561786277817866,28.0,0.5617862778178662,0.0
2022-07-03,2022,13.0,25.42,0.23354928741942327,33.16586387455097,19.60705704537799,19.2675,0.33946495666666665,32.0,19.0,28.48290806795074,29.0,-0.5170919320492615,0.0
2022-07-04,2022,11.0,27.92,0.15709107952322576,33.12338892345287,19.600195630274914,19.264444444444443,0.3355679177777778,34.0,23.0,31.02839419475795,32.0,-0.9716058052420493,0.0
2022-07-05,2022,12.0,22.64,0.31554510645519507,33.07741710012037,19.59278721940581,19.261666666666667,0.33104188944444446,31.0,19.0,27.76342938884723,19.0,8.763429388847229,0.0
2022-07-06,2022,8.0,13.1,0.6033663430110647,33.02795859395624,19.584837546014512,19.25888888888889,0.32588723138888886,26.0,18.0,23.845996075192108,24.0,-0.15400392480789193,0.0
2022-07-07,2022,9.0,15.92,0.5172103641451544,32.975024353643065,19.57635270372465,19.25611111111111,0.32010476861111115,29.0,20.0,26.58120437887502,27.0,-0.41879562112497837,0.0
2022-07-08,2022,9.0,22.59,0.3137623683638221,32.91862608312411,19.567339130194185,19.253611111111113,0.31369578305555557,30.0,21.0,27.58594587466217,29.0,-1.414054125337831,0.0
2022-07-09,2022,11.0,22.07,0.3283377372211588,32.85877623776372,19.557803590123868,19.25111111111111,0.30666200055555554,31.0,20.0,28.05562680703143,22.0,6.05562680703143,0.0
2022-07-10,2022,11.0,24.17,0.263008375277183,32.795488020763266,19.547753157708968,19.248611111111114,0.29900558222222223,31.0,20.0,28.062103016978426,29.0,-0.9378969830215738,0.0
2022-07-11,2022,9.0,27.53,0.15884417670877338,32.72877537990783,19.537195198624303,19.24638888888889,0.2907291116666667,32.0,23.0,29.601839091442688,30.0,-0.3981609085573119,0.0
2022-07-12,2022,6.0,15.15,0.5361106902415202,32.65865300471728,19.526137351632375,19.24416666666667,0.2818355838888889,28.0,22.0,26.405122197963955,26.0,0.405122197963955,0.0
2022-07-13,2022,8.0,21.85,0.32944886948782437,32.585136324072245,19.514587509903635,19.242222222222225,0.2723283908333333,30.0,22.0,27.87892938817287,28.0,-0.12107061182712897,0.0
2022-07-14,2022,8.0,24.52,0.24572973297573408,32.50824150438262,19.502553802136447,19.240277777777777,0.2622113102777778,31.0,23.0,28.884597887713333,29.0,-0.11540211228666664,0.0
2022-07-15,2022,12.0,30.6,0.0563706139338388,32.427985448361746,19.4900445735622,19.238333333333333,0.25148849194444445,32.0,20.0,28.835748166957636,29.0,-0.16425183304236413,0.0
2022-07-16,2022,9.0,17.02,0.4737881217422041,32.34438579446462,19.477068366918438,19.236666666666668,0.24016444388888888,33.0,24.0,30.63370761973516,31.0,-0.36629238026484146,0.0
2022-07-17,2022,13.0,26.18,0.18840481377851093,32.2574609170431,19.46363390346974,19.235277777777778,0.22824401833333333,36.0,23.0,32.59235128006729,34.0,-1.407648719932709,0.0
2022-07-18,2022,11.0,24.37,0.2423966858475417,32.16722992726486,19.449750064152493,19.233888888888888,0.21573239944444442,38.0,27.0,35.125651596850425,32.0,3.1256515968504246,0.0
2022-07-19,2022,8.0,16.64,0.48119507807853656,32.07371267483649,19.435425870915893,19.232777777777777,0.20263508777777778,28.0,20.0,25.916363914373783,24.0,1.9163639143737825,0.0
2022-07-20,2022,7.0,21.44,0.329516618160564,31.97692975056367,19.420670468327046,19.231666666666666,0.1889578886111111,28.0,21.0,26.182957004068502,26.0,0.18295700406850202,0.0
2022-07-21,2022,11.0,29.82,0.06452642286792198,31.876902489774718,19.405493105503744,19.230555555555554,0.17470689611111112,32.0,21.0,29.154585979374872,30.0,-0.8454140206251282,0.0
2022-07-22,2022,13.0,29.27,0.07879651038132374,31.77365297662523,19.389903118433654,19.229999999999997,0.15988848194444444,36.0,23.0,32.649325004809384,34.0,-1.3506749951906158,0.0
2022-07-23,2022,9.0,28.17,0.11043614851031813,31.66720404929443,19.373909912733815,19.229166666666664,0.1445092813888889,37.0,28.0,34.68890180988082,33.0,1.688901809880818,0.0
2022-07-24,2022,8.0,21.09,0.33169778976234887,31.557579306075173,19.35752294689947,19.228888888888886,0.12857618,34.0,26.0,31.953537524024135,31.0,0.953537524024135,0.0
2022-07-25,2022,13.0,24.21,0.2300794533997258,31.44480311235193,19.340751716086167,19.22861111111111,0.11209630166666668,35.0,22.0,31.687573553105437,32.0,-0.31242644689456256,0.0
2022-07-26,2022,11.0,28.39,0.0938079712781098,31.328900608452468,19.32360573646426,19.22833333333333,0.09507699555555554,34.0,23.0,31.20851015535581,31.0,0.2085101553558104,0.0
2022-07-27,2022,10.0,23.84,0.23613975876690596,31.20989771835128,19.30609453017975,19.22833333333333,0.07752582499999999,35.0,25.0,32.47282437679344,32.0,0.47282437679344014,0.0
2022-07-28,2022,11.0,26.27,0.15497455207694955,31.08782115919448,19.288227610950976,19.22861111111111,0.059450555555555555,38.0,27.0,35.2319627006005,33.0,2.231962700600498,0.0
2022-07-29,2022,8.0,18.36,0.40702842716713294,30.962698451608382,19.270014470325542,19.228888888888886,0.040859143611111114,34.0,26.0,31.99568938500594,32.0,-0.004310614994061268,0.0
2022-07-30,2022,9.0,18.29,0.4068343693761123,30.83455793074642,19.251464564617677,19.229444444444443,0.021759726666666666,34.0,25.0,31.755262964157847,29.0,2.755262964157847,0.0
2022-07-31,2022,6.0,16.98,0.44696730342978686,30.703428758021392,19.23258730254168,19.230277777777776,0.002160611111111111,31.0,25.0,29.51038360526335,28.0,1.5103836052633497,0.0
2022-08-01,2022,9.0,23.66,0.22602191354084156,30.56934093346388,19.21339203355301,19.231111111111108,0.01792973527777778,32.0,23.0,29.776083874871805,30.0,-0.22391612512819492,0.0
2022-08-02,2022,8.0,22.56,0.25868300331310035,30.432325308640362,19.19388803690468,19.23222222222222,0.038502694444444444,34.0,26.0,32.032697208994364,29.0,3.032697208994364,0.0
2022-08-03,2022,10.0,27.79,0.08260859082070737,30.292413600058897,19.174084511422926,19.233611111111113,0.05954950611111111,35.0,25.0,32.55296985791549,32.0,0.5529698579154925,0.0
2022-08-04,2022,7.0,21.79,0.2772715974648975,30.149638402984543,19.153990566002633,19.235,0.08106127611111112,33.0,26.0,31.295690895083048,31.0,0.29569089508304813,0.0
2022-08-05,2022,9.0,24.78,0.17411103266641736,30.004033205581226,19.133615210819983,19.23638888888889,0.10302898611111112,32.0,23.0,29.819998099604987,30.0,-0.18000190039501263,0.0
2022-08-06,2022,5.0,12.88,0.5685906154652557,29.85563240329253,19.112967349256607,19.238333333333333,0.1254434986111111,32.0,27.0,30.795237184098617,30.0,0.7952371840986174,0.0
2022-08-07,2022,9.0,23.48,0.20954661160953647,29.704471313369194,19.092055770527203,19.240277777777777,0.14829556583333334,34.0,25.0,31.84302802862114,32.0,-0.15697197137885865,0.0
2022-08-08,2022,9.0,24.2,0.18106531475029353,29.550586189448097,19.070889142999874,19.242222222222225,0.17157583638888887,34.0,25.0,31.85479751750278,29.0,2.8547975175027815,0.0
2022-08-09,2022,11.0,21.75,0.26005343042598794,29.394014236083958,19.049476008196507,19.244722222222222,0.19527486055555557,33.0,22.0,30.392671901788503,32.0,-1.6073280982114966,0.0
2022-08-10,2022,8.0,19.67,0.3271715800847744,29.234793623132575,19.027824775458466,19.246944444444445,0.21938309777777776,33.0,25.0,31.11451229876794,25.0,6.1145122987679414,0.0
2022-08-11,2022,4.0,10.31,0.6453749890326272,29.072963499882892,19.005943717261424,19.249722222222225,0.24389092055555553,26.0,22.0,25.062701371422946,26.0,-0.9372986285770537,0.0
2022-08-12,2022,3.0,4.63,0.8398398481991256,28.908564008833068,18.983840965161413,19.2525,0.2687886208333333,24.0,21.0,23.301161023412934,21.0,2.3011610234129343,0.0
2022-08-13,2022,12.0,24.72,0.13992370709752755,28.741636299005744,18.9615245063533,19.255555555555556,0.2940664147222222,31.0,19.0,28.22138345894647,28.0,0.2213834589464696,0.0
2022-08-14,2022,11.0,26.61,0.06867588043034156,28.57222253869664,18.939002180821667,19.25861111111111,0.3197144461111111,33.0,22.0,30.468457558383818,30.0,0.4684575583838182,0.0
2022-08-15,2022,11.0,25.35,0.10740586706991395,28.400365927551512,18.916281679063353,19.261944444444445,0.34572279194444444,34.0,23.0,31.484154164971397,32.0,-0.5158458350286033,0.0
2022-08-16,2022,5.0,13.99,0.5043596284024778,28.226110707867004,18.893370540360294,19.26527777777778,0.3720814663888889,31.0,26.0,29.863645586867175,29.0,0.8636455868671753,0.0
2022-08-17,2022,6.0,14.74,0.4745004774761705,28.049502175012147,18.87027615158083,19.26888888888889,0.3987804225,26.0,20.0,24.645119066894303,25.0,-0.35488093310569724,0.0
2022-08-18,2022,11.0,25.78,0.07501050158568645,27.870586686869434,18.84700574648732,19.272777777777776,0.42580955833333334,28.0,17.0,25.532243897653107,26.0,-0.46775610234689324,0.0
2022-08-19,2022,7.0,22.18,0.19897178522317394,27.689411672196282,18.82356640552789,19.276666666666667,0.4531587177777778,27.0,20.0,25.440013667829767,24.0,1.440013667829767,0.0
2022-08-20,2022,7.0,21.0,0.23653092320496516,27.506025637810836,18.799965056089885,19.280555555555555,0.48081769527777773,22.0,15.0,20.450514676798342,20.0,0.4505146767983419,0.0
2022-08-21,2022,10.0,22.58,0.17351373369928436,27.320478174508835,18.77620847319291,18.284722222222225,0.49122376166666665,25.0,15.0,22.80158595338986,23.0,-0.1984140466101394,0.0
2022-08-22,2022,8.0,4.75,0.8249352626553904,27.132819961622374,18.75230328059946,18.289166666666667,0.46297595166666666,21.0,13.0,19.253482925229306,16.0,3.2534829252293065,0.0
2022-08-23,2022,11.0,20.86,0.22577588119797642,26.943102770134832,18.728255952321405,18.29361111111111,0.43444921416666665,23.0,12.0,20.615473908651587,21.0,-0.38452609134841254,0.0
2022-08-24,2022,13.0,23.8,0.11032625320174527,26.75137946427115,18.70407281450104,18.298333333333336,0.4056539294444444,27.0,14.0,24.202098936100654,25.0,-0.7979010638993458,0.0
2022-08-25,2022,4.0,7.7,0.7100652978296276,26.557704001486858,18.679760047645765,18.303055555555556,0.37660051527777777,23.0,19.0,22.145363327531427,22.0,0.14536332753142744,0.0
2022-08-26,2022,5.0,8.42,0.6806024572744735,26.3621314307847,18.655323689196173,18.30777777777778,0.34729942472222225,24.0,19.0,22.939582609159153,22.0,0.939582609159153,0.0
2022-08-27,2022,7.0,20.64,0.21115144113797057,26.164717889292564,18.630769636407578,18.31277777777778,0.31776114499999997,27.0,20.0,25.526524950002177,26.0,-0.4734750499978233,0.0
2022-08-28,2022,12.0,24.3,0.0641435472405748,25.965520597042516,18.606103649525917,18.318055555555556,0.28799619472222227,30.0,18.0,27.493219396397883,27.0,0.49321939639788326,0.0
2022-08-29,2022,12.0,23.89,0.07275866911710838,25.764597849895942,18.581331355239435,18.323055555555555,0.2580151230555555,31.0,19.0,28.51252406716638,29.0,-0.48747593283361823,0.0
2022-08-30,2022,9.0,14.28,0.4413584630966543,25.562009010566424,18.55645825038826,18.328611111111112,0.22782850583333333,30.0,21.0,28.148964567346447,26.0,2.1489645673464466,0.0
2022-08-31,2022,8.0,18.8,0.25861118663412475,25.357814497697586,18.53148970591467,18.333888888888886,0.1974469472222222,29.0,21.0,27.367667651244176,27.0,0.3676676512441759,0.0
2022-09-01,2022,10.0,20.54,0.1833676001373319,25.15207577296,18.50643097103756,18.339444444444442,0.16688107416666667,31.0,21.0,28.975971898389677,29.0,-0.024028101610323205,0.0
2022-09-02,2022,11.0,21.92,0.1212616905004773,24.944855326137237,18.48128717763528,18.345,0.1361415375,32.0,21.0,29.791697973616415,29.0,0.7916979736164151,0.0
2022-09-03,2022,9.0,22.57,0.08757267483999098,24.736216658178208,18.456063344821757,18.350555555555555,0.10523900972222222,31.0,22.0,29.208121367122683,29.0,0.2081213671226827,0.0
2022-09-04,2022,10.0,23.45,0.04388055212631248,24.526224262199054,18.430764383701472,18.35638888888889,0.07418418194444446,32.0,22.0,30.02568179801525,30.0,0.025681798015249058,0.0
2022-09-05,2022,11.0,22.56,0.0721755160579517,24.314943602425014,18.405395102289596,18.362222222222222,0.04298776416666667,33.0,22.0,30.84666604776154,31.0,-0.1533339522384587,0.0
2022-09-06,2022,14.0,20.11,0.16564467789731796,24.102441091069245,18.379960210584176,18.368055555555557,0.011660481944444445,35.0,21.0,32.28294469438614,32.0,0.28294469438613845,0.0
2022-09-07,2022,11.0,20.36,0.14771719036947573,23.888784063151906,18.354464325778014,18.374166666666667,0.01978692361111111,36.0,25.0,33.883760850504345,34.0,-0.11623914949565517,0.0
2022-09-08,2022,12.0,22.44,0.05212632530035943,23.674040749270436,18.328911977598437,18.38,0.051343699444444446,38.0,26.0,35.71174469814076,35.0,0.7117446981407625,0.0
2022-09-09,2022,8.0,21.03,0.1035148451138731,23.458280246337452,18.303307613763792,18.38611111111111,0.08299907972222223,32.0,24.0,30.488132904204022,29.0,1.4881329042040221,0.0
2022-09-10,2022,9.0,17.23,0.2586560134797806,23.241572486310403,18.277655605546048,18.392222222222223,0.11474229083333333,28.0,19.0,26.314551762270302,27.0,-0.6854482377296982,0.0
2022-09-11,2022,12.0,20.72,0.10006903159584424,23.023988202942608,18.251960253429495,18.398333333333333,0.14656254916666667,34.0,22.0,31.77334991537555,29.0,2.773349915375551,0.0
2022-09-12,2022,10.0,6.26,0.7255060027853365,22.805598896592517,18.22622579285597,18.404444444444444,0.1784490663888889,23.0,13.0,21.16169857341879,15.0,6.161698573418789,0.0
2022-09-13,2022,5.0,12.59,0.4425868136460467,22.586476797133827,18.200456400047564,18.410833333333333,0.2103910488888889,18.0,13.0,17.089498762258373,13.0,4.089498762258373,0.0
2022-09-14,2022,13.0,20.78,0.07094006680149412,22.366694825015212,18.17465619789818,18.416944444444447,0.24237770055555555,23.0,10.0,20.65525755310366,21.0,-0.3447424468963405,0.0
2022-09-15,2022,6.0,15.78,0.2874664805470365,22.146326550524737,18.148829261925783,18.423055555555557,0.27439822444444445,19.0,13.0,17.9282552360877,17.0,0.9282552360877006,0.0
2022-09-16,2022,11.0,20.83,0.04996231975208165,21.92544615131926,18.1229796262774,18.429166666666667,0.3064418241666667,21.0,10.0,19.05433609521958,19.0,0.05433609521957905,0.0
2022-09-17,2022,11.0,20.72,0.04534291133862833,21.70412836828537,18.09711128977951,18.435555555555556,0.33849770611111113,23.0,12.0,21.073588126176116,21.0,0.07358812617611576,0.0
2022-09-18,2022,12.0,19.45,0.09460972121525046,21.482448459802942,18.07122822202643,18.441666666666666,0.3705550808333334,25.0,13.0,22.919513248964247,22.0,0.9195132489642468,0.0
2022-09-19,2022,11.0,18.03,0.15194773716862464,21.260482154488447,18.045334369499844,18.447777777777777,0.40260316527777773,25.0,14.0,23.112229573558068,23.0,0.11222957355806784,0.0
2022-09-20,2022,9.0,16.11,0.23425392213686114,21.038305602499378,18.01943366171265,18.453888888888887,0.43463118444444443,26.0,17.0,24.47131874541202,24.0,0.47131874541202023,0.0
2022-09-21,2022,13.0,19.94,0.04208279795362435,20.815995325486018,17.993530017370485,18.46,0.4666283725,29.0,16.0,26.81485384101775,26.0,0.8148538410177508,0.0
2022-09-22,2022,11.0,18.7,0.09195213927742762,20.593628165281523,17.967627350544504,18.46611111111111,0.49858397666666665,28.0,17.0,26.170480999534774,26.0,0.17048099953477447,0.0
2022-09-23,2022,11.0,16.17,0.20623549317770795,20.37128123142465,17.941729576848914,17.471944444444443,0.4695127436111111,29.0,18.0,27.189960538404176,27.0,0.1899605384041756,0.0
2022-09-24,2022,11.0,18.16,0.0987160009799598,20.14903184761434,17.915840619616947,17.478055555555553,0.4376725130555556,29.0,18.0,27.209464998047103,28.0,-0.7905350019528967,0.0
2022-09-25,2022,12.0,16.99,0.14738614751453782,19.92695749719794,17.889964416068796,17.483888888888888,0.4059060397222222,30.0,18.0,28.067989670777038,28.0,0.06798967077703821,0.0
2022-09-26,2022,10.0,17.52,0.11089168801210925,19.705135767799025,17.864104923465167,17.489722222222223,0.37422401194444443,31.0,21.0,29.40775748430783,29.0,0.40775748430782954,0.0
2022-09-27,2022,11.0,15.91,0.18341765231644402,19.483644295192974,17.838266125239773,17.495555555555555,0.34263709861111113,30.0,19.0,28.268089132222798,22.0,6.268089132222798,0.0
2022-09-28,2022,6.0,10.65,0.4471140072055393,19.262560706541926,17.8124520371042,18.00111111111111,0.18884405444444446,21.0,15.0,20.065993196412183,15.0,5.065993196412183,0.0
2022-09-29,2022,11.0,12.81,0.32727522399283293,19.041962563102516,17.78666671311818,18.006666666666668,0.22020882638888886,23.0,12.0,21.30722430873987,15.0,6.307224308739869,0.0
2022-09-30,2022,9.0,5.76,0.693973953494754,18.821927302522138,17.760914251718223,18.01222222222222,0.2514466202777778,13.0,4.0,11.631014332929311,5.0,6.631014332929311,0.0
2023-05-01,2023,8.0,13.86,0.5205564522611691,28.9085129320585,18.983834117466134,19.38,0.3964156047222222,20.0,12.0,18.136432815977862,16.0,2.1364328159778623,0.0
2023-05-02,2023,6.0,14.82,0.4902471625914093,29.07291320895793,19.005936936675834,19.38222222222222,0.37636398972222224,13.0,7.0,11.594054591178054,10.0,1.594054591178054,0.0
2023-05-03,2023,6.0,14.11,0.5173551053851384,29.234744130587814,19.027818064467443,19.384166666666665,0.3563746769444444,11.0,5.0,9.585886726242084,9.0,0.5858867262420837,0.0
2023-05-04,2023,6.0,13.09,0.5546704994299214,29.393965554141666,19.04946936932894,19.385833333333334,0.33645452416666666,10.0,4.0,8.577823506856307,8.0,0.5778235068563067,0.0
2023-05-05,2023,7.0,13.45,0.544847547283652,29.550538330026466,19.070882578827508,19.38722222222222,0.31661075111111114,11.0,4.0,9.331512022383851,10.0,-0.6684879776161488,0.0
2023-05-06,2023,8.0,16.23,0.45361674602428503,29.704424288086567,19.09204928366328,19.38888888888889,0.2968509336111111,14.0,6.0,12.082694783496265,11.0,1.0826947834962652,0.0
2023-05-07,2023,9.0,18.62,0.3763311207280431,29.85558622347191,19.11296094235434,19.39,0.2771830011111111,15.0,6.0,12.831430481678694,13.0,-0.16856951832130562,0.0
2023-05-08,2023,10.0,19.13,0.3624180867199285,30.00398788225465,19.1336088865708,19.391111111111112,0.25761523194444447,19.0,9.0,16.577779551329144,17.0,-0.4222204486708563,0.0
2023-05-09,2023,12.0,16.33,0.4583674981241209,30.149593946897586,19.153984327134236,19.391944444444444,0.23815624722222223,25.0,13.0,22.078331837611998,21.0,1.078331837611998,0.0
2023-05-10,2023,13.0,26.68,0.11925016164434976,30.292370021675225,19.17407836069709,19.392777777777777,0.21881500277777777,27.0,14.0,23.8188657055155,24.0,-0.1811342944845009,0.0
2023-05-11,2023,14.0,27.5,0.09635434367311191,30.43228261814612,19.193881977114923,19.393333333333334,0.19960078388888888,32.0,18.0,28.55722529291728,27.0,1.5572252929172805,0.0
2023-05-12,2023,11.0,23.37,0.23550749749345723,30.569299140772138,19.213386067521952,19.39388888888889,0.1805231938888889,32.0,21.0,29.281884287690033,29.0,0.2818842876900334,0.0
2023-05-13,2023,7.0,21.51,0.2994258454757649,30.703387872776432,19.23258143311824,19.394166666666667,0.1615921461111111,30.0,23.0,28.262116702640448,27.0,1.2621167026404478,0.0
2023-05-14,2023,10.0,19.27,0.375051037816025,30.83451796232797,19.25145879467404,19.394166666666667,0.1428178525,30.0,20.0,27.505851236545183,27.0,0.5058512365451833,0.0
2023-05-15,2023,6.0,15.08,0.5129617323649339,30.96265940913564,19.27000880275388,19.394166666666667,0.12421081277777778,22.0,16.0,20.49676909638204,18.0,2.496769096382039,0.0
2023-05-16,2023,7.0,21.66,0.30326327985185864,31.087783051530014,19.288222048659975,19.39388888888889,0.10578180083333333,22.0,15.0,20.238524069716384,20.0,0.23852406971638374,0.0
2023-05-17,2023,10.0,14.4,0.5386073585610405,31.2098605541048,19.306089076090895,19.39361111111111,0.08754185055555556,25.0,15.0,22.472827663615593,23.0,-0.5271723363844067,0.0
2023-05-18,2023,13.0,27.36,0.12668395336069127,31.328864395984294,19.323600393507927,19.393055555555556,0.06950224277777778,28.0,15.0,24.700970724763163,25.0,-0.29902927523683687,0.0
2023-05-19,2023,8.0,16.88,0.4631857333062819,31.44476785977628,19.340746487197485,19.392222222222223,0.051674489444444444,24.0,16.0,21.961586236002137,22.0,-0.03841376399786256,0.0
2023-05-20,2023,9.0,19.04,0.39665775689550664,31.557545021263238,19.357517835013972,19.391388888888887,0.03407031527777778,26.0,17.0,23.697732470948054,20.0,3.697732470948054,0.0
2023-05-21,2023,10.0,15.87,0.49885008261835195,31.667170739877196,19.373904920782916,19.390555555555554,0.016701642222222222,25.0,15.0,22.432116107344246,23.0,-0.5678838926557539,0.0
2023-05-22,2023,9.0,14.45,0.5452202265780559,31.77362064999603,19.3898982493399,19.389444444444443,0.00041942944444444444,23.0,14.0,20.680304542230324,14.0,6.680304542230324,0.0
2023-05-23,2023,8.0,21.04,0.33996031483285927,31.87687115309146,19.405488362175912,19.388055555555557,0.017280639722222223,23.0,15.0,20.93061024608057,22.0,-1.069389753919431,0.0
2023-05-24,2023,10.0,27.14,0.15126230184546108,31.97689941075096,19.420665853655056,19.386666666666667,0.03386959083333333,25.0,15.0,22.404227036434218,23.0,-0.595772963565782,0.0
2023-05-25,2023,7.0,17.17,0.4646701528245407,32.07368333858728,19.435421387765565,19.384999999999998,0.050173765277777775,24.0,17.0,22.176820288587333,19.0,3.176820288587333,0.0
2023-05-26,2023,8.0,19.03,0.40840362068102387,32.16720160104197,19.449745715360166,19.383333333333333,0.06618054888888888,25.0,17.0,22.909566860203782,22.0,0.9095668602037819,0.0
2023-05-27,2023,11.0,25.81,0.19987435099812656,32.25743360708034,19.463629691836744,19.381666666666668,0.08187725305555556,27.0,16.0,24.116607671377896,24.0,0.11660767137789563,0.0
2023-05-28,2023,10.0,9.73,0.6991747510732413,32.34435950676781,19.477064295205487,19.379722222222224,0.09725113638888888,23.0,13.0,20.370788650403956,21.0,-0.6292113495960443,0.0
2023-05-29,2023,7.0,15.11,0.5340440807232465,32.42796018870928,19.490040644483663,19.3775,0.11228942916666666,19.0,12.0,17.15418805365863,16.0,1.154188053658629,0.0
2023-05-30,2023,12.0,25.38,0.21927432123687973,32.50821727832592,19.502550018354576,19.375555555555557,0.1269793561111111,24.0,12.0,20.826899506974215,21.0,-0.17310049302578534,0.0
2023-05-31,2023,8.0,24.82,0.2383024758669322,32.58511313693593,19.514583874022723,19.373055555555556,0.14130816138888888,25.0,17.0,22.878931099664868,23.0,-0.12106890033513196,0.0
2023-06-02,2023,11.0,30.85,0.05740378229123244,32.72875428567832,19.53719186609701,19.368333333333332,0.16883162416666667,26.0,15.0,23.06891659638783,24.0,-0.9310834036121705,0.0
2023-06-03,2023,13.0,31.2,0.04864903836820289,32.79546798006537,19.54774998048912,19.365555555555556,0.18200108555555555,30.0,17.0,26.52794235012322,27.0,-0.4720576498767812,0.0
2023-06-04,2023,14.0,30.23,0.08000172479472323,32.858757255012094,19.55780057052538,19.36277777777778,0.19475908305555556,32.0,18.0,28.252618411169287,29.0,-0.7473815888307129,0.0
2023-06-05,2023,13.0,30.16,0.08380087483912735,32.9186081625043,19.56733627044394,19.360000000000003,0.20709332555555557,35.0,22.0,31.5130351041514,31.0,0.513035104151399,0.0
2023-06-06,2023,12.0,28.0,0.15087206573780998,32.97500749911059,19.576350005956854,19.357222222222223,0.21899168972222222,36.0,24.0,32.77494106301272,33.0,-0.2250589369872813,0.0
2023-06-07,2023,12.0,28.59,0.13436933795327233,33.02794280923552,19.58483501226523,19.354166666666668,0.23044224472222222,37.0,25.0,33.76899588722405,34.0,-0.231004112775949,0.0
2023-06-08,2023,13.0,25.22,0.23754593230655197,33.077402388703554,19.592784851607632,19.851111111111113,0.258566725,37.0,24.0,33.493716965979935,31.0,2.493716965979935,0.0
2023-06-09,2023,11.0,25.88,0.2186786589678228,33.12337528859868,19.600193430251807,19.348055555555554,0.25195330499999996,37.0,26.0,34.02839560454434,34.0,0.0283956045443432,0.0
2023-06-10,2023,14.0,30.42,0.08279152230556219,33.16585131928341,19.607055014840363,19.345,0.26199112305555555,40.0,26.0,36.21236418942909,36.0,0.2123641894290884,0.0
2023-06-11,2023,11.0,25.58,0.229629939640431,33.204821054520956,19.61336424800236,19.341666666666665,0.2715358033333333,38.0,27.0,35.01996219593212,34.0,1.0199621959321234,0.0
2023-06-12,2023,6.0,17.82,0.46390336566035995,33.24027583562532,19.61911616314477,19.33833333333333,0.28057672694444447,30.0,24.0,28.372518151621158,26.0,2.3725181516211578,0.0
2023-06-13,2023,11.0,28.53,0.14252759563036455,33.272207775565235,19.62430619834084,19.334999999999997,0.289103605,32.0,21.0,29.012965872510662,30.0,-0.9870341274893377,0.0
2023-06-14,2023,8.0,22.07,0.3372493729963403,33.30060976295105,19.628930209235804,19.331666666666667,0.29710649666666666,31.0,23.0,28.825463249806056,27.0,1.825463249806056,0.0
2023-06-15,2023,5.0,12.56,0.6231111537215487,33.325475465836625,19.632984480895,20.328333333333333,0.6954241697222222,28.0,23.0,26.639737884962887,25.0,1.6397378849628872,0.0
2023-06-16,2023,9.0,21.26,0.36245755443425065,33.34679933527261,19.63646573852433,19.32472222222222,0.31150242055555555,27.0,18.0,24.549710380702678,25.0,-0.4502896192973225,0.0
2023-06-17,2023,13.0,29.9,0.10383996923444827,33.36457660855248,19.639371156999037,19.32138888888889,0.31787748555555556,32.0,19.0,28.458502192602253,29.0,-0.5414978073977466,0.0
2023-06-18,2023,15.0,28.34,0.15095817740931783,33.37880331209849,19.64169836914314,19.317777777777778,0.32369266361111115,36.0,21.0,31.911632423553524,32.0,-0.08836757644647619,0.030191635481863457
2023-06-19,2023,12.0,22.87,0.31505364686720916,33.38947626394061,19.643445472708866,19.314444444444444,0.32894002694444446,36.0,24.0,32.72809068023129,33.0,-0.27190931976871013,0.0
2023-06-20,2023,10.0,16.86,0.49515808508494197,33.39659307574882,19.644611036013124,19.310833333333335,0.333612095,36.0,26.0,33.27273339278226,32.0,1.272733392782257,0.0
2023-06-21,2023,10.0,22.2,0.3353323692244147,33.40015215438629,19.645194102196037,19.307222222222222,0.33770184722222224,34.0,24.0,31.272395509007012,31.0,0.27239550900701204,0.0
2023-06-22,2023,11.0,23.03,0.31048219435356383,33.40015270295875,19.645194192074904,19.30388888888889,0.34120273305555554,32.0,21.0,28.99963500261692,30.0,-1.0003649973830804,0.0
2023-06-23,2023,11.0,24.23,0.2744769278972359,33.39659472134338,19.64461130557584,19.30027777777778,0.34410868166666664,31.0,20.0,28.00000656022339,29.0,-0.9999934397766097,0.0
2023-06-24,2023,7.0,12.4,0.6286255320814793,33.38947900618884,19.64344592173397,19.296944444444446,0.3464141088888889,26.0,19.0,24.091386047958256,24.0,0.091386047958256,0.0
2023-06-25,2023,10.0,27.87,0.1650390658230222,33.37880715038662,19.641698997262278,19.293333333333337,0.34811392444444444,30.0,20.0,27.27442125157312,28.0,-0.7255787484268801,0.0
2023-06-26,2023,5.0,9.18,0.7248579309038226,33.364581542021774,19.639371963698046,19.290000000000003,0.34920353555555556,22.0,17.0,20.637885224801835,17.0,3.6378852248018347,0.0
2023-06-27,2023,15.0,32.22,0.033790504084576733,33.34680536281995,19.63646672314477,19.28666666666667,0.3496788522222222,31.0,16.0,26.916183111112908,28.0,-1.0838168888870925,0.006758100816915323
2023-06-28,2023,15.0,27.6,0.17180494149845238,33.32548258611522,19.632985642636104,19.283333333333335,0.3495362875,36.0,21.0,31.919212643635344,30.0,1.919212643635344,0.03436098829969035
2023-06-29,2023,10.0,16.42,0.506916057454635,33.30061797437121,19.628931547156824,19.279999999999998,0.34877276,30.0,20.0,27.281828285479218,24.0,3.281828285479218,0.0
2023-06-30,2023,10.0,23.82,0.2840873830145073,33.27221707629535,19.62430771136379,19.276666666666667,0.3473856908333333,26.0,16.0,23.284513550636927,24.0,-0.7154864493630733,0.0
2023-07-01,2023,5.0,14.08,0.5764176064763714,33.24028622359295,19.619117850057584,19.27361111111111,0.3453730033333334,26.0,21.0,24.643764636086175,24.0,0.6437646360861748,0.0
2023-07-02,2023,13.0,28.1,0.15373763813442987,33.204832527413906,19.613366107462333,19.270555555555553,0.34273312027777775,28.0,15.0,24.478135734625805,26.0,-1.5218642653741945,0.0
2023-07-03,2023,15.0,31.4,0.05324341561643953,33.16586387455097,19.60705704537799,19.2675,0.33946495666666665,34.0,19.0,29.94181700148162,31.0,-1.0581829985183795,0.010648683123287867
2023-07-04,2023,9.0,20.64,0.3768753539168832,33.12338892345287,19.600195630274914,19.264444444444443,0.3355679177777778,31.0,22.0,28.56868615934741,30.0,-1.4313138406525887,0.0
2023-07-05,2023,11.0,24.7,0.25326696684820305,33.07741710012037,19.59278721940581,19.261666666666667,0.33104188944444446,34.0,23.0,31.033143606443293,27.0,4.033143606443293,0.0
2023-07-07,2023,8.0,23.28,0.29401113550874336,32.975024353643065,19.57635270372465,19.25611111111111,0.32010476861111115,31.0,23.0,28.84995944788891,29.0,-0.1500405521110899,0.0
2023-07-08,2023,4.0,10.91,0.6685766905201107,32.91862608312411,19.567339130194185,19.253611111111113,0.31369578305555557,25.0,21.0,23.92708705540541,24.0,-0.07291294459459152,0.0
2023-07-09,2023,6.0,8.2,0.7504471882742865,32.85877623776372,19.557803590123868,19.25111111111111,0.30666200055555554,27.0,21.0,25.39397825838078,25.0,0.3939782583807805,0.0
2023-07-10,2023,10.0,18.42,0.4383373716427683,32.795488020763266,19.547753157708968,19.248611111111114,0.29900558222222223,29.0,19.0,26.329184560889477,27.0,-0.6708154391105232,0.0
2023-07-11,2023,7.0,21.19,0.3525575047024666,32.72877537990783,19.537195198624303,19.24638888888889,0.2907291116666667,29.0,22.0,27.13476373778876,27.0,0.13476373778875939,0.0
2023-07-12,2023,10.0,30.42,0.06854700971267624,32.65865300471728,19.526137351632375,19.24416666666667,0.2818355838888889,32.0,22.0,29.341870329939923,30.0,-0.6581296700600774,0.0
2023-07-13,2023,14.0,30.76,0.056011314665696976,32.585136324072245,19.514587509903635,19.242222222222225,0.2723283908333333,36.0,22.0,32.28812642930252,34.0,-1.7118735706974775,0.0
2023-07-14,2023,12.0,29.1,0.10484238293612813,32.50824150438262,19.502553802136447,19.240277777777777,0.2622113102777778,39.0,27.0,35.826896831570004,37.0,-1.1731031684299964,0.0
2023-07-15,2023,11.0,27.72,0.14518279144594826,32.427985448361746,19.4900445735622,19.238333333333333,0.25148849194444445,40.0,29.0,37.09943581971116,37.0,0.09943581971116089,0.0
2023-07-16,2023,10.0,26.11,0.19275016796057287,32.34438579446462,19.477068366918438,19.236666666666668,0.24016444388888888,37.0,27.0,34.370786244150175,34.0,0.3707862441501746,0.0
2023-07-17,2023,9.0,19.33,0.4007587872551037,32.2574609170431,19.46363390346974,19.235277777777778,0.22824401833333333,34.0,25.0,31.640858578508123,30.0,1.640858578508123,0.0
2023-07-18,2023,12.0,27.94,0.1314141732696067,32.16722992726486,19.449750064152493,19.233888888888888,0.21573239944444442,37.0,25.0,33.864347196564104,34.0,-0.13565280343589592,0.0
2023-07-19,2023,12.0,29.14,0.09146782302936018,32.07371267483649,19.435425870915893,19.232777777777777,0.20263508777777778,39.0,27.0,35.87454587156067,36.0,-0.1254541284393298,0.0
2023-07-20,2023,11.0,19.69,0.38424357330137615,31.97692975056367,19.420670468327046,19.231666666666666,0.1889578886111111,36.0,25.0,33.14464672067908,28.0,5.144646720679077,0.0
2023-07-21,2023,10.0,27.89,0.12507182876547096,31.876902489774718,19.405493105503744,19.230555555555554,0.17470689611111112,35.0,25.0,32.41325998124988,32.0,0.4132599812498796,0.0
2023-07-22,2023,8.0,24.74,0.22136746384810224,31.77365297662523,19.389903118433654,19.229999999999997,0.15988848194444444,34.0,26.0,31.938046156805775,33.0,-1.0619538431942246,0.0
2023-07-23,2023,11.0,27.6,0.12843584305590283,31.66720404929443,19.373909912733815,19.229166666666664,0.1445092813888889,37.0,26.0,34.17532443429878,35.0,-0.8246755657012201,0.0
2023-07-24,2023,7.0,23.79,0.24613989655980462,31.557579306075173,19.35752294689947,19.228888888888886,0.12857618,35.0,28.0,33.20934533352112,33.0,0.20934533352112084,0.0
2023-07-25,2023,11.0,28.86,0.08220128150004502,31.44480311235193,19.340751716086167,19.22861111111111,0.11209630166666668,36.0,25.0,33.197177621858444,33.0,0.19717762185844379,0.0
2023-07-26,2023,14.0,28.53,0.08933925398254572,31.328900608452468,19.32360573646426,19.22833333333333,0.09507699555555554,40.0,26.0,36.44719474318012,37.0,-0.5528052568198802,0.0
2023-07-27,2023,12.0,25.93,0.16917382318900465,31.20989771835128,19.30609453017975,19.72833333333333,0.422474175,41.0,29.0,37.96738925215213,36.0,1.967389252152131,0.0
2023-07-28,2023,7.0,13.63,0.5615646419797801,31.08782115919448,19.288227610950976,19.22861111111111,0.059450555555555555,34.0,27.0,32.23852171856395,29.0,3.238521718563952,0.0
2023-07-29,2023,5.0,7.74,0.7500217879233992,30.962698451608382,19.270014470325542,19.228888888888886,0.040859143611111114,26.0,21.0,24.74730586562871,23.0,1.7473058656287108,0.0
2023-07-30,2023,10.0,23.15,0.24921900771224714,30.83455793074642,19.251464564617677,19.229444444444443,0.021759726666666666,30.0,20.0,27.50584773795316,28.0,-0.49415226204683904,0.0
2023-07-31,2023,12.0,27.3,0.11084849138004604,30.703428758021392,19.23258730254168,19.230277777777776,0.002160611111111111,34.0,22.0,31.020767210526703,32.0,-0.9792327894732971,0.0
2023-08-01,2023,8.0,16.56,0.45828076450703026,30.56934093346388,19.21339203355301,19.231111111111108,0.01792973527777778,35.0,27.0,33.02318566655271,27.0,6.023185666552713,0.0
2023-08-02,2023,13.0,26.88,0.11672868479858767,30.432325308640362,19.19388803690468,19.23222222222222,0.038502694444444444,37.0,24.0,33.803132964615834,33.0,0.803132964615834,0.0
2023-08-03,2023,4.0,15.42,0.490961657806956,30.292413600058897,19.174084511422926,19.233611111111113,0.05954950611111111,30.0,26.0,29.021187943166197,29.0,0.021187943166196987,0.0
2023-08-04,2023,14.0,26.63,0.11673899222075357,30.149638402984543,19.153990566002633,19.235,0.08106127611111112,37.0,23.0,33.591381790166096,34.0,-0.40861820983390373,0.0
2023-08-05,2023,9.0,25.91,0.13644942923272296,30.004033205581226,19.133615210819983,19.23638888888889,0.10302898611111112,36.0,27.0,33.81999809960499,33.0,0.8199980996049874,0.0
2023-08-06,2023,11.0,23.08,0.2269465376504738,29.85563240329253,19.112967349256607,19.238333333333333,0.1254434986111111,38.0,27.0,35.349521805016956,34.0,1.3495218050169555,0.0
2023-08-07,2023,9.0,18.93,0.3627222043342644,29.704471313369194,19.092055770527203,19.240277777777777,0.14829556583333334,36.0,27.0,33.84302802862114,30.0,3.8430280286211413,0.0
2023-08-08,2023,8.0,7.67,0.7404450811625931,29.550586189448097,19.070889142999874,19.242222222222225,0.17157583638888887,28.0,20.0,26.09315334889136,21.0,5.093153348891359,0.0
2023-08-09,2023,12.0,25.29,0.13962074737807972,29.394014236083958,19.049476008196507,19.244722222222222,0.19527486055555557,31.0,19.0,28.15564207467837,29.0,-0.8443579253216313,0.0
2023-08-10,2023,11.0,27.13,0.07199618544483644,29.234793623132575,19.027824775458466,18.746944444444445,0.28061690222222224,34.0,23.0,31.407454410805922,32.0,-0.5925455891940778,0.0
2023-08-11,2023,14.0,25.48,0.1235843569884908,29.072963499882892,19.005943717261424,19.249722222222225,0.24389092055555553,38.0,24.0,34.71945479998031,34.0,0.719454799980312,0.0
2023-08-12,2023,9.0,17.4,0.3981022372926101,28.908564008833068,18.983840965161413,19.2525,0.2687886208333333,31.0,22.0,28.9034830702388,27.0,1.9034830702387993,0.0
2023-08-13,2023,10.0,19.8,0.31110394015093223,28.741636299005744,18.9615245063533,19.255555555555556,0.2940664147222222,26.0,16.0,23.684486215788723,24.0,-0.3155137842112765,0.0
2023-08-14,2023,7.0,7.52,0.7368073138232307,28.57222253869664,18.939002180821667,19.25861111111111,0.3197144461111111,21.0,14.0,19.389018446244247,14.0,5.389018446244247,0.0
2023-08-15,2023,5.0,9.55,0.6637367270421175,28.400365927551512,18.916281679063353,19.261944444444445,0.34572279194444444,20.0,15.0,18.856433711350636,19.0,-0.14356628864936383,0.0
2023-08-16,2023,12.0,26.59,0.05796444025889114,28.226110707867004,18.893370540360294,19.26527777777778,0.3720814663888889,26.0,14.0,23.272749408481225,24.0,-0.727250591518775,0.0
2023-08-17,2023,11.0,26.35,0.06058938816126813,28.049502175012147,18.87027615158083,19.26888888888889,0.3987804225,29.0,18.0,26.51605162263955,26.0,0.5160516226395515,0.0
2023-08-18,2023,11.0,24.04,0.13744191071062473,27.870586686869434,18.84700574648732,19.272777777777776,0.42580955833333334,30.0,19.0,27.532243897653107,28.0,-0.46775610234689324,0.0
2023-08-19,2023,8.0,23.03,0.1682741304639176,27.689411672196282,18.82356640552789,19.276666666666667,0.4531587177777778,32.0,24.0,30.217158477519735,29.0,1.2171584775197353,0.0
2023-08-20,2023,11.0,25.79,0.06238726235504999,27.506025637810836,18.799965056089885,19.280555555555555,0.48081769527777773,33.0,22.0,30.565094492111676,29.0,1.565094492111676,0.0
2023-08-21,2023,10.0,23.3,0.14715987578358392,27.320478174508835,18.77620847319291,18.284722222222225,0.49122376166666665,32.0,22.0,29.80158595338986,30.0,-0.1984140466101394,0.0
2023-08-22,2023,12.0,25.59,0.05686176238977714,27.132819961622374,18.75230328059946,18.289166666666667,0.46297595166666666,34.0,22.0,31.380224387843963,31.0,0.3802243878439633,0.0
2023-08-23,2023,6.0,11.33,0.5794842154349508,26.943102770134832,18.728255952321405,18.29361111111111,0.43444921416666665,30.0,24.0,28.699349404719047,29.0,-0.3006505952809526,0.0
2023-08-24,2023,10.0,20.07,0.24975831519995917,26.75137946427115,18.70407281450104,18.298333333333336,0.4056539294444444,32.0,22.0,29.84776841238512,31.0,-1.1522315876148816,0.0
2023-08-25,2023,11.0,24.5,0.07748049309426952,26.557704001486858,18.679760047645765,18.303055555555556,0.37660051527777777,34.0,23.0,31.649749150711425,32.0,-0.35025084928857453,0.0
2023-08-26,2023,12.0,24.38,0.07518858769022152,26.3621314307847,18.655323689196173,18.30777777777778,0.34729942472222225,37.0,25.0,34.45499826198197,34.0,0.45499826198197013,0.0
2023-08-27,2023,14.0,24.89,0.04871896172112822,26.164717889292564,18.630769636407578,18.31277777777778,0.31776114499999997,40.0,26.0,37.05304990000435,35.0,2.0530499000043534,0.0
2023-08-28,2023,8.0,17.74,0.3167862768743951,25.965520597042516,18.606103649525917,18.318055555555556,0.28799619472222227,31.0,23.0,29.32881293093192,26.0,3.328812930931921,0.0
2023-08-29,2023,4.0,12.46,0.5163906662703712,25.764597849895942,18.581331355239435,18.323055555555555,0.2580151230555555,24.0,20.0,23.17084135572213,23.0,0.17084135572212844,0.0
2023-08-30,2023,7.0,20.9,0.18238038366387077,25.562009010566424,18.55645825038826,18.328611111111112,0.22782850583333333,29.0,22.0,27.560305774602796,28.0,-0.43969422539720426,0.0
2023-08-31,2023,13.0,23.29,0.0815454540802536,25.357814497697586,18.53148970591467,18.833888888888886,0.3025530527777778,35.0,22.0,32.347459933271786,29.0,3.347459933271786,0.0
2023-09-01,2023,9.0,22.45,0.1074295337430915,25.15207577296,18.50643097103756,18.339444444444442,0.16688107416666667,31.0,22.0,29.17837470855071,26.0,3.1783747085507095,0.0
2023-09-02,2023,10.0,18.08,0.27520124836900695,24.944855326137237,18.48128717763528,18.345,0.1361415375,29.0,19.0,26.99245270328765,26.0,0.9924527032876505,0.0
2023-09-03,2023,10.0,20.89,0.15548928566271203,24.736216658178208,18.456063344821757,18.350555555555555,0.10523900972222222,31.0,21.0,29.009023741247425,30.0,-0.9909762587525748,0.0
2023-09-04,2023,12.0,13.78,0.43815240973563263,24.526224262199054,18.430764383701472,18.35638888888889,0.07418418194444446,30.0,18.0,27.630818157618297,20.0,7.630818157618297,0.0
2023-09-05,2023,4.0,4.63,0.8095821205384892,24.314943602425014,18.405395102289596,18.362222222222222,0.04298776416666667,19.0,15.0,18.216969471913288,18.0,0.21696947191328775,0.0
2023-09-06,2023,12.0,23.2,0.037441895933255975,24.102441091069245,18.379960210584176,18.368055555555557,0.011660481944444445,25.0,13.0,22.671095452330974,23.0,-0.3289045476690262,0.0
2023-09-08,2023,10.0,20.21,0.1463223277326321,23.674040749270436,18.328911977598437,18.38,0.051343699444444446,28.0,18.0,26.09312058178397,25.0,1.093120581783971,0.0
2023-09-09,2023,10.0,19.93,0.15040660309650467,23.458280246337452,18.303307613763792,18.38611111111111,0.08299907972222223,28.0,18.0,26.110166130255028,26.0,0.11016613025502764,0.0
2023-09-10,2023,11.0,19.22,0.17303357974935496,23.241572486310403,18.277655605546048,18.392222222222223,0.11474229083333333,31.0,20.0,28.94000770944148,28.0,0.9400077094414812,0.0
2023-09-11,2023,12.0,15.16,0.3415562991791987,23.023988202942608,18.251960253429495,18.398333333333333,0.14656254916666667,32.0,20.0,29.77334991537555,30.0,-0.22665008462444902,0.0
2023-09-12,2023,13.0,19.08,0.16336334395275087,22.805598896592517,18.22622579285597,18.404444444444444,0.1784490663888889,30.0,17.0,27.610208145444425,26.0,1.6102081454444246,0.0
2023-09-13,2023,5.0,8.71,0.6143710204016732,22.586476797133827,18.200456400047564,18.410833333333333,0.2103910488888889,21.0,16.0,20.089498762258373,19.0,1.0894987622583727,0.0
2023-09-14,2023,6.0,12.69,0.43263856822478153,22.366694825015212,18.17465619789818,18.416944444444447,0.24237770055555555,21.0,15.0,19.917811178355535,20.0,-0.08218882164446484,0.0
2023-09-15,2023,7.0,8.56,0.6134799159367954,22.146326550524737,18.148829261925783,18.423055555555557,0.27439822444444445,18.0,11.0,16.749631108768984,15.0,1.749631108768984,0.0
2023-09-16,2023,7.0,16.55,0.2451692938980773,21.92544615131926,18.1229796262774,18.429166666666667,0.3064418241666667,20.0,13.0,18.76185024241246,18.0,0.7618502424124607,0.0
2023-09-17,2023,6.0,14.03,0.3535792010656832,21.70412836828537,18.09711128977951,18.435555555555556,0.33849770611111113,20.0,14.0,18.949229887005153,18.0,0.9492298870051528,0.0
2023-09-18,2023,11.0,20.57,0.04247413703844216,21.482448459802942,18.07122822202643,18.441666666666666,0.3705550808333334,23.0,12.0,21.092887144883896,20.0,1.0928871448838962,0.0
2023-09-19,2023,12.0,19.26,0.09409392223337276,21.260482154488447,18.045334369499844,18.447777777777777,0.40260316527777773,26.0,14.0,23.94061408024517,22.0,1.9406140802451688,0.0
2023-09-21,2023,5.0,7.44,0.6425825484842009,20.815995325486018,17.993530017370485,18.46,0.4666283725,20.0,15.0,19.159559169622213,18.0,1.159559169622213,0.0
2023-09-22,2023,9.0,18.37,0.10797651329017888,20.593628165281523,17.967627350544504,18.46611111111111,0.49858397666666665,21.0,12.0,19.50312081780118,19.0,0.5031208178011788,0.0
2023-09-23,2023,6.0,9.96,0.5110764076716123,20.37128123142465,17.941729576848914,17.471944444444443,0.4695127436111111,20.0,14.0,19.012705748220462,19.0,0.012705748220461999,0.0
2023-09-24,2023,7.0,6.28,0.6883224937309553,20.14903184761434,17.915840619616947,17.478055555555553,0.4376725130555556,15.0,8.0,13.860568635120883,9.0,4.860568635120883,0.0
2023-09-25,2023,7.0,16.0,0.19706759036095378,19.92695749719794,17.889964416068796,17.483888888888888,0.4059060397222222,14.0,7.0,12.87299397461994,14.0,-1.1270060253800604,0.0
2023-09-26,2023,10.0,19.35,0.018022497890086364,19.705135767799025,17.864104923465167,17.489722222222223,0.37422401194444443,21.0,11.0,19.40775748430783,20.0,-0.5922425156921705,0.0
2023-09-27,2023,7.0,18.61,0.04483988118221405,19.483644295192974,17.838266125239773,17.495555555555555,0.34263709861111113,19.0,12.0,17.8978749023236,17.0,0.8978749023236006,0.0
2023-09-29,2023,11.0,17.99,0.055244440252229965,19.041962563102516,17.78666671311818,18.006666666666668,0.22020882638888886,22.0,11.0,20.30722430873987,20.0,0.30722430873986895,0.0
2023-09-30,2023,8.0,15.66,0.16799168606386228,18.821927302522138,17.760914251718223,18.01222222222222,0.2514466202777778,22.0,14.0,20.78312385149272,21.0,-0.21687614850727854,0.0
2024-05-02,2024,9.0,15.39,0.47357158553347123,29.234744130587814,19.027818064467443,19.384166666666665,0.3563746769444444,19.0,10.0,16.878830089363124,15.0,1.8788300893631238,0.0
2024-05-03,2024,17.0,27.6,0.061031763503883285,29.393965554141666,19.04946936932894,19.385833333333334,0.33645452416666666,28.0,11.0,23.97049993609287,24.0,-0.029500063907129004,0.13426987970854318
2024-05-04,2024,14.0,24.87,0.15839096661296836,29.550538330026466,19.070882578827508,19.38722222222222,0.31661075111111114,29.0,15.0,25.663024044767702,25.0,0.6630240447677025,0.0
2024-05-05,2024,17.0,26.49,0.10821365386218795,29.704424288086567,19.09204928366328,19.38888888888889,0.2968509336111111,34.0,17.0,29.925726414929564,28.0,1.9257264149295636,0.2380700384968134
2024-05-06,2024,8.0,22.68,0.24034316960859392,29.85558622347191,19.11296094235434,19.39,0.2771830011111111,28.0,20.0,26.072382650381062,25.0,1.072382650381062,0.0
2024-05-07,2024,5.0,15.61,0.479735825075697,30.00398788225465,19.1336088865708,19.391111111111112,0.25761523194444447,23.0,18.0,21.788889775664572,21.0,0.7888897756645719,0.0
2024-05-08,2024,13.0,24.76,0.17876174240987341,30.149593946897586,19.153984327134236,19.391944444444444,0.23815624722222223,29.0,16.0,25.83485949074633,27.0,-1.1651405092536713,0.0
2024-05-09,2024,11.0,29.13,0.038371709471510806,30.292370021675225,19.17407836069709,19.392777777777777,0.21881500277777777,27.0,16.0,24.308270981590038,24.0,0.30827098159003796,0.0
2024-05-10,2024,20.0,29.66,0.025377084848890896,30.43228261814612,19.193881977114923,19.393333333333334,0.19960078388888888,36.0,16.0,31.081750418453257,28.0,3.0817504184532574,0.13196084121423265
2024-05-11,2024,13.0,29.91,0.021567362003821366,30.569299140772138,19.213386067521952,19.39388888888889,0.1805231938888889,36.0,23.0,32.7876814309064,32.0,0.7876814309064031,0.0
2024-05-12,2024,9.0,27.82,0.09391106560370899,30.703387872776432,19.23258143311824,19.394166666666667,0.1615921461111111,29.0,20.0,26.76557861768058,27.0,-0.23442138231942167,0.0
2024-05-13,2024,11.0,25.48,0.17365337018953375,30.83451796232797,19.25145879467404,19.394166666666667,0.1428178525,29.0,18.0,26.2564363601997,27.0,-0.7435636398002998,0.0
2024-05-14,2024,5.0,12.48,0.5969338474744281,30.96265940913564,19.27000880275388,19.394166666666667,0.12421081277777778,27.0,22.0,25.747307580318367,25.0,0.7473075803183669,0.0
2024-05-15,2024,12.0,16.11,0.48179000177347386,31.087783051530014,19.288222048659975,19.39388888888889,0.10578180083333333,32.0,20.0,28.980326976656656,29.0,-0.019673023343344198,0.0
2024-05-16,2024,14.0,19.4,0.37840158028362414,31.2098605541048,19.306089076090895,19.126944444444444,0.1791248161111111,36.0,22.0,32.461958729061834,33.0,-0.5380412709381659,0.0
2024-05-17,2024,6.0,19.37,0.38172032809198053,31.328864395984294,19.323600393507927,19.393055555555556,0.06950224277777778,28.0,22.0,26.477371103736843,24.0,2.477371103736843,0.0
2024-05-18,2024,9.0,18.72,0.40467043409322256,31.44476785977628,19.340746487197485,19.392222222222223,0.051674489444444444,28.0,19.0,25.706784515502406,27.0,-1.293215484497594,0.0
2024-05-19,2024,12.0,24.19,0.2334638203415076,31.557545021263238,19.357517835013972,19.391388888888887,0.03407031527777778,32.0,20.0,28.930309961264072,30.0,-1.0696900387359278,0.0
2024-05-20,2024,9.0,21.85,0.3100109833151222,31.667170739877196,19.373904920782916,19.390555555555554,0.016701642222222222,33.0,24.0,30.688904496609823,29.0,1.6889044966098226,0.0
2024-05-21,2024,8.0,8.4,0.7356297510903578,31.77362064999603,19.3898982493399,19.389444444444443,0.00041942944444444444,23.0,15.0,20.93804848198251,18.0,2.9380484819825092,0.0
2024-05-22,2024,13.0,24.42,0.23392732358452573,31.87687115309146,19.405488362175912,19.388055555555557,0.017280639722222223,27.0,14.0,23.637241649880927,24.0,-0.36275835011907276,0.0
2024-05-23,2024,9.0,21.48,0.32826507898454327,31.97689941075096,19.420665853655056,19.386666666666667,0.03386959083333333,25.0,16.0,22.663804332790797,18.0,4.6638043327907965,0.0
2024-05-24,2024,10.0,22.61,0.29506069629370224,32.07368333858728,19.435421387765565,19.384999999999998,0.050173765277777775,26.0,16.0,23.39545755512476,24.0,-0.6045424448752392,0.0
2024-05-25,2024,10.0,16.67,0.48177027623503244,32.16720160104197,19.449745715360166,19.383333333333333,0.06618054888888888,28.0,18.0,25.386958575254727,22.0,3.3869585752547273,0.0
2024-05-26,2024,15.0,11.98,0.6286127363408585,32.25743360708034,19.463629691836744,19.381666666666668,0.08187725305555556,27.0,12.0,23.068101370060766,25.0,-1.9318986299392336,0.12572254726817125
2024-05-27,2024,10.0,21.74,0.32785807690979096,32.34435950676781,19.477064295205487,19.379722222222224,0.09725113638888888,19.0,9.0,16.370788650403956,17.0,-0.6292113495960443,0.0
2024-05-28,2024,14.0,31.7,0.022448534674183396,32.42796018870928,19.490040644483663,19.3775,0.11228942916666666,27.0,13.0,23.308376107317258,25.0,-1.6916238926827418,0.0
2024-05-29,2024,9.0,21.36,0.3429353625539697,32.50821727832592,19.502550018354576,19.375555555555557,0.1269793561111111,24.0,15.0,21.620174630230665,22.0,-0.37982536976933545,0.0
2024-05-30,2024,6.0,10.7,0.6716291898378797,32.58511313693593,19.514583874022723,19.373055555555556,0.14130816138888888,24.0,18.0,22.40919832474865,21.0,1.409198324748651,0.0
2024-05-31,2024,11.0,15.85,0.5146765316902226,32.658630861599086,19.526133866192886,19.370833333333334,0.1552631322222222,26.0,15.0,23.076059615835423,25.0,-1.9239403841645775,0.0
2024-06-01,2024,12.0,24.1,0.2636444458093582,32.72875428567832,19.53719186609701,19.368333333333332,0.16883162416666667,29.0,17.0,25.802454468786724,27.0,-1.197545531213276,0.0
2024-06-02,2024,12.0,28.47,0.13189224751098516,32.79546798006537,19.54774998048912,19.365555555555556,0.18200108555555555,31.0,19.0,27.79502370780605,28.0,-0.20497629219395108,0.0
2024-06-03,2024,9.0,20.78,0.3675962898191978,32.858757255012094,19.55780057052538,19.36277777777778,0.19475908305555556,27.0,18.0,24.590968978608828,22.0,2.590968978608828,0.0
2024-06-04,2024,7.0,18.59,0.435273815094807,32.9186081625043,19.56733627044394,19.360000000000003,0.20709332555555557,23.0,16.0,21.122403517619983,21.0,0.1224035176199827,0.0
2024-06-05,2024,11.0,30.74,0.06777883217072422,32.97500749911059,19.576350005956854,19.357222222222223,0.21899168972222222,28.0,17.0,25.043695974428324,26.0,-0.9563040255716757,0.0
2024-06-06,2024,12.0,30.46,0.07775061329334298,33.02794280923552,19.58483501226523,19.354166666666668,0.23044224472222222,30.0,18.0,26.768995887224047,28.0,-1.2310041127759526,0.0
2024-06-07,2024,14.0,25.13,0.24026682311116776,33.077402388703554,19.592784851607632,19.351111111111113,0.241433275,33.0,19.0,29.224002886439933,30.0,-0.7759971135600665,0.0
2024-06-08,2024,10.0,22.92,0.30804153259437783,33.12337528859868,19.600193430251807,19.348055555555554,0.25195330499999996,33.0,23.0,30.298541458676674,31.0,-0.7014585413233263,0.0
2024-06-09,2024,10.0,28.12,0.15213996079002,33.16585131928341,19.607055014840363,19.345,0.26199112305555555,33.0,23.0,30.294545849592204,31.0,-0.705454150407796,0.0
2024-06-10,2024,10.0,25.68,0.22661832877115973,33.204821054520956,19.61336424800236,19.341666666666665,0.2715358033333333,34.0,24.0,31.29087472357466,31.0,0.29087472357466027,0.0
2024-06-11,2024,10.0,23.2,0.30205151982718015,33.24027583562532,19.61911616314477,19.33833333333333,0.28057672694444447,35.0,25.0,32.28753025270193,30.0,2.2875302527019272,0.0
2024-06-12,2024,9.0,25.49,0.23389514239810705,33.272207775565235,19.62430619834084,19.334999999999997,0.289103605,33.0,24.0,30.556062986599635,29.0,1.5560629865996347,0.0
2024-06-13,2024,6.0,17.38,0.47808763491963724,33.30060976295105,19.628930209235804,19.331666666666667,0.29710649666666666,30.0,24.0,28.369097437354544,28.0,0.3690974373545437,0.0
2024-06-14,2024,8.0,20.81,0.37555279529820296,33.325475465836625,19.632984480895,19.328333333333333,0.3045758302777778,28.0,20.0,25.82358061594062,25.0,0.8235806159406209,0.0
2024-06-15,2024,8.0,21.02,0.3696546469523966,33.34679933527261,19.63646573852433,19.32472222222222,0.31150242055555555,28.0,20.0,25.821964782846827,27.0,-1.1780352171531732,0.0
2024-06-16,2024,10.0,18.32,0.4509146567349529,33.36457660855248,19.639371156999037,19.32138888888889,0.31787748555555556,30.0,20.0,27.27577091738635,28.0,-0.7242290826136504,0.0
2024-06-17,2024,11.0,22.31,0.331611747988775,33.37880331209849,19.64169836914314,19.317777777777778,0.32369266361111115,28.0,17.0,25.001863777272582,27.0,-1.9981362227274175,0.0
2024-06-18,2024,10.0,22.95,0.312657682361279,33.38947626394061,19.643445472708866,19.314444444444444,0.32894002694444446,31.0,21.0,28.27340890019274,29.0,-0.7265910998072584,0.0
2024-06-19,2024,8.0,18.09,0.45832798097192173,33.39659307574882,19.644611036013124,19.310833333333335,0.333612095,30.0,22.0,27.818186714225803,26.0,1.8181867142258028,0.0
2024-06-20,2024,9.0,31.8,0.0479085288890263,33.40015215438629,19.645194102196037,19.307222222222222,0.33770184722222224,29.0,20.0,26.54515595810631,27.0,-0.4548440418936899,0.0
2024-06-21,2024,13.0,30.87,0.07575272860158555,33.40015270295875,19.645194192074904,19.30388888888889,0.34120273305555554,33.0,20.0,29.454114094001817,31.0,-1.5458859059981833,0.0
2024-06-22,2024,14.0,31.26,0.06397642451785368,33.39659472134338,19.64461130557584,19.30027777777778,0.34410868166666664,36.0,22.0,32.1818265311934,34.0,-1.8181734688065987,0.0
2024-06-23,2024,12.0,31.07,0.06946736143319043,33.38947900618884,19.64344592173397,19.296944444444446,0.3464141088888889,37.0,25.0,33.728090367928445,34.0,-0.27190963207155505,0.0
2024-06-24,2024,11.0,28.63,0.1422701275390429,33.37880715038662,19.641698997262278,19.293333333333337,0.34811392444444444,38.0,27.0,35.001863376730434,35.0,0.0018633767304336857,0.0
2024-06-25,2024,9.0,23.06,0.30884791793487465,33.364581542021774,19.639371963698046,19.290000000000003,0.34920353555555556,36.0,27.0,33.5481934046433,33.0,0.5481934046432997,0.0
2024-06-26,2024,6.0,19.92,0.40264142896849053,33.34680536281995,19.63646672314477,19.28666666666667,0.3496788522222222,35.0,29.0,33.36647324444516,33.0,0.36647324444516016,0.0
2024-06-27,2024,12.0,26.57,0.2027122208555754,33.32548258611522,19.632985642636104,19.283333333333335,0.3495362875,38.0,26.0,34.73537011490828,34.0,0.7353701149082781,0.0
2024-06-28,2024,9.0,24.19,0.2735870541916944,33.30061797437121,19.628931547156824,19.279999999999998,0.34877276,37.0,28.0,34.5536454569313,35.0,-0.4463545430687006,0.0
2024-06-29,2024,10.0,27.01,0.18821159593710501,33.27221707629535,19.62430771136379,19.276666666666667,0.3473856908333333,38.0,28.0,35.28451355063693,35.0,0.2845135506369303,0.0
2024-06-30,2024,4.0,15.85,0.5231689675177903,33.24028622359295,19.619117850057584,19.27361111111111,0.3453730033333334,32.0,28.0,30.915011708868942,29.0,1.915011708868942,0.0
2024-07-01,2024,6.0,16.45,0.5045901831783406,33.204832527413906,19.613366107462333,19.270555555555553,0.34273312027777775,32.0,26.0,30.37452418521191,28.0,2.3745241852119108,0.0
2024-07-02,2024,7.0,6.4,0.8070305050937966,33.16586387455097,19.60705704537799,19.2675,0.33946495666666665,25.0,18.0,23.10618126735809,19.0,4.106181267358089,0.0
2024-07-03,2024,10.0,28.24,0.14743023229713104,33.12338892345287,19.600195630274914,19.264444444444443,0.3355679177777778,29.0,19.0,26.29854017705268,28.0,-1.7014598229473208,0.0
2024-07-04,2024,10.0,26.22,0.2073141648080925,33.07741710012037,19.59278721940581,19.261666666666667,0.33104188944444446,30.0,20.0,27.302857824039357,28.0,-0.6971421759606429,0.0
2024-07-05,2024,7.0,20.62,0.3756804574723781,33.02795859395624,19.584837546014512,19.25888888888889,0.32588723138888886,27.0,20.0,25.115246565793093,26.0,-0.8847534342069068,0.0
2024-07-06,2024,11.0,15.4,0.5329798748640313,32.975024353643065,19.57635270372465,19.25611111111111,0.32010476861111115,29.0,18.0,26.043694240847252,19.0,7.043694240847252,0.0
2024-07-07,2024,11.0,27.78,0.15610086733718365,32.91862608312411,19.567339130194185,19.253611111111113,0.31369578305555557,30.0,19.0,27.049489402364877,28.0,-0.9505105976351231,0.0
2024-07-08,2024,14.0,26.18,0.2032569986610755,32.85877623776372,19.557803590123868,19.25111111111111,0.30666200055555554,34.0,20.0,30.252615936221822,31.0,-0.7473840637781777,0.0
2024-07-09,2024,6.0,17.13,0.4776720508273954,32.795488020763266,19.547753157708968,19.248611111111114,0.29900558222222223,31.0,25.0,29.397510736533686,29.0,0.39751073653368607,0.0
2024-07-10,2024,9.0,23.14,0.2929769069756998,32.72877537990783,19.537195198624303,19.24638888888889,0.2907291116666667,32.0,23.0,29.601839091442688,30.0,-0.3981609085573119,0.0
2024-07-11,2024,7.0,17.22,0.47272779445273794,32.65865300471728,19.526137351632375,19.24416666666667,0.2818355838888889,30.0,23.0,28.13930923095795,28.0,0.13930923095794867,0.0
2024-07-12,2024,7.0,25.75,0.20976239768015925,32.585136324072245,19.514587509903635,19.242222222222225,0.2723283908333333,32.0,25.0,30.14406321465126,31.0,-0.8559367853487387,0.0
2024-07-13,2024,11.0,25.34,0.22050536026121947,32.50824150438262,19.502553802136447,19.240277777777777,0.2622113102777778,35.0,24.0,32.09132209560583,33.0,-0.9086779043941675,0.0
2024-07-14,2024,12.0,29.15,0.10108507830625502,32.427985448361746,19.4900445735622,19.238333333333333,0.25148849194444445,38.0,26.0,34.835748166957636,35.0,-0.16425183304236413,0.0
2024-07-15,2024,13.0,26.24,0.18873092329702923,32.34438579446462,19.477068366918438,19.236666666666668,0.24016444388888888,39.0,26.0,35.582022117395226,36.0,-0.41797788260477375,0.0
2024-07-16,2024,8.0,25.55,0.2079351792223435,32.2574609170431,19.46363390346974,19.235277777777778,0.22824401833333333,34.0,26.0,31.90298540311833,28.0,3.902985403118329,0.0
2024-07-17,2024,8.0,22.35,0.3051935136927598,32.16722992726486,19.449750064152493,19.233888888888888,0.21573239944444442,32.0,24.0,29.9095647977094,30.0,-0.09043520229059965,0.0
2024-07-18,2024,10.0,23.28,0.2741719601964141,32.07371267483649,19.435425870915893,19.232777777777777,0.20263508777777778,35.0,25.0,32.39545489296723,31.0,1.39545489296723,0.0
2024-07-19,2024,9.0,15.84,0.5046428746111631,31.97692975056367,19.420670468327046,19.231666666666666,0.1889578886111111,28.0,19.0,25.663801862373788,26.0,-0.3361981376262122,0.0
2024-07-20,2024,9.0,26.24,0.17683344520638078,31.876902489774718,19.405493105503744,19.230555555555554,0.17470689611111112,32.0,23.0,29.671933983124894,30.0,-0.3280660168751055,0.0
2024-07-21,2024,8.0,22.82,0.2817948878340215,31.77365297662523,19.389903118433654,19.229999999999997,0.15988848194444444,32.0,24.0,29.938046156805775,30.0,-0.06195384319422459,0.0
2024-07-22,2024,8.0,21.34,0.32611669894249873,31.66720404929443,19.373909912733815,19.229166666666664,0.1445092813888889,31.0,23.0,28.94569049767184,30.0,-1.0543095023281595,0.0
2024-07-23,2024,10.0,27.7,0.12223939195908318,31.557579306075173,19.35752294689947,19.228888888888886,0.12857618,34.0,24.0,31.44192190503017,32.0,-0.5580780949698294,0.0
2024-07-24,2024,11.0,26.96,0.14262462055582847,31.44480311235193,19.340751716086167,19.22861111111111,0.11209630166666668,36.0,25.0,33.197177621858444,33.0,0.19717762185844379,0.0
2024-07-25,2024,5.0,15.46,0.5065259329327079,31.328900608452468,19.32360573646426,19.22833333333333,0.09507699555555554,32.0,27.0,30.731140979707185,30.0,0.7311409797071846,0.0
2024-07-26,2024,12.0,23.82,0.23678058111693367,31.20989771835128,19.30609453017975,19.22833333333333,0.07752582499999999,37.0,25.0,33.96738925215213,33.0,0.967389252152131,0.0
2024-07-27,2024,10.0,19.73,0.3653463232766736,31.08782115919448,19.288227610950976,19.22861111111111,0.059450555555555555,37.0,27.0,34.483602455091365,35.0,-0.5163975449086351,0.0
2024-07-28,2024,11.0,26.46,0.1454233215055739,30.962698451608382,19.270014470325542,19.228888888888886,0.040859143611111114,39.0,28.0,36.24407290438317,36.0,0.24407290438316664,0.0
2024-07-29,2024,8.0,21.18,0.31310836213155047,30.83455793074642,19.251464564617677,19.229444444444443,0.021759726666666666,37.0,29.0,35.00467819036253,36.0,-0.995321809637467,0.0
2024-07-30,2024,10.0,26.99,0.12094508360247047,30.703428758021392,19.23258730254168,19.230277777777776,0.002160611111111111,37.0,27.0,34.51730600877225,35.0,-0.48269399122774814,0.0
2024-07-31,2024,7.0,13.17,0.5691761877148303,30.56934093346388,19.21339203355301,19.231111111111108,0.01792973527777778,30.0,23.0,28.270287458233625,28.0,0.270287458233625,0.0
2024-08-01,2024,10.0,26.59,0.12625802562479338,30.432325308640362,19.19388803690468,19.23222222222222,0.038502694444444444,34.0,24.0,31.54087151124295,31.0,0.5408715112429512,0.0
2024-08-02,2024,11.0,28.42,0.061811304466516837,30.292413600058897,19.174084511422926,19.233611111111113,0.05954950611111111,37.0,26.0,34.30826684370704,34.0,0.30826684370703816,0.0
2024-08-03,2024,9.0,22.58,0.25106896148496494,30.149638402984543,19.153990566002633,19.235,0.08106127611111112,37.0,28.0,34.80874543653535,34.0,0.8087454365353466,0.0
2024-08-04,2024,9.0,23.24,0.2254374656645497,30.004033205581226,19.133615210819983,19.23638888888889,0.10302898611111112,36.0,27.0,33.81999809960499,34.0,-0.18000190039501263,0.0
2024-08-05,2024,11.0,24.81,0.16900102249169213,29.85563240329253,19.112967349256607,19.238333333333333,0.1254434986111111,39.0,28.0,36.349521805016956,35.0,1.3495218050169555,0.0
2024-08-06,2024,8.0,15.65,0.4731432909578044,29.704471313369194,19.092055770527203,19.240277777777777,0.14829556583333334,33.0,25.0,31.08269158099657,31.0,0.08269158099657048,0.0
2024-08-07,2024,3.0,6.81,0.7695477187375827,29.550586189448097,19.070889142999874,19.242222222222225,0.17157583638888887,28.0,25.0,27.28493250583426,27.0,0.28493250583425933,0.0
2024-08-08,2024,10.0,21.57,0.26617712617418665,29.394014236083958,19.049476008196507,19.244722222222222,0.19527486055555557,34.0,24.0,31.629701728898638,31.0,0.6297017288986382,0.0
2024-08-09,2024,11.0,27.17,0.07062795276580192,29.234793623132575,19.027824775458466,19.246944444444445,0.21938309777777776,37.0,26.0,34.407454410805926,33.0,1.4074544108059257,0.0
2024-08-10,2024,11.0,23.63,0.18721736089631236,29.072963499882892,19.005943717261424,19.249722222222225,0.24389092055555553,40.0,29.0,37.4224287714131,33.0,4.422428771413102,0.0
2024-08-11,2024,9.0,12.47,0.5686399367263705,28.908564008833068,18.983840965161413,19.2525,0.2687886208333333,33.0,24.0,30.9034830702388,27.0,3.9034830702387993,0.0
2024-08-13,2024,9.0,19.23,0.3269687027687135,28.57222253869664,18.939002180821667,19.25861111111111,0.3197144461111111,31.0,22.0,28.92873800231403,27.0,1.9287380023140308,0.0
2024-08-14,2024,13.0,26.51,0.0665613229200559,28.400365927551512,18.916281679063353,19.261944444444445,0.34572279194444444,35.0,22.0,32.026727649511656,32.0,0.026727649511656182,0.0
2024-08-15,2024,8.0,23.49,0.1677918278180276,28.226110707867004,18.893370540360294,19.26527777777778,0.3720814663888889,35.0,27.0,33.18183293898748,32.0,1.1818329389874833,0.0
2024-08-16,2024,12.0,24.16,0.13866564015090088,28.049502175012147,18.87027615158083,19.26888888888889,0.3987804225,38.0,26.0,35.290238133788606,34.0,1.2902381337886055,0.0
2024-08-17,2024,9.0,24.83,0.10909661576309537,27.870586686869434,18.84700574648732,19.272777777777776,0.42580955833333334,35.0,26.0,32.98092682535254,33.0,-0.019073174647459723,0.0
2024-08-18,2024,12.0,22.2,0.19824948746413262,27.689411672196282,18.82356640552789,19.276666666666667,0.4531587177777778,34.0,22.0,31.3257377162796,27.0,4.325737716279601,0.0
2024-08-19,2024,3.0,8.05,0.7073368538952366,27.506025637810836,18.799965056089885,19.280555555555555,0.48081769527777773,21.0,18.0,20.335934861485004,21.0,-0.6640651385149958,0.0
2024-08-21,2024,9.0,17.94,0.3388081288500431,27.132819961622374,18.75230328059946,18.289166666666667,0.46297595166666666,30.0,21.0,28.03516829088297,29.0,-0.9648317091170284,0.0
2024-08-22,2024,12.0,22.25,0.1741856834446297,26.943102770134832,18.728255952321405,18.29361111111111,0.43444921416666665,33.0,21.0,30.398698809438095,30.0,0.39869880943809477,0.0
2024-08-23,2024,10.0,12.89,0.5181556892340544,26.75137946427115,18.70407281450104,18.298333333333336,0.4056539294444444,34.0,24.0,31.84776841238512,31.0,0.8477684123851184,0.0
2024-08-24,2024,8.0,19.57,0.2631140101981574,26.557704001486858,18.679760047645765,18.303055555555556,0.37660051527777777,34.0,26.0,32.290726655062855,33.0,-0.7092733449371451,0.0
2024-08-25,2024,5.0,16.58,0.37106754650959284,26.3621314307847,18.655323689196173,18.30777777777778,0.34729942472222225,30.0,25.0,28.939582609159153,28.0,0.939582609159153,0.0
2024-08-26,2024,9.0,21.24,0.18821979698500468,26.164717889292564,18.630769636407578,18.31277777777778,0.31776114499999997,29.0,20.0,27.105532078574225,27.0,0.10553207857422464,0.0
2024-08-27,2024,10.0,15.58,0.3999735171196772,25.965520597042516,18.606103649525917,18.318055555555556,0.28799619472222227,30.0,20.0,27.9110161636649,23.0,4.9110161636649,0.0
2024-08-28,2024,11.0,22.08,0.1430101052367415,25.764597849895942,18.581331355239435,18.323055555555555,0.2580151230555555,31.0,20.0,28.719813728235852,29.0,-0.2801862717641477,0.0
2024-08-29,2024,10.0,9.5,0.6283547198472139,25.562009010566424,18.55645825038826,18.328611111111112,0.22782850583333333,26.0,16.0,23.943293963718276,18.0,5.943293963718276,0.0
2024-08-30,2024,7.0,12.13,0.5216464730782944,25.357814497697586,18.53148970591467,18.333888888888886,0.1974469472222222,24.0,17.0,22.571709194838654,23.0,-0.4282908051613461,0.0
2024-08-31,2024,11.0,20.7,0.17700629614619123,25.15207577296,18.50643097103756,18.339444444444442,0.16688107416666667,28.0,17.0,25.773569088228644,26.0,-0.22643091177135588,0.0
2024-09-01,2024,13.0,22.84,0.08438033809447543,24.944855326137237,18.48128717763528,18.345,0.1361415375,31.0,18.0,28.390188514273945,28.0,0.3901885142739445,0.0
2024-09-02,2024,13.0,11.41,0.5387330181623525,24.736216658178208,18.456063344821757,18.350555555555555,0.10523900972222222,25.0,12.0,22.411730863621656,17.0,5.411730863621656,0.0
2024-09-03,2024,7.0,12.39,0.4948264409742009,24.526224262199054,18.430764383701472,18.35638888888889,0.07418418194444446,19.0,12.0,17.617977258610672,18.0,-0.3820227413893278,0.0
2024-09-04,2024,16.0,24.03,0.011718867503217045,24.314943602425014,18.405395102289596,18.362222222222222,0.04298776416666667,27.0,11.0,23.86787788765315,24.0,-0.132122112346849,0.014062641003860446
2024-09-05,2024,15.0,22.55,0.06441011867650515,24.102441091069245,18.379960210584176,18.368055555555557,0.011660481944444445,31.0,16.0,28.088869315413717,27.0,1.0888693154137172,0.012882023735300983
2024-09-06,2024,11.0,21.7,0.09162392097336058,23.888784063151906,18.354464325778014,18.374166666666667,0.01978692361111111,30.0,19.0,27.883760850504345,27.0,0.8837608505043448,0.0
2024-09-07,2024,9.0,8.0,0.6620771213192012,23.674040749270436,18.328911977598437,18.38,0.051343699444444446,21.0,12.0,19.283808523605575,12.0,7.283808523605575,0.0
2024-09-08,2024,8.0,22.55,0.038718961356055126,23.458280246337452,18.303307613763792,18.38611111111111,0.08299907972222223,20.0,12.0,18.488132904204022,18.0,0.4881329042040221,0.0
2024-09-09,2024,11.0,22.47,0.03319794677252885,23.241572486310403,18.277655605546048,18.392222222222223,0.11474229083333333,23.0,12.0,20.94000770944148,21.0,-0.059992290558518846,0.0
2024-09-10,2024,10.0,20.39,0.11440190898838143,23.023988202942608,18.251960253429495,18.398333333333333,0.14656254916666667,23.0,13.0,21.14445826281296,22.0,-0.8555417371870391,0.0
2024-09-11,2024,8.0,18.8,0.1756410307291255,22.805598896592517,18.22622579285597,18.404444444444444,0.1784490663888889,24.0,16.0,22.52935885873503,22.0,0.52935885873503,0.0
2024-09-12,2024,4.0,10.47,0.5364482874403581,22.586476797133827,18.200456400047564,18.410833333333333,0.2103910488888889,21.0,17.0,20.2715990098067,21.0,-0.7284009901933004,0.0
2024-09-14,2024,4.0,8.08,0.6351539393422088,22.146326550524737,18.148829261925783,18.423055555555557,0.27439822444444445,17.0,13.0,16.285503490725134,14.0,2.2855034907251337,0.0
2024-09-15,2024,12.0,20.97,0.04357704489683878,21.92544615131926,18.1229796262774,18.429166666666667,0.3064418241666667,22.0,10.0,19.87745755842136,19.0,0.8774575584213586,0.0
2024-09-16,2024,12.0,19.53,0.10017119007931519,21.70412836828537,18.09711128977951,18.435555555555556,0.33849770611111113,24.0,12.0,21.89845977401031,22.0,-0.10154022598969092,0.0
2024-09-17,2024,11.0,19.95,0.07133490685060395,21.482448459802942,18.07122822202643,18.441666666666666,0.3705550808333334,25.0,14.0,23.092887144883896,23.0,0.09288714488389616,0.0
2024-09-18,2024,7.0,18.78,0.1166710207446906,21.260482154488447,18.045334369499844,18.447777777777777,0.40260316527777773,19.0,12.0,17.798691546809682,16.0,1.7986915468096818,0.0
2024-09-19,2024,11.0,20.43,0.028914191760153418,21.038305602499378,18.01943366171265,18.453888888888887,0.43463118444444443,22.0,11.0,20.131611799948026,20.0,0.13161179994802552,0.0
2024-09-20,2024,13.0,19.97,0.040641598552351055,20.815995325486018,17.993530017370485,18.46,0.4666283725,26.0,13.0,23.81485384101775,22.0,1.8148538410177508,0.0
2024-09-21,2024,12.0,18.51,0.10117829401204192,20.593628165281523,17.967627350544504,18.46611111111111,0.49858397666666665,28.0,16.0,26.004161090401574,24.0,2.004161090401574,0.0
2024-09-22,2024,11.0,14.96,0.2656328372256346,20.37128123142465,17.941729576848914,17.471944444444443,0.4695127436111111,28.0,17.0,26.189960538404176,26.0,0.1899605384041756,0.0
2024-09-23,2024,9.0,14.41,0.2848291615705518,20.14903184761434,17.915840619616947,17.478055555555553,0.4376725130555556,27.0,18.0,25.53501681658399,25.0,0.5350168165839904,0.0
2024-09-24,2024,10.0,16.67,0.16344479570731862,19.92695749719794,17.889964416068796,17.483888888888888,0.4059060397222222,28.0,18.0,26.3899913923142,27.0,-0.6100086076857991,0.0
2024-09-25,2024,8.0,15.28,0.22456763657677115,19.705135767799025,17.864104923465167,17.489722222222223,0.37422401194444443,26.0,18.0,24.726205987446264,23.0,1.7262059874462636,0.0
2024-09-26,2024,8.0,9.04,0.5360210922024295,19.483644295192974,17.838266125239773,17.495555555555555,0.34263709861111113,20.0,12.0,18.7404284597984,15.0,3.7404284597984017,0.0
2024-09-27,2024,5.0,4.94,0.7435439620277338,19.262560706541926,17.8124520371042,18.00111111111111,0.18884405444444446,12.0,7.0,11.221660997010153,8.0,3.2216609970101526,0.0
2024-09-28,2024,6.0,12.95,0.3199230406484924,19.041962563102516,17.78666671311818,18.006666666666668,0.22020882638888886,13.0,7.0,12.076667804767201,11.0,1.076667804767201,0.0
2024-09-29,2024,7.0,18.62,0.010728301054221956,18.821927302522138,17.760914251718223,18.01222222222222,0.2514466202777778,14.0,7.0,12.935233370056132,12.0,0.9352333700561317,0.0
2024-09-30,2024,10.0,18.73,0.0,18.602532180841553,17.73519880169724,18.0175,0.28254686805555557,16.0,6.0,14.496693539833341,15.0,-0.5033064601666588,0.0
