date,year,dtr,dtrplus,srad,clear_srad,clearness,rmse,bias,aft_rmse,aft_bias
2000-05-01,2000,10.0,0,25.1,26.58,0.9443190368698271,0.8452880448100295,0.017720590036541434,1.0642095793497108,-0.9498079743005174
2000-05-02,2000,7.0,0,18.97,26.39,0.7188328912466843,1.4497035822454643,-0.518535592823209,0.4990709220470766,-0.19484249487810187
2000-05-03,2000,9.0,0,15.46,26.07,0.5930187955504411,1.1802338699644417,-0.6317632514405622,0.614762178601711,-0.4127278196707002
2000-05-04,2000,13.0,0.1999999999999993,23.88,27.0,0.8844444444444444,1.4830580712714898,-0.8553060354561753,1.7722785411547934,-1.5154686484138977
2000-05-05,2000,16.0,3.1999999999999993,27.34,28.34,0.9647141848976711,2.1369946646540683,-0.4039289823612184,0.9630019030465234,-0.7549719072577551
2000-05-06,2000,9.0,0,7.43,26.24,0.28315548780487804,4.12671152296525,1.0895280211107143,2.6819325194405352,2.4341321348515943
2000-05-07,2000,14.0,1.1999999999999993,26.3,27.85,0.9443447037701974,2.004151979912186,-0.38201205837578794,1.887343829637793,-1.187960806183561
2000-05-08,2000,14.0,1.1999999999999993,18.96,27.67,0.6852186483556197,0.7833615289959662,-0.05515135215884761,0.7991347627087534,0.010482326569135836
2000-05-09,2000,19.0,6.199999999999999,22.18,28.31,0.7834687389614977,1.3493452559315027,0.2843855850254677,1.096204525219427,0.03831625341256739
2000-05-10,2000,11.0,0,27.93,28.75,0.9714782608695652,1.3786684843720727,0.2709585264281268,1.3167182230756311,-1.0948578867830694
2000-05-11,2000,14.0,1.1999999999999993,18.23,28.39,0.6421275096865093,2.558660749380268,0.6843979262714757,2.961275949419625,1.007689404208073
2000-05-12,2000,7.0,0,15.91,28.78,0.5528144544822794,1.7480244515320416,0.40765178396376706,2.4170339496426414,1.8408678715602644
2000-05-13,2000,8.0,0,23.91,29.03,0.8236307268343093,1.3521369084389132,0.43561006940409763,1.0400176508124277,-0.8442182399072511
2000-05-14,2000,10.0,0,16.32,28.5,0.5726315789473684,2.344951876627584,0.5998681530413282,1.4405916161902759,-1.2166499404358355
2000-05-15,2000,13.0,0.1999999999999993,27.65,29.52,0.9366531165311652,1.5265904598307123,-0.2300709619381949,1.7354660000497384,-1.0335047098100076
2000-05-16,2000,12.0,0,28.02,29.13,0.9618949536560247,1.0655902078339814,0.2953831599543717,1.396250610386881,-1.0804709012461113
2000-05-17,2000,17.0,4.199999999999999,26.75,29.04,0.9211432506887053,2.327324386572449,-0.7602606496745825,2.3109662376357623,-2.048487702907469
2000-05-18,2000,12.0,0,28.98,29.73,0.9747729566094854,1.6135702989753555,1.0719179919353046,1.468490548988527,0.1890540219151191
2000-05-19,2000,9.0,0,26.91,29.01,0.9276111685625645,0.8714525218300478,0.09664421561509062,0.5755843942809059,-0.33733507472874
2000-05-20,2000,11.0,0,20.85,29.16,0.7150205761316872,1.067920180034946,0.5689799493043761,0.7937868178771876,-0.03611956192818629
2000-05-21,2000,15.0,2.1999999999999993,23.77,30.09,0.7899634430043203,1.950271410233546,-0.6437853996715053,0.9747680366768885,-0.601792916217151
2000-05-22,2000,12.0,0,12.69,29.11,0.4359326691858468,5.569949361639233,2.8304423988634944,4.7697116531183,4.660940943382103
2000-05-23,2000,6.0,0,6.42,29.23,0.2196373588778652,0.8806128262432052,-0.18819729769494117,0.40635203065271336,0.06577481307576072
2000-05-24,2000,13.0,0.1999999999999993,28.33,31.06,0.912105602060528,1.2144275162461617,-0.4429979714073351,1.4211599105501067,-1.044865305946767
2000-05-25,2000,13.0,0.1999999999999993,26.88,29.85,0.900502512562814,1.1727074315425865,0.3046711667992709,0.399208182703025,0.2953669931140433
2000-05-26,2000,7.0,0,17.48,29.57,0.5911396685830234,1.7701287657730809,0.4072831200715556,2.0004782484802672,1.7267693599543612
2000-05-27,2000,12.0,0,19.64,29.67,0.661948095719582,2.049864128594865,-0.23162837457658125,1.0128642897439117,-0.6763734612853559
2000-05-28,2000,10.0,0,26.87,31.32,0.8579182630906769,1.103776210917409,0.1955399209165091,1.2149349682006803,-0.8083107482492379
2000-05-29,2000,11.0,0,21.74,30.72,0.7076822916666666,1.5212684946504278,-0.6451972919420232,1.4284174683464823,-1.1503274620950468
2000-05-30,2000,10.0,0,18.42,30.66,0.6007827788649707,0.8189732375175732,-0.3095006938564015,0.44592624660996866,0.20194007447138893
2000-05-31,2000,12.0,0,24.72,31.64,0.7812895069532237,0.947936651469606,0.035298748301572015,0.8983870159745935,-0.6517756005860207
2000-06-01,2000,8.0,0,20.67,30.46,0.6785948785292187,2.0062670669013447,0.34551344463106065,0.35310362005852436,-0.26386512815635044
2000-06-02,2000,9.0,0,14.57,31.06,0.4690920798454604,3.0684002976853626,0.6882664075329475,4.519509009322396,4.2285271538629905
2000-06-03,2000,10.0,0,21.66,30.57,0.7085377821393523,0.972241050636357,0.03146659655926887,1.3364971992512307,-1.1115527359098138
2000-06-04,2000,7.0,0,7.97,31.04,0.25676546391752575,1.2453594290916303,0.09473976103145176,0.6828308778738479,-0.5747626666804487
2000-06-05,2000,10.0,0,19.73,31.33,0.6297478455154805,0.5690026786310848,0.12214527284018248,0.690608808845574,-0.2688725989732023
2000-06-06,2000,13.0,0.1999999999999993,29.56,31.11,0.9501767920282868,1.4273703940522575,0.5628414812266821,1.0241338608991148,-0.7934828452318943
2000-06-07,2000,14.0,1.1999999999999993,30.16,31.99,0.9427946233197875,1.3393489159388077,-0.8667219111086947,1.6806274350602926,-0.9636036490743857
2000-06-08,2000,17.0,4.199999999999999,30.6,31.85,0.9607535321821036,1.3992347680247927,-0.2658345061406258,0.8200295149090145,0.34920143259796116
2000-06-09,2000,10.0,0,14.94,29.77,0.5018474974806852,2.6737739605461983,0.2536024873931451,2.4620419486572565,2.08215024899657
2000-06-10,2000,6.0,0,10.63,30.25,0.35140495867768595,1.5795459552305722,0.13653194724438164,1.3746199551185083,1.285167050931755
2000-06-11,2000,4.0,0,6.18,30.21,0.2045680238331678,2.2328171423213674,0.316285858165156,2.1312321254950244,1.8450956919812511
2000-06-12,2000,7.0,0,8.78,30.17,0.29101756711965526,1.4560091885963162,0.6474788437212956,1.0543599485001989,-0.383926829853299
2000-06-13,2000,11.0,0,29.37,31.95,0.9192488262910798,1.035470759012981,-0.18950130146572422,1.4680087672112485,-1.24203467905702
2000-06-14,2000,12.0,0,30.2,31.32,0.9642401021711366,1.0104002769560179,-0.38722443158655934,1.5196132282762393,-1.2445673966143918
2000-06-15,2000,9.0,0,28.89,31.98,0.9033771106941839,1.063742708583639,0.3770375571336822,1.038912359931887,-0.721812146444277
2000-06-16,2000,14.0,1.1999999999999993,30.28,31.54,0.9600507292327204,1.479644572212085,-0.44945678920413884,1.322605280512293,-0.9145290215795919
2000-06-17,2000,11.0,0,24.53,31.56,0.7772496831432193,1.3440024414763152,-0.38634987265442094,0.7014003222916061,0.6065224032435518
2000-06-18,2000,7.0,0,12.94,30.19,0.42861874792977805,2.8201361838950896,0.9009547515182398,1.3648758644700387,0.7971260625027785
2000-06-19,2000,14.0,1.1999999999999993,31.08,32.32,0.9616336633663366,1.9266512645551443,-0.9061013613830896,1.6372643954557893,-1.4015534328648858
2000-06-20,2000,12.0,0,21.08,31.07,0.6784679755391052,0.8172345664191597,0.19957376063440227,0.9562805803571738,0.44492652015222056
2000-06-21,2000,10.0,0,24.16,31.22,0.7738629083920564,0.6782693843893361,0.13845773046373866,0.6465873665758379,-0.21009421871772757
2000-06-22,2000,8.0,0,17.18,31.1,0.5524115755627009,1.4562998517211427,0.41052068480271303,0.6271477225440125,-0.03273274664123823
2000-06-23,2000,9.0,0,13.44,31.05,0.4328502415458937,1.4239512035959265,0.8781260877522437,0.8767229565732848,0.13177375005400785
2000-06-24,2000,11.0,0,28.84,31.92,0.9035087719298245,0.9770048136247009,-0.18670910490232093,1.3100816458408842,-1.040236032697002
2000-06-25,2000,10.0,0,23.5,31.21,0.7529637936558795,0.9932185283204285,-0.4053713985809348,1.0053209309271711,-0.5347501622279923
2000-06-26,2000,13.0,0.1999999999999993,26.95,31.1,0.8665594855305465,1.187356185454512,0.12177011934911519,0.8429831799111994,0.45699653341978497
2000-06-27,2000,12.0,0,27.9,30.26,0.9220092531394579,0.8371306035072532,0.02771236919551005,0.8743446238091424,-0.3712117696751515
2000-06-28,2000,11.0,0,29.59,31.04,0.9532860824742269,1.0482456823000008,0.25377187817295693,1.1324046401685708,0.4457579774629764
2000-06-29,2000,7.0,0,12.39,30.01,0.41286237920693103,1.9593450348188097,-0.22885265623430895,1.5333029131735243,0.9796994357131391
2000-06-30,2000,11.0,0,14.21,30.5,0.4659016393442623,3.0901635678307815,0.9927902305751555,1.460301342160743,-0.3643006446237287
2000-07-01,2000,11.0,0,24.4,29.61,0.8240459304289092,0.7085445534538781,0.09491937496824487,0.6356928349464559,-0.030199321745568497
2000-07-02,2000,16.0,3.1999999999999993,25.56,30.09,0.8494516450648055,3.655231397887656,0.6765666546401382,4.044974964631607,3.123619294493231
2000-07-03,2000,7.0,0,17.88,29.91,0.5977933801404213,0.8852550684142215,-0.19250265161007807,0.8029006123332387,-0.6852183127332108
2000-07-04,2000,10.0,0,25.98,30.29,0.8577088147903599,1.186601823280952,0.03816610279740207,1.2241020009323995,-1.0264497488221653
2000-07-05,2000,12.0,0,28.04,30.46,0.9205515430072225,1.2020889711256273,0.04823505133146262,1.1603336565939923,-0.6985151540062814
2000-07-06,2000,12.0,0,30.28,30.7,0.9863192182410424,1.3011572544202616,0.8396287475709282,1.097672896521819,-0.19879342327597685
2000-07-07,2000,13.0,0.1999999999999993,27.85,30.23,0.9212702613298048,1.1017709209383197,-0.03153836795046786,1.1266181202894177,-0.702219000320825
2000-07-08,2000,10.0,0,23.25,29.86,0.7786336235766912,1.210920340570804,0.6939312265925275,1.0159068760512264,0.13860595603935502
2000-07-09,2000,14.0,1.1999999999999993,31.18,30.71,1.0153044610875936,1.344300966088124,0.175424108084846,1.2195148648765768,0.126194944360968
2000-07-10,2000,13.0,0.1999999999999993,31.14,30.7,1.0143322475570034,1.3118129878128149,0.6645856079173621,1.2828714620513406,-0.03912170716906852
2000-07-11,2000,9.0,0,27.03,28.12,0.9612375533428165,1.227795207215937,0.8031336379640593,0.904372761149743,0.6383981637513294
2000-07-12,2000,10.0,0,26.29,27.71,0.9487549621075424,1.1035812390127948,0.1387844351572937,0.7265055380400516,-0.36639212321225756
2000-07-13,2000,7.0,0,18.74,29.58,0.6335361730899256,1.5203001748044809,0.7445276442353985,2.4504054796054326,1.8089492791533697
2000-07-14,2000,12.0,0,22.81,26.9,0.8479553903345725,1.2100514907381172,-0.4828811502233356,1.50597701206863,-1.0440805652508829
2000-07-15,2000,6.0,0,9.21,29.36,0.3136920980926431,2.1559271094281853,-0.20046138595119575,1.530777831651167,1.4766236424583064
2000-07-16,2000,12.0,0,25.8,29.17,0.8844703462461433,1.5162956422108451,-0.12788408873481008,0.6059164702457941,-0.2164823185057229
2000-07-17,2000,5.0,0,8.25,29.26,0.2819548872180451,1.3785524796278583,-0.4568082053162179,0.5701422567047139,-0.18875824590753196
2000-07-18,2000,8.0,0,18.14,29.2,0.6212328767123289,1.643790662954957,0.9464817337180752,0.6921164416184893,0.1289264433825359
2000-07-19,2000,9.0,0,23.74,28.67,0.8280432507847924,0.7477229023677416,-0.07475874665008181,0.8700925916072582,-0.7119195425422381
2000-07-20,2000,11.0,0,28.5,28.92,0.9854771784232365,1.1997377552615245,0.3580052268593427,0.9894365822112433,-0.3859774363156063
2000-07-21,2000,11.0,0,22.06,29.05,0.759380378657487,1.1375906485180736,0.2383798509406554,0.2938949303380198,-0.22962982003561785
2000-07-22,2000,4.0,0,15.75,28.8,0.546875,1.3431685267888724,0.7178308594913577,2.206389574211447,2.142314417637335
2000-07-23,2000,3.0,0,14.86,28.7,0.5177700348432056,0.8740065431550621,0.04769781382617033,0.4114513135416971,-0.019513238169986142
2000-07-24,2000,9.0,0,18.39,28.64,0.6421089385474861,1.3423506356168853,-0.27693973369148334,0.34710492277616456,0.27095227117625836
2000-07-25,2000,4.0,0,8.46,28.64,0.295391061452514,0.9905850273979391,-0.2065128440559298,0.6770470429534297,0.30386011754060976
2000-07-26,2000,11.0,0,24.62,28.03,0.8783446307527649,0.9160252740230451,-0.28228572827100856,1.3007487615947968,-0.5862005247489049
2000-07-27,2000,10.0,0,24.56,28.64,0.8575418994413407,1.0324898256872894,0.3378122860811083,0.8136444033330932,-0.2500216193277958
2000-07-28,2000,13.0,0.1999999999999993,28.41,27.97,1.0157311405076868,1.0700045033938108,-0.08293055948524437,1.428036012162154,-0.9483110056301189
2000-07-29,2000,12.0,0,18.82,28.82,0.6530187369882027,1.3258349059490222,-0.29641806986869,1.1720542848244495,-0.6126102127092631
2000-07-30,2000,12.0,0,14.72,28.55,0.5155866900175131,2.624724329846254,-0.5099632844896949,1.4093325162502295,1.047209936630825
2000-07-31,2000,7.0,0,22.48,27.67,0.8124322370798699,1.1079626722083533,0.6577335264571107,0.9243366435926523,0.09292291681471691
2000-08-01,2000,12.0,0,17.99,28.15,0.639076376554174,2.505553606427708,-0.14577872062982541,2.170158444535346,1.6995859300890863
2000-08-02,2000,8.0,0,19.36,28.12,0.6884779516358464,1.7024375445279285,0.48079383099482803,1.0598037592235066,-0.42763052555004144
2000-08-03,2000,11.0,0,21.09,27.52,0.7663517441860466,0.8832769738612513,-0.27813523679800334,0.7218884726643519,0.6965150234341309
2000-08-04,2000,5.0,0,6.27,27.69,0.2264355362946912,2.3490441818335643,0.4842529950973427,0.6710123990567572,-0.065490597781609
2000-08-05,2000,9.0,0,24.44,27.44,0.89067055393586,0.9088216727428973,0.2354630212106504,1.1247906065979745,-0.7909607837434027
2000-08-06,2000,11.0,0,28.04,27.58,1.016678752719362,0.9604576780582667,0.7045082092188614,0.35075162474528937,0.006814170505777521
2000-08-07,2000,12.0,0,28.05,27.46,1.0214857975236709,1.1088439508535237,0.17644465931991388,0.8363981342629626,-0.34053147926406097
2000-08-08,2000,13.0,0.1999999999999993,25.43,27.01,0.941503146982599,0.8956542375166126,0.2246150444824376,0.5453324526642768,-0.20860015663680542
2000-08-09,2000,11.0,0,22.76,27.01,0.8426508700481303,1.6606610831813688,-0.6619825600844307,0.6107686967640154,-0.18498618968275812
2000-08-10,2000,6.0,0,18.08,26.73,0.6763935652824541,1.6467491447912381,0.9802076398041172,1.274029194479002,0.8941560453709846
2000-08-11,2000,10.0,0,9.69,26.57,0.36469702672186677,2.8678599983428064,1.2657781861298627,0.8961268816939609,0.48192997831830553
2000-08-12,2000,9.0,0,22.02,26.23,0.8394967594357605,1.067217286082107,0.1429386124564558,1.328565918800841,-1.130167052795639
2000-08-13,2000,13.0,0.1999999999999993,26.46,26.01,1.0173010380622838,0.9013347144198702,0.29623141130073644,1.0357334414575754,-0.6973119441545039
2000-08-14,2000,13.0,0.1999999999999993,24.9,25.49,0.9768536681051393,1.7765803097761168,-0.2680604116186958,0.8761503707074308,0.22547772899868512
2000-08-16,2000,11.0,0,20.31,25.38,0.8002364066193853,1.045617065491025,-0.31695282348115866,0.24431790491396918,-0.0033468501288034247
2000-08-17,2000,11.0,0,19.41,24.67,0.7867855695176327,1.3358169064568488,0.44611924242287704,0.32648912853181944,-0.09686600937128276
2000-08-18,2000,10.0,0,13.79,25.71,0.5363671723064954,4.632954049817021,-0.9849500323822643,3.8926320914918513,3.7527360949507207
2000-08-19,2000,7.0,0,11.59,25.67,0.45149980522010125,1.149183544452643,0.33727487681706486,0.9255546135559182,-0.18161266916313146
2000-08-20,2000,11.0,0,23.66,24.87,0.9513470044229996,1.0009913340355825,0.2854294162995168,1.063139603186068,-0.6292828468262931
2000-08-21,2000,12.0,0,22.36,24.87,0.8990751909931644,1.1260266735064486,0.34950018276685846,0.9286152915345794,0.16439165868457964
2000-08-22,2000,10.0,0,19.54,24.38,0.8014766201804758,1.0579200720945894,0.45293858948181115,1.0241834763450222,-0.28551012403191106
2000-08-23,2000,13.0,0.1999999999999993,23.68,24.63,0.9614291514413318,1.4960497608085832,0.8845217081571413,1.9568419495805454,1.2844898568538057
2000-08-24,2000,5.0,0,6.18,24.87,0.2484921592279855,2.385736082818505,0.48449703046450293,2.6099355229660253,1.5154285384633404
2000-08-25,2000,10.0,0,24.52,24.87,0.9859268194611982,1.1334881711636493,-0.022349016499636647,0.8258775374235636,-0.477659138047087
2000-08-26,2000,13.0,0.1999999999999993,24.44,24.28,1.0065897858319606,1.065195216802288,0.21763778846055862,1.2875298475752823,-0.4156636597594587
2000-08-27,2000,13.0,0.1999999999999993,24.37,24.15,1.0091097308488615,1.1602678904831278,-0.20649139494711224,1.2407383883624234,-0.4273426102724264
2000-08-28,2000,13.0,0.1999999999999993,18.65,23.82,0.7829554995801846,1.3155232788520002,-0.3391128909805161,1.082758656587146,0.39455370172823895
2000-08-29,2000,11.0,0,21.17,22.39,0.9455113890129523,1.1099756917960384,-0.034362807739179206,1.280118302168937,-0.7147807533750358
2000-08-30,2000,10.0,0,19.49,23.4,0.832905982905983,2.3252764602423976,-0.30143870658258515,1.9300896341984601,1.8108338817402683
2000-08-31,2000,6.0,0,15.71,22.87,0.6869261040664626,1.3166213208144681,0.9198781103346826,1.3744261366798578,0.8937562858733727
2000-09-01,2000,7.0,0,11.14,22.75,0.4896703296703297,3.2262219721060545,0.27889912569947034,0.7610161349104723,-0.0954623341520282
2000-09-02,2000,14.0,1.1999999999999993,24.4,24.48,0.9967320261437908,1.1075687175248965,-0.06203829436805028,0.9190650985871424,-0.5373669355733212
2000-09-03,2000,13.0,0.1999999999999993,23.58,24.02,0.9816819317235637,1.165889981739506,0.32279206062432264,1.2135954398573912,0.15518840393053365
2000-09-04,2000,15.0,2.1999999999999993,24.52,24.6,0.9967479674796748,1.9631844995718428,0.8569139089177765,1.1624620384607562,0.22869890696525275
2000-09-05,2000,16.0,3.1999999999999993,20.22,23.57,0.8578701739499363,2.644462743145896,-1.444326443613378,1.886334744363479,-1.1604300897487085
2000-09-06,2000,14.0,1.1999999999999993,22.96,23.26,0.9871023215821152,2.016853127790163,-1.179492315889401,1.1350948458261338,-0.5917841023899927
2000-09-07,2000,11.0,0,19.44,22.39,0.8682447521214829,1.4718036392121763,0.6726683991765996,1.5528266807275695,1.3576332234842408
2000-09-08,2000,10.0,0,13.73,22.3,0.615695067264574,1.8677208905670153,0.9405097318766749,2.403120579402289,2.390868135003363
2000-09-09,2000,9.0,0,16.42,21.98,0.7470427661510465,1.2718421969109817,0.0008611708902387013,1.0750566555945342,0.09273557241230002
2000-09-10,2000,12.0,0,20.94,21.88,0.957038391224863,1.1888373075339576,-0.36523726539182055,1.1653941348599868,-0.22179655342466673
2000-09-11,2000,11.0,0,14.84,22.05,0.673015873015873,1.024264858641055,0.08048151478617019,0.9559487370224541,-0.020017239306076462
2000-09-12,2000,13.0,0.1999999999999993,21.01,21.89,0.9597989949748744,0.9407920206194177,0.254681225781704,0.8419992938572011,0.5385755838963325
2000-09-13,2000,12.0,0,21.75,21.56,1.0088126159554731,1.7590015866344444,0.7853907969138615,2.2290950305005635,0.7412878851660558
2000-09-14,2000,12.0,0,21.65,21.32,1.0154784240150092,1.8123766291716292,0.8216475410548728,2.476366167673049,1.0622969547582752
2000-09-15,2000,9.0,0,17.19,21.03,0.8174037089871612,1.374292008024015,0.24819865203310312,1.4337804046064784,1.2041037117068172
2000-09-16,2000,8.0,0,15.24,20.34,0.7492625368731564,1.677574572247076,-0.08452620373827635,1.3430318990479613,0.5803562126731455
2000-09-17,2000,11.0,0,20.28,20.84,0.9731285988483686,1.8133290822334516,0.9151795118665335,1.7969502844873508,0.9115315864647654
2000-09-18,2000,10.0,0,16.74,20.26,0.8262586377097728,1.4809476428285921,0.39553773383723395,1.1975414501480441,0.12122799079740372
2000-09-19,2000,10.0,0,19.92,20.08,0.9920318725099603,1.7797176249788993,0.015882300522153486,1.2029443254310992,0.1107085417954412
2000-09-20,2000,12.0,0,11.07,19.11,0.5792778649921507,6.566117896620022,1.580102670304891,8.524630255384906,8.320162980876455
2000-09-21,2000,10.0,0,17.72,19.17,0.9243609806990087,1.2406495000196223,0.46483502103790997,0.889379363238245,0.42284193769465733
2000-09-22,2000,14.0,1.1999999999999993,19.6,19.76,0.9919028340080972,1.6960645137841301,-0.988167544403281,0.7832160171909748,-0.6517420435679174
2000-09-23,2000,11.0,0,18.38,19.33,0.9508535954474909,0.9949595974021883,-0.23907987366694386,1.034695890005861,0.18209817456905478
2000-09-24,2000,12.0,0,14.11,19.06,0.7402938090241343,1.012376138933237,0.3182277768996341,1.2756341004013527,-0.4879580462509857
2000-09-25,2000,13.0,0.1999999999999993,18.84,19.08,0.9874213836477989,1.750075046949349,0.23363809662229995,1.5352218695609732,-0.12172263350018693
2000-09-26,2000,12.0,0,10.71,18.78,0.5702875399361023,5.265745807366362,-0.2782449179458505,6.119027504519023,5.930307730030121
2000-09-27,2000,6.0,0,11.98,18.33,0.6535733769776324,1.346579426934562,0.9813330870018746,0.9336405420727301,0.5712323247514289
2000-09-28,2000,10.0,0,18.74,18.91,0.9910100475938656,0.9625116830775519,-0.18555957379443289,1.2171536918613473,-0.7212684892069925
2000-09-29,2000,13.0,0.1999999999999993,18.17,18.52,0.9811015118790498,1.4386991025166778,0.671336549482673,1.1523179843580666,-0.029640476542997618
2000-09-30,2000,8.0,0,10.6,17.73,0.5978567399887197,1.515162804642163,-0.9234384364011947,0.5094147879478725,-0.08753121878203836
2001-05-01,2001,8.0,0,15.22,26.55,0.5732580037664784,1.0752986836137461,0.48644623133195797,0.7662335199797023,-0.06355944025883709
2001-05-02,2001,8.0,0,24.86,28.41,0.8750439985920451,1.2875615948950114,0.8172994967778856,0.6335691183634662,-0.2560815278149441
2001-05-03,2001,13.0,0.1999999999999993,23.68,26.76,0.8849028400597907,1.0723698814593183,0.5730055986673119,0.7364059950250462,-0.3618503476307596
2001-05-04,2001,6.0,0,16.15,24.4,0.6618852459016393,1.681872589910304,1.0069621223301046,0.670201766259424,0.16929256466397766
2001-05-05,2001,9.0,0,19.6,27.97,0.7007508044333215,1.1752117640465696,0.5875708561543923,1.332660260894658,1.0918550382775578
2001-05-06,2001,10.0,0,26.98,28.71,0.9397422500870777,1.0114666014484854,0.17162471991690254,1.1931956493330196,-0.7635241087027639
2001-05-07,2001,15.0,2.1999999999999993,27.98,28.93,0.9671621154510889,1.134861206856325,0.23745250772289841,0.8496481821935881,-0.2208908863584552
2001-05-08,2001,10.0,0,28.41,29.25,0.9712820512820513,1.4309535019998756,0.5068961487791991,1.1555853089031756,0.4133613289165036
2001-05-09,2001,11.0,0,28.26,28.89,0.9781931464174455,1.1932687503735502,0.5084103198711758,1.1271639465513952,0.06041987787260853
2001-05-10,2001,11.0,0,22.79,26.27,0.8675295013323182,1.1058701392020185,0.6629113787601291,0.9052474576954568,-0.10062392346290021
2001-05-11,2001,14.0,1.1999999999999993,26.28,27.77,0.9463449765934462,3.846210884686594,1.6986557796047952,6.4455294756135535,5.288473488815095
2001-05-13,2001,14.0,1.1999999999999993,27.14,30.14,0.900464499004645,1.5222744870535683,0.4819702345942003,0.667267400204118,-0.4849309235461388
2001-05-17,2001,11.0,0,27.73,29.6,0.9368243243243243,1.0136210961352472,-0.079926547819604,0.8358506023460003,-0.7265427705867129
2001-05-18,2001,13.0,0.1999999999999993,27.87,29.51,0.944425618434429,1.0683800652302171,0.5691801122341581,1.090485363361797,0.05440873940245498
2001-05-19,2001,14.0,1.1999999999999993,21.57,28.51,0.7565766397755174,4.088304261225268,-0.6519833197666087,3.604410692127244,3.5602928117247803
2001-05-20,2001,5.0,0,11.0,27.84,0.39511494252873564,2.390415759167878,-0.4565796425472773,0.9297386680342071,-0.7614824489233737
2001-05-21,2001,12.0,0,18.45,29.96,0.6158210947930574,1.816071402097919,0.773644518066557,1.9372707189892078,1.445445326381373
2001-05-22,2001,10.0,0,29.05,30.53,0.9515230920406158,1.4295944073058742,0.5064117764836935,0.8830063311544446,-0.5123063885892121
2001-05-23,2001,15.0,2.1999999999999993,31.25,31.63,0.9879860891558647,1.4598269265405528,-0.4762214066957469,1.9048219440161556,-1.380517107403564
2001-05-25,2001,14.0,1.1999999999999993,30.74,31.65,0.9712480252764613,0.997608759269096,0.30302679219179884,0.779816606915882,-0.22780366281446676
2001-05-26,2001,12.0,0,29.37,31.46,0.9335664335664335,1.0713860241461035,0.6337990257634297,0.5684818080110686,-0.18889200635626877
2001-05-27,2001,10.0,0,19.12,29.94,0.6386105544422178,1.2170427358986706,0.06710506636110226,1.1909236261877592,-0.7649212940445764
2001-05-28,2001,13.0,0.1999999999999993,29.88,30.57,0.9774288518155053,0.8844076489302346,0.02520085349267085,0.9649732051386177,-0.5382510789645654
2001-05-29,2001,13.0,0.1999999999999993,30.07,31.5,0.9546031746031746,0.9175169832464617,0.2781997999273876,0.5885148470528121,-0.3508039727240095
2001-05-30,2001,9.0,0,24.91,30.92,0.805627425614489,1.2018717795438472,0.48747528456444117,1.568641831129931,1.3770048037404166
2001-05-31,2001,12.0,0,20.92,29.02,0.720882150241213,0.9002836981113229,0.2396391289990536,0.5910782039120079,0.5089947560323331
2001-06-01,2001,13.0,0.1999999999999993,26.68,29.9,0.8923076923076924,0.7407713432032005,0.1265578966678659,0.5515313007891777,-0.16442356730152183
2001-06-03,2001,12.0,0,9.95,28.8,0.3454861111111111,6.603168164984052,0.8760218767105966,4.321325742865288,3.5269250940395427
2001-06-04,2001,12.0,0,30.51,31.33,0.9738270028726461,1.080588398179082,0.12942658253778938,1.0907750500247098,-0.8005299497584435
2001-06-05,2001,15.0,2.1999999999999993,30.64,31.15,0.9836276083467095,1.60076844222008,-0.8118008728874977,1.966284107850232,-1.4935390476485804
2001-06-06,2001,12.0,0,22.26,30.21,0.736842105263158,1.6702219067473751,0.4008560816994571,0.38446583910680093,-0.148908868598253
2001-06-07,2001,14.0,1.1999999999999993,25.69,27.99,0.9178277956413006,1.5888394050837675,0.6904442259541222,0.9966265186512545,-0.46990460255742583
2001-06-08,2001,9.0,0,6.61,26.8,0.24664179104477613,4.652778662818033,1.4079955849574606,3.7291852789801077,3.416254797023609
2001-06-09,2001,14.0,1.1999999999999993,30.28,31.64,0.9570164348925411,1.8735530162972063,-0.14897357188543134,1.9880953148147826,-1.4575203888408943
2001-06-10,2001,15.0,2.1999999999999993,22.58,29.48,0.7659430122116688,2.7788004047342314,-0.7029296022436172,3.129238847529386,-1.7934412931718136
2001-06-11,2001,17.0,4.199999999999999,26.97,28.5,0.9463157894736842,1.9084959968112458,-1.2554748389061599,1.3311922897749342,-1.2435346112362726
2001-06-12,2001,13.0,0.1999999999999993,16.02,27.44,0.5838192419825072,6.055331331703324,0.742301131372651,8.783161376405994,8.567610708298927
2001-06-13,2001,11.0,0,28.63,29.38,0.9744724302246426,1.175106171605664,-0.24107111160753825,1.4726366380706901,-1.2461707326266147
2001-06-14,2001,12.0,0,20.17,30.33,0.665018133860864,1.468102554609433,0.8829583630823884,1.599860551740873,1.064222768090021
2001-06-15,2001,11.0,0,25.79,30.72,0.8395182291666666,1.1924607938355858,0.4244942710737899,0.58704218503237,-0.43972302345075054
2001-06-16,2001,11.0,0,30.94,32.02,0.9662710805746408,0.9936039462370908,0.17847942840524697,1.190445352886456,-0.734066697505968
2001-06-17,2001,12.0,0,25.62,31.33,0.8177465687839133,1.0137563479814278,-0.051915343127357495,1.0220706413142773,-0.402929637544414
2001-06-18,2001,13.0,0.1999999999999993,30.66,31.84,0.9629396984924623,1.136434870688223,0.5623461567995581,0.8443303796567678,0.2622537492878341
2001-06-19,2001,12.0,0,30.27,32.1,0.9429906542056075,1.3441499585269063,0.8174751876373296,1.026431532008985,-0.06206960713809432
2001-06-20,2001,16.0,3.1999999999999993,29.94,31.92,0.9379699248120301,1.6585848127704446,0.2799317774669465,1.3144450463680493,-0.9112991613693945
2001-06-21,2001,11.0,0,26.22,31.54,0.8313253012048193,1.4903887657165378,0.5290622673052114,2.18575057223781,1.7578558159162057
2001-06-22,2001,10.0,0,25.49,31.24,0.8159411011523687,2.8157113036411903,1.5712951086495366,4.1488166504575466,3.9565724479489393
2001-06-23,2001,6.0,0,9.18,30.98,0.29632020658489344,3.6209522579143845,0.46833273046705415,2.9328433752621863,2.808783773352403
2001-06-24,2001,9.0,0,8.67,30.57,0.2836113837095191,0.857605523315972,0.25312608775224366,0.6100168040753998,-0.20155958327932547
2001-06-25,2001,6.0,0,6.46,30.25,0.21355371900826448,2.9171243298845257,0.14058291247752205,3.750142917859303,3.478053073074363
2001-06-26,2001,15.0,2.1999999999999993,27.99,31.93,0.8766050735984967,1.8431801958214764,-0.7134244522316722,2.0893886547646785,-1.552125243341992
2001-06-27,2001,11.0,0,30.75,31.82,0.9663733500942803,0.9682019800339712,-0.05528359560945864,1.309104923286282,-0.8697208819781311
2001-06-28,2001,14.0,1.1999999999999993,25.08,31.06,0.8074694140373471,2.9263413588036316,1.8933654143702536,5.645321649235583,5.462081658858331
2001-06-29,2001,9.0,0,21.69,29.84,0.7268766756032172,1.4135330256274057,-0.5825655833972361,0.49355992229101864,-0.10655931628125259
2001-06-30,2001,11.0,0,27.42,30.86,0.8885288399222295,0.8782569450093143,-0.34831818152001387,1.1543602995184439,-0.8652342200698282
2001-07-01,2001,12.0,0,29.39,30.96,0.9492894056847545,1.5279756957562602,0.6473839618838295,1.053473980142079,-0.7004491880743711
2001-07-02,2001,8.0,0,15.96,30.45,0.5241379310344828,2.5799914633435743,0.070639431210846,2.0146139607165554,1.9780368569123141
2001-07-03,2001,12.0,0,18.09,29.26,0.6182501708817498,1.5670467094330527,0.4915491125673088,0.6016653253125445,-0.46325667385096947
2001-07-04,2001,8.0,0,13.18,27.79,0.4742713206189277,1.330848011219349,0.17675416836906302,1.3334179848204606,-1.3308146262765217
2001-07-05,2001,7.0,0,7.33,27.28,0.2686950146627566,3.6238793570336205,0.07902479853351828,2.014959051791058,0.8148185091578183
2001-07-06,2001,13.0,0.1999999999999993,31.03,32.03,0.9687792694349048,0.9707392800302713,-0.3938976653726276,1.4076341333682116,-1.2011691946179155
2001-07-07,2001,12.0,0,28.08,30.48,0.921259842519685,1.314404363471951,-0.4210688276731823,1.2761334232201913,-0.6056867035682657
2001-07-08,2001,12.0,0,25.5,30.22,0.8438120450033091,0.8519660956347859,0.10960920807832879,0.871611907454211,-0.5492856128914511
2001-07-09,2001,12.0,0,23.21,30.33,0.7652489284536763,1.0528244505524027,-0.20894919475563434,0.7676721136128308,-0.2003395194194398
2001-07-10,2001,13.0,0.1999999999999993,27.46,30.3,0.9062706270627062,1.37259799019301,0.6715631469459725,1.821321159179991,0.5039397708616974
2001-07-11,2001,14.0,1.1999999999999993,29.8,30.37,0.9812314784326638,1.0264704262633813,-0.3708308837813017,1.2898576956808252,-0.8754644025923296
2001-07-12,2001,16.0,3.1999999999999993,24.72,28.4,0.8704225352112676,3.668642386500767,0.5992146156849335,2.5465967540675005,2.0639473160408053
2001-07-13,2001,7.0,0,10.13,26.94,0.37602078693392726,1.7174782685451755,0.8304824379434397,1.8075436785791463,0.9768588470847543
2001-07-14,2001,7.0,0,14.65,26.88,0.5450148809523809,1.5319233779108166,0.6195276442353985,0.9003992785374408,-0.5243840541799637
2001-07-15,2001,11.0,0,14.66,26.74,0.5482423335826477,1.438216886558733,0.39616590545380204,1.1476257317884864,-0.2070738514799769
2001-07-16,2001,13.0,0.1999999999999993,25.5,28.73,0.8875739644970414,1.7360994226772004,0.768420197574483,0.7704233476757176,-0.2173154413403348
2001-07-17,2001,12.0,0,28.66,29.78,0.9623908663532572,1.0458103994210872,-0.05254264173716679,1.202132062202627,-0.8831489851723889
2001-07-18,2001,10.0,0,12.89,28.73,0.44865993734772014,0.9946910725074893,-0.02818220929200618,0.9596275711210541,0.7891501748516033
2001-07-19,2001,12.0,0,27.82,28.64,0.9713687150837989,1.20486550427308,-0.717203388224839,1.4608232759963362,-1.0566103349261973
2001-07-20,2001,12.0,0,22.81,28.4,0.803169014084507,1.1744710081422385,-0.5040643530218899,0.9174205211354506,-0.5603371678340962
2001-07-21,2001,5.0,0,18.62,28.15,0.6614564831261102,0.737531756549884,0.18202501907251412,0.4943723830162543,0.13991769755195685
2001-07-22,2001,12.0,0,19.71,28.9,0.6820069204152249,4.2757666662577885,0.8940907025200782,6.828748856672505,6.097979590264174
2001-07-23,2001,11.0,0,26.47,29.32,0.9027967257844475,1.1230472492695278,-0.17252799549946982,1.460192884682595,-0.7336353514973251
2001-07-24,2001,13.0,0.1999999999999993,26.75,29.14,0.9179821551132464,0.935771614357236,-0.22386502897548718,0.6092319276148662,-0.0845573654032729
2001-07-25,2001,7.0,0,13.78,25.54,0.5395458104933437,1.6393412691111486,1.0171092591365518,0.43186052225116983,0.28481472943338737
2001-07-26,2001,8.0,0,12.36,26.91,0.4593088071348941,1.042648292210665,0.5099987165291071,1.4540834179543949,0.7743869017478863
2001-07-27,2001,11.0,0,26.59,28.43,0.9352796341892368,0.6461338221820875,-0.1989523949376748,0.8638364029014575,-0.5862005247489032
2001-07-28,2001,8.0,0,21.67,28.7,0.7550522648083624,0.9465723798238088,-0.16308350446844733,0.8859945613348356,-0.7333506287955706
2001-07-29,2001,6.0,0,12.42,27.51,0.45147219193020716,2.343593362132392,-0.405983600742608,1.9768217851623129,1.4887511137885143
2001-07-30,2001,1.0,0,7.05,25.5,0.27647058823529413,0.556885175758694,0.3329373830664986,0.49529052822928005,0.1572824822742286
2001-07-31,2001,2.0,0,4.96,19.8,0.2505050505050505,0.7019978707286686,0.12333945258505152,0.805685512675362,0.3134238783273607
2001-08-01,2001,9.0,0,14.86,26.01,0.5713187235678585,0.9156074236324242,0.026382524572207643,0.6436777316242098,0.07185327399987547
2001-08-02,2001,10.0,0,19.38,27.49,0.7049836304110586,0.9775579930288768,-0.353840090024604,0.921584974616586,-0.6114561693702084
2001-08-03,2001,12.0,0,24.92,26.98,0.9236471460340994,1.0272072680272355,0.015340349034878168,1.1809768591643852,-0.641445788325063
2001-08-04,2001,11.0,0,19.91,27.07,0.7355005541189509,1.027350120722149,0.2206861015895353,0.35790071262489676,-0.30348497656586915
2001-08-05,2001,11.0,0,21.54,26.59,0.8100789770590447,1.3708170576538814,-0.2846434107858456,1.2569931295596624,-0.810745981786205
2001-08-06,2001,12.0,0,26.13,27.53,0.949146385760988,0.9300690784734298,-0.4924754714289704,0.7951752671716285,-0.49905882276898456
2001-08-07,2001,9.0,0,16.05,25.74,0.6235431235431236,1.014958346845669,0.12944611057300737,0.6374754088901786,-0.4641217392831525
2001-08-08,2001,13.0,0.1999999999999993,27.59,27.87,0.9899533548618585,1.0671236729439544,-0.22706408753005927,1.2579581892331162,-1.0317493957982666
2001-08-09,2001,5.0,0,13.45,26.12,0.5149310872894334,1.4998090029755684,-0.02080029601252389,0.4872157657732733,0.25310250385763783
2001-08-10,2001,11.0,0,24.93,25.2,0.9892857142857143,1.1690531263743242,0.5624693402498474,1.0159933674822832,0.6483471436505752
2001-08-12,2001,13.0,0.1999999999999993,23.8,26.96,0.8827893175074184,1.2677009276563427,0.9370527996657094,0.37376092967385033,0.043797763188474906
2001-08-13,2001,9.0,0,23.37,26.06,0.8967766692248658,0.9886672530188648,0.05473465259713181,0.7084106499193147,-0.3407090835938327
2001-08-14,2001,6.0,0,13.82,24.74,0.5586095392077608,0.6655871879201393,-0.2035338413539746,0.7411907802030672,-0.6212705477286361
2001-08-15,2001,12.0,0,25.53,26.24,0.9729420731707318,0.7311193044973899,0.10233776529270677,0.8602872395032083,-0.4200718398986491
2001-08-16,2001,11.0,0,19.33,26.16,0.7389143730886849,1.3901165874966537,-0.7773609105915582,0.6907776300787123,0.007978032814175862
2001-08-17,2001,9.0,0,15.14,24.07,0.6289987536352306,1.728983377636833,1.1174370017407076,0.9914210559193246,0.459859406216036
2001-08-18,2001,12.0,0,21.76,23.83,0.9131347041544273,0.8137197098990375,0.22611241409569455,0.55698220924125,-0.45415685870806694
2001-08-19,2001,9.0,0,22.85,24.8,0.9213709677419355,0.889986483896489,0.5259126138002984,0.8253720222405948,0.6138251419788645
2001-08-20,2001,7.0,0,11.3,23.85,0.47379454926624737,2.624546246601372,0.42060821015039823,1.0825116743476555,0.48505399750353523
2001-08-21,2001,13.0,0.1999999999999993,25.15,25.89,0.9714175357280803,0.8745166382446645,-0.36343190194905556,1.0830173000707852,-0.5164251826128918
2001-08-22,2001,13.0,0.1999999999999993,25.1,25.91,0.9687379390196835,1.0272309177710666,-0.03725935387727356,1.101848861493686,-0.5271139105905197
2001-08-23,2001,14.0,1.1999999999999993,18.16,24.97,0.7272727272727273,2.0959005653594955,-1.5992193080587984,0.9922745274378107,-0.39971417364467615
2001-08-24,2001,8.0,0,16.06,23.97,0.6700041718815185,1.1782158008359966,0.9226597569383728,1.0388253213519973,0.7648142708843917
2001-08-25,2001,10.0,0,17.27,22.21,0.7775776677172445,0.7857518523091059,0.4288728074739818,0.6621948384197832,-0.13580958973998433
2001-08-26,2001,9.0,0,21.59,23.46,0.9202898550724637,1.3004067685281584,0.9507192184836609,0.966502593160768,0.5534401090909569
2001-08-27,2001,7.0,0,16.97,24.04,0.7059068219633943,1.0187086955948867,-0.14883606262380145,0.6791074887248884,-0.39048556038329824
2001-08-28,2001,11.0,0,15.21,22.91,0.6639022261021388,1.8364542833658848,0.4919431786344943,1.043717485493104,-0.528264259974104
2001-08-29,2001,9.0,0,17.93,23.69,0.7568594343604896,1.9003856228074578,1.325729751282813,2.5842093937274853,1.862896152478524
2001-08-30,2001,8.0,0,8.3,22.6,0.3672566371681416,2.832660498420338,1.4163747531443298,2.5092823122819463,1.3892503611817932
2001-08-31,2001,14.0,1.1999999999999993,21.98,23.04,0.9539930555555556,1.6832642341226611,-0.16607759798402819,1.572370385036897,-0.9979719416131756
2001-09-01,2001,10.0,0,23.91,24.29,0.9843557019349527,1.3421042982515847,0.5699008874765996,0.7983399704494704,-0.1984699866768723
2001-09-02,2001,14.0,1.1999999999999993,22.58,23.87,0.9459572685379136,1.6533685445491144,-1.121664160750988,1.6394575244559664,-1.4773541029808797
2001-09-03,2001,12.0,0,21.08,22.99,0.9169204001739887,1.0266736385534214,-0.007190448424070879,1.160044218453203,-0.4606002304914168
2001-09-04,2001,13.0,0.1999999999999993,19.69,22.97,0.8572050500653027,1.6137334626705444,0.4261769953126214,1.5350146262852742,0.8218780020603539
2001-09-05,2001,9.0,0,10.6,21.87,0.48468221307727477,1.5252454766032646,0.9104223220155674,0.8114772308793192,-0.6508625931909229
2001-09-06,2001,14.0,1.1999999999999993,22.88,23.15,0.9883369330453564,0.957340488463901,-0.13104489679295486,0.8665901420382053,-0.41120966186345304
2001-09-07,2001,12.0,0,20.77,22.86,0.9085739282589677,0.987724683559556,0.4473399197138459,1.1516087722196395,0.15942315033238685
2001-09-08,2001,11.0,0,21.05,21.93,0.9598723210214318,1.3939553097306447,0.22781066788832388,1.279275477073551,0.024299890150907427
2001-09-09,2001,8.0,0,18.52,21.7,0.8534562211981567,2.913476189658412,-1.5521072083037317,0.550024089663238,0.31269450800269166
2001-09-10,2001,6.0,0,8.88,20.63,0.4304411051866215,0.931718098844598,0.2366852250379375,0.4794588083188061,0.2284903816082006
2001-09-11,2001,9.0,0,18.28,21.43,0.8530097993467103,0.9497744162595151,-0.003094615710531453,0.9555510727316012,-0.24968074840183263
2001-09-12,2001,12.0,0,20.34,21.36,0.952247191011236,1.0428092157669215,0.4929873659299564,0.5043610595398821,0.2660417995448861
2001-09-13,2001,7.0,0,8.56,20.41,0.4194022537971583,3.244654981456608,-0.33733078887147466,2.9534301472654705,2.6617971092775132
2001-09-14,2001,5.0,0,14.05,21.07,0.6668248694826768,0.6088129412171268,0.21612143280991347,0.40573879479018976,-0.2466856034030324
2001-09-15,2001,7.0,0,17.99,20.59,0.8737251092763477,1.1108953579770804,0.49641063240853395,0.9312026579947796,-0.6858823319465616
2001-09-16,2001,13.0,0.1999999999999993,19.76,21.21,0.9316360207449317,1.364490478364299,0.7071086539371386,0.8498256011544839,-0.0014798238308966205
2001-09-17,2001,12.0,0,19.31,20.86,0.9256951102588686,0.8922128167631591,0.038689576642875735,0.7224623269692494,-0.29613234765694924
2001-09-18,2001,11.0,0,17.92,19.96,0.8977955911823647,0.938364578836167,-0.2912919876297323,0.9646469557827961,-0.4218017468685673
2001-09-19,2001,9.0,0,18.95,20.47,0.9257449926722032,0.8173708604872654,-0.20234937287982238,0.47064758190587724,-0.15756147494900338
2001-09-20,2001,9.0,0,14.08,20.12,0.6998011928429423,3.2538279540432713,1.4601274038032719,5.590717210515302,5.499637687615898
2001-09-21,2001,4.0,0,11.46,18.89,0.6066701958708312,0.7129919826106705,-0.4455213321205918,0.8704447003994022,-0.7266123397078482
2001-09-22,2001,12.0,0,19.41,19.88,0.9763581488933603,1.0864228890188323,-0.2699553214434203,1.1169111218015253,-0.525923008099744
2001-09-23,2001,11.0,0,20.15,20.58,0.9791059280855199,1.2146039194879754,0.8358179198899325,1.0326922124850944,0.19029791814901742
2001-09-24,2001,10.0,0,17.09,19.25,0.8877922077922078,0.923686194143667,-0.16810291545479808,1.1320552119955611,-0.7586986291796487
2001-09-25,2001,12.0,0,19.04,19.24,0.9896049896049897,1.2423143736552238,0.8518501172809745,1.151927442798317,0.28089561913281
2001-09-26,2001,11.0,0,16.89,18.07,0.9346983951300498,1.1829094613086206,-0.4561523797811315,0.9988681691868355,-0.00043197193605711465
2001-09-27,2001,9.0,0,15.87,17.73,0.8950930626057529,1.3510901869345842,0.9478897800742495,1.241337171055267,0.5679369562669884
2001-09-28,2001,13.0,0.1999999999999993,18.66,19.15,0.9744125326370758,1.7509349260135685,1.2998930446912274,1.4430825302064836,0.5820472859951338
2001-09-29,2001,12.0,0,17.86,18.39,0.9711799891245242,1.5094838894561438,0.2917960551848811,0.9603152559443048,0.8011444796182765
2001-09-30,2001,5.0,0,4.69,17.42,0.2692307692307692,2.0460513734447856,0.03930745563707298,0.9983316565205702,0.21936904748346228
2002-05-01,2002,9.0,0,19.26,28.36,0.6791255289139634,0.719926893604622,0.18787701024845216,0.6372737890377319,-0.2590043702911918
2002-05-02,2002,11.0,0,20.68,27.82,0.7433501078360891,0.9655817641333863,0.5964099089784206,1.1118307043877076,0.521877894936097
2002-05-03,2002,8.0,0,21.27,27.94,0.7612741589119542,1.3458351425291974,-0.08870553157109173,1.2895682471368362,-0.889343803670212
2002-05-04,2002,11.0,0,24.67,27.86,0.8854989231873654,1.0647425363870333,0.06580787786894211,1.0951480867837853,0.6992585907728476
2002-05-05,2002,12.0,0,26.5,28.37,0.9340853013746916,1.1440262952039784,-0.3504106993954437,1.559351564891475,-1.3219710600743673
2002-05-06,2002,12.0,0,20.57,27.91,0.7370118237190971,1.0666289151444655,-0.5529467367709144,1.0868889406233866,-0.8162289304433165
2002-05-07,2002,9.0,0,24.26,27.58,0.8796229151559102,1.1371340041871103,-0.4938053122226187,0.8925285965712534,-0.5658678651484053
2002-05-08,2002,12.0,0,26.14,28.39,0.9207467418104966,0.8108049524830999,-0.16672462146496128,1.3437433995118302,-0.9706330719668621
2002-05-09,2002,13.0,0.1999999999999993,27.51,28.74,0.9572025052192068,1.0296196591090163,0.09977274927812868,0.8395368429588426,0.5107992496070217
2002-05-10,2002,9.0,0,8.68,26.8,0.32388059701492533,2.9769678111921216,0.22681422448574762,3.9076595882914615,3.7813076989849
2002-05-11,2002,8.0,0,22.42,28.4,0.7894366197183099,0.9239511848354547,-0.017116770718014724,1.055599301493738,-0.8568663419028381
2002-05-13,2002,14.0,1.1999999999999993,26.52,28.38,0.9344608879492601,1.93383842120954,0.9403035679275337,1.4895122704776196,1.1817357431205278
2002-05-14,2002,9.0,0,26.61,27.87,0.9547900968783638,0.868109792505173,0.056389098114157,0.9684486660890551,-0.6997455198956567
2002-05-15,2002,9.0,0,10.64,26.72,0.3982035928143713,4.197031548330206,1.2040869012499564,4.176667284614584,4.138348386941082
2002-05-16,2002,7.0,0,10.86,24.32,0.4465460526315789,1.7065395357532829,1.2077896954873337,1.007654570018051,0.3521283049188562
2002-05-17,2002,15.0,2.1999999999999993,22.38,29.21,0.766175967134543,4.362050529752205,1.9213122832762966,7.124567465771364,6.691078040109027
2002-05-18,2002,5.0,0,13.89,29.69,0.46783428763893564,1.1803603702386485,0.5451116269171038,1.0561622260759593,-0.43360402164675627
2002-05-19,2002,12.0,0,30.26,31.06,0.9742433998712171,1.4926184711005255,-0.6237341819777391,1.935232132523451,-1.610945978084881
2002-05-20,2002,15.0,2.1999999999999993,29.82,30.8,0.9681818181818181,1.6728864178690586,-0.2733646190523306,1.8738145024745343,-1.284447346770122
2002-05-21,2002,12.0,0,29.14,30.27,0.9626693095474067,1.431127013216948,-0.2680221486001096,0.7735744230073442,0.11211199304803958
2002-05-22,2002,9.0,0,24.72,27.75,0.8908108108108108,1.3636528352379647,0.024250929612812912,0.9155780982695051,-0.5933659951014875
2002-05-23,2002,12.0,0,26.23,28.06,0.9347826086956522,1.0277708157442287,0.5043496420114235,0.8963380874548834,-0.09728560170042684
2002-05-24,2002,14.0,1.1999999999999993,27.71,29.55,0.9377326565143824,0.9693386880119534,0.5469840831562477,1.2077406231591206,0.5979190082878857
2002-05-25,2002,7.0,0,20.77,29.46,0.7050237610319077,1.2177661921549163,0.5265133960958996,1.779594774999962,1.552764835259433
2002-05-26,2002,10.0,0,15.56,28.82,0.5399028452463567,1.2121707324116273,0.039279202985132364,1.8112293010832112,0.5092566613697761
2002-05-27,2002,14.0,1.1999999999999993,28.5,29.83,0.9554140127388535,1.0826845172802513,0.06456624014311114,1.2937897797466866,-1.0464612800912783
2002-05-28,2002,10.0,0,28.11,29.11,0.9656475437993817,0.9932173118002104,0.17503191007507116,0.4892169245753209,-0.3136445510711295
2002-05-29,2002,11.0,0,26.87,28.47,0.9438004917456972,1.530381734361189,0.2628556140037005,1.5463934492822025,-1.261599704515516
2002-05-30,2002,12.0,0,24.44,28.68,0.8521617852161786,1.004591624513437,0.19387568151779208,1.077116901110604,0.16933973832055335
2002-05-31,2002,8.0,0,16.23,25.98,0.6247113163972287,0.698934814715339,0.3403149748882586,0.4969631158403819,0.22821872624377862
2002-06-01,2002,11.0,0,20.23,25.76,0.7853260869565217,1.978348196742346,1.2721667123528237,1.4812185286985307,-0.13912763387051838
2002-06-02,2002,14.0,1.1999999999999993,25.89,28.9,0.895847750865052,1.4873590123728169,0.30256519477102134,1.3590893318034194,-0.6700973076069486
2002-06-03,2002,12.0,0,24.75,30.1,0.8222591362126246,1.1017353529258238,0.2510218767105967,1.1926957481534464,1.0269250940395427
2002-06-04,2002,12.0,0,19.49,29.6,0.6584459459459459,3.033398507042762,0.6699440558989168,4.638270759662494,3.499859121243496
2002-06-05,2002,13.0,0.1999999999999993,26.09,30.11,0.866489538359349,1.0728939832350561,0.22356431810602992,0.3821615226387339,-0.30551161907321384
2002-06-06,2002,9.0,0,19.82,26.42,0.7501892505677517,1.8554152864348397,0.6122052181507186,0.7274610422908883,-0.09198533907588254
2002-06-07,2002,3.0,0,7.51,25.98,0.2890685142417244,1.0821743171194143,-0.11007224542287761,1.5945850365318506,1.1374013946900756
2002-06-08,2002,11.0,0,22.1,30.52,0.7241153342070774,1.4354963578481426,0.7995871964294886,0.9428165771138775,0.06431141858440981
2002-06-09,2002,13.0,0.1999999999999993,28.3,30.69,0.9221244705115673,1.232313952906753,0.14445648066829958,1.258038604191674,-0.9486498848760684
2002-06-10,2002,9.0,0,25.09,30.56,0.8210078534031414,1.479031812643289,1.1615755719871632,1.3584529438044102,1.2572685574302451
2002-06-11,2002,10.0,0,25.06,29.76,0.8420698924731181,0.8915776564500644,0.17199768985174688,0.49685922596897253,-0.24694380400263208
2002-06-12,2002,11.0,0,29.11,30.16,0.9651856763925729,1.4224066778590694,0.07958343869122737,1.8866267817933557,-1.4087861023542616
2002-06-13,2002,10.0,0,20.08,29.78,0.6742780389523169,1.1362186153798284,-0.24169688992195848,1.3026210093948247,0.9277235764000485
2002-06-15,2002,10.0,0,24.46,28.79,0.8496005557485239,1.109463970859908,0.12475679080934253,0.9173789970303253,-0.39825060828977027
2002-06-16,2002,7.0,0,13.53,27.63,0.48968512486427795,1.707462219657776,0.8336508086094063,2.96621448825396,2.6237757379507474
2002-06-17,2002,13.0,0.1999999999999993,21.12,28.21,0.7486706841545552,2.4549268913071796,0.49931393383425265,2.0209381630152103,1.0912706704379989
2002-06-22,2002,13.0,0.1999999999999993,30.96,31.47,0.9837940896091516,1.1356809669645802,0.45395130520641624,1.0208545366018067,-0.55645581766638
2002-06-23,2002,12.0,0,29.0,30.66,0.9458577951728636,1.4920881518461653,1.0310829169192557,1.0316080476957774,0.11756754670480755
2002-06-24,2002,12.0,0,19.55,29.06,0.6727460426703373,4.012295966028716,-0.05138743855256426,4.828205282629808,3.953476111183122
2002-06-25,2002,10.0,0,25.43,29.69,0.856517345907713,1.0704777307207078,-0.40458403475968563,1.4304307338002016,-1.2032448782093954
2002-06-26,2002,10.0,0,23.88,30.13,0.7925655492864255,0.802346482428651,0.5294542274650409,0.950397711388576,0.298583171105341
2002-06-27,2002,12.0,0,22.25,29.8,0.7466442953020134,1.0646393916032346,-0.1802778785976317,1.326098423332992,-0.5396955076125067
2002-06-28,2002,13.0,0.1999999999999993,29.97,30.34,0.9878048780487805,1.484469378970904,0.6370349083069907,1.0083102328341087,-0.541034972703636
2002-06-29,2002,14.0,1.1999999999999993,29.35,31.02,0.9461637653127015,1.2171339591657218,0.2939488598252835,0.9341551180199428,0.088319548845692
2002-06-30,2002,7.0,0,12.59,28.25,0.4456637168141593,1.0207961337991678,0.18781401043235713,1.1407666422852185,-0.6869672309535275
2002-07-01,2002,12.0,0,19.69,29.17,0.6750085704490916,1.9884786665335223,1.1063820110322473,3.489051677805141,3.299550811925629
2002-07-02,2002,14.0,1.1999999999999993,25.11,30.13,0.833388649186857,3.8296129694607752,1.6208064772323125,6.110455603129267,5.294897832929884
2002-07-03,2002,7.0,0,14.72,28.95,0.5084628670120899,0.8328176926569483,0.10068541140506,0.536087027854617,0.3145001080074555
2002-07-04,2002,7.0,0,25.14,29.75,0.8450420168067228,1.0251923210833092,0.4852865829244733,0.7277838053508366,-0.5185516460665441
2002-07-05,2002,9.0,0,22.85,30.23,0.7558716506781343,0.7514501623631361,-0.09481717414900492,0.8384200234175935,-0.6904714406066148
2002-07-06,2002,9.0,0,20.15,29.98,0.6721147431621081,1.9893810183830627,0.0696223998032175,0.5111542202935307,-0.19055303217137798
2002-07-07,2002,9.0,0,13.77,29.59,0.4653599188915174,1.7760017773178118,0.6118208314813666,0.5381215864017166,-0.357428400790317
2002-07-08,2002,11.0,0,25.73,30.16,0.8531167108753316,1.2856693383281477,-0.1787801775808988,1.8057652993579874,-1.2380861227529174
2002-07-09,2002,10.0,0,28.48,30.04,0.9480692410119841,1.4920001561855596,0.7270002203056772,0.7807548988991221,-0.6947273772939795
2002-07-10,2002,12.0,0,27.87,29.89,0.9324188691870191,0.9555515006846751,0.03712959889723437,0.5667998131127366,-0.20135671435726543
2002-07-11,2002,6.0,0,8.96,29.12,0.3076923076923077,3.038306152780434,0.36330450966948186,3.3543013386315015,3.315277160793763
2002-07-12,2002,11.0,0,21.74,29.34,0.7409679618268575,1.2479310630931424,-0.10172555359948454,1.1019995731017225,-0.8678837257854143
2002-07-13,2002,12.0,0,28.35,30.24,0.9375000000000001,0.9241894287685251,-0.058458677811246584,0.8824671815510592,-0.3730038811880405
2002-07-14,2002,14.0,1.1999999999999993,28.97,30.06,0.9637391882900865,1.3644159160953437,-0.46927804486253627,1.2155357244849576,-0.8821014416932608
2002-07-16,2002,12.0,0,24.05,29.1,0.8264604810996563,1.5694425126568772,1.1583483628966094,0.8718248815797424,0.45324728491661287
2002-07-17,2002,13.0,0.1999999999999993,28.55,29.93,0.9538924156364852,0.9828579101293624,-0.15196860904844214,0.5124695429919945,-0.05396695615897803
2002-07-18,2002,10.0,0,26.36,29.4,0.8965986394557823,0.9799863819766248,-0.3763069819650016,1.2483294338621305,-1.04418315848173
2002-07-19,2002,14.0,1.1999999999999993,28.74,29.33,0.9798840777361064,0.9092382907533153,0.01050970067329778,0.9158701279297254,-0.39937872408056424
2002-07-20,2002,13.0,0.1999999999999993,21.05,28.34,0.7427664079040226,2.648870076700051,1.8152118992298267,4.2018937895411055,3.9346347348463957
2002-07-21,2002,6.0,0,16.42,24.67,0.665585731657884,1.0702006277275968,0.2684300228870173,0.64736945393977,-0.3654320962709849
2002-07-22,2002,8.0,0,23.3,28.43,0.8195568061906437,1.9100708852389578,0.3551853461386581,1.4079507954934698,0.9542086157316726
2002-07-23,2002,5.0,0,8.51,27.5,0.3094545454545454,1.7495021983511345,0.2618719076975304,1.8666792932810512,1.8028930220466701
2002-07-24,2002,7.0,0,10.42,24.47,0.42582754393134453,1.4489436596862537,0.32420896375803887,1.7231705431658646,1.3691753182245854
2002-07-25,2002,8.0,0,18.72,26.59,0.7040240691989469,1.1294205650340992,0.5248839843915718,0.9906025866739399,-0.5554498330285096
2002-07-26,2002,13.0,0.1999999999999993,28.81,29.4,0.9799319727891157,1.2557490779718958,-0.10594935187742348,1.4411476677467696,-0.9291212846596851
2002-07-28,2002,12.0,0,27.28,28.82,0.9465648854961832,1.2070143066846686,-0.45295859003600353,0.9982106853086555,-0.7666926098600229
2002-07-29,2002,7.0,0,11.1,27.8,0.3992805755395683,1.8310278978090249,1.0650354005079377,1.248088146037172,0.9380889456863457
2002-07-30,2002,9.0,0,21.17,25.68,0.8243769470404985,1.3224891335166322,0.7514358695463993,0.7796262985206849,-0.25112432619861497
2002-07-31,2002,13.0,0.1999999999999993,27.39,28.72,0.9536908077994429,1.0614270870427411,0.03087310846949709,1.0508220238822958,-0.7960781242054941
2002-08-01,2002,9.0,0,24.12,27.82,0.8670021567217829,0.8490031751420262,0.4917431150746048,0.8322212353794761,0.6312798398124322
2002-08-02,2002,12.0,0,23.68,27.03,0.8760636330003699,1.3944599068728385,-0.48946680953555854,1.4390854742112658,-0.7123063487335031
2002-08-03,2002,12.0,0,23.69,26.68,0.8879310344827587,0.9859574009059358,-0.44299298429845485,1.1970134772664374,-0.6414457883250625
2002-08-04,2002,12.0,0,17.69,27.14,0.6518054532056006,1.8457299084619516,0.8846878684007047,0.5759585470792129,0.18407699526147603
2002-08-05,2002,6.0,0,9.02,25.96,0.34745762711864403,3.072464874945855,1.388157956011224,2.8167139732397937,2.754744615995404
2002-08-06,2002,12.0,0,26.45,27.11,0.9756547399483585,0.9810255637084111,-0.01108918736113759,1.0695105085891965,-0.6657254894356507
2002-08-07,2002,13.0,0.1999999999999993,26.85,27.76,0.9672190201729106,1.080911237178748,-0.2893433974098656,1.239657151929472,-0.3021854125004868
2002-08-08,2002,13.0,0.1999999999999993,21.35,27.18,0.7855040470934511,1.1642117662139213,7.2400974345847e-06,1.023152748197439,0.8518416496345637
2002-08-09,2002,12.0,0,24.14,26.78,0.9014189693801344,1.4116626287718241,-0.36292780087671356,1.2806059325706298,-0.32952681210654405
2002-08-10,2002,13.0,0.1999999999999993,26.7,27.56,0.9687953555878084,1.6404951143329767,-0.5322332039471505,0.8551686717583935,-0.7186200423523511
2002-08-11,2002,7.0,0,26.15,27.12,0.9642330383480825,0.8698398504278901,0.604882119425163,0.41827766937551264,0.15744756088510492
2002-08-12,2002,10.0,0,24.96,26.93,0.9268473821017453,1.1423226643713273,0.39077818612986226,1.1304671101221704,0.31526331165163884
2002-08-13,2002,8.0,0,24.88,26.42,0.9417108251324753,2.1004150382273408,0.2562984625928226,2.494356495474347,2.1874027768843773
2002-08-14,2002,11.0,0,21.48,26.01,0.825836216839677,1.5276746659155738,0.5154277410671466,0.7454313417589346,-0.04344762786475501
2002-08-15,2002,7.0,0,15.77,22.95,0.6871459694989107,2.3187854555223035,0.15602610310561962,2.624786214938594,2.518846982281343
2002-08-16,2002,5.0,0,9.4,21.09,0.44570886676149835,1.452686852708509,0.20505123880344053,1.9935022880537205,1.889840645189271
2002-08-17,2002,11.0,0,20.52,23.06,0.8898525585429315,1.480417908789524,-0.7719158983916641,1.6946392026141026,-1.4194310961063277
2002-08-18,2002,11.0,0,23.57,25.25,0.9334653465346535,0.9116256576614535,-0.002107474997258407,1.0549787770566155,-0.76353267603795
2002-08-20,2002,15.0,2.1999999999999993,20.65,25.22,0.8187946074544012,1.6960818812855947,-0.6426822915125926,1.2240405922887894,-0.7225033386829018
2002-08-21,2002,17.0,4.199999999999999,22.87,25.07,0.9122457120063822,3.495977390293045,-1.0506190859999727,0.6661294282055021,-0.008157836081417003
2002-08-22,2002,10.0,0,23.62,24.32,0.971217105263158,0.9654379929783115,0.04185177906876447,1.0599768953387263,-0.7772671107106556
2002-08-23,2002,13.0,0.1999999999999993,24.2,24.94,0.9703287890938251,1.400100091824592,-0.8361798336736453,1.7066116272115164,-1.204496494574818
2002-08-24,2002,13.0,0.1999999999999993,25.05,25.37,0.987386677177769,1.4628647586772394,1.1148776226362513,0.8759847838732042,0.11782319018713967
2002-08-25,2002,13.0,0.1999999999999993,24.6,25.32,0.9715639810426541,1.3922436222792036,-0.547968260068696,1.2425942237095629,-1.0598857999953128
2002-08-26,2002,12.0,0,21.45,24.18,0.8870967741935484,4.684021997394884,-2.135152153132898,1.4086081678989386,1.293475701010162
2002-08-27,2002,9.0,0,23.8,24.13,0.9863240779113138,1.4168830434885702,1.0288774432932077,0.9551867732863941,0.3788995176024266
2002-08-28,2002,14.0,1.1999999999999993,23.62,23.96,0.9858096828046745,1.10688535327497,-0.2969340433498882,1.1381192335181156,-0.6268817854215852
2002-08-29,2002,16.0,3.1999999999999993,18.83,22.87,0.8233493659816352,1.3622076898207465,0.26172542305978835,1.3421621514207263,0.6266301969988591
2002-08-30,2002,10.0,0,17.23,22.25,0.7743820224719101,2.673717939408558,0.16281248180662175,3.447920850994226,2.1532296181439086
2002-08-31,2002,5.0,0,10.9,23.25,0.46881720430107526,2.4255488005004104,-0.17155268662462633,1.2921865712915233,0.488750274203466
2002-09-01,2002,11.0,0,19.1,23.24,0.8218588640275388,1.4409044829443045,-0.47953354532921627,0.7122720651991344,-0.0683169853445597
2002-09-02,2002,10.0,0,20.65,22.48,0.918594306049822,0.8396730361381146,-0.021670498663032795,1.1929236890970312,-0.7078033345028961
2002-09-03,2002,12.0,0,23.33,24.25,0.962061855670103,1.2943186460679952,0.5573467015111048,1.389121065756193,0.6288889374754347
2002-09-04,2002,9.0,0,13.48,21.8,0.618348623853211,0.8428290998910062,0.020963411914716894,0.8775134821486994,-0.02076700240706586
2002-09-05,2002,9.0,0,12.55,21.85,0.5743707093821511,1.0207997505796291,0.3856285678248159,0.939316904325526,0.47055267751248425
2002-09-06,2002,17.0,4.199999999999999,20.94,22.25,0.9411235955056181,2.6887401357333567,-0.5169486839423463,1.9084539303841217,-1.6047141961861129
2002-09-07,2002,6.0,0,12.08,21.22,0.5692742695570218,1.5115764372475333,0.9945032931902563,0.7853293777127679,0.07971157516619372
2002-09-08,2002,13.0,0.1999999999999993,22.64,23.43,0.9662825437473325,1.3084147152336922,-0.5800282555185649,1.4170338070852622,-1.062191038912564
2002-09-09,2002,14.0,1.1999999999999993,22.83,23.12,0.9874567474048441,1.199488852440993,-0.2362998302563274,1.5023192743572267,-1.1105461505847103
2002-09-10,2002,14.0,1.1999999999999993,22.11,22.42,0.9861730597680641,1.1156489569123609,0.052265525088519484,0.9208122712468383,-0.4668557762475339
2002-09-11,2002,14.0,1.1999999999999993,19.97,21.36,0.9349250936329587,1.141721167019789,-0.34389819556188667,1.4482556645953446,-0.8143182012176661
2002-09-12,2002,12.0,0,17.49,19.27,0.9076284379865075,1.0610015694659303,0.31459445749784504,1.2384462559343756,0.26702893626279833
2002-09-13,2002,14.0,1.1999999999999993,19.27,20.49,0.9404587603709127,1.1575512142514843,0.11700508892371737,1.2624473875852762,0.1569275518883598
2002-09-14,2002,14.0,1.1999999999999993,21.12,21.45,0.9846153846153847,1.7748071185443237,0.8881384776533316,1.7420377818242545,1.142613643804843
2002-09-15,2002,20.0,7.199999999999999,16.96,20.67,0.8205128205128205,5.844211863244521,-2.2521320955372675,1.7173920351920389,1.3260504801526831
2002-09-16,2002,7.0,0,8.83,19.58,0.4509703779366701,1.307993089372167,0.4678599599871654,0.29336172975874664,-0.014865821941145186
2002-09-17,2002,12.0,0,21.91,22.57,0.9707576428887904,1.0770310390166271,0.01904402772591703,1.3725427057123347,-0.12946568099028313
2002-09-18,2002,13.0,0.1999999999999993,20.58,21.66,0.9501385041551246,1.1836211303911592,0.1610984244794869,0.9468249282908433,-0.5287960038749757
2002-09-19,2002,16.0,3.1999999999999993,20.15,20.32,0.9916338582677164,1.4787388188556023,-0.7254729591937593,1.2725289235520403,-0.8727018813908227
2002-09-20,2002,14.0,1.1999999999999993,20.26,20.5,0.9882926829268294,1.5469883119373928,-0.3027647792689856,1.1158069543742068,-0.611674708153048
2002-09-21,2002,17.0,4.199999999999999,18.4,19.23,0.9568382735309412,3.0987395728804477,-1.357036052776489,1.3197906711786893,-1.0096461854381047
2002-09-22,2002,9.0,0,18.37,18.7,0.9823529411764707,1.4466485681610846,0.5170830665345875,2.1591849039789586,1.1029545379098002
2002-09-23,2002,11.0,0,17.38,19.19,0.9056800416883792,2.3235368879732254,-0.23475068965019638,1.2738856263025422,0.6902979181490174
2002-09-24,2002,10.0,0,14.52,17.82,0.8148148148148148,1.1207474219840579,-0.3347695821214653,1.4013108721863585,-1.258698629179649
2002-09-25,2002,12.0,0,17.43,17.88,0.9748322147651007,1.6006016957886338,-0.23148321605235886,1.6257984786658644,0.4475622857994767
2002-09-26,2002,13.0,0.1999999999999993,18.89,19.11,0.9884877027734171,1.4726731276832605,-0.19951271588125855,0.7826207335055024,0.014711482958944089
2002-09-27,2002,12.0,0,18.48,18.81,0.9824561403508772,0.9932084544560309,0.4608855168367583,1.0534902108404076,0.2636410633634541
2002-09-29,2002,12.0,0,17.27,17.68,0.9768099547511312,1.5855693704503726,-0.25048648924291816,1.0651008388682992,0.4678111462849432
2002-09-30,2002,13.0,0.1999999999999993,18.28,18.43,0.9918610960390668,1.3292614519111765,-0.20366345051732723,0.8328562434334478,-0.19630714320966428
2003-05-01,2003,4.0,0,9.47,25.32,0.37401263823064773,1.2995937856508737,-0.1645690374911772,0.9156647263643402,0.869726479352893
2003-05-02,2003,2.0,0,9.04,23.89,0.378401004604437,1.2908828297604207,0.6538927107233493,1.5263855913709847,1.44337173847323
2003-05-03,2003,3.0,0,5.6,26.0,0.21538461538461537,0.9487741184242209,-0.10097290767249274,0.8038761569397186,0.24982940695700387
2003-05-04,2003,5.0,0,10.04,27.29,0.36790032979113224,0.6947956005761883,0.01476115660709513,0.7712297094276486,0.5299660261088702
2003-05-05,2003,8.0,0,13.95,26.82,0.5201342281879194,0.8606794555601376,-0.3279568637273006,1.3910761446441942,-0.9781975164729889
2003-05-06,2003,10.0,0,20.36,28.18,0.7224982256919801,0.732000230167684,-0.2107889473090947,0.9017197495213972,-0.7635241087027639
2003-05-07,2003,11.0,0,23.59,28.31,0.833274461321088,0.8194885200740423,0.10040338577599296,1.1047231452843365,-0.6710927959420594
2003-05-08,2003,12.0,0,26.9,28.43,0.9461836088638761,1.2654556273857616,0.7082753785350393,0.840730180573757,-0.30396640530019486
2003-05-09,2003,13.0,0.1999999999999993,18.81,27.06,0.6951219512195121,1.683324554137699,0.31913815582161303,1.571874462382429,1.3441325829403556
2003-05-11,2003,9.0,0,12.86,28.69,0.4482398048100383,3.0525284397275274,1.564076966275566,1.4895656334865472,0.11935869869263982
2003-05-12,2003,12.0,0,27.43,29.17,0.9403496743229345,0.8639872476567642,0.16914993160077646,1.0841182071001914,-0.44579003448831855
2003-05-13,2003,9.0,0,17.88,29.84,0.599195710455764,2.260316203780193,0.8120218062118906,1.0310970122409022,0.29540154914891126
2003-05-14,2003,12.0,0,22.85,30.19,0.756873136800265,1.3164137385265278,0.5728156626769791,0.9392299499662234,-0.7663273598608763
2003-05-15,2003,12.0,0,26.03,29.44,0.884171195652174,0.9778785684608208,-0.3778091094199901,1.1038402603952895,-0.8375854586124859
2003-05-16,2003,12.0,0,29.12,30.02,0.9700199866755497,1.564028878844682,-0.8246062529110751,1.6503883749889596,-1.4201610010914834
2003-05-17,2003,12.0,0,28.82,30.18,0.9549370444002651,0.9766615354594393,0.019268761369625763,1.452282297566953,-0.812999628394877
2003-05-18,2003,8.0,0,19.08,28.52,0.6690042075736324,1.364416191808532,0.873759670963623,1.4261044263712583,1.3666563783097025
2003-05-19,2003,11.0,0,18.09,27.3,0.6626373626373626,0.8979935248298025,0.48110219888075006,1.210126123846539,0.7854681615932796
2003-05-20,2003,11.0,0,26.58,29.77,0.8928451461202552,1.1259550470427102,-0.06706447721118547,1.031142024793829,-0.8752613876314227
2003-05-21,2003,10.0,0,19.8,29.55,0.6700507614213198,1.2045113624119912,0.14470376505546353,0.5681550767094196,-0.01768445023774608
2003-05-22,2003,12.0,0,25.94,29.59,0.8766475160527205,1.1743213257875433,-0.24950281155632117,1.5482639695833207,-1.3463973262246243
2003-05-23,2003,11.0,0,20.68,28.92,0.7150760719225449,1.5705528203585526,0.9903121744740099,1.699407498361182,1.4758158156402903
2003-05-24,2003,13.0,0.1999999999999993,19.84,29.13,0.681084792310333,4.048806094021319,0.07376353920812727,5.37096452510683,4.995588322483031
2003-05-25,2003,5.0,0,12.31,28.89,0.42609899619245417,0.7824401296635565,0.1856048067351664,1.037865226223173,-0.4146917843385
2003-05-26,2003,14.0,1.1999999999999993,31.77,32.14,0.9884878655880522,1.3590775742748264,0.10054330783511271,1.6090949341938157,-1.0537073407489792
2003-05-27,2003,15.0,2.1999999999999993,29.58,30.89,0.9575914535448364,1.0749736021210894,0.14998440694262033,0.500617691047097,0.1049819618069628
2003-05-28,2003,12.0,0,17.76,28.7,0.618815331010453,0.9502288431340961,0.313286588758778,1.3289330191386584,1.1569598720479775
2003-05-29,2003,11.0,0,23.94,29.21,0.8195823348168436,1.457912460724922,-0.3474237548779706,1.0136793917243174,-0.8224751564074951
2003-05-30,2003,16.0,3.1999999999999993,20.22,28.11,0.7193169690501601,4.003368637176877,0.34183424202372326,4.516007767120241,4.114675206649629
2003-05-31,2003,12.0,0,28.26,29.03,0.973475714777816,1.6066644591461552,0.4655988398491717,1.1787438327269133,-0.8243385773010002
2003-06-01,2003,14.0,1.1999999999999993,29.16,30.28,0.963011889035667,1.2931807511004536,0.8491319555747938,0.6782645553459924,-0.010404867350357469
2003-06-03,2003,12.0,0,30.16,30.99,0.9732171668280091,1.2461604195441,-0.16564478995606993,1.5336840758220616,-1.139741572627124
2003-06-04,2003,12.0,0,30.59,31.17,0.9813923644529996,1.033337763170476,-0.07890675079554343,1.0779854342836086,-0.6338632830917756
2003-06-05,2003,10.0,0,26.75,30.67,0.8721878056732963,1.4234697942643764,0.6591520395687408,0.7249642243885808,-0.6068038095434977
2003-06-06,2003,8.0,0,14.88,28.79,0.5168461271274749,2.0516000829737786,0.5210342679858235,2.7208865923830126,2.2515685874881037
2003-06-07,2003,12.0,0,25.99,30.07,0.8643165946125706,1.0134625964874406,-0.11143919498368371,0.8811613546354746,-0.2837277545730312
2003-06-08,2003,10.0,0,25.83,30.37,0.8505103720777082,1.9794516449030821,0.6660505855361265,1.746849846534329,1.5736164411373423
2003-06-09,2003,7.0,0,20.01,29.86,0.6701272605492298,1.263609456900814,0.637945485597806,0.4428306022619009,0.10457313891288618
2003-06-10,2003,8.0,0,20.01,27.74,0.7213410237923576,1.3961090060819712,1.0781611301798315,0.8784880238715774,0.43238686586392144
2003-06-11,2003,8.0,0,19.14,27.45,0.6972677595628416,1.2894487008034823,0.7375981518813974,0.5971214096091649,-0.23088837653543948
2003-06-12,2003,12.0,0,23.02,26.73,0.8612046389824167,1.028040670462295,0.1978563294412729,0.7642538959460828,-0.3193186513055409
2003-06-13,2003,7.0,0,25.14,26.85,0.9363128491620112,1.071654351123535,0.2450544560521787,1.2467614516694898,0.6160731701467009
2003-06-14,2003,5.0,0,17.33,23.51,0.7371331348362398,1.0310494162801809,0.2964388023640656,0.8166335930610851,-0.03425818745016033
2003-06-15,2003,10.0,0,15.54,24.43,0.6361031518624641,1.3474995267799947,-0.531020359655466,1.4610020477197923,-1.2315839416231036
2003-06-16,2003,7.0,0,13.53,26.18,0.5168067226890756,0.9137132975367266,0.358066248141012,0.964621466052765,0.2904424046174139
2003-06-17,2003,13.0,0.1999999999999993,27.79,29.45,0.9436332767402377,1.2220373103116426,-0.33401939949908027,1.698314586120751,-1.4087293295620011
2003-06-18,2003,11.0,0,30.13,31.34,0.9613911933631142,0.967773959704139,0.10578537728106226,0.8316098451297063,-0.5601442634231155
2003-06-19,2003,10.0,0,18.45,30.61,0.6027442012414244,2.4342107998202596,1.3466020259784377,3.71308107257427,3.6149419940515894
2003-06-20,2003,12.0,0,25.5,29.39,0.8676420551207894,1.0753655876359398,0.6578654997668753,0.6279806517195454,0.27485896230628865
2003-06-21,2003,9.0,0,24.21,30.95,0.7822294022617124,1.038040155550483,-0.013219932075970844,0.6022420365435852,-0.5288433576963172
2003-06-22,2003,12.0,0,25.03,30.78,0.813190383365822,0.9131251086460365,-0.0148766966295624,0.4778603916248568,-0.0521130624612726
2003-06-23,2003,9.0,0,5.81,28.45,0.20421792618629173,5.096027451581668,1.9618357704030518,4.628857191805488,4.29650899336194
2003-06-24,2003,13.0,0.1999999999999993,26.85,31.37,0.8559132929550526,1.8484372774376574,-0.630245607119801,1.2767000208076962,-1.0504008795516189
2003-06-25,2003,11.0,0,27.99,30.76,0.9099479843953185,1.4362547404821073,-0.4783757715689876,1.4922824935745316,-1.040236032697002
2003-06-26,2003,11.0,0,27.99,31.07,0.9008690054715158,1.218321495138042,0.27607974904153115,1.1396252723547666,-0.7048918451174598
2003-06-27,2003,11.0,0,24.87,30.54,0.8143418467583498,1.1430457290982314,0.38155995537156834,0.9313096059346826,0.7969457846885355
2003-06-28,2003,12.0,0,25.48,29.57,0.8616841393304024,1.6953848906165272,-0.18062096413782314,1.1634329582255183,-0.7045451030084843
2003-06-29,2003,11.0,0,13.12,28.08,0.4672364672364672,1.1896051776274528,0.7226903081619613,0.6161935998901454,0.45510821695018533
2003-06-30,2003,8.0,0,17.87,29.21,0.6117767887709689,2.2254927443410226,0.8222664204601465,0.5611871563932672,0.14346602176739687
2003-07-01,2003,11.0,0,21.58,30.2,0.714569536423841,1.7863057056145857,0.22190752061573274,1.531964207066344,-0.8643006446237287
2003-07-02,2003,12.0,0,25.34,29.39,0.8621980265396393,1.0491413139526136,0.22854840905626692,0.655699224308941,-0.532944714631529
2003-07-03,2003,9.0,0,27.5,30.43,0.903713440683536,0.9713102649532326,0.5392586584342179,0.9528104583377818,-0.31269711494803615
2003-07-04,2003,11.0,0,28.0,30.72,0.9114583333333334,0.7651271399692975,0.04868630937463866,0.8020093849521399,-0.6958192533426661
2003-07-05,2003,11.0,0,25.11,29.57,0.8491714575583361,2.4757111662974927,0.5461493797438091,3.748072515444576,3.6375719429622855
2003-07-06,2003,5.0,0,17.43,27.93,0.6240601503759399,1.2588763436554367,0.3720124443351218,0.6032562014964664,0.4867297969418279
2003-07-07,2003,12.0,0,27.12,29.8,0.9100671140939598,1.6776918898469801,0.21462874757092795,1.6023256593303041,-0.8654600899426436
2003-07-08,2003,12.0,0,22.2,28.63,0.7754104086622424,1.2246111431388926,0.37793894240469667,0.5918160961102253,-0.1994842054243501
2003-07-09,2003,8.0,0,16.19,28.09,0.5763616945532218,1.636981265084226,0.638478314607355,0.6320053313426787,0.47755143149815044
2003-07-10,2003,7.0,0,17.77,28.85,0.615944540727903,1.9507483514756474,0.7960453873757564,3.059766968852314,2.813097472180484
2003-07-11,2003,11.0,0,20.96,28.69,0.7305681422098292,1.3180151027472207,0.5533671943293834,1.2564161926784916,0.07202476240289062
2003-07-12,2003,11.0,0,22.55,29.46,0.7654446707399865,1.0071349437525903,0.18994111306718212,1.1423950172360435,-0.20121705911874757
2003-07-13,2003,9.0,0,16.07,29.13,0.5516649502231377,4.137386621327955,0.7582393249748982,6.762322038398274,6.636913755775636
2003-07-14,2003,6.0,0,13.55,28.57,0.47427371368568433,1.956235337251883,1.2062491560912603,1.2903636846974826,0.8124327154647931
2003-07-15,2003,12.0,0,23.3,29.91,0.779003677699766,1.894965279239465,-1.0130950741649483,1.9225428990253641,-1.3774138985842164
2003-07-16,2003,9.0,0,24.29,29.28,0.8295765027322404,1.3391668214325392,-0.396579653296978,1.0262468056722425,-0.7017312029792061
2003-07-17,2003,7.0,0,17.69,29.1,0.6079037800687286,2.072296473660972,0.82201690282007,0.32731664986042025,-0.19572579690611627
2003-07-18,2003,15.0,2.1999999999999993,29.66,30.35,0.9772652388797364,1.810294225625846,-0.6894604729475021,1.3279178668028175,-1.066274737722594
2003-07-19,2003,12.0,0,14.74,28.18,0.5230660042583393,4.770350197817053,0.8363892672437797,7.087179328348497,6.943389665073802
2003-07-20,2003,9.0,0,28.43,29.85,0.952428810720268,0.8444638468911172,-0.21933624486267464,1.0734046804967101,-0.8785862092089047
2003-07-21,2003,13.0,0.1999999999999993,26.96,28.94,0.9315825846579129,0.9697068390354103,-0.1267349504114632,1.1727044318867896,-0.5695473196982453
2003-07-22,2003,12.0,0,13.65,27.14,0.5029476787030214,3.4315808016645923,0.9673731206011881,5.648099835476073,5.610157370884133
2003-07-23,2003,8.0,0,21.02,28.56,0.7359943977591037,0.9985654273429154,-0.2593682351566659,1.260907634065467,-0.7153711647253278
2003-07-24,2003,9.0,0,12.18,26.72,0.45583832335329344,2.978393561580701,0.3514267748118424,4.033602167388636,3.774793618823374
2003-07-25,2003,10.0,0,26.01,30.02,0.8664223850766156,1.1374449799833461,0.3496965921946482,1.1679335588171547,-0.569312291285638
2003-07-26,2003,9.0,0,23.15,28.99,0.7985512245601931,0.851120862472209,-0.054576239126048504,0.6668795732922331,0.10035193113303957
2003-07-27,2003,8.0,0,18.97,27.77,0.6831112711559236,1.6110163045908152,0.3951312914834025,2.4036706619205725,2.10397537594019
2003-07-28,2003,11.0,0,14.31,26.81,0.5337560611712048,3.8930720374101444,0.4882532880809441,5.593401036647894,5.512287717151402
2003-07-29,2003,10.0,0,26.34,29.04,0.9070247933884298,1.2482411950223389,0.2919764927036581,1.360582824222698,-0.4217776966385536
2003-07-30,2003,11.0,0,23.31,29.1,0.8010309278350515,1.1516014120988816,0.21110943041074604,0.7663511655206497,-0.6032260283168256
2003-07-31,2003,13.0,0.1999999999999993,28.49,29.07,0.980048159614723,1.4601992702812234,-1.0524602248638366,1.5281908849418926,-1.129411457538828
2003-08-01,2003,13.0,0.1999999999999993,28.1,28.74,0.9777313848295061,1.3929211102396892,-0.7665901175320329,1.4388089556883037,-1.1369526782964758
2003-08-02,2003,14.0,1.1999999999999993,26.36,27.96,0.9427753934191702,1.2882221203693527,0.22575815926520257,0.6611483803347797,-0.3227053037849572
2003-08-03,2003,10.0,0,24.6,27.06,0.9090909090909092,1.138160518518069,-0.3552719313598229,0.8183551328951995,0.04879517639578168
2003-08-04,2003,8.0,0,18.16,26.06,0.6968534151957023,0.8516363405419805,-0.06298586551064196,0.7864392012694859,0.567162441285428
2003-08-05,2003,7.0,0,7.98,25.66,0.31098986749805146,1.827340379755593,0.060556756503783726,0.9025550379896775,0.87435674859016
2003-08-06,2003,11.0,0,25.15,27.41,0.9175483400218898,1.1599748288713985,0.04331172352002947,0.8972453078620134,-0.1519150319826791
2003-08-07,2003,9.0,0,19.08,27.11,0.7037993360383622,0.6945777427664246,0.4150258076969831,0.5752918066190782,0.36921159405018084
2003-08-08,2003,9.0,0,16.87,25.7,0.6564202334630351,1.1775233093604702,0.7109856409072636,0.20881984687254962,0.029301700344788628
2003-08-09,2003,9.0,0,26.64,28.05,0.9497326203208556,0.8779360172674124,0.18550777918528452,0.7693016937398728,-0.6971451090799086
2003-08-10,2003,12.0,0,26.31,27.8,0.9464028776978417,1.1235959437666636,-0.3570597040416357,0.6155770596134609,0.042794895060940516
2003-08-11,2003,11.0,0,25.27,27.35,0.9239488117001827,1.1297231687296625,0.29220433219527486,1.009945294767623,-0.19404725015319477
2003-08-12,2003,10.0,0,25.56,27.15,0.9414364640883978,1.2393913963050245,-0.03433450194388669,0.538397504934679,0.1485966449849722
2003-08-13,2003,10.0,0,19.47,27.18,0.7163355408388521,1.2346402284002245,0.46865132569064044,0.6203131280600246,-0.19338046325240654
2003-08-14,2003,13.0,0.1999999999999993,27.88,28.21,0.988302020560085,1.080306914238026,-0.22714768912810426,1.0933081535621287,-0.7627528534120446
2003-08-15,2003,13.0,0.1999999999999993,26.73,26.98,0.9907338769458859,1.0261120141453746,-0.3890532806202519,0.9495932119974027,-0.6078556043346482
2003-08-16,2003,12.0,0,25.1,26.53,0.9460987561251414,0.9448397568955748,0.017122973128257318,0.788268005115434,-0.5977157848790847
2003-08-17,2003,13.0,0.1999999999999993,25.06,26.4,0.9492424242424242,1.2232144918854901,0.3339478776583354,0.4700686124907778,-0.1320549317620253
2003-08-18,2003,11.0,0,13.05,24.47,0.53330608908868,4.176191294531886,-1.2868109484941652,2.8452245320313736,1.1004228805283596
2003-08-19,2003,9.0,0,23.21,25.83,0.8985675571041426,0.8571184762529561,-0.09667629498400092,1.2406551460054898,-0.8911825811880961
2003-08-20,2003,12.0,0,24.77,26.07,0.9501342539317222,0.9491491235069345,-0.5527668778374132,1.3216840799324447,-1.1446693376129886
2003-08-21,2003,9.0,0,17.06,24.93,0.6843160850381067,1.2116756114980158,0.18429073454809006,1.288643133733679,1.0911928222936407
2003-08-22,2003,10.0,0,17.75,24.64,0.7203733766233766,1.051401900763606,0.08351844573543114,1.7758837458727328,1.389399555956011
2003-08-23,2003,13.0,0.1999999999999993,24.05,25.25,0.9524752475247525,1.1397686431087772,-0.002846500340312789,1.0309358387359253,-0.5378298279081513
2003-08-24,2003,11.0,0,22.52,24.79,0.9084308188785801,0.9652275990488168,-0.10792406289753102,0.7760047263963058,-0.4900470442006271
2003-08-25,2003,9.0,0,17.53,23.93,0.7325532804011702,1.4381759426746843,0.5808613163573844,0.8651449390250642,0.5611047025673468
2003-08-26,2003,8.0,0,17.87,23.97,0.7455152273675428,1.247803537734445,0.9654541201336237,1.2188986963451378,1.084539356228997
2003-08-27,2003,10.0,0,21.47,24.08,0.8916112956810631,0.7515590771081553,-0.28608789980492416,0.8445426319725773,-0.6530746100713779
2003-08-28,2003,9.0,0,5.07,20.37,0.24889543446244478,4.686535426465625,0.7376852578465002,3.523841644523461,3.2041474236575507
2003-08-29,2003,12.0,0,23.26,24.4,0.9532786885245903,1.0740414420235114,0.30022105636738367,1.0188693639867588,-0.4050273522508571
2003-08-30,2003,12.0,0,23.33,24.69,0.9449169704333737,1.1037743540765717,0.003708311501279482,0.9297646627379784,0.25054220843935643
2003-08-31,2003,10.0,0,24.4,24.74,0.9862570735650769,1.2448737767004772,0.16730363332134446,1.2095216029489988,-0.02249945159306499
2003-09-01,2003,13.0,0.1999999999999993,23.72,24.21,0.9797604295745559,1.3280645193184601,-0.5835797413246396,1.158029909930438,-0.8080109826799328
2003-09-02,2003,10.0,0,23.37,23.8,0.9819327731092438,1.1655799596572067,0.14499616800363388,1.0838338996840127,-0.37447000116956275
2003-09-03,2003,13.0,0.1999999999999993,22.93,23.71,0.9671024884015182,1.4469284194571888,-0.49242001227724536,1.2002702894390702,-0.8323169163657033
2003-09-04,2003,12.0,0,24.04,24.29,0.9897076986414162,1.1313072916293885,-0.3654996363467786,1.1505597484408425,-0.4721337809871997
2003-09-05,2003,13.0,0.1999999999999993,23.97,24.25,0.9884536082474227,1.1262072366305742,0.3565476099509615,1.3311261874616915,0.3093168304809962
2003-09-06,2003,13.0,0.1999999999999993,23.62,23.83,0.9911875786823333,1.0991514532091862,0.2171891303835156,1.3881242607026547,0.048319755931702346
2003-09-07,2003,13.0,0.1999999999999993,23.89,24.09,0.991697799916978,1.5247243684149192,0.3740568352634677,1.6952716846169893,0.11715285730452862
2003-09-08,2003,16.0,3.1999999999999993,23.14,23.39,0.9893116716545532,1.720726264038353,-0.5215732375613095,1.210914127605822,0.14140590082556356
2003-09-09,2003,11.0,0,22.92,23.22,0.9870801033591733,0.6787387336709555,0.3534336817086011,0.4434584581762215,-0.28740864582662873
2003-09-10,2003,14.0,1.1999999999999993,20.27,21.76,0.9315257352941175,1.1822729109166357,0.5180786108299715,1.3220890774736747,1.1998108904191322
2003-09-11,2003,10.0,0,20.05,21.17,0.9470949456778459,1.237476258986184,-0.44325327671540515,0.436232445093125,0.037391761035001636
2003-09-12,2003,13.0,0.1999999999999993,20.59,20.96,0.9823473282442747,1.1412991630797065,-0.017862922228825795,1.1571956418809788,-0.4478991616041507
2003-09-13,2003,8.0,0,18.11,21.03,0.8611507370423204,1.0344556642364031,-0.3333136864472968,0.5517367935135208,-0.3865175893971286
2003-09-14,2003,5.0,0,8.9,19.95,0.4461152882205514,1.6355055570270434,0.7925239431585529,1.42122339634695,0.9199810632636337
2003-09-15,2003,5.0,0,8.66,20.09,0.43106022896963664,2.339862831086548,-0.3247981563237143,0.4483366405743111,-0.3787592403481428
2003-09-16,2003,8.0,0,16.36,19.78,0.8270980788675429,1.0817391600269484,0.7524514793459315,0.8481175746733003,0.588832928924577
2003-09-17,2003,11.0,0,19.21,20.94,0.9173829990448902,1.2159242273898787,-0.5380985301401305,0.8652484231313603,-0.5770102075744248
2003-09-18,2003,8.0,0,11.09,20.36,0.5446954813359528,1.4147293282991897,0.4117972207514174,1.185617593532992,0.5720229719743735
2003-09-19,2003,13.0,0.1999999999999993,20.78,21.29,0.9760450915922969,1.1066688949845227,0.5641990539884042,0.9516242674658646,-0.042403611963375575
2003-09-20,2003,14.0,1.1999999999999993,20.36,20.7,0.9835748792270531,1.8345051540311523,-1.2610981126023189,1.217347265951707,-0.7783413748197147
2003-09-21,2003,13.0,0.1999999999999993,19.39,20.23,0.9584775086505191,1.3862415647336486,0.5079895919163147,1.4267235827209959,0.7635098959494938
2003-09-22,2003,7.0,0,13.88,18.99,0.7309110057925224,1.945865808948493,-0.18478501734453381,0.8757552118379007,0.734684047919076
2003-09-23,2003,6.0,0,6.5,18.47,0.35192203573362213,2.3503572031311037,0.7014996238271658,3.2579014717350954,3.1492534098994645
2003-09-24,2003,4.0,0,7.01,18.27,0.38368910782703886,1.7111561975022924,0.20691844128324946,1.6242249657358556,1.4298538816614743
2003-09-25,2003,12.0,0,18.55,19.67,0.9430604982206405,1.2600158941167219,-0.2422925650169537,1.1328213497430213,-0.7191043808671896
2003-09-26,2003,13.0,0.1999999999999993,18.81,19.36,0.9715909090909091,1.7773516297817733,-1.183028570044367,0.9921233107038998,-0.7883893001668548
2003-09-27,2003,9.0,0,3.39,18.41,0.18413905486148832,4.909612893482123,-1.1869445580246052,3.256562161416185,2.9477307975225906
2003-09-28,2003,8.0,0,12.1,19.35,0.6253229974160206,1.1497002477825777,0.5862218937802777,0.6734440980144986,0.09497643300190568
2003-09-29,2003,10.0,0,16.8,19.28,0.8713692946058091,1.1577489879097367,0.6454279256309015,0.4592672106777211,-0.2212684892069925
2003-09-30,2003,11.0,0,15.12,18.53,0.8159740960604425,1.1039046462831363,-0.09427962219711439,0.524801710107651,0.1787888068892201
2004-05-01,2004,7.0,0,21.77,28.74,0.7574808629088379,1.0902148677268937,0.20529115419838959,0.9185115798470863,-0.6981989153436956
2004-05-02,2004,14.0,1.1999999999999993,28.54,29.32,0.9733969986357435,1.1352570021511386,-0.46702387989198707,1.3900772585453294,-1.2230183230895377
2004-05-03,2004,16.0,3.1999999999999993,28.53,28.79,0.9909690864883641,1.5940672722959923,0.4178293450770108,0.9633777338180972,-0.7707753831182824
2004-05-04,2004,14.0,1.1999999999999993,27.32,27.73,0.9852145690587811,1.5359040836892894,0.4314652951497597,1.0421164895001938,-0.3756329034200956
2004-05-05,2004,12.0,0,22.12,25.24,0.8763866877971475,0.6685317382579798,0.040614793007895576,0.6234785716229,0.18377106955668351
2004-05-06,2004,12.0,0,24.19,26.78,0.9032860343539956,1.2429313444755994,0.8693706948142857,1.0801362752241304,0.35662062424656976
2004-05-07,2004,8.0,0,24.46,26.9,0.9092936802973979,1.7226390844834936,0.4721835856900259,0.5180236307316933,-0.03597760353346343
2004-05-08,2004,9.0,0,10.85,26.93,0.40289639806906796,5.222399916025557,2.6811235950461136,5.869094358598372,5.776707172804862
2004-05-09,2004,11.0,0,26.6,29.35,0.9063032367972743,1.0884320088997628,-0.11167150340630887,1.1293418570565872,-0.7672905901295666
2004-05-10,2004,4.0,0,13.63,26.74,0.5097232610321616,1.109832719707127,0.16718324653207847,0.2967067110169149,0.07156682904858098
2004-05-11,2004,7.0,0,7.22,28.13,0.2566654816921436,0.7337116668739433,-0.057755449223027076,0.29543717613866943,0.0038447021040367937
2004-05-12,2004,7.0,0,17.43,29.16,0.5977366255144033,1.6680342700876067,1.407651783963767,2.4103825211976235,2.1742012048935977
2004-05-13,2004,12.0,0,22.42,28.77,0.7792839763642684,1.3346709089083602,-0.010517670656354191,1.6759852239763537,-1.2663273598608764
2004-05-14,2004,11.0,0,24.28,29.54,0.8219363574813813,2.404887571864004,1.036476583009206,3.904484467221834,3.595018398853915
2004-05-15,2004,15.0,2.1999999999999993,28.57,30.05,0.9507487520798669,2.6298986536677114,-0.2617107618798506,1.3521466819947,-0.9835345846976876
2004-05-16,2004,10.0,0,29.31,30.46,0.9622455679579776,1.1291301699217637,0.013198105808160417,0.8774148849751487,-0.5392813065939824
2004-05-17,2004,14.0,1.1999999999999993,30.35,30.64,0.9905352480417755,1.5637471411529238,0.33972527488846005,0.8565025357616786,-0.6105232112371892
2004-05-19,2004,12.0,0,26.13,29.15,0.8963979416809605,1.1489708417273239,-0.2240684274619925,0.6904692401014272,0.10577545591723592
2004-05-20,2004,12.0,0,26.24,27.96,0.938483547925608,1.227501761234064,-0.35135548193344296,0.5960115262106511,0.27877865971470567
2004-05-21,2004,8.0,0,10.23,25.57,0.40007821666014864,3.0999597070046554,-0.10542177868096066,2.9762815877322195,2.8568215557952965
2004-05-22,2004,9.0,0,12.71,26.17,0.4856706152082537,2.18783968909029,1.026164506387826,1.4713831096456285,0.5105159703723595
2004-05-23,2004,10.0,0,25.03,30.84,0.8116083009079118,0.9967786724830697,0.3780319176232353,0.8055539148373969,-0.16815308931817619
2004-05-24,2004,8.0,0,25.74,30.15,0.853731343283582,0.685440772523481,0.3219676907762666,0.5746194578288427,0.036493145058400955
2004-05-25,2004,10.0,0,11.8,28.68,0.41143654114365413,1.8648321850439762,-0.7079452563082532,0.895518702653343,-0.3240766719635572
2004-05-26,2004,9.0,0,18.93,28.42,0.6660802251935256,1.0079221548372723,0.6248402019967623,1.069717624692937,0.8629891770841779
2004-05-27,2004,11.0,0,19.92,29.88,0.6666666666666667,1.136224979124792,0.13836843441591143,1.0208194121803877,-0.6616756728449094
2004-05-28,2004,11.0,0,29.73,31.04,0.9577963917525774,1.1201125007132362,0.3091177794257381,0.5655970252173581,-0.15580848974082842
2004-05-29,2004,11.0,0,17.49,29.23,0.5983578515224084,1.8008504262403149,0.6441123043227232,0.823685744412019,-0.15032746209504685
2004-05-30,2004,13.0,0.1999999999999993,29.33,29.99,0.9779926642214072,1.8388552241498393,1.2838249606219083,1.261276557170652,0.9958554301461398
2004-05-31,2004,6.0,0,20.96,29.36,0.7138964577656676,1.336738567902027,0.7468160408174528,1.3801730212979477,0.5907788663736563
2004-06-01,2004,9.0,0,26.57,31.29,0.849153084052413,1.0692151172382034,0.4185968889470228,0.9240488547358401,-0.442681602509228
2004-06-02,2004,12.0,0,31.44,32.34,0.9721706864564007,0.9319314363123581,0.0843552100439297,0.71747939801095,-0.4730749059604573
2004-06-03,2004,12.0,0,32.41,32.94,0.9839101396478446,1.4063009441136687,-0.4758718955891686,1.733057083029275,-1.4671966164251107
2004-06-04,2004,15.0,2.1999999999999993,31.82,32.07,0.9922045525413159,2.1476941564234924,-0.6779386073135548,2.0271156699739725,-1.4935390476485804
2004-06-05,2004,9.0,0,30.26,31.01,0.9758142534666236,1.1683291463456924,0.6142785716431207,1.0875225754971645,0.2413479942574508
2004-06-06,2004,9.0,0,29.41,30.59,0.9614253023864008,1.2539577320015283,0.8643372704289037,0.5323953242392904,-0.25446248259644005
2004-06-07,2004,7.0,0,22.47,30.81,0.7293086660175268,1.8930133225097872,0.5621286602384479,1.8546010109986577,1.7681981754628069
2004-06-08,2004,9.0,0,20.92,30.46,0.6868023637557453,1.7439402507276587,0.41425129726058957,1.5745844533116322,-1.0798345356834318
2004-06-09,2004,5.0,0,13.6,29.66,0.4585300067430883,1.2567653361354147,0.9184679103632392,0.8138116358814335,0.6244084578316187
2004-06-10,2004,9.0,0,18.93,28.82,0.6568355308813324,1.4341949814277415,-0.7952020791334281,1.7463765814008032,-1.4055827569357024
2004-06-11,2004,9.0,0,20.87,29.28,0.7127732240437159,1.583191709858167,0.6228751422323487,1.148921483192217,-0.7352438686135633
2004-06-12,2004,14.0,1.1999999999999993,23.91,30.46,0.7849638870650033,1.4180128267663565,-0.5168407150178875,1.6304768009998534,-1.2678536597065981
2004-06-13,2004,14.0,1.1999999999999993,30.22,31.3,0.9654952076677316,1.6700292747321286,-1.0366380200472853,1.8801347919196285,-1.5959229248604505
2004-06-14,2004,14.0,1.1999999999999993,31.08,31.63,0.9826114448308567,1.151610959523846,-0.4934285035176525,1.2900808712854015,-0.5908841849390125
2004-06-15,2004,10.0,0,22.22,29.93,0.7423989308386234,2.1138215205402155,-0.2384767883699812,0.8748155481362011,0.605393911358212
2004-06-16,2004,9.0,0,26.21,29.47,0.8893790295215473,1.2975394518527947,0.9610634926544827,0.4715000847725675,-0.05219722815830963
2004-06-17,2004,11.0,0,30.1,30.94,0.9728506787330317,1.046986379636822,0.11087365981282382,1.3179436238584503,-0.8934775967564482
2004-06-18,2004,13.0,0.1999999999999993,31.13,31.79,0.9792387543252595,1.066012581704117,-0.2077506995613644,1.1485495423258485,-0.5672420743996008
2004-06-19,2004,13.0,0.1999999999999993,27.7,31.06,0.8918222794591114,0.8708754098091259,0.16754873585856003,0.7044440213044217,-0.5633472352792985
2004-06-20,2004,11.0,0,21.73,28.83,0.7537287547693375,1.036158554647641,-0.18511294164068604,0.8117703323792765,0.44951597680620264
2004-06-21,2004,9.0,0,27.18,29.86,0.9102478231748158,1.0429252525126511,0.46211195741736494,0.8496924231047354,-0.03908479684595356
2004-06-22,2004,11.0,0,29.45,31.02,0.9493874919406834,0.8751684720976197,0.27279927493706263,0.6900907414044228,-0.3783408599650369
2004-06-23,2004,12.0,0,19.35,30.58,0.6327665140614782,1.3524085902640426,0.03194589478076922,0.6607713350990535,0.2868094445164573
2004-06-24,2004,5.0,0,8.23,27.29,0.30157566874312935,1.2304813258511027,0.2592273959658085,0.7301331178953347,0.26592996367125465
2004-06-25,2004,9.0,0,24.27,29.1,0.834020618556701,1.3232604633256242,0.4422180735715475,1.7777171629093034,-1.438342442459869
2004-06-26,2004,12.0,0,22.25,30.31,0.7340811613328935,0.9589613928755841,-0.3875968129085088,0.8688840992322494,-0.7063621742791734
2004-06-27,2004,7.0,0,9.2,29.63,0.310496118798515,3.626269612684696,-0.018556673524841322,1.8122235481109004,0.8112375788006064
2004-06-28,2004,10.0,0,20.85,30.06,0.6936127744510979,1.472898694906523,-0.2420984013869544,1.5150566658023514,-1.1968728950422314
2004-06-29,2004,12.0,0,30.84,31.76,0.9710327455919395,1.0740237264624457,0.7326811607411834,0.8983170457852627,0.29853236598442895
2004-06-30,2004,14.0,1.1999999999999993,27.06,31.0,0.8729032258064515,1.078336312033471,0.5400035110866898,1.4399026634693384,0.9605870583576793
2004-07-01,2004,10.0,0,24.25,30.08,0.806183510638298,1.4785168345908724,0.2946236742135559,0.9998695383092048,-0.5274539288596074
2004-07-03,2004,9.0,0,26.83,30.31,0.8851864071263609,1.0637167560524454,0.19138235766911124,1.107260915105657,-0.6905187830379388
2004-07-04,2004,11.0,0,27.48,30.46,0.902166776099803,1.0587095283877817,0.5461493797438096,0.7732645915558043,-0.3624280570377145
2004-07-05,2004,17.0,4.199999999999999,24.38,30.15,0.8086235489220563,7.048012527447649,0.3992261466862022,9.562546197331901,8.788214642935547
2004-07-06,2004,10.0,0,17.03,26.82,0.6349739000745712,2.9740228916997222,1.7830239563091068,4.935326905599784,4.473227702825574
2004-07-07,2004,9.0,0,28.02,31.22,0.897501601537476,1.203609634681231,0.5243300866944531,0.9532958143444644,-0.6185509562197581
2004-07-08,2004,14.0,1.1999999999999993,29.77,31.04,0.9590850515463918,1.379369166483025,-0.1968671883690102,1.4810693746384795,-1.2059516615449037
2004-07-09,2004,7.0,0,17.57,29.82,0.5892018779342723,1.4197123774231093,0.7543787207090897,0.5124171192880377,0.14643080551381735
2004-07-10,2004,12.0,0,23.06,28.79,0.8009725599166377,1.2257091909034665,0.32500209961602683,0.5649415749005606,-0.2027790117458069
2004-07-11,2004,15.0,2.1999999999999993,30.52,30.8,0.9909090909090909,1.1402133018906295,-0.07811060339323699,1.1547968641975972,-0.7137808381922314
2004-07-12,2004,16.0,3.1999999999999993,30.64,30.93,0.9906239896540576,1.3636688990256072,0.5470550962516697,0.8273247366401593,-0.21956073047294447
2004-07-13,2004,16.0,3.1999999999999993,29.68,30.3,0.9795379537953796,1.5050039632654653,0.37439652015710134,1.4740936084504006,-0.72240164764944
2004-07-14,2004,16.0,3.1999999999999993,27.41,29.92,0.9161096256684491,2.494952073863254,1.7026388038130131,3.1536103429356035,2.60789257966549
2004-07-15,2004,8.0,0,28.63,29.57,0.9682110246871829,1.4192952590031331,0.870309865174041,0.9387280759264174,0.302164856611076
2004-07-16,2004,10.0,0,27.77,29.54,0.9400812457684495,0.9048355581355724,0.12669081355247958,0.5819164968521783,-0.041513043199214415
2004-07-17,2004,8.0,0,27.21,29.24,0.9305745554035568,1.2396825101888553,0.7822877477613335,0.6918851298942625,0.29798680654795184
2004-07-18,2004,10.0,0,15.02,28.68,0.5237099023709902,3.2295290536968317,-0.3844645659294549,3.086257087439022,2.952824720894837
2004-07-19,2004,2.0,0,7.26,26.8,0.2708955223880597,0.900294754293221,-0.16450585539652088,0.7159585429994237,0.6566104720276508
2004-07-20,2004,9.0,0,12.45,26.63,0.4675178370259106,1.0204922544437514,0.0693117009971919,0.4919285300412098,-0.04814814440647849
2004-07-21,2004,8.0,0,11.32,28.22,0.4011339475549256,1.5776986598531129,0.38289815035511704,1.339605130619964,-0.19850783095401353
2004-07-22,2004,9.0,0,26.69,28.85,0.9251299826689775,1.0362919368091073,0.271369433855555,0.959673119930121,-0.5547925603159936
2004-07-23,2004,13.0,0.1999999999999993,28.76,29.25,0.9832478632478633,1.087227786378251,-0.12452393287283268,1.378520659496619,-1.084557365403273
2004-07-24,2004,8.0,0,19.08,27.64,0.6903039073806078,1.0663151248844673,0.09642394042238574,0.9484533297397608,-0.5554498330285096
2004-07-25,2004,8.0,0,18.21,28.22,0.6452870304748406,1.7961836709647574,0.6766653831957737,2.8397121192866006,2.441053568414553
2004-07-26,2004,7.0,0,18.63,28.56,0.6523109243697479,1.2001574034312772,0.9207317646521759,0.6196900389411656,0.11181178728100072
2004-07-27,2004,11.0,0,28.99,29.41,0.9857191431485889,0.7519048292428657,0.004926848022551648,0.8431695305367833,-0.4250237812605769
2004-07-28,2004,13.0,0.1999999999999993,28.06,29.4,0.954421768707483,1.1137256779205296,0.30743543586882366,1.1758481314226397,-0.7816443389634523
2004-07-29,2004,12.0,0,22.37,28.53,0.784086926042762,0.7799007770563771,0.16191526346464333,0.6392215694930088,0.2207231206240703
2004-07-30,2004,7.0,0,12.52,27.16,0.4609720176730486,1.4064948377671527,-0.0436610401387283,1.629231870809371,1.5434367009079082
2004-07-31,2004,10.0,0,16.94,27.32,0.6200585651537336,2.4370166689310113,0.9039050377958721,1.1184534469151084,-0.10534821407421309
2004-08-01,2004,13.0,0.1999999999999993,28.21,28.73,0.9819004524886878,1.1996960058169241,-0.3558436140156445,1.2070863534139042,-0.8115596868479352
2004-08-02,2004,12.0,0,27.74,28.3,0.9802120141342755,1.1449081963389633,-0.46871028711260193,1.1363002398543962,-0.8081124549917291
2004-08-03,2004,5.0,0,18.29,27.12,0.674410029498525,0.6970676273293391,0.4033421673891831,0.8414533646648834,0.6044765258033925
2004-08-04,2004,10.0,0,16.43,26.66,0.6162790697674418,1.3506658020269136,0.34350599019468486,0.7633489441184573,-0.6309811955632174
2004-08-05,2004,16.0,3.1999999999999993,27.07,27.89,0.9705987809250627,2.267272397181068,-1.6425527474484374,2.0136319826722033,-1.7209673192475325
2004-08-06,2004,10.0,0,25.11,26.82,0.936241610738255,0.9914968740465079,0.08364382656260079,1.3724229528118368,-1.145320451055353
2004-08-07,2004,7.0,0,13.24,26.9,0.4921933085501859,3.0868974503294098,0.38414497850945545,3.2437801852472177,3.2264939150829837
2004-08-08,2004,8.0,0,20.65,27.46,0.7520029133284777,0.8529117817802999,0.2920707966045774,0.8036384777804116,-0.6283693271611117
2004-08-09,2004,12.0,0,21.68,27.22,0.7964731814842028,1.3569890914472054,-0.7348819318486526,0.6922343287446383,-0.035136449350889144
2004-08-10,2004,9.0,0,11.87,25.24,0.4702852614896989,1.172614123281462,0.027398522030826822,0.7354442145412566,-0.6587659319435234
2004-08-11,2004,13.0,0.1999999999999993,23.95,26.53,0.9027516019600451,0.9170216671011067,-0.2128216913645112,0.9065271531610127,-0.24015769485286853
2004-08-12,2004,8.0,0,15.7,25.78,0.6089992242048099,1.1996841557519873,-0.12812619500442649,0.774856293299696,-0.6547043706019249
2004-08-13,2004,12.0,0,23.63,26.37,0.8960940462646947,0.9888153266607412,-0.469290174579789,1.23526203059815,-0.9092077621239388
2004-08-14,2004,13.0,0.1999999999999993,26.96,27.33,0.986461763629711,0.853826722573948,0.18222295595189827,0.7951470293305655,0.05881106233201846
2004-08-15,2004,13.0,0.1999999999999993,24.96,26.36,0.9468892261001518,0.9170251148155062,-0.20020011244438907,1.1178747888961829,-0.7864143225078978
2004-08-16,2004,7.0,0,14.96,25.83,0.5791715060007744,1.251232302375302,0.724689882841668,1.1726960462483975,1.005816575205064
2004-08-17,2004,14.0,1.1999999999999993,23.41,25.79,0.9077161690577744,1.313339241211245,-0.2332821163878915,0.3309405901686666,-0.002071890714966903
2004-08-18,2004,12.0,0,22.33,26.16,0.8535932721712538,1.2049809378572574,-0.00390172664533465,1.012661545310995,-0.13268788602857265
2004-08-19,2004,10.0,0,18.14,25.74,0.7047397047397048,2.0678865064450975,1.1782498240243784,2.47016711593968,2.240553329766955
2004-08-20,2004,8.0,0,12.76,24.81,0.5143087464731964,2.48804832357364,0.4045547270057093,3.6442213364587603,3.4514306568536046
2004-08-21,2004,8.0,0,15.83,23.85,0.6637316561844864,1.3067110039832739,0.7751480899216784,0.8833203660608065,-0.22181368856852343
2004-08-22,2004,15.0,2.1999999999999993,24.61,25.57,0.9624560031286664,1.9524621340292219,0.1286349595269857,0.688817744067791,-0.5949318527145339
2004-08-23,2004,7.0,0,12.31,24.25,0.5076288659793815,2.68900338874552,0.855979073618396,4.2368500595451275,4.127545820357178
2004-08-24,2004,10.0,0,24.91,25.7,0.9692607003891051,1.075718006483787,-0.2679545407957814,0.836985745622057,-0.6358095897399837
2004-08-25,2004,11.0,0,22.13,25.18,0.8788721207307386,1.1205985493330204,-0.07875058481626677,1.2249658477781755,-1.0087583851851278
2004-08-26,2004,13.0,0.1999999999999993,25.4,25.92,0.9799382716049382,1.011609740554785,0.4001825983585379,0.7846367559116236,-0.08233032642612592
2004-08-27,2004,13.0,0.1999999999999993,25.18,25.5,0.9874509803921568,1.110952453138066,-0.24459637834533124,1.0778476722557881,-0.26067594360575913
2004-08-28,2004,9.0,0,19.4,23.82,0.8144416456759025,1.0865391339631074,-0.007171763681674942,0.6233476838985931,0.19622948581185717
2004-08-29,2004,13.0,0.1999999999999993,22.13,24.07,0.9194017449106772,1.1225589353367993,0.486656226348608,1.0569246467127733,0.21586517025374796
2004-08-30,2004,14.0,1.1999999999999993,23.83,24.25,0.9826804123711339,1.7530978470169576,0.8363191441177141,2.045849285736828,1.168500767769708
2004-08-31,2004,8.0,0,16.61,23.26,0.7141014617368873,1.1418366231074484,0.22910684201633838,1.1101011546090926,0.8745573439918358
2004-09-01,2004,8.0,0,12.76,22.25,0.5734831460674157,2.727100806183218,0.6826636010695736,0.6685947712742307,0.3670906657310156
2004-09-02,2004,13.0,0.1999999999999993,22.39,23.27,0.9621830683283198,1.0788404110545446,-0.25268469004856686,1.3647217784153514,-1.1656502496990366
2004-09-03,2004,9.0,0,8.24,22.2,0.3711711711711712,1.721821015931827,0.6946252727399164,0.5989591485722501,0.31256633092626745
2004-09-04,2004,12.0,0,22.17,23.09,0.9601559116500651,0.9266682133112768,-0.1644688728657786,0.7307073272446388,-0.1503742077611315
2004-09-05,2004,13.0,0.1999999999999993,23.25,23.57,0.986423419601188,1.1988093609709998,0.17770088522377184,1.2887403263177244,0.1300672187458408
2004-09-06,2004,13.0,0.1999999999999993,21.57,22.9,0.9419213973799128,1.1163514986267187,0.46725713524555496,0.731534004251226,-0.04951380936213745
2004-09-07,2004,14.0,1.1999999999999993,21.03,22.19,0.9477242000901307,1.5023517724051767,-0.1830174822726631,1.2013490032291299,-0.43876983677763093
2004-09-08,2004,9.0,0,8.24,20.75,0.39710843373493976,4.8018290284795775,-0.16187457464432575,1.5232524428052514,0.9351146548363598
2004-09-09,2004,12.0,0,22.13,22.79,0.9710399297937692,1.315160355476299,0.3067037834092066,1.0044668282403153,-0.3763525701169339
2004-09-10,2004,5.0,0,8.6,21.19,0.40585181689476163,1.736470703418265,0.5492066949756301,2.836338426181533,2.6020292138508334
2004-09-11,2004,12.0,0,20.19,22.25,0.9074157303370787,0.9672455965603839,-0.3289043441748822,1.2666361631294518,-0.5672915337884472
2004-09-12,2004,12.0,0,22.1,22.54,0.9804791481810117,1.8414793833639285,0.749099600029853,1.8064357586778355,0.25355694923764166
2004-09-13,2004,14.0,1.1999999999999993,21.43,21.72,0.9866482504604052,2.047602596253468,-1.0559329591560511,1.048930539830181,-0.5240530228618242
2004-09-14,2004,11.0,0,11.07,20.57,0.5381623723869713,4.644376578822758,1.0135935793003001,7.2732026591244265,7.112661097417309
2004-09-15,2004,8.0,0,21.38,22.19,0.9634970707525912,1.5249029922795898,0.5949401269931948,1.1865870538641956,0.588832928924577
2004-09-16,2004,13.0,0.1999999999999993,21.21,21.64,0.9801293900184843,1.0709240478652937,0.03451991892530004,0.938237271578194,-0.015254487739472467
2004-09-17,2004,11.0,0,15.01,19.27,0.7789309807991697,1.0671669803635815,-0.12648715480013353,0.3232587707682029,-0.08846841353523398
2004-09-18,2004,10.0,0,17.25,21.07,0.8186995728523968,1.4460760438107965,0.43083509887322174,1.2352445323019814,0.2287339213549778
2004-09-19,2004,13.0,0.1999999999999993,19.06,20.31,0.9384539635647464,1.1538185333445201,0.09981365734546517,0.9590165209467814,-0.0560788956659272
2004-09-20,2004,13.0,0.1999999999999993,19.36,19.75,0.980253164556962,1.5564734039151205,0.7131705101203619,1.9029081746531156,1.263509895949495
2004-09-21,2004,7.0,0,19.44,19.71,0.9863013698630138,1.2773341325585341,-0.3745083447544164,0.6506663601836125,-0.07067731028040687
2004-09-22,2004,5.0,0,5.99,18.9,0.31693121693121695,2.7884957422096543,0.6887496865226377,2.63006686671233,2.5410445082495525
2004-09-23,2004,7.0,0,17.86,19.97,0.8943415122684026,1.184723513959394,0.5284961930165161,1.0370503194194556,-0.08108904042575264
2004-09-24,2004,11.0,0,18.58,19.81,0.9379101463907117,0.8801470277589486,0.14576407977663433,0.5299798639821026,-0.35197390135101403
2004-09-25,2004,11.0,0,19.25,19.6,0.9821428571428571,0.9903739165843614,-0.20712473866393896,1.1358161603756993,-0.33376530526939224
2004-09-26,2004,13.0,0.1999999999999993,19.0,19.41,0.9788768675940237,1.025626099284028,-0.11185644488580464,1.2487956026747724,-0.5628478006949009
2004-09-27,2004,12.0,0,18.13,18.93,0.9577390385631273,1.9637273688183337,0.08766617400375047,1.6028570931976416,1.309131316169525
2004-09-28,2004,6.0,0,6.85,18.86,0.36320254506892896,3.3882948832701545,-1.1877432446214593,3.015224766749907,2.7339055731424713
2004-09-29,2004,9.0,0,19.6,20.17,0.9717402082300446,0.7894086239737687,0.25737212251789426,0.8716739742864344,-0.40513571452976826
2004-09-30,2004,12.0,0,19.19,19.57,0.9805825242718447,1.4764417797036415,0.07317567873154074,1.165018261061387,-0.7146301615063922
2005-05-01,2005,16.0,3.1999999999999993,24.67,26.31,0.9376662865830484,1.2919064881195734,-0.1937742040027509,1.5304429756037254,-1.1271188805176753
2005-05-02,2005,11.0,0,14.48,23.09,0.6271113035946297,1.2782223551689844,0.09640990897842094,0.9147995526171436,-0.6447887717305694
2005-05-03,2005,11.0,0,16.37,27.9,0.5867383512544804,2.0660020348677297,-0.7730117725769179,0.7447662524054027,-0.4728477300465415
2005-05-04,2005,16.0,3.1999999999999993,28.91,29.79,0.9704598858677409,1.7765815974261483,0.12223570114270403,2.481222491069872,-1.9374420497849492
2005-05-05,2005,18.0,5.199999999999999,28.37,29.11,0.9745791824115425,1.6611109633615344,-0.5047827157598322,2.0078708251772426,-1.4829565901115516
2005-05-06,2005,14.0,1.1999999999999993,25.8,27.72,0.9307359307359307,1.5697075765029296,-0.8951045262327333,1.8507520666359611,-1.5356004188505359
2005-05-07,2005,13.0,0.1999999999999993,25.54,27.79,0.9190356243252968,0.9890900303135512,0.36542936382658686,0.9526747197509565,-0.33588321262177107
2005-05-08,2005,8.0,0,21.48,26.3,0.8167300380228136,1.7661748942683853,1.3888502523566928,1.1357749217177584,0.6306890631332033
2005-05-09,2005,14.0,1.1999999999999993,27.34,29.01,0.9424336435711823,1.4931632850023702,-0.8756595928912306,1.498158013681508,-1.0140110645257714
2005-05-10,2005,10.0,0,24.6,28.42,0.8655876143560872,1.494464536619698,-0.5674286394602803,0.5303211892865338,-0.40965811223899945
2005-05-11,2005,9.0,0,17.53,27.49,0.6376864314296109,1.8490973231617243,1.5224102996089,0.9027420808672989,0.45269203202597375
2005-05-12,2005,9.0,0,11.56,27.56,0.41944847605224966,0.7789377683798266,0.15127961926975786,1.0356955104233092,-0.04267585919957284
2005-05-13,2005,10.0,0,13.88,25.05,0.5540918163672655,3.761674772365098,1.1121215961387148,6.502694272770847,6.439335054609901
2005-05-14,2005,7.0,0,16.75,29.92,0.5598262032085561,1.5795453267144755,0.772407563082196,1.0331999247633543,0.17797570674782204
2005-05-15,2005,9.0,0,20.22,30.22,0.6690933156849769,1.1866957708524213,0.37075356791662256,1.0300804516924587,-0.8616516130589181
2005-05-16,2005,11.0,0,27.0,30.13,0.896116827082642,1.3022413945476965,0.1658123786229532,0.6201035002371782,-0.3990364732227487
2005-05-17,2005,10.0,0,17.37,28.54,0.6086194814295726,1.6376688045212036,-0.7052362555935797,1.6211932338415918,-1.3726146399273158
2005-05-18,2005,11.0,0,24.66,30.07,0.8200864649151979,1.335952899416085,-0.24242108744903934,1.6768282599591604,-1.220595514289532
2005-05-19,2005,14.0,1.1999999999999993,24.47,29.74,0.8227975790181574,1.7625573831200299,-0.6518580058566179,1.3036722545449653,-1.1063738549418864
2005-05-20,2005,7.0,0,18.09,28.97,0.6244390749050742,1.5780871384260495,1.052019575108034,0.6184090558883075,0.20059123817394386
2005-05-21,2005,11.0,0,28.56,30.69,0.9305962854349951,0.8942632869001071,0.02167414156101029,1.0289902720110091,-0.5361195619281863
2005-05-22,2005,12.0,0,24.41,30.43,0.8021689122576405,0.86631948836282,0.3210339986452257,1.1408972825956438,0.9518990003596137
2005-05-23,2005,8.0,0,18.06,29.12,0.6201923076923076,1.3105631706114425,0.9399240056780678,1.101011605826513,1.027866047738393
2005-05-24,2005,11.0,0,20.34,29.22,0.6960985626283368,1.1750860228725672,-0.42141726799628093,0.6270180467843858,-0.3516350649166604
2005-05-25,2005,7.0,0,10.36,28.15,0.3680284191829485,3.176139976032458,0.8198806604084029,1.0732032265717322,-0.28056849807390033
2005-05-26,2005,12.0,0,20.46,30.24,0.6765873015873016,1.2462082332813293,0.13379902576342975,0.6363837937056821,0.4777746603103979
2005-05-27,2005,10.0,0,16.41,29.2,0.561986301369863,4.541628478718509,0.04611874295936561,2.584494712149352,1.5144324189824205
2005-05-28,2005,10.0,0,20.0,29.83,0.670465973851827,1.9258099495825687,0.6895788776577584,1.5634838256900445,-1.0887900140737123
2005-05-29,2005,8.0,0,26.46,30.94,0.8552036199095022,1.287469909888461,0.41799474867326336,1.1971835572957963,1.0533514014006098
2005-05-30,2005,18.0,5.199999999999999,28.91,30.87,0.9365079365079365,2.169377892137877,-0.603227978550306,1.66081521819062,-1.0721563958271467
2005-05-31,2005,14.0,1.1999999999999993,26.43,30.47,0.8674105677715787,1.680104180387019,-0.37319879394554717,1.4988948800462545,-1.1839505624067215
2005-06-01,2005,13.0,0.1999999999999993,28.45,30.22,0.9414295168762409,1.0846136840511864,0.291712532882259,0.9611964837683383,-0.49775690063485517
2005-06-02,2005,8.0,0,21.76,29.56,0.736129905277402,2.0222405408014974,1.2621801112977271,3.338831311721774,3.2361348718436496
2005-06-03,2005,8.0,0,18.9,31.63,0.597533986721467,2.4787140339090077,0.5979034733626202,0.8286055873694956,-0.4264943817514168
2005-06-04,2005,15.0,2.1999999999999993,31.85,32.32,0.9854579207920793,1.655264364824579,-0.6403001051610969,1.656819853336824,-1.1673291038647229
2005-06-05,2005,16.0,3.1999999999999993,30.9,31.83,0.9707822808671065,2.2002207049198774,-1.5453567366900147,2.3881277600133184,-2.0042194286029296
2005-06-06,2005,15.0,2.1999999999999993,29.04,31.02,0.9361702127659575,2.362840074043946,-1.4657690808599144,1.578649931173356,-0.9866422317931386
2005-06-07,2005,9.0,0,21.29,30.57,0.6964344128230291,1.1057919481219294,0.6560039370955703,0.45904723874052916,0.24553751740355936
2005-06-08,2005,10.0,0,29.41,31.36,0.9378188775510204,0.9476109865637651,0.3746247240268083,0.7890984133911741,-0.4263835588626576
2005-06-09,2005,10.0,0,31.07,31.97,0.9718486080700657,1.1554785659562217,0.2933469204914492,1.2529609044995702,-0.7553717063149245
2005-06-10,2005,12.0,0,22.53,30.98,0.7272433828276308,1.1460360835781855,-0.39567701512822717,1.0574374859383466,-0.9347530345374508
2005-06-11,2005,13.0,0.1999999999999993,29.91,31.58,0.9471184293856872,1.104575803549046,-0.3014030031927293,0.7632790617846507,-0.2710269452034216
2005-06-12,2005,12.0,0,28.99,31.04,0.9339561855670103,1.1457516622269512,-0.0349884988223965,1.0976562856832746,-0.25810293592919525
2005-06-13,2005,7.0,0,23.82,29.98,0.7945296864576384,1.6598172575273908,0.4391455103879623,2.8124059241181123,1.9494065034800343
2005-06-14,2005,7.0,0,13.79,29.08,0.47420907840440163,1.2735539063006351,0.6066809899763581,0.4939543139749067,-0.04796146243022411
2005-06-15,2005,11.0,0,17.92,30.07,0.595942800133023,1.0206640908853677,0.22837760437898721,0.6350321855145958,-0.07140900245208155
2005-06-16,2005,11.0,0,27.21,29.28,0.9293032786885246,1.0565768331742593,-0.3956578005403137,1.104365890573552,-0.900733364172634
2005-06-17,2005,10.0,0,20.43,29.36,0.6958446866485014,1.8921024141148652,1.1372927696160915,3.07515877766731,2.7753364131574334
2005-06-18,2005,12.0,0,27.62,30.1,0.9176079734219269,0.9483211427831827,0.1987355630944926,0.8945789756678706,-0.3989452570676395
2005-06-19,2005,13.0,0.1999999999999993,26.95,30.55,0.8821603927986906,0.9091194907912206,0.09357156265520193,0.3874886781958719,-0.06724207439960021
2005-06-20,2005,9.0,0,17.58,29.78,0.590329079919409,5.01722169515368,0.462149124825157,6.940634636654674,6.789477555063049
2005-06-21,2005,10.0,0,23.48,28.87,0.8133010045029442,1.614974641324946,0.18020035608422433,1.2769544563592248,-1.0458945665398165
2005-06-22,2005,11.0,0,22.13,30.47,0.726288152280932,1.159613915285852,-0.7268631631565546,1.0020001985900342,-0.8811036405895004
2005-06-23,2005,10.0,0,23.86,30.42,0.7843523997370151,1.200852120552914,-0.3825746534554117,1.259821976269071,-0.07206663467302618
2005-06-24,2005,15.0,2.1999999999999993,28.83,31.02,0.9294003868471953,1.7778983676342315,0.10243236847596116,0.5673329725332612,0.10851180564556806
2005-06-25,2005,10.0,0,15.39,27.02,0.569578090303479,2.1800735848044073,0.6370826319069812,1.2474301327194748,-0.869911544876062
2005-06-26,2005,13.0,0.1999999999999993,20.84,29.59,0.7042919905373437,2.499065222056255,1.3313505151781182,3.790990374550901,2.788158122436942
2005-06-27,2005,11.0,0,27.45,30.81,0.8909444985394352,0.9659697562057102,0.019702921500532877,1.094964254578295,-0.5363875486447979
2005-06-28,2005,10.0,0,20.72,30.74,0.6740403383214053,0.9115758952581539,0.056113893164652436,0.712124518611663,-0.6239373378997926
2005-06-29,2005,7.0,0,16.67,29.99,0.5558519506502169,0.9718807076699494,0.605531119029132,0.7600569615286787,0.47885564013710535
2005-06-30,2005,11.0,0,28.4,31.17,0.9111324991979467,1.070724551032831,0.01537439734608507,1.3003241751263683,-0.6985675534031616
2005-07-01,2005,12.0,0,29.32,31.74,0.9237555135475741,1.1465824736002979,-0.26928270478283656,1.235193830417822,-1.0337825214077032
2005-07-02,2005,12.0,0,22.47,30.83,0.7288355497891664,0.8967387620901898,0.22854840905626692,1.1565174532974711,0.9670552853684704
2005-07-03,2005,9.0,0,23.57,30.13,0.7822768005310322,0.8326975582113704,0.32588124323507683,0.5339107971865604,0.1424525198191091
2005-07-04,2005,8.0,0,19.97,29.97,0.666332999666333,1.2993610001517328,0.23237792196943463,1.955768618399966,1.6454647854477589
2005-07-05,2005,9.0,0,21.49,29.18,0.7364633310486635,1.1185776296224406,0.5301828258509954,1.2857340010631826,1.1428618927267185
2005-07-06,2005,11.0,0,20.83,29.05,0.717039586919105,0.8164862334583375,-0.08157262246273363,1.0167241478506197,-0.5291944467279794
2005-07-07,2005,10.0,0,18.86,28.88,0.6530470914127424,0.7923058398996509,0.1580239563091066,0.7919744016491431,0.6398943694922412
2005-07-08,2005,6.0,0,10.78,26.66,0.40435108777194295,1.6567826806058443,0.5200509280229247,1.2023664606919306,0.8169245639544916
2005-07-09,2005,11.0,0,24.45,29.04,0.8419421487603306,1.101347935347033,-0.549175650748221,1.4229497744701887,-1.1975334483567093
2005-07-10,2005,12.0,0,27.72,29.81,0.9298892988929889,1.2385774398620617,0.9122682831203432,0.9993622584275973,0.6319766189760673
2005-07-11,2005,7.0,0,22.69,27.99,0.8106466595212577,1.0132099284106575,0.33541789144268197,1.0376035008812656,0.4789344653705019
2005-07-12,2005,11.0,0,24.79,28.87,0.8586768271562175,0.9562199708061027,0.10660777973384879,0.7538352261457947,-0.20121705911874757
2005-07-13,2005,13.0,0.1999999999999993,26.75,28.82,0.9281748785565579,1.0342116007427158,-0.011246900962183837,0.7722294946729693,-0.04297642684259865
2005-07-14,2005,9.0,0,15.95,28.53,0.5590606379249912,2.6866373012737195,0.1715355425883701,2.8727814683811004,2.301982406530524
2005-07-15,2005,9.0,0,21.96,27.83,0.7890765361121093,2.0509375450307505,1.2940891373324985,0.4835423855964976,-0.033060423938161186
2005-07-16,2005,7.0,0,5.99,27.26,0.21973587674247982,3.957153966477779,1.4906877986939528,3.9144869664654554,3.472727582868025
2005-07-17,2005,13.0,0.1999999999999993,27.89,29.8,0.9359060402684564,1.2111155147926582,-0.36030194238177543,1.0855089319958144,-0.8873002894923113
2005-07-18,2005,7.0,0,12.31,28.82,0.4271339347675226,1.933076440140717,1.1949184459578317,1.190198486691367,0.30240512239612194
2005-07-19,2005,12.0,0,30.26,30.64,0.9875979112271541,0.9109003635713416,-0.37194406608955405,0.8170141829226111,-0.5566103349261979
2005-07-20,2005,10.0,0,22.31,29.04,0.7682506887052342,0.6840242326979324,0.24240417237480574,0.382017660868996,-0.21694763986174634
2005-07-21,2005,9.0,0,24.2,29.32,0.82537517053206,1.4862025869615865,0.4443117009971916,1.1097878222819673,-0.5481481444064785
2005-07-22,2005,13.0,0.1999999999999993,27.92,29.2,0.9561643835616439,1.124415663917611,0.20217618747531985,0.6456164763669294,-0.07441099943603291
2005-07-23,2005,9.0,0,25.01,28.78,0.8690062543432939,1.016207602675907,0.1047027671888879,0.4413931901309013,-0.2214592269826602
2005-07-24,2005,9.0,0,24.17,28.19,0.857396239801348,1.3992997628560306,1.1430934414785086,0.624033141328395,0.4414602854900404
2005-07-25,2005,8.0,0,22.18,27.55,0.80508166969147,1.4650172840037956,0.9297572737557186,0.6119997201199104,0.27788350030482256
2005-07-26,2005,6.0,0,12.69,26.82,0.47315436241610737,2.0647314021550804,0.9241657040634972,3.511552782654058,2.955790176310916
2005-07-27,2005,12.0,0,23.47,27.52,0.8528343023255813,1.6718620912502244,-0.6147662490229195,1.2719532637680886,-0.9273702694230472
2005-07-28,2005,9.0,0,22.1,28.3,0.7809187279151943,1.6029961667146901,0.462364390806331,1.1303380308403381,-0.4083527907283499
2005-07-30,2005,11.0,0,27.04,28.61,0.9451240824886403,1.4676166576873695,-0.8793554529351891,1.3264845560220193,-1.1032260283168263
2005-07-31,2005,7.0,0,12.31,26.92,0.45728083209509657,1.8810291734647855,0.24418808404767742,1.146534518761635,0.263650240812425
2005-08-01,2005,13.0,0.1999999999999993,28.58,28.91,0.9885852646143203,1.1948151932812159,-0.5999234508653656,1.438808955688304,-1.1369526782964758
2005-08-02,2005,13.0,0.1999999999999993,28.14,28.59,0.9842602308499475,1.1036788921072505,0.10248971931768924,0.5566995782147246,0.02177364648539874
2005-08-03,2005,4.0,0,11.13,26.88,0.41406250000000006,1.7259922072588185,-0.008775439210595573,1.50804840632369,1.4528514038916462
2005-08-04,2005,7.0,0,14.65,26.72,0.5482784431137725,1.1303270165806298,0.43967903434485517,1.1216019249896094,1.079600469458083
2005-08-05,2005,7.0,0,4.34,26.03,0.16673069535151747,4.710368338381348,0.7696208598029469,4.353066011914875,3.9083131631057486
2005-08-06,2005,5.0,0,10.47,26.63,0.39316560270371764,1.484298801303176,0.8568083591757715,0.6154753504289986,0.26428104606847924
2005-08-07,2005,10.0,0,22.57,26.95,0.8374768089053803,1.1981839306145576,-0.08302284010406558,0.2003208422136033,-0.14532045105535296
2005-08-08,2005,10.0,0,26.1,27.48,0.9497816593886463,0.8343050941625526,-0.25479288784363474,1.2951182606081622,-0.9859610736909747
2005-08-09,2005,13.0,0.1999999999999993,19.45,26.67,0.7292838395200599,3.4730919645407186,0.5162817111491043,4.2352345206555855,3.7913998433631932
2005-08-10,2005,11.0,0,23.31,26.28,0.8869863013698629,1.1230213662740314,-0.06253065975015278,1.1673481012654805,-0.8516528563494253
2005-08-11,2005,11.0,0,24.55,26.93,0.9116227255848497,1.041858146933009,0.38996856396360347,0.6399595888807489,0.30595274984680526
2005-08-12,2005,3.0,0,10.65,26.28,0.4052511415525114,1.3359210171182643,-0.06193321082770723,1.6989002211479196,1.6112456601621588
2005-08-13,2005,5.0,0,16.48,26.81,0.6146960089518837,0.6571960323323821,-0.24484100382134666,0.9410576036904164,-0.7633568982928699
2005-08-14,2005,11.0,0,27.19,27.55,0.9869328493647913,0.9295458627472902,-0.16976599336480613,1.0085716898175718,-0.7223293375024996
2005-08-15,2005,11.0,0,26.71,27.11,0.9852452969383991,0.9690921581235937,0.11572711657468278,0.813522766777081,-0.5656214087959844
2005-08-16,2005,12.0,0,25.06,26.5,0.9456603773584905,1.2069662740694544,0.4337896397949237,1.114299164413505,-0.7643824515457514
2005-08-17,2005,11.0,0,23.05,25.95,0.8882466281310213,1.4959287955396974,0.8114174349416693,2.117216631272876,1.747235570560339
2005-08-18,2005,4.0,0,6.5,25.56,0.2543035993740219,1.440445361609377,0.4593945109964352,0.861184211988377,-0.0958300640137993
2005-08-19,2005,10.0,0,18.12,24.93,0.726835138387485,1.2762428133001071,0.7259152277955548,2.186089658897112,1.9172045394206343
2005-08-20,2005,11.0,0,23.22,25.48,0.9113029827315541,1.2548000976509215,0.041908139760149656,0.7747243481057116,0.04794199607698424
2005-08-21,2005,11.0,0,25.01,26.03,0.9608144448713024,1.2115874520173617,0.6187627496328506,0.9853301161117657,0.37071715317370685
2005-08-22,2005,14.0,1.1999999999999993,25.38,25.65,0.9894736842105263,1.9264616258992981,0.3252591573629358,1.382463409380537,0.9451593783384157
2005-08-23,2005,7.0,0,17.51,24.58,0.7123677786818553,1.492475930607037,0.49205701263726825,0.7645161628949991,0.13347624651099643
2005-08-24,2005,12.0,0,23.71,24.72,0.9591423948220066,1.4224327055829837,-0.7048565534639731,1.0771941570342511,-0.8527785936734098
2005-08-25,2005,12.0,0,21.74,24.49,0.8877092690894243,1.649575984725478,0.0800373106987348,1.1186521732497623,0.6370284923120183
2005-08-26,2005,11.0,0,18.21,23.83,0.7641628199748217,1.0474272639652435,0.5462494151837328,0.9172705839664737,-0.008758385185127912
2005-08-27,2005,15.0,2.1999999999999993,19.29,24.22,0.79644921552436,3.115904957090109,0.31201796104423485,3.131030991494442,3.0203880848929323
2005-08-28,2005,3.0,0,8.72,22.51,0.38738338516215015,1.072157483963285,0.07734813962758962,0.7668442228913417,0.5680491412191838
2005-08-29,2005,9.0,0,21.75,23.51,0.9251382390472139,1.000133516111981,-0.18989866811471656,1.1558284200128082,-0.9704371808548095
2005-08-30,2005,13.0,0.1999999999999993,23.85,24.43,0.9762586983217356,1.0436235053890464,0.2097580100138928,0.4559151285920366,-0.11746816307958537
2005-08-31,2005,10.0,0,22.39,23.85,0.9387840670859539,0.8117799317599195,-0.17902733949265034,1.033541377228463,-0.8661873165666586
2005-09-01,2005,13.0,0.1999999999999993,23.07,23.76,0.9709595959595959,1.0368048684278186,0.4346154205725659,0.837647850204359,-0.14134431601326605
2005-09-02,2005,11.0,0,19.62,23.03,0.8519322622666088,1.1932826672930708,-0.4571708818626699,0.5511401007778183,-0.07858366795318734
2005-09-03,2005,12.0,0,22.76,23.48,0.9693356047700171,1.279689997637148,0.3084192604679898,1.1220335888629112,-0.12726689715808348
2005-09-04,2005,15.0,2.1999999999999993,21.4,23.25,0.9204301075268817,0.8835478923390048,-0.3839578787668059,0.9306992076230004,-0.4235005595673324
2005-09-05,2005,16.0,3.1999999999999993,21.72,22.86,0.9501312335958005,1.3288363708095565,-0.4970696082654828,1.2517784867668944,-0.1449433881259529
2005-09-06,2005,11.0,0,21.62,22.65,0.9545253863134658,1.3304109790386862,0.5160837715674401,1.606078718624262,0.5459543132977623
2005-09-07,2005,13.0,0.1999999999999993,22.34,22.61,0.9880583812472358,2.3262634038669225,1.425590468578889,3.0873799749569155,2.950486190637863
2005-09-08,2005,9.0,0,9.28,21.01,0.441694431223227,4.217208795622622,-0.90796827946157,2.6190928864611998,2.1107908192143783
2005-09-09,2005,9.0,0,11.5,21.2,0.5424528301886793,3.9378054372477513,1.4631254253556742,6.315562803635199,5.93511465483636
2005-09-10,2005,12.0,0,19.55,21.81,0.8963778083447961,0.9432899522054976,-0.31829621659079277,0.7188481752255292,0.2903140965497328
2005-09-11,2005,9.0,0,15.1,21.92,0.6888686131386861,1.8439670558188812,1.0385720509561351,1.1311161618067178,0.25031925159816737
2005-09-12,2005,14.0,1.1999999999999993,22.35,22.72,0.9837147887323945,1.1872707116120764,0.1648893762404149,1.4567043899267322,-0.1618401227531887
2005-09-13,2005,13.0,0.1999999999999993,19.26,21.76,0.8851102941176471,1.287137659217548,0.22471901114345116,1.2161322060582733,-0.29475774943700017
2005-09-14,2005,10.0,0,20.76,21.42,0.969187675070028,1.0914130337567998,0.6267145529837727,1.220665517445444,0.5066287931939352
2005-09-15,2005,10.0,0,17.15,20.92,0.8197896749521987,2.0175112971572875,-0.12779371578760537,0.7723952897435589,0.16302524007634092
2005-09-16,2005,12.0,0,19.05,20.46,0.9310850439882697,1.6684611683377328,0.23284388568556355,1.530607323466556,0.2165827267201982
2005-09-17,2005,10.0,0,17.12,20.42,0.8383937316356513,1.7529390094505737,0.8225935304659298,1.7749827075227889,0.9754452658414318
2005-09-18,2005,14.0,1.1999999999999993,20.4,20.72,0.9845559845559846,1.662011571291128,0.25189513631498,1.694245726174947,0.7510402009551544
2005-09-19,2005,8.0,0,11.86,19.53,0.6072708653353814,1.547671892293967,0.49508775301605373,1.9062145020379038,1.0636490593045889
2005-09-20,2005,9.0,0,16.1,19.37,0.8311822405782138,1.057815151553969,0.8351274038032718,1.0329385151809478,0.832971020949231
2005-09-21,2005,12.0,0,18.39,20.13,0.9135618479880776,1.2961815058411417,-0.9198973296951091,0.8230469909248779,-0.5131703524568773
2005-09-22,2005,13.0,0.1999999999999993,19.62,20.14,0.974180734856008,1.1619336266298208,0.04595219401595093,1.451471646983372,0.2496945190030567
2005-09-23,2005,10.0,0,18.78,19.29,0.9735614307931572,2.175900675132957,-0.5808339602880569,0.8889160942647959,0.41542234983244103
2005-09-24,2005,13.0,0.1999999999999993,16.84,19.19,0.877540385617509,1.0479224391389002,-0.506033790091237,0.759398641088767,-0.6029748846002079
2005-09-25,2005,12.0,0,15.32,18.32,0.8362445414847162,1.6052854841653101,-0.8148165493856921,1.1305884181372456,-0.71910438086719
2005-09-26,2005,9.0,0,16.79,18.61,0.9022031166039763,1.4899837940163372,0.2707238104821048,1.2996607962712914,0.954192022961409
2005-09-27,2005,11.0,0,15.09,18.4,0.8201086956521739,1.812395559686276,-0.8060984155694464,1.3950516734878824,-1.0083290252501664
2005-09-28,2005,7.0,0,11.77,18.24,0.6452850877192983,1.9150464625322094,1.49211082372441,1.157777711825814,0.583104378876668
2005-09-29,2005,9.0,0,16.88,18.63,0.9060654857756307,1.0506069621871297,0.010051799734478969,0.7975376094090796,-0.39914164028629234
2005-09-30,2005,9.0,0,15.9,18.27,0.8702791461412152,1.2250831075088646,0.21477145733415823,1.0050347187895712,0.5948642854702312
2006-05-01,2006,9.0,0,11.04,24.48,0.4509803921568627,1.9699458059953108,-1.0621229897515476,1.4789469036444056,-1.2590043702911917
2006-05-02,2006,11.0,0,19.77,25.48,0.7759026687598116,1.833109843835619,0.8047432423117541,1.7870549154572088,1.688544561602764
2006-05-03,2006,2.0,0,10.66,26.74,0.3986537023186238,0.5905547000814886,0.23824028377389425,0.3495529830824126,-0.22233595091755257
2006-05-04,2006,7.0,0,10.46,25.45,0.41100196463654226,2.2081079014175944,0.12899895258326635,2.8367378159343763,2.6419524365524185
2006-05-05,2006,11.0,0,20.19,28.35,0.7121693121693122,1.3666908390761299,-0.637182030001379,1.72926603871949,-1.4618068050681696
2006-05-06,2006,4.0,0,13.0,26.13,0.4975124378109453,1.5901635465951,-0.184315578923638,0.7437616435083699,-0.6054096434811059
2006-05-07,2006,7.0,0,12.69,29.01,0.437435367114788,4.01024103371098,1.1390773497527777,4.798112389601042,4.485806475254943
2006-05-08,2006,6.0,0,24.02,30.16,0.7964190981432361,1.085046323611858,0.5843942178381547,0.7685330001424053,-0.6519832026500975
2006-05-09,2006,12.0,0,25.14,28.76,0.8741307371349095,1.1869877790625039,0.04465489404136101,1.1237272922600308,-0.6310571029268509
2006-05-10,2006,8.0,0,17.27,28.76,0.6004867872044506,1.1322745615616356,-0.020609578234891252,1.4472448144736219,0.9722735102088
2006-05-11,2006,10.0,0,25.69,29.23,0.8788915497776257,1.0806734276980785,0.35360403660248124,1.013635806562584,-0.7377495940452145
2006-05-12,2006,18.0,5.199999999999999,28.34,29.84,0.9497319034852547,3.3203730447274484,-1.947440761460484,2.4160572968131384,-2.0853517183991452
2006-05-13,2006,10.0,0,27.3,29.18,0.9355723098012337,1.1190544026767781,0.3621215961387154,0.2653179870300993,-0.22733161205676447
2006-05-14,2006,9.0,0,23.48,27.69,0.8479595521849043,1.3310182350668676,0.5182153673012766,1.3039888576368077,-0.3664121865623233
2006-05-15,2006,10.0,0,28.31,29.02,0.9755341144038594,1.5852095387544405,0.6202817421295806,0.9330484525770096,0.11668339289749774
2006-05-16,2006,15.0,2.1999999999999993,27.44,29.53,0.9292245174398917,1.4671315144718124,-0.0011649382414267901,1.3855008010913779,-0.9835345846976876
2006-05-17,2006,12.0,0,28.49,29.44,0.9677309782608695,1.2402083598244489,-0.21563970902115367,0.812265326768193,-0.2471375679127791
2006-05-18,2006,7.0,0,13.09,28.22,0.463855421686747,2.0772175804825372,0.9631562776839452,2.9287927497683555,2.526287703027874
2006-05-19,2006,10.0,0,29.67,30.54,0.9715127701375247,1.2598851267274518,0.718910948197653,0.6890389341786402,-0.36169561067277617
2006-05-20,2006,15.0,2.1999999999999993,27.47,28.4,0.9672535211267606,2.4778347655404507,-0.13404130004220657,1.271648112540544,-1.0644138545723565
2006-05-21,2006,14.0,1.1999999999999993,24.0,26.79,0.8958566629339306,3.252994512226145,-1.4307480622556834,0.6304722086034837,-0.09142489699950929
2006-05-22,2006,7.0,0,11.13,27.34,0.4070958302852963,2.4922076476878967,0.8902298221168775,0.7539054496311948,0.04138552798755176
2006-05-23,2006,13.0,0.1999999999999993,29.38,30.88,0.9514248704663213,1.350585913974524,-0.25387349077313925,1.188323020179009,-1.0588843390917766
2006-05-24,2006,7.0,0,13.17,28.81,0.4571329399514058,2.312642150821717,0.8151587082447908,0.8087242239312122,-0.11770716252272351
2006-05-25,2006,15.0,2.1999999999999993,30.94,31.69,0.9763332281476806,1.4397676810222977,-0.3598522464611686,1.136614580150044,-0.9107420196821673
2006-05-26,2006,10.0,0,24.08,30.17,0.7981438515081205,1.7770246417740103,0.6658181204184445,2.9476710287453916,2.509256661369776
2006-05-27,2006,13.0,0.1999999999999993,28.18,30.3,0.93003300330033,1.26322231835369,-0.5233789674861598,1.477737617548865,-0.8645711886561885
2006-05-28,2006,12.0,0,29.91,30.65,0.9758564437194128,1.1571993814965418,0.31003829209008504,0.9943113720364961,-0.1763734612853559
2006-05-29,2006,12.0,0,30.42,31.11,0.9778206364513019,1.3686798859755642,0.356158789676563,1.0059157107933847,-0.669972897899085
2006-05-30,2006,15.0,2.1999999999999993,31.16,31.61,0.9857639987345777,1.8492960123273574,-0.9555720647694265,1.5906091390893493,-1.3716586604326402
2006-05-31,2006,14.0,1.1999999999999993,19.63,29.5,0.6654237288135593,2.2232645087891028,-0.16486546061221383,1.2066182235049474,-1.0172838957400547
2006-06-01,2006,15.0,2.1999999999999993,28.47,31.6,0.9009493670886075,1.1637355937526113,-0.6537932312897016,1.3827151993753641,-1.0230528340658587
2006-06-02,2006,9.0,0,21.15,30.88,0.6849093264248705,2.67675930067414,0.767390404662306,3.7876619754206855,3.3906517308241053
2006-06-03,2006,12.0,0,17.57,29.27,0.6002733173898189,2.1147745328008734,0.5039663582132389,1.347254132067097,-1.139741572627124
2006-06-04,2006,8.0,0,12.17,28.62,0.4252271139063592,1.326234598814447,-0.3164933894192516,1.3312206069458996,-1.0892421887278516
2006-06-05,2006,10.0,0,29.38,30.92,0.9501940491591202,1.1512473607053288,0.20081870623540757,1.4016123880148552,-0.7734704762101643
2006-06-06,2006,12.0,0,29.63,31.0,0.9558064516129032,1.1458917236565294,-0.19761526468793114,1.1124787390315583,-0.7893137854345103
2006-06-07,2006,8.0,0,24.2,30.22,0.800794176042356,1.7588730244880029,1.231262758899766,0.8501299662971883,-0.24470739193757693
2006-06-08,2006,13.0,0.1999999999999993,27.91,30.48,0.9156824146981627,0.9707755929762689,-0.3850019753916535,1.4043465744609773,-1.1209652931881202
2006-06-09,2006,11.0,0,26.49,30.54,0.8673870333988212,0.9694051132528995,0.26018161254059374,0.8736829455644329,-0.7642422102797516
2006-06-10,2006,7.0,0,20.8,29.2,0.7123287671232877,1.1875013529160254,0.7275217411752016,1.4393639507431872,1.1075051742975983
2006-06-11,2006,7.0,0,22.27,29.87,0.7455641111483093,0.912972472166087,0.27039838289622226,0.5553274961283404,-0.3895273294685098
2006-06-12,2006,10.0,0,30.01,31.0,0.9680645161290323,0.9535182864010188,-0.03476836048257622,0.9687889758498144,-0.7428635577187741
2006-06-13,2006,12.0,0,31.18,31.83,0.979579013509268,1.2440153783076509,-0.5983696012396837,1.4798216688456114,-1.0867317083199417
2006-06-14,2006,12.0,0,25.42,30.39,0.8364593616321159,1.4140593462188344,1.1114531256737565,2.004147750523025,1.7511136834529477
2006-06-15,2006,7.0,0,4.35,27.34,0.15910753474762251,3.7764787374203808,1.2741190815745072,3.166369745787563,2.9545579075304933
2006-06-16,2006,9.0,0,19.25,30.45,0.632183908045977,1.5754205838445001,-0.03962910953298445,1.2425099861415816,-1.0551454797776103
2006-06-17,2006,10.0,0,24.09,31.59,0.7625830959164293,1.2940877387269407,-0.7793738970505754,1.453401668434513,-1.224663586842567
2006-06-18,2006,12.0,0,24.23,30.25,0.80099173553719,1.069233951439188,0.15706889642782595,0.5770177341957224,-0.3989452570676401
2006-06-19,2006,9.0,0,22.26,30.33,0.7339268051434225,0.8668933813867026,-0.41305817661940597,0.7793796334395647,-0.5465522053535695
2006-06-20,2006,11.0,0,25.57,30.87,0.8283122772918691,0.7242403844797868,0.023182263675191717,0.6736905130493427,-0.3869348401081248
2006-06-21,2006,9.0,0,29.2,30.73,0.9502115196876016,1.4437391839960627,0.6705136538091354,0.96844132701194,-0.3746384432191678
2006-06-22,2006,13.0,0.1999999999999993,29.88,31.3,0.9546325878594248,0.9873570226017432,-0.41583828373047355,1.1992028934860393,-1.0564558176663799
2006-06-23,2006,10.0,0,22.45,30.37,0.7392163319064866,1.0319161576342233,0.3464841893367237,1.3394646753405401,1.2924174000317852
2006-06-24,2006,11.0,0,17.31,29.04,0.5960743801652892,2.2833994177778805,0.48067262577126096,3.5198151843853864,3.2906864352511946
2006-06-25,2006,12.0,0,22.73,28.74,0.7908837856645791,1.0763934742964734,0.4275779818120447,0.5456923540853449,0.1227728128153925
2006-06-26,2006,10.0,0,27.69,29.59,0.9357891179452518,0.8281214110583864,0.1362952680857319,0.8087859469728013,-0.5347501622279923
2006-06-27,2006,12.0,0,29.16,30.42,0.9585798816568046,1.1067492807945447,-0.6375968129085091,1.1557842080282863,-0.37302884094584005
2006-06-28,2006,5.0,0,20.43,29.39,0.6951343994555971,0.7057029031201496,-0.328730957279648,0.8984363327253326,-0.5157826818090901
2006-06-29,2006,12.0,0,26.29,30.46,0.8630991464215364,1.021110840303825,-0.05718474833101217,0.8338901182394952,-0.03624747405067789
2006-06-30,2006,10.0,0,22.73,29.43,0.7723411484879374,1.6027584977081475,0.6388289601731488,0.7958132488410503,-0.19566747279075555
2006-07-01,2006,12.0,0,28.59,30.8,0.9282467532467532,1.0742248536999077,0.06405062855049619,0.991716064888856,-0.5337825214077044
2006-07-02,2006,9.0,0,23.74,29.68,0.799865229110512,1.079399245868631,0.5359946401255339,0.9431957785800865,0.6419581306930192
2006-07-03,2006,4.0,0,6.45,28.7,0.22473867595818817,2.283268039201003,0.9087249969933678,2.913569861066002,2.8225714902899743
2006-07-04,2006,13.0,0.1999999999999993,25.64,29.8,0.8604026845637583,1.2524138922504284,-0.5182192101330031,0.897374282166256,-0.20111972364739414
2006-07-05,2006,11.0,0,27.19,30.36,0.8955862977602108,1.1141464753520434,-0.41218395358952425,1.3007002123304388,-1.0290947237043813
2006-07-06,2006,15.0,2.1999999999999993,25.74,29.96,0.8591455273698264,3.8083731888168164,-1.6339626669946374,1.1127898862228467,-0.7064772758411854
2006-07-07,2006,9.0,0,17.72,29.77,0.5952300974135035,2.8237994768442007,0.19222156067819554,0.9233812648948226,-0.5240950674569836
2006-07-08,2006,11.0,0,24.19,31.02,0.7798194713088331,1.1518792676318768,0.16241625275986019,1.291859612902424,-0.8634160771945449
2006-07-09,2006,12.0,0,25.15,30.86,0.8149708360337006,1.54332561779525,0.12438413857769855,1.2461764177571126,0.9663271472472257
2006-07-10,2006,11.0,0,22.94,29.78,0.7703156480859638,1.2562945054849803,0.3640237039714262,0.8751308193258202,-0.36513254371638304
2006-07-11,2006,14.0,1.1999999999999993,28.65,30.93,0.9262851600387972,1.657990518295937,0.04583578288536461,0.9950270599737707,-0.20879773592566409
2006-07-12,2006,9.0,0,21.35,29.4,0.7261904761904763,1.0677441611866167,0.5114669712973906,1.318299192826609,1.1383981637513276
2006-07-13,2006,13.0,0.1999999999999993,22.24,27.65,0.8043399638336347,1.1413055827451257,-0.052913567628850945,0.49052777467438347,-0.042976426842600425
2006-07-14,2006,5.0,0,9.28,28.0,0.3314285714285714,1.37688351563306,-0.2658135874509055,0.8597647585541676,0.3159161517762155
2006-07-15,2006,9.0,0,20.8,27.84,0.7471264367816092,1.1127143347988153,0.4190891373324985,0.8947212187843485,-0.19972709060482785
2006-07-16,2006,12.0,0,27.6,29.69,0.9296059279218593,1.3140274377228223,-0.6945352022389386,1.2131502368094615,-1.046752715083386
2006-07-17,2006,7.0,0,23.09,29.25,0.7894017094017094,0.6473172150836148,0.2803502361534031,0.580203418240502,0.3042742030938837
2006-07-18,2006,13.0,0.1999999999999993,29.01,29.48,0.9840569877883311,1.1718914854456817,0.09413425677883103,1.0346285642674156,-0.557438106026248
2006-07-19,2006,11.0,0,23.28,29.44,0.7907608695652174,1.660420537943393,0.5826623838623535,1.9637870077883484,1.6147738596509864
2006-07-20,2006,7.0,0,8.9,27.64,0.3219971056439942,2.3081222954253464,1.0238495873290305,0.480632724358752,-0.20186334790322333
2006-07-21,2006,11.0,0,22.07,28.58,0.7722183344996502,1.138754653367276,0.4087883752928647,0.8024206154093021,0.10781893461430414
2006-07-22,2006,10.0,0,28.85,29.27,0.9856508370345064,0.8464888179690787,0.11064834933998953,1.0390665698249377,-0.5572392303354098
2006-07-23,2006,12.0,0,27.91,29.22,0.9551676933607118,1.1566869376606697,-0.013174088192594802,0.9428686798208603,-0.4063900804213271
2006-07-24,2006,11.0,0,20.84,27.79,0.7499100395825837,2.1733250170625067,-0.14455246041515565,0.641781637228192,-0.07154853995661507
2006-07-25,2006,7.0,0,15.17,26.68,0.5685907046476761,1.744718439643256,0.3447876145362548,0.6877190545091507,0.1181480627667207
2006-07-26,2006,12.0,0,26.59,28.51,0.9326552086987021,1.1060604066510518,0.3066647414603274,0.7123962393825944,-0.2550863140448367
2006-07-27,2006,7.0,0,14.87,26.64,0.5581831831831832,1.1756422034914944,0.6309696880699643,0.34116227150181916,-0.22152154605233262
2006-07-28,2006,13.0,0.1999999999999993,28.54,29.04,0.9827823691460055,0.999942325909664,-0.28584402809455894,1.1502251162432473,-0.9416947717928021
2006-07-29,2006,11.0,0,22.45,28.3,0.7932862190812721,1.1081063917597624,0.45867414197402345,0.9653178306703946,-0.2639554663024093
2006-07-30,2006,14.0,1.1999999999999993,28.36,28.66,0.9895324494068388,1.1050068711865186,-0.1722099704023612,1.3885714864848118,-0.46471191482747426
2006-07-31,2006,12.0,0,28.16,28.54,0.9866853538892782,1.8793945794333002,1.1983700488436384,1.36014631402917,0.2138766032974916
2006-08-01,2006,6.0,0,27.09,27.84,0.9730603448275862,1.2374960705915177,0.7423430226775231,0.6279409275975231,0.2701244048888049
2006-08-02,2006,9.0,0,21.25,26.52,0.8012820512820513,2.0107532203647502,1.1510826261942977,0.78818903292649,-0.266977219099853
2006-08-03,2006,14.0,1.1999999999999993,26.5,27.73,0.9556437071763433,1.3590977111250238,0.05261929609624616,1.3959757350700945,-0.8316867530459066
2006-08-04,2006,14.0,1.1999999999999993,21.09,26.25,0.8034285714285714,3.779034656059616,-0.03730859797695585,3.5727908242675834,3.159200938916167
2006-08-05,2006,9.0,0,15.31,25.3,0.6051383399209486,0.8892692792249298,0.3466553911752168,0.3034506476865141,0.21545025732643808
2006-08-06,2006,13.0,0.1999999999999993,25.69,26.59,0.96615268898082,1.35244701249506,0.3693684005236723,1.0668276366018825,-0.6795359468886198
2006-08-07,2006,11.0,0,22.78,25.72,0.885692068429238,0.9348957600615915,0.20450820921886104,0.7889081999915791,-0.32651916282755583
2006-08-08,2006,11.0,0,25.3,26.35,0.9601518026565464,0.8287067038194406,-0.21777217662799883,1.2107256367993393,-0.8345571810600733
2006-08-09,2006,12.0,0,23.78,26.84,0.8859910581222057,1.0214529757685729,-0.14522713842646814,1.2265706631688122,-0.5258873240750012
2006-08-10,2006,9.0,0,21.24,25.85,0.8216634429400386,3.810417446962962,-1.0928281155531556,1.6213287521201536,1.515314329653501
2006-08-11,2006,14.0,1.1999999999999993,24.87,26.61,0.9346110484780158,1.6594189357574363,0.2879902935294343,1.6753509453794264,-1.2469692274677033
2006-08-12,2006,11.0,0,24.81,26.42,0.9390613171839515,0.9127214600958816,-0.1159773285904843,1.248387050950334,-0.8698770238498638
2006-08-13,2006,15.0,2.1999999999999993,25.74,26.35,0.9768500948766602,1.2188006863759855,-0.6511896781307049,1.3703307957097839,-1.1234040282119426
2006-08-14,2006,15.0,2.1999999999999993,26.11,26.63,0.9804731505820503,1.447264504610279,-0.0761960515580687,0.3451912114162719,-0.1365097026549217
2006-08-15,2006,5.0,0,12.68,25.07,0.5057838053450339,1.8291009901308992,0.16623959844303796,1.8639624893107087,1.5610811778200067
2006-08-16,2006,13.0,0.1999999999999993,25.11,25.51,0.9843198745589964,1.1790582967817247,-0.5335334457777224,0.9878151131885674,-0.619747655841231
2006-08-17,2006,9.0,0,5.32,23.85,0.2230607966457023,5.927892351542367,2.372220325558336,6.902653283935195,6.79319273954937
2006-08-18,2006,11.0,0,23.21,25.62,0.9059328649492584,0.8897281370228144,0.22166823857352935,0.6754514869340239,-0.4301993427046167
2006-08-19,2006,13.0,0.1999999999999993,26.63,26.99,0.9866617265653946,1.1443565984782984,0.19368979613422047,0.52175602621419,-0.3243007654198428
2006-08-20,2006,14.0,1.1999999999999993,25.42,26.23,0.969119329012581,0.9146838757724861,-0.28378357969920404,1.1428187814838426,-0.8632253383262635
2006-08-21,2006,13.0,0.1999999999999993,24.67,25.51,0.9670717365738926,1.3090561946255648,0.46990143138427776,1.0905457861157362,-0.01642518261289183
2006-08-22,2006,11.0,0,24.01,25.43,0.9441604404246953,1.1277347837134937,0.6543702903089739,1.3373220187665604,0.028339511551611924
2006-08-23,2006,10.0,0,14.81,24.15,0.6132505175983437,1.1200116439581187,0.20293858948181112,0.442096909072338,0.21448987596808897
2006-08-24,2006,13.0,0.1999999999999993,24.93,25.16,0.9908585055643879,1.2767791404139999,0.4898776226362509,1.5939817051373166,0.617823190187139
2006-08-25,2006,11.0,0,19.13,24.16,0.7918046357615893,1.963469317320336,0.8858675348071733,1.4592918099104608,1.1672761179526827
2006-08-26,2006,10.0,0,21.94,23.92,0.9172240802675585,1.4103253330472802,0.39431765016702974,0.8990295584142327,0.35567419528624633
2006-08-27,2006,13.0,0.1999999999999993,24.9,25.37,0.9814741821048482,0.8039155868846247,0.17597112179389196,0.8100051112214542,-0.08233032642612532
2006-08-28,2006,13.0,0.1999999999999993,23.47,24.54,0.9563977180114099,1.3510245560647,-0.4981580616137789,0.8760080009040432,-0.7606759436057597
2006-08-29,2006,12.0,0,18.64,23.86,0.7812238055322717,2.2631884826586015,0.13569066473593358,0.9789300104249752,0.42830598108247625
2006-08-30,2006,12.0,0,16.02,23.43,0.6837387964148527,1.4706250411209336,-0.16295835516538718,1.3082638565003515,0.7505422084393564
2006-08-31,2006,13.0,0.1999999999999993,16.18,22.93,0.7056258177060619,4.462432577714036,-0.6320221084546168,3.645331426958487,3.5934768866733227
2006-09-01,2006,9.0,0,19.45,23.18,0.8390854184641933,0.8509708553204257,-0.2891298027316196,1.1265725685090893,-0.8286229880091849
2006-09-02,2006,9.0,0,17.14,22.96,0.7465156794425087,0.7078428774163361,0.12216321786993678,0.6539728644127859,-0.0036896677192738516
2006-09-03,2006,12.0,0,22.77,23.02,0.9891398783666377,1.363883706447426,-0.6082474061986778,1.0948460751644202,-0.460600230491418
2006-09-04,2006,13.0,0.1999999999999993,23.31,23.61,0.9872935196950444,1.2386929370154853,-0.30220793937567714,1.1972100731351583,-0.6781449294027997
2006-09-05,2006,12.0,0,22.71,22.97,0.9886808881149326,0.9995188994139663,0.002197793800888063,1.1608761625853707,-0.48370754109446484
2006-09-06,2006,13.0,0.1999999999999993,22.13,23.15,0.9559395248380129,1.2391431390069039,-0.23477978511726785,1.2163903653385653,-0.20326611458749255
2006-09-07,2006,13.0,0.1999999999999993,23.06,23.38,0.9863130881094953,1.8771024292126448,1.0922571352455546,1.6994256763065267,0.7838195239711959
2006-09-08,2006,12.0,0,21.23,22.5,0.9435555555555556,2.674523873115509,-1.3911799281709818,2.1975064638502553,-1.852278907714161
2006-09-09,2006,9.0,0,18.49,21.28,0.8688909774436089,2.1428946740528376,1.0881254253556747,2.984678648698726,2.9351146548363602
2006-09-10,2006,10.0,0,22.28,22.6,0.9858407079646018,1.658519401250536,0.977808708396561,1.7929588675271964,0.7141506360136655
2006-09-11,2006,11.0,0,19.07,21.68,0.8796125461254612,1.1701955070270653,-0.4250786043869474,0.5959843804184266,0.15779760380516628
2006-09-12,2006,11.0,0,20.27,20.95,0.9675417661097853,1.3909889135561082,0.7783654622841362,1.2448540414902143,0.6466494273605902
2006-09-13,2006,13.0,0.1999999999999993,21.32,22.0,0.9690909090909091,1.8517866606816868,-0.3169476555232162,1.0517382573106258,-0.7947577494370007
2006-09-14,2006,11.0,0,21.3,21.91,0.9721588315837517,2.945295145780535,-1.1481139917178498,0.8649926727842655,0.29062500584666157
2006-09-15,2006,7.0,0,14.86,20.87,0.7120268327743171,1.67452461093056,0.043068224211707896,1.7392256551885652,1.6942129691055665
2006-09-16,2006,12.0,0,18.66,20.4,0.9147058823529413,1.1545638815874744,-0.017156114314436016,0.891419150457252,-0.45008393994646784
2006-09-17,2006,13.0,0.1999999999999993,20.76,21.36,0.9719101123595507,1.2681832847499246,0.32618658559196595,0.8554233393253219,-0.515254487739473
2006-09-18,2006,9.0,0,20.22,20.71,0.9763399323998068,1.523548018715862,0.7601468733453438,1.4285669759011514,1.0185258434711706
2006-09-19,2006,12.0,0,15.67,20.23,0.7745921898171033,4.339859212513635,0.7996452806046818,6.212420396657417,6.178806922290218
2006-09-20,2006,4.0,0,8.67,18.02,0.4811320754716981,0.6593009555148,0.13968625354219477,0.46670293790666906,-0.3890499166151565
2006-09-21,2006,13.0,0.1999999999999993,19.41,19.94,0.973420260782347,1.5103834326921346,-0.4896109960585902,1.2077041321798376,-0.9031567707171725
2006-09-22,2006,7.0,0,11.63,18.25,0.6372602739726028,0.9313633235657939,0.17538451472653752,0.9510500977990128,-0.07067731028040598
2006-09-23,2006,14.0,1.1999999999999993,19.74,20.2,0.9772277227722772,1.1156292715351257,0.011832455596719008,0.7797088333975608,0.18159128976541586
2006-09-24,2006,17.0,4.199999999999999,19.52,19.85,0.9833753148614609,1.469637196955206,-0.12327495627315528,0.9075531677286548,-0.006454336272066523
2006-09-25,2006,12.0,0,19.12,19.48,0.9815195071868583,1.0465606736606161,0.06018345061430782,1.3842073092580525,0.28089561913281
2006-09-26,2006,10.0,0,16.59,18.61,0.8914562063406771,1.52067466622995,0.5739523820171534,1.7647781916005396,0.22688002551267536
2006-09-27,2006,15.0,2.1999999999999993,18.71,19.3,0.9694300518134715,1.3631149390833177,0.28262863517638354,1.2675394452203472,0.41288466253765205
2006-09-28,2006,14.0,1.1999999999999993,18.63,18.96,0.9825949367088607,1.421719410416788,0.1925549807821524,0.9004663039247919,-0.16712457557999785
2006-09-29,2006,10.0,0,16.82,18.25,0.9216438356164384,1.351577144158772,0.3537612589642354,1.3731403367991093,1.1120648441263412
2006-09-30,2006,7.0,0,12.44,17.42,0.714121699196326,0.6641586597515347,-0.267453781668602,0.34775771993968,-0.25955000018981994
2007-05-01,2007,6.0,0,8.7,24.52,0.3548123980424143,2.780055959035212,0.6252513401656348,1.4257572049740008,0.32733041980587174
2007-05-02,2007,13.0,0.1999999999999993,28.7,29.22,0.9822039698836413,1.2239431539744343,0.208635953035104,1.1990645933511852,-1.034750366590672
2007-05-03,2007,8.0,0,23.12,27.69,0.8349584687612857,1.7864730117178365,-0.42203886490442494,1.3030978135830125,1.1106561963297878
2007-05-04,2007,11.0,0,23.6,25.95,0.9094412331406552,2.0541909397961526,-0.6841921221310581,1.5915242660547577,-1.1340747425604853
2007-05-05,2007,8.0,0,12.1,25.11,0.48187972919155714,2.583791191867919,0.9608373115141484,4.192061236611007,3.9520192932837546
2007-05-06,2007,13.0,0.1999999999999993,28.16,28.68,0.9818688981868898,1.3162530974113116,0.4843077018315099,1.1529774295793316,-0.8425813413135929
2007-05-07,2007,6.0,0,14.05,25.77,0.5452076057431122,2.063353768732366,0.39301868074047647,0.9143311347261859,0.34497697878995126
2007-05-08,2007,8.0,0,12.41,26.28,0.4722222222222222,3.1600969308361964,-0.027816414309973874,3.705260512980161,3.2973557297998703
2007-05-09,2007,4.0,0,10.04,29.0,0.3462068965517241,0.8701405631585748,0.07124011631679132,0.8133298074423226,0.7340920768021606
2007-05-10,2007,10.0,0,27.07,29.65,0.9129848229342328,1.1532369669017797,-0.5369372494807005,1.2780489981657897,-1.0763247789056667
2007-05-11,2007,14.0,1.1999999999999993,26.91,27.74,0.9700793078586879,2.5056543599782737,0.13671231791014038,2.0690814670268836,-1.1661827649966339
2007-05-12,2007,14.0,1.1999999999999993,25.33,25.76,0.9833074534161489,2.0674710670888645,-0.31560207372852433,2.137307742747198,-1.8256439291252597
2007-05-13,2007,7.0,0,6.61,24.01,0.275301957517701,3.9687363261755735,-0.050681549369566405,2.0348351649514713,1.6742012048935975
2007-05-14,2007,10.0,0,27.61,29.74,0.9283792871553463,1.354547527941444,-0.7587647255469624,1.6398195326139458,-1.388606133217398
2007-05-15,2007,14.0,1.1999999999999993,29.29,29.54,0.9915368991198376,1.6446431005208515,0.2017277723147465,1.6820865397603573,-1.4699765832768357
2007-05-16,2007,13.0,0.1999999999999993,26.6,26.91,0.9884801189149016,1.646842400431991,-0.0843429464759035,1.7191449769511398,-1.2746188622935506
2007-05-17,2007,8.0,0,24.4,26.58,0.9179834462001505,0.6004021215252001,0.0024776621918031574,0.45312497778291494,-0.1647583786085196
2007-05-18,2007,5.0,0,10.24,26.02,0.393543428132206,2.737652773653209,0.8367782935837703,3.7207850571327623,3.5663959783532437
2007-05-19,2007,6.0,0,13.2,25.84,0.5108359133126935,0.6248203120729565,0.04801323558525835,0.47881700642229225,-0.2836840330703326
2007-05-20,2007,11.0,0,21.73,26.63,0.8159969958693204,1.1625322706439123,-0.02539781054451873,0.5555714021713797,-0.0419280542980894
2007-05-21,2007,11.0,0,10.6,26.38,0.40181956027293403,4.352695620210416,-2.6033258584389896,1.8623290352973256,-1.369452895261519
2007-05-22,2007,6.0,0,11.5,31.05,0.37037037037037035,2.3201893070930173,0.9730169993226129,3.4507047212348856,3.0592828335131403
2007-05-23,2007,15.0,2.1999999999999993,29.06,30.83,0.9425883879338307,1.6592597805913116,-0.3090022328806885,1.8158146872077447,-1.4269178271571796
2007-05-24,2007,12.0,0,29.1,30.61,0.9506697157791572,1.1780483037708884,-0.22975520856778253,1.3403451904737116,-1.0923203501585412
2007-05-25,2007,11.0,0,25.41,30.17,0.8422273781902552,2.1674231836084785,0.6666639081506988,2.9770323326405443,2.487678074455299
2007-05-26,2007,12.0,0,26.11,30.43,0.85803483404535,1.446712629905169,-0.157867640903237,1.3125942387005611,-0.8555586730229354
2007-05-27,2007,13.0,0.1999999999999993,23.63,29.72,0.7950874831763123,3.021080609107446,1.268287699180507,4.619945396160196,2.968762144677145
2007-05-28,2007,8.0,0,6.38,26.94,0.236822568671121,5.058530821295202,0.8316921947267232,6.222438460058163,6.049084359143095
2007-05-29,2007,8.0,0,26.99,31.98,0.8439649781113195,1.2279724787973783,0.4300996717258813,0.7383874555928537,-0.6133152652660566
2007-05-30,2007,14.0,1.1999999999999993,31.5,31.77,0.9915014164305949,1.7097217769605173,-0.5029783715625754,2.2068777426981603,-1.8579925275149083
2007-05-31,2007,14.0,1.1999999999999993,28.97,29.63,0.9777252784340196,1.2510785865876601,-0.2898654606122146,1.5825195421955192,-1.1839505624067221
2007-06-01,2007,11.0,0,21.18,29.13,0.7270854788877447,3.415590692001915,1.4455516303875522,6.085283585074451,5.527539032796148
2007-06-02,2007,9.0,0,28.14,31.19,0.9022122475152292,1.1726477574714191,0.18557762520994267,1.0199957113989144,-0.442681602509228
2007-06-03,2007,15.0,2.1999999999999993,27.94,30.61,0.9127736033975825,1.8229113196928415,0.06377734588824557,1.2259878758438778,-0.6746769657839055
2007-06-04,2007,13.0,0.1999999999999993,26.33,29.76,0.8847446236559139,1.2738091012951518,0.5117399088603833,0.7737227337690687,0.35498144331724113
2007-06-05,2007,13.0,0.1999999999999993,22.52,28.38,0.7935165609584215,3.3011785591749114,-0.90143568189397,1.222342154910148,-0.8055116190732138
2007-06-06,2007,5.0,0,14.21,28.49,0.49877149877149884,1.5101105657491496,0.22849950766447807,0.6957174302336584,0.28223036718006494
2007-06-07,2007,7.0,0,12.83,26.5,0.48415094339622644,1.020198026963412,0.30652158070396246,0.6023136984785479,0.26504769872128736
2007-06-08,2007,11.0,0,21.49,25.91,0.829409494403705,1.5462288978548908,1.0495871964294887,1.1008568519402049,-0.10235524808225686
2007-06-09,2007,10.0,0,25.17,30.59,0.8228179143510952,1.1933381103209044,-0.1649864128418841,1.4098684723393902,-0.7553717063149245
2007-06-10,2007,12.0,0,29.02,31.13,0.9322197237391584,1.1605757267819037,-0.1040103484615605,1.119600852704468,-0.7680863678707842
2007-06-11,2007,12.0,0,24.91,28.59,0.8712836656173487,1.377722663791057,-0.5434788272552268,1.314102769035115,-0.7629992314698241
2007-06-12,2007,11.0,0,13.16,28.45,0.46256590509666085,3.205392130841133,-1.8590785298641668,0.8307591552668536,-0.5838165801573171
2007-06-13,2007,11.0,0,27.34,29.96,0.9125500667556742,1.4997762054707295,-0.31586657891415504,1.1166679697556974,-0.9128373992932813
2007-06-14,2007,11.0,0,15.75,29.38,0.5360789652825051,2.862484884475609,0.22716536520094252,3.663723951383583,2.5912986542763132
2007-06-15,2007,9.0,0,19.11,30.73,0.6218678815489749,3.0205592694677845,-0.12375165702325264,1.4168799693061724,-0.891758880794128
2007-06-16,2007,11.0,0,26.83,31.98,0.8389618511569731,1.6479678014203394,-0.520657800540314,1.311338084638149,-1.0674000308393012
2007-06-17,2007,11.0,0,27.58,31.14,0.8856775850995503,0.7799961478612093,-0.22814462008896644,0.7995739524146882,-0.39712994552682207
2007-06-18,2007,10.0,0,22.28,30.94,0.7201034259857789,0.8932286488101945,0.7211685248009662,0.6055967031365032,0.2786567302214114
2007-06-19,2007,10.0,0,23.38,30.47,0.7673121102723991,0.9457935356378906,-0.11173130735489571,1.0557133653738617,-0.8850580059484111
2007-06-20,2007,12.0,0,24.11,29.81,0.8087889969808789,1.0832720057991294,0.19953216643354196,0.6803998586778623,-0.5584743710270447
2007-06-21,2007,12.0,0,29.09,30.09,0.9667663675639747,0.9669268387747595,-0.3420929060322641,0.9368508582128547,-0.7217401465144467
2007-06-22,2007,11.0,0,18.56,29.4,0.6312925170068027,1.6615662683097285,0.8981368368434454,2.506726472021613,2.2855630260771664
2007-06-23,2007,10.0,0,24.33,29.65,0.8205733558178752,0.7394412029640387,-0.02851581066327628,0.936243085549692,-0.7075825999682147
2007-06-24,2007,10.0,0,28.61,30.91,0.9255904238110644,1.2375675151353032,0.5127326900950854,1.6146183368207203,1.4612300926526014
2007-06-25,2007,10.0,0,25.32,29.15,0.8686106346483705,0.872620449493721,0.34541596524031454,0.6219386618763144,0.29675512179060465
2007-06-26,2007,7.0,0,13.13,28.2,0.46560283687943266,3.3523934725716136,-0.3087599790066545,1.923442553787487,-0.024325113559595952
2007-06-27,2007,11.0,0,31.03,31.71,0.978555660674866,0.9940014384002116,-0.48029707849946685,1.2385646441105018,-1.0363875486447978
2007-06-28,2007,12.0,0,30.54,31.1,0.9819935691318328,0.7085963402493994,-0.013954297471156618,0.7302055780417609,-0.5378784363418182
2007-06-29,2007,10.0,0,9.59,29.31,0.32719208461276017,6.419782300841651,1.0079015986130455,7.842299388402148,7.636460438291102
2007-06-30,2007,13.0,0.1999999999999993,28.01,30.95,0.9050080775444266,1.092314233887974,0.15832125746961564,0.6630415030234884,-0.3710343812946479
2007-07-01,2007,14.0,1.1999999999999993,24.37,30.81,0.7909769555339177,2.98340053775362,0.9989763021446424,4.780583075763617,3.7559786066784597
2007-07-02,2007,13.0,0.1999999999999993,28.61,30.53,0.9371110383229609,1.27568278479906,0.15384410981095575,0.833064160258829,-0.7023567741841562
2007-07-03,2007,9.0,0,17.96,29.33,0.6123423116263212,1.8097087058159924,0.9925479099017437,3.1061557624766833,2.8091191864857756
2007-07-04,2007,9.0,0,18.31,29.9,0.6123745819397993,1.6138427895412717,1.0174247478650273,1.2706294494340917,1.0966905218986498
2007-07-05,2007,11.0,0,28.7,30.96,0.9270025839793281,1.1585517372954222,-0.49551728692285774,0.7732645915558035,-0.3624280570377139
2007-07-06,2007,11.0,0,23.65,30.11,0.785453337761541,0.6951503458208462,0.001760710870599702,0.7258458526073209,0.47080555327202056
2007-07-07,2007,10.0,0,20.09,29.12,0.6899038461538461,1.016761410723812,0.11635728964243992,1.7065904941551506,1.1398943694922412
2007-07-08,2007,8.0,0,27.3,30.11,0.9066755230820326,1.0581781980067413,0.6825148504920203,0.9529207291483637,0.478121640828211
2007-07-09,2007,7.0,0,7.8,27.84,0.2801724137931034,3.437427583400834,-0.49341480805189813,2.8812174453403645,2.813690835894215
2007-07-10,2007,10.0,0,13.3,26.87,0.49497580945292147,2.3008417625108555,0.6907791248225092,0.5429929295133638,-0.3622417064088328
2007-07-11,2007,10.0,0,23.51,29.58,0.7947937795807979,1.0297094054880278,-0.1874982503199781,0.6507946306743246,-0.5300936208992848
2007-07-12,2007,9.0,0,29.69,30.37,0.9776094830424762,0.7977574278183751,0.09480030463072531,1.089228200187427,-0.5282685029153384
2007-07-13,2007,6.0,0,20.39,29.09,0.7009281540048127,0.8630818040090117,0.24160399442771027,0.5069807177224235,0.31349805940597975
2007-07-14,2007,4.0,0,12.24,27.62,0.44315713251267197,0.8072122318212299,0.42648487884200853,1.3550868090602157,0.9860662547543063
2007-07-15,2007,7.0,0,14.35,27.22,0.5271858927259369,1.4198135479561054,0.2842915512586092,0.3259058559690238,-0.19238032972968297
2007-07-16,2007,10.0,0,6.23,28.72,0.21692200557103067,2.6684436499940745,1.0564298723196985,4.147667509074196,3.627706070763845
2007-07-17,2007,7.0,0,11.39,28.32,0.4021892655367232,2.593086086749428,1.5782751861291628,1.5010075071557833,0.637607536427217
2007-07-18,2007,8.0,0,20.32,28.13,0.7223604692499112,1.4876896137720848,0.06195559053111651,1.0218744839264038,-0.8686798601187172
2007-07-19,2007,10.0,0,24.24,28.99,0.8361503966885133,0.9451570810954086,-0.3377311661857381,1.112935978564178,-0.7138419457718298
2007-07-20,2007,13.0,0.1999999999999993,29.81,30.09,0.9906945829179129,1.0034335852582792,0.6904221797436104,0.5272837117008554,0.28490167301749947
2007-07-21,2007,11.0,0,29.15,29.66,0.9828051247471341,0.6993340358449073,-0.1593389136840037,0.9142788431454136,-0.2255143987190292
2007-07-22,2007,7.0,0,26.31,29.25,0.8994871794871795,1.445071531919312,0.9774538445379929,1.3255705193061538,0.9599325387652128
2007-07-23,2007,9.0,0,26.98,28.91,0.9332410930473884,1.0042713557374978,0.7210736316488816,0.7878688504442238,0.44520743968400645
2007-07-24,2007,6.0,0,20.69,27.8,0.7442446043165468,1.2124857582105117,0.6465572624945597,0.30639839544166486,0.12764019032669438
2007-07-25,2007,11.0,0,18.13,26.35,0.6880455407969639,1.3655897488457267,0.041712598878256,1.0687926189252186,-0.7860122764448108
2007-07-26,2007,10.0,0,28.06,29.06,0.9655884377150723,1.0623179559952278,-0.11250160433861511,0.8194356484941433,-0.24034970614847437
2007-07-27,2007,6.0,0,18.85,28.35,0.6649029982363316,2.2978224136267404,-0.7032164578447929,1.1533677322577323,1.1196481986218096
2007-07-28,2007,5.0,0,5.36,24.51,0.2186862505099959,2.6357589825881877,0.8355728097072213,3.1367325238129062,3.1249891903361022
2007-07-29,2007,11.0,0,27.18,28.38,0.9577167019027485,1.2680884719401897,-0.6663258580259762,0.9623052257423625,-0.7639554663024093
2007-07-30,2007,11.0,0,28.14,28.7,0.9804878048780489,0.8985625497433343,0.12064454706481136,0.8447148637624278,-0.2698926949834923
2007-07-31,2007,12.0,0,28.12,28.89,0.9733471789546556,0.9748658087008877,0.44837004884363835,0.6319696179526891,0.21387660329749222
2007-08-01,2007,12.0,0,24.59,28.57,0.8606930346517325,0.7763931538031204,0.06801937868837997,0.9104520371295003,-0.45975119022238903
2007-08-02,2007,7.0,0,20.74,27.18,0.7630610743193524,1.5982218675961826,0.6545457462992679,1.7228586838021223,1.4219806814408547
2007-08-03,2007,10.0,0,20.31,25.84,0.7859907120743034,1.148343937476005,-0.10527193135982331,0.7827458991419001,-0.11787149027088499
2007-08-04,2007,8.0,0,10.98,25.44,0.43160377358490565,1.599575428288627,0.7390064298713473,1.2842071192148627,0.7338291079520948
2007-08-05,2007,9.0,0,24.58,27.34,0.8990490124359911,1.0969958212566364,-0.5283446088247832,1.324184815359853,-1.1178830760068952
2007-08-06,2007,11.0,0,27.47,28.06,0.9789736279401283,0.9023705301383147,-0.08168827647997039,0.7421603405241709,-0.48524836531601245
2007-08-07,2007,10.0,0,17.09,25.45,0.6715127701375245,1.5844199462507553,-0.5413561734373992,0.8215327043165815,-0.645320451055353
2007-08-08,2007,9.0,0,20.06,26.11,0.7682880122558406,0.7147632692696712,-0.3334802657259382,0.6379329133267863,-0.47069829965521137
2007-08-09,2007,10.0,0,23.45,27.09,0.8656330749354005,0.9343903724435806,0.19842182908905506,0.6326345631824096,-0.1604616589513904
2007-08-10,2007,12.0,0,26.53,27.19,0.9757263699889666,1.0535949529711202,0.09845140148468046,0.8181580866688728,-0.5351364493508903
2007-08-11,2007,13.0,0.1999999999999993,25.56,26.28,0.9726027397260273,0.9614924566115801,0.2108719392297139,0.9395105846399566,-0.7293285683628655
2007-08-12,2007,16.0,3.1999999999999993,5.71,25.34,0.22533543804262035,10.76689676929563,2.8502450978077802,12.527848834194975,12.371087965309288
2007-08-13,2007,9.0,0,21.47,26.5,0.8101886792452829,0.8905246798717319,0.01761952645491009,0.6332751260353433,-0.5073757502604993
2007-08-14,2007,12.0,0,27.13,27.71,0.9790689281847708,0.9470861343211292,-0.09429017457978921,1.087913517921724,-0.5758744287906055
2007-08-15,2007,11.0,0,22.88,26.32,0.8693009118541033,1.0727847180665695,0.03239378324134945,0.7448590700256169,0.6010452578706822
2007-08-16,2007,8.0,0,14.32,24.94,0.574178027265437,1.6228760273479004,0.8030819820855045,1.445914522541335,1.1570783656361663
2007-08-17,2007,7.0,0,14.38,25.45,0.5650294695481336,1.2180337165634074,0.30802321617500156,0.9457859741259216,0.005816575205063994
2007-08-18,2007,7.0,0,17.05,24.89,0.6850140618722379,1.0936819704829919,0.6789403942437606,0.8318710351997793,-0.3343692786908168
2007-08-19,2007,12.0,0,25.03,25.48,0.9823390894819467,1.2799781334545857,-0.3789017266453348,0.8274190531125757,-0.6326878860285726
2007-08-20,2007,11.0,0,24.91,25.32,0.9838072669826224,1.0814286585463655,0.5419081397601495,0.892682124703673,-0.11872467058968243
2007-08-21,2007,8.0,0,9.48,24.2,0.3917355371900827,3.054611418392159,0.5712213936723761,4.178609881649624,4.118097323520272
2007-08-22,2007,9.0,0,24.54,25.74,0.9533799533799534,0.7630124571491171,-0.2373333988381121,0.6217910602528612,-0.4162070663062571
2007-08-23,2007,12.0,0,25.76,26.1,0.9869731800766284,0.8415079212425538,0.38519297404484026,0.6638995170247763,0.15738785116170698
2007-08-24,2007,12.0,0,24.6,24.95,0.9859719438877756,0.9694931471888153,0.12847677986936024,0.781792495265873,-0.3527785936734098
2007-08-25,2007,10.0,0,20.28,23.75,0.8538947368421053,0.824337881533159,-0.22496890775105408,0.7460379303242142,0.030857076926682936
2007-08-26,2007,10.0,0,20.62,22.53,0.9152241455836663,0.9005102933193325,0.35265098350036306,0.5401766185040322,0.35567419528624633
2007-08-27,2007,6.0,0,12.39,21.26,0.5827845719661335,1.5502210473262368,0.7831405177510278,2.1733373200394253,1.9748219006238397
2007-08-30,2007,10.0,0,19.16,23.91,0.8013383521539105,0.7005185188969105,0.079479148473289,0.42633680382107,0.15322961814390842
2007-08-31,2007,10.0,0,23.1,24.04,0.9608985024958404,1.026938980378861,0.6568946267507486,1.2675062878478356,0.6441672150736011
2007-09-01,2007,9.0,0,18.46,23.38,0.7895637296834902,0.9586516909013987,0.1275368639350473,0.703550134792987,-0.4952896546758521
2007-09-02,2007,11.0,0,23.01,23.64,0.9733502538071066,1.0371179624664566,0.5011624514706634,1.0435911766781745,0.754749665380146
2007-09-03,2007,8.0,0,8.58,22.55,0.3804878048780488,1.9046912914253926,-0.28049827079911765,1.1198887501916193,0.8595998463390556
2007-09-04,2007,11.0,0,18.15,22.28,0.8146319569120286,0.8293042675410045,-0.5001132443203941,0.46895185975570486,-0.3616696830339059
2007-09-05,2007,11.0,0,16.17,22.08,0.7323369565217392,4.9743061393226755,-0.6438186890158527,5.908967166327932,5.223268087330073
2007-09-06,2007,6.0,0,16.06,21.56,0.7448979591836734,1.1111361226772656,0.32685815885015385,0.6107143182603407,0.08567204967756699
2007-09-07,2007,11.0,0,23.45,23.67,0.9907055344317701,0.8556151364101651,0.010756037515469385,0.8001419290738974,-0.46497322330642393
2007-09-08,2007,12.0,0,21.74,22.75,0.9556043956043956,1.2285902512446225,-0.2245132615043152,0.8969450624813028,0.1477210922858395
2007-09-09,2007,8.0,0,13.47,21.92,0.614507299270073,0.8141924389587177,0.2774077855013403,0.8870079294833605,0.646027841336025
2007-09-10,2007,9.0,0,16.03,21.59,0.7424733672996758,0.5888695657585779,0.04252783755690537,0.6633803263306856,-0.24059776092103333
2007-09-11,2007,11.0,0,21.9,22.22,0.9855985598559855,1.0595247500554896,-0.22226549832075146,0.9555027793206061,-0.5088690628615004
2007-09-12,2007,10.0,0,22.17,22.41,0.9892904953145918,0.6456886862028254,0.0939686020764876,0.9482550219123411,0.8605903885096277
2007-09-13,2007,13.0,0.1999999999999993,21.94,22.17,0.9896256202074876,1.4555857305785402,0.5997190111434505,1.3662031140973634,1.2052422505629987
2007-09-14,2007,9.0,0,17.48,21.11,0.828043581241118,1.4276112500091782,0.9015430976853961,1.2066827222121685,0.7226325805412083
2007-09-15,2007,6.0,0,14.07,21.38,0.6580916744621141,1.2050509635361168,0.1816571038607698,0.6774042398885385,0.19781514404580433
2007-09-16,2007,14.0,1.1999999999999993,22.07,22.31,0.9892424921559839,0.8502014021082439,0.3635795459960444,1.2217068859677087,0.2804576256180103
2007-09-17,2007,13.0,0.1999999999999993,19.64,19.92,0.9859437751004015,1.4422151011474895,-0.4654800810747004,1.8018866796898907,-1.5152544877394731
2007-09-18,2007,13.0,0.1999999999999993,20.31,20.43,0.9941262848751835,1.0405980901978984,-0.6601816780830062,0.918136896231777,-0.6954626705416427
2007-09-19,2007,12.0,0,18.76,18.93,0.9910195456946647,1.195253821786449,0.8413119472713486,1.3176852198187623,0.8454735889568846
2007-09-20,2007,11.0,0,17.08,18.01,0.948362021099389,1.3282113334726549,1.0716371972410357,1.2733906671009152,0.7217793959749864
2007-09-21,2007,7.0,0,12.33,15.91,0.7749842866121935,1.5396359286981554,0.22033766878896413,1.3255447049772,1.1034284055112658
2007-09-22,2007,9.0,0,14.55,16.29,0.8931860036832413,1.5176966762373825,-0.7566484810658801,0.7071755967379705,-0.5194422560748073
2007-09-23,2007,7.0,0,4.88,17.47,0.27933600457927876,4.186895806925357,1.0059162277983602,4.677196892454786,4.590795644882708
2007-09-24,2007,6.0,0,10.45,19.39,0.5389375966993295,2.5422980234018695,0.5741382507271214,0.914365735779873,0.6447808224922115
2007-09-25,2007,10.0,0,18.91,19.65,0.9623409669211197,1.2418812801857564,0.3695973199563678,0.5740854501194257,-0.09925365072265772
2007-09-26,2007,10.0,0,18.42,18.84,0.9777070063694269,0.7911494360118925,-0.3468548093356635,0.6525982397781731,-0.6064533078206585
2007-09-27,2007,11.0,0,17.69,18.47,0.9577693557119655,0.8373809541906712,-0.059405667537318955,0.6822194231070824,-0.17499569191683317
2007-09-28,2007,12.0,0,18.72,18.93,0.9889064976228209,1.1523094810012149,-0.4161307873996593,0.7729487171529289,0.47579798283619174
2007-09-29,2007,9.0,0,17.99,18.27,0.9846743295019157,1.0770380080890176,0.6767184664011451,1.382003203694773,0.7675250263803743
2007-09-30,2007,8.0,0,14.29,16.8,0.850595238095238,1.985726332759091,0.4547968509636964,2.07979965627784,0.9176571426402068
2008-05-01,2008,7.0,0,17.56,28.05,0.6260249554367201,2.3106806428193765,0.7052911541983895,0.35697781984444277,0.13513441798963774
2008-05-02,2008,12.0,0,21.46,28.84,0.7441054091539528,1.543885007124902,-0.8205582973566375,1.4564570102078964,-0.8340157055053172
2008-05-03,2008,12.0,0,23.51,25.76,0.9126552795031055,1.4079398290513065,0.3520934425236944,1.287603104139795,-0.8280815373387117
2008-05-04,2008,13.0,0.1999999999999993,22.83,23.61,0.9669631512071156,1.9320783055502786,0.5613606312104915,0.44005079790264423,0.15119801825276843
2008-05-05,2008,6.0,0,13.16,22.83,0.5764345159877354,0.7110898212200041,-0.4014733683854567,0.5831382984480817,-0.4914477985549919
2008-05-06,2008,6.0,0,12.99,27.93,0.46509129967776586,1.417607791819862,0.7680186807404764,0.8016905490946371,0.6783103121232849
2008-05-07,2008,9.0,0,22.44,28.78,0.7797081306462822,1.0650940759825813,0.42703986723461324,0.7248312968230459,-0.5613081373084796
2008-05-08,2008,14.0,1.1999999999999993,27.18,29.1,0.9340206185567009,1.803195940548177,-0.12565959289123038,1.5168672964766654,-1.3473443978591046
2008-05-09,2008,14.0,1.1999999999999993,27.47,28.69,0.95747647263855,1.6203402181728037,0.005599904755607603,1.325257716504145,-0.8401880238012668
2008-05-10,2008,11.0,0,28.69,29.03,0.9882879779538408,0.9637307503483765,0.4347977735960627,0.9026832829348449,-0.4281912201164027
2008-05-11,2008,11.0,0,22.35,27.96,0.7993562231759657,0.6331000755302706,-0.06047305792955404,0.5861745417622832,-0.08919642050318011
2008-05-12,2008,9.0,0,19.81,27.04,0.7326183431952662,0.8443886464446464,0.3634094365248437,0.5869774525151564,-0.3712651175177554
2008-05-13,2008,10.0,0,18.87,25.59,0.7373974208675265,0.6243829079186995,0.24123527445303772,0.5766898732969434,0.27806053344926873
2008-05-14,2008,11.0,0,27.95,28.32,0.9869350282485876,0.809646811892593,0.2864765830092062,0.8125936564056782,-0.2383149344794191
2008-05-15,2008,9.0,0,21.28,28.07,0.7581047381546135,1.135619643896543,0.6659677037218105,0.6737650328992383,-0.023454084151945647
2008-05-16,2008,10.0,0,27.98,28.88,0.9688365650969529,0.7180965384349182,-0.1219029222602462,0.9750732337238539,-0.8726146399273157
2008-05-17,2008,15.0,2.1999999999999993,22.17,28.56,0.7762605042016808,4.091843825214689,-2.3646651192486887,0.6819920627130871,-0.3008120649402688
2008-05-18,2008,10.0,0,24.86,27.92,0.8904011461318051,1.338048792146293,-0.572755718469013,1.414315434491196,-1.1950289440061095
2008-05-19,2008,11.0,0,28.53,30.14,0.9465826144658261,1.0975599722056482,0.307935522788815,0.8926360154617227,-0.37526138763142214
2008-05-20,2008,8.0,0,18.89,28.76,0.6568150208623087,0.9090149934940263,0.34909634537770423,0.506407342193884,0.18585243980980395
2008-05-21,2008,11.0,0,26.21,30.31,0.8647311118442759,0.9800078621126452,-0.514746612352987,1.390415129078306,-1.1968703607814657
2008-05-22,2008,11.0,0,29.82,30.61,0.9741914407056518,0.9223784461194936,0.11531217447400992,0.4256320286203402,-0.024184184359709704
2008-05-23,2008,9.0,0,22.55,29.15,0.7735849056603774,1.2301874995135231,0.655204053457588,0.8207808120341332,-0.1513377803863598
2008-05-24,2008,9.0,0,15.68,28.42,0.5517241379310345,2.4399009996168175,-0.674244681210034,1.6189239494644228,1.1868881215240332
2008-05-25,2008,8.0,0,18.01,29.99,0.6005335111703902,0.8873421346270466,0.32531046162006444,0.8497074058120319,0.7074053290958217
2008-05-26,2008,13.0,0.1999999999999993,28.77,31.49,0.9136233724992061,1.5632037540782702,-0.10671230081949279,1.359600636625211,-1.197904521989522
2008-05-27,2008,12.0,0,28.67,30.79,0.9311464761286132,1.4281785135589182,0.31003829209008565,1.3636216297032981,-0.6763734612853559
2008-05-28,2008,12.0,0,30.68,31.52,0.9733502538071066,0.9656844672471053,-0.31050787699010396,1.62307481927887,-1.3366395645657516
2008-05-29,2008,13.0,0.1999999999999993,26.23,30.78,0.8521767381416504,1.2281704663335846,-0.3003846783557241,0.8208422634210987,-0.6776597279305095
2008-05-30,2008,9.0,0,27.65,29.54,0.9360189573459715,0.8068092986135926,0.09639601341595776,0.8910244872988712,-0.6182539329757498
2008-05-31,2008,12.0,0,28.41,30.2,0.9407284768211921,0.9960513691906266,-0.5480345850317613,1.03271901014085,-0.818442267252688
2008-06-01,2008,12.0,0,24.42,29.85,0.8180904522613065,2.451154156731237,1.914103500279924,3.9758521547026593,3.5208689744321404
2008-06-02,2008,7.0,0,24.52,28.91,0.8481494292632307,0.9348209230312369,0.29920720585895905,0.568027471380021,-0.08151591736582257
2008-06-03,2008,5.0,0,13.3,27.61,0.48170952553422675,1.7283909833762374,0.6615666316129677,1.5529320060710552,1.2775569653784267
2008-06-04,2008,6.0,0,13.99,29.83,0.46899094870935304,0.8832398339119816,0.37882455707457874,0.6675118192239087,-0.3974156190594318
2008-06-05,2008,13.0,0.1999999999999993,31.62,31.86,0.992467043314501,1.272252998285694,-0.35644431452303554,1.1610025035726577,-0.9662010453318294
2008-06-06,2008,14.0,1.1999999999999993,28.83,30.95,0.9315024232633279,0.9656447871923014,0.23804316140792517,0.9954931036672084,0.5300953974425747
2008-06-07,2008,10.0,0,23.86,29.54,0.8077183480027081,1.8220949626388447,1.3746247240268086,1.0777835474363304,0.9069497744706764
2008-06-08,2008,13.0,0.1999999999999993,20.19,28.78,0.7015288394718555,1.4915967250572835,0.6105176633055511,1.643714996102133,1.0513501151239322
2008-06-09,2008,13.0,0.1999999999999993,29.5,30.3,0.9735973597359736,1.4360092261548714,-0.9017841016458028,1.6424602079781923,-1.109871342971127
2008-06-10,2008,13.0,0.1999999999999993,28.3,31.0,0.9129032258064517,1.093788204758418,0.5735969968072708,0.8616433710959828,0.7289730547965784
2008-06-11,2008,14.0,1.1999999999999993,11.6,28.93,0.40096785343933633,7.546392067581138,1.6263242953243937,5.303876718809892,4.726657685860384
2008-06-12,2008,13.0,0.1999999999999993,28.46,30.84,0.9228274967574579,1.1358377950280798,-0.11344607918167086,0.8894290958495064,-0.7606260173466044
2008-06-13,2008,8.0,0,30.98,32.08,0.96571072319202,0.8237134063439018,0.3659687504491707,0.7294036631498818,-0.5548130999202575
2008-06-14,2008,12.0,0,30.49,31.75,0.9603149606299212,1.9497356393844938,0.3211089017467736,1.2416813948260776,-1.077900729947725
2008-06-15,2008,13.0,0.1999999999999993,26.77,29.39,0.9108540319836679,1.447074716391946,0.6649801751190232,1.1284449907779688,-0.7463212485676584
2008-06-16,2008,6.0,0,11.53,28.03,0.4113449875133785,1.2645003558011187,0.5573756617696551,0.7424669136676249,0.4652018478944597
2008-06-17,2008,12.0,0,19.73,30.2,0.6533112582781457,3.6003364462635767,0.49040222976115927,5.312051611738393,4.60105474293236
2008-06-18,2008,9.0,0,21.46,30.61,0.701078079059131,1.1415956408530632,0.1286084900472607,0.8675411114323671,-0.3798855386869029
2008-06-19,2008,9.0,0,27.12,30.82,0.8799480856586632,1.5876253077679354,0.14935185555074248,1.1245757210621734,-0.710522444936951
2008-06-20,2008,5.0,0,7.24,29.38,0.24642614023144999,1.8740709468502137,0.3808179522844135,2.3068285494517986,1.9925021804843421
2008-06-21,2008,12.0,0,29.95,31.98,0.9365228267667292,1.3055556722296036,-0.047430686976452176,1.3335448876884537,-0.6152348112341682
2008-06-22,2008,13.0,0.1999999999999993,29.31,31.84,0.9205402010050251,1.377475529671817,0.5873859271362335,0.4970140456596542,-0.0801408840181536
2008-06-23,2008,11.0,0,20.29,30.52,0.6648099606815203,1.3697421449840566,-0.47436907519626664,1.2540303173824079,0.5241098382652106
2008-06-24,2008,10.0,0,23.57,29.94,0.7872411489645958,0.6352110172740724,-0.1186289358126819,0.39727389350815917,-0.3397062343281109
2008-06-25,2008,9.0,0,27.46,30.34,0.905075807514832,0.5444369559740665,-0.07834286240002648,0.7189416533087007,-0.5375720680134594
2008-06-26,2008,7.0,0,14.18,29.85,0.4750418760469011,2.3747196265932824,0.3598873244147754,2.911318329399991,2.2310910275088776
2008-06-27,2008,8.0,0,19.86,30.17,0.6582698044414981,1.318135567665892,0.28563614400867426,2.034579127895049,0.43185120427545165
2008-06-28,2008,8.0,0,24.01,30.52,0.7866972477064221,1.3318844419201277,0.32651904922520797,0.797209738088644,-0.40052540727791097
2008-06-29,2008,12.0,0,27.16,31.08,0.8738738738738739,1.7672311876514766,0.030068939780903896,1.0473519370334703,0.9004626014006654
2008-06-30,2008,7.0,0,21.52,29.97,0.7180513847180514,1.42238408509739,0.5235857787926091,0.8791584114822504,0.40075931194496306
2008-07-01,2008,6.0,0,13.44,28.48,0.47191011235955055,2.313291174173647,0.9717371684991019,3.427166328370707,2.867646231362619
2008-07-02,2008,10.0,0,27.56,30.16,0.9137931034482758,1.463849700910304,0.5485346225349828,1.3425451643672932,-0.8313030629396637
2008-07-03,2008,11.0,0,30.07,31.24,0.9625480153649169,0.9092368488346788,0.47229759898841933,0.7597748960112649,0.03584011670096151
2008-07-04,2008,8.0,0,28.57,30.63,0.9327456741756448,0.6562569989726437,-0.13907859064092967,0.6111814976688252,-0.39824881429101094
2008-07-05,2008,7.0,0,21.5,29.71,0.7236620666442275,1.3105079393880013,-0.3574909815714231,0.9399259591417621,-0.265300074969342
2008-07-06,2008,9.0,0,24.36,29.77,0.8182734296271414,1.2273035467969888,0.865773223279345,1.9327453552123322,1.6347463139457592
2008-07-07,2008,5.0,0,19.46,29.29,0.6643905769887334,1.8188411816770562,-0.41832730957259434,0.5746577599853738,-0.33290722654539745
2008-07-08,2008,8.0,0,24.65,30.17,0.8170367915147496,1.4680915178423533,0.4370301805834916,0.7979293100232487,-0.4000071995408412
2008-07-09,2008,10.0,0,21.37,29.07,0.7351221190230478,0.9275742718828902,-0.3417653237946305,1.022124627569515,-0.8343457642945792
2008-07-10,2008,11.0,0,30.73,31.33,0.9808490264921801,1.0949153417839321,-0.6289842143097188,0.9933284238135268,-0.80258345896577
2008-07-11,2008,10.0,0,29.45,31.14,0.9457289659601797,0.7006082889840703,0.11087636986199234,0.6567735781905576,-0.5038249775915649
2008-07-12,2008,11.0,0,28.03,30.5,0.919016393442623,0.6545312817888814,0.23943934999863137,0.8309234787370928,-0.306195945674076
2008-07-13,2008,13.0,0.1999999999999993,28.13,30.59,0.9195815626021575,1.028246209828132,-0.25148115139831556,0.6909924780661838,0.09014764457663205
2008-07-14,2008,5.0,0,18.51,29.01,0.6380558428128232,0.9034553437666004,0.2798062230823944,1.2426335367763477,0.9951690308138558
2008-07-15,2008,10.0,0,17.66,28.03,0.6300392436674991,1.0387196033355046,-0.3188780540641753,0.948615309933983,-0.5120744642236345
2008-07-16,2008,10.0,0,27.29,30.43,0.8968123562274072,1.2732498775203576,0.4275102702877412,0.6904773926422936,-0.014816282357696053
2008-07-17,2008,8.0,0,21.48,29.46,0.7291242362525459,1.0058413426264792,0.08066317347709069,1.1834015340414095,-0.9141545935354033
2008-07-18,2008,9.0,0,28.28,29.73,0.9512277161116718,1.351903017135651,0.6653766143567875,1.8080361251347767,1.1145242878361266
2008-07-19,2008,7.0,0,17.2,28.14,0.6112295664534471,1.189110901368048,0.695259235346295,1.9594049896562487,1.7163664117162984
2008-07-20,2008,6.0,0,16.57,27.77,0.5966870723802665,2.0943491737536606,0.3553319215173761,0.6865456416724806,0.016706912020373704
2008-07-21,2008,11.0,0,23.96,28.67,0.8357167771189397,1.6880954658065062,-0.4226898990662626,1.242250972049322,-1.0015445751200278
2008-07-22,2008,9.0,0,17.44,28.58,0.6102169349195242,1.0116459928190127,0.23349850867868346,1.1524026987656144,-0.06540893827226076
2008-07-23,2008,9.0,0,25.4,28.73,0.8840932822833275,0.9291661361427656,0.06275171438533296,0.9856208955477666,-0.5694211353176092
2008-07-24,2008,9.0,0,10.4,27.79,0.37423533645196116,5.352569412784465,1.2668910979123875,4.402677956510673,3.926447815444847
2008-07-25,2008,10.0,0,17.08,28.81,0.5928497049635543,2.4472861288129844,0.34729947974675185,2.317881831034296,1.1172578815790846
2008-07-26,2008,8.0,0,27.95,29.35,0.9522998296422487,0.9167137252128756,0.38223453846271527,0.45958750407960774,0.22309892913015025
2008-07-27,2008,11.0,0,28.6,28.93,0.9885931558935361,1.4480635298449784,-0.5789142358372193,1.0677242232641107,-0.8658256500934177
2008-07-28,2008,9.0,0,19.06,27.61,0.690329590727997,0.805790917829861,0.11242784955590072,0.7282435567791979,0.24118084219265215
2008-07-29,2008,7.0,0,14.08,27.09,0.5197489848652639,1.0603431651543218,0.37050305826132474,0.5252659281566959,0.016826635815637186
2008-07-30,2008,8.0,0,21.86,28.02,0.7801570306923626,1.0112784140029227,0.2822264336424545,1.034168566725991,-0.7952368596004978
2008-07-31,2008,10.0,0,27.73,28.55,0.9712784588441331,0.9003886672019717,0.23301375130499272,0.9341632464783428,-0.7490672482966948
2008-08-01,2008,11.0,0,28.32,28.61,0.9898636840265642,1.1288690304562319,0.47555768204658344,0.8377844911097848,0.27040675154234367
2008-08-02,2008,10.0,0,26.52,27.74,0.9560201874549388,0.9335325107787781,0.09747471586901124,0.4165376496686448,-0.2595372204702156
2008-08-03,2008,11.0,0,26.43,27.87,0.9483315392895586,2.0185484754903267,0.46378160893679743,0.8098122749925154,0.0918694050518803
2008-08-04,2008,16.0,3.1999999999999993,19.38,26.82,0.7225950782997762,6.397571356481162,-1.4369206570830377,4.679638987415689,4.533923920764297
2008-08-05,2008,7.0,0,6.02,24.64,0.2443181818181818,1.2606761904363264,0.3858548172828262,1.0477222910939432,-0.17681234028580542
2008-08-06,2008,11.0,0,28.26,28.8,0.9812500000000001,1.0207575506719377,-0.012971972742021295,1.0474570567562032,-0.7606396262418365
2008-08-07,2008,13.0,0.1999999999999993,26.16,27.08,0.9660265878877401,1.4380643441640948,0.8445857194400297,0.5688114520048417,-0.39167284936723235
2008-08-08,2008,10.0,0,17.03,25.23,0.6749900911613159,1.581228142462535,-0.5612366488886865,1.4992618634042814,-0.461639537054344
2008-08-09,2008,11.0,0,22.85,25.26,0.9045922406967538,0.7679968907068668,0.2177769103553945,0.6532901753620857,-0.28149280855574804
2008-08-10,2008,12.0,0,26.5,26.72,0.9917664670658684,1.2856511336715573,0.8705723586031473,0.23685313327732266,0.06351327529718276
2008-08-11,2008,8.0,0,23.0,26.5,0.8679245283018868,3.224738717452775,0.8120602924918008,2.705742497677115,2.647939635267653
2008-08-12,2008,8.0,0,21.35,26.11,0.8176943699731904,0.8480084641579808,0.35025533064678366,0.6602492860268357,0.3088881003333164
2008-08-13,2008,6.0,0,15.14,25.01,0.6053578568572571,0.9754725166831064,0.5725457313268989,0.32811843062855117,-0.23099547208754068
2008-08-14,2008,8.0,0,14.09,24.26,0.5807914262159933,1.5699059567396219,0.8014943831074585,0.9261522919193327,-0.20285985463045839
2008-08-15,2008,13.0,0.1999999999999993,25.23,25.93,0.973004242190513,1.585038105149901,-0.5419980143783297,1.1850299284689734,-0.9644463501503756
2008-08-16,2008,9.0,0,18.25,25.06,0.7282521947326417,2.5486814887035103,0.659102288831089,4.1224815026839154,3.966314067198102
2008-08-17,2008,7.0,0,14.08,23.08,0.6100519930675911,0.9534793431847811,0.21772466046021707,1.0627426508302262,0.5977875039417159
2008-08-18,2008,9.0,0,13.05,23.22,0.5620155038759691,2.0971932666443625,-1.0576177516501568,1.0475140539695702,-0.38158927731715525
2008-08-19,2008,6.0,0,7.41,23.64,0.3134517766497462,1.5241655077806482,0.5142935844318224,0.6012606958031744,0.24068843537241058
2008-08-20,2008,12.0,0,25.62,26.34,0.9726651480637813,0.7300310898583977,-0.018849560715748837,0.8780569006249629,-0.19544677588833123
2008-08-21,2008,12.0,0,25.48,25.89,0.9841637697952877,0.809249922346577,0.05866363524546214,0.8465878302174343,-0.3725933985922995
2008-08-22,2008,9.0,0,22.83,24.74,0.9227970897332255,0.6299424122302021,-0.2000079021422468,0.3934850691650524,-0.07903712484242635
2008-08-23,2008,10.0,0,17.2,23.53,0.7309817254568635,1.666803789096237,0.40707440845289106,1.186949989558501,0.9216201164322975
2008-08-24,2008,9.0,0,21.59,23.92,0.9025919732441471,1.376595096977894,0.5410324812712606,0.7517149713600874,0.07121903563753307
2008-08-25,2008,9.0,0,20.09,24.23,0.8291374329343788,1.3158546697817934,-0.7551914744305196,1.6332917200067325,-1.270421265083116
2008-08-26,2008,15.0,2.1999999999999993,19.47,24.02,0.8105745212323063,4.161827653516443,1.1086718961170088,6.358097549318315,5.25725595228643
2008-08-27,2008,5.0,0,8.25,22.67,0.36391707101896775,1.9308655187206758,0.04754303159984515,1.2501479507111748,1.0253001113687994
2008-08-28,2008,10.0,0,24.79,25.35,0.9779092702169624,1.079351959054703,0.04819468238755742,0.7376174618717479,-0.29240087917906327
2008-08-29,2008,14.0,1.1999999999999993,24.37,24.78,0.983454398708636,1.5355507431970747,-0.5231929277238238,1.4359226829381722,-0.9569204965724468
2008-08-30,2008,14.0,1.1999999999999993,22.0,24.09,0.9132420091324202,1.1126756168405085,0.26104365315708905,0.9747387215781133,0.029026784787296478
2008-08-31,2008,5.0,0,11.25,23.3,0.48283261802575106,1.0384941311873717,0.1203202200370302,1.343485893535881,0.8385350101330366
2008-09-01,2008,10.0,0,22.38,23.14,0.9671564390665514,0.7614598390529062,-0.30641475156780595,0.7688060689271873,-0.6666793494377939
2008-09-02,2008,9.0,0,22.61,23.3,0.9703862660944206,0.7105682101234609,-0.1265104378772164,0.5846941037472255,-0.5094638813995344
2008-09-03,2008,10.0,0,20.16,23.12,0.8719723183391003,1.7736894364570954,0.3076530214137126,0.9214937832414744,0.1453477331328615
2008-09-04,2008,7.0,0,13.86,21.81,0.6354883081155434,1.038870259882524,-0.13851290590227347,0.7862986720809532,-0.18921596199309576
2008-09-05,2008,10.0,0,22.06,22.77,0.968818620992534,0.8453517663503299,0.4215360554725572,0.9061346587591765,0.456800681328754
2008-09-06,2008,10.0,0,15.39,22.05,0.6979591836734694,4.598056371635467,-0.1669470814896714,6.024671724274202,5.947336554069378
2008-09-07,2008,6.0,0,17.23,21.27,0.8100611189468736,0.5837415589152471,0.08020538467224984,0.5885773699019841,-0.20317876229939605
2008-09-08,2008,8.0,0,18.01,21.73,0.8288080994017488,1.2515126803505643,0.2835453221104332,0.35731465251063255,-0.22206295078768967
2008-09-09,2008,12.0,0,21.74,22.09,0.9841557265731099,0.8193712551435117,-0.39313630236393843,0.8843170672064042,-0.7598451184131912
2008-09-10,2008,12.0,0,21.99,22.18,0.9914337240757438,1.4389770358980116,1.0592144117762337,0.8214066048255081,0.3967224911602211
2008-09-11,2008,13.0,0.1999999999999993,20.83,21.63,0.9630143319463708,1.53332791009269,0.5298404327304902,1.14690655266018,0.7104910512012387
2008-09-12,2008,10.0,0,15.59,20.25,0.7698765432098765,0.5882915858237693,0.13653058809089957,0.6422286582710345,0.06353212898712594
2008-09-13,2008,8.0,0,18.06,20.64,0.8749999999999999,0.9652368150253221,0.5968456446728521,0.47661789893096657,-0.2559429763506185
2008-09-14,2008,10.0,0,17.6,20.29,0.8674223755544604,1.1593522539433154,0.7513926416868538,1.5843985756592154,1.3799267999852465
2008-09-15,2008,12.0,0,18.57,20.76,0.8945086705202312,1.270506487141214,0.778860894608858,1.42962747768674,1.179050365453613
2008-09-16,2008,7.0,0,20.35,20.53,0.9912323429128105,1.0609876975948613,-0.18118506989604968,0.6753344543407852,0.07056761315853066
2008-09-17,2008,12.0,0,20.04,20.36,0.9842829076620825,1.25281643618827,0.5582119187867627,1.1051607327387125,0.49168138814280954
2008-09-18,2008,8.0,0,18.63,19.69,0.946165566277298,2.8412204709968054,0.7429980410860941,2.4121831157319247,2.376496399980852
2008-09-19,2008,8.0,0,14.56,19.1,0.762303664921466,1.1658273443751803,-0.3354060707287287,1.4504592766188908,0.8696312908562186
2008-09-20,2008,8.0,0,5.41,18.79,0.28791910590739755,5.159736514582967,1.1929850021754203,5.981268411704025,5.6960801708399025
2008-09-21,2008,8.0,0,11.08,18.49,0.5992428339643051,1.1249590178641211,0.0637929195139841,0.95193670384058,-0.47749128051471307
2008-09-22,2008,8.0,0,11.99,18.99,0.6313849394418115,1.061624562225529,0.3928842723099249,0.34864124851507355,0.1824140050575108
2008-09-23,2008,6.0,0,12.21,17.57,0.694934547524189,1.199957099099537,0.8227386007571408,0.7872184136263765,-0.11840018198973112
2008-09-24,2008,9.0,0,18.3,18.59,0.984400215169446,0.9919841973685106,-0.39569821428564933,1.2330882362643532,-1.0185886402179534
2008-09-25,2008,8.0,0,16.01,18.31,0.8743855816493721,0.8803437520522857,0.101134712442975,0.7836302093736882,-0.6714984230487827
2008-09-26,2008,12.0,0,18.08,18.55,0.9746630727762802,0.8959507418393431,-0.1350794465409788,0.6811687571635192,-0.600856784610975
2008-09-27,2008,13.0,0.1999999999999993,18.37,18.53,0.9913653534808419,1.3570143367753411,-0.8182227559403832,1.2892814900683818,-1.012329963038571
2008-09-28,2008,9.0,0,18.16,18.44,0.9848156182212581,0.6474523705554776,0.01938145590113356,0.6640316438191021,0.10085835971370767
2008-09-29,2008,13.0,0.1999999999999993,17.62,17.95,0.981615598885794,1.4414705106577024,0.5046698828160061,0.9072872332703875,0.3036928567903357
2008-09-30,2008,10.0,0,17.57,17.71,0.992094861660079,1.02823787304894,0.4290352878318393,0.6976733864894107,-0.06774735681088255
2009-05-01,2009,12.0,0,26.55,27.84,0.9536637931034483,0.9778170461406682,-0.17154304779401733,1.4868314943305778,-1.2181991445468234
2009-05-02,2009,13.0,0.1999999999999993,26.05,27.53,0.9462404649473302,2.68960219406392,-0.33768898760423055,1.3317808780410267,-0.7038155911315567
2009-05-03,2009,10.0,0,25.9,26.26,0.9862909367859862,0.9555822358872061,-0.14483833476262506,1.1037814780609883,-0.8965410336498186
2009-05-04,2009,8.0,0,19.0,26.48,0.7175226586102719,2.265807169574619,-0.29453043699469017,0.5839855719091462,0.4192790573351625
2009-05-05,2009,6.0,0,13.29,26.48,0.5018882175226586,1.236380263143722,0.7616919803640525,0.7905195786131891,0.06692745181065263
2009-05-06,2009,7.0,0,18.82,25.13,0.7489056904098688,0.8948297234236005,0.1773270573452949,0.9501810225280414,-0.7525492561346532
2009-05-07,2009,5.0,0,12.43,26.51,0.4688796680497925,1.9183429832165924,-0.019388116011901674,1.165883435289949,-0.44020128309196443
2009-05-08,2009,6.0,0,16.26,28.43,0.5719310587407669,1.7119727123587594,0.3966628623089679,0.8082533853554008,-0.592430454866984
2009-05-09,2009,8.0,0,23.16,29.93,0.7738055462746408,1.1596409841207116,0.6442476258318555,0.6538902694230903,-0.06427695320117206
2009-05-10,2009,12.0,0,27.56,29.76,0.9260752688172043,1.5740669461654522,0.4726512181332985,1.5133394842083048,-0.5080493847730901
2009-05-11,2009,12.0,0,28.16,29.71,0.9478290138000673,1.0449743151363764,-0.2294573733677958,1.423919953092656,-1.1695328706610972
2009-05-12,2009,11.0,0,23.24,28.24,0.8229461756373938,0.7740153233863795,0.1944185994407596,0.6503715019860324,-0.17850922761536067
2009-05-13,2009,11.0,0,20.83,26.4,0.7890151515151514,0.7611546083721112,-0.1751656727043113,0.7333653672995678,-0.34037008237439775
2009-05-14,2009,6.0,0,14.13,25.63,0.5513070620366758,1.2769832658917222,0.706578919392621,1.489527307337341,0.9230957499403333
2009-05-15,2009,11.0,0,27.11,29.48,0.919606512890095,1.3528790692131298,-0.6685237047121771,1.2795295516170342,-0.8305864977132446
2009-05-16,2009,10.0,0,17.57,29.17,0.6023311621528968,3.1704712797444445,1.1730552377683618,4.969537245451656,4.658532089127534
2009-05-17,2009,12.0,0,19.39,28.43,0.6820260288427717,1.0333729709385813,-0.12321166254558442,1.1532442350942658,0.3170762944098282
2009-05-18,2009,12.0,0,25.87,29.8,0.8681208053691275,1.1979875039715224,-0.10664044467868534,1.1146054777763852,-0.6323175163189306
2009-05-19,2009,12.0,0,9.41,27.99,0.33619149696320116,6.542746271763647,1.99919153040269,5.965038222983594,5.706591500475631
2009-05-20,2009,10.0,0,29.1,31.16,0.9338896020539154,1.2539955148372213,-0.059580001099294545,1.0891243683019123,-0.6566171444943881
2009-05-21,2009,14.0,1.1999999999999993,27.94,30.23,0.9242474363215349,1.982764857794744,-0.33602746415690027,1.3736919338656344,-0.9130132439231003
2009-05-22,2009,9.0,0,14.18,28.71,0.4939045628700801,4.171696021584804,1.106524837373532,2.925584260640089,2.6671941078725516
2009-05-23,2009,9.0,0,26.14,30.6,0.8542483660130719,1.6985123472579489,0.6156906002053383,1.121859231471978,-0.49427019970603264
2009-05-24,2009,14.0,1.1999999999999993,26.18,29.81,0.8782287822878229,1.6763449609030479,0.8765086605222606,1.012907135074266,0.8915400428980327
2009-05-25,2009,13.0,0.1999999999999993,9.24,28.54,0.3237561317449194,7.086840753086021,0.723694496817271,7.770248211572188,7.763712084849129
2009-05-26,2009,6.0,0,8.58,29.47,0.2911435357991178,1.5984712547492057,0.23691277687590265,1.1790693771960248,-0.8749742823787287
2009-05-27,2009,14.0,1.1999999999999993,27.62,32.16,0.8588308457711444,2.16663858295695,-0.44632478484260507,2.206222231722782,-1.5340975196362086
2009-05-28,2009,13.0,0.1999999999999993,29.35,30.95,0.9483037156704363,1.2080588461342596,0.11293499409906234,1.136564923804949,-0.7151062730806146
2009-05-29,2009,13.0,0.1999999999999993,28.41,30.43,0.9336181399934276,1.1718316970933198,-0.17434037035100966,1.4725591630662669,-1.2080184888634495
2009-05-30,2009,12.0,0,29.23,30.51,0.9580465421173385,1.0007820409571169,0.6154595379736546,0.7021564313668996,-0.05770497374612482
2009-05-31,2009,5.0,0,19.31,28.86,0.6690921690921691,0.9338090837493492,0.14069102196727426,0.7230093998129365,0.4508440635034591
2009-06-01,2009,11.0,0,29.2,30.31,0.9633784229627186,1.2145929139271114,0.407739540845738,0.8634638298698734,-0.5693455640589509
2009-06-02,2009,11.0,0,23.15,29.15,0.7941680960548885,0.6151280986079689,0.2859258741303199,0.5061982008676796,0.10282673530770776
2009-06-03,2009,11.0,0,13.8,28.49,0.4843804843804844,6.067244669465779,0.41395419456786686,8.92836479972235,8.775038253397572
2009-06-04,2009,8.0,0,28.68,31.88,0.8996235884567126,1.2397478259693149,0.019062331504134795,1.2345180469133286,-0.9627382776089929
2009-06-05,2009,11.0,0,31.51,31.94,0.9865372573575454,1.0115976251306973,-0.03876414424780883,1.1104136794758548,-0.5477502130728785
2009-06-06,2009,9.0,0,31.14,31.49,0.9888853604318832,1.3446514581269273,0.44768618046551706,1.033062572168176,-0.2622503388993292
2009-06-07,2009,14.0,1.1999999999999993,28.52,31.24,0.912932138284251,0.9359169758984698,-0.17549320131344315,0.4698073823389563,-0.29042587046511237
2009-06-08,2009,7.0,0,20.46,29.7,0.6888888888888889,1.7434292604195847,-0.5654565709800917,1.0331594278408076,-0.8087920292852667
2009-06-09,2009,10.0,0,23.35,29.13,0.8015791280466873,1.3348533329463506,-0.5796622911922601,1.248008486887908,-0.8892678300950495
2009-06-10,2009,10.0,0,21.6,28.99,0.7450845119006555,0.8696253809882798,0.13049067576432968,0.9512427624826433,-0.38518933101454955
2009-06-11,2009,9.0,0,24.02,29.47,0.815066168985409,0.7185915959214303,-0.16855698916849646,0.7552344469042326,-0.5763066851215116
2009-06-12,2009,9.0,0,23.01,29.17,0.7888241343846417,0.7211351012106589,0.1948796220760228,0.47757717693391905,0.2605737845295515
2009-06-13,2009,12.0,0,17.37,28.06,0.6190306486101212,4.234966691621479,-0.669341543661688,2.4302717987671207,1.8519617360052756
2009-06-14,2009,11.0,0,23.2,30.3,0.7656765676567656,1.852156486375856,-0.06255809407480177,1.5768331644952518,-0.8400650174972153
2009-06-15,2009,14.0,1.1999999999999993,30.44,31.35,0.9709728867623605,1.5143249122347633,-0.4492721020033496,1.6339974446093934,-0.9128373557643498
2009-06-16,2009,6.0,0,19.17,29.84,0.642426273458445,1.7318120752778705,0.6830193745492812,2.996872926197898,2.348962387837321
2009-06-17,2009,7.0,0,8.68,26.69,0.32521543649306855,3.6038917388976026,-0.3900677710802496,4.511291421330885,4.381524696989913
2009-06-18,2009,9.0,0,28.58,32.29,0.8851037472901827,2.0004918482218286,0.2966872291393578,1.6187107703567496,-0.5542590300818399
2009-06-19,2009,11.0,0,31.31,31.71,0.9873856827499211,1.499571084302872,-0.3914290034872973,1.4740363037084816,-1.1558442648020961
2009-06-20,2009,12.0,0,20.78,28.32,0.7337570621468927,1.966874136454027,-0.38111358337122664,1.2039780531900508,-0.7878452525084322
2009-06-21,2009,11.0,0,27.99,31.16,0.8982670089858793,1.2442595553546325,-0.18246114107019965,1.0852157331274257,-0.6498285362677786
2009-06-22,2009,12.0,0,30.33,31.61,0.9595064852894654,0.9472234871782231,-0.38076402030978523,1.2360245507006586,-0.9485681445675015
2009-06-23,2009,11.0,0,25.02,30.97,0.8078785921859865,0.9462038546522012,0.19253168193578865,0.46372215573262,0.02193207249746128
2009-06-24,2009,12.0,0,19.52,29.33,0.6655301738833959,4.035320291895266,-0.29779656688077666,3.2113966800670086,1.5566046720468953
2009-06-25,2009,8.0,0,14.96,29.17,0.5128556736372986,2.156386329105942,-0.5596335298942189,0.9344522956507575,0.2615683458708453
2009-06-26,2009,12.0,0,28.32,30.85,0.9179902755267423,1.3469498387770154,-0.13223492764448,1.0934663246065304,-0.4389849795735004
2009-06-27,2009,11.0,0,21.35,29.62,0.7207967589466577,0.9329007308159222,0.6184488340863771,0.614370392216464,0.19647637656157002
2009-06-28,2009,11.0,0,27.43,29.97,0.9152485819152486,2.0956698199039434,0.5911734142142294,1.3527444293165014,-0.8020379274545876
2009-06-29,2009,21.0,8.2,22.55,30.59,0.7371690094802223,7.49628248398838,1.336575229258819,9.405529648713692,9.198620805895482
2009-06-30,2009,5.0,0,7.4,27.37,0.2703690171720862,0.9022050621355014,-0.20274905286906755,0.8431911495621199,0.5001927505836109
2009-07-01,2009,7.0,0,8.58,27.92,0.30730659025787965,0.9498045966445723,-0.3716407075907943,0.8637847113672367,0.06742597861162973
2009-07-02,2009,10.0,0,23.41,31.21,0.75008010253124,1.2811925376603397,0.6751175030540583,0.9908826843106859,-0.3317007255067453
2009-07-03,2009,13.0,0.1999999999999993,29.65,31.28,0.9478900255754474,1.3603366309153462,0.15892834262880973,1.1314149321799742,-0.897360648488231
2009-07-04,2009,10.0,0,26.45,29.92,0.8840240641711229,1.2527532730530504,0.5051190293834114,0.846206010082457,-0.49772110602943204
2009-07-05,2009,9.0,0,27.44,30.34,0.9044166117336849,0.8458096365543427,0.24457825219562013,0.5563404265126924,0.30197008392261243
2009-07-06,2009,8.0,0,18.85,28.64,0.6581703910614526,1.6769635914555616,0.9842960210612314,1.5609222377817016,1.268228485749323
2009-07-07,2009,9.0,0,19.93,28.73,0.6936999651931779,0.984347079263577,0.4907732232793444,1.0638105922406762,0.6347463139457593
2009-07-08,2009,5.0,0,16.24,29.33,0.5536992840095465,1.764735219384057,0.915006023760739,1.4011343646959513,1.0004261067879359
2009-07-09,2009,10.0,0,26.91,30.21,0.8907646474677259,0.9310422376366427,0.4108710590626976,0.9593510717709223,-0.5000089994260524
2009-07-10,2009,12.0,0,19.23,29.26,0.6572112098427888,2.22169061942602,0.1732149447797761,2.5377299548647385,2.3987850828465054
2009-07-11,2009,10.0,0,26.74,29.46,0.9076714188730481,0.9491863281494755,0.49799360351333233,0.8361716345804165,-0.16901526572645706
2009-07-12,2009,12.0,0,27.98,30.58,0.9149771092217136,1.1238013382684673,0.4997183105010577,0.6718169022299763,-0.2712566397765433
2009-07-13,2009,8.0,0,19.56,29.1,0.6721649484536082,3.031916004871193,-0.030407745455540407,3.2560847489363076,2.595493857691583
2009-07-14,2009,8.0,0,17.49,27.95,0.6257602862254025,1.1949284010585626,0.6337039068318057,1.0455587192574332,0.09393701204715832
2009-07-15,2009,5.0,0,9.84,28.63,0.343695424380021,2.6671799064031383,-0.4285271102509389,1.1053344964441398,-0.004830969186144192
2009-07-16,2009,11.0,0,22.37,29.54,0.7572782667569398,1.1147524576520227,0.8534008071960737,0.7881491048498359,0.6867180893540024
2009-07-17,2009,8.0,0,19.63,28.65,0.6851657940663176,0.6795957817066798,0.04200821623019246,0.42076350473255847,-0.0785196925528228
2009-07-18,2009,11.0,0,25.88,29.06,0.8905712319339298,1.1641019449384336,-0.17423064846542827,1.0133013005995557,-0.819462566111179
2009-07-19,2009,11.0,0,25.03,28.7,0.8721254355400697,2.209989978337132,0.3826825286582946,3.0573198344777,2.6770111666145247
2009-07-20,2009,12.0,0,27.81,28.8,0.965625,1.4762336287602567,-0.6176508346444466,1.6640024169209342,-1.2957528180101534
2009-07-21,2009,11.0,0,29.49,29.79,0.9899295065458207,1.1179179662000853,0.33199741167074537,1.1039921191803488,-0.6638151057404258
2009-07-22,2009,11.0,0,26.54,28.46,0.9325368938861559,1.3428685931967739,0.20231010093373758,0.8566347347734059,-0.33487790845336224
2009-07-23,2009,9.0,0,21.1,27.83,0.7581746316924184,1.6026985954506703,0.2334985086786833,1.1219032974369112,-0.5654089382722614
2009-07-24,2009,9.0,0,23.84,27.94,0.8532569792412311,1.248870905695322,0.6044183810519992,0.5523642886750885,-0.40275446865094305
2009-07-25,2009,11.0,0,25.69,29.17,0.8806993486458691,1.1558054882681372,-0.021021991440415277,0.6270717577424578,-0.1824897070488897
2009-07-26,2009,11.0,0,27.43,28.81,0.95209996528983,1.3126038215245603,-0.10963723894524054,0.8726363309553704,-0.6876829969296742
2009-07-27,2009,9.0,0,14.75,26.91,0.5481233742103307,1.4645732976280208,0.13313885577055462,1.791025410214887,1.417652961938085
2009-07-28,2009,12.0,0,24.55,27.61,0.8891705903658096,1.122161308333382,0.5048208336321247,0.5941115676934122,-0.0051431334352430485
2009-07-29,2009,6.0,0,15.17,26.81,0.5658336441626259,0.6279521713836086,-0.16735400696134928,0.8642132129427774,-0.6725461052048995
2009-07-30,2009,10.0,0,22.02,28.17,0.7816826411075611,2.0802244144576236,-0.29809086915048794,1.2292336592576119,-0.5712000440728987
2009-07-31,2009,13.0,0.1999999999999993,28.91,29.12,0.9927884615384616,1.035937512369005,0.23465962133565568,0.6958954282884102,-0.5005932301841405
2009-08-01,2009,12.0,0,26.22,28.24,0.9284702549575071,1.2263867581582832,0.39628316823265824,1.0584999093549945,0.30111930204396603
2009-08-02,2009,9.0,0,20.91,27.54,0.7592592592592593,1.588565388393886,0.2859231795299717,2.1951952637780616,2.054575220958889
2009-08-03,2009,10.0,0,24.1,27.01,0.8922621251388375,1.1696021988733112,0.7224747158690117,1.0935466756643304,0.40712944619645164
2009-08-04,2009,8.0,0,15.71,26.71,0.5881692250093598,1.2861357364861161,0.5986593519540332,1.9618305260665658,1.688026233977124
2009-08-05,2009,9.0,0,19.51,27.11,0.7196606418295832,1.3311689493500196,0.1556913704860996,1.1601258175801183,0.8732488720965842
2009-08-06,2009,4.0,0,9.18,25.95,0.353757225433526,0.7456268048982199,0.14905989559018673,0.4968576831234313,0.2561072341223974
2009-08-07,2009,10.0,0,27.31,27.57,0.99056945955749,0.9179432036884129,-0.34133815703820075,1.2769995884285845,-0.949066326886518
2009-08-08,2009,13.0,0.1999999999999993,28.0,28.27,0.9904492394764769,1.046672975568002,0.3445857194400297,0.788666179695897,-0.2250061827005657
2009-08-09,2009,14.0,1.1999999999999993,21.51,27.15,0.7922651933701659,1.5023656791969904,0.4142686915558387,1.039625896320946,-0.5462953518760815
2009-08-10,2009,12.0,0,23.15,26.74,0.8657442034405385,1.1954457657477549,0.5860596597816419,1.6279386223033232,1.0717048149088815
2009-08-11,2009,13.0,0.1999999999999993,23.9,26.46,0.9032501889644746,1.0897096588531732,-0.2617410559577011,0.8415804093618123,-0.4173050628724961
2009-08-12,2009,6.0,0,9.36,25.03,0.3739512584898122,2.5074605714197475,-0.21387144729781524,1.8564213323616352,1.6109547264507402
2009-08-13,2009,12.0,0,26.37,26.94,0.9788418708240535,1.1352945973190545,-0.4746170040298243,0.5655578327493962,-0.4533345161666915
2009-08-14,2009,9.0,0,19.34,25.64,0.7542901716068643,1.1392689095001058,-0.42590430281409314,0.7473372736244889,-0.3464932081313125
2009-08-15,2009,11.0,0,24.71,26.71,0.9251216772744291,1.1176811707441776,-0.10107022322724542,0.9189723274114568,-0.32059896678354605
2009-08-16,2009,10.0,0,22.78,25.99,0.8764909580607927,0.8038489576108179,0.07025793765769513,0.5911294209883912,-0.5111125770387505
2009-08-17,2009,10.0,0,24.43,26.2,0.9324427480916031,0.6790380584341357,0.5087042917776999,0.6422347222972508,0.31442303762752094
2009-08-18,2009,10.0,0,25.71,26.06,0.9865694551036072,0.6476832564735188,-0.31396477077111945,0.6089494907637842,-0.5269702324642159
2009-08-19,2009,9.0,0,20.37,25.45,0.800392927308448,1.1201065708669575,-0.1826177516501568,0.5155453343895134,0.45174405601617806
2009-08-20,2009,13.0,0.1999999999999993,20.5,24.83,0.8256141763995167,3.0905500354357587,-1.0662527892866087,1.4161671164349825,1.160380498862444
2009-08-21,2009,10.0,0,17.34,24.23,0.7156417664052827,1.3040507798537615,0.6717920327368757,0.9106081087385881,0.44823879787083537
2009-08-22,2009,11.0,0,23.05,24.85,0.9275653923541247,1.5580832159585087,-0.26219722324721517,0.8709908115837206,-0.21654394870960778
2009-08-23,2009,12.0,0,24.72,25.12,0.984076433121019,1.2252398854810926,0.30276724158811535,0.7847289318746259,-0.04982727756767957
2009-08-24,2009,10.0,0,18.04,24.39,0.7396473964739647,1.5065677039978331,0.3654077417862244,0.9166347792337047,-0.7450465502343692
2009-08-25,2009,13.0,0.1999999999999993,24.73,24.94,0.991579791499599,1.070150428664049,-0.09813826779336488,0.8270876205477975,-0.39712805963467446
2009-08-26,2009,12.0,0,24.68,25.13,0.9820931157978512,0.8115654997476948,0.49307803409263995,0.8266995718417419,0.25054942433362487
2009-08-27,2009,6.0,0,16.94,23.55,0.7193205944798302,1.5145173517120618,1.1601354251134703,1.5306028789288662,1.0362357142479042
2009-08-28,2009,9.0,0,22.24,23.56,0.9439728353140917,0.9076287521304711,0.3574953531134322,0.7934018544425716,-0.6334548812679834
2009-08-29,2009,13.0,0.1999999999999993,22.49,23.89,0.9413980745081624,2.575280918748529,2.041819753770491,1.7538118177196425,1.3865455237338853
2009-08-30,2009,8.0,0,15.72,22.32,0.7043010752688172,0.941625399588159,0.40936594606257665,1.1069848719085866,1.0246168591014584
2009-08-31,2009,9.0,0,20.56,22.93,0.8966419537723506,0.9978512748585965,0.34638520560098573,0.824421649442282,0.5186600759346908
2009-09-01,2009,10.0,0,19.25,22.44,0.8578431372549019,0.8618720859874122,-0.5228934870393421,0.1475944596252028,0.010403353599407694
2009-09-02,2009,14.0,1.1999999999999993,12.21,21.82,0.5595783684692942,7.1001319971204255,0.37101934780507184,10.498481656179797,9.999982244120423
2009-09-03,2009,10.0,0,24.4,24.6,0.9918699186991868,0.8402503856849108,0.3131365505067966,0.5447593960056704,-0.010515423777259336
2009-09-04,2009,10.0,0,21.01,23.48,0.8948040885860307,1.0550268131067286,-0.31734697858628774,0.8372006302371051,-0.5213189335338052
2009-09-05,2009,9.0,0,19.72,22.73,0.8675758908930927,0.8950717566521572,0.03024531145898172,0.5054867722692399,0.13767471553268665
2009-09-06,2009,8.0,0,19.1,22.97,0.8315193730953419,0.6438091098261487,0.2538955110447123,0.4350863243242875,-0.20122612160366238
2009-09-07,2009,11.0,0,22.09,22.86,0.9663167104111986,1.1197806682279652,0.6038582103613609,0.5265673928637422,0.275403542809648
2009-09-08,2009,9.0,0,21.94,22.59,0.9712262062859673,1.1886821327303603,-0.10885858965829194,0.7536314176190323,-0.38810147678242873
2009-09-09,2009,12.0,0,21.66,22.35,0.9691275167785235,1.2302993070082282,0.5294846498323157,0.9078336613073975,-0.41642775951486755
2009-09-10,2009,8.0,0,18.02,21.9,0.8228310502283105,1.5063881442889338,1.0295757984240408,2.5951568806693097,2.437881032168983
2009-09-11,2009,10.0,0,18.62,21.71,0.8576692768309535,1.216168410349159,-0.5617657679642493,0.713083300817005,-0.25273125736648083
2009-09-12,2009,12.0,0,20.26,21.11,0.9597347228801517,1.3459912026145142,-0.7801472928641621,0.9306199439346061,-0.4467262091475721
2009-09-13,2009,12.0,0,20.68,21.02,0.9838249286393911,0.8200179586206542,0.5055033723757467,0.6661033482952673,0.2095718881178854
2009-09-14,2009,13.0,0.1999999999999993,19.85,20.98,0.946139180171592,1.2720078324503261,0.911626081214195,1.0973170208769651,0.7677669645801544
2009-09-15,2009,12.0,0,20.63,20.94,0.9851957975167143,1.134302510303393,0.45167117002422447,1.270064583510451,0.6892454933156292
2009-09-16,2009,13.0,0.1999999999999993,20.37,20.63,0.9873969946679594,2.119196300708321,1.2605049332522762,1.2930907222495933,0.5275937522788029
2009-09-17,2009,9.0,0,18.78,19.83,0.947049924357035,0.8939608037400139,-0.02461889939016008,0.606937910658668,-0.45688925927236507
2009-09-18,2009,7.0,0,9.42,19.55,0.4818414322250639,2.5521221493728503,0.8152069526256122,2.74755277717554,2.731258587527751
2009-09-19,2009,12.0,0,20.97,21.27,0.9858956276445697,0.8306781176391808,0.17699706162914186,0.7182188449847268,0.14807793330461294
2009-09-20,2009,12.0,0,15.38,19.32,0.7960662525879918,1.257978258815286,0.8374189683203009,0.7132988494064254,0.6377802696176614
2009-09-21,2009,12.0,0,18.79,19.82,0.9480322906155398,0.8717624160797539,0.03947750326312952,0.3482721297912682,-0.20587974374014628
2009-09-22,2009,11.0,0,18.16,18.39,0.9874932028276237,1.3959019457822712,0.9433064472352867,1.3891602228595672,1.3017828226256025
2009-09-23,2009,6.0,0,6.82,17.71,0.38509316770186336,2.814321048588756,-0.8407534624342229,1.8217985983305198,1.7201438371264668
2009-09-24,2009,10.0,0,18.8,19.67,0.9557702084392475,0.7772915373229705,0.2045643345952334,0.7679203372979062,-0.3640003033162203
2009-09-25,2009,10.0,0,17.31,19.22,0.9006243496357961,1.0782879594827544,0.5325575396826127,0.6987046922852059,-0.03917256320513237
2009-09-26,2009,12.0,0,18.1,18.38,0.9847660500544071,0.8442588410069759,-0.3673703445814231,0.40671861980290147,-0.2572476345731734
2009-09-27,2009,9.0,0,14.12,17.68,0.7986425339366515,1.0483007534966902,0.5341070817609325,1.025335038271981,0.7993574115417683
2009-09-28,2009,8.0,0,9.39,17.38,0.5402761795166859,1.1348369202012094,-0.24711143955305634,1.352820789223773,0.7616430996685715
2009-09-29,2009,9.0,0,17.74,18.38,0.9651795429815015,0.5484649328002917,0.13505179973447876,0.4829838467662166,-0.06580830695295899
2009-09-30,2009,10.0,0,18.09,18.31,0.98798470780994,0.9315953745550147,0.09974606370462036,0.6934890392205489,-0.06126190503307546
2010-05-01,2010,15.0,2.1999999999999993,23.54,24.6,0.956910569105691,2.3992516080809416,0.3897378569241439,1.4671415091090974,-1.0227489306835296
2010-05-02,2010,13.0,0.1999999999999993,14.91,23.35,0.638543897216274,3.551092595593822,-0.12935565427089757,2.809144740395023,1.2961844088684427
2010-05-03,2010,6.0,0,7.08,26.79,0.26427771556550955,1.7198151171658838,0.7547636658090916,1.2328532854197847,0.22874204647677576
2010-05-04,2010,10.0,0,21.03,28.68,0.7332635983263599,1.1346906235589331,0.569336953756637,0.8202697944444337,0.10743215500228587
2010-05-05,2010,11.0,0,28.7,29.48,0.9735413839891451,1.104139883660209,-0.38828692488812516,1.5675064408190145,-1.2106330050138048
2010-05-06,2010,11.0,0,28.71,29.22,0.982546201232033,0.7591110261739431,-0.29872414798120284,0.9597262063394295,-0.7063869263068364
2010-05-07,2010,12.0,0,27.68,29.12,0.9505494505494505,1.777650796826781,-0.0778729428575365,0.7975573210234416,0.18481772953005957
2010-05-08,2010,12.0,0,28.65,29.46,0.9725050916496945,1.673243316681679,-0.1233409420487308,1.498212254571853,-1.0181942430673014
2010-05-09,2010,9.0,0,21.22,27.68,0.7666184971098265,0.9264283459509739,0.058111912394170684,0.37422015782580154,-0.051478239017985906
2010-05-10,2010,9.0,0,19.75,27.19,0.7263699889665318,1.0507224279275038,0.5211550802666398,0.5328135228215182,-0.0477037052464843
2010-05-11,2010,7.0,0,20.51,26.35,0.7783681214421253,1.6596543462884916,0.32095849645683244,0.27670751562023216,-0.07111639677452845
2010-05-12,2010,5.0,0,17.94,29.99,0.5981993997999334,1.586775893516084,0.7436751209579212,0.232517442754365,-0.09629207315849679
2010-05-13,2010,10.0,0,27.93,29.47,0.9477434679334917,1.5499233444080522,0.658940297541535,0.8808682868939136,-0.18821522640096808
2010-05-14,2010,6.0,0,9.09,27.75,0.32756756756756755,3.449491876310433,1.4565789193926206,3.627253061103754,3.4230957499403334
2010-05-15,2010,4.0,0,6.87,29.21,0.23519342690859293,0.7211639536501313,0.41127427640270237,0.9475199418263432,0.7038329659443555
2010-05-16,2010,8.0,0,14.51,29.87,0.485771677268162,1.8742248337887157,1.048976973988964,1.2163154740847961,-0.20650766203130613
2010-05-17,2010,15.0,2.1999999999999993,28.12,30.56,0.9201570680628273,1.3286418343939344,0.30801268452261876,1.302279431904478,-0.9222122478359817
2010-05-18,2010,13.0,0.1999999999999993,29.26,30.18,0.9695162359178264,1.2063315736075355,-0.5217771484019086,1.398914394138522,-1.1155661982343978
2010-05-19,2010,11.0,0,22.12,29.05,0.7614457831325301,0.9527923793371296,0.1882036039362033,0.5629566386836207,0.02270887543599483
2010-05-20,2010,9.0,0,21.42,28.43,0.7534294759057334,1.0182262102008606,0.25316835555508205,0.3711115972702716,-0.24712733720049526
2010-05-21,2010,15.0,2.1999999999999993,25.92,28.58,0.9069279216235131,2.390039496528545,8.962173665342614e-05,1.691419241368687,0.7717715243681056
2010-05-22,2010,5.0,0,21.05,28.56,0.7370448179271709,1.1972787233122368,0.2659102583805244,0.7274652052867951,-0.5737810511819159
2010-05-23,2010,5.0,0,8.03,27.96,0.28719599427753933,2.400519976600912,-0.7320237406266636,0.9027931995060481,-0.23755751835520242
2010-05-24,2010,6.0,0,14.38,29.51,0.4872924432395798,0.9398630705607427,0.23232019943919205,0.7562814026174672,-0.548359744753666
2010-05-25,2010,10.0,0,24.76,29.11,0.8505668155273103,1.1278269110310533,0.293867561654311,0.8885067638038873,-0.4638112167827219
2010-05-26,2010,11.0,0,29.42,31.04,0.9478092783505155,1.0991550938335992,0.6773956464947112,0.4351734845669016,-0.2707861843610028
2010-05-27,2010,12.0,0,26.04,30.83,0.8446318520921181,0.9726690927300267,-0.2717876342577948,0.6273295631224081,0.08982117364515456
2010-05-28,2010,6.0,0,20.77,29.74,0.6983860121049092,0.7877785932981155,0.4495597408662338,0.3283327916025788,0.13148941242433132
2010-05-29,2010,6.0,0,18.89,28.09,0.6724813100747598,1.145567259956407,0.4515864957354312,0.4657488601780544,-0.365239302552362
2010-05-30,2010,9.0,0,19.79,29.15,0.6789022298456261,1.2918338909109477,0.6381090130234576,0.7127630024072951,-0.1266120636429271
2010-05-31,2010,8.0,0,20.14,27.78,0.7249820014398848,1.0280657526324821,0.510028701572626,0.8985228418204859,0.521350501605534
2010-06-01,2010,13.0,0.1999999999999993,19.64,28.86,0.6805266805266805,3.5327668027919357,-1.2870653911217038,0.9402011555638524,0.6453188788394222
2010-06-02,2010,7.0,0,13.99,28.31,0.4941716707877076,1.036496281059812,0.38271040474959755,0.9079032141546703,0.6714958012564202
2010-06-03,2010,5.0,0,11.14,29.86,0.3730743469524448,1.2010558502328943,0.7866458460156976,1.7338076533305649,1.291684054574653
2010-06-04,2010,4.0,0,8.7,27.94,0.31138153185397277,1.183741722102884,-0.34463550091459955,0.667179720389126,-0.06470247213782976
2010-06-05,2010,10.0,0,24.24,30.58,0.7926749509483323,1.2935323954014752,-0.2966037674980084,0.9206318482854905,-0.7403789815814049
2010-06-06,2010,10.0,0,27.16,30.96,0.8772609819121446,1.279148170756154,0.7890957560727959,0.8829951765843077,-0.23583370988814364
2010-06-07,2010,11.0,0,31.32,31.67,0.9889485317335017,0.9199037046469262,0.25794581801562755,1.0670764774549981,-0.8710488982225885
2010-06-08,2010,11.0,0,30.39,31.13,0.9762287182781882,1.2173812346653337,0.5102349122693796,1.0616292268426055,-0.8661969984006568
2010-06-09,2010,12.0,0,30.33,31.19,0.9724270599551137,1.2195945747606018,-0.6872614160973795,1.0143201836821871,-0.8337880627807266
2010-06-10,2010,10.0,0,21.89,30.53,0.7169996724533246,1.1997388188755074,0.29715734243099606,1.644301772376458,1.1148106689854493
2010-06-11,2010,11.0,0,25.39,30.47,0.833278634722678,0.8066220508306943,0.09954145768294949,0.6648961354421835,-0.18585631885221746
2010-06-12,2010,12.0,0,24.36,29.99,0.812270756918973,1.299050779348273,0.5270893917512961,0.4969876280649696,0.014098379372737687
2010-06-13,2010,7.0,0,13.46,28.26,0.47629157820240625,2.9376083471363033,0.1487155754337377,4.3940928400137915,4.2053110126697435
2010-06-14,2010,7.0,0,18.98,29.03,0.6538064071650017,0.9168789010681925,0.024584243164520164,1.0130994660711752,-0.7921625868921675
2010-06-15,2010,12.0,0,30.62,31.29,0.9785874081176095,1.44413924116867,-0.5100903731457277,1.6650050002957726,-1.3062415430361096
2010-06-16,2010,12.0,0,27.49,30.47,0.9021988841483426,0.9389377857133858,-0.46729458423477155,0.7517353582427543,-0.6354085576586913
2010-06-17,2010,11.0,0,27.61,30.04,0.9191078561917444,1.0225636902804238,0.35727445496913113,0.8993386729455922,-0.16236595234918502
2010-06-18,2010,11.0,0,23.31,29.44,0.7917798913043478,1.4971635748042298,0.48298809487402944,0.6086560123928598,-0.1589091849148391
2010-06-19,2010,10.0,0,24.85,28.75,0.8643478260869566,0.9752767759987471,0.18203423925397275,0.8184185607302261,0.1462021835132461
2010-06-20,2010,6.0,0,20.95,27.14,0.7719233603537214,1.1939361677040388,0.6288412597395768,1.7054915973797191,1.3003362461132066
2010-06-21,2010,5.0,0,15.34,28.02,0.5474660956459672,1.2104386234338338,0.5913055419377883,1.7224812490263846,1.4925021804843421
2010-06-22,2010,15.0,2.1999999999999993,18.67,28.71,0.6502960640891676,4.643976352275499,-0.7259550253872328,3.857902826477077,2.4809564859572895
2010-06-23,2010,7.0,0,14.74,29.36,0.5020435967302452,1.7703409700074393,0.8194898582015622,0.6507048235559593,0.059411318862020814
2010-06-24,2010,7.0,0,16.29,29.29,0.5561625128030044,2.3642429371735885,0.5693408915417696,3.231263416439391,3.060797169805133
2010-06-25,2010,3.0,0,8.31,28.17,0.29499467518636846,1.7700743050124317,0.7796001144069685,2.5301751443463854,2.4314214630349005
2010-06-26,2010,10.0,0,29.25,31.38,0.9321223709369025,0.9397002827384064,-0.5268624397037339,1.306570639324743,-1.0047097052001401
2010-06-27,2010,10.0,0,27.11,31.51,0.8603617899079656,1.360303121227947,-0.46283812880049985,1.4143576132856663,-0.744388139226127
2010-06-28,2010,10.0,0,23.33,31.1,0.7501607717041799,1.361856381573967,-0.403371486655824,0.6984216840880849,0.16481400534431442
2010-06-29,2010,6.0,0,17.97,29.9,0.6010033444816053,1.2757850552559857,-0.2759440464144271,0.7922953528512577,-0.30039405545843384
2010-06-30,2010,12.0,0,26.91,30.38,0.8857801184990125,1.3653295410123898,0.19673560644757057,1.0468295337460165,-0.5995373985993346
2010-07-01,2010,9.0,0,25.9,30.68,0.8441981747066493,1.2392629832275308,0.25056266797144905,1.1878365080257107,-0.6990237417850474
2010-07-02,2010,12.0,0,29.96,31.23,0.9593339737431956,1.0008945218824334,-0.01485899633512977,0.9074589352577319,-0.4313742039414284
2010-07-03,2010,11.0,0,19.61,30.1,0.6514950166112956,1.0915709508446698,0.6825547514551461,1.3705756412493877,1.2022332974330343
2010-07-04,2010,8.0,0,22.68,29.99,0.7562520840280094,1.3753258841479834,0.15409522350672944,0.4151189384402606,-0.0648435514902103
2010-07-05,2010,10.0,0,23.61,29.69,0.7952172448635904,1.067211849745939,-0.2050982383011634,0.733651753326245,0.33552231546956907
2010-07-06,2010,8.0,0,20.2,29.3,0.6894197952218429,1.0370139655943231,0.6926293543945646,1.0580893692334932,0.7682284857493228
2010-07-07,2010,11.0,0,20.49,28.72,0.7134401114206128,1.6369269123691768,0.5072413469710503,0.9526094739084273,-0.29827302369592407
2010-07-08,2010,8.0,0,22.2,29.88,0.7429718875502008,0.8218743771760947,0.6056763046838504,0.9613619108672623,0.7673484375273656
2010-07-09,2010,8.0,0,16.06,29.19,0.5501884206920178,0.9587761173638225,0.4370301805834916,0.7305512512087176,0.2666594671258255
2010-07-10,2010,14.0,1.1999999999999993,20.78,29.28,0.7096994535519126,2.5639766982325662,-0.6451381199791505,1.2400035682407269,0.965249263320923
2010-07-11,2010,8.0,0,18.62,29.22,0.6372347707049967,1.1791675758904772,0.617592587652278,1.3849254611906219,1.023141039444866
2010-07-12,2010,11.0,0,22.48,30.03,0.7485847485847485,2.546407901221876,0.7686426781249992,3.838054338764487,2.0052801160828118
2010-07-13,2010,13.0,0.1999999999999993,29.7,30.11,0.9863832613749585,1.4545692308184008,-0.16399591969858682,1.3808127819795593,-0.9073224812511782
2010-07-14,2010,13.0,0.1999999999999993,29.6,30.31,0.9765753876608381,1.0741195004846318,0.49851884860168444,0.7754270201892962,-0.24318568875670188
2010-07-15,2010,9.0,0,24.76,29.06,0.8520302821748108,0.9657337973136222,0.17865120154831038,0.7217799841433389,-0.542029077868392
2010-07-16,2010,11.0,0,28.74,30.02,0.9573617588274483,0.7567766128236637,-0.06326585947059193,0.7932090899343816,-0.4799485773126631
2010-07-17,2010,10.0,0,26.2,28.87,0.9075164530654658,1.0062616804663573,-0.28082306304559274,0.8763582533248004,-0.1814829490243627
2010-07-18,2010,8.0,0,24.45,28.77,0.8498435870698644,0.9855330488862799,0.16399650681042433,1.3122265174964263,1.252512073131264
2010-07-19,2010,6.0,0,14.39,27.12,0.5306047197640118,2.0649947911497404,0.11025107623785739,2.273637639088401,2.1874606363351954
2010-07-20,2010,8.0,0,23.09,28.15,0.8202486678507993,0.993403436553547,-0.2173227786518536,0.9839006090849222,-0.7527241008956574
2010-07-21,2010,10.0,0,28.2,29.59,0.9530246704967894,0.9443832333697013,-0.1716690196932622,0.8736945394171776,-0.6943773688549335
2010-07-22,2010,3.0,0,16.93,28.17,0.6009939652112175,1.2279374584046032,0.3847209366182927,1.5344701938262675,1.4238211764824171
2010-07-23,2010,7.0,0,5.31,26.46,0.2006802721088435,4.1299031106456425,1.6862395808241617,4.431027021937002,4.375052307269724
2010-07-24,2010,10.0,0,20.27,27.43,0.7389719285453883,2.1326236138966914,0.8150944974651838,1.1207699452992241,-0.04009755776030784
2010-07-25,2010,8.0,0,20.61,26.09,0.7899578382522039,1.1914853270816061,-0.5266523574112111,0.4316974222278157,-0.269083423308284
2010-07-26,2010,8.0,0,12.6,25.92,0.48611111111111105,1.8745100836685464,-0.4471604162025981,0.6377140611611948,-0.4395270280700648
2010-07-27,2010,6.0,0,13.11,27.13,0.4832288978990048,1.3458737217861816,-0.1612407628196304,0.7102031341098825,-0.49934246981905517
2010-07-28,2010,8.0,0,22.91,27.34,0.837966349670812,1.5306261571547417,1.2400738439068988,0.7282192790293524,0.38546013326539236
2010-07-29,2010,3.0,0,11.53,27.78,0.4150467962562995,1.5215446450760264,0.49965632985265884,1.2260888852255762,0.9137269473975506
2010-07-30,2010,6.0,0,9.64,27.45,0.35118397085610203,1.1433043991423826,-0.5933011300802202,0.6576068770736548,-0.5093866931104069
2010-07-31,2010,6.0,0,11.15,27.4,0.4069343065693431,1.1761872932560098,0.2429198252318415,1.7596439254530498,1.6535723552996278
2010-08-01,2010,5.0,0,7.56,26.9,0.2810408921933086,1.614457629266121,0.5331735423191638,1.1557207420045743,0.12546637585165263
2010-08-02,2010,11.0,0,27.06,28.04,0.9650499286733238,1.353823137394291,-0.5244423179534164,1.577674264012087,-1.2295932484576557
2010-08-03,2010,11.0,0,27.62,28.15,0.9811722912966253,1.3609377230317015,-0.1136111458774205,0.787120740151455,-0.4021576091839029
2010-08-04,2010,13.0,0.1999999999999993,27.83,28.16,0.9882812499999999,1.2947165428718055,0.08219644692530463,0.8342518916212643,-0.36112403645383867
2010-08-05,2010,8.0,0,23.36,26.66,0.8762190547636909,0.5504464465933521,0.26090457131142103,0.2476085375656335,-0.14970470628451812
2010-08-06,2010,6.0,0,11.47,26.29,0.4362875618105744,1.5352099950396478,0.8902565100519463,1.1591983616054948,0.9674941845169288
2010-08-07,2010,10.0,0,18.19,26.98,0.6742031134173462,1.3254240788408258,-0.2163381570382009,0.7686832033777704,0.21760033978014862
2010-08-08,2010,6.0,0,18.87,26.35,0.7161290322580646,1.2688036425800528,0.7583985371774503,0.6042533873332212,0.29358689003563637
2010-08-09,2010,10.0,0,20.83,26.46,0.7872260015117157,0.6034683665160572,-0.10290331555535322,0.4188599253341724,-0.12830620372101068
2010-08-10,2010,15.0,2.1999999999999993,21.74,25.86,0.8406805877803557,4.17257583310317,-2.6424254252729473,1.9063044634090562,-1.5353689813638975
2010-08-11,2010,9.0,0,23.31,27.13,0.8591964614817545,1.7388852048564944,-0.3158207310476402,1.0887232875416162,-0.6606983768604469
2010-08-12,2010,10.0,0,26.65,27.24,0.9783406754772394,0.7005412572668049,0.08799203228141798,0.6327805482927431,-0.1484087892487652
2010-08-13,2010,13.0,0.1999999999999993,26.99,27.37,0.9861161856046765,1.3485508429742332,-0.774585087698976,0.9054614771198822,-0.7688901702916932
2010-08-14,2010,12.0,0,25.66,26.54,0.9668425018839488,1.623611768102579,0.3950914626537978,0.7426616483197587,0.03800905582491687
2010-08-15,2010,6.0,0,16.01,24.29,0.6591189790037053,1.3013063417307078,0.7782041206639269,0.8474129292647089,0.43118844236049014
2010-08-16,2010,6.0,0,18.49,25.13,0.7357739753282928,1.7111479186478118,0.5254880959279501,0.7060456801367742,-0.07333421288991755
2010-08-17,2010,7.0,0,24.79,26.16,0.9476299694189602,0.9122241795223558,-0.02903155313137547,0.6842633042033486,-0.563237206994069
2010-08-18,2010,13.0,0.1999999999999993,24.35,25.95,0.9383429672447015,1.5614327476236993,1.1126791313308784,0.9987779246970078,0.8482720311298539
2010-08-19,2010,9.0,0,17.74,24.56,0.7223127035830619,0.9638059017689996,0.6923822483498432,0.554039236475874,0.11841072268284474
2010-08-20,2010,12.0,0,25.89,26.17,0.9893007260221628,1.1726461423828025,0.5285871688636434,0.8026721120237332,-0.1852897959218455
2010-08-21,2010,13.0,0.1999999999999993,23.33,25.51,0.9145433163465306,1.798513163202251,1.219162975891271,1.0499393295461232,0.4827104372320849
2010-08-22,2010,10.0,0,19.93,24.11,0.826627955205309,1.0096540091053186,0.5419419182601076,0.6017320752166951,-0.06049449882691604
2010-08-23,2010,15.0,2.1999999999999993,24.21,24.38,0.9930270713699755,2.4093246674341735,0.7222090519851435,1.565747309234728,0.8127159030403988
2010-08-24,2010,5.0,0,16.04,23.53,0.6816829579260518,1.6397740957423634,-0.35896279577355433,0.9421442398331672,0.7108100582161475
2010-08-25,2010,5.0,0,13.17,21.45,0.613986013986014,0.6766099843779888,0.3885365636692186,0.4268645596780461,-0.2937672024235927
2010-08-26,2010,4.0,0,12.44,17.81,0.6984839977540708,0.6600292457474903,0.40047045580865825,0.6447875125347153,0.19462758588898588
2010-08-27,2010,8.0,0,15.21,18.83,0.8077535847052577,0.8085648359157822,0.005180566817959568,0.5387614559400633,-0.11835238100279355
2010-08-28,2010,8.0,0,12.68,19.57,0.6479305058763413,0.7533835334875774,0.15398902781444454,1.0387573134115975,0.9854942205421828
2010-08-29,2010,10.0,0,21.85,23.9,0.9142259414225943,0.956839121050484,-0.11847198427910932,0.7214459271874664,-0.6257342125123966
2010-08-30,2010,10.0,0,23.1,24.24,0.952970297029703,0.8456631651936325,-0.33204256742177796,0.6285684263404553,-0.4692289261231763
2010-08-31,2010,10.0,0,23.43,24.15,0.9701863354037268,0.5530057189467563,-0.004016438221126517,0.4434177601479344,0.02073341770521253
2010-09-01,2010,12.0,0,23.44,23.89,0.981163666806195,1.607608232536254,-0.7528981385777936,1.0893961698305987,-0.8208493090140431
2010-09-02,2010,8.0,0,21.5,23.15,0.9287257019438445,1.7068209597575155,0.3548681987457554,1.663124309601241,1.3333231871164308
2010-09-03,2010,14.0,1.1999999999999993,9.19,21.46,0.4282385834109972,5.405741847796881,-2.1076788875682695,0.6609762303294381,-0.014721593288164433
2010-09-04,2010,8.0,0,22.76,24.98,0.9111289031224981,1.6015371404821679,-0.8205442495356966,0.43175245088226466,-0.18372181349370997
2010-09-05,2010,8.0,0,14.75,24.19,0.6097560975609756,1.478586114653703,0.7583662027783535,0.5442892939749954,-0.02577062323020544
2010-09-06,2010,13.0,0.1999999999999993,23.37,23.57,0.9915146372507425,0.7639500648200225,0.06883020544765735,0.4298437741437635,-0.056159114272617806
2010-09-07,2010,12.0,0,23.14,23.69,0.9767834529337273,1.2141109088450408,-0.5836698311209391,1.3208020061664656,-1.0631961351167465
2010-09-08,2010,12.0,0,22.71,22.91,0.9912701876909646,2.0644264168837156,-0.7979225639888337,1.1569311519914773,-0.7396908579321261
2010-09-09,2010,14.0,1.1999999999999993,19.18,20.84,0.9203454894433781,1.20277522770689,-0.43087901964007463,0.7539916261868684,-0.09694349721178952
2010-09-10,2010,8.0,0,18.63,19.43,0.9588265568708183,1.9008339279426645,-0.8426343421080399,1.0649711056565951,0.437881032168983
2010-09-11,2010,12.0,0,19.71,19.78,0.9964610717896866,1.3918606915068743,0.8925477451095668,0.8614940782955137,0.06338915782688777
2010-09-12,2010,11.0,0,14.42,19.0,0.7589473684210526,2.5394469677430536,-0.006801685125481886,0.324798492877145,-0.2706101361630531
2010-09-13,2010,4.0,0,5.32,17.97,0.2960489705063996,1.5235187877887173,0.5296122352363601,2.6004918233324736,2.4587461849281835
2010-09-14,2010,9.0,0,17.83,20.48,0.8706054687499999,0.6539809946648287,0.11415968359029183,0.6751615122472977,-0.10043584839444601
2010-09-15,2010,10.0,0,18.54,19.94,0.9297893681043128,1.2110805321803984,-0.04027402497981273,1.223752125893481,-0.7867398666814202
2010-09-16,2010,9.0,0,19.54,20.0,0.977,0.6622749028820202,-0.39502099571002347,0.7056409117847455,-0.6157122259097901
2010-09-17,2010,7.0,0,14.86,20.12,0.7385685884691848,0.9696301961603894,0.19381493010395,0.8523941477829284,0.5705676131585307
2010-09-18,2010,8.0,0,17.7,19.94,0.8876629889669007,1.0591098976228182,0.7471412791911752,0.7082022362961713,0.05000981431742998
2010-09-19,2010,6.0,0,14.31,19.83,0.7216338880484116,0.48690508355223155,0.08849853081457093,0.38320170278441507,-0.09262770001436078
2010-09-20,2010,6.0,0,12.22,18.92,0.645877378435518,0.746251305983764,-0.056461853878244726,0.3742672303171377,0.06889013480883104
2010-09-21,2010,11.0,0,18.97,19.74,0.9609929078014184,1.2150169808803728,0.7757710446578686,0.9018491633550398,0.4779435682381988
2010-09-22,2010,10.0,0,19.28,19.78,0.974721941354904,0.8728863783572063,0.13182448272581282,0.6878776882805844,-0.013530767310058422
2010-09-23,2010,9.0,0,12.32,19.41,0.6347243688820196,1.0487175241499465,0.28053647301533235,0.7498878821718299,-0.16978424431029993
2010-09-24,2010,9.0,0,19.95,20.15,0.9900744416873449,0.9704347797160032,0.35910790113571167,0.46697277110066776,0.15573306034873666
2010-09-25,2010,11.0,0,19.75,20.13,0.9811227024341779,1.2206981143474822,0.7558471076429644,1.3542874022857476,1.1069101804743535
2010-09-26,2010,8.0,0,13.0,18.59,0.6993006993006993,0.6064876266338606,-0.0782468963876155,0.4463554048726522,-0.17149842304878207
2010-09-27,2010,10.0,0,16.98,18.1,0.9381215469613259,0.7386116501509844,0.25548935010473955,0.6014060698875079,0.4437304572686311
2010-09-28,2010,4.0,0,13.55,17.89,0.757406372275014,1.4324279806122988,0.7097776135568049,1.5142485526033043,1.3808215498342846
2010-09-29,2010,9.0,0,15.81,17.99,0.8788215675375209,0.8978853438323715,0.30171846640114514,0.41228850415436824,0.10085835971370767
2010-09-30,2010,9.0,0,18.09,18.48,0.9788961038961038,1.4207523788100398,0.42310479066749207,1.3043506145118096,0.9281976188035644
2011-05-01,2011,8.0,0,8.67,24.46,0.3544562551103843,3.542417473805088,0.4411935236928765,2.902093596070917,1.5767561258576723
2011-05-02,2011,10.0,0,26.1,28.42,0.9183673469387755,1.0362278466412722,-0.025786400721203934,0.8230490055794307,-0.5670376342037624
2011-05-03,2011,11.0,0,25.08,26.6,0.9428571428571427,0.7828912269334158,-0.23432216823888816,1.0700780667910095,-0.8861951370148008
2011-05-04,2011,13.0,0.1999999999999993,26.45,27.58,0.9590282813633068,1.0732088947795813,0.13138188556156916,1.006829142491824,-0.8786961491185957
2011-05-05,2011,12.0,0,23.38,27.51,0.8498727735368956,2.0346994548474466,-0.9904631314121273,1.0288748329484918,-0.866145096378696
2011-05-06,2011,4.0,0,12.08,25.4,0.4755905511811024,0.8149707788304901,0.3156154613401691,0.7659470929993163,0.5461623298278173
2011-05-07,2011,9.0,0,11.6,26.93,0.4307463795024137,3.7880343884347916,-0.0765652754880893,2.0298411135032164,1.7743043571011317
2011-05-08,2011,8.0,0,20.76,27.92,0.7435530085959885,1.8310965075506094,-0.15167173914359844,0.7202511890767894,0.2656482823995763
2011-05-09,2011,10.0,0,19.6,28.93,0.6774974075354304,1.6181424529266997,-0.11135713437684729,1.1375968197470616,-0.3720128581681319
2011-05-10,2011,7.0,0,29.52,30.3,0.9742574257425742,0.6594695575605072,0.23404654391109073,0.6395876556141002,-0.4074732522287465
2011-05-11,2011,13.0,0.1999999999999993,27.81,28.66,0.9703419399860432,1.5651429012026326,0.5186848267531637,1.065144104214874,-0.489216165438411
2011-05-12,2011,11.0,0,25.47,28.58,0.8911826452064381,1.0481886825041555,-0.22224806722590706,0.7122330860530375,-0.511842560948694
2011-05-13,2011,10.0,0,20.88,28.19,0.740688187300461,2.0595555650933477,1.825606964208202,1.8676063909301268,1.6451181069323653
2011-05-14,2011,12.0,0,28.36,29.54,0.960054163845633,0.840218205357866,-0.2951754945480915,1.0656854422110087,-0.8204751667859996
2011-05-15,2011,14.0,1.1999999999999993,26.22,29.05,0.9025817555938037,0.9904344868096385,0.08584375172363028,0.7258175272527758,-0.11771614860473474
2011-05-16,2011,11.0,0,26.71,28.99,0.9213521904104864,1.6670390027419586,0.7570274282118644,0.5299265807666144,-0.3256147019597133
2011-05-17,2011,8.0,0,8.71,27.79,0.31342209427851747,4.112984923046399,0.7587178761898411,3.5387900280043416,3.297042356709698
2011-05-18,2011,9.0,0,18.65,28.95,0.6442141623488773,2.523663735797467,0.680436333157653,4.161088140077704,3.650761862760802
2011-05-19,2011,9.0,0,16.7,28.86,0.5786555786555786,1.249557755177242,0.18428779715992363,0.826792165783548,-0.5117230413099438
2011-05-20,2011,10.0,0,22.04,29.8,0.7395973154362415,0.7032142137612983,0.06541999890070545,0.8162047335519712,-0.6566171444943881
2011-05-21,2011,8.0,0,16.78,28.14,0.5963041933191188,0.9919346542750769,0.31393668714843764,0.8394903848986937,-0.1883885203370094
2011-05-22,2011,11.0,0,22.19,29.7,0.7471380471380472,2.9233440770658623,0.16000256843715377,3.5154797794433263,2.0376816873997843
2011-05-23,2011,10.0,0,27.76,30.71,0.9039400846629763,1.0088050717787758,-0.13071414791999425,0.9946288692537615,-0.8084483700437394
2011-05-24,2011,12.0,0,29.54,30.95,0.9544426494345719,1.0172585909288598,-0.4936929344549496,1.3339540340734606,-1.0967194895073327
2011-05-25,2011,13.0,0.1999999999999993,27.95,29.83,0.9369761984579283,1.1910044510456932,-0.10963883651606239,0.5862232144740994,-0.4029545818175381
2011-05-26,2011,12.0,0,20.6,28.91,0.7125562089242478,1.6066278980767945,-0.30050189380078757,0.6540780300790777,-0.5139250216344973
2011-05-27,2011,7.0,0,14.78,29.38,0.5030633083730429,2.0575810534502166,1.0775683244607306,0.7193622759354641,-0.18371542648477046
2011-05-28,2011,14.0,1.1999999999999993,29.65,31.67,0.9362172402904957,1.8374415104740351,0.07675050646565788,1.548353834545465,-1.0265247043432257
2011-05-29,2011,13.0,0.1999999999999993,29.6,31.62,0.9361163820366857,1.0019535918656106,0.5339929629823237,0.585844689825835,-0.04135182219678294
2011-05-30,2011,13.0,0.1999999999999993,27.42,30.61,0.8957856909506697,1.1533160788488859,0.16327561058257048,0.6491367998772388,-0.5347359437805252
2011-05-31,2011,9.0,0,19.28,29.61,0.6511313745356299,1.3776503058330074,0.8132089647142631,0.6001720925035028,0.5154294263609003
2011-06-01,2011,7.0,0,17.2,29.19,0.5892428914011647,0.8163744175461343,0.19649626128879083,0.5037008637469375,0.33465888347763756
2011-06-02,2011,6.0,0,12.39,27.03,0.4583795782463929,0.5430652848579414,0.29672293805346006,0.3208327202158775,-0.019670265589734726
2011-06-03,2011,10.0,0,16.02,26.82,0.5973154362416108,0.7491295328610884,-0.010041641301938261,0.9747918968223207,0.4167014424826399
2011-06-04,2011,13.0,0.1999999999999993,29.22,30.67,0.9527225301597652,0.9873059885272819,0.0570179553608862,0.6799380308668891,-0.5019497011146132
2011-06-05,2011,8.0,0,16.1,28.83,0.5584460631286855,2.3837949368878704,0.5210503193349271,2.9661886196780416,2.707696814734876
2011-06-06,2011,12.0,0,28.84,30.17,0.9559164733178653,0.9074199538672153,-0.06975175937931215,0.7340534382377707,-0.5163337851991076
2011-06-07,2011,10.0,0,23.44,27.84,0.8419540229885057,1.0760001926398173,-0.3336856199857932,0.910926612147321,-0.731256574141747
2011-06-08,2011,10.0,0,25.57,30.43,0.8402891883010187,0.9041273081663899,0.5433953747903449,0.6586397099498509,0.10648757721152435
2011-06-09,2011,11.0,0,19.52,30.41,0.6418941137783624,1.4269263755360244,-0.029295186978153847,1.814774130138326,1.4718053868954442
2011-06-10,2011,8.0,0,18.07,29.63,0.6098548768140398,1.175922350170986,0.4043925406114637,1.5160448141616532,1.225181868521694
2011-06-11,2011,12.0,0,28.55,30.41,0.9388359092403815,0.937084418653257,-0.22474265222466094,0.588095384994902,-0.49063113571756983
2011-06-12,2011,11.0,0,26.07,30.15,0.864676616915423,0.8429590091797223,0.3928874979942438,0.5708842180317036,0.15181240331389625
2011-06-13,2011,15.0,2.1999999999999993,17.74,29.05,0.6106712564543889,4.474914746567211,1.3549785061630428,6.781545013774865,5.799446976655308
2011-06-14,2011,7.0,0,16.31,28.15,0.5793960923623446,0.8537694045899087,0.3162509098311868,0.5275031430453426,0.20783741310783257
2011-06-15,2011,5.0,0,13.07,27.2,0.48051470588235295,1.8850326885578421,1.3812123445226139,1.044368454076393,0.6501771348460655
2011-06-16,2011,9.0,0,17.3,29.22,0.592060232717317,1.1073787294576773,0.5660409826672653,1.4662766734590242,1.0228245984626927
2011-06-17,2011,7.0,0,19.05,29.26,0.6510594668489406,1.2125529598419902,0.3469899945237131,0.686001084714782,-0.2851419696767537
2011-06-18,2011,10.0,0,11.93,29.34,0.4066121336059986,3.2338083789428,-0.19349567132664017,2.8078447415007237,2.3100825591683267
2011-06-19,2011,7.0,0,18.11,29.45,0.6149405772495755,1.3128536881061048,-0.30590936585555334,1.3914029846612685,-0.6143251382073949
2011-06-20,2011,11.0,0,21.44,30.57,0.7013411841674845,1.6003667653357452,-0.8076874514236243,1.3494065743301646,-0.986080370354952
2011-06-21,2011,10.0,0,22.98,31.04,0.7403350515463918,1.3222644839224236,0.7242777505422425,1.6037086602200785,1.1516710276353515
2011-06-22,2011,10.0,0,24.15,30.06,0.8033932135728543,1.2677646614503224,-0.5673033502581551,0.7032399287259228,-0.5126956760284731
2011-06-23,2011,12.0,0,18.21,29.76,0.6118951612903226,3.945687110528562,2.3691254712026777,7.156490108622303,6.720895594239654
2011-06-24,2011,11.0,0,24.78,30.93,0.8011639185257032,1.1915907900779854,-0.6117915134209432,1.4590827068320407,-1.142556828401456
2011-06-25,2011,12.0,0,30.99,31.29,0.9904122722914669,0.6214237807256325,0.07673379096120596,0.44219208266531895,-0.2743141478603981
2011-06-26,2011,15.0,2.1999999999999993,28.18,30.45,0.9254515599343186,2.741026986448263,-0.14446032622226626,2.184380257121537,1.4929354421997907
2011-06-27,2011,10.0,0,16.37,28.66,0.5711793440334962,1.4553792927481395,0.09745808249729808,1.0992793557436633,-0.6698699607016021
2011-06-28,2011,10.0,0,25.86,29.91,0.8645937813440321,0.7802740989326384,-0.07003815332249068,0.8149687868713328,-0.5018526613223523
2011-06-29,2011,9.0,0,16.84,28.31,0.5948428117273049,0.7567919197074688,0.20091896635123696,1.112274031095399,0.9660755834790162
2011-06-30,2011,8.0,0,21.19,28.95,0.731951640759931,2.509858734035419,0.7422681820761582,0.6130360037958911,-0.3996915990662225
2011-07-01,2011,11.0,0,21.63,30.01,0.7207597467510829,2.2382560446888227,1.0192062238169568,2.459973986924764,1.5345265378182755
2011-07-02,2011,11.0,0,22.63,30.07,0.7525773195876289,1.7299086689897187,0.9440989187234897,0.68016119146134,0.5351292019425801
2011-07-03,2011,8.0,0,15.63,29.27,0.5339938503587291,1.3016967123003373,-0.011172301972014242,1.0049397526560808,-0.5650424503517311
2011-07-04,2011,11.0,0,31.21,31.57,0.988596769084574,0.9292039304115609,0.18063093232175254,0.6240086862638551,-0.13082654996570633
2011-07-05,2011,12.0,0,30.41,31.09,0.9781280154390479,1.7645562609720586,0.14554878070527058,1.4241953858523084,-0.5973732214365176
2011-07-06,2011,12.0,0,23.33,30.49,0.7651689078386356,1.1893610633112246,-0.44022263507482107,0.8645072738616192,-0.09765727137601547
2011-07-07,2011,12.0,0,23.29,29.12,0.799793956043956,0.6794127060566116,-0.23452459118309635,0.7115025752809775,-0.5981160258500999
2011-07-08,2011,9.0,0,25.5,30.08,0.8477393617021277,0.7124096094991492,0.11367750943599712,0.40998689468311633,0.13410032555161835
2011-07-09,2011,9.0,0,30.12,30.9,0.9747572815533981,0.8264943477754394,0.02811728648976179,0.942783466990599,-0.5333414328167793
2011-07-10,2011,10.0,0,27.91,30.27,0.9220350181698052,0.8680113602062384,-0.4667653237946305,0.6961134228520386,-0.5010124309612459
2011-07-11,2011,12.0,0,28.47,29.9,0.9521739130434783,1.0446459868976528,-0.28843732470151134,0.7185470550772751,-0.6028183188717483
2011-07-12,2011,12.0,0,29.09,29.83,0.9751927589674825,0.9674561267333703,0.291384977167725,1.117189851374498,-0.2712566397765433
2011-07-13,2011,13.0,0.1999999999999993,28.3,29.25,0.9675213675213675,1.5097052110457907,0.8776707469680803,1.2167010592776768,0.5926775187488218
2011-07-14,2011,8.0,0,23.66,28.44,0.8319268635724332,2.0385697313874602,0.17537057349847243,1.9715868358064346,1.4272703453804911
2011-07-15,2011,5.0,0,12.51,27.91,0.44822644213543533,2.044668381575961,0.9048062230823944,1.8574949687036222,1.8285023641471891
2011-07-16,2011,5.0,0,13.54,24.79,0.5461879790237999,1.6294083796310508,1.2780609729679122,2.3906689821921128,1.9939627678881824
2011-07-17,2011,12.0,0,23.22,25.46,0.9120188531029064,2.035441754031424,0.7713456576786227,1.5675839004714076,-0.1177795388292348
2011-07-18,2011,12.0,0,27.15,28.01,0.9692966797572294,0.9915186437615989,-0.06650523978436462,1.1734800435557617,-0.9545652236364379
2011-07-19,2011,11.0,0,28.64,29.37,0.9751447054817841,1.067431983614205,0.5076825286582946,0.7319795598472132,-0.48965550005214215
2011-07-20,2011,7.0,0,20.31,27.69,0.7334777898158179,2.653607879238063,-0.30474076465370503,2.79077625134586,2.7163664117162987
2011-07-21,2011,11.0,0,19.87,25.72,0.7725505443234837,1.383043971060278,0.20699741167074567,0.6540172634760281,0.002851560926240874
2011-07-22,2011,10.0,0,28.47,29.18,0.9756682659355723,0.9708487701475257,-0.13426354460569248,0.9678072234261965,-0.5317071895030546
2011-07-23,2011,11.0,0,28.0,28.91,0.9685230024213075,1.2359345957514856,0.11409076986653972,0.7343739037996309,0.49412981618575635
2011-07-24,2011,8.0,0,22.4,26.97,0.8305524657026325,0.6989369503620235,-0.20512333444659228,0.7497102450993525,-0.4942071092165392
2011-07-25,2011,9.0,0,27.4,27.99,0.978921043229725,1.26513442622993,0.3085577645790534,0.5058596508042806,-0.07355218455515337
2011-07-26,2011,5.0,0,14.19,26.76,0.530269058295964,1.6545580265262148,-0.28468359345995725,1.5228196688633815,1.475295607456209
2011-07-27,2011,10.0,0,26.0,29.7,0.8754208754208754,1.0025556797844475,0.1757098397450602,0.7144291720075242,-0.5544596719206473
2011-07-28,2011,12.0,0,29.33,29.78,0.9848891873740765,0.7358342840176048,0.21315416696545805,0.5468821597204724,-0.17180980010190972
2011-07-29,2011,11.0,0,27.64,28.9,0.9564013840830451,1.0203081051575689,0.41540654279308137,0.47815663964434113,-0.37189008176453814
2011-07-30,2011,11.0,0,25.31,28.25,0.895929203539823,0.7648475662993859,0.15960004393446367,0.4833178599543195,-0.378320048480188
2011-07-31,2011,10.0,0,23.36,27.78,0.8408927285817134,1.0784701374018486,0.3215330420530684,0.6046290429354336,0.25595392549937773
2011-08-01,2011,4.0,0,18.46,26.49,0.6968667421668555,1.187378614579327,-0.048461166144669665,0.8743364177912896,0.6003731006813217
2011-08-02,2011,11.0,0,22.25,26.42,0.8421650264950794,0.9381719760541698,0.10055768204658329,0.8352517516662965,-0.2295932484576563
2011-08-03,2011,11.0,0,22.15,26.85,0.8249534450651768,3.2967023534752156,1.7613888541225795,5.7659718529652,4.597842390816098
2011-08-04,2011,10.0,0,27.53,27.72,0.9931457431457432,0.7499234955322124,0.21707418994254235,0.5280019224050674,0.06836612580473833
2011-08-05,2011,11.0,0,27.11,27.39,0.9897772909821102,1.01620712725282,-0.1256312144467957,1.3495408699484135,-0.9141773044745456
2011-08-06,2011,10.0,0,24.8,27.03,0.9174990751017388,1.1735982121575392,-0.2940169276912008,0.5378536781881584,0.22360141863932567
2011-08-07,2011,14.0,1.1999999999999993,26.43,27.16,0.9731222385861561,1.5731250468616114,-0.11120675318681543,1.096889198771026,-0.6953595243077922
2011-08-08,2011,13.0,0.1999999999999993,18.71,26.1,0.7168582375478927,4.921712023431727,-1.459250593974912,2.788156835691991,2.274993817299434
2011-08-09,2011,8.0,0,16.09,24.45,0.658077709611452,1.4333349213441597,0.3260106808890509,0.8747768144556719,-0.16931162964347557
2011-08-10,2011,11.0,0,24.12,26.34,0.9157175398633258,1.0689176241368783,0.301110243688728,0.7521837067707228,-0.1148261418890808
2011-08-11,2011,5.0,0,8.07,23.78,0.33936080740117747,0.7300006567042867,0.005099593862423202,0.4769364866602104,0.2625749758182714
2011-08-12,2011,9.0,0,19.73,24.46,0.8066230580539656,1.0897992856371095,0.48627466437668637,0.6987030385409221,0.33309875634277714
2011-08-13,2011,10.0,0,19.73,24.37,0.8096019696347969,0.9926154419702895,-0.45801417002485384,0.6970572505243855,-0.3222232079166882
2011-08-14,2011,9.0,0,18.54,25.54,0.725920125293657,1.846398258404423,0.5463185969903495,1.4250934754184592,0.48684012520202086
2011-08-15,2011,13.0,0.1999999999999993,25.54,27.1,0.9424354243542434,1.159524318556096,0.088886705882953,1.0277556316693126,-0.2879805971078273
2011-08-16,2011,13.0,0.1999999999999993,24.89,26.79,0.9290780141843972,1.3855551690696313,0.08300198562166994,0.7625507639131993,0.03555364984962376
2011-08-17,2011,9.0,0,20.59,25.37,0.8115884903429247,1.1390294198886481,0.2841022888310894,1.1564700444338538,0.9663140671981013
2011-08-18,2011,8.0,0,15.78,24.77,0.6370609608397254,1.6785687008327008,0.790494850049772,2.5224334915439126,2.445090480695294
2011-08-19,2011,10.0,0,20.85,24.66,0.8454987834549879,0.7852018251553775,0.43135064631464104,0.6366553855518511,0.29823413631427265
2011-08-20,2011,10.0,0,22.07,25.05,0.8810379241516966,0.7309191553659877,0.06596853585130624,0.6005294676157489,0.18084208392487136
2011-08-21,2011,8.0,0,17.14,24.57,0.6975986975986976,2.7493106920786876,1.0291002928561674,3.7638908167467697,3.758591038296668
2011-08-22,2011,8.0,0,10.39,23.77,0.4371055952881784,3.168015103397686,-0.05811313205858001,1.0133925124529863,-0.08172893239486534
2011-08-23,2011,12.0,0,25.4,25.82,0.9837335398915569,1.2891067501131765,0.17776724158811522,0.82211703580477,-0.5498272775676796
2011-08-24,2011,13.0,0.1999999999999993,24.18,24.85,0.9730382293762575,0.8530333678666735,0.07503006432209247,0.8257495545973857,-0.38522718197134687
2011-08-25,2011,14.0,1.1999999999999993,22.55,24.52,0.9196574225122349,1.1653803069363171,0.5962357116071448,1.2559986605253033,0.9441184998806058
2011-08-26,2011,11.0,0,20.18,23.31,0.8657228657228657,2.874950113947321,0.4658770868071425,2.4071587225002613,1.576892527861378
2011-08-27,2011,9.0,0,10.18,21.88,0.46526508226691043,4.276970334829259,0.8652031376702045,6.853790410430699,6.721020238038523
2011-08-28,2011,5.0,0,7.52,22.25,0.3379775280898876,0.6635504036079717,0.005876364933178557,0.841430220062659,-0.1413665552978672
2011-08-29,2011,4.0,0,12.82,23.07,0.5557000433463373,0.5685859101974405,0.2692778729550227,0.3745430838322545,-0.150293685004959
2011-08-30,2011,8.0,0,14.8,22.99,0.6437581557198783,0.8021530888712628,0.03436594606257685,0.7838226342738612,-0.3087164742318749
2011-08-31,2011,9.0,0,16.0,23.1,0.6926406926406926,1.1175762064512686,-0.6952814610656814,0.4585869451477757,-0.31467325739864255
2011-09-01,2011,9.0,0,14.56,22.4,0.65,1.5537665330649728,0.25824306273332054,2.301706400240288,2.1760296849061334
2011-09-02,2011,11.0,0,23.43,24.07,0.9734108849189863,0.999748669473364,-0.5328895600579197,0.8564906589241024,-0.5000139510482408
2011-09-03,2011,10.0,0,22.56,23.37,0.9653401797175866,0.9213931691749165,0.52146988384013,0.6700636255156335,-0.17718209044392572
2011-09-04,2011,11.0,0,21.91,23.26,0.9419604471195184,0.6200306352762949,-0.08658167644491692,0.6795409304664777,-0.35678416022051945
2011-09-05,2011,11.0,0,22.43,23.03,0.9739470256187581,0.48799101631773983,0.11567019548690298,0.603922926636042,-0.03543460694153211
2011-09-06,2011,11.0,0,23.27,23.62,0.9851820491109229,0.7963463965287481,0.026189661019812387,0.5418205028978686,0.285814082794964
2011-09-07,2011,11.0,0,22.96,23.29,0.9858308286818378,0.9312910768434878,-0.10447512297197277,0.7127167487739775,-0.22459645719035196
2011-09-08,2011,11.0,0,22.02,22.6,0.9743362831858406,1.1936306046279208,0.45457506811599036,0.6560348603337762,0.35763305398523454
2011-09-09,2011,14.0,1.1999999999999993,21.38,21.83,0.9793861658268438,2.210841478942634,-1.1693466364044733,0.736600471032966,-0.2636101638784562
2011-09-10,2011,10.0,0,17.92,20.89,0.8578267113451413,1.2301992887692796,-0.22344691863661628,0.5315639967536265,-0.0776487097887711
2011-09-11,2011,8.0,0,18.84,21.34,0.8828491096532334,1.6545292101212095,0.9839207189619343,1.0443132020732093,0.7644816607734821
2011-09-12,2011,9.0,0,21.58,21.81,0.9894543787253554,1.2508031271566677,0.35415277553400754,0.7126977028542508,0.4149553431393193
2011-09-13,2011,8.0,0,22.09,22.29,0.9910273665320772,0.8201536372981476,0.18422447047271984,0.8640542016481105,0.08415903652303373
2011-09-14,2011,13.0,0.1999999999999993,22.01,22.33,0.9856695029108824,0.7835973962070137,0.35008250592671875,0.6393906738161615,0.3549259967635792
2011-09-15,2011,12.0,0,21.69,22.0,0.985909090909091,0.8356566647527606,-0.04832882997577581,0.9273707305767006,-0.3107545066843714
2011-09-16,2011,12.0,0,21.31,21.56,0.988404452690167,0.8039888579123134,0.051390174042845516,0.8727941875439047,0.012383698786946932
2011-09-17,2011,7.0,0,14.77,19.95,0.7403508771929824,1.5210125953375382,0.9021482634372834,1.921600272756093,1.903900946491864
2011-09-18,2011,9.0,0,16.89,18.49,0.9134667387777178,0.5698248798231647,0.13740893909007204,0.2947756324251205,-0.13123895889289253
2011-09-19,2011,11.0,0,19.62,19.8,0.990909090909091,0.6440124469367438,-0.1294193601732875,0.7206852002000538,-0.0031507833596613466
2011-09-20,2011,10.0,0,19.32,19.79,0.9762506316321375,0.6847788277975352,0.142293584711362,0.6800262990801209,-0.4962942197630594
2011-09-21,2011,12.0,0,17.63,19.27,0.9148936170212766,0.9544210511651747,-0.0855224967368704,0.5943299228573115,-0.20587974374014628
2011-09-22,2011,7.0,0,15.96,19.55,0.8163682864450128,1.5068128847731401,0.2589438045747367,1.3954552920188847,1.2071951295496266
2011-09-23,2011,10.0,0,19.18,19.3,0.993782383419689,0.859368620854019,-0.08181132627925962,0.7118601253306379,-0.5219824936781107
2011-09-24,2011,11.0,0,16.75,18.72,0.8947649572649573,1.0531870960891838,-0.6583125652785751,0.849135192938452,-0.5504003336478398
2011-09-25,2011,7.0,0,15.31,18.11,0.8453892876863612,1.489275550835899,0.8727902777778284,1.054345533748934,1.0225792057564067
2011-09-26,2011,8.0,0,15.78,18.95,0.8327176781002639,1.6890649182863844,0.963419770279051,1.6236909944348932,1.3285015769512176
2011-09-27,2011,13.0,0.1999999999999993,19.16,19.51,0.9820604818042029,1.1128741152936716,0.6279694884694961,1.159833725914022,1.0435162611158892
2011-09-28,2011,13.0,0.1999999999999993,18.84,19.09,0.9869041382922996,1.071400202727192,0.056777244059616816,0.7661039280087913,0.15433670362809573
2011-09-29,2011,14.0,1.1999999999999993,15.91,18.3,0.8693989071038251,1.425862810661989,0.8952657625499281,1.1646042452745804,0.6568907817768773
2011-09-30,2011,9.0,0,13.74,17.0,0.808235294117647,1.3606717517428246,0.9231047906674921,1.5210452283051472,1.094864285470231
2012-05-01,2012,13.0,0.1999999999999993,27.69,28.78,0.9621264767199444,1.0596071718174815,-0.337688987604231,0.8140328750737471,-0.53714892446489
2012-05-02,2012,13.0,0.1999999999999993,24.21,27.3,0.8868131868131868,1.0958797203137722,-0.16328983519141235,0.8000689572180513,-0.3655033437447634
2012-05-03,2012,10.0,0,20.67,25.15,0.821868787276342,0.8731685375639522,-0.47232971291002973,0.7244349998824156,-0.0592345116643808
2012-05-04,2012,5.0,0,10.57,22.44,0.4710338680926916,1.3461329376706883,0.4333544280811559,1.2303465453033295,1.0557728765088772
2012-05-05,2012,12.0,0,20.94,28.27,0.7407145383799081,1.3818136069434566,0.5718463840205058,1.1713255584059443,-0.5281796771832153
2012-05-06,2012,13.0,0.1999999999999993,23.97,25.87,0.9265558562040973,0.9791701901759741,-0.25874243496427773,1.2283377908505964,-1.0111900027057736
2012-05-07,2012,11.0,0,18.75,26.8,0.6996268656716418,2.1927461518187004,0.04665969201088512,0.939268190054944,0.6360997216327515
2012-05-08,2012,11.0,0,23.2,27.52,0.8430232558139534,1.4540105862625958,-0.3641595144811995,1.0390804854447577,-0.8592141439849463
2012-05-09,2012,12.0,0,23.3,27.06,0.861049519586105,2.061217481394732,-0.2773487818667011,1.2738543492002867,-0.8413827181064235
2012-05-10,2012,7.0,0,15.65,29.69,0.5271135062310542,1.0715993169924238,0.3209584964568322,0.5149640457901322,-0.4044497301078624
2012-05-11,2012,16.0,3.1999999999999993,29.49,30.92,0.9537516170763259,1.6197878440863083,0.5214270537320135,0.9025215500583916,-0.27480130077385684
2012-05-12,2012,15.0,2.1999999999999993,29.66,30.31,0.978554932365556,1.4594334899045518,-0.9699228870210301,1.3188781763858268,-1.115656172934785
2012-05-13,2012,13.0,0.1999999999999993,28.72,29.76,0.9650537634408601,1.208971925078424,-0.5038012302048765,1.4275405981163956,-1.1388480973514998
2012-05-14,2012,14.0,1.1999999999999993,25.67,28.88,0.8888504155124655,1.1062911824608979,-0.580822914943037,1.2320473153558154,-0.9510494819380675
2012-05-15,2012,14.0,1.1999999999999993,26.81,29.05,0.9228915662650602,0.6305116280104808,-0.0743893337909598,0.34945024715101,-0.27805507522145234
2012-05-16,2012,8.0,0,20.57,27.74,0.7415284787310743,1.3231418099932595,0.6753845428565078,1.713845990986261,1.4637090233763648
2012-05-17,2012,11.0,0,18.79,28.19,0.6665484214260375,1.23830939042814,-0.29543975233137126,1.152924796992128,0.10185378675956198
2012-05-18,2012,13.0,0.1999999999999993,20.3,28.11,0.7221629313411597,1.7418049074102275,-1.1412139226208515,1.6534452577365277,-1.2761925411514
2012-05-19,2012,14.0,1.1999999999999993,20.61,27.76,0.7424351585014408,4.773172424482706,-0.7167453348723459,3.766433844956178,3.0807359977078566
2012-05-20,2012,8.0,0,11.77,30.47,0.3862815884476534,3.9119016080553086,-0.06106331285156249,2.2799384930200617,1.4782781463296566
2012-05-21,2012,10.0,0,30.78,31.63,0.9731267783749605,1.167292732305678,-0.42651281657228485,1.1967642616099208,-0.9808954356971652
2012-05-22,2012,11.0,0,23.96,29.53,0.8113782593972232,1.5326626548588516,-0.7521188960453276,1.6350382844222466,-1.2892932070481145
2012-05-23,2012,9.0,0,23.96,30.2,0.7933774834437086,0.9651449217410704,0.32764696582545527,0.8326167865494155,-0.6558729504638325
2012-05-24,2012,11.0,0,24.17,30.01,0.8053982005998,0.8148722178547263,0.17325431781974196,0.6448878225131927,-0.4435256717943267
2012-05-25,2012,10.0,0,18.66,25.28,0.738132911392405,0.9647153429658373,0.7142990725709493,0.4490949569989606,0.2083761960354522
2012-05-26,2012,16.0,3.1999999999999993,24.6,28.84,0.8529819694868239,4.600319581410423,0.45706093210071636,6.290981726583498,5.1753171204157615
2012-05-27,2012,8.0,0,26.23,31.34,0.8369495851946395,1.3149563061552552,0.8995155374420278,0.485697754085537,-0.3246807834342243
2012-05-28,2012,12.0,0,31.81,32.13,0.9900404606286958,1.1409600462092555,0.15317299147086283,1.1674926727336956,-0.8971452717713895
2012-05-29,2012,12.0,0,27.86,29.87,0.9327084030800133,1.5050585799036849,-0.9678737953596787,1.1344199806231636,-0.7243716404127915
2012-05-30,2012,12.0,0,23.15,28.37,0.816002819880155,0.9271039602191335,-0.13079028097439535,0.6109203360849866,-0.21797424759169992
2012-05-31,2012,5.0,0,14.87,27.4,0.5427007299270074,1.3043437288068955,0.42424270433796646,0.4883487403056679,-0.3800055594207355
2012-06-01,2012,9.0,0,25.2,30.16,0.8355437665782494,1.4086004749726848,0.8551514727732927,0.4790703895977197,0.05382793494873065
2012-06-02,2012,7.0,0,16.39,28.84,0.5683079056865464,0.952333098452376,0.009637517755309263,0.645675219569749,0.5083576764045148
2012-06-03,2012,6.0,0,11.91,27.8,0.42841726618705034,1.9629970138526476,-0.9660296534974443,0.5516928805789636,-0.3933593167089254
2012-06-04,2012,10.0,0,18.08,29.7,0.6087542087542087,0.8547060582815679,0.12692765014983495,0.6196485651931721,-0.24037898158140494
2012-06-05,2012,8.0,0,14.09,29.63,0.4755315558555518,2.8710281921469245,1.3979432715249038,2.2241203824277194,0.544666365422818
2012-06-06,2012,10.0,0,18.91,30.62,0.6175702155453952,1.2738246009829555,0.33578907264644275,0.78078247476366,-0.3979232408084137
2012-06-07,2012,12.0,0,23.9,30.11,0.7937562271670541,1.2600690888700723,0.3520744497484138,1.2391333082542308,0.49445175932049484
2012-06-08,2012,13.0,0.1999999999999993,28.4,30.67,0.925986305836322,1.8398630968144067,0.696439021450061,0.8884353317898941,-0.3060481791235645
2012-06-09,2012,12.0,0,19.7,30.04,0.655792276964048,2.1104449989452974,0.5582320792872261,1.2553651299387516,0.22490229221571312
2012-06-10,2012,8.0,0,21.0,30.15,0.6965174129353234,0.9970814359472003,0.705753379850115,1.528892270739737,1.3678571215557256
2012-06-11,2012,5.0,0,15.7,28.52,0.5504908835904628,2.0201432608151624,1.171009468785262,3.3277384551166285,3.3114298802941957
2012-06-12,2012,9.0,0,19.32,26.42,0.7312641937925813,0.8653563449044234,0.3340628827005186,1.3023051517479678,0.9306379686706231
2012-06-13,2012,9.0,0,25.15,30.24,0.8316798941798942,1.1257479426835044,0.41851307454485864,1.204818379045026,-0.06611380219469076
2012-06-14,2012,8.0,0,20.88,30.06,0.6946107784431138,1.869412399857548,1.076606417902848,2.5754425007897987,2.4069500824203724
2012-06-15,2012,9.0,0,21.24,29.72,0.7146702557200538,0.9480702125572905,0.6286957284905877,0.6497749325201962,-0.05988975157735096
2012-06-16,2012,12.0,0,23.83,30.21,0.7888116517709367,1.2670802773344563,0.7420266781481426,1.2269257896703465,0.8683280519827067
2012-06-17,2012,13.0,0.1999999999999993,19.2,29.78,0.6447280053727333,2.627299964874922,-0.7890443727246318,1.6925657058066008,0.23644066025215812
2012-06-18,2012,12.0,0,27.57,31.22,0.8830877642536836,1.4344431675527494,-0.2982255795619017,1.0231496208638453,-0.4578907131174397
2012-06-19,2012,12.0,0,28.71,31.16,0.9213735558408216,1.003661922129425,-0.2561135833712256,1.0827509838083629,-0.45451191917509703
2012-06-20,2012,11.0,0,21.63,29.92,0.722927807486631,2.609398017032577,1.400872192263134,2.6605832045037547,2.1835047970655546
2012-06-21,2012,11.0,0,24.84,30.19,0.8227890029811196,1.5689689120024175,-0.4323670186173037,0.9623201575655997,-0.31396524363132156
2012-06-22,2012,12.0,0,29.97,31.03,0.9658395101514663,1.4252690597471847,-0.5438464229448234,1.1582129019303697,-0.9457710724270125
2012-06-23,2012,12.0,0,29.86,30.89,0.9666558756879249,0.8728596579672284,0.2022034331192238,0.8510067554139816,-0.6100619946197708
2012-06-24,2012,5.0,0,17.05,29.48,0.5783582089552239,0.9111201971553425,0.1743335240116138,0.7218303376901272,0.6634802161692779
2012-06-25,2012,6.0,0,15.66,29.59,0.5292328489354512,2.1280380477649774,1.5588825361777603,3.7206929568724783,3.53050751021325
2012-06-26,2012,10.0,0,26.08,30.39,0.8581770319183941,1.0894886852317351,-0.20238699166321839,1.107980034301818,-0.7025835906770036
2012-06-27,2012,10.0,0,27.54,30.55,0.9014729950900163,0.7519483104325584,0.4188279098870587,0.4022932957277328,-0.16851932798901773
2012-06-28,2012,12.0,0,22.86,30.08,0.7599734042553191,0.9120541210835884,0.19130147292851754,0.5188933959378826,-0.21930705281082652
2012-06-29,2012,7.0,0,18.4,29.87,0.6160026782725142,1.3205908105315047,0.5244846593166388,2.2522982004283225,1.9002698508170557
2012-06-30,2012,3.0,0,12.17,28.62,0.4252271139063592,0.6910847991881037,0.06963200043492757,0.5921730949087073,0.2669920860716501
2012-07-01,2012,12.0,0,28.27,29.98,0.9429619746497665,1.4067825620342587,0.31847433699820354,1.2121238514611832,-0.43137420394142784
2012-07-02,2012,10.0,0,21.42,30.16,0.710212201591512,1.7933039989656272,1.4235346225349825,1.7760348638466696,1.502030270393669
2012-07-03,2012,9.0,0,22.85,30.17,0.757374875704342,2.8491610142609165,1.1659224235738912,4.506616438854739,4.135384337906847
2012-07-04,2012,8.0,0,15.78,28.59,0.5519412381951732,1.6576905034570733,0.15258807602573712,1.9831560101490109,1.7684178523756557
2012-07-05,2012,10.0,0,23.7,29.61,0.8004052684903749,0.8522568652177941,0.5428700263265386,0.5811363513698193,0.3352856071866543
2012-07-06,2012,8.0,0,13.5,27.86,0.4845656855707107,2.3287293020888176,1.3992058281001578,3.5486597796678874,3.101255982766601
2012-07-07,2012,10.0,0,20.71,26.59,0.7788642346746898,1.8399658159095773,-1.211654619145188,0.6512293476651776,-0.49914778642412827
2012-07-08,2012,11.0,0,23.12,26.59,0.8694998119593833,1.1739249407484165,-0.12304183503103057,0.7497314879368462,-0.13334323270198864
2012-07-09,2012,11.0,0,26.07,27.69,0.9414951245937161,0.9432890900193074,0.12405814382590534,0.9915540395489186,-0.8011136740573696
2012-07-10,2012,10.0,0,18.64,28.0,0.6657142857142857,0.9540976412651866,-0.21953110391792738,0.991734667299069,-0.16901526572645764
2012-07-11,2012,9.0,0,22.53,28.11,0.8014941302027748,1.1261814053491455,0.645622066209127,1.0824520910656694,0.7965575201675925
2012-07-12,2012,7.0,0,14.81,27.76,0.5335014409221902,1.9420411256472556,1.2129765560597352,3.0100388550969677,2.229390458813467
2012-07-13,2012,6.0,0,7.52,28.14,0.26723525230987916,2.9925134751625055,1.4544445967905213,3.790961518390543,3.5287860923687018
2012-07-14,2012,8.0,0,23.86,28.42,0.8395496129486276,0.9158411863762955,0.38102329026516396,0.6159317978829527,-0.4077295506978314
2012-07-15,2012,9.0,0,22.3,29.12,0.7657967032967032,1.1964039106589461,-0.1578235819910915,1.1828897980897322,0.7891329821987298
2012-07-16,2012,11.0,0,25.64,28.85,0.888734835355286,0.7680065717365703,0.22442796398318196,0.344663368863056,0.017035422739869095
2012-07-17,2012,6.0,0,8.9,28.22,0.31537916371367825,0.6541155337388339,0.11258071344115139,0.5955140935388474,0.3560507215151141
2012-07-18,2012,10.0,0,22.21,28.42,0.7814919071076707,1.8652717483163799,1.2948629048408733,0.954289051457022,0.6457677272253252
2012-07-19,2012,10.0,0,24.5,29.06,0.8430832759807295,0.6454950072281248,-0.08415347331481653,0.39360201832453595,-0.19090512611957303
2012-07-20,2012,9.0,0,24.35,28.81,0.8451926414439431,0.7181558812407167,0.11633121560939778,0.9024588102836759,0.4417270346972284
2012-07-21,2012,8.0,0,14.92,27.61,0.5403839188699746,1.4817505954709778,0.23425583098211167,2.164539188050278,1.9079675817308879
2012-07-22,2012,9.0,0,20.21,27.41,0.7373221452024808,0.8065763491529464,-0.3081681579879831,0.7433358449512859,-0.5654089382722601
2012-07-23,2012,8.0,0,25.15,28.33,0.8877515001764914,0.6650976418179074,0.10207559797214749,0.5122341291509388,-0.26541137954158006
2012-07-24,2012,7.0,0,19.15,26.24,0.7298018292682926,0.7139659517077711,0.17980418726519062,0.9999781201063249,0.2020520046052526
2012-07-25,2012,9.0,0,19.49,25.86,0.7536736272235112,0.9284186701037513,0.47090286510540996,1.1797532358741833,0.2555320934211765
2012-07-26,2012,7.0,0,17.9,26.0,0.6884615384615385,0.6590740382388615,0.42299688782154243,0.3171822468139603,0.19521156298888087
2012-07-27,2012,9.0,0,20.35,26.34,0.7725892179195141,0.6737292919350316,-0.28805104144257276,0.3119492250112877,-0.25385735007643245
2012-07-28,2012,11.0,0,16.28,26.38,0.6171341925701289,4.033715417009236,0.7115153326154617,2.2723933364360835,2.145878410858316
2012-07-29,2012,8.0,0,21.3,28.18,0.7558552164655784,1.0047847261702445,-0.5884726953203913,0.7564727482993182,-0.623626701924986
2012-07-30,2012,9.0,0,27.21,28.27,0.9625044216483906,0.8133891563613982,0.19771307118109474,0.7797384326010213,-0.6029748003838934
2012-07-31,2012,11.0,0,28.31,28.57,0.9908995449772489,0.7856522186922338,-0.3936848735645076,1.0972457786537362,-0.8906406397930322
2012-08-01,2012,9.0,0,18.87,27.24,0.6927312775330398,0.7343314938698601,-0.06166492681037017,0.6236568735398971,0.5545752209588889
2012-08-02,2012,12.0,0,23.02,26.49,0.8690071725179314,3.297561534867579,-0.7239250435644952,1.5657327052398877,0.6916431916731742
2012-08-03,2012,7.0,0,13.57,26.1,0.5199233716475096,1.1724220148535545,0.31028526629311265,1.5931586896023677,1.4978562880633177
2012-08-04,2012,9.0,0,24.51,27.98,0.8759828448892066,0.9689716109923004,0.25705930939201566,0.7285432346904657,0.37324887209658425
2012-08-05,2012,9.0,0,26.52,27.93,0.949516648764769,0.7271997067719695,-0.16461523492208027,0.8137543210115872,-0.6320920565579401
2012-08-06,2012,9.0,0,26.82,27.83,0.963708228530363,0.6909072845060553,-0.211371008001047,0.8201518376036763,-0.6374930275311991
2012-08-07,2012,12.0,0,26.87,27.46,0.9785142024763293,1.1734590088428904,0.7251304076882326,0.6901398844512793,0.42050711340460545
2012-08-08,2012,11.0,0,23.43,26.81,0.8739276389406938,0.8383381672441146,0.5576396862224441,0.7401740404465476,0.39219650924022237
2012-08-09,2012,10.0,0,16.03,25.77,0.6220411331005045,1.5281720678106818,-0.23383917240418675,0.5591678278976445,0.03197623464629077
2012-08-10,2012,12.0,0,26.64,27.31,0.9754668619553278,1.2303059285709954,0.7039056919364802,0.7557315528110579,0.23017994196384942
2012-08-11,2012,7.0,0,18.27,26.37,0.6928327645051194,1.0819017268344668,0.19492775593032574,0.9069828630069077,0.6294471808591968
2012-08-12,2012,10.0,0,26.91,27.43,0.981042654028436,0.7960235612094617,-0.41634750335818776,0.7739773978787043,-0.4888898745833548
2012-08-13,2012,10.0,0,27.28,27.52,0.991279069767442,1.3369562073719585,-0.7957571144551676,1.0325838313754747,-0.8294368979236802
2012-08-14,2012,10.0,0,22.11,26.17,0.8448605273213603,1.1317103762900624,0.5747846455509894,1.9067419537228922,1.6630918483785944
2012-08-15,2012,9.0,0,23.08,25.43,0.907589461266221,0.7513868528674513,0.03823214389192575,0.7351030865531625,-0.19333465266820937
2012-08-16,2012,10.0,0,18.98,25.04,0.7579872204472844,1.7473791144889639,-1.2434775029195135,0.9061467395063315,-0.4221638132998162
2012-08-17,2012,11.0,0,26.21,26.47,0.9901775595013224,1.1788649174748485,0.1648886376552364,0.5626113136357647,-0.38866771369676795
2012-08-18,2012,10.0,0,24.8,25.69,0.9653561697158427,0.8467632033532596,-0.44364935368535985,0.5170379205142742,-0.3684325303523946
2012-08-19,2012,11.0,0,25.89,26.43,0.9795686719636777,1.4163142605021748,0.2870759612192669,0.6281130468576963,-0.1976267573728041
2012-08-20,2012,12.0,0,25.4,26.4,0.9621212121212122,1.2477126987406475,-0.6021828940490822,1.3359227335685933,-1.0287801092216646
2012-08-21,2012,11.0,0,23.95,25.23,0.9492667459373761,0.9785754544643738,0.34471494399287667,0.7837133506866648,-0.6222286130825747
2012-08-22,2012,14.0,1.1999999999999993,24.86,25.06,0.9920191540303273,1.4510545120925402,0.8841890945292433,1.4428890970714485,1.136312620615487
2012-08-23,2012,7.0,0,21.18,24.57,0.862026862026862,0.7488784370838149,0.23911875258369117,0.4748770211427713,0.2284674148359406
2012-08-24,2012,12.0,0,24.65,25.17,0.9793404847040126,1.1266246114617382,0.540821086139459,1.222197276582939,0.7616253808500453
2012-08-25,2012,10.0,0,12.55,23.49,0.5342699020859941,3.9526370138531677,0.9560251167843478,1.8685040400193929,1.5699022980557977
2012-08-26,2012,14.0,1.1999999999999993,24.71,24.91,0.9919710959454034,1.6967977909552077,-0.20968400806857032,1.138692764479646,-0.7487833334215548
2012-08-27,2012,11.0,0,23.01,23.87,0.9639715123586091,0.9086596734096838,0.329594669519659,0.7885065694924928,0.05566024501135954
2012-08-28,2012,14.0,1.1999999999999993,22.72,23.55,0.9647558386411889,1.5645550211914918,0.0483606255546567,0.7102876870784212,-0.10936123085068832
2012-08-29,2012,9.0,0,17.55,23.55,0.7452229299363058,1.2879862899924024,0.4549148884392172,1.0776332655057916,0.942706762964414
2012-08-30,2012,8.0,0,20.25,24.22,0.8360858794384807,0.8871298526470437,-0.36508106738988194,0.5173226459733183,-0.150079932502497
2012-08-31,2012,8.0,0,24.66,24.96,0.9879807692307692,0.8616185434507903,0.5258456853925827,0.7279699294423656,0.17498934954619352
2012-09-01,2012,13.0,0.1999999999999993,24.38,24.52,0.9942903752039152,1.4595969040502277,0.8058274896285189,0.4697367655283664,0.16665017906420054
2012-09-02,2012,14.0,1.1999999999999993,23.4,23.59,0.9919457397202204,2.690018635801658,-1.8576788875682697,1.4354076230612218,-1.181388259954831
2012-09-03,2012,13.0,0.1999999999999993,22.7,23.05,0.9848156182212581,2.052750558223829,-1.3750510721621743,1.889095000521872,-1.5277146135939461
2012-09-04,2012,13.0,0.1999999999999993,15.23,22.06,0.6903898458748867,1.928288707646556,1.5344284128481587,2.6964116172019432,2.4581227372509176
2012-09-05,2012,7.0,0,20.73,22.55,0.9192904656319291,1.2456911002670354,0.35757523883079045,1.6810904993391482,1.636427143596796
2012-09-06,2012,6.0,0,9.68,20.39,0.47474252084355073,1.6344104928361782,0.8353009437380944,1.1649634320974767,0.635068599108294
2012-09-07,2012,15.0,2.1999999999999993,22.2,22.56,0.9840425531914894,1.5797211503469752,0.09634679501395797,0.8742532353896605,-0.42461357241515785
2012-09-08,2012,10.0,0,16.43,21.15,0.7768321513002364,2.4821193392981744,0.11484831930470785,2.646874400241822,1.7640879781820555
2012-09-09,2012,9.0,0,12.46,21.61,0.5765849143914855,2.286096343462389,0.3822311065603791,0.8134003796816103,-0.23655050547656073
2012-09-10,2012,12.0,0,23.25,23.49,0.9897828863346105,0.8744478920021456,0.5426466283497902,0.473894077131637,0.06338915782688719
2012-09-11,2012,13.0,0.1999999999999993,21.95,22.43,0.9786000891662952,2.3054317995916542,-0.5981981181868034,1.4025205371140181,-1.0386378181056852
2012-09-12,2012,6.0,0,21.37,21.63,0.9879796578825706,1.0150112169022112,0.06525168618787343,0.6191195735012377,0.43811927739227546
2012-09-13,2012,8.0,0,16.62,20.62,0.8060135790494666,1.1335287638368399,0.09684564467285177,1.3189271378477365,0.5773903569827148
2012-09-14,2012,9.0,0,19.63,20.81,0.9432964920711197,0.866789416687354,0.40125337751816853,0.7201754621275372,0.5586007866533892
2012-09-15,2012,5.0,0,5.25,19.54,0.2686796315250768,2.4872430616374865,0.2064698171981357,1.8777815380348175,1.769048763383451
2012-09-16,2012,11.0,0,20.02,20.82,0.9615754082612872,1.135616828089027,-0.36805272888426915,0.8858032356458335,-0.48434613170326024
2012-09-17,2012,11.0,0,20.37,20.99,0.9704621248213436,0.6855401250443288,-0.24872240777880003,0.7970315158666726,-0.32706983864686734
2012-09-18,2012,12.0,0,20.02,20.64,0.9699612403100775,0.9760178860466432,0.3436637282958093,1.013038699379141,0.8147445999712796
2012-09-19,2012,9.0,0,9.35,18.21,0.5134541460735859,2.164777328759738,1.5748143815625548,1.669746658766767,1.1866685355465798
2012-09-20,2012,10.0,0,14.38,19.27,0.7462376751427089,1.4125612153166298,-1.071268747280725,1.0622159139466207,-0.6715664531167894
2012-09-21,2012,12.0,0,16.17,18.72,0.8637820512820514,2.062714789549667,0.4498560459376422,2.53134702164916,2.117096412561263
2012-09-22,2012,6.0,0,2.55,18.03,0.14143094841930115,3.9863767712429796,1.3259132042324442,4.371099531014737,4.220143837126467
2012-09-23,2012,10.0,0,16.63,20.15,0.8253101736972704,1.0903835870410228,-0.04543566540476559,0.5891684601717544,-0.0306669699828858
2012-09-24,2012,7.0,0,18.68,20.0,0.9339999999999999,0.9172993575980547,0.1906535562387929,0.8616501155441639,0.5225792057564064
2012-09-25,2012,10.0,0,17.99,19.04,0.9448529411764706,0.8212554946269587,-0.3726618277519636,0.5358615333778219,-0.3810396954776441
2012-09-26,2012,11.0,0,17.95,19.1,0.9397905759162303,0.8846780385541798,0.1852049517818807,0.6023494841499554,-0.24522983033783716
2012-09-27,2012,11.0,0,15.46,17.66,0.8754246885617214,0.9261467946028726,0.4102217706145484,0.7252564408648052,-0.03607407128904683
2012-09-28,2012,12.0,0,18.11,18.52,0.9778617710583153,1.0320212463035436,-0.042153155909585426,0.8746423162494956,-0.698855520381724
2012-09-29,2012,13.0,0.1999999999999993,17.55,18.07,0.9712230215827339,1.3176753020795886,0.17133654948267277,0.8150632394227273,-0.36297380987633093
2012-09-30,2012,10.0,0,17.46,17.76,0.9831081081081081,0.9772540861397299,-0.029298045501494025,0.3615228949736881,-0.06774735681088255
2013-05-01,2013,9.0,0,13.79,26.58,0.5188111361926261,1.080041973584464,0.8505093808211531,0.7985259019753503,0.4196839749232157
2013-05-02,2013,9.0,0,22.19,27.27,0.8137147048038138,0.9117311396309778,0.022625572684250066,0.4699473052885094,-0.41033387078338635
2013-05-03,2013,13.0,0.1999999999999993,26.71,27.78,0.9614830813534917,1.2892930597496355,-0.1216231685247456,0.8162485251475793,-0.6988366770780967
2013-05-04,2013,11.0,0,11.59,25.62,0.4523809523809524,4.551248196976171,-0.8112293508676993,3.1937947176976094,2.6181753705025153
2013-05-05,2013,9.0,0,18.68,28.3,0.6600706713780918,1.4887406583438374,0.5800379705460799,1.0078475604023727,-0.5662754889506877
2013-05-06,2013,11.0,0,20.37,28.88,0.7053324099722992,2.004122316667967,1.1179425186854632,3.0027714331129394,2.2936130736931637
2013-05-07,2013,9.0,0,27.42,29.58,0.9269776876267749,1.0289832390399898,0.5067680578452441,0.6045990617897584,-0.22569564289886834
2013-05-08,2013,16.0,3.1999999999999993,28.21,29.22,0.9654346338124573,2.1418817830154424,-0.05334347828719762,1.605566524215875,-1.1353701018675146
2013-05-09,2013,16.0,3.1999999999999993,25.94,28.55,0.9085814360770578,1.556700182068344,-0.8365047483362896,1.9955073011972464,-1.6285539064023447
2013-05-10,2013,5.0,0,15.56,27.77,0.5603168887288441,1.6055067493415878,0.19693800755554167,1.021033894761644,0.39942386745565805
2013-05-11,2013,9.0,0,10.6,26.83,0.3950801341781588,1.2231077600417701,0.9424228287778313,1.0875761746361952,0.7895170136708435
2013-05-12,2013,12.0,0,18.72,27.72,0.6753246753246753,1.893279297998644,0.35982029029901025,1.4732134241580093,-0.9977676422470605
2013-05-13,2013,11.0,0,17.26,28.69,0.6016033461136284,1.0817452140361257,-0.46683233937097873,1.0177256731039521,-0.8403700823743984
2013-05-14,2013,8.0,0,19.37,28.97,0.6686227131515361,1.234052594033668,0.039327448079049976,0.5905148107125656,0.11968322214266625
2013-05-15,2013,12.0,0,25.56,30.06,0.8502994011976048,1.550916458940538,-0.41451487947498405,1.454039148189021,-0.9818519368992966
2013-05-16,2013,16.0,3.1999999999999993,28.31,29.75,0.9515966386554622,1.4393207149380458,0.8018883804293786,0.9423572541981419,0.25365134260405436
2013-05-17,2013,14.0,1.1999999999999993,24.21,29.47,0.821513403461147,2.369907352389674,-0.10974371666777853,1.3829255744691902,0.5614907909086378
2013-05-18,2013,14.0,1.1999999999999993,29.33,30.05,0.9760399334442594,1.6640603537649536,-0.14524718545846538,1.7529247092681277,-1.432148213483197
2013-05-19,2013,11.0,0,27.43,28.13,0.9751155350159971,1.3405065809928414,0.27153693726953687,0.5111801177926109,0.1893755421026615
2013-05-20,2013,9.0,0,18.59,28.1,0.6615658362989324,1.1993583271634798,0.8130446656773019,1.390769676145059,1.15904456995505
2013-05-21,2013,19.0,6.199999999999999,25.98,29.02,0.8952446588559614,4.645300375973627,0.2612246319775388,3.5239519881752894,3.177577264199602
2013-05-22,2013,10.0,0,20.91,30.41,0.6876027622492601,1.3837185527201192,-0.6348461499056182,0.8112824963208871,-0.6475621023638318
2013-05-23,2013,13.0,0.1999999999999993,29.33,29.71,0.9872096937058229,1.404449696117027,-0.11992839229599217,1.3532138107781315,-1.0843162143901939
2013-05-24,2013,10.0,0,21.25,26.48,0.8024924471299093,1.9236550415117402,0.5399781101764306,1.6050679674149535,1.1971782031883347
2013-05-25,2013,5.0,0,13.63,27.4,0.4974452554744526,0.9185390497159389,0.605267114160489,0.7920976715701266,0.6014277249419724
2013-05-26,2013,9.0,0,18.39,29.84,0.6162868632707775,1.3255414595925508,0.1262024986471877,1.2836790348280565,-0.8124614235680934
2013-05-27,2013,10.0,0,25.94,31.51,0.8232307204062203,1.1169573034141385,0.3429547492296148,1.050685669650285,-0.6195934664068155
2013-05-28,2013,13.0,0.1999999999999993,30.92,31.73,0.9744721084147495,1.0470196298145864,0.19626832743239567,0.7759030324778765,-0.38177293974728127
2013-05-29,2013,12.0,0,29.63,30.92,0.9582794307891331,1.2176152354993348,-0.5968270085291371,1.524007289632497,-1.2304786051047227
2013-05-30,2013,13.0,0.1999999999999993,24.32,28.55,0.8518388791593695,1.6274272872356943,-0.17005772275076306,0.5371383749799308,0.29859738955280807
2013-05-31,2013,10.0,0,24.24,29.05,0.8344234079173838,1.1448945388866383,0.4396192102991159,1.0294845846704364,-0.5983118729930818
2013-06-01,2013,11.0,0,25.88,29.29,0.8835780129737112,1.2792236203980794,0.2410728741790713,1.1743048142278278,-0.7360122307256175
2013-06-02,2013,12.0,0,24.02,29.66,0.8098449089683075,0.8993004436813852,0.04297974147550043,0.851456338755535,0.7939928021538633
2013-06-03,2013,9.0,0,12.21,28.38,0.4302325581395349,2.614700090188833,-0.9340374771717448,0.9876444235484668,-0.608302035098958
2013-06-04,2013,11.0,0,25.67,29.17,0.8800137127185464,1.332477245016919,0.5001690391515186,1.027466398285458,-0.3862651317123653
2013-06-05,2013,9.0,0,20.53,29.27,0.701400751622822,1.5090457867822444,0.6122232759184594,0.8355935310334234,0.7336589165767364
2013-06-06,2013,7.0,0,15.17,28.31,0.5358530554574356,1.6148768130513615,0.9732003625842908,2.808795060750964,2.684916403078299
2013-06-07,2013,7.0,0,16.12,30.89,0.5218517319520881,1.4308101912854463,0.8497533993432781,1.0576285584215044,0.18812039810077685
2013-06-08,2013,11.0,0,31.12,31.57,0.9857459613557175,1.091469743574787,-0.6147650877306204,1.269002228987115,-1.0328636650673235
2013-06-09,2013,16.0,3.1999999999999993,30.11,31.39,0.9592226823829244,2.842159800134268,-1.485792999240951,0.9030007536947781,-0.38949519481874734
2013-06-10,2013,13.0,0.1999999999999993,26.53,29.83,0.8893731143144487,2.7064886493249642,1.7404712118269614,1.0856368666348741,0.532587203014419
2013-06-11,2013,14.0,1.1999999999999993,17.72,28.34,0.6252646436132674,3.66330751652088,-0.46028445819631214,2.10540642454165,2.0777702657355945
2013-06-12,2013,8.0,0,20.63,28.75,0.7175652173913043,1.2158293046140618,0.5736151500564187,0.5777828720686747,0.39828780847071305
2013-06-13,2013,8.0,0,18.21,29.13,0.6251287332646757,1.173434954543619,0.5330558957337942,0.9129508373319847,0.5679744906701831
2013-06-14,2013,9.0,0,18.8,30.04,0.6258322237017311,1.0936093415337447,0.501846407878192,0.2989219265214747,-0.23278046886135742
2013-06-15,2013,8.0,0,19.69,30.33,0.6491922189251567,0.9003923460299422,0.24327308456951421,0.8216428453054327,-0.42638325091296103
2013-06-16,2013,12.0,0,22.4,30.94,0.7239819004524886,1.3442811646870927,0.3243720824318954,1.059195232547279,-0.13540855765869017
2013-06-17,2013,9.0,0,14.31,29.61,0.4832826747720365,1.6364153624439624,0.8377700086111076,2.2015230443153317,1.942912705653697
2013-06-18,2013,8.0,0,13.87,30.24,0.45866402116402116,1.539279428142225,0.16187012960535485,0.5321516291478836,0.08139938066799483
2013-06-19,2013,7.0,0,5.0,29.75,0.16806722689075632,4.015920413764864,1.7774239674777796,5.934612798966926,5.885674861792605
2013-06-20,2013,9.0,0,19.25,30.93,0.6223731005496282,1.2466240732009022,0.17249814580491396,0.8961830617338817,-0.21588393938132455
2013-06-21,2013,8.0,0,25.67,30.55,0.8402618657937807,0.8101743795315277,0.07942220043379396,0.6228396267933487,-0.41199651122505127
2013-06-22,2013,9.0,0,29.93,30.85,0.9701782820097244,0.6925527205228559,0.020253264557501455,0.6798073387770384,-0.3780927750922925
2013-06-23,2013,10.0,0,25.11,30.4,0.8259868421052632,1.6537117636935048,0.390937892668898,1.1825748821709101,0.48963521742193333
2013-06-24,2013,11.0,0,24.05,30.72,0.7828776041666667,1.3241536677359897,0.10896425813706667,1.128490039896606,-0.30922349506812274
2013-06-25,2013,9.0,0,29.48,30.86,0.9552819183408944,0.7034255895255099,-0.3278663234457621,0.6969091801496001,-0.5390689442286322
2013-06-26,2013,11.0,0,28.62,30.81,0.9289191820837391,1.10628336065143,-0.14204868367410675,0.31553187220282847,0.19481932427984638
2013-06-27,2013,8.0,0,19.32,29.74,0.6496301277740417,1.478689836009836,0.5362997993311721,0.7990043710068926,-0.4025626352279481
2013-06-28,2013,4.0,0,15.11,29.62,0.5101282916948008,1.3538340340713269,-0.16968192799566287,1.1188737406680287,0.9659256021377255
2013-06-29,2013,8.0,0,20.55,30.66,0.6702544031311155,0.9171394797781587,0.49318571589187465,1.058137762448884,0.7661412593887557
2013-06-30,2013,11.0,0,25.82,30.59,0.8440666884602811,1.1610670702660686,-0.6460479163119485,1.1908399253081376,-0.9662426153827225
2013-07-01,2013,10.0,0,24.11,30.54,0.789456450556647,1.1905031248610085,-0.15678222077246437,0.5171587566136117,0.0010847313499464661
2013-07-02,2013,10.0,0,21.87,29.59,0.7391010476512335,0.8945362191341864,0.08078363512146902,0.6455571011986102,0.33496594115992134
2013-07-03,2013,14.0,1.1999999999999993,29.12,30.51,0.9544411668305474,1.699341170125275,0.04294847154897541,1.5518684458535952,-0.8638242881155295
2013-07-04,2013,10.0,0,24.65,30.56,0.8066099476439791,1.0255475563440135,-0.07821430394992197,0.46042184337636205,0.16894556063723462
2013-07-05,2013,10.0,0,20.93,29.3,0.7143344709897611,1.4491491014274485,-0.03843157163449673,0.38862207963852413,-0.33114435119709756
2013-07-06,2013,8.0,0,16.9,28.8,0.5868055555555555,1.031298312528829,0.400962687727898,0.7342363116548011,-0.23177151425067719
2013-07-07,2013,9.0,0,22.06,30.25,0.7292561983471074,1.2135307026774798,0.4907732232793444,0.6606366812886875,-0.19858701938757406
2013-07-08,2013,7.0,0,11.17,29.85,0.37420435510887773,1.393216710893841,0.4181767237713501,0.670762415437316,-0.2660701171635562
2013-07-09,2013,10.0,0,22.39,30.21,0.74114531612049,0.7690876544015417,0.3275377257293644,0.4619564468949769,0.1666576672406149
2013-07-10,2013,10.0,0,26.93,30.55,0.8815057283142389,0.6714010198651683,0.1999013428720362,0.6132268957693895,0.1656542357054208
2013-07-11,2013,10.0,0,18.74,29.65,0.6320404721753794,2.084469721054168,1.3221355627487397,3.6481611362907644,3.1643180676068767
2013-07-12,2013,9.0,0,18.29,29.5,0.62,0.6603128196641621,0.020622066209126988,0.8999904537336078,0.6298908535009259
2013-07-13,2013,10.0,0,21.97,28.87,0.7609975753377207,0.6922022015704317,-0.05884301515275977,0.7422944692549496,-0.33896601121885617
2013-07-14,2013,11.0,0,29.28,30.37,0.9641093184063221,0.7798454663798541,-0.05574046143960043,0.4351186787703095,-0.3083366084351577
2013-07-15,2013,14.0,1.1999999999999993,17.45,29.22,0.5971937029431896,4.720164115678231,-1.4998759087026297,1.4485836880855791,1.1198066196121292
2013-07-16,2013,11.0,0,26.03,28.95,0.8991364421416236,1.3359686122066126,-0.438265859470593,1.0060391858952165,-0.8132819106459976
2013-07-17,2013,10.0,0,28.32,29.84,0.9490616621983914,0.7376469535123839,-0.030823063045592274,0.6607619079403833,-0.34814961569102937
2013-07-18,2013,10.0,0,22.79,28.24,0.8070113314447592,0.7854985797267355,0.17374563351302985,0.3934177632084056,-0.18435990858592
2013-07-19,2013,8.0,0,18.27,28.89,0.632398753894081,1.868312314707483,1.3692236572060323,2.6513638244947266,2.2499475151135937
2013-07-20,2013,10.0,0,24.29,28.81,0.8431100312391531,1.0512114299470006,-0.16748680664814955,1.2422849281103705,-0.6909051261195724
2013-07-21,2013,11.0,0,23.28,28.54,0.8156972669936932,1.0290804108968457,0.12366407833741204,0.6816643448222418,0.002851560926240874
2013-07-22,2013,8.0,0,14.18,28.46,0.4982431482782853,2.3212028872024746,0.6092558309821118,3.369962904269567,3.241300915064222
2013-07-23,2013,11.0,0,21.22,28.34,0.7487649964714185,1.4300010835815096,0.6974241031998726,0.8926610344303935,0.16079648285242243
2013-07-24,2013,10.0,0,20.49,29.08,0.7046079779917469,1.0873060953170712,0.10676116413185073,1.4408428410417742,0.6265691089063589
2013-07-25,2013,11.0,0,21.24,28.81,0.7372440124956612,1.3447883011456512,0.3123113418929182,1.2305496600483752,0.984176959617777
2013-07-26,2013,11.0,0,24.14,28.84,0.8370319001386963,0.7585525594120134,-0.3179705722785739,0.4646874297468522,-0.35434966359634085
2013-07-27,2013,11.0,0,25.22,28.86,0.8738738738738738,0.7454678784343752,0.17661415705289954,0.7716158823085604,0.3067610275539554
2013-07-28,2013,14.0,1.1999999999999993,21.44,28.16,0.7613636363636364,2.095611685983863,0.13062430590414564,1.2423210559101108,0.21622189988110443
2013-07-29,2013,11.0,0,26.36,27.86,0.9461593682699211,1.0461941677264177,-0.08459345720691847,0.7162210162023827,-0.20522341509787148
2013-07-30,2013,13.0,0.1999999999999993,26.67,28.47,0.9367755532139095,1.392372398633649,-0.5083514632289675,1.074979746987724,-0.8258933906281006
2013-07-31,2013,10.0,0,27.45,28.43,0.9655293703833978,0.9500330050941374,-0.4284669579469316,0.8919689811105518,-0.5773794078339556
2013-08-01,2013,12.0,0,28.05,28.26,0.9925690021231423,1.0206555597861156,0.35461650156599145,0.6153573522058581,-0.032214031289367874
2013-08-02,2013,13.0,0.1999999999999993,27.05,27.91,0.9691866714439269,1.330549165465868,-0.2372197090964613,0.8657684169975715,-0.5137617178741986
2013-08-03,2013,12.0,0,16.74,26.51,0.6314598264805733,3.2337595048836456,0.21696965904281265,0.7083235088714083,0.12188866876907294
2013-08-04,2013,13.0,0.1999999999999993,21.44,26.12,0.8208269525267994,2.6951746909366934,-0.41780355307469536,1.2702988466048082,-0.694457369787172
2013-08-05,2013,9.0,0,20.48,27.29,0.7504580432392818,1.4417721365404061,1.0487259760586822,1.0316408332521023,0.7065822054299176
2013-08-06,2013,8.0,0,20.34,27.11,0.750276650682405,0.919747959039998,0.08978645784703909,0.6782751756955312,-0.15445219842187305
2013-08-07,2013,11.0,0,22.37,26.83,0.8337681699590012,1.4702375039043192,0.40369469392464596,1.7352493815439871,1.2393603737581647
2013-08-08,2013,5.0,0,9.96,24.93,0.3995186522262335,1.929387419731954,0.2639432254256529,1.4323641637454017,1.105766852807476
2013-08-09,2013,10.0,0,21.71,26.45,0.8207939508506616,0.7829459263672782,0.2720966844446468,0.4455759254928736,0.3716937962789893
2013-08-10,2013,11.0,0,26.43,27.22,0.9709772226304189,0.832935047685726,0.17611024368872785,0.557031181711922,-0.4481594752224141
2013-08-11,2013,11.0,0,23.43,26.22,0.8935926773455378,2.978348419960617,1.2945524398306623,4.6256785074362625,4.544331613466862
2013-08-12,2013,7.0,0,20.78,25.48,0.815541601255887,0.8279243675773987,0.6115944225969921,0.719559063624463,0.46278051419253013
2013-08-13,2013,6.0,0,9.79,25.12,0.3897292993630573,2.2505971570093974,0.6585248313184211,3.6000584357364938,3.4399994085833216
2013-08-14,2013,6.0,0,14.04,25.34,0.5540647198105761,1.1304139323012088,0.8225457313268989,1.1640387340025518,1.1023378612457926
2013-08-15,2013,10.0,0,21.5,26.34,0.8162490508731967,0.6667155265713468,-0.30021535444901115,0.5826796022246887,-0.5035748182880724
2013-08-16,2013,9.0,0,20.61,25.73,0.8010104935872522,0.8782206942283595,0.20489881055859285,0.47703409619405684,-0.026667986001542115
2013-08-17,2013,10.0,0,20.79,25.86,0.8039443155452436,1.2799214637975165,0.7323358764789875,0.2553149060898067,0.14775637096085426
2013-08-18,2013,9.0,0,19.7,25.2,0.7817460317460317,1.2354220078529354,0.15493170630599376,0.43247423928008305,-0.37427320921779267
2013-08-19,2013,12.0,0,26.45,26.73,0.9895248784137672,0.8373119765738509,0.2009541089109025,0.7778960240637727,-0.5087857030895382
2013-08-20,2013,12.0,0,24.51,26.1,0.939080459770115,1.0800256356902098,0.11192050219697676,0.7679050241739418,-0.018623129255179432
2013-08-21,2013,10.0,0,22.83,25.23,0.9048751486325802,1.0143746225827681,-0.49487463392979025,0.7581329633788142,-0.38509453546249794
2013-08-22,2013,9.0,0,15.91,24.5,0.6493877551020408,1.7733820722297948,1.096081059767431,1.1160125583885674,0.9288882843891096
2013-08-23,2013,15.0,2.1999999999999993,20.79,24.32,0.8548519736842105,1.6318387936530596,-0.8203090833199496,0.5713050606946927,-0.18728409695960124
2013-08-24,2013,13.0,0.1999999999999993,23.71,24.41,0.97132322818517,1.371134621538303,0.9083633976554251,0.9716115890654654,0.4481061513619859
2013-08-25,2013,10.0,0,12.92,23.56,0.5483870967741936,4.27397100982887,0.4437397940051044,6.082092335563773,5.745798928486148
2013-08-26,2013,10.0,0,20.31,23.65,0.8587737843551797,1.0698655891162585,0.4803428061883112,0.643509728159119,-0.09676436861086894
2013-08-27,2013,10.0,0,24.58,24.97,0.9843812575090108,0.9062649266719092,-0.23310762481088343,0.9805197397624086,-0.4396071429201586
2013-08-28,2013,11.0,0,24.13,24.77,0.9741622930964876,0.7564462866288327,-0.37873866381367466,1.0170393671332711,-0.7776730883219738
2013-08-29,2013,13.0,0.1999999999999993,23.57,24.1,0.9780082987551867,0.8704228073918361,0.1668197537704915,1.0530354832514839,-0.11345447626611478
2013-08-30,2013,15.0,2.1999999999999993,15.71,23.17,0.678031937850669,6.563972231525334,-1.956397184466002,4.168515589252941,3.3794899441485686
2013-08-31,2013,9.0,0,19.46,22.85,0.8516411378555798,0.8735404243246766,0.42971853893431927,0.5396773518315102,-0.31467325739864255
2013-09-01,2013,11.0,0,24.0,24.13,0.9946125155408206,0.7485266212602835,0.09803781741479918,0.5190073882482045,0.17811035562601538
2013-09-02,2013,11.0,0,24.08,24.34,0.9893179950698439,0.9975229199710943,-0.28288956005792,0.9416529571572037,-0.6666806177149068
2013-09-03,2013,12.0,0,23.65,23.9,0.9895397489539749,0.9677642742940431,0.19243052727482257,0.7728938924429188,-0.3459518418660454
2013-09-04,2013,12.0,0,23.47,23.65,0.9923890063424947,1.1739674460405447,0.4775169590297885,0.8533947032681835,-0.3589160535738986
2013-09-05,2013,11.0,0,20.72,22.77,0.9099692577953448,1.1003514094373026,0.4490035288202363,0.5044336666282923,0.13123205972513455
2013-09-06,2013,10.0,0,11.6,21.29,0.5448567402536402,1.075257652004628,0.08820272213922342,1.2302081652548569,0.9568006813287541
2013-09-07,2013,11.0,0,15.5,20.95,0.7398568019093079,0.8606603936641007,0.020524877028027372,0.7476805364486487,0.4420702094763147
2013-09-08,2013,9.0,0,20.47,22.54,0.9081632653061225,1.0362844173585668,-0.06719192299162573,1.1018133557002294,0.6118985232175712
2013-09-09,2013,12.0,0,20.32,22.4,0.9071428571428573,0.971958288526785,-0.09551535016768369,0.7161899097429156,-0.08309442618153362
2013-09-10,2013,14.0,1.1999999999999993,19.87,22.09,0.8995020371208692,2.499135050752447,2.0621743139087387,2.683380480774988,2.557958472962388
2013-09-11,2013,10.0,0,17.71,21.18,0.8361661945231351,1.269782928997311,0.1465675653690841,1.4125046105327552,0.24726874263351917
2013-09-12,2013,16.0,3.1999999999999993,18.87,20.79,0.9076479076479077,2.3108197389531977,0.6681369428477842,2.743150767002576,2.5154761655810147
2013-09-13,2013,10.0,0,17.41,20.44,0.851761252446184,2.1995046858112386,0.4854553600470434,2.7625552354266056,2.2925645501450354
2013-09-14,2013,9.0,0,15.56,20.67,0.7527818093855829,0.756662118372252,-0.010840316409708617,0.9052951454631514,0.23289748493888732
2013-09-15,2013,6.0,0,9.33,19.87,0.4695520885757423,1.0607075014939875,-0.4408310816545545,0.5326594723089907,0.4279560799911473
2013-09-16,2013,12.0,0,14.43,19.71,0.7321156773211567,2.9827078843009383,0.6121942279421909,3.607558140021889,3.012383698786947
2013-09-17,2013,8.0,0,15.62,20.56,0.7597276264591439,0.7847668482137564,0.5012646820235612,0.3992892096567526,0.22350584360974915
2013-09-18,2013,11.0,0,20.37,20.94,0.9727793696275071,0.9055045735241516,-0.2903890744454669,0.36109544330665955,0.006263494686465994
2013-09-19,2013,12.0,0,19.01,20.29,0.9369147363233121,0.9673748858512483,0.01033039496247512,0.32661137593650164,-0.1852554000287204
2013-09-20,2013,9.0,0,18.66,19.72,0.9462474645030426,1.4250234268731234,0.7530642262402264,0.7529593502090506,0.5200018688799132
2013-09-21,2013,5.0,0,10.56,19.88,0.5311871227364185,2.2244743298978387,0.5268656263596372,1.421165832311798,1.2475501067749384
2013-09-22,2013,10.0,0,19.95,20.64,0.9665697674418604,0.7243071103686023,0.17349114939247937,0.750430942868623,-0.34686410064339174
2013-09-23,2013,14.0,1.1999999999999993,19.99,20.42,0.9789422135161605,1.5415148678663724,0.21879747654236878,0.8488611514212103,-0.4307754911493558
2013-09-24,2013,15.0,2.1999999999999993,19.59,19.88,0.9854124748490946,1.1849247171021757,0.5151798352261859,0.5383814291697663,-0.2960004549743272
2013-09-25,2013,14.0,1.1999999999999993,16.38,17.28,0.9479166666666665,1.2869067647307242,-0.21275277777767734,1.4855757660476876,-1.2881749218205207
2013-09-26,2013,18.0,5.199999999999999,17.64,17.99,0.9805447470817121,1.3543836751220304,0.5322778164611995,0.7853165057425445,0.4474618814735744
2013-09-27,2013,15.0,2.1999999999999993,17.18,17.32,0.9919168591224018,1.0602643220735033,-0.13759930817622293,0.742150687990595,-0.0010709807637182915
2013-09-28,2013,8.0,0,13.89,16.11,0.8621973929236499,1.451907554473885,1.044555227113611,1.7108237353856093,1.4283097663352393
2013-09-29,2013,10.0,0,16.51,17.15,0.9626822157434404,1.238009890183109,0.6037612589642349,0.9117995513474614,0.2787315107930078
2013-09-30,2013,11.0,0,17.53,17.76,0.9870495495495495,0.9792598390495096,0.19305400340841553,0.533993279357039,-0.3840547622030499
2014-05-01,2014,16.0,3.1999999999999993,27.68,28.25,0.9798230088495575,1.9001803382615718,0.04905371405242065,1.7015422564025895,-1.1798210816179873
2014-05-02,2014,14.0,1.1999999999999993,25.22,26.22,0.96186117467582,1.596003787578592,0.4888990389903143,1.1007581627518659,-0.5271860212186006
2014-05-03,2014,13.0,0.1999999999999993,21.76,24.41,0.8914379352724294,1.1401054914639548,0.2533768314752543,0.5422533985156641,-0.3655033437447634
2014-05-04,2014,12.0,0,24.42,24.94,0.9791499599037691,0.8340134142853418,0.2665376778412969,0.7243710327966536,-0.20441474733058898
2014-05-05,2014,14.0,1.1999999999999993,26.94,27.63,0.975027144408252,1.0151830612107122,-0.3199409347060988,1.0455738775075474,-0.34383594577514504
2014-05-06,2014,14.0,1.1999999999999993,27.15,28.45,0.9543057996485061,1.1780889717649807,0.6144171623134173,0.8048479355049375,0.4949014877306948
2014-05-07,2014,10.0,0,20.05,27.52,0.7285610465116279,0.9732674066208545,-0.58044289869047,1.3084299464518545,-0.8804025661839289
2014-05-08,2014,6.0,0,16.24,29.75,0.5458823529411764,2.233590295160186,0.4799961956423011,1.7569917525545853,1.7409028784663494
2014-05-09,2014,11.0,0,23.97,28.46,0.842234715390021,1.249266510166629,0.3858404855188006,0.6899280514417646,-0.35921414398494633
2014-05-10,2014,13.0,0.1999999999999993,22.63,28.11,0.8050515830665244,1.0667725862893145,0.012038819644406859,1.2114833472937543,-0.16149794461529154
2014-05-11,2014,8.0,0,26.65,28.3,0.9416961130742049,1.464699253853862,-0.6808093373826676,0.5488946762015343,-0.3907996915518428
2014-05-12,2014,6.0,0,16.11,28.26,0.5700636942675159,1.1567793297390088,-0.05341513130686668,0.9502738465706855,-0.7488838211235302
2014-05-13,2014,11.0,0,28.53,30.78,0.9269005847953217,1.442825676734007,-0.8418323393709779,1.6986842614302915,-1.3403700823743978
2014-05-14,2014,12.0,0,28.64,29.78,0.9617192746809939,1.225814187484318,0.12149117211857512,0.8621560475378994,-0.48714183345266626
2014-05-15,2014,7.0,0,20.78,29.63,0.7013162335470807,0.8146982420379139,0.08458854252848165,0.5782346944321864,0.27447525903096565
2014-05-16,2014,7.0,0,18.18,28.99,0.6271127975163849,1.374814318386007,-0.28719466689548057,1.2514346815429944,0.6109724623892726
2014-05-17,2014,10.0,0,27.04,30.37,0.8903523213697727,1.0399929505445886,-0.32243598809603125,1.0285063766428857,-0.8370303874462112
2014-05-18,2014,12.0,0,30.36,30.68,0.9895697522816167,1.0034006388383279,0.22669288865464798,0.6352759077064751,-0.46565084965226394
2014-05-19,2014,14.0,1.1999999999999993,27.05,28.71,0.9421804249390456,2.035988660880915,-0.305922685899378,1.6274004480684447,-1.0923099161117644
2014-05-20,2014,16.0,3.1999999999999993,19.91,26.64,0.7473723723723723,2.3547949107050496,0.49633866490779505,0.9751889690158507,0.7827459021423119
2014-05-21,2014,7.0,0,20.99,27.28,0.7694281524926685,1.3412306902965332,0.26948626792154967,0.6983718557593112,-0.2065066219615511
2014-05-22,2014,7.0,0,4.97,26.45,0.1879017013232514,4.453214266928225,1.4806076950660672,5.681690179572823,5.63003986167865
2014-05-23,2014,8.0,0,15.43,30.53,0.5054045201441205,1.2381801751575539,-0.13790465166932905,0.6932561472038217,0.15324130396500793
2014-05-24,2014,14.0,1.1999999999999993,28.45,31.36,0.9072066326530612,1.2529332141944036,0.01430268758033663,0.9513938667366079,-0.22395051553633158
2014-05-25,2014,13.0,0.1999999999999993,29.48,30.58,0.9640287769784174,1.042896937457329,0.5570278301506043,0.6093882721003285,0.26371208484912856
2014-05-26,2014,12.0,0,29.16,30.16,0.96684350132626,0.864272100210481,-0.026174446248194243,0.5574092927699611,0.08338476857587611
2014-05-27,2014,15.0,2.1999999999999993,28.42,29.74,0.9556153328850034,1.0537623426161555,0.49359879051108874,1.357831787507186,1.1539431337231096
2014-05-28,2014,8.0,0,18.15,28.02,0.6477516059957173,1.2363770704556027,0.33552409893275614,1.400249234247666,0.8419858832324424
2014-05-29,2014,13.0,0.1999999999999993,28.97,29.89,0.969220475075276,0.955138506223327,0.5756596296489901,0.8723811241124936,0.7919815111365498
2014-05-30,2014,9.0,0,23.79,28.98,0.8209109730848861,2.7116395057271516,0.4720113201469074,2.5705304264748743,2.5400546030237394
2014-05-31,2014,13.0,0.1999999999999993,9.58,27.48,0.3486171761280932,7.804313312793321,2.625671640055517,7.745865960622876,7.6388612317756595
2014-06-01,2014,9.0,0,29.26,31.22,0.9372197309417041,0.7843987004348658,0.019211139479845835,0.7945320677868122,-0.6173433402906566
2014-06-02,2014,8.0,0,17.81,28.06,0.6347113328581611,1.3231010681190412,0.7647642720947785,0.38469887678685605,0.19599520143590907
2014-06-03,2014,4.0,0,6.94,28.39,0.24445227192673477,1.2171263633872909,-0.554016656520775,0.5159643073880178,-0.39998608967361066
2014-06-04,2014,11.0,0,20.64,30.4,0.6789473684210526,1.2535497929035653,-0.2914976275151475,1.138755298134971,-0.552931798379032
2014-06-05,2014,13.0,0.1999999999999993,30.29,31.94,0.9483406386975578,1.0225247099559516,0.7269151022525895,1.1663283080181057,0.8375073239441738
2014-06-06,2014,11.0,0,28.75,30.42,0.9451019066403681,1.1926881000508613,-0.32782800165325704,1.0727401743653917,-0.8760837475436247
2014-06-07,2014,14.0,1.1999999999999993,26.77,30.91,0.8660627628599159,1.5566241637465539,-0.8004932013134433,0.9205382346384017,-0.7904258704651124
2014-06-08,2014,11.0,0,21.74,29.26,0.7429938482570061,1.9247558765984045,-0.5314317543972872,0.8073387982399518,-0.3661969984006568
2014-06-09,2014,9.0,0,20.38,28.81,0.7073932662270045,0.9636984535225593,0.28663727126029864,0.826047507188164,-0.41700771375221163
2014-06-10,2014,9.0,0,15.73,29.15,0.539622641509434,1.6176751789881456,0.23369996301751086,0.6288260481262722,-0.08000373124642716
2014-06-11,2014,11.0,0,29.9,31.51,0.948905109489051,1.245301244882653,-0.6921252089837173,1.509077170365367,-1.1858563188522175
2014-06-12,2014,13.0,0.1999999999999993,28.68,31.83,0.9010367577756834,1.0666140311432946,0.6826698093571059,0.7252285086392396,0.37638435543157556
2014-06-13,2014,13.0,0.1999999999999993,26.1,30.72,0.8496093750000001,0.8113503420529753,-0.4619091694325849,0.7217120553483083,-0.6187081193276196
2014-06-14,2014,12.0,0,25.26,29.95,0.8434056761268782,0.8796460999492036,-0.2614270117179654,0.7615415257439969,-0.6437072918151436
2014-06-15,2014,11.0,0,22.72,30.06,0.7558216899534265,0.7511505868442664,0.23033382461641594,0.6083807530133384,0.3303896966613434
2014-06-16,2014,10.0,0,8.59,28.22,0.30439404677533666,5.4709983595577265,-0.23663437575119772,3.490840588832334,2.803826201951092
2014-06-17,2014,9.0,0,21.23,31.05,0.6837359098228664,0.916992300950324,0.25443667527777425,0.8992802277941437,0.442912705653697
2014-06-18,2014,9.0,0,25.68,31.08,0.8262548262548263,0.5973180159205872,0.213353895806024,0.22150490156487132,-0.05425903008183989
2014-06-19,2014,9.0,0,24.59,31.12,0.7901670951156812,1.1846841074674317,0.713830815328575,1.3212079888903672,1.114915298495255
2014-06-20,2014,8.0,0,15.33,29.77,0.514947934161908,3.1288301491411628,0.8292576110858493,4.876090200949731,4.752547609438822
2014-06-21,2014,13.0,0.1999999999999993,17.62,29.36,0.6001362397820164,2.084054043832159,-0.5792722576284182,1.7669039752636533,-0.9194943307407085
2014-06-22,2014,10.0,0,27.77,30.87,0.8995788791707159,0.8769351136897042,-0.4839700169248216,0.40386962816810146,-0.3460290093618064
2014-06-23,2014,11.0,0,27.44,30.98,0.8857327307940607,0.8752588617349194,-0.3074683180642113,0.771126645779681,0.3552654058307952
2014-06-24,2014,8.0,0,10.97,29.57,0.3709841055123436,0.9769201956417524,-0.3374199334760732,0.47740031476638495,0.09329200358681906
2014-06-25,2014,5.0,0,13.24,27.43,0.4826831935836675,1.323728224393691,0.9243335240116138,0.5284263998762824,-0.0031864504973887855
2014-06-26,2014,10.0,0,14.81,29.69,0.49882115190299764,1.7976467640726748,0.014804226962933301,0.7712180048414667,-0.33804303853347345
2014-06-27,2014,9.0,0,27.67,30.57,0.9051357540071966,0.6408881053053621,0.004378940914235112,0.5907642113769036,0.13045036870189067
2014-06-28,2014,10.0,0,25.37,30.47,0.8326222513948146,0.9308393200855972,0.2632951800108428,0.3332780197293487,-0.001852661322351068
2014-06-29,2014,11.0,0,25.41,30.99,0.8199419167473379,1.300543947319067,0.6468803593513277,1.1842037151736589,0.3659442316595367
2014-06-30,2014,10.0,0,17.83,30.47,0.5851657367902855,1.7292179589774184,0.17783522759519763,2.31744847800196,2.1670521678338877
2014-07-01,2014,7.0,0,27.81,29.76,0.9344758064516128,0.7753344939604175,0.2617369883061322,0.39407994820106274,-0.09924068805503694
2014-07-02,2014,12.0,0,30.87,31.62,0.976280834914611,1.7936004903070182,0.2351410036648701,1.5280643576116453,1.0686257960585717
2014-07-03,2014,7.0,0,17.32,30.23,0.5729407872973867,1.071768539445011,0.6048075691078209,1.3903817260530398,1.0680878559422353
2014-07-04,2014,14.0,1.1999999999999993,26.85,29.4,0.913265306122449,1.3046241000705132,0.20716664113677682,1.071956271548989,-0.5301428817745345
2014-07-05,2014,7.0,0,6.93,28.09,0.2467070131719473,3.439850433204202,0.39393123318918616,4.63071191318174,4.568198954162032
2014-07-06,2014,12.0,0,27.09,30.59,0.88558352402746,1.1108094112543159,0.43477736492517893,0.5563370496357481,0.0690093952906512
2014-07-07,2014,11.0,0,26.82,30.53,0.8784801834261382,1.2170476822914518,0.362732382077396,1.033998304415134,0.8080431333770107
2014-07-08,2014,11.0,0,25.64,30.27,0.8470432771721177,0.7909859084975035,0.08801325227362537,0.32016496492740154,0.2009374349334596
2014-07-09,2014,7.0,0,12.95,29.13,0.44455887401304495,1.0099552113473713,-0.11239025865611103,0.6835043553760934,-0.10000629959823588
2014-07-10,2014,11.0,0,28.25,30.69,0.920495275333985,0.9482094728755286,0.16572481049257184,0.5738556358448468,-0.1344470073907035
2014-07-11,2014,14.0,1.1999999999999993,30.09,30.86,0.9750486066104991,1.2306197923238942,0.47598978784823576,0.7017333620465288,-0.20328803868370807
2014-07-14,2014,12.0,0,24.73,29.19,0.8472079479273724,2.534258266999194,-0.2577774730856248,0.872076383700497,0.7242388514040705
2014-07-15,2014,13.0,0.1999999999999993,27.64,29.07,0.9508083935328517,1.4794985270493282,0.494162846680892,0.6800508798835634,-0.5792271865506416
2014-07-16,2014,7.0,0,6.91,27.53,0.2509989102796949,3.294607329809308,0.28928536215507794,2.551939865262436,2.391547875043457
2014-07-17,2014,11.0,0,24.89,29.49,0.8440149203119702,1.1854419678244585,0.4327612973165153,0.4367506785403218,0.35036875607320245
2014-07-18,2014,5.0,0,7.02,26.55,0.26440677966101694,1.358643322494497,0.44103948342318144,1.7267677506295867,1.491153379040373
2014-07-19,2014,11.0,0,29.3,29.77,0.9842122942559625,1.0340702630703105,-0.5756508046750383,1.2263407087640534,-0.9896555000521422
2014-07-20,2014,13.0,0.1999999999999993,28.28,29.26,0.9665071770334928,1.1631034073085924,0.5114338180240708,0.784093506468316,-0.26484333062211185
2014-07-21,2014,12.0,0,25.9,28.84,0.8980582524271844,1.1257334278998905,0.6689971763680855,0.956540940049704,0.7000804907074141
2014-07-22,2014,9.0,0,23.57,28.36,0.8311001410437235,1.0754548311562855,-0.5541705234784575,0.5450551616969571,-0.3952031372194161
2014-07-23,2014,9.0,0,26.32,28.75,0.9154782608695652,0.8914986665942424,0.3584985086786833,1.2200304487994078,1.1012577283944058
2014-07-24,2014,10.0,0,14.19,27.38,0.5182615047479913,4.999416166330949,-0.9349055025348162,5.5721599854767385,5.2932357755730255
2014-07-25,2014,11.0,0,27.88,28.33,0.984115778326862,1.0276495125297258,0.1873113418929182,0.5567692603832021,-0.1824897070488897
2014-07-26,2014,13.0,0.1999999999999993,27.18,28.31,0.9600847756976334,1.4216913976306673,0.643155990337443,0.4791636949613724,0.03576857938614294
2014-07-27,2014,9.0,0,21.67,27.51,0.7877135587059252,1.2355041515509295,0.2581388557705548,1.4612853799652343,-0.24901370472858098
2014-07-28,2014,14.0,1.1999999999999993,20.39,27.29,0.7471601319164529,1.2384194770645496,-0.07770902742918769,1.380434134382656,0.5495552332144378
2014-07-29,2014,11.0,0,13.21,25.62,0.5156128024980484,3.152553162018834,-0.12626012387358485,1.629533971758403,1.294776584902129
2014-07-30,2014,9.0,0,20.84,26.67,0.7814023247094113,2.041645657009227,0.7025515510978949,0.7088049437195687,-0.26408003966560817
2014-07-31,2014,5.0,0,7.47,25.83,0.289198606271777,1.7277325480968944,0.4940998543598676,1.6369613061126498,0.6279769627496888
2014-08-01,2014,12.0,0,27.23,28.04,0.9711126961483595,1.7189792338714598,0.2296165015659919,1.0599159488655017,-0.8655473646227012
2014-08-02,2014,10.0,0,23.53,27.86,0.8445800430725054,1.2016758293903598,-0.022220289048559883,0.5239984454273932,0.07915765291728327
2014-08-03,2014,12.0,0,28.68,29.01,0.9886246122026887,1.2756731451500836,0.09542978115048228,0.6908074820999897,0.14378903240960456
2014-08-04,2014,11.0,0,25.9,27.62,0.9377262853005068,1.1569652051556094,0.5054482756034635,0.5076741793781687,0.0918694050518803
2014-08-05,2014,9.0,0,17.81,26.35,0.6759013282732447,2.389112197534648,0.9237259760586823,3.997783463076395,3.539915538763251
2014-08-06,2014,9.0,0,25.22,27.13,0.9295982307408772,0.9061358435734084,0.1687180984112532,0.6195597275848211,-0.4654253898912734
2014-08-07,2014,10.0,0,24.71,26.87,0.9196129512467436,0.6951045396287034,-0.04967149037153421,0.7766460553149639,-0.6157329935531847
2014-08-08,2014,11.0,0,21.34,26.65,0.8007504690431521,0.9619557111361556,-0.019324904063564723,0.8197797287228467,0.06602040950977776
2014-08-09,2014,7.0,0,21.99,25.8,0.8523255813953488,0.9505420230492847,0.2904676791112523,0.41729421627089563,-0.18981434260470742
2014-08-10,2014,11.0,0,25.38,26.92,0.9427934621099553,1.0559575131054169,-0.03222308964460474,0.3953094905325363,-0.1148261418890808
2014-08-11,2014,11.0,0,25.87,27.67,0.9349475966750994,1.11627827535643,0.6695524398306621,0.7579382011185063,-0.12233505319980449
2014-08-12,2014,13.0,0.1999999999999993,25.35,26.77,0.9469555472543894,1.1357167648268767,0.3143896419658428,0.6301969411202504,0.2404019073099377
2014-08-13,2014,12.0,0,24.24,25.91,0.9355461211887302,0.9625351878050542,0.23371632930350975,0.8835105122635812,0.04666548383330967
2014-08-14,2014,10.0,0,13.48,25.02,0.5387689848121503,1.0764286134707948,0.6209095522114989,1.558504912049486,1.1705631020763196
2014-08-15,2014,9.0,0,23.35,26.03,0.8970418747598925,0.990779069809492,-0.041027152337443105,0.47386107688150925,-0.01988400312593086
2014-08-16,2014,8.0,0,24.82,25.72,0.9650077760497667,0.9065092415308558,0.08953968345948911,0.28588209066925724,-0.208890061631001
2014-08-17,2014,5.0,0,13.53,24.15,0.5602484472049689,0.9312047750570477,0.19950127157282763,0.23392854093948162,-0.09278848118623924
2014-08-18,2014,3.0,0,8.64,22.25,0.38831460674157303,0.7212366067002102,0.5516439021019974,0.6434982402866531,0.5419089302607354
2014-08-19,2014,6.0,0,10.93,21.72,0.5032228360957642,2.0822925712884253,0.26714372112211865,3.396191400011977,2.9122738151218974
2014-08-20,2014,12.0,0,11.25,24.43,0.4604993860008187,3.3414477055451086,1.8619205021969767,2.0566787752452984,0.8147102040781539
2014-08-21,2014,11.0,0,18.25,24.87,0.7338158423803779,2.191407149303867,0.6598045693438966,0.5057875734234556,-0.3736039890087485
2014-08-22,2014,12.0,0,24.98,25.49,0.9799921537857984,0.9510366296888838,0.4336636352454624,0.833913717625475,0.46073993474103386
2014-08-23,2014,11.0,0,24.33,24.94,0.9755412991178828,0.8078491343041154,-0.10093558409978372,0.47275212180067566,-0.059563893325928895
2014-08-24,2014,11.0,0,23.78,24.93,0.9538708383473727,0.7558099010068791,0.22694851596484714,0.8023668825046375,0.4304487947421934
2014-08-25,2014,12.0,0,23.83,24.78,0.9616626311541565,0.8400443913013729,-0.08417891386054081,0.2948433986790502,0.0949587141833792
2014-08-26,2014,11.0,0,20.05,24.08,0.8326411960132891,1.0631770433773533,0.2992104201404759,0.547556170843186,-0.42310747213862143
2014-08-27,2014,6.0,0,14.8,23.2,0.6379310344827587,1.5037130140983472,-0.42319790821986364,0.541770248584775,0.3695690475812376
2014-08-28,2014,12.0,0,24.41,24.67,0.9894608836643696,1.095623829951602,0.23076994250629398,0.6616119467402652,-0.1059463993815483
2014-08-29,2014,13.0,0.1999999999999993,23.71,24.19,0.9801570897064903,1.1439620711061376,0.12515308710382467,0.7603896792135156,-0.28012114293278206
2014-08-30,2014,11.0,0,12.22,23.55,0.518895966029724,1.5168598463261218,0.9430865091693762,0.7529864458650811,0.36718151459783854
2014-08-31,2014,11.0,0,24.34,24.52,0.9926590538336052,0.9295218409733728,0.1872485846234276,0.6440185212421506,-0.31052657385760024
2014-09-01,2014,14.0,1.1999999999999993,21.64,23.46,0.9224211423699915,2.142340332004313,1.461896616103684,0.8893984897863232,0.5145646950391706
2014-09-02,2014,12.0,0,19.11,22.66,0.8433362753751102,1.956352328476302,-0.1343643685480337,0.4672890212941583,0.1666514473413141
2014-09-03,2014,12.0,0,18.35,23.03,0.7967867998263135,2.4667158821337725,-0.474236139391844,0.7725353259853343,0.6540481581339558
2014-09-04,2014,9.0,0,15.55,21.41,0.726296123306866,1.1763738622179822,0.10139155136778404,0.7013656888068516,-0.5878383784653192
2014-09-05,2014,7.0,0,18.95,22.55,0.8403547671840355,1.018953210710182,0.7364870940977265,0.7841453969212165,0.31078403800690424
2014-09-06,2014,13.0,0.1999999999999993,22.73,23.02,0.9874022589052998,1.3111995594135453,0.6104968721143239,0.5648107151254804,0.11050755239404886
2014-09-07,2014,9.0,0,5.37,21.79,0.2464433226250574,5.478602969618249,-0.021085706674037825,6.1247237445647515,5.45260289866244
2014-09-08,2014,11.0,0,23.4,23.62,0.9906858594411515,0.8953211577714613,0.3067654274546803,0.7189692350047737,-0.23360550866000432
2014-09-09,2014,14.0,1.1999999999999993,20.92,22.22,0.9414941494149416,1.4417533341470752,-0.13921235297340853,0.7455099636776094,-0.09694349721178952
2014-09-10,2014,12.0,0,21.42,21.95,0.975854214123007,1.0190836852584995,-0.18480296903060558,0.7680035120589713,-0.09317845174652462
2014-09-11,2014,6.0,0,19.76,21.3,0.927699530516432,1.5939928874989884,-0.22039279411188276,0.31735838570013075,0.11502791224677722
2014-09-12,2014,6.0,0,17.37,20.66,0.8407550822846079,1.8754201431769635,0.5682596869012527,0.9426175015503934,0.6099702287595473
2014-09-13,2014,11.0,0,21.21,22.25,0.9532584269662921,0.825543652769994,0.2376836468999902,0.3772033807626258,0.05321867521917264
2014-09-14,2014,10.0,0,13.95,21.58,0.6464318813716404,0.9790751788380062,0.006473722507731224,0.5398424063044387,-0.11159538710494014
2014-09-15,2014,12.0,0,21.17,21.57,0.9814557255447381,0.9987179520581074,0.16000450335755692,0.8845649775317355,-0.6440878400177054
2014-09-16,2014,7.0,0,10.39,19.58,0.5306435137895813,1.1583268542457767,-0.6776089225892773,1.3661722948193593,-1.0899983979298373
2014-09-17,2014,14.0,1.1999999999999993,20.73,21.13,0.9810695693327024,1.524261110410435,0.9292965268745659,0.8571494449985728,0.4744685596503941
2014-09-18,2014,16.0,3.1999999999999993,20.15,20.46,0.9848484848484848,1.60672823502948,-0.3390507749509822,1.0820163256970905,-0.8999803713651419
2014-09-19,2014,16.0,3.1999999999999993,18.73,19.91,0.940733299849322,5.480851618578888,-0.7640039178278115,3.635428865475619,3.0863261332950382
2014-09-20,2014,6.0,0,10.78,19.1,0.5643979057591623,0.4046559307743339,-0.0396238491731831,0.3865825817946903,-0.09777653185783593
2014-09-21,2014,10.0,0,20.13,20.66,0.9743465634075508,0.6932189044198854,0.012064586052608147,0.7912051329514888,-0.3382331197834558
2014-09-22,2014,10.0,0,17.18,18.09,0.9496959646213378,0.9101081993383768,0.006824482725813263,0.5170259739478693,0.15313589935660854
2014-09-23,2014,9.0,0,16.92,18.04,0.9379157427937918,1.0672855933038334,-0.0527968603180012,0.6948979746540304,0.3302157556896998
2014-09-24,2014,5.0,0,8.8,16.05,0.5482866043613708,1.3965699799807663,0.9772821672976171,1.3774653405072854,1.0679998483418902
2014-09-25,2014,11.0,0,16.79,18.61,0.9022031166039763,1.2261204108670725,-0.37252003968246017,0.8795045587740936,-0.7264231528589798
2014-09-26,2014,14.0,1.1999999999999993,17.84,18.36,0.9716775599128541,1.1594841799221285,0.40473459798833983,1.0179755943848956,0.8665444263312979
2014-09-27,2014,11.0,0,17.57,17.83,0.9854178351093663,1.136130288618673,-0.0647950482181187,0.560497796877026,-0.07856316367117049
2014-09-28,2014,8.0,0,14.19,16.42,0.8641900121802678,2.2096551005950897,0.3362218937802776,2.8895706574547892,2.761643099668573
2014-09-29,2014,10.0,0,12.35,17.35,0.7118155619596541,1.1107094504343218,0.5620945922975681,0.9131097736061727,0.7787315107930078
2014-09-30,2014,11.0,0,17.41,17.84,0.9758968609865472,0.7347712899391253,0.34460955051314857,0.5002815065618305,0.2826119044636168
2015-05-01,2015,13.0,0.1999999999999993,27.99,28.79,0.9722125738103508,0.8642265434394838,-0.09556052399907496,0.7408701443422957,-0.3752712954812812
2015-05-02,2015,13.0,0.1999999999999993,27.52,28.66,0.9602233077459874,0.5390195583425468,-0.12935565427089765,0.3682684194706652,-0.03714892446489001
2015-05-03,2015,12.0,0,22.05,27.44,0.8035714285714286,1.2886795813859822,0.8571096293581802,0.8895198891761632,0.7908174262868849
2015-05-04,2015,7.0,0,13.93,23.87,0.5835777126099706,1.1743033029965206,0.41936920096297925,0.48454440171862245,0.07520250850160082
2015-05-05,2015,8.0,0,14.71,27.37,0.5374497625137011,2.426892945454864,0.001700418263182124,1.6512559921242882,0.755903269080869
2015-05-06,2015,12.0,0,20.47,27.99,0.7313326187924258,1.161124956640273,0.5718463840205058,0.9128553855140941,-0.19484634384988198
2015-05-07,2015,12.0,0,22.02,27.96,0.7875536480686695,1.0933540385145677,-0.33819814509522983,0.8915939535362123,-0.3564830794207137
2015-05-08,2015,13.0,0.1999999999999993,26.82,28.33,0.9466996117190258,0.8769833138271135,-0.043341576108346956,0.6570932721490061,0.494178458899313
2015-05-09,2015,13.0,0.1999999999999993,24.53,28.59,0.857992305001749,2.2738725168759353,-0.9114309413565682,1.228433951749748,-0.8336167156185716
2015-05-10,2015,9.0,0,27.35,28.75,0.951304347826087,0.8347297106296369,0.3544884135999733,0.46698293133172075,-0.0477037052464843
2015-05-11,2015,11.0,0,26.42,28.37,0.9312654212195982,1.0268064582363183,-0.4777795055678357,0.5166921408630673,-0.34984957588378407
2015-05-12,2015,4.0,0,9.89,26.35,0.3753320683111954,1.790336213438476,-0.17172656990032964,0.7876258167707696,-0.11036699186013088
2015-05-13,2015,6.0,0,25.86,29.5,0.8766101694915254,0.7364863395475971,0.20369751185825433,0.5149413679246063,-0.41292913584058094
2015-05-14,2015,11.0,0,20.68,28.85,0.7168110918544194,2.217303149152035,-0.04488309222463919,0.8084261496956839,-0.3354355695538338
2015-05-15,2015,13.0,0.1999999999999993,25.66,28.97,0.88574387297204,0.9022991399656816,0.1273311027909898,0.9249151072072413,-0.46645070941868205
2015-05-16,2015,13.0,0.1999999999999993,26.2,28.32,0.925141242937853,1.086328786036725,-0.6166948575677966,0.7491849775021585,-0.293908284134206
2015-05-17,2015,15.0,2.1999999999999993,21.81,28.84,0.7562413314840499,3.828833549701704,0.35360676779758476,4.118705523481383,3.093497418597211
2015-05-18,2015,6.0,0,8.57,27.24,0.3146108663729809,1.1672416029743995,0.3425131109939909,1.2410309444171859,1.1005079085072016
2015-05-19,2015,8.0,0,10.36,27.74,0.3734679163662581,1.102607101898814,0.0573298937717838,0.4534227812338669,0.1377276669837535
2015-05-20,2015,10.0,0,24.39,29.93,0.8149014366855998,1.4143988621153434,0.898753332234039,0.6157707896942751,-0.1566171444943881
2015-05-21,2015,13.0,0.1999999999999993,27.7,29.82,0.9289067739771965,1.059979747589291,-0.5054778833837895,0.9735959536495682,-0.5977980122143082
2015-05-22,2015,11.0,0,23.29,29.01,0.8028266115132712,1.447886664644573,-0.3399974315628467,0.4642912424701694,-0.29565164593354903
2015-05-23,2015,6.0,0,11.73,29.37,0.39938712972420837,0.7954594441661358,-0.10342848875199666,0.8790681556787104,-0.21840235535957694
2015-05-24,2015,5.0,0,9.01,28.42,0.31703026038001403,0.8894949735560155,-0.2716776115784507,0.6187888052134187,0.431922434927501
2015-05-25,2015,9.0,0,16.12,28.13,0.5730536793458941,1.5620405346990858,-1.1271858611777865,0.8301571818975811,-0.6507634284377831
2015-05-26,2015,10.0,0,26.1,29.75,0.877310924369748,0.7915663267701565,-0.07736759409571799,0.9760773019289922,-0.7916238039645478
2015-05-27,2015,8.0,0,23.81,30.43,0.7824515280972724,0.9230197127525966,-0.0006362006163082393,0.7954151882614553,-0.6623414397921188
2015-05-28,2015,10.0,0,28.16,31.37,0.8976729359260439,0.9838367535895157,-0.32017820966738747,0.9642856348347548,-0.7808509792927799
2015-05-29,2015,10.0,0,24.05,30.3,0.7937293729372937,1.0387590532187336,0.5358053329086596,0.5091227730564467,-0.44206550425393587
2015-05-30,2015,14.0,1.1999999999999993,26.59,30.26,0.87871777924653,2.8834678237420754,-0.9972416501418472,1.2323171816801817,-0.17843358048159175
2015-05-31,2015,10.0,0,20.44,31.33,0.6524098308330675,1.0843240898890283,-0.35204745636755086,0.8566808139518536,-0.4316452063264151
2015-06-01,2015,4.0,0,7.61,29.66,0.25657451112609575,2.2097613673139564,0.19372346939845012,2.4992304157131815,2.095995552463412
2015-06-02,2015,8.0,0,17.65,31.41,0.5619229544730977,2.04757931836561,-0.026902394571888404,1.1127044081084623,-0.6373381318974243
2015-06-03,2015,12.0,0,29.73,31.48,0.9444091486658196,0.8012131019600753,-0.16204996956232684,0.9626169574226422,-0.3666249356874995
2015-06-04,2015,12.0,0,30.43,31.03,0.9806638736706412,0.9552593023977473,-0.07557316941046437,0.8222840793974331,-0.6941074164134893
2015-06-05,2015,11.0,0,24.09,30.38,0.7929558920342331,1.0735202378427458,0.21123585575219117,0.4958014221219936,-0.38108354640621184
2015-06-06,2015,11.0,0,20.04,30.77,0.6512837179070523,2.0335276395959343,-0.6194946683199238,1.0727401743653917,-0.8760837475436247
2015-06-07,2015,15.0,2.1999999999999993,22.46,30.4,0.7388157894736843,2.8325190459999696,0.37447157002130993,1.4260524388691496,0.9031151387873795
2015-06-08,2015,11.0,0,24.56,30.31,0.8102936324645331,1.1403260271851345,-0.11476508773062048,1.0996832955548925,0.13380300159934322
2015-06-09,2015,16.0,3.1999999999999993,19.9,30.27,0.6574165840766435,4.432703242360152,-0.1941263325742839,4.201946823791206,3.9438381385145864
2015-06-10,2015,9.0,0,21.85,29.34,0.7447171097477846,1.1043048279019145,0.07994160818789615,0.841316837936397,0.5866629354202395
2015-06-11,2015,12.0,0,24.05,29.35,0.8194207836456558,1.657068430994178,0.44192401444200596,0.9467372917908825,0.009368864282430186
2015-06-12,2015,9.0,0,19.56,26.71,0.7323099962560838,0.9743225937817133,0.2494837104801384,0.43870811715415153,-0.07275954880378184
2015-06-13,2015,10.0,0,23.47,28.42,0.8258268824771287,1.0035223639414381,0.3017365363339102,1.161186451284694,-0.2066985533289376
2015-06-14,2015,12.0,0,21.53,30.18,0.7133863485752154,0.8649520446338432,0.03023965494870125,1.069462256453672,0.522959374851523
2015-06-15,2015,12.0,0,18.75,29.36,0.6386239782016349,3.3152681876480443,-1.1350903731457274,0.9224421347936413,0.6937584569638903
2015-06-16,2015,7.0,0,8.59,26.9,0.3193308550185874,1.9899003474903414,1.1510226036408275,0.8783442754049672,0.37934500803243054
2015-06-17,2015,9.0,0,16.92,29.73,0.5691220988900101,1.136376871908678,0.6294366752777742,0.9014440750540405,-0.22375396101296965
2015-06-18,2015,13.0,0.1999999999999993,23.24,31.27,0.7432043492165014,1.6411892684830307,0.5442889606087016,1.234112294509575,0.9031073269188248
2015-06-19,2015,9.0,0,22.51,30.32,0.7424142480211082,0.845301369721673,0.3804974819952414,0.5209118374553401,0.11491529849525506
2015-06-20,2015,10.0,0,29.05,31.04,0.935889175257732,1.0040895488452106,-0.6509279861426885,1.3001776503473073,-1.0176488215348047
2015-06-21,2015,12.0,0,25.26,30.45,0.8295566502463055,1.1227085820428517,-0.2975333660159755,0.9234699558966291,-0.45132810017090996
2015-06-22,2015,10.0,0,16.86,28.29,0.5959703075291622,1.7465054732660654,1.4326966497418452,1.454806810824196,1.3206376573048602
2015-06-23,2015,10.0,0,17.57,29.87,0.5882156009373953,0.892023207888602,0.30760455933556435,0.8399584418480306,-0.010364782578066686
2015-06-24,2015,10.0,0,20.75,29.65,0.6998313659359191,1.0666250922312377,-0.4426082501784247,1.4080911002960652,-0.6750516621831414
2015-06-25,2015,10.0,0,27.79,30.43,0.9132435096943805,0.850927059768602,0.05700038135656064,0.8501578890078179,-0.6730395676614442
2015-06-26,2015,6.0,0,12.2,28.91,0.42199930819785536,0.9119308603739378,-0.19111746382224024,0.6765118588638555,0.030507510213250082
2015-06-27,2015,10.0,0,10.59,29.2,0.3626712328767123,3.8236639826413557,-0.11087525083603526,3.915703251762906,3.330130039298398
2015-06-28,2015,8.0,0,16.34,30.28,0.5396301188903566,1.075932984873498,0.5773028106753412,1.0866719640303137,0.765184537608785
2015-06-29,2015,10.0,0,21.09,30.18,0.6988071570576541,0.9886843610426705,0.4289821448648435,1.2746308317474637,0.33267657423594343
2015-06-30,2015,13.0,0.1999999999999993,30.55,31.18,0.9797947402180885,1.0217474113727527,-0.12714753745957644,0.9561194882509103,-0.23283218181594498
2015-07-01,2015,10.0,0,28.21,30.54,0.9237066142763589,1.400113486529946,-0.15678222077246437,1.0171850555999393,-0.8322486019833869
2015-07-02,2015,8.0,0,13.87,28.2,0.49184397163120563,1.5587117887035173,1.0734273357765802,1.9006483692070222,1.60130608626127
2015-07-03,2015,12.0,0,26.64,29.64,0.8987854251012146,1.4232841360390596,-0.5167584529580211,1.1741432414124995,-0.5975636755275969
2015-07-04,2015,9.0,0,23.71,30.24,0.7840608465608466,2.3597998508094964,1.454607126445071,3.55624704215556,2.8020510045735136
2015-07-05,2015,11.0,0,11.36,28.86,0.3936243936243936,6.551672866918442,0.30355860453538713,8.251063416824264,8.035741213683194
2015-07-06,2015,7.0,0,24.62,30.4,0.8098684210526317,1.0209965462611865,0.559175685095244,0.551967173997888,-0.265300074969342
2015-07-07,2015,13.0,0.1999999999999993,27.82,30.63,0.9082598759386223,1.3339195985493562,-0.3929571960039113,1.133640986472888,-0.8979590280042752
2015-07-08,2015,12.0,0,28.47,30.75,0.9258536585365853,1.1015946585444802,0.30434779035910714,0.5308443782594708,-0.0989773437089531
2015-07-09,2015,13.0,0.1999999999999993,21.74,29.5,0.7369491525423728,2.616838413932826,1.0174657101148417,4.75670552677643,4.2666549674128
2015-07-10,2015,12.0,0,21.69,29.14,0.744337680164722,2.053812079957203,1.5482149447797762,1.8443814887689876,1.3987850828465056
2015-07-11,2015,7.0,0,11.65,28.37,0.4106450475854776,3.0038203014284806,0.2171615605907844,2.0623965903805677,1.7316893139914793
2015-07-12,2015,11.0,0,30.31,30.71,0.9869749267339628,1.1565103275669446,0.11779734018152481,0.7667969435981421,-0.4708741420173877
2015-07-13,2015,12.0,0,30.63,30.78,0.9951267056530214,1.5220366483747212,-0.9206116181833112,1.3800204250731478,-1.1067592134626274
2015-07-14,2015,13.0,0.1999999999999993,29.38,30.5,0.9632786885245901,1.0268824673752786,-0.12648115139831587,0.8424948965275764,-0.24318568875670188
2015-07-15,2015,12.0,0,30.16,30.42,0.9914529914529914,0.9035046698538937,0.446534935397747,0.6347664874487303,0.5550723406199213
2015-07-16,2015,13.0,0.1999999999999993,29.11,30.07,0.9680744928500166,1.0152570547158435,-0.34370813695009356,0.9315277944436375,-0.41569680349072397
2015-07-17,2015,12.0,0,24.02,28.9,0.8311418685121108,0.9147500528718131,0.6046789910119568,0.8185800837595074,0.5488871278374331
2015-07-18,2015,8.0,0,23.21,28.84,0.8047850208044384,1.1681651861307032,0.28899650681042477,0.4289344934606392,-0.247487926868736
2015-07-19,2015,13.0,0.1999999999999993,29.38,29.7,0.9892255892255892,1.1598711319046484,0.09998844295980325,0.45988469906551255,0.2394980453929243
2015-07-20,2015,11.0,0,29.18,29.55,0.9874788494077834,0.7018596278400212,0.21159784602036735,0.445615795425035,-0.3266623053981957
2015-07-21,2015,13.0,0.1999999999999993,27.81,28.87,0.9632836854866643,1.1958725118394593,-0.369003058934574,0.6726947666707085,-0.43602391284474606
2015-07-22,2015,13.0,0.1999999999999993,28.82,29.42,0.9796057104010877,0.8154833367546148,0.1254573920125995,0.4219844119846921,0.05878065364602847
2015-07-23,2015,9.0,0,27.1,28.58,0.9482155353393983,2.024316333637015,1.5251651753453508,1.1972275436552953,0.9345910617277392
2015-07-24,2015,10.0,0,22.07,27.47,0.8034219148161631,1.6158230969682363,0.39842783079851696,0.8410566529601906,-0.04009755776030725
2015-07-25,2015,11.0,0,18.17,26.2,0.6935114503816795,3.3912664203640484,-0.4793553247737485,3.844682906315278,3.150843626284443
2015-07-26,2015,9.0,0,23.62,26.4,0.8946969696969698,1.684256526591911,-1.1124304682279231,1.2868682366710118,-0.5778012399121574
2015-07-27,2015,11.0,0,27.97,28.55,0.9796847635726794,1.1124058297891006,0.4266141570529,0.6207187547013284,-0.19323897244604402
2015-07-28,2015,14.0,1.1999999999999993,23.75,27.48,0.8642649199417758,1.7565231007033428,0.17229097257081216,1.1333340462339159,0.7162218998811044
2015-07-29,2015,7.0,0,11.34,25.41,0.4462809917355372,4.181578116716596,1.5825314363228706,5.403114720123462,5.187585099483174
2015-07-30,2015,8.0,0,15.85,26.0,0.6096153846153846,1.1281678283565424,-0.04680602865372455,1.0919343539041544,0.3763732980750139
2015-07-31,2015,8.0,0,25.67,27.71,0.9263803680981595,1.554275534777386,1.0738931003091212,0.473298370290016,0.2047631403995022
2015-08-01,2015,10.0,0,24.64,28.02,0.8793718772305497,0.6435675906524434,0.23301375130499288,0.488304154113611,0.41759941836997133
2015-08-02,2015,9.0,0,24.33,27.38,0.8886048210372535,0.707426122155263,0.39666840652296315,0.575198345944333,0.05457522095888893
2015-08-03,2015,13.0,0.1999999999999993,28.9,29.15,0.9914236706689536,1.5859605343522307,-0.9941162027036182,0.7200256832302477,-0.520731719944612
2015-08-04,2015,9.0,0,19.44,27.21,0.7144432194046306,0.9403792393621577,0.2203667709482883,0.9256022651615741,-0.28847048677573284
2015-08-05,2015,11.0,0,14.72,27.03,0.5445800961894192,1.2956007910135068,0.4993687855532043,1.9191696801781937,1.5858226955254544
2015-08-06,2015,12.0,0,25.77,27.42,0.9398249452954047,0.9835484287356211,0.4055130201038925,0.9155496744916434,0.10165503570052437
2015-08-07,2015,11.0,0,26.78,27.8,0.9633093525179857,1.5740108027939876,1.0703613605913127,0.9283962942024976,0.23936037375816474
2015-08-08,2015,12.0,0,16.87,26.52,0.6361236802413274,3.881211889758802,-1.7748695923117672,0.8722037229626719,0.7538404467379394
2015-08-09,2015,9.0,0,11.32,25.81,0.4385896939170864,3.388727531944037,0.40322034933351497,1.0027767670811725,0.8511910833177568
2015-08-10,2015,14.0,1.1999999999999993,24.68,26.59,0.9281684843926288,1.9979429766776229,0.23929182530080398,0.9832682997060807,-0.3885666048285277
2015-08-11,2015,8.0,0,4.41,23.52,0.1875,4.518778632599842,1.3581593501798757,6.721545129871822,6.653453294642566
2015-08-12,2015,14.0,1.1999999999999993,27.57,27.81,0.9913700107874865,1.4006217505117957,-0.11014448813934911,0.41533994781930994,-0.0744389716149391
2015-08-13,2015,13.0,0.1999999999999993,27.35,27.56,0.9923802612481859,1.2990518371184228,0.6420815789676905,0.9649488046652008,0.23110982970830682
2015-08-14,2015,12.0,0,16.47,26.4,0.6238636363636364,4.938277434339173,-0.43824187067953563,4.242107110620406,4.204675722491584
2015-08-15,2015,9.0,0,15.78,26.79,0.5890257558790594,1.235810648682782,0.12563951432922363,0.6917924118755852,-0.5198840031259309
2015-08-16,2015,10.0,0,27.11,27.51,0.985459832788077,0.9545997087231558,0.4869246043243612,0.7073768774683183,-0.011112577038750496
2015-08-17,2015,12.0,0,26.9,27.16,0.9904270986745213,0.9049500518923259,0.08713638510811861,0.7954551132854895,-0.3226923548469755
2015-08-18,2015,12.0,0,26.48,26.85,0.986219739292365,1.1756745474428834,0.12324227507465683,1.2991517143576687,-0.9990309456237245
2015-08-19,2015,13.0,0.1999999999999993,24.79,25.57,0.9694955025420414,1.0719037877762252,0.1899225068757001,1.313851037398531,-0.32896228945811146
2015-08-20,2015,11.0,0,21.95,24.0,0.9145833333333333,0.9121230486759381,-0.5432395396527715,0.9261985893379333,-0.6976267573728041
2015-08-21,2015,12.0,0,23.68,24.89,0.9513860988348735,1.1685821086829296,0.35615043928425133,0.7939916592874904,0.30455322411166935
2015-08-22,2015,13.0,0.1999999999999993,24.69,24.83,0.9943616592831254,1.7672259228468752,0.5461911604048074,1.370348778392667,0.97135715152501
2015-08-23,2015,8.0,0,16.22,24.59,0.6596177307848718,3.372530177623401,-0.14537739449681228,3.982623759823284,3.744559592732658
2015-08-24,2015,10.0,0,20.85,23.61,0.8831003811944093,1.1886594919914741,0.11540774178622411,1.0345746238527342,-0.5783798835677025
2015-08-25,2015,9.0,0,20.93,22.27,0.9398293668612483,1.0696628509108723,-0.29230085206207335,0.7652753322222781,-0.5954476310291336
2015-08-26,2015,8.0,0,21.92,22.55,0.9720620842572063,1.321116482725941,0.5092742449506487,1.10174380533819,0.5559218384446373
2015-08-27,2015,8.0,0,18.74,22.41,0.8362338241856313,0.8761979023218527,0.2968472334846262,0.6541831888052488,0.2149809523305398
2015-08-28,2015,12.0,0,16.78,22.08,0.7599637681159421,2.915888743475992,-0.35256339082703936,1.394596630003763,0.5607202672851184
2015-08-29,2015,7.0,0,11.14,21.59,0.5159796201945346,1.171326553239122,0.054569611004623875,0.9266015934627017,0.8619860512413228
2015-08-30,2015,8.0,0,16.57,21.87,0.7576588934613626,0.7708017250557985,0.534365946062577,0.6561441491426361,0.5246168591014584
2015-08-31,2015,7.0,0,15.05,22.71,0.662703654777631,1.8759341433415704,1.2971884932452111,1.9497887948523551,1.5145133923936485
2015-09-01,2015,8.0,0,9.2,21.53,0.4273107292150487,1.2350352832144493,-0.7241543146074173,0.8812669238257261,-0.32501065045380645
2015-09-02,2015,10.0,0,19.46,23.37,0.832691484809585,1.679570651350475,0.8602519150988607,1.6461712045263706,1.3333206505622062
2015-09-03,2015,9.0,0,23.3,23.99,0.9712380158399334,0.7949507161378138,0.19547711298631057,0.7395616713798399,-0.009463881399534321
2015-09-04,2015,7.0,0,16.34,22.58,0.7236492471213464,1.3618077666659654,0.7820237816562651,0.4614001707852711,-0.014923253473663559
2015-09-05,2015,13.0,0.1999999999999993,18.38,22.39,0.8209021884769986,3.2311937066230674,0.36776174618149166,3.599608447123678,3.29145607058425
2015-09-06,2015,8.0,0,22.0,23.19,0.9486847779215178,0.8852133685163398,0.42056217771137944,0.5441768136069907,-0.034559454936995714
2015-09-07,2015,5.0,0,11.44,22.8,0.5017543859649123,0.6567496409169665,-0.35430687407816897,0.49975995488984387,-0.3596650562986448
2015-09-08,2015,10.0,0,18.76,22.69,0.8267959453503746,1.1367969514176626,-0.5885465811018057,0.14831392438116012,-0.06085349272121595
2015-09-09,2015,11.0,0,18.47,22.15,0.8338600451467268,1.1700352254229662,0.3429998179018448,1.3646330595014948,1.0904967760002595
2015-09-10,2015,11.0,0,20.45,22.42,0.9121320249776984,0.7676074693723652,-0.07912494383361064,0.8377144778271459,-0.25208024743431423
2015-09-11,2015,17.0,4.199999999999999,22.34,22.96,0.9729965156794425,1.9305068174217455,0.36166486112744267,0.5090519255381049,0.02035686247698128
2015-09-12,2015,9.0,0,21.79,22.22,0.9806480648064807,0.9137562273385016,0.6232228636852115,0.9058249956281893,0.7482886764726526
2015-09-13,2015,19.0,6.199999999999999,21.15,21.65,0.976905311778291,4.857772663774855,-0.16142521596062367,4.778356792193118,4.637377711742205
2015-09-14,2015,7.0,0,13.23,19.74,0.6702127659574468,0.9959622173505214,0.3191715810855081,0.5032090381976999,0.08854989569320892
2015-09-15,2015,7.0,0,14.19,20.72,0.6848455598455598,1.520178450462895,0.6176415158474636,0.8479962424617536,0.5826154266563389
2015-09-16,2015,11.0,0,20.52,21.49,0.9548627268496975,1.1833411105440763,0.9292335978358975,1.0850127238027272,1.0252406127769227
2015-09-17,2015,11.0,0,21.27,21.57,0.9860917941585535,0.9854766425108511,-0.4097193955509357,0.7915066223231557,-0.6510127983699263
2015-09-18,2015,11.0,0,20.0,20.69,0.9666505558240696,1.4118427136650302,0.5429442588878669,1.2736443346083013,-0.6604031719802007
2015-09-19,2015,9.0,0,18.12,19.99,0.9064532266133067,0.8037148660298586,0.5494144628885234,0.6219783828182939,0.3610584499784591
2015-09-20,2015,5.0,0,6.05,18.29,0.330781848004374,0.9417965727560719,0.3628134590223477,0.5649656567707906,-0.41481377654819634
2015-09-21,2015,15.0,2.1999999999999993,19.02,19.78,0.961577350859454,1.5613227514965742,1.080596879078912,1.277325523078372,1.07598365365815
2015-09-22,2015,12.0,0,16.11,19.99,0.8059029514757379,2.485063968924717,-0.008477287395690128,1.6690768541830399,1.4504297458945967
2015-09-23,2015,6.0,0,16.05,20.16,0.7961309523809524,1.008115529563466,-0.25742012910088924,0.3895012197527012,0.2201438371264667
2015-09-24,2015,11.0,0,20.22,20.68,0.9777562862669246,0.8959042669330749,0.25835410138809173,0.4655051670694879,-0.0504003336478395
2015-09-25,2015,8.0,0,18.32,19.39,0.9448169159360496,1.1458640444728754,-0.24062063492057736,0.3204441685828998,-0.1646713838974403
2015-09-26,2015,7.0,0,14.71,18.46,0.7968580715059589,1.6151608803582176,1.3690339656608366,1.2027002861623965,0.8499388798323156
2015-09-27,2015,9.0,0,16.98,18.45,0.9203252032520326,0.6514227287774227,0.2841070817609329,0.8804371599722531,0.6326907448751026
2015-09-28,2015,4.0,0,5.93,18.21,0.32564524986271276,1.761653272578082,0.043110946890138835,1.5975931446169664,1.547488216500953
2015-09-29,2015,5.0,0,8.13,18.31,0.44401966138722015,0.6419904229200408,0.09354729614878415,0.34444979760265687,0.2226990887298371
2015-09-30,2015,14.0,1.1999999999999993,18.43,19.52,0.9441598360655737,1.1941538996737588,0.5146444891864685,1.0009215091191153,0.3142333329536946
2016-05-01,2016,11.0,0,27.49,29.17,0.9424065821049021,1.0330252479054671,-0.15753170745999087,1.074981268270646,-0.8904080642908054
2016-05-02,2016,10.0,0,20.24,24.74,0.8181083265966047,1.7336123324528963,0.6206837456268811,0.36490026196704967,-0.06320770031648533
2016-05-03,2016,4.0,0,9.17,23.55,0.38938428874734604,1.375610870092149,-0.06393188516401176,0.5315460973093042,0.20963952866758126
2016-05-04,2016,7.0,0,18.79,27.85,0.6746858168761221,1.228498213010308,0.6733628659802837,0.2768804839031063,-0.08858463955423919
2016-05-05,2016,11.0,0,18.58,27.3,0.6805860805860805,0.717863288548339,0.05790865528247635,0.6568738146528029,0.12694640702649687
2016-05-06,2016,14.0,1.1999999999999993,20.67,27.43,0.7535545023696684,5.3722431153747605,2.7373799418333427,8.403172552316459,8.334103074009167
2016-05-07,2016,9.0,0,16.97,28.16,0.6026278409090908,0.7664370470691731,0.42832762679678554,1.0150002710496493,0.9446876510328573
2016-05-08,2016,14.0,1.1999999999999993,26.16,29.17,0.8968117929379499,1.8280548288604896,-0.6642333214609198,1.8348715055112867,-1.3208180014353854
2016-05-09,2016,15.0,2.1999999999999993,23.74,27.15,0.8744014732965009,3.225639120441625,1.590814022666623,3.98922381738919,3.5316049357003045
2016-05-10,2016,6.0,0,11.59,26.59,0.43587814968033095,2.8717199122071277,-0.30227366970366804,3.0056482463315266,2.915233564669452
2016-05-11,2016,10.0,0,25.78,30.8,0.837012987012987,1.4583807366369073,0.8623502419158424,0.39034842436585454,-0.19258414631699328
2016-05-12,2016,12.0,0,22.32,29.18,0.7649074708704592,1.9015438688156694,0.28239502371650865,1.0219016267338292,-0.32585827168116194
2016-05-13,2016,7.0,0,28.94,30.93,0.9356611703847398,1.5687955094372426,0.7062865170691686,0.6276783200060515,-0.3952771806251665
2016-05-14,2016,18.0,5.199999999999999,26.86,29.78,0.9019476158495634,2.9379046075972117,-1.2467723192124762,1.514358495729224,-1.222777905348945
2016-05-15,2016,8.0,0,25.81,27.94,0.9237652111667859,2.307002559075123,1.0051108568813565,3.5711904342620864,3.460159004635361
2016-05-16,2016,13.0,0.1999999999999993,27.46,28.17,0.9747958821441249,1.011924839252723,0.09749988214182492,0.4463174321180743,-0.2881395036800747
2016-05-17,2016,9.0,0,13.3,27.46,0.48434085943190097,3.735903099411007,0.7221029998243197,1.7475682409716784,0.9840951960941352
2016-05-18,2016,3.0,0,7.24,27.9,0.2594982078853047,2.0569193785425712,0.25587371016441884,2.0520450981210177,1.884981208452241
2016-05-19,2016,10.0,0,25.53,31.43,0.8122812599427299,1.1596615247144204,-0.10124666776596114,1.0882797262466248,-0.32328381116105476
2016-05-20,2016,8.0,0,20.73,30.59,0.6776724419745015,1.0874425093956746,0.397270020481771,0.4424972920050336,0.14494481299632392
2016-05-21,2016,10.0,0,28.18,31.31,0.9000319386777388,0.7147828251839122,-0.09317948323895149,0.554016985682647,-0.48089543569716514
2016-05-22,2016,12.0,0,29.79,31.23,0.9538904899135446,1.0063504303243345,0.6681430224960062,0.854863258449604,0.5631952892808462
2016-05-23,2016,11.0,0,25.42,29.43,0.8637444784233775,0.8370259070260898,0.2939759211940732,0.7206188528577501,-0.6164373098261654
2016-05-24,2016,11.0,0,30.65,31.85,0.9623233908948193,0.877301834548576,-0.2850790155135913,0.6342622942105461,-0.4435256717943267
2016-05-25,2016,15.0,2.1999999999999993,30.57,31.33,0.9757421002234281,1.797181172326126,0.36311527552308975,1.0168272250424466,-0.5207690392801562
2016-05-26,2016,15.0,2.1999999999999993,29.27,30.32,0.9653693931398417,1.393045602706208,0.660265457177756,0.45465623557504825,-0.012723532943557695
2016-05-27,2016,8.0,0,23.31,28.18,0.8271823988644428,0.9068749789018964,0.7105240989327563,0.45209794685140064,0.17531921656577568
2016-05-28,2016,10.0,0,18.56,27.48,0.6754002911208151,2.079485067752691,-0.10846695155205939,0.7674479850928457,-0.6087321709206025
2016-05-29,2016,7.0,0,17.34,29.27,0.5924154424325248,1.1307358054303773,0.8763791749290767,0.5163040535920039,0.16078320975920413
2016-05-30,2016,10.0,0,22.06,30.17,0.7311899237653298,0.6980391730530423,0.3146192102991159,0.664509293399828,0.06835479367358488
2016-05-31,2016,10.0,0,17.73,28.41,0.6240760295670539,0.7019889122569998,0.10930867349612534,0.5041497798563198,-0.2600111188414698
2016-06-01,2016,10.0,0,24.36,30.16,0.8076923076923077,0.6705318553466241,0.362205340118473,0.5716834048546102,-0.08833933153844657
2016-06-02,2016,11.0,0,22.47,29.99,0.7492497499166388,1.0627299728614474,0.7056208612345339,1.6627350826795908,1.4417049200642378
2016-06-03,2016,12.0,0,28.87,30.7,0.9403908794788274,0.8737916771004357,0.007760163922868972,1.0081039551202682,-0.36077408308015596
2016-06-04,2016,10.0,0,21.11,29.35,0.7192504258943782,1.9784698676070065,1.4117295658353255,2.7147396274772504,1.759621018418595
2016-06-05,2016,12.0,0,28.51,30.51,0.9344477220583415,1.1027675810663775,0.180248240620688,0.5881795307877495,-0.01633378519910759
2016-06-06,2016,11.0,0,24.05,29.23,0.8227848101265823,1.393247676369265,0.007945818015627696,0.6220076203594891,-0.20438223155592183
2016-06-07,2016,12.0,0,29.23,30.95,0.9444264943457189,0.8070859059530316,0.018741116415080434,0.6028728297751528,-0.5055482406795058
2016-06-08,2016,13.0,0.1999999999999993,29.32,30.7,0.9550488599348534,0.8922608386302318,-0.1785609785499389,0.5334848309395889,-0.13938151245689787
2016-06-09,2016,10.0,0,21.72,29.61,0.7335359675785208,0.9923408806392163,0.5471573424309955,0.6949224956569136,-0.38518933101455133
2016-06-10,2016,10.0,0,27.33,30.25,0.9034710743801653,0.8619594084769692,0.2988255675905602,0.4528624243895469,0.11891849801313607
2016-06-11,2016,9.0,0,29.01,30.77,0.942801429964251,0.638896680080007,0.04115037714680551,0.6570880811448815,-0.07275954880378184
2016-06-12,2016,12.0,0,28.59,30.78,0.928849902534113,0.8658534206716014,-0.3879161563993076,0.4951987017780704,0.018628402671941657
2016-06-13,2016,5.0,0,19.82,30.24,0.6554232804232805,0.6075421560781132,0.1723220784508482,0.4565085615355162,-0.3515447049229768
2016-06-14,2016,12.0,0,30.27,31.45,0.9624801271860095,0.8567771900990935,0.28157629352093894,0.7588736517739761,-0.13957487636944302
2016-06-15,2016,12.0,0,24.67,30.75,0.8022764227642277,1.1383536947570785,0.24103874909856224,1.269755218688978,0.8645914423413087
2016-06-16,2016,6.0,0,24.11,29.65,0.8131534569983137,1.4652188607576644,0.6418466724074053,0.6231809847583815,0.35083069265802064
2016-06-17,2016,9.0,0,10.1,27.79,0.3634400863620007,4.575039523945784,0.9216872291393573,5.696881402240138,5.612407636584827
2016-06-18,2016,8.0,0,16.18,29.07,0.5565875472996216,1.0988198121176027,0.37062739140317724,0.5390856267053544,-0.41637158652273715
2016-06-19,2016,13.0,0.1999999999999993,17.98,29.81,0.6031533042603153,3.548620830277197,-0.5795397153188284,4.148949284357568,3.4103898653380873
2016-06-20,2016,11.0,0,28.27,31.2,0.9060897435897436,1.2824107166980003,-0.4324611410702,1.1343875301885684,-0.6498285362677786
2016-06-21,2016,9.0,0,24.89,30.91,0.8052410223228729,1.010269407163803,0.13109365143432727,0.7256936582185818,-0.5447594417589592
2016-06-22,2016,11.0,0,27.12,30.36,0.8932806324110673,1.657604633638672,0.5675316819357882,1.0324550014403737,0.02193207249746128
2016-06-23,2016,8.0,0,9.49,29.07,0.326453388372893,3.996853335288168,0.662580066523927,5.118290412524795,5.093292003586819
2016-06-24,2016,10.0,0,25.73,30.72,0.8375651041666667,0.9930478172218941,-0.0679996186434398,0.39727389350815917,-0.3397062343281109
2016-06-25,2016,10.0,0,22.85,30.54,0.7481990831696137,0.8374007926244307,0.09813756029626663,0.7285710860479957,0.3286236281331932
2016-06-26,2016,10.0,0,30.99,31.59,0.9810066476733142,0.8444531863293862,-0.3608752508360353,1.021517571154974,-0.8365366273682687
2016-06-27,2016,12.0,0,30.62,31.24,0.9801536491677337,1.0309200373227791,-0.550712450653656,0.9430894599833652,-0.7688898602534889
2016-06-28,2016,11.0,0,22.88,30.02,0.7621585609593604,3.0975708340219756,-1.4781196406486723,0.9088172804504747,-0.1340557683404627
2016-06-29,2016,12.0,0,30.47,30.92,0.9854463130659766,1.6250183340544802,-0.4699310602190961,1.670176472813674,-1.0995373985993346
2016-06-30,2016,14.0,1.1999999999999993,30.93,31.41,0.9847182425978988,1.2425777568144778,0.2971715575852169,0.7474948995294372,-0.03181470944340722
2016-07-01,2016,12.0,0,20.07,30.14,0.665892501658925,1.5604715735544343,-0.7231923296684629,0.913227189905301,0.06862579605857218
2016-07-02,2016,10.0,0,24.31,28.88,0.8417590027700831,0.5842694440512354,0.13186795586831565,0.6303643549550817,-0.1646363962729982
2016-07-03,2016,6.0,0,12.08,28.33,0.4264031062477939,1.3859583821503767,0.21973808429671374,0.40526967720948026,-0.2986326636176588
2016-07-04,2016,13.0,0.1999999999999993,28.88,29.57,0.9766655393980385,1.1992792535998078,-0.0541277097915119,1.167637361204516,-0.897154323222893
2016-07-05,2016,8.0,0,23.69,29.62,0.799797434166104,1.3699756218016916,0.7342960210612314,0.67837797757936,0.43489515241598947
2016-07-06,2016,12.0,0,21.55,28.88,0.746191135734072,3.4285467806256746,0.5571420754835702,4.455228138395956,3.5685506408165666
2016-07-07,2016,4.0,0,7.4,27.76,0.2665706051873199,1.7558152567835936,0.9070048190085916,2.2262354275563223,1.3003408854303498
2016-07-08,2016,9.0,0,22.0,29.59,0.7434944237918215,1.2199707185435202,-0.13854938017690413,0.7878207712657386,-0.3666747661501126
2016-07-09,2016,5.0,0,14.11,29.9,0.4719063545150502,0.7547322356977223,0.20411733810268476,0.46562294277864585,0.16616045118604403
2016-07-10,2016,9.0,0,25.75,30.0,0.8583333333333333,0.670307576336084,0.14825533980719952,0.5202681498443075,-0.3687804058204775
2016-07-11,2016,8.0,0,23.4,29.21,0.8010955152345086,2.1796713018164255,1.2637010958895936,3.3851222983951907,2.4302733512600807
2016-07-12,2016,10.0,0,29.14,30.31,0.9613988782580007,0.8031262009022211,-0.18384301515275978,0.6213198402779142,-0.33896601121885617
2016-07-13,2016,12.0,0,30.78,30.98,0.9935442220787605,0.6393129569558186,-0.2994441397522915,0.7272521809302037,-0.6090944819292629
2016-07-14,2016,13.0,0.1999999999999993,29.79,30.55,0.9751227495908347,0.7577429143840607,0.07749618001422502,0.6998677055605144,-0.07922718655064169
2016-07-15,2016,11.0,0,20.54,29.51,0.6960352422907489,4.996875629837517,-0.06326585947059267,5.696597302464292,5.520051422687335
2016-07-16,2016,11.0,0,26.77,28.11,0.952330131625756,1.0168828118566613,-0.19223870268348472,0.9207600488588301,-0.4829645772601309
2016-07-17,2016,11.0,0,25.78,29.88,0.8627844712182062,0.7721745390223869,0.01195353019766691,0.9458341023300911,-0.6527958994445117
2016-07-18,2016,13.0,0.1999999999999993,27.55,29.53,0.9329495428377921,3.347992224762469,1.3916551096264704,4.517756523442065,2.906164712059591
2016-07-19,2016,8.0,0,10.87,27.49,0.3954165150963987,0.9377066682602104,0.4076772213481464,0.9174275803522789,0.7472758991043426
2016-07-20,2016,7.0,0,18.72,28.75,0.6511304347826087,1.4646280532450142,-0.3076683137852833,0.7823903660512025,0.047269175134880825
2016-07-21,2016,11.0,0,25.78,28.97,0.8898860890576459,0.5916715947731775,0.2856434342670709,0.4982504778610254,0.331788758213305
2016-07-22,2016,9.0,0,24.51,29.34,0.8353783231083846,0.8226608769576979,0.2751651753453501,1.0314110636177547,0.7679243950610726
2016-07-23,2016,8.0,0,9.21,27.29,0.33748625870282156,4.262160881951509,0.1437422646388137,5.366289337587253,5.234588620458421
2016-07-24,2016,12.0,0,23.89,27.98,0.8538241601143675,0.9800590953507499,0.2308547972165167,0.5206068180948717,0.01304153170424153
2016-07-25,2016,12.0,0,27.86,28.71,0.9703935910832462,0.8856752271514369,0.18342604236276813,0.49716947558151064,-0.3259572087717668
2016-07-26,2016,12.0,0,22.86,28.48,0.8026685393258427,0.7423348622427733,-0.030814858972594433,0.5867451803698489,-0.165351606304777
2016-07-27,2016,12.0,0,26.54,28.26,0.9391365888181173,1.1158224404775197,-0.20351249970120863,0.7254932342861293,-0.33847646676857696
2016-07-28,2016,12.0,0,27.37,27.88,0.9817073170731708,1.8725771265951552,0.4569586527439677,0.7534823745042898,-0.17842554374313244
2016-07-29,2016,12.0,0,16.92,26.96,0.6275964391691395,2.802212766043602,-0.007709042980585501,1.5343592679306703,1.3145599471125209
2016-07-30,2016,9.0,0,19.81,25.71,0.7705173084402955,0.8668772518941512,0.15604640451442808,1.051698110962777,0.39702519961610666
2016-07-31,2016,9.0,0,16.89,23.73,0.7117572692793932,0.9398708991967323,-0.1819542904921733,0.33067993105316085,-0.27416052346702696
2016-08-01,2016,6.0,0,7.4,24.27,0.30490317264112077,2.6456075075544905,0.36166782657086377,3.8426864753972207,3.8141612584170357
2016-08-02,2016,8.0,0,18.74,25.51,0.7346138769110152,1.0950835664835745,0.35297977269520997,0.6238041596365557,-0.14096310970950418
2016-08-03,2016,11.0,0,27.79,28.14,0.9875621890547264,1.0556703229842126,0.2137816089367964,1.0703718253970946,-0.5747972616147864
2016-08-04,2016,12.0,0,26.58,27.21,0.9768467475192942,1.4623784122423136,-0.8794764763662011,1.7865094926028424,-1.3912237260934421
2016-08-05,2016,11.0,0,24.82,25.51,0.9729517836142688,1.2316380099837623,0.8265813795396788,0.5939429008394583,-0.08737177283007587
2016-08-06,2016,9.0,0,19.0,25.33,0.7500986971969996,0.7299151272663985,0.16362899199895287,0.29098521689602563,-0.13749302753119963
2016-08-07,2016,7.0,0,14.13,25.41,0.5560802833530106,1.082224257809664,0.29452051559591325,1.0264265374523693,0.6480735939304646
2016-08-08,2016,7.0,0,4.48,24.65,0.18174442190669374,4.31597844191805,1.1654676791112524,5.251762708094717,4.9768523240619595
2016-08-09,2016,9.0,0,22.55,27.55,0.8185117967332124,1.4883818330818765,0.7312114115028984,0.5849880671100588,0.012111944514994496
2016-08-10,2016,12.0,0,27.18,27.71,0.980873330927463,0.910943516263887,-0.004427641396853144,0.8631595872436622,-0.10315339136948391
2016-08-11,2016,11.0,0,21.45,26.63,0.8054825384904243,1.0986714598904421,-0.0032087644904407555,0.43775397126687243,0.03675033182635742
2016-08-12,2016,10.0,0,22.45,26.38,0.8510235026535254,0.9328703015404253,0.5003191633084795,0.6753050941701828,-0.1555565412500215
2016-08-13,2016,10.0,0,17.4,25.58,0.6802189210320563,1.5979544856750088,0.45424288554483194,0.5594822979940662,0.0038964354096530465
2016-08-14,2016,11.0,0,16.7,25.91,0.6445387881126977,0.8380106590367428,-0.017736889893912533,0.6372729580822188,0.012734366549786102
2016-08-15,2016,9.0,0,21.92,25.38,0.8636721828211191,0.6852456548316378,-0.0867678561080741,0.4980761421075164,0.13999868066512455
2016-08-16,2016,6.0,0,11.42,24.85,0.4595573440643863,1.4919988574606342,-0.7272651407792736,0.6593788779624566,-0.24467951075682018
2016-08-17,2016,7.0,0,19.42,25.83,0.7518389469608983,0.9984820509520443,0.5093913271268837,0.9062882589054114,0.7644541706083826
2016-08-18,2016,8.0,0,17.68,25.75,0.6866019417475728,0.6668901478318998,0.32841385038504606,0.39600022675186086,0.10525397571808466
2016-08-19,2016,10.0,0,15.23,24.58,0.6196094385679415,0.7979881822673708,0.05160041849748002,0.23050780566126633,0.1233696145095718
2016-08-20,2016,5.0,0,11.52,24.69,0.46658566221142156,0.7419761192976156,0.1900626830351045,0.6724597061357309,0.3907860656020847
2016-08-21,2016,6.0,0,18.47,24.25,0.7616494845360824,1.029426624700901,0.5918318176227317,1.323265251222017,1.0637033007038503
2016-08-22,2016,9.0,0,21.49,24.62,0.872867587327376,1.1420905794916512,0.09165876452441986,0.3882040054859287,-0.24570379150909302
2016-08-23,2016,10.0,0,19.63,24.06,0.815876974231089,1.574857395398649,0.3654077417862241,0.5845050041978125,-0.41171321690103585
2016-08-24,2016,10.0,0,16.62,23.95,0.693945720250522,1.8143370432699968,1.0687397940051044,0.8123722751836272,0.24579892848614845
2016-08-25,2016,13.0,0.1999999999999993,24.84,25.15,0.9876739562624255,1.0701254464777334,-0.35472101862186206,0.7453365939098565,-0.5757936791941306
2016-08-26,2016,13.0,0.1999999999999993,22.64,24.47,0.925214548426645,1.3143569783841527,0.30529342107918495,0.8864776855069736,0.5785107142037926
2016-08-27,2016,6.0,0,11.58,23.71,0.48840151834668916,0.9343465374112493,-0.05128169541351927,0.7155275528152235,0.19702680030922615
2016-08-28,2016,8.0,0,11.85,23.46,0.5051150895140665,0.9270347082139905,-0.1281109207566208,1.1487036480225572,0.19941262999008322
2016-08-29,2016,11.0,0,22.91,24.16,0.9482615894039735,0.7833250716691832,0.40141984250270973,0.8502851965084811,0.20051484793117247
2016-08-30,2016,12.0,0,20.5,23.71,0.8646140868831717,0.9435012529160165,-0.16315305919868509,0.8155766310217973,0.19154676791292147
2016-08-31,2016,8.0,0,10.89,22.96,0.47430313588850176,1.3019089544345706,0.6508456853925823,1.4160138533319926,1.0083226828795269
2016-09-01,2016,8.0,0,22.62,23.41,0.9662537377189235,0.9412916220060807,0.35486819874575587,0.6645170961571328,-1.0146216901318894e-05
2016-09-02,2016,12.0,0,24.11,24.29,0.9925895430218197,0.9822758108110947,-0.26590280605851085,1.2626911918743986,-1.012618508532712
2016-09-03,2016,12.0,0,22.15,23.98,0.9236864053377815,0.961490949217169,0.18585029236312187,0.6810898090571107,0.14108394642610142
2016-09-04,2016,11.0,0,16.52,22.73,0.7267927848658161,1.2496726638013373,0.7823368621535697,0.6208240283828855,0.13123205972513455
2016-09-05,2016,12.0,0,20.11,22.78,0.8827919227392449,0.8491845830472275,0.13084326656706846,0.8874975420141182,0.7814941509278395
2016-09-06,2016,9.0,0,18.09,22.2,0.8148648648648649,0.5468794193653848,0.06224762665929543,0.5008951339252041,-0.21406376800422677
2016-09-07,2016,7.0,0,18.17,22.03,0.8247843849296415,1.3436867046749343,0.7671840598954027,1.2446254526585607,0.7907358884284813
2016-09-08,2016,11.0,0,22.27,22.78,0.9776119402985074,0.9863836054822077,0.6763331512351788,0.5353763459831837,0.2571634426669262
2016-09-09,2016,12.0,0,20.55,22.15,0.9277652370203161,1.4174836246130664,0.5945623826771048,1.041477813452058,0.4068215482534748
2016-09-10,2016,8.0,0,11.64,20.84,0.5585412667946258,0.8337643632487383,0.06725405229526767,0.6334642119950543,0.09781499410681545
2016-09-11,2016,12.0,0,21.17,21.85,0.9688787185354691,1.21705828543995,0.8031860404691723,1.0372974058653248,0.3866071241857618
2016-09-12,2016,11.0,0,20.92,21.72,0.9631675874769798,1.1190328337905824,0.5710169802333239,0.9421166215602725,0.2198853418858396
2016-09-13,2016,10.0,0,20.34,21.55,0.9438515081206497,1.00904665829115,0.6314737225077316,0.7957148207905345,-0.11159538710494014
2016-09-14,2016,6.0,0,8.68,20.42,0.42507345739471103,2.538410810944282,0.3925022516787786,3.5608995826185765,3.2612894133244805
2016-09-15,2016,12.0,0,20.36,20.75,0.9812048192771085,0.9969216108224359,0.02886089460885762,0.9113832542196149,-0.320949634546387
2016-09-16,2016,11.0,0,20.69,21.05,0.9828978622327791,0.8302514903724574,0.2986139377823977,0.6170222582732977,-0.31767946503659356
2016-09-17,2016,13.0,0.1999999999999993,18.89,20.8,0.9081730769230769,0.8764017559089248,0.2401462453523268,0.9141450480111425,0.4770992815991561
2016-09-18,2016,13.0,0.1999999999999993,19.78,20.33,0.972946384653222,1.2328516127669027,0.23341348343156954,1.2202988522952636,0.13263998330221702
2016-09-19,2016,11.0,0,19.23,20.15,0.9543424317617867,1.0391038780729194,0.48985627651583163,0.36821571049453145,-0.012590308406032
2016-09-20,2016,10.0,0,18.55,19.5,0.9512820512820513,0.694641416466308,-0.15460208061405867,0.7301367023043484,-0.3382331197834561
2016-09-21,2016,11.0,0,18.23,19.63,0.9286805909322466,0.9272449820362011,0.061673597665061454,1.306060787345847,0.3017828226256025
2016-09-22,2016,9.0,0,17.51,18.99,0.922064244339126,1.127750617781387,0.7805364730153325,0.7433229183235263,0.49688242235636676
2016-09-23,2016,12.0,0,19.09,19.46,0.9809866392600205,1.8064404506901572,-0.27118946515238623,0.5331877909296543,0.4298663026872032
2016-09-24,2016,8.0,0,16.43,18.78,0.8748668796592118,0.7445722038955658,0.009379365079423163,0.4587234832236981,-0.33133805056410637
2016-09-25,2016,10.0,0,17.65,18.79,0.9393294305481639,1.0468793726936052,-0.3061419538178524,0.6907907259279467,-0.5477063621443108
2016-09-26,2016,9.0,0,13.35,17.84,0.7483183856502242,1.2936489806949665,0.4091070817609324,2.195126916452488,2.132690744875102
2016-09-27,2016,10.0,0,17.46,18.28,0.9551422319474836,0.972935571057157,-0.3505559661079865,0.994486001468342,-0.547946125414286
2016-09-28,2016,12.0,0,18.08,18.62,0.9709989258861438,1.1991762621468287,0.41618017742374835,1.215774618449345,-0.03218885371505683
2016-09-29,2016,7.0,0,15.24,17.53,0.8693667997718197,1.4409122856407488,0.36042571368908655,1.4178342349405924,1.2361972095269227
2016-09-30,2016,12.0,0,17.93,18.26,0.9819277108433734,0.7831611762697345,0.19817567873154074,0.6841405087127809,-0.38129682817305915
2017-05-01,2017,8.0,0,12.68,27.6,0.45942028985507244,0.6909633566881855,0.024526857026209974,0.8149391190867481,-0.25657720747566043
2017-05-02,2017,7.0,0,13.7,29.25,0.4683760683760684,3.046917210137559,2.1194495194951575,3.912907056666094,3.2364069893906997
2017-05-03,2017,12.0,0,26.03,29.1,0.8945017182130585,1.3025937039681348,0.25952733161818325,0.798362969861243,-0.20918257371311513
2017-05-04,2017,10.0,0,27.72,29.08,0.953232462173315,0.5750538325796567,-0.13899637957669633,0.5316777467940842,-0.39256784499771413
2017-05-05,2017,13.0,0.1999999999999993,27.66,28.58,0.9678096571028691,1.0822838359336038,0.10172151301100348,1.2411681547013473,-1.0216571877435878
2017-05-06,2017,17.0,4.199999999999999,27.0,28.49,0.9477009477009477,1.576093873097293,-0.6586342893042829,0.5277236527426871,-0.4704767648984429
2017-05-07,2017,13.0,0.1999999999999993,23.45,27.2,0.8621323529411765,4.166472706652691,0.32459089836905536,5.078192746267637,4.155476663960893
2017-05-08,2017,10.0,0,27.27,29.11,0.9367914805908623,1.1072413534684984,0.5083269927371689,0.40668013251492363,-0.2096063136671956
2017-05-09,2017,10.0,0,21.48,29.14,0.7371310912834592,1.958000751307083,0.4719761989564866,0.7096327729906624,-0.038679524834797974
2017-05-10,2017,15.0,2.1999999999999993,28.8,29.78,0.9670920080591,1.4229488976856446,0.8408140226666231,0.6387165366932707,-0.13506173096636212
2017-05-11,2017,15.0,2.1999999999999993,27.07,28.54,0.9484933426769446,1.271732639324852,0.2234824924074966,0.8552974956158053,-0.46191608832637127
2017-05-12,2017,10.0,0,19.22,28.72,0.6692200557103064,1.3291246124540324,-0.26264975808415764,1.5332112797079938,-0.8592508129836602
2017-05-13,2017,10.0,0,29.79,30.28,0.9838177014531043,0.7133536841102187,-0.007726369125131249,1.0504759958768555,-0.8548818930676347
2017-05-14,2017,15.0,2.1999999999999993,29.88,30.29,0.9864641795972268,1.762859473676139,0.4122806318148853,0.8521202500770441,-0.6089272918158338
2017-05-15,2017,8.0,0,29.54,29.83,0.9902782433791485,0.9536922942114873,0.4597678581277888,0.4782027087078683,-0.0434568468217531
2017-05-16,2017,11.0,0,29.09,30.07,0.9674093781177253,1.9864578703456,1.5903607615451978,1.783355649714643,1.3410519647069539
2017-05-17,2017,12.0,0,20.94,29.43,0.7115188583078492,3.451099037102748,-1.695256519048571,0.555274434632546,0.36223020173121395
2017-05-18,2017,14.0,1.1999999999999993,26.0,28.3,0.9187279151943463,2.3732235640680326,0.22975281454153462,1.8603567260802107,-1.432148213483197
2017-05-19,2017,6.0,0,11.81,28.86,0.40921690921690923,3.446185669867262,1.2200807536621716,3.8178618607400323,3.6032957502378156
2017-05-20,2017,13.0,0.1999999999999993,27.62,31.02,0.8903932946486138,1.4560923247109374,0.15587933190425032,0.8930015897920215,-0.43693562117603807
2017-05-21,2017,13.0,0.1999999999999993,28.6,30.81,0.9282700421940929,1.0574316374240644,0.2730085891137914,0.7549156847383034,-0.09779801221430813
2017-05-22,2017,10.0,0,17.96,28.19,0.6371053565094005,1.4590479633555258,0.8234871834277154,1.5892539626130664,1.019104564302835
2017-05-23,2017,14.0,1.1999999999999993,30.09,30.48,0.9872047244094488,1.6024390322319462,0.4670001929120069,1.2218741330870813,-0.39849438472790233
2017-05-24,2017,13.0,0.1999999999999993,29.57,29.96,0.9869826435246996,0.9443192904801536,-0.1980284567706403,1.1116835261038214,-0.9103350025218321
2017-05-25,2017,11.0,0,25.35,29.0,0.8741379310344828,0.8567472068114379,-0.035079015513591084,0.6008861420520266,-0.27685900512765943
2017-05-26,2017,10.0,0,17.59,29.73,0.5916582576522031,2.320041925962775,0.2976324059042826,2.4039937302275667,2.208376196035452
2017-05-27,2017,6.0,0,11.76,28.19,0.4171692089393402,2.2454064052013476,0.1974395162044357,1.6193746216732994,0.2949105868225767
2017-05-28,2017,14.0,1.1999999999999993,20.04,29.73,0.6740665993945509,1.7482058647311869,0.11841717313232343,1.66355022635511,-1.359858037676559
2017-05-29,2017,11.0,0,21.89,30.58,0.7158273381294965,2.022772024603532,0.8556863532927355,3.327543793884221,2.9137279453206713
2017-05-30,2017,13.0,0.1999999999999993,30.48,31.05,0.9816425120772947,1.8668881096643168,0.6216089439159034,1.657391242983784,-0.2014026104471931
2017-05-31,2017,6.0,0,18.47,29.51,0.6258895289732294,1.0367047981406439,0.4554381928461358,0.8121806749116801,-0.3589871237958497
2017-06-01,2017,9.0,0,20.87,29.87,0.6986943421493137,0.7866163016322224,-0.31412219385348755,1.212179797851223,-0.95067667362399
2017-06-02,2017,6.0,0,10.42,25.33,0.41136991709435455,0.7405261717708914,0.16732320407108356,1.0244693776197737,0.9803297344102653
2017-06-03,2017,7.0,0,16.56,27.6,0.6,1.1533134620978431,0.7596375177553097,0.42515222496190247,-0.3249756569288185
2017-06-04,2017,12.0,0,26.27,30.09,0.8730475240943835,0.7763411234745718,-0.11723983607713102,0.9568197635682076,-0.36077408308015596
2017-06-05,2017,11.0,0,26.39,30.68,0.8601694915254238,0.869927079122394,-0.28876414424780883,0.4876146150251891,-0.04775021307287849
2017-06-06,2017,9.0,0,18.38,29.68,0.6192722371967655,1.982426686406381,1.4893528471321837,2.4072682267441903,2.0710829944340046
2017-06-07,2017,12.0,0,12.87,29.74,0.4327505043712172,6.873337847070656,-0.35875607731628545,8.260983139432344,8.155825444363236
2017-06-08,2017,5.0,0,17.1,30.63,0.5582761998041137,1.8754123017486872,0.8341976873951725,2.8704111287085827,2.303243788605762
2017-06-09,2017,13.0,0.1999999999999993,31.32,31.7,0.98801261829653,1.7080524780212116,0.5714390214500611,1.487044416347359,-0.4727148457902312
2017-06-10,2017,15.0,2.1999999999999993,30.65,31.18,0.9830019243104554,1.1038263026566408,0.008236013646493253,1.1428820570471423,-0.7444506631884907
2017-06-11,2017,17.0,4.199999999999999,22.43,30.66,0.7315720808871494,3.6863382879471023,0.9455034649039518,4.406790812273222,3.985494779955665
2017-06-12,2017,12.0,0,26.51,29.69,0.8928932300437858,1.4511044770337442,0.19375605841796242,1.0506747021658691,-0.4859016206272641
2017-06-13,2017,14.0,1.1999999999999993,30.88,31.95,0.9665101721439749,1.776656429301078,-0.9942355157991932,2.032237847167723,-1.589377974660513
2017-06-14,2017,13.0,0.1999999999999993,27.83,31.19,0.8922731644757934,1.0989466438467708,-0.1269625960277961,1.1865844726389068,-0.9473495661330702
2017-06-15,2017,11.0,0,21.51,30.38,0.708031599736669,1.1106935624263363,-0.10449276046153398,1.519835551098205,-1.00294363667199
2017-06-16,2017,11.0,0,23.5,29.85,0.7872696817420435,0.7237418074636265,0.06470218667368144,0.4592654301564939,-0.3324578445204658
2017-06-17,2017,9.0,0,20.11,28.7,0.7006968641114982,0.800004697093706,-0.2038966580555588,0.841400356116338,-0.3904206276796363
2017-06-18,2017,8.0,0,16.53,28.6,0.577972027972028,1.1935399862232194,0.8702034629386882,1.707652311634096,1.581399380667995
2017-06-19,2017,10.0,0,23.97,30.34,0.7900461437046803,0.8490444112440894,0.14036757258730517,0.5270146928110644,-0.02046448315342116
2017-06-20,2017,9.0,0,29.91,30.69,0.9745845552297164,0.8971646138975803,-0.28583518752841935,1.1339022895088013,-0.8825506060479912
2017-06-21,2017,10.0,0,23.39,30.41,0.7691548832620848,0.7621815183956784,0.30761108387557606,1.0127854315867149,0.8183376943020176
2017-06-22,2017,8.0,0,18.13,29.36,0.6175068119891008,1.4663071534032381,1.0794906531268103,1.2153810226877213,0.589843459177222
2017-06-23,2017,10.0,0,15.85,26.93,0.5885629409580394,2.2367978756703795,1.0992712260022315,3.3454036551147976,3.1563018840885992
2017-06-24,2017,7.0,0,16.95,26.99,0.6280103742126714,1.0325500937120875,0.6526742248751031,0.8469313438781386,0.7274638364717987
2017-06-25,2017,7.0,0,19.64,27.85,0.7052064631956911,0.9615692341321029,0.6524002669495923,1.2056872691599032,1.062205635970323
2017-06-26,2017,7.0,0,11.28,28.15,0.40071047957371225,0.949300879441995,0.11036295887405378,0.5368430172074848,-0.43663012697343123
2017-06-27,2017,11.0,0,29.13,30.53,0.9541434654438257,1.171295900719752,-0.2677961092529723,1.4529555285485174,-1.1368569567717632
2017-06-28,2017,12.0,0,29.41,31.54,0.9324667089410273,0.6100440154764334,0.11595421601301108,0.6669530938048032,0.06444347307984444
2017-06-29,2017,6.0,0,14.35,29.62,0.4844699527346387,2.802215847719186,-0.7759440464144269,1.4155879019692934,1.3662726112082328
2017-06-30,2017,11.0,0,21.67,29.35,0.7383304940374787,1.3975453016310666,0.08502768180721106,0.7464032826435504,-0.1329092820493892
2017-07-01,2017,8.0,0,22.42,30.63,0.7319621286320601,1.0635468630494118,0.2829075567153618,0.3858092778285289,-0.06579888158670914
2017-07-02,2017,9.0,0,26.25,31.06,0.8451384417256922,0.6174038049411381,-0.04239424725134766,0.6901239981403647,-0.5318639862894052
2017-07-03,2017,12.0,0,25.21,30.43,0.8284587578047979,1.4492395282014012,0.23324154704197872,0.6642008407957584,0.06910299113907037
2017-07-04,2017,8.0,0,27.18,30.57,0.8891069676153092,0.709520612381287,-0.34590477649327056,1.1592467508548625,-0.8981768848235436
2017-07-05,2017,12.0,0,29.02,31.0,0.9361290322580645,0.8904117582554829,0.020548780705270293,0.9638072938561263,-0.7640398881031848
2017-07-06,2017,11.0,0,28.06,30.42,0.9224194608809992,1.1226746249726758,0.051323695625859145,0.8607184494292478,-0.46451916542801425
2017-07-07,2017,14.0,1.1999999999999993,28.42,30.06,0.9454424484364605,2.056663143366147,0.5319435325086093,0.8147032765111661,-0.19780203015845052
2017-07-08,2017,13.0,0.1999999999999993,29.64,30.26,0.9795109054857898,0.8005614377622549,-0.10431767155541054,0.9748001831514981,-0.5655587890180307
2017-07-09,2017,14.0,1.1999999999999993,29.95,30.36,0.9864953886693018,0.9348798358246632,0.025219482687778367,0.5714917359179158,-0.03334593252980511
2017-07-10,2017,9.0,0,21.05,29.43,0.7152565409446143,1.4600192726827135,0.31741120858483224,1.557125284497805,1.2990888121348807
2017-07-11,2017,11.0,0,14.53,29.17,0.49811450119986284,2.3351714534237,-0.7123175476430522,2.0624953731496967,1.5307498743675634
2017-07-12,2017,12.0,0,23.91,27.76,0.8613112391930835,1.1616846019376232,0.4163849771677244,0.44177888502476215,-0.2712566397765433
2017-07-13,2017,9.0,0,27.59,29.18,0.9455106237148732,0.9922622158937436,0.3928746196958497,0.8111720362440558,-0.3717360767636369
2017-07-14,2017,5.0,0,20.22,28.07,0.7203420021375133,1.2298329826287844,0.36481494176987866,0.7965218930602314,0.6628772991961398
2017-07-15,2017,8.0,0,12.86,27.7,0.4642599277978339,1.082785769310915,-0.11897670973483547,1.2412244866713256,0.25893711596883523
2017-07-16,2017,3.0,0,6.42,26.62,0.24117205108940645,1.4030254969311313,0.22516991711408116,1.4385363965986053,0.7630443273995761
2017-07-17,2017,15.0,2.1999999999999993,28.53,29.4,0.9704081632653062,1.6373968919358286,-0.4212345945683887,1.9366833372529475,-1.522224423536543
2017-07-18,2017,7.0,0,18.44,29.02,0.6354238456237078,0.7873663409153988,0.11745527679245393,0.877378073361115,0.7209480639898557
2017-07-19,2017,12.0,0,27.41,29.28,0.9361338797814207,0.910206396444631,-0.3211645141909516,0.5534417642875817,-0.12507872732960953
2017-07-20,2017,11.0,0,22.43,29.03,0.7726489838098518,1.8107664255853184,-1.038402153979632,1.0842477144907172,-0.8266623053981969
2017-07-21,2017,7.0,0,22.05,29.02,0.7598208132322537,1.4642269859532462,0.3589983528813834,0.8331774597553309,-0.6193974915317858
2017-07-22,2017,12.0,0,28.64,29.61,0.9672407970280311,1.4782047551311241,1.00775306739284,0.6365036412083598,0.19528470592966704
2017-07-23,2017,14.0,1.1999999999999993,29.16,29.66,0.983142279163857,1.6914471028346363,-0.7108541716850104,1.390995669636852,-0.9165620521272189
2017-07-24,2017,8.0,0,13.12,28.83,0.45508151231356225,0.7135624274956078,-0.23125773536118613,0.4280579530602231,-0.2654113795415789
2017-07-25,2017,12.0,0,22.6,27.46,0.8230152949745084,0.852139044090949,0.14752146388318352,0.4912711949548705,-0.3202918016290918
2017-07-26,2017,12.0,0,27.89,28.75,0.9700869565217392,0.8756104510508681,-0.5249072909705642,1.0977388333302864,-0.8259572087717663
2017-07-27,2017,12.0,0,25.79,28.29,0.9116295510781195,0.8684258783788731,0.21918514102740558,0.5138956134619204,-0.165351606304777
2017-07-28,2017,9.0,0,21.39,27.43,0.7798031352533723,1.2456259781506955,0.5869489585574272,1.0773235430651151,0.0794759832569009
2017-07-29,2017,9.0,0,23.82,27.35,0.8709323583180987,1.0977735658348795,-0.45936434377535723,0.6914894155500144,0.24118084219265157
2017-07-30,2017,8.0,0,17.4,26.59,0.654381346370816,2.299072886423313,0.32819397134627587,0.9945198045898872,0.20970663140834786
2017-07-31,2017,10.0,0,25.74,27.95,0.9209302325581395,0.9957912593937448,-0.05346695794693165,0.6102954041654549,0.25595392549937773
2017-08-01,2017,5.0,0,17.64,26.61,0.6629086809470124,1.560601824654266,0.3665068756524971,1.3601867796902412,1.2921330425183193
2017-08-02,2017,11.0,0,23.99,27.93,0.8589330469029717,1.443265759131312,-0.3161089846200831,1.2164207198544859,-0.5629265817909891
2017-08-03,2017,13.0,0.1999999999999993,27.55,28.55,0.9649737302977233,1.3540107238974424,-0.8691162027036182,0.8269028159347063,-0.3540650532779459
2017-08-04,2017,12.0,0,27.33,27.99,0.9764201500535905,1.1427630429666586,-0.2895109720689491,0.7686229935117131,-0.3846273157009783
2017-08-05,2017,6.0,0,14.82,26.24,0.5647865853658537,2.494895048803605,-1.2314049048497668,0.7001301596899382,0.6377214702866129
2017-08-06,2017,8.0,0,17.88,26.42,0.6767600302800908,0.7680986265750152,0.4231197911803724,0.6952487035025575,0.5122144682447937
2017-08-07,2017,8.0,0,24.75,27.71,0.8931793576326236,0.6779629213806326,0.5019294743694386,0.393788528676514,0.17408027182411878
2017-08-08,2017,12.0,0,27.5,27.96,0.9835479256080114,0.9685992377791263,0.08518212124984452,0.7767298251001533,-0.07949288659539455
2017-08-09,2017,12.0,0,25.66,27.36,0.9378654970760234,1.3051828729859918,0.00984935466690858,0.9321730888699975,-0.42063411113187854
2017-08-10,2017,13.0,0.1999999999999993,20.52,27.24,0.7533039647577093,0.7417864352870558,0.16267574254122405,0.849964838336651,-0.07509756162648884
2017-08-11,2017,12.0,0,23.98,26.98,0.8888065233506302,1.5707497135549475,1.0789056919364803,1.0733165871991683,0.5635132752971828
2017-08-12,2017,11.0,0,6.58,25.56,0.257433489827856,7.092390604625724,2.121791235509559,8.2635404202059,8.036750331826358
2017-08-13,2017,10.0,0,20.97,25.99,0.8068487879953828,1.3282821041917106,0.5836524966418125,0.9409983603516142,0.01111012541664517
2017-08-14,2017,10.0,0,23.76,26.53,0.8955898982284207,0.9436145131801206,0.37090955221149907,0.3845121609628941,-0.16277023125701362
2017-08-15,2017,10.0,0,21.9,25.48,0.8594976452119308,1.3254245536833207,0.28723488789981916,1.2001887193032066,-0.8369081516214057
2017-08-16,2017,9.0,0,25.18,25.92,0.9714506172839505,0.8153932027662022,-0.018873976754145746,0.9759113767126979,-0.5266679860015421
2017-08-17,2017,5.0,0,9.25,25.07,0.36896689270043875,1.5103577298075996,0.19950127157282763,1.608535894589141,1.5738781854804273
2017-08-18,2017,9.0,0,13.08,25.1,0.5211155378486055,1.1210857557336167,0.19659837297266045,0.5693507793740489,0.292393457448874
2017-08-19,2017,10.0,0,25.58,26.06,0.9815809669992325,0.6148818894042145,-0.19364935368535954,0.6573509515988175,-0.20176586368572794
2017-08-20,2017,8.0,0,18.62,25.31,0.7356775977874359,1.2734453716626686,0.6579470014646508,0.597995622311596,0.26536235827432425
2017-08-21,2017,6.0,0,9.91,24.86,0.3986323411102172,1.998801000752577,0.3447418863087924,0.6887804504747721,-0.09772338794416531
2017-08-22,2017,12.0,0,25.53,26.21,0.9740557039297978,0.8148838331665906,-0.06633636475453786,0.8183674330296816,-0.20592673192563282
2017-08-23,2017,12.0,0,23.0,25.33,0.908014212396368,1.008513209561366,0.052767241588115375,0.4721157353504593,0.1168393890989871
2017-08-24,2017,10.0,0,22.82,25.01,0.9124350259896041,0.5842710633138523,-0.05125892488044226,0.6070916414033666,-0.07837988356770254
2017-08-25,2017,5.0,0,17.04,24.31,0.7009461127108186,0.686594929747894,0.18020323033588545,0.6059236318079091,-0.12710053575692606
2017-08-26,2017,8.0,0,18.45,23.82,0.7745591939546599,0.8711952956752607,0.25927424495064866,0.34719916628321573,-0.2774114948886961
2017-08-27,2017,7.0,0,18.06,24.15,0.7478260869565218,0.8372672925632434,0.10349132929904832,0.7017865517079785,0.20894166662255506
2017-08-28,2017,10.0,0,20.65,23.87,0.8651026392961876,0.742034511902667,0.3034193965330232,0.5768860671916002,-0.11606644392906891
2017-08-29,2017,10.0,0,23.81,24.61,0.9674928890694839,0.8521304743264483,0.2981946823875578,0.6755938917086303,-0.12573421251239658
2017-08-30,2017,8.0,0,13.18,23.79,0.5540142917192098,1.6610314250010743,0.7426992793959101,2.2805517680451874,2.191283525768125
2017-08-31,2017,11.0,0,21.61,23.43,0.9223218096457533,0.8054645532735408,0.3122485846234276,0.4899543924957257,0.3561400928090664
2017-09-01,2017,10.0,0,23.3,23.95,0.9728601252609604,0.9588017941151419,0.6156404400740608,1.1207449971816323,0.8437366869327411
2017-09-02,2017,10.0,0,22.4,23.4,0.9572649572649573,0.6006411790717778,-0.13974808490113913,0.6646018917226931,-0.5000126827711272
2017-09-03,2017,8.0,0,21.82,23.2,0.9405172413793104,0.873063501090363,0.6005092404054372,0.47353382179972625,0.15825432764485883
2017-09-04,2017,11.0,0,23.58,23.84,0.9890939597315436,0.6067516437519027,0.03841832355508309,0.643678924206586,-0.5234508268871861
2017-09-05,2017,11.0,0,22.61,23.22,0.9737295434969854,0.7853292094692629,0.1990035288202363,0.6559559247126087,-0.5354346069415321
2017-09-06,2017,9.0,0,17.37,22.71,0.7648612945838837,1.0784322618572413,-0.0997842167413651,0.8254186561195143,0.46112061319587977
2017-09-07,2017,13.0,0.1999999999999993,18.12,22.78,0.7954345917471466,3.2773686109191082,1.1871354607300924,4.704183226280179,4.431537520290189
2017-09-08,2017,6.0,0,16.62,21.04,0.7899239543726236,0.9325110379378444,0.41353871800558323,0.7660568492708036,0.46348790436727033
2017-09-09,2017,10.0,0,21.52,22.4,0.9607142857142857,0.728682639153916,-0.38515168069529215,0.5710131297253213,-0.40257868848461104
2017-09-10,2017,10.0,0,17.32,21.52,0.8048327137546468,0.8282570167539068,-0.14011358530328297,0.9467396162682727,-0.41098204312210446
2017-09-11,2017,9.0,0,17.66,21.36,0.8267790262172285,1.682374520459097,0.794410808832176,1.4966304633070264,1.2558752017034998
2017-09-12,2017,9.0,0,16.81,21.41,0.7851471275105091,1.7360717320372236,-0.21011046964812197,0.7608062361563871,-0.0850446568606807
2017-09-13,2017,6.0,0,14.5,19.92,0.7279116465863453,1.0733057527303607,0.3152516861878736,0.36618775878535564,-0.06188072260772456
2017-09-14,2017,10.0,0,17.71,20.89,0.8477740545715654,0.8908792322020206,-0.11852627749226878,0.7819903091382248,-0.4449287204382735
2017-09-15,2017,10.0,0,12.53,20.78,0.6029836381135707,1.0895937047559698,0.2930593083535206,0.6286956300383787,-0.4534065333480868
2017-09-16,2017,11.0,0,15.84,19.76,0.8016194331983805,1.168564710649054,0.6375669311692316,0.5341360549210334,0.19190727944358996
2017-09-17,2017,12.0,0,21.35,21.49,0.9934853420195441,1.1847770973896867,0.3143970230353424,0.6584545157336419,0.0019254320812915893
2017-09-18,2017,13.0,0.1999999999999993,19.66,20.72,0.9488416988416989,0.9586844834923668,-0.577398861462846,1.0711539180205631,-0.8562340517341784
2017-09-19,2017,11.0,0,20.28,20.71,0.9792370835345244,0.7948232131569165,0.20391397316004709,0.3402345875096922,-0.16981745002632684
2017-09-20,2017,9.0,0,19.17,19.9,0.963316582914573,1.8976892735125543,-0.08026910709310697,0.7529593502090506,0.5200018688799132
2017-09-21,2017,12.0,0,20.41,20.54,0.9936708860759494,0.7938416089167881,-0.1688558300702038,0.5263462742119017,-0.03921307707347962
2017-09-22,2017,10.0,0,15.83,19.53,0.810547875064004,0.9157824242935407,-0.576508850607521,1.2289792296669901,-1.013530767310059
2017-09-23,2017,13.0,0.1999999999999993,18.75,19.11,0.9811616954474097,1.007397477419533,0.08114527583696234,0.5035568555247186,0.08808942488512272
2017-09-24,2017,11.0,0,8.58,18.15,0.4727272727272728,6.093183568628197,2.341687434721425,6.8204766478476175,6.616266333018827
2017-09-25,2017,9.0,0,18.95,19.56,0.9688139059304703,0.8094895262132159,0.43763511904768404,0.6367569403944405,-0.3519219735512866
2017-09-26,2017,12.0,0,19.34,19.43,0.9953679876479671,1.0101709127092742,-0.36737034458142354,1.2781233804612109,-1.090580967906507
2017-09-27,2017,11.0,0,18.56,18.68,0.9935760171306209,1.3191932220674283,0.3935382851152141,0.6023494841499557,-0.24522983033783743
2017-09-28,2017,15.0,2.1999999999999993,18.13,18.22,0.9950603732162459,1.410366484189948,0.6616660508380197,0.49833570563264107,0.17808081187857225
2017-09-29,2017,8.0,0,7.93,16.71,0.4745661280670257,4.666481920480569,0.8746756738380544,5.302170914986796,5.256318541967739
2017-09-30,2017,5.0,0,7.69,16.16,0.4758663366336634,1.218448689351547,0.34153969851897636,1.9412944832548482,1.8860357141501287
2018-05-01,2018,17.0,4.199999999999999,25.15,26.48,0.9497734138972809,1.6699237443226451,-0.70829709548597,1.5011287427172062,-1.170226565885778
2018-05-02,2018,11.0,0,11.76,25.79,0.455990694067468,5.293757462972289,1.4258016258733421,3.753006904730333,3.609591935709195
2018-05-03,2018,8.0,0,17.81,28.06,0.6347113328581611,1.1379666294171435,0.40912933218989966,1.259647853391375,1.0827671730801443
2018-05-04,2018,11.0,0,24.59,28.64,0.8585893854748603,1.8250057726250566,0.18877064913230068,1.2800431945305855,-1.0484912961641513
2018-05-05,2018,14.0,1.1999999999999993,20.75,27.32,0.7595168374816984,1.6256006379381733,-0.8199409347060989,0.8083786340670636,-0.17716927910847838
2018-05-06,2018,16.0,3.1999999999999993,19.32,25.0,0.7728,3.6919506416772974,-1.1125381546393251,1.7897527615178388,-0.6486840140220641
2018-05-07,2018,8.0,0,5.28,27.22,0.19397501836884645,2.828614648122896,0.42731234771429105,1.5529111146994579,0.9290112803861912
2018-05-08,2018,13.0,0.1999999999999993,28.7,30.44,0.9428383705650459,1.3853910038824004,0.1233250905583193,1.0833232373516186,-0.5058215411006873
2018-05-09,2018,16.0,3.1999999999999993,26.79,28.55,0.938353765323993,1.983589534572126,-0.25317141500295587,1.7861442008333053,-1.1285539064023447
2018-05-10,2018,10.0,0,20.97,25.03,0.8377946464242908,1.165286303563303,-0.3561239848889177,0.9529389105394211,-0.5344855984220184
2018-05-11,2018,15.0,2.1999999999999993,25.96,27.88,0.9311334289813487,0.8804127609563666,0.01514915907416318,0.5810841802395152,0.20475057834029542
2018-05-12,2018,11.0,0,26.42,26.94,0.9806978470675576,1.7434656084209603,0.2777519327740932,1.0246786439777422,-0.34517589428202733
2018-05-13,2018,8.0,0,14.3,26.83,0.5329854640327991,3.198149767973795,1.202152238033228,4.736495893562091,4.616094485545892
2018-05-14,2018,5.0,0,9.45,26.87,0.3516933382954968,2.778472439948232,0.08187132171607299,3.478627542306699,3.4081353471725
2018-05-15,2018,8.0,0,12.77,28.65,0.4457242582897033,1.855899793464541,0.6681011914611216,0.7723220417056981,-0.21012351348842037
2018-05-16,2018,10.0,0,23.21,30.18,0.7690523525513585,1.8592946482853816,0.8397219044350289,1.0677140405609036,-0.508134577539133
2018-05-17,2018,12.0,0,22.75,29.59,0.7688408246029064,1.4188147216874285,0.42974348095142867,0.6692571154938985,-0.13776979826878608
2018-05-18,2018,8.0,0,13.31,28.55,0.466199649737303,0.9969669161909198,0.595573036880877,0.6257127556781003,0.4673438780096024
2018-05-19,2018,9.0,0,21.55,28.93,0.7449014863463533,1.279027396491061,-0.607378869506743,1.2855662261881895,-1.0117230413099438
2018-05-20,2018,10.0,0,17.82,31.5,0.5657142857142857,2.5936075000710757,0.10708666556737223,1.3060611731044764,-0.6566171444943883
2018-05-21,2018,14.0,1.1999999999999993,31.88,32.04,0.9950062421972534,1.1573398676010627,-0.1276941308235675,1.3599746478377504,-0.913013243923101
2018-05-22,2018,15.0,2.1999999999999993,30.95,31.1,0.995176848874598,1.3282093879177002,-0.035602558191760204,1.262276057536827,-0.888009820212415
2018-05-23,2018,12.0,0,26.05,28.78,0.9051424600416956,1.0761875976801134,0.2931430224960064,0.5023491011377441,-0.2701380440524872
2018-05-24,2018,10.0,0,6.94,29.21,0.23758986648408081,4.374874264714242,1.4149781101764305,2.660062271379612,2.363844869855002
2018-05-25,2018,16.0,3.1999999999999993,29.57,31.64,0.9345764854614412,2.062400055025824,-0.05481190135310251,1.37375008164621,-0.8420979468523537
2018-05-26,2018,15.0,2.1999999999999993,30.18,30.76,0.9811443433029908,1.610382637148626,-0.5033095658922858,1.911174480984744,-1.3541023726134895
2018-05-27,2018,20.0,7.199999999999999,27.74,28.78,0.9638637943015982,1.8927373699886745,0.5192428317925635,0.684180986514033,0.2608130671863697
2018-05-28,2018,21.0,8.2,25.26,26.81,0.9421857515852295,3.825357135611243,-0.5932075736348481,0.9920981133467577,0.4602129434851605
2018-05-29,2018,7.0,0,20.95,26.67,0.7855268091488563,1.3302003915501137,0.37407313391355906,0.6886262749716436,-0.00944585297775428
2018-05-30,2018,11.0,0,21.46,22.89,0.9375273044997816,2.126492480148653,0.2759767986980722,1.3945696298388672,-0.4140073370450595
2018-05-31,2018,8.0,0,9.21,26.51,0.34741606940777064,4.402875260440689,1.5933620349059587,4.693552410142899,4.521350501605534
2018-06-01,2018,14.0,1.1999999999999993,31.71,32.33,0.9808227652335293,1.6126842304227005,0.3030321428945751,0.9678544279550744,-0.8306822330447255
2018-06-02,2018,17.0,4.199999999999999,26.27,30.68,0.85625814863103,2.194900444120281,0.20324907820140395,1.471760776888851,-0.9168435302820264
2018-06-03,2018,15.0,2.1999999999999993,23.74,28.43,0.835033415406261,3.448630158072975,1.8599375380470917,5.504163191774151,5.37505216372396
2018-06-04,2018,8.0,0,14.47,25.76,0.5617236024844721,1.5460710829593671,0.10239566483746827,1.1450871465856332,-0.46273827760899283
2018-06-05,2018,10.0,0,20.13,29.19,0.6896197327852004,1.091924126427385,0.5783962325019917,0.8867543609094497,-0.24037898158140494
2018-06-06,2018,12.0,0,30.69,32.06,0.9572676232064878,1.0261837165161194,-0.5280850927126455,1.4647525101554204,-1.1830004518657742
2018-06-07,2018,12.0,0,25.91,30.4,0.8523026315789474,1.054384177953289,0.14124392268371455,0.6916536888577335,-0.010841222303429396
2018-06-08,2018,8.0,0,17.04,27.87,0.6114101184068891,0.812420870165701,0.10971629983227633,0.7628883050046656,0.3851900617692194
2018-06-09,2018,12.0,0,23.78,29.24,0.8132694938440493,1.1174063333774158,-0.14559474943071246,0.9306159039098315,-0.333788062780726
2018-06-10,2018,12.0,0,28.74,30.98,0.9276952872821175,1.1084144858628304,-0.6017445224161392,1.173101140829157,-0.6622271972174604
2018-06-11,2018,7.0,0,14.69,29.94,0.49064796259185034,1.1071820749627332,-0.06165543601994091,0.997635553105842,-0.30009038472413785
2018-06-12,2018,6.0,0,18.99,29.62,0.6411208642808912,0.4864424213111,0.0968780292089814,0.6062426674413744,0.5070491896863688
2018-06-13,2018,6.0,0,11.89,27.98,0.42494639027877057,2.3352887770625057,0.18104192180034584,1.0761886488944181,0.34264753466930387
2018-06-14,2018,15.0,2.1999999999999993,30.44,31.51,0.9660425261821644,1.1191492470212594,-0.10803376464745733,1.0366912076478434,-0.5546341147689287
2018-06-15,2018,10.0,0,24.5,30.78,0.7959714100064977,1.6757895678823735,0.4290913557118932,0.901956135072279,-0.6996457303078696
2018-06-16,2018,6.0,0,16.9,30.27,0.5583085563263958,0.9069820824625339,-0.06698062545071881,0.8300601049535373,-0.651037612162679
2018-06-17,2018,12.0,0,24.6,29.42,0.8361658735554045,1.4761958874123773,0.7836933448148095,0.4595660101738181,0.20166138531603947
2018-06-18,2018,4.0,0,7.96,27.16,0.2930780559646539,2.2206755036571013,-0.5023982685306563,1.1948660828774238,0.7906996903339968
2018-06-19,2018,13.0,0.1999999999999993,24.05,29.56,0.8135994587280109,1.5090689373363466,0.33664451103016324,1.2309063485280418,-0.7599371614327808
2018-06-20,2018,12.0,0,29.06,31.18,0.9320076972418216,1.0732998003949892,0.3272197499621076,0.5591892229490828,0.045488080824902376
2018-06-21,2018,9.0,0,10.21,30.17,0.33841564468014584,3.0593526106389817,0.21434997548801826,1.1722514222499,0.6198372582051501
2018-06-22,2018,8.0,0,19.09,29.88,0.638888888888889,0.6858285526838498,0.24615731979347646,0.8676208642067954,-0.07682320748944586
2018-06-23,2018,10.0,0,27.77,31.05,0.8943639291465378,1.092514822118695,-0.10906210733110229,1.5803403946891372,-1.0103647825780666
2018-06-24,2018,12.0,0,26.09,30.7,0.8498371335504886,1.5322225892429135,-0.8394632335474435,0.9758389276854242,-0.7767286612864387
2018-06-25,2018,6.0,0,12.13,29.73,0.40800538176925666,3.017779079327487,-0.1907997711860633,2.2399585483288655,2.1961762594031344
2018-06-26,2018,9.0,0,22.98,28.3,0.8120141342756184,1.1913212846113963,-0.07834286240002648,0.5074034110950988,-0.20423873468012546
2018-06-27,2018,11.0,0,27.38,29.55,0.926565143824027,1.2469389890984677,-0.10112944258630563,1.2706100847223634,-0.47019029010509666
2018-06-28,2018,9.0,0,19.38,29.77,0.6509909304669129,1.058387370749007,0.29529899534309195,0.6598023391094207,-0.20166739519011637
2018-06-29,2018,9.0,0,22.25,29.84,0.7456434316353887,1.171197466682311,-0.3305827362883078,0.8492266855468678,-0.7005910831876516
2018-06-30,2018,7.0,0,17.04,30.34,0.5616348055372445,1.2173524416511916,0.02448465931663879,1.120422675638021,-0.43306348251627763
2018-07-01,2018,7.0,0,20.95,30.39,0.6893715037841395,0.9609820925099498,-0.3514142212073909,1.0960647328529336,0.2340926452782964
2018-07-02,2018,10.0,0,22.6,30.32,0.7453825857519789,0.7511605868334162,0.4251175030540577,0.9402129131535114,0.8349659411599207
2018-07-04,2018,9.0,0,18.14,29.73,0.6101580894719139,1.7855825015521174,-0.2120595402215956,0.5056067419015956,-0.19794899542648636
2018-07-05,2018,8.0,0,22.23,30.68,0.7245762711864407,0.9277703312204498,0.19425474269240306,0.7923102789795993,-0.23158214762434426
2018-07-06,2018,10.0,0,30.2,31.57,0.9566043712385176,1.134495764620908,-0.2904633070067944,1.017386791205147,-0.8313810594800124
2018-07-07,2018,12.0,0,29.95,31.22,0.9593209481101858,1.0251014018470828,0.1404754088169038,0.9170114284868284,-0.5981160258500987
2018-07-08,2018,13.0,0.1999999999999993,25.82,30.24,0.8538359788359788,1.1108910098015736,-0.3959843382220772,0.4850631720832602,0.10110787764863598
2018-07-09,2018,6.0,0,18.78,29.64,0.6336032388663968,1.0146195395709556,0.5048559687709514,0.6060437352495741,0.03332793367770156
2018-07-10,2018,10.0,0,28.07,30.49,0.9206297146605446,0.7582441721909271,0.033234676205369094,0.7380750494058292,-0.16767909762791197
2018-07-11,2018,9.0,0,23.42,30.05,0.7793677204658902,0.8828828839014635,0.06492200647386677,0.7443253265188486,-0.03544707248714474
2018-07-12,2018,9.0,0,19.98,29.68,0.6731805929919138,1.69482528213155,0.47895539954246075,1.1193525810200788,0.9632241868342591
2018-07-13,2018,11.0,0,18.18,28.87,0.629719431936266,2.8984240821477774,0.28110601666529833,1.044637738011881,-0.4728626123407415
2018-07-14,2018,12.0,0,25.94,29.16,0.8895747599451304,0.9562678200320391,-0.216110806418958,0.7280643981815752,-0.2757611485959295
2018-07-15,2018,10.0,0,18.0,29.52,0.6097560975609756,0.8319364106230824,0.4762791128314552,0.8352454017214915,0.6570047282943788
2018-07-16,2018,11.0,0,23.41,30.18,0.7756792577866136,1.7425039434239806,0.770067473862741,2.4482548029918596,2.020051422687336
2018-07-17,2018,9.0,0,21.56,29.55,0.7296108291032148,0.7033895726321644,0.2555925765922999,0.5964798358402291,0.45333201254474115
2018-07-18,2018,7.0,0,14.55,28.39,0.5125044029587883,2.505446795125211,0.7424552767924539,1.8681837562161918,1.2209480639898558
2018-07-19,2018,7.0,0,25.41,29.8,0.8526845637583892,1.0300009769026877,0.07307070005527787,0.5498638174180056,-0.44796259094227214
2018-07-20,2018,9.0,0,29.62,29.93,0.9896424991647177,0.8168319531023498,0.4117618740166651,0.46764769876558354,0.11151871982571866
2018-07-21,2018,14.0,1.1999999999999993,25.81,29.34,0.8796864349011588,1.1550844779808147,0.21799670576276675,0.6838648773863443,-0.40546164973023835
2018-07-22,2018,11.0,0,24.99,28.27,0.8839759462327555,1.2099231075515902,0.32731010093373775,0.8488251557433937,-0.668211241786695
2018-07-23,2018,13.0,0.1999999999999993,26.49,28.54,0.9281709880868956,1.1219389469111312,0.36968303105439454,0.7598448911656019,-0.27966476268956225
2018-07-24,2018,5.0,0,16.05,28.15,0.5701598579040853,1.3441641388976489,0.38671391539925876,0.97586401049182,0.6466178877865131
2018-07-25,2018,7.0,0,14.95,27.82,0.5373831775700935,2.135697344903551,0.4714708539318579,0.9922906390872425,0.7020520046052526
2018-07-26,2018,10.0,0,16.17,27.7,0.5837545126353791,1.3749624419315778,-0.19436718691991484,0.9368814435542167,-0.7160754517542488
2018-07-27,2018,9.0,0,16.45,27.61,0.5957986236870699,1.411396562058156,-0.2981271452314586,0.9238102303826009,-0.24901370472858156
2018-07-28,2018,11.0,0,24.7,28.58,0.8642407277816655,1.2291578573551472,-0.41224756917055255,0.69605441454836,-0.199158983426751
2018-07-29,2018,9.0,0,21.14,27.99,0.7552697391925688,0.984534938723741,0.16563565622464274,0.7502406371329573,-0.4254858244740145
2018-07-30,2018,8.0,0,18.46,27.02,0.6831976313841599,0.981315175843187,0.7031939713462757,0.4717892256969293,0.04303996474168059
2018-07-31,2018,5.0,0,15.95,27.89,0.5718895661527429,0.5980522816666524,-0.04756681230679893,0.6882994110244451,0.2946436294163555
2018-08-01,2018,10.0,0,22.93,27.86,0.8230437903804738,1.191968286115388,0.10801375130499287,0.7092721656721825,-0.0824005816300281
2018-08-02,2018,10.0,0,19.43,27.5,0.7065454545454546,1.1864089348242586,0.06111304428477338,0.4909793007441039,-0.42084234708271673
2018-08-03,2018,11.0,0,19.7,27.4,0.7189781021897811,1.959916944182342,1.3863888541225797,1.7180730572258598,1.5978423908160984
2018-08-04,2018,11.0,0,27.41,28.14,0.9740582800284293,1.2888954050752852,-0.49455172439653633,1.1188833400537146,-0.9081305949481197
2018-08-05,2018,8.0,0,21.11,27.73,0.7612693833393437,1.5704120871469456,0.26090457131142103,0.5712794653875648,0.01696196038214855
2018-08-06,2018,13.0,0.1999999999999993,27.5,28.11,0.9782995375311277,1.0369715505684935,0.026111327334772838,0.6782838572984576,-0.20931815576887716
2018-08-07,2018,12.0,0,24.96,27.29,0.9146207401978748,0.8302701528673097,0.10706087822082584,0.524600138641811,-0.4055462589304888
2018-08-08,2018,6.0,0,14.23,26.48,0.5373867069486404,1.029491092954002,0.46673187051078296,1.1110655574897839,0.9602535567023031
2018-08-09,2018,9.0,0,22.09,26.61,0.8301390454716272,0.839075764216745,-0.13844631733315124,0.9824133988916689,-0.3154755833489092
2018-08-10,2018,9.0,0,24.38,27.08,0.9002954209748892,0.49836448512920695,-0.01878858849710152,0.3767902365452936,-0.3212213888183382
2018-08-11,2018,11.0,0,24.36,26.7,0.9123595505617977,0.6460475230825332,0.00288577316399626,0.3600558439258166,0.21099828013352942
2018-08-12,2018,13.0,0.1999999999999993,17.56,25.96,0.6764252696456086,5.997302848258258,-0.4356103580341573,5.660928618790163,5.573735240643271
2018-08-13,2018,7.0,0,10.18,25.31,0.40221256420387197,2.5597297833213406,0.15022341431593608,3.627619216319406,2.7911104211249853
2018-08-14,2018,9.0,0,26.65,27.03,0.9859415464298926,0.9569827565525214,0.08798526365701582,0.9611163333357714,-0.5131598747979792
2018-08-15,2018,12.0,0,26.11,26.62,0.9808414725770097,1.3472272194300303,0.5564082413278534,0.9026862759912656,-0.3042897819456864
2018-08-16,2018,14.0,1.1999999999999993,26.14,26.42,0.9894019682059045,1.2024434853750507,0.07336111272077354,1.4203941947237153,-1.115557607854252
2018-08-17,2018,11.0,0,24.46,26.35,0.9282732447817836,0.9006348892388062,0.47223613079355314,0.7442980685315145,0.6625320080569393
2018-08-18,2018,13.0,0.1999999999999993,25.0,25.83,0.9678668215253582,1.1956218259495301,0.15434579799754586,0.790121061792577,-0.15172796887014606
2018-08-19,2018,5.0,0,15.04,25.03,0.6008789452656811,1.0928136138390454,0.028175323157321408,0.6823216273199353,0.06578373482380329
2018-08-20,2018,10.0,0,24.38,24.87,0.9802975472456774,1.2224469792004489,0.34326708516414745,1.0908709714483042,-0.8766303854904282
2018-08-21,2018,14.0,1.1999999999999993,24.83,25.78,0.9631497284716833,2.6809514994215657,-0.8344911541683738,0.745371906868987,0.6608676503525022
2018-08-22,2018,4.0,0,10.79,24.12,0.4473466003316749,0.6447882905722051,0.3667767673040436,0.6596936584601409,0.5424688671359009
2018-08-23,2018,9.0,0,19.78,23.38,0.8460222412318221,1.6296129898069223,-0.1583412354755803,1.034235531415958,-0.5790371248424263
2018-08-24,2018,10.0,0,25.05,25.49,0.9827383287563751,1.1250136975566896,0.19874107511955774,0.5634910218061502,-0.41171321690103585
2018-08-25,2018,5.0,0,14.73,24.13,0.6104434314131787,1.4952672240337428,0.8052032303358855,0.6484918603868053,0.20623279757640725
2018-08-26,2018,12.0,0,23.73,24.47,0.9697588884348182,1.020468296428721,-0.50692196590736,1.1469743798466188,-0.9161172423330418
2018-08-27,2018,5.0,0,13.22,23.25,0.5686021505376344,2.2535473565515063,-0.5332204790721078,1.8244930679919091,1.6968630952065873
2018-08-28,2018,11.0,0,22.19,23.56,0.9418505942275044,2.098103327753161,1.2462613361863257,0.678042916040592,0.5556602450113596
2018-08-29,2018,8.0,0,18.85,23.7,0.7953586497890296,1.215787125624655,-0.003110920756620376,0.5372392612419823,-0.3005873700099168
2018-08-30,2018,8.0,0,22.03,23.7,0.9295358649789031,1.0607323893424723,-0.1323007206040896,0.9785973860369042,-0.808716474231875
2018-08-31,2018,7.0,0,9.05,23.59,0.3836371343789742,2.9874736282972285,0.3805218265785444,1.2987440446639558,0.5145133923936486
2018-09-01,2018,11.0,0,24.74,24.92,0.9927768860353129,0.8291333031332775,0.22303781741479933,0.8089018904365834,0.0114436889593487
2018-09-02,2018,12.0,0,20.36,23.76,0.8569023569023568,1.435676558282812,-0.9676977018813668,1.185614589241626,-1.0000152193253526
2018-09-03,2018,4.0,0,13.77,22.59,0.6095617529880478,1.0121647741380688,-0.24141204646394807,0.3170044324498534,-0.1708728361775703
2018-09-04,2018,10.0,0,22.76,23.27,0.9780833691448217,0.7653880565393186,-0.15068031191962072,0.7936173744966128,-0.6879856002004718
2018-09-05,2018,12.0,0,23.34,23.59,0.9894022891055532,1.0591790696226415,-0.23745069583246922,0.6881424452143718,-0.5386559348453078
2018-09-06,2018,12.0,0,22.48,22.95,0.979520697167756,1.4192250108562656,0.21417659990040105,1.3078311230477728,-0.8851725157388278
2018-09-07,2018,11.0,0,21.22,22.0,0.9645454545454545,1.125992691966696,0.1871915436946939,0.7085872352859008,-0.0579297905236853
2018-09-08,2018,11.0,0,21.21,21.89,0.9689355870260393,0.7652388849843432,0.22343209412134732,0.5368497298287015,0.26639449133999565
2018-09-09,2018,7.0,0,13.35,20.42,0.6537708129285014,2.7772094001268397,0.43039382351329625,3.64021335804101,3.4515282513941057
2018-09-10,2018,9.0,0,21.12,22.24,0.9496402877697843,0.6083257726883172,-0.034435560106287566,0.6540328087352605,-0.569883838809894
2018-09-11,2018,13.0,0.1999999999999993,19.45,21.15,0.9196217494089834,1.0825690529747907,-0.18113161590301097,0.37182423556537386,-0.1118839679097589
2018-09-12,2018,10.0,0,9.55,19.03,0.5018392012611665,4.610150147373029,-1.3584560773868015,2.7291543716607127,2.0721726034881343
2018-09-13,2018,7.0,0,19.5,22.55,0.8647450110864745,0.9490103992573461,0.40264186590820217,0.4212568103277676,-0.233223204458508
2018-09-14,2018,11.0,0,22.68,22.83,0.9934296977660974,0.8675516911993466,0.273787761425171,0.7307973529032626,0.04391174085123328
2018-09-15,2018,11.0,0,22.14,22.27,0.9941625505163898,1.1236791078819457,0.5463932553296421,0.7684189232369925,-0.6320805200162276
2018-09-16,2018,12.0,0,21.47,21.76,0.986672794117647,0.9003237010881259,0.004488650797735295,0.957095174447281,-0.8209496345463864
2018-09-18,2018,9.0,0,18.86,20.23,0.9322787938704893,1.3821337090030132,-0.12880806020851968,0.9515825447947192,0.8046784519585835
2018-09-19,2018,12.0,0,21.2,21.55,0.9837587006960556,0.7828968332064001,0.13533039496247548,0.7182188449847259,0.14807793330461236
2018-09-21,2018,12.0,0,19.4,19.8,0.9797979797979797,1.036031526612535,-0.33552249673687046,1.1010680844807816,-0.5392130770734797
2018-09-22,2018,11.0,0,18.27,19.52,0.9359631147540983,0.6378569758492767,-0.14665973566827203,0.40986648716333907,-0.36488384404106416
2018-09-23,2018,10.0,0,18.1,19.21,0.9422175950026028,1.041058357885398,0.5431886737207402,1.2885545572767103,0.8113508396552227
2018-09-24,2018,12.0,0,12.71,18.84,0.6746284501061571,2.1500202069437355,-0.396189465152386,2.2119044602376547,2.09653296935387
2018-09-25,2018,5.0,0,3.29,18.51,0.17774176121015667,2.2989482074739493,0.516278769841306,1.0450443915050767,0.8970803850641001
2018-09-26,2018,6.0,0,17.59,20.08,0.8759960159362551,0.760093110603301,0.3163148277092882,0.5826339453777478,0.03804284938007937
2018-09-27,2018,10.0,0,19.61,20.0,0.9804999999999999,0.7772579687600288,0.005489350104739425,0.7555007254241849,-0.5562695427313683
2018-09-28,2018,9.0,0,18.08,18.79,0.9622139435870143,0.7996281198951802,0.13866629716947845,0.7546329246704201,-0.559818179539524
2018-09-29,2018,12.0,0,14.77,17.91,0.8246789503070909,1.3565289177924609,0.6661801774237484,1.0040571292267206,0.4678111462849432
2018-09-30,2018,10.0,0,18.23,18.4,0.9907608695652175,1.2037349263706172,0.4747460637046205,1.118847254619402,0.7720714283002579
2019-05-01,2019,5.0,0,7.11,25.14,0.2828162291169451,2.9303121552054634,1.0049126189747146,3.8902917117022056,3.714639245327712
2019-05-02,2019,10.0,0,23.62,26.46,0.8926681783824642,1.4478105450223326,0.6825469326121298,1.3019525299006756,-1.0670376342037624
2019-05-03,2019,12.0,0,23.89,27.73,0.861521817526145,1.6370565481603592,0.8845273316181834,1.3077279456639677,-0.7091825737131151
2019-05-04,2019,3.0,0,6.05,25.81,0.23440526927547461,0.7449999730892864,0.0666344194603244,0.7525596904357772,0.6988963131673529
2019-05-05,2019,6.0,0,14.34,28.09,0.510501957992168,1.2592819617834334,-0.27997468630261396,0.8549346829211737,-0.433072548189348
2019-05-06,2019,7.0,0,17.01,27.02,0.6295336787564767,1.1281987266880893,0.7189937240119616,0.42760670773385245,0.08078407719868015
2019-05-07,2019,10.0,0,13.98,25.54,0.5473766640563822,1.3276557552618846,-0.7471095653571368,1.120768396837966,-0.8804025661839289
2019-05-08,2019,9.0,0,18.62,27.54,0.6761074800290487,0.9484259430719528,0.1783276267967858,0.7130226094285761,-0.5553123489671427
2019-05-09,2019,10.0,0,24.96,28.65,0.8712041884816755,0.7476210425762362,-0.06969046771018046,1.072028881720664,-0.8720128581681313
2019-05-10,2019,11.0,0,27.48,28.97,0.948567483603728,0.7159137394445723,0.09993028328885645,0.827084778045643,-0.35460082493088824
2019-05-11,2019,12.0,0,29.72,30.42,0.9769888231426692,2.931965765398219,-0.021214006074002627,0.8223787241470978,-0.5028662039944299
2019-05-12,2019,13.0,0.1999999999999993,23.23,28.04,0.8284593437945792,2.050456939994392,-0.2247780188427387,1.5686420577821776,-0.8170260568787597
2019-05-13,2019,11.0,0,14.26,28.7,0.4968641114982578,2.0653037823449223,-0.3834990060376448,1.4941880346764462,0.8262965842922689
2019-05-14,2019,8.0,0,13.89,30.19,0.4600861212321961,2.5745962887423404,0.5393274480790499,1.33968497846926,-1.046983444524
2019-05-15,2019,14.0,1.1999999999999993,28.9,29.81,0.9694733310969473,1.9491071308899544,0.7108437517236305,2.0365159123005987,1.7156171847285993
2019-05-16,2019,5.0,0,14.58,29.58,0.4929006085192698,1.7123274960987303,-0.1218057144491524,0.5956525209076531,-0.08740062210289985
2019-05-17,2019,8.0,0,15.97,30.59,0.522066034651847,1.6182189511647742,0.9670512095231745,1.5137821844220425,0.46370902337636455
2019-05-18,2019,15.0,2.1999999999999993,31.37,31.62,0.9920936116382036,1.9194767848442902,-0.5187172225150226,1.9448320015920824,-1.5820635620653294
2019-05-19,2019,13.0,0.1999999999999993,26.36,29.72,0.8869448183041723,1.8396760167142823,0.27545274404581566,1.8162896392641619,-1.2761925411514
2019-05-20,2019,15.0,2.1999999999999993,26.92,28.04,0.9600570613409416,1.5212521108334316,0.202296665017725,1.5123255062072212,-0.5682590500749155
2019-05-21,2019,16.0,3.1999999999999993,24.38,26.34,0.9255884586180714,1.4653340544198568,0.08620670763020828,0.994341599560607,-0.7101103740073528
2019-05-22,2019,12.0,0,21.06,22.2,0.9486486486486486,2.1738751530460427,-0.17014871322007474,1.654585067486354,-0.9437411895032657
2019-05-23,2019,8.0,0,10.83,26.11,0.4147836078130984,4.339960406568417,1.487095348330671,4.395941790144545,4.153241303965008
2019-05-24,2019,10.0,0,21.54,31.06,0.6934964584674823,0.9531210298865072,-0.04335522315690262,1.1824022218769883,-0.969488463478332
2019-05-25,2019,16.0,3.1999999999999993,31.24,31.91,0.9790034471952366,2.2079930179808356,-0.05481190135310291,2.2294073210067293,-1.175431280185687
2019-05-26,2019,8.0,0,21.19,27.92,0.7589541547277937,1.1659825836848112,-0.08689407527657449,1.3435022858037093,-0.8332990431716395
2019-05-27,2019,7.0,0,15.07,28.04,0.5374465049928674,1.977651478823901,0.3275683244607306,2.3440636477229706,2.3162845735152295
2019-05-28,2019,9.0,0,13.79,25.74,0.5357420357420357,2.574771081087594,0.7993396112993508,1.3096942867122625,0.36390078530316394
2019-05-29,2019,11.0,0,28.14,30.91,0.9103849886768036,1.276512107364898,0.06401968662606916,1.2512451707835193,-0.7529387213459954
2019-05-30,2019,14.0,1.1999999999999993,31.42,31.74,0.9899180844360429,1.6342506857750332,0.12775834985815301,1.9381288205879794,-1.3451002471482585
2019-05-31,2019,12.0,0,27.24,30.84,0.8832684824902723,1.0013942944530794,-0.3391236143077285,0.9419344768223031,-0.21797424759169934
2019-06-01,2019,11.0,0,27.86,30.75,0.9060162601626016,1.2231244791683795,-0.5089271258209286,1.5693691731465103,-1.2360122307256176
2019-06-02,2019,9.0,0,21.45,29.96,0.715954606141522,0.7604169406080257,0.1468181394399588,0.5499138794715835,-0.2795053983846027
2019-06-03,2019,6.0,0,14.4,30.34,0.4746209624258405,1.294557725291696,0.6689750152188368,1.0202134776452614,-0.3499791345104164
2019-06-04,2019,12.0,0,23.06,30.66,0.7521200260926287,0.902031489513882,-0.4089065027437977,1.282105118160806,-0.8607740830801559
2019-06-05,2019,8.0,0,22.29,29.95,0.7442404006677796,1.2433477021522192,0.7710503193349275,0.5687505156725593,-0.29230318526512394
2019-06-06,2019,12.0,0,28.02,30.71,0.9124063822859003,1.2867546671574646,0.09691490728735468,1.2388197578280056,-1.0163337851991077
2019-06-07,2019,5.0,0,12.84,29.1,0.44123711340206184,1.962124965551766,0.29149052334043696,0.5868969280057575,0.30103837959579255
2019-06-08,2019,16.0,3.1999999999999993,29.5,30.6,0.9640522875816993,1.427097396996378,0.052765932997885866,1.0804388638025222,-0.5629532097948946
2019-06-09,2019,10.0,0,13.39,30.44,0.43988173455978974,4.760061179856323,0.42033770880773963,7.136750276542083,6.777398836571617
2019-06-10,2019,13.0,0.1999999999999993,27.68,31.11,0.88974606235937,1.7413048014338213,0.03213787849362778,1.2052091775711615,-0.3007461303189138
2019-06-11,2019,4.0,0,12.25,30.3,0.4042904290429043,0.8053790386283908,0.24453022703622387,0.5155467863176311,0.28090073253858766
2019-06-12,2019,8.0,0,10.13,27.67,0.3661004698229129,2.4827276214860996,0.031948483389752313,2.595619285885318,2.56495447513738
2019-06-13,2019,11.0,0,19.69,29.94,0.6576486305945224,2.0816766782459424,0.8527435233006333,0.9085063841399502,-0.3440350753284977
2019-06-14,2019,12.0,0,25.23,30.72,0.8212890625,1.258098906518857,-0.2197603450512995,1.3625897218605305,-0.6437072918151442
2019-06-15,2019,12.0,0,27.27,31.23,0.8731988472622478,1.3600071713977882,-0.8017570398123944,1.4118132898378195,-1.139574876369443
2019-06-16,2019,16.0,3.1999999999999993,23.44,30.75,0.7622764227642277,3.7744135065076474,0.4880516654647485,4.075717362011357,2.9861219231217464
2019-06-17,2019,12.0,0,29.0,30.95,0.9369951534733442,1.863399455647443,-0.0913066551851905,1.743150049777899,-1.1316719480172939
2019-06-18,2019,14.0,1.1999999999999993,25.36,31.42,0.8071292170591979,1.4398001018478757,0.1791060601427034,0.8979879384008829,-0.23255108383100934
2019-06-19,2019,7.0,0,22.45,31.26,0.718170185540627,0.5820594878429424,0.11075730081111335,0.6559712076862875,-0.11432513820739487
2019-06-20,2019,7.0,0,16.75,29.59,0.5660696181142277,1.0665923131969866,0.15268374303345134,0.3341552655384374,0.054312491592302926
2019-06-21,2019,10.0,0,20.06,29.53,0.6793091771080256,0.9446037597622456,0.3492777505422426,0.7364753432704156,-0.1816623056979818
2019-06-22,2019,9.0,0,19.0,29.4,0.6462585034013606,1.1227117581109771,0.17276031810099438,0.7030642164687757,-0.5447594417589592
2019-06-23,2019,8.0,0,14.18,29.37,0.4828055839291794,2.797759246419984,-0.04558301919821458,3.1194937103804934,2.92504150727088
2019-06-24,2019,11.0,0,26.71,31.01,0.8613350532086423,0.7676009210109864,0.0672975914704,0.5678651284522077,0.024109838265210588
2019-06-25,2019,7.0,0,27.75,30.87,0.8989310009718172,1.2423831101444542,-0.13926639971707466,0.7760885125928491,-0.6044610306963438
2019-06-26,2019,8.0,0,25.68,31.19,0.823340814363578,0.763937068948071,0.20351004823701344,0.7455335937054758,-0.07043443082677925
2019-06-27,2019,11.0,0,25.99,31.45,0.8263910969793322,1.0826116524953777,-0.5177961092529723,0.8618758212587675,-0.6368569567717633
2019-06-28,2019,12.0,0,29.89,31.67,0.9437953899589516,1.221400259151436,-0.6757124506536556,1.182936962245634,-0.7688898602534889
2019-06-29,2019,12.0,0,22.89,31.03,0.7376732194650338,0.7928507133950439,0.281445240504479,1.0094798634132562,0.8992118890831323
2019-06-30,2019,8.0,0,18.26,30.49,0.5988848802886193,0.7357134381439114,0.07560151540949134,0.7203616239103245,0.4336417342671102
2019-07-01,2019,11.0,0,29.13,30.68,0.9494784876140808,1.1062141669082353,0.14420622381695689,1.190173426850935,-0.9654734621817246
2019-07-02,2019,10.0,0,27.17,30.35,0.8952224052718287,1.2484526429516585,0.5917841697207246,0.38908097518449913,-0.3317007255067453
2019-07-03,2019,11.0,0,30.68,31.2,0.9833333333333334,1.0109622984237774,0.3908880847884794,0.6971487742861452,0.035566630766368235
2019-07-04,2019,7.0,0,23.44,30.86,0.7595593000648089,2.208147351826065,0.7285833205683884,3.20556636497086,2.7349285591127326
2019-07-05,2019,11.0,0,23.88,29.21,0.8175282437521396,1.3003278243335963,0.2618919378687208,0.9638652053095554,-0.13092545298347305
2019-07-06,2019,12.0,0,30.54,31.47,0.9704480457578646,0.8366086467335341,-0.31522263507482046,0.818591536773501,-0.4309906047093482
2019-07-07,2019,13.0,0.1999999999999993,28.42,30.91,0.9194435457780654,1.1686720934184653,0.732042803996089,0.977233135476939,0.43537430532905813
2019-07-08,2019,6.0,0,14.95,29.46,0.5074677528852681,0.9068121993163244,0.548007228512888,1.3894478389757348,1.2005113281455244
2019-07-09,2019,7.0,0,19.22,29.64,0.6484480431848852,1.3897684740803395,0.7626097413438897,0.3358420238144927,0.06666036706843077
2019-07-10,2019,14.0,1.1999999999999993,23.22,29.81,0.7789332438778933,2.615706117603494,-0.1868047866458169,1.8646756894733807,0.7985825966542569
2019-07-11,2019,10.0,0,23.81,28.72,0.8290389972144847,0.8635593222850396,-0.011197770584593147,0.7777884985333263,-0.16901526572645645
2019-07-12,2019,8.0,0,28.56,30.29,0.942885440739518,0.7052430787793968,0.347034429222927,0.5659655330013069,0.09694001792674752
2019-07-13,2019,11.0,0,27.04,29.11,0.92889041566472,1.1001312751870695,-0.593893983334702,1.2032895002916715,-0.9728626123407427
2019-07-14,2019,9.0,0,21.39,29.2,0.7325342465753425,1.1590774319529942,0.6816668951857809,1.2898600523662591,0.7931791385530526
2019-07-15,2019,8.0,0,23.39,28.84,0.8110263522884882,1.248360216334965,-0.035643376401502724,0.9607610838521563,-0.7410628840311647
2019-07-16,2019,10.0,0,27.01,29.49,0.9159036961681927,1.0473168623422124,-0.5272113873975087,0.9755368482207704,-0.5120744642236345
2019-07-17,2019,10.0,0,28.45,29.84,0.9534182305630027,1.0685633179419534,0.09417693695440787,1.3433019591657007,-0.1814829490243627
2019-07-18,2019,11.0,0,18.35,28.2,0.6507092198581561,1.6135088016169221,0.7619535301976669,0.4347249504522119,0.3472041005554883
2019-07-19,2019,10.0,0,17.86,28.15,0.6344582593250444,1.1072566796388006,0.6281962381742069,1.708417412710644,1.4791010605586585
2019-07-20,2019,11.0,0,20.65,26.86,0.7688011913626209,2.845409570445349,-0.2884021539796313,3.073396472708258,1.6733376946018044
2019-07-21,2019,11.0,0,21.4,28.36,0.7545839210155147,1.715178312717443,-0.25133592166258795,0.7252799491256963,0.16951822759290755
2019-07-22,2019,12.0,0,21.91,28.56,0.7671568627450981,1.0685571359147004,0.6638837464731693,0.6714968352008421,0.5286180392630003
2019-07-23,2019,8.0,0,23.49,28.3,0.8300353356890459,0.8065821734154615,0.3557023780847562,0.4374459840962184,-0.26184498216793567
2019-07-24,2019,7.0,0,23.92,27.24,0.8781204111600589,1.3201718518818983,0.516399481558962,1.8002167322122116,1.2052650429011174
2019-07-25,2019,6.0,0,7.54,26.53,0.28420655861289107,2.609832901623998,0.21959406527492545,2.7585731638945634,2.506520765852121
2019-07-26,2019,10.0,0,24.93,28.35,0.8793650793650793,1.4393401903734875,0.22229947974675182,1.0866031973457528,-0.8827421184209155
2019-07-27,2019,7.0,0,21.18,27.46,0.7713037144938092,0.8959150558880541,-0.24366977884512395,0.6394779961092454,0.36187822965554756
2019-07-28,2019,9.0,0,25.87,26.18,0.9881588999236058,1.1127200194105582,0.6702822918907604,0.5129712927343699,-0.08719068340976577
2019-07-29,2019,12.0,0,27.15,27.4,0.9908759124087592,1.2733666969643813,-0.33470801392269856,1.4765947952507685,-1.1784255437431312
2019-07-30,2019,14.0,1.1999999999999993,25.65,27.1,0.9464944649446494,1.160324243937857,0.32433944985598345,1.0262928568142875,-0.6330133950353923
2019-07-31,2019,7.0,0,19.78,25.74,0.7684537684537686,1.0463320339069462,0.4084064627704813,0.8004176983979048,-0.15416558548376832
2019-08-01,2019,11.0,0,14.8,27.31,0.5419260344196266,1.6288383854972146,0.39798179310215903,1.3342193667160238,1.1093593602069678
2019-08-02,2019,12.0,0,27.37,27.7,0.988086642599278,1.1841156625230638,0.18166898647506122,1.1449560871129163,-0.8716774831659286
2019-08-03,2019,12.0,0,25.53,27.88,0.9157101865136299,0.9878020588816449,-0.4496970076238542,0.6283378328925595,-0.2114446645642604
2019-08-04,2019,7.0,0,17.8,27.24,0.6534508076358297,0.8336453513250307,-0.23138140037355281,1.056554454331844,0.33118962139665226
2019-08-05,2019,6.0,0,14.55,26.18,0.5557677616501147,0.6355916138531509,0.3519284284835664,0.6377149172605048,0.3043881369532784
2019-08-06,2019,11.0,0,24.32,26.08,0.9325153374233129,0.9308934772568235,0.32658137953967864,0.48600485684913874,0.07929489383659079
2019-08-07,2019,9.0,0,22.45,27.07,0.8293313631326191,1.0174456781230137,0.1219623253322862,0.8201518376036763,-0.6374930275311996
2019-08-08,2019,9.0,0,27.38,27.72,0.9877344877344877,0.7231329233200914,0.24176447243284027,0.5467047995250589,-0.14295299827987998
2019-08-09,2019,13.0,0.1999999999999993,26.78,27.6,0.9702898550724638,1.0254691232602728,0.08705902311137415,0.8622164796788268,-0.7334647315039788
2019-08-10,2019,12.0,0,9.2,26.34,0.34927866362946086,7.826248407322771,0.4610596597816419,9.344913270183886,9.071704814908882
2019-08-11,2019,12.0,0,27.42,27.59,0.9938383472272563,0.9014888443988611,0.1622390252698135,0.663546559318195,-0.10315339136948391
2019-08-12,2019,13.0,0.1999999999999993,26.72,27.2,0.9823529411764705,1.2215344872596707,-0.3106103580341573,1.326125860973196,-0.9262647593567296
2019-08-13,2019,14.0,1.1999999999999993,26.86,27.05,0.9929759704251386,1.0057159834183929,-0.24121983803479394,1.0869577556745729,-0.9177791577500282
2019-08-14,2019,15.0,2.1999999999999993,26.21,26.5,0.989056603773585,2.4643567841374208,1.7438643283172477,3.183927904946649,2.2558446531144773
2019-08-15,2019,5.0,0,12.48,24.29,0.5137916838205023,1.6676093777709282,-0.4209410105578386,0.9077856669280816,0.4148792575226305
2019-08-16,2019,10.0,0,23.61,24.97,0.9455346415698839,0.8414684993937471,-0.09640872900897153,0.7441173758896975,0.6555540896279162
2019-08-17,2019,9.0,0,19.07,24.83,0.7680225533628675,2.071518929414783,0.9507689554977558,2.8784659332830533,2.466314067198102
2019-08-18,2019,7.0,0,11.26,20.15,0.5588089330024815,1.3820651825995212,-0.19894200620645033,1.5283974287220394,-0.5688791627249508
2019-08-19,2019,9.0,0,24.17,25.27,0.9564701226751089,0.9962238346629033,-0.2659510849834901,0.91354251881522,-0.7149226106504886
2019-08-20,2019,7.0,0,11.33,22.61,0.5011057054400708,1.4516690343577854,0.9611202929482365,1.3151457856261561,1.2530253968233673
2019-08-21,2019,10.0,0,16.08,24.17,0.665287546545304,0.8925004824719713,0.5467920327368757,1.2079534628360225,0.9482387978708354
2019-08-22,2019,9.0,0,18.68,24.51,0.7621379028967767,0.9557559669931832,-0.44558560689923565,0.739741196823178,-0.5711117156108904
2019-08-23,2019,7.0,0,20.31,25.01,0.8120751699320271,0.9160219521190646,0.07591977981528968,0.431714732903384,0.06815631030774345
2019-08-24,2019,9.0,0,21.88,24.77,0.8833266047638272,1.4843266015231442,0.5038669676076015,0.7391410407150778,0.24612477145573367
2019-08-25,2019,7.0,0,16.37,24.05,0.6806652806652806,1.0417879507856675,0.0689511891369059,0.7418810514413208,-0.6112740833930305
2019-08-26,2019,11.0,0,24.27,24.79,0.9790237999193223,0.5783650306349783,-0.07578957985952413,0.7235583029547002,-0.5897741388052887
2019-08-27,2019,12.0,0,24.74,25.12,0.9848726114649681,1.221945449751987,0.27860418356027256,1.1605284319548184,-0.9275285715041909
2019-08-28,2019,10.0,0,16.68,23.96,0.6961602671118531,1.0765366395191391,-0.1549139368003106,1.0756076824364116,0.883933556070931
2019-08-29,2019,11.0,0,23.17,23.67,0.9788762146176595,1.0451342034444597,0.4905141506263127,0.6423088734993877,0.04502569956969656
2019-08-30,2019,13.0,0.1999999999999993,22.38,23.87,0.9375785504817762,1.2230786110474012,0.28501132901835363,0.41771019308599067,0.04000239603986936
2019-08-31,2019,7.0,0,15.8,23.19,0.6813281586890901,1.7495758043714102,0.005521826578544904,0.4894492441103638,0.3478467257269819
2019-09-01,2019,10.0,0,18.51,22.59,0.8193891102257637,1.5418693837290087,0.15730710674072754,0.5099932142303021,0.343736686932741
2019-09-02,2019,7.0,0,18.06,23.06,0.7831743278404163,1.6136157775213888,1.248009673902536,1.4097931458090271,1.1666577887268772
2019-09-03,2019,8.0,0,15.52,22.39,0.6931665922286735,0.550060205121484,-0.024490759594562928,0.5128029040600568,-0.17507900568847448
2019-09-04,2019,11.0,0,21.79,23.55,0.9252653927813163,0.8298668272828879,0.5384183235550831,0.5530855054843534,0.30988250644614723
2019-09-05,2019,6.0,0,11.87,22.25,0.5334831460674156,1.7016628656815904,0.8396079854170985,2.8497962624855364,2.814005365910679
2019-09-06,2019,12.0,0,18.82,22.95,0.8200435729847495,0.6134686905935853,0.33917659990040105,0.7376151513273099,0.6148274842611722
2019-09-07,2019,6.0,0,12.45,21.54,0.5779944289693594,0.7052722037899164,0.2498317511061976,0.6214430923807667,-0.1982647342250393
2019-09-08,2019,12.0,0,21.68,22.41,0.967425256581883,1.3909091231849715,-0.2145892306555003,1.3291153192646723,-0.9063575245987927
2019-09-09,2019,10.0,0,20.88,22.13,0.9435155896972436,1.5546145664468423,0.6565149859713745,0.6980940000312927,-0.23591202181794438
2019-09-10,2019,6.0,0,6.68,21.45,0.31142191142191145,3.479816194947864,0.4075985154846973,4.316126465704077,4.286744107460071
2019-09-11,2019,7.0,0,13.37,21.98,0.60828025477707,1.0428530274019043,0.21509729575835865,0.6911751679343965,-0.5602452134898712
2019-09-12,2019,10.0,0,20.82,22.44,0.927807486631016,0.5996199435364099,0.016543922613198998,0.4940379878648242,0.23883927015480153
2019-09-13,2019,10.0,0,21.04,21.77,0.9664676159853008,0.9543260740747581,0.7198639214242333,0.813778174488213,0.7301987956537926
2019-09-14,2019,12.0,0,21.65,22.06,0.9814143245693563,1.1623924361980276,-0.4588981996573889,1.15239077277785,-0.9672477978592612
2019-09-15,2019,11.0,0,21.22,21.58,0.9833178869323448,0.743522135780889,0.184865239188873,0.3488058999723867,-0.2987471866828943
2019-09-16,2019,11.0,0,19.16,20.83,0.9198271723475757,0.9341301490325031,0.5125669311692311,0.8004555861031171,0.358573946110256
2019-09-17,2019,5.0,0,11.23,20.38,0.5510304219823356,0.5273684809206386,0.24558209293139255,0.4764211311709957,0.26469115225609247
2019-09-18,2019,11.0,0,20.31,20.48,0.9916992187499999,0.7002927064756355,0.18856099118865907,0.4361770703876365,-0.18716552926542604
2019-09-19,2019,11.0,0,20.04,20.24,0.9901185770750989,1.0677206256335205,0.37058063982671346,0.8146848279914208,-0.6698174500263269
2019-09-20,2019,10.0,0,18.75,19.49,0.9620318111852233,1.1401037096818234,0.392293584711362,0.7336000496185321,-0.32962755309639274
2019-09-21,2019,11.0,0,19.38,19.66,0.9857578840284842,1.0359241067975304,0.381616944964793,0.922259672712377,0.5979202309114603
2019-09-22,2019,13.0,0.1999999999999993,19.35,19.68,0.9832317073170732,1.336142490681599,0.5047051608768914,1.3594398956323928,0.09907666916359285
2019-09-23,2019,11.0,0,19.64,19.82,0.9909182643794148,1.8849621196956872,1.1808408744261472,2.1286480084536015,1.6258192569540781
2019-09-24,2019,11.0,0,18.79,19.14,0.9817136886102402,1.3969905013206498,0.34168743472142477,0.5533954227537091,0.11626633301882687
2019-09-25,2019,11.0,0,18.02,18.79,0.9590207557211283,1.169797749694374,0.7108132936508734,1.512678783637757,1.4402435138076868
2019-09-26,2019,7.0,0,16.12,18.23,0.884256719692814,1.404781110071078,0.16070063232750367,0.8249627059451572,0.5166055464989819
2019-09-27,2019,9.0,0,15.7,17.86,0.8790593505039194,0.8926411317094719,0.24244041509426584,0.7774384352762839,0.2993574115417683
2019-09-28,2019,9.0,0,14.86,17.91,0.8297040759352317,0.8575711657944592,0.38866629716947854,0.3082701805095205,0.10684848712714275
2019-09-29,2019,11.0,0,14.87,17.19,0.8650378126817916,1.0680500877211478,0.5724707181939914,0.5132968497126328,0.28993799520564184
2019-09-30,2019,15.0,2.1999999999999993,7.41,16.83,0.4402852049910874,8.99565828960284,1.1912857622235968,11.588588546471922,11.49144047578372
2020-05-01,2020,5.0,0,11.91,26.31,0.45267958950969217,0.9527532254078233,0.17460679963939807,1.4563751538824112,1.383147849564785
2020-05-02,2020,11.0,0,24.41,28.09,0.8689925240299039,0.9109407155296202,0.18234449842777903,0.9692230282859812,-0.38619513701480024
2020-05-03,2020,14.0,1.1999999999999993,25.48,27.39,0.9302665206279664,1.4877774909113721,-0.5362615980740424,1.689379897448626,-1.349594982996799
2020-05-04,2020,9.0,0,15.95,26.34,0.6055429005315109,3.0488210148830053,-0.16996202945392028,3.712287520356425,2.9337245110493124
2020-05-05,2020,16.0,3.1999999999999993,18.94,25.91,0.7309918950212274,3.9329157616219232,0.38746184536067485,4.1820522648238985,3.0179826526446027
2020-05-06,2020,5.0,0,17.71,29.78,0.5946944257891202,1.5845060244556688,-0.26938811601190166,0.7692565014772308,-0.6068679497586311
2020-05-07,2020,11.0,0,29.97,30.56,0.9806937172774869,1.215282022578791,-0.12000697465578088,1.7494219598297307,-1.1972336117005815
2020-05-08,2020,15.0,2.1999999999999993,27.17,29.04,0.9356060606060607,1.4808015856322947,0.24963096510139557,1.408704975242612,-0.9746859539188654
2020-05-09,2020,15.0,2.1999999999999993,28.24,28.48,0.9915730337078651,1.3963294497264604,-0.5341859773333774,1.9932860635476504,-1.3017283976330287
2020-05-10,2020,13.0,0.1999999999999993,25.94,29.57,0.8772404463983767,2.01321892693163,0.35201816008649695,0.6042718056741002,0.3441171678949229
2020-05-11,2020,15.0,2.1999999999999993,28.5,29.9,0.9531772575250836,2.325815816190554,-0.6439746371262375,0.8385501615401288,-0.4555428861421588
2020-05-12,2020,7.0,0,20.31,25.14,0.8078758949880668,1.0961326332672252,0.36959154161240776,0.7497751707879448,0.2682493415193227
2020-05-13,2020,6.0,0,16.13,27.47,0.5871860211139425,0.6864620061021851,0.03991225272595426,0.9157738892837521,0.0897624166069999
2020-05-14,2020,10.0,0,19.89,29.76,0.6683467741935484,0.8164823631496834,0.251793155993069,0.8497097179938853,-0.6793210585271913
2020-05-15,2020,14.0,1.1999999999999993,29.85,30.65,0.9738988580750408,1.2699760820097992,-0.657722667124293,1.0381737323741345,-0.6113884085547863
2020-05-16,2020,8.0,0,26.81,29.81,0.8993626299899362,1.1215128099936817,0.3003845428565078,0.4543074074276898,0.1303756900430315
2020-05-17,2020,7.0,0,18.68,28.1,0.6647686832740213,1.2049345019359023,0.6357097406041007,0.716158763664329,-0.049407440074932175
2020-05-18,2020,10.0,0,18.7,26.08,0.7170245398773006,0.8891308322171826,-0.3554209661186028,0.8276264863859707,-0.6611737496036412
2020-05-19,2020,9.0,0,19.9,27.54,0.7225853304284676,0.8970074633384632,0.604711332343968,0.46929903445780935,0.3257112366217167
2020-05-20,2020,7.0,0,18.87,27.07,0.6970816401920946,1.5278745821364728,0.22781960125488313,0.42299364087565733,0.29349337803844894
2020-05-21,2020,5.0,0,6.59,26.64,0.24737237237237236,2.030244126292896,0.05757692504719077,2.9961317350110037,2.5928856154847506
2020-05-22,2020,14.0,1.1999999999999993,28.8,31.18,0.9236690186016677,1.8487722236695687,-0.6579998070879927,1.9641812884388774,-1.565161051394569
2020-05-23,2020,10.0,0,25.97,31.17,0.833172922682066,1.1666220358597779,0.7483114435097639,0.3495259621789507,-0.13615513014499867
2020-05-24,2020,7.0,0,14.26,30.06,0.4743845642049235,2.642169279627444,0.07237395982468427,0.5189142897553304,-0.19133451841457116
2020-05-25,2020,12.0,0,27.7,30.94,0.8952811893988364,1.2486078077223361,-0.27617444624819426,1.5486274750704876,-1.2499485647574573
2020-05-26,2020,12.0,0,29.51,31.54,0.9356372859860496,0.9003319541019152,0.5198790324088715,0.7866276421675936,-0.41017882635484604
2020-05-27,2020,11.0,0,30.44,31.15,0.9772070626003211,1.1193542027737429,-0.3146960306341267,1.1291614651401396,-0.925602743888725
2020-05-28,2020,8.0,0,30.02,32.04,0.9369538077403246,1.2080670363232069,0.5882264387583528,0.4522999478872065,0.179680929930185
2020-05-29,2020,11.0,0,32.28,32.54,0.9920098340503996,0.7350253736053619,-0.14068986796859453,0.5986928818246143,-0.4140073370450595
2020-05-30,2020,14.0,1.1999999999999993,30.7,32.1,0.9563862928348908,1.167685624016016,-0.2845331055812381,0.701992266765719,-0.004303288856981761
2020-05-31,2020,9.0,0,28.78,31.24,0.9212548015364918,1.0228712247723162,0.060877806146512725,0.947219585364337,-0.7840100069573234
2020-06-01,2020,13.0,0.1999999999999993,31.64,31.88,0.9924717691342535,1.00902589600721,-0.44996639117931947,1.2674123311514682,-1.0148411309999819
2020-06-02,2020,13.0,0.1999999999999993,31.87,32.11,0.9925256929305513,0.7584871631140975,-0.11305413369252044,1.0225154531380105,-0.5082881247725671
2020-06-03,2020,11.0,0,24.04,31.12,0.7724935732647814,0.9262060152555777,-0.124830960848481,0.9855931829010958,-0.552931798379032
2020-06-04,2020,9.0,0,23.91,29.82,0.8018108651911469,0.727753470713242,0.3067827806687703,0.24515666940265515,-0.06793196517842474
2020-06-05,2020,20.0,7.199999999999999,20.65,29.87,0.6913290927351857,7.710871884003737,-1.7220165626213508,5.9365031146464,4.694999246890379
2020-06-06,2020,9.0,0,20.25,30.36,0.6669960474308301,1.632082370362534,0.44968294201278575,1.2476865073509384,-0.09146425006090612
2020-06-07,2020,9.0,0,26.31,32.29,0.8148033446887581,1.6405878464176826,1.0348891706446437,1.0383503149038031,0.5791721528237049
2020-06-08,2020,11.0,0,29.14,31.94,0.9123356293049467,1.135341158855628,-0.3209618536448204,1.263299975925002,-1.0281946131045558
2020-06-09,2020,13.0,0.1999999999999993,29.16,32.12,0.9078455790784559,1.1610989024686071,-0.46786212150637185,0.8908287588659783,-0.6340794636522471
2020-06-10,2020,9.0,0,20.8,29.25,0.7111111111111111,0.7185273047857685,-0.08522365583516296,0.6576761458186331,-0.24297335178817825
2020-06-11,2020,6.0,0,22.82,30.85,0.739708265802269,0.6184337735811914,0.2218780292089814,0.2616388265342915,-0.15961747698029782
2020-06-12,2020,9.0,0,26.71,31.38,0.8511790949649459,1.2262220049163435,0.5423962160338519,0.9458922184905536,-0.5693620313293769
2020-06-13,2020,11.0,0,22.31,30.46,0.732435981615233,1.002112724386006,0.39577523925853164,0.6681935238456778,0.493268315836118
2020-06-14,2020,8.0,0,24.34,31.35,0.7763955342902711,0.843712104275037,0.326606417902848,0.3997317235506527,0.24028341575370563
2020-06-15,2020,10.0,0,30.02,31.44,0.9548346055979643,0.8141002200993342,0.3050322909154688,0.6627917533305656,-0.029507131382240814
2020-06-16,2020,13.0,0.1999999999999993,25.95,31.24,0.8306658130601793,0.7523454862585983,-0.03988776533951185,0.715910452676786,0.2323553896479318
2020-06-17,2020,7.0,0,18.03,30.3,0.595049504950495,1.2401649041516347,0.4437196967380183,0.3465229439692323,0.21705779141782897
2020-06-18,2020,9.0,0,19.8,29.47,0.671869697997964,0.9264678962098106,0.2554974819952414,1.5228006602884687,1.2815819651619218
2020-06-19,2020,5.0,0,12.02,29.63,0.40566992912588595,1.3386255027075682,0.674536006928656,2.060489487065318,1.824508922565931
2020-06-20,2020,16.0,3.1999999999999993,29.71,31.42,0.9455760661998727,1.6057663005436065,0.15884440086758808,1.3695247504039851,-0.49065968911676866
2020-06-21,2020,8.0,0,27.07,31.7,0.8539432176656152,1.3822856119900442,0.1628239864601427,0.749359534326658,-0.07682320748944586
2020-06-22,2020,14.0,1.1999999999999993,32.4,32.8,0.9878048780487805,2.1359211422351603,-0.2776869502635428,1.6440425251372701,-1.0478440289426256
2020-06-23,2020,12.0,0,28.88,31.66,0.912192040429564,1.6671746866963058,-0.25612990021411,1.8855164388519814,-1.4433953279531047
2020-06-24,2020,9.0,0,15.98,29.39,0.5437223545423614,1.2854636462771645,0.672133676554238,0.21609902584682952,-0.0390689442286322
2020-06-25,2020,9.0,0,21.13,30.75,0.6871544715447154,1.0872421241938013,-0.41167619573335984,1.120632714367227,-0.20423873468012546
2020-06-26,2020,12.0,0,29.87,31.5,0.9482539682539682,1.530496213073249,-0.38305030100324267,1.3704076970639902,-1.103843952841924
2020-06-27,2020,14.0,1.1999999999999993,22.97,30.64,0.7496736292428198,1.8499784460731359,0.7186132520151794,3.4222541604546732,3.1307396074820395
2020-06-28,2020,9.0,0,13.32,30.32,0.43931398416886547,3.6342268787475334,-1.163916069621641,1.3637078579216537,1.2994089168123495
2020-06-29,2020,5.0,0,6.63,27.64,0.2398697539797395,3.5192731366507535,1.9222509471309321,4.376958816639418,4.333526083916944
2020-06-30,2020,12.0,0,29.79,31.17,0.9557266602502406,1.188164411180081,-0.42980533159362383,0.888850898501731,-0.5986983223800634
2020-07-01,2020,14.0,1.1999999999999993,30.48,31.43,0.9697741011772193,1.53158337130795,-0.5798354957243183,1.526907725335233,-1.031047682376111
2020-07-02,2020,10.0,0,27.53,30.36,0.9067852437417655,0.8749852792576585,-0.034798710798350584,1.2795286074571308,-0.9979697296063303
2020-07-03,2020,11.0,0,20.11,31.0,0.6487096774193548,2.2395549976907483,1.34729759898842,4.206602835998303,4.035840116700961
2020-07-04,2020,10.0,0,26.26,30.05,0.8738768718801997,1.7435490271715934,0.9199017616988364,0.562450224019703,-0.1644776845304309
2020-07-05,2020,7.0,0,24.17,28.58,0.8456962911126663,2.297536885555928,-0.44082431490475643,0.9838890785167679,-0.765300074969342
2020-07-06,2020,6.0,0,13.19,27.59,0.47807176513229427,1.8698528991429375,0.34107103774178543,1.1986035851625207,1.034275320408284
2020-07-07,2020,8.0,0,15.25,29.05,0.5249569707401033,2.307007947109745,1.1890096380171828,1.9884723543613552,0.43401510419403105
2020-07-08,2020,14.0,1.1999999999999993,30.3,31.15,0.9727126805778492,1.1704075371948568,0.5747834444893108,0.8925166767506296,0.33157658134299633
2020-07-09,2020,9.0,0,26.0,30.36,0.8563899868247694,1.42281131487334,0.10907787525149908,0.6735043926154765,-0.2009111878651204
2020-07-10,2020,9.0,0,21.19,29.44,0.7197690217391305,0.6132967023010567,-0.14341132685946714,0.4942539935399697,-0.2021137391538108
2020-07-11,2020,6.0,0,16.97,29.4,0.5772108843537415,1.5150552214409339,0.9581924885838621,2.753869113532164,2.531038346778395
2020-07-12,2020,5.0,0,16.19,29.57,0.5475143726750085,1.4900012110131442,0.03307849242362012,1.8411111402724143,0.8305169943905716
2020-07-13,2020,8.0,0,27.49,30.38,0.9048716260697828,0.9362761448960354,0.3837039068318056,0.5327516569492943,-0.4060629879528417
2020-07-14,2020,10.0,0,28.37,30.58,0.9277305428384566,1.2937465966921178,-0.9403875538352114,1.320124992509954,-1.0096619383722878
2020-07-15,2020,11.0,0,26.35,29.74,0.8860121049092132,1.2317813940481153,-0.06326585947059267,0.7629573105451667,-0.14661524397933098
2020-07-16,2020,8.0,0,23.38,29.74,0.7861466039004708,1.0429652068405058,0.792008216230193,1.1477723094909165,0.7548136407805105
2020-07-17,2020,12.0,0,30.13,30.46,0.9891661195009849,0.7925336059845906,0.016828093548969008,1.0324951084227278,-0.4545652236364379
2020-07-18,2020,12.0,0,26.29,29.75,0.8836974789915966,0.7384195518856107,0.0538354858090484,0.8079168454216,-0.4584120606629429
2020-07-19,2020,6.0,0,12.17,28.36,0.42912552891396333,2.565001040711494,0.9411745826777761,4.35039316244188,4.185456924328255
2020-07-20,2020,6.0,0,13.75,26.18,0.5252100840336135,0.9338206649529761,0.14699858818404335,0.9792000324306013,0.850040245353707
2020-07-21,2020,9.0,0,14.87,28.77,0.5168578380257213,1.9088434204083762,0.5291628098548755,0.8446557139841667,-0.3952031372194161
2020-07-22,2020,9.0,0,19.71,28.72,0.6862813370473538,0.7633987221238643,0.35849850867868344,0.7094630761843035,0.6012577283944059
2020-07-23,2020,6.0,0,8.68,27.09,0.32041343669250644,0.9738044427471315,0.18072336514577758,1.3700772099720253,0.5092747986771494
2020-07-24,2020,13.0,0.1999999999999993,29.11,29.4,0.9901360544217688,1.2547821111447586,0.6077315858734482,0.890320634704245,-0.2914272295426284
2020-07-25,2020,6.0,0,25.19,29.02,0.8680220537560304,0.8084381576317267,0.5083796878480514,0.6304325912393612,0.5036880622807836
2020-07-26,2020,11.0,0,28.02,28.99,0.966540186271128,1.0567453100454178,-0.24005250961376712,1.2753129879874547,-1.0265723057793779
2020-07-27,2020,19.0,6.199999999999999,16.94,27.97,0.6056489095459422,5.814746934698464,-0.5074519632378636,6.622295062129539,6.011816987971665
2020-07-28,2020,11.0,0,27.02,28.55,0.9464098073555166,1.3080376156659697,0.16540654279308184,1.254086145282899,-0.5385567484312043
2020-07-29,2020,13.0,0.1999999999999993,23.91,28.88,0.8279085872576177,0.9288932560084324,0.2416485367710326,0.5768748121631695,0.007439942705233331
2020-07-30,2020,11.0,0,14.57,27.75,0.525045045045045,3.915767393732581,1.4870196795917083,2.42894275988272,1.11488265138265
2020-07-31,2020,13.0,0.1999999999999993,28.27,29.15,0.969811320754717,1.4156327964825604,-0.6613303576788319,1.3403080750723346,-0.8404540894523714
2020-08-01,2020,11.0,0,26.56,28.7,0.9254355400696864,0.7195398982657388,-0.19110898462008277,0.7347613763193461,-0.3962599151243224
2020-08-02,2020,12.0,0,26.47,28.44,0.9307313642756679,1.1821256486793879,-0.199697007623854,0.8909686038111897,-0.37811133123092705
2020-08-03,2020,8.0,0,17.68,27.36,0.6461988304093568,1.6005136956858068,0.7653260186206999,1.2884413046801402,0.35469290064379067
2020-08-04,2020,11.0,0,21.68,27.42,0.7906637490882567,1.8056562591317507,0.124368785553204,1.0068392464258271,-0.4141773044745456
2020-08-05,2020,13.0,0.1999999999999993,26.66,27.87,0.9565841406530319,1.1044261950732845,-0.34888867266522733,1.0059539466081986,-0.7093181557688766
2020-08-06,2020,9.0,0,15.67,26.4,0.5935606060606061,1.0647820763045817,-0.4613710080010473,1.2490317458441833,-0.970826360864533
2020-08-07,2020,11.0,0,24.99,27.51,0.9083969465648853,0.5091844845620345,0.02234176260310165,0.21403256519967118,0.06602040950977776
2020-08-08,2020,9.0,0,26.23,27.43,0.9562522785271601,0.7396091009610752,0.1948870160001821,0.37096746780794054,-0.3154755833489092
2020-08-09,2020,11.0,0,23.33,26.66,0.8750937734433608,0.719484444642458,-0.1572230896446055,0.6896045442344251,-0.28149280855574804
2020-08-10,2020,7.0,0,15.67,25.5,0.6145098039215686,0.9381513247435517,0.365472764740725,0.764832922132084,-0.36572836718775353
2020-08-11,2020,10.0,0,21.17,26.62,0.7952667167543201,0.7305537428887335,0.46299203228141844,0.9253275492205986,0.5182578774179026
2020-08-12,2020,7.0,0,18.32,26.7,0.6861423220973784,0.8060270740246049,0.23355674764926956,0.9937004703515299,0.7911104211249853
2020-08-13,2020,9.0,0,21.64,26.14,0.827850038255547,0.7979480249726875,0.45283681040422474,0.4331102669523185,-0.1798265414646464
2020-08-14,2020,10.0,0,8.61,25.48,0.3379120879120879,5.837498880665503,0.6581179788843228,6.835580137519524,6.329758515045261
2020-08-15,2020,11.0,0,25.28,26.8,0.9432835820895522,1.3903909718979035,-0.5227162685765352,1.7000413836296786,-1.3288905014092929
2020-08-16,2020,10.0,0,25.23,26.68,0.9456521739130435,0.7233363217917723,0.1490025431456541,0.871937372711743,-0.6855769623724791
2020-08-17,2020,10.0,0,23.41,26.45,0.8850661625708885,1.1488993184965435,0.1860352292288804,1.1841416151748185,-0.5269702324642166
2020-08-18,2020,15.0,2.1999999999999993,23.11,25.6,0.902734375,2.8153890452121817,2.417859302805294,2.239768723028797,1.8640178711380753
2020-08-19,2020,7.0,0,17.37,23.57,0.7369537547730166,1.109571428167273,0.5444536262815699,0.4930010153342421,0.08635873015670074
2020-08-20,2020,9.0,0,23.26,24.86,0.9356395816572809,0.711657074545474,0.3087794961298555,0.45673677606444674,-0.39658508191624736
2020-08-21,2020,11.0,0,22.57,25.09,0.899561578318055,1.2088776266380177,-0.38719722324721495,1.503137516654879,-1.2165439487096077
2020-08-22,2020,10.0,0,23.51,25.16,0.9344197138314786,0.5879999004795471,-0.12963840978768162,0.8258219399222716,-0.2359671757508437
2020-08-23,2020,11.0,0,20.68,23.98,0.8623853211009174,0.7594426270654351,0.101948515964847,0.5985047910364271,-0.40288453859114054
2020-08-24,2020,12.0,0,22.49,24.05,0.935135135135135,1.1808465116642644,-0.5008455805272075,1.54852539924588,-1.238374619149954
2020-08-25,2020,15.0,2.1999999999999993,20.46,23.6,0.8669491525423728,2.692806223933899,1.4496808759491333,3.086766432645919,2.604853447083696
2020-08-26,2020,6.0,0,16.83,23.7,0.7101265822784809,2.2120939893667586,-0.00653124155319625,0.5802642159774095,-0.4637642857520958
2020-08-27,2020,9.0,0,19.32,23.97,0.8060075093867335,1.8866680090056729,1.2772441235463878,1.9514494886137828,1.7122068671305055
2020-08-28,2020,8.0,0,9.33,23.23,0.40163581575548857,1.4807713515394516,0.1635557459100463,1.5223119413534678,-0.46725403667658344
2020-08-29,2020,10.0,0,21.59,24.27,0.8895756077461887,0.9415520161133797,0.5846240992448882,0.6990137311898412,-0.13589559278984295
2020-08-30,2020,12.0,0,24.04,24.52,0.9804241435562806,0.9289360259810524,-0.4548197258653524,1.0759989085343107,-0.8084532320870791
2020-08-31,2020,10.0,0,23.48,23.9,0.9824267782426779,0.9863640432891253,-0.1760262265926058,1.4130591782917952,-1.156263313067259
2020-09-01,2020,11.0,0,20.26,23.56,0.8599320882852293,1.003315178392571,0.17544377327541305,0.9761205735467353,-0.5000139510482408
2020-09-02,2020,7.0,0,16.07,22.04,0.7291288566243195,0.9931676719168401,0.6191955853547576,0.31502673278488386,-0.17402746331074978
2020-09-03,2020,13.0,0.1999999999999993,21.88,22.75,0.9617582417582418,1.0628238431518866,-0.08338440549550752,0.9004188806592099,-0.6943812802606116
2020-09-04,2020,9.0,0,10.95,21.57,0.5076495132127955,1.3063346683785266,0.405245311458982,0.9349774212064836,-0.02899195113398001
2020-09-05,2020,8.0,0,18.52,22.06,0.8395285584768812,0.6484481649412261,0.045562177711379416,0.732731481494074,-0.5345594549369957
2020-09-06,2020,14.0,1.1999999999999993,21.36,22.81,0.9364313897413415,2.6816946496961385,2.1590044046690404,3.948802819670369,3.2596045090304613
2020-09-07,2020,7.0,0,8.73,21.2,0.4117924528301887,4.029864747744284,0.14218405989540228,2.7520320212319285,2.457402555095148
2020-09-08,2020,11.0,0,21.94,22.36,0.981216457960644,1.0451456687027814,-0.24033351543148887,1.1335994435046102,-0.7428365573330739
2020-09-09,2020,11.0,0,20.36,21.33,0.9545241443975622,1.3007155500927636,0.7958750561663893,0.7489154174039734,0.41458641923235245
2020-09-10,2020,8.0,0,14.98,20.6,0.7271844660194174,1.3257254518600687,0.6922540522952677,0.9939232508549142,0.09781499410681545
2020-09-11,2020,8.0,0,21.81,22.45,0.9714922048997773,0.7127435006201218,0.2715684714238924,0.4891658706152157,-0.40892858387615877
2020-09-12,2020,11.0,0,22.22,22.38,0.9928507596067918,0.8203714209896747,0.23768364689999033,0.7458760863178006,-0.6134479914474937
2020-09-13,2020,10.0,0,11.6,20.6,0.5631067961165048,1.23576765881904,0.38147372250773093,1.3570390111619743,0.38840461289505984
2020-09-14,2020,11.0,0,21.71,21.83,0.9945029775538251,1.0476640870130083,0.2265319058555396,0.7838014738827508,-0.4654138533495609
2020-09-15,2020,10.0,0,18.53,21.07,0.8794494542002848,1.0795759703288563,-0.08706036560372914,0.9125902059074258,-0.7952358065664313
2020-09-16,2020,12.0,0,21.11,21.3,0.9910798122065727,1.1750358489029702,0.14773035636867635,0.8275890940831041,-0.6647412345853745
2020-09-17,2020,14.0,1.1999999999999993,20.96,21.29,0.9844997651479569,0.8380884196052009,0.4637472385845567,0.7786567833816656,-0.03748282494449976
2020-09-18,2020,8.0,0,14.1,20.53,0.6867998051631757,3.598595192327348,0.4929980410860941,5.099182631996271,5.0431630666475185
2020-09-19,2020,6.0,0,16.46,20.03,0.8217673489765351,0.76188918485631,0.3770428174934839,0.5295369735422727,-0.43110986519116895
2020-09-20,2020,7.0,0,12.67,19.63,0.6454406520631687,0.9276866366681928,-0.2790547897631744,0.43301459539001164,-0.12009651718175185
2020-09-21,2020,8.0,0,14.41,18.24,0.7900219298245614,0.9664144847128159,0.5221262528473173,0.6947267216556492,-0.31082461384804577
2020-09-22,2020,12.0,0,19.53,19.73,0.989863152559554,1.0202043192838226,0.0268264084648883,1.0445875027052784,-0.8930456590803999
2020-09-23,2020,8.0,0,17.86,19.55,0.9135549872122761,0.879748236145715,0.4719848010095206,0.7191694645176125,0.008799757347024576
2020-09-24,2020,7.0,0,18.27,18.86,0.9687168610816543,1.2199850461234045,0.6644569444444953,0.5368444748672457,0.3559125390897406
2020-09-25,2020,5.0,0,14.62,17.92,0.8158482142857142,1.1382944146389768,-0.11140431024225965,0.5992594779086111,0.2261468189278446
2020-09-26,2020,5.0,0,9.95,17.73,0.5611957134799774,0.6373839054631633,-0.30975532494763014,0.6235124723877457,-0.1114681046990178
2020-09-27,2020,8.0,0,15.3,17.89,0.8552263834544438,1.1376725319567385,-0.49711143955305565,0.7363143572633584,-0.571690233664761
2020-09-28,2020,7.0,0,15.64,16.21,0.9648365206662554,0.4761496732533546,-0.17736711872503527,0.5494494908073739,-0.42155460911156134
2020-09-29,2020,3.0,0,8.28,16.31,0.5076640098099325,1.5373403045179324,0.029923819111386047,1.3313223438913822,1.1982880951567438
2020-09-30,2020,10.0,0,18.38,18.55,0.9908355795148247,1.3020572194587439,0.7623686211651729,0.6350378502937599,0.43225264318911805
2021-05-01,2021,16.0,3.1999999999999993,19.95,26.07,0.7652474108170311,8.51529917217374,0.7157203807190874,11.181380741922059,10.986845585048679
2021-05-02,2021,7.0,0,19.37,29.34,0.6601908657123381,1.0324623021201,0.32778285282849057,0.789051980039754,-0.430259677275967
2021-05-03,2021,13.0,0.1999999999999993,22.64,28.74,0.7877522616562284,1.324405340831574,-0.1632898351914123,1.1424261811116738,-0.5321700104114301
2021-05-04,2021,15.0,2.1999999999999993,25.57,27.24,0.9386930983847284,1.306507669214525,-0.08349456936504522,1.4459415630577348,-1.0055184341632366
2021-05-05,2021,15.0,2.1999999999999993,28.84,29.29,0.9846363946739501,1.2635993338954048,-0.4082700490898679,1.8508398583096988,-1.499348037140037
2021-05-06,2021,16.0,3.1999999999999993,28.63,29.18,0.981151473612063,1.88339871817667,0.5124618453606753,1.6912771686963108,-0.8153506806887307
2021-05-07,2021,16.0,3.1999999999999993,28.46,28.91,0.9844344517468004,1.0337558935660858,-0.22870863790475124,0.8932513400266106,-0.47531077256095067
2021-05-08,2021,8.0,0,21.74,27.01,0.8048870788596815,1.6272937184956775,0.5149949275230683,2.052541474308201,0.7656482823995763
2021-05-09,2021,10.0,0,25.61,28.03,0.9136639315019621,0.9289040361243449,0.1386428656231531,1.139211027066264,-0.538679524834798
2021-05-10,2021,10.0,0,19.7,27.68,0.7117052023121387,2.066078925431509,0.9772093484444153,2.921217681112169,2.7988477349113148
2021-05-11,2021,7.0,0,9.61,25.55,0.37612524461839525,3.3618272528555235,-0.38737483687650087,1.716577304258236,1.0955502698921382
2021-05-12,2021,11.0,0,11.69,27.8,0.4205035971223021,4.515912122079104,1.81941859944076,7.9188094185318,7.32149077238464
2021-05-13,2021,11.0,0,19.27,29.31,0.6574547935858069,1.158266220179359,-0.008499006037644566,0.7008758801680147,-0.17370341570773107
2021-05-14,2021,12.0,0,24.25,28.72,0.8443593314763231,0.9633741153383089,-0.4201754945480914,0.601573947974648,-0.48714183345266626
2021-05-15,2021,8.0,0,19.13,28.8,0.664236111111111,1.4828400966716353,-0.2068988085388781,1.3353488968926055,-1.0434568468217538
2021-05-16,2021,9.0,0,15.55,28.17,0.552005679801207,0.9722746111694126,-0.660916952675141,0.8893776860437653,-0.6906544531185516
2021-05-17,2021,9.0,0,14.93,28.13,0.5307500888730893,1.3109964844631066,0.9681409440469048,1.888296080704765,1.3133393179650767
2021-05-18,2021,11.0,0,27.9,29.8,0.936241610738255,1.0923163102809277,0.6001629257112056,0.8362587488984525,-0.1490688344034646
2021-05-19,2021,12.0,0,29.48,30.4,0.9697368421052632,0.7965165037195489,-0.059838492675657516,1.026159138735956,-0.6267418328577025
2021-05-20,2021,14.0,1.1999999999999993,18.55,29.28,0.6335382513661202,6.211940818618301,0.9082546651276546,9.73599557671799,9.580735997707857
2021-05-21,2021,9.0,0,25.37,31.36,0.8089923469387755,1.9557778788316593,0.6500537730419915,1.2376866141174376,-0.003603752045804024
2021-05-22,2021,11.0,0,19.87,31.36,0.6336096938775511,1.7420955575838601,0.4516692351038201,1.5983659856489545,-0.4623183126002157
2021-05-23,2021,12.0,0,30.72,31.32,0.9808429118773946,1.4779327763726868,-0.4568569775039936,1.5743397339600127,-1.2701380440524872
2021-05-24,2021,13.0,0.1999999999999993,31.07,31.65,0.9816745655608216,1.1118295809832137,0.1769715432293597,1.1967208318291325,-0.5770016691884988
2021-05-25,2021,14.0,1.1999999999999993,31.37,31.62,0.9920936116382036,1.3098587101310701,-0.5219187470172982,1.575884189414054,-1.049335703495809
2021-05-26,2021,12.0,0,30.04,31.09,0.9662270826632358,0.7809989144088689,0.015492220418472572,1.1404228777767416,-0.9166152314241227
2021-05-27,2021,11.0,0,22.88,29.53,0.7748052827632915,1.2682988491690705,-0.7352497758474237,1.3501393682263128,-1.0982194797141631
2021-05-28,2021,11.0,0,19.49,28.17,0.6918707845225416,3.877669456770113,1.7686373026992066,6.50674040517381,5.907730589444609
2021-05-29,2021,13.0,0.1999999999999993,18.37,29.55,0.6216582064297801,2.9156054271964504,1.7006596296489906,4.215767006778006,3.2919815111365502
2021-05-30,2021,11.0,0,29.11,30.88,0.9426813471502591,1.642664324274522,0.9009767986980727,0.8381910025015737,-0.24734067037839283
2021-05-31,2021,11.0,0,31.79,32.29,0.9845153298234748,0.7401237340779065,0.19608113132902685,0.6700281698442503,-0.5748097269590572
2021-06-01,2021,12.0,0,24.91,30.54,0.8156516044531762,0.6210974631962822,-0.29382959180464924,0.8442118084528664,-0.7120133426097647
2021-06-02,2021,12.0,0,28.48,30.54,0.9325474787164375,1.4244262559781846,-0.9570202585244991,1.3453315371397032,-1.0393405311794695
2021-06-03,2021,11.0,0,24.75,30.33,0.8160237388724036,0.8411861164317944,0.5389541945678674,0.47366221754955895,0.27503825339757054
2021-06-04,2021,8.0,0,17.16,28.17,0.6091586794462194,2.663917340387321,0.6023956648374685,4.563809871317418,4.203928389057674
2021-06-05,2021,15.0,2.1999999999999993,19.93,29.45,0.6767402376910017,5.080182693321995,0.4092610154196543,6.204681283567776,5.2227648609612265
2021-06-06,2021,10.0,0,24.89,31.15,0.7990369181380418,2.5731852157691453,0.3307624227394626,1.171404179087352,-0.7358337098881437
2021-06-07,2021,12.0,0,24.77,31.02,0.7985170857511283,1.7368333188776668,0.09957725601704819,1.2212840968417173,-0.51084122230343
2021-06-08,2021,17.0,4.199999999999999,24.71,30.37,0.8136318735594337,1.6232882872494352,0.7696054704769199,2.0941363209756476,1.9643622145929218
2021-06-09,2021,10.0,0,16.49,29.92,0.5511363636363635,2.6019791597672595,0.6703377088077397,1.9490155965380525,0.6107321699049505
2021-06-10,2021,11.0,0,23.76,30.71,0.773689352002605,1.3437601890640058,0.6393730766740958,2.1902967276661807,1.3096250692173292
2021-06-11,2021,10.0,0,21.99,29.16,0.7541152263374485,2.608180203809097,-0.3261744324094395,1.571574220838317,-1.2144148353201973
2021-06-12,2021,9.0,0,17.69,29.94,0.5908483633934536,0.9090968255058904,0.1244837104801384,0.8985124417046022,-0.2394262154704485
2021-06-13,2021,5.0,0,15.63,30.74,0.5084580351333767,1.4021466423892417,0.213368268166955,1.455132813515024,1.313317390002198
2021-06-14,2021,11.0,0,19.09,31.53,0.6054551221059309,2.7262091306556218,0.18744190592519824,1.4825618522080923,-0.3400650174972153
2021-06-15,2021,11.0,0,32.1,32.64,0.9834558823529412,1.3795804648095487,-0.8529995087169174,1.7365598208971191,-1.3362769700053228
2021-06-16,2021,13.0,0.1999999999999993,29.92,32.13,0.9312169312169312,1.2332961427992069,0.04237531152344154,1.2740263875855184,-0.6050259374635824
2021-06-17,2021,10.0,0,22.91,30.11,0.7608767851212223,1.3000376450056987,0.6808555651234528,1.1663844477162546,-0.52639329001441
2021-06-18,2021,11.0,0,27.12,30.54,0.888015717092338,1.0642009713619773,-0.30867857179263725,1.4775580602364653,-1.1589091849148396
2021-06-19,2021,6.0,0,13.68,28.85,0.4741767764298093,1.7547824228416147,0.9758872102190496,2.6099073380453044,2.02105464344128
2021-06-20,2021,16.0,3.1999999999999993,19.59,29.84,0.6565013404825737,5.477641722727838,-0.7998181111616356,4.935809616614352,3.505095218877645
2021-06-21,2021,12.0,0,27.87,30.77,0.9057523561910953,2.4673904541687164,0.3274666339840247,1.8626682705426576,-0.6179947668375766
2021-06-22,2021,11.0,0,15.35,28.7,0.5348432055749129,3.5508026462219013,1.9009663147160296,5.731425065169106,5.352701423035345
2021-06-23,2021,9.0,0,22.16,30.59,0.7244197450147107,1.451567261903303,0.2976774367353414,1.1229238328160804,-0.04266163765359406
2021-06-24,2021,15.0,2.1999999999999993,31.01,31.29,0.9910514541387025,1.6438225823178003,-0.10141237526763709,1.5461286466177573,-1.0125774932747156
2021-06-25,2021,7.0,0,16.12,30.06,0.5362608117099136,3.209802781731312,1.0690669336162586,3.9326465296646695,3.895538969303656
2021-06-26,2021,10.0,0,18.11,28.94,0.6257774706288873,1.3527036197285953,0.2648042269629333,0.9327117056674669,-0.33804303853347345
2021-06-27,2021,6.0,0,18.85,29.98,0.6287525016677785,2.068801475500476,0.8084748494983791,0.9084465419245563,-0.46858864308762804
2021-06-28,2021,14.0,1.1999999999999993,32.08,32.44,0.9889025893958077,1.3975132025548878,0.051946585348512965,1.485691881206322,-0.8692603925179595
2021-06-29,2021,13.0,0.1999999999999993,30.28,31.65,0.9567140600315956,1.0861317290886023,-0.3756565450090366,0.866562376002831,-0.4008537868266071
2021-06-30,2021,10.0,0,21.85,30.7,0.7117263843648209,1.0017873509562103,-0.5721647724048026,0.8432709383592919,-0.6662811654994462
2021-07-01,2021,9.0,0,30.62,31.24,0.9801536491677337,0.654475189677531,0.16722933463811573,0.690426970010078,-0.5323570751183807
2021-07-02,2021,10.0,0,30.43,30.99,0.9819296547273314,1.1874861180884897,-0.3248824969459423,1.0167546017444626,-0.8317007255067459
2021-07-03,2021,8.0,0,30.03,30.95,0.9702746365105008,0.6745603786383653,0.2804943646946529,0.5209009954737721,-0.398375783685065
2021-07-04,2021,13.0,0.1999999999999993,29.2,30.92,0.9443725743855109,0.9296159005529847,-0.1766785951348977,0.9111006330261937,-0.3970374378382597
2021-07-05,2021,13.0,0.1999999999999993,23.46,29.93,0.7838289341797527,1.1318579018455233,0.8625389568751544,1.1258214171312368,1.1028456767771075
2021-07-06,2021,9.0,0,19.39,29.41,0.6592995579734784,1.2303281445903398,0.7844163570272175,1.8815609248082836,1.8017570464679882
2021-07-07,2021,7.0,0,19.67,28.97,0.6789782533655506,1.6489801778507316,0.30763843292097137,1.9021789836627332,1.5677656515874407
2021-07-08,2021,7.0,0,13.44,27.5,0.48872727272727273,1.775331767843898,-0.11065823340163172,3.0588379733070763,1.233929882836445
2021-07-09,2021,11.0,0,22.76,28.32,0.8036723163841808,1.2838506660623121,0.6686248316356359,0.62827169277418,-0.13334323270198922
2021-07-10,2021,14.0,1.1999999999999993,27.93,29.63,0.9426257171785353,1.7462543358734577,0.813195213354183,1.569906015292575,1.2985825966542575
2021-07-11,2021,8.0,0,22.17,28.96,0.7655386740331492,1.8293040747229288,1.3493751168656594,0.9629620361115377,0.7647877874188348
2021-07-12,2021,12.0,0,22.17,29.2,0.7592465753424659,1.5050714494160014,-1.0419483561656089,1.3769047102583347,-1.1045899731098772
2021-07-13,2021,11.0,0,23.37,28.35,0.8243386243386244,0.7774239827237757,-0.3022273166680353,0.7561063283900981,-0.13952927900740933
2021-07-14,2021,6.0,0,8.54,28.21,0.3027295285359801,2.8910424999346622,-0.17055540320947907,3.8820066892637666,3.5287860923687018
2021-07-15,2021,15.0,2.1999999999999993,28.46,29.63,0.9605129935875802,1.8164657914759914,-0.1189146640861501,1.3548207125389216,-0.6811595742250992
2021-07-16,2021,10.0,0,24.99,29.44,0.8488451086956521,1.3911407512971858,1.0977886126024912,0.8628062678606724,0.6545922024430322
2021-07-17,2021,4.0,0,11.03,28.69,0.3844545137678633,1.0765392064594705,0.7710041081150965,1.0116487162374828,0.4607401537235892
2021-07-18,2021,8.0,0,21.31,29.23,0.7290455011973999,1.3005735681353325,-0.1276701598562425,1.2515306886649682,-0.7474879268687366
2021-07-19,2021,12.0,0,21.73,29.35,0.7403747870528109,1.190090032894995,0.1788354858090484,1.0391567304046296,0.04158793933705714
2021-07-20,2021,11.0,0,24.44,29.43,0.8304451240231058,1.0878260827564514,0.08659784602036869,1.0998139221282062,-0.659995638731529
2021-07-21,2021,13.0,0.1999999999999993,25.05,29.12,0.8602335164835164,1.196019921475472,0.17266360773209266,0.7066880051432999,-0.6026905795114127
2021-07-22,2021,9.0,0,18.69,28.91,0.6464891041162228,2.520446231406321,1.0291628098548757,4.155025035982857,4.104796862780584
2021-07-23,2021,7.0,0,18.79,27.43,0.6850164053955523,1.4324927275029373,0.5195729141574952,0.9329447600150846,-0.4582810260636106
2021-07-24,2021,10.0,0,28.7,28.97,0.990680013807387,0.9920957482171214,-0.05990550253481638,1.0744711368961868,-0.8734308910936406
2021-07-25,2021,11.0,0,28.83,29.28,0.9846311475409835,0.8888564316259722,0.22897800855958472,0.7963972231624896,-0.1824897070488909
2021-07-26,2021,9.0,0,27.5,29.05,0.946643717728055,0.8306434882837971,-0.15409713489459018,0.9082432339480186,-0.7444679065788229
2021-07-27,2021,12.0,0,25.3,28.88,0.8760387811634349,1.1473861018086782,0.46918514102740555,0.31486240707354085,0.16798172702855632
2021-07-28,2021,8.0,0,24.83,27.66,0.8976861894432393,1.1187929711089868,0.12821388908808315,0.586186958719373,-0.447873200067941
2021-07-29,2021,11.0,0,26.09,27.66,0.9432393347794649,2.036993876018283,0.3320732094597485,1.2540861452828993,-0.5385567484312048
2021-07-30,2021,16.0,3.1999999999999993,18.92,27.52,0.6875000000000001,5.126804966593524,-0.6352787239741152,4.824612085518847,4.252746596150028
2021-07-31,2021,3.0,0,4.48,26.38,0.16982562547384383,1.6262519206762578,0.6214599126159204,1.5021244243672773,1.2434528443164805
2021-08-01,2021,11.0,0,29.06,29.39,0.988771691051378,1.275933760366801,0.3979817931021595,0.8864714843069047,-0.05730730645969828
2021-08-02,2021,12.0,0,29.28,29.84,0.9812332439678284,1.1268811002117323,0.5150023198083948,0.9431659613327935,-0.5383441498325935
2021-08-03,2021,11.0,0,24.88,28.19,0.8825824760553387,1.2088805899946147,0.6780555207892464,0.41375125718894296,-0.23549094251723504
2021-08-04,2021,10.0,0,20.89,26.56,0.7865210843373495,0.7836681781008149,-0.03292581005745765,0.5135959960162488,-0.264967207528595
2021-08-05,2021,9.0,0,19.05,25.91,0.7352373600926283,1.7569959323968638,0.5070593093920158,1.8952073430248846,1.7065822054299176
2021-08-06,2021,12.0,0,23.61,27.35,0.8632541133455209,1.0148331100364474,-0.052820313229440995,0.7306536288404842,0.4349883690338571
2021-08-07,2021,9.0,0,24.87,26.9,0.9245353159851302,1.241376636333562,0.8302956586656195,0.4363433824729003,0.029173639135467628
2021-08-08,2021,10.0,0,17.72,26.32,0.6732522796352584,1.4203909017028904,0.9445531175179717,0.6625684572828883,0.3782003722816179
2021-08-09,2021,12.0,0,26.17,26.83,0.975400670890794,0.854248451720432,-0.19848397866642462,0.7530807707285786,-0.42063411113187854
2021-08-10,2021,9.0,0,13.86,26.42,0.5246025738077214,3.2871664929858255,-0.3937885884971017,4.240349375859305,3.8454452778483277
2021-08-11,2021,11.0,0,25.93,26.85,0.9657355679702048,0.9831763884659717,0.2945524398306625,0.778349119407398,-0.28900171986647055
2021-08-12,2021,13.0,0.1999999999999993,26.11,27.0,0.967037037037037,1.0977477640094715,0.689389641965843,0.6576302298621757,0.07373524064327223
2021-08-13,2021,6.0,0,18.62,25.81,0.7214258039519567,1.9640465343733944,0.9918581646517547,2.0596109286300237,1.9399994085833214
2021-08-14,2021,9.0,0,17.69,25.44,0.6953616352201258,2.0418670766827254,0.17131859699034946,2.1952654254041186,1.986840125202021
2021-08-15,2021,4.0,0,7.69,22.38,0.3436103663985702,0.7447349044074036,-0.16175280844627057,0.5387876891763483,0.23190340601810475
2021-08-16,2021,8.0,0,12.27,23.85,0.5144654088050314,2.250627279666997,1.2562063501261556,1.057819914939999,0.6244432717023324
2021-08-17,2021,6.0,0,10.04,25.83,0.3886953155245838,2.315088763933795,0.23106819255405928,1.0026539553458726,0.4219871559098465
2021-08-18,2021,9.0,0,24.74,26.59,0.9304249717939075,1.0495889163453531,0.6549317063059937,0.47148260729475794,-0.04093987588445932
2021-08-19,2021,11.0,0,26.14,26.46,0.9879062736205593,0.8782311129106155,0.08698571094610467,0.8095410097527169,-0.6886091167209661
2021-08-20,2021,9.0,0,24.05,25.41,0.9464777646595829,0.9239205669176941,0.10477370998106572,0.9223001333563868,-0.7223006802747189
2021-08-21,2021,11.0,0,24.1,25.78,0.9348332040341351,1.6405255682848563,0.4098045693438966,1.1088110481838225,-0.20693732234208184
2021-08-22,2021,10.0,0,25.81,26.16,0.9866207951070336,0.7010746703938674,0.12527525159344113,0.6381783482925957,-0.22716116549358212
2021-08-23,2021,12.0,0,26.13,26.35,0.991650853889943,0.9109156169083138,-0.07223275841188477,0.9433139283403513,-0.5498272775676796
2021-08-24,2021,12.0,0,24.19,25.58,0.9456606724003128,0.9259929341089496,0.1718226234768029,0.8689916627347308,-0.3940558602812434
2021-08-25,2021,12.0,0,25.03,26.17,0.9564386702330913,0.8753369478824271,0.4158210861394586,0.6756290843985863,0.09495871418337742
2021-08-26,2021,11.0,0,14.95,24.66,0.6062449310624493,1.272245522613959,-0.2424562465261908,1.2402315947752882,0.24355919452804464
2021-08-27,2021,10.0,0,16.44,24.38,0.6743232157506154,1.0512481141670602,0.4335590418557828,1.251784403864246,1.0603928570798413
2021-08-28,2021,11.0,0,21.08,24.21,0.8707145807517553,1.444510996053056,1.0379280028529925,1.2731137038354472,1.2223269116780262
2021-08-29,2021,7.0,0,19.54,23.56,0.8293718166383701,0.8796016001708139,0.17956961100462351,0.6789139953471844,-0.30468061542534386
2021-08-30,2021,8.0,0,14.14,22.39,0.631531933899062,1.1208918513580368,0.6593659460625768,0.6561441491426361,0.5246168591014584
2021-08-31,2021,12.0,0,22.61,23.98,0.9428690575479566,0.8382514074945373,0.17018027413464823,0.6200517465922847,-0.4751198987537458
2021-09-01,2021,11.0,0,16.3,23.46,0.6947996589940324,2.3775575995019347,-0.2769621825852009,0.9490951499213425,0.6781103556260154
2021-09-02,2021,7.0,0,11.94,21.96,0.5437158469945355,1.6024199996200306,1.2896763405692033,1.107516029172846,0.6666577887268778
2021-09-03,2021,11.0,0,22.63,23.77,0.9520403870424905,1.1375420101624782,-0.0805497944425239,0.48566828388666966,-0.3449002994883201
2021-09-04,2021,11.0,0,22.46,23.18,0.9689387402933564,0.588075056375953,-0.08658167644491692,0.6760244459460102,-0.0234508268871861
2021-09-05,2021,15.0,2.1999999999999993,23.67,24.07,0.9833818030743665,1.4539753481695932,1.0781866302094136,1.1308799221994437,0.9516800814433655
2021-09-06,2021,13.0,0.1999999999999993,23.59,23.76,0.9928451178451178,1.1587383464186642,-0.09783646121900864,0.995078931766498,-0.5561591142726178
2021-09-07,2021,12.0,0,22.9,23.18,0.9879206212251941,0.832406681632131,-0.1670031644542719,0.6472566147103392,-0.39652946845007914
2021-09-08,2021,14.0,1.1999999999999993,22.78,22.91,0.9943256219991271,1.3549736242254473,0.40936811979080473,0.40983212190387924,0.24813844352362935
2021-09-09,2021,11.0,0,20.72,22.27,0.9303996407723394,1.6203966143358541,-0.15700018209815525,0.3802108083861521,-0.07616989066640716
2021-09-10,2021,8.0,0,15.82,21.37,0.740290126345344,2.687332579457924,0.07124246509070738,3.450697187401401,3.1045476988356495
2021-09-11,2021,8.0,0,19.0,21.39,0.8882655446470313,1.59718790346164,1.275587385628601,0.5882659349077929,0.4311483274401488
2021-09-12,2021,13.0,0.1999999999999993,19.8,21.7,0.9124423963133641,1.425565253834735,-0.3451595672695083,0.8602383405631464,-0.4561756154654268
2021-09-13,2021,7.0,0,20.49,21.34,0.9601686972820993,1.375791598029502,0.9164047449969631,0.3710564578897216,-0.23886084304234542
2021-09-14,2021,8.0,0,21.03,21.56,0.9754174397031541,0.8830625864732317,0.18017897800618568,0.5047526687575551,-0.4226096430172852
2021-09-15,2021,11.0,0,19.97,21.18,0.9428706326723324,1.0276035195018085,0.35153190585553934,1.0500854675572444,-0.6320805200162276
2021-09-16,2021,10.0,0,18.43,20.5,0.8990243902439025,0.7172187120034982,0.03793963439627124,0.6892446967242797,-0.461902473233098
2021-09-17,2021,9.0,0,15.31,19.77,0.774405665149216,0.836070458715725,0.30871443394317355,0.5695369013079157,-0.29022259260569844
2021-09-18,2021,12.0,0,19.88,20.38,0.9754661432777233,2.0380623019381825,1.7248785854534299,1.9836469791831264,1.6583480548094773
2021-09-19,2021,11.0,0,18.35,19.91,0.9216474133601206,1.4503847812336328,0.495580639826714,1.4271898311866724,1.1635158833070072
2021-09-20,2021,9.0,0,17.52,19.12,0.9163179916317991,3.0895525725300135,-1.1636024404264402,1.4109485540165294,0.6866685355465799
2021-09-21,2021,9.0,0,18.57,19.22,0.966181061394381,1.3128893814073415,-0.043308539219318355,0.8227504264481009,-0.32107647447177534
2021-09-22,2021,8.0,0,16.04,19.09,0.8402304871660555,0.8031566439454032,0.2721262528473169,0.6237374531882356,-0.3108246138480464
2021-09-23,2021,11.0,0,13.87,18.45,0.7517615176151762,0.8017344980977151,0.38917420775948036,0.8042571514619941,0.29248592362074416
2021-09-24,2021,9.0,0,11.6,17.69,0.6557377049180327,3.4165447076625104,2.1924412344690443,5.856184896544855,5.822399727015402
2021-09-25,2021,9.0,0,19.21,19.53,0.9836149513568868,0.8398278248385084,0.3126351190476841,0.4968164329855309,-0.018588640217953294
2021-09-26,2021,12.0,0,18.62,18.69,0.9962546816479401,1.04173817000452,-0.15903701124808992,1.2894065356888649,-1.090580967906507
2021-09-27,2021,13.0,0.1999999999999993,17.54,17.87,0.9815332960268606,1.1749865663292902,0.21130282180282797,0.672068757458872,-0.2898170722174444
2021-09-28,2021,8.0,0,18.02,18.12,0.9944812362030905,0.7528651521895646,0.2112218937802776,0.3288597334210221,-0.23835690033142734
2021-09-29,2021,11.0,0,15.97,17.38,0.9188722669735329,1.0424245624256656,0.5724707181939914,1.022824556160474,0.6232713285389752
2021-09-30,2021,13.0,0.1999999999999993,15.67,16.92,0.9261229314420802,0.9563370748535904,0.2546698828160061,0.9664229212724852,0.637026190123669
2022-05-01,2022,8.0,0,27.68,28.81,0.9607775078097883,0.49871885327956417,-0.1421398096404561,0.326907094323134,-0.25657720747566043
2022-05-02,2022,9.0,0,27.01,27.64,0.977206946454414,0.8604907221810119,0.27262557268425036,0.47316134532314646,-0.07700053745005302
2022-05-03,2022,14.0,1.1999999999999993,26.11,27.24,0.9585168869309839,2.1453227387142344,0.6638929979989915,0.4605071637365941,-0.18849078044308007
2022-05-04,2022,10.0,0,23.03,26.0,0.8857692307692309,1.4388992766765607,0.40267028708997055,0.7580302841272974,-0.39256784499771413
2022-05-05,2022,8.0,0,18.93,25.79,0.7340054284606436,0.7722513622803302,0.3350337515965154,0.3164254259056717,-0.244096730919131
2022-05-06,2022,4.0,0,8.17,22.47,0.3635959056519804,2.088582414140424,0.02394879467350212,2.5186887663264748,2.212828996494484
2022-05-07,2022,14.0,1.1999999999999993,26.76,28.28,0.9462517680339463,2.069507795494758,0.32071327516667575,1.4043255038261493,-0.8325635926574991
2022-05-08,2022,11.0,0,19.39,26.49,0.7319743299358249,1.9430519692360586,1.2549930253442185,0.5973132014450819,-0.1972336117005812
2022-05-09,2022,11.0,0,26.43,28.43,0.9296517762926486,1.9097708872416563,0.2839629915255846,1.5028965847979874,-0.6925474773182797
2022-05-10,2022,14.0,1.1999999999999993,26.33,28.3,0.9303886925795052,2.2482474770388863,-0.15690691217781802,2.0644897342679043,-1.6482798377908268
2022-05-11,2022,13.0,0.1999999999999993,15.12,26.98,0.5604151223128243,3.514449264214056,2.352018160086497,5.53886984404036,5.51078383456159
2022-05-12,2022,5.0,0,12.13,27.52,0.44077034883720934,1.0217458230103222,0.8270084542912549,0.5818153171205448,0.4037079268415038
2022-05-13,2022,11.0,0,18.03,25.35,0.7112426035502959,1.1460867743416325,0.3248343272956887,1.2828945381914387,-0.17370341570773107
2022-05-14,2022,11.0,0,23.71,27.02,0.877498149518875,1.5527964997806807,-0.79488309222464,0.7013595275247032,-0.5021022362205011
2022-05-15,2022,11.0,0,22.12,26.75,0.8269158878504673,1.5153827645363112,0.001972471592375976,0.6093651141500313,0.16941350228675547
2022-05-16,2022,7.0,0,15.1,24.88,0.6069131832797428,2.3385530870210194,0.6711386664378534,0.7451738576592207,-0.38902753761072734
2022-05-17,2022,10.0,0,20.54,26.89,0.7638527333581256,0.888364454232008,-0.32243598809603125,1.179219073751974,-0.5036970541128779
2022-05-18,2022,11.0,0,26.34,29.33,0.8980565973406069,1.055235724868831,-0.10817040762212778,1.413317502869095,-1.1490688344034645
2022-05-19,2022,11.0,0,26.72,29.22,0.9144421629021219,0.8218918651985443,-0.31179639606379644,1.1900708890928267,-0.9772911245640051
2022-05-20,2022,8.0,0,16.98,27.98,0.6068620443173696,1.8610933277602741,0.7690026657872312,0.9772148660635626,-0.35862704892884406
2022-05-21,2022,14.0,1.1999999999999993,30.19,30.58,0.9872465663832571,1.7130107736092464,0.2473058691764328,1.5836090256608382,-0.913013243923101
2022-05-22,2022,11.0,0,23.44,28.3,0.8282685512367491,0.7781900265520769,0.07666923510382,0.7706956855042366,-0.29565164593354903
2022-05-23,2022,6.0,0,17.39,27.57,0.6307580703663402,1.0037419346108107,-0.43676182208532993,0.7001723885485798,-0.5517356886929102
2022-05-24,2022,11.0,0,26.43,29.07,0.9091847265221878,1.4914004782961348,-0.08102407880592599,1.3731651552064077,-1.1164373098261653
2022-05-25,2022,14.0,1.1999999999999993,17.12,20.19,0.8479445269935612,1.5437610201440035,0.8530812529827015,0.5898216096795054,0.28399762983752375
2022-05-26,2022,7.0,0,12.94,19.77,0.6545270612038442,1.024037088124552,0.38852141415339697,0.9373198593977882,0.8125300038914828
2022-05-27,2022,8.0,0,15.36,24.26,0.6331409727947238,1.9744871362007261,1.249363799383692,3.560735935424445,2.837658560207881
2022-05-28,2022,10.0,0,28.87,30.43,0.9487348011830431,0.8115277751103268,0.13815512366594618,0.7733519962531417,-0.6141843126261138
2022-05-29,2022,9.0,0,29.51,30.51,0.9672238610291708,1.6160678110022555,0.7190464102698145,0.6214888972870761,0.03547437950479212
2022-05-30,2022,8.0,0,28.94,29.87,0.9688650820220958,1.3949220996610812,-0.07580475246200831,1.2596842068774792,-0.9829144269418618
2022-05-31,2022,8.0,0,19.27,28.47,0.6768528275377591,0.9175159263157775,0.010028701572626364,0.6534227230100573,0.521350501605534
2022-06-01,2022,9.0,0,13.25,27.52,0.48146802325581395,2.587248387318974,0.5192111394798457,1.6467304218839658,-0.45067667362399
2022-06-02,2022,9.0,0,15.72,30.27,0.5193260654112983,3.4215080783938183,0.3134848061066255,5.136656250934602,4.887161268282064
2022-06-03,2022,12.0,0,27.0,31.46,0.8582326764144945,1.5332115600335263,-0.24538330289565993,1.4857798354498852,-1.1999582690208328
2022-06-04,2022,11.0,0,18.86,29.48,0.6397557666214382,1.8352984308001956,1.1251690391515183,2.7869271461663137,2.447068201620968
2022-06-05,2022,10.0,0,29.8,31.0,0.9612903225806452,1.5761362696406012,0.09190328915044031,1.3884701745958927,-1.0737123149147383
2022-06-06,2022,11.0,0,30.08,31.34,0.9597957881301851,1.0994993002021927,0.42217199834674285,0.5597100908087512,-0.04275041421029139
2022-06-07,2022,9.0,0,21.0,29.49,0.7121057985757885,1.5020746052556624,0.1996829420127857,0.8587797010671909,-0.42479758339423945
2022-06-08,2022,12.0,0,31.69,31.99,0.9906220693966865,0.9149196577105113,0.1854077830817471,0.7248325657619452,-0.17221490734617184
2022-06-09,2022,11.0,0,32.19,32.51,0.9901568748077515,1.1525378419268133,-0.6542951869781537,1.5197761654323765,-1.1948612797712233
2022-06-10,2022,11.0,0,18.96,30.39,0.6238894373149062,1.2986397074908729,-0.527293589992571,0.5512511662012107,0.14295840255066258
2022-06-11,2022,12.0,0,27.51,29.88,0.9206827309236949,0.9581336865620851,-0.39140931889132746,1.4332360965954007,-1.157297802384236
2022-06-12,2022,12.0,0,27.04,30.58,0.8842380640941793,1.0532910170831185,0.402089391751296,0.7720899712495962,-0.652568287293929
2022-06-13,2022,9.0,0,26.96,30.66,0.8793215916503588,0.931233610070683,0.04239621603385135,0.3586993156790099,0.09730463533729032
2022-06-14,2022,7.0,0,25.53,30.05,0.8495840266222962,1.1235137091070078,0.441250909831187,0.5270896261997136,0.20783741310783377
2022-06-15,2022,9.0,0,26.59,29.72,0.8946837146702558,1.0844319353051644,0.6278488868073716,0.4832366405084063,0.27031884272291745
2022-06-16,2022,7.0,0,11.46,28.9,0.3965397923875433,3.0858241406092195,0.4010226036408275,4.797385324826171,4.5460116746990975
2022-06-17,2022,12.0,0,21.4,29.81,0.717879906071788,1.7307372002326322,0.24202667814814247,0.9858546904947592,-0.4650052813506272
2022-06-18,2022,11.0,0,29.15,31.46,0.9265734265734265,1.63607152658094,0.1496547615406958,1.3439453511384198,-0.4922425182481736
2022-06-19,2022,8.0,0,21.62,30.71,0.7040052100293064,0.7085272883314866,-0.004372608596822462,0.47742215039886376,0.08362841347726284
2022-06-20,2022,8.0,0,19.97,28.65,0.6970331588132636,0.5264859482095137,0.245924277752516,0.39084477268719686,-0.08078572389451111
2022-06-21,2022,11.0,0,29.36,30.74,0.9551073519843852,0.951196929021058,-0.6105566826457158,1.2094714531441282,-0.983161869601112
2022-06-22,2022,12.0,0,29.98,31.76,0.9439546599496221,0.9870816443307043,-0.25576402030978596,1.270494483041928,-0.7819014779008349
2022-06-23,2022,13.0,0.1999999999999993,28.09,29.99,0.9366455485161721,1.0588092084025693,-0.12094740619709994,0.6799023192240666,-0.5801408840181542
2022-06-24,2022,6.0,0,13.92,27.51,0.5059978189749181,2.8312419424544473,0.10110171655961198,2.782263857105705,2.6949690026901147
2022-06-25,2022,10.0,0,18.71,29.58,0.6325219743069642,1.6292261580790048,-0.3179996186434395,1.9419227684312952,-0.17303956766144424
2022-06-26,2022,12.0,0,30.38,31.36,0.96875,1.132864971074314,0.534431739022187,0.6518472217651196,0.22768168709316683
2022-06-27,2022,11.0,0,18.61,29.5,0.6308474576271186,0.8656691846091279,0.1488705574136938,1.3715059610783078,1.0298097098949033
2022-06-28,2022,15.0,2.1999999999999993,20.15,28.64,0.7035614525139664,4.345851626525153,-0.382842534131658,3.7168271330923512,1.1638876746831386
2022-06-29,2022,14.0,1.1999999999999993,28.48,29.9,0.9525083612040134,1.7450353652434205,-0.6577583305225532,1.7687712556011794,-1.2009194627363466
2022-06-30,2022,14.0,1.1999999999999993,30.27,30.99,0.9767666989351405,1.1798395221948799,0.2156359852999432,0.8170744326753889,-0.6994602983658886
2022-07-01,2022,10.0,0,17.22,29.31,0.5875127942681678,2.910478793147683,0.7598844458942025,4.695647012133987,4.3344180646832795
2022-07-02,2022,9.0,0,22.78,30.26,0.7528089887640449,1.6047175743471935,1.207605752748653,0.7752450195807059,0.46813601371059477
2022-07-03,2022,13.0,0.1999999999999993,25.42,29.95,0.8487479131886478,1.5486074705627821,-0.2994049907045236,0.7586147562968448,-0.39736064848823105
2022-07-04,2022,11.0,0,27.92,30.25,0.9229752066115703,1.1856107736660837,-0.3610357343449134,1.0406765244788394,-0.7974932166323724
2022-07-05,2022,12.0,0,22.64,28.53,0.7935506484402384,4.677317922933649,0.10388211403860392,5.4524078074662645,5.069293445230149
2022-07-06,2022,8.0,0,13.1,26.72,0.4902694610778443,1.0806482128007644,-0.015703978938768664,0.5167153003908359,-0.23177151425067719
2022-07-07,2022,9.0,0,15.92,29.08,0.547455295735901,0.9679168057958007,0.32410655661267773,0.6707271154009188,-0.19858701938757406
2022-07-08,2022,9.0,0,22.59,28.25,0.799646017699115,1.2508717240545268,0.23867750943599697,1.1967876493069576,-0.6992330077817149
2022-07-09,2022,11.0,0,22.07,26.91,0.8201412114455593,3.126157154108334,1.0019581649689695,4.68378125903989,4.533323433964678
2022-07-10,2022,11.0,0,24.17,28.61,0.8448095071653269,1.3104828003212365,0.2490581438259052,1.0927191140966608,-0.46778034072403685
2022-07-11,2022,9.0,0,27.53,29.67,0.9278732726659926,0.8643067777134936,0.023255339807199515,0.837798364742265,-0.5354470724871442
2022-07-12,2022,6.0,0,15.15,27.01,0.5609033691225472,2.1470661451219617,-0.500140844749471,1.973004914773316,1.3643716801117283
2022-07-13,2022,8.0,0,21.85,30.04,0.7273635153129162,1.2058360531480508,0.5945922545444596,0.5306501505725445,-0.4045061423084171
2022-07-14,2022,8.0,0,24.52,29.98,0.8178785857238159,0.8242284589527203,0.2587039068318056,0.6332108936888362,-0.23939632128617502
2022-07-15,2022,12.0,0,30.6,30.91,0.9899708832093174,1.7302990817280275,0.09612263003438819,1.0828544354472398,-0.44492765938007867
2022-07-16,2022,9.0,0,17.02,25.83,0.6589237320944639,1.2408875267254678,0.5505097513422418,1.2492315318968263,-0.5442003511346035
2022-07-17,2022,13.0,0.1999999999999993,26.18,30.03,0.8717948717948718,1.5204792127700237,-1.0150699819592701,1.3042925393818772,-0.7525945003983369
2022-07-18,2022,11.0,0,24.37,29.56,0.8244248985115021,1.7065649780561751,0.7202868635309994,2.3617371116971575,2.3472041005554884
2022-07-19,2022,8.0,0,16.64,28.86,0.5765765765765766,2.370436716616684,-0.6724430094606344,1.2314430583081508,1.0832808484469272
2022-07-20,2022,7.0,0,21.44,29.6,0.7243243243243244,0.7967635108232637,0.32025923534629497,0.5744432996288136,0.04969974504963185
2022-07-21,2022,11.0,0,29.82,30.08,0.9913563829787234,1.1175100123211403,-0.459669254995921,1.0894927945690864,-0.8304817724070924
2022-07-22,2022,13.0,0.1999999999999993,29.27,29.8,0.9822147651006711,1.274230323898803,-0.6245426079874007,1.422469233810643,-0.9412193463539715
2022-07-23,2022,9.0,0,28.17,29.05,0.9697074010327023,1.7075759737033698,1.108498508678684,0.5578996381793995,0.2679243950610726
2022-07-24,2022,8.0,0,21.09,28.18,0.748403122782115,0.6935295699966952,0.2270755979721475,0.6987601291197417,0.4012552871250872
2022-07-25,2022,13.0,0.1999999999999993,24.21,28.49,0.8497718497718498,1.5692135594177854,0.4827315858734482,1.042634483227273,-0.12476056287596175
2022-07-26,2022,11.0,0,28.39,29.38,0.9663036078965282,1.9634133539599263,0.43202942772142644,0.8012692085451615,-0.1876829969296736
2022-07-27,2022,10.0,0,23.84,28.19,0.8456899609790706,0.7040861318029991,-0.11595682692160662,0.7475591488048869,-0.22112633858731337
2022-07-28,2022,11.0,0,26.27,29.1,0.9027491408934707,1.2791773627288092,1.129419097496114,1.0954922461146832,0.9675076832399157
2022-07-29,2022,8.0,0,18.36,26.33,0.6973034561336878,0.726195277303332,0.04075021294042388,0.7507554935445574,-0.6189503624954215
2022-07-30,2022,9.0,0,18.29,24.75,0.738989898989899,0.9658733509067364,-0.33911511556877166,0.8910903058855234,-0.09741337299894148
2022-07-31,2022,6.0,0,16.98,25.39,0.6687672311933832,1.2052755523640681,0.7429198252318409,0.4606751242151028,0.3202390219662945
2022-08-01,2022,9.0,0,23.66,27.17,0.8708133971291866,1.2374409473938106,-0.0868727799933396,0.6226189927416608,-0.4408271901336936
2022-08-02,2022,8.0,0,22.56,27.57,0.8182807399347116,1.1454544958495068,0.8155571020944858,0.9780781631625451,0.6966594556671607
2022-08-03,2022,10.0,0,27.79,28.7,0.9682926829268292,1.1236026523107632,0.3474747158690115,0.7594510622250387,-0.5928705538035489
2022-08-04,2022,7.0,0,21.79,26.56,0.8204066265060241,1.0646412040840654,0.35195193295977917,0.4901131129987303,0.16452295472998557
2022-08-05,2022,9.0,0,24.78,27.01,0.9174379859311366,1.733779695602431,-0.4512740239413177,0.9690641858342836,-0.7934177945700824
2022-08-06,2022,5.0,0,12.88,25.96,0.49614791987673346,1.0259311730452252,0.39465820282106706,0.6186914036690089,-0.3881992906803375
2022-08-07,2022,9.0,0,23.48,27.21,0.8629180448364572,1.3906204624904963,0.20529565866561952,1.1116241201455104,-0.47082636086453294
2022-08-08,2022,9.0,0,24.2,26.91,0.8992939427722036,0.976198762774653,0.4084311390995075,0.9972382221983824,0.02371366838678668
2022-08-09,2022,11.0,0,21.75,25.58,0.8502736512900704,1.7876229277238505,-0.6090269804442228,1.5972822589022473,-0.9411368240931104
2022-08-10,2022,8.0,0,19.67,25.19,0.7808654227868201,2.6960917858863507,0.5432302083636431,4.2138464079003475,3.8255809877170326
2022-08-11,2022,4.0,0,10.31,24.69,0.4175779667881733,0.7761507005880945,-0.20530400174178834,0.8973217614576746,-0.42327335267871763
2022-08-12,2022,3.0,0,4.63,23.89,0.19380493930514858,1.7057813421709136,-0.27360239031557415,1.6223310227118708,1.5554773632253707
2022-08-13,2022,12.0,0,24.72,26.68,0.9265367316341829,1.0878523221526541,-0.14128367069649084,0.9637928191633607,-0.4533345161666915
2022-08-14,2022,11.0,0,26.61,26.76,0.9943946188340806,1.036950507850607,0.3621671740993147,0.7993711102732286,-0.31238058771604865
2022-08-15,2022,11.0,0,25.35,26.12,0.97052067381317,1.3746849823750291,-0.35107022322724585,1.4300468967631457,-1.1539323001168806
2022-08-16,2022,5.0,0,13.99,23.23,0.602238484718037,1.1789863999973231,0.45179563549551416,0.5266314457653226,0.4111103781472914
2022-08-17,2022,6.0,0,14.74,25.01,0.5893642542982807,2.207878931396088,0.4741963276013232,1.0363586670402463,-0.5780128440901535
2022-08-18,2022,11.0,0,25.78,26.53,0.9717301168488504,1.3631438327831096,-0.6578612478482309,1.3690716515980992,-0.846333922377303
2022-08-19,2022,7.0,0,22.18,25.68,0.8637071651090342,0.8673524285348079,0.5477787857535813,1.1256647753003712,0.7587638954199907
2022-08-20,2022,7.0,0,21.0,24.82,0.846091861402095,1.2251373256163078,-0.20554637371843043,0.8135613111431381,-0.41364126984329924
2022-08-21,2022,10.0,0,22.58,25.04,0.9017571884984025,1.1809186275264136,-0.4532079672631242,0.9226557989356985,-0.38509453546249794
2022-08-22,2022,8.0,0,4.75,22.45,0.2115812917594655,4.609157867864671,0.9002202012747537,4.349068064644609,4.084937734271802
2022-08-23,2022,11.0,0,20.86,26.03,0.8013830195927775,1.342205445875989,-0.6842689174331168,1.1798044784327975,-0.7262305599925956
2022-08-24,2022,13.0,0.1999999999999993,23.8,24.72,0.9627831715210357,1.6257047169130046,-0.6333032690112421,1.6207263371897793,-1.051893848638014
2022-08-25,2022,4.0,0,7.7,22.91,0.3360977738978612,0.7845310186846505,-0.514170749064625,0.5632082349759795,-0.1350137619388736
2022-08-26,2022,5.0,0,8.42,22.21,0.37910850968032417,0.656850589544,-0.03066193023917707,0.903994437595585,0.7016178156945662
2022-08-27,2022,7.0,0,20.64,23.68,0.8716216216216216,0.8953151137089791,0.395157995965715,0.7044143022308855,-0.4577250000441116
2022-08-28,2022,12.0,0,24.3,25.11,0.967741935483871,0.5723155271318221,0.02243660917296027,0.6064746753054165,0.06072026728511837
2022-08-29,2022,12.0,0,23.89,24.67,0.968382650993109,0.8578130716925089,0.01616695219840188,0.9355473628640472,-0.7842143883482086
2022-08-30,2022,9.0,0,14.28,23.38,0.6107784431137725,1.053882113236428,0.39282835598706506,1.3099615846410217,1.0276939664891411
2022-08-31,2022,8.0,0,18.8,23.15,0.8120950323974083,0.8034877207457761,0.44678684942309915,0.47377891865495825,0.18325340083083633
2022-09-01,2022,10.0,0,20.54,23.61,0.869970351545955,0.8894150450449708,0.4489737734073942,0.7328885183900149,0.010403353599407694
2022-09-02,2022,11.0,0,21.92,23.84,0.9194630872483223,0.7575210728414378,0.09211043994207972,0.5266213104722189,-0.16668061771490747
2022-09-03,2022,9.0,0,22.57,23.88,0.945142378559464,0.5302666865835431,-0.08484377121055031,0.5846941037472255,-0.5094638813995344
2022-09-04,2022,10.0,0,23.45,23.84,0.9836409395973155,0.7515437982938515,0.05765302141371261,0.7023926585441204,-0.5213189335338052
2022-09-05,2022,11.0,0,22.56,23.22,0.9715762273901809,0.7725299789283064,0.1990035288202363,0.8619233931144897,-0.7021012736081987
2022-09-06,2022,14.0,1.1999999999999993,20.11,21.76,0.924172794117647,1.1780494525976788,-0.6440001801193168,1.2180979662543865,-0.9970816772633301
2022-09-07,2022,11.0,0,20.36,22.19,0.917530419107706,0.9606680922058788,0.062191543694694484,0.9116081682282249,-0.5579297905236853
2022-09-08,2022,12.0,0,22.44,22.85,0.9820568927789934,1.3009927389391969,0.4725366184141186,1.3219667679987872,-0.2839322776672063
2022-09-09,2022,8.0,0,21.03,21.98,0.956778889899909,2.278995147334016,-0.5914546778895668,1.0277165088581526,0.444603715878977
2022-09-10,2022,9.0,0,17.23,20.74,0.8307618129218901,1.8309219730274122,-0.32610222677295403,1.2946591659754882,-1.0698838388098941
2022-09-11,2022,12.0,0,20.72,21.43,0.9668688754083061,1.7129899892357687,1.2258810784429002,1.2268787660286304,0.5633891578268878
2022-09-12,2022,10.0,0,6.26,19.61,0.3192248852626211,6.593876585394219,1.516543922613199,6.937109631689419,6.738839270154801
2022-09-13,2022,5.0,0,12.59,19.12,0.6584728033472803,1.6290942630129055,1.1307652940454498,2.493426258100669,2.115099397826896
2022-09-14,2022,13.0,0.1999999999999993,20.78,21.07,0.9862363550071191,1.6404541897916327,0.30841583926005106,1.515714977293365,-0.9784073365697546
2022-09-15,2022,6.0,0,15.78,20.57,0.7671366067087991,1.559393388940052,0.3925022516787789,0.6315227638363544,0.2612894133244807
2022-09-16,2022,11.0,0,20.83,20.93,0.9952221691352126,0.9367706936388043,-0.029099735497435757,1.1293705281172137,-0.9747593872230773
2022-09-17,2022,11.0,0,20.72,20.81,0.9956751561749159,0.9371115056268153,0.13194727111573087,1.2225160775434067,-0.6510127983699269
2022-09-18,2022,12.0,0,19.45,20.07,0.9691081215744892,1.1228801070877454,0.3082119187867625,1.2532777060722549,-0.8416519451905238
2022-09-19,2022,11.0,0,18.03,19.31,0.933713102019679,0.7062209728536974,0.03724730649337915,1.013851849665638,-0.8364841166929947
2022-09-20,2022,9.0,0,16.11,18.87,0.8537360890302066,0.9474989729042999,0.29473089290689264,0.7077536621087479,-0.47999813112008677
2022-09-21,2022,13.0,0.1999999999999993,19.94,20.11,0.9915464942814521,0.8813013653694376,0.13651729520172498,1.109559384245978,-0.889703055718492
2022-09-22,2022,11.0,0,18.7,19.73,0.947795235681703,1.1207558233449733,-0.4383264023349385,1.3187114201038137,-1.0315505107077307
2022-09-23,2022,11.0,0,16.17,18.69,0.8651685393258427,1.1857631735884788,0.5975075410928136,0.899653772619398,0.4591525902874108
2022-09-24,2022,11.0,0,18.16,19.04,0.9537815126050421,1.0351847811234052,0.00835410138809145,0.8795400834295625,-0.5504003336478398
2022-09-25,2022,12.0,0,16.99,18.71,0.9080705505077498,1.061874748233587,-0.23593095238086548,0.5642797485765746,-0.24700707584616013
2022-09-26,2022,10.0,0,17.52,18.32,0.9563318777292577,1.0516150909475137,0.5568932573988011,0.8645421740694844,0.2856269711890225
2022-09-27,2022,11.0,0,15.91,18.23,0.8727372462973121,2.853966867960714,0.8935382851152142,4.0602108793405876,3.588103502995496
2022-09-28,2022,6.0,0,10.65,17.29,0.6159629843840371,2.548205412549175,0.8979997536685421,4.127328769175153,4.07123232475143
2022-09-29,2022,11.0,0,12.81,17.55,0.7299145299145299,2.438380255281169,1.1141373848606582,3.663403393074561,3.4566046618723085
2022-09-30,2022,9.0,0,5.76,17.01,0.3386243386243386,5.049046264013981,1.7981047906674918,6.150844173782595,6.094864285470233
2023-05-01,2023,8.0,0,13.86,25.59,0.5416178194607268,3.745392965958603,-0.6421398096404566,0.9978320633747543,0.743422792524339
2023-05-02,2023,6.0,0,14.82,26.23,0.5650019062142585,2.5903968969936804,0.7095281595672781,1.1714997806564806,1.059777419477743
2023-05-03,2023,6.0,0,14.11,27.77,0.5081022686352179,1.2268163011352642,-0.022905970194619485,0.3644553339827069,-0.2712579535232245
2023-05-04,2023,6.0,0,13.09,26.3,0.4977186311787072,1.2415834528631218,0.5499355055873154,0.7561200426236127,-0.10220737366529435
2023-05-05,2023,7.0,0,13.45,25.54,0.5266249021143304,0.7780493694736635,-0.4933038006863831,0.832467501550269,-0.5885846395542392
2023-05-06,2023,8.0,0,16.23,27.29,0.5947233418834739,0.6322422387505006,0.33956425601367085,0.5278979016903966,0.2589913263223013
2023-05-07,2023,9.0,0,18.62,27.95,0.6661896243291593,1.2941261286185313,0.09010139117857745,1.098549537419306,0.1076376904344647
2023-05-08,2023,10.0,0,19.13,27.4,0.6981751824817518,1.320156824607015,-0.03333967392949807,1.115900805924204,-0.8762729803338626
2023-05-09,2023,12.0,0,16.33,26.52,0.615761689291101,0.9659812787798093,0.049704772081116864,1.0656537132484636,-0.17974876313509291
2023-05-10,2023,13.0,0.1999999999999993,26.68,28.59,0.9331934242742218,1.2495384164679653,-0.9046278470222598,1.6208916615184705,-1.3281646112819583
2023-05-11,2023,14.0,1.1999999999999993,27.5,28.11,0.9782995375311277,1.1387210380840493,0.7252503262469978,0.44312126780498406,-0.14223279354905807
2023-05-12,2023,11.0,0,23.37,26.84,0.870715350223547,0.9841470734353155,0.15275193277409324,0.8616578049829271,-0.17850922761536067
2023-05-13,2023,7.0,0,21.51,26.32,0.8172492401215806,0.7234534944437705,0.3279248749457411,0.6306667052489267,-0.39841732514734396
2023-05-14,2023,10.0,0,19.27,26.07,0.7391637897967012,0.8689009276064119,-0.21125735656785402,0.585418069887253,-0.18372930565499956
2023-05-15,2023,6.0,0,15.08,28.15,0.5357015985790409,2.485846846739246,0.5844092269291753,1.1562365139812851,1.0924073648836856
2023-05-16,2023,7.0,0,21.66,28.39,0.7629446988376188,1.6058761960939503,0.1920487690141992,0.9434146336283047,-0.7223608709440607
2023-05-17,2023,10.0,0,14.4,27.72,0.5194805194805195,0.9197716133328097,-0.11410265476269799,1.084385169181865,-0.0036970541128778698
2023-05-18,2023,13.0,0.1999999999999993,27.36,28.6,0.9566433566433565,1.7072003399923807,0.5168455980956081,1.1436220210170445,-0.6155661982343984
2023-05-19,2023,8.0,0,16.88,26.76,0.6307922272047832,1.6479962207399976,0.7239965604384507,0.5711677687328016,-0.028938999682913174
2023-05-20,2023,9.0,0,19.04,28.36,0.6713681241184767,1.4916483116072632,1.2297113323439683,1.3123511490243167,0.8257112366217166
2023-05-21,2023,10.0,0,15.87,26.0,0.6103846153846153,1.6479558030477317,0.1111708589355463,1.4996584027593884,0.01451434957873706
2023-05-22,2023,9.0,0,14.45,27.28,0.5296920821114369,3.11516256479992,1.4453051317516104,5.412638837476148,4.667194107872551
2023-05-23,2023,8.0,0,21.04,30.44,0.6911957950065702,1.0376747602618273,0.19542868166400465,1.2983996097095314,-1.0134253627016587
2023-05-24,2023,10.0,0,27.14,30.38,0.8933508887425938,1.0607477265140866,-0.6683552231569027,1.1824022218769883,-0.969488463478332
2023-05-25,2023,7.0,0,17.17,28.47,0.6030909729539867,2.0016977758883883,0.6973739598246843,3.6120060521380006,3.308665481585429
2023-05-26,2023,8.0,0,19.03,29.25,0.6505982905982907,0.8960613709708055,0.24643925805675915,0.7135869963737346,3.429016169379887e-05
2023-05-27,2023,11.0,0,25.81,30.09,0.8577600531738119,1.258434548170895,-0.3185831091807569,0.619722785447282,-0.4315528130474971
2023-05-28,2023,10.0,0,9.73,28.42,0.3423645320197044,3.370689008234333,-1.9868448763340538,1.0860428654813563,-0.4475176459594466
2023-05-29,2023,7.0,0,15.11,29.05,0.5201376936316695,1.4308895301452964,0.9574064672468926,0.5729840897956527,0.1572208136889124
2023-05-30,2023,12.0,0,25.38,31.62,0.8026565464895635,1.326987638646397,-0.3012071286930116,0.9221813257252728,-0.22437164041279148
2023-05-31,2023,8.0,0,24.82,31.16,0.7965340179717587,0.7649020758407761,0.09336203490595969,0.7752162297654321,-0.6453161650611327
2023-06-01,2023,8.0,0,19.1,30.35,0.6293245469522241,1.3288066538707293,-0.7453661289559862,1.1536564156922262,-0.8580401735104708
2023-06-02,2023,11.0,0,30.85,31.49,0.9796760876468721,1.3741268283586585,0.20259254079698627,1.3322724937950912,-0.7305065980256256
2023-06-03,2023,13.0,0.1999999999999993,31.2,32.01,0.9746954076850984,1.0411038021118715,-0.07138746702585379,1.2864359125325213,-0.841621458105901
2023-06-04,2023,14.0,1.1999999999999993,30.23,31.09,0.9723383724670313,0.9435718382073714,-0.3520575865344309,1.146350174361842,-0.6431253191490711
2023-06-05,2023,13.0,0.1999999999999993,30.16,30.77,0.9801754956126097,0.998156052084426,0.5602484355859233,0.7844565593360121,-0.3291593427224922
2023-06-06,2023,12.0,0,28.0,30.18,0.927766732935719,0.7404547939063876,0.013581573954021486,0.7853462175542336,-0.3496671185324409
2023-06-07,2023,12.0,0,28.59,30.77,0.9291517712057199,0.8408526767765597,0.05791058935038196,1.1279773846948362,-0.6775078889700955
2023-06-08,2023,13.0,0.1999999999999993,25.22,30.38,0.8301514154048716,0.9957591124494306,-0.023297502630714707,1.681088035654952,1.3881649696569354
2023-06-09,2023,11.0,0,25.88,28.4,0.9112676056338028,0.7765931649853357,0.1373714796885137,0.9192878922202399,-0.5281946131045565
2023-06-10,2023,14.0,1.1999999999999993,30.42,30.62,0.9934683213585892,0.9803113113893874,0.499353612736728,0.7439484102126646,-0.27259839675370284
2023-06-11,2023,11.0,0,25.58,30.76,0.8315994798439531,0.9449895499874972,0.3078747910162827,0.4757078445277663,-0.01918965218555139
2023-06-12,2023,6.0,0,17.82,29.79,0.5981873111782477,1.5919434009960511,0.8468780292089814,2.5582821392649193,2.1737158563530357
2023-06-13,2023,11.0,0,28.53,31.22,0.9138372837924408,1.3415784601515968,0.01941018996730041,1.242103531104943,-1.0107017419951643
2023-06-14,2023,8.0,0,22.07,28.72,0.7684540389972145,0.8466379788173422,0.03404865885468992,0.6872034117637378,0.4041951387899048
2023-06-15,2023,5.0,0,12.56,26.47,0.4744994333207405,0.7586986687825719,0.5499091585457468,0.8547993892279564,0.7124920071350234
2023-06-16,2023,9.0,0,21.26,28.43,0.7478016180091454,2.9900270161759646,-0.41297093817607894,0.878624912070877,-0.7265564182440176
2023-06-17,2023,13.0,0.1999999999999993,29.9,31.24,0.9571062740076824,1.377916903802296,0.0851122346604883,1.4050014165479483,-0.9343112770187343
2023-06-18,2023,15.0,2.1999999999999993,28.34,30.96,0.9153746770025839,1.2533650161447187,0.06493812999668114,0.8825864899962618,-0.5308162799676133
2023-06-19,2023,12.0,0,22.87,28.65,0.7982547993019198,1.0598402163489704,0.03510775377143179,0.9919393871956341,-0.791224046450773
2023-06-20,2023,10.0,0,16.86,26.45,0.637429111531191,1.13974201919716,0.43240534719064466,0.9147449213009503,0.8156845117985286
2023-06-21,2023,10.0,0,22.2,28.15,0.7886323268206039,1.4026205879681393,0.6409444172089093,0.8789508421584569,0.15167102763535154
2023-06-22,2023,11.0,0,23.03,28.84,0.7985436893203884,1.502683466036768,-0.5746556737379507,1.0566417382476785,-0.8139652436313215
2023-06-23,2023,11.0,0,24.23,30.12,0.8044488711819389,1.2744545062698591,-0.3533651097611877,0.9690030435822227,-0.1447345941692054
2023-06-24,2023,7.0,0,12.4,29.3,0.4232081911262799,3.2361840829193245,0.27767422487510274,3.358882559540931,2.2274638364718
2023-06-25,2023,10.0,0,27.87,31.28,0.8909846547314578,0.9619588484327102,0.09866704802322686,0.8991498106437298,-0.3397062343281109
2023-06-26,2023,5.0,0,9.18,28.57,0.32131606580329014,2.441154548239634,0.7157354468148002,2.557837427430205,2.4976451473999304
2023-06-27,2023,15.0,2.1999999999999993,32.22,32.46,0.9926062846580406,1.8343128184755266,0.021187123745946963,1.5603906630196884,-0.838138274385738
2023-06-28,2023,15.0,2.1999999999999993,27.6,30.72,0.8984375000000001,1.1445857723530273,0.5815729699337946,0.4824512314524637,0.33055434134980527
2023-06-29,2023,10.0,0,16.42,28.11,0.584133760227677,2.5411120373357194,-0.08795639983777963,2.921613438420258,2.666009907569277
2023-06-30,2023,10.0,0,23.82,30.33,0.7853610286844709,1.908115445958686,0.1105941926019205,0.9292555893327695,-0.3329478321661128
2023-07-01,2023,5.0,0,14.08,29.65,0.4748735244519393,1.0656334216976016,0.671608889613768,0.8815094152835915,0.1672090323416396
2023-07-02,2023,13.0,0.1999999999999993,28.1,31.44,0.8937659033078881,1.4630250784102814,-0.6723472460297238,1.4155435096006013,-0.7312109431587691
2023-07-03,2023,15.0,2.1999999999999993,31.4,31.67,0.991474581622987,1.3011374011442738,-0.11469806619752616,1.2999229996107804,-0.8302879277428286
2023-07-04,2023,9.0,0,20.64,30.39,0.6791707798617966,1.6137683682531976,-1.1287262068882622,1.2432588545527443,-0.864615662093153
2023-07-05,2023,11.0,0,24.7,29.98,0.8238825883922615,1.7182851932716252,1.0952252712020545,2.5879762891317024,2.2024078803498615
2023-07-06,2023,10.0,0,20.5,27.2,0.7536764705882353,1.081407888997919,-0.3449152782850044,1.2367656004901804,-0.9017928992363494
2023-07-07,2023,8.0,0,23.28,28.08,0.8290598290598291,1.7116013600200513,0.3158724947668247,1.0414759411385712,-0.5654106839000654
2023-07-08,2023,4.0,0,10.91,27.02,0.40377498149518876,2.160801978754054,-0.13466184765807507,1.1729436139478628,0.8003408854303498
2023-07-09,2023,6.0,0,8.2,27.08,0.30280649926144754,1.6811092157817664,0.9215226354376186,1.1473919233847567,0.5333279336777027
2023-07-10,2023,10.0,0,18.42,29.41,0.6263175790547434,1.6349377431001717,0.4915680095387029,0.9356488273231408,-0.33434576429457924
2023-07-11,2023,7.0,0,21.19,29.64,0.7149122807017544,0.4933913909131352,-0.07450510607588227,0.5355172077733382,-0.4349773526751874
2023-07-12,2023,10.0,0,30.42,30.82,0.9870214146658015,0.7493653041598759,0.027543036528659155,0.8469227191237403,-0.5038249775915643
2023-07-13,2023,14.0,1.1999999999999993,30.76,31.13,0.9881143591390942,1.1866220283962123,-0.42895946054306405,1.7003086368616247,-1.267251355519231
2023-07-14,2023,12.0,0,29.1,30.44,0.9559789750328516,1.159891315822346,-0.13277747308562451,1.3833567902437243,-1.1090944819292627
2023-07-15,2023,11.0,0,27.72,29.98,0.9246164109406271,1.1815265539230961,0.4405736907812681,1.0029087089093702,-0.810628132209518
2023-07-16,2023,10.0,0,26.11,29.76,0.8773521505376344,1.3650685608347108,-0.2355447207308418,0.5739320549898284,-0.17874113089030175
2023-07-17,2023,9.0,0,19.33,28.36,0.6815937940761636,1.4622272908209215,0.4639259099256332,2.1622261863958596,1.953332012544741
2023-07-18,2023,12.0,0,27.94,29.17,0.9578333904696607,1.1715961320644055,-0.06650523978436447,0.7910928374440018,-0.28789855696977185
2023-07-19,2023,12.0,0,29.14,29.88,0.9752342704149933,0.9035173367748123,-0.27949784752428525,0.9538862684744338,-0.6250787273296096
2023-07-20,2023,11.0,0,19.69,29.16,0.6752400548696845,3.877005314552342,-0.6634021539796313,3.3647090610192643,3.340004361268471
2023-07-21,2023,10.0,0,27.89,29.28,0.9525273224043715,1.0700795294080039,0.4533309803067369,0.5754479705357529,0.13895596447839922
2023-07-22,2023,8.0,0,24.74,27.27,0.9072240557389072,1.243089425567437,-0.26574416901788817,1.198671815307795,-0.9253657516024448
2023-07-23,2023,11.0,0,27.6,29.2,0.9452054794520549,1.12843183166987,-0.7609092301334611,1.248024261051815,-1.0058701838142443
2023-07-24,2023,7.0,0,23.79,28.4,0.8376760563380282,1.2937067138077956,0.2663994815589626,0.56483054901336,-0.46140162376554983
2023-07-25,2023,11.0,0,28.86,29.57,0.97598917822117,0.9369825329454615,-0.021021991440415277,0.6091237781540018,-0.5158230403822243
2023-07-26,2023,14.0,1.1999999999999993,28.53,29.36,0.9717302452316077,0.997991337125849,-0.10544739502121366,1.0963103701966121,-0.7691722991226145
2023-07-27,2023,12.0,0,25.93,28.83,0.8994103364550815,0.8078994586476749,-0.05509210307442972,0.5750751869783485,-0.4291272493787848
2023-07-28,2023,7.0,0,13.63,27.15,0.5020257826887662,2.9273608688938086,-0.6638545137145938,1.7976488702834963,1.691444283273886
2023-07-29,2023,5.0,0,7.74,25.13,0.30799840827695985,2.667214067723412,0.24942721642109777,2.207957899251353,1.800656023440362
2023-07-30,2023,10.0,0,23.15,29.55,0.7834179357021996,1.5796645960899693,0.24357579751617875,1.20547901745294,-0.404533377406232
2023-07-31,2023,12.0,0,27.3,28.78,0.9485753995830438,1.0780184570778057,-0.26416034953631734,1.4955198861836358,-1.1928552894007443
2023-08-01,2023,8.0,0,16.56,27.87,0.5941872981700753,1.901322191916603,1.2780776677106607,3.0387206418578594,2.700746201362643
2023-08-02,2023,13.0,0.1999999999999993,26.88,27.55,0.9756805807622504,0.881580578239009,-0.028886375763127987,0.8196781849512219,-0.3470950512075319
2023-08-03,2023,4.0,0,15.42,26.98,0.5715344699777613,0.8056773231728094,-0.21934344698572858,0.39648184269074094,0.09618511181191398
2023-08-04,2023,14.0,1.1999999999999993,26.63,28.02,0.9503925767309065,1.574200802193449,-0.5877628007471083,1.2490073490927067,-0.6709540905400312
2023-08-05,2023,9.0,0,25.91,27.83,0.93100970176069,0.9886654089292733,0.3820593093920164,0.49553944377166337,0.0399155387632509
2023-08-06,2023,11.0,0,23.08,27.13,0.850718761518614,0.7243279250685342,-0.04841862046032164,0.5265994632102607,-0.4207051061634092
2023-08-07,2023,9.0,0,18.93,24.87,0.761158021712907,1.2050593031333336,0.6788599522216274,1.7395953267585305,1.3625069724688004
2023-08-08,2023,8.0,0,7.67,22.64,0.33878091872791516,4.857139244593951,1.7056424940143768,6.107632337106983,6.002560297825292
2023-08-09,2023,12.0,0,25.29,26.44,0.9565052950075642,1.969270314946874,-0.28181731199975807,1.5303371780212958,-1.0873007777985453
2023-08-10,2023,11.0,0,27.13,27.43,0.98906306963179,0.9030824823923389,-0.28881565798494097,1.008274124366682,-0.8078630819170899
2023-08-11,2023,14.0,1.1999999999999993,25.48,27.0,0.9437037037037037,1.340313437367736,0.10594552948144997,0.8659963955568608,-0.7314567343755071
2023-08-12,2023,9.0,0,17.4,24.25,0.7175257731958762,1.1060779612064278,0.4708594957199425,1.2703522969201975,0.8330987563427771
2023-08-13,2023,10.0,0,19.8,25.08,0.7894736842105264,1.7607504208884448,-0.7080141700248545,1.2166620494713496,-0.9888898745833549
2023-08-14,2023,7.0,0,7.52,24.24,0.3102310231023102,3.3603983730635627,0.18880335321471517,3.286950438952777,3.1193941714534237
2023-08-15,2023,5.0,0,9.55,24.73,0.386170642943793,1.1538814676893099,0.5373923227754948,0.925849842543646,-0.2517874091440362
2023-08-16,2023,12.0,0,26.59,27.18,0.9782928623988226,1.7256421217798819,-0.32402380814409976,1.6382949072370883,-1.3133350924465013
2023-08-17,2023,11.0,0,26.35,26.76,0.9846786248131539,0.9384615370802802,0.1349493937727806,0.714953318482079,-0.5041346586097273
2023-08-18,2023,11.0,0,24.04,25.55,0.9409001956947162,1.5694106376790564,-0.616194581181564,1.4601733315487009,-1.1796672557106362
2023-08-19,2023,8.0,0,23.03,25.33,0.9091985787603634,0.60953882371293,0.20341385038504609,0.3016239189731841,-0.22807935761524867
2023-08-20,2023,11.0,0,25.79,26.31,0.9802356518434056,1.1830826335536753,0.5400937936805619,0.5417729576380917,-0.03096009070613744
2023-08-21,2023,10.0,0,23.3,25.53,0.9126517822169996,0.8959524449666701,-0.20320796726312432,0.6369513349484391,-0.5517612021291646
2023-08-22,2023,12.0,0,25.59,26.01,0.9838523644752017,0.8151980972834615,-0.3580030314212044,0.7086607889189054,-0.03926006525896616
2023-08-23,2023,6.0,0,11.33,23.82,0.47565071368597817,0.8900469972765372,0.047216954127391464,0.6568440914531545,-0.10824697211717253
2023-08-24,2023,10.0,0,20.07,24.38,0.8232157506152584,0.6933535322999472,-0.31945026698154855,0.8887870805652843,-0.5174842489702435
2023-08-25,2023,11.0,0,24.5,25.24,0.9706814580031696,0.7408590165987768,-0.19521955992771853,0.6102632564093292,-0.4129545119985701
2023-08-26,2023,12.0,0,24.38,25.3,0.9636363636363636,1.2213271374322636,0.8264113674259738,0.36652163605219196,0.08388275766695823
2023-08-27,2023,14.0,1.1999999999999993,24.89,25.13,0.9904496617588541,2.5611825821018464,1.8736493252647632,0.8124519705094998,0.25121666657844344
2023-08-28,2023,8.0,0,17.74,23.03,0.7702996092053842,2.3696000329452525,0.07656792487909403,1.8816251053820015,1.707146844856745
2023-08-29,2023,4.0,0,12.46,19.35,0.6439276485788114,0.6803889169991477,0.06094453962168922,0.3541172902404281,0.18303964832837435
2023-08-30,2023,7.0,0,20.9,21.4,0.9766355140186916,1.1524682262702184,0.5509035361380885,0.8814855156506186,-0.4784602482862237
2023-08-31,2023,13.0,0.1999999999999993,23.29,23.56,0.9885398981324278,1.5495654898937838,1.1448476252930393,0.9827299895609045,0.16056275627212693
2023-09-01,2023,9.0,0,22.45,23.18,0.9685073339085418,1.8355723678033655,1.5082430627333205,2.1417960318034956,1.6760296849061334
2023-09-02,2023,10.0,0,18.08,22.15,0.8162528216704289,1.1872611898154062,0.3185852484321942,1.0393219043756907,0.49998731722887274
2023-09-03,2023,10.0,0,20.89,21.98,0.9504094631483166,0.9259805662713607,-0.22853011615986998,1.2575718176504707,-1.0105154237772591
2023-09-04,2023,12.0,0,13.78,21.24,0.6487758945386064,4.163596671448622,0.6025169590297885,5.790522374710235,5.307750613092768
2023-09-05,2023,4.0,0,4.63,19.91,0.23254645906579607,2.19661845236175,0.7484045586840069,2.5743017027326047,1.9871146883848976
2023-09-06,2023,12.0,0,23.2,23.35,0.9935760171306209,1.209192223543703,-0.22071421706451191,1.0612526891475282,-0.8851725157388272
2023-09-07,2023,11.0,0,21.44,22.16,0.9675090252707582,1.405579530417487,0.2434578752845025,0.7740090136246628,-0.6210256338889302
2023-09-08,2023,10.0,0,20.21,21.82,0.9262144821264895,0.6799661561968633,-0.42187991443513867,0.5618621921947099,-0.3941868260545493
2023-09-09,2023,10.0,0,19.93,21.24,0.9383239171374765,0.7982122068788238,-0.42681834736195884,1.096319376378613,-0.9025786884846111
2023-09-10,2023,11.0,0,19.22,21.32,0.9015009380863038,1.1375736631894584,0.5458750561663898,0.5926188630606717,-0.25208024743431484
2023-09-11,2023,12.0,0,15.16,20.52,0.7387914230019493,1.2589388833799298,-0.23245225489043322,1.542010822771068,-0.6032775088397789
2023-09-12,2023,13.0,0.1999999999999993,19.08,20.47,0.93209574987787,4.290195212007958,-1.678492900602843,0.6567972085182994,0.543824384534572
2023-09-13,2023,5.0,0,8.71,19.74,0.44123606889564343,1.998925227682604,0.6724319607121164,1.033175970469192,0.28176606449356295
2023-09-14,2023,6.0,0,12.69,19.72,0.6435091277890467,0.9343673020589437,-0.4484884434624093,0.5171549887884788,-0.1904276884655296
2023-09-15,2023,7.0,0,8.56,19.18,0.44629822732012514,3.206270564881529,0.3259748491807968,2.0849007454699735,1.915948759989672
2023-09-16,2023,7.0,0,16.55,20.4,0.8112745098039217,0.8434144657745067,-0.17760892258927732,0.5302804584660082,0.07666826873682926
2023-09-17,2023,6.0,0,14.03,20.51,0.6840565577766942,0.585070502923633,0.26136517818433824,0.26741780734502346,-0.08237061729268665
2023-09-18,2023,11.0,0,20.57,20.87,0.9856252994729277,0.9082413301164668,0.0012775922212002744,0.5457386739685451,-0.16040317198020068
2023-09-19,2023,12.0,0,19.26,19.71,0.9771689497716896,1.1490706854591077,0.5478169164137672,0.32661137593650164,-0.1852554000287204
2023-09-21,2023,5.0,0,7.44,17.88,0.41610738255033564,0.7787732560879259,0.4435322930263046,0.8829785055624049,0.7475501067749389
2023-09-22,2023,9.0,0,18.37,20.07,0.9152964623816642,1.329372399037211,-0.048024632213434115,0.979375337495704,-0.8288443572457181
2023-09-23,2023,6.0,0,9.96,19.28,0.516597510373444,1.0811528256318699,0.5342465375657771,0.5646624260547577,0.05347717045980005
2023-09-24,2023,7.0,0,6.28,18.39,0.3414899401848831,4.648036178479266,0.6265283675499974,5.408282125406531,5.195199787678646
2023-09-25,2023,7.0,0,16.0,19.94,0.8024072216649949,0.9492148279711711,-0.41887638888883866,1.0546596757141975,-0.6440874609102604
2023-09-26,2023,10.0,0,19.35,19.54,0.9902763561924259,1.1144882222559804,0.2771913795154804,0.7444792054858245,-0.5477063621443113
2023-09-27,2023,7.0,0,18.61,19.17,0.9707876890975481,1.5294741136987187,0.2163425450733182,0.5821601472811717,0.34394465342137615
2023-09-28,2023,12.0,0,18.99,19.16,0.9911273486430062,0.8870335416828772,-0.21563950436223153,0.6376059035855987,-0.41660175167234426
2023-09-29,2023,11.0,0,17.99,18.13,0.9922779922779923,0.8769447859048825,0.0600827447486194,0.8856075111895284,-0.21006200479435932
2023-09-30,2023,8.0,0,15.66,17.16,0.9125874125874126,0.996993531091686,0.49964394985757254,0.7176786411967119,-0.41567619069312717
2024-05-02,2024,9.0,0,15.39,25.21,0.610472034906783,3.7299447719595817,0.3127112399745191,0.6246721441996272,0.25977973638183016
2024-05-03,2024,17.0,4.199999999999999,27.6,27.79,0.9931630082763585,2.073918558462488,0.5303728213862836,1.7047278070963157,-1.3173653364961122
2024-05-04,2024,14.0,1.1999999999999993,24.87,26.77,0.9290250280164364,1.4190427720338084,0.38839239862723457,1.8085330454083743,-0.6771692791084784
2024-05-05,2024,17.0,4.199999999999999,26.49,27.26,0.9717534849596478,1.6765803651115745,0.5578205091836602,0.726146329244673,-0.47047676489844353
2024-05-06,2024,8.0,0,22.68,26.65,0.851031894934334,1.120908502942623,0.2978819656549483,0.5707656111055758,0.42901128038619046
2024-05-07,2024,5.0,0,15.61,26.34,0.5926347760060744,1.4959638977849092,0.568168784824923,0.5042390636605678,0.22853017649973553
2024-05-08,2024,13.0,0.1999999999999993,24.76,26.79,0.9242254572601718,1.5736260770307104,-0.3027336418348637,1.5848116590688275,-1.0478925200702502
2024-05-09,2024,11.0,0,29.13,29.74,0.9794889038332213,1.0386294011714186,0.3536963487551425,0.8988092447092768,-0.5212674915975549
2024-05-10,2024,20.0,7.199999999999999,29.66,30.44,0.9743758212877792,2.294786016845718,-0.22143947585916143,0.6410941640664171,-0.2269992288796067
2024-05-11,2024,13.0,0.1999999999999993,29.91,30.23,0.9894144889182931,1.8403474464792275,-0.9747780188427387,1.1751096864090802,-0.8170260568787597
2024-05-12,2024,9.0,0,27.82,29.06,0.9573296627666896,1.433575116017784,-0.21528706554595192,0.8292675876012547,-0.0360603704275384
2024-05-13,2024,11.0,0,25.48,28.03,0.9090260435247949,2.6935909752568965,-0.1282164255579734,1.6722189287119453,-0.6687689028871677
2024-05-14,2024,5.0,0,12.48,25.25,0.49425742574257425,0.624307299537278,0.37589657799653536,0.6244627914172183,0.4103394707364056
2024-05-15,2024,12.0,0,16.11,19.45,0.8282776349614396,1.0026762802836078,-0.2840003813446324,1.2137503511519312,-0.9764281597136263
2024-05-16,2024,14.0,1.1999999999999993,19.4,20.13,0.9637357178340785,0.8029449772343911,-0.07435947148151101,1.2084357593864716,-0.6698661568988626
2024-05-17,2024,6.0,0,19.37,26.54,0.7298417483044461,1.3759026132774654,0.8841797776606576,1.7815627903929891,1.7671745751738683
2024-05-18,2024,9.0,0,18.72,26.0,0.72,1.4446399455234915,0.35095446382659007,1.7188773629607803,-0.8450563746432772
2024-05-19,2024,12.0,0,24.19,28.03,0.8630039243667499,1.3928457326117953,-0.8464960013191526,1.5962835612348172,-1.2879405733932654
2024-05-20,2024,9.0,0,21.85,26.78,0.8159073935772965,1.4472891941316215,0.9417204397086584,0.6224816701834874,0.49639624795419596
2024-05-21,2024,8.0,0,8.4,22.93,0.3663323157435674,4.071078023679128,1.1921230800755054,3.3246676563011075,3.1486169847756007
2024-05-22,2024,13.0,0.1999999999999993,24.42,27.67,0.882544271774485,1.6721844621476492,-0.2893292628335448,1.0346041469751657,-0.4176495477235272
2024-05-23,2024,9.0,0,21.48,26.45,0.8120982986767487,2.0454083504701575,0.45264696582545527,1.8426947534865756,1.5107937162028342
2024-05-24,2024,10.0,0,22.61,26.89,0.8408330234287839,1.8275581283603954,0.4605342283209775,1.0606029789442009,-0.4638112167827219
2024-05-25,2024,10.0,0,16.67,27.36,0.6092836257309943,1.7252216979011894,1.005965739237616,3.282075161924995,3.208376196035452
2024-05-26,2024,15.0,2.1999999999999993,11.98,26.63,0.4498685692827638,3.718714733661751,-1.554273906662436,1.9928571847975316,-1.1003123617071033
2024-05-27,2024,10.0,0,21.74,30.26,0.7184401850627891,1.4115104455747987,-0.2754099654102906,1.154918672198214,-0.9475176459594467
2024-05-28,2024,14.0,1.1999999999999993,31.7,32.37,0.9793018226753167,1.8609052747806163,-0.16852039883954828,1.9469586727787636,-1.352225039288842
2024-05-29,2024,9.0,0,21.36,30.41,0.7024005261427162,1.6958337620275734,-0.27798867985309245,0.958498647802767,-0.7932787303095937
2024-05-30,2024,6.0,0,10.7,29.07,0.3680770553835569,1.603923544521056,0.7887715261794691,2.5684254149078667,2.1410128762041505
2024-05-31,2024,11.0,0,15.85,28.23,0.5614594403117251,1.4878606557377014,-0.7172604591542615,1.6031665447560433,-1.2360122307256176
2024-06-01,2024,12.0,0,24.1,29.79,0.8089963074857336,1.0835702411801458,-0.6236869251911665,1.4933025686531605,-1.2060071978461366
2024-06-02,2024,12.0,0,28.47,30.78,0.9249512670565302,1.5792928697808513,0.5462833637710068,0.8552217980197034,-0.3666249356874995
2024-06-03,2024,9.0,0,20.78,29.95,0.693823038397329,3.334742724829157,0.9513520945087629,5.183488886987018,4.407288834275032
2024-06-04,2024,7.0,0,18.59,31.28,0.594309462915601,1.6101195816891603,0.7167473882885264,0.7907111082669419,-0.1515986204403159
2024-06-05,2024,11.0,0,30.74,31.57,0.9737092176116566,1.2798356147134644,0.047171998346743425,1.3086472144750467,-0.7094170808769581
2024-06-06,2024,12.0,0,30.46,31.35,0.9716108452950558,1.1766637547016894,-0.4837560773162856,1.4579861787881072,-1.1775078889700967
2024-06-07,2024,14.0,1.1999999999999993,25.13,30.36,0.827733860342556,1.5021640324463945,-0.5475798086268505,1.1602577803411316,-0.6175840585705336
2024-06-08,2024,10.0,0,22.92,29.97,0.7647647647647648,0.7057654331996764,-0.2879956245255939,1.083392297425671,-0.8892678300950507
2024-06-09,2024,10.0,0,28.12,31.0,0.9070967741935484,0.9597763074743905,0.13049067576432938,1.1518590399473383,-0.718522664347884
2024-06-10,2024,10.0,0,25.68,30.7,0.8364820846905537,0.6659247887562704,-0.2845077657427731,0.441257711717359,-0.3810815019868639
2024-06-11,2024,10.0,0,23.2,29.44,0.7880434782608695,1.1475902752200635,0.6336856042371902,1.9740050945653222,1.7895264272550577
2024-06-12,2024,9.0,0,25.49,29.99,0.8499499833277759,0.9685417152503102,0.3370990609333407,0.6935291339172099,0.27611601493524535
2024-06-13,2024,6.0,0,17.38,28.23,0.6156571023733616,1.0932139660169382,0.8484531608076843,0.350985654755742,0.17814635409242818
2024-06-14,2024,8.0,0,20.81,27.83,0.7477542220625225,0.9806023941882838,0.6599397512361813,0.5695535887408345,0.4069500824203723
2024-06-15,2024,8.0,0,21.02,27.56,0.762699564586357,1.4296946000212372,-0.7143075006009579,1.0284056160170898,-0.5902723717724593
2024-06-16,2024,10.0,0,18.32,26.66,0.687171792948237,1.5395760453677592,0.264188898456786,0.9111645231919459,-0.02639329001441008
2024-06-17,2024,11.0,0,22.31,29.17,0.7648268769283509,1.8947090714528148,-1.0565237697369678,1.6210460348172009,-1.1589091849148403
2024-06-18,2024,10.0,0,22.95,30.3,0.7574257425742574,1.1230611693644168,0.14446695151979064,1.1172804085035497,-0.6871311498200878
2024-06-19,2024,8.0,0,18.09,30.76,0.5881014304291287,1.9043928828195744,0.45831400263683975,1.1732100282338953,0.9192142761054889
2024-06-20,2024,9.0,0,31.8,32.69,0.9727745487916795,0.8138421919287051,-0.03565002451198174,0.8635149360949202,-0.7134960751281832
2024-06-21,2024,13.0,0.1999999999999993,30.87,32.09,0.961981925833593,1.2233259436039425,-0.12082768866893501,1.4315203414303084,-0.7498377121703506
2024-06-22,2024,14.0,1.1999999999999993,31.26,31.67,0.9870539943163877,1.4648292098260534,-0.5276869502635427,1.7829210631297208,-1.2145106956092924
2024-06-23,2024,12.0,0,31.07,31.53,0.9854107199492547,1.3110547558910233,-0.08946323354744345,1.259776429396138,-0.610061994619772
2024-06-24,2024,11.0,0,28.63,31.2,0.9176282051282051,1.2672354454522574,0.5668670861588839,1.0303683275367486,0.026323142239078834
2024-06-25,2024,9.0,0,23.06,30.59,0.7538411245505067,0.8022521398654037,0.1716571375999738,0.49328264754095674,0.29576126531987396
2024-06-26,2024,6.0,0,19.92,28.57,0.6972348617430872,1.6343417159434082,1.141808182831712,0.4750248082223554,0.03141135691237196
2024-06-27,2024,12.0,0,26.57,28.76,0.9238525730180807,0.7686356686437864,-0.10486091096115979,0.37491611232943467,0.2311101397465111
2024-06-28,2024,9.0,0,24.19,27.74,0.872025955299207,0.7360232651252417,-0.41391606962164085,0.849226685546867,-0.7005910831876511
2024-06-29,2024,10.0,0,27.01,30.28,0.8920079260237781,0.754877076618152,0.09450189426186488,0.3201528431737015,-0.16628116549944494
2024-06-30,2024,4.0,0,15.85,29.99,0.5285095031677226,1.5876931859341494,0.5372871116910142,1.6627193940552287,1.6337672258733111
2024-07-01,2024,6.0,0,16.45,29.41,0.5593335600136008,2.0564465586898066,1.2217371684991019,1.6604920651631814,1.2009795646959525
2024-07-02,2024,7.0,0,6.4,28.79,0.22229940951719349,4.249306226949927,0.3548075691078207,5.834583715249223,5.734754522608902
2024-07-03,2024,10.0,0,28.24,30.27,0.9329369012223323,1.2758399511712044,0.13011902938341194,1.2818893668149889,-0.8310544393627636
2024-07-04,2024,10.0,0,26.22,30.4,0.8625,1.6339129765201155,0.2949017616988366,1.14145611692215,-0.49781101786376425
2024-07-05,2024,7.0,0,20.62,29.17,0.706890641069592,1.3770709227675033,-0.3991576482380898,0.8471751803647405,-0.4319667416360087
2024-07-06,2024,11.0,0,15.4,29.23,0.5268559698939446,3.6530646164810823,1.2989080136377167,5.827549096534254,4.868393642970742
2024-07-07,2024,11.0,0,27.78,29.62,0.937879810938555,1.4424233471820749,0.5046799189402921,1.1207046085672872,-0.6323958983998738
2024-07-08,2024,14.0,1.1999999999999993,26.18,29.99,0.8729576525508503,1.6405436644437283,-0.8497805173122228,1.4771457632626637,-1.2000125991964719
2024-07-09,2024,6.0,0,17.13,28.74,0.5960334029227558,1.6126661927816515,0.3782741390565542,2.76979520691084,2.0327258747565864
2024-07-10,2024,9.0,0,23.14,28.88,0.801246537396122,0.8113324215014536,0.3669058133449288,0.5131291330811888,-0.2021137391538108
2024-07-11,2024,7.0,0,17.22,29.0,0.5937931034482758,0.9123016704440149,0.00446040462319619,1.3737366759379885,1.063989182352571
2024-07-12,2024,7.0,0,25.75,28.95,0.8894645941278065,1.0571394442375461,0.5463098893930685,0.7796344618535097,-0.6039428745198663
2024-07-13,2024,11.0,0,25.34,27.96,0.9062947067238912,0.8343076397429984,0.2143069414699889,1.0744517684432218,-0.552595123498078
2024-07-14,2024,12.0,0,29.15,30.01,0.971342885704765,1.0639613265875467,0.3439531335961394,1.0656320471838867,-0.8804284597820325
2024-07-15,2024,13.0,0.1999999999999993,26.24,29.49,0.8897931502204137,1.177683154714733,-0.5535523486897458,1.330555014418641,-1.0823634701573905
2024-07-16,2024,8.0,0,25.55,29.66,0.861429534726905,1.4375123787976472,0.7086748828968599,1.5345107434541336,1.0881469741138445
2024-07-17,2024,8.0,0,22.35,29.22,0.7648870636550309,0.9354298522278445,-0.0443368265229093,0.782817249536529,-0.41415459353540324
2024-07-18,2024,10.0,0,23.28,28.45,0.8182776801405977,0.9135224762534007,0.5865295715075397,0.38094306175787773,0.1457677272253246
2024-07-19,2024,9.0,0,15.84,24.47,0.6473232529628117,1.8355830999187082,0.28984721082742054,0.6942581538374522,-0.22181461350761467
2024-07-20,2024,9.0,0,26.24,29.02,0.9042039972432805,0.8751597811044034,-0.2476419699581351,0.8833076404677369,-0.7249396319694389
2024-07-21,2024,8.0,0,22.82,27.56,0.828011611030479,1.2754119158722708,0.48425583098211183,1.0864772507991052,-0.25869908493577815
2024-07-22,2024,8.0,0,21.34,26.74,0.7980553477935677,1.1493008614736544,-0.14429762191524378,1.1995182143150582,-0.7618449821679351
2024-07-23,2024,10.0,0,27.7,28.77,0.9628084810566562,0.765659663612951,-0.4349055025348158,1.0744711368961868,-0.8734308910936406
2024-07-24,2024,11.0,0,26.96,28.79,0.9364362625911775,0.6873899661865969,-0.021021991440415277,0.8789968280206131,-0.3491563737155576
2024-07-25,2024,5.0,0,15.46,27.57,0.5607544432354008,1.625620094623416,1.173649739873376,1.2964577169064115,0.6419622741228755
2024-07-26,2024,12.0,0,23.82,27.98,0.8513223731236598,1.1902125295887174,0.1775184743607389,0.6660053471046358,-0.33201827297144365
2024-07-27,2024,10.0,0,19.73,28.14,0.701137171286425,0.8296294604202344,-0.4126493053065623,1.0567161857546918,-0.22650816675159172
2024-07-28,2024,11.0,0,26.46,28.21,0.9379652605459057,0.7476899597955383,0.08207320945974865,0.7022214073453003,-0.20522341509787148
2024-07-29,2024,8.0,0,21.18,27.45,0.7715846994535519,0.7995448081660524,-0.2551393619870577,1.2354846623183775,-0.7902933685916528
2024-07-30,2024,10.0,0,26.99,27.52,0.9807412790697674,1.3194597249217443,-0.3413061110835063,0.9735555121505152,-0.7440460745006222
2024-07-31,2024,7.0,0,13.17,25.92,0.5081018518518519,1.921665421502693,-0.6368903740865047,1.6425645253794572,1.1756529261923134
2024-08-01,2024,10.0,0,26.59,28.27,0.9405730456314114,0.9356091799511815,-0.15737193666388358,0.637749510717907,-0.25417568041605004
2024-08-02,2024,11.0,0,28.42,28.98,0.9806763285024155,0.8873386488189334,-0.030277812544087162,0.9804444121667495,-0.5688242758505689
2024-08-03,2024,9.0,0,22.58,26.27,0.8595355919299581,0.5789567364316035,0.009261422046825155,0.34428424438589295,-0.28847048677573284
2024-08-04,2024,9.0,0,23.24,26.6,0.8736842105263157,1.0291969798801814,-0.7916237887337966,0.6057714427725495,-0.29341779457008244
2024-08-05,2024,11.0,0,24.81,25.96,0.9557010785824345,0.689299892209973,-0.13175195379365498,0.4831228726187008,-0.25403843949674254
2024-08-06,2024,8.0,0,15.65,26.42,0.5923542770628312,1.1127780032090546,0.16859614103610587,1.1902321343041489,-0.15925306150921395
2024-08-07,2024,3.0,0,6.81,24.6,0.2768292682926829,0.7465505940620819,-0.09996739807794104,0.5526037130575759,0.06346011168448484
2024-08-08,2024,10.0,0,21.57,23.6,0.9139830508474576,0.5690715528730816,0.10543001777798026,0.46466218067931325,-0.2949728703876768
2024-08-09,2024,11.0,0,27.17,27.42,0.9908825674690007,1.092947958607731,-0.2405564229779388,0.5570311817119228,-0.4481594752224147
2024-08-10,2024,11.0,0,23.63,26.7,0.8850187265917603,1.8583320026362455,0.6774342492838424,2.3167951523780648,1.877664946800196
2024-08-11,2024,9.0,0,12.47,25.76,0.484083850931677,2.2620855445366885,-0.15093834164576325,2.099435300858471,1.8330987563427776
2024-08-13,2024,9.0,0,19.23,25.62,0.7505854800936768,1.0694309219831033,-0.5466957777669561,0.8089402905927392,-0.17982654146464583
2024-08-14,2024,13.0,0.1999999999999993,26.51,26.83,0.9880730525531123,1.6356756402529595,-0.9527799607837136,1.0913263678962895,-0.7879805971078273
2024-08-15,2024,8.0,0,23.49,25.74,0.9125874125874126,0.8194744073819069,0.12571091288313538,0.743425940883165,-0.5422233949643326
2024-08-16,2024,12.0,0,24.16,25.34,0.9534333070244673,1.0340877157475064,0.0454697184414532,0.7780868735762327,-0.656025688180307
2024-08-17,2024,9.0,0,24.83,25.48,0.9744897959183673,1.231494854624533,-0.7200682936940065,1.0657822690552452,-0.8742732092177938
2024-08-18,2024,12.0,0,22.2,25.1,0.8844621513944222,3.595773291604119,-1.3094066337443497,1.2360611693203196,0.824547630243794
2024-08-19,2024,3.0,0,8.05,23.18,0.34728213977566874,1.3410872662982602,-0.11785320778408821,1.4786107899031156,0.7036775510195395
2024-08-21,2024,9.0,0,17.94,21.5,0.8344186046511628,1.2873627390131364,0.22108105976743073,1.0234923694609623,-0.5711117156108904
2024-08-22,2024,12.0,0,22.25,23.01,0.9669708822251194,0.8363064380202991,-0.030566091745217665,0.6644066807193791,-0.21649394423434565
2024-08-23,2024,10.0,0,12.89,23.32,0.5527444253859348,1.2776054317417032,0.6570744084528908,0.3523226273533638,0.2549534497656296
2024-08-24,2024,8.0,0,19.57,22.0,0.8895454545454545,0.9194840691796795,0.2633251685374171,0.9322978647959019,-0.7700275238777478
2024-08-25,2024,5.0,0,16.58,22.08,0.7509057971014492,1.2613811737746385,0.7622565356701361,0.9667721654412341,0.5349511490278994
2024-08-26,2024,9.0,0,21.24,23.42,0.9069171648163961,0.8857392888398026,-0.3431301956631286,0.5127861978426267,0.05435357137185667
2024-08-27,2024,10.0,0,15.58,22.93,0.6794592237243785,2.6167587147920224,0.8478937134996846,3.9910929954196144,3.550600222737598
2024-08-28,2024,11.0,0,22.08,23.26,0.9492691315563198,2.0253887049540493,0.7887563778022888,0.8628553320176239,-0.45497430043030224
2024-08-29,2024,10.0,0,9.5,22.17,0.42850699142986015,4.373040393521915,-0.4987092340884451,4.383864975378985,4.030771073876823
2024-08-30,2024,7.0,0,12.13,22.64,0.5357773851590106,1.1246054771742782,0.0888551599118778,0.7912282315559398,-0.6521532742730182
2024-08-31,2024,11.0,0,20.7,24.18,0.8560794044665012,0.9089296706912522,-0.11029551591853363,0.8078140417497224,-0.32188964437398465
2024-09-01,2024,13.0,0.1999999999999993,22.84,23.1,0.9887445887445887,0.7805329387252411,-0.2358391770381473,0.8412398667521579,-0.6666831542691322
2024-09-02,2024,13.0,0.1999999999999993,11.41,19.66,0.5803662258392676,4.70457976160349,-1.008708248800716,3.2901377985248317,2.19910845842158
2024-09-03,2024,7.0,0,12.39,22.65,0.5470198675496689,1.3561153540084294,0.32690386065201876,1.201807835231203,-0.18158992014033024
2024-09-04,2024,16.0,3.1999999999999993,24.03,24.22,0.9921552436003304,1.5635737127565807,-0.3166009277766267,1.3080884643798736,-1.0515412464604108
2024-09-05,2024,15.0,2.1999999999999993,22.55,23.06,0.9778837814397225,1.6603626987588267,-0.22698095533876148,0.6203811590646773,0.27085813196651526
2024-09-06,2024,11.0,0,21.7,22.04,0.984573502722323,1.9103355190394413,-0.14478877493135892,0.8688485545823383,0.10873687614298137
2024-09-07,2024,9.0,0,8.0,20.79,0.3848003848003848,4.997577261717704,1.0578080770083744,7.370977684833525,7.278565189884238
2024-09-08,2024,8.0,0,22.55,22.92,0.9838568935427574,0.5779838122169784,0.11687865544376656,0.4664070876847879,-0.38872961745435636
2024-09-09,2024,11.0,0,22.47,22.75,0.9876923076923076,0.9759498476562246,0.33754172283305567,0.9772741369930442,-0.7520802474343148
2024-09-10,2024,10.0,0,20.39,21.86,0.9327538883806039,1.3082816531369341,-0.8117657679642493,1.5216250989435423,-1.2527312573664808
2024-09-11,2024,8.0,0,18.8,20.86,0.9012464046021094,0.4634979016341495,-0.14509819524277479,0.4891658706152157,-0.40892858387615877
2024-09-12,2024,4.0,0,10.47,19.3,0.5424870466321243,0.5095380951436166,0.029612235236359325,0.6908456867653568,-0.5412538150718168
2024-09-14,2024,4.0,0,8.08,19.33,0.4180031039834455,1.5027327174555083,0.801558336271233,1.87749286247418,1.7853040533274314
2024-09-15,2024,12.0,0,20.97,21.28,0.9854323308270676,1.0058155527911172,0.15386089460885807,0.8158696226106478,-0.6542829678797203
2024-09-16,2024,12.0,0,19.53,19.78,0.987360970677452,1.3986024810594087,0.10606368970200997,1.2648321502774564,-0.9980745679187079
2024-09-17,2024,11.0,0,19.95,20.1,0.9925373134328357,0.8113749654315667,-0.04038907444546669,1.0032449561073953,-0.8270698386468673
2024-09-18,2024,7.0,0,18.78,19.26,0.9750778816199377,1.2560937484140282,0.26991495261699955,0.6129648138614926,0.22526768331657956
2024-09-19,2024,11.0,0,20.43,20.58,0.9927113702623908,1.1421077889209301,0.3648562765158319,1.0245129917667668,-0.8459236417393647
2024-09-20,2024,13.0,0.1999999999999993,19.97,20.03,0.9970044932601098,1.3505470842046519,0.42818396186839064,1.1780146019926734,-0.7230363890518253
2024-09-21,2024,12.0,0,18.51,19.16,0.9660751565762005,0.5489531787902907,0.033189379270975795,0.44402676156916154,0.11709641256126287
2024-09-22,2024,11.0,0,14.96,18.3,0.8174863387978142,1.0795546113887362,0.01417420775948012,0.9334248755492429,-0.7075140763792559
2024-09-23,2024,9.0,0,14.41,17.79,0.8100056211354694,0.6156748659726374,-0.22422543219762167,0.49935800618280785,-0.34426693965126337
2024-09-24,2024,10.0,0,16.67,18.48,0.9020562770562771,0.9729793601306205,0.06872437757830226,1.2900372350608842,0.27216145504429373
2024-09-25,2024,8.0,0,15.28,18.14,0.8423373759647188,1.0543287689706835,0.38008643694571775,1.0736211186954696,0.9951682436178846
2024-09-26,2024,8.0,0,9.04,15.96,0.5664160401002506,3.6172448362580254,1.6877248134171254,3.9237211877088654,3.8216510324815722
2024-09-27,2024,5.0,0,4.94,17.43,0.2834193918531268,2.456731725055917,0.26222201694600616,2.9023551058378887,2.8926936039595232
2024-09-28,2024,6.0,0,12.95,19.48,0.6647843942505133,1.2071897470987842,0.7289234220452075,0.4475030887062504,0.2339055731424716
2024-09-29,2024,7.0,0,18.62,19.21,0.9692868297761582,0.8517035961606526,0.2110152866797763,0.5049041206796587,0.07378333314351397
2024-09-30,2024,10.0,0,18.73,18.99,0.9863085834649816,1.0329888919418244,-0.02259155369640399,1.4488287682521843,-1.2445873567693464
